[2026-04-28 11:52:16] START ds_weather_v2 cases_000 (100 steps, two-turn)
[2026-04-28 11:52:36] ds_weather_v2 cases_000  steps   1-  9: 20.1s  total: 20.1s  (10/100)
[2026-04-28 11:52:55] ds_weather_v2 cases_000  steps  11- 19: 19.8s  total: 39.9s  (20/100)
[2026-04-28 11:53:15] ds_weather_v2 cases_000  steps  21- 29: 19.6s  total: 59.4s  (30/100)
[2026-04-28 11:53:34] ds_weather_v2 cases_000  steps  31- 39: 19.2s  total: 78.6s  (40/100)
[2026-04-28 11:53:54] ds_weather_v2 cases_000  steps  41- 49: 20.3s  total: 98.9s  (50/100)
[2026-04-28 11:54:14] ds_weather_v2 cases_000  steps  51- 59: 19.9s  total: 118.8s  (60/100)
[2026-04-28 11:54:34] ds_weather_v2 cases_000  steps  61- 69: 19.3s  total: 138.1s  (70/100)
[2026-04-28 11:54:53] ds_weather_v2 cases_000  steps  71- 79: 19.7s  total: 157.8s  (80/100)
[2026-04-28 11:55:13] ds_weather_v2 cases_000  steps  81- 89: 19.5s  total: 177.3s  (90/100)
[2026-04-28 11:55:33] ds_weather_v2 cases_000  steps  91- 99: 20.4s  total: 197.7s  (100/100)
[2026-04-28 11:55:34] DONE ds_weather_v2 cases_000  total: 197.7s  (1.98s/step)
[2026-04-28 11:55:34]   tokens: 119,528 in + 4,900 out (reasoning: 0)  cost: $0.0377
[2026-04-28 11:55:34] START ds_weather_v2 cases_001 (100 steps, two-turn)
[2026-04-28 11:55:52] ds_weather_v2 cases_001  steps   1-  9: 18.0s  total: 18.0s  (10/100)
[2026-04-28 11:56:10] ds_weather_v2 cases_001  steps  11- 19: 18.0s  total: 36.0s  (20/100)
[2026-04-28 11:56:28] ds_weather_v2 cases_001  steps  21- 29: 18.3s  total: 54.3s  (30/100)
[2026-04-28 11:56:47] ds_weather_v2 cases_001  steps  31- 39: 18.6s  total: 72.9s  (40/100)
[2026-04-28 11:57:06] ds_weather_v2 cases_001  steps  41- 49: 18.7s  total: 91.7s  (50/100)
[2026-04-28 11:57:24] ds_weather_v2 cases_001  steps  51- 59: 17.9s  total: 109.6s  (60/100)
[2026-04-28 11:57:42] ds_weather_v2 cases_001  steps  61- 69: 18.5s  total: 128.1s  (70/100)
[2026-04-28 11:58:00] ds_weather_v2 cases_001  steps  71- 79: 18.1s  total: 146.2s  (80/100)
[2026-04-28 11:58:18] ds_weather_v2 cases_001  steps  81- 89: 17.9s  total: 164.1s  (90/100)
[2026-04-28 11:58:37] ds_weather_v2 cases_001  steps  91- 99: 18.5s  total: 182.6s  (100/100)
[2026-04-28 11:58:37] DONE ds_weather_v2 cases_001  total: 182.7s  (1.83s/step)
[2026-04-28 11:58:37]   tokens: 117,152 in + 3,600 out (reasoning: 0)  cost: $0.0356
[2026-04-28 11:58:37] START ds_weather_v2 cases_002 (100 steps, two-turn)
[2026-04-28 11:58:55] ds_weather_v2 cases_002  steps   1-  9: 17.4s  total: 17.4s  (10/100)
[2026-04-28 11:59:13] ds_weather_v2 cases_002  steps  11- 19: 18.6s  total: 36.0s  (20/100)
[2026-04-28 11:59:32] ds_weather_v2 cases_002  steps  21- 29: 18.4s  total: 54.4s  (30/100)
[2026-04-28 11:59:50] ds_weather_v2 cases_002  steps  31- 39: 18.4s  total: 72.8s  (40/100)
[2026-04-28 12:00:09] ds_weather_v2 cases_002  steps  41- 49: 19.0s  total: 91.8s  (50/100)
[2026-04-28 12:00:29] ds_weather_v2 cases_002  steps  51- 59: 19.5s  total: 111.4s  (60/100)
[2026-04-28 12:00:48] ds_weather_v2 cases_002  steps  61- 69: 19.1s  total: 130.5s  (70/100)
[2026-04-28 12:01:08] ds_weather_v2 cases_002  steps  71- 79: 20.4s  total: 150.9s  (80/100)
[2026-04-28 12:01:27] ds_weather_v2 cases_002  steps  81- 89: 18.8s  total: 169.7s  (90/100)
[2026-04-28 12:01:45] ds_weather_v2 cases_002  steps  91- 99: 18.3s  total: 188.0s  (100/100)
[2026-04-28 12:01:46] DONE ds_weather_v2 cases_002  total: 188.0s  (1.88s/step)
[2026-04-28 12:01:46]   tokens: 117,152 in + 3,600 out (reasoning: 0)  cost: $0.0356
[2026-04-28 12:01:46] START ds_weather_v2 cases_003 (100 steps, two-turn)
[2026-04-28 12:02:05] ds_weather_v2 cases_003  steps   1-  9: 19.5s  total: 19.5s  (10/100)
[2026-04-28 12:02:28] ds_weather_v2 cases_003  steps  11- 19: 22.4s  total: 41.9s  (20/100)
[2026-04-28 12:02:49] ds_weather_v2 cases_003  steps  21- 29: 21.9s  total: 63.7s  (30/100)
[2026-04-28 12:03:12] ds_weather_v2 cases_003  steps  31- 39: 22.5s  total: 86.2s  (40/100)
[2026-04-28 12:03:35] ds_weather_v2 cases_003  steps  41- 49: 22.7s  total: 108.9s  (50/100)
[2026-04-28 12:03:56] ds_weather_v2 cases_003  steps  51- 59: 21.8s  total: 130.7s  (60/100)
[2026-04-28 12:04:19] ds_weather_v2 cases_003  steps  61- 69: 22.4s  total: 153.1s  (70/100)
[2026-04-28 12:04:42] ds_weather_v2 cases_003  steps  71- 79: 23.2s  total: 176.2s  (80/100)
[2026-04-28 12:05:04] ds_weather_v2 cases_003  steps  81- 89: 22.2s  total: 198.5s  (90/100)
[2026-04-28 12:05:26] ds_weather_v2 cases_003  steps  91- 99: 22.0s  total: 220.5s  (100/100)
[2026-04-28 12:05:27] DONE ds_weather_v2 cases_003  total: 220.5s  (2.21s/step)
[2026-04-28 12:05:27]   tokens: 122,972 in + 6,553 out (reasoning: 0)  cost: $0.0404
[2026-04-28 12:05:27] START ds_weather_v2 cases_004 (100 steps, two-turn)
[2026-04-28 12:05:45] ds_weather_v2 cases_004  steps   1-  9: 18.2s  total: 18.2s  (10/100)
[2026-04-28 12:06:04] ds_weather_v2 cases_004  steps  11- 19: 18.6s  total: 36.8s  (20/100)
[2026-04-28 12:06:22] ds_weather_v2 cases_004  steps  21- 29: 18.3s  total: 55.2s  (30/100)
[2026-04-28 12:06:40] ds_weather_v2 cases_004  steps  31- 39: 17.9s  total: 73.1s  (40/100)
[2026-04-28 12:06:58] ds_weather_v2 cases_004  steps  41- 49: 18.2s  total: 91.3s  (50/100)
[2026-04-28 12:07:17] ds_weather_v2 cases_004  steps  51- 59: 18.6s  total: 109.8s  (60/100)
[2026-04-28 12:07:35] ds_weather_v2 cases_004  steps  61- 69: 18.3s  total: 128.2s  (70/100)
[2026-04-28 12:07:53] ds_weather_v2 cases_004  steps  71- 79: 18.3s  total: 146.4s  (80/100)
[2026-04-28 12:08:11] ds_weather_v2 cases_004  steps  81- 89: 18.3s  total: 164.7s  (90/100)
[2026-04-28 12:08:30] ds_weather_v2 cases_004  steps  91- 99: 18.9s  total: 183.6s  (100/100)
[2026-04-28 12:08:31] DONE ds_weather_v2 cases_004  total: 183.6s  (1.84s/step)
[2026-04-28 12:08:31]   tokens: 117,152 in + 3,600 out (reasoning: 0)  cost: $0.0356
[2026-04-28 12:08:31] START ds_weather_v2 cases_005 (100 steps, two-turn)
[2026-04-28 12:08:50] ds_weather_v2 cases_005  steps   1-  9: 18.9s  total: 18.9s  (10/100)
[2026-04-28 12:09:08] ds_weather_v2 cases_005  steps  11- 19: 18.1s  total: 37.0s  (20/100)
[2026-04-28 12:09:26] ds_weather_v2 cases_005  steps  21- 29: 17.8s  total: 54.8s  (30/100)
[2026-04-28 12:09:44] ds_weather_v2 cases_005  steps  31- 39: 18.7s  total: 73.5s  (40/100)
[2026-04-28 12:10:02] ds_weather_v2 cases_005  steps  41- 49: 17.9s  total: 91.5s  (50/100)
[2026-04-28 12:10:20] ds_weather_v2 cases_005  steps  51- 59: 18.3s  total: 109.7s  (60/100)
[2026-04-28 12:10:39] ds_weather_v2 cases_005  steps  61- 69: 18.5s  total: 128.2s  (70/100)
[2026-04-28 12:10:58] ds_weather_v2 cases_005  steps  71- 79: 18.9s  total: 147.1s  (80/100)
[2026-04-28 12:11:17] ds_weather_v2 cases_005  steps  81- 89: 19.1s  total: 166.2s  (90/100)
[2026-04-28 12:11:35] ds_weather_v2 cases_005  steps  91- 99: 18.1s  total: 184.3s  (100/100)
[2026-04-28 12:11:35] DONE ds_weather_v2 cases_005  total: 184.3s  (1.84s/step)
[2026-04-28 12:11:35]   tokens: 117,314 in + 3,682 out (reasoning: 0)  cost: $0.0357
[2026-04-28 12:11:36] START ds_weather_v2 cases_006 (100 steps, two-turn)
[2026-04-28 12:11:55] ds_weather_v2 cases_006  steps   1-  9: 19.2s  total: 19.2s  (10/100)
[2026-04-28 12:12:17] ds_weather_v2 cases_006  steps  11- 19: 22.4s  total: 41.6s  (20/100)
[2026-04-28 12:12:37] ds_weather_v2 cases_006  steps  21- 29: 20.2s  total: 61.7s  (30/100)
[2026-04-28 12:12:57] ds_weather_v2 cases_006  steps  31- 39: 20.0s  total: 81.8s  (40/100)
[2026-04-28 12:13:19] ds_weather_v2 cases_006  steps  41- 49: 21.2s  total: 103.0s  (50/100)
[2026-04-28 12:13:39] ds_weather_v2 cases_006  steps  51- 59: 20.8s  total: 123.8s  (60/100)
[2026-04-28 12:14:00] ds_weather_v2 cases_006  steps  61- 69: 20.4s  total: 144.2s  (70/100)
[2026-04-28 12:14:22] ds_weather_v2 cases_006  steps  71- 79: 22.5s  total: 166.7s  (80/100)
[2026-04-28 12:14:43] ds_weather_v2 cases_006  steps  81- 89: 21.2s  total: 187.9s  (90/100)
[2026-04-28 12:15:03] ds_weather_v2 cases_006  steps  91- 99: 19.2s  total: 207.1s  (100/100)
[2026-04-28 12:15:03] DONE ds_weather_v2 cases_006  total: 207.1s  (2.07s/step)
[2026-04-28 12:15:03]   tokens: 121,112 in + 5,692 out (reasoning: 0)  cost: $0.0390
[2026-04-28 12:15:03] START ds_weather_v2 cases_007 (100 steps, two-turn)
[2026-04-28 12:15:21] ds_weather_v2 cases_007  steps   1-  9: 17.5s  total: 17.5s  (10/100)
[2026-04-28 12:15:39] ds_weather_v2 cases_007  steps  11- 19: 18.6s  total: 36.0s  (20/100)
[2026-04-28 12:15:58] ds_weather_v2 cases_007  steps  21- 29: 19.2s  total: 55.2s  (30/100)
[2026-04-28 12:16:18] ds_weather_v2 cases_007  steps  31- 39: 19.8s  total: 75.0s  (40/100)
[2026-04-28 12:16:37] ds_weather_v2 cases_007  steps  41- 49: 18.5s  total: 93.5s  (50/100)
[2026-04-28 12:16:55] ds_weather_v2 cases_007  steps  51- 59: 18.7s  total: 112.2s  (60/100)
[2026-04-28 12:17:15] ds_weather_v2 cases_007  steps  61- 69: 19.3s  total: 131.5s  (70/100)
[2026-04-28 12:17:33] ds_weather_v2 cases_007  steps  71- 79: 18.7s  total: 150.1s  (80/100)
[2026-04-28 12:17:52] ds_weather_v2 cases_007  steps  81- 89: 19.1s  total: 169.2s  (90/100)
[2026-04-28 12:18:11] ds_weather_v2 cases_007  steps  91- 99: 18.7s  total: 187.9s  (100/100)
[2026-04-28 12:18:11] DONE ds_weather_v2 cases_007  total: 187.9s  (1.88s/step)
[2026-04-28 12:18:11]   tokens: 118,040 in + 4,048 out (reasoning: 0)  cost: $0.0363
[2026-04-28 12:18:11] START ds_weather_v2 cases_008 (100 steps, two-turn)
[2026-04-28 12:18:30] ds_weather_v2 cases_008  steps   1-  9: 18.6s  total: 18.6s  (10/100)
[2026-04-28 12:18:48] ds_weather_v2 cases_008  steps  11- 19: 18.2s  total: 36.8s  (20/100)
[2026-04-28 12:19:07] ds_weather_v2 cases_008  steps  21- 29: 18.6s  total: 55.3s  (30/100)
[2026-04-28 12:19:25] ds_weather_v2 cases_008  steps  31- 39: 18.1s  total: 73.5s  (40/100)
[2026-04-28 12:19:43] ds_weather_v2 cases_008  steps  41- 49: 18.3s  total: 91.8s  (50/100)
[2026-04-28 12:20:02] ds_weather_v2 cases_008  steps  51- 59: 18.3s  total: 110.1s  (60/100)
[2026-04-28 12:20:20] ds_weather_v2 cases_008  steps  61- 69: 18.3s  total: 128.4s  (70/100)
[2026-04-28 12:20:38] ds_weather_v2 cases_008  steps  71- 79: 18.4s  total: 146.9s  (80/100)
[2026-04-28 12:20:57] ds_weather_v2 cases_008  steps  81- 89: 18.3s  total: 165.1s  (90/100)
[2026-04-28 12:21:15] ds_weather_v2 cases_008  steps  91- 99: 18.3s  total: 183.4s  (100/100)
[2026-04-28 12:21:15] DONE ds_weather_v2 cases_008  total: 183.4s  (1.83s/step)
[2026-04-28 12:21:15]   tokens: 117,164 in + 3,607 out (reasoning: 0)  cost: $0.0356
[2026-04-28 12:21:15] START ds_weather_v2 cases_009 (100 steps, two-turn)
[2026-04-28 12:21:36] ds_weather_v2 cases_009  steps   1-  9: 20.8s  total: 20.8s  (10/100)
[2026-04-28 12:22:03] ds_weather_v2 cases_009  steps  11- 19: 27.0s  total: 47.8s  (20/100)
[2026-04-28 12:22:25] ds_weather_v2 cases_009  steps  21- 29: 21.7s  total: 69.5s  (30/100)
[2026-04-28 12:22:48] ds_weather_v2 cases_009  steps  31- 39: 22.8s  total: 92.3s  (40/100)
[2026-04-28 12:23:09] ds_weather_v2 cases_009  steps  41- 49: 21.7s  total: 114.0s  (50/100)
[2026-04-28 12:23:32] ds_weather_v2 cases_009  steps  51- 59: 22.1s  total: 136.1s  (60/100)
[2026-04-28 12:23:54] ds_weather_v2 cases_009  steps  61- 69: 22.5s  total: 158.7s  (70/100)
[2026-04-28 12:24:16] ds_weather_v2 cases_009  steps  71- 79: 22.1s  total: 180.8s  (80/100)
[2026-04-28 12:24:38] ds_weather_v2 cases_009  steps  81- 89: 22.2s  total: 203.0s  (90/100)
[2026-04-28 12:25:00] ds_weather_v2 cases_009  steps  91- 99: 22.1s  total: 225.1s  (100/100)
[2026-04-28 12:25:01] DONE ds_weather_v2 cases_009  total: 225.1s  (2.25s/step)
[2026-04-28 12:25:01]   tokens: 125,436 in + 7,105 out (reasoning: 0)  cost: $0.0417
[2026-04-28 12:25:01] START ds_weather_v2 cases_010 (100 steps, two-turn)
[2026-04-28 12:25:22] ds_weather_v2 cases_010  steps   1-  9: 20.7s  total: 20.7s  (10/100)
[2026-04-28 12:25:41] ds_weather_v2 cases_010  steps  11- 19: 19.6s  total: 40.3s  (20/100)
[2026-04-28 12:26:00] ds_weather_v2 cases_010  steps  21- 29: 19.0s  total: 59.3s  (30/100)
[2026-04-28 12:26:20] ds_weather_v2 cases_010  steps  31- 39: 19.7s  total: 79.0s  (40/100)
[2026-04-28 12:26:39] ds_weather_v2 cases_010  steps  41- 49: 19.1s  total: 98.1s  (50/100)
[2026-04-28 12:26:59] ds_weather_v2 cases_010  steps  51- 59: 19.6s  total: 117.7s  (60/100)
[2026-04-28 12:27:18] ds_weather_v2 cases_010  steps  61- 69: 19.1s  total: 136.8s  (70/100)
[2026-04-28 12:27:37] ds_weather_v2 cases_010  steps  71- 79: 19.2s  total: 156.0s  (80/100)
[2026-04-28 12:27:56] ds_weather_v2 cases_010  steps  81- 89: 18.6s  total: 174.6s  (90/100)
[2026-04-28 12:28:15] ds_weather_v2 cases_010  steps  91- 99: 19.4s  total: 194.0s  (100/100)
[2026-04-28 12:28:16] DONE ds_weather_v2 cases_010  total: 194.0s  (1.94s/step)
[2026-04-28 12:28:16]   tokens: 117,960 in + 4,008 out (reasoning: 0)  cost: $0.0363
[2026-04-28 12:28:16] START ds_weather_v2 cases_011 (100 steps, two-turn)
[2026-04-28 12:28:34] ds_weather_v2 cases_011  steps   1-  9: 18.8s  total: 18.8s  (10/100)
[2026-04-28 12:28:53] ds_weather_v2 cases_011  steps  11- 19: 18.3s  total: 37.1s  (20/100)
[2026-04-28 12:29:11] ds_weather_v2 cases_011  steps  21- 29: 18.6s  total: 55.7s  (30/100)
[2026-04-28 12:29:31] ds_weather_v2 cases_011  steps  31- 39: 19.3s  total: 75.0s  (40/100)
[2026-04-28 12:29:49] ds_weather_v2 cases_011  steps  41- 49: 18.1s  total: 93.1s  (50/100)
[2026-04-28 12:30:07] ds_weather_v2 cases_011  steps  51- 59: 18.4s  total: 111.5s  (60/100)
[2026-04-28 12:30:25] ds_weather_v2 cases_011  steps  61- 69: 18.0s  total: 129.5s  (70/100)
[2026-04-28 12:30:44] ds_weather_v2 cases_011  steps  71- 79: 18.6s  total: 148.2s  (80/100)
[2026-04-28 12:31:02] ds_weather_v2 cases_011  steps  81- 89: 18.7s  total: 166.9s  (90/100)
[2026-04-28 12:31:20] ds_weather_v2 cases_011  steps  91- 99: 17.8s  total: 184.7s  (100/100)
[2026-04-28 12:31:21] DONE ds_weather_v2 cases_011  total: 184.7s  (1.85s/step)
[2026-04-28 12:31:21]   tokens: 117,080 in + 3,564 out (reasoning: 0)  cost: $0.0355
[2026-04-28 12:31:21] START ds_weather_v2 cases_012 (100 steps, two-turn)
[2026-04-28 12:31:39] ds_weather_v2 cases_012  steps   1-  9: 18.2s  total: 18.2s  (10/100)
[2026-04-28 12:31:57] ds_weather_v2 cases_012  steps  11- 19: 18.3s  total: 36.5s  (20/100)
[2026-04-28 12:32:16] ds_weather_v2 cases_012  steps  21- 29: 19.1s  total: 55.6s  (30/100)
[2026-04-28 12:32:35] ds_weather_v2 cases_012  steps  31- 39: 18.7s  total: 74.3s  (40/100)
[2026-04-28 12:32:53] ds_weather_v2 cases_012  steps  41- 49: 18.4s  total: 92.7s  (50/100)
[2026-04-28 12:33:11] ds_weather_v2 cases_012  steps  51- 59: 18.0s  total: 110.7s  (60/100)
[2026-04-28 12:33:30] ds_weather_v2 cases_012  steps  61- 69: 18.6s  total: 129.3s  (70/100)
[2026-04-28 12:33:49] ds_weather_v2 cases_012  steps  71- 79: 18.8s  total: 148.1s  (80/100)
[2026-04-28 12:34:08] ds_weather_v2 cases_012  steps  81- 89: 18.7s  total: 166.8s  (90/100)
[2026-04-28 12:34:26] ds_weather_v2 cases_012  steps  91- 99: 18.7s  total: 185.6s  (100/100)
[2026-04-28 12:34:27] DONE ds_weather_v2 cases_012  total: 185.6s  (1.86s/step)
[2026-04-28 12:34:27]   tokens: 117,848 in + 3,953 out (reasoning: 0)  cost: $0.0362
[2026-04-28 12:34:27] START ds_weather_v2 cases_013 (100 steps, two-turn)
[2026-04-28 12:34:45] ds_weather_v2 cases_013  steps   1-  9: 18.2s  total: 18.2s  (10/100)
[2026-04-28 12:35:04] ds_weather_v2 cases_013  steps  11- 19: 18.5s  total: 36.8s  (20/100)
[2026-04-28 12:35:22] ds_weather_v2 cases_013  steps  21- 29: 18.6s  total: 55.4s  (30/100)
[2026-04-28 12:35:42] ds_weather_v2 cases_013  steps  31- 39: 19.8s  total: 75.1s  (40/100)
[2026-04-28 12:36:01] ds_weather_v2 cases_013  steps  41- 49: 18.9s  total: 94.0s  (50/100)
[2026-04-28 12:36:20] ds_weather_v2 cases_013  steps  51- 59: 19.0s  total: 113.0s  (60/100)
[2026-04-28 12:36:39] ds_weather_v2 cases_013  steps  61- 69: 18.9s  total: 131.9s  (70/100)
[2026-04-28 12:36:58] ds_weather_v2 cases_013  steps  71- 79: 19.3s  total: 151.2s  (80/100)
[2026-04-28 12:37:18] ds_weather_v2 cases_013  steps  81- 89: 19.7s  total: 170.9s  (90/100)
[2026-04-28 12:37:37] ds_weather_v2 cases_013  steps  91- 99: 19.2s  total: 190.1s  (100/100)
[2026-04-28 12:37:37] DONE ds_weather_v2 cases_013  total: 190.1s  (1.90s/step)
[2026-04-28 12:37:37]   tokens: 117,896 in + 3,976 out (reasoning: 0)  cost: $0.0362
[2026-04-28 12:37:37] START ds_weather_v2 cases_014 (100 steps, two-turn)
[2026-04-28 12:37:58] ds_weather_v2 cases_014  steps   1-  9: 20.4s  total: 20.4s  (10/100)
[2026-04-28 12:38:22] ds_weather_v2 cases_014  steps  11- 19: 23.9s  total: 44.2s  (20/100)
[2026-04-28 12:38:43] ds_weather_v2 cases_014  steps  21- 29: 21.5s  total: 65.7s  (30/100)
[2026-04-28 12:39:05] ds_weather_v2 cases_014  steps  31- 39: 22.0s  total: 87.8s  (40/100)
[2026-04-28 12:39:27] ds_weather_v2 cases_014  steps  41- 49: 21.8s  total: 109.6s  (50/100)
[2026-04-28 12:39:49] ds_weather_v2 cases_014  steps  51- 59: 22.3s  total: 131.8s  (60/100)
[2026-04-28 12:40:12] ds_weather_v2 cases_014  steps  61- 69: 22.3s  total: 154.1s  (70/100)
[2026-04-28 12:40:32] ds_weather_v2 cases_014  steps  71- 79: 20.6s  total: 174.8s  (80/100)
[2026-04-28 12:40:53] ds_weather_v2 cases_014  steps  81- 89: 20.4s  total: 195.2s  (90/100)
[2026-04-28 12:41:12] ds_weather_v2 cases_014  steps  91- 99: 19.7s  total: 214.8s  (100/100)
[2026-04-28 12:41:13] DONE ds_weather_v2 cases_014  total: 214.8s  (2.15s/step)
[2026-04-28 12:41:13]   tokens: 123,188 in + 5,960 out (reasoning: 0)  cost: $0.0398
[2026-04-28 12:41:13] START ds_weather_v2 cases_015 (100 steps, two-turn)
[2026-04-28 12:41:32] ds_weather_v2 cases_015  steps   1-  9: 18.8s  total: 18.8s  (10/100)
[2026-04-28 12:41:49] ds_weather_v2 cases_015  steps  11- 19: 17.7s  total: 36.5s  (20/100)
[2026-04-28 12:42:07] ds_weather_v2 cases_015  steps  21- 29: 17.9s  total: 54.4s  (30/100)
[2026-04-28 12:42:25] ds_weather_v2 cases_015  steps  31- 39: 18.0s  total: 72.3s  (40/100)
[2026-04-28 12:42:43] ds_weather_v2 cases_015  steps  41- 49: 17.9s  total: 90.3s  (50/100)
[2026-04-28 12:43:02] ds_weather_v2 cases_015  steps  51- 59: 18.5s  total: 108.8s  (60/100)
[2026-04-28 12:43:20] ds_weather_v2 cases_015  steps  61- 69: 18.1s  total: 126.8s  (70/100)
[2026-04-28 12:43:37] ds_weather_v2 cases_015  steps  71- 79: 17.4s  total: 144.3s  (80/100)
[2026-04-28 12:43:55] ds_weather_v2 cases_015  steps  81- 89: 18.4s  total: 162.7s  (90/100)
[2026-04-28 12:44:14] ds_weather_v2 cases_015  steps  91- 99: 18.6s  total: 181.3s  (100/100)
[2026-04-28 12:44:14] DONE ds_weather_v2 cases_015  total: 181.3s  (1.81s/step)
[2026-04-28 12:44:14]   tokens: 117,152 in + 3,600 out (reasoning: 0)  cost: $0.0356
[2026-04-28 12:44:15] START ds_weather_v2 cases_016 (100 steps, two-turn)
[2026-04-28 12:44:32] ds_weather_v2 cases_016  steps   1-  9: 17.9s  total: 17.9s  (10/100)
[2026-04-28 12:44:50] ds_weather_v2 cases_016  steps  11- 19: 17.8s  total: 35.7s  (20/100)
[2026-04-28 12:45:09] ds_weather_v2 cases_016  steps  21- 29: 18.8s  total: 54.5s  (30/100)
[2026-04-28 12:45:27] ds_weather_v2 cases_016  steps  31- 39: 18.2s  total: 72.6s  (40/100)
[2026-04-28 12:45:45] ds_weather_v2 cases_016  steps  41- 49: 18.2s  total: 90.8s  (50/100)
[2026-04-28 12:46:03] ds_weather_v2 cases_016  steps  51- 59: 17.9s  total: 108.8s  (60/100)
[2026-04-28 12:46:21] ds_weather_v2 cases_016  steps  61- 69: 17.8s  total: 126.6s  (70/100)
[2026-04-28 12:46:40] ds_weather_v2 cases_016  steps  71- 79: 18.6s  total: 145.2s  (80/100)
[2026-04-28 12:46:58] ds_weather_v2 cases_016  steps  81- 89: 18.7s  total: 163.9s  (90/100)
[2026-04-28 12:47:17] ds_weather_v2 cases_016  steps  91- 99: 18.3s  total: 182.2s  (100/100)
[2026-04-28 12:47:17] DONE ds_weather_v2 cases_016  total: 182.2s  (1.82s/step)
[2026-04-28 12:47:17]   tokens: 117,152 in + 3,600 out (reasoning: 0)  cost: $0.0356
[2026-04-28 12:47:17] START ds_weather_v2 cases_017 (100 steps, two-turn)
[2026-04-28 12:47:34] ds_weather_v2 cases_017  steps   1-  9: 17.3s  total: 17.3s  (10/100)
[2026-04-28 12:47:55] ds_weather_v2 cases_017  steps  11- 19: 20.7s  total: 37.9s  (20/100)
[2026-04-28 12:48:15] ds_weather_v2 cases_017  steps  21- 29: 19.7s  total: 57.6s  (30/100)
[2026-04-28 12:48:35] ds_weather_v2 cases_017  steps  31- 39: 20.4s  total: 78.0s  (40/100)
[2026-04-28 12:48:57] ds_weather_v2 cases_017  steps  41- 49: 22.0s  total: 100.1s  (50/100)
[2026-04-28 12:49:19] ds_weather_v2 cases_017  steps  51- 59: 21.8s  total: 121.9s  (60/100)
[2026-04-28 12:49:41] ds_weather_v2 cases_017  steps  61- 69: 22.0s  total: 143.9s  (70/100)
[2026-04-28 12:50:03] ds_weather_v2 cases_017  steps  71- 79: 21.8s  total: 165.7s  (80/100)
[2026-04-28 12:50:25] ds_weather_v2 cases_017  steps  81- 89: 21.9s  total: 187.6s  (90/100)
[2026-04-28 12:50:47] ds_weather_v2 cases_017  steps  91- 99: 21.8s  total: 209.5s  (100/100)
[2026-04-28 12:50:47] DONE ds_weather_v2 cases_017  total: 209.5s  (2.09s/step)
[2026-04-28 12:50:47]   tokens: 121,866 in + 6,081 out (reasoning: 0)  cost: $0.0396
[2026-04-28 12:50:47] START ds_weather_v2 cases_018 (100 steps, two-turn)
[2026-04-28 12:51:05] ds_weather_v2 cases_018  steps   1-  9: 17.7s  total: 17.7s  (10/100)
[2026-04-28 12:51:26] ds_weather_v2 cases_018  steps  11- 19: 20.8s  total: 38.6s  (20/100)
[2026-04-28 12:51:44] ds_weather_v2 cases_018  steps  21- 29: 18.1s  total: 56.7s  (30/100)
[2026-04-28 12:52:02] ds_weather_v2 cases_018  steps  31- 39: 18.0s  total: 74.7s  (40/100)
[2026-04-28 12:52:20] ds_weather_v2 cases_018  steps  41- 49: 18.1s  total: 92.9s  (50/100)
[2026-04-28 12:52:38] ds_weather_v2 cases_018  steps  51- 59: 18.4s  total: 111.3s  (60/100)
[2026-04-28 12:52:58] ds_weather_v2 cases_018  steps  61- 69: 19.1s  total: 130.4s  (70/100)
[2026-04-28 12:53:17] ds_weather_v2 cases_018  steps  71- 79: 19.6s  total: 150.0s  (80/100)
[2026-04-28 12:53:35] ds_weather_v2 cases_018  steps  81- 89: 18.0s  total: 168.0s  (90/100)
[2026-04-28 12:53:54] ds_weather_v2 cases_018  steps  91- 99: 18.3s  total: 186.3s  (100/100)
[2026-04-28 12:53:54] DONE ds_weather_v2 cases_018  total: 186.3s  (1.86s/step)
[2026-04-28 12:53:54]   tokens: 117,152 in + 3,600 out (reasoning: 0)  cost: $0.0356
[2026-04-28 12:53:54] START ds_weather_v2 cases_019 (100 steps, two-turn)
[2026-04-28 12:54:12] ds_weather_v2 cases_019  steps   1-  9: 18.0s  total: 18.0s  (10/100)
[2026-04-28 12:54:31] ds_weather_v2 cases_019  steps  11- 19: 18.6s  total: 36.5s  (20/100)
[2026-04-28 12:54:48] ds_weather_v2 cases_019  steps  21- 29: 17.8s  total: 54.3s  (30/100)
[2026-04-28 12:55:06] ds_weather_v2 cases_019  steps  31- 39: 18.1s  total: 72.4s  (40/100)
[2026-04-28 12:55:25] ds_weather_v2 cases_019  steps  41- 49: 18.8s  total: 91.2s  (50/100)
[2026-04-28 12:55:44] ds_weather_v2 cases_019  steps  51- 59: 18.3s  total: 109.5s  (60/100)
[2026-04-28 12:56:02] ds_weather_v2 cases_019  steps  61- 69: 18.8s  total: 128.3s  (70/100)
[2026-04-28 12:56:21] ds_weather_v2 cases_019  steps  71- 79: 18.6s  total: 146.9s  (80/100)
[2026-04-28 12:56:39] ds_weather_v2 cases_019  steps  81- 89: 18.4s  total: 165.2s  (90/100)
[2026-04-28 12:56:57] ds_weather_v2 cases_019  steps  91- 99: 18.0s  total: 183.3s  (100/100)
[2026-04-28 12:56:58] DONE ds_weather_v2 cases_019  total: 183.3s  (1.83s/step)
[2026-04-28 12:56:58]   tokens: 117,136 in + 3,592 out (reasoning: 0)  cost: $0.0356
[2026-04-28 12:56:58] START ds_weather_no_hint_v2 cases_000 (100 steps, two-turn)
[2026-04-28 12:57:16] ds_weather_no_hint_v2 cases_000  steps   1-  9: 18.7s  total: 18.7s  (10/100)
[2026-04-28 12:57:36] ds_weather_no_hint_v2 cases_000  steps  11- 19: 19.4s  total: 38.1s  (20/100)
[2026-04-28 12:57:57] ds_weather_no_hint_v2 cases_000  steps  21- 29: 21.1s  total: 59.2s  (30/100)
[2026-04-28 12:58:18] ds_weather_no_hint_v2 cases_000  steps  31- 39: 21.3s  total: 80.4s  (40/100)
[2026-04-28 12:58:39] ds_weather_no_hint_v2 cases_000  steps  41- 49: 20.9s  total: 101.4s  (50/100)
[2026-04-28 12:59:02] ds_weather_no_hint_v2 cases_000  steps  51- 59: 22.8s  total: 124.2s  (60/100)
[2026-04-28 12:59:23] ds_weather_no_hint_v2 cases_000  steps  61- 69: 21.3s  total: 145.5s  (70/100)
[2026-04-28 12:59:44] ds_weather_no_hint_v2 cases_000  steps  71- 79: 20.8s  total: 166.2s  (80/100)
[2026-04-28 13:00:06] ds_weather_no_hint_v2 cases_000  steps  81- 89: 21.9s  total: 188.2s  (90/100)
[2026-04-28 13:00:29] ds_weather_no_hint_v2 cases_000  steps  91- 99: 23.3s  total: 211.5s  (100/100)
[2026-04-28 13:00:30] DONE ds_weather_no_hint_v2 cases_000  total: 211.5s  (2.12s/step)
[2026-04-28 13:00:30]   tokens: 113,402 in + 3,639 out (reasoning: 0)  cost: $0.0346
[2026-04-28 13:00:30] START ds_weather_no_hint_v2 cases_001 (100 steps, two-turn)
[2026-04-28 13:00:49] ds_weather_no_hint_v2 cases_001  steps   1-  9: 18.8s  total: 18.8s  (10/100)
[2026-04-28 13:01:22] ds_weather_no_hint_v2 cases_001  steps  11- 19: 33.8s  total: 52.6s  (20/100)
[2026-04-28 13:01:56] ds_weather_no_hint_v2 cases_001  steps  21- 29: 33.5s  total: 86.1s  (30/100)
[2026-04-28 13:02:15] ds_weather_no_hint_v2 cases_001  steps  31- 39: 19.3s  total: 105.4s  (40/100)
[2026-04-28 13:02:35] ds_weather_no_hint_v2 cases_001  steps  41- 49: 19.6s  total: 125.0s  (50/100)
[2026-04-28 13:02:58] ds_weather_no_hint_v2 cases_001  steps  51- 59: 22.7s  total: 147.7s  (60/100)
[2026-04-28 13:03:20] ds_weather_no_hint_v2 cases_001  steps  61- 69: 22.4s  total: 170.1s  (70/100)
[2026-04-28 13:03:42] ds_weather_no_hint_v2 cases_001  steps  71- 79: 21.8s  total: 191.9s  (80/100)
[2026-04-28 13:04:03] ds_weather_no_hint_v2 cases_001  steps  81- 89: 21.6s  total: 213.5s  (90/100)
[2026-04-28 13:04:24] ds_weather_no_hint_v2 cases_001  steps  91- 99: 20.7s  total: 234.2s  (100/100)
[2026-04-28 13:04:24] DONE ds_weather_no_hint_v2 cases_001  total: 234.2s  (2.34s/step)
[2026-04-28 13:04:24]   tokens: 123,390 in + 7,986 out (reasoning: 0)  cost: $0.0421
[2026-04-28 13:04:25] START ds_weather_no_hint_v2 cases_002 (100 steps, two-turn)
[2026-04-28 13:04:42] ds_weather_no_hint_v2 cases_002  steps   1-  9: 17.5s  total: 17.5s  (10/100)
[2026-04-28 13:04:59] ds_weather_no_hint_v2 cases_002  steps  11- 19: 17.5s  total: 34.9s  (20/100)
[2026-04-28 13:05:17] ds_weather_no_hint_v2 cases_002  steps  21- 29: 17.8s  total: 52.7s  (30/100)
[2026-04-28 13:05:35] ds_weather_no_hint_v2 cases_002  steps  31- 39: 18.0s  total: 70.6s  (40/100)
[2026-04-28 13:05:55] ds_weather_no_hint_v2 cases_002  steps  41- 49: 19.9s  total: 90.6s  (50/100)
[2026-04-28 13:06:18] ds_weather_no_hint_v2 cases_002  steps  51- 59: 22.7s  total: 113.3s  (60/100)
[2026-04-28 13:06:44] ds_weather_no_hint_v2 cases_002  steps  61- 69: 26.7s  total: 140.0s  (70/100)
[2026-04-28 13:07:14] ds_weather_no_hint_v2 cases_002  steps  71- 79: 29.7s  total: 169.6s  (80/100)
[2026-04-28 13:07:42] ds_weather_no_hint_v2 cases_002  steps  81- 89: 27.8s  total: 197.5s  (90/100)
[2026-04-28 13:08:11] ds_weather_no_hint_v2 cases_002  steps  91- 99: 29.3s  total: 226.8s  (100/100)
[2026-04-28 13:08:12] DONE ds_weather_no_hint_v2 cases_002  total: 226.8s  (2.27s/step)
[2026-04-28 13:08:12]   tokens: 117,112 in + 5,562 out (reasoning: 0)  cost: $0.0377
[2026-04-28 13:08:12] START ds_weather_no_hint_v2 cases_003 (100 steps, two-turn)
[2026-04-28 13:08:31] ds_weather_no_hint_v2 cases_003  steps   1-  9: 19.1s  total: 19.1s  (10/100)
[2026-04-28 13:08:49] ds_weather_no_hint_v2 cases_003  steps  11- 19: 17.9s  total: 37.1s  (20/100)
[2026-04-28 13:09:08] ds_weather_no_hint_v2 cases_003  steps  21- 29: 18.7s  total: 55.8s  (30/100)
[2026-04-28 13:09:25] ds_weather_no_hint_v2 cases_003  steps  31- 39: 17.5s  total: 73.2s  (40/100)
[2026-04-28 13:09:46] ds_weather_no_hint_v2 cases_003  steps  41- 49: 21.4s  total: 94.7s  (50/100)
[2026-04-28 13:10:07] ds_weather_no_hint_v2 cases_003  steps  51- 59: 20.9s  total: 115.6s  (60/100)
[2026-04-28 13:10:28] ds_weather_no_hint_v2 cases_003  steps  61- 69: 20.8s  total: 136.4s  (70/100)
[2026-04-28 13:10:50] ds_weather_no_hint_v2 cases_003  steps  71- 79: 21.5s  total: 157.9s  (80/100)
[2026-04-28 13:11:11] ds_weather_no_hint_v2 cases_003  steps  81- 89: 21.2s  total: 179.1s  (90/100)
[2026-04-28 13:11:34] ds_weather_no_hint_v2 cases_003  steps  91- 99: 23.2s  total: 202.3s  (100/100)
[2026-04-28 13:11:35] DONE ds_weather_no_hint_v2 cases_003  total: 202.3s  (2.02s/step)
[2026-04-28 13:11:35]   tokens: 113,240 in + 3,563 out (reasoning: 0)  cost: $0.0345
[2026-04-28 13:11:35] START ds_weather_no_hint_v2 cases_004 (100 steps, two-turn)
[2026-04-28 13:11:53] ds_weather_no_hint_v2 cases_004  steps   1-  9: 18.6s  total: 18.6s  (10/100)
[2026-04-28 13:12:15] ds_weather_no_hint_v2 cases_004  steps  11- 19: 21.6s  total: 40.2s  (20/100)
[2026-04-28 13:12:36] ds_weather_no_hint_v2 cases_004  steps  21- 29: 21.2s  total: 61.4s  (30/100)
[2026-04-28 13:12:57] ds_weather_no_hint_v2 cases_004  steps  31- 39: 21.5s  total: 82.9s  (40/100)
[2026-04-28 13:13:19] ds_weather_no_hint_v2 cases_004  steps  41- 49: 21.3s  total: 104.2s  (50/100)
[2026-04-28 13:13:40] ds_weather_no_hint_v2 cases_004  steps  51- 59: 21.8s  total: 125.9s  (60/100)
[2026-04-28 13:14:04] ds_weather_no_hint_v2 cases_004  steps  61- 69: 23.1s  total: 149.0s  (70/100)
[2026-04-28 13:14:24] ds_weather_no_hint_v2 cases_004  steps  71- 79: 20.7s  total: 169.7s  (80/100)
[2026-04-28 13:14:46] ds_weather_no_hint_v2 cases_004  steps  81- 89: 21.3s  total: 191.0s  (90/100)
[2026-04-28 13:15:07] ds_weather_no_hint_v2 cases_004  steps  91- 99: 21.0s  total: 212.1s  (100/100)
[2026-04-28 13:15:07] DONE ds_weather_no_hint_v2 cases_004  total: 212.1s  (2.12s/step)
[2026-04-28 13:15:07]   tokens: 113,352 in + 3,620 out (reasoning: 0)  cost: $0.0346
[2026-04-28 13:15:07] START ds_weather_no_hint_v2 cases_005 (100 steps, two-turn)
[2026-04-28 13:15:27] ds_weather_no_hint_v2 cases_005  steps   1-  9: 19.6s  total: 19.6s  (10/100)
[2026-04-28 13:15:45] ds_weather_no_hint_v2 cases_005  steps  11- 19: 18.7s  total: 38.3s  (20/100)
[2026-04-28 13:16:04] ds_weather_no_hint_v2 cases_005  steps  21- 29: 18.4s  total: 56.7s  (30/100)
[2026-04-28 13:16:22] ds_weather_no_hint_v2 cases_005  steps  31- 39: 18.2s  total: 74.9s  (40/100)
[2026-04-28 13:16:42] ds_weather_no_hint_v2 cases_005  steps  41- 49: 19.7s  total: 94.6s  (50/100)
[2026-04-28 13:17:01] ds_weather_no_hint_v2 cases_005  steps  51- 59: 19.3s  total: 114.0s  (60/100)
[2026-04-28 13:17:23] ds_weather_no_hint_v2 cases_005  steps  61- 69: 22.1s  total: 136.1s  (70/100)
[2026-04-28 13:17:46] ds_weather_no_hint_v2 cases_005  steps  71- 79: 23.2s  total: 159.3s  (80/100)
[2026-04-28 13:18:09] ds_weather_no_hint_v2 cases_005  steps  81- 89: 23.1s  total: 182.4s  (90/100)
[2026-04-28 13:18:35] ds_weather_no_hint_v2 cases_005  steps  91- 99: 25.5s  total: 207.9s  (100/100)
[2026-04-28 13:18:35] DONE ds_weather_no_hint_v2 cases_005  total: 207.9s  (2.08s/step)
[2026-04-28 13:18:35]   tokens: 114,878 in + 4,414 out (reasoning: 0)  cost: $0.0359
[2026-04-28 13:18:35] START ds_weather_no_hint_v2 cases_006 (100 steps, two-turn)
[2026-04-28 13:18:54] ds_weather_no_hint_v2 cases_006  steps   1-  9: 18.8s  total: 18.8s  (10/100)
[2026-04-28 13:19:13] ds_weather_no_hint_v2 cases_006  steps  11- 19: 18.9s  total: 37.7s  (20/100)
[2026-04-28 13:19:33] ds_weather_no_hint_v2 cases_006  steps  21- 29: 20.0s  total: 57.7s  (30/100)
[2026-04-28 13:19:53] ds_weather_no_hint_v2 cases_006  steps  31- 39: 20.4s  total: 78.1s  (40/100)
[2026-04-28 13:20:14] ds_weather_no_hint_v2 cases_006  steps  41- 49: 20.5s  total: 98.6s  (50/100)
[2026-04-28 13:20:35] ds_weather_no_hint_v2 cases_006  steps  51- 59: 20.7s  total: 119.3s  (60/100)
[2026-04-28 13:20:56] ds_weather_no_hint_v2 cases_006  steps  61- 69: 21.1s  total: 140.4s  (70/100)
[2026-04-28 13:21:18] ds_weather_no_hint_v2 cases_006  steps  71- 79: 22.2s  total: 162.5s  (80/100)
[2026-04-28 13:21:41] ds_weather_no_hint_v2 cases_006  steps  81- 89: 23.5s  total: 186.0s  (90/100)
[2026-04-28 13:22:02] ds_weather_no_hint_v2 cases_006  steps  91- 99: 20.8s  total: 206.8s  (100/100)
[2026-04-28 13:22:03] DONE ds_weather_no_hint_v2 cases_006  total: 206.8s  (2.07s/step)
[2026-04-28 13:22:03]   tokens: 113,362 in + 3,628 out (reasoning: 0)  cost: $0.0346
[2026-04-28 13:22:03] START ds_weather_no_hint_v2 cases_007 (100 steps, two-turn)
[2026-04-28 13:22:21] ds_weather_no_hint_v2 cases_007  steps   1-  9: 18.4s  total: 18.4s  (10/100)
[2026-04-28 13:22:39] ds_weather_no_hint_v2 cases_007  steps  11- 19: 17.9s  total: 36.3s  (20/100)
[2026-04-28 13:23:00] ds_weather_no_hint_v2 cases_007  steps  21- 29: 20.6s  total: 56.8s  (30/100)
[2026-04-28 13:23:23] ds_weather_no_hint_v2 cases_007  steps  31- 39: 23.1s  total: 79.9s  (40/100)
[2026-04-28 13:23:44] ds_weather_no_hint_v2 cases_007  steps  41- 49: 21.7s  total: 101.7s  (50/100)
[2026-04-28 13:24:06] ds_weather_no_hint_v2 cases_007  steps  51- 59: 21.5s  total: 123.2s  (60/100)
[2026-04-28 13:24:28] ds_weather_no_hint_v2 cases_007  steps  61- 69: 22.2s  total: 145.4s  (70/100)
[2026-04-28 13:24:50] ds_weather_no_hint_v2 cases_007  steps  71- 79: 21.5s  total: 166.9s  (80/100)
[2026-04-28 13:25:13] ds_weather_no_hint_v2 cases_007  steps  81- 89: 23.2s  total: 190.1s  (90/100)
[2026-04-28 13:25:35] ds_weather_no_hint_v2 cases_007  steps  91- 99: 22.7s  total: 212.7s  (100/100)
[2026-04-28 13:25:36] DONE ds_weather_no_hint_v2 cases_007  total: 212.7s  (2.13s/step)
[2026-04-28 13:25:36]   tokens: 113,352 in + 3,650 out (reasoning: 0)  cost: $0.0346
[2026-04-28 13:25:36] START ds_weather_no_hint_v2 cases_008 (100 steps, two-turn)
[2026-04-28 13:25:55] ds_weather_no_hint_v2 cases_008  steps   1-  9: 19.0s  total: 19.0s  (10/100)
[2026-04-28 13:26:14] ds_weather_no_hint_v2 cases_008  steps  11- 19: 19.2s  total: 38.2s  (20/100)
[2026-04-28 13:26:35] ds_weather_no_hint_v2 cases_008  steps  21- 29: 20.6s  total: 58.8s  (30/100)
[2026-04-28 13:26:58] ds_weather_no_hint_v2 cases_008  steps  31- 39: 22.8s  total: 81.7s  (40/100)
[2026-04-28 13:27:19] ds_weather_no_hint_v2 cases_008  steps  41- 49: 21.4s  total: 103.1s  (50/100)
[2026-04-28 13:27:40] ds_weather_no_hint_v2 cases_008  steps  51- 59: 21.3s  total: 124.4s  (60/100)
[2026-04-28 13:28:02] ds_weather_no_hint_v2 cases_008  steps  61- 69: 22.1s  total: 146.4s  (70/100)
[2026-04-28 13:28:26] ds_weather_no_hint_v2 cases_008  steps  71- 79: 23.2s  total: 169.6s  (80/100)
[2026-04-28 13:28:48] ds_weather_no_hint_v2 cases_008  steps  81- 89: 22.1s  total: 191.7s  (90/100)
[2026-04-28 13:29:09] ds_weather_no_hint_v2 cases_008  steps  91- 99: 21.7s  total: 213.3s  (100/100)
[2026-04-28 13:29:10] DONE ds_weather_no_hint_v2 cases_008  total: 213.3s  (2.13s/step)
[2026-04-28 13:29:10]   tokens: 114,768 in + 4,316 out (reasoning: 0)  cost: $0.0357
[2026-04-28 13:29:10] START ds_weather_no_hint_v2 cases_009 (100 steps, two-turn)
[2026-04-28 13:29:28] ds_weather_no_hint_v2 cases_009  steps   1-  9: 18.2s  total: 18.2s  (10/100)
[2026-04-28 13:29:47] ds_weather_no_hint_v2 cases_009  steps  11- 19: 18.8s  total: 36.9s  (20/100)
[2026-04-28 13:30:09] ds_weather_no_hint_v2 cases_009  steps  21- 29: 22.0s  total: 59.0s  (30/100)
[2026-04-28 13:30:31] ds_weather_no_hint_v2 cases_009  steps  31- 39: 22.2s  total: 81.2s  (40/100)
[2026-04-28 13:30:52] ds_weather_no_hint_v2 cases_009  steps  41- 49: 21.3s  total: 102.5s  (50/100)
[2026-04-28 13:31:12] ds_weather_no_hint_v2 cases_009  steps  51- 59: 20.0s  total: 122.5s  (60/100)
[2026-04-28 13:31:32] ds_weather_no_hint_v2 cases_009  steps  61- 69: 19.8s  total: 142.3s  (70/100)
[2026-04-28 13:31:52] ds_weather_no_hint_v2 cases_009  steps  71- 79: 19.8s  total: 162.1s  (80/100)
[2026-04-28 13:32:12] ds_weather_no_hint_v2 cases_009  steps  81- 89: 20.4s  total: 182.5s  (90/100)
[2026-04-28 13:32:33] ds_weather_no_hint_v2 cases_009  steps  91- 99: 21.1s  total: 203.6s  (100/100)
[2026-04-28 13:32:34] DONE ds_weather_no_hint_v2 cases_009  total: 203.6s  (2.04s/step)
[2026-04-28 13:32:34]   tokens: 116,952 in + 5,402 out (reasoning: 0)  cost: $0.0375
[2026-04-28 13:32:34] START ds_weather_no_hint_v2 cases_010 (100 steps, two-turn)
[2026-04-28 13:32:52] ds_weather_no_hint_v2 cases_010  steps   1-  9: 18.0s  total: 18.0s  (10/100)
[2026-04-28 13:33:10] ds_weather_no_hint_v2 cases_010  steps  11- 19: 17.9s  total: 35.8s  (20/100)
[2026-04-28 13:33:28] ds_weather_no_hint_v2 cases_010  steps  21- 29: 18.4s  total: 54.2s  (30/100)
[2026-04-28 13:33:48] ds_weather_no_hint_v2 cases_010  steps  31- 39: 20.4s  total: 74.6s  (40/100)
[2026-04-28 13:34:10] ds_weather_no_hint_v2 cases_010  steps  41- 49: 22.1s  total: 96.6s  (50/100)
[2026-04-28 13:34:32] ds_weather_no_hint_v2 cases_010  steps  51- 59: 22.1s  total: 118.7s  (60/100)
[2026-04-28 13:34:53] ds_weather_no_hint_v2 cases_010  steps  61- 69: 20.4s  total: 139.1s  (70/100)
[2026-04-28 13:35:15] ds_weather_no_hint_v2 cases_010  steps  71- 79: 21.9s  total: 161.1s  (80/100)
[2026-04-28 13:35:36] ds_weather_no_hint_v2 cases_010  steps  81- 89: 21.6s  total: 182.6s  (90/100)
[2026-04-28 13:35:57] ds_weather_no_hint_v2 cases_010  steps  91- 99: 20.1s  total: 202.8s  (100/100)
[2026-04-28 13:35:57] DONE ds_weather_no_hint_v2 cases_010  total: 202.8s  (2.03s/step)
[2026-04-28 13:35:57]   tokens: 113,992 in + 3,957 out (reasoning: 0)  cost: $0.0351
[2026-04-28 13:35:57] START ds_weather_no_hint_v2 cases_011 (100 steps, two-turn)
[2026-04-28 13:36:16] ds_weather_no_hint_v2 cases_011  steps   1-  9: 19.1s  total: 19.1s  (10/100)
[2026-04-28 13:36:34] ds_weather_no_hint_v2 cases_011  steps  11- 19: 17.6s  total: 36.7s  (20/100)
[2026-04-28 13:36:53] ds_weather_no_hint_v2 cases_011  steps  21- 29: 18.8s  total: 55.5s  (30/100)
[2026-04-28 13:37:10] ds_weather_no_hint_v2 cases_011  steps  31- 39: 17.0s  total: 72.5s  (40/100)
[2026-04-28 13:37:32] ds_weather_no_hint_v2 cases_011  steps  41- 49: 22.9s  total: 95.4s  (50/100)
[2026-04-28 13:37:55] ds_weather_no_hint_v2 cases_011  steps  51- 59: 22.9s  total: 118.3s  (60/100)
[2026-04-28 13:38:18] ds_weather_no_hint_v2 cases_011  steps  61- 69: 22.4s  total: 140.7s  (70/100)
[2026-04-28 13:38:39] ds_weather_no_hint_v2 cases_011  steps  71- 79: 21.3s  total: 162.0s  (80/100)
[2026-04-28 13:39:02] ds_weather_no_hint_v2 cases_011  steps  81- 89: 22.5s  total: 184.5s  (90/100)
[2026-04-28 13:39:23] ds_weather_no_hint_v2 cases_011  steps  91- 99: 21.3s  total: 205.9s  (100/100)
[2026-04-28 13:39:23] DONE ds_weather_no_hint_v2 cases_011  total: 205.9s  (2.06s/step)
[2026-04-28 13:39:23]   tokens: 113,050 in + 3,480 out (reasoning: 0)  cost: $0.0344
[2026-04-28 13:39:23] START ds_weather_no_hint_v2 cases_012 (100 steps, two-turn)
[2026-04-28 13:39:42] ds_weather_no_hint_v2 cases_012  steps   1-  9: 18.6s  total: 18.6s  (10/100)
[2026-04-28 13:40:00] ds_weather_no_hint_v2 cases_012  steps  11- 19: 18.4s  total: 37.0s  (20/100)
[2026-04-28 13:40:19] ds_weather_no_hint_v2 cases_012  steps  21- 29: 18.5s  total: 55.5s  (30/100)
[2026-04-28 13:40:38] ds_weather_no_hint_v2 cases_012  steps  31- 39: 18.8s  total: 74.3s  (40/100)
[2026-04-28 13:41:01] ds_weather_no_hint_v2 cases_012  steps  41- 49: 23.8s  total: 98.1s  (50/100)
[2026-04-28 13:41:27] ds_weather_no_hint_v2 cases_012  steps  51- 59: 25.5s  total: 123.6s  (60/100)
[2026-04-28 13:41:51] ds_weather_no_hint_v2 cases_012  steps  61- 69: 23.5s  total: 147.1s  (70/100)
[2026-04-28 13:42:13] ds_weather_no_hint_v2 cases_012  steps  71- 79: 22.3s  total: 169.5s  (80/100)
[2026-04-28 13:42:37] ds_weather_no_hint_v2 cases_012  steps  81- 89: 23.9s  total: 193.4s  (90/100)
[2026-04-28 13:43:01] ds_weather_no_hint_v2 cases_012  steps  91- 99: 23.8s  total: 217.2s  (100/100)
[2026-04-28 13:43:01] DONE ds_weather_no_hint_v2 cases_012  total: 217.2s  (2.17s/step)
[2026-04-28 13:43:01]   tokens: 116,826 in + 5,473 out (reasoning: 0)  cost: $0.0376
[2026-04-28 13:43:01] START ds_weather_no_hint_v2 cases_013 (100 steps, two-turn)
[2026-04-28 13:43:18] ds_weather_no_hint_v2 cases_013  steps   1-  9: 16.9s  total: 16.9s  (10/100)
[2026-04-28 13:43:35] ds_weather_no_hint_v2 cases_013  steps  11- 19: 17.3s  total: 34.2s  (20/100)
[2026-04-28 13:43:55] ds_weather_no_hint_v2 cases_013  steps  21- 29: 19.3s  total: 53.5s  (30/100)
[2026-04-28 13:44:14] ds_weather_no_hint_v2 cases_013  steps  31- 39: 19.2s  total: 72.6s  (40/100)
[2026-04-28 13:44:32] ds_weather_no_hint_v2 cases_013  steps  41- 49: 18.7s  total: 91.4s  (50/100)
[2026-04-28 13:44:51] ds_weather_no_hint_v2 cases_013  steps  51- 59: 18.6s  total: 109.9s  (60/100)
[2026-04-28 13:45:10] ds_weather_no_hint_v2 cases_013  steps  61- 69: 19.3s  total: 129.3s  (70/100)
[2026-04-28 13:45:30] ds_weather_no_hint_v2 cases_013  steps  71- 79: 20.1s  total: 149.4s  (80/100)
[2026-04-28 13:45:50] ds_weather_no_hint_v2 cases_013  steps  81- 89: 19.4s  total: 168.8s  (90/100)
[2026-04-28 13:46:11] ds_weather_no_hint_v2 cases_013  steps  91- 99: 21.4s  total: 190.2s  (100/100)
[2026-04-28 13:46:12] DONE ds_weather_no_hint_v2 cases_013  total: 190.2s  (1.90s/step)
[2026-04-28 13:46:12]   tokens: 113,250 in + 3,581 out (reasoning: 0)  cost: $0.0345
[2026-04-28 13:46:12] START ds_weather_no_hint_v2 cases_014 (100 steps, two-turn)
[2026-04-28 13:46:30] ds_weather_no_hint_v2 cases_014  steps   1-  9: 18.5s  total: 18.5s  (10/100)
[2026-04-28 13:46:48] ds_weather_no_hint_v2 cases_014  steps  11- 19: 17.8s  total: 36.3s  (20/100)
[2026-04-28 13:47:07] ds_weather_no_hint_v2 cases_014  steps  21- 29: 18.9s  total: 55.2s  (30/100)
[2026-04-28 13:47:28] ds_weather_no_hint_v2 cases_014  steps  31- 39: 20.9s  total: 76.1s  (40/100)
[2026-04-28 13:47:50] ds_weather_no_hint_v2 cases_014  steps  41- 49: 21.8s  total: 97.9s  (50/100)
[2026-04-28 13:48:12] ds_weather_no_hint_v2 cases_014  steps  51- 59: 22.2s  total: 120.2s  (60/100)
[2026-04-28 13:48:33] ds_weather_no_hint_v2 cases_014  steps  61- 69: 20.6s  total: 140.8s  (70/100)
[2026-04-28 13:48:53] ds_weather_no_hint_v2 cases_014  steps  71- 79: 20.7s  total: 161.5s  (80/100)
[2026-04-28 13:49:14] ds_weather_no_hint_v2 cases_014  steps  81- 89: 20.2s  total: 181.7s  (90/100)
[2026-04-28 13:49:34] ds_weather_no_hint_v2 cases_014  steps  91- 99: 20.2s  total: 202.0s  (100/100)
[2026-04-28 13:49:34] DONE ds_weather_no_hint_v2 cases_014  total: 202.0s  (2.02s/step)
[2026-04-28 13:49:34]   tokens: 117,226 in + 5,316 out (reasoning: 0)  cost: $0.0375
[2026-04-28 13:49:34] START ds_weather_no_hint_v2 cases_015 (100 steps, two-turn)
[2026-04-28 13:49:52] ds_weather_no_hint_v2 cases_015  steps   1-  9: 17.9s  total: 17.9s  (10/100)
[2026-04-28 13:50:11] ds_weather_no_hint_v2 cases_015  steps  11- 19: 18.3s  total: 36.2s  (20/100)
[2026-04-28 13:50:29] ds_weather_no_hint_v2 cases_015  steps  21- 29: 18.5s  total: 54.7s  (30/100)
[2026-04-28 13:50:48] ds_weather_no_hint_v2 cases_015  steps  31- 39: 19.2s  total: 73.9s  (40/100)
[2026-04-28 13:51:10] ds_weather_no_hint_v2 cases_015  steps  41- 49: 21.4s  total: 95.3s  (50/100)
[2026-04-28 13:51:30] ds_weather_no_hint_v2 cases_015  steps  51- 59: 20.9s  total: 116.2s  (60/100)
[2026-04-28 13:51:51] ds_weather_no_hint_v2 cases_015  steps  61- 69: 21.0s  total: 137.2s  (70/100)
[2026-04-28 13:52:12] ds_weather_no_hint_v2 cases_015  steps  71- 79: 20.8s  total: 158.0s  (80/100)
[2026-04-28 13:52:32] ds_weather_no_hint_v2 cases_015  steps  81- 89: 20.2s  total: 178.2s  (90/100)
[2026-04-28 13:52:52] ds_weather_no_hint_v2 cases_015  steps  91- 99: 19.9s  total: 198.1s  (100/100)
[2026-04-28 13:52:53] DONE ds_weather_no_hint_v2 cases_015  total: 198.1s  (1.98s/step)
[2026-04-28 13:52:53]   tokens: 113,352 in + 3,616 out (reasoning: 0)  cost: $0.0346
[2026-04-28 13:52:53] START ds_weather_no_hint_v2 cases_016 (100 steps, two-turn)
[2026-04-28 13:53:11] ds_weather_no_hint_v2 cases_016  steps   1-  9: 17.9s  total: 17.9s  (10/100)
[2026-04-28 13:53:29] ds_weather_no_hint_v2 cases_016  steps  11- 19: 18.1s  total: 36.0s  (20/100)
[2026-04-28 13:53:49] ds_weather_no_hint_v2 cases_016  steps  21- 29: 19.7s  total: 55.7s  (30/100)
[2026-04-28 13:54:10] ds_weather_no_hint_v2 cases_016  steps  31- 39: 21.1s  total: 76.8s  (40/100)
[2026-04-28 13:54:29] ds_weather_no_hint_v2 cases_016  steps  41- 49: 19.3s  total: 96.1s  (50/100)
[2026-04-28 13:54:47] ds_weather_no_hint_v2 cases_016  steps  51- 59: 17.9s  total: 114.0s  (60/100)
[2026-04-28 13:55:08] ds_weather_no_hint_v2 cases_016  steps  61- 69: 21.1s  total: 135.1s  (70/100)
[2026-04-28 13:55:28] ds_weather_no_hint_v2 cases_016  steps  71- 79: 20.5s  total: 155.6s  (80/100)
[2026-04-28 13:55:50] ds_weather_no_hint_v2 cases_016  steps  81- 89: 21.2s  total: 176.8s  (90/100)
[2026-04-28 13:56:11] ds_weather_no_hint_v2 cases_016  steps  91- 99: 21.8s  total: 198.6s  (100/100)
[2026-04-28 13:56:12] DONE ds_weather_no_hint_v2 cases_016  total: 198.6s  (1.99s/step)
[2026-04-28 13:56:12]   tokens: 113,352 in + 3,602 out (reasoning: 0)  cost: $0.0346
[2026-04-28 13:56:12] START ds_weather_no_hint_v2 cases_017 (100 steps, two-turn)
[2026-04-28 13:56:33] ds_weather_no_hint_v2 cases_017  steps   1-  9: 20.6s  total: 20.6s  (10/100)
[2026-04-28 13:56:54] ds_weather_no_hint_v2 cases_017  steps  11- 19: 21.3s  total: 41.9s  (20/100)
[2026-04-28 13:57:20] ds_weather_no_hint_v2 cases_017  steps  21- 29: 25.7s  total: 67.5s  (30/100)
[2026-04-28 13:57:43] ds_weather_no_hint_v2 cases_017  steps  31- 39: 23.2s  total: 90.8s  (40/100)
[2026-04-28 13:58:04] ds_weather_no_hint_v2 cases_017  steps  41- 49: 21.6s  total: 112.4s  (50/100)
[2026-04-28 13:58:30] ds_weather_no_hint_v2 cases_017  steps  51- 59: 26.1s  total: 138.5s  (60/100)
[2026-04-28 13:58:55] ds_weather_no_hint_v2 cases_017  steps  61- 69: 24.4s  total: 162.9s  (70/100)
[2026-04-28 13:59:22] ds_weather_no_hint_v2 cases_017  steps  71- 79: 27.4s  total: 190.3s  (80/100)
[2026-04-28 13:59:49] ds_weather_no_hint_v2 cases_017  steps  81- 89: 26.9s  total: 217.2s  (90/100)
[2026-04-28 14:00:15] ds_weather_no_hint_v2 cases_017  steps  91- 99: 26.1s  total: 243.2s  (100/100)
[2026-04-28 14:00:16] DONE ds_weather_no_hint_v2 cases_017  total: 243.2s  (2.43s/step)
[2026-04-28 14:00:16]   tokens: 122,432 in + 8,317 out (reasoning: 0)  cost: $0.0422
[2026-04-28 14:00:16] START ds_weather_no_hint_v2 cases_018 (100 steps, two-turn)
[2026-04-28 14:00:35] ds_weather_no_hint_v2 cases_018  steps   1-  9: 19.3s  total: 19.3s  (10/100)
[2026-04-28 14:00:56] ds_weather_no_hint_v2 cases_018  steps  11- 19: 20.7s  total: 39.9s  (20/100)
[2026-04-28 14:01:17] ds_weather_no_hint_v2 cases_018  steps  21- 29: 21.3s  total: 61.2s  (30/100)
[2026-04-28 14:01:41] ds_weather_no_hint_v2 cases_018  steps  31- 39: 24.4s  total: 85.6s  (40/100)
[2026-04-28 14:02:06] ds_weather_no_hint_v2 cases_018  steps  41- 49: 24.5s  total: 110.1s  (50/100)
[2026-04-28 14:02:29] ds_weather_no_hint_v2 cases_018  steps  51- 59: 23.2s  total: 133.2s  (60/100)
[2026-04-28 14:02:52] ds_weather_no_hint_v2 cases_018  steps  61- 69: 23.5s  total: 156.7s  (70/100)
[2026-04-28 14:03:19] ds_weather_no_hint_v2 cases_018  steps  71- 79: 26.9s  total: 183.6s  (80/100)
[2026-04-28 14:03:43] ds_weather_no_hint_v2 cases_018  steps  81- 89: 23.7s  total: 207.2s  (90/100)
[2026-04-28 14:04:05] ds_weather_no_hint_v2 cases_018  steps  91- 99: 22.4s  total: 229.6s  (100/100)
[2026-04-28 14:04:06] DONE ds_weather_no_hint_v2 cases_018  total: 229.6s  (2.30s/step)
[2026-04-28 14:04:06]   tokens: 115,564 in + 4,822 out (reasoning: 0)  cost: $0.0365
[2026-04-28 14:04:06] START ds_weather_no_hint_v2 cases_019 (100 steps, two-turn)
[2026-04-28 14:04:27] ds_weather_no_hint_v2 cases_019  steps   1-  9: 21.0s  total: 21.0s  (10/100)
[2026-04-28 14:04:49] ds_weather_no_hint_v2 cases_019  steps  11- 19: 21.9s  total: 42.8s  (20/100)
[2026-04-28 14:05:12] ds_weather_no_hint_v2 cases_019  steps  21- 29: 22.9s  total: 65.8s  (30/100)
[2026-04-28 14:05:34] ds_weather_no_hint_v2 cases_019  steps  31- 39: 22.5s  total: 88.2s  (40/100)
[2026-04-28 14:05:57] ds_weather_no_hint_v2 cases_019  steps  41- 49: 22.7s  total: 110.9s  (50/100)
[2026-04-28 14:06:18] ds_weather_no_hint_v2 cases_019  steps  51- 59: 21.7s  total: 132.6s  (60/100)
[2026-04-28 14:06:40] ds_weather_no_hint_v2 cases_019  steps  61- 69: 21.3s  total: 153.9s  (70/100)
[2026-04-28 14:06:59] ds_weather_no_hint_v2 cases_019  steps  71- 79: 19.3s  total: 173.2s  (80/100)
[2026-04-28 14:07:20] ds_weather_no_hint_v2 cases_019  steps  81- 89: 21.0s  total: 194.2s  (90/100)
[2026-04-28 14:07:42] ds_weather_no_hint_v2 cases_019  steps  91- 99: 21.8s  total: 216.1s  (100/100)
[2026-04-28 14:07:42] DONE ds_weather_no_hint_v2 cases_019  total: 216.1s  (2.16s/step)
[2026-04-28 14:07:42]   tokens: 117,098 in + 5,557 out (reasoning: 0)  cost: $0.0377
[2026-04-28 14:07:42] START ds_weather_nonote_v2 cases_000 (100 steps, nonote)
[2026-04-28 14:07:50] ds_weather_nonote_v2 cases_000  steps   1-  9: 8.0s  total: 8.0s  (10/100)
[2026-04-28 14:07:58] ds_weather_nonote_v2 cases_000  steps  11- 19: 7.9s  total: 15.9s  (20/100)
[2026-04-28 14:08:07] ds_weather_nonote_v2 cases_000  steps  21- 29: 8.3s  total: 24.3s  (30/100)
[2026-04-28 14:08:15] ds_weather_nonote_v2 cases_000  steps  31- 39: 8.5s  total: 32.8s  (40/100)
[2026-04-28 14:08:25] ds_weather_nonote_v2 cases_000  steps  41- 49: 9.3s  total: 42.1s  (50/100)
[2026-04-28 14:08:34] ds_weather_nonote_v2 cases_000  steps  51- 59: 9.4s  total: 51.4s  (60/100)
[2026-04-28 14:08:44] ds_weather_nonote_v2 cases_000  steps  61- 69: 9.6s  total: 61.1s  (70/100)
[2026-04-28 14:08:53] ds_weather_nonote_v2 cases_000  steps  71- 79: 9.5s  total: 70.6s  (80/100)
[2026-04-28 14:09:02] ds_weather_nonote_v2 cases_000  steps  81- 89: 9.4s  total: 80.0s  (90/100)
[2026-04-28 14:09:12] ds_weather_nonote_v2 cases_000  steps  91- 99: 9.6s  total: 89.6s  (100/100)
[2026-04-28 14:09:12] DONE ds_weather_nonote_v2 cases_000  total: 89.6s  (0.90s/step)
[2026-04-28 14:09:12]   tokens: 381,450 in + 800 out (reasoning: 0)  cost: $0.1039
[2026-04-28 14:09:13] START ds_weather_nonote_v2 cases_001 (100 steps, nonote)
[2026-04-28 14:09:20] ds_weather_nonote_v2 cases_001  steps   1-  9: 7.9s  total: 7.9s  (10/100)
[2026-04-28 14:09:28] ds_weather_nonote_v2 cases_001  steps  11- 19: 7.7s  total: 15.6s  (20/100)
[2026-04-28 14:09:36] ds_weather_nonote_v2 cases_001  steps  21- 29: 8.0s  total: 23.6s  (30/100)
[2026-04-28 14:09:44] ds_weather_nonote_v2 cases_001  steps  31- 39: 8.3s  total: 32.0s  (40/100)
[2026-04-28 14:09:53] ds_weather_nonote_v2 cases_001  steps  41- 49: 8.9s  total: 40.9s  (50/100)
[2026-04-28 14:10:03] ds_weather_nonote_v2 cases_001  steps  51- 59: 9.2s  total: 50.1s  (60/100)
[2026-04-28 14:10:12] ds_weather_nonote_v2 cases_001  steps  61- 69: 9.4s  total: 59.4s  (70/100)
[2026-04-28 14:10:21] ds_weather_nonote_v2 cases_001  steps  71- 79: 9.4s  total: 68.9s  (80/100)
[2026-04-28 14:10:31] ds_weather_nonote_v2 cases_001  steps  81- 89: 9.7s  total: 78.5s  (90/100)
[2026-04-28 14:10:41] ds_weather_nonote_v2 cases_001  steps  91- 99: 9.6s  total: 88.1s  (100/100)
[2026-04-28 14:10:41] DONE ds_weather_nonote_v2 cases_001  total: 88.1s  (0.88s/step)
[2026-04-28 14:10:41]   tokens: 381,450 in + 800 out (reasoning: 0)  cost: $0.1039
[2026-04-28 14:10:41] START ds_weather_nonote_v2 cases_002 (100 steps, nonote)
[2026-04-28 14:10:49] ds_weather_nonote_v2 cases_002  steps   1-  9: 7.9s  total: 7.9s  (10/100)
[2026-04-28 14:10:57] ds_weather_nonote_v2 cases_002  steps  11- 19: 8.2s  total: 16.1s  (20/100)
[2026-04-28 14:11:05] ds_weather_nonote_v2 cases_002  steps  21- 29: 8.1s  total: 24.1s  (30/100)
[2026-04-28 14:11:14] ds_weather_nonote_v2 cases_002  steps  31- 39: 8.9s  total: 33.0s  (40/100)
[2026-04-28 14:11:23] ds_weather_nonote_v2 cases_002  steps  41- 49: 9.2s  total: 42.2s  (50/100)
[2026-04-28 14:11:33] ds_weather_nonote_v2 cases_002  steps  51- 59: 9.5s  total: 51.7s  (60/100)
[2026-04-28 14:11:42] ds_weather_nonote_v2 cases_002  steps  61- 69: 9.7s  total: 61.4s  (70/100)
[2026-04-28 14:11:52] ds_weather_nonote_v2 cases_002  steps  71- 79: 9.5s  total: 70.9s  (80/100)
[2026-04-28 14:12:01] ds_weather_nonote_v2 cases_002  steps  81- 89: 9.6s  total: 80.4s  (90/100)
[2026-04-28 14:12:12] ds_weather_nonote_v2 cases_002  steps  91- 99: 10.1s  total: 90.5s  (100/100)
[2026-04-28 14:12:12] DONE ds_weather_nonote_v2 cases_002  total: 90.5s  (0.91s/step)
[2026-04-28 14:12:12]   tokens: 381,450 in + 800 out (reasoning: 0)  cost: $0.1039
[2026-04-28 14:12:12] START ds_weather_nonote_v2 cases_003 (100 steps, nonote)
[2026-04-28 14:12:20] ds_weather_nonote_v2 cases_003  steps   1-  9: 8.0s  total: 8.0s  (10/100)
[2026-04-28 14:12:28] ds_weather_nonote_v2 cases_003  steps  11- 19: 8.1s  total: 16.1s  (20/100)
[2026-04-28 14:12:36] ds_weather_nonote_v2 cases_003  steps  21- 29: 8.0s  total: 24.1s  (30/100)
[2026-04-28 14:12:44] ds_weather_nonote_v2 cases_003  steps  31- 39: 8.4s  total: 32.5s  (40/100)
[2026-04-28 14:12:53] ds_weather_nonote_v2 cases_003  steps  41- 49: 8.8s  total: 41.3s  (50/100)
[2026-04-28 14:13:03] ds_weather_nonote_v2 cases_003  steps  51- 59: 9.2s  total: 50.5s  (60/100)
[2026-04-28 14:13:12] ds_weather_nonote_v2 cases_003  steps  61- 69: 9.8s  total: 60.3s  (70/100)
[2026-04-28 14:13:22] ds_weather_nonote_v2 cases_003  steps  71- 79: 9.3s  total: 69.6s  (80/100)
[2026-04-28 14:13:31] ds_weather_nonote_v2 cases_003  steps  81- 89: 9.7s  total: 79.4s  (90/100)
[2026-04-28 14:13:41] ds_weather_nonote_v2 cases_003  steps  91- 99: 9.7s  total: 89.0s  (100/100)
[2026-04-28 14:13:41] DONE ds_weather_nonote_v2 cases_003  total: 89.0s  (0.89s/step)
[2026-04-28 14:13:41]   tokens: 381,450 in + 800 out (reasoning: 0)  cost: $0.1039
[2026-04-28 14:13:41] START ds_weather_nonote_v2 cases_004 (100 steps, nonote)
[2026-04-28 14:13:50] ds_weather_nonote_v2 cases_004  steps   1-  9: 8.0s  total: 8.0s  (10/100)
[2026-04-28 14:13:57] ds_weather_nonote_v2 cases_004  steps  11- 19: 7.8s  total: 15.8s  (20/100)
[2026-04-28 14:14:05] ds_weather_nonote_v2 cases_004  steps  21- 29: 8.0s  total: 23.9s  (30/100)
[2026-04-28 14:14:14] ds_weather_nonote_v2 cases_004  steps  31- 39: 8.4s  total: 32.3s  (40/100)
[2026-04-28 14:14:23] ds_weather_nonote_v2 cases_004  steps  41- 49: 9.5s  total: 41.7s  (50/100)
[2026-04-28 14:14:32] ds_weather_nonote_v2 cases_004  steps  51- 59: 9.1s  total: 50.9s  (60/100)
[2026-04-28 14:14:42] ds_weather_nonote_v2 cases_004  steps  61- 69: 9.2s  total: 60.0s  (70/100)
[2026-04-28 14:14:51] ds_weather_nonote_v2 cases_004  steps  71- 79: 9.5s  total: 69.5s  (80/100)
[2026-04-28 14:15:01] ds_weather_nonote_v2 cases_004  steps  81- 89: 9.5s  total: 79.0s  (90/100)
[2026-04-28 14:15:11] ds_weather_nonote_v2 cases_004  steps  91- 99: 10.1s  total: 89.1s  (100/100)
[2026-04-28 14:15:11] DONE ds_weather_nonote_v2 cases_004  total: 89.1s  (0.89s/step)
[2026-04-28 14:15:11]   tokens: 381,450 in + 800 out (reasoning: 0)  cost: $0.1039
[2026-04-28 14:15:11] START ds_weather_nonote_v2 cases_005 (100 steps, nonote)
[2026-04-28 14:15:19] ds_weather_nonote_v2 cases_005  steps   1-  9: 7.9s  total: 7.9s  (10/100)
[2026-04-28 14:15:27] ds_weather_nonote_v2 cases_005  steps  11- 19: 7.9s  total: 15.8s  (20/100)
[2026-04-28 14:15:35] ds_weather_nonote_v2 cases_005  steps  21- 29: 8.2s  total: 24.0s  (30/100)
[2026-04-28 14:15:44] ds_weather_nonote_v2 cases_005  steps  31- 39: 8.8s  total: 32.8s  (40/100)
[2026-04-28 14:15:53] ds_weather_nonote_v2 cases_005  steps  41- 49: 9.6s  total: 42.4s  (50/100)
[2026-04-28 14:16:03] ds_weather_nonote_v2 cases_005  steps  51- 59: 9.4s  total: 51.8s  (60/100)
[2026-04-28 14:16:12] ds_weather_nonote_v2 cases_005  steps  61- 69: 9.6s  total: 61.4s  (70/100)
[2026-04-28 14:16:22] ds_weather_nonote_v2 cases_005  steps  71- 79: 9.4s  total: 70.8s  (80/100)
[2026-04-28 14:16:31] ds_weather_nonote_v2 cases_005  steps  81- 89: 9.4s  total: 80.2s  (90/100)
[2026-04-28 14:16:41] ds_weather_nonote_v2 cases_005  steps  91- 99: 9.6s  total: 89.7s  (100/100)
[2026-04-28 14:16:41] DONE ds_weather_nonote_v2 cases_005  total: 89.7s  (0.90s/step)
[2026-04-28 14:16:41]   tokens: 381,450 in + 800 out (reasoning: 0)  cost: $0.1039
[2026-04-28 14:16:41] START ds_weather_nonote_v2 cases_006 (100 steps, nonote)
[2026-04-28 14:16:49] ds_weather_nonote_v2 cases_006  steps   1-  9: 7.7s  total: 7.7s  (10/100)
[2026-04-28 14:16:57] ds_weather_nonote_v2 cases_006  steps  11- 19: 8.0s  total: 15.7s  (20/100)
[2026-04-28 14:17:05] ds_weather_nonote_v2 cases_006  steps  21- 29: 8.4s  total: 24.1s  (30/100)
[2026-04-28 14:17:14] ds_weather_nonote_v2 cases_006  steps  31- 39: 8.3s  total: 32.4s  (40/100)
[2026-04-28 14:17:23] ds_weather_nonote_v2 cases_006  steps  41- 49: 9.1s  total: 41.5s  (50/100)
[2026-04-28 14:17:32] ds_weather_nonote_v2 cases_006  steps  51- 59: 9.5s  total: 50.9s  (60/100)
[2026-04-28 14:17:42] ds_weather_nonote_v2 cases_006  steps  61- 69: 9.7s  total: 60.7s  (70/100)
[2026-04-28 14:17:52] ds_weather_nonote_v2 cases_006  steps  71- 79: 10.2s  total: 70.8s  (80/100)
[2026-04-28 14:18:02] ds_weather_nonote_v2 cases_006  steps  81- 89: 9.6s  total: 80.4s  (90/100)
[2026-04-28 14:18:12] ds_weather_nonote_v2 cases_006  steps  91- 99: 9.9s  total: 90.4s  (100/100)
[2026-04-28 14:18:12] DONE ds_weather_nonote_v2 cases_006  total: 90.4s  (0.90s/step)
[2026-04-28 14:18:12]   tokens: 381,450 in + 800 out (reasoning: 0)  cost: $0.1039
[2026-04-28 14:18:12] START ds_weather_nonote_v2 cases_007 (100 steps, nonote)
[2026-04-28 14:18:20] ds_weather_nonote_v2 cases_007  steps   1-  9: 7.8s  total: 7.8s  (10/100)
[2026-04-28 14:18:28] ds_weather_nonote_v2 cases_007  steps  11- 19: 7.8s  total: 15.5s  (20/100)
[2026-04-28 14:18:36] ds_weather_nonote_v2 cases_007  steps  21- 29: 8.0s  total: 23.5s  (30/100)
[2026-04-28 14:18:44] ds_weather_nonote_v2 cases_007  steps  31- 39: 8.3s  total: 31.8s  (40/100)
[2026-04-28 14:18:53] ds_weather_nonote_v2 cases_007  steps  41- 49: 9.3s  total: 41.1s  (50/100)
[2026-04-28 14:19:03] ds_weather_nonote_v2 cases_007  steps  51- 59: 9.9s  total: 51.0s  (60/100)
[2026-04-28 14:19:13] ds_weather_nonote_v2 cases_007  steps  61- 69: 10.0s  total: 61.0s  (70/100)
[2026-04-28 14:19:23] ds_weather_nonote_v2 cases_007  steps  71- 79: 9.9s  total: 70.9s  (80/100)
[2026-04-28 14:19:33] ds_weather_nonote_v2 cases_007  steps  81- 89: 10.1s  total: 81.0s  (90/100)
[2026-04-28 14:19:43] ds_weather_nonote_v2 cases_007  steps  91- 99: 9.5s  total: 90.5s  (100/100)
[2026-04-28 14:19:43] DONE ds_weather_nonote_v2 cases_007  total: 90.5s  (0.90s/step)
[2026-04-28 14:19:43]   tokens: 381,450 in + 800 out (reasoning: 0)  cost: $0.1039
[2026-04-28 14:19:43] START ds_weather_nonote_v2 cases_008 (100 steps, nonote)
[2026-04-28 14:19:51] ds_weather_nonote_v2 cases_008  steps   1-  9: 7.8s  total: 7.8s  (10/100)
[2026-04-28 14:19:59] ds_weather_nonote_v2 cases_008  steps  11- 19: 8.2s  total: 16.0s  (20/100)
[2026-04-28 14:20:07] ds_weather_nonote_v2 cases_008  steps  21- 29: 8.1s  total: 24.1s  (30/100)
[2026-04-28 14:20:16] ds_weather_nonote_v2 cases_008  steps  31- 39: 8.6s  total: 32.7s  (40/100)
[2026-04-28 14:20:25] ds_weather_nonote_v2 cases_008  steps  41- 49: 9.4s  total: 42.1s  (50/100)
[2026-04-28 14:20:34] ds_weather_nonote_v2 cases_008  steps  51- 59: 9.2s  total: 51.3s  (60/100)
[2026-04-28 14:20:44] ds_weather_nonote_v2 cases_008  steps  61- 69: 9.6s  total: 60.9s  (70/100)
[2026-04-28 14:20:54] ds_weather_nonote_v2 cases_008  steps  71- 79: 9.6s  total: 70.5s  (80/100)
[2026-04-28 14:21:04] ds_weather_nonote_v2 cases_008  steps  81- 89: 10.4s  total: 80.9s  (90/100)
[2026-04-28 14:21:14] ds_weather_nonote_v2 cases_008  steps  91- 99: 10.0s  total: 90.9s  (100/100)
[2026-04-28 14:21:14] DONE ds_weather_nonote_v2 cases_008  total: 90.9s  (0.91s/step)
[2026-04-28 14:21:14]   tokens: 381,450 in + 800 out (reasoning: 0)  cost: $0.1039
[2026-04-28 14:21:15] START ds_weather_nonote_v2 cases_009 (100 steps, nonote)
[2026-04-28 14:21:23] ds_weather_nonote_v2 cases_009  steps   1-  9: 8.5s  total: 8.5s  (10/100)
[2026-04-28 14:21:31] ds_weather_nonote_v2 cases_009  steps  11- 19: 7.7s  total: 16.2s  (20/100)
[2026-04-28 14:21:39] ds_weather_nonote_v2 cases_009  steps  21- 29: 8.5s  total: 24.7s  (30/100)
[2026-04-28 14:21:48] ds_weather_nonote_v2 cases_009  steps  31- 39: 8.5s  total: 33.2s  (40/100)
[2026-04-28 14:21:57] ds_weather_nonote_v2 cases_009  steps  41- 49: 9.1s  total: 42.3s  (50/100)
[2026-04-28 14:22:06] ds_weather_nonote_v2 cases_009  steps  51- 59: 9.1s  total: 51.5s  (60/100)
[2026-04-28 14:22:15] ds_weather_nonote_v2 cases_009  steps  61- 69: 9.5s  total: 61.0s  (70/100)
[2026-04-28 14:22:25] ds_weather_nonote_v2 cases_009  steps  71- 79: 9.6s  total: 70.6s  (80/100)
[2026-04-28 14:22:35] ds_weather_nonote_v2 cases_009  steps  81- 89: 10.0s  total: 80.6s  (90/100)
[2026-04-28 14:22:45] ds_weather_nonote_v2 cases_009  steps  91- 99: 9.6s  total: 90.2s  (100/100)
[2026-04-28 14:22:45] DONE ds_weather_nonote_v2 cases_009  total: 90.2s  (0.90s/step)
[2026-04-28 14:22:45]   tokens: 381,450 in + 800 out (reasoning: 0)  cost: $0.1039
[2026-04-28 14:22:45] START ds_weather_nonote_v2 cases_010 (100 steps, nonote)
[2026-04-28 14:22:53] ds_weather_nonote_v2 cases_010  steps   1-  9: 7.8s  total: 7.8s  (10/100)
[2026-04-28 14:23:01] ds_weather_nonote_v2 cases_010  steps  11- 19: 7.9s  total: 15.8s  (20/100)
[2026-04-28 14:23:09] ds_weather_nonote_v2 cases_010  steps  21- 29: 8.2s  total: 23.9s  (30/100)
[2026-04-28 14:23:18] ds_weather_nonote_v2 cases_010  steps  31- 39: 8.5s  total: 32.4s  (40/100)
[2026-04-28 14:23:27] ds_weather_nonote_v2 cases_010  steps  41- 49: 9.0s  total: 41.5s  (50/100)
[2026-04-28 14:23:36] ds_weather_nonote_v2 cases_010  steps  51- 59: 9.4s  total: 50.8s  (60/100)
[2026-04-28 14:23:46] ds_weather_nonote_v2 cases_010  steps  61- 69: 9.5s  total: 60.4s  (70/100)
[2026-04-28 14:23:55] ds_weather_nonote_v2 cases_010  steps  71- 79: 9.7s  total: 70.1s  (80/100)
[2026-04-28 14:24:04] ds_weather_nonote_v2 cases_010  steps  81- 89: 9.2s  total: 79.3s  (90/100)
[2026-04-28 14:24:14] ds_weather_nonote_v2 cases_010  steps  91- 99: 9.9s  total: 89.2s  (100/100)
[2026-04-28 14:24:15] DONE ds_weather_nonote_v2 cases_010  total: 89.2s  (0.89s/step)
[2026-04-28 14:24:15]   tokens: 381,450 in + 800 out (reasoning: 0)  cost: $0.1039
[2026-04-28 14:24:15] START ds_weather_nonote_v2 cases_011 (100 steps, nonote)
[2026-04-28 14:24:23] ds_weather_nonote_v2 cases_011  steps   1-  9: 7.7s  total: 7.7s  (10/100)
[2026-04-28 14:24:31] ds_weather_nonote_v2 cases_011  steps  11- 19: 8.0s  total: 15.7s  (20/100)
[2026-04-28 14:24:39] ds_weather_nonote_v2 cases_011  steps  21- 29: 8.4s  total: 24.1s  (30/100)
[2026-04-28 14:24:47] ds_weather_nonote_v2 cases_011  steps  31- 39: 8.4s  total: 32.5s  (40/100)
[2026-04-28 14:24:57] ds_weather_nonote_v2 cases_011  steps  41- 49: 9.4s  total: 41.9s  (50/100)
[2026-04-28 14:25:06] ds_weather_nonote_v2 cases_011  steps  51- 59: 9.0s  total: 50.9s  (60/100)
[2026-04-28 14:25:15] ds_weather_nonote_v2 cases_011  steps  61- 69: 9.4s  total: 60.3s  (70/100)
[2026-04-28 14:25:25] ds_weather_nonote_v2 cases_011  steps  71- 79: 9.9s  total: 70.2s  (80/100)
[2026-04-28 14:25:35] ds_weather_nonote_v2 cases_011  steps  81- 89: 9.8s  total: 80.0s  (90/100)
[2026-04-28 14:25:45] ds_weather_nonote_v2 cases_011  steps  91- 99: 9.7s  total: 89.7s  (100/100)
[2026-04-28 14:25:45] DONE ds_weather_nonote_v2 cases_011  total: 89.7s  (0.90s/step)
[2026-04-28 14:25:45]   tokens: 381,450 in + 800 out (reasoning: 0)  cost: $0.1039
[2026-04-28 14:25:45] START ds_weather_nonote_v2 cases_012 (100 steps, nonote)
[2026-04-28 14:25:53] ds_weather_nonote_v2 cases_012  steps   1-  9: 7.9s  total: 7.9s  (10/100)
[2026-04-28 14:26:01] ds_weather_nonote_v2 cases_012  steps  11- 19: 7.8s  total: 15.6s  (20/100)
[2026-04-28 14:26:09] ds_weather_nonote_v2 cases_012  steps  21- 29: 8.2s  total: 23.8s  (30/100)
[2026-04-28 14:26:17] ds_weather_nonote_v2 cases_012  steps  31- 39: 8.5s  total: 32.3s  (40/100)
[2026-04-28 14:26:26] ds_weather_nonote_v2 cases_012  steps  41- 49: 9.0s  total: 41.3s  (50/100)
[2026-04-28 14:26:36] ds_weather_nonote_v2 cases_012  steps  51- 59: 9.4s  total: 50.7s  (60/100)
[2026-04-28 14:26:45] ds_weather_nonote_v2 cases_012  steps  61- 69: 9.2s  total: 59.9s  (70/100)
[2026-04-28 14:26:54] ds_weather_nonote_v2 cases_012  steps  71- 79: 9.1s  total: 69.0s  (80/100)
[2026-04-28 14:27:04] ds_weather_nonote_v2 cases_012  steps  81- 89: 9.6s  total: 78.6s  (90/100)
[2026-04-28 14:27:13] ds_weather_nonote_v2 cases_012  steps  91- 99: 9.7s  total: 88.3s  (100/100)
[2026-04-28 14:27:14] DONE ds_weather_nonote_v2 cases_012  total: 88.3s  (0.88s/step)
[2026-04-28 14:27:14]   tokens: 381,450 in + 800 out (reasoning: 0)  cost: $0.1039
[2026-04-28 14:27:14] START ds_weather_nonote_v2 cases_013 (100 steps, nonote)
[2026-04-28 14:27:21] ds_weather_nonote_v2 cases_013  steps   1-  9: 7.5s  total: 7.5s  (10/100)
[2026-04-28 14:27:30] ds_weather_nonote_v2 cases_013  steps  11- 19: 8.5s  total: 16.0s  (20/100)
[2026-04-28 14:27:38] ds_weather_nonote_v2 cases_013  steps  21- 29: 8.0s  total: 24.0s  (30/100)
[2026-04-28 14:27:46] ds_weather_nonote_v2 cases_013  steps  31- 39: 8.3s  total: 32.3s  (40/100)
[2026-04-28 14:27:55] ds_weather_nonote_v2 cases_013  steps  41- 49: 9.2s  total: 41.5s  (50/100)
[2026-04-28 14:28:05] ds_weather_nonote_v2 cases_013  steps  51- 59: 9.5s  total: 51.0s  (60/100)
[2026-04-28 14:28:14] ds_weather_nonote_v2 cases_013  steps  61- 69: 9.5s  total: 60.5s  (70/100)
[2026-04-28 14:28:24] ds_weather_nonote_v2 cases_013  steps  71- 79: 9.2s  total: 69.7s  (80/100)
[2026-04-28 14:28:33] ds_weather_nonote_v2 cases_013  steps  81- 89: 9.5s  total: 79.2s  (90/100)
[2026-04-28 14:28:43] ds_weather_nonote_v2 cases_013  steps  91- 99: 9.7s  total: 89.0s  (100/100)
[2026-04-28 14:28:43] DONE ds_weather_nonote_v2 cases_013  total: 89.0s  (0.89s/step)
[2026-04-28 14:28:43]   tokens: 381,450 in + 800 out (reasoning: 0)  cost: $0.1039
[2026-04-28 14:28:43] START ds_weather_nonote_v2 cases_014 (100 steps, nonote)
[2026-04-28 14:28:51] ds_weather_nonote_v2 cases_014  steps   1-  9: 7.8s  total: 7.8s  (10/100)
[2026-04-28 14:29:00] ds_weather_nonote_v2 cases_014  steps  11- 19: 8.4s  total: 16.2s  (20/100)
[2026-04-28 14:29:08] ds_weather_nonote_v2 cases_014  steps  21- 29: 8.6s  total: 24.9s  (30/100)
[2026-04-28 14:29:17] ds_weather_nonote_v2 cases_014  steps  31- 39: 8.4s  total: 33.3s  (40/100)
[2026-04-28 14:29:26] ds_weather_nonote_v2 cases_014  steps  41- 49: 8.9s  total: 42.2s  (50/100)
[2026-04-28 14:29:35] ds_weather_nonote_v2 cases_014  steps  51- 59: 9.2s  total: 51.4s  (60/100)
[2026-04-28 14:29:44] ds_weather_nonote_v2 cases_014  steps  61- 69: 9.3s  total: 60.6s  (70/100)
[2026-04-28 14:29:53] ds_weather_nonote_v2 cases_014  steps  71- 79: 9.3s  total: 69.9s  (80/100)
[2026-04-28 14:30:03] ds_weather_nonote_v2 cases_014  steps  81- 89: 10.1s  total: 80.0s  (90/100)
[2026-04-28 14:30:14] ds_weather_nonote_v2 cases_014  steps  91- 99: 10.1s  total: 90.1s  (100/100)
[2026-04-28 14:30:14] DONE ds_weather_nonote_v2 cases_014  total: 90.1s  (0.90s/step)
[2026-04-28 14:30:14]   tokens: 381,450 in + 800 out (reasoning: 0)  cost: $0.1039
[2026-04-28 14:30:14] START ds_weather_nonote_v2 cases_015 (100 steps, nonote)
[2026-04-28 14:30:22] ds_weather_nonote_v2 cases_015  steps   1-  9: 8.1s  total: 8.1s  (10/100)
[2026-04-28 14:30:30] ds_weather_nonote_v2 cases_015  steps  11- 19: 7.9s  total: 16.0s  (20/100)
[2026-04-28 14:30:39] ds_weather_nonote_v2 cases_015  steps  21- 29: 8.5s  total: 24.5s  (30/100)
[2026-04-28 14:30:47] ds_weather_nonote_v2 cases_015  steps  31- 39: 8.5s  total: 33.0s  (40/100)
[2026-04-28 14:30:56] ds_weather_nonote_v2 cases_015  steps  41- 49: 9.1s  total: 42.2s  (50/100)
[2026-04-28 14:31:06] ds_weather_nonote_v2 cases_015  steps  51- 59: 9.8s  total: 51.9s  (60/100)
[2026-04-28 14:31:16] ds_weather_nonote_v2 cases_015  steps  61- 69: 9.9s  total: 61.9s  (70/100)
[2026-04-28 14:31:26] ds_weather_nonote_v2 cases_015  steps  71- 79: 9.7s  total: 71.6s  (80/100)
[2026-04-28 14:31:35] ds_weather_nonote_v2 cases_015  steps  81- 89: 9.8s  total: 81.4s  (90/100)
[2026-04-28 14:31:45] ds_weather_nonote_v2 cases_015  steps  91- 99: 10.0s  total: 91.4s  (100/100)
[2026-04-28 14:31:46] DONE ds_weather_nonote_v2 cases_015  total: 91.4s  (0.91s/step)
[2026-04-28 14:31:46]   tokens: 381,450 in + 800 out (reasoning: 0)  cost: $0.1039
[2026-04-28 14:31:46] START ds_weather_nonote_v2 cases_016 (100 steps, nonote)
[2026-04-28 14:31:54] ds_weather_nonote_v2 cases_016  steps   1-  9: 7.7s  total: 7.7s  (10/100)
[2026-04-28 14:32:02] ds_weather_nonote_v2 cases_016  steps  11- 19: 8.3s  total: 16.0s  (20/100)
[2026-04-28 14:32:11] ds_weather_nonote_v2 cases_016  steps  21- 29: 8.9s  total: 24.8s  (30/100)
[2026-04-28 14:32:19] ds_weather_nonote_v2 cases_016  steps  31- 39: 8.6s  total: 33.4s  (40/100)
[2026-04-28 14:32:28] ds_weather_nonote_v2 cases_016  steps  41- 49: 8.9s  total: 42.4s  (50/100)
[2026-04-28 14:32:38] ds_weather_nonote_v2 cases_016  steps  51- 59: 9.4s  total: 51.8s  (60/100)
[2026-04-28 14:32:47] ds_weather_nonote_v2 cases_016  steps  61- 69: 9.4s  total: 61.2s  (70/100)
[2026-04-28 14:32:56] ds_weather_nonote_v2 cases_016  steps  71- 79: 9.2s  total: 70.4s  (80/100)
[2026-04-28 14:33:06] ds_weather_nonote_v2 cases_016  steps  81- 89: 10.0s  total: 80.4s  (90/100)
[2026-04-28 14:33:16] ds_weather_nonote_v2 cases_016  steps  91- 99: 9.3s  total: 89.8s  (100/100)
[2026-04-28 14:33:16] DONE ds_weather_nonote_v2 cases_016  total: 89.8s  (0.90s/step)
[2026-04-28 14:33:16]   tokens: 381,450 in + 800 out (reasoning: 0)  cost: $0.1039
[2026-04-28 14:33:16] START ds_weather_nonote_v2 cases_017 (100 steps, nonote)
[2026-04-28 14:33:24] ds_weather_nonote_v2 cases_017  steps   1-  9: 7.9s  total: 7.9s  (10/100)
[2026-04-28 14:33:32] ds_weather_nonote_v2 cases_017  steps  11- 19: 8.2s  total: 16.1s  (20/100)
[2026-04-28 14:33:40] ds_weather_nonote_v2 cases_017  steps  21- 29: 8.2s  total: 24.3s  (30/100)
[2026-04-28 14:33:49] ds_weather_nonote_v2 cases_017  steps  31- 39: 8.5s  total: 32.8s  (40/100)
[2026-04-28 14:33:58] ds_weather_nonote_v2 cases_017  steps  41- 49: 9.1s  total: 41.9s  (50/100)
[2026-04-28 14:34:07] ds_weather_nonote_v2 cases_017  steps  51- 59: 8.9s  total: 50.8s  (60/100)
[2026-04-28 14:34:17] ds_weather_nonote_v2 cases_017  steps  61- 69: 9.5s  total: 60.4s  (70/100)
[2026-04-28 14:34:26] ds_weather_nonote_v2 cases_017  steps  71- 79: 9.3s  total: 69.7s  (80/100)
[2026-04-28 14:34:35] ds_weather_nonote_v2 cases_017  steps  81- 89: 9.6s  total: 79.3s  (90/100)
[2026-04-28 14:34:45] ds_weather_nonote_v2 cases_017  steps  91- 99: 9.3s  total: 88.6s  (100/100)
[2026-04-28 14:34:45] DONE ds_weather_nonote_v2 cases_017  total: 88.6s  (0.89s/step)
[2026-04-28 14:34:45]   tokens: 381,450 in + 800 out (reasoning: 0)  cost: $0.1039
[2026-04-28 14:34:45] START ds_weather_nonote_v2 cases_018 (100 steps, nonote)
[2026-04-28 14:34:53] ds_weather_nonote_v2 cases_018  steps   1-  9: 7.8s  total: 7.8s  (10/100)
[2026-04-28 14:35:01] ds_weather_nonote_v2 cases_018  steps  11- 19: 8.1s  total: 16.0s  (20/100)
[2026-04-28 14:35:10] ds_weather_nonote_v2 cases_018  steps  21- 29: 8.4s  total: 24.3s  (30/100)
[2026-04-28 14:35:18] ds_weather_nonote_v2 cases_018  steps  31- 39: 8.7s  total: 33.0s  (40/100)
[2026-04-28 14:35:27] ds_weather_nonote_v2 cases_018  steps  41- 49: 8.7s  total: 41.8s  (50/100)
[2026-04-28 14:35:37] ds_weather_nonote_v2 cases_018  steps  51- 59: 9.5s  total: 51.2s  (60/100)
[2026-04-28 14:35:46] ds_weather_nonote_v2 cases_018  steps  61- 69: 9.4s  total: 60.6s  (70/100)
[2026-04-28 14:35:55] ds_weather_nonote_v2 cases_018  steps  71- 79: 9.5s  total: 70.1s  (80/100)
[2026-04-28 14:36:05] ds_weather_nonote_v2 cases_018  steps  81- 89: 9.9s  total: 80.0s  (90/100)
[2026-04-28 14:36:15] ds_weather_nonote_v2 cases_018  steps  91- 99: 9.4s  total: 89.4s  (100/100)
[2026-04-28 14:36:15] DONE ds_weather_nonote_v2 cases_018  total: 89.4s  (0.89s/step)
[2026-04-28 14:36:15]   tokens: 381,450 in + 800 out (reasoning: 0)  cost: $0.1039
[2026-04-28 14:36:15] START ds_weather_nonote_v2 cases_019 (100 steps, nonote)
[2026-04-28 14:36:23] ds_weather_nonote_v2 cases_019  steps   1-  9: 7.9s  total: 7.9s  (10/100)
[2026-04-28 14:36:31] ds_weather_nonote_v2 cases_019  steps  11- 19: 8.0s  total: 15.8s  (20/100)
[2026-04-28 14:36:39] ds_weather_nonote_v2 cases_019  steps  21- 29: 8.0s  total: 23.9s  (30/100)
[2026-04-28 14:36:48] ds_weather_nonote_v2 cases_019  steps  31- 39: 8.4s  total: 32.3s  (40/100)
[2026-04-28 14:36:57] ds_weather_nonote_v2 cases_019  steps  41- 49: 9.2s  total: 41.5s  (50/100)
[2026-04-28 14:37:06] ds_weather_nonote_v2 cases_019  steps  51- 59: 9.0s  total: 50.5s  (60/100)
[2026-04-28 14:37:16] ds_weather_nonote_v2 cases_019  steps  61- 69: 10.0s  total: 60.5s  (70/100)
[2026-04-28 14:37:25] ds_weather_nonote_v2 cases_019  steps  71- 79: 9.4s  total: 69.9s  (80/100)
[2026-04-28 14:37:35] ds_weather_nonote_v2 cases_019  steps  81- 89: 9.7s  total: 79.5s  (90/100)
[2026-04-28 14:37:45] ds_weather_nonote_v2 cases_019  steps  91- 99: 9.9s  total: 89.5s  (100/100)
[2026-04-28 14:37:45] DONE ds_weather_nonote_v2 cases_019  total: 89.5s  (0.89s/step)
[2026-04-28 14:37:45]   tokens: 381,450 in + 800 out (reasoning: 0)  cost: $0.1039
[2026-04-28 14:37:45] START ds_weather_nonote_nohint_v2 cases_000 (100 steps, nonote)
[2026-04-28 14:37:53] ds_weather_nonote_nohint_v2 cases_000  steps   1-  9: 7.9s  total: 7.9s  (10/100)
[2026-04-28 14:38:01] ds_weather_nonote_nohint_v2 cases_000  steps  11- 19: 7.7s  total: 15.7s  (20/100)
[2026-04-28 14:38:09] ds_weather_nonote_nohint_v2 cases_000  steps  21- 29: 7.8s  total: 23.5s  (30/100)
[2026-04-28 14:38:17] ds_weather_nonote_nohint_v2 cases_000  steps  31- 39: 8.3s  total: 31.8s  (40/100)
[2026-04-28 14:38:27] ds_weather_nonote_nohint_v2 cases_000  steps  41- 49: 9.6s  total: 41.4s  (50/100)
[2026-04-28 14:38:36] ds_weather_nonote_nohint_v2 cases_000  steps  51- 59: 9.5s  total: 50.9s  (60/100)
[2026-04-28 14:38:45] ds_weather_nonote_nohint_v2 cases_000  steps  61- 69: 9.0s  total: 59.9s  (70/100)
[2026-04-28 14:38:55] ds_weather_nonote_nohint_v2 cases_000  steps  71- 79: 9.5s  total: 69.4s  (80/100)
[2026-04-28 14:39:04] ds_weather_nonote_nohint_v2 cases_000  steps  81- 89: 9.1s  total: 78.5s  (90/100)
[2026-04-28 14:39:13] ds_weather_nonote_nohint_v2 cases_000  steps  91- 99: 9.8s  total: 88.3s  (100/100)
[2026-04-28 14:39:14] DONE ds_weather_nonote_nohint_v2 cases_000  total: 88.3s  (0.88s/step)
[2026-04-28 14:39:14]   tokens: 379,550 in + 800 out (reasoning: 0)  cost: $0.1034
[2026-04-28 14:39:14] START ds_weather_nonote_nohint_v2 cases_001 (100 steps, nonote)
[2026-04-28 14:39:22] ds_weather_nonote_nohint_v2 cases_001  steps   1-  9: 8.0s  total: 8.0s  (10/100)
[2026-04-28 14:39:30] ds_weather_nonote_nohint_v2 cases_001  steps  11- 19: 8.1s  total: 16.1s  (20/100)
[2026-04-28 14:39:38] ds_weather_nonote_nohint_v2 cases_001  steps  21- 29: 7.9s  total: 24.0s  (30/100)
[2026-04-28 14:39:47] ds_weather_nonote_nohint_v2 cases_001  steps  31- 39: 8.7s  total: 32.7s  (40/100)
[2026-04-28 14:39:56] ds_weather_nonote_nohint_v2 cases_001  steps  41- 49: 9.1s  total: 41.8s  (50/100)
[2026-04-28 14:40:05] ds_weather_nonote_nohint_v2 cases_001  steps  51- 59: 9.6s  total: 51.3s  (60/100)
[2026-04-28 14:40:15] ds_weather_nonote_nohint_v2 cases_001  steps  61- 69: 9.5s  total: 60.8s  (70/100)
[2026-04-28 14:40:24] ds_weather_nonote_nohint_v2 cases_001  steps  71- 79: 9.6s  total: 70.4s  (80/100)
[2026-04-28 14:40:34] ds_weather_nonote_nohint_v2 cases_001  steps  81- 89: 9.8s  total: 80.1s  (90/100)
[2026-04-28 14:40:44] ds_weather_nonote_nohint_v2 cases_001  steps  91- 99: 9.4s  total: 89.6s  (100/100)
[2026-04-28 14:40:44] DONE ds_weather_nonote_nohint_v2 cases_001  total: 89.6s  (0.90s/step)
[2026-04-28 14:40:44]   tokens: 379,550 in + 800 out (reasoning: 0)  cost: $0.1034
[2026-04-28 14:40:44] START ds_weather_nonote_nohint_v2 cases_002 (100 steps, nonote)
[2026-04-28 14:40:52] ds_weather_nonote_nohint_v2 cases_002  steps   1-  9: 7.6s  total: 7.6s  (10/100)
[2026-04-28 14:40:59] ds_weather_nonote_nohint_v2 cases_002  steps  11- 19: 7.9s  total: 15.5s  (20/100)
[2026-04-28 14:41:08] ds_weather_nonote_nohint_v2 cases_002  steps  21- 29: 8.3s  total: 23.8s  (30/100)
[2026-04-28 14:41:16] ds_weather_nonote_nohint_v2 cases_002  steps  31- 39: 8.6s  total: 32.3s  (40/100)
[2026-04-28 14:41:26] ds_weather_nonote_nohint_v2 cases_002  steps  41- 49: 9.2s  total: 41.5s  (50/100)
[2026-04-28 14:41:35] ds_weather_nonote_nohint_v2 cases_002  steps  51- 59: 9.2s  total: 50.8s  (60/100)
[2026-04-28 14:41:44] ds_weather_nonote_nohint_v2 cases_002  steps  61- 69: 9.7s  total: 60.4s  (70/100)
[2026-04-28 14:41:54] ds_weather_nonote_nohint_v2 cases_002  steps  71- 79: 9.8s  total: 70.2s  (80/100)
[2026-04-28 14:42:04] ds_weather_nonote_nohint_v2 cases_002  steps  81- 89: 9.7s  total: 79.9s  (90/100)
[2026-04-28 14:42:13] ds_weather_nonote_nohint_v2 cases_002  steps  91- 99: 9.1s  total: 89.0s  (100/100)
[2026-04-28 14:42:13] DONE ds_weather_nonote_nohint_v2 cases_002  total: 89.0s  (0.89s/step)
[2026-04-28 14:42:13]   tokens: 379,550 in + 800 out (reasoning: 0)  cost: $0.1034
[2026-04-28 14:42:13] START ds_weather_nonote_nohint_v2 cases_003 (100 steps, nonote)
[2026-04-28 14:42:21] ds_weather_nonote_nohint_v2 cases_003  steps   1-  9: 8.0s  total: 8.0s  (10/100)
[2026-04-28 14:42:29] ds_weather_nonote_nohint_v2 cases_003  steps  11- 19: 7.8s  total: 15.8s  (20/100)
[2026-04-28 14:42:37] ds_weather_nonote_nohint_v2 cases_003  steps  21- 29: 7.9s  total: 23.6s  (30/100)
[2026-04-28 14:42:46] ds_weather_nonote_nohint_v2 cases_003  steps  31- 39: 8.5s  total: 32.2s  (40/100)
[2026-04-28 14:42:55] ds_weather_nonote_nohint_v2 cases_003  steps  41- 49: 9.2s  total: 41.3s  (50/100)
[2026-04-28 14:43:04] ds_weather_nonote_nohint_v2 cases_003  steps  51- 59: 9.4s  total: 50.7s  (60/100)
[2026-04-28 14:43:14] ds_weather_nonote_nohint_v2 cases_003  steps  61- 69: 9.6s  total: 60.3s  (70/100)
[2026-04-28 14:43:23] ds_weather_nonote_nohint_v2 cases_003  steps  71- 79: 9.7s  total: 70.0s  (80/100)
[2026-04-28 14:43:33] ds_weather_nonote_nohint_v2 cases_003  steps  81- 89: 9.4s  total: 79.5s  (90/100)
[2026-04-28 14:43:43] ds_weather_nonote_nohint_v2 cases_003  steps  91- 99: 10.1s  total: 89.5s  (100/100)
[2026-04-28 14:43:43] DONE ds_weather_nonote_nohint_v2 cases_003  total: 89.5s  (0.90s/step)
[2026-04-28 14:43:43]   tokens: 379,550 in + 800 out (reasoning: 0)  cost: $0.1034
[2026-04-28 14:43:44] START ds_weather_nonote_nohint_v2 cases_004 (100 steps, nonote)
[2026-04-28 14:43:52] ds_weather_nonote_nohint_v2 cases_004  steps   1-  9: 8.3s  total: 8.3s  (10/100)
[2026-04-28 14:44:00] ds_weather_nonote_nohint_v2 cases_004  steps  11- 19: 8.0s  total: 16.3s  (20/100)
[2026-04-28 14:44:08] ds_weather_nonote_nohint_v2 cases_004  steps  21- 29: 7.9s  total: 24.1s  (30/100)
[2026-04-28 14:44:16] ds_weather_nonote_nohint_v2 cases_004  steps  31- 39: 8.6s  total: 32.7s  (40/100)
[2026-04-28 14:44:26] ds_weather_nonote_nohint_v2 cases_004  steps  41- 49: 9.4s  total: 42.1s  (50/100)
[2026-04-28 14:44:35] ds_weather_nonote_nohint_v2 cases_004  steps  51- 59: 9.2s  total: 51.3s  (60/100)
[2026-04-28 14:44:44] ds_weather_nonote_nohint_v2 cases_004  steps  61- 69: 9.3s  total: 60.6s  (70/100)
[2026-04-28 14:44:54] ds_weather_nonote_nohint_v2 cases_004  steps  71- 79: 9.4s  total: 70.1s  (80/100)
[2026-04-28 14:45:03] ds_weather_nonote_nohint_v2 cases_004  steps  81- 89: 9.2s  total: 79.3s  (90/100)
[2026-04-28 14:45:12] ds_weather_nonote_nohint_v2 cases_004  steps  91- 99: 9.5s  total: 88.9s  (100/100)
[2026-04-28 14:45:13] DONE ds_weather_nonote_nohint_v2 cases_004  total: 88.9s  (0.89s/step)
[2026-04-28 14:45:13]   tokens: 379,550 in + 800 out (reasoning: 0)  cost: $0.1034
[2026-04-28 14:45:13] START ds_weather_nonote_nohint_v2 cases_005 (100 steps, nonote)
[2026-04-28 14:45:21] ds_weather_nonote_nohint_v2 cases_005  steps   1-  9: 8.0s  total: 8.0s  (10/100)
[2026-04-28 14:45:29] ds_weather_nonote_nohint_v2 cases_005  steps  11- 19: 8.0s  total: 16.0s  (20/100)
[2026-04-28 14:45:37] ds_weather_nonote_nohint_v2 cases_005  steps  21- 29: 7.9s  total: 23.9s  (30/100)
[2026-04-28 14:45:45] ds_weather_nonote_nohint_v2 cases_005  steps  31- 39: 8.2s  total: 32.1s  (40/100)
[2026-04-28 14:45:54] ds_weather_nonote_nohint_v2 cases_005  steps  41- 49: 8.9s  total: 41.1s  (50/100)
[2026-04-28 14:46:04] ds_weather_nonote_nohint_v2 cases_005  steps  51- 59: 9.8s  total: 50.8s  (60/100)
[2026-04-28 14:46:13] ds_weather_nonote_nohint_v2 cases_005  steps  61- 69: 9.2s  total: 60.0s  (70/100)
[2026-04-28 14:46:22] ds_weather_nonote_nohint_v2 cases_005  steps  71- 79: 9.4s  total: 69.5s  (80/100)
[2026-04-28 14:46:32] ds_weather_nonote_nohint_v2 cases_005  steps  81- 89: 9.4s  total: 78.9s  (90/100)
[2026-04-28 14:46:41] ds_weather_nonote_nohint_v2 cases_005  steps  91- 99: 9.1s  total: 88.0s  (100/100)
[2026-04-28 14:46:41] DONE ds_weather_nonote_nohint_v2 cases_005  total: 88.0s  (0.88s/step)
[2026-04-28 14:46:41]   tokens: 379,550 in + 800 out (reasoning: 0)  cost: $0.1034
[2026-04-28 14:46:41] START ds_weather_nonote_nohint_v2 cases_006 (100 steps, nonote)
[2026-04-28 14:46:49] ds_weather_nonote_nohint_v2 cases_006  steps   1-  9: 7.6s  total: 7.6s  (10/100)
[2026-04-28 14:46:57] ds_weather_nonote_nohint_v2 cases_006  steps  11- 19: 7.7s  total: 15.3s  (20/100)
[2026-04-28 14:47:05] ds_weather_nonote_nohint_v2 cases_006  steps  21- 29: 8.0s  total: 23.3s  (30/100)
[2026-04-28 14:47:13] ds_weather_nonote_nohint_v2 cases_006  steps  31- 39: 8.6s  total: 31.9s  (40/100)
[2026-04-28 14:47:23] ds_weather_nonote_nohint_v2 cases_006  steps  41- 49: 9.7s  total: 41.6s  (50/100)
[2026-04-28 14:47:33] ds_weather_nonote_nohint_v2 cases_006  steps  51- 59: 9.5s  total: 51.1s  (60/100)
[2026-04-28 14:47:42] ds_weather_nonote_nohint_v2 cases_006  steps  61- 69: 9.2s  total: 60.2s  (70/100)
[2026-04-28 14:47:51] ds_weather_nonote_nohint_v2 cases_006  steps  71- 79: 9.5s  total: 69.7s  (80/100)
[2026-04-28 14:48:01] ds_weather_nonote_nohint_v2 cases_006  steps  81- 89: 9.5s  total: 79.3s  (90/100)
[2026-04-28 14:48:10] ds_weather_nonote_nohint_v2 cases_006  steps  91- 99: 9.6s  total: 88.8s  (100/100)
[2026-04-28 14:48:11] DONE ds_weather_nonote_nohint_v2 cases_006  total: 88.8s  (0.89s/step)
[2026-04-28 14:48:11]   tokens: 379,550 in + 800 out (reasoning: 0)  cost: $0.1034
[2026-04-28 14:48:11] START ds_weather_nonote_nohint_v2 cases_007 (100 steps, nonote)
[2026-04-28 14:48:19] ds_weather_nonote_nohint_v2 cases_007  steps   1-  9: 7.9s  total: 7.9s  (10/100)
[2026-04-28 14:48:27] ds_weather_nonote_nohint_v2 cases_007  steps  11- 19: 8.1s  total: 16.0s  (20/100)
[2026-04-28 14:48:35] ds_weather_nonote_nohint_v2 cases_007  steps  21- 29: 8.1s  total: 24.1s  (30/100)
[2026-04-28 14:48:43] ds_weather_nonote_nohint_v2 cases_007  steps  31- 39: 8.3s  total: 32.4s  (40/100)
[2026-04-28 14:48:53] ds_weather_nonote_nohint_v2 cases_007  steps  41- 49: 9.4s  total: 41.8s  (50/100)
[2026-04-28 14:49:02] ds_weather_nonote_nohint_v2 cases_007  steps  51- 59: 9.2s  total: 51.0s  (60/100)
[2026-04-28 14:49:11] ds_weather_nonote_nohint_v2 cases_007  steps  61- 69: 9.6s  total: 60.7s  (70/100)
[2026-04-28 14:49:21] ds_weather_nonote_nohint_v2 cases_007  steps  71- 79: 9.5s  total: 70.2s  (80/100)
[2026-04-28 14:49:30] ds_weather_nonote_nohint_v2 cases_007  steps  81- 89: 9.2s  total: 79.4s  (90/100)
[2026-04-28 14:49:39] ds_weather_nonote_nohint_v2 cases_007  steps  91- 99: 9.3s  total: 88.6s  (100/100)
[2026-04-28 14:49:40] DONE ds_weather_nonote_nohint_v2 cases_007  total: 88.6s  (0.89s/step)
[2026-04-28 14:49:40]   tokens: 379,550 in + 800 out (reasoning: 0)  cost: $0.1034
[2026-04-28 14:49:40] START ds_weather_nonote_nohint_v2 cases_008 (100 steps, nonote)
[2026-04-28 14:49:47] ds_weather_nonote_nohint_v2 cases_008  steps   1-  9: 7.5s  total: 7.5s  (10/100)
[2026-04-28 14:49:55] ds_weather_nonote_nohint_v2 cases_008  steps  11- 19: 7.8s  total: 15.3s  (20/100)
[2026-04-28 14:50:03] ds_weather_nonote_nohint_v2 cases_008  steps  21- 29: 8.1s  total: 23.5s  (30/100)
[2026-04-28 14:50:12] ds_weather_nonote_nohint_v2 cases_008  steps  31- 39: 8.9s  total: 32.4s  (40/100)
[2026-04-28 14:50:22] ds_weather_nonote_nohint_v2 cases_008  steps  41- 49: 9.6s  total: 42.0s  (50/100)
[2026-04-28 14:50:31] ds_weather_nonote_nohint_v2 cases_008  steps  51- 59: 9.6s  total: 51.6s  (60/100)
[2026-04-28 14:50:41] ds_weather_nonote_nohint_v2 cases_008  steps  61- 69: 9.1s  total: 60.7s  (70/100)
[2026-04-28 14:50:50] ds_weather_nonote_nohint_v2 cases_008  steps  71- 79: 9.3s  total: 70.0s  (80/100)
[2026-04-28 14:50:59] ds_weather_nonote_nohint_v2 cases_008  steps  81- 89: 9.5s  total: 79.5s  (90/100)
[2026-04-28 14:51:09] ds_weather_nonote_nohint_v2 cases_008  steps  91- 99: 9.5s  total: 89.0s  (100/100)
[2026-04-28 14:51:09] DONE ds_weather_nonote_nohint_v2 cases_008  total: 89.0s  (0.89s/step)
[2026-04-28 14:51:09]   tokens: 379,550 in + 800 out (reasoning: 0)  cost: $0.1034
[2026-04-28 14:51:09] START ds_weather_nonote_nohint_v2 cases_009 (100 steps, nonote)
[2026-04-28 14:51:17] ds_weather_nonote_nohint_v2 cases_009  steps   1-  9: 7.7s  total: 7.7s  (10/100)
[2026-04-28 14:51:25] ds_weather_nonote_nohint_v2 cases_009  steps  11- 19: 8.1s  total: 15.8s  (20/100)
[2026-04-28 14:51:33] ds_weather_nonote_nohint_v2 cases_009  steps  21- 29: 7.9s  total: 23.7s  (30/100)
[2026-04-28 14:51:42] ds_weather_nonote_nohint_v2 cases_009  steps  31- 39: 8.6s  total: 32.3s  (40/100)
[2026-04-28 14:51:51] ds_weather_nonote_nohint_v2 cases_009  steps  41- 49: 9.2s  total: 41.5s  (50/100)
[2026-04-28 14:52:00] ds_weather_nonote_nohint_v2 cases_009  steps  51- 59: 9.1s  total: 50.7s  (60/100)
[2026-04-28 14:52:09] ds_weather_nonote_nohint_v2 cases_009  steps  61- 69: 9.2s  total: 59.9s  (70/100)
[2026-04-28 14:52:18] ds_weather_nonote_nohint_v2 cases_009  steps  71- 79: 9.3s  total: 69.1s  (80/100)
[2026-04-28 14:52:28] ds_weather_nonote_nohint_v2 cases_009  steps  81- 89: 9.7s  total: 78.9s  (90/100)
[2026-04-28 14:52:38] ds_weather_nonote_nohint_v2 cases_009  steps  91- 99: 10.0s  total: 88.9s  (100/100)
[2026-04-28 14:52:39] DONE ds_weather_nonote_nohint_v2 cases_009  total: 88.9s  (0.89s/step)
[2026-04-28 14:52:39]   tokens: 379,550 in + 800 out (reasoning: 0)  cost: $0.1034
[2026-04-28 14:52:39] START ds_weather_nonote_nohint_v2 cases_010 (100 steps, nonote)
[2026-04-28 14:52:47] ds_weather_nonote_nohint_v2 cases_010  steps   1-  9: 8.2s  total: 8.2s  (10/100)
[2026-04-28 14:52:55] ds_weather_nonote_nohint_v2 cases_010  steps  11- 19: 7.8s  total: 16.0s  (20/100)
[2026-04-28 14:53:03] ds_weather_nonote_nohint_v2 cases_010  steps  21- 29: 8.3s  total: 24.3s  (30/100)
[2026-04-28 14:53:12] ds_weather_nonote_nohint_v2 cases_010  steps  31- 39: 8.7s  total: 33.0s  (40/100)
[2026-04-28 14:53:21] ds_weather_nonote_nohint_v2 cases_010  steps  41- 49: 9.2s  total: 42.2s  (50/100)
[2026-04-28 14:53:30] ds_weather_nonote_nohint_v2 cases_010  steps  51- 59: 9.4s  total: 51.6s  (60/100)
[2026-04-28 14:53:40] ds_weather_nonote_nohint_v2 cases_010  steps  61- 69: 9.3s  total: 60.9s  (70/100)
[2026-04-28 14:53:49] ds_weather_nonote_nohint_v2 cases_010  steps  71- 79: 9.5s  total: 70.4s  (80/100)
[2026-04-28 14:53:58] ds_weather_nonote_nohint_v2 cases_010  steps  81- 89: 9.2s  total: 79.6s  (90/100)
[2026-04-28 14:54:08] ds_weather_nonote_nohint_v2 cases_010  steps  91- 99: 9.4s  total: 89.0s  (100/100)
[2026-04-28 14:54:08] DONE ds_weather_nonote_nohint_v2 cases_010  total: 89.0s  (0.89s/step)
[2026-04-28 14:54:08]   tokens: 379,550 in + 800 out (reasoning: 0)  cost: $0.1034
[2026-04-28 14:54:08] START ds_weather_nonote_nohint_v2 cases_011 (100 steps, nonote)
[2026-04-28 14:54:16] ds_weather_nonote_nohint_v2 cases_011  steps   1-  9: 7.7s  total: 7.7s  (10/100)
[2026-04-28 14:54:24] ds_weather_nonote_nohint_v2 cases_011  steps  11- 19: 7.8s  total: 15.5s  (20/100)
[2026-04-28 14:54:31] ds_weather_nonote_nohint_v2 cases_011  steps  21- 29: 7.9s  total: 23.4s  (30/100)
[2026-04-28 14:54:40] ds_weather_nonote_nohint_v2 cases_011  steps  31- 39: 8.4s  total: 31.9s  (40/100)
[2026-04-28 14:54:49] ds_weather_nonote_nohint_v2 cases_011  steps  41- 49: 9.3s  total: 41.2s  (50/100)
[2026-04-28 14:54:59] ds_weather_nonote_nohint_v2 cases_011  steps  51- 59: 9.4s  total: 50.6s  (60/100)
[2026-04-28 14:55:08] ds_weather_nonote_nohint_v2 cases_011  steps  61- 69: 9.3s  total: 59.9s  (70/100)
[2026-04-28 14:55:18] ds_weather_nonote_nohint_v2 cases_011  steps  71- 79: 9.7s  total: 69.6s  (80/100)
[2026-04-28 14:55:27] ds_weather_nonote_nohint_v2 cases_011  steps  81- 89: 9.1s  total: 78.7s  (90/100)
[2026-04-28 14:55:37] ds_weather_nonote_nohint_v2 cases_011  steps  91- 99: 9.8s  total: 88.5s  (100/100)
[2026-04-28 14:55:37] DONE ds_weather_nonote_nohint_v2 cases_011  total: 88.5s  (0.89s/step)
[2026-04-28 14:55:37]   tokens: 379,550 in + 800 out (reasoning: 0)  cost: $0.1034
[2026-04-28 14:55:37] START ds_weather_nonote_nohint_v2 cases_012 (100 steps, nonote)
[2026-04-28 14:55:45] ds_weather_nonote_nohint_v2 cases_012  steps   1-  9: 7.9s  total: 7.9s  (10/100)
[2026-04-28 14:55:53] ds_weather_nonote_nohint_v2 cases_012  steps  11- 19: 7.8s  total: 15.8s  (20/100)
[2026-04-28 14:56:01] ds_weather_nonote_nohint_v2 cases_012  steps  21- 29: 8.0s  total: 23.8s  (30/100)
[2026-04-28 14:56:10] ds_weather_nonote_nohint_v2 cases_012  steps  31- 39: 8.7s  total: 32.5s  (40/100)
[2026-04-28 14:56:19] ds_weather_nonote_nohint_v2 cases_012  steps  41- 49: 9.6s  total: 42.1s  (50/100)
[2026-04-28 14:56:29] ds_weather_nonote_nohint_v2 cases_012  steps  51- 59: 9.6s  total: 51.7s  (60/100)
[2026-04-28 14:56:38] ds_weather_nonote_nohint_v2 cases_012  steps  61- 69: 9.4s  total: 61.0s  (70/100)
[2026-04-28 14:56:47] ds_weather_nonote_nohint_v2 cases_012  steps  71- 79: 9.1s  total: 70.1s  (80/100)
[2026-04-28 14:56:57] ds_weather_nonote_nohint_v2 cases_012  steps  81- 89: 9.8s  total: 79.9s  (90/100)
[2026-04-28 14:57:07] ds_weather_nonote_nohint_v2 cases_012  steps  91- 99: 9.7s  total: 89.5s  (100/100)
[2026-04-28 14:57:07] DONE ds_weather_nonote_nohint_v2 cases_012  total: 89.5s  (0.90s/step)
[2026-04-28 14:57:07]   tokens: 379,550 in + 800 out (reasoning: 0)  cost: $0.1034
[2026-04-28 14:57:07] START ds_weather_nonote_nohint_v2 cases_013 (100 steps, nonote)
[2026-04-28 14:57:15] ds_weather_nonote_nohint_v2 cases_013  steps   1-  9: 7.8s  total: 7.8s  (10/100)
[2026-04-28 14:57:23] ds_weather_nonote_nohint_v2 cases_013  steps  11- 19: 8.2s  total: 16.0s  (20/100)
[2026-04-28 14:57:31] ds_weather_nonote_nohint_v2 cases_013  steps  21- 29: 8.0s  total: 24.0s  (30/100)
[2026-04-28 14:57:39] ds_weather_nonote_nohint_v2 cases_013  steps  31- 39: 8.2s  total: 32.2s  (40/100)
[2026-04-28 14:57:48] ds_weather_nonote_nohint_v2 cases_013  steps  41- 49: 9.0s  total: 41.1s  (50/100)
[2026-04-28 14:57:57] ds_weather_nonote_nohint_v2 cases_013  steps  51- 59: 9.1s  total: 50.2s  (60/100)
[2026-04-28 14:58:07] ds_weather_nonote_nohint_v2 cases_013  steps  61- 69: 9.7s  total: 59.9s  (70/100)
[2026-04-28 14:58:17] ds_weather_nonote_nohint_v2 cases_013  steps  71- 79: 9.7s  total: 69.6s  (80/100)
[2026-04-28 14:58:26] ds_weather_nonote_nohint_v2 cases_013  steps  81- 89: 9.6s  total: 79.2s  (90/100)
[2026-04-28 14:58:36] ds_weather_nonote_nohint_v2 cases_013  steps  91- 99: 9.4s  total: 88.6s  (100/100)
[2026-04-28 14:58:36] DONE ds_weather_nonote_nohint_v2 cases_013  total: 88.6s  (0.89s/step)
[2026-04-28 14:58:36]   tokens: 379,550 in + 800 out (reasoning: 0)  cost: $0.1034
[2026-04-28 14:58:36] START ds_weather_nonote_nohint_v2 cases_014 (100 steps, nonote)
[2026-04-28 14:58:44] ds_weather_nonote_nohint_v2 cases_014  steps   1-  9: 7.8s  total: 7.8s  (10/100)
[2026-04-28 14:58:52] ds_weather_nonote_nohint_v2 cases_014  steps  11- 19: 7.8s  total: 15.6s  (20/100)
[2026-04-28 14:59:01] ds_weather_nonote_nohint_v2 cases_014  steps  21- 29: 8.9s  total: 24.4s  (30/100)
[2026-04-28 14:59:09] ds_weather_nonote_nohint_v2 cases_014  steps  31- 39: 8.4s  total: 32.8s  (40/100)
[2026-04-28 14:59:18] ds_weather_nonote_nohint_v2 cases_014  steps  41- 49: 9.4s  total: 42.3s  (50/100)
[2026-04-28 14:59:28] ds_weather_nonote_nohint_v2 cases_014  steps  51- 59: 9.6s  total: 51.9s  (60/100)
[2026-04-28 14:59:38] ds_weather_nonote_nohint_v2 cases_014  steps  61- 69: 9.4s  total: 61.3s  (70/100)
[2026-04-28 14:59:47] ds_weather_nonote_nohint_v2 cases_014  steps  71- 79: 9.2s  total: 70.5s  (80/100)
[2026-04-28 14:59:56] ds_weather_nonote_nohint_v2 cases_014  steps  81- 89: 9.2s  total: 79.7s  (90/100)
[2026-04-28 15:00:05] ds_weather_nonote_nohint_v2 cases_014  steps  91- 99: 9.5s  total: 89.2s  (100/100)
[2026-04-28 15:00:06] DONE ds_weather_nonote_nohint_v2 cases_014  total: 89.2s  (0.89s/step)
[2026-04-28 15:00:06]   tokens: 379,550 in + 800 out (reasoning: 0)  cost: $0.1034
[2026-04-28 15:00:06] START ds_weather_nonote_nohint_v2 cases_015 (100 steps, nonote)
[2026-04-28 15:00:14] ds_weather_nonote_nohint_v2 cases_015  steps   1-  9: 7.8s  total: 7.8s  (10/100)
[2026-04-28 15:00:22] ds_weather_nonote_nohint_v2 cases_015  steps  11- 19: 7.9s  total: 15.7s  (20/100)
[2026-04-28 15:00:30] ds_weather_nonote_nohint_v2 cases_015  steps  21- 29: 8.6s  total: 24.3s  (30/100)
[2026-04-28 15:00:39] ds_weather_nonote_nohint_v2 cases_015  steps  31- 39: 8.4s  total: 32.8s  (40/100)
[2026-04-28 15:00:48] ds_weather_nonote_nohint_v2 cases_015  steps  41- 49: 9.2s  total: 41.9s  (50/100)
[2026-04-28 15:00:58] ds_weather_nonote_nohint_v2 cases_015  steps  51- 59: 9.7s  total: 51.6s  (60/100)
[2026-04-28 15:01:07] ds_weather_nonote_nohint_v2 cases_015  steps  61- 69: 9.4s  total: 61.0s  (70/100)
[2026-04-28 15:01:16] ds_weather_nonote_nohint_v2 cases_015  steps  71- 79: 9.5s  total: 70.5s  (80/100)
[2026-04-28 15:01:26] ds_weather_nonote_nohint_v2 cases_015  steps  81- 89: 9.2s  total: 79.7s  (90/100)
[2026-04-28 15:01:36] ds_weather_nonote_nohint_v2 cases_015  steps  91- 99: 9.9s  total: 89.6s  (100/100)
[2026-04-28 15:01:36] DONE ds_weather_nonote_nohint_v2 cases_015  total: 89.6s  (0.90s/step)
[2026-04-28 15:01:36]   tokens: 379,550 in + 800 out (reasoning: 0)  cost: $0.1034
[2026-04-28 15:01:36] START ds_weather_nonote_nohint_v2 cases_016 (100 steps, nonote)
[2026-04-28 15:01:44] ds_weather_nonote_nohint_v2 cases_016  steps   1-  9: 7.8s  total: 7.8s  (10/100)
[2026-04-28 15:01:52] ds_weather_nonote_nohint_v2 cases_016  steps  11- 19: 7.9s  total: 15.7s  (20/100)
[2026-04-28 15:02:00] ds_weather_nonote_nohint_v2 cases_016  steps  21- 29: 8.0s  total: 23.7s  (30/100)
[2026-04-28 15:02:08] ds_weather_nonote_nohint_v2 cases_016  steps  31- 39: 8.5s  total: 32.2s  (40/100)
[2026-04-28 15:02:17] ds_weather_nonote_nohint_v2 cases_016  steps  41- 49: 9.1s  total: 41.3s  (50/100)
[2026-04-28 15:02:27] ds_weather_nonote_nohint_v2 cases_016  steps  51- 59: 9.3s  total: 50.6s  (60/100)
[2026-04-28 15:02:36] ds_weather_nonote_nohint_v2 cases_016  steps  61- 69: 9.2s  total: 59.9s  (70/100)
[2026-04-28 15:02:45] ds_weather_nonote_nohint_v2 cases_016  steps  71- 79: 9.5s  total: 69.3s  (80/100)
[2026-04-28 15:02:55] ds_weather_nonote_nohint_v2 cases_016  steps  81- 89: 9.1s  total: 78.5s  (90/100)
[2026-04-28 15:03:04] ds_weather_nonote_nohint_v2 cases_016  steps  91- 99: 9.4s  total: 87.9s  (100/100)
[2026-04-28 15:03:04] DONE ds_weather_nonote_nohint_v2 cases_016  total: 87.9s  (0.88s/step)
[2026-04-28 15:03:04]   tokens: 379,550 in + 800 out (reasoning: 0)  cost: $0.1034
[2026-04-28 15:03:05] START ds_weather_nonote_nohint_v2 cases_017 (100 steps, nonote)
[2026-04-28 15:03:12] ds_weather_nonote_nohint_v2 cases_017  steps   1-  9: 7.7s  total: 7.7s  (10/100)
[2026-04-28 15:03:20] ds_weather_nonote_nohint_v2 cases_017  steps  11- 19: 8.0s  total: 15.7s  (20/100)
[2026-04-28 15:03:28] ds_weather_nonote_nohint_v2 cases_017  steps  21- 29: 7.8s  total: 23.5s  (30/100)
[2026-04-28 15:03:36] ds_weather_nonote_nohint_v2 cases_017  steps  31- 39: 8.0s  total: 31.5s  (40/100)
[2026-04-28 15:03:45] ds_weather_nonote_nohint_v2 cases_017  steps  41- 49: 9.4s  total: 40.9s  (50/100)
[2026-04-28 15:03:55] ds_weather_nonote_nohint_v2 cases_017  steps  51- 59: 9.3s  total: 50.1s  (60/100)
[2026-04-28 15:04:04] ds_weather_nonote_nohint_v2 cases_017  steps  61- 69: 9.6s  total: 59.7s  (70/100)
[2026-04-28 15:04:14] ds_weather_nonote_nohint_v2 cases_017  steps  71- 79: 9.5s  total: 69.2s  (80/100)
[2026-04-28 15:04:23] ds_weather_nonote_nohint_v2 cases_017  steps  81- 89: 9.3s  total: 78.5s  (90/100)
[2026-04-28 15:04:33] ds_weather_nonote_nohint_v2 cases_017  steps  91- 99: 10.0s  total: 88.4s  (100/100)
[2026-04-28 15:04:33] DONE ds_weather_nonote_nohint_v2 cases_017  total: 88.4s  (0.88s/step)
[2026-04-28 15:04:33]   tokens: 379,550 in + 800 out (reasoning: 0)  cost: $0.1034
[2026-04-28 15:04:33] START ds_weather_nonote_nohint_v2 cases_018 (100 steps, nonote)
[2026-04-28 15:04:41] ds_weather_nonote_nohint_v2 cases_018  steps   1-  9: 7.8s  total: 7.8s  (10/100)
[2026-04-28 15:04:49] ds_weather_nonote_nohint_v2 cases_018  steps  11- 19: 7.5s  total: 15.3s  (20/100)
[2026-04-28 15:04:57] ds_weather_nonote_nohint_v2 cases_018  steps  21- 29: 8.0s  total: 23.3s  (30/100)
[2026-04-28 15:05:05] ds_weather_nonote_nohint_v2 cases_018  steps  31- 39: 8.6s  total: 31.9s  (40/100)
[2026-04-28 15:05:15] ds_weather_nonote_nohint_v2 cases_018  steps  41- 49: 9.3s  total: 41.2s  (50/100)
[2026-04-28 15:05:24] ds_weather_nonote_nohint_v2 cases_018  steps  51- 59: 9.4s  total: 50.6s  (60/100)
[2026-04-28 15:05:34] ds_weather_nonote_nohint_v2 cases_018  steps  61- 69: 9.5s  total: 60.1s  (70/100)
[2026-04-28 15:05:43] ds_weather_nonote_nohint_v2 cases_018  steps  71- 79: 9.2s  total: 69.3s  (80/100)
[2026-04-28 15:05:52] ds_weather_nonote_nohint_v2 cases_018  steps  81- 89: 9.5s  total: 78.8s  (90/100)
[2026-04-28 15:06:01] ds_weather_nonote_nohint_v2 cases_018  steps  91- 99: 9.1s  total: 87.9s  (100/100)
[2026-04-28 15:06:02] DONE ds_weather_nonote_nohint_v2 cases_018  total: 87.9s  (0.88s/step)
[2026-04-28 15:06:02]   tokens: 379,550 in + 800 out (reasoning: 0)  cost: $0.1034
[2026-04-28 15:06:02] START ds_weather_nonote_nohint_v2 cases_019 (100 steps, nonote)
[2026-04-28 15:06:10] ds_weather_nonote_nohint_v2 cases_019  steps   1-  9: 8.2s  total: 8.2s  (10/100)
[2026-04-28 15:06:18] ds_weather_nonote_nohint_v2 cases_019  steps  11- 19: 8.0s  total: 16.2s  (20/100)
[2026-04-28 15:06:26] ds_weather_nonote_nohint_v2 cases_019  steps  21- 29: 7.9s  total: 24.1s  (30/100)
[2026-04-28 15:06:34] ds_weather_nonote_nohint_v2 cases_019  steps  31- 39: 8.1s  total: 32.1s  (40/100)
[2026-04-28 15:06:43] ds_weather_nonote_nohint_v2 cases_019  steps  41- 49: 9.0s  total: 41.1s  (50/100)
[2026-04-28 15:06:53] ds_weather_nonote_nohint_v2 cases_019  steps  51- 59: 9.9s  total: 51.1s  (60/100)
[2026-04-28 15:07:02] ds_weather_nonote_nohint_v2 cases_019  steps  61- 69: 9.5s  total: 60.5s  (70/100)
[2026-04-28 15:07:12] ds_weather_nonote_nohint_v2 cases_019  steps  71- 79: 9.5s  total: 70.0s  (80/100)
[2026-04-28 15:07:21] ds_weather_nonote_nohint_v2 cases_019  steps  81- 89: 9.5s  total: 79.5s  (90/100)
[2026-04-28 15:07:31] ds_weather_nonote_nohint_v2 cases_019  steps  91- 99: 9.3s  total: 88.9s  (100/100)
[2026-04-28 15:07:31] DONE ds_weather_nonote_nohint_v2 cases_019  total: 88.9s  (0.89s/step)
[2026-04-28 15:07:31]   tokens: 379,550 in + 800 out (reasoning: 0)  cost: $0.1034
[2026-04-28 15:07:31] START ds_online_v2 cases_000 (100 steps, two-turn)
[2026-04-28 15:07:48] ds_online_v2 cases_000  steps   1-  9: 16.8s  total: 16.8s  (10/100)
[2026-04-28 15:08:04] ds_online_v2 cases_000  steps  11- 19: 16.3s  total: 33.1s  (20/100)
[2026-04-28 15:08:23] ds_online_v2 cases_000  steps  21- 29: 19.0s  total: 52.2s  (30/100)
[2026-04-28 15:08:41] ds_online_v2 cases_000  steps  31- 39: 17.6s  total: 69.8s  (40/100)
[2026-04-28 15:08:59] ds_online_v2 cases_000  steps  41- 49: 18.2s  total: 88.0s  (50/100)
[2026-04-28 15:09:17] ds_online_v2 cases_000  steps  51- 59: 18.1s  total: 106.0s  (60/100)
[2026-04-28 15:09:35] ds_online_v2 cases_000  steps  61- 69: 17.7s  total: 123.7s  (70/100)
[2026-04-28 15:09:53] ds_online_v2 cases_000  steps  71- 79: 18.3s  total: 142.0s  (80/100)
[2026-04-28 15:10:11] ds_online_v2 cases_000  steps  81- 89: 17.5s  total: 159.6s  (90/100)
[2026-04-28 15:10:29] ds_online_v2 cases_000  steps  91- 99: 17.8s  total: 177.3s  (100/100)
[2026-04-28 15:10:29] DONE ds_online_v2 cases_000  total: 177.3s  (1.77s/step)
[2026-04-28 15:10:29]   tokens: 109,056 in + 3,862 out (reasoning: 0)  cost: $0.0337
[2026-04-28 15:10:29] START ds_online_v2 cases_001 (100 steps, two-turn)
[2026-04-28 15:10:47] ds_online_v2 cases_001  steps   1-  9: 17.8s  total: 17.8s  (10/100)
[2026-04-28 15:11:05] ds_online_v2 cases_001  steps  11- 19: 17.7s  total: 35.5s  (20/100)
[2026-04-28 15:11:22] ds_online_v2 cases_001  steps  21- 29: 17.8s  total: 53.4s  (30/100)
[2026-04-28 15:11:40] ds_online_v2 cases_001  steps  31- 39: 17.6s  total: 71.0s  (40/100)
[2026-04-28 15:11:58] ds_online_v2 cases_001  steps  41- 49: 17.7s  total: 88.7s  (50/100)
[2026-04-28 15:12:15] ds_online_v2 cases_001  steps  51- 59: 17.4s  total: 106.1s  (60/100)
[2026-04-28 15:12:32] ds_online_v2 cases_001  steps  61- 69: 17.4s  total: 123.5s  (70/100)
[2026-04-28 15:12:50] ds_online_v2 cases_001  steps  71- 79: 17.9s  total: 141.3s  (80/100)
[2026-04-28 15:13:08] ds_online_v2 cases_001  steps  81- 89: 17.2s  total: 158.6s  (90/100)
[2026-04-28 15:13:25] ds_online_v2 cases_001  steps  91- 99: 17.3s  total: 175.9s  (100/100)
[2026-04-28 15:13:25] DONE ds_online_v2 cases_001  total: 175.9s  (1.76s/step)
[2026-04-28 15:13:25]   tokens: 108,636 in + 3,744 out (reasoning: 0)  cost: $0.0335
[2026-04-28 15:13:25] START ds_online_v2 cases_002 (100 steps, two-turn)
[2026-04-28 15:13:49] ds_online_v2 cases_002  steps   1-  9: 23.2s  total: 23.2s  (10/100)
[2026-04-28 15:14:16] ds_online_v2 cases_002  steps  11- 19: 27.0s  total: 50.1s  (20/100)
[2026-04-28 15:14:36] ds_online_v2 cases_002  steps  21- 29: 20.2s  total: 70.3s  (30/100)
[2026-04-28 15:14:56] ds_online_v2 cases_002  steps  31- 39: 20.1s  total: 90.4s  (40/100)
[2026-04-28 15:15:16] ds_online_v2 cases_002  steps  41- 49: 20.6s  total: 111.0s  (50/100)
[2026-04-28 15:15:38] ds_online_v2 cases_002  steps  51- 59: 21.6s  total: 132.6s  (60/100)
[2026-04-28 15:15:58] ds_online_v2 cases_002  steps  61- 69: 20.3s  total: 153.0s  (70/100)
[2026-04-28 15:16:19] ds_online_v2 cases_002  steps  71- 79: 21.0s  total: 173.9s  (80/100)
[2026-04-28 15:16:40] ds_online_v2 cases_002  steps  81- 89: 20.5s  total: 194.5s  (90/100)
[2026-04-28 15:17:00] ds_online_v2 cases_002  steps  91- 99: 20.4s  total: 214.8s  (100/100)
[2026-04-28 15:17:01] DONE ds_online_v2 cases_002  total: 214.8s  (2.15s/step)
[2026-04-28 15:17:01]   tokens: 115,846 in + 7,359 out (reasoning: 0)  cost: $0.0394
[2026-04-28 15:17:01] START ds_online_v2 cases_003 (100 steps, two-turn)
[2026-04-28 15:17:26] ds_online_v2 cases_003  steps   1-  9: 25.8s  total: 25.8s  (10/100)
[2026-04-28 15:17:50] ds_online_v2 cases_003  steps  11- 19: 23.5s  total: 49.3s  (20/100)
[2026-04-28 15:18:22] ds_online_v2 cases_003  steps  21- 29: 31.7s  total: 80.9s  (30/100)
[2026-04-28 15:18:57] ds_online_v2 cases_003  steps  31- 39: 35.3s  total: 116.2s  (40/100)
[2026-04-28 15:19:33] ds_online_v2 cases_003  steps  41- 49: 36.5s  total: 152.7s  (50/100)
[2026-04-28 15:20:01] ds_online_v2 cases_003  steps  51- 59: 28.0s  total: 180.8s  (60/100)
[2026-04-28 15:20:40] ds_online_v2 cases_003  steps  61- 69: 38.2s  total: 219.0s  (70/100)
[2026-04-28 15:21:12] ds_online_v2 cases_003  steps  71- 79: 31.9s  total: 250.9s  (80/100)
[2026-04-28 15:21:36] ds_online_v2 cases_003  steps  81- 89: 24.0s  total: 275.0s  (90/100)
[2026-04-28 15:22:00] ds_online_v2 cases_003  steps  91- 99: 24.4s  total: 299.3s  (100/100)
[2026-04-28 15:22:00] DONE ds_online_v2 cases_003  total: 299.3s  (2.99s/step)
[2026-04-28 15:22:00]   tokens: 128,852 in + 14,040 out (reasoning: 0)  cost: $0.0502
[2026-04-28 15:22:00] START ds_online_v2 cases_004 (100 steps, two-turn)
[2026-04-28 15:22:19] ds_online_v2 cases_004  steps   1-  9: 18.3s  total: 18.3s  (10/100)
[2026-04-28 15:22:35] ds_online_v2 cases_004  steps  11- 19: 16.7s  total: 35.0s  (20/100)
[2026-04-28 15:22:52] ds_online_v2 cases_004  steps  21- 29: 16.4s  total: 51.5s  (30/100)
[2026-04-28 15:23:09] ds_online_v2 cases_004  steps  31- 39: 16.7s  total: 68.2s  (40/100)
[2026-04-28 15:23:25] ds_online_v2 cases_004  steps  41- 49: 16.6s  total: 84.8s  (50/100)
[2026-04-28 15:23:42] ds_online_v2 cases_004  steps  51- 59: 16.9s  total: 101.7s  (60/100)
[2026-04-28 15:23:59] ds_online_v2 cases_004  steps  61- 69: 16.4s  total: 118.1s  (70/100)
[2026-04-28 15:24:15] ds_online_v2 cases_004  steps  71- 79: 16.4s  total: 134.5s  (80/100)
[2026-04-28 15:24:31] ds_online_v2 cases_004  steps  81- 89: 16.2s  total: 150.8s  (90/100)
[2026-04-28 15:24:48] ds_online_v2 cases_004  steps  91- 99: 17.0s  total: 167.8s  (100/100)
[2026-04-28 15:24:49] DONE ds_online_v2 cases_004  total: 167.8s  (1.68s/step)
[2026-04-28 15:24:49]   tokens: 108,028 in + 3,337 out (reasoning: 0)  cost: $0.0328
[2026-04-28 15:24:49] START ds_online_v2 cases_005 (100 steps, two-turn)
[2026-04-28 15:25:07] ds_online_v2 cases_005  steps   1-  9: 18.5s  total: 18.5s  (10/100)
[2026-04-28 15:25:27] ds_online_v2 cases_005  steps  11- 19: 20.0s  total: 38.5s  (20/100)
[2026-04-28 15:25:50] ds_online_v2 cases_005  steps  21- 29: 23.3s  total: 61.8s  (30/100)
[2026-04-28 15:26:11] ds_online_v2 cases_005  steps  31- 39: 20.9s  total: 82.7s  (40/100)
[2026-04-28 15:26:33] ds_online_v2 cases_005  steps  41- 49: 22.0s  total: 104.7s  (50/100)
[2026-04-28 15:26:56] ds_online_v2 cases_005  steps  51- 59: 22.3s  total: 127.0s  (60/100)
[2026-04-28 15:27:18] ds_online_v2 cases_005  steps  61- 69: 22.5s  total: 149.5s  (70/100)
[2026-04-28 15:27:40] ds_online_v2 cases_005  steps  71- 79: 22.2s  total: 171.7s  (80/100)
[2026-04-28 15:28:02] ds_online_v2 cases_005  steps  81- 89: 21.7s  total: 193.4s  (90/100)
[2026-04-28 15:28:24] ds_online_v2 cases_005  steps  91- 99: 21.7s  total: 215.1s  (100/100)
[2026-04-28 15:28:24] DONE ds_online_v2 cases_005  total: 215.1s  (2.15s/step)
[2026-04-28 15:28:24]   tokens: 116,790 in + 7,853 out (reasoning: 0)  cost: $0.0402
[2026-04-28 15:28:24] START ds_online_v2 cases_006 (100 steps, two-turn)
[2026-04-28 15:28:40] ds_online_v2 cases_006  steps   1-  9: 15.8s  total: 15.8s  (10/100)
[2026-04-28 15:28:56] ds_online_v2 cases_006  steps  11- 19: 16.2s  total: 32.0s  (20/100)
[2026-04-28 15:29:13] ds_online_v2 cases_006  steps  21- 29: 17.0s  total: 49.0s  (30/100)
[2026-04-28 15:29:31] ds_online_v2 cases_006  steps  31- 39: 17.8s  total: 66.7s  (40/100)
[2026-04-28 15:29:48] ds_online_v2 cases_006  steps  41- 49: 16.9s  total: 83.6s  (50/100)
[2026-04-28 15:30:06] ds_online_v2 cases_006  steps  51- 59: 17.8s  total: 101.5s  (60/100)
[2026-04-28 15:30:23] ds_online_v2 cases_006  steps  61- 69: 17.5s  total: 118.9s  (70/100)
[2026-04-28 15:30:41] ds_online_v2 cases_006  steps  71- 79: 17.7s  total: 136.6s  (80/100)
[2026-04-28 15:30:58] ds_online_v2 cases_006  steps  81- 89: 17.4s  total: 154.0s  (90/100)
[2026-04-28 15:31:16] ds_online_v2 cases_006  steps  91- 99: 17.5s  total: 171.5s  (100/100)
[2026-04-28 15:31:16] DONE ds_online_v2 cases_006  total: 171.5s  (1.72s/step)
[2026-04-28 15:31:16]   tokens: 108,534 in + 3,595 out (reasoning: 0)  cost: $0.0333
[2026-04-28 15:31:16] START ds_online_v2 cases_007 (100 steps, two-turn)
[2026-04-28 15:31:35] ds_online_v2 cases_007  steps   1-  9: 18.4s  total: 18.4s  (10/100)
[2026-04-28 15:32:00] ds_online_v2 cases_007  steps  11- 19: 25.3s  total: 43.8s  (20/100)
[2026-04-28 15:32:22] ds_online_v2 cases_007  steps  21- 29: 22.1s  total: 65.9s  (30/100)
[2026-04-28 15:32:44] ds_online_v2 cases_007  steps  31- 39: 21.5s  total: 87.4s  (40/100)
[2026-04-28 15:33:05] ds_online_v2 cases_007  steps  41- 49: 20.9s  total: 108.3s  (50/100)
[2026-04-28 15:33:25] ds_online_v2 cases_007  steps  51- 59: 20.6s  total: 129.0s  (60/100)
[2026-04-28 15:33:45] ds_online_v2 cases_007  steps  61- 69: 20.0s  total: 149.0s  (70/100)
[2026-04-28 15:34:04] ds_online_v2 cases_007  steps  71- 79: 18.3s  total: 167.2s  (80/100)
[2026-04-28 15:34:22] ds_online_v2 cases_007  steps  81- 89: 18.5s  total: 185.8s  (90/100)
[2026-04-28 15:34:40] ds_online_v2 cases_007  steps  91- 99: 18.0s  total: 203.8s  (100/100)
[2026-04-28 15:34:41] DONE ds_online_v2 cases_007  total: 203.8s  (2.04s/step)
[2026-04-28 15:34:41]   tokens: 113,618 in + 6,266 out (reasoning: 0)  cost: $0.0376
[2026-04-28 15:34:41] START ds_online_v2 cases_008 (100 steps, two-turn)
[2026-04-28 15:35:03] ds_online_v2 cases_008  steps   1-  9: 22.9s  total: 22.9s  (10/100)
[2026-04-28 15:35:23] ds_online_v2 cases_008  steps  11- 19: 19.1s  total: 42.0s  (20/100)
[2026-04-28 15:35:46] ds_online_v2 cases_008  steps  21- 29: 23.6s  total: 65.6s  (30/100)
[2026-04-28 15:36:09] ds_online_v2 cases_008  steps  31- 39: 22.6s  total: 88.2s  (40/100)
[2026-04-28 15:36:29] ds_online_v2 cases_008  steps  41- 49: 20.1s  total: 108.3s  (50/100)
[2026-04-28 15:36:49] ds_online_v2 cases_008  steps  51- 59: 20.4s  total: 128.8s  (60/100)
[2026-04-28 15:37:10] ds_online_v2 cases_008  steps  61- 69: 20.8s  total: 149.6s  (70/100)
[2026-04-28 15:37:31] ds_online_v2 cases_008  steps  71- 79: 20.6s  total: 170.1s  (80/100)
[2026-04-28 15:37:52] ds_online_v2 cases_008  steps  81- 89: 20.9s  total: 191.0s  (90/100)
[2026-04-28 15:38:12] ds_online_v2 cases_008  steps  91- 99: 20.0s  total: 211.0s  (100/100)
[2026-04-28 15:38:12] DONE ds_online_v2 cases_008  total: 211.0s  (2.11s/step)
[2026-04-28 15:38:12]   tokens: 115,230 in + 7,045 out (reasoning: 0)  cost: $0.0389
[2026-04-28 15:38:12] START ds_online_v2 cases_009 (100 steps, two-turn)
[2026-04-28 15:38:32] ds_online_v2 cases_009  steps   1-  9: 20.2s  total: 20.2s  (10/100)
[2026-04-28 15:38:56] ds_online_v2 cases_009  steps  11- 19: 23.6s  total: 43.8s  (20/100)
[2026-04-28 15:39:13] ds_online_v2 cases_009  steps  21- 29: 17.6s  total: 61.5s  (30/100)
[2026-04-28 15:39:31] ds_online_v2 cases_009  steps  31- 39: 18.0s  total: 79.4s  (40/100)
[2026-04-28 15:39:49] ds_online_v2 cases_009  steps  41- 49: 18.0s  total: 97.4s  (50/100)
[2026-04-28 15:40:07] ds_online_v2 cases_009  steps  51- 59: 17.9s  total: 115.3s  (60/100)
[2026-04-28 15:40:25] ds_online_v2 cases_009  steps  61- 69: 18.1s  total: 133.4s  (70/100)
[2026-04-28 15:40:43] ds_online_v2 cases_009  steps  71- 79: 17.6s  total: 150.9s  (80/100)
[2026-04-28 15:41:01] ds_online_v2 cases_009  steps  81- 89: 18.0s  total: 168.9s  (90/100)
[2026-04-28 15:41:19] ds_online_v2 cases_009  steps  91- 99: 17.7s  total: 186.6s  (100/100)
[2026-04-28 15:41:19] DONE ds_online_v2 cases_009  total: 186.6s  (1.87s/step)
[2026-04-28 15:41:19]   tokens: 111,404 in + 5,137 out (reasoning: 0)  cost: $0.0357
[2026-04-28 15:41:19] START ds_online_v2 cases_010 (100 steps, two-turn)
[2026-04-28 15:41:40] ds_online_v2 cases_010  steps   1-  9: 20.9s  total: 20.9s  (10/100)
[2026-04-28 15:42:00] ds_online_v2 cases_010  steps  11- 19: 19.8s  total: 40.7s  (20/100)
[2026-04-28 15:42:19] ds_online_v2 cases_010  steps  21- 29: 18.8s  total: 59.5s  (30/100)
[2026-04-28 15:42:36] ds_online_v2 cases_010  steps  31- 39: 17.3s  total: 76.8s  (40/100)
[2026-04-28 15:42:54] ds_online_v2 cases_010  steps  41- 49: 18.0s  total: 94.8s  (50/100)
[2026-04-28 15:43:14] ds_online_v2 cases_010  steps  51- 59: 20.5s  total: 115.3s  (60/100)
[2026-04-28 15:43:35] ds_online_v2 cases_010  steps  61- 69: 21.0s  total: 136.3s  (70/100)
[2026-04-28 15:43:52] ds_online_v2 cases_010  steps  71- 79: 17.1s  total: 153.4s  (80/100)
[2026-04-28 15:44:13] ds_online_v2 cases_010  steps  81- 89: 20.1s  total: 173.5s  (90/100)
[2026-04-28 15:44:29] ds_online_v2 cases_010  steps  91- 99: 16.6s  total: 190.1s  (100/100)
[2026-04-28 15:44:30] DONE ds_online_v2 cases_010  total: 190.1s  (1.90s/step)
[2026-04-28 15:44:30]   tokens: 111,328 in + 5,103 out (reasoning: 0)  cost: $0.0357
[2026-04-28 15:44:30] START ds_online_v2 cases_011 (100 steps, two-turn)
[2026-04-28 15:44:48] ds_online_v2 cases_011  steps   1-  9: 18.2s  total: 18.2s  (10/100)
[2026-04-28 15:45:06] ds_online_v2 cases_011  steps  11- 19: 18.2s  total: 36.5s  (20/100)
[2026-04-28 15:45:24] ds_online_v2 cases_011  steps  21- 29: 18.2s  total: 54.6s  (30/100)
[2026-04-28 15:45:42] ds_online_v2 cases_011  steps  31- 39: 18.0s  total: 72.7s  (40/100)
[2026-04-28 15:46:00] ds_online_v2 cases_011  steps  41- 49: 17.9s  total: 90.6s  (50/100)
[2026-04-28 15:46:18] ds_online_v2 cases_011  steps  51- 59: 18.0s  total: 108.6s  (60/100)
[2026-04-28 15:46:36] ds_online_v2 cases_011  steps  61- 69: 17.9s  total: 126.5s  (70/100)
[2026-04-28 15:46:54] ds_online_v2 cases_011  steps  71- 79: 17.7s  total: 144.2s  (80/100)
[2026-04-28 15:47:12] ds_online_v2 cases_011  steps  81- 89: 17.9s  total: 162.0s  (90/100)
[2026-04-28 15:47:29] ds_online_v2 cases_011  steps  91- 99: 17.7s  total: 179.7s  (100/100)
[2026-04-28 15:47:30] DONE ds_online_v2 cases_011  total: 179.7s  (1.80s/step)
[2026-04-28 15:47:30]   tokens: 109,980 in + 4,422 out (reasoning: 0)  cost: $0.0346
[2026-04-28 15:47:30] START ds_online_v2 cases_012 (100 steps, two-turn)
[2026-04-28 15:47:47] ds_online_v2 cases_012  steps   1-  9: 17.0s  total: 17.0s  (10/100)
[2026-04-28 15:48:04] ds_online_v2 cases_012  steps  11- 19: 16.9s  total: 33.9s  (20/100)
[2026-04-28 15:48:21] ds_online_v2 cases_012  steps  21- 29: 16.8s  total: 50.7s  (30/100)
[2026-04-28 15:48:38] ds_online_v2 cases_012  steps  31- 39: 17.4s  total: 68.1s  (40/100)
[2026-04-28 15:48:55] ds_online_v2 cases_012  steps  41- 49: 16.9s  total: 85.0s  (50/100)
[2026-04-28 15:49:12] ds_online_v2 cases_012  steps  51- 59: 16.9s  total: 101.9s  (60/100)
[2026-04-28 15:49:28] ds_online_v2 cases_012  steps  61- 69: 16.4s  total: 118.2s  (70/100)
[2026-04-28 15:49:44] ds_online_v2 cases_012  steps  71- 79: 16.3s  total: 134.6s  (80/100)
[2026-04-28 15:50:02] ds_online_v2 cases_012  steps  81- 89: 17.2s  total: 151.8s  (90/100)
[2026-04-28 15:50:18] ds_online_v2 cases_012  steps  91- 99: 16.8s  total: 168.6s  (100/100)
[2026-04-28 15:50:19] DONE ds_online_v2 cases_012  total: 168.6s  (1.69s/step)
[2026-04-28 15:50:19]   tokens: 108,226 in + 3,443 out (reasoning: 0)  cost: $0.0330
[2026-04-28 15:50:19] START ds_online_v2 cases_013 (100 steps, two-turn)
[2026-04-28 15:50:35] ds_online_v2 cases_013  steps   1-  9: 16.5s  total: 16.5s  (10/100)
[2026-04-28 15:50:52] ds_online_v2 cases_013  steps  11- 19: 16.6s  total: 33.1s  (20/100)
[2026-04-28 15:51:09] ds_online_v2 cases_013  steps  21- 29: 16.6s  total: 49.7s  (30/100)
[2026-04-28 15:51:26] ds_online_v2 cases_013  steps  31- 39: 17.4s  total: 67.0s  (40/100)
[2026-04-28 15:51:43] ds_online_v2 cases_013  steps  41- 49: 16.8s  total: 83.8s  (50/100)
[2026-04-28 15:52:00] ds_online_v2 cases_013  steps  51- 59: 17.0s  total: 100.8s  (60/100)
[2026-04-28 15:52:17] ds_online_v2 cases_013  steps  61- 69: 17.3s  total: 118.1s  (70/100)
[2026-04-28 15:52:34] ds_online_v2 cases_013  steps  71- 79: 16.7s  total: 134.8s  (80/100)
[2026-04-28 15:52:51] ds_online_v2 cases_013  steps  81- 89: 17.0s  total: 151.8s  (90/100)
[2026-04-28 15:53:08] ds_online_v2 cases_013  steps  91- 99: 17.1s  total: 168.9s  (100/100)
[2026-04-28 15:53:08] DONE ds_online_v2 cases_013  total: 168.9s  (1.69s/step)
[2026-04-28 15:53:08]   tokens: 108,328 in + 3,490 out (reasoning: 0)  cost: $0.0331
[2026-04-28 15:53:08] START ds_online_v2 cases_014 (100 steps, two-turn)
[2026-04-28 15:53:32] ds_online_v2 cases_014  steps   1-  9: 23.6s  total: 23.6s  (10/100)
[2026-04-28 15:53:58] ds_online_v2 cases_014  steps  11- 19: 26.2s  total: 49.9s  (20/100)
[2026-04-28 15:54:16] ds_online_v2 cases_014  steps  21- 29: 17.8s  total: 67.7s  (30/100)
[2026-04-28 15:54:36] ds_online_v2 cases_014  steps  31- 39: 19.9s  total: 87.6s  (40/100)
[2026-04-28 15:54:55] ds_online_v2 cases_014  steps  41- 49: 19.3s  total: 106.9s  (50/100)
[2026-04-28 15:55:13] ds_online_v2 cases_014  steps  51- 59: 18.2s  total: 125.1s  (60/100)
[2026-04-28 15:55:31] ds_online_v2 cases_014  steps  61- 69: 17.6s  total: 142.7s  (70/100)
[2026-04-28 15:55:48] ds_online_v2 cases_014  steps  71- 79: 17.1s  total: 159.8s  (80/100)
[2026-04-28 15:56:06] ds_online_v2 cases_014  steps  81- 89: 17.6s  total: 177.4s  (90/100)
[2026-04-28 15:56:24] ds_online_v2 cases_014  steps  91- 99: 18.7s  total: 196.1s  (100/100)
[2026-04-28 15:56:25] DONE ds_online_v2 cases_014  total: 196.1s  (1.96s/step)
[2026-04-28 15:56:25]   tokens: 113,368 in + 6,019 out (reasoning: 0)  cost: $0.0372
[2026-04-28 15:56:25] START ds_online_v2 cases_015 (100 steps, two-turn)
[2026-04-28 15:56:42] ds_online_v2 cases_015  steps   1-  9: 17.1s  total: 17.1s  (10/100)
[2026-04-28 15:57:04] ds_online_v2 cases_015  steps  11- 19: 21.5s  total: 38.6s  (20/100)
[2026-04-28 15:57:25] ds_online_v2 cases_015  steps  21- 29: 21.8s  total: 60.3s  (30/100)
[2026-04-28 15:57:47] ds_online_v2 cases_015  steps  31- 39: 21.9s  total: 82.2s  (40/100)
[2026-04-28 15:58:09] ds_online_v2 cases_015  steps  41- 49: 21.6s  total: 103.7s  (50/100)
[2026-04-28 15:58:30] ds_online_v2 cases_015  steps  51- 59: 20.9s  total: 124.7s  (60/100)
[2026-04-28 15:58:51] ds_online_v2 cases_015  steps  61- 69: 21.3s  total: 146.0s  (70/100)
[2026-04-28 15:59:12] ds_online_v2 cases_015  steps  71- 79: 21.3s  total: 167.4s  (80/100)
[2026-04-28 15:59:34] ds_online_v2 cases_015  steps  81- 89: 21.4s  total: 188.7s  (90/100)
[2026-04-28 15:59:55] ds_online_v2 cases_015  steps  91- 99: 21.2s  total: 209.9s  (100/100)
[2026-04-28 15:59:55] DONE ds_online_v2 cases_015  total: 209.9s  (2.10s/step)
[2026-04-28 15:59:55]   tokens: 116,356 in + 7,634 out (reasoning: 0)  cost: $0.0398
[2026-04-28 15:59:55] START ds_online_v2 cases_016 (100 steps, two-turn)
[2026-04-28 16:00:15] ds_online_v2 cases_016  steps   1-  9: 19.9s  total: 19.9s  (10/100)
[2026-04-28 16:00:32] ds_online_v2 cases_016  steps  11- 19: 17.2s  total: 37.1s  (20/100)
[2026-04-28 16:00:49] ds_online_v2 cases_016  steps  21- 29: 16.6s  total: 53.7s  (30/100)
[2026-04-28 16:01:06] ds_online_v2 cases_016  steps  31- 39: 16.9s  total: 70.6s  (40/100)
[2026-04-28 16:01:22] ds_online_v2 cases_016  steps  41- 49: 16.4s  total: 87.0s  (50/100)
[2026-04-28 16:01:39] ds_online_v2 cases_016  steps  51- 59: 16.2s  total: 103.2s  (60/100)
[2026-04-28 16:01:55] ds_online_v2 cases_016  steps  61- 69: 16.6s  total: 119.8s  (70/100)
[2026-04-28 16:02:12] ds_online_v2 cases_016  steps  71- 79: 16.4s  total: 136.2s  (80/100)
[2026-04-28 16:02:28] ds_online_v2 cases_016  steps  81- 89: 16.9s  total: 153.1s  (90/100)
[2026-04-28 16:02:45] ds_online_v2 cases_016  steps  91- 99: 16.9s  total: 170.1s  (100/100)
[2026-04-28 16:02:46] DONE ds_online_v2 cases_016  total: 170.1s  (1.70s/step)
[2026-04-28 16:02:46]   tokens: 108,416 in + 3,529 out (reasoning: 0)  cost: $0.0332
[2026-04-28 16:02:46] START ds_online_v2 cases_017 (100 steps, two-turn)
[2026-04-28 16:03:05] ds_online_v2 cases_017  steps   1-  9: 19.0s  total: 19.0s  (10/100)
[2026-04-28 16:03:24] ds_online_v2 cases_017  steps  11- 19: 19.0s  total: 38.0s  (20/100)
[2026-04-28 16:03:43] ds_online_v2 cases_017  steps  21- 29: 18.8s  total: 56.8s  (30/100)
[2026-04-28 16:04:02] ds_online_v2 cases_017  steps  31- 39: 19.5s  total: 76.3s  (40/100)
[2026-04-28 16:04:22] ds_online_v2 cases_017  steps  41- 49: 19.3s  total: 95.6s  (50/100)
[2026-04-28 16:04:41] ds_online_v2 cases_017  steps  51- 59: 19.3s  total: 114.9s  (60/100)
[2026-04-28 16:04:59] ds_online_v2 cases_017  steps  61- 69: 18.1s  total: 133.0s  (70/100)
[2026-04-28 16:05:16] ds_online_v2 cases_017  steps  71- 79: 17.1s  total: 150.2s  (80/100)
[2026-04-28 16:05:33] ds_online_v2 cases_017  steps  81- 89: 16.8s  total: 167.0s  (90/100)
[2026-04-28 16:05:50] ds_online_v2 cases_017  steps  91- 99: 17.3s  total: 184.2s  (100/100)
[2026-04-28 16:05:51] DONE ds_online_v2 cases_017  total: 184.2s  (1.84s/step)
[2026-04-28 16:05:51]   tokens: 110,748 in + 4,805 out (reasoning: 0)  cost: $0.0352
[2026-04-28 16:05:51] START ds_online_v2 cases_018 (100 steps, two-turn)
[2026-04-28 16:06:10] ds_online_v2 cases_018  steps   1-  9: 19.3s  total: 19.3s  (10/100)
[2026-04-28 16:06:27] ds_online_v2 cases_018  steps  11- 19: 17.3s  total: 36.6s  (20/100)
[2026-04-28 16:06:45] ds_online_v2 cases_018  steps  21- 29: 17.6s  total: 54.2s  (30/100)
[2026-04-28 16:07:02] ds_online_v2 cases_018  steps  31- 39: 17.5s  total: 71.7s  (40/100)
[2026-04-28 16:07:20] ds_online_v2 cases_018  steps  41- 49: 17.9s  total: 89.6s  (50/100)
[2026-04-28 16:07:37] ds_online_v2 cases_018  steps  51- 59: 17.0s  total: 106.6s  (60/100)
[2026-04-28 16:07:54] ds_online_v2 cases_018  steps  61- 69: 17.1s  total: 123.8s  (70/100)
[2026-04-28 16:08:12] ds_online_v2 cases_018  steps  71- 79: 17.5s  total: 141.3s  (80/100)
[2026-04-28 16:08:29] ds_online_v2 cases_018  steps  81- 89: 17.3s  total: 158.6s  (90/100)
[2026-04-28 16:08:47] ds_online_v2 cases_018  steps  91- 99: 17.3s  total: 175.9s  (100/100)
[2026-04-28 16:08:47] DONE ds_online_v2 cases_018  total: 175.9s  (1.76s/step)
[2026-04-28 16:08:47]   tokens: 109,336 in + 4,099 out (reasoning: 0)  cost: $0.0340
[2026-04-28 16:08:47] START ds_online_v2 cases_019 (100 steps, two-turn)
[2026-04-28 16:09:04] ds_online_v2 cases_019  steps   1-  9: 16.8s  total: 16.8s  (10/100)
[2026-04-28 16:09:20] ds_online_v2 cases_019  steps  11- 19: 16.4s  total: 33.2s  (20/100)
[2026-04-28 16:09:36] ds_online_v2 cases_019  steps  21- 29: 16.0s  total: 49.3s  (30/100)
[2026-04-28 16:09:52] ds_online_v2 cases_019  steps  31- 39: 16.1s  total: 65.3s  (40/100)
[2026-04-28 16:10:11] ds_online_v2 cases_019  steps  41- 49: 18.2s  total: 83.6s  (50/100)
[2026-04-28 16:10:30] ds_online_v2 cases_019  steps  51- 59: 19.0s  total: 102.5s  (60/100)
[2026-04-28 16:10:48] ds_online_v2 cases_019  steps  61- 69: 17.9s  total: 120.4s  (70/100)
[2026-04-28 16:11:05] ds_online_v2 cases_019  steps  71- 79: 17.3s  total: 137.7s  (80/100)
[2026-04-28 16:11:22] ds_online_v2 cases_019  steps  81- 89: 17.2s  total: 154.9s  (90/100)
[2026-04-28 16:11:40] ds_online_v2 cases_019  steps  91- 99: 17.6s  total: 172.4s  (100/100)
[2026-04-28 16:11:40] DONE ds_online_v2 cases_019  total: 172.4s  (1.72s/step)
[2026-04-28 16:11:40]   tokens: 108,942 in + 3,910 out (reasoning: 0)  cost: $0.0337
[2026-04-28 16:11:40] START ds_online_nohint_v2 cases_000 (100 steps, two-turn)
[2026-04-28 16:12:00] ds_online_nohint_v2 cases_000  steps   1-  9: 19.8s  total: 19.8s  (10/100)
[2026-04-28 16:12:19] ds_online_nohint_v2 cases_000  steps  11- 19: 18.9s  total: 38.7s  (20/100)
[2026-04-28 16:12:37] ds_online_nohint_v2 cases_000  steps  21- 29: 18.1s  total: 56.9s  (30/100)
[2026-04-28 16:12:55] ds_online_nohint_v2 cases_000  steps  31- 39: 18.1s  total: 75.0s  (40/100)
[2026-04-28 16:13:13] ds_online_nohint_v2 cases_000  steps  41- 49: 17.9s  total: 92.9s  (50/100)
[2026-04-28 16:13:30] ds_online_nohint_v2 cases_000  steps  51- 59: 17.3s  total: 110.2s  (60/100)
[2026-04-28 16:13:48] ds_online_nohint_v2 cases_000  steps  61- 69: 17.9s  total: 128.1s  (70/100)
[2026-04-28 16:14:05] ds_online_nohint_v2 cases_000  steps  71- 79: 17.1s  total: 145.1s  (80/100)
[2026-04-28 16:14:22] ds_online_nohint_v2 cases_000  steps  81- 89: 17.3s  total: 162.4s  (90/100)
[2026-04-28 16:14:39] ds_online_nohint_v2 cases_000  steps  91- 99: 16.9s  total: 179.3s  (100/100)
[2026-04-28 16:14:40] DONE ds_online_nohint_v2 cases_000  total: 179.3s  (1.79s/step)
[2026-04-28 16:14:40]   tokens: 107,996 in + 4,423 out (reasoning: 0)  cost: $0.0340
[2026-04-28 16:14:40] START ds_online_nohint_v2 cases_001 (100 steps, two-turn)
[2026-04-28 16:14:56] ds_online_nohint_v2 cases_001  steps   1-  9: 15.7s  total: 15.7s  (10/100)
[2026-04-28 16:15:13] ds_online_nohint_v2 cases_001  steps  11- 19: 17.8s  total: 33.5s  (20/100)
[2026-04-28 16:15:32] ds_online_nohint_v2 cases_001  steps  21- 29: 18.2s  total: 51.8s  (30/100)
[2026-04-28 16:15:53] ds_online_nohint_v2 cases_001  steps  31- 39: 21.6s  total: 73.3s  (40/100)
[2026-04-28 16:16:14] ds_online_nohint_v2 cases_001  steps  41- 49: 20.5s  total: 93.8s  (50/100)
[2026-04-28 16:16:31] ds_online_nohint_v2 cases_001  steps  51- 59: 17.8s  total: 111.6s  (60/100)
[2026-04-28 16:16:49] ds_online_nohint_v2 cases_001  steps  61- 69: 17.9s  total: 129.5s  (70/100)
[2026-04-28 16:17:07] ds_online_nohint_v2 cases_001  steps  71- 79: 17.7s  total: 147.3s  (80/100)
[2026-04-28 16:17:24] ds_online_nohint_v2 cases_001  steps  81- 89: 17.3s  total: 164.6s  (90/100)
[2026-04-28 16:17:42] ds_online_nohint_v2 cases_001  steps  91- 99: 18.0s  total: 182.7s  (100/100)
[2026-04-28 16:17:43] DONE ds_online_nohint_v2 cases_001  total: 182.7s  (1.83s/step)
[2026-04-28 16:17:43]   tokens: 108,632 in + 4,743 out (reasoning: 0)  cost: $0.0345
[2026-04-28 16:17:43] START ds_online_nohint_v2 cases_002 (100 steps, two-turn)
[2026-04-28 16:18:06] ds_online_nohint_v2 cases_002  steps   1-  9: 23.5s  total: 23.5s  (10/100)
[2026-04-28 16:18:32] ds_online_nohint_v2 cases_002  steps  11- 19: 25.2s  total: 48.7s  (20/100)
[2026-04-28 16:18:51] ds_online_nohint_v2 cases_002  steps  21- 29: 19.8s  total: 68.4s  (30/100)
[2026-04-28 16:19:11] ds_online_nohint_v2 cases_002  steps  31- 39: 19.6s  total: 88.0s  (40/100)
[2026-04-28 16:19:31] ds_online_nohint_v2 cases_002  steps  41- 49: 19.7s  total: 107.7s  (50/100)
[2026-04-28 16:19:51] ds_online_nohint_v2 cases_002  steps  51- 59: 20.7s  total: 128.4s  (60/100)
[2026-04-28 16:20:15] ds_online_nohint_v2 cases_002  steps  61- 69: 23.4s  total: 151.9s  (70/100)
[2026-04-28 16:20:35] ds_online_nohint_v2 cases_002  steps  71- 79: 20.6s  total: 172.5s  (80/100)
[2026-04-28 16:20:54] ds_online_nohint_v2 cases_002  steps  81- 89: 18.6s  total: 191.0s  (90/100)
[2026-04-28 16:21:14] ds_online_nohint_v2 cases_002  steps  91- 99: 20.5s  total: 211.5s  (100/100)
[2026-04-28 16:21:15] DONE ds_online_nohint_v2 cases_002  total: 211.5s  (2.12s/step)
[2026-04-28 16:21:15]   tokens: 113,644 in + 7,207 out (reasoning: 0)  cost: $0.0386
[2026-04-28 16:21:15] START ds_online_nohint_v2 cases_003 (100 steps, two-turn)
[2026-04-28 16:21:34] ds_online_nohint_v2 cases_003  steps   1-  9: 19.4s  total: 19.4s  (10/100)
[2026-04-28 16:21:56] ds_online_nohint_v2 cases_003  steps  11- 19: 21.4s  total: 40.8s  (20/100)
[2026-04-28 16:22:22] ds_online_nohint_v2 cases_003  steps  21- 29: 26.7s  total: 67.5s  (30/100)
[2026-04-28 16:22:51] ds_online_nohint_v2 cases_003  steps  31- 39: 28.3s  total: 95.8s  (40/100)
[2026-04-28 16:23:21] ds_online_nohint_v2 cases_003  steps  41- 49: 30.3s  total: 126.1s  (50/100)
[2026-04-28 16:23:57] ds_online_nohint_v2 cases_003  steps  51- 59: 36.4s  total: 162.5s  (60/100)
[2026-04-28 16:24:36] ds_online_nohint_v2 cases_003  steps  61- 69: 38.2s  total: 200.7s  (70/100)
[2026-04-28 16:25:16] ds_online_nohint_v2 cases_003  steps  71- 79: 39.9s  total: 240.6s  (80/100)
[2026-04-28 16:25:42] ds_online_nohint_v2 cases_003  steps  81- 89: 26.4s  total: 267.0s  (90/100)
[2026-04-28 16:26:14] ds_online_nohint_v2 cases_003  steps  91- 99: 31.6s  total: 298.7s  (100/100)
[2026-04-28 16:26:14] DONE ds_online_nohint_v2 cases_003  total: 298.7s  (2.99s/step)
[2026-04-28 16:26:14]   tokens: 128,180 in + 14,744 out (reasoning: 0)  cost: $0.0508
[2026-04-28 16:26:14] START ds_online_nohint_v2 cases_004 (100 steps, two-turn)
[2026-04-28 16:26:34] ds_online_nohint_v2 cases_004  steps   1-  9: 19.8s  total: 19.8s  (10/100)
[2026-04-28 16:26:54] ds_online_nohint_v2 cases_004  steps  11- 19: 20.5s  total: 40.3s  (20/100)
[2026-04-28 16:27:13] ds_online_nohint_v2 cases_004  steps  21- 29: 18.6s  total: 58.9s  (30/100)
[2026-04-28 16:27:31] ds_online_nohint_v2 cases_004  steps  31- 39: 17.9s  total: 76.8s  (40/100)
[2026-04-28 16:27:49] ds_online_nohint_v2 cases_004  steps  41- 49: 18.0s  total: 94.8s  (50/100)
[2026-04-28 16:28:07] ds_online_nohint_v2 cases_004  steps  51- 59: 17.8s  total: 112.6s  (60/100)
[2026-04-28 16:28:25] ds_online_nohint_v2 cases_004  steps  61- 69: 18.2s  total: 130.8s  (70/100)
[2026-04-28 16:28:43] ds_online_nohint_v2 cases_004  steps  71- 79: 17.9s  total: 148.7s  (80/100)
[2026-04-28 16:29:01] ds_online_nohint_v2 cases_004  steps  81- 89: 18.3s  total: 167.0s  (90/100)
[2026-04-28 16:29:20] ds_online_nohint_v2 cases_004  steps  91- 99: 18.5s  total: 185.5s  (100/100)
[2026-04-28 16:29:20] DONE ds_online_nohint_v2 cases_004  total: 185.5s  (1.85s/step)
[2026-04-28 16:29:20]   tokens: 108,656 in + 4,761 out (reasoning: 0)  cost: $0.0346
[2026-04-28 16:29:20] START ds_online_nohint_v2 cases_005 (100 steps, two-turn)
[2026-04-28 16:29:44] ds_online_nohint_v2 cases_005  steps   1-  9: 24.4s  total: 24.4s  (10/100)
[2026-04-28 16:30:07] ds_online_nohint_v2 cases_005  steps  11- 19: 22.2s  total: 46.6s  (20/100)
[2026-04-28 16:30:28] ds_online_nohint_v2 cases_005  steps  21- 29: 21.2s  total: 67.8s  (30/100)
[2026-04-28 16:30:52] ds_online_nohint_v2 cases_005  steps  31- 39: 24.2s  total: 91.9s  (40/100)
[2026-04-28 16:31:12] ds_online_nohint_v2 cases_005  steps  41- 49: 19.8s  total: 111.7s  (50/100)
[2026-04-28 16:31:43] ds_online_nohint_v2 cases_005  steps  51- 59: 31.3s  total: 142.9s  (60/100)
[2026-04-28 16:32:07] ds_online_nohint_v2 cases_005  steps  61- 69: 23.6s  total: 166.6s  (70/100)
[2026-04-28 16:32:30] ds_online_nohint_v2 cases_005  steps  71- 79: 23.0s  total: 189.5s  (80/100)
[2026-04-28 16:32:48] ds_online_nohint_v2 cases_005  steps  81- 89: 18.2s  total: 207.7s  (90/100)
[2026-04-28 16:33:05] ds_online_nohint_v2 cases_005  steps  91- 99: 17.3s  total: 225.0s  (100/100)
[2026-04-28 16:33:05] DONE ds_online_nohint_v2 cases_005  total: 225.0s  (2.25s/step)
[2026-04-28 16:33:05]   tokens: 116,366 in + 8,511 out (reasoning: 0)  cost: $0.0408
[2026-04-28 16:33:05] START ds_online_nohint_v2 cases_006 (100 steps, two-turn)
[2026-04-28 16:33:22] ds_online_nohint_v2 cases_006  steps   1-  9: 17.0s  total: 17.0s  (10/100)
[2026-04-28 16:33:45] ds_online_nohint_v2 cases_006  steps  11- 19: 22.3s  total: 39.3s  (20/100)
[2026-04-28 16:34:07] ds_online_nohint_v2 cases_006  steps  21- 29: 22.5s  total: 61.8s  (30/100)
[2026-04-28 16:34:25] ds_online_nohint_v2 cases_006  steps  31- 39: 17.3s  total: 79.1s  (40/100)
[2026-04-28 16:34:42] ds_online_nohint_v2 cases_006  steps  41- 49: 17.3s  total: 96.3s  (50/100)
[2026-04-28 16:34:59] ds_online_nohint_v2 cases_006  steps  51- 59: 17.1s  total: 113.4s  (60/100)
[2026-04-28 16:35:19] ds_online_nohint_v2 cases_006  steps  61- 69: 20.0s  total: 133.4s  (70/100)
[2026-04-28 16:35:38] ds_online_nohint_v2 cases_006  steps  71- 79: 18.8s  total: 152.2s  (80/100)
[2026-04-28 16:35:57] ds_online_nohint_v2 cases_006  steps  81- 89: 19.5s  total: 171.7s  (90/100)
[2026-04-28 16:36:16] ds_online_nohint_v2 cases_006  steps  91- 99: 19.0s  total: 190.7s  (100/100)
[2026-04-28 16:36:17] DONE ds_online_nohint_v2 cases_006  total: 190.7s  (1.91s/step)
[2026-04-28 16:36:17]   tokens: 109,958 in + 5,417 out (reasoning: 0)  cost: $0.0356
[2026-04-28 16:36:17] START ds_online_nohint_v2 cases_007 (100 steps, two-turn)
[2026-04-28 16:36:36] ds_online_nohint_v2 cases_007  steps   1-  9: 18.9s  total: 18.9s  (10/100)
[2026-04-28 16:36:53] ds_online_nohint_v2 cases_007  steps  11- 19: 17.3s  total: 36.2s  (20/100)
[2026-04-28 16:37:10] ds_online_nohint_v2 cases_007  steps  21- 29: 16.8s  total: 53.0s  (30/100)
[2026-04-28 16:37:27] ds_online_nohint_v2 cases_007  steps  31- 39: 16.9s  total: 69.9s  (40/100)
[2026-04-28 16:37:46] ds_online_nohint_v2 cases_007  steps  41- 49: 18.9s  total: 88.8s  (50/100)
[2026-04-28 16:38:05] ds_online_nohint_v2 cases_007  steps  51- 59: 19.3s  total: 108.1s  (60/100)
[2026-04-28 16:38:24] ds_online_nohint_v2 cases_007  steps  61- 69: 19.1s  total: 127.2s  (70/100)
[2026-04-28 16:38:43] ds_online_nohint_v2 cases_007  steps  71- 79: 19.0s  total: 146.1s  (80/100)
[2026-04-28 16:39:02] ds_online_nohint_v2 cases_007  steps  81- 89: 18.7s  total: 164.9s  (90/100)
[2026-04-28 16:39:21] ds_online_nohint_v2 cases_007  steps  91- 99: 19.1s  total: 183.9s  (100/100)
[2026-04-28 16:39:21] DONE ds_online_nohint_v2 cases_007  total: 183.9s  (1.84s/step)
[2026-04-28 16:39:21]   tokens: 109,028 in + 4,958 out (reasoning: 0)  cost: $0.0349
[2026-04-28 16:39:21] START ds_online_nohint_v2 cases_008 (100 steps, two-turn)
[2026-04-28 16:39:42] ds_online_nohint_v2 cases_008  steps   1-  9: 20.9s  total: 20.9s  (10/100)
[2026-04-28 16:40:02] ds_online_nohint_v2 cases_008  steps  11- 19: 20.5s  total: 41.4s  (20/100)
[2026-04-28 16:40:22] ds_online_nohint_v2 cases_008  steps  21- 29: 19.5s  total: 60.8s  (30/100)
[2026-04-28 16:40:40] ds_online_nohint_v2 cases_008  steps  31- 39: 17.9s  total: 78.7s  (40/100)
[2026-04-28 16:40:57] ds_online_nohint_v2 cases_008  steps  41- 49: 17.6s  total: 96.3s  (50/100)
[2026-04-28 16:41:16] ds_online_nohint_v2 cases_008  steps  51- 59: 18.7s  total: 115.0s  (60/100)
[2026-04-28 16:41:34] ds_online_nohint_v2 cases_008  steps  61- 69: 17.5s  total: 132.5s  (70/100)
[2026-04-28 16:41:51] ds_online_nohint_v2 cases_008  steps  71- 79: 17.7s  total: 150.2s  (80/100)
[2026-04-28 16:42:10] ds_online_nohint_v2 cases_008  steps  81- 89: 18.6s  total: 168.8s  (90/100)
[2026-04-28 16:42:29] ds_online_nohint_v2 cases_008  steps  91- 99: 19.2s  total: 188.1s  (100/100)
[2026-04-28 16:42:30] DONE ds_online_nohint_v2 cases_008  total: 188.1s  (1.88s/step)
[2026-04-28 16:42:30]   tokens: 109,714 in + 5,291 out (reasoning: 0)  cost: $0.0354
[2026-04-28 16:42:30] START ds_online_nohint_v2 cases_009 (100 steps, two-turn)
[2026-04-28 16:42:53] ds_online_nohint_v2 cases_009  steps   1-  9: 22.8s  total: 22.8s  (10/100)
[2026-04-28 16:43:12] ds_online_nohint_v2 cases_009  steps  11- 19: 19.1s  total: 41.9s  (20/100)
[2026-04-28 16:43:30] ds_online_nohint_v2 cases_009  steps  21- 29: 18.7s  total: 60.7s  (30/100)
[2026-04-28 16:43:48] ds_online_nohint_v2 cases_009  steps  31- 39: 18.0s  total: 78.6s  (40/100)
[2026-04-28 16:44:06] ds_online_nohint_v2 cases_009  steps  41- 49: 17.8s  total: 96.5s  (50/100)
[2026-04-28 16:44:24] ds_online_nohint_v2 cases_009  steps  51- 59: 18.3s  total: 114.7s  (60/100)
[2026-04-28 16:44:43] ds_online_nohint_v2 cases_009  steps  61- 69: 18.4s  total: 133.1s  (70/100)
[2026-04-28 16:45:01] ds_online_nohint_v2 cases_009  steps  71- 79: 17.7s  total: 150.8s  (80/100)
[2026-04-28 16:45:18] ds_online_nohint_v2 cases_009  steps  81- 89: 17.7s  total: 168.5s  (90/100)
[2026-04-28 16:45:36] ds_online_nohint_v2 cases_009  steps  91- 99: 17.6s  total: 186.1s  (100/100)
[2026-04-28 16:45:36] DONE ds_online_nohint_v2 cases_009  total: 186.1s  (1.86s/step)
[2026-04-28 16:45:36]   tokens: 109,462 in + 5,165 out (reasoning: 0)  cost: $0.0352
[2026-04-28 16:45:36] START ds_online_nohint_v2 cases_010 (100 steps, two-turn)
[2026-04-28 16:45:57] ds_online_nohint_v2 cases_010  steps   1-  9: 20.8s  total: 20.8s  (10/100)
[2026-04-28 16:46:20] ds_online_nohint_v2 cases_010  steps  11- 19: 22.9s  total: 43.7s  (20/100)
[2026-04-28 16:46:39] ds_online_nohint_v2 cases_010  steps  21- 29: 19.4s  total: 63.1s  (30/100)
[2026-04-28 16:46:59] ds_online_nohint_v2 cases_010  steps  31- 39: 20.0s  total: 83.1s  (40/100)
[2026-04-28 16:47:17] ds_online_nohint_v2 cases_010  steps  41- 49: 18.0s  total: 101.1s  (50/100)
[2026-04-28 16:47:36] ds_online_nohint_v2 cases_010  steps  51- 59: 18.3s  total: 119.3s  (60/100)
[2026-04-28 16:47:54] ds_online_nohint_v2 cases_010  steps  61- 69: 18.6s  total: 138.0s  (70/100)
[2026-04-28 16:48:12] ds_online_nohint_v2 cases_010  steps  71- 79: 17.8s  total: 155.8s  (80/100)
[2026-04-28 16:48:31] ds_online_nohint_v2 cases_010  steps  81- 89: 18.4s  total: 174.2s  (90/100)
[2026-04-28 16:48:48] ds_online_nohint_v2 cases_010  steps  91- 99: 17.9s  total: 192.1s  (100/100)
[2026-04-28 16:48:49] DONE ds_online_nohint_v2 cases_010  total: 192.1s  (1.92s/step)
[2026-04-28 16:48:49]   tokens: 110,458 in + 5,666 out (reasoning: 0)  cost: $0.0361
[2026-04-28 16:48:49] START ds_online_nohint_v2 cases_011 (100 steps, two-turn)
[2026-04-28 16:49:07] ds_online_nohint_v2 cases_011  steps   1-  9: 17.7s  total: 17.7s  (10/100)
[2026-04-28 16:49:23] ds_online_nohint_v2 cases_011  steps  11- 19: 16.2s  total: 33.9s  (20/100)
[2026-04-28 16:49:40] ds_online_nohint_v2 cases_011  steps  21- 29: 16.9s  total: 50.8s  (30/100)
[2026-04-28 16:49:59] ds_online_nohint_v2 cases_011  steps  31- 39: 19.3s  total: 70.1s  (40/100)
[2026-04-28 16:50:21] ds_online_nohint_v2 cases_011  steps  41- 49: 21.7s  total: 91.9s  (50/100)
[2026-04-28 16:50:44] ds_online_nohint_v2 cases_011  steps  51- 59: 23.4s  total: 115.3s  (60/100)
[2026-04-28 16:51:09] ds_online_nohint_v2 cases_011  steps  61- 69: 24.9s  total: 140.1s  (70/100)
[2026-04-28 16:51:36] ds_online_nohint_v2 cases_011  steps  71- 79: 26.8s  total: 166.9s  (80/100)
[2026-04-28 16:52:00] ds_online_nohint_v2 cases_011  steps  81- 89: 24.4s  total: 191.3s  (90/100)
[2026-04-28 16:52:17] ds_online_nohint_v2 cases_011  steps  91- 99: 17.2s  total: 208.5s  (100/100)
[2026-04-28 16:52:18] DONE ds_online_nohint_v2 cases_011  total: 208.5s  (2.09s/step)
[2026-04-28 16:52:18]   tokens: 113,754 in + 7,311 out (reasoning: 0)  cost: $0.0388
[2026-04-28 16:52:18] START ds_online_nohint_v2 cases_012 (100 steps, two-turn)
[2026-04-28 16:52:37] ds_online_nohint_v2 cases_012  steps   1-  9: 19.2s  total: 19.2s  (10/100)
[2026-04-28 16:52:55] ds_online_nohint_v2 cases_012  steps  11- 19: 18.1s  total: 37.3s  (20/100)
[2026-04-28 16:53:12] ds_online_nohint_v2 cases_012  steps  21- 29: 17.3s  total: 54.6s  (30/100)
[2026-04-28 16:53:29] ds_online_nohint_v2 cases_012  steps  31- 39: 16.7s  total: 71.3s  (40/100)
[2026-04-28 16:53:48] ds_online_nohint_v2 cases_012  steps  41- 49: 19.2s  total: 90.5s  (50/100)
[2026-04-28 16:54:09] ds_online_nohint_v2 cases_012  steps  51- 59: 21.0s  total: 111.5s  (60/100)
[2026-04-28 16:54:31] ds_online_nohint_v2 cases_012  steps  61- 69: 21.7s  total: 133.2s  (70/100)
[2026-04-28 16:54:53] ds_online_nohint_v2 cases_012  steps  71- 79: 22.4s  total: 155.6s  (80/100)
[2026-04-28 16:55:18] ds_online_nohint_v2 cases_012  steps  81- 89: 24.6s  total: 180.2s  (90/100)
[2026-04-28 16:55:43] ds_online_nohint_v2 cases_012  steps  91- 99: 25.3s  total: 205.5s  (100/100)
[2026-04-28 16:55:44] DONE ds_online_nohint_v2 cases_012  total: 205.5s  (2.06s/step)
[2026-04-28 16:55:44]   tokens: 111,912 in + 6,441 out (reasoning: 0)  cost: $0.0373
[2026-04-28 16:55:44] START ds_online_nohint_v2 cases_013 (100 steps, two-turn)
[2026-04-28 16:56:04] ds_online_nohint_v2 cases_013  steps   1-  9: 19.9s  total: 19.9s  (10/100)
[2026-04-28 16:56:25] ds_online_nohint_v2 cases_013  steps  11- 19: 21.2s  total: 41.1s  (20/100)
[2026-04-28 16:56:45] ds_online_nohint_v2 cases_013  steps  21- 29: 19.7s  total: 60.7s  (30/100)
[2026-04-28 16:57:03] ds_online_nohint_v2 cases_013  steps  31- 39: 18.1s  total: 78.9s  (40/100)
[2026-04-28 16:57:20] ds_online_nohint_v2 cases_013  steps  41- 49: 17.8s  total: 96.6s  (50/100)
[2026-04-28 16:57:38] ds_online_nohint_v2 cases_013  steps  51- 59: 17.7s  total: 114.3s  (60/100)
[2026-04-28 16:57:57] ds_online_nohint_v2 cases_013  steps  61- 69: 18.6s  total: 133.0s  (70/100)
[2026-04-28 16:58:14] ds_online_nohint_v2 cases_013  steps  71- 79: 17.6s  total: 150.5s  (80/100)
[2026-04-28 16:58:32] ds_online_nohint_v2 cases_013  steps  81- 89: 18.1s  total: 168.6s  (90/100)
[2026-04-28 16:58:50] ds_online_nohint_v2 cases_013  steps  91- 99: 17.1s  total: 185.7s  (100/100)
[2026-04-28 16:58:50] DONE ds_online_nohint_v2 cases_013  total: 185.7s  (1.86s/step)
[2026-04-28 16:58:50]   tokens: 108,724 in + 4,791 out (reasoning: 0)  cost: $0.0346
[2026-04-28 16:58:50] START ds_online_nohint_v2 cases_014 (100 steps, two-turn)
[2026-04-28 16:59:11] ds_online_nohint_v2 cases_014  steps   1-  9: 21.0s  total: 21.0s  (10/100)
[2026-04-28 16:59:36] ds_online_nohint_v2 cases_014  steps  11- 19: 24.7s  total: 45.7s  (20/100)
[2026-04-28 17:00:00] ds_online_nohint_v2 cases_014  steps  21- 29: 24.3s  total: 69.9s  (30/100)
[2026-04-28 17:00:19] ds_online_nohint_v2 cases_014  steps  31- 39: 19.4s  total: 89.4s  (40/100)
[2026-04-28 17:00:39] ds_online_nohint_v2 cases_014  steps  41- 49: 19.7s  total: 109.1s  (50/100)
[2026-04-28 17:00:58] ds_online_nohint_v2 cases_014  steps  51- 59: 19.1s  total: 128.1s  (60/100)
[2026-04-28 17:01:22] ds_online_nohint_v2 cases_014  steps  61- 69: 23.6s  total: 151.7s  (70/100)
[2026-04-28 17:01:41] ds_online_nohint_v2 cases_014  steps  71- 79: 19.1s  total: 170.8s  (80/100)
[2026-04-28 17:02:04] ds_online_nohint_v2 cases_014  steps  81- 89: 23.6s  total: 194.4s  (90/100)
[2026-04-28 17:02:27] ds_online_nohint_v2 cases_014  steps  91- 99: 22.2s  total: 216.6s  (100/100)
[2026-04-28 17:02:27] DONE ds_online_nohint_v2 cases_014  total: 216.6s  (2.17s/step)
[2026-04-28 17:02:27]   tokens: 115,086 in + 8,006 out (reasoning: 0)  cost: $0.0399
[2026-04-28 17:02:27] START ds_online_nohint_v2 cases_015 (100 steps, two-turn)
[2026-04-28 17:02:49] ds_online_nohint_v2 cases_015  steps   1-  9: 21.5s  total: 21.5s  (10/100)
[2026-04-28 17:03:09] ds_online_nohint_v2 cases_015  steps  11- 19: 20.6s  total: 42.0s  (20/100)
[2026-04-28 17:03:30] ds_online_nohint_v2 cases_015  steps  21- 29: 20.4s  total: 62.5s  (30/100)
[2026-04-28 17:03:50] ds_online_nohint_v2 cases_015  steps  31- 39: 20.0s  total: 82.4s  (40/100)
[2026-04-28 17:04:10] ds_online_nohint_v2 cases_015  steps  41- 49: 20.4s  total: 102.9s  (50/100)
[2026-04-28 17:04:30] ds_online_nohint_v2 cases_015  steps  51- 59: 19.9s  total: 122.7s  (60/100)
[2026-04-28 17:04:49] ds_online_nohint_v2 cases_015  steps  61- 69: 19.0s  total: 141.7s  (70/100)
[2026-04-28 17:05:08] ds_online_nohint_v2 cases_015  steps  71- 79: 19.1s  total: 160.8s  (80/100)
[2026-04-28 17:05:28] ds_online_nohint_v2 cases_015  steps  81- 89: 19.9s  total: 180.7s  (90/100)
[2026-04-28 17:05:47] ds_online_nohint_v2 cases_015  steps  91- 99: 19.5s  total: 200.2s  (100/100)
[2026-04-28 17:05:48] DONE ds_online_nohint_v2 cases_015  total: 200.2s  (2.00s/step)
[2026-04-28 17:05:48]   tokens: 110,684 in + 5,786 out (reasoning: 0)  cost: $0.0362
[2026-04-28 17:05:48] START ds_online_nohint_v2 cases_016 (100 steps, two-turn)
[2026-04-28 17:06:08] ds_online_nohint_v2 cases_016  steps   1-  9: 20.3s  total: 20.3s  (10/100)
[2026-04-28 17:06:28] ds_online_nohint_v2 cases_016  steps  11- 19: 19.6s  total: 39.8s  (20/100)
[2026-04-28 17:06:46] ds_online_nohint_v2 cases_016  steps  21- 29: 18.0s  total: 57.8s  (30/100)
[2026-04-28 17:07:05] ds_online_nohint_v2 cases_016  steps  31- 39: 18.9s  total: 76.7s  (40/100)
[2026-04-28 17:07:21] ds_online_nohint_v2 cases_016  steps  41- 49: 16.2s  total: 92.9s  (50/100)
[2026-04-28 17:07:38] ds_online_nohint_v2 cases_016  steps  51- 59: 16.7s  total: 109.7s  (60/100)
[2026-04-28 17:07:55] ds_online_nohint_v2 cases_016  steps  61- 69: 17.3s  total: 126.9s  (70/100)
[2026-04-28 17:08:12] ds_online_nohint_v2 cases_016  steps  71- 79: 17.1s  total: 144.1s  (80/100)
[2026-04-28 17:08:35] ds_online_nohint_v2 cases_016  steps  81- 89: 23.4s  total: 167.5s  (90/100)
[2026-04-28 17:09:12] ds_online_nohint_v2 cases_016  steps  91- 99: 36.6s  total: 204.1s  (100/100)
[2026-04-28 17:09:12] DONE ds_online_nohint_v2 cases_016  total: 204.1s  (2.04s/step)
[2026-04-28 17:09:12]   tokens: 111,688 in + 6,517 out (reasoning: 0)  cost: $0.0373
[2026-04-28 17:09:12] START ds_online_nohint_v2 cases_017 (100 steps, two-turn)
[2026-04-28 17:09:29] ds_online_nohint_v2 cases_017  steps   1-  9: 16.6s  total: 16.6s  (10/100)
[2026-04-28 17:09:46] ds_online_nohint_v2 cases_017  steps  11- 19: 16.8s  total: 33.4s  (20/100)
[2026-04-28 17:10:03] ds_online_nohint_v2 cases_017  steps  21- 29: 16.9s  total: 50.2s  (30/100)
[2026-04-28 17:10:21] ds_online_nohint_v2 cases_017  steps  31- 39: 18.8s  total: 69.1s  (40/100)
[2026-04-28 17:10:40] ds_online_nohint_v2 cases_017  steps  41- 49: 18.7s  total: 87.8s  (50/100)
[2026-04-28 17:11:00] ds_online_nohint_v2 cases_017  steps  51- 59: 19.9s  total: 107.6s  (60/100)
[2026-04-28 17:11:20] ds_online_nohint_v2 cases_017  steps  61- 69: 19.6s  total: 127.2s  (70/100)
[2026-04-28 17:11:39] ds_online_nohint_v2 cases_017  steps  71- 79: 19.0s  total: 146.2s  (80/100)
[2026-04-28 17:11:58] ds_online_nohint_v2 cases_017  steps  81- 89: 19.6s  total: 165.8s  (90/100)
[2026-04-28 17:12:18] ds_online_nohint_v2 cases_017  steps  91- 99: 19.8s  total: 185.6s  (100/100)
[2026-04-28 17:12:18] DONE ds_online_nohint_v2 cases_017  total: 185.6s  (1.86s/step)
[2026-04-28 17:12:18]   tokens: 109,932 in + 5,417 out (reasoning: 0)  cost: $0.0356
[2026-04-28 17:12:19] START ds_online_nohint_v2 cases_018 (100 steps, two-turn)
[2026-04-28 17:12:36] ds_online_nohint_v2 cases_018  steps   1-  9: 17.9s  total: 17.9s  (10/100)
[2026-04-28 17:12:55] ds_online_nohint_v2 cases_018  steps  11- 19: 18.3s  total: 36.2s  (20/100)
[2026-04-28 17:13:11] ds_online_nohint_v2 cases_018  steps  21- 29: 16.3s  total: 52.5s  (30/100)
[2026-04-28 17:13:27] ds_online_nohint_v2 cases_018  steps  31- 39: 16.3s  total: 68.8s  (40/100)
[2026-04-28 17:13:44] ds_online_nohint_v2 cases_018  steps  41- 49: 16.8s  total: 85.6s  (50/100)
[2026-04-28 17:14:00] ds_online_nohint_v2 cases_018  steps  51- 59: 16.1s  total: 101.7s  (60/100)
[2026-04-28 17:14:17] ds_online_nohint_v2 cases_018  steps  61- 69: 17.3s  total: 119.0s  (70/100)
[2026-04-28 17:14:34] ds_online_nohint_v2 cases_018  steps  71- 79: 16.9s  total: 135.8s  (80/100)
[2026-04-28 17:14:54] ds_online_nohint_v2 cases_018  steps  81- 89: 19.3s  total: 155.1s  (90/100)
[2026-04-28 17:15:12] ds_online_nohint_v2 cases_018  steps  91- 99: 18.5s  total: 173.7s  (100/100)
[2026-04-28 17:15:13] DONE ds_online_nohint_v2 cases_018  total: 173.7s  (1.74s/step)
[2026-04-28 17:15:13]   tokens: 107,358 in + 4,114 out (reasoning: 0)  cost: $0.0335
[2026-04-28 17:15:13] START ds_online_nohint_v2 cases_019 (100 steps, two-turn)
[2026-04-28 17:15:32] ds_online_nohint_v2 cases_019  steps   1-  9: 19.7s  total: 19.7s  (10/100)
[2026-04-28 17:15:51] ds_online_nohint_v2 cases_019  steps  11- 19: 18.2s  total: 37.9s  (20/100)
[2026-04-28 17:16:09] ds_online_nohint_v2 cases_019  steps  21- 29: 18.0s  total: 55.9s  (30/100)
[2026-04-28 17:16:26] ds_online_nohint_v2 cases_019  steps  31- 39: 17.2s  total: 73.2s  (40/100)
[2026-04-28 17:16:44] ds_online_nohint_v2 cases_019  steps  41- 49: 17.9s  total: 91.1s  (50/100)
[2026-04-28 17:17:02] ds_online_nohint_v2 cases_019  steps  51- 59: 17.7s  total: 108.8s  (60/100)
[2026-04-28 17:17:19] ds_online_nohint_v2 cases_019  steps  61- 69: 17.5s  total: 126.2s  (70/100)
[2026-04-28 17:17:37] ds_online_nohint_v2 cases_019  steps  71- 79: 18.0s  total: 144.3s  (80/100)
[2026-04-28 17:17:54] ds_online_nohint_v2 cases_019  steps  81- 89: 17.4s  total: 161.6s  (90/100)
[2026-04-28 17:18:12] ds_online_nohint_v2 cases_019  steps  91- 99: 17.9s  total: 179.6s  (100/100)
[2026-04-28 17:18:13] DONE ds_online_nohint_v2 cases_019  total: 179.6s  (1.80s/step)
[2026-04-28 17:18:13]   tokens: 108,380 in + 4,621 out (reasoning: 0)  cost: $0.0343
[2026-04-28 17:18:13] START ds_online_nonote_v2 cases_000 (100 steps, nonote)
[2026-04-28 17:18:21] ds_online_nonote_v2 cases_000  steps   1-  9: 8.0s  total: 8.0s  (10/100)
[2026-04-28 17:18:29] ds_online_nonote_v2 cases_000  steps  11- 19: 7.8s  total: 15.8s  (20/100)
[2026-04-28 17:18:37] ds_online_nonote_v2 cases_000  steps  21- 29: 7.9s  total: 23.7s  (30/100)
[2026-04-28 17:18:44] ds_online_nonote_v2 cases_000  steps  31- 39: 7.5s  total: 31.2s  (40/100)
[2026-04-28 17:18:53] ds_online_nonote_v2 cases_000  steps  41- 49: 8.5s  total: 39.7s  (50/100)
[2026-04-28 17:19:01] ds_online_nonote_v2 cases_000  steps  51- 59: 8.8s  total: 48.5s  (60/100)
[2026-04-28 17:19:10] ds_online_nonote_v2 cases_000  steps  61- 69: 8.5s  total: 57.1s  (70/100)
[2026-04-28 17:19:19] ds_online_nonote_v2 cases_000  steps  71- 79: 8.7s  total: 65.8s  (80/100)
[2026-04-28 17:19:28] ds_online_nonote_v2 cases_000  steps  81- 89: 9.1s  total: 74.9s  (90/100)
[2026-04-28 17:19:37] ds_online_nonote_v2 cases_000  steps  91- 99: 9.2s  total: 84.1s  (100/100)
[2026-04-28 17:19:37] DONE ds_online_nonote_v2 cases_000  total: 84.1s  (0.84s/step)
[2026-04-28 17:19:37]   tokens: 338,650 in + 700 out (reasoning: 0)  cost: $0.0922
[2026-04-28 17:19:37] START ds_online_nonote_v2 cases_001 (100 steps, nonote)
[2026-04-28 17:19:45] ds_online_nonote_v2 cases_001  steps   1-  9: 7.3s  total: 7.3s  (10/100)
[2026-04-28 17:19:52] ds_online_nonote_v2 cases_001  steps  11- 19: 7.3s  total: 14.6s  (20/100)
[2026-04-28 17:20:00] ds_online_nonote_v2 cases_001  steps  21- 29: 7.7s  total: 22.2s  (30/100)
[2026-04-28 17:20:08] ds_online_nonote_v2 cases_001  steps  31- 39: 7.9s  total: 30.1s  (40/100)
[2026-04-28 17:20:16] ds_online_nonote_v2 cases_001  steps  41- 49: 8.2s  total: 38.3s  (50/100)
[2026-04-28 17:20:25] ds_online_nonote_v2 cases_001  steps  51- 59: 9.0s  total: 47.3s  (60/100)
[2026-04-28 17:20:33] ds_online_nonote_v2 cases_001  steps  61- 69: 8.7s  total: 56.0s  (70/100)
[2026-04-28 17:20:43] ds_online_nonote_v2 cases_001  steps  71- 79: 9.1s  total: 65.1s  (80/100)
[2026-04-28 17:20:51] ds_online_nonote_v2 cases_001  steps  81- 89: 8.6s  total: 73.7s  (90/100)
[2026-04-28 17:21:00] ds_online_nonote_v2 cases_001  steps  91- 99: 9.2s  total: 82.9s  (100/100)
[2026-04-28 17:21:01] DONE ds_online_nonote_v2 cases_001  total: 82.9s  (0.83s/step)
[2026-04-28 17:21:01]   tokens: 338,650 in + 700 out (reasoning: 0)  cost: $0.0922
[2026-04-28 17:21:01] START ds_online_nonote_v2 cases_002 (100 steps, nonote)
[2026-04-28 17:21:08] ds_online_nonote_v2 cases_002  steps   1-  9: 7.4s  total: 7.4s  (10/100)
[2026-04-28 17:21:16] ds_online_nonote_v2 cases_002  steps  11- 19: 7.8s  total: 15.3s  (20/100)
[2026-04-28 17:21:24] ds_online_nonote_v2 cases_002  steps  21- 29: 8.0s  total: 23.2s  (30/100)
[2026-04-28 17:21:32] ds_online_nonote_v2 cases_002  steps  31- 39: 7.8s  total: 31.0s  (40/100)
[2026-04-28 17:21:40] ds_online_nonote_v2 cases_002  steps  41- 49: 8.1s  total: 39.1s  (50/100)
[2026-04-28 17:21:49] ds_online_nonote_v2 cases_002  steps  51- 59: 8.9s  total: 48.0s  (60/100)
[2026-04-28 17:21:58] ds_online_nonote_v2 cases_002  steps  61- 69: 9.1s  total: 57.1s  (70/100)
[2026-04-28 17:22:07] ds_online_nonote_v2 cases_002  steps  71- 79: 8.9s  total: 65.9s  (80/100)
[2026-04-28 17:22:16] ds_online_nonote_v2 cases_002  steps  81- 89: 9.3s  total: 75.3s  (90/100)
[2026-04-28 17:22:25] ds_online_nonote_v2 cases_002  steps  91- 99: 9.0s  total: 84.3s  (100/100)
[2026-04-28 17:22:26] DONE ds_online_nonote_v2 cases_002  total: 84.3s  (0.84s/step)
[2026-04-28 17:22:26]   tokens: 338,650 in + 700 out (reasoning: 0)  cost: $0.0922
[2026-04-28 17:22:26] START ds_online_nonote_v2 cases_003 (100 steps, nonote)
[2026-04-28 17:22:33] ds_online_nonote_v2 cases_003  steps   1-  9: 7.7s  total: 7.7s  (10/100)
[2026-04-28 17:22:41] ds_online_nonote_v2 cases_003  steps  11- 19: 7.6s  total: 15.3s  (20/100)
[2026-04-28 17:22:48] ds_online_nonote_v2 cases_003  steps  21- 29: 7.5s  total: 22.7s  (30/100)
[2026-04-28 17:22:56] ds_online_nonote_v2 cases_003  steps  31- 39: 8.1s  total: 30.8s  (40/100)
[2026-04-28 17:23:05] ds_online_nonote_v2 cases_003  steps  41- 49: 8.5s  total: 39.3s  (50/100)
[2026-04-28 17:23:14] ds_online_nonote_v2 cases_003  steps  51- 59: 8.9s  total: 48.2s  (60/100)
[2026-04-28 17:23:23] ds_online_nonote_v2 cases_003  steps  61- 69: 9.0s  total: 57.1s  (70/100)
[2026-04-28 17:23:32] ds_online_nonote_v2 cases_003  steps  71- 79: 9.0s  total: 66.1s  (80/100)
[2026-04-28 17:23:40] ds_online_nonote_v2 cases_003  steps  81- 89: 8.8s  total: 74.9s  (90/100)
[2026-04-28 17:23:49] ds_online_nonote_v2 cases_003  steps  91- 99: 9.0s  total: 83.9s  (100/100)
[2026-04-28 17:23:50] DONE ds_online_nonote_v2 cases_003  total: 83.9s  (0.84s/step)
[2026-04-28 17:23:50]   tokens: 338,650 in + 700 out (reasoning: 0)  cost: $0.0922
[2026-04-28 17:23:50] START ds_online_nonote_v2 cases_004 (100 steps, nonote)
[2026-04-28 17:23:57] ds_online_nonote_v2 cases_004  steps   1-  9: 7.2s  total: 7.2s  (10/100)
[2026-04-28 17:24:04] ds_online_nonote_v2 cases_004  steps  11- 19: 7.3s  total: 14.6s  (20/100)
[2026-04-28 17:24:12] ds_online_nonote_v2 cases_004  steps  21- 29: 7.9s  total: 22.5s  (30/100)
[2026-04-28 17:24:20] ds_online_nonote_v2 cases_004  steps  31- 39: 7.9s  total: 30.4s  (40/100)
[2026-04-28 17:24:28] ds_online_nonote_v2 cases_004  steps  41- 49: 8.1s  total: 38.5s  (50/100)
[2026-04-28 17:24:37] ds_online_nonote_v2 cases_004  steps  51- 59: 8.7s  total: 47.2s  (60/100)
[2026-04-28 17:24:46] ds_online_nonote_v2 cases_004  steps  61- 69: 9.0s  total: 56.2s  (70/100)
[2026-04-28 17:24:55] ds_online_nonote_v2 cases_004  steps  71- 79: 8.9s  total: 65.1s  (80/100)
[2026-04-28 17:25:05] ds_online_nonote_v2 cases_004  steps  81- 89: 9.6s  total: 74.7s  (90/100)
[2026-04-28 17:25:14] ds_online_nonote_v2 cases_004  steps  91- 99: 9.2s  total: 83.8s  (100/100)
[2026-04-28 17:25:14] DONE ds_online_nonote_v2 cases_004  total: 83.8s  (0.84s/step)
[2026-04-28 17:25:14]   tokens: 338,650 in + 700 out (reasoning: 0)  cost: $0.0922
[2026-04-28 17:25:14] START ds_online_nonote_v2 cases_005 (100 steps, nonote)
[2026-04-28 17:25:22] ds_online_nonote_v2 cases_005  steps   1-  9: 7.6s  total: 7.6s  (10/100)
[2026-04-28 17:25:29] ds_online_nonote_v2 cases_005  steps  11- 19: 7.3s  total: 14.9s  (20/100)
[2026-04-28 17:25:37] ds_online_nonote_v2 cases_005  steps  21- 29: 7.9s  total: 22.7s  (30/100)
[2026-04-28 17:25:45] ds_online_nonote_v2 cases_005  steps  31- 39: 8.2s  total: 30.9s  (40/100)
[2026-04-28 17:25:54] ds_online_nonote_v2 cases_005  steps  41- 49: 8.4s  total: 39.3s  (50/100)
[2026-04-28 17:26:02] ds_online_nonote_v2 cases_005  steps  51- 59: 8.7s  total: 48.0s  (60/100)
[2026-04-28 17:26:11] ds_online_nonote_v2 cases_005  steps  61- 69: 8.8s  total: 56.8s  (70/100)
[2026-04-28 17:26:20] ds_online_nonote_v2 cases_005  steps  71- 79: 8.9s  total: 65.7s  (80/100)
[2026-04-28 17:26:29] ds_online_nonote_v2 cases_005  steps  81- 89: 9.1s  total: 74.8s  (90/100)
[2026-04-28 17:26:38] ds_online_nonote_v2 cases_005  steps  91- 99: 9.1s  total: 83.9s  (100/100)
[2026-04-28 17:26:39] DONE ds_online_nonote_v2 cases_005  total: 83.9s  (0.84s/step)
[2026-04-28 17:26:39]   tokens: 338,650 in + 700 out (reasoning: 0)  cost: $0.0922
[2026-04-28 17:26:39] START ds_online_nonote_v2 cases_006 (100 steps, nonote)
[2026-04-28 17:26:46] ds_online_nonote_v2 cases_006  steps   1-  9: 7.5s  total: 7.5s  (10/100)
[2026-04-28 17:26:53] ds_online_nonote_v2 cases_006  steps  11- 19: 7.4s  total: 14.9s  (20/100)
[2026-04-28 17:27:01] ds_online_nonote_v2 cases_006  steps  21- 29: 7.8s  total: 22.7s  (30/100)
[2026-04-28 17:27:09] ds_online_nonote_v2 cases_006  steps  31- 39: 7.5s  total: 30.2s  (40/100)
[2026-04-28 17:27:17] ds_online_nonote_v2 cases_006  steps  41- 49: 8.3s  total: 38.6s  (50/100)
[2026-04-28 17:27:26] ds_online_nonote_v2 cases_006  steps  51- 59: 8.9s  total: 47.5s  (60/100)
[2026-04-28 17:27:35] ds_online_nonote_v2 cases_006  steps  61- 69: 8.9s  total: 56.4s  (70/100)
[2026-04-28 17:27:44] ds_online_nonote_v2 cases_006  steps  71- 79: 9.0s  total: 65.4s  (80/100)
[2026-04-28 17:27:53] ds_online_nonote_v2 cases_006  steps  81- 89: 9.3s  total: 74.6s  (90/100)
[2026-04-28 17:28:02] ds_online_nonote_v2 cases_006  steps  91- 99: 8.9s  total: 83.5s  (100/100)
[2026-04-28 17:28:03] DONE ds_online_nonote_v2 cases_006  total: 83.5s  (0.84s/step)
[2026-04-28 17:28:03]   tokens: 338,650 in + 700 out (reasoning: 0)  cost: $0.0922
[2026-04-28 17:28:03] START ds_online_nonote_v2 cases_007 (100 steps, nonote)
[2026-04-28 17:28:10] ds_online_nonote_v2 cases_007  steps   1-  9: 7.3s  total: 7.3s  (10/100)
[2026-04-28 17:28:17] ds_online_nonote_v2 cases_007  steps  11- 19: 7.3s  total: 14.6s  (20/100)
[2026-04-28 17:28:25] ds_online_nonote_v2 cases_007  steps  21- 29: 7.7s  total: 22.3s  (30/100)
[2026-04-28 17:28:33] ds_online_nonote_v2 cases_007  steps  31- 39: 8.4s  total: 30.6s  (40/100)
[2026-04-28 17:28:41] ds_online_nonote_v2 cases_007  steps  41- 49: 7.9s  total: 38.5s  (50/100)
[2026-04-28 17:28:50] ds_online_nonote_v2 cases_007  steps  51- 59: 8.8s  total: 47.4s  (60/100)
[2026-04-28 17:28:59] ds_online_nonote_v2 cases_007  steps  61- 69: 9.0s  total: 56.3s  (70/100)
[2026-04-28 17:29:08] ds_online_nonote_v2 cases_007  steps  71- 79: 8.6s  total: 64.9s  (80/100)
[2026-04-28 17:29:16] ds_online_nonote_v2 cases_007  steps  81- 89: 9.0s  total: 73.9s  (90/100)
[2026-04-28 17:29:26] ds_online_nonote_v2 cases_007  steps  91- 99: 9.3s  total: 83.2s  (100/100)
[2026-04-28 17:29:26] DONE ds_online_nonote_v2 cases_007  total: 83.2s  (0.83s/step)
[2026-04-28 17:29:26]   tokens: 338,650 in + 700 out (reasoning: 0)  cost: $0.0922
[2026-04-28 17:29:26] START ds_online_nonote_v2 cases_008 (100 steps, nonote)
[2026-04-28 17:29:34] ds_online_nonote_v2 cases_008  steps   1-  9: 7.5s  total: 7.5s  (10/100)
[2026-04-28 17:29:41] ds_online_nonote_v2 cases_008  steps  11- 19: 7.6s  total: 15.0s  (20/100)
[2026-04-28 17:29:49] ds_online_nonote_v2 cases_008  steps  21- 29: 8.0s  total: 23.0s  (30/100)
[2026-04-28 17:29:57] ds_online_nonote_v2 cases_008  steps  31- 39: 7.8s  total: 30.8s  (40/100)
[2026-04-28 17:30:05] ds_online_nonote_v2 cases_008  steps  41- 49: 8.1s  total: 38.9s  (50/100)
[2026-04-28 17:30:14] ds_online_nonote_v2 cases_008  steps  51- 59: 9.0s  total: 47.9s  (60/100)
[2026-04-28 17:30:23] ds_online_nonote_v2 cases_008  steps  61- 69: 8.8s  total: 56.8s  (70/100)
[2026-04-28 17:30:32] ds_online_nonote_v2 cases_008  steps  71- 79: 8.9s  total: 65.7s  (80/100)
[2026-04-28 17:30:41] ds_online_nonote_v2 cases_008  steps  81- 89: 8.8s  total: 74.4s  (90/100)
[2026-04-28 17:30:50] ds_online_nonote_v2 cases_008  steps  91- 99: 9.2s  total: 83.6s  (100/100)
[2026-04-28 17:30:50] DONE ds_online_nonote_v2 cases_008  total: 83.6s  (0.84s/step)
[2026-04-28 17:30:50]   tokens: 338,650 in + 700 out (reasoning: 0)  cost: $0.0922
[2026-04-28 17:30:50] START ds_online_nonote_v2 cases_009 (100 steps, nonote)
[2026-04-28 17:30:58] ds_online_nonote_v2 cases_009  steps   1-  9: 7.3s  total: 7.3s  (10/100)
[2026-04-28 17:31:05] ds_online_nonote_v2 cases_009  steps  11- 19: 7.5s  total: 14.8s  (20/100)
[2026-04-28 17:31:13] ds_online_nonote_v2 cases_009  steps  21- 29: 7.8s  total: 22.6s  (30/100)
[2026-04-28 17:31:21] ds_online_nonote_v2 cases_009  steps  31- 39: 8.2s  total: 30.8s  (40/100)
[2026-04-28 17:31:29] ds_online_nonote_v2 cases_009  steps  41- 49: 7.9s  total: 38.7s  (50/100)
[2026-04-28 17:31:38] ds_online_nonote_v2 cases_009  steps  51- 59: 9.4s  total: 48.0s  (60/100)
[2026-04-28 17:31:47] ds_online_nonote_v2 cases_009  steps  61- 69: 8.9s  total: 56.9s  (70/100)
[2026-04-28 17:31:56] ds_online_nonote_v2 cases_009  steps  71- 79: 8.8s  total: 65.7s  (80/100)
[2026-04-28 17:32:05] ds_online_nonote_v2 cases_009  steps  81- 89: 8.7s  total: 74.4s  (90/100)
[2026-04-28 17:32:14] ds_online_nonote_v2 cases_009  steps  91- 99: 9.2s  total: 83.6s  (100/100)
[2026-04-28 17:32:14] DONE ds_online_nonote_v2 cases_009  total: 83.6s  (0.84s/step)
[2026-04-28 17:32:14]   tokens: 338,650 in + 700 out (reasoning: 0)  cost: $0.0922
[2026-04-28 17:32:14] START ds_online_nonote_v2 cases_010 (100 steps, nonote)
[2026-04-28 17:32:22] ds_online_nonote_v2 cases_010  steps   1-  9: 7.3s  total: 7.3s  (10/100)
[2026-04-28 17:32:29] ds_online_nonote_v2 cases_010  steps  11- 19: 7.5s  total: 14.8s  (20/100)
[2026-04-28 17:32:37] ds_online_nonote_v2 cases_010  steps  21- 29: 7.5s  total: 22.3s  (30/100)
[2026-04-28 17:32:44] ds_online_nonote_v2 cases_010  steps  31- 39: 7.6s  total: 29.9s  (40/100)
[2026-04-28 17:32:53] ds_online_nonote_v2 cases_010  steps  41- 49: 8.6s  total: 38.5s  (50/100)
[2026-04-28 17:33:02] ds_online_nonote_v2 cases_010  steps  51- 59: 8.7s  total: 47.2s  (60/100)
[2026-04-28 17:33:10] ds_online_nonote_v2 cases_010  steps  61- 69: 8.7s  total: 55.9s  (70/100)
[2026-04-28 17:33:19] ds_online_nonote_v2 cases_010  steps  71- 79: 9.1s  total: 65.0s  (80/100)
[2026-04-28 17:33:28] ds_online_nonote_v2 cases_010  steps  81- 89: 8.8s  total: 73.9s  (90/100)
[2026-04-28 17:33:37] ds_online_nonote_v2 cases_010  steps  91- 99: 9.0s  total: 82.8s  (100/100)
[2026-04-28 17:33:38] DONE ds_online_nonote_v2 cases_010  total: 82.8s  (0.83s/step)
[2026-04-28 17:33:38]   tokens: 338,650 in + 700 out (reasoning: 0)  cost: $0.0922
[2026-04-28 17:33:38] START ds_online_nonote_v2 cases_011 (100 steps, nonote)
[2026-04-28 17:33:45] ds_online_nonote_v2 cases_011  steps   1-  9: 7.6s  total: 7.6s  (10/100)
[2026-04-28 17:33:53] ds_online_nonote_v2 cases_011  steps  11- 19: 7.4s  total: 15.1s  (20/100)
[2026-04-28 17:34:01] ds_online_nonote_v2 cases_011  steps  21- 29: 7.7s  total: 22.8s  (30/100)
[2026-04-28 17:34:08] ds_online_nonote_v2 cases_011  steps  31- 39: 7.8s  total: 30.5s  (40/100)
[2026-04-28 17:34:17] ds_online_nonote_v2 cases_011  steps  41- 49: 8.5s  total: 39.0s  (50/100)
[2026-04-28 17:34:26] ds_online_nonote_v2 cases_011  steps  51- 59: 9.3s  total: 48.4s  (60/100)
[2026-04-28 17:34:35] ds_online_nonote_v2 cases_011  steps  61- 69: 8.8s  total: 57.1s  (70/100)
[2026-04-28 17:34:44] ds_online_nonote_v2 cases_011  steps  71- 79: 9.0s  total: 66.1s  (80/100)
[2026-04-28 17:34:53] ds_online_nonote_v2 cases_011  steps  81- 89: 9.1s  total: 75.1s  (90/100)
[2026-04-28 17:35:02] ds_online_nonote_v2 cases_011  steps  91- 99: 9.2s  total: 84.3s  (100/100)
[2026-04-28 17:35:03] DONE ds_online_nonote_v2 cases_011  total: 84.3s  (0.84s/step)
[2026-04-28 17:35:03]   tokens: 338,650 in + 700 out (reasoning: 0)  cost: $0.0922
[2026-04-28 17:35:03] START ds_online_nonote_v2 cases_012 (100 steps, nonote)
[2026-04-28 17:35:10] ds_online_nonote_v2 cases_012  steps   1-  9: 7.3s  total: 7.3s  (10/100)
[2026-04-28 17:35:17] ds_online_nonote_v2 cases_012  steps  11- 19: 7.5s  total: 14.8s  (20/100)
[2026-04-28 17:35:25] ds_online_nonote_v2 cases_012  steps  21- 29: 7.9s  total: 22.7s  (30/100)
[2026-04-28 17:35:33] ds_online_nonote_v2 cases_012  steps  31- 39: 7.7s  total: 30.5s  (40/100)
[2026-04-28 17:35:41] ds_online_nonote_v2 cases_012  steps  41- 49: 7.9s  total: 38.4s  (50/100)
[2026-04-28 17:35:50] ds_online_nonote_v2 cases_012  steps  51- 59: 8.7s  total: 47.1s  (60/100)
[2026-04-28 17:35:59] ds_online_nonote_v2 cases_012  steps  61- 69: 8.8s  total: 55.9s  (70/100)
[2026-04-28 17:36:07] ds_online_nonote_v2 cases_012  steps  71- 79: 8.7s  total: 64.6s  (80/100)
[2026-04-28 17:36:17] ds_online_nonote_v2 cases_012  steps  81- 89: 9.2s  total: 73.9s  (90/100)
[2026-04-28 17:36:25] ds_online_nonote_v2 cases_012  steps  91- 99: 8.8s  total: 82.7s  (100/100)
[2026-04-28 17:36:26] DONE ds_online_nonote_v2 cases_012  total: 82.7s  (0.83s/step)
[2026-04-28 17:36:26]   tokens: 338,650 in + 700 out (reasoning: 0)  cost: $0.0922
[2026-04-28 17:36:26] START ds_online_nonote_v2 cases_013 (100 steps, nonote)
[2026-04-28 17:36:33] ds_online_nonote_v2 cases_013  steps   1-  9: 7.4s  total: 7.4s  (10/100)
[2026-04-28 17:36:41] ds_online_nonote_v2 cases_013  steps  11- 19: 7.4s  total: 14.9s  (20/100)
[2026-04-28 17:36:48] ds_online_nonote_v2 cases_013  steps  21- 29: 7.6s  total: 22.4s  (30/100)
[2026-04-28 17:36:56] ds_online_nonote_v2 cases_013  steps  31- 39: 7.8s  total: 30.2s  (40/100)
[2026-04-28 17:37:04] ds_online_nonote_v2 cases_013  steps  41- 49: 7.9s  total: 38.1s  (50/100)
[2026-04-28 17:37:13] ds_online_nonote_v2 cases_013  steps  51- 59: 8.8s  total: 46.9s  (60/100)
[2026-04-28 17:37:21] ds_online_nonote_v2 cases_013  steps  61- 69: 8.6s  total: 55.5s  (70/100)
[2026-04-28 17:37:30] ds_online_nonote_v2 cases_013  steps  71- 79: 8.9s  total: 64.4s  (80/100)
[2026-04-28 17:37:39] ds_online_nonote_v2 cases_013  steps  81- 89: 9.1s  total: 73.5s  (90/100)
[2026-04-28 17:37:48] ds_online_nonote_v2 cases_013  steps  91- 99: 8.9s  total: 82.4s  (100/100)
[2026-04-28 17:37:49] DONE ds_online_nonote_v2 cases_013  total: 82.4s  (0.82s/step)
[2026-04-28 17:37:49]   tokens: 338,650 in + 700 out (reasoning: 0)  cost: $0.0922
[2026-04-28 17:37:49] START ds_online_nonote_v2 cases_014 (100 steps, nonote)
[2026-04-28 17:37:56] ds_online_nonote_v2 cases_014  steps   1-  9: 7.4s  total: 7.4s  (10/100)
[2026-04-28 17:38:04] ds_online_nonote_v2 cases_014  steps  11- 19: 7.7s  total: 15.1s  (20/100)
[2026-04-28 17:38:11] ds_online_nonote_v2 cases_014  steps  21- 29: 7.6s  total: 22.7s  (30/100)
[2026-04-28 17:38:19] ds_online_nonote_v2 cases_014  steps  31- 39: 7.5s  total: 30.2s  (40/100)
[2026-04-28 17:38:28] ds_online_nonote_v2 cases_014  steps  41- 49: 8.6s  total: 38.9s  (50/100)
[2026-04-28 17:38:36] ds_online_nonote_v2 cases_014  steps  51- 59: 8.6s  total: 47.4s  (60/100)
[2026-04-28 17:38:45] ds_online_nonote_v2 cases_014  steps  61- 69: 8.7s  total: 56.1s  (70/100)
[2026-04-28 17:38:54] ds_online_nonote_v2 cases_014  steps  71- 79: 8.7s  total: 64.8s  (80/100)
[2026-04-28 17:39:03] ds_online_nonote_v2 cases_014  steps  81- 89: 9.2s  total: 74.0s  (90/100)
[2026-04-28 17:39:12] ds_online_nonote_v2 cases_014  steps  91- 99: 9.3s  total: 83.3s  (100/100)
[2026-04-28 17:39:12] DONE ds_online_nonote_v2 cases_014  total: 83.3s  (0.83s/step)
[2026-04-28 17:39:12]   tokens: 338,650 in + 700 out (reasoning: 0)  cost: $0.0922
[2026-04-28 17:39:13] START ds_online_nonote_v2 cases_015 (100 steps, nonote)
[2026-04-28 17:39:20] ds_online_nonote_v2 cases_015  steps   1-  9: 7.1s  total: 7.1s  (10/100)
[2026-04-28 17:39:28] ds_online_nonote_v2 cases_015  steps  11- 19: 8.0s  total: 15.1s  (20/100)
[2026-04-28 17:39:35] ds_online_nonote_v2 cases_015  steps  21- 29: 7.7s  total: 22.8s  (30/100)
[2026-04-28 17:39:43] ds_online_nonote_v2 cases_015  steps  31- 39: 7.7s  total: 30.5s  (40/100)
[2026-04-28 17:39:51] ds_online_nonote_v2 cases_015  steps  41- 49: 8.2s  total: 38.7s  (50/100)
[2026-04-28 17:40:00] ds_online_nonote_v2 cases_015  steps  51- 59: 9.0s  total: 47.7s  (60/100)
[2026-04-28 17:40:09] ds_online_nonote_v2 cases_015  steps  61- 69: 9.1s  total: 56.9s  (70/100)
[2026-04-28 17:40:18] ds_online_nonote_v2 cases_015  steps  71- 79: 9.0s  total: 65.9s  (80/100)
[2026-04-28 17:40:28] ds_online_nonote_v2 cases_015  steps  81- 89: 9.1s  total: 75.0s  (90/100)
[2026-04-28 17:40:36] ds_online_nonote_v2 cases_015  steps  91- 99: 8.9s  total: 83.9s  (100/100)
[2026-04-28 17:40:37] DONE ds_online_nonote_v2 cases_015  total: 83.9s  (0.84s/step)
[2026-04-28 17:40:37]   tokens: 338,650 in + 700 out (reasoning: 0)  cost: $0.0922
[2026-04-28 17:40:37] START ds_online_nonote_v2 cases_016 (100 steps, nonote)
[2026-04-28 17:40:44] ds_online_nonote_v2 cases_016  steps   1-  9: 7.3s  total: 7.3s  (10/100)
[2026-04-28 17:40:52] ds_online_nonote_v2 cases_016  steps  11- 19: 8.0s  total: 15.3s  (20/100)
[2026-04-28 17:41:00] ds_online_nonote_v2 cases_016  steps  21- 29: 7.4s  total: 22.7s  (30/100)
[2026-04-28 17:41:07] ds_online_nonote_v2 cases_016  steps  31- 39: 7.6s  total: 30.3s  (40/100)
[2026-04-28 17:41:15] ds_online_nonote_v2 cases_016  steps  41- 49: 8.1s  total: 38.4s  (50/100)
[2026-04-28 17:41:24] ds_online_nonote_v2 cases_016  steps  51- 59: 8.6s  total: 47.0s  (60/100)
[2026-04-28 17:41:33] ds_online_nonote_v2 cases_016  steps  61- 69: 8.9s  total: 55.9s  (70/100)
[2026-04-28 17:41:41] ds_online_nonote_v2 cases_016  steps  71- 79: 8.6s  total: 64.5s  (80/100)
[2026-04-28 17:41:50] ds_online_nonote_v2 cases_016  steps  81- 89: 8.8s  total: 73.3s  (90/100)
[2026-04-28 17:41:59] ds_online_nonote_v2 cases_016  steps  91- 99: 8.8s  total: 82.1s  (100/100)
[2026-04-28 17:41:59] DONE ds_online_nonote_v2 cases_016  total: 82.1s  (0.82s/step)
[2026-04-28 17:41:59]   tokens: 338,650 in + 700 out (reasoning: 0)  cost: $0.0922
[2026-04-28 17:41:59] START ds_online_nonote_v2 cases_017 (100 steps, nonote)
[2026-04-28 17:42:07] ds_online_nonote_v2 cases_017  steps   1-  9: 7.6s  total: 7.6s  (10/100)
[2026-04-28 17:42:14] ds_online_nonote_v2 cases_017  steps  11- 19: 7.3s  total: 14.8s  (20/100)
[2026-04-28 17:42:22] ds_online_nonote_v2 cases_017  steps  21- 29: 7.3s  total: 22.2s  (30/100)
[2026-04-28 17:42:29] ds_online_nonote_v2 cases_017  steps  31- 39: 7.8s  total: 30.0s  (40/100)
[2026-04-28 17:42:38] ds_online_nonote_v2 cases_017  steps  41- 49: 8.3s  total: 38.3s  (50/100)
[2026-04-28 17:42:47] ds_online_nonote_v2 cases_017  steps  51- 59: 9.2s  total: 47.5s  (60/100)
[2026-04-28 17:42:56] ds_online_nonote_v2 cases_017  steps  61- 69: 9.0s  total: 56.5s  (70/100)
[2026-04-28 17:43:05] ds_online_nonote_v2 cases_017  steps  71- 79: 8.7s  total: 65.2s  (80/100)
[2026-04-28 17:43:13] ds_online_nonote_v2 cases_017  steps  81- 89: 8.8s  total: 74.0s  (90/100)
[2026-04-28 17:43:23] ds_online_nonote_v2 cases_017  steps  91- 99: 9.2s  total: 83.2s  (100/100)
[2026-04-28 17:43:23] DONE ds_online_nonote_v2 cases_017  total: 83.2s  (0.83s/step)
[2026-04-28 17:43:23]   tokens: 338,650 in + 700 out (reasoning: 0)  cost: $0.0922
[2026-04-28 17:43:23] START ds_online_nonote_v2 cases_018 (100 steps, nonote)
[2026-04-28 17:43:30] ds_online_nonote_v2 cases_018  steps   1-  9: 7.2s  total: 7.2s  (10/100)
[2026-04-28 17:43:38] ds_online_nonote_v2 cases_018  steps  11- 19: 7.4s  total: 14.5s  (20/100)
[2026-04-28 17:43:45] ds_online_nonote_v2 cases_018  steps  21- 29: 7.4s  total: 21.9s  (30/100)
[2026-04-28 17:43:52] ds_online_nonote_v2 cases_018  steps  31- 39: 7.4s  total: 29.3s  (40/100)
[2026-04-28 17:44:00] ds_online_nonote_v2 cases_018  steps  41- 49: 8.1s  total: 37.4s  (50/100)
[2026-04-28 17:44:09] ds_online_nonote_v2 cases_018  steps  51- 59: 8.6s  total: 46.0s  (60/100)
[2026-04-28 17:44:18] ds_online_nonote_v2 cases_018  steps  61- 69: 8.7s  total: 54.7s  (70/100)
[2026-04-28 17:44:26] ds_online_nonote_v2 cases_018  steps  71- 79: 8.7s  total: 63.4s  (80/100)
[2026-04-28 17:44:35] ds_online_nonote_v2 cases_018  steps  81- 89: 8.7s  total: 72.1s  (90/100)
[2026-04-28 17:44:45] ds_online_nonote_v2 cases_018  steps  91- 99: 9.3s  total: 81.5s  (100/100)
[2026-04-28 17:44:45] DONE ds_online_nonote_v2 cases_018  total: 81.5s  (0.81s/step)
[2026-04-28 17:44:45]   tokens: 338,650 in + 700 out (reasoning: 0)  cost: $0.0922
[2026-04-28 17:44:45] START ds_online_nonote_v2 cases_019 (100 steps, nonote)
[2026-04-28 17:44:52] ds_online_nonote_v2 cases_019  steps   1-  9: 7.2s  total: 7.2s  (10/100)
[2026-04-28 17:45:00] ds_online_nonote_v2 cases_019  steps  11- 19: 7.6s  total: 14.8s  (20/100)
[2026-04-28 17:45:07] ds_online_nonote_v2 cases_019  steps  21- 29: 7.3s  total: 22.2s  (30/100)
[2026-04-28 17:45:15] ds_online_nonote_v2 cases_019  steps  31- 39: 8.1s  total: 30.3s  (40/100)
[2026-04-28 17:45:24] ds_online_nonote_v2 cases_019  steps  41- 49: 8.5s  total: 38.9s  (50/100)
[2026-04-28 17:45:33] ds_online_nonote_v2 cases_019  steps  51- 59: 9.1s  total: 48.0s  (60/100)
[2026-04-28 17:45:42] ds_online_nonote_v2 cases_019  steps  61- 69: 8.6s  total: 56.6s  (70/100)
[2026-04-28 17:45:51] ds_online_nonote_v2 cases_019  steps  71- 79: 8.8s  total: 65.5s  (80/100)
[2026-04-28 17:46:00] ds_online_nonote_v2 cases_019  steps  81- 89: 9.1s  total: 74.6s  (90/100)
[2026-04-28 17:46:09] ds_online_nonote_v2 cases_019  steps  91- 99: 9.1s  total: 83.7s  (100/100)
[2026-04-28 17:46:09] DONE ds_online_nonote_v2 cases_019  total: 83.7s  (0.84s/step)
[2026-04-28 17:46:09]   tokens: 338,650 in + 700 out (reasoning: 0)  cost: $0.0922
[2026-04-28 17:46:09] START ds_online_nonote_nohint_v2 cases_000 (100 steps, nonote)
[2026-04-28 17:46:16] ds_online_nonote_nohint_v2 cases_000  steps   1-  9: 7.3s  total: 7.3s  (10/100)
[2026-04-28 17:46:24] ds_online_nonote_nohint_v2 cases_000  steps  11- 19: 7.7s  total: 15.0s  (20/100)
[2026-04-28 17:46:32] ds_online_nonote_nohint_v2 cases_000  steps  21- 29: 7.9s  total: 22.9s  (30/100)
[2026-04-28 17:46:40] ds_online_nonote_nohint_v2 cases_000  steps  31- 39: 7.9s  total: 30.8s  (40/100)
[2026-04-28 17:46:48] ds_online_nonote_nohint_v2 cases_000  steps  41- 49: 8.2s  total: 39.0s  (50/100)
[2026-04-28 17:46:57] ds_online_nonote_nohint_v2 cases_000  steps  51- 59: 9.0s  total: 47.9s  (60/100)
[2026-04-28 17:47:06] ds_online_nonote_nohint_v2 cases_000  steps  61- 69: 8.9s  total: 56.8s  (70/100)
[2026-04-28 17:47:15] ds_online_nonote_nohint_v2 cases_000  steps  71- 79: 8.8s  total: 65.6s  (80/100)
[2026-04-28 17:47:24] ds_online_nonote_nohint_v2 cases_000  steps  81- 89: 9.2s  total: 74.8s  (90/100)
[2026-04-28 17:47:33] ds_online_nonote_nohint_v2 cases_000  steps  91- 99: 9.4s  total: 84.2s  (100/100)
[2026-04-28 17:47:34] DONE ds_online_nonote_nohint_v2 cases_000  total: 84.2s  (0.84s/step)
[2026-04-28 17:47:34]   tokens: 337,650 in + 700 out (reasoning: 0)  cost: $0.0919
[2026-04-28 17:47:34] START ds_online_nonote_nohint_v2 cases_001 (100 steps, nonote)
[2026-04-28 17:47:41] ds_online_nonote_nohint_v2 cases_001  steps   1-  9: 7.4s  total: 7.4s  (10/100)
[2026-04-28 17:47:49] ds_online_nonote_nohint_v2 cases_001  steps  11- 19: 7.8s  total: 15.2s  (20/100)
[2026-04-28 17:47:57] ds_online_nonote_nohint_v2 cases_001  steps  21- 29: 7.5s  total: 22.7s  (30/100)
[2026-04-28 17:48:04] ds_online_nonote_nohint_v2 cases_001  steps  31- 39: 7.7s  total: 30.4s  (40/100)
[2026-04-28 17:48:13] ds_online_nonote_nohint_v2 cases_001  steps  41- 49: 8.5s  total: 38.8s  (50/100)
[2026-04-28 17:48:22] ds_online_nonote_nohint_v2 cases_001  steps  51- 59: 8.8s  total: 47.7s  (60/100)
[2026-04-28 17:48:31] ds_online_nonote_nohint_v2 cases_001  steps  61- 69: 9.1s  total: 56.7s  (70/100)
[2026-04-28 17:48:39] ds_online_nonote_nohint_v2 cases_001  steps  71- 79: 8.8s  total: 65.6s  (80/100)
[2026-04-28 17:48:49] ds_online_nonote_nohint_v2 cases_001  steps  81- 89: 9.2s  total: 74.7s  (90/100)
[2026-04-28 17:48:58] ds_online_nonote_nohint_v2 cases_001  steps  91- 99: 9.4s  total: 84.2s  (100/100)
[2026-04-28 17:48:59] DONE ds_online_nonote_nohint_v2 cases_001  total: 84.2s  (0.84s/step)
[2026-04-28 17:48:59]   tokens: 337,650 in + 700 out (reasoning: 0)  cost: $0.0919
[2026-04-28 17:48:59] START ds_online_nonote_nohint_v2 cases_002 (100 steps, nonote)
[2026-04-28 17:49:06] ds_online_nonote_nohint_v2 cases_002  steps   1-  9: 7.1s  total: 7.1s  (10/100)
[2026-04-28 17:49:13] ds_online_nonote_nohint_v2 cases_002  steps  11- 19: 7.5s  total: 14.7s  (20/100)
[2026-04-28 17:49:21] ds_online_nonote_nohint_v2 cases_002  steps  21- 29: 8.0s  total: 22.7s  (30/100)
[2026-04-28 17:49:29] ds_online_nonote_nohint_v2 cases_002  steps  31- 39: 7.6s  total: 30.3s  (40/100)
[2026-04-28 17:49:37] ds_online_nonote_nohint_v2 cases_002  steps  41- 49: 8.1s  total: 38.4s  (50/100)
[2026-04-28 17:49:46] ds_online_nonote_nohint_v2 cases_002  steps  51- 59: 8.8s  total: 47.2s  (60/100)
[2026-04-28 17:49:55] ds_online_nonote_nohint_v2 cases_002  steps  61- 69: 8.8s  total: 56.0s  (70/100)
[2026-04-28 17:50:04] ds_online_nonote_nohint_v2 cases_002  steps  71- 79: 9.3s  total: 65.2s  (80/100)
[2026-04-28 17:50:12] ds_online_nonote_nohint_v2 cases_002  steps  81- 89: 8.7s  total: 73.9s  (90/100)
[2026-04-28 17:50:22] ds_online_nonote_nohint_v2 cases_002  steps  91- 99: 9.2s  total: 83.1s  (100/100)
[2026-04-28 17:50:22] DONE ds_online_nonote_nohint_v2 cases_002  total: 83.1s  (0.83s/step)
[2026-04-28 17:50:22]   tokens: 337,650 in + 700 out (reasoning: 0)  cost: $0.0919
[2026-04-28 17:50:22] START ds_online_nonote_nohint_v2 cases_003 (100 steps, nonote)
[2026-04-28 17:50:30] ds_online_nonote_nohint_v2 cases_003  steps   1-  9: 7.5s  total: 7.5s  (10/100)
[2026-04-28 17:50:37] ds_online_nonote_nohint_v2 cases_003  steps  11- 19: 7.8s  total: 15.3s  (20/100)
[2026-04-28 17:50:45] ds_online_nonote_nohint_v2 cases_003  steps  21- 29: 8.0s  total: 23.2s  (30/100)
[2026-04-28 17:50:53] ds_online_nonote_nohint_v2 cases_003  steps  31- 39: 7.6s  total: 30.9s  (40/100)
[2026-04-28 17:51:02] ds_online_nonote_nohint_v2 cases_003  steps  41- 49: 8.6s  total: 39.5s  (50/100)
[2026-04-28 17:51:11] ds_online_nonote_nohint_v2 cases_003  steps  51- 59: 9.1s  total: 48.6s  (60/100)
[2026-04-28 17:51:20] ds_online_nonote_nohint_v2 cases_003  steps  61- 69: 8.7s  total: 57.3s  (70/100)
[2026-04-28 17:51:29] ds_online_nonote_nohint_v2 cases_003  steps  71- 79: 9.1s  total: 66.4s  (80/100)
[2026-04-28 17:51:37] ds_online_nonote_nohint_v2 cases_003  steps  81- 89: 8.6s  total: 75.0s  (90/100)
[2026-04-28 17:51:46] ds_online_nonote_nohint_v2 cases_003  steps  91- 99: 9.0s  total: 84.0s  (100/100)
[2026-04-28 17:51:47] DONE ds_online_nonote_nohint_v2 cases_003  total: 84.0s  (0.84s/step)
[2026-04-28 17:51:47]   tokens: 337,650 in + 700 out (reasoning: 0)  cost: $0.0919
[2026-04-28 17:51:47] START ds_online_nonote_nohint_v2 cases_004 (100 steps, nonote)
[2026-04-28 17:51:54] ds_online_nonote_nohint_v2 cases_004  steps   1-  9: 7.7s  total: 7.7s  (10/100)
[2026-04-28 17:52:02] ds_online_nonote_nohint_v2 cases_004  steps  11- 19: 7.5s  total: 15.1s  (20/100)
[2026-04-28 17:52:10] ds_online_nonote_nohint_v2 cases_004  steps  21- 29: 7.8s  total: 22.9s  (30/100)
[2026-04-28 17:52:17] ds_online_nonote_nohint_v2 cases_004  steps  31- 39: 7.5s  total: 30.4s  (40/100)
[2026-04-28 17:52:25] ds_online_nonote_nohint_v2 cases_004  steps  41- 49: 8.1s  total: 38.6s  (50/100)
[2026-04-28 17:52:34] ds_online_nonote_nohint_v2 cases_004  steps  51- 59: 9.1s  total: 47.6s  (60/100)
[2026-04-28 17:52:44] ds_online_nonote_nohint_v2 cases_004  steps  61- 69: 9.3s  total: 56.9s  (70/100)
[2026-04-28 17:52:53] ds_online_nonote_nohint_v2 cases_004  steps  71- 79: 9.0s  total: 65.9s  (80/100)
[2026-04-28 17:53:01] ds_online_nonote_nohint_v2 cases_004  steps  81- 89: 8.9s  total: 74.8s  (90/100)
[2026-04-28 17:53:10] ds_online_nonote_nohint_v2 cases_004  steps  91- 99: 8.9s  total: 83.6s  (100/100)
[2026-04-28 17:53:11] DONE ds_online_nonote_nohint_v2 cases_004  total: 83.6s  (0.84s/step)
[2026-04-28 17:53:11]   tokens: 337,650 in + 700 out (reasoning: 0)  cost: $0.0919
[2026-04-28 17:53:11] START ds_online_nonote_nohint_v2 cases_005 (100 steps, nonote)
[2026-04-28 17:53:18] ds_online_nonote_nohint_v2 cases_005  steps   1-  9: 7.2s  total: 7.2s  (10/100)
[2026-04-28 17:53:26] ds_online_nonote_nohint_v2 cases_005  steps  11- 19: 7.8s  total: 15.0s  (20/100)
[2026-04-28 17:53:33] ds_online_nonote_nohint_v2 cases_005  steps  21- 29: 7.5s  total: 22.5s  (30/100)
[2026-04-28 17:53:41] ds_online_nonote_nohint_v2 cases_005  steps  31- 39: 8.0s  total: 30.4s  (40/100)
[2026-04-28 17:53:49] ds_online_nonote_nohint_v2 cases_005  steps  41- 49: 8.2s  total: 38.7s  (50/100)
[2026-04-28 17:53:58] ds_online_nonote_nohint_v2 cases_005  steps  51- 59: 8.7s  total: 47.4s  (60/100)
[2026-04-28 17:54:07] ds_online_nonote_nohint_v2 cases_005  steps  61- 69: 8.8s  total: 56.2s  (70/100)
[2026-04-28 17:54:16] ds_online_nonote_nohint_v2 cases_005  steps  71- 79: 9.1s  total: 65.3s  (80/100)
[2026-04-28 17:54:25] ds_online_nonote_nohint_v2 cases_005  steps  81- 89: 8.9s  total: 74.2s  (90/100)
[2026-04-28 17:54:34] ds_online_nonote_nohint_v2 cases_005  steps  91- 99: 9.0s  total: 83.2s  (100/100)
[2026-04-28 17:54:34] DONE ds_online_nonote_nohint_v2 cases_005  total: 83.2s  (0.83s/step)
[2026-04-28 17:54:34]   tokens: 337,650 in + 700 out (reasoning: 0)  cost: $0.0919
[2026-04-28 17:54:34] START ds_online_nonote_nohint_v2 cases_006 (100 steps, nonote)
[2026-04-28 17:54:42] ds_online_nonote_nohint_v2 cases_006  steps   1-  9: 7.6s  total: 7.6s  (10/100)
[2026-04-28 17:54:50] ds_online_nonote_nohint_v2 cases_006  steps  11- 19: 7.7s  total: 15.3s  (20/100)
[2026-04-28 17:54:57] ds_online_nonote_nohint_v2 cases_006  steps  21- 29: 7.7s  total: 22.9s  (30/100)
[2026-04-28 17:55:05] ds_online_nonote_nohint_v2 cases_006  steps  31- 39: 7.8s  total: 30.7s  (40/100)
[2026-04-28 17:55:14] ds_online_nonote_nohint_v2 cases_006  steps  41- 49: 8.5s  total: 39.2s  (50/100)
[2026-04-28 17:55:23] ds_online_nonote_nohint_v2 cases_006  steps  51- 59: 9.1s  total: 48.3s  (60/100)
[2026-04-28 17:55:32] ds_online_nonote_nohint_v2 cases_006  steps  61- 69: 8.8s  total: 57.1s  (70/100)
[2026-04-28 17:55:41] ds_online_nonote_nohint_v2 cases_006  steps  71- 79: 9.0s  total: 66.2s  (80/100)
[2026-04-28 17:55:50] ds_online_nonote_nohint_v2 cases_006  steps  81- 89: 9.4s  total: 75.6s  (90/100)
[2026-04-28 17:55:59] ds_online_nonote_nohint_v2 cases_006  steps  91- 99: 8.8s  total: 84.4s  (100/100)
[2026-04-28 17:55:59] DONE ds_online_nonote_nohint_v2 cases_006  total: 84.4s  (0.84s/step)
[2026-04-28 17:55:59]   tokens: 337,650 in + 700 out (reasoning: 0)  cost: $0.0919
[2026-04-28 17:55:59] START ds_online_nonote_nohint_v2 cases_007 (100 steps, nonote)
[2026-04-28 17:56:07] ds_online_nonote_nohint_v2 cases_007  steps   1-  9: 7.4s  total: 7.4s  (10/100)
[2026-04-28 17:56:14] ds_online_nonote_nohint_v2 cases_007  steps  11- 19: 7.6s  total: 15.0s  (20/100)
[2026-04-28 17:56:22] ds_online_nonote_nohint_v2 cases_007  steps  21- 29: 7.8s  total: 22.8s  (30/100)
[2026-04-28 17:56:30] ds_online_nonote_nohint_v2 cases_007  steps  31- 39: 8.3s  total: 31.1s  (40/100)
[2026-04-28 17:56:39] ds_online_nonote_nohint_v2 cases_007  steps  41- 49: 8.6s  total: 39.7s  (50/100)
[2026-04-28 17:56:48] ds_online_nonote_nohint_v2 cases_007  steps  51- 59: 8.8s  total: 48.5s  (60/100)
[2026-04-28 17:56:57] ds_online_nonote_nohint_v2 cases_007  steps  61- 69: 8.9s  total: 57.4s  (70/100)
[2026-04-28 17:57:06] ds_online_nonote_nohint_v2 cases_007  steps  71- 79: 9.0s  total: 66.4s  (80/100)
[2026-04-28 17:57:15] ds_online_nonote_nohint_v2 cases_007  steps  81- 89: 9.1s  total: 75.5s  (90/100)
[2026-04-28 17:57:24] ds_online_nonote_nohint_v2 cases_007  steps  91- 99: 9.2s  total: 84.7s  (100/100)
[2026-04-28 17:57:24] DONE ds_online_nonote_nohint_v2 cases_007  total: 84.7s  (0.85s/step)
[2026-04-28 17:57:24]   tokens: 337,650 in + 700 out (reasoning: 0)  cost: $0.0919
[2026-04-28 17:57:24] START ds_online_nonote_nohint_v2 cases_008 (100 steps, nonote)
[2026-04-28 17:57:32] ds_online_nonote_nohint_v2 cases_008  steps   1-  9: 7.5s  total: 7.5s  (10/100)
[2026-04-28 17:57:40] ds_online_nonote_nohint_v2 cases_008  steps  11- 19: 7.6s  total: 15.0s  (20/100)
[2026-04-28 17:57:47] ds_online_nonote_nohint_v2 cases_008  steps  21- 29: 7.7s  total: 22.8s  (30/100)
[2026-04-28 17:57:55] ds_online_nonote_nohint_v2 cases_008  steps  31- 39: 8.0s  total: 30.8s  (40/100)
[2026-04-28 17:58:04] ds_online_nonote_nohint_v2 cases_008  steps  41- 49: 8.4s  total: 39.1s  (50/100)
[2026-04-28 17:58:13] ds_online_nonote_nohint_v2 cases_008  steps  51- 59: 9.4s  total: 48.5s  (60/100)
[2026-04-28 17:58:22] ds_online_nonote_nohint_v2 cases_008  steps  61- 69: 8.9s  total: 57.5s  (70/100)
[2026-04-28 17:58:31] ds_online_nonote_nohint_v2 cases_008  steps  71- 79: 8.6s  total: 66.0s  (80/100)
[2026-04-28 17:58:40] ds_online_nonote_nohint_v2 cases_008  steps  81- 89: 9.0s  total: 75.0s  (90/100)
[2026-04-28 17:58:49] ds_online_nonote_nohint_v2 cases_008  steps  91- 99: 9.4s  total: 84.4s  (100/100)
[2026-04-28 17:58:49] DONE ds_online_nonote_nohint_v2 cases_008  total: 84.4s  (0.84s/step)
[2026-04-28 17:58:49]   tokens: 337,650 in + 700 out (reasoning: 0)  cost: $0.0919
[2026-04-28 17:58:49] START ds_online_nonote_nohint_v2 cases_009 (100 steps, nonote)
[2026-04-28 17:58:57] ds_online_nonote_nohint_v2 cases_009  steps   1-  9: 7.9s  total: 7.9s  (10/100)
[2026-04-28 17:59:05] ds_online_nonote_nohint_v2 cases_009  steps  11- 19: 7.4s  total: 15.3s  (20/100)
[2026-04-28 17:59:13] ds_online_nonote_nohint_v2 cases_009  steps  21- 29: 8.0s  total: 23.4s  (30/100)
[2026-04-28 17:59:21] ds_online_nonote_nohint_v2 cases_009  steps  31- 39: 7.9s  total: 31.3s  (40/100)
[2026-04-28 17:59:29] ds_online_nonote_nohint_v2 cases_009  steps  41- 49: 8.6s  total: 39.8s  (50/100)
[2026-04-28 17:59:38] ds_online_nonote_nohint_v2 cases_009  steps  51- 59: 9.2s  total: 49.1s  (60/100)
[2026-04-28 17:59:48] ds_online_nonote_nohint_v2 cases_009  steps  61- 69: 9.2s  total: 58.3s  (70/100)
[2026-04-28 17:59:56] ds_online_nonote_nohint_v2 cases_009  steps  71- 79: 8.8s  total: 67.1s  (80/100)
[2026-04-28 18:00:06] ds_online_nonote_nohint_v2 cases_009  steps  81- 89: 9.2s  total: 76.3s  (90/100)
[2026-04-28 18:00:15] ds_online_nonote_nohint_v2 cases_009  steps  91- 99: 9.7s  total: 86.0s  (100/100)
[2026-04-28 18:00:16] DONE ds_online_nonote_nohint_v2 cases_009  total: 86.0s  (0.86s/step)
[2026-04-28 18:00:16]   tokens: 337,650 in + 700 out (reasoning: 0)  cost: $0.0919
[2026-04-28 18:00:16] START ds_online_nonote_nohint_v2 cases_010 (100 steps, nonote)
[2026-04-28 18:00:23] ds_online_nonote_nohint_v2 cases_010  steps   1-  9: 7.5s  total: 7.5s  (10/100)
[2026-04-28 18:00:31] ds_online_nonote_nohint_v2 cases_010  steps  11- 19: 7.8s  total: 15.2s  (20/100)
[2026-04-28 18:00:39] ds_online_nonote_nohint_v2 cases_010  steps  21- 29: 7.6s  total: 22.9s  (30/100)
[2026-04-28 18:00:47] ds_online_nonote_nohint_v2 cases_010  steps  31- 39: 7.9s  total: 30.8s  (40/100)
[2026-04-28 18:00:56] ds_online_nonote_nohint_v2 cases_010  steps  41- 49: 9.1s  total: 39.9s  (50/100)
[2026-04-28 18:01:05] ds_online_nonote_nohint_v2 cases_010  steps  51- 59: 9.3s  total: 49.2s  (60/100)
[2026-04-28 18:01:14] ds_online_nonote_nohint_v2 cases_010  steps  61- 69: 9.2s  total: 58.4s  (70/100)
[2026-04-28 18:01:23] ds_online_nonote_nohint_v2 cases_010  steps  71- 79: 8.9s  total: 67.3s  (80/100)
[2026-04-28 18:01:32] ds_online_nonote_nohint_v2 cases_010  steps  81- 89: 9.2s  total: 76.6s  (90/100)
[2026-04-28 18:01:41] ds_online_nonote_nohint_v2 cases_010  steps  91- 99: 9.0s  total: 85.5s  (100/100)
[2026-04-28 18:01:42] DONE ds_online_nonote_nohint_v2 cases_010  total: 85.5s  (0.86s/step)
[2026-04-28 18:01:42]   tokens: 337,650 in + 700 out (reasoning: 0)  cost: $0.0919
[2026-04-28 18:01:42] START ds_online_nonote_nohint_v2 cases_011 (100 steps, nonote)
[2026-04-28 18:01:49] ds_online_nonote_nohint_v2 cases_011  steps   1-  9: 7.5s  total: 7.5s  (10/100)
[2026-04-28 18:01:57] ds_online_nonote_nohint_v2 cases_011  steps  11- 19: 7.5s  total: 14.9s  (20/100)
[2026-04-28 18:02:04] ds_online_nonote_nohint_v2 cases_011  steps  21- 29: 7.5s  total: 22.4s  (30/100)
[2026-04-28 18:02:12] ds_online_nonote_nohint_v2 cases_011  steps  31- 39: 7.6s  total: 30.0s  (40/100)
[2026-04-28 18:02:20] ds_online_nonote_nohint_v2 cases_011  steps  41- 49: 8.2s  total: 38.2s  (50/100)
[2026-04-28 18:02:29] ds_online_nonote_nohint_v2 cases_011  steps  51- 59: 9.2s  total: 47.4s  (60/100)
[2026-04-28 18:02:38] ds_online_nonote_nohint_v2 cases_011  steps  61- 69: 8.6s  total: 56.1s  (70/100)
[2026-04-28 18:02:47] ds_online_nonote_nohint_v2 cases_011  steps  71- 79: 9.1s  total: 65.1s  (80/100)
[2026-04-28 18:02:56] ds_online_nonote_nohint_v2 cases_011  steps  81- 89: 9.0s  total: 74.2s  (90/100)
[2026-04-28 18:03:05] ds_online_nonote_nohint_v2 cases_011  steps  91- 99: 9.0s  total: 83.2s  (100/100)
[2026-04-28 18:03:06] DONE ds_online_nonote_nohint_v2 cases_011  total: 83.2s  (0.83s/step)
[2026-04-28 18:03:06]   tokens: 337,650 in + 700 out (reasoning: 0)  cost: $0.0919
[2026-04-28 18:03:06] START ds_online_nonote_nohint_v2 cases_012 (100 steps, nonote)
[2026-04-28 18:03:13] ds_online_nonote_nohint_v2 cases_012  steps   1-  9: 7.7s  total: 7.7s  (10/100)
[2026-04-28 18:03:21] ds_online_nonote_nohint_v2 cases_012  steps  11- 19: 7.6s  total: 15.3s  (20/100)
[2026-04-28 18:03:28] ds_online_nonote_nohint_v2 cases_012  steps  21- 29: 7.2s  total: 22.6s  (30/100)
[2026-04-28 18:03:36] ds_online_nonote_nohint_v2 cases_012  steps  31- 39: 7.7s  total: 30.3s  (40/100)
[2026-04-28 18:03:44] ds_online_nonote_nohint_v2 cases_012  steps  41- 49: 8.4s  total: 38.7s  (50/100)
[2026-04-28 18:03:53] ds_online_nonote_nohint_v2 cases_012  steps  51- 59: 8.8s  total: 47.5s  (60/100)
[2026-04-28 18:04:02] ds_online_nonote_nohint_v2 cases_012  steps  61- 69: 9.1s  total: 56.5s  (70/100)
[2026-04-28 18:04:11] ds_online_nonote_nohint_v2 cases_012  steps  71- 79: 8.6s  total: 65.2s  (80/100)
[2026-04-28 18:04:19] ds_online_nonote_nohint_v2 cases_012  steps  81- 89: 8.8s  total: 73.9s  (90/100)
[2026-04-28 18:04:29] ds_online_nonote_nohint_v2 cases_012  steps  91- 99: 9.1s  total: 83.0s  (100/100)
[2026-04-28 18:04:29] DONE ds_online_nonote_nohint_v2 cases_012  total: 83.0s  (0.83s/step)
[2026-04-28 18:04:29]   tokens: 337,650 in + 700 out (reasoning: 0)  cost: $0.0919
[2026-04-28 18:04:29] START ds_online_nonote_nohint_v2 cases_013 (100 steps, nonote)
[2026-04-28 18:04:36] ds_online_nonote_nohint_v2 cases_013  steps   1-  9: 7.1s  total: 7.1s  (10/100)
[2026-04-28 18:04:44] ds_online_nonote_nohint_v2 cases_013  steps  11- 19: 7.4s  total: 14.5s  (20/100)
[2026-04-28 18:04:51] ds_online_nonote_nohint_v2 cases_013  steps  21- 29: 7.4s  total: 21.9s  (30/100)
[2026-04-28 18:04:59] ds_online_nonote_nohint_v2 cases_013  steps  31- 39: 7.7s  total: 29.6s  (40/100)
[2026-04-28 18:05:07] ds_online_nonote_nohint_v2 cases_013  steps  41- 49: 8.3s  total: 37.9s  (50/100)
[2026-04-28 18:05:16] ds_online_nonote_nohint_v2 cases_013  steps  51- 59: 8.8s  total: 46.7s  (60/100)
[2026-04-28 18:05:25] ds_online_nonote_nohint_v2 cases_013  steps  61- 69: 9.3s  total: 56.0s  (70/100)
[2026-04-28 18:05:34] ds_online_nonote_nohint_v2 cases_013  steps  71- 79: 8.7s  total: 64.7s  (80/100)
[2026-04-28 18:05:43] ds_online_nonote_nohint_v2 cases_013  steps  81- 89: 9.0s  total: 73.7s  (90/100)
[2026-04-28 18:05:52] ds_online_nonote_nohint_v2 cases_013  steps  91- 99: 9.3s  total: 83.1s  (100/100)
[2026-04-28 18:05:53] DONE ds_online_nonote_nohint_v2 cases_013  total: 83.1s  (0.83s/step)
[2026-04-28 18:05:53]   tokens: 337,650 in + 700 out (reasoning: 0)  cost: $0.0919
[2026-04-28 18:05:53] START ds_online_nonote_nohint_v2 cases_014 (100 steps, nonote)
[2026-04-28 18:06:00] ds_online_nonote_nohint_v2 cases_014  steps   1-  9: 7.2s  total: 7.2s  (10/100)
[2026-04-28 18:06:07] ds_online_nonote_nohint_v2 cases_014  steps  11- 19: 7.2s  total: 14.4s  (20/100)
[2026-04-28 18:06:15] ds_online_nonote_nohint_v2 cases_014  steps  21- 29: 7.7s  total: 22.1s  (30/100)
[2026-04-28 18:06:22] ds_online_nonote_nohint_v2 cases_014  steps  31- 39: 7.7s  total: 29.8s  (40/100)
[2026-04-28 18:06:31] ds_online_nonote_nohint_v2 cases_014  steps  41- 49: 8.2s  total: 38.0s  (50/100)
[2026-04-28 18:06:39] ds_online_nonote_nohint_v2 cases_014  steps  51- 59: 8.7s  total: 46.6s  (60/100)
[2026-04-28 18:06:48] ds_online_nonote_nohint_v2 cases_014  steps  61- 69: 8.7s  total: 55.3s  (70/100)
[2026-04-28 18:06:56] ds_online_nonote_nohint_v2 cases_014  steps  71- 79: 8.5s  total: 63.9s  (80/100)
[2026-04-28 18:07:05] ds_online_nonote_nohint_v2 cases_014  steps  81- 89: 8.7s  total: 72.5s  (90/100)
[2026-04-28 18:07:14] ds_online_nonote_nohint_v2 cases_014  steps  91- 99: 9.1s  total: 81.6s  (100/100)
[2026-04-28 18:07:15] DONE ds_online_nonote_nohint_v2 cases_014  total: 81.6s  (0.82s/step)
[2026-04-28 18:07:15]   tokens: 337,650 in + 700 out (reasoning: 0)  cost: $0.0919
[2026-04-28 18:07:15] START ds_online_nonote_nohint_v2 cases_015 (100 steps, nonote)
[2026-04-28 18:07:22] ds_online_nonote_nohint_v2 cases_015  steps   1-  9: 7.3s  total: 7.3s  (10/100)
[2026-04-28 18:07:30] ds_online_nonote_nohint_v2 cases_015  steps  11- 19: 7.7s  total: 15.1s  (20/100)
[2026-04-28 18:07:37] ds_online_nonote_nohint_v2 cases_015  steps  21- 29: 7.4s  total: 22.5s  (30/100)
[2026-04-28 18:07:45] ds_online_nonote_nohint_v2 cases_015  steps  31- 39: 7.5s  total: 30.0s  (40/100)
[2026-04-28 18:07:53] ds_online_nonote_nohint_v2 cases_015  steps  41- 49: 8.1s  total: 38.1s  (50/100)
[2026-04-28 18:08:02] ds_online_nonote_nohint_v2 cases_015  steps  51- 59: 9.0s  total: 47.1s  (60/100)
[2026-04-28 18:08:10] ds_online_nonote_nohint_v2 cases_015  steps  61- 69: 8.5s  total: 55.6s  (70/100)
[2026-04-28 18:08:19] ds_online_nonote_nohint_v2 cases_015  steps  71- 79: 8.8s  total: 64.4s  (80/100)
[2026-04-28 18:08:28] ds_online_nonote_nohint_v2 cases_015  steps  81- 89: 9.0s  total: 73.4s  (90/100)
[2026-04-28 18:08:37] ds_online_nonote_nohint_v2 cases_015  steps  91- 99: 8.6s  total: 82.1s  (100/100)
[2026-04-28 18:08:37] DONE ds_online_nonote_nohint_v2 cases_015  total: 82.1s  (0.82s/step)
[2026-04-28 18:08:37]   tokens: 337,650 in + 700 out (reasoning: 0)  cost: $0.0919
[2026-04-28 18:08:37] START ds_online_nonote_nohint_v2 cases_016 (100 steps, nonote)
[2026-04-28 18:08:45] ds_online_nonote_nohint_v2 cases_016  steps   1-  9: 7.6s  total: 7.6s  (10/100)
[2026-04-28 18:08:52] ds_online_nonote_nohint_v2 cases_016  steps  11- 19: 7.5s  total: 15.0s  (20/100)
[2026-04-28 18:09:00] ds_online_nonote_nohint_v2 cases_016  steps  21- 29: 8.1s  total: 23.1s  (30/100)
[2026-04-28 18:09:08] ds_online_nonote_nohint_v2 cases_016  steps  31- 39: 7.8s  total: 30.9s  (40/100)
[2026-04-28 18:09:16] ds_online_nonote_nohint_v2 cases_016  steps  41- 49: 8.1s  total: 39.0s  (50/100)
[2026-04-28 18:09:25] ds_online_nonote_nohint_v2 cases_016  steps  51- 59: 8.6s  total: 47.6s  (60/100)
[2026-04-28 18:09:34] ds_online_nonote_nohint_v2 cases_016  steps  61- 69: 8.6s  total: 56.2s  (70/100)
[2026-04-28 18:09:42] ds_online_nonote_nohint_v2 cases_016  steps  71- 79: 8.7s  total: 65.0s  (80/100)
[2026-04-28 18:09:52] ds_online_nonote_nohint_v2 cases_016  steps  81- 89: 9.4s  total: 74.3s  (90/100)
[2026-04-28 18:10:01] ds_online_nonote_nohint_v2 cases_016  steps  91- 99: 9.2s  total: 83.5s  (100/100)
[2026-04-28 18:10:01] DONE ds_online_nonote_nohint_v2 cases_016  total: 83.5s  (0.83s/step)
[2026-04-28 18:10:01]   tokens: 337,650 in + 700 out (reasoning: 0)  cost: $0.0919
[2026-04-28 18:10:01] START ds_online_nonote_nohint_v2 cases_017 (100 steps, nonote)
[2026-04-28 18:10:09] ds_online_nonote_nohint_v2 cases_017  steps   1-  9: 7.6s  total: 7.6s  (10/100)
[2026-04-28 18:10:16] ds_online_nonote_nohint_v2 cases_017  steps  11- 19: 7.5s  total: 15.1s  (20/100)
[2026-04-28 18:10:24] ds_online_nonote_nohint_v2 cases_017  steps  21- 29: 7.9s  total: 23.0s  (30/100)
[2026-04-28 18:10:32] ds_online_nonote_nohint_v2 cases_017  steps  31- 39: 7.8s  total: 30.8s  (40/100)
[2026-04-28 18:10:40] ds_online_nonote_nohint_v2 cases_017  steps  41- 49: 8.2s  total: 39.1s  (50/100)
[2026-04-28 18:10:49] ds_online_nonote_nohint_v2 cases_017  steps  51- 59: 9.0s  total: 48.0s  (60/100)
[2026-04-28 18:10:58] ds_online_nonote_nohint_v2 cases_017  steps  61- 69: 8.7s  total: 56.7s  (70/100)
[2026-04-28 18:11:06] ds_online_nonote_nohint_v2 cases_017  steps  71- 79: 8.4s  total: 65.1s  (80/100)
[2026-04-28 18:11:15] ds_online_nonote_nohint_v2 cases_017  steps  81- 89: 8.6s  total: 73.7s  (90/100)
[2026-04-28 18:11:24] ds_online_nonote_nohint_v2 cases_017  steps  91- 99: 8.9s  total: 82.6s  (100/100)
[2026-04-28 18:11:24] DONE ds_online_nonote_nohint_v2 cases_017  total: 82.6s  (0.83s/step)
[2026-04-28 18:11:24]   tokens: 337,650 in + 700 out (reasoning: 0)  cost: $0.0919
[2026-04-28 18:11:24] START ds_online_nonote_nohint_v2 cases_018 (100 steps, nonote)
[2026-04-28 18:11:32] ds_online_nonote_nohint_v2 cases_018  steps   1-  9: 7.2s  total: 7.2s  (10/100)
[2026-04-28 18:11:39] ds_online_nonote_nohint_v2 cases_018  steps  11- 19: 7.6s  total: 14.8s  (20/100)
[2026-04-28 18:11:47] ds_online_nonote_nohint_v2 cases_018  steps  21- 29: 8.0s  total: 22.8s  (30/100)
[2026-04-28 18:11:55] ds_online_nonote_nohint_v2 cases_018  steps  31- 39: 7.6s  total: 30.4s  (40/100)
[2026-04-28 18:12:03] ds_online_nonote_nohint_v2 cases_018  steps  41- 49: 8.2s  total: 38.5s  (50/100)
[2026-04-28 18:12:12] ds_online_nonote_nohint_v2 cases_018  steps  51- 59: 8.9s  total: 47.4s  (60/100)
[2026-04-28 18:12:20] ds_online_nonote_nohint_v2 cases_018  steps  61- 69: 8.6s  total: 56.0s  (70/100)
[2026-04-28 18:12:29] ds_online_nonote_nohint_v2 cases_018  steps  71- 79: 8.7s  total: 64.7s  (80/100)
[2026-04-28 18:12:38] ds_online_nonote_nohint_v2 cases_018  steps  81- 89: 8.8s  total: 73.6s  (90/100)
[2026-04-28 18:12:47] ds_online_nonote_nohint_v2 cases_018  steps  91- 99: 9.5s  total: 83.0s  (100/100)
[2026-04-28 18:12:48] DONE ds_online_nonote_nohint_v2 cases_018  total: 83.0s  (0.83s/step)
[2026-04-28 18:12:48]   tokens: 337,650 in + 700 out (reasoning: 0)  cost: $0.0919
[2026-04-28 18:12:48] START ds_online_nonote_nohint_v2 cases_019 (100 steps, nonote)
[2026-04-28 18:12:55] ds_online_nonote_nohint_v2 cases_019  steps   1-  9: 7.2s  total: 7.2s  (10/100)
[2026-04-28 18:13:03] ds_online_nonote_nohint_v2 cases_019  steps  11- 19: 7.4s  total: 14.6s  (20/100)
[2026-04-28 18:13:10] ds_online_nonote_nohint_v2 cases_019  steps  21- 29: 7.6s  total: 22.2s  (30/100)
[2026-04-28 18:13:17] ds_online_nonote_nohint_v2 cases_019  steps  31- 39: 7.3s  total: 29.5s  (40/100)
[2026-04-28 18:13:26] ds_online_nonote_nohint_v2 cases_019  steps  41- 49: 8.1s  total: 37.6s  (50/100)
[2026-04-28 18:13:34] ds_online_nonote_nohint_v2 cases_019  steps  51- 59: 8.6s  total: 46.2s  (60/100)
[2026-04-28 18:13:43] ds_online_nonote_nohint_v2 cases_019  steps  61- 69: 8.9s  total: 55.2s  (70/100)
[2026-04-28 18:13:52] ds_online_nonote_nohint_v2 cases_019  steps  71- 79: 8.6s  total: 63.7s  (80/100)
[2026-04-28 18:14:00] ds_online_nonote_nohint_v2 cases_019  steps  81- 89: 8.5s  total: 72.3s  (90/100)
[2026-04-28 18:14:09] ds_online_nonote_nohint_v2 cases_019  steps  91- 99: 8.8s  total: 81.1s  (100/100)
[2026-04-28 18:14:09] DONE ds_online_nonote_nohint_v2 cases_019  total: 81.1s  (0.81s/step)
[2026-04-28 18:14:09]   tokens: 337,650 in + 700 out (reasoning: 0)  cost: $0.0919
