block,condition,agent,seed,return,opt_frac,gap_regret,model
nonstationary,action_permute,tf_legacy,9999,72.40919494628906,0.12,36.87325048446655,discrete
nonstationary,action_permute,tf_legacy,10000,79.97124481201172,0.25333333333333335,41.07829236984253,discrete
nonstationary,action_permute,tf_legacy,10001,66.03193664550781,0.05333333333333334,46.671443462371826,discrete
nonstationary,action_permute,tf_legacy,10002,86.46829223632812,0.32,26.738906383514404,discrete
nonstationary,action_permute,tf_legacy,10003,90.99635314941406,0.22666666666666666,31.277238368988037,discrete
nonstationary,action_permute,tf_legacy,10004,77.63326263427734,0.3466666666666667,33.77564573287964,discrete
nonstationary,action_permute,tf_legacy,10005,66.36204528808594,0.2866666666666667,49.98514699935913,discrete
nonstationary,action_permute,tf_legacy,10006,93.58430480957031,0.52,20.966157913208008,discrete
nonstationary,action_permute,tf_legacy,10007,88.79231262207031,0.36666666666666664,26.40859365463257,discrete
nonstationary,action_permute,tf_legacy,10008,67.6488265991211,0.21333333333333335,51.64545154571533,discrete
nonstationary,action_permute,tf_legacy,10009,77.73713684082031,0.32,38.5376353263855,discrete
nonstationary,action_permute,tf_legacy,10010,66.07671356201172,0.15333333333333332,43.84930181503296,discrete
nonstationary,action_permute,tf_legacy,10011,83.6597671508789,0.2,32.83601140975952,discrete
nonstationary,action_permute,tf_legacy,10012,78.67645263671875,0.18,48.09272384643555,discrete
nonstationary,action_permute,tf_legacy,10013,81.99516296386719,0.16,36.98025369644165,discrete
nonstationary,action_permute,tf_legacy,10014,66.14997100830078,0.34,49.35781812667847,discrete
nonstationary,action_permute,tf_legacy,10015,81.63265991210938,0.22666666666666666,30.41705846786499,discrete
nonstationary,action_permute,tf_legacy,10016,74.7349853515625,0.4266666666666667,29.364314079284668,discrete
nonstationary,action_permute,tf_legacy,10017,77.27528381347656,0.2866666666666667,31.40354585647583,discrete
nonstationary,action_permute,tf_legacy,10018,81.73820495605469,0.32,28.374484062194824,discrete
nonstationary,action_permute,tf_legacy,10019,65.85719299316406,0.04666666666666667,44.81044578552246,discrete
nonstationary,action_permute,tf_legacy,10020,79.79063415527344,0.3333333333333333,22.35891819000244,discrete
nonstationary,action_permute,tf_legacy,10021,55.037986755371094,0.20666666666666667,55.62500524520874,discrete
nonstationary,action_permute,tf_legacy,10022,78.51832580566406,0.18666666666666668,35.87514019012451,discrete
nonstationary,action_permute,tf_legacy,10023,64.71914672851562,0.12,43.70347261428833,discrete
nonstationary,action_permute,tf_legacy,10024,81.97029113769531,0.26666666666666666,27.269692420959473,discrete
nonstationary,action_permute,tf_legacy,10025,79.04653930664062,0.38666666666666666,27.136048793792725,discrete
nonstationary,action_permute,tf_legacy,10026,62.189369201660156,0.04666666666666667,37.9967942237854,discrete
nonstationary,action_permute,tf_legacy,10027,70.70767211914062,0.26,36.27401924133301,discrete
nonstationary,action_permute,tf_legacy,10028,72.72025299072266,0.24,42.29895544052124,discrete
nonstationary,action_permute,tf_legacy,10029,86.86567687988281,0.46,22.715847969055176,discrete
nonstationary,action_permute,tf_legacy,10030,82.01109313964844,0.35333333333333333,27.27886962890625,discrete
nonstationary,action_permute,tf_legacy,10031,81.46597290039062,0.3333333333333333,26.36541748046875,discrete
nonstationary,action_permute,tf_legacy,10032,66.57049560546875,0.16,25.34986448287964,discrete
nonstationary,action_permute,tf_legacy,10033,87.52530670166016,0.28,34.705493450164795,discrete
nonstationary,action_permute,tf_legacy,10034,85.64073181152344,0.3933333333333333,24.95072889328003,discrete
nonstationary,action_permute,tf_legacy,10035,83.71180725097656,0.26,41.40872144699097,discrete
nonstationary,action_permute,tf_legacy,10036,73.087646484375,0.22666666666666666,41.11966419219971,discrete
nonstationary,action_permute,tf_legacy,10037,77.4446792602539,0.26666666666666666,24.79157543182373,discrete
nonstationary,action_permute,tf_legacy,10038,63.04921340942383,0.07333333333333333,43.0662956237793,discrete
nonstationary,action_permute,tf_legacy,10039,89.51190185546875,0.21333333333333335,28.269179344177246,discrete
nonstationary,action_permute,tf_legacy,10040,72.07221221923828,0.16,42.461631774902344,discrete
nonstationary,action_permute,tf_legacy,10041,58.07719421386719,0.16666666666666666,47.33067750930786,discrete
nonstationary,action_permute,tf_legacy,10042,84.93830871582031,0.15333333333333332,29.517024993896484,discrete
nonstationary,action_permute,tf_legacy,10043,77.1200180053711,0.28,37.09112215042114,discrete
nonstationary,action_permute,tf_legacy,10044,71.92533874511719,0.35333333333333333,41.0760293006897,discrete
nonstationary,action_permute,tf_legacy,10045,69.30043029785156,0.3,37.50423765182495,discrete
nonstationary,action_permute,tf_legacy,10046,44.94922637939453,0.18,70.9911208152771,discrete
nonstationary,action_permute,tf_legacy,10047,76.77571105957031,0.16,45.85935688018799,discrete
nonstationary,action_permute,tf_legacy,10048,64.03680419921875,0.16666666666666666,52.6451678276062,discrete
nonstationary,action_permute,tf_self,9999,79.23420715332031,0.22,29.805277824401855,discrete
nonstationary,action_permute,tf_self,10000,95.76610565185547,0.3933333333333333,25.682780265808105,discrete
nonstationary,action_permute,tf_self,10001,82.055419921875,0.25333333333333335,31.005615234375,discrete
nonstationary,action_permute,tf_self,10002,85.1392822265625,0.36,30.18007516860962,discrete
nonstationary,action_permute,tf_self,10003,84.39030456542969,0.36,34.99759483337402,discrete
nonstationary,action_permute,tf_self,10004,77.63326263427734,0.3466666666666667,33.77564573287964,discrete
nonstationary,action_permute,tf_self,10005,70.5464096069336,0.36666666666666664,46.55645513534546,discrete
nonstationary,action_permute,tf_self,10006,92.82160186767578,0.38,20.431033611297607,discrete
nonstationary,action_permute,tf_self,10007,88.79231262207031,0.36666666666666664,26.40859365463257,discrete
nonstationary,action_permute,tf_self,10008,67.6488265991211,0.21333333333333335,51.64545154571533,discrete
nonstationary,action_permute,tf_self,10009,78.99994659423828,0.3,36.69796895980835,discrete
nonstationary,action_permute,tf_self,10010,76.88540649414062,0.2866666666666667,32.500739097595215,discrete
nonstationary,action_permute,tf_self,10011,81.60395812988281,0.12,35.06175994873047,discrete
nonstationary,action_permute,tf_self,10012,94.48417663574219,0.46,30.07608985900879,discrete
nonstationary,action_permute,tf_self,10013,94.90538024902344,0.32666666666666666,27.292109966278076,discrete
nonstationary,action_permute,tf_self,10014,66.14997100830078,0.34,49.35781812667847,discrete
nonstationary,action_permute,tf_self,10015,85.4130859375,0.28,26.137377738952637,discrete
nonstationary,action_permute,tf_self,10016,76.57303619384766,0.48,27.853164672851562,discrete
nonstationary,action_permute,tf_self,10017,76.56754302978516,0.32666666666666666,31.742656230926514,discrete
nonstationary,action_permute,tf_self,10018,81.73820495605469,0.32,28.374484062194824,discrete
nonstationary,action_permute,tf_self,10019,88.16106414794922,0.43333333333333335,22.30381202697754,discrete
nonstationary,action_permute,tf_self,10020,89.92323303222656,0.42,14.435709476470947,discrete
nonstationary,action_permute,tf_self,10021,55.037986755371094,0.20666666666666667,55.62500524520874,discrete
nonstationary,action_permute,tf_self,10022,78.51832580566406,0.18666666666666668,35.87514019012451,discrete
nonstationary,action_permute,tf_self,10023,78.85221862792969,0.22666666666666666,29.54575204849243,discrete
nonstationary,action_permute,tf_self,10024,75.11004638671875,0.24,33.62815856933594,discrete
nonstationary,action_permute,tf_self,10025,79.04653930664062,0.38666666666666666,27.136048793792725,discrete
nonstationary,action_permute,tf_self,10026,49.45515060424805,0.03333333333333333,52.344109535217285,discrete
nonstationary,action_permute,tf_self,10027,65.95182037353516,0.21333333333333335,39.54723024368286,discrete
nonstationary,action_permute,tf_self,10028,79.51022338867188,0.32666666666666666,36.928966999053955,discrete
nonstationary,action_permute,tf_self,10029,86.86567687988281,0.46,22.715847969055176,discrete
nonstationary,action_permute,tf_self,10030,83.45807647705078,0.36,27.940415859222412,discrete
nonstationary,action_permute,tf_self,10031,81.27935028076172,0.24666666666666667,28.090906143188477,discrete
nonstationary,action_permute,tf_self,10032,76.72997283935547,0.26666666666666666,16.56966733932495,discrete
nonstationary,action_permute,tf_self,10033,92.57952880859375,0.2,28.13954496383667,discrete
nonstationary,action_permute,tf_self,10034,71.67729187011719,0.37333333333333335,40.647873878479004,discrete
nonstationary,action_permute,tf_self,10035,79.80722045898438,0.14,45.45869541168213,discrete
nonstationary,action_permute,tf_self,10036,87.4630126953125,0.47333333333333333,29.64401388168335,discrete
nonstationary,action_permute,tf_self,10037,74.77285766601562,0.08666666666666667,28.84345531463623,discrete
nonstationary,action_permute,tf_self,10038,75.24964904785156,0.16666666666666666,30.4268159866333,discrete
nonstationary,action_permute,tf_self,10039,81.33045959472656,0.14666666666666667,34.01786184310913,discrete
nonstationary,action_permute,tf_self,10040,74.77877044677734,0.18666666666666668,38.88759517669678,discrete
nonstationary,action_permute,tf_self,10041,58.07719421386719,0.16666666666666666,47.33067750930786,discrete
nonstationary,action_permute,tf_self,10042,84.93830871582031,0.15333333333333332,29.517024993896484,discrete
nonstationary,action_permute,tf_self,10043,67.0464096069336,0.15333333333333332,47.738900661468506,discrete
nonstationary,action_permute,tf_self,10044,60.2374267578125,0.24666666666666667,50.50896167755127,discrete
nonstationary,action_permute,tf_self,10045,69.30043029785156,0.3,37.50423765182495,discrete
nonstationary,action_permute,tf_self,10046,44.94922637939453,0.18,70.9911208152771,discrete
nonstationary,action_permute,tf_self,10047,64.09285736083984,0.26666666666666666,57.05459642410278,discrete
nonstationary,action_permute,tf_self,10048,99.2781982421875,0.32666666666666666,18.558622360229492,discrete
nonstationary,action_permute,optimal,9999,105.58451080322266,1.0,0.0,discrete
nonstationary,action_permute,optimal,10000,120.25283813476562,1.0,0.0,discrete
nonstationary,action_permute,optimal,10001,108.54301452636719,1.0,0.0,discrete
nonstationary,action_permute,optimal,10002,117.61793518066406,1.0,0.0,discrete
nonstationary,action_permute,optimal,10003,119.40950012207031,1.0,0.0,discrete
nonstationary,action_permute,optimal,10004,111.66455078125,1.0,0.0,discrete
nonstationary,action_permute,optimal,10005,116.30339050292969,1.0,0.0,discrete
nonstationary,action_permute,optimal,10006,108.19403839111328,1.0,0.0,discrete
nonstationary,action_permute,optimal,10007,117.20417785644531,1.0,0.0,discrete
nonstationary,action_permute,optimal,10008,118.36479187011719,1.0,0.0,discrete
nonstationary,action_permute,optimal,10009,116.33384704589844,1.0,0.0,discrete
nonstationary,action_permute,optimal,10010,113.50198364257812,1.0,0.0,discrete
nonstationary,action_permute,optimal,10011,116.56582641601562,1.0,0.0,discrete
nonstationary,action_permute,optimal,10012,121.69638061523438,1.0,0.0,discrete
nonstationary,action_permute,optimal,10013,118.79129028320312,1.0,0.0,discrete
nonstationary,action_permute,optimal,10014,113.58158874511719,1.0,0.0,discrete
nonstationary,action_permute,optimal,10015,111.88401794433594,1.0,0.0,discrete
nonstationary,action_permute,optimal,10016,102.01913452148438,1.0,0.0,discrete
nonstationary,action_permute,optimal,10017,112.41069030761719,1.0,0.0,discrete
nonstationary,action_permute,optimal,10018,109.3783187866211,1.0,0.0,discrete
nonstationary,action_permute,optimal,10019,114.3609848022461,1.0,0.0,discrete
nonstationary,action_permute,optimal,10020,104.90158081054688,1.0,0.0,discrete
nonstationary,action_permute,optimal,10021,110.18820190429688,1.0,0.0,discrete
nonstationary,action_permute,optimal,10022,114.68815612792969,1.0,0.0,discrete
nonstationary,action_permute,optimal,10023,105.78448486328125,1.0,0.0,discrete
nonstationary,action_permute,optimal,10024,108.45394897460938,1.0,0.0,discrete
nonstationary,action_permute,optimal,10025,106.36751556396484,1.0,0.0,discrete
nonstationary,action_permute,optimal,10026,100.41291809082031,1.0,0.0,discrete
nonstationary,action_permute,optimal,10027,106.34818267822266,1.0,0.0,discrete
nonstationary,action_permute,optimal,10028,118.29808044433594,1.0,0.0,discrete
nonstationary,action_permute,optimal,10029,106.08363342285156,1.0,0.0,discrete
nonstationary,action_permute,optimal,10030,114.4266357421875,1.0,0.0,discrete
nonstationary,action_permute,optimal,10031,111.42123413085938,1.0,0.0,discrete
nonstationary,action_permute,optimal,10032,89.2677001953125,1.0,0.0,discrete
nonstationary,action_permute,optimal,10033,120.4154052734375,1.0,0.0,discrete
nonstationary,action_permute,optimal,10034,114.25677490234375,1.0,0.0,discrete
nonstationary,action_permute,optimal,10035,125.25314331054688,1.0,0.0,discrete
nonstationary,action_permute,optimal,10036,112.46002197265625,1.0,0.0,discrete
nonstationary,action_permute,optimal,10037,102.705810546875,1.0,0.0,discrete
nonstationary,action_permute,optimal,10038,104.30300903320312,1.0,0.0,discrete
nonstationary,action_permute,optimal,10039,115.67098999023438,1.0,0.0,discrete
nonstationary,action_permute,optimal,10040,111.84742736816406,1.0,0.0,discrete
nonstationary,action_permute,optimal,10041,106.4958724975586,1.0,0.0,discrete
nonstationary,action_permute,optimal,10042,117.09668731689453,1.0,0.0,discrete
nonstationary,action_permute,optimal,10043,115.43380737304688,1.0,0.0,discrete
nonstationary,action_permute,optimal,10044,106.94786834716797,1.0,0.0,discrete
nonstationary,action_permute,optimal,10045,109.82199096679688,1.0,0.0,discrete
nonstationary,action_permute,optimal,10046,113.76632690429688,1.0,0.0,discrete
nonstationary,action_permute,optimal,10047,123.58666229248047,1.0,0.0,discrete
nonstationary,action_permute,optimal,10048,116.88221740722656,1.0,0.0,discrete
nonstationary,action_permute,epsgreedy,9999,74.52178955078125,0.14666666666666667,33.34108018875122,discrete
nonstationary,action_permute,epsgreedy,10000,83.34292602539062,0.14666666666666667,39.906328201293945,discrete
nonstationary,action_permute,epsgreedy,10001,82.10934448242188,0.32,28.623342037200928,discrete
nonstationary,action_permute,epsgreedy,10002,88.18647766113281,0.23333333333333334,28.28873586654663,discrete
nonstationary,action_permute,epsgreedy,10003,85.73131561279297,0.25333333333333335,35.9758825302124,discrete
nonstationary,action_permute,epsgreedy,10004,73.21048736572266,0.2866666666666667,36.99576997756958,discrete
nonstationary,action_permute,epsgreedy,10005,62.41342544555664,0.24666666666666667,57.254140853881836,discrete
nonstationary,action_permute,epsgreedy,10006,68.28593444824219,0.26,42.24107217788696,discrete
nonstationary,action_permute,epsgreedy,10007,96.23603820800781,0.28,19.01761484146118,discrete
nonstationary,action_permute,epsgreedy,10008,76.06015014648438,0.34,44.03809642791748,discrete
nonstationary,action_permute,epsgreedy,10009,69.442138671875,0.22,44.4317569732666,discrete
nonstationary,action_permute,epsgreedy,10010,68.50117492675781,0.25333333333333335,42.68047475814819,discrete
nonstationary,action_permute,epsgreedy,10011,89.65129089355469,0.3333333333333333,28.0166277885437,discrete
nonstationary,action_permute,epsgreedy,10012,76.77835083007812,0.2,48.222580432891846,discrete
nonstationary,action_permute,epsgreedy,10013,86.53587341308594,0.26666666666666666,32.314425468444824,discrete
nonstationary,action_permute,epsgreedy,10014,64.95394897460938,0.2,49.70911169052124,discrete
nonstationary,action_permute,epsgreedy,10015,72.69868469238281,0.05333333333333334,39.66216707229614,discrete
nonstationary,action_permute,epsgreedy,10016,75.10873413085938,0.28,30.991419792175293,discrete
nonstationary,action_permute,epsgreedy,10017,90.75117492675781,0.5066666666666667,21.246204376220703,discrete
nonstationary,action_permute,epsgreedy,10018,80.16024780273438,0.34,29.642817497253418,discrete
nonstationary,action_permute,epsgreedy,10019,86.05186462402344,0.34,26.51486587524414,discrete
nonstationary,action_permute,epsgreedy,10020,80.98985290527344,0.3333333333333333,24.047754764556885,discrete
nonstationary,action_permute,epsgreedy,10021,78.7994155883789,0.4666666666666667,30.395095825195312,discrete
nonstationary,action_permute,epsgreedy,10022,78.66633605957031,0.24,38.21664333343506,discrete
nonstationary,action_permute,epsgreedy,10023,62.57258224487305,0.3,41.50123310089111,discrete
nonstationary,action_permute,epsgreedy,10024,85.20932006835938,0.38666666666666666,22.727206230163574,discrete
nonstationary,action_permute,epsgreedy,10025,84.31854248046875,0.36666666666666664,21.180773735046387,discrete
nonstationary,action_permute,epsgreedy,10026,64.91807556152344,0.21333333333333335,34.6696081161499,discrete
nonstationary,action_permute,epsgreedy,10027,61.44842529296875,0.15333333333333332,44.5706582069397,discrete
nonstationary,action_permute,epsgreedy,10028,70.82059478759766,0.3466666666666667,44.13038110733032,discrete
nonstationary,action_permute,epsgreedy,10029,75.39697265625,0.38666666666666666,34.561172008514404,discrete
nonstationary,action_permute,epsgreedy,10030,85.87030792236328,0.38,26.659825325012207,discrete
nonstationary,action_permute,epsgreedy,10031,75.30123901367188,0.34,37.67203330993652,discrete
nonstationary,action_permute,epsgreedy,10032,70.40609741210938,0.21333333333333335,21.626566410064697,discrete
nonstationary,action_permute,epsgreedy,10033,95.3831787109375,0.5466666666666666,24.780463695526123,discrete
nonstationary,action_permute,epsgreedy,10034,77.32366943359375,0.2,34.74037170410156,discrete
nonstationary,action_permute,epsgreedy,10035,87.73965454101562,0.11333333333333333,37.626079082489014,discrete
nonstationary,action_permute,epsgreedy,10036,64.1280517578125,0.14,50.24883794784546,discrete
nonstationary,action_permute,epsgreedy,10037,85.14106750488281,0.25333333333333335,18.50440216064453,discrete
nonstationary,action_permute,epsgreedy,10038,75.2733154296875,0.26666666666666666,30.09500789642334,discrete
nonstationary,action_permute,epsgreedy,10039,90.04790496826172,0.14,22.10684061050415,discrete
nonstationary,action_permute,epsgreedy,10040,77.68025970458984,0.36,36.41150140762329,discrete
nonstationary,action_permute,epsgreedy,10041,81.60491943359375,0.44666666666666666,24.30821943283081,discrete
nonstationary,action_permute,epsgreedy,10042,70.26582336425781,0.14,45.22428560256958,discrete
nonstationary,action_permute,epsgreedy,10043,78.24885559082031,0.32666666666666666,36.38375902175903,discrete
nonstationary,action_permute,epsgreedy,10044,64.97348022460938,0.29333333333333333,41.48381185531616,discrete
nonstationary,action_permute,epsgreedy,10045,65.0596923828125,0.25333333333333335,42.881765842437744,discrete
nonstationary,action_permute,epsgreedy,10046,88.18446350097656,0.52,26.454946517944336,discrete
nonstationary,action_permute,epsgreedy,10047,76.41507720947266,0.17333333333333334,43.387763023376465,discrete
nonstationary,action_permute,epsgreedy,10048,72.70701599121094,0.10666666666666667,43.92047739028931,discrete
nonstationary,action_permute,greedy,9999,78.94625854492188,0.28,28.413235187530518,discrete
nonstationary,action_permute,greedy,10000,81.82414245605469,0.14,38.2847466468811,discrete
nonstationary,action_permute,greedy,10001,77.35513305664062,0.3,30.95699977874756,discrete
nonstationary,action_permute,greedy,10002,90.16351318359375,0.38666666666666666,24.688101768493652,discrete
nonstationary,action_permute,greedy,10003,89.21775817871094,0.3333333333333333,32.129244804382324,discrete
nonstationary,action_permute,greedy,10004,64.86753845214844,0.22,44.848111152648926,discrete
nonstationary,action_permute,greedy,10005,65.49223327636719,0.38666666666666666,52.63822841644287,discrete
nonstationary,action_permute,greedy,10006,84.29772186279297,0.44666666666666666,26.6156005859375,discrete
nonstationary,action_permute,greedy,10007,79.38491821289062,0.31333333333333335,38.6474723815918,discrete
nonstationary,action_permute,greedy,10008,78.91796112060547,0.36666666666666664,41.3320574760437,discrete
nonstationary,action_permute,greedy,10009,69.26345825195312,0.13333333333333333,45.90585470199585,discrete
nonstationary,action_permute,greedy,10010,75.87333679199219,0.35333333333333333,32.751747131347656,discrete
nonstationary,action_permute,greedy,10011,80.06632995605469,0.30666666666666664,37.95726203918457,discrete
nonstationary,action_permute,greedy,10012,82.2081069946289,0.3933333333333333,42.42386293411255,discrete
nonstationary,action_permute,greedy,10013,89.371826171875,0.12666666666666668,30.818635940551758,discrete
nonstationary,action_permute,greedy,10014,78.1030044555664,0.38666666666666666,38.14829111099243,discrete
nonstationary,action_permute,greedy,10015,70.06143188476562,0.12,40.513540267944336,discrete
nonstationary,action_permute,greedy,10016,75.3070068359375,0.28,28.949949264526367,discrete
nonstationary,action_permute,greedy,10017,77.1552734375,0.37333333333333335,33.062875747680664,discrete
nonstationary,action_permute,greedy,10018,77.88117980957031,0.30666666666666664,32.783223152160645,discrete
nonstationary,action_permute,greedy,10019,77.54525756835938,0.26666666666666666,34.83031892776489,discrete
nonstationary,action_permute,greedy,10020,72.22284698486328,0.32666666666666666,33.799678802490234,discrete
nonstationary,action_permute,greedy,10021,77.08458709716797,0.4,32.29425096511841,discrete
nonstationary,action_permute,greedy,10022,73.69345092773438,0.15333333333333332,40.31905126571655,discrete
nonstationary,action_permute,greedy,10023,48.341468811035156,0.2,57.00959348678589,discrete
nonstationary,action_permute,greedy,10024,89.44807434082031,0.36666666666666664,21.34745979309082,discrete
nonstationary,action_permute,greedy,10025,79.72904968261719,0.4266666666666667,24.896662712097168,discrete
nonstationary,action_permute,greedy,10026,57.86279296875,0.14,42.37214803695679,discrete
nonstationary,action_permute,greedy,10027,62.47148895263672,0.15333333333333332,43.382779121398926,discrete
nonstationary,action_permute,greedy,10028,64.74105072021484,0.16,48.039616107940674,discrete
nonstationary,action_permute,greedy,10029,74.60493469238281,0.36666666666666664,31.325261116027832,discrete
nonstationary,action_permute,greedy,10030,75.72696685791016,0.24666666666666667,34.656466007232666,discrete
nonstationary,action_permute,greedy,10031,74.13359069824219,0.36,36.93371248245239,discrete
nonstationary,action_permute,greedy,10032,66.93231201171875,0.16666666666666666,23.06119680404663,discrete
nonstationary,action_permute,greedy,10033,105.08970642089844,0.44,16.040743827819824,discrete
nonstationary,action_permute,greedy,10034,76.83346557617188,0.17333333333333334,33.755995750427246,discrete
nonstationary,action_permute,greedy,10035,72.5723876953125,0.13333333333333333,53.77215385437012,discrete
nonstationary,action_permute,greedy,10036,60.628631591796875,0.08666666666666667,56.02735662460327,discrete
nonstationary,action_permute,greedy,10037,85.24910736083984,0.19333333333333333,18.800367832183838,discrete
nonstationary,action_permute,greedy,10038,77.57940673828125,0.25333333333333335,27.196163177490234,discrete
nonstationary,action_permute,greedy,10039,86.53919982910156,0.30666666666666664,26.805593490600586,discrete
nonstationary,action_permute,greedy,10040,77.14102172851562,0.4066666666666667,36.749629974365234,discrete
nonstationary,action_permute,greedy,10041,82.5698013305664,0.3933333333333333,23.417337894439697,discrete
nonstationary,action_permute,greedy,10042,64.38442993164062,0.11333333333333333,49.88489484786987,discrete
nonstationary,action_permute,greedy,10043,74.56892395019531,0.18,40.96167755126953,discrete
nonstationary,action_permute,greedy,10044,71.52493286132812,0.41333333333333333,37.026209354400635,discrete
nonstationary,action_permute,greedy,10045,67.49238586425781,0.17333333333333334,40.380462646484375,discrete
nonstationary,action_permute,greedy,10046,91.97737121582031,0.6333333333333333,23.336324214935303,discrete
nonstationary,action_permute,greedy,10047,67.85623931884766,0.18666666666666668,54.15924692153931,discrete
nonstationary,action_permute,greedy,10048,65.45411682128906,0.24,52.53465414047241,discrete
nonstationary,action_permute,random,9999,80.84095001220703,0.25333333333333335,30.0949387550354,discrete
nonstationary,action_permute,random,10000,80.89566040039062,0.2733333333333333,41.31048345565796,discrete
nonstationary,action_permute,random,10001,80.51902770996094,0.31333333333333335,30.085996627807617,discrete
nonstationary,action_permute,random,10002,85.16572570800781,0.34,29.82538414001465,discrete
nonstationary,action_permute,random,10003,85.65385437011719,0.2733333333333333,37.67849159240723,discrete
nonstationary,action_permute,random,10004,78.03028869628906,0.34,35.13823843002319,discrete
nonstationary,action_permute,random,10005,71.23448944091797,0.29333333333333333,47.395893573760986,discrete
nonstationary,action_permute,random,10006,78.26838684082031,0.3466666666666667,33.764220237731934,discrete
nonstationary,action_permute,random,10007,83.7961196899414,0.23333333333333334,32.67994737625122,discrete
nonstationary,action_permute,random,10008,70.28236389160156,0.17333333333333334,50.435155391693115,discrete
nonstationary,action_permute,random,10009,72.84437561035156,0.23333333333333334,43.91621446609497,discrete
nonstationary,action_permute,random,10010,70.0263671875,0.18666666666666668,38.92750835418701,discrete
nonstationary,action_permute,random,10011,81.56074523925781,0.22,35.27687168121338,discrete
nonstationary,action_permute,random,10012,85.43020629882812,0.28,38.79732084274292,discrete
nonstationary,action_permute,random,10013,86.65889739990234,0.24666666666666667,30.83239984512329,discrete
nonstationary,action_permute,random,10014,68.4721450805664,0.25333333333333335,47.48828983306885,discrete
nonstationary,action_permute,random,10015,74.775146484375,0.18,35.96523857116699,discrete
nonstationary,action_permute,random,10016,68.28456115722656,0.25333333333333335,34.55044174194336,discrete
nonstationary,action_permute,random,10017,76.18350982666016,0.21333333333333335,34.714444160461426,discrete
nonstationary,action_permute,random,10018,77.58042907714844,0.23333333333333334,33.3446831703186,discrete
nonstationary,action_permute,random,10019,80.4237289428711,0.3,31.76599407196045,discrete
nonstationary,action_permute,random,10020,75.5898666381836,0.23333333333333334,29.744503498077393,discrete
nonstationary,action_permute,random,10021,66.07168579101562,0.24666666666666667,44.67412805557251,discrete
nonstationary,action_permute,random,10022,81.19197082519531,0.32,31.77587080001831,discrete
nonstationary,action_permute,random,10023,67.688720703125,0.24,39.16258430480957,discrete
nonstationary,action_permute,random,10024,84.7569808959961,0.2866666666666667,27.3185772895813,discrete
nonstationary,action_permute,random,10025,75.48001098632812,0.23333333333333334,31.811450481414795,discrete
nonstationary,action_permute,random,10026,73.68004608154297,0.2866666666666667,28.815518379211426,discrete
nonstationary,action_permute,random,10027,71.06117248535156,0.28,33.75120544433594,discrete
nonstationary,action_permute,random,10028,70.93327331542969,0.23333333333333334,49.07182788848877,discrete
nonstationary,action_permute,random,10029,73.99137878417969,0.29333333333333333,34.191834449768066,discrete
nonstationary,action_permute,random,10030,79.13836669921875,0.28,34.07873725891113,discrete
nonstationary,action_permute,random,10031,73.25912475585938,0.3,38.66799736022949,discrete
nonstationary,action_permute,random,10032,71.33026123046875,0.26,21.900458335876465,discrete
nonstationary,action_permute,random,10033,79.70634460449219,0.25333333333333335,40.444889068603516,discrete
nonstationary,action_permute,random,10034,77.43869018554688,0.24,35.134323596954346,discrete
nonstationary,action_permute,random,10035,88.24156188964844,0.2866666666666667,37.2666597366333,discrete
nonstationary,action_permute,random,10036,76.57637023925781,0.26666666666666666,39.17404747009277,discrete
nonstationary,action_permute,random,10037,79.05096435546875,0.26,24.66343116760254,discrete
nonstationary,action_permute,random,10038,71.56808471679688,0.24,33.03155708312988,discrete
nonstationary,action_permute,random,10039,85.70889282226562,0.28,27.459741592407227,discrete
nonstationary,action_permute,random,10040,74.71682739257812,0.29333333333333333,39.60629463195801,discrete
nonstationary,action_permute,random,10041,71.98428344726562,0.26,33.2470006942749,discrete
nonstationary,action_permute,random,10042,80.60295867919922,0.24666666666666667,36.75633239746094,discrete
nonstationary,action_permute,random,10043,72.18507385253906,0.20666666666666667,43.1330189704895,discrete
nonstationary,action_permute,random,10044,71.65835571289062,0.29333333333333333,37.10421562194824,discrete
nonstationary,action_permute,random,10045,68.07151794433594,0.23333333333333334,39.63570261001587,discrete
nonstationary,action_permute,random,10046,76.60462951660156,0.2866666666666667,34.58026075363159,discrete
nonstationary,action_permute,random,10047,70.83903503417969,0.18,50.608325481414795,discrete
nonstationary,action_permute,random,10048,81.06547546386719,0.2733333333333333,36.28735065460205,discrete
nonstationary,action_permute,optimal_frozen,9999,99.39387512207031,0.62,8.102663516998291,discrete
nonstationary,action_permute,optimal_frozen,10000,89.80999755859375,0.3333333333333333,31.165746212005615,discrete
nonstationary,action_permute,optimal_frozen,10001,95.7051010131836,0.54,12.627184391021729,discrete
nonstationary,action_permute,optimal_frozen,10002,94.17100524902344,0.5533333333333333,22.597150325775146,discrete
nonstationary,action_permute,optimal_frozen,10003,86.99890899658203,0.3333333333333333,34.0418963432312,discrete
nonstationary,action_permute,optimal_frozen,10004,84.88214874267578,0.5266666666666666,25.628259658813477,discrete
nonstationary,action_permute,optimal_frozen,10005,90.12232208251953,0.5,25.656970500946045,discrete
nonstationary,action_permute,optimal_frozen,10006,76.62857055664062,0.3333333333333333,30.497912883758545,discrete
nonstationary,action_permute,optimal_frozen,10007,107.33502197265625,0.4666666666666667,9.922013759613037,discrete
nonstationary,action_permute,optimal_frozen,10008,67.62877655029297,0.3333333333333333,50.407588481903076,discrete
nonstationary,action_permute,optimal_frozen,10009,86.09619140625,0.47333333333333333,29.95243263244629,discrete
nonstationary,action_permute,optimal_frozen,10010,69.15958404541016,0.3333333333333333,42.70424032211304,discrete
nonstationary,action_permute,optimal_frozen,10011,101.50479125976562,0.64,15.380061626434326,discrete
nonstationary,action_permute,optimal_frozen,10012,99.36796569824219,0.3333333333333333,24.744624614715576,discrete
nonstationary,action_permute,optimal_frozen,10013,94.50430297851562,0.38,27.85502338409424,discrete
nonstationary,action_permute,optimal_frozen,10014,94.47891998291016,0.64,21.55823278427124,discrete
nonstationary,action_permute,optimal_frozen,10015,90.54623413085938,0.5533333333333333,22.37838315963745,discrete
nonstationary,action_permute,optimal_frozen,10016,55.04327392578125,0.3333333333333333,48.28558826446533,discrete
nonstationary,action_permute,optimal_frozen,10017,103.75668334960938,0.8266666666666667,7.664927005767822,discrete
nonstationary,action_permute,optimal_frozen,10018,85.11605834960938,0.3333333333333333,25.034902095794678,discrete
nonstationary,action_permute,optimal_frozen,10019,74.81266021728516,0.3333333333333333,36.65995168685913,discrete
nonstationary,action_permute,optimal_frozen,10020,95.78797149658203,0.7066666666666667,10.313004493713379,discrete
nonstationary,action_permute,optimal_frozen,10021,71.08619689941406,0.3333333333333333,40.94702959060669,discrete
nonstationary,action_permute,optimal_frozen,10022,77.54679870605469,0.3333333333333333,36.09109401702881,discrete
nonstationary,action_permute,optimal_frozen,10023,60.9461669921875,0.3333333333333333,44.47439098358154,discrete
nonstationary,action_permute,optimal_frozen,10024,95.19369506835938,0.7266666666666667,12.945154190063477,discrete
nonstationary,action_permute,optimal_frozen,10025,82.48403930664062,0.5533333333333333,23.57236909866333,discrete
nonstationary,action_permute,optimal_frozen,10026,82.59915161132812,0.7466666666666667,17.767573833465576,discrete
nonstationary,action_permute,optimal_frozen,10027,82.825927734375,0.3333333333333333,23.738916873931885,discrete
nonstationary,action_permute,optimal_frozen,10028,76.43560028076172,0.3333333333333333,41.126749992370605,discrete
nonstationary,action_permute,optimal_frozen,10029,82.3674545288086,0.3333333333333333,23.783592224121094,discrete
nonstationary,action_permute,optimal_frozen,10030,77.91615295410156,0.3333333333333333,35.55746793746948,discrete
nonstationary,action_permute,optimal_frozen,10031,89.79643249511719,0.6266666666666667,21.397047996520996,discrete
nonstationary,action_permute,optimal_frozen,10032,67.75605773925781,0.3333333333333333,23.331225872039795,discrete
nonstationary,action_permute,optimal_frozen,10033,83.51140594482422,0.5133333333333333,37.36523199081421,discrete
nonstationary,action_permute,optimal_frozen,10034,101.73310852050781,0.7266666666666667,12.466252326965332,discrete
nonstationary,action_permute,optimal_frozen,10035,87.75560760498047,0.3333333333333333,38.33691072463989,discrete
nonstationary,action_permute,optimal_frozen,10036,68.52142333984375,0.3333333333333333,43.82471418380737,discrete
nonstationary,action_permute,optimal_frozen,10037,98.89842224121094,0.74,4.682859420776367,discrete
nonstationary,action_permute,optimal_frozen,10038,102.09408569335938,0.7733333333333333,3.101626396179199,discrete
nonstationary,action_permute,optimal_frozen,10039,99.84388732910156,0.6333333333333333,14.787363052368164,discrete
nonstationary,action_permute,optimal_frozen,10040,98.95252990722656,0.76,10.78049898147583,discrete
nonstationary,action_permute,optimal_frozen,10041,76.42681884765625,0.3333333333333333,30.142895221710205,discrete
nonstationary,action_permute,optimal_frozen,10042,85.78956604003906,0.3333333333333333,30.933807849884033,discrete
nonstationary,action_permute,optimal_frozen,10043,82.59614562988281,0.3333333333333333,33.3401837348938,discrete
nonstationary,action_permute,optimal_frozen,10044,82.51716613769531,0.4666666666666667,25.2201247215271,discrete
nonstationary,action_permute,optimal_frozen,10045,76.17342376708984,0.4066666666666667,32.798460483551025,discrete
nonstationary,action_permute,optimal_frozen,10046,84.34502410888672,0.5,29.684068202972412,discrete
nonstationary,action_permute,optimal_frozen,10047,85.6397705078125,0.5466666666666666,34.77189254760742,discrete
nonstationary,action_permute,optimal_frozen,10048,106.75975036621094,0.5266666666666666,12.875558853149414,discrete
nonstationary,reward_resample,tf_legacy,9999,66.85491943359375,0.08,37.66697645187378,discrete
nonstationary,reward_resample,tf_legacy,10000,71.66344451904297,0.19333333333333333,41.40932750701904,discrete
nonstationary,reward_resample,tf_legacy,10001,70.2105484008789,0.12666666666666668,37.753878593444824,discrete
nonstationary,reward_resample,tf_legacy,10002,76.17251586914062,0.32,29.752946853637695,discrete
nonstationary,reward_resample,tf_legacy,10003,85.20504760742188,0.18,32.73249340057373,discrete
nonstationary,reward_resample,tf_legacy,10004,81.66017150878906,0.36,29.12587833404541,discrete
nonstationary,reward_resample,tf_legacy,10005,72.64244079589844,0.16,47.40835189819336,discrete
nonstationary,reward_resample,tf_legacy,10006,87.81391143798828,0.3933333333333333,24.630247116088867,discrete
nonstationary,reward_resample,tf_legacy,10007,85.67183685302734,0.37333333333333335,27.617728233337402,discrete
nonstationary,reward_resample,tf_legacy,10008,88.64750671386719,0.52,32.82025098800659,discrete
nonstationary,reward_resample,tf_legacy,10009,69.22270202636719,0.30666666666666664,49.02109241485596,discrete
nonstationary,reward_resample,tf_legacy,10010,70.92508697509766,0.22666666666666666,25.158688068389893,discrete
nonstationary,reward_resample,tf_legacy,10011,69.56514739990234,0.14,44.60039234161377,discrete
nonstationary,reward_resample,tf_legacy,10012,73.18228149414062,0.24,41.05866241455078,discrete
nonstationary,reward_resample,tf_legacy,10013,70.35812377929688,0.19333333333333333,40.909016609191895,discrete
nonstationary,reward_resample,tf_legacy,10014,61.985374450683594,0.18666666666666668,49.92675065994263,discrete
nonstationary,reward_resample,tf_legacy,10015,64.72084045410156,0.006666666666666667,45.218947887420654,discrete
nonstationary,reward_resample,tf_legacy,10016,77.063720703125,0.24,32.49485206604004,discrete
nonstationary,reward_resample,tf_legacy,10017,84.91734313964844,0.36666666666666664,23.05189847946167,discrete
nonstationary,reward_resample,tf_legacy,10018,79.80239868164062,0.42,21.12112855911255,discrete
nonstationary,reward_resample,tf_legacy,10019,84.35028076171875,0.25333333333333335,26.401368141174316,discrete
nonstationary,reward_resample,tf_legacy,10020,68.74786376953125,0.21333333333333335,36.39423179626465,discrete
nonstationary,reward_resample,tf_legacy,10021,63.45212936401367,0.11333333333333333,51.50225305557251,discrete
nonstationary,reward_resample,tf_legacy,10022,77.86740112304688,0.26666666666666666,30.33249521255493,discrete
nonstationary,reward_resample,tf_legacy,10023,84.25230407714844,0.3933333333333333,18.8508563041687,discrete
nonstationary,reward_resample,tf_legacy,10024,71.9009017944336,0.24666666666666667,41.64404535293579,discrete
nonstationary,reward_resample,tf_legacy,10025,72.96753692626953,0.12,34.402713775634766,discrete
nonstationary,reward_resample,tf_legacy,10026,76.58865356445312,0.12666666666666668,37.238184452056885,discrete
nonstationary,reward_resample,tf_legacy,10027,73.00506591796875,0.23333333333333334,40.42972755432129,discrete
nonstationary,reward_resample,tf_legacy,10028,77.2695083618164,0.24666666666666667,34.076496601104736,discrete
nonstationary,reward_resample,tf_legacy,10029,75.8354263305664,0.43333333333333335,36.73849105834961,discrete
nonstationary,reward_resample,tf_legacy,10030,69.74311828613281,0.14,43.619035720825195,discrete
nonstationary,reward_resample,tf_legacy,10031,64.64197540283203,0.2,39.7624716758728,discrete
nonstationary,reward_resample,tf_legacy,10032,69.06394958496094,0.18,38.70674657821655,discrete
nonstationary,reward_resample,tf_legacy,10033,66.502197265625,0.08666666666666667,43.31165885925293,discrete
nonstationary,reward_resample,tf_legacy,10034,78.4703369140625,0.12,32.82200479507446,discrete
nonstationary,reward_resample,tf_legacy,10035,91.41773986816406,0.44,25.915436267852783,discrete
nonstationary,reward_resample,tf_legacy,10036,61.57782745361328,0.12,46.407386779785156,discrete
nonstationary,reward_resample,tf_legacy,10037,86.9898681640625,0.32,24.294037342071533,discrete
nonstationary,reward_resample,tf_legacy,10038,55.57321548461914,0.06666666666666667,53.193382263183594,discrete
nonstationary,reward_resample,tf_legacy,10039,74.60562133789062,0.12,34.02055835723877,discrete
nonstationary,reward_resample,tf_legacy,10040,75.6773910522461,0.12666666666666668,31.310171604156494,discrete
nonstationary,reward_resample,tf_legacy,10041,86.63650512695312,0.62,21.474899768829346,discrete
nonstationary,reward_resample,tf_legacy,10042,86.84506225585938,0.38,32.267911434173584,discrete
nonstationary,reward_resample,tf_legacy,10043,64.83920288085938,0.1,53.07666349411011,discrete
nonstationary,reward_resample,tf_legacy,10044,68.21110534667969,0.26666666666666666,40.597919940948486,discrete
nonstationary,reward_resample,tf_legacy,10045,56.074867248535156,0.04666666666666667,45.866206645965576,discrete
nonstationary,reward_resample,tf_legacy,10046,65.96514892578125,0.22666666666666666,41.12351036071777,discrete
nonstationary,reward_resample,tf_legacy,10047,85.24394226074219,0.36666666666666664,35.093496322631836,discrete
nonstationary,reward_resample,tf_legacy,10048,65.13944244384766,0.25333333333333335,48.0974383354187,discrete
nonstationary,reward_resample,tf_self,9999,85.49459838867188,0.26666666666666666,20.371263027191162,discrete
nonstationary,reward_resample,tf_self,10000,57.91064453125,0.18,57.35090970993042,discrete
nonstationary,reward_resample,tf_self,10001,78.06549072265625,0.20666666666666667,31.214157581329346,discrete
nonstationary,reward_resample,tf_self,10002,83.55224609375,0.2733333333333333,24.414474487304688,discrete
nonstationary,reward_resample,tf_self,10003,84.25042724609375,0.25333333333333335,33.1016731262207,discrete
nonstationary,reward_resample,tf_self,10004,81.66017150878906,0.36,29.12587833404541,discrete
nonstationary,reward_resample,tf_self,10005,78.98863220214844,0.25333333333333335,38.966856956481934,discrete
nonstationary,reward_resample,tf_self,10006,76.13214874267578,0.22666666666666666,36.28301382064819,discrete
nonstationary,reward_resample,tf_self,10007,85.67183685302734,0.37333333333333335,27.617728233337402,discrete
nonstationary,reward_resample,tf_self,10008,88.64750671386719,0.52,32.82025098800659,discrete
nonstationary,reward_resample,tf_self,10009,93.82736206054688,0.5266666666666666,24.361548900604248,discrete
nonstationary,reward_resample,tf_self,10010,66.64691925048828,0.26,28.628482341766357,discrete
nonstationary,reward_resample,tf_self,10011,66.04662322998047,0.15333333333333332,47.649728775024414,discrete
nonstationary,reward_resample,tf_self,10012,75.59425354003906,0.2733333333333333,36.890239238739014,discrete
nonstationary,reward_resample,tf_self,10013,75.85138702392578,0.14666666666666667,38.66630411148071,discrete
nonstationary,reward_resample,tf_self,10014,61.985374450683594,0.18666666666666668,49.92675065994263,discrete
nonstationary,reward_resample,tf_self,10015,70.36351776123047,0.04,38.032050132751465,discrete
nonstationary,reward_resample,tf_self,10016,87.04190063476562,0.4066666666666667,21.974923133850098,discrete
nonstationary,reward_resample,tf_self,10017,83.03782653808594,0.38,24.48481512069702,discrete
nonstationary,reward_resample,tf_self,10018,79.80239868164062,0.42,21.12112855911255,discrete
nonstationary,reward_resample,tf_self,10019,77.64026641845703,0.18666666666666668,30.044729232788086,discrete
nonstationary,reward_resample,tf_self,10020,76.8327407836914,0.31333333333333335,25.666449546813965,discrete
nonstationary,reward_resample,tf_self,10021,63.45212936401367,0.11333333333333333,51.50225305557251,discrete
nonstationary,reward_resample,tf_self,10022,77.86740112304688,0.26666666666666666,30.33249521255493,discrete
nonstationary,reward_resample,tf_self,10023,74.36117553710938,0.24,29.374217987060547,discrete
nonstationary,reward_resample,tf_self,10024,71.17266845703125,0.3466666666666667,41.654521465301514,discrete
nonstationary,reward_resample,tf_self,10025,72.96753692626953,0.12,34.402713775634766,discrete
nonstationary,reward_resample,tf_self,10026,79.2771224975586,0.10666666666666667,32.67299222946167,discrete
nonstationary,reward_resample,tf_self,10027,72.62281799316406,0.44,37.32922077178955,discrete
nonstationary,reward_resample,tf_self,10028,86.74210357666016,0.44666666666666666,26.978511333465576,discrete
nonstationary,reward_resample,tf_self,10029,75.8354263305664,0.43333333333333335,36.73849105834961,discrete
nonstationary,reward_resample,tf_self,10030,62.19296646118164,0.1,53.18007135391235,discrete
nonstationary,reward_resample,tf_self,10031,75.95449829101562,0.20666666666666667,32.09466361999512,discrete
nonstationary,reward_resample,tf_self,10032,76.13876342773438,0.2733333333333333,30.042749881744385,discrete
nonstationary,reward_resample,tf_self,10033,69.05931091308594,0.06666666666666667,39.73421335220337,discrete
nonstationary,reward_resample,tf_self,10034,75.71521759033203,0.25333333333333335,35.560680866241455,discrete
nonstationary,reward_resample,tf_self,10035,76.19645690917969,0.22,39.972578048706055,discrete
nonstationary,reward_resample,tf_self,10036,63.01306915283203,0.3466666666666667,44.94297409057617,discrete
nonstationary,reward_resample,tf_self,10037,82.23937225341797,0.25333333333333335,30.666285037994385,discrete
nonstationary,reward_resample,tf_self,10038,84.94131469726562,0.3466666666666667,23.743347644805908,discrete
nonstationary,reward_resample,tf_self,10039,67.96402740478516,0.08666666666666667,41.29903793334961,discrete
nonstationary,reward_resample,tf_self,10040,80.6624755859375,0.3933333333333333,27.14943265914917,discrete
nonstationary,reward_resample,tf_self,10041,86.63650512695312,0.62,21.474899768829346,discrete
nonstationary,reward_resample,tf_self,10042,86.84506225585938,0.38,32.267911434173584,discrete
nonstationary,reward_resample,tf_self,10043,68.81434631347656,0.17333333333333334,47.92552709579468,discrete
nonstationary,reward_resample,tf_self,10044,82.85017395019531,0.38666666666666666,24.684205055236816,discrete
nonstationary,reward_resample,tf_self,10045,56.074867248535156,0.04666666666666667,45.866206645965576,discrete
nonstationary,reward_resample,tf_self,10046,65.96514892578125,0.22666666666666666,41.12351036071777,discrete
nonstationary,reward_resample,tf_self,10047,58.63416290283203,0.16,60.83982276916504,discrete
nonstationary,reward_resample,tf_self,10048,82.22523498535156,0.25333333333333335,32.29266357421875,discrete
nonstationary,reward_resample,optimal,9999,102.68171691894531,1.0,0.0,discrete
nonstationary,reward_resample,optimal,10000,115.37294006347656,1.0,0.0,discrete
nonstationary,reward_resample,optimal,10001,105.97650146484375,1.0,0.0,discrete
nonstationary,reward_resample,optimal,10002,108.77964782714844,1.0,0.0,discrete
nonstationary,reward_resample,optimal,10003,115.88105773925781,1.0,0.0,discrete
nonstationary,reward_resample,optimal,10004,108.60748291015625,1.0,0.0,discrete
nonstationary,reward_resample,optimal,10005,118.06642150878906,1.0,0.0,discrete
nonstationary,reward_resample,optimal,10006,107.22020721435547,1.0,0.0,discrete
nonstationary,reward_resample,optimal,10007,113.4074478149414,1.0,0.0,discrete
nonstationary,reward_resample,optimal,10008,119.28843688964844,1.0,0.0,discrete
nonstationary,reward_resample,optimal,10009,118.14584350585938,1.0,0.0,discrete
nonstationary,reward_resample,optimal,10010,99.39418029785156,1.0,0.0,discrete
nonstationary,reward_resample,optimal,10011,113.23980712890625,1.0,0.0,discrete
nonstationary,reward_resample,optimal,10012,114.78971099853516,1.0,0.0,discrete
nonstationary,reward_resample,optimal,10013,114.73106384277344,1.0,0.0,discrete
nonstationary,reward_resample,optimal,10014,110.49333190917969,1.0,0.0,discrete
nonstationary,reward_resample,optimal,10015,110.71542358398438,1.0,0.0,discrete
nonstationary,reward_resample,optimal,10016,108.57695770263672,1.0,0.0,discrete
nonstationary,reward_resample,optimal,10017,107.00643920898438,1.0,0.0,discrete
nonstationary,reward_resample,optimal,10018,100.7786865234375,1.0,0.0,discrete
nonstationary,reward_resample,optimal,10019,108.56813049316406,1.0,0.0,discrete
nonstationary,reward_resample,optimal,10020,99.81413269042969,1.0,0.0,discrete
nonstationary,reward_resample,optimal,10021,114.14503479003906,1.0,0.0,discrete
nonstationary,reward_resample,optimal,10022,110.90281677246094,1.0,0.0,discrete
nonstationary,reward_resample,optimal,10023,102.4687728881836,1.0,0.0,discrete
nonstationary,reward_resample,optimal,10024,112.96939086914062,1.0,0.0,discrete
nonstationary,reward_resample,optimal,10025,106.96388244628906,1.0,0.0,discrete
nonstationary,reward_resample,optimal,10026,112.25210571289062,1.0,0.0,discrete
nonstationary,reward_resample,optimal,10027,111.19020080566406,1.0,0.0,discrete
nonstationary,reward_resample,optimal,10028,112.52229309082031,1.0,0.0,discrete
nonstationary,reward_resample,optimal,10029,111.55091857910156,1.0,0.0,discrete
nonstationary,reward_resample,optimal,10030,119.34767150878906,1.0,0.0,discrete
nonstationary,reward_resample,optimal,10031,111.2437744140625,1.0,0.0,discrete
nonstationary,reward_resample,optimal,10032,106.4334716796875,1.0,0.0,discrete
nonstationary,reward_resample,optimal,10033,110.97038269042969,1.0,0.0,discrete
nonstationary,reward_resample,optimal,10034,112.71334838867188,1.0,0.0,discrete
nonstationary,reward_resample,optimal,10035,116.45408630371094,1.0,0.0,discrete
nonstationary,reward_resample,optimal,10036,104.53862762451172,1.0,0.0,discrete
nonstationary,reward_resample,optimal,10037,109.04478454589844,1.0,0.0,discrete
nonstationary,reward_resample,optimal,10038,107.80609130859375,1.0,0.0,discrete
nonstationary,reward_resample,optimal,10039,107.35003662109375,1.0,0.0,discrete
nonstationary,reward_resample,optimal,10040,106.70250701904297,1.0,0.0,discrete
nonstationary,reward_resample,optimal,10041,109.58758544921875,1.0,0.0,discrete
nonstationary,reward_resample,optimal,10042,120.96985626220703,1.0,0.0,discrete
nonstationary,reward_resample,optimal,10043,118.03495788574219,1.0,0.0,discrete
nonstationary,reward_resample,optimal,10044,107.92988586425781,1.0,0.0,discrete
nonstationary,reward_resample,optimal,10045,100.49861145019531,1.0,0.0,discrete
nonstationary,reward_resample,optimal,10046,106.31952667236328,1.0,0.0,discrete
nonstationary,reward_resample,optimal,10047,117.62477111816406,1.0,0.0,discrete
nonstationary,reward_resample,optimal,10048,114.64598846435547,1.0,0.0,discrete
nonstationary,reward_resample,epsgreedy,9999,80.02035522460938,0.2733333333333333,22.646106719970703,discrete
nonstationary,reward_resample,epsgreedy,10000,73.38739776611328,0.2733333333333333,40.809420585632324,discrete
nonstationary,reward_resample,epsgreedy,10001,70.56961059570312,0.23333333333333334,33.528223514556885,discrete
nonstationary,reward_resample,epsgreedy,10002,66.13583374023438,0.24,40.95533084869385,discrete
nonstationary,reward_resample,epsgreedy,10003,84.91436767578125,0.18666666666666668,33.6002402305603,discrete
nonstationary,reward_resample,epsgreedy,10004,76.02816772460938,0.12666666666666668,32.63523292541504,discrete
nonstationary,reward_resample,epsgreedy,10005,80.45246887207031,0.25333333333333335,37.673940658569336,discrete
nonstationary,reward_resample,epsgreedy,10006,75.39227294921875,0.2866666666666667,35.994511127471924,discrete
nonstationary,reward_resample,epsgreedy,10007,80.11529541015625,0.19333333333333333,31.789103984832764,discrete
nonstationary,reward_resample,epsgreedy,10008,95.78251647949219,0.42,26.76861000061035,discrete
nonstationary,reward_resample,epsgreedy,10009,77.611328125,0.32,38.580583572387695,discrete
nonstationary,reward_resample,epsgreedy,10010,70.20201110839844,0.2733333333333333,27.14684534072876,discrete
nonstationary,reward_resample,epsgreedy,10011,77.12867736816406,0.22666666666666666,36.627439975738525,discrete
nonstationary,reward_resample,epsgreedy,10012,71.98907470703125,0.23333333333333334,40.36737108230591,discrete
nonstationary,reward_resample,epsgreedy,10013,65.27049255371094,0.22666666666666666,43.90156602859497,discrete
nonstationary,reward_resample,epsgreedy,10014,75.13130187988281,0.16666666666666666,34.442933559417725,discrete
nonstationary,reward_resample,epsgreedy,10015,71.83587646484375,0.17333333333333334,35.47993516921997,discrete
nonstationary,reward_resample,epsgreedy,10016,68.75242614746094,0.08,41.03223371505737,discrete
nonstationary,reward_resample,epsgreedy,10017,77.58161926269531,0.32666666666666666,30.936213493347168,discrete
nonstationary,reward_resample,epsgreedy,10018,70.37318420410156,0.28,30.378034114837646,discrete
nonstationary,reward_resample,epsgreedy,10019,78.42866516113281,0.16,31.805908679962158,discrete
nonstationary,reward_resample,epsgreedy,10020,63.99950408935547,0.23333333333333334,39.793251514434814,discrete
nonstationary,reward_resample,epsgreedy,10021,72.32636260986328,0.29333333333333333,40.43206214904785,discrete
nonstationary,reward_resample,epsgreedy,10022,68.58978271484375,0.25333333333333335,39.38662767410278,discrete
nonstationary,reward_resample,epsgreedy,10023,67.43170928955078,0.14666666666666667,33.34321451187134,discrete
nonstationary,reward_resample,epsgreedy,10024,89.72549438476562,0.29333333333333333,24.652992248535156,discrete
nonstationary,reward_resample,epsgreedy,10025,76.64190673828125,0.3466666666666667,29.268430709838867,discrete
nonstationary,reward_resample,epsgreedy,10026,72.50250244140625,0.16,41.79801845550537,discrete
nonstationary,reward_resample,epsgreedy,10027,77.43814086914062,0.4,34.21056127548218,discrete
nonstationary,reward_resample,epsgreedy,10028,75.2120132446289,0.2733333333333333,34.91078758239746,discrete
nonstationary,reward_resample,epsgreedy,10029,77.83709716796875,0.32666666666666666,33.488980293273926,discrete
nonstationary,reward_resample,epsgreedy,10030,73.65823364257812,0.1,42.46958923339844,discrete
nonstationary,reward_resample,epsgreedy,10031,64.93109130859375,0.21333333333333335,45.06799077987671,discrete
nonstationary,reward_resample,epsgreedy,10032,78.53407287597656,0.26666666666666666,28.796508312225342,discrete
nonstationary,reward_resample,epsgreedy,10033,76.90058135986328,0.3,33.36577367782593,discrete
nonstationary,reward_resample,epsgreedy,10034,65.15603637695312,0.08,45.34245252609253,discrete
nonstationary,reward_resample,epsgreedy,10035,92.44783020019531,0.22666666666666666,24.496323108673096,discrete
nonstationary,reward_resample,epsgreedy,10036,77.04881286621094,0.32,30.893653392791748,discrete
nonstationary,reward_resample,epsgreedy,10037,80.66749572753906,0.28,28.11754846572876,discrete
nonstationary,reward_resample,epsgreedy,10038,71.97432708740234,0.28,34.30166149139404,discrete
nonstationary,reward_resample,epsgreedy,10039,79.645263671875,0.18,27.912059783935547,discrete
nonstationary,reward_resample,epsgreedy,10040,89.65055847167969,0.5133333333333333,20.432383060455322,discrete
nonstationary,reward_resample,epsgreedy,10041,75.52999877929688,0.3,31.377889156341553,discrete
nonstationary,reward_resample,epsgreedy,10042,97.87815856933594,0.32,24.632938385009766,discrete
nonstationary,reward_resample,epsgreedy,10043,78.87791442871094,0.3333333333333333,39.24293088912964,discrete
nonstationary,reward_resample,epsgreedy,10044,72.66673278808594,0.16,34.25813007354736,discrete
nonstationary,reward_resample,epsgreedy,10045,64.36760711669922,0.31333333333333335,34.95990467071533,discrete
nonstationary,reward_resample,epsgreedy,10046,78.69194793701172,0.30666666666666664,29.94672966003418,discrete
nonstationary,reward_resample,epsgreedy,10047,72.97850799560547,0.24666666666666667,46.33422660827637,discrete
nonstationary,reward_resample,epsgreedy,10048,67.38156127929688,0.12666666666666668,48.02690935134888,discrete
nonstationary,reward_resample,greedy,9999,79.01359558105469,0.32,25.42809534072876,discrete
nonstationary,reward_resample,greedy,10000,73.72576141357422,0.25333333333333335,40.64177417755127,discrete
nonstationary,reward_resample,greedy,10001,65.27542877197266,0.2866666666666667,39.257752418518066,discrete
nonstationary,reward_resample,greedy,10002,68.3965072631836,0.16666666666666666,35.61081552505493,discrete
nonstationary,reward_resample,greedy,10003,77.49727630615234,0.2,40.18125295639038,discrete
nonstationary,reward_resample,greedy,10004,77.7027587890625,0.36,33.35556983947754,discrete
nonstationary,reward_resample,greedy,10005,71.01525115966797,0.16,49.71424388885498,discrete
nonstationary,reward_resample,greedy,10006,73.25390625,0.3,37.93445444107056,discrete
nonstationary,reward_resample,greedy,10007,83.18508911132812,0.4,32.47821378707886,discrete
nonstationary,reward_resample,greedy,10008,91.96609497070312,0.4066666666666667,28.712661266326904,discrete
nonstationary,reward_resample,greedy,10009,68.18824768066406,0.13333333333333333,49.84823417663574,discrete
nonstationary,reward_resample,greedy,10010,68.46647644042969,0.36666666666666664,26.642189502716064,discrete
nonstationary,reward_resample,greedy,10011,96.747802734375,0.44666666666666666,18.925562858581543,discrete
nonstationary,reward_resample,greedy,10012,65.90945434570312,0.15333333333333332,47.86593055725098,discrete
nonstationary,reward_resample,greedy,10013,79.18283081054688,0.08666666666666667,35.95391368865967,discrete
nonstationary,reward_resample,greedy,10014,77.06784057617188,0.19333333333333333,34.32297897338867,discrete
nonstationary,reward_resample,greedy,10015,69.06431579589844,0.19333333333333333,39.19317054748535,discrete
nonstationary,reward_resample,greedy,10016,70.76824951171875,0.16666666666666666,40.34264802932739,discrete
nonstationary,reward_resample,greedy,10017,75.48307800292969,0.2866666666666667,31.972454071044922,discrete
nonstationary,reward_resample,greedy,10018,67.93365478515625,0.2,32.32099962234497,discrete
nonstationary,reward_resample,greedy,10019,74.00534057617188,0.11333333333333333,34.83328628540039,discrete
nonstationary,reward_resample,greedy,10020,65.60578918457031,0.30666666666666664,39.636415004730225,discrete
nonstationary,reward_resample,greedy,10021,85.97885131835938,0.5333333333333333,29.779083251953125,discrete
nonstationary,reward_resample,greedy,10022,57.76610565185547,0.12666666666666668,49.24690341949463,discrete
nonstationary,reward_resample,greedy,10023,64.66732788085938,0.10666666666666667,37.050471782684326,discrete
nonstationary,reward_resample,greedy,10024,97.95297241210938,0.22666666666666666,17.61499309539795,discrete
nonstationary,reward_resample,greedy,10025,68.3779296875,0.14,37.6774320602417,discrete
nonstationary,reward_resample,greedy,10026,68.87312316894531,0.14,45.72860908508301,discrete
nonstationary,reward_resample,greedy,10027,75.62947082519531,0.44666666666666666,34.40719223022461,discrete
nonstationary,reward_resample,greedy,10028,72.08656311035156,0.18666666666666668,39.390544414520264,discrete
nonstationary,reward_resample,greedy,10029,78.80699157714844,0.23333333333333334,32.063862323760986,discrete
nonstationary,reward_resample,greedy,10030,65.63272094726562,0.0,46.11775350570679,discrete
nonstationary,reward_resample,greedy,10031,60.930782318115234,0.2866666666666667,48.30286359786987,discrete
nonstationary,reward_resample,greedy,10032,73.05150604248047,0.19333333333333333,32.71783208847046,discrete
nonstationary,reward_resample,greedy,10033,81.49464416503906,0.23333333333333334,28.824092864990234,discrete
nonstationary,reward_resample,greedy,10034,63.5462646484375,0.08666666666666667,50.67342185974121,discrete
nonstationary,reward_resample,greedy,10035,85.05181884765625,0.26666666666666666,31.92647933959961,discrete
nonstationary,reward_resample,greedy,10036,85.82516479492188,0.41333333333333333,24.473001956939697,discrete
nonstationary,reward_resample,greedy,10037,76.10331726074219,0.29333333333333333,32.85798501968384,discrete
nonstationary,reward_resample,greedy,10038,70.42132568359375,0.26,38.02248239517212,discrete
nonstationary,reward_resample,greedy,10039,80.00042724609375,0.32,23.891576290130615,discrete
nonstationary,reward_resample,greedy,10040,80.37138366699219,0.43333333333333335,28.596793174743652,discrete
nonstationary,reward_resample,greedy,10041,80.24637603759766,0.34,30.80290412902832,discrete
nonstationary,reward_resample,greedy,10042,90.47358703613281,0.22666666666666666,31.22790765762329,discrete
nonstationary,reward_resample,greedy,10043,88.61691284179688,0.37333333333333335,29.60379695892334,discrete
nonstationary,reward_resample,greedy,10044,61.358333587646484,0.22,46.91761589050293,discrete
nonstationary,reward_resample,greedy,10045,58.89752197265625,0.12666666666666668,42.535654067993164,discrete
nonstationary,reward_resample,greedy,10046,81.9840087890625,0.44,24.515439987182617,discrete
nonstationary,reward_resample,greedy,10047,59.59168243408203,0.21333333333333335,60.25475025177002,discrete
nonstationary,reward_resample,greedy,10048,66.95109558105469,0.23333333333333334,46.76860857009888,discrete
nonstationary,reward_resample,random,9999,78.1524658203125,0.2866666666666667,27.067503929138184,discrete
nonstationary,reward_resample,random,10000,74.01551818847656,0.2733333333333333,39.91421365737915,discrete
nonstationary,reward_resample,random,10001,65.02194213867188,0.24,40.96812677383423,discrete
nonstationary,reward_resample,random,10002,77.95977020263672,0.34,29.926873683929443,discrete
nonstationary,reward_resample,random,10003,81.76119995117188,0.2866666666666667,31.29422616958618,discrete
nonstationary,reward_resample,random,10004,78.78341674804688,0.26,32.18732833862305,discrete
nonstationary,reward_resample,random,10005,74.38386535644531,0.22,44.18025732040405,discrete
nonstationary,reward_resample,random,10006,80.43150329589844,0.37333333333333335,31.66740322113037,discrete
nonstationary,reward_resample,random,10007,75.35520935058594,0.20666666666666667,36.2943000793457,discrete
nonstationary,reward_resample,random,10008,69.98274993896484,0.22,49.3728723526001,discrete
nonstationary,reward_resample,random,10009,77.91338348388672,0.19333333333333333,40.54739046096802,discrete
nonstationary,reward_resample,random,10010,66.36954498291016,0.24666666666666667,29.243560314178467,discrete
nonstationary,reward_resample,random,10011,72.79151916503906,0.21333333333333335,39.69992685317993,discrete
nonstationary,reward_resample,random,10012,79.01663208007812,0.24666666666666667,37.9768500328064,discrete
nonstationary,reward_resample,random,10013,78.17289733886719,0.26666666666666666,32.77062654495239,discrete
nonstationary,reward_resample,random,10014,68.91926574707031,0.24,41.537997245788574,discrete
nonstationary,reward_resample,random,10015,73.01847839355469,0.24666666666666667,37.12616491317749,discrete
nonstationary,reward_resample,random,10016,73.76683044433594,0.23333333333333334,34.99947452545166,discrete
nonstationary,reward_resample,random,10017,77.31026458740234,0.29333333333333333,30.7165207862854,discrete
nonstationary,reward_resample,random,10018,71.19868469238281,0.2733333333333333,30.010849475860596,discrete
nonstationary,reward_resample,random,10019,81.40501403808594,0.20666666666666667,25.721449851989746,discrete
nonstationary,reward_resample,random,10020,72.45149993896484,0.23333333333333334,33.0570125579834,discrete
nonstationary,reward_resample,random,10021,70.67483520507812,0.21333333333333335,41.63249063491821,discrete
nonstationary,reward_resample,random,10022,71.58938598632812,0.26666666666666666,34.735318183898926,discrete
nonstationary,reward_resample,random,10023,68.21334838867188,0.25333333333333335,35.907572746276855,discrete
nonstationary,reward_resample,random,10024,76.88044738769531,0.25333333333333335,40.06231927871704,discrete
nonstationary,reward_resample,random,10025,74.20111083984375,0.28,32.48522996902466,discrete
nonstationary,reward_resample,random,10026,77.6893310546875,0.22666666666666666,36.73336362838745,discrete
nonstationary,reward_resample,random,10027,70.3324966430664,0.22,39.49959754943848,discrete
nonstationary,reward_resample,random,10028,78.36448669433594,0.28,35.97931718826294,discrete
nonstationary,reward_resample,random,10029,73.04014587402344,0.26,38.38375282287598,discrete
nonstationary,reward_resample,random,10030,75.89509582519531,0.28,36.16449499130249,discrete
nonstationary,reward_resample,random,10031,67.55838775634766,0.26666666666666666,41.7372088432312,discrete
nonstationary,reward_resample,random,10032,75.36553955078125,0.28,31.67991352081299,discrete
nonstationary,reward_resample,random,10033,77.80897521972656,0.34,31.4154634475708,discrete
nonstationary,reward_resample,random,10034,81.85211944580078,0.20666666666666667,34.17837619781494,discrete
nonstationary,reward_resample,random,10035,84.95768737792969,0.24,33.9462456703186,discrete
nonstationary,reward_resample,random,10036,67.85931396484375,0.28,37.167959213256836,discrete
nonstationary,reward_resample,random,10037,80.53770446777344,0.26,30.783271312713623,discrete
nonstationary,reward_resample,random,10038,69.25780487060547,0.23333333333333334,38.98798656463623,discrete
nonstationary,reward_resample,random,10039,72.09367370605469,0.20666666666666667,33.73057842254639,discrete
nonstationary,reward_resample,random,10040,78.69869995117188,0.32,30.392523765563965,discrete
nonstationary,reward_resample,random,10041,69.68603515625,0.18666666666666668,38.64949178695679,discrete
nonstationary,reward_resample,random,10042,79.588623046875,0.26,41.73336982727051,discrete
nonstationary,reward_resample,random,10043,79.13253784179688,0.22666666666666666,40.12594747543335,discrete
nonstationary,reward_resample,random,10044,70.20281982421875,0.22666666666666666,37.26016616821289,discrete
nonstationary,reward_resample,random,10045,68.28274536132812,0.3,34.504716873168945,discrete
nonstationary,reward_resample,random,10046,68.42802429199219,0.22666666666666666,38.1728720664978,discrete
nonstationary,reward_resample,random,10047,72.68944549560547,0.22,47.58717632293701,discrete
nonstationary,reward_resample,random,10048,82.20204162597656,0.26666666666666666,32.00578451156616,discrete
nonstationary,reward_resample,optimal_frozen,9999,88.3875732421875,0.44,13.82472848892212,discrete
nonstationary,reward_resample,optimal_frozen,10000,87.6180191040039,0.3333333333333333,27.829894065856934,discrete
nonstationary,reward_resample,optimal_frozen,10001,88.27017211914062,0.5666666666666667,19.97263240814209,discrete
nonstationary,reward_resample,optimal_frozen,10002,80.7418212890625,0.5066666666666667,27.281687259674072,discrete
nonstationary,reward_resample,optimal_frozen,10003,85.51856994628906,0.3333333333333333,29.1530818939209,discrete
nonstationary,reward_resample,optimal_frozen,10004,90.67904663085938,0.5666666666666667,19.2031512260437,discrete
nonstationary,reward_resample,optimal_frozen,10005,86.96160888671875,0.4066666666666667,30.24976873397827,discrete
nonstationary,reward_resample,optimal_frozen,10006,80.68437194824219,0.4066666666666667,27.287777423858643,discrete
nonstationary,reward_resample,optimal_frozen,10007,96.47183227539062,0.6133333333333333,16.816226959228516,discrete
nonstationary,reward_resample,optimal_frozen,10008,84.92987060546875,0.41333333333333333,32.438477993011475,discrete
nonstationary,reward_resample,optimal_frozen,10009,97.4803466796875,0.49333333333333335,20.80223321914673,discrete
nonstationary,reward_resample,optimal_frozen,10010,75.98855590820312,0.44,22.167898654937744,discrete
nonstationary,reward_resample,optimal_frozen,10011,93.4901123046875,0.7066666666666667,19.51304531097412,discrete
nonstationary,reward_resample,optimal_frozen,10012,100.85150909423828,0.6066666666666667,12.469254493713379,discrete
nonstationary,reward_resample,optimal_frozen,10013,102.28984069824219,0.56,12.037217140197754,discrete
nonstationary,reward_resample,optimal_frozen,10014,83.42474365234375,0.4866666666666667,27.104114055633545,discrete
nonstationary,reward_resample,optimal_frozen,10015,97.25363159179688,0.72,11.887677192687988,discrete
nonstationary,reward_resample,optimal_frozen,10016,86.08184814453125,0.54,22.308380603790283,discrete
nonstationary,reward_resample,optimal_frozen,10017,79.12031555175781,0.44,28.713904857635498,discrete
nonstationary,reward_resample,optimal_frozen,10018,87.83285522460938,0.4866666666666667,12.846643447875977,discrete
nonstationary,reward_resample,optimal_frozen,10019,90.81668090820312,0.4666666666666667,14.860340595245361,discrete
nonstationary,reward_resample,optimal_frozen,10020,88.82621765136719,0.6466666666666666,11.929686546325684,discrete
nonstationary,reward_resample,optimal_frozen,10021,88.20699310302734,0.5,26.060443878173828,discrete
nonstationary,reward_resample,optimal_frozen,10022,81.60810852050781,0.41333333333333333,26.048689365386963,discrete
nonstationary,reward_resample,optimal_frozen,10023,78.96472930908203,0.4666666666666667,24.53993797302246,discrete
nonstationary,reward_resample,optimal_frozen,10024,77.38104248046875,0.3333333333333333,34.15322208404541,discrete
nonstationary,reward_resample,optimal_frozen,10025,85.18695068359375,0.4666666666666667,19.96863603591919,discrete
nonstationary,reward_resample,optimal_frozen,10026,94.83979797363281,0.6533333333333333,17.633548736572266,discrete
nonstationary,reward_resample,optimal_frozen,10027,89.71357727050781,0.6733333333333333,21.059097290039062,discrete
nonstationary,reward_resample,optimal_frozen,10028,94.59893035888672,0.6866666666666666,17.934330940246582,discrete
nonstationary,reward_resample,optimal_frozen,10029,75.93865966796875,0.44,33.26785469055176,discrete
nonstationary,reward_resample,optimal_frozen,10030,86.47969818115234,0.5533333333333333,29.88707685470581,discrete
nonstationary,reward_resample,optimal_frozen,10031,72.437255859375,0.38666666666666666,36.12862253189087,discrete
nonstationary,reward_resample,optimal_frozen,10032,102.1236343383789,0.7066666666666667,4.225158214569092,discrete
nonstationary,reward_resample,optimal_frozen,10033,76.11526489257812,0.3333333333333333,33.43563461303711,discrete
nonstationary,reward_resample,optimal_frozen,10034,91.95805358886719,0.48,23.759212970733643,discrete
nonstationary,reward_resample,optimal_frozen,10035,97.60411834716797,0.6466666666666666,19.342025756835938,discrete
nonstationary,reward_resample,optimal_frozen,10036,73.25779724121094,0.47333333333333333,31.816706657409668,discrete
nonstationary,reward_resample,optimal_frozen,10037,86.44662475585938,0.5866666666666667,22.610873699188232,discrete
nonstationary,reward_resample,optimal_frozen,10038,76.4010238647461,0.5066666666666667,30.978590965270996,discrete
nonstationary,reward_resample,optimal_frozen,10039,82.28999328613281,0.3933333333333333,26.024415969848633,discrete
nonstationary,reward_resample,optimal_frozen,10040,81.61508178710938,0.5533333333333333,25.598711490631104,discrete
nonstationary,reward_resample,optimal_frozen,10041,89.1453857421875,0.66,20.697593212127686,discrete
nonstationary,reward_resample,optimal_frozen,10042,100.55026245117188,0.6666666666666666,20.93910026550293,discrete
nonstationary,reward_resample,optimal_frozen,10043,97.46129608154297,0.5866666666666667,21.13004446029663,discrete
nonstationary,reward_resample,optimal_frozen,10044,87.9795150756836,0.46,20.085998058319092,discrete
nonstationary,reward_resample,optimal_frozen,10045,86.70393371582031,0.7133333333333334,12.717074394226074,discrete
nonstationary,reward_resample,optimal_frozen,10046,84.00670623779297,0.3333333333333333,24.787981510162354,discrete
nonstationary,reward_resample,optimal_frozen,10047,96.73857116699219,0.48,22.954465866088867,discrete
nonstationary,reward_resample,optimal_frozen,10048,91.63432312011719,0.41333333333333333,23.880893230438232,discrete
nonstationary,transition_resample,tf_legacy,9999,71.31493377685547,0.12,41.74668216705322,discrete
nonstationary,transition_resample,tf_legacy,10000,75.81599426269531,0.1,45.67396879196167,discrete
nonstationary,transition_resample,tf_legacy,10001,68.45295715332031,0.12666666666666668,42.65146493911743,discrete
nonstationary,transition_resample,tf_legacy,10002,81.52677917480469,0.30666666666666664,27.24002742767334,discrete
nonstationary,transition_resample,tf_legacy,10003,84.91847229003906,0.13333333333333333,36.36733055114746,discrete
nonstationary,transition_resample,tf_legacy,10004,66.88258361816406,0.29333333333333333,41.55082368850708,discrete
nonstationary,transition_resample,tf_legacy,10005,71.52885437011719,0.26,47.41202640533447,discrete
nonstationary,transition_resample,tf_legacy,10006,91.83654022216797,0.38666666666666666,18.784238815307617,discrete
nonstationary,transition_resample,tf_legacy,10007,93.24778747558594,0.4533333333333333,23.53369379043579,discrete
nonstationary,transition_resample,tf_legacy,10008,88.19184875488281,0.44666666666666666,30.896931171417236,discrete
nonstationary,transition_resample,tf_legacy,10009,78.487548828125,0.3466666666666667,37.17173957824707,discrete
nonstationary,transition_resample,tf_legacy,10010,96.08473205566406,0.4533333333333333,16.320685386657715,discrete
nonstationary,transition_resample,tf_legacy,10011,74.46353149414062,0.06666666666666667,41.69748258590698,discrete
nonstationary,transition_resample,tf_legacy,10012,99.16800689697266,0.15333333333333332,25.637934684753418,discrete
nonstationary,transition_resample,tf_legacy,10013,81.23017120361328,0.11333333333333333,41.647075176239014,discrete
nonstationary,transition_resample,tf_legacy,10014,69.63793182373047,0.30666666666666664,50.965683460235596,discrete
nonstationary,transition_resample,tf_legacy,10015,63.887916564941406,0.02666666666666667,46.10536432266235,discrete
nonstationary,transition_resample,tf_legacy,10016,84.76478576660156,0.41333333333333333,15.80468463897705,discrete
nonstationary,transition_resample,tf_legacy,10017,91.26991271972656,0.5333333333333333,17.215731143951416,discrete
nonstationary,transition_resample,tf_legacy,10018,69.52220153808594,0.12666666666666668,41.388537883758545,discrete
nonstationary,transition_resample,tf_legacy,10019,80.28622436523438,0.13333333333333333,32.88258123397827,discrete
nonstationary,transition_resample,tf_legacy,10020,84.57615661621094,0.36,18.406169891357422,discrete
nonstationary,transition_resample,tf_legacy,10021,44.10002517700195,0.0,63.90884065628052,discrete
nonstationary,transition_resample,tf_legacy,10022,74.4063491821289,0.11333333333333333,38.206432819366455,discrete
nonstationary,transition_resample,tf_legacy,10023,68.46029663085938,0.16,36.832902908325195,discrete
nonstationary,transition_resample,tf_legacy,10024,84.8070068359375,0.38666666666666666,28.825923919677734,discrete
nonstationary,transition_resample,tf_legacy,10025,74.18058776855469,0.16,31.228414058685303,discrete
nonstationary,transition_resample,tf_legacy,10026,47.16919708251953,0.006666666666666667,50.63406753540039,discrete
nonstationary,transition_resample,tf_legacy,10027,65.8626937866211,0.18,43.64988899230957,discrete
nonstationary,transition_resample,tf_legacy,10028,59.84806823730469,0.12666666666666668,44.30316925048828,discrete
nonstationary,transition_resample,tf_legacy,10029,102.96839904785156,0.5666666666666667,12.321866512298584,discrete
nonstationary,transition_resample,tf_legacy,10030,77.03242492675781,0.32666666666666666,26.383158206939697,discrete
nonstationary,transition_resample,tf_legacy,10031,68.93465423583984,0.20666666666666667,37.63991451263428,discrete
nonstationary,transition_resample,tf_legacy,10032,61.28986358642578,0.15333333333333332,31.530884265899658,discrete
nonstationary,transition_resample,tf_legacy,10033,86.10952758789062,0.22,35.197548389434814,discrete
nonstationary,transition_resample,tf_legacy,10034,95.38264465332031,0.42,17.695056438446045,discrete
nonstationary,transition_resample,tf_legacy,10035,80.98583984375,0.14,45.62395238876343,discrete
nonstationary,transition_resample,tf_legacy,10036,72.75777435302734,0.28,39.08908271789551,discrete
nonstationary,transition_resample,tf_legacy,10037,80.72846221923828,0.32,20.773574829101562,discrete
nonstationary,transition_resample,tf_legacy,10038,59.700958251953125,0.013333333333333334,43.662882804870605,discrete
nonstationary,transition_resample,tf_legacy,10039,95.97686767578125,0.3333333333333333,19.22635555267334,discrete
nonstationary,transition_resample,tf_legacy,10040,79.35600280761719,0.2,29.93272829055786,discrete
nonstationary,transition_resample,tf_legacy,10041,77.27500915527344,0.29333333333333333,28.729729652404785,discrete
nonstationary,transition_resample,tf_legacy,10042,98.43997192382812,0.48,15.341548442840576,discrete
nonstationary,transition_resample,tf_legacy,10043,52.81110382080078,0.02666666666666667,61.63351821899414,discrete
nonstationary,transition_resample,tf_legacy,10044,63.47090530395508,0.18,45.30075645446777,discrete
nonstationary,transition_resample,tf_legacy,10045,74.77276611328125,0.30666666666666664,32.27082538604736,discrete
nonstationary,transition_resample,tf_legacy,10046,48.90843963623047,0.22,64.19967985153198,discrete
nonstationary,transition_resample,tf_legacy,10047,68.22438049316406,0.25333333333333335,46.362120151519775,discrete
nonstationary,transition_resample,tf_legacy,10048,71.86302185058594,0.3933333333333333,45.02144765853882,discrete
nonstationary,transition_resample,tf_self,9999,89.00071716308594,0.36,24.76161289215088,discrete
nonstationary,transition_resample,tf_self,10000,85.62828826904297,0.35333333333333333,34.30469799041748,discrete
nonstationary,transition_resample,tf_self,10001,73.5350112915039,0.26,36.101115703582764,discrete
nonstationary,transition_resample,tf_self,10002,82.48424530029297,0.28,27.85636615753174,discrete
nonstationary,transition_resample,tf_self,10003,81.08993530273438,0.15333333333333332,39.542603969573975,discrete
nonstationary,transition_resample,tf_self,10004,66.88258361816406,0.29333333333333333,41.55082368850708,discrete
nonstationary,transition_resample,tf_self,10005,73.48750305175781,0.32666666666666666,45.50788688659668,discrete
nonstationary,transition_resample,tf_self,10006,87.21656799316406,0.4666666666666667,23.56626033782959,discrete
nonstationary,transition_resample,tf_self,10007,93.24778747558594,0.4533333333333333,23.53369379043579,discrete
nonstationary,transition_resample,tf_self,10008,88.19184875488281,0.44666666666666666,30.896931171417236,discrete
nonstationary,transition_resample,tf_self,10009,72.12191009521484,0.26,43.17677974700928,discrete
nonstationary,transition_resample,tf_self,10010,82.14569091796875,0.3,28.966649055480957,discrete
nonstationary,transition_resample,tf_self,10011,79.107421875,0.06666666666666667,36.206374168395996,discrete
nonstationary,transition_resample,tf_self,10012,78.43109130859375,0.36666666666666664,47.15556478500366,discrete
nonstationary,transition_resample,tf_self,10013,92.59457397460938,0.17333333333333334,31.11695146560669,discrete
nonstationary,transition_resample,tf_self,10014,69.63793182373047,0.30666666666666664,50.965683460235596,discrete
nonstationary,transition_resample,tf_self,10015,78.31637573242188,0.16,32.82132577896118,discrete
nonstationary,transition_resample,tf_self,10016,71.79449462890625,0.30666666666666664,27.026398181915283,discrete
nonstationary,transition_resample,tf_self,10017,85.8664779663086,0.5466666666666666,20.651829719543457,discrete
nonstationary,transition_resample,tf_self,10018,69.52220153808594,0.12666666666666668,41.388537883758545,discrete
nonstationary,transition_resample,tf_self,10019,94.32665252685547,0.5533333333333333,18.695754528045654,discrete
nonstationary,transition_resample,tf_self,10020,80.15575408935547,0.5,21.005338668823242,discrete
nonstationary,transition_resample,tf_self,10021,44.10002517700195,0.0,63.90884065628052,discrete
nonstationary,transition_resample,tf_self,10022,74.4063491821289,0.11333333333333333,38.206432819366455,discrete
nonstationary,transition_resample,tf_self,10023,74.7704849243164,0.28,32.412476539611816,discrete
nonstationary,transition_resample,tf_self,10024,77.88255310058594,0.22,34.5580358505249,discrete
nonstationary,transition_resample,tf_self,10025,74.18058776855469,0.16,31.228414058685303,discrete
nonstationary,transition_resample,tf_self,10026,58.017242431640625,0.1,40.785900592803955,discrete
nonstationary,transition_resample,tf_self,10027,74.63644409179688,0.3333333333333333,35.21440410614014,discrete
nonstationary,transition_resample,tf_self,10028,81.738037109375,0.4533333333333333,29.205951690673828,discrete
nonstationary,transition_resample,tf_self,10029,102.96839904785156,0.5666666666666667,12.321866512298584,discrete
nonstationary,transition_resample,tf_self,10030,66.80145263671875,0.3,36.42192459106445,discrete
nonstationary,transition_resample,tf_self,10031,72.6190185546875,0.20666666666666667,35.914798736572266,discrete
nonstationary,transition_resample,tf_self,10032,70.7470703125,0.3333333333333333,19.571689128875732,discrete
nonstationary,transition_resample,tf_self,10033,93.06607055664062,0.22666666666666666,28.541868209838867,discrete
nonstationary,transition_resample,tf_self,10034,66.62952423095703,0.29333333333333333,45.801658153533936,discrete
nonstationary,transition_resample,tf_self,10035,94.57060241699219,0.31333333333333335,31.862367630004883,discrete
nonstationary,transition_resample,tf_self,10036,66.52420806884766,0.3,48.73495960235596,discrete
nonstationary,transition_resample,tf_self,10037,77.87112426757812,0.24,23.145655155181885,discrete
nonstationary,transition_resample,tf_self,10038,73.03218078613281,0.06,29.633906841278076,discrete
nonstationary,transition_resample,tf_self,10039,82.35487365722656,0.20666666666666667,30.94007110595703,discrete
nonstationary,transition_resample,tf_self,10040,66.48011779785156,0.08666666666666667,40.94561815261841,discrete
nonstationary,transition_resample,tf_self,10041,77.27500915527344,0.29333333333333333,28.729729652404785,discrete
nonstationary,transition_resample,tf_self,10042,98.43997192382812,0.48,15.341548442840576,discrete
nonstationary,transition_resample,tf_self,10043,64.55485534667969,0.12666666666666668,47.77932786941528,discrete
nonstationary,transition_resample,tf_self,10044,77.42950439453125,0.21333333333333335,34.36631202697754,discrete
nonstationary,transition_resample,tf_self,10045,74.77276611328125,0.30666666666666664,32.27082538604736,discrete
nonstationary,transition_resample,tf_self,10046,48.90843963623047,0.22,64.19967985153198,discrete
nonstationary,transition_resample,tf_self,10047,62.65338134765625,0.13333333333333333,52.14586639404297,discrete
nonstationary,transition_resample,tf_self,10048,100.21772766113281,0.4666666666666667,18.343329906463623,discrete
nonstationary,transition_resample,optimal,9999,109.10213470458984,1.0,0.0,discrete
nonstationary,transition_resample,optimal,10000,120.21955108642578,1.0,0.0,discrete
nonstationary,transition_resample,optimal,10001,111.17208862304688,1.0,0.0,discrete
nonstationary,transition_resample,optimal,10002,112.75860595703125,1.0,0.0,discrete
nonstationary,transition_resample,optimal,10003,119.8573226928711,1.0,0.0,discrete
nonstationary,transition_resample,optimal,10004,108.5435791015625,1.0,0.0,discrete
nonstationary,transition_resample,optimal,10005,118.79519653320312,1.0,0.0,discrete
nonstationary,transition_resample,optimal,10006,106.199951171875,1.0,0.0,discrete
nonstationary,transition_resample,optimal,10007,115.69293975830078,1.0,0.0,discrete
nonstationary,transition_resample,optimal,10008,119.13638305664062,1.0,0.0,discrete
nonstationary,transition_resample,optimal,10009,116.21626281738281,1.0,0.0,discrete
nonstationary,transition_resample,optimal,10010,110.8702621459961,1.0,0.0,discrete
nonstationary,transition_resample,optimal,10011,115.1717300415039,1.0,0.0,discrete
nonstationary,transition_resample,optimal,10012,122.87251281738281,1.0,0.0,discrete
nonstationary,transition_resample,optimal,10013,123.47830200195312,1.0,0.0,discrete
nonstationary,transition_resample,optimal,10014,118.90156555175781,1.0,0.0,discrete
nonstationary,transition_resample,optimal,10015,111.6934814453125,1.0,0.0,discrete
nonstationary,transition_resample,optimal,10016,99.97752380371094,1.0,0.0,discrete
nonstationary,transition_resample,optimal,10017,106.53590393066406,1.0,0.0,discrete
nonstationary,transition_resample,optimal,10018,110.17353057861328,1.0,0.0,discrete
nonstationary,transition_resample,optimal,10019,114.73417663574219,1.0,0.0,discrete
nonstationary,transition_resample,optimal,10020,100.75035095214844,1.0,0.0,discrete
nonstationary,transition_resample,optimal,10021,107.73090362548828,1.0,0.0,discrete
nonstationary,transition_resample,optimal,10022,117.94464111328125,1.0,0.0,discrete
nonstationary,transition_resample,optimal,10023,104.41614532470703,1.0,0.0,discrete
nonstationary,transition_resample,optimal,10024,113.23974609375,1.0,0.0,discrete
nonstationary,transition_resample,optimal,10025,105.83984375,1.0,0.0,discrete
nonstationary,transition_resample,optimal,10026,98.44043731689453,1.0,0.0,discrete
nonstationary,transition_resample,optimal,10027,108.32305908203125,1.0,0.0,discrete
nonstationary,transition_resample,optimal,10028,107.921142578125,1.0,0.0,discrete
nonstationary,transition_resample,optimal,10029,111.21267700195312,1.0,0.0,discrete
nonstationary,transition_resample,optimal,10030,111.97064208984375,1.0,0.0,discrete
nonstationary,transition_resample,optimal,10031,110.05795288085938,1.0,0.0,discrete
nonstationary,transition_resample,optimal,10032,90.38063049316406,1.0,0.0,discrete
nonstationary,transition_resample,optimal,10033,121.55033111572266,1.0,0.0,discrete
nonstationary,transition_resample,optimal,10034,112.79039764404297,1.0,0.0,discrete
nonstationary,transition_resample,optimal,10035,126.90995788574219,1.0,0.0,discrete
nonstationary,transition_resample,optimal,10036,112.76276397705078,1.0,0.0,discrete
nonstationary,transition_resample,optimal,10037,102.58638000488281,1.0,0.0,discrete
nonstationary,transition_resample,optimal,10038,104.46061706542969,1.0,0.0,discrete
nonstationary,transition_resample,optimal,10039,112.96064758300781,1.0,0.0,discrete
nonstationary,transition_resample,optimal,10040,107.31165313720703,1.0,0.0,discrete
nonstationary,transition_resample,optimal,10041,106.4156723022461,1.0,0.0,discrete
nonstationary,transition_resample,optimal,10042,115.78977966308594,1.0,0.0,discrete
nonstationary,transition_resample,optimal,10043,114.8600082397461,1.0,0.0,discrete
nonstationary,transition_resample,optimal,10044,109.25233459472656,1.0,0.0,discrete
nonstationary,transition_resample,optimal,10045,108.85336303710938,1.0,0.0,discrete
nonstationary,transition_resample,optimal,10046,114.37784576416016,1.0,0.0,discrete
nonstationary,transition_resample,optimal,10047,116.43339538574219,1.0,0.0,discrete
nonstationary,transition_resample,optimal,10048,119.98974609375,1.0,0.0,discrete
nonstationary,transition_resample,epsgreedy,9999,83.89789581298828,0.23333333333333334,27.028913497924805,discrete
nonstationary,transition_resample,epsgreedy,10000,93.6671142578125,0.43333333333333335,27.13642406463623,discrete
nonstationary,transition_resample,epsgreedy,10001,88.27642822265625,0.5333333333333333,20.302069664001465,discrete
nonstationary,transition_resample,epsgreedy,10002,95.99371337890625,0.5133333333333333,17.23949909210205,discrete
nonstationary,transition_resample,epsgreedy,10003,85.67776489257812,0.19333333333333333,33.94991588592529,discrete
nonstationary,transition_resample,epsgreedy,10004,75.75132751464844,0.36,32.87386226654053,discrete
nonstationary,transition_resample,epsgreedy,10005,74.52680206298828,0.28,44.655640602111816,discrete
nonstationary,transition_resample,epsgreedy,10006,95.73776245117188,0.4866666666666667,12.717597007751465,discrete
nonstationary,transition_resample,epsgreedy,10007,93.5781478881836,0.26,22.175654411315918,discrete
nonstationary,transition_resample,epsgreedy,10008,87.2029037475586,0.37333333333333335,32.33068513870239,discrete
nonstationary,transition_resample,epsgreedy,10009,75.4439697265625,0.24666666666666667,42.44073295593262,discrete
nonstationary,transition_resample,epsgreedy,10010,91.0805435180664,0.5933333333333334,20.744605541229248,discrete
nonstationary,transition_resample,epsgreedy,10011,83.90303039550781,0.18666666666666668,32.35080337524414,discrete
nonstationary,transition_resample,epsgreedy,10012,81.38561248779297,0.3466666666666667,44.66032409667969,discrete
nonstationary,transition_resample,epsgreedy,10013,78.97633361816406,0.05333333333333334,40.28778266906738,discrete
nonstationary,transition_resample,epsgreedy,10014,86.36894226074219,0.41333333333333333,33.45093107223511,discrete
nonstationary,transition_resample,epsgreedy,10015,78.92288208007812,0.12666666666666668,30.39352321624756,discrete
nonstationary,transition_resample,epsgreedy,10016,65.42992401123047,0.18666666666666668,34.685062885284424,discrete
nonstationary,transition_resample,epsgreedy,10017,85.1905517578125,0.38666666666666666,23.310678005218506,discrete
nonstationary,transition_resample,epsgreedy,10018,74.33161926269531,0.29333333333333333,35.86612892150879,discrete
nonstationary,transition_resample,epsgreedy,10019,76.70619201660156,0.29333333333333333,37.234782218933105,discrete
nonstationary,transition_resample,epsgreedy,10020,76.62210083007812,0.26,26.928106784820557,discrete
nonstationary,transition_resample,epsgreedy,10021,73.89228057861328,0.5466666666666666,33.20073652267456,discrete
nonstationary,transition_resample,epsgreedy,10022,79.64695739746094,0.38,35.27972078323364,discrete
nonstationary,transition_resample,epsgreedy,10023,72.74049377441406,0.38,31.2170090675354,discrete
nonstationary,transition_resample,epsgreedy,10024,85.67268371582031,0.38666666666666666,25.58590269088745,discrete
nonstationary,transition_resample,epsgreedy,10025,79.54146575927734,0.48,25.37752056121826,discrete
nonstationary,transition_resample,epsgreedy,10026,82.53108978271484,0.4666666666666667,17.0408992767334,discrete
nonstationary,transition_resample,epsgreedy,10027,74.75794982910156,0.3333333333333333,34.54439115524292,discrete
nonstationary,transition_resample,epsgreedy,10028,70.92401885986328,0.23333333333333334,40.72570753097534,discrete
nonstationary,transition_resample,epsgreedy,10029,74.12509155273438,0.3333333333333333,36.81446361541748,discrete
nonstationary,transition_resample,epsgreedy,10030,82.53850555419922,0.16,24.69863510131836,discrete
nonstationary,transition_resample,epsgreedy,10031,83.10194396972656,0.24666666666666667,27.770183086395264,discrete
nonstationary,transition_resample,epsgreedy,10032,76.03227996826172,0.36,15.911847114562988,discrete
nonstationary,transition_resample,epsgreedy,10033,100.8056869506836,0.6066666666666667,20.180675983428955,discrete
nonstationary,transition_resample,epsgreedy,10034,68.94134521484375,0.07333333333333333,46.27509927749634,discrete
nonstationary,transition_resample,epsgreedy,10035,83.97491455078125,0.11333333333333333,42.87069654464722,discrete
nonstationary,transition_resample,epsgreedy,10036,82.68577575683594,0.3333333333333333,28.960285663604736,discrete
nonstationary,transition_resample,epsgreedy,10037,88.86450958251953,0.4066666666666667,13.806732654571533,discrete
nonstationary,transition_resample,epsgreedy,10038,84.54133605957031,0.3333333333333333,20.12626028060913,discrete
nonstationary,transition_resample,epsgreedy,10039,88.15885925292969,0.26,23.684361457824707,discrete
nonstationary,transition_resample,epsgreedy,10040,81.36283874511719,0.4266666666666667,29.046753406524658,discrete
nonstationary,transition_resample,epsgreedy,10041,83.80662536621094,0.49333333333333335,23.27726936340332,discrete
nonstationary,transition_resample,epsgreedy,10042,89.97867584228516,0.24666666666666667,24.301908493041992,discrete
nonstationary,transition_resample,epsgreedy,10043,65.82078552246094,0.18,48.85109233856201,discrete
nonstationary,transition_resample,epsgreedy,10044,72.6878662109375,0.26666666666666666,35.020100116729736,discrete
nonstationary,transition_resample,epsgreedy,10045,72.9489974975586,0.28,34.675703048706055,discrete
nonstationary,transition_resample,epsgreedy,10046,72.63668823242188,0.23333333333333334,41.352450370788574,discrete
nonstationary,transition_resample,epsgreedy,10047,68.14833068847656,0.03333333333333333,47.55421018600464,discrete
nonstationary,transition_resample,epsgreedy,10048,76.30332946777344,0.19333333333333333,40.86079454421997,discrete
nonstationary,transition_resample,greedy,9999,86.97169494628906,0.35333333333333333,23.4761381149292,discrete
nonstationary,transition_resample,greedy,10000,96.5322265625,0.35333333333333333,24.01403284072876,discrete
nonstationary,transition_resample,greedy,10001,76.83541107177734,0.46,31.76790475845337,discrete
nonstationary,transition_resample,greedy,10002,83.61489868164062,0.32666666666666666,23.53123712539673,discrete
nonstationary,transition_resample,greedy,10003,93.84828186035156,0.32,25.53265953063965,discrete
nonstationary,transition_resample,greedy,10004,70.11182403564453,0.36,37.93781518936157,discrete
nonstationary,transition_resample,greedy,10005,67.0667724609375,0.21333333333333335,52.32036256790161,discrete
nonstationary,transition_resample,greedy,10006,95.97868347167969,0.44666666666666666,12.627640724182129,discrete
nonstationary,transition_resample,greedy,10007,80.645751953125,0.19333333333333333,37.72289419174194,discrete
nonstationary,transition_resample,greedy,10008,91.41620635986328,0.38666666666666666,28.325976848602295,discrete
nonstationary,transition_resample,greedy,10009,61.524452209472656,0.11333333333333333,53.39372730255127,discrete
nonstationary,transition_resample,greedy,10010,95.61651611328125,0.7266666666666667,14.224901676177979,discrete
nonstationary,transition_resample,greedy,10011,92.72935485839844,0.30666666666666664,20.71857786178589,discrete
nonstationary,transition_resample,greedy,10012,82.86225128173828,0.3466666666666667,44.71193885803223,discrete
nonstationary,transition_resample,greedy,10013,86.55915832519531,0.15333333333333332,38.16879367828369,discrete
nonstationary,transition_resample,greedy,10014,79.47297668457031,0.43333333333333335,40.754608154296875,discrete
nonstationary,transition_resample,greedy,10015,81.7161636352539,0.24666666666666667,29.708457946777344,discrete
nonstationary,transition_resample,greedy,10016,60.86769104003906,0.16,41.25665855407715,discrete
nonstationary,transition_resample,greedy,10017,77.26898193359375,0.2733333333333333,32.75754737854004,discrete
nonstationary,transition_resample,greedy,10018,66.34367370605469,0.16,44.382062911987305,discrete
nonstationary,transition_resample,greedy,10019,74.39418029785156,0.36,39.30882167816162,discrete
nonstationary,transition_resample,greedy,10020,84.12838745117188,0.26666666666666666,18.68940019607544,discrete
nonstationary,transition_resample,greedy,10021,81.44941711425781,0.6933333333333334,25.19507598876953,discrete
nonstationary,transition_resample,greedy,10022,70.92135620117188,0.18,43.18353080749512,discrete
nonstationary,transition_resample,greedy,10023,56.97734832763672,0.19333333333333333,47.55975294113159,discrete
nonstationary,transition_resample,greedy,10024,74.99671173095703,0.22666666666666666,41.12990713119507,discrete
nonstationary,transition_resample,greedy,10025,79.27052307128906,0.26,24.74953556060791,discrete
nonstationary,transition_resample,greedy,10026,84.85530853271484,0.5133333333333333,14.381886959075928,discrete
nonstationary,transition_resample,greedy,10027,77.07752990722656,0.35333333333333333,31.779554843902588,discrete
nonstationary,transition_resample,greedy,10028,61.782386779785156,0.0,46.47475719451904,discrete
nonstationary,transition_resample,greedy,10029,72.26151275634766,0.26,37.35189199447632,discrete
nonstationary,transition_resample,greedy,10030,81.79248046875,0.20666666666666667,24.261876583099365,discrete
nonstationary,transition_resample,greedy,10031,81.77273559570312,0.5,27.1807222366333,discrete
nonstationary,transition_resample,greedy,10032,67.09893798828125,0.32,22.701730728149414,discrete
nonstationary,transition_resample,greedy,10033,91.2216796875,0.2,31.351147174835205,discrete
nonstationary,transition_resample,greedy,10034,78.53926086425781,0.15333333333333332,34.417479038238525,discrete
nonstationary,transition_resample,greedy,10035,77.78328704833984,0.1,49.29464817047119,discrete
nonstationary,transition_resample,greedy,10036,75.75770568847656,0.3,36.92753887176514,discrete
nonstationary,transition_resample,greedy,10037,81.43824005126953,0.44,21.145179271697998,discrete
nonstationary,transition_resample,greedy,10038,83.35079956054688,0.32666666666666666,18.494887828826904,discrete
nonstationary,transition_resample,greedy,10039,80.3912353515625,0.2,30.20486831665039,discrete
nonstationary,transition_resample,greedy,10040,82.73512268066406,0.44666666666666666,27.223474979400635,discrete
nonstationary,transition_resample,greedy,10041,77.1485595703125,0.38,29.212268829345703,discrete
nonstationary,transition_resample,greedy,10042,91.22685241699219,0.12,23.439769744873047,discrete
nonstationary,transition_resample,greedy,10043,82.61717224121094,0.3333333333333333,30.662413120269775,discrete
nonstationary,transition_resample,greedy,10044,57.77799987792969,0.03333333333333333,50.922110080718994,discrete
nonstationary,transition_resample,greedy,10045,68.96466827392578,0.04666666666666667,37.3639817237854,discrete
nonstationary,transition_resample,greedy,10046,68.09070587158203,0.2733333333333333,44.683308601379395,discrete
nonstationary,transition_resample,greedy,10047,58.686649322509766,0.0,58.501097202301025,discrete
nonstationary,transition_resample,greedy,10048,66.34546661376953,0.26666666666666666,51.52288198471069,discrete
nonstationary,transition_resample,random,9999,76.62286376953125,0.24,34.29606342315674,discrete
nonstationary,transition_resample,random,10000,81.16429901123047,0.3,38.0300555229187,discrete
nonstationary,transition_resample,random,10001,74.10151672363281,0.26,36.04855823516846,discrete
nonstationary,transition_resample,random,10002,78.36160278320312,0.29333333333333333,33.71791362762451,discrete
nonstationary,transition_resample,random,10003,86.94108581542969,0.3,32.11137247085571,discrete
nonstationary,transition_resample,random,10004,75.18653869628906,0.24666666666666667,35.20868635177612,discrete
nonstationary,transition_resample,random,10005,73.95521545410156,0.28,44.67593288421631,discrete
nonstationary,transition_resample,random,10006,80.37336730957031,0.3333333333333333,29.09119987487793,discrete
nonstationary,transition_resample,random,10007,82.59619140625,0.21333333333333335,35.27491331100464,discrete
nonstationary,transition_resample,random,10008,71.28509521484375,0.22666666666666666,47.87814712524414,discrete
nonstationary,transition_resample,random,10009,72.98149108886719,0.2,43.98994541168213,discrete
nonstationary,transition_resample,random,10010,75.36996459960938,0.24,37.30683517456055,discrete
nonstationary,transition_resample,random,10011,81.58622741699219,0.22666666666666666,33.60757637023926,discrete
nonstationary,transition_resample,random,10012,89.8487548828125,0.29333333333333333,34.58752107620239,discrete
nonstationary,transition_resample,random,10013,88.29778289794922,0.24,34.18186855316162,discrete
nonstationary,transition_resample,random,10014,79.93486785888672,0.31333333333333335,43.2450008392334,discrete
nonstationary,transition_resample,random,10015,78.06185913085938,0.19333333333333333,32.37209892272949,discrete
nonstationary,transition_resample,random,10016,73.66532897949219,0.30666666666666664,28.44115447998047,discrete
nonstationary,transition_resample,random,10017,76.68292236328125,0.25333333333333335,31.533843994140625,discrete
nonstationary,transition_resample,random,10018,76.501708984375,0.23333333333333334,34.939640045166016,discrete
nonstationary,transition_resample,random,10019,80.63200378417969,0.24,31.56356716156006,discrete
nonstationary,transition_resample,random,10020,73.54283142089844,0.24,30.742043018341064,discrete
nonstationary,transition_resample,random,10021,66.38326263427734,0.2733333333333333,40.040903091430664,discrete
nonstationary,transition_resample,random,10022,80.68482208251953,0.29333333333333333,32.584367752075195,discrete
nonstationary,transition_resample,random,10023,69.42953491210938,0.26666666666666666,37.2161431312561,discrete
nonstationary,transition_resample,random,10024,85.45953369140625,0.28,30.345413208007812,discrete
nonstationary,transition_resample,random,10025,68.90740966796875,0.17333333333333334,36.2423734664917,discrete
nonstationary,transition_resample,random,10026,72.95838165283203,0.29333333333333333,26.88182830810547,discrete
nonstationary,transition_resample,random,10027,69.62239074707031,0.21333333333333335,36.97883129119873,discrete
nonstationary,transition_resample,random,10028,73.91107940673828,0.28,41.148823261260986,discrete
nonstationary,transition_resample,random,10029,74.89175415039062,0.25333333333333335,37.85233211517334,discrete
nonstationary,transition_resample,random,10030,74.58076477050781,0.24,30.78775405883789,discrete
nonstationary,transition_resample,random,10031,75.40482330322266,0.32,36.03168725967407,discrete
nonstationary,transition_resample,random,10032,68.60507202148438,0.3,20.21078062057495,discrete
nonstationary,transition_resample,random,10033,80.67686462402344,0.24666666666666667,39.901939392089844,discrete
nonstationary,transition_resample,random,10034,80.6626968383789,0.25333333333333335,32.801767349243164,discrete
nonstationary,transition_resample,random,10035,84.54302978515625,0.26,42.2859320640564,discrete
nonstationary,transition_resample,random,10036,78.3418197631836,0.28,33.442251682281494,discrete
nonstationary,transition_resample,random,10037,74.73694610595703,0.22,27.054794311523438,discrete
nonstationary,transition_resample,random,10038,73.25298309326172,0.24666666666666667,30.175706386566162,discrete
nonstationary,transition_resample,random,10039,82.40676879882812,0.26,29.766084671020508,discrete
nonstationary,transition_resample,random,10040,81.75931549072266,0.29333333333333333,27.98775577545166,discrete
nonstationary,transition_resample,random,10041,70.93171691894531,0.22666666666666666,37.171130657196045,discrete
nonstationary,transition_resample,random,10042,82.05181884765625,0.24666666666666667,33.489935874938965,discrete
nonstationary,transition_resample,random,10043,72.27822875976562,0.24,43.67606019973755,discrete
nonstationary,transition_resample,random,10044,73.62522888183594,0.23333333333333334,40.790343284606934,discrete
nonstationary,transition_resample,random,10045,69.8520736694336,0.2866666666666667,39.77336597442627,discrete
nonstationary,transition_resample,random,10046,75.25949096679688,0.22666666666666666,39.47591304779053,discrete
nonstationary,transition_resample,random,10047,73.94520568847656,0.18666666666666668,44.33114147186279,discrete
nonstationary,transition_resample,random,10048,84.38899230957031,0.26,32.129512786865234,discrete
nonstationary,transition_resample,optimal_frozen,9999,109.10213470458984,1.0,0.0,discrete
nonstationary,transition_resample,optimal_frozen,10000,118.86387634277344,0.8866666666666667,0.9855556488037109,discrete
nonstationary,transition_resample,optimal_frozen,10001,110.97897338867188,0.9733333333333334,0.0378265380859375,discrete
nonstationary,transition_resample,optimal_frozen,10002,112.89268493652344,0.9133333333333333,0.5340585708618164,discrete
nonstationary,transition_resample,optimal_frozen,10003,119.8573226928711,1.0,0.0,discrete
nonstationary,transition_resample,optimal_frozen,10004,106.96260070800781,0.86,1.5080652236938477,discrete
nonstationary,transition_resample,optimal_frozen,10005,118.79519653320312,1.0,0.0,discrete
nonstationary,transition_resample,optimal_frozen,10006,106.199951171875,1.0,0.0,discrete
nonstationary,transition_resample,optimal_frozen,10007,116.46968078613281,0.9,0.0782632827758789,discrete
nonstationary,transition_resample,optimal_frozen,10008,119.13638305664062,1.0,0.0,discrete
nonstationary,transition_resample,optimal_frozen,10009,116.21626281738281,1.0,0.0,discrete
nonstationary,transition_resample,optimal_frozen,10010,110.8702621459961,1.0,0.0,discrete
nonstationary,transition_resample,optimal_frozen,10011,115.08708190917969,0.8666666666666667,1.4190101623535156,discrete
nonstationary,transition_resample,optimal_frozen,10012,122.87251281738281,1.0,0.0,discrete
nonstationary,transition_resample,optimal_frozen,10013,122.73320007324219,0.9066666666666666,0.8776569366455078,discrete
nonstationary,transition_resample,optimal_frozen,10014,118.90156555175781,1.0,0.0,discrete
nonstationary,transition_resample,optimal_frozen,10015,111.6934814453125,1.0,0.0,discrete
nonstationary,transition_resample,optimal_frozen,10016,99.31293487548828,0.8333333333333334,1.1422314643859863,discrete
nonstationary,transition_resample,optimal_frozen,10017,107.34016418457031,0.94,0.06514978408813477,discrete
nonstationary,transition_resample,optimal_frozen,10018,110.17353057861328,1.0,0.0,discrete
nonstationary,transition_resample,optimal_frozen,10019,114.33533477783203,0.9666666666666667,0.13988733291625977,discrete
nonstationary,transition_resample,optimal_frozen,10020,99.70108032226562,0.86,1.1967034339904785,discrete
nonstationary,transition_resample,optimal_frozen,10021,107.73090362548828,1.0,0.0,discrete
nonstationary,transition_resample,optimal_frozen,10022,118.22901916503906,0.96,0.08933544158935547,discrete
nonstationary,transition_resample,optimal_frozen,10023,104.41614532470703,1.0,0.0,discrete
nonstationary,transition_resample,optimal_frozen,10024,113.23974609375,1.0,0.0,discrete
nonstationary,transition_resample,optimal_frozen,10025,105.73292541503906,0.9133333333333333,0.1194772720336914,discrete
nonstationary,transition_resample,optimal_frozen,10026,98.7265625,0.8933333333333333,0.08960723876953125,discrete
nonstationary,transition_resample,optimal_frozen,10027,108.16310119628906,0.8733333333333333,0.216278076171875,discrete
nonstationary,transition_resample,optimal_frozen,10028,105.2002944946289,0.8866666666666667,1.0351252555847168,discrete
nonstationary,transition_resample,optimal_frozen,10029,109.77255249023438,0.8133333333333334,2.3469791412353516,discrete
nonstationary,transition_resample,optimal_frozen,10030,112.70297241210938,0.7933333333333333,0.8771705627441406,discrete
nonstationary,transition_resample,optimal_frozen,10031,110.05795288085938,1.0,0.0,discrete
nonstationary,transition_resample,optimal_frozen,10032,88.75716400146484,0.7866666666666666,1.1157736778259277,discrete
nonstationary,transition_resample,optimal_frozen,10033,121.55033111572266,1.0,0.0,discrete
nonstationary,transition_resample,optimal_frozen,10034,112.53016662597656,0.7333333333333333,0.6811528205871582,discrete
nonstationary,transition_resample,optimal_frozen,10035,126.90995788574219,1.0,0.0,discrete
nonstationary,transition_resample,optimal_frozen,10036,111.51155853271484,0.84,0.8326530456542969,discrete
nonstationary,transition_resample,optimal_frozen,10037,96.36033630371094,0.7266666666666667,1.6471824645996094,discrete
nonstationary,transition_resample,optimal_frozen,10038,103.94566345214844,0.82,0.4711146354675293,discrete
nonstationary,transition_resample,optimal_frozen,10039,110.13475799560547,0.74,2.358358383178711,discrete
nonstationary,transition_resample,optimal_frozen,10040,105.90789794921875,0.88,2.4903345108032227,discrete
nonstationary,transition_resample,optimal_frozen,10041,105.62480163574219,0.8733333333333333,0.19672679901123047,discrete
nonstationary,transition_resample,optimal_frozen,10042,115.78977966308594,1.0,0.0,discrete
nonstationary,transition_resample,optimal_frozen,10043,114.8600082397461,1.0,0.0,discrete
nonstationary,transition_resample,optimal_frozen,10044,104.905517578125,0.7733333333333333,2.179539203643799,discrete
nonstationary,transition_resample,optimal_frozen,10045,109.57798767089844,0.9066666666666666,0.6227378845214844,discrete
nonstationary,transition_resample,optimal_frozen,10046,114.37784576416016,1.0,0.0,discrete
nonstationary,transition_resample,optimal_frozen,10047,115.20315551757812,0.84,0.9256095886230469,discrete
nonstationary,transition_resample,optimal_frozen,10048,117.9532470703125,0.92,0.5957794189453125,discrete
nonstationary,full_resample,tf_legacy,9999,70.34033203125,0.17333333333333334,36.44939565658569,discrete
nonstationary,full_resample,tf_legacy,10000,70.43089294433594,0.04666666666666667,46.673401832580566,discrete
nonstationary,full_resample,tf_legacy,10001,69.76504516601562,0.29333333333333333,41.293986797332764,discrete
nonstationary,full_resample,tf_legacy,10002,88.80888366699219,0.3466666666666667,28.572399616241455,discrete
nonstationary,full_resample,tf_legacy,10003,70.01094055175781,0.1,51.18804693222046,discrete
nonstationary,full_resample,tf_legacy,10004,52.97862243652344,0.1,60.977924823760986,discrete
nonstationary,full_resample,tf_legacy,10005,72.04581451416016,0.18666666666666668,33.175182819366455,discrete
nonstationary,full_resample,tf_legacy,10006,74.61569213867188,0.20666666666666667,37.08923816680908,discrete
nonstationary,full_resample,tf_legacy,10007,79.18636322021484,0.48,35.5079402923584,discrete
nonstationary,full_resample,tf_legacy,10008,75.29638671875,0.18666666666666668,33.016902923583984,discrete
nonstationary,full_resample,tf_legacy,10009,76.81141662597656,0.20666666666666667,41.07393932342529,discrete
nonstationary,full_resample,tf_legacy,10010,77.10433959960938,0.2733333333333333,31.992645740509033,discrete
nonstationary,full_resample,tf_legacy,10011,73.83053588867188,0.16,33.01995038986206,discrete
nonstationary,full_resample,tf_legacy,10012,83.32147216796875,0.29333333333333333,40.76102828979492,discrete
nonstationary,full_resample,tf_legacy,10013,65.15924072265625,0.12666666666666668,38.17444324493408,discrete
nonstationary,full_resample,tf_legacy,10014,66.36785125732422,0.3,49.798890590667725,discrete
nonstationary,full_resample,tf_legacy,10015,62.93427276611328,0.20666666666666667,52.8030571937561,discrete
nonstationary,full_resample,tf_legacy,10016,67.05366516113281,0.2,34.14602470397949,discrete
nonstationary,full_resample,tf_legacy,10017,72.51853942871094,0.26,34.616865158081055,discrete
nonstationary,full_resample,tf_legacy,10018,71.16716003417969,0.06,45.04334115982056,discrete
nonstationary,full_resample,tf_legacy,10019,66.18687438964844,0.16666666666666666,48.79631567001343,discrete
nonstationary,full_resample,tf_legacy,10020,74.27165222167969,0.2866666666666667,33.542809009552,discrete
nonstationary,full_resample,tf_legacy,10021,65.08174896240234,0.12666666666666668,37.546825885772705,discrete
nonstationary,full_resample,tf_legacy,10022,98.85258483886719,0.5333333333333333,14.417741775512695,discrete
nonstationary,full_resample,tf_legacy,10023,73.38259887695312,0.08666666666666667,41.488502979278564,discrete
nonstationary,full_resample,tf_legacy,10024,71.57829284667969,0.16666666666666666,29.648865222930908,discrete
nonstationary,full_resample,tf_legacy,10025,74.92631530761719,0.06666666666666667,41.65245199203491,discrete
nonstationary,full_resample,tf_legacy,10026,80.69729614257812,0.21333333333333335,33.34113264083862,discrete
nonstationary,full_resample,tf_legacy,10027,76.73948669433594,0.18666666666666668,33.41466188430786,discrete
nonstationary,full_resample,tf_legacy,10028,73.4540786743164,0.22,33.02707052230835,discrete
nonstationary,full_resample,tf_legacy,10029,77.02821350097656,0.26,34.51821756362915,discrete
nonstationary,full_resample,tf_legacy,10030,74.4527587890625,0.24,34.93976402282715,discrete
nonstationary,full_resample,tf_legacy,10031,74.53999328613281,0.31333333333333335,40.77583312988281,discrete
nonstationary,full_resample,tf_legacy,10032,76.86517333984375,0.14,29.26955223083496,discrete
nonstationary,full_resample,tf_legacy,10033,78.28714752197266,0.22666666666666666,42.72769212722778,discrete
nonstationary,full_resample,tf_legacy,10034,77.9229507446289,0.20666666666666667,36.081183433532715,discrete
nonstationary,full_resample,tf_legacy,10035,76.33230590820312,0.24666666666666667,36.31389379501343,discrete
nonstationary,full_resample,tf_legacy,10036,74.18807983398438,0.22,44.26473951339722,discrete
nonstationary,full_resample,tf_legacy,10037,88.47042846679688,0.28,15.738395690917969,discrete
nonstationary,full_resample,tf_legacy,10038,75.1458740234375,0.3466666666666667,34.490084171295166,discrete
nonstationary,full_resample,tf_legacy,10039,72.69501495361328,0.24666666666666667,35.0861554145813,discrete
nonstationary,full_resample,tf_legacy,10040,75.17181396484375,0.21333333333333335,41.62363576889038,discrete
nonstationary,full_resample,tf_legacy,10041,62.53382110595703,0.18,45.154112339019775,discrete
nonstationary,full_resample,tf_legacy,10042,75.50379943847656,0.19333333333333333,34.87589073181152,discrete
nonstationary,full_resample,tf_legacy,10043,69.94093322753906,0.30666666666666664,40.63768768310547,discrete
nonstationary,full_resample,tf_legacy,10044,58.28086471557617,0.1,54.77172374725342,discrete
nonstationary,full_resample,tf_legacy,10045,73.52693176269531,0.2733333333333333,39.651026248931885,discrete
nonstationary,full_resample,tf_legacy,10046,65.20967102050781,0.22,50.50361633300781,discrete
nonstationary,full_resample,tf_legacy,10047,81.23503875732422,0.32666666666666666,29.67162322998047,discrete
nonstationary,full_resample,tf_legacy,10048,73.40684509277344,0.35333333333333333,38.58170127868652,discrete
nonstationary,full_resample,tf_self,9999,73.65135192871094,0.38666666666666666,29.511173248291016,discrete
nonstationary,full_resample,tf_self,10000,74.54359436035156,0.32,44.361656188964844,discrete
nonstationary,full_resample,tf_self,10001,68.86376953125,0.25333333333333335,44.54506158828735,discrete
nonstationary,full_resample,tf_self,10002,93.36566162109375,0.30666666666666664,26.777926445007324,discrete
nonstationary,full_resample,tf_self,10003,81.30696105957031,0.26,41.109904766082764,discrete
nonstationary,full_resample,tf_self,10004,52.97862243652344,0.1,60.977924823760986,discrete
nonstationary,full_resample,tf_self,10005,72.61463928222656,0.2,36.879719734191895,discrete
nonstationary,full_resample,tf_self,10006,81.49254608154297,0.5133333333333333,31.365758419036865,discrete
nonstationary,full_resample,tf_self,10007,79.18636322021484,0.48,35.5079402923584,discrete
nonstationary,full_resample,tf_self,10008,75.29638671875,0.18666666666666668,33.016902923583984,discrete
nonstationary,full_resample,tf_self,10009,68.08152770996094,0.11333333333333333,49.07291555404663,discrete
nonstationary,full_resample,tf_self,10010,69.20993041992188,0.26,41.07575511932373,discrete
nonstationary,full_resample,tf_self,10011,78.5288314819336,0.14666666666666667,27.868051528930664,discrete
nonstationary,full_resample,tf_self,10012,52.13076400756836,0.13333333333333333,70.10924005508423,discrete
nonstationary,full_resample,tf_self,10013,65.18521881103516,0.08,35.46942615509033,discrete
nonstationary,full_resample,tf_self,10014,66.36785125732422,0.3,49.798890590667725,discrete
nonstationary,full_resample,tf_self,10015,76.38207244873047,0.25333333333333335,37.17643928527832,discrete
nonstationary,full_resample,tf_self,10016,67.42906951904297,0.20666666666666667,33.63646078109741,discrete
nonstationary,full_resample,tf_self,10017,69.90534973144531,0.30666666666666664,36.832953453063965,discrete
nonstationary,full_resample,tf_self,10018,71.16716003417969,0.06,45.04334115982056,discrete
nonstationary,full_resample,tf_self,10019,97.99264526367188,0.44,17.632041454315186,discrete
nonstationary,full_resample,tf_self,10020,85.66954803466797,0.47333333333333333,21.548542022705078,discrete
nonstationary,full_resample,tf_self,10021,65.08174896240234,0.12666666666666668,37.546825885772705,discrete
nonstationary,full_resample,tf_self,10022,98.85258483886719,0.5333333333333333,14.417741775512695,discrete
nonstationary,full_resample,tf_self,10023,82.93844604492188,0.24,31.35767126083374,discrete
nonstationary,full_resample,tf_self,10024,67.37000274658203,0.22,31.748619556427002,discrete
nonstationary,full_resample,tf_self,10025,74.92631530761719,0.06666666666666667,41.65245199203491,discrete
nonstationary,full_resample,tf_self,10026,82.96595764160156,0.29333333333333333,30.84227705001831,discrete
nonstationary,full_resample,tf_self,10027,77.011474609375,0.26666666666666666,31.11466932296753,discrete
nonstationary,full_resample,tf_self,10028,81.38648986816406,0.36666666666666664,29.1051664352417,discrete
nonstationary,full_resample,tf_self,10029,77.02821350097656,0.26,34.51821756362915,discrete
nonstationary,full_resample,tf_self,10030,92.2077407836914,0.5333333333333333,19.356886386871338,discrete
nonstationary,full_resample,tf_self,10031,91.94174194335938,0.4533333333333333,25.52743911743164,discrete
nonstationary,full_resample,tf_self,10032,65.13175964355469,0.05333333333333334,41.72128105163574,discrete
nonstationary,full_resample,tf_self,10033,73.41505432128906,0.23333333333333334,46.52149772644043,discrete
nonstationary,full_resample,tf_self,10034,68.00006103515625,0.14,46.482746601104736,discrete
nonstationary,full_resample,tf_self,10035,64.14292907714844,0.06,48.68336629867554,discrete
nonstationary,full_resample,tf_self,10036,64.29939270019531,0.11333333333333333,55.386592388153076,discrete
nonstationary,full_resample,tf_self,10037,84.22261810302734,0.24666666666666667,20.6774263381958,discrete
nonstationary,full_resample,tf_self,10038,79.40704345703125,0.30666666666666664,28.46324920654297,discrete
nonstationary,full_resample,tf_self,10039,73.70912170410156,0.2866666666666667,33.55612325668335,discrete
nonstationary,full_resample,tf_self,10040,69.9657974243164,0.11333333333333333,46.990331172943115,discrete
nonstationary,full_resample,tf_self,10041,62.53382110595703,0.18,45.154112339019775,discrete
nonstationary,full_resample,tf_self,10042,75.50379943847656,0.19333333333333333,34.87589073181152,discrete
nonstationary,full_resample,tf_self,10043,50.32496643066406,0.19333333333333333,61.87174987792969,discrete
nonstationary,full_resample,tf_self,10044,70.10816955566406,0.21333333333333335,41.795419216156006,discrete
nonstationary,full_resample,tf_self,10045,73.52693176269531,0.2733333333333333,39.651026248931885,discrete
nonstationary,full_resample,tf_self,10046,65.20967102050781,0.22,50.50361633300781,discrete
nonstationary,full_resample,tf_self,10047,64.22496032714844,0.17333333333333334,44.745930194854736,discrete
nonstationary,full_resample,tf_self,10048,64.30917358398438,0.17333333333333334,51.024900913238525,discrete
nonstationary,full_resample,optimal,9999,103.06625366210938,1.0,0.0,discrete
nonstationary,full_resample,optimal,10000,118.46887969970703,1.0,0.0,discrete
nonstationary,full_resample,optimal,10001,112.07415008544922,1.0,0.0,discrete
nonstationary,full_resample,optimal,10002,122.08647155761719,1.0,0.0,discrete
nonstationary,full_resample,optimal,10003,120.70317077636719,1.0,0.0,discrete
nonstationary,full_resample,optimal,10004,112.85458374023438,1.0,0.0,discrete
nonstationary,full_resample,optimal,10005,105.63136291503906,1.0,0.0,discrete
nonstationary,full_resample,optimal,10006,109.60951232910156,1.0,0.0,discrete
nonstationary,full_resample,optimal,10007,110.75581359863281,1.0,0.0,discrete
nonstationary,full_resample,optimal,10008,106.68601989746094,1.0,0.0,discrete
nonstationary,full_resample,optimal,10009,119.85924530029297,1.0,0.0,discrete
nonstationary,full_resample,optimal,10010,113.21426391601562,1.0,0.0,discrete
nonstationary,full_resample,optimal,10011,106.30955505371094,1.0,0.0,discrete
nonstationary,full_resample,optimal,10012,124.68925476074219,1.0,0.0,discrete
nonstationary,full_resample,optimal,10013,100.59671020507812,1.0,0.0,discrete
nonstationary,full_resample,optimal,10014,114.95782470703125,1.0,0.0,discrete
nonstationary,full_resample,optimal,10015,114.97280883789062,1.0,0.0,discrete
nonstationary,full_resample,optimal,10016,100.436279296875,1.0,0.0,discrete
nonstationary,full_resample,optimal,10017,107.73677062988281,1.0,0.0,discrete
nonstationary,full_resample,optimal,10018,117.62403869628906,1.0,0.0,discrete
nonstationary,full_resample,optimal,10019,110.73097229003906,1.0,0.0,discrete
nonstationary,full_resample,optimal,10020,106.24081420898438,1.0,0.0,discrete
nonstationary,full_resample,optimal,10021,105.01536560058594,1.0,0.0,discrete
nonstationary,full_resample,optimal,10022,111.38330078125,1.0,0.0,discrete
nonstationary,full_resample,optimal,10023,110.07945251464844,1.0,0.0,discrete
nonstationary,full_resample,optimal,10024,100.87052917480469,1.0,0.0,discrete
nonstationary,full_resample,optimal,10025,115.77240753173828,1.0,0.0,discrete
nonstationary,full_resample,optimal,10026,116.22496795654297,1.0,0.0,discrete
nonstationary,full_resample,optimal,10027,106.95921325683594,1.0,0.0,discrete
nonstationary,full_resample,optimal,10028,109.09746551513672,1.0,0.0,discrete
nonstationary,full_resample,optimal,10029,108.51185607910156,1.0,0.0,discrete
nonstationary,full_resample,optimal,10030,114.83250427246094,1.0,0.0,discrete
nonstationary,full_resample,optimal,10031,118.07527160644531,1.0,0.0,discrete
nonstationary,full_resample,optimal,10032,107.26560974121094,1.0,0.0,discrete
nonstationary,full_resample,optimal,10033,118.89892578125,1.0,0.0,discrete
nonstationary,full_resample,optimal,10034,115.47291564941406,1.0,0.0,discrete
nonstationary,full_resample,optimal,10035,113.44618225097656,1.0,0.0,discrete
nonstationary,full_resample,optimal,10036,118.01409912109375,1.0,0.0,discrete
nonstationary,full_resample,optimal,10037,102.60734558105469,1.0,0.0,discrete
nonstationary,full_resample,optimal,10038,109.9742431640625,1.0,0.0,discrete
nonstationary,full_resample,optimal,10039,106.40740203857422,1.0,0.0,discrete
nonstationary,full_resample,optimal,10040,115.741943359375,1.0,0.0,discrete
nonstationary,full_resample,optimal,10041,113.13487243652344,1.0,0.0,discrete
nonstationary,full_resample,optimal,10042,111.87903594970703,1.0,0.0,discrete
nonstationary,full_resample,optimal,10043,109.67408752441406,1.0,0.0,discrete
nonstationary,full_resample,optimal,10044,112.89361572265625,1.0,0.0,discrete
nonstationary,full_resample,optimal,10045,113.8197021484375,1.0,0.0,discrete
nonstationary,full_resample,optimal,10046,115.65681457519531,1.0,0.0,discrete
nonstationary,full_resample,optimal,10047,110.93257141113281,1.0,0.0,discrete
nonstationary,full_resample,optimal,10048,115.27439880371094,1.0,0.0,discrete
nonstationary,full_resample,epsgreedy,9999,74.46404266357422,0.26666666666666666,29.777758598327637,discrete
nonstationary,full_resample,epsgreedy,10000,86.5628662109375,0.35333333333333333,31.203936100006104,discrete
nonstationary,full_resample,epsgreedy,10001,75.10765838623047,0.32,35.96853160858154,discrete
nonstationary,full_resample,epsgreedy,10002,82.99150085449219,0.18666666666666668,36.66232967376709,discrete
nonstationary,full_resample,epsgreedy,10003,78.74900817871094,0.18666666666666668,41.4764838218689,discrete
nonstationary,full_resample,epsgreedy,10004,82.94357299804688,0.38,30.719815254211426,discrete
nonstationary,full_resample,epsgreedy,10005,69.77491760253906,0.17333333333333334,37.27165222167969,discrete
nonstationary,full_resample,epsgreedy,10006,84.61390686035156,0.32666666666666666,28.13446283340454,discrete
nonstationary,full_resample,epsgreedy,10007,79.96658325195312,0.24,31.50720739364624,discrete
nonstationary,full_resample,epsgreedy,10008,78.84163665771484,0.46,30.049041748046875,discrete
nonstationary,full_resample,epsgreedy,10009,65.69970703125,0.20666666666666667,52.83439111709595,discrete
nonstationary,full_resample,epsgreedy,10010,74.26215362548828,0.36666666666666664,34.57728147506714,discrete
nonstationary,full_resample,epsgreedy,10011,68.0129165649414,0.14,38.682918071746826,discrete
nonstationary,full_resample,epsgreedy,10012,65.83576965332031,0.22,57.876060009002686,discrete
nonstationary,full_resample,epsgreedy,10013,67.178955078125,0.19333333333333333,29.920828342437744,discrete
nonstationary,full_resample,epsgreedy,10014,75.49075317382812,0.26666666666666666,40.786848068237305,discrete
nonstationary,full_resample,epsgreedy,10015,86.4358901977539,0.19333333333333333,24.572150707244873,discrete
nonstationary,full_resample,epsgreedy,10016,65.96641540527344,0.17333333333333334,35.16969919204712,discrete
nonstationary,full_resample,epsgreedy,10017,67.44464874267578,0.31333333333333335,39.95346927642822,discrete
nonstationary,full_resample,epsgreedy,10018,81.63032531738281,0.30666666666666664,34.30673599243164,discrete
nonstationary,full_resample,epsgreedy,10019,87.78630065917969,0.30666666666666664,28.722069263458252,discrete
nonstationary,full_resample,epsgreedy,10020,77.68597412109375,0.31333333333333335,29.843339920043945,discrete
nonstationary,full_resample,epsgreedy,10021,66.46633911132812,0.26,39.391348361968994,discrete
nonstationary,full_resample,epsgreedy,10022,75.33097076416016,0.35333333333333333,38.26086759567261,discrete
nonstationary,full_resample,epsgreedy,10023,77.07109069824219,0.38666666666666666,34.54783296585083,discrete
nonstationary,full_resample,epsgreedy,10024,71.16703796386719,0.31333333333333335,31.374125480651855,discrete
nonstationary,full_resample,epsgreedy,10025,88.16357421875,0.4,25.04439067840576,discrete
nonstationary,full_resample,epsgreedy,10026,91.83583068847656,0.49333333333333335,24.818870544433594,discrete
nonstationary,full_resample,epsgreedy,10027,84.62118530273438,0.38,23.24718427658081,discrete
nonstationary,full_resample,epsgreedy,10028,76.23126220703125,0.15333333333333332,31.878931045532227,discrete
nonstationary,full_resample,epsgreedy,10029,77.2031021118164,0.25333333333333335,34.91931915283203,discrete
nonstationary,full_resample,epsgreedy,10030,83.78358459472656,0.41333333333333333,26.731611728668213,discrete
nonstationary,full_resample,epsgreedy,10031,91.58911895751953,0.5066666666666667,25.939693927764893,discrete
nonstationary,full_resample,epsgreedy,10032,75.78376770019531,0.2866666666666667,31.135443687438965,discrete
nonstationary,full_resample,epsgreedy,10033,83.76018524169922,0.49333333333333335,36.118215560913086,discrete
nonstationary,full_resample,epsgreedy,10034,81.28759765625,0.25333333333333335,32.0728816986084,discrete
nonstationary,full_resample,epsgreedy,10035,74.19010925292969,0.13333333333333333,38.783724784851074,discrete
nonstationary,full_resample,epsgreedy,10036,81.70635986328125,0.32,38.758434772491455,discrete
nonstationary,full_resample,epsgreedy,10037,86.33695983886719,0.15333333333333332,17.51328134536743,discrete
nonstationary,full_resample,epsgreedy,10038,75.02774047851562,0.31333333333333335,33.95643472671509,discrete
nonstationary,full_resample,epsgreedy,10039,57.75405502319336,0.07333333333333333,47.79909944534302,discrete
nonstationary,full_resample,epsgreedy,10040,81.50419616699219,0.34,37.090803146362305,discrete
nonstationary,full_resample,epsgreedy,10041,76.13050842285156,0.20666666666666667,35.67372941970825,discrete
nonstationary,full_resample,epsgreedy,10042,81.7979736328125,0.36666666666666664,28.03908109664917,discrete
nonstationary,full_resample,epsgreedy,10043,87.09663391113281,0.4666666666666667,23.93687629699707,discrete
nonstationary,full_resample,epsgreedy,10044,78.19788360595703,0.34,34.19596529006958,discrete
nonstationary,full_resample,epsgreedy,10045,88.73372650146484,0.44666666666666666,22.695932388305664,discrete
nonstationary,full_resample,epsgreedy,10046,74.71279907226562,0.30666666666666664,37.73022413253784,discrete
nonstationary,full_resample,epsgreedy,10047,70.65306091308594,0.20666666666666667,40.30049753189087,discrete
nonstationary,full_resample,epsgreedy,10048,72.12136840820312,0.24666666666666667,40.402626037597656,discrete
nonstationary,full_resample,greedy,9999,70.4993896484375,0.24666666666666667,32.05115604400635,discrete
nonstationary,full_resample,greedy,10000,77.19351959228516,0.22666666666666666,41.081214427948,discrete
nonstationary,full_resample,greedy,10001,64.92904663085938,0.16,45.85440492630005,discrete
nonstationary,full_resample,greedy,10002,92.749267578125,0.3333333333333333,24.89826011657715,discrete
nonstationary,full_resample,greedy,10003,90.6009521484375,0.38,31.17209815979004,discrete
nonstationary,full_resample,greedy,10004,82.54158020019531,0.35333333333333333,31.75758647918701,discrete
nonstationary,full_resample,greedy,10005,70.78010559082031,0.18,42.49589443206787,discrete
nonstationary,full_resample,greedy,10006,84.73423767089844,0.36666666666666664,27.66363525390625,discrete
nonstationary,full_resample,greedy,10007,68.293212890625,0.24,49.00172996520996,discrete
nonstationary,full_resample,greedy,10008,82.24893188476562,0.52,26.05928611755371,discrete
nonstationary,full_resample,greedy,10009,74.71519470214844,0.25333333333333335,44.38745880126953,discrete
nonstationary,full_resample,greedy,10010,64.34976959228516,0.3,44.02473497390747,discrete
nonstationary,full_resample,greedy,10011,78.51992797851562,0.20666666666666667,28.313522815704346,discrete
nonstationary,full_resample,greedy,10012,58.293453216552734,0.14,66.86481428146362,discrete
nonstationary,full_resample,greedy,10013,61.729461669921875,0.12666666666666668,40.8480749130249,discrete
nonstationary,full_resample,greedy,10014,80.71894836425781,0.32666666666666666,33.6184344291687,discrete
nonstationary,full_resample,greedy,10015,92.53633117675781,0.20666666666666667,19.697493076324463,discrete
nonstationary,full_resample,greedy,10016,65.59284973144531,0.13333333333333333,36.00172805786133,discrete
nonstationary,full_resample,greedy,10017,64.4019775390625,0.26,43.31635522842407,discrete
nonstationary,full_resample,greedy,10018,79.58628845214844,0.35333333333333333,35.66534757614136,discrete
nonstationary,full_resample,greedy,10019,85.14351654052734,0.28,30.746803283691406,discrete
nonstationary,full_resample,greedy,10020,67.3030776977539,0.16666666666666666,39.964513301849365,discrete
nonstationary,full_resample,greedy,10021,65.62638854980469,0.31333333333333335,40.40426158905029,discrete
nonstationary,full_resample,greedy,10022,70.6986083984375,0.25333333333333335,39.413172245025635,discrete
nonstationary,full_resample,greedy,10023,72.53235626220703,0.32,39.29889154434204,discrete
nonstationary,full_resample,greedy,10024,71.795166015625,0.44,28.139473915100098,discrete
nonstationary,full_resample,greedy,10025,85.453125,0.18,29.35756206512451,discrete
nonstationary,full_resample,greedy,10026,92.01103210449219,0.52,24.380236625671387,discrete
nonstationary,full_resample,greedy,10027,81.71228790283203,0.35333333333333333,26.50383710861206,discrete
nonstationary,full_resample,greedy,10028,58.846282958984375,0.0,46.697914600372314,discrete
nonstationary,full_resample,greedy,10029,75.43441772460938,0.15333333333333332,33.7274603843689,discrete
nonstationary,full_resample,greedy,10030,75.83085632324219,0.14666666666666667,32.604111671447754,discrete
nonstationary,full_resample,greedy,10031,81.83346557617188,0.5,35.25465440750122,discrete
nonstationary,full_resample,greedy,10032,79.13008117675781,0.28,28.83417558670044,discrete
nonstationary,full_resample,greedy,10033,64.22843933105469,0.2,56.80854415893555,discrete
nonstationary,full_resample,greedy,10034,82.19253540039062,0.21333333333333335,33.93155765533447,discrete
nonstationary,full_resample,greedy,10035,72.99522399902344,0.08,40.35076713562012,discrete
nonstationary,full_resample,greedy,10036,83.13690948486328,0.32666666666666666,37.510066986083984,discrete
nonstationary,full_resample,greedy,10037,80.77803039550781,0.22666666666666666,22.27660608291626,discrete
nonstationary,full_resample,greedy,10038,78.35232543945312,0.4,30.143095016479492,discrete
nonstationary,full_resample,greedy,10039,48.98419952392578,0.04666666666666667,56.02363395690918,discrete
nonstationary,full_resample,greedy,10040,79.77976989746094,0.4266666666666667,38.51193618774414,discrete
nonstationary,full_resample,greedy,10041,80.9657211303711,0.3333333333333333,30.207729816436768,discrete
nonstationary,full_resample,greedy,10042,83.27940368652344,0.36666666666666664,26.411715984344482,discrete
nonstationary,full_resample,greedy,10043,84.14598083496094,0.32666666666666666,28.246960163116455,discrete
nonstationary,full_resample,greedy,10044,63.750205993652344,0.08666666666666667,48.63998603820801,discrete
nonstationary,full_resample,greedy,10045,84.46977233886719,0.36,27.91442632675171,discrete
nonstationary,full_resample,greedy,10046,74.23503112792969,0.3,39.47458839416504,discrete
nonstationary,full_resample,greedy,10047,70.73445129394531,0.2,40.37809181213379,discrete
nonstationary,full_resample,greedy,10048,60.06009292602539,0.16666666666666666,54.33975887298584,discrete
nonstationary,full_resample,random,9999,70.05915832519531,0.24666666666666667,34.507593631744385,discrete
nonstationary,full_resample,random,10000,78.24070739746094,0.34,37.14071083068848,discrete
nonstationary,full_resample,random,10001,77.61551666259766,0.3,33.05622720718384,discrete
nonstationary,full_resample,random,10002,88.92536926269531,0.3466666666666667,32.01460552215576,discrete
nonstationary,full_resample,random,10003,81.62101745605469,0.3,41.011155128479004,discrete
nonstationary,full_resample,random,10004,73.54529571533203,0.2733333333333333,41.165223598480225,discrete
nonstationary,full_resample,random,10005,75.29116821289062,0.28,36.97682523727417,discrete
nonstationary,full_resample,random,10006,80.03022003173828,0.3466666666666667,32.740647315979004,discrete
nonstationary,full_resample,random,10007,74.66410827636719,0.23333333333333334,40.92898607254028,discrete
nonstationary,full_resample,random,10008,67.6650390625,0.28,38.16127586364746,discrete
nonstationary,full_resample,random,10009,82.29975891113281,0.22666666666666666,37.607547760009766,discrete
nonstationary,full_resample,random,10010,68.29801940917969,0.18666666666666668,42.33080863952637,discrete
nonstationary,full_resample,random,10011,74.640869140625,0.26,29.705348014831543,discrete
nonstationary,full_resample,random,10012,79.69099426269531,0.31333333333333335,44.2428035736084,discrete
nonstationary,full_resample,random,10013,71.81755065917969,0.24,29.158665657043457,discrete
nonstationary,full_resample,random,10014,77.01606750488281,0.31333333333333335,42.29592800140381,discrete
nonstationary,full_resample,random,10015,76.26206970214844,0.17333333333333334,34.850711822509766,discrete
nonstationary,full_resample,random,10016,67.99583435058594,0.26666666666666666,32.44292402267456,discrete
nonstationary,full_resample,random,10017,69.14076232910156,0.26,38.1890606880188,discrete
nonstationary,full_resample,random,10018,80.2412109375,0.23333333333333334,38.33088445663452,discrete
nonstationary,full_resample,random,10019,80.03764343261719,0.26666666666666666,31.61535930633545,discrete
nonstationary,full_resample,random,10020,74.76380920410156,0.22,34.526023864746094,discrete
nonstationary,full_resample,random,10021,70.03770446777344,0.24,33.24709701538086,discrete
nonstationary,full_resample,random,10022,71.67967987060547,0.23333333333333334,37.782209396362305,discrete
nonstationary,full_resample,random,10023,73.34811401367188,0.24666666666666667,39.11135292053223,discrete
nonstationary,full_resample,random,10024,73.727294921875,0.26666666666666666,28.208383560180664,discrete
nonstationary,full_resample,random,10025,81.21240234375,0.24,35.66998767852783,discrete
nonstationary,full_resample,random,10026,77.8819580078125,0.18666666666666668,40.34023332595825,discrete
nonstationary,full_resample,random,10027,75.80138397216797,0.22666666666666666,32.425065994262695,discrete
nonstationary,full_resample,random,10028,73.25849914550781,0.30666666666666664,37.53590631484985,discrete
nonstationary,full_resample,random,10029,80.86925506591797,0.25333333333333335,32.3594331741333,discrete
nonstationary,full_resample,random,10030,74.11820983886719,0.23333333333333334,36.37088394165039,discrete
nonstationary,full_resample,random,10031,78.19376373291016,0.28,39.98523998260498,discrete
nonstationary,full_resample,random,10032,71.5904541015625,0.23333333333333334,35.667359828948975,discrete
nonstationary,full_resample,random,10033,78.53898620605469,0.26666666666666666,39.81541347503662,discrete
nonstationary,full_resample,random,10034,78.67069244384766,0.19333333333333333,35.705968379974365,discrete
nonstationary,full_resample,random,10035,80.12625122070312,0.32666666666666666,30.787052631378174,discrete
nonstationary,full_resample,random,10036,84.22847747802734,0.32,36.63435506820679,discrete
nonstationary,full_resample,random,10037,83.02230834960938,0.22666666666666666,21.320595741271973,discrete
nonstationary,full_resample,random,10038,69.8502197265625,0.16666666666666666,39.68150806427002,discrete
nonstationary,full_resample,random,10039,66.41529846191406,0.22666666666666666,40.73068380355835,discrete
nonstationary,full_resample,random,10040,76.62024688720703,0.26,43.05698871612549,discrete
nonstationary,full_resample,random,10041,68.79058837890625,0.19333333333333333,38.72688817977905,discrete
nonstationary,full_resample,random,10042,73.68577575683594,0.26,36.34221315383911,discrete
nonstationary,full_resample,random,10043,70.54017639160156,0.22,41.383299827575684,discrete
nonstationary,full_resample,random,10044,75.44568634033203,0.2866666666666667,37.230478286743164,discrete
nonstationary,full_resample,random,10045,77.28959655761719,0.2866666666666667,33.734267711639404,discrete
nonstationary,full_resample,random,10046,75.54495239257812,0.28,39.98438596725464,discrete
nonstationary,full_resample,random,10047,75.22473907470703,0.26,35.34360456466675,discrete
nonstationary,full_resample,random,10048,74.56136322021484,0.22666666666666666,39.15616464614868,discrete
nonstationary,full_resample,optimal_frozen,9999,73.89009094238281,0.38666666666666666,29.604138374328613,discrete
nonstationary,full_resample,optimal_frozen,10000,78.98881530761719,0.43333333333333335,39.44704580307007,discrete
nonstationary,full_resample,optimal_frozen,10001,84.27061462402344,0.5866666666666667,26.9065523147583,discrete
nonstationary,full_resample,optimal_frozen,10002,87.91549682617188,0.37333333333333335,33.69837236404419,discrete
nonstationary,full_resample,optimal_frozen,10003,78.58001708984375,0.5066666666666667,41.39467430114746,discrete
nonstationary,full_resample,optimal_frozen,10004,88.17530822753906,0.64,24.412718772888184,discrete
nonstationary,full_resample,optimal_frozen,10005,88.5792465209961,0.3933333333333333,21.58374309539795,discrete
nonstationary,full_resample,optimal_frozen,10006,92.74693298339844,0.7,16.210079193115234,discrete
nonstationary,full_resample,optimal_frozen,10007,90.0941162109375,0.5266666666666666,22.80059289932251,discrete
nonstationary,full_resample,optimal_frozen,10008,70.49684143066406,0.37333333333333335,35.15536975860596,discrete
nonstationary,full_resample,optimal_frozen,10009,79.46984100341797,0.3333333333333333,39.93155097961426,discrete
nonstationary,full_resample,optimal_frozen,10010,79.52247619628906,0.43333333333333335,34.5290961265564,discrete
nonstationary,full_resample,optimal_frozen,10011,78.41618347167969,0.41333333333333333,28.807883262634277,discrete
nonstationary,full_resample,optimal_frozen,10012,92.05335998535156,0.5533333333333333,33.09619903564453,discrete
nonstationary,full_resample,optimal_frozen,10013,89.13505554199219,0.41333333333333333,13.21206521987915,discrete
nonstationary,full_resample,optimal_frozen,10014,84.78636169433594,0.4266666666666667,33.64244985580444,discrete
nonstationary,full_resample,optimal_frozen,10015,102.10934448242188,0.6933333333333334,11.356330871582031,discrete
nonstationary,full_resample,optimal_frozen,10016,76.23358154296875,0.3933333333333333,22.354247570037842,discrete
nonstationary,full_resample,optimal_frozen,10017,72.7720947265625,0.3333333333333333,34.67473554611206,discrete
nonstationary,full_resample,optimal_frozen,10018,102.27137756347656,0.5533333333333333,14.262259006500244,discrete
nonstationary,full_resample,optimal_frozen,10019,94.71804809570312,0.48,17.64675283432007,discrete
nonstationary,full_resample,optimal_frozen,10020,71.17400360107422,0.3333333333333333,37.27294969558716,discrete
nonstationary,full_resample,optimal_frozen,10021,82.85475158691406,0.56,22.85468864440918,discrete
nonstationary,full_resample,optimal_frozen,10022,79.56818389892578,0.46,29.292940616607666,discrete
nonstationary,full_resample,optimal_frozen,10023,86.43070220947266,0.5133333333333333,27.429506301879883,discrete
nonstationary,full_resample,optimal_frozen,10024,86.86865234375,0.6266666666666667,12.551800727844238,discrete
nonstationary,full_resample,optimal_frozen,10025,93.65158081054688,0.58,20.040131092071533,discrete
nonstationary,full_resample,optimal_frozen,10026,79.17301940917969,0.3333333333333333,36.332672119140625,discrete
nonstationary,full_resample,optimal_frozen,10027,88.87257385253906,0.5933333333333334,18.46547842025757,discrete
nonstationary,full_resample,optimal_frozen,10028,94.27610778808594,0.48,17.15625524520874,discrete
nonstationary,full_resample,optimal_frozen,10029,91.32344055175781,0.49333333333333335,17.937740325927734,discrete
nonstationary,full_resample,optimal_frozen,10030,77.678466796875,0.3933333333333333,37.84208297729492,discrete
nonstationary,full_resample,optimal_frozen,10031,106.82830810546875,0.7333333333333333,10.895256042480469,discrete
nonstationary,full_resample,optimal_frozen,10032,91.18790435791016,0.6466666666666666,14.335987567901611,discrete
nonstationary,full_resample,optimal_frozen,10033,83.82232666015625,0.4533333333333333,33.323904514312744,discrete
nonstationary,full_resample,optimal_frozen,10034,88.82876586914062,0.42,27.471089839935303,discrete
nonstationary,full_resample,optimal_frozen,10035,85.83612060546875,0.3333333333333333,26.13216495513916,discrete
nonstationary,full_resample,optimal_frozen,10036,68.76514434814453,0.36,46.694947242736816,discrete
nonstationary,full_resample,optimal_frozen,10037,93.08213806152344,0.5733333333333334,10.024831771850586,discrete
nonstationary,full_resample,optimal_frozen,10038,80.49378204345703,0.44,28.446752548217773,discrete
nonstationary,full_resample,optimal_frozen,10039,77.55485534667969,0.4066666666666667,28.709566116333008,discrete
nonstationary,full_resample,optimal_frozen,10040,99.1648178100586,0.66,17.090216159820557,discrete
nonstationary,full_resample,optimal_frozen,10041,71.5065689086914,0.3333333333333333,39.40828037261963,discrete
nonstationary,full_resample,optimal_frozen,10042,83.0176773071289,0.3333333333333333,30.28662919998169,discrete
nonstationary,full_resample,optimal_frozen,10043,91.37089538574219,0.42,18.445175170898438,discrete
nonstationary,full_resample,optimal_frozen,10044,87.43531799316406,0.5,25.236076831817627,discrete
nonstationary,full_resample,optimal_frozen,10045,101.13182067871094,0.76,11.141340255737305,discrete
nonstationary,full_resample,optimal_frozen,10046,85.72544860839844,0.38,29.0724515914917,discrete
nonstationary,full_resample,optimal_frozen,10047,85.99972534179688,0.48,24.337707042694092,discrete
nonstationary,full_resample,optimal_frozen,10048,84.51876068115234,0.3333333333333333,30.022226810455322,discrete
nonstationary,contrast_permute,tf_legacy,9999,43.59999465942383,0.25333333333333335,106.39998054504395,discrete
nonstationary,contrast_permute,tf_legacy,10000,24.599998474121094,0.12,125.39997482299805,discrete
nonstationary,contrast_permute,tf_legacy,10001,15.100000381469727,0.05333333333333334,134.90002632141113,discrete
nonstationary,contrast_permute,tf_legacy,10002,35.04999923706055,0.19333333333333333,114.94997692108154,discrete
nonstationary,contrast_permute,tf_legacy,10003,42.64999771118164,0.24666666666666667,107.34998512268066,discrete
nonstationary,contrast_permute,tf_legacy,10004,56.899993896484375,0.3466666666666667,93.1000747680664,discrete
nonstationary,contrast_permute,tf_legacy,10005,65.44999694824219,0.4066666666666667,84.54999828338623,discrete
nonstationary,contrast_permute,tf_legacy,10006,38.84999465942383,0.22,111.149977684021,discrete
nonstationary,contrast_permute,tf_legacy,10007,37.89999771118164,0.21333333333333335,112.09997749328613,discrete
nonstationary,contrast_permute,tf_legacy,10008,7.500000476837158,0.0,142.50004768371582,discrete
nonstationary,contrast_permute,tf_legacy,10009,53.099998474121094,0.32,96.89998054504395,discrete
nonstationary,contrast_permute,tf_legacy,10010,45.49999237060547,0.26666666666666666,104.49998378753662,discrete
nonstationary,contrast_permute,tf_legacy,10011,74.94999694824219,0.47333333333333333,75.05002784729004,discrete
nonstationary,contrast_permute,tf_legacy,10012,15.100000381469727,0.05333333333333334,134.8999729156494,discrete
nonstationary,contrast_permute,tf_legacy,10013,32.19999694824219,0.17333333333333334,117.79997634887695,discrete
nonstationary,contrast_permute,tf_legacy,10014,39.79999923706055,0.22666666666666666,110.1999864578247,discrete
nonstationary,contrast_permute,tf_legacy,10015,45.49999237060547,0.26666666666666666,104.50000476837158,discrete
nonstationary,contrast_permute,tf_legacy,10016,37.899993896484375,0.21333333333333335,112.09997749328613,discrete
nonstationary,contrast_permute,tf_legacy,10017,39.79999923706055,0.22666666666666666,110.19997787475586,discrete
nonstationary,contrast_permute,tf_legacy,10018,31.25,0.16666666666666666,118.75004196166992,discrete
nonstationary,contrast_permute,tf_legacy,10019,46.44999694824219,0.2733333333333333,103.5499963760376,discrete
nonstationary,contrast_permute,tf_legacy,10020,42.649993896484375,0.24666666666666667,107.34997844696045,discrete
nonstationary,contrast_permute,tf_legacy,10021,45.499996185302734,0.26666666666666666,104.49997901916504,discrete
nonstationary,contrast_permute,tf_legacy,10022,25.549999237060547,0.12666666666666668,124.450026512146,discrete
nonstationary,contrast_permute,tf_legacy,10023,17.0,0.06666666666666667,132.99997329711914,discrete
nonstationary,contrast_permute,tf_legacy,10024,47.399993896484375,0.28,102.59997940063477,discrete
nonstationary,contrast_permute,tf_legacy,10025,34.09999084472656,0.18666666666666668,115.89997673034668,discrete
nonstationary,contrast_permute,tf_legacy,10026,63.54999542236328,0.3933333333333333,86.44999694824219,discrete
nonstationary,contrast_permute,tf_legacy,10027,41.69999313354492,0.24,108.3000431060791,discrete
nonstationary,contrast_permute,tf_legacy,10028,17.94999885559082,0.07333333333333333,132.049973487854,discrete
nonstationary,contrast_permute,tf_legacy,10029,29.349998474121094,0.15333333333333332,120.64997577667236,discrete
nonstationary,contrast_permute,tf_legacy,10030,49.29999542236328,0.29333333333333333,100.69999885559082,discrete
nonstationary,contrast_permute,tf_legacy,10031,33.149993896484375,0.18,116.84997653961182,discrete
nonstationary,contrast_permute,tf_legacy,10032,46.44999694824219,0.2733333333333333,103.5499792098999,discrete
nonstationary,contrast_permute,tf_legacy,10033,57.849998474121094,0.35333333333333333,92.14999103546143,discrete
nonstationary,contrast_permute,tf_legacy,10034,33.149993896484375,0.18,116.84999465942383,discrete
nonstationary,contrast_permute,tf_legacy,10035,34.09999465942383,0.18666666666666668,115.89999389648438,discrete
nonstationary,contrast_permute,tf_legacy,10036,47.39999771118164,0.28,102.60000896453857,discrete
nonstationary,contrast_permute,tf_legacy,10037,50.24999237060547,0.3,99.74997997283936,discrete
nonstationary,contrast_permute,tf_legacy,10038,33.149993896484375,0.18,116.84998035430908,discrete
nonstationary,contrast_permute,tf_legacy,10039,43.59999084472656,0.25333333333333335,106.39997863769531,discrete
nonstationary,contrast_permute,tf_legacy,10040,55.94999694824219,0.34,94.04999828338623,discrete
nonstationary,contrast_permute,tf_legacy,10041,43.599998474121094,0.25333333333333335,106.40005779266357,discrete
nonstationary,contrast_permute,tf_legacy,10042,60.69999694824219,0.37333333333333335,89.29998207092285,discrete
nonstationary,contrast_permute,tf_legacy,10043,24.599998474121094,0.12,125.39999103546143,discrete
nonstationary,contrast_permute,tf_legacy,10044,35.04999542236328,0.19333333333333333,114.94997692108154,discrete
nonstationary,contrast_permute,tf_legacy,10045,44.54999542236328,0.26,105.44998264312744,discrete
nonstationary,contrast_permute,tf_legacy,10046,42.649993896484375,0.24666666666666667,107.35001277923584,discrete
nonstationary,contrast_permute,tf_legacy,10047,23.64999771118164,0.11333333333333333,126.34997463226318,discrete
nonstationary,contrast_permute,tf_legacy,10048,43.59999465942383,0.25333333333333335,106.39997863769531,discrete
nonstationary,contrast_permute,tf_self,9999,25.55000114440918,0.12666666666666668,124.44999122619629,discrete
nonstationary,contrast_permute,tf_self,10000,41.69999694824219,0.24,108.29997825622559,discrete
nonstationary,contrast_permute,tf_self,10001,13.19999885559082,0.04,136.80002880096436,discrete
nonstationary,contrast_permute,tf_self,10002,35.04999923706055,0.19333333333333333,114.94997692108154,discrete
nonstationary,contrast_permute,tf_self,10003,14.149999618530273,0.04666666666666667,135.8499813079834,discrete
nonstationary,contrast_permute,tf_self,10004,56.899993896484375,0.3466666666666667,93.1000747680664,discrete
nonstationary,contrast_permute,tf_self,10005,28.39999771118164,0.14666666666666667,121.5999984741211,discrete
nonstationary,contrast_permute,tf_self,10006,36.94999313354492,0.20666666666666667,113.04997730255127,discrete
nonstationary,contrast_permute,tf_self,10007,31.25,0.16666666666666666,118.74997615814209,discrete
nonstationary,contrast_permute,tf_self,10008,7.500000476837158,0.0,142.50004768371582,discrete
nonstationary,contrast_permute,tf_self,10009,90.14999389648438,0.58,59.84998798370361,discrete
nonstationary,contrast_permute,tf_self,10010,33.149993896484375,0.18,116.84999465942383,discrete
nonstationary,contrast_permute,tf_self,10011,74.94999694824219,0.47333333333333333,75.05002784729004,discrete
nonstationary,contrast_permute,tf_self,10012,54.04999542236328,0.32666666666666666,95.94998073577881,discrete
nonstationary,contrast_permute,tf_self,10013,58.79999542236328,0.36,91.19998168945312,discrete
nonstationary,contrast_permute,tf_self,10014,39.79999923706055,0.22666666666666666,110.1999864578247,discrete
nonstationary,contrast_permute,tf_self,10015,45.49999237060547,0.26666666666666666,104.50000476837158,discrete
nonstationary,contrast_permute,tf_self,10016,25.54999542236328,0.12666666666666668,124.44997501373291,discrete
nonstationary,contrast_permute,tf_self,10017,40.74999237060547,0.23333333333333334,109.24997806549072,discrete
nonstationary,contrast_permute,tf_self,10018,31.25,0.16666666666666666,118.75004196166992,discrete
nonstationary,contrast_permute,tf_self,10019,78.75,0.5,71.24998664855957,discrete
nonstationary,contrast_permute,tf_self,10020,28.399993896484375,0.14666666666666667,121.5999755859375,discrete
nonstationary,contrast_permute,tf_self,10021,45.499996185302734,0.26666666666666666,104.49997901916504,discrete
nonstationary,contrast_permute,tf_self,10022,25.549999237060547,0.12666666666666668,124.450026512146,discrete
nonstationary,contrast_permute,tf_self,10023,33.149993896484375,0.18,116.84997653961182,discrete
nonstationary,contrast_permute,tf_self,10024,51.19999694824219,0.30666666666666664,98.79998016357422,discrete
nonstationary,contrast_permute,tf_self,10025,34.09999084472656,0.18666666666666668,115.89997673034668,discrete
nonstationary,contrast_permute,tf_self,10026,37.900001525878906,0.21333333333333335,112.1000165939331,discrete
nonstationary,contrast_permute,tf_self,10027,45.49999237060547,0.26666666666666666,104.5000524520874,discrete
nonstationary,contrast_permute,tf_self,10028,40.749996185302734,0.23333333333333334,109.24997806549072,discrete
nonstationary,contrast_permute,tf_self,10029,29.349998474121094,0.15333333333333332,120.64997577667236,discrete
nonstationary,contrast_permute,tf_self,10030,21.75,0.1,128.25000190734863,discrete
nonstationary,contrast_permute,tf_self,10031,33.149993896484375,0.18,116.84997653961182,discrete
nonstationary,contrast_permute,tf_self,10032,41.69999694824219,0.24,108.29997825622559,discrete
nonstationary,contrast_permute,tf_self,10033,57.849998474121094,0.35333333333333333,92.14998626708984,discrete
nonstationary,contrast_permute,tf_self,10034,52.149993896484375,0.31333333333333335,97.85000991821289,discrete
nonstationary,contrast_permute,tf_self,10035,54.04999542236328,0.32666666666666666,95.94998073577881,discrete
nonstationary,contrast_permute,tf_self,10036,47.39999771118164,0.28,102.60000896453857,discrete
nonstationary,contrast_permute,tf_self,10037,28.400001525878906,0.14666666666666667,121.5999755859375,discrete
nonstationary,contrast_permute,tf_self,10038,60.69999694824219,0.37333333333333335,89.29998588562012,discrete
nonstationary,contrast_permute,tf_self,10039,55.94999313354492,0.34,94.04998111724854,discrete
nonstationary,contrast_permute,tf_self,10040,35.999996185302734,0.2,113.99999713897705,discrete
nonstationary,contrast_permute,tf_self,10041,43.599998474121094,0.25333333333333335,106.40005779266357,discrete
nonstationary,contrast_permute,tf_self,10042,60.69999694824219,0.37333333333333335,89.29998207092285,discrete
nonstationary,contrast_permute,tf_self,10043,80.6500015258789,0.5133333333333333,69.34998607635498,discrete
nonstationary,contrast_permute,tf_self,10044,37.899993896484375,0.21333333333333335,112.09997749328613,discrete
nonstationary,contrast_permute,tf_self,10045,20.799999237060547,0.09333333333333334,129.19997692108154,discrete
nonstationary,contrast_permute,tf_self,10046,42.649993896484375,0.24666666666666667,107.35001277923584,discrete
nonstationary,contrast_permute,tf_self,10047,47.400001525878906,0.28,102.59997940063477,discrete
nonstationary,contrast_permute,tf_self,10048,63.54999923706055,0.3933333333333333,86.44998264312744,discrete
nonstationary,contrast_permute,optimal,9999,150.0,1.0,0.0,discrete
nonstationary,contrast_permute,optimal,10000,150.0,1.0,0.0,discrete
nonstationary,contrast_permute,optimal,10001,150.0,1.0,0.0,discrete
nonstationary,contrast_permute,optimal,10002,150.0,1.0,0.0,discrete
nonstationary,contrast_permute,optimal,10003,150.0,1.0,0.0,discrete
nonstationary,contrast_permute,optimal,10004,150.0,1.0,0.0,discrete
nonstationary,contrast_permute,optimal,10005,150.0,1.0,0.0,discrete
nonstationary,contrast_permute,optimal,10006,150.0,1.0,0.0,discrete
nonstationary,contrast_permute,optimal,10007,150.0,1.0,0.0,discrete
nonstationary,contrast_permute,optimal,10008,150.0,1.0,0.0,discrete
nonstationary,contrast_permute,optimal,10009,150.0,1.0,0.0,discrete
nonstationary,contrast_permute,optimal,10010,150.0,1.0,0.0,discrete
nonstationary,contrast_permute,optimal,10011,150.0,1.0,0.0,discrete
nonstationary,contrast_permute,optimal,10012,150.0,1.0,0.0,discrete
nonstationary,contrast_permute,optimal,10013,150.0,1.0,0.0,discrete
nonstationary,contrast_permute,optimal,10014,150.0,1.0,0.0,discrete
nonstationary,contrast_permute,optimal,10015,150.0,1.0,0.0,discrete
nonstationary,contrast_permute,optimal,10016,150.0,1.0,0.0,discrete
nonstationary,contrast_permute,optimal,10017,150.0,1.0,0.0,discrete
nonstationary,contrast_permute,optimal,10018,150.0,1.0,0.0,discrete
nonstationary,contrast_permute,optimal,10019,150.0,1.0,0.0,discrete
nonstationary,contrast_permute,optimal,10020,150.0,1.0,0.0,discrete
nonstationary,contrast_permute,optimal,10021,150.0,1.0,0.0,discrete
nonstationary,contrast_permute,optimal,10022,150.0,1.0,0.0,discrete
nonstationary,contrast_permute,optimal,10023,150.0,1.0,0.0,discrete
nonstationary,contrast_permute,optimal,10024,150.0,1.0,0.0,discrete
nonstationary,contrast_permute,optimal,10025,150.0,1.0,0.0,discrete
nonstationary,contrast_permute,optimal,10026,150.0,1.0,0.0,discrete
nonstationary,contrast_permute,optimal,10027,150.0,1.0,0.0,discrete
nonstationary,contrast_permute,optimal,10028,150.0,1.0,0.0,discrete
nonstationary,contrast_permute,optimal,10029,150.0,1.0,0.0,discrete
nonstationary,contrast_permute,optimal,10030,150.0,1.0,0.0,discrete
nonstationary,contrast_permute,optimal,10031,150.0,1.0,0.0,discrete
nonstationary,contrast_permute,optimal,10032,150.0,1.0,0.0,discrete
nonstationary,contrast_permute,optimal,10033,150.0,1.0,0.0,discrete
nonstationary,contrast_permute,optimal,10034,150.0,1.0,0.0,discrete
nonstationary,contrast_permute,optimal,10035,150.0,1.0,0.0,discrete
nonstationary,contrast_permute,optimal,10036,150.0,1.0,0.0,discrete
nonstationary,contrast_permute,optimal,10037,150.0,1.0,0.0,discrete
nonstationary,contrast_permute,optimal,10038,150.0,1.0,0.0,discrete
nonstationary,contrast_permute,optimal,10039,150.0,1.0,0.0,discrete
nonstationary,contrast_permute,optimal,10040,150.0,1.0,0.0,discrete
nonstationary,contrast_permute,optimal,10041,150.0,1.0,0.0,discrete
nonstationary,contrast_permute,optimal,10042,150.0,1.0,0.0,discrete
nonstationary,contrast_permute,optimal,10043,150.0,1.0,0.0,discrete
nonstationary,contrast_permute,optimal,10044,150.0,1.0,0.0,discrete
nonstationary,contrast_permute,optimal,10045,150.0,1.0,0.0,discrete
nonstationary,contrast_permute,optimal,10046,150.0,1.0,0.0,discrete
nonstationary,contrast_permute,optimal,10047,150.0,1.0,0.0,discrete
nonstationary,contrast_permute,optimal,10048,150.0,1.0,0.0,discrete
nonstationary,contrast_permute,epsgreedy,9999,49.29999923706055,0.29333333333333333,100.70000648498535,discrete
nonstationary,contrast_permute,epsgreedy,10000,53.09999465942383,0.32,96.89998054504395,discrete
nonstationary,contrast_permute,epsgreedy,10001,66.39999389648438,0.41333333333333333,83.60000801086426,discrete
nonstationary,contrast_permute,epsgreedy,10002,70.19999694824219,0.44,79.79998397827148,discrete
nonstationary,contrast_permute,epsgreedy,10003,22.700000762939453,0.10666666666666667,127.29998874664307,discrete
nonstationary,contrast_permute,epsgreedy,10004,48.34999465942383,0.2866666666666667,101.65006446838379,discrete
nonstationary,contrast_permute,epsgreedy,10005,47.399993896484375,0.28,102.60000896453857,discrete
nonstationary,contrast_permute,epsgreedy,10006,51.19999694824219,0.30666666666666664,98.79998016357422,discrete
nonstationary,contrast_permute,epsgreedy,10007,49.29999542236328,0.29333333333333333,100.69997978210449,discrete
nonstationary,contrast_permute,epsgreedy,10008,63.54999923706055,0.3933333333333333,86.45003318786621,discrete
nonstationary,contrast_permute,epsgreedy,10009,71.14999389648438,0.44666666666666666,78.84998416900635,discrete
nonstationary,contrast_permute,epsgreedy,10010,40.74999237060547,0.23333333333333334,109.24999237060547,discrete
nonstationary,contrast_permute,epsgreedy,10011,58.79999542236328,0.36,91.20003318786621,discrete
nonstationary,contrast_permute,epsgreedy,10012,59.74999237060547,0.36666666666666664,90.24998188018799,discrete
nonstationary,contrast_permute,epsgreedy,10013,45.49999237060547,0.26666666666666666,104.49997901916504,discrete
nonstationary,contrast_permute,epsgreedy,10014,53.099998474121094,0.32,96.89999580383301,discrete
nonstationary,contrast_permute,epsgreedy,10015,74.0,0.4666666666666667,76.00001430511475,discrete
nonstationary,contrast_permute,epsgreedy,10016,84.44999694824219,0.54,65.54998683929443,discrete
nonstationary,contrast_permute,epsgreedy,10017,42.649993896484375,0.24666666666666667,107.34997844696045,discrete
nonstationary,contrast_permute,epsgreedy,10018,63.54999542236328,0.3933333333333333,86.45004272460938,discrete
nonstationary,contrast_permute,epsgreedy,10019,84.44999694824219,0.54,65.54998874664307,discrete
nonstationary,contrast_permute,epsgreedy,10020,48.34999465942383,0.2866666666666667,101.64997959136963,discrete
nonstationary,contrast_permute,epsgreedy,10021,69.25,0.43333333333333335,80.74998378753662,discrete
nonstationary,contrast_permute,epsgreedy,10022,35.04999923706055,0.19333333333333333,114.95002174377441,discrete
nonstationary,contrast_permute,epsgreedy,10023,55.94999694824219,0.34,94.04998111724854,discrete
nonstationary,contrast_permute,epsgreedy,10024,37.899993896484375,0.21333333333333335,112.09997749328613,discrete
nonstationary,contrast_permute,epsgreedy,10025,60.69999694824219,0.37333333333333335,89.29998207092285,discrete
nonstationary,contrast_permute,epsgreedy,10026,70.19999694824219,0.44,79.8000020980835,discrete
nonstationary,contrast_permute,epsgreedy,10027,53.09999465942383,0.32,96.90004920959473,discrete
nonstationary,contrast_permute,epsgreedy,10028,52.149993896484375,0.31333333333333335,97.84998035430908,discrete
nonstationary,contrast_permute,epsgreedy,10029,45.500003814697266,0.26666666666666666,104.49997901916504,discrete
nonstationary,contrast_permute,epsgreedy,10030,65.44999694824219,0.4066666666666667,84.55000305175781,discrete
nonstationary,contrast_permute,epsgreedy,10031,59.75,0.36666666666666664,90.24998188018799,discrete
nonstationary,contrast_permute,epsgreedy,10032,25.549997329711914,0.12666666666666668,124.44997501373291,discrete
nonstationary,contrast_permute,epsgreedy,10033,41.69999694824219,0.24,108.29999446868896,discrete
nonstationary,contrast_permute,epsgreedy,10034,69.25,0.43333333333333335,80.75000858306885,discrete
nonstationary,contrast_permute,epsgreedy,10035,46.44999694824219,0.2733333333333333,103.5499792098999,discrete
nonstationary,contrast_permute,epsgreedy,10036,73.05000305175781,0.46,76.94999980926514,discrete
nonstationary,contrast_permute,epsgreedy,10037,46.44999313354492,0.2733333333333333,103.5499792098999,discrete
nonstationary,contrast_permute,epsgreedy,10038,52.149993896484375,0.31333333333333335,97.84998035430908,discrete
nonstationary,contrast_permute,epsgreedy,10039,61.649993896484375,0.38,88.34998226165771,discrete
nonstationary,contrast_permute,epsgreedy,10040,61.64999771118164,0.38,88.3499927520752,discrete
nonstationary,contrast_permute,epsgreedy,10041,43.59999084472656,0.25333333333333335,106.40006256103516,discrete
nonstationary,contrast_permute,epsgreedy,10042,60.69999694824219,0.37333333333333335,89.29998207092285,discrete
nonstationary,contrast_permute,epsgreedy,10043,40.749996185302734,0.23333333333333334,109.24998188018799,discrete
nonstationary,contrast_permute,epsgreedy,10044,36.0,0.2,113.9999771118164,discrete
nonstationary,contrast_permute,epsgreedy,10045,40.749996185302734,0.23333333333333334,109.24997806549072,discrete
nonstationary,contrast_permute,epsgreedy,10046,49.29999542236328,0.29333333333333333,100.70002365112305,discrete
nonstationary,contrast_permute,epsgreedy,10047,63.54999542236328,0.3933333333333333,86.44998264312744,discrete
nonstationary,contrast_permute,epsgreedy,10048,63.54999542236328,0.3933333333333333,86.44998264312744,discrete
nonstationary,contrast_permute,greedy,9999,29.349998474121094,0.15333333333333332,120.6500129699707,discrete
nonstationary,contrast_permute,greedy,10000,40.75,0.23333333333333334,109.24997806549072,discrete
nonstationary,contrast_permute,greedy,10001,70.19999694824219,0.44,79.8000135421753,discrete
nonstationary,contrast_permute,greedy,10002,74.94999694824219,0.47333333333333333,75.0499849319458,discrete
nonstationary,contrast_permute,greedy,10003,53.099998474121094,0.32,96.89998626708984,discrete
nonstationary,contrast_permute,greedy,10004,7.500000476837158,0.0,142.5000696182251,discrete
nonstationary,contrast_permute,greedy,10005,57.849998474121094,0.35333333333333333,92.15000438690186,discrete
nonstationary,contrast_permute,greedy,10006,52.149993896484375,0.31333333333333335,97.84998035430908,discrete
nonstationary,contrast_permute,greedy,10007,31.25,0.16666666666666666,118.74997615814209,discrete
nonstationary,contrast_permute,greedy,10008,58.79999923706055,0.36,91.2000322341919,discrete
nonstationary,contrast_permute,greedy,10009,34.09999465942383,0.18666666666666668,115.89997673034668,discrete
nonstationary,contrast_permute,greedy,10010,21.75,0.1,128.24998378753662,discrete
nonstationary,contrast_permute,greedy,10011,26.499998092651367,0.13333333333333333,123.50005626678467,discrete
nonstationary,contrast_permute,greedy,10012,42.64999771118164,0.24666666666666667,107.34997844696045,discrete
nonstationary,contrast_permute,greedy,10013,85.4000015258789,0.5466666666666666,64.5999870300293,discrete
nonstationary,contrast_permute,greedy,10014,52.150001525878906,0.31333333333333335,97.84999942779541,discrete
nonstationary,contrast_permute,greedy,10015,87.30000305175781,0.56,62.70000457763672,discrete
nonstationary,contrast_permute,greedy,10016,72.09999084472656,0.4533333333333333,77.89998435974121,discrete
nonstationary,contrast_permute,greedy,10017,22.69999885559082,0.10666666666666667,127.29997444152832,discrete
nonstationary,contrast_permute,greedy,10018,37.899993896484375,0.21333333333333335,112.10002422332764,discrete
nonstationary,contrast_permute,greedy,10019,79.69999694824219,0.5066666666666667,70.29998588562012,discrete
nonstationary,contrast_permute,greedy,10020,26.5,0.13333333333333333,123.49997520446777,discrete
nonstationary,contrast_permute,greedy,10021,55.0,0.3333333333333333,94.99998092651367,discrete
nonstationary,contrast_permute,greedy,10022,37.89999771118164,0.21333333333333335,112.10002613067627,discrete
nonstationary,contrast_permute,greedy,10023,31.249996185302734,0.16666666666666666,118.74997615814209,discrete
nonstationary,contrast_permute,greedy,10024,41.69999694824219,0.24,108.29997825622559,discrete
nonstationary,contrast_permute,greedy,10025,78.75,0.5,71.24998569488525,discrete
nonstationary,contrast_permute,greedy,10026,34.09999465942383,0.18666666666666668,115.90002632141113,discrete
nonstationary,contrast_permute,greedy,10027,46.44999694824219,0.2733333333333333,103.55006122589111,discrete
nonstationary,contrast_permute,greedy,10028,39.79999542236328,0.22666666666666666,110.19997787475586,discrete
nonstationary,contrast_permute,greedy,10029,24.600000381469727,0.12,125.39997482299805,discrete
nonstationary,contrast_permute,greedy,10030,16.049999237060547,0.06,133.9499921798706,discrete
nonstationary,contrast_permute,greedy,10031,58.799991607666016,0.36,91.19998168945312,discrete
nonstationary,contrast_permute,greedy,10032,10.350000381469727,0.02,139.6499719619751,discrete
nonstationary,contrast_permute,greedy,10033,68.29999542236328,0.4266666666666667,81.6999921798706,discrete
nonstationary,contrast_permute,greedy,10034,77.80000305175781,0.49333333333333335,72.2000150680542,discrete
nonstationary,contrast_permute,greedy,10035,45.499996185302734,0.26666666666666666,104.49997901916504,discrete
nonstationary,contrast_permute,greedy,10036,63.54999923706055,0.3933333333333333,86.44999408721924,discrete
nonstationary,contrast_permute,greedy,10037,22.69999885559082,0.10666666666666667,127.29997444152832,discrete
nonstationary,contrast_permute,greedy,10038,46.44999313354492,0.2733333333333333,103.5499792098999,discrete
nonstationary,contrast_permute,greedy,10039,56.89999771118164,0.3466666666666667,93.0999813079834,discrete
nonstationary,contrast_permute,greedy,10040,54.04999542236328,0.32666666666666666,95.95001125335693,discrete
nonstationary,contrast_permute,greedy,10041,33.14999771118164,0.18,116.85006904602051,discrete
nonstationary,contrast_permute,greedy,10042,36.94999313354492,0.20666666666666667,113.04997730255127,discrete
nonstationary,contrast_permute,greedy,10043,60.69999313354492,0.37333333333333335,89.29998207092285,discrete
nonstationary,contrast_permute,greedy,10044,32.20000076293945,0.17333333333333334,117.79997634887695,discrete
nonstationary,contrast_permute,greedy,10045,31.249998092651367,0.16666666666666666,118.74999141693115,discrete
nonstationary,contrast_permute,greedy,10046,47.399993896484375,0.28,102.60002613067627,discrete
nonstationary,contrast_permute,greedy,10047,64.5,0.4,85.4999828338623,discrete
nonstationary,contrast_permute,greedy,10048,40.74999237060547,0.23333333333333334,109.24997806549072,discrete
nonstationary,contrast_permute,random,9999,35.99999237060547,0.2,113.9999885559082,discrete
nonstationary,contrast_permute,random,10000,41.69999694824219,0.24,108.29997825622559,discrete
nonstationary,contrast_permute,random,10001,44.54999542236328,0.26,105.45000171661377,discrete
nonstationary,contrast_permute,random,10002,40.74999237060547,0.23333333333333334,109.24997806549072,discrete
nonstationary,contrast_permute,random,10003,42.649993896484375,0.24666666666666667,107.34998512268066,discrete
nonstationary,contrast_permute,random,10004,44.54999542236328,0.26,105.45003986358643,discrete
nonstationary,contrast_permute,random,10005,53.09999465942383,0.32,96.89999389648438,discrete
nonstationary,contrast_permute,random,10006,41.69999694824219,0.24,108.29997825622559,discrete
nonstationary,contrast_permute,random,10007,43.59999084472656,0.25333333333333335,106.39997863769531,discrete
nonstationary,contrast_permute,random,10008,39.79999542236328,0.22666666666666666,110.20002937316895,discrete
nonstationary,contrast_permute,random,10009,46.44999694824219,0.2733333333333333,103.5499792098999,discrete
nonstationary,contrast_permute,random,10010,44.549991607666016,0.26,105.44998836517334,discrete
nonstationary,contrast_permute,random,10011,55.94999694824219,0.34,94.05004119873047,discrete
nonstationary,contrast_permute,random,10012,39.799991607666016,0.22666666666666666,110.19997787475586,discrete
nonstationary,contrast_permute,random,10013,42.649993896484375,0.24666666666666667,107.34997844696045,discrete
nonstationary,contrast_permute,random,10014,37.89999771118164,0.21333333333333335,112.09998989105225,discrete
nonstationary,contrast_permute,random,10015,38.84999465942383,0.22,111.14999771118164,discrete
nonstationary,contrast_permute,random,10016,45.499996185302734,0.26666666666666666,104.49997901916504,discrete
nonstationary,contrast_permute,random,10017,45.49999237060547,0.26666666666666666,104.49997901916504,discrete
nonstationary,contrast_permute,random,10018,38.84999084472656,0.22,111.15003204345703,discrete
nonstationary,contrast_permute,random,10019,51.19999694824219,0.30666666666666664,98.79999446868896,discrete
nonstationary,contrast_permute,random,10020,38.84999084472656,0.22,111.149977684021,discrete
nonstationary,contrast_permute,random,10021,50.24999237060547,0.3,99.74997997283936,discrete
nonstationary,contrast_permute,random,10022,54.04999542236328,0.32666666666666666,95.95001888275146,discrete
nonstationary,contrast_permute,random,10023,39.79999542236328,0.22666666666666666,110.19997787475586,discrete
nonstationary,contrast_permute,random,10024,47.399993896484375,0.28,102.59997940063477,discrete
nonstationary,contrast_permute,random,10025,40.749996185302734,0.23333333333333334,109.24997806549072,discrete
nonstationary,contrast_permute,random,10026,45.499996185302734,0.26666666666666666,104.50000858306885,discrete
nonstationary,contrast_permute,random,10027,46.44999694824219,0.2733333333333333,103.55003833770752,discrete
nonstationary,contrast_permute,random,10028,44.54999542236328,0.26,105.44997882843018,discrete
nonstationary,contrast_permute,random,10029,40.74999237060547,0.23333333333333334,109.24997806549072,discrete
nonstationary,contrast_permute,random,10030,43.59999084472656,0.25333333333333335,106.40000343322754,discrete
nonstationary,contrast_permute,random,10031,48.34999084472656,0.2866666666666667,101.64997959136963,discrete
nonstationary,contrast_permute,random,10032,45.49999237060547,0.26666666666666666,104.49997901916504,discrete
nonstationary,contrast_permute,random,10033,51.19999313354492,0.30666666666666664,98.79998779296875,discrete
nonstationary,contrast_permute,random,10034,47.399993896484375,0.28,102.60001182556152,discrete
nonstationary,contrast_permute,random,10035,44.54999542236328,0.26,105.44998073577881,discrete
nonstationary,contrast_permute,random,10036,34.09999084472656,0.18666666666666668,115.89999294281006,discrete
nonstationary,contrast_permute,random,10037,43.59999465942383,0.25333333333333335,106.39997863769531,discrete
nonstationary,contrast_permute,random,10038,43.599998474121094,0.25333333333333335,106.39997959136963,discrete
nonstationary,contrast_permute,random,10039,43.59999465942383,0.25333333333333335,106.39997863769531,discrete
nonstationary,contrast_permute,random,10040,34.09999465942383,0.18666666666666668,115.9000072479248,discrete
nonstationary,contrast_permute,random,10041,44.54999542236328,0.26,105.45006465911865,discrete
nonstationary,contrast_permute,random,10042,45.49999237060547,0.26666666666666666,104.49997901916504,discrete
nonstationary,contrast_permute,random,10043,47.399993896484375,0.28,102.59998321533203,discrete
nonstationary,contrast_permute,random,10044,43.59999465942383,0.25333333333333335,106.39997863769531,discrete
nonstationary,contrast_permute,random,10045,39.79999542236328,0.22666666666666666,110.19998550415039,discrete
nonstationary,contrast_permute,random,10046,46.44999694824219,0.2733333333333333,103.55001449584961,discrete
nonstationary,contrast_permute,random,10047,39.79999542236328,0.22666666666666666,110.19997787475586,discrete
nonstationary,contrast_permute,random,10048,40.74999237060547,0.23333333333333334,109.24997806549072,discrete
nonstationary,contrast_permute,optimal_frozen,9999,55.00000762939453,0.3333333333333333,95.00001525878906,discrete
nonstationary,contrast_permute,optimal_frozen,10000,55.00000762939453,0.3333333333333333,94.99998092651367,discrete
nonstationary,contrast_permute,optimal_frozen,10001,84.44999694824219,0.54,65.54999923706055,discrete
nonstationary,contrast_permute,optimal_frozen,10002,103.44999694824219,0.6733333333333333,46.5499906539917,discrete
nonstationary,contrast_permute,optimal_frozen,10003,55.00000762939453,0.3333333333333333,94.99998664855957,discrete
nonstationary,contrast_permute,optimal_frozen,10004,79.70000457763672,0.5066666666666667,70.30002975463867,discrete
nonstationary,contrast_permute,optimal_frozen,10005,76.8499984741211,0.4866666666666667,73.14999961853027,discrete
nonstationary,contrast_permute,optimal_frozen,10006,92.05000305175781,0.5933333333333334,57.94998836517334,discrete
nonstationary,contrast_permute,optimal_frozen,10007,55.00000762939453,0.3333333333333333,94.99998092651367,discrete
nonstationary,contrast_permute,optimal_frozen,10008,55.00000762939453,0.3333333333333333,95.00003337860107,discrete
nonstationary,contrast_permute,optimal_frozen,10009,139.54998779296875,0.9266666666666666,10.449997901916504,discrete
nonstationary,contrast_permute,optimal_frozen,10010,55.00000762939453,0.3333333333333333,94.99998950958252,discrete
nonstationary,contrast_permute,optimal_frozen,10011,75.9000015258789,0.48,74.10003185272217,discrete
nonstationary,contrast_permute,optimal_frozen,10012,55.00000762939453,0.3333333333333333,94.99998092651367,discrete
nonstationary,contrast_permute,optimal_frozen,10013,55.00000762939453,0.3333333333333333,94.99998092651367,discrete
nonstationary,contrast_permute,optimal_frozen,10014,55.00000762939453,0.3333333333333333,94.99998950958252,discrete
nonstationary,contrast_permute,optimal_frozen,10015,90.14999389648438,0.58,59.85000038146973,discrete
nonstationary,contrast_permute,optimal_frozen,10016,117.70000457763672,0.7733333333333333,32.29999351501465,discrete
nonstationary,contrast_permute,optimal_frozen,10017,55.00000762939453,0.3333333333333333,94.99998092651367,discrete
nonstationary,contrast_permute,optimal_frozen,10018,55.00000762939453,0.3333333333333333,95.00006580352783,discrete
nonstationary,contrast_permute,optimal_frozen,10019,97.75,0.6333333333333333,52.24998950958252,discrete
nonstationary,contrast_permute,optimal_frozen,10020,94.89999389648438,0.6133333333333333,55.09998893737793,discrete
nonstationary,contrast_permute,optimal_frozen,10021,55.00000762939453,0.3333333333333333,94.99998092651367,discrete
nonstationary,contrast_permute,optimal_frozen,10022,55.00000762939453,0.3333333333333333,95.00003051757812,discrete
nonstationary,contrast_permute,optimal_frozen,10023,105.3499984741211,0.6866666666666666,44.649991035461426,discrete
nonstationary,contrast_permute,optimal_frozen,10024,55.00000762939453,0.3333333333333333,94.99998092651367,discrete
nonstationary,contrast_permute,optimal_frozen,10025,59.750003814697266,0.36666666666666664,90.24998188018799,discrete
nonstationary,contrast_permute,optimal_frozen,10026,59.750003814697266,0.36666666666666664,90.25001621246338,discrete
nonstationary,contrast_permute,optimal_frozen,10027,77.79999542236328,0.49333333333333335,72.20003604888916,discrete
nonstationary,contrast_permute,optimal_frozen,10028,111.05000305175781,0.7266666666666667,38.949992179870605,discrete
nonstationary,contrast_permute,optimal_frozen,10029,80.6500015258789,0.5133333333333333,69.34998607635498,discrete
nonstationary,contrast_permute,optimal_frozen,10030,92.05000305175781,0.5933333333333334,57.950002670288086,discrete
nonstationary,contrast_permute,optimal_frozen,10031,55.00000762939453,0.3333333333333333,94.99998092651367,discrete
nonstationary,contrast_permute,optimal_frozen,10032,55.00000762939453,0.3333333333333333,94.99998092651367,discrete
nonstationary,contrast_permute,optimal_frozen,10033,89.19999694824219,0.5733333333333334,60.7999963760376,discrete
nonstationary,contrast_permute,optimal_frozen,10034,79.69999694824219,0.5066666666666667,70.30001831054688,discrete
nonstationary,contrast_permute,optimal_frozen,10035,55.00000762939453,0.3333333333333333,94.99998092651367,discrete
nonstationary,contrast_permute,optimal_frozen,10036,82.54999542236328,0.5266666666666666,67.45000076293945,discrete
nonstationary,contrast_permute,optimal_frozen,10037,55.00000762939453,0.3333333333333333,94.99998092651367,discrete
nonstationary,contrast_permute,optimal_frozen,10038,92.05000305175781,0.5933333333333334,57.94999408721924,discrete
nonstationary,contrast_permute,optimal_frozen,10039,55.00000762939453,0.3333333333333333,94.99998092651367,discrete
nonstationary,contrast_permute,optimal_frozen,10040,84.44999694824219,0.54,65.54999351501465,discrete
nonstationary,contrast_permute,optimal_frozen,10041,55.00000762939453,0.3333333333333333,95.00004863739014,discrete
nonstationary,contrast_permute,optimal_frozen,10042,74.94999694824219,0.47333333333333333,75.0499849319458,discrete
nonstationary,contrast_permute,optimal_frozen,10043,97.75,0.6333333333333333,52.24998950958252,discrete
nonstationary,contrast_permute,optimal_frozen,10044,55.00000762939453,0.3333333333333333,94.99998092651367,discrete
nonstationary,contrast_permute,optimal_frozen,10045,83.5,0.5333333333333333,66.49998664855957,discrete
nonstationary,contrast_permute,optimal_frozen,10046,59.75000762939453,0.36666666666666664,90.2499942779541,discrete
nonstationary,contrast_permute,optimal_frozen,10047,90.1500015258789,0.58,59.84998798370361,discrete
nonstationary,contrast_permute,optimal_frozen,10048,71.1500015258789,0.44666666666666666,78.84998416900635,discrete
