block,condition,agent,seed,return,opt_frac,gap_regret,model
reward_intervention,eval/intact,tf_legacy,9999,100.4847412109375,0.19,45.523125648498535,discrete
reward_intervention,eval/intact,tf_legacy,10000,109.31906127929688,0.27,55.783334732055664,discrete
reward_intervention,eval/intact,tf_legacy,10001,95.5657958984375,0.155,52.415645122528076,discrete
reward_intervention,eval/intact,tf_legacy,10002,117.13219451904297,0.255,34.15111207962036,discrete
reward_intervention,eval/intact,tf_legacy,10003,114.27503204345703,0.08,45.999534130096436,discrete
reward_intervention,eval/intact,tf_legacy,10004,88.58615112304688,0.295,58.57417964935303,discrete
reward_intervention,eval/intact,tf_legacy,10005,104.5810775756836,0.35,51.5586633682251,discrete
reward_intervention,eval/intact,tf_legacy,10006,120.2442626953125,0.3,30.147104263305664,discrete
reward_intervention,eval/intact,tf_legacy,10007,116.88475036621094,0.505,37.261791706085205,discrete
reward_intervention,eval/intact,tf_legacy,10008,118.98994445800781,0.425,39.6627984046936,discrete
reward_intervention,eval/intact,tf_legacy,10009,105.13067626953125,0.235,49.79980182647705,discrete
reward_intervention,eval/intact,tf_legacy,10010,127.39359283447266,0.445,18.566251277923584,discrete
reward_intervention,eval/intact,tf_legacy,10011,97.47904205322266,0.035,56.86674737930298,discrete
reward_intervention,eval/intact,tf_legacy,10012,121.69442749023438,0.185,45.81745195388794,discrete
reward_intervention,eval/intact,tf_legacy,10013,108.50836181640625,0.025,47.37139654159546,discrete
reward_intervention,eval/intact,tf_legacy,10014,91.1613998413086,0.37,64.46738815307617,discrete
reward_intervention,eval/intact,tf_legacy,10015,90.62168884277344,0.07,58.94370222091675,discrete
reward_intervention,eval/intact,tf_legacy,10016,120.63482666015625,0.33,20.437084674835205,discrete
reward_intervention,eval/intact,tf_legacy,10017,119.63719177246094,0.405,24.314345836639404,discrete
reward_intervention,eval/intact,tf_legacy,10018,98.34822082519531,0.155,48.8840970993042,discrete
reward_intervention,eval/intact,tf_legacy,10019,99.2463150024414,0.155,47.90798902511597,discrete
reward_intervention,eval/intact,tf_legacy,10020,106.82470703125,0.355,30.057273387908936,discrete
reward_intervention,eval/intact,tf_legacy,10021,62.69289779663086,0.0,87.00416278839111,discrete
reward_intervention,eval/intact,tf_legacy,10022,108.21856689453125,0.255,44.31202507019043,discrete
reward_intervention,eval/intact,tf_legacy,10023,101.63673400878906,0.15,40.60726451873779,discrete
reward_intervention,eval/intact,tf_legacy,10024,111.60711669921875,0.295,33.00678777694702,discrete
reward_intervention,eval/intact,tf_legacy,10025,93.29727172851562,0.18,49.42174196243286,discrete
reward_intervention,eval/intact,tf_legacy,10026,64.84386444091797,0.0,69.48191452026367,discrete
reward_intervention,eval/intact,tf_legacy,10027,86.80964660644531,0.185,55.84336996078491,discrete
reward_intervention,eval/intact,tf_legacy,10028,81.8215103149414,0.15,66.80529546737671,discrete
reward_intervention,eval/intact,tf_legacy,10029,128.87057495117188,0.545,13.376075744628906,discrete
reward_intervention,eval/intact,tf_legacy,10030,104.24472045898438,0.22,43.681833267211914,discrete
reward_intervention,eval/intact,tf_legacy,10031,98.08722686767578,0.235,46.904749393463135,discrete
reward_intervention,eval/intact,tf_legacy,10032,79.21653747558594,0.15,42.18379020690918,discrete
reward_intervention,eval/intact,tf_legacy,10033,112.38109588623047,0.205,49.3608717918396,discrete
reward_intervention,eval/intact,tf_legacy,10034,109.31085205078125,0.23,36.964951515197754,discrete
reward_intervention,eval/intact,tf_legacy,10035,104.11482238769531,0.15,63.3808536529541,discrete
reward_intervention,eval/intact,tf_legacy,10036,93.05276489257812,0.165,61.44302988052368,discrete
reward_intervention,eval/intact,tf_legacy,10037,103.01506042480469,0.25,33.605342388153076,discrete
reward_intervention,eval/intact,tf_legacy,10038,79.76264190673828,0.06,62.415345191955566,discrete
reward_intervention,eval/intact,tf_legacy,10039,116.4139404296875,0.22,34.807570934295654,discrete
reward_intervention,eval/intact,tf_legacy,10040,104.77191925048828,0.14,49.77867555618286,discrete
reward_intervention,eval/intact,tf_legacy,10041,108.5714111328125,0.43,32.73802900314331,discrete
reward_intervention,eval/intact,tf_legacy,10042,130.69024658203125,0.465,23.35822629928589,discrete
reward_intervention,eval/intact,tf_legacy,10043,75.7589111328125,0.04,78.2083568572998,discrete
reward_intervention,eval/intact,tf_legacy,10044,80.44519805908203,0.18,67.44952964782715,discrete
reward_intervention,eval/intact,tf_legacy,10045,85.85559844970703,0.175,57.71992492675781,discrete
reward_intervention,eval/intact,tf_legacy,10046,60.14537048339844,0.185,94.3637490272522,discrete
reward_intervention,eval/intact,tf_legacy,10047,94.85908508300781,0.215,66.9930772781372,discrete
reward_intervention,eval/intact,tf_legacy,10048,96.677734375,0.36,60.52187490463257,discrete
reward_intervention,eval/intact,tf_self,9999,108.52434539794922,0.385,40.18825960159302,discrete
reward_intervention,eval/intact,tf_self,10000,122.29717254638672,0.435,40.33163499832153,discrete
reward_intervention,eval/intact,tf_self,10001,101.83612060546875,0.205,46.97911310195923,discrete
reward_intervention,eval/intact,tf_self,10002,114.3953857421875,0.38,38.97382688522339,discrete
reward_intervention,eval/intact,tf_self,10003,99.91217041015625,0.055,58.13234806060791,discrete
reward_intervention,eval/intact,tf_self,10004,88.58615112304688,0.295,58.57417964935303,discrete
reward_intervention,eval/intact,tf_self,10005,97.34244537353516,0.315,58.85986280441284,discrete
reward_intervention,eval/intact,tf_self,10006,105.0819320678711,0.4,43.38274812698364,discrete
reward_intervention,eval/intact,tf_self,10007,116.88475036621094,0.505,37.261791706085205,discrete
reward_intervention,eval/intact,tf_self,10008,118.98994445800781,0.425,39.6627984046936,discrete
reward_intervention,eval/intact,tf_self,10009,103.33720397949219,0.29,49.925230503082275,discrete
reward_intervention,eval/intact,tf_self,10010,112.59986877441406,0.365,32.6886043548584,discrete
reward_intervention,eval/intact,tf_self,10011,95.77014923095703,0.075,58.61679697036743,discrete
reward_intervention,eval/intact,tf_self,10012,98.18875122070312,0.33,68.25907516479492,discrete
reward_intervention,eval/intact,tf_self,10013,125.6130142211914,0.115,33.7031512260437,discrete
reward_intervention,eval/intact,tf_self,10014,91.1613998413086,0.37,64.46738815307617,discrete
reward_intervention,eval/intact,tf_self,10015,98.46826934814453,0.07,50.80757713317871,discrete
reward_intervention,eval/intact,tf_self,10016,101.95570373535156,0.505,38.76654529571533,discrete
reward_intervention,eval/intact,tf_self,10017,115.80702209472656,0.475,28.976097106933594,discrete
reward_intervention,eval/intact,tf_self,10018,98.34822082519531,0.155,48.8840970993042,discrete
reward_intervention,eval/intact,tf_self,10019,139.82049560546875,0.655,10.253830432891846,discrete
reward_intervention,eval/intact,tf_self,10020,117.88392639160156,0.405,20.567500114440918,discrete
reward_intervention,eval/intact,tf_self,10021,62.69289779663086,0.0,87.00416278839111,discrete
reward_intervention,eval/intact,tf_self,10022,108.21856689453125,0.255,44.31202507019043,discrete
reward_intervention,eval/intact,tf_self,10023,113.9000473022461,0.43,30.752514839172363,discrete
reward_intervention,eval/intact,tf_self,10024,97.49772644042969,0.215,46.15097379684448,discrete
reward_intervention,eval/intact,tf_self,10025,93.29727172851562,0.18,49.42174196243286,discrete
reward_intervention,eval/intact,tf_self,10026,75.35267639160156,0.12,57.32414245605469,discrete
reward_intervention,eval/intact,tf_self,10027,108.67337036132812,0.395,34.06579780578613,discrete
reward_intervention,eval/intact,tf_self,10028,103.10224151611328,0.255,54.38024663925171,discrete
reward_intervention,eval/intact,tf_self,10029,128.87057495117188,0.545,13.376075744628906,discrete
reward_intervention,eval/intact,tf_self,10030,82.34893035888672,0.135,63.49938249588013,discrete
reward_intervention,eval/intact,tf_self,10031,110.01356506347656,0.265,36.419747829437256,discrete
reward_intervention,eval/intact,tf_self,10032,95.03544616699219,0.1,26.897744178771973,discrete
reward_intervention,eval/intact,tf_self,10033,124.21712493896484,0.205,35.981247425079346,discrete
reward_intervention,eval/intact,tf_self,10034,96.50788116455078,0.39,53.59350252151489,discrete
reward_intervention,eval/intact,tf_self,10035,128.63150024414062,0.325,39.051259994506836,discrete
reward_intervention,eval/intact,tf_self,10036,92.73291015625,0.3,64.79764461517334,discrete
reward_intervention,eval/intact,tf_self,10037,95.4544448852539,0.235,41.4811635017395,discrete
reward_intervention,eval/intact,tf_self,10038,94.82625579833984,0.165,44.17293882369995,discrete
reward_intervention,eval/intact,tf_self,10039,112.79283905029297,0.24,39.24212121963501,discrete
reward_intervention,eval/intact,tf_self,10040,93.7421875,0.17,59.34556770324707,discrete
reward_intervention,eval/intact,tf_self,10041,108.5714111328125,0.43,32.73802900314331,discrete
reward_intervention,eval/intact,tf_self,10042,130.69024658203125,0.465,23.35822629928589,discrete
reward_intervention,eval/intact,tf_self,10043,92.501220703125,0.165,60.78969955444336,discrete
reward_intervention,eval/intact,tf_self,10044,89.75596618652344,0.18,56.19813632965088,discrete
reward_intervention,eval/intact,tf_self,10045,85.85559844970703,0.175,57.71992492675781,discrete
reward_intervention,eval/intact,tf_self,10046,60.14537048339844,0.185,94.3637490272522,discrete
reward_intervention,eval/intact,tf_self,10047,86.34309387207031,0.285,74.08573389053345,discrete
reward_intervention,eval/intact,tf_self,10048,132.18045043945312,0.445,26.692273139953613,discrete
reward_intervention,eval/intact,optimal,9999,141.20579528808594,1.0,0.0,discrete
reward_intervention,eval/intact,optimal,10000,160.66639709472656,1.0,0.0,discrete
reward_intervention,eval/intact,optimal,10001,145.31277465820312,1.0,0.0,discrete
reward_intervention,eval/intact,optimal,10002,154.31651306152344,1.0,0.0,discrete
reward_intervention,eval/intact,optimal,10003,159.40057373046875,1.0,0.0,discrete
reward_intervention,eval/intact,optimal,10004,149.41934204101562,1.0,0.0,discrete
reward_intervention,eval/intact,optimal,10005,156.21694946289062,1.0,0.0,discrete
reward_intervention,eval/intact,optimal,10006,145.3865203857422,1.0,0.0,discrete
reward_intervention,eval/intact,optimal,10007,155.88116455078125,1.0,0.0,discrete
reward_intervention,eval/intact,optimal,10008,157.59585571289062,1.0,0.0,discrete
reward_intervention,eval/intact,optimal,10009,153.279296875,1.0,0.0,discrete
reward_intervention,eval/intact,optimal,10010,150.4432373046875,1.0,0.0,discrete
reward_intervention,eval/intact,optimal,10011,154.8956298828125,1.0,0.0,discrete
reward_intervention,eval/intact,optimal,10012,163.3168182373047,1.0,0.0,discrete
reward_intervention,eval/intact,optimal,10013,157.58216857910156,1.0,0.0,discrete
reward_intervention,eval/intact,optimal,10014,153.15005493164062,1.0,0.0,discrete
reward_intervention,eval/intact,optimal,10015,150.13525390625,1.0,0.0,discrete
reward_intervention,eval/intact,optimal,10016,136.85256958007812,1.0,0.0,discrete
reward_intervention,eval/intact,optimal,10017,149.96990966796875,1.0,0.0,discrete
reward_intervention,eval/intact,optimal,10018,145.6324462890625,1.0,0.0,discrete
reward_intervention,eval/intact,optimal,10019,152.00038146972656,1.0,0.0,discrete
reward_intervention,eval/intact,optimal,10020,139.1854248046875,1.0,0.0,discrete
reward_intervention,eval/intact,optimal,10021,146.62905883789062,1.0,0.0,discrete
reward_intervention,eval/intact,optimal,10022,151.38845825195312,1.0,0.0,discrete
reward_intervention,eval/intact,optimal,10023,140.74717712402344,1.0,0.0,discrete
reward_intervention,eval/intact,optimal,10024,145.08932495117188,1.0,0.0,discrete
reward_intervention,eval/intact,optimal,10025,141.3740234375,1.0,0.0,discrete
reward_intervention,eval/intact,optimal,10026,133.78631591796875,1.0,0.0,discrete
reward_intervention,eval/intact,optimal,10027,141.1024169921875,1.0,0.0,discrete
reward_intervention,eval/intact,optimal,10028,158.6577606201172,1.0,0.0,discrete
reward_intervention,eval/intact,optimal,10029,139.73892211914062,1.0,0.0,discrete
reward_intervention,eval/intact,optimal,10030,153.2302703857422,1.0,0.0,discrete
reward_intervention,eval/intact,optimal,10031,148.677001953125,1.0,0.0,discrete
reward_intervention,eval/intact,optimal,10032,118.6419906616211,1.0,0.0,discrete
reward_intervention,eval/intact,optimal,10033,160.3961944580078,1.0,0.0,discrete
reward_intervention,eval/intact,optimal,10034,151.35794067382812,1.0,0.0,discrete
reward_intervention,eval/intact,optimal,10035,167.00559997558594,1.0,0.0,discrete
reward_intervention,eval/intact,optimal,10036,152.4580535888672,1.0,0.0,discrete
reward_intervention,eval/intact,optimal,10037,138.62362670898438,1.0,0.0,discrete
reward_intervention,eval/intact,optimal,10038,139.50601196289062,1.0,0.0,discrete
reward_intervention,eval/intact,optimal,10039,155.94541931152344,1.0,0.0,discrete
reward_intervention,eval/intact,optimal,10040,149.40174865722656,1.0,0.0,discrete
reward_intervention,eval/intact,optimal,10041,143.17428588867188,1.0,0.0,discrete
reward_intervention,eval/intact,optimal,10042,156.06277465820312,1.0,0.0,discrete
reward_intervention,eval/intact,optimal,10043,153.32635498046875,1.0,0.0,discrete
reward_intervention,eval/intact,optimal,10044,144.0423583984375,1.0,0.0,discrete
reward_intervention,eval/intact,optimal,10045,145.1358642578125,1.0,0.0,discrete
reward_intervention,eval/intact,optimal,10046,152.8437042236328,1.0,0.0,discrete
reward_intervention,eval/intact,optimal,10047,164.7223663330078,1.0,0.0,discrete
reward_intervention,eval/intact,optimal,10048,156.09974670410156,1.0,0.0,discrete
reward_intervention,eval/intact,epsgreedy,9999,111.88276672363281,0.25,32.073606967926025,discrete
reward_intervention,eval/intact,epsgreedy,10000,129.6103515625,0.425,33.19758081436157,discrete
reward_intervention,eval/intact,epsgreedy,10001,126.23648834228516,0.635,19.894701957702637,discrete
reward_intervention,eval/intact,epsgreedy,10002,133.37445068359375,0.445,23.65154218673706,discrete
reward_intervention,eval/intact,epsgreedy,10003,118.12741088867188,0.17,41.914522647857666,discrete
reward_intervention,eval/intact,epsgreedy,10004,103.2706298828125,0.37,45.20268726348877,discrete
reward_intervention,eval/intact,epsgreedy,10005,94.21463775634766,0.255,64.26208639144897,discrete
reward_intervention,eval/intact,epsgreedy,10006,122.41961669921875,0.435,23.949037551879883,discrete
reward_intervention,eval/intact,epsgreedy,10007,133.60720825195312,0.29,21.518788814544678,discrete
reward_intervention,eval/intact,epsgreedy,10008,117.58805847167969,0.4,41.13453531265259,discrete
reward_intervention,eval/intact,epsgreedy,10009,99.62199401855469,0.25,52.943599224090576,discrete
reward_intervention,eval/intact,epsgreedy,10010,122.91931915283203,0.605,26.040103912353516,discrete
reward_intervention,eval/intact,epsgreedy,10011,106.62991333007812,0.235,48.34310722351074,discrete
reward_intervention,eval/intact,epsgreedy,10012,106.65526580810547,0.285,59.93489217758179,discrete
reward_intervention,eval/intact,epsgreedy,10013,111.61190795898438,0.03,47.36269569396973,discrete
reward_intervention,eval/intact,epsgreedy,10014,113.45285034179688,0.35,42.01000118255615,discrete
reward_intervention,eval/intact,epsgreedy,10015,104.2540283203125,0.12,44.77756452560425,discrete
reward_intervention,eval/intact,epsgreedy,10016,94.43790435791016,0.16,44.36427688598633,discrete
reward_intervention,eval/intact,epsgreedy,10017,119.9233627319336,0.53,26.329591274261475,discrete
reward_intervention,eval/intact,epsgreedy,10018,98.57391357421875,0.31,46.52860116958618,discrete
reward_intervention,eval/intact,epsgreedy,10019,104.0965576171875,0.305,46.092562198638916,discrete
reward_intervention,eval/intact,epsgreedy,10020,104.0599365234375,0.26,33.49714756011963,discrete
reward_intervention,eval/intact,epsgreedy,10021,108.78853607177734,0.59,38.070897579193115,discrete
reward_intervention,eval/intact,epsgreedy,10022,103.73979187011719,0.23,50.53535270690918,discrete
reward_intervention,eval/intact,epsgreedy,10023,92.82368469238281,0.33,47.84731388092041,discrete
reward_intervention,eval/intact,epsgreedy,10024,118.53903198242188,0.435,25.671926498413086,discrete
reward_intervention,eval/intact,epsgreedy,10025,101.91458892822266,0.355,41.49953031539917,discrete
reward_intervention,eval/intact,epsgreedy,10026,113.40237426757812,0.41,21.455662727355957,discrete
reward_intervention,eval/intact,epsgreedy,10027,103.88917541503906,0.395,37.007994174957275,discrete
reward_intervention,eval/intact,epsgreedy,10028,82.45565795898438,0.06,67.1092529296875,discrete
reward_intervention,eval/intact,epsgreedy,10029,103.25316619873047,0.415,39.509706020355225,discrete
reward_intervention,eval/intact,epsgreedy,10030,111.44364929199219,0.37,35.254743576049805,discrete
reward_intervention,eval/intact,epsgreedy,10031,114.28459167480469,0.335,35.81432914733887,discrete
reward_intervention,eval/intact,epsgreedy,10032,97.22856140136719,0.205,23.104920387268066,discrete
reward_intervention,eval/intact,epsgreedy,10033,132.84127807617188,0.625,28.160991191864014,discrete
reward_intervention,eval/intact,epsgreedy,10034,97.68977355957031,0.165,52.00250720977783,discrete
reward_intervention,eval/intact,epsgreedy,10035,110.23733520507812,0.11,56.93439245223999,discrete
reward_intervention,eval/intact,epsgreedy,10036,106.97369384765625,0.28,49.296388149261475,discrete
reward_intervention,eval/intact,epsgreedy,10037,119.60533142089844,0.3,18.190115451812744,discrete
reward_intervention,eval/intact,epsgreedy,10038,109.16377258300781,0.3,30.99301528930664,discrete
reward_intervention,eval/intact,epsgreedy,10039,116.29390716552734,0.04,33.42994022369385,discrete
reward_intervention,eval/intact,epsgreedy,10040,108.976806640625,0.44,41.636642932891846,discrete
reward_intervention,eval/intact,epsgreedy,10041,108.63241577148438,0.38,34.69420862197876,discrete
reward_intervention,eval/intact,epsgreedy,10042,123.55668640136719,0.27,32.60457897186279,discrete
reward_intervention,eval/intact,epsgreedy,10043,92.0953369140625,0.23,61.13054132461548,discrete
reward_intervention,eval/intact,epsgreedy,10044,103.48925018310547,0.18,43.91516876220703,discrete
reward_intervention,eval/intact,epsgreedy,10045,96.33917236328125,0.305,48.13600778579712,discrete
reward_intervention,eval/intact,epsgreedy,10046,106.88313293457031,0.365,45.52051305770874,discrete
reward_intervention,eval/intact,epsgreedy,10047,85.84487915039062,0.03,77.23983240127563,discrete
reward_intervention,eval/intact,epsgreedy,10048,94.58879852294922,0.11,62.03382873535156,discrete
reward_intervention,eval/intact,greedy,9999,116.21321105957031,0.37,28.435359001159668,discrete
reward_intervention,eval/intact,greedy,10000,130.25491333007812,0.405,35.99556541442871,discrete
reward_intervention,eval/intact,greedy,10001,95.36604309082031,0.355,49.389243602752686,discrete
reward_intervention,eval/intact,greedy,10002,130.80764770507812,0.25,22.347784519195557,discrete
reward_intervention,eval/intact,greedy,10003,123.82444763183594,0.335,35.21890115737915,discrete
reward_intervention,eval/intact,greedy,10004,94.44004821777344,0.415,52.037386894226074,discrete
reward_intervention,eval/intact,greedy,10005,97.40565490722656,0.33,62.226232051849365,discrete
reward_intervention,eval/intact,greedy,10006,123.1752700805664,0.435,23.91289710998535,discrete
reward_intervention,eval/intact,greedy,10007,107.86105346679688,0.34,51.13878297805786,discrete
reward_intervention,eval/intact,greedy,10008,119.82283020019531,0.395,40.22409963607788,discrete
reward_intervention,eval/intact,greedy,10009,81.87120056152344,0.105,71.12204265594482,discrete
reward_intervention,eval/intact,greedy,10010,121.81659698486328,0.67,23.706756591796875,discrete
reward_intervention,eval/intact,greedy,10011,119.72193908691406,0.295,37.70997476577759,discrete
reward_intervention,eval/intact,greedy,10012,107.74591064453125,0.3,59.344022274017334,discrete
reward_intervention,eval/intact,greedy,10013,114.51885986328125,0.13,48.790743350982666,discrete
reward_intervention,eval/intact,greedy,10014,97.99967956542969,0.375,59.03838491439819,discrete
reward_intervention,eval/intact,greedy,10015,107.29789733886719,0.185,42.02251482009888,discrete
reward_intervention,eval/intact,greedy,10016,92.34455108642578,0.16,48.51800060272217,discrete
reward_intervention,eval/intact,greedy,10017,101.39767456054688,0.325,45.75541305541992,discrete
reward_intervention,eval/intact,greedy,10018,89.79898071289062,0.21,55.98627758026123,discrete
reward_intervention,eval/intact,greedy,10019,103.77257537841797,0.335,46.31757831573486,discrete
reward_intervention,eval/intact,greedy,10020,111.34803771972656,0.445,25.150556087493896,discrete
reward_intervention,eval/intact,greedy,10021,113.52108001708984,0.685,33.69003486633301,discrete
reward_intervention,eval/intact,greedy,10022,85.93226623535156,0.095,66.84225654602051,discrete
reward_intervention,eval/intact,greedy,10023,85.41986846923828,0.305,54.58752393722534,discrete
reward_intervention,eval/intact,greedy,10024,102.89273071289062,0.275,42.500664710998535,discrete
reward_intervention,eval/intact,greedy,10025,101.37310791015625,0.2,39.579379081726074,discrete
reward_intervention,eval/intact,greedy,10026,112.27884674072266,0.435,21.65011978149414,discrete
reward_intervention,eval/intact,greedy,10027,104.55899047851562,0.4,36.578927993774414,discrete
reward_intervention,eval/intact,greedy,10028,77.26789093017578,0.0,72.8514313697815,discrete
reward_intervention,eval/intact,greedy,10029,105.67686462402344,0.435,32.70052194595337,discrete
reward_intervention,eval/intact,greedy,10030,94.00907897949219,0.0,50.7260856628418,discrete
reward_intervention,eval/intact,greedy,10031,109.38351440429688,0.505,38.67661476135254,discrete
reward_intervention,eval/intact,greedy,10032,94.4428939819336,0.2,26.016778469085693,discrete
reward_intervention,eval/intact,greedy,10033,113.5499496459961,0.24,47.464340686798096,discrete
reward_intervention,eval/intact,greedy,10034,95.77828979492188,0.155,54.81480932235718,discrete
reward_intervention,eval/intact,greedy,10035,90.38232421875,0.045,78.56085729598999,discrete
reward_intervention,eval/intact,greedy,10036,110.94038391113281,0.285,48.42382192611694,discrete
reward_intervention,eval/intact,greedy,10037,119.97256469726562,0.41,20.865209102630615,discrete
reward_intervention,eval/intact,greedy,10038,112.21656799316406,0.31,26.941014289855957,discrete
reward_intervention,eval/intact,greedy,10039,105.12049865722656,0.1,43.71299171447754,discrete
reward_intervention,eval/intact,greedy,10040,111.46609497070312,0.435,42.202693462371826,discrete
reward_intervention,eval/intact,greedy,10041,108.49009704589844,0.41,35.526939868927,discrete
reward_intervention,eval/intact,greedy,10042,120.11172485351562,0.165,34.357868671417236,discrete
reward_intervention,eval/intact,greedy,10043,115.28866577148438,0.475,38.06963872909546,discrete
reward_intervention,eval/intact,greedy,10044,83.68037414550781,0.09,63.39927816390991,discrete
reward_intervention,eval/intact,greedy,10045,91.5732650756836,0.135,53.30200147628784,discrete
reward_intervention,eval/intact,greedy,10046,89.93717956542969,0.26,64.27124834060669,discrete
reward_intervention,eval/intact,greedy,10047,69.25208282470703,0.0,92.7829704284668,discrete
reward_intervention,eval/intact,greedy,10048,82.98728942871094,0.26,73.00773286819458,discrete
reward_intervention,eval/intact,random,9999,104.20384979248047,0.24,41.401740074157715,discrete
reward_intervention,eval/intact,random,10000,110.36770629882812,0.29,51.73642921447754,discrete
reward_intervention,eval/intact,random,10001,101.75326538085938,0.265,45.854233264923096,discrete
reward_intervention,eval/intact,random,10002,108.02197265625,0.285,44.15881681442261,discrete
reward_intervention,eval/intact,random,10003,121.4687728881836,0.325,41.9236798286438,discrete
reward_intervention,eval/intact,random,10004,94.25703430175781,0.24,55.0237340927124,discrete
reward_intervention,eval/intact,random,10005,99.29074096679688,0.27,59.37734937667847,discrete
reward_intervention,eval/intact,random,10006,107.99085235595703,0.325,45.105323791503906,discrete
reward_intervention,eval/intact,random,10007,114.64431762695312,0.23,43.23870801925659,discrete
reward_intervention,eval/intact,random,10008,91.56184387207031,0.195,67.60078716278076,discrete
reward_intervention,eval/intact,random,10009,94.35845184326172,0.19,57.437175273895264,discrete
reward_intervention,eval/intact,random,10010,94.16703796386719,0.24,53.67103862762451,discrete
reward_intervention,eval/intact,random,10011,109.7741928100586,0.22,43.76759099960327,discrete
reward_intervention,eval/intact,random,10012,120.38268280029297,0.27,48.641451358795166,discrete
reward_intervention,eval/intact,random,10013,115.09738159179688,0.25,44.02182483673096,discrete
reward_intervention,eval/intact,random,10014,93.03694915771484,0.275,60.11474609375,discrete
reward_intervention,eval/intact,random,10015,108.04640197753906,0.225,42.38377666473389,discrete
reward_intervention,eval/intact,random,10016,95.12654113769531,0.3,42.387423038482666,discrete
reward_intervention,eval/intact,random,10017,104.27647399902344,0.245,42.414865016937256,discrete
reward_intervention,eval/intact,random,10018,105.53889465332031,0.275,42.61589431762695,discrete
reward_intervention,eval/intact,random,10019,103.39932250976562,0.235,46.22064924240112,discrete
reward_intervention,eval/intact,random,10020,99.56552124023438,0.23,41.07658672332764,discrete
reward_intervention,eval/intact,random,10021,84.97496032714844,0.24,63.445013999938965,discrete
reward_intervention,eval/intact,random,10022,105.95201873779297,0.265,47.555158615112305,discrete
reward_intervention,eval/intact,random,10023,96.10975646972656,0.27,47.89344549179077,discrete
reward_intervention,eval/intact,random,10024,111.04241943359375,0.245,36.56248331069946,discrete
reward_intervention,eval/intact,random,10025,94.43516540527344,0.255,46.36319923400879,discrete
reward_intervention,eval/intact,random,10026,92.69232177734375,0.235,44.182326316833496,discrete
reward_intervention,eval/intact,random,10027,93.04194641113281,0.23,48.355183601379395,discrete
reward_intervention,eval/intact,random,10028,97.2858657836914,0.28,59.88522911071777,discrete
reward_intervention,eval/intact,random,10029,97.01669311523438,0.255,45.86236047744751,discrete
reward_intervention,eval/intact,random,10030,99.0077896118164,0.23,51.50560522079468,discrete
reward_intervention,eval/intact,random,10031,95.68562316894531,0.28,52.28444147109985,discrete
reward_intervention,eval/intact,random,10032,97.1936264038086,0.25,25.51892328262329,discrete
reward_intervention,eval/intact,random,10033,102.43862915039062,0.225,57.66783952713013,discrete
reward_intervention,eval/intact,random,10034,108.78402709960938,0.255,43.42113637924194,discrete
reward_intervention,eval/intact,random,10035,110.596435546875,0.24,57.719101905822754,discrete
reward_intervention,eval/intact,random,10036,105.05601501464844,0.265,45.02997875213623,discrete
reward_intervention,eval/intact,random,10037,102.6802749633789,0.26,33.48616933822632,discrete
reward_intervention,eval/intact,random,10038,100.32266998291016,0.28,39.76910734176636,discrete
reward_intervention,eval/intact,random,10039,111.68927001953125,0.245,38.80545473098755,discrete
reward_intervention,eval/intact,random,10040,101.03496551513672,0.29,50.42936849594116,discrete
reward_intervention,eval/intact,random,10041,94.65486145019531,0.255,46.75653028488159,discrete
reward_intervention,eval/intact,random,10042,107.51129150390625,0.26,47.79604721069336,discrete
reward_intervention,eval/intact,random,10043,97.52403259277344,0.255,55.59163570404053,discrete
reward_intervention,eval/intact,random,10044,95.8270492553711,0.235,51.391879081726074,discrete
reward_intervention,eval/intact,random,10045,93.86679077148438,0.285,52.86617946624756,discrete
reward_intervention,eval/intact,random,10046,108.60939025878906,0.285,44.945844650268555,discrete
reward_intervention,eval/intact,random,10047,99.97389221191406,0.215,63.16008472442627,discrete
reward_intervention,eval/intact,random,10048,106.63331604003906,0.215,52.16561269760132,discrete
reward_intervention,eval/zeroed,tf_legacy,9999,95.2729263305664,0.155,50.99677515029907,discrete
reward_intervention,eval/zeroed,tf_legacy,10000,97.86233520507812,0.1,64.04638338088989,discrete
reward_intervention,eval/zeroed,tf_legacy,10001,105.66574096679688,0.335,41.111191749572754,discrete
reward_intervention,eval/zeroed,tf_legacy,10002,114.66775512695312,0.38,38.947232246398926,discrete
reward_intervention,eval/zeroed,tf_legacy,10003,128.20822143554688,0.305,36.62919616699219,discrete
reward_intervention,eval/zeroed,tf_legacy,10004,88.58615112304688,0.295,58.57417964935303,discrete
reward_intervention,eval/zeroed,tf_legacy,10005,102.23112487792969,0.365,59.03854036331177,discrete
reward_intervention,eval/zeroed,tf_legacy,10006,99.32443237304688,0.28,48.86294746398926,discrete
reward_intervention,eval/zeroed,tf_legacy,10007,116.88475036621094,0.505,37.261791706085205,discrete
reward_intervention,eval/zeroed,tf_legacy,10008,118.98994445800781,0.425,39.6627984046936,discrete
reward_intervention,eval/zeroed,tf_legacy,10009,105.13067626953125,0.235,49.79980182647705,discrete
reward_intervention,eval/zeroed,tf_legacy,10010,122.64322662353516,0.46,23.133264541625977,discrete
reward_intervention,eval/zeroed,tf_legacy,10011,97.18231964111328,0.025,57.38434553146362,discrete
reward_intervention,eval/zeroed,tf_legacy,10012,118.20377349853516,0.21,48.65756273269653,discrete
reward_intervention,eval/zeroed,tf_legacy,10013,122.77175903320312,0.365,36.73902988433838,discrete
reward_intervention,eval/zeroed,tf_legacy,10014,91.1613998413086,0.37,64.46738815307617,discrete
reward_intervention,eval/zeroed,tf_legacy,10015,98.1541976928711,0.07,51.04725933074951,discrete
reward_intervention,eval/zeroed,tf_legacy,10016,118.39097595214844,0.29,22.361722946166992,discrete
reward_intervention,eval/zeroed,tf_legacy,10017,99.58832550048828,0.21,48.11949920654297,discrete
reward_intervention,eval/zeroed,tf_legacy,10018,98.34822082519531,0.155,48.8840970993042,discrete
reward_intervention,eval/zeroed,tf_legacy,10019,102.42391967773438,0.155,44.890915393829346,discrete
reward_intervention,eval/zeroed,tf_legacy,10020,106.13136291503906,0.395,33.59274959564209,discrete
reward_intervention,eval/zeroed,tf_legacy,10021,62.69289779663086,0.0,87.00416278839111,discrete
reward_intervention,eval/zeroed,tf_legacy,10022,91.05787658691406,0.09,61.91222286224365,discrete
reward_intervention,eval/zeroed,tf_legacy,10023,77.39360046386719,0.12,65.00343132019043,discrete
reward_intervention,eval/zeroed,tf_legacy,10024,121.62381744384766,0.37,24.738036632537842,discrete
reward_intervention,eval/zeroed,tf_legacy,10025,93.29727172851562,0.18,49.42174196243286,discrete
reward_intervention,eval/zeroed,tf_legacy,10026,60.98809051513672,0.0,73.12708711624146,discrete
reward_intervention,eval/zeroed,tf_legacy,10027,85.75347900390625,0.195,56.34369993209839,discrete
reward_intervention,eval/zeroed,tf_legacy,10028,82.74972534179688,0.19,67.42937850952148,discrete
reward_intervention,eval/zeroed,tf_legacy,10029,128.87057495117188,0.545,13.376075744628906,discrete
reward_intervention,eval/zeroed,tf_legacy,10030,107.49247741699219,0.26,40.696380615234375,discrete
reward_intervention,eval/zeroed,tf_legacy,10031,103.44779968261719,0.315,41.28636980056763,discrete
reward_intervention,eval/zeroed,tf_legacy,10032,79.74686431884766,0.14,41.50774526596069,discrete
reward_intervention,eval/zeroed,tf_legacy,10033,109.71685791015625,0.2,51.54765176773071,discrete
reward_intervention,eval/zeroed,tf_legacy,10034,118.71700286865234,0.245,32.92419481277466,discrete
reward_intervention,eval/zeroed,tf_legacy,10035,107.36994934082031,0.155,60.04646158218384,discrete
reward_intervention,eval/zeroed,tf_legacy,10036,119.75883483886719,0.445,37.93826627731323,discrete
reward_intervention,eval/zeroed,tf_legacy,10037,99.08220672607422,0.125,38.544522762298584,discrete
reward_intervention,eval/zeroed,tf_legacy,10038,107.55499267578125,0.335,32.72521495819092,discrete
reward_intervention,eval/zeroed,tf_legacy,10039,103.8301010131836,0.075,45.734171867370605,discrete
reward_intervention,eval/zeroed,tf_legacy,10040,106.56836700439453,0.33,46.72146034240723,discrete
reward_intervention,eval/zeroed,tf_legacy,10041,108.5714111328125,0.43,32.73802900314331,discrete
reward_intervention,eval/zeroed,tf_legacy,10042,114.75253295898438,0.34,39.93330383300781,discrete
reward_intervention,eval/zeroed,tf_legacy,10043,97.41236877441406,0.265,55.537044048309326,discrete
reward_intervention,eval/zeroed,tf_legacy,10044,56.48487091064453,0.125,93.12225675582886,discrete
reward_intervention,eval/zeroed,tf_legacy,10045,89.85884094238281,0.235,52.93771982192993,discrete
reward_intervention,eval/zeroed,tf_legacy,10046,92.81049346923828,0.23,59.887877464294434,discrete
reward_intervention,eval/zeroed,tf_legacy,10047,93.1462631225586,0.205,68.71628141403198,discrete
reward_intervention,eval/zeroed,tf_legacy,10048,88.45773315429688,0.075,67.94311237335205,discrete
reward_intervention,eval/zeroed,tf_self,9999,108.52434539794922,0.385,40.18825960159302,discrete
reward_intervention,eval/zeroed,tf_self,10000,123.2322998046875,0.44,39.10832214355469,discrete
reward_intervention,eval/zeroed,tf_self,10001,105.66574096679688,0.335,41.111191749572754,discrete
reward_intervention,eval/zeroed,tf_self,10002,114.66775512695312,0.38,38.947232246398926,discrete
reward_intervention,eval/zeroed,tf_self,10003,136.82354736328125,0.405,26.687623500823975,discrete
reward_intervention,eval/zeroed,tf_self,10004,88.58615112304688,0.295,58.57417964935303,discrete
reward_intervention,eval/zeroed,tf_self,10005,102.23112487792969,0.365,59.03854036331177,discrete
reward_intervention,eval/zeroed,tf_self,10006,103.13456726074219,0.41,44.76749086380005,discrete
reward_intervention,eval/zeroed,tf_self,10007,116.88475036621094,0.505,37.261791706085205,discrete
reward_intervention,eval/zeroed,tf_self,10008,118.98994445800781,0.425,39.6627984046936,discrete
reward_intervention,eval/zeroed,tf_self,10009,103.33720397949219,0.29,49.925230503082275,discrete
reward_intervention,eval/zeroed,tf_self,10010,110.7715072631836,0.33,35.203582763671875,discrete
reward_intervention,eval/zeroed,tf_self,10011,95.77014923095703,0.075,58.61679697036743,discrete
reward_intervention,eval/zeroed,tf_self,10012,97.28042602539062,0.31,69.84133386611938,discrete
reward_intervention,eval/zeroed,tf_self,10013,126.69955444335938,0.41,35.032012939453125,discrete
reward_intervention,eval/zeroed,tf_self,10014,91.1613998413086,0.37,64.46738815307617,discrete
reward_intervention,eval/zeroed,tf_self,10015,98.1541976928711,0.07,51.04725933074951,discrete
reward_intervention,eval/zeroed,tf_self,10016,92.58819580078125,0.445,49.22876977920532,discrete
reward_intervention,eval/zeroed,tf_self,10017,99.58832550048828,0.21,48.11949920654297,discrete
reward_intervention,eval/zeroed,tf_self,10018,98.34822082519531,0.155,48.8840970993042,discrete
reward_intervention,eval/zeroed,tf_self,10019,139.82049560546875,0.655,10.253830432891846,discrete
reward_intervention,eval/zeroed,tf_self,10020,118.25337219238281,0.415,20.704986572265625,discrete
reward_intervention,eval/zeroed,tf_self,10021,62.69289779663086,0.0,87.00416278839111,discrete
reward_intervention,eval/zeroed,tf_self,10022,104.12483215332031,0.185,49.67474699020386,discrete
reward_intervention,eval/zeroed,tf_self,10023,72.09038543701172,0.18,69.05526208877563,discrete
reward_intervention,eval/zeroed,tf_self,10024,94.04307556152344,0.22,49.08445644378662,discrete
reward_intervention,eval/zeroed,tf_self,10025,93.29727172851562,0.18,49.42174196243286,discrete
reward_intervention,eval/zeroed,tf_self,10026,74.75520324707031,0.12,56.449007511138916,discrete
reward_intervention,eval/zeroed,tf_self,10027,108.67337036132812,0.395,34.06579780578613,discrete
reward_intervention,eval/zeroed,tf_self,10028,107.28414916992188,0.395,44.72947931289673,discrete
reward_intervention,eval/zeroed,tf_self,10029,128.87057495117188,0.545,13.376075744628906,discrete
reward_intervention,eval/zeroed,tf_self,10030,82.34893035888672,0.135,63.49938249588013,discrete
reward_intervention,eval/zeroed,tf_self,10031,110.01356506347656,0.265,36.419747829437256,discrete
reward_intervention,eval/zeroed,tf_self,10032,95.03544616699219,0.1,26.897744178771973,discrete
reward_intervention,eval/zeroed,tf_self,10033,124.21712493896484,0.205,35.981247425079346,discrete
reward_intervention,eval/zeroed,tf_self,10034,115.03923034667969,0.315,35.228600025177,discrete
reward_intervention,eval/zeroed,tf_self,10035,132.2682647705078,0.35,35.46204948425293,discrete
reward_intervention,eval/zeroed,tf_self,10036,119.75883483886719,0.445,37.93826627731323,discrete
reward_intervention,eval/zeroed,tf_self,10037,93.56919860839844,0.245,43.491905212402344,discrete
reward_intervention,eval/zeroed,tf_self,10038,94.85430145263672,0.175,44.15987205505371,discrete
reward_intervention,eval/zeroed,tf_self,10039,103.8301010131836,0.075,45.734171867370605,discrete
reward_intervention,eval/zeroed,tf_self,10040,113.59571838378906,0.435,41.69486427307129,discrete
reward_intervention,eval/zeroed,tf_self,10041,108.5714111328125,0.43,32.73802900314331,discrete
reward_intervention,eval/zeroed,tf_self,10042,112.79695129394531,0.115,41.09074115753174,discrete
reward_intervention,eval/zeroed,tf_self,10043,96.22737121582031,0.16,57.10624599456787,discrete
reward_intervention,eval/zeroed,tf_self,10044,89.2818603515625,0.135,52.949647426605225,discrete
reward_intervention,eval/zeroed,tf_self,10045,94.53523254394531,0.375,48.044864654541016,discrete
reward_intervention,eval/zeroed,tf_self,10046,113.86813354492188,0.145,38.15330791473389,discrete
reward_intervention,eval/zeroed,tf_self,10047,86.34309387207031,0.285,74.08573389053345,discrete
reward_intervention,eval/zeroed,tf_self,10048,132.48287963867188,0.445,26.598018646240234,discrete
reward_intervention,eval/zeroed,optimal,9999,141.20579528808594,1.0,0.0,discrete
reward_intervention,eval/zeroed,optimal,10000,160.66639709472656,1.0,0.0,discrete
reward_intervention,eval/zeroed,optimal,10001,145.31277465820312,1.0,0.0,discrete
reward_intervention,eval/zeroed,optimal,10002,154.31651306152344,1.0,0.0,discrete
reward_intervention,eval/zeroed,optimal,10003,159.40057373046875,1.0,0.0,discrete
reward_intervention,eval/zeroed,optimal,10004,149.41934204101562,1.0,0.0,discrete
reward_intervention,eval/zeroed,optimal,10005,156.21694946289062,1.0,0.0,discrete
reward_intervention,eval/zeroed,optimal,10006,145.3865203857422,1.0,0.0,discrete
reward_intervention,eval/zeroed,optimal,10007,155.88116455078125,1.0,0.0,discrete
reward_intervention,eval/zeroed,optimal,10008,157.59585571289062,1.0,0.0,discrete
reward_intervention,eval/zeroed,optimal,10009,153.279296875,1.0,0.0,discrete
reward_intervention,eval/zeroed,optimal,10010,150.4432373046875,1.0,0.0,discrete
reward_intervention,eval/zeroed,optimal,10011,154.8956298828125,1.0,0.0,discrete
reward_intervention,eval/zeroed,optimal,10012,163.3168182373047,1.0,0.0,discrete
reward_intervention,eval/zeroed,optimal,10013,157.58216857910156,1.0,0.0,discrete
reward_intervention,eval/zeroed,optimal,10014,153.15005493164062,1.0,0.0,discrete
reward_intervention,eval/zeroed,optimal,10015,150.13525390625,1.0,0.0,discrete
reward_intervention,eval/zeroed,optimal,10016,136.85256958007812,1.0,0.0,discrete
reward_intervention,eval/zeroed,optimal,10017,149.96990966796875,1.0,0.0,discrete
reward_intervention,eval/zeroed,optimal,10018,145.6324462890625,1.0,0.0,discrete
reward_intervention,eval/zeroed,optimal,10019,152.00038146972656,1.0,0.0,discrete
reward_intervention,eval/zeroed,optimal,10020,139.1854248046875,1.0,0.0,discrete
reward_intervention,eval/zeroed,optimal,10021,146.62905883789062,1.0,0.0,discrete
reward_intervention,eval/zeroed,optimal,10022,151.38845825195312,1.0,0.0,discrete
reward_intervention,eval/zeroed,optimal,10023,140.74717712402344,1.0,0.0,discrete
reward_intervention,eval/zeroed,optimal,10024,145.08932495117188,1.0,0.0,discrete
reward_intervention,eval/zeroed,optimal,10025,141.3740234375,1.0,0.0,discrete
reward_intervention,eval/zeroed,optimal,10026,133.78631591796875,1.0,0.0,discrete
reward_intervention,eval/zeroed,optimal,10027,141.1024169921875,1.0,0.0,discrete
reward_intervention,eval/zeroed,optimal,10028,158.6577606201172,1.0,0.0,discrete
reward_intervention,eval/zeroed,optimal,10029,139.73892211914062,1.0,0.0,discrete
reward_intervention,eval/zeroed,optimal,10030,153.2302703857422,1.0,0.0,discrete
reward_intervention,eval/zeroed,optimal,10031,148.677001953125,1.0,0.0,discrete
reward_intervention,eval/zeroed,optimal,10032,118.6419906616211,1.0,0.0,discrete
reward_intervention,eval/zeroed,optimal,10033,160.3961944580078,1.0,0.0,discrete
reward_intervention,eval/zeroed,optimal,10034,151.35794067382812,1.0,0.0,discrete
reward_intervention,eval/zeroed,optimal,10035,167.00559997558594,1.0,0.0,discrete
reward_intervention,eval/zeroed,optimal,10036,152.4580535888672,1.0,0.0,discrete
reward_intervention,eval/zeroed,optimal,10037,138.62362670898438,1.0,0.0,discrete
reward_intervention,eval/zeroed,optimal,10038,139.50601196289062,1.0,0.0,discrete
reward_intervention,eval/zeroed,optimal,10039,155.94541931152344,1.0,0.0,discrete
reward_intervention,eval/zeroed,optimal,10040,149.40174865722656,1.0,0.0,discrete
reward_intervention,eval/zeroed,optimal,10041,143.17428588867188,1.0,0.0,discrete
reward_intervention,eval/zeroed,optimal,10042,156.06277465820312,1.0,0.0,discrete
reward_intervention,eval/zeroed,optimal,10043,153.32635498046875,1.0,0.0,discrete
reward_intervention,eval/zeroed,optimal,10044,144.0423583984375,1.0,0.0,discrete
reward_intervention,eval/zeroed,optimal,10045,145.1358642578125,1.0,0.0,discrete
reward_intervention,eval/zeroed,optimal,10046,152.8437042236328,1.0,0.0,discrete
reward_intervention,eval/zeroed,optimal,10047,164.7223663330078,1.0,0.0,discrete
reward_intervention,eval/zeroed,optimal,10048,156.09974670410156,1.0,0.0,discrete
reward_intervention,eval/zeroed,epsgreedy,9999,107.15028381347656,0.335,36.70687913894653,discrete
reward_intervention,eval/zeroed,epsgreedy,10000,115.47557830810547,0.285,48.01909875869751,discrete
reward_intervention,eval/zeroed,epsgreedy,10001,98.32467651367188,0.21,50.22875738143921,discrete
reward_intervention,eval/zeroed,epsgreedy,10002,108.9806900024414,0.24,47.16929769515991,discrete
reward_intervention,eval/zeroed,epsgreedy,10003,118.31794738769531,0.265,43.29592800140381,discrete
reward_intervention,eval/zeroed,epsgreedy,10004,90.95984649658203,0.205,58.52745723724365,discrete
reward_intervention,eval/zeroed,epsgreedy,10005,93.73258972167969,0.225,63.9432897567749,discrete
reward_intervention,eval/zeroed,epsgreedy,10006,100.46717071533203,0.24,49.992069244384766,discrete
reward_intervention,eval/zeroed,epsgreedy,10007,111.13243103027344,0.23,47.97601270675659,discrete
reward_intervention,eval/zeroed,epsgreedy,10008,101.327880859375,0.265,56.8190336227417,discrete
reward_intervention,eval/zeroed,epsgreedy,10009,94.4378662109375,0.235,58.76846981048584,discrete
reward_intervention,eval/zeroed,epsgreedy,10010,102.97964477539062,0.325,44.61416816711426,discrete
reward_intervention,eval/zeroed,epsgreedy,10011,114.04380798339844,0.285,40.547719955444336,discrete
reward_intervention,eval/zeroed,epsgreedy,10012,109.05445861816406,0.19,58.61287069320679,discrete
reward_intervention,eval/zeroed,epsgreedy,10013,115.07291412353516,0.165,44.75566291809082,discrete
reward_intervention,eval/zeroed,epsgreedy,10014,89.21566009521484,0.235,66.70842266082764,discrete
reward_intervention,eval/zeroed,epsgreedy,10015,106.3626937866211,0.24,41.872743129730225,discrete
reward_intervention,eval/zeroed,epsgreedy,10016,93.28437805175781,0.245,45.851786613464355,discrete
reward_intervention,eval/zeroed,epsgreedy,10017,104.77120971679688,0.24,45.12819862365723,discrete
reward_intervention,eval/zeroed,epsgreedy,10018,103.31098937988281,0.275,44.761991024017334,discrete
reward_intervention,eval/zeroed,epsgreedy,10019,107.93357849121094,0.28,42.54681921005249,discrete
reward_intervention,eval/zeroed,epsgreedy,10020,97.04727935791016,0.25,41.330750942230225,discrete
reward_intervention,eval/zeroed,epsgreedy,10021,77.94473266601562,0.245,68.86471557617188,discrete
reward_intervention,eval/zeroed,epsgreedy,10022,100.38517761230469,0.2,51.65419578552246,discrete
reward_intervention,eval/zeroed,epsgreedy,10023,89.74536895751953,0.24,50.361618518829346,discrete
reward_intervention,eval/zeroed,epsgreedy,10024,104.33842468261719,0.25,39.490421772003174,discrete
reward_intervention,eval/zeroed,epsgreedy,10025,101.73007202148438,0.26,38.89168834686279,discrete
reward_intervention,eval/zeroed,epsgreedy,10026,94.77302551269531,0.28,40.84324932098389,discrete
reward_intervention,eval/zeroed,epsgreedy,10027,95.36827087402344,0.26,48.79675817489624,discrete
reward_intervention,eval/zeroed,epsgreedy,10028,101.53652954101562,0.305,51.95433330535889,discrete
reward_intervention,eval/zeroed,epsgreedy,10029,98.40821838378906,0.235,40.60687065124512,discrete
reward_intervention,eval/zeroed,epsgreedy,10030,98.42267608642578,0.2,51.803510665893555,discrete
reward_intervention,eval/zeroed,epsgreedy,10031,86.60076904296875,0.18,60.5513482093811,discrete
reward_intervention,eval/zeroed,epsgreedy,10032,94.85455322265625,0.26,25.502727508544922,discrete
reward_intervention,eval/zeroed,epsgreedy,10033,106.36457061767578,0.235,54.99271202087402,discrete
reward_intervention,eval/zeroed,epsgreedy,10034,105.58636474609375,0.26,44.77259540557861,discrete
reward_intervention,eval/zeroed,epsgreedy,10035,114.32632446289062,0.26,53.27706241607666,discrete
reward_intervention,eval/zeroed,epsgreedy,10036,103.52296447753906,0.255,50.872817039489746,discrete
reward_intervention,eval/zeroed,epsgreedy,10037,108.31654357910156,0.28,28.85557460784912,discrete
reward_intervention,eval/zeroed,epsgreedy,10038,99.51312255859375,0.245,38.5962700843811,discrete
reward_intervention,eval/zeroed,epsgreedy,10039,109.34840393066406,0.275,38.26297187805176,discrete
reward_intervention,eval/zeroed,epsgreedy,10040,94.37523651123047,0.22,57.039945125579834,discrete
reward_intervention,eval/zeroed,epsgreedy,10041,103.31490325927734,0.3,40.28518724441528,discrete
reward_intervention,eval/zeroed,epsgreedy,10042,111.84820556640625,0.28,41.95374059677124,discrete
reward_intervention,eval/zeroed,epsgreedy,10043,95.87084197998047,0.245,55.46653413772583,discrete
reward_intervention,eval/zeroed,epsgreedy,10044,100.22056579589844,0.25,45.28056621551514,discrete
reward_intervention,eval/zeroed,epsgreedy,10045,85.56443786621094,0.24,55.831345558166504,discrete
reward_intervention,eval/zeroed,epsgreedy,10046,98.12100219726562,0.255,52.21655225753784,discrete
reward_intervention,eval/zeroed,epsgreedy,10047,105.76921081542969,0.32,57.11635446548462,discrete
reward_intervention,eval/zeroed,epsgreedy,10048,112.18036651611328,0.205,46.19312000274658,discrete
reward_intervention,eval/zeroed,greedy,9999,107.15028381347656,0.335,36.70687913894653,discrete
reward_intervention,eval/zeroed,greedy,10000,115.47557830810547,0.285,48.01909875869751,discrete
reward_intervention,eval/zeroed,greedy,10001,98.32467651367188,0.21,50.22875738143921,discrete
reward_intervention,eval/zeroed,greedy,10002,108.9806900024414,0.24,47.16929769515991,discrete
reward_intervention,eval/zeroed,greedy,10003,118.31794738769531,0.265,43.29592800140381,discrete
reward_intervention,eval/zeroed,greedy,10004,90.95984649658203,0.205,58.52745723724365,discrete
reward_intervention,eval/zeroed,greedy,10005,93.73258972167969,0.225,63.9432897567749,discrete
reward_intervention,eval/zeroed,greedy,10006,100.46717071533203,0.24,49.992069244384766,discrete
reward_intervention,eval/zeroed,greedy,10007,111.13243103027344,0.23,47.97601270675659,discrete
reward_intervention,eval/zeroed,greedy,10008,101.327880859375,0.265,56.8190336227417,discrete
reward_intervention,eval/zeroed,greedy,10009,94.4378662109375,0.235,58.76846981048584,discrete
reward_intervention,eval/zeroed,greedy,10010,102.97964477539062,0.325,44.61416816711426,discrete
reward_intervention,eval/zeroed,greedy,10011,114.04380798339844,0.285,40.547719955444336,discrete
reward_intervention,eval/zeroed,greedy,10012,109.05445861816406,0.19,58.61287069320679,discrete
reward_intervention,eval/zeroed,greedy,10013,115.07291412353516,0.165,44.75566291809082,discrete
reward_intervention,eval/zeroed,greedy,10014,89.21566009521484,0.235,66.70842266082764,discrete
reward_intervention,eval/zeroed,greedy,10015,106.3626937866211,0.24,41.872743129730225,discrete
reward_intervention,eval/zeroed,greedy,10016,93.28437805175781,0.245,45.851786613464355,discrete
reward_intervention,eval/zeroed,greedy,10017,104.77120971679688,0.24,45.12819862365723,discrete
reward_intervention,eval/zeroed,greedy,10018,103.31098937988281,0.275,44.761991024017334,discrete
reward_intervention,eval/zeroed,greedy,10019,107.93357849121094,0.28,42.54681921005249,discrete
reward_intervention,eval/zeroed,greedy,10020,97.04727935791016,0.25,41.330750942230225,discrete
reward_intervention,eval/zeroed,greedy,10021,77.94473266601562,0.245,68.86471557617188,discrete
reward_intervention,eval/zeroed,greedy,10022,100.38517761230469,0.2,51.65419578552246,discrete
reward_intervention,eval/zeroed,greedy,10023,89.74536895751953,0.24,50.361618518829346,discrete
reward_intervention,eval/zeroed,greedy,10024,104.33842468261719,0.25,39.490421772003174,discrete
reward_intervention,eval/zeroed,greedy,10025,101.73007202148438,0.26,38.89168834686279,discrete
reward_intervention,eval/zeroed,greedy,10026,94.77302551269531,0.28,40.84324932098389,discrete
reward_intervention,eval/zeroed,greedy,10027,95.36827087402344,0.26,48.79675817489624,discrete
reward_intervention,eval/zeroed,greedy,10028,101.53652954101562,0.305,51.95433330535889,discrete
reward_intervention,eval/zeroed,greedy,10029,98.40821838378906,0.235,40.60687065124512,discrete
reward_intervention,eval/zeroed,greedy,10030,98.42267608642578,0.2,51.803510665893555,discrete
reward_intervention,eval/zeroed,greedy,10031,86.60076904296875,0.18,60.5513482093811,discrete
reward_intervention,eval/zeroed,greedy,10032,94.85455322265625,0.26,25.502727508544922,discrete
reward_intervention,eval/zeroed,greedy,10033,106.36457061767578,0.235,54.99271202087402,discrete
reward_intervention,eval/zeroed,greedy,10034,105.58636474609375,0.26,44.77259540557861,discrete
reward_intervention,eval/zeroed,greedy,10035,114.32632446289062,0.26,53.27706241607666,discrete
reward_intervention,eval/zeroed,greedy,10036,103.52296447753906,0.255,50.872817039489746,discrete
reward_intervention,eval/zeroed,greedy,10037,108.31654357910156,0.28,28.85557460784912,discrete
reward_intervention,eval/zeroed,greedy,10038,99.51312255859375,0.245,38.5962700843811,discrete
reward_intervention,eval/zeroed,greedy,10039,109.34840393066406,0.275,38.26297187805176,discrete
reward_intervention,eval/zeroed,greedy,10040,94.37523651123047,0.22,57.039945125579834,discrete
reward_intervention,eval/zeroed,greedy,10041,103.31490325927734,0.3,40.28518724441528,discrete
reward_intervention,eval/zeroed,greedy,10042,111.84820556640625,0.28,41.95374059677124,discrete
reward_intervention,eval/zeroed,greedy,10043,95.87084197998047,0.245,55.46653413772583,discrete
reward_intervention,eval/zeroed,greedy,10044,100.22056579589844,0.25,45.28056621551514,discrete
reward_intervention,eval/zeroed,greedy,10045,85.56443786621094,0.24,55.831345558166504,discrete
reward_intervention,eval/zeroed,greedy,10046,98.12100219726562,0.255,52.21655225753784,discrete
reward_intervention,eval/zeroed,greedy,10047,105.76921081542969,0.32,57.11635446548462,discrete
reward_intervention,eval/zeroed,greedy,10048,112.18036651611328,0.205,46.19312000274658,discrete
reward_intervention,eval/zeroed,random,9999,104.20384979248047,0.24,41.401740074157715,discrete
reward_intervention,eval/zeroed,random,10000,110.36770629882812,0.29,51.73642921447754,discrete
reward_intervention,eval/zeroed,random,10001,101.75326538085938,0.265,45.854233264923096,discrete
reward_intervention,eval/zeroed,random,10002,108.02197265625,0.285,44.15881681442261,discrete
reward_intervention,eval/zeroed,random,10003,121.4687728881836,0.325,41.9236798286438,discrete
reward_intervention,eval/zeroed,random,10004,94.25703430175781,0.24,55.0237340927124,discrete
reward_intervention,eval/zeroed,random,10005,99.29074096679688,0.27,59.37734937667847,discrete
reward_intervention,eval/zeroed,random,10006,107.99085235595703,0.325,45.105323791503906,discrete
reward_intervention,eval/zeroed,random,10007,114.64431762695312,0.23,43.23870801925659,discrete
reward_intervention,eval/zeroed,random,10008,91.56184387207031,0.195,67.60078716278076,discrete
reward_intervention,eval/zeroed,random,10009,94.35845184326172,0.19,57.437175273895264,discrete
reward_intervention,eval/zeroed,random,10010,94.16703796386719,0.24,53.67103862762451,discrete
reward_intervention,eval/zeroed,random,10011,109.7741928100586,0.22,43.76759099960327,discrete
reward_intervention,eval/zeroed,random,10012,120.38268280029297,0.27,48.641451358795166,discrete
reward_intervention,eval/zeroed,random,10013,115.09738159179688,0.25,44.02182483673096,discrete
reward_intervention,eval/zeroed,random,10014,93.03694915771484,0.275,60.11474609375,discrete
reward_intervention,eval/zeroed,random,10015,108.04640197753906,0.225,42.38377666473389,discrete
reward_intervention,eval/zeroed,random,10016,95.12654113769531,0.3,42.387423038482666,discrete
reward_intervention,eval/zeroed,random,10017,104.27647399902344,0.245,42.414865016937256,discrete
reward_intervention,eval/zeroed,random,10018,105.53889465332031,0.275,42.61589431762695,discrete
reward_intervention,eval/zeroed,random,10019,103.39932250976562,0.235,46.22064924240112,discrete
reward_intervention,eval/zeroed,random,10020,99.56552124023438,0.23,41.07658672332764,discrete
reward_intervention,eval/zeroed,random,10021,84.97496032714844,0.24,63.445013999938965,discrete
reward_intervention,eval/zeroed,random,10022,105.95201873779297,0.265,47.555158615112305,discrete
reward_intervention,eval/zeroed,random,10023,96.10975646972656,0.27,47.89344549179077,discrete
reward_intervention,eval/zeroed,random,10024,111.04241943359375,0.245,36.56248331069946,discrete
reward_intervention,eval/zeroed,random,10025,94.43516540527344,0.255,46.36319923400879,discrete
reward_intervention,eval/zeroed,random,10026,92.69232177734375,0.235,44.182326316833496,discrete
reward_intervention,eval/zeroed,random,10027,93.04194641113281,0.23,48.355183601379395,discrete
reward_intervention,eval/zeroed,random,10028,97.2858657836914,0.28,59.88522911071777,discrete
reward_intervention,eval/zeroed,random,10029,97.01669311523438,0.255,45.86236047744751,discrete
reward_intervention,eval/zeroed,random,10030,99.0077896118164,0.23,51.50560522079468,discrete
reward_intervention,eval/zeroed,random,10031,95.68562316894531,0.28,52.28444147109985,discrete
reward_intervention,eval/zeroed,random,10032,97.1936264038086,0.25,25.51892328262329,discrete
reward_intervention,eval/zeroed,random,10033,102.43862915039062,0.225,57.66783952713013,discrete
reward_intervention,eval/zeroed,random,10034,108.78402709960938,0.255,43.42113637924194,discrete
reward_intervention,eval/zeroed,random,10035,110.596435546875,0.24,57.719101905822754,discrete
reward_intervention,eval/zeroed,random,10036,105.05601501464844,0.265,45.02997875213623,discrete
reward_intervention,eval/zeroed,random,10037,102.6802749633789,0.26,33.48616933822632,discrete
reward_intervention,eval/zeroed,random,10038,100.32266998291016,0.28,39.76910734176636,discrete
reward_intervention,eval/zeroed,random,10039,111.68927001953125,0.245,38.80545473098755,discrete
reward_intervention,eval/zeroed,random,10040,101.03496551513672,0.29,50.42936849594116,discrete
reward_intervention,eval/zeroed,random,10041,94.65486145019531,0.255,46.75653028488159,discrete
reward_intervention,eval/zeroed,random,10042,107.51129150390625,0.26,47.79604721069336,discrete
reward_intervention,eval/zeroed,random,10043,97.52403259277344,0.255,55.59163570404053,discrete
reward_intervention,eval/zeroed,random,10044,95.8270492553711,0.235,51.391879081726074,discrete
reward_intervention,eval/zeroed,random,10045,93.86679077148438,0.285,52.86617946624756,discrete
reward_intervention,eval/zeroed,random,10046,108.60939025878906,0.285,44.945844650268555,discrete
reward_intervention,eval/zeroed,random,10047,99.97389221191406,0.215,63.16008472442627,discrete
reward_intervention,eval/zeroed,random,10048,106.63331604003906,0.215,52.16561269760132,discrete
reward_intervention,eval/constant,tf_legacy,9999,100.43363952636719,0.26,47.32684516906738,discrete
reward_intervention,eval/constant,tf_legacy,10000,109.31906127929688,0.27,55.783334732055664,discrete
reward_intervention,eval/constant,tf_legacy,10001,94.7013168334961,0.165,52.66824531555176,discrete
reward_intervention,eval/constant,tf_legacy,10002,119.0983657836914,0.34,31.085134506225586,discrete
reward_intervention,eval/constant,tf_legacy,10003,114.27503204345703,0.08,45.999534130096436,discrete
reward_intervention,eval/constant,tf_legacy,10004,88.58615112304688,0.295,58.57417964935303,discrete
reward_intervention,eval/constant,tf_legacy,10005,104.5810775756836,0.35,51.5586633682251,discrete
reward_intervention,eval/constant,tf_legacy,10006,122.11527252197266,0.345,28.207159996032715,discrete
reward_intervention,eval/constant,tf_legacy,10007,116.88475036621094,0.505,37.261791706085205,discrete
reward_intervention,eval/constant,tf_legacy,10008,118.98994445800781,0.425,39.6627984046936,discrete
reward_intervention,eval/constant,tf_legacy,10009,105.13067626953125,0.235,49.79980182647705,discrete
reward_intervention,eval/constant,tf_legacy,10010,127.39359283447266,0.445,18.566251277923584,discrete
reward_intervention,eval/constant,tf_legacy,10011,97.38085174560547,0.035,57.35671854019165,discrete
reward_intervention,eval/constant,tf_legacy,10012,122.80743408203125,0.195,44.146098613739014,discrete
reward_intervention,eval/constant,tf_legacy,10013,108.30154418945312,0.025,47.51246118545532,discrete
reward_intervention,eval/constant,tf_legacy,10014,91.1613998413086,0.37,64.46738815307617,discrete
reward_intervention,eval/constant,tf_legacy,10015,86.32196044921875,0.05,62.949162006378174,discrete
reward_intervention,eval/constant,tf_legacy,10016,117.66011047363281,0.315,23.001895427703857,discrete
reward_intervention,eval/constant,tf_legacy,10017,119.63719177246094,0.405,24.314345836639404,discrete
reward_intervention,eval/constant,tf_legacy,10018,98.34822082519531,0.155,48.8840970993042,discrete
reward_intervention,eval/constant,tf_legacy,10019,99.2463150024414,0.155,47.90798902511597,discrete
reward_intervention,eval/constant,tf_legacy,10020,106.82470703125,0.355,30.057273387908936,discrete
reward_intervention,eval/constant,tf_legacy,10021,58.872291564941406,0.11,89.77050590515137,discrete
reward_intervention,eval/constant,tf_legacy,10022,108.21856689453125,0.255,44.31202507019043,discrete
reward_intervention,eval/constant,tf_legacy,10023,101.22523498535156,0.145,41.25627565383911,discrete
reward_intervention,eval/constant,tf_legacy,10024,111.60711669921875,0.295,33.00678777694702,discrete
reward_intervention,eval/constant,tf_legacy,10025,93.29727172851562,0.18,49.42174196243286,discrete
reward_intervention,eval/constant,tf_legacy,10026,64.33984375,0.0,70.0189151763916,discrete
reward_intervention,eval/constant,tf_legacy,10027,86.80964660644531,0.185,55.84336996078491,discrete
reward_intervention,eval/constant,tf_legacy,10028,80.38130950927734,0.14,67.9692645072937,discrete
reward_intervention,eval/constant,tf_legacy,10029,128.87057495117188,0.545,13.376075744628906,discrete
reward_intervention,eval/constant,tf_legacy,10030,95.72341918945312,0.145,51.35711050033569,discrete
reward_intervention,eval/constant,tf_legacy,10031,98.04658508300781,0.205,48.46789598464966,discrete
reward_intervention,eval/constant,tf_legacy,10032,79.09420013427734,0.135,41.70754957199097,discrete
reward_intervention,eval/constant,tf_legacy,10033,123.37544250488281,0.28,38.231149196624756,discrete
reward_intervention,eval/constant,tf_legacy,10034,109.02543640136719,0.225,37.95587873458862,discrete
reward_intervention,eval/constant,tf_legacy,10035,105.55233001708984,0.145,62.18150758743286,discrete
reward_intervention,eval/constant,tf_legacy,10036,93.92871856689453,0.175,60.37339925765991,discrete
reward_intervention,eval/constant,tf_legacy,10037,100.84896850585938,0.145,36.21732044219971,discrete
reward_intervention,eval/constant,tf_legacy,10038,79.76264190673828,0.06,62.415345191955566,discrete
reward_intervention,eval/constant,tf_legacy,10039,116.4139404296875,0.22,34.807570934295654,discrete
reward_intervention,eval/constant,tf_legacy,10040,104.77191925048828,0.14,49.77867555618286,discrete
reward_intervention,eval/constant,tf_legacy,10041,108.5714111328125,0.43,32.73802900314331,discrete
reward_intervention,eval/constant,tf_legacy,10042,130.69024658203125,0.465,23.35822629928589,discrete
reward_intervention,eval/constant,tf_legacy,10043,75.04853057861328,0.04,78.99613523483276,discrete
reward_intervention,eval/constant,tf_legacy,10044,81.88487243652344,0.19,66.42346906661987,discrete
reward_intervention,eval/constant,tf_legacy,10045,85.85559844970703,0.175,57.71992492675781,discrete
reward_intervention,eval/constant,tf_legacy,10046,60.14537048339844,0.185,94.3637490272522,discrete
reward_intervention,eval/constant,tf_legacy,10047,94.96888732910156,0.22,67.09338617324829,discrete
reward_intervention,eval/constant,tf_legacy,10048,96.90582275390625,0.375,60.31531524658203,discrete
reward_intervention,eval/constant,tf_self,9999,108.52434539794922,0.385,40.18825960159302,discrete
reward_intervention,eval/constant,tf_self,10000,122.29717254638672,0.435,40.33163499832153,discrete
reward_intervention,eval/constant,tf_self,10001,101.83612060546875,0.205,46.97911310195923,discrete
reward_intervention,eval/constant,tf_self,10002,114.3953857421875,0.38,38.97382688522339,discrete
reward_intervention,eval/constant,tf_self,10003,99.91217041015625,0.055,58.13234806060791,discrete
reward_intervention,eval/constant,tf_self,10004,88.58615112304688,0.295,58.57417964935303,discrete
reward_intervention,eval/constant,tf_self,10005,100.03160095214844,0.325,56.597466468811035,discrete
reward_intervention,eval/constant,tf_self,10006,105.0819320678711,0.4,43.38274812698364,discrete
reward_intervention,eval/constant,tf_self,10007,116.88475036621094,0.505,37.261791706085205,discrete
reward_intervention,eval/constant,tf_self,10008,118.98994445800781,0.425,39.6627984046936,discrete
reward_intervention,eval/constant,tf_self,10009,103.33720397949219,0.29,49.925230503082275,discrete
reward_intervention,eval/constant,tf_self,10010,112.59986877441406,0.365,32.6886043548584,discrete
reward_intervention,eval/constant,tf_self,10011,95.77014923095703,0.075,58.61679697036743,discrete
reward_intervention,eval/constant,tf_self,10012,98.18875122070312,0.33,68.25907516479492,discrete
reward_intervention,eval/constant,tf_self,10013,125.6130142211914,0.115,33.7031512260437,discrete
reward_intervention,eval/constant,tf_self,10014,91.1613998413086,0.37,64.46738815307617,discrete
reward_intervention,eval/constant,tf_self,10015,98.46826934814453,0.07,50.80757713317871,discrete
reward_intervention,eval/constant,tf_self,10016,101.95570373535156,0.505,38.76654529571533,discrete
reward_intervention,eval/constant,tf_self,10017,118.04071044921875,0.485,26.678260326385498,discrete
reward_intervention,eval/constant,tf_self,10018,98.34822082519531,0.155,48.8840970993042,discrete
reward_intervention,eval/constant,tf_self,10019,139.82049560546875,0.655,10.253830432891846,discrete
reward_intervention,eval/constant,tf_self,10020,117.88392639160156,0.405,20.567500114440918,discrete
reward_intervention,eval/constant,tf_self,10021,61.75808334350586,0.0,88.06303787231445,discrete
reward_intervention,eval/constant,tf_self,10022,108.21856689453125,0.255,44.31202507019043,discrete
reward_intervention,eval/constant,tf_self,10023,113.9000473022461,0.43,30.752514839172363,discrete
reward_intervention,eval/constant,tf_self,10024,99.53216552734375,0.26,44.23127603530884,discrete
reward_intervention,eval/constant,tf_self,10025,93.29727172851562,0.18,49.42174196243286,discrete
reward_intervention,eval/constant,tf_self,10026,75.35267639160156,0.12,57.32414245605469,discrete
reward_intervention,eval/constant,tf_self,10027,108.67337036132812,0.395,34.06579780578613,discrete
reward_intervention,eval/constant,tf_self,10028,103.10224151611328,0.255,54.38024663925171,discrete
reward_intervention,eval/constant,tf_self,10029,128.87057495117188,0.545,13.376075744628906,discrete
reward_intervention,eval/constant,tf_self,10030,82.34893035888672,0.135,63.49938249588013,discrete
reward_intervention,eval/constant,tf_self,10031,110.01356506347656,0.265,36.419747829437256,discrete
reward_intervention,eval/constant,tf_self,10032,95.03544616699219,0.1,26.897744178771973,discrete
reward_intervention,eval/constant,tf_self,10033,124.21712493896484,0.205,35.981247425079346,discrete
reward_intervention,eval/constant,tf_self,10034,96.50788116455078,0.39,53.59350252151489,discrete
reward_intervention,eval/constant,tf_self,10035,128.63150024414062,0.325,39.051259994506836,discrete
reward_intervention,eval/constant,tf_self,10036,92.73291015625,0.3,64.79764461517334,discrete
reward_intervention,eval/constant,tf_self,10037,95.4544448852539,0.235,41.4811635017395,discrete
reward_intervention,eval/constant,tf_self,10038,94.82625579833984,0.165,44.17293882369995,discrete
reward_intervention,eval/constant,tf_self,10039,112.79283905029297,0.24,39.24212121963501,discrete
reward_intervention,eval/constant,tf_self,10040,93.7421875,0.17,59.34556770324707,discrete
reward_intervention,eval/constant,tf_self,10041,108.5714111328125,0.43,32.73802900314331,discrete
reward_intervention,eval/constant,tf_self,10042,130.69024658203125,0.465,23.35822629928589,discrete
reward_intervention,eval/constant,tf_self,10043,92.501220703125,0.165,60.78969955444336,discrete
reward_intervention,eval/constant,tf_self,10044,89.75596618652344,0.18,56.19813632965088,discrete
reward_intervention,eval/constant,tf_self,10045,85.85559844970703,0.175,57.71992492675781,discrete
reward_intervention,eval/constant,tf_self,10046,60.14537048339844,0.185,94.3637490272522,discrete
reward_intervention,eval/constant,tf_self,10047,86.34309387207031,0.285,74.08573389053345,discrete
reward_intervention,eval/constant,tf_self,10048,132.18045043945312,0.445,26.692273139953613,discrete
reward_intervention,eval/constant,optimal,9999,141.20579528808594,1.0,0.0,discrete
reward_intervention,eval/constant,optimal,10000,160.66639709472656,1.0,0.0,discrete
reward_intervention,eval/constant,optimal,10001,145.31277465820312,1.0,0.0,discrete
reward_intervention,eval/constant,optimal,10002,154.31651306152344,1.0,0.0,discrete
reward_intervention,eval/constant,optimal,10003,159.40057373046875,1.0,0.0,discrete
reward_intervention,eval/constant,optimal,10004,149.41934204101562,1.0,0.0,discrete
reward_intervention,eval/constant,optimal,10005,156.21694946289062,1.0,0.0,discrete
reward_intervention,eval/constant,optimal,10006,145.3865203857422,1.0,0.0,discrete
reward_intervention,eval/constant,optimal,10007,155.88116455078125,1.0,0.0,discrete
reward_intervention,eval/constant,optimal,10008,157.59585571289062,1.0,0.0,discrete
reward_intervention,eval/constant,optimal,10009,153.279296875,1.0,0.0,discrete
reward_intervention,eval/constant,optimal,10010,150.4432373046875,1.0,0.0,discrete
reward_intervention,eval/constant,optimal,10011,154.8956298828125,1.0,0.0,discrete
reward_intervention,eval/constant,optimal,10012,163.3168182373047,1.0,0.0,discrete
reward_intervention,eval/constant,optimal,10013,157.58216857910156,1.0,0.0,discrete
reward_intervention,eval/constant,optimal,10014,153.15005493164062,1.0,0.0,discrete
reward_intervention,eval/constant,optimal,10015,150.13525390625,1.0,0.0,discrete
reward_intervention,eval/constant,optimal,10016,136.85256958007812,1.0,0.0,discrete
reward_intervention,eval/constant,optimal,10017,149.96990966796875,1.0,0.0,discrete
reward_intervention,eval/constant,optimal,10018,145.6324462890625,1.0,0.0,discrete
reward_intervention,eval/constant,optimal,10019,152.00038146972656,1.0,0.0,discrete
reward_intervention,eval/constant,optimal,10020,139.1854248046875,1.0,0.0,discrete
reward_intervention,eval/constant,optimal,10021,146.62905883789062,1.0,0.0,discrete
reward_intervention,eval/constant,optimal,10022,151.38845825195312,1.0,0.0,discrete
reward_intervention,eval/constant,optimal,10023,140.74717712402344,1.0,0.0,discrete
reward_intervention,eval/constant,optimal,10024,145.08932495117188,1.0,0.0,discrete
reward_intervention,eval/constant,optimal,10025,141.3740234375,1.0,0.0,discrete
reward_intervention,eval/constant,optimal,10026,133.78631591796875,1.0,0.0,discrete
reward_intervention,eval/constant,optimal,10027,141.1024169921875,1.0,0.0,discrete
reward_intervention,eval/constant,optimal,10028,158.6577606201172,1.0,0.0,discrete
reward_intervention,eval/constant,optimal,10029,139.73892211914062,1.0,0.0,discrete
reward_intervention,eval/constant,optimal,10030,153.2302703857422,1.0,0.0,discrete
reward_intervention,eval/constant,optimal,10031,148.677001953125,1.0,0.0,discrete
reward_intervention,eval/constant,optimal,10032,118.6419906616211,1.0,0.0,discrete
reward_intervention,eval/constant,optimal,10033,160.3961944580078,1.0,0.0,discrete
reward_intervention,eval/constant,optimal,10034,151.35794067382812,1.0,0.0,discrete
reward_intervention,eval/constant,optimal,10035,167.00559997558594,1.0,0.0,discrete
reward_intervention,eval/constant,optimal,10036,152.4580535888672,1.0,0.0,discrete
reward_intervention,eval/constant,optimal,10037,138.62362670898438,1.0,0.0,discrete
reward_intervention,eval/constant,optimal,10038,139.50601196289062,1.0,0.0,discrete
reward_intervention,eval/constant,optimal,10039,155.94541931152344,1.0,0.0,discrete
reward_intervention,eval/constant,optimal,10040,149.40174865722656,1.0,0.0,discrete
reward_intervention,eval/constant,optimal,10041,143.17428588867188,1.0,0.0,discrete
reward_intervention,eval/constant,optimal,10042,156.06277465820312,1.0,0.0,discrete
reward_intervention,eval/constant,optimal,10043,153.32635498046875,1.0,0.0,discrete
reward_intervention,eval/constant,optimal,10044,144.0423583984375,1.0,0.0,discrete
reward_intervention,eval/constant,optimal,10045,145.1358642578125,1.0,0.0,discrete
reward_intervention,eval/constant,optimal,10046,152.8437042236328,1.0,0.0,discrete
reward_intervention,eval/constant,optimal,10047,164.7223663330078,1.0,0.0,discrete
reward_intervention,eval/constant,optimal,10048,156.09974670410156,1.0,0.0,discrete
reward_intervention,eval/constant,epsgreedy,9999,110.64895629882812,0.175,32.90065383911133,discrete
reward_intervention,eval/constant,epsgreedy,10000,122.73384094238281,0.345,41.37554693222046,discrete
reward_intervention,eval/constant,epsgreedy,10001,99.48368072509766,0.32,48.372039794921875,discrete
reward_intervention,eval/constant,epsgreedy,10002,133.37445068359375,0.445,23.65154218673706,discrete
reward_intervention,eval/constant,epsgreedy,10003,116.76414489746094,0.09,44.47616195678711,discrete
reward_intervention,eval/constant,epsgreedy,10004,84.528076171875,0.215,63.67159461975098,discrete
reward_intervention,eval/constant,epsgreedy,10005,92.32110595703125,0.245,66.052001953125,discrete
reward_intervention,eval/constant,epsgreedy,10006,122.41961669921875,0.435,23.949037551879883,discrete
reward_intervention,eval/constant,epsgreedy,10007,108.54395294189453,0.07,47.91498374938965,discrete
reward_intervention,eval/constant,epsgreedy,10008,117.58805847167969,0.4,41.13453531265259,discrete
reward_intervention,eval/constant,epsgreedy,10009,88.09746551513672,0.12,66.50300788879395,discrete
reward_intervention,eval/constant,epsgreedy,10010,106.47223663330078,0.475,42.96776580810547,discrete
reward_intervention,eval/constant,epsgreedy,10011,106.62991333007812,0.235,48.34310722351074,discrete
reward_intervention,eval/constant,epsgreedy,10012,106.65526580810547,0.285,59.93489217758179,discrete
reward_intervention,eval/constant,epsgreedy,10013,111.61190795898438,0.03,47.36269569396973,discrete
reward_intervention,eval/constant,epsgreedy,10014,114.71223449707031,0.36,42.368932247161865,discrete
reward_intervention,eval/constant,epsgreedy,10015,102.29894256591797,0.115,46.95811891555786,discrete
reward_intervention,eval/constant,epsgreedy,10016,94.9859848022461,0.175,45.17349433898926,discrete
reward_intervention,eval/constant,epsgreedy,10017,111.56259155273438,0.45,37.013856410980225,discrete
reward_intervention,eval/constant,epsgreedy,10018,98.57391357421875,0.31,46.52860116958618,discrete
reward_intervention,eval/constant,epsgreedy,10019,104.0965576171875,0.305,46.092562198638916,discrete
reward_intervention,eval/constant,epsgreedy,10020,95.30860137939453,0.245,42.999516010284424,discrete
reward_intervention,eval/constant,epsgreedy,10021,69.38954162597656,0.255,78.6982479095459,discrete
reward_intervention,eval/constant,epsgreedy,10022,103.73979187011719,0.23,50.53535270690918,discrete
reward_intervention,eval/constant,epsgreedy,10023,90.51861572265625,0.275,49.79594326019287,discrete
reward_intervention,eval/constant,epsgreedy,10024,103.16313934326172,0.32,39.56901407241821,discrete
reward_intervention,eval/constant,epsgreedy,10025,110.52413940429688,0.38,32.650710582733154,discrete
reward_intervention,eval/constant,epsgreedy,10026,113.40237426757812,0.41,21.455662727355957,discrete
reward_intervention,eval/constant,epsgreedy,10027,103.88917541503906,0.395,37.007994174957275,discrete
reward_intervention,eval/constant,epsgreedy,10028,82.45565795898438,0.06,67.1092529296875,discrete
reward_intervention,eval/constant,epsgreedy,10029,103.25316619873047,0.415,39.509706020355225,discrete
reward_intervention,eval/constant,epsgreedy,10030,100.27627563476562,0.14,49.02757215499878,discrete
reward_intervention,eval/constant,epsgreedy,10031,107.26866149902344,0.29,42.40162181854248,discrete
reward_intervention,eval/constant,epsgreedy,10032,97.22856140136719,0.205,23.104920387268066,discrete
reward_intervention,eval/constant,epsgreedy,10033,107.5379409790039,0.515,52.25171661376953,discrete
reward_intervention,eval/constant,epsgreedy,10034,95.10397338867188,0.06,58.977625370025635,discrete
reward_intervention,eval/constant,epsgreedy,10035,93.07798767089844,0.055,74.40325593948364,discrete
reward_intervention,eval/constant,epsgreedy,10036,106.83749389648438,0.27,49.453869342803955,discrete
reward_intervention,eval/constant,epsgreedy,10037,110.57669067382812,0.275,26.306099891662598,discrete
reward_intervention,eval/constant,epsgreedy,10038,109.16377258300781,0.3,30.99301528930664,discrete
reward_intervention,eval/constant,epsgreedy,10039,109.53488159179688,0.1,41.06974792480469,discrete
reward_intervention,eval/constant,epsgreedy,10040,104.0337905883789,0.375,49.296507358551025,discrete
reward_intervention,eval/constant,epsgreedy,10041,108.63241577148438,0.38,34.69420862197876,discrete
reward_intervention,eval/constant,epsgreedy,10042,117.19518280029297,0.27,39.992454528808594,discrete
reward_intervention,eval/constant,epsgreedy,10043,74.07441711425781,0.05,79.90978336334229,discrete
reward_intervention,eval/constant,epsgreedy,10044,74.43745422363281,0.05,69.26027727127075,discrete
reward_intervention,eval/constant,epsgreedy,10045,85.00856018066406,0.23,59.35402059555054,discrete
reward_intervention,eval/constant,epsgreedy,10046,95.11380767822266,0.28,56.34037733078003,discrete
reward_intervention,eval/constant,epsgreedy,10047,74.98405456542969,0.04,85.40512990951538,discrete
reward_intervention,eval/constant,epsgreedy,10048,76.4119873046875,0.095,80.0037031173706,discrete
reward_intervention,eval/constant,greedy,9999,116.21321105957031,0.37,28.435359001159668,discrete
reward_intervention,eval/constant,greedy,10000,130.25491333007812,0.405,35.99556541442871,discrete
reward_intervention,eval/constant,greedy,10001,95.36604309082031,0.355,49.389243602752686,discrete
reward_intervention,eval/constant,greedy,10002,130.80764770507812,0.25,22.347784519195557,discrete
reward_intervention,eval/constant,greedy,10003,123.82444763183594,0.335,35.21890115737915,discrete
reward_intervention,eval/constant,greedy,10004,94.44004821777344,0.415,52.037386894226074,discrete
reward_intervention,eval/constant,greedy,10005,97.40565490722656,0.33,62.226232051849365,discrete
reward_intervention,eval/constant,greedy,10006,123.1752700805664,0.435,23.91289710998535,discrete
reward_intervention,eval/constant,greedy,10007,107.86105346679688,0.34,51.13878297805786,discrete
reward_intervention,eval/constant,greedy,10008,119.82283020019531,0.395,40.22409963607788,discrete
reward_intervention,eval/constant,greedy,10009,81.87120056152344,0.105,71.12204265594482,discrete
reward_intervention,eval/constant,greedy,10010,121.81659698486328,0.67,23.706756591796875,discrete
reward_intervention,eval/constant,greedy,10011,119.72193908691406,0.295,37.70997476577759,discrete
reward_intervention,eval/constant,greedy,10012,107.74591064453125,0.3,59.344022274017334,discrete
reward_intervention,eval/constant,greedy,10013,114.51885986328125,0.13,48.790743350982666,discrete
reward_intervention,eval/constant,greedy,10014,97.99967956542969,0.375,59.03838491439819,discrete
reward_intervention,eval/constant,greedy,10015,107.29789733886719,0.185,42.02251482009888,discrete
reward_intervention,eval/constant,greedy,10016,92.34455108642578,0.16,48.51800060272217,discrete
reward_intervention,eval/constant,greedy,10017,101.39767456054688,0.325,45.75541305541992,discrete
reward_intervention,eval/constant,greedy,10018,89.79898071289062,0.21,55.98627758026123,discrete
reward_intervention,eval/constant,greedy,10019,103.77257537841797,0.335,46.31757831573486,discrete
reward_intervention,eval/constant,greedy,10020,111.34803771972656,0.445,25.150556087493896,discrete
reward_intervention,eval/constant,greedy,10021,113.52108001708984,0.685,33.69003486633301,discrete
reward_intervention,eval/constant,greedy,10022,85.93226623535156,0.095,66.84225654602051,discrete
reward_intervention,eval/constant,greedy,10023,85.41986846923828,0.305,54.58752393722534,discrete
reward_intervention,eval/constant,greedy,10024,102.89273071289062,0.275,42.500664710998535,discrete
reward_intervention,eval/constant,greedy,10025,101.37310791015625,0.2,39.579379081726074,discrete
reward_intervention,eval/constant,greedy,10026,112.27884674072266,0.435,21.65011978149414,discrete
reward_intervention,eval/constant,greedy,10027,104.55899047851562,0.4,36.578927993774414,discrete
reward_intervention,eval/constant,greedy,10028,77.26789093017578,0.0,72.8514313697815,discrete
reward_intervention,eval/constant,greedy,10029,105.67686462402344,0.435,32.70052194595337,discrete
reward_intervention,eval/constant,greedy,10030,94.00907897949219,0.0,50.7260856628418,discrete
reward_intervention,eval/constant,greedy,10031,109.38351440429688,0.505,38.67661476135254,discrete
reward_intervention,eval/constant,greedy,10032,94.4428939819336,0.2,26.016778469085693,discrete
reward_intervention,eval/constant,greedy,10033,113.5499496459961,0.24,47.464340686798096,discrete
reward_intervention,eval/constant,greedy,10034,95.77828979492188,0.155,54.81480932235718,discrete
reward_intervention,eval/constant,greedy,10035,90.38232421875,0.045,78.56085729598999,discrete
reward_intervention,eval/constant,greedy,10036,110.94038391113281,0.285,48.42382192611694,discrete
reward_intervention,eval/constant,greedy,10037,119.97256469726562,0.41,20.865209102630615,discrete
reward_intervention,eval/constant,greedy,10038,112.21656799316406,0.31,26.941014289855957,discrete
reward_intervention,eval/constant,greedy,10039,105.12049865722656,0.1,43.71299171447754,discrete
reward_intervention,eval/constant,greedy,10040,111.46609497070312,0.435,42.202693462371826,discrete
reward_intervention,eval/constant,greedy,10041,108.49009704589844,0.41,35.526939868927,discrete
reward_intervention,eval/constant,greedy,10042,120.11172485351562,0.165,34.357868671417236,discrete
reward_intervention,eval/constant,greedy,10043,115.28866577148438,0.475,38.06963872909546,discrete
reward_intervention,eval/constant,greedy,10044,83.68037414550781,0.09,63.39927816390991,discrete
reward_intervention,eval/constant,greedy,10045,91.5732650756836,0.135,53.30200147628784,discrete
reward_intervention,eval/constant,greedy,10046,89.93717956542969,0.26,64.27124834060669,discrete
reward_intervention,eval/constant,greedy,10047,69.25208282470703,0.0,92.7829704284668,discrete
reward_intervention,eval/constant,greedy,10048,82.98728942871094,0.26,73.00773286819458,discrete
reward_intervention,eval/constant,random,9999,104.20384979248047,0.24,41.401740074157715,discrete
reward_intervention,eval/constant,random,10000,110.36770629882812,0.29,51.73642921447754,discrete
reward_intervention,eval/constant,random,10001,101.75326538085938,0.265,45.854233264923096,discrete
reward_intervention,eval/constant,random,10002,108.02197265625,0.285,44.15881681442261,discrete
reward_intervention,eval/constant,random,10003,121.4687728881836,0.325,41.9236798286438,discrete
reward_intervention,eval/constant,random,10004,94.25703430175781,0.24,55.0237340927124,discrete
reward_intervention,eval/constant,random,10005,99.29074096679688,0.27,59.37734937667847,discrete
reward_intervention,eval/constant,random,10006,107.99085235595703,0.325,45.105323791503906,discrete
reward_intervention,eval/constant,random,10007,114.64431762695312,0.23,43.23870801925659,discrete
reward_intervention,eval/constant,random,10008,91.56184387207031,0.195,67.60078716278076,discrete
reward_intervention,eval/constant,random,10009,94.35845184326172,0.19,57.437175273895264,discrete
reward_intervention,eval/constant,random,10010,94.16703796386719,0.24,53.67103862762451,discrete
reward_intervention,eval/constant,random,10011,109.7741928100586,0.22,43.76759099960327,discrete
reward_intervention,eval/constant,random,10012,120.38268280029297,0.27,48.641451358795166,discrete
reward_intervention,eval/constant,random,10013,115.09738159179688,0.25,44.02182483673096,discrete
reward_intervention,eval/constant,random,10014,93.03694915771484,0.275,60.11474609375,discrete
reward_intervention,eval/constant,random,10015,108.04640197753906,0.225,42.38377666473389,discrete
reward_intervention,eval/constant,random,10016,95.12654113769531,0.3,42.387423038482666,discrete
reward_intervention,eval/constant,random,10017,104.27647399902344,0.245,42.414865016937256,discrete
reward_intervention,eval/constant,random,10018,105.53889465332031,0.275,42.61589431762695,discrete
reward_intervention,eval/constant,random,10019,103.39932250976562,0.235,46.22064924240112,discrete
reward_intervention,eval/constant,random,10020,99.56552124023438,0.23,41.07658672332764,discrete
reward_intervention,eval/constant,random,10021,84.97496032714844,0.24,63.445013999938965,discrete
reward_intervention,eval/constant,random,10022,105.95201873779297,0.265,47.555158615112305,discrete
reward_intervention,eval/constant,random,10023,96.10975646972656,0.27,47.89344549179077,discrete
reward_intervention,eval/constant,random,10024,111.04241943359375,0.245,36.56248331069946,discrete
reward_intervention,eval/constant,random,10025,94.43516540527344,0.255,46.36319923400879,discrete
reward_intervention,eval/constant,random,10026,92.69232177734375,0.235,44.182326316833496,discrete
reward_intervention,eval/constant,random,10027,93.04194641113281,0.23,48.355183601379395,discrete
reward_intervention,eval/constant,random,10028,97.2858657836914,0.28,59.88522911071777,discrete
reward_intervention,eval/constant,random,10029,97.01669311523438,0.255,45.86236047744751,discrete
reward_intervention,eval/constant,random,10030,99.0077896118164,0.23,51.50560522079468,discrete
reward_intervention,eval/constant,random,10031,95.68562316894531,0.28,52.28444147109985,discrete
reward_intervention,eval/constant,random,10032,97.1936264038086,0.25,25.51892328262329,discrete
reward_intervention,eval/constant,random,10033,102.43862915039062,0.225,57.66783952713013,discrete
reward_intervention,eval/constant,random,10034,108.78402709960938,0.255,43.42113637924194,discrete
reward_intervention,eval/constant,random,10035,110.596435546875,0.24,57.719101905822754,discrete
reward_intervention,eval/constant,random,10036,105.05601501464844,0.265,45.02997875213623,discrete
reward_intervention,eval/constant,random,10037,102.6802749633789,0.26,33.48616933822632,discrete
reward_intervention,eval/constant,random,10038,100.32266998291016,0.28,39.76910734176636,discrete
reward_intervention,eval/constant,random,10039,111.68927001953125,0.245,38.80545473098755,discrete
reward_intervention,eval/constant,random,10040,101.03496551513672,0.29,50.42936849594116,discrete
reward_intervention,eval/constant,random,10041,94.65486145019531,0.255,46.75653028488159,discrete
reward_intervention,eval/constant,random,10042,107.51129150390625,0.26,47.79604721069336,discrete
reward_intervention,eval/constant,random,10043,97.52403259277344,0.255,55.59163570404053,discrete
reward_intervention,eval/constant,random,10044,95.8270492553711,0.235,51.391879081726074,discrete
reward_intervention,eval/constant,random,10045,93.86679077148438,0.285,52.86617946624756,discrete
reward_intervention,eval/constant,random,10046,108.60939025878906,0.285,44.945844650268555,discrete
reward_intervention,eval/constant,random,10047,99.97389221191406,0.215,63.16008472442627,discrete
reward_intervention,eval/constant,random,10048,106.63331604003906,0.215,52.16561269760132,discrete
reward_intervention,eval/decorrelated,tf_legacy,9999,100.84107971191406,0.215,47.78583574295044,discrete
reward_intervention,eval/decorrelated,tf_legacy,10000,109.49024963378906,0.275,55.58045530319214,discrete
reward_intervention,eval/decorrelated,tf_legacy,10001,95.64716339111328,0.16,52.96031332015991,discrete
reward_intervention,eval/decorrelated,tf_legacy,10002,116.16362762451172,0.33,34.35712194442749,discrete
reward_intervention,eval/decorrelated,tf_legacy,10003,114.71684265136719,0.07,45.798828125,discrete
reward_intervention,eval/decorrelated,tf_legacy,10004,88.58615112304688,0.295,58.57417964935303,discrete
reward_intervention,eval/decorrelated,tf_legacy,10005,105.29742431640625,0.365,51.16345548629761,discrete
reward_intervention,eval/decorrelated,tf_legacy,10006,121.65717315673828,0.34,28.758192539215088,discrete
reward_intervention,eval/decorrelated,tf_legacy,10007,116.88475036621094,0.505,37.261791706085205,discrete
reward_intervention,eval/decorrelated,tf_legacy,10008,118.98994445800781,0.425,39.6627984046936,discrete
reward_intervention,eval/decorrelated,tf_legacy,10009,105.13067626953125,0.235,49.79980182647705,discrete
reward_intervention,eval/decorrelated,tf_legacy,10010,125.79737854003906,0.395,20.467571258544922,discrete
reward_intervention,eval/decorrelated,tf_legacy,10011,97.54203033447266,0.035,57.31458902359009,discrete
reward_intervention,eval/decorrelated,tf_legacy,10012,122.80743408203125,0.195,44.146098613739014,discrete
reward_intervention,eval/decorrelated,tf_legacy,10013,108.00909423828125,0.025,47.84162759780884,discrete
reward_intervention,eval/decorrelated,tf_legacy,10014,91.1613998413086,0.37,64.46738815307617,discrete
reward_intervention,eval/decorrelated,tf_legacy,10015,87.92019653320312,0.08,61.785398960113525,discrete
reward_intervention,eval/decorrelated,tf_legacy,10016,118.56636047363281,0.295,22.744749069213867,discrete
reward_intervention,eval/decorrelated,tf_legacy,10017,119.63719177246094,0.405,24.314345836639404,discrete
reward_intervention,eval/decorrelated,tf_legacy,10018,98.34822082519531,0.155,48.8840970993042,discrete
reward_intervention,eval/decorrelated,tf_legacy,10019,98.79594421386719,0.14,48.663819313049316,discrete
reward_intervention,eval/decorrelated,tf_legacy,10020,104.94367980957031,0.33,31.830507278442383,discrete
reward_intervention,eval/decorrelated,tf_legacy,10021,58.54432678222656,0.105,90.31634283065796,discrete
reward_intervention,eval/decorrelated,tf_legacy,10022,108.21856689453125,0.255,44.31202507019043,discrete
reward_intervention,eval/decorrelated,tf_legacy,10023,101.22523498535156,0.145,41.25627565383911,discrete
reward_intervention,eval/decorrelated,tf_legacy,10024,110.9857177734375,0.275,34.03432846069336,discrete
reward_intervention,eval/decorrelated,tf_legacy,10025,93.29727172851562,0.18,49.42174196243286,discrete
reward_intervention,eval/decorrelated,tf_legacy,10026,63.36386489868164,0.0,70.94309091567993,discrete
reward_intervention,eval/decorrelated,tf_legacy,10027,86.68727111816406,0.19,55.87048006057739,discrete
reward_intervention,eval/decorrelated,tf_legacy,10028,80.41312408447266,0.14,68.17701578140259,discrete
reward_intervention,eval/decorrelated,tf_legacy,10029,128.87057495117188,0.545,13.376075744628906,discrete
reward_intervention,eval/decorrelated,tf_legacy,10030,95.8101577758789,0.145,51.36690807342529,discrete
reward_intervention,eval/decorrelated,tf_legacy,10031,95.37815856933594,0.21,50.1173791885376,discrete
reward_intervention,eval/decorrelated,tf_legacy,10032,79.06358337402344,0.135,41.950759410858154,discrete
reward_intervention,eval/decorrelated,tf_legacy,10033,117.6097412109375,0.26,43.14317274093628,discrete
reward_intervention,eval/decorrelated,tf_legacy,10034,109.02543640136719,0.225,37.95587873458862,discrete
reward_intervention,eval/decorrelated,tf_legacy,10035,105.32958221435547,0.155,62.31006050109863,discrete
reward_intervention,eval/decorrelated,tf_legacy,10036,93.92871856689453,0.175,60.37339925765991,discrete
reward_intervention,eval/decorrelated,tf_legacy,10037,101.45218658447266,0.175,35.69615364074707,discrete
reward_intervention,eval/decorrelated,tf_legacy,10038,79.76264190673828,0.06,62.415345191955566,discrete
reward_intervention,eval/decorrelated,tf_legacy,10039,116.6143798828125,0.225,34.524734020233154,discrete
reward_intervention,eval/decorrelated,tf_legacy,10040,103.75157165527344,0.14,50.87296438217163,discrete
reward_intervention,eval/decorrelated,tf_legacy,10041,108.5714111328125,0.43,32.73802900314331,discrete
reward_intervention,eval/decorrelated,tf_legacy,10042,130.69024658203125,0.465,23.35822629928589,discrete
reward_intervention,eval/decorrelated,tf_legacy,10043,75.7589111328125,0.04,78.2083568572998,discrete
reward_intervention,eval/decorrelated,tf_legacy,10044,82.34587860107422,0.18,66.90600442886353,discrete
reward_intervention,eval/decorrelated,tf_legacy,10045,85.85559844970703,0.175,57.71992492675781,discrete
reward_intervention,eval/decorrelated,tf_legacy,10046,60.14537048339844,0.185,94.3637490272522,discrete
reward_intervention,eval/decorrelated,tf_legacy,10047,96.17533874511719,0.23,65.80904722213745,discrete
reward_intervention,eval/decorrelated,tf_legacy,10048,96.677734375,0.36,60.52187490463257,discrete
reward_intervention,eval/decorrelated,tf_self,9999,108.52434539794922,0.385,40.18825960159302,discrete
reward_intervention,eval/decorrelated,tf_self,10000,122.29717254638672,0.435,40.33163499832153,discrete
reward_intervention,eval/decorrelated,tf_self,10001,103.37596130371094,0.215,45.08585834503174,discrete
reward_intervention,eval/decorrelated,tf_self,10002,114.3953857421875,0.38,38.97382688522339,discrete
reward_intervention,eval/decorrelated,tf_self,10003,99.91217041015625,0.055,58.13234806060791,discrete
reward_intervention,eval/decorrelated,tf_self,10004,88.58615112304688,0.295,58.57417964935303,discrete
reward_intervention,eval/decorrelated,tf_self,10005,101.35054016113281,0.335,55.13367319107056,discrete
reward_intervention,eval/decorrelated,tf_self,10006,105.0819320678711,0.4,43.38274812698364,discrete
reward_intervention,eval/decorrelated,tf_self,10007,116.88475036621094,0.505,37.261791706085205,discrete
reward_intervention,eval/decorrelated,tf_self,10008,118.98994445800781,0.425,39.6627984046936,discrete
reward_intervention,eval/decorrelated,tf_self,10009,103.33720397949219,0.29,49.925230503082275,discrete
reward_intervention,eval/decorrelated,tf_self,10010,111.39981079101562,0.36,34.10059118270874,discrete
reward_intervention,eval/decorrelated,tf_self,10011,95.77014923095703,0.075,58.61679697036743,discrete
reward_intervention,eval/decorrelated,tf_self,10012,98.18875122070312,0.33,68.25907516479492,discrete
reward_intervention,eval/decorrelated,tf_self,10013,125.6130142211914,0.115,33.7031512260437,discrete
reward_intervention,eval/decorrelated,tf_self,10014,91.1613998413086,0.37,64.46738815307617,discrete
reward_intervention,eval/decorrelated,tf_self,10015,98.46826934814453,0.07,50.80757713317871,discrete
reward_intervention,eval/decorrelated,tf_self,10016,101.95570373535156,0.505,38.76654529571533,discrete
reward_intervention,eval/decorrelated,tf_self,10017,118.04071044921875,0.485,26.678260326385498,discrete
reward_intervention,eval/decorrelated,tf_self,10018,98.34822082519531,0.155,48.8840970993042,discrete
reward_intervention,eval/decorrelated,tf_self,10019,139.82049560546875,0.655,10.253830432891846,discrete
reward_intervention,eval/decorrelated,tf_self,10020,117.88392639160156,0.405,20.567500114440918,discrete
reward_intervention,eval/decorrelated,tf_self,10021,61.75808334350586,0.0,88.06303787231445,discrete
reward_intervention,eval/decorrelated,tf_self,10022,108.21856689453125,0.255,44.31202507019043,discrete
reward_intervention,eval/decorrelated,tf_self,10023,113.9000473022461,0.43,30.752514839172363,discrete
reward_intervention,eval/decorrelated,tf_self,10024,100.28112030029297,0.27,43.43245601654053,discrete
reward_intervention,eval/decorrelated,tf_self,10025,93.29727172851562,0.18,49.42174196243286,discrete
reward_intervention,eval/decorrelated,tf_self,10026,75.35267639160156,0.12,57.32414245605469,discrete
reward_intervention,eval/decorrelated,tf_self,10027,108.67337036132812,0.395,34.06579780578613,discrete
reward_intervention,eval/decorrelated,tf_self,10028,103.10224151611328,0.255,54.38024663925171,discrete
reward_intervention,eval/decorrelated,tf_self,10029,128.87057495117188,0.545,13.376075744628906,discrete
reward_intervention,eval/decorrelated,tf_self,10030,82.34893035888672,0.135,63.49938249588013,discrete
reward_intervention,eval/decorrelated,tf_self,10031,110.01356506347656,0.265,36.419747829437256,discrete
reward_intervention,eval/decorrelated,tf_self,10032,95.03544616699219,0.1,26.897744178771973,discrete
reward_intervention,eval/decorrelated,tf_self,10033,124.21712493896484,0.205,35.981247425079346,discrete
reward_intervention,eval/decorrelated,tf_self,10034,96.50788116455078,0.39,53.59350252151489,discrete
reward_intervention,eval/decorrelated,tf_self,10035,128.63150024414062,0.325,39.051259994506836,discrete
reward_intervention,eval/decorrelated,tf_self,10036,91.78375244140625,0.29,65.00699234008789,discrete
reward_intervention,eval/decorrelated,tf_self,10037,95.4544448852539,0.235,41.4811635017395,discrete
reward_intervention,eval/decorrelated,tf_self,10038,94.82625579833984,0.165,44.17293882369995,discrete
reward_intervention,eval/decorrelated,tf_self,10039,112.74314880371094,0.235,39.29576349258423,discrete
reward_intervention,eval/decorrelated,tf_self,10040,93.7421875,0.17,59.34556770324707,discrete
reward_intervention,eval/decorrelated,tf_self,10041,108.5714111328125,0.43,32.73802900314331,discrete
reward_intervention,eval/decorrelated,tf_self,10042,130.69024658203125,0.465,23.35822629928589,discrete
reward_intervention,eval/decorrelated,tf_self,10043,92.501220703125,0.165,60.78969955444336,discrete
reward_intervention,eval/decorrelated,tf_self,10044,89.21864318847656,0.175,56.62362003326416,discrete
reward_intervention,eval/decorrelated,tf_self,10045,85.85559844970703,0.175,57.71992492675781,discrete
reward_intervention,eval/decorrelated,tf_self,10046,60.14537048339844,0.185,94.3637490272522,discrete
reward_intervention,eval/decorrelated,tf_self,10047,86.34309387207031,0.285,74.08573389053345,discrete
reward_intervention,eval/decorrelated,tf_self,10048,132.18045043945312,0.445,26.692273139953613,discrete
reward_intervention,eval/decorrelated,optimal,9999,141.20579528808594,1.0,0.0,discrete
reward_intervention,eval/decorrelated,optimal,10000,160.66639709472656,1.0,0.0,discrete
reward_intervention,eval/decorrelated,optimal,10001,145.31277465820312,1.0,0.0,discrete
reward_intervention,eval/decorrelated,optimal,10002,154.31651306152344,1.0,0.0,discrete
reward_intervention,eval/decorrelated,optimal,10003,159.40057373046875,1.0,0.0,discrete
reward_intervention,eval/decorrelated,optimal,10004,149.41934204101562,1.0,0.0,discrete
reward_intervention,eval/decorrelated,optimal,10005,156.21694946289062,1.0,0.0,discrete
reward_intervention,eval/decorrelated,optimal,10006,145.3865203857422,1.0,0.0,discrete
reward_intervention,eval/decorrelated,optimal,10007,155.88116455078125,1.0,0.0,discrete
reward_intervention,eval/decorrelated,optimal,10008,157.59585571289062,1.0,0.0,discrete
reward_intervention,eval/decorrelated,optimal,10009,153.279296875,1.0,0.0,discrete
reward_intervention,eval/decorrelated,optimal,10010,150.4432373046875,1.0,0.0,discrete
reward_intervention,eval/decorrelated,optimal,10011,154.8956298828125,1.0,0.0,discrete
reward_intervention,eval/decorrelated,optimal,10012,163.3168182373047,1.0,0.0,discrete
reward_intervention,eval/decorrelated,optimal,10013,157.58216857910156,1.0,0.0,discrete
reward_intervention,eval/decorrelated,optimal,10014,153.15005493164062,1.0,0.0,discrete
reward_intervention,eval/decorrelated,optimal,10015,150.13525390625,1.0,0.0,discrete
reward_intervention,eval/decorrelated,optimal,10016,136.85256958007812,1.0,0.0,discrete
reward_intervention,eval/decorrelated,optimal,10017,149.96990966796875,1.0,0.0,discrete
reward_intervention,eval/decorrelated,optimal,10018,145.6324462890625,1.0,0.0,discrete
reward_intervention,eval/decorrelated,optimal,10019,152.00038146972656,1.0,0.0,discrete
reward_intervention,eval/decorrelated,optimal,10020,139.1854248046875,1.0,0.0,discrete
reward_intervention,eval/decorrelated,optimal,10021,146.62905883789062,1.0,0.0,discrete
reward_intervention,eval/decorrelated,optimal,10022,151.38845825195312,1.0,0.0,discrete
reward_intervention,eval/decorrelated,optimal,10023,140.74717712402344,1.0,0.0,discrete
reward_intervention,eval/decorrelated,optimal,10024,145.08932495117188,1.0,0.0,discrete
reward_intervention,eval/decorrelated,optimal,10025,141.3740234375,1.0,0.0,discrete
reward_intervention,eval/decorrelated,optimal,10026,133.78631591796875,1.0,0.0,discrete
reward_intervention,eval/decorrelated,optimal,10027,141.1024169921875,1.0,0.0,discrete
reward_intervention,eval/decorrelated,optimal,10028,158.6577606201172,1.0,0.0,discrete
reward_intervention,eval/decorrelated,optimal,10029,139.73892211914062,1.0,0.0,discrete
reward_intervention,eval/decorrelated,optimal,10030,153.2302703857422,1.0,0.0,discrete
reward_intervention,eval/decorrelated,optimal,10031,148.677001953125,1.0,0.0,discrete
reward_intervention,eval/decorrelated,optimal,10032,118.6419906616211,1.0,0.0,discrete
reward_intervention,eval/decorrelated,optimal,10033,160.3961944580078,1.0,0.0,discrete
reward_intervention,eval/decorrelated,optimal,10034,151.35794067382812,1.0,0.0,discrete
reward_intervention,eval/decorrelated,optimal,10035,167.00559997558594,1.0,0.0,discrete
reward_intervention,eval/decorrelated,optimal,10036,152.4580535888672,1.0,0.0,discrete
reward_intervention,eval/decorrelated,optimal,10037,138.62362670898438,1.0,0.0,discrete
reward_intervention,eval/decorrelated,optimal,10038,139.50601196289062,1.0,0.0,discrete
reward_intervention,eval/decorrelated,optimal,10039,155.94541931152344,1.0,0.0,discrete
reward_intervention,eval/decorrelated,optimal,10040,149.40174865722656,1.0,0.0,discrete
reward_intervention,eval/decorrelated,optimal,10041,143.17428588867188,1.0,0.0,discrete
reward_intervention,eval/decorrelated,optimal,10042,156.06277465820312,1.0,0.0,discrete
reward_intervention,eval/decorrelated,optimal,10043,153.32635498046875,1.0,0.0,discrete
reward_intervention,eval/decorrelated,optimal,10044,144.0423583984375,1.0,0.0,discrete
reward_intervention,eval/decorrelated,optimal,10045,145.1358642578125,1.0,0.0,discrete
reward_intervention,eval/decorrelated,optimal,10046,152.8437042236328,1.0,0.0,discrete
reward_intervention,eval/decorrelated,optimal,10047,164.7223663330078,1.0,0.0,discrete
reward_intervention,eval/decorrelated,optimal,10048,156.09974670410156,1.0,0.0,discrete
reward_intervention,eval/decorrelated,epsgreedy,9999,111.88276672363281,0.25,32.073606967926025,discrete
reward_intervention,eval/decorrelated,epsgreedy,10000,120.84573364257812,0.36,42.59439516067505,discrete
reward_intervention,eval/decorrelated,epsgreedy,10001,99.48368072509766,0.32,48.372039794921875,discrete
reward_intervention,eval/decorrelated,epsgreedy,10002,133.37445068359375,0.445,23.65154218673706,discrete
reward_intervention,eval/decorrelated,epsgreedy,10003,116.76414489746094,0.09,44.47616195678711,discrete
reward_intervention,eval/decorrelated,epsgreedy,10004,85.29889678955078,0.22,63.29083967208862,discrete
reward_intervention,eval/decorrelated,epsgreedy,10005,92.32110595703125,0.245,66.052001953125,discrete
reward_intervention,eval/decorrelated,epsgreedy,10006,122.41961669921875,0.435,23.949037551879883,discrete
reward_intervention,eval/decorrelated,epsgreedy,10007,121.70382690429688,0.245,34.55044937133789,discrete
reward_intervention,eval/decorrelated,epsgreedy,10008,117.58805847167969,0.4,41.13453531265259,discrete
reward_intervention,eval/decorrelated,epsgreedy,10009,88.09746551513672,0.12,66.50300788879395,discrete
reward_intervention,eval/decorrelated,epsgreedy,10010,102.17970275878906,0.43,45.41843223571777,discrete
reward_intervention,eval/decorrelated,epsgreedy,10011,102.34153747558594,0.13,53.3108491897583,discrete
reward_intervention,eval/decorrelated,epsgreedy,10012,106.65526580810547,0.285,59.93489217758179,discrete
reward_intervention,eval/decorrelated,epsgreedy,10013,111.61190795898438,0.03,47.36269569396973,discrete
reward_intervention,eval/decorrelated,epsgreedy,10014,119.12301635742188,0.43,36.612162590026855,discrete
reward_intervention,eval/decorrelated,epsgreedy,10015,102.5291519165039,0.045,46.52379035949707,discrete
reward_intervention,eval/decorrelated,epsgreedy,10016,87.30538177490234,0.075,52.83777046203613,discrete
reward_intervention,eval/decorrelated,epsgreedy,10017,111.56259155273438,0.45,37.013856410980225,discrete
reward_intervention,eval/decorrelated,epsgreedy,10018,95.09217834472656,0.24,50.41054821014404,discrete
reward_intervention,eval/decorrelated,epsgreedy,10019,99.30876159667969,0.12,49.79125928878784,discrete
reward_intervention,eval/decorrelated,epsgreedy,10020,93.85010528564453,0.18,45.84879159927368,discrete
reward_intervention,eval/decorrelated,epsgreedy,10021,68.74544525146484,0.265,79.3193416595459,discrete
reward_intervention,eval/decorrelated,epsgreedy,10022,87.92589569091797,0.135,66.49660444259644,discrete
reward_intervention,eval/decorrelated,epsgreedy,10023,92.82368469238281,0.33,47.84731388092041,discrete
reward_intervention,eval/decorrelated,epsgreedy,10024,102.52113342285156,0.235,40.9995698928833,discrete
reward_intervention,eval/decorrelated,epsgreedy,10025,101.91458892822266,0.355,41.49953031539917,discrete
reward_intervention,eval/decorrelated,epsgreedy,10026,101.5655517578125,0.355,30.464075565338135,discrete
reward_intervention,eval/decorrelated,epsgreedy,10027,103.88917541503906,0.395,37.007994174957275,discrete
reward_intervention,eval/decorrelated,epsgreedy,10028,82.45565795898438,0.06,67.1092529296875,discrete
reward_intervention,eval/decorrelated,epsgreedy,10029,103.25316619873047,0.415,39.509706020355225,discrete
reward_intervention,eval/decorrelated,epsgreedy,10030,102.66871643066406,0.12,47.61471652984619,discrete
reward_intervention,eval/decorrelated,epsgreedy,10031,89.50959777832031,0.11,59.167643547058105,discrete
reward_intervention,eval/decorrelated,epsgreedy,10032,86.40880584716797,0.215,37.01003932952881,discrete
reward_intervention,eval/decorrelated,epsgreedy,10033,109.36737823486328,0.53,50.55634832382202,discrete
reward_intervention,eval/decorrelated,epsgreedy,10034,91.32797241210938,0.12,60.83475208282471,discrete
reward_intervention,eval/decorrelated,epsgreedy,10035,110.23733520507812,0.11,56.93439245223999,discrete
reward_intervention,eval/decorrelated,epsgreedy,10036,106.83749389648438,0.27,49.453869342803955,discrete
reward_intervention,eval/decorrelated,epsgreedy,10037,120.27915954589844,0.415,16.316126823425293,discrete
reward_intervention,eval/decorrelated,epsgreedy,10038,109.16377258300781,0.3,30.99301528930664,discrete
reward_intervention,eval/decorrelated,epsgreedy,10039,109.53488159179688,0.1,41.06974792480469,discrete
reward_intervention,eval/decorrelated,epsgreedy,10040,109.233154296875,0.445,41.42019748687744,discrete
reward_intervention,eval/decorrelated,epsgreedy,10041,108.63241577148438,0.38,34.69420862197876,discrete
reward_intervention,eval/decorrelated,epsgreedy,10042,117.19518280029297,0.27,39.992454528808594,discrete
reward_intervention,eval/decorrelated,epsgreedy,10043,77.09888458251953,0.045,75.2567048072815,discrete
reward_intervention,eval/decorrelated,epsgreedy,10044,74.43745422363281,0.05,69.26027727127075,discrete
reward_intervention,eval/decorrelated,epsgreedy,10045,85.00856018066406,0.23,59.35402059555054,discrete
reward_intervention,eval/decorrelated,epsgreedy,10046,95.11380767822266,0.28,56.34037733078003,discrete
reward_intervention,eval/decorrelated,epsgreedy,10047,74.98405456542969,0.04,85.40512990951538,discrete
reward_intervention,eval/decorrelated,epsgreedy,10048,93.0934066772461,0.07,63.669129371643066,discrete
reward_intervention,eval/decorrelated,greedy,9999,116.21321105957031,0.37,28.435359001159668,discrete
reward_intervention,eval/decorrelated,greedy,10000,130.25491333007812,0.405,35.99556541442871,discrete
reward_intervention,eval/decorrelated,greedy,10001,95.36604309082031,0.355,49.389243602752686,discrete
reward_intervention,eval/decorrelated,greedy,10002,130.80764770507812,0.25,22.347784519195557,discrete
reward_intervention,eval/decorrelated,greedy,10003,123.82444763183594,0.335,35.21890115737915,discrete
reward_intervention,eval/decorrelated,greedy,10004,94.44004821777344,0.415,52.037386894226074,discrete
reward_intervention,eval/decorrelated,greedy,10005,97.40565490722656,0.33,62.226232051849365,discrete
reward_intervention,eval/decorrelated,greedy,10006,123.1752700805664,0.435,23.91289710998535,discrete
reward_intervention,eval/decorrelated,greedy,10007,107.86105346679688,0.34,51.13878297805786,discrete
reward_intervention,eval/decorrelated,greedy,10008,119.82283020019531,0.395,40.22409963607788,discrete
reward_intervention,eval/decorrelated,greedy,10009,81.87120056152344,0.105,71.12204265594482,discrete
reward_intervention,eval/decorrelated,greedy,10010,121.81659698486328,0.67,23.706756591796875,discrete
reward_intervention,eval/decorrelated,greedy,10011,119.72193908691406,0.295,37.70997476577759,discrete
reward_intervention,eval/decorrelated,greedy,10012,107.74591064453125,0.3,59.344022274017334,discrete
reward_intervention,eval/decorrelated,greedy,10013,114.51885986328125,0.13,48.790743350982666,discrete
reward_intervention,eval/decorrelated,greedy,10014,97.99967956542969,0.375,59.03838491439819,discrete
reward_intervention,eval/decorrelated,greedy,10015,107.29789733886719,0.185,42.02251482009888,discrete
reward_intervention,eval/decorrelated,greedy,10016,92.34455108642578,0.16,48.51800060272217,discrete
reward_intervention,eval/decorrelated,greedy,10017,101.39767456054688,0.325,45.75541305541992,discrete
reward_intervention,eval/decorrelated,greedy,10018,89.79898071289062,0.21,55.98627758026123,discrete
reward_intervention,eval/decorrelated,greedy,10019,103.77257537841797,0.335,46.31757831573486,discrete
reward_intervention,eval/decorrelated,greedy,10020,111.34803771972656,0.445,25.150556087493896,discrete
reward_intervention,eval/decorrelated,greedy,10021,113.52108001708984,0.685,33.69003486633301,discrete
reward_intervention,eval/decorrelated,greedy,10022,85.93226623535156,0.095,66.84225654602051,discrete
reward_intervention,eval/decorrelated,greedy,10023,85.41986846923828,0.305,54.58752393722534,discrete
reward_intervention,eval/decorrelated,greedy,10024,102.89273071289062,0.275,42.500664710998535,discrete
reward_intervention,eval/decorrelated,greedy,10025,101.37310791015625,0.2,39.579379081726074,discrete
reward_intervention,eval/decorrelated,greedy,10026,112.27884674072266,0.435,21.65011978149414,discrete
reward_intervention,eval/decorrelated,greedy,10027,104.55899047851562,0.4,36.578927993774414,discrete
reward_intervention,eval/decorrelated,greedy,10028,77.26789093017578,0.0,72.8514313697815,discrete
reward_intervention,eval/decorrelated,greedy,10029,105.67686462402344,0.435,32.70052194595337,discrete
reward_intervention,eval/decorrelated,greedy,10030,94.00907897949219,0.0,50.7260856628418,discrete
reward_intervention,eval/decorrelated,greedy,10031,109.38351440429688,0.505,38.67661476135254,discrete
reward_intervention,eval/decorrelated,greedy,10032,94.4428939819336,0.2,26.016778469085693,discrete
reward_intervention,eval/decorrelated,greedy,10033,113.5499496459961,0.24,47.464340686798096,discrete
reward_intervention,eval/decorrelated,greedy,10034,95.77828979492188,0.155,54.81480932235718,discrete
reward_intervention,eval/decorrelated,greedy,10035,90.38232421875,0.045,78.56085729598999,discrete
reward_intervention,eval/decorrelated,greedy,10036,110.94038391113281,0.285,48.42382192611694,discrete
reward_intervention,eval/decorrelated,greedy,10037,119.97256469726562,0.41,20.865209102630615,discrete
reward_intervention,eval/decorrelated,greedy,10038,112.21656799316406,0.31,26.941014289855957,discrete
reward_intervention,eval/decorrelated,greedy,10039,105.12049865722656,0.1,43.71299171447754,discrete
reward_intervention,eval/decorrelated,greedy,10040,111.46609497070312,0.435,42.202693462371826,discrete
reward_intervention,eval/decorrelated,greedy,10041,108.49009704589844,0.41,35.526939868927,discrete
reward_intervention,eval/decorrelated,greedy,10042,120.11172485351562,0.165,34.357868671417236,discrete
reward_intervention,eval/decorrelated,greedy,10043,115.28866577148438,0.475,38.06963872909546,discrete
reward_intervention,eval/decorrelated,greedy,10044,83.68037414550781,0.09,63.39927816390991,discrete
reward_intervention,eval/decorrelated,greedy,10045,91.5732650756836,0.135,53.30200147628784,discrete
reward_intervention,eval/decorrelated,greedy,10046,89.93717956542969,0.26,64.27124834060669,discrete
reward_intervention,eval/decorrelated,greedy,10047,69.25208282470703,0.0,92.7829704284668,discrete
reward_intervention,eval/decorrelated,greedy,10048,82.98728942871094,0.26,73.00773286819458,discrete
reward_intervention,eval/decorrelated,random,9999,104.20384979248047,0.24,41.401740074157715,discrete
reward_intervention,eval/decorrelated,random,10000,110.36770629882812,0.29,51.73642921447754,discrete
reward_intervention,eval/decorrelated,random,10001,101.75326538085938,0.265,45.854233264923096,discrete
reward_intervention,eval/decorrelated,random,10002,108.02197265625,0.285,44.15881681442261,discrete
reward_intervention,eval/decorrelated,random,10003,121.4687728881836,0.325,41.9236798286438,discrete
reward_intervention,eval/decorrelated,random,10004,94.25703430175781,0.24,55.0237340927124,discrete
reward_intervention,eval/decorrelated,random,10005,99.29074096679688,0.27,59.37734937667847,discrete
reward_intervention,eval/decorrelated,random,10006,107.99085235595703,0.325,45.105323791503906,discrete
reward_intervention,eval/decorrelated,random,10007,114.64431762695312,0.23,43.23870801925659,discrete
reward_intervention,eval/decorrelated,random,10008,91.56184387207031,0.195,67.60078716278076,discrete
reward_intervention,eval/decorrelated,random,10009,94.35845184326172,0.19,57.437175273895264,discrete
reward_intervention,eval/decorrelated,random,10010,94.16703796386719,0.24,53.67103862762451,discrete
reward_intervention,eval/decorrelated,random,10011,109.7741928100586,0.22,43.76759099960327,discrete
reward_intervention,eval/decorrelated,random,10012,120.38268280029297,0.27,48.641451358795166,discrete
reward_intervention,eval/decorrelated,random,10013,115.09738159179688,0.25,44.02182483673096,discrete
reward_intervention,eval/decorrelated,random,10014,93.03694915771484,0.275,60.11474609375,discrete
reward_intervention,eval/decorrelated,random,10015,108.04640197753906,0.225,42.38377666473389,discrete
reward_intervention,eval/decorrelated,random,10016,95.12654113769531,0.3,42.387423038482666,discrete
reward_intervention,eval/decorrelated,random,10017,104.27647399902344,0.245,42.414865016937256,discrete
reward_intervention,eval/decorrelated,random,10018,105.53889465332031,0.275,42.61589431762695,discrete
reward_intervention,eval/decorrelated,random,10019,103.39932250976562,0.235,46.22064924240112,discrete
reward_intervention,eval/decorrelated,random,10020,99.56552124023438,0.23,41.07658672332764,discrete
reward_intervention,eval/decorrelated,random,10021,84.97496032714844,0.24,63.445013999938965,discrete
reward_intervention,eval/decorrelated,random,10022,105.95201873779297,0.265,47.555158615112305,discrete
reward_intervention,eval/decorrelated,random,10023,96.10975646972656,0.27,47.89344549179077,discrete
reward_intervention,eval/decorrelated,random,10024,111.04241943359375,0.245,36.56248331069946,discrete
reward_intervention,eval/decorrelated,random,10025,94.43516540527344,0.255,46.36319923400879,discrete
reward_intervention,eval/decorrelated,random,10026,92.69232177734375,0.235,44.182326316833496,discrete
reward_intervention,eval/decorrelated,random,10027,93.04194641113281,0.23,48.355183601379395,discrete
reward_intervention,eval/decorrelated,random,10028,97.2858657836914,0.28,59.88522911071777,discrete
reward_intervention,eval/decorrelated,random,10029,97.01669311523438,0.255,45.86236047744751,discrete
reward_intervention,eval/decorrelated,random,10030,99.0077896118164,0.23,51.50560522079468,discrete
reward_intervention,eval/decorrelated,random,10031,95.68562316894531,0.28,52.28444147109985,discrete
reward_intervention,eval/decorrelated,random,10032,97.1936264038086,0.25,25.51892328262329,discrete
reward_intervention,eval/decorrelated,random,10033,102.43862915039062,0.225,57.66783952713013,discrete
reward_intervention,eval/decorrelated,random,10034,108.78402709960938,0.255,43.42113637924194,discrete
reward_intervention,eval/decorrelated,random,10035,110.596435546875,0.24,57.719101905822754,discrete
reward_intervention,eval/decorrelated,random,10036,105.05601501464844,0.265,45.02997875213623,discrete
reward_intervention,eval/decorrelated,random,10037,102.6802749633789,0.26,33.48616933822632,discrete
reward_intervention,eval/decorrelated,random,10038,100.32266998291016,0.28,39.76910734176636,discrete
reward_intervention,eval/decorrelated,random,10039,111.68927001953125,0.245,38.80545473098755,discrete
reward_intervention,eval/decorrelated,random,10040,101.03496551513672,0.29,50.42936849594116,discrete
reward_intervention,eval/decorrelated,random,10041,94.65486145019531,0.255,46.75653028488159,discrete
reward_intervention,eval/decorrelated,random,10042,107.51129150390625,0.26,47.79604721069336,discrete
reward_intervention,eval/decorrelated,random,10043,97.52403259277344,0.255,55.59163570404053,discrete
reward_intervention,eval/decorrelated,random,10044,95.8270492553711,0.235,51.391879081726074,discrete
reward_intervention,eval/decorrelated,random,10045,93.86679077148438,0.285,52.86617946624756,discrete
reward_intervention,eval/decorrelated,random,10046,108.60939025878906,0.285,44.945844650268555,discrete
reward_intervention,eval/decorrelated,random,10047,99.97389221191406,0.215,63.16008472442627,discrete
reward_intervention,eval/decorrelated,random,10048,106.63331604003906,0.215,52.16561269760132,discrete
reward_intervention,eval/inverted,tf_legacy,9999,103.15530395507812,0.245,43.8809552192688,discrete
reward_intervention,eval/inverted,tf_legacy,10000,109.31906127929688,0.27,55.783334732055664,discrete
reward_intervention,eval/inverted,tf_legacy,10001,95.5657958984375,0.155,52.415645122528076,discrete
reward_intervention,eval/inverted,tf_legacy,10002,115.54263305664062,0.275,34.08592987060547,discrete
reward_intervention,eval/inverted,tf_legacy,10003,127.43827819824219,0.28,37.27219009399414,discrete
reward_intervention,eval/inverted,tf_legacy,10004,88.58615112304688,0.295,58.57417964935303,discrete
reward_intervention,eval/inverted,tf_legacy,10005,104.5340576171875,0.36,52.5183892250061,discrete
reward_intervention,eval/inverted,tf_legacy,10006,122.30137634277344,0.35,28.006481170654297,discrete
reward_intervention,eval/inverted,tf_legacy,10007,116.88475036621094,0.505,37.261791706085205,discrete
reward_intervention,eval/inverted,tf_legacy,10008,118.98994445800781,0.425,39.6627984046936,discrete
reward_intervention,eval/inverted,tf_legacy,10009,105.13067626953125,0.235,49.79980182647705,discrete
reward_intervention,eval/inverted,tf_legacy,10010,128.38836669921875,0.475,17.684754371643066,discrete
reward_intervention,eval/inverted,tf_legacy,10011,100.41410827636719,0.115,53.41862201690674,discrete
reward_intervention,eval/inverted,tf_legacy,10012,123.2613525390625,0.195,43.09428834915161,discrete
reward_intervention,eval/inverted,tf_legacy,10013,107.68199157714844,0.03,47.99315547943115,discrete
reward_intervention,eval/inverted,tf_legacy,10014,91.1613998413086,0.37,64.46738815307617,discrete
reward_intervention,eval/inverted,tf_legacy,10015,87.58829498291016,0.085,61.785794258117676,discrete
reward_intervention,eval/inverted,tf_legacy,10016,117.66011047363281,0.315,23.001895427703857,discrete
reward_intervention,eval/inverted,tf_legacy,10017,119.63719177246094,0.405,24.314345836639404,discrete
reward_intervention,eval/inverted,tf_legacy,10018,98.34822082519531,0.155,48.8840970993042,discrete
reward_intervention,eval/inverted,tf_legacy,10019,97.8680419921875,0.14,49.60709095001221,discrete
reward_intervention,eval/inverted,tf_legacy,10020,104.94367980957031,0.33,31.830507278442383,discrete
reward_intervention,eval/inverted,tf_legacy,10021,64.48457336425781,0.19,83.12375259399414,discrete
reward_intervention,eval/inverted,tf_legacy,10022,108.21856689453125,0.255,44.31202507019043,discrete
reward_intervention,eval/inverted,tf_legacy,10023,101.22523498535156,0.145,41.25627565383911,discrete
reward_intervention,eval/inverted,tf_legacy,10024,111.60711669921875,0.295,33.00678777694702,discrete
reward_intervention,eval/inverted,tf_legacy,10025,93.29727172851562,0.18,49.42174196243286,discrete
reward_intervention,eval/inverted,tf_legacy,10026,63.714317321777344,0.0,69.9544472694397,discrete
reward_intervention,eval/inverted,tf_legacy,10027,86.80964660644531,0.185,55.84336996078491,discrete
reward_intervention,eval/inverted,tf_legacy,10028,80.44493865966797,0.14,68.38476705551147,discrete
reward_intervention,eval/inverted,tf_legacy,10029,128.87057495117188,0.545,13.376075744628906,discrete
reward_intervention,eval/inverted,tf_legacy,10030,100.16665649414062,0.18,47.203808307647705,discrete
reward_intervention,eval/inverted,tf_legacy,10031,104.45255279541016,0.275,42.13642930984497,discrete
reward_intervention,eval/inverted,tf_legacy,10032,78.68126678466797,0.14,41.77747201919556,discrete
reward_intervention,eval/inverted,tf_legacy,10033,122.76123809814453,0.255,38.426209926605225,discrete
reward_intervention,eval/inverted,tf_legacy,10034,109.02543640136719,0.225,37.95587873458862,discrete
reward_intervention,eval/inverted,tf_legacy,10035,105.55233001708984,0.145,62.18150758743286,discrete
reward_intervention,eval/inverted,tf_legacy,10036,93.05276489257812,0.165,61.44302988052368,discrete
reward_intervention,eval/inverted,tf_legacy,10037,100.84896850585938,0.145,36.21732044219971,discrete
reward_intervention,eval/inverted,tf_legacy,10038,81.19522094726562,0.075,60.723034381866455,discrete
reward_intervention,eval/inverted,tf_legacy,10039,115.97175598144531,0.23,34.48757553100586,discrete
reward_intervention,eval/inverted,tf_legacy,10040,104.63697052001953,0.15,49.03106737136841,discrete
reward_intervention,eval/inverted,tf_legacy,10041,108.5714111328125,0.43,32.73802900314331,discrete
reward_intervention,eval/inverted,tf_legacy,10042,130.69024658203125,0.465,23.35822629928589,discrete
reward_intervention,eval/inverted,tf_legacy,10043,75.04853057861328,0.04,78.99613523483276,discrete
reward_intervention,eval/inverted,tf_legacy,10044,81.47085571289062,0.175,68.57095146179199,discrete
reward_intervention,eval/inverted,tf_legacy,10045,85.85559844970703,0.175,57.71992492675781,discrete
reward_intervention,eval/inverted,tf_legacy,10046,60.14537048339844,0.185,94.3637490272522,discrete
reward_intervention,eval/inverted,tf_legacy,10047,94.96888732910156,0.22,67.09338617324829,discrete
reward_intervention,eval/inverted,tf_legacy,10048,96.90582275390625,0.375,60.31531524658203,discrete
reward_intervention,eval/inverted,tf_self,9999,108.52434539794922,0.385,40.18825960159302,discrete
reward_intervention,eval/inverted,tf_self,10000,122.29717254638672,0.435,40.33163499832153,discrete
reward_intervention,eval/inverted,tf_self,10001,101.83612060546875,0.205,46.97911310195923,discrete
reward_intervention,eval/inverted,tf_self,10002,114.3953857421875,0.38,38.97382688522339,discrete
reward_intervention,eval/inverted,tf_self,10003,99.08450317382812,0.05,58.64446449279785,discrete
reward_intervention,eval/inverted,tf_self,10004,88.58615112304688,0.295,58.57417964935303,discrete
reward_intervention,eval/inverted,tf_self,10005,100.03160095214844,0.325,56.597466468811035,discrete
reward_intervention,eval/inverted,tf_self,10006,105.0819320678711,0.4,43.38274812698364,discrete
reward_intervention,eval/inverted,tf_self,10007,116.88475036621094,0.505,37.261791706085205,discrete
reward_intervention,eval/inverted,tf_self,10008,118.98994445800781,0.425,39.6627984046936,discrete
reward_intervention,eval/inverted,tf_self,10009,103.33720397949219,0.29,49.925230503082275,discrete
reward_intervention,eval/inverted,tf_self,10010,112.22892761230469,0.365,33.087411880493164,discrete
reward_intervention,eval/inverted,tf_self,10011,95.77014923095703,0.075,58.61679697036743,discrete
reward_intervention,eval/inverted,tf_self,10012,98.18875122070312,0.33,68.25907516479492,discrete
reward_intervention,eval/inverted,tf_self,10013,125.6130142211914,0.115,33.7031512260437,discrete
reward_intervention,eval/inverted,tf_self,10014,91.1613998413086,0.37,64.46738815307617,discrete
reward_intervention,eval/inverted,tf_self,10015,98.46826934814453,0.07,50.80757713317871,discrete
reward_intervention,eval/inverted,tf_self,10016,101.95570373535156,0.505,38.76654529571533,discrete
reward_intervention,eval/inverted,tf_self,10017,118.04071044921875,0.485,26.678260326385498,discrete
reward_intervention,eval/inverted,tf_self,10018,98.34822082519531,0.155,48.8840970993042,discrete
reward_intervention,eval/inverted,tf_self,10019,139.82049560546875,0.655,10.253830432891846,discrete
reward_intervention,eval/inverted,tf_self,10020,117.88392639160156,0.405,20.567500114440918,discrete
reward_intervention,eval/inverted,tf_self,10021,61.75808334350586,0.0,88.06303787231445,discrete
reward_intervention,eval/inverted,tf_self,10022,108.21856689453125,0.255,44.31202507019043,discrete
reward_intervention,eval/inverted,tf_self,10023,113.9000473022461,0.43,30.752514839172363,discrete
reward_intervention,eval/inverted,tf_self,10024,99.53216552734375,0.26,44.23127603530884,discrete
reward_intervention,eval/inverted,tf_self,10025,93.29727172851562,0.18,49.42174196243286,discrete
reward_intervention,eval/inverted,tf_self,10026,75.35267639160156,0.12,57.32414245605469,discrete
reward_intervention,eval/inverted,tf_self,10027,108.67337036132812,0.395,34.06579780578613,discrete
reward_intervention,eval/inverted,tf_self,10028,103.10224151611328,0.255,54.38024663925171,discrete
reward_intervention,eval/inverted,tf_self,10029,128.87057495117188,0.545,13.376075744628906,discrete
reward_intervention,eval/inverted,tf_self,10030,82.34893035888672,0.135,63.49938249588013,discrete
reward_intervention,eval/inverted,tf_self,10031,110.01356506347656,0.265,36.419747829437256,discrete
reward_intervention,eval/inverted,tf_self,10032,95.03544616699219,0.1,26.897744178771973,discrete
reward_intervention,eval/inverted,tf_self,10033,124.21712493896484,0.205,35.981247425079346,discrete
reward_intervention,eval/inverted,tf_self,10034,96.50788116455078,0.39,53.59350252151489,discrete
reward_intervention,eval/inverted,tf_self,10035,128.63150024414062,0.325,39.051259994506836,discrete
reward_intervention,eval/inverted,tf_self,10036,92.73291015625,0.3,64.79764461517334,discrete
reward_intervention,eval/inverted,tf_self,10037,95.4544448852539,0.235,41.4811635017395,discrete
reward_intervention,eval/inverted,tf_self,10038,94.82625579833984,0.165,44.17293882369995,discrete
reward_intervention,eval/inverted,tf_self,10039,112.79283905029297,0.24,39.24212121963501,discrete
reward_intervention,eval/inverted,tf_self,10040,93.7421875,0.17,59.34556770324707,discrete
reward_intervention,eval/inverted,tf_self,10041,108.5714111328125,0.43,32.73802900314331,discrete
reward_intervention,eval/inverted,tf_self,10042,130.69024658203125,0.465,23.35822629928589,discrete
reward_intervention,eval/inverted,tf_self,10043,92.501220703125,0.165,60.78969955444336,discrete
reward_intervention,eval/inverted,tf_self,10044,88.75932312011719,0.17,58.061304569244385,discrete
reward_intervention,eval/inverted,tf_self,10045,85.85559844970703,0.175,57.71992492675781,discrete
reward_intervention,eval/inverted,tf_self,10046,60.14537048339844,0.185,94.3637490272522,discrete
reward_intervention,eval/inverted,tf_self,10047,86.34309387207031,0.285,74.08573389053345,discrete
reward_intervention,eval/inverted,tf_self,10048,132.18045043945312,0.445,26.692273139953613,discrete
reward_intervention,eval/inverted,optimal,9999,141.20579528808594,1.0,0.0,discrete
reward_intervention,eval/inverted,optimal,10000,160.66639709472656,1.0,0.0,discrete
reward_intervention,eval/inverted,optimal,10001,145.31277465820312,1.0,0.0,discrete
reward_intervention,eval/inverted,optimal,10002,154.31651306152344,1.0,0.0,discrete
reward_intervention,eval/inverted,optimal,10003,159.40057373046875,1.0,0.0,discrete
reward_intervention,eval/inverted,optimal,10004,149.41934204101562,1.0,0.0,discrete
reward_intervention,eval/inverted,optimal,10005,156.21694946289062,1.0,0.0,discrete
reward_intervention,eval/inverted,optimal,10006,145.3865203857422,1.0,0.0,discrete
reward_intervention,eval/inverted,optimal,10007,155.88116455078125,1.0,0.0,discrete
reward_intervention,eval/inverted,optimal,10008,157.59585571289062,1.0,0.0,discrete
reward_intervention,eval/inverted,optimal,10009,153.279296875,1.0,0.0,discrete
reward_intervention,eval/inverted,optimal,10010,150.4432373046875,1.0,0.0,discrete
reward_intervention,eval/inverted,optimal,10011,154.8956298828125,1.0,0.0,discrete
reward_intervention,eval/inverted,optimal,10012,163.3168182373047,1.0,0.0,discrete
reward_intervention,eval/inverted,optimal,10013,157.58216857910156,1.0,0.0,discrete
reward_intervention,eval/inverted,optimal,10014,153.15005493164062,1.0,0.0,discrete
reward_intervention,eval/inverted,optimal,10015,150.13525390625,1.0,0.0,discrete
reward_intervention,eval/inverted,optimal,10016,136.85256958007812,1.0,0.0,discrete
reward_intervention,eval/inverted,optimal,10017,149.96990966796875,1.0,0.0,discrete
reward_intervention,eval/inverted,optimal,10018,145.6324462890625,1.0,0.0,discrete
reward_intervention,eval/inverted,optimal,10019,152.00038146972656,1.0,0.0,discrete
reward_intervention,eval/inverted,optimal,10020,139.1854248046875,1.0,0.0,discrete
reward_intervention,eval/inverted,optimal,10021,146.62905883789062,1.0,0.0,discrete
reward_intervention,eval/inverted,optimal,10022,151.38845825195312,1.0,0.0,discrete
reward_intervention,eval/inverted,optimal,10023,140.74717712402344,1.0,0.0,discrete
reward_intervention,eval/inverted,optimal,10024,145.08932495117188,1.0,0.0,discrete
reward_intervention,eval/inverted,optimal,10025,141.3740234375,1.0,0.0,discrete
reward_intervention,eval/inverted,optimal,10026,133.78631591796875,1.0,0.0,discrete
reward_intervention,eval/inverted,optimal,10027,141.1024169921875,1.0,0.0,discrete
reward_intervention,eval/inverted,optimal,10028,158.6577606201172,1.0,0.0,discrete
reward_intervention,eval/inverted,optimal,10029,139.73892211914062,1.0,0.0,discrete
reward_intervention,eval/inverted,optimal,10030,153.2302703857422,1.0,0.0,discrete
reward_intervention,eval/inverted,optimal,10031,148.677001953125,1.0,0.0,discrete
reward_intervention,eval/inverted,optimal,10032,118.6419906616211,1.0,0.0,discrete
reward_intervention,eval/inverted,optimal,10033,160.3961944580078,1.0,0.0,discrete
reward_intervention,eval/inverted,optimal,10034,151.35794067382812,1.0,0.0,discrete
reward_intervention,eval/inverted,optimal,10035,167.00559997558594,1.0,0.0,discrete
reward_intervention,eval/inverted,optimal,10036,152.4580535888672,1.0,0.0,discrete
reward_intervention,eval/inverted,optimal,10037,138.62362670898438,1.0,0.0,discrete
reward_intervention,eval/inverted,optimal,10038,139.50601196289062,1.0,0.0,discrete
reward_intervention,eval/inverted,optimal,10039,155.94541931152344,1.0,0.0,discrete
reward_intervention,eval/inverted,optimal,10040,149.40174865722656,1.0,0.0,discrete
reward_intervention,eval/inverted,optimal,10041,143.17428588867188,1.0,0.0,discrete
reward_intervention,eval/inverted,optimal,10042,156.06277465820312,1.0,0.0,discrete
reward_intervention,eval/inverted,optimal,10043,153.32635498046875,1.0,0.0,discrete
reward_intervention,eval/inverted,optimal,10044,144.0423583984375,1.0,0.0,discrete
reward_intervention,eval/inverted,optimal,10045,145.1358642578125,1.0,0.0,discrete
reward_intervention,eval/inverted,optimal,10046,152.8437042236328,1.0,0.0,discrete
reward_intervention,eval/inverted,optimal,10047,164.7223663330078,1.0,0.0,discrete
reward_intervention,eval/inverted,optimal,10048,156.09974670410156,1.0,0.0,discrete
reward_intervention,eval/inverted,epsgreedy,9999,110.64895629882812,0.175,32.90065383911133,discrete
reward_intervention,eval/inverted,epsgreedy,10000,120.84573364257812,0.36,42.59439516067505,discrete
reward_intervention,eval/inverted,epsgreedy,10001,99.48368072509766,0.32,48.372039794921875,discrete
reward_intervention,eval/inverted,epsgreedy,10002,117.625,0.19,35.70588541030884,discrete
reward_intervention,eval/inverted,epsgreedy,10003,116.76414489746094,0.09,44.47616195678711,discrete
reward_intervention,eval/inverted,epsgreedy,10004,84.528076171875,0.215,63.67159461975098,discrete
reward_intervention,eval/inverted,epsgreedy,10005,77.86618041992188,0.125,80.75712394714355,discrete
reward_intervention,eval/inverted,epsgreedy,10006,116.55532836914062,0.38,31.018134117126465,discrete
reward_intervention,eval/inverted,epsgreedy,10007,106.82876586914062,0.11,49.32882833480835,discrete
reward_intervention,eval/inverted,epsgreedy,10008,117.58805847167969,0.4,41.13453531265259,discrete
reward_intervention,eval/inverted,epsgreedy,10009,81.08544158935547,0.13,73.22321701049805,discrete
reward_intervention,eval/inverted,epsgreedy,10010,92.60881042480469,0.375,54.303486347198486,discrete
reward_intervention,eval/inverted,epsgreedy,10011,102.26119995117188,0.125,53.388033390045166,discrete
reward_intervention,eval/inverted,epsgreedy,10012,106.65526580810547,0.285,59.93489217758179,discrete
reward_intervention,eval/inverted,epsgreedy,10013,109.07020568847656,0.055,48.681572914123535,discrete
reward_intervention,eval/inverted,epsgreedy,10014,100.87367248535156,0.235,52.793068408966064,discrete
reward_intervention,eval/inverted,epsgreedy,10015,99.21745300292969,0.12,49.38654279708862,discrete
reward_intervention,eval/inverted,epsgreedy,10016,88.5194091796875,0.065,52.647982120513916,discrete
reward_intervention,eval/inverted,epsgreedy,10017,111.56259155273438,0.45,37.013856410980225,discrete
reward_intervention,eval/inverted,epsgreedy,10018,95.77934265136719,0.255,49.64576292037964,discrete
reward_intervention,eval/inverted,epsgreedy,10019,99.30876159667969,0.12,49.79125928878784,discrete
reward_intervention,eval/inverted,epsgreedy,10020,91.14015197753906,0.155,49.92386484146118,discrete
reward_intervention,eval/inverted,epsgreedy,10021,65.86384582519531,0.24,83.03950071334839,discrete
reward_intervention,eval/inverted,epsgreedy,10022,87.92589569091797,0.135,66.49660444259644,discrete
reward_intervention,eval/inverted,epsgreedy,10023,87.05500030517578,0.29,53.8107328414917,discrete
reward_intervention,eval/inverted,epsgreedy,10024,102.52113342285156,0.235,40.9995698928833,discrete
reward_intervention,eval/inverted,epsgreedy,10025,97.99068450927734,0.355,44.820796489715576,discrete
reward_intervention,eval/inverted,epsgreedy,10026,113.40237426757812,0.41,21.455662727355957,discrete
reward_intervention,eval/inverted,epsgreedy,10027,92.2630615234375,0.345,49.91649150848389,discrete
reward_intervention,eval/inverted,epsgreedy,10028,82.45565795898438,0.06,67.1092529296875,discrete
reward_intervention,eval/inverted,epsgreedy,10029,102.12373352050781,0.395,42.516908168792725,discrete
reward_intervention,eval/inverted,epsgreedy,10030,100.27627563476562,0.14,49.02757215499878,discrete
reward_intervention,eval/inverted,epsgreedy,10031,89.50959777832031,0.11,59.167643547058105,discrete
reward_intervention,eval/inverted,epsgreedy,10032,86.40880584716797,0.215,37.01003932952881,discrete
reward_intervention,eval/inverted,epsgreedy,10033,94.98392486572266,0.305,65.32027387619019,discrete
reward_intervention,eval/inverted,epsgreedy,10034,93.94261169433594,0.055,59.657877922058105,discrete
reward_intervention,eval/inverted,epsgreedy,10035,93.07798767089844,0.055,74.40325593948364,discrete
reward_intervention,eval/inverted,epsgreedy,10036,95.41270446777344,0.265,59.33549976348877,discrete
reward_intervention,eval/inverted,epsgreedy,10037,111.68773651123047,0.28,25.735479831695557,discrete
reward_intervention,eval/inverted,epsgreedy,10038,107.97412109375,0.285,32.16437864303589,discrete
reward_intervention,eval/inverted,epsgreedy,10039,105.16950988769531,0.085,44.94188928604126,discrete
reward_intervention,eval/inverted,epsgreedy,10040,100.86434936523438,0.35,52.39476156234741,discrete
reward_intervention,eval/inverted,epsgreedy,10041,92.55582427978516,0.29,50.328911781311035,discrete
reward_intervention,eval/inverted,epsgreedy,10042,95.4050064086914,0.055,60.60992908477783,discrete
reward_intervention,eval/inverted,epsgreedy,10043,75.00086212158203,0.045,79.29792737960815,discrete
reward_intervention,eval/inverted,epsgreedy,10044,68.97630310058594,0.045,79.39664649963379,discrete
reward_intervention,eval/inverted,epsgreedy,10045,85.00856018066406,0.23,59.35402059555054,discrete
reward_intervention,eval/inverted,epsgreedy,10046,89.91860961914062,0.275,60.86587715148926,discrete
reward_intervention,eval/inverted,epsgreedy,10047,74.98405456542969,0.04,85.40512990951538,discrete
reward_intervention,eval/inverted,epsgreedy,10048,87.69902038574219,0.165,69.53425359725952,discrete
reward_intervention,eval/inverted,greedy,9999,116.21321105957031,0.37,28.435359001159668,discrete
reward_intervention,eval/inverted,greedy,10000,130.25491333007812,0.405,35.99556541442871,discrete
reward_intervention,eval/inverted,greedy,10001,95.36604309082031,0.355,49.389243602752686,discrete
reward_intervention,eval/inverted,greedy,10002,130.80764770507812,0.25,22.347784519195557,discrete
reward_intervention,eval/inverted,greedy,10003,123.82444763183594,0.335,35.21890115737915,discrete
reward_intervention,eval/inverted,greedy,10004,94.44004821777344,0.415,52.037386894226074,discrete
reward_intervention,eval/inverted,greedy,10005,97.40565490722656,0.33,62.226232051849365,discrete
reward_intervention,eval/inverted,greedy,10006,123.1752700805664,0.435,23.91289710998535,discrete
reward_intervention,eval/inverted,greedy,10007,107.86105346679688,0.34,51.13878297805786,discrete
reward_intervention,eval/inverted,greedy,10008,119.82283020019531,0.395,40.22409963607788,discrete
reward_intervention,eval/inverted,greedy,10009,81.87120056152344,0.105,71.12204265594482,discrete
reward_intervention,eval/inverted,greedy,10010,121.81659698486328,0.67,23.706756591796875,discrete
reward_intervention,eval/inverted,greedy,10011,119.72193908691406,0.295,37.70997476577759,discrete
reward_intervention,eval/inverted,greedy,10012,107.74591064453125,0.3,59.344022274017334,discrete
reward_intervention,eval/inverted,greedy,10013,114.51885986328125,0.13,48.790743350982666,discrete
reward_intervention,eval/inverted,greedy,10014,97.99967956542969,0.375,59.03838491439819,discrete
reward_intervention,eval/inverted,greedy,10015,107.29789733886719,0.185,42.02251482009888,discrete
reward_intervention,eval/inverted,greedy,10016,92.34455108642578,0.16,48.51800060272217,discrete
reward_intervention,eval/inverted,greedy,10017,101.39767456054688,0.325,45.75541305541992,discrete
reward_intervention,eval/inverted,greedy,10018,89.79898071289062,0.21,55.98627758026123,discrete
reward_intervention,eval/inverted,greedy,10019,103.77257537841797,0.335,46.31757831573486,discrete
reward_intervention,eval/inverted,greedy,10020,111.34803771972656,0.445,25.150556087493896,discrete
reward_intervention,eval/inverted,greedy,10021,113.52108001708984,0.685,33.69003486633301,discrete
reward_intervention,eval/inverted,greedy,10022,85.93226623535156,0.095,66.84225654602051,discrete
reward_intervention,eval/inverted,greedy,10023,85.41986846923828,0.305,54.58752393722534,discrete
reward_intervention,eval/inverted,greedy,10024,102.89273071289062,0.275,42.500664710998535,discrete
reward_intervention,eval/inverted,greedy,10025,101.37310791015625,0.2,39.579379081726074,discrete
reward_intervention,eval/inverted,greedy,10026,112.27884674072266,0.435,21.65011978149414,discrete
reward_intervention,eval/inverted,greedy,10027,104.55899047851562,0.4,36.578927993774414,discrete
reward_intervention,eval/inverted,greedy,10028,77.26789093017578,0.0,72.8514313697815,discrete
reward_intervention,eval/inverted,greedy,10029,105.67686462402344,0.435,32.70052194595337,discrete
reward_intervention,eval/inverted,greedy,10030,94.00907897949219,0.0,50.7260856628418,discrete
reward_intervention,eval/inverted,greedy,10031,109.38351440429688,0.505,38.67661476135254,discrete
reward_intervention,eval/inverted,greedy,10032,94.4428939819336,0.2,26.016778469085693,discrete
reward_intervention,eval/inverted,greedy,10033,113.5499496459961,0.24,47.464340686798096,discrete
reward_intervention,eval/inverted,greedy,10034,95.77828979492188,0.155,54.81480932235718,discrete
reward_intervention,eval/inverted,greedy,10035,90.38232421875,0.045,78.56085729598999,discrete
reward_intervention,eval/inverted,greedy,10036,110.94038391113281,0.285,48.42382192611694,discrete
reward_intervention,eval/inverted,greedy,10037,119.97256469726562,0.41,20.865209102630615,discrete
reward_intervention,eval/inverted,greedy,10038,112.21656799316406,0.31,26.941014289855957,discrete
reward_intervention,eval/inverted,greedy,10039,105.12049865722656,0.1,43.71299171447754,discrete
reward_intervention,eval/inverted,greedy,10040,111.46609497070312,0.435,42.202693462371826,discrete
reward_intervention,eval/inverted,greedy,10041,108.49009704589844,0.41,35.526939868927,discrete
reward_intervention,eval/inverted,greedy,10042,120.11172485351562,0.165,34.357868671417236,discrete
reward_intervention,eval/inverted,greedy,10043,115.28866577148438,0.475,38.06963872909546,discrete
reward_intervention,eval/inverted,greedy,10044,83.68037414550781,0.09,63.39927816390991,discrete
reward_intervention,eval/inverted,greedy,10045,91.5732650756836,0.135,53.30200147628784,discrete
reward_intervention,eval/inverted,greedy,10046,89.93717956542969,0.26,64.27124834060669,discrete
reward_intervention,eval/inverted,greedy,10047,69.25208282470703,0.0,92.7829704284668,discrete
reward_intervention,eval/inverted,greedy,10048,82.98728942871094,0.26,73.00773286819458,discrete
reward_intervention,eval/inverted,random,9999,104.20384979248047,0.24,41.401740074157715,discrete
reward_intervention,eval/inverted,random,10000,110.36770629882812,0.29,51.73642921447754,discrete
reward_intervention,eval/inverted,random,10001,101.75326538085938,0.265,45.854233264923096,discrete
reward_intervention,eval/inverted,random,10002,108.02197265625,0.285,44.15881681442261,discrete
reward_intervention,eval/inverted,random,10003,121.4687728881836,0.325,41.9236798286438,discrete
reward_intervention,eval/inverted,random,10004,94.25703430175781,0.24,55.0237340927124,discrete
reward_intervention,eval/inverted,random,10005,99.29074096679688,0.27,59.37734937667847,discrete
reward_intervention,eval/inverted,random,10006,107.99085235595703,0.325,45.105323791503906,discrete
reward_intervention,eval/inverted,random,10007,114.64431762695312,0.23,43.23870801925659,discrete
reward_intervention,eval/inverted,random,10008,91.56184387207031,0.195,67.60078716278076,discrete
reward_intervention,eval/inverted,random,10009,94.35845184326172,0.19,57.437175273895264,discrete
reward_intervention,eval/inverted,random,10010,94.16703796386719,0.24,53.67103862762451,discrete
reward_intervention,eval/inverted,random,10011,109.7741928100586,0.22,43.76759099960327,discrete
reward_intervention,eval/inverted,random,10012,120.38268280029297,0.27,48.641451358795166,discrete
reward_intervention,eval/inverted,random,10013,115.09738159179688,0.25,44.02182483673096,discrete
reward_intervention,eval/inverted,random,10014,93.03694915771484,0.275,60.11474609375,discrete
reward_intervention,eval/inverted,random,10015,108.04640197753906,0.225,42.38377666473389,discrete
reward_intervention,eval/inverted,random,10016,95.12654113769531,0.3,42.387423038482666,discrete
reward_intervention,eval/inverted,random,10017,104.27647399902344,0.245,42.414865016937256,discrete
reward_intervention,eval/inverted,random,10018,105.53889465332031,0.275,42.61589431762695,discrete
reward_intervention,eval/inverted,random,10019,103.39932250976562,0.235,46.22064924240112,discrete
reward_intervention,eval/inverted,random,10020,99.56552124023438,0.23,41.07658672332764,discrete
reward_intervention,eval/inverted,random,10021,84.97496032714844,0.24,63.445013999938965,discrete
reward_intervention,eval/inverted,random,10022,105.95201873779297,0.265,47.555158615112305,discrete
reward_intervention,eval/inverted,random,10023,96.10975646972656,0.27,47.89344549179077,discrete
reward_intervention,eval/inverted,random,10024,111.04241943359375,0.245,36.56248331069946,discrete
reward_intervention,eval/inverted,random,10025,94.43516540527344,0.255,46.36319923400879,discrete
reward_intervention,eval/inverted,random,10026,92.69232177734375,0.235,44.182326316833496,discrete
reward_intervention,eval/inverted,random,10027,93.04194641113281,0.23,48.355183601379395,discrete
reward_intervention,eval/inverted,random,10028,97.2858657836914,0.28,59.88522911071777,discrete
reward_intervention,eval/inverted,random,10029,97.01669311523438,0.255,45.86236047744751,discrete
reward_intervention,eval/inverted,random,10030,99.0077896118164,0.23,51.50560522079468,discrete
reward_intervention,eval/inverted,random,10031,95.68562316894531,0.28,52.28444147109985,discrete
reward_intervention,eval/inverted,random,10032,97.1936264038086,0.25,25.51892328262329,discrete
reward_intervention,eval/inverted,random,10033,102.43862915039062,0.225,57.66783952713013,discrete
reward_intervention,eval/inverted,random,10034,108.78402709960938,0.255,43.42113637924194,discrete
reward_intervention,eval/inverted,random,10035,110.596435546875,0.24,57.719101905822754,discrete
reward_intervention,eval/inverted,random,10036,105.05601501464844,0.265,45.02997875213623,discrete
reward_intervention,eval/inverted,random,10037,102.6802749633789,0.26,33.48616933822632,discrete
reward_intervention,eval/inverted,random,10038,100.32266998291016,0.28,39.76910734176636,discrete
reward_intervention,eval/inverted,random,10039,111.68927001953125,0.245,38.80545473098755,discrete
reward_intervention,eval/inverted,random,10040,101.03496551513672,0.29,50.42936849594116,discrete
reward_intervention,eval/inverted,random,10041,94.65486145019531,0.255,46.75653028488159,discrete
reward_intervention,eval/inverted,random,10042,107.51129150390625,0.26,47.79604721069336,discrete
reward_intervention,eval/inverted,random,10043,97.52403259277344,0.255,55.59163570404053,discrete
reward_intervention,eval/inverted,random,10044,95.8270492553711,0.235,51.391879081726074,discrete
reward_intervention,eval/inverted,random,10045,93.86679077148438,0.285,52.86617946624756,discrete
reward_intervention,eval/inverted,random,10046,108.60939025878906,0.285,44.945844650268555,discrete
reward_intervention,eval/inverted,random,10047,99.97389221191406,0.215,63.16008472442627,discrete
reward_intervention,eval/inverted,random,10048,106.63331604003906,0.215,52.16561269760132,discrete
reward_intervention,contrast/intact,tf_legacy,9999,30.89999771118164,0.11,169.09996604919434,discrete
reward_intervention,contrast/intact,tf_legacy,10000,79.35000610351562,0.365,120.64997577667236,discrete
reward_intervention,contrast/intact,tf_legacy,10001,79.35000610351562,0.365,120.65002632141113,discrete
reward_intervention,contrast/intact,tf_legacy,10002,56.54999542236328,0.245,143.4499979019165,discrete
reward_intervention,contrast/intact,tf_legacy,10003,59.39999771118164,0.26,140.59997177124023,discrete
reward_intervention,contrast/intact,tf_legacy,10004,44.19999694824219,0.18,155.79996871948242,discrete
reward_intervention,contrast/intact,tf_legacy,10005,101.20000457763672,0.48,98.79998016357422,discrete
reward_intervention,contrast/intact,tf_legacy,10006,64.14999389648438,0.285,135.84997272491455,discrete
reward_intervention,contrast/intact,tf_legacy,10007,90.75,0.425,109.25002098083496,discrete
reward_intervention,contrast/intact,tf_legacy,10008,71.74999237060547,0.325,128.24997425079346,discrete
reward_intervention,contrast/intact,tf_legacy,10009,32.79999542236328,0.12,167.19999504089355,discrete
reward_intervention,contrast/intact,tf_legacy,10010,75.55000305175781,0.345,124.44997501373291,discrete
reward_intervention,contrast/intact,tf_legacy,10011,27.09999656677246,0.09,172.9001169204712,discrete
reward_intervention,contrast/intact,tf_legacy,10012,30.900001525878906,0.11,169.10007286071777,discrete
reward_intervention,contrast/intact,tf_legacy,10013,51.79999923706055,0.22,148.19997024536133,discrete
reward_intervention,contrast/intact,tf_legacy,10014,10.000001907348633,0.0,189.99996185302734,discrete
reward_intervention,contrast/intact,tf_legacy,10015,71.75,0.325,128.24997425079346,discrete
reward_intervention,contrast/intact,tf_legacy,10016,39.44999694824219,0.155,160.5499677658081,discrete
reward_intervention,contrast/intact,tf_legacy,10017,66.05000305175781,0.295,133.94998836517334,discrete
reward_intervention,contrast/intact,tf_legacy,10018,37.54999542236328,0.145,162.4499807357788,discrete
reward_intervention,contrast/intact,tf_legacy,10019,76.5,0.35,123.49997520446777,discrete
reward_intervention,contrast/intact,tf_legacy,10020,64.14999389648438,0.285,135.84998607635498,discrete
reward_intervention,contrast/intact,tf_legacy,10021,111.65000915527344,0.535,88.34998226165771,discrete
reward_intervention,contrast/intact,tf_legacy,10022,19.499998092651367,0.05,180.50005722045898,discrete
reward_intervention,contrast/intact,tf_legacy,10023,54.649993896484375,0.235,145.34999179840088,discrete
reward_intervention,contrast/intact,tf_legacy,10024,54.649993896484375,0.235,145.34997940063477,discrete
reward_intervention,contrast/intact,tf_legacy,10025,32.79999542236328,0.12,167.19996643066406,discrete
reward_intervention,contrast/intact,tf_legacy,10026,24.249998092651367,0.075,175.7499647140503,discrete
reward_intervention,contrast/intact,tf_legacy,10027,16.64999771118164,0.035,183.3499631881714,discrete
reward_intervention,contrast/intact,tf_legacy,10028,47.99999237060547,0.2,151.99997997283936,discrete
reward_intervention,contrast/intact,tf_legacy,10029,48.94999694824219,0.205,151.04996967315674,discrete
reward_intervention,contrast/intact,tf_legacy,10030,18.549999237060547,0.045,181.4499635696411,discrete
reward_intervention,contrast/intact,tf_legacy,10031,78.4000015258789,0.36,121.5999755859375,discrete
reward_intervention,contrast/intact,tf_legacy,10032,47.04999542236328,0.195,152.95006847381592,discrete
reward_intervention,contrast/intact,tf_legacy,10033,87.9000015258789,0.41,112.09999656677246,discrete
reward_intervention,contrast/intact,tf_legacy,10034,46.099998474121094,0.19,153.89996910095215,discrete
reward_intervention,contrast/intact,tf_legacy,10035,101.19999694824219,0.48,98.80002498626709,discrete
reward_intervention,contrast/intact,tf_legacy,10036,36.599998474121094,0.14,163.3999900817871,discrete
reward_intervention,contrast/intact,tf_legacy,10037,31.849994659423828,0.115,168.1500759124756,discrete
reward_intervention,contrast/intact,tf_legacy,10038,44.19999694824219,0.18,155.79996871948242,discrete
reward_intervention,contrast/intact,tf_legacy,10039,52.75,0.225,147.2499704360962,discrete
reward_intervention,contrast/intact,tf_legacy,10040,48.94999694824219,0.205,151.0500431060791,discrete
reward_intervention,contrast/intact,tf_legacy,10041,97.40000915527344,0.46,102.59997940063477,discrete
reward_intervention,contrast/intact,tf_legacy,10042,58.44999694824219,0.255,141.55006313323975,discrete
reward_intervention,contrast/intact,tf_legacy,10043,44.19999694824219,0.18,155.79996871948242,discrete
reward_intervention,contrast/intact,tf_legacy,10044,45.14999771118164,0.185,154.84996891021729,discrete
reward_intervention,contrast/intact,tf_legacy,10045,36.599998474121094,0.14,163.40005207061768,discrete
reward_intervention,contrast/intact,tf_legacy,10046,67.0,0.3,132.99997329711914,discrete
reward_intervention,contrast/intact,tf_legacy,10047,21.39999771118164,0.06,178.6001033782959,discrete
reward_intervention,contrast/intact,tf_legacy,10048,57.5,0.25,142.50002479553223,discrete
reward_intervention,contrast/intact,tf_self,9999,56.54999542236328,0.245,143.44997119903564,discrete
reward_intervention,contrast/intact,tf_self,10000,99.30000305175781,0.47,100.69997978210449,discrete
reward_intervention,contrast/intact,tf_self,10001,92.65000915527344,0.435,107.3500165939331,discrete
reward_intervention,contrast/intact,tf_self,10002,83.1500015258789,0.385,116.84996604919434,discrete
reward_intervention,contrast/intact,tf_self,10003,75.55000305175781,0.345,124.44997501373291,discrete
reward_intervention,contrast/intact,tf_self,10004,44.19999694824219,0.18,155.79996871948242,discrete
reward_intervention,contrast/intact,tf_self,10005,108.80000305175781,0.52,91.19998168945312,discrete
reward_intervention,contrast/intact,tf_self,10006,97.39999389648438,0.46,102.59997940063477,discrete
reward_intervention,contrast/intact,tf_self,10007,90.75,0.425,109.25002098083496,discrete
reward_intervention,contrast/intact,tf_self,10008,71.74999237060547,0.325,128.24997425079346,discrete
reward_intervention,contrast/intact,tf_self,10009,32.79999542236328,0.12,167.19998264312744,discrete
reward_intervention,contrast/intact,tf_self,10010,80.30000305175781,0.37,119.69997596740723,discrete
reward_intervention,contrast/intact,tf_self,10011,25.200000762939453,0.08,174.80011177062988,discrete
reward_intervention,contrast/intact,tf_self,10012,77.44999694824219,0.355,122.55000686645508,discrete
reward_intervention,contrast/intact,tf_self,10013,94.55000305175781,0.445,105.44997882843018,discrete
reward_intervention,contrast/intact,tf_self,10014,10.000001907348633,0.0,189.99996185302734,discrete
reward_intervention,contrast/intact,tf_self,10015,71.75,0.325,128.24997425079346,discrete
reward_intervention,contrast/intact,tf_self,10016,55.599998474121094,0.24,144.39997100830078,discrete
reward_intervention,contrast/intact,tf_self,10017,81.25,0.375,118.74998092651367,discrete
reward_intervention,contrast/intact,tf_self,10018,37.54999542236328,0.145,162.4499807357788,discrete
reward_intervention,contrast/intact,tf_self,10019,84.0999984741211,0.39,115.89997673034668,discrete
reward_intervention,contrast/intact,tf_self,10020,96.45000457763672,0.455,103.54999828338623,discrete
reward_intervention,contrast/intact,tf_self,10021,111.65000915527344,0.535,88.34998226165771,discrete
reward_intervention,contrast/intact,tf_self,10022,10.950000762939453,0.005,189.05005550384521,discrete
reward_intervention,contrast/intact,tf_self,10023,92.65000915527344,0.435,107.3500337600708,discrete
reward_intervention,contrast/intact,tf_self,10024,12.850000381469727,0.015,187.14998626708984,discrete
reward_intervention,contrast/intact,tf_self,10025,32.79999542236328,0.12,167.19996643066406,discrete
reward_intervention,contrast/intact,tf_self,10026,69.84999084472656,0.315,130.14997386932373,discrete
reward_intervention,contrast/intact,tf_self,10027,90.75,0.425,109.24997806549072,discrete
reward_intervention,contrast/intact,tf_self,10028,42.29999542236328,0.17,157.6999683380127,discrete
reward_intervention,contrast/intact,tf_self,10029,48.94999694824219,0.205,151.04996967315674,discrete
reward_intervention,contrast/intact,tf_self,10030,31.849998474121094,0.115,168.1499662399292,discrete
reward_intervention,contrast/intact,tf_self,10031,102.15000915527344,0.485,97.84998035430908,discrete
reward_intervention,contrast/intact,tf_self,10032,59.400001525878906,0.26,140.60004425048828,discrete
reward_intervention,contrast/intact,tf_self,10033,58.44999694824219,0.255,141.54999828338623,discrete
reward_intervention,contrast/intact,tf_self,10034,50.84999465942383,0.215,149.14997005462646,discrete
reward_intervention,contrast/intact,tf_self,10035,73.65000915527344,0.335,126.35000705718994,discrete
reward_intervention,contrast/intact,tf_self,10036,28.999996185302734,0.1,170.99999523162842,discrete
reward_intervention,contrast/intact,tf_self,10037,79.3499984741211,0.365,120.65006256103516,discrete
reward_intervention,contrast/intact,tf_self,10038,124.95001220703125,0.605,75.0499849319458,discrete
reward_intervention,contrast/intact,tf_self,10039,35.649993896484375,0.135,164.34997272491455,discrete
reward_intervention,contrast/intact,tf_self,10040,89.80000305175781,0.42,110.20002555847168,discrete
reward_intervention,contrast/intact,tf_self,10041,97.40000915527344,0.46,102.59997940063477,discrete
reward_intervention,contrast/intact,tf_self,10042,32.79999542236328,0.12,167.2000379562378,discrete
reward_intervention,contrast/intact,tf_self,10043,85.05000305175781,0.395,114.94997692108154,discrete
reward_intervention,contrast/intact,tf_self,10044,64.14999389648438,0.285,135.84997272491455,discrete
reward_intervention,contrast/intact,tf_self,10045,32.79999542236328,0.12,167.20006465911865,discrete
reward_intervention,contrast/intact,tf_self,10046,46.099998474121094,0.19,153.89996910095215,discrete
reward_intervention,contrast/intact,tf_self,10047,98.35000610351562,0.465,101.65008068084717,discrete
reward_intervention,contrast/intact,tf_self,10048,75.54999542236328,0.345,124.45004463195801,discrete
reward_intervention,contrast/intact,optimal,9999,200.0,1.0,0.0,discrete
reward_intervention,contrast/intact,optimal,10000,200.0,1.0,0.0,discrete
reward_intervention,contrast/intact,optimal,10001,200.0,1.0,0.0,discrete
reward_intervention,contrast/intact,optimal,10002,200.0,1.0,0.0,discrete
reward_intervention,contrast/intact,optimal,10003,200.0,1.0,0.0,discrete
reward_intervention,contrast/intact,optimal,10004,200.0,1.0,0.0,discrete
reward_intervention,contrast/intact,optimal,10005,200.0,1.0,0.0,discrete
reward_intervention,contrast/intact,optimal,10006,200.0,1.0,0.0,discrete
reward_intervention,contrast/intact,optimal,10007,200.0,1.0,0.0,discrete
reward_intervention,contrast/intact,optimal,10008,200.0,1.0,0.0,discrete
reward_intervention,contrast/intact,optimal,10009,200.0,1.0,0.0,discrete
reward_intervention,contrast/intact,optimal,10010,200.0,1.0,0.0,discrete
reward_intervention,contrast/intact,optimal,10011,200.0,1.0,0.0,discrete
reward_intervention,contrast/intact,optimal,10012,200.0,1.0,0.0,discrete
reward_intervention,contrast/intact,optimal,10013,200.0,1.0,0.0,discrete
reward_intervention,contrast/intact,optimal,10014,200.0,1.0,0.0,discrete
reward_intervention,contrast/intact,optimal,10015,200.0,1.0,0.0,discrete
reward_intervention,contrast/intact,optimal,10016,200.0,1.0,0.0,discrete
reward_intervention,contrast/intact,optimal,10017,200.0,1.0,0.0,discrete
reward_intervention,contrast/intact,optimal,10018,200.0,1.0,0.0,discrete
reward_intervention,contrast/intact,optimal,10019,200.0,1.0,0.0,discrete
reward_intervention,contrast/intact,optimal,10020,200.0,1.0,0.0,discrete
reward_intervention,contrast/intact,optimal,10021,200.0,1.0,0.0,discrete
reward_intervention,contrast/intact,optimal,10022,200.0,1.0,0.0,discrete
reward_intervention,contrast/intact,optimal,10023,200.0,1.0,0.0,discrete
reward_intervention,contrast/intact,optimal,10024,200.0,1.0,0.0,discrete
reward_intervention,contrast/intact,optimal,10025,200.0,1.0,0.0,discrete
reward_intervention,contrast/intact,optimal,10026,200.0,1.0,0.0,discrete
reward_intervention,contrast/intact,optimal,10027,200.0,1.0,0.0,discrete
reward_intervention,contrast/intact,optimal,10028,200.0,1.0,0.0,discrete
reward_intervention,contrast/intact,optimal,10029,200.0,1.0,0.0,discrete
reward_intervention,contrast/intact,optimal,10030,200.0,1.0,0.0,discrete
reward_intervention,contrast/intact,optimal,10031,200.0,1.0,0.0,discrete
reward_intervention,contrast/intact,optimal,10032,200.0,1.0,0.0,discrete
reward_intervention,contrast/intact,optimal,10033,200.0,1.0,0.0,discrete
reward_intervention,contrast/intact,optimal,10034,200.0,1.0,0.0,discrete
reward_intervention,contrast/intact,optimal,10035,200.0,1.0,0.0,discrete
reward_intervention,contrast/intact,optimal,10036,200.0,1.0,0.0,discrete
reward_intervention,contrast/intact,optimal,10037,200.0,1.0,0.0,discrete
reward_intervention,contrast/intact,optimal,10038,200.0,1.0,0.0,discrete
reward_intervention,contrast/intact,optimal,10039,200.0,1.0,0.0,discrete
reward_intervention,contrast/intact,optimal,10040,200.0,1.0,0.0,discrete
reward_intervention,contrast/intact,optimal,10041,200.0,1.0,0.0,discrete
reward_intervention,contrast/intact,optimal,10042,200.0,1.0,0.0,discrete
reward_intervention,contrast/intact,optimal,10043,200.0,1.0,0.0,discrete
reward_intervention,contrast/intact,optimal,10044,200.0,1.0,0.0,discrete
reward_intervention,contrast/intact,optimal,10045,200.0,1.0,0.0,discrete
reward_intervention,contrast/intact,optimal,10046,200.0,1.0,0.0,discrete
reward_intervention,contrast/intact,optimal,10047,200.0,1.0,0.0,discrete
reward_intervention,contrast/intact,optimal,10048,200.0,1.0,0.0,discrete
reward_intervention,contrast/intact,epsgreedy,9999,70.79999542236328,0.32,129.1999740600586,discrete
reward_intervention,contrast/intact,epsgreedy,10000,84.10000610351562,0.39,115.89997673034668,discrete
reward_intervention,contrast/intact,epsgreedy,10001,111.65000915527344,0.535,88.3500108718872,discrete
reward_intervention,contrast/intact,epsgreedy,10002,73.6500015258789,0.335,126.34999561309814,discrete
reward_intervention,contrast/intact,epsgreedy,10003,82.19999694824219,0.38,117.79997634887695,discrete
reward_intervention,contrast/intact,epsgreedy,10004,116.4000015258789,0.56,83.59998321533203,discrete
reward_intervention,contrast/intact,epsgreedy,10005,105.95000457763672,0.505,94.04998111724854,discrete
reward_intervention,contrast/intact,epsgreedy,10006,80.30000305175781,0.37,119.69997596740723,discrete
reward_intervention,contrast/intact,epsgreedy,10007,74.60000610351562,0.34,125.40003681182861,discrete
reward_intervention,contrast/intact,epsgreedy,10008,94.55000305175781,0.445,105.44997882843018,discrete
reward_intervention,contrast/intact,epsgreedy,10009,124.00000762939453,0.6,75.9999942779541,discrete
reward_intervention,contrast/intact,epsgreedy,10010,150.60000610351562,0.74,49.39999008178711,discrete
reward_intervention,contrast/intact,epsgreedy,10011,77.45000457763672,0.355,122.55003261566162,discrete
reward_intervention,contrast/intact,epsgreedy,10012,86.0,0.4,114.00003433227539,discrete
reward_intervention,contrast/intact,epsgreedy,10013,84.10000610351562,0.39,115.89997673034668,discrete
reward_intervention,contrast/intact,epsgreedy,10014,118.30001068115234,0.57,81.69998359680176,discrete
reward_intervention,contrast/intact,epsgreedy,10015,73.6500015258789,0.335,126.34997463226318,discrete
reward_intervention,contrast/intact,epsgreedy,10016,74.5999984741211,0.34,125.39997482299805,discrete
reward_intervention,contrast/intact,epsgreedy,10017,109.75,0.525,90.25001811981201,discrete
reward_intervention,contrast/intact,epsgreedy,10018,82.19999694824219,0.38,117.79997825622559,discrete
reward_intervention,contrast/intact,epsgreedy,10019,94.55000305175781,0.445,105.44997882843018,discrete
reward_intervention,contrast/intact,epsgreedy,10020,84.0999984741211,0.39,115.90002059936523,discrete
reward_intervention,contrast/intact,epsgreedy,10021,66.05000305175781,0.295,133.94997310638428,discrete
reward_intervention,contrast/intact,epsgreedy,10022,44.20000076293945,0.18,155.80008125305176,discrete
reward_intervention,contrast/intact,epsgreedy,10023,84.10000610351562,0.39,115.9000415802002,discrete
reward_intervention,contrast/intact,epsgreedy,10024,74.5999984741211,0.34,125.39998054504395,discrete
reward_intervention,contrast/intact,epsgreedy,10025,73.6500015258789,0.335,126.34997463226318,discrete
reward_intervention,contrast/intact,epsgreedy,10026,117.35000610351562,0.565,82.64998435974121,discrete
reward_intervention,contrast/intact,epsgreedy,10027,118.30000305175781,0.57,81.69998359680176,discrete
reward_intervention,contrast/intact,epsgreedy,10028,101.19999694824219,0.48,98.8000078201294,discrete
reward_intervention,contrast/intact,epsgreedy,10029,51.79999542236328,0.22,148.19997024536133,discrete
reward_intervention,contrast/intact,epsgreedy,10030,126.85000610351562,0.615,73.14998531341553,discrete
reward_intervention,contrast/intact,epsgreedy,10031,158.20001220703125,0.78,41.799991607666016,discrete
reward_intervention,contrast/intact,epsgreedy,10032,130.65000915527344,0.635,69.35001754760742,discrete
reward_intervention,contrast/intact,epsgreedy,10033,111.6500015258789,0.535,88.34998226165771,discrete
reward_intervention,contrast/intact,epsgreedy,10034,87.9000015258789,0.41,112.09997749328613,discrete
reward_intervention,contrast/intact,epsgreedy,10035,105.00000762939453,0.5,95.00004005432129,discrete
reward_intervention,contrast/intact,epsgreedy,10036,92.6500015258789,0.435,107.34998321533203,discrete
reward_intervention,contrast/intact,epsgreedy,10037,56.55000305175781,0.245,143.45001983642578,discrete
reward_intervention,contrast/intact,epsgreedy,10038,68.9000015258789,0.31,131.09997367858887,discrete
reward_intervention,contrast/intact,epsgreedy,10039,89.80000305175781,0.42,110.19997978210449,discrete
reward_intervention,contrast/intact,epsgreedy,10040,106.90000915527344,0.51,93.10006046295166,discrete
reward_intervention,contrast/intact,epsgreedy,10041,67.0,0.3,132.99997329711914,discrete
reward_intervention,contrast/intact,epsgreedy,10042,90.75,0.425,109.25006484985352,discrete
reward_intervention,contrast/intact,epsgreedy,10043,84.0999984741211,0.39,115.89997673034668,discrete
reward_intervention,contrast/intact,epsgreedy,10044,103.10000610351562,0.49,96.89998435974121,discrete
reward_intervention,contrast/intact,epsgreedy,10045,51.80000305175781,0.22,148.20002937316895,discrete
reward_intervention,contrast/intact,epsgreedy,10046,113.55000305175781,0.545,86.44998264312744,discrete
reward_intervention,contrast/intact,epsgreedy,10047,83.15000915527344,0.385,116.85005855560303,discrete
reward_intervention,contrast/intact,epsgreedy,10048,84.0999984741211,0.39,115.90001964569092,discrete
reward_intervention,contrast/intact,greedy,9999,35.64999771118164,0.135,164.34996700286865,discrete
reward_intervention,contrast/intact,greedy,10000,81.25,0.375,118.74997615814209,discrete
reward_intervention,contrast/intact,greedy,10001,98.35000610351562,0.465,101.65001106262207,discrete
reward_intervention,contrast/intact,greedy,10002,109.75000762939453,0.525,90.25000858306885,discrete
reward_intervention,contrast/intact,greedy,10003,83.1500015258789,0.385,116.84997653961182,discrete
reward_intervention,contrast/intact,greedy,10004,35.64999771118164,0.135,164.34996700286865,discrete
reward_intervention,contrast/intact,greedy,10005,23.299997329711914,0.07,176.69996452331543,discrete
reward_intervention,contrast/intact,greedy,10006,80.30000305175781,0.37,119.69997596740723,discrete
reward_intervention,contrast/intact,greedy,10007,99.30000305175781,0.47,100.70003128051758,discrete
reward_intervention,contrast/intact,greedy,10008,51.79999923706055,0.22,148.19997024536133,discrete
reward_intervention,contrast/intact,greedy,10009,54.64999771118164,0.235,145.35000228881836,discrete
reward_intervention,contrast/intact,greedy,10010,122.10000610351562,0.59,77.89998435974121,discrete
reward_intervention,contrast/intact,greedy,10011,45.14999771118164,0.185,154.850022315979,discrete
reward_intervention,contrast/intact,greedy,10012,59.400001525878906,0.26,140.60009002685547,discrete
reward_intervention,contrast/intact,greedy,10013,66.04999542236328,0.295,133.94997310638428,discrete
reward_intervention,contrast/intact,greedy,10014,63.19999313354492,0.28,136.7999725341797,discrete
reward_intervention,contrast/intact,greedy,10015,10.000001907348633,0.0,189.99996185302734,discrete
reward_intervention,contrast/intact,greedy,10016,32.79999542236328,0.12,167.19996643066406,discrete
reward_intervention,contrast/intact,greedy,10017,61.29999542236328,0.27,138.7000608444214,discrete
reward_intervention,contrast/intact,greedy,10018,76.5,0.35,123.49997520446777,discrete
reward_intervention,contrast/intact,greedy,10019,46.099998474121094,0.19,153.89996910095215,discrete
reward_intervention,contrast/intact,greedy,10020,43.249996185302734,0.175,156.74999332427979,discrete
reward_intervention,contrast/intact,greedy,10021,10.000001907348633,0.0,189.99996185302734,discrete
reward_intervention,contrast/intact,greedy,10022,19.5,0.05,180.50008583068848,discrete
reward_intervention,contrast/intact,greedy,10023,50.84999465942383,0.215,149.15002822875977,discrete
reward_intervention,contrast/intact,greedy,10024,34.69999694824219,0.13,165.29998779296875,discrete
reward_intervention,contrast/intact,greedy,10025,65.0999984741211,0.29,134.8999729156494,discrete
reward_intervention,contrast/intact,greedy,10026,103.10000610351562,0.49,96.89998054504395,discrete
reward_intervention,contrast/intact,greedy,10027,95.5,0.45,104.49997901916504,discrete
reward_intervention,contrast/intact,greedy,10028,94.55000305175781,0.445,105.44997882843018,discrete
reward_intervention,contrast/intact,greedy,10029,37.54999542236328,0.145,162.44996738433838,discrete
reward_intervention,contrast/intact,greedy,10030,51.79999542236328,0.22,148.19997024536133,discrete
reward_intervention,contrast/intact,greedy,10031,93.60000610351562,0.44,106.39997863769531,discrete
reward_intervention,contrast/intact,greedy,10032,40.39999771118164,0.16,159.60004711151123,discrete
reward_intervention,contrast/intact,greedy,10033,70.80000305175781,0.32,129.19999885559082,discrete
reward_intervention,contrast/intact,greedy,10034,64.1500015258789,0.285,135.84997272491455,discrete
reward_intervention,contrast/intact,greedy,10035,84.0999984741211,0.39,115.90003395080566,discrete
reward_intervention,contrast/intact,greedy,10036,73.6500015258789,0.335,126.3499927520752,discrete
reward_intervention,contrast/intact,greedy,10037,10.000001907348633,0.0,190.0000171661377,discrete
reward_intervention,contrast/intact,greedy,10038,30.89999771118164,0.11,169.09996604919434,discrete
reward_intervention,contrast/intact,greedy,10039,67.0,0.3,132.99997329711914,discrete
reward_intervention,contrast/intact,greedy,10040,57.5,0.25,142.5000638961792,discrete
reward_intervention,contrast/intact,greedy,10041,42.29999542236328,0.17,157.6999683380127,discrete
reward_intervention,contrast/intact,greedy,10042,25.199996948242188,0.08,174.80006217956543,discrete
reward_intervention,contrast/intact,greedy,10043,65.0999984741211,0.29,134.8999729156494,discrete
reward_intervention,contrast/intact,greedy,10044,96.45000457763672,0.455,103.5499792098999,discrete
reward_intervention,contrast/intact,greedy,10045,32.79999542236328,0.12,167.20010375976562,discrete
reward_intervention,contrast/intact,greedy,10046,91.70000457763672,0.43,108.29997825622559,discrete
reward_intervention,contrast/intact,greedy,10047,68.89999389648438,0.31,131.1000623703003,discrete
reward_intervention,contrast/intact,greedy,10048,29.949996948242188,0.105,170.0500144958496,discrete
reward_intervention,contrast/intact,random,9999,66.04999542236328,0.295,133.94997310638428,discrete
reward_intervention,contrast/intact,random,10000,53.69999694824219,0.23,146.29997062683105,discrete
reward_intervention,contrast/intact,random,10001,58.44999694824219,0.255,141.55001544952393,discrete
reward_intervention,contrast/intact,random,10002,50.849998474121094,0.215,149.14999675750732,discrete
reward_intervention,contrast/intact,random,10003,57.499996185302734,0.25,142.4999713897705,discrete
reward_intervention,contrast/intact,random,10004,62.25,0.275,137.74997234344482,discrete
reward_intervention,contrast/intact,random,10005,64.14999389648438,0.285,135.84997272491455,discrete
reward_intervention,contrast/intact,random,10006,61.29999923706055,0.27,138.69997215270996,discrete
reward_intervention,contrast/intact,random,10007,61.30000305175781,0.27,138.70005893707275,discrete
reward_intervention,contrast/intact,random,10008,59.399993896484375,0.26,140.59997177124023,discrete
reward_intervention,contrast/intact,random,10009,50.849998474121094,0.215,149.14999294281006,discrete
reward_intervention,contrast/intact,random,10010,49.899993896484375,0.21,150.0999698638916,discrete
reward_intervention,contrast/intact,random,10011,53.69999694824219,0.23,146.30006980895996,discrete
reward_intervention,contrast/intact,random,10012,65.0999984741211,0.29,134.90003108978271,discrete
reward_intervention,contrast/intact,random,10013,55.599998474121094,0.24,144.39997100830078,discrete
reward_intervention,contrast/intact,random,10014,57.499996185302734,0.25,142.49997806549072,discrete
reward_intervention,contrast/intact,random,10015,49.899993896484375,0.21,150.0999698638916,discrete
reward_intervention,contrast/intact,random,10016,56.54999542236328,0.245,143.44997119903564,discrete
reward_intervention,contrast/intact,random,10017,51.79999542236328,0.22,148.20003032684326,discrete
reward_intervention,contrast/intact,random,10018,64.14999389648438,0.285,135.84997653961182,discrete
reward_intervention,contrast/intact,random,10019,61.29999542236328,0.27,138.69997215270996,discrete
reward_intervention,contrast/intact,random,10020,67.94999694824219,0.305,132.0500202178955,discrete
reward_intervention,contrast/intact,random,10021,53.69999694824219,0.23,146.29997062683105,discrete
reward_intervention,contrast/intact,random,10022,60.349998474121094,0.265,139.6500539779663,discrete
reward_intervention,contrast/intact,random,10023,54.650001525878906,0.235,145.3500270843506,discrete
reward_intervention,contrast/intact,random,10024,54.64999771118164,0.235,145.34998035430908,discrete
reward_intervention,contrast/intact,random,10025,55.599998474121094,0.24,144.39997100830078,discrete
reward_intervention,contrast/intact,random,10026,48.94999694824219,0.205,151.04997444152832,discrete
reward_intervention,contrast/intact,random,10027,57.499996185302734,0.25,142.4999713897705,discrete
reward_intervention,contrast/intact,random,10028,58.44999694824219,0.255,141.54998397827148,discrete
reward_intervention,contrast/intact,random,10029,57.499996185302734,0.25,142.4999713897705,discrete
reward_intervention,contrast/intact,random,10030,68.9000015258789,0.31,131.09997367858887,discrete
reward_intervention,contrast/intact,random,10031,59.399993896484375,0.26,140.59997177124023,discrete
reward_intervention,contrast/intact,random,10032,53.69999694824219,0.23,146.30005264282227,discrete
reward_intervention,contrast/intact,random,10033,50.849998474121094,0.215,149.15002155303955,discrete
reward_intervention,contrast/intact,random,10034,55.599998474121094,0.24,144.39997100830078,discrete
reward_intervention,contrast/intact,random,10035,54.649993896484375,0.235,145.35002613067627,discrete
reward_intervention,contrast/intact,random,10036,64.1500015258789,0.285,135.84998226165771,discrete
reward_intervention,contrast/intact,random,10037,56.55000305175781,0.245,143.45002841949463,discrete
reward_intervention,contrast/intact,random,10038,48.94999694824219,0.205,151.04996967315674,discrete
reward_intervention,contrast/intact,random,10039,58.44999694824219,0.255,141.5499963760376,discrete
reward_intervention,contrast/intact,random,10040,53.69999694824219,0.23,146.30006217956543,discrete
reward_intervention,contrast/intact,random,10041,54.64999771118164,0.235,145.34997081756592,discrete
reward_intervention,contrast/intact,random,10042,62.25,0.275,137.75006771087646,discrete
reward_intervention,contrast/intact,random,10043,59.399993896484375,0.26,140.59997177124023,discrete
reward_intervention,contrast/intact,random,10044,55.599998474121094,0.24,144.39999103546143,discrete
reward_intervention,contrast/intact,random,10045,46.09999465942383,0.19,153.9000473022461,discrete
reward_intervention,contrast/intact,random,10046,59.40000534057617,0.26,140.59997177124023,discrete
reward_intervention,contrast/intact,random,10047,57.499996185302734,0.25,142.50008487701416,discrete
reward_intervention,contrast/intact,random,10048,45.14999771118164,0.185,154.85002613067627,discrete
reward_intervention,contrast/zeroed,tf_legacy,9999,27.099998474121094,0.09,172.89996528625488,discrete
reward_intervention,contrast/zeroed,tf_legacy,10000,43.25,0.175,156.74996852874756,discrete
reward_intervention,contrast/zeroed,tf_legacy,10001,18.549999237060547,0.045,181.45000839233398,discrete
reward_intervention,contrast/zeroed,tf_legacy,10002,82.19999694824219,0.38,117.79996681213379,discrete
reward_intervention,contrast/zeroed,tf_legacy,10003,56.54999923706055,0.245,143.44997119903564,discrete
reward_intervention,contrast/zeroed,tf_legacy,10004,44.19999694824219,0.18,155.79996871948242,discrete
reward_intervention,contrast/zeroed,tf_legacy,10005,33.749996185302734,0.125,166.24996662139893,discrete
reward_intervention,contrast/zeroed,tf_legacy,10006,64.14999389648438,0.285,135.84997272491455,discrete
reward_intervention,contrast/zeroed,tf_legacy,10007,90.75,0.425,109.25002098083496,discrete
reward_intervention,contrast/zeroed,tf_legacy,10008,71.74999237060547,0.325,128.24997425079346,discrete
reward_intervention,contrast/zeroed,tf_legacy,10009,32.79999542236328,0.12,167.19999504089355,discrete
reward_intervention,contrast/zeroed,tf_legacy,10010,58.44999694824219,0.255,141.54997158050537,discrete
reward_intervention,contrast/zeroed,tf_legacy,10011,26.14999771118164,0.085,173.85011768341064,discrete
reward_intervention,contrast/zeroed,tf_legacy,10012,27.09999656677246,0.09,172.90007400512695,discrete
reward_intervention,contrast/zeroed,tf_legacy,10013,59.400001525878906,0.26,140.59997177124023,discrete
reward_intervention,contrast/zeroed,tf_legacy,10014,10.000001907348633,0.0,189.99996185302734,discrete
reward_intervention,contrast/zeroed,tf_legacy,10015,71.75,0.325,128.24997425079346,discrete
reward_intervention,contrast/zeroed,tf_legacy,10016,37.54999542236328,0.145,162.44996738433838,discrete
reward_intervention,contrast/zeroed,tf_legacy,10017,88.85000610351562,0.415,111.15004062652588,discrete
reward_intervention,contrast/zeroed,tf_legacy,10018,37.54999542236328,0.145,162.4499807357788,discrete
reward_intervention,contrast/zeroed,tf_legacy,10019,74.60000610351562,0.34,125.39997482299805,discrete
reward_intervention,contrast/zeroed,tf_legacy,10020,35.64999771118164,0.135,164.35000133514404,discrete
reward_intervention,contrast/zeroed,tf_legacy,10021,111.65000915527344,0.535,88.34998226165771,discrete
reward_intervention,contrast/zeroed,tf_legacy,10022,30.899993896484375,0.11,169.10005950927734,discrete
reward_intervention,contrast/zeroed,tf_legacy,10023,27.099998474121094,0.09,172.90003299713135,discrete
reward_intervention,contrast/zeroed,tf_legacy,10024,66.99999237060547,0.3,132.99997329711914,discrete
reward_intervention,contrast/zeroed,tf_legacy,10025,32.79999542236328,0.12,167.19996643066406,discrete
reward_intervention,contrast/zeroed,tf_legacy,10026,24.25,0.075,175.7499647140503,discrete
reward_intervention,contrast/zeroed,tf_legacy,10027,16.64999771118164,0.035,183.3499631881714,discrete
reward_intervention,contrast/zeroed,tf_legacy,10028,78.39999389648438,0.36,121.59999370574951,discrete
reward_intervention,contrast/zeroed,tf_legacy,10029,48.94999694824219,0.205,151.04996967315674,discrete
reward_intervention,contrast/zeroed,tf_legacy,10030,21.39999771118164,0.06,178.5999641418457,discrete
reward_intervention,contrast/zeroed,tf_legacy,10031,87.9000015258789,0.41,112.09997749328613,discrete
reward_intervention,contrast/zeroed,tf_legacy,10032,45.14999771118164,0.185,154.85007190704346,discrete
reward_intervention,contrast/zeroed,tf_legacy,10033,86.0,0.4,114.0000057220459,discrete
reward_intervention,contrast/zeroed,tf_legacy,10034,46.099998474121094,0.19,153.89996910095215,discrete
reward_intervention,contrast/zeroed,tf_legacy,10035,99.30000305175781,0.47,100.70002365112305,discrete
reward_intervention,contrast/zeroed,tf_legacy,10036,42.29999542236328,0.17,157.6999683380127,discrete
reward_intervention,contrast/zeroed,tf_legacy,10037,31.84999656677246,0.115,168.15007781982422,discrete
reward_intervention,contrast/zeroed,tf_legacy,10038,41.34999465942383,0.165,158.64996814727783,discrete
reward_intervention,contrast/zeroed,tf_legacy,10039,49.89999771118164,0.21,150.0999698638916,discrete
reward_intervention,contrast/zeroed,tf_legacy,10040,48.94999694824219,0.205,151.0500431060791,discrete
reward_intervention,contrast/zeroed,tf_legacy,10041,97.40000915527344,0.46,102.59997940063477,discrete
reward_intervention,contrast/zeroed,tf_legacy,10042,53.69999694824219,0.23,146.30007934570312,discrete
reward_intervention,contrast/zeroed,tf_legacy,10043,43.249996185302734,0.175,156.74996852874756,discrete
reward_intervention,contrast/zeroed,tf_legacy,10044,46.099998474121094,0.19,153.89996910095215,discrete
reward_intervention,contrast/zeroed,tf_legacy,10045,43.249996185302734,0.175,156.7500410079956,discrete
reward_intervention,contrast/zeroed,tf_legacy,10046,75.55000305175781,0.345,124.44997501373291,discrete
reward_intervention,contrast/zeroed,tf_legacy,10047,22.349998474121094,0.065,177.6501064300537,discrete
reward_intervention,contrast/zeroed,tf_legacy,10048,40.400001525878906,0.16,159.60002994537354,discrete
reward_intervention,contrast/zeroed,tf_self,9999,56.54999542236328,0.245,143.44997119903564,discrete
reward_intervention,contrast/zeroed,tf_self,10000,100.25,0.475,99.74997997283936,discrete
reward_intervention,contrast/zeroed,tf_self,10001,18.549999237060547,0.045,181.45000839233398,discrete
reward_intervention,contrast/zeroed,tf_self,10002,82.19999694824219,0.38,117.79996681213379,discrete
reward_intervention,contrast/zeroed,tf_self,10003,75.55000305175781,0.345,124.44997501373291,discrete
reward_intervention,contrast/zeroed,tf_self,10004,44.19999694824219,0.18,155.79996871948242,discrete
reward_intervention,contrast/zeroed,tf_self,10005,33.749996185302734,0.125,166.24996662139893,discrete
reward_intervention,contrast/zeroed,tf_self,10006,97.39999389648438,0.46,102.59997940063477,discrete
reward_intervention,contrast/zeroed,tf_self,10007,90.75,0.425,109.25002098083496,discrete
reward_intervention,contrast/zeroed,tf_self,10008,71.74999237060547,0.325,128.24997425079346,discrete
reward_intervention,contrast/zeroed,tf_self,10009,32.79999542236328,0.12,167.19998264312744,discrete
reward_intervention,contrast/zeroed,tf_self,10010,92.65000915527344,0.435,107.34997844696045,discrete
reward_intervention,contrast/zeroed,tf_self,10011,25.200000762939453,0.08,174.80011177062988,discrete
reward_intervention,contrast/zeroed,tf_self,10012,79.35000610351562,0.365,120.65000820159912,discrete
reward_intervention,contrast/zeroed,tf_self,10013,71.75,0.325,128.24997425079346,discrete
reward_intervention,contrast/zeroed,tf_self,10014,10.000001907348633,0.0,189.99996185302734,discrete
reward_intervention,contrast/zeroed,tf_self,10015,71.75,0.325,128.24997425079346,discrete
reward_intervention,contrast/zeroed,tf_self,10016,58.44999694824219,0.255,141.54997158050537,discrete
reward_intervention,contrast/zeroed,tf_self,10017,88.85000610351562,0.415,111.15004062652588,discrete
reward_intervention,contrast/zeroed,tf_self,10018,37.54999542236328,0.145,162.4499807357788,discrete
reward_intervention,contrast/zeroed,tf_self,10019,84.0999984741211,0.39,115.89997673034668,discrete
reward_intervention,contrast/zeroed,tf_self,10020,97.4000015258789,0.46,102.59999752044678,discrete
reward_intervention,contrast/zeroed,tf_self,10021,111.65000915527344,0.535,88.34998226165771,discrete
reward_intervention,contrast/zeroed,tf_self,10022,10.950000762939453,0.005,189.05005550384521,discrete
reward_intervention,contrast/zeroed,tf_self,10023,31.849998474121094,0.115,168.15002822875977,discrete
reward_intervention,contrast/zeroed,tf_self,10024,10.950000762939453,0.005,189.04998779296875,discrete
reward_intervention,contrast/zeroed,tf_self,10025,32.79999542236328,0.12,167.19996643066406,discrete
reward_intervention,contrast/zeroed,tf_self,10026,73.64999389648438,0.335,126.34997463226318,discrete
reward_intervention,contrast/zeroed,tf_self,10027,90.75,0.425,109.24997806549072,discrete
reward_intervention,contrast/zeroed,tf_self,10028,51.79999542236328,0.22,148.2000026702881,discrete
reward_intervention,contrast/zeroed,tf_self,10029,48.94999694824219,0.205,151.04996967315674,discrete
reward_intervention,contrast/zeroed,tf_self,10030,31.849998474121094,0.115,168.1499662399292,discrete
reward_intervention,contrast/zeroed,tf_self,10031,102.15000915527344,0.485,97.84998035430908,discrete
reward_intervention,contrast/zeroed,tf_self,10032,59.400001525878906,0.26,140.60004425048828,discrete
reward_intervention,contrast/zeroed,tf_self,10033,58.44999694824219,0.255,141.54999828338623,discrete
reward_intervention,contrast/zeroed,tf_self,10034,50.84999465942383,0.215,149.14997005462646,discrete
reward_intervention,contrast/zeroed,tf_self,10035,73.65000915527344,0.335,126.35000705718994,discrete
reward_intervention,contrast/zeroed,tf_self,10036,42.29999542236328,0.17,157.6999683380127,discrete
reward_intervention,contrast/zeroed,tf_self,10037,86.94999694824219,0.405,113.05005550384521,discrete
reward_intervention,contrast/zeroed,tf_self,10038,123.05001068115234,0.595,76.94998455047607,discrete
reward_intervention,contrast/zeroed,tf_self,10039,49.89999771118164,0.21,150.0999698638916,discrete
reward_intervention,contrast/zeroed,tf_self,10040,89.80000305175781,0.42,110.20002555847168,discrete
reward_intervention,contrast/zeroed,tf_self,10041,97.40000915527344,0.46,102.59997940063477,discrete
reward_intervention,contrast/zeroed,tf_self,10042,32.79999542236328,0.12,167.2000379562378,discrete
reward_intervention,contrast/zeroed,tf_self,10043,86.95000457763672,0.405,113.04997730255127,discrete
reward_intervention,contrast/zeroed,tf_self,10044,50.849998474121094,0.215,149.14997005462646,discrete
reward_intervention,contrast/zeroed,tf_self,10045,32.79999542236328,0.12,167.20006465911865,discrete
reward_intervention,contrast/zeroed,tf_self,10046,46.099998474121094,0.19,153.89996910095215,discrete
reward_intervention,contrast/zeroed,tf_self,10047,98.35000610351562,0.465,101.65008068084717,discrete
reward_intervention,contrast/zeroed,tf_self,10048,76.5,0.35,123.50004482269287,discrete
reward_intervention,contrast/zeroed,optimal,9999,200.0,1.0,0.0,discrete
reward_intervention,contrast/zeroed,optimal,10000,200.0,1.0,0.0,discrete
reward_intervention,contrast/zeroed,optimal,10001,200.0,1.0,0.0,discrete
reward_intervention,contrast/zeroed,optimal,10002,200.0,1.0,0.0,discrete
reward_intervention,contrast/zeroed,optimal,10003,200.0,1.0,0.0,discrete
reward_intervention,contrast/zeroed,optimal,10004,200.0,1.0,0.0,discrete
reward_intervention,contrast/zeroed,optimal,10005,200.0,1.0,0.0,discrete
reward_intervention,contrast/zeroed,optimal,10006,200.0,1.0,0.0,discrete
reward_intervention,contrast/zeroed,optimal,10007,200.0,1.0,0.0,discrete
reward_intervention,contrast/zeroed,optimal,10008,200.0,1.0,0.0,discrete
reward_intervention,contrast/zeroed,optimal,10009,200.0,1.0,0.0,discrete
reward_intervention,contrast/zeroed,optimal,10010,200.0,1.0,0.0,discrete
reward_intervention,contrast/zeroed,optimal,10011,200.0,1.0,0.0,discrete
reward_intervention,contrast/zeroed,optimal,10012,200.0,1.0,0.0,discrete
reward_intervention,contrast/zeroed,optimal,10013,200.0,1.0,0.0,discrete
reward_intervention,contrast/zeroed,optimal,10014,200.0,1.0,0.0,discrete
reward_intervention,contrast/zeroed,optimal,10015,200.0,1.0,0.0,discrete
reward_intervention,contrast/zeroed,optimal,10016,200.0,1.0,0.0,discrete
reward_intervention,contrast/zeroed,optimal,10017,200.0,1.0,0.0,discrete
reward_intervention,contrast/zeroed,optimal,10018,200.0,1.0,0.0,discrete
reward_intervention,contrast/zeroed,optimal,10019,200.0,1.0,0.0,discrete
reward_intervention,contrast/zeroed,optimal,10020,200.0,1.0,0.0,discrete
reward_intervention,contrast/zeroed,optimal,10021,200.0,1.0,0.0,discrete
reward_intervention,contrast/zeroed,optimal,10022,200.0,1.0,0.0,discrete
reward_intervention,contrast/zeroed,optimal,10023,200.0,1.0,0.0,discrete
reward_intervention,contrast/zeroed,optimal,10024,200.0,1.0,0.0,discrete
reward_intervention,contrast/zeroed,optimal,10025,200.0,1.0,0.0,discrete
reward_intervention,contrast/zeroed,optimal,10026,200.0,1.0,0.0,discrete
reward_intervention,contrast/zeroed,optimal,10027,200.0,1.0,0.0,discrete
reward_intervention,contrast/zeroed,optimal,10028,200.0,1.0,0.0,discrete
reward_intervention,contrast/zeroed,optimal,10029,200.0,1.0,0.0,discrete
reward_intervention,contrast/zeroed,optimal,10030,200.0,1.0,0.0,discrete
reward_intervention,contrast/zeroed,optimal,10031,200.0,1.0,0.0,discrete
reward_intervention,contrast/zeroed,optimal,10032,200.0,1.0,0.0,discrete
reward_intervention,contrast/zeroed,optimal,10033,200.0,1.0,0.0,discrete
reward_intervention,contrast/zeroed,optimal,10034,200.0,1.0,0.0,discrete
reward_intervention,contrast/zeroed,optimal,10035,200.0,1.0,0.0,discrete
reward_intervention,contrast/zeroed,optimal,10036,200.0,1.0,0.0,discrete
reward_intervention,contrast/zeroed,optimal,10037,200.0,1.0,0.0,discrete
reward_intervention,contrast/zeroed,optimal,10038,200.0,1.0,0.0,discrete
reward_intervention,contrast/zeroed,optimal,10039,200.0,1.0,0.0,discrete
reward_intervention,contrast/zeroed,optimal,10040,200.0,1.0,0.0,discrete
reward_intervention,contrast/zeroed,optimal,10041,200.0,1.0,0.0,discrete
reward_intervention,contrast/zeroed,optimal,10042,200.0,1.0,0.0,discrete
reward_intervention,contrast/zeroed,optimal,10043,200.0,1.0,0.0,discrete
reward_intervention,contrast/zeroed,optimal,10044,200.0,1.0,0.0,discrete
reward_intervention,contrast/zeroed,optimal,10045,200.0,1.0,0.0,discrete
reward_intervention,contrast/zeroed,optimal,10046,200.0,1.0,0.0,discrete
reward_intervention,contrast/zeroed,optimal,10047,200.0,1.0,0.0,discrete
reward_intervention,contrast/zeroed,optimal,10048,200.0,1.0,0.0,discrete
reward_intervention,contrast/zeroed,epsgreedy,9999,56.54999923706055,0.245,143.44997119903564,discrete
reward_intervention,contrast/zeroed,epsgreedy,10000,48.94999694824219,0.205,151.04996967315674,discrete
reward_intervention,contrast/zeroed,epsgreedy,10001,65.0999984741211,0.29,134.9000015258789,discrete
reward_intervention,contrast/zeroed,epsgreedy,10002,49.89999771118164,0.21,150.09998893737793,discrete
reward_intervention,contrast/zeroed,epsgreedy,10003,63.19999313354492,0.28,136.7999725341797,discrete
reward_intervention,contrast/zeroed,epsgreedy,10004,55.599998474121094,0.24,144.39997100830078,discrete
reward_intervention,contrast/zeroed,epsgreedy,10005,58.45000076293945,0.255,141.54997158050537,discrete
reward_intervention,contrast/zeroed,epsgreedy,10006,48.94999694824219,0.205,151.04996967315674,discrete
reward_intervention,contrast/zeroed,epsgreedy,10007,53.69999694824219,0.23,146.30005645751953,discrete
reward_intervention,contrast/zeroed,epsgreedy,10008,68.89999389648438,0.31,131.09997367858887,discrete
reward_intervention,contrast/zeroed,epsgreedy,10009,51.79999542236328,0.22,148.19998931884766,discrete
reward_intervention,contrast/zeroed,epsgreedy,10010,56.54999923706055,0.245,143.44997119903564,discrete
reward_intervention,contrast/zeroed,epsgreedy,10011,57.5,0.25,142.50005912780762,discrete
reward_intervention,contrast/zeroed,epsgreedy,10012,52.75,0.225,147.2500352859497,discrete
reward_intervention,contrast/zeroed,epsgreedy,10013,62.249996185302734,0.275,137.74997234344482,discrete
reward_intervention,contrast/zeroed,epsgreedy,10014,63.19999694824219,0.28,136.79997634887695,discrete
reward_intervention,contrast/zeroed,epsgreedy,10015,55.599998474121094,0.24,144.39997100830078,discrete
reward_intervention,contrast/zeroed,epsgreedy,10016,53.69999694824219,0.23,146.29997062683105,discrete
reward_intervention,contrast/zeroed,epsgreedy,10017,47.04999542236328,0.195,152.95002555847168,discrete
reward_intervention,contrast/zeroed,epsgreedy,10018,58.44999694824219,0.255,141.54997539520264,discrete
reward_intervention,contrast/zeroed,epsgreedy,10019,57.499996185302734,0.25,142.4999713897705,discrete
reward_intervention,contrast/zeroed,epsgreedy,10020,61.29999923706055,0.27,138.70001411437988,discrete
reward_intervention,contrast/zeroed,epsgreedy,10021,55.599998474121094,0.24,144.39997100830078,discrete
reward_intervention,contrast/zeroed,epsgreedy,10022,57.499996185302734,0.25,142.5000410079956,discrete
reward_intervention,contrast/zeroed,epsgreedy,10023,57.499996185302734,0.25,142.5000228881836,discrete
reward_intervention,contrast/zeroed,epsgreedy,10024,54.650001525878906,0.235,145.34997844696045,discrete
reward_intervention,contrast/zeroed,epsgreedy,10025,60.349998474121094,0.265,139.6499719619751,discrete
reward_intervention,contrast/zeroed,epsgreedy,10026,47.99999237060547,0.2,151.9999713897705,discrete
reward_intervention,contrast/zeroed,epsgreedy,10027,58.44999694824219,0.255,141.54997158050537,discrete
reward_intervention,contrast/zeroed,epsgreedy,10028,67.94999694824219,0.305,132.04998970031738,discrete
reward_intervention,contrast/zeroed,epsgreedy,10029,55.59999465942383,0.24,144.39997100830078,discrete
reward_intervention,contrast/zeroed,epsgreedy,10030,55.599998474121094,0.24,144.39997100830078,discrete
reward_intervention,contrast/zeroed,epsgreedy,10031,54.650001525878906,0.235,145.34997081756592,discrete
reward_intervention,contrast/zeroed,epsgreedy,10032,49.899993896484375,0.21,150.1000461578369,discrete
reward_intervention,contrast/zeroed,epsgreedy,10033,53.69999694824219,0.23,146.30001735687256,discrete
reward_intervention,contrast/zeroed,epsgreedy,10034,50.849998474121094,0.215,149.14997005462646,discrete
reward_intervention,contrast/zeroed,epsgreedy,10035,55.599998474121094,0.24,144.40002632141113,discrete
reward_intervention,contrast/zeroed,epsgreedy,10036,60.349998474121094,0.265,139.64998149871826,discrete
reward_intervention,contrast/zeroed,epsgreedy,10037,60.349998474121094,0.265,139.6500425338745,discrete
reward_intervention,contrast/zeroed,epsgreedy,10038,66.05000305175781,0.295,133.94997310638428,discrete
reward_intervention,contrast/zeroed,epsgreedy,10039,60.349998474121094,0.265,139.6499900817871,discrete
reward_intervention,contrast/zeroed,epsgreedy,10040,55.599998474121094,0.24,144.40005683898926,discrete
reward_intervention,contrast/zeroed,epsgreedy,10041,62.25,0.275,137.74997234344482,discrete
reward_intervention,contrast/zeroed,epsgreedy,10042,58.45000076293945,0.255,141.550066947937,discrete
reward_intervention,contrast/zeroed,epsgreedy,10043,58.44999694824219,0.255,141.54997158050537,discrete
reward_intervention,contrast/zeroed,epsgreedy,10044,65.0999984741211,0.29,134.89999389648438,discrete
reward_intervention,contrast/zeroed,epsgreedy,10045,62.249996185302734,0.275,137.7500400543213,discrete
reward_intervention,contrast/zeroed,epsgreedy,10046,63.19999694824219,0.28,136.7999725341797,discrete
reward_intervention,contrast/zeroed,epsgreedy,10047,58.44999694824219,0.255,141.55008506774902,discrete
reward_intervention,contrast/zeroed,epsgreedy,10048,74.60000610351562,0.34,125.40001106262207,discrete
reward_intervention,contrast/zeroed,greedy,9999,56.54999923706055,0.245,143.44997119903564,discrete
reward_intervention,contrast/zeroed,greedy,10000,48.94999694824219,0.205,151.04996967315674,discrete
reward_intervention,contrast/zeroed,greedy,10001,65.0999984741211,0.29,134.9000015258789,discrete
reward_intervention,contrast/zeroed,greedy,10002,49.89999771118164,0.21,150.09998893737793,discrete
reward_intervention,contrast/zeroed,greedy,10003,63.19999313354492,0.28,136.7999725341797,discrete
reward_intervention,contrast/zeroed,greedy,10004,55.599998474121094,0.24,144.39997100830078,discrete
reward_intervention,contrast/zeroed,greedy,10005,58.45000076293945,0.255,141.54997158050537,discrete
reward_intervention,contrast/zeroed,greedy,10006,48.94999694824219,0.205,151.04996967315674,discrete
reward_intervention,contrast/zeroed,greedy,10007,53.69999694824219,0.23,146.30005645751953,discrete
reward_intervention,contrast/zeroed,greedy,10008,68.89999389648438,0.31,131.09997367858887,discrete
reward_intervention,contrast/zeroed,greedy,10009,51.79999542236328,0.22,148.19998931884766,discrete
reward_intervention,contrast/zeroed,greedy,10010,56.54999923706055,0.245,143.44997119903564,discrete
reward_intervention,contrast/zeroed,greedy,10011,57.5,0.25,142.50005912780762,discrete
reward_intervention,contrast/zeroed,greedy,10012,52.75,0.225,147.2500352859497,discrete
reward_intervention,contrast/zeroed,greedy,10013,62.249996185302734,0.275,137.74997234344482,discrete
reward_intervention,contrast/zeroed,greedy,10014,63.19999694824219,0.28,136.79997634887695,discrete
reward_intervention,contrast/zeroed,greedy,10015,55.599998474121094,0.24,144.39997100830078,discrete
reward_intervention,contrast/zeroed,greedy,10016,53.69999694824219,0.23,146.29997062683105,discrete
reward_intervention,contrast/zeroed,greedy,10017,47.04999542236328,0.195,152.95002555847168,discrete
reward_intervention,contrast/zeroed,greedy,10018,58.44999694824219,0.255,141.54997539520264,discrete
reward_intervention,contrast/zeroed,greedy,10019,57.499996185302734,0.25,142.4999713897705,discrete
reward_intervention,contrast/zeroed,greedy,10020,61.29999923706055,0.27,138.70001411437988,discrete
reward_intervention,contrast/zeroed,greedy,10021,55.599998474121094,0.24,144.39997100830078,discrete
reward_intervention,contrast/zeroed,greedy,10022,57.499996185302734,0.25,142.5000410079956,discrete
reward_intervention,contrast/zeroed,greedy,10023,57.499996185302734,0.25,142.5000228881836,discrete
reward_intervention,contrast/zeroed,greedy,10024,54.650001525878906,0.235,145.34997844696045,discrete
reward_intervention,contrast/zeroed,greedy,10025,60.349998474121094,0.265,139.6499719619751,discrete
reward_intervention,contrast/zeroed,greedy,10026,47.99999237060547,0.2,151.9999713897705,discrete
reward_intervention,contrast/zeroed,greedy,10027,58.44999694824219,0.255,141.54997158050537,discrete
reward_intervention,contrast/zeroed,greedy,10028,67.94999694824219,0.305,132.04998970031738,discrete
reward_intervention,contrast/zeroed,greedy,10029,55.59999465942383,0.24,144.39997100830078,discrete
reward_intervention,contrast/zeroed,greedy,10030,55.599998474121094,0.24,144.39997100830078,discrete
reward_intervention,contrast/zeroed,greedy,10031,54.650001525878906,0.235,145.34997081756592,discrete
reward_intervention,contrast/zeroed,greedy,10032,49.899993896484375,0.21,150.1000461578369,discrete
reward_intervention,contrast/zeroed,greedy,10033,53.69999694824219,0.23,146.30001735687256,discrete
reward_intervention,contrast/zeroed,greedy,10034,50.849998474121094,0.215,149.14997005462646,discrete
reward_intervention,contrast/zeroed,greedy,10035,55.599998474121094,0.24,144.40002632141113,discrete
reward_intervention,contrast/zeroed,greedy,10036,60.349998474121094,0.265,139.64998149871826,discrete
reward_intervention,contrast/zeroed,greedy,10037,60.349998474121094,0.265,139.6500425338745,discrete
reward_intervention,contrast/zeroed,greedy,10038,66.05000305175781,0.295,133.94997310638428,discrete
reward_intervention,contrast/zeroed,greedy,10039,60.349998474121094,0.265,139.6499900817871,discrete
reward_intervention,contrast/zeroed,greedy,10040,55.599998474121094,0.24,144.40005683898926,discrete
reward_intervention,contrast/zeroed,greedy,10041,62.25,0.275,137.74997234344482,discrete
reward_intervention,contrast/zeroed,greedy,10042,58.45000076293945,0.255,141.550066947937,discrete
reward_intervention,contrast/zeroed,greedy,10043,58.44999694824219,0.255,141.54997158050537,discrete
reward_intervention,contrast/zeroed,greedy,10044,65.0999984741211,0.29,134.89999389648438,discrete
reward_intervention,contrast/zeroed,greedy,10045,62.249996185302734,0.275,137.7500400543213,discrete
reward_intervention,contrast/zeroed,greedy,10046,63.19999694824219,0.28,136.7999725341797,discrete
reward_intervention,contrast/zeroed,greedy,10047,58.44999694824219,0.255,141.55008506774902,discrete
reward_intervention,contrast/zeroed,greedy,10048,74.60000610351562,0.34,125.40001106262207,discrete
reward_intervention,contrast/zeroed,random,9999,66.04999542236328,0.295,133.94997310638428,discrete
reward_intervention,contrast/zeroed,random,10000,53.69999694824219,0.23,146.29997062683105,discrete
reward_intervention,contrast/zeroed,random,10001,58.44999694824219,0.255,141.55001544952393,discrete
reward_intervention,contrast/zeroed,random,10002,50.849998474121094,0.215,149.14999675750732,discrete
reward_intervention,contrast/zeroed,random,10003,57.499996185302734,0.25,142.4999713897705,discrete
reward_intervention,contrast/zeroed,random,10004,62.25,0.275,137.74997234344482,discrete
reward_intervention,contrast/zeroed,random,10005,64.14999389648438,0.285,135.84997272491455,discrete
reward_intervention,contrast/zeroed,random,10006,61.29999923706055,0.27,138.69997215270996,discrete
reward_intervention,contrast/zeroed,random,10007,61.30000305175781,0.27,138.70005893707275,discrete
reward_intervention,contrast/zeroed,random,10008,59.399993896484375,0.26,140.59997177124023,discrete
reward_intervention,contrast/zeroed,random,10009,50.849998474121094,0.215,149.14999294281006,discrete
reward_intervention,contrast/zeroed,random,10010,49.899993896484375,0.21,150.0999698638916,discrete
reward_intervention,contrast/zeroed,random,10011,53.69999694824219,0.23,146.30006980895996,discrete
reward_intervention,contrast/zeroed,random,10012,65.0999984741211,0.29,134.90003108978271,discrete
reward_intervention,contrast/zeroed,random,10013,55.599998474121094,0.24,144.39997100830078,discrete
reward_intervention,contrast/zeroed,random,10014,57.499996185302734,0.25,142.49997806549072,discrete
reward_intervention,contrast/zeroed,random,10015,49.899993896484375,0.21,150.0999698638916,discrete
reward_intervention,contrast/zeroed,random,10016,56.54999542236328,0.245,143.44997119903564,discrete
reward_intervention,contrast/zeroed,random,10017,51.79999542236328,0.22,148.20003032684326,discrete
reward_intervention,contrast/zeroed,random,10018,64.14999389648438,0.285,135.84997653961182,discrete
reward_intervention,contrast/zeroed,random,10019,61.29999542236328,0.27,138.69997215270996,discrete
reward_intervention,contrast/zeroed,random,10020,67.94999694824219,0.305,132.0500202178955,discrete
reward_intervention,contrast/zeroed,random,10021,53.69999694824219,0.23,146.29997062683105,discrete
reward_intervention,contrast/zeroed,random,10022,60.349998474121094,0.265,139.6500539779663,discrete
reward_intervention,contrast/zeroed,random,10023,54.650001525878906,0.235,145.3500270843506,discrete
reward_intervention,contrast/zeroed,random,10024,54.64999771118164,0.235,145.34998035430908,discrete
reward_intervention,contrast/zeroed,random,10025,55.599998474121094,0.24,144.39997100830078,discrete
reward_intervention,contrast/zeroed,random,10026,48.94999694824219,0.205,151.04997444152832,discrete
reward_intervention,contrast/zeroed,random,10027,57.499996185302734,0.25,142.4999713897705,discrete
reward_intervention,contrast/zeroed,random,10028,58.44999694824219,0.255,141.54998397827148,discrete
reward_intervention,contrast/zeroed,random,10029,57.499996185302734,0.25,142.4999713897705,discrete
reward_intervention,contrast/zeroed,random,10030,68.9000015258789,0.31,131.09997367858887,discrete
reward_intervention,contrast/zeroed,random,10031,59.399993896484375,0.26,140.59997177124023,discrete
reward_intervention,contrast/zeroed,random,10032,53.69999694824219,0.23,146.30005264282227,discrete
reward_intervention,contrast/zeroed,random,10033,50.849998474121094,0.215,149.15002155303955,discrete
reward_intervention,contrast/zeroed,random,10034,55.599998474121094,0.24,144.39997100830078,discrete
reward_intervention,contrast/zeroed,random,10035,54.649993896484375,0.235,145.35002613067627,discrete
reward_intervention,contrast/zeroed,random,10036,64.1500015258789,0.285,135.84998226165771,discrete
reward_intervention,contrast/zeroed,random,10037,56.55000305175781,0.245,143.45002841949463,discrete
reward_intervention,contrast/zeroed,random,10038,48.94999694824219,0.205,151.04996967315674,discrete
reward_intervention,contrast/zeroed,random,10039,58.44999694824219,0.255,141.5499963760376,discrete
reward_intervention,contrast/zeroed,random,10040,53.69999694824219,0.23,146.30006217956543,discrete
reward_intervention,contrast/zeroed,random,10041,54.64999771118164,0.235,145.34997081756592,discrete
reward_intervention,contrast/zeroed,random,10042,62.25,0.275,137.75006771087646,discrete
reward_intervention,contrast/zeroed,random,10043,59.399993896484375,0.26,140.59997177124023,discrete
reward_intervention,contrast/zeroed,random,10044,55.599998474121094,0.24,144.39999103546143,discrete
reward_intervention,contrast/zeroed,random,10045,46.09999465942383,0.19,153.9000473022461,discrete
reward_intervention,contrast/zeroed,random,10046,59.40000534057617,0.26,140.59997177124023,discrete
reward_intervention,contrast/zeroed,random,10047,57.499996185302734,0.25,142.50008487701416,discrete
reward_intervention,contrast/zeroed,random,10048,45.14999771118164,0.185,154.85002613067627,discrete
reward_intervention,contrast/constant,tf_legacy,9999,26.14999771118164,0.085,173.84996509552002,discrete
reward_intervention,contrast/constant,tf_legacy,10000,70.80000305175781,0.32,129.1999740600586,discrete
reward_intervention,contrast/constant,tf_legacy,10001,70.80000305175781,0.32,129.20001220703125,discrete
reward_intervention,contrast/constant,tf_legacy,10002,67.0,0.3,133.0000057220459,discrete
reward_intervention,contrast/constant,tf_legacy,10003,53.69999694824219,0.23,146.29997062683105,discrete
reward_intervention,contrast/constant,tf_legacy,10004,44.19999694824219,0.18,155.79996871948242,discrete
reward_intervention,contrast/constant,tf_legacy,10005,44.19999694824219,0.18,155.79996871948242,discrete
reward_intervention,contrast/constant,tf_legacy,10006,40.399993896484375,0.16,159.59996795654297,discrete
reward_intervention,contrast/constant,tf_legacy,10007,90.75,0.425,109.25002098083496,discrete
reward_intervention,contrast/constant,tf_legacy,10008,71.74999237060547,0.325,128.24997425079346,discrete
reward_intervention,contrast/constant,tf_legacy,10009,32.79999542236328,0.12,167.19999504089355,discrete
reward_intervention,contrast/constant,tf_legacy,10010,72.70000457763672,0.33,127.29997444152832,discrete
reward_intervention,contrast/constant,tf_legacy,10011,27.09999656677246,0.09,172.9001169204712,discrete
reward_intervention,contrast/constant,tf_legacy,10012,26.14999771118164,0.085,173.8500738143921,discrete
reward_intervention,contrast/constant,tf_legacy,10013,52.749996185302734,0.225,147.2499704360962,discrete
reward_intervention,contrast/constant,tf_legacy,10014,10.000001907348633,0.0,189.99996185302734,discrete
reward_intervention,contrast/constant,tf_legacy,10015,99.30000305175781,0.47,100.69997978210449,discrete
reward_intervention,contrast/constant,tf_legacy,10016,39.44999694824219,0.155,160.5499677658081,discrete
reward_intervention,contrast/constant,tf_legacy,10017,67.94999694824219,0.305,132.04997444152832,discrete
reward_intervention,contrast/constant,tf_legacy,10018,37.54999542236328,0.145,162.4499807357788,discrete
reward_intervention,contrast/constant,tf_legacy,10019,77.44999694824219,0.355,122.54997539520264,discrete
reward_intervention,contrast/constant,tf_legacy,10020,64.14999389648438,0.285,135.84998607635498,discrete
reward_intervention,contrast/constant,tf_legacy,10021,67.94999694824219,0.305,132.049973487854,discrete
reward_intervention,contrast/constant,tf_legacy,10022,78.4000015258789,0.36,121.60002613067627,discrete
reward_intervention,contrast/constant,tf_legacy,10023,54.649993896484375,0.235,145.34999179840088,discrete
reward_intervention,contrast/constant,tf_legacy,10024,33.749996185302734,0.125,166.2499704360962,discrete
reward_intervention,contrast/constant,tf_legacy,10025,32.79999542236328,0.12,167.19996643066406,discrete
reward_intervention,contrast/constant,tf_legacy,10026,24.249998092651367,0.075,175.7499647140503,discrete
reward_intervention,contrast/constant,tf_legacy,10027,13.799999237060547,0.02,186.1999626159668,discrete
reward_intervention,contrast/constant,tf_legacy,10028,49.899993896484375,0.21,150.09998035430908,discrete
reward_intervention,contrast/constant,tf_legacy,10029,48.94999694824219,0.205,151.04996967315674,discrete
reward_intervention,contrast/constant,tf_legacy,10030,21.39999771118164,0.06,178.5999641418457,discrete
reward_intervention,contrast/constant,tf_legacy,10031,99.30000305175781,0.47,100.69997978210449,discrete
reward_intervention,contrast/constant,tf_legacy,10032,47.04999542236328,0.195,152.95006847381592,discrete
reward_intervention,contrast/constant,tf_legacy,10033,93.60000610351562,0.44,106.4000015258789,discrete
reward_intervention,contrast/constant,tf_legacy,10034,66.05000305175781,0.295,133.94997310638428,discrete
reward_intervention,contrast/constant,tf_legacy,10035,94.55000305175781,0.445,105.45002460479736,discrete
reward_intervention,contrast/constant,tf_legacy,10036,45.149993896484375,0.185,154.84997463226318,discrete
reward_intervention,contrast/constant,tf_legacy,10037,30.89999771118164,0.11,169.10008144378662,discrete
reward_intervention,contrast/constant,tf_legacy,10038,42.29999542236328,0.17,157.6999683380127,discrete
reward_intervention,contrast/constant,tf_legacy,10039,47.999996185302734,0.2,151.99997234344482,discrete
reward_intervention,contrast/constant,tf_legacy,10040,49.899993896484375,0.21,150.10004138946533,discrete
reward_intervention,contrast/constant,tf_legacy,10041,97.40000915527344,0.46,102.59997940063477,discrete
reward_intervention,contrast/constant,tf_legacy,10042,70.80000305175781,0.32,129.2000560760498,discrete
reward_intervention,contrast/constant,tf_legacy,10043,29.949996948242188,0.105,170.04996585845947,discrete
reward_intervention,contrast/constant,tf_legacy,10044,29.950000762939453,0.105,170.04996585845947,discrete
reward_intervention,contrast/constant,tf_legacy,10045,65.0999984741211,0.29,134.90000438690186,discrete
reward_intervention,contrast/constant,tf_legacy,10046,118.30000305175781,0.57,81.69998359680176,discrete
reward_intervention,contrast/constant,tf_legacy,10047,23.299999237060547,0.07,176.70009899139404,discrete
reward_intervention,contrast/constant,tf_legacy,10048,55.59999465942383,0.24,144.40002632141113,discrete
reward_intervention,contrast/constant,tf_self,9999,56.54999542236328,0.245,143.44997119903564,discrete
reward_intervention,contrast/constant,tf_self,10000,99.30000305175781,0.47,100.69997978210449,discrete
reward_intervention,contrast/constant,tf_self,10001,99.30000305175781,0.47,100.7000150680542,discrete
reward_intervention,contrast/constant,tf_self,10002,83.1500015258789,0.385,116.84996604919434,discrete
reward_intervention,contrast/constant,tf_self,10003,43.249996185302734,0.175,156.74996852874756,discrete
reward_intervention,contrast/constant,tf_self,10004,44.19999694824219,0.18,155.79996871948242,discrete
reward_intervention,contrast/constant,tf_self,10005,110.70001220703125,0.53,89.29998207092285,discrete
reward_intervention,contrast/constant,tf_self,10006,94.55000305175781,0.445,105.44997882843018,discrete
reward_intervention,contrast/constant,tf_self,10007,90.75,0.425,109.25002098083496,discrete
reward_intervention,contrast/constant,tf_self,10008,71.74999237060547,0.325,128.24997425079346,discrete
reward_intervention,contrast/constant,tf_self,10009,32.79999542236328,0.12,167.19998264312744,discrete
reward_intervention,contrast/constant,tf_self,10010,74.5999984741211,0.34,125.39997482299805,discrete
reward_intervention,contrast/constant,tf_self,10011,25.200000762939453,0.08,174.80011177062988,discrete
reward_intervention,contrast/constant,tf_self,10012,77.44999694824219,0.355,122.55000686645508,discrete
reward_intervention,contrast/constant,tf_self,10013,94.55000305175781,0.445,105.44997882843018,discrete
reward_intervention,contrast/constant,tf_self,10014,10.000001907348633,0.0,189.99996185302734,discrete
reward_intervention,contrast/constant,tf_self,10015,72.70000457763672,0.33,127.29997444152832,discrete
reward_intervention,contrast/constant,tf_self,10016,55.599998474121094,0.24,144.39997100830078,discrete
reward_intervention,contrast/constant,tf_self,10017,86.94999694824219,0.405,113.0499792098999,discrete
reward_intervention,contrast/constant,tf_self,10018,37.54999542236328,0.145,162.4499807357788,discrete
reward_intervention,contrast/constant,tf_self,10019,84.0999984741211,0.39,115.89997673034668,discrete
reward_intervention,contrast/constant,tf_self,10020,96.45000457763672,0.455,103.54999828338623,discrete
reward_intervention,contrast/constant,tf_self,10021,109.75000762939453,0.525,90.24998188018799,discrete
reward_intervention,contrast/constant,tf_self,10022,78.4000015258789,0.36,121.60002613067627,discrete
reward_intervention,contrast/constant,tf_self,10023,94.55000305175781,0.445,105.4500322341919,discrete
reward_intervention,contrast/constant,tf_self,10024,28.999998092651367,0.1,170.999981880188,discrete
reward_intervention,contrast/constant,tf_self,10025,32.79999542236328,0.12,167.19996643066406,discrete
reward_intervention,contrast/constant,tf_self,10026,69.84999084472656,0.315,130.14997386932373,discrete
reward_intervention,contrast/constant,tf_self,10027,90.75,0.425,109.24997806549072,discrete
reward_intervention,contrast/constant,tf_self,10028,41.349998474121094,0.165,158.64997005462646,discrete
reward_intervention,contrast/constant,tf_self,10029,48.94999694824219,0.205,151.04996967315674,discrete
reward_intervention,contrast/constant,tf_self,10030,31.849998474121094,0.115,168.1499662399292,discrete
reward_intervention,contrast/constant,tf_self,10031,102.15000915527344,0.485,97.84998035430908,discrete
reward_intervention,contrast/constant,tf_self,10032,59.400001525878906,0.26,140.60004425048828,discrete
reward_intervention,contrast/constant,tf_self,10033,58.44999694824219,0.255,141.54999828338623,discrete
reward_intervention,contrast/constant,tf_self,10034,78.40000915527344,0.36,121.5999755859375,discrete
reward_intervention,contrast/constant,tf_self,10035,72.70000457763672,0.33,127.30000877380371,discrete
reward_intervention,contrast/constant,tf_self,10036,33.749996185302734,0.125,166.24999713897705,discrete
reward_intervention,contrast/constant,tf_self,10037,70.80000305175781,0.32,129.20006275177002,discrete
reward_intervention,contrast/constant,tf_self,10038,124.95001220703125,0.605,75.0499849319458,discrete
reward_intervention,contrast/constant,tf_self,10039,30.89999771118164,0.11,169.09997272491455,discrete
reward_intervention,contrast/constant,tf_self,10040,100.25,0.475,99.75007343292236,discrete
reward_intervention,contrast/constant,tf_self,10041,97.40000915527344,0.46,102.59997940063477,discrete
reward_intervention,contrast/constant,tf_self,10042,70.80000305175781,0.32,129.2000560760498,discrete
reward_intervention,contrast/constant,tf_self,10043,75.55000305175781,0.345,124.44997501373291,discrete
reward_intervention,contrast/constant,tf_self,10044,62.249996185302734,0.275,137.74997234344482,discrete
reward_intervention,contrast/constant,tf_self,10045,65.0999984741211,0.29,134.90000438690186,discrete
reward_intervention,contrast/constant,tf_self,10046,118.30000305175781,0.57,81.69998359680176,discrete
reward_intervention,contrast/constant,tf_self,10047,98.35000610351562,0.465,101.65008068084717,discrete
reward_intervention,contrast/constant,tf_self,10048,75.54999542236328,0.345,124.45004463195801,discrete
reward_intervention,contrast/constant,optimal,9999,200.0,1.0,0.0,discrete
reward_intervention,contrast/constant,optimal,10000,200.0,1.0,0.0,discrete
reward_intervention,contrast/constant,optimal,10001,200.0,1.0,0.0,discrete
reward_intervention,contrast/constant,optimal,10002,200.0,1.0,0.0,discrete
reward_intervention,contrast/constant,optimal,10003,200.0,1.0,0.0,discrete
reward_intervention,contrast/constant,optimal,10004,200.0,1.0,0.0,discrete
reward_intervention,contrast/constant,optimal,10005,200.0,1.0,0.0,discrete
reward_intervention,contrast/constant,optimal,10006,200.0,1.0,0.0,discrete
reward_intervention,contrast/constant,optimal,10007,200.0,1.0,0.0,discrete
reward_intervention,contrast/constant,optimal,10008,200.0,1.0,0.0,discrete
reward_intervention,contrast/constant,optimal,10009,200.0,1.0,0.0,discrete
reward_intervention,contrast/constant,optimal,10010,200.0,1.0,0.0,discrete
reward_intervention,contrast/constant,optimal,10011,200.0,1.0,0.0,discrete
reward_intervention,contrast/constant,optimal,10012,200.0,1.0,0.0,discrete
reward_intervention,contrast/constant,optimal,10013,200.0,1.0,0.0,discrete
reward_intervention,contrast/constant,optimal,10014,200.0,1.0,0.0,discrete
reward_intervention,contrast/constant,optimal,10015,200.0,1.0,0.0,discrete
reward_intervention,contrast/constant,optimal,10016,200.0,1.0,0.0,discrete
reward_intervention,contrast/constant,optimal,10017,200.0,1.0,0.0,discrete
reward_intervention,contrast/constant,optimal,10018,200.0,1.0,0.0,discrete
reward_intervention,contrast/constant,optimal,10019,200.0,1.0,0.0,discrete
reward_intervention,contrast/constant,optimal,10020,200.0,1.0,0.0,discrete
reward_intervention,contrast/constant,optimal,10021,200.0,1.0,0.0,discrete
reward_intervention,contrast/constant,optimal,10022,200.0,1.0,0.0,discrete
reward_intervention,contrast/constant,optimal,10023,200.0,1.0,0.0,discrete
reward_intervention,contrast/constant,optimal,10024,200.0,1.0,0.0,discrete
reward_intervention,contrast/constant,optimal,10025,200.0,1.0,0.0,discrete
reward_intervention,contrast/constant,optimal,10026,200.0,1.0,0.0,discrete
reward_intervention,contrast/constant,optimal,10027,200.0,1.0,0.0,discrete
reward_intervention,contrast/constant,optimal,10028,200.0,1.0,0.0,discrete
reward_intervention,contrast/constant,optimal,10029,200.0,1.0,0.0,discrete
reward_intervention,contrast/constant,optimal,10030,200.0,1.0,0.0,discrete
reward_intervention,contrast/constant,optimal,10031,200.0,1.0,0.0,discrete
reward_intervention,contrast/constant,optimal,10032,200.0,1.0,0.0,discrete
reward_intervention,contrast/constant,optimal,10033,200.0,1.0,0.0,discrete
reward_intervention,contrast/constant,optimal,10034,200.0,1.0,0.0,discrete
reward_intervention,contrast/constant,optimal,10035,200.0,1.0,0.0,discrete
reward_intervention,contrast/constant,optimal,10036,200.0,1.0,0.0,discrete
reward_intervention,contrast/constant,optimal,10037,200.0,1.0,0.0,discrete
reward_intervention,contrast/constant,optimal,10038,200.0,1.0,0.0,discrete
reward_intervention,contrast/constant,optimal,10039,200.0,1.0,0.0,discrete
reward_intervention,contrast/constant,optimal,10040,200.0,1.0,0.0,discrete
reward_intervention,contrast/constant,optimal,10041,200.0,1.0,0.0,discrete
reward_intervention,contrast/constant,optimal,10042,200.0,1.0,0.0,discrete
reward_intervention,contrast/constant,optimal,10043,200.0,1.0,0.0,discrete
reward_intervention,contrast/constant,optimal,10044,200.0,1.0,0.0,discrete
reward_intervention,contrast/constant,optimal,10045,200.0,1.0,0.0,discrete
reward_intervention,contrast/constant,optimal,10046,200.0,1.0,0.0,discrete
reward_intervention,contrast/constant,optimal,10047,200.0,1.0,0.0,discrete
reward_intervention,contrast/constant,optimal,10048,200.0,1.0,0.0,discrete
reward_intervention,contrast/constant,epsgreedy,9999,44.19999694824219,0.18,155.79996871948242,discrete
reward_intervention,contrast/constant,epsgreedy,10000,49.89999771118164,0.21,150.0999698638916,discrete
reward_intervention,contrast/constant,epsgreedy,10001,80.30000305175781,0.37,119.70002841949463,discrete
reward_intervention,contrast/constant,epsgreedy,10002,51.79999542236328,0.22,148.19999313354492,discrete
reward_intervention,contrast/constant,epsgreedy,10003,47.04999542236328,0.195,152.949969291687,discrete
reward_intervention,contrast/constant,epsgreedy,10004,19.499998092651367,0.05,180.49996376037598,discrete
reward_intervention,contrast/constant,epsgreedy,10005,41.349998474121094,0.165,158.64996814727783,discrete
reward_intervention,contrast/constant,epsgreedy,10006,58.44999694824219,0.255,141.54997158050537,discrete
reward_intervention,contrast/constant,epsgreedy,10007,65.10000610351562,0.29,134.90004634857178,discrete
reward_intervention,contrast/constant,epsgreedy,10008,51.79999542236328,0.22,148.19997024536133,discrete
reward_intervention,contrast/constant,epsgreedy,10009,82.19999694824219,0.38,117.80000114440918,discrete
reward_intervention,contrast/constant,epsgreedy,10010,84.10000610351562,0.39,115.89997673034668,discrete
reward_intervention,contrast/constant,epsgreedy,10011,60.349998474121094,0.265,139.65003967285156,discrete
reward_intervention,contrast/constant,epsgreedy,10012,40.399993896484375,0.16,159.60005283355713,discrete
reward_intervention,contrast/constant,epsgreedy,10013,86.00000762939453,0.4,113.9999771118164,discrete
reward_intervention,contrast/constant,epsgreedy,10014,59.39999771118164,0.26,140.59997272491455,discrete
reward_intervention,contrast/constant,epsgreedy,10015,21.39999771118164,0.06,178.5999641418457,discrete
reward_intervention,contrast/constant,epsgreedy,10016,44.19999694824219,0.18,155.79996871948242,discrete
reward_intervention,contrast/constant,epsgreedy,10017,66.05000305175781,0.295,133.95003128051758,discrete
reward_intervention,contrast/constant,epsgreedy,10018,76.5,0.35,123.49997615814209,discrete
reward_intervention,contrast/constant,epsgreedy,10019,60.349998474121094,0.265,139.6499719619751,discrete
reward_intervention,contrast/constant,epsgreedy,10020,33.75,0.125,166.2500123977661,discrete
reward_intervention,contrast/constant,epsgreedy,10021,72.69999694824219,0.33,127.29997444152832,discrete
reward_intervention,contrast/constant,epsgreedy,10022,15.700000762939453,0.03,184.30007553100586,discrete
reward_intervention,contrast/constant,epsgreedy,10023,22.349998474121094,0.065,177.6500368118286,discrete
reward_intervention,contrast/constant,epsgreedy,10024,70.80000305175781,0.32,129.19999313354492,discrete
reward_intervention,contrast/constant,epsgreedy,10025,16.649999618530273,0.035,183.3499631881714,discrete
reward_intervention,contrast/constant,epsgreedy,10026,103.10000610351562,0.49,96.89998149871826,discrete
reward_intervention,contrast/constant,epsgreedy,10027,86.95001220703125,0.405,113.04997730255127,discrete
reward_intervention,contrast/constant,epsgreedy,10028,68.9000015258789,0.31,131.1000099182129,discrete
reward_intervention,contrast/constant,epsgreedy,10029,36.599998474121094,0.14,163.39996719360352,discrete
reward_intervention,contrast/constant,epsgreedy,10030,80.30000305175781,0.37,119.69997596740723,discrete
reward_intervention,contrast/constant,epsgreedy,10031,107.85000610351562,0.515,92.14998149871826,discrete
reward_intervention,contrast/constant,epsgreedy,10032,42.29999542236328,0.17,157.7000436782837,discrete
reward_intervention,contrast/constant,epsgreedy,10033,51.79999923706055,0.22,148.19998836517334,discrete
reward_intervention,contrast/constant,epsgreedy,10034,71.75,0.325,128.24997425079346,discrete
reward_intervention,contrast/constant,epsgreedy,10035,95.5,0.45,104.50003719329834,discrete
reward_intervention,contrast/constant,epsgreedy,10036,74.5999984741211,0.34,125.39998531341553,discrete
reward_intervention,contrast/constant,epsgreedy,10037,18.549999237060547,0.045,181.45001697540283,discrete
reward_intervention,contrast/constant,epsgreedy,10038,30.89999771118164,0.11,169.09996604919434,discrete
reward_intervention,contrast/constant,epsgreedy,10039,62.249996185302734,0.275,137.74997329711914,discrete
reward_intervention,contrast/constant,epsgreedy,10040,88.8499984741211,0.415,111.15007400512695,discrete
reward_intervention,contrast/constant,epsgreedy,10041,43.249996185302734,0.175,156.74996852874756,discrete
reward_intervention,contrast/constant,epsgreedy,10042,18.549997329711914,0.045,181.45009326934814,discrete
reward_intervention,contrast/constant,epsgreedy,10043,40.399993896484375,0.16,159.59996795654297,discrete
reward_intervention,contrast/constant,epsgreedy,10044,37.54999542236328,0.145,162.44997119903564,discrete
reward_intervention,contrast/constant,epsgreedy,10045,14.750000953674316,0.025,185.25005626678467,discrete
reward_intervention,contrast/constant,epsgreedy,10046,77.45000457763672,0.355,122.54997539520264,discrete
reward_intervention,contrast/constant,epsgreedy,10047,60.349998474121094,0.265,139.65007209777832,discrete
reward_intervention,contrast/constant,epsgreedy,10048,38.499996185302734,0.15,161.50003623962402,discrete
reward_intervention,contrast/constant,greedy,9999,35.64999771118164,0.135,164.34996700286865,discrete
reward_intervention,contrast/constant,greedy,10000,81.25,0.375,118.74997615814209,discrete
reward_intervention,contrast/constant,greedy,10001,98.35000610351562,0.465,101.65001106262207,discrete
reward_intervention,contrast/constant,greedy,10002,109.75000762939453,0.525,90.25000858306885,discrete
reward_intervention,contrast/constant,greedy,10003,83.1500015258789,0.385,116.84997653961182,discrete
reward_intervention,contrast/constant,greedy,10004,35.64999771118164,0.135,164.34996700286865,discrete
reward_intervention,contrast/constant,greedy,10005,23.299997329711914,0.07,176.69996452331543,discrete
reward_intervention,contrast/constant,greedy,10006,80.30000305175781,0.37,119.69997596740723,discrete
reward_intervention,contrast/constant,greedy,10007,99.30000305175781,0.47,100.70003128051758,discrete
reward_intervention,contrast/constant,greedy,10008,51.79999923706055,0.22,148.19997024536133,discrete
reward_intervention,contrast/constant,greedy,10009,54.64999771118164,0.235,145.35000228881836,discrete
reward_intervention,contrast/constant,greedy,10010,122.10000610351562,0.59,77.89998435974121,discrete
reward_intervention,contrast/constant,greedy,10011,45.14999771118164,0.185,154.850022315979,discrete
reward_intervention,contrast/constant,greedy,10012,59.400001525878906,0.26,140.60009002685547,discrete
reward_intervention,contrast/constant,greedy,10013,66.04999542236328,0.295,133.94997310638428,discrete
reward_intervention,contrast/constant,greedy,10014,63.19999313354492,0.28,136.7999725341797,discrete
reward_intervention,contrast/constant,greedy,10015,10.000001907348633,0.0,189.99996185302734,discrete
reward_intervention,contrast/constant,greedy,10016,32.79999542236328,0.12,167.19996643066406,discrete
reward_intervention,contrast/constant,greedy,10017,61.29999542236328,0.27,138.7000608444214,discrete
reward_intervention,contrast/constant,greedy,10018,76.5,0.35,123.49997520446777,discrete
reward_intervention,contrast/constant,greedy,10019,46.099998474121094,0.19,153.89996910095215,discrete
reward_intervention,contrast/constant,greedy,10020,43.249996185302734,0.175,156.74999332427979,discrete
reward_intervention,contrast/constant,greedy,10021,10.000001907348633,0.0,189.99996185302734,discrete
reward_intervention,contrast/constant,greedy,10022,19.5,0.05,180.50008583068848,discrete
reward_intervention,contrast/constant,greedy,10023,50.84999465942383,0.215,149.15002822875977,discrete
reward_intervention,contrast/constant,greedy,10024,34.69999694824219,0.13,165.29998779296875,discrete
reward_intervention,contrast/constant,greedy,10025,65.0999984741211,0.29,134.8999729156494,discrete
reward_intervention,contrast/constant,greedy,10026,103.10000610351562,0.49,96.89998054504395,discrete
reward_intervention,contrast/constant,greedy,10027,95.5,0.45,104.49997901916504,discrete
reward_intervention,contrast/constant,greedy,10028,94.55000305175781,0.445,105.44997882843018,discrete
reward_intervention,contrast/constant,greedy,10029,37.54999542236328,0.145,162.44996738433838,discrete
reward_intervention,contrast/constant,greedy,10030,51.79999542236328,0.22,148.19997024536133,discrete
reward_intervention,contrast/constant,greedy,10031,93.60000610351562,0.44,106.39997863769531,discrete
reward_intervention,contrast/constant,greedy,10032,40.39999771118164,0.16,159.60004711151123,discrete
reward_intervention,contrast/constant,greedy,10033,70.80000305175781,0.32,129.19999885559082,discrete
reward_intervention,contrast/constant,greedy,10034,64.1500015258789,0.285,135.84997272491455,discrete
reward_intervention,contrast/constant,greedy,10035,84.0999984741211,0.39,115.90003395080566,discrete
reward_intervention,contrast/constant,greedy,10036,73.6500015258789,0.335,126.3499927520752,discrete
reward_intervention,contrast/constant,greedy,10037,10.000001907348633,0.0,190.0000171661377,discrete
reward_intervention,contrast/constant,greedy,10038,30.89999771118164,0.11,169.09996604919434,discrete
reward_intervention,contrast/constant,greedy,10039,67.0,0.3,132.99997329711914,discrete
reward_intervention,contrast/constant,greedy,10040,57.5,0.25,142.5000638961792,discrete
reward_intervention,contrast/constant,greedy,10041,42.29999542236328,0.17,157.6999683380127,discrete
reward_intervention,contrast/constant,greedy,10042,25.199996948242188,0.08,174.80006217956543,discrete
reward_intervention,contrast/constant,greedy,10043,65.0999984741211,0.29,134.8999729156494,discrete
reward_intervention,contrast/constant,greedy,10044,96.45000457763672,0.455,103.5499792098999,discrete
reward_intervention,contrast/constant,greedy,10045,32.79999542236328,0.12,167.20010375976562,discrete
reward_intervention,contrast/constant,greedy,10046,91.70000457763672,0.43,108.29997825622559,discrete
reward_intervention,contrast/constant,greedy,10047,68.89999389648438,0.31,131.1000623703003,discrete
reward_intervention,contrast/constant,greedy,10048,29.949996948242188,0.105,170.0500144958496,discrete
reward_intervention,contrast/constant,random,9999,66.04999542236328,0.295,133.94997310638428,discrete
reward_intervention,contrast/constant,random,10000,53.69999694824219,0.23,146.29997062683105,discrete
reward_intervention,contrast/constant,random,10001,58.44999694824219,0.255,141.55001544952393,discrete
reward_intervention,contrast/constant,random,10002,50.849998474121094,0.215,149.14999675750732,discrete
reward_intervention,contrast/constant,random,10003,57.499996185302734,0.25,142.4999713897705,discrete
reward_intervention,contrast/constant,random,10004,62.25,0.275,137.74997234344482,discrete
reward_intervention,contrast/constant,random,10005,64.14999389648438,0.285,135.84997272491455,discrete
reward_intervention,contrast/constant,random,10006,61.29999923706055,0.27,138.69997215270996,discrete
reward_intervention,contrast/constant,random,10007,61.30000305175781,0.27,138.70005893707275,discrete
reward_intervention,contrast/constant,random,10008,59.399993896484375,0.26,140.59997177124023,discrete
reward_intervention,contrast/constant,random,10009,50.849998474121094,0.215,149.14999294281006,discrete
reward_intervention,contrast/constant,random,10010,49.899993896484375,0.21,150.0999698638916,discrete
reward_intervention,contrast/constant,random,10011,53.69999694824219,0.23,146.30006980895996,discrete
reward_intervention,contrast/constant,random,10012,65.0999984741211,0.29,134.90003108978271,discrete
reward_intervention,contrast/constant,random,10013,55.599998474121094,0.24,144.39997100830078,discrete
reward_intervention,contrast/constant,random,10014,57.499996185302734,0.25,142.49997806549072,discrete
reward_intervention,contrast/constant,random,10015,49.899993896484375,0.21,150.0999698638916,discrete
reward_intervention,contrast/constant,random,10016,56.54999542236328,0.245,143.44997119903564,discrete
reward_intervention,contrast/constant,random,10017,51.79999542236328,0.22,148.20003032684326,discrete
reward_intervention,contrast/constant,random,10018,64.14999389648438,0.285,135.84997653961182,discrete
reward_intervention,contrast/constant,random,10019,61.29999542236328,0.27,138.69997215270996,discrete
reward_intervention,contrast/constant,random,10020,67.94999694824219,0.305,132.0500202178955,discrete
reward_intervention,contrast/constant,random,10021,53.69999694824219,0.23,146.29997062683105,discrete
reward_intervention,contrast/constant,random,10022,60.349998474121094,0.265,139.6500539779663,discrete
reward_intervention,contrast/constant,random,10023,54.650001525878906,0.235,145.3500270843506,discrete
reward_intervention,contrast/constant,random,10024,54.64999771118164,0.235,145.34998035430908,discrete
reward_intervention,contrast/constant,random,10025,55.599998474121094,0.24,144.39997100830078,discrete
reward_intervention,contrast/constant,random,10026,48.94999694824219,0.205,151.04997444152832,discrete
reward_intervention,contrast/constant,random,10027,57.499996185302734,0.25,142.4999713897705,discrete
reward_intervention,contrast/constant,random,10028,58.44999694824219,0.255,141.54998397827148,discrete
reward_intervention,contrast/constant,random,10029,57.499996185302734,0.25,142.4999713897705,discrete
reward_intervention,contrast/constant,random,10030,68.9000015258789,0.31,131.09997367858887,discrete
reward_intervention,contrast/constant,random,10031,59.399993896484375,0.26,140.59997177124023,discrete
reward_intervention,contrast/constant,random,10032,53.69999694824219,0.23,146.30005264282227,discrete
reward_intervention,contrast/constant,random,10033,50.849998474121094,0.215,149.15002155303955,discrete
reward_intervention,contrast/constant,random,10034,55.599998474121094,0.24,144.39997100830078,discrete
reward_intervention,contrast/constant,random,10035,54.649993896484375,0.235,145.35002613067627,discrete
reward_intervention,contrast/constant,random,10036,64.1500015258789,0.285,135.84998226165771,discrete
reward_intervention,contrast/constant,random,10037,56.55000305175781,0.245,143.45002841949463,discrete
reward_intervention,contrast/constant,random,10038,48.94999694824219,0.205,151.04996967315674,discrete
reward_intervention,contrast/constant,random,10039,58.44999694824219,0.255,141.5499963760376,discrete
reward_intervention,contrast/constant,random,10040,53.69999694824219,0.23,146.30006217956543,discrete
reward_intervention,contrast/constant,random,10041,54.64999771118164,0.235,145.34997081756592,discrete
reward_intervention,contrast/constant,random,10042,62.25,0.275,137.75006771087646,discrete
reward_intervention,contrast/constant,random,10043,59.399993896484375,0.26,140.59997177124023,discrete
reward_intervention,contrast/constant,random,10044,55.599998474121094,0.24,144.39999103546143,discrete
reward_intervention,contrast/constant,random,10045,46.09999465942383,0.19,153.9000473022461,discrete
reward_intervention,contrast/constant,random,10046,59.40000534057617,0.26,140.59997177124023,discrete
reward_intervention,contrast/constant,random,10047,57.499996185302734,0.25,142.50008487701416,discrete
reward_intervention,contrast/constant,random,10048,45.14999771118164,0.185,154.85002613067627,discrete
reward_intervention,contrast/decorrelated,tf_legacy,9999,31.849994659423828,0.115,168.1499662399292,discrete
reward_intervention,contrast/decorrelated,tf_legacy,10000,73.6500015258789,0.335,126.34997463226318,discrete
reward_intervention,contrast/decorrelated,tf_legacy,10001,72.69999694824219,0.33,127.30003547668457,discrete
reward_intervention,contrast/decorrelated,tf_legacy,10002,49.89999771118164,0.21,150.09998893737793,discrete
reward_intervention,contrast/decorrelated,tf_legacy,10003,55.60000228881836,0.24,144.39997100830078,discrete
reward_intervention,contrast/decorrelated,tf_legacy,10004,44.19999694824219,0.18,155.79996871948242,discrete
reward_intervention,contrast/decorrelated,tf_legacy,10005,46.099998474121094,0.19,153.89996910095215,discrete
reward_intervention,contrast/decorrelated,tf_legacy,10006,64.14999389648438,0.285,135.84997272491455,discrete
reward_intervention,contrast/decorrelated,tf_legacy,10007,90.75,0.425,109.25002098083496,discrete
reward_intervention,contrast/decorrelated,tf_legacy,10008,71.74999237060547,0.325,128.24997425079346,discrete
reward_intervention,contrast/decorrelated,tf_legacy,10009,35.64999771118164,0.135,164.3499984741211,discrete
reward_intervention,contrast/decorrelated,tf_legacy,10010,88.8499984741211,0.415,111.149977684021,discrete
reward_intervention,contrast/decorrelated,tf_legacy,10011,29.949996948242188,0.105,170.05011463165283,discrete
reward_intervention,contrast/decorrelated,tf_legacy,10012,28.999996185302734,0.1,171.00007438659668,discrete
reward_intervention,contrast/decorrelated,tf_legacy,10013,50.849998474121094,0.215,149.14997005462646,discrete
reward_intervention,contrast/decorrelated,tf_legacy,10014,10.000001907348633,0.0,189.99996185302734,discrete
reward_intervention,contrast/decorrelated,tf_legacy,10015,71.75,0.325,128.24997425079346,discrete
reward_intervention,contrast/decorrelated,tf_legacy,10016,40.39999771118164,0.16,159.59996795654297,discrete
reward_intervention,contrast/decorrelated,tf_legacy,10017,47.999996185302734,0.2,151.99997997283936,discrete
reward_intervention,contrast/decorrelated,tf_legacy,10018,37.54999542236328,0.145,162.4499807357788,discrete
reward_intervention,contrast/decorrelated,tf_legacy,10019,79.35000610351562,0.365,120.64997577667236,discrete
reward_intervention,contrast/decorrelated,tf_legacy,10020,38.499996185302734,0.15,161.49999904632568,discrete
reward_intervention,contrast/decorrelated,tf_legacy,10021,57.499996185302734,0.25,142.4999713897705,discrete
reward_intervention,contrast/decorrelated,tf_legacy,10022,78.4000015258789,0.36,121.60002613067627,discrete
reward_intervention,contrast/decorrelated,tf_legacy,10023,53.69999694824219,0.23,146.29999160766602,discrete
reward_intervention,contrast/decorrelated,tf_legacy,10024,28.049999237060547,0.095,171.9499864578247,discrete
reward_intervention,contrast/decorrelated,tf_legacy,10025,32.79999542236328,0.12,167.19996643066406,discrete
reward_intervention,contrast/decorrelated,tf_legacy,10026,23.299999237060547,0.07,176.69996452331543,discrete
reward_intervention,contrast/decorrelated,tf_legacy,10027,15.69999885559082,0.03,184.29996299743652,discrete
reward_intervention,contrast/decorrelated,tf_legacy,10028,47.99999237060547,0.2,151.999981880188,discrete
reward_intervention,contrast/decorrelated,tf_legacy,10029,48.94999694824219,0.205,151.04996967315674,discrete
reward_intervention,contrast/decorrelated,tf_legacy,10030,18.549999237060547,0.045,181.4499635696411,discrete
reward_intervention,contrast/decorrelated,tf_legacy,10031,99.30000305175781,0.47,100.69997978210449,discrete
reward_intervention,contrast/decorrelated,tf_legacy,10032,49.899993896484375,0.21,150.10006713867188,discrete
reward_intervention,contrast/decorrelated,tf_legacy,10033,78.4000015258789,0.36,121.59999561309814,discrete
reward_intervention,contrast/decorrelated,tf_legacy,10034,42.29999542236328,0.17,157.6999683380127,discrete
reward_intervention,contrast/decorrelated,tf_legacy,10035,93.60000610351562,0.44,106.40002727508545,discrete
reward_intervention,contrast/decorrelated,tf_legacy,10036,30.89999771118164,0.11,169.09999179840088,discrete
reward_intervention,contrast/decorrelated,tf_legacy,10037,29.949996948242188,0.105,170.05008029937744,discrete
reward_intervention,contrast/decorrelated,tf_legacy,10038,45.149993896484375,0.185,154.84996891021729,discrete
reward_intervention,contrast/decorrelated,tf_legacy,10039,46.099998474121094,0.19,153.89997100830078,discrete
reward_intervention,contrast/decorrelated,tf_legacy,10040,49.899993896484375,0.21,150.10004043579102,discrete
reward_intervention,contrast/decorrelated,tf_legacy,10041,97.40000915527344,0.46,102.59997940063477,discrete
reward_intervention,contrast/decorrelated,tf_legacy,10042,52.75,0.225,147.25006771087646,discrete
reward_intervention,contrast/decorrelated,tf_legacy,10043,28.999996185302734,0.1,170.9999656677246,discrete
reward_intervention,contrast/decorrelated,tf_legacy,10044,61.29999923706055,0.27,138.69997215270996,discrete
reward_intervention,contrast/decorrelated,tf_legacy,10045,37.54999542236328,0.145,162.4500608444214,discrete
reward_intervention,contrast/decorrelated,tf_legacy,10046,72.69999694824219,0.33,127.29997444152832,discrete
reward_intervention,contrast/decorrelated,tf_legacy,10047,21.39999771118164,0.06,178.6001033782959,discrete
reward_intervention,contrast/decorrelated,tf_legacy,10048,52.75,0.225,147.25002765655518,discrete
reward_intervention,contrast/decorrelated,tf_self,9999,56.54999542236328,0.245,143.44997119903564,discrete
reward_intervention,contrast/decorrelated,tf_self,10000,99.30000305175781,0.47,100.69997978210449,discrete
reward_intervention,contrast/decorrelated,tf_self,10001,103.10000610351562,0.49,96.90001773834229,discrete
reward_intervention,contrast/decorrelated,tf_self,10002,83.1500015258789,0.385,116.84996604919434,discrete
reward_intervention,contrast/decorrelated,tf_self,10003,75.55000305175781,0.345,124.44997501373291,discrete
reward_intervention,contrast/decorrelated,tf_self,10004,44.19999694824219,0.18,155.79996871948242,discrete
reward_intervention,contrast/decorrelated,tf_self,10005,109.75000762939453,0.525,90.24998188018799,discrete
reward_intervention,contrast/decorrelated,tf_self,10006,97.39999389648438,0.46,102.59997940063477,discrete
reward_intervention,contrast/decorrelated,tf_self,10007,90.75,0.425,109.25002098083496,discrete
reward_intervention,contrast/decorrelated,tf_self,10008,71.74999237060547,0.325,128.24997425079346,discrete
reward_intervention,contrast/decorrelated,tf_self,10009,32.79999542236328,0.12,167.19998264312744,discrete
reward_intervention,contrast/decorrelated,tf_self,10010,87.9000015258789,0.41,112.09997749328613,discrete
reward_intervention,contrast/decorrelated,tf_self,10011,25.200000762939453,0.08,174.80011177062988,discrete
reward_intervention,contrast/decorrelated,tf_self,10012,77.44999694824219,0.355,122.55000686645508,discrete
reward_intervention,contrast/decorrelated,tf_self,10013,94.55000305175781,0.445,105.44997882843018,discrete
reward_intervention,contrast/decorrelated,tf_self,10014,10.000001907348633,0.0,189.99996185302734,discrete
reward_intervention,contrast/decorrelated,tf_self,10015,71.75,0.325,128.24997425079346,discrete
reward_intervention,contrast/decorrelated,tf_self,10016,60.349998474121094,0.265,139.6499719619751,discrete
reward_intervention,contrast/decorrelated,tf_self,10017,73.6500015258789,0.335,126.34997367858887,discrete
reward_intervention,contrast/decorrelated,tf_self,10018,37.54999542236328,0.145,162.4499807357788,discrete
reward_intervention,contrast/decorrelated,tf_self,10019,84.0999984741211,0.39,115.89997673034668,discrete
reward_intervention,contrast/decorrelated,tf_self,10020,79.35000610351562,0.365,120.65002250671387,discrete
reward_intervention,contrast/decorrelated,tf_self,10021,109.75000762939453,0.525,90.24998188018799,discrete
reward_intervention,contrast/decorrelated,tf_self,10022,78.4000015258789,0.36,121.60002613067627,discrete
reward_intervention,contrast/decorrelated,tf_self,10023,92.65000915527344,0.435,107.3500337600708,discrete
reward_intervention,contrast/decorrelated,tf_self,10024,19.499998092651367,0.05,180.49998474121094,discrete
reward_intervention,contrast/decorrelated,tf_self,10025,32.79999542236328,0.12,167.19996643066406,discrete
reward_intervention,contrast/decorrelated,tf_self,10026,69.84999084472656,0.315,130.14997386932373,discrete
reward_intervention,contrast/decorrelated,tf_self,10027,90.75,0.425,109.24997806549072,discrete
reward_intervention,contrast/decorrelated,tf_self,10028,42.29999542236328,0.17,157.6999683380127,discrete
reward_intervention,contrast/decorrelated,tf_self,10029,48.94999694824219,0.205,151.04996967315674,discrete
reward_intervention,contrast/decorrelated,tf_self,10030,31.849998474121094,0.115,168.1499662399292,discrete
reward_intervention,contrast/decorrelated,tf_self,10031,102.15000915527344,0.485,97.84998035430908,discrete
reward_intervention,contrast/decorrelated,tf_self,10032,59.400001525878906,0.26,140.60004425048828,discrete
reward_intervention,contrast/decorrelated,tf_self,10033,58.44999694824219,0.255,141.54999828338623,discrete
reward_intervention,contrast/decorrelated,tf_self,10034,50.84999465942383,0.215,149.14997005462646,discrete
reward_intervention,contrast/decorrelated,tf_self,10035,70.80000305175781,0.32,129.20001029968262,discrete
reward_intervention,contrast/decorrelated,tf_self,10036,28.999996185302734,0.1,170.99999618530273,discrete
reward_intervention,contrast/decorrelated,tf_self,10037,79.3499984741211,0.365,120.65006256103516,discrete
reward_intervention,contrast/decorrelated,tf_self,10038,124.95001220703125,0.605,75.0499849319458,discrete
reward_intervention,contrast/decorrelated,tf_self,10039,33.75,0.125,166.2499713897705,discrete
reward_intervention,contrast/decorrelated,tf_self,10040,89.80000305175781,0.42,110.20002555847168,discrete
reward_intervention,contrast/decorrelated,tf_self,10041,97.40000915527344,0.46,102.59997940063477,discrete
reward_intervention,contrast/decorrelated,tf_self,10042,32.79999542236328,0.12,167.2000379562378,discrete
reward_intervention,contrast/decorrelated,tf_self,10043,78.4000015258789,0.36,121.5999755859375,discrete
reward_intervention,contrast/decorrelated,tf_self,10044,67.0,0.3,132.99997329711914,discrete
reward_intervention,contrast/decorrelated,tf_self,10045,32.79999542236328,0.12,167.20006465911865,discrete
reward_intervention,contrast/decorrelated,tf_self,10046,46.099998474121094,0.19,153.89996910095215,discrete
reward_intervention,contrast/decorrelated,tf_self,10047,98.35000610351562,0.465,101.65008068084717,discrete
reward_intervention,contrast/decorrelated,tf_self,10048,75.54999542236328,0.345,124.45004463195801,discrete
reward_intervention,contrast/decorrelated,optimal,9999,200.0,1.0,0.0,discrete
reward_intervention,contrast/decorrelated,optimal,10000,200.0,1.0,0.0,discrete
reward_intervention,contrast/decorrelated,optimal,10001,200.0,1.0,0.0,discrete
reward_intervention,contrast/decorrelated,optimal,10002,200.0,1.0,0.0,discrete
reward_intervention,contrast/decorrelated,optimal,10003,200.0,1.0,0.0,discrete
reward_intervention,contrast/decorrelated,optimal,10004,200.0,1.0,0.0,discrete
reward_intervention,contrast/decorrelated,optimal,10005,200.0,1.0,0.0,discrete
reward_intervention,contrast/decorrelated,optimal,10006,200.0,1.0,0.0,discrete
reward_intervention,contrast/decorrelated,optimal,10007,200.0,1.0,0.0,discrete
reward_intervention,contrast/decorrelated,optimal,10008,200.0,1.0,0.0,discrete
reward_intervention,contrast/decorrelated,optimal,10009,200.0,1.0,0.0,discrete
reward_intervention,contrast/decorrelated,optimal,10010,200.0,1.0,0.0,discrete
reward_intervention,contrast/decorrelated,optimal,10011,200.0,1.0,0.0,discrete
reward_intervention,contrast/decorrelated,optimal,10012,200.0,1.0,0.0,discrete
reward_intervention,contrast/decorrelated,optimal,10013,200.0,1.0,0.0,discrete
reward_intervention,contrast/decorrelated,optimal,10014,200.0,1.0,0.0,discrete
reward_intervention,contrast/decorrelated,optimal,10015,200.0,1.0,0.0,discrete
reward_intervention,contrast/decorrelated,optimal,10016,200.0,1.0,0.0,discrete
reward_intervention,contrast/decorrelated,optimal,10017,200.0,1.0,0.0,discrete
reward_intervention,contrast/decorrelated,optimal,10018,200.0,1.0,0.0,discrete
reward_intervention,contrast/decorrelated,optimal,10019,200.0,1.0,0.0,discrete
reward_intervention,contrast/decorrelated,optimal,10020,200.0,1.0,0.0,discrete
reward_intervention,contrast/decorrelated,optimal,10021,200.0,1.0,0.0,discrete
reward_intervention,contrast/decorrelated,optimal,10022,200.0,1.0,0.0,discrete
reward_intervention,contrast/decorrelated,optimal,10023,200.0,1.0,0.0,discrete
reward_intervention,contrast/decorrelated,optimal,10024,200.0,1.0,0.0,discrete
reward_intervention,contrast/decorrelated,optimal,10025,200.0,1.0,0.0,discrete
reward_intervention,contrast/decorrelated,optimal,10026,200.0,1.0,0.0,discrete
reward_intervention,contrast/decorrelated,optimal,10027,200.0,1.0,0.0,discrete
reward_intervention,contrast/decorrelated,optimal,10028,200.0,1.0,0.0,discrete
reward_intervention,contrast/decorrelated,optimal,10029,200.0,1.0,0.0,discrete
reward_intervention,contrast/decorrelated,optimal,10030,200.0,1.0,0.0,discrete
reward_intervention,contrast/decorrelated,optimal,10031,200.0,1.0,0.0,discrete
reward_intervention,contrast/decorrelated,optimal,10032,200.0,1.0,0.0,discrete
reward_intervention,contrast/decorrelated,optimal,10033,200.0,1.0,0.0,discrete
reward_intervention,contrast/decorrelated,optimal,10034,200.0,1.0,0.0,discrete
reward_intervention,contrast/decorrelated,optimal,10035,200.0,1.0,0.0,discrete
reward_intervention,contrast/decorrelated,optimal,10036,200.0,1.0,0.0,discrete
reward_intervention,contrast/decorrelated,optimal,10037,200.0,1.0,0.0,discrete
reward_intervention,contrast/decorrelated,optimal,10038,200.0,1.0,0.0,discrete
reward_intervention,contrast/decorrelated,optimal,10039,200.0,1.0,0.0,discrete
reward_intervention,contrast/decorrelated,optimal,10040,200.0,1.0,0.0,discrete
reward_intervention,contrast/decorrelated,optimal,10041,200.0,1.0,0.0,discrete
reward_intervention,contrast/decorrelated,optimal,10042,200.0,1.0,0.0,discrete
reward_intervention,contrast/decorrelated,optimal,10043,200.0,1.0,0.0,discrete
reward_intervention,contrast/decorrelated,optimal,10044,200.0,1.0,0.0,discrete
reward_intervention,contrast/decorrelated,optimal,10045,200.0,1.0,0.0,discrete
reward_intervention,contrast/decorrelated,optimal,10046,200.0,1.0,0.0,discrete
reward_intervention,contrast/decorrelated,optimal,10047,200.0,1.0,0.0,discrete
reward_intervention,contrast/decorrelated,optimal,10048,200.0,1.0,0.0,discrete
reward_intervention,contrast/decorrelated,epsgreedy,9999,44.19999694824219,0.18,155.79996871948242,discrete
reward_intervention,contrast/decorrelated,epsgreedy,10000,25.199996948242188,0.08,174.79996490478516,discrete
reward_intervention,contrast/decorrelated,epsgreedy,10001,80.30000305175781,0.37,119.70002841949463,discrete
reward_intervention,contrast/decorrelated,epsgreedy,10002,32.79999542236328,0.12,167.19999980926514,discrete
reward_intervention,contrast/decorrelated,epsgreedy,10003,48.0,0.2,151.99996948242188,discrete
reward_intervention,contrast/decorrelated,epsgreedy,10004,20.449996948242188,0.055,179.54996395111084,discrete
reward_intervention,contrast/decorrelated,epsgreedy,10005,52.749996185302734,0.225,147.2499704360962,discrete
reward_intervention,contrast/decorrelated,epsgreedy,10006,55.59999465942383,0.24,144.39997100830078,discrete
reward_intervention,contrast/decorrelated,epsgreedy,10007,56.54999542236328,0.245,143.45005893707275,discrete
reward_intervention,contrast/decorrelated,epsgreedy,10008,51.79999542236328,0.22,148.19997024536133,discrete
reward_intervention,contrast/decorrelated,epsgreedy,10009,56.54999542236328,0.245,143.45000076293945,discrete
reward_intervention,contrast/decorrelated,epsgreedy,10010,100.25,0.475,99.74997997283936,discrete
reward_intervention,contrast/decorrelated,epsgreedy,10011,60.349998474121094,0.265,139.65003967285156,discrete
reward_intervention,contrast/decorrelated,epsgreedy,10012,44.19999694824219,0.18,155.80004596710205,discrete
reward_intervention,contrast/decorrelated,epsgreedy,10013,84.10000610351562,0.39,115.89997673034668,discrete
reward_intervention,contrast/decorrelated,epsgreedy,10014,65.10000610351562,0.29,134.89997386932373,discrete
reward_intervention,contrast/decorrelated,epsgreedy,10015,21.39999771118164,0.06,178.5999641418457,discrete
reward_intervention,contrast/decorrelated,epsgreedy,10016,35.650001525878906,0.135,164.34996700286865,discrete
reward_intervention,contrast/decorrelated,epsgreedy,10017,33.75,0.125,166.2500410079956,discrete
reward_intervention,contrast/decorrelated,epsgreedy,10018,82.19999694824219,0.38,117.79997825622559,discrete
reward_intervention,contrast/decorrelated,epsgreedy,10019,67.0,0.3,132.99997329711914,discrete
reward_intervention,contrast/decorrelated,epsgreedy,10020,45.149993896484375,0.185,154.8500099182129,discrete
reward_intervention,contrast/decorrelated,epsgreedy,10021,72.69999694824219,0.33,127.29997444152832,discrete
reward_intervention,contrast/decorrelated,epsgreedy,10022,16.650001525878906,0.035,183.35007190704346,discrete
reward_intervention,contrast/decorrelated,epsgreedy,10023,37.54999542236328,0.145,162.45003700256348,discrete
reward_intervention,contrast/decorrelated,epsgreedy,10024,71.75,0.325,128.24998092651367,discrete
reward_intervention,contrast/decorrelated,epsgreedy,10025,70.80000305175781,0.32,129.1999740600586,discrete
reward_intervention,contrast/decorrelated,epsgreedy,10026,104.05000305175781,0.495,95.94998168945312,discrete
reward_intervention,contrast/decorrelated,epsgreedy,10027,76.50000762939453,0.35,123.49997520446777,discrete
reward_intervention,contrast/decorrelated,epsgreedy,10028,79.35000610351562,0.365,120.65000247955322,discrete
reward_intervention,contrast/decorrelated,epsgreedy,10029,59.39999771118164,0.26,140.59997177124023,discrete
reward_intervention,contrast/decorrelated,epsgreedy,10030,47.04999542236328,0.195,152.949969291687,discrete
reward_intervention,contrast/decorrelated,epsgreedy,10031,108.80000305175781,0.52,91.19998168945312,discrete
reward_intervention,contrast/decorrelated,epsgreedy,10032,45.14999771118164,0.185,154.85004901885986,discrete
reward_intervention,contrast/decorrelated,epsgreedy,10033,28.999998092651367,0.1,170.99998664855957,discrete
reward_intervention,contrast/decorrelated,epsgreedy,10034,72.69999694824219,0.33,127.29997444152832,discrete
reward_intervention,contrast/decorrelated,epsgreedy,10035,100.25,0.475,99.75004386901855,discrete
reward_intervention,contrast/decorrelated,epsgreedy,10036,83.1500015258789,0.385,116.84998989105225,discrete
reward_intervention,contrast/decorrelated,epsgreedy,10037,18.549999237060547,0.045,181.45001697540283,discrete
reward_intervention,contrast/decorrelated,epsgreedy,10038,31.849994659423828,0.115,168.1499662399292,discrete
reward_intervention,contrast/decorrelated,epsgreedy,10039,53.69999694824219,0.23,146.29997539520264,discrete
reward_intervention,contrast/decorrelated,epsgreedy,10040,70.80000305175781,0.32,129.2000913619995,discrete
reward_intervention,contrast/decorrelated,epsgreedy,10041,54.64999771118164,0.235,145.34997081756592,discrete
reward_intervention,contrast/decorrelated,epsgreedy,10042,27.099998474121094,0.09,172.9000768661499,discrete
reward_intervention,contrast/decorrelated,epsgreedy,10043,40.399993896484375,0.16,159.59996795654297,discrete
reward_intervention,contrast/decorrelated,epsgreedy,10044,44.19999313354492,0.18,155.79997158050537,discrete
reward_intervention,contrast/decorrelated,epsgreedy,10045,16.649999618530273,0.035,183.35008239746094,discrete
reward_intervention,contrast/decorrelated,epsgreedy,10046,78.4000015258789,0.36,121.5999755859375,discrete
reward_intervention,contrast/decorrelated,epsgreedy,10047,61.29999542236328,0.27,138.7000732421875,discrete
reward_intervention,contrast/decorrelated,epsgreedy,10048,56.54999542236328,0.245,143.45001411437988,discrete
reward_intervention,contrast/decorrelated,greedy,9999,35.64999771118164,0.135,164.34996700286865,discrete
reward_intervention,contrast/decorrelated,greedy,10000,81.25,0.375,118.74997615814209,discrete
reward_intervention,contrast/decorrelated,greedy,10001,98.35000610351562,0.465,101.65001106262207,discrete
reward_intervention,contrast/decorrelated,greedy,10002,109.75000762939453,0.525,90.25000858306885,discrete
reward_intervention,contrast/decorrelated,greedy,10003,83.1500015258789,0.385,116.84997653961182,discrete
reward_intervention,contrast/decorrelated,greedy,10004,35.64999771118164,0.135,164.34996700286865,discrete
reward_intervention,contrast/decorrelated,greedy,10005,23.299997329711914,0.07,176.69996452331543,discrete
reward_intervention,contrast/decorrelated,greedy,10006,80.30000305175781,0.37,119.69997596740723,discrete
reward_intervention,contrast/decorrelated,greedy,10007,99.30000305175781,0.47,100.70003128051758,discrete
reward_intervention,contrast/decorrelated,greedy,10008,51.79999923706055,0.22,148.19997024536133,discrete
reward_intervention,contrast/decorrelated,greedy,10009,54.64999771118164,0.235,145.35000228881836,discrete
reward_intervention,contrast/decorrelated,greedy,10010,122.10000610351562,0.59,77.89998435974121,discrete
reward_intervention,contrast/decorrelated,greedy,10011,45.14999771118164,0.185,154.850022315979,discrete
reward_intervention,contrast/decorrelated,greedy,10012,59.400001525878906,0.26,140.60009002685547,discrete
reward_intervention,contrast/decorrelated,greedy,10013,66.04999542236328,0.295,133.94997310638428,discrete
reward_intervention,contrast/decorrelated,greedy,10014,63.19999313354492,0.28,136.7999725341797,discrete
reward_intervention,contrast/decorrelated,greedy,10015,10.000001907348633,0.0,189.99996185302734,discrete
reward_intervention,contrast/decorrelated,greedy,10016,32.79999542236328,0.12,167.19996643066406,discrete
reward_intervention,contrast/decorrelated,greedy,10017,61.29999542236328,0.27,138.7000608444214,discrete
reward_intervention,contrast/decorrelated,greedy,10018,76.5,0.35,123.49997520446777,discrete
reward_intervention,contrast/decorrelated,greedy,10019,46.099998474121094,0.19,153.89996910095215,discrete
reward_intervention,contrast/decorrelated,greedy,10020,43.249996185302734,0.175,156.74999332427979,discrete
reward_intervention,contrast/decorrelated,greedy,10021,10.000001907348633,0.0,189.99996185302734,discrete
reward_intervention,contrast/decorrelated,greedy,10022,19.5,0.05,180.50008583068848,discrete
reward_intervention,contrast/decorrelated,greedy,10023,50.84999465942383,0.215,149.15002822875977,discrete
reward_intervention,contrast/decorrelated,greedy,10024,34.69999694824219,0.13,165.29998779296875,discrete
reward_intervention,contrast/decorrelated,greedy,10025,65.0999984741211,0.29,134.8999729156494,discrete
reward_intervention,contrast/decorrelated,greedy,10026,103.10000610351562,0.49,96.89998054504395,discrete
reward_intervention,contrast/decorrelated,greedy,10027,95.5,0.45,104.49997901916504,discrete
reward_intervention,contrast/decorrelated,greedy,10028,94.55000305175781,0.445,105.44997882843018,discrete
reward_intervention,contrast/decorrelated,greedy,10029,37.54999542236328,0.145,162.44996738433838,discrete
reward_intervention,contrast/decorrelated,greedy,10030,51.79999542236328,0.22,148.19997024536133,discrete
reward_intervention,contrast/decorrelated,greedy,10031,93.60000610351562,0.44,106.39997863769531,discrete
reward_intervention,contrast/decorrelated,greedy,10032,40.39999771118164,0.16,159.60004711151123,discrete
reward_intervention,contrast/decorrelated,greedy,10033,70.80000305175781,0.32,129.19999885559082,discrete
reward_intervention,contrast/decorrelated,greedy,10034,64.1500015258789,0.285,135.84997272491455,discrete
reward_intervention,contrast/decorrelated,greedy,10035,84.0999984741211,0.39,115.90003395080566,discrete
reward_intervention,contrast/decorrelated,greedy,10036,73.6500015258789,0.335,126.3499927520752,discrete
reward_intervention,contrast/decorrelated,greedy,10037,10.000001907348633,0.0,190.0000171661377,discrete
reward_intervention,contrast/decorrelated,greedy,10038,30.89999771118164,0.11,169.09996604919434,discrete
reward_intervention,contrast/decorrelated,greedy,10039,67.0,0.3,132.99997329711914,discrete
reward_intervention,contrast/decorrelated,greedy,10040,57.5,0.25,142.5000638961792,discrete
reward_intervention,contrast/decorrelated,greedy,10041,42.29999542236328,0.17,157.6999683380127,discrete
reward_intervention,contrast/decorrelated,greedy,10042,25.199996948242188,0.08,174.80006217956543,discrete
reward_intervention,contrast/decorrelated,greedy,10043,65.0999984741211,0.29,134.8999729156494,discrete
reward_intervention,contrast/decorrelated,greedy,10044,96.45000457763672,0.455,103.5499792098999,discrete
reward_intervention,contrast/decorrelated,greedy,10045,32.79999542236328,0.12,167.20010375976562,discrete
reward_intervention,contrast/decorrelated,greedy,10046,91.70000457763672,0.43,108.29997825622559,discrete
reward_intervention,contrast/decorrelated,greedy,10047,68.89999389648438,0.31,131.1000623703003,discrete
reward_intervention,contrast/decorrelated,greedy,10048,29.949996948242188,0.105,170.0500144958496,discrete
reward_intervention,contrast/decorrelated,random,9999,66.04999542236328,0.295,133.94997310638428,discrete
reward_intervention,contrast/decorrelated,random,10000,53.69999694824219,0.23,146.29997062683105,discrete
reward_intervention,contrast/decorrelated,random,10001,58.44999694824219,0.255,141.55001544952393,discrete
reward_intervention,contrast/decorrelated,random,10002,50.849998474121094,0.215,149.14999675750732,discrete
reward_intervention,contrast/decorrelated,random,10003,57.499996185302734,0.25,142.4999713897705,discrete
reward_intervention,contrast/decorrelated,random,10004,62.25,0.275,137.74997234344482,discrete
reward_intervention,contrast/decorrelated,random,10005,64.14999389648438,0.285,135.84997272491455,discrete
reward_intervention,contrast/decorrelated,random,10006,61.29999923706055,0.27,138.69997215270996,discrete
reward_intervention,contrast/decorrelated,random,10007,61.30000305175781,0.27,138.70005893707275,discrete
reward_intervention,contrast/decorrelated,random,10008,59.399993896484375,0.26,140.59997177124023,discrete
reward_intervention,contrast/decorrelated,random,10009,50.849998474121094,0.215,149.14999294281006,discrete
reward_intervention,contrast/decorrelated,random,10010,49.899993896484375,0.21,150.0999698638916,discrete
reward_intervention,contrast/decorrelated,random,10011,53.69999694824219,0.23,146.30006980895996,discrete
reward_intervention,contrast/decorrelated,random,10012,65.0999984741211,0.29,134.90003108978271,discrete
reward_intervention,contrast/decorrelated,random,10013,55.599998474121094,0.24,144.39997100830078,discrete
reward_intervention,contrast/decorrelated,random,10014,57.499996185302734,0.25,142.49997806549072,discrete
reward_intervention,contrast/decorrelated,random,10015,49.899993896484375,0.21,150.0999698638916,discrete
reward_intervention,contrast/decorrelated,random,10016,56.54999542236328,0.245,143.44997119903564,discrete
reward_intervention,contrast/decorrelated,random,10017,51.79999542236328,0.22,148.20003032684326,discrete
reward_intervention,contrast/decorrelated,random,10018,64.14999389648438,0.285,135.84997653961182,discrete
reward_intervention,contrast/decorrelated,random,10019,61.29999542236328,0.27,138.69997215270996,discrete
reward_intervention,contrast/decorrelated,random,10020,67.94999694824219,0.305,132.0500202178955,discrete
reward_intervention,contrast/decorrelated,random,10021,53.69999694824219,0.23,146.29997062683105,discrete
reward_intervention,contrast/decorrelated,random,10022,60.349998474121094,0.265,139.6500539779663,discrete
reward_intervention,contrast/decorrelated,random,10023,54.650001525878906,0.235,145.3500270843506,discrete
reward_intervention,contrast/decorrelated,random,10024,54.64999771118164,0.235,145.34998035430908,discrete
reward_intervention,contrast/decorrelated,random,10025,55.599998474121094,0.24,144.39997100830078,discrete
reward_intervention,contrast/decorrelated,random,10026,48.94999694824219,0.205,151.04997444152832,discrete
reward_intervention,contrast/decorrelated,random,10027,57.499996185302734,0.25,142.4999713897705,discrete
reward_intervention,contrast/decorrelated,random,10028,58.44999694824219,0.255,141.54998397827148,discrete
reward_intervention,contrast/decorrelated,random,10029,57.499996185302734,0.25,142.4999713897705,discrete
reward_intervention,contrast/decorrelated,random,10030,68.9000015258789,0.31,131.09997367858887,discrete
reward_intervention,contrast/decorrelated,random,10031,59.399993896484375,0.26,140.59997177124023,discrete
reward_intervention,contrast/decorrelated,random,10032,53.69999694824219,0.23,146.30005264282227,discrete
reward_intervention,contrast/decorrelated,random,10033,50.849998474121094,0.215,149.15002155303955,discrete
reward_intervention,contrast/decorrelated,random,10034,55.599998474121094,0.24,144.39997100830078,discrete
reward_intervention,contrast/decorrelated,random,10035,54.649993896484375,0.235,145.35002613067627,discrete
reward_intervention,contrast/decorrelated,random,10036,64.1500015258789,0.285,135.84998226165771,discrete
reward_intervention,contrast/decorrelated,random,10037,56.55000305175781,0.245,143.45002841949463,discrete
reward_intervention,contrast/decorrelated,random,10038,48.94999694824219,0.205,151.04996967315674,discrete
reward_intervention,contrast/decorrelated,random,10039,58.44999694824219,0.255,141.5499963760376,discrete
reward_intervention,contrast/decorrelated,random,10040,53.69999694824219,0.23,146.30006217956543,discrete
reward_intervention,contrast/decorrelated,random,10041,54.64999771118164,0.235,145.34997081756592,discrete
reward_intervention,contrast/decorrelated,random,10042,62.25,0.275,137.75006771087646,discrete
reward_intervention,contrast/decorrelated,random,10043,59.399993896484375,0.26,140.59997177124023,discrete
reward_intervention,contrast/decorrelated,random,10044,55.599998474121094,0.24,144.39999103546143,discrete
reward_intervention,contrast/decorrelated,random,10045,46.09999465942383,0.19,153.9000473022461,discrete
reward_intervention,contrast/decorrelated,random,10046,59.40000534057617,0.26,140.59997177124023,discrete
reward_intervention,contrast/decorrelated,random,10047,57.499996185302734,0.25,142.50008487701416,discrete
reward_intervention,contrast/decorrelated,random,10048,45.14999771118164,0.185,154.85002613067627,discrete
reward_intervention,contrast/inverted,tf_legacy,9999,26.14999771118164,0.085,173.84996509552002,discrete
reward_intervention,contrast/inverted,tf_legacy,10000,67.0,0.3,132.99997329711914,discrete
reward_intervention,contrast/inverted,tf_legacy,10001,29.949996948242188,0.105,170.04999542236328,discrete
reward_intervention,contrast/inverted,tf_legacy,10002,82.19999694824219,0.38,117.79996681213379,discrete
reward_intervention,contrast/inverted,tf_legacy,10003,73.64999389648438,0.335,126.34997463226318,discrete
reward_intervention,contrast/inverted,tf_legacy,10004,44.19999694824219,0.18,155.79996871948242,discrete
reward_intervention,contrast/inverted,tf_legacy,10005,72.69999694824219,0.33,127.29997444152832,discrete
reward_intervention,contrast/inverted,tf_legacy,10006,46.099998474121094,0.19,153.89996910095215,discrete
reward_intervention,contrast/inverted,tf_legacy,10007,90.75,0.425,109.25002098083496,discrete
reward_intervention,contrast/inverted,tf_legacy,10008,71.74999237060547,0.325,128.24997425079346,discrete
reward_intervention,contrast/inverted,tf_legacy,10009,32.79999542236328,0.12,167.19999504089355,discrete
reward_intervention,contrast/inverted,tf_legacy,10010,81.25,0.375,118.74997615814209,discrete
reward_intervention,contrast/inverted,tf_legacy,10011,39.44999694824219,0.155,160.55009937286377,discrete
reward_intervention,contrast/inverted,tf_legacy,10012,29.949996948242188,0.105,170.0500717163086,discrete
reward_intervention,contrast/inverted,tf_legacy,10013,47.04999542236328,0.195,152.949969291687,discrete
reward_intervention,contrast/inverted,tf_legacy,10014,10.000001907348633,0.0,189.99996185302734,discrete
reward_intervention,contrast/inverted,tf_legacy,10015,86.95000457763672,0.405,113.04997730255127,discrete
reward_intervention,contrast/inverted,tf_legacy,10016,45.149993896484375,0.185,154.84996891021729,discrete
reward_intervention,contrast/inverted,tf_legacy,10017,86.95000457763672,0.405,113.05004024505615,discrete
reward_intervention,contrast/inverted,tf_legacy,10018,37.54999542236328,0.145,162.4499807357788,discrete
reward_intervention,contrast/inverted,tf_legacy,10019,80.30000305175781,0.37,119.69997596740723,discrete
reward_intervention,contrast/inverted,tf_legacy,10020,31.849998474121094,0.115,168.14999771118164,discrete
reward_intervention,contrast/inverted,tf_legacy,10021,59.400001525878906,0.26,140.59997177124023,discrete
reward_intervention,contrast/inverted,tf_legacy,10022,78.4000015258789,0.36,121.60002613067627,discrete
reward_intervention,contrast/inverted,tf_legacy,10023,52.749996185302734,0.225,147.2499885559082,discrete
reward_intervention,contrast/inverted,tf_legacy,10024,29.949996948242188,0.105,170.04998397827148,discrete
reward_intervention,contrast/inverted,tf_legacy,10025,32.79999542236328,0.12,167.19996643066406,discrete
reward_intervention,contrast/inverted,tf_legacy,10026,22.34999656677246,0.065,177.64996433258057,discrete
reward_intervention,contrast/inverted,tf_legacy,10027,13.799999237060547,0.02,186.1999626159668,discrete
reward_intervention,contrast/inverted,tf_legacy,10028,48.94999694824219,0.205,151.04998397827148,discrete
reward_intervention,contrast/inverted,tf_legacy,10029,48.94999694824219,0.205,151.04996967315674,discrete
reward_intervention,contrast/inverted,tf_legacy,10030,23.299997329711914,0.07,176.69996452331543,discrete
reward_intervention,contrast/inverted,tf_legacy,10031,86.00000762939453,0.4,113.9999771118164,discrete
reward_intervention,contrast/inverted,tf_legacy,10032,47.04999923706055,0.195,152.9500503540039,discrete
reward_intervention,contrast/inverted,tf_legacy,10033,70.80000305175781,0.32,129.19999599456787,discrete
reward_intervention,contrast/inverted,tf_legacy,10034,55.599998474121094,0.24,144.39997100830078,discrete
reward_intervention,contrast/inverted,tf_legacy,10035,103.10000610351562,0.49,96.90001678466797,discrete
reward_intervention,contrast/inverted,tf_legacy,10036,30.899995803833008,0.11,169.09999179840088,discrete
reward_intervention,contrast/inverted,tf_legacy,10037,32.79999923706055,0.12,167.20007991790771,discrete
reward_intervention,contrast/inverted,tf_legacy,10038,40.39999771118164,0.16,159.59996795654297,discrete
reward_intervention,contrast/inverted,tf_legacy,10039,34.69999694824219,0.13,165.29997444152832,discrete
reward_intervention,contrast/inverted,tf_legacy,10040,53.69999694824219,0.23,146.30005073547363,discrete
reward_intervention,contrast/inverted,tf_legacy,10041,97.40000915527344,0.46,102.59997940063477,discrete
reward_intervention,contrast/inverted,tf_legacy,10042,70.80000305175781,0.32,129.2000560760498,discrete
reward_intervention,contrast/inverted,tf_legacy,10043,31.84999656677246,0.115,168.1499662399292,discrete
reward_intervention,contrast/inverted,tf_legacy,10044,53.69999694824219,0.23,146.29997062683105,discrete
reward_intervention,contrast/inverted,tf_legacy,10045,44.19999694824219,0.18,155.8000431060791,discrete
reward_intervention,contrast/inverted,tf_legacy,10046,118.30000305175781,0.57,81.69998359680176,discrete
reward_intervention,contrast/inverted,tf_legacy,10047,23.299999237060547,0.07,176.70009899139404,discrete
reward_intervention,contrast/inverted,tf_legacy,10048,40.39999771118164,0.16,159.60003280639648,discrete
reward_intervention,contrast/inverted,tf_self,9999,56.54999542236328,0.245,143.44997119903564,discrete
reward_intervention,contrast/inverted,tf_self,10000,99.30000305175781,0.47,100.69997978210449,discrete
reward_intervention,contrast/inverted,tf_self,10001,29.949996948242188,0.105,170.04999542236328,discrete
reward_intervention,contrast/inverted,tf_self,10002,82.19999694824219,0.38,117.79996681213379,discrete
reward_intervention,contrast/inverted,tf_self,10003,43.249996185302734,0.175,156.74996852874756,discrete
reward_intervention,contrast/inverted,tf_self,10004,44.19999694824219,0.18,155.79996871948242,discrete
reward_intervention,contrast/inverted,tf_self,10005,79.3499984741211,0.365,120.64997577667236,discrete
reward_intervention,contrast/inverted,tf_self,10006,94.55000305175781,0.445,105.44997882843018,discrete
reward_intervention,contrast/inverted,tf_self,10007,90.75,0.425,109.25002098083496,discrete
reward_intervention,contrast/inverted,tf_self,10008,71.74999237060547,0.325,128.24997425079346,discrete
reward_intervention,contrast/inverted,tf_self,10009,32.79999542236328,0.12,167.19998264312744,discrete
reward_intervention,contrast/inverted,tf_self,10010,86.0,0.4,113.9999771118164,discrete
reward_intervention,contrast/inverted,tf_self,10011,25.200000762939453,0.08,174.80011177062988,discrete
reward_intervention,contrast/inverted,tf_self,10012,77.44999694824219,0.355,122.55000686645508,discrete
reward_intervention,contrast/inverted,tf_self,10013,94.55000305175781,0.445,105.44997882843018,discrete
reward_intervention,contrast/inverted,tf_self,10014,10.000001907348633,0.0,189.99996185302734,discrete
reward_intervention,contrast/inverted,tf_self,10015,72.70000457763672,0.33,127.29997444152832,discrete
reward_intervention,contrast/inverted,tf_self,10016,60.349998474121094,0.265,139.6499719619751,discrete
reward_intervention,contrast/inverted,tf_self,10017,86.95000457763672,0.405,113.05004024505615,discrete
reward_intervention,contrast/inverted,tf_self,10018,37.54999542236328,0.145,162.4499807357788,discrete
reward_intervention,contrast/inverted,tf_self,10019,84.0999984741211,0.39,115.89997673034668,discrete
reward_intervention,contrast/inverted,tf_self,10020,97.4000015258789,0.46,102.59999752044678,discrete
reward_intervention,contrast/inverted,tf_self,10021,109.75000762939453,0.525,90.24998188018799,discrete
reward_intervention,contrast/inverted,tf_self,10022,78.4000015258789,0.36,121.60002613067627,discrete
reward_intervention,contrast/inverted,tf_self,10023,94.55000305175781,0.445,105.4500322341919,discrete
reward_intervention,contrast/inverted,tf_self,10024,28.049997329711914,0.095,171.94998168945312,discrete
reward_intervention,contrast/inverted,tf_self,10025,32.79999542236328,0.12,167.19996643066406,discrete
reward_intervention,contrast/inverted,tf_self,10026,69.84999084472656,0.315,130.14997386932373,discrete
reward_intervention,contrast/inverted,tf_self,10027,90.75,0.425,109.24997806549072,discrete
reward_intervention,contrast/inverted,tf_self,10028,41.349998474121094,0.165,158.64997005462646,discrete
reward_intervention,contrast/inverted,tf_self,10029,48.94999694824219,0.205,151.04996967315674,discrete
reward_intervention,contrast/inverted,tf_self,10030,31.849998474121094,0.115,168.1499662399292,discrete
reward_intervention,contrast/inverted,tf_self,10031,102.15000915527344,0.485,97.84998035430908,discrete
reward_intervention,contrast/inverted,tf_self,10032,59.400001525878906,0.26,140.60004425048828,discrete
reward_intervention,contrast/inverted,tf_self,10033,58.44999694824219,0.255,141.54999828338623,discrete
reward_intervention,contrast/inverted,tf_self,10034,78.40000915527344,0.36,121.5999755859375,discrete
reward_intervention,contrast/inverted,tf_self,10035,72.70000457763672,0.33,127.30000877380371,discrete
reward_intervention,contrast/inverted,tf_self,10036,27.09999656677246,0.09,172.89999675750732,discrete
reward_intervention,contrast/inverted,tf_self,10037,67.0,0.3,133.00006771087646,discrete
reward_intervention,contrast/inverted,tf_self,10038,124.95001220703125,0.605,75.0499849319458,discrete
reward_intervention,contrast/inverted,tf_self,10039,30.89999771118164,0.11,169.09997272491455,discrete
reward_intervention,contrast/inverted,tf_self,10040,89.80000305175781,0.42,110.20002555847168,discrete
reward_intervention,contrast/inverted,tf_self,10041,97.40000915527344,0.46,102.59997940063477,discrete
reward_intervention,contrast/inverted,tf_self,10042,70.80000305175781,0.32,129.2000560760498,discrete
reward_intervention,contrast/inverted,tf_self,10043,81.25,0.375,118.74997615814209,discrete
reward_intervention,contrast/inverted,tf_self,10044,56.54999542236328,0.245,143.44997119903564,discrete
reward_intervention,contrast/inverted,tf_self,10045,32.79999542236328,0.12,167.20006465911865,discrete
reward_intervention,contrast/inverted,tf_self,10046,118.30000305175781,0.57,81.69998359680176,discrete
reward_intervention,contrast/inverted,tf_self,10047,98.35000610351562,0.465,101.65008068084717,discrete
reward_intervention,contrast/inverted,tf_self,10048,75.55000305175781,0.345,124.45004653930664,discrete
reward_intervention,contrast/inverted,optimal,9999,200.0,1.0,0.0,discrete
reward_intervention,contrast/inverted,optimal,10000,200.0,1.0,0.0,discrete
reward_intervention,contrast/inverted,optimal,10001,200.0,1.0,0.0,discrete
reward_intervention,contrast/inverted,optimal,10002,200.0,1.0,0.0,discrete
reward_intervention,contrast/inverted,optimal,10003,200.0,1.0,0.0,discrete
reward_intervention,contrast/inverted,optimal,10004,200.0,1.0,0.0,discrete
reward_intervention,contrast/inverted,optimal,10005,200.0,1.0,0.0,discrete
reward_intervention,contrast/inverted,optimal,10006,200.0,1.0,0.0,discrete
reward_intervention,contrast/inverted,optimal,10007,200.0,1.0,0.0,discrete
reward_intervention,contrast/inverted,optimal,10008,200.0,1.0,0.0,discrete
reward_intervention,contrast/inverted,optimal,10009,200.0,1.0,0.0,discrete
reward_intervention,contrast/inverted,optimal,10010,200.0,1.0,0.0,discrete
reward_intervention,contrast/inverted,optimal,10011,200.0,1.0,0.0,discrete
reward_intervention,contrast/inverted,optimal,10012,200.0,1.0,0.0,discrete
reward_intervention,contrast/inverted,optimal,10013,200.0,1.0,0.0,discrete
reward_intervention,contrast/inverted,optimal,10014,200.0,1.0,0.0,discrete
reward_intervention,contrast/inverted,optimal,10015,200.0,1.0,0.0,discrete
reward_intervention,contrast/inverted,optimal,10016,200.0,1.0,0.0,discrete
reward_intervention,contrast/inverted,optimal,10017,200.0,1.0,0.0,discrete
reward_intervention,contrast/inverted,optimal,10018,200.0,1.0,0.0,discrete
reward_intervention,contrast/inverted,optimal,10019,200.0,1.0,0.0,discrete
reward_intervention,contrast/inverted,optimal,10020,200.0,1.0,0.0,discrete
reward_intervention,contrast/inverted,optimal,10021,200.0,1.0,0.0,discrete
reward_intervention,contrast/inverted,optimal,10022,200.0,1.0,0.0,discrete
reward_intervention,contrast/inverted,optimal,10023,200.0,1.0,0.0,discrete
reward_intervention,contrast/inverted,optimal,10024,200.0,1.0,0.0,discrete
reward_intervention,contrast/inverted,optimal,10025,200.0,1.0,0.0,discrete
reward_intervention,contrast/inverted,optimal,10026,200.0,1.0,0.0,discrete
reward_intervention,contrast/inverted,optimal,10027,200.0,1.0,0.0,discrete
reward_intervention,contrast/inverted,optimal,10028,200.0,1.0,0.0,discrete
reward_intervention,contrast/inverted,optimal,10029,200.0,1.0,0.0,discrete
reward_intervention,contrast/inverted,optimal,10030,200.0,1.0,0.0,discrete
reward_intervention,contrast/inverted,optimal,10031,200.0,1.0,0.0,discrete
reward_intervention,contrast/inverted,optimal,10032,200.0,1.0,0.0,discrete
reward_intervention,contrast/inverted,optimal,10033,200.0,1.0,0.0,discrete
reward_intervention,contrast/inverted,optimal,10034,200.0,1.0,0.0,discrete
reward_intervention,contrast/inverted,optimal,10035,200.0,1.0,0.0,discrete
reward_intervention,contrast/inverted,optimal,10036,200.0,1.0,0.0,discrete
reward_intervention,contrast/inverted,optimal,10037,200.0,1.0,0.0,discrete
reward_intervention,contrast/inverted,optimal,10038,200.0,1.0,0.0,discrete
reward_intervention,contrast/inverted,optimal,10039,200.0,1.0,0.0,discrete
reward_intervention,contrast/inverted,optimal,10040,200.0,1.0,0.0,discrete
reward_intervention,contrast/inverted,optimal,10041,200.0,1.0,0.0,discrete
reward_intervention,contrast/inverted,optimal,10042,200.0,1.0,0.0,discrete
reward_intervention,contrast/inverted,optimal,10043,200.0,1.0,0.0,discrete
reward_intervention,contrast/inverted,optimal,10044,200.0,1.0,0.0,discrete
reward_intervention,contrast/inverted,optimal,10045,200.0,1.0,0.0,discrete
reward_intervention,contrast/inverted,optimal,10046,200.0,1.0,0.0,discrete
reward_intervention,contrast/inverted,optimal,10047,200.0,1.0,0.0,discrete
reward_intervention,contrast/inverted,optimal,10048,200.0,1.0,0.0,discrete
reward_intervention,contrast/inverted,epsgreedy,9999,25.199996948242188,0.08,174.79996490478516,discrete
reward_intervention,contrast/inverted,epsgreedy,10000,23.299999237060547,0.07,176.69996452331543,discrete
reward_intervention,contrast/inverted,epsgreedy,10001,33.75,0.125,166.2500123977661,discrete
reward_intervention,contrast/inverted,epsgreedy,10002,38.5,0.15,161.4999647140503,discrete
reward_intervention,contrast/inverted,epsgreedy,10003,20.449996948242188,0.055,179.54996395111084,discrete
reward_intervention,contrast/inverted,epsgreedy,10004,19.499998092651367,0.05,180.49996376037598,discrete
reward_intervention,contrast/inverted,epsgreedy,10005,41.349998474121094,0.165,158.64996814727783,discrete
reward_intervention,contrast/inverted,epsgreedy,10006,41.34999465942383,0.165,158.64996814727783,discrete
reward_intervention,contrast/inverted,epsgreedy,10007,26.14999771118164,0.085,173.8500623703003,discrete
reward_intervention,contrast/inverted,epsgreedy,10008,17.599998474121094,0.04,182.39996337890625,discrete
reward_intervention,contrast/inverted,epsgreedy,10009,59.39999771118164,0.26,140.60000038146973,discrete
reward_intervention,contrast/inverted,epsgreedy,10010,22.349998474121094,0.065,177.64996433258057,discrete
reward_intervention,contrast/inverted,epsgreedy,10011,28.04999542236328,0.095,171.95005702972412,discrete
reward_intervention,contrast/inverted,epsgreedy,10012,29.949996948242188,0.105,170.05007076263428,discrete
reward_intervention,contrast/inverted,epsgreedy,10013,33.749996185302734,0.125,166.24996662139893,discrete
reward_intervention,contrast/inverted,epsgreedy,10014,18.549999237060547,0.045,181.44996643066406,discrete
reward_intervention,contrast/inverted,epsgreedy,10015,21.39999771118164,0.06,178.5999641418457,discrete
reward_intervention,contrast/inverted,epsgreedy,10016,37.54999542236328,0.145,162.44996738433838,discrete
reward_intervention,contrast/inverted,epsgreedy,10017,26.14999771118164,0.085,173.85005474090576,discrete
reward_intervention,contrast/inverted,epsgreedy,10018,53.70000076293945,0.23,146.2999725341797,discrete
reward_intervention,contrast/inverted,epsgreedy,10019,36.599998474121094,0.14,163.39996719360352,discrete
reward_intervention,contrast/inverted,epsgreedy,10020,40.399993896484375,0.16,159.60002326965332,discrete
reward_intervention,contrast/inverted,epsgreedy,10021,16.649999618530273,0.035,183.3499631881714,discrete
reward_intervention,contrast/inverted,epsgreedy,10022,15.700000762939453,0.03,184.30007553100586,discrete
reward_intervention,contrast/inverted,epsgreedy,10023,23.299999237060547,0.07,176.70002841949463,discrete
reward_intervention,contrast/inverted,epsgreedy,10024,43.249996185302734,0.175,156.74998474121094,discrete
reward_intervention,contrast/inverted,epsgreedy,10025,16.649999618530273,0.035,183.3499631881714,discrete
reward_intervention,contrast/inverted,epsgreedy,10026,55.599998474121094,0.24,144.3999729156494,discrete
reward_intervention,contrast/inverted,epsgreedy,10027,39.44999694824219,0.155,160.5499677658081,discrete
reward_intervention,contrast/inverted,epsgreedy,10028,19.5,0.05,180.49998664855957,discrete
reward_intervention,contrast/inverted,epsgreedy,10029,13.800000190734863,0.02,186.1999626159668,discrete
reward_intervention,contrast/inverted,epsgreedy,10030,21.39999771118164,0.06,178.5999641418457,discrete
reward_intervention,contrast/inverted,epsgreedy,10031,29.949996948242188,0.105,170.04996585845947,discrete
reward_intervention,contrast/inverted,epsgreedy,10032,40.399993896484375,0.16,159.60005474090576,discrete
reward_intervention,contrast/inverted,epsgreedy,10033,21.39999771118164,0.06,178.60002899169922,discrete
reward_intervention,contrast/inverted,epsgreedy,10034,36.599998474121094,0.14,163.39996719360352,discrete
reward_intervention,contrast/inverted,epsgreedy,10035,55.599998474121094,0.24,144.40003967285156,discrete
reward_intervention,contrast/inverted,epsgreedy,10036,21.39999771118164,0.06,178.59997463226318,discrete
reward_intervention,contrast/inverted,epsgreedy,10037,18.549999237060547,0.045,181.45001697540283,discrete
reward_intervention,contrast/inverted,epsgreedy,10038,46.099998474121094,0.19,153.89996910095215,discrete
reward_intervention,contrast/inverted,epsgreedy,10039,21.39999771118164,0.06,178.5999927520752,discrete
reward_intervention,contrast/inverted,epsgreedy,10040,40.39999771118164,0.16,159.60005378723145,discrete
reward_intervention,contrast/inverted,epsgreedy,10041,38.499996185302734,0.15,161.49996757507324,discrete
reward_intervention,contrast/inverted,epsgreedy,10042,18.549997329711914,0.045,181.45009326934814,discrete
reward_intervention,contrast/inverted,epsgreedy,10043,16.64999771118164,0.035,183.3499631881714,discrete
reward_intervention,contrast/inverted,epsgreedy,10044,30.89999771118164,0.11,169.09996795654297,discrete
reward_intervention,contrast/inverted,epsgreedy,10045,14.750000953674316,0.025,185.25005626678467,discrete
reward_intervention,contrast/inverted,epsgreedy,10046,38.49999237060547,0.15,161.49996757507324,discrete
reward_intervention,contrast/inverted,epsgreedy,10047,54.649993896484375,0.235,145.3500852584839,discrete
reward_intervention,contrast/inverted,epsgreedy,10048,43.249996185302734,0.175,156.75000095367432,discrete
reward_intervention,contrast/inverted,greedy,9999,32.79999923706055,0.12,167.19996643066406,discrete
reward_intervention,contrast/inverted,greedy,10000,11.90000057220459,0.01,188.09996223449707,discrete
reward_intervention,contrast/inverted,greedy,10001,10.950000762939453,0.005,189.05001258850098,discrete
reward_intervention,contrast/inverted,greedy,10002,28.999998092651367,0.1,170.9999761581421,discrete
reward_intervention,contrast/inverted,greedy,10003,44.19999694824219,0.18,155.79996871948242,discrete
reward_intervention,contrast/inverted,greedy,10004,35.64999771118164,0.135,164.34996700286865,discrete
reward_intervention,contrast/inverted,greedy,10005,23.299997329711914,0.07,176.69996452331543,discrete
reward_intervention,contrast/inverted,greedy,10006,11.90000057220459,0.01,188.09996223449707,discrete
reward_intervention,contrast/inverted,greedy,10007,63.20000076293945,0.28,136.80000972747803,discrete
reward_intervention,contrast/inverted,greedy,10008,12.850000381469727,0.015,187.14996242523193,discrete
reward_intervention,contrast/inverted,greedy,10009,54.64999771118164,0.235,145.35000228881836,discrete
reward_intervention,contrast/inverted,greedy,10010,53.69999694824219,0.23,146.29997062683105,discrete
reward_intervention,contrast/inverted,greedy,10011,10.950000762939453,0.005,189.05006980895996,discrete
reward_intervention,contrast/inverted,greedy,10012,42.29999542236328,0.17,157.70007991790771,discrete
reward_intervention,contrast/inverted,greedy,10013,62.25,0.275,137.74997234344482,discrete
reward_intervention,contrast/inverted,greedy,10014,33.749996185302734,0.125,166.24998950958252,discrete
reward_intervention,contrast/inverted,greedy,10015,10.000001907348633,0.0,189.99996185302734,discrete
reward_intervention,contrast/inverted,greedy,10016,34.69999694824219,0.13,165.2999668121338,discrete
reward_intervention,contrast/inverted,greedy,10017,11.90000057220459,0.01,188.1000213623047,discrete
reward_intervention,contrast/inverted,greedy,10018,92.65000915527344,0.435,107.34997844696045,discrete
reward_intervention,contrast/inverted,greedy,10019,76.5,0.35,123.49997520446777,discrete
reward_intervention,contrast/inverted,greedy,10020,61.29999542236328,0.27,138.70002365112305,discrete
reward_intervention,contrast/inverted,greedy,10021,10.000001907348633,0.0,189.99996185302734,discrete
reward_intervention,contrast/inverted,greedy,10022,19.5,0.05,180.50008583068848,discrete
reward_intervention,contrast/inverted,greedy,10023,10.950000762939453,0.005,189.05001068115234,discrete
reward_intervention,contrast/inverted,greedy,10024,10.950000762939453,0.005,189.04997634887695,discrete
reward_intervention,contrast/inverted,greedy,10025,11.90000057220459,0.01,188.09996223449707,discrete
reward_intervention,contrast/inverted,greedy,10026,102.1500015258789,0.485,97.84998035430908,discrete
reward_intervention,contrast/inverted,greedy,10027,62.25,0.275,137.74997234344482,discrete
reward_intervention,contrast/inverted,greedy,10028,53.69999694824219,0.23,146.30001258850098,discrete
reward_intervention,contrast/inverted,greedy,10029,10.950000762939453,0.005,189.0499620437622,discrete
reward_intervention,contrast/inverted,greedy,10030,10.950000762939453,0.005,189.0499620437622,discrete
reward_intervention,contrast/inverted,greedy,10031,65.0999984741211,0.29,134.8999729156494,discrete
reward_intervention,contrast/inverted,greedy,10032,74.5999984741211,0.34,125.40003204345703,discrete
reward_intervention,contrast/inverted,greedy,10033,10.950000762939453,0.005,189.0499792098999,discrete
reward_intervention,contrast/inverted,greedy,10034,64.1500015258789,0.285,135.84997272491455,discrete
reward_intervention,contrast/inverted,greedy,10035,65.0999984741211,0.29,134.90002250671387,discrete
reward_intervention,contrast/inverted,greedy,10036,10.950000762939453,0.005,189.0499725341797,discrete
reward_intervention,contrast/inverted,greedy,10037,10.000001907348633,0.0,190.0000171661377,discrete
reward_intervention,contrast/inverted,greedy,10038,10.950000762939453,0.005,189.0499620437622,discrete
reward_intervention,contrast/inverted,greedy,10039,51.79999542236328,0.22,148.19997024536133,discrete
reward_intervention,contrast/inverted,greedy,10040,44.19999694824219,0.18,155.8000431060791,discrete
reward_intervention,contrast/inverted,greedy,10041,38.5,0.15,161.49996757507324,discrete
reward_intervention,contrast/inverted,greedy,10042,25.199996948242188,0.08,174.80006217956543,discrete
reward_intervention,contrast/inverted,greedy,10043,44.19999694824219,0.18,155.79996871948242,discrete
reward_intervention,contrast/inverted,greedy,10044,45.14999771118164,0.185,154.84996891021729,discrete
reward_intervention,contrast/inverted,greedy,10045,32.79999542236328,0.12,167.20010375976562,discrete
reward_intervention,contrast/inverted,greedy,10046,13.799999237060547,0.02,186.1999626159668,discrete
reward_intervention,contrast/inverted,greedy,10047,61.29999923706055,0.27,138.70008373260498,discrete
reward_intervention,contrast/inverted,greedy,10048,12.850000381469727,0.015,187.15002346038818,discrete
reward_intervention,contrast/inverted,random,9999,66.04999542236328,0.295,133.94997310638428,discrete
reward_intervention,contrast/inverted,random,10000,53.69999694824219,0.23,146.29997062683105,discrete
reward_intervention,contrast/inverted,random,10001,58.44999694824219,0.255,141.55001544952393,discrete
reward_intervention,contrast/inverted,random,10002,50.849998474121094,0.215,149.14999675750732,discrete
reward_intervention,contrast/inverted,random,10003,57.499996185302734,0.25,142.4999713897705,discrete
reward_intervention,contrast/inverted,random,10004,62.25,0.275,137.74997234344482,discrete
reward_intervention,contrast/inverted,random,10005,64.14999389648438,0.285,135.84997272491455,discrete
reward_intervention,contrast/inverted,random,10006,61.29999923706055,0.27,138.69997215270996,discrete
reward_intervention,contrast/inverted,random,10007,61.30000305175781,0.27,138.70005893707275,discrete
reward_intervention,contrast/inverted,random,10008,59.399993896484375,0.26,140.59997177124023,discrete
reward_intervention,contrast/inverted,random,10009,50.849998474121094,0.215,149.14999294281006,discrete
reward_intervention,contrast/inverted,random,10010,49.899993896484375,0.21,150.0999698638916,discrete
reward_intervention,contrast/inverted,random,10011,53.69999694824219,0.23,146.30006980895996,discrete
reward_intervention,contrast/inverted,random,10012,65.0999984741211,0.29,134.90003108978271,discrete
reward_intervention,contrast/inverted,random,10013,55.599998474121094,0.24,144.39997100830078,discrete
reward_intervention,contrast/inverted,random,10014,57.499996185302734,0.25,142.49997806549072,discrete
reward_intervention,contrast/inverted,random,10015,49.899993896484375,0.21,150.0999698638916,discrete
reward_intervention,contrast/inverted,random,10016,56.54999542236328,0.245,143.44997119903564,discrete
reward_intervention,contrast/inverted,random,10017,51.79999542236328,0.22,148.20003032684326,discrete
reward_intervention,contrast/inverted,random,10018,64.14999389648438,0.285,135.84997653961182,discrete
reward_intervention,contrast/inverted,random,10019,61.29999542236328,0.27,138.69997215270996,discrete
reward_intervention,contrast/inverted,random,10020,67.94999694824219,0.305,132.0500202178955,discrete
reward_intervention,contrast/inverted,random,10021,53.69999694824219,0.23,146.29997062683105,discrete
reward_intervention,contrast/inverted,random,10022,60.349998474121094,0.265,139.6500539779663,discrete
reward_intervention,contrast/inverted,random,10023,54.650001525878906,0.235,145.3500270843506,discrete
reward_intervention,contrast/inverted,random,10024,54.64999771118164,0.235,145.34998035430908,discrete
reward_intervention,contrast/inverted,random,10025,55.599998474121094,0.24,144.39997100830078,discrete
reward_intervention,contrast/inverted,random,10026,48.94999694824219,0.205,151.04997444152832,discrete
reward_intervention,contrast/inverted,random,10027,57.499996185302734,0.25,142.4999713897705,discrete
reward_intervention,contrast/inverted,random,10028,58.44999694824219,0.255,141.54998397827148,discrete
reward_intervention,contrast/inverted,random,10029,57.499996185302734,0.25,142.4999713897705,discrete
reward_intervention,contrast/inverted,random,10030,68.9000015258789,0.31,131.09997367858887,discrete
reward_intervention,contrast/inverted,random,10031,59.399993896484375,0.26,140.59997177124023,discrete
reward_intervention,contrast/inverted,random,10032,53.69999694824219,0.23,146.30005264282227,discrete
reward_intervention,contrast/inverted,random,10033,50.849998474121094,0.215,149.15002155303955,discrete
reward_intervention,contrast/inverted,random,10034,55.599998474121094,0.24,144.39997100830078,discrete
reward_intervention,contrast/inverted,random,10035,54.649993896484375,0.235,145.35002613067627,discrete
reward_intervention,contrast/inverted,random,10036,64.1500015258789,0.285,135.84998226165771,discrete
reward_intervention,contrast/inverted,random,10037,56.55000305175781,0.245,143.45002841949463,discrete
reward_intervention,contrast/inverted,random,10038,48.94999694824219,0.205,151.04996967315674,discrete
reward_intervention,contrast/inverted,random,10039,58.44999694824219,0.255,141.5499963760376,discrete
reward_intervention,contrast/inverted,random,10040,53.69999694824219,0.23,146.30006217956543,discrete
reward_intervention,contrast/inverted,random,10041,54.64999771118164,0.235,145.34997081756592,discrete
reward_intervention,contrast/inverted,random,10042,62.25,0.275,137.75006771087646,discrete
reward_intervention,contrast/inverted,random,10043,59.399993896484375,0.26,140.59997177124023,discrete
reward_intervention,contrast/inverted,random,10044,55.599998474121094,0.24,144.39999103546143,discrete
reward_intervention,contrast/inverted,random,10045,46.09999465942383,0.19,153.9000473022461,discrete
reward_intervention,contrast/inverted,random,10046,59.40000534057617,0.26,140.59997177124023,discrete
reward_intervention,contrast/inverted,random,10047,57.499996185302734,0.25,142.50008487701416,discrete
reward_intervention,contrast/inverted,random,10048,45.14999771118164,0.185,154.85002613067627,discrete
