construction,sweep,seed,max_cos,beta,beta_max,sigma,dim,rho,T,max_err,final_err,greedy_agree,select_agree,max_pred_err,w_linf,w_l1,max_w_linf,decision_agree,regret_diff
q,exact,0,0.0,,,,,,100,3.028879302924281e-08,3.028879302924281e-08,1.0,1.0,,,,,,
q,exact,0,0.0,,,,,,500,2.2809529198752898e-07,2.2809529198752898e-07,1.0,1.0,,,,,,
q,exact,1,0.0,,,,,,100,3.0527475880504085e-08,2.9526304734517346e-08,1.0,1.0,,,,,,
q,exact,1,0.0,,,,,,500,3.0726483357668144e-07,3.0726483357668144e-07,1.0,1.0,,,,,,
q,exact,2,0.0,,,,,,100,2.982463576106653e-08,2.982463576106653e-08,1.0,1.0,,,,,,
q,exact,2,0.0,,,,,,500,2.796233458113307e-07,2.796233458113307e-07,1.0,1.0,,,,,,
q,exact,3,0.0,,,,,,100,4.947605212191064e-07,4.429138493189378e-07,1.0,1.0,,,,,,
q,exact,3,0.0,,,,,,500,4.947605212191064e-07,1.6835340410636945e-07,1.0,1.0,,,,,,
q,exact,12,0.0,,,,,,100,3.279982063730813e-08,3.279982063730813e-08,1.0,1.0,,,,,,
q,exact,12,0.0,,,,,,500,2.337195317281271e-07,2.323051733199577e-07,1.0,1.0,,,,,,
q,exact,13,0.0,,,,,,100,4.58466848929362e-08,4.58466848929362e-08,1.0,1.0,,,,,,
q,exact,13,0.0,,,,,,500,2.44146739711848e-05,7.547016205089463e-06,1.0,1.0,,,,,,
q,exact,14,0.0,,,,,,100,1.580745818546836e-07,1.183234092927421e-07,1.0,1.0,,,,,,
q,exact,14,0.0,,,,,,500,2.505869689528595e-07,2.505869689528595e-07,1.0,1.0,,,,,,
q,exact,15,0.0,,,,,,100,2.5669270931061305e-08,2.5669270931061305e-08,1.0,1.0,,,,,,
q,exact,15,0.0,,,,,,500,1.937316445044246e-07,1.937316445044246e-07,1.0,1.0,,,,,,
q,exact,4,0.0,,,,,,100,4.642266082655056e-08,4.332028824549639e-08,1.0,1.0,,,,,,
q,exact,4,0.0,,,,,,500,2.7742166475164254e-07,2.534606005077933e-07,1.0,1.0,,,,,,
q,exact,5,0.0,,,,,,100,1.4096427492282793e-05,5.977061780182424e-06,1.0,1.0,,,,,,
q,exact,5,0.0,,,,,,500,1.4096427492282793e-05,1.6483028026925697e-06,1.0,1.0,,,,,,
q,exact,6,0.0,,,,,,100,4.64761786833634e-08,4.405826659059642e-08,1.0,1.0,,,,,,
q,exact,6,0.0,,,,,,500,2.597709372054169e-07,2.597709372054169e-07,1.0,1.0,,,,,,
q,exact,7,0.0,,,,,,100,2.138913469292014e-06,1.2507661981131513e-06,1.0,1.0,,,,,,
q,exact,7,0.0,,,,,,500,2.138913469292014e-06,3.2575240704879604e-07,1.0,1.0,,,,,,
q,exact,16,0.0,,,,,,100,2.5020789440333153e-08,2.4337187598533205e-08,1.0,1.0,,,,,,
q,exact,16,0.0,,,,,,500,2.276912147713972e-07,2.276912147713972e-07,1.0,1.0,,,,,,
q,exact,17,0.0,,,,,,100,2.953205169298201e-08,2.8584952960208912e-08,1.0,1.0,,,,,,
q,exact,17,0.0,,,,,,500,2.9474774221327493e-07,2.9474774221327493e-07,1.0,1.0,,,,,,
q,exact,18,0.0,,,,,,100,1.6576325786513135e-05,1.4917911233286452e-05,1.0,1.0,,,,,,
q,exact,18,0.0,,,,,,500,1.6576325786513135e-05,7.828847059743183e-06,1.0,1.0,,,,,,
q,exact,19,0.0,,,,,,100,2.5587251595848848e-06,1.1611252107579515e-06,1.0,1.0,,,,,,
q,exact,19,0.0,,,,,,500,2.5587251595848848e-06,1.884561144915864e-07,1.0,1.0,,,,,,
q,exact,8,0.0,,,,,,100,2.673443588729896e-08,2.673443588729896e-08,1.0,1.0,,,,,,
q,exact,8,0.0,,,,,,500,1.8455463890454385e-07,1.834504774755885e-07,1.0,1.0,,,,,,
q,exact,9,0.0,,,,,,100,2.183110338463412e-05,1.024031946983417e-05,1.0,1.0,,,,,,
q,exact,9,0.0,,,,,,500,2.183110338463412e-05,2.136320355727861e-06,1.0,1.0,,,,,,
q,exact,10,0.0,,,,,,100,2.500992850565376e-05,2.3697334459060748e-05,1.0,1.0,,,,,,
q,exact,10,0.0,,,,,,500,2.500992850565376e-05,5.624877030818709e-06,1.0,1.0,,,,,,
q,exact,11,0.0,,,,,,100,7.182443351308465e-06,6.4607041576625335e-06,1.0,1.0,,,,,,
q,exact,11,0.0,,,,,,500,7.182443351308465e-06,2.410628469728948e-06,1.0,1.0,,,,,,
q,beta_route,0,0.0,1.0,,,,,100,1.022598499904012,1.022598499904012,0.5986159169550173,0.4787234042553192,,,,,,
q,beta_route,0,0.0,1.0,,,,,500,3.172163537403869,3.172163537403869,0.5752182672934856,0.5060728744939271,,,,,,
q,beta_route,1,0.0,1.0,,,,,100,1.1334581533172463,1.1287980849208274,0.4496268656716418,0.5698924731182796,,,,,,
q,beta_route,1,0.0,1.0,,,,,500,3.650403295374736,3.650403295374736,0.4325613079019073,0.6085192697768763,,,,,,
q,beta_route,2,0.0,1.0,,,,,100,0.988755472865286,0.988755472865286,0.5026737967914439,0.5698924731182796,,,,,,
q,beta_route,2,0.0,1.0,,,,,500,3.6386834915316943,3.6386834915316943,0.4832826747720364,0.5152129817444219,,,,,,
q,beta_route,3,0.0,1.0,,,,,100,0.5834578977458461,0.5834578977458461,0.5,0.5851063829787234,,,,,,
q,beta_route,3,0.0,1.0,,,,,500,2.2369072062451334,2.2369072062451334,0.5114632501685772,0.5445344129554656,,,,,,
q,beta_route,8,0.0,1.0,,,,,100,0.6679512246002879,0.6679512246002879,0.5726950354609929,0.6847826086956522,,,,,,
q,beta_route,8,0.0,1.0,,,,,500,2.255940449904031,2.255940449904031,0.5003373819163293,0.6361788617886179,,,,,,
q,beta_route,9,0.0,1.0,,,,,100,0.6650427440794701,0.6650427440794701,0.5201401050788091,0.6086956521739131,,,,,,
q,beta_route,9,0.0,1.0,,,,,500,2.1183203665257624,2.1183203665257624,0.5153147088522383,0.5711382113821138,,,,,,
q,beta_route,10,0.0,1.0,,,,,100,1.568248033314562,1.568248033314562,0.4369449378330373,0.6421052631578947,,,,,,
q,beta_route,10,0.0,1.0,,,,,500,3.706832840289643,3.706832840289643,0.3850826864664192,0.6585858585858586,,,,,,
q,beta_route,11,0.0,1.0,,,,,100,0.7963838235063512,0.7946270818674789,0.5706521739130435,0.5052631578947369,,,,,,
q,beta_route,11,0.0,1.0,,,,,500,2.414699265650366,2.414699265650366,0.5345528455284553,0.4606060606060606,,,,,,
q,beta_route,12,0.0,1.0,,,,,100,0.8875315833744211,0.8875315833744211,0.5185185185185185,0.6236559139784946,,,,,,
q,beta_route,12,0.0,1.0,,,,,500,2.7056420326483708,2.7056420326483708,0.4479271991911021,0.5963488843813387,,,,,,
q,beta_route,13,0.0,1.0,,,,,100,1.314810607110115,1.314810607110115,0.5938037865748709,0.8210526315789474,,,,,,
q,beta_route,13,0.0,1.0,,,,,500,3.917292604051759,3.917292604051759,0.4391143911439114,0.8080808080808081,,,,,,
q,beta_route,14,0.0,1.0,,,,,100,0.939086325413868,0.939086325413868,0.6287215411558669,0.4838709677419355,,,,,,
q,beta_route,14,0.0,1.0,,,,,500,3.3433491148089085,3.3433491148089085,0.6038370918882531,0.4158215010141988,,,,,,
q,beta_route,15,0.0,1.0,,,,,100,1.017161780265626,1.017161780265626,0.5157894736842106,0.5052631578947369,,,,,,
q,beta_route,15,0.0,1.0,,,,,500,2.743141344929472,2.743141344929472,0.4343434343434343,0.5595959595959596,,,,,,
q,beta_route,12,0.0,2.0,,,,,100,0.7464424171531607,0.7464424171531607,0.6843033509700176,0.8064516129032258,,,,,,
q,beta_route,12,0.0,2.0,,,,,500,2.507510073307428,2.478208621470974,0.5308392315470172,0.7464503042596349,,,,,,
q,beta_route,13,0.0,2.0,,,,,100,1.1888528002214804,1.1888528002214804,0.6919104991394148,0.936842105263158,,,,,,
q,beta_route,13,0.0,2.0,,,,,500,3.499478604481235,3.4896087408207257,0.4958067762495807,0.9333333333333332,,,,,,
q,beta_route,14,0.0,2.0,,,,,100,0.7569365231700179,0.7569365231700179,0.723292469352014,0.6236559139784946,,,,,,
q,beta_route,14,0.0,2.0,,,,,500,2.9681710822161143,2.963730519022636,0.6469202288791652,0.356997971602434,,,,,,
q,beta_route,15,0.0,2.0,,,,,100,0.9120210434631062,0.9120210434631062,0.6456140350877193,0.7894736842105263,,,,,,
q,beta_route,15,0.0,2.0,,,,,500,2.3791031971438623,2.3791031971438623,0.501010101010101,0.7373737373737373,,,,,,
q,beta_route,8,0.0,2.0,,,,,100,0.6205964274078746,0.6205964274078746,0.7127659574468085,0.782608695652174,,,,,,
q,beta_route,8,0.0,2.0,,,,,500,1.7748873902175162,1.7748873902175162,0.548582995951417,0.7215447154471545,,,,,,
q,beta_route,9,0.0,2.0,,,,,100,0.5446461001986261,0.5446461001986261,0.6077057793345009,0.7717391304347826,,,,,,
q,beta_route,9,0.0,2.0,,,,,500,1.7468783583436485,1.7458630795024288,0.568832043083137,0.7154471544715447,,,,,,
q,beta_route,10,0.0,2.0,,,,,100,1.3977967724519458,1.3977967724519458,0.5381882770870338,0.8210526315789474,,,,,,
q,beta_route,10,0.0,2.0,,,,,500,3.3245477418744143,3.3245477418744143,0.4380695241309483,0.7898989898989899,,,,,,
q,beta_route,11,0.0,2.0,,,,,100,0.7030281005045108,0.7030281005045108,0.6884057971014492,0.7052631578947368,,,,,,
q,beta_route,11,0.0,2.0,,,,,500,2.2490979244679195,2.2490979244679195,0.5826558265582655,0.6404040404040404,,,,,,
q,beta_route,4,0.0,1.0,,,,,100,1.200202265560408,1.200202265560408,0.553415061295972,0.5161290322580645,,,,,,
q,beta_route,4,0.0,1.0,,,,,500,3.362785294877374,3.067148401943829,0.4294850218781555,0.4219066937119675,,,,,,
q,beta_route,5,0.0,1.0,,,,,100,1.013376986030482,1.013376986030482,0.4921465968586387,0.431578947368421,,,,,,
q,beta_route,5,0.0,1.0,,,,,500,3.262464079040718,3.262464079040718,0.5142953245879582,0.5131313131313131,,,,,,
q,beta_route,6,0.0,1.0,,,,,100,1.412626223933391,1.4059500156198523,0.3541666666666667,0.8191489361702128,,,,,,
q,beta_route,6,0.0,1.0,,,,,500,3.454965889944116,3.454965889944116,0.2993951612903225,0.8502024291497976,,,,,,
q,beta_route,7,0.0,1.0,,,,,100,1.1153795610269717,1.1153795610269717,0.4749568221070812,0.4946236559139785,,,,,,
q,beta_route,7,0.0,1.0,,,,,500,3.414053016983261,3.414053016983261,0.4343739509902652,0.6085192697768763,,,,,,
q,beta_route,0,0.0,5.0,,,,,100,0.5174253342980335,0.5174253342980335,0.980968858131488,0.9893617021276596,,,,,,
q,beta_route,0,0.0,5.0,,,,,500,1.586509669647122,1.5502887186278715,0.8710543989254533,0.9008097165991904,,,,,,
q,beta_route,1,0.0,5.0,,,,,100,0.5227961012616005,0.5227961012616005,0.9384328358208956,0.967741935483871,,,,,,
q,beta_route,1,0.0,5.0,,,,,500,1.8860978524971808,1.8860978524971808,0.976158038147139,0.9797160243407708,,,,,,
q,beta_route,2,0.0,5.0,,,,,100,0.5363772350374424,0.5363772350374424,0.9893048128342246,1.0,,,,,,
q,beta_route,2,0.0,5.0,,,,,500,1.4542860715225596,1.395798113213134,0.983451536643026,0.9797160243407708,,,,,,
q,beta_route,3,0.0,5.0,,,,,100,0.259053512850886,0.259053512850886,0.9346289752650176,0.9680851063829788,,,,,,
q,beta_route,3,0.0,5.0,,,,,500,1.299085033620217,1.299085033620217,0.9369521240728254,0.9493927125506072,,,,,,
q,beta_route,16,0.0,1.0,,,,,100,1.0340531698255249,1.0339041172231112,0.2987697715289982,0.8404255319148937,,,,,,
q,beta_route,16,0.0,1.0,,,,,500,2.981505185817752,2.981505185817752,0.2657460424385315,0.854251012145749,,,,,,
q,beta_route,17,0.0,1.0,,,,,100,0.9187159804325904,0.9187159804325904,0.4663120567375886,0.6702127659574468,,,,,,
q,beta_route,17,0.0,1.0,,,,,500,3.33044087842203,3.33044087842203,0.5387989203778677,0.6639676113360324,,,,,,
q,beta_route,18,0.0,1.0,,,,,100,1.1444807973542932,1.1444807973542932,0.5954465849387041,0.5053763440860215,,,,,,
q,beta_route,18,0.0,1.0,,,,,500,3.795805102007892,3.795805102007892,0.6065297879501851,0.5740365111561866,,,,,,
q,beta_route,19,0.0,1.0,,,,,100,1.1013721242417542,1.1013721242417542,0.3345008756567426,0.7872340425531915,,,,,,
q,beta_route,19,0.0,1.0,,,,,500,2.991747585536816,2.927782417139128,0.2665769101312689,0.8380566801619433,,,,,,
q,beta_route,0,0.0,2.0,,,,,100,0.9027875562969732,0.9027875562969732,0.6868512110726643,0.4787234042553192,,,,,,
q,beta_route,0,0.0,2.0,,,,,500,2.8901311515870587,2.8901311515870587,0.6104768300873069,0.3866396761133603,,,,,,
q,beta_route,1,0.0,2.0,,,,,100,0.9231603362633544,0.9205510198446164,0.5522388059701493,0.7311827956989247,,,,,,
q,beta_route,1,0.0,2.0,,,,,500,3.1524482534620004,3.120294529214476,0.5051089918256131,0.7018255578093306,,,,,,
q,beta_route,2,0.0,2.0,,,,,100,0.9280919231330256,0.9280919231330256,0.6916221033868093,0.6881720430107527,,,,,,
q,beta_route,2,0.0,2.0,,,,,500,3.287541625681634,3.287541625681634,0.563323201621074,0.5253549695740365,,,,,,
q,beta_route,3,0.0,2.0,,,,,100,0.4355878911969226,0.4066087008731933,0.5653710247349824,0.776595744680851,,,,,,
q,beta_route,3,0.0,2.0,,,,,500,1.8573037364177407,1.8573037364177407,0.5546190155091032,0.757085020242915,,,,,,
q,beta_route,16,0.0,2.0,,,,,100,0.9111792011489654,0.9109879126576405,0.4007029876977153,0.8617021276595744,,,,,,
q,beta_route,16,0.0,2.0,,,,,500,2.6630728645544908,2.6630728645544908,0.3374873694846749,0.9331983805668016,,,,,,
q,beta_route,17,0.0,2.0,,,,,100,0.8484521232433322,0.8484521232433322,0.5602836879432624,0.8191489361702128,,,,,,
q,beta_route,17,0.0,2.0,,,,,500,3.002995253919689,3.002995253919689,0.6008771929824561,0.8036437246963563,,,,,,
q,beta_route,18,0.0,2.0,,,,,100,1.0171192816553094,1.0171192816553094,0.6777583187390543,0.6236559139784946,,,,,,
q,beta_route,18,0.0,2.0,,,,,500,3.522090739952319,3.522090739952319,0.6529787950185123,0.6024340770791075,,,,,,
q,beta_route,19,0.0,2.0,,,,,100,1.0331261800075284,1.0331261800075284,0.4483362521891418,0.7446808510638298,,,,,,
q,beta_route,19,0.0,2.0,,,,,500,2.7712863539482355,2.681616795331001,0.3416358128576237,0.902834008097166,,,,,,
q,beta_route,4,0.0,2.0,,,,,100,1.055025094894539,1.055025094894539,0.6532399299474606,0.6129032258064516,,,,,,
q,beta_route,4,0.0,2.0,,,,,500,2.8190052272938484,2.813513479596952,0.4964658364187142,0.537525354969574,,,,,,
q,beta_route,5,0.0,2.0,,,,,100,0.8414824018370866,0.8414824018370866,0.581151832460733,0.7578947368421053,,,,,,
q,beta_route,5,0.0,2.0,,,,,500,2.9432895648939743,2.9205191505198504,0.5536495122771611,0.692929292929293,,,,,,
q,beta_route,6,0.0,2.0,,,,,100,1.2768732953510982,1.265422494141372,0.4809027777777778,0.8297872340425532,,,,,,
q,beta_route,6,0.0,2.0,,,,,500,3.091393948302572,3.091393948302572,0.3729838709677419,0.9412955465587044,,,,,,
q,beta_route,7,0.0,2.0,,,,,100,0.9147679644280282,0.9147679644280282,0.5751295336787565,0.6236559139784946,,,,,,
q,beta_route,7,0.0,2.0,,,,,500,3.046984638230946,3.046984638230946,0.4937898623699228,0.6896551724137931,,,,,,
q,beta_route,12,0.0,5.0,,,,,100,0.4461834293692286,0.4461834293692286,0.9947089947089948,0.989247311827957,,,,,,
q,beta_route,12,0.0,5.0,,,,,500,1.4040994666929605,1.3524600941748268,0.9831479609032692,0.9837728194726166,,,,,,
q,beta_route,13,0.0,5.0,,,,,100,0.8348531660083467,0.8348531660083467,0.9604130808950088,0.9894736842105264,,,,,,
q,beta_route,13,0.0,5.0,,,,,500,2.182401129525996,2.179561062315034,0.9849043944984904,0.993939393939394,,,,,,
q,beta_route,14,0.0,5.0,,,,,100,0.3866897244357369,0.3866897244357369,0.9719789842381786,0.956989247311828,,,,,,
q,beta_route,14,0.0,5.0,,,,,500,1.8205279744468832,1.6309436034399534,0.9303264893975092,0.95131845841785,,,,,,
q,beta_route,15,0.0,5.0,,,,,100,0.5077981094420793,0.5077981094420793,0.9649122807017544,0.9578947368421052,,,,,,
q,beta_route,15,0.0,5.0,,,,,500,1.1065596856395743,0.9699642632401688,0.9138047138047138,0.9131313131313132,,,,,,
q,beta_route,4,0.0,5.0,,,,,100,0.6180283800512876,0.6180283800512876,0.9982486865148862,1.0,,,,,,
q,beta_route,4,0.0,5.0,,,,,500,1.5053587401284276,1.448992401036129,0.9508582968697408,0.9594320486815416,,,,,,
q,beta_route,5,0.0,5.0,,,,,100,0.415861359997086,0.415861359997086,0.9546247818499128,0.9894736842105264,,,,,,
q,beta_route,5,0.0,5.0,,,,,500,1.3200096136738635,1.3200096136738635,0.8863101244534141,0.8747474747474747,,,,,,
q,beta_route,6,0.0,5.0,,,,,100,0.8440113400588087,0.8167528302266784,0.9270833333333334,0.9787234042553192,,,,,,
q,beta_route,6,0.0,5.0,,,,,500,2.106461431502138,2.106461431502138,0.9657258064516128,0.9878542510121456,,,,,,
q,beta_route,7,0.0,5.0,,,,,100,0.4623845935139384,0.4623845935139384,0.9740932642487048,0.989247311827957,,,,,,
q,beta_route,7,0.0,5.0,,,,,500,1.6068093596987207,1.5796387322258951,0.9838872104733132,0.9594320486815416,,,,,,
q,beta_route,8,0.0,5.0,,,,,100,0.4171214753722863,0.4171214753722863,0.973404255319149,0.9565217391304348,,,,,,
q,beta_route,8,0.0,5.0,,,,,500,1.5049036656142405,1.3423468810738344,0.8252361673414305,0.8353658536585366,,,,,,
q,beta_route,9,0.0,5.0,,,,,100,0.3227308250786129,0.3227308250786129,0.9632224168126094,0.967391304347826,,,,,,
q,beta_route,9,0.0,5.0,,,,,500,1.1661079050183945,1.1661079050183945,0.90138000673174,0.9065040650406504,,,,,,
q,beta_route,10,0.0,5.0,,,,,100,0.8128913562936777,0.8128913562936777,0.9413854351687388,0.968421052631579,,,,,,
q,beta_route,10,0.0,5.0,,,,,500,2.184165977260803,2.184165977260803,0.9649004387445156,0.9636363636363636,,,,,,
q,beta_route,11,0.0,5.0,,,,,100,0.4061957674371531,0.4061957674371531,0.9746376811594204,0.9789473684210528,,,,,,
q,beta_route,11,0.0,5.0,,,,,500,0.9379005277720044,0.8483871616756751,0.8814363143631436,0.8101010101010101,,,,,,
q,beta_route,0,0.0,10.0,,,,,100,0.0078654006717462,0.0078654006717462,1.0,1.0,,,,,,
q,beta_route,0,0.0,10.0,,,,,500,0.0703483264140669,0.0703483264140669,1.0,1.0,,,,,,
q,beta_route,1,0.0,10.0,,,,,100,0.0085431026991491,0.0085431026991491,1.0,1.0,,,,,,
q,beta_route,1,0.0,10.0,,,,,500,0.1029669651519222,0.1029669651519222,1.0,1.0,,,,,,
q,beta_route,2,0.0,10.0,,,,,100,0.0083911103296729,0.0083911103296729,1.0,1.0,,,,,,
q,beta_route,2,0.0,10.0,,,,,500,0.0801464699846628,0.0801464699846628,1.0,1.0,,,,,,
q,beta_route,3,0.0,10.0,,,,,100,0.0042355795345393,0.0040696979433734,1.0,1.0,,,,,,
q,beta_route,3,0.0,10.0,,,,,500,0.043771805598443,0.0437608622715881,1.0,1.0,,,,,,
q,beta_route,16,0.0,5.0,,,,,100,0.615909974115874,0.615909974115874,0.9947275922671354,0.9893617021276596,,,,,,
q,beta_route,16,0.0,5.0,,,,,500,2.113212817651439,2.1018313232970574,0.972044459413944,0.9696356275303644,,,,,,
q,beta_route,17,0.0,5.0,,,,,100,0.601857642417728,0.601857642417728,0.9290780141843972,0.9574468085106383,,,,,,
q,beta_route,17,0.0,5.0,,,,,500,1.6423851111802594,1.58916538304314,0.958502024291498,0.9493927125506072,,,,,,
q,beta_route,18,0.0,5.0,,,,,100,0.5912916705301517,0.5912916705301517,0.9632224168126094,0.978494623655914,,,,,,
q,beta_route,18,0.0,5.0,,,,,500,1.996200829073196,1.976978815485005,0.9272972063278356,0.9107505070993914,,,,,,
q,beta_route,19,0.0,5.0,,,,,100,0.669232075491571,0.669232075491571,0.8914185639229422,0.925531914893617,,,,,,
q,beta_route,19,0.0,5.0,,,,,500,1.7300275431598484,1.6966083420364253,0.9131605520026927,0.9352226720647774,,,,,,
q,beta_route,8,0.0,10.0,,,,,100,0.0071001337325786,0.0071001337325786,1.0,1.0,,,,,,
q,beta_route,8,0.0,10.0,,,,,500,0.0623296688070112,0.0537946422738198,1.0,1.0,,,,,,
q,beta_route,9,0.0,10.0,,,,,100,0.0049165108486828,0.0049165108486828,1.0,1.0,,,,,,
q,beta_route,9,0.0,10.0,,,,,500,0.0466274106681112,0.0466274106681112,1.0,1.0,,,,,,
q,beta_route,10,0.0,10.0,,,,,100,0.012384722760838,0.012384722760838,1.0,1.0,,,,,,
q,beta_route,10,0.0,10.0,,,,,500,0.1177751559639292,0.1177751559639292,1.0,1.0,,,,,,
q,beta_route,11,0.0,10.0,,,,,100,0.006153705966031,0.006153705966031,1.0,1.0,,,,,,
q,beta_route,11,0.0,10.0,,,,,500,0.0626649298860151,0.0614313011208196,1.0,1.0,,,,,,
q,beta_route,16,0.0,10.0,,,,,100,0.0102200045357681,0.0102200045357681,1.0,1.0,,,,,,
q,beta_route,16,0.0,10.0,,,,,500,0.1250334393828516,0.1250334393828516,1.0,1.0,,,,,,
q,beta_route,17,0.0,10.0,,,,,100,0.0095632825098059,0.0095632825098059,1.0,1.0,,,,,,
q,beta_route,17,0.0,10.0,,,,,500,0.0983961016682428,0.0978359725369206,1.0,1.0,,,,,,
q,beta_route,18,0.0,10.0,,,,,100,0.0084988319412524,0.0084988319412524,1.0,1.0,,,,,,
q,beta_route,18,0.0,10.0,,,,,500,0.0722542468116937,0.0722542468116937,1.0,1.0,,,,,,
q,beta_route,19,0.0,10.0,,,,,100,0.0105843053245771,0.0105843053245771,1.0,1.0,,,,,,
q,beta_route,19,0.0,10.0,,,,,500,0.1026200742356131,0.1026200742356131,1.0,1.0,,,,,,
q,beta_route,4,0.0,10.0,,,,,100,0.0088521667948935,0.0088521667948935,1.0,1.0,,,,,,
q,beta_route,4,0.0,10.0,,,,,500,0.0773743505513366,0.0759141694927172,1.0,1.0,,,,,,
q,beta_route,5,0.0,10.0,,,,,100,0.0063838579455313,0.0063838579455313,1.0,1.0,,,,,,
q,beta_route,5,0.0,10.0,,,,,500,0.0712759603447552,0.0706507239871339,1.0,1.0,,,,,,
q,beta_route,6,0.0,10.0,,,,,100,0.0134763241284419,0.013443267114634,1.0,1.0,,,,,,
q,beta_route,6,0.0,10.0,,,,,500,0.121649033828505,0.1208653197692468,1.0,1.0,,,,,,
q,beta_route,7,0.0,10.0,,,,,100,0.0071246796738972,0.0071246796738972,1.0,1.0,,,,,,
q,beta_route,7,0.0,10.0,,,,,500,0.0957087708553712,0.0929353714308223,1.0,1.0,,,,,,
q,beta_route,12,0.0,10.0,,,,,100,0.0070713844111958,0.0070713844111958,1.0,1.0,,,,,,
q,beta_route,12,0.0,10.0,,,,,500,0.0738752697434734,0.0737860008026638,1.0,1.0,,,,,,
q,beta_route,13,0.0,10.0,,,,,100,0.014577195689156,0.014577195689156,1.0,1.0,,,,,,
q,beta_route,13,0.0,10.0,,,,,500,0.1395477797809832,0.1395477797809832,1.0,1.0,,,,,,
q,beta_route,14,0.0,10.0,,,,,100,0.0050040999581867,0.0050040999581867,1.0,1.0,,,,,,
q,beta_route,14,0.0,10.0,,,,,500,0.0600093324477328,0.0600093324477328,1.0,1.0,,,,,,
q,beta_route,15,0.0,10.0,,,,,100,0.0078067733739022,0.0078067733739022,1.0,1.0,,,,,,
q,beta_route,15,0.0,10.0,,,,,500,0.0570154974488268,0.0559127725613457,1.0,1.0,,,,,,
q,beta_route,0,0.0,20.0,,,,,100,3.3727435311270426e-07,3.3727435311270426e-07,1.0,1.0,,,,,,
q,beta_route,0,0.0,20.0,,,,,500,3.0747781498696725e-06,3.0747781498696725e-06,1.0,1.0,,,,,,
q,beta_route,1,0.0,20.0,,,,,100,3.6235099565296025e-07,3.6235099565296025e-07,1.0,1.0,,,,,,
q,beta_route,1,0.0,20.0,,,,,500,4.577769022517941e-06,4.577769022517941e-06,1.0,1.0,,,,,,
q,beta_route,2,0.0,20.0,,,,,100,3.551127061296455e-07,3.551127061296455e-07,1.0,1.0,,,,,,
q,beta_route,2,0.0,20.0,,,,,500,3.5136753169240365e-06,3.5136753169240365e-06,1.0,1.0,,,,,,
q,beta_route,3,0.0,20.0,,,,,100,5.02956390813214e-07,4.623786268864727e-07,1.0,1.0,,,,,,
q,beta_route,3,0.0,20.0,,,,,500,1.928700117059812e-06,1.928700117059812e-06,1.0,1.0,,,,,,
q,beta_route,4,0.0,20.0,,,,,100,3.6105444389811225e-07,3.6105444389811225e-07,1.0,1.0,,,,,,
q,beta_route,4,0.0,20.0,,,,,500,3.395824422991467e-06,3.32069328301543e-06,1.0,1.0,,,,,,
q,beta_route,5,0.0,20.0,,,,,100,1.4171022603426398e-05,6.264622629537087e-06,1.0,1.0,,,,,,
q,beta_route,5,0.0,20.0,,,,,500,1.4171022603426398e-05,4.5378678192875554e-06,1.0,1.0,,,,,,
q,beta_route,6,0.0,20.0,,,,,100,5.850607966984001e-07,5.850607966984001e-07,1.0,1.0,,,,,,
q,beta_route,6,0.0,20.0,,,,,500,5.518118264546956e-06,5.476982315677503e-06,1.0,1.0,,,,,,
q,beta_route,7,0.0,20.0,,,,,100,2.139382634019915e-06,1.2865401994299752e-06,1.0,1.0,,,,,,
q,beta_route,7,0.0,20.0,,,,,500,4.265772718614613e-06,4.115320845876624e-06,1.0,1.0,,,,,,
q,beta_route,8,0.0,20.0,,,,,100,3.0646608228934724e-07,3.0646608228934724e-07,1.0,1.0,,,,,,
q,beta_route,8,0.0,20.0,,,,,500,2.9927557683162576e-06,2.608476400656201e-06,1.0,1.0,,,,,,
q,beta_route,9,0.0,20.0,,,,,100,2.186210881841011e-05,1.04644736523829e-05,1.0,1.0,,,,,,
q,beta_route,9,0.0,20.0,,,,,500,2.186210881841011e-05,4.034296749111377e-06,1.0,1.0,,,,,,
q,beta_route,10,0.0,20.0,,,,,100,2.523137719856461e-05,2.3953631270723363e-05,1.0,1.0,,,,,,
q,beta_route,10,0.0,20.0,,,,,500,2.523137719856461e-05,1.0317897203293567e-05,1.0,1.0,,,,,,
q,beta_route,11,0.0,20.0,,,,,100,7.170929197872211e-06,6.457971779227911e-06,1.0,1.0,,,,,,
q,beta_route,11,0.0,20.0,,,,,500,7.170929197872211e-06,2.9481355445781787e-06,1.0,1.0,,,,,,
q,beta_route,12,0.0,20.0,,,,,100,3.022631549498556e-07,3.022631549498556e-07,1.0,1.0,,,,,,
q,beta_route,12,0.0,20.0,,,,,500,3.266282867286918e-06,3.255759112530398e-06,1.0,1.0,,,,,,
q,beta_route,13,0.0,20.0,,,,,100,6.211969247882365e-07,6.211969247882365e-07,1.0,1.0,,,,,,
q,beta_route,13,0.0,20.0,,,,,500,2.4462945994008223e-05,8.819560235462376e-06,1.0,1.0,,,,,,
q,beta_route,14,0.0,20.0,,,,,100,2.073273327463099e-07,2.073273327463099e-07,1.0,1.0,,,,,,
q,beta_route,14,0.0,20.0,,,,,500,2.553232034241404e-06,2.553232034241404e-06,1.0,1.0,,,,,,
q,beta_route,15,0.0,20.0,,,,,100,3.3438874291746856e-07,3.3438874291746856e-07,1.0,1.0,,,,,,
q,beta_route,15,0.0,20.0,,,,,500,2.4986376883084915e-06,2.4412794452644e-06,1.0,1.0,,,,,,
q,beta_route,4,0.0,50.0,,,,,100,4.642266082655056e-08,4.332028824549639e-08,1.0,1.0,,,,,,
q,beta_route,4,0.0,50.0,,,,,500,2.7742166475164254e-07,2.534606005077933e-07,1.0,1.0,,,,,,
q,beta_route,5,0.0,50.0,,,,,100,1.4096427492282793e-05,5.977061780182424e-06,1.0,1.0,,,,,,
q,beta_route,5,0.0,50.0,,,,,500,1.4096427492282793e-05,1.6483028026925697e-06,1.0,1.0,,,,,,
q,beta_route,6,0.0,50.0,,,,,100,4.64761786833634e-08,4.405826659059642e-08,1.0,1.0,,,,,,
q,beta_route,6,0.0,50.0,,,,,500,2.597709372054169e-07,2.597709372054169e-07,1.0,1.0,,,,,,
q,beta_route,7,0.0,50.0,,,,,100,2.138913469292014e-06,1.2507661981131513e-06,1.0,1.0,,,,,,
q,beta_route,7,0.0,50.0,,,,,500,2.138913469292014e-06,3.2575240704879604e-07,1.0,1.0,,,,,,
q,beta_route,0,0.0,50.0,,,,,100,3.028879302924281e-08,3.028879302924281e-08,1.0,1.0,,,,,,
q,beta_route,0,0.0,50.0,,,,,500,2.2809529198752898e-07,2.2809529198752898e-07,1.0,1.0,,,,,,
q,beta_route,1,0.0,50.0,,,,,100,3.0527475880504085e-08,2.9526304734517346e-08,1.0,1.0,,,,,,
q,beta_route,1,0.0,50.0,,,,,500,3.0726483357668144e-07,3.0726483357668144e-07,1.0,1.0,,,,,,
q,beta_route,2,0.0,50.0,,,,,100,2.982463576106653e-08,2.982463576106653e-08,1.0,1.0,,,,,,
q,beta_route,2,0.0,50.0,,,,,500,2.796233458113307e-07,2.796233458113307e-07,1.0,1.0,,,,,,
q,beta_route,3,0.0,50.0,,,,,100,4.947605212191064e-07,4.429138493189378e-07,1.0,1.0,,,,,,
q,beta_route,3,0.0,50.0,,,,,500,4.947605212191064e-07,1.6835340410636945e-07,1.0,1.0,,,,,,
q,beta_route,16,0.0,20.0,,,,,100,4.431375666413828e-07,4.431375666413828e-07,1.0,1.0,,,,,,
q,beta_route,16,0.0,20.0,,,,,500,5.721958008297889e-06,5.720804563402737e-06,1.0,1.0,,,,,,
q,beta_route,17,0.0,20.0,,,,,100,4.139191409624489e-07,4.139191409624489e-07,1.0,1.0,,,,,,
q,beta_route,17,0.0,20.0,,,,,500,4.389546273131373e-06,4.354557458174924e-06,1.0,1.0,,,,,,
q,beta_route,18,0.0,20.0,,,,,100,1.6559548941544322e-05,1.4864637503192446e-05,1.0,1.0,,,,,,
q,beta_route,18,0.0,20.0,,,,,500,1.6559548941544322e-05,7.681123499247988e-06,1.0,1.0,,,,,,
q,beta_route,19,0.0,20.0,,,,,100,2.6052877240556604e-06,1.4645440420402167e-06,1.0,1.0,,,,,,
q,beta_route,19,0.0,20.0,,,,,500,4.921300781113303e-06,4.921300781113303e-06,1.0,1.0,,,,,,
q,beta_route,4,0.0,100.0,,,,,100,4.642266082655056e-08,4.332028824549639e-08,1.0,1.0,,,,,,
q,beta_route,4,0.0,100.0,,,,,500,2.7742166475164254e-07,2.534606005077933e-07,1.0,1.0,,,,,,
q,beta_route,5,0.0,100.0,,,,,100,1.4096427492282793e-05,5.977061780182424e-06,1.0,1.0,,,,,,
q,beta_route,5,0.0,100.0,,,,,500,1.4096427492282793e-05,1.6483028026925697e-06,1.0,1.0,,,,,,
q,beta_route,6,0.0,100.0,,,,,100,4.64761786833634e-08,4.405826659059642e-08,1.0,1.0,,,,,,
q,beta_route,6,0.0,100.0,,,,,500,2.597709372054169e-07,2.597709372054169e-07,1.0,1.0,,,,,,
q,beta_route,7,0.0,100.0,,,,,100,2.138913469292014e-06,1.2507661981131513e-06,1.0,1.0,,,,,,
q,beta_route,7,0.0,100.0,,,,,500,2.138913469292014e-06,3.2575240704879604e-07,1.0,1.0,,,,,,
q,beta_route,16,0.0,50.0,,,,,100,2.5020789440333153e-08,2.4337187598533205e-08,1.0,1.0,,,,,,
q,beta_route,16,0.0,50.0,,,,,500,2.276912147713972e-07,2.276912147713972e-07,1.0,1.0,,,,,,
q,beta_route,17,0.0,50.0,,,,,100,2.953205169298201e-08,2.8584952960208912e-08,1.0,1.0,,,,,,
q,beta_route,17,0.0,50.0,,,,,500,2.9474774221327493e-07,2.9474774221327493e-07,1.0,1.0,,,,,,
q,beta_route,18,0.0,50.0,,,,,100,1.6576325786513135e-05,1.4917911233286452e-05,1.0,1.0,,,,,,
q,beta_route,18,0.0,50.0,,,,,500,1.6576325786513135e-05,7.828847059743183e-06,1.0,1.0,,,,,,
q,beta_route,19,0.0,50.0,,,,,100,2.5587251595848848e-06,1.1611252107579515e-06,1.0,1.0,,,,,,
q,beta_route,19,0.0,50.0,,,,,500,2.5587251595848848e-06,1.884561144915864e-07,1.0,1.0,,,,,,
q,beta_route,0,0.0,100.0,,,,,100,3.028879302924281e-08,3.028879302924281e-08,1.0,1.0,,,,,,
q,beta_route,0,0.0,100.0,,,,,500,2.2809529198752898e-07,2.2809529198752898e-07,1.0,1.0,,,,,,
q,beta_route,1,0.0,100.0,,,,,100,3.0527475880504085e-08,2.9526304734517346e-08,1.0,1.0,,,,,,
q,beta_route,1,0.0,100.0,,,,,500,3.0726483357668144e-07,3.0726483357668144e-07,1.0,1.0,,,,,,
q,beta_route,2,0.0,100.0,,,,,100,2.982463576106653e-08,2.982463576106653e-08,1.0,1.0,,,,,,
q,beta_route,2,0.0,100.0,,,,,500,2.796233458113307e-07,2.796233458113307e-07,1.0,1.0,,,,,,
q,beta_route,3,0.0,100.0,,,,,100,4.947605212191064e-07,4.429138493189378e-07,1.0,1.0,,,,,,
q,beta_route,3,0.0,100.0,,,,,500,4.947605212191064e-07,1.6835340410636945e-07,1.0,1.0,,,,,,
q,beta_route,8,0.0,50.0,,,,,100,2.673443588729896e-08,2.673443588729896e-08,1.0,1.0,,,,,,
q,beta_route,8,0.0,50.0,,,,,500,1.8455463890454385e-07,1.834504774755885e-07,1.0,1.0,,,,,,
q,beta_route,9,0.0,50.0,,,,,100,2.183110338463412e-05,1.024031946983417e-05,1.0,1.0,,,,,,
q,beta_route,9,0.0,50.0,,,,,500,2.183110338463412e-05,2.136320355727861e-06,1.0,1.0,,,,,,
q,beta_route,10,0.0,50.0,,,,,100,2.500992850565376e-05,2.3697334459060748e-05,1.0,1.0,,,,,,
q,beta_route,10,0.0,50.0,,,,,500,2.500992850565376e-05,5.624877030818709e-06,1.0,1.0,,,,,,
q,beta_route,11,0.0,50.0,,,,,100,7.182443351308465e-06,6.4607041576625335e-06,1.0,1.0,,,,,,
q,beta_route,11,0.0,50.0,,,,,500,7.182443351308465e-06,2.410628469728948e-06,1.0,1.0,,,,,,
q,beta_route,12,0.0,50.0,,,,,100,3.279982063730813e-08,3.279982063730813e-08,1.0,1.0,,,,,,
q,beta_route,12,0.0,50.0,,,,,500,2.337195317281271e-07,2.323051733199577e-07,1.0,1.0,,,,,,
q,beta_route,13,0.0,50.0,,,,,100,4.58466848929362e-08,4.58466848929362e-08,1.0,1.0,,,,,,
q,beta_route,13,0.0,50.0,,,,,500,2.44146739711848e-05,7.547016205089463e-06,1.0,1.0,,,,,,
q,beta_route,14,0.0,50.0,,,,,100,1.580745818546836e-07,1.183234092927421e-07,1.0,1.0,,,,,,
q,beta_route,14,0.0,50.0,,,,,500,2.505869689528595e-07,2.505869689528595e-07,1.0,1.0,,,,,,
q,beta_route,15,0.0,50.0,,,,,100,2.5669270931061305e-08,2.5669270931061305e-08,1.0,1.0,,,,,,
q,beta_route,15,0.0,50.0,,,,,500,1.937316445044246e-07,1.937316445044246e-07,1.0,1.0,,,,,,
q,beta_route,4,0.0,1000.0,,,,,100,4.642266082655056e-08,4.332028824549639e-08,1.0,1.0,,,,,,
q,beta_route,4,0.0,1000.0,,,,,500,2.7742166475164254e-07,2.534606005077933e-07,1.0,1.0,,,,,,
q,beta_route,5,0.0,1000.0,,,,,100,1.4096427492282793e-05,5.977061780182424e-06,1.0,1.0,,,,,,
q,beta_route,5,0.0,1000.0,,,,,500,1.4096427492282793e-05,1.6483028026925697e-06,1.0,1.0,,,,,,
q,beta_route,6,0.0,1000.0,,,,,100,4.64761786833634e-08,4.405826659059642e-08,1.0,1.0,,,,,,
q,beta_route,6,0.0,1000.0,,,,,500,2.597709372054169e-07,2.597709372054169e-07,1.0,1.0,,,,,,
q,beta_route,7,0.0,1000.0,,,,,100,2.138913469292014e-06,1.2507661981131513e-06,1.0,1.0,,,,,,
q,beta_route,7,0.0,1000.0,,,,,500,2.138913469292014e-06,3.2575240704879604e-07,1.0,1.0,,,,,,
q,beta_route,0,0.0,1000.0,,,,,100,3.028879302924281e-08,3.028879302924281e-08,1.0,1.0,,,,,,
q,beta_route,0,0.0,1000.0,,,,,500,2.2809529198752898e-07,2.2809529198752898e-07,1.0,1.0,,,,,,
q,beta_route,1,0.0,1000.0,,,,,100,3.0527475880504085e-08,2.9526304734517346e-08,1.0,1.0,,,,,,
q,beta_route,1,0.0,1000.0,,,,,500,3.0726483357668144e-07,3.0726483357668144e-07,1.0,1.0,,,,,,
q,beta_route,2,0.0,1000.0,,,,,100,2.982463576106653e-08,2.982463576106653e-08,1.0,1.0,,,,,,
q,beta_route,2,0.0,1000.0,,,,,500,2.796233458113307e-07,2.796233458113307e-07,1.0,1.0,,,,,,
q,beta_route,3,0.0,1000.0,,,,,100,4.947605212191064e-07,4.429138493189378e-07,1.0,1.0,,,,,,
q,beta_route,3,0.0,1000.0,,,,,500,4.947605212191064e-07,1.6835340410636945e-07,1.0,1.0,,,,,,
q,beta_route,8,0.0,100.0,,,,,100,2.673443588729896e-08,2.673443588729896e-08,1.0,1.0,,,,,,
q,beta_route,8,0.0,100.0,,,,,500,1.8455463890454385e-07,1.834504774755885e-07,1.0,1.0,,,,,,
q,beta_route,9,0.0,100.0,,,,,100,2.183110338463412e-05,1.024031946983417e-05,1.0,1.0,,,,,,
q,beta_route,9,0.0,100.0,,,,,500,2.183110338463412e-05,2.136320355727861e-06,1.0,1.0,,,,,,
q,beta_route,10,0.0,100.0,,,,,100,2.500992850565376e-05,2.3697334459060748e-05,1.0,1.0,,,,,,
q,beta_route,10,0.0,100.0,,,,,500,2.500992850565376e-05,5.624877030818709e-06,1.0,1.0,,,,,,
q,beta_route,11,0.0,100.0,,,,,100,7.182443351308465e-06,6.4607041576625335e-06,1.0,1.0,,,,,,
q,beta_route,11,0.0,100.0,,,,,500,7.182443351308465e-06,2.410628469728948e-06,1.0,1.0,,,,,,
q,beta_route,12,0.0,100.0,,,,,100,3.279982063730813e-08,3.279982063730813e-08,1.0,1.0,,,,,,
q,beta_route,12,0.0,100.0,,,,,500,2.337195317281271e-07,2.323051733199577e-07,1.0,1.0,,,,,,
q,beta_route,13,0.0,100.0,,,,,100,4.58466848929362e-08,4.58466848929362e-08,1.0,1.0,,,,,,
q,beta_route,13,0.0,100.0,,,,,500,2.44146739711848e-05,7.547016205089463e-06,1.0,1.0,,,,,,
q,beta_route,14,0.0,100.0,,,,,100,1.580745818546836e-07,1.183234092927421e-07,1.0,1.0,,,,,,
q,beta_route,14,0.0,100.0,,,,,500,2.505869689528595e-07,2.505869689528595e-07,1.0,1.0,,,,,,
q,beta_route,15,0.0,100.0,,,,,100,2.5669270931061305e-08,2.5669270931061305e-08,1.0,1.0,,,,,,
q,beta_route,15,0.0,100.0,,,,,500,1.937316445044246e-07,1.937316445044246e-07,1.0,1.0,,,,,,
q,beta_route,16,0.0,100.0,,,,,100,2.5020789440333153e-08,2.4337187598533205e-08,1.0,1.0,,,,,,
q,beta_route,16,0.0,100.0,,,,,500,2.276912147713972e-07,2.276912147713972e-07,1.0,1.0,,,,,,
q,beta_route,17,0.0,100.0,,,,,100,2.953205169298201e-08,2.8584952960208912e-08,1.0,1.0,,,,,,
q,beta_route,17,0.0,100.0,,,,,500,2.9474774221327493e-07,2.9474774221327493e-07,1.0,1.0,,,,,,
q,beta_route,18,0.0,100.0,,,,,100,1.6576325786513135e-05,1.4917911233286452e-05,1.0,1.0,,,,,,
q,beta_route,18,0.0,100.0,,,,,500,1.6576325786513135e-05,7.828847059743183e-06,1.0,1.0,,,,,,
q,beta_route,19,0.0,100.0,,,,,100,2.5587251595848848e-06,1.1611252107579515e-06,1.0,1.0,,,,,,
q,beta_route,19,0.0,100.0,,,,,500,2.5587251595848848e-06,1.884561144915864e-07,1.0,1.0,,,,,,
q,beta_route,8,0.0,10000.0,,,,,100,2.673443588729896e-08,2.673443588729896e-08,1.0,1.0,,,,,,
q,beta_route,8,0.0,10000.0,,,,,500,1.8455463890454385e-07,1.834504774755885e-07,1.0,1.0,,,,,,
q,beta_route,9,0.0,10000.0,,,,,100,2.183110338463412e-05,1.024031946983417e-05,1.0,1.0,,,,,,
q,beta_route,9,0.0,10000.0,,,,,500,2.183110338463412e-05,2.136320355727861e-06,1.0,1.0,,,,,,
q,beta_route,10,0.0,10000.0,,,,,100,2.500992850565376e-05,2.3697334459060748e-05,1.0,1.0,,,,,,
q,beta_route,10,0.0,10000.0,,,,,500,2.500992850565376e-05,5.624877030818709e-06,1.0,1.0,,,,,,
q,beta_route,11,0.0,10000.0,,,,,100,7.182443351308465e-06,6.4607041576625335e-06,1.0,1.0,,,,,,
q,beta_route,11,0.0,10000.0,,,,,500,7.182443351308465e-06,2.410628469728948e-06,1.0,1.0,,,,,,
q,beta_route,16,0.0,1000.0,,,,,100,2.5020789440333153e-08,2.4337187598533205e-08,1.0,1.0,,,,,,
q,beta_route,16,0.0,1000.0,,,,,500,2.276912147713972e-07,2.276912147713972e-07,1.0,1.0,,,,,,
q,beta_route,17,0.0,1000.0,,,,,100,2.953205169298201e-08,2.8584952960208912e-08,1.0,1.0,,,,,,
q,beta_route,17,0.0,1000.0,,,,,500,2.9474774221327493e-07,2.9474774221327493e-07,1.0,1.0,,,,,,
q,beta_route,18,0.0,1000.0,,,,,100,1.6576325786513135e-05,1.4917911233286452e-05,1.0,1.0,,,,,,
q,beta_route,18,0.0,1000.0,,,,,500,1.6576325786513135e-05,7.828847059743183e-06,1.0,1.0,,,,,,
q,beta_route,19,0.0,1000.0,,,,,100,2.5587251595848848e-06,1.1611252107579515e-06,1.0,1.0,,,,,,
q,beta_route,19,0.0,1000.0,,,,,500,2.5587251595848848e-06,1.884561144915864e-07,1.0,1.0,,,,,,
q,beta_route,8,0.0,1000.0,,,,,100,2.673443588729896e-08,2.673443588729896e-08,1.0,1.0,,,,,,
q,beta_route,8,0.0,1000.0,,,,,500,1.8455463890454385e-07,1.834504774755885e-07,1.0,1.0,,,,,,
q,beta_route,9,0.0,1000.0,,,,,100,2.183110338463412e-05,1.024031946983417e-05,1.0,1.0,,,,,,
q,beta_route,9,0.0,1000.0,,,,,500,2.183110338463412e-05,2.136320355727861e-06,1.0,1.0,,,,,,
q,beta_route,10,0.0,1000.0,,,,,100,2.500992850565376e-05,2.3697334459060748e-05,1.0,1.0,,,,,,
q,beta_route,10,0.0,1000.0,,,,,500,2.500992850565376e-05,5.624877030818709e-06,1.0,1.0,,,,,,
q,beta_route,11,0.0,1000.0,,,,,100,7.182443351308465e-06,6.4607041576625335e-06,1.0,1.0,,,,,,
q,beta_route,11,0.0,1000.0,,,,,500,7.182443351308465e-06,2.410628469728948e-06,1.0,1.0,,,,,,
q,beta_route,12,0.0,1000.0,,,,,100,3.279982063730813e-08,3.279982063730813e-08,1.0,1.0,,,,,,
q,beta_route,12,0.0,1000.0,,,,,500,2.337195317281271e-07,2.323051733199577e-07,1.0,1.0,,,,,,
q,beta_route,13,0.0,1000.0,,,,,100,4.58466848929362e-08,4.58466848929362e-08,1.0,1.0,,,,,,
q,beta_route,13,0.0,1000.0,,,,,500,2.44146739711848e-05,7.547016205089463e-06,1.0,1.0,,,,,,
q,beta_route,14,0.0,1000.0,,,,,100,1.580745818546836e-07,1.183234092927421e-07,1.0,1.0,,,,,,
q,beta_route,14,0.0,1000.0,,,,,500,2.505869689528595e-07,2.505869689528595e-07,1.0,1.0,,,,,,
q,beta_route,15,0.0,1000.0,,,,,100,2.5669270931061305e-08,2.5669270931061305e-08,1.0,1.0,,,,,,
q,beta_route,15,0.0,1000.0,,,,,500,1.937316445044246e-07,1.937316445044246e-07,1.0,1.0,,,,,,
q,beta_route,4,0.0,10000.0,,,,,100,4.642266082655056e-08,4.332028824549639e-08,1.0,1.0,,,,,,
q,beta_route,4,0.0,10000.0,,,,,500,2.7742166475164254e-07,2.534606005077933e-07,1.0,1.0,,,,,,
q,beta_route,5,0.0,10000.0,,,,,100,1.4096427492282793e-05,5.977061780182424e-06,1.0,1.0,,,,,,
q,beta_route,5,0.0,10000.0,,,,,500,1.4096427492282793e-05,1.6483028026925697e-06,1.0,1.0,,,,,,
q,beta_route,6,0.0,10000.0,,,,,100,4.64761786833634e-08,4.405826659059642e-08,1.0,1.0,,,,,,
q,beta_route,6,0.0,10000.0,,,,,500,2.597709372054169e-07,2.597709372054169e-07,1.0,1.0,,,,,,
q,beta_route,7,0.0,10000.0,,,,,100,2.138913469292014e-06,1.2507661981131513e-06,1.0,1.0,,,,,,
q,beta_route,7,0.0,10000.0,,,,,500,2.138913469292014e-06,3.2575240704879604e-07,1.0,1.0,,,,,,
q,beta_route,0,0.0,10000.0,,,,,100,3.028879302924281e-08,3.028879302924281e-08,1.0,1.0,,,,,,
q,beta_route,0,0.0,10000.0,,,,,500,2.2809529198752898e-07,2.2809529198752898e-07,1.0,1.0,,,,,,
q,beta_route,1,0.0,10000.0,,,,,100,3.0527475880504085e-08,2.9526304734517346e-08,1.0,1.0,,,,,,
q,beta_route,1,0.0,10000.0,,,,,500,3.0726483357668144e-07,3.0726483357668144e-07,1.0,1.0,,,,,,
q,beta_route,2,0.0,10000.0,,,,,100,2.982463576106653e-08,2.982463576106653e-08,1.0,1.0,,,,,,
q,beta_route,2,0.0,10000.0,,,,,500,2.796233458113307e-07,2.796233458113307e-07,1.0,1.0,,,,,,
q,beta_route,3,0.0,10000.0,,,,,100,4.947605212191064e-07,4.429138493189378e-07,1.0,1.0,,,,,,
q,beta_route,3,0.0,10000.0,,,,,500,4.947605212191064e-07,1.6835340410636945e-07,1.0,1.0,,,,,,
q,beta_max,4,0.0,,1.0,,,,100,0.6429597777066509,0.6153925306601502,1.0,0.5053763440860215,,,,,,
q,beta_max,4,0.0,,1.0,,,,500,2.556343298111169,2.3198199507109063,1.0,0.5152129817444219,,,,,,
q,beta_max,5,0.0,,1.0,,,,100,0.4175901269434364,0.4175901269434364,0.9598603839441536,0.3684210526315789,,,,,,
q,beta_max,5,0.0,,1.0,,,,500,2.4552021611294843,2.4552021611294843,0.945173225697948,0.5757575757575758,,,,,,
q,beta_max,6,0.0,,1.0,,,,100,0.692773207450519,0.6713518580080503,1.0,0.8297872340425532,,,,,,
q,beta_max,6,0.0,,1.0,,,,500,2.458641315056218,2.458641315056218,0.9858870967741936,0.8441295546558705,,,,,,
q,beta_max,7,0.0,,1.0,,,,100,0.5866281876532041,0.5866281876532041,0.9948186528497408,0.5591397849462365,,,,,,
q,beta_max,7,0.0,,1.0,,,,500,2.7171217393904605,2.7171217393904605,0.998992950654582,0.7281947261663286,,,,,,
q,beta_route,12,0.0,10000.0,,,,,100,3.279982063730813e-08,3.279982063730813e-08,1.0,1.0,,,,,,
q,beta_route,12,0.0,10000.0,,,,,500,2.337195317281271e-07,2.323051733199577e-07,1.0,1.0,,,,,,
q,beta_route,13,0.0,10000.0,,,,,100,4.58466848929362e-08,4.58466848929362e-08,1.0,1.0,,,,,,
q,beta_route,13,0.0,10000.0,,,,,500,2.44146739711848e-05,7.547016205089463e-06,1.0,1.0,,,,,,
q,beta_route,14,0.0,10000.0,,,,,100,1.580745818546836e-07,1.183234092927421e-07,1.0,1.0,,,,,,
q,beta_route,14,0.0,10000.0,,,,,500,2.505869689528595e-07,2.505869689528595e-07,1.0,1.0,,,,,,
q,beta_route,15,0.0,10000.0,,,,,100,2.5669270931061305e-08,2.5669270931061305e-08,1.0,1.0,,,,,,
q,beta_route,15,0.0,10000.0,,,,,500,1.937316445044246e-07,1.937316445044246e-07,1.0,1.0,,,,,,
q,beta_max,0,0.0,,1.0,,,,100,0.4154684107018028,0.4154684107018028,1.0,0.3936170212765957,,,,,,
q,beta_max,0,0.0,,1.0,,,,500,2.2372372132130534,2.2372372132130534,0.984553391537945,0.5344129554655871,,,,,,
q,beta_max,1,0.0,,1.0,,,,100,0.4343452058955215,0.4257032798954676,0.9925373134328358,0.4731182795698925,,,,,,
q,beta_max,1,0.0,,1.0,,,,500,2.7701863220280054,2.7701863220280054,0.9986376021798364,0.6267748478701826,,,,,,
q,beta_max,2,0.0,,1.0,,,,100,0.4321854795363379,0.4321854795363379,1.0,0.4946236559139785,,,,,,
q,beta_max,2,0.0,,1.0,,,,500,2.6545000549648394,2.6545000549648394,0.9736575481256332,0.665314401622718,,,,,,
q,beta_max,3,0.0,,1.0,,,,100,0.212276853339529,0.212276853339529,0.9893992932862192,0.5106382978723404,,,,,,
q,beta_max,3,0.0,,1.0,,,,500,1.6122167359387216,1.6122167359387216,0.8031018206338503,0.5222672064777328,,,,,,
q,beta_route,8,0.0,1000000.0,,,,,100,2.673443588729896e-08,2.673443588729896e-08,1.0,1.0,,,,,,
q,beta_route,8,0.0,1000000.0,,,,,500,1.8455463890454385e-07,1.834504774755885e-07,1.0,1.0,,,,,,
q,beta_route,9,0.0,1000000.0,,,,,100,2.183110338463412e-05,1.024031946983417e-05,1.0,1.0,,,,,,
q,beta_route,9,0.0,1000000.0,,,,,500,2.183110338463412e-05,2.136320355727861e-06,1.0,1.0,,,,,,
q,beta_route,10,0.0,1000000.0,,,,,100,2.500992850565376e-05,2.3697334459060748e-05,1.0,1.0,,,,,,
q,beta_route,10,0.0,1000000.0,,,,,500,2.500992850565376e-05,5.624877030818709e-06,1.0,1.0,,,,,,
q,beta_route,11,0.0,1000000.0,,,,,100,7.182443351308465e-06,6.4607041576625335e-06,1.0,1.0,,,,,,
q,beta_route,11,0.0,1000000.0,,,,,500,7.182443351308465e-06,2.410628469728948e-06,1.0,1.0,,,,,,
q,beta_route,4,0.0,1000000.0,,,,,100,4.642266082655056e-08,4.332028824549639e-08,1.0,1.0,,,,,,
q,beta_route,4,0.0,1000000.0,,,,,500,2.7742166475164254e-07,2.534606005077933e-07,1.0,1.0,,,,,,
q,beta_route,5,0.0,1000000.0,,,,,100,1.4096427492282793e-05,5.977061780182424e-06,1.0,1.0,,,,,,
q,beta_route,5,0.0,1000000.0,,,,,500,1.4096427492282793e-05,1.6483028026925697e-06,1.0,1.0,,,,,,
q,beta_route,6,0.0,1000000.0,,,,,100,4.64761786833634e-08,4.405826659059642e-08,1.0,1.0,,,,,,
q,beta_route,6,0.0,1000000.0,,,,,500,2.597709372054169e-07,2.597709372054169e-07,1.0,1.0,,,,,,
q,beta_route,7,0.0,1000000.0,,,,,100,2.138913469292014e-06,1.2507661981131513e-06,1.0,1.0,,,,,,
q,beta_route,7,0.0,1000000.0,,,,,500,2.138913469292014e-06,3.2575240704879604e-07,1.0,1.0,,,,,,
q,beta_max,8,0.0,,1.0,,,,100,0.3855353001870184,0.3855353001870184,0.973404255319149,0.6739130434782609,,,,,,
q,beta_max,8,0.0,,1.0,,,,500,1.591888831183777,1.591888831183777,0.7371794871794872,0.6890243902439024,,,,,,
q,beta_max,9,0.0,,1.0,,,,100,0.2651741983314902,0.2651741983314902,1.0,0.6086956521739131,,,,,,
q,beta_max,9,0.0,,1.0,,,,500,1.5025713128026097,1.5025713128026097,0.8959946146078761,0.5284552845528455,,,,,,
q,beta_max,10,0.0,,1.0,,,,100,0.7655615674818594,0.7655615674818594,0.9964476021314388,0.5052631578947369,,,,,,
q,beta_max,10,0.0,,1.0,,,,500,2.775561551254162,2.775561551254162,0.9993250084373946,0.6464646464646465,,,,,,
q,beta_max,11,0.0,,1.0,,,,100,0.3342941498257336,0.3242054513843551,0.9981884057971014,0.4842105263157895,,,,,,
q,beta_max,11,0.0,,1.0,,,,500,1.7802279574920443,1.7802279574920443,0.9637533875338752,0.4101010101010101,,,,,,
q,beta_route,0,0.0,1000000.0,,,,,100,3.028879302924281e-08,3.028879302924281e-08,1.0,1.0,,,,,,
q,beta_route,0,0.0,1000000.0,,,,,500,2.2809529198752898e-07,2.2809529198752898e-07,1.0,1.0,,,,,,
q,beta_route,1,0.0,1000000.0,,,,,100,3.0527475880504085e-08,2.9526304734517346e-08,1.0,1.0,,,,,,
q,beta_route,1,0.0,1000000.0,,,,,500,3.0726483357668144e-07,3.0726483357668144e-07,1.0,1.0,,,,,,
q,beta_route,2,0.0,1000000.0,,,,,100,2.982463576106653e-08,2.982463576106653e-08,1.0,1.0,,,,,,
q,beta_route,2,0.0,1000000.0,,,,,500,2.796233458113307e-07,2.796233458113307e-07,1.0,1.0,,,,,,
q,beta_route,3,0.0,1000000.0,,,,,100,4.947605212191064e-07,4.429138493189378e-07,1.0,1.0,,,,,,
q,beta_route,3,0.0,1000000.0,,,,,500,4.947605212191064e-07,1.6835340410636945e-07,1.0,1.0,,,,,,
q,beta_route,16,0.0,10000.0,,,,,100,2.5020789440333153e-08,2.4337187598533205e-08,1.0,1.0,,,,,,
q,beta_route,16,0.0,10000.0,,,,,500,2.276912147713972e-07,2.276912147713972e-07,1.0,1.0,,,,,,
q,beta_route,17,0.0,10000.0,,,,,100,2.953205169298201e-08,2.8584952960208912e-08,1.0,1.0,,,,,,
q,beta_route,17,0.0,10000.0,,,,,500,2.9474774221327493e-07,2.9474774221327493e-07,1.0,1.0,,,,,,
q,beta_route,18,0.0,10000.0,,,,,100,1.6576325786513135e-05,1.4917911233286452e-05,1.0,1.0,,,,,,
q,beta_route,18,0.0,10000.0,,,,,500,1.6576325786513135e-05,7.828847059743183e-06,1.0,1.0,,,,,,
q,beta_route,19,0.0,10000.0,,,,,100,2.5587251595848848e-06,1.1611252107579515e-06,1.0,1.0,,,,,,
q,beta_route,19,0.0,10000.0,,,,,500,2.5587251595848848e-06,1.884561144915864e-07,1.0,1.0,,,,,,
q,beta_route,12,0.0,1000000.0,,,,,100,3.279982063730813e-08,3.279982063730813e-08,1.0,1.0,,,,,,
q,beta_route,12,0.0,1000000.0,,,,,500,2.337195317281271e-07,2.323051733199577e-07,1.0,1.0,,,,,,
q,beta_route,13,0.0,1000000.0,,,,,100,4.58466848929362e-08,4.58466848929362e-08,1.0,1.0,,,,,,
q,beta_route,13,0.0,1000000.0,,,,,500,2.44146739711848e-05,7.547016205089463e-06,1.0,1.0,,,,,,
q,beta_route,14,0.0,1000000.0,,,,,100,1.580745818546836e-07,1.183234092927421e-07,1.0,1.0,,,,,,
q,beta_route,14,0.0,1000000.0,,,,,500,2.505869689528595e-07,2.505869689528595e-07,1.0,1.0,,,,,,
q,beta_route,15,0.0,1000000.0,,,,,100,2.5669270931061305e-08,2.5669270931061305e-08,1.0,1.0,,,,,,
q,beta_route,15,0.0,1000000.0,,,,,500,1.937316445044246e-07,1.937316445044246e-07,1.0,1.0,,,,,,
q,beta_route,16,0.0,1000000.0,,,,,100,2.5020789440333153e-08,2.4337187598533205e-08,1.0,1.0,,,,,,
q,beta_route,16,0.0,1000000.0,,,,,500,2.276912147713972e-07,2.276912147713972e-07,1.0,1.0,,,,,,
q,beta_route,17,0.0,1000000.0,,,,,100,2.953205169298201e-08,2.8584952960208912e-08,1.0,1.0,,,,,,
q,beta_route,17,0.0,1000000.0,,,,,500,2.9474774221327493e-07,2.9474774221327493e-07,1.0,1.0,,,,,,
q,beta_route,18,0.0,1000000.0,,,,,100,1.6576325786513135e-05,1.4917911233286452e-05,1.0,1.0,,,,,,
q,beta_route,18,0.0,1000000.0,,,,,500,1.6576325786513135e-05,7.828847059743183e-06,1.0,1.0,,,,,,
q,beta_route,19,0.0,1000000.0,,,,,100,2.5587251595848848e-06,1.1611252107579515e-06,1.0,1.0,,,,,,
q,beta_route,19,0.0,1000000.0,,,,,500,2.5587251595848848e-06,1.884561144915864e-07,1.0,1.0,,,,,,
q,beta_max,16,0.0,,1.0,,,,100,0.3773227841279712,0.3773227841279712,0.9982425307557118,0.7872340425531915,,,,,,
q,beta_max,16,0.0,,1.0,,,,500,2.1505431649697484,2.1383161520620364,0.9993263725159988,0.8744939271255061,,,,,,
q,beta_max,17,0.0,,1.0,,,,100,0.4509444358553361,0.4509444358553361,0.99645390070922,0.6170212765957447,,,,,,
q,beta_max,17,0.0,,1.0,,,,500,2.5064704238391324,2.5064704238391324,0.9993252361673416,0.6923076923076923,,,,,,
q,beta_max,18,0.0,,1.0,,,,100,0.4269589065649742,0.4269589065649742,0.9982486865148862,0.4516129032258064,,,,,,
q,beta_max,18,0.0,,1.0,,,,500,2.818533580665648,2.8101011902449136,0.9996634129922584,0.6166328600405679,,,,,,
q,beta_max,19,0.0,,1.0,,,,100,0.3920566835380078,0.3920566835380078,1.0,0.7978723404255319,,,,,,
q,beta_max,19,0.0,,1.0,,,,500,2.1914536125135697,2.1914536125135697,0.9296533153820262,0.8137651821862348,,,,,,
q,beta_max,12,0.0,,1.0,,,,100,0.4863856983223094,0.4863856983223094,1.0,0.6344086021505376,,,,,,
q,beta_max,12,0.0,,1.0,,,,500,2.134448576596656,2.12216582722149,0.9511290866194808,0.5983772819472617,,,,,,
q,beta_max,13,0.0,,1.0,,,,100,0.6813843595090568,0.6813843595090568,0.919104991394148,0.7368421052631579,,,,,,
q,beta_max,13,0.0,,1.0,,,,500,3.082380025629923,3.069457662446513,0.9775243206977524,0.7696969696969697,,,,,,
q,beta_max,14,0.0,,1.0,,,,100,0.4360773926265846,0.4360773926265846,0.9597197898423818,0.4516129032258064,,,,,,
q,beta_max,14,0.0,,1.0,,,,500,2.479104724883207,2.479104724883207,0.981824301581959,0.4969574036511156,,,,,,
q,beta_max,15,0.0,,1.0,,,,100,0.3608081742492129,0.3608081742492129,0.975438596491228,0.4947368421052631,,,,,,
q,beta_max,15,0.0,,1.0,,,,500,1.922996857862597,1.922996857862597,0.838047138047138,0.6202020202020202,,,,,,
q,beta_max,0,0.0,,2.0,,,,100,0.3956686217251484,0.3956686217251484,1.0,0.6170212765957447,,,,,,
q,beta_max,0,0.0,,2.0,,,,500,2.0800204788158885,2.0800204788158885,1.0,0.7975708502024291,,,,,,
q,beta_max,1,0.0,,2.0,,,,100,0.4121382433852051,0.4050674393840098,0.9925373134328358,0.6881720430107527,,,,,,
q,beta_max,1,0.0,,2.0,,,,500,2.562889854235415,2.562889854235415,0.9986376021798364,0.9371196754563894,,,,,,
q,beta_max,2,0.0,,2.0,,,,100,0.413251523255699,0.413251523255699,1.0,0.6774193548387096,,,,,,
q,beta_max,2,0.0,,2.0,,,,500,2.4314632533573675,2.4314632533573675,1.0,0.922920892494929,,,,,,
q,beta_max,3,0.0,,2.0,,,,100,0.2079552965388075,0.2079552965388075,0.9946996466431096,0.574468085106383,,,,,,
q,beta_max,3,0.0,,2.0,,,,500,1.5480523954429863,1.5480523954429863,0.8607552258934592,0.7449392712550608,,,,,,
q,beta_max,4,0.0,,2.0,,,,100,0.6135129076481257,0.5878544887315336,1.0,0.6666666666666666,,,,,,
q,beta_max,4,0.0,,2.0,,,,500,2.364601065666691,2.195236999321502,1.0,0.8782961460446247,,,,,,
q,beta_max,5,0.0,,2.0,,,,100,0.3951222700504568,0.3951222700504568,0.9598603839441536,0.5368421052631579,,,,,,
q,beta_max,5,0.0,,2.0,,,,500,2.2721627343245263,2.2721627343245263,0.9868819374369324,0.8848484848484849,,,,,,
q,beta_max,6,0.0,,2.0,,,,100,0.6389456159825351,0.6208668719078422,1.0,0.8829787234042553,,,,,,
q,beta_max,6,0.0,,2.0,,,,500,2.264599854325001,2.264599854325001,1.0,0.951417004048583,,,,,,
q,beta_max,7,0.0,,2.0,,,,100,0.5608767809552823,0.5608767809552823,0.9948186528497408,0.6666666666666666,,,,,,
q,beta_max,7,0.0,,2.0,,,,500,2.557157999478423,2.557157999478423,0.998992950654582,0.9350912778904664,,,,,,
q,beta_max,8,0.0,,2.0,,,,100,0.3770889138984268,0.3770889138984268,0.973404255319149,0.717391304347826,,,,,,
q,beta_max,8,0.0,,2.0,,,,500,1.4971490056366168,1.4971490056366168,0.7601214574898786,0.6605691056910569,,,,,,
q,beta_max,9,0.0,,2.0,,,,100,0.2562884911337804,0.2562884911337804,1.0,0.6739130434782609,,,,,,
q,beta_max,9,0.0,,2.0,,,,500,1.456663214032459,1.456663214032459,0.9178727701110736,0.7215447154471545,,,,,,
q,beta_max,10,0.0,,2.0,,,,100,0.7042678935324703,0.7042678935324703,0.9964476021314388,0.631578947368421,,,,,,
q,beta_max,10,0.0,,2.0,,,,500,2.5725571851979963,2.5725571851979963,0.9993250084373946,0.8888888888888888,,,,,,
q,beta_max,11,0.0,,2.0,,,,100,0.322870930641878,0.3134199266358244,0.9981884057971014,0.5684210526315789,,,,,,
q,beta_max,11,0.0,,2.0,,,,500,1.7226491604779737,1.7226491604779737,0.9830623306233064,0.7313131313131314,,,,,,
q,beta_max,12,0.0,,2.0,,,,100,0.4693640686843972,0.4693640686843972,1.0,0.7741935483870968,,,,,,
q,beta_max,12,0.0,,2.0,,,,500,2.0689508033700115,2.057419292881657,0.993933265925177,0.9087221095334684,,,,,,
q,beta_max,13,0.0,,2.0,,,,100,0.6435826013533543,0.6435826013533543,0.919104991394148,0.8947368421052632,,,,,,
q,beta_max,13,0.0,,2.0,,,,500,2.8464673190421337,2.838257081525821,0.9775243206977524,0.9616161616161616,,,,,,
q,beta_max,14,0.0,,2.0,,,,100,0.4159818001262991,0.4159818001262991,0.9597197898423818,0.5698924731182796,,,,,,
q,beta_max,14,0.0,,2.0,,,,500,2.3185701832403254,2.3185701832403254,0.9922584988219456,0.8620689655172413,,,,,,
q,beta_max,15,0.0,,2.0,,,,100,0.3415593338417815,0.3415593338417815,0.9894736842105264,0.6842105263157895,,,,,,
q,beta_max,15,0.0,,2.0,,,,500,1.7828716494896817,1.7828716494896817,0.8824915824915824,0.7737373737373737,,,,,,
q,beta_max,0,0.0,,5.0,,,,100,0.2701198265034714,0.2701198265034714,1.0,0.8936170212765957,,,,,,
q,beta_max,0,0.0,,5.0,,,,500,0.4254780309314054,0.3246499963548914,1.0,0.979757085020243,,,,,,
q,beta_max,1,0.0,,5.0,,,,100,0.2733914972306548,0.2733914972306548,1.0,0.8924731182795699,,,,,,
q,beta_max,1,0.0,,5.0,,,,500,0.3466978836793393,0.2476660931396792,1.0,0.9797160243407708,,,,,,
q,beta_max,2,0.0,,5.0,,,,100,0.2876634088471932,0.2876634088471932,1.0,0.935483870967742,,,,,,
q,beta_max,2,0.0,,5.0,,,,500,0.4180878087056603,0.2906921716936441,1.0,0.9878296146044624,,,,,,
q,beta_max,3,0.0,,5.0,,,,100,0.1867582567480478,0.1867582567480478,0.9982332155477032,0.7659574468085106,,,,,,
q,beta_max,3,0.0,,5.0,,,,500,0.6758483011227348,0.6653240710295016,0.9966284558327714,0.951417004048583,,,,,,
q,beta_max,16,0.0,,2.0,,,,100,0.3600007741130279,0.3600007741130279,0.9982425307557118,0.8723404255319149,,,,,,
q,beta_max,16,0.0,,2.0,,,,500,2.0031527761280645,2.000992024444755,0.9996631862579992,0.9210526315789472,,,,,,
q,beta_max,17,0.0,,2.0,,,,100,0.4397918130015099,0.4397918130015099,0.99645390070922,0.7340425531914894,,,,,,
q,beta_max,17,0.0,,2.0,,,,500,2.406012022119478,2.406012022119478,0.9993252361673416,0.9392712550607288,,,,,,
q,beta_max,18,0.0,,2.0,,,,100,0.401394704350095,0.401394704350095,0.9982486865148862,0.6344086021505376,,,,,,
q,beta_max,18,0.0,,2.0,,,,500,2.537526385297971,2.530271692572285,0.9996634129922584,0.8722109533468559,,,,,,
q,beta_max,19,0.0,,2.0,,,,100,0.3752328327923551,0.3752328327923551,1.0,0.8404255319148937,,,,,,
q,beta_max,19,0.0,,2.0,,,,500,2.091267827209463,2.091267827209463,0.9532144059239314,0.917004048582996,,,,,,
q,beta_max,4,0.0,,5.0,,,,100,0.3370491813050891,0.333418509781774,1.0,0.9247311827956988,,,,,,
q,beta_max,4,0.0,,5.0,,,,500,0.4011409909023304,0.2849256857658409,1.0,0.9858012170385396,,,,,,
q,beta_max,5,0.0,,5.0,,,,100,0.257259941549538,0.257259941549538,0.9598603839441536,0.8526315789473684,,,,,,
q,beta_max,5,0.0,,5.0,,,,500,0.3716480820567021,0.2555676176675048,0.9922637066935756,0.9717171717171718,,,,,,
q,beta_max,6,0.0,,5.0,,,,100,0.2680988161735731,0.2680988161735731,1.0,0.9574468085106383,,,,,,
q,beta_max,6,0.0,,5.0,,,,500,0.3366351585775529,0.2256462322691108,1.0,0.9919028340080972,,,,,,
q,beta_max,7,0.0,,5.0,,,,100,0.3549835989325399,0.3549835989325399,0.9948186528497408,0.913978494623656,,,,,,
q,beta_max,7,0.0,,5.0,,,,500,0.3959784074000916,0.2321842808312433,0.998992950654582,0.9837728194726166,,,,,,
q,beta_max,0,0.0,,10.0,,,,100,0.1025595842060124,0.1025595842060124,1.0,0.9574468085106383,,,,,,
q,beta_max,0,0.0,,10.0,,,,500,0.108443371496385,0.0587175396296659,1.0,0.9919028340080972,,,,,,
q,beta_max,1,0.0,,10.0,,,,100,0.0873920994569183,0.0873920994569183,1.0,0.967741935483871,,,,,,
q,beta_max,1,0.0,,10.0,,,,500,0.0873920994569183,0.0483006374643113,1.0,0.9939148073022313,,,,,,
q,beta_max,2,0.0,,10.0,,,,100,0.0832497267281419,0.0818816207949123,1.0,0.989247311827957,,,,,,
q,beta_max,2,0.0,,10.0,,,,500,0.0832497267281419,0.0502697494291197,1.0,0.9979716024340772,,,,,,
q,beta_max,3,0.0,,10.0,,,,100,0.1161194189322331,0.1161194189322331,1.0,0.9574468085106383,,,,,,
q,beta_max,3,0.0,,10.0,,,,500,0.1467634717917492,0.1031555463477031,0.99763991908294,0.9919028340080972,,,,,,
q,beta_max,8,0.0,,5.0,,,,100,0.3298560586150455,0.3298560586150455,1.0,0.8913043478260869,,,,,,
q,beta_max,8,0.0,,5.0,,,,500,0.6540007297632378,0.6467742747500853,0.9382591093117408,0.8617886178861789,,,,,,
q,beta_max,9,0.0,,5.0,,,,100,0.2090578102941722,0.2090578102941722,1.0,0.8586956521739131,,,,,,
q,beta_max,9,0.0,,5.0,,,,500,0.824582068049597,0.814070777253584,1.0,0.9735772357723578,,,,,,
q,beta_max,10,0.0,,5.0,,,,100,0.2747675394126002,0.2747675394126002,0.9964476021314388,0.8421052631578947,,,,,,
q,beta_max,10,0.0,,5.0,,,,500,0.353705043796448,0.2224370782459701,0.9993250084373946,0.9696969696969696,,,,,,
q,beta_max,11,0.0,,5.0,,,,100,0.2574792644482829,0.2534257547278995,0.9981884057971014,0.7473684210526316,,,,,,
q,beta_max,11,0.0,,5.0,,,,500,0.6695925114925494,0.6222890681598567,0.999661246612466,0.9515151515151516,,,,,,
q,beta_max,12,0.0,,5.0,,,,100,0.3486261001271939,0.3486261001271939,1.0,0.913978494623656,,,,,,
q,beta_max,12,0.0,,5.0,,,,500,0.5028629334374,0.3855223944416954,1.0,0.9837728194726166,,,,,,
q,beta_max,13,0.0,,5.0,,,,100,0.3106687497915772,0.3106687497915772,0.9845094664371772,0.968421052631579,,,,,,
q,beta_max,13,0.0,,5.0,,,,500,0.3292993816830163,0.211093556550534,0.9902717208990272,0.991919191919192,,,,,,
q,beta_max,14,0.0,,5.0,,,,100,0.2831660986344494,0.2831660986344494,0.9649737302977232,0.8387096774193549,,,,,,
q,beta_max,14,0.0,,5.0,,,,500,0.3896939949434812,0.2926886194032998,0.99326825984517,0.969574036511156,,,,,,
q,beta_max,15,0.0,,5.0,,,,100,0.2519543884581251,0.2519543884581251,1.0,0.8315789473684211,,,,,,
q,beta_max,15,0.0,,5.0,,,,500,0.5313104808424947,0.4953766719810328,0.9949494949494948,0.9595959595959596,,,,,,
q,beta_max,4,0.0,,10.0,,,,100,0.0885038373352269,0.08651985635523,1.0,0.946236559139785,,,,,,
q,beta_max,4,0.0,,10.0,,,,500,0.0926307515748376,0.0488886947221973,1.0,0.9898580121703854,,,,,,
q,beta_max,5,0.0,,10.0,,,,100,0.0849845263446419,0.0833185474340989,0.9738219895287958,0.936842105263158,,,,,,
q,beta_max,5,0.0,,10.0,,,,500,0.0931386115990507,0.0680679013842426,0.9949545913218972,0.987878787878788,,,,,,
q,beta_max,6,0.0,,10.0,,,,100,0.0872160437510439,0.083229866805272,1.0,0.9893617021276596,,,,,,
q,beta_max,6,0.0,,10.0,,,,500,0.0872160437510439,0.0465928704227365,1.0,0.9979757085020244,,,,,,
q,beta_max,7,0.0,,10.0,,,,100,0.0818429751806727,0.0814573332653945,0.9948186528497408,0.978494623655914,,,,,,
q,beta_max,7,0.0,,10.0,,,,500,0.0840187198508307,0.0521781651368145,0.998992950654582,0.995943204868154,,,,,,
q,beta_max,16,0.0,,5.0,,,,100,0.2584293663253637,0.2584293663253637,0.9982425307557118,0.9042553191489362,,,,,,
q,beta_max,16,0.0,,5.0,,,,500,0.4962635995522211,0.4263612400007499,0.9996631862579992,0.9817813765182186,,,,,,
q,beta_max,17,0.0,,5.0,,,,100,0.3673121458326847,0.3673121458326847,1.0,0.9042553191489362,,,,,,
q,beta_max,17,0.0,,5.0,,,,500,0.5462917231353265,0.3165378933743179,1.0,0.9817813765182186,,,,,,
q,beta_max,18,0.0,,5.0,,,,100,0.2431953431793269,0.2431953431793269,0.9982486865148862,0.8172043010752689,,,,,,
q,beta_max,18,0.0,,5.0,,,,500,0.3488688234003159,0.2311807479713685,0.9996634129922584,0.9655172413793104,,,,,,
q,beta_max,19,0.0,,5.0,,,,100,0.2744407803476858,0.2744407803476858,1.0,0.925531914893617,,,,,,
q,beta_max,19,0.0,,5.0,,,,500,0.4305426648279196,0.3520009113615927,1.0,0.98582995951417,,,,,,
q,beta_max,8,0.0,,10.0,,,,100,0.152366233021525,0.152366233021525,1.0,0.9565217391304348,,,,,,
q,beta_max,8,0.0,,10.0,,,,500,0.1641612041974067,0.1195437576220186,1.0,0.991869918699187,,,,,,
q,beta_max,9,0.0,,10.0,,,,100,0.1147104538465262,0.1147104538465262,1.0,0.9456521739130436,,,,,,
q,beta_max,9,0.0,,10.0,,,,500,0.1724426540834122,0.1162278518104382,1.0,0.9898373983739838,,,,,,
q,beta_max,10,0.0,,10.0,,,,100,0.0854084630790663,0.0854084630790663,0.9964476021314388,0.9473684210526316,,,,,,
q,beta_max,10,0.0,,10.0,,,,500,0.0931108994648286,0.0642289328552385,0.9993250084373946,0.98989898989899,,,,,,
q,beta_max,11,0.0,,10.0,,,,100,0.108172756738485,0.108172756738485,0.9728260869565216,0.9157894736842104,,,,,,
q,beta_max,11,0.0,,10.0,,,,500,0.1278699783337655,0.0726726815684921,0.9949186991869918,0.9838383838383838,,,,,,
q,beta_max,12,0.0,,10.0,,,,100,0.1064859200583826,0.1064859200583826,1.0,0.989247311827957,,,,,,
q,beta_max,12,0.0,,10.0,,,,500,0.1227840071159349,0.0720821157082054,1.0,0.9979716024340772,,,,,,
q,beta_max,13,0.0,,10.0,,,,100,0.0780924140189271,0.0767207181430449,0.9845094664371772,0.9789473684210528,,,,,,
q,beta_max,13,0.0,,10.0,,,,500,0.0780924140189271,0.0394399698108594,0.9902717208990272,0.993939393939394,,,,,,
q,beta_max,14,0.0,,10.0,,,,100,0.1016244356577026,0.1016244356577026,0.9649737302977232,0.913978494623656,,,,,,
q,beta_max,14,0.0,,10.0,,,,500,0.1016244356577026,0.0673236837367348,0.99326825984517,0.9837728194726166,,,,,,
q,beta_max,15,0.0,,10.0,,,,100,0.1011968481527893,0.1011968481527893,1.0,0.9157894736842104,,,,,,
q,beta_max,15,0.0,,10.0,,,,500,0.1236640579083444,0.0898200401482907,1.0,0.9838383838383838,,,,,,
q,beta_max,16,0.0,,10.0,,,,100,0.1051771791313382,0.1051771791313382,0.9876977152899824,0.9574468085106383,,,,,,
q,beta_max,16,0.0,,10.0,,,,500,0.11573066838192,0.0722684948431591,0.9976423038059952,0.9919028340080972,,,,,,
q,beta_max,17,0.0,,10.0,,,,100,0.1250375075599634,0.1235295132652326,1.0,0.9680851063829788,,,,,,
q,beta_max,17,0.0,,10.0,,,,500,0.1250375075599634,0.0580561295918533,1.0,0.9939271255060728,,,,,,
q,beta_max,18,0.0,,10.0,,,,100,0.0956066882207447,0.0956066882207447,0.9702276707530648,0.9032258064516128,,,,,,
q,beta_max,18,0.0,,10.0,,,,500,0.1032631005862586,0.0543896458891794,0.9942780208683945,0.9817444219066938,,,,,,
q,beta_max,19,0.0,,10.0,,,,100,0.1123544755074302,0.1120422624237797,1.0,0.9680851063829788,,,,,,
q,beta_max,19,0.0,,10.0,,,,500,0.1123544755074302,0.070188341648739,1.0,0.9939271255060728,,,,,,
q,beta_max,0,0.0,,20.0,,,,100,0.026859780342317,0.0264512733870698,1.0,0.9787234042553192,,,,,,
q,beta_max,0,0.0,,20.0,,,,500,0.026859780342317,0.0132078197714888,1.0,0.9959514170040484,,,,,,
q,beta_max,1,0.0,,20.0,,,,100,0.0242643479272562,0.0205837384487732,1.0,1.0,,,,,,
q,beta_max,1,0.0,,20.0,,,,500,0.0242643479272562,0.0116409846197685,1.0,1.0,,,,,,
q,beta_max,2,0.0,,20.0,,,,100,0.0217400475821981,0.0177634580696459,1.0,0.989247311827957,,,,,,
q,beta_max,2,0.0,,20.0,,,,500,0.0217400475821981,0.0104287712533985,1.0,0.9979716024340772,,,,,,
q,beta_max,3,0.0,,20.0,,,,100,0.049305283353294,0.0478451637406542,1.0,0.9893617021276596,,,,,,
q,beta_max,3,0.0,,20.0,,,,500,0.049305283353294,0.0302606697339278,1.0,0.9979757085020244,,,,,,
q,beta_max,4,0.0,,20.0,,,,100,0.0247309390110972,0.0202653840991304,1.0,0.989247311827957,,,,,,
q,beta_max,4,0.0,,20.0,,,,500,0.0247309390110972,0.0114169417525706,1.0,0.9979716024340772,,,,,,
q,beta_max,5,0.0,,20.0,,,,100,0.0272599333667633,0.0215134821676254,0.9738219895287958,1.0,,,,,,
q,beta_max,5,0.0,,20.0,,,,500,0.0272599333667633,0.0133150463040896,0.9949545913218972,1.0,,,,,,
q,beta_max,6,0.0,,20.0,,,,100,0.0331973912199743,0.0267954607966374,1.0,1.0,,,,,,
q,beta_max,6,0.0,,20.0,,,,500,0.0331973912199743,0.0123223108890409,1.0,1.0,,,,,,
q,beta_max,7,0.0,,20.0,,,,100,0.022131326227222,0.0216877484993847,1.0,1.0,,,,,,
q,beta_max,7,0.0,,20.0,,,,500,0.022131326227222,0.0147324569424109,1.0,1.0,,,,,,
q,beta_max,8,0.0,,20.0,,,,100,0.0395170672738228,0.0387236167165278,1.0,0.9891304347826086,,,,,,
q,beta_max,8,0.0,,20.0,,,,500,0.0395170672738228,0.0208020213427659,1.0,0.9979674796747968,,,,,,
q,beta_max,9,0.0,,20.0,,,,100,0.0421399678384067,0.0405013199189763,1.0,0.9891304347826086,,,,,,
q,beta_max,9,0.0,,20.0,,,,500,0.0421399678384067,0.0204122916309805,1.0,0.9979674796747968,,,,,,
q,beta_max,10,0.0,,20.0,,,,100,0.030522037256483,0.0268880875264012,0.9840142095914742,0.9789473684210528,,,,,,
q,beta_max,10,0.0,,20.0,,,,500,0.030522037256483,0.0158352179417562,0.9969625379682754,0.995959595959596,,,,,,
q,beta_max,11,0.0,,20.0,,,,100,0.0311624018786125,0.0293310862049565,0.9728260869565216,0.9789473684210528,,,,,,
q,beta_max,11,0.0,,20.0,,,,500,0.0311624018786125,0.0166927873633,0.9949186991869918,0.995959595959596,,,,,,
q,beta_max,12,0.0,,20.0,,,,100,0.0266757464452379,0.0261695006293759,1.0,1.0,,,,,,
q,beta_max,12,0.0,,20.0,,,,500,0.0266757464452379,0.0156529636874172,1.0,1.0,,,,,,
q,beta_max,13,0.0,,20.0,,,,100,0.0262172734383927,0.0237583284384523,1.0,0.9894736842105264,,,,,,
q,beta_max,13,0.0,,20.0,,,,500,0.0262172734383927,0.0092634901904036,1.0,0.997979797979798,,,,,,
q,beta_max,14,0.0,,20.0,,,,100,0.0344858941905711,0.0327069357920693,0.9982486865148862,0.978494623655914,,,,,,
q,beta_max,14,0.0,,20.0,,,,500,0.0344858941905711,0.020471408393659,0.9996634129922584,0.995943204868154,,,,,,
q,beta_max,15,0.0,,20.0,,,,100,0.0346499219781836,0.0299849346661219,1.0,0.968421052631579,,,,,,
q,beta_max,15,0.0,,20.0,,,,500,0.0346499219781836,0.0143275177768666,1.0,0.993939393939394,,,,,,
q,beta_max,16,0.0,,20.0,,,,100,0.0345954240581659,0.0345954240581659,1.0,0.9787234042553192,,,,,,
q,beta_max,16,0.0,,20.0,,,,500,0.0345954240581659,0.0167193803611054,1.0,0.9959514170040484,,,,,,
q,beta_max,17,0.0,,20.0,,,,100,0.0238870796185887,0.0219745701348506,1.0,0.9787234042553192,,,,,,
q,beta_max,17,0.0,,20.0,,,,500,0.0238870796185887,0.0187598640491633,1.0,0.9959514170040484,,,,,,
q,beta_max,18,0.0,,20.0,,,,100,0.0321777722601703,0.0276250865761381,0.9702276707530648,0.967741935483871,,,,,,
q,beta_max,18,0.0,,20.0,,,,500,0.0321777722601703,0.0125186841852147,0.9942780208683945,0.9939148073022313,,,,,,
q,beta_max,19,0.0,,20.0,,,,100,0.0319220415597781,0.0315773242928415,1.0,1.0,,,,,,
q,beta_max,19,0.0,,20.0,,,,500,0.0319220415597781,0.0153340767704452,1.0,1.0,,,,,,
q,beta_max,0,0.0,,50.0,,,,100,0.0045369438861461,0.0031591933143599,1.0,1.0,,,,,,
q,beta_max,0,0.0,,50.0,,,,500,0.0045369438861461,0.0019615771199672,1.0,1.0,,,,,,
q,beta_max,1,0.0,,50.0,,,,100,0.0033761971772982,0.0020836528158904,1.0,1.0,,,,,,
q,beta_max,1,0.0,,50.0,,,,500,0.0033761971772982,0.0011373746590446,1.0,1.0,,,,,,
q,beta_max,2,0.0,,50.0,,,,100,0.0045141683160532,0.002729749957574,1.0,1.0,,,,,,
q,beta_max,2,0.0,,50.0,,,,500,0.0045141683160532,0.0011521293293732,1.0,1.0,,,,,,
q,beta_max,3,0.0,,50.0,,,,100,0.0072125786133754,0.0062868912884624,1.0,1.0,,,,,,
q,beta_max,3,0.0,,50.0,,,,500,0.0072125786133754,0.0048176227282585,1.0,1.0,,,,,,
q,beta_max,4,0.0,,50.0,,,,100,0.0050639234830416,0.0039818377970084,1.0,1.0,,,,,,
q,beta_max,4,0.0,,50.0,,,,500,0.0050639234830416,0.001984137617061,1.0,1.0,,,,,,
q,beta_max,5,0.0,,50.0,,,,100,0.0050163273718615,0.0033552242152365,1.0,1.0,,,,,,
q,beta_max,5,0.0,,50.0,,,,500,0.0050163273718615,0.0019942372704806,1.0,1.0,,,,,,
q,beta_max,6,0.0,,50.0,,,,100,0.0040159206310826,0.0036596424236782,1.0,1.0,,,,,,
q,beta_max,6,0.0,,50.0,,,,500,0.0040159206310826,0.0021487759117486,1.0,1.0,,,,,,
q,beta_max,7,0.0,,50.0,,,,100,0.0035894409521554,0.00309634001773,1.0,1.0,,,,,,
q,beta_max,7,0.0,,50.0,,,,500,0.0035894409521554,0.0018824919454876,1.0,1.0,,,,,,
q,beta_max,8,0.0,,50.0,,,,100,0.0069897333137079,0.0050858963042428,1.0,1.0,,,,,,
q,beta_max,8,0.0,,50.0,,,,500,0.0069897333137079,0.0024577890033249,1.0,1.0,,,,,,
q,beta_max,9,0.0,,50.0,,,,100,0.0095274349664304,0.0078137771410665,1.0,1.0,,,,,,
q,beta_max,9,0.0,,50.0,,,,500,0.0095274349664304,0.0033835714466428,1.0,1.0,,,,,,
q,beta_max,10,0.0,,50.0,,,,100,0.0046532404827027,0.004080243214722,1.0,1.0,,,,,,
q,beta_max,10,0.0,,50.0,,,,500,0.0046532404827027,0.0025107728871311,1.0,1.0,,,,,,
q,beta_max,11,0.0,,50.0,,,,100,0.0064614381208908,0.0048053896458595,1.0,1.0,,,,,,
q,beta_max,11,0.0,,50.0,,,,500,0.0064614381208908,0.0026374510026283,1.0,1.0,,,,,,
q,beta_max,16,0.0,,50.0,,,,100,0.0059331361352673,0.0053985704785858,1.0,1.0,,,,,,
q,beta_max,16,0.0,,50.0,,,,500,0.0059331361352673,0.0023775968185368,1.0,1.0,,,,,,
q,beta_max,17,0.0,,50.0,,,,100,0.0053424793468669,0.0043411680450824,1.0,1.0,,,,,,
q,beta_max,17,0.0,,50.0,,,,500,0.0053424793468669,0.0034229838645172,1.0,1.0,,,,,,
q,beta_max,18,0.0,,50.0,,,,100,0.0071802383887842,0.005603544060183,1.0,0.978494623655914,,,,,,
q,beta_max,18,0.0,,50.0,,,,500,0.0071802383887842,0.0024482828098869,1.0,0.995943204868154,,,,,,
q,beta_max,19,0.0,,50.0,,,,100,0.0061918631525268,0.0043902374890479,1.0,1.0,,,,,,
q,beta_max,19,0.0,,50.0,,,,500,0.0061918631525268,0.0023231444694424,1.0,1.0,,,,,,
q,beta_max,4,0.0,,100.0,,,,100,0.001423826398783,0.0009920632790544,1.0,1.0,,,,,,
q,beta_max,4,0.0,,100.0,,,,500,0.001423826398783,0.000366444091675,1.0,1.0,,,,,,
q,beta_max,5,0.0,,100.0,,,,100,0.0011616737255631,0.0005969278015873,1.0,1.0,,,,,,
q,beta_max,5,0.0,,100.0,,,,500,0.0011616737255631,0.0002432610902689,1.0,1.0,,,,,,
q,beta_max,6,0.0,,100.0,,,,100,0.0011448661110095,0.0007089961873235,1.0,1.0,,,,,,
q,beta_max,6,0.0,,100.0,,,,500,0.0011448661110095,0.0002752106694734,1.0,1.0,,,,,,
q,beta_max,7,0.0,,100.0,,,,100,0.0004913978964287,0.0004344406737548,1.0,1.0,,,,,,
q,beta_max,7,0.0,,100.0,,,,500,0.0004913978964287,0.0002617716472474,1.0,1.0,,,,,,
q,beta_max,0,0.0,,100.0,,,,100,0.0011853050187107,0.0009595706437422,1.0,1.0,,,,,,
q,beta_max,0,0.0,,100.0,,,,500,0.0011853050187107,0.0005520298652457,1.0,1.0,,,,,,
q,beta_max,1,0.0,,100.0,,,,100,0.0003332822518373,0.0002395627901793,1.0,1.0,,,,,,
q,beta_max,1,0.0,,100.0,,,,500,0.0003332822518373,8.114616950471998e-05,1.0,1.0,,,,,,
q,beta_max,2,0.0,,100.0,,,,100,0.0009872502057882,0.0003469188303231,1.0,1.0,,,,,,
q,beta_max,2,0.0,,100.0,,,,500,0.0009872502057882,0.0001157475978734,1.0,1.0,,,,,,
q,beta_max,3,0.0,,100.0,,,,100,0.0026892574374476,0.0017113305130387,1.0,1.0,,,,,,
q,beta_max,3,0.0,,100.0,,,,500,0.0026892574374476,0.0011706560878974,1.0,1.0,,,,,,
q,beta_max,12,0.0,,50.0,,,,100,0.0045914298615681,0.0035483932626017,1.0,1.0,,,,,,
q,beta_max,12,0.0,,50.0,,,,500,0.0045914298615681,0.0024007704122873,1.0,1.0,,,,,,
q,beta_max,13,0.0,,50.0,,,,100,0.0036493915997741,0.0029404910648873,1.0,1.0,,,,,,
q,beta_max,13,0.0,,50.0,,,,500,0.0036493915997741,0.0017493529402115,1.0,1.0,,,,,,
q,beta_max,14,0.0,,50.0,,,,100,0.0086671054658813,0.0068360516178483,1.0,1.0,,,,,,
q,beta_max,14,0.0,,50.0,,,,500,0.0086671054658813,0.0047155035712085,1.0,1.0,,,,,,
q,beta_max,15,0.0,,50.0,,,,100,0.0061297145135772,0.0045018769408424,1.0,1.0,,,,,,
q,beta_max,15,0.0,,50.0,,,,500,0.0061297145135772,0.002300177595121,1.0,1.0,,,,,,
q,beta_max,8,0.0,,100.0,,,,100,0.0012081885793646,0.0007325418830099,1.0,1.0,,,,,,
q,beta_max,8,0.0,,100.0,,,,500,0.0012081885793646,0.0004278428762738,1.0,1.0,,,,,,
q,beta_max,9,0.0,,100.0,,,,100,0.0024036671424604,0.0016424196192957,0.9719789842381786,0.9891304347826086,,,,,,
q,beta_max,9,0.0,,100.0,,,,500,0.0024036671424604,0.0009574095914196,0.994614607876136,0.9979674796747968,,,,,,
q,beta_max,10,0.0,,100.0,,,,100,0.0007175197289249,0.0005098578692872,1.0,1.0,,,,,,
q,beta_max,10,0.0,,100.0,,,,500,0.0007175197289249,0.0003560546603171,1.0,1.0,,,,,,
q,beta_max,11,0.0,,100.0,,,,100,0.0018116900064603,0.0015116433171833,1.0,1.0,,,,,,
q,beta_max,11,0.0,,100.0,,,,500,0.0018116900064603,0.0005612317157355,1.0,1.0,,,,,,
q,beta_max,12,0.0,,100.0,,,,100,0.0011531939655417,0.0007485598914456,1.0,1.0,,,,,,
q,beta_max,12,0.0,,100.0,,,,500,0.0011531939655417,0.0003687666692453,1.0,1.0,,,,,,
q,beta_max,13,0.0,,100.0,,,,100,0.0012846670764434,0.0012183643888213,1.0,1.0,,,,,,
q,beta_max,13,0.0,,100.0,,,,500,0.0012846670764434,0.0010227175790199,1.0,1.0,,,,,,
q,beta_max,14,0.0,,100.0,,,,100,0.0023280853737021,0.0019080996244165,1.0,1.0,,,,,,
q,beta_max,14,0.0,,100.0,,,,500,0.0023280853737021,0.0011435241656717,1.0,1.0,,,,,,
q,beta_max,15,0.0,,100.0,,,,100,0.0020950470247481,0.001170313520273,1.0,1.0,,,,,,
q,beta_max,15,0.0,,100.0,,,,500,0.0020950470247481,0.0004396990197725,1.0,1.0,,,,,,
q,beta_max,16,0.0,,100.0,,,,100,0.0017377903617095,0.0014516746118118,1.0,1.0,,,,,,
q,beta_max,16,0.0,,100.0,,,,500,0.0017377903617095,0.0008771203397286,1.0,1.0,,,,,,
q,beta_max,17,0.0,,100.0,,,,100,0.0020109685450716,0.0010195592912009,1.0,1.0,,,,,,
q,beta_max,17,0.0,,100.0,,,,500,0.0020109685450716,0.0005680918326091,1.0,1.0,,,,,,
q,beta_max,18,0.0,,100.0,,,,100,0.0012184924762583,0.0012028971309432,1.0,1.0,,,,,,
q,beta_max,18,0.0,,100.0,,,,500,0.0012184924762583,0.0006167881325747,1.0,1.0,,,,,,
q,beta_max,19,0.0,,100.0,,,,100,0.0012092417625838,0.0006167551205158,1.0,1.0,,,,,,
q,beta_max,19,0.0,,100.0,,,,500,0.0012092417625838,0.0003334432862571,1.0,1.0,,,,,,
q,beta_max,8,0.0,,1000.0,,,,100,2.673443588729896e-08,2.673443588729896e-08,1.0,1.0,,,,,,
q,beta_max,8,0.0,,1000.0,,,,500,1.8455463890454385e-07,1.834504774755885e-07,1.0,1.0,,,,,,
q,beta_max,9,0.0,,1000.0,,,,100,2.183110338463412e-05,1.024031946983417e-05,1.0,1.0,,,,,,
q,beta_max,9,0.0,,1000.0,,,,500,2.183110338463412e-05,2.136320355727861e-06,1.0,1.0,,,,,,
q,beta_max,10,0.0,,1000.0,,,,100,2.500992850565376e-05,2.3697334459060748e-05,1.0,1.0,,,,,,
q,beta_max,10,0.0,,1000.0,,,,500,2.500992850565376e-05,5.624877030818709e-06,1.0,1.0,,,,,,
q,beta_max,11,0.0,,1000.0,,,,100,7.182443351308465e-06,6.4607041576625335e-06,1.0,1.0,,,,,,
q,beta_max,11,0.0,,1000.0,,,,500,7.182443351308465e-06,2.410628469728948e-06,1.0,1.0,,,,,,
q,beta_max,0,0.0,,1000.0,,,,100,3.028879302924281e-08,3.028879302924281e-08,1.0,1.0,,,,,,
q,beta_max,0,0.0,,1000.0,,,,500,2.2809529198752898e-07,2.2809529198752898e-07,1.0,1.0,,,,,,
q,beta_max,1,0.0,,1000.0,,,,100,3.0527475880504085e-08,2.9526304734517346e-08,1.0,1.0,,,,,,
q,beta_max,1,0.0,,1000.0,,,,500,3.0726483357668144e-07,3.0726483357668144e-07,1.0,1.0,,,,,,
q,beta_max,2,0.0,,1000.0,,,,100,2.982463576106653e-08,2.982463576106653e-08,1.0,1.0,,,,,,
q,beta_max,2,0.0,,1000.0,,,,500,2.796233458113307e-07,2.796233458113307e-07,1.0,1.0,,,,,,
q,beta_max,3,0.0,,1000.0,,,,100,4.947605212191064e-07,4.429138493189378e-07,1.0,1.0,,,,,,
q,beta_max,3,0.0,,1000.0,,,,500,4.947605212191064e-07,1.6835340410636945e-07,1.0,1.0,,,,,,
q,beta_max,4,0.0,,1000.0,,,,100,4.642266082655056e-08,4.332028824549639e-08,1.0,1.0,,,,,,
q,beta_max,4,0.0,,1000.0,,,,500,2.7742166475164254e-07,2.534606005077933e-07,1.0,1.0,,,,,,
q,beta_max,5,0.0,,1000.0,,,,100,1.4096427492282793e-05,5.977061780182424e-06,1.0,1.0,,,,,,
q,beta_max,5,0.0,,1000.0,,,,500,1.4096427492282793e-05,1.6483028026925697e-06,1.0,1.0,,,,,,
q,beta_max,6,0.0,,1000.0,,,,100,4.64761786833634e-08,4.405826659059642e-08,1.0,1.0,,,,,,
q,beta_max,6,0.0,,1000.0,,,,500,2.597709372054169e-07,2.597709372054169e-07,1.0,1.0,,,,,,
q,beta_max,7,0.0,,1000.0,,,,100,2.138913469292014e-06,1.2507661981131513e-06,1.0,1.0,,,,,,
q,beta_max,7,0.0,,1000.0,,,,500,2.138913469292014e-06,3.2575240704879604e-07,1.0,1.0,,,,,,
q,beta_max,12,0.0,,1000.0,,,,100,3.279982063730813e-08,3.279982063730813e-08,1.0,1.0,,,,,,
q,beta_max,12,0.0,,1000.0,,,,500,2.337195317281271e-07,2.323051733199577e-07,1.0,1.0,,,,,,
q,beta_max,13,0.0,,1000.0,,,,100,4.58466848929362e-08,4.58466848929362e-08,1.0,1.0,,,,,,
q,beta_max,13,0.0,,1000.0,,,,500,2.44146739711848e-05,7.547016205089463e-06,1.0,1.0,,,,,,
q,beta_max,14,0.0,,1000.0,,,,100,1.580745818546836e-07,1.183234092927421e-07,1.0,1.0,,,,,,
q,beta_max,14,0.0,,1000.0,,,,500,2.505869689528595e-07,2.505869689528595e-07,1.0,1.0,,,,,,
q,beta_max,15,0.0,,1000.0,,,,100,2.5669270931061305e-08,2.5669270931061305e-08,1.0,1.0,,,,,,
q,beta_max,15,0.0,,1000.0,,,,500,1.937316445044246e-07,1.937316445044246e-07,1.0,1.0,,,,,,
q,beta_max,16,0.0,,1000.0,,,,100,2.5020789440333153e-08,2.4337187598533205e-08,1.0,1.0,,,,,,
q,beta_max,16,0.0,,1000.0,,,,500,2.276912147713972e-07,2.276912147713972e-07,1.0,1.0,,,,,,
q,beta_max,17,0.0,,1000.0,,,,100,2.953205169298201e-08,2.8584952960208912e-08,1.0,1.0,,,,,,
q,beta_max,17,0.0,,1000.0,,,,500,2.9474774221327493e-07,2.9474774221327493e-07,1.0,1.0,,,,,,
q,beta_max,18,0.0,,1000.0,,,,100,1.6576325786513135e-05,1.4917911233286452e-05,1.0,1.0,,,,,,
q,beta_max,18,0.0,,1000.0,,,,500,1.6576325786513135e-05,7.828847059743183e-06,1.0,1.0,,,,,,
q,beta_max,19,0.0,,1000.0,,,,100,2.5587251595848848e-06,1.1611252107579515e-06,1.0,1.0,,,,,,
q,beta_max,19,0.0,,1000.0,,,,500,2.5587251595848848e-06,1.884561144915864e-07,1.0,1.0,,,,,,
q,beta_max,0,0.0,,10000.0,,,,100,3.0288793251287416e-08,3.0288793251287416e-08,1.0,1.0,,,,,,
q,beta_max,0,0.0,,10000.0,,,,500,2.2809529198752898e-07,2.2809529198752898e-07,1.0,1.0,,,,,,
q,beta_max,1,0.0,,10000.0,,,,100,3.0576423615258363e-08,2.9574509285978934e-08,1.0,1.0,,,,,,
q,beta_max,1,0.0,,10000.0,,,,500,3.072957106553531e-07,3.072957106553531e-07,1.0,1.0,,,,,,
q,beta_max,2,0.0,,10000.0,,,,100,2.982463576106653e-08,2.982463576106653e-08,1.0,1.0,,,,,,
q,beta_max,2,0.0,,10000.0,,,,500,2.796233458113307e-07,2.796233458113307e-07,1.0,1.0,,,,,,
q,beta_max,3,0.0,,10000.0,,,,100,1.647558239836755e-08,1.647558239836755e-08,1.0,1.0,,,,,,
q,beta_max,3,0.0,,10000.0,,,,500,1.71532581472178e-07,1.71532581472178e-07,1.0,1.0,,,,,,
q,beta_max,0,0.0,,1000000.0,,,,100,3.0288793251287416e-08,3.0288793251287416e-08,1.0,1.0,,,,,,
q,beta_max,0,0.0,,1000000.0,,,,500,2.2809529198752898e-07,2.2809529198752898e-07,1.0,1.0,,,,,,
q,beta_max,1,0.0,,1000000.0,,,,100,3.0576423615258363e-08,2.9574509285978934e-08,1.0,1.0,,,,,,
q,beta_max,1,0.0,,1000000.0,,,,500,3.072957106553531e-07,3.072957106553531e-07,1.0,1.0,,,,,,
q,beta_max,2,0.0,,1000000.0,,,,100,2.982463576106653e-08,2.982463576106653e-08,1.0,1.0,,,,,,
q,beta_max,2,0.0,,1000000.0,,,,500,2.796233458113307e-07,2.796233458113307e-07,1.0,1.0,,,,,,
q,beta_max,3,0.0,,1000000.0,,,,100,1.647558239836755e-08,1.647558239836755e-08,1.0,1.0,,,,,,
q,beta_max,3,0.0,,1000000.0,,,,500,1.71532581472178e-07,1.71532581472178e-07,1.0,1.0,,,,,,
q,beta_max,4,0.0,,10000.0,,,,100,4.642420647904544e-08,4.332231684500698e-08,1.0,1.0,,,,,,
q,beta_max,4,0.0,,10000.0,,,,500,2.77423199968041e-07,2.534621414973515e-07,1.0,1.0,,,,,,
q,beta_max,5,0.0,,10000.0,,,,100,3.0483231494571334e-08,3.0483231494571334e-08,1.0,1.0,,,,,,
q,beta_max,5,0.0,,10000.0,,,,500,2.563957490764324e-07,2.563957490764324e-07,1.0,1.0,,,,,,
q,beta_max,6,0.0,,10000.0,,,,100,4.6476186232879975e-08,4.4058273473979184e-08,1.0,1.0,,,,,,
q,beta_max,6,0.0,,10000.0,,,,500,2.597709385376845e-07,2.597709385376845e-07,1.0,1.0,,,,,,
q,beta_max,7,0.0,,10000.0,,,,100,4.16468497466127e-08,4.16468497466127e-08,1.0,1.0,,,,,,
q,beta_max,7,0.0,,10000.0,,,,500,2.946607540188495e-07,2.946607540188495e-07,1.0,1.0,,,,,,
q,beta_max,12,0.0,,10000.0,,,,100,3.2799822635709575e-08,3.2799822635709575e-08,1.0,1.0,,,,,,
q,beta_max,12,0.0,,10000.0,,,,500,2.3371953306039478e-07,2.3230517465222533e-07,1.0,1.0,,,,,,
q,beta_max,13,0.0,,10000.0,,,,100,4.584799451201606e-08,4.584799451201606e-08,1.0,1.0,,,,,,
q,beta_max,13,0.0,,10000.0,,,,500,3.592955435394174e-07,3.57377145654425e-07,1.0,1.0,,,,,,
q,beta_max,14,0.0,,10000.0,,,,100,3.1374624231972354e-08,3.091487932316284e-08,1.0,1.0,,,,,,
q,beta_max,14,0.0,,10000.0,,,,500,2.5070879994260054e-07,2.5070879994260054e-07,1.0,1.0,,,,,,
q,beta_max,15,0.0,,10000.0,,,,100,2.6830552890544368e-08,2.6830552890544368e-08,1.0,1.0,,,,,,
q,beta_max,15,0.0,,10000.0,,,,500,1.945246288492797e-07,1.945246288492797e-07,1.0,1.0,,,,,,
q,beta_max,4,0.0,,1000000.0,,,,100,4.642420647904544e-08,4.332231684500698e-08,1.0,1.0,,,,,,
q,beta_max,4,0.0,,1000000.0,,,,500,2.77423199968041e-07,2.534621414973515e-07,1.0,1.0,,,,,,
q,beta_max,5,0.0,,1000000.0,,,,100,3.0483231494571334e-08,3.0483231494571334e-08,1.0,1.0,,,,,,
q,beta_max,5,0.0,,1000000.0,,,,500,2.563957490764324e-07,2.563957490764324e-07,1.0,1.0,,,,,,
q,beta_max,6,0.0,,1000000.0,,,,100,4.6476186232879975e-08,4.4058273473979184e-08,1.0,1.0,,,,,,
q,beta_max,6,0.0,,1000000.0,,,,500,2.597709385376845e-07,2.597709385376845e-07,1.0,1.0,,,,,,
q,beta_max,7,0.0,,1000000.0,,,,100,4.16468497466127e-08,4.16468497466127e-08,1.0,1.0,,,,,,
q,beta_max,7,0.0,,1000000.0,,,,500,2.946607540188495e-07,2.946607540188495e-07,1.0,1.0,,,,,,
q,beta_max,8,0.0,,10000.0,,,,100,2.6734698677088893e-08,2.6734698677088893e-08,1.0,1.0,,,,,,
q,beta_max,8,0.0,,10000.0,,,,500,1.8455472017286922e-07,1.834505589659585e-07,1.0,1.0,,,,,,
q,beta_max,9,0.0,,10000.0,,,,100,2.9533347351007322e-08,1.2795737691639886e-08,1.0,1.0,,,,,,
q,beta_max,9,0.0,,10000.0,,,,500,1.5160538202607654e-07,1.5160538202607654e-07,1.0,1.0,,,,,,
q,beta_max,10,0.0,,10000.0,,,,100,5.2303734232594934e-08,5.2303734232594934e-08,1.0,1.0,,,,,,
q,beta_max,10,0.0,,10000.0,,,,500,3.129834968973455e-07,3.129834968973455e-07,1.0,1.0,,,,,,
q,beta_max,11,0.0,,10000.0,,,,100,2.417163513790399e-08,2.417163513790399e-08,1.0,1.0,,,,,,
q,beta_max,11,0.0,,10000.0,,,,500,1.9030721754020882e-07,1.9030721754020882e-07,1.0,1.0,,,,,,
q,beta_max,16,0.0,,10000.0,,,,100,2.6310534861906376e-08,2.6134820751977372e-08,1.0,1.0,,,,,,
q,beta_max,16,0.0,,10000.0,,,,500,2.293664711494614e-07,2.293664711494614e-07,1.0,1.0,,,,,,
q,beta_max,17,0.0,,10000.0,,,,100,2.9851174643269474e-08,2.8796752538085002e-08,1.0,1.0,,,,,,
q,beta_max,17,0.0,,10000.0,,,,500,2.948078834386081e-07,2.948078834386081e-07,1.0,1.0,,,,,,
q,beta_max,18,0.0,,10000.0,,,,100,3.440620339328904e-07,3.05299362624023e-07,1.0,1.0,,,,,,
q,beta_max,18,0.0,,10000.0,,,,500,3.440620339328904e-07,2.931351419377393e-07,1.0,1.0,,,,,,
q,beta_max,19,0.0,,10000.0,,,,100,2.7828717330535824e-08,2.7828717330535824e-08,1.0,1.0,,,,,,
q,beta_max,19,0.0,,10000.0,,,,500,2.369546976410675e-07,2.369546976410675e-07,1.0,1.0,,,,,,
q,beta_max,8,0.0,,1000000.0,,,,100,2.6734698677088893e-08,2.6734698677088893e-08,1.0,1.0,,,,,,
q,beta_max,8,0.0,,1000000.0,,,,500,1.8455472017286922e-07,1.834505589659585e-07,1.0,1.0,,,,,,
q,beta_max,9,0.0,,1000000.0,,,,100,1.7943662777852865e-08,1.7943662777852865e-08,1.0,1.0,,,,,,
q,beta_max,9,0.0,,1000000.0,,,,500,1.5406874154244576e-07,1.5406874154244576e-07,1.0,1.0,,,,,,
q,beta_max,10,0.0,,1000000.0,,,,100,5.231419519802216e-08,5.231419519802216e-08,1.0,1.0,,,,,,
q,beta_max,10,0.0,,1000000.0,,,,500,3.13004706598008e-07,3.13004706598008e-07,1.0,1.0,,,,,,
q,beta_max,11,0.0,,1000000.0,,,,100,2.417163513790399e-08,2.417163513790399e-08,1.0,1.0,,,,,,
q,beta_max,11,0.0,,1000000.0,,,,500,1.9030721754020882e-07,1.9030721754020882e-07,1.0,1.0,,,,,,
q,beta_max,12,0.0,,1000000.0,,,,100,3.2799822635709575e-08,3.2799822635709575e-08,1.0,1.0,,,,,,
q,beta_max,12,0.0,,1000000.0,,,,500,2.3371953306039478e-07,2.3230517465222533e-07,1.0,1.0,,,,,,
q,beta_max,13,0.0,,1000000.0,,,,100,4.584799451201606e-08,4.584799451201606e-08,1.0,1.0,,,,,,
q,beta_max,13,0.0,,1000000.0,,,,500,3.592955435394174e-07,3.57377145654425e-07,1.0,1.0,,,,,,
q,beta_max,14,0.0,,1000000.0,,,,100,3.1374624231972354e-08,3.091487932316284e-08,1.0,1.0,,,,,,
q,beta_max,14,0.0,,1000000.0,,,,500,2.5070879994260054e-07,2.5070879994260054e-07,1.0,1.0,,,,,,
q,beta_max,15,0.0,,1000000.0,,,,100,2.6830552890544368e-08,2.6830552890544368e-08,1.0,1.0,,,,,,
q,beta_max,15,0.0,,1000000.0,,,,500,1.945246288492797e-07,1.945246288492797e-07,1.0,1.0,,,,,,
q,beta_max,16,0.0,,1000000.0,,,,100,2.6310534861906376e-08,2.6134820751977372e-08,1.0,1.0,,,,,,
q,beta_max,16,0.0,,1000000.0,,,,500,2.293664711494614e-07,2.293664711494614e-07,1.0,1.0,,,,,,
q,beta_max,17,0.0,,1000000.0,,,,100,2.9851174643269474e-08,2.8796752538085002e-08,1.0,1.0,,,,,,
q,beta_max,17,0.0,,1000000.0,,,,500,2.948078834386081e-07,2.948078834386081e-07,1.0,1.0,,,,,,
q,beta_max,18,0.0,,1000000.0,,,,100,2.9979377424993465e-08,2.9979377424993465e-08,1.0,1.0,,,,,,
q,beta_max,18,0.0,,1000000.0,,,,500,2.95161442398495e-07,2.931351419377393e-07,1.0,1.0,,,,,,
q,beta_max,19,0.0,,1000000.0,,,,100,2.7828717330535824e-08,2.7828717330535824e-08,1.0,1.0,,,,,,
q,beta_max,19,0.0,,1000000.0,,,,500,2.369546976410675e-07,2.369546976410675e-07,1.0,1.0,,,,,,
q,beta_x_noise,0,0.0,10.0,,0.0,,,100,0.0078654006717462,0.0078654006717462,1.0,1.0,,,,,,
q,beta_x_noise,0,0.0,10.0,,0.0,,,500,0.0703483264140669,0.0703483264140669,1.0,1.0,,,,,,
q,beta_x_noise,1,0.0,10.0,,0.0,,,100,0.0085431026991491,0.0085431026991491,1.0,1.0,,,,,,
q,beta_x_noise,1,0.0,10.0,,0.0,,,500,0.1029669651519222,0.1029669651519222,1.0,1.0,,,,,,
q,beta_x_noise,2,0.0,10.0,,0.0,,,100,0.0083911103296729,0.0083911103296729,1.0,1.0,,,,,,
q,beta_x_noise,2,0.0,10.0,,0.0,,,500,0.0801464699846628,0.0801464699846628,1.0,1.0,,,,,,
q,beta_x_noise,3,0.0,10.0,,0.0,,,100,0.0042355795345393,0.0040696979433734,1.0,1.0,,,,,,
q,beta_x_noise,3,0.0,10.0,,0.0,,,500,0.043771805598443,0.0437608622715881,1.0,1.0,,,,,,
q,beta_x_noise,4,0.0,10.0,,0.0,,,100,0.0088521667948935,0.0088521667948935,1.0,1.0,,,,,,
q,beta_x_noise,4,0.0,10.0,,0.0,,,500,0.0773743505513366,0.0759141694927172,1.0,1.0,,,,,,
q,beta_x_noise,5,0.0,10.0,,0.0,,,100,0.0063838579455313,0.0063838579455313,1.0,1.0,,,,,,
q,beta_x_noise,5,0.0,10.0,,0.0,,,500,0.0712759603447552,0.0706507239871339,1.0,1.0,,,,,,
q,beta_x_noise,6,0.0,10.0,,0.0,,,100,0.0134763241284419,0.013443267114634,1.0,1.0,,,,,,
q,beta_x_noise,6,0.0,10.0,,0.0,,,500,0.121649033828505,0.1208653197692468,1.0,1.0,,,,,,
q,beta_x_noise,7,0.0,10.0,,0.0,,,100,0.0071246796738972,0.0071246796738972,1.0,1.0,,,,,,
q,beta_x_noise,7,0.0,10.0,,0.0,,,500,0.0957087708553712,0.0929353714308223,1.0,1.0,,,,,,
q,beta_x_noise,16,0.0,10.0,,0.0,,,100,0.0102200045357681,0.0102200045357681,1.0,1.0,,,,,,
q,beta_x_noise,16,0.0,10.0,,0.0,,,500,0.1250334393828516,0.1250334393828516,1.0,1.0,,,,,,
q,beta_x_noise,17,0.0,10.0,,0.0,,,100,0.0095632825098059,0.0095632825098059,1.0,1.0,,,,,,
q,beta_x_noise,17,0.0,10.0,,0.0,,,500,0.0983961016682428,0.0978359725369206,1.0,1.0,,,,,,
q,beta_x_noise,18,0.0,10.0,,0.0,,,100,0.0084988319412524,0.0084988319412524,1.0,1.0,,,,,,
q,beta_x_noise,18,0.0,10.0,,0.0,,,500,0.0722542468116937,0.0722542468116937,1.0,1.0,,,,,,
q,beta_x_noise,19,0.0,10.0,,0.0,,,100,0.0105843053245771,0.0105843053245771,1.0,1.0,,,,,,
q,beta_x_noise,19,0.0,10.0,,0.0,,,500,0.1026200742356131,0.1026200742356131,1.0,1.0,,,,,,
q,beta_x_noise,8,0.0,10.0,,0.0,,,100,0.0071001337325786,0.0071001337325786,1.0,1.0,,,,,,
q,beta_x_noise,8,0.0,10.0,,0.0,,,500,0.0623296688070112,0.0537946422738198,1.0,1.0,,,,,,
q,beta_x_noise,9,0.0,10.0,,0.0,,,100,0.0049165108486828,0.0049165108486828,1.0,1.0,,,,,,
q,beta_x_noise,9,0.0,10.0,,0.0,,,500,0.0466274106681112,0.0466274106681112,1.0,1.0,,,,,,
q,beta_x_noise,10,0.0,10.0,,0.0,,,100,0.012384722760838,0.012384722760838,1.0,1.0,,,,,,
q,beta_x_noise,10,0.0,10.0,,0.0,,,500,0.1177751559639292,0.1177751559639292,1.0,1.0,,,,,,
q,beta_x_noise,11,0.0,10.0,,0.0,,,100,0.006153705966031,0.006153705966031,1.0,1.0,,,,,,
q,beta_x_noise,11,0.0,10.0,,0.0,,,500,0.0626649298860151,0.0614313011208196,1.0,1.0,,,,,,
q,beta_x_noise,12,0.0,10.0,,0.0,,,100,0.0070713844111958,0.0070713844111958,1.0,1.0,,,,,,
q,beta_x_noise,12,0.0,10.0,,0.0,,,500,0.0738752697434734,0.0737860008026638,1.0,1.0,,,,,,
q,beta_x_noise,13,0.0,10.0,,0.0,,,100,0.014577195689156,0.014577195689156,1.0,1.0,,,,,,
q,beta_x_noise,13,0.0,10.0,,0.0,,,500,0.1395477797809832,0.1395477797809832,1.0,1.0,,,,,,
q,beta_x_noise,14,0.0,10.0,,0.0,,,100,0.0050040999581867,0.0050040999581867,1.0,1.0,,,,,,
q,beta_x_noise,14,0.0,10.0,,0.0,,,500,0.0600093324477328,0.0600093324477328,1.0,1.0,,,,,,
q,beta_x_noise,15,0.0,10.0,,0.0,,,100,0.0078067733739022,0.0078067733739022,1.0,1.0,,,,,,
q,beta_x_noise,15,0.0,10.0,,0.0,,,500,0.0570154974488268,0.0559127725613457,1.0,1.0,,,,,,
q,beta_x_noise,4,0.0,10.0,,1e-05,,,100,0.0087256072969084,0.0087256072969084,1.0,1.0,,,,,,
q,beta_x_noise,4,0.0,10.0,,1e-05,,,500,0.0775170678109895,0.0759999332181409,1.0,1.0,,,,,,
q,beta_x_noise,5,0.0,10.0,,1e-05,,,100,0.0064869879118304,0.0064869879118304,1.0,1.0,,,,,,
q,beta_x_noise,5,0.0,10.0,,1e-05,,,500,0.0717123778226493,0.070906076896283,1.0,1.0,,,,,,
q,beta_x_noise,6,0.0,10.0,,1e-05,,,100,0.0139994591307377,0.0138856925715182,1.0,1.0,,,,,,
q,beta_x_noise,6,0.0,10.0,,1e-05,,,500,0.1196984820872253,0.118905476711741,1.0,1.0,,,,,,
q,beta_x_noise,7,0.0,10.0,,1e-05,,,100,0.0069748425507445,0.0069748425507445,1.0,1.0,,,,,,
q,beta_x_noise,7,0.0,10.0,,1e-05,,,500,0.0961253602236027,0.0932874809193258,1.0,1.0,,,,,,
q,beta_x_noise,0,0.0,10.0,,1e-05,,,100,0.0080240772070949,0.0080240772070949,1.0,1.0,,,,,,
q,beta_x_noise,0,0.0,10.0,,1e-05,,,500,0.0702910105535448,0.0702910105535448,1.0,1.0,,,,,,
q,beta_x_noise,1,0.0,10.0,,1e-05,,,100,0.0090859531292976,0.0090859531292976,1.0,1.0,,,,,,
q,beta_x_noise,1,0.0,10.0,,1e-05,,,500,0.1058326750580564,0.1058326750580564,1.0,1.0,,,,,,
q,beta_x_noise,2,0.0,10.0,,1e-05,,,100,0.0086388578347786,0.0086388578347786,1.0,1.0,,,,,,
q,beta_x_noise,2,0.0,10.0,,1e-05,,,500,0.0799453165599168,0.0799453165599168,1.0,1.0,,,,,,
q,beta_x_noise,3,0.0,10.0,,1e-05,,,100,0.0044005854076872,0.0042354724864713,1.0,1.0,,,,,,
q,beta_x_noise,3,0.0,10.0,,1e-05,,,500,0.0450460724754491,0.0450270993900445,1.0,1.0,,,,,,
q,beta_x_noise,8,0.0,10.0,,1e-05,,,100,0.0069463921117084,0.0069463921117084,1.0,1.0,,,,,,
q,beta_x_noise,8,0.0,10.0,,1e-05,,,500,0.0634483684426429,0.0550466835856344,1.0,1.0,,,,,,
q,beta_x_noise,9,0.0,10.0,,1e-05,,,100,0.0041029663964888,0.0041029663964888,1.0,1.0,,,,,,
q,beta_x_noise,9,0.0,10.0,,1e-05,,,500,0.045138040672775,0.045138040672775,1.0,1.0,,,,,,
q,beta_x_noise,10,0.0,10.0,,1e-05,,,100,0.0120886726643698,0.0120886726643698,1.0,1.0,,,,,,
q,beta_x_noise,10,0.0,10.0,,1e-05,,,500,0.1170961930428808,0.1170961930428808,1.0,1.0,,,,,,
q,beta_x_noise,11,0.0,10.0,,1e-05,,,100,0.0062282882330256,0.0062282882330256,1.0,1.0,,,,,,
q,beta_x_noise,11,0.0,10.0,,1e-05,,,500,0.0632604214938847,0.0620012087785912,1.0,1.0,,,,,,
q,beta_x_noise,12,0.0,10.0,,1e-05,,,100,0.0073587883022286,0.0073587883022286,1.0,1.0,,,,,,
q,beta_x_noise,12,0.0,10.0,,1e-05,,,500,0.0781822817672557,0.0781245865723065,1.0,1.0,,,,,,
q,beta_x_noise,13,0.0,10.0,,1e-05,,,100,0.0147661883394147,0.0147661883394147,1.0,1.0,,,,,,
q,beta_x_noise,13,0.0,10.0,,1e-05,,,500,0.1411009280847524,0.1411009280847524,1.0,1.0,,,,,,
q,beta_x_noise,14,0.0,10.0,,1e-05,,,100,0.005100177746076,0.005100177746076,1.0,1.0,,,,,,
q,beta_x_noise,14,0.0,10.0,,1e-05,,,500,0.0599144322475271,0.0599144322475271,1.0,1.0,,,,,,
q,beta_x_noise,15,0.0,10.0,,1e-05,,,100,0.0079948090978301,0.0079948090978301,1.0,1.0,,,,,,
q,beta_x_noise,15,0.0,10.0,,1e-05,,,500,0.0579731561210912,0.0568994163864839,1.0,1.0,,,,,,
q,beta_x_noise,16,0.0,10.0,,1e-05,,,100,0.0103245427558613,0.0103245427558613,1.0,1.0,,,,,,
q,beta_x_noise,16,0.0,10.0,,1e-05,,,500,0.1275890721277517,0.1275890721277517,1.0,1.0,,,,,,
q,beta_x_noise,17,0.0,10.0,,1e-05,,,100,0.009504088354079,0.009504088354079,1.0,1.0,,,,,,
q,beta_x_noise,17,0.0,10.0,,1e-05,,,500,0.101687169461786,0.1010805019627327,1.0,1.0,,,,,,
q,beta_x_noise,18,0.0,10.0,,1e-05,,,100,0.0080792347654661,0.0080792347654661,1.0,1.0,,,,,,
q,beta_x_noise,18,0.0,10.0,,1e-05,,,500,0.070245871259134,0.070245871259134,1.0,1.0,,,,,,
q,beta_x_noise,19,0.0,10.0,,1e-05,,,100,0.0102992098628524,0.0102992098628524,1.0,1.0,,,,,,
q,beta_x_noise,19,0.0,10.0,,1e-05,,,500,0.1007241223067665,0.1007241223067665,1.0,1.0,,,,,,
q,beta_x_noise,8,0.0,10.0,,0.0001,,,100,0.0065170878983621,0.0065170878983621,1.0,1.0,,,,,,
q,beta_x_noise,8,0.0,10.0,,0.0001,,,500,0.0735208911088247,0.0663181210530579,1.0,1.0,,,,,,
q,beta_x_noise,9,0.0,10.0,,0.0001,,,100,0.007534928962828,0.007534928962828,1.0,1.0,,,,,,
q,beta_x_noise,9,0.0,10.0,,0.0001,,,500,0.047218287530631,0.047218287530631,1.0,1.0,,,,,,
q,beta_x_noise,10,0.0,10.0,,0.0001,,,100,0.0094115797140617,0.0094115797140617,1.0,1.0,,,,,,
q,beta_x_noise,10,0.0,10.0,,0.0001,,,500,0.1109918115393147,0.1109918115393147,1.0,1.0,,,,,,
q,beta_x_noise,11,0.0,10.0,,0.0001,,,100,0.0077353046815181,0.0077353046815181,1.0,1.0,,,,,,
q,beta_x_noise,11,0.0,10.0,,0.0001,,,500,0.0686053703779099,0.0685230484642449,1.0,1.0,,,,,,
q,beta_x_noise,4,0.0,10.0,,0.0001,,,100,0.0083289737087102,0.0081830164907166,1.0,1.0,,,,,,
q,beta_x_noise,4,0.0,10.0,,0.0001,,,500,0.0787985825266646,0.0767689724579692,1.0,1.0,,,,,,
q,beta_x_noise,5,0.0,10.0,,0.0001,,,100,0.0074162141061757,0.0074162141061757,1.0,1.0,,,,,,
q,beta_x_noise,5,0.0,10.0,,0.0001,,,500,0.0756369219572379,0.0743522135260876,1.0,1.0,,,,,,
q,beta_x_noise,6,0.0,10.0,,0.0001,,,100,0.0186569181002003,0.0184846158112255,1.0,1.0,,,,,,
q,beta_x_noise,6,0.0,10.0,,0.0001,,,500,0.1021105781239883,0.1012350277172919,1.0,1.0,,,,,,
q,beta_x_noise,7,0.0,10.0,,0.0001,,,100,0.0067758421506448,0.0067758421506448,1.0,1.0,,,,,,
q,beta_x_noise,7,0.0,10.0,,0.0001,,,500,0.0999661822863617,0.0964568715842024,1.0,1.0,,,,,,
q,beta_x_noise,0,0.0,10.0,,0.0001,,,100,0.0094421419971868,0.0094421419971868,1.0,1.0,,,,,,
q,beta_x_noise,0,0.0,10.0,,0.0001,,,500,0.0719589962051951,0.0719589962051951,1.0,1.0,,,,,,
q,beta_x_noise,1,0.0,10.0,,0.0001,,,100,0.0140628392547779,0.0140628392547779,1.0,1.0,,,,,,
q,beta_x_noise,1,0.0,10.0,,0.0001,,,500,0.1321663143795541,0.1315504126271882,1.0,1.0,,,,,,
q,beta_x_noise,2,0.0,10.0,,0.0001,,,100,0.0108310055946472,0.0107453538992063,1.0,1.0,,,,,,
q,beta_x_noise,2,0.0,10.0,,0.0001,,,500,0.078094625564852,0.078094625564852,1.0,1.0,,,,,,
q,beta_x_noise,3,0.0,10.0,,0.0001,,,100,0.0058799898255378,0.0057054442636376,1.0,1.0,,,,,,
q,beta_x_noise,3,0.0,10.0,,0.0001,,,500,0.0565444141575199,0.0564173446797005,1.0,1.0,,,,,,
q,beta_x_noise,16,0.0,10.0,,0.0001,,,100,0.0113012049953489,0.0112794301419867,1.0,1.0,,,,,,
q,beta_x_noise,16,0.0,10.0,,0.0001,,,500,0.1505779512759737,0.1505779512759737,1.0,1.0,,,,,,
q,beta_x_noise,17,0.0,10.0,,0.0001,,,100,0.0091084288188292,0.0089588219763532,1.0,1.0,,,,,,
q,beta_x_noise,17,0.0,10.0,,0.0001,,,500,0.1313074519595991,0.130291641249221,1.0,1.0,,,,,,
q,beta_x_noise,18,0.0,10.0,,0.0001,,,100,0.0055504273282811,0.0055504273282811,0.989492119089317,0.989247311827957,,,,,,
q,beta_x_noise,18,0.0,10.0,,0.0001,,,500,0.0718639403209362,0.0715762998955632,0.997980477953551,0.9979716024340772,,,,,,
q,beta_x_noise,19,0.0,10.0,,0.0001,,,100,0.0076884654554167,0.0076884654554167,1.0,1.0,,,,,,
q,beta_x_noise,19,0.0,10.0,,0.0001,,,500,0.0836401464547074,0.0836401464547074,1.0,1.0,,,,,,
q,beta_x_noise,12,0.0,10.0,,0.0001,,,100,0.011218953841754,0.011218953841754,1.0,1.0,,,,,,
q,beta_x_noise,12,0.0,10.0,,0.0001,,,500,0.117144744997828,0.117144744997828,1.0,1.0,,,,,,
q,beta_x_noise,13,0.0,10.0,,0.0001,,,100,0.0164658083207598,0.0164658083207598,1.0,1.0,,,,,,
q,beta_x_noise,13,0.0,10.0,,0.0001,,,500,0.1550571344052209,0.1550571344052209,1.0,1.0,,,,,,
q,beta_x_noise,14,0.0,10.0,,0.0001,,,100,0.0059635517728768,0.0059635517728768,1.0,1.0,,,,,,
q,beta_x_noise,14,0.0,10.0,,0.0001,,,500,0.0590503691344257,0.0590503691344257,1.0,1.0,,,,,,
q,beta_x_noise,15,0.0,10.0,,0.0001,,,100,0.0096727112367989,0.0096727112367989,1.0,1.0,,,,,,
q,beta_x_noise,15,0.0,10.0,,0.0001,,,500,0.0665780917484633,0.0657661629484271,1.0,1.0,,,,,,
q,beta_x_noise,0,0.0,10.0,,0.001,,,100,0.0472121818827055,0.0450642890726715,1.0,1.0,,,,,,
q,beta_x_noise,0,0.0,10.0,,0.001,,,500,0.1358272300805088,0.1127403902963366,1.0,1.0,,,,,,
q,beta_x_noise,1,0.0,10.0,,0.001,,,100,0.0665424719651668,0.0665424719651668,1.0,1.0,,,,,,
q,beta_x_noise,1,0.0,10.0,,0.001,,,500,0.447049874900046,0.447049874900046,1.0,1.0,,,,,,
q,beta_x_noise,2,0.0,10.0,,0.001,,,100,0.0377316003877864,0.0314327949372985,1.0,1.0,,,,,,
q,beta_x_noise,2,0.0,10.0,,0.001,,,500,0.1069787945531097,0.0943001136169936,1.0,1.0,,,,,,
q,beta_x_noise,3,0.0,10.0,,0.001,,,100,0.045369513615926,0.0321979639405076,0.9858657243816256,0.9893617021276596,,,,,,
q,beta_x_noise,3,0.0,10.0,,0.001,,,500,0.1794714218537889,0.1702149642300425,0.9973027646662171,0.9959514170040484,,,,,,
q,beta_x_noise,4,0.0,10.0,,0.001,,,100,0.0339780581627084,0.0188741161123995,1.0,1.0,,,,,,
q,beta_x_noise,4,0.0,10.0,,0.001,,,500,0.0984372027518563,0.0844301456035592,1.0,1.0,,,,,,
q,beta_x_noise,5,0.0,10.0,,0.001,,,100,0.0418102508215623,0.0380329213808074,1.0,1.0,,,,,,
q,beta_x_noise,5,0.0,10.0,,0.001,,,500,0.1555759901689093,0.1231295549325182,1.0,1.0,,,,,,
q,beta_x_noise,6,0.0,10.0,,0.001,,,100,0.0654249960474901,0.0654249960474901,1.0,1.0,,,,,,
q,beta_x_noise,6,0.0,10.0,,0.001,,,500,0.1719035925787833,0.1641428200248942,1.0,1.0,,,,,,
q,beta_x_noise,7,0.0,10.0,,0.001,,,100,0.0249243755328999,0.0201359071841666,1.0,1.0,,,,,,
q,beta_x_noise,7,0.0,10.0,,0.001,,,500,0.1522906772548999,0.1282707739218533,1.0,1.0,,,,,,
q,beta_x_noise,8,0.0,10.0,,0.001,,,100,0.0252679723332086,0.0229797413287675,1.0,1.0,,,,,,
q,beta_x_noise,8,0.0,10.0,,0.001,,,500,0.3489481465871957,0.3067614520746893,1.0,1.0,,,,,,
q,beta_x_noise,9,0.0,10.0,,0.001,,,100,0.0846216512013544,0.0765204427263311,1.0,1.0,,,,,,
q,beta_x_noise,9,0.0,10.0,,0.001,,,500,0.187405471816084,0.1540611857990943,1.0,1.0,,,,,,
q,beta_x_noise,10,0.0,10.0,,0.001,,,100,0.0444770804219303,0.03546457472574,0.9893428063943162,0.9894736842105264,,,,,,
q,beta_x_noise,10,0.0,10.0,,0.001,,,500,0.1115828156885956,0.0826769946250178,0.9979750253121836,0.997979797979798,,,,,,
q,beta_x_noise,11,0.0,10.0,,0.001,,,100,0.0380721407796604,0.0323922838816708,1.0,1.0,,,,,,
q,beta_x_noise,11,0.0,10.0,,0.001,,,500,0.1726660341656307,0.1714655007601084,1.0,1.0,,,,,,
q,beta_x_noise,12,0.0,10.0,,0.001,,,100,0.0636188461643371,0.0636188461643371,1.0,1.0,,,,,,
q,beta_x_noise,12,0.0,10.0,,0.001,,,500,0.5218373585568634,0.5073662039273523,1.0,1.0,,,,,,
q,beta_x_noise,13,0.0,10.0,,0.001,,,100,0.043916569361412,0.0389947377233783,0.9776247848537004,0.9894736842105264,,,,,,
q,beta_x_noise,13,0.0,10.0,,0.001,,,500,0.3142643343257103,0.2924393502158837,0.995639047299564,0.997979797979798,,,,,,
q,beta_x_noise,14,0.0,10.0,,0.001,,,100,0.0456393807468134,0.0426841962281804,0.9737302977232924,0.967741935483871,,,,,,
q,beta_x_noise,14,0.0,10.0,,0.001,,,500,0.0875464751032445,0.0811373685404343,0.9949511948838776,0.9939148073022313,,,,,,
q,beta_x_noise,15,0.0,10.0,,0.001,,,100,0.0401220712515245,0.0401220712515245,1.0,1.0,,,,,,
q,beta_x_noise,15,0.0,10.0,,0.001,,,500,0.156837600247679,0.1543120497644956,1.0,1.0,,,,,,
q,beta_x_noise,16,0.0,10.0,,0.001,,,100,0.0432246494521558,0.0395625523200918,1.0,1.0,,,,,,
q,beta_x_noise,16,0.0,10.0,,0.001,,,500,0.4322577089649351,0.4322150971501135,1.0,1.0,,,,,,
q,beta_x_noise,17,0.0,10.0,,0.001,,,100,0.0410296461775185,0.0410296461775185,0.99645390070922,0.9893617021276596,,,,,,
q,beta_x_noise,17,0.0,10.0,,0.001,,,500,0.4484491405906428,0.4484491405906428,0.9993252361673416,0.9979757085020244,,,,,,
q,beta_x_noise,18,0.0,10.0,,0.001,,,100,0.0521145385617627,0.0416684112216135,0.9719789842381786,0.978494623655914,,,,,,
q,beta_x_noise,18,0.0,10.0,,0.001,,,500,0.2242428425740954,0.2242428425740954,0.994614607876136,0.995943204868154,,,,,,
q,beta_x_noise,19,0.0,10.0,,0.001,,,100,0.0324306312593725,0.0301423915902956,1.0,1.0,,,,,,
q,beta_x_noise,19,0.0,10.0,,0.001,,,500,0.1969942632475132,0.1779354068294494,1.0,1.0,,,,,,
q,beta_x_noise,0,0.0,10.0,,0.01,,,100,0.4135053114947453,0.3882523506437493,0.903114186851211,0.9361702127659576,,,,,,
q,beta_x_noise,0,0.0,10.0,,0.01,,,500,1.483862860543634,1.254314743791947,0.9586971121558092,0.9736842105263158,,,,,,
q,beta_x_noise,1,0.0,10.0,,0.01,,,100,0.5704049742389791,0.5704049742389791,0.8694029850746269,0.8602150537634409,,,,,,
q,beta_x_noise,1,0.0,10.0,,0.01,,,500,3.3046824374798813,3.3046824374798813,0.7980245231607629,0.7870182555780934,,,,,,
q,beta_x_noise,2,0.0,10.0,,0.01,,,100,0.3828001573975738,0.3026084032222226,0.948306595365419,1.0,,,,,,
q,beta_x_noise,2,0.0,10.0,,0.01,,,500,0.9893391470441112,0.7178062348085337,0.9902060114826072,1.0,,,,,,
q,beta_x_noise,3,0.0,10.0,,0.01,,,100,0.4851626868776639,0.3650754085702712,0.8109540636042403,0.851063829787234,,,,,,
q,beta_x_noise,3,0.0,10.0,,0.01,,,500,1.3855777315585849,1.3855777315585849,0.7714093054619016,0.742914979757085,,,,,,
q,beta_x_noise,8,0.0,10.0,,0.01,,,100,0.2952620040469833,0.2931308285840213,0.9414893617021276,0.9782608695652174,,,,,,
q,beta_x_noise,8,0.0,10.0,,0.01,,,500,3.94028641586248,3.4791909638839984,0.9888663967611336,0.9959349593495936,,,,,,
q,beta_x_noise,9,0.0,10.0,,0.01,,,100,0.8688784090315792,0.7941191507862385,0.9509632224168126,0.9456521739130436,,,,,,
q,beta_x_noise,9,0.0,10.0,,0.01,,,500,1.855262855418637,1.4124295810387129,0.9902389767754964,0.9878048780487804,,,,,,
q,beta_x_noise,10,0.0,10.0,,0.01,,,100,0.5175448410951192,0.4393373821997427,0.8472468916518651,0.8631578947368421,,,,,,
q,beta_x_noise,10,0.0,10.0,,0.01,,,500,1.20599608298095,0.5448156573829337,0.95308808639892,0.9656565656565655,,,,,,
q,beta_x_noise,11,0.0,10.0,,0.01,,,100,0.3282769336527386,0.2864629327977971,0.7228260869565217,0.7157894736842105,,,,,,
q,beta_x_noise,11,0.0,10.0,,0.01,,,500,1.5344399756425051,1.5285065298957947,0.9437669376693768,0.9414141414141414,,,,,,
q,beta_x_noise,4,0.0,10.0,,0.01,,,100,0.2979023341326052,0.1586203126800029,0.9737302977232924,0.946236559139785,,,,,,
q,beta_x_noise,4,0.0,10.0,,0.01,,,500,0.4413211682702571,0.2580190518597292,0.9949511948838776,0.9898580121703854,,,,,,
q,beta_x_noise,5,0.0,10.0,,0.01,,,100,0.4145278068764146,0.3705385481207585,0.9930191972076788,0.9894736842105264,,,,,,
q,beta_x_noise,5,0.0,10.0,,0.01,,,500,0.9276146314084404,0.5922231512454657,0.9529095190043728,0.9575757575757576,,,,,,
q,beta_x_noise,6,0.0,10.0,,0.01,,,100,0.5260451159110167,0.5260451159110167,0.8385416666666666,0.8723404255319149,,,,,,
q,beta_x_noise,6,0.0,10.0,,0.01,,,500,2.803661418597815,2.7366967403049585,0.9516129032258064,0.9595141700404858,,,,,,
q,beta_x_noise,7,0.0,10.0,,0.01,,,100,0.239165945973814,0.2331044795305941,0.9775474956822108,0.967741935483871,,,,,,
q,beta_x_noise,7,0.0,10.0,,0.01,,,500,0.9635701973932016,0.4898848939536158,0.9872440416247062,0.9817444219066938,,,,,,
q,beta_x_noise,12,0.0,10.0,,0.01,,,100,0.5256854818827493,0.5241342913170324,0.8059964726631393,0.8387096774193549,,,,,,
q,beta_x_noise,12,0.0,10.0,,0.01,,,500,3.454763168668141,3.4084681580688767,0.38860802157061,0.5070993914807302,,,,,,
q,beta_x_noise,13,0.0,10.0,,0.01,,,100,0.3706823812329267,0.2683984816251996,0.9053356282271944,0.9578947368421052,,,,,,
q,beta_x_noise,13,0.0,10.0,,0.01,,,500,1.9353956548478857,1.558536661779053,0.981549815498155,0.991919191919192,,,,,,
q,beta_x_noise,14,0.0,10.0,,0.01,,,100,0.4286613074822007,0.4136092223927085,0.8126094570928196,0.7634408602150538,,,,,,
q,beta_x_noise,14,0.0,10.0,,0.01,,,500,0.7579843645474982,0.6678127590291275,0.960955907101986,0.9553752535496958,,,,,,
q,beta_x_noise,15,0.0,10.0,,0.01,,,100,0.4163695018906466,0.4163695018906466,0.936842105263158,0.936842105263158,,,,,,
q,beta_x_noise,15,0.0,10.0,,0.01,,,500,1.0660550187253277,1.0660550187253277,0.9612794612794612,0.9595959595959596,,,,,,
q,beta_x_noise,16,0.0,10.0,,0.01,,,100,0.3663212115873774,0.3249083346733382,0.9402460456942004,0.8829787234042553,,,,,,
q,beta_x_noise,16,0.0,10.0,,0.01,,,500,2.831388843526192,2.6713057944027288,0.6655439541933311,0.6234817813765182,,,,,,
q,beta_x_noise,17,0.0,10.0,,0.01,,,100,0.4669910285028241,0.4669910285028241,0.9397163120567376,0.9148936170212766,,,,,,
q,beta_x_noise,17,0.0,10.0,,0.01,,,500,3.2666794522207816,3.254471986672062,0.8856275303643725,0.8380566801619433,,,,,,
q,beta_x_noise,18,0.0,10.0,,0.01,,,100,0.5623729451074007,0.428717740882353,0.851138353765324,0.8709677419354839,,,,,,
q,beta_x_noise,18,0.0,10.0,,0.01,,,500,2.010687171805018,2.010687171805018,0.9643217771794008,0.9655172413793104,,,,,,
q,beta_x_noise,19,0.0,10.0,,0.01,,,100,0.3848378488540641,0.3504290875156828,0.9071803852889668,0.925531914893617,,,,,,
q,beta_x_noise,19,0.0,10.0,,0.01,,,500,2.609444040225994,2.5105177779251617,0.9821608885897004,0.98582995951417,,,,,,
q,beta_x_noise,4,0.0,10.0,,0.03,,,100,0.8107617442157312,0.5159372185590261,0.5674255691768827,0.5806451612903226,,,,,,
q,beta_x_noise,4,0.0,10.0,,0.03,,,500,1.3946265987278692,0.7380857616475429,0.852911477616964,0.8377281947261663,,,,,,
q,beta_x_noise,5,0.0,10.0,,0.03,,,100,1.3718430101103405,1.2203747597723495,0.7626527050610821,0.631578947368421,,,,,,
q,beta_x_noise,5,0.0,10.0,,0.03,,,500,2.020338512486984,2.020338512486984,0.5953582240161454,0.5838383838383838,,,,,,
q,beta_x_noise,6,0.0,10.0,,0.03,,,100,1.441838879091307,1.421596698672141,0.5590277777777778,0.6382978723404256,,,,,,
q,beta_x_noise,6,0.0,10.0,,0.03,,,500,9.411700089283425,9.232228228651248,0.6925403225806451,0.7327935222672065,,,,,,
q,beta_x_noise,7,0.0,10.0,,0.03,,,100,0.8221684423949802,0.8221684423949802,0.7910189982728842,0.7849462365591398,,,,,,
q,beta_x_noise,7,0.0,10.0,,0.03,,,500,2.402312169917386,1.247508432763457,0.8516280631084256,0.8255578093306288,,,,,,
q,beta_x_noise,0,0.0,10.0,,0.03,,,100,0.9623654763466378,0.8403691148489125,0.4948096885813148,0.4787234042553192,,,,,,
q,beta_x_noise,0,0.0,10.0,,0.03,,,500,3.9863519142055552,3.341952733851611,0.6816655473472129,0.6842105263157895,,,,,,
q,beta_x_noise,1,0.0,10.0,,0.03,,,100,1.3817711937864223,1.3817711937864223,0.3917910447761194,0.4623655913978494,,,,,,
q,beta_x_noise,1,0.0,10.0,,0.03,,,500,7.178510578278295,6.369955670833614,0.1246594005449591,0.2028397565922921,,,,,,
q,beta_x_noise,2,0.0,10.0,,0.03,,,100,1.166445685960905,0.8616951247245683,0.8894830659536542,0.8817204301075269,,,,,,
q,beta_x_noise,2,0.0,10.0,,0.03,,,500,3.367467554069843,3.0265869467514364,0.8520770010131712,0.8620689655172413,,,,,,
q,beta_x_noise,3,0.0,10.0,,0.03,,,100,1.5500936668434964,1.1802556205273382,0.5795053003533569,0.6276595744680851,,,,,,
q,beta_x_noise,3,0.0,10.0,,0.03,,,500,3.7046191565804376,3.596605445743328,0.3344571813890762,0.3319838056680162,,,,,,
q,beta_x_noise,8,0.0,10.0,,0.03,,,100,1.048657880008795,1.048657880008795,0.6294326241134752,0.7717391304347826,,,,,,
q,beta_x_noise,8,0.0,10.0,,0.03,,,500,13.41012222919212,10.810438447951396,0.8900134952766532,0.9369918699186992,,,,,,
q,beta_x_noise,9,0.0,10.0,,0.03,,,100,2.563070802766111,2.289548697398456,0.8213660245183888,0.8152173913043478,,,,,,
q,beta_x_noise,9,0.0,10.0,,0.03,,,500,5.374071306763646,3.5113123996807984,0.9286435543588016,0.9065040650406504,,,,,,
q,beta_x_noise,10,0.0,10.0,,0.03,,,100,1.6913299230326673,1.484014219963479,0.4955595026642984,0.5578947368421052,,,,,,
q,beta_x_noise,10,0.0,10.0,,0.03,,,500,3.9024968658186943,1.8459088427501609,0.8285521430982112,0.8727272727272727,,,,,,
q,beta_x_noise,11,0.0,10.0,,0.03,,,100,0.8308671117161289,0.7477064616867324,0.5271739130434783,0.4736842105263157,,,,,,
q,beta_x_noise,11,0.0,10.0,,0.03,,,500,3.7795938110866585,3.7795938110866585,0.7960704607046071,0.7575757575757576,,,,,,
q,beta_x_noise,16,0.0,10.0,,0.03,,,100,0.9506360783797974,0.8505576797610264,0.7662565905096661,0.7127659574468085,,,,,,
q,beta_x_noise,16,0.0,10.0,,0.03,,,500,5.715160562640344,5.519466902628291,0.3445604580666891,0.3441295546558704,,,,,,
q,beta_x_noise,17,0.0,10.0,,0.03,,,100,1.478812017114359,1.478812017114359,0.8705673758865248,0.8191489361702128,,,,,,
q,beta_x_noise,17,0.0,10.0,,0.03,,,500,8.649548835895738,8.649548835895738,0.5978407557354926,0.6255060728744939,,,,,,
q,beta_x_noise,18,0.0,10.0,,0.03,,,100,1.7073664468892484,1.3882518283840224,0.809106830122592,0.8494623655913979,,,,,,
q,beta_x_noise,18,0.0,10.0,,0.03,,,500,6.538606649810764,6.538606649810764,0.7721305957590037,0.821501014198783,,,,,,
q,beta_x_noise,19,0.0,10.0,,0.03,,,100,1.299213187332628,0.9754942715529644,0.7740805604203153,0.8191489361702128,,,,,,
q,beta_x_noise,19,0.0,10.0,,0.03,,,500,7.24111352185092,6.463632884939873,0.9565802760013464,0.9635627530364372,,,,,,
q,beta_x_noise,12,0.0,10.0,,0.03,,,100,1.2263162598236517,1.1198672721465248,0.5202821869488536,0.6129032258064516,,,,,,
q,beta_x_noise,12,0.0,10.0,,0.03,,,500,8.002925978420567,7.039680144833337,0.1314459049544994,0.3042596348884381,,,,,,
q,beta_x_noise,13,0.0,10.0,,0.03,,,100,1.1146133556390987,0.7935751824475641,0.8278829604130808,0.8736842105263158,,,,,,
q,beta_x_noise,13,0.0,10.0,,0.03,,,500,3.827121253654648,2.862710073095129,0.7219054008721906,0.6202020202020202,,,,,,
q,beta_x_noise,14,0.0,10.0,,0.03,,,100,1.3094882893454567,1.2370324405060849,0.6637478108581436,0.6451612903225806,,,,,,
q,beta_x_noise,14,0.0,10.0,,0.03,,,500,2.6587925379529773,2.093821034035332,0.8317064961292494,0.8600405679513184,,,,,,
q,beta_x_noise,15,0.0,10.0,,0.03,,,100,1.2864566139296352,1.2864566139296352,0.7807017543859649,0.7052631578947368,,,,,,
q,beta_x_noise,15,0.0,10.0,,0.03,,,500,3.772185417458719,1.6589732262441157,0.6141414141414141,0.6,,,,,,
q,beta_x_noise,0,0.0,10.0,,0.1,,,100,4.850914346026881,4.762328065558831,0.3079584775086505,0.2872340425531915,,,,,,
q,beta_x_noise,0,0.0,10.0,,0.1,,,500,96.28154100524468,62.62388729309828,0.2995298858294157,0.3238866396761133,,,,,,
q,beta_x_noise,1,0.0,10.0,,0.1,,,100,3.341828021656632,3.161082427945351,0.3376865671641791,0.3870967741935484,,,,,,
q,beta_x_noise,1,0.0,10.0,,0.1,,,500,96.5784073934148,67.09945614917831,0.412125340599455,0.4117647058823529,,,,,,
q,beta_x_noise,2,0.0,10.0,,0.1,,,100,2.972061144568019,2.128053378911825,0.3600713012477718,0.4193548387096774,,,,,,
q,beta_x_noise,2,0.0,10.0,,0.1,,,500,47.99912352352249,38.036908606533565,0.4876730834177643,0.4462474645030426,,,,,,
q,beta_x_noise,3,0.0,10.0,,0.1,,,100,3.220350271034321,2.819470741044089,0.4558303886925795,0.3617021276595745,,,,,,
q,beta_x_noise,3,0.0,10.0,,0.1,,,500,18.20033790760156,9.44172812799066,0.3725556304787593,0.3846153846153846,,,,,,
q,beta_x_noise,4,0.0,10.0,,0.1,,,100,2.4028497378306604,2.132922365966144,0.3660245183887916,0.4516129032258064,,,,,,
q,beta_x_noise,4,0.0,10.0,,0.1,,,500,12.66032242860235,4.394726943406941,0.5220464490070683,0.5050709939148073,,,,,,
q,beta_x_noise,5,0.0,10.0,,0.1,,,100,3.908931674092744,3.752812772840613,0.4851657940663176,0.3157894736842105,,,,,,
q,beta_x_noise,5,0.0,10.0,,0.1,,,500,58.80080263701741,58.80080263701741,0.3935418768920282,0.3434343434343434,,,,,,
q,beta_x_noise,6,0.0,10.0,,0.1,,,100,2.8578398516996053,2.71996696158914,0.4322916666666667,0.4148936170212766,,,,,,
q,beta_x_noise,6,0.0,10.0,,0.1,,,500,7.24838883373633,7.24838883373633,0.4428763440860215,0.4777327935222672,,,,,,
q,beta_x_noise,7,0.0,10.0,,0.1,,,100,2.653652392007859,1.7923726319840383,0.5267702936096719,0.5053763440860215,,,,,,
q,beta_x_noise,7,0.0,10.0,,0.1,,,500,53.04861433047967,34.949214816873734,0.616985565626049,0.6369168356997972,,,,,,
q,beta_x_noise,8,0.0,10.0,,0.1,,,100,2.8854500787026875,1.5653810184183836,0.4095744680851064,0.5,,,,,,
q,beta_x_noise,8,0.0,10.0,,0.1,,,500,256.5662688534301,160.0998101626474,0.5242914979757085,0.5365853658536586,,,,,,
q,beta_x_noise,9,0.0,10.0,,0.1,,,100,3.880834503144696,3.880834503144696,0.658493870402802,0.6304347826086957,,,,,,
q,beta_x_noise,9,0.0,10.0,,0.1,,,500,57.281642351489324,49.646993679351255,0.5015146415348367,0.4634146341463415,,,,,,
q,beta_x_noise,10,0.0,10.0,,0.1,,,100,3.267400934113599,1.6548898526647269,0.3978685612788632,0.3789473684210526,,,,,,
q,beta_x_noise,10,0.0,10.0,,0.1,,,500,8.280283717459533,5.7847750121222,0.4249071886601417,0.4606060606060606,,,,,,
q,beta_x_noise,11,0.0,10.0,,0.1,,,100,5.899366706283144,4.028604112551608,0.1648550724637681,0.3052631578947368,,,,,,
q,beta_x_noise,11,0.0,10.0,,0.1,,,500,126.78509383216844,83.39710257761493,0.3689024390243902,0.3595959595959596,,,,,,
q,beta_x_noise,12,0.0,10.0,,0.1,,,100,3.7534544485167993,3.668031617937847,0.2716049382716049,0.4516129032258064,,,,,,
q,beta_x_noise,12,0.0,10.0,,0.1,,,500,32.656979460433185,32.351422494305496,0.1850353892821031,0.3367139959432049,,,,,,
q,beta_x_noise,13,0.0,10.0,,0.1,,,100,2.472168791829451,2.086055999793592,0.6230636833046471,0.5368421052631579,,,,,,
q,beta_x_noise,13,0.0,10.0,,0.1,,,500,19.66747274221223,19.66747274221223,0.37370010063737,0.4101010101010101,,,,,,
q,beta_x_noise,14,0.0,10.0,,0.1,,,100,4.418104982561969,4.418104982561969,0.3274956217162872,0.3655913978494624,,,,,,
q,beta_x_noise,14,0.0,10.0,,0.1,,,500,20.81528135417249,20.81528135417249,0.431167956916863,0.356997971602434,,,,,,
q,beta_x_noise,15,0.0,10.0,,0.1,,,100,3.544201035353588,3.3676654205180383,0.5368421052631579,0.4,,,,,,
q,beta_x_noise,15,0.0,10.0,,0.1,,,500,233.07046146900572,151.54944483769293,0.4919191919191919,0.4444444444444444,,,,,,
q,beta_x_noise,16,0.0,10.0,,0.1,,,100,2.691924410568012,2.3907132454202533,0.4288224956063269,0.425531914893617,,,,,,
q,beta_x_noise,16,0.0,10.0,,0.1,,,500,34.619002401158646,21.320614362254265,0.149545301448299,0.3906882591093117,,,,,,
q,beta_x_noise,17,0.0,10.0,,0.1,,,100,5.1316479897467255,4.187879672107764,0.75,0.7021276595744681,,,,,,
q,beta_x_noise,17,0.0,10.0,,0.1,,,500,199.44203177804167,79.7560089745825,0.3562753036437247,0.5060728744939271,,,,,,
q,beta_x_noise,18,0.0,10.0,,0.1,,,100,5.755976486959565,5.649236528003039,0.5709281961471103,0.6451612903225806,,,,,,
q,beta_x_noise,18,0.0,10.0,,0.1,,,500,45.85360503279792,38.142187686398046,0.3783237967014473,0.4056795131845842,,,,,,
q,beta_x_noise,19,0.0,10.0,,0.1,,,100,5.179622747398168,5.179622747398168,0.5288966725043783,0.648936170212766,,,,,,
q,beta_x_noise,19,0.0,10.0,,0.1,,,500,48.101571005910095,30.82973118747721,0.6583641871423763,0.6639676113360324,,,,,,
q,beta_x_noise,0,0.0,10.0,,0.3,,,100,1999.969078527944,503.0114807318768,0.3910034602076124,0.2872340425531915,,,,,,
q,beta_x_noise,0,0.0,10.0,,0.3,,,500,79144.23979869574,47555.37752028292,0.3650100738750839,0.354251012145749,,,,,,
q,beta_x_noise,1,0.0,10.0,,0.3,,,100,26.67339288815327,13.193266986452649,0.3824626865671642,0.3225806451612903,,,,,,
q,beta_x_noise,1,0.0,10.0,,0.3,,,500,2382.8537614478064,1186.8821805246664,0.3637602179836512,0.3022312373225152,,,,,,
q,beta_x_noise,2,0.0,10.0,,0.3,,,100,65.73064812078569,26.70333575925654,0.3440285204991087,0.3978494623655914,,,,,,
q,beta_x_noise,2,0.0,10.0,,0.3,,,500,17954.155788299402,231.86999846416413,0.337048294495103,0.3711967545638945,,,,,,
q,beta_x_noise,3,0.0,10.0,,0.3,,,100,10.245096300293394,7.888464364693588,0.3091872791519434,0.3617021276595745,,,,,,
q,beta_x_noise,3,0.0,10.0,,0.3,,,500,54238.62212406409,2074.920635838969,0.3331085637221848,0.3785425101214575,,,,,,
q,beta_x_noise,4,0.0,10.0,,0.3,,,100,21.98771503159353,17.274688085385236,0.3572679509632224,0.4086021505376344,,,,,,
q,beta_x_noise,4,0.0,10.0,,0.3,,,500,122.60714410362644,70.50192473790425,0.3823628407943453,0.3955375253549695,,,,,,
q,beta_x_noise,5,0.0,10.0,,0.3,,,100,302.4779015631258,162.43587422052113,0.343804537521815,0.2736842105263158,,,,,,
q,beta_x_noise,5,0.0,10.0,,0.3,,,500,3467859.9579857155,2577926.579784505,0.3716784392869156,0.3252525252525252,,,,,,
q,beta_x_noise,6,0.0,10.0,,0.3,,,100,38.21912564992861,18.555052525629268,0.4340277777777778,0.4574468085106383,,,,,,
q,beta_x_noise,6,0.0,10.0,,0.3,,,500,314.4659328807721,267.2126127712542,0.3884408602150537,0.3724696356275304,,,,,,
q,beta_x_noise,7,0.0,10.0,,0.3,,,100,19.37128494122962,10.599936633569753,0.3920552677029361,0.2903225806451613,,,,,,
q,beta_x_noise,7,0.0,10.0,,0.3,,,500,764.7034797016998,80.59239646678427,0.3776435045317221,0.3732251521298174,,,,,,
q,beta_x_noise,8,0.0,10.0,,0.3,,,100,68.50520448533771,5.089432856848581,0.3351063829787234,0.4021739130434782,,,,,,
q,beta_x_noise,8,0.0,10.0,,0.3,,,500,15737.95788137022,1589.8361737925904,0.3488529014844804,0.3699186991869919,,,,,,
q,beta_x_noise,9,0.0,10.0,,0.3,,,100,43.63064124512979,24.47015385724531,0.4308231173380035,0.2934782608695652,,,,,,
q,beta_x_noise,9,0.0,10.0,,0.3,,,500,258.27277138721166,79.12554013622307,0.3877482329182093,0.3678861788617886,,,,,,
q,beta_x_noise,10,0.0,10.0,,0.3,,,100,219.5097582126648,204.72230268670285,0.4298401420959147,0.3473684210526316,,,,,,
q,beta_x_noise,10,0.0,10.0,,0.3,,,500,959909.2132420704,433650.1105667521,0.377657779277759,0.3272727272727272,,,,,,
q,beta_x_noise,11,0.0,10.0,,0.3,,,100,38.68516182009667,10.579478825887485,0.3423913043478261,0.2631578947368421,,,,,,
q,beta_x_noise,11,0.0,10.0,,0.3,,,500,3525.3866454703625,3414.684020579833,0.328590785907859,0.3171717171717171,,,,,,
q,beta_x_noise,12,0.0,10.0,,0.3,,,100,102.92681618143054,90.1631036869568,0.3421516754850088,0.2688172043010752,,,,,,
q,beta_x_noise,12,0.0,10.0,,0.3,,,500,9734.73330906429,1434.4477880326442,0.3609706774519717,0.332657200811359,,,,,,
q,beta_x_noise,13,0.0,10.0,,0.3,,,100,952.0274624128352,601.0016127782222,0.3528399311531842,0.3894736842105263,,,,,,
q,beta_x_noise,13,0.0,10.0,,0.3,,,500,3350.397407230192,369.27991106936486,0.3492116739349211,0.3878787878787879,,,,,,
q,beta_x_noise,14,0.0,10.0,,0.3,,,100,50.79827875066535,20.776675785610323,0.3450087565674256,0.3333333333333333,,,,,,
q,beta_x_noise,14,0.0,10.0,,0.3,,,500,455941.4487688968,74225.44775973496,0.3611578593066307,0.306288032454361,,,,,,
q,beta_x_noise,15,0.0,10.0,,0.3,,,100,50.191377767225696,12.998220976698716,0.4070175438596491,0.3473684210526316,,,,,,
q,beta_x_noise,15,0.0,10.0,,0.3,,,500,5780.982100897648,1633.7734614190283,0.3804713804713804,0.3212121212121212,,,,,,
q,beta_x_noise,0,0.0,20.0,,0.0,,,100,3.3727435311270426e-07,3.3727435311270426e-07,1.0,1.0,,,,,,
q,beta_x_noise,0,0.0,20.0,,0.0,,,500,3.0747781498696725e-06,3.0747781498696725e-06,1.0,1.0,,,,,,
q,beta_x_noise,1,0.0,20.0,,0.0,,,100,3.6235099565296025e-07,3.6235099565296025e-07,1.0,1.0,,,,,,
q,beta_x_noise,1,0.0,20.0,,0.0,,,500,4.577769022517941e-06,4.577769022517941e-06,1.0,1.0,,,,,,
q,beta_x_noise,2,0.0,20.0,,0.0,,,100,3.551127061296455e-07,3.551127061296455e-07,1.0,1.0,,,,,,
q,beta_x_noise,2,0.0,20.0,,0.0,,,500,3.5136753169240365e-06,3.5136753169240365e-06,1.0,1.0,,,,,,
q,beta_x_noise,3,0.0,20.0,,0.0,,,100,5.02956390813214e-07,4.623786268864727e-07,1.0,1.0,,,,,,
q,beta_x_noise,3,0.0,20.0,,0.0,,,500,1.928700117059812e-06,1.928700117059812e-06,1.0,1.0,,,,,,
q,beta_x_noise,12,0.0,20.0,,0.0,,,100,3.022631549498556e-07,3.022631549498556e-07,1.0,1.0,,,,,,
q,beta_x_noise,12,0.0,20.0,,0.0,,,500,3.266282867286918e-06,3.255759112530398e-06,1.0,1.0,,,,,,
q,beta_x_noise,13,0.0,20.0,,0.0,,,100,6.211969247882365e-07,6.211969247882365e-07,1.0,1.0,,,,,,
q,beta_x_noise,13,0.0,20.0,,0.0,,,500,2.4462945994008223e-05,8.819560235462376e-06,1.0,1.0,,,,,,
q,beta_x_noise,14,0.0,20.0,,0.0,,,100,2.073273327463099e-07,2.073273327463099e-07,1.0,1.0,,,,,,
q,beta_x_noise,14,0.0,20.0,,0.0,,,500,2.553232034241404e-06,2.553232034241404e-06,1.0,1.0,,,,,,
q,beta_x_noise,15,0.0,20.0,,0.0,,,100,3.3438874291746856e-07,3.3438874291746856e-07,1.0,1.0,,,,,,
q,beta_x_noise,15,0.0,20.0,,0.0,,,500,2.4986376883084915e-06,2.4412794452644e-06,1.0,1.0,,,,,,
q,beta_x_noise,8,0.0,20.0,,0.0,,,100,3.0646608228934724e-07,3.0646608228934724e-07,1.0,1.0,,,,,,
q,beta_x_noise,8,0.0,20.0,,0.0,,,500,2.9927557683162576e-06,2.608476400656201e-06,1.0,1.0,,,,,,
q,beta_x_noise,9,0.0,20.0,,0.0,,,100,2.186210881841011e-05,1.04644736523829e-05,1.0,1.0,,,,,,
q,beta_x_noise,9,0.0,20.0,,0.0,,,500,2.186210881841011e-05,4.034296749111377e-06,1.0,1.0,,,,,,
q,beta_x_noise,10,0.0,20.0,,0.0,,,100,2.523137719856461e-05,2.3953631270723363e-05,1.0,1.0,,,,,,
q,beta_x_noise,10,0.0,20.0,,0.0,,,500,2.523137719856461e-05,1.0317897203293567e-05,1.0,1.0,,,,,,
q,beta_x_noise,11,0.0,20.0,,0.0,,,100,7.170929197872211e-06,6.457971779227911e-06,1.0,1.0,,,,,,
q,beta_x_noise,11,0.0,20.0,,0.0,,,500,7.170929197872211e-06,2.9481355445781787e-06,1.0,1.0,,,,,,
q,beta_x_noise,4,0.0,20.0,,0.0,,,100,3.6105444389811225e-07,3.6105444389811225e-07,1.0,1.0,,,,,,
q,beta_x_noise,4,0.0,20.0,,0.0,,,500,3.395824422991467e-06,3.32069328301543e-06,1.0,1.0,,,,,,
q,beta_x_noise,5,0.0,20.0,,0.0,,,100,1.4171022603426398e-05,6.264622629537087e-06,1.0,1.0,,,,,,
q,beta_x_noise,5,0.0,20.0,,0.0,,,500,1.4171022603426398e-05,4.5378678192875554e-06,1.0,1.0,,,,,,
q,beta_x_noise,6,0.0,20.0,,0.0,,,100,5.850607966984001e-07,5.850607966984001e-07,1.0,1.0,,,,,,
q,beta_x_noise,6,0.0,20.0,,0.0,,,500,5.518118264546956e-06,5.476982315677503e-06,1.0,1.0,,,,,,
q,beta_x_noise,7,0.0,20.0,,0.0,,,100,2.139382634019915e-06,1.2865401994299752e-06,1.0,1.0,,,,,,
q,beta_x_noise,7,0.0,20.0,,0.0,,,500,4.265772718614613e-06,4.115320845876624e-06,1.0,1.0,,,,,,
q,beta_x_noise,16,0.0,10.0,,0.3,,,100,18.787652594331128,10.238891257719596,0.3901581722319859,0.4574468085106383,,,,,,
q,beta_x_noise,16,0.0,10.0,,0.3,,,500,99.3217920956278,21.19806095807525,0.3651060963287302,0.3866396761133603,,,,,,
q,beta_x_noise,17,0.0,10.0,,0.3,,,100,19.85201311026533,19.301428429451605,0.3687943262411347,0.4574468085106383,,,,,,
q,beta_x_noise,17,0.0,10.0,,0.3,,,500,953943.5291100228,61376.512795816045,0.3647098515519568,0.3805668016194332,,,,,,
q,beta_x_noise,18,0.0,10.0,,0.3,,,100,77.81232674527757,50.59200191193215,0.3257443082311734,0.3010752688172043,,,,,,
q,beta_x_noise,18,0.0,10.0,,0.3,,,500,466.3155654441173,91.22535915973684,0.3389431167956916,0.2961460446247465,,,,,,
q,beta_x_noise,19,0.0,10.0,,0.3,,,100,23.406493824589496,23.291298106388343,0.3485113835376532,0.3191489361702128,,,,,,
q,beta_x_noise,19,0.0,10.0,,0.3,,,500,798.586494962365,162.5880829273975,0.3678895994614607,0.3704453441295546,,,,,,
q,beta_x_noise,16,0.0,20.0,,0.0,,,100,4.431375666413828e-07,4.431375666413828e-07,1.0,1.0,,,,,,
q,beta_x_noise,16,0.0,20.0,,0.0,,,500,5.721958008297889e-06,5.720804563402737e-06,1.0,1.0,,,,,,
q,beta_x_noise,17,0.0,20.0,,0.0,,,100,4.139191409624489e-07,4.139191409624489e-07,1.0,1.0,,,,,,
q,beta_x_noise,17,0.0,20.0,,0.0,,,500,4.389546273131373e-06,4.354557458174924e-06,1.0,1.0,,,,,,
q,beta_x_noise,18,0.0,20.0,,0.0,,,100,1.6559548941544322e-05,1.4864637503192446e-05,1.0,1.0,,,,,,
q,beta_x_noise,18,0.0,20.0,,0.0,,,500,1.6559548941544322e-05,7.681123499247988e-06,1.0,1.0,,,,,,
q,beta_x_noise,19,0.0,20.0,,0.0,,,100,2.6052877240556604e-06,1.4645440420402167e-06,1.0,1.0,,,,,,
q,beta_x_noise,19,0.0,20.0,,0.0,,,500,4.921300781113303e-06,4.921300781113303e-06,1.0,1.0,,,,,,
q,beta_x_noise,0,0.0,20.0,,1e-05,,,100,0.0004300835344939,0.0004078182458704,1.0,1.0,,,,,,
q,beta_x_noise,0,0.0,20.0,,1e-05,,,500,0.0015991016449169,0.0013327271361242,1.0,1.0,,,,,,
q,beta_x_noise,1,0.0,20.0,,1e-05,,,100,0.0005984288591083,0.0005984288591083,1.0,1.0,,,,,,
q,beta_x_noise,1,0.0,20.0,,1e-05,,,500,0.0038030968428452,0.0037940314860351,1.0,1.0,,,,,,
q,beta_x_noise,2,0.0,20.0,,1e-05,,,100,0.000389820346388,0.0003199984936338,1.0,1.0,,,,,,
q,beta_x_noise,2,0.0,20.0,,1e-05,,,500,0.000967223976441,0.0006753655501565,1.0,1.0,,,,,,
q,beta_x_noise,3,0.0,20.0,,1e-05,,,100,0.0004816006731934,0.0003687726733965,1.0,1.0,,,,,,
q,beta_x_noise,3,0.0,20.0,,1e-05,,,500,0.0015869950001227,0.0015723200852895,1.0,1.0,,,,,,
q,beta_x_noise,4,0.0,20.0,,1e-05,,,100,0.0003036175143682,0.0001491393128862,1.0,1.0,,,,,,
q,beta_x_noise,4,0.0,20.0,,1e-05,,,500,0.0005086520737318,0.0003025211796088,1.0,1.0,,,,,,
q,beta_x_noise,5,0.0,20.0,,1e-05,,,100,0.0004069967927147,0.0003661507647107,1.0,1.0,,,,,,
q,beta_x_noise,5,0.0,20.0,,1e-05,,,500,0.0010091939227416,0.0006605365489926,1.0,1.0,,,,,,
q,beta_x_noise,6,0.0,20.0,,1e-05,,,100,0.0005286815499832,0.0005286815499832,1.0,1.0,,,,,,
q,beta_x_noise,6,0.0,20.0,,1e-05,,,500,0.0028945985696675,0.0028312330431377,1.0,1.0,,,,,,
q,beta_x_noise,7,0.0,20.0,,1e-05,,,100,0.0002260485131506,0.0002162696826633,1.0,1.0,,,,,,
q,beta_x_noise,7,0.0,20.0,,1e-05,,,500,0.0009676979860961,0.0005313980827996,1.0,1.0,,,,,,
q,beta_x_noise,8,0.0,20.0,,1e-05,,,100,0.0002929594839179,0.0002795117897308,1.0,1.0,,,,,,
q,beta_x_noise,8,0.0,20.0,,1e-05,,,500,0.0039135105960894,0.0035491879785332,1.0,1.0,,,,,,
q,beta_x_noise,9,0.0,20.0,,1e-05,,,100,0.0008924330304012,0.0008145149935893,1.0,1.0,,,,,,
q,beta_x_noise,9,0.0,20.0,,1e-05,,,500,0.0020732450280587,0.0017098937262076,1.0,1.0,,,,,,
q,beta_x_noise,10,0.0,20.0,,1e-05,,,100,0.0005024073736488,0.0004208359735761,1.0,1.0,,,,,,
q,beta_x_noise,10,0.0,20.0,,1e-05,,,500,0.0012547834647267,0.0007341976175663,1.0,1.0,,,,,,
q,beta_x_noise,11,0.0,20.0,,1e-05,,,100,0.0003593268990492,0.0003086298961353,1.0,1.0,,,,,,
q,beta_x_noise,11,0.0,20.0,,1e-05,,,500,0.0017235391367953,0.0016993538790808,1.0,1.0,,,,,,
q,beta_x_noise,12,0.0,20.0,,1e-05,,,100,0.0006023856565777,0.0006023856565777,1.0,1.0,,,,,,
q,beta_x_noise,12,0.0,20.0,,1e-05,,,500,0.0049507184449715,0.0047839879653208,1.0,1.0,,,,,,
q,beta_x_noise,13,0.0,20.0,,1e-05,,,100,0.0003778009175831,0.0002564765366486,1.0,1.0,,,,,,
q,beta_x_noise,13,0.0,20.0,,1e-05,,,500,0.0021226556181033,0.001682012294796,1.0,1.0,,,,,,
q,beta_x_noise,14,0.0,20.0,,1e-05,,,100,0.0004576351867404,0.0004272453383303,1.0,1.0,,,,,,
q,beta_x_noise,14,0.0,20.0,,1e-05,,,500,0.0007613810667216,0.0006713020247831,1.0,1.0,,,,,,
q,beta_x_noise,15,0.0,20.0,,1e-05,,,100,0.0004123000087562,0.0004123000087562,1.0,1.0,,,,,,
q,beta_x_noise,15,0.0,20.0,,1e-05,,,500,0.0011851823049404,0.0011851823049404,1.0,1.0,,,,,,
q,beta_x_noise,16,0.0,20.0,,1e-05,,,100,0.000402655375902,0.0003603922906195,1.0,1.0,,,,,,
q,beta_x_noise,16,0.0,20.0,,1e-05,,,500,0.0034985882935369,0.0034824879061656,1.0,1.0,,,,,,
q,beta_x_noise,17,0.0,20.0,,1e-05,,,100,0.0004632455807548,0.0004632455807548,1.0,1.0,,,,,,
q,beta_x_noise,17,0.0,20.0,,1e-05,,,500,0.0037903031251209,0.0037903031251209,1.0,1.0,,,,,,
q,beta_x_noise,18,0.0,20.0,,1e-05,,,100,0.0005731779214817,0.0004266753779988,1.0,1.0,,,,,,
q,beta_x_noise,18,0.0,20.0,,1e-05,,,500,0.0020508389168645,0.0020146486504413,1.0,1.0,,,,,,
q,beta_x_noise,19,0.0,20.0,,1e-05,,,100,0.0003691934144149,0.0003691934144149,1.0,1.0,,,,,,
q,beta_x_noise,19,0.0,20.0,,1e-05,,,500,0.0030682142200428,0.0029865926971486,1.0,1.0,,,,,,
q,beta_x_noise,0,0.0,20.0,,0.0001,,,100,0.004296621991203,0.0040737242143575,1.0,1.0,,,,,,
q,beta_x_noise,0,0.0,20.0,,0.0001,,,500,0.0160050316092111,0.0133414786013295,1.0,1.0,,,,,,
q,beta_x_noise,1,0.0,20.0,,0.0001,,,100,0.0059656733002655,0.0059656733002655,1.0,1.0,,,,,,
q,beta_x_noise,1,0.0,20.0,,0.0001,,,500,0.0379754822536524,0.0378962640149223,1.0,1.0,,,,,,
q,beta_x_noise,2,0.0,20.0,,0.0001,,,100,0.0038953841605066,0.0031981931709633,1.0,1.0,,,,,,
q,beta_x_noise,2,0.0,20.0,,0.0001,,,500,0.0096828500142557,0.0067847749302957,1.0,1.0,,,,,,
q,beta_x_noise,3,0.0,20.0,,0.0001,,,100,0.0048176679921307,0.0036897439782402,1.0,1.0,,,,,,
q,beta_x_noise,3,0.0,20.0,,0.0001,,,500,0.0158705547681452,0.0157267222715793,1.0,1.0,,,,,,
q,beta_x_noise,4,0.0,20.0,,0.0001,,,100,0.0030292149716647,0.0014915937738197,1.0,1.0,,,,,,
q,beta_x_noise,4,0.0,20.0,,0.0001,,,500,0.0051072164670182,0.0030485373987167,1.0,1.0,,,,,,
q,beta_x_noise,5,0.0,20.0,,0.0001,,,100,0.0040726812136933,0.0036638369846576,1.0,1.0,,,,,,
q,beta_x_noise,5,0.0,20.0,,0.0001,,,500,0.010051857540966,0.006564065847693,1.0,1.0,,,,,,
q,beta_x_noise,6,0.0,20.0,,0.0001,,,100,0.0052793225488083,0.0052793225488083,1.0,1.0,,,,,,
q,beta_x_noise,6,0.0,20.0,,0.0001,,,500,0.0290013276752199,0.0283679999811923,1.0,1.0,,,,,,
q,beta_x_noise,7,0.0,20.0,,0.0001,,,100,0.0022719957449681,0.0021745823121015,1.0,1.0,,,,,,
q,beta_x_noise,7,0.0,20.0,,0.0001,,,500,0.0096476830578926,0.0052978076035814,1.0,1.0,,,,,,
q,beta_x_noise,8,0.0,20.0,,0.0001,,,100,0.0029356867327615,0.0028025594351361,1.0,1.0,,,,,,
q,beta_x_noise,8,0.0,20.0,,0.0001,,,500,0.0391496953884402,0.035515520673967,1.0,1.0,,,,,,
q,beta_x_noise,9,0.0,20.0,,0.0001,,,100,0.0090196240537596,0.0082409283763379,1.0,1.0,,,,,,
q,beta_x_noise,9,0.0,20.0,,0.0001,,,500,0.0207645882942586,0.0171304563901257,1.0,1.0,,,,,,
q,beta_x_noise,10,0.0,20.0,,0.0001,,,100,0.0050288116113701,0.0042140053262563,1.0,1.0,,,,,,
q,beta_x_noise,10,0.0,20.0,,0.0001,,,500,0.0126022159326519,0.007430473985627,1.0,1.0,,,,,,
q,beta_x_noise,11,0.0,20.0,,0.0001,,,100,0.0035880294268914,0.0030850909480145,1.0,1.0,,,,,,
q,beta_x_noise,11,0.0,20.0,,0.0001,,,500,0.0172156017452833,0.0169758146583598,1.0,1.0,,,,,,
q,beta_x_noise,12,0.0,20.0,,0.0001,,,100,0.006010088267818,0.006010088267818,1.0,1.0,,,,,,
q,beta_x_noise,12,0.0,20.0,,0.0001,,,500,0.0494276025506281,0.0477823975660758,1.0,1.0,,,,,,
q,beta_x_noise,13,0.0,20.0,,0.0001,,,100,0.0037829862655839,0.0025579248311389,1.0,1.0,,,,,,
q,beta_x_noise,13,0.0,20.0,,0.0001,,,500,0.021158508021049,0.0167569164870586,1.0,1.0,,,,,,
q,beta_x_noise,14,0.0,20.0,,0.0001,,,100,0.0045740515069979,0.0042718037252486,1.0,1.0,,,,,,
q,beta_x_noise,14,0.0,20.0,,0.0001,,,500,0.0076039470850768,0.0067033232807246,1.0,1.0,,,,,,
q,beta_x_noise,15,0.0,20.0,,0.0001,,,100,0.0041231340377128,0.0041231340377128,1.0,1.0,,,,,,
q,beta_x_noise,15,0.0,20.0,,0.0001,,,500,0.0118321393409992,0.0118321393409992,1.0,1.0,,,,,,
q,beta_x_noise,16,0.0,20.0,,0.0001,,,100,0.004027134650259,0.0036046926960877,1.0,1.0,,,,,,
q,beta_x_noise,16,0.0,20.0,,0.0001,,,500,0.0349626955103197,0.0348056773318172,1.0,1.0,,,,,,
q,beta_x_noise,17,0.0,20.0,,0.0001,,,100,0.0046360999166106,0.0046360999166106,1.0,1.0,,,,,,
q,beta_x_noise,17,0.0,20.0,,0.0001,,,500,0.0378889880342847,0.0378889880342847,1.0,1.0,,,,,,
q,beta_x_noise,18,0.0,20.0,,0.0001,,,100,0.0057359104419447,0.004273612517168,0.989492119089317,0.989247311827957,,,,,,
q,beta_x_noise,18,0.0,20.0,,0.0001,,,500,0.0205306376198959,0.020168880856084,0.997980477953551,0.9979716024340772,,,,,,
q,beta_x_noise,19,0.0,20.0,,0.0001,,,100,0.0036988974153994,0.0036988974153994,1.0,1.0,,,,,,
q,beta_x_noise,19,0.0,20.0,,0.0001,,,500,0.0307118735636189,0.0298958187384354,1.0,1.0,,,,,,
q,beta_x_noise,0,0.0,20.0,,0.001,,,100,0.04271038351638,0.0404626917661643,1.0,1.0,,,,,,
q,beta_x_noise,0,0.0,20.0,,0.001,,,500,0.1596162205580772,0.1332324591742146,1.0,1.0,,,,,,
q,beta_x_noise,1,0.0,20.0,,0.001,,,100,0.0589643562525727,0.0589643562525727,1.0,1.0,,,,,,
q,beta_x_noise,1,0.0,20.0,,0.001,,,500,0.3781353195818404,0.3781353195818404,1.0,1.0,,,,,,
q,beta_x_noise,2,0.0,20.0,,0.001,,,100,0.0387555693273235,0.0317613718622474,1.0,1.0,,,,,,
q,beta_x_noise,2,0.0,20.0,,0.001,,,500,0.0972256770755952,0.0689511096269074,1.0,1.0,,,,,,
q,beta_x_noise,3,0.0,20.0,,0.001,,,100,0.0482543310062292,0.0369437595747702,0.9858657243816256,0.9893617021276596,,,,,,
q,beta_x_noise,3,0.0,20.0,,0.001,,,500,0.157950806493442,0.1567956427422153,0.9973027646662171,0.9959514170040484,,,,,,
q,beta_x_noise,8,0.0,20.0,,0.001,,,100,0.0297654161982657,0.0285432202751699,1.0,1.0,,,,,,
q,beta_x_noise,8,0.0,20.0,,0.001,,,500,0.391693262708968,0.3560598154837586,1.0,1.0,,,,,,
q,beta_x_noise,9,0.0,20.0,,0.001,,,100,0.0902892565320098,0.0825391955205927,1.0,1.0,,,,,,
q,beta_x_noise,9,0.0,20.0,,0.001,,,500,0.2066570470652911,0.1709325069055991,1.0,1.0,,,,,,
q,beta_x_noise,10,0.0,20.0,,0.001,,,100,0.0505241006133051,0.042433037752249,0.9893428063943162,0.9894736842105264,,,,,,
q,beta_x_noise,10,0.0,20.0,,0.001,,,500,0.1263002630618084,0.0739507853451919,0.9979750253121836,0.997979797979798,,,,,,
q,beta_x_noise,11,0.0,20.0,,0.001,,,100,0.0355525325497789,0.0308236428943161,1.0,1.0,,,,,,
q,beta_x_noise,11,0.0,20.0,,0.001,,,500,0.1701434117165541,0.1679415377844775,1.0,1.0,,,,,,
q,beta_x_noise,4,0.0,20.0,,0.001,,,100,0.0299482337312021,0.0150176934724678,1.0,1.0,,,,,,
q,beta_x_noise,4,0.0,20.0,,0.001,,,500,0.0511828916985011,0.0303254828123105,1.0,1.0,,,,,,
q,beta_x_noise,5,0.0,20.0,,0.001,,,100,0.0408590110344329,0.0367479362168897,1.0,1.0,,,,,,
q,beta_x_noise,5,0.0,20.0,,0.001,,,500,0.1003745818244383,0.0654259223152444,1.0,1.0,,,,,,
q,beta_x_noise,6,0.0,20.0,,0.001,,,100,0.0526302049088143,0.0526302049088143,1.0,1.0,,,,,,
q,beta_x_noise,6,0.0,20.0,,0.001,,,500,0.2910709788420402,0.2847262511774575,1.0,1.0,,,,,,
q,beta_x_noise,7,0.0,20.0,,0.001,,,100,0.0233809571931067,0.0224379198974762,1.0,1.0,,,,,,
q,beta_x_noise,7,0.0,20.0,,0.001,,,500,0.0959885810653218,0.0524103838529561,1.0,1.0,,,,,,
q,beta_x_noise,12,0.0,20.0,,0.001,,,100,0.0591521449946825,0.0591521449946825,1.0,1.0,,,,,,
q,beta_x_noise,12,0.0,20.0,,0.001,,,500,0.486395748928849,0.4720859858866036,1.0,1.0,,,,,,
q,beta_x_noise,13,0.0,20.0,,0.001,,,100,0.0380852854458966,0.0254010408753737,0.9776247848537004,0.9894736842105264,,,,,,
q,beta_x_noise,13,0.0,20.0,,0.001,,,500,0.2091361242820637,0.1656032058103806,0.995639047299564,0.997979797979798,,,,,,
q,beta_x_noise,14,0.0,20.0,,0.001,,,100,0.0452500735733326,0.0423882457451297,0.9737302977232924,0.967741935483871,,,,,,
q,beta_x_noise,14,0.0,20.0,,0.001,,,500,0.0758957173769113,0.0670866515728737,0.9949511948838776,0.9939148073022313,,,,,,
q,beta_x_noise,15,0.0,20.0,,0.001,,,100,0.04125455151923,0.04125455151923,1.0,1.0,,,,,,
q,beta_x_noise,15,0.0,20.0,,0.001,,,500,0.1181063187576469,0.1181063187576469,1.0,1.0,,,,,,
q,beta_x_noise,0,0.0,20.0,,0.01,,,100,0.4102000237941759,0.3853523842634617,0.903114186851211,0.946808510638298,,,,,,
q,beta_x_noise,0,0.0,20.0,,0.01,,,500,1.553636370550866,1.3088279529946942,0.9586971121558092,0.9757085020242916,,,,,,
q,beta_x_noise,1,0.0,20.0,,0.01,,,100,0.5680465496248707,0.5680465496248707,0.8731343283582089,0.8602150537634409,,,,,,
q,beta_x_noise,1,0.0,20.0,,0.01,,,500,3.339428751765511,3.339428751765511,0.7946185286103542,0.7809330628803245,,,,,,
q,beta_x_noise,2,0.0,20.0,,0.01,,,100,0.3863411939103565,0.3125727942067221,0.948306595365419,1.0,,,,,,
q,beta_x_noise,2,0.0,20.0,,0.01,,,500,1.033864423377209,0.8317044949081726,0.9902060114826072,1.0,,,,,,
q,beta_x_noise,3,0.0,20.0,,0.01,,,100,0.4966586138447631,0.3800355455570904,0.8109540636042403,0.851063829787234,,,,,,
q,beta_x_noise,3,0.0,20.0,,0.01,,,500,1.4918641661547527,1.4918641661547527,0.765677680377613,0.7348178137651822,,,,,,
q,beta_x_noise,16,0.0,20.0,,0.001,,,100,0.0401436440621439,0.035924987878494,1.0,1.0,,,,,,
q,beta_x_noise,16,0.0,20.0,,0.001,,,500,0.3509272559209804,0.3501203396161072,1.0,1.0,,,,,,
q,beta_x_noise,17,0.0,20.0,,0.001,,,100,0.0465182106001859,0.0465182106001859,0.99645390070922,0.9893617021276596,,,,,,
q,beta_x_noise,17,0.0,20.0,,0.001,,,500,0.380038956422712,0.380038956422712,0.9993252361673416,0.9979757085020244,,,,,,
q,beta_x_noise,18,0.0,20.0,,0.001,,,100,0.0574446238139849,0.0429857421770329,0.9719789842381786,0.978494623655914,,,,,,
q,beta_x_noise,18,0.0,20.0,,0.001,,,500,0.2048122777059946,0.2011123944922479,0.994614607876136,0.995943204868154,,,,,,
q,beta_x_noise,19,0.0,20.0,,0.001,,,100,0.0371603230704109,0.0369259253423981,1.0,1.0,,,,,,
q,beta_x_noise,19,0.0,20.0,,0.001,,,500,0.3061465527883928,0.297892183845581,1.0,1.0,,,,,,
q,beta_x_noise,4,0.0,20.0,,0.01,,,100,0.2944553772202537,0.157673768138927,0.9737302977232924,0.946236559139785,,,,,,
q,beta_x_noise,4,0.0,20.0,,0.01,,,500,0.5011034640896184,0.2714795210185932,0.9949511948838776,0.9898580121703854,,,,,,
q,beta_x_noise,5,0.0,20.0,,0.01,,,100,0.4152989408633238,0.3712958214752264,0.9930191972076788,0.9894736842105264,,,,,,
q,beta_x_noise,5,0.0,20.0,,0.01,,,500,0.9585552138840514,0.6010127361076991,0.9525731584258323,0.9555555555555556,,,,,,
q,beta_x_noise,6,0.0,20.0,,0.01,,,100,0.5147057321011418,0.5147057321011418,0.8402777777777778,0.8829787234042553,,,,,,
q,beta_x_noise,6,0.0,20.0,,0.01,,,500,3.016789969809269,2.95314694806768,0.9526209677419356,0.9615384615384616,,,,,,
q,beta_x_noise,7,0.0,20.0,,0.01,,,100,0.2468726871569184,0.2412546449534169,0.9775474956822108,0.967741935483871,,,,,,
q,beta_x_noise,7,0.0,20.0,,0.01,,,500,0.9356153896854548,0.4869184176479439,0.9872440416247062,0.9817444219066938,,,,,,
q,beta_x_noise,8,0.0,20.0,,0.01,,,100,0.3025692403050495,0.3025692403050495,0.9414893617021276,0.9782608695652174,,,,,,
q,beta_x_noise,8,0.0,20.0,,0.01,,,500,4.106100382268163,3.638681644386489,0.9888663967611336,0.9959349593495936,,,,,,
q,beta_x_noise,9,0.0,20.0,,0.01,,,100,0.8857821183468569,0.8119646033481357,0.9509632224168126,0.9456521739130436,,,,,,
q,beta_x_noise,9,0.0,20.0,,0.01,,,500,1.9674115891864965,1.6496945950472175,0.9902389767754964,0.9878048780487804,,,,,,
q,beta_x_noise,10,0.0,20.0,,0.01,,,100,0.5263910792343017,0.4508933757963249,0.8472468916518651,0.8631578947368421,,,,,,
q,beta_x_noise,10,0.0,20.0,,0.01,,,500,1.3243389732592776,0.6983829624636129,0.9537630779615256,0.9656565656565655,,,,,,
q,beta_x_noise,11,0.0,20.0,,0.01,,,100,0.3267181143249383,0.285266162867105,0.7228260869565217,0.7157894736842105,,,,,,
q,beta_x_noise,11,0.0,20.0,,0.01,,,500,1.515359146040116,1.510406763626638,0.9437669376693768,0.9434343434343434,,,,,,
q,beta_x_noise,12,0.0,20.0,,0.01,,,100,0.5272341487491928,0.5253720827272719,0.8059964726631393,0.8279569892473119,,,,,,
q,beta_x_noise,12,0.0,20.0,,0.01,,,500,3.668178596301837,3.625362106360324,0.382541287495787,0.5010141987829615,,,,,,
q,beta_x_noise,13,0.0,20.0,,0.01,,,100,0.3803343289245705,0.2560026056092721,0.9053356282271944,0.968421052631579,,,,,,
q,beta_x_noise,13,0.0,20.0,,0.01,,,500,1.867769395327313,1.4774056352878209,0.981549815498155,0.993939393939394,,,,,,
q,beta_x_noise,14,0.0,20.0,,0.01,,,100,0.4299278294705628,0.4165668954099472,0.8143607705779334,0.7634408602150538,,,,,,
q,beta_x_noise,14,0.0,20.0,,0.01,,,500,0.7742571753625251,0.6665265669829431,0.9612924941097274,0.9553752535496958,,,,,,
q,beta_x_noise,15,0.0,20.0,,0.01,,,100,0.423399521817806,0.423399521817806,0.936842105263158,0.936842105263158,,,,,,
q,beta_x_noise,15,0.0,20.0,,0.01,,,500,1.1233329942160504,1.1233329942160504,0.9582491582491582,0.9515151515151516,,,,,,
q,beta_x_noise,16,0.0,20.0,,0.01,,,100,0.3766853084409568,0.3359851660532277,0.9420035149384886,0.8829787234042553,,,,,,
q,beta_x_noise,16,0.0,20.0,,0.01,,,500,2.877435100170923,2.705821723027251,0.6668912091613338,0.6275303643724697,,,,,,
q,beta_x_noise,17,0.0,20.0,,0.01,,,100,0.4761891721147492,0.4761891721147492,0.9397163120567376,0.9148936170212766,,,,,,
q,beta_x_noise,17,0.0,20.0,,0.01,,,500,3.2417638914771216,3.2318470157280994,0.8974358974358975,0.8481781376518218,,,,,,
q,beta_x_noise,18,0.0,20.0,,0.01,,,100,0.5736760713757889,0.4456782772526868,0.851138353765324,0.8709677419354839,,,,,,
q,beta_x_noise,18,0.0,20.0,,0.01,,,500,2.0319139237095944,2.0319139237095944,0.9666778862335914,0.9675456389452332,,,,,,
q,beta_x_noise,19,0.0,20.0,,0.01,,,100,0.3950512496150611,0.3574765392556513,0.9124343257443084,0.9361702127659576,,,,,,
q,beta_x_noise,19,0.0,20.0,,0.01,,,500,2.961551601179784,2.864638636172205,0.983170649612925,0.9878542510121456,,,,,,
q,beta_x_noise,0,0.0,20.0,,0.03,,,100,0.9606109693118122,0.8411088349335681,0.4930795847750865,0.4787234042553192,,,,,,
q,beta_x_noise,0,0.0,20.0,,0.03,,,500,4.174737727560875,3.4396061117673216,0.6820013431833445,0.6862348178137652,,,,,,
q,beta_x_noise,1,0.0,20.0,,0.03,,,100,1.385544739287285,1.385544739287285,0.3917910447761194,0.4623655913978494,,,,,,
q,beta_x_noise,1,0.0,20.0,,0.03,,,500,7.913711079898887,7.038581433631823,0.1141008174386921,0.2008113590263691,,,,,,
q,beta_x_noise,2,0.0,20.0,,0.03,,,100,1.1849242282614745,0.9038574834036036,0.8912655971479501,0.8817204301075269,,,,,,
q,beta_x_noise,2,0.0,20.0,,0.03,,,500,3.651316683525748,3.64371033874781,0.8514015535292131,0.8661257606490872,,,,,,
q,beta_x_noise,3,0.0,20.0,,0.03,,,100,1.61864988973822,1.2541846207430374,0.5812720848056537,0.6276595744680851,,,,,,
q,beta_x_noise,3,0.0,20.0,,0.03,,,500,4.069228795069551,4.069228795069551,0.327714093054619,0.3279352226720647,,,,,,
q,beta_x_noise,4,0.0,20.0,,0.03,,,100,0.8101770798399319,0.5251940490971354,0.5674255691768827,0.5806451612903226,,,,,,
q,beta_x_noise,4,0.0,20.0,,0.03,,,500,1.5332178115300237,0.8004396962820173,0.8502187815550319,0.8397565922920892,,,,,,
q,beta_x_noise,5,0.0,20.0,,0.03,,,100,1.3710029256607443,1.2185896329071193,0.7609075043630017,0.631578947368421,,,,,,
q,beta_x_noise,5,0.0,20.0,,0.03,,,500,1.9657920170560867,1.8937236605252856,0.5909855364951228,0.5777777777777777,,,,,,
q,beta_x_noise,6,0.0,20.0,,0.03,,,100,1.4363847038878037,1.417313942431324,0.5520833333333334,0.6276595744680851,,,,,,
q,beta_x_noise,6,0.0,20.0,,0.03,,,500,10.22819446068825,10.035418364649898,0.6875,0.7226720647773279,,,,,,
q,beta_x_noise,7,0.0,20.0,,0.03,,,100,0.8420592134684131,0.8420592134684131,0.7910189982728842,0.7849462365591398,,,,,,
q,beta_x_noise,7,0.0,20.0,,0.03,,,500,2.8714286191802856,1.360148044200311,0.8429003021148036,0.8154158215010142,,,,,,
q,beta_x_noise,8,0.0,20.0,,0.03,,,100,1.0745803590373173,1.0745803590373173,0.6312056737588653,0.7717391304347826,,,,,,
q,beta_x_noise,8,0.0,20.0,,0.03,,,500,14.044972008992168,11.40034037620931,0.8906882591093117,0.9369918699186992,,,,,,
q,beta_x_noise,9,0.0,20.0,,0.03,,,100,2.6387256976290283,2.361909536449265,0.8213660245183888,0.8152173913043478,,,,,,
q,beta_x_noise,9,0.0,20.0,,0.03,,,500,5.755867598431358,4.4334148126916375,0.9299899023897678,0.9105691056910568,,,,,,
q,beta_x_noise,10,0.0,20.0,,0.03,,,100,1.7121806993868045,1.5165737227911948,0.497335701598579,0.5684210526315789,,,,,,
q,beta_x_noise,10,0.0,20.0,,0.03,,,500,4.48890114113446,2.0045546946422013,0.8285521430982112,0.8747474747474747,,,,,,
q,beta_x_noise,11,0.0,20.0,,0.03,,,100,0.8288140132120401,0.7462989794572943,0.5253623188405797,0.4736842105263157,,,,,,
q,beta_x_noise,11,0.0,20.0,,0.03,,,500,3.660633888159832,3.659996586667457,0.801829268292683,0.7717171717171717,,,,,,
q,beta_x_noise,12,0.0,20.0,,0.03,,,100,1.2273475263230251,1.115266646823624,0.5255731922398589,0.6129032258064516,,,,,,
q,beta_x_noise,12,0.0,20.0,,0.03,,,500,8.630786280558176,7.964300099722749,0.1284125379170879,0.3022312373225152,,,,,,
q,beta_x_noise,13,0.0,20.0,,0.03,,,100,1.146518000349471,0.7777876311791343,0.8261617900172117,0.8631578947368421,,,,,,
q,beta_x_noise,13,0.0,20.0,,0.03,,,500,3.700368206250832,2.964724605970501,0.7239181482723918,0.6222222222222222,,,,,,
q,beta_x_noise,14,0.0,20.0,,0.03,,,100,1.3163393288176557,1.2501174698253803,0.6637478108581436,0.6451612903225806,,,,,,
q,beta_x_noise,14,0.0,20.0,,0.03,,,500,2.732548525860462,2.113182659129986,0.8367553012453719,0.8661257606490872,,,,,,
q,beta_x_noise,15,0.0,20.0,,0.03,,,100,1.327233739045104,1.327233739045104,0.7842105263157895,0.7052631578947368,,,,,,
q,beta_x_noise,15,0.0,20.0,,0.03,,,500,3.709640947045043,1.923501212765187,0.5818181818181818,0.5818181818181818,,,,,,
q,beta_x_noise,16,0.0,20.0,,0.03,,,100,1.0012979199143957,0.8745552448787135,0.7697715289982425,0.723404255319149,,,,,,
q,beta_x_noise,16,0.0,20.0,,0.03,,,500,6.006718683135357,5.80525962175761,0.3462445267766925,0.3481781376518219,,,,,,
q,beta_x_noise,17,0.0,20.0,,0.03,,,100,1.5021323024226243,1.5021323024226243,0.8687943262411347,0.8191489361702128,,,,,,
q,beta_x_noise,17,0.0,20.0,,0.03,,,500,8.827274795312444,8.827274795312444,0.6106612685560054,0.631578947368421,,,,,,
q,beta_x_noise,18,0.0,20.0,,0.03,,,100,1.7429297730920623,1.4335866628255112,0.8126094570928196,0.8494623655913979,,,,,,
q,beta_x_noise,18,0.0,20.0,,0.03,,,500,6.646606725952904,6.646606725952904,0.7802086839447997,0.8316430020283976,,,,,,
q,beta_x_noise,19,0.0,20.0,,0.03,,,100,1.3338369777678885,1.0121909920524468,0.7723292469352014,0.8191489361702128,,,,,,
q,beta_x_noise,19,0.0,20.0,,0.03,,,500,8.559444191533697,7.697345955927684,0.9562436889936048,0.9635627530364372,,,,,,
q,beta_x_noise,0,0.0,20.0,,0.1,,,100,4.693817319390907,4.693817319390907,0.3546712802768166,0.2978723404255319,,,,,,
q,beta_x_noise,0,0.0,20.0,,0.1,,,500,113.65877439273991,61.35228161780787,0.2918065815983882,0.3461538461538461,,,,,,
q,beta_x_noise,1,0.0,20.0,,0.1,,,100,5.334147597717382,5.334147597717382,0.2891791044776119,0.3870967741935484,,,,,,
q,beta_x_noise,1,0.0,20.0,,0.1,,,500,60.99966827074312,25.52661776043157,0.369550408719346,0.3935091277890467,,,,,,
q,beta_x_noise,2,0.0,20.0,,0.1,,,100,3.978281104846095,2.294154075331128,0.3458110516934046,0.4301075268817204,,,,,,
q,beta_x_noise,2,0.0,20.0,,0.1,,,500,56.62745659283303,25.403108693600377,0.4734886862546437,0.4584178498985801,,,,,,
q,beta_x_noise,3,0.0,20.0,,0.1,,,100,3.40090251483102,3.1598482597313047,0.5265017667844523,0.5,,,,,,
q,beta_x_noise,3,0.0,20.0,,0.1,,,500,8.068722738197808,4.229463515623994,0.4140256237356709,0.4493927125506073,,,,,,
q,beta_x_noise,4,0.0,20.0,,0.1,,,100,2.833621001612576,2.809017653985077,0.3572679509632224,0.3870967741935484,,,,,,
q,beta_x_noise,4,0.0,20.0,,0.1,,,500,9.23635629895142,3.862315370248445,0.5055536856277347,0.4665314401622718,,,,,,
q,beta_x_noise,5,0.0,20.0,,0.1,,,100,5.384735860688944,4.806413525879551,0.5235602094240838,0.3578947368421052,,,,,,
q,beta_x_noise,5,0.0,20.0,,0.1,,,500,20.32902217921076,19.2457240695982,0.4214598049108644,0.3717171717171717,,,,,,
q,beta_x_noise,6,0.0,20.0,,0.1,,,100,2.953796540583961,2.6354079877767345,0.4809027777777778,0.5106382978723404,,,,,,
q,beta_x_noise,6,0.0,20.0,,0.1,,,500,12.032651239245842,12.032651239245842,0.4711021505376344,0.5,,,,,,
q,beta_x_noise,7,0.0,20.0,,0.1,,,100,2.7407451235934204,2.0580190806398817,0.5526770293609672,0.5376344086021505,,,,,,
q,beta_x_noise,7,0.0,20.0,,0.1,,,500,114.90709743569695,86.53201154974424,0.6418261161463579,0.6490872210953347,,,,,,
q,beta_x_noise,4,0.0,20.0,,0.3,,,100,23.836680849933607,23.331424967048456,0.3467600700525394,0.3870967741935484,,,,,,
q,beta_x_noise,4,0.0,20.0,,0.3,,,500,1427.2602005670194,678.3982098104393,0.3961629081117468,0.3793103448275862,,,,,,
q,beta_x_noise,5,0.0,20.0,,0.3,,,100,471.0047156302724,277.23876564403184,0.3507853403141361,0.3052631578947368,,,,,,
q,beta_x_noise,5,0.0,20.0,,0.3,,,500,56292228.448444165,46690316.22089948,0.3686511940800538,0.3393939393939394,,,,,,
q,beta_x_noise,6,0.0,20.0,,0.3,,,100,45.83319436390454,19.24007619100257,0.4548611111111111,0.4787234042553192,,,,,,
q,beta_x_noise,6,0.0,20.0,,0.3,,,500,191.9247301232763,117.3005112728261,0.4049059139784946,0.3785425101214575,,,,,,
q,beta_x_noise,7,0.0,20.0,,0.3,,,100,60.25743343494967,19.11583145329343,0.385146804835924,0.3548387096774194,,,,,,
q,beta_x_noise,7,0.0,20.0,,0.3,,,500,1071.4688430192507,76.29026436179565,0.3944276602886875,0.383367139959432,,,,,,
q,beta_x_noise,8,0.0,20.0,,0.1,,,100,2.853665531336805,1.8899312954695016,0.4379432624113475,0.5217391304347826,,,,,,
q,beta_x_noise,8,0.0,20.0,,0.1,,,500,159.34286678892315,113.52213888830704,0.5327260458839406,0.5447154471544715,,,,,,
q,beta_x_noise,9,0.0,20.0,,0.1,,,100,7.2535894729686685,7.12052182779518,0.7285464098073555,0.6739130434782609,,,,,,
q,beta_x_noise,9,0.0,20.0,,0.1,,,500,64.93856324437478,48.35372443038601,0.4860316391787277,0.4512195121951219,,,,,,
q,beta_x_noise,10,0.0,20.0,,0.1,,,100,2.916182158288063,1.4711712786184057,0.3516873889875666,0.3684210526315789,,,,,,
q,beta_x_noise,10,0.0,20.0,,0.1,,,500,11.965586402921389,6.333921329345873,0.4336820789740128,0.4343434343434343,,,,,,
q,beta_x_noise,11,0.0,20.0,,0.1,,,100,6.756147231903261,5.03756644460558,0.1666666666666666,0.2842105263157894,,,,,,
q,beta_x_noise,11,0.0,20.0,,0.1,,,500,177.89457022997848,90.40237084174258,0.3838075880758808,0.3555555555555555,,,,,,
q,beta_x_noise,12,0.0,20.0,,0.1,,,100,6.512861859167686,6.452446628088932,0.2486772486772486,0.4408602150537634,,,,,,
q,beta_x_noise,12,0.0,20.0,,0.1,,,500,38.08753614088121,37.18703306340152,0.1675092686215032,0.3407707910750507,,,,,,
q,beta_x_noise,13,0.0,20.0,,0.1,,,100,2.5153994906718937,1.6865459961208709,0.7504302925989673,0.6947368421052632,,,,,,
q,beta_x_noise,13,0.0,20.0,,0.1,,,500,21.217109810592422,21.217109810592422,0.4656155652465615,0.4666666666666667,,,,,,
q,beta_x_noise,14,0.0,20.0,,0.1,,,100,3.846525471385851,3.846525471385851,0.3485113835376532,0.3763440860215054,,,,,,
q,beta_x_noise,14,0.0,20.0,,0.1,,,500,318.3549138580292,318.3549138580292,0.4140020195220464,0.4462474645030426,,,,,,
q,beta_x_noise,15,0.0,20.0,,0.1,,,100,3.758556825008825,3.637503973246655,0.5087719298245614,0.4,,,,,,
q,beta_x_noise,15,0.0,20.0,,0.1,,,500,130.6317732677069,70.08547041683505,0.465993265993266,0.4303030303030303,,,,,,
q,beta_x_noise,16,0.0,20.0,,0.1,,,100,4.052490655976365,3.731435123560256,0.5518453427065027,0.5319148936170213,,,,,,
q,beta_x_noise,16,0.0,20.0,,0.1,,,500,17.570609229111696,9.143890694814258,0.2037723139104075,0.305668016194332,,,,,,
q,beta_x_noise,17,0.0,20.0,,0.1,,,100,9.921676390014946,9.335920788933487,0.7535460992907801,0.7446808510638298,,,,,,
q,beta_x_noise,17,0.0,20.0,,0.1,,,500,78.96681024193458,27.34216094868173,0.3937246963562753,0.4635627530364372,,,,,,
q,beta_x_noise,18,0.0,20.0,,0.1,,,100,4.609945038995391,3.750807642056482,0.6532399299474606,0.6559139784946236,,,,,,
q,beta_x_noise,18,0.0,20.0,,0.1,,,500,21.711657650434216,18.356319258448423,0.3887579939414338,0.4401622718052738,,,,,,
q,beta_x_noise,19,0.0,20.0,,0.1,,,100,9.29887210508786,9.29887210508786,0.5359019264448336,0.6170212765957447,,,,,,
q,beta_x_noise,19,0.0,20.0,,0.1,,,500,83.11229520187966,23.75356898888898,0.5772467182766745,0.5991902834008097,,,,,,
q,beta_x_noise,0,0.0,20.0,,0.3,,,100,2245.960341834587,1482.0114575348643,0.3373702422145329,0.351063829787234,,,,,,
q,beta_x_noise,0,0.0,20.0,,0.3,,,500,74121.0447469379,36510.26224532671,0.3700470114170584,0.3380566801619433,,,,,,
q,beta_x_noise,1,0.0,20.0,,0.3,,,100,36.16901686618645,17.095172743389018,0.3955223880597014,0.3548387096774194,,,,,,
q,beta_x_noise,1,0.0,20.0,,0.3,,,500,978687.0396765594,608498.7394469628,0.3409400544959128,0.3448275862068966,,,,,,
q,beta_x_noise,2,0.0,20.0,,0.3,,,100,88.70177649289086,45.27781418076112,0.3404634581105169,0.3655913978494624,,,,,,
q,beta_x_noise,2,0.0,20.0,,0.3,,,500,83161.0495077929,258.6756767384787,0.342451874366768,0.3772819472616633,,,,,,
q,beta_x_noise,3,0.0,20.0,,0.3,,,100,32.50511999741104,13.595086357050508,0.2667844522968198,0.3829787234042553,,,,,,
q,beta_x_noise,3,0.0,20.0,,0.3,,,500,29136.40758200515,2628.063140465955,0.3476062036412677,0.3906882591093117,,,,,,
q,beta_x_noise,8,0.0,20.0,,0.3,,,100,76.48823213387615,4.195120662723048,0.3351063829787234,0.4239130434782608,,,,,,
q,beta_x_noise,8,0.0,20.0,,0.3,,,500,25613.898932922733,2926.539178279997,0.3502024291497975,0.3821138211382114,,,,,,
q,beta_x_noise,9,0.0,20.0,,0.3,,,100,62.6769440431469,22.962386234100983,0.4133099824868651,0.3152173913043478,,,,,,
q,beta_x_noise,9,0.0,20.0,,0.3,,,500,742.9123103866282,68.69961089439771,0.3433187478963312,0.3455284552845528,,,,,,
q,beta_x_noise,10,0.0,20.0,,0.3,,,100,440.5134943680979,403.7224177101547,0.4120781527531083,0.4105263157894737,,,,,,
q,beta_x_noise,10,0.0,20.0,,0.3,,,500,5349294.200109408,2002721.9512311672,0.3648329395882551,0.3292929292929293,,,,,,
q,beta_x_noise,11,0.0,20.0,,0.3,,,100,131.9981200515774,32.69257180980708,0.3876811594202898,0.3263157894736842,,,,,,
q,beta_x_noise,11,0.0,20.0,,0.3,,,500,16835.83989101392,16835.83989101392,0.3526422764227642,0.3434343434343434,,,,,,
q,beta_x_noise,0,0.0,50.0,,0.0,,,100,3.028879302924281e-08,3.028879302924281e-08,1.0,1.0,,,,,,
q,beta_x_noise,0,0.0,50.0,,0.0,,,500,2.2809529198752898e-07,2.2809529198752898e-07,1.0,1.0,,,,,,
q,beta_x_noise,1,0.0,50.0,,0.0,,,100,3.0527475880504085e-08,2.9526304734517346e-08,1.0,1.0,,,,,,
q,beta_x_noise,1,0.0,50.0,,0.0,,,500,3.0726483357668144e-07,3.0726483357668144e-07,1.0,1.0,,,,,,
q,beta_x_noise,2,0.0,50.0,,0.0,,,100,2.982463576106653e-08,2.982463576106653e-08,1.0,1.0,,,,,,
q,beta_x_noise,2,0.0,50.0,,0.0,,,500,2.796233458113307e-07,2.796233458113307e-07,1.0,1.0,,,,,,
q,beta_x_noise,3,0.0,50.0,,0.0,,,100,4.947605212191064e-07,4.429138493189378e-07,1.0,1.0,,,,,,
q,beta_x_noise,3,0.0,50.0,,0.0,,,500,4.947605212191064e-07,1.6835340410636945e-07,1.0,1.0,,,,,,
q,beta_x_noise,12,0.0,20.0,,0.3,,,100,313.0256525079186,246.7003668334034,0.3492063492063492,0.2795698924731182,,,,,,
q,beta_x_noise,12,0.0,20.0,,0.3,,,500,40281.42901502263,695.7474599665006,0.3542298618132794,0.2981744421906693,,,,,,
q,beta_x_noise,13,0.0,20.0,,0.3,,,100,1415.340933848349,1405.1146953635373,0.3562822719449225,0.4210526315789473,,,,,,
q,beta_x_noise,13,0.0,20.0,,0.3,,,500,29072.272036680308,11138.959790696505,0.3586044951358604,0.3656565656565657,,,,,,
q,beta_x_noise,14,0.0,20.0,,0.3,,,100,27.180541139033284,12.27149179233646,0.3555166374781086,0.3118279569892473,,,,,,
q,beta_x_noise,14,0.0,20.0,,0.3,,,500,380419.71254170255,83909.61158318592,0.3554358801750252,0.3407707910750507,,,,,,
q,beta_x_noise,15,0.0,20.0,,0.3,,,100,64.85267359163795,14.025511840853431,0.3771929824561403,0.3789473684210526,,,,,,
q,beta_x_noise,15,0.0,20.0,,0.3,,,500,8214.062661606384,939.09092937117,0.3333333333333333,0.3333333333333333,,,,,,
q,beta_x_noise,16,0.0,20.0,,0.3,,,100,27.569911437463208,27.569911437463208,0.3936731107205624,0.4893617021276595,,,,,,
q,beta_x_noise,16,0.0,20.0,,0.3,,,500,354.0020877030646,13.435107015288844,0.3698214887167396,0.4149797570850202,,,,,,
q,beta_x_noise,17,0.0,20.0,,0.3,,,100,39.047888800271615,24.749063444205,0.3475177304964539,0.4680851063829787,,,,,,
q,beta_x_noise,17,0.0,20.0,,0.3,,,500,714507.5541602392,8752.294311786523,0.3410931174089069,0.3724696356275304,,,,,,
q,beta_x_noise,18,0.0,20.0,,0.3,,,100,103.60563090233708,29.37247890490848,0.3397548161120841,0.3225806451612903,,,,,,
q,beta_x_noise,18,0.0,20.0,,0.3,,,500,279.622992501211,122.25261885557764,0.3248064624705486,0.2941176470588235,,,,,,
q,beta_x_noise,19,0.0,20.0,,0.3,,,100,31.39414065308837,29.965201317808045,0.3695271453590192,0.3617021276595745,,,,,,
q,beta_x_noise,19,0.0,20.0,,0.3,,,500,437.409285479388,55.11278466688794,0.3662066644227533,0.3724696356275304,,,,,,
q,beta_x_noise,4,0.0,50.0,,0.0,,,100,4.642266082655056e-08,4.332028824549639e-08,1.0,1.0,,,,,,
q,beta_x_noise,4,0.0,50.0,,0.0,,,500,2.7742166475164254e-07,2.534606005077933e-07,1.0,1.0,,,,,,
q,beta_x_noise,5,0.0,50.0,,0.0,,,100,1.4096427492282793e-05,5.977061780182424e-06,1.0,1.0,,,,,,
q,beta_x_noise,5,0.0,50.0,,0.0,,,500,1.4096427492282793e-05,1.6483028026925697e-06,1.0,1.0,,,,,,
q,beta_x_noise,6,0.0,50.0,,0.0,,,100,4.64761786833634e-08,4.405826659059642e-08,1.0,1.0,,,,,,
q,beta_x_noise,6,0.0,50.0,,0.0,,,500,2.597709372054169e-07,2.597709372054169e-07,1.0,1.0,,,,,,
q,beta_x_noise,7,0.0,50.0,,0.0,,,100,2.138913469292014e-06,1.2507661981131513e-06,1.0,1.0,,,,,,
q,beta_x_noise,7,0.0,50.0,,0.0,,,500,2.138913469292014e-06,3.2575240704879604e-07,1.0,1.0,,,,,,
q,beta_x_noise,8,0.0,50.0,,0.0,,,100,2.673443588729896e-08,2.673443588729896e-08,1.0,1.0,,,,,,
q,beta_x_noise,8,0.0,50.0,,0.0,,,500,1.8455463890454385e-07,1.834504774755885e-07,1.0,1.0,,,,,,
q,beta_x_noise,9,0.0,50.0,,0.0,,,100,2.183110338463412e-05,1.024031946983417e-05,1.0,1.0,,,,,,
q,beta_x_noise,9,0.0,50.0,,0.0,,,500,2.183110338463412e-05,2.136320355727861e-06,1.0,1.0,,,,,,
q,beta_x_noise,10,0.0,50.0,,0.0,,,100,2.500992850565376e-05,2.3697334459060748e-05,1.0,1.0,,,,,,
q,beta_x_noise,10,0.0,50.0,,0.0,,,500,2.500992850565376e-05,5.624877030818709e-06,1.0,1.0,,,,,,
q,beta_x_noise,11,0.0,50.0,,0.0,,,100,7.182443351308465e-06,6.4607041576625335e-06,1.0,1.0,,,,,,
q,beta_x_noise,11,0.0,50.0,,0.0,,,500,7.182443351308465e-06,2.410628469728948e-06,1.0,1.0,,,,,,
q,beta_x_noise,12,0.0,50.0,,0.0,,,100,3.279982063730813e-08,3.279982063730813e-08,1.0,1.0,,,,,,
q,beta_x_noise,12,0.0,50.0,,0.0,,,500,2.337195317281271e-07,2.323051733199577e-07,1.0,1.0,,,,,,
q,beta_x_noise,13,0.0,50.0,,0.0,,,100,4.58466848929362e-08,4.58466848929362e-08,1.0,1.0,,,,,,
q,beta_x_noise,13,0.0,50.0,,0.0,,,500,2.44146739711848e-05,7.547016205089463e-06,1.0,1.0,,,,,,
q,beta_x_noise,14,0.0,50.0,,0.0,,,100,1.580745818546836e-07,1.183234092927421e-07,1.0,1.0,,,,,,
q,beta_x_noise,14,0.0,50.0,,0.0,,,500,2.505869689528595e-07,2.505869689528595e-07,1.0,1.0,,,,,,
q,beta_x_noise,15,0.0,50.0,,0.0,,,100,2.5669270931061305e-08,2.5669270931061305e-08,1.0,1.0,,,,,,
q,beta_x_noise,15,0.0,50.0,,0.0,,,500,1.937316445044246e-07,1.937316445044246e-07,1.0,1.0,,,,,,
q,beta_x_noise,16,0.0,50.0,,0.0,,,100,2.5020789440333153e-08,2.4337187598533205e-08,1.0,1.0,,,,,,
q,beta_x_noise,16,0.0,50.0,,0.0,,,500,2.276912147713972e-07,2.276912147713972e-07,1.0,1.0,,,,,,
q,beta_x_noise,17,0.0,50.0,,0.0,,,100,2.953205169298201e-08,2.8584952960208912e-08,1.0,1.0,,,,,,
q,beta_x_noise,17,0.0,50.0,,0.0,,,500,2.9474774221327493e-07,2.9474774221327493e-07,1.0,1.0,,,,,,
q,beta_x_noise,18,0.0,50.0,,0.0,,,100,1.6576325786513135e-05,1.4917911233286452e-05,1.0,1.0,,,,,,
q,beta_x_noise,18,0.0,50.0,,0.0,,,500,1.6576325786513135e-05,7.828847059743183e-06,1.0,1.0,,,,,,
q,beta_x_noise,19,0.0,50.0,,0.0,,,100,2.5587251595848848e-06,1.1611252107579515e-06,1.0,1.0,,,,,,
q,beta_x_noise,19,0.0,50.0,,0.0,,,500,2.5587251595848848e-06,1.884561144915864e-07,1.0,1.0,,,,,,
q,beta_x_noise,0,0.0,50.0,,1e-05,,,100,0.000429868812277,0.0004076005441582,1.0,1.0,,,,,,
q,beta_x_noise,0,0.0,50.0,,1e-05,,,500,0.0016011159027693,0.0013344562978374,1.0,1.0,,,,,,
q,beta_x_noise,1,0.0,50.0,,1e-05,,,100,0.0005980573206181,0.0005980573206181,1.0,1.0,,,,,,
q,beta_x_noise,1,0.0,50.0,,1e-05,,,500,0.0037991530468883,0.0037900682413183,1.0,1.0,,,,,,
q,beta_x_noise,2,0.0,50.0,,1e-05,,,100,0.00038985527321,0.000320174467318,1.0,1.0,,,,,,
q,beta_x_noise,2,0.0,50.0,,1e-05,,,500,0.0009681516583316,0.0006777999724171,1.0,1.0,,,,,,
q,beta_x_noise,3,0.0,50.0,,1e-05,,,100,0.0004817064465649,0.0003689502891377,1.0,1.0,,,,,,
q,beta_x_noise,3,0.0,50.0,,1e-05,,,500,0.0015879225740195,0.0015732593942614,1.0,1.0,,,,,,
q,beta_x_noise,4,0.0,50.0,,1e-05,,,100,0.0003034267424055,0.0001490191835043,1.0,1.0,,,,,,
q,beta_x_noise,4,0.0,50.0,,1e-05,,,500,0.0005109558626883,0.0003054794243535,1.0,1.0,,,,,,
q,beta_x_noise,5,0.0,50.0,,1e-05,,,100,0.0004069516038257,0.0003660876832377,1.0,1.0,,,,,,
q,beta_x_noise,5,0.0,50.0,,1e-05,,,500,0.0010062204884508,0.0006574768928619,1.0,1.0,,,,,,
q,beta_x_noise,6,0.0,50.0,,1e-05,,,100,0.0005280683272657,0.0005280683272657,1.0,1.0,,,,,,
q,beta_x_noise,6,0.0,50.0,,1e-05,,,500,0.0028998222748413,0.0028365125950524,1.0,1.0,,,,,,
q,beta_x_noise,7,0.0,50.0,,1e-05,,,100,0.0002263101773696,0.0002165453967128,1.0,1.0,,,,,,
q,beta_x_noise,7,0.0,50.0,,1e-05,,,500,0.0009649300773832,0.0005301481764043,1.0,1.0,,,,,,
q,beta_x_noise,8,0.0,50.0,,1e-05,,,100,0.0002931514354015,0.0002797456380732,1.0,1.0,,,,,,
q,beta_x_noise,8,0.0,50.0,,1e-05,,,500,0.0039151044661742,0.0035510232987563,1.0,1.0,,,,,,
q,beta_x_noise,9,0.0,50.0,,1e-05,,,100,0.0008926453689425,0.0008147405749312,1.0,1.0,,,,,,
q,beta_x_noise,9,0.0,50.0,,1e-05,,,500,0.0020745604871998,0.0017116948671718,1.0,1.0,,,,,,
q,beta_x_noise,10,0.0,50.0,,1e-05,,,100,0.0005026737995737,0.0004211424735728,1.0,1.0,,,,,,
q,beta_x_noise,10,0.0,50.0,,1e-05,,,500,0.0012568934005634,0.0007397360916301,1.0,1.0,,,,,,
q,beta_x_noise,11,0.0,50.0,,1e-05,,,100,0.0003592094978968,0.0003085554423044,1.0,1.0,,,,,,
q,beta_x_noise,11,0.0,50.0,,1e-05,,,500,0.0017236007748482,0.0016994245238708,1.0,1.0,,,,,,
q,beta_x_noise,12,0.0,50.0,,1e-05,,,100,0.0006021422651961,0.0006021422651961,1.0,1.0,,,,,,
q,beta_x_noise,12,0.0,50.0,,1e-05,,,500,0.0049506228086102,0.0047839541633358,1.0,1.0,,,,,,
q,beta_x_noise,13,0.0,50.0,,1e-05,,,100,0.0003780532842493,0.0002558466571631,1.0,1.0,,,,,,
q,beta_x_noise,13,0.0,50.0,,1e-05,,,500,0.0021174574884486,0.0016767696418051,1.0,1.0,,,,,,
q,beta_x_noise,14,0.0,50.0,,1e-05,,,100,0.0004576035651208,0.0004272189233047,1.0,1.0,,,,,,
q,beta_x_noise,14,0.0,50.0,,1e-05,,,500,0.0007607473885566,0.0006705339318716,1.0,1.0,,,,,,
q,beta_x_noise,15,0.0,50.0,,1e-05,,,100,0.0004123357371794,0.0004123357371794,1.0,1.0,,,,,,
q,beta_x_noise,15,0.0,50.0,,1e-05,,,500,0.0011830942270854,0.0011830942270854,1.0,1.0,,,,,,
q,beta_x_noise,16,0.0,50.0,,1e-05,,,100,0.0004028403115823,0.0003605917407599,1.0,1.0,,,,,,
q,beta_x_noise,16,0.0,50.0,,1e-05,,,500,0.0034943681731531,0.0034778677986109,1.0,1.0,,,,,,
q,beta_x_noise,17,0.0,50.0,,1e-05,,,100,0.0004634799394438,0.0004634799394438,1.0,1.0,,,,,,
q,beta_x_noise,17,0.0,50.0,,1e-05,,,500,0.0037868982720272,0.0037868982720272,1.0,1.0,,,,,,
q,beta_x_noise,18,0.0,50.0,,1e-05,,,100,0.0005734038094324,0.0004270674514792,1.0,1.0,,,,,,
q,beta_x_noise,18,0.0,50.0,,1e-05,,,500,0.002054115493288,0.0020180279955583,1.0,1.0,,,,,,
q,beta_x_noise,19,0.0,50.0,,1e-05,,,100,0.0003695007064555,0.0003695007064555,1.0,1.0,,,,,,
q,beta_x_noise,19,0.0,50.0,,1e-05,,,500,0.0030726684517143,0.0029911571962433,1.0,1.0,,,,,,
q,beta_x_noise,4,0.0,50.0,,0.0001,,,100,0.0030288081285597,0.0014915906394345,1.0,1.0,,,,,,
q,beta_x_noise,4,0.0,50.0,,0.0001,,,500,0.0051093001469642,0.0030495139711739,1.0,1.0,,,,,,
q,beta_x_noise,5,0.0,50.0,,0.0001,,,100,0.0040730539232678,0.0036642316993995,1.0,1.0,,,,,,
q,beta_x_noise,5,0.0,50.0,,0.0001,,,500,0.0100532870116563,0.0065632565752618,1.0,1.0,,,,,,
q,beta_x_noise,6,0.0,50.0,,0.0001,,,100,0.0052779927615487,0.0052779927615487,1.0,1.0,,,,,,
q,beta_x_noise,6,0.0,50.0,,0.0001,,,500,0.0290068966521297,0.0283735872572497,1.0,1.0,,,,,,
q,beta_x_noise,7,0.0,50.0,,0.0001,,,100,0.002272478420219,0.0021750828672519,1.0,1.0,,,,,,
q,beta_x_noise,7,0.0,50.0,,0.0001,,,500,0.0096448774127582,0.0052966289550004,1.0,1.0,,,,,,
q,beta_x_noise,0,0.0,50.0,,0.0001,,,100,0.0042962545038804,0.0040735746529338,1.0,1.0,,,,,,
q,beta_x_noise,0,0.0,50.0,,0.0001,,,500,0.0160065847973154,0.0133428272345386,1.0,1.0,,,,,,
q,beta_x_noise,1,0.0,50.0,,0.0001,,,100,0.0059654137007472,0.0059654137007472,1.0,1.0,,,,,,
q,beta_x_noise,1,0.0,50.0,,0.0001,,,500,0.0379711666081701,0.0378917986586668,1.0,1.0,,,,,,
q,beta_x_noise,2,0.0,50.0,,0.0001,,,100,0.0038952475602884,0.0031984668978864,1.0,1.0,,,,,,
q,beta_x_noise,2,0.0,50.0,,0.0001,,,500,0.0096838689049461,0.0067870031244737,1.0,1.0,,,,,,
q,beta_x_noise,3,0.0,50.0,,0.0001,,,100,0.004817919489783,0.0036898342990615,1.0,1.0,,,,,,
q,beta_x_noise,3,0.0,50.0,,0.0001,,,500,0.0158700586630887,0.0157263544395066,1.0,1.0,,,,,,
q,beta_x_noise,8,0.0,50.0,,0.0001,,,100,0.0029357247321422,0.002802645198358,1.0,1.0,,,,,,
q,beta_x_noise,8,0.0,50.0,,0.0001,,,500,0.0391518381024544,0.03551838672495,1.0,1.0,,,,,,
q,beta_x_noise,9,0.0,50.0,,0.0001,,,100,0.0090199353434402,0.0082412511907286,1.0,1.0,,,,,,
q,beta_x_noise,9,0.0,50.0,,0.0001,,,500,0.0207651853978232,0.0171325437560816,1.0,1.0,,,,,,
q,beta_x_noise,10,0.0,50.0,,0.0001,,,100,0.0050291553087239,0.0042146116951656,1.0,1.0,,,,,,
q,beta_x_noise,10,0.0,50.0,,0.0001,,,500,0.0126056247592756,0.0074357246844658,1.0,1.0,,,,,,
q,beta_x_noise,11,0.0,50.0,,0.0001,,,100,0.0035881227961653,0.0030850288156527,1.0,1.0,,,,,,
q,beta_x_noise,11,0.0,50.0,,0.0001,,,500,0.0172158181288064,0.0169760575284676,1.0,1.0,,,,,,
q,beta_x_noise,12,0.0,50.0,,0.0001,,,100,0.0060096965131197,0.0060096965131197,1.0,1.0,,,,,,
q,beta_x_noise,12,0.0,50.0,,0.0001,,,500,0.049426757818082,0.0477815079189636,1.0,1.0,,,,,,
q,beta_x_noise,13,0.0,50.0,,0.0001,,,100,0.0037832360514909,0.0025574751001737,1.0,1.0,,,,,,
q,beta_x_noise,13,0.0,50.0,,0.0001,,,500,0.0211539916850154,0.0167509088369537,1.0,1.0,,,,,,
q,beta_x_noise,14,0.0,50.0,,0.0001,,,100,0.0045738608139385,0.0042718257037164,1.0,1.0,,,,,,
q,beta_x_noise,14,0.0,50.0,,0.0001,,,500,0.0076016180755675,0.0067007632909984,1.0,1.0,,,,,,
q,beta_x_noise,15,0.0,50.0,,0.0001,,,100,0.0041233940522832,0.0041233940522832,1.0,1.0,,,,,,
q,beta_x_noise,15,0.0,50.0,,0.0001,,,500,0.011831942540601,0.011831942540601,1.0,1.0,,,,,,
q,beta_x_noise,16,0.0,50.0,,0.0001,,,100,0.0040275890185013,0.0036051666350436,1.0,1.0,,,,,,
q,beta_x_noise,16,0.0,50.0,,0.0001,,,500,0.0349599231146284,0.0348052985126496,1.0,1.0,,,,,,
q,beta_x_noise,17,0.0,50.0,,0.0001,,,100,0.004636284943868,0.004636284943868,1.0,1.0,,,,,,
q,beta_x_noise,17,0.0,50.0,,0.0001,,,500,0.0378854340136376,0.0378854340136376,1.0,1.0,,,,,,
q,beta_x_noise,18,0.0,50.0,,0.0001,,,100,0.0057365770970405,0.0042743786705461,0.989492119089317,0.989247311827957,,,,,,
q,beta_x_noise,18,0.0,50.0,,0.0001,,,500,0.0205346176226854,0.0201726461988056,0.997980477953551,0.9979716024340772,,,,,,
q,beta_x_noise,19,0.0,50.0,,0.0001,,,100,0.0036990725388522,0.0036990725388522,1.0,1.0,,,,,,
q,beta_x_noise,19,0.0,50.0,,0.0001,,,500,0.0307193570468826,0.0299026338304804,1.0,1.0,,,,,,
q,beta_x_noise,0,0.0,50.0,,0.001,,,100,0.0426962967395674,0.0404691980376239,1.0,1.0,,,,,,
q,beta_x_noise,0,0.0,50.0,,0.001,,,500,0.1595735695946389,0.133195495347188,1.0,1.0,,,,,,
q,beta_x_noise,1,0.0,50.0,,0.001,,,100,0.0589727901716445,0.0589727901716445,1.0,1.0,,,,,,
q,beta_x_noise,1,0.0,50.0,,0.001,,,500,0.3780807341611214,0.3780807341611214,1.0,1.0,,,,,,
q,beta_x_noise,2,0.0,50.0,,0.001,,,100,0.0387403416569202,0.031771933679445,1.0,1.0,,,,,,
q,beta_x_noise,2,0.0,50.0,,0.001,,,500,0.0972342549808537,0.0689380746584932,1.0,1.0,,,,,,
q,beta_x_noise,3,0.0,50.0,,0.001,,,100,0.0482751746616905,0.0369405057839959,0.9858657243816256,0.9893617021276596,,,,,,
q,beta_x_noise,3,0.0,50.0,,0.001,,,500,0.1577967011506577,0.1566574300443586,0.9973027646662171,0.9959514170040484,,,,,,
q,beta_x_noise,4,0.0,50.0,,0.001,,,100,0.029926468253592,0.0150297791023189,1.0,1.0,,,,,,
q,beta_x_noise,4,0.0,50.0,,0.001,,,500,0.0511652519997545,0.0301269953697436,1.0,1.0,,,,,,
q,beta_x_noise,5,0.0,50.0,,0.001,,,100,0.0408994154576753,0.0367911006756309,1.0,1.0,,,,,,
q,beta_x_noise,5,0.0,50.0,,0.001,,,500,0.1007775009867226,0.0656222312094065,1.0,1.0,,,,,,
q,beta_x_noise,6,0.0,50.0,,0.001,,,100,0.0525563987917854,0.0525563987917854,1.0,1.0,,,,,,
q,beta_x_noise,6,0.0,50.0,,0.001,,,500,0.2911127321697311,0.2847639087120419,1.0,1.0,,,,,,
q,beta_x_noise,7,0.0,50.0,,0.001,,,100,0.0234038355287242,0.0224611751809435,1.0,1.0,,,,,,
q,beta_x_noise,7,0.0,50.0,,0.001,,,500,0.0959874082654654,0.0524165348650567,1.0,1.0,,,,,,
q,beta_x_noise,8,0.0,50.0,,0.001,,,100,0.0297487140208291,0.0285273610612134,1.0,1.0,,,,,,
q,beta_x_noise,8,0.0,50.0,,0.001,,,500,0.3917640782258202,0.3561895065327467,1.0,1.0,,,,,,
q,beta_x_noise,9,0.0,50.0,,0.001,,,100,0.0903023267780253,0.0825524392271557,1.0,1.0,,,,,,
q,beta_x_noise,9,0.0,50.0,,0.001,,,500,0.2065768337687852,0.1709589001349292,1.0,1.0,,,,,,
q,beta_x_noise,10,0.0,50.0,,0.001,,,100,0.0505314777761014,0.042464011982008,0.9893428063943162,0.9894736842105264,,,,,,
q,beta_x_noise,10,0.0,50.0,,0.001,,,500,0.1264738091696329,0.0739423635819025,0.9979750253121836,0.997979797979798,,,,,,
q,beta_x_noise,11,0.0,50.0,,0.001,,,100,0.0355726161706193,0.0308247785917098,1.0,1.0,,,,,,
q,beta_x_noise,11,0.0,50.0,,0.001,,,500,0.1701645778324445,0.1679645940023695,1.0,1.0,,,,,,
q,beta_x_noise,12,0.0,50.0,,0.001,,,100,0.0591358240331124,0.0591358240331124,1.0,1.0,,,,,,
q,beta_x_noise,12,0.0,50.0,,0.001,,,500,0.4862757030050724,0.4719716844666634,1.0,1.0,,,,,,
q,beta_x_noise,13,0.0,50.0,,0.001,,,100,0.0380869636632839,0.0254139660421974,0.9776247848537004,0.9894736842105264,,,,,,
q,beta_x_noise,13,0.0,50.0,,0.001,,,500,0.2091821454365172,0.165508450570099,0.995639047299564,0.997979797979798,,,,,,
q,beta_x_noise,14,0.0,50.0,,0.001,,,100,0.0452324290693867,0.0423940024817504,0.9737302977232924,0.967741935483871,,,,,,
q,beta_x_noise,14,0.0,50.0,,0.001,,,500,0.0757235420687394,0.0669129633684649,0.9949511948838776,0.9939148073022313,,,,,,
q,beta_x_noise,15,0.0,50.0,,0.001,,,100,0.0412817584169966,0.0412817584169966,1.0,1.0,,,,,,
q,beta_x_noise,15,0.0,50.0,,0.001,,,500,0.1182762048343861,0.1182762048343861,1.0,1.0,,,,,,
q,beta_x_noise,16,0.0,50.0,,0.001,,,100,0.0401735830314703,0.0359550441363973,1.0,1.0,,,,,,
q,beta_x_noise,16,0.0,50.0,,0.001,,,500,0.3511341305001814,0.3505067993427615,1.0,1.0,,,,,,
q,beta_x_noise,17,0.0,50.0,,0.001,,,100,0.0465135999706178,0.0465135999706178,0.99645390070922,0.9893617021276596,,,,,,
q,beta_x_noise,17,0.0,50.0,,0.001,,,500,0.3800243541242074,0.3800243541242074,0.9993252361673416,0.9979757085020244,,,,,,
q,beta_x_noise,18,0.0,50.0,,0.001,,,100,0.0574911595999003,0.0430241625668235,0.9719789842381786,0.978494623655914,,,,,,
q,beta_x_noise,18,0.0,50.0,,0.001,,,500,0.2048708966110224,0.2011369225710266,0.994614607876136,0.995943204868154,,,,,,
q,beta_x_noise,19,0.0,50.0,,0.001,,,100,0.0371788335448859,0.0369130127081874,1.0,1.0,,,,,,
q,beta_x_noise,19,0.0,50.0,,0.001,,,500,0.3064823130208958,0.2981431625733526,1.0,1.0,,,,,,
q,beta_x_noise,0,0.0,50.0,,0.01,,,100,0.4103725042297675,0.3860559494398364,0.903114186851211,0.946808510638298,,,,,,
q,beta_x_noise,0,0.0,50.0,,0.01,,,500,1.5503305278488586,1.3057485496889831,0.9586971121558092,0.9757085020242916,,,,,,
q,beta_x_noise,1,0.0,50.0,,0.01,,,100,0.5684941204842286,0.5684941204842286,0.875,0.8602150537634409,,,,,,
q,beta_x_noise,1,0.0,50.0,,0.01,,,500,3.3342750810570587,3.3342750810570587,0.7956403269754768,0.7768762677484787,,,,,,
q,beta_x_noise,2,0.0,50.0,,0.01,,,100,0.386859481897176,0.3134553316651088,0.948306595365419,1.0,,,,,,
q,beta_x_noise,2,0.0,50.0,,0.01,,,500,1.035466379513234,0.8377994202535215,0.9902060114826072,1.0,,,,,,
q,beta_x_noise,3,0.0,50.0,,0.01,,,100,0.5013635435004364,0.3820916002548721,0.8109540636042403,0.851063829787234,,,,,,
q,beta_x_noise,3,0.0,50.0,,0.01,,,500,1.4850614201884702,1.4850614201884702,0.7666891436277815,0.7348178137651822,,,,,,
q,beta_x_noise,4,0.0,50.0,,0.01,,,100,0.2931492669522054,0.1585870876820445,0.9737302977232924,0.946236559139785,,,,,,
q,beta_x_noise,4,0.0,50.0,,0.01,,,500,0.5004951145588916,0.2651572631171652,0.9949511948838776,0.9898580121703854,,,,,,
q,beta_x_noise,5,0.0,50.0,,0.01,,,100,0.4165943858905649,0.3723404972219465,0.9930191972076788,0.9894736842105264,,,,,,
q,beta_x_noise,5,0.0,50.0,,0.01,,,500,0.9663123912743296,0.6015559316389427,0.9525731584258323,0.9555555555555556,,,,,,
q,beta_x_noise,6,0.0,50.0,,0.01,,,100,0.5114722926649593,0.5114722926649593,0.8402777777777778,0.8829787234042553,,,,,,
q,beta_x_noise,6,0.0,50.0,,0.01,,,500,3.028131541681436,2.9608578443952607,0.9526209677419356,0.9615384615384616,,,,,,
q,beta_x_noise,7,0.0,50.0,,0.01,,,100,0.2480233293966394,0.2424126096868015,0.9775474956822108,0.967741935483871,,,,,,
q,beta_x_noise,7,0.0,50.0,,0.01,,,500,0.937541118195997,0.484147083066033,0.9865726753944276,0.9817444219066938,,,,,,
q,beta_x_noise,8,0.0,50.0,,0.01,,,100,0.30088942482703,0.30088942482703,0.9414893617021276,0.9782608695652174,,,,,,
q,beta_x_noise,8,0.0,50.0,,0.01,,,500,4.129269949979143,3.659717504130765,0.9888663967611336,0.9959349593495936,,,,,,
q,beta_x_noise,9,0.0,50.0,,0.01,,,100,0.8882728561895635,0.8143419161631377,0.9509632224168126,0.9456521739130436,,,,,,
q,beta_x_noise,9,0.0,50.0,,0.01,,,500,1.9602713866058776,1.6535271067932695,0.9902389767754964,0.9878048780487804,,,,,,
q,beta_x_noise,10,0.0,50.0,,0.01,,,100,0.524934437798229,0.4510054374126271,0.8490230905861457,0.8736842105263158,,,,,,
q,beta_x_noise,10,0.0,50.0,,0.01,,,500,1.335018107376876,0.7043542070178543,0.9537630779615256,0.9676767676767676,,,,,,
q,beta_x_noise,11,0.0,50.0,,0.01,,,100,0.3273905101429237,0.2851356123541179,0.7228260869565217,0.7157894736842105,,,,,,
q,beta_x_noise,11,0.0,50.0,,0.01,,,500,1.5233706386953227,1.5188035933926922,0.9437669376693768,0.9414141414141414,,,,,,
q,beta_x_noise,12,0.0,50.0,,0.01,,,100,0.5253674098388315,0.5230610664937535,0.8042328042328042,0.8279569892473119,,,,,,
q,beta_x_noise,12,0.0,50.0,,0.01,,,500,3.654187993450623,3.61488881925568,0.3822042467138524,0.5030425963488844,,,,,,
q,beta_x_noise,13,0.0,50.0,,0.01,,,100,0.3814770635401907,0.2550534229041419,0.9053356282271944,0.968421052631579,,,,,,
q,beta_x_noise,13,0.0,50.0,,0.01,,,500,1.8595293220739657,1.4660624217961753,0.981549815498155,0.993939393939394,,,,,,
q,beta_x_noise,14,0.0,50.0,,0.01,,,100,0.4299058225166899,0.4159731092673058,0.819614711033275,0.7634408602150538,,,,,,
q,beta_x_noise,14,0.0,50.0,,0.01,,,500,0.7806670959037774,0.6578324902028513,0.962302255132952,0.9553752535496958,,,,,,
q,beta_x_noise,15,0.0,50.0,,0.01,,,100,0.4273865286808518,0.4273865286808518,0.936842105263158,0.936842105263158,,,,,,
q,beta_x_noise,15,0.0,50.0,,0.01,,,500,1.1245386394023165,1.1245386394023165,0.9595959595959596,0.9515151515151516,,,,,,
q,beta_x_noise,16,0.0,50.0,,0.01,,,100,0.3804289416531063,0.3394473455493323,0.9420035149384886,0.8829787234042553,,,,,,
q,beta_x_noise,16,0.0,50.0,,0.01,,,500,2.8761985294774446,2.7091247188662813,0.6668912091613338,0.6275303643724697,,,,,,
q,beta_x_noise,17,0.0,50.0,,0.01,,,100,0.4760038969277501,0.4760038969277501,0.9397163120567376,0.9148936170212766,,,,,,
q,beta_x_noise,17,0.0,50.0,,0.01,,,500,3.24395831353537,3.2335139486195192,0.8974358974358975,0.8461538461538461,,,,,,
q,beta_x_noise,18,0.0,50.0,,0.01,,,100,0.5787582664188653,0.4492343995237855,0.8528896672504378,0.8709677419354839,,,,,,
q,beta_x_noise,18,0.0,50.0,,0.01,,,500,2.0403334379247218,2.0403334379247218,0.96634129922585,0.9675456389452332,,,,,,
q,beta_x_noise,19,0.0,50.0,,0.01,,,100,0.3988436413172767,0.3570213438716476,0.9124343257443084,0.9361702127659576,,,,,,
q,beta_x_noise,19,0.0,50.0,,0.01,,,500,2.995987631686906,2.8906898040303863,0.983170649612925,0.9878542510121456,,,,,,
q,beta_x_noise,4,0.0,50.0,,0.03,,,100,0.8104075061037144,0.5303019588924895,0.5674255691768827,0.5806451612903226,,,,,,
q,beta_x_noise,4,0.0,50.0,,0.03,,,500,1.5259685333092228,0.8202316288294162,0.846852911477617,0.8377281947261663,,,,,,
q,beta_x_noise,5,0.0,50.0,,0.03,,,100,1.3682983349159654,1.216973731216231,0.7609075043630017,0.631578947368421,,,,,,
q,beta_x_noise,5,0.0,50.0,,0.03,,,500,1.9585185949218704,1.859873232728133,0.5893037336024218,0.5777777777777777,,,,,,
q,beta_x_noise,6,0.0,50.0,,0.03,,,100,1.4389749831332852,1.419580660337325,0.5520833333333334,0.6276595744680851,,,,,,
q,beta_x_noise,6,0.0,50.0,,0.03,,,500,10.314190310819065,10.04157490347227,0.6875,0.7246963562753036,,,,,,
q,beta_x_noise,7,0.0,50.0,,0.03,,,100,0.8411588963723586,0.8411588963723586,0.7910189982728842,0.7849462365591398,,,,,,
q,beta_x_noise,7,0.0,50.0,,0.03,,,500,2.9321282166803857,1.4006126975321638,0.8412218865391071,0.8113590263691683,,,,,,
q,beta_x_noise,0,0.0,50.0,,0.03,,,100,0.9623952476807042,0.8441981892716771,0.4896193771626297,0.4787234042553192,,,,,,
q,beta_x_noise,0,0.0,50.0,,0.03,,,500,4.154133190223299,3.4229189577090025,0.6826729348556078,0.6882591093117408,,,,,,
q,beta_x_noise,1,0.0,50.0,,0.03,,,100,1.3837535538978614,1.3837535538978614,0.3899253731343283,0.4623655913978494,,,,,,
q,beta_x_noise,1,0.0,50.0,,0.03,,,500,7.863317024068094,7.0599235252557,0.1154632152588555,0.2008113590263691,,,,,,
q,beta_x_noise,2,0.0,50.0,,0.03,,,100,1.1985310830541445,0.915786067040979,0.893048128342246,0.8817204301075269,,,,,,
q,beta_x_noise,2,0.0,50.0,,0.03,,,500,3.65533682666194,3.554000231002099,0.8500506585612969,0.8640973630831643,,,,,,
q,beta_x_noise,3,0.0,50.0,,0.03,,,100,1.6353904660335843,1.264097588814109,0.5848056537102474,0.6276595744680851,,,,,,
q,beta_x_noise,3,0.0,50.0,,0.03,,,500,4.068240108927829,4.068240108927829,0.3267026298044504,0.3259109311740891,,,,,,
q,beta_x_noise,8,0.0,50.0,,0.03,,,100,1.0652800011902437,1.0652800011902437,0.6312056737588653,0.7717391304347826,,,,,,
q,beta_x_noise,8,0.0,50.0,,0.03,,,500,14.153347906489246,11.550534559921523,0.8900134952766532,0.9369918699186992,,,,,,
q,beta_x_noise,9,0.0,50.0,,0.03,,,100,2.648927927638196,2.366886042003301,0.8231173380035026,0.8152173913043478,,,,,,
q,beta_x_noise,9,0.0,50.0,,0.03,,,500,5.799363627801435,4.469658154279968,0.9299899023897678,0.9105691056910568,,,,,,
q,beta_x_noise,10,0.0,50.0,,0.03,,,100,1.6963571161221438,1.5030721908468532,0.5008880994671403,0.5684210526315789,,,,,,
q,beta_x_noise,10,0.0,50.0,,0.03,,,500,4.507384519715342,2.0410771582950527,0.8295646304421195,0.8747474747474747,,,,,,
q,beta_x_noise,11,0.0,50.0,,0.03,,,100,0.8267283594631302,0.7444956690794691,0.5253623188405797,0.4736842105263157,,,,,,
q,beta_x_noise,11,0.0,50.0,,0.03,,,500,3.6639335468454695,3.647173846236108,0.8038617886178862,0.7737373737373737,,,,,,
q,beta_x_noise,12,0.0,50.0,,0.03,,,100,1.2138461551737223,1.0992954573187177,0.5220458553791887,0.6129032258064516,,,,,,
q,beta_x_noise,12,0.0,50.0,,0.03,,,500,8.643186626361425,8.04983011265454,0.1277384563532187,0.3042596348884381,,,,,,
q,beta_x_noise,13,0.0,50.0,,0.03,,,100,1.1545905166691404,0.7729097850783215,0.8261617900172117,0.8631578947368421,,,,,,
q,beta_x_noise,13,0.0,50.0,,0.03,,,500,3.685906113495005,2.9991832314799374,0.7242536061724254,0.6222222222222222,,,,,,
q,beta_x_noise,14,0.0,50.0,,0.03,,,100,1.3177837383290478,1.2420622585869625,0.6637478108581436,0.6451612903225806,,,,,,
q,beta_x_noise,14,0.0,50.0,,0.03,,,500,2.734778698035632,2.0710345853187144,0.8381016492763379,0.8661257606490872,,,,,,
q,beta_x_noise,15,0.0,50.0,,0.03,,,100,1.3431904805505372,1.3431904805505372,0.7824561403508772,0.7157894736842105,,,,,,
q,beta_x_noise,15,0.0,50.0,,0.03,,,500,3.708281795403082,1.9385992707226272,0.5818181818181818,0.5777777777777777,,,,,,
q,beta_x_noise,16,0.0,50.0,,0.03,,,100,1.0228572558497264,0.8878911587360265,0.773286467486819,0.723404255319149,,,,,,
q,beta_x_noise,16,0.0,50.0,,0.03,,,500,5.970378849545949,5.769687185129207,0.3486022229706972,0.3502024291497975,,,,,,
q,beta_x_noise,17,0.0,50.0,,0.03,,,100,1.5009868645481077,1.5009868645481077,0.8687943262411347,0.8191489361702128,,,,,,
q,beta_x_noise,17,0.0,50.0,,0.03,,,500,8.86409347409781,8.86409347409781,0.6086369770580297,0.6295546558704453,,,,,,
q,beta_x_noise,18,0.0,50.0,,0.03,,,100,1.7487161912129865,1.432009853454146,0.8126094570928196,0.8494623655913979,,,,,,
q,beta_x_noise,18,0.0,50.0,,0.03,,,500,6.693171709301395,6.693171709301395,0.7808818579602828,0.8336713995943205,,,,,,
q,beta_x_noise,19,0.0,50.0,,0.03,,,100,1.3421122409992357,1.015385395828595,0.7740805604203153,0.8191489361702128,,,,,,
q,beta_x_noise,19,0.0,50.0,,0.03,,,500,8.667394136407129,7.755212596890164,0.9565802760013464,0.9635627530364372,,,,,,
q,beta_x_noise,0,0.0,50.0,,0.1,,,100,3.988141926130723,3.7165788351219033,0.3546712802768166,0.3404255319148936,,,,,,
q,beta_x_noise,0,0.0,50.0,,0.1,,,500,141.3878100484084,77.95378688350348,0.3203492276695769,0.3522267206477733,,,,,,
q,beta_x_noise,1,0.0,50.0,,0.1,,,100,6.965112174812521,6.965112174812521,0.292910447761194,0.3763440860215054,,,,,,
q,beta_x_noise,1,0.0,50.0,,0.1,,,500,44.208520564805646,24.518813537971223,0.4080381471389646,0.3914807302231237,,,,,,
q,beta_x_noise,2,0.0,50.0,,0.1,,,100,4.257343334944983,2.6279631572000395,0.374331550802139,0.4623655913978494,,,,,,
q,beta_x_noise,2,0.0,50.0,,0.1,,,500,59.37867509802309,23.69411271322508,0.4633569739952718,0.4807302231237322,,,,,,
q,beta_x_noise,3,0.0,50.0,,0.1,,,100,3.6635906384971104,2.9132055081048898,0.6060070671378092,0.5212765957446809,,,,,,
q,beta_x_noise,3,0.0,50.0,,0.1,,,500,11.047337892560366,8.553106776336683,0.4261631827376939,0.4493927125506073,,,,,,
q,beta_x_noise,4,0.0,50.0,,0.1,,,100,2.9829434417645526,2.917933032781576,0.3677758318739054,0.4408602150537634,,,,,,
q,beta_x_noise,4,0.0,50.0,,0.1,,,500,12.352098449398522,8.674671793978234,0.4739145069000336,0.4827586206896552,,,,,,
q,beta_x_noise,5,0.0,50.0,,0.1,,,100,10.004089374971258,9.27395110871164,0.5357766143106457,0.3368421052631579,,,,,,
q,beta_x_noise,5,0.0,50.0,,0.1,,,500,50.10341899667523,47.0490288477268,0.5274133871510259,0.4545454545454545,,,,,,
q,beta_x_noise,6,0.0,50.0,,0.1,,,100,3.060109755668749,2.622595475326928,0.4791666666666667,0.5,,,,,,
q,beta_x_noise,6,0.0,50.0,,0.1,,,500,11.197826434829713,10.768288089474236,0.4371639784946236,0.4574898785425101,,,,,,
q,beta_x_noise,7,0.0,50.0,,0.1,,,100,3.005757589142482,2.048866048471633,0.5371329879101899,0.5483870967741935,,,,,,
q,beta_x_noise,7,0.0,50.0,,0.1,,,500,254.60286462708427,219.89556715866468,0.6277274253105068,0.6369168356997972,,,,,,
q,beta_x_noise,8,0.0,50.0,,0.1,,,100,2.9351440283998214,1.9950005542091087,0.4929078014184397,0.5760869565217391,,,,,,
q,beta_x_noise,8,0.0,50.0,,0.1,,,500,147.6270927879567,122.80747439201228,0.5229419703103914,0.5447154471544715,,,,,,
q,beta_x_noise,9,0.0,50.0,,0.1,,,100,10.492741195503594,9.258534575492057,0.7338003502626971,0.6739130434782609,,,,,,
q,beta_x_noise,9,0.0,50.0,,0.1,,,500,81.5589931461524,54.44313075318437,0.4890609222484012,0.4634146341463415,,,,,,
q,beta_x_noise,10,0.0,50.0,,0.1,,,100,3.0811277960233063,1.728993350047545,0.3712255772646536,0.3894736842105263,,,,,,
q,beta_x_noise,10,0.0,50.0,,0.1,,,500,14.992310149456957,8.767248413999305,0.4441444481943976,0.4363636363636363,,,,,,
q,beta_x_noise,11,0.0,50.0,,0.1,,,100,7.181882665717215,5.6072627940151,0.1865942028985507,0.2736842105263158,,,,,,
q,beta_x_noise,11,0.0,50.0,,0.1,,,500,258.45005830377187,80.76557706342626,0.3638211382113821,0.3656565656565657,,,,,,
q,beta_x_noise,12,0.0,50.0,,0.1,,,100,6.436280303769874,6.352407914055867,0.2645502645502645,0.3548387096774194,,,,,,
q,beta_x_noise,12,0.0,50.0,,0.1,,,500,55.3041830026562,49.61699492102564,0.2005392652510954,0.3346855983772819,,,,,,
q,beta_x_noise,13,0.0,50.0,,0.1,,,100,2.972960825848694,1.2639580261286925,0.7951807228915663,0.7684210526315789,,,,,,
q,beta_x_noise,13,0.0,50.0,,0.1,,,500,17.2684981673348,12.550102659726534,0.5360617242536062,0.5151515151515151,,,,,,
q,beta_x_noise,14,0.0,50.0,,0.1,,,100,4.74242440077974,4.474429495041994,0.3572679509632224,0.3870967741935484,,,,,,
q,beta_x_noise,14,0.0,50.0,,0.1,,,500,525.0349405254386,525.0349405254386,0.4129922584988219,0.4361054766734279,,,,,,
q,beta_x_noise,15,0.0,50.0,,0.1,,,100,3.9224123411704976,3.908539550003327,0.5175438596491229,0.4526315789473684,,,,,,
q,beta_x_noise,15,0.0,50.0,,0.1,,,500,97.8179835961056,49.74299466449981,0.4966329966329966,0.4707070707070707,,,,,,
q,beta_x_noise,16,0.0,50.0,,0.1,,,100,5.429772792011574,4.967923018569708,0.5430579964850615,0.5106382978723404,,,,,,
q,beta_x_noise,16,0.0,50.0,,0.1,,,500,14.98856027553197,5.482822100771099,0.2509262377905018,0.3076923076923077,,,,,,
q,beta_x_noise,17,0.0,50.0,,0.1,,,100,11.64913396986288,11.247572819092596,0.7358156028368794,0.7021276595744681,,,,,,
q,beta_x_noise,17,0.0,50.0,,0.1,,,500,43.03761543189045,16.94626208068421,0.4011470985155195,0.3987854251012145,,,,,,
q,beta_x_noise,18,0.0,50.0,,0.1,,,100,4.846936073361267,4.1755951250338335,0.6760070052539404,0.6774193548387096,,,,,,
q,beta_x_noise,18,0.0,50.0,,0.1,,,500,17.53628716985479,15.117576886936144,0.3978458431504544,0.4401622718052738,,,,,,
q,beta_x_noise,19,0.0,50.0,,0.1,,,100,12.299387301242588,12.299387301242588,0.5656742556917689,0.6170212765957447,,,,,,
q,beta_x_noise,19,0.0,50.0,,0.1,,,500,111.62842697880149,25.862960553221093,0.5647929989902389,0.5708502024291497,,,,,,
q,beta_x_noise,0,0.0,50.0,,0.3,,,100,4750.385433906065,2509.6285015679305,0.3529411764705882,0.3297872340425531,,,,,,
q,beta_x_noise,0,0.0,50.0,,0.3,,,500,47421097.17648509,32282315.928874034,0.3713901947615849,0.3704453441295546,,,,,,
q,beta_x_noise,1,0.0,50.0,,0.3,,,100,57.14453776709433,26.804151517085742,0.3861940298507462,0.3333333333333333,,,,,,
q,beta_x_noise,1,0.0,50.0,,0.3,,,500,611799.8441208566,418495.9971984355,0.3433242506811989,0.3306288032454361,,,,,,
q,beta_x_noise,2,0.0,50.0,,0.3,,,100,100.61245485339118,59.96593622181585,0.3262032085561497,0.3548387096774194,,,,,,
q,beta_x_noise,2,0.0,50.0,,0.3,,,500,477451.3586843277,8043.793240753354,0.3292806484295846,0.3651115618661257,,,,,,
q,beta_x_noise,3,0.0,50.0,,0.3,,,100,232.67018779220405,32.154808827967386,0.2897526501766784,0.4042553191489361,,,,,,
q,beta_x_noise,3,0.0,50.0,,0.3,,,500,255774.1662822501,14663.217077546442,0.3567093728927848,0.3987854251012145,,,,,,
q,beta_x_noise,4,0.0,50.0,,0.3,,,100,50.84571793411239,50.84571793411239,0.3485113835376532,0.3655913978494624,,,,,,
q,beta_x_noise,4,0.0,50.0,,0.3,,,500,3913.3508035356863,714.7432215312757,0.3887579939414338,0.3752535496957404,,,,,,
q,beta_x_noise,5,0.0,50.0,,0.3,,,100,697.5424473904394,348.89837977243064,0.3595113438045375,0.3157894736842105,,,,,,
q,beta_x_noise,5,0.0,50.0,,0.3,,,500,49392073.949818015,40683401.27815476,0.3528422468886646,0.3191919191919192,,,,,,
q,beta_x_noise,6,0.0,50.0,,0.3,,,100,67.18780022494539,25.694301965134628,0.4461805555555556,0.4893617021276595,,,,,,
q,beta_x_noise,6,0.0,50.0,,0.3,,,500,569.5807575873521,389.1411474199637,0.3951612903225806,0.3765182186234818,,,,,,
q,beta_x_noise,7,0.0,50.0,,0.3,,,100,88.99206113433607,15.300109453510286,0.4093264248704663,0.3225806451612903,,,,,,
q,beta_x_noise,7,0.0,50.0,,0.3,,,500,207819.49688924616,94474.77584163594,0.3655589123867069,0.356997971602434,,,,,,
q,beta_x_noise,8,0.0,50.0,,0.3,,,100,79.89195264321644,10.8984052481658,0.3262411347517731,0.4239130434782608,,,,,,
q,beta_x_noise,8,0.0,50.0,,0.3,,,500,68392.50911006687,14184.288843859278,0.3215249662618084,0.3577235772357723,,,,,,
q,beta_x_noise,9,0.0,50.0,,0.3,,,100,82.38954914678438,22.87757963752428,0.3677758318739054,0.3152173913043478,,,,,,
q,beta_x_noise,9,0.0,50.0,,0.3,,,500,2032.0510344478344,294.75299777528534,0.3763042746549983,0.3699186991869919,,,,,,
q,beta_x_noise,10,0.0,50.0,,0.3,,,100,716.0488668497377,632.1539108271803,0.4280639431616341,0.4210526315789473,,,,,,
q,beta_x_noise,10,0.0,50.0,,0.3,,,500,9699028.779959071,2882506.277662497,0.3621329733378333,0.3353535353535353,,,,,,
q,beta_x_noise,11,0.0,50.0,,0.3,,,100,276.4414466990784,60.721990785870375,0.3405797101449275,0.3157894736842105,,,,,,
q,beta_x_noise,11,0.0,50.0,,0.3,,,500,61286.57220819206,61286.57220819206,0.3482384823848238,0.3272727272727272,,,,,,
q,beta_x_noise,12,0.0,50.0,,0.3,,,100,347.4901889848404,273.1446502067509,0.3386243386243386,0.2688172043010752,,,,,,
q,beta_x_noise,12,0.0,50.0,,0.3,,,500,56194.26363474323,6857.31553792803,0.3394000674081563,0.3002028397565923,,,,,,
q,beta_x_noise,13,0.0,50.0,,0.3,,,100,1408.5991372959766,1408.5991372959766,0.3838209982788296,0.4421052631578947,,,,,,
q,beta_x_noise,13,0.0,50.0,,0.3,,,500,53324.29723828784,18605.330020244088,0.3716873532371687,0.4181818181818181,,,,,,
q,beta_x_noise,14,0.0,50.0,,0.3,,,100,19.56529915536301,11.6417369881387,0.3817863397548161,0.3655913978494624,,,,,,
q,beta_x_noise,14,0.0,50.0,,0.3,,,500,2115973.8638923257,314964.908615834,0.3547627061595422,0.2860040567951318,,,,,,
q,beta_x_noise,15,0.0,50.0,,0.3,,,100,100.92728145254064,33.18182100264574,0.3543859649122807,0.4105263157894737,,,,,,
q,beta_x_noise,15,0.0,50.0,,0.3,,,500,27588.782683310976,7832.76482235372,0.3693602693602693,0.3313131313131313,,,,,,
q,beta_x_noise,0,0.0,100.0,,0.0,,,100,3.028879302924281e-08,3.028879302924281e-08,1.0,1.0,,,,,,
q,beta_x_noise,0,0.0,100.0,,0.0,,,500,2.2809529198752898e-07,2.2809529198752898e-07,1.0,1.0,,,,,,
q,beta_x_noise,1,0.0,100.0,,0.0,,,100,3.0527475880504085e-08,2.9526304734517346e-08,1.0,1.0,,,,,,
q,beta_x_noise,1,0.0,100.0,,0.0,,,500,3.0726483357668144e-07,3.0726483357668144e-07,1.0,1.0,,,,,,
q,beta_x_noise,2,0.0,100.0,,0.0,,,100,2.982463576106653e-08,2.982463576106653e-08,1.0,1.0,,,,,,
q,beta_x_noise,2,0.0,100.0,,0.0,,,500,2.796233458113307e-07,2.796233458113307e-07,1.0,1.0,,,,,,
q,beta_x_noise,3,0.0,100.0,,0.0,,,100,4.947605212191064e-07,4.429138493189378e-07,1.0,1.0,,,,,,
q,beta_x_noise,3,0.0,100.0,,0.0,,,500,4.947605212191064e-07,1.6835340410636945e-07,1.0,1.0,,,,,,
q,beta_x_noise,8,0.0,100.0,,0.0,,,100,2.673443588729896e-08,2.673443588729896e-08,1.0,1.0,,,,,,
q,beta_x_noise,8,0.0,100.0,,0.0,,,500,1.8455463890454385e-07,1.834504774755885e-07,1.0,1.0,,,,,,
q,beta_x_noise,9,0.0,100.0,,0.0,,,100,2.183110338463412e-05,1.024031946983417e-05,1.0,1.0,,,,,,
q,beta_x_noise,9,0.0,100.0,,0.0,,,500,2.183110338463412e-05,2.136320355727861e-06,1.0,1.0,,,,,,
q,beta_x_noise,10,0.0,100.0,,0.0,,,100,2.500992850565376e-05,2.3697334459060748e-05,1.0,1.0,,,,,,
q,beta_x_noise,10,0.0,100.0,,0.0,,,500,2.500992850565376e-05,5.624877030818709e-06,1.0,1.0,,,,,,
q,beta_x_noise,11,0.0,100.0,,0.0,,,100,7.182443351308465e-06,6.4607041576625335e-06,1.0,1.0,,,,,,
q,beta_x_noise,11,0.0,100.0,,0.0,,,500,7.182443351308465e-06,2.410628469728948e-06,1.0,1.0,,,,,,
q,beta_x_noise,12,0.0,100.0,,0.0,,,100,3.279982063730813e-08,3.279982063730813e-08,1.0,1.0,,,,,,
q,beta_x_noise,12,0.0,100.0,,0.0,,,500,2.337195317281271e-07,2.323051733199577e-07,1.0,1.0,,,,,,
q,beta_x_noise,13,0.0,100.0,,0.0,,,100,4.58466848929362e-08,4.58466848929362e-08,1.0,1.0,,,,,,
q,beta_x_noise,13,0.0,100.0,,0.0,,,500,2.44146739711848e-05,7.547016205089463e-06,1.0,1.0,,,,,,
q,beta_x_noise,14,0.0,100.0,,0.0,,,100,1.580745818546836e-07,1.183234092927421e-07,1.0,1.0,,,,,,
q,beta_x_noise,14,0.0,100.0,,0.0,,,500,2.505869689528595e-07,2.505869689528595e-07,1.0,1.0,,,,,,
q,beta_x_noise,15,0.0,100.0,,0.0,,,100,2.5669270931061305e-08,2.5669270931061305e-08,1.0,1.0,,,,,,
q,beta_x_noise,15,0.0,100.0,,0.0,,,500,1.937316445044246e-07,1.937316445044246e-07,1.0,1.0,,,,,,
q,beta_x_noise,4,0.0,100.0,,0.0,,,100,4.642266082655056e-08,4.332028824549639e-08,1.0,1.0,,,,,,
q,beta_x_noise,4,0.0,100.0,,0.0,,,500,2.7742166475164254e-07,2.534606005077933e-07,1.0,1.0,,,,,,
q,beta_x_noise,5,0.0,100.0,,0.0,,,100,1.4096427492282793e-05,5.977061780182424e-06,1.0,1.0,,,,,,
q,beta_x_noise,5,0.0,100.0,,0.0,,,500,1.4096427492282793e-05,1.6483028026925697e-06,1.0,1.0,,,,,,
q,beta_x_noise,6,0.0,100.0,,0.0,,,100,4.64761786833634e-08,4.405826659059642e-08,1.0,1.0,,,,,,
q,beta_x_noise,6,0.0,100.0,,0.0,,,500,2.597709372054169e-07,2.597709372054169e-07,1.0,1.0,,,,,,
q,beta_x_noise,7,0.0,100.0,,0.0,,,100,2.138913469292014e-06,1.2507661981131513e-06,1.0,1.0,,,,,,
q,beta_x_noise,7,0.0,100.0,,0.0,,,500,2.138913469292014e-06,3.2575240704879604e-07,1.0,1.0,,,,,,
q,beta_x_noise,16,0.0,50.0,,0.3,,,100,30.71935759336027,30.71935759336027,0.4024604569420035,0.4574468085106383,,,,,,
q,beta_x_noise,16,0.0,50.0,,0.3,,,500,451.8449608394997,9.36530171300342,0.39003031323678,0.3987854251012145,,,,,,
q,beta_x_noise,17,0.0,50.0,,0.3,,,100,56.22760744052341,27.865144004303104,0.3386524822695035,0.4574468085106383,,,,,,
q,beta_x_noise,17,0.0,50.0,,0.3,,,500,163874.7807781003,1941.8188132324408,0.3525641025641026,0.3704453441295546,,,,,,
q,beta_x_noise,18,0.0,50.0,,0.3,,,100,147.2434468483984,50.06085770935324,0.2837127845884413,0.2903225806451613,,,,,,
q,beta_x_noise,18,0.0,50.0,,0.3,,,500,424.11919588101375,98.79273164029766,0.3096600471221811,0.3286004056795132,,,,,,
q,beta_x_noise,19,0.0,50.0,,0.3,,,100,34.23352919833678,32.598811919943635,0.3782837127845884,0.3617021276595745,,,,,,
q,beta_x_noise,19,0.0,50.0,,0.3,,,500,1619.8669987487997,496.9769460575389,0.3712554695388758,0.3785425101214575,,,,,,
q,beta_x_noise,16,0.0,100.0,,0.0,,,100,2.5020789440333153e-08,2.4337187598533205e-08,1.0,1.0,,,,,,
q,beta_x_noise,16,0.0,100.0,,0.0,,,500,2.276912147713972e-07,2.276912147713972e-07,1.0,1.0,,,,,,
q,beta_x_noise,17,0.0,100.0,,0.0,,,100,2.953205169298201e-08,2.8584952960208912e-08,1.0,1.0,,,,,,
q,beta_x_noise,17,0.0,100.0,,0.0,,,500,2.9474774221327493e-07,2.9474774221327493e-07,1.0,1.0,,,,,,
q,beta_x_noise,18,0.0,100.0,,0.0,,,100,1.6576325786513135e-05,1.4917911233286452e-05,1.0,1.0,,,,,,
q,beta_x_noise,18,0.0,100.0,,0.0,,,500,1.6576325786513135e-05,7.828847059743183e-06,1.0,1.0,,,,,,
q,beta_x_noise,19,0.0,100.0,,0.0,,,100,2.5587251595848848e-06,1.1611252107579515e-06,1.0,1.0,,,,,,
q,beta_x_noise,19,0.0,100.0,,0.0,,,500,2.5587251595848848e-06,1.884561144915864e-07,1.0,1.0,,,,,,
q,beta_x_noise,0,0.0,100.0,,1e-05,,,100,0.0004298662039259,0.0004076016782392,1.0,1.0,,,,,,
q,beta_x_noise,0,0.0,100.0,,1e-05,,,500,0.0016011078689925,0.0013344497208896,1.0,1.0,,,,,,
q,beta_x_noise,1,0.0,100.0,,1e-05,,,100,0.0005980591971013,0.0005980591971013,1.0,1.0,,,,,,
q,beta_x_noise,1,0.0,100.0,,1e-05,,,500,0.0037991456201549,0.0037900586056576,1.0,1.0,,,,,,
q,beta_x_noise,2,0.0,100.0,,1e-05,,,100,0.0003898523404092,0.0003201760656732,1.0,1.0,,,,,,
q,beta_x_noise,2,0.0,100.0,,1e-05,,,500,0.0009681530574701,0.0006777961002095,1.0,1.0,,,,,,
q,beta_x_noise,3,0.0,100.0,,1e-05,,,100,0.0004817087524404,0.0003689486655309,1.0,1.0,,,,,,
q,beta_x_noise,3,0.0,100.0,,1e-05,,,500,0.0015878981964716,0.0015732369080212,1.0,1.0,,,,,,
q,beta_x_noise,4,0.0,100.0,,1e-05,,,100,0.0003034230907352,0.0001490211365364,1.0,1.0,,,,,,
q,beta_x_noise,4,0.0,100.0,,1e-05,,,500,0.0005109520687582,0.0003054461258344,1.0,1.0,,,,,,
q,beta_x_noise,5,0.0,100.0,,1e-05,,,100,0.0004069586538621,0.0003660954203293,1.0,1.0,,,,,,
q,beta_x_noise,5,0.0,100.0,,1e-05,,,500,0.0010062943982447,0.0006575145312903,1.0,1.0,,,,,,
q,beta_x_noise,6,0.0,100.0,,1e-05,,,100,0.0005280562441321,0.0005280562441321,1.0,1.0,,,,,,
q,beta_x_noise,6,0.0,100.0,,1e-05,,,500,0.002899827478294,0.0028365171483653,1.0,1.0,,,,,,
q,beta_x_noise,7,0.0,100.0,,1e-05,,,100,0.0002263138861517,0.0002165491699441,1.0,1.0,,,,,,
q,beta_x_noise,7,0.0,100.0,,1e-05,,,500,0.0009649291050295,0.0005301491490228,1.0,1.0,,,,,,
q,beta_x_noise,8,0.0,100.0,,1e-05,,,100,0.0002931488487956,0.0002797431338729,1.0,1.0,,,,,,
q,beta_x_noise,8,0.0,100.0,,1e-05,,,500,0.0039151127783871,0.0035510394166815,1.0,1.0,,,,,,
q,beta_x_noise,9,0.0,100.0,,1e-05,,,100,0.0008926469176511,0.0008147420841539,1.0,1.0,,,,,,
q,beta_x_noise,9,0.0,100.0,,1e-05,,,500,0.0020745477201664,0.0017116982959484,1.0,1.0,,,,,,
q,beta_x_noise,10,0.0,100.0,,1e-05,,,100,0.0005026750905618,0.0004211474859042,1.0,1.0,,,,,,
q,beta_x_noise,10,0.0,100.0,,1e-05,,,500,0.0012569149649248,0.0007397304718206,1.0,1.0,,,,,,
q,beta_x_noise,11,0.0,100.0,,1e-05,,,100,0.0003592130517954,0.000308555644633,1.0,1.0,,,,,,
q,beta_x_noise,11,0.0,100.0,,1e-05,,,500,0.0017236034869398,0.0016994275226933,1.0,1.0,,,,,,
q,beta_x_noise,12,0.0,100.0,,1e-05,,,100,0.0006021397177803,0.0006021397177803,1.0,1.0,,,,,,
q,beta_x_noise,12,0.0,100.0,,1e-05,,,500,0.0049506091153523,0.0047839383555396,1.0,1.0,,,,,,
q,beta_x_noise,13,0.0,100.0,,1e-05,,,100,0.0003780531868524,0.0002558497443905,1.0,1.0,,,,,,
q,beta_x_noise,13,0.0,100.0,,1e-05,,,500,0.0021174686908964,0.0016767565217103,1.0,1.0,,,,,,
q,beta_x_noise,14,0.0,100.0,,1e-05,,,100,0.0004576008944317,0.000427219697289,1.0,1.0,,,,,,
q,beta_x_noise,14,0.0,100.0,,1e-05,,,500,0.0007607187432794,0.0006705034986688,1.0,1.0,,,,,,
q,beta_x_noise,15,0.0,100.0,,1e-05,,,100,0.0004123394046151,0.0004123394046151,1.0,1.0,,,,,,
q,beta_x_noise,15,0.0,100.0,,1e-05,,,500,0.0011831255124437,0.0011831255124437,1.0,1.0,,,,,,
q,beta_x_noise,16,0.0,100.0,,1e-05,,,100,0.0004028447674792,0.0003605962843407,1.0,1.0,,,,,,
q,beta_x_noise,16,0.0,100.0,,1e-05,,,500,0.0034943914177882,0.0034779384318861,1.0,1.0,,,,,,
q,beta_x_noise,17,0.0,100.0,,1e-05,,,100,0.0004634790837229,0.0004634790837229,1.0,1.0,,,,,,
q,beta_x_noise,17,0.0,100.0,,1e-05,,,500,0.0037868953972926,0.0037868953972926,1.0,1.0,,,,,,
q,beta_x_noise,18,0.0,100.0,,1e-05,,,100,0.0005734111659656,0.0004270736948008,1.0,1.0,,,,,,
q,beta_x_noise,18,0.0,100.0,,1e-05,,,500,0.0020541274989147,0.0020180346832545,1.0,1.0,,,,,,
q,beta_x_noise,19,0.0,100.0,,1e-05,,,100,0.0003694984915828,0.0003694984915828,1.0,1.0,,,,,,
q,beta_x_noise,19,0.0,100.0,,1e-05,,,500,0.0030727172323139,0.0029911929430199,1.0,1.0,,,,,,
q,beta_x_noise,0,0.0,100.0,,0.0001,,,100,0.0042959973100387,0.0040736867409354,1.0,1.0,,,,,,
q,beta_x_noise,0,0.0,100.0,,0.0001,,,500,0.0160057815906998,0.0133421667169953,1.0,1.0,,,,,,
q,beta_x_noise,1,0.0,100.0,,0.0001,,,100,0.0059655923921504,0.0059655923921504,1.0,1.0,,,,,,
q,beta_x_noise,1,0.0,100.0,,0.0001,,,500,0.0379704513027014,0.0378908613847035,1.0,1.0,,,,,,
q,beta_x_noise,2,0.0,100.0,,0.0001,,,100,0.0038949569792316,0.00319862601727,1.0,1.0,,,,,,
q,beta_x_noise,2,0.0,100.0,,0.0001,,,500,0.0096839896060867,0.0067866207451812,1.0,1.0,,,,,,
q,beta_x_noise,3,0.0,100.0,,0.0001,,,100,0.0048181607352509,0.0036896822314078,1.0,1.0,,,,,,
q,beta_x_noise,3,0.0,100.0,,0.0001,,,500,0.0158675832137332,0.0157240781301554,1.0,1.0,,,,,,
q,beta_x_noise,4,0.0,100.0,,0.0001,,,100,0.0030284420608477,0.0014917865183669,1.0,1.0,,,,,,
q,beta_x_noise,4,0.0,100.0,,0.0001,,,500,0.0051089397333181,0.003046182488283,1.0,1.0,,,,,,
q,beta_x_noise,5,0.0,100.0,,0.0001,,,100,0.0040737563360987,0.0036649999964312,1.0,1.0,,,,,,
q,beta_x_noise,5,0.0,100.0,,0.0001,,,500,0.0100606224726789,0.0065669814606632,1.0,1.0,,,,,,
q,beta_x_noise,6,0.0,100.0,,0.0001,,,100,0.005276782689602,0.005276782689602,1.0,1.0,,,,,,
q,beta_x_noise,6,0.0,100.0,,0.0001,,,500,0.0290074187234372,0.0283740452210832,1.0,1.0,,,,,,
q,beta_x_noise,7,0.0,100.0,,0.0001,,,100,0.0022728518113372,0.0021754626508248,1.0,1.0,,,,,,
q,beta_x_noise,7,0.0,100.0,,0.0001,,,500,0.0096448086345479,0.0052967385627278,1.0,1.0,,,,,,
q,beta_x_noise,8,0.0,100.0,,0.0001,,,100,0.0029354632749298,0.0028023924068409,1.0,1.0,,,,,,
q,beta_x_noise,8,0.0,100.0,,0.0001,,,500,0.0391527049902742,0.0355200499639798,1.0,1.0,,,,,,
q,beta_x_noise,9,0.0,100.0,,0.0001,,,100,0.0090200977687125,0.0082414106589606,1.0,1.0,,,,,,
q,beta_x_noise,9,0.0,100.0,,0.0001,,,500,0.0207638941510366,0.0171328926362199,1.0,1.0,,,,,,
q,beta_x_noise,10,0.0,100.0,,0.0001,,,100,0.0050292855703577,0.0042151198855173,1.0,1.0,,,,,,
q,beta_x_noise,10,0.0,100.0,,0.0001,,,500,0.0126078011342403,0.0074352098105596,1.0,1.0,,,,,,
q,beta_x_noise,11,0.0,100.0,,0.0001,,,100,0.0035884774451401,0.0030850500919292,1.0,1.0,,,,,,
q,beta_x_noise,11,0.0,100.0,,0.0001,,,500,0.017216090666047,0.0169763589660922,1.0,1.0,,,,,,
q,beta_x_noise,12,0.0,100.0,,0.0001,,,100,0.0060094420933403,0.0060094420933403,1.0,1.0,,,,,,
q,beta_x_noise,12,0.0,100.0,,0.0001,,,500,0.0494253201182166,0.0477798950865782,1.0,1.0,,,,,,
q,beta_x_noise,13,0.0,100.0,,0.0001,,,100,0.0037832315692417,0.0025577678154911,1.0,1.0,,,,,,
q,beta_x_noise,13,0.0,100.0,,0.0001,,,500,0.0211550847319559,0.0167495665103767,1.0,1.0,,,,,,
q,beta_x_noise,14,0.0,100.0,,0.0001,,,100,0.004573590692677,0.0042719054945462,1.0,1.0,,,,,,
q,beta_x_noise,14,0.0,100.0,,0.0001,,,500,0.0075987604798015,0.006697754439869,1.0,1.0,,,,,,
q,beta_x_noise,15,0.0,100.0,,0.0001,,,100,0.0041237697233623,0.0041237697233623,1.0,1.0,,,,,,
q,beta_x_noise,15,0.0,100.0,,0.0001,,,500,0.0118350383605734,0.0118350383605734,1.0,1.0,,,,,,
q,beta_x_noise,16,0.0,100.0,,0.0001,,,100,0.004028039682161,0.0036056248716677,1.0,1.0,,,,,,
q,beta_x_noise,16,0.0,100.0,,0.0001,,,500,0.0349623049282254,0.0348123617210371,1.0,1.0,,,,,,
q,beta_x_noise,17,0.0,100.0,,0.0001,,,100,0.0046362015573357,0.0046362015573357,1.0,1.0,,,,,,
q,beta_x_noise,17,0.0,100.0,,0.0001,,,500,0.0378851559618653,0.0378851559618653,1.0,1.0,,,,,,
q,beta_x_noise,18,0.0,100.0,,0.0001,,,100,0.0057373198734185,0.0042750055473996,0.989492119089317,0.989247311827957,,,,,,
q,beta_x_noise,18,0.0,100.0,,0.0001,,,500,0.0205357658609939,0.020173259731298,0.997980477953551,0.9979716024340772,,,,,,
q,beta_x_noise,19,0.0,100.0,,0.0001,,,100,0.0036988497889799,0.0036988497889799,1.0,1.0,,,,,,
q,beta_x_noise,19,0.0,100.0,,0.0001,,,500,0.0307243358881659,0.0299062986692821,1.0,1.0,,,,,,
q,beta_x_noise,0,0.0,100.0,,0.001,,,100,0.0426756083146173,0.0404792398384397,1.0,1.0,,,,,,
q,beta_x_noise,0,0.0,100.0,,0.001,,,500,0.1594972649834909,0.1331308886184561,1.0,1.0,,,,,,
q,beta_x_noise,1,0.0,100.0,,0.001,,,100,0.0589813566527583,0.0589813566527583,1.0,1.0,,,,,,
q,beta_x_noise,1,0.0,100.0,,0.001,,,500,0.378022083405392,0.378022083405392,1.0,1.0,,,,,,
q,beta_x_noise,2,0.0,100.0,,0.001,,,100,0.0387167774629413,0.0317878024303581,1.0,1.0,,,,,,
q,beta_x_noise,2,0.0,100.0,,0.001,,,500,0.0972303222709621,0.0689208206968811,1.0,1.0,,,,,,
q,beta_x_noise,3,0.0,100.0,,0.001,,,100,0.0483088225585798,0.0369349123693146,0.9858657243816256,0.9893617021276596,,,,,,
q,beta_x_noise,3,0.0,100.0,,0.001,,,500,0.1575355492653936,0.1564253660833664,0.9973027646662171,0.9959514170040484,,,,,,
q,beta_x_noise,4,0.0,100.0,,0.001,,,100,0.0298893375970761,0.0150490597564658,1.0,1.0,,,,,,
q,beta_x_noise,4,0.0,100.0,,0.001,,,500,0.0511450532960027,0.0298183236287967,1.0,1.0,,,,,,
q,beta_x_noise,5,0.0,100.0,,0.001,,,100,0.040965084617494,0.0368607067582281,1.0,1.0,,,,,,
q,beta_x_noise,5,0.0,100.0,,0.001,,,500,0.1014079611311253,0.0659279995767625,1.0,1.0,,,,,,
q,beta_x_noise,6,0.0,100.0,,0.001,,,100,0.0524359673061993,0.0524359673061993,1.0,1.0,,,,,,
q,beta_x_noise,6,0.0,100.0,,0.001,,,500,0.2911922545234153,0.2848348025344713,1.0,1.0,,,,,,
q,beta_x_noise,7,0.0,100.0,,0.001,,,100,0.0234424114179865,0.0225003406153798,1.0,1.0,,,,,,
q,beta_x_noise,7,0.0,100.0,,0.001,,,500,0.0960056468774208,0.0524286945321117,1.0,1.0,,,,,,
q,beta_x_noise,12,0.0,100.0,,0.001,,,100,0.0591094097104956,0.0591094097104956,1.0,1.0,,,,,,
q,beta_x_noise,12,0.0,100.0,,0.001,,,500,0.4866371316132349,0.4717866757853532,1.0,1.0,,,,,,
q,beta_x_noise,13,0.0,100.0,,0.001,,,100,0.0380904201469476,0.0254288385974685,0.9776247848537004,0.9894736842105264,,,,,,
q,beta_x_noise,13,0.0,100.0,,0.001,,,500,0.2092283191791395,0.1653283076531475,0.995639047299564,0.997979797979798,,,,,,
q,beta_x_noise,14,0.0,100.0,,0.001,,,100,0.04520314814407,0.0424022698798901,0.9737302977232924,0.967741935483871,,,,,,
q,beta_x_noise,14,0.0,100.0,,0.001,,,500,0.0754490992817468,0.0666491092587685,0.9949511948838776,0.9939148073022313,,,,,,
q,beta_x_noise,15,0.0,100.0,,0.001,,,100,0.0413262140417233,0.0413262140417233,1.0,1.0,,,,,,
q,beta_x_noise,15,0.0,100.0,,0.001,,,500,0.1185365575049677,0.1185365575049677,1.0,1.0,,,,,,
q,beta_x_noise,8,0.0,100.0,,0.001,,,100,0.0297208162616333,0.0285004350821859,1.0,1.0,,,,,,
q,beta_x_noise,8,0.0,100.0,,0.001,,,500,0.3918772325786124,0.3563959771256397,1.0,1.0,,,,,,
q,beta_x_noise,9,0.0,100.0,,0.001,,,100,0.0903263304127017,0.0825767914975861,1.0,1.0,,,,,,
q,beta_x_noise,9,0.0,100.0,,0.001,,,500,0.2064430857526109,0.1709995274238804,1.0,1.0,,,,,,
q,beta_x_noise,10,0.0,100.0,,0.001,,,100,0.0505431400213563,0.0425175842318219,0.9893428063943162,0.9894736842105264,,,,,,
q,beta_x_noise,10,0.0,100.0,,0.001,,,500,0.1267415520097454,0.0739320981561451,0.9979750253121836,0.997979797979798,,,,,,
q,beta_x_noise,11,0.0,100.0,,0.001,,,100,0.0356049571305276,0.0308273548725362,1.0,1.0,,,,,,
q,beta_x_noise,11,0.0,100.0,,0.001,,,500,0.1701991195896139,0.1680022498962952,1.0,1.0,,,,,,
q,beta_x_noise,16,0.0,100.0,,0.001,,,100,0.0402225352218522,0.0360036981589436,1.0,1.0,,,,,,
q,beta_x_noise,16,0.0,100.0,,0.001,,,500,0.3517588904795152,0.3511552202065657,1.0,1.0,,,,,,
q,beta_x_noise,17,0.0,100.0,,0.001,,,100,0.0465079992962763,0.0465079992962763,0.99645390070922,0.9893617021276596,,,,,,
q,beta_x_noise,17,0.0,100.0,,0.001,,,500,0.3800107059792013,0.3800107059792013,0.9993252361673416,0.9979757085020244,,,,,,
q,beta_x_noise,18,0.0,100.0,,0.001,,,100,0.0575705035150719,0.0430881974465504,0.9719789842381786,0.978494623655914,,,,,,
q,beta_x_noise,18,0.0,100.0,,0.001,,,500,0.2049319391144513,0.2011435824846041,0.994614607876136,0.995943204868154,,,,,,
q,beta_x_noise,19,0.0,100.0,,0.001,,,100,0.0372167423281855,0.036895516904969,1.0,1.0,,,,,,
q,beta_x_noise,19,0.0,100.0,,0.001,,,500,0.3070665219902579,0.2985888876551068,1.0,1.0,,,,,,
q,beta_x_noise,0,0.0,100.0,,0.01,,,100,0.4111535085251314,0.3869413708351636,0.9013840830449829,0.9361702127659576,,,,,,
q,beta_x_noise,0,0.0,100.0,,0.01,,,500,1.5492789432112684,1.3042961843550869,0.9583613163196776,0.9736842105263158,,,,,,
q,beta_x_noise,1,0.0,100.0,,0.01,,,100,0.5691756325860476,0.5691756325860476,0.875,0.8602150537634409,,,,,,
q,beta_x_noise,1,0.0,100.0,,0.01,,,500,3.33214001821227,3.33214001821227,0.7949591280653951,0.7748478701825557,,,,,,
q,beta_x_noise,2,0.0,100.0,,0.01,,,100,0.3879073726459029,0.3140501580637821,0.948306595365419,1.0,,,,,,
q,beta_x_noise,2,0.0,100.0,,0.01,,,500,1.0346088945715028,0.8314074826811677,0.9902060114826072,1.0,,,,,,
q,beta_x_noise,3,0.0,100.0,,0.01,,,100,0.5036369266488631,0.3827275454550232,0.8091872791519434,0.851063829787234,,,,,,
q,beta_x_noise,3,0.0,100.0,,0.01,,,500,1.4838853092811923,1.4838853092811923,0.7663519892110586,0.7348178137651822,,,,,,
q,beta_x_noise,4,0.0,100.0,,0.01,,,100,0.2918830278027302,0.1589230012937408,0.9754816112084064,0.946236559139785,,,,,,
q,beta_x_noise,4,0.0,100.0,,0.01,,,500,0.5005282245150178,0.2654113829402478,0.995287781891619,0.9898580121703854,,,,,,
q,beta_x_noise,5,0.0,100.0,,0.01,,,100,0.417136589984574,0.3728949088034826,0.9930191972076788,0.9894736842105264,,,,,,
q,beta_x_noise,5,0.0,100.0,,0.01,,,500,0.9685944698749158,0.6023771218237446,0.9525731584258323,0.9555555555555556,,,,,,
q,beta_x_noise,6,0.0,100.0,,0.01,,,100,0.5099362616780861,0.5099362616780861,0.84375,0.8829787234042553,,,,,,
q,beta_x_noise,6,0.0,100.0,,0.01,,,500,3.041474414362732,2.967102053431447,0.9539650537634408,0.9615384615384616,,,,,,
q,beta_x_noise,7,0.0,100.0,,0.01,,,100,0.2481671879362168,0.2425552149328338,0.9775474956822108,0.967741935483871,,,,,,
q,beta_x_noise,7,0.0,100.0,,0.01,,,500,0.9402158294417802,0.4802996476722057,0.9852299429338705,0.9797160243407708,,,,,,
q,beta_x_noise,8,0.0,100.0,,0.01,,,100,0.299520293637721,0.299520293637721,0.9414893617021276,0.9782608695652174,,,,,,
q,beta_x_noise,8,0.0,100.0,,0.01,,,500,4.147019328694917,3.677484161140778,0.9888663967611336,0.9959349593495936,,,,,,
q,beta_x_noise,9,0.0,100.0,,0.01,,,100,0.8897295431389648,0.8156062240216878,0.9509632224168126,0.9456521739130436,,,,,,
q,beta_x_noise,9,0.0,100.0,,0.01,,,500,1.9555566783836047,1.657678777349674,0.9902389767754964,0.9878048780487804,,,,,,
q,beta_x_noise,10,0.0,100.0,,0.01,,,100,0.5230159854172455,0.4500269719352101,0.8454706927175843,0.8736842105263158,,,,,,
q,beta_x_noise,10,0.0,100.0,,0.01,,,500,1.3375330355800514,0.7024127840626018,0.9527505906176172,0.9676767676767676,,,,,,
q,beta_x_noise,11,0.0,100.0,,0.01,,,100,0.3276142874383326,0.2848378744148795,0.7228260869565217,0.7157894736842105,,,,,,
q,beta_x_noise,11,0.0,100.0,,0.01,,,500,1.5315968898636865,1.5273936026982822,0.9437669376693768,0.9434343434343434,,,,,,
q,beta_x_noise,12,0.0,100.0,,0.01,,,100,0.5237273491561362,0.5207446821903706,0.8042328042328042,0.8279569892473119,,,,,,
q,beta_x_noise,12,0.0,100.0,,0.01,,,500,3.65368036911322,3.618150825309176,0.3815301651499831,0.5010141987829615,,,,,,
q,beta_x_noise,13,0.0,100.0,,0.01,,,100,0.3825872259628877,0.2534662405300837,0.9053356282271944,0.968421052631579,,,,,,
q,beta_x_noise,13,0.0,100.0,,0.01,,,500,1.84944553970138,1.4563751992201697,0.981549815498155,0.993939393939394,,,,,,
q,beta_x_noise,14,0.0,100.0,,0.01,,,100,0.430091850661165,0.4143834019003162,0.819614711033275,0.7634408602150538,,,,,,
q,beta_x_noise,14,0.0,100.0,,0.01,,,500,0.782234303784082,0.6472044359089425,0.962302255132952,0.9553752535496958,,,,,,
q,beta_x_noise,15,0.0,100.0,,0.01,,,100,0.4292856105078857,0.4292856105078857,0.936842105263158,0.936842105263158,,,,,,
q,beta_x_noise,15,0.0,100.0,,0.01,,,500,1.1255637105259604,1.1255637105259604,0.958922558922559,0.9515151515151516,,,,,,
q,beta_x_noise,16,0.0,100.0,,0.01,,,100,0.3835146074788116,0.3418645332358317,0.9420035149384886,0.8829787234042553,,,,,,
q,beta_x_noise,16,0.0,100.0,,0.01,,,500,2.8739620163750024,2.7089442640304533,0.6672280229033345,0.6275303643724697,,,,,,
q,beta_x_noise,17,0.0,100.0,,0.01,,,100,0.476374199757874,0.476374199757874,0.9397163120567376,0.9148936170212766,,,,,,
q,beta_x_noise,17,0.0,100.0,,0.01,,,500,3.2446987287681006,3.233932036632527,0.8974358974358975,0.8461538461538461,,,,,,
q,beta_x_noise,18,0.0,100.0,,0.01,,,100,0.5803041029405784,0.4499505579318412,0.851138353765324,0.8709677419354839,,,,,,
q,beta_x_noise,18,0.0,100.0,,0.01,,,500,2.0469607692107776,2.0469607692107776,0.9660047122181084,0.9655172413793104,,,,,,
q,beta_x_noise,19,0.0,100.0,,0.01,,,100,0.4013676368655889,0.3568016568869144,0.9124343257443084,0.9361702127659576,,,,,,
q,beta_x_noise,19,0.0,100.0,,0.01,,,500,3.012884102524961,2.903676644336488,0.983170649612925,0.9878542510121456,,,,,,
q,beta_x_noise,0,0.0,100.0,,0.03,,,100,0.9636678546644076,0.84547231414032,0.4896193771626297,0.4893617021276595,,,,,,
q,beta_x_noise,0,0.0,100.0,,0.03,,,500,4.164816416934606,3.434521398933664,0.6836803223640027,0.6923076923076923,,,,,,
q,beta_x_noise,1,0.0,100.0,,0.03,,,100,1.384066839100485,1.384066839100485,0.3899253731343283,0.4623655913978494,,,,,,
q,beta_x_noise,1,0.0,100.0,,0.03,,,500,7.844458548345866,7.104090279121085,0.1161444141689373,0.2008113590263691,,,,,,
q,beta_x_noise,2,0.0,100.0,,0.03,,,100,1.2091646104491232,0.921725833736013,0.893048128342246,0.8817204301075269,,,,,,
q,beta_x_noise,2,0.0,100.0,,0.03,,,500,3.667258922231351,3.50625038169485,0.850388382303276,0.8640973630831643,,,,,,
q,beta_x_noise,3,0.0,100.0,,0.03,,,100,1.633567011745028,1.266931151280324,0.5901060070671378,0.6276595744680851,,,,,,
q,beta_x_noise,3,0.0,100.0,,0.03,,,500,4.067600379121168,4.067600379121168,0.3270397842211733,0.3238866396761133,,,,,,
q,beta_x_noise,4,0.0,100.0,,0.03,,,100,0.8117168594883932,0.5314142671409394,0.5674255691768827,0.5806451612903226,,,,,,
q,beta_x_noise,4,0.0,100.0,,0.03,,,500,1.5116256419699288,0.8464616974244852,0.8475260854930999,0.8397565922920892,,,,,,
q,beta_x_noise,5,0.0,100.0,,0.03,,,100,1.367282785797438,1.2161538940752288,0.7609075043630017,0.631578947368421,,,,,,
q,beta_x_noise,5,0.0,100.0,,0.03,,,500,1.9341626461388584,1.8581188069415648,0.591321897073663,0.5777777777777777,,,,,,
q,beta_x_noise,6,0.0,100.0,,0.03,,,100,1.4382306406768763,1.418824359971648,0.5520833333333334,0.6276595744680851,,,,,,
q,beta_x_noise,6,0.0,100.0,,0.03,,,500,10.320534053559436,9.987797703832,0.6871639784946236,0.7246963562753036,,,,,,
q,beta_x_noise,7,0.0,100.0,,0.03,,,100,0.8377140344007397,0.8377140344007397,0.7910189982728842,0.7849462365591398,,,,,,
q,beta_x_noise,7,0.0,100.0,,0.03,,,500,2.948107229827325,1.4172536530640354,0.8402148371936892,0.8113590263691683,,,,,,
q,beta_x_noise,8,0.0,100.0,,0.03,,,100,1.0640868343274337,1.0640868343274337,0.6312056737588653,0.7717391304347826,,,,,,
q,beta_x_noise,8,0.0,100.0,,0.03,,,500,14.19161105378002,11.643003270765236,0.8896761133603239,0.9369918699186992,,,,,,
q,beta_x_noise,9,0.0,100.0,,0.03,,,100,2.650358702593421,2.3628726980969192,0.8231173380035026,0.8152173913043478,,,,,,
q,beta_x_noise,9,0.0,100.0,,0.03,,,500,5.805693269486108,4.499121090522013,0.9299899023897678,0.9085365853658536,,,,,,
q,beta_x_noise,10,0.0,100.0,,0.03,,,100,1.6863011640557173,1.493785561823905,0.5026642984014209,0.5684210526315789,,,,,,
q,beta_x_noise,10,0.0,100.0,,0.03,,,500,4.493966287018947,2.0547957164456885,0.8292271346608168,0.8747474747474747,,,,,,
q,beta_x_noise,11,0.0,100.0,,0.03,,,100,0.8257856260186269,0.7439063133050746,0.5253623188405797,0.4736842105263157,,,,,,
q,beta_x_noise,11,0.0,100.0,,0.03,,,500,3.66910208792086,3.650031277497824,0.8055555555555556,0.7757575757575758,,,,,,
q,beta_x_noise,12,0.0,100.0,,0.03,,,100,1.2046818544514817,1.0800077666886885,0.5255731922398589,0.6129032258064516,,,,,,
q,beta_x_noise,12,0.0,100.0,,0.03,,,500,8.65846601831208,8.115418983581765,0.1287495786990226,0.3022312373225152,,,,,,
q,beta_x_noise,13,0.0,100.0,,0.03,,,100,1.1583211258343873,0.770281098370043,0.8261617900172117,0.8631578947368421,,,,,,
q,beta_x_noise,13,0.0,100.0,,0.03,,,500,3.684754165459037,3.003126542948082,0.7245890640724589,0.6242424242424243,,,,,,
q,beta_x_noise,14,0.0,100.0,,0.03,,,100,1.3145916493587493,1.2396903601939329,0.6637478108581436,0.6451612903225806,,,,,,
q,beta_x_noise,14,0.0,100.0,,0.03,,,500,2.715887092621963,2.042865762006322,0.8377650622685965,0.8681541582150102,,,,,,
q,beta_x_noise,15,0.0,100.0,,0.03,,,100,1.347585830208276,1.347585830208276,0.7842105263157895,0.7157894736842105,,,,,,
q,beta_x_noise,15,0.0,100.0,,0.03,,,500,3.684719400083585,1.9496137475197728,0.5801346801346802,0.5777777777777777,,,,,,
q,beta_x_noise,16,0.0,100.0,,0.03,,,100,1.0332712174371377,0.8937254216534474,0.773286467486819,0.723404255319149,,,,,,
q,beta_x_noise,16,0.0,100.0,,0.03,,,500,5.947004163423694,5.74718124120724,0.3489390367126979,0.3481781376518219,,,,,,
q,beta_x_noise,17,0.0,100.0,,0.03,,,100,1.500507237180723,1.500507237180723,0.8687943262411347,0.8191489361702128,,,,,,
q,beta_x_noise,17,0.0,100.0,,0.03,,,500,8.862497134296962,8.862497134296962,0.6079622132253711,0.6295546558704453,,,,,,
q,beta_x_noise,18,0.0,100.0,,0.03,,,100,1.7490949661003252,1.4301856100126715,0.8126094570928196,0.8387096774193549,,,,,,
q,beta_x_noise,18,0.0,100.0,,0.03,,,500,6.710671813117831,6.710671813117831,0.7802086839447997,0.8316430020283976,,,,,,
q,beta_x_noise,19,0.0,100.0,,0.03,,,100,1.3410476460225176,1.01578810375546,0.7740805604203153,0.8191489361702128,,,,,,
q,beta_x_noise,19,0.0,100.0,,0.03,,,500,8.700618964745235,7.768333138643666,0.9565802760013464,0.9635627530364372,,,,,,
q,beta_x_noise,0,0.0,100.0,,0.1,,,100,3.9621217233204975,3.721633079304456,0.3442906574394463,0.3404255319148936,,,,,,
q,beta_x_noise,0,0.0,100.0,,0.1,,,500,168.1826931473,92.33046907600348,0.3263935527199462,0.340080971659919,,,,,,
q,beta_x_noise,1,0.0,100.0,,0.1,,,100,7.450012295420294,7.450012295420294,0.2873134328358209,0.3763440860215054,,,,,,
q,beta_x_noise,1,0.0,100.0,,0.1,,,500,41.60960679278432,21.854313138361302,0.4039509536784741,0.383367139959432,,,,,,
q,beta_x_noise,2,0.0,100.0,,0.1,,,100,4.246421334893682,2.076328728071406,0.46524064171123,0.4946236559139785,,,,,,
q,beta_x_noise,2,0.0,100.0,,0.1,,,500,57.67555984561693,21.635083747563083,0.4761904761904761,0.486815415821501,,,,,,
q,beta_x_noise,3,0.0,100.0,,0.1,,,100,3.6703784426376,2.8931887440152715,0.6060070671378092,0.5425531914893617,,,,,,
q,beta_x_noise,3,0.0,100.0,,0.1,,,500,10.110330841379067,7.988998568078991,0.4517869184086311,0.4615384615384615,,,,,,
q,beta_x_noise,0,0.0,100.0,,0.3,,,100,5123.604265728787,2548.245390369056,0.356401384083045,0.3404255319148936,,,,,,
q,beta_x_noise,0,0.0,100.0,,0.3,,,500,119622118.69534,62712212.90602346,0.3760913364674278,0.3684210526315789,,,,,,
q,beta_x_noise,1,0.0,100.0,,0.3,,,100,71.67460341079521,32.65892699581168,0.3805970149253731,0.3333333333333333,,,,,,
q,beta_x_noise,1,0.0,100.0,,0.3,,,500,2363979.2965975287,2363979.2965975287,0.3235694822888283,0.3306288032454361,,,,,,
q,beta_x_noise,2,0.0,100.0,,0.3,,,100,112.47636636202472,72.60776940293191,0.3279857397504456,0.3440860215053763,,,,,,
q,beta_x_noise,2,0.0,100.0,,0.3,,,500,805793.2256644028,42985.590861672405,0.3346842283012495,0.3651115618661257,,,,,,
q,beta_x_noise,3,0.0,100.0,,0.3,,,100,339.96543972110004,41.502918421525685,0.284452296819788,0.3829787234042553,,,,,,
q,beta_x_noise,3,0.0,100.0,,0.3,,,500,766289.5411423239,38187.17346814176,0.354012137559002,0.3927125506072874,,,,,,
q,beta_x_noise,4,0.0,100.0,,0.1,,,100,2.977336414649117,2.962401713491375,0.3695271453590192,0.4408602150537634,,,,,,
q,beta_x_noise,4,0.0,100.0,,0.1,,,500,10.808896612518296,7.497136315224097,0.4597778525748906,0.4929006085192697,,,,,,
q,beta_x_noise,5,0.0,100.0,,0.1,,,100,10.642585928929012,9.973302979996426,0.5392670157068062,0.3368421052631579,,,,,,
q,beta_x_noise,5,0.0,100.0,,0.1,,,500,68.97222961205114,62.79981821972331,0.5563403969054826,0.4646464646464646,,,,,,
q,beta_x_noise,6,0.0,100.0,,0.1,,,100,3.065058726988195,2.7499750831004754,0.4652777777777778,0.4787234042553192,,,,,,
q,beta_x_noise,6,0.0,100.0,,0.1,,,500,11.30245129597824,10.97602591900464,0.4311155913978494,0.4453441295546558,,,,,,
q,beta_x_noise,7,0.0,100.0,,0.1,,,100,3.0863391645345764,1.9371740851264407,0.5354058721934369,0.5483870967741935,,,,,,
q,beta_x_noise,7,0.0,100.0,,0.1,,,500,369.8443745790614,331.6430988939024,0.5904665995300437,0.6085192697768763,,,,,,
q,beta_x_noise,12,0.0,100.0,,0.1,,,100,6.258536638395794,6.173947667446951,0.2645502645502645,0.3548387096774194,,,,,,
q,beta_x_noise,12,0.0,100.0,,0.1,,,500,55.54961804815789,54.90188837936776,0.2086282440175261,0.3367139959432049,,,,,,
q,beta_x_noise,13,0.0,100.0,,0.1,,,100,2.9853802345401137,1.24825574610376,0.7951807228915663,0.7684210526315789,,,,,,
q,beta_x_noise,13,0.0,100.0,,0.1,,,500,17.43231789142239,11.211008412841933,0.5410935927541094,0.5111111111111111,,,,,,
q,beta_x_noise,14,0.0,100.0,,0.1,,,100,6.187492459229082,5.788897696621317,0.4028021015761821,0.4408602150537634,,,,,,
q,beta_x_noise,14,0.0,100.0,,0.1,,,500,88.97398589672581,88.97398589672581,0.4261191518007405,0.3995943204868154,,,,,,
q,beta_x_noise,15,0.0,100.0,,0.1,,,100,4.288313314762251,4.179697702860184,0.5157894736842106,0.4631578947368421,,,,,,
q,beta_x_noise,15,0.0,100.0,,0.1,,,500,120.23925773543355,62.90933914218503,0.509090909090909,0.498989898989899,,,,,,
q,beta_x_noise,8,0.0,100.0,,0.1,,,100,3.051797877380743,2.027282412774875,0.5372340425531915,0.6739130434782609,,,,,,
q,beta_x_noise,8,0.0,100.0,,0.1,,,500,174.29047217001667,137.75424527543925,0.5155195681511471,0.5528455284552846,,,,,,
q,beta_x_noise,9,0.0,100.0,,0.1,,,100,11.10167690099251,9.050020429847509,0.7197898423817863,0.6847826086956522,,,,,,
q,beta_x_noise,9,0.0,100.0,,0.1,,,500,84.21835034439907,57.74701427845889,0.4984853584651632,0.4776422764227642,,,,,,
q,beta_x_noise,10,0.0,100.0,,0.1,,,100,3.1341976738109723,1.8441361847808195,0.3765541740674956,0.3894736842105263,,,,,,
q,beta_x_noise,10,0.0,100.0,,0.1,,,500,14.374901642103346,10.143089899880271,0.4350320620992237,0.4343434343434343,,,,,,
q,beta_x_noise,11,0.0,100.0,,0.1,,,100,7.399380035028635,5.760960288750798,0.1847826086956521,0.2736842105263158,,,,,,
q,beta_x_noise,11,0.0,100.0,,0.1,,,500,275.49068442768424,85.87833878445679,0.3519647696476964,0.3636363636363636,,,,,,
q,beta_x_noise,16,0.0,100.0,,0.1,,,100,5.804710442976484,5.303370164065406,0.4868189806678383,0.4680851063829787,,,,,,
q,beta_x_noise,16,0.0,100.0,,0.1,,,500,18.598339385661543,5.221378617055887,0.2344223644324688,0.3198380566801619,,,,,,
q,beta_x_noise,17,0.0,100.0,,0.1,,,100,9.140850592399698,8.760887406372632,0.7588652482269503,0.7127659574468085,,,,,,
q,beta_x_noise,17,0.0,100.0,,0.1,,,500,51.60463581122963,16.257514644706294,0.3805668016194332,0.4676113360323887,,,,,,
q,beta_x_noise,18,0.0,100.0,,0.1,,,100,4.851235783865962,4.334145071392307,0.6760070052539404,0.6774193548387096,,,,,,
q,beta_x_noise,18,0.0,100.0,,0.1,,,500,16.56170902552381,14.263038720552204,0.3971726691349714,0.4421906693711968,,,,,,
q,beta_x_noise,19,0.0,100.0,,0.1,,,100,12.76390613317748,12.76390613317748,0.5901926444833625,0.648936170212766,,,,,,
q,beta_x_noise,19,0.0,100.0,,0.1,,,500,118.04302848596146,26.62039975057657,0.5658027600134635,0.5708502024291497,,,,,,
q,beta_x_noise,4,0.0,100.0,,0.3,,,100,60.90734434097335,60.90734434097335,0.3625218914185639,0.3333333333333333,,,,,,
q,beta_x_noise,4,0.0,100.0,,0.3,,,500,5035.427648951416,4446.800252455873,0.4153483675530124,0.3630831643002028,,,,,,
q,beta_x_noise,5,0.0,100.0,,0.3,,,100,755.6579049201907,377.1801822800773,0.3717277486910995,0.3368421052631579,,,,,,
q,beta_x_noise,5,0.0,100.0,,0.3,,,500,16812662.468578525,14403167.587643445,0.3807601749075008,0.3414141414141414,,,,,,
q,beta_x_noise,6,0.0,100.0,,0.3,,,100,70.27751571908153,31.65731746471337,0.4288194444444444,0.5319148936170213,,,,,,
q,beta_x_noise,6,0.0,100.0,,0.3,,,500,763.7169455517062,542.4390756877311,0.4089381720430107,0.3805668016194332,,,,,,
q,beta_x_noise,7,0.0,100.0,,0.3,,,100,88.73865876631214,16.64810924086624,0.3972366148531951,0.3225806451612903,,,,,,
q,beta_x_noise,7,0.0,100.0,,0.3,,,500,166167.56518257436,41198.178261582594,0.3665659617321248,0.3509127789046653,,,,,,
q,beta_x_noise,0,0.0,1000.0,,0.0,,,100,3.028879302924281e-08,3.028879302924281e-08,1.0,1.0,,,,,,
q,beta_x_noise,0,0.0,1000.0,,0.0,,,500,2.2809529198752898e-07,2.2809529198752898e-07,1.0,1.0,,,,,,
q,beta_x_noise,1,0.0,1000.0,,0.0,,,100,3.0527475880504085e-08,2.9526304734517346e-08,1.0,1.0,,,,,,
q,beta_x_noise,1,0.0,1000.0,,0.0,,,500,3.0726483357668144e-07,3.0726483357668144e-07,1.0,1.0,,,,,,
q,beta_x_noise,2,0.0,1000.0,,0.0,,,100,2.982463576106653e-08,2.982463576106653e-08,1.0,1.0,,,,,,
q,beta_x_noise,2,0.0,1000.0,,0.0,,,500,2.796233458113307e-07,2.796233458113307e-07,1.0,1.0,,,,,,
q,beta_x_noise,3,0.0,1000.0,,0.0,,,100,4.947605212191064e-07,4.429138493189378e-07,1.0,1.0,,,,,,
q,beta_x_noise,3,0.0,1000.0,,0.0,,,500,4.947605212191064e-07,1.6835340410636945e-07,1.0,1.0,,,,,,
q,beta_x_noise,8,0.0,100.0,,0.3,,,100,85.09224546994939,12.92939257673797,0.3173758865248227,0.4239130434782608,,,,,,
q,beta_x_noise,8,0.0,100.0,,0.3,,,500,74983.8948360127,10195.20083795715,0.3134278002699055,0.3577235772357723,,,,,,
q,beta_x_noise,9,0.0,100.0,,0.3,,,100,93.79031102565256,24.277347503660945,0.3677758318739054,0.3369565217391304,,,,,,
q,beta_x_noise,9,0.0,100.0,,0.3,,,500,2593.081815426791,334.45946613213647,0.3487041400201952,0.3556910569105691,,,,,,
q,beta_x_noise,10,0.0,100.0,,0.3,,,100,2093.168651794422,1965.8978994633587,0.4209591474245115,0.4105263157894737,,,,,,
q,beta_x_noise,10,0.0,100.0,,0.3,,,500,79027753.58305499,21454863.26249916,0.3648329395882551,0.3313131313131313,,,,,,
q,beta_x_noise,11,0.0,100.0,,0.3,,,100,374.9445048574319,107.68595465553123,0.3278985507246377,0.3263157894736842,,,,,,
q,beta_x_noise,11,0.0,100.0,,0.3,,,500,119850.6282012383,119850.6282012383,0.3678861788617886,0.3313131313131313,,,,,,
q,beta_x_noise,12,0.0,100.0,,0.3,,,100,328.11569125392424,258.04878382977125,0.3368606701940035,0.2795698924731182,,,,,,
q,beta_x_noise,12,0.0,100.0,,0.3,,,500,173165.6693315027,40965.053591678094,0.3471520053926525,0.3387423935091277,,,,,,
q,beta_x_noise,13,0.0,100.0,,0.3,,,100,1392.342599951962,1392.342599951962,0.387263339070568,0.4526315789473684,,,,,,
q,beta_x_noise,13,0.0,100.0,,0.3,,,500,83416.58464173412,53700.2878969464,0.3820865481382086,0.4202020202020202,,,,,,
q,beta_x_noise,14,0.0,100.0,,0.3,,,100,30.324235354245488,14.559175304069068,0.3607705779334501,0.3763440860215054,,,,,,
q,beta_x_noise,14,0.0,100.0,,0.3,,,500,1712682.571048033,352797.6261644853,0.3470212049814877,0.3103448275862069,,,,,,
q,beta_x_noise,15,0.0,100.0,,0.3,,,100,106.24288485183962,44.12082056356654,0.3543859649122807,0.4105263157894737,,,,,,
q,beta_x_noise,15,0.0,100.0,,0.3,,,500,10845.03500470553,896.9427629173191,0.3265993265993266,0.3232323232323232,,,,,,
q,beta_x_noise,16,0.0,100.0,,0.3,,,100,22.62197500870232,22.62197500870232,0.3936731107205624,0.4468085106382978,,,,,,
q,beta_x_noise,16,0.0,100.0,,0.3,,,500,378.2033211978807,9.3788566217593,0.3910407544627821,0.3947368421052631,,,,,,
q,beta_x_noise,17,0.0,100.0,,0.3,,,100,48.29940483299674,28.820863084719697,0.3404255319148936,0.4468085106382978,,,,,,
q,beta_x_noise,17,0.0,100.0,,0.3,,,500,65478.83781237456,2352.154556475923,0.3491902834008097,0.374493927125506,,,,,,
q,beta_x_noise,18,0.0,100.0,,0.3,,,100,75.36702203732193,73.32693400960551,0.3239929947460595,0.3225806451612903,,,,,,
q,beta_x_noise,18,0.0,100.0,,0.3,,,500,863.1345094803585,45.17180853907441,0.3187478963312016,0.2981744421906693,,,,,,
q,beta_x_noise,19,0.0,100.0,,0.3,,,100,47.10981128888137,38.77982058160802,0.3940455341506129,0.3404255319148936,,,,,,
q,beta_x_noise,19,0.0,100.0,,0.3,,,500,2424.7377572376126,489.23321469678,0.3874116459104678,0.3765182186234818,,,,,,
q,beta_x_noise,4,0.0,1000.0,,0.0,,,100,4.642266082655056e-08,4.332028824549639e-08,1.0,1.0,,,,,,
q,beta_x_noise,4,0.0,1000.0,,0.0,,,500,2.7742166475164254e-07,2.534606005077933e-07,1.0,1.0,,,,,,
q,beta_x_noise,5,0.0,1000.0,,0.0,,,100,1.4096427492282793e-05,5.977061780182424e-06,1.0,1.0,,,,,,
q,beta_x_noise,5,0.0,1000.0,,0.0,,,500,1.4096427492282793e-05,1.6483028026925697e-06,1.0,1.0,,,,,,
q,beta_x_noise,6,0.0,1000.0,,0.0,,,100,4.64761786833634e-08,4.405826659059642e-08,1.0,1.0,,,,,,
q,beta_x_noise,6,0.0,1000.0,,0.0,,,500,2.597709372054169e-07,2.597709372054169e-07,1.0,1.0,,,,,,
q,beta_x_noise,7,0.0,1000.0,,0.0,,,100,2.138913469292014e-06,1.2507661981131513e-06,1.0,1.0,,,,,,
q,beta_x_noise,7,0.0,1000.0,,0.0,,,500,2.138913469292014e-06,3.2575240704879604e-07,1.0,1.0,,,,,,
q,beta_x_noise,8,0.0,1000.0,,0.0,,,100,2.673443588729896e-08,2.673443588729896e-08,1.0,1.0,,,,,,
q,beta_x_noise,8,0.0,1000.0,,0.0,,,500,1.8455463890454385e-07,1.834504774755885e-07,1.0,1.0,,,,,,
q,beta_x_noise,9,0.0,1000.0,,0.0,,,100,2.183110338463412e-05,1.024031946983417e-05,1.0,1.0,,,,,,
q,beta_x_noise,9,0.0,1000.0,,0.0,,,500,2.183110338463412e-05,2.136320355727861e-06,1.0,1.0,,,,,,
q,beta_x_noise,10,0.0,1000.0,,0.0,,,100,2.500992850565376e-05,2.3697334459060748e-05,1.0,1.0,,,,,,
q,beta_x_noise,10,0.0,1000.0,,0.0,,,500,2.500992850565376e-05,5.624877030818709e-06,1.0,1.0,,,,,,
q,beta_x_noise,11,0.0,1000.0,,0.0,,,100,7.182443351308465e-06,6.4607041576625335e-06,1.0,1.0,,,,,,
q,beta_x_noise,11,0.0,1000.0,,0.0,,,500,7.182443351308465e-06,2.410628469728948e-06,1.0,1.0,,,,,,
q,beta_x_noise,12,0.0,1000.0,,0.0,,,100,3.279982063730813e-08,3.279982063730813e-08,1.0,1.0,,,,,,
q,beta_x_noise,12,0.0,1000.0,,0.0,,,500,2.337195317281271e-07,2.323051733199577e-07,1.0,1.0,,,,,,
q,beta_x_noise,13,0.0,1000.0,,0.0,,,100,4.58466848929362e-08,4.58466848929362e-08,1.0,1.0,,,,,,
q,beta_x_noise,13,0.0,1000.0,,0.0,,,500,2.44146739711848e-05,7.547016205089463e-06,1.0,1.0,,,,,,
q,beta_x_noise,14,0.0,1000.0,,0.0,,,100,1.580745818546836e-07,1.183234092927421e-07,1.0,1.0,,,,,,
q,beta_x_noise,14,0.0,1000.0,,0.0,,,500,2.505869689528595e-07,2.505869689528595e-07,1.0,1.0,,,,,,
q,beta_x_noise,15,0.0,1000.0,,0.0,,,100,2.5669270931061305e-08,2.5669270931061305e-08,1.0,1.0,,,,,,
q,beta_x_noise,15,0.0,1000.0,,0.0,,,500,1.937316445044246e-07,1.937316445044246e-07,1.0,1.0,,,,,,
q,beta_x_noise,16,0.0,1000.0,,0.0,,,100,2.5020789440333153e-08,2.4337187598533205e-08,1.0,1.0,,,,,,
q,beta_x_noise,16,0.0,1000.0,,0.0,,,500,2.276912147713972e-07,2.276912147713972e-07,1.0,1.0,,,,,,
q,beta_x_noise,17,0.0,1000.0,,0.0,,,100,2.953205169298201e-08,2.8584952960208912e-08,1.0,1.0,,,,,,
q,beta_x_noise,17,0.0,1000.0,,0.0,,,500,2.9474774221327493e-07,2.9474774221327493e-07,1.0,1.0,,,,,,
q,beta_x_noise,18,0.0,1000.0,,0.0,,,100,1.6576325786513135e-05,1.4917911233286452e-05,1.0,1.0,,,,,,
q,beta_x_noise,18,0.0,1000.0,,0.0,,,500,1.6576325786513135e-05,7.828847059743183e-06,1.0,1.0,,,,,,
q,beta_x_noise,19,0.0,1000.0,,0.0,,,100,2.5587251595848848e-06,1.1611252107579515e-06,1.0,1.0,,,,,,
q,beta_x_noise,19,0.0,1000.0,,0.0,,,500,2.5587251595848848e-06,1.884561144915864e-07,1.0,1.0,,,,,,
q,beta_x_noise,0,0.0,1000.0,,1e-05,,,100,0.0004298195283864,0.000407621814545,1.0,1.0,,,,,,
q,beta_x_noise,0,0.0,1000.0,,1e-05,,,500,0.0016009621304059,0.0013343305230395,1.0,1.0,,,,,,
q,beta_x_noise,1,0.0,1000.0,,1e-05,,,100,0.0005980917440842,0.0005980917440842,1.0,1.0,,,,,,
q,beta_x_noise,1,0.0,1000.0,,1e-05,,,500,0.0037990158359133,0.0037898893746541,1.0,1.0,,,,,,
q,beta_x_noise,2,0.0,1000.0,,1e-05,,,100,0.0003897994906034,0.000320204434883,1.0,1.0,,,,,,
q,beta_x_noise,2,0.0,1000.0,,1e-05,,,500,0.0009681740715817,0.0006777255153186,1.0,1.0,,,,,,
q,beta_x_noise,3,0.0,1000.0,,1e-05,,,100,0.0004817502929551,0.0003689196204492,1.0,1.0,,,,,,
q,beta_x_noise,3,0.0,1000.0,,1e-05,,,500,0.0015874547557365,0.0015728282269912,1.0,1.0,,,,,,
q,beta_x_noise,4,0.0,1000.0,,1e-05,,,100,0.0003033570473661,0.0001490562256162,1.0,1.0,,,,,,
q,beta_x_noise,4,0.0,1000.0,,1e-05,,,500,0.0005108871640588,0.0003048480831955,1.0,1.0,,,,,,
q,beta_x_noise,5,0.0,1000.0,,1e-05,,,100,0.000407085521553,0.0003662344878064,1.0,1.0,,,,,,
q,beta_x_noise,5,0.0,1000.0,,1e-05,,,500,0.0010076233083182,0.0006581912634691,1.0,1.0,,,,,,
q,beta_x_noise,6,0.0,1000.0,,1e-05,,,100,0.0005278386545468,0.0005278386545468,1.0,1.0,,,,,,
q,beta_x_noise,6,0.0,1000.0,,1e-05,,,500,0.002899920953991,0.0028365991107137,1.0,1.0,,,,,,
q,beta_x_noise,7,0.0,1000.0,,1e-05,,,100,0.0002263810687952,0.0002166175090008,1.0,1.0,,,,,,
q,beta_x_noise,7,0.0,1000.0,,1e-05,,,500,0.000964915492216,0.0005301685839285,1.0,1.0,,,,,,
q,beta_x_noise,8,0.0,1000.0,,1e-05,,,100,0.0002931021638042,0.0002796979065101,1.0,1.0,,,,,,
q,beta_x_noise,8,0.0,1000.0,,1e-05,,,500,0.0039152637646699,0.00355133022981,1.0,1.0,,,,,,
q,beta_x_noise,9,0.0,1000.0,,1e-05,,,100,0.0008926754673717,0.0008147699994309,1.0,1.0,,,,,,
q,beta_x_noise,9,0.0,1000.0,,1e-05,,,500,0.0020743168605579,0.0017117603503153,1.0,1.0,,,,,,
q,beta_x_noise,10,0.0,1000.0,,1e-05,,,100,0.0005026987431606,0.0004212389828514,1.0,1.0,,,,,,
q,beta_x_noise,10,0.0,1000.0,,1e-05,,,500,0.0012573045265211,0.0007396332105624,1.0,1.0,,,,,,
q,beta_x_noise,11,0.0,1000.0,,1e-05,,,100,0.0003592771502003,0.0003085595018976,1.0,1.0,,,,,,
q,beta_x_noise,11,0.0,1000.0,,1e-05,,,500,0.0017236511480647,0.0016994803441714,1.0,1.0,,,,,,
q,beta_x_noise,12,0.0,1000.0,,1e-05,,,100,0.0006020941463314,0.0006020941463314,1.0,1.0,,,,,,
q,beta_x_noise,12,0.0,1000.0,,1e-05,,,500,0.0049503612656864,0.0047836541240675,1.0,1.0,,,,,,
q,beta_x_noise,13,0.0,1000.0,,1e-05,,,100,0.0003780519080663,0.0002559033858084,1.0,1.0,,,,,,
q,beta_x_noise,13,0.0,1000.0,,1e-05,,,500,0.002117668195479,0.0016765164171061,1.0,1.0,,,,,,
q,beta_x_noise,14,0.0,1000.0,,1e-05,,,100,0.0004575527153615,0.000427233690687,1.0,1.0,,,,,,
q,beta_x_noise,14,0.0,1000.0,,1e-05,,,500,0.0007602048597843,0.0006699605431287,1.0,1.0,,,,,,
q,beta_x_noise,15,0.0,1000.0,,1e-05,,,100,0.0004124056162334,0.0004124056162334,1.0,1.0,,,,,,
q,beta_x_noise,15,0.0,1000.0,,1e-05,,,500,0.0011836860091309,0.0011836860091309,1.0,1.0,,,,,,
q,beta_x_noise,16,0.0,1000.0,,1e-05,,,100,0.0004029250599226,0.0003606780199372,1.0,1.0,,,,,,
q,beta_x_noise,16,0.0,1000.0,,1e-05,,,500,0.0034948217502841,0.0034792189730605,1.0,1.0,,,,,,
q,beta_x_noise,17,0.0,1000.0,,1e-05,,,100,0.000463464152195,0.000463464152195,1.0,1.0,,,,,,
q,beta_x_noise,17,0.0,1000.0,,1e-05,,,500,0.0037868440507451,0.0037868440507451,1.0,1.0,,,,,,
q,beta_x_noise,18,0.0,1000.0,,1e-05,,,100,0.0005735444443393,0.0004271864762288,1.0,1.0,,,,,,
q,beta_x_noise,18,0.0,1000.0,,1e-05,,,500,0.0020543370175443,0.0020181487141517,1.0,1.0,,,,,,
q,beta_x_noise,19,0.0,1000.0,,1e-05,,,100,0.0003694585892142,0.0003694585892142,1.0,1.0,,,,,,
q,beta_x_noise,19,0.0,1000.0,,1e-05,,,500,0.0030736054743853,0.002991846636998,1.0,1.0,,,,,,
q,beta_x_noise,0,0.0,1000.0,,0.0001,,,100,0.0042918275343202,0.0040754500388613,1.0,1.0,,,,,,
q,beta_x_noise,0,0.0,1000.0,,0.0001,,,500,0.0159909005976024,0.0133301634736334,1.0,1.0,,,,,,
q,beta_x_noise,1,0.0,1000.0,,0.0001,,,100,0.0059674854083999,0.0059674854083999,1.0,1.0,,,,,,
q,beta_x_noise,1,0.0,1000.0,,0.0001,,,500,0.0379627877189818,0.0378794408817571,1.0,1.0,,,,,,
q,beta_x_noise,2,0.0,1000.0,,0.0001,,,100,0.0038900263193297,0.003201203073259,1.0,1.0,,,,,,
q,beta_x_noise,2,0.0,1000.0,,0.0001,,,500,0.0096824917415417,0.0067806611369806,1.0,1.0,,,,,,
q,beta_x_noise,3,0.0,1000.0,,0.0001,,,100,0.0048224007805852,0.0036870478633511,1.0,1.0,,,,,,
q,beta_x_noise,3,0.0,1000.0,,0.0001,,,500,0.0158210981638724,0.0156817981560934,1.0,1.0,,,,,,
q,beta_x_noise,4,0.0,1000.0,,0.0001,,,100,0.0030215767392258,0.0014951408528923,1.0,1.0,,,,,,
q,beta_x_noise,4,0.0,1000.0,,0.0001,,,500,0.0051054236907837,0.0029904173232697,1.0,1.0,,,,,,
q,beta_x_noise,5,0.0,1000.0,,0.0001,,,100,0.0040861411862806,0.0036783968749722,1.0,1.0,,,,,,
q,beta_x_noise,5,0.0,1000.0,,0.0001,,,500,0.0101851324254766,0.0066297000417763,1.0,1.0,,,,,,
q,beta_x_noise,6,0.0,1000.0,,0.0001,,,100,0.005255107613092,0.005255107613092,1.0,1.0,,,,,,
q,beta_x_noise,6,0.0,1000.0,,0.0001,,,500,0.0290195889157405,0.0283849102801361,1.0,1.0,,,,,,
q,beta_x_noise,7,0.0,1000.0,,0.0001,,,100,0.0022798392268641,0.0021825620527395,1.0,1.0,,,,,,
q,beta_x_noise,7,0.0,1000.0,,0.0001,,,500,0.0096471971904996,0.0052993620881829,1.0,1.0,,,,,,
q,beta_x_noise,8,0.0,1000.0,,0.0001,,,100,0.0029307421587028,0.0027977764676261,1.0,1.0,,,,,,
q,beta_x_noise,8,0.0,1000.0,,0.0001,,,500,0.0391685937476737,0.0355495856037886,1.0,1.0,,,,,,
q,beta_x_noise,9,0.0,1000.0,,0.0001,,,100,0.0090235847589106,0.0082448900414621,1.0,1.0,,,,,,
q,beta_x_noise,9,0.0,1000.0,,0.0001,,,500,0.0207407515628685,0.0171394457427189,1.0,1.0,,,,,,
q,beta_x_noise,10,0.0,1000.0,,0.0001,,,100,0.0050317425368333,0.0042250575546416,1.0,1.0,,,,,,
q,beta_x_noise,10,0.0,1000.0,,0.0001,,,500,0.0126467986733724,0.0074293275587016,1.0,1.0,,,,,,
q,beta_x_noise,11,0.0,1000.0,,0.0001,,,100,0.0035946991045303,0.0030855943763188,1.0,1.0,,,,,,
q,beta_x_noise,11,0.0,1000.0,,0.0001,,,500,0.0172204183915314,0.0169812040341201,1.0,1.0,,,,,,
q,beta_x_noise,12,0.0,1000.0,,0.0001,,,100,0.0060050365913602,0.0060050365913602,1.0,1.0,,,,,,
q,beta_x_noise,12,0.0,1000.0,,0.0001,,,500,0.0493985985328468,0.0477517763473378,1.0,1.0,,,,,,
q,beta_x_noise,13,0.0,1000.0,,0.0001,,,100,0.0037834691861841,0.0025612720482688,1.0,1.0,,,,,,
q,beta_x_noise,13,0.0,1000.0,,0.0001,,,500,0.0211681443617663,0.0167194174160791,1.0,1.0,,,,,,
q,beta_x_noise,14,0.0,1000.0,,0.0001,,,100,0.0045686921949409,0.0042732094034129,1.0,1.0,,,,,,
q,beta_x_noise,14,0.0,1000.0,,0.0001,,,500,0.0075495130161906,0.0066486029410802,1.0,1.0,,,,,,
q,beta_x_noise,15,0.0,1000.0,,0.0001,,,100,0.0041304960317623,0.0041304960317623,1.0,1.0,,,,,,
q,beta_x_noise,15,0.0,1000.0,,0.0001,,,500,0.0118861987566414,0.0118861987566414,1.0,1.0,,,,,,
q,beta_x_noise,16,0.0,1000.0,,0.0001,,,100,0.0040360916024869,0.0036137084092953,1.0,1.0,,,,,,
q,beta_x_noise,16,0.0,1000.0,,0.0001,,,500,0.0350134189772282,0.0349421155774245,1.0,1.0,,,,,,
q,beta_x_noise,17,0.0,1000.0,,0.0001,,,100,0.0046351968324166,0.0046351968324166,1.0,1.0,,,,,,
q,beta_x_noise,17,0.0,1000.0,,0.0001,,,500,0.0378809439297374,0.0378809439297374,1.0,1.0,,,,,,
q,beta_x_noise,18,0.0,1000.0,,0.0001,,,100,0.0057512752545796,0.0042865111987724,0.989492119089317,0.989247311827957,,,,,,
q,beta_x_noise,18,0.0,1000.0,,0.0001,,,500,0.0205498655021818,0.0201781430543972,0.997980477953551,0.9979716024340772,,,,,,
q,beta_x_noise,19,0.0,1000.0,,0.0001,,,100,0.003696884868418,0.0036955054293195,1.0,1.0,,,,,,
q,beta_x_noise,19,0.0,1000.0,,0.0001,,,500,0.0308218974351692,0.0299806206798085,1.0,1.0,,,,,,
q,beta_x_noise,0,0.0,1000.0,,0.001,,,100,0.042771479370502,0.0406556770124098,1.0,1.0,,,,,,
q,beta_x_noise,0,0.0,1000.0,,0.001,,,500,0.159321873413871,0.1330902318548159,1.0,1.0,,,,,,
q,beta_x_noise,1,0.0,1000.0,,0.001,,,100,0.0589573663536402,0.0589573663536402,1.0,1.0,,,,,,
q,beta_x_noise,1,0.0,1000.0,,0.001,,,500,0.3787828214894171,0.3787828214894171,1.0,1.0,,,,,,
q,beta_x_noise,2,0.0,1000.0,,0.001,,,100,0.0385929924371877,0.0317926177706464,1.0,1.0,,,,,,
q,beta_x_noise,2,0.0,1000.0,,0.001,,,500,0.0967518432874671,0.0683228348043766,1.0,1.0,,,,,,
q,beta_x_noise,3,0.0,1000.0,,0.001,,,100,0.0484905836381559,0.0367862179174474,0.9858657243816256,0.9893617021276596,,,,,,
q,beta_x_noise,3,0.0,1000.0,,0.001,,,500,0.1564387886141407,0.1555972508503394,0.9973027646662171,0.9959514170040484,,,,,,
q,beta_x_noise,4,0.0,1000.0,,0.001,,,100,0.0293788143190698,0.0150919319670541,1.0,1.0,,,,,,
q,beta_x_noise,4,0.0,1000.0,,0.001,,,500,0.0513536621926355,0.0291788192756659,1.0,1.0,,,,,,
q,beta_x_noise,5,0.0,1000.0,,0.001,,,100,0.0414310535553255,0.0373309027485274,1.0,1.0,,,,,,
q,beta_x_noise,5,0.0,1000.0,,0.001,,,500,0.1041977681208567,0.0671893661586615,1.0,1.0,,,,,,
q,beta_x_noise,6,0.0,1000.0,,0.001,,,100,0.051594194317476,0.051594194317476,1.0,1.0,,,,,,
q,beta_x_noise,6,0.0,1000.0,,0.001,,,500,0.2933745430595866,0.2864673538564894,1.0,1.0,,,,,,
q,beta_x_noise,7,0.0,1000.0,,0.001,,,100,0.0236451917881217,0.0227120682187198,1.0,1.0,,,,,,
q,beta_x_noise,7,0.0,1000.0,,0.001,,,500,0.0968476681974301,0.0516894554972986,1.0,1.0,,,,,,
q,beta_x_noise,8,0.0,1000.0,,0.001,,,100,0.0294633207434121,0.0282416109126038,1.0,1.0,,,,,,
q,beta_x_noise,8,0.0,1000.0,,0.001,,,500,0.3930979234675757,0.3580466880949211,1.0,1.0,,,,,,
q,beta_x_noise,9,0.0,1000.0,,0.001,,,100,0.0905288836139253,0.0827689189254622,1.0,1.0,,,,,,
q,beta_x_noise,9,0.0,1000.0,,0.001,,,500,0.2057441417494696,0.1714452487262516,1.0,1.0,,,,,,
q,beta_x_noise,10,0.0,1000.0,,0.001,,,100,0.0504024948560063,0.0427686977184111,0.9893428063943162,0.9894736842105264,,,,,,
q,beta_x_noise,10,0.0,1000.0,,0.001,,,500,0.1278107584290917,0.0734816363945527,0.9979750253121836,0.997979797979798,,,,,,
q,beta_x_noise,11,0.0,1000.0,,0.001,,,100,0.0358115517974519,0.0308297032820163,1.0,1.0,,,,,,
q,beta_x_noise,11,0.0,1000.0,,0.001,,,500,0.1712464031068865,0.1690890818955337,1.0,1.0,,,,,,
q,beta_x_noise,12,0.0,1000.0,,0.001,,,100,0.058928664476657,0.058928664476657,1.0,1.0,,,,,,
q,beta_x_noise,12,0.0,1000.0,,0.001,,,500,0.4886253615102482,0.4707100337690292,1.0,1.0,,,,,,
q,beta_x_noise,13,0.0,1000.0,,0.001,,,100,0.0381706163197058,0.0251640896241296,0.9776247848537004,0.9894736842105264,,,,,,
q,beta_x_noise,13,0.0,1000.0,,0.001,,,500,0.2064667935999233,0.1629344955425437,0.995639047299564,0.997979797979798,,,,,,
q,beta_x_noise,14,0.0,1000.0,,0.001,,,100,0.0449113437628322,0.0422112423710399,0.9737302977232924,0.967741935483871,,,,,,
q,beta_x_noise,14,0.0,1000.0,,0.001,,,500,0.0730226228082788,0.0641654213910593,0.9949511948838776,0.9939148073022313,,,,,,
q,beta_x_noise,15,0.0,1000.0,,0.001,,,100,0.041564718144864,0.041564718144864,1.0,1.0,,,,,,
q,beta_x_noise,15,0.0,1000.0,,0.001,,,500,0.1191997739666521,0.1191997739666521,1.0,1.0,,,,,,
q,beta_x_noise,16,0.0,1000.0,,0.001,,,100,0.0406545809550114,0.0364106321670779,1.0,1.0,,,,,,
q,beta_x_noise,16,0.0,1000.0,,0.001,,,500,0.3559697954441403,0.3555118448867795,1.0,1.0,,,,,,
q,beta_x_noise,17,0.0,1000.0,,0.001,,,100,0.046597886770957,0.046597886770957,0.99645390070922,0.9893617021276596,,,,,,
q,beta_x_noise,17,0.0,1000.0,,0.001,,,500,0.3803237054343817,0.3803237054343817,0.9993252361673416,0.9979757085020244,,,,,,
q,beta_x_noise,18,0.0,1000.0,,0.001,,,100,0.0583206002238985,0.0436837161525187,0.9719789842381786,0.978494623655914,,,,,,
q,beta_x_noise,18,0.0,1000.0,,0.001,,,500,0.2048717647431459,0.2008045769378243,0.994614607876136,0.995943204868154,,,,,,
q,beta_x_noise,19,0.0,1000.0,,0.001,,,100,0.037822875062851,0.0369141605105074,1.0,1.0,,,,,,
q,beta_x_noise,19,0.0,1000.0,,0.001,,,500,0.3117592615805185,0.3022607851198082,1.0,1.0,,,,,,
q,beta_x_noise,0,0.0,1000.0,,0.01,,,100,0.4122710675675137,0.3879126328423085,0.9013840830449829,0.9361702127659576,,,,,,
q,beta_x_noise,0,0.0,1000.0,,0.01,,,500,1.5484416252510858,1.3045289908535724,0.9583613163196776,0.9736842105263158,,,,,,
q,beta_x_noise,1,0.0,1000.0,,0.01,,,100,0.571548002057291,0.571548002057291,0.8731343283582089,0.8602150537634409,,,,,,
q,beta_x_noise,1,0.0,1000.0,,0.01,,,500,3.3290519568986245,3.3290519568986245,0.7942779291553134,0.7728194726166329,,,,,,
q,beta_x_noise,2,0.0,1000.0,,0.01,,,100,0.3906867472929838,0.3143752671644571,0.948306595365419,1.0,,,,,,
q,beta_x_noise,2,0.0,1000.0,,0.01,,,500,1.0349715263340349,0.8154486590659965,0.9902060114826072,1.0,,,,,,
q,beta_x_noise,3,0.0,1000.0,,0.01,,,100,0.5031144743700977,0.3829477643936718,0.8091872791519434,0.851063829787234,,,,,,
q,beta_x_noise,3,0.0,1000.0,,0.01,,,500,1.4865177221205386,1.4865177221205386,0.7663519892110586,0.7348178137651822,,,,,,
q,beta_x_noise,4,0.0,1000.0,,0.01,,,100,0.2907864764671343,0.1573319899088809,0.9754816112084064,0.946236559139785,,,,,,
q,beta_x_noise,4,0.0,1000.0,,0.01,,,500,0.4956122773017819,0.280656394918477,0.995287781891619,0.9898580121703854,,,,,,
q,beta_x_noise,5,0.0,1000.0,,0.01,,,100,0.4171687336118441,0.3730479255261274,0.9930191972076788,0.9894736842105264,,,,,,
q,beta_x_noise,5,0.0,1000.0,,0.01,,,500,0.9657752896407454,0.6044073760666602,0.9525731584258323,0.9555555555555556,,,,,,
q,beta_x_noise,6,0.0,1000.0,,0.01,,,100,0.507124858147261,0.507124858147261,0.84375,0.8829787234042553,,,,,,
q,beta_x_noise,6,0.0,1000.0,,0.01,,,500,3.0388834769447755,2.949098333677752,0.95497311827957,0.9615384615384616,,,,,,
q,beta_x_noise,7,0.0,1000.0,,0.01,,,100,0.2462596044332434,0.2406444659793236,0.9775474956822108,0.967741935483871,,,,,,
q,beta_x_noise,7,0.0,1000.0,,0.01,,,500,0.9517385430998132,0.4817827867117374,0.9852299429338705,0.9797160243407708,,,,,,
q,beta_x_noise,8,0.0,1000.0,,0.01,,,100,0.2993190166739949,0.2992660343697341,0.9414893617021276,0.9782608695652174,,,,,,
q,beta_x_noise,8,0.0,1000.0,,0.01,,,500,4.160261245185838,3.704479709848898,0.9888663967611336,0.9959349593495936,,,,,,
q,beta_x_noise,9,0.0,1000.0,,0.01,,,100,0.8891858265911786,0.8150001539142991,0.9509632224168126,0.9456521739130436,,,,,,
q,beta_x_noise,9,0.0,1000.0,,0.01,,,500,1.95298194244898,1.6642421791062774,0.9902389767754964,0.9878048780487804,,,,,,
q,beta_x_noise,10,0.0,1000.0,,0.01,,,100,0.5173826644808517,0.4448786400265732,0.8454706927175843,0.8736842105263158,,,,,,
q,beta_x_noise,10,0.0,1000.0,,0.01,,,500,1.328007725465807,0.6803714917946957,0.9527505906176172,0.9676767676767676,,,,,,
q,beta_x_noise,11,0.0,1000.0,,0.01,,,100,0.3272061521829456,0.2843096509751349,0.7228260869565217,0.7157894736842105,,,,,,
q,beta_x_noise,11,0.0,1000.0,,0.01,,,500,1.5389864060595526,1.5345178375152186,0.9437669376693768,0.9434343434343434,,,,,,
q,beta_x_noise,12,0.0,1000.0,,0.01,,,100,0.5201655471032639,0.5157026897859235,0.8042328042328042,0.8279569892473119,,,,,,
q,beta_x_noise,12,0.0,1000.0,,0.01,,,500,3.668769997014656,3.641368864790527,0.3811931243680485,0.5030425963488844,,,,,,
q,beta_x_noise,13,0.0,1000.0,,0.01,,,100,0.383236871838204,0.25159175287348,0.9053356282271944,0.968421052631579,,,,,,
q,beta_x_noise,13,0.0,1000.0,,0.01,,,500,1.8390543982067304,1.4477391815640115,0.981549815498155,0.993939393939394,,,,,,
q,beta_x_noise,14,0.0,1000.0,,0.01,,,100,0.4295389491386286,0.4130288509919614,0.8178633975481612,0.7634408602150538,,,,,,
q,beta_x_noise,14,0.0,1000.0,,0.01,,,500,0.7783086630231117,0.6262361079285493,0.9619656681252104,0.9553752535496958,,,,,,
q,beta_x_noise,15,0.0,1000.0,,0.01,,,100,0.4297879541854965,0.4297879541854965,0.936842105263158,0.936842105263158,,,,,,
q,beta_x_noise,15,0.0,1000.0,,0.01,,,500,1.128849870896033,1.128849870896033,0.9575757575757576,0.9494949494949496,,,,,,
q,beta_x_noise,16,0.0,1000.0,,0.01,,,100,0.3884384658451703,0.3458664867202403,0.9420035149384886,0.8936170212765957,,,,,,
q,beta_x_noise,16,0.0,1000.0,,0.01,,,500,2.865724801548857,2.70141044509859,0.6705961603233412,0.631578947368421,,,,,,
q,beta_x_noise,17,0.0,1000.0,,0.01,,,100,0.4767503031098712,0.4767503031098712,0.9397163120567376,0.9148936170212766,,,,,,
q,beta_x_noise,17,0.0,1000.0,,0.01,,,500,3.238617304350525,3.228755951705676,0.8947368421052632,0.8461538461538461,,,,,,
q,beta_x_noise,18,0.0,1000.0,,0.01,,,100,0.5813097877438029,0.4494548916670127,0.8476357267950964,0.8709677419354839,,,,,,
q,beta_x_noise,18,0.0,1000.0,,0.01,,,500,2.056837499307937,2.056837499307937,0.9653315382026254,0.9655172413793104,,,,,,
q,beta_x_noise,19,0.0,1000.0,,0.01,,,100,0.4008782145566891,0.3578606002709268,0.9194395796847636,0.9361702127659576,,,,,,
q,beta_x_noise,19,0.0,1000.0,,0.01,,,500,3.0141762378851293,2.9018522757034875,0.984516997643891,0.9878542510121456,,,,,,
q,beta_x_noise,0,0.0,1000.0,,0.03,,,100,0.9595022925894876,0.8417489261513551,0.4913494809688581,0.5,,,,,,
q,beta_x_noise,0,0.0,1000.0,,0.03,,,500,4.175715523904698,3.451729741842975,0.683344526527871,0.6882591093117408,,,,,,
q,beta_x_noise,1,0.0,1000.0,,0.03,,,100,1.3866726110248102,1.3866726110248102,0.3899253731343283,0.4623655913978494,,,,,,
q,beta_x_noise,1,0.0,1000.0,,0.03,,,500,7.87235239503338,7.248948262918804,0.1171662125340599,0.204868154158215,,,,,,
q,beta_x_noise,2,0.0,1000.0,,0.03,,,100,1.2142528921383742,0.9152837190515954,0.8912655971479501,0.8817204301075269,,,,,,
q,beta_x_noise,2,0.0,1000.0,,0.03,,,500,3.6668168472633167,3.487532990056129,0.8463356973995272,0.8620689655172413,,,,,,
q,beta_x_noise,3,0.0,1000.0,,0.03,,,100,1.6325577190055964,1.2671272881611568,0.5918727915194346,0.6276595744680851,,,,,,
q,beta_x_noise,3,0.0,1000.0,,0.03,,,500,4.061153714497181,4.061153714497181,0.325354012137559,0.3238866396761133,,,,,,
q,beta_x_noise,4,0.0,1000.0,,0.03,,,100,0.8144200568725073,0.5270682134670984,0.5674255691768827,0.5806451612903226,,,,,,
q,beta_x_noise,4,0.0,1000.0,,0.03,,,500,1.4992196121590822,0.8762445107859571,0.8532480646247055,0.8417849898580122,,,,,,
q,beta_x_noise,5,0.0,1000.0,,0.03,,,100,1.3649997615177658,1.2132324063780366,0.7609075043630017,0.6421052631578947,,,,,,
q,beta_x_noise,5,0.0,1000.0,,0.03,,,500,1.9116755828501024,1.8700255828059111,0.5906491759165826,0.5818181818181818,,,,,,
q,beta_x_noise,6,0.0,1000.0,,0.03,,,100,1.437744076266858,1.418344607288912,0.5520833333333334,0.6276595744680851,,,,,,
q,beta_x_noise,6,0.0,1000.0,,0.03,,,500,10.212774825571042,9.860880574902586,0.6878360215053764,0.7246963562753036,,,,,,
q,beta_x_noise,7,0.0,1000.0,,0.03,,,100,0.834899001663894,0.834899001663894,0.7910189982728842,0.7849462365591398,,,,,,
q,beta_x_noise,7,0.0,1000.0,,0.03,,,500,2.935408372044789,1.4087880475847805,0.8402148371936892,0.8113590263691683,,,,,,
q,beta_x_noise,8,0.0,1000.0,,0.03,,,100,1.063707395107719,1.063707395107719,0.6329787234042553,0.7717391304347826,,,,,,
q,beta_x_noise,8,0.0,1000.0,,0.03,,,500,14.142563084619365,11.6745353741863,0.8893387314439946,0.9369918699186992,,,,,,
q,beta_x_noise,9,0.0,1000.0,,0.03,,,100,2.665916707831304,2.361023006407962,0.8248686514886164,0.8152173913043478,,,,,,
q,beta_x_noise,9,0.0,1000.0,,0.03,,,500,5.810149510369293,4.500266117928606,0.9306630764052508,0.9085365853658536,,,,,,
q,beta_x_noise,10,0.0,1000.0,,0.03,,,100,1.6579927807607513,1.46459681018982,0.4991119005328597,0.5684210526315789,,,,,,
q,beta_x_noise,10,0.0,1000.0,,0.03,,,500,4.496718119315047,2.075813585352387,0.8278771515356058,0.8747474747474747,,,,,,
q,beta_x_noise,11,0.0,1000.0,,0.03,,,100,0.8240989369873213,0.743506821702909,0.519927536231884,0.4736842105263157,,,,,,
q,beta_x_noise,11,0.0,1000.0,,0.03,,,500,3.6632349672017552,3.627124223651832,0.80420054200542,0.7757575757575758,,,,,,
q,beta_x_noise,12,0.0,1000.0,,0.03,,,100,1.1887309766911272,1.0666597145728054,0.527336860670194,0.6236559139784946,,,,,,
q,beta_x_noise,12,0.0,1000.0,,0.03,,,500,8.66293339805769,8.210598042575404,0.1290866194809572,0.306288032454361,,,,,,
q,beta_x_noise,13,0.0,1000.0,,0.03,,,100,1.1538798874765428,0.7720224564886112,0.8244406196213425,0.8631578947368421,,,,,,
q,beta_x_noise,13,0.0,1000.0,,0.03,,,500,3.690732386153413,3.00610654257856,0.7245890640724589,0.6242424242424243,,,,,,
q,beta_x_noise,14,0.0,1000.0,,0.03,,,100,1.311564277428875,1.2411033238729463,0.6637478108581436,0.6451612903225806,,,,,,
q,beta_x_noise,14,0.0,1000.0,,0.03,,,500,2.702860041215443,2.0089335344670456,0.8431504543924605,0.8681541582150102,,,,,,
q,beta_x_noise,15,0.0,1000.0,,0.03,,,100,1.3465612073215292,1.3465612073215292,0.7842105263157895,0.7157894736842105,,,,,,
q,beta_x_noise,15,0.0,1000.0,,0.03,,,500,3.6235747596723846,1.973703224807556,0.5723905723905723,0.5777777777777777,,,,,,
q,beta_x_noise,16,0.0,1000.0,,0.03,,,100,1.040882411150385,0.9078083303013632,0.773286467486819,0.7127659574468085,,,,,,
q,beta_x_noise,16,0.0,1000.0,,0.03,,,500,5.931764496405451,5.732610041778274,0.3506231054227012,0.3522267206477733,,,,,,
q,beta_x_noise,17,0.0,1000.0,,0.03,,,100,1.5073963988283532,1.5073963988283532,0.8687943262411347,0.8191489361702128,,,,,,
q,beta_x_noise,17,0.0,1000.0,,0.03,,,500,8.797482352470022,8.797482352470022,0.6072874493927125,0.631578947368421,,,,,,
q,beta_x_noise,18,0.0,1000.0,,0.03,,,100,1.7574591535164843,1.4378359620438907,0.8108581436077058,0.8387096774193549,,,,,,
q,beta_x_noise,18,0.0,1000.0,,0.03,,,500,6.707103765480707,6.707103765480707,0.7771794008751263,0.8316430020283976,,,,,,
q,beta_x_noise,19,0.0,1000.0,,0.03,,,100,1.3474494509076445,1.0224740325122688,0.7758318739054291,0.8191489361702128,,,,,,
q,beta_x_noise,19,0.0,1000.0,,0.03,,,500,8.698328932776882,7.752609203107783,0.9569168630090878,0.9635627530364372,,,,,,
q,beta_x_noise,0,0.0,1000.0,,0.1,,,100,4.027380071393487,3.78407887518143,0.3477508650519031,0.3297872340425531,,,,,,
q,beta_x_noise,0,0.0,1000.0,,0.1,,,500,270.8782254981461,142.02913640232308,0.3331094694425789,0.3340080971659919,,,,,,
q,beta_x_noise,1,0.0,1000.0,,0.1,,,100,8.248568976743394,8.248568976743394,0.2779850746268656,0.3870967741935484,,,,,,
q,beta_x_noise,1,0.0,1000.0,,0.1,,,500,37.72663788671991,29.79551737963154,0.3896457765667575,0.3914807302231237,,,,,,
q,beta_x_noise,2,0.0,1000.0,,0.1,,,100,4.260084800661014,2.7103390303791004,0.6185383244206774,0.6451612903225806,,,,,,
q,beta_x_noise,2,0.0,1000.0,,0.1,,,500,51.396930098471,18.715484105688507,0.5379939209726444,0.5436105476673428,,,,,,
q,beta_x_noise,3,0.0,1000.0,,0.1,,,100,3.661911293121534,2.891269689751578,0.607773851590106,0.5531914893617021,,,,,,
q,beta_x_noise,3,0.0,1000.0,,0.1,,,500,15.844755461700734,5.997548704539476,0.4662845583277141,0.4797570850202429,,,,,,
q,beta_x_noise,4,0.0,1000.0,,0.1,,,100,3.9379011402865496,2.9898743756339616,0.3992994746059544,0.4731182795698925,,,,,,
q,beta_x_noise,4,0.0,1000.0,,0.1,,,500,16.95641158662299,15.98506235450866,0.5149781218444968,0.513184584178499,,,,,,
q,beta_x_noise,5,0.0,1000.0,,0.1,,,100,9.069545923106832,8.500272479044442,0.5427574171029669,0.3578947368421052,,,,,,
q,beta_x_noise,5,0.0,1000.0,,0.1,,,500,71.85008287960613,68.11831537794637,0.5378405650857719,0.4585858585858586,,,,,,
q,beta_x_noise,6,0.0,1000.0,,0.1,,,100,3.0676899917432308,2.786743839610792,0.4548611111111111,0.4787234042553192,,,,,,
q,beta_x_noise,6,0.0,1000.0,,0.1,,,500,11.402616218795936,11.124196254740363,0.4230510752688172,0.451417004048583,,,,,,
q,beta_x_noise,7,0.0,1000.0,,0.1,,,100,3.5767590230364883,3.082342949932797,0.538860103626943,0.5483870967741935,,,,,,
q,beta_x_noise,7,0.0,1000.0,,0.1,,,500,466.59002403762406,417.192066358682,0.5797247398455858,0.5943204868154158,,,,,,
q,beta_x_noise,8,0.0,1000.0,,0.1,,,100,3.274522115311659,2.0438124129662536,0.5531914893617021,0.6739130434782609,,,,,,
q,beta_x_noise,8,0.0,1000.0,,0.1,,,500,187.20403499194825,146.05288981766853,0.5060728744939271,0.5386178861788617,,,,,,
q,beta_x_noise,9,0.0,1000.0,,0.1,,,100,9.54580253400736,7.071039057140745,0.6987740805604203,0.6521739130434783,,,,,,
q,beta_x_noise,9,0.0,1000.0,,0.1,,,500,180.3171237351553,135.6869982649692,0.5018512285425782,0.4776422764227642,,,,,,
q,beta_x_noise,10,0.0,1000.0,,0.1,,,100,3.137604219811862,1.8400491731482087,0.3712255772646536,0.4,,,,,,
q,beta_x_noise,10,0.0,1000.0,,0.1,,,500,15.586166074835605,8.589669733307176,0.4208572392845089,0.4343434343434343,,,,,,
q,beta_x_noise,11,0.0,1000.0,,0.1,,,100,7.105246114671276,5.509871110045252,0.2010869565217391,0.2736842105263158,,,,,,
q,beta_x_noise,11,0.0,1000.0,,0.1,,,500,256.0606525900457,76.82455584841551,0.3472222222222222,0.3555555555555555,,,,,,
q,beta_x_noise,12,0.0,1000.0,,0.1,,,100,6.232724094337123,6.148043084683762,0.2645502645502645,0.3440860215053763,,,,,,
q,beta_x_noise,12,0.0,1000.0,,0.1,,,500,46.679957895338376,45.72756848711572,0.2194135490394337,0.3245436105476673,,,,,,
q,beta_x_noise,13,0.0,1000.0,,0.1,,,100,2.9457281255107723,1.2515610062839952,0.7934595524956971,0.7684210526315789,,,,,,
q,beta_x_noise,13,0.0,1000.0,,0.1,,,500,17.218982322470108,10.56467682917531,0.5259979872525998,0.5111111111111111,,,,,,
q,beta_x_noise,14,0.0,1000.0,,0.1,,,100,5.874552498877034,5.572794286768283,0.3975481611208406,0.4193548387096774,,,,,,
q,beta_x_noise,14,0.0,1000.0,,0.1,,,500,134.0405233327684,130.91288632764778,0.4294850218781555,0.3894523326572008,,,,,,
q,beta_x_noise,15,0.0,1000.0,,0.1,,,100,4.491903520144334,4.365712097873516,0.512280701754386,0.4421052631578947,,,,,,
q,beta_x_noise,15,0.0,1000.0,,0.1,,,500,154.26346034249593,74.95561621990112,0.5094276094276095,0.501010101010101,,,,,,
q,beta_x_noise,16,0.0,1000.0,,0.1,,,100,8.269490149590652,4.926447331764964,0.4868189806678383,0.4893617021276595,,,,,,
q,beta_x_noise,16,0.0,1000.0,,0.1,,,500,22.4801483894556,6.510204172432729,0.2805658470865611,0.3684210526315789,,,,,,
q,beta_x_noise,17,0.0,1000.0,,0.1,,,100,10.742381781757834,10.339185482514983,0.6170212765957447,0.6276595744680851,,,,,,
q,beta_x_noise,17,0.0,1000.0,,0.1,,,500,127.27834080513048,48.82215175332647,0.2577597840755735,0.4190283400809717,,,,,,
q,beta_x_noise,18,0.0,1000.0,,0.1,,,100,5.278464932968994,4.475525295979065,0.6882661996497373,0.6774193548387096,,,,,,
q,beta_x_noise,18,0.0,1000.0,,0.1,,,500,13.152291767951938,10.667630580156391,0.3934702120498148,0.4077079107505071,,,,,,
q,beta_x_noise,19,0.0,1000.0,,0.1,,,100,12.928276608050018,12.928276608050018,0.5919439579684763,0.648936170212766,,,,,,
q,beta_x_noise,19,0.0,1000.0,,0.1,,,500,127.4605486907946,31.952786962361785,0.5785930663076405,0.5769230769230769,,,,,,
q,beta_x_noise,0,0.0,1000.0,,0.3,,,100,2762.632295083594,786.5041601772419,0.3875432525951557,0.3085106382978723,,,,,,
q,beta_x_noise,0,0.0,1000.0,,0.3,,,500,589244548.9881984,204507615.9811919,0.3922095366017461,0.3582995951417004,,,,,,
q,beta_x_noise,1,0.0,1000.0,,0.3,,,100,90.99343788377718,41.01089255313431,0.3694029850746269,0.3225806451612903,,,,,,
q,beta_x_noise,1,0.0,1000.0,,0.3,,,500,1082353.6015001673,1082353.6015001673,0.3170980926430518,0.3509127789046653,,,,,,
q,beta_x_noise,2,0.0,1000.0,,0.3,,,100,126.42953435478124,79.77950112863303,0.3404634581105169,0.3440860215053763,,,,,,
q,beta_x_noise,2,0.0,1000.0,,0.3,,,500,50821.24571001472,2642.35714184419,0.3525835866261398,0.3732251521298174,,,,,,
q,beta_x_noise,3,0.0,1000.0,,0.3,,,100,370.6591708035766,44.15373469820665,0.3250883392226148,0.4042553191489361,,,,,,
q,beta_x_noise,3,0.0,1000.0,,0.3,,,500,877055.6467466939,14481.485817260304,0.3624409979770735,0.3825910931174089,,,,,,
q,beta_x_noise,4,0.0,1000.0,,0.3,,,100,63.48478698504236,63.48478698504236,0.3450087565674256,0.3870967741935484,,,,,,
q,beta_x_noise,4,0.0,1000.0,,0.3,,,500,6830.9147936822565,6529.024777712713,0.4035678222820599,0.3935091277890467,,,,,,
q,beta_x_noise,5,0.0,1000.0,,0.3,,,100,661.0274628543425,330.4824064065463,0.3560209424083769,0.3157894736842105,,,,,,
q,beta_x_noise,5,0.0,1000.0,,0.3,,,500,1738859.9041188634,527754.1167295184,0.3646148671375714,0.3515151515151515,,,,,,
q,beta_x_noise,6,0.0,1000.0,,0.3,,,100,108.2471537716842,47.67392522485066,0.4270833333333333,0.5638297872340425,,,,,,
q,beta_x_noise,6,0.0,1000.0,,0.3,,,500,619.1577803200684,439.5752962733522,0.4143145161290322,0.4008097165991903,,,,,,
q,beta_x_noise,7,0.0,1000.0,,0.3,,,100,45.650804041285625,14.306340180608784,0.3765112262521589,0.3010752688172043,,,,,,
q,beta_x_noise,7,0.0,1000.0,,0.3,,,500,70757.27062955267,14041.784947852368,0.3763007720711648,0.3610547667342799,,,,,,
q,beta_x_noise,8,0.0,1000.0,,0.3,,,100,88.56552782201175,12.315749231412344,0.3492907801418439,0.4239130434782608,,,,,,
q,beta_x_noise,8,0.0,1000.0,,0.3,,,500,54092.128251352566,4846.441700745444,0.3191632928475034,0.3577235772357723,,,,,,
q,beta_x_noise,9,0.0,1000.0,,0.3,,,100,100.61294769987964,26.121381113849875,0.3555166374781086,0.3152173913043478,,,,,,
q,beta_x_noise,9,0.0,1000.0,,0.3,,,500,5193.504334376134,575.0936544932122,0.3483675530124537,0.3394308943089431,,,,,,
q,beta_x_noise,10,0.0,1000.0,,0.3,,,100,3512.055759237048,3040.775635101217,0.4298401420959147,0.4105263157894737,,,,,,
q,beta_x_noise,10,0.0,1000.0,,0.3,,,500,409979414.7917691,84750943.80843972,0.362470469119136,0.3414141414141414,,,,,,
q,beta_x_noise,11,0.0,1000.0,,0.3,,,100,506.9359661582894,195.4777907530315,0.3115942028985507,0.3052631578947368,,,,,,
q,beta_x_noise,11,0.0,1000.0,,0.3,,,500,42442.67707256101,42442.67707256101,0.3472222222222222,0.3252525252525252,,,,,,
q,beta_x_noise,12,0.0,1000.0,,0.3,,,100,326.4364442193905,260.0349327622104,0.3527336860670194,0.2688172043010752,,,,,,
q,beta_x_noise,12,0.0,1000.0,,0.3,,,500,51668.73095182517,12307.71968348039,0.3599595551061678,0.3346855983772819,,,,,,
q,beta_x_noise,13,0.0,1000.0,,0.3,,,100,1391.8481428411164,1391.8481428411164,0.387263339070568,0.4631578947368421,,,,,,
q,beta_x_noise,13,0.0,1000.0,,0.3,,,500,93269.6613951517,66418.33292841849,0.3975176115397517,0.4363636363636363,,,,,,
q,beta_x_noise,14,0.0,1000.0,,0.3,,,100,57.05078834172441,21.095072294414592,0.3345008756567426,0.3440860215053763,,,,,,
q,beta_x_noise,14,0.0,1000.0,,0.3,,,500,17718168.681058194,15151933.397579664,0.3540895321440592,0.3083164300202839,,,,,,
q,beta_x_noise,15,0.0,1000.0,,0.3,,,100,95.92251208934417,26.457519229492306,0.3578947368421052,0.3789473684210526,,,,,,
q,beta_x_noise,15,0.0,1000.0,,0.3,,,500,70306.41105898633,8354.875386794885,0.3276094276094276,0.3292929292929293,,,,,,
q,beta_x_noise,0,0.0,1000000.0,,0.0,,,100,3.028879302924281e-08,3.028879302924281e-08,1.0,1.0,,,,,,
q,beta_x_noise,0,0.0,1000000.0,,0.0,,,500,2.2809529198752898e-07,2.2809529198752898e-07,1.0,1.0,,,,,,
q,beta_x_noise,1,0.0,1000000.0,,0.0,,,100,3.0527475880504085e-08,2.9526304734517346e-08,1.0,1.0,,,,,,
q,beta_x_noise,1,0.0,1000000.0,,0.0,,,500,3.0726483357668144e-07,3.0726483357668144e-07,1.0,1.0,,,,,,
q,beta_x_noise,2,0.0,1000000.0,,0.0,,,100,2.982463576106653e-08,2.982463576106653e-08,1.0,1.0,,,,,,
q,beta_x_noise,2,0.0,1000000.0,,0.0,,,500,2.796233458113307e-07,2.796233458113307e-07,1.0,1.0,,,,,,
q,beta_x_noise,3,0.0,1000000.0,,0.0,,,100,4.947605212191064e-07,4.429138493189378e-07,1.0,1.0,,,,,,
q,beta_x_noise,3,0.0,1000000.0,,0.0,,,500,4.947605212191064e-07,1.6835340410636945e-07,1.0,1.0,,,,,,
q,beta_x_noise,8,0.0,1000000.0,,0.0,,,100,2.673443588729896e-08,2.673443588729896e-08,1.0,1.0,,,,,,
q,beta_x_noise,8,0.0,1000000.0,,0.0,,,500,1.8455463890454385e-07,1.834504774755885e-07,1.0,1.0,,,,,,
q,beta_x_noise,9,0.0,1000000.0,,0.0,,,100,2.183110338463412e-05,1.024031946983417e-05,1.0,1.0,,,,,,
q,beta_x_noise,9,0.0,1000000.0,,0.0,,,500,2.183110338463412e-05,2.136320355727861e-06,1.0,1.0,,,,,,
q,beta_x_noise,10,0.0,1000000.0,,0.0,,,100,2.500992850565376e-05,2.3697334459060748e-05,1.0,1.0,,,,,,
q,beta_x_noise,10,0.0,1000000.0,,0.0,,,500,2.500992850565376e-05,5.624877030818709e-06,1.0,1.0,,,,,,
q,beta_x_noise,11,0.0,1000000.0,,0.0,,,100,7.182443351308465e-06,6.4607041576625335e-06,1.0,1.0,,,,,,
q,beta_x_noise,11,0.0,1000000.0,,0.0,,,500,7.182443351308465e-06,2.410628469728948e-06,1.0,1.0,,,,,,
q,beta_x_noise,4,0.0,1000000.0,,0.0,,,100,4.642266082655056e-08,4.332028824549639e-08,1.0,1.0,,,,,,
q,beta_x_noise,4,0.0,1000000.0,,0.0,,,500,2.7742166475164254e-07,2.534606005077933e-07,1.0,1.0,,,,,,
q,beta_x_noise,5,0.0,1000000.0,,0.0,,,100,1.4096427492282793e-05,5.977061780182424e-06,1.0,1.0,,,,,,
q,beta_x_noise,5,0.0,1000000.0,,0.0,,,500,1.4096427492282793e-05,1.6483028026925697e-06,1.0,1.0,,,,,,
q,beta_x_noise,6,0.0,1000000.0,,0.0,,,100,4.64761786833634e-08,4.405826659059642e-08,1.0,1.0,,,,,,
q,beta_x_noise,6,0.0,1000000.0,,0.0,,,500,2.597709372054169e-07,2.597709372054169e-07,1.0,1.0,,,,,,
q,beta_x_noise,7,0.0,1000000.0,,0.0,,,100,2.138913469292014e-06,1.2507661981131513e-06,1.0,1.0,,,,,,
q,beta_x_noise,7,0.0,1000000.0,,0.0,,,500,2.138913469292014e-06,3.2575240704879604e-07,1.0,1.0,,,,,,
q,beta_x_noise,12,0.0,1000000.0,,0.0,,,100,3.279982063730813e-08,3.279982063730813e-08,1.0,1.0,,,,,,
q,beta_x_noise,12,0.0,1000000.0,,0.0,,,500,2.337195317281271e-07,2.323051733199577e-07,1.0,1.0,,,,,,
q,beta_x_noise,13,0.0,1000000.0,,0.0,,,100,4.58466848929362e-08,4.58466848929362e-08,1.0,1.0,,,,,,
q,beta_x_noise,13,0.0,1000000.0,,0.0,,,500,2.44146739711848e-05,7.547016205089463e-06,1.0,1.0,,,,,,
q,beta_x_noise,14,0.0,1000000.0,,0.0,,,100,1.580745818546836e-07,1.183234092927421e-07,1.0,1.0,,,,,,
q,beta_x_noise,14,0.0,1000000.0,,0.0,,,500,2.505869689528595e-07,2.505869689528595e-07,1.0,1.0,,,,,,
q,beta_x_noise,15,0.0,1000000.0,,0.0,,,100,2.5669270931061305e-08,2.5669270931061305e-08,1.0,1.0,,,,,,
q,beta_x_noise,15,0.0,1000000.0,,0.0,,,500,1.937316445044246e-07,1.937316445044246e-07,1.0,1.0,,,,,,
q,beta_x_noise,16,0.0,1000000.0,,0.0,,,100,2.5020789440333153e-08,2.4337187598533205e-08,1.0,1.0,,,,,,
q,beta_x_noise,16,0.0,1000000.0,,0.0,,,500,2.276912147713972e-07,2.276912147713972e-07,1.0,1.0,,,,,,
q,beta_x_noise,17,0.0,1000000.0,,0.0,,,100,2.953205169298201e-08,2.8584952960208912e-08,1.0,1.0,,,,,,
q,beta_x_noise,17,0.0,1000000.0,,0.0,,,500,2.9474774221327493e-07,2.9474774221327493e-07,1.0,1.0,,,,,,
q,beta_x_noise,18,0.0,1000000.0,,0.0,,,100,1.6576325786513135e-05,1.4917911233286452e-05,1.0,1.0,,,,,,
q,beta_x_noise,18,0.0,1000000.0,,0.0,,,500,1.6576325786513135e-05,7.828847059743183e-06,1.0,1.0,,,,,,
q,beta_x_noise,19,0.0,1000000.0,,0.0,,,100,2.5587251595848848e-06,1.1611252107579515e-06,1.0,1.0,,,,,,
q,beta_x_noise,19,0.0,1000000.0,,0.0,,,500,2.5587251595848848e-06,1.884561144915864e-07,1.0,1.0,,,,,,
q,beta_x_noise,16,0.0,1000.0,,0.3,,,100,18.908202317384788,18.908202317384788,0.3848857644991212,0.4574468085106383,,,,,,
q,beta_x_noise,16,0.0,1000.0,,0.3,,,500,587.6890095092359,9.38192500884876,0.4018187942068036,0.4109311740890688,,,,,,
q,beta_x_noise,17,0.0,1000.0,,0.3,,,100,36.62537424252853,29.55756540432108,0.3492907801418439,0.4468085106382978,,,,,,
q,beta_x_noise,17,0.0,1000.0,,0.3,,,500,138525.5078370178,6385.387932771608,0.3309716599190283,0.3643724696356275,,,,,,
q,beta_x_noise,18,0.0,1000.0,,0.3,,,100,131.90257464635357,76.57358005592104,0.3590192644483362,0.3440860215053763,,,,,,
q,beta_x_noise,18,0.0,1000.0,,0.3,,,500,715.4080913033158,88.77849019229852,0.3386065297879502,0.2880324543610548,,,,,,
q,beta_x_noise,19,0.0,1000.0,,0.3,,,100,31.65250876748912,29.342881202407792,0.3747810858143607,0.351063829787234,,,,,,
q,beta_x_noise,19,0.0,1000.0,,0.3,,,500,3108.9133253198784,37.964201816802166,0.3443285089195557,0.3643724696356275,,,,,,
q,beta_x_noise,4,0.0,1000000.0,,1e-05,,,100,0.0002950622796322,0.0001471545691855,1.0,1.0,,,,,,
q,beta_x_noise,4,0.0,1000000.0,,1e-05,,,500,0.0005111643405695,0.0003036043765072,1.0,1.0,,,,,,
q,beta_x_noise,5,0.0,1000000.0,,1e-05,,,100,0.0004138101418797,0.0003731902075398,1.0,1.0,,,,,,
q,beta_x_noise,5,0.0,1000000.0,,1e-05,,,500,0.001047045000643,0.0006792383778404,1.0,1.0,,,,,,
q,beta_x_noise,6,0.0,1000000.0,,1e-05,,,100,0.0005133216046167,0.0005133216046167,1.0,1.0,,,,,,
q,beta_x_noise,6,0.0,1000000.0,,1e-05,,,500,0.0029236744075196,0.0028493258748203,1.0,1.0,,,,,,
q,beta_x_noise,7,0.0,1000000.0,,1e-05,,,100,0.0002275080309577,0.000217894434908,1.0,1.0,,,,,,
q,beta_x_noise,7,0.0,1000000.0,,1e-05,,,500,0.0009904555074551,0.0005232734715989,1.0,1.0,,,,,,
q,beta_x_noise,0,0.0,1000000.0,,1e-05,,,100,0.0004328508038884,0.0004115765507795,1.0,1.0,,,,,,
q,beta_x_noise,0,0.0,1000000.0,,1e-05,,,500,0.001595985012321,0.0013335828752912,1.0,1.0,,,,,,
q,beta_x_noise,1,0.0,1000000.0,,1e-05,,,100,0.0006012549446119,0.0006012549446119,1.0,1.0,,,,,,
q,beta_x_noise,1,0.0,1000000.0,,1e-05,,,500,0.0038015815971901,0.0037852343436357,1.0,1.0,,,,,,
q,beta_x_noise,2,0.0,1000000.0,,1e-05,,,100,0.0003882795234965,0.000319317696436,1.0,1.0,,,,,,
q,beta_x_noise,2,0.0,1000000.0,,1e-05,,,500,0.0009607749535193,0.0006582564393561,1.0,1.0,,,,,,
q,beta_x_noise,3,0.0,1000000.0,,1e-05,,,100,0.0004829108719718,0.0003665428987963,1.0,1.0,,,,,,
q,beta_x_noise,3,0.0,1000000.0,,1e-05,,,500,0.001578067488936,0.0015662939525198,1.0,1.0,,,,,,
q,beta_x_noise,8,0.0,1000000.0,,1e-05,,,100,0.0002911676894039,0.0002772534142687,1.0,1.0,,,,,,
q,beta_x_noise,8,0.0,1000000.0,,1e-05,,,500,0.0039248123706081,0.0035720812893229,1.0,1.0,,,,,,
q,beta_x_noise,9,0.0,1000000.0,,1e-05,,,100,0.000895347008839,0.0008173522317687,1.0,1.0,,,,,,
q,beta_x_noise,9,0.0,1000000.0,,1e-05,,,500,0.0020624364855565,0.0017171187547881,1.0,1.0,,,,,,
q,beta_x_noise,10,0.0,1000000.0,,1e-05,,,100,0.0004987509347898,0.000422495986745,1.0,1.0,,,,,,
q,beta_x_noise,10,0.0,1000000.0,,1e-05,,,500,0.0012584926370369,0.0007124627194272,1.0,1.0,,,,,,
q,beta_x_noise,11,0.0,1000000.0,,1e-05,,,100,0.0003621868033252,0.0003083482024184,1.0,1.0,,,,,,
q,beta_x_noise,11,0.0,1000000.0,,1e-05,,,500,0.0017454441044064,0.0017216973092843,1.0,1.0,,,,,,
q,beta_x_noise,12,0.0,1000000.0,,1e-05,,,100,0.0005994285162895,0.0005994285162895,1.0,1.0,,,,,,
q,beta_x_noise,12,0.0,1000000.0,,1e-05,,,500,0.0049269847596149,0.0047682938079172,1.0,1.0,,,,,,
q,beta_x_noise,13,0.0,1000000.0,,1e-05,,,100,0.0003783770944619,0.0002517433364326,1.0,1.0,,,,,,
q,beta_x_noise,13,0.0,1000000.0,,1e-05,,,500,0.0020744081478261,0.0016521336863806,1.0,1.0,,,,,,
q,beta_x_noise,14,0.0,1000000.0,,1e-05,,,100,0.0004529750087394,0.0004239273368032,1.0,1.0,,,,,,
q,beta_x_noise,14,0.0,1000000.0,,1e-05,,,500,0.0007208531266353,0.0006196658367154,1.0,1.0,,,,,,
q,beta_x_noise,15,0.0,1000000.0,,1e-05,,,100,0.0004142132183221,0.0004142132183221,1.0,1.0,,,,,,
q,beta_x_noise,15,0.0,1000000.0,,1e-05,,,500,0.0011955048220908,0.0011955048220908,1.0,1.0,,,,,,
q,beta_x_noise,16,0.0,1000000.0,,1e-05,,,100,0.0004099452319314,0.0003673285573109,1.0,1.0,,,,,,
q,beta_x_noise,16,0.0,1000000.0,,1e-05,,,500,0.0035446725407224,0.0035446725407224,1.0,1.0,,,,,,
q,beta_x_noise,17,0.0,1000000.0,,1e-05,,,100,0.0004645271709596,0.0004645271709596,1.0,1.0,,,,,,
q,beta_x_noise,17,0.0,1000000.0,,1e-05,,,500,0.0037951361058934,0.0037951361058934,1.0,1.0,,,,,,
q,beta_x_noise,18,0.0,1000000.0,,1e-05,,,100,0.0005832465527422,0.0004340094199035,1.0,1.0,,,,,,
q,beta_x_noise,18,0.0,1000000.0,,1e-05,,,500,0.0020627854786465,0.0020277737077067,1.0,1.0,,,,,,
q,beta_x_noise,19,0.0,1000000.0,,1e-05,,,100,0.0003745154039308,0.0003703999930266,1.0,1.0,,,,,,
q,beta_x_noise,19,0.0,1000000.0,,1e-05,,,500,0.0031278809242758,0.0030322995987983,1.0,1.0,,,,,,
q,beta_x_noise,0,0.0,1000000.0,,0.0001,,,100,0.0043247633835956,0.0041115648914511,1.0,1.0,,,,,,
q,beta_x_noise,0,0.0,1000000.0,,0.0001,,,500,0.0159638951510827,0.0133391580496833,1.0,1.0,,,,,,
q,beta_x_noise,1,0.0,1000000.0,,0.0001,,,100,0.0059902263650644,0.0059902263650644,1.0,1.0,,,,,,
q,beta_x_noise,1,0.0,1000000.0,,0.0001,,,500,0.0379498483122722,0.0377224394036654,1.0,1.0,,,,,,
q,beta_x_noise,2,0.0,1000000.0,,0.0001,,,100,0.0038804829789183,0.0031804560277216,1.0,1.0,,,,,,
q,beta_x_noise,2,0.0,1000000.0,,0.0001,,,500,0.0095972401039978,0.0065914397605016,1.0,1.0,,,,,,
q,beta_x_noise,3,0.0,1000000.0,,0.0001,,,100,0.0048298979381908,0.0036657646454016,1.0,1.0,,,,,,
q,beta_x_noise,3,0.0,1000000.0,,0.0001,,,500,0.0157471981327071,0.0156325819421208,1.0,1.0,,,,,,
q,beta_x_noise,4,0.0,1000000.0,,0.0001,,,100,0.0029461882779856,0.0014601756038774,1.0,1.0,,,,,,
q,beta_x_noise,4,0.0,1000000.0,,0.0001,,,500,0.0051240105586747,0.0030452961187097,1.0,1.0,,,,,,
q,beta_x_noise,5,0.0,1000000.0,,0.0001,,,100,0.0041408183079676,0.0037343211805432,1.0,1.0,,,,,,
q,beta_x_noise,5,0.0,1000000.0,,0.0001,,,500,0.0104483957281189,0.0067577854121756,1.0,1.0,,,,,,
q,beta_x_noise,6,0.0,1000000.0,,0.0001,,,100,0.0051202450876937,0.0051202450876937,1.0,1.0,,,,,,
q,beta_x_noise,6,0.0,1000000.0,,0.0001,,,500,0.0292636478658909,0.0285183395966774,1.0,1.0,,,,,,
q,beta_x_noise,7,0.0,1000000.0,,0.0001,,,100,0.0022979670120559,0.0022019265529316,1.0,1.0,,,,,,
q,beta_x_noise,7,0.0,1000000.0,,0.0001,,,500,0.009892932271815,0.0051818315672198,1.0,1.0,,,,,,
q,beta_x_noise,8,0.0,1000000.0,,0.0001,,,100,0.0029219425153661,0.0027821345400561,1.0,1.0,,,,,,
q,beta_x_noise,8,0.0,1000000.0,,0.0001,,,500,0.0392498846877866,0.0357386112082998,1.0,1.0,,,,,,
q,beta_x_noise,9,0.0,1000000.0,,0.0001,,,100,0.0090569613883983,0.0082766184331346,1.0,1.0,,,,,,
q,beta_x_noise,9,0.0,1000000.0,,0.0001,,,500,0.0206415387000107,0.0171629930233683,1.0,1.0,,,,,,
q,beta_x_noise,10,0.0,1000000.0,,0.0001,,,100,0.0049831470145252,0.0042209397826389,1.0,1.0,,,,,,
q,beta_x_noise,10,0.0,1000000.0,,0.0001,,,500,0.0126444629804258,0.0071926486118285,1.0,1.0,,,,,,
q,beta_x_noise,11,0.0,1000000.0,,0.0001,,,100,0.0036201050900612,0.0030830453079215,1.0,1.0,,,,,,
q,beta_x_noise,11,0.0,1000000.0,,0.0001,,,500,0.0174421622961959,0.0172066928299805,1.0,1.0,,,,,,
q,beta_x_noise,12,0.0,1000000.0,,0.0001,,,100,0.0059821529674536,0.0059821529674536,1.0,1.0,,,,,,
q,beta_x_noise,12,0.0,1000000.0,,0.0001,,,500,0.0491851326649959,0.0476257272264686,1.0,1.0,,,,,,
q,beta_x_noise,13,0.0,1000000.0,,0.0001,,,100,0.0037773830541498,0.0025184113508398,1.0,1.0,,,,,,
q,beta_x_noise,13,0.0,1000000.0,,0.0001,,,500,0.0207010117447463,0.0164665413932525,1.0,1.0,,,,,,
q,beta_x_noise,14,0.0,1000000.0,,0.0001,,,100,0.0045276242716254,0.0042388630946761,1.0,1.0,,,,,,
q,beta_x_noise,14,0.0,1000000.0,,0.0001,,,500,0.0072056010997765,0.0061388667385345,1.0,1.0,,,,,,
q,beta_x_noise,15,0.0,1000000.0,,0.0001,,,100,0.0041421686070376,0.0041421686070376,1.0,1.0,,,,,,
q,beta_x_noise,15,0.0,1000000.0,,0.0001,,,500,0.011967489987398,0.011967489987398,1.0,1.0,,,,,,
q,beta_x_noise,16,0.0,1000000.0,,0.0001,,,100,0.0040973132403279,0.0036739501228083,1.0,1.0,,,,,,
q,beta_x_noise,16,0.0,1000000.0,,0.0001,,,500,0.0354487523961415,0.0354481856813064,1.0,1.0,,,,,,
q,beta_x_noise,17,0.0,1000000.0,,0.0001,,,100,0.0046504167103633,0.0046504167103633,1.0,1.0,,,,,,
q,beta_x_noise,17,0.0,1000000.0,,0.0001,,,500,0.0379652133690573,0.0379652133690573,1.0,1.0,,,,,,
q,beta_x_noise,18,0.0,1000000.0,,0.0001,,,100,0.0058410820924823,0.004352425241527,0.989492119089317,0.989247311827957,,,,,,
q,beta_x_noise,18,0.0,1000000.0,,0.0001,,,500,0.020603487679927,0.0202525800304309,0.997980477953551,0.9979716024340772,,,,,,
q,beta_x_noise,19,0.0,1000000.0,,0.0001,,,100,0.0037644007513999,0.0037198418847587,1.0,1.0,,,,,,
q,beta_x_noise,19,0.0,1000000.0,,0.0001,,,500,0.0312841110445498,0.0303268075769542,1.0,1.0,,,,,,
q,beta_x_noise,4,0.0,1000000.0,,0.001,,,100,0.0291671460074693,0.0145689006291834,1.0,1.0,,,,,,
q,beta_x_noise,4,0.0,1000000.0,,0.001,,,500,0.0513134481084387,0.0303809733762592,1.0,1.0,,,,,,
q,beta_x_noise,5,0.0,1000000.0,,0.001,,,100,0.0414867194930599,0.0373919470369919,1.0,1.0,,,,,,
q,beta_x_noise,5,0.0,1000000.0,,0.001,,,500,0.103970716926169,0.0671866467095214,1.0,1.0,,,,,,
q,beta_x_noise,6,0.0,1000000.0,,0.001,,,100,0.0511112696935314,0.0511112696935314,1.0,1.0,,,,,,
q,beta_x_noise,6,0.0,1000000.0,,0.001,,,500,0.2936961587365849,0.2860977942576195,1.0,1.0,,,,,,
q,beta_x_noise,7,0.0,1000000.0,,0.001,,,100,0.0236540467314687,0.0227228912386223,1.0,1.0,,,,,,
q,beta_x_noise,7,0.0,1000000.0,,0.001,,,500,0.0983997228094506,0.0512995555046464,1.0,1.0,,,,,,
q,beta_x_noise,0,0.0,1000000.0,,0.001,,,100,0.042990290925055,0.0408309791581193,1.0,1.0,,,,,,
q,beta_x_noise,0,0.0,1000000.0,,0.001,,,500,0.1591887807360545,0.133138174628547,1.0,1.0,,,,,,
q,beta_x_noise,1,0.0,1000000.0,,0.001,,,100,0.0591783795636571,0.0591783795636571,1.0,1.0,,,,,,
q,beta_x_noise,1,0.0,1000000.0,,0.001,,,500,0.3775720271604856,0.3765607908943962,1.0,1.0,,,,,,
q,beta_x_noise,2,0.0,1000000.0,,0.001,,,100,0.0386699091874369,0.031605432510609,1.0,1.0,,,,,,
q,beta_x_noise,2,0.0,1000000.0,,0.001,,,500,0.0964617720635186,0.0670796882543031,1.0,1.0,,,,,,
q,beta_x_noise,3,0.0,1000000.0,,0.001,,,100,0.0484641313726594,0.0367871773890184,0.9858657243816256,0.9893617021276596,,,,,,
q,beta_x_noise,3,0.0,1000000.0,,0.001,,,500,0.1566352809389992,0.1557995314368765,0.9973027646662171,0.9959514170040484,,,,,,
q,beta_x_noise,8,0.0,1000000.0,,0.001,,,100,0.0296197675124936,0.0283290894296913,1.0,1.0,,,,,,
q,beta_x_noise,8,0.0,1000000.0,,0.001,,,500,0.3934797356190405,0.358863139512769,1.0,1.0,,,,,,
q,beta_x_noise,9,0.0,1000000.0,,0.001,,,100,0.0906872991264129,0.0829177509095263,1.0,1.0,,,,,,
q,beta_x_noise,9,0.0,1000000.0,,0.001,,,500,0.2054222402693168,0.1712390366342966,1.0,1.0,,,,,,
q,beta_x_noise,10,0.0,1000000.0,,0.001,,,100,0.0500062462932455,0.0424183949026364,0.9893428063943162,0.9894736842105264,,,,,,
q,beta_x_noise,10,0.0,1000000.0,,0.001,,,500,0.1269676258377376,0.0715871125155853,0.9979750253121836,0.997979797979798,,,,,,
q,beta_x_noise,11,0.0,1000000.0,,0.001,,,100,0.035840730425716,0.0307901921977877,1.0,1.0,,,,,,
q,beta_x_noise,11,0.0,1000000.0,,0.001,,,500,0.1724574418993811,0.1703002695491802,1.0,1.0,,,,,,
q,beta_x_noise,12,0.0,1000000.0,,0.001,,,100,0.05878665973304,0.05878665973304,1.0,1.0,,,,,,
q,beta_x_noise,12,0.0,1000000.0,,0.001,,,500,0.4875458627281432,0.4708027332583383,1.0,1.0,,,,,,
q,beta_x_noise,13,0.0,1000000.0,,0.001,,,100,0.0380562468128812,0.0249908866540184,0.9776247848537004,0.9894736842105264,,,,,,
q,beta_x_noise,13,0.0,1000000.0,,0.001,,,500,0.2048481360234486,0.1624011708391741,0.995639047299564,0.997979797979798,,,,,,
q,beta_x_noise,14,0.0,1000000.0,,0.001,,,100,0.044772601481974,0.0420636485982943,0.9737302977232924,0.967741935483871,,,,,,
q,beta_x_noise,14,0.0,1000000.0,,0.001,,,500,0.0725021184926071,0.0616227600922559,0.9949511948838776,0.9939148073022313,,,,,,
q,beta_x_noise,15,0.0,1000000.0,,0.001,,,100,0.04150871891723,0.04150871891723,1.0,1.0,,,,,,
q,beta_x_noise,15,0.0,1000000.0,,0.001,,,500,0.1193566032460546,0.1193566032460546,1.0,1.0,,,,,,
q,beta_x_noise,16,0.0,1000000.0,,0.001,,,100,0.0408853932122893,0.0366483969366826,1.0,1.0,,,,,,
q,beta_x_noise,16,0.0,1000000.0,,0.001,,,500,0.3561260455070374,0.3556800255028443,1.0,1.0,,,,,,
q,beta_x_noise,17,0.0,1000000.0,,0.001,,,100,0.0466606724118145,0.0466606724118145,0.99645390070922,0.9893617021276596,,,,,,
q,beta_x_noise,17,0.0,1000000.0,,0.001,,,500,0.3806629645340984,0.3806629645340984,0.9993252361673416,0.9979757085020244,,,,,,
q,beta_x_noise,18,0.0,1000000.0,,0.001,,,100,0.0584762812746371,0.0437363172584568,0.9719789842381786,0.978494623655914,,,,,,
q,beta_x_noise,18,0.0,1000000.0,,0.001,,,500,0.2053630440050788,0.201785810014095,0.994614607876136,0.995943204868154,,,,,,
q,beta_x_noise,19,0.0,1000000.0,,0.001,,,100,0.0379286790281745,0.0371386810390883,1.0,1.0,,,,,,
q,beta_x_noise,19,0.0,1000000.0,,0.001,,,500,0.3119711409442813,0.3022504673690651,1.0,1.0,,,,,,
q,beta_x_noise,0,0.0,1000000.0,,0.01,,,100,0.4120199473982275,0.3876608548225827,0.9013840830449829,0.9361702127659576,,,,,,
q,beta_x_noise,0,0.0,1000000.0,,0.01,,,500,1.5493606038800023,1.3052173053921543,0.9583613163196776,0.9736842105263158,,,,,,
q,beta_x_noise,1,0.0,1000000.0,,0.01,,,100,0.5708297857945943,0.5708297857945943,0.8731343283582089,0.8602150537634409,,,,,,
q,beta_x_noise,1,0.0,1000000.0,,0.01,,,500,3.327421657169813,3.327421657169813,0.7942779291553134,0.7728194726166329,,,,,,
q,beta_x_noise,2,0.0,1000000.0,,0.01,,,100,0.3907402095759021,0.3128503939788996,0.948306595365419,1.0,,,,,,
q,beta_x_noise,2,0.0,1000000.0,,0.01,,,500,1.0326537000783245,0.8146655713567634,0.9902060114826072,1.0,,,,,,
q,beta_x_noise,3,0.0,1000000.0,,0.01,,,100,0.5036912653454111,0.3834959818618239,0.8091872791519434,0.851063829787234,,,,,,
q,beta_x_noise,3,0.0,1000000.0,,0.01,,,500,1.4879856672348426,1.4879856672348426,0.7666891436277815,0.7368421052631579,,,,,,
q,beta_x_noise,4,0.0,1000000.0,,0.01,,,100,0.2910266799892217,0.1545488845463491,0.9754816112084064,0.946236559139785,,,,,,
q,beta_x_noise,4,0.0,1000000.0,,0.01,,,500,0.49718064420804,0.2826652525418138,0.995287781891619,0.9898580121703854,,,,,,
q,beta_x_noise,5,0.0,1000000.0,,0.01,,,100,0.4171549720511945,0.3730223963401707,0.9930191972076788,0.9894736842105264,,,,,,
q,beta_x_noise,5,0.0,1000000.0,,0.01,,,500,0.964837699994994,0.6034331998032325,0.9525731584258323,0.9555555555555556,,,,,,
q,beta_x_noise,6,0.0,1000000.0,,0.01,,,100,0.5060321306784168,0.5060321306784168,0.84375,0.8829787234042553,,,,,,
q,beta_x_noise,6,0.0,1000000.0,,0.01,,,500,3.0372255573791573,2.947485473564918,0.95497311827957,0.9615384615384616,,,,,,
q,beta_x_noise,7,0.0,1000000.0,,0.01,,,100,0.24795975649554,0.2423455764708322,0.9775474956822108,0.967741935483871,,,,,,
q,beta_x_noise,7,0.0,1000000.0,,0.01,,,500,0.9519624997238972,0.4795642856157802,0.9848942598187312,0.9797160243407708,,,,,,
q,beta_x_noise,8,0.0,1000000.0,,0.01,,,100,0.3001341338793144,0.2998497493328802,0.9414893617021276,0.9782608695652174,,,,,,
q,beta_x_noise,8,0.0,1000000.0,,0.01,,,500,4.159024883162664,3.704289931930088,0.9888663967611336,0.9959349593495936,,,,,,
q,beta_x_noise,9,0.0,1000000.0,,0.01,,,100,0.8908098666911871,0.8165136657559177,0.9509632224168126,0.9456521739130436,,,,,,
q,beta_x_noise,9,0.0,1000000.0,,0.01,,,500,1.9537763941544808,1.6571902422970732,0.9902389767754964,0.9878048780487804,,,,,,
q,beta_x_noise,10,0.0,1000000.0,,0.01,,,100,0.5157568787209563,0.4432502924328447,0.8454706927175843,0.8736842105263158,,,,,,
q,beta_x_noise,10,0.0,1000000.0,,0.01,,,500,1.329592020206083,0.6826390080070941,0.9527505906176172,0.9676767676767676,,,,,,
q,beta_x_noise,11,0.0,1000000.0,,0.01,,,100,0.3272567369650926,0.284302296187036,0.7228260869565217,0.7157894736842105,,,,,,
q,beta_x_noise,11,0.0,1000000.0,,0.01,,,500,1.5387716167235057,1.5342741032582454,0.9437669376693768,0.9434343434343434,,,,,,
q,beta_x_noise,12,0.0,1000000.0,,0.01,,,100,0.519509023596552,0.5148583831382685,0.8042328042328042,0.8279569892473119,,,,,,
q,beta_x_noise,12,0.0,1000000.0,,0.01,,,500,3.673238089230019,3.646373088694457,0.3822042467138524,0.5050709939148073,,,,,,
q,beta_x_noise,13,0.0,1000000.0,,0.01,,,100,0.382108006217566,0.2518310194087414,0.9053356282271944,0.968421052631579,,,,,,
q,beta_x_noise,13,0.0,1000000.0,,0.01,,,500,1.839019965836428,1.44655282852665,0.981549815498155,0.993939393939394,,,,,,
q,beta_x_noise,14,0.0,1000000.0,,0.01,,,100,0.4295235582110473,0.413008347620759,0.8143607705779334,0.7634408602150538,,,,,,
q,beta_x_noise,14,0.0,1000000.0,,0.01,,,500,0.775543999562893,0.6220442796632873,0.9612924941097274,0.9553752535496958,,,,,,
q,beta_x_noise,15,0.0,1000000.0,,0.01,,,100,0.4296504194719498,0.4296504194719498,0.936842105263158,0.936842105263158,,,,,,
q,beta_x_noise,15,0.0,1000000.0,,0.01,,,500,1.128998252098957,1.128998252098957,0.9575757575757576,0.9474747474747476,,,,,,
q,beta_x_noise,16,0.0,1000000.0,,0.01,,,100,0.3878820875254065,0.346228043980766,0.9420035149384886,0.8829787234042553,,,,,,
q,beta_x_noise,16,0.0,1000000.0,,0.01,,,500,2.866028095154969,2.7009517764963973,0.6705961603233412,0.6295546558704453,,,,,,
q,beta_x_noise,17,0.0,1000000.0,,0.01,,,100,0.4777718763639135,0.4777718763639135,0.9397163120567376,0.9148936170212766,,,,,,
q,beta_x_noise,17,0.0,1000000.0,,0.01,,,500,3.2350913567114365,3.2258498886224416,0.8943994601889339,0.8461538461538461,,,,,,
q,beta_x_noise,18,0.0,1000000.0,,0.01,,,100,0.5822079029922165,0.4505363329622511,0.8476357267950964,0.8709677419354839,,,,,,
q,beta_x_noise,18,0.0,1000000.0,,0.01,,,500,2.05328423938085,2.05328423938085,0.9653315382026254,0.9655172413793104,,,,,,
q,beta_x_noise,19,0.0,1000000.0,,0.01,,,100,0.4029023192255632,0.3588998922853944,0.9194395796847636,0.9361702127659576,,,,,,
q,beta_x_noise,19,0.0,1000000.0,,0.01,,,500,3.018911237999248,2.9064280024540707,0.984516997643891,0.9878542510121456,,,,,,
q,beta_x_noise,0,0.0,1000000.0,,0.03,,,100,0.9593996112321156,0.8416576680054415,0.4913494809688581,0.5,,,,,,
q,beta_x_noise,0,0.0,1000000.0,,0.03,,,500,4.185140670530979,3.460424853758102,0.6840161182001343,0.6882591093117408,,,,,,
q,beta_x_noise,1,0.0,1000000.0,,0.03,,,100,1.3865328762104527,1.3865328762104527,0.3880597014925373,0.4623655913978494,,,,,,
q,beta_x_noise,1,0.0,1000000.0,,0.03,,,500,7.87102053042368,7.291884345691459,0.1161444141689373,0.2028397565922921,,,,,,
q,beta_x_noise,2,0.0,1000000.0,,0.03,,,100,1.2142583480832092,0.9124345520705912,0.8912655971479501,0.8817204301075269,,,,,,
q,beta_x_noise,2,0.0,1000000.0,,0.03,,,500,3.6593658927140646,3.493000499902225,0.8459979736575481,0.8620689655172413,,,,,,
q,beta_x_noise,3,0.0,1000000.0,,0.03,,,100,1.6340223289542486,1.2687122666727615,0.5918727915194346,0.6276595744680851,,,,,,
q,beta_x_noise,3,0.0,1000000.0,,0.03,,,500,4.075989008962911,4.075989008962911,0.3240053944706675,0.3238866396761133,,,,,,
q,beta_x_noise,4,0.0,1000000.0,,0.03,,,100,0.8153279693615408,0.5202142094554794,0.5674255691768827,0.5806451612903226,,,,,,
q,beta_x_noise,4,0.0,1000000.0,,0.03,,,500,1.5027795739785377,0.8776162588069115,0.8512285425782565,0.8417849898580122,,,,,,
q,beta_x_noise,5,0.0,1000000.0,,0.03,,,100,1.3655415268610245,1.2140957180575174,0.7678883071553229,0.6421052631578947,,,,,,
q,beta_x_noise,5,0.0,1000000.0,,0.03,,,500,1.9152693380628765,1.8661222452091468,0.5936764211234443,0.5818181818181818,,,,,,
q,beta_x_noise,6,0.0,1000000.0,,0.03,,,100,1.436449562374963,1.4171942975330971,0.5520833333333334,0.6276595744680851,,,,,,
q,beta_x_noise,6,0.0,1000000.0,,0.03,,,500,10.207890851758137,9.856042925505813,0.6878360215053764,0.7267206477732794,,,,,,
q,beta_x_noise,7,0.0,1000000.0,,0.03,,,100,0.8396555617748493,0.8396555617748493,0.7892918825561313,0.7849462365591398,,,,,,
q,beta_x_noise,7,0.0,1000000.0,,0.03,,,500,2.92857858670671,1.3987121663261102,0.8398791540785498,0.8113590263691683,,,,,,
q,beta_x_noise,8,0.0,1000000.0,,0.03,,,100,1.0654954136602082,1.0654954136602082,0.6329787234042553,0.7717391304347826,,,,,,
q,beta_x_noise,8,0.0,1000000.0,,0.03,,,500,14.1248457585127,11.66070341330543,0.8893387314439946,0.9369918699186992,,,,,,
q,beta_x_noise,9,0.0,1000000.0,,0.03,,,100,2.6689920679119106,2.363875599419228,0.8248686514886164,0.8152173913043478,,,,,,
q,beta_x_noise,9,0.0,1000000.0,,0.03,,,500,5.814177403275484,4.474228061952875,0.9299899023897678,0.9065040650406504,,,,,,
q,beta_x_noise,10,0.0,1000000.0,,0.03,,,100,1.6547814783938286,1.4614960640513426,0.4991119005328597,0.5684210526315789,,,,,,
q,beta_x_noise,10,0.0,1000000.0,,0.03,,,500,4.4887018796085085,2.0759082991773625,0.8278771515356058,0.8747474747474747,,,,,,
q,beta_x_noise,11,0.0,1000000.0,,0.03,,,100,0.824005481664692,0.7438140806665244,0.519927536231884,0.4736842105263157,,,,,,
q,beta_x_noise,11,0.0,1000000.0,,0.03,,,500,3.6633814271627134,3.6512511860646977,0.8045392953929539,0.7757575757575758,,,,,,
q,beta_x_noise,12,0.0,1000000.0,,0.03,,,100,1.1874914868321689,1.065054553102916,0.527336860670194,0.6236559139784946,,,,,,
q,beta_x_noise,12,0.0,1000000.0,,0.03,,,500,8.679644982292682,8.21741581481728,0.1290866194809572,0.306288032454361,,,,,,
q,beta_x_noise,13,0.0,1000000.0,,0.03,,,100,1.1537490006259048,0.7717094531026158,0.8244406196213425,0.8631578947368421,,,,,,
q,beta_x_noise,13,0.0,1000000.0,,0.03,,,500,3.692956550987994,2.9996585875755906,0.7245890640724589,0.6262626262626263,,,,,,
q,beta_x_noise,14,0.0,1000000.0,,0.03,,,100,1.3115625438180911,1.2410862287504234,0.6637478108581436,0.6451612903225806,,,,,,
q,beta_x_noise,14,0.0,1000000.0,,0.03,,,500,2.6885201974359463,2.008099302402225,0.8424772803769774,0.8681541582150102,,,,,,
q,beta_x_noise,15,0.0,1000000.0,,0.03,,,100,1.346484442150369,1.346484442150369,0.7842105263157895,0.7157894736842105,,,,,,
q,beta_x_noise,15,0.0,1000000.0,,0.03,,,500,3.569056371969325,1.9812587369531207,0.569023569023569,0.5777777777777777,,,,,,
q,beta_x_noise,16,0.0,1000000.0,,0.03,,,100,1.039144977435205,0.9076280399379846,0.7697715289982425,0.723404255319149,,,,,,
q,beta_x_noise,16,0.0,1000000.0,,0.03,,,500,5.929556139473933,5.730500210807295,0.3499494779386999,0.354251012145749,,,,,,
q,beta_x_noise,17,0.0,1000000.0,,0.03,,,100,1.5088436966562089,1.5088436966562089,0.8687943262411347,0.8191489361702128,,,,,,
q,beta_x_noise,17,0.0,1000000.0,,0.03,,,500,8.807390785490957,8.807390785490957,0.6069500674763832,0.631578947368421,,,,,,
q,beta_x_noise,18,0.0,1000000.0,,0.03,,,100,1.7588330473317897,1.4389689274851525,0.8108581436077058,0.8387096774193549,,,,,,
q,beta_x_noise,18,0.0,1000000.0,,0.03,,,500,6.69803515895691,6.69803515895691,0.7771794008751263,0.8316430020283976,,,,,,
q,beta_x_noise,19,0.0,1000000.0,,0.03,,,100,1.355119499040922,1.028933829116924,0.7758318739054291,0.8191489361702128,,,,,,
q,beta_x_noise,19,0.0,1000000.0,,0.03,,,500,8.725081764197736,7.773498983558953,0.9569168630090878,0.9635627530364372,,,,,,
q,beta_x_noise,0,0.0,1000000.0,,0.1,,,100,4.027462394536386,3.78414160005337,0.3477508650519031,0.3297872340425531,,,,,,
q,beta_x_noise,0,0.0,1000000.0,,0.1,,,500,272.2945447145883,142.77484345729002,0.332102081934184,0.3340080971659919,,,,,,
q,beta_x_noise,1,0.0,1000000.0,,0.1,,,100,8.272385364974298,8.272385364974298,0.2742537313432835,0.3870967741935484,,,,,,
q,beta_x_noise,1,0.0,1000000.0,,0.1,,,500,38.95227994819969,30.339693641532502,0.3957765667574932,0.3894523326572008,,,,,,
q,beta_x_noise,2,0.0,1000000.0,,0.1,,,100,4.26040485993805,2.71744038731205,0.6203208556149733,0.6451612903225806,,,,,,
q,beta_x_noise,2,0.0,1000000.0,,0.1,,,500,51.85473138105007,18.532664462208096,0.541033434650456,0.5456389452332657,,,,,,
q,beta_x_noise,3,0.0,1000000.0,,0.1,,,100,3.658940084352533,2.891416895440741,0.607773851590106,0.5531914893617021,,,,,,
q,beta_x_noise,3,0.0,1000000.0,,0.1,,,500,15.937046536552971,6.041884388751179,0.4669588671611598,0.4797570850202429,,,,,,
q,beta_x_noise,4,0.0,1000000.0,,0.1,,,100,3.9204778724183456,2.9847582613329173,0.3992994746059544,0.4731182795698925,,,,,,
q,beta_x_noise,4,0.0,1000000.0,,0.1,,,500,19.203376494348426,18.09955275056752,0.5119488387748233,0.5111561866125761,,,,,,
q,beta_x_noise,5,0.0,1000000.0,,0.1,,,100,9.068525176936983,8.500123092814825,0.5427574171029669,0.3578947368421052,,,,,,
q,beta_x_noise,5,0.0,1000000.0,,0.1,,,500,69.9765827689488,66.28488783145905,0.5284224688866465,0.4585858585858586,,,,,,
q,beta_x_noise,6,0.0,1000000.0,,0.1,,,100,3.067566763827003,2.771473354817971,0.4583333333333333,0.4787234042553192,,,,,,
q,beta_x_noise,6,0.0,1000000.0,,0.1,,,500,10.81169211871824,10.690085639104597,0.4371639784946236,0.4716599190283401,,,,,,
q,beta_x_noise,7,0.0,1000000.0,,0.1,,,100,3.5846483534761377,3.0905055749255257,0.5371329879101899,0.5483870967741935,,,,,,
q,beta_x_noise,7,0.0,1000000.0,,0.1,,,500,466.7557309221588,417.2807841817151,0.5790533736153072,0.59026369168357,,,,,,
q,beta_x_noise,16,0.0,1000000.0,,0.1,,,100,8.810440706530812,4.913835456390992,0.4868189806678383,0.4893617021276595,,,,,,
q,beta_x_noise,16,0.0,1000000.0,,0.1,,,500,22.485339553072308,6.480878323958113,0.2832603570225665,0.3704453441295546,,,,,,
q,beta_x_noise,17,0.0,1000000.0,,0.1,,,100,10.769817505994975,10.394835754052163,0.6170212765957447,0.6276595744680851,,,,,,
q,beta_x_noise,17,0.0,1000000.0,,0.1,,,500,130.25937360136982,49.9728053500052,0.2557354925775978,0.4170040485829959,,,,,,
q,beta_x_noise,18,0.0,1000000.0,,0.1,,,100,5.437517561001178,4.526560981502373,0.6882661996497373,0.6774193548387096,,,,,,
q,beta_x_noise,18,0.0,1000000.0,,0.1,,,500,13.435760453767442,10.640921136653851,0.3951531470885224,0.4077079107505071,,,,,,
q,beta_x_noise,19,0.0,1000000.0,,0.1,,,100,12.964541905555464,12.964541905555464,0.5919439579684763,0.648936170212766,,,,,,
q,beta_x_noise,19,0.0,1000000.0,,0.1,,,500,133.286549074859,33.83213371612496,0.581622349377314,0.5809716599190283,,,,,,
q,beta_x_noise,8,0.0,1000000.0,,0.1,,,100,3.2749060129207663,2.0433925919688973,0.5531914893617021,0.6739130434782609,,,,,,
q,beta_x_noise,8,0.0,1000000.0,,0.1,,,500,186.63858056720025,145.58567361352794,0.5067476383265856,0.5386178861788617,,,,,,
q,beta_x_noise,9,0.0,1000000.0,,0.1,,,100,9.543897450955232,7.069459684607067,0.6987740805604203,0.6521739130434783,,,,,,
q,beta_x_noise,9,0.0,1000000.0,,0.1,,,500,214.0365494411076,161.10030098378394,0.5008414675193538,0.4756097560975609,,,,,,
q,beta_x_noise,10,0.0,1000000.0,,0.1,,,100,3.1375853232315274,1.8455319261051848,0.3712255772646536,0.4,,,,,,
q,beta_x_noise,10,0.0,1000000.0,,0.1,,,500,15.56341286792375,8.601894930384947,0.4184947688153898,0.4363636363636363,,,,,,
q,beta_x_noise,11,0.0,1000000.0,,0.1,,,100,7.098400312756432,5.508042935114208,0.2010869565217391,0.2736842105263158,,,,,,
q,beta_x_noise,11,0.0,1000000.0,,0.1,,,500,259.1298903837056,75.66909726561518,0.3468834688346883,0.3535353535353535,,,,,,
q,beta_x_noise,12,0.0,1000000.0,,0.1,,,100,6.226758664589951,6.142448270212073,0.2645502645502645,0.3440860215053763,,,,,,
q,beta_x_noise,12,0.0,1000000.0,,0.1,,,500,46.90729012412799,45.24159818990943,0.2275025278058645,0.3306288032454361,,,,,,
q,beta_x_noise,13,0.0,1000000.0,,0.1,,,100,2.9452169518549383,1.2547413741993902,0.7934595524956971,0.7684210526315789,,,,,,
q,beta_x_noise,13,0.0,1000000.0,,0.1,,,500,17.20778448914033,10.628487710511914,0.527339818852734,0.5111111111111111,,,,,,
q,beta_x_noise,14,0.0,1000000.0,,0.1,,,100,5.894621163254582,5.591042652601847,0.3957968476357268,0.4193548387096774,,,,,,
q,beta_x_noise,14,0.0,1000000.0,,0.1,,,500,163.3442636321187,156.929919905791,0.4274654998317065,0.3914807302231237,,,,,,
q,beta_x_noise,15,0.0,1000000.0,,0.1,,,100,4.491120207350652,4.362215806789098,0.512280701754386,0.4421052631578947,,,,,,
q,beta_x_noise,15,0.0,1000000.0,,0.1,,,500,154.2002032898149,74.90988175013447,0.5094276094276095,0.501010101010101,,,,,,
q,beta_x_noise,0,0.0,1000000.0,,0.3,,,100,2762.89589270509,786.7948698292896,0.3875432525951557,0.3085106382978723,,,,,,
q,beta_x_noise,0,0.0,1000000.0,,0.3,,,500,626087179.3850021,214483259.7978243,0.3992612491605104,0.3562753036437247,,,,,,
q,beta_x_noise,1,0.0,1000000.0,,0.3,,,100,90.9061447386909,41.158224281853336,0.3694029850746269,0.3225806451612903,,,,,,
q,beta_x_noise,1,0.0,1000000.0,,0.3,,,500,1086286.1904318514,1086286.1904318514,0.3188010899182561,0.3488843813387424,,,,,,
q,beta_x_noise,2,0.0,1000000.0,,0.3,,,100,126.42240122765338,79.77362028635487,0.3404634581105169,0.3440860215053763,,,,,,
q,beta_x_noise,2,0.0,1000000.0,,0.3,,,500,45644.41315519934,2949.533589206731,0.3600135089496791,0.3813387423935091,,,,,,
q,beta_x_noise,3,0.0,1000000.0,,0.3,,,100,373.1164720143648,40.81353628986472,0.323321554770318,0.4042553191489361,,,,,,
q,beta_x_noise,3,0.0,1000000.0,,0.3,,,500,633668.2571925126,29839.92093605699,0.3654753877275792,0.3947368421052631,,,,,,
q,beta_x_noise,4,0.0,1000000.0,,0.3,,,100,72.73713174828822,72.73713174828822,0.3537653239929947,0.3978494623655914,,,,,,
q,beta_x_noise,4,0.0,1000000.0,,0.3,,,500,6784.0292840546535,6568.365032571849,0.4072702793672164,0.3955375253549695,,,,,,
q,beta_x_noise,5,0.0,1000000.0,,0.3,,,100,422.52226789249977,26.852348294843907,0.3560209424083769,0.2736842105263158,,,,,,
q,beta_x_noise,5,0.0,1000000.0,,0.3,,,500,2012255.661264655,1655473.970072596,0.3676421123444332,0.3515151515151515,,,,,,
q,beta_x_noise,6,0.0,1000000.0,,0.3,,,100,108.3919052143106,47.72220407370445,0.4305555555555556,0.5638297872340425,,,,,,
q,beta_x_noise,6,0.0,1000000.0,,0.3,,,500,690.9700076878097,398.8858008813171,0.4200268817204301,0.3987854251012145,,,,,,
q,beta_x_noise,7,0.0,1000000.0,,0.3,,,100,57.89463927054069,37.82972900682123,0.3765112262521589,0.3870967741935484,,,,,,
q,beta_x_noise,7,0.0,1000000.0,,0.3,,,500,70173.532421968,16168.781403270128,0.3689157435381,0.3651115618661257,,,,,,
q,beta_x_dim,0,0.475488624112919,10.0,,,32.0,,100,inf,inf,0.3391003460207612,0.2978723404255319,,,,,,
q,beta_x_dim,0,0.475488624112919,10.0,,,32.0,,500,inf,inf,0.3344526527871054,0.3279352226720647,,,,,,
q,beta_x_dim,1,0.4081277900492999,10.0,,,32.0,,100,inf,inf,0.7126865671641791,0.7956989247311828,,,,,,
q,beta_x_dim,1,0.4081277900492999,10.0,,,32.0,,500,inf,inf,0.6750681198910081,0.7261663286004056,,,,,,
q,beta_x_dim,2,0.4730093470080129,10.0,,,32.0,,100,inf,inf,0.4937611408199643,0.5698924731182796,,,,,,
q,beta_x_dim,2,0.4730093470080129,10.0,,,32.0,,500,inf,inf,0.4988179669030733,0.5152129817444219,,,,,,
q,beta_x_dim,3,0.4466934199958885,10.0,,,32.0,,100,inf,inf,0.6148409893992933,0.7659574468085106,,,,,,
q,beta_x_dim,3,0.4466934199958885,10.0,,,32.0,,500,inf,inf,0.6561024949426838,0.7368421052631579,,,,,,
q,beta_x_noise,8,0.0,1000000.0,,0.3,,,100,88.86496732196589,12.335179474781716,0.3492907801418439,0.4239130434782608,,,,,,
q,beta_x_noise,8,0.0,1000000.0,,0.3,,,500,54444.03616389924,4949.885685107048,0.3178137651821862,0.3617886178861789,,,,,,
q,beta_x_noise,9,0.0,1000000.0,,0.3,,,100,100.69638757699424,26.156840436934143,0.3555166374781086,0.3152173913043478,,,,,,
q,beta_x_noise,9,0.0,1000000.0,,0.3,,,500,3344.146474139752,401.40263801935833,0.3453382699427802,0.3394308943089431,,,,,,
q,beta_x_noise,10,0.0,1000000.0,,0.3,,,100,3512.03063407079,3040.744677858469,0.4298401420959147,0.4105263157894737,,,,,,
q,beta_x_noise,10,0.0,1000000.0,,0.3,,,500,403427911.444364,83307924.60151187,0.3648329395882551,0.3414141414141414,,,,,,
q,beta_x_noise,11,0.0,1000000.0,,0.3,,,100,507.07135989570907,195.5266164149783,0.3115942028985507,0.3052631578947368,,,,,,
q,beta_x_noise,11,0.0,1000000.0,,0.3,,,500,44957.15506766176,44957.15506766176,0.3485772357723577,0.3292929292929293,,,,,,
q,beta_x_noise,12,0.0,1000000.0,,0.3,,,100,326.97817875110013,260.5939749692108,0.3544973544973545,0.2688172043010752,,,,,,
q,beta_x_noise,12,0.0,1000000.0,,0.3,,,500,16973.01976108862,763.4038714619147,0.3761375126390293,0.3306288032454361,,,,,,
q,beta_x_noise,13,0.0,1000000.0,,0.3,,,100,1392.104776210436,1392.104776210436,0.387263339070568,0.4631578947368421,,,,,,
q,beta_x_noise,13,0.0,1000000.0,,0.3,,,500,92186.74417286142,66597.83568190166,0.3941630325394163,0.4343434343434343,,,,,,
q,beta_x_noise,14,0.0,1000000.0,,0.3,,,100,57.30218532640151,21.19002924024675,0.3345008756567426,0.3440860215053763,,,,,,
q,beta_x_noise,14,0.0,1000000.0,,0.3,,,500,8811484.363545062,3824873.0065850792,0.3608212722988893,0.3346855983772819,,,,,,
q,beta_x_noise,15,0.0,1000000.0,,0.3,,,100,97.659143331657,25.193147213136648,0.356140350877193,0.3789473684210526,,,,,,
q,beta_x_noise,15,0.0,1000000.0,,0.3,,,500,74668.00899713274,6767.060414401391,0.3235690235690235,0.3232323232323232,,,,,,
q,beta_x_noise,16,0.0,1000000.0,,0.3,,,100,18.867953428017724,18.867953428017724,0.383128295254833,0.4574468085106383,,,,,,
q,beta_x_noise,16,0.0,1000000.0,,0.3,,,500,609.2758197173999,9.262745651302575,0.3937352643987875,0.4149797570850202,,,,,,
q,beta_x_noise,17,0.0,1000000.0,,0.3,,,100,29.04860232588745,29.04860232588745,0.3475177304964539,0.4361702127659574,,,,,,
q,beta_x_noise,17,0.0,1000000.0,,0.3,,,500,250978.82312292908,11023.96564210132,0.349527665317139,0.3663967611336032,,,,,,
q,beta_x_noise,18,0.0,1000000.0,,0.3,,,100,159.4777909799615,82.0597381159822,0.3502626970227671,0.3333333333333333,,,,,,
q,beta_x_noise,18,0.0,1000000.0,,0.3,,,500,296.06938934273427,51.36974317737712,0.3365870077415012,0.3123732251521298,,,,,,
q,beta_x_noise,19,0.0,1000000.0,,0.3,,,100,31.65922002247961,29.34640610403059,0.3747810858143607,0.351063829787234,,,,,,
q,beta_x_noise,19,0.0,1000000.0,,0.3,,,500,3179.5768214457603,38.48934809976073,0.3450016829350387,0.3684210526315789,,,,,,
q,beta_x_dim,4,0.5533154376476055,10.0,,,32.0,,100,inf,inf,0.6427320490367776,0.4731182795698925,,,,,,
q,beta_x_dim,4,0.5533154376476055,10.0,,,32.0,,500,inf,inf,0.6620666442275328,0.5233265720081136,,,,,,
q,beta_x_dim,5,0.3734272198299829,10.0,,,32.0,,100,inf,inf,0.6404886561954625,0.7052631578947368,,,,,,
q,beta_x_dim,5,0.3734272198299829,10.0,,,32.0,,500,inf,inf,0.6616212579885637,0.6606060606060606,,,,,,
q,beta_x_dim,6,0.4297836233635966,10.0,,,32.0,,100,inf,inf,0.9652777777777778,0.9574468085106383,,,,,,
q,beta_x_dim,6,0.4297836233635966,10.0,,,32.0,,500,inf,inf,0.9932795698924732,0.9919028340080972,,,,,,
q,beta_x_dim,7,0.4400890544880544,10.0,,,32.0,,100,inf,inf,0.7564766839378239,0.5913978494623656,,,,,,
q,beta_x_dim,7,0.4400890544880544,10.0,,,32.0,,500,inf,inf,0.818395434709634,0.7018255578093306,,,,,,
q,beta_x_dim,8,0.4385564417708694,10.0,,,32.0,,100,inf,inf,0.6329787234042553,0.7391304347826086,,,,,,
q,beta_x_dim,8,0.4385564417708694,10.0,,,32.0,,500,inf,inf,0.6602564102564102,0.7235772357723578,,,,,,
q,beta_x_dim,9,0.4168672354707817,10.0,,,32.0,,100,inf,inf,0.6952714535901926,0.7282608695652174,,,,,,
q,beta_x_dim,9,0.4168672354707817,10.0,,,32.0,,500,inf,inf,0.6721642544597779,0.6951219512195121,,,,,,
q,beta_x_dim,10,0.4462354434217582,10.0,,,32.0,,100,inf,inf,0.7442273534635879,0.7263157894736842,,,,,,
q,beta_x_dim,10,0.4462354434217582,10.0,,,32.0,,500,inf,inf,0.8164022949713129,0.7898989898989899,,,,,,
q,beta_x_dim,11,0.3453439906042841,10.0,,,32.0,,100,inf,inf,0.6123188405797102,0.6,,,,,,
q,beta_x_dim,11,0.3453439906042841,10.0,,,32.0,,500,inf,inf,0.6565040650406504,0.5797979797979798,,,,,,
q,beta_x_dim,12,0.5218634903299535,10.0,,,32.0,,100,inf,inf,0.8042328042328042,0.6989247311827957,,,,,,
q,beta_x_dim,12,0.5218634903299535,10.0,,,32.0,,500,inf,inf,0.8277721604314122,0.6815415821501014,,,,,,
q,beta_x_dim,13,0.4206226488705533,10.0,,,32.0,,100,inf,inf,0.7865748709122203,0.9473684210526316,,,,,,
q,beta_x_dim,13,0.4206226488705533,10.0,,,32.0,,500,inf,inf,0.8175109023817511,0.9171717171717172,,,,,,
q,beta_x_dim,14,0.4990514455594063,10.0,,,32.0,,100,inf,inf,0.4430823117338003,0.4946236559139785,,,,,,
q,beta_x_dim,14,0.4990514455594063,10.0,,,32.0,,500,inf,inf,0.3544261191518007,0.3022312373225152,,,,,,
q,beta_x_dim,15,0.4726710863089248,10.0,,,32.0,,100,inf,inf,0.6368421052631579,0.5473684210526316,,,,,,
q,beta_x_dim,15,0.4726710863089248,10.0,,,32.0,,500,inf,inf,0.6609427609427609,0.6565656565656566,,,,,,
q,beta_x_dim,16,0.4514587337877777,10.0,,,32.0,,100,inf,inf,0.945518453427065,0.9680851063829788,,,,,,
q,beta_x_dim,16,0.4514587337877777,10.0,,,32.0,,500,inf,inf,0.9895587739979792,0.9939271255060728,,,,,,
q,beta_x_dim,17,0.4502359836938825,10.0,,,32.0,,100,inf,inf,0.8031914893617021,0.8191489361702128,,,,,,
q,beta_x_dim,17,0.4502359836938825,10.0,,,32.0,,500,inf,inf,0.6926450742240216,0.7732793522267206,,,,,,
q,beta_x_dim,18,0.5626601659757056,10.0,,,32.0,,100,inf,inf,0.5026269702276708,0.5376344086021505,,,,,,
q,beta_x_dim,18,0.5626601659757056,10.0,,,32.0,,500,inf,inf,0.5005048805116122,0.5557809330628803,,,,,,
q,beta_x_dim,19,0.4107705136378998,10.0,,,32.0,,100,inf,inf,0.9632224168126094,0.946808510638298,,,,,,
q,beta_x_dim,19,0.4107705136378998,10.0,,,32.0,,500,inf,inf,0.9929316728374284,0.9898785425101214,,,,,,
q,beta_x_dim,0,0.3221759901052828,10.0,,,64.0,,100,inf,inf,0.356401384083045,0.3085106382978723,,,,,,
q,beta_x_dim,0,0.3221759901052828,10.0,,,64.0,,500,inf,inf,0.3378106111484217,0.3299595141700405,,,,,,
q,beta_x_dim,1,0.2955807837596712,10.0,,,64.0,,100,inf,inf,0.7089552238805971,0.7849462365591398,,,,,,
q,beta_x_dim,1,0.2955807837596712,10.0,,,64.0,,500,inf,inf,0.6743869209809265,0.7241379310344828,,,,,,
q,beta_x_dim,2,0.3180382777636512,10.0,,,64.0,,100,inf,inf,0.5080213903743316,0.5698924731182796,,,,,,
q,beta_x_dim,2,0.3180382777636512,10.0,,,64.0,,500,inf,inf,0.5015197568389058,0.5152129817444219,,,,,,
q,beta_x_dim,3,0.3669287418772428,10.0,,,64.0,,100,inf,inf,0.6007067137809188,0.7659574468085106,,,,,,
q,beta_x_dim,3,0.3669287418772428,10.0,,,64.0,,500,inf,inf,0.6534052596089008,0.7368421052631579,,,,,,
q,beta_x_dim,4,0.4116536270898129,10.0,,,64.0,,100,inf,inf,0.649737302977233,0.4946236559139785,,,,,,
q,beta_x_dim,4,0.4116536270898129,10.0,,,64.0,,500,inf,inf,0.6634129922584988,0.5273833671399595,,,,,,
q,beta_x_dim,5,0.2934330069333181,10.0,,,64.0,,100,inf,inf,0.6178010471204188,0.6842105263157895,,,,,,
q,beta_x_dim,5,0.2934330069333181,10.0,,,64.0,,500,inf,inf,0.6572485704675411,0.6565656565656566,,,,,,
q,beta_x_dim,6,0.4216337928389128,10.0,,,64.0,,100,inf,inf,0.9618055555555556,1.0,,,,,,
q,beta_x_dim,6,0.4216337928389128,10.0,,,64.0,,500,inf,inf,0.9926075268817204,1.0,,,,,,
q,beta_x_dim,7,0.348135709032997,10.0,,,64.0,,100,inf,inf,0.7495682210708118,0.6021505376344086,,,,,,
q,beta_x_dim,7,0.348135709032997,10.0,,,64.0,,500,inf,inf,0.8170527022490769,0.7038539553752535,,,,,,
q,beta_x_dim,8,0.3115759651311149,10.0,,,64.0,,100,inf,inf,0.6542553191489362,0.75,,,,,,
q,beta_x_dim,8,0.3115759651311149,10.0,,,64.0,,500,inf,inf,0.6643049932523617,0.725609756097561,,,,,,
q,beta_x_dim,9,0.3456124348675807,10.0,,,64.0,,100,inf,inf,0.6725043782837128,0.7391304347826086,,,,,,
q,beta_x_dim,9,0.3456124348675807,10.0,,,64.0,,500,inf,inf,0.6677886233591384,0.6971544715447154,,,,,,
q,beta_x_dim,10,0.378879289575792,10.0,,,64.0,,100,inf,inf,0.7353463587921847,0.7473684210526316,,,,,,
q,beta_x_dim,10,0.378879289575792,10.0,,,64.0,,500,inf,inf,0.8147148160647992,0.793939393939394,,,,,,
q,beta_x_dim,11,0.3274053988382884,10.0,,,64.0,,100,inf,inf,0.6286231884057971,0.6105263157894737,,,,,,
q,beta_x_dim,11,0.3274053988382884,10.0,,,64.0,,500,inf,inf,0.6595528455284553,0.5818181818181818,,,,,,
q,beta_x_dim,12,0.3764796768453319,10.0,,,64.0,,100,inf,inf,0.8059964726631393,0.6881720430107527,,,,,,
q,beta_x_dim,12,0.3764796768453319,10.0,,,64.0,,500,inf,inf,0.8281092012133469,0.6795131845841785,,,,,,
q,beta_x_dim,13,0.3272847901693679,10.0,,,64.0,,100,inf,inf,0.7728055077452668,0.936842105263158,,,,,,
q,beta_x_dim,13,0.3272847901693679,10.0,,,64.0,,500,inf,inf,0.8148272391814827,0.9151515151515152,,,,,,
q,beta_x_dim,14,0.3264379164132335,10.0,,,64.0,,100,inf,inf,0.4851138353765324,0.4623655913978494,,,,,,
q,beta_x_dim,14,0.3264379164132335,10.0,,,64.0,,500,inf,inf,0.3625042073375967,0.2961460446247465,,,,,,
q,beta_x_dim,15,0.3124018770445692,10.0,,,64.0,,100,inf,inf,0.624561403508772,0.5578947368421052,,,,,,
q,beta_x_dim,15,0.3124018770445692,10.0,,,64.0,,500,inf,inf,0.6585858585858586,0.6585858585858586,,,,,,
q,beta_x_dim,16,0.3106442961881303,10.0,,,64.0,,100,inf,inf,0.9244288224956064,0.946808510638298,,,,,,
q,beta_x_dim,16,0.3106442961881303,10.0,,,64.0,,500,inf,inf,0.985517009093971,0.9898785425101214,,,,,,
q,beta_x_dim,17,0.3375870917971322,10.0,,,64.0,,100,inf,inf,0.7943262411347518,0.8297872340425532,,,,,,
q,beta_x_dim,17,0.3375870917971322,10.0,,,64.0,,500,inf,inf,0.6909581646423751,0.7753036437246964,,,,,,
q,beta_x_dim,18,0.3627706335134446,10.0,,,64.0,,100,inf,inf,0.4973730297723292,0.5376344086021505,,,,,,
q,beta_x_dim,18,0.3627706335134446,10.0,,,64.0,,500,inf,inf,0.4994951194883877,0.5557809330628803,,,,,,
q,beta_x_dim,19,0.2719782442600281,10.0,,,64.0,,100,inf,inf,0.9334500875656744,0.9680851063829788,,,,,,
q,beta_x_dim,19,0.2719782442600281,10.0,,,64.0,,500,inf,inf,0.987209693705823,0.9939271255060728,,,,,,
q,beta_x_dim,0,0.2769788139980297,10.0,,,128.0,,100,inf,inf,0.3719723183391003,0.2978723404255319,,,,,,
q,beta_x_dim,0,0.2769788139980297,10.0,,,128.0,,500,inf,inf,0.3408327736736064,0.3279352226720647,,,,,,
q,beta_x_dim,1,0.2437982963519862,10.0,,,128.0,,100,inf,inf,0.7052238805970149,0.7956989247311828,,,,,,
q,beta_x_dim,1,0.2437982963519862,10.0,,,128.0,,500,inf,inf,0.6737057220708447,0.7261663286004056,,,,,,
q,beta_x_dim,2,0.2433973032733596,10.0,,,128.0,,100,inf,inf,0.499108734402852,0.5913978494623656,,,,,,
q,beta_x_dim,2,0.2433973032733596,10.0,,,128.0,,500,inf,inf,0.4998311381290105,0.5192697768762677,,,,,,
q,beta_x_dim,3,0.2265935165248834,10.0,,,128.0,,100,inf,inf,0.6024734982332155,0.7340425531914894,,,,,,
q,beta_x_dim,3,0.2265935165248834,10.0,,,128.0,,500,inf,inf,0.6537424140256237,0.7307692307692307,,,,,,
q,beta_x_dim,4,0.2463705230170547,10.0,,,128.0,,100,inf,inf,0.6532399299474606,0.5268817204301075,,,,,,
q,beta_x_dim,4,0.2463705230170547,10.0,,,128.0,,500,inf,inf,0.6640861662739819,0.5334685598377282,,,,,,
q,beta_x_dim,5,0.2007125177184121,10.0,,,128.0,,100,inf,inf,0.5706806282722513,0.6842105263157895,,,,,,
q,beta_x_dim,5,0.2007125177184121,10.0,,,128.0,,500,inf,inf,0.6481668348469559,0.6565656565656566,,,,,,
q,beta_x_dim,6,0.2719857913570569,10.0,,,128.0,,100,inf,inf,0.9704861111111112,0.9893617021276596,,,,,,
q,beta_x_dim,6,0.2719857913570569,10.0,,,128.0,,500,inf,inf,0.994287634408602,0.9979757085020244,,,,,,
q,beta_x_dim,7,0.2114275672740672,10.0,,,128.0,,100,inf,inf,0.7288428324697754,0.6129032258064516,,,,,,
q,beta_x_dim,7,0.2114275672740672,10.0,,,128.0,,500,inf,inf,0.8130245048674052,0.7058823529411765,,,,,,
q,beta_x_dim,8,0.2149741897036,10.0,,,128.0,,100,inf,inf,0.650709219858156,0.75,,,,,,
q,beta_x_dim,8,0.2149741897036,10.0,,,128.0,,500,inf,inf,0.6636302294197031,0.725609756097561,,,,,,
q,beta_x_dim,9,0.2567751353259747,10.0,,,128.0,,100,inf,inf,0.6549912434325744,0.717391304347826,,,,,,
q,beta_x_dim,9,0.2567751353259747,10.0,,,128.0,,500,inf,inf,0.6644227532817233,0.693089430894309,,,,,,
q,beta_x_dim,10,0.2486463417142581,10.0,,,128.0,,100,inf,inf,0.7531083481349912,0.7368421052631579,,,,,,
q,beta_x_dim,10,0.2486463417142581,10.0,,,128.0,,500,inf,inf,0.8180897738778266,0.7919191919191919,,,,,,
q,beta_x_dim,11,0.1974217867761011,10.0,,,128.0,,100,inf,inf,0.6231884057971014,0.6105263157894737,,,,,,
q,beta_x_dim,11,0.1974217867761011,10.0,,,128.0,,500,inf,inf,0.6585365853658537,0.5818181818181818,,,,,,
q,beta_x_dim,12,0.2230611143413504,10.0,,,128.0,,100,inf,inf,0.763668430335097,0.6881720430107527,,,,,,
q,beta_x_dim,12,0.2230611143413504,10.0,,,128.0,,500,inf,inf,0.8200202224469161,0.6795131845841785,,,,,,
q,beta_x_dim,13,0.2868358576336272,10.0,,,128.0,,100,inf,inf,0.7728055077452668,0.9473684210526316,,,,,,
q,beta_x_dim,13,0.2868358576336272,10.0,,,128.0,,500,inf,inf,0.8148272391814827,0.9171717171717172,,,,,,
q,beta_x_dim,14,0.260450112016454,10.0,,,128.0,,100,inf,inf,0.457092819614711,0.4516129032258064,,,,,,
q,beta_x_dim,14,0.260450112016454,10.0,,,128.0,,500,inf,inf,0.3571188152137327,0.2941176470588235,,,,,,
q,beta_x_dim,15,0.2108225834473612,10.0,,,128.0,,100,inf,inf,0.6210526315789474,0.5368421052631579,,,,,,
q,beta_x_dim,15,0.2108225834473612,10.0,,,128.0,,500,inf,inf,0.6579124579124579,0.6545454545454545,,,,,,
q,beta_x_dim,16,0.2383339427238416,10.0,,,128.0,,100,inf,inf,0.8963093145869947,0.9574468085106383,,,,,,
q,beta_x_dim,16,0.2383339427238416,10.0,,,128.0,,500,inf,inf,0.9801279892219602,0.9919028340080972,,,,,,
q,beta_x_dim,17,0.1810992779347456,10.0,,,128.0,,100,inf,inf,0.7943262411347518,0.8085106382978723,,,,,,
q,beta_x_dim,17,0.1810992779347456,10.0,,,128.0,,500,inf,inf,0.6909581646423751,0.771255060728745,,,,,,
q,beta_x_dim,18,0.3105319741536367,10.0,,,128.0,,100,inf,inf,0.5061295971978984,0.5376344086021505,,,,,,
q,beta_x_dim,18,0.3105319741536367,10.0,,,128.0,,500,inf,inf,0.5011780545270953,0.5557809330628803,,,,,,
q,beta_x_dim,19,0.1828295288710636,10.0,,,128.0,,100,inf,inf,0.9001751313485113,0.9787234042553192,,,,,,
q,beta_x_dim,19,0.1828295288710636,10.0,,,128.0,,500,inf,inf,0.9808145405587344,0.9959514170040484,,,,,,
q,beta_x_dim,0,0.1561151590110898,10.0,,,256.0,,100,inf,inf,0.370242214532872,0.3404255319148936,,,,,,
q,beta_x_dim,0,0.1561151590110898,10.0,,,256.0,,500,inf,inf,0.3404969778374748,0.3360323886639676,,,,,,
q,beta_x_dim,1,0.1544549162417507,10.0,,,256.0,,100,inf,inf,0.7033582089552238,0.7741935483870968,,,,,,
q,beta_x_dim,1,0.1544549162417507,10.0,,,256.0,,500,inf,inf,0.6733651226158038,0.7221095334685599,,,,,,
q,beta_x_dim,2,0.1611444428630177,10.0,,,256.0,,100,inf,inf,0.5187165775401069,0.5591397849462365,,,,,,
q,beta_x_dim,2,0.1611444428630177,10.0,,,256.0,,500,inf,inf,0.5035460992907801,0.513184584178499,,,,,,
q,beta_x_dim,3,0.1386638649939305,10.0,,,256.0,,100,inf,inf,0.5706713780918727,0.7127659574468085,,,,,,
q,beta_x_dim,3,0.1386638649939305,10.0,,,256.0,,500,inf,inf,0.6476736345246122,0.7267206477732794,,,,,,
q,beta_x_dim,4,0.2199032936958288,10.0,,,256.0,,100,inf,inf,0.6094570928196147,0.5483870967741935,,,,,,
q,beta_x_dim,4,0.2199032936958288,10.0,,,256.0,,500,inf,inf,0.6556714910804443,0.537525354969574,,,,,,
q,beta_x_dim,5,0.1706797529091717,10.0,,,256.0,,100,inf,inf,0.6160558464223386,0.6526315789473685,,,,,,
q,beta_x_dim,5,0.1706797529091717,10.0,,,256.0,,500,inf,inf,0.656912209889001,0.6505050505050505,,,,,,
q,beta_x_dim,6,0.1826961665570637,10.0,,,256.0,,100,inf,inf,0.9600694444444444,0.9574468085106383,,,,,,
q,beta_x_dim,6,0.1826961665570637,10.0,,,256.0,,500,inf,inf,0.992271505376344,0.9919028340080972,,,,,,
q,beta_x_dim,7,0.1382621299628856,10.0,,,256.0,,100,inf,inf,0.7512953367875648,0.6129032258064516,,,,,,
q,beta_x_dim,7,0.1382621299628856,10.0,,,256.0,,500,inf,inf,0.8173883853642162,0.7058823529411765,,,,,,
q,beta_x_dim,8,0.1738344351847317,10.0,,,256.0,,100,inf,inf,0.6560283687943262,0.75,,,,,,
q,beta_x_dim,8,0.1738344351847317,10.0,,,256.0,,500,inf,inf,0.664642375168691,0.725609756097561,,,,,,
q,beta_x_dim,9,0.2133657125731659,10.0,,,256.0,,100,inf,inf,0.6690017513134852,0.7282608695652174,,,,,,
q,beta_x_dim,9,0.2133657125731659,10.0,,,256.0,,500,inf,inf,0.6671154493436553,0.6951219512195121,,,,,,
q,beta_x_dim,10,0.2254427509551922,10.0,,,256.0,,100,inf,inf,0.7708703374777975,0.7684210526315789,,,,,,
q,beta_x_dim,10,0.2254427509551922,10.0,,,256.0,,500,inf,inf,0.8214647316908539,0.797979797979798,,,,,,
q,beta_x_dim,11,0.1840049138218659,10.0,,,256.0,,100,inf,inf,0.5978260869565217,0.6,,,,,,
q,beta_x_dim,11,0.1840049138218659,10.0,,,256.0,,500,inf,inf,0.6537940379403794,0.5797979797979798,,,,,,
q,beta_x_dim,12,0.1576595918302586,10.0,,,256.0,,100,inf,inf,0.7707231040564374,0.7204301075268817,,,,,,
q,beta_x_dim,12,0.1576595918302586,10.0,,,256.0,,500,inf,inf,0.8213683855746545,0.6855983772819473,,,,,,
q,beta_x_dim,13,0.1825318597082257,10.0,,,256.0,,100,inf,inf,0.7590361445783133,0.9473684210526316,,,,,,
q,beta_x_dim,13,0.1825318597082257,10.0,,,256.0,,500,inf,inf,0.8121435759812143,0.9171717171717172,,,,,,
q,beta_x_dim,14,0.1314253804517846,10.0,,,256.0,,100,inf,inf,0.4623467600700525,0.4731182795698925,,,,,,
q,beta_x_dim,14,0.1314253804517846,10.0,,,256.0,,500,inf,inf,0.3581285762369572,0.2981744421906693,,,,,,
q,beta_x_dim,15,0.147930466476972,10.0,,,256.0,,100,inf,inf,0.6298245614035087,0.5894736842105263,,,,,,
q,beta_x_dim,15,0.147930466476972,10.0,,,256.0,,500,inf,inf,0.6595959595959596,0.6646464646464646,,,,,,
q,beta_x_dim,16,0.1816174986867891,10.0,,,256.0,,100,inf,inf,0.8998242530755711,0.9042553191489362,,,,,,
q,beta_x_dim,16,0.1816174986867891,10.0,,,256.0,,500,inf,inf,0.9808016167059616,0.9817813765182186,,,,,,
q,beta_x_dim,17,0.1604795312524981,10.0,,,256.0,,100,inf,inf,0.723404255319149,0.776595744680851,,,,,,
q,beta_x_dim,17,0.1604795312524981,10.0,,,256.0,,500,inf,inf,0.6774628879892037,0.7651821862348178,,,,,,
q,beta_x_dim,18,0.1535224584703985,10.0,,,256.0,,100,inf,inf,0.5043782837127846,0.5698924731182796,,,,,,
q,beta_x_dim,18,0.1535224584703985,10.0,,,256.0,,500,inf,inf,0.5008414675193538,0.5618661257606491,,,,,,
q,beta_x_dim,19,0.1605501696049673,10.0,,,256.0,,100,inf,inf,0.87215411558669,0.9680851063829788,,,,,,
q,beta_x_dim,19,0.1605501696049673,10.0,,,256.0,,500,inf,inf,0.9754291484348704,0.9939271255060728,,,,,,
q,beta_x_dim,0,0.1030968424041055,10.0,,,512.0,,100,inf,inf,0.4342560553633218,0.3617021276595745,,,,,,
q,beta_x_dim,0,0.1030968424041055,10.0,,,512.0,,500,inf,inf,0.3529214237743452,0.340080971659919,,,,,,
q,beta_x_dim,1,0.1140296269471779,10.0,,,512.0,,100,inf,inf,0.7052238805970149,0.8172043010752689,,,,,,
q,beta_x_dim,1,0.1140296269471779,10.0,,,512.0,,500,inf,inf,0.6737057220708447,0.7302231237322515,,,,,,
q,beta_x_dim,2,0.0927791855463762,10.0,,,512.0,,100,inf,inf,0.5008912655971479,0.5376344086021505,,,,,,
q,beta_x_dim,2,0.0927791855463762,10.0,,,512.0,,500,inf,inf,0.5001688618709895,0.5091277890466531,,,,,,
q,beta_x_dim,3,0.1189404917111431,10.0,,,512.0,,100,inf,inf,0.568904593639576,0.723404255319149,,,,,,
q,beta_x_dim,3,0.1189404917111431,10.0,,,512.0,,500,inf,inf,0.6473364801078895,0.728744939271255,,,,,,
q,beta_x_dim,4,0.1426867814088468,10.0,,,512.0,,100,inf,inf,0.6252189141856392,0.5161290322580645,,,,,,
q,beta_x_dim,4,0.1426867814088468,10.0,,,512.0,,500,inf,inf,0.6587007741501179,0.5314401622718052,,,,,,
q,beta_x_dim,5,0.1064487629651989,10.0,,,512.0,,100,inf,inf,0.6020942408376964,0.631578947368421,,,,,,
q,beta_x_dim,5,0.1064487629651989,10.0,,,512.0,,500,inf,inf,0.6542213252606794,0.6464646464646465,,,,,,
q,beta_x_dim,6,0.1201973174121529,10.0,,,512.0,,100,inf,inf,0.9253472222222222,0.9574468085106383,,,,,,
q,beta_x_dim,6,0.1201973174121529,10.0,,,512.0,,500,inf,inf,0.9855510752688172,0.9919028340080972,,,,,,
q,beta_x_dim,7,0.1125765245269145,10.0,,,512.0,,100,inf,inf,0.7823834196891192,0.6236559139784946,,,,,,
q,beta_x_dim,7,0.1125765245269145,10.0,,,512.0,,500,inf,inf,0.8234306814367237,0.7079107505070994,,,,,,
q,beta_x_dim,8,0.1417573096555955,10.0,,,512.0,,100,inf,inf,0.6631205673758865,0.7282608695652174,,,,,,
q,beta_x_dim,8,0.1417573096555955,10.0,,,512.0,,500,inf,inf,0.6659919028340081,0.7215447154471545,,,,,,
q,beta_x_dim,9,0.133041364360873,10.0,,,512.0,,100,inf,inf,0.6637478108581436,0.717391304347826,,,,,,
q,beta_x_dim,9,0.133041364360873,10.0,,,512.0,,500,inf,inf,0.6661056883204308,0.693089430894309,,,,,,
q,beta_x_dim,10,0.1169679487972046,10.0,,,512.0,,100,inf,inf,0.7264653641207816,0.8105263157894737,,,,,,
q,beta_x_dim,10,0.1169679487972046,10.0,,,512.0,,500,inf,inf,0.8130273371582856,0.806060606060606,,,,,,
q,beta_x_dim,11,0.1246017663255829,10.0,,,512.0,,100,inf,inf,0.6159420289855072,0.6,,,,,,
q,beta_x_dim,11,0.1246017663255829,10.0,,,512.0,,500,inf,inf,0.6571815718157181,0.5797979797979798,,,,,,
q,beta_x_dim,12,0.1382766162059651,10.0,,,512.0,,100,inf,inf,0.7389770723104057,0.6881720430107527,,,,,,
q,beta_x_dim,12,0.1382766162059651,10.0,,,512.0,,500,inf,inf,0.8153016514998315,0.6795131845841785,,,,,,
q,beta_x_dim,13,0.1196281776795636,10.0,,,512.0,,100,inf,inf,0.7435456110154905,0.9157894736842104,,,,,,
q,beta_x_dim,13,0.1196281776795636,10.0,,,512.0,,500,inf,inf,0.8091244548809124,0.9111111111111112,,,,,,
q,beta_x_dim,14,0.1340870593186491,10.0,,,512.0,,100,inf,inf,0.4203152364273205,0.4516129032258064,,,,,,
q,beta_x_dim,14,0.1340870593186491,10.0,,,512.0,,500,inf,inf,0.3500504880511612,0.2941176470588235,,,,,,
q,beta_x_dim,15,0.0967374670363391,10.0,,,512.0,,100,inf,inf,0.6368421052631579,0.6,,,,,,
q,beta_x_dim,15,0.0967374670363391,10.0,,,512.0,,500,inf,inf,0.6609427609427609,0.6666666666666666,,,,,,
q,beta_x_dim,16,0.1174795013926857,10.0,,,512.0,,100,inf,inf,0.8910369068541301,0.946808510638298,,,,,,
q,beta_x_dim,16,0.1174795013926857,10.0,,,512.0,,500,inf,inf,0.9791175479959582,0.9898785425101214,,,,,,
q,beta_x_dim,17,0.1417826345959721,10.0,,,512.0,,100,inf,inf,0.7588652482269503,0.7978723404255319,,,,,,
q,beta_x_dim,17,0.1417826345959721,10.0,,,512.0,,500,inf,inf,0.6842105263157895,0.7692307692307693,,,,,,
q,beta_x_dim,18,0.0907625039255792,10.0,,,512.0,,100,inf,inf,0.457092819614711,0.4946236559139785,,,,,,
q,beta_x_dim,18,0.0907625039255792,10.0,,,512.0,,500,inf,inf,0.4917536183103332,0.5476673427991886,,,,,,
q,beta_x_dim,19,0.1233153610554358,10.0,,,512.0,,100,inf,inf,0.9019264448336252,0.9680851063829788,,,,,,
q,beta_x_dim,19,0.1233153610554358,10.0,,,512.0,,500,inf,inf,0.981151127566476,0.9939271255060728,,,,,,
q,beta_x_dim,0,0.0832455924980941,10.0,,,1024.0,,100,inf,inf,0.4636678200692041,0.4468085106382978,,,,,,
q,beta_x_dim,0,0.0832455924980941,10.0,,,1024.0,,500,inf,inf,0.3586299529885829,0.3562753036437247,,,,,,
q,beta_x_dim,1,0.0977398989210664,10.0,,,1024.0,,100,inf,inf,0.6753731343283582,0.8279569892473119,,,,,,
q,beta_x_dim,1,0.0977398989210664,10.0,,,1024.0,,500,inf,inf,0.6682561307901907,0.7322515212981744,,,,,,
q,beta_x_dim,2,0.098176231085323,10.0,,,1024.0,,100,inf,inf,0.5490196078431373,0.5483870967741935,,,,,,
q,beta_x_dim,2,0.098176231085323,10.0,,,1024.0,,500,inf,inf,0.5092874029044242,0.5111561866125761,,,,,,
q,beta_x_dim,3,0.1202208739769747,10.0,,,1024.0,,100,inf,inf,0.6289752650176679,0.6914893617021277,,,,,,
q,beta_x_dim,3,0.1202208739769747,10.0,,,1024.0,,500,inf,inf,0.6587997302764667,0.7226720647773279,,,,,,
q,beta_x_dim,4,0.0858213646046357,10.0,,,1024.0,,100,inf,inf,0.6287215411558669,0.5376344086021505,,,,,,
q,beta_x_dim,4,0.0858213646046357,10.0,,,1024.0,,500,inf,inf,0.6593739481656008,0.5354969574036511,,,,,,
q,beta_x_dim,5,0.095290498691526,10.0,,,1024.0,,100,inf,inf,0.6055846422338569,0.6421052631578947,,,,,,
q,beta_x_dim,5,0.095290498691526,10.0,,,1024.0,,500,inf,inf,0.6548940464177598,0.6484848484848484,,,,,,
q,beta_x_dim,6,0.0858756883561873,10.0,,,1024.0,,100,inf,inf,0.9236111111111112,0.9574468085106383,,,,,,
q,beta_x_dim,6,0.0858756883561873,10.0,,,1024.0,,500,inf,inf,0.9852150537634408,0.9919028340080972,,,,,,
q,beta_x_dim,7,0.0844807231030569,10.0,,,1024.0,,100,inf,inf,0.770293609671848,0.6344086021505376,,,,,,
q,beta_x_dim,7,0.0844807231030569,10.0,,,1024.0,,500,inf,inf,0.8210808996307486,0.7099391480730223,,,,,,
q,beta_x_dim,8,0.0855617921909968,10.0,,,1024.0,,100,inf,inf,0.6578014184397163,0.7717391304347826,,,,,,
q,beta_x_dim,8,0.0855617921909968,10.0,,,1024.0,,500,inf,inf,0.6649797570850202,0.7296747967479674,,,,,,
q,beta_x_dim,9,0.1003569482236124,10.0,,,1024.0,,100,inf,inf,0.6094570928196147,0.7391304347826086,,,,,,
q,beta_x_dim,9,0.1003569482236124,10.0,,,1024.0,,500,inf,inf,0.6556714910804443,0.6971544715447154,,,,,,
q,beta_x_dim,10,0.0940662699861201,10.0,,,1024.0,,100,inf,inf,0.7495559502664298,0.8421052631578947,,,,,,
q,beta_x_dim,10,0.0940662699861201,10.0,,,1024.0,,500,inf,inf,0.817414782315221,0.8121212121212121,,,,,,
q,beta_x_dim,11,0.0994580435870724,10.0,,,1024.0,,100,inf,inf,0.6431159420289855,0.6947368421052632,,,,,,
q,beta_x_dim,11,0.0994580435870724,10.0,,,1024.0,,500,inf,inf,0.6622628726287263,0.597979797979798,,,,,,
q,beta_x_dim,12,0.0662617463813111,10.0,,,1024.0,,100,inf,inf,0.6948853615520282,0.6451612903225806,,,,,,
q,beta_x_dim,12,0.0662617463813111,10.0,,,1024.0,,500,inf,inf,0.8068756319514662,0.6713995943204868,,,,,,
q,beta_x_dim,13,0.0876184035596533,10.0,,,1024.0,,100,inf,inf,0.7332185886402753,0.9263157894736842,,,,,,
q,beta_x_dim,13,0.0876184035596533,10.0,,,1024.0,,500,inf,inf,0.8071117074807111,0.9131313131313132,,,,,,
q,beta_x_dim,14,0.0975804595166753,10.0,,,1024.0,,100,inf,inf,0.404553415061296,0.3763440860215054,,,,,,
q,beta_x_dim,14,0.0975804595166753,10.0,,,1024.0,,500,inf,inf,0.3470212049814877,0.2799188640973631,,,,,,
q,beta_x_dim,15,0.0830707630274445,10.0,,,1024.0,,100,inf,inf,0.6719298245614035,0.6631578947368421,,,,,,
q,beta_x_dim,15,0.0830707630274445,10.0,,,1024.0,,500,inf,inf,0.6676767676767676,0.6787878787878788,,,,,,
q,beta_x_dim,16,0.082259425917027,10.0,,,1024.0,,100,inf,inf,0.875219683655536,0.9042553191489362,,,,,,
q,beta_x_dim,16,0.082259425917027,10.0,,,1024.0,,500,inf,inf,0.9760862243179522,0.9817813765182186,,,,,,
q,beta_x_dim,17,0.1032670721174316,10.0,,,1024.0,,100,inf,inf,0.7695035460992907,0.7872340425531915,,,,,,
q,beta_x_dim,17,0.1032670721174316,10.0,,,1024.0,,500,inf,inf,0.6862348178137652,0.7672064777327935,,,,,,
q,beta_x_dim,18,0.0759683551193502,10.0,,,1024.0,,100,inf,inf,0.4746059544658494,0.5053763440860215,,,,,,
q,beta_x_dim,18,0.0759683551193502,10.0,,,1024.0,,500,inf,inf,0.4951194883877482,0.5496957403651116,,,,,,
q,beta_x_dim,19,0.0849126767994121,10.0,,,1024.0,,100,inf,inf,0.8844133099824869,0.9361702127659576,,,,,,
q,beta_x_dim,19,0.0849126767994121,10.0,,,1024.0,,500,inf,inf,0.977785257489061,0.9878542510121456,,,,,,
q,beta_x_dim,0,0.0590906245810299,10.0,,,2048.0,,100,inf,inf,0.4100346020761246,0.4148936170212766,,,,,,
q,beta_x_dim,0,0.0590906245810299,10.0,,,2048.0,,500,inf,inf,0.3482202820685023,0.3502024291497975,,,,,,
q,beta_x_dim,1,0.0805526696697304,10.0,,,2048.0,,100,inf,inf,0.621268656716418,0.7096774193548387,,,,,,
q,beta_x_dim,1,0.0805526696697304,10.0,,,2048.0,,500,inf,inf,0.6583787465940054,0.7099391480730223,,,,,,
q,beta_x_dim,2,0.0738474821944611,10.0,,,2048.0,,100,inf,inf,0.5650623885918004,0.5913978494623656,,,,,,
q,beta_x_dim,2,0.0738474821944611,10.0,,,2048.0,,500,inf,inf,0.5123269165822357,0.5192697768762677,,,,,,
q,beta_x_dim,3,0.080736234833632,10.0,,,2048.0,,100,inf,inf,0.5477031802120141,0.6702127659574468,,,,,,
q,beta_x_dim,3,0.080736234833632,10.0,,,2048.0,,500,inf,inf,0.6432906271072151,0.7186234817813765,,,,,,
q,beta_x_dim,8,0.0764464426210585,10.0,,,2048.0,,100,inf,inf,0.6666666666666666,0.7608695652173914,,,,,,
q,beta_x_dim,8,0.0764464426210585,10.0,,,2048.0,,500,inf,inf,0.6666666666666666,0.7276422764227642,,,,,,
q,beta_x_dim,9,0.0611985220808771,10.0,,,2048.0,,100,inf,inf,0.6112084063047285,0.7065217391304348,,,,,,
q,beta_x_dim,9,0.0611985220808771,10.0,,,2048.0,,500,inf,inf,0.6560080780881858,0.6910569105691057,,,,,,
q,beta_x_dim,10,0.067910613623016,10.0,,,2048.0,,100,inf,inf,0.7246891651865008,0.8421052631578947,,,,,,
q,beta_x_dim,10,0.067910613623016,10.0,,,2048.0,,500,inf,inf,0.8126898413769827,0.8121212121212121,,,,,,
q,beta_x_dim,11,0.0651762981409896,10.0,,,2048.0,,100,inf,inf,0.6811594202898551,0.6736842105263158,,,,,,
q,beta_x_dim,11,0.0651762981409896,10.0,,,2048.0,,500,inf,inf,0.6693766937669376,0.593939393939394,,,,,,
q,beta_x_dim,4,0.0551585314317101,10.0,,,2048.0,,100,inf,inf,0.6234676007005254,0.6774193548387096,,,,,,
q,beta_x_dim,4,0.0551585314317101,10.0,,,2048.0,,500,inf,inf,0.6583641871423763,0.5618661257606491,,,,,,
q,beta_x_dim,5,0.0692130486304319,10.0,,,2048.0,,100,inf,inf,0.6369982547993019,0.7052631578947368,,,,,,
q,beta_x_dim,5,0.0692130486304319,10.0,,,2048.0,,500,inf,inf,0.6609485368314834,0.6606060606060606,,,,,,
q,beta_x_dim,6,0.0717343974073521,10.0,,,2048.0,,100,inf,inf,0.9201388888888888,0.9787234042553192,,,,,,
q,beta_x_dim,6,0.0717343974073521,10.0,,,2048.0,,500,inf,inf,0.984543010752688,0.9959514170040484,,,,,,
q,beta_x_dim,7,0.0622144201339652,10.0,,,2048.0,,100,inf,inf,0.7167530224525043,0.5806451612903226,,,,,,
q,beta_x_dim,7,0.0622144201339652,10.0,,,2048.0,,500,inf,inf,0.81067472306143,0.6997971602434077,,,,,,
q,beta_x_dim,12,0.0581884729454011,10.0,,,2048.0,,100,inf,inf,0.6261022927689595,0.5591397849462365,,,,,,
q,beta_x_dim,12,0.0581884729454011,10.0,,,2048.0,,500,inf,inf,0.7937310414560161,0.6551724137931034,,,,,,
q,beta_x_dim,13,0.0452618542833713,10.0,,,2048.0,,100,inf,inf,0.6265060240963856,0.7578947368421053,,,,,,
q,beta_x_dim,13,0.0452618542833713,10.0,,,2048.0,,500,inf,inf,0.7863133176786313,0.8808080808080808,,,,,,
q,beta_x_dim,14,0.0441828211865987,10.0,,,2048.0,,100,inf,inf,0.521891418563923,0.4193548387096774,,,,,,
q,beta_x_dim,14,0.0441828211865987,10.0,,,2048.0,,500,inf,inf,0.3695725345001683,0.2880324543610548,,,,,,
q,beta_x_dim,15,0.0586007047122559,10.0,,,2048.0,,100,inf,inf,0.656140350877193,0.7368421052631579,,,,,,
q,beta_x_dim,15,0.0586007047122559,10.0,,,2048.0,,500,inf,inf,0.6646464646464646,0.692929292929293,,,,,,
q,beta_x_dim,16,0.0663772188385679,10.0,,,2048.0,,100,inf,inf,0.8699472759226714,0.9042553191489362,,,,,,
q,beta_x_dim,16,0.0663772188385679,10.0,,,2048.0,,500,inf,inf,0.9750757830919502,0.9817813765182186,,,,,,
q,beta_x_dim,17,0.0599155119179395,10.0,,,2048.0,,100,inf,inf,0.7907801418439716,0.7872340425531915,,,,,,
q,beta_x_dim,17,0.0599155119179395,10.0,,,2048.0,,500,inf,inf,0.6902834008097166,0.7672064777327935,,,,,,
q,beta_x_dim,18,0.0528569949970827,10.0,,,2048.0,,100,inf,inf,0.5341506129597198,0.5591397849462365,,,,,,
q,beta_x_dim,18,0.0528569949970827,10.0,,,2048.0,,500,inf,inf,0.5065634466509593,0.5598377281947262,,,,,,
q,beta_x_dim,19,0.0597533003427516,10.0,,,2048.0,,100,inf,inf,0.9772329246935202,0.9893617021276596,,,,,,
q,beta_x_dim,19,0.0597533003427516,10.0,,,2048.0,,500,inf,inf,0.9956243688993603,0.9979757085020244,,,,,,
q,beta_x_dim,0,0.0528122944875321,10.0,,,4096.0,,100,inf,inf,0.4480968858131487,0.3936170212765957,,,,,,
q,beta_x_dim,0,0.0528122944875321,10.0,,,4096.0,,500,inf,inf,0.3556077904633982,0.3461538461538461,,,,,,
q,beta_x_dim,1,0.0332337536226412,10.0,,,4096.0,,100,1.104424114448136e+49,1.104424114448136e+49,0.8152985074626866,0.8494623655913979,,,,,,
q,beta_x_dim,1,0.0332337536226412,10.0,,,4096.0,,500,inf,inf,0.6910762942779292,0.7363083164300203,,,,,,
q,beta_x_dim,2,0.0451743962171918,10.0,,,4096.0,,100,inf,inf,0.5383244206773619,0.5913978494623656,,,,,,
q,beta_x_dim,2,0.0451743962171918,10.0,,,4096.0,,500,inf,inf,0.5072610604525498,0.5192697768762677,,,,,,
q,beta_x_dim,3,0.0427116544627979,10.0,,,4096.0,,100,inf,inf,0.5565371024734982,0.5957446808510638,,,,,,
q,beta_x_dim,3,0.0427116544627979,10.0,,,4096.0,,500,inf,inf,0.6449763991908294,0.7044534412955465,,,,,,
q,beta_x_dim,4,0.0400158702661801,10.0,,,4096.0,,100,1.1797467039587109e+26,1.1797467039587109e+26,0.5306479859894921,0.5483870967741935,,,,,,
q,beta_x_dim,4,0.0400158702661801,10.0,,,4096.0,,500,inf,inf,0.6381689666778863,0.537525354969574,,,,,,
q,beta_x_dim,5,0.0370913464717784,10.0,,,4096.0,,100,inf,inf,0.581151832460733,0.6842105263157895,,,,,,
q,beta_x_dim,5,0.0370913464717784,10.0,,,4096.0,,500,inf,inf,0.6501849983181971,0.6565656565656566,,,,,,
q,beta_x_dim,6,0.0479492321544804,10.0,,,4096.0,,100,inf,inf,0.8107638888888888,0.9361702127659576,,,,,,
q,beta_x_dim,6,0.0479492321544804,10.0,,,4096.0,,500,inf,inf,0.9633736559139784,0.9878542510121456,,,,,,
q,beta_x_dim,7,0.0385382896527443,10.0,,,4096.0,,100,inf,inf,0.6563039723661486,0.5161290322580645,,,,,,
q,beta_x_dim,7,0.0385382896527443,10.0,,,4096.0,,500,inf,inf,0.7989258140315542,0.6876267748478702,,,,,,
q,beta_x_dim,8,0.0543835979270181,10.0,,,4096.0,,100,inf,inf,0.6719858156028369,0.7934782608695652,,,,,,
q,beta_x_dim,8,0.0543835979270181,10.0,,,4096.0,,500,inf,inf,0.6676788124156545,0.733739837398374,,,,,,
q,beta_x_dim,9,0.0376531093771584,10.0,,,4096.0,,100,inf,inf,0.574430823117338,0.6630434782608695,,,,,,
q,beta_x_dim,9,0.0376531093771584,10.0,,,4096.0,,500,inf,inf,0.6489397509256143,0.6829268292682927,,,,,,
q,beta_x_dim,10,0.0468377476856461,10.0,,,4096.0,,100,inf,inf,0.6465364120781527,0.7473684210526316,,,,,,
q,beta_x_dim,10,0.0468377476856461,10.0,,,4096.0,,500,inf,inf,0.7978400269996625,0.793939393939394,,,,,,
q,beta_x_dim,11,0.0521751382836228,10.0,,,4096.0,,100,inf,inf,0.5996376811594203,0.5894736842105263,,,,,,
q,beta_x_dim,11,0.0521751382836228,10.0,,,4096.0,,500,inf,inf,0.6541327913279132,0.5777777777777777,,,,,,
q,beta_x_dim,12,0.0375271207122855,10.0,,,4096.0,,100,inf,inf,0.5555555555555556,0.5161290322580645,,,,,,
q,beta_x_dim,12,0.0375271207122855,10.0,,,4096.0,,500,inf,inf,0.7802494101786316,0.6470588235294118,,,,,,
q,beta_x_dim,13,0.0361136154477065,10.0,,,4096.0,,100,inf,inf,0.6919104991394148,0.8210526315789474,,,,,,
q,beta_x_dim,13,0.0361136154477065,10.0,,,4096.0,,500,inf,inf,0.7990607178799061,0.8929292929292929,,,,,,
q,beta_x_dim,14,0.0462079830780834,10.0,,,4096.0,,100,13716.104231434776,13716.104231434776,0.563922942206655,0.4193548387096774,,,,,,
q,beta_x_dim,14,0.0462079830780834,10.0,,,4096.0,,500,inf,inf,0.3773140356782228,0.2900608519269776,,,,,,
q,beta_x_dim,15,0.0412325635617556,10.0,,,4096.0,,100,inf,inf,0.5807017543859649,0.6210526315789474,,,,,,
q,beta_x_dim,15,0.0412325635617556,10.0,,,4096.0,,500,inf,inf,0.6501683501683502,0.6707070707070707,,,,,,
q,beta_x_dim,16,0.0479727073439655,10.0,,,4096.0,,100,inf,inf,0.6783831282952548,0.8297872340425532,,,,,,
q,beta_x_dim,16,0.0479727073439655,10.0,,,4096.0,,500,inf,inf,0.9383630852138768,0.9676113360323888,,,,,,
q,beta_x_dim,17,0.0520924933809918,10.0,,,4096.0,,100,inf,inf,0.7198581560283688,0.7978723404255319,,,,,,
q,beta_x_dim,17,0.0520924933809918,10.0,,,4096.0,,500,inf,inf,0.6767881241565452,0.7692307692307693,,,,,,
q,beta_x_dim,18,0.0485882391989239,10.0,,,4096.0,,100,inf,inf,0.4605954465849387,0.4946236559139785,,,,,,
q,beta_x_dim,18,0.0485882391989239,10.0,,,4096.0,,500,inf,inf,0.4924267923258162,0.5476673427991886,,,,,,
q,beta_x_dim,19,0.0383921864166432,10.0,,,4096.0,,100,inf,inf,0.9544658493870404,0.9893617021276596,,,,,,
q,beta_x_dim,19,0.0383921864166432,10.0,,,4096.0,,500,inf,inf,0.991248737798721,0.9979757085020244,,,,,,
q,beta_x_dim,0,0.0288666205536211,10.0,,,8192.0,,100,32.22843377096011,32.22843377096011,0.7249134948096886,0.7659574468085106,,,,,,
q,beta_x_dim,0,0.0288666205536211,10.0,,,8192.0,,500,inf,inf,0.4140362659503022,0.4291497975708502,,,,,,
q,beta_x_dim,1,0.0271649459742409,10.0,,,8192.0,,100,604.3840419461146,505.11406226856747,0.8115671641791045,0.8172043010752689,,,,,,
q,beta_x_dim,1,0.0271649459742409,10.0,,,8192.0,,500,inf,inf,0.6720027247956403,0.7139959432048681,,,,,,
q,beta_x_dim,2,0.0371665552410182,10.0,,,8192.0,,100,inf,inf,0.6381461675579323,0.6021505376344086,,,,,,
q,beta_x_dim,2,0.0371665552410182,10.0,,,8192.0,,500,inf,inf,0.5261735900033773,0.5212981744421906,,,,,,
q,beta_x_dim,3,0.0255351733360245,10.0,,,8192.0,,100,inf,inf,0.6413427561837456,0.648936170212766,,,,,,
q,beta_x_dim,3,0.0255351733360245,10.0,,,8192.0,,500,inf,inf,0.660485502360081,0.7145748987854251,,,,,,
q,beta_x_dim,4,0.0354875706784735,10.0,,,8192.0,,100,2.5475947735517483e+25,2.5475947735517483e+25,0.6532399299474606,0.6774193548387096,,,,,,
q,beta_x_dim,4,0.0354875706784735,10.0,,,8192.0,,500,inf,inf,0.6617300572197913,0.5618661257606491,,,,,,
q,beta_x_dim,5,0.0246779094967519,10.0,,,8192.0,,100,285.8394664135098,285.8394664135098,0.7242582897033158,0.7157894736842105,,,,,,
q,beta_x_dim,5,0.0246779094967519,10.0,,,8192.0,,500,inf,inf,0.6696939118735284,0.6505050505050505,,,,,,
q,beta_x_dim,6,0.0408079366855368,10.0,,,8192.0,,100,inf,inf,0.7725694444444444,0.851063829787234,,,,,,
q,beta_x_dim,6,0.0408079366855368,10.0,,,8192.0,,500,inf,inf,0.9559811827956988,0.97165991902834,,,,,,
q,beta_x_dim,7,0.0315518750860876,10.0,,,8192.0,,100,70.78662040399719,70.78662040399719,0.7392055267702936,0.6989247311827957,,,,,,
q,beta_x_dim,7,0.0315518750860876,10.0,,,8192.0,,500,inf,inf,0.7838200738502853,0.7302231237322515,,,,,,
q,beta_x_dim,8,0.0397878227234198,10.0,,,8192.0,,100,6164.046065541102,6164.046065541102,0.6294326241134752,0.7282608695652174,,,,,,
q,beta_x_dim,8,0.0397878227234198,10.0,,,8192.0,,500,inf,inf,0.6538461538461539,0.7113821138211383,,,,,,
q,beta_x_dim,9,0.026488447237678,10.0,,,8192.0,,100,1.5843061681891198e+104,1.5843061681891198e+104,0.6217162872154116,0.6739130434782609,,,,,,
q,beta_x_dim,9,0.026488447237678,10.0,,,8192.0,,500,inf,inf,0.6566812521036688,0.6849593495934959,,,,,,
q,beta_x_dim,10,0.0346351932663387,10.0,,,8192.0,,100,inf,inf,0.6287744227353463,0.7157894736842105,,,,,,
q,beta_x_dim,10,0.0346351932663387,10.0,,,8192.0,,500,inf,inf,0.7944650691866352,0.7878787878787878,,,,,,
q,beta_x_dim,11,0.0260555256577383,10.0,,,8192.0,,100,50.912878341755295,50.912878341755295,0.697463768115942,0.7368421052631579,,,,,,
q,beta_x_dim,11,0.0260555256577383,10.0,,,8192.0,,500,inf,inf,0.6321138211382114,0.604040404040404,,,,,,
q,beta_x_dim,12,0.0289139126779301,10.0,,,8192.0,,100,533.5434019109754,533.5434019109754,0.5679012345679012,0.6129032258064516,,,,,,
q,beta_x_dim,12,0.0289139126779301,10.0,,,8192.0,,500,inf,inf,0.7546343107516009,0.6693711967545639,,,,,,
q,beta_x_dim,13,0.0282074781210966,10.0,,,8192.0,,100,1.1615497133881937e+157,1.1615497133881937e+157,0.4612736660929432,0.5684210526315789,,,,,,
q,beta_x_dim,13,0.0282074781210966,10.0,,,8192.0,,500,inf,inf,0.7541093592754109,0.8424242424242424,,,,,,
q,beta_x_dim,14,0.0311863302210941,10.0,,,8192.0,,100,145.0929264762074,145.0929264762074,0.7005253940455342,0.6344086021505376,,,,,,
q,beta_x_dim,14,0.0311863302210941,10.0,,,8192.0,,500,inf,inf,0.4281386738471895,0.3529411764705882,,,,,,
q,beta_x_dim,15,0.0341092293731739,10.0,,,8192.0,,100,149.38925039253692,149.38925039253692,0.7070175438596491,0.6947368421052632,,,,,,
q,beta_x_dim,15,0.0341092293731739,10.0,,,8192.0,,500,inf,inf,0.6518518518518519,0.6565656565656566,,,,,,
q,beta_x_dim,16,0.0268410705717592,10.0,,,8192.0,,100,inf,inf,0.7750439367311072,0.8191489361702128,,,,,,
q,beta_x_dim,16,0.0268410705717592,10.0,,,8192.0,,500,inf,inf,0.9568878410239138,0.9655870445344128,,,,,,
q,beta_x_dim,17,0.0288385120973422,10.0,,,8192.0,,100,379.69881852463095,351.2011579288936,0.7145390070921985,0.8297872340425532,,,,,,
q,beta_x_dim,17,0.0288385120973422,10.0,,,8192.0,,500,inf,inf,0.6626180836707153,0.7672064777327935,,,,,,
q,beta_x_dim,18,0.0324697238711532,10.0,,,8192.0,,100,1194.4833792747795,1194.4833792747795,0.5166374781085814,0.5483870967741935,,,,,,
q,beta_x_dim,18,0.0324697238711532,10.0,,,8192.0,,500,inf,inf,0.4981487714574217,0.5598377281947262,,,,,,
q,beta_x_dim,19,0.0322978173793725,10.0,,,8192.0,,100,inf,inf,0.8686514886164624,0.9680851063829788,,,,,,
q,beta_x_dim,19,0.0322978173793725,10.0,,,8192.0,,500,inf,inf,0.9747559744193874,0.9939271255060728,,,,,,
q,beta_x_dim,0,0.0203569894689093,10.0,,,16384.0,,100,5.729489304219899,5.729489304219899,0.8114186851211073,0.9361702127659576,,,,,,
q,beta_x_dim,0,0.0203569894689093,10.0,,,16384.0,,500,inf,inf,0.4721289456010745,0.5384615384615384,,,,,,
q,beta_x_dim,1,0.0180762543208998,10.0,,,16384.0,,100,31.360016152707324,31.360016152707324,0.7667910447761194,0.8817204301075269,,,,,,
q,beta_x_dim,1,0.0180762543208998,10.0,,,16384.0,,500,inf,inf,0.6818801089918256,0.7525354969574036,,,,,,
q,beta_x_dim,2,0.021402928767805,10.0,,,16384.0,,100,989.0642132443536,989.0642132443536,0.5739750445632799,0.5591397849462365,,,,,,
q,beta_x_dim,2,0.021402928767805,10.0,,,16384.0,,500,inf,inf,0.5109760216143195,0.5050709939148073,,,,,,
q,beta_x_dim,3,0.0187455835272602,10.0,,,16384.0,,100,140.9997596648598,140.9997596648598,0.9028268551236748,0.925531914893617,,,,,,
q,beta_x_dim,3,0.0187455835272602,10.0,,,16384.0,,500,inf,inf,0.7100472016183412,0.7651821862348178,,,,,,
q,beta_x_dim,4,0.0230212539981229,10.0,,,16384.0,,100,21.41517645288137,21.41517645288137,0.861646234676007,0.9247311827956988,,,,,,
q,beta_x_dim,4,0.0230212539981229,10.0,,,16384.0,,500,inf,inf,0.6802423426455739,0.6146044624746451,,,,,,
q,beta_x_dim,5,0.018059158472521,10.0,,,16384.0,,100,38.40896324800664,38.40896324800664,0.7155322862129145,0.6736842105263158,,,,,,
q,beta_x_dim,5,0.018059158472521,10.0,,,16384.0,,500,inf,inf,0.6559031281533805,0.6202020202020202,,,,,,
q,beta_x_dim,6,0.0210804508573937,10.0,,,16384.0,,100,445.6753487743349,445.6753487743349,0.625,0.6808510638297872,,,,,,
q,beta_x_dim,6,0.0210804508573937,10.0,,,16384.0,,500,inf,inf,0.9086021505376344,0.9271255060728744,,,,,,
q,beta_x_dim,7,0.0214313098777888,10.0,,,16384.0,,100,13.272059138389777,13.272059138389777,0.7979274611398963,0.6881720430107527,,,,,,
q,beta_x_dim,7,0.0214313098777888,10.0,,,16384.0,,500,inf,inf,0.7485733467606579,0.7058823529411765,,,,,,
q,beta_x_dim,8,0.0210305880424345,10.0,,,16384.0,,100,52.06395822755524,52.06395822755524,0.7978723404255319,0.717391304347826,,,,,,
q,beta_x_dim,8,0.0210305880424345,10.0,,,16384.0,,500,inf,inf,0.6740890688259109,0.693089430894309,,,,,,
q,beta_x_dim,9,0.0197283560090542,10.0,,,16384.0,,100,267.0783027940456,267.0783027940456,0.7338003502626971,0.6956521739130435,,,,,,
q,beta_x_dim,9,0.0197283560090542,10.0,,,16384.0,,500,inf,inf,0.6725008414675193,0.693089430894309,,,,,,
q,beta_x_dim,10,0.0223619354863721,10.0,,,16384.0,,100,271.42898041834263,271.42898041834263,0.6163410301953819,0.8210526315789474,,,,,,
q,beta_x_dim,10,0.0223619354863721,10.0,,,16384.0,,500,inf,inf,0.7492406344920689,0.7838383838383839,,,,,,
q,beta_x_dim,11,0.0231050851373385,10.0,,,16384.0,,100,77.41105579222479,77.41105579222479,0.75,0.6526315789473685,,,,,,
q,beta_x_dim,11,0.0231050851373385,10.0,,,16384.0,,500,inf,inf,0.6541327913279132,0.5797979797979798,,,,,,
q,beta_x_dim,12,0.0269907621139558,10.0,,,16384.0,,100,61.13066868495775,61.13066868495775,0.783068783068783,0.946236559139785,,,,,,
q,beta_x_dim,12,0.0269907621139558,10.0,,,16384.0,,500,inf,inf,0.7687900235928548,0.716024340770791,,,,,,
q,beta_x_dim,13,0.0258307931405904,10.0,,,16384.0,,100,441.6331661191308,441.6331661191308,0.6884681583476764,0.8105263157894737,,,,,,
q,beta_x_dim,13,0.0258307931405904,10.0,,,16384.0,,500,inf,inf,0.765179469976518,0.8707070707070707,,,,,,
q,beta_x_dim,14,0.0206594191617385,10.0,,,16384.0,,100,4.988251568473986,4.988251568473986,0.87215411558669,0.8279569892473119,,,,,,
q,beta_x_dim,14,0.0206594191617385,10.0,,,16384.0,,500,inf,inf,0.5314708852238303,0.5070993914807302,,,,,,
q,beta_x_dim,15,0.0269255670457066,10.0,,,16384.0,,100,18.573429658914,18.573429658914,0.7052631578947368,0.7684210526315789,,,,,,
q,beta_x_dim,15,0.0269255670457066,10.0,,,16384.0,,500,inf,inf,0.6653198653198653,0.6787878787878788,,,,,,
q,beta_x_dim,16,0.0165846560209867,10.0,,,16384.0,,100,639.5234798887171,639.5234798887171,0.7539543057996485,0.7659574468085106,,,,,,
q,beta_x_dim,16,0.0165846560209867,10.0,,,16384.0,,500,inf,inf,0.901987201077804,0.9210526315789472,,,,,,
q,beta_x_dim,17,0.0198970173937805,10.0,,,16384.0,,100,6.7432406737047375,6.7432406737047375,0.952127659574468,0.9787234042553192,,,,,,
q,beta_x_dim,17,0.0198970173937805,10.0,,,16384.0,,500,inf,inf,0.6643049932523617,0.7651821862348178,,,,,,
q,beta_x_dim,18,0.0208652858105288,10.0,,,16384.0,,100,80.0574879735578,80.0574879735578,0.5761821366024519,0.5483870967741935,,,,,,
q,beta_x_dim,18,0.0208652858105288,10.0,,,16384.0,,500,inf,inf,0.5011780545270953,0.5598377281947262,,,,,,
q,beta_x_dim,19,0.0214653212215956,10.0,,,16384.0,,100,980.6436629083082,926.9993325977806,0.9754816112084064,1.0,,,,,,
q,beta_x_dim,19,0.0214653212215956,10.0,,,16384.0,,500,inf,inf,0.9720632783574554,0.98582995951417,,,,,,
q,beta_x_dim,0,0.475488624112919,20.0,,,32.0,,100,inf,inf,0.3356401384083045,0.3085106382978723,,,,,,
q,beta_x_dim,0,0.475488624112919,20.0,,,32.0,,500,inf,inf,0.3337810611148422,0.3299595141700405,,,,,,
q,beta_x_dim,1,0.4081277900492999,20.0,,,32.0,,100,inf,inf,0.7126865671641791,0.7956989247311828,,,,,,
q,beta_x_dim,1,0.4081277900492999,20.0,,,32.0,,500,inf,inf,0.6750681198910081,0.7261663286004056,,,,,,
q,beta_x_dim,2,0.4730093470080129,20.0,,,32.0,,100,inf,inf,0.499108734402852,0.5483870967741935,,,,,,
q,beta_x_dim,2,0.4730093470080129,20.0,,,32.0,,500,inf,inf,0.4998311381290105,0.5111561866125761,,,,,,
q,beta_x_dim,3,0.4466934199958885,20.0,,,32.0,,100,inf,inf,0.6166077738515902,0.7659574468085106,,,,,,
q,beta_x_dim,3,0.4466934199958885,20.0,,,32.0,,500,inf,inf,0.6564396493594066,0.7368421052631579,,,,,,
q,beta_x_dim,4,0.5533154376476055,20.0,,,32.0,,100,inf,inf,0.6304728546409807,0.4623655913978494,,,,,,
q,beta_x_dim,4,0.5533154376476055,20.0,,,32.0,,500,inf,inf,0.6597105351733423,0.5212981744421906,,,,,,
q,beta_x_dim,5,0.3734272198299829,20.0,,,32.0,,100,inf,inf,0.6404886561954625,0.7052631578947368,,,,,,
q,beta_x_dim,5,0.3734272198299829,20.0,,,32.0,,500,inf,inf,0.6616212579885637,0.6606060606060606,,,,,,
q,beta_x_dim,6,0.4297836233635966,20.0,,,32.0,,100,inf,inf,0.9618055555555556,0.9893617021276596,,,,,,
q,beta_x_dim,6,0.4297836233635966,20.0,,,32.0,,500,inf,inf,0.9926075268817204,0.9979757085020244,,,,,,
q,beta_x_dim,7,0.4400890544880544,20.0,,,32.0,,100,inf,inf,0.7564766839378239,0.5913978494623656,,,,,,
q,beta_x_dim,7,0.4400890544880544,20.0,,,32.0,,500,inf,inf,0.818395434709634,0.7018255578093306,,,,,,
q,beta_x_dim,8,0.4385564417708694,20.0,,,32.0,,100,inf,inf,0.6312056737588653,0.7282608695652174,,,,,,
q,beta_x_dim,8,0.4385564417708694,20.0,,,32.0,,500,inf,inf,0.659919028340081,0.7215447154471545,,,,,,
q,beta_x_dim,9,0.4168672354707817,20.0,,,32.0,,100,inf,inf,0.6952714535901926,0.7282608695652174,,,,,,
q,beta_x_dim,9,0.4168672354707817,20.0,,,32.0,,500,inf,inf,0.6721642544597779,0.6951219512195121,,,,,,
q,beta_x_dim,10,0.4462354434217582,20.0,,,32.0,,100,inf,inf,0.7335701598579041,0.7263157894736842,,,,,,
q,beta_x_dim,10,0.4462354434217582,20.0,,,32.0,,500,inf,inf,0.8143773202834964,0.7898989898989899,,,,,,
q,beta_x_dim,11,0.3453439906042841,20.0,,,32.0,,100,inf,inf,0.6123188405797102,0.6,,,,,,
q,beta_x_dim,11,0.3453439906042841,20.0,,,32.0,,500,inf,inf,0.6565040650406504,0.5797979797979798,,,,,,
q,beta_x_dim,12,0.5218634903299535,20.0,,,32.0,,100,inf,inf,0.8024691358024691,0.6989247311827957,,,,,,
q,beta_x_dim,12,0.5218634903299535,20.0,,,32.0,,500,inf,inf,0.8274351196494776,0.6815415821501014,,,,,,
q,beta_x_dim,13,0.4206226488705533,20.0,,,32.0,,100,inf,inf,0.7865748709122203,0.9473684210526316,,,,,,
q,beta_x_dim,13,0.4206226488705533,20.0,,,32.0,,500,inf,inf,0.8175109023817511,0.9171717171717172,,,,,,
q,beta_x_dim,14,0.4990514455594063,20.0,,,32.0,,100,inf,inf,0.4448336252189142,0.4946236559139785,,,,,,
q,beta_x_dim,14,0.4990514455594063,20.0,,,32.0,,500,inf,inf,0.3547627061595422,0.3022312373225152,,,,,,
q,beta_x_dim,15,0.4726710863089248,20.0,,,32.0,,100,inf,inf,0.6368421052631579,0.5473684210526316,,,,,,
q,beta_x_dim,15,0.4726710863089248,20.0,,,32.0,,500,inf,inf,0.6609427609427609,0.6565656565656566,,,,,,
q,beta_x_dim,16,0.4514587337877777,20.0,,,32.0,,100,inf,inf,0.936731107205624,0.9680851063829788,,,,,,
q,beta_x_dim,16,0.4514587337877777,20.0,,,32.0,,500,inf,inf,0.9878747052879756,0.9939271255060728,,,,,,
q,beta_x_dim,17,0.4502359836938825,20.0,,,32.0,,100,inf,inf,0.8031914893617021,0.8191489361702128,,,,,,
q,beta_x_dim,17,0.4502359836938825,20.0,,,32.0,,500,inf,inf,0.6926450742240216,0.7732793522267206,,,,,,
q,beta_x_dim,18,0.5626601659757056,20.0,,,32.0,,100,inf,inf,0.5026269702276708,0.5376344086021505,,,,,,
q,beta_x_dim,18,0.5626601659757056,20.0,,,32.0,,500,inf,inf,0.5005048805116122,0.5557809330628803,,,,,,
q,beta_x_dim,19,0.4107705136378998,20.0,,,32.0,,100,inf,inf,0.9649737302977232,0.946808510638298,,,,,,
q,beta_x_dim,19,0.4107705136378998,20.0,,,32.0,,500,inf,inf,0.99326825984517,0.9898785425101214,,,,,,
q,beta_x_dim,0,0.3221759901052828,20.0,,,64.0,,100,inf,inf,0.3598615916955017,0.3085106382978723,,,,,,
q,beta_x_dim,0,0.3221759901052828,20.0,,,64.0,,500,inf,inf,0.338482202820685,0.3299595141700405,,,,,,
q,beta_x_dim,1,0.2955807837596712,20.0,,,64.0,,100,inf,inf,0.7145522388059702,0.7634408602150538,,,,,,
q,beta_x_dim,1,0.2955807837596712,20.0,,,64.0,,500,inf,inf,0.6754087193460491,0.7200811359026369,,,,,,
q,beta_x_dim,2,0.3180382777636512,20.0,,,64.0,,100,inf,inf,0.5080213903743316,0.5698924731182796,,,,,,
q,beta_x_dim,2,0.3180382777636512,20.0,,,64.0,,500,inf,inf,0.5015197568389058,0.5152129817444219,,,,,,
q,beta_x_dim,3,0.3669287418772428,20.0,,,64.0,,100,inf,inf,0.6007067137809188,0.7659574468085106,,,,,,
q,beta_x_dim,3,0.3669287418772428,20.0,,,64.0,,500,inf,inf,0.6534052596089008,0.7368421052631579,,,,,,
q,beta_x_dim,4,0.4116536270898129,20.0,,,64.0,,100,inf,inf,0.647985989492119,0.4946236559139785,,,,,,
q,beta_x_dim,4,0.4116536270898129,20.0,,,64.0,,500,inf,inf,0.6630764052507573,0.5273833671399595,,,,,,
q,beta_x_dim,5,0.2934330069333181,20.0,,,64.0,,100,inf,inf,0.6108202443280978,0.7052631578947368,,,,,,
q,beta_x_dim,5,0.2934330069333181,20.0,,,64.0,,500,inf,inf,0.6559031281533805,0.6606060606060606,,,,,,
q,beta_x_dim,6,0.4216337928389128,20.0,,,64.0,,100,inf,inf,0.9618055555555556,1.0,,,,,,
q,beta_x_dim,6,0.4216337928389128,20.0,,,64.0,,500,inf,inf,0.9926075268817204,1.0,,,,,,
q,beta_x_dim,7,0.348135709032997,20.0,,,64.0,,100,inf,inf,0.7461139896373057,0.6021505376344086,,,,,,
q,beta_x_dim,7,0.348135709032997,20.0,,,64.0,,500,inf,inf,0.8163813360187983,0.7038539553752535,,,,,,
q,beta_x_dim,8,0.3115759651311149,20.0,,,64.0,,100,inf,inf,0.6542553191489362,0.75,,,,,,
q,beta_x_dim,8,0.3115759651311149,20.0,,,64.0,,500,inf,inf,0.6643049932523617,0.725609756097561,,,,,,
q,beta_x_dim,9,0.3456124348675807,20.0,,,64.0,,100,inf,inf,0.6725043782837128,0.7391304347826086,,,,,,
q,beta_x_dim,9,0.3456124348675807,20.0,,,64.0,,500,inf,inf,0.6677886233591384,0.6971544715447154,,,,,,
q,beta_x_dim,10,0.378879289575792,20.0,,,64.0,,100,inf,inf,0.7335701598579041,0.7473684210526316,,,,,,
q,beta_x_dim,10,0.378879289575792,20.0,,,64.0,,500,inf,inf,0.8143773202834964,0.793939393939394,,,,,,
q,beta_x_dim,11,0.3274053988382884,20.0,,,64.0,,100,inf,inf,0.6286231884057971,0.6105263157894737,,,,,,
q,beta_x_dim,11,0.3274053988382884,20.0,,,64.0,,500,inf,inf,0.6595528455284553,0.5818181818181818,,,,,,
q,beta_x_dim,12,0.3764796768453319,20.0,,,64.0,,100,inf,inf,0.8059964726631393,0.6881720430107527,,,,,,
q,beta_x_dim,12,0.3764796768453319,20.0,,,64.0,,500,inf,inf,0.8281092012133469,0.6795131845841785,,,,,,
q,beta_x_dim,13,0.3272847901693679,20.0,,,64.0,,100,inf,inf,0.774526678141136,0.9473684210526316,,,,,,
q,beta_x_dim,13,0.3272847901693679,20.0,,,64.0,,500,inf,inf,0.8151626970815162,0.9171717171717172,,,,,,
q,beta_x_dim,14,0.3264379164132335,20.0,,,64.0,,100,inf,inf,0.4851138353765324,0.4623655913978494,,,,,,
q,beta_x_dim,14,0.3264379164132335,20.0,,,64.0,,500,inf,inf,0.3625042073375967,0.2961460446247465,,,,,,
q,beta_x_dim,15,0.3124018770445692,20.0,,,64.0,,100,inf,inf,0.6192982456140351,0.5684210526315789,,,,,,
q,beta_x_dim,15,0.3124018770445692,20.0,,,64.0,,500,inf,inf,0.6575757575757576,0.6606060606060606,,,,,,
q,beta_x_dim,16,0.3106442961881303,20.0,,,64.0,,100,inf,inf,0.9244288224956064,0.946808510638298,,,,,,
q,beta_x_dim,16,0.3106442961881303,20.0,,,64.0,,500,inf,inf,0.985517009093971,0.9898785425101214,,,,,,
q,beta_x_dim,17,0.3375870917971322,20.0,,,64.0,,100,inf,inf,0.7943262411347518,0.8297872340425532,,,,,,
q,beta_x_dim,17,0.3375870917971322,20.0,,,64.0,,500,inf,inf,0.6909581646423751,0.7753036437246964,,,,,,
q,beta_x_dim,18,0.3627706335134446,20.0,,,64.0,,100,inf,inf,0.4973730297723292,0.5376344086021505,,,,,,
q,beta_x_dim,18,0.3627706335134446,20.0,,,64.0,,500,inf,inf,0.4994951194883877,0.5557809330628803,,,,,,
q,beta_x_dim,19,0.2719782442600281,20.0,,,64.0,,100,inf,inf,0.9334500875656744,0.9787234042553192,,,,,,
q,beta_x_dim,19,0.2719782442600281,20.0,,,64.0,,500,inf,inf,0.987209693705823,0.9959514170040484,,,,,,
q,beta_x_dim,0,0.2769788139980297,20.0,,,128.0,,100,inf,inf,0.3719723183391003,0.2978723404255319,,,,,,
q,beta_x_dim,0,0.2769788139980297,20.0,,,128.0,,500,inf,inf,0.3408327736736064,0.3279352226720647,,,,,,
q,beta_x_dim,1,0.2437982963519862,20.0,,,128.0,,100,inf,inf,0.7052238805970149,0.7849462365591398,,,,,,
q,beta_x_dim,1,0.2437982963519862,20.0,,,128.0,,500,inf,inf,0.6737057220708447,0.7241379310344828,,,,,,
q,beta_x_dim,2,0.2433973032733596,20.0,,,128.0,,100,inf,inf,0.499108734402852,0.5913978494623656,,,,,,
q,beta_x_dim,2,0.2433973032733596,20.0,,,128.0,,500,inf,inf,0.4998311381290105,0.5192697768762677,,,,,,
q,beta_x_dim,3,0.2265935165248834,20.0,,,128.0,,100,inf,inf,0.6024734982332155,0.7340425531914894,,,,,,
q,beta_x_dim,3,0.2265935165248834,20.0,,,128.0,,500,inf,inf,0.6537424140256237,0.7307692307692307,,,,,,
q,beta_x_dim,4,0.2463705230170547,20.0,,,128.0,,100,inf,inf,0.6549912434325744,0.5161290322580645,,,,,,
q,beta_x_dim,4,0.2463705230170547,20.0,,,128.0,,500,inf,inf,0.6644227532817233,0.5314401622718052,,,,,,
q,beta_x_dim,5,0.2007125177184121,20.0,,,128.0,,100,inf,inf,0.5759162303664922,0.6842105263157895,,,,,,
q,beta_x_dim,5,0.2007125177184121,20.0,,,128.0,,500,inf,inf,0.6491759165825766,0.6565656565656566,,,,,,
q,beta_x_dim,6,0.2719857913570569,20.0,,,128.0,,100,inf,inf,0.9704861111111112,0.9893617021276596,,,,,,
q,beta_x_dim,6,0.2719857913570569,20.0,,,128.0,,500,inf,inf,0.994287634408602,0.9979757085020244,,,,,,
q,beta_x_dim,7,0.2114275672740672,20.0,,,128.0,,100,inf,inf,0.7737478411053541,0.6021505376344086,,,,,,
q,beta_x_dim,7,0.2114275672740672,20.0,,,128.0,,500,inf,inf,0.8217522658610272,0.7038539553752535,,,,,,
q,beta_x_dim,8,0.2149741897036,20.0,,,128.0,,100,inf,inf,0.648936170212766,0.75,,,,,,
q,beta_x_dim,8,0.2149741897036,20.0,,,128.0,,500,inf,inf,0.6632928475033738,0.725609756097561,,,,,,
q,beta_x_dim,9,0.2567751353259747,20.0,,,128.0,,100,inf,inf,0.658493870402802,0.7391304347826086,,,,,,
q,beta_x_dim,9,0.2567751353259747,20.0,,,128.0,,500,inf,inf,0.6650959272972063,0.6971544715447154,,,,,,
q,beta_x_dim,10,0.2486463417142581,20.0,,,128.0,,100,inf,inf,0.7495559502664298,0.7368421052631579,,,,,,
q,beta_x_dim,10,0.2486463417142581,20.0,,,128.0,,500,inf,inf,0.817414782315221,0.7919191919191919,,,,,,
q,beta_x_dim,11,0.1974217867761011,20.0,,,128.0,,100,inf,inf,0.6231884057971014,0.6210526315789474,,,,,,
q,beta_x_dim,11,0.1974217867761011,20.0,,,128.0,,500,inf,inf,0.6585365853658537,0.5838383838383838,,,,,,
q,beta_x_dim,12,0.2230611143413504,20.0,,,128.0,,100,inf,inf,0.763668430335097,0.6881720430107527,,,,,,
q,beta_x_dim,12,0.2230611143413504,20.0,,,128.0,,500,inf,inf,0.8200202224469161,0.6795131845841785,,,,,,
q,beta_x_dim,13,0.2868358576336272,20.0,,,128.0,,100,inf,inf,0.7728055077452668,0.9473684210526316,,,,,,
q,beta_x_dim,13,0.2868358576336272,20.0,,,128.0,,500,inf,inf,0.8148272391814827,0.9171717171717172,,,,,,
q,beta_x_dim,14,0.260450112016454,20.0,,,128.0,,100,inf,inf,0.4746059544658494,0.4516129032258064,,,,,,
q,beta_x_dim,14,0.260450112016454,20.0,,,128.0,,500,inf,inf,0.3604846852911477,0.2941176470588235,,,,,,
q,beta_x_dim,15,0.2108225834473612,20.0,,,128.0,,100,inf,inf,0.6192982456140351,0.5368421052631579,,,,,,
q,beta_x_dim,15,0.2108225834473612,20.0,,,128.0,,500,inf,inf,0.6575757575757576,0.6545454545454545,,,,,,
q,beta_x_dim,16,0.2383339427238416,20.0,,,128.0,,100,inf,inf,0.8963093145869947,0.9574468085106383,,,,,,
q,beta_x_dim,16,0.2383339427238416,20.0,,,128.0,,500,inf,inf,0.9801279892219602,0.9919028340080972,,,,,,
q,beta_x_dim,17,0.1810992779347456,20.0,,,128.0,,100,inf,inf,0.7890070921985816,0.8085106382978723,,,,,,
q,beta_x_dim,17,0.1810992779347456,20.0,,,128.0,,500,inf,inf,0.6899460188933874,0.771255060728745,,,,,,
q,beta_x_dim,18,0.3105319741536367,20.0,,,128.0,,100,inf,inf,0.5061295971978984,0.5376344086021505,,,,,,
q,beta_x_dim,18,0.3105319741536367,20.0,,,128.0,,500,inf,inf,0.5011780545270953,0.5557809330628803,,,,,,
q,beta_x_dim,19,0.1828295288710636,20.0,,,128.0,,100,inf,inf,0.9001751313485113,0.9787234042553192,,,,,,
q,beta_x_dim,19,0.1828295288710636,20.0,,,128.0,,500,inf,inf,0.9808145405587344,0.9959514170040484,,,,,,
q,beta_x_dim,0,0.1561151590110898,20.0,,,256.0,,100,inf,inf,0.3737024221453287,0.3297872340425531,,,,,,
q,beta_x_dim,0,0.1561151590110898,20.0,,,256.0,,500,inf,inf,0.341168569509738,0.3340080971659919,,,,,,
q,beta_x_dim,1,0.1544549162417507,20.0,,,256.0,,100,inf,inf,0.7033582089552238,0.7741935483870968,,,,,,
q,beta_x_dim,1,0.1544549162417507,20.0,,,256.0,,500,inf,inf,0.6733651226158038,0.7221095334685599,,,,,,
q,beta_x_dim,2,0.1611444428630177,20.0,,,256.0,,100,inf,inf,0.5222816399286988,0.5483870967741935,,,,,,
q,beta_x_dim,2,0.1611444428630177,20.0,,,256.0,,500,inf,inf,0.5042215467747383,0.5111561866125761,,,,,,
q,beta_x_dim,3,0.1386638649939305,20.0,,,256.0,,100,inf,inf,0.5706713780918727,0.7127659574468085,,,,,,
q,beta_x_dim,3,0.1386638649939305,20.0,,,256.0,,500,inf,inf,0.6476736345246122,0.7267206477732794,,,,,,
q,beta_x_dim,4,0.2199032936958288,20.0,,,256.0,,100,inf,inf,0.6252189141856392,0.5698924731182796,,,,,,
q,beta_x_dim,4,0.2199032936958288,20.0,,,256.0,,500,inf,inf,0.6587007741501179,0.5415821501014199,,,,,,
q,beta_x_dim,5,0.1706797529091717,20.0,,,256.0,,100,inf,inf,0.6160558464223386,0.6631578947368421,,,,,,
q,beta_x_dim,5,0.1706797529091717,20.0,,,256.0,,500,inf,inf,0.656912209889001,0.6525252525252525,,,,,,
q,beta_x_dim,6,0.1826961665570637,20.0,,,256.0,,100,inf,inf,0.9600694444444444,0.9680851063829788,,,,,,
q,beta_x_dim,6,0.1826961665570637,20.0,,,256.0,,500,inf,inf,0.992271505376344,0.9939271255060728,,,,,,
q,beta_x_dim,7,0.1382621299628856,20.0,,,256.0,,100,inf,inf,0.7512953367875648,0.6129032258064516,,,,,,
q,beta_x_dim,7,0.1382621299628856,20.0,,,256.0,,500,inf,inf,0.8173883853642162,0.7058823529411765,,,,,,
q,beta_x_dim,8,0.1738344351847317,20.0,,,256.0,,100,inf,inf,0.6560283687943262,0.75,,,,,,
q,beta_x_dim,8,0.1738344351847317,20.0,,,256.0,,500,inf,inf,0.664642375168691,0.725609756097561,,,,,,
q,beta_x_dim,9,0.2133657125731659,20.0,,,256.0,,100,inf,inf,0.6725043782837128,0.7391304347826086,,,,,,
q,beta_x_dim,9,0.2133657125731659,20.0,,,256.0,,500,inf,inf,0.6677886233591384,0.6971544715447154,,,,,,
q,beta_x_dim,10,0.2254427509551922,20.0,,,256.0,,100,inf,inf,0.7708703374777975,0.7684210526315789,,,,,,
q,beta_x_dim,10,0.2254427509551922,20.0,,,256.0,,500,inf,inf,0.8214647316908539,0.797979797979798,,,,,,
q,beta_x_dim,11,0.1840049138218659,20.0,,,256.0,,100,inf,inf,0.6086956521739131,0.5789473684210527,,,,,,
q,beta_x_dim,11,0.1840049138218659,20.0,,,256.0,,500,inf,inf,0.6558265582655827,0.5757575757575758,,,,,,
q,beta_x_dim,12,0.1576595918302586,20.0,,,256.0,,100,inf,inf,0.7707231040564374,0.7204301075268817,,,,,,
q,beta_x_dim,12,0.1576595918302586,20.0,,,256.0,,500,inf,inf,0.8213683855746545,0.6855983772819473,,,,,,
q,beta_x_dim,13,0.1825318597082257,20.0,,,256.0,,100,inf,inf,0.7590361445783133,0.9473684210526316,,,,,,
q,beta_x_dim,13,0.1825318597082257,20.0,,,256.0,,500,inf,inf,0.8121435759812143,0.9171717171717172,,,,,,
q,beta_x_dim,14,0.1314253804517846,20.0,,,256.0,,100,inf,inf,0.4623467600700525,0.4731182795698925,,,,,,
q,beta_x_dim,14,0.1314253804517846,20.0,,,256.0,,500,inf,inf,0.3581285762369572,0.2981744421906693,,,,,,
q,beta_x_dim,15,0.147930466476972,20.0,,,256.0,,100,inf,inf,0.6298245614035087,0.6,,,,,,
q,beta_x_dim,15,0.147930466476972,20.0,,,256.0,,500,inf,inf,0.6595959595959596,0.6666666666666666,,,,,,
q,beta_x_dim,16,0.1816174986867891,20.0,,,256.0,,100,inf,inf,0.8998242530755711,0.9042553191489362,,,,,,
q,beta_x_dim,16,0.1816174986867891,20.0,,,256.0,,500,inf,inf,0.9808016167059616,0.9817813765182186,,,,,,
q,beta_x_dim,17,0.1604795312524981,20.0,,,256.0,,100,inf,inf,0.7216312056737588,0.7872340425531915,,,,,,
q,beta_x_dim,17,0.1604795312524981,20.0,,,256.0,,500,inf,inf,0.6771255060728745,0.7672064777327935,,,,,,
q,beta_x_dim,18,0.1535224584703985,20.0,,,256.0,,100,inf,inf,0.5043782837127846,0.5698924731182796,,,,,,
q,beta_x_dim,18,0.1535224584703985,20.0,,,256.0,,500,inf,inf,0.5008414675193538,0.5618661257606491,,,,,,
q,beta_x_dim,19,0.1605501696049673,20.0,,,256.0,,100,inf,inf,0.87215411558669,0.9680851063829788,,,,,,
q,beta_x_dim,19,0.1605501696049673,20.0,,,256.0,,500,inf,inf,0.9754291484348704,0.9939271255060728,,,,,,
q,beta_x_dim,0,0.1030968424041055,20.0,,,512.0,,100,inf,inf,0.4325259515570934,0.3723404255319149,,,,,,
q,beta_x_dim,0,0.1030968424041055,20.0,,,512.0,,500,inf,inf,0.3525856279382136,0.3421052631578947,,,,,,
q,beta_x_dim,1,0.1140296269471779,20.0,,,512.0,,100,inf,inf,0.7052238805970149,0.8279569892473119,,,,,,
q,beta_x_dim,1,0.1140296269471779,20.0,,,512.0,,500,inf,inf,0.6737057220708447,0.7322515212981744,,,,,,
q,beta_x_dim,2,0.0927791855463762,20.0,,,512.0,,100,inf,inf,0.5026737967914439,0.5376344086021505,,,,,,
q,beta_x_dim,2,0.0927791855463762,20.0,,,512.0,,500,inf,inf,0.5005065856129686,0.5091277890466531,,,,,,
q,beta_x_dim,3,0.1189404917111431,20.0,,,512.0,,100,inf,inf,0.568904593639576,0.7127659574468085,,,,,,
q,beta_x_dim,3,0.1189404917111431,20.0,,,512.0,,500,inf,inf,0.6473364801078895,0.7267206477732794,,,,,,
q,beta_x_dim,4,0.1426867814088468,20.0,,,512.0,,100,inf,inf,0.6252189141856392,0.5161290322580645,,,,,,
q,beta_x_dim,4,0.1426867814088468,20.0,,,512.0,,500,inf,inf,0.6587007741501179,0.5314401622718052,,,,,,
q,beta_x_dim,5,0.1064487629651989,20.0,,,512.0,,100,inf,inf,0.6003490401396161,0.631578947368421,,,,,,
q,beta_x_dim,5,0.1064487629651989,20.0,,,512.0,,500,inf,inf,0.6538849646821393,0.6464646464646465,,,,,,
q,beta_x_dim,6,0.1201973174121529,20.0,,,512.0,,100,inf,inf,0.9253472222222222,0.9680851063829788,,,,,,
q,beta_x_dim,6,0.1201973174121529,20.0,,,512.0,,500,inf,inf,0.9855510752688172,0.9939271255060728,,,,,,
q,beta_x_dim,7,0.1125765245269145,20.0,,,512.0,,100,inf,inf,0.7806563039723662,0.6236559139784946,,,,,,
q,beta_x_dim,7,0.1125765245269145,20.0,,,512.0,,500,inf,inf,0.8230949983215844,0.7079107505070994,,,,,,
q,beta_x_dim,8,0.1417573096555955,20.0,,,512.0,,100,inf,inf,0.6613475177304965,0.7282608695652174,,,,,,
q,beta_x_dim,8,0.1417573096555955,20.0,,,512.0,,500,inf,inf,0.6656545209176788,0.7215447154471545,,,,,,
q,beta_x_dim,9,0.133041364360873,20.0,,,512.0,,100,inf,inf,0.6637478108581436,0.7282608695652174,,,,,,
q,beta_x_dim,9,0.133041364360873,20.0,,,512.0,,500,inf,inf,0.6661056883204308,0.6951219512195121,,,,,,
q,beta_x_dim,10,0.1169679487972046,20.0,,,512.0,,100,inf,inf,0.7264653641207816,0.8105263157894737,,,,,,
q,beta_x_dim,10,0.1169679487972046,20.0,,,512.0,,500,inf,inf,0.8130273371582856,0.806060606060606,,,,,,
q,beta_x_dim,11,0.1246017663255829,20.0,,,512.0,,100,inf,inf,0.6123188405797102,0.6,,,,,,
q,beta_x_dim,11,0.1246017663255829,20.0,,,512.0,,500,inf,inf,0.6565040650406504,0.5797979797979798,,,,,,
q,beta_x_dim,12,0.1382766162059651,20.0,,,512.0,,100,inf,inf,0.7354497354497355,0.6989247311827957,,,,,,
q,beta_x_dim,12,0.1382766162059651,20.0,,,512.0,,500,inf,inf,0.8146275699359623,0.6815415821501014,,,,,,
q,beta_x_dim,13,0.1196281776795636,20.0,,,512.0,,100,inf,inf,0.7435456110154905,0.9157894736842104,,,,,,
q,beta_x_dim,13,0.1196281776795636,20.0,,,512.0,,500,inf,inf,0.8091244548809124,0.9111111111111112,,,,,,
q,beta_x_dim,14,0.1340870593186491,20.0,,,512.0,,100,inf,inf,0.4185639229422067,0.4516129032258064,,,,,,
q,beta_x_dim,14,0.1340870593186491,20.0,,,512.0,,500,inf,inf,0.3497139010434197,0.2941176470588235,,,,,,
q,beta_x_dim,15,0.0967374670363391,20.0,,,512.0,,100,inf,inf,0.6298245614035087,0.5894736842105263,,,,,,
q,beta_x_dim,15,0.0967374670363391,20.0,,,512.0,,500,inf,inf,0.6595959595959596,0.6646464646464646,,,,,,
q,beta_x_dim,16,0.1174795013926857,20.0,,,512.0,,100,inf,inf,0.8910369068541301,0.946808510638298,,,,,,
q,beta_x_dim,16,0.1174795013926857,20.0,,,512.0,,500,inf,inf,0.9791175479959582,0.9898785425101214,,,,,,
q,beta_x_dim,17,0.1417826345959721,20.0,,,512.0,,100,inf,inf,0.7588652482269503,0.7978723404255319,,,,,,
q,beta_x_dim,17,0.1417826345959721,20.0,,,512.0,,500,inf,inf,0.6842105263157895,0.7692307692307693,,,,,,
q,beta_x_dim,18,0.0907625039255792,20.0,,,512.0,,100,inf,inf,0.457092819614711,0.4946236559139785,,,,,,
q,beta_x_dim,18,0.0907625039255792,20.0,,,512.0,,500,inf,inf,0.4917536183103332,0.5476673427991886,,,,,,
q,beta_x_dim,19,0.1233153610554358,20.0,,,512.0,,100,inf,inf,0.9019264448336252,0.9680851063829788,,,,,,
q,beta_x_dim,19,0.1233153610554358,20.0,,,512.0,,500,inf,inf,0.981151127566476,0.9939271255060728,,,,,,
q,beta_x_dim,0,0.0832455924980941,20.0,,,1024.0,,100,inf,inf,0.513840830449827,0.4468085106382978,,,,,,
q,beta_x_dim,0,0.0832455924980941,20.0,,,1024.0,,500,inf,inf,0.3683680322364002,0.3562753036437247,,,,,,
q,beta_x_dim,1,0.0977398989210664,20.0,,,1024.0,,100,inf,inf,0.6772388059701493,0.8279569892473119,,,,,,
q,beta_x_dim,1,0.0977398989210664,20.0,,,1024.0,,500,inf,inf,0.6685967302452316,0.7322515212981744,,,,,,
q,beta_x_dim,2,0.098176231085323,20.0,,,1024.0,,100,inf,inf,0.5490196078431373,0.5483870967741935,,,,,,
q,beta_x_dim,2,0.098176231085323,20.0,,,1024.0,,500,inf,inf,0.5092874029044242,0.5111561866125761,,,,,,
q,beta_x_dim,3,0.1202208739769747,20.0,,,1024.0,,100,inf,inf,0.6289752650176679,0.6914893617021277,,,,,,
q,beta_x_dim,3,0.1202208739769747,20.0,,,1024.0,,500,inf,inf,0.6587997302764667,0.7226720647773279,,,,,,
q,beta_x_dim,4,0.0858213646046357,20.0,,,1024.0,,100,inf,inf,0.6287215411558669,0.5376344086021505,,,,,,
q,beta_x_dim,4,0.0858213646046357,20.0,,,1024.0,,500,inf,inf,0.6593739481656008,0.5354969574036511,,,,,,
q,beta_x_dim,5,0.095290498691526,20.0,,,1024.0,,100,inf,inf,0.6055846422338569,0.6421052631578947,,,,,,
q,beta_x_dim,5,0.095290498691526,20.0,,,1024.0,,500,inf,inf,0.6548940464177598,0.6484848484848484,,,,,,
q,beta_x_dim,6,0.0858756883561873,20.0,,,1024.0,,100,inf,inf,0.9236111111111112,0.9680851063829788,,,,,,
q,beta_x_dim,6,0.0858756883561873,20.0,,,1024.0,,500,inf,inf,0.9852150537634408,0.9939271255060728,,,,,,
q,beta_x_dim,7,0.0844807231030569,20.0,,,1024.0,,100,inf,inf,0.7668393782383419,0.6344086021505376,,,,,,
q,beta_x_dim,7,0.0844807231030569,20.0,,,1024.0,,500,inf,inf,0.82040953340047,0.7099391480730223,,,,,,
q,beta_x_dim,8,0.0855617921909968,20.0,,,1024.0,,100,inf,inf,0.6648936170212766,0.7717391304347826,,,,,,
q,beta_x_dim,8,0.0855617921909968,20.0,,,1024.0,,500,inf,inf,0.6663292847503374,0.7296747967479674,,,,,,
q,beta_x_dim,9,0.1003569482236124,20.0,,,1024.0,,100,inf,inf,0.6094570928196147,0.7391304347826086,,,,,,
q,beta_x_dim,9,0.1003569482236124,20.0,,,1024.0,,500,inf,inf,0.6556714910804443,0.6971544715447154,,,,,,
q,beta_x_dim,10,0.0940662699861201,20.0,,,1024.0,,100,inf,inf,0.7495559502664298,0.8421052631578947,,,,,,
q,beta_x_dim,10,0.0940662699861201,20.0,,,1024.0,,500,inf,inf,0.817414782315221,0.8121212121212121,,,,,,
q,beta_x_dim,11,0.0994580435870724,20.0,,,1024.0,,100,inf,inf,0.6413043478260869,0.7052631578947368,,,,,,
q,beta_x_dim,11,0.0994580435870724,20.0,,,1024.0,,500,inf,inf,0.6619241192411924,0.6,,,,,,
q,beta_x_dim,12,0.0662617463813111,20.0,,,1024.0,,100,inf,inf,0.6948853615520282,0.6451612903225806,,,,,,
q,beta_x_dim,12,0.0662617463813111,20.0,,,1024.0,,500,inf,inf,0.8068756319514662,0.6713995943204868,,,,,,
q,beta_x_dim,13,0.0876184035596533,20.0,,,1024.0,,100,inf,inf,0.7366609294320138,0.9263157894736842,,,,,,
q,beta_x_dim,13,0.0876184035596533,20.0,,,1024.0,,500,inf,inf,0.8077826232807782,0.9131313131313132,,,,,,
q,beta_x_dim,14,0.0975804595166753,20.0,,,1024.0,,100,inf,inf,0.404553415061296,0.3870967741935484,,,,,,
q,beta_x_dim,14,0.0975804595166753,20.0,,,1024.0,,500,inf,inf,0.3470212049814877,0.281947261663286,,,,,,
q,beta_x_dim,15,0.0830707630274445,20.0,,,1024.0,,100,inf,inf,0.6736842105263158,0.6631578947368421,,,,,,
q,beta_x_dim,15,0.0830707630274445,20.0,,,1024.0,,500,inf,inf,0.6680134680134681,0.6787878787878788,,,,,,
q,beta_x_dim,16,0.082259425917027,20.0,,,1024.0,,100,inf,inf,0.875219683655536,0.9148936170212766,,,,,,
q,beta_x_dim,16,0.082259425917027,20.0,,,1024.0,,500,inf,inf,0.9760862243179522,0.9838056680161944,,,,,,
q,beta_x_dim,17,0.1032670721174316,20.0,,,1024.0,,100,inf,inf,0.7641843971631206,0.7872340425531915,,,,,,
q,beta_x_dim,17,0.1032670721174316,20.0,,,1024.0,,500,inf,inf,0.6852226720647774,0.7672064777327935,,,,,,
q,beta_x_dim,18,0.0759683551193502,20.0,,,1024.0,,100,inf,inf,0.4746059544658494,0.5053763440860215,,,,,,
q,beta_x_dim,18,0.0759683551193502,20.0,,,1024.0,,500,inf,inf,0.4951194883877482,0.5496957403651116,,,,,,
q,beta_x_dim,19,0.0849126767994121,20.0,,,1024.0,,100,inf,inf,0.8844133099824869,0.9574468085106383,,,,,,
q,beta_x_dim,19,0.0849126767994121,20.0,,,1024.0,,500,inf,inf,0.977785257489061,0.9919028340080972,,,,,,
q,beta_x_dim,0,0.0590906245810299,20.0,,,2048.0,,100,inf,inf,0.4100346020761246,0.4148936170212766,,,,,,
q,beta_x_dim,0,0.0590906245810299,20.0,,,2048.0,,500,inf,inf,0.3482202820685023,0.3502024291497975,,,,,,
q,beta_x_dim,1,0.0805526696697304,20.0,,,2048.0,,100,inf,inf,0.6343283582089553,0.6666666666666666,,,,,,
q,beta_x_dim,1,0.0805526696697304,20.0,,,2048.0,,500,inf,inf,0.6607629427792916,0.7018255578093306,,,,,,
q,beta_x_dim,2,0.0738474821944611,20.0,,,2048.0,,100,inf,inf,0.5668449197860963,0.5913978494623656,,,,,,
q,beta_x_dim,2,0.0738474821944611,20.0,,,2048.0,,500,inf,inf,0.5126646403242148,0.5192697768762677,,,,,,
q,beta_x_dim,3,0.080736234833632,20.0,,,2048.0,,100,inf,inf,0.5477031802120141,0.6702127659574468,,,,,,
q,beta_x_dim,3,0.080736234833632,20.0,,,2048.0,,500,inf,inf,0.6432906271072151,0.7186234817813765,,,,,,
q,beta_x_dim,4,0.0551585314317101,20.0,,,2048.0,,100,inf,inf,0.6234676007005254,0.6774193548387096,,,,,,
q,beta_x_dim,4,0.0551585314317101,20.0,,,2048.0,,500,inf,inf,0.6583641871423763,0.5618661257606491,,,,,,
q,beta_x_dim,5,0.0692130486304319,20.0,,,2048.0,,100,inf,inf,0.6369982547993019,0.7052631578947368,,,,,,
q,beta_x_dim,5,0.0692130486304319,20.0,,,2048.0,,500,inf,inf,0.6609485368314834,0.6606060606060606,,,,,,
q,beta_x_dim,6,0.0717343974073521,20.0,,,2048.0,,100,inf,inf,0.9201388888888888,0.9787234042553192,,,,,,
q,beta_x_dim,6,0.0717343974073521,20.0,,,2048.0,,500,inf,inf,0.984543010752688,0.9959514170040484,,,,,,
q,beta_x_dim,7,0.0622144201339652,20.0,,,2048.0,,100,inf,inf,0.7150259067357513,0.5806451612903226,,,,,,
q,beta_x_dim,7,0.0622144201339652,20.0,,,2048.0,,500,inf,inf,0.8103390399462908,0.6997971602434077,,,,,,
q,beta_x_dim,8,0.0764464426210585,20.0,,,2048.0,,100,inf,inf,0.6666666666666666,0.7608695652173914,,,,,,
q,beta_x_dim,8,0.0764464426210585,20.0,,,2048.0,,500,inf,inf,0.6666666666666666,0.7276422764227642,,,,,,
q,beta_x_dim,9,0.0611985220808771,20.0,,,2048.0,,100,inf,inf,0.6112084063047285,0.7065217391304348,,,,,,
q,beta_x_dim,9,0.0611985220808771,20.0,,,2048.0,,500,inf,inf,0.6560080780881858,0.6910569105691057,,,,,,
q,beta_x_dim,10,0.067910613623016,20.0,,,2048.0,,100,inf,inf,0.7335701598579041,0.8526315789473684,,,,,,
q,beta_x_dim,10,0.067910613623016,20.0,,,2048.0,,500,inf,inf,0.8143773202834964,0.8141414141414142,,,,,,
q,beta_x_dim,11,0.0651762981409896,20.0,,,2048.0,,100,inf,inf,0.677536231884058,0.6736842105263158,,,,,,
q,beta_x_dim,11,0.0651762981409896,20.0,,,2048.0,,500,inf,inf,0.6686991869918699,0.593939393939394,,,,,,
q,beta_x_dim,12,0.0581884729454011,20.0,,,2048.0,,100,inf,inf,0.6261022927689595,0.5806451612903226,,,,,,
q,beta_x_dim,12,0.0581884729454011,20.0,,,2048.0,,500,inf,inf,0.7937310414560161,0.6592292089249493,,,,,,
q,beta_x_dim,13,0.0452618542833713,20.0,,,2048.0,,100,inf,inf,0.6351118760757315,0.7578947368421053,,,,,,
q,beta_x_dim,13,0.0452618542833713,20.0,,,2048.0,,500,inf,inf,0.7879906071787991,0.8808080808080808,,,,,,
q,beta_x_dim,14,0.0441828211865987,20.0,,,2048.0,,100,inf,inf,0.5201401050788091,0.4301075268817204,,,,,,
q,beta_x_dim,14,0.0441828211865987,20.0,,,2048.0,,500,inf,inf,0.3692359474924268,0.2900608519269776,,,,,,
q,beta_x_dim,15,0.0586007047122559,20.0,,,2048.0,,100,inf,inf,0.6614035087719298,0.7368421052631579,,,,,,
q,beta_x_dim,15,0.0586007047122559,20.0,,,2048.0,,500,inf,inf,0.6656565656565656,0.692929292929293,,,,,,
q,beta_x_dim,16,0.0663772188385679,20.0,,,2048.0,,100,inf,inf,0.8699472759226714,0.9042553191489362,,,,,,
q,beta_x_dim,16,0.0663772188385679,20.0,,,2048.0,,500,inf,inf,0.9750757830919502,0.9817813765182186,,,,,,
q,beta_x_dim,17,0.0599155119179395,20.0,,,2048.0,,100,inf,inf,0.7907801418439716,0.7872340425531915,,,,,,
q,beta_x_dim,17,0.0599155119179395,20.0,,,2048.0,,500,inf,inf,0.6902834008097166,0.7672064777327935,,,,,,
q,beta_x_dim,18,0.0528569949970827,20.0,,,2048.0,,100,inf,inf,0.5306479859894921,0.5591397849462365,,,,,,
q,beta_x_dim,18,0.0528569949970827,20.0,,,2048.0,,500,inf,inf,0.5058902726354763,0.5598377281947262,,,,,,
q,beta_x_dim,19,0.0597533003427516,20.0,,,2048.0,,100,inf,inf,0.978984238178634,0.9893617021276596,,,,,,
q,beta_x_dim,19,0.0597533003427516,20.0,,,2048.0,,500,inf,inf,0.995960955907102,0.9979757085020244,,,,,,
q,beta_x_dim,0,0.0528122944875321,20.0,,,4096.0,,100,inf,inf,0.4480968858131487,0.3936170212765957,,,,,,
q,beta_x_dim,0,0.0528122944875321,20.0,,,4096.0,,500,inf,inf,0.3556077904633982,0.3461538461538461,,,,,,
q,beta_x_dim,1,0.0332337536226412,20.0,,,4096.0,,100,1.4759978132394843e+91,1.4759978132394843e+91,0.8078358208955224,0.8494623655913979,,,,,,
q,beta_x_dim,1,0.0332337536226412,20.0,,,4096.0,,500,inf,inf,0.6920980926430518,0.7363083164300203,,,,,,
q,beta_x_dim,2,0.0451743962171918,20.0,,,4096.0,,100,inf,inf,0.5383244206773619,0.5913978494623656,,,,,,
q,beta_x_dim,2,0.0451743962171918,20.0,,,4096.0,,500,inf,inf,0.5072610604525498,0.5192697768762677,,,,,,
q,beta_x_dim,3,0.0427116544627979,20.0,,,4096.0,,100,inf,inf,0.5547703180212014,0.6170212765957447,,,,,,
q,beta_x_dim,3,0.0427116544627979,20.0,,,4096.0,,500,inf,inf,0.6446392447741065,0.708502024291498,,,,,,
q,beta_x_dim,4,0.0400158702661801,20.0,,,4096.0,,100,2.7110832345859763e+111,2.7110832345859763e+111,0.542907180385289,0.5698924731182796,,,,,,
q,beta_x_dim,4,0.0400158702661801,20.0,,,4096.0,,500,inf,inf,0.6428811847862672,0.5415821501014199,,,,,,
q,beta_x_dim,5,0.0370913464717784,20.0,,,4096.0,,100,inf,inf,0.5794066317626527,0.6736842105263158,,,,,,
q,beta_x_dim,5,0.0370913464717784,20.0,,,4096.0,,500,inf,inf,0.649848637739657,0.6545454545454545,,,,,,
q,beta_x_dim,6,0.0479492321544804,20.0,,,4096.0,,100,inf,inf,0.8107638888888888,0.946808510638298,,,,,,
q,beta_x_dim,6,0.0479492321544804,20.0,,,4096.0,,500,inf,inf,0.9633736559139784,0.9898785425101214,,,,,,
q,beta_x_dim,7,0.0385382896527443,20.0,,,4096.0,,100,inf,inf,0.6563039723661486,0.5161290322580645,,,,,,
q,beta_x_dim,7,0.0385382896527443,20.0,,,4096.0,,500,inf,inf,0.7989258140315542,0.6876267748478702,,,,,,
q,beta_x_dim,8,0.0543835979270181,20.0,,,4096.0,,100,inf,inf,0.6719858156028369,0.7934782608695652,,,,,,
q,beta_x_dim,8,0.0543835979270181,20.0,,,4096.0,,500,inf,inf,0.6676788124156545,0.733739837398374,,,,,,
q,beta_x_dim,9,0.0376531093771584,20.0,,,4096.0,,100,inf,inf,0.5726795096322241,0.6630434782608695,,,,,,
q,beta_x_dim,9,0.0376531093771584,20.0,,,4096.0,,500,inf,inf,0.6486031639178728,0.6829268292682927,,,,,,
q,beta_x_dim,10,0.0468377476856461,20.0,,,4096.0,,100,inf,inf,0.6483126110124334,0.7473684210526316,,,,,,
q,beta_x_dim,10,0.0468377476856461,20.0,,,4096.0,,500,inf,inf,0.7981775227809652,0.793939393939394,,,,,,
q,beta_x_dim,11,0.0521751382836228,20.0,,,4096.0,,100,inf,inf,0.5960144927536232,0.5894736842105263,,,,,,
q,beta_x_dim,11,0.0521751382836228,20.0,,,4096.0,,500,inf,inf,0.6534552845528455,0.5777777777777777,,,,,,
q,beta_x_dim,12,0.0375271207122855,20.0,,,4096.0,,100,inf,inf,0.5555555555555556,0.4946236559139785,,,,,,
q,beta_x_dim,12,0.0375271207122855,20.0,,,4096.0,,500,inf,inf,0.7802494101786316,0.6430020283975659,,,,,,
q,beta_x_dim,13,0.0361136154477065,20.0,,,4096.0,,100,inf,inf,0.6901893287435457,0.8210526315789474,,,,,,
q,beta_x_dim,13,0.0361136154477065,20.0,,,4096.0,,500,inf,inf,0.7987252599798725,0.8929292929292929,,,,,,
q,beta_x_dim,14,0.0462079830780834,20.0,,,4096.0,,100,4883.389295403064,4883.389295403064,0.563922942206655,0.4301075268817204,,,,,,
q,beta_x_dim,14,0.0462079830780834,20.0,,,4096.0,,500,inf,inf,0.3756311006395153,0.2961460446247465,,,,,,
q,beta_x_dim,15,0.0412325635617556,20.0,,,4096.0,,100,inf,inf,0.5807017543859649,0.6210526315789474,,,,,,
q,beta_x_dim,15,0.0412325635617556,20.0,,,4096.0,,500,inf,inf,0.6501683501683502,0.6707070707070707,,,,,,
q,beta_x_dim,16,0.0479727073439655,20.0,,,4096.0,,100,inf,inf,0.6783831282952548,0.8404255319148937,,,,,,
q,beta_x_dim,16,0.0479727073439655,20.0,,,4096.0,,500,inf,inf,0.9383630852138768,0.9696356275303644,,,,,,
q,beta_x_dim,17,0.0520924933809918,20.0,,,4096.0,,100,inf,inf,0.7411347517730497,0.8404255319148937,,,,,,
q,beta_x_dim,17,0.0520924933809918,20.0,,,4096.0,,500,inf,inf,0.6808367071524967,0.7773279352226721,,,,,,
q,beta_x_dim,18,0.0485882391989239,20.0,,,4096.0,,100,inf,inf,0.4605954465849387,0.4946236559139785,,,,,,
q,beta_x_dim,18,0.0485882391989239,20.0,,,4096.0,,500,inf,inf,0.4924267923258162,0.5476673427991886,,,,,,
q,beta_x_dim,19,0.0383921864166432,20.0,,,4096.0,,100,inf,inf,0.9544658493870404,0.9893617021276596,,,,,,
q,beta_x_dim,19,0.0383921864166432,20.0,,,4096.0,,500,inf,inf,0.991248737798721,0.9979757085020244,,,,,,
q,beta_x_dim,0,0.0288666205536211,20.0,,,8192.0,,100,32.39933845202272,32.39933845202272,0.7249134948096886,0.7659574468085106,,,,,,
q,beta_x_dim,0,0.0288666205536211,20.0,,,8192.0,,500,inf,inf,0.4140362659503022,0.4311740890688259,,,,,,
q,beta_x_dim,1,0.0271649459742409,20.0,,,8192.0,,100,614.3383741484016,508.93598740837217,0.8115671641791045,0.8387096774193549,,,,,,
q,beta_x_dim,1,0.0271649459742409,20.0,,,8192.0,,500,inf,inf,0.6723433242506812,0.7200811359026369,,,,,,
q,beta_x_dim,2,0.0371665552410182,20.0,,,8192.0,,100,inf,inf,0.6381461675579323,0.6129032258064516,,,,,,
q,beta_x_dim,2,0.0371665552410182,20.0,,,8192.0,,500,inf,inf,0.5261735900033773,0.5233265720081136,,,,,,
q,beta_x_dim,3,0.0255351733360245,20.0,,,8192.0,,100,inf,inf,0.6395759717314488,0.6382978723404256,,,,,,
q,beta_x_dim,3,0.0255351733360245,20.0,,,8192.0,,500,inf,inf,0.6601483479433581,0.7125506072874493,,,,,,
q,beta_x_dim,4,0.0354875706784735,20.0,,,8192.0,,100,5.383233254442831e+28,5.383233254442831e+28,0.6532399299474606,0.6666666666666666,,,,,,
q,beta_x_dim,4,0.0354875706784735,20.0,,,8192.0,,500,inf,inf,0.6617300572197913,0.5598377281947262,,,,,,
q,beta_x_dim,5,0.0246779094967519,20.0,,,8192.0,,100,290.0728614304569,290.0728614304569,0.7242582897033158,0.7157894736842105,,,,,,
q,beta_x_dim,5,0.0246779094967519,20.0,,,8192.0,,500,inf,inf,0.6696939118735284,0.6505050505050505,,,,,,
q,beta_x_dim,6,0.0408079366855368,20.0,,,8192.0,,100,inf,inf,0.7725694444444444,0.851063829787234,,,,,,
q,beta_x_dim,6,0.0408079366855368,20.0,,,8192.0,,500,inf,inf,0.9559811827956988,0.97165991902834,,,,,,
q,beta_x_dim,7,0.0315518750860876,20.0,,,8192.0,,100,72.2608176251304,72.2608176251304,0.7357512953367875,0.6989247311827957,,,,,,
q,beta_x_dim,7,0.0315518750860876,20.0,,,8192.0,,500,inf,inf,0.7838200738502853,0.7403651115618661,,,,,,
q,beta_x_dim,8,0.0397878227234198,20.0,,,8192.0,,100,6139.690632101519,6139.690632101519,0.6294326241134752,0.7391304347826086,,,,,,
q,beta_x_dim,8,0.0397878227234198,20.0,,,8192.0,,500,inf,inf,0.6538461538461539,0.7134146341463414,,,,,,
q,beta_x_dim,9,0.026488447237678,20.0,,,8192.0,,100,3.8641108754244324e+107,3.8641108754244324e+107,0.6234676007005254,0.6739130434782609,,,,,,
q,beta_x_dim,9,0.026488447237678,20.0,,,8192.0,,500,inf,inf,0.6570178391114103,0.6849593495934959,,,,,,
q,beta_x_dim,10,0.0346351932663387,20.0,,,8192.0,,100,inf,inf,0.6287744227353463,0.7157894736842105,,,,,,
q,beta_x_dim,10,0.0346351932663387,20.0,,,8192.0,,500,inf,inf,0.7944650691866352,0.7878787878787878,,,,,,
q,beta_x_dim,11,0.0260555256577383,20.0,,,8192.0,,100,51.36358876596416,51.36358876596416,0.7010869565217391,0.7368421052631579,,,,,,
q,beta_x_dim,11,0.0260555256577383,20.0,,,8192.0,,500,inf,inf,0.6361788617886179,0.597979797979798,,,,,,
q,beta_x_dim,12,0.0289139126779301,20.0,,,8192.0,,100,549.1541376619123,549.1541376619123,0.5679012345679012,0.6129032258064516,,,,,,
q,beta_x_dim,12,0.0289139126779301,20.0,,,8192.0,,500,inf,inf,0.7532861476238625,0.6693711967545639,,,,,,
q,beta_x_dim,13,0.0282074781210966,20.0,,,8192.0,,100,1.1876717002120162e+120,1.1876717002120162e+120,0.459552495697074,0.5578947368421052,,,,,,
q,beta_x_dim,13,0.0282074781210966,20.0,,,8192.0,,500,inf,inf,0.7531029855753103,0.8404040404040404,,,,,,
q,beta_x_dim,14,0.0311863302210941,20.0,,,8192.0,,100,146.52251833447545,146.52251833447545,0.702276707530648,0.6344086021505376,,,,,,
q,beta_x_dim,14,0.0311863302210941,20.0,,,8192.0,,500,inf,inf,0.4281386738471895,0.3529411764705882,,,,,,
q,beta_x_dim,15,0.0341092293731739,20.0,,,8192.0,,100,151.8756369508836,151.8756369508836,0.7070175438596491,0.6947368421052632,,,,,,
q,beta_x_dim,15,0.0341092293731739,20.0,,,8192.0,,500,inf,inf,0.6518518518518519,0.6626262626262627,,,,,,
q,beta_x_dim,16,0.0268410705717592,20.0,,,8192.0,,100,inf,inf,0.7750439367311072,0.8191489361702128,,,,,,
q,beta_x_dim,16,0.0268410705717592,20.0,,,8192.0,,500,inf,inf,0.9568878410239138,0.9655870445344128,,,,,,
q,beta_x_dim,17,0.0288385120973422,20.0,,,8192.0,,100,382.97427183492766,355.7989951753191,0.7127659574468085,0.8297872340425532,,,,,,
q,beta_x_dim,17,0.0288385120973422,20.0,,,8192.0,,500,inf,inf,0.6622807017543859,0.7672064777327935,,,,,,
q,beta_x_dim,18,0.0324697238711532,20.0,,,8192.0,,100,1234.651850554263,1234.651850554263,0.5166374781085814,0.5483870967741935,,,,,,
q,beta_x_dim,18,0.0324697238711532,20.0,,,8192.0,,500,inf,inf,0.4981487714574217,0.5598377281947262,,,,,,
q,beta_x_dim,19,0.0322978173793725,20.0,,,8192.0,,100,inf,inf,0.8686514886164624,0.9680851063829788,,,,,,
q,beta_x_dim,19,0.0322978173793725,20.0,,,8192.0,,500,inf,inf,0.9747559744193874,0.9939271255060728,,,,,,
q,beta_x_dim,0,0.0203569894689093,20.0,,,16384.0,,100,5.709748918011688,5.709748918011688,0.8114186851211073,0.925531914893617,,,,,,
q,beta_x_dim,0,0.0203569894689093,20.0,,,16384.0,,500,inf,inf,0.4717931497649429,0.5323886639676113,,,,,,
q,beta_x_dim,1,0.0180762543208998,20.0,,,16384.0,,100,31.916390156072293,31.916390156072293,0.7667910447761194,0.8817204301075269,,,,,,
q,beta_x_dim,1,0.0180762543208998,20.0,,,16384.0,,500,inf,inf,0.6811989100817438,0.7525354969574036,,,,,,
q,beta_x_dim,2,0.021402928767805,20.0,,,16384.0,,100,1002.841974305626,1002.841974305626,0.5739750445632799,0.5483870967741935,,,,,,
q,beta_x_dim,2,0.021402928767805,20.0,,,16384.0,,500,inf,inf,0.5109760216143195,0.5010141987829615,,,,,,
q,beta_x_dim,3,0.0187455835272602,20.0,,,16384.0,,100,143.801575921015,143.801575921015,0.9028268551236748,0.925531914893617,,,,,,
q,beta_x_dim,3,0.0187455835272602,20.0,,,16384.0,,500,inf,inf,0.7097100472016183,0.7651821862348178,,,,,,
q,beta_x_dim,4,0.0230212539981229,20.0,,,16384.0,,100,21.69316536222212,21.69316536222212,0.861646234676007,0.9247311827956988,,,,,,
q,beta_x_dim,4,0.0230212539981229,20.0,,,16384.0,,500,inf,inf,0.6802423426455739,0.6186612576064908,,,,,,
q,beta_x_dim,5,0.018059158472521,20.0,,,16384.0,,100,39.08239617183622,39.08239617183622,0.7155322862129145,0.6736842105263158,,,,,,
q,beta_x_dim,5,0.018059158472521,20.0,,,16384.0,,500,inf,inf,0.6559031281533805,0.6202020202020202,,,,,,
q,beta_x_dim,6,0.0210804508573937,20.0,,,16384.0,,100,441.2746123715917,441.2746123715917,0.625,0.6808510638297872,,,,,,
q,beta_x_dim,6,0.0210804508573937,20.0,,,16384.0,,500,inf,inf,0.9086021505376344,0.9271255060728744,,,,,,
q,beta_x_dim,7,0.0214313098777888,20.0,,,16384.0,,100,13.329266701740575,13.329266701740575,0.7979274611398963,0.6881720430107527,,,,,,
q,beta_x_dim,7,0.0214313098777888,20.0,,,16384.0,,500,inf,inf,0.7489090298757972,0.7038539553752535,,,,,,
q,beta_x_dim,8,0.0210305880424345,20.0,,,16384.0,,100,53.29713709659728,53.29713709659728,0.799645390070922,0.7065217391304348,,,,,,
q,beta_x_dim,8,0.0210305880424345,20.0,,,16384.0,,500,inf,inf,0.6737516869095816,0.6869918699186992,,,,,,
q,beta_x_dim,9,0.0197283560090542,20.0,,,16384.0,,100,269.0890491807797,269.0890491807797,0.7355516637478109,0.6956521739130435,,,,,,
q,beta_x_dim,9,0.0197283560090542,20.0,,,16384.0,,500,inf,inf,0.6728374284752608,0.693089430894309,,,,,,
q,beta_x_dim,10,0.0223619354863721,20.0,,,16384.0,,100,273.47770701830024,273.47770701830024,0.6163410301953819,0.8210526315789474,,,,,,
q,beta_x_dim,10,0.0223619354863721,20.0,,,16384.0,,500,inf,inf,0.750253121835977,0.7838383838383839,,,,,,
q,beta_x_dim,11,0.0231050851373385,20.0,,,16384.0,,100,78.2363417846263,78.2363417846263,0.75,0.6526315789473685,,,,,,
q,beta_x_dim,11,0.0231050851373385,20.0,,,16384.0,,500,inf,inf,0.6537940379403794,0.5777777777777777,,,,,,
q,beta_x_dim,12,0.0269907621139558,20.0,,,16384.0,,100,62.482823665337904,62.482823665337904,0.783068783068783,0.946236559139785,,,,,,
q,beta_x_dim,12,0.0269907621139558,20.0,,,16384.0,,500,inf,inf,0.7691270643747894,0.718052738336714,,,,,,
q,beta_x_dim,13,0.0258307931405904,20.0,,,16384.0,,100,444.36927631285295,444.36927631285295,0.6884681583476764,0.8105263157894737,,,,,,
q,beta_x_dim,13,0.0258307931405904,20.0,,,16384.0,,500,inf,inf,0.765179469976518,0.8686868686868687,,,,,,
q,beta_x_dim,14,0.0206594191617385,20.0,,,16384.0,,100,5.033734907597967,5.033734907597967,0.87215411558669,0.8279569892473119,,,,,,
q,beta_x_dim,14,0.0206594191617385,20.0,,,16384.0,,500,inf,inf,0.5334904072702794,0.5070993914807302,,,,,,
q,beta_x_dim,15,0.0269255670457066,20.0,,,16384.0,,100,18.87090031940521,18.87090031940521,0.7070175438596491,0.7684210526315789,,,,,,
q,beta_x_dim,15,0.0269255670457066,20.0,,,16384.0,,500,inf,inf,0.6666666666666666,0.6828282828282828,,,,,,
q,beta_x_dim,16,0.0165846560209867,20.0,,,16384.0,,100,646.5513309195096,646.5513309195096,0.7539543057996485,0.7659574468085106,,,,,,
q,beta_x_dim,16,0.0165846560209867,20.0,,,16384.0,,500,inf,inf,0.9033344560458066,0.9230769230769232,,,,,,
q,beta_x_dim,17,0.0198970173937805,20.0,,,16384.0,,100,7.046129350352307,7.046129350352307,0.952127659574468,0.9787234042553192,,,,,,
q,beta_x_dim,17,0.0198970173937805,20.0,,,16384.0,,500,inf,inf,0.6632928475033738,0.7672064777327935,,,,,,
q,beta_x_dim,18,0.0208652858105288,20.0,,,16384.0,,100,81.52041698247197,81.52041698247197,0.5761821366024519,0.5483870967741935,,,,,,
q,beta_x_dim,18,0.0208652858105288,20.0,,,16384.0,,500,inf,inf,0.5018512285425782,0.5578093306288032,,,,,,
q,beta_x_dim,19,0.0214653212215956,20.0,,,16384.0,,100,988.8589544322602,934.7858552357908,0.9754816112084064,1.0,,,,,,
q,beta_x_dim,19,0.0214653212215956,20.0,,,16384.0,,500,inf,inf,0.9720632783574554,0.98582995951417,,,,,,
q,beta_x_dim,0,0.475488624112919,50.0,,,32.0,,100,inf,inf,0.3356401384083045,0.3085106382978723,,,,,,
q,beta_x_dim,0,0.475488624112919,50.0,,,32.0,,500,inf,inf,0.3337810611148422,0.3299595141700405,,,,,,
q,beta_x_dim,1,0.4081277900492999,50.0,,,32.0,,100,inf,inf,0.7126865671641791,0.7956989247311828,,,,,,
q,beta_x_dim,1,0.4081277900492999,50.0,,,32.0,,500,inf,inf,0.6750681198910081,0.7261663286004056,,,,,,
q,beta_x_dim,2,0.4730093470080129,50.0,,,32.0,,100,inf,inf,0.499108734402852,0.5483870967741935,,,,,,
q,beta_x_dim,2,0.4730093470080129,50.0,,,32.0,,500,inf,inf,0.4998311381290105,0.5111561866125761,,,,,,
q,beta_x_dim,3,0.4466934199958885,50.0,,,32.0,,100,inf,inf,0.6166077738515902,0.7659574468085106,,,,,,
q,beta_x_dim,3,0.4466934199958885,50.0,,,32.0,,500,inf,inf,0.6564396493594066,0.7368421052631579,,,,,,
q,beta_x_dim,4,0.5533154376476055,50.0,,,32.0,,100,inf,inf,0.6199649737302977,0.4623655913978494,,,,,,
q,beta_x_dim,4,0.5533154376476055,50.0,,,32.0,,500,inf,inf,0.6576910131268933,0.5212981744421906,,,,,,
q,beta_x_dim,5,0.3734272198299829,50.0,,,32.0,,100,inf,inf,0.6404886561954625,0.7052631578947368,,,,,,
q,beta_x_dim,5,0.3734272198299829,50.0,,,32.0,,500,inf,inf,0.6616212579885637,0.6606060606060606,,,,,,
q,beta_x_dim,6,0.4297836233635966,50.0,,,32.0,,100,inf,inf,0.9652777777777778,0.9680851063829788,,,,,,
q,beta_x_dim,6,0.4297836233635966,50.0,,,32.0,,500,inf,inf,0.9932795698924732,0.9939271255060728,,,,,,
q,beta_x_dim,7,0.4400890544880544,50.0,,,32.0,,100,inf,inf,0.7564766839378239,0.5806451612903226,,,,,,
q,beta_x_dim,7,0.4400890544880544,50.0,,,32.0,,500,inf,inf,0.818395434709634,0.6997971602434077,,,,,,
q,beta_x_dim,8,0.4385564417708694,50.0,,,32.0,,100,inf,inf,0.6312056737588653,0.7282608695652174,,,,,,
q,beta_x_dim,8,0.4385564417708694,50.0,,,32.0,,500,inf,inf,0.659919028340081,0.7215447154471545,,,,,,
q,beta_x_dim,9,0.4168672354707817,50.0,,,32.0,,100,inf,inf,0.6952714535901926,0.7282608695652174,,,,,,
q,beta_x_dim,9,0.4168672354707817,50.0,,,32.0,,500,inf,inf,0.6721642544597779,0.6951219512195121,,,,,,
q,beta_x_dim,10,0.4462354434217582,50.0,,,32.0,,100,inf,inf,0.7335701598579041,0.7263157894736842,,,,,,
q,beta_x_dim,10,0.4462354434217582,50.0,,,32.0,,500,inf,inf,0.8143773202834964,0.7898989898989899,,,,,,
q,beta_x_dim,11,0.3453439906042841,50.0,,,32.0,,100,inf,inf,0.6123188405797102,0.6,,,,,,
q,beta_x_dim,11,0.3453439906042841,50.0,,,32.0,,500,inf,inf,0.6565040650406504,0.5797979797979798,,,,,,
q,beta_x_dim,12,0.5218634903299535,50.0,,,32.0,,100,inf,inf,0.8024691358024691,0.6989247311827957,,,,,,
q,beta_x_dim,12,0.5218634903299535,50.0,,,32.0,,500,inf,inf,0.8274351196494776,0.6815415821501014,,,,,,
q,beta_x_dim,13,0.4206226488705533,50.0,,,32.0,,100,inf,inf,0.7865748709122203,0.9473684210526316,,,,,,
q,beta_x_dim,13,0.4206226488705533,50.0,,,32.0,,500,inf,inf,0.8175109023817511,0.9171717171717172,,,,,,
q,beta_x_dim,14,0.4990514455594063,50.0,,,32.0,,100,inf,inf,0.4535901926444833,0.4946236559139785,,,,,,
q,beta_x_dim,14,0.4990514455594063,50.0,,,32.0,,500,inf,inf,0.3564456411982497,0.3022312373225152,,,,,,
q,beta_x_dim,15,0.4726710863089248,50.0,,,32.0,,100,inf,inf,0.6368421052631579,0.5473684210526316,,,,,,
q,beta_x_dim,15,0.4726710863089248,50.0,,,32.0,,500,inf,inf,0.6609427609427609,0.6565656565656566,,,,,,
q,beta_x_dim,16,0.4514587337877777,50.0,,,32.0,,100,inf,inf,0.9349736379613356,0.9680851063829788,,,,,,
q,beta_x_dim,16,0.4514587337877777,50.0,,,32.0,,500,inf,inf,0.987537891545975,0.9939271255060728,,,,,,
q,beta_x_dim,17,0.4502359836938825,50.0,,,32.0,,100,inf,inf,0.8031914893617021,0.8191489361702128,,,,,,
q,beta_x_dim,17,0.4502359836938825,50.0,,,32.0,,500,inf,inf,0.6926450742240216,0.7732793522267206,,,,,,
q,beta_x_dim,18,0.5626601659757056,50.0,,,32.0,,100,inf,inf,0.5026269702276708,0.5376344086021505,,,,,,
q,beta_x_dim,18,0.5626601659757056,50.0,,,32.0,,500,inf,inf,0.5005048805116122,0.5557809330628803,,,,,,
q,beta_x_dim,19,0.4107705136378998,50.0,,,32.0,,100,inf,inf,0.9649737302977232,0.946808510638298,,,,,,
q,beta_x_dim,19,0.4107705136378998,50.0,,,32.0,,500,inf,inf,0.99326825984517,0.9898785425101214,,,,,,
q,beta_x_dim,0,0.3221759901052828,50.0,,,64.0,,100,inf,inf,0.3737024221453287,0.3085106382978723,,,,,,
q,beta_x_dim,0,0.3221759901052828,50.0,,,64.0,,500,inf,inf,0.341168569509738,0.3299595141700405,,,,,,
q,beta_x_dim,1,0.2955807837596712,50.0,,,64.0,,100,inf,inf,0.7145522388059702,0.7634408602150538,,,,,,
q,beta_x_dim,1,0.2955807837596712,50.0,,,64.0,,500,inf,inf,0.6754087193460491,0.7200811359026369,,,,,,
q,beta_x_dim,2,0.3180382777636512,50.0,,,64.0,,100,inf,inf,0.4848484848484848,0.5698924731182796,,,,,,
q,beta_x_dim,2,0.3180382777636512,50.0,,,64.0,,500,inf,inf,0.497129348193178,0.5152129817444219,,,,,,
q,beta_x_dim,3,0.3669287418772428,50.0,,,64.0,,100,inf,inf,0.6007067137809188,0.7659574468085106,,,,,,
q,beta_x_dim,3,0.3669287418772428,50.0,,,64.0,,500,inf,inf,0.6534052596089008,0.7368421052631579,,,,,,
q,beta_x_dim,4,0.4116536270898129,50.0,,,64.0,,100,inf,inf,0.647985989492119,0.4946236559139785,,,,,,
q,beta_x_dim,4,0.4116536270898129,50.0,,,64.0,,500,inf,inf,0.6630764052507573,0.5273833671399595,,,,,,
q,beta_x_dim,5,0.2934330069333181,50.0,,,64.0,,100,inf,inf,0.6108202443280978,0.7052631578947368,,,,,,
q,beta_x_dim,5,0.2934330069333181,50.0,,,64.0,,500,inf,inf,0.6559031281533805,0.6606060606060606,,,,,,
q,beta_x_dim,6,0.4216337928389128,50.0,,,64.0,,100,inf,inf,0.9618055555555556,1.0,,,,,,
q,beta_x_dim,6,0.4216337928389128,50.0,,,64.0,,500,inf,inf,0.9926075268817204,1.0,,,,,,
q,beta_x_dim,7,0.348135709032997,50.0,,,64.0,,100,inf,inf,0.7461139896373057,0.6021505376344086,,,,,,
q,beta_x_dim,7,0.348135709032997,50.0,,,64.0,,500,inf,inf,0.8163813360187983,0.7038539553752535,,,,,,
q,beta_x_dim,8,0.3115759651311149,50.0,,,64.0,,100,inf,inf,0.6542553191489362,0.75,,,,,,
q,beta_x_dim,8,0.3115759651311149,50.0,,,64.0,,500,inf,inf,0.6643049932523617,0.725609756097561,,,,,,
q,beta_x_dim,9,0.3456124348675807,50.0,,,64.0,,100,inf,inf,0.6725043782837128,0.7391304347826086,,,,,,
q,beta_x_dim,9,0.3456124348675807,50.0,,,64.0,,500,inf,inf,0.6677886233591384,0.6971544715447154,,,,,,
q,beta_x_dim,10,0.378879289575792,50.0,,,64.0,,100,inf,inf,0.7335701598579041,0.7473684210526316,,,,,,
q,beta_x_dim,10,0.378879289575792,50.0,,,64.0,,500,inf,inf,0.8143773202834964,0.793939393939394,,,,,,
q,beta_x_dim,11,0.3274053988382884,50.0,,,64.0,,100,inf,inf,0.6286231884057971,0.6105263157894737,,,,,,
q,beta_x_dim,11,0.3274053988382884,50.0,,,64.0,,500,inf,inf,0.6595528455284553,0.5818181818181818,,,,,,
q,beta_x_dim,12,0.3764796768453319,50.0,,,64.0,,100,inf,inf,0.8059964726631393,0.6881720430107527,,,,,,
q,beta_x_dim,12,0.3764796768453319,50.0,,,64.0,,500,inf,inf,0.8281092012133469,0.6795131845841785,,,,,,
q,beta_x_dim,13,0.3272847901693679,50.0,,,64.0,,100,inf,inf,0.7762478485370051,0.9473684210526316,,,,,,
q,beta_x_dim,13,0.3272847901693679,50.0,,,64.0,,500,inf,inf,0.8154981549815498,0.9171717171717172,,,,,,
q,beta_x_dim,14,0.3264379164132335,50.0,,,64.0,,100,inf,inf,0.4658493870402802,0.4623655913978494,,,,,,
q,beta_x_dim,14,0.3264379164132335,50.0,,,64.0,,500,inf,inf,0.3588017502524402,0.2961460446247465,,,,,,
q,beta_x_dim,15,0.3124018770445692,50.0,,,64.0,,100,inf,inf,0.6192982456140351,0.5578947368421052,,,,,,
q,beta_x_dim,15,0.3124018770445692,50.0,,,64.0,,500,inf,inf,0.6575757575757576,0.6585858585858586,,,,,,
q,beta_x_dim,16,0.3106442961881303,50.0,,,64.0,,100,inf,inf,0.9244288224956064,0.946808510638298,,,,,,
q,beta_x_dim,16,0.3106442961881303,50.0,,,64.0,,500,inf,inf,0.985517009093971,0.9898785425101214,,,,,,
q,beta_x_dim,17,0.3375870917971322,50.0,,,64.0,,100,inf,inf,0.7943262411347518,0.8297872340425532,,,,,,
q,beta_x_dim,17,0.3375870917971322,50.0,,,64.0,,500,inf,inf,0.6909581646423751,0.7753036437246964,,,,,,
q,beta_x_dim,18,0.3627706335134446,50.0,,,64.0,,100,inf,inf,0.4973730297723292,0.5376344086021505,,,,,,
q,beta_x_dim,18,0.3627706335134446,50.0,,,64.0,,500,inf,inf,0.4994951194883877,0.5557809330628803,,,,,,
q,beta_x_dim,19,0.2719782442600281,50.0,,,64.0,,100,inf,inf,0.9632224168126094,0.9680851063829788,,,,,,
q,beta_x_dim,19,0.2719782442600281,50.0,,,64.0,,500,inf,inf,0.9929316728374284,0.9939271255060728,,,,,,
q,beta_x_dim,0,0.2769788139980297,50.0,,,128.0,,100,inf,inf,0.3719723183391003,0.2978723404255319,,,,,,
q,beta_x_dim,0,0.2769788139980297,50.0,,,128.0,,500,inf,inf,0.3408327736736064,0.3279352226720647,,,,,,
q,beta_x_dim,1,0.2437982963519862,50.0,,,128.0,,100,inf,inf,0.707089552238806,0.7741935483870968,,,,,,
q,beta_x_dim,1,0.2437982963519862,50.0,,,128.0,,500,inf,inf,0.6740463215258855,0.7221095334685599,,,,,,
q,beta_x_dim,2,0.2433973032733596,50.0,,,128.0,,100,inf,inf,0.499108734402852,0.5913978494623656,,,,,,
q,beta_x_dim,2,0.2433973032733596,50.0,,,128.0,,500,inf,inf,0.4998311381290105,0.5192697768762677,,,,,,
q,beta_x_dim,3,0.2265935165248834,50.0,,,128.0,,100,inf,inf,0.6024734982332155,0.7340425531914894,,,,,,
q,beta_x_dim,3,0.2265935165248834,50.0,,,128.0,,500,inf,inf,0.6537424140256237,0.7307692307692307,,,,,,
q,beta_x_dim,4,0.2463705230170547,50.0,,,128.0,,100,inf,inf,0.6549912434325744,0.5161290322580645,,,,,,
q,beta_x_dim,4,0.2463705230170547,50.0,,,128.0,,500,inf,inf,0.6644227532817233,0.5314401622718052,,,,,,
q,beta_x_dim,5,0.2007125177184121,50.0,,,128.0,,100,inf,inf,0.5828970331588132,0.6842105263157895,,,,,,
q,beta_x_dim,5,0.2007125177184121,50.0,,,128.0,,500,inf,inf,0.6505213588967373,0.6565656565656566,,,,,,
q,beta_x_dim,6,0.2719857913570569,50.0,,,128.0,,100,inf,inf,0.9704861111111112,0.9893617021276596,,,,,,
q,beta_x_dim,6,0.2719857913570569,50.0,,,128.0,,500,inf,inf,0.994287634408602,0.9979757085020244,,,,,,
q,beta_x_dim,7,0.2114275672740672,50.0,,,128.0,,100,inf,inf,0.7737478411053541,0.6021505376344086,,,,,,
q,beta_x_dim,7,0.2114275672740672,50.0,,,128.0,,500,inf,inf,0.8217522658610272,0.7038539553752535,,,,,,
q,beta_x_dim,8,0.2149741897036,50.0,,,128.0,,100,inf,inf,0.650709219858156,0.75,,,,,,
q,beta_x_dim,8,0.2149741897036,50.0,,,128.0,,500,inf,inf,0.6636302294197031,0.725609756097561,,,,,,
q,beta_x_dim,9,0.2567751353259747,50.0,,,128.0,,100,inf,inf,0.660245183887916,0.7391304347826086,,,,,,
q,beta_x_dim,9,0.2567751353259747,50.0,,,128.0,,500,inf,inf,0.6654325143049479,0.6971544715447154,,,,,,
q,beta_x_dim,10,0.2486463417142581,50.0,,,128.0,,100,inf,inf,0.7495559502664298,0.7368421052631579,,,,,,
q,beta_x_dim,10,0.2486463417142581,50.0,,,128.0,,500,inf,inf,0.817414782315221,0.7919191919191919,,,,,,
q,beta_x_dim,11,0.1974217867761011,50.0,,,128.0,,100,inf,inf,0.6231884057971014,0.6210526315789474,,,,,,
q,beta_x_dim,11,0.1974217867761011,50.0,,,128.0,,500,inf,inf,0.6585365853658537,0.5838383838383838,,,,,,
q,beta_x_dim,12,0.2230611143413504,50.0,,,128.0,,100,inf,inf,0.763668430335097,0.6881720430107527,,,,,,
q,beta_x_dim,12,0.2230611143413504,50.0,,,128.0,,500,inf,inf,0.8200202224469161,0.6795131845841785,,,,,,
q,beta_x_dim,13,0.2868358576336272,50.0,,,128.0,,100,inf,inf,0.7728055077452668,0.9473684210526316,,,,,,
q,beta_x_dim,13,0.2868358576336272,50.0,,,128.0,,500,inf,inf,0.8148272391814827,0.9171717171717172,,,,,,
q,beta_x_dim,14,0.260450112016454,50.0,,,128.0,,100,inf,inf,0.467600700525394,0.4516129032258064,,,,,,
q,beta_x_dim,14,0.260450112016454,50.0,,,128.0,,500,inf,inf,0.3591383372601817,0.2941176470588235,,,,,,
q,beta_x_dim,15,0.2108225834473612,50.0,,,128.0,,100,inf,inf,0.6192982456140351,0.5368421052631579,,,,,,
q,beta_x_dim,15,0.2108225834473612,50.0,,,128.0,,500,inf,inf,0.6575757575757576,0.6545454545454545,,,,,,
q,beta_x_dim,16,0.2383339427238416,50.0,,,128.0,,100,inf,inf,0.8963093145869947,0.9574468085106383,,,,,,
q,beta_x_dim,16,0.2383339427238416,50.0,,,128.0,,500,inf,inf,0.9801279892219602,0.9919028340080972,,,,,,
q,beta_x_dim,17,0.1810992779347456,50.0,,,128.0,,100,inf,inf,0.7890070921985816,0.8085106382978723,,,,,,
q,beta_x_dim,17,0.1810992779347456,50.0,,,128.0,,500,inf,inf,0.6899460188933874,0.771255060728745,,,,,,
q,beta_x_dim,18,0.3105319741536367,50.0,,,128.0,,100,inf,inf,0.5061295971978984,0.5376344086021505,,,,,,
q,beta_x_dim,18,0.3105319741536367,50.0,,,128.0,,500,inf,inf,0.5011780545270953,0.5557809330628803,,,,,,
q,beta_x_dim,19,0.1828295288710636,50.0,,,128.0,,100,inf,inf,0.9001751313485113,0.9680851063829788,,,,,,
q,beta_x_dim,19,0.1828295288710636,50.0,,,128.0,,500,inf,inf,0.9808145405587344,0.9939271255060728,,,,,,
q,beta_x_dim,0,0.1561151590110898,50.0,,,256.0,,100,inf,inf,0.3685121107266436,0.3191489361702128,,,,,,
q,beta_x_dim,0,0.1561151590110898,50.0,,,256.0,,500,inf,inf,0.3401611820013432,0.3319838056680162,,,,,,
q,beta_x_dim,1,0.1544549162417507,50.0,,,256.0,,100,inf,inf,0.7033582089552238,0.7741935483870968,,,,,,
q,beta_x_dim,1,0.1544549162417507,50.0,,,256.0,,500,inf,inf,0.6733651226158038,0.7221095334685599,,,,,,
q,beta_x_dim,2,0.1611444428630177,50.0,,,256.0,,100,inf,inf,0.5240641711229946,0.5483870967741935,,,,,,
q,beta_x_dim,2,0.1611444428630177,50.0,,,256.0,,500,inf,inf,0.5045592705167173,0.5111561866125761,,,,,,
q,beta_x_dim,3,0.1386638649939305,50.0,,,256.0,,100,inf,inf,0.5706713780918727,0.7127659574468085,,,,,,
q,beta_x_dim,3,0.1386638649939305,50.0,,,256.0,,500,inf,inf,0.6476736345246122,0.7267206477732794,,,,,,
q,beta_x_dim,4,0.2199032936958288,50.0,,,256.0,,100,inf,inf,0.6252189141856392,0.5698924731182796,,,,,,
q,beta_x_dim,4,0.2199032936958288,50.0,,,256.0,,500,inf,inf,0.6587007741501179,0.5415821501014199,,,,,,
q,beta_x_dim,5,0.1706797529091717,50.0,,,256.0,,100,inf,inf,0.6160558464223386,0.6631578947368421,,,,,,
q,beta_x_dim,5,0.1706797529091717,50.0,,,256.0,,500,inf,inf,0.656912209889001,0.6525252525252525,,,,,,
q,beta_x_dim,6,0.1826961665570637,50.0,,,256.0,,100,inf,inf,0.9600694444444444,0.9680851063829788,,,,,,
q,beta_x_dim,6,0.1826961665570637,50.0,,,256.0,,500,inf,inf,0.992271505376344,0.9939271255060728,,,,,,
q,beta_x_dim,7,0.1382621299628856,50.0,,,256.0,,100,inf,inf,0.7512953367875648,0.6129032258064516,,,,,,
q,beta_x_dim,7,0.1382621299628856,50.0,,,256.0,,500,inf,inf,0.8173883853642162,0.7058823529411765,,,,,,
q,beta_x_dim,8,0.1738344351847317,50.0,,,256.0,,100,inf,inf,0.6560283687943262,0.75,,,,,,
q,beta_x_dim,8,0.1738344351847317,50.0,,,256.0,,500,inf,inf,0.664642375168691,0.725609756097561,,,,,,
q,beta_x_dim,9,0.2133657125731659,50.0,,,256.0,,100,inf,inf,0.6725043782837128,0.7391304347826086,,,,,,
q,beta_x_dim,9,0.2133657125731659,50.0,,,256.0,,500,inf,inf,0.6677886233591384,0.6971544715447154,,,,,,
q,beta_x_dim,10,0.2254427509551922,50.0,,,256.0,,100,inf,inf,0.7708703374777975,0.7684210526315789,,,,,,
q,beta_x_dim,10,0.2254427509551922,50.0,,,256.0,,500,inf,inf,0.8214647316908539,0.797979797979798,,,,,,
q,beta_x_dim,11,0.1840049138218659,50.0,,,256.0,,100,inf,inf,0.6068840579710145,0.5789473684210527,,,,,,
q,beta_x_dim,11,0.1840049138218659,50.0,,,256.0,,500,inf,inf,0.6554878048780488,0.5757575757575758,,,,,,
q,beta_x_dim,12,0.1576595918302586,50.0,,,256.0,,100,inf,inf,0.7707231040564374,0.7204301075268817,,,,,,
q,beta_x_dim,12,0.1576595918302586,50.0,,,256.0,,500,inf,inf,0.8213683855746545,0.6855983772819473,,,,,,
q,beta_x_dim,13,0.1825318597082257,50.0,,,256.0,,100,inf,inf,0.7590361445783133,0.9473684210526316,,,,,,
q,beta_x_dim,13,0.1825318597082257,50.0,,,256.0,,500,inf,inf,0.8121435759812143,0.9171717171717172,,,,,,
q,beta_x_dim,14,0.1314253804517846,50.0,,,256.0,,100,inf,inf,0.4623467600700525,0.4623655913978494,,,,,,
q,beta_x_dim,14,0.1314253804517846,50.0,,,256.0,,500,inf,inf,0.3581285762369572,0.2961460446247465,,,,,,
q,beta_x_dim,15,0.147930466476972,50.0,,,256.0,,100,inf,inf,0.6192982456140351,0.5894736842105263,,,,,,
q,beta_x_dim,15,0.147930466476972,50.0,,,256.0,,500,inf,inf,0.6575757575757576,0.6646464646464646,,,,,,
q,beta_x_dim,16,0.1816174986867891,50.0,,,256.0,,100,inf,inf,0.8998242530755711,0.9042553191489362,,,,,,
q,beta_x_dim,16,0.1816174986867891,50.0,,,256.0,,500,inf,inf,0.9808016167059616,0.9817813765182186,,,,,,
q,beta_x_dim,17,0.1604795312524981,50.0,,,256.0,,100,inf,inf,0.7216312056737588,0.7872340425531915,,,,,,
q,beta_x_dim,17,0.1604795312524981,50.0,,,256.0,,500,inf,inf,0.6771255060728745,0.7672064777327935,,,,,,
q,beta_x_dim,18,0.1535224584703985,50.0,,,256.0,,100,inf,inf,0.5043782837127846,0.5806451612903226,,,,,,
q,beta_x_dim,18,0.1535224584703985,50.0,,,256.0,,500,inf,inf,0.5008414675193538,0.563894523326572,,,,,,
q,beta_x_dim,19,0.1605501696049673,50.0,,,256.0,,100,inf,inf,0.87215411558669,0.9680851063829788,,,,,,
q,beta_x_dim,19,0.1605501696049673,50.0,,,256.0,,500,inf,inf,0.9754291484348704,0.9939271255060728,,,,,,
q,beta_x_dim,0,0.1030968424041055,50.0,,,512.0,,100,inf,inf,0.4463667820069204,0.3617021276595745,,,,,,
q,beta_x_dim,0,0.1030968424041055,50.0,,,512.0,,500,inf,inf,0.3552719946272666,0.340080971659919,,,,,,
q,beta_x_dim,1,0.1140296269471779,50.0,,,512.0,,100,inf,inf,0.7052238805970149,0.8172043010752689,,,,,,
q,beta_x_dim,1,0.1140296269471779,50.0,,,512.0,,500,inf,inf,0.6737057220708447,0.7302231237322515,,,,,,
q,beta_x_dim,2,0.0927791855463762,50.0,,,512.0,,100,inf,inf,0.5026737967914439,0.5376344086021505,,,,,,
q,beta_x_dim,2,0.0927791855463762,50.0,,,512.0,,500,inf,inf,0.5005065856129686,0.5091277890466531,,,,,,
q,beta_x_dim,3,0.1189404917111431,50.0,,,512.0,,100,inf,inf,0.5636042402826855,0.723404255319149,,,,,,
q,beta_x_dim,3,0.1189404917111431,50.0,,,512.0,,500,inf,inf,0.6463250168577208,0.728744939271255,,,,,,
q,beta_x_dim,4,0.1426867814088468,50.0,,,512.0,,100,inf,inf,0.6252189141856392,0.5161290322580645,,,,,,
q,beta_x_dim,4,0.1426867814088468,50.0,,,512.0,,500,inf,inf,0.6587007741501179,0.5314401622718052,,,,,,
q,beta_x_dim,5,0.1064487629651989,50.0,,,512.0,,100,inf,inf,0.6003490401396161,0.631578947368421,,,,,,
q,beta_x_dim,5,0.1064487629651989,50.0,,,512.0,,500,inf,inf,0.6538849646821393,0.6464646464646465,,,,,,
q,beta_x_dim,6,0.1201973174121529,50.0,,,512.0,,100,inf,inf,0.9253472222222222,0.9787234042553192,,,,,,
q,beta_x_dim,6,0.1201973174121529,50.0,,,512.0,,500,inf,inf,0.9855510752688172,0.9959514170040484,,,,,,
q,beta_x_dim,7,0.1125765245269145,50.0,,,512.0,,100,inf,inf,0.7841105354058722,0.6559139784946236,,,,,,
q,beta_x_dim,7,0.1125765245269145,50.0,,,512.0,,500,inf,inf,0.823766364551863,0.7139959432048681,,,,,,
q,beta_x_dim,8,0.1417573096555955,50.0,,,512.0,,100,inf,inf,0.6648936170212766,0.75,,,,,,
q,beta_x_dim,8,0.1417573096555955,50.0,,,512.0,,500,inf,inf,0.6663292847503374,0.725609756097561,,,,,,
q,beta_x_dim,9,0.133041364360873,50.0,,,512.0,,100,inf,inf,0.6637478108581436,0.717391304347826,,,,,,
q,beta_x_dim,9,0.133041364360873,50.0,,,512.0,,500,inf,inf,0.6661056883204308,0.693089430894309,,,,,,
q,beta_x_dim,10,0.1169679487972046,50.0,,,512.0,,100,inf,inf,0.7477797513321492,0.8,,,,,,
q,beta_x_dim,10,0.1169679487972046,50.0,,,512.0,,500,inf,inf,0.8170772865339183,0.804040404040404,,,,,,
q,beta_x_dim,11,0.1246017663255829,50.0,,,512.0,,100,inf,inf,0.6123188405797102,0.5894736842105263,,,,,,
q,beta_x_dim,11,0.1246017663255829,50.0,,,512.0,,500,inf,inf,0.6565040650406504,0.5777777777777777,,,,,,
q,beta_x_dim,12,0.1382766162059651,50.0,,,512.0,,100,inf,inf,0.7372134038800705,0.6989247311827957,,,,,,
q,beta_x_dim,12,0.1382766162059651,50.0,,,512.0,,500,inf,inf,0.8149646107178968,0.6815415821501014,,,,,,
q,beta_x_dim,13,0.1196281776795636,50.0,,,512.0,,100,inf,inf,0.7435456110154905,0.9157894736842104,,,,,,
q,beta_x_dim,13,0.1196281776795636,50.0,,,512.0,,500,inf,inf,0.8091244548809124,0.9111111111111112,,,,,,
q,beta_x_dim,14,0.1340870593186491,50.0,,,512.0,,100,inf,inf,0.4220665499124343,0.4516129032258064,,,,,,
q,beta_x_dim,14,0.1340870593186491,50.0,,,512.0,,500,inf,inf,0.3503870750589027,0.2941176470588235,,,,,,
q,beta_x_dim,15,0.0967374670363391,50.0,,,512.0,,100,inf,inf,0.631578947368421,0.6,,,,,,
q,beta_x_dim,15,0.0967374670363391,50.0,,,512.0,,500,inf,inf,0.6599326599326599,0.6666666666666666,,,,,,
q,beta_x_dim,16,0.1174795013926857,50.0,,,512.0,,100,inf,inf,0.8910369068541301,0.946808510638298,,,,,,
q,beta_x_dim,16,0.1174795013926857,50.0,,,512.0,,500,inf,inf,0.9791175479959582,0.9898785425101214,,,,,,
q,beta_x_dim,17,0.1417826345959721,50.0,,,512.0,,100,inf,inf,0.7641843971631206,0.7978723404255319,,,,,,
q,beta_x_dim,17,0.1417826345959721,50.0,,,512.0,,500,inf,inf,0.6852226720647774,0.7692307692307693,,,,,,
q,beta_x_dim,18,0.0907625039255792,50.0,,,512.0,,100,inf,inf,0.4693520140105078,0.4946236559139785,,,,,,
q,beta_x_dim,18,0.0907625039255792,50.0,,,512.0,,500,inf,inf,0.4941097273645237,0.5476673427991886,,,,,,
q,beta_x_dim,19,0.1233153610554358,50.0,,,512.0,,100,inf,inf,0.9001751313485113,0.9680851063829788,,,,,,
q,beta_x_dim,19,0.1233153610554358,50.0,,,512.0,,500,inf,inf,0.9808145405587344,0.9939271255060728,,,,,,
q,beta_x_dim,0,0.0832455924980941,50.0,,,1024.0,,100,inf,inf,0.5242214532871973,0.3936170212765957,,,,,,
q,beta_x_dim,0,0.0832455924980941,50.0,,,1024.0,,500,inf,inf,0.37038280725319,0.3461538461538461,,,,,,
q,beta_x_dim,1,0.0977398989210664,50.0,,,1024.0,,100,inf,inf,0.6791044776119403,0.8172043010752689,,,,,,
q,beta_x_dim,1,0.0977398989210664,50.0,,,1024.0,,500,inf,inf,0.6689373297002725,0.7302231237322515,,,,,,
q,beta_x_dim,2,0.098176231085323,50.0,,,1024.0,,100,inf,inf,0.5490196078431373,0.5483870967741935,,,,,,
q,beta_x_dim,2,0.098176231085323,50.0,,,1024.0,,500,inf,inf,0.5092874029044242,0.5111561866125761,,,,,,
q,beta_x_dim,3,0.1202208739769747,50.0,,,1024.0,,100,inf,inf,0.6289752650176679,0.6914893617021277,,,,,,
q,beta_x_dim,3,0.1202208739769747,50.0,,,1024.0,,500,inf,inf,0.6587997302764667,0.7226720647773279,,,,,,
q,beta_x_dim,4,0.0858213646046357,50.0,,,1024.0,,100,inf,inf,0.6287215411558669,0.5161290322580645,,,,,,
q,beta_x_dim,4,0.0858213646046357,50.0,,,1024.0,,500,inf,inf,0.6593739481656008,0.5314401622718052,,,,,,
q,beta_x_dim,5,0.095290498691526,50.0,,,1024.0,,100,inf,inf,0.6055846422338569,0.6421052631578947,,,,,,
q,beta_x_dim,5,0.095290498691526,50.0,,,1024.0,,500,inf,inf,0.6548940464177598,0.6484848484848484,,,,,,
q,beta_x_dim,6,0.0858756883561873,50.0,,,1024.0,,100,inf,inf,0.9236111111111112,0.9680851063829788,,,,,,
q,beta_x_dim,6,0.0858756883561873,50.0,,,1024.0,,500,inf,inf,0.9852150537634408,0.9939271255060728,,,,,,
q,beta_x_dim,7,0.0844807231030569,50.0,,,1024.0,,100,inf,inf,0.768566493955095,0.6344086021505376,,,,,,
q,beta_x_dim,7,0.0844807231030569,50.0,,,1024.0,,500,inf,inf,0.8207452165156093,0.7099391480730223,,,,,,
q,beta_x_dim,12,0.0662617463813111,50.0,,,1024.0,,100,inf,inf,0.6948853615520282,0.6559139784946236,,,,,,
q,beta_x_dim,12,0.0662617463813111,50.0,,,1024.0,,500,inf,inf,0.8068756319514662,0.6734279918864098,,,,,,
q,beta_x_dim,13,0.0876184035596533,50.0,,,1024.0,,100,inf,inf,0.7383820998278829,0.9263157894736842,,,,,,
q,beta_x_dim,13,0.0876184035596533,50.0,,,1024.0,,500,inf,inf,0.8081180811808119,0.9131313131313132,,,,,,
q,beta_x_dim,14,0.0975804595166753,50.0,,,1024.0,,100,inf,inf,0.404553415061296,0.3870967741935484,,,,,,
q,beta_x_dim,14,0.0975804595166753,50.0,,,1024.0,,500,inf,inf,0.3470212049814877,0.281947261663286,,,,,,
q,beta_x_dim,15,0.0830707630274445,50.0,,,1024.0,,100,inf,inf,0.6701754385964912,0.6631578947368421,,,,,,
q,beta_x_dim,15,0.0830707630274445,50.0,,,1024.0,,500,inf,inf,0.6673400673400673,0.6787878787878788,,,,,,
q,beta_x_dim,8,0.0855617921909968,50.0,,,1024.0,,100,inf,inf,0.6578014184397163,0.7717391304347826,,,,,,
q,beta_x_dim,8,0.0855617921909968,50.0,,,1024.0,,500,inf,inf,0.6649797570850202,0.7296747967479674,,,,,,
q,beta_x_dim,9,0.1003569482236124,50.0,,,1024.0,,100,inf,inf,0.6094570928196147,0.7391304347826086,,,,,,
q,beta_x_dim,9,0.1003569482236124,50.0,,,1024.0,,500,inf,inf,0.6556714910804443,0.6971544715447154,,,,,,
q,beta_x_dim,10,0.0940662699861201,50.0,,,1024.0,,100,inf,inf,0.7495559502664298,0.8421052631578947,,,,,,
q,beta_x_dim,10,0.0940662699861201,50.0,,,1024.0,,500,inf,inf,0.817414782315221,0.8121212121212121,,,,,,
q,beta_x_dim,11,0.0994580435870724,50.0,,,1024.0,,100,inf,inf,0.6431159420289855,0.7157894736842105,,,,,,
q,beta_x_dim,11,0.0994580435870724,50.0,,,1024.0,,500,inf,inf,0.6622628726287263,0.602020202020202,,,,,,
q,beta_x_dim,16,0.082259425917027,50.0,,,1024.0,,100,inf,inf,0.875219683655536,0.9148936170212766,,,,,,
q,beta_x_dim,16,0.082259425917027,50.0,,,1024.0,,500,inf,inf,0.9760862243179522,0.9838056680161944,,,,,,
q,beta_x_dim,17,0.1032670721174316,50.0,,,1024.0,,100,inf,inf,0.7606382978723404,0.776595744680851,,,,,,
q,beta_x_dim,17,0.1032670721174316,50.0,,,1024.0,,500,inf,inf,0.6845479082321188,0.7651821862348178,,,,,,
q,beta_x_dim,18,0.0759683551193502,50.0,,,1024.0,,100,inf,inf,0.4518388791593695,0.5053763440860215,,,,,,
q,beta_x_dim,18,0.0759683551193502,50.0,,,1024.0,,500,inf,inf,0.4907438572871087,0.5496957403651116,,,,,,
q,beta_x_dim,19,0.0849126767994121,50.0,,,1024.0,,100,inf,inf,0.8861646234676007,0.9574468085106383,,,,,,
q,beta_x_dim,19,0.0849126767994121,50.0,,,1024.0,,500,inf,inf,0.9781218444968024,0.9919028340080972,,,,,,
q,beta_x_dim,0,0.0590906245810299,50.0,,,2048.0,,100,inf,inf,0.4100346020761246,0.4148936170212766,,,,,,
q,beta_x_dim,0,0.0590906245810299,50.0,,,2048.0,,500,inf,inf,0.3482202820685023,0.3502024291497975,,,,,,
q,beta_x_dim,1,0.0805526696697304,50.0,,,2048.0,,100,inf,inf,0.582089552238806,0.6344086021505376,,,,,,
q,beta_x_dim,1,0.0805526696697304,50.0,,,2048.0,,500,inf,inf,0.6512261580381471,0.6957403651115619,,,,,,
q,beta_x_dim,2,0.0738474821944611,50.0,,,2048.0,,100,inf,inf,0.5668449197860963,0.5913978494623656,,,,,,
q,beta_x_dim,2,0.0738474821944611,50.0,,,2048.0,,500,inf,inf,0.5126646403242148,0.5192697768762677,,,,,,
q,beta_x_dim,3,0.080736234833632,50.0,,,2048.0,,100,inf,inf,0.549469964664311,0.6595744680851063,,,,,,
q,beta_x_dim,3,0.080736234833632,50.0,,,2048.0,,500,inf,inf,0.643627781523938,0.7165991902834008,,,,,,
q,beta_x_dim,4,0.0551585314317101,50.0,,,2048.0,,100,inf,inf,0.6234676007005254,0.6774193548387096,,,,,,
q,beta_x_dim,4,0.0551585314317101,50.0,,,2048.0,,500,inf,inf,0.6583641871423763,0.5618661257606491,,,,,,
q,beta_x_dim,5,0.0692130486304319,50.0,,,2048.0,,100,inf,inf,0.6369982547993019,0.7052631578947368,,,,,,
q,beta_x_dim,5,0.0692130486304319,50.0,,,2048.0,,500,inf,inf,0.6609485368314834,0.6606060606060606,,,,,,
q,beta_x_dim,6,0.0717343974073521,50.0,,,2048.0,,100,inf,inf,0.9201388888888888,0.9893617021276596,,,,,,
q,beta_x_dim,6,0.0717343974073521,50.0,,,2048.0,,500,inf,inf,0.984543010752688,0.9979757085020244,,,,,,
q,beta_x_dim,7,0.0622144201339652,50.0,,,2048.0,,100,inf,inf,0.7167530224525043,0.5806451612903226,,,,,,
q,beta_x_dim,7,0.0622144201339652,50.0,,,2048.0,,500,inf,inf,0.81067472306143,0.6997971602434077,,,,,,
q,beta_x_dim,8,0.0764464426210585,50.0,,,2048.0,,100,inf,inf,0.6666666666666666,0.7608695652173914,,,,,,
q,beta_x_dim,8,0.0764464426210585,50.0,,,2048.0,,500,inf,inf,0.6666666666666666,0.7276422764227642,,,,,,
q,beta_x_dim,9,0.0611985220808771,50.0,,,2048.0,,100,inf,inf,0.6112084063047285,0.7065217391304348,,,,,,
q,beta_x_dim,9,0.0611985220808771,50.0,,,2048.0,,500,inf,inf,0.6560080780881858,0.6910569105691057,,,,,,
q,beta_x_dim,10,0.067910613623016,50.0,,,2048.0,,100,inf,inf,0.7317939609236235,0.8526315789473684,,,,,,
q,beta_x_dim,10,0.067910613623016,50.0,,,2048.0,,500,inf,inf,0.8140398245021937,0.8141414141414142,,,,,,
q,beta_x_dim,11,0.0651762981409896,50.0,,,2048.0,,100,inf,inf,0.6702898550724637,0.6736842105263158,,,,,,
q,beta_x_dim,11,0.0651762981409896,50.0,,,2048.0,,500,inf,inf,0.6673441734417345,0.593939393939394,,,,,,
q,beta_x_dim,12,0.0581884729454011,50.0,,,2048.0,,100,inf,inf,0.6384479717813051,0.5806451612903226,,,,,,
q,beta_x_dim,12,0.0581884729454011,50.0,,,2048.0,,500,inf,inf,0.7960903269295585,0.6592292089249493,,,,,,
q,beta_x_dim,13,0.0452618542833713,50.0,,,2048.0,,100,inf,inf,0.6454388984509466,0.7578947368421053,,,,,,
q,beta_x_dim,13,0.0452618542833713,50.0,,,2048.0,,500,inf,inf,0.7900033545790003,0.8808080808080808,,,,,,
q,beta_x_dim,14,0.0441828211865987,50.0,,,2048.0,,100,inf,inf,0.5201401050788091,0.4516129032258064,,,,,,
q,beta_x_dim,14,0.0441828211865987,50.0,,,2048.0,,500,inf,inf,0.3692359474924268,0.2941176470588235,,,,,,
q,beta_x_dim,15,0.0586007047122559,50.0,,,2048.0,,100,inf,inf,0.6807017543859649,0.7368421052631579,,,,,,
q,beta_x_dim,15,0.0586007047122559,50.0,,,2048.0,,500,inf,inf,0.6693602693602694,0.692929292929293,,,,,,
q,beta_x_dim,16,0.0663772188385679,50.0,,,2048.0,,100,inf,inf,0.8717047451669596,0.925531914893617,,,,,,
q,beta_x_dim,16,0.0663772188385679,50.0,,,2048.0,,500,inf,inf,0.9754125968339508,0.98582995951417,,,,,,
q,beta_x_dim,17,0.0599155119179395,50.0,,,2048.0,,100,inf,inf,0.7907801418439716,0.7872340425531915,,,,,,
q,beta_x_dim,17,0.0599155119179395,50.0,,,2048.0,,500,inf,inf,0.6902834008097166,0.7672064777327935,,,,,,
q,beta_x_dim,18,0.0528569949970827,50.0,,,2048.0,,100,inf,inf,0.5271453590192644,0.5483870967741935,,,,,,
q,beta_x_dim,18,0.0528569949970827,50.0,,,2048.0,,500,inf,inf,0.5052170986199933,0.5578093306288032,,,,,,
q,beta_x_dim,19,0.0597533003427516,50.0,,,2048.0,,100,inf,inf,0.9842381786339754,0.9893617021276596,,,,,,
q,beta_x_dim,19,0.0597533003427516,50.0,,,2048.0,,500,inf,inf,0.9969707169303264,0.9979757085020244,,,,,,
q,beta_x_dim,0,0.0528122944875321,50.0,,,4096.0,,100,inf,inf,0.4480968858131487,0.3936170212765957,,,,,,
q,beta_x_dim,0,0.0528122944875321,50.0,,,4096.0,,500,inf,inf,0.3556077904633982,0.3461538461538461,,,,,,
q,beta_x_dim,1,0.0332337536226412,50.0,,,4096.0,,100,2.902985899411119e+92,2.902985899411119e+92,0.8078358208955224,0.8494623655913979,,,,,,
q,beta_x_dim,1,0.0332337536226412,50.0,,,4096.0,,500,inf,inf,0.6920980926430518,0.7363083164300203,,,,,,
q,beta_x_dim,2,0.0451743962171918,50.0,,,4096.0,,100,inf,inf,0.5383244206773619,0.5913978494623656,,,,,,
q,beta_x_dim,2,0.0451743962171918,50.0,,,4096.0,,500,inf,inf,0.5072610604525498,0.5192697768762677,,,,,,
q,beta_x_dim,3,0.0427116544627979,50.0,,,4096.0,,100,inf,inf,0.5530035335689046,0.6063829787234043,,,,,,
q,beta_x_dim,3,0.0427116544627979,50.0,,,4096.0,,500,inf,inf,0.6443020903573837,0.7064777327935222,,,,,,
q,beta_x_dim,4,0.0400158702661801,50.0,,,4096.0,,100,4.2505296483868746e+94,4.2505296483868746e+94,0.5411558669001751,0.5591397849462365,,,,,,
q,beta_x_dim,4,0.0400158702661801,50.0,,,4096.0,,500,inf,inf,0.6425445977785258,0.539553752535497,,,,,,
q,beta_x_dim,5,0.0370913464717784,50.0,,,4096.0,,100,inf,inf,0.581151832460733,0.6736842105263158,,,,,,
q,beta_x_dim,5,0.0370913464717784,50.0,,,4096.0,,500,inf,inf,0.6501849983181971,0.6545454545454545,,,,,,
q,beta_x_dim,6,0.0479492321544804,50.0,,,4096.0,,100,inf,inf,0.8107638888888888,0.946808510638298,,,,,,
q,beta_x_dim,6,0.0479492321544804,50.0,,,4096.0,,500,inf,inf,0.9633736559139784,0.9898785425101214,,,,,,
q,beta_x_dim,7,0.0385382896527443,50.0,,,4096.0,,100,inf,inf,0.6563039723661486,0.5268817204301075,,,,,,
q,beta_x_dim,7,0.0385382896527443,50.0,,,4096.0,,500,inf,inf,0.7989258140315542,0.6896551724137931,,,,,,
q,beta_x_dim,8,0.0543835979270181,50.0,,,4096.0,,100,inf,inf,0.6702127659574468,0.7934782608695652,,,,,,
q,beta_x_dim,8,0.0543835979270181,50.0,,,4096.0,,500,inf,inf,0.6673414304993253,0.733739837398374,,,,,,
q,beta_x_dim,9,0.0376531093771584,50.0,,,4096.0,,100,inf,inf,0.5726795096322241,0.6630434782608695,,,,,,
q,beta_x_dim,9,0.0376531093771584,50.0,,,4096.0,,500,inf,inf,0.6486031639178728,0.6829268292682927,,,,,,
q,beta_x_dim,10,0.0468377476856461,50.0,,,4096.0,,100,inf,inf,0.6483126110124334,0.7052631578947368,,,,,,
q,beta_x_dim,10,0.0468377476856461,50.0,,,4096.0,,500,inf,inf,0.7981775227809652,0.7858585858585858,,,,,,
q,beta_x_dim,11,0.0521751382836228,50.0,,,4096.0,,100,inf,inf,0.5869565217391305,0.5894736842105263,,,,,,
q,beta_x_dim,11,0.0521751382836228,50.0,,,4096.0,,500,inf,inf,0.6517615176151762,0.5777777777777777,,,,,,
q,beta_x_dim,12,0.0375271207122855,50.0,,,4096.0,,100,inf,inf,0.5573192239858906,0.4946236559139785,,,,,,
q,beta_x_dim,12,0.0375271207122855,50.0,,,4096.0,,500,inf,inf,0.7805864509605662,0.6430020283975659,,,,,,
q,beta_x_dim,13,0.0361136154477065,50.0,,,4096.0,,100,inf,inf,0.6833046471600689,0.8210526315789474,,,,,,
q,beta_x_dim,13,0.0361136154477065,50.0,,,4096.0,,500,inf,inf,0.7973834283797383,0.8929292929292929,,,,,,
q,beta_x_dim,14,0.0462079830780834,50.0,,,4096.0,,100,2237.3394297632394,2134.7906045938603,0.5691768826619965,0.4301075268817204,,,,,,
q,beta_x_dim,14,0.0462079830780834,50.0,,,4096.0,,500,inf,inf,0.3796701447324133,0.2961460446247465,,,,,,
q,beta_x_dim,15,0.0412325635617556,50.0,,,4096.0,,100,inf,inf,0.5824561403508772,0.6105263157894737,,,,,,
q,beta_x_dim,15,0.0412325635617556,50.0,,,4096.0,,500,inf,inf,0.6505050505050505,0.6686868686868687,,,,,,
q,beta_x_dim,16,0.0479727073439655,50.0,,,4096.0,,100,inf,inf,0.680140597539543,0.8404255319148937,,,,,,
q,beta_x_dim,16,0.0479727073439655,50.0,,,4096.0,,500,inf,inf,0.9386998989558774,0.9696356275303644,,,,,,
q,beta_x_dim,17,0.0520924933809918,50.0,,,4096.0,,100,inf,inf,0.74822695035461,0.8404255319148937,,,,,,
q,beta_x_dim,17,0.0520924933809918,50.0,,,4096.0,,500,inf,inf,0.6821862348178138,0.7773279352226721,,,,,,
q,beta_x_dim,18,0.0485882391989239,50.0,,,4096.0,,100,inf,inf,0.4605954465849387,0.4838709677419355,,,,,,
q,beta_x_dim,18,0.0485882391989239,50.0,,,4096.0,,500,inf,inf,0.4924267923258162,0.5456389452332657,,,,,,
q,beta_x_dim,19,0.0383921864166432,50.0,,,4096.0,,100,inf,inf,0.9544658493870404,0.9893617021276596,,,,,,
q,beta_x_dim,19,0.0383921864166432,50.0,,,4096.0,,500,inf,inf,0.991248737798721,0.9979757085020244,,,,,,
q,beta_x_dim,0,0.0288666205536211,50.0,,,8192.0,,100,31.25490598444404,31.25490598444404,0.7283737024221453,0.7659574468085106,,,,,,
q,beta_x_dim,0,0.0288666205536211,50.0,,,8192.0,,500,inf,inf,0.4153794492948287,0.4311740890688259,,,,,,
q,beta_x_dim,1,0.0271649459742409,50.0,,,8192.0,,100,615.3091557709995,509.24133169376006,0.8115671641791045,0.8172043010752689,,,,,,
q,beta_x_dim,1,0.0271649459742409,50.0,,,8192.0,,500,inf,inf,0.6723433242506812,0.7139959432048681,,,,,,
q,beta_x_dim,2,0.0371665552410182,50.0,,,8192.0,,100,inf,inf,0.6381461675579323,0.6129032258064516,,,,,,
q,beta_x_dim,2,0.0371665552410182,50.0,,,8192.0,,500,inf,inf,0.5261735900033773,0.5233265720081136,,,,,,
q,beta_x_dim,3,0.0255351733360245,50.0,,,8192.0,,100,inf,inf,0.6325088339222615,0.648936170212766,,,,,,
q,beta_x_dim,3,0.0255351733360245,50.0,,,8192.0,,500,inf,inf,0.6587997302764667,0.7145748987854251,,,,,,
q,beta_x_dim,4,0.0354875706784735,50.0,,,8192.0,,100,4.899179612134498e+31,4.899179612134498e+31,0.6532399299474606,0.6666666666666666,,,,,,
q,beta_x_dim,4,0.0354875706784735,50.0,,,8192.0,,500,inf,inf,0.6617300572197913,0.5598377281947262,,,,,,
q,beta_x_dim,5,0.0246779094967519,50.0,,,8192.0,,100,288.02112920149625,288.02112920149625,0.7137870855148342,0.7052631578947368,,,,,,
q,beta_x_dim,5,0.0246779094967519,50.0,,,8192.0,,500,inf,inf,0.6676757484022873,0.6505050505050505,,,,,,
q,beta_x_dim,6,0.0408079366855368,50.0,,,8192.0,,100,inf,inf,0.7725694444444444,0.851063829787234,,,,,,
q,beta_x_dim,6,0.0408079366855368,50.0,,,8192.0,,500,inf,inf,0.9559811827956988,0.97165991902834,,,,,,
q,beta_x_dim,7,0.0315518750860876,50.0,,,8192.0,,100,72.49503508931753,72.49503508931753,0.7357512953367875,0.6989247311827957,,,,,,
q,beta_x_dim,7,0.0315518750860876,50.0,,,8192.0,,500,inf,inf,0.7838200738502853,0.7383367139959433,,,,,,
q,beta_x_dim,8,0.0397878227234198,50.0,,,8192.0,,100,6042.236181126854,6042.236181126854,0.6294326241134752,0.7391304347826086,,,,,,
q,beta_x_dim,8,0.0397878227234198,50.0,,,8192.0,,500,inf,inf,0.6538461538461539,0.7134146341463414,,,,,,
q,beta_x_dim,9,0.026488447237678,50.0,,,8192.0,,100,5.333821634702057e+105,5.333821634702057e+105,0.626970227670753,0.6847826086956522,,,,,,
q,beta_x_dim,9,0.026488447237678,50.0,,,8192.0,,500,inf,inf,0.6576910131268933,0.6869918699186992,,,,,,
q,beta_x_dim,10,0.0346351932663387,50.0,,,8192.0,,100,inf,inf,0.6287744227353463,0.7157894736842105,,,,,,
q,beta_x_dim,10,0.0346351932663387,50.0,,,8192.0,,500,inf,inf,0.7944650691866352,0.7878787878787878,,,,,,
q,beta_x_dim,11,0.0260555256577383,50.0,,,8192.0,,100,51.286272581341,51.286272581341,0.6992753623188406,0.7368421052631579,,,,,,
q,beta_x_dim,11,0.0260555256577383,50.0,,,8192.0,,500,inf,inf,0.6314363143631436,0.597979797979798,,,,,,
q,beta_x_dim,12,0.0289139126779301,50.0,,,8192.0,,100,555.7575119889119,555.7575119889119,0.564373897707231,0.6344086021505376,,,,,,
q,beta_x_dim,12,0.0289139126779301,50.0,,,8192.0,,500,inf,inf,0.7499157398045163,0.6754563894523327,,,,,,
q,beta_x_dim,13,0.0282074781210966,50.0,,,8192.0,,100,3.271432204143875e+102,3.271432204143875e+102,0.4612736660929432,0.5578947368421052,,,,,,
q,beta_x_dim,13,0.0282074781210966,50.0,,,8192.0,,500,inf,inf,0.7534384434753438,0.8404040404040404,,,,,,
q,beta_x_dim,14,0.0311863302210941,50.0,,,8192.0,,100,144.59685588758137,144.59685588758137,0.702276707530648,0.6344086021505376,,,,,,
q,beta_x_dim,14,0.0311863302210941,50.0,,,8192.0,,500,inf,inf,0.4281386738471895,0.3549695740365111,,,,,,
q,beta_x_dim,15,0.0341092293731739,50.0,,,8192.0,,100,151.91532278833725,151.91532278833725,0.7070175438596491,0.6947368421052632,,,,,,
q,beta_x_dim,15,0.0341092293731739,50.0,,,8192.0,,500,inf,inf,0.6515151515151515,0.6626262626262627,,,,,,
q,beta_x_dim,16,0.0268410705717592,50.0,,,8192.0,,100,inf,inf,0.7750439367311072,0.8191489361702128,,,,,,
q,beta_x_dim,16,0.0268410705717592,50.0,,,8192.0,,500,inf,inf,0.9568878410239138,0.9655870445344128,,,,,,
q,beta_x_dim,17,0.0288385120973422,50.0,,,8192.0,,100,380.4770818011979,359.76495760502024,0.7127659574468085,0.8297872340425532,,,,,,
q,beta_x_dim,17,0.0288385120973422,50.0,,,8192.0,,500,inf,inf,0.6622807017543859,0.7672064777327935,,,,,,
q,beta_x_dim,18,0.0324697238711532,50.0,,,8192.0,,100,1267.4071962667583,1267.4071962667583,0.5131348511383538,0.5376344086021505,,,,,,
q,beta_x_dim,18,0.0324697238711532,50.0,,,8192.0,,500,inf,inf,0.4974755974419387,0.5578093306288032,,,,,,
q,beta_x_dim,19,0.0322978173793725,50.0,,,8192.0,,100,inf,inf,0.8669001751313485,0.9680851063829788,,,,,,
q,beta_x_dim,19,0.0322978173793725,50.0,,,8192.0,,500,inf,inf,0.974419387411646,0.9939271255060728,,,,,,
q,beta_x_dim,0,0.0203569894689093,50.0,,,16384.0,,100,5.596643288130846,5.596643288130846,0.8114186851211073,0.9042553191489362,,,,,,
q,beta_x_dim,0,0.0203569894689093,50.0,,,16384.0,,500,inf,inf,0.4741437206178643,0.5323886639676113,,,,,,
q,beta_x_dim,1,0.0180762543208998,50.0,,,16384.0,,100,32.03896166848759,32.03896166848759,0.7667910447761194,0.8817204301075269,,,,,,
q,beta_x_dim,1,0.0180762543208998,50.0,,,16384.0,,500,inf,inf,0.680858310626703,0.7484787018255578,,,,,,
q,beta_x_dim,2,0.021402928767805,50.0,,,16384.0,,100,996.9348358807742,996.9348358807742,0.5739750445632799,0.5376344086021505,,,,,,
q,beta_x_dim,2,0.021402928767805,50.0,,,16384.0,,500,inf,inf,0.5109760216143195,0.4989858012170385,,,,,,
q,beta_x_dim,3,0.0187455835272602,50.0,,,16384.0,,100,141.6178343976913,141.6178343976913,0.9028268551236748,0.925531914893617,,,,,,
q,beta_x_dim,3,0.0187455835272602,50.0,,,16384.0,,500,inf,inf,0.7097100472016183,0.7651821862348178,,,,,,
q,beta_x_dim,4,0.0230212539981229,50.0,,,16384.0,,100,21.46539638752965,21.46539638752965,0.861646234676007,0.9247311827956988,,,,,,
q,beta_x_dim,4,0.0230212539981229,50.0,,,16384.0,,500,inf,inf,0.6812521036687984,0.6166328600405679,,,,,,
q,beta_x_dim,5,0.018059158472521,50.0,,,16384.0,,100,39.09235851948782,39.09235851948782,0.7155322862129145,0.6947368421052632,,,,,,
q,beta_x_dim,5,0.018059158472521,50.0,,,16384.0,,500,inf,inf,0.6559031281533805,0.6242424242424243,,,,,,
q,beta_x_dim,6,0.0210804508573937,50.0,,,16384.0,,100,440.8942808113088,440.8942808113088,0.6215277777777778,0.6808510638297872,,,,,,
q,beta_x_dim,6,0.0210804508573937,50.0,,,16384.0,,500,inf,inf,0.908266129032258,0.9271255060728744,,,,,,
q,beta_x_dim,7,0.0214313098777888,50.0,,,16384.0,,100,13.329770184601676,13.329770184601676,0.7979274611398963,0.6989247311827957,,,,,,
q,beta_x_dim,7,0.0214313098777888,50.0,,,16384.0,,500,inf,inf,0.7495803961060759,0.7058823529411765,,,,,,
q,beta_x_dim,8,0.0210305880424345,50.0,,,16384.0,,100,53.24939376632664,53.24939376632664,0.799645390070922,0.7065217391304348,,,,,,
q,beta_x_dim,8,0.0210305880424345,50.0,,,16384.0,,500,inf,inf,0.6737516869095816,0.6829268292682927,,,,,,
q,beta_x_dim,9,0.0197283560090542,50.0,,,16384.0,,100,271.98639111090097,271.98639111090097,0.7355516637478109,0.6956521739130435,,,,,,
q,beta_x_dim,9,0.0197283560090542,50.0,,,16384.0,,500,inf,inf,0.6728374284752608,0.693089430894309,,,,,,
q,beta_x_dim,10,0.0223619354863721,50.0,,,16384.0,,100,271.8545925854211,271.8545925854211,0.6163410301953819,0.8105263157894737,,,,,,
q,beta_x_dim,10,0.0223619354863721,50.0,,,16384.0,,500,inf,inf,0.7489031387107661,0.7818181818181819,,,,,,
q,beta_x_dim,11,0.0231050851373385,50.0,,,16384.0,,100,77.9988033395809,77.9988033395809,0.75,0.6526315789473685,,,,,,
q,beta_x_dim,11,0.0231050851373385,50.0,,,16384.0,,500,inf,inf,0.6537940379403794,0.5777777777777777,,,,,,
q,beta_x_dim,12,0.0269907621139558,50.0,,,16384.0,,100,62.49388060654896,62.49388060654896,0.783068783068783,0.946236559139785,,,,,,
q,beta_x_dim,12,0.0269907621139558,50.0,,,16384.0,,500,inf,inf,0.7687900235928548,0.718052738336714,,,,,,
q,beta_x_dim,13,0.0258307931405904,50.0,,,16384.0,,100,438.6020280300031,438.6020280300031,0.6901893287435457,0.8105263157894737,,,,,,
q,beta_x_dim,13,0.0258307931405904,50.0,,,16384.0,,500,inf,inf,0.765850385776585,0.8686868686868687,,,,,,
q,beta_x_dim,14,0.0206594191617385,50.0,,,16384.0,,100,4.9933049199540775,4.9933049199540775,0.87215411558669,0.8279569892473119,,,,,,
q,beta_x_dim,14,0.0206594191617385,50.0,,,16384.0,,500,inf,inf,0.5338269942780208,0.5050709939148073,,,,,,
q,beta_x_dim,15,0.0269255670457066,50.0,,,16384.0,,100,18.920497336191342,18.920497336191342,0.7087719298245614,0.7684210526315789,,,,,,
q,beta_x_dim,15,0.0269255670457066,50.0,,,16384.0,,500,inf,inf,0.667003367003367,0.6808080808080809,,,,,,
q,beta_x_dim,0,0.475488624112919,100.0,,,32.0,,100,inf,inf,0.3356401384083045,0.2978723404255319,,,,,,
q,beta_x_dim,0,0.475488624112919,100.0,,,32.0,,500,inf,inf,0.3337810611148422,0.3279352226720647,,,,,,
q,beta_x_dim,1,0.4081277900492999,100.0,,,32.0,,100,inf,inf,0.7126865671641791,0.7956989247311828,,,,,,
q,beta_x_dim,1,0.4081277900492999,100.0,,,32.0,,500,inf,inf,0.6750681198910081,0.7261663286004056,,,,,,
q,beta_x_dim,2,0.4730093470080129,100.0,,,32.0,,100,inf,inf,0.499108734402852,0.5376344086021505,,,,,,
q,beta_x_dim,2,0.4730093470080129,100.0,,,32.0,,500,inf,inf,0.4998311381290105,0.5091277890466531,,,,,,
q,beta_x_dim,3,0.4466934199958885,100.0,,,32.0,,100,inf,inf,0.6148409893992933,0.7659574468085106,,,,,,
q,beta_x_dim,3,0.4466934199958885,100.0,,,32.0,,500,inf,inf,0.6561024949426838,0.7368421052631579,,,,,,
q,beta_x_dim,16,0.0165846560209867,50.0,,,16384.0,,100,648.9590756650009,648.9590756650009,0.7539543057996485,0.7659574468085106,,,,,,
q,beta_x_dim,16,0.0165846560209867,50.0,,,16384.0,,500,inf,inf,0.9033344560458066,0.9230769230769232,,,,,,
q,beta_x_dim,17,0.0198970173937805,50.0,,,16384.0,,100,6.964903223671881,6.964903223671881,0.952127659574468,0.9787234042553192,,,,,,
q,beta_x_dim,17,0.0198970173937805,50.0,,,16384.0,,500,inf,inf,0.6632928475033738,0.7692307692307693,,,,,,
q,beta_x_dim,18,0.0208652858105288,50.0,,,16384.0,,100,82.35074663974153,82.35074663974153,0.5761821366024519,0.5483870967741935,,,,,,
q,beta_x_dim,18,0.0208652858105288,50.0,,,16384.0,,500,inf,inf,0.5018512285425782,0.5578093306288032,,,,,,
q,beta_x_dim,19,0.0214653212215956,50.0,,,16384.0,,100,987.5864563117236,929.4266783581394,0.9754816112084064,1.0,,,,,,
q,beta_x_dim,19,0.0214653212215956,50.0,,,16384.0,,500,inf,inf,0.9720632783574554,0.98582995951417,,,,,,
q,beta_x_dim,4,0.5533154376476055,100.0,,,32.0,,100,inf,inf,0.6199649737302977,0.4623655913978494,,,,,,
q,beta_x_dim,4,0.5533154376476055,100.0,,,32.0,,500,inf,inf,0.6576910131268933,0.5212981744421906,,,,,,
q,beta_x_dim,5,0.3734272198299829,100.0,,,32.0,,100,inf,inf,0.6404886561954625,0.7052631578947368,,,,,,
q,beta_x_dim,5,0.3734272198299829,100.0,,,32.0,,500,inf,inf,0.6616212579885637,0.6606060606060606,,,,,,
q,beta_x_dim,6,0.4297836233635966,100.0,,,32.0,,100,inf,inf,0.9652777777777778,0.9680851063829788,,,,,,
q,beta_x_dim,6,0.4297836233635966,100.0,,,32.0,,500,inf,inf,0.9932795698924732,0.9939271255060728,,,,,,
q,beta_x_dim,7,0.4400890544880544,100.0,,,32.0,,100,inf,inf,0.7547495682210709,0.5806451612903226,,,,,,
q,beta_x_dim,7,0.4400890544880544,100.0,,,32.0,,500,inf,inf,0.8180597515944948,0.6997971602434077,,,,,,
q,beta_x_dim,8,0.4385564417708694,100.0,,,32.0,,100,inf,inf,0.6312056737588653,0.7282608695652174,,,,,,
q,beta_x_dim,8,0.4385564417708694,100.0,,,32.0,,500,inf,inf,0.659919028340081,0.7215447154471545,,,,,,
q,beta_x_dim,9,0.4168672354707817,100.0,,,32.0,,100,inf,inf,0.6952714535901926,0.7282608695652174,,,,,,
q,beta_x_dim,9,0.4168672354707817,100.0,,,32.0,,500,inf,inf,0.6721642544597779,0.6951219512195121,,,,,,
q,beta_x_dim,10,0.4462354434217582,100.0,,,32.0,,100,inf,inf,0.7335701598579041,0.7263157894736842,,,,,,
q,beta_x_dim,10,0.4462354434217582,100.0,,,32.0,,500,inf,inf,0.8143773202834964,0.7898989898989899,,,,,,
q,beta_x_dim,11,0.3453439906042841,100.0,,,32.0,,100,inf,inf,0.6123188405797102,0.6,,,,,,
q,beta_x_dim,11,0.3453439906042841,100.0,,,32.0,,500,inf,inf,0.6565040650406504,0.5797979797979798,,,,,,
q,beta_x_dim,16,0.4514587337877777,100.0,,,32.0,,100,inf,inf,0.9349736379613356,0.9680851063829788,,,,,,
q,beta_x_dim,16,0.4514587337877777,100.0,,,32.0,,500,inf,inf,0.987537891545975,0.9939271255060728,,,,,,
q,beta_x_dim,17,0.4502359836938825,100.0,,,32.0,,100,inf,inf,0.8031914893617021,0.8191489361702128,,,,,,
q,beta_x_dim,17,0.4502359836938825,100.0,,,32.0,,500,inf,inf,0.6926450742240216,0.7732793522267206,,,,,,
q,beta_x_dim,18,0.5626601659757056,100.0,,,32.0,,100,inf,inf,0.5026269702276708,0.5376344086021505,,,,,,
q,beta_x_dim,18,0.5626601659757056,100.0,,,32.0,,500,inf,inf,0.5005048805116122,0.5557809330628803,,,,,,
q,beta_x_dim,19,0.4107705136378998,100.0,,,32.0,,100,inf,inf,0.9649737302977232,0.946808510638298,,,,,,
q,beta_x_dim,19,0.4107705136378998,100.0,,,32.0,,500,inf,inf,0.99326825984517,0.9898785425101214,,,,,,
q,beta_x_dim,12,0.5218634903299535,100.0,,,32.0,,100,inf,inf,0.8024691358024691,0.6989247311827957,,,,,,
q,beta_x_dim,12,0.5218634903299535,100.0,,,32.0,,500,inf,inf,0.8274351196494776,0.6815415821501014,,,,,,
q,beta_x_dim,13,0.4206226488705533,100.0,,,32.0,,100,inf,inf,0.7865748709122203,0.9473684210526316,,,,,,
q,beta_x_dim,13,0.4206226488705533,100.0,,,32.0,,500,inf,inf,0.8175109023817511,0.9171717171717172,,,,,,
q,beta_x_dim,14,0.4990514455594063,100.0,,,32.0,,100,inf,inf,0.4535901926444833,0.4946236559139785,,,,,,
q,beta_x_dim,14,0.4990514455594063,100.0,,,32.0,,500,inf,inf,0.3564456411982497,0.3022312373225152,,,,,,
q,beta_x_dim,15,0.4726710863089248,100.0,,,32.0,,100,inf,inf,0.6368421052631579,0.5473684210526316,,,,,,
q,beta_x_dim,15,0.4726710863089248,100.0,,,32.0,,500,inf,inf,0.6609427609427609,0.6565656565656566,,,,,,
q,beta_x_dim,0,0.3221759901052828,100.0,,,64.0,,100,inf,inf,0.3737024221453287,0.3085106382978723,,,,,,
q,beta_x_dim,0,0.3221759901052828,100.0,,,64.0,,500,inf,inf,0.341168569509738,0.3299595141700405,,,,,,
q,beta_x_dim,1,0.2955807837596712,100.0,,,64.0,,100,inf,inf,0.7145522388059702,0.7634408602150538,,,,,,
q,beta_x_dim,1,0.2955807837596712,100.0,,,64.0,,500,inf,inf,0.6754087193460491,0.7200811359026369,,,,,,
q,beta_x_dim,2,0.3180382777636512,100.0,,,64.0,,100,inf,inf,0.4919786096256685,0.5591397849462365,,,,,,
q,beta_x_dim,2,0.3180382777636512,100.0,,,64.0,,500,inf,inf,0.4984802431610942,0.513184584178499,,,,,,
q,beta_x_dim,3,0.3669287418772428,100.0,,,64.0,,100,inf,inf,0.6007067137809188,0.7659574468085106,,,,,,
q,beta_x_dim,3,0.3669287418772428,100.0,,,64.0,,500,inf,inf,0.6534052596089008,0.7368421052631579,,,,,,
q,beta_x_dim,4,0.4116536270898129,100.0,,,64.0,,100,inf,inf,0.647985989492119,0.4946236559139785,,,,,,
q,beta_x_dim,4,0.4116536270898129,100.0,,,64.0,,500,inf,inf,0.6630764052507573,0.5273833671399595,,,,,,
q,beta_x_dim,5,0.2934330069333181,100.0,,,64.0,,100,inf,inf,0.6108202443280978,0.7052631578947368,,,,,,
q,beta_x_dim,5,0.2934330069333181,100.0,,,64.0,,500,inf,inf,0.6559031281533805,0.6606060606060606,,,,,,
q,beta_x_dim,6,0.4216337928389128,100.0,,,64.0,,100,inf,inf,0.9618055555555556,1.0,,,,,,
q,beta_x_dim,6,0.4216337928389128,100.0,,,64.0,,500,inf,inf,0.9926075268817204,1.0,,,,,,
q,beta_x_dim,7,0.348135709032997,100.0,,,64.0,,100,inf,inf,0.7461139896373057,0.6021505376344086,,,,,,
q,beta_x_dim,7,0.348135709032997,100.0,,,64.0,,500,inf,inf,0.8163813360187983,0.7038539553752535,,,,,,
q,beta_x_dim,8,0.3115759651311149,100.0,,,64.0,,100,inf,inf,0.6542553191489362,0.75,,,,,,
q,beta_x_dim,8,0.3115759651311149,100.0,,,64.0,,500,inf,inf,0.6643049932523617,0.725609756097561,,,,,,
q,beta_x_dim,9,0.3456124348675807,100.0,,,64.0,,100,inf,inf,0.6725043782837128,0.7391304347826086,,,,,,
q,beta_x_dim,9,0.3456124348675807,100.0,,,64.0,,500,inf,inf,0.6677886233591384,0.6971544715447154,,,,,,
q,beta_x_dim,10,0.378879289575792,100.0,,,64.0,,100,inf,inf,0.7335701598579041,0.7473684210526316,,,,,,
q,beta_x_dim,10,0.378879289575792,100.0,,,64.0,,500,inf,inf,0.8143773202834964,0.793939393939394,,,,,,
q,beta_x_dim,11,0.3274053988382884,100.0,,,64.0,,100,inf,inf,0.6286231884057971,0.6105263157894737,,,,,,
q,beta_x_dim,11,0.3274053988382884,100.0,,,64.0,,500,inf,inf,0.6595528455284553,0.5818181818181818,,,,,,
q,beta_x_dim,12,0.3764796768453319,100.0,,,64.0,,100,inf,inf,0.8059964726631393,0.6881720430107527,,,,,,
q,beta_x_dim,12,0.3764796768453319,100.0,,,64.0,,500,inf,inf,0.8281092012133469,0.6795131845841785,,,,,,
q,beta_x_dim,13,0.3272847901693679,100.0,,,64.0,,100,inf,inf,0.7762478485370051,0.9473684210526316,,,,,,
q,beta_x_dim,13,0.3272847901693679,100.0,,,64.0,,500,inf,inf,0.8154981549815498,0.9171717171717172,,,,,,
q,beta_x_dim,14,0.3264379164132335,100.0,,,64.0,,100,inf,inf,0.4728546409807355,0.4623655913978494,,,,,,
q,beta_x_dim,14,0.3264379164132335,100.0,,,64.0,,500,inf,inf,0.3601480982834062,0.2961460446247465,,,,,,
q,beta_x_dim,15,0.3124018770445692,100.0,,,64.0,,100,inf,inf,0.6192982456140351,0.5578947368421052,,,,,,
q,beta_x_dim,15,0.3124018770445692,100.0,,,64.0,,500,inf,inf,0.6575757575757576,0.6585858585858586,,,,,,
q,beta_x_dim,16,0.3106442961881303,100.0,,,64.0,,100,inf,inf,0.9244288224956064,0.946808510638298,,,,,,
q,beta_x_dim,16,0.3106442961881303,100.0,,,64.0,,500,inf,inf,0.985517009093971,0.9898785425101214,,,,,,
q,beta_x_dim,17,0.3375870917971322,100.0,,,64.0,,100,inf,inf,0.7943262411347518,0.8297872340425532,,,,,,
q,beta_x_dim,17,0.3375870917971322,100.0,,,64.0,,500,inf,inf,0.6909581646423751,0.7753036437246964,,,,,,
q,beta_x_dim,18,0.3627706335134446,100.0,,,64.0,,100,inf,inf,0.4973730297723292,0.5376344086021505,,,,,,
q,beta_x_dim,18,0.3627706335134446,100.0,,,64.0,,500,inf,inf,0.4994951194883877,0.5557809330628803,,,,,,
q,beta_x_dim,19,0.2719782442600281,100.0,,,64.0,,100,inf,inf,0.9334500875656744,0.9680851063829788,,,,,,
q,beta_x_dim,19,0.2719782442600281,100.0,,,64.0,,500,inf,inf,0.987209693705823,0.9939271255060728,,,,,,
q,beta_x_dim,0,0.2769788139980297,100.0,,,128.0,,100,inf,inf,0.3719723183391003,0.3085106382978723,,,,,,
q,beta_x_dim,0,0.2769788139980297,100.0,,,128.0,,500,inf,inf,0.3408327736736064,0.3299595141700405,,,,,,
q,beta_x_dim,1,0.2437982963519862,100.0,,,128.0,,100,inf,inf,0.707089552238806,0.7741935483870968,,,,,,
q,beta_x_dim,1,0.2437982963519862,100.0,,,128.0,,500,inf,inf,0.6740463215258855,0.7221095334685599,,,,,,
q,beta_x_dim,2,0.2433973032733596,100.0,,,128.0,,100,inf,inf,0.499108734402852,0.5913978494623656,,,,,,
q,beta_x_dim,2,0.2433973032733596,100.0,,,128.0,,500,inf,inf,0.4998311381290105,0.5192697768762677,,,,,,
q,beta_x_dim,3,0.2265935165248834,100.0,,,128.0,,100,inf,inf,0.6024734982332155,0.7340425531914894,,,,,,
q,beta_x_dim,3,0.2265935165248834,100.0,,,128.0,,500,inf,inf,0.6537424140256237,0.7307692307692307,,,,,,
q,beta_x_dim,4,0.2463705230170547,100.0,,,128.0,,100,inf,inf,0.6549912434325744,0.5161290322580645,,,,,,
q,beta_x_dim,4,0.2463705230170547,100.0,,,128.0,,500,inf,inf,0.6644227532817233,0.5314401622718052,,,,,,
q,beta_x_dim,5,0.2007125177184121,100.0,,,128.0,,100,inf,inf,0.5846422338568935,0.6842105263157895,,,,,,
q,beta_x_dim,5,0.2007125177184121,100.0,,,128.0,,500,inf,inf,0.6508577194752775,0.6565656565656566,,,,,,
q,beta_x_dim,6,0.2719857913570569,100.0,,,128.0,,100,inf,inf,0.9704861111111112,0.9893617021276596,,,,,,
q,beta_x_dim,6,0.2719857913570569,100.0,,,128.0,,500,inf,inf,0.994287634408602,0.9979757085020244,,,,,,
q,beta_x_dim,7,0.2114275672740672,100.0,,,128.0,,100,inf,inf,0.7737478411053541,0.6021505376344086,,,,,,
q,beta_x_dim,7,0.2114275672740672,100.0,,,128.0,,500,inf,inf,0.8217522658610272,0.7038539553752535,,,,,,
q,beta_x_dim,8,0.2149741897036,100.0,,,128.0,,100,inf,inf,0.650709219858156,0.75,,,,,,
q,beta_x_dim,8,0.2149741897036,100.0,,,128.0,,500,inf,inf,0.6636302294197031,0.725609756097561,,,,,,
q,beta_x_dim,9,0.2567751353259747,100.0,,,128.0,,100,inf,inf,0.6619964973730298,0.7391304347826086,,,,,,
q,beta_x_dim,9,0.2567751353259747,100.0,,,128.0,,500,inf,inf,0.6657691013126893,0.6971544715447154,,,,,,
q,beta_x_dim,10,0.2486463417142581,100.0,,,128.0,,100,inf,inf,0.7495559502664298,0.7368421052631579,,,,,,
q,beta_x_dim,10,0.2486463417142581,100.0,,,128.0,,500,inf,inf,0.817414782315221,0.7919191919191919,,,,,,
q,beta_x_dim,11,0.1974217867761011,100.0,,,128.0,,100,inf,inf,0.625,0.6210526315789474,,,,,,
q,beta_x_dim,11,0.1974217867761011,100.0,,,128.0,,500,inf,inf,0.6588753387533876,0.5838383838383838,,,,,,
q,beta_x_dim,12,0.2230611143413504,100.0,,,128.0,,100,inf,inf,0.763668430335097,0.6881720430107527,,,,,,
q,beta_x_dim,12,0.2230611143413504,100.0,,,128.0,,500,inf,inf,0.8200202224469161,0.6795131845841785,,,,,,
q,beta_x_dim,13,0.2868358576336272,100.0,,,128.0,,100,inf,inf,0.7728055077452668,0.9473684210526316,,,,,,
q,beta_x_dim,13,0.2868358576336272,100.0,,,128.0,,500,inf,inf,0.8148272391814827,0.9171717171717172,,,,,,
q,beta_x_dim,14,0.260450112016454,100.0,,,128.0,,100,inf,inf,0.4693520140105078,0.4516129032258064,,,,,,
q,beta_x_dim,14,0.260450112016454,100.0,,,128.0,,500,inf,inf,0.3594749242679232,0.2941176470588235,,,,,,
q,beta_x_dim,15,0.2108225834473612,100.0,,,128.0,,100,inf,inf,0.6192982456140351,0.5368421052631579,,,,,,
q,beta_x_dim,15,0.2108225834473612,100.0,,,128.0,,500,inf,inf,0.6575757575757576,0.6545454545454545,,,,,,
q,beta_x_dim,16,0.2383339427238416,100.0,,,128.0,,100,inf,inf,0.8963093145869947,0.9574468085106383,,,,,,
q,beta_x_dim,16,0.2383339427238416,100.0,,,128.0,,500,inf,inf,0.9801279892219602,0.9919028340080972,,,,,,
q,beta_x_dim,17,0.1810992779347456,100.0,,,128.0,,100,inf,inf,0.7890070921985816,0.8085106382978723,,,,,,
q,beta_x_dim,17,0.1810992779347456,100.0,,,128.0,,500,inf,inf,0.6899460188933874,0.771255060728745,,,,,,
q,beta_x_dim,18,0.3105319741536367,100.0,,,128.0,,100,inf,inf,0.5061295971978984,0.5376344086021505,,,,,,
q,beta_x_dim,18,0.3105319741536367,100.0,,,128.0,,500,inf,inf,0.5011780545270953,0.5557809330628803,,,,,,
q,beta_x_dim,19,0.1828295288710636,100.0,,,128.0,,100,inf,inf,0.9001751313485113,0.9680851063829788,,,,,,
q,beta_x_dim,19,0.1828295288710636,100.0,,,128.0,,500,inf,inf,0.9808145405587344,0.9939271255060728,,,,,,
q,beta_x_dim,0,0.1561151590110898,100.0,,,256.0,,100,inf,inf,0.3685121107266436,0.3191489361702128,,,,,,
q,beta_x_dim,0,0.1561151590110898,100.0,,,256.0,,500,inf,inf,0.3401611820013432,0.3319838056680162,,,,,,
q,beta_x_dim,1,0.1544549162417507,100.0,,,256.0,,100,inf,inf,0.7033582089552238,0.7741935483870968,,,,,,
q,beta_x_dim,1,0.1544549162417507,100.0,,,256.0,,500,inf,inf,0.6733651226158038,0.7221095334685599,,,,,,
q,beta_x_dim,2,0.1611444428630177,100.0,,,256.0,,100,inf,inf,0.5240641711229946,0.5483870967741935,,,,,,
q,beta_x_dim,2,0.1611444428630177,100.0,,,256.0,,500,inf,inf,0.5045592705167173,0.5111561866125761,,,,,,
q,beta_x_dim,3,0.1386638649939305,100.0,,,256.0,,100,inf,inf,0.5724381625441696,0.7127659574468085,,,,,,
q,beta_x_dim,3,0.1386638649939305,100.0,,,256.0,,500,inf,inf,0.6480107889413351,0.7267206477732794,,,,,,
q,beta_x_dim,4,0.2199032936958288,100.0,,,256.0,,100,inf,inf,0.6252189141856392,0.5698924731182796,,,,,,
q,beta_x_dim,4,0.2199032936958288,100.0,,,256.0,,500,inf,inf,0.6587007741501179,0.5415821501014199,,,,,,
q,beta_x_dim,5,0.1706797529091717,100.0,,,256.0,,100,inf,inf,0.6160558464223386,0.6631578947368421,,,,,,
q,beta_x_dim,5,0.1706797529091717,100.0,,,256.0,,500,inf,inf,0.656912209889001,0.6525252525252525,,,,,,
q,beta_x_dim,6,0.1826961665570637,100.0,,,256.0,,100,inf,inf,0.9600694444444444,0.9680851063829788,,,,,,
q,beta_x_dim,6,0.1826961665570637,100.0,,,256.0,,500,inf,inf,0.992271505376344,0.9939271255060728,,,,,,
q,beta_x_dim,7,0.1382621299628856,100.0,,,256.0,,100,inf,inf,0.7495682210708118,0.6129032258064516,,,,,,
q,beta_x_dim,7,0.1382621299628856,100.0,,,256.0,,500,inf,inf,0.8170527022490769,0.7058823529411765,,,,,,
q,beta_x_dim,8,0.1738344351847317,100.0,,,256.0,,100,inf,inf,0.6560283687943262,0.75,,,,,,
q,beta_x_dim,8,0.1738344351847317,100.0,,,256.0,,500,inf,inf,0.664642375168691,0.725609756097561,,,,,,
q,beta_x_dim,9,0.2133657125731659,100.0,,,256.0,,100,inf,inf,0.6725043782837128,0.7391304347826086,,,,,,
q,beta_x_dim,9,0.2133657125731659,100.0,,,256.0,,500,inf,inf,0.6677886233591384,0.6971544715447154,,,,,,
q,beta_x_dim,10,0.2254427509551922,100.0,,,256.0,,100,inf,inf,0.7708703374777975,0.7684210526315789,,,,,,
q,beta_x_dim,10,0.2254427509551922,100.0,,,256.0,,500,inf,inf,0.8214647316908539,0.797979797979798,,,,,,
q,beta_x_dim,11,0.1840049138218659,100.0,,,256.0,,100,inf,inf,0.6068840579710145,0.5789473684210527,,,,,,
q,beta_x_dim,11,0.1840049138218659,100.0,,,256.0,,500,inf,inf,0.6554878048780488,0.5757575757575758,,,,,,
q,beta_x_dim,12,0.1576595918302586,100.0,,,256.0,,100,inf,inf,0.7707231040564374,0.7096774193548387,,,,,,
q,beta_x_dim,12,0.1576595918302586,100.0,,,256.0,,500,inf,inf,0.8213683855746545,0.6835699797160243,,,,,,
q,beta_x_dim,13,0.1825318597082257,100.0,,,256.0,,100,inf,inf,0.7590361445783133,0.9473684210526316,,,,,,
q,beta_x_dim,13,0.1825318597082257,100.0,,,256.0,,500,inf,inf,0.8121435759812143,0.9171717171717172,,,,,,
q,beta_x_dim,14,0.1314253804517846,100.0,,,256.0,,100,inf,inf,0.4623467600700525,0.4623655913978494,,,,,,
q,beta_x_dim,14,0.1314253804517846,100.0,,,256.0,,500,inf,inf,0.3581285762369572,0.2961460446247465,,,,,,
q,beta_x_dim,15,0.147930466476972,100.0,,,256.0,,100,inf,inf,0.6192982456140351,0.5894736842105263,,,,,,
q,beta_x_dim,15,0.147930466476972,100.0,,,256.0,,500,inf,inf,0.6575757575757576,0.6646464646464646,,,,,,
q,beta_x_dim,16,0.1816174986867891,100.0,,,256.0,,100,inf,inf,0.8998242530755711,0.9042553191489362,,,,,,
q,beta_x_dim,16,0.1816174986867891,100.0,,,256.0,,500,inf,inf,0.9808016167059616,0.9817813765182186,,,,,,
q,beta_x_dim,17,0.1604795312524981,100.0,,,256.0,,100,inf,inf,0.7216312056737588,0.7872340425531915,,,,,,
q,beta_x_dim,17,0.1604795312524981,100.0,,,256.0,,500,inf,inf,0.6771255060728745,0.7672064777327935,,,,,,
q,beta_x_dim,18,0.1535224584703985,100.0,,,256.0,,100,inf,inf,0.5043782837127846,0.5806451612903226,,,,,,
q,beta_x_dim,18,0.1535224584703985,100.0,,,256.0,,500,inf,inf,0.5008414675193538,0.563894523326572,,,,,,
q,beta_x_dim,19,0.1605501696049673,100.0,,,256.0,,100,inf,inf,0.87215411558669,0.9680851063829788,,,,,,
q,beta_x_dim,19,0.1605501696049673,100.0,,,256.0,,500,inf,inf,0.9754291484348704,0.9939271255060728,,,,,,
q,beta_x_dim,0,0.1030968424041055,100.0,,,512.0,,100,inf,inf,0.4463667820069204,0.3723404255319149,,,,,,
q,beta_x_dim,0,0.1030968424041055,100.0,,,512.0,,500,inf,inf,0.3552719946272666,0.3421052631578947,,,,,,
q,beta_x_dim,1,0.1140296269471779,100.0,,,512.0,,100,inf,inf,0.7052238805970149,0.7956989247311828,,,,,,
q,beta_x_dim,1,0.1140296269471779,100.0,,,512.0,,500,inf,inf,0.6737057220708447,0.7261663286004056,,,,,,
q,beta_x_dim,2,0.0927791855463762,100.0,,,512.0,,100,inf,inf,0.5026737967914439,0.5376344086021505,,,,,,
q,beta_x_dim,2,0.0927791855463762,100.0,,,512.0,,500,inf,inf,0.5005065856129686,0.5091277890466531,,,,,,
q,beta_x_dim,3,0.1189404917111431,100.0,,,512.0,,100,inf,inf,0.5636042402826855,0.723404255319149,,,,,,
q,beta_x_dim,3,0.1189404917111431,100.0,,,512.0,,500,inf,inf,0.6463250168577208,0.728744939271255,,,,,,
q,beta_x_dim,4,0.1426867814088468,100.0,,,512.0,,100,inf,inf,0.6252189141856392,0.5161290322580645,,,,,,
q,beta_x_dim,4,0.1426867814088468,100.0,,,512.0,,500,inf,inf,0.6587007741501179,0.5314401622718052,,,,,,
q,beta_x_dim,5,0.1064487629651989,100.0,,,512.0,,100,inf,inf,0.6003490401396161,0.631578947368421,,,,,,
q,beta_x_dim,5,0.1064487629651989,100.0,,,512.0,,500,inf,inf,0.6538849646821393,0.6464646464646465,,,,,,
q,beta_x_dim,6,0.1201973174121529,100.0,,,512.0,,100,inf,inf,0.9253472222222222,0.9787234042553192,,,,,,
q,beta_x_dim,6,0.1201973174121529,100.0,,,512.0,,500,inf,inf,0.9855510752688172,0.9959514170040484,,,,,,
q,beta_x_dim,7,0.1125765245269145,100.0,,,512.0,,100,inf,inf,0.7841105354058722,0.6451612903225806,,,,,,
q,beta_x_dim,7,0.1125765245269145,100.0,,,512.0,,500,inf,inf,0.823766364551863,0.7119675456389453,,,,,,
q,beta_x_dim,8,0.1417573096555955,100.0,,,512.0,,100,inf,inf,0.6631205673758865,0.75,,,,,,
q,beta_x_dim,8,0.1417573096555955,100.0,,,512.0,,500,inf,inf,0.6659919028340081,0.725609756097561,,,,,,
q,beta_x_dim,9,0.133041364360873,100.0,,,512.0,,100,inf,inf,0.6637478108581436,0.717391304347826,,,,,,
q,beta_x_dim,9,0.133041364360873,100.0,,,512.0,,500,inf,inf,0.6661056883204308,0.693089430894309,,,,,,
q,beta_x_dim,10,0.1169679487972046,100.0,,,512.0,,100,inf,inf,0.7477797513321492,0.8,,,,,,
q,beta_x_dim,10,0.1169679487972046,100.0,,,512.0,,500,inf,inf,0.8170772865339183,0.804040404040404,,,,,,
q,beta_x_dim,11,0.1246017663255829,100.0,,,512.0,,100,inf,inf,0.6123188405797102,0.5894736842105263,,,,,,
q,beta_x_dim,11,0.1246017663255829,100.0,,,512.0,,500,inf,inf,0.6565040650406504,0.5777777777777777,,,,,,
q,beta_x_dim,12,0.1382766162059651,100.0,,,512.0,,100,inf,inf,0.7389770723104057,0.6989247311827957,,,,,,
q,beta_x_dim,12,0.1382766162059651,100.0,,,512.0,,500,inf,inf,0.8153016514998315,0.6815415821501014,,,,,,
q,beta_x_dim,13,0.1196281776795636,100.0,,,512.0,,100,inf,inf,0.7435456110154905,0.9473684210526316,,,,,,
q,beta_x_dim,13,0.1196281776795636,100.0,,,512.0,,500,inf,inf,0.8091244548809124,0.9171717171717172,,,,,,
q,beta_x_dim,14,0.1340870593186491,100.0,,,512.0,,100,inf,inf,0.4220665499124343,0.4516129032258064,,,,,,
q,beta_x_dim,14,0.1340870593186491,100.0,,,512.0,,500,inf,inf,0.3503870750589027,0.2941176470588235,,,,,,
q,beta_x_dim,15,0.0967374670363391,100.0,,,512.0,,100,inf,inf,0.6350877192982456,0.5894736842105263,,,,,,
q,beta_x_dim,15,0.0967374670363391,100.0,,,512.0,,500,inf,inf,0.6606060606060606,0.6646464646464646,,,,,,
q,beta_x_dim,16,0.1174795013926857,100.0,,,512.0,,100,inf,inf,0.8910369068541301,0.946808510638298,,,,,,
q,beta_x_dim,16,0.1174795013926857,100.0,,,512.0,,500,inf,inf,0.9791175479959582,0.9898785425101214,,,,,,
q,beta_x_dim,17,0.1417826345959721,100.0,,,512.0,,100,inf,inf,0.7659574468085106,0.7978723404255319,,,,,,
q,beta_x_dim,17,0.1417826345959721,100.0,,,512.0,,500,inf,inf,0.6855600539811066,0.7692307692307693,,,,,,
q,beta_x_dim,18,0.0907625039255792,100.0,,,512.0,,100,inf,inf,0.4693520140105078,0.4946236559139785,,,,,,
q,beta_x_dim,18,0.0907625039255792,100.0,,,512.0,,500,inf,inf,0.4941097273645237,0.5476673427991886,,,,,,
q,beta_x_dim,19,0.1233153610554358,100.0,,,512.0,,100,inf,inf,0.915936952714536,0.9680851063829788,,,,,,
q,beta_x_dim,19,0.1233153610554358,100.0,,,512.0,,500,inf,inf,0.983843823628408,0.9939271255060728,,,,,,
q,beta_x_dim,0,0.0832455924980941,100.0,,,1024.0,,100,inf,inf,0.5173010380622838,0.3936170212765957,,,,,,
q,beta_x_dim,0,0.0832455924980941,100.0,,,1024.0,,500,inf,inf,0.3690396239086635,0.3461538461538461,,,,,,
q,beta_x_dim,1,0.0977398989210664,100.0,,,1024.0,,100,inf,inf,0.6791044776119403,0.8172043010752689,,,,,,
q,beta_x_dim,1,0.0977398989210664,100.0,,,1024.0,,500,inf,inf,0.6689373297002725,0.7302231237322515,,,,,,
q,beta_x_dim,2,0.098176231085323,100.0,,,1024.0,,100,inf,inf,0.5490196078431373,0.5483870967741935,,,,,,
q,beta_x_dim,2,0.098176231085323,100.0,,,1024.0,,500,inf,inf,0.5092874029044242,0.5111561866125761,,,,,,
q,beta_x_dim,3,0.1202208739769747,100.0,,,1024.0,,100,inf,inf,0.6289752650176679,0.7021276595744681,,,,,,
q,beta_x_dim,3,0.1202208739769747,100.0,,,1024.0,,500,inf,inf,0.6587997302764667,0.7246963562753036,,,,,,
q,beta_x_dim,4,0.0858213646046357,100.0,,,1024.0,,100,inf,inf,0.6287215411558669,0.5161290322580645,,,,,,
q,beta_x_dim,4,0.0858213646046357,100.0,,,1024.0,,500,inf,inf,0.6593739481656008,0.5314401622718052,,,,,,
q,beta_x_dim,5,0.095290498691526,100.0,,,1024.0,,100,inf,inf,0.6055846422338569,0.631578947368421,,,,,,
q,beta_x_dim,5,0.095290498691526,100.0,,,1024.0,,500,inf,inf,0.6548940464177598,0.6464646464646465,,,,,,
q,beta_x_dim,6,0.0858756883561873,100.0,,,1024.0,,100,inf,inf,0.9236111111111112,0.9680851063829788,,,,,,
q,beta_x_dim,6,0.0858756883561873,100.0,,,1024.0,,500,inf,inf,0.9852150537634408,0.9939271255060728,,,,,,
q,beta_x_dim,7,0.0844807231030569,100.0,,,1024.0,,100,inf,inf,0.768566493955095,0.6236559139784946,,,,,,
q,beta_x_dim,7,0.0844807231030569,100.0,,,1024.0,,500,inf,inf,0.8207452165156093,0.7079107505070994,,,,,,
q,beta_x_dim,8,0.0855617921909968,100.0,,,1024.0,,100,inf,inf,0.6578014184397163,0.7717391304347826,,,,,,
q,beta_x_dim,8,0.0855617921909968,100.0,,,1024.0,,500,inf,inf,0.6649797570850202,0.7296747967479674,,,,,,
q,beta_x_dim,9,0.1003569482236124,100.0,,,1024.0,,100,inf,inf,0.6094570928196147,0.7391304347826086,,,,,,
q,beta_x_dim,9,0.1003569482236124,100.0,,,1024.0,,500,inf,inf,0.6556714910804443,0.6971544715447154,,,,,,
q,beta_x_dim,10,0.0940662699861201,100.0,,,1024.0,,100,inf,inf,0.7495559502664298,0.8421052631578947,,,,,,
q,beta_x_dim,10,0.0940662699861201,100.0,,,1024.0,,500,inf,inf,0.817414782315221,0.8121212121212121,,,,,,
q,beta_x_dim,11,0.0994580435870724,100.0,,,1024.0,,100,inf,inf,0.6431159420289855,0.7157894736842105,,,,,,
q,beta_x_dim,11,0.0994580435870724,100.0,,,1024.0,,500,inf,inf,0.6622628726287263,0.602020202020202,,,,,,
q,beta_x_dim,12,0.0662617463813111,100.0,,,1024.0,,100,inf,inf,0.6948853615520282,0.6559139784946236,,,,,,
q,beta_x_dim,12,0.0662617463813111,100.0,,,1024.0,,500,inf,inf,0.8068756319514662,0.6734279918864098,,,,,,
q,beta_x_dim,13,0.0876184035596533,100.0,,,1024.0,,100,inf,inf,0.7401032702237521,0.9263157894736842,,,,,,
q,beta_x_dim,13,0.0876184035596533,100.0,,,1024.0,,500,inf,inf,0.8084535390808454,0.9131313131313132,,,,,,
q,beta_x_dim,14,0.0975804595166753,100.0,,,1024.0,,100,inf,inf,0.404553415061296,0.3870967741935484,,,,,,
q,beta_x_dim,14,0.0975804595166753,100.0,,,1024.0,,500,inf,inf,0.3470212049814877,0.281947261663286,,,,,,
q,beta_x_dim,15,0.0830707630274445,100.0,,,1024.0,,100,inf,inf,0.6666666666666666,0.6526315789473685,,,,,,
q,beta_x_dim,15,0.0830707630274445,100.0,,,1024.0,,500,inf,inf,0.6666666666666666,0.6767676767676768,,,,,,
q,beta_x_dim,16,0.082259425917027,100.0,,,1024.0,,100,inf,inf,0.8769771528998243,0.9148936170212766,,,,,,
q,beta_x_dim,16,0.082259425917027,100.0,,,1024.0,,500,inf,inf,0.9764230380599528,0.9838056680161944,,,,,,
q,beta_x_dim,17,0.1032670721174316,100.0,,,1024.0,,100,inf,inf,0.7606382978723404,0.776595744680851,,,,,,
q,beta_x_dim,17,0.1032670721174316,100.0,,,1024.0,,500,inf,inf,0.6845479082321188,0.7651821862348178,,,,,,
q,beta_x_dim,18,0.0759683551193502,100.0,,,1024.0,,100,inf,inf,0.4605954465849387,0.5161290322580645,,,,,,
q,beta_x_dim,18,0.0759683551193502,100.0,,,1024.0,,500,inf,inf,0.4924267923258162,0.5517241379310345,,,,,,
q,beta_x_dim,19,0.0849126767994121,100.0,,,1024.0,,100,inf,inf,0.8861646234676007,0.9574468085106383,,,,,,
q,beta_x_dim,19,0.0849126767994121,100.0,,,1024.0,,500,inf,inf,0.9781218444968024,0.9919028340080972,,,,,,
q,beta_x_dim,0,0.0590906245810299,100.0,,,2048.0,,100,inf,inf,0.4100346020761246,0.4148936170212766,,,,,,
q,beta_x_dim,0,0.0590906245810299,100.0,,,2048.0,,500,inf,inf,0.3482202820685023,0.3502024291497975,,,,,,
q,beta_x_dim,1,0.0805526696697304,100.0,,,2048.0,,100,inf,inf,0.5708955223880597,0.6559139784946236,,,,,,
q,beta_x_dim,1,0.0805526696697304,100.0,,,2048.0,,500,inf,inf,0.6491825613079019,0.6997971602434077,,,,,,
q,beta_x_dim,2,0.0738474821944611,100.0,,,2048.0,,100,inf,inf,0.5668449197860963,0.5913978494623656,,,,,,
q,beta_x_dim,2,0.0738474821944611,100.0,,,2048.0,,500,inf,inf,0.5126646403242148,0.5192697768762677,,,,,,
q,beta_x_dim,3,0.080736234833632,100.0,,,2048.0,,100,inf,inf,0.5477031802120141,0.6595744680851063,,,,,,
q,beta_x_dim,3,0.080736234833632,100.0,,,2048.0,,500,inf,inf,0.6432906271072151,0.7165991902834008,,,,,,
q,beta_x_dim,4,0.0551585314317101,100.0,,,2048.0,,100,inf,inf,0.6234676007005254,0.6774193548387096,,,,,,
q,beta_x_dim,4,0.0551585314317101,100.0,,,2048.0,,500,inf,inf,0.6583641871423763,0.5618661257606491,,,,,,
q,beta_x_dim,5,0.0692130486304319,100.0,,,2048.0,,100,inf,inf,0.6387434554973822,0.7052631578947368,,,,,,
q,beta_x_dim,5,0.0692130486304319,100.0,,,2048.0,,500,inf,inf,0.6612848974100235,0.6606060606060606,,,,,,
q,beta_x_dim,6,0.0717343974073521,100.0,,,2048.0,,100,inf,inf,0.921875,0.9893617021276596,,,,,,
q,beta_x_dim,6,0.0717343974073521,100.0,,,2048.0,,500,inf,inf,0.9848790322580644,0.9979757085020244,,,,,,
q,beta_x_dim,7,0.0622144201339652,100.0,,,2048.0,,100,inf,inf,0.7167530224525043,0.5806451612903226,,,,,,
q,beta_x_dim,7,0.0622144201339652,100.0,,,2048.0,,500,inf,inf,0.81067472306143,0.6997971602434077,,,,,,
q,beta_x_dim,8,0.0764464426210585,100.0,,,2048.0,,100,inf,inf,0.6666666666666666,0.7608695652173914,,,,,,
q,beta_x_dim,8,0.0764464426210585,100.0,,,2048.0,,500,inf,inf,0.6666666666666666,0.7276422764227642,,,,,,
q,beta_x_dim,9,0.0611985220808771,100.0,,,2048.0,,100,inf,inf,0.6112084063047285,0.7065217391304348,,,,,,
q,beta_x_dim,9,0.0611985220808771,100.0,,,2048.0,,500,inf,inf,0.6560080780881858,0.6910569105691057,,,,,,
q,beta_x_dim,10,0.067910613623016,100.0,,,2048.0,,100,inf,inf,0.7353463587921847,0.8526315789473684,,,,,,
q,beta_x_dim,10,0.067910613623016,100.0,,,2048.0,,500,inf,inf,0.8147148160647992,0.8141414141414142,,,,,,
q,beta_x_dim,11,0.0651762981409896,100.0,,,2048.0,,100,inf,inf,0.6739130434782609,0.6736842105263158,,,,,,
q,beta_x_dim,11,0.0651762981409896,100.0,,,2048.0,,500,inf,inf,0.6680216802168022,0.593939393939394,,,,,,
q,beta_x_dim,12,0.0581884729454011,100.0,,,2048.0,,100,inf,inf,0.63668430335097,0.6129032258064516,,,,,,
q,beta_x_dim,12,0.0581884729454011,100.0,,,2048.0,,500,inf,inf,0.7957532861476239,0.665314401622718,,,,,,
q,beta_x_dim,13,0.0452618542833713,100.0,,,2048.0,,100,inf,inf,0.6523235800344234,0.7578947368421053,,,,,,
q,beta_x_dim,13,0.0452618542833713,100.0,,,2048.0,,500,inf,inf,0.7913451861791345,0.8808080808080808,,,,,,
q,beta_x_dim,14,0.0441828211865987,100.0,,,2048.0,,100,inf,inf,0.5183887915936952,0.4516129032258064,,,,,,
q,beta_x_dim,14,0.0441828211865987,100.0,,,2048.0,,500,inf,inf,0.3688993604846853,0.2941176470588235,,,,,,
q,beta_x_dim,15,0.0586007047122559,100.0,,,2048.0,,100,inf,inf,0.6789473684210526,0.7368421052631579,,,,,,
q,beta_x_dim,15,0.0586007047122559,100.0,,,2048.0,,500,inf,inf,0.6690235690235691,0.692929292929293,,,,,,
q,beta_x_dim,16,0.0663772188385679,100.0,,,2048.0,,100,inf,inf,0.8681898066783831,0.925531914893617,,,,,,
q,beta_x_dim,16,0.0663772188385679,100.0,,,2048.0,,500,inf,inf,0.9747389693499496,0.98582995951417,,,,,,
q,beta_x_dim,17,0.0599155119179395,100.0,,,2048.0,,100,inf,inf,0.7907801418439716,0.7872340425531915,,,,,,
q,beta_x_dim,17,0.0599155119179395,100.0,,,2048.0,,500,inf,inf,0.6902834008097166,0.7672064777327935,,,,,,
q,beta_x_dim,18,0.0528569949970827,100.0,,,2048.0,,100,inf,inf,0.5236427320490368,0.5591397849462365,,,,,,
q,beta_x_dim,18,0.0528569949970827,100.0,,,2048.0,,500,inf,inf,0.5045439246045103,0.5598377281947262,,,,,,
q,beta_x_dim,19,0.0597533003427516,100.0,,,2048.0,,100,inf,inf,0.989492119089317,0.9893617021276596,,,,,,
q,beta_x_dim,19,0.0597533003427516,100.0,,,2048.0,,500,inf,inf,0.997980477953551,0.9979757085020244,,,,,,
q,beta_x_dim,0,0.0528122944875321,100.0,,,4096.0,,100,inf,inf,0.4411764705882353,0.3936170212765957,,,,,,
q,beta_x_dim,0,0.0528122944875321,100.0,,,4096.0,,500,inf,inf,0.3542646071188717,0.3461538461538461,,,,,,
q,beta_x_dim,1,0.0332337536226412,100.0,,,4096.0,,100,4.366918584877746e+40,4.366918584877746e+40,0.8152985074626866,0.8494623655913979,,,,,,
q,beta_x_dim,1,0.0332337536226412,100.0,,,4096.0,,500,inf,inf,0.6903950953678474,0.7363083164300203,,,,,,
q,beta_x_dim,2,0.0451743962171918,100.0,,,4096.0,,100,inf,inf,0.5383244206773619,0.5913978494623656,,,,,,
q,beta_x_dim,2,0.0451743962171918,100.0,,,4096.0,,500,inf,inf,0.5072610604525498,0.5192697768762677,,,,,,
q,beta_x_dim,3,0.0427116544627979,100.0,,,4096.0,,100,inf,inf,0.5512367491166078,0.6063829787234043,,,,,,
q,beta_x_dim,3,0.0427116544627979,100.0,,,4096.0,,500,inf,inf,0.6439649359406608,0.7064777327935222,,,,,,
q,beta_x_dim,4,0.0400158702661801,100.0,,,4096.0,,100,9.845468710521e+64,9.845468710521e+64,0.542907180385289,0.5591397849462365,,,,,,
q,beta_x_dim,4,0.0400158702661801,100.0,,,4096.0,,500,inf,inf,0.6418714237630427,0.539553752535497,,,,,,
q,beta_x_dim,5,0.0370913464717784,100.0,,,4096.0,,100,inf,inf,0.5794066317626527,0.6736842105263158,,,,,,
q,beta_x_dim,5,0.0370913464717784,100.0,,,4096.0,,500,inf,inf,0.649848637739657,0.6545454545454545,,,,,,
q,beta_x_dim,6,0.0479492321544804,100.0,,,4096.0,,100,inf,inf,0.8107638888888888,0.946808510638298,,,,,,
q,beta_x_dim,6,0.0479492321544804,100.0,,,4096.0,,500,inf,inf,0.9633736559139784,0.9898785425101214,,,,,,
q,beta_x_dim,7,0.0385382896527443,100.0,,,4096.0,,100,inf,inf,0.6563039723661486,0.5268817204301075,,,,,,
q,beta_x_dim,7,0.0385382896527443,100.0,,,4096.0,,500,inf,inf,0.7989258140315542,0.6896551724137931,,,,,,
q,beta_x_dim,8,0.0543835979270181,100.0,,,4096.0,,100,inf,inf,0.6684397163120568,0.7934782608695652,,,,,,
q,beta_x_dim,8,0.0543835979270181,100.0,,,4096.0,,500,inf,inf,0.667004048582996,0.733739837398374,,,,,,
q,beta_x_dim,9,0.0376531093771584,100.0,,,4096.0,,100,inf,inf,0.5726795096322241,0.6630434782608695,,,,,,
q,beta_x_dim,9,0.0376531093771584,100.0,,,4096.0,,500,inf,inf,0.6486031639178728,0.6829268292682927,,,,,,
q,beta_x_dim,10,0.0468377476856461,100.0,,,4096.0,,100,inf,inf,0.6483126110124334,0.7052631578947368,,,,,,
q,beta_x_dim,10,0.0468377476856461,100.0,,,4096.0,,500,inf,inf,0.7981775227809652,0.7858585858585858,,,,,,
q,beta_x_dim,11,0.0521751382836228,100.0,,,4096.0,,100,inf,inf,0.5869565217391305,0.6,,,,,,
q,beta_x_dim,11,0.0521751382836228,100.0,,,4096.0,,500,inf,inf,0.6517615176151762,0.5797979797979798,,,,,,
q,beta_x_dim,12,0.0375271207122855,100.0,,,4096.0,,100,inf,inf,0.5573192239858906,0.5053763440860215,,,,,,
q,beta_x_dim,12,0.0375271207122855,100.0,,,4096.0,,500,inf,inf,0.7805864509605662,0.6450304259634888,,,,,,
q,beta_x_dim,13,0.0361136154477065,100.0,,,4096.0,,100,inf,inf,0.6764199655765921,0.7789473684210526,,,,,,
q,beta_x_dim,13,0.0361136154477065,100.0,,,4096.0,,500,inf,inf,0.7960415967796042,0.8848484848484849,,,,,,
q,beta_x_dim,14,0.0462079830780834,100.0,,,4096.0,,100,2147.9456097747866,1941.5643901364365,0.5691768826619965,0.4301075268817204,,,,,,
q,beta_x_dim,14,0.0462079830780834,100.0,,,4096.0,,500,inf,inf,0.3779872096937058,0.2920892494929006,,,,,,
q,beta_x_dim,15,0.0412325635617556,100.0,,,4096.0,,100,inf,inf,0.5824561403508772,0.6105263157894737,,,,,,
q,beta_x_dim,15,0.0412325635617556,100.0,,,4096.0,,500,inf,inf,0.6505050505050505,0.6686868686868687,,,,,,
q,beta_x_dim,0,0.0288666205536211,100.0,,,8192.0,,100,30.456403657922163,30.456403657922163,0.7283737024221453,0.7553191489361702,,,,,,
q,beta_x_dim,0,0.0288666205536211,100.0,,,8192.0,,500,inf,inf,0.4157152451309603,0.4291497975708502,,,,,,
q,beta_x_dim,1,0.0271649459742409,100.0,,,8192.0,,100,616.5126736217693,509.6129615402593,0.8115671641791045,0.8172043010752689,,,,,,
q,beta_x_dim,1,0.0271649459742409,100.0,,,8192.0,,500,inf,inf,0.6716621253405994,0.7139959432048681,,,,,,
q,beta_x_dim,2,0.0371665552410182,100.0,,,8192.0,,100,inf,inf,0.6381461675579323,0.6129032258064516,,,,,,
q,beta_x_dim,2,0.0371665552410182,100.0,,,8192.0,,500,inf,inf,0.5261735900033773,0.5233265720081136,,,,,,
q,beta_x_dim,3,0.0255351733360245,100.0,,,8192.0,,100,inf,inf,0.6289752650176679,0.648936170212766,,,,,,
q,beta_x_dim,3,0.0255351733360245,100.0,,,8192.0,,500,inf,inf,0.6581254214430209,0.7145748987854251,,,,,,
q,beta_x_dim,16,0.0479727073439655,100.0,,,4096.0,,100,inf,inf,0.6608084358523726,0.8404255319148937,,,,,,
q,beta_x_dim,16,0.0479727073439655,100.0,,,4096.0,,500,inf,inf,0.93499494779387,0.9696356275303644,,,,,,
q,beta_x_dim,17,0.0520924933809918,100.0,,,4096.0,,100,inf,inf,0.74822695035461,0.8404255319148937,,,,,,
q,beta_x_dim,17,0.0520924933809918,100.0,,,4096.0,,500,inf,inf,0.6821862348178138,0.7773279352226721,,,,,,
q,beta_x_dim,18,0.0485882391989239,100.0,,,4096.0,,100,inf,inf,0.4605954465849387,0.4946236559139785,,,,,,
q,beta_x_dim,18,0.0485882391989239,100.0,,,4096.0,,500,inf,inf,0.4924267923258162,0.5476673427991886,,,,,,
q,beta_x_dim,19,0.0383921864166432,100.0,,,4096.0,,100,inf,inf,0.9527145359019265,0.9893617021276596,,,,,,
q,beta_x_dim,19,0.0383921864166432,100.0,,,4096.0,,500,inf,inf,0.9909121507909796,0.9979757085020244,,,,,,
q,beta_x_dim,4,0.0354875706784735,100.0,,,8192.0,,100,7.158727426693387e+34,7.158727426693387e+34,0.6532399299474606,0.6774193548387096,,,,,,
q,beta_x_dim,4,0.0354875706784735,100.0,,,8192.0,,500,inf,inf,0.6617300572197913,0.5618661257606491,,,,,,
q,beta_x_dim,5,0.0246779094967519,100.0,,,8192.0,,100,286.9188921499614,286.9188921499614,0.7137870855148342,0.7052631578947368,,,,,,
q,beta_x_dim,5,0.0246779094967519,100.0,,,8192.0,,500,inf,inf,0.6676757484022873,0.6484848484848484,,,,,,
q,beta_x_dim,6,0.0408079366855368,100.0,,,8192.0,,100,inf,inf,0.7725694444444444,0.851063829787234,,,,,,
q,beta_x_dim,6,0.0408079366855368,100.0,,,8192.0,,500,inf,inf,0.9559811827956988,0.97165991902834,,,,,,
q,beta_x_dim,7,0.0315518750860876,100.0,,,8192.0,,100,72.83449615922837,72.83449615922837,0.7357512953367875,0.6989247311827957,,,,,,
q,beta_x_dim,7,0.0315518750860876,100.0,,,8192.0,,500,inf,inf,0.7841557569654246,0.7383367139959433,,,,,,
q,beta_x_dim,8,0.0397878227234198,100.0,,,8192.0,,100,5976.718096090601,5976.718096090601,0.6294326241134752,0.7391304347826086,,,,,,
q,beta_x_dim,8,0.0397878227234198,100.0,,,8192.0,,500,inf,inf,0.6538461538461539,0.7134146341463414,,,,,,
q,beta_x_dim,9,0.026488447237678,100.0,,,8192.0,,100,1.7486340228417886e+104,1.7486340228417886e+104,0.6322241681260946,0.6847826086956522,,,,,,
q,beta_x_dim,9,0.026488447237678,100.0,,,8192.0,,500,inf,inf,0.6587007741501179,0.6869918699186992,,,,,,
q,beta_x_dim,10,0.0346351932663387,100.0,,,8192.0,,100,inf,inf,0.6287744227353463,0.7157894736842105,,,,,,
q,beta_x_dim,10,0.0346351932663387,100.0,,,8192.0,,500,inf,inf,0.7944650691866352,0.7878787878787878,,,,,,
q,beta_x_dim,11,0.0260555256577383,100.0,,,8192.0,,100,51.1783961403275,51.1783961403275,0.6992753623188406,0.7368421052631579,,,,,,
q,beta_x_dim,11,0.0260555256577383,100.0,,,8192.0,,500,inf,inf,0.6314363143631436,0.5959595959595959,,,,,,
q,beta_x_dim,12,0.0289139126779301,100.0,,,8192.0,,100,560.1052932424028,560.1052932424028,0.564373897707231,0.6451612903225806,,,,,,
q,beta_x_dim,12,0.0289139126779301,100.0,,,8192.0,,500,inf,inf,0.7492416582406471,0.6835699797160243,,,,,,
q,beta_x_dim,13,0.0282074781210966,100.0,,,8192.0,,100,1.585317721883502e+73,1.585317721883502e+73,0.4578313253012048,0.5578947368421052,,,,,,
q,beta_x_dim,13,0.0282074781210966,100.0,,,8192.0,,500,inf,inf,0.7520966118752097,0.8424242424242424,,,,,,
q,beta_x_dim,14,0.0311863302210941,100.0,,,8192.0,,100,143.78326461480677,143.78326461480677,0.7005253940455342,0.6344086021505376,,,,,,
q,beta_x_dim,14,0.0311863302210941,100.0,,,8192.0,,500,inf,inf,0.428475260854931,0.3529411764705882,,,,,,
q,beta_x_dim,15,0.0341092293731739,100.0,,,8192.0,,100,151.92824090834125,151.92824090834125,0.7070175438596491,0.6947368421052632,,,,,,
q,beta_x_dim,15,0.0341092293731739,100.0,,,8192.0,,500,inf,inf,0.6521885521885522,0.6626262626262627,,,,,,
q,beta_x_dim,16,0.0268410705717592,100.0,,,8192.0,,100,inf,inf,0.7750439367311072,0.8297872340425532,,,,,,
q,beta_x_dim,16,0.0268410705717592,100.0,,,8192.0,,500,inf,inf,0.9568878410239138,0.9676113360323888,,,,,,
q,beta_x_dim,17,0.0288385120973422,100.0,,,8192.0,,100,378.15591439698255,363.3952965742787,0.7145390070921985,0.8297872340425532,,,,,,
q,beta_x_dim,17,0.0288385120973422,100.0,,,8192.0,,500,inf,inf,0.6626180836707153,0.7672064777327935,,,,,,
q,beta_x_dim,18,0.0324697238711532,100.0,,,8192.0,,100,1309.0140852888042,1309.0140852888042,0.5131348511383538,0.5376344086021505,,,,,,
q,beta_x_dim,18,0.0324697238711532,100.0,,,8192.0,,500,inf,inf,0.4974755974419387,0.5578093306288032,,,,,,
q,beta_x_dim,19,0.0322978173793725,100.0,,,8192.0,,100,inf,inf,0.8651488616462347,0.9680851063829788,,,,,,
q,beta_x_dim,19,0.0322978173793725,100.0,,,8192.0,,500,inf,inf,0.9740828004039044,0.9939271255060728,,,,,,
q,beta_x_dim,0,0.0203569894689093,100.0,,,16384.0,,100,5.425060235452458,5.425060235452458,0.8131487889273357,0.8936170212765957,,,,,,
q,beta_x_dim,0,0.0203569894689093,100.0,,,16384.0,,500,inf,inf,0.4761584956346541,0.5303643724696356,,,,,,
q,beta_x_dim,1,0.0180762543208998,100.0,,,16384.0,,100,32.251476840384484,32.251476840384484,0.7667910447761194,0.8817204301075269,,,,,,
q,beta_x_dim,1,0.0180762543208998,100.0,,,16384.0,,500,inf,inf,0.6788147138964578,0.7484787018255578,,,,,,
q,beta_x_dim,2,0.021402928767805,100.0,,,16384.0,,100,993.38892351387,993.38892351387,0.5739750445632799,0.5376344086021505,,,,,,
q,beta_x_dim,2,0.021402928767805,100.0,,,16384.0,,500,inf,inf,0.5109760216143195,0.4989858012170385,,,,,,
q,beta_x_dim,3,0.0187455835272602,100.0,,,16384.0,,100,139.45750125115873,139.45750125115873,0.9028268551236748,0.925531914893617,,,,,,
q,beta_x_dim,3,0.0187455835272602,100.0,,,16384.0,,500,inf,inf,0.7103843560350641,0.7651821862348178,,,,,,
q,beta_x_dim,4,0.0230212539981229,100.0,,,16384.0,,100,21.16158381423035,21.16158381423035,0.861646234676007,0.9247311827956988,,,,,,
q,beta_x_dim,4,0.0230212539981229,100.0,,,16384.0,,500,inf,inf,0.6805789296533153,0.6146044624746451,,,,,,
q,beta_x_dim,5,0.018059158472521,100.0,,,16384.0,,100,39.12975460363062,39.12975460363062,0.7155322862129145,0.6947368421052632,,,,,,
q,beta_x_dim,5,0.018059158472521,100.0,,,16384.0,,500,inf,inf,0.6562394887319206,0.6242424242424243,,,,,,
q,beta_x_dim,6,0.0210804508573937,100.0,,,16384.0,,100,436.2775784875793,436.2775784875793,0.6128472222222222,0.6702127659574468,,,,,,
q,beta_x_dim,6,0.0210804508573937,100.0,,,16384.0,,500,inf,inf,0.9059139784946236,0.9230769230769232,,,,,,
q,beta_x_dim,7,0.0214313098777888,100.0,,,16384.0,,100,13.330871324149983,13.330871324149983,0.7979274611398963,0.6989247311827957,,,,,,
q,beta_x_dim,7,0.0214313098777888,100.0,,,16384.0,,500,inf,inf,0.7495803961060759,0.7058823529411765,,,,,,
q,beta_x_dim,16,0.0165846560209867,100.0,,,16384.0,,100,651.2360430355516,651.2360430355516,0.7539543057996485,0.776595744680851,,,,,,
q,beta_x_dim,16,0.0165846560209867,100.0,,,16384.0,,500,inf,inf,0.9033344560458066,0.9230769230769232,,,,,,
q,beta_x_dim,17,0.0198970173937805,100.0,,,16384.0,,100,6.873583705473559,6.873583705473559,0.9450354609929078,0.9787234042553192,,,,,,
q,beta_x_dim,17,0.0198970173937805,100.0,,,16384.0,,500,inf,inf,0.6545209176788124,0.7611336032388664,,,,,,
q,beta_x_dim,18,0.0208652858105288,100.0,,,16384.0,,100,83.54735760476663,83.54735760476663,0.5761821366024519,0.5483870967741935,,,,,,
q,beta_x_dim,18,0.0208652858105288,100.0,,,16384.0,,500,inf,inf,0.5028609895658027,0.5598377281947262,,,,,,
q,beta_x_dim,19,0.0214653212215956,100.0,,,16384.0,,100,986.362888627168,921.624046324156,0.9737302977232924,1.0,,,,,,
q,beta_x_dim,19,0.0214653212215956,100.0,,,16384.0,,500,inf,inf,0.971053517334231,0.98582995951417,,,,,,
q,beta_x_dim,8,0.0210305880424345,100.0,,,16384.0,,100,53.21801985556981,53.21801985556981,0.799645390070922,0.6956521739130435,,,,,,
q,beta_x_dim,8,0.0210305880424345,100.0,,,16384.0,,500,inf,inf,0.6737516869095816,0.6788617886178862,,,,,,
q,beta_x_dim,9,0.0197283560090542,100.0,,,16384.0,,100,275.97336741354974,275.97336741354974,0.7355516637478109,0.6956521739130435,,,,,,
q,beta_x_dim,9,0.0197283560090542,100.0,,,16384.0,,500,inf,inf,0.6728374284752608,0.693089430894309,,,,,,
q,beta_x_dim,10,0.0223619354863721,100.0,,,16384.0,,100,269.87738621734394,269.87738621734394,0.6163410301953819,0.8105263157894737,,,,,,
q,beta_x_dim,10,0.0223619354863721,100.0,,,16384.0,,500,inf,inf,0.7485656429294634,0.7818181818181819,,,,,,
q,beta_x_dim,11,0.0231050851373385,100.0,,,16384.0,,100,77.60279500762525,77.60279500762525,0.75,0.6526315789473685,,,,,,
q,beta_x_dim,11,0.0231050851373385,100.0,,,16384.0,,500,inf,inf,0.6524390243902439,0.5777777777777777,,,,,,
q,beta_x_dim,12,0.0269907621139558,100.0,,,16384.0,,100,62.55243402138736,62.55243402138736,0.783068783068783,0.956989247311828,,,,,,
q,beta_x_dim,12,0.0269907621139558,100.0,,,16384.0,,500,inf,inf,0.7681159420289855,0.718052738336714,,,,,,
q,beta_x_dim,13,0.0258307931405904,100.0,,,16384.0,,100,427.1476073808552,427.1476073808552,0.6919104991394148,0.8105263157894737,,,,,,
q,beta_x_dim,13,0.0258307931405904,100.0,,,16384.0,,500,inf,inf,0.7668567594766856,0.8707070707070707,,,,,,
q,beta_x_dim,14,0.0206594191617385,100.0,,,16384.0,,100,4.938263363876095,4.938263363876095,0.87215411558669,0.8279569892473119,,,,,,
q,beta_x_dim,14,0.0206594191617385,100.0,,,16384.0,,500,inf,inf,0.5341635812857624,0.5091277890466531,,,,,,
q,beta_x_dim,15,0.0269255670457066,100.0,,,16384.0,,100,18.95313781107617,18.95313781107617,0.7087719298245614,0.7578947368421053,,,,,,
q,beta_x_dim,15,0.0269255670457066,100.0,,,16384.0,,500,inf,inf,0.667003367003367,0.6787878787878788,,,,,,
q,beta_x_dim,0,0.475488624112919,1000.0,,,32.0,,100,inf,inf,0.3356401384083045,0.2872340425531915,,,,,,
q,beta_x_dim,0,0.475488624112919,1000.0,,,32.0,,500,inf,inf,0.3337810611148422,0.3259109311740891,,,,,,
q,beta_x_dim,1,0.4081277900492999,1000.0,,,32.0,,100,inf,inf,0.7126865671641791,0.7956989247311828,,,,,,
q,beta_x_dim,1,0.4081277900492999,1000.0,,,32.0,,500,inf,inf,0.6750681198910081,0.7261663286004056,,,,,,
q,beta_x_dim,2,0.4730093470080129,1000.0,,,32.0,,100,inf,inf,0.499108734402852,0.5483870967741935,,,,,,
q,beta_x_dim,2,0.4730093470080129,1000.0,,,32.0,,500,inf,inf,0.4998311381290105,0.5111561866125761,,,,,,
q,beta_x_dim,3,0.4466934199958885,1000.0,,,32.0,,100,inf,inf,0.6148409893992933,0.7659574468085106,,,,,,
q,beta_x_dim,3,0.4466934199958885,1000.0,,,32.0,,500,inf,inf,0.6561024949426838,0.7368421052631579,,,,,,
q,beta_x_dim,4,0.5533154376476055,1000.0,,,32.0,,100,inf,inf,0.6199649737302977,0.4623655913978494,,,,,,
q,beta_x_dim,4,0.5533154376476055,1000.0,,,32.0,,500,inf,inf,0.6576910131268933,0.5212981744421906,,,,,,
q,beta_x_dim,5,0.3734272198299829,1000.0,,,32.0,,100,inf,inf,0.6404886561954625,0.7052631578947368,,,,,,
q,beta_x_dim,5,0.3734272198299829,1000.0,,,32.0,,500,inf,inf,0.6616212579885637,0.6606060606060606,,,,,,
q,beta_x_dim,6,0.4297836233635966,1000.0,,,32.0,,100,inf,inf,0.9652777777777778,0.9680851063829788,,,,,,
q,beta_x_dim,6,0.4297836233635966,1000.0,,,32.0,,500,inf,inf,0.9932795698924732,0.9939271255060728,,,,,,
q,beta_x_dim,7,0.4400890544880544,1000.0,,,32.0,,100,inf,inf,0.7547495682210709,0.5806451612903226,,,,,,
q,beta_x_dim,7,0.4400890544880544,1000.0,,,32.0,,500,inf,inf,0.8180597515944948,0.6997971602434077,,,,,,
q,beta_x_dim,8,0.4385564417708694,1000.0,,,32.0,,100,inf,inf,0.6312056737588653,0.7282608695652174,,,,,,
q,beta_x_dim,8,0.4385564417708694,1000.0,,,32.0,,500,inf,inf,0.659919028340081,0.7215447154471545,,,,,,
q,beta_x_dim,9,0.4168672354707817,1000.0,,,32.0,,100,inf,inf,0.6952714535901926,0.7282608695652174,,,,,,
q,beta_x_dim,9,0.4168672354707817,1000.0,,,32.0,,500,inf,inf,0.6721642544597779,0.6951219512195121,,,,,,
q,beta_x_dim,10,0.4462354434217582,1000.0,,,32.0,,100,inf,inf,0.7335701598579041,0.7263157894736842,,,,,,
q,beta_x_dim,10,0.4462354434217582,1000.0,,,32.0,,500,inf,inf,0.8143773202834964,0.7898989898989899,,,,,,
q,beta_x_dim,11,0.3453439906042841,1000.0,,,32.0,,100,inf,inf,0.6123188405797102,0.6,,,,,,
q,beta_x_dim,11,0.3453439906042841,1000.0,,,32.0,,500,inf,inf,0.6565040650406504,0.5797979797979798,,,,,,
q,beta_x_dim,12,0.5218634903299535,1000.0,,,32.0,,100,inf,inf,0.8024691358024691,0.6989247311827957,,,,,,
q,beta_x_dim,12,0.5218634903299535,1000.0,,,32.0,,500,inf,inf,0.8274351196494776,0.6815415821501014,,,,,,
q,beta_x_dim,13,0.4206226488705533,1000.0,,,32.0,,100,inf,inf,0.7865748709122203,0.9473684210526316,,,,,,
q,beta_x_dim,13,0.4206226488705533,1000.0,,,32.0,,500,inf,inf,0.8175109023817511,0.9171717171717172,,,,,,
q,beta_x_dim,14,0.4990514455594063,1000.0,,,32.0,,100,inf,inf,0.457092819614711,0.4838709677419355,,,,,,
q,beta_x_dim,14,0.4990514455594063,1000.0,,,32.0,,500,inf,inf,0.3571188152137327,0.3002028397565923,,,,,,
q,beta_x_dim,15,0.4726710863089248,1000.0,,,32.0,,100,inf,inf,0.6368421052631579,0.5473684210526316,,,,,,
q,beta_x_dim,15,0.4726710863089248,1000.0,,,32.0,,500,inf,inf,0.6609427609427609,0.6565656565656566,,,,,,
q,beta_x_dim,16,0.4514587337877777,1000.0,,,32.0,,100,inf,inf,0.9349736379613356,0.9680851063829788,,,,,,
q,beta_x_dim,16,0.4514587337877777,1000.0,,,32.0,,500,inf,inf,0.987537891545975,0.9939271255060728,,,,,,
q,beta_x_dim,17,0.4502359836938825,1000.0,,,32.0,,100,inf,inf,0.8031914893617021,0.8191489361702128,,,,,,
q,beta_x_dim,17,0.4502359836938825,1000.0,,,32.0,,500,inf,inf,0.6926450742240216,0.7732793522267206,,,,,,
q,beta_x_dim,18,0.5626601659757056,1000.0,,,32.0,,100,inf,inf,0.5026269702276708,0.5376344086021505,,,,,,
q,beta_x_dim,18,0.5626601659757056,1000.0,,,32.0,,500,inf,inf,0.5005048805116122,0.5557809330628803,,,,,,
q,beta_x_dim,19,0.4107705136378998,1000.0,,,32.0,,100,inf,inf,0.9649737302977232,0.946808510638298,,,,,,
q,beta_x_dim,19,0.4107705136378998,1000.0,,,32.0,,500,inf,inf,0.99326825984517,0.9898785425101214,,,,,,
q,beta_x_dim,0,0.3221759901052828,1000.0,,,64.0,,100,inf,inf,0.356401384083045,0.3191489361702128,,,,,,
q,beta_x_dim,0,0.3221759901052828,1000.0,,,64.0,,500,inf,inf,0.3378106111484217,0.3319838056680162,,,,,,
q,beta_x_dim,1,0.2955807837596712,1000.0,,,64.0,,100,inf,inf,0.7145522388059702,0.7634408602150538,,,,,,
q,beta_x_dim,1,0.2955807837596712,1000.0,,,64.0,,500,inf,inf,0.6754087193460491,0.7200811359026369,,,,,,
q,beta_x_dim,2,0.3180382777636512,1000.0,,,64.0,,100,inf,inf,0.4919786096256685,0.5591397849462365,,,,,,
q,beta_x_dim,2,0.3180382777636512,1000.0,,,64.0,,500,inf,inf,0.4984802431610942,0.513184584178499,,,,,,
q,beta_x_dim,3,0.3669287418772428,1000.0,,,64.0,,100,inf,inf,0.6007067137809188,0.7659574468085106,,,,,,
q,beta_x_dim,3,0.3669287418772428,1000.0,,,64.0,,500,inf,inf,0.6534052596089008,0.7368421052631579,,,,,,
q,beta_x_dim,4,0.4116536270898129,1000.0,,,64.0,,100,inf,inf,0.647985989492119,0.4946236559139785,,,,,,
q,beta_x_dim,4,0.4116536270898129,1000.0,,,64.0,,500,inf,inf,0.6630764052507573,0.5273833671399595,,,,,,
q,beta_x_dim,5,0.2934330069333181,1000.0,,,64.0,,100,inf,inf,0.6108202443280978,0.7052631578947368,,,,,,
q,beta_x_dim,5,0.2934330069333181,1000.0,,,64.0,,500,inf,inf,0.6559031281533805,0.6606060606060606,,,,,,
q,beta_x_dim,6,0.4216337928389128,1000.0,,,64.0,,100,inf,inf,0.9618055555555556,0.9893617021276596,,,,,,
q,beta_x_dim,6,0.4216337928389128,1000.0,,,64.0,,500,inf,inf,0.9926075268817204,0.9979757085020244,,,,,,
q,beta_x_dim,7,0.348135709032997,1000.0,,,64.0,,100,inf,inf,0.7461139896373057,0.6021505376344086,,,,,,
q,beta_x_dim,7,0.348135709032997,1000.0,,,64.0,,500,inf,inf,0.8163813360187983,0.7038539553752535,,,,,,
q,beta_x_dim,8,0.3115759651311149,1000.0,,,64.0,,100,inf,inf,0.6542553191489362,0.75,,,,,,
q,beta_x_dim,8,0.3115759651311149,1000.0,,,64.0,,500,inf,inf,0.6643049932523617,0.725609756097561,,,,,,
q,beta_x_dim,9,0.3456124348675807,1000.0,,,64.0,,100,inf,inf,0.6725043782837128,0.7391304347826086,,,,,,
q,beta_x_dim,9,0.3456124348675807,1000.0,,,64.0,,500,inf,inf,0.6677886233591384,0.6971544715447154,,,,,,
q,beta_x_dim,10,0.378879289575792,1000.0,,,64.0,,100,inf,inf,0.7335701598579041,0.7473684210526316,,,,,,
q,beta_x_dim,10,0.378879289575792,1000.0,,,64.0,,500,inf,inf,0.8143773202834964,0.793939393939394,,,,,,
q,beta_x_dim,11,0.3274053988382884,1000.0,,,64.0,,100,inf,inf,0.6286231884057971,0.6105263157894737,,,,,,
q,beta_x_dim,11,0.3274053988382884,1000.0,,,64.0,,500,inf,inf,0.6595528455284553,0.5818181818181818,,,,,,
q,beta_x_dim,12,0.3764796768453319,1000.0,,,64.0,,100,inf,inf,0.8059964726631393,0.6881720430107527,,,,,,
q,beta_x_dim,12,0.3764796768453319,1000.0,,,64.0,,500,inf,inf,0.8281092012133469,0.6795131845841785,,,,,,
q,beta_x_dim,13,0.3272847901693679,1000.0,,,64.0,,100,inf,inf,0.7762478485370051,0.9473684210526316,,,,,,
q,beta_x_dim,13,0.3272847901693679,1000.0,,,64.0,,500,inf,inf,0.8154981549815498,0.9171717171717172,,,,,,
q,beta_x_dim,14,0.3264379164132335,1000.0,,,64.0,,100,inf,inf,0.4763572679509632,0.4623655913978494,,,,,,
q,beta_x_dim,14,0.3264379164132335,1000.0,,,64.0,,500,inf,inf,0.3608212722988893,0.2961460446247465,,,,,,
q,beta_x_dim,15,0.3124018770445692,1000.0,,,64.0,,100,inf,inf,0.6192982456140351,0.5578947368421052,,,,,,
q,beta_x_dim,15,0.3124018770445692,1000.0,,,64.0,,500,inf,inf,0.6575757575757576,0.6585858585858586,,,,,,
q,beta_x_dim,16,0.3106442961881303,1000.0,,,64.0,,100,inf,inf,0.9244288224956064,0.946808510638298,,,,,,
q,beta_x_dim,16,0.3106442961881303,1000.0,,,64.0,,500,inf,inf,0.985517009093971,0.9898785425101214,,,,,,
q,beta_x_dim,17,0.3375870917971322,1000.0,,,64.0,,100,inf,inf,0.7943262411347518,0.8297872340425532,,,,,,
q,beta_x_dim,17,0.3375870917971322,1000.0,,,64.0,,500,inf,inf,0.6909581646423751,0.7753036437246964,,,,,,
q,beta_x_dim,18,0.3627706335134446,1000.0,,,64.0,,100,inf,inf,0.4973730297723292,0.5376344086021505,,,,,,
q,beta_x_dim,18,0.3627706335134446,1000.0,,,64.0,,500,inf,inf,0.4994951194883877,0.5557809330628803,,,,,,
q,beta_x_dim,19,0.2719782442600281,1000.0,,,64.0,,100,inf,inf,0.9229422066549912,0.9680851063829788,,,,,,
q,beta_x_dim,19,0.2719782442600281,1000.0,,,64.0,,500,inf,inf,0.985190171659374,0.9939271255060728,,,,,,
q,beta_x_dim,0,0.2769788139980297,1000.0,,,128.0,,100,inf,inf,0.3685121107266436,0.3085106382978723,,,,,,
q,beta_x_dim,0,0.2769788139980297,1000.0,,,128.0,,500,inf,inf,0.3401611820013432,0.3299595141700405,,,,,,
q,beta_x_dim,1,0.2437982963519862,1000.0,,,128.0,,100,inf,inf,0.707089552238806,0.7741935483870968,,,,,,
q,beta_x_dim,1,0.2437982963519862,1000.0,,,128.0,,500,inf,inf,0.6740463215258855,0.7221095334685599,,,,,,
q,beta_x_dim,2,0.2433973032733596,1000.0,,,128.0,,100,inf,inf,0.499108734402852,0.5913978494623656,,,,,,
q,beta_x_dim,2,0.2433973032733596,1000.0,,,128.0,,500,inf,inf,0.4998311381290105,0.5192697768762677,,,,,,
q,beta_x_dim,3,0.2265935165248834,1000.0,,,128.0,,100,inf,inf,0.6024734982332155,0.7340425531914894,,,,,,
q,beta_x_dim,3,0.2265935165248834,1000.0,,,128.0,,500,inf,inf,0.6537424140256237,0.7307692307692307,,,,,,
q,beta_x_dim,4,0.2463705230170547,1000.0,,,128.0,,100,inf,inf,0.6549912434325744,0.5161290322580645,,,,,,
q,beta_x_dim,4,0.2463705230170547,1000.0,,,128.0,,500,inf,inf,0.6644227532817233,0.5314401622718052,,,,,,
q,beta_x_dim,5,0.2007125177184121,1000.0,,,128.0,,100,inf,inf,0.5846422338568935,0.6842105263157895,,,,,,
q,beta_x_dim,5,0.2007125177184121,1000.0,,,128.0,,500,inf,inf,0.6508577194752775,0.6565656565656566,,,,,,
q,beta_x_dim,6,0.2719857913570569,1000.0,,,128.0,,100,inf,inf,0.9704861111111112,0.9893617021276596,,,,,,
q,beta_x_dim,6,0.2719857913570569,1000.0,,,128.0,,500,inf,inf,0.994287634408602,0.9979757085020244,,,,,,
q,beta_x_dim,7,0.2114275672740672,1000.0,,,128.0,,100,inf,inf,0.7737478411053541,0.6021505376344086,,,,,,
q,beta_x_dim,7,0.2114275672740672,1000.0,,,128.0,,500,inf,inf,0.8217522658610272,0.7038539553752535,,,,,,
q,beta_x_dim,8,0.2149741897036,1000.0,,,128.0,,100,inf,inf,0.650709219858156,0.75,,,,,,
q,beta_x_dim,8,0.2149741897036,1000.0,,,128.0,,500,inf,inf,0.6636302294197031,0.725609756097561,,,,,,
q,beta_x_dim,9,0.2567751353259747,1000.0,,,128.0,,100,inf,inf,0.6619964973730298,0.7391304347826086,,,,,,
q,beta_x_dim,9,0.2567751353259747,1000.0,,,128.0,,500,inf,inf,0.6657691013126893,0.6971544715447154,,,,,,
q,beta_x_dim,10,0.2486463417142581,1000.0,,,128.0,,100,inf,inf,0.7495559502664298,0.7368421052631579,,,,,,
q,beta_x_dim,10,0.2486463417142581,1000.0,,,128.0,,500,inf,inf,0.817414782315221,0.7919191919191919,,,,,,
q,beta_x_dim,11,0.1974217867761011,1000.0,,,128.0,,100,inf,inf,0.6231884057971014,0.6105263157894737,,,,,,
q,beta_x_dim,11,0.1974217867761011,1000.0,,,128.0,,500,inf,inf,0.6585365853658537,0.5818181818181818,,,,,,
q,beta_x_dim,12,0.2230611143413504,1000.0,,,128.0,,100,inf,inf,0.763668430335097,0.6881720430107527,,,,,,
q,beta_x_dim,12,0.2230611143413504,1000.0,,,128.0,,500,inf,inf,0.8200202224469161,0.6795131845841785,,,,,,
q,beta_x_dim,13,0.2868358576336272,1000.0,,,128.0,,100,inf,inf,0.7728055077452668,0.9473684210526316,,,,,,
q,beta_x_dim,13,0.2868358576336272,1000.0,,,128.0,,500,inf,inf,0.8148272391814827,0.9171717171717172,,,,,,
q,beta_x_dim,14,0.260450112016454,1000.0,,,128.0,,100,inf,inf,0.4693520140105078,0.4516129032258064,,,,,,
q,beta_x_dim,14,0.260450112016454,1000.0,,,128.0,,500,inf,inf,0.3594749242679232,0.2941176470588235,,,,,,
q,beta_x_dim,15,0.2108225834473612,1000.0,,,128.0,,100,inf,inf,0.6192982456140351,0.5368421052631579,,,,,,
q,beta_x_dim,15,0.2108225834473612,1000.0,,,128.0,,500,inf,inf,0.6575757575757576,0.6545454545454545,,,,,,
q,beta_x_dim,16,0.2383339427238416,1000.0,,,128.0,,100,inf,inf,0.8963093145869947,0.9574468085106383,,,,,,
q,beta_x_dim,16,0.2383339427238416,1000.0,,,128.0,,500,inf,inf,0.9801279892219602,0.9919028340080972,,,,,,
q,beta_x_dim,17,0.1810992779347456,1000.0,,,128.0,,100,inf,inf,0.7890070921985816,0.8085106382978723,,,,,,
q,beta_x_dim,17,0.1810992779347456,1000.0,,,128.0,,500,inf,inf,0.6899460188933874,0.771255060728745,,,,,,
q,beta_x_dim,18,0.3105319741536367,1000.0,,,128.0,,100,inf,inf,0.5061295971978984,0.5483870967741935,,,,,,
q,beta_x_dim,18,0.3105319741536367,1000.0,,,128.0,,500,inf,inf,0.5011780545270953,0.5578093306288032,,,,,,
q,beta_x_dim,19,0.1828295288710636,1000.0,,,128.0,,100,inf,inf,0.9001751313485113,0.9680851063829788,,,,,,
q,beta_x_dim,19,0.1828295288710636,1000.0,,,128.0,,500,inf,inf,0.9808145405587344,0.9939271255060728,,,,,,
q,beta_x_dim,0,0.1561151590110898,1000.0,,,256.0,,100,inf,inf,0.3685121107266436,0.3191489361702128,,,,,,
q,beta_x_dim,0,0.1561151590110898,1000.0,,,256.0,,500,inf,inf,0.3401611820013432,0.3319838056680162,,,,,,
q,beta_x_dim,1,0.1544549162417507,1000.0,,,256.0,,100,inf,inf,0.7033582089552238,0.7741935483870968,,,,,,
q,beta_x_dim,1,0.1544549162417507,1000.0,,,256.0,,500,inf,inf,0.6733651226158038,0.7221095334685599,,,,,,
q,beta_x_dim,2,0.1611444428630177,1000.0,,,256.0,,100,inf,inf,0.5240641711229946,0.5483870967741935,,,,,,
q,beta_x_dim,2,0.1611444428630177,1000.0,,,256.0,,500,inf,inf,0.5045592705167173,0.5111561866125761,,,,,,
q,beta_x_dim,3,0.1386638649939305,1000.0,,,256.0,,100,inf,inf,0.5724381625441696,0.7127659574468085,,,,,,
q,beta_x_dim,3,0.1386638649939305,1000.0,,,256.0,,500,inf,inf,0.6480107889413351,0.7267206477732794,,,,,,
q,beta_x_dim,4,0.2199032936958288,1000.0,,,256.0,,100,inf,inf,0.6252189141856392,0.5698924731182796,,,,,,
q,beta_x_dim,4,0.2199032936958288,1000.0,,,256.0,,500,inf,inf,0.6587007741501179,0.5415821501014199,,,,,,
q,beta_x_dim,5,0.1706797529091717,1000.0,,,256.0,,100,inf,inf,0.6160558464223386,0.6631578947368421,,,,,,
q,beta_x_dim,5,0.1706797529091717,1000.0,,,256.0,,500,inf,inf,0.656912209889001,0.6525252525252525,,,,,,
q,beta_x_dim,6,0.1826961665570637,1000.0,,,256.0,,100,inf,inf,0.9600694444444444,0.9680851063829788,,,,,,
q,beta_x_dim,6,0.1826961665570637,1000.0,,,256.0,,500,inf,inf,0.992271505376344,0.9939271255060728,,,,,,
q,beta_x_dim,7,0.1382621299628856,1000.0,,,256.0,,100,inf,inf,0.7495682210708118,0.6021505376344086,,,,,,
q,beta_x_dim,7,0.1382621299628856,1000.0,,,256.0,,500,inf,inf,0.8170527022490769,0.7038539553752535,,,,,,
q,beta_x_dim,8,0.1738344351847317,1000.0,,,256.0,,100,inf,inf,0.6560283687943262,0.75,,,,,,
q,beta_x_dim,8,0.1738344351847317,1000.0,,,256.0,,500,inf,inf,0.664642375168691,0.725609756097561,,,,,,
q,beta_x_dim,9,0.2133657125731659,1000.0,,,256.0,,100,inf,inf,0.6725043782837128,0.7391304347826086,,,,,,
q,beta_x_dim,9,0.2133657125731659,1000.0,,,256.0,,500,inf,inf,0.6677886233591384,0.6971544715447154,,,,,,
q,beta_x_dim,10,0.2254427509551922,1000.0,,,256.0,,100,inf,inf,0.7708703374777975,0.7684210526315789,,,,,,
q,beta_x_dim,10,0.2254427509551922,1000.0,,,256.0,,500,inf,inf,0.8214647316908539,0.797979797979798,,,,,,
q,beta_x_dim,11,0.1840049138218659,1000.0,,,256.0,,100,inf,inf,0.6068840579710145,0.5684210526315789,,,,,,
q,beta_x_dim,11,0.1840049138218659,1000.0,,,256.0,,500,inf,inf,0.6554878048780488,0.5737373737373738,,,,,,
q,beta_x_dim,12,0.1576595918302586,1000.0,,,256.0,,100,inf,inf,0.7707231040564374,0.7204301075268817,,,,,,
q,beta_x_dim,12,0.1576595918302586,1000.0,,,256.0,,500,inf,inf,0.8213683855746545,0.6855983772819473,,,,,,
q,beta_x_dim,13,0.1825318597082257,1000.0,,,256.0,,100,inf,inf,0.7590361445783133,0.9473684210526316,,,,,,
q,beta_x_dim,13,0.1825318597082257,1000.0,,,256.0,,500,inf,inf,0.8121435759812143,0.9171717171717172,,,,,,
q,beta_x_dim,14,0.1314253804517846,1000.0,,,256.0,,100,inf,inf,0.4623467600700525,0.4623655913978494,,,,,,
q,beta_x_dim,14,0.1314253804517846,1000.0,,,256.0,,500,inf,inf,0.3581285762369572,0.2961460446247465,,,,,,
q,beta_x_dim,15,0.147930466476972,1000.0,,,256.0,,100,inf,inf,0.6192982456140351,0.5894736842105263,,,,,,
q,beta_x_dim,15,0.147930466476972,1000.0,,,256.0,,500,inf,inf,0.6575757575757576,0.6646464646464646,,,,,,
q,beta_x_dim,16,0.1816174986867891,1000.0,,,256.0,,100,inf,inf,0.8998242530755711,0.9042553191489362,,,,,,
q,beta_x_dim,16,0.1816174986867891,1000.0,,,256.0,,500,inf,inf,0.9808016167059616,0.9817813765182186,,,,,,
q,beta_x_dim,17,0.1604795312524981,1000.0,,,256.0,,100,inf,inf,0.7216312056737588,0.7872340425531915,,,,,,
q,beta_x_dim,17,0.1604795312524981,1000.0,,,256.0,,500,inf,inf,0.6771255060728745,0.7672064777327935,,,,,,
q,beta_x_dim,18,0.1535224584703985,1000.0,,,256.0,,100,inf,inf,0.5043782837127846,0.5806451612903226,,,,,,
q,beta_x_dim,18,0.1535224584703985,1000.0,,,256.0,,500,inf,inf,0.5008414675193538,0.563894523326572,,,,,,
q,beta_x_dim,19,0.1605501696049673,1000.0,,,256.0,,100,inf,inf,0.87215411558669,0.9680851063829788,,,,,,
q,beta_x_dim,19,0.1605501696049673,1000.0,,,256.0,,500,inf,inf,0.9754291484348704,0.9939271255060728,,,,,,
q,beta_x_dim,0,0.1030968424041055,1000.0,,,512.0,,100,inf,inf,0.4463667820069204,0.3723404255319149,,,,,,
q,beta_x_dim,0,0.1030968424041055,1000.0,,,512.0,,500,inf,inf,0.3552719946272666,0.3421052631578947,,,,,,
q,beta_x_dim,1,0.1140296269471779,1000.0,,,512.0,,100,inf,inf,0.7052238805970149,0.7956989247311828,,,,,,
q,beta_x_dim,1,0.1140296269471779,1000.0,,,512.0,,500,inf,inf,0.6737057220708447,0.7261663286004056,,,,,,
q,beta_x_dim,2,0.0927791855463762,1000.0,,,512.0,,100,inf,inf,0.5044563279857398,0.5376344086021505,,,,,,
q,beta_x_dim,2,0.0927791855463762,1000.0,,,512.0,,500,inf,inf,0.5008443093549476,0.5091277890466531,,,,,,
q,beta_x_dim,3,0.1189404917111431,1000.0,,,512.0,,100,inf,inf,0.5636042402826855,0.723404255319149,,,,,,
q,beta_x_dim,3,0.1189404917111431,1000.0,,,512.0,,500,inf,inf,0.6463250168577208,0.728744939271255,,,,,,
q,beta_x_dim,4,0.1426867814088468,1000.0,,,512.0,,100,inf,inf,0.626970227670753,0.5161290322580645,,,,,,
q,beta_x_dim,4,0.1426867814088468,1000.0,,,512.0,,500,inf,inf,0.6590373611578593,0.5314401622718052,,,,,,
q,beta_x_dim,5,0.1064487629651989,1000.0,,,512.0,,100,inf,inf,0.6003490401396161,0.631578947368421,,,,,,
q,beta_x_dim,5,0.1064487629651989,1000.0,,,512.0,,500,inf,inf,0.6538849646821393,0.6464646464646465,,,,,,
q,beta_x_dim,6,0.1201973174121529,1000.0,,,512.0,,100,inf,inf,0.9253472222222222,0.9787234042553192,,,,,,
q,beta_x_dim,6,0.1201973174121529,1000.0,,,512.0,,500,inf,inf,0.9855510752688172,0.9959514170040484,,,,,,
q,beta_x_dim,7,0.1125765245269145,1000.0,,,512.0,,100,inf,inf,0.7841105354058722,0.6451612903225806,,,,,,
q,beta_x_dim,7,0.1125765245269145,1000.0,,,512.0,,500,inf,inf,0.823766364551863,0.7119675456389453,,,,,,
q,beta_x_dim,8,0.1417573096555955,1000.0,,,512.0,,100,inf,inf,0.6631205673758865,0.75,,,,,,
q,beta_x_dim,8,0.1417573096555955,1000.0,,,512.0,,500,inf,inf,0.6659919028340081,0.725609756097561,,,,,,
q,beta_x_dim,9,0.133041364360873,1000.0,,,512.0,,100,inf,inf,0.660245183887916,0.717391304347826,,,,,,
q,beta_x_dim,9,0.133041364360873,1000.0,,,512.0,,500,inf,inf,0.6654325143049479,0.693089430894309,,,,,,
q,beta_x_dim,10,0.1169679487972046,1000.0,,,512.0,,100,inf,inf,0.7477797513321492,0.8,,,,,,
q,beta_x_dim,10,0.1169679487972046,1000.0,,,512.0,,500,inf,inf,0.8170772865339183,0.804040404040404,,,,,,
q,beta_x_dim,11,0.1246017663255829,1000.0,,,512.0,,100,inf,inf,0.6123188405797102,0.5894736842105263,,,,,,
q,beta_x_dim,11,0.1246017663255829,1000.0,,,512.0,,500,inf,inf,0.6565040650406504,0.5777777777777777,,,,,,
q,beta_x_dim,12,0.1382766162059651,1000.0,,,512.0,,100,inf,inf,0.7372134038800705,0.6989247311827957,,,,,,
q,beta_x_dim,12,0.1382766162059651,1000.0,,,512.0,,500,inf,inf,0.8149646107178968,0.6815415821501014,,,,,,
q,beta_x_dim,13,0.1196281776795636,1000.0,,,512.0,,100,inf,inf,0.7435456110154905,0.936842105263158,,,,,,
q,beta_x_dim,13,0.1196281776795636,1000.0,,,512.0,,500,inf,inf,0.8091244548809124,0.9151515151515152,,,,,,
q,beta_x_dim,14,0.1340870593186491,1000.0,,,512.0,,100,inf,inf,0.4220665499124343,0.4516129032258064,,,,,,
q,beta_x_dim,14,0.1340870593186491,1000.0,,,512.0,,500,inf,inf,0.3503870750589027,0.2941176470588235,,,,,,
q,beta_x_dim,15,0.0967374670363391,1000.0,,,512.0,,100,inf,inf,0.6350877192982456,0.5894736842105263,,,,,,
q,beta_x_dim,15,0.0967374670363391,1000.0,,,512.0,,500,inf,inf,0.6606060606060606,0.6646464646464646,,,,,,
q,beta_x_dim,16,0.1174795013926857,1000.0,,,512.0,,100,inf,inf,0.8910369068541301,0.946808510638298,,,,,,
q,beta_x_dim,16,0.1174795013926857,1000.0,,,512.0,,500,inf,inf,0.9791175479959582,0.9898785425101214,,,,,,
q,beta_x_dim,17,0.1417826345959721,1000.0,,,512.0,,100,inf,inf,0.7677304964539007,0.7978723404255319,,,,,,
q,beta_x_dim,17,0.1417826345959721,1000.0,,,512.0,,500,inf,inf,0.6858974358974359,0.7692307692307693,,,,,,
q,beta_x_dim,18,0.0907625039255792,1000.0,,,512.0,,100,inf,inf,0.4693520140105078,0.4946236559139785,,,,,,
q,beta_x_dim,18,0.0907625039255792,1000.0,,,512.0,,500,inf,inf,0.4941097273645237,0.5476673427991886,,,,,,
q,beta_x_dim,19,0.1233153610554358,1000.0,,,512.0,,100,inf,inf,0.914185639229422,0.9680851063829788,,,,,,
q,beta_x_dim,19,0.1233153610554358,1000.0,,,512.0,,500,inf,inf,0.9835072366206664,0.9939271255060728,,,,,,
q,beta_x_dim,0,0.0832455924980941,1000.0,,,1024.0,,100,inf,inf,0.5155709342560554,0.3829787234042553,,,,,,
q,beta_x_dim,0,0.0832455924980941,1000.0,,,1024.0,,500,inf,inf,0.3687038280725319,0.3441295546558704,,,,,,
q,beta_x_dim,1,0.0977398989210664,1000.0,,,1024.0,,100,inf,inf,0.6791044776119403,0.8172043010752689,,,,,,
q,beta_x_dim,1,0.0977398989210664,1000.0,,,1024.0,,500,inf,inf,0.6689373297002725,0.7302231237322515,,,,,,
q,beta_x_dim,2,0.098176231085323,1000.0,,,1024.0,,100,inf,inf,0.5490196078431373,0.5483870967741935,,,,,,
q,beta_x_dim,2,0.098176231085323,1000.0,,,1024.0,,500,inf,inf,0.5092874029044242,0.5111561866125761,,,,,,
q,beta_x_dim,3,0.1202208739769747,1000.0,,,1024.0,,100,inf,inf,0.6289752650176679,0.7021276595744681,,,,,,
q,beta_x_dim,3,0.1202208739769747,1000.0,,,1024.0,,500,inf,inf,0.6587997302764667,0.7246963562753036,,,,,,
q,beta_x_dim,4,0.0858213646046357,1000.0,,,1024.0,,100,inf,inf,0.6287215411558669,0.5161290322580645,,,,,,
q,beta_x_dim,4,0.0858213646046357,1000.0,,,1024.0,,500,inf,inf,0.6593739481656008,0.5314401622718052,,,,,,
q,beta_x_dim,5,0.095290498691526,1000.0,,,1024.0,,100,inf,inf,0.6055846422338569,0.631578947368421,,,,,,
q,beta_x_dim,5,0.095290498691526,1000.0,,,1024.0,,500,inf,inf,0.6548940464177598,0.6464646464646465,,,,,,
q,beta_x_dim,6,0.0858756883561873,1000.0,,,1024.0,,100,inf,inf,0.9236111111111112,0.9680851063829788,,,,,,
q,beta_x_dim,6,0.0858756883561873,1000.0,,,1024.0,,500,inf,inf,0.9852150537634408,0.9939271255060728,,,,,,
q,beta_x_dim,7,0.0844807231030569,1000.0,,,1024.0,,100,inf,inf,0.768566493955095,0.6236559139784946,,,,,,
q,beta_x_dim,7,0.0844807231030569,1000.0,,,1024.0,,500,inf,inf,0.8207452165156093,0.7079107505070994,,,,,,
q,beta_x_dim,8,0.0855617921909968,1000.0,,,1024.0,,100,inf,inf,0.6578014184397163,0.7717391304347826,,,,,,
q,beta_x_dim,8,0.0855617921909968,1000.0,,,1024.0,,500,inf,inf,0.6649797570850202,0.7296747967479674,,,,,,
q,beta_x_dim,9,0.1003569482236124,1000.0,,,1024.0,,100,inf,inf,0.6077057793345009,0.7391304347826086,,,,,,
q,beta_x_dim,9,0.1003569482236124,1000.0,,,1024.0,,500,inf,inf,0.6553349040727028,0.6971544715447154,,,,,,
q,beta_x_dim,10,0.0940662699861201,1000.0,,,1024.0,,100,inf,inf,0.7495559502664298,0.8421052631578947,,,,,,
q,beta_x_dim,10,0.0940662699861201,1000.0,,,1024.0,,500,inf,inf,0.817414782315221,0.8121212121212121,,,,,,
q,beta_x_dim,11,0.0994580435870724,1000.0,,,1024.0,,100,inf,inf,0.6431159420289855,0.7263157894736842,,,,,,
q,beta_x_dim,11,0.0994580435870724,1000.0,,,1024.0,,500,inf,inf,0.6622628726287263,0.604040404040404,,,,,,
q,beta_x_dim,12,0.0662617463813111,1000.0,,,1024.0,,100,inf,inf,0.6948853615520282,0.6559139784946236,,,,,,
q,beta_x_dim,12,0.0662617463813111,1000.0,,,1024.0,,500,inf,inf,0.8068756319514662,0.6734279918864098,,,,,,
q,beta_x_dim,13,0.0876184035596533,1000.0,,,1024.0,,100,inf,inf,0.7211703958691911,0.9263157894736842,,,,,,
q,beta_x_dim,13,0.0876184035596533,1000.0,,,1024.0,,500,inf,inf,0.8047635021804763,0.9131313131313132,,,,,,
q,beta_x_dim,14,0.0975804595166753,1000.0,,,1024.0,,100,inf,inf,0.404553415061296,0.3870967741935484,,,,,,
q,beta_x_dim,14,0.0975804595166753,1000.0,,,1024.0,,500,inf,inf,0.3470212049814877,0.281947261663286,,,,,,
q,beta_x_dim,15,0.0830707630274445,1000.0,,,1024.0,,100,inf,inf,0.6666666666666666,0.6526315789473685,,,,,,
q,beta_x_dim,15,0.0830707630274445,1000.0,,,1024.0,,500,inf,inf,0.6666666666666666,0.6767676767676768,,,,,,
q,beta_x_dim,16,0.082259425917027,1000.0,,,1024.0,,100,inf,inf,0.8769771528998243,0.9042553191489362,,,,,,
q,beta_x_dim,16,0.082259425917027,1000.0,,,1024.0,,500,inf,inf,0.9764230380599528,0.9817813765182186,,,,,,
q,beta_x_dim,17,0.1032670721174316,1000.0,,,1024.0,,100,inf,inf,0.7606382978723404,0.776595744680851,,,,,,
q,beta_x_dim,17,0.1032670721174316,1000.0,,,1024.0,,500,inf,inf,0.6845479082321188,0.7651821862348178,,,,,,
q,beta_x_dim,18,0.0759683551193502,1000.0,,,1024.0,,100,inf,inf,0.4605954465849387,0.5161290322580645,,,,,,
q,beta_x_dim,18,0.0759683551193502,1000.0,,,1024.0,,500,inf,inf,0.4924267923258162,0.5517241379310345,,,,,,
q,beta_x_dim,19,0.0849126767994121,1000.0,,,1024.0,,100,inf,inf,0.8861646234676007,0.9574468085106383,,,,,,
q,beta_x_dim,19,0.0849126767994121,1000.0,,,1024.0,,500,inf,inf,0.9781218444968024,0.9919028340080972,,,,,,
q,beta_x_dim,0,0.0590906245810299,1000.0,,,2048.0,,100,inf,inf,0.4117647058823529,0.4042553191489361,,,,,,
q,beta_x_dim,0,0.0590906245810299,1000.0,,,2048.0,,500,inf,inf,0.348556077904634,0.3481781376518219,,,,,,
q,beta_x_dim,1,0.0805526696697304,1000.0,,,2048.0,,100,inf,inf,0.5690298507462687,0.6559139784946236,,,,,,
q,beta_x_dim,1,0.0805526696697304,1000.0,,,2048.0,,500,inf,inf,0.648841961852861,0.6997971602434077,,,,,,
q,beta_x_dim,2,0.0738474821944611,1000.0,,,2048.0,,100,inf,inf,0.5668449197860963,0.5913978494623656,,,,,,
q,beta_x_dim,2,0.0738474821944611,1000.0,,,2048.0,,500,inf,inf,0.5126646403242148,0.5192697768762677,,,,,,
q,beta_x_dim,3,0.080736234833632,1000.0,,,2048.0,,100,inf,inf,0.5406360424028268,0.6702127659574468,,,,,,
q,beta_x_dim,3,0.080736234833632,1000.0,,,2048.0,,500,inf,inf,0.6419420094403236,0.7186234817813765,,,,,,
q,beta_x_dim,4,0.0551585314317101,1000.0,,,2048.0,,100,inf,inf,0.626970227670753,0.6774193548387096,,,,,,
q,beta_x_dim,4,0.0551585314317101,1000.0,,,2048.0,,500,inf,inf,0.6590373611578593,0.5618661257606491,,,,,,
q,beta_x_dim,5,0.0692130486304319,1000.0,,,2048.0,,100,inf,inf,0.6387434554973822,0.7052631578947368,,,,,,
q,beta_x_dim,5,0.0692130486304319,1000.0,,,2048.0,,500,inf,inf,0.6612848974100235,0.6606060606060606,,,,,,
q,beta_x_dim,6,0.0717343974073521,1000.0,,,2048.0,,100,inf,inf,0.921875,0.9893617021276596,,,,,,
q,beta_x_dim,6,0.0717343974073521,1000.0,,,2048.0,,500,inf,inf,0.9848790322580644,0.9979757085020244,,,,,,
q,beta_x_dim,7,0.0622144201339652,1000.0,,,2048.0,,100,inf,inf,0.7167530224525043,0.5806451612903226,,,,,,
q,beta_x_dim,7,0.0622144201339652,1000.0,,,2048.0,,500,inf,inf,0.81067472306143,0.6997971602434077,,,,,,
q,beta_x_dim,8,0.0764464426210585,1000.0,,,2048.0,,100,inf,inf,0.6666666666666666,0.7717391304347826,,,,,,
q,beta_x_dim,8,0.0764464426210585,1000.0,,,2048.0,,500,inf,inf,0.6666666666666666,0.7296747967479674,,,,,,
q,beta_x_dim,9,0.0611985220808771,1000.0,,,2048.0,,100,inf,inf,0.6094570928196147,0.7065217391304348,,,,,,
q,beta_x_dim,9,0.0611985220808771,1000.0,,,2048.0,,500,inf,inf,0.6556714910804443,0.6910569105691057,,,,,,
q,beta_x_dim,10,0.067910613623016,1000.0,,,2048.0,,100,inf,inf,0.7317939609236235,0.8526315789473684,,,,,,
q,beta_x_dim,10,0.067910613623016,1000.0,,,2048.0,,500,inf,inf,0.8140398245021937,0.8141414141414142,,,,,,
q,beta_x_dim,11,0.0651762981409896,1000.0,,,2048.0,,100,inf,inf,0.6721014492753623,0.6736842105263158,,,,,,
q,beta_x_dim,11,0.0651762981409896,1000.0,,,2048.0,,500,inf,inf,0.6676829268292683,0.593939393939394,,,,,,
q,beta_x_dim,12,0.0581884729454011,1000.0,,,2048.0,,100,inf,inf,0.63668430335097,0.6129032258064516,,,,,,
q,beta_x_dim,12,0.0581884729454011,1000.0,,,2048.0,,500,inf,inf,0.7957532861476239,0.665314401622718,,,,,,
q,beta_x_dim,13,0.0452618542833713,1000.0,,,2048.0,,100,inf,inf,0.6540447504302926,0.7684210526315789,,,,,,
q,beta_x_dim,13,0.0452618542833713,1000.0,,,2048.0,,500,inf,inf,0.791680644079168,0.8828282828282829,,,,,,
q,beta_x_dim,14,0.0441828211865987,1000.0,,,2048.0,,100,inf,inf,0.5183887915936952,0.4516129032258064,,,,,,
q,beta_x_dim,14,0.0441828211865987,1000.0,,,2048.0,,500,inf,inf,0.3688993604846853,0.2941176470588235,,,,,,
q,beta_x_dim,15,0.0586007047122559,1000.0,,,2048.0,,100,inf,inf,0.6789473684210526,0.7368421052631579,,,,,,
q,beta_x_dim,15,0.0586007047122559,1000.0,,,2048.0,,500,inf,inf,0.6690235690235691,0.692929292929293,,,,,,
q,beta_x_dim,16,0.0663772188385679,1000.0,,,2048.0,,100,inf,inf,0.8681898066783831,0.925531914893617,,,,,,
q,beta_x_dim,16,0.0663772188385679,1000.0,,,2048.0,,500,inf,inf,0.9747389693499496,0.98582995951417,,,,,,
q,beta_x_dim,17,0.0599155119179395,1000.0,,,2048.0,,100,inf,inf,0.7907801418439716,0.776595744680851,,,,,,
q,beta_x_dim,17,0.0599155119179395,1000.0,,,2048.0,,500,inf,inf,0.6902834008097166,0.7651821862348178,,,,,,
q,beta_x_dim,18,0.0528569949970827,1000.0,,,2048.0,,100,inf,inf,0.5236427320490368,0.5483870967741935,,,,,,
q,beta_x_dim,18,0.0528569949970827,1000.0,,,2048.0,,500,inf,inf,0.5045439246045103,0.5578093306288032,,,,,,
q,beta_x_dim,19,0.0597533003427516,1000.0,,,2048.0,,100,inf,inf,0.989492119089317,0.9893617021276596,,,,,,
q,beta_x_dim,19,0.0597533003427516,1000.0,,,2048.0,,500,inf,inf,0.997980477953551,0.9979757085020244,,,,,,
q,beta_x_dim,0,0.0528122944875321,1000.0,,,4096.0,,100,inf,inf,0.4411764705882353,0.3936170212765957,,,,,,
q,beta_x_dim,0,0.0528122944875321,1000.0,,,4096.0,,500,inf,inf,0.3542646071188717,0.3461538461538461,,,,,,
q,beta_x_dim,1,0.0332337536226412,1000.0,,,4096.0,,100,inf,inf,0.8246268656716418,0.8494623655913979,,,,,,
q,beta_x_dim,1,0.0332337536226412,1000.0,,,4096.0,,500,inf,inf,0.6955040871934605,0.7363083164300203,,,,,,
q,beta_x_dim,2,0.0451743962171918,1000.0,,,4096.0,,100,inf,inf,0.5383244206773619,0.5913978494623656,,,,,,
q,beta_x_dim,2,0.0451743962171918,1000.0,,,4096.0,,500,inf,inf,0.5072610604525498,0.5192697768762677,,,,,,
q,beta_x_dim,3,0.0427116544627979,1000.0,,,4096.0,,100,inf,inf,0.5512367491166078,0.6063829787234043,,,,,,
q,beta_x_dim,3,0.0427116544627979,1000.0,,,4096.0,,500,inf,inf,0.6439649359406608,0.7064777327935222,,,,,,
q,beta_x_dim,4,0.0400158702661801,1000.0,,,4096.0,,100,3.261282656772104e+50,3.261282656772104e+50,0.5464098073555166,0.5591397849462365,,,,,,
q,beta_x_dim,4,0.0400158702661801,1000.0,,,4096.0,,500,inf,inf,0.6425445977785258,0.539553752535497,,,,,,
q,beta_x_dim,5,0.0370913464717784,1000.0,,,4096.0,,100,inf,inf,0.581151832460733,0.6842105263157895,,,,,,
q,beta_x_dim,5,0.0370913464717784,1000.0,,,4096.0,,500,inf,inf,0.6501849983181971,0.6565656565656566,,,,,,
q,beta_x_dim,6,0.0479492321544804,1000.0,,,4096.0,,100,inf,inf,0.8159722222222222,0.946808510638298,,,,,,
q,beta_x_dim,6,0.0479492321544804,1000.0,,,4096.0,,500,inf,inf,0.9643817204301076,0.9898785425101214,,,,,,
q,beta_x_dim,7,0.0385382896527443,1000.0,,,4096.0,,100,inf,inf,0.6614853195164075,0.5161290322580645,,,,,,
q,beta_x_dim,7,0.0385382896527443,1000.0,,,4096.0,,500,inf,inf,0.7999328633769721,0.6876267748478702,,,,,,
q,beta_x_dim,8,0.0543835979270181,1000.0,,,4096.0,,100,inf,inf,0.6648936170212766,0.782608695652174,,,,,,
q,beta_x_dim,8,0.0543835979270181,1000.0,,,4096.0,,500,inf,inf,0.6663292847503374,0.7317073170731707,,,,,,
q,beta_x_dim,9,0.0376531093771584,1000.0,,,4096.0,,100,inf,inf,0.5709281961471103,0.6739130434782609,,,,,,
q,beta_x_dim,9,0.0376531093771584,1000.0,,,4096.0,,500,inf,inf,0.6482665769101312,0.6849593495934959,,,,,,
q,beta_x_dim,10,0.0468377476856461,1000.0,,,4096.0,,100,inf,inf,0.6483126110124334,0.6947368421052632,,,,,,
q,beta_x_dim,10,0.0468377476856461,1000.0,,,4096.0,,500,inf,inf,0.7981775227809652,0.7838383838383839,,,,,,
q,beta_x_dim,11,0.0521751382836228,1000.0,,,4096.0,,100,inf,inf,0.5869565217391305,0.6,,,,,,
q,beta_x_dim,11,0.0521751382836228,1000.0,,,4096.0,,500,inf,inf,0.6517615176151762,0.5797979797979798,,,,,,
q,beta_x_dim,12,0.0375271207122855,1000.0,,,4096.0,,100,inf,inf,0.5573192239858906,0.5053763440860215,,,,,,
q,beta_x_dim,12,0.0375271207122855,1000.0,,,4096.0,,500,inf,inf,0.7805864509605662,0.6450304259634888,,,,,,
q,beta_x_dim,13,0.0361136154477065,1000.0,,,4096.0,,100,inf,inf,0.6712564543889845,0.7684210526315789,,,,,,
q,beta_x_dim,13,0.0361136154477065,1000.0,,,4096.0,,500,inf,inf,0.7950352230795035,0.8828282828282829,,,,,,
q,beta_x_dim,14,0.0462079830780834,1000.0,,,4096.0,,100,2144.7047421636057,1932.102195627537,0.5691768826619965,0.4301075268817204,,,,,,
q,beta_x_dim,14,0.0462079830780834,1000.0,,,4096.0,,500,inf,inf,0.3773140356782228,0.2941176470588235,,,,,,
q,beta_x_dim,15,0.0412325635617556,1000.0,,,4096.0,,100,inf,inf,0.5824561403508772,0.6105263157894737,,,,,,
q,beta_x_dim,15,0.0412325635617556,1000.0,,,4096.0,,500,inf,inf,0.6505050505050505,0.6686868686868687,,,,,,
q,beta_x_dim,16,0.0479727073439655,1000.0,,,4096.0,,100,inf,inf,0.6608084358523726,0.8404255319148937,,,,,,
q,beta_x_dim,16,0.0479727073439655,1000.0,,,4096.0,,500,inf,inf,0.93499494779387,0.9696356275303644,,,,,,
q,beta_x_dim,17,0.0520924933809918,1000.0,,,4096.0,,100,inf,inf,0.74822695035461,0.8404255319148937,,,,,,
q,beta_x_dim,17,0.0520924933809918,1000.0,,,4096.0,,500,inf,inf,0.6821862348178138,0.7773279352226721,,,,,,
q,beta_x_dim,18,0.0485882391989239,1000.0,,,4096.0,,100,inf,inf,0.4605954465849387,0.4946236559139785,,,,,,
q,beta_x_dim,18,0.0485882391989239,1000.0,,,4096.0,,500,inf,inf,0.4924267923258162,0.5476673427991886,,,,,,
q,beta_x_dim,19,0.0383921864166432,1000.0,,,4096.0,,100,inf,inf,0.9527145359019265,0.9893617021276596,,,,,,
q,beta_x_dim,19,0.0383921864166432,1000.0,,,4096.0,,500,inf,inf,0.9909121507909796,0.9979757085020244,,,,,,
q,beta_x_dim,0,0.0288666205536211,1000.0,,,8192.0,,100,30.239875474616944,30.239875474616944,0.7283737024221453,0.7553191489361702,,,,,,
q,beta_x_dim,0,0.0288666205536211,1000.0,,,8192.0,,500,inf,inf,0.4157152451309603,0.4291497975708502,,,,,,
q,beta_x_dim,1,0.0271649459742409,1000.0,,,8192.0,,100,617.426942354329,509.7500512208115,0.8115671641791045,0.8172043010752689,,,,,,
q,beta_x_dim,1,0.0271649459742409,1000.0,,,8192.0,,500,inf,inf,0.6716621253405994,0.7099391480730223,,,,,,
q,beta_x_dim,2,0.0371665552410182,1000.0,,,8192.0,,100,inf,inf,0.6381461675579323,0.6129032258064516,,,,,,
q,beta_x_dim,2,0.0371665552410182,1000.0,,,8192.0,,500,inf,inf,0.5261735900033773,0.5233265720081136,,,,,,
q,beta_x_dim,3,0.0255351733360245,1000.0,,,8192.0,,100,inf,inf,0.6289752650176679,0.6382978723404256,,,,,,
q,beta_x_dim,3,0.0255351733360245,1000.0,,,8192.0,,500,inf,inf,0.6581254214430209,0.7125506072874493,,,,,,
q,beta_x_dim,4,0.0354875706784735,1000.0,,,8192.0,,100,6.719889957132557e+41,6.719889957132557e+41,0.6427320490367776,0.6774193548387096,,,,,,
q,beta_x_dim,4,0.0354875706784735,1000.0,,,8192.0,,500,inf,inf,0.6613934702120499,0.5618661257606491,,,,,,
q,beta_x_dim,5,0.0246779094967519,1000.0,,,8192.0,,100,287.00954220895096,287.00954220895096,0.7137870855148342,0.7157894736842105,,,,,,
q,beta_x_dim,5,0.0246779094967519,1000.0,,,8192.0,,500,inf,inf,0.6676757484022873,0.6484848484848484,,,,,,
q,beta_x_dim,6,0.0408079366855368,1000.0,,,8192.0,,100,inf,inf,0.7690972222222222,0.8404255319148937,,,,,,
q,beta_x_dim,6,0.0408079366855368,1000.0,,,8192.0,,500,inf,inf,0.9553091397849462,0.9696356275303644,,,,,,
q,beta_x_dim,7,0.0315518750860876,1000.0,,,8192.0,,100,73.24174128191912,73.24174128191912,0.7357512953367875,0.6881720430107527,,,,,,
q,beta_x_dim,7,0.0315518750860876,1000.0,,,8192.0,,500,inf,inf,0.7851628063108426,0.7363083164300203,,,,,,
q,beta_x_dim,8,0.0397878227234198,1000.0,,,8192.0,,100,5906.239533533354,5906.239533533354,0.6294326241134752,0.7282608695652174,,,,,,
q,beta_x_dim,8,0.0397878227234198,1000.0,,,8192.0,,500,inf,inf,0.6538461538461539,0.7113821138211383,,,,,,
q,beta_x_dim,9,0.026488447237678,1000.0,,,8192.0,,100,1.6740839690870055e+103,1.6740839690870055e+103,0.6322241681260946,0.6847826086956522,,,,,,
q,beta_x_dim,9,0.026488447237678,1000.0,,,8192.0,,500,inf,inf,0.6587007741501179,0.6869918699186992,,,,,,
q,beta_x_dim,10,0.0346351932663387,1000.0,,,8192.0,,100,inf,inf,0.6323268206039077,0.7052631578947368,,,,,,
q,beta_x_dim,10,0.0346351932663387,1000.0,,,8192.0,,500,inf,inf,0.7951400607492406,0.7858585858585858,,,,,,
q,beta_x_dim,11,0.0260555256577383,1000.0,,,8192.0,,100,50.88925210438767,50.88925210438767,0.6992753623188406,0.7473684210526316,,,,,,
q,beta_x_dim,11,0.0260555256577383,1000.0,,,8192.0,,500,inf,inf,0.6361788617886179,0.597979797979798,,,,,,
q,beta_x_dim,12,0.0289139126779301,1000.0,,,8192.0,,100,559.1571100076115,559.1571100076115,0.564373897707231,0.6451612903225806,,,,,,
q,beta_x_dim,12,0.0289139126779301,1000.0,,,8192.0,,500,inf,inf,0.7492416582406471,0.6835699797160243,,,,,,
q,beta_x_dim,13,0.0282074781210966,1000.0,,,8192.0,,100,14022.211442419875,3798.7060600750033,0.4561101549053356,0.5473684210526316,,,,,,
q,beta_x_dim,13,0.0282074781210966,1000.0,,,8192.0,,500,inf,inf,0.7447165380744717,0.8262626262626263,,,,,,
q,beta_x_dim,14,0.0311863302210941,1000.0,,,8192.0,,100,143.57618180433866,143.57618180433866,0.7005253940455342,0.6344086021505376,,,,,,
q,beta_x_dim,14,0.0311863302210941,1000.0,,,8192.0,,500,inf,inf,0.4281386738471895,0.3529411764705882,,,,,,
q,beta_x_dim,15,0.0341092293731739,1000.0,,,8192.0,,100,151.9125850191528,151.9125850191528,0.7070175438596491,0.6947368421052632,,,,,,
q,beta_x_dim,15,0.0341092293731739,1000.0,,,8192.0,,500,inf,inf,0.6521885521885522,0.6626262626262627,,,,,,
q,beta_x_dim,16,0.0268410705717592,1000.0,,,8192.0,,100,inf,inf,0.7750439367311072,0.8297872340425532,,,,,,
q,beta_x_dim,16,0.0268410705717592,1000.0,,,8192.0,,500,inf,inf,0.9568878410239138,0.9676113360323888,,,,,,
q,beta_x_dim,17,0.0288385120973422,1000.0,,,8192.0,,100,395.3698418778367,395.3698418778367,0.7074468085106383,0.8297872340425532,,,,,,
q,beta_x_dim,17,0.0288385120973422,1000.0,,,8192.0,,500,inf,inf,0.6616059379217274,0.7672064777327935,,,,,,
q,beta_x_dim,18,0.0324697238711532,1000.0,,,8192.0,,100,1379.622341619434,1379.622341619434,0.5183887915936952,0.5376344086021505,,,,,,
q,beta_x_dim,18,0.0324697238711532,1000.0,,,8192.0,,500,inf,inf,0.4984853584651632,0.5578093306288032,,,,,,
q,beta_x_dim,19,0.0322978173793725,1000.0,,,8192.0,,100,inf,inf,0.8633975481611208,0.9680851063829788,,,,,,
q,beta_x_dim,19,0.0322978173793725,1000.0,,,8192.0,,500,inf,inf,0.973746213396163,0.9939271255060728,,,,,,
q,beta_x_dim,0,0.0203569894689093,1000.0,,,16384.0,,100,5.037284218465798,5.037284218465798,0.8131487889273357,0.8829787234042553,,,,,,
q,beta_x_dim,0,0.0203569894689093,1000.0,,,16384.0,,500,inf,inf,0.4862323707186031,0.5404858299595142,,,,,,
q,beta_x_dim,1,0.0180762543208998,1000.0,,,16384.0,,100,32.786431198677086,32.786431198677086,0.7667910447761194,0.8817204301075269,,,,,,
q,beta_x_dim,1,0.0180762543208998,1000.0,,,16384.0,,500,inf,inf,0.6760899182561307,0.7464503042596349,,,,,,
q,beta_x_dim,2,0.021402928767805,1000.0,,,16384.0,,100,992.9310254061048,992.9310254061048,0.5739750445632799,0.5268817204301075,,,,,,
q,beta_x_dim,2,0.021402928767805,1000.0,,,16384.0,,500,inf,inf,0.5109760216143195,0.4969574036511156,,,,,,
q,beta_x_dim,3,0.0187455835272602,1000.0,,,16384.0,,100,138.35742078300342,138.35742078300342,0.8992932862190812,0.9148936170212766,,,,,,
q,beta_x_dim,3,0.0187455835272602,1000.0,,,16384.0,,500,inf,inf,0.7097100472016183,0.7651821862348178,,,,,,
q,beta_x_dim,4,0.0230212539981229,1000.0,,,16384.0,,100,20.38358938584891,20.38358938584891,0.861646234676007,0.9247311827956988,,,,,,
q,beta_x_dim,4,0.0230212539981229,1000.0,,,16384.0,,500,inf,inf,0.6906765398855604,0.6206896551724138,,,,,,
q,beta_x_dim,5,0.018059158472521,1000.0,,,16384.0,,100,39.52388474013439,39.52388474013439,0.7137870855148342,0.6947368421052632,,,,,,
q,beta_x_dim,5,0.018059158472521,1000.0,,,16384.0,,500,inf,inf,0.6562394887319206,0.6323232323232323,,,,,,
q,beta_x_dim,6,0.0210804508573937,1000.0,,,16384.0,,100,425.1910337904758,425.1910337904758,0.6076388888888888,0.6382978723404256,,,,,,
q,beta_x_dim,6,0.0210804508573937,1000.0,,,16384.0,,500,inf,inf,0.9059139784946236,0.917004048582996,,,,,,
q,beta_x_dim,7,0.0214313098777888,1000.0,,,16384.0,,100,13.353640510005786,13.353640510005786,0.7979274611398963,0.6989247311827957,,,,,,
q,beta_x_dim,7,0.0214313098777888,1000.0,,,16384.0,,500,inf,inf,0.7482376636455186,0.691683569979716,,,,,,
q,beta_x_dim,8,0.0210305880424345,1000.0,,,16384.0,,100,54.659874337386746,54.659874337386746,0.799645390070922,0.7282608695652174,,,,,,
q,beta_x_dim,8,0.0210305880424345,1000.0,,,16384.0,,500,inf,inf,0.6737516869095816,0.6808943089430894,,,,,,
q,beta_x_dim,9,0.0197283560090542,1000.0,,,16384.0,,100,281.8713559894391,281.8713559894391,0.7373029772329247,0.6956521739130435,,,,,,
q,beta_x_dim,9,0.0197283560090542,1000.0,,,16384.0,,500,inf,inf,0.6731740154830024,0.693089430894309,,,,,,
q,beta_x_dim,10,0.0223619354863721,1000.0,,,16384.0,,100,254.27058788307795,254.27058788307795,0.6163410301953819,0.8105263157894737,,,,,,
q,beta_x_dim,10,0.0223619354863721,1000.0,,,16384.0,,500,inf,inf,0.7445156935538306,0.7818181818181819,,,,,,
q,beta_x_dim,11,0.0231050851373385,1000.0,,,16384.0,,100,74.99391133759525,74.99391133759525,0.75,0.6526315789473685,,,,,,
q,beta_x_dim,11,0.0231050851373385,1000.0,,,16384.0,,500,inf,inf,0.6534552845528455,0.5777777777777777,,,,,,
q,beta_x_dim,12,0.0269907621139558,1000.0,,,16384.0,,100,62.675969833860194,62.675969833860194,0.783068783068783,0.956989247311828,,,,,,
q,beta_x_dim,12,0.0269907621139558,1000.0,,,16384.0,,500,inf,inf,0.7677789012470508,0.718052738336714,,,,,,
q,beta_x_dim,13,0.0258307931405904,1000.0,,,16384.0,,100,408.2156573079008,408.2156573079008,0.6987951807228916,0.8210526315789474,,,,,,
q,beta_x_dim,13,0.0258307931405904,1000.0,,,16384.0,,500,inf,inf,0.7698758805769876,0.8727272727272727,,,,,,
q,beta_x_dim,14,0.0206594191617385,1000.0,,,16384.0,,100,4.839850714064491,4.839850714064491,0.87215411558669,0.8279569892473119,,,,,,
q,beta_x_dim,14,0.0206594191617385,1000.0,,,16384.0,,500,inf,inf,0.5365196903399528,0.5030425963488844,,,,,,
q,beta_x_dim,15,0.0269255670457066,1000.0,,,16384.0,,100,18.99262250158609,18.99262250158609,0.7087719298245614,0.7578947368421053,,,,,,
q,beta_x_dim,15,0.0269255670457066,1000.0,,,16384.0,,500,inf,inf,0.667003367003367,0.6787878787878788,,,,,,
q,beta_x_dim,16,0.0165846560209867,1000.0,,,16384.0,,100,657.8505317759025,657.8505317759025,0.7539543057996485,0.8085106382978723,,,,,,
q,beta_x_dim,16,0.0165846560209867,1000.0,,,16384.0,,500,inf,inf,0.9036712697878072,0.9291497975708504,,,,,,
q,beta_x_dim,17,0.0198970173937805,1000.0,,,16384.0,,100,6.501963103922498,6.501963103922498,0.9556737588652482,0.9787234042553192,,,,,,
q,beta_x_dim,17,0.0198970173937805,1000.0,,,16384.0,,500,inf,inf,0.6659919028340081,0.7510121457489879,,,,,,
q,beta_x_dim,18,0.0208652858105288,1000.0,,,16384.0,,100,86.12249418566024,86.12249418566024,0.5761821366024519,0.5376344086021505,,,,,,
q,beta_x_dim,18,0.0208652858105288,1000.0,,,16384.0,,500,inf,inf,0.4994951194883877,0.5578093306288032,,,,,,
q,beta_x_dim,19,0.0214653212215956,1000.0,,,16384.0,,100,982.152669575624,884.452190734412,0.9404553415061296,1.0,,,,,,
q,beta_x_dim,19,0.0214653212215956,1000.0,,,16384.0,,500,inf,inf,0.9653315382026254,0.9878542510121456,,,,,,
q,beta_x_dim,0,0.475488624112919,1000000.0,,,32.0,,100,inf,inf,0.3356401384083045,0.2872340425531915,,,,,,
q,beta_x_dim,0,0.475488624112919,1000000.0,,,32.0,,500,inf,inf,0.3337810611148422,0.3259109311740891,,,,,,
q,beta_x_dim,1,0.4081277900492999,1000000.0,,,32.0,,100,inf,inf,0.7126865671641791,0.7956989247311828,,,,,,
q,beta_x_dim,1,0.4081277900492999,1000000.0,,,32.0,,500,inf,inf,0.6750681198910081,0.7261663286004056,,,,,,
q,beta_x_dim,2,0.4730093470080129,1000000.0,,,32.0,,100,inf,inf,0.499108734402852,0.5483870967741935,,,,,,
q,beta_x_dim,2,0.4730093470080129,1000000.0,,,32.0,,500,inf,inf,0.4998311381290105,0.5111561866125761,,,,,,
q,beta_x_dim,3,0.4466934199958885,1000000.0,,,32.0,,100,inf,inf,0.6148409893992933,0.7659574468085106,,,,,,
q,beta_x_dim,3,0.4466934199958885,1000000.0,,,32.0,,500,inf,inf,0.6561024949426838,0.7368421052631579,,,,,,
q,beta_x_dim,4,0.5533154376476055,1000000.0,,,32.0,,100,inf,inf,0.6199649737302977,0.4623655913978494,,,,,,
q,beta_x_dim,4,0.5533154376476055,1000000.0,,,32.0,,500,inf,inf,0.6576910131268933,0.5212981744421906,,,,,,
q,beta_x_dim,5,0.3734272198299829,1000000.0,,,32.0,,100,inf,inf,0.6404886561954625,0.7052631578947368,,,,,,
q,beta_x_dim,5,0.3734272198299829,1000000.0,,,32.0,,500,inf,inf,0.6616212579885637,0.6606060606060606,,,,,,
q,beta_x_dim,6,0.4297836233635966,1000000.0,,,32.0,,100,inf,inf,0.9652777777777778,0.9680851063829788,,,,,,
q,beta_x_dim,6,0.4297836233635966,1000000.0,,,32.0,,500,inf,inf,0.9932795698924732,0.9939271255060728,,,,,,
q,beta_x_dim,7,0.4400890544880544,1000000.0,,,32.0,,100,inf,inf,0.7547495682210709,0.5806451612903226,,,,,,
q,beta_x_dim,7,0.4400890544880544,1000000.0,,,32.0,,500,inf,inf,0.8180597515944948,0.6997971602434077,,,,,,
q,beta_x_dim,12,0.5218634903299535,1000000.0,,,32.0,,100,inf,inf,0.8024691358024691,0.6989247311827957,,,,,,
q,beta_x_dim,12,0.5218634903299535,1000000.0,,,32.0,,500,inf,inf,0.8274351196494776,0.6815415821501014,,,,,,
q,beta_x_dim,13,0.4206226488705533,1000000.0,,,32.0,,100,inf,inf,0.7865748709122203,0.9473684210526316,,,,,,
q,beta_x_dim,13,0.4206226488705533,1000000.0,,,32.0,,500,inf,inf,0.8175109023817511,0.9171717171717172,,,,,,
q,beta_x_dim,14,0.4990514455594063,1000000.0,,,32.0,,100,inf,inf,0.457092819614711,0.4838709677419355,,,,,,
q,beta_x_dim,14,0.4990514455594063,1000000.0,,,32.0,,500,inf,inf,0.3571188152137327,0.3002028397565923,,,,,,
q,beta_x_dim,15,0.4726710863089248,1000000.0,,,32.0,,100,inf,inf,0.6368421052631579,0.5473684210526316,,,,,,
q,beta_x_dim,15,0.4726710863089248,1000000.0,,,32.0,,500,inf,inf,0.6609427609427609,0.6565656565656566,,,,,,
q,beta_x_dim,8,0.4385564417708694,1000000.0,,,32.0,,100,inf,inf,0.6312056737588653,0.7282608695652174,,,,,,
q,beta_x_dim,8,0.4385564417708694,1000000.0,,,32.0,,500,inf,inf,0.659919028340081,0.7215447154471545,,,,,,
q,beta_x_dim,9,0.4168672354707817,1000000.0,,,32.0,,100,inf,inf,0.6952714535901926,0.7282608695652174,,,,,,
q,beta_x_dim,9,0.4168672354707817,1000000.0,,,32.0,,500,inf,inf,0.6721642544597779,0.6951219512195121,,,,,,
q,beta_x_dim,10,0.4462354434217582,1000000.0,,,32.0,,100,inf,inf,0.7335701598579041,0.7263157894736842,,,,,,
q,beta_x_dim,10,0.4462354434217582,1000000.0,,,32.0,,500,inf,inf,0.8143773202834964,0.7898989898989899,,,,,,
q,beta_x_dim,11,0.3453439906042841,1000000.0,,,32.0,,100,inf,inf,0.6123188405797102,0.6,,,,,,
q,beta_x_dim,11,0.3453439906042841,1000000.0,,,32.0,,500,inf,inf,0.6565040650406504,0.5797979797979798,,,,,,
q,beta_x_dim,16,0.4514587337877777,1000000.0,,,32.0,,100,inf,inf,0.9349736379613356,0.9680851063829788,,,,,,
q,beta_x_dim,16,0.4514587337877777,1000000.0,,,32.0,,500,inf,inf,0.987537891545975,0.9939271255060728,,,,,,
q,beta_x_dim,17,0.4502359836938825,1000000.0,,,32.0,,100,inf,inf,0.8031914893617021,0.8191489361702128,,,,,,
q,beta_x_dim,17,0.4502359836938825,1000000.0,,,32.0,,500,inf,inf,0.6926450742240216,0.7732793522267206,,,,,,
q,beta_x_dim,18,0.5626601659757056,1000000.0,,,32.0,,100,inf,inf,0.5026269702276708,0.5376344086021505,,,,,,
q,beta_x_dim,18,0.5626601659757056,1000000.0,,,32.0,,500,inf,inf,0.5005048805116122,0.5557809330628803,,,,,,
q,beta_x_dim,19,0.4107705136378998,1000000.0,,,32.0,,100,inf,inf,0.9649737302977232,0.946808510638298,,,,,,
q,beta_x_dim,19,0.4107705136378998,1000000.0,,,32.0,,500,inf,inf,0.99326825984517,0.9898785425101214,,,,,,
q,beta_x_dim,0,0.3221759901052828,1000000.0,,,64.0,,100,inf,inf,0.356401384083045,0.3085106382978723,,,,,,
q,beta_x_dim,0,0.3221759901052828,1000000.0,,,64.0,,500,inf,inf,0.3378106111484217,0.3299595141700405,,,,,,
q,beta_x_dim,1,0.2955807837596712,1000000.0,,,64.0,,100,inf,inf,0.7145522388059702,0.7634408602150538,,,,,,
q,beta_x_dim,1,0.2955807837596712,1000000.0,,,64.0,,500,inf,inf,0.6754087193460491,0.7200811359026369,,,,,,
q,beta_x_dim,2,0.3180382777636512,1000000.0,,,64.0,,100,inf,inf,0.4919786096256685,0.5591397849462365,,,,,,
q,beta_x_dim,2,0.3180382777636512,1000000.0,,,64.0,,500,inf,inf,0.4984802431610942,0.513184584178499,,,,,,
q,beta_x_dim,3,0.3669287418772428,1000000.0,,,64.0,,100,inf,inf,0.6007067137809188,0.7659574468085106,,,,,,
q,beta_x_dim,3,0.3669287418772428,1000000.0,,,64.0,,500,inf,inf,0.6534052596089008,0.7368421052631579,,,,,,
q,beta_x_dim,4,0.4116536270898129,1000000.0,,,64.0,,100,inf,inf,0.647985989492119,0.4946236559139785,,,,,,
q,beta_x_dim,4,0.4116536270898129,1000000.0,,,64.0,,500,inf,inf,0.6630764052507573,0.5273833671399595,,,,,,
q,beta_x_dim,5,0.2934330069333181,1000000.0,,,64.0,,100,inf,inf,0.6108202443280978,0.7052631578947368,,,,,,
q,beta_x_dim,5,0.2934330069333181,1000000.0,,,64.0,,500,inf,inf,0.6559031281533805,0.6606060606060606,,,,,,
q,beta_x_dim,6,0.4216337928389128,1000000.0,,,64.0,,100,inf,inf,0.9618055555555556,0.9893617021276596,,,,,,
q,beta_x_dim,6,0.4216337928389128,1000000.0,,,64.0,,500,inf,inf,0.9926075268817204,0.9979757085020244,,,,,,
q,beta_x_dim,7,0.348135709032997,1000000.0,,,64.0,,100,inf,inf,0.7461139896373057,0.6021505376344086,,,,,,
q,beta_x_dim,7,0.348135709032997,1000000.0,,,64.0,,500,inf,inf,0.8163813360187983,0.7038539553752535,,,,,,
q,beta_x_dim,8,0.3115759651311149,1000000.0,,,64.0,,100,inf,inf,0.6542553191489362,0.75,,,,,,
q,beta_x_dim,8,0.3115759651311149,1000000.0,,,64.0,,500,inf,inf,0.6643049932523617,0.725609756097561,,,,,,
q,beta_x_dim,9,0.3456124348675807,1000000.0,,,64.0,,100,inf,inf,0.6725043782837128,0.7391304347826086,,,,,,
q,beta_x_dim,9,0.3456124348675807,1000000.0,,,64.0,,500,inf,inf,0.6677886233591384,0.6971544715447154,,,,,,
q,beta_x_dim,10,0.378879289575792,1000000.0,,,64.0,,100,inf,inf,0.7335701598579041,0.7473684210526316,,,,,,
q,beta_x_dim,10,0.378879289575792,1000000.0,,,64.0,,500,inf,inf,0.8143773202834964,0.793939393939394,,,,,,
q,beta_x_dim,11,0.3274053988382884,1000000.0,,,64.0,,100,inf,inf,0.6286231884057971,0.6105263157894737,,,,,,
q,beta_x_dim,11,0.3274053988382884,1000000.0,,,64.0,,500,inf,inf,0.6595528455284553,0.5818181818181818,,,,,,
q,beta_x_dim,12,0.3764796768453319,1000000.0,,,64.0,,100,inf,inf,0.8059964726631393,0.6881720430107527,,,,,,
q,beta_x_dim,12,0.3764796768453319,1000000.0,,,64.0,,500,inf,inf,0.8281092012133469,0.6795131845841785,,,,,,
q,beta_x_dim,13,0.3272847901693679,1000000.0,,,64.0,,100,inf,inf,0.7762478485370051,0.9473684210526316,,,,,,
q,beta_x_dim,13,0.3272847901693679,1000000.0,,,64.0,,500,inf,inf,0.8154981549815498,0.9171717171717172,,,,,,
q,beta_x_dim,14,0.3264379164132335,1000000.0,,,64.0,,100,inf,inf,0.4763572679509632,0.4623655913978494,,,,,,
q,beta_x_dim,14,0.3264379164132335,1000000.0,,,64.0,,500,inf,inf,0.3608212722988893,0.2961460446247465,,,,,,
q,beta_x_dim,15,0.3124018770445692,1000000.0,,,64.0,,100,inf,inf,0.6192982456140351,0.5578947368421052,,,,,,
q,beta_x_dim,15,0.3124018770445692,1000000.0,,,64.0,,500,inf,inf,0.6575757575757576,0.6585858585858586,,,,,,
q,beta_x_dim,16,0.3106442961881303,1000000.0,,,64.0,,100,inf,inf,0.9244288224956064,0.946808510638298,,,,,,
q,beta_x_dim,16,0.3106442961881303,1000000.0,,,64.0,,500,inf,inf,0.985517009093971,0.9898785425101214,,,,,,
q,beta_x_dim,17,0.3375870917971322,1000000.0,,,64.0,,100,inf,inf,0.7943262411347518,0.8297872340425532,,,,,,
q,beta_x_dim,17,0.3375870917971322,1000000.0,,,64.0,,500,inf,inf,0.6909581646423751,0.7753036437246964,,,,,,
q,beta_x_dim,18,0.3627706335134446,1000000.0,,,64.0,,100,inf,inf,0.4973730297723292,0.5376344086021505,,,,,,
q,beta_x_dim,18,0.3627706335134446,1000000.0,,,64.0,,500,inf,inf,0.4994951194883877,0.5557809330628803,,,,,,
q,beta_x_dim,19,0.2719782442600281,1000000.0,,,64.0,,100,inf,inf,0.9229422066549912,0.9680851063829788,,,,,,
q,beta_x_dim,19,0.2719782442600281,1000000.0,,,64.0,,500,inf,inf,0.985190171659374,0.9939271255060728,,,,,,
q,beta_x_dim,0,0.2769788139980297,1000000.0,,,128.0,,100,inf,inf,0.3685121107266436,0.3085106382978723,,,,,,
q,beta_x_dim,0,0.2769788139980297,1000000.0,,,128.0,,500,inf,inf,0.3401611820013432,0.3299595141700405,,,,,,
q,beta_x_dim,1,0.2437982963519862,1000000.0,,,128.0,,100,inf,inf,0.707089552238806,0.7741935483870968,,,,,,
q,beta_x_dim,1,0.2437982963519862,1000000.0,,,128.0,,500,inf,inf,0.6740463215258855,0.7221095334685599,,,,,,
q,beta_x_dim,2,0.2433973032733596,1000000.0,,,128.0,,100,inf,inf,0.499108734402852,0.5913978494623656,,,,,,
q,beta_x_dim,2,0.2433973032733596,1000000.0,,,128.0,,500,inf,inf,0.4998311381290105,0.5192697768762677,,,,,,
q,beta_x_dim,3,0.2265935165248834,1000000.0,,,128.0,,100,inf,inf,0.6024734982332155,0.7340425531914894,,,,,,
q,beta_x_dim,3,0.2265935165248834,1000000.0,,,128.0,,500,inf,inf,0.6537424140256237,0.7307692307692307,,,,,,
q,beta_x_dim,4,0.2463705230170547,1000000.0,,,128.0,,100,inf,inf,0.6549912434325744,0.5161290322580645,,,,,,
q,beta_x_dim,4,0.2463705230170547,1000000.0,,,128.0,,500,inf,inf,0.6644227532817233,0.5314401622718052,,,,,,
q,beta_x_dim,5,0.2007125177184121,1000000.0,,,128.0,,100,inf,inf,0.5846422338568935,0.6842105263157895,,,,,,
q,beta_x_dim,5,0.2007125177184121,1000000.0,,,128.0,,500,inf,inf,0.6508577194752775,0.6565656565656566,,,,,,
q,beta_x_dim,6,0.2719857913570569,1000000.0,,,128.0,,100,inf,inf,0.9704861111111112,0.9893617021276596,,,,,,
q,beta_x_dim,6,0.2719857913570569,1000000.0,,,128.0,,500,inf,inf,0.994287634408602,0.9979757085020244,,,,,,
q,beta_x_dim,7,0.2114275672740672,1000000.0,,,128.0,,100,inf,inf,0.7737478411053541,0.6021505376344086,,,,,,
q,beta_x_dim,7,0.2114275672740672,1000000.0,,,128.0,,500,inf,inf,0.8217522658610272,0.7038539553752535,,,,,,
q,beta_x_dim,8,0.2149741897036,1000000.0,,,128.0,,100,inf,inf,0.650709219858156,0.75,,,,,,
q,beta_x_dim,8,0.2149741897036,1000000.0,,,128.0,,500,inf,inf,0.6636302294197031,0.725609756097561,,,,,,
q,beta_x_dim,9,0.2567751353259747,1000000.0,,,128.0,,100,inf,inf,0.6619964973730298,0.7391304347826086,,,,,,
q,beta_x_dim,9,0.2567751353259747,1000000.0,,,128.0,,500,inf,inf,0.6657691013126893,0.6971544715447154,,,,,,
q,beta_x_dim,10,0.2486463417142581,1000000.0,,,128.0,,100,inf,inf,0.7495559502664298,0.7368421052631579,,,,,,
q,beta_x_dim,10,0.2486463417142581,1000000.0,,,128.0,,500,inf,inf,0.817414782315221,0.7919191919191919,,,,,,
q,beta_x_dim,11,0.1974217867761011,1000000.0,,,128.0,,100,inf,inf,0.6231884057971014,0.6210526315789474,,,,,,
q,beta_x_dim,11,0.1974217867761011,1000000.0,,,128.0,,500,inf,inf,0.6585365853658537,0.5838383838383838,,,,,,
q,beta_x_dim,16,0.2383339427238416,1000000.0,,,128.0,,100,inf,inf,0.8963093145869947,0.9574468085106383,,,,,,
q,beta_x_dim,16,0.2383339427238416,1000000.0,,,128.0,,500,inf,inf,0.9801279892219602,0.9919028340080972,,,,,,
q,beta_x_dim,17,0.1810992779347456,1000000.0,,,128.0,,100,inf,inf,0.7890070921985816,0.8085106382978723,,,,,,
q,beta_x_dim,17,0.1810992779347456,1000000.0,,,128.0,,500,inf,inf,0.6899460188933874,0.771255060728745,,,,,,
q,beta_x_dim,18,0.3105319741536367,1000000.0,,,128.0,,100,inf,inf,0.5061295971978984,0.5483870967741935,,,,,,
q,beta_x_dim,18,0.3105319741536367,1000000.0,,,128.0,,500,inf,inf,0.5011780545270953,0.5578093306288032,,,,,,
q,beta_x_dim,19,0.1828295288710636,1000000.0,,,128.0,,100,inf,inf,0.9001751313485113,0.9680851063829788,,,,,,
q,beta_x_dim,19,0.1828295288710636,1000000.0,,,128.0,,500,inf,inf,0.9808145405587344,0.9939271255060728,,,,,,
q,beta_x_dim,12,0.2230611143413504,1000000.0,,,128.0,,100,inf,inf,0.763668430335097,0.6881720430107527,,,,,,
q,beta_x_dim,12,0.2230611143413504,1000000.0,,,128.0,,500,inf,inf,0.8200202224469161,0.6795131845841785,,,,,,
q,beta_x_dim,13,0.2868358576336272,1000000.0,,,128.0,,100,inf,inf,0.7728055077452668,0.9473684210526316,,,,,,
q,beta_x_dim,13,0.2868358576336272,1000000.0,,,128.0,,500,inf,inf,0.8148272391814827,0.9171717171717172,,,,,,
q,beta_x_dim,14,0.260450112016454,1000000.0,,,128.0,,100,inf,inf,0.4693520140105078,0.4516129032258064,,,,,,
q,beta_x_dim,14,0.260450112016454,1000000.0,,,128.0,,500,inf,inf,0.3594749242679232,0.2941176470588235,,,,,,
q,beta_x_dim,15,0.2108225834473612,1000000.0,,,128.0,,100,inf,inf,0.6192982456140351,0.5368421052631579,,,,,,
q,beta_x_dim,15,0.2108225834473612,1000000.0,,,128.0,,500,inf,inf,0.6575757575757576,0.6545454545454545,,,,,,
q,beta_x_dim,0,0.1561151590110898,1000000.0,,,256.0,,100,inf,inf,0.3685121107266436,0.3191489361702128,,,,,,
q,beta_x_dim,0,0.1561151590110898,1000000.0,,,256.0,,500,inf,inf,0.3401611820013432,0.3319838056680162,,,,,,
q,beta_x_dim,1,0.1544549162417507,1000000.0,,,256.0,,100,inf,inf,0.7033582089552238,0.7741935483870968,,,,,,
q,beta_x_dim,1,0.1544549162417507,1000000.0,,,256.0,,500,inf,inf,0.6733651226158038,0.7221095334685599,,,,,,
q,beta_x_dim,2,0.1611444428630177,1000000.0,,,256.0,,100,inf,inf,0.5240641711229946,0.5483870967741935,,,,,,
q,beta_x_dim,2,0.1611444428630177,1000000.0,,,256.0,,500,inf,inf,0.5045592705167173,0.5111561866125761,,,,,,
q,beta_x_dim,3,0.1386638649939305,1000000.0,,,256.0,,100,inf,inf,0.5724381625441696,0.7127659574468085,,,,,,
q,beta_x_dim,3,0.1386638649939305,1000000.0,,,256.0,,500,inf,inf,0.6480107889413351,0.7267206477732794,,,,,,
q,beta_x_dim,4,0.2199032936958288,1000000.0,,,256.0,,100,inf,inf,0.6252189141856392,0.5698924731182796,,,,,,
q,beta_x_dim,4,0.2199032936958288,1000000.0,,,256.0,,500,inf,inf,0.6587007741501179,0.5415821501014199,,,,,,
q,beta_x_dim,5,0.1706797529091717,1000000.0,,,256.0,,100,inf,inf,0.6160558464223386,0.6631578947368421,,,,,,
q,beta_x_dim,5,0.1706797529091717,1000000.0,,,256.0,,500,inf,inf,0.656912209889001,0.6525252525252525,,,,,,
q,beta_x_dim,6,0.1826961665570637,1000000.0,,,256.0,,100,inf,inf,0.9600694444444444,0.9680851063829788,,,,,,
q,beta_x_dim,6,0.1826961665570637,1000000.0,,,256.0,,500,inf,inf,0.992271505376344,0.9939271255060728,,,,,,
q,beta_x_dim,7,0.1382621299628856,1000000.0,,,256.0,,100,inf,inf,0.7495682210708118,0.6021505376344086,,,,,,
q,beta_x_dim,7,0.1382621299628856,1000000.0,,,256.0,,500,inf,inf,0.8170527022490769,0.7038539553752535,,,,,,
q,beta_x_dim,8,0.1738344351847317,1000000.0,,,256.0,,100,inf,inf,0.6560283687943262,0.75,,,,,,
q,beta_x_dim,8,0.1738344351847317,1000000.0,,,256.0,,500,inf,inf,0.664642375168691,0.725609756097561,,,,,,
q,beta_x_dim,9,0.2133657125731659,1000000.0,,,256.0,,100,inf,inf,0.6725043782837128,0.7391304347826086,,,,,,
q,beta_x_dim,9,0.2133657125731659,1000000.0,,,256.0,,500,inf,inf,0.6677886233591384,0.6971544715447154,,,,,,
q,beta_x_dim,10,0.2254427509551922,1000000.0,,,256.0,,100,inf,inf,0.7708703374777975,0.7684210526315789,,,,,,
q,beta_x_dim,10,0.2254427509551922,1000000.0,,,256.0,,500,inf,inf,0.8214647316908539,0.797979797979798,,,,,,
q,beta_x_dim,11,0.1840049138218659,1000000.0,,,256.0,,100,inf,inf,0.6068840579710145,0.5684210526315789,,,,,,
q,beta_x_dim,11,0.1840049138218659,1000000.0,,,256.0,,500,inf,inf,0.6554878048780488,0.5737373737373738,,,,,,
q,beta_x_dim,12,0.1576595918302586,1000000.0,,,256.0,,100,inf,inf,0.7707231040564374,0.7204301075268817,,,,,,
q,beta_x_dim,12,0.1576595918302586,1000000.0,,,256.0,,500,inf,inf,0.8213683855746545,0.6855983772819473,,,,,,
q,beta_x_dim,13,0.1825318597082257,1000000.0,,,256.0,,100,inf,inf,0.7590361445783133,0.9473684210526316,,,,,,
q,beta_x_dim,13,0.1825318597082257,1000000.0,,,256.0,,500,inf,inf,0.8121435759812143,0.9171717171717172,,,,,,
q,beta_x_dim,14,0.1314253804517846,1000000.0,,,256.0,,100,inf,inf,0.4623467600700525,0.4623655913978494,,,,,,
q,beta_x_dim,14,0.1314253804517846,1000000.0,,,256.0,,500,inf,inf,0.3581285762369572,0.2961460446247465,,,,,,
q,beta_x_dim,15,0.147930466476972,1000000.0,,,256.0,,100,inf,inf,0.6192982456140351,0.5894736842105263,,,,,,
q,beta_x_dim,15,0.147930466476972,1000000.0,,,256.0,,500,inf,inf,0.6575757575757576,0.6646464646464646,,,,,,
q,beta_x_dim,16,0.1816174986867891,1000000.0,,,256.0,,100,inf,inf,0.8998242530755711,0.9042553191489362,,,,,,
q,beta_x_dim,16,0.1816174986867891,1000000.0,,,256.0,,500,inf,inf,0.9808016167059616,0.9817813765182186,,,,,,
q,beta_x_dim,17,0.1604795312524981,1000000.0,,,256.0,,100,inf,inf,0.7216312056737588,0.7872340425531915,,,,,,
q,beta_x_dim,17,0.1604795312524981,1000000.0,,,256.0,,500,inf,inf,0.6771255060728745,0.7672064777327935,,,,,,
q,beta_x_dim,18,0.1535224584703985,1000000.0,,,256.0,,100,inf,inf,0.5043782837127846,0.5806451612903226,,,,,,
q,beta_x_dim,18,0.1535224584703985,1000000.0,,,256.0,,500,inf,inf,0.5008414675193538,0.563894523326572,,,,,,
q,beta_x_dim,19,0.1605501696049673,1000000.0,,,256.0,,100,inf,inf,0.87215411558669,0.9680851063829788,,,,,,
q,beta_x_dim,19,0.1605501696049673,1000000.0,,,256.0,,500,inf,inf,0.9754291484348704,0.9939271255060728,,,,,,
q,beta_x_dim,0,0.1030968424041055,1000000.0,,,512.0,,100,inf,inf,0.4463667820069204,0.3723404255319149,,,,,,
q,beta_x_dim,0,0.1030968424041055,1000000.0,,,512.0,,500,inf,inf,0.3552719946272666,0.3421052631578947,,,,,,
q,beta_x_dim,1,0.1140296269471779,1000000.0,,,512.0,,100,inf,inf,0.7052238805970149,0.7956989247311828,,,,,,
q,beta_x_dim,1,0.1140296269471779,1000000.0,,,512.0,,500,inf,inf,0.6737057220708447,0.7261663286004056,,,,,,
q,beta_x_dim,2,0.0927791855463762,1000000.0,,,512.0,,100,inf,inf,0.5044563279857398,0.5376344086021505,,,,,,
q,beta_x_dim,2,0.0927791855463762,1000000.0,,,512.0,,500,inf,inf,0.5008443093549476,0.5091277890466531,,,,,,
q,beta_x_dim,3,0.1189404917111431,1000000.0,,,512.0,,100,inf,inf,0.5636042402826855,0.723404255319149,,,,,,
q,beta_x_dim,3,0.1189404917111431,1000000.0,,,512.0,,500,inf,inf,0.6463250168577208,0.728744939271255,,,,,,
q,beta_x_dim,4,0.1426867814088468,1000000.0,,,512.0,,100,inf,inf,0.626970227670753,0.5161290322580645,,,,,,
q,beta_x_dim,4,0.1426867814088468,1000000.0,,,512.0,,500,inf,inf,0.6590373611578593,0.5314401622718052,,,,,,
q,beta_x_dim,5,0.1064487629651989,1000000.0,,,512.0,,100,inf,inf,0.6003490401396161,0.631578947368421,,,,,,
q,beta_x_dim,5,0.1064487629651989,1000000.0,,,512.0,,500,inf,inf,0.6538849646821393,0.6464646464646465,,,,,,
q,beta_x_dim,6,0.1201973174121529,1000000.0,,,512.0,,100,inf,inf,0.9253472222222222,0.9787234042553192,,,,,,
q,beta_x_dim,6,0.1201973174121529,1000000.0,,,512.0,,500,inf,inf,0.9855510752688172,0.9959514170040484,,,,,,
q,beta_x_dim,7,0.1125765245269145,1000000.0,,,512.0,,100,inf,inf,0.7841105354058722,0.6451612903225806,,,,,,
q,beta_x_dim,7,0.1125765245269145,1000000.0,,,512.0,,500,inf,inf,0.823766364551863,0.7119675456389453,,,,,,
q,beta_x_dim,8,0.1417573096555955,1000000.0,,,512.0,,100,inf,inf,0.6631205673758865,0.75,,,,,,
q,beta_x_dim,8,0.1417573096555955,1000000.0,,,512.0,,500,inf,inf,0.6659919028340081,0.725609756097561,,,,,,
q,beta_x_dim,9,0.133041364360873,1000000.0,,,512.0,,100,inf,inf,0.660245183887916,0.717391304347826,,,,,,
q,beta_x_dim,9,0.133041364360873,1000000.0,,,512.0,,500,inf,inf,0.6654325143049479,0.693089430894309,,,,,,
q,beta_x_dim,10,0.1169679487972046,1000000.0,,,512.0,,100,inf,inf,0.7477797513321492,0.8,,,,,,
q,beta_x_dim,10,0.1169679487972046,1000000.0,,,512.0,,500,inf,inf,0.8170772865339183,0.804040404040404,,,,,,
q,beta_x_dim,11,0.1246017663255829,1000000.0,,,512.0,,100,inf,inf,0.6123188405797102,0.5894736842105263,,,,,,
q,beta_x_dim,11,0.1246017663255829,1000000.0,,,512.0,,500,inf,inf,0.6565040650406504,0.5777777777777777,,,,,,
q,beta_x_dim,12,0.1382766162059651,1000000.0,,,512.0,,100,inf,inf,0.7372134038800705,0.6989247311827957,,,,,,
q,beta_x_dim,12,0.1382766162059651,1000000.0,,,512.0,,500,inf,inf,0.8149646107178968,0.6815415821501014,,,,,,
q,beta_x_dim,13,0.1196281776795636,1000000.0,,,512.0,,100,inf,inf,0.7435456110154905,0.936842105263158,,,,,,
q,beta_x_dim,13,0.1196281776795636,1000000.0,,,512.0,,500,inf,inf,0.8091244548809124,0.9151515151515152,,,,,,
q,beta_x_dim,14,0.1340870593186491,1000000.0,,,512.0,,100,inf,inf,0.4220665499124343,0.4516129032258064,,,,,,
q,beta_x_dim,14,0.1340870593186491,1000000.0,,,512.0,,500,inf,inf,0.3503870750589027,0.2941176470588235,,,,,,
q,beta_x_dim,15,0.0967374670363391,1000000.0,,,512.0,,100,inf,inf,0.6350877192982456,0.5894736842105263,,,,,,
q,beta_x_dim,15,0.0967374670363391,1000000.0,,,512.0,,500,inf,inf,0.6606060606060606,0.6646464646464646,,,,,,
q,beta_x_dim,16,0.1174795013926857,1000000.0,,,512.0,,100,inf,inf,0.8910369068541301,0.946808510638298,,,,,,
q,beta_x_dim,16,0.1174795013926857,1000000.0,,,512.0,,500,inf,inf,0.9791175479959582,0.9898785425101214,,,,,,
q,beta_x_dim,17,0.1417826345959721,1000000.0,,,512.0,,100,inf,inf,0.7677304964539007,0.7978723404255319,,,,,,
q,beta_x_dim,17,0.1417826345959721,1000000.0,,,512.0,,500,inf,inf,0.6858974358974359,0.7692307692307693,,,,,,
q,beta_x_dim,18,0.0907625039255792,1000000.0,,,512.0,,100,inf,inf,0.4693520140105078,0.4946236559139785,,,,,,
q,beta_x_dim,18,0.0907625039255792,1000000.0,,,512.0,,500,inf,inf,0.4941097273645237,0.5476673427991886,,,,,,
q,beta_x_dim,19,0.1233153610554358,1000000.0,,,512.0,,100,inf,inf,0.914185639229422,0.9680851063829788,,,,,,
q,beta_x_dim,19,0.1233153610554358,1000000.0,,,512.0,,500,inf,inf,0.9835072366206664,0.9939271255060728,,,,,,
q,beta_x_dim,0,0.0832455924980941,1000000.0,,,1024.0,,100,inf,inf,0.5155709342560554,0.3936170212765957,,,,,,
q,beta_x_dim,0,0.0832455924980941,1000000.0,,,1024.0,,500,inf,inf,0.3687038280725319,0.3461538461538461,,,,,,
q,beta_x_dim,1,0.0977398989210664,1000000.0,,,1024.0,,100,inf,inf,0.6791044776119403,0.8172043010752689,,,,,,
q,beta_x_dim,1,0.0977398989210664,1000000.0,,,1024.0,,500,inf,inf,0.6689373297002725,0.7302231237322515,,,,,,
q,beta_x_dim,2,0.098176231085323,1000000.0,,,1024.0,,100,inf,inf,0.5490196078431373,0.5483870967741935,,,,,,
q,beta_x_dim,2,0.098176231085323,1000000.0,,,1024.0,,500,inf,inf,0.5092874029044242,0.5111561866125761,,,,,,
q,beta_x_dim,3,0.1202208739769747,1000000.0,,,1024.0,,100,inf,inf,0.6289752650176679,0.7021276595744681,,,,,,
q,beta_x_dim,3,0.1202208739769747,1000000.0,,,1024.0,,500,inf,inf,0.6587997302764667,0.7246963562753036,,,,,,
q,beta_x_dim,4,0.0858213646046357,1000000.0,,,1024.0,,100,inf,inf,0.6287215411558669,0.5161290322580645,,,,,,
q,beta_x_dim,4,0.0858213646046357,1000000.0,,,1024.0,,500,inf,inf,0.6593739481656008,0.5314401622718052,,,,,,
q,beta_x_dim,5,0.095290498691526,1000000.0,,,1024.0,,100,inf,inf,0.6055846422338569,0.631578947368421,,,,,,
q,beta_x_dim,5,0.095290498691526,1000000.0,,,1024.0,,500,inf,inf,0.6548940464177598,0.6464646464646465,,,,,,
q,beta_x_dim,6,0.0858756883561873,1000000.0,,,1024.0,,100,inf,inf,0.9236111111111112,0.9680851063829788,,,,,,
q,beta_x_dim,6,0.0858756883561873,1000000.0,,,1024.0,,500,inf,inf,0.9852150537634408,0.9939271255060728,,,,,,
q,beta_x_dim,7,0.0844807231030569,1000000.0,,,1024.0,,100,inf,inf,0.768566493955095,0.6236559139784946,,,,,,
q,beta_x_dim,7,0.0844807231030569,1000000.0,,,1024.0,,500,inf,inf,0.8207452165156093,0.7079107505070994,,,,,,
q,beta_x_dim,8,0.0855617921909968,1000000.0,,,1024.0,,100,inf,inf,0.6578014184397163,0.7717391304347826,,,,,,
q,beta_x_dim,8,0.0855617921909968,1000000.0,,,1024.0,,500,inf,inf,0.6649797570850202,0.7296747967479674,,,,,,
q,beta_x_dim,9,0.1003569482236124,1000000.0,,,1024.0,,100,inf,inf,0.6077057793345009,0.7391304347826086,,,,,,
q,beta_x_dim,9,0.1003569482236124,1000000.0,,,1024.0,,500,inf,inf,0.6553349040727028,0.6971544715447154,,,,,,
q,beta_x_dim,10,0.0940662699861201,1000000.0,,,1024.0,,100,inf,inf,0.7495559502664298,0.8421052631578947,,,,,,
q,beta_x_dim,10,0.0940662699861201,1000000.0,,,1024.0,,500,inf,inf,0.817414782315221,0.8121212121212121,,,,,,
q,beta_x_dim,11,0.0994580435870724,1000000.0,,,1024.0,,100,inf,inf,0.6431159420289855,0.7263157894736842,,,,,,
q,beta_x_dim,11,0.0994580435870724,1000000.0,,,1024.0,,500,inf,inf,0.6622628726287263,0.604040404040404,,,,,,
q,beta_x_dim,12,0.0662617463813111,1000000.0,,,1024.0,,100,inf,inf,0.6948853615520282,0.6559139784946236,,,,,,
q,beta_x_dim,12,0.0662617463813111,1000000.0,,,1024.0,,500,inf,inf,0.8068756319514662,0.6734279918864098,,,,,,
q,beta_x_dim,13,0.0876184035596533,1000000.0,,,1024.0,,100,inf,inf,0.7211703958691911,0.9263157894736842,,,,,,
q,beta_x_dim,13,0.0876184035596533,1000000.0,,,1024.0,,500,inf,inf,0.8047635021804763,0.9131313131313132,,,,,,
q,beta_x_dim,14,0.0975804595166753,1000000.0,,,1024.0,,100,inf,inf,0.404553415061296,0.3870967741935484,,,,,,
q,beta_x_dim,14,0.0975804595166753,1000000.0,,,1024.0,,500,inf,inf,0.3470212049814877,0.281947261663286,,,,,,
q,beta_x_dim,15,0.0830707630274445,1000000.0,,,1024.0,,100,inf,inf,0.6666666666666666,0.6526315789473685,,,,,,
q,beta_x_dim,15,0.0830707630274445,1000000.0,,,1024.0,,500,inf,inf,0.6666666666666666,0.6767676767676768,,,,,,
q,beta_x_dim,16,0.082259425917027,1000000.0,,,1024.0,,100,inf,inf,0.8769771528998243,0.9042553191489362,,,,,,
q,beta_x_dim,16,0.082259425917027,1000000.0,,,1024.0,,500,inf,inf,0.9764230380599528,0.9817813765182186,,,,,,
q,beta_x_dim,17,0.1032670721174316,1000000.0,,,1024.0,,100,inf,inf,0.7606382978723404,0.776595744680851,,,,,,
q,beta_x_dim,17,0.1032670721174316,1000000.0,,,1024.0,,500,inf,inf,0.6845479082321188,0.7651821862348178,,,,,,
q,beta_x_dim,18,0.0759683551193502,1000000.0,,,1024.0,,100,inf,inf,0.4605954465849387,0.5161290322580645,,,,,,
q,beta_x_dim,18,0.0759683551193502,1000000.0,,,1024.0,,500,inf,inf,0.4924267923258162,0.5517241379310345,,,,,,
q,beta_x_dim,19,0.0849126767994121,1000000.0,,,1024.0,,100,inf,inf,0.8861646234676007,0.9574468085106383,,,,,,
q,beta_x_dim,19,0.0849126767994121,1000000.0,,,1024.0,,500,inf,inf,0.9781218444968024,0.9919028340080972,,,,,,
q,beta_x_dim,0,0.0590906245810299,1000000.0,,,2048.0,,100,inf,inf,0.4117647058823529,0.4042553191489361,,,,,,
q,beta_x_dim,0,0.0590906245810299,1000000.0,,,2048.0,,500,inf,inf,0.348556077904634,0.3481781376518219,,,,,,
q,beta_x_dim,1,0.0805526696697304,1000000.0,,,2048.0,,100,inf,inf,0.5690298507462687,0.6559139784946236,,,,,,
q,beta_x_dim,1,0.0805526696697304,1000000.0,,,2048.0,,500,inf,inf,0.648841961852861,0.6997971602434077,,,,,,
q,beta_x_dim,2,0.0738474821944611,1000000.0,,,2048.0,,100,inf,inf,0.5668449197860963,0.5913978494623656,,,,,,
q,beta_x_dim,2,0.0738474821944611,1000000.0,,,2048.0,,500,inf,inf,0.5126646403242148,0.5192697768762677,,,,,,
q,beta_x_dim,3,0.080736234833632,1000000.0,,,2048.0,,100,inf,inf,0.5406360424028268,0.6702127659574468,,,,,,
q,beta_x_dim,3,0.080736234833632,1000000.0,,,2048.0,,500,inf,inf,0.6419420094403236,0.7186234817813765,,,,,,
q,beta_x_dim,4,0.0551585314317101,1000000.0,,,2048.0,,100,inf,inf,0.626970227670753,0.6774193548387096,,,,,,
q,beta_x_dim,4,0.0551585314317101,1000000.0,,,2048.0,,500,inf,inf,0.6590373611578593,0.5618661257606491,,,,,,
q,beta_x_dim,5,0.0692130486304319,1000000.0,,,2048.0,,100,inf,inf,0.6369982547993019,0.7157894736842105,,,,,,
q,beta_x_dim,5,0.0692130486304319,1000000.0,,,2048.0,,500,inf,inf,0.6609485368314834,0.6626262626262627,,,,,,
q,beta_x_dim,6,0.0717343974073521,1000000.0,,,2048.0,,100,inf,inf,0.9201388888888888,0.9893617021276596,,,,,,
q,beta_x_dim,6,0.0717343974073521,1000000.0,,,2048.0,,500,inf,inf,0.984543010752688,0.9979757085020244,,,,,,
q,beta_x_dim,7,0.0622144201339652,1000000.0,,,2048.0,,100,inf,inf,0.7167530224525043,0.5806451612903226,,,,,,
q,beta_x_dim,7,0.0622144201339652,1000000.0,,,2048.0,,500,inf,inf,0.81067472306143,0.6997971602434077,,,,,,
q,beta_x_dim,8,0.0764464426210585,1000000.0,,,2048.0,,100,inf,inf,0.6666666666666666,0.7717391304347826,,,,,,
q,beta_x_dim,8,0.0764464426210585,1000000.0,,,2048.0,,500,inf,inf,0.6666666666666666,0.7296747967479674,,,,,,
q,beta_x_dim,9,0.0611985220808771,1000000.0,,,2048.0,,100,inf,inf,0.6094570928196147,0.7065217391304348,,,,,,
q,beta_x_dim,9,0.0611985220808771,1000000.0,,,2048.0,,500,inf,inf,0.6556714910804443,0.6910569105691057,,,,,,
q,beta_x_dim,10,0.067910613623016,1000000.0,,,2048.0,,100,inf,inf,0.7317939609236235,0.8526315789473684,,,,,,
q,beta_x_dim,10,0.067910613623016,1000000.0,,,2048.0,,500,inf,inf,0.8140398245021937,0.8141414141414142,,,,,,
q,beta_x_dim,11,0.0651762981409896,1000000.0,,,2048.0,,100,inf,inf,0.6721014492753623,0.6736842105263158,,,,,,
q,beta_x_dim,11,0.0651762981409896,1000000.0,,,2048.0,,500,inf,inf,0.6676829268292683,0.593939393939394,,,,,,
q,beta_x_dim,12,0.0581884729454011,1000000.0,,,2048.0,,100,inf,inf,0.63668430335097,0.6129032258064516,,,,,,
q,beta_x_dim,12,0.0581884729454011,1000000.0,,,2048.0,,500,inf,inf,0.7957532861476239,0.665314401622718,,,,,,
q,beta_x_dim,13,0.0452618542833713,1000000.0,,,2048.0,,100,inf,inf,0.6540447504302926,0.7684210526315789,,,,,,
q,beta_x_dim,13,0.0452618542833713,1000000.0,,,2048.0,,500,inf,inf,0.791680644079168,0.8828282828282829,,,,,,
q,beta_x_dim,14,0.0441828211865987,1000000.0,,,2048.0,,100,inf,inf,0.5183887915936952,0.4516129032258064,,,,,,
q,beta_x_dim,14,0.0441828211865987,1000000.0,,,2048.0,,500,inf,inf,0.3688993604846853,0.2941176470588235,,,,,,
q,beta_x_dim,15,0.0586007047122559,1000000.0,,,2048.0,,100,inf,inf,0.6789473684210526,0.7368421052631579,,,,,,
q,beta_x_dim,15,0.0586007047122559,1000000.0,,,2048.0,,500,inf,inf,0.6690235690235691,0.692929292929293,,,,,,
q,beta_x_dim,16,0.0663772188385679,1000000.0,,,2048.0,,100,inf,inf,0.8681898066783831,0.925531914893617,,,,,,
q,beta_x_dim,16,0.0663772188385679,1000000.0,,,2048.0,,500,inf,inf,0.9747389693499496,0.98582995951417,,,,,,
q,beta_x_dim,17,0.0599155119179395,1000000.0,,,2048.0,,100,inf,inf,0.7907801418439716,0.776595744680851,,,,,,
q,beta_x_dim,17,0.0599155119179395,1000000.0,,,2048.0,,500,inf,inf,0.6902834008097166,0.7651821862348178,,,,,,
q,beta_x_dim,18,0.0528569949970827,1000000.0,,,2048.0,,100,inf,inf,0.5236427320490368,0.5483870967741935,,,,,,
q,beta_x_dim,18,0.0528569949970827,1000000.0,,,2048.0,,500,inf,inf,0.5045439246045103,0.5578093306288032,,,,,,
q,beta_x_dim,19,0.0597533003427516,1000000.0,,,2048.0,,100,inf,inf,0.989492119089317,0.9893617021276596,,,,,,
q,beta_x_dim,19,0.0597533003427516,1000000.0,,,2048.0,,500,inf,inf,0.997980477953551,0.9979757085020244,,,,,,
q,beta_x_dim,0,0.0528122944875321,1000000.0,,,4096.0,,100,inf,inf,0.4411764705882353,0.3936170212765957,,,,,,
q,beta_x_dim,0,0.0528122944875321,1000000.0,,,4096.0,,500,inf,inf,0.3542646071188717,0.3461538461538461,,,,,,
q,beta_x_dim,1,0.0332337536226412,1000000.0,,,4096.0,,100,inf,inf,0.8246268656716418,0.8494623655913979,,,,,,
q,beta_x_dim,1,0.0332337536226412,1000000.0,,,4096.0,,500,inf,inf,0.6955040871934605,0.7363083164300203,,,,,,
q,beta_x_dim,2,0.0451743962171918,1000000.0,,,4096.0,,100,inf,inf,0.5383244206773619,0.5913978494623656,,,,,,
q,beta_x_dim,2,0.0451743962171918,1000000.0,,,4096.0,,500,inf,inf,0.5072610604525498,0.5192697768762677,,,,,,
q,beta_x_dim,3,0.0427116544627979,1000000.0,,,4096.0,,100,inf,inf,0.5512367491166078,0.6063829787234043,,,,,,
q,beta_x_dim,3,0.0427116544627979,1000000.0,,,4096.0,,500,inf,inf,0.6439649359406608,0.7064777327935222,,,,,,
q,beta_x_dim,4,0.0400158702661801,1000000.0,,,4096.0,,100,2.8293912824252593e+50,2.8293912824252593e+50,0.5464098073555166,0.5591397849462365,,,,,,
q,beta_x_dim,4,0.0400158702661801,1000000.0,,,4096.0,,500,inf,inf,0.6425445977785258,0.539553752535497,,,,,,
q,beta_x_dim,5,0.0370913464717784,1000000.0,,,4096.0,,100,inf,inf,0.581151832460733,0.6842105263157895,,,,,,
q,beta_x_dim,5,0.0370913464717784,1000000.0,,,4096.0,,500,inf,inf,0.6501849983181971,0.6565656565656566,,,,,,
q,beta_x_dim,6,0.0479492321544804,1000000.0,,,4096.0,,100,inf,inf,0.8159722222222222,0.946808510638298,,,,,,
q,beta_x_dim,6,0.0479492321544804,1000000.0,,,4096.0,,500,inf,inf,0.9643817204301076,0.9898785425101214,,,,,,
q,beta_x_dim,7,0.0385382896527443,1000000.0,,,4096.0,,100,inf,inf,0.6614853195164075,0.5161290322580645,,,,,,
q,beta_x_dim,7,0.0385382896527443,1000000.0,,,4096.0,,500,inf,inf,0.7999328633769721,0.6876267748478702,,,,,,
q,beta_x_dim,8,0.0543835979270181,1000000.0,,,4096.0,,100,inf,inf,0.6648936170212766,0.782608695652174,,,,,,
q,beta_x_dim,8,0.0543835979270181,1000000.0,,,4096.0,,500,inf,inf,0.6663292847503374,0.7317073170731707,,,,,,
q,beta_x_dim,9,0.0376531093771584,1000000.0,,,4096.0,,100,inf,inf,0.5709281961471103,0.6739130434782609,,,,,,
q,beta_x_dim,9,0.0376531093771584,1000000.0,,,4096.0,,500,inf,inf,0.6482665769101312,0.6849593495934959,,,,,,
q,beta_x_dim,10,0.0468377476856461,1000000.0,,,4096.0,,100,inf,inf,0.6483126110124334,0.6947368421052632,,,,,,
q,beta_x_dim,10,0.0468377476856461,1000000.0,,,4096.0,,500,inf,inf,0.7981775227809652,0.7838383838383839,,,,,,
q,beta_x_dim,11,0.0521751382836228,1000000.0,,,4096.0,,100,inf,inf,0.5869565217391305,0.6,,,,,,
q,beta_x_dim,11,0.0521751382836228,1000000.0,,,4096.0,,500,inf,inf,0.6517615176151762,0.5797979797979798,,,,,,
q,beta_x_dim,12,0.0375271207122855,1000000.0,,,4096.0,,100,inf,inf,0.5573192239858906,0.5053763440860215,,,,,,
q,beta_x_dim,12,0.0375271207122855,1000000.0,,,4096.0,,500,inf,inf,0.7805864509605662,0.6450304259634888,,,,,,
q,beta_x_dim,13,0.0361136154477065,1000000.0,,,4096.0,,100,inf,inf,0.6712564543889845,0.7684210526315789,,,,,,
q,beta_x_dim,13,0.0361136154477065,1000000.0,,,4096.0,,500,inf,inf,0.7950352230795035,0.8828282828282829,,,,,,
q,beta_x_dim,14,0.0462079830780834,1000000.0,,,4096.0,,100,2145.8376884372647,1933.4391545741728,0.5691768826619965,0.4301075268817204,,,,,,
q,beta_x_dim,14,0.0462079830780834,1000000.0,,,4096.0,,500,inf,inf,0.3773140356782228,0.2941176470588235,,,,,,
q,beta_x_dim,15,0.0412325635617556,1000000.0,,,4096.0,,100,inf,inf,0.5824561403508772,0.6105263157894737,,,,,,
q,beta_x_dim,15,0.0412325635617556,1000000.0,,,4096.0,,500,inf,inf,0.6505050505050505,0.6686868686868687,,,,,,
q,beta_x_dim,16,0.0479727073439655,1000000.0,,,4096.0,,100,inf,inf,0.6608084358523726,0.8404255319148937,,,,,,
q,beta_x_dim,16,0.0479727073439655,1000000.0,,,4096.0,,500,inf,inf,0.93499494779387,0.9696356275303644,,,,,,
q,beta_x_dim,17,0.0520924933809918,1000000.0,,,4096.0,,100,inf,inf,0.74822695035461,0.8404255319148937,,,,,,
q,beta_x_dim,17,0.0520924933809918,1000000.0,,,4096.0,,500,inf,inf,0.6821862348178138,0.7773279352226721,,,,,,
q,beta_x_dim,18,0.0485882391989239,1000000.0,,,4096.0,,100,inf,inf,0.4623467600700525,0.4946236559139785,,,,,,
q,beta_x_dim,18,0.0485882391989239,1000000.0,,,4096.0,,500,inf,inf,0.4927633793335577,0.5476673427991886,,,,,,
q,beta_x_dim,19,0.0383921864166432,1000000.0,,,4096.0,,100,inf,inf,0.9527145359019265,0.9893617021276596,,,,,,
q,beta_x_dim,19,0.0383921864166432,1000000.0,,,4096.0,,500,inf,inf,0.9909121507909796,0.9979757085020244,,,,,,
q,beta_x_dim,0,0.0288666205536211,1000000.0,,,8192.0,,100,30.239980312936705,30.239980312936705,0.7283737024221453,0.7553191489361702,,,,,,
q,beta_x_dim,0,0.0288666205536211,1000000.0,,,8192.0,,500,inf,inf,0.4157152451309603,0.4291497975708502,,,,,,
q,beta_x_dim,1,0.0271649459742409,1000000.0,,,8192.0,,100,617.4443799767172,509.7454492332948,0.8115671641791045,0.8172043010752689,,,,,,
q,beta_x_dim,1,0.0271649459742409,1000000.0,,,8192.0,,500,inf,inf,0.6716621253405994,0.7099391480730223,,,,,,
q,beta_x_dim,2,0.0371665552410182,1000000.0,,,8192.0,,100,inf,inf,0.6381461675579323,0.6129032258064516,,,,,,
q,beta_x_dim,2,0.0371665552410182,1000000.0,,,8192.0,,500,inf,inf,0.5261735900033773,0.5233265720081136,,,,,,
q,beta_x_dim,3,0.0255351733360245,1000000.0,,,8192.0,,100,inf,inf,0.6289752650176679,0.6382978723404256,,,,,,
q,beta_x_dim,3,0.0255351733360245,1000000.0,,,8192.0,,500,inf,inf,0.6581254214430209,0.7125506072874493,,,,,,
q,beta_x_dim,4,0.0354875706784735,1000000.0,,,8192.0,,100,2.0290193755320893e+42,2.0290193755320893e+42,0.6427320490367776,0.6774193548387096,,,,,,
q,beta_x_dim,4,0.0354875706784735,1000000.0,,,8192.0,,500,inf,inf,0.6613934702120499,0.5618661257606491,,,,,,
q,beta_x_dim,5,0.0246779094967519,1000000.0,,,8192.0,,100,287.031070610887,287.031070610887,0.7137870855148342,0.7157894736842105,,,,,,
q,beta_x_dim,5,0.0246779094967519,1000000.0,,,8192.0,,500,inf,inf,0.6676757484022873,0.6484848484848484,,,,,,
q,beta_x_dim,6,0.0408079366855368,1000000.0,,,8192.0,,100,inf,inf,0.7690972222222222,0.8404255319148937,,,,,,
q,beta_x_dim,6,0.0408079366855368,1000000.0,,,8192.0,,500,inf,inf,0.9553091397849462,0.9696356275303644,,,,,,
q,beta_x_dim,7,0.0315518750860876,1000000.0,,,8192.0,,100,73.24173605072393,73.24173605072393,0.7357512953367875,0.6881720430107527,,,,,,
q,beta_x_dim,7,0.0315518750860876,1000000.0,,,8192.0,,500,inf,inf,0.7851628063108426,0.7363083164300203,,,,,,
q,beta_x_dim,8,0.0397878227234198,1000000.0,,,8192.0,,100,5899.761876220221,5899.761876220221,0.6294326241134752,0.7282608695652174,,,,,,
q,beta_x_dim,8,0.0397878227234198,1000000.0,,,8192.0,,500,inf,inf,0.6538461538461539,0.7113821138211383,,,,,,
q,beta_x_dim,9,0.026488447237678,1000000.0,,,8192.0,,100,1.6684590886397898e+103,1.6684590886397898e+103,0.6322241681260946,0.6847826086956522,,,,,,
q,beta_x_dim,9,0.026488447237678,1000000.0,,,8192.0,,500,inf,inf,0.6587007741501179,0.6869918699186992,,,,,,
q,beta_x_dim,10,0.0346351932663387,1000000.0,,,8192.0,,100,inf,inf,0.6323268206039077,0.7052631578947368,,,,,,
q,beta_x_dim,10,0.0346351932663387,1000000.0,,,8192.0,,500,inf,inf,0.7951400607492406,0.7858585858585858,,,,,,
q,beta_x_dim,11,0.0260555256577383,1000000.0,,,8192.0,,100,50.88126162116383,50.88126162116383,0.6992753623188406,0.7473684210526316,,,,,,
q,beta_x_dim,11,0.0260555256577383,1000000.0,,,8192.0,,500,inf,inf,0.6361788617886179,0.597979797979798,,,,,,
q,beta_x_dim,12,0.0289139126779301,1000000.0,,,8192.0,,100,558.7499178906778,558.7499178906778,0.564373897707231,0.6451612903225806,,,,,,
q,beta_x_dim,12,0.0289139126779301,1000000.0,,,8192.0,,500,inf,inf,0.7492416582406471,0.6835699797160243,,,,,,
q,beta_x_dim,13,0.0282074781210966,1000000.0,,,8192.0,,100,14014.902005638,3526.8487344912865,0.4543889845094664,0.5473684210526316,,,,,,
q,beta_x_dim,13,0.0282074781210966,1000000.0,,,8192.0,,500,inf,inf,0.743710164374371,0.8262626262626263,,,,,,
q,beta_x_dim,14,0.0311863302210941,1000000.0,,,8192.0,,100,143.57610259700317,143.57610259700317,0.7005253940455342,0.6344086021505376,,,,,,
q,beta_x_dim,14,0.0311863302210941,1000000.0,,,8192.0,,500,inf,inf,0.4281386738471895,0.3529411764705882,,,,,,
q,beta_x_dim,15,0.0341092293731739,1000000.0,,,8192.0,,100,151.91229297381855,151.91229297381855,0.7070175438596491,0.6947368421052632,,,,,,
q,beta_x_dim,15,0.0341092293731739,1000000.0,,,8192.0,,500,inf,inf,0.6521885521885522,0.6626262626262627,,,,,,
q,beta_x_dim,8,0.0210305880424345,1000000.0,,,16384.0,,100,55.66513168423705,55.66513168423705,0.8031914893617021,0.7391304347826086,,,,,,
q,beta_x_dim,8,0.0210305880424345,1000000.0,,,16384.0,,500,inf,inf,0.6744264507422402,0.6849593495934959,,,,,,
q,beta_x_dim,9,0.0197283560090542,1000000.0,,,16384.0,,100,281.9147738179014,281.9147738179014,0.7373029772329247,0.6956521739130435,,,,,,
q,beta_x_dim,9,0.0197283560090542,1000000.0,,,16384.0,,500,inf,inf,0.6731740154830024,0.693089430894309,,,,,,
q,beta_x_dim,10,0.0223619354863721,1000000.0,,,16384.0,,100,252.09451190274103,252.09451190274103,0.6163410301953819,0.8105263157894737,,,,,,
q,beta_x_dim,10,0.0223619354863721,1000000.0,,,16384.0,,500,inf,inf,0.7445156935538306,0.7777777777777778,,,,,,
q,beta_x_dim,11,0.0231050851373385,1000000.0,,,16384.0,,100,74.94913813152806,74.94913813152806,0.75,0.6526315789473685,,,,,,
q,beta_x_dim,11,0.0231050851373385,1000000.0,,,16384.0,,500,inf,inf,0.6531165311653117,0.5777777777777777,,,,,,
q,beta_x_dim,0,0.0203569894689093,1000000.0,,,16384.0,,100,5.037217973781204,5.037217973781204,0.8131487889273357,0.8829787234042553,,,,,,
q,beta_x_dim,0,0.0203569894689093,1000000.0,,,16384.0,,500,inf,inf,0.4862323707186031,0.5404858299595142,,,,,,
q,beta_x_dim,1,0.0180762543208998,1000000.0,,,16384.0,,100,32.786498856525206,32.786498856525206,0.7667910447761194,0.8817204301075269,,,,,,
q,beta_x_dim,1,0.0180762543208998,1000000.0,,,16384.0,,500,inf,inf,0.6760899182561307,0.7464503042596349,,,,,,
q,beta_x_dim,2,0.021402928767805,1000000.0,,,16384.0,,100,992.9300068620714,992.9300068620714,0.5739750445632799,0.5268817204301075,,,,,,
q,beta_x_dim,2,0.021402928767805,1000000.0,,,16384.0,,500,inf,inf,0.5109760216143195,0.4969574036511156,,,,,,
q,beta_x_dim,3,0.0187455835272602,1000000.0,,,16384.0,,100,138.37783130463967,138.37783130463967,0.8992932862190812,0.9148936170212766,,,,,,
q,beta_x_dim,3,0.0187455835272602,1000000.0,,,16384.0,,500,inf,inf,0.7097100472016183,0.7651821862348178,,,,,,
q,beta_x_dim,16,0.0268410705717592,1000000.0,,,8192.0,,100,inf,inf,0.7750439367311072,0.8297872340425532,,,,,,
q,beta_x_dim,16,0.0268410705717592,1000000.0,,,8192.0,,500,inf,inf,0.9568878410239138,0.9676113360323888,,,,,,
q,beta_x_dim,17,0.0288385120973422,1000000.0,,,8192.0,,100,402.35920786935145,402.35920786935145,0.7074468085106383,0.8297872340425532,,,,,,
q,beta_x_dim,17,0.0288385120973422,1000000.0,,,8192.0,,500,inf,inf,0.6616059379217274,0.7672064777327935,,,,,,
q,beta_x_dim,18,0.0324697238711532,1000000.0,,,8192.0,,100,1379.7037922577565,1379.7037922577565,0.5183887915936952,0.5376344086021505,,,,,,
q,beta_x_dim,18,0.0324697238711532,1000000.0,,,8192.0,,500,inf,inf,0.4984853584651632,0.5578093306288032,,,,,,
q,beta_x_dim,19,0.0322978173793725,1000000.0,,,8192.0,,100,inf,inf,0.8633975481611208,0.9680851063829788,,,,,,
q,beta_x_dim,19,0.0322978173793725,1000000.0,,,8192.0,,500,inf,inf,0.973746213396163,0.9939271255060728,,,,,,
q,beta_x_dim,4,0.0230212539981229,1000000.0,,,16384.0,,100,20.37776299538257,20.37776299538257,0.861646234676007,0.9247311827956988,,,,,,
q,beta_x_dim,4,0.0230212539981229,1000000.0,,,16384.0,,500,inf,inf,0.6906765398855604,0.6186612576064908,,,,,,
q,beta_x_dim,5,0.018059158472521,1000000.0,,,16384.0,,100,39.5259145482352,39.5259145482352,0.7137870855148342,0.6947368421052632,,,,,,
q,beta_x_dim,5,0.018059158472521,1000000.0,,,16384.0,,500,inf,inf,0.6562394887319206,0.6323232323232323,,,,,,
q,beta_x_dim,6,0.0210804508573937,1000000.0,,,16384.0,,100,425.1768228057381,425.1768228057381,0.6076388888888888,0.6382978723404256,,,,,,
q,beta_x_dim,6,0.0210804508573937,1000000.0,,,16384.0,,500,inf,inf,0.9059139784946236,0.917004048582996,,,,,,
q,beta_x_dim,7,0.0214313098777888,1000000.0,,,16384.0,,100,13.35408331788217,13.35408331788217,0.7944732297063903,0.6774193548387096,,,,,,
q,beta_x_dim,7,0.0214313098777888,1000000.0,,,16384.0,,500,inf,inf,0.743202416918429,0.6774847870182555,,,,,,
q,beta_x_dim,12,0.0269907621139558,1000000.0,,,16384.0,,100,62.67595654772198,62.67595654772198,0.783068783068783,0.956989247311828,,,,,,
q,beta_x_dim,12,0.0269907621139558,1000000.0,,,16384.0,,500,inf,inf,0.7677789012470508,0.718052738336714,,,,,,
q,beta_x_dim,13,0.0258307931405904,1000000.0,,,16384.0,,100,408.17913069059256,408.17913069059256,0.6987951807228916,0.8210526315789474,,,,,,
q,beta_x_dim,13,0.0258307931405904,1000000.0,,,16384.0,,500,inf,inf,0.7698758805769876,0.8727272727272727,,,,,,
q,beta_x_dim,14,0.0206594191617385,1000000.0,,,16384.0,,100,4.839828196746087,4.839828196746087,0.87215411558669,0.8279569892473119,,,,,,
q,beta_x_dim,14,0.0206594191617385,1000000.0,,,16384.0,,500,inf,inf,0.5365196903399528,0.5030425963488844,,,,,,
q,beta_x_dim,15,0.0269255670457066,1000000.0,,,16384.0,,100,18.99291690749279,18.99291690749279,0.7087719298245614,0.7578947368421053,,,,,,
q,beta_x_dim,15,0.0269255670457066,1000000.0,,,16384.0,,500,inf,inf,0.667003367003367,0.6787878787878788,,,,,,
q,beta_x_dim,16,0.0165846560209867,1000000.0,,,16384.0,,100,657.72857865649,657.72857865649,0.7539543057996485,0.8085106382978723,,,,,,
q,beta_x_dim,16,0.0165846560209867,1000000.0,,,16384.0,,500,inf,inf,0.904008083529808,0.9291497975708504,,,,,,
q,beta_x_dim,17,0.0198970173937805,1000000.0,,,16384.0,,100,6.814945895322111,6.814945895322111,0.9592198581560284,0.9787234042553192,,,,,,
q,beta_x_dim,17,0.0198970173937805,1000000.0,,,16384.0,,500,inf,inf,0.671727395411606,0.7510121457489879,,,,,,
q,beta_x_dim,18,0.0208652858105288,1000000.0,,,16384.0,,100,86.1236627847995,86.1236627847995,0.5761821366024519,0.5376344086021505,,,,,,
q,beta_x_dim,18,0.0208652858105288,1000000.0,,,16384.0,,500,inf,inf,0.4994951194883877,0.5578093306288032,,,,,,
q,beta_x_dim,19,0.0214653212215956,1000000.0,,,16384.0,,100,982.1102736459916,884.0136603295947,0.9404553415061296,1.0,,,,,,
q,beta_x_dim,19,0.0214653212215956,1000000.0,,,16384.0,,500,inf,inf,0.9653315382026254,0.9878542510121456,,,,,,
q,overlap,0,0.0,50.0,,,,0.0,100,3.028879302924281e-08,3.028879302924281e-08,1.0,1.0,,,,,,
q,overlap,0,0.0,50.0,,,,0.0,500,2.2809529198752898e-07,2.2809529198752898e-07,1.0,1.0,,,,,,
q,overlap,1,0.0,50.0,,,,0.0,100,3.0527475880504085e-08,2.9526304734517346e-08,1.0,1.0,,,,,,
q,overlap,1,0.0,50.0,,,,0.0,500,3.0726483357668144e-07,3.0726483357668144e-07,1.0,1.0,,,,,,
q,overlap,2,0.0,50.0,,,,0.0,100,2.982463576106653e-08,2.982463576106653e-08,1.0,1.0,,,,,,
q,overlap,2,0.0,50.0,,,,0.0,500,2.796233458113307e-07,2.796233458113307e-07,1.0,1.0,,,,,,
q,overlap,3,0.0,50.0,,,,0.0,100,4.947605212191064e-07,4.429138493189378e-07,1.0,1.0,,,,,,
q,overlap,3,0.0,50.0,,,,0.0,500,4.947605212191064e-07,1.6835340410636945e-07,1.0,1.0,,,,,,
q,overlap,4,0.0,50.0,,,,0.0,100,4.642266082655056e-08,4.332028824549639e-08,1.0,1.0,,,,,,
q,overlap,4,0.0,50.0,,,,0.0,500,2.7742166475164254e-07,2.534606005077933e-07,1.0,1.0,,,,,,
q,overlap,5,0.0,50.0,,,,0.0,100,1.4096427492282793e-05,5.977061780182424e-06,1.0,1.0,,,,,,
q,overlap,5,0.0,50.0,,,,0.0,500,1.4096427492282793e-05,1.6483028026925697e-06,1.0,1.0,,,,,,
q,overlap,6,0.0,50.0,,,,0.0,100,4.64761786833634e-08,4.405826659059642e-08,1.0,1.0,,,,,,
q,overlap,6,0.0,50.0,,,,0.0,500,2.597709372054169e-07,2.597709372054169e-07,1.0,1.0,,,,,,
q,overlap,7,0.0,50.0,,,,0.0,100,2.138913469292014e-06,1.2507661981131513e-06,1.0,1.0,,,,,,
q,overlap,7,0.0,50.0,,,,0.0,500,2.138913469292014e-06,3.2575240704879604e-07,1.0,1.0,,,,,,
q,overlap,8,0.0,50.0,,,,0.0,100,2.673443588729896e-08,2.673443588729896e-08,1.0,1.0,,,,,,
q,overlap,8,0.0,50.0,,,,0.0,500,1.8455463890454385e-07,1.834504774755885e-07,1.0,1.0,,,,,,
q,overlap,9,0.0,50.0,,,,0.0,100,2.183110338463412e-05,1.024031946983417e-05,1.0,1.0,,,,,,
q,overlap,9,0.0,50.0,,,,0.0,500,2.183110338463412e-05,2.136320355727861e-06,1.0,1.0,,,,,,
q,overlap,10,0.0,50.0,,,,0.0,100,2.500992850565376e-05,2.3697334459060748e-05,1.0,1.0,,,,,,
q,overlap,10,0.0,50.0,,,,0.0,500,2.500992850565376e-05,5.624877030818709e-06,1.0,1.0,,,,,,
q,overlap,11,0.0,50.0,,,,0.0,100,7.182443351308465e-06,6.4607041576625335e-06,1.0,1.0,,,,,,
q,overlap,11,0.0,50.0,,,,0.0,500,7.182443351308465e-06,2.410628469728948e-06,1.0,1.0,,,,,,
q,overlap,12,0.0,50.0,,,,0.0,100,3.279982063730813e-08,3.279982063730813e-08,1.0,1.0,,,,,,
q,overlap,12,0.0,50.0,,,,0.0,500,2.337195317281271e-07,2.323051733199577e-07,1.0,1.0,,,,,,
q,overlap,13,0.0,50.0,,,,0.0,100,4.58466848929362e-08,4.58466848929362e-08,1.0,1.0,,,,,,
q,overlap,13,0.0,50.0,,,,0.0,500,2.44146739711848e-05,7.547016205089463e-06,1.0,1.0,,,,,,
q,overlap,14,0.0,50.0,,,,0.0,100,1.580745818546836e-07,1.183234092927421e-07,1.0,1.0,,,,,,
q,overlap,14,0.0,50.0,,,,0.0,500,2.505869689528595e-07,2.505869689528595e-07,1.0,1.0,,,,,,
q,overlap,15,0.0,50.0,,,,0.0,100,2.5669270931061305e-08,2.5669270931061305e-08,1.0,1.0,,,,,,
q,overlap,15,0.0,50.0,,,,0.0,500,1.937316445044246e-07,1.937316445044246e-07,1.0,1.0,,,,,,
q,overlap,16,0.0,50.0,,,,0.0,100,2.5020789440333153e-08,2.4337187598533205e-08,1.0,1.0,,,,,,
q,overlap,16,0.0,50.0,,,,0.0,500,2.276912147713972e-07,2.276912147713972e-07,1.0,1.0,,,,,,
q,overlap,17,0.0,50.0,,,,0.0,100,2.953205169298201e-08,2.8584952960208912e-08,1.0,1.0,,,,,,
q,overlap,17,0.0,50.0,,,,0.0,500,2.9474774221327493e-07,2.9474774221327493e-07,1.0,1.0,,,,,,
q,overlap,18,0.0,50.0,,,,0.0,100,1.6576325786513135e-05,1.4917911233286452e-05,1.0,1.0,,,,,,
q,overlap,18,0.0,50.0,,,,0.0,500,1.6576325786513135e-05,7.828847059743183e-06,1.0,1.0,,,,,,
q,overlap,19,0.0,50.0,,,,0.0,100,2.5587251595848848e-06,1.1611252107579515e-06,1.0,1.0,,,,,,
q,overlap,19,0.0,50.0,,,,0.0,500,2.5587251595848848e-06,1.884561144915864e-07,1.0,1.0,,,,,,
q,overlap,8,0.0079178329307117,50.0,,,,0.01,100,1.3620471148102888,1.3620471148102888,0.6294326241134752,0.6086956521739131,,,,,,
q,overlap,8,0.0079178329307117,50.0,,,,0.01,500,79.17629866905801,53.2558608566902,0.2277327935222672,0.5,,,,,,
q,overlap,9,0.0077484400821544,50.0,,,,0.01,100,1.370739166526928,1.370739166526928,0.9509632224168126,0.967391304347826,,,,,,
q,overlap,9,0.0077484400821544,50.0,,,,0.01,500,inf,inf,0.8101649276337933,0.7439024390243902,,,,,,
q,overlap,10,0.0081580017704116,50.0,,,,0.01,100,7.260694524159395,7.260694524159395,0.905861456483126,0.9157894736842104,,,,,,
q,overlap,10,0.0081580017704116,50.0,,,,0.01,500,inf,inf,0.8417144785690179,0.8202020202020202,,,,,,
q,overlap,11,0.0078606183115473,50.0,,,,0.01,100,0.6390673827833967,0.6390673827833967,0.7626811594202898,0.8421052631578947,,,,,,
q,overlap,11,0.0078606183115473,50.0,,,,0.01,500,inf,inf,0.7012195121951219,0.6727272727272727,,,,,,
q,overlap,0,0.0071499159294601,50.0,,,,0.01,100,0.8696476333367447,0.8696476333367447,0.8788927335640139,0.7978723404255319,,,,,,
q,overlap,0,0.0071499159294601,50.0,,,,0.01,500,inf,inf,0.544660846205507,0.4838056680161943,,,,,,
q,overlap,1,0.0076474998535643,50.0,,,,0.01,100,0.7941144748355862,0.7941144748355862,0.8805970149253731,0.913978494623656,,,,,,
q,overlap,1,0.0076474998535643,50.0,,,,0.01,500,inf,inf,0.7799727520435967,0.8052738336713996,,,,,,
q,overlap,2,0.0072430303669642,50.0,,,,0.01,100,0.8917054044678652,0.845866176358927,0.946524064171123,0.956989247311828,,,,,,
q,overlap,2,0.0072430303669642,50.0,,,,0.01,500,5.882114888413561,5.475878009191262,0.916919959473151,0.9411764705882352,,,,,,
q,overlap,3,0.0076389864764262,50.0,,,,0.01,100,1.651801279516613,1.651801279516613,0.8780918727915195,0.8723404255319149,,,,,,
q,overlap,3,0.0076389864764262,50.0,,,,0.01,500,inf,inf,0.729602157788267,0.7672064777327935,,,,,,
q,overlap,4,0.0074202515544787,50.0,,,,0.01,100,1.5905518990113798,1.5260023089889496,0.6409807355516638,0.5698924731182796,,,,,,
q,overlap,4,0.0074202515544787,50.0,,,,0.01,500,9.60093709051865,9.60093709051865,0.29148434870414,0.40973630831643,,,,,,
q,overlap,5,0.0073033739853102,50.0,,,,0.01,100,0.5892917130974323,0.5892917130974323,0.9319371727748692,0.9473684210526316,,,,,,
q,overlap,5,0.0073033739853102,50.0,,,,0.01,500,6.292261515879847,5.98204778453429,0.5842583249243188,0.6444444444444445,,,,,,
q,overlap,6,0.0072584402922898,50.0,,,,0.01,100,2.383103731499647,2.2956430500469347,0.3993055555555556,0.4468085106382978,,,,,,
q,overlap,6,0.0072584402922898,50.0,,,,0.01,500,14.151004503242268,14.151004503242268,0.0853494623655913,0.1842105263157894,,,,,,
q,overlap,7,0.0074515421355509,50.0,,,,0.01,100,1.948772110380496,1.948772110380496,0.9309153713298792,0.8817204301075269,,,,,,
q,overlap,7,0.0074515421355509,50.0,,,,0.01,500,16.60947248935357,16.60947248935357,0.8919100369251427,0.9127789046653144,,,,,,
q,overlap,12,0.007601899583286,50.0,,,,0.01,100,0.8628214735803476,0.8628214735803476,0.7583774250440917,0.8064516129032258,,,,,,
q,overlap,12,0.007601899583286,50.0,,,,0.01,500,4.073608855159412,4.037092206859897,0.2527805864509606,0.2393509127789046,,,,,,
q,overlap,13,0.0082982143797098,50.0,,,,0.01,100,2.614062663915841,2.5826872557594647,0.4767641996557659,0.5157894736842106,,,,,,
q,overlap,13,0.0082982143797098,50.0,,,,0.01,500,inf,inf,0.4485072123448507,0.4202020202020202,,,,,,
q,overlap,14,0.0066457606560603,50.0,,,,0.01,100,0.8535311977077701,0.8535311977077701,0.6409807355516638,0.6774193548387096,,,,,,
q,overlap,14,0.0066457606560603,50.0,,,,0.01,500,5.099357975142588,5.099357975142588,0.7250084146751935,0.5841784989858012,,,,,,
q,overlap,15,0.0074795606462085,50.0,,,,0.01,100,1.0375112103446786,1.0375112103446786,0.7543859649122807,0.8421052631578947,,,,,,
q,overlap,15,0.0074795606462085,50.0,,,,0.01,500,8.624730361116425,7.687438574627297,0.9397306397306396,0.9636363636363636,,,,,,
q,overlap,16,0.0064711291777964,50.0,,,,0.01,100,0.6710144116834046,0.5582295003558466,0.648506151142355,0.7553191489361702,,,,,,
q,overlap,16,0.0064711291777964,50.0,,,,0.01,500,28.92248785914549,26.39058600264871,0.7484001347254968,0.8724696356275303,,,,,,
q,overlap,17,0.0068023885942039,50.0,,,,0.01,100,2.143537349169016,2.143537349169016,0.7039007092198581,0.7978723404255319,,,,,,
q,overlap,17,0.0068023885942039,50.0,,,,0.01,500,inf,inf,0.7112010796221323,0.7672064777327935,,,,,,
q,overlap,18,0.0073061725894156,50.0,,,,0.01,100,3.200149314163315,3.200149314163315,0.7110332749562172,0.7311827956989247,,,,,,
q,overlap,18,0.0073061725894156,50.0,,,,0.01,500,inf,inf,0.5499831706496129,0.6085192697768763,,,,,,
q,overlap,19,0.007431227084423,50.0,,,,0.01,100,3.114306139481754,2.994759804623905,0.7408056042031523,0.7446808510638298,,,,,,
q,overlap,19,0.007431227084423,50.0,,,,0.01,500,inf,inf,0.9279703803433188,0.9352226720647774,,,,,,
q,overlap,0,0.0214497477883804,50.0,,,,0.03,100,4.644413544113303,4.644413544113303,0.4636678200692041,0.3617021276595745,,,,,,
q,overlap,0,0.0214497477883804,50.0,,,,0.03,500,inf,inf,0.3593015446608462,0.3380566801619433,,,,,,
q,overlap,1,0.022942499560693,50.0,,,,0.03,100,4.265598923339983,4.265598923339983,0.5746268656716418,0.5483870967741935,,,,,,
q,overlap,1,0.022942499560693,50.0,,,,0.03,500,inf,inf,0.6413487738419619,0.6795131845841785,,,,,,
q,overlap,2,0.0217290911008926,50.0,,,,0.03,100,3.283731476591634,3.283731476591634,0.7540106951871658,0.8172043010752689,,,,,,
q,overlap,2,0.0217290911008926,50.0,,,,0.03,500,11.3445342453398,11.226844620185418,0.4633569739952718,0.5679513184584178,,,,,,
q,overlap,3,0.0229169594292788,50.0,,,,0.03,100,inf,inf,0.8021201413427562,0.7872340425531915,,,,,,
q,overlap,3,0.0229169594292788,50.0,,,,0.03,500,inf,inf,0.6918408631153068,0.7408906882591093,,,,,,
q,overlap,8,0.0237534987921352,50.0,,,,0.03,100,3.650230233442128,3.650230233442128,0.2375886524822695,0.4565217391304347,,,,,,
q,overlap,8,0.0237534987921352,50.0,,,,0.03,500,inf,inf,0.5323886639676113,0.6280487804878049,,,,,,
q,overlap,9,0.0232453202464632,50.0,,,,0.03,100,33.7611013312534,4.470367754069767,0.658493870402802,0.5978260869565217,,,,,,
q,overlap,9,0.0232453202464632,50.0,,,,0.03,500,inf,inf,0.6411982497475598,0.6361788617886179,,,,,,
q,overlap,10,0.024474005311235,50.0,,,,0.03,100,inf,inf,0.7797513321492007,0.7578947368421053,,,,,,
q,overlap,10,0.024474005311235,50.0,,,,0.03,500,inf,inf,0.8231522105973675,0.795959595959596,,,,,,
q,overlap,11,0.0235818549346421,50.0,,,,0.03,100,inf,inf,0.5362318840579711,0.6105263157894737,,,,,,
q,overlap,11,0.0235818549346421,50.0,,,,0.03,500,inf,inf,0.6422764227642277,0.5818181818181818,,,,,,
q,overlap,4,0.0222607546634363,50.0,,,,0.03,100,4.193955825404588,3.780811695598346,0.2697022767075306,0.3440860215053763,,,,,,
q,overlap,4,0.0222607546634363,50.0,,,,0.03,500,inf,inf,0.4547290474587681,0.4807302231237322,,,,,,
q,overlap,5,0.0219101219559308,50.0,,,,0.03,100,2.093878036124272,1.994861412736528,0.6457242582897034,0.4947368421052631,,,,,,
q,overlap,5,0.0219101219559308,50.0,,,,0.03,500,inf,inf,0.5960309451732257,0.4929292929292929,,,,,,
q,overlap,6,0.0217753208768694,50.0,,,,0.03,100,3.516834961633845,3.3521303078184577,0.140625,0.2340425531914893,,,,,,
q,overlap,6,0.0217753208768694,50.0,,,,0.03,500,inf,inf,0.6989247311827957,0.7672064777327935,,,,,,
q,overlap,7,0.0223546264066528,50.0,,,,0.03,100,6.032450125554581,6.032450125554581,0.8151986183074266,0.8387096774193549,,,,,,
q,overlap,7,0.0223546264066528,50.0,,,,0.03,500,29.40263273326204,9.011393251545623,0.6532393420610944,0.563894523326572,,,,,,
q,overlap,12,0.0228056987498581,50.0,,,,0.03,100,1.3322824654570753,1.249157071079938,0.4938271604938271,0.4086021505376344,,,,,,
q,overlap,12,0.0228056987498581,50.0,,,,0.03,500,inf,inf,0.448938321536906,0.3935091277890467,,,,,,
q,overlap,13,0.0248946431391296,50.0,,,,0.03,100,inf,inf,0.4165232358003442,0.3263157894736842,,,,,,
q,overlap,13,0.0248946431391296,50.0,,,,0.03,500,inf,inf,0.7453874538745388,0.797979797979798,,,,,,
q,overlap,14,0.0199372819681809,50.0,,,,0.03,100,2.05340004156742,2.05340004156742,0.4518388791593695,0.2688172043010752,,,,,,
q,overlap,14,0.0199372819681809,50.0,,,,0.03,500,9.735728812966824,9.735728812966824,0.5934028946482666,0.5030425963488844,,,,,,
q,overlap,15,0.0224386819386255,50.0,,,,0.03,100,inf,inf,0.4964912280701754,0.6210526315789474,,,,,,
q,overlap,15,0.0224386819386255,50.0,,,,0.03,500,inf,inf,0.634006734006734,0.6707070707070707,,,,,,
q,overlap,16,0.0194133875333894,50.0,,,,0.03,100,2.0564875345933977,1.8518792371637427,0.671353251318102,0.7659574468085106,,,,,,
q,overlap,16,0.0194133875333894,50.0,,,,0.03,500,inf,inf,0.8777366116537555,0.945344129554656,,,,,,
q,overlap,17,0.0204071657826119,50.0,,,,0.03,100,inf,inf,0.4113475177304964,0.7978723404255319,,,,,,
q,overlap,17,0.0204071657826119,50.0,,,,0.03,500,inf,inf,0.6180836707152496,0.7692307692307693,,,,,,
q,overlap,18,0.0219185177682467,50.0,,,,0.03,100,inf,inf,0.5394045534150613,0.5913978494623656,,,,,,
q,overlap,18,0.0219185177682467,50.0,,,,0.03,500,inf,inf,0.5075732076741838,0.565922920892495,,,,,,
q,overlap,19,0.0222936812532691,50.0,,,,0.03,100,inf,inf,0.7863397548161121,0.851063829787234,,,,,,
q,overlap,19,0.0222936812532691,50.0,,,,0.03,500,inf,inf,0.9589363850555368,0.97165991902834,,,,,,
q,overlap,0,0.0714991592946016,50.0,,,,0.1,100,inf,inf,0.3304498269896194,0.3191489361702128,,,,,,
q,overlap,0,0.0714991592946016,50.0,,,,0.1,500,inf,inf,0.3327736736064473,0.3319838056680162,,,,,,
q,overlap,1,0.0764749985356433,50.0,,,,0.1,100,inf,inf,0.6343283582089553,0.6989247311827957,,,,,,
q,overlap,1,0.0764749985356433,50.0,,,,0.1,500,inf,inf,0.6607629427792916,0.7079107505070994,,,,,,
q,overlap,2,0.072430303669642,50.0,,,,0.1,100,inf,inf,0.5828877005347594,0.5913978494623656,,,,,,
q,overlap,2,0.072430303669642,50.0,,,,0.1,500,inf,inf,0.5157041540020263,0.5192697768762677,,,,,,
q,overlap,3,0.0763898647642627,50.0,,,,0.1,100,inf,inf,0.5742049469964664,0.7553191489361702,,,,,,
q,overlap,3,0.0763898647642627,50.0,,,,0.1,500,inf,inf,0.648347943358058,0.7348178137651822,,,,,,
q,overlap,4,0.0742025155447878,50.0,,,,0.1,100,inf,inf,0.563922942206655,0.4516129032258064,,,,,,
q,overlap,4,0.0742025155447878,50.0,,,,0.1,500,inf,inf,0.6469202288791652,0.5192697768762677,,,,,,
q,overlap,5,0.0730337398531029,50.0,,,,0.1,100,inf,inf,0.5951134380453752,0.6736842105263158,,,,,,
q,overlap,5,0.0730337398531029,50.0,,,,0.1,500,inf,inf,0.6528758829465187,0.6545454545454545,,,,,,
q,overlap,6,0.072584402922898,50.0,,,,0.1,100,inf,inf,0.8871527777777778,0.9148936170212766,,,,,,
q,overlap,6,0.072584402922898,50.0,,,,0.1,500,inf,inf,0.9781586021505376,0.9838056680161944,,,,,,
q,overlap,7,0.0745154213555096,50.0,,,,0.1,100,inf,inf,0.5803108808290155,0.6129032258064516,,,,,,
q,overlap,7,0.0745154213555096,50.0,,,,0.1,500,inf,inf,0.7841557569654246,0.7058823529411765,,,,,,
q,overlap,8,0.0791783293071176,50.0,,,,0.1,100,inf,inf,0.5088652482269503,0.6847826086956522,,,,,,
q,overlap,8,0.0791783293071176,50.0,,,,0.1,500,inf,inf,0.6366396761133604,0.7134146341463414,,,,,,
q,overlap,9,0.0774844008215442,50.0,,,,0.1,100,inf,inf,0.6637478108581436,0.75,,,,,,
q,overlap,9,0.0774844008215442,50.0,,,,0.1,500,inf,inf,0.6661056883204308,0.6991869918699187,,,,,,
q,overlap,10,0.0815800177041169,50.0,,,,0.1,100,inf,inf,0.7602131438721137,0.7578947368421053,,,,,,
q,overlap,10,0.0815800177041169,50.0,,,,0.1,500,inf,inf,0.8194397570030375,0.795959595959596,,,,,,
q,overlap,11,0.0786061831154739,50.0,,,,0.1,100,inf,inf,0.5670289855072463,0.6,,,,,,
q,overlap,11,0.0786061831154739,50.0,,,,0.1,500,inf,inf,0.6480352303523035,0.5797979797979798,,,,,,
q,overlap,12,0.0760189958328605,50.0,,,,0.1,100,inf,inf,0.7248677248677249,0.6774193548387096,,,,,,
q,overlap,12,0.0760189958328605,50.0,,,,0.1,500,inf,inf,0.8126053252443546,0.6774847870182555,,,,,,
q,overlap,13,0.0829821437970988,50.0,,,,0.1,100,inf,inf,0.729776247848537,0.8947368421052632,,,,,,
q,overlap,13,0.0829821437970988,50.0,,,,0.1,500,inf,inf,0.8064407916806441,0.907070707070707,,,,,,
q,overlap,14,0.066457606560603,50.0,,,,0.1,100,inf,inf,0.3835376532399299,0.2580645161290322,,,,,,
q,overlap,14,0.066457606560603,50.0,,,,0.1,500,inf,inf,0.3429821608885897,0.2576064908722109,,,,,,
q,overlap,15,0.074795606462085,50.0,,,,0.1,100,inf,inf,0.624561403508772,0.5368421052631579,,,,,,
q,overlap,15,0.074795606462085,50.0,,,,0.1,500,inf,inf,0.6585858585858586,0.6545454545454545,,,,,,
q,overlap,16,0.0647112917779649,50.0,,,,0.1,100,inf,inf,0.8295254833040422,0.8617021276595744,,,,,,
q,overlap,16,0.0647112917779649,50.0,,,,0.1,500,inf,inf,0.9673290670259348,0.9736842105263158,,,,,,
q,overlap,17,0.0680238859420396,50.0,,,,0.1,100,inf,inf,0.7624113475177305,0.7872340425531915,,,,,,
q,overlap,17,0.0680238859420396,50.0,,,,0.1,500,inf,inf,0.684885290148448,0.7672064777327935,,,,,,
q,overlap,18,0.073061725894156,50.0,,,,0.1,100,inf,inf,0.4973730297723292,0.5483870967741935,,,,,,
q,overlap,18,0.073061725894156,50.0,,,,0.1,500,inf,inf,0.4994951194883877,0.5578093306288032,,,,,,
q,overlap,19,0.0743122708442305,50.0,,,,0.1,100,inf,inf,0.9422066549912436,0.946808510638298,,,,,,
q,overlap,19,0.0743122708442305,50.0,,,,0.1,500,inf,inf,0.9888926287445304,0.9898785425101214,,,,,,
q,overlap,0,0.1429983185892032,50.0,,,,0.2,100,inf,inf,0.3494809688581315,0.2978723404255319,,,,,,
q,overlap,0,0.1429983185892032,50.0,,,,0.2,500,inf,inf,0.3364674278038952,0.3279352226720647,,,,,,
q,overlap,1,0.1529499970712867,50.0,,,,0.2,100,inf,inf,0.6623134328358209,0.7634408602150538,,,,,,
q,overlap,1,0.1529499970712867,50.0,,,,0.2,500,inf,inf,0.6658719346049047,0.7200811359026369,,,,,,
q,overlap,2,0.1448606073392841,50.0,,,,0.2,100,inf,inf,0.4937611408199643,0.5483870967741935,,,,,,
q,overlap,2,0.1448606073392841,50.0,,,,0.2,500,inf,inf,0.4988179669030733,0.5111561866125761,,,,,,
q,overlap,3,0.1527797295285254,50.0,,,,0.2,100,inf,inf,0.6166077738515902,0.7446808510638298,,,,,,
q,overlap,3,0.1527797295285254,50.0,,,,0.2,500,inf,inf,0.6564396493594066,0.7327935222672065,,,,,,
q,overlap,4,0.1484050310895756,50.0,,,,0.2,100,inf,inf,0.6322241681260946,0.4838709677419355,,,,,,
q,overlap,4,0.1484050310895756,50.0,,,,0.2,500,inf,inf,0.6600471221810839,0.5253549695740365,,,,,,
q,overlap,5,0.1460674797062058,50.0,,,,0.2,100,inf,inf,0.6457242582897034,0.7052631578947368,,,,,,
q,overlap,5,0.1460674797062058,50.0,,,,0.2,500,inf,inf,0.6626303397241843,0.6606060606060606,,,,,,
q,overlap,6,0.1451688058457961,50.0,,,,0.2,100,inf,inf,0.9548611111111112,0.946808510638298,,,,,,
q,overlap,6,0.1451688058457961,50.0,,,,0.2,500,inf,inf,0.991263440860215,0.9898785425101214,,,,,,
q,overlap,7,0.1490308427110192,50.0,,,,0.2,100,inf,inf,0.7495682210708118,0.5806451612903226,,,,,,
q,overlap,7,0.1490308427110192,50.0,,,,0.2,500,inf,inf,0.8170527022490769,0.6997971602434077,,,,,,
q,overlap,8,0.1583566586142352,50.0,,,,0.2,100,inf,inf,0.6187943262411347,0.7391304347826086,,,,,,
q,overlap,8,0.1583566586142352,50.0,,,,0.2,500,inf,inf,0.6575573549257759,0.7235772357723578,,,,,,
q,overlap,9,0.1549688016430885,50.0,,,,0.2,100,inf,inf,0.6952714535901926,0.75,,,,,,
q,overlap,9,0.1549688016430885,50.0,,,,0.2,500,inf,inf,0.6721642544597779,0.6991869918699187,,,,,,
q,overlap,10,0.1631600354082339,50.0,,,,0.2,100,inf,inf,0.7566607460035524,0.7473684210526316,,,,,,
q,overlap,10,0.1631600354082339,50.0,,,,0.2,500,inf,inf,0.818764765440432,0.793939393939394,,,,,,
q,overlap,11,0.1572123662309478,50.0,,,,0.2,100,inf,inf,0.6268115942028986,0.5789473684210527,,,,,,
q,overlap,11,0.1572123662309478,50.0,,,,0.2,500,inf,inf,0.6592140921409214,0.5757575757575758,,,,,,
q,overlap,12,0.152037991665721,50.0,,,,0.2,100,inf,inf,0.800705467372134,0.6881720430107527,,,,,,
q,overlap,12,0.152037991665721,50.0,,,,0.2,500,inf,inf,0.8270980788675429,0.6795131845841785,,,,,,
q,overlap,13,0.1659642875941976,50.0,,,,0.2,100,inf,inf,0.7882960413080895,0.9263157894736842,,,,,,
q,overlap,13,0.1659642875941976,50.0,,,,0.2,500,inf,inf,0.8178463602817846,0.9131313131313132,,,,,,
q,overlap,14,0.132915213121206,50.0,,,,0.2,100,inf,inf,0.4413309982486865,0.4731182795698925,,,,,,
q,overlap,14,0.132915213121206,50.0,,,,0.2,500,inf,inf,0.3540895321440592,0.2981744421906693,,,,,,
q,overlap,15,0.1495912129241701,50.0,,,,0.2,100,inf,inf,0.6385964912280702,0.5578947368421052,,,,,,
q,overlap,15,0.1495912129241701,50.0,,,,0.2,500,inf,inf,0.6612794612794612,0.6585858585858586,,,,,,
q,overlap,16,0.1294225835559299,50.0,,,,0.2,100,inf,inf,0.9472759226713532,0.9680851063829788,,,,,,
q,overlap,16,0.1294225835559299,50.0,,,,0.2,500,inf,inf,0.9898955877399798,0.9939271255060728,,,,,,
q,overlap,17,0.1360477718840793,50.0,,,,0.2,100,inf,inf,0.8014184397163121,0.8297872340425532,,,,,,
q,overlap,17,0.1360477718840793,50.0,,,,0.2,500,inf,inf,0.6923076923076923,0.7753036437246964,,,,,,
q,overlap,18,0.146123451788312,50.0,,,,0.2,100,inf,inf,0.4991243432574431,0.5376344086021505,,,,,,
q,overlap,18,0.146123451788312,50.0,,,,0.2,500,inf,inf,0.4998317064961292,0.5557809330628803,,,,,,
q,overlap,19,0.148624541688461,50.0,,,,0.2,100,inf,inf,0.9754816112084064,0.9680851063829788,,,,,,
q,overlap,19,0.148624541688461,50.0,,,,0.2,500,inf,inf,0.995287781891619,0.9939271255060728,,,,,,
q,overlap,0,0.2144974778838047,50.0,,,,0.3,100,inf,inf,0.3494809688581315,0.3404255319148936,,,,,,
q,overlap,0,0.2144974778838047,50.0,,,,0.3,500,inf,inf,0.3364674278038952,0.3360323886639676,,,,,,
q,overlap,1,0.2294249956069301,50.0,,,,0.3,100,inf,inf,0.7332089552238806,0.7956989247311828,,,,,,
q,overlap,1,0.2294249956069301,50.0,,,,0.3,500,inf,inf,0.6788147138964578,0.7261663286004056,,,,,,
q,overlap,2,0.2172909110089262,50.0,,,,0.3,100,inf,inf,0.5115864527629234,0.5483870967741935,,,,,,
q,overlap,2,0.2172909110089262,50.0,,,,0.3,500,inf,inf,0.5021952043228639,0.5111561866125761,,,,,,
q,overlap,3,0.2291695942927881,50.0,,,,0.3,100,inf,inf,0.6236749116607774,0.7553191489361702,,,,,,
q,overlap,3,0.2291695942927881,50.0,,,,0.3,500,inf,inf,0.657788267026298,0.7348178137651822,,,,,,
q,overlap,8,0.2375349879213528,50.0,,,,0.3,100,inf,inf,0.6418439716312057,0.7717391304347826,,,,,,
q,overlap,8,0.2375349879213528,50.0,,,,0.3,500,inf,inf,0.6619433198380567,0.7296747967479674,,,,,,
q,overlap,9,0.2324532024646327,50.0,,,,0.3,100,inf,inf,0.7075306479859895,0.7391304347826086,,,,,,
q,overlap,9,0.2324532024646327,50.0,,,,0.3,500,inf,inf,0.6745203635139684,0.6971544715447154,,,,,,
q,overlap,10,0.2447400531123509,50.0,,,,0.3,100,inf,inf,0.7531083481349912,0.7368421052631579,,,,,,
q,overlap,10,0.2447400531123509,50.0,,,,0.3,500,inf,inf,0.8180897738778266,0.7919191919191919,,,,,,
q,overlap,11,0.2358185493464217,50.0,,,,0.3,100,inf,inf,0.6195652173913043,0.6105263157894737,,,,,,
q,overlap,11,0.2358185493464217,50.0,,,,0.3,500,inf,inf,0.657859078590786,0.5818181818181818,,,,,,
q,overlap,4,0.2226075466343633,50.0,,,,0.3,100,inf,inf,0.647985989492119,0.4838709677419355,,,,,,
q,overlap,4,0.2226075466343633,50.0,,,,0.3,500,inf,inf,0.6630764052507573,0.5253549695740365,,,,,,
q,overlap,5,0.2191012195593087,50.0,,,,0.3,100,inf,inf,0.6527050610820244,0.6947368421052632,,,,,,
q,overlap,5,0.2191012195593087,50.0,,,,0.3,500,inf,inf,0.6639757820383451,0.6585858585858586,,,,,,
q,overlap,6,0.2177532087686941,50.0,,,,0.3,100,inf,inf,0.9704861111111112,0.9787234042553192,,,,,,
q,overlap,6,0.2177532087686941,50.0,,,,0.3,500,inf,inf,0.994287634408602,0.9959514170040484,,,,,,
q,overlap,7,0.2235462640665287,50.0,,,,0.3,100,inf,inf,0.7892918825561313,0.6129032258064516,,,,,,
q,overlap,7,0.2235462640665287,50.0,,,,0.3,500,inf,inf,0.824773413897281,0.7058823529411765,,,,,,
q,overlap,0,0.3574957964730079,50.0,,,,0.5,100,inf,inf,0.3408304498269896,0.3404255319148936,,,,,,
q,overlap,0,0.3574957964730079,50.0,,,,0.5,500,inf,inf,0.3347884486232371,0.3360323886639676,,,,,,
q,overlap,1,0.3823749926782168,50.0,,,,0.5,100,inf,inf,0.7276119402985075,0.7956989247311828,,,,,,
q,overlap,1,0.3823749926782168,50.0,,,,0.5,500,inf,inf,0.6777929155313351,0.7261663286004056,,,,,,
q,overlap,2,0.3621515183482103,50.0,,,,0.5,100,inf,inf,0.5098039215686274,0.5376344086021505,,,,,,
q,overlap,2,0.3621515183482103,50.0,,,,0.5,500,inf,inf,0.5018574805808849,0.5091277890466531,,,,,,
q,overlap,3,0.3819493238213134,50.0,,,,0.5,100,inf,inf,0.6254416961130742,0.7659574468085106,,,,,,
q,overlap,3,0.3819493238213134,50.0,,,,0.5,500,inf,inf,0.6581254214430209,0.7368421052631579,,,,,,
q,overlap,16,0.1941338753338949,50.0,,,,0.3,100,inf,inf,0.9595782073813708,0.9893617021276596,,,,,,
q,overlap,16,0.1941338753338949,50.0,,,,0.3,500,inf,inf,0.9922532839339844,0.9979757085020244,,,,,,
q,overlap,17,0.204071657826119,50.0,,,,0.3,100,inf,inf,0.8156028368794326,0.8297872340425532,,,,,,
q,overlap,17,0.204071657826119,50.0,,,,0.3,500,inf,inf,0.6950067476383266,0.7753036437246964,,,,,,
q,overlap,18,0.2191851776824679,50.0,,,,0.3,100,inf,inf,0.4938704028021016,0.5483870967741935,,,,,,
q,overlap,18,0.2191851776824679,50.0,,,,0.3,500,inf,inf,0.4988219454729047,0.5578093306288032,,,,,,
q,overlap,19,0.2229368125326915,50.0,,,,0.3,100,inf,inf,0.9842381786339754,0.9787234042553192,,,,,,
q,overlap,19,0.2229368125326915,50.0,,,,0.3,500,inf,inf,0.9969707169303264,0.9959514170040484,,,,,,
q,overlap,12,0.2280569874985814,50.0,,,,0.3,100,inf,inf,0.8059964726631393,0.7204301075268817,,,,,,
q,overlap,12,0.2280569874985814,50.0,,,,0.3,500,inf,inf,0.8281092012133469,0.6855983772819473,,,,,,
q,overlap,13,0.2489464313912963,50.0,,,,0.3,100,inf,inf,0.8003442340791739,0.9473684210526316,,,,,,
q,overlap,13,0.2489464313912963,50.0,,,,0.3,500,inf,inf,0.8201945655820194,0.9171717171717172,,,,,,
q,overlap,14,0.199372819681809,50.0,,,,0.3,100,inf,inf,0.4658493870402802,0.4623655913978494,,,,,,
q,overlap,14,0.199372819681809,50.0,,,,0.3,500,inf,inf,0.3588017502524402,0.2961460446247465,,,,,,
q,overlap,15,0.2243868193862552,50.0,,,,0.3,100,inf,inf,0.656140350877193,0.5263157894736842,,,,,,
q,overlap,15,0.2243868193862552,50.0,,,,0.3,500,inf,inf,0.6646464646464646,0.6525252525252525,,,,,,
q,overlap,12,0.3800949791643023,50.0,,,,0.5,100,inf,inf,0.8130511463844797,0.7204301075268817,,,,,,
q,overlap,12,0.3800949791643023,50.0,,,,0.5,500,inf,inf,0.8294573643410853,0.6855983772819473,,,,,,
q,overlap,13,0.4149107189854938,50.0,,,,0.5,100,inf,inf,0.8141135972461274,0.9473684210526316,,,,,,
q,overlap,13,0.4149107189854938,50.0,,,,0.5,500,inf,inf,0.8228782287822878,0.9171717171717172,,,,,,
q,overlap,14,0.332288032803015,50.0,,,,0.5,100,inf,inf,0.4833625218914185,0.4623655913978494,,,,,,
q,overlap,14,0.332288032803015,50.0,,,,0.5,500,inf,inf,0.3621676203298553,0.2961460446247465,,,,,,
q,overlap,15,0.3739780323104254,50.0,,,,0.5,100,inf,inf,0.6649122807017543,0.5578947368421052,,,,,,
q,overlap,15,0.3739780323104254,50.0,,,,0.5,500,inf,inf,0.6663299663299663,0.6585858585858586,,,,,,
q,overlap,8,0.3958916465355881,50.0,,,,0.5,100,inf,inf,0.6382978723404256,0.75,,,,,,
q,overlap,8,0.3958916465355881,50.0,,,,0.5,500,inf,inf,0.6612685560053981,0.725609756097561,,,,,,
q,overlap,9,0.3874220041077212,50.0,,,,0.5,100,inf,inf,0.7215411558669002,0.7391304347826086,,,,,,
q,overlap,9,0.3874220041077212,50.0,,,,0.5,500,inf,inf,0.6772130595759004,0.6971544715447154,,,,,,
q,overlap,10,0.4079000885205849,50.0,,,,0.5,100,inf,inf,0.7513321492007105,0.7473684210526316,,,,,,
q,overlap,10,0.4079000885205849,50.0,,,,0.5,500,inf,inf,0.8177522780965238,0.793939393939394,,,,,,
q,overlap,11,0.3930309155773696,50.0,,,,0.5,100,inf,inf,0.6322463768115942,0.6210526315789474,,,,,,
q,overlap,11,0.3930309155773696,50.0,,,,0.5,500,inf,inf,0.660230352303523,0.5838383838383838,,,,,,
q,overlap,4,0.3710125777239388,50.0,,,,0.5,100,inf,inf,0.658493870402802,0.4946236559139785,,,,,,
q,overlap,4,0.3710125777239388,50.0,,,,0.5,500,inf,inf,0.6650959272972063,0.5273833671399595,,,,,,
q,overlap,5,0.3651686992655145,50.0,,,,0.5,100,inf,inf,0.6509598603839442,0.6947368421052632,,,,,,
q,overlap,5,0.3651686992655145,50.0,,,,0.5,500,inf,inf,0.6636394214598049,0.6585858585858586,,,,,,
q,overlap,6,0.3629220146144902,50.0,,,,0.5,100,inf,inf,0.984375,0.9893617021276596,,,,,,
q,overlap,6,0.3629220146144902,50.0,,,,0.5,500,inf,inf,0.9969758064516128,0.9979757085020244,,,,,,
q,overlap,7,0.3725771067775481,50.0,,,,0.5,100,inf,inf,0.7927461139896373,0.6129032258064516,,,,,,
q,overlap,7,0.3725771067775481,50.0,,,,0.5,500,inf,inf,0.8254447801275596,0.7058823529411765,,,,,,
q,overlap,16,0.3235564588898249,50.0,,,,0.5,100,inf,inf,0.968365553602812,0.9787234042553192,,,,,,
q,overlap,16,0.3235564588898249,50.0,,,,0.5,500,inf,inf,0.993937352643988,0.9959514170040484,,,,,,
q,overlap,17,0.3401194297101984,50.0,,,,0.5,100,inf,inf,0.8156028368794326,0.8404255319148937,,,,,,
q,overlap,17,0.3401194297101984,50.0,,,,0.5,500,inf,inf,0.6950067476383266,0.7773279352226721,,,,,,
q,overlap,18,0.3653086294707799,50.0,,,,0.5,100,inf,inf,0.5131348511383538,0.5591397849462365,,,,,,
q,overlap,18,0.3653086294707799,50.0,,,,0.5,500,inf,inf,0.5025244025580613,0.5598377281947262,,,,,,
q,overlap,19,0.3715613542211524,50.0,,,,0.5,100,inf,inf,0.9912434325744308,0.9680851063829788,,,,,,
q,overlap,19,0.3715613542211524,50.0,,,,0.5,500,inf,inf,0.9983170649612924,0.9939271255060728,,,,,,
q,dual_x_dim,0,0.475488624112919,50.0,,0.0,32.0,,100,3.028879302924281e-08,3.028879302924281e-08,1.0,1.0,,,,,,
q,dual_x_dim,0,0.475488624112919,50.0,,0.0,32.0,,500,2.2809529198752898e-07,2.2809529198752898e-07,1.0,1.0,,,,,,
q,dual_x_dim,1,0.4081277900492999,50.0,,0.0,32.0,,100,3.0527475880504085e-08,2.9526304734517342e-08,1.0,1.0,,,,,,
q,dual_x_dim,1,0.4081277900492999,50.0,,0.0,32.0,,500,3.0726483357668144e-07,3.0726483357668144e-07,1.0,1.0,,,,,,
q,dual_x_dim,2,0.4730093470080129,50.0,,0.0,32.0,,100,2.982463576106653e-08,2.982463576106653e-08,1.0,1.0,,,,,,
q,dual_x_dim,2,0.4730093470080129,50.0,,0.0,32.0,,500,2.796233458113307e-07,2.796233458113307e-07,1.0,1.0,,,,,,
q,dual_x_dim,3,0.4466934199958885,50.0,,0.0,32.0,,100,4.947605212191064e-07,4.429138493189378e-07,1.0,1.0,,,,,,
q,dual_x_dim,3,0.4466934199958885,50.0,,0.0,32.0,,500,4.947605212191064e-07,1.6835340410636945e-07,1.0,1.0,,,,,,
q,dual_x_dim,8,0.4959463421379046,50.0,,0.0,24.0,,100,2.673443588729896e-08,2.673443588729896e-08,1.0,1.0,,,,,,
q,dual_x_dim,8,0.4959463421379046,50.0,,0.0,24.0,,500,1.8455463890454385e-07,1.834504774755885e-07,1.0,1.0,,,,,,
q,dual_x_dim,9,0.5641386095086601,50.0,,0.0,24.0,,100,2.183110338463412e-05,1.024031946983417e-05,1.0,1.0,,,,,,
q,dual_x_dim,9,0.5641386095086601,50.0,,0.0,24.0,,500,2.183110338463412e-05,2.136320355727861e-06,1.0,1.0,,,,,,
q,dual_x_dim,10,0.5394950538589948,50.0,,0.0,24.0,,100,2.500992850565376e-05,2.3697334459060748e-05,1.0,1.0,,,,,,
q,dual_x_dim,10,0.5394950538589948,50.0,,0.0,24.0,,500,2.500992850565376e-05,5.624877030818709e-06,1.0,1.0,,,,,,
q,dual_x_dim,11,0.4323375414471957,50.0,,0.0,24.0,,100,7.182443351308465e-06,6.4607041576625335e-06,1.0,1.0,,,,,,
q,dual_x_dim,11,0.4323375414471957,50.0,,0.0,24.0,,500,7.182443351308465e-06,2.410628469728948e-06,1.0,1.0,,,,,,
q,dual_x_dim,8,0.4385564417708694,50.0,,0.0,32.0,,100,2.673443588729896e-08,2.673443588729896e-08,1.0,1.0,,,,,,
q,dual_x_dim,8,0.4385564417708694,50.0,,0.0,32.0,,500,1.8455463890454385e-07,1.834504774755885e-07,1.0,1.0,,,,,,
q,dual_x_dim,9,0.4168672354707817,50.0,,0.0,32.0,,100,2.183110338463412e-05,1.024031946983417e-05,1.0,1.0,,,,,,
q,dual_x_dim,9,0.4168672354707817,50.0,,0.0,32.0,,500,2.183110338463412e-05,2.136320355727861e-06,1.0,1.0,,,,,,
q,dual_x_dim,10,0.4462354434217582,50.0,,0.0,32.0,,100,2.500992850565376e-05,2.3697334459060748e-05,1.0,1.0,,,,,,
q,dual_x_dim,10,0.4462354434217582,50.0,,0.0,32.0,,500,2.500992850565376e-05,5.624877030818709e-06,1.0,1.0,,,,,,
q,dual_x_dim,11,0.3453439906042841,50.0,,0.0,32.0,,100,7.182443351308465e-06,6.4607041576625335e-06,1.0,1.0,,,,,,
q,dual_x_dim,11,0.3453439906042841,50.0,,0.0,32.0,,500,7.182443351308465e-06,2.410628469728948e-06,1.0,1.0,,,,,,
q,dual_x_dim,0,0.5421668878304189,50.0,,0.0,24.0,,100,3.028879302924281e-08,3.028879302924281e-08,1.0,1.0,,,,,,
q,dual_x_dim,0,0.5421668878304189,50.0,,0.0,24.0,,500,2.2809529198752898e-07,2.2809529198752898e-07,1.0,1.0,,,,,,
q,dual_x_dim,1,0.5678731396400899,50.0,,0.0,24.0,,100,3.0527475880504085e-08,2.9526304734517342e-08,1.0,1.0,,,,,,
q,dual_x_dim,1,0.5678731396400899,50.0,,0.0,24.0,,500,3.0726483357668144e-07,3.0726483357668144e-07,1.0,1.0,,,,,,
q,dual_x_dim,2,0.5162001740529778,50.0,,0.0,24.0,,100,2.982463576106653e-08,2.982463576106653e-08,1.0,1.0,,,,,,
q,dual_x_dim,2,0.5162001740529778,50.0,,0.0,24.0,,500,2.796233458113307e-07,2.796233458113307e-07,1.0,1.0,,,,,,
q,dual_x_dim,3,0.6063246315124409,50.0,,0.0,24.0,,100,4.947605212191064e-07,4.429138493189378e-07,1.0,1.0,,,,,,
q,dual_x_dim,3,0.6063246315124409,50.0,,0.0,24.0,,500,4.947605212191064e-07,1.6835340410636945e-07,1.0,1.0,,,,,,
q,dual_x_dim,0,0.5824868497238714,50.0,,0.0,16.0,,100,3.028879302924281e-08,3.028879302924281e-08,1.0,1.0,,,,,,
q,dual_x_dim,0,0.5824868497238714,50.0,,0.0,16.0,,500,2.2809529198752898e-07,2.2809529198752898e-07,1.0,1.0,,,,,,
q,dual_x_dim,1,0.7171173891637045,50.0,,0.0,16.0,,100,3.0527475880504085e-08,2.9526304734517342e-08,1.0,1.0,,,,,,
q,dual_x_dim,1,0.7171173891637045,50.0,,0.0,16.0,,500,3.0726483357668144e-07,3.0726483357668144e-07,1.0,1.0,,,,,,
q,dual_x_dim,2,0.5337551337145325,50.0,,0.0,16.0,,100,2.982463576106653e-08,2.982463576106653e-08,1.0,1.0,,,,,,
q,dual_x_dim,2,0.5337551337145325,50.0,,0.0,16.0,,500,2.796233458113307e-07,2.796233458113307e-07,1.0,1.0,,,,,,
q,dual_x_dim,3,0.6316069804967541,50.0,,0.0,16.0,,100,4.947605212191064e-07,4.429138493189378e-07,1.0,1.0,,,,,,
q,dual_x_dim,3,0.6316069804967541,50.0,,0.0,16.0,,500,4.947605212191064e-07,1.6835340410636945e-07,1.0,1.0,,,,,,
q,dual_x_dim,4,0.5533154376476055,50.0,,0.0,32.0,,100,4.642266082655056e-08,4.332028824549639e-08,1.0,1.0,,,,,,
q,dual_x_dim,4,0.5533154376476055,50.0,,0.0,32.0,,500,2.7742166475164254e-07,2.534606005077933e-07,1.0,1.0,,,,,,
q,dual_x_dim,5,0.3734272198299829,50.0,,0.0,32.0,,100,1.4096427492282793e-05,5.977061780182424e-06,1.0,1.0,,,,,,
q,dual_x_dim,5,0.3734272198299829,50.0,,0.0,32.0,,500,1.4096427492282793e-05,1.6483028026925697e-06,1.0,1.0,,,,,,
q,dual_x_dim,6,0.4297836233635966,50.0,,0.0,32.0,,100,4.64761786833634e-08,4.4058266590596424e-08,1.0,1.0,,,,,,
q,dual_x_dim,6,0.4297836233635966,50.0,,0.0,32.0,,500,2.597709372054169e-07,2.597709372054169e-07,1.0,1.0,,,,,,
q,dual_x_dim,7,0.4400890544880544,50.0,,0.0,32.0,,100,2.138913469292014e-06,1.2507661981131513e-06,1.0,1.0,,,,,,
q,dual_x_dim,7,0.4400890544880544,50.0,,0.0,32.0,,500,2.138913469292014e-06,3.2575240704879604e-07,1.0,1.0,,,,,,
q,dual_x_dim,16,0.597152494276281,50.0,,0.0,16.0,,100,2.502078944033315e-08,2.4337187598533205e-08,1.0,1.0,,,,,,
q,dual_x_dim,16,0.597152494276281,50.0,,0.0,16.0,,500,2.276912147713972e-07,2.276912147713972e-07,1.0,1.0,,,,,,
q,dual_x_dim,17,0.7668002575527149,50.0,,0.0,16.0,,100,2.9532051692982012e-08,2.8584952960208912e-08,1.0,1.0,,,,,,
q,dual_x_dim,17,0.7668002575527149,50.0,,0.0,16.0,,500,2.9474774221327493e-07,2.9474774221327493e-07,1.0,1.0,,,,,,
q,dual_x_dim,18,0.6186314551596767,50.0,,0.0,16.0,,100,1.6576325786513135e-05,1.4917911233286452e-05,1.0,1.0,,,,,,
q,dual_x_dim,18,0.6186314551596767,50.0,,0.0,16.0,,500,1.6576325786513135e-05,7.828847059743183e-06,1.0,1.0,,,,,,
q,dual_x_dim,19,0.6570521997836933,50.0,,0.0,16.0,,100,2.5587251595848848e-06,1.1611252107579515e-06,1.0,1.0,,,,,,
q,dual_x_dim,19,0.6570521997836933,50.0,,0.0,16.0,,500,2.5587251595848848e-06,1.884561144915864e-07,1.0,1.0,,,,,,
q,dual_x_dim,12,0.5218634903299535,50.0,,0.0,32.0,,100,3.279982063730813e-08,3.279982063730813e-08,1.0,1.0,,,,,,
q,dual_x_dim,12,0.5218634903299535,50.0,,0.0,32.0,,500,2.337195317281271e-07,2.323051733199577e-07,1.0,1.0,,,,,,
q,dual_x_dim,13,0.4206226488705533,50.0,,0.0,32.0,,100,4.58466848929362e-08,4.58466848929362e-08,1.0,1.0,,,,,,
q,dual_x_dim,13,0.4206226488705533,50.0,,0.0,32.0,,500,2.44146739711848e-05,7.547016205089463e-06,1.0,1.0,,,,,,
q,dual_x_dim,14,0.4990514455594063,50.0,,0.0,32.0,,100,1.580745818546836e-07,1.183234092927421e-07,1.0,1.0,,,,,,
q,dual_x_dim,14,0.4990514455594063,50.0,,0.0,32.0,,500,2.505869689528595e-07,2.505869689528595e-07,1.0,1.0,,,,,,
q,dual_x_dim,15,0.4726710863089248,50.0,,0.0,32.0,,100,2.5669270931061305e-08,2.5669270931061305e-08,1.0,1.0,,,,,,
q,dual_x_dim,15,0.4726710863089248,50.0,,0.0,32.0,,500,1.937316445044246e-07,1.937316445044246e-07,1.0,1.0,,,,,,
q,dual_x_dim,12,0.5855076028423207,50.0,,0.0,16.0,,100,3.279982063730813e-08,3.279982063730813e-08,1.0,1.0,,,,,,
q,dual_x_dim,12,0.5855076028423207,50.0,,0.0,16.0,,500,2.337195317281271e-07,2.323051733199577e-07,1.0,1.0,,,,,,
q,dual_x_dim,13,0.7023461508614937,50.0,,0.0,16.0,,100,4.58466848929362e-08,4.58466848929362e-08,1.0,1.0,,,,,,
q,dual_x_dim,13,0.7023461508614937,50.0,,0.0,16.0,,500,2.44146739711848e-05,7.547016205089463e-06,1.0,1.0,,,,,,
q,dual_x_dim,14,0.6812192772386215,50.0,,0.0,16.0,,100,1.580745818546836e-07,1.183234092927421e-07,1.0,1.0,,,,,,
q,dual_x_dim,14,0.6812192772386215,50.0,,0.0,16.0,,500,2.505869689528595e-07,2.505869689528595e-07,1.0,1.0,,,,,,
q,dual_x_dim,15,0.7863103197713137,50.0,,0.0,16.0,,100,2.5669270931061305e-08,2.5669270931061305e-08,1.0,1.0,,,,,,
q,dual_x_dim,15,0.7863103197713137,50.0,,0.0,16.0,,500,1.937316445044246e-07,1.937316445044246e-07,1.0,1.0,,,,,,
q,dual_x_dim,16,0.4514587337877777,50.0,,0.0,32.0,,100,2.502078944033315e-08,2.4337187598533205e-08,1.0,1.0,,,,,,
q,dual_x_dim,16,0.4514587337877777,50.0,,0.0,32.0,,500,2.276912147713972e-07,2.276912147713972e-07,1.0,1.0,,,,,,
q,dual_x_dim,17,0.4502359836938825,50.0,,0.0,32.0,,100,2.9532051692982012e-08,2.8584952960208912e-08,1.0,1.0,,,,,,
q,dual_x_dim,17,0.4502359836938825,50.0,,0.0,32.0,,500,2.9474774221327493e-07,2.9474774221327493e-07,1.0,1.0,,,,,,
q,dual_x_dim,18,0.5626601659757056,50.0,,0.0,32.0,,100,1.6576325786513135e-05,1.4917911233286452e-05,1.0,1.0,,,,,,
q,dual_x_dim,18,0.5626601659757056,50.0,,0.0,32.0,,500,1.6576325786513135e-05,7.828847059743183e-06,1.0,1.0,,,,,,
q,dual_x_dim,19,0.4107705136378998,50.0,,0.0,32.0,,100,2.5587251595848848e-06,1.1611252107579515e-06,1.0,1.0,,,,,,
q,dual_x_dim,19,0.4107705136378998,50.0,,0.0,32.0,,500,2.5587251595848848e-06,1.884561144915864e-07,1.0,1.0,,,,,,
q,dual_x_dim,12,0.6063071845964549,50.0,,0.0,24.0,,100,3.279982063730813e-08,3.279982063730813e-08,1.0,1.0,,,,,,
q,dual_x_dim,12,0.6063071845964549,50.0,,0.0,24.0,,500,2.337195317281271e-07,2.323051733199577e-07,1.0,1.0,,,,,,
q,dual_x_dim,13,0.6143260030494101,50.0,,0.0,24.0,,100,4.58466848929362e-08,4.58466848929362e-08,1.0,1.0,,,,,,
q,dual_x_dim,13,0.6143260030494101,50.0,,0.0,24.0,,500,2.44146739711848e-05,7.547016205089463e-06,1.0,1.0,,,,,,
q,dual_x_dim,14,0.6899588145802447,50.0,,0.0,24.0,,100,1.580745818546836e-07,1.183234092927421e-07,1.0,1.0,,,,,,
q,dual_x_dim,14,0.6899588145802447,50.0,,0.0,24.0,,500,2.505869689528595e-07,2.505869689528595e-07,1.0,1.0,,,,,,
q,dual_x_dim,15,0.640572464930069,50.0,,0.0,24.0,,100,2.5669270931061305e-08,2.5669270931061305e-08,1.0,1.0,,,,,,
q,dual_x_dim,15,0.640572464930069,50.0,,0.0,24.0,,500,1.937316445044246e-07,1.937316445044246e-07,1.0,1.0,,,,,,
q,dual_x_dim,8,0.5503838769727527,50.0,,0.0,16.0,,100,2.673443588729896e-08,2.673443588729896e-08,1.0,1.0,,,,,,
q,dual_x_dim,8,0.5503838769727527,50.0,,0.0,16.0,,500,1.8455463890454385e-07,1.834504774755885e-07,1.0,1.0,,,,,,
q,dual_x_dim,9,0.5859552892639311,50.0,,0.0,16.0,,100,2.183110338463412e-05,1.024031946983417e-05,1.0,1.0,,,,,,
q,dual_x_dim,9,0.5859552892639311,50.0,,0.0,16.0,,500,2.183110338463412e-05,2.136320355727861e-06,1.0,1.0,,,,,,
q,dual_x_dim,10,0.6786980429492779,50.0,,0.0,16.0,,100,2.500992850565376e-05,2.3697334459060748e-05,1.0,1.0,,,,,,
q,dual_x_dim,10,0.6786980429492779,50.0,,0.0,16.0,,500,2.500992850565376e-05,5.624877030818709e-06,1.0,1.0,,,,,,
q,dual_x_dim,11,0.6685670290921756,50.0,,0.0,16.0,,100,7.182443351308465e-06,6.4607041576625335e-06,1.0,1.0,,,,,,
q,dual_x_dim,11,0.6685670290921756,50.0,,0.0,16.0,,500,7.182443351308465e-06,2.410628469728948e-06,1.0,1.0,,,,,,
q,dual_x_dim,16,0.5596173010815712,50.0,,0.0,24.0,,100,2.502078944033315e-08,2.4337187598533205e-08,1.0,1.0,,,,,,
q,dual_x_dim,16,0.5596173010815712,50.0,,0.0,24.0,,500,2.276912147713972e-07,2.276912147713972e-07,1.0,1.0,,,,,,
q,dual_x_dim,17,0.5485645062802906,50.0,,0.0,24.0,,100,2.9532051692982012e-08,2.8584952960208912e-08,1.0,1.0,,,,,,
q,dual_x_dim,17,0.5485645062802906,50.0,,0.0,24.0,,500,2.9474774221327493e-07,2.9474774221327493e-07,1.0,1.0,,,,,,
q,dual_x_dim,18,0.4947893552771776,50.0,,0.0,24.0,,100,1.6576325786513135e-05,1.4917911233286452e-05,1.0,1.0,,,,,,
q,dual_x_dim,18,0.4947893552771776,50.0,,0.0,24.0,,500,1.6576325786513135e-05,7.828847059743183e-06,1.0,1.0,,,,,,
q,dual_x_dim,19,0.4921353463804619,50.0,,0.0,24.0,,100,2.5587251595848848e-06,1.1611252107579515e-06,1.0,1.0,,,,,,
q,dual_x_dim,19,0.4921353463804619,50.0,,0.0,24.0,,500,2.5587251595848848e-06,1.884561144915864e-07,1.0,1.0,,,,,,
q,dual_x_dim,4,0.5650160744942002,50.0,,0.0,24.0,,100,4.642266082655056e-08,4.332028824549639e-08,1.0,1.0,,,,,,
q,dual_x_dim,4,0.5650160744942002,50.0,,0.0,24.0,,500,2.7742166475164254e-07,2.534606005077933e-07,1.0,1.0,,,,,,
q,dual_x_dim,5,0.44867717946593,50.0,,0.0,24.0,,100,1.4096427492282793e-05,5.977061780182424e-06,1.0,1.0,,,,,,
q,dual_x_dim,5,0.44867717946593,50.0,,0.0,24.0,,500,1.4096427492282793e-05,1.6483028026925697e-06,1.0,1.0,,,,,,
q,dual_x_dim,6,0.4733353937396358,50.0,,0.0,24.0,,100,4.64761786833634e-08,4.4058266590596424e-08,1.0,1.0,,,,,,
q,dual_x_dim,6,0.4733353937396358,50.0,,0.0,24.0,,500,2.597709372054169e-07,2.597709372054169e-07,1.0,1.0,,,,,,
q,dual_x_dim,7,0.4848911240174937,50.0,,0.0,24.0,,100,2.138913469292014e-06,1.2507661981131513e-06,1.0,1.0,,,,,,
q,dual_x_dim,7,0.4848911240174937,50.0,,0.0,24.0,,500,2.138913469292014e-06,3.2575240704879604e-07,1.0,1.0,,,,,,
q,dual_x_dim,0,0.3221759901052828,50.0,,0.0,64.0,,100,3.028879302924281e-08,3.028879302924281e-08,1.0,1.0,,,,,,
q,dual_x_dim,0,0.3221759901052828,50.0,,0.0,64.0,,500,2.2809529198752898e-07,2.2809529198752898e-07,1.0,1.0,,,,,,
q,dual_x_dim,1,0.2955807837596712,50.0,,0.0,64.0,,100,3.0527475880504085e-08,2.9526304734517342e-08,1.0,1.0,,,,,,
q,dual_x_dim,1,0.2955807837596712,50.0,,0.0,64.0,,500,3.0726483357668144e-07,3.0726483357668144e-07,1.0,1.0,,,,,,
q,dual_x_dim,2,0.3180382777636512,50.0,,0.0,64.0,,100,2.982463576106653e-08,2.982463576106653e-08,1.0,1.0,,,,,,
q,dual_x_dim,2,0.3180382777636512,50.0,,0.0,64.0,,500,2.796233458113307e-07,2.796233458113307e-07,1.0,1.0,,,,,,
q,dual_x_dim,3,0.3669287418772428,50.0,,0.0,64.0,,100,4.947605212191064e-07,4.429138493189378e-07,1.0,1.0,,,,,,
q,dual_x_dim,3,0.3669287418772428,50.0,,0.0,64.0,,500,4.947605212191064e-07,1.6835340410636945e-07,1.0,1.0,,,,,,
q,dual_x_dim,4,0.6300742150314218,50.0,,0.0,16.0,,100,4.642266082655056e-08,4.332028824549639e-08,1.0,1.0,,,,,,
q,dual_x_dim,4,0.6300742150314218,50.0,,0.0,16.0,,500,2.7742166475164254e-07,2.534606005077933e-07,1.0,1.0,,,,,,
q,dual_x_dim,5,0.6298305822462573,50.0,,0.0,16.0,,100,1.4096427492282793e-05,5.977061780182424e-06,1.0,1.0,,,,,,
q,dual_x_dim,5,0.6298305822462573,50.0,,0.0,16.0,,500,1.4096427492282793e-05,1.6483028026925697e-06,1.0,1.0,,,,,,
q,dual_x_dim,6,0.5379516056751762,50.0,,0.0,16.0,,100,4.64761786833634e-08,4.4058266590596424e-08,1.0,1.0,,,,,,
q,dual_x_dim,6,0.5379516056751762,50.0,,0.0,16.0,,500,2.597709372054169e-07,2.597709372054169e-07,1.0,1.0,,,,,,
q,dual_x_dim,7,0.5504159944126669,50.0,,0.0,16.0,,100,2.138913469292014e-06,1.2507661981131513e-06,1.0,1.0,,,,,,
q,dual_x_dim,7,0.5504159944126669,50.0,,0.0,16.0,,500,2.138913469292014e-06,3.2575240704879604e-07,1.0,1.0,,,,,,
q,dual_x_dim,4,0.4116536270898129,50.0,,0.0,64.0,,100,4.642266082655056e-08,4.332028824549639e-08,1.0,1.0,,,,,,
q,dual_x_dim,4,0.4116536270898129,50.0,,0.0,64.0,,500,2.7742166475164254e-07,2.534606005077933e-07,1.0,1.0,,,,,,
q,dual_x_dim,5,0.2934330069333181,50.0,,0.0,64.0,,100,1.4096427492282793e-05,5.977061780182424e-06,1.0,1.0,,,,,,
q,dual_x_dim,5,0.2934330069333181,50.0,,0.0,64.0,,500,1.4096427492282793e-05,1.6483028026925697e-06,1.0,1.0,,,,,,
q,dual_x_dim,6,0.4216337928389128,50.0,,0.0,64.0,,100,4.64761786833634e-08,4.4058266590596424e-08,1.0,1.0,,,,,,
q,dual_x_dim,6,0.4216337928389128,50.0,,0.0,64.0,,500,2.597709372054169e-07,2.597709372054169e-07,1.0,1.0,,,,,,
q,dual_x_dim,7,0.348135709032997,50.0,,0.0,64.0,,100,2.138913469292014e-06,1.2507661981131513e-06,1.0,1.0,,,,,,
q,dual_x_dim,7,0.348135709032997,50.0,,0.0,64.0,,500,2.138913469292014e-06,3.2575240704879604e-07,1.0,1.0,,,,,,
q,dual_x_dim,8,0.3115759651311149,50.0,,0.0,64.0,,100,2.673443588729896e-08,2.673443588729896e-08,1.0,1.0,,,,,,
q,dual_x_dim,8,0.3115759651311149,50.0,,0.0,64.0,,500,1.8455463890454385e-07,1.834504774755885e-07,1.0,1.0,,,,,,
q,dual_x_dim,9,0.3456124348675807,50.0,,0.0,64.0,,100,2.183110338463412e-05,1.024031946983417e-05,1.0,1.0,,,,,,
q,dual_x_dim,9,0.3456124348675807,50.0,,0.0,64.0,,500,2.183110338463412e-05,2.136320355727861e-06,1.0,1.0,,,,,,
q,dual_x_dim,10,0.378879289575792,50.0,,0.0,64.0,,100,2.500992850565376e-05,2.3697334459060748e-05,1.0,1.0,,,,,,
q,dual_x_dim,10,0.378879289575792,50.0,,0.0,64.0,,500,2.500992850565376e-05,5.624877030818709e-06,1.0,1.0,,,,,,
q,dual_x_dim,11,0.3274053988382884,50.0,,0.0,64.0,,100,7.182443351308465e-06,6.4607041576625335e-06,1.0,1.0,,,,,,
q,dual_x_dim,11,0.3274053988382884,50.0,,0.0,64.0,,500,7.182443351308465e-06,2.410628469728948e-06,1.0,1.0,,,,,,
q,dual_x_dim,12,0.3764796768453319,50.0,,0.0,64.0,,100,3.279982063730813e-08,3.279982063730813e-08,1.0,1.0,,,,,,
q,dual_x_dim,12,0.3764796768453319,50.0,,0.0,64.0,,500,2.337195317281271e-07,2.323051733199577e-07,1.0,1.0,,,,,,
q,dual_x_dim,13,0.3272847901693679,50.0,,0.0,64.0,,100,4.58466848929362e-08,4.58466848929362e-08,1.0,1.0,,,,,,
q,dual_x_dim,13,0.3272847901693679,50.0,,0.0,64.0,,500,2.44146739711848e-05,7.547016205089463e-06,1.0,1.0,,,,,,
q,dual_x_dim,14,0.3264379164132335,50.0,,0.0,64.0,,100,1.580745818546836e-07,1.183234092927421e-07,1.0,1.0,,,,,,
q,dual_x_dim,14,0.3264379164132335,50.0,,0.0,64.0,,500,2.505869689528595e-07,2.505869689528595e-07,1.0,1.0,,,,,,
q,dual_x_dim,15,0.3124018770445692,50.0,,0.0,64.0,,100,2.5669270931061305e-08,2.5669270931061305e-08,1.0,1.0,,,,,,
q,dual_x_dim,15,0.3124018770445692,50.0,,0.0,64.0,,500,1.937316445044246e-07,1.937316445044246e-07,1.0,1.0,,,,,,
q,dual_x_dim,16,0.3106442961881303,50.0,,0.0,64.0,,100,2.502078944033315e-08,2.4337187598533205e-08,1.0,1.0,,,,,,
q,dual_x_dim,16,0.3106442961881303,50.0,,0.0,64.0,,500,2.276912147713972e-07,2.276912147713972e-07,1.0,1.0,,,,,,
q,dual_x_dim,17,0.3375870917971322,50.0,,0.0,64.0,,100,2.9532051692982012e-08,2.8584952960208912e-08,1.0,1.0,,,,,,
q,dual_x_dim,17,0.3375870917971322,50.0,,0.0,64.0,,500,2.9474774221327493e-07,2.9474774221327493e-07,1.0,1.0,,,,,,
q,dual_x_dim,18,0.3627706335134446,50.0,,0.0,64.0,,100,1.6576325786513135e-05,1.4917911233286452e-05,1.0,1.0,,,,,,
q,dual_x_dim,18,0.3627706335134446,50.0,,0.0,64.0,,500,1.6576325786513135e-05,7.828847059743183e-06,1.0,1.0,,,,,,
q,dual_x_dim,19,0.2719782442600281,50.0,,0.0,64.0,,100,2.5587251595848848e-06,1.1611252107579515e-06,1.0,1.0,,,,,,
q,dual_x_dim,19,0.2719782442600281,50.0,,0.0,64.0,,500,2.5587251595848848e-06,1.884561144915864e-07,1.0,1.0,,,,,,
q,dual_x_dim,0,0.2769788139980297,50.0,,0.0,128.0,,100,3.028879302924281e-08,3.028879302924281e-08,1.0,1.0,,,,,,
q,dual_x_dim,0,0.2769788139980297,50.0,,0.0,128.0,,500,2.2809529198752898e-07,2.2809529198752898e-07,1.0,1.0,,,,,,
q,dual_x_dim,1,0.2437982963519862,50.0,,0.0,128.0,,100,3.0527475880504085e-08,2.9526304734517342e-08,1.0,1.0,,,,,,
q,dual_x_dim,1,0.2437982963519862,50.0,,0.0,128.0,,500,3.0726483357668144e-07,3.0726483357668144e-07,1.0,1.0,,,,,,
q,dual_x_dim,2,0.2433973032733596,50.0,,0.0,128.0,,100,2.982463576106653e-08,2.982463576106653e-08,1.0,1.0,,,,,,
q,dual_x_dim,2,0.2433973032733596,50.0,,0.0,128.0,,500,2.796233458113307e-07,2.796233458113307e-07,1.0,1.0,,,,,,
q,dual_x_dim,3,0.2265935165248834,50.0,,0.0,128.0,,100,4.947605212191064e-07,4.429138493189378e-07,1.0,1.0,,,,,,
q,dual_x_dim,3,0.2265935165248834,50.0,,0.0,128.0,,500,4.947605212191064e-07,1.6835340410636945e-07,1.0,1.0,,,,,,
q,dual_x_dim,4,0.2463705230170547,50.0,,0.0,128.0,,100,4.642266082655056e-08,4.332028824549639e-08,1.0,1.0,,,,,,
q,dual_x_dim,4,0.2463705230170547,50.0,,0.0,128.0,,500,2.7742166475164254e-07,2.534606005077933e-07,1.0,1.0,,,,,,
q,dual_x_dim,5,0.2007125177184121,50.0,,0.0,128.0,,100,1.4096427492282793e-05,5.977061780182424e-06,1.0,1.0,,,,,,
q,dual_x_dim,5,0.2007125177184121,50.0,,0.0,128.0,,500,1.4096427492282793e-05,1.6483028026925697e-06,1.0,1.0,,,,,,
q,dual_x_dim,6,0.2719857913570569,50.0,,0.0,128.0,,100,4.64761786833634e-08,4.4058266590596424e-08,1.0,1.0,,,,,,
q,dual_x_dim,6,0.2719857913570569,50.0,,0.0,128.0,,500,2.597709372054169e-07,2.597709372054169e-07,1.0,1.0,,,,,,
q,dual_x_dim,7,0.2114275672740672,50.0,,0.0,128.0,,100,2.138913469292014e-06,1.2507661981131513e-06,1.0,1.0,,,,,,
q,dual_x_dim,7,0.2114275672740672,50.0,,0.0,128.0,,500,2.138913469292014e-06,3.2575240704879604e-07,1.0,1.0,,,,,,
q,dual_x_dim,8,0.2149741897036,50.0,,0.0,128.0,,100,2.673443588729896e-08,2.673443588729896e-08,1.0,1.0,,,,,,
q,dual_x_dim,8,0.2149741897036,50.0,,0.0,128.0,,500,1.8455463890454385e-07,1.834504774755885e-07,1.0,1.0,,,,,,
q,dual_x_dim,9,0.2567751353259747,50.0,,0.0,128.0,,100,2.183110338463412e-05,1.024031946983417e-05,1.0,1.0,,,,,,
q,dual_x_dim,9,0.2567751353259747,50.0,,0.0,128.0,,500,2.183110338463412e-05,2.136320355727861e-06,1.0,1.0,,,,,,
q,dual_x_dim,10,0.2486463417142581,50.0,,0.0,128.0,,100,2.500992850565376e-05,2.3697334459060748e-05,1.0,1.0,,,,,,
q,dual_x_dim,10,0.2486463417142581,50.0,,0.0,128.0,,500,2.500992850565376e-05,5.624877030818709e-06,1.0,1.0,,,,,,
q,dual_x_dim,11,0.1974217867761011,50.0,,0.0,128.0,,100,7.182443351308465e-06,6.4607041576625335e-06,1.0,1.0,,,,,,
q,dual_x_dim,11,0.1974217867761011,50.0,,0.0,128.0,,500,7.182443351308465e-06,2.410628469728948e-06,1.0,1.0,,,,,,
q,dual_x_dim,0,0.1561151590110898,50.0,,0.0,256.0,,100,3.028879302924281e-08,3.028879302924281e-08,1.0,1.0,,,,,,
q,dual_x_dim,0,0.1561151590110898,50.0,,0.0,256.0,,500,2.2809529198752898e-07,2.2809529198752898e-07,1.0,1.0,,,,,,
q,dual_x_dim,1,0.1544549162417507,50.0,,0.0,256.0,,100,3.0527475880504085e-08,2.9526304734517342e-08,1.0,1.0,,,,,,
q,dual_x_dim,1,0.1544549162417507,50.0,,0.0,256.0,,500,3.0726483357668144e-07,3.0726483357668144e-07,1.0,1.0,,,,,,
q,dual_x_dim,2,0.1611444428630177,50.0,,0.0,256.0,,100,2.982463576106653e-08,2.982463576106653e-08,1.0,1.0,,,,,,
q,dual_x_dim,2,0.1611444428630177,50.0,,0.0,256.0,,500,2.796233458113307e-07,2.796233458113307e-07,1.0,1.0,,,,,,
q,dual_x_dim,3,0.1386638649939305,50.0,,0.0,256.0,,100,4.947605212191064e-07,4.429138493189378e-07,1.0,1.0,,,,,,
q,dual_x_dim,3,0.1386638649939305,50.0,,0.0,256.0,,500,4.947605212191064e-07,1.6835340410636945e-07,1.0,1.0,,,,,,
q,dual_x_dim,16,0.2383339427238416,50.0,,0.0,128.0,,100,2.502078944033315e-08,2.4337187598533205e-08,1.0,1.0,,,,,,
q,dual_x_dim,16,0.2383339427238416,50.0,,0.0,128.0,,500,2.276912147713972e-07,2.276912147713972e-07,1.0,1.0,,,,,,
q,dual_x_dim,17,0.1810992779347456,50.0,,0.0,128.0,,100,2.9532051692982012e-08,2.8584952960208912e-08,1.0,1.0,,,,,,
q,dual_x_dim,17,0.1810992779347456,50.0,,0.0,128.0,,500,2.9474774221327493e-07,2.9474774221327493e-07,1.0,1.0,,,,,,
q,dual_x_dim,18,0.3105319741536367,50.0,,0.0,128.0,,100,1.6576325786513135e-05,1.4917911233286452e-05,1.0,1.0,,,,,,
q,dual_x_dim,18,0.3105319741536367,50.0,,0.0,128.0,,500,1.6576325786513135e-05,7.828847059743183e-06,1.0,1.0,,,,,,
q,dual_x_dim,19,0.1828295288710636,50.0,,0.0,128.0,,100,2.5587251595848848e-06,1.1611252107579515e-06,1.0,1.0,,,,,,
q,dual_x_dim,19,0.1828295288710636,50.0,,0.0,128.0,,500,2.5587251595848848e-06,1.884561144915864e-07,1.0,1.0,,,,,,
q,dual_x_dim,12,0.2230611143413504,50.0,,0.0,128.0,,100,3.279982063730813e-08,3.279982063730813e-08,1.0,1.0,,,,,,
q,dual_x_dim,12,0.2230611143413504,50.0,,0.0,128.0,,500,2.337195317281271e-07,2.323051733199577e-07,1.0,1.0,,,,,,
q,dual_x_dim,13,0.2868358576336272,50.0,,0.0,128.0,,100,4.58466848929362e-08,4.58466848929362e-08,1.0,1.0,,,,,,
q,dual_x_dim,13,0.2868358576336272,50.0,,0.0,128.0,,500,2.44146739711848e-05,7.547016205089463e-06,1.0,1.0,,,,,,
q,dual_x_dim,14,0.260450112016454,50.0,,0.0,128.0,,100,1.580745818546836e-07,1.183234092927421e-07,1.0,1.0,,,,,,
q,dual_x_dim,14,0.260450112016454,50.0,,0.0,128.0,,500,2.505869689528595e-07,2.505869689528595e-07,1.0,1.0,,,,,,
q,dual_x_dim,15,0.2108225834473612,50.0,,0.0,128.0,,100,2.5669270931061305e-08,2.5669270931061305e-08,1.0,1.0,,,,,,
q,dual_x_dim,15,0.2108225834473612,50.0,,0.0,128.0,,500,1.937316445044246e-07,1.937316445044246e-07,1.0,1.0,,,,,,
q,dual_x_dim,4,0.2199032936958288,50.0,,0.0,256.0,,100,4.642266082655056e-08,4.332028824549639e-08,1.0,1.0,,,,,,
q,dual_x_dim,4,0.2199032936958288,50.0,,0.0,256.0,,500,2.7742166475164254e-07,2.534606005077933e-07,1.0,1.0,,,,,,
q,dual_x_dim,5,0.1706797529091717,50.0,,0.0,256.0,,100,1.4096427492282793e-05,5.977061780182424e-06,1.0,1.0,,,,,,
q,dual_x_dim,5,0.1706797529091717,50.0,,0.0,256.0,,500,1.4096427492282793e-05,1.6483028026925697e-06,1.0,1.0,,,,,,
q,dual_x_dim,6,0.1826961665570637,50.0,,0.0,256.0,,100,4.64761786833634e-08,4.4058266590596424e-08,1.0,1.0,,,,,,
q,dual_x_dim,6,0.1826961665570637,50.0,,0.0,256.0,,500,2.597709372054169e-07,2.597709372054169e-07,1.0,1.0,,,,,,
q,dual_x_dim,7,0.1382621299628856,50.0,,0.0,256.0,,100,2.138913469292014e-06,1.2507661981131513e-06,1.0,1.0,,,,,,
q,dual_x_dim,7,0.1382621299628856,50.0,,0.0,256.0,,500,2.138913469292014e-06,3.2575240704879604e-07,1.0,1.0,,,,,,
q,dual_x_dim,8,0.1738344351847317,50.0,,0.0,256.0,,100,2.673443588729896e-08,2.673443588729896e-08,1.0,1.0,,,,,,
q,dual_x_dim,8,0.1738344351847317,50.0,,0.0,256.0,,500,1.8455463890454385e-07,1.834504774755885e-07,1.0,1.0,,,,,,
q,dual_x_dim,9,0.2133657125731659,50.0,,0.0,256.0,,100,2.183110338463412e-05,1.024031946983417e-05,1.0,1.0,,,,,,
q,dual_x_dim,9,0.2133657125731659,50.0,,0.0,256.0,,500,2.183110338463412e-05,2.136320355727861e-06,1.0,1.0,,,,,,
q,dual_x_dim,10,0.2254427509551922,50.0,,0.0,256.0,,100,2.500992850565376e-05,2.3697334459060748e-05,1.0,1.0,,,,,,
q,dual_x_dim,10,0.2254427509551922,50.0,,0.0,256.0,,500,2.500992850565376e-05,5.624877030818709e-06,1.0,1.0,,,,,,
q,dual_x_dim,11,0.1840049138218659,50.0,,0.0,256.0,,100,7.182443351308465e-06,6.4607041576625335e-06,1.0,1.0,,,,,,
q,dual_x_dim,11,0.1840049138218659,50.0,,0.0,256.0,,500,7.182443351308465e-06,2.410628469728948e-06,1.0,1.0,,,,,,
q,dual_x_dim,12,0.1576595918302586,50.0,,0.0,256.0,,100,3.279982063730813e-08,3.279982063730813e-08,1.0,1.0,,,,,,
q,dual_x_dim,12,0.1576595918302586,50.0,,0.0,256.0,,500,2.337195317281271e-07,2.323051733199577e-07,1.0,1.0,,,,,,
q,dual_x_dim,13,0.1825318597082257,50.0,,0.0,256.0,,100,4.58466848929362e-08,4.58466848929362e-08,1.0,1.0,,,,,,
q,dual_x_dim,13,0.1825318597082257,50.0,,0.0,256.0,,500,2.44146739711848e-05,7.547016205089463e-06,1.0,1.0,,,,,,
q,dual_x_dim,14,0.1314253804517846,50.0,,0.0,256.0,,100,1.580745818546836e-07,1.183234092927421e-07,1.0,1.0,,,,,,
q,dual_x_dim,14,0.1314253804517846,50.0,,0.0,256.0,,500,2.505869689528595e-07,2.505869689528595e-07,1.0,1.0,,,,,,
q,dual_x_dim,15,0.147930466476972,50.0,,0.0,256.0,,100,2.5669270931061305e-08,2.5669270931061305e-08,1.0,1.0,,,,,,
q,dual_x_dim,15,0.147930466476972,50.0,,0.0,256.0,,500,1.937316445044246e-07,1.937316445044246e-07,1.0,1.0,,,,,,
q,dual_x_dim,16,0.1816174986867891,50.0,,0.0,256.0,,100,2.502078944033315e-08,2.4337187598533205e-08,1.0,1.0,,,,,,
q,dual_x_dim,16,0.1816174986867891,50.0,,0.0,256.0,,500,2.276912147713972e-07,2.276912147713972e-07,1.0,1.0,,,,,,
q,dual_x_dim,17,0.1604795312524981,50.0,,0.0,256.0,,100,2.9532051692982012e-08,2.8584952960208912e-08,1.0,1.0,,,,,,
q,dual_x_dim,17,0.1604795312524981,50.0,,0.0,256.0,,500,2.9474774221327493e-07,2.9474774221327493e-07,1.0,1.0,,,,,,
q,dual_x_dim,18,0.1535224584703985,50.0,,0.0,256.0,,100,1.6576325786513135e-05,1.4917911233286452e-05,1.0,1.0,,,,,,
q,dual_x_dim,18,0.1535224584703985,50.0,,0.0,256.0,,500,1.6576325786513135e-05,7.828847059743183e-06,1.0,1.0,,,,,,
q,dual_x_dim,19,0.1605501696049673,50.0,,0.0,256.0,,100,2.5587251595848848e-06,1.1611252107579515e-06,1.0,1.0,,,,,,
q,dual_x_dim,19,0.1605501696049673,50.0,,0.0,256.0,,500,2.5587251595848848e-06,1.884561144915864e-07,1.0,1.0,,,,,,
q,dual_x_dim,0,0.1030968424041055,50.0,,0.0,512.0,,100,3.028879302924281e-08,3.028879302924281e-08,1.0,1.0,,,,,,
q,dual_x_dim,0,0.1030968424041055,50.0,,0.0,512.0,,500,2.2809529198752898e-07,2.2809529198752898e-07,1.0,1.0,,,,,,
q,dual_x_dim,1,0.1140296269471779,50.0,,0.0,512.0,,100,3.0527475880504085e-08,2.9526304734517342e-08,1.0,1.0,,,,,,
q,dual_x_dim,1,0.1140296269471779,50.0,,0.0,512.0,,500,3.0726483357668144e-07,3.0726483357668144e-07,1.0,1.0,,,,,,
q,dual_x_dim,2,0.0927791855463762,50.0,,0.0,512.0,,100,2.982463576106653e-08,2.982463576106653e-08,1.0,1.0,,,,,,
q,dual_x_dim,2,0.0927791855463762,50.0,,0.0,512.0,,500,2.796233458113307e-07,2.796233458113307e-07,1.0,1.0,,,,,,
q,dual_x_dim,3,0.1189404917111431,50.0,,0.0,512.0,,100,4.947605212191064e-07,4.429138493189378e-07,1.0,1.0,,,,,,
q,dual_x_dim,3,0.1189404917111431,50.0,,0.0,512.0,,500,4.947605212191064e-07,1.6835340410636945e-07,1.0,1.0,,,,,,
q,dual_x_dim,4,0.1426867814088468,50.0,,0.0,512.0,,100,4.642266082655056e-08,4.332028824549639e-08,1.0,1.0,,,,,,
q,dual_x_dim,4,0.1426867814088468,50.0,,0.0,512.0,,500,2.7742166475164254e-07,2.534606005077933e-07,1.0,1.0,,,,,,
q,dual_x_dim,5,0.1064487629651989,50.0,,0.0,512.0,,100,1.4096427492282793e-05,5.977061780182424e-06,1.0,1.0,,,,,,
q,dual_x_dim,5,0.1064487629651989,50.0,,0.0,512.0,,500,1.4096427492282793e-05,1.6483028026925697e-06,1.0,1.0,,,,,,
q,dual_x_dim,6,0.1201973174121529,50.0,,0.0,512.0,,100,4.64761786833634e-08,4.4058266590596424e-08,1.0,1.0,,,,,,
q,dual_x_dim,6,0.1201973174121529,50.0,,0.0,512.0,,500,2.597709372054169e-07,2.597709372054169e-07,1.0,1.0,,,,,,
q,dual_x_dim,7,0.1125765245269145,50.0,,0.0,512.0,,100,2.138913469292014e-06,1.2507661981131513e-06,1.0,1.0,,,,,,
q,dual_x_dim,7,0.1125765245269145,50.0,,0.0,512.0,,500,2.138913469292014e-06,3.2575240704879604e-07,1.0,1.0,,,,,,
q,dual_x_dim,8,0.1417573096555955,50.0,,0.0,512.0,,100,2.673443588729896e-08,2.673443588729896e-08,1.0,1.0,,,,,,
q,dual_x_dim,8,0.1417573096555955,50.0,,0.0,512.0,,500,1.8455463890454385e-07,1.834504774755885e-07,1.0,1.0,,,,,,
q,dual_x_dim,9,0.133041364360873,50.0,,0.0,512.0,,100,2.183110338463412e-05,1.024031946983417e-05,1.0,1.0,,,,,,
q,dual_x_dim,9,0.133041364360873,50.0,,0.0,512.0,,500,2.183110338463412e-05,2.136320355727861e-06,1.0,1.0,,,,,,
q,dual_x_dim,10,0.1169679487972046,50.0,,0.0,512.0,,100,2.500992850565376e-05,2.3697334459060748e-05,1.0,1.0,,,,,,
q,dual_x_dim,10,0.1169679487972046,50.0,,0.0,512.0,,500,2.500992850565376e-05,5.624877030818709e-06,1.0,1.0,,,,,,
q,dual_x_dim,11,0.1246017663255829,50.0,,0.0,512.0,,100,7.182443351308465e-06,6.4607041576625335e-06,1.0,1.0,,,,,,
q,dual_x_dim,11,0.1246017663255829,50.0,,0.0,512.0,,500,7.182443351308465e-06,2.410628469728948e-06,1.0,1.0,,,,,,
q,dual_x_dim,12,0.1382766162059651,50.0,,0.0,512.0,,100,3.279982063730813e-08,3.279982063730813e-08,1.0,1.0,,,,,,
q,dual_x_dim,12,0.1382766162059651,50.0,,0.0,512.0,,500,2.337195317281271e-07,2.323051733199577e-07,1.0,1.0,,,,,,
q,dual_x_dim,13,0.1196281776795636,50.0,,0.0,512.0,,100,4.58466848929362e-08,4.58466848929362e-08,1.0,1.0,,,,,,
q,dual_x_dim,13,0.1196281776795636,50.0,,0.0,512.0,,500,2.44146739711848e-05,7.547016205089463e-06,1.0,1.0,,,,,,
q,dual_x_dim,14,0.1340870593186491,50.0,,0.0,512.0,,100,1.580745818546836e-07,1.183234092927421e-07,1.0,1.0,,,,,,
q,dual_x_dim,14,0.1340870593186491,50.0,,0.0,512.0,,500,2.505869689528595e-07,2.505869689528595e-07,1.0,1.0,,,,,,
q,dual_x_dim,15,0.0967374670363391,50.0,,0.0,512.0,,100,2.5669270931061305e-08,2.5669270931061305e-08,1.0,1.0,,,,,,
q,dual_x_dim,15,0.0967374670363391,50.0,,0.0,512.0,,500,1.937316445044246e-07,1.937316445044246e-07,1.0,1.0,,,,,,
q,dual_x_dim,16,0.1174795013926857,50.0,,0.0,512.0,,100,2.502078944033315e-08,2.4337187598533205e-08,1.0,1.0,,,,,,
q,dual_x_dim,16,0.1174795013926857,50.0,,0.0,512.0,,500,2.276912147713972e-07,2.276912147713972e-07,1.0,1.0,,,,,,
q,dual_x_dim,17,0.1417826345959721,50.0,,0.0,512.0,,100,2.9532051692982012e-08,2.8584952960208912e-08,1.0,1.0,,,,,,
q,dual_x_dim,17,0.1417826345959721,50.0,,0.0,512.0,,500,2.9474774221327493e-07,2.9474774221327493e-07,1.0,1.0,,,,,,
q,dual_x_dim,18,0.0907625039255792,50.0,,0.0,512.0,,100,1.6576325786513135e-05,1.4917911233286452e-05,1.0,1.0,,,,,,
q,dual_x_dim,18,0.0907625039255792,50.0,,0.0,512.0,,500,1.6576325786513135e-05,7.828847059743183e-06,1.0,1.0,,,,,,
q,dual_x_dim,19,0.1233153610554358,50.0,,0.0,512.0,,100,2.5587251595848848e-06,1.1611252107579515e-06,1.0,1.0,,,,,,
q,dual_x_dim,19,0.1233153610554358,50.0,,0.0,512.0,,500,2.5587251595848848e-06,1.884561144915864e-07,1.0,1.0,,,,,,
q,dual_x_dim,0,0.0832455924980941,50.0,,0.0,1024.0,,100,3.028879302924281e-08,3.028879302924281e-08,1.0,1.0,,,,,,
q,dual_x_dim,0,0.0832455924980941,50.0,,0.0,1024.0,,500,2.2809529198752898e-07,2.2809529198752898e-07,1.0,1.0,,,,,,
q,dual_x_dim,1,0.0977398989210664,50.0,,0.0,1024.0,,100,3.0527475880504085e-08,2.9526304734517342e-08,1.0,1.0,,,,,,
q,dual_x_dim,1,0.0977398989210664,50.0,,0.0,1024.0,,500,3.0726483357668144e-07,3.0726483357668144e-07,1.0,1.0,,,,,,
q,dual_x_dim,2,0.098176231085323,50.0,,0.0,1024.0,,100,2.982463576106653e-08,2.982463576106653e-08,1.0,1.0,,,,,,
q,dual_x_dim,2,0.098176231085323,50.0,,0.0,1024.0,,500,2.796233458113307e-07,2.796233458113307e-07,1.0,1.0,,,,,,
q,dual_x_dim,3,0.1202208739769747,50.0,,0.0,1024.0,,100,4.947605212191064e-07,4.429138493189378e-07,1.0,1.0,,,,,,
q,dual_x_dim,3,0.1202208739769747,50.0,,0.0,1024.0,,500,4.947605212191064e-07,1.6835340410636945e-07,1.0,1.0,,,,,,
q,dual_x_dim,4,0.0858213646046357,50.0,,0.0,1024.0,,100,4.642266082655056e-08,4.332028824549639e-08,1.0,1.0,,,,,,
q,dual_x_dim,4,0.0858213646046357,50.0,,0.0,1024.0,,500,2.7742166475164254e-07,2.534606005077933e-07,1.0,1.0,,,,,,
q,dual_x_dim,5,0.095290498691526,50.0,,0.0,1024.0,,100,1.4096427492282793e-05,5.977061780182424e-06,1.0,1.0,,,,,,
q,dual_x_dim,5,0.095290498691526,50.0,,0.0,1024.0,,500,1.4096427492282793e-05,1.6483028026925697e-06,1.0,1.0,,,,,,
q,dual_x_dim,6,0.0858756883561873,50.0,,0.0,1024.0,,100,4.64761786833634e-08,4.4058266590596424e-08,1.0,1.0,,,,,,
q,dual_x_dim,6,0.0858756883561873,50.0,,0.0,1024.0,,500,2.597709372054169e-07,2.597709372054169e-07,1.0,1.0,,,,,,
q,dual_x_dim,7,0.0844807231030569,50.0,,0.0,1024.0,,100,2.138913469292014e-06,1.2507661981131513e-06,1.0,1.0,,,,,,
q,dual_x_dim,7,0.0844807231030569,50.0,,0.0,1024.0,,500,2.138913469292014e-06,3.2575240704879604e-07,1.0,1.0,,,,,,
q,dual_x_dim,16,0.082259425917027,50.0,,0.0,1024.0,,100,2.502078944033315e-08,2.4337187598533205e-08,1.0,1.0,,,,,,
q,dual_x_dim,16,0.082259425917027,50.0,,0.0,1024.0,,500,2.276912147713972e-07,2.276912147713972e-07,1.0,1.0,,,,,,
q,dual_x_dim,17,0.1032670721174316,50.0,,0.0,1024.0,,100,2.9532051692982012e-08,2.8584952960208912e-08,1.0,1.0,,,,,,
q,dual_x_dim,17,0.1032670721174316,50.0,,0.0,1024.0,,500,2.9474774221327493e-07,2.9474774221327493e-07,1.0,1.0,,,,,,
q,dual_x_dim,18,0.0759683551193502,50.0,,0.0,1024.0,,100,1.6576325786513135e-05,1.4917911233286452e-05,1.0,1.0,,,,,,
q,dual_x_dim,18,0.0759683551193502,50.0,,0.0,1024.0,,500,1.6576325786513135e-05,7.828847059743183e-06,1.0,1.0,,,,,,
q,dual_x_dim,19,0.0849126767994121,50.0,,0.0,1024.0,,100,2.5587251595848848e-06,1.1611252107579515e-06,1.0,1.0,,,,,,
q,dual_x_dim,19,0.0849126767994121,50.0,,0.0,1024.0,,500,2.5587251595848848e-06,1.884561144915864e-07,1.0,1.0,,,,,,
q,dual_x_dim,16,0.0479727073439655,50.0,,0.0,4096.0,,100,2.502078944033315e-08,2.4337187598533205e-08,1.0,1.0,,,,,,
q,dual_x_dim,16,0.0479727073439655,50.0,,0.0,4096.0,,500,2.276912147713972e-07,2.276912147713972e-07,1.0,1.0,,,,,,
q,dual_x_dim,17,0.0520924933809918,50.0,,0.0,4096.0,,100,2.9532051692982012e-08,2.8584952960208912e-08,1.0,1.0,,,,,,
q,dual_x_dim,17,0.0520924933809918,50.0,,0.0,4096.0,,500,2.9474774221327493e-07,2.9474774221327493e-07,1.0,1.0,,,,,,
q,dual_x_dim,18,0.0485882391989239,50.0,,0.0,4096.0,,100,1.6576325786513135e-05,1.4917911233286452e-05,1.0,1.0,,,,,,
q,dual_x_dim,18,0.0485882391989239,50.0,,0.0,4096.0,,500,1.6576325786513135e-05,7.828847059743183e-06,1.0,1.0,,,,,,
q,dual_x_dim,19,0.0383921864166432,50.0,,0.0,4096.0,,100,2.5587251595848848e-06,1.1611252107579515e-06,1.0,1.0,,,,,,
q,dual_x_dim,19,0.0383921864166432,50.0,,0.0,4096.0,,500,2.5587251595848848e-06,1.884561144915864e-07,1.0,1.0,,,,,,
q,dual_x_dim,12,0.0662617463813111,50.0,,0.0,1024.0,,100,3.279982063730813e-08,3.279982063730813e-08,1.0,1.0,,,,,,
q,dual_x_dim,12,0.0662617463813111,50.0,,0.0,1024.0,,500,2.337195317281271e-07,2.323051733199577e-07,1.0,1.0,,,,,,
q,dual_x_dim,13,0.0876184035596533,50.0,,0.0,1024.0,,100,4.58466848929362e-08,4.58466848929362e-08,1.0,1.0,,,,,,
q,dual_x_dim,13,0.0876184035596533,50.0,,0.0,1024.0,,500,2.44146739711848e-05,7.547016205089463e-06,1.0,1.0,,,,,,
q,dual_x_dim,14,0.0975804595166753,50.0,,0.0,1024.0,,100,1.580745818546836e-07,1.183234092927421e-07,1.0,1.0,,,,,,
q,dual_x_dim,14,0.0975804595166753,50.0,,0.0,1024.0,,500,2.505869689528595e-07,2.505869689528595e-07,1.0,1.0,,,,,,
q,dual_x_dim,15,0.0830707630274445,50.0,,0.0,1024.0,,100,2.5669270931061305e-08,2.5669270931061305e-08,1.0,1.0,,,,,,
q,dual_x_dim,15,0.0830707630274445,50.0,,0.0,1024.0,,500,1.937316445044246e-07,1.937316445044246e-07,1.0,1.0,,,,,,
q,dual_x_dim,8,0.0855617921909968,50.0,,0.0,1024.0,,100,2.673443588729896e-08,2.673443588729896e-08,1.0,1.0,,,,,,
q,dual_x_dim,8,0.0855617921909968,50.0,,0.0,1024.0,,500,1.8455463890454385e-07,1.834504774755885e-07,1.0,1.0,,,,,,
q,dual_x_dim,9,0.1003569482236124,50.0,,0.0,1024.0,,100,2.183110338463412e-05,1.024031946983417e-05,1.0,1.0,,,,,,
q,dual_x_dim,9,0.1003569482236124,50.0,,0.0,1024.0,,500,2.183110338463412e-05,2.136320355727861e-06,1.0,1.0,,,,,,
q,dual_x_dim,10,0.0940662699861201,50.0,,0.0,1024.0,,100,2.500992850565376e-05,2.3697334459060748e-05,1.0,1.0,,,,,,
q,dual_x_dim,10,0.0940662699861201,50.0,,0.0,1024.0,,500,2.500992850565376e-05,5.624877030818709e-06,1.0,1.0,,,,,,
q,dual_x_dim,11,0.0994580435870724,50.0,,0.0,1024.0,,100,7.182443351308465e-06,6.4607041576625335e-06,1.0,1.0,,,,,,
q,dual_x_dim,11,0.0994580435870724,50.0,,0.0,1024.0,,500,7.182443351308465e-06,2.410628469728948e-06,1.0,1.0,,,,,,
q,dual_x_dim,0,0.0203569894689093,50.0,,0.0,16384.0,,100,3.028879302924281e-08,3.028879302924281e-08,1.0,1.0,,,,,,
q,dual_x_dim,0,0.0203569894689093,50.0,,0.0,16384.0,,500,2.2809529198752898e-07,2.2809529198752898e-07,1.0,1.0,,,,,,
q,dual_x_dim,1,0.0180762543208998,50.0,,0.0,16384.0,,100,3.0527475880504085e-08,2.9526304734517342e-08,1.0,1.0,,,,,,
q,dual_x_dim,1,0.0180762543208998,50.0,,0.0,16384.0,,500,3.0726483357668144e-07,3.0726483357668144e-07,1.0,1.0,,,,,,
q,dual_x_dim,2,0.021402928767805,50.0,,0.0,16384.0,,100,2.982463576106653e-08,2.982463576106653e-08,1.0,1.0,,,,,,
q,dual_x_dim,2,0.021402928767805,50.0,,0.0,16384.0,,500,2.796233458113307e-07,2.796233458113307e-07,1.0,1.0,,,,,,
q,dual_x_dim,3,0.0187455835272602,50.0,,0.0,16384.0,,100,4.947605212191064e-07,4.429138493189378e-07,1.0,1.0,,,,,,
q,dual_x_dim,3,0.0187455835272602,50.0,,0.0,16384.0,,500,4.947605212191064e-07,1.6835340410636945e-07,1.0,1.0,,,,,,
q,dual_x_dim,0,0.0528122944875321,50.0,,0.0,4096.0,,100,3.028879302924281e-08,3.028879302924281e-08,1.0,1.0,,,,,,
q,dual_x_dim,0,0.0528122944875321,50.0,,0.0,4096.0,,500,2.2809529198752898e-07,2.2809529198752898e-07,1.0,1.0,,,,,,
q,dual_x_dim,1,0.0332337536226412,50.0,,0.0,4096.0,,100,3.0527475880504085e-08,2.9526304734517342e-08,1.0,1.0,,,,,,
q,dual_x_dim,1,0.0332337536226412,50.0,,0.0,4096.0,,500,3.0726483357668144e-07,3.0726483357668144e-07,1.0,1.0,,,,,,
q,dual_x_dim,2,0.0451743962171918,50.0,,0.0,4096.0,,100,2.982463576106653e-08,2.982463576106653e-08,1.0,1.0,,,,,,
q,dual_x_dim,2,0.0451743962171918,50.0,,0.0,4096.0,,500,2.796233458113307e-07,2.796233458113307e-07,1.0,1.0,,,,,,
q,dual_x_dim,3,0.0427116544627979,50.0,,0.0,4096.0,,100,4.947605212191064e-07,4.429138493189378e-07,1.0,1.0,,,,,,
q,dual_x_dim,3,0.0427116544627979,50.0,,0.0,4096.0,,500,4.947605212191064e-07,1.6835340410636945e-07,1.0,1.0,,,,,,
q,dual_x_dim,4,0.0400158702661801,50.0,,0.0,4096.0,,100,4.642266082655056e-08,4.332028824549639e-08,1.0,1.0,,,,,,
q,dual_x_dim,4,0.0400158702661801,50.0,,0.0,4096.0,,500,2.7742166475164254e-07,2.534606005077933e-07,1.0,1.0,,,,,,
q,dual_x_dim,5,0.0370913464717784,50.0,,0.0,4096.0,,100,1.4096427492282793e-05,5.977061780182424e-06,1.0,1.0,,,,,,
q,dual_x_dim,5,0.0370913464717784,50.0,,0.0,4096.0,,500,1.4096427492282793e-05,1.6483028026925697e-06,1.0,1.0,,,,,,
q,dual_x_dim,6,0.0479492321544804,50.0,,0.0,4096.0,,100,4.64761786833634e-08,4.4058266590596424e-08,1.0,1.0,,,,,,
q,dual_x_dim,6,0.0479492321544804,50.0,,0.0,4096.0,,500,2.597709372054169e-07,2.597709372054169e-07,1.0,1.0,,,,,,
q,dual_x_dim,7,0.0385382896527443,50.0,,0.0,4096.0,,100,2.138913469292014e-06,1.2507661981131513e-06,1.0,1.0,,,,,,
q,dual_x_dim,7,0.0385382896527443,50.0,,0.0,4096.0,,500,2.138913469292014e-06,3.2575240704879604e-07,1.0,1.0,,,,,,
q,dual_x_dim,8,0.0543835979270181,50.0,,0.0,4096.0,,100,2.673443588729896e-08,2.673443588729896e-08,1.0,1.0,,,,,,
q,dual_x_dim,8,0.0543835979270181,50.0,,0.0,4096.0,,500,1.8455463890454385e-07,1.834504774755885e-07,1.0,1.0,,,,,,
q,dual_x_dim,9,0.0376531093771584,50.0,,0.0,4096.0,,100,2.183110338463412e-05,1.024031946983417e-05,1.0,1.0,,,,,,
q,dual_x_dim,9,0.0376531093771584,50.0,,0.0,4096.0,,500,2.183110338463412e-05,2.136320355727861e-06,1.0,1.0,,,,,,
q,dual_x_dim,10,0.0468377476856461,50.0,,0.0,4096.0,,100,2.500992850565376e-05,2.3697334459060748e-05,1.0,1.0,,,,,,
q,dual_x_dim,10,0.0468377476856461,50.0,,0.0,4096.0,,500,2.500992850565376e-05,5.624877030818709e-06,1.0,1.0,,,,,,
q,dual_x_dim,11,0.0521751382836228,50.0,,0.0,4096.0,,100,7.182443351308465e-06,6.4607041576625335e-06,1.0,1.0,,,,,,
q,dual_x_dim,11,0.0521751382836228,50.0,,0.0,4096.0,,500,7.182443351308465e-06,2.410628469728948e-06,1.0,1.0,,,,,,
q,dual_x_dim,12,0.0375271207122855,50.0,,0.0,4096.0,,100,3.279982063730813e-08,3.279982063730813e-08,1.0,1.0,,,,,,
q,dual_x_dim,12,0.0375271207122855,50.0,,0.0,4096.0,,500,2.337195317281271e-07,2.323051733199577e-07,1.0,1.0,,,,,,
q,dual_x_dim,13,0.0361136154477065,50.0,,0.0,4096.0,,100,4.58466848929362e-08,4.58466848929362e-08,1.0,1.0,,,,,,
q,dual_x_dim,13,0.0361136154477065,50.0,,0.0,4096.0,,500,2.44146739711848e-05,7.547016205089463e-06,1.0,1.0,,,,,,
q,dual_x_dim,14,0.0462079830780834,50.0,,0.0,4096.0,,100,1.580745818546836e-07,1.183234092927421e-07,1.0,1.0,,,,,,
q,dual_x_dim,14,0.0462079830780834,50.0,,0.0,4096.0,,500,2.505869689528595e-07,2.505869689528595e-07,1.0,1.0,,,,,,
q,dual_x_dim,15,0.0412325635617556,50.0,,0.0,4096.0,,100,2.5669270931061305e-08,2.5669270931061305e-08,1.0,1.0,,,,,,
q,dual_x_dim,15,0.0412325635617556,50.0,,0.0,4096.0,,500,1.937316445044246e-07,1.937316445044246e-07,1.0,1.0,,,,,,
q,dual_x_dim,4,0.0230212539981229,50.0,,0.0,16384.0,,100,4.642266082655056e-08,4.332028824549639e-08,1.0,1.0,,,,,,
q,dual_x_dim,4,0.0230212539981229,50.0,,0.0,16384.0,,500,2.7742166475164254e-07,2.534606005077933e-07,1.0,1.0,,,,,,
q,dual_x_dim,5,0.018059158472521,50.0,,0.0,16384.0,,100,1.4096427492282793e-05,5.977061780182424e-06,1.0,1.0,,,,,,
q,dual_x_dim,5,0.018059158472521,50.0,,0.0,16384.0,,500,1.4096427492282793e-05,1.6483028026925697e-06,1.0,1.0,,,,,,
q,dual_x_dim,6,0.0210804508573937,50.0,,0.0,16384.0,,100,4.64761786833634e-08,4.4058266590596424e-08,1.0,1.0,,,,,,
q,dual_x_dim,6,0.0210804508573937,50.0,,0.0,16384.0,,500,2.597709372054169e-07,2.597709372054169e-07,1.0,1.0,,,,,,
q,dual_x_dim,7,0.0214313098777888,50.0,,0.0,16384.0,,100,2.138913469292014e-06,1.2507661981131513e-06,1.0,1.0,,,,,,
q,dual_x_dim,7,0.0214313098777888,50.0,,0.0,16384.0,,500,2.138913469292014e-06,3.2575240704879604e-07,1.0,1.0,,,,,,
q,dual_x_dim,8,0.0210305880424345,50.0,,0.0,16384.0,,100,2.673443588729896e-08,2.673443588729896e-08,1.0,1.0,,,,,,
q,dual_x_dim,8,0.0210305880424345,50.0,,0.0,16384.0,,500,1.8455463890454385e-07,1.834504774755885e-07,1.0,1.0,,,,,,
q,dual_x_dim,9,0.0197283560090542,50.0,,0.0,16384.0,,100,2.183110338463412e-05,1.024031946983417e-05,1.0,1.0,,,,,,
q,dual_x_dim,9,0.0197283560090542,50.0,,0.0,16384.0,,500,2.183110338463412e-05,2.136320355727861e-06,1.0,1.0,,,,,,
q,dual_x_dim,10,0.0223619354863721,50.0,,0.0,16384.0,,100,2.500992850565376e-05,2.3697334459060748e-05,1.0,1.0,,,,,,
q,dual_x_dim,10,0.0223619354863721,50.0,,0.0,16384.0,,500,2.500992850565376e-05,5.624877030818709e-06,1.0,1.0,,,,,,
q,dual_x_dim,11,0.0231050851373385,50.0,,0.0,16384.0,,100,7.182443351308465e-06,6.4607041576625335e-06,1.0,1.0,,,,,,
q,dual_x_dim,11,0.0231050851373385,50.0,,0.0,16384.0,,500,7.182443351308465e-06,2.410628469728948e-06,1.0,1.0,,,,,,
q,dual_x_dim,12,0.0269907621139558,50.0,,0.0,16384.0,,100,3.279982063730813e-08,3.279982063730813e-08,1.0,1.0,,,,,,
q,dual_x_dim,12,0.0269907621139558,50.0,,0.0,16384.0,,500,2.337195317281271e-07,2.323051733199577e-07,1.0,1.0,,,,,,
q,dual_x_dim,13,0.0258307931405904,50.0,,0.0,16384.0,,100,4.58466848929362e-08,4.58466848929362e-08,1.0,1.0,,,,,,
q,dual_x_dim,13,0.0258307931405904,50.0,,0.0,16384.0,,500,2.44146739711848e-05,7.547016205089463e-06,1.0,1.0,,,,,,
q,dual_x_dim,14,0.0206594191617385,50.0,,0.0,16384.0,,100,1.580745818546836e-07,1.183234092927421e-07,1.0,1.0,,,,,,
q,dual_x_dim,14,0.0206594191617385,50.0,,0.0,16384.0,,500,2.505869689528595e-07,2.505869689528595e-07,1.0,1.0,,,,,,
q,dual_x_dim,15,0.0269255670457066,50.0,,0.0,16384.0,,100,2.5669270931061305e-08,2.5669270931061305e-08,1.0,1.0,,,,,,
q,dual_x_dim,15,0.0269255670457066,50.0,,0.0,16384.0,,500,1.937316445044246e-07,1.937316445044246e-07,1.0,1.0,,,,,,
q,dual_x_dim,16,0.0165846560209867,50.0,,0.0,16384.0,,100,2.502078944033315e-08,2.4337187598533205e-08,1.0,1.0,,,,,,
q,dual_x_dim,16,0.0165846560209867,50.0,,0.0,16384.0,,500,2.276912147713972e-07,2.276912147713972e-07,1.0,1.0,,,,,,
q,dual_x_dim,17,0.0198970173937805,50.0,,0.0,16384.0,,100,2.9532051692982012e-08,2.8584952960208912e-08,1.0,1.0,,,,,,
q,dual_x_dim,17,0.0198970173937805,50.0,,0.0,16384.0,,500,2.9474774221327493e-07,2.9474774221327493e-07,1.0,1.0,,,,,,
q,dual_x_dim,18,0.0208652858105288,50.0,,0.0,16384.0,,100,1.6576325786513135e-05,1.4917911233286452e-05,1.0,1.0,,,,,,
q,dual_x_dim,18,0.0208652858105288,50.0,,0.0,16384.0,,500,1.6576325786513135e-05,7.828847059743183e-06,1.0,1.0,,,,,,
q,dual_x_dim,19,0.0214653212215956,50.0,,0.0,16384.0,,100,2.5587251595848848e-06,1.1611252107579515e-06,1.0,1.0,,,,,,
q,dual_x_dim,19,0.0214653212215956,50.0,,0.0,16384.0,,500,2.5587251595848848e-06,1.884561144915864e-07,1.0,1.0,,,,,,
q,dual_x_dim,16,0.597152494276281,50.0,,1e-05,16.0,,100,0.0026434029546578,0.0026434029546578,1.0,1.0,,,,,,
q,dual_x_dim,16,0.597152494276281,50.0,,1e-05,16.0,,500,0.027779146021992,0.0275887824660516,1.0,1.0,,,,,,
q,dual_x_dim,17,0.7668002575527149,50.0,,1e-05,16.0,,100,0.0009312073569204,0.0008641629197099,1.0,1.0,,,,,,
q,dual_x_dim,17,0.7668002575527149,50.0,,1e-05,16.0,,500,0.0036045490562193,0.0021404493856858,1.0,1.0,,,,,,
q,dual_x_dim,18,0.6186314551596767,50.0,,1e-05,16.0,,100,0.0031305507279989,0.0022529891215223,0.9982486865148862,1.0,,,,,,
q,dual_x_dim,18,0.6186314551596767,50.0,,1e-05,16.0,,500,0.0070388409153107,0.0060005590831888,0.9996634129922584,1.0,,,,,,
q,dual_x_dim,19,0.6570521997836933,50.0,,1e-05,16.0,,100,0.0025697102766319,0.0025697102766319,1.0,1.0,,,,,,
q,dual_x_dim,19,0.6570521997836933,50.0,,1e-05,16.0,,500,0.0143799520880318,0.0143635945286018,1.0,1.0,,,,,,
q,dual_x_dim,0,0.5824868497238714,50.0,,1e-05,16.0,,100,0.0029909743529361,0.0029909743529361,1.0,1.0,,,,,,
q,dual_x_dim,0,0.5824868497238714,50.0,,1e-05,16.0,,500,0.0050879330299427,0.0033441379731636,1.0,1.0,,,,,,
q,dual_x_dim,1,0.7171173891637045,50.0,,1e-05,16.0,,100,0.0011051630087799,0.0010929276888006,1.0,1.0,,,,,,
q,dual_x_dim,1,0.7171173891637045,50.0,,1e-05,16.0,,500,0.0110570420145905,0.0110570420145905,1.0,1.0,,,,,,
q,dual_x_dim,2,0.5337551337145325,50.0,,1e-05,16.0,,100,0.0014633855945559,0.0013111639494892,1.0,1.0,,,,,,
q,dual_x_dim,2,0.5337551337145325,50.0,,1e-05,16.0,,500,0.004514142399058,0.0037156011161147,1.0,1.0,,,,,,
q,dual_x_dim,3,0.6316069804967541,50.0,,1e-05,16.0,,100,0.0015997382593533,0.001376665674605,1.0,1.0,,,,,,
q,dual_x_dim,3,0.6316069804967541,50.0,,1e-05,16.0,,500,0.0036240709466137,0.0036240709466137,1.0,1.0,,,,,,
q,dual_x_dim,4,0.6300742150314218,50.0,,1e-05,16.0,,100,0.0097938719370012,0.0095850495797902,1.0,1.0,,,,,,
q,dual_x_dim,4,0.6300742150314218,50.0,,1e-05,16.0,,500,0.0134508084632067,0.0096671727810913,1.0,1.0,,,,,,
q,dual_x_dim,5,0.6298305822462573,50.0,,1e-05,16.0,,100,0.0019413687595057,0.0019363803961401,1.0,1.0,,,,,,
q,dual_x_dim,5,0.6298305822462573,50.0,,1e-05,16.0,,500,0.0110597598635915,0.0087317859125342,1.0,1.0,,,,,,
q,dual_x_dim,6,0.5379516056751762,50.0,,1e-05,16.0,,100,0.0009416831528923,0.0005812760343543,1.0,1.0,,,,,,
q,dual_x_dim,6,0.5379516056751762,50.0,,1e-05,16.0,,500,0.0037368426352939,0.0037368426352939,1.0,1.0,,,,,,
q,dual_x_dim,7,0.5504159944126669,50.0,,1e-05,16.0,,100,0.000837594100801,0.000837594100801,1.0,1.0,,,,,,
q,dual_x_dim,7,0.5504159944126669,50.0,,1e-05,16.0,,500,0.0026081886689981,0.0020412024318698,1.0,1.0,,,,,,
q,dual_x_dim,8,0.5503838769727527,50.0,,1e-05,16.0,,100,0.0011086421930822,0.0010800244050974,1.0,1.0,,,,,,
q,dual_x_dim,8,0.5503838769727527,50.0,,1e-05,16.0,,500,0.0122165736291857,0.0109321183662844,1.0,1.0,,,,,,
q,dual_x_dim,9,0.5859552892639311,50.0,,1e-05,16.0,,100,0.001702982873693,0.0012720816543179,1.0,1.0,,,,,,
q,dual_x_dim,9,0.5859552892639311,50.0,,1e-05,16.0,,500,0.0061186412869174,0.003432365935955,1.0,1.0,,,,,,
q,dual_x_dim,10,0.6786980429492779,50.0,,1e-05,16.0,,100,0.0012646695371003,0.0011533513263345,1.0,1.0,,,,,,
q,dual_x_dim,10,0.6786980429492779,50.0,,1e-05,16.0,,500,0.0027089624100256,0.0018412604915525,1.0,1.0,,,,,,
q,dual_x_dim,11,0.6685670290921756,50.0,,1e-05,16.0,,100,0.0019451299876634,0.0017520358587731,1.0,1.0,,,,,,
q,dual_x_dim,11,0.6685670290921756,50.0,,1e-05,16.0,,500,0.0053712761173334,0.0053484105858268,1.0,1.0,,,,,,
q,dual_x_dim,12,0.5855076028423207,50.0,,1e-05,16.0,,100,0.0021475887873708,0.0021475887873708,1.0,1.0,,,,,,
q,dual_x_dim,12,0.5855076028423207,50.0,,1e-05,16.0,,500,0.0067021736148693,0.0063281492331381,1.0,1.0,,,,,,
q,dual_x_dim,13,0.7023461508614937,50.0,,1e-05,16.0,,100,0.0011115425955371,0.0005632999856633,1.0,1.0,,,,,,
q,dual_x_dim,13,0.7023461508614937,50.0,,1e-05,16.0,,500,0.0035057625260246,0.0028903211796023,1.0,1.0,,,,,,
q,dual_x_dim,14,0.6812192772386215,50.0,,1e-05,16.0,,100,0.00084108635015,0.0006970063020955,1.0,1.0,,,,,,
q,dual_x_dim,14,0.6812192772386215,50.0,,1e-05,16.0,,500,0.0020184970362977,0.0017488517154593,1.0,1.0,,,,,,
q,dual_x_dim,15,0.7863103197713137,50.0,,1e-05,16.0,,100,0.0020933723391918,0.0020242696308763,1.0,1.0,,,,,,
q,dual_x_dim,15,0.7863103197713137,50.0,,1e-05,16.0,,500,0.004042926435561,0.0032663881568195,1.0,1.0,,,,,,
q,dual_x_dim,4,0.5650160744942002,50.0,,1e-05,24.0,,100,0.0007907178477857,0.0007907178477857,1.0,1.0,,,,,,
q,dual_x_dim,4,0.5650160744942002,50.0,,1e-05,24.0,,500,0.0015592424990491,0.0011559106526717,1.0,1.0,,,,,,
q,dual_x_dim,5,0.44867717946593,50.0,,1e-05,24.0,,100,0.0005679531212403,0.0005516670513799,1.0,1.0,,,,,,
q,dual_x_dim,5,0.44867717946593,50.0,,1e-05,24.0,,500,0.0021758473906121,0.0014274393611568,1.0,1.0,,,,,,
q,dual_x_dim,6,0.4733353937396358,50.0,,1e-05,24.0,,100,0.0009155917520473,0.0009155917520473,1.0,1.0,,,,,,
q,dual_x_dim,6,0.4733353937396358,50.0,,1e-05,24.0,,500,0.0027867726439949,0.0012460622165395,1.0,1.0,,,,,,
q,dual_x_dim,7,0.4848911240174937,50.0,,1e-05,24.0,,100,0.0004204630989834,0.0004204630989834,1.0,1.0,,,,,,
q,dual_x_dim,7,0.4848911240174937,50.0,,1e-05,24.0,,500,0.0014080119912204,0.0011389901020422,1.0,1.0,,,,,,
q,dual_x_dim,0,0.5421668878304189,50.0,,1e-05,24.0,,100,0.001188040823091,0.001188040823091,1.0,1.0,,,,,,
q,dual_x_dim,0,0.5421668878304189,50.0,,1e-05,24.0,,500,0.0038230102562666,0.0034138929456137,1.0,1.0,,,,,,
q,dual_x_dim,1,0.5678731396400899,50.0,,1e-05,24.0,,100,0.0008767898274608,0.0008321613927921,1.0,1.0,,,,,,
q,dual_x_dim,1,0.5678731396400899,50.0,,1e-05,24.0,,500,0.0061067571920849,0.006005711067071,1.0,1.0,,,,,,
q,dual_x_dim,2,0.5162001740529778,50.0,,1e-05,24.0,,100,0.0009467244466334,0.0008547955322504,1.0,1.0,,,,,,
q,dual_x_dim,2,0.5162001740529778,50.0,,1e-05,24.0,,500,0.0023276082895907,0.0019984462264558,1.0,1.0,,,,,,
q,dual_x_dim,3,0.6063246315124409,50.0,,1e-05,24.0,,100,0.0005443543777595,0.0003976787477351,1.0,1.0,,,,,,
q,dual_x_dim,3,0.6063246315124409,50.0,,1e-05,24.0,,500,0.0022825946338826,0.0022825946338826,1.0,1.0,,,,,,
q,dual_x_dim,16,0.5596173010815712,50.0,,1e-05,24.0,,100,0.0006314791861868,0.0005301135004941,1.0,1.0,,,,,,
q,dual_x_dim,16,0.5596173010815712,50.0,,1e-05,24.0,,500,0.0082516023383916,0.0082087184979942,1.0,1.0,,,,,,
q,dual_x_dim,17,0.5485645062802906,50.0,,1e-05,24.0,,100,0.0009500197614566,0.0009500197614566,1.0,1.0,,,,,,
q,dual_x_dim,17,0.5485645062802906,50.0,,1e-05,24.0,,500,0.0053119097257425,0.0053119097257425,1.0,1.0,,,,,,
q,dual_x_dim,18,0.4947893552771776,50.0,,1e-05,24.0,,100,0.0005985106536681,0.0005428010579388,1.0,1.0,,,,,,
q,dual_x_dim,18,0.4947893552771776,50.0,,1e-05,24.0,,500,0.0036960070462286,0.0035815316550729,1.0,1.0,,,,,,
q,dual_x_dim,19,0.4921353463804619,50.0,,1e-05,24.0,,100,0.0006463451439986,0.0004952273170878,1.0,1.0,,,,,,
q,dual_x_dim,19,0.4921353463804619,50.0,,1e-05,24.0,,500,0.0024932545715281,0.0010196873163743,1.0,1.0,,,,,,
q,dual_x_dim,12,0.6063071845964549,50.0,,1e-05,24.0,,100,0.000842258495129,0.000842258495129,1.0,1.0,,,,,,
q,dual_x_dim,12,0.6063071845964549,50.0,,1e-05,24.0,,500,0.006269518589578,0.0059436836878341,1.0,1.0,,,,,,
q,dual_x_dim,13,0.6143260030494101,50.0,,1e-05,24.0,,100,0.0006331917704511,0.0004607777191486,1.0,1.0,,,,,,
q,dual_x_dim,13,0.6143260030494101,50.0,,1e-05,24.0,,500,0.0050510512457231,0.0046589813139052,1.0,1.0,,,,,,
q,dual_x_dim,14,0.6899588145802447,50.0,,1e-05,24.0,,100,0.0006477441261307,0.0005035739131739,1.0,1.0,,,,,,
q,dual_x_dim,14,0.6899588145802447,50.0,,1e-05,24.0,,500,0.0012330142092453,0.0012278088545922,1.0,1.0,,,,,,
q,dual_x_dim,15,0.640572464930069,50.0,,1e-05,24.0,,100,0.0006924325618578,0.0006040661066029,1.0,1.0,,,,,,
q,dual_x_dim,15,0.640572464930069,50.0,,1e-05,24.0,,500,0.0019910402720135,0.0019502251453951,1.0,1.0,,,,,,
q,dual_x_dim,4,0.5533154376476055,50.0,,1e-05,32.0,,100,0.0006302089840519,0.0006302089840519,1.0,1.0,,,,,,
q,dual_x_dim,4,0.5533154376476055,50.0,,1e-05,32.0,,500,0.0013062114066322,0.0010931283411639,1.0,1.0,,,,,,
q,dual_x_dim,5,0.3734272198299829,50.0,,1e-05,32.0,,100,0.0005273585230783,0.0005273585230783,1.0,1.0,,,,,,
q,dual_x_dim,5,0.3734272198299829,50.0,,1e-05,32.0,,500,0.0022497568506438,0.0016043441158557,1.0,1.0,,,,,,
q,dual_x_dim,6,0.4297836233635966,50.0,,1e-05,32.0,,100,0.0010227877130677,0.0010227877130677,1.0,1.0,,,,,,
q,dual_x_dim,6,0.4297836233635966,50.0,,1e-05,32.0,,500,0.0028909821766696,0.0013169672044563,1.0,1.0,,,,,,
q,dual_x_dim,7,0.4400890544880544,50.0,,1e-05,32.0,,100,0.0003749220630171,0.000323120961445,1.0,1.0,,,,,,
q,dual_x_dim,7,0.4400890544880544,50.0,,1e-05,32.0,,500,0.0013548956950582,0.000957795417205,1.0,1.0,,,,,,
q,dual_x_dim,8,0.4385564417708694,50.0,,1e-05,32.0,,100,0.0004285247530474,0.0003842574875245,1.0,1.0,,,,,,
q,dual_x_dim,8,0.4385564417708694,50.0,,1e-05,32.0,,500,0.0044763280066024,0.004019914234437,1.0,1.0,,,,,,
q,dual_x_dim,9,0.4168672354707817,50.0,,1e-05,32.0,,100,0.0008410614545955,0.0007643064139002,1.0,1.0,,,,,,
q,dual_x_dim,9,0.4168672354707817,50.0,,1e-05,32.0,,500,0.0019935386958349,0.0014240775435085,1.0,1.0,,,,,,
q,dual_x_dim,10,0.4462354434217582,50.0,,1e-05,32.0,,100,0.0006333297455775,0.00055116972129,1.0,1.0,,,,,,
q,dual_x_dim,10,0.4462354434217582,50.0,,1e-05,32.0,,500,0.0021723339796206,0.0014836636623418,1.0,1.0,,,,,,
q,dual_x_dim,11,0.3453439906042841,50.0,,1e-05,32.0,,100,0.0005655657769035,0.0005304395514351,1.0,1.0,,,,,,
q,dual_x_dim,11,0.3453439906042841,50.0,,1e-05,32.0,,500,0.0031474499449248,0.0031056854602899,1.0,1.0,,,,,,
q,dual_x_dim,12,0.5218634903299535,50.0,,1e-05,32.0,,100,0.0006279683017209,0.0006249998988733,1.0,1.0,,,,,,
q,dual_x_dim,12,0.5218634903299535,50.0,,1e-05,32.0,,500,0.0059187915028013,0.0056277352832569,1.0,1.0,,,,,,
q,dual_x_dim,13,0.4206226488705533,50.0,,1e-05,32.0,,100,0.000483336926377,0.0003226388624806,1.0,1.0,,,,,,
q,dual_x_dim,13,0.4206226488705533,50.0,,1e-05,32.0,,500,0.0045811445956047,0.0042345209066954,1.0,1.0,,,,,,
q,dual_x_dim,14,0.4990514455594063,50.0,,1e-05,32.0,,100,0.0006172087120371,0.0005597124311707,1.0,1.0,,,,,,
q,dual_x_dim,14,0.4990514455594063,50.0,,1e-05,32.0,,500,0.0010288619937686,0.0009919104376596,1.0,1.0,,,,,,
q,dual_x_dim,15,0.4726710863089248,50.0,,1e-05,32.0,,100,0.0004294911047867,0.0004172197779991,1.0,1.0,,,,,,
q,dual_x_dim,15,0.4726710863089248,50.0,,1e-05,32.0,,500,0.0017907294305221,0.0007190241470241,1.0,1.0,,,,,,
q,dual_x_dim,8,0.4959463421379046,50.0,,1e-05,24.0,,100,0.0004135301519386,0.0003744281872143,1.0,1.0,,,,,,
q,dual_x_dim,8,0.4959463421379046,50.0,,1e-05,24.0,,500,0.0033992094975932,0.0029582151180245,1.0,1.0,,,,,,
q,dual_x_dim,9,0.5641386095086601,50.0,,1e-05,24.0,,100,0.0010392894136667,0.0009628277663863,1.0,1.0,,,,,,
q,dual_x_dim,9,0.5641386095086601,50.0,,1e-05,24.0,,500,0.0024789738448146,0.0019986490342918,1.0,1.0,,,,,,
q,dual_x_dim,10,0.5394950538589948,50.0,,1e-05,24.0,,100,0.0007757362296452,0.0006962998656627,1.0,1.0,,,,,,
q,dual_x_dim,10,0.5394950538589948,50.0,,1e-05,24.0,,500,0.0030772140330275,0.0021545743617101,1.0,1.0,,,,,,
q,dual_x_dim,11,0.4323375414471957,50.0,,1e-05,24.0,,100,0.0005561333967082,0.0004851208240375,1.0,1.0,,,,,,
q,dual_x_dim,11,0.4323375414471957,50.0,,1e-05,24.0,,500,0.00270197399467,0.0026571813158797,1.0,1.0,,,,,,
q,dual_x_dim,0,0.475488624112919,50.0,,1e-05,32.0,,100,0.0006365949835716,0.0006070187422637,1.0,1.0,,,,,,
q,dual_x_dim,0,0.475488624112919,50.0,,1e-05,32.0,,500,0.0028937143936964,0.0025297875047898,1.0,1.0,,,,,,
q,dual_x_dim,1,0.4081277900492999,50.0,,1e-05,32.0,,100,0.0006578189092134,0.0006542077640168,1.0,1.0,,,,,,
q,dual_x_dim,1,0.4081277900492999,50.0,,1e-05,32.0,,500,0.00528713389224,0.005134606788586,1.0,1.0,,,,,,
q,dual_x_dim,2,0.4730093470080129,50.0,,1e-05,32.0,,100,0.0008405503888384,0.0007736550426025,1.0,1.0,,,,,,
q,dual_x_dim,2,0.4730093470080129,50.0,,1e-05,32.0,,500,0.0020058808964745,0.0015830545451672,1.0,1.0,,,,,,
q,dual_x_dim,3,0.4466934199958885,50.0,,1e-05,32.0,,100,0.0005346532753755,0.0004017075854122,1.0,1.0,,,,,,
q,dual_x_dim,3,0.4466934199958885,50.0,,1e-05,32.0,,500,0.0023764933796414,0.0023691178337917,1.0,1.0,,,,,,
q,dual_x_dim,16,0.4514587337877777,50.0,,1e-05,32.0,,100,0.0007213060490048,0.0006294456392678,1.0,1.0,,,,,,
q,dual_x_dim,16,0.4514587337877777,50.0,,1e-05,32.0,,500,0.0062351474205644,0.0062186514733117,1.0,1.0,,,,,,
q,dual_x_dim,17,0.4502359836938825,50.0,,1e-05,32.0,,100,0.000549889950842,0.0005154106674147,1.0,1.0,,,,,,
q,dual_x_dim,17,0.4502359836938825,50.0,,1e-05,32.0,,500,0.005281593732203,0.005281593732203,1.0,1.0,,,,,,
q,dual_x_dim,18,0.5626601659757056,50.0,,1e-05,32.0,,100,0.0006466835752811,0.0005705805517397,1.0,1.0,,,,,,
q,dual_x_dim,18,0.5626601659757056,50.0,,1e-05,32.0,,500,0.0042519738646573,0.0041107869122454,1.0,1.0,,,,,,
q,dual_x_dim,19,0.4107705136378998,50.0,,1e-05,32.0,,100,0.0005049608442043,0.0003550636493442,1.0,1.0,,,,,,
q,dual_x_dim,19,0.4107705136378998,50.0,,1e-05,32.0,,500,0.002956228031417,0.0021243461276192,1.0,1.0,,,,,,
q,dual_x_dim,4,0.4116536270898129,50.0,,1e-05,64.0,,100,0.0003469828765674,0.000320812181993,1.0,1.0,,,,,,
q,dual_x_dim,4,0.4116536270898129,50.0,,1e-05,64.0,,500,0.001298450471217,0.0010158691431931,1.0,1.0,,,,,,
q,dual_x_dim,5,0.2934330069333181,50.0,,1e-05,64.0,,100,0.0005050797752473,0.0004605339758364,1.0,1.0,,,,,,
q,dual_x_dim,5,0.2934330069333181,50.0,,1e-05,64.0,,500,0.0013498151705029,0.0008943015030355,1.0,1.0,,,,,,
q,dual_x_dim,6,0.4216337928389128,50.0,,1e-05,64.0,,100,0.000684305478324,0.0006839317765645,1.0,1.0,,,,,,
q,dual_x_dim,6,0.4216337928389128,50.0,,1e-05,64.0,,500,0.002220618286461,0.0021931111746753,1.0,1.0,,,,,,
q,dual_x_dim,7,0.348135709032997,50.0,,1e-05,64.0,,100,0.0003052744514268,0.0002447667404533,1.0,1.0,,,,,,
q,dual_x_dim,7,0.348135709032997,50.0,,1e-05,64.0,,500,0.0013667768212268,0.0010210604944651,1.0,1.0,,,,,,
q,dual_x_dim,0,0.3221759901052828,50.0,,1e-05,64.0,,100,0.0005996090759485,0.0005665090071815,1.0,1.0,,,,,,
q,dual_x_dim,0,0.3221759901052828,50.0,,1e-05,64.0,,500,0.0024098950989015,0.0020678130082887,1.0,1.0,,,,,,
q,dual_x_dim,1,0.2955807837596712,50.0,,1e-05,64.0,,100,0.0006123106606843,0.0006071717540196,1.0,1.0,,,,,,
q,dual_x_dim,1,0.2955807837596712,50.0,,1e-05,64.0,,500,0.0046885504570783,0.0046446556091161,1.0,1.0,,,,,,
q,dual_x_dim,2,0.3180382777636512,50.0,,1e-05,64.0,,100,0.0004938125603866,0.0004386539916529,1.0,1.0,,,,,,
q,dual_x_dim,2,0.3180382777636512,50.0,,1e-05,64.0,,500,0.0011998923262916,0.0010243729808245,1.0,1.0,,,,,,
q,dual_x_dim,3,0.3669287418772428,50.0,,1e-05,64.0,,100,0.0006040476894212,0.0004871704447732,1.0,1.0,,,,,,
q,dual_x_dim,3,0.3669287418772428,50.0,,1e-05,64.0,,500,0.0023398662924032,0.002337820267757,1.0,1.0,,,,,,
q,dual_x_dim,8,0.3115759651311149,50.0,,1e-05,64.0,,100,0.0003238873118934,0.0003189807154885,1.0,1.0,,,,,,
q,dual_x_dim,8,0.3115759651311149,50.0,,1e-05,64.0,,500,0.0041778478016467,0.003777289470362,1.0,1.0,,,,,,
q,dual_x_dim,9,0.3456124348675807,50.0,,1e-05,64.0,,100,0.0007497182169045,0.0006665321263571,1.0,1.0,,,,,,
q,dual_x_dim,9,0.3456124348675807,50.0,,1e-05,64.0,,500,0.0015545595129036,0.0008988897201844,1.0,1.0,,,,,,
q,dual_x_dim,10,0.378879289575792,50.0,,1e-05,64.0,,100,0.0005884179689765,0.0005037504268621,1.0,1.0,,,,,,
q,dual_x_dim,10,0.378879289575792,50.0,,1e-05,64.0,,500,0.0017309358673833,0.0011303468486127,1.0,1.0,,,,,,
q,dual_x_dim,11,0.3274053988382884,50.0,,1e-05,64.0,,100,0.0004471602773211,0.0003139233569397,1.0,1.0,,,,,,
q,dual_x_dim,11,0.3274053988382884,50.0,,1e-05,64.0,,500,0.0021281563895341,0.0020993067248555,1.0,1.0,,,,,,
q,dual_x_dim,12,0.3764796768453319,50.0,,1e-05,64.0,,100,0.0006607388875721,0.0006607388875721,1.0,1.0,,,,,,
q,dual_x_dim,12,0.3764796768453319,50.0,,1e-05,64.0,,500,0.0051849329212951,0.0049330368217925,1.0,1.0,,,,,,
q,dual_x_dim,13,0.3272847901693679,50.0,,1e-05,64.0,,100,0.0004341839689835,0.0003053772179875,1.0,1.0,,,,,,
q,dual_x_dim,13,0.3272847901693679,50.0,,1e-05,64.0,,500,0.0029691028746778,0.0025558382137202,1.0,1.0,,,,,,
q,dual_x_dim,14,0.3264379164132335,50.0,,1e-05,64.0,,100,0.0004850425359479,0.0004398203621307,1.0,1.0,,,,,,
q,dual_x_dim,14,0.3264379164132335,50.0,,1e-05,64.0,,500,0.0009108494009479,0.0008674380464067,1.0,1.0,,,,,,
q,dual_x_dim,15,0.3124018770445692,50.0,,1e-05,64.0,,100,0.0004452689726602,0.0004452689726602,1.0,1.0,,,,,,
q,dual_x_dim,15,0.3124018770445692,50.0,,1e-05,64.0,,500,0.0012197101514761,0.0012180923392817,1.0,1.0,,,,,,
q,dual_x_dim,0,0.1561151590110898,50.0,,1e-05,256.0,,100,0.0005259292760553,0.0004985583267878,1.0,1.0,,,,,,
q,dual_x_dim,0,0.1561151590110898,50.0,,1e-05,256.0,,500,0.0018376937517216,0.0015260720072897,1.0,1.0,,,,,,
q,dual_x_dim,1,0.1544549162417507,50.0,,1e-05,256.0,,100,0.000640311626828,0.000640311626828,1.0,1.0,,,,,,
q,dual_x_dim,1,0.1544549162417507,50.0,,1e-05,256.0,,500,0.0042157053591953,0.0042155340450631,1.0,1.0,,,,,,
q,dual_x_dim,2,0.1611444428630177,50.0,,1e-05,256.0,,100,0.0004216107390333,0.0003475271471,1.0,1.0,,,,,,
q,dual_x_dim,2,0.1611444428630177,50.0,,1e-05,256.0,,500,0.0011216111218025,0.0009469591370684,1.0,1.0,,,,,,
q,dual_x_dim,3,0.1386638649939305,50.0,,1e-05,256.0,,100,0.0004854984038075,0.0003764921329022,1.0,1.0,,,,,,
q,dual_x_dim,3,0.1386638649939305,50.0,,1e-05,256.0,,500,0.0015489497584408,0.0015300944052435,1.0,1.0,,,,,,
q,dual_x_dim,16,0.3106442961881303,50.0,,1e-05,64.0,,100,0.0006747561391864,0.000603006014691,1.0,1.0,,,,,,
q,dual_x_dim,16,0.3106442961881303,50.0,,1e-05,64.0,,500,0.0061452744029746,0.0060732432147712,1.0,1.0,,,,,,
q,dual_x_dim,17,0.3375870917971322,50.0,,1e-05,64.0,,100,0.0005629868615991,0.0005178493065521,1.0,1.0,,,,,,
q,dual_x_dim,17,0.3375870917971322,50.0,,1e-05,64.0,,500,0.0047876796307781,0.0047876796307781,1.0,1.0,,,,,,
q,dual_x_dim,18,0.3627706335134446,50.0,,1e-05,64.0,,100,0.0007199191160618,0.0005507716159942,1.0,1.0,,,,,,
q,dual_x_dim,18,0.3627706335134446,50.0,,1e-05,64.0,,500,0.0028451692480335,0.0027494542123482,1.0,1.0,,,,,,
q,dual_x_dim,19,0.2719782442600281,50.0,,1e-05,64.0,,100,0.0003079546925781,0.0002923041578095,1.0,1.0,,,,,,
q,dual_x_dim,19,0.2719782442600281,50.0,,1e-05,64.0,,500,0.0038024714383606,0.003667195503429,1.0,1.0,,,,,,
q,dual_x_dim,0,0.2769788139980297,50.0,,1e-05,128.0,,100,0.000561847512303,0.0005339291770143,1.0,1.0,,,,,,
q,dual_x_dim,0,0.2769788139980297,50.0,,1e-05,128.0,,500,0.0021115956959698,0.0017956550799288,1.0,1.0,,,,,,
q,dual_x_dim,1,0.2437982963519862,50.0,,1e-05,128.0,,100,0.0006406995235932,0.0006406995235932,1.0,1.0,,,,,,
q,dual_x_dim,1,0.2437982963519862,50.0,,1e-05,128.0,,500,0.0043018360014244,0.0042774686635138,1.0,1.0,,,,,,
q,dual_x_dim,2,0.2433973032733596,50.0,,1e-05,128.0,,100,0.0004232934424307,0.0003504347136032,1.0,1.0,,,,,,
q,dual_x_dim,2,0.2433973032733596,50.0,,1e-05,128.0,,500,0.0010310142378389,0.0007949560482165,1.0,1.0,,,,,,
q,dual_x_dim,3,0.2265935165248834,50.0,,1e-05,128.0,,100,0.0005253005469155,0.0004104172094002,1.0,1.0,,,,,,
q,dual_x_dim,3,0.2265935165248834,50.0,,1e-05,128.0,,500,0.0018989464950149,0.001881764836792,1.0,1.0,,,,,,
q,dual_x_dim,4,0.2463705230170547,50.0,,1e-05,128.0,,100,0.0003036982798239,0.0003036982798239,1.0,1.0,,,,,,
q,dual_x_dim,4,0.2463705230170547,50.0,,1e-05,128.0,,500,0.0010899721610568,0.0009309434160633,1.0,1.0,,,,,,
q,dual_x_dim,5,0.2007125177184121,50.0,,1e-05,128.0,,100,0.0004417226210695,0.0004042135630683,1.0,1.0,,,,,,
q,dual_x_dim,5,0.2007125177184121,50.0,,1e-05,128.0,,500,0.0009826035542972,0.000609354454967,1.0,1.0,,,,,,
q,dual_x_dim,6,0.2719857913570569,50.0,,1e-05,128.0,,100,0.0007219040841917,0.0007219040841917,1.0,1.0,,,,,,
q,dual_x_dim,6,0.2719857913570569,50.0,,1e-05,128.0,,500,0.0020742912522928,0.0020402281863929,1.0,1.0,,,,,,
q,dual_x_dim,7,0.2114275672740672,50.0,,1e-05,128.0,,100,0.0002335445236169,0.0002228355325777,1.0,1.0,,,,,,
q,dual_x_dim,7,0.2114275672740672,50.0,,1e-05,128.0,,500,0.0007980180286706,0.0005846395715134,1.0,1.0,,,,,,
q,dual_x_dim,8,0.2149741897036,50.0,,1e-05,128.0,,100,0.000289020924306,0.0002876531502358,1.0,1.0,,,,,,
q,dual_x_dim,8,0.2149741897036,50.0,,1e-05,128.0,,500,0.0034544315087841,0.0031048313073589,1.0,1.0,,,,,,
q,dual_x_dim,9,0.2567751353259747,50.0,,1e-05,128.0,,100,0.0007992500718788,0.0007137110721229,1.0,1.0,,,,,,
q,dual_x_dim,9,0.2567751353259747,50.0,,1e-05,128.0,,500,0.0020106989718238,0.0015264623095068,1.0,1.0,,,,,,
q,dual_x_dim,10,0.2486463417142581,50.0,,1e-05,128.0,,100,0.0005911549814122,0.0005024932962182,1.0,1.0,,,,,,
q,dual_x_dim,10,0.2486463417142581,50.0,,1e-05,128.0,,500,0.0015697911772463,0.0010180650934725,1.0,1.0,,,,,,
q,dual_x_dim,11,0.1974217867761011,50.0,,1e-05,128.0,,100,0.0003937548255489,0.0003265823826508,1.0,1.0,,,,,,
q,dual_x_dim,11,0.1974217867761011,50.0,,1e-05,128.0,,500,0.0016492804612824,0.0016160519643455,1.0,1.0,,,,,,
q,dual_x_dim,12,0.2230611143413504,50.0,,1e-05,128.0,,100,0.000618036700169,0.000618036700169,1.0,1.0,,,,,,
q,dual_x_dim,12,0.2230611143413504,50.0,,1e-05,128.0,,500,0.0050276158737561,0.0048254295198022,1.0,1.0,,,,,,
q,dual_x_dim,13,0.2868358576336272,50.0,,1e-05,128.0,,100,0.0004051361461441,0.0003014281001867,1.0,1.0,,,,,,
q,dual_x_dim,13,0.2868358576336272,50.0,,1e-05,128.0,,500,0.0022504526304789,0.0018288871880418,1.0,1.0,,,,,,
q,dual_x_dim,14,0.260450112016454,50.0,,1e-05,128.0,,100,0.0004428114560563,0.0004040320798363,1.0,1.0,,,,,,
q,dual_x_dim,14,0.260450112016454,50.0,,1e-05,128.0,,500,0.000852571076227,0.0008179787654846,1.0,1.0,,,,,,
q,dual_x_dim,15,0.2108225834473612,50.0,,1e-05,128.0,,100,0.0004036997004843,0.0004036997004843,1.0,1.0,,,,,,
q,dual_x_dim,15,0.2108225834473612,50.0,,1e-05,128.0,,500,0.0013316210760323,0.0013316210760323,1.0,1.0,,,,,,
q,dual_x_dim,16,0.2383339427238416,50.0,,1e-05,128.0,,100,0.0005261558209717,0.0004731054558249,1.0,1.0,,,,,,
q,dual_x_dim,16,0.2383339427238416,50.0,,1e-05,128.0,,500,0.0048505070675735,0.004813877703897,1.0,1.0,,,,,,
q,dual_x_dim,17,0.1810992779347456,50.0,,1e-05,128.0,,100,0.0005640953748962,0.0005271077383591,1.0,1.0,,,,,,
q,dual_x_dim,17,0.1810992779347456,50.0,,1e-05,128.0,,500,0.003170111378818,0.0031472533882097,1.0,1.0,,,,,,
q,dual_x_dim,18,0.3105319741536367,50.0,,1e-05,128.0,,100,0.00067893544777,0.0005334318648921,1.0,1.0,,,,,,
q,dual_x_dim,18,0.3105319741536367,50.0,,1e-05,128.0,,500,0.0028300082541488,0.0027275243013464,1.0,1.0,,,,,,
q,dual_x_dim,19,0.1828295288710636,50.0,,1e-05,128.0,,100,0.0003381637841398,0.0003310078912216,1.0,1.0,,,,,,
q,dual_x_dim,19,0.1828295288710636,50.0,,1e-05,128.0,,500,0.0035042066376966,0.0034027359106469,1.0,1.0,,,,,,
q,dual_x_dim,12,0.1576595918302586,50.0,,1e-05,256.0,,100,0.0005841538501691,0.0005841538501691,1.0,1.0,,,,,,
q,dual_x_dim,12,0.1576595918302586,50.0,,1e-05,256.0,,500,0.0049596875451296,0.0047954355070645,1.0,1.0,,,,,,
q,dual_x_dim,13,0.1825318597082257,50.0,,1e-05,256.0,,100,0.0004032300158442,0.0002424427615037,1.0,1.0,,,,,,
q,dual_x_dim,13,0.1825318597082257,50.0,,1e-05,256.0,,500,0.0019353303100246,0.0014744126289429,1.0,1.0,,,,,,
q,dual_x_dim,14,0.1314253804517846,50.0,,1e-05,256.0,,100,0.0004545825184288,0.0004291638424859,1.0,1.0,,,,,,
q,dual_x_dim,14,0.1314253804517846,50.0,,1e-05,256.0,,500,0.0007470459758593,0.0006818989938192,1.0,1.0,,,,,,
q,dual_x_dim,15,0.147930466476972,50.0,,1e-05,256.0,,100,0.0004217703623106,0.0004217703623106,1.0,1.0,,,,,,
q,dual_x_dim,15,0.147930466476972,50.0,,1e-05,256.0,,500,0.0013120793212326,0.0013120793212326,1.0,1.0,,,,,,
q,dual_x_dim,4,0.2199032936958288,50.0,,1e-05,256.0,,100,0.0002629211287124,0.0002629211287124,1.0,1.0,,,,,,
q,dual_x_dim,4,0.2199032936958288,50.0,,1e-05,256.0,,500,0.000753665355091,0.0006068215590047,1.0,1.0,,,,,,
q,dual_x_dim,5,0.1706797529091717,50.0,,1e-05,256.0,,100,0.0004224960839591,0.0003741948810375,1.0,1.0,,,,,,
q,dual_x_dim,5,0.1706797529091717,50.0,,1e-05,256.0,,500,0.0011334201245283,0.0007524052937037,1.0,1.0,,,,,,
q,dual_x_dim,6,0.1826961665570637,50.0,,1e-05,256.0,,100,0.0006666466345324,0.0006666466345324,1.0,1.0,,,,,,
q,dual_x_dim,6,0.1826961665570637,50.0,,1e-05,256.0,,500,0.0019569895473954,0.0019146108663861,1.0,1.0,,,,,,
q,dual_x_dim,7,0.1382621299628856,50.0,,1e-05,256.0,,100,0.0002486965998849,0.0001956642075123,1.0,1.0,,,,,,
q,dual_x_dim,7,0.1382621299628856,50.0,,1e-05,256.0,,500,0.0010369889406924,0.0005829356613964,1.0,1.0,,,,,,
q,dual_x_dim,16,0.1816174986867891,50.0,,1e-05,256.0,,100,0.0004097946467926,0.0003694972800256,1.0,1.0,,,,,,
q,dual_x_dim,16,0.1816174986867891,50.0,,1e-05,256.0,,500,0.0040854897985762,0.0040447200270605,1.0,1.0,,,,,,
q,dual_x_dim,17,0.1604795312524981,50.0,,1e-05,256.0,,100,0.0005004001308774,0.000483214420636,1.0,1.0,,,,,,
q,dual_x_dim,17,0.1604795312524981,50.0,,1e-05,256.0,,500,0.003294245473695,0.003277414091336,1.0,1.0,,,,,,
q,dual_x_dim,18,0.1535224584703985,50.0,,1e-05,256.0,,100,0.0006823006487086,0.0005478671733352,1.0,1.0,,,,,,
q,dual_x_dim,18,0.1535224584703985,50.0,,1e-05,256.0,,500,0.0028055770611055,0.0027155580692981,1.0,1.0,,,,,,
q,dual_x_dim,19,0.1605501696049673,50.0,,1e-05,256.0,,100,0.0003264079852666,0.0003264079852666,1.0,1.0,,,,,,
q,dual_x_dim,19,0.1605501696049673,50.0,,1e-05,256.0,,500,0.0032704185400898,0.0031830644580765,1.0,1.0,,,,,,
q,dual_x_dim,8,0.1738344351847317,50.0,,1e-05,256.0,,100,0.0002993004744533,0.0002993004744533,1.0,1.0,,,,,,
q,dual_x_dim,8,0.1738344351847317,50.0,,1e-05,256.0,,500,0.003706499948477,0.0033534343091503,1.0,1.0,,,,,,
q,dual_x_dim,9,0.2133657125731659,50.0,,1e-05,256.0,,100,0.0008772881033669,0.0007922475948122,1.0,1.0,,,,,,
q,dual_x_dim,9,0.2133657125731659,50.0,,1e-05,256.0,,500,0.0020670408959249,0.0017152562888502,1.0,1.0,,,,,,
q,dual_x_dim,10,0.2254427509551922,50.0,,1e-05,256.0,,100,0.000566311423661,0.0004835159430881,1.0,1.0,,,,,,
q,dual_x_dim,10,0.2254427509551922,50.0,,1e-05,256.0,,500,0.0013247131010216,0.000766467161537,1.0,1.0,,,,,,
q,dual_x_dim,11,0.1840049138218659,50.0,,1e-05,256.0,,100,0.0003464530735192,0.0002992734537196,1.0,1.0,,,,,,
q,dual_x_dim,11,0.1840049138218659,50.0,,1e-05,256.0,,500,0.0014391326814535,0.0014146866716522,1.0,1.0,,,,,,
q,dual_x_dim,0,0.1030968424041055,50.0,,1e-05,512.0,,100,0.0004645932924287,0.0004376779324819,1.0,1.0,,,,,,
q,dual_x_dim,0,0.1030968424041055,50.0,,1e-05,512.0,,500,0.0017876748660742,0.0015122918748041,1.0,1.0,,,,,,
q,dual_x_dim,1,0.1140296269471779,50.0,,1e-05,512.0,,100,0.0006578336065397,0.0006578336065397,1.0,1.0,,,,,,
q,dual_x_dim,1,0.1140296269471779,50.0,,1e-05,512.0,,500,0.0041808859599203,0.004177104074722,1.0,1.0,,,,,,
q,dual_x_dim,2,0.0927791855463762,50.0,,1e-05,512.0,,100,0.0004072939117734,0.0003254762245995,1.0,1.0,,,,,,
q,dual_x_dim,2,0.0927791855463762,50.0,,1e-05,512.0,,500,0.0009921804022232,0.0007590604234299,1.0,1.0,,,,,,
q,dual_x_dim,3,0.1189404917111431,50.0,,1e-05,512.0,,100,0.000491639468123,0.0003816138114105,1.0,1.0,,,,,,
q,dual_x_dim,3,0.1189404917111431,50.0,,1e-05,512.0,,500,0.0014936720451244,0.0014699512986804,1.0,1.0,,,,,,
q,dual_x_dim,4,0.1426867814088468,50.0,,1e-05,512.0,,100,0.0002869728504417,0.0001880027282305,1.0,1.0,,,,,,
q,dual_x_dim,4,0.1426867814088468,50.0,,1e-05,512.0,,500,0.0006356190262875,0.0004865148290553,1.0,1.0,,,,,,
q,dual_x_dim,5,0.1064487629651989,50.0,,1e-05,512.0,,100,0.0004131272948429,0.0003549808138426,1.0,1.0,,,,,,
q,dual_x_dim,5,0.1064487629651989,50.0,,1e-05,512.0,,500,0.0010247645446113,0.0006714337062443,1.0,1.0,,,,,,
q,dual_x_dim,6,0.1201973174121529,50.0,,1e-05,512.0,,100,0.0005907797287356,0.0005907797287356,1.0,1.0,,,,,,
q,dual_x_dim,6,0.1201973174121529,50.0,,1e-05,512.0,,500,0.0024863170233673,0.0024390428574632,1.0,1.0,,,,,,
q,dual_x_dim,7,0.1125765245269145,50.0,,1e-05,512.0,,100,0.0002258616215793,0.000173651071625,1.0,1.0,,,,,,
q,dual_x_dim,7,0.1125765245269145,50.0,,1e-05,512.0,,500,0.0010161986348706,0.0005645237162141,1.0,1.0,,,,,,
q,dual_x_dim,8,0.1417573096555955,50.0,,1e-05,512.0,,100,0.0002804238200243,0.0002745702533352,1.0,1.0,,,,,,
q,dual_x_dim,8,0.1417573096555955,50.0,,1e-05,512.0,,500,0.0035049490794576,0.0031748144832348,1.0,1.0,,,,,,
q,dual_x_dim,9,0.133041364360873,50.0,,1e-05,512.0,,100,0.0009097207367144,0.0008300347389287,1.0,1.0,,,,,,
q,dual_x_dim,9,0.133041364360873,50.0,,1e-05,512.0,,500,0.002129358713419,0.0017882674925138,1.0,1.0,,,,,,
q,dual_x_dim,10,0.1169679487972046,50.0,,1e-05,512.0,,100,0.0005455674346856,0.0004573225288135,1.0,1.0,,,,,,
q,dual_x_dim,10,0.1169679487972046,50.0,,1e-05,512.0,,500,0.0013563912338647,0.0008388464415127,1.0,1.0,,,,,,
q,dual_x_dim,11,0.1246017663255829,50.0,,1e-05,512.0,,100,0.0003515190264173,0.0002931605544123,1.0,1.0,,,,,,
q,dual_x_dim,11,0.1246017663255829,50.0,,1e-05,512.0,,500,0.0015348453821986,0.0015083903593591,1.0,1.0,,,,,,
q,dual_x_dim,0,0.0832455924980941,50.0,,1e-05,1024.0,,100,0.0004544691979879,0.0004301265212078,1.0,1.0,,,,,,
q,dual_x_dim,0,0.0832455924980941,50.0,,1e-05,1024.0,,500,0.001705839870955,0.0014367158159038,1.0,1.0,,,,,,
q,dual_x_dim,1,0.0977398989210664,50.0,,1e-05,1024.0,,100,0.0006476949583762,0.0006476949583762,1.0,1.0,,,,,,
q,dual_x_dim,1,0.0977398989210664,50.0,,1e-05,1024.0,,500,0.0041295688310372,0.0041295688310372,1.0,1.0,,,,,,
q,dual_x_dim,2,0.098176231085323,50.0,,1e-05,1024.0,,100,0.0003952036054922,0.0003289909530946,1.0,1.0,,,,,,
q,dual_x_dim,2,0.098176231085323,50.0,,1e-05,1024.0,,500,0.0010271372563769,0.0007905748286023,1.0,1.0,,,,,,
q,dual_x_dim,3,0.1202208739769747,50.0,,1e-05,1024.0,,100,0.0004793738242922,0.000367522859807,1.0,1.0,,,,,,
q,dual_x_dim,3,0.1202208739769747,50.0,,1e-05,1024.0,,500,0.0015718039033432,0.0015570480730925,1.0,1.0,,,,,,
q,dual_x_dim,12,0.1382766162059651,50.0,,1e-05,512.0,,100,0.0005971254650108,0.0005971254650108,1.0,1.0,,,,,,
q,dual_x_dim,12,0.1382766162059651,50.0,,1e-05,512.0,,500,0.0050420110480224,0.0048784788619633,1.0,1.0,,,,,,
q,dual_x_dim,13,0.1196281776795636,50.0,,1e-05,512.0,,100,0.0003877102342879,0.0002809589893943,1.0,1.0,,,,,,
q,dual_x_dim,13,0.1196281776795636,50.0,,1e-05,512.0,,500,0.0019721933390992,0.0015414457606395,1.0,1.0,,,,,,
q,dual_x_dim,14,0.1340870593186491,50.0,,1e-05,512.0,,100,0.0004479601455887,0.0004157771905638,1.0,1.0,,,,,,
q,dual_x_dim,14,0.1340870593186491,50.0,,1e-05,512.0,,500,0.0007925003921093,0.0007257811754667,1.0,1.0,,,,,,
q,dual_x_dim,15,0.0967374670363391,50.0,,1e-05,512.0,,100,0.0004167880778016,0.0004167880778016,1.0,1.0,,,,,,
q,dual_x_dim,15,0.0967374670363391,50.0,,1e-05,512.0,,500,0.0013592144080636,0.0013592144080636,1.0,1.0,,,,,,
q,dual_x_dim,16,0.1174795013926857,50.0,,1e-05,512.0,,100,0.0003998795507358,0.0003560741660371,1.0,1.0,,,,,,
q,dual_x_dim,16,0.1174795013926857,50.0,,1e-05,512.0,,500,0.003652441597735,0.0036143976448039,1.0,1.0,,,,,,
q,dual_x_dim,17,0.1417826345959721,50.0,,1e-05,512.0,,100,0.0004418556845273,0.0004392018199089,1.0,1.0,,,,,,
q,dual_x_dim,17,0.1417826345959721,50.0,,1e-05,512.0,,500,0.0033360831905131,0.0033040023565229,1.0,1.0,,,,,,
q,dual_x_dim,18,0.0907625039255792,50.0,,1e-05,512.0,,100,0.0006367804765399,0.0004992656443243,1.0,1.0,,,,,,
q,dual_x_dim,18,0.0907625039255792,50.0,,1e-05,512.0,,500,0.002481392811108,0.002431900687899,1.0,1.0,,,,,,
q,dual_x_dim,19,0.1233153610554358,50.0,,1e-05,512.0,,100,0.0003956134302185,0.0003956134302185,1.0,1.0,,,,,,
q,dual_x_dim,19,0.1233153610554358,50.0,,1e-05,512.0,,500,0.0031925093567641,0.0031103426183842,1.0,1.0,,,,,,
q,dual_x_dim,4,0.0858213646046357,50.0,,1e-05,1024.0,,100,0.0002951867928226,0.0001716409782364,1.0,1.0,,,,,,
q,dual_x_dim,4,0.0858213646046357,50.0,,1e-05,1024.0,,500,0.0004916300064148,0.000287477359131,1.0,1.0,,,,,,
q,dual_x_dim,5,0.095290498691526,50.0,,1e-05,1024.0,,100,0.0004175081558215,0.0003613787836126,1.0,1.0,,,,,,
q,dual_x_dim,5,0.095290498691526,50.0,,1e-05,1024.0,,500,0.0009828332601617,0.000630923828929,1.0,1.0,,,,,,
q,dual_x_dim,6,0.0858756883561873,50.0,,1e-05,1024.0,,100,0.0005831367858937,0.0005831367858937,1.0,1.0,,,,,,
q,dual_x_dim,6,0.0858756883561873,50.0,,1e-05,1024.0,,500,0.0024937824498154,0.0024417635975053,1.0,1.0,,,,,,
q,dual_x_dim,7,0.0844807231030569,50.0,,1e-05,1024.0,,100,0.0002299160381944,0.0001818927685341,1.0,1.0,,,,,,
q,dual_x_dim,7,0.0844807231030569,50.0,,1e-05,1024.0,,500,0.001031140356865,0.0005795157371966,1.0,1.0,,,,,,
q,dual_x_dim,8,0.0855617921909968,50.0,,1e-05,1024.0,,100,0.0003021048048468,0.000290983540824,1.0,1.0,,,,,,
q,dual_x_dim,8,0.0855617921909968,50.0,,1e-05,1024.0,,500,0.0035929073207108,0.0032577844033252,1.0,1.0,,,,,,
q,dual_x_dim,9,0.1003569482236124,50.0,,1e-05,1024.0,,100,0.000902388486106,0.0008235940817392,1.0,1.0,,,,,,
q,dual_x_dim,9,0.1003569482236124,50.0,,1e-05,1024.0,,500,0.0020686493046926,0.0017096599300761,1.0,1.0,,,,,,
q,dual_x_dim,10,0.0940662699861201,50.0,,1e-05,1024.0,,100,0.0005156040090317,0.0004333992081221,1.0,1.0,,,,,,
q,dual_x_dim,10,0.0940662699861201,50.0,,1e-05,1024.0,,500,0.0013538073784618,0.0008043451836718,1.0,1.0,,,,,,
q,dual_x_dim,11,0.0994580435870724,50.0,,1e-05,1024.0,,100,0.0003404196383313,0.0002963689058304,1.0,1.0,,,,,,
q,dual_x_dim,11,0.0994580435870724,50.0,,1e-05,1024.0,,500,0.0015757070478072,0.001549551768522,1.0,1.0,,,,,,
q,dual_x_dim,12,0.0662617463813111,50.0,,1e-05,1024.0,,100,0.0005723539902859,0.0005723539902859,1.0,1.0,,,,,,
q,dual_x_dim,12,0.0662617463813111,50.0,,1e-05,1024.0,,500,0.0048341191892358,0.0046626147524644,1.0,1.0,,,,,,
q,dual_x_dim,13,0.0876184035596533,50.0,,1e-05,1024.0,,100,0.0003912125238959,0.0002605124455106,1.0,1.0,,,,,,
q,dual_x_dim,13,0.0876184035596533,50.0,,1e-05,1024.0,,500,0.0019666178190487,0.0015346745254984,1.0,1.0,,,,,,
q,dual_x_dim,14,0.0975804595166753,50.0,,1e-05,1024.0,,100,0.0004569173063826,0.0004252665125193,1.0,1.0,,,,,,
q,dual_x_dim,14,0.0975804595166753,50.0,,1e-05,1024.0,,500,0.0007746261634563,0.0006928937566572,1.0,1.0,,,,,,
q,dual_x_dim,15,0.0830707630274445,50.0,,1e-05,1024.0,,100,0.0004161916152681,0.0004161916152681,1.0,1.0,,,,,,
q,dual_x_dim,15,0.0830707630274445,50.0,,1e-05,1024.0,,500,0.0012171084866818,0.0012171084866818,1.0,1.0,,,,,,
q,dual_x_dim,16,0.082259425917027,50.0,,1e-05,1024.0,,100,0.0004098703003989,0.0003693239411627,1.0,1.0,,,,,,
q,dual_x_dim,16,0.082259425917027,50.0,,1e-05,1024.0,,500,0.003662875178418,0.0036328212759522,1.0,1.0,,,,,,
q,dual_x_dim,17,0.1032670721174316,50.0,,1e-05,1024.0,,100,0.0004320543405527,0.0004320543405527,1.0,1.0,,,,,,
q,dual_x_dim,17,0.1032670721174316,50.0,,1e-05,1024.0,,500,0.0037285366070674,0.0037285366070674,1.0,1.0,,,,,,
q,dual_x_dim,18,0.0759683551193502,50.0,,1e-05,1024.0,,100,0.0005877596310026,0.0004497992039249,1.0,1.0,,,,,,
q,dual_x_dim,18,0.0759683551193502,50.0,,1e-05,1024.0,,500,0.0024254782396258,0.0023801353157062,1.0,1.0,,,,,,
q,dual_x_dim,19,0.0849126767994121,50.0,,1e-05,1024.0,,100,0.0003853809009477,0.0003853809009477,1.0,1.0,,,,,,
q,dual_x_dim,19,0.0849126767994121,50.0,,1e-05,1024.0,,500,0.0032351351806836,0.0031572009066334,1.0,1.0,,,,,,
q,dual_x_dim,0,0.0528122944875321,50.0,,1e-05,4096.0,,100,0.0004371829648983,0.0004134060078637,1.0,1.0,,,,,,
q,dual_x_dim,0,0.0528122944875321,50.0,,1e-05,4096.0,,500,0.0016057173514246,0.0013355748898876,1.0,1.0,,,,,,
q,dual_x_dim,1,0.0332337536226412,50.0,,1e-05,4096.0,,100,0.0006011355116259,0.0006011355116259,1.0,1.0,,,,,,
q,dual_x_dim,1,0.0332337536226412,50.0,,1e-05,4096.0,,500,0.0038882426959934,0.0038866526375822,1.0,1.0,,,,,,
q,dual_x_dim,2,0.0451743962171918,50.0,,1e-05,4096.0,,100,0.0003971143574926,0.0003269740439172,1.0,1.0,,,,,,
q,dual_x_dim,2,0.0451743962171918,50.0,,1e-05,4096.0,,500,0.0009692342280791,0.0006916496355394,1.0,1.0,,,,,,
q,dual_x_dim,3,0.0427116544627979,50.0,,1e-05,4096.0,,100,0.0004771110478719,0.0003654290519139,1.0,1.0,,,,,,
q,dual_x_dim,3,0.0427116544627979,50.0,,1e-05,4096.0,,500,0.0016496257434891,0.0016357441399412,1.0,1.0,,,,,,
q,dual_x_dim,4,0.0400158702661801,50.0,,1e-05,4096.0,,100,0.000303770861134,0.0001492154857021,1.0,1.0,,,,,,
q,dual_x_dim,4,0.0400158702661801,50.0,,1e-05,4096.0,,500,0.0004827959683311,0.0003102877642293,1.0,1.0,,,,,,
q,dual_x_dim,5,0.0370913464717784,50.0,,1e-05,4096.0,,100,0.0004061592990998,0.0003646938396998,1.0,1.0,,,,,,
q,dual_x_dim,5,0.0370913464717784,50.0,,1e-05,4096.0,,500,0.0010030397748286,0.0006406602304958,1.0,1.0,,,,,,
q,dual_x_dim,6,0.0479492321544804,50.0,,1e-05,4096.0,,100,0.0005573844923112,0.0005573844923112,1.0,1.0,,,,,,
q,dual_x_dim,6,0.0479492321544804,50.0,,1e-05,4096.0,,500,0.0026553077065796,0.002597665063349,1.0,1.0,,,,,,
q,dual_x_dim,7,0.0385382896527443,50.0,,1e-05,4096.0,,100,0.0002187765581828,0.0001900628007147,1.0,1.0,,,,,,
q,dual_x_dim,7,0.0385382896527443,50.0,,1e-05,4096.0,,500,0.0010067621503782,0.0005646237904128,1.0,1.0,,,,,,
q,dual_x_dim,12,0.0375271207122855,50.0,,1e-05,4096.0,,100,0.0005916827835522,0.0005916827835522,1.0,1.0,,,,,,
q,dual_x_dim,12,0.0375271207122855,50.0,,1e-05,4096.0,,500,0.0049307014105632,0.0047617940460444,1.0,1.0,,,,,,
q,dual_x_dim,13,0.0361136154477065,50.0,,1e-05,4096.0,,100,0.0003775911841296,0.0002683775691447,1.0,1.0,,,,,,
q,dual_x_dim,13,0.0361136154477065,50.0,,1e-05,4096.0,,500,0.0020710952837434,0.001635361018089,1.0,1.0,,,,,,
q,dual_x_dim,14,0.0462079830780834,50.0,,1e-05,4096.0,,100,0.0004508237372915,0.0004220628246107,1.0,1.0,,,,,,
q,dual_x_dim,14,0.0462079830780834,50.0,,1e-05,4096.0,,500,0.0007735288320928,0.0006898098781562,1.0,1.0,,,,,,
q,dual_x_dim,15,0.0412325635617556,50.0,,1e-05,4096.0,,100,0.0004108928473967,0.0004108928473967,1.0,1.0,,,,,,
q,dual_x_dim,15,0.0412325635617556,50.0,,1e-05,4096.0,,500,0.0012270794757398,0.0012270794757398,1.0,1.0,,,,,,
q,dual_x_dim,8,0.0543835979270181,50.0,,1e-05,4096.0,,100,0.0003053260978418,0.0002923863379578,1.0,1.0,,,,,,
q,dual_x_dim,8,0.0543835979270181,50.0,,1e-05,4096.0,,500,0.0038909301645468,0.0035376172644965,1.0,1.0,,,,,,
q,dual_x_dim,9,0.0376531093771584,50.0,,1e-05,4096.0,,100,0.0008932948613514,0.0008152107097325,1.0,1.0,,,,,,
q,dual_x_dim,9,0.0376531093771584,50.0,,1e-05,4096.0,,500,0.0020872290390849,0.0017349365594481,1.0,1.0,,,,,,
q,dual_x_dim,10,0.0468377476856461,50.0,,1e-05,4096.0,,100,0.000511261130644,0.0004289867815421,1.0,1.0,,,,,,
q,dual_x_dim,10,0.0468377476856461,50.0,,1e-05,4096.0,,500,0.0012896426528419,0.0007677316548178,1.0,1.0,,,,,,
q,dual_x_dim,11,0.0521751382836228,50.0,,1e-05,4096.0,,100,0.0003500607823443,0.0003017604908269,1.0,1.0,,,,,,
q,dual_x_dim,11,0.0521751382836228,50.0,,1e-05,4096.0,,500,0.0016723307307091,0.0016458547653548,1.0,1.0,,,,,,
q,dual_x_dim,0,0.0203569894689093,50.0,,1e-05,16384.0,,100,0.0004330003668204,0.0004100343828512,1.0,1.0,,,,,,
q,dual_x_dim,0,0.0203569894689093,50.0,,1e-05,16384.0,,500,0.0016027600296161,0.0013366670421564,1.0,1.0,,,,,,
q,dual_x_dim,1,0.0180762543208998,50.0,,1e-05,16384.0,,100,0.0005947208790504,0.0005947208790504,1.0,1.0,,,,,,
q,dual_x_dim,1,0.0180762543208998,50.0,,1e-05,16384.0,,500,0.003781794320115,0.0037701973116921,1.0,1.0,,,,,,
q,dual_x_dim,2,0.021402928767805,50.0,,1e-05,16384.0,,100,0.0003931784946094,0.0003211894352838,1.0,1.0,,,,,,
q,dual_x_dim,2,0.021402928767805,50.0,,1e-05,16384.0,,500,0.0009671947501875,0.0006756391952318,1.0,1.0,,,,,,
q,dual_x_dim,3,0.0187455835272602,50.0,,1e-05,16384.0,,100,0.0004818381180608,0.0003691542617501,1.0,1.0,,,,,,
q,dual_x_dim,3,0.0187455835272602,50.0,,1e-05,16384.0,,500,0.0016111630539755,0.0015970970129663,1.0,1.0,,,,,,
q,dual_x_dim,16,0.0479727073439655,50.0,,1e-05,4096.0,,100,0.0004072800717354,0.0003648722584684,1.0,1.0,,,,,,
q,dual_x_dim,16,0.0479727073439655,50.0,,1e-05,4096.0,,500,0.0036411510716263,0.0036242428551211,1.0,1.0,,,,,,
q,dual_x_dim,17,0.0520924933809918,50.0,,1e-05,4096.0,,100,0.000461669922969,0.000461669922969,1.0,1.0,,,,,,
q,dual_x_dim,17,0.0520924933809918,50.0,,1e-05,4096.0,,500,0.0035778812228697,0.0035778812228697,1.0,1.0,,,,,,
q,dual_x_dim,18,0.0485882391989239,50.0,,1e-05,4096.0,,100,0.0005835714896522,0.0004414917752864,1.0,1.0,,,,,,
q,dual_x_dim,18,0.0485882391989239,50.0,,1e-05,4096.0,,500,0.0022013379100656,0.0021665126101382,1.0,1.0,,,,,,
q,dual_x_dim,19,0.0383921864166432,50.0,,1e-05,4096.0,,100,0.0003772129952741,0.000367822940216,1.0,1.0,,,,,,
q,dual_x_dim,19,0.0383921864166432,50.0,,1e-05,4096.0,,500,0.0030704940375096,0.0029916796074225,1.0,1.0,,,,,,
q,dual_x_dim,4,0.0230212539981229,50.0,,1e-05,16384.0,,100,0.0003022348392026,0.0001523905848843,1.0,1.0,,,,,,
q,dual_x_dim,4,0.0230212539981229,50.0,,1e-05,16384.0,,500,0.0004845410309126,0.0002987021246743,1.0,1.0,,,,,,
q,dual_x_dim,5,0.018059158472521,50.0,,1e-05,16384.0,,100,0.0004051648478525,0.0003649025516585,1.0,1.0,,,,,,
q,dual_x_dim,5,0.018059158472521,50.0,,1e-05,16384.0,,500,0.0010286783753854,0.0006678562529929,1.0,1.0,,,,,,
q,dual_x_dim,6,0.0210804508573937,50.0,,1e-05,16384.0,,100,0.0005404183937107,0.0005404183937107,1.0,1.0,,,,,,
q,dual_x_dim,6,0.0210804508573937,50.0,,1e-05,16384.0,,500,0.0027742612323677,0.0027120230348494,1.0,1.0,,,,,,
q,dual_x_dim,7,0.0214313098777888,50.0,,1e-05,16384.0,,100,0.000217550312298,0.0002071775848826,1.0,1.0,,,,,,
q,dual_x_dim,7,0.0214313098777888,50.0,,1e-05,16384.0,,500,0.0009849630490927,0.000548278011764,1.0,1.0,,,,,,
q,dual_x_dim,8,0.0210305880424345,50.0,,1e-05,16384.0,,100,0.0003031282025769,0.0002898639671671,1.0,1.0,,,,,,
q,dual_x_dim,8,0.0210305880424345,50.0,,1e-05,16384.0,,500,0.0039208283847964,0.0035576124718501,1.0,1.0,,,,,,
q,dual_x_dim,9,0.0197283560090542,50.0,,1e-05,16384.0,,100,0.0008813877881501,0.0008034316784755,1.0,1.0,,,,,,
q,dual_x_dim,9,0.0197283560090542,50.0,,1e-05,16384.0,,500,0.0020488707721735,0.0016710829563366,1.0,1.0,,,,,,
q,dual_x_dim,10,0.0223619354863721,50.0,,1e-05,16384.0,,100,0.0005042253946636,0.0004234670113227,1.0,1.0,,,,,,
q,dual_x_dim,10,0.0223619354863721,50.0,,1e-05,16384.0,,500,0.0012598561970333,0.0007419747974823,1.0,1.0,,,,,,
q,dual_x_dim,11,0.0231050851373385,50.0,,1e-05,16384.0,,100,0.000356649572035,0.000304312964928,1.0,1.0,,,,,,
q,dual_x_dim,11,0.0231050851373385,50.0,,1e-05,16384.0,,500,0.0017406964179651,0.0017162084432498,1.0,1.0,,,,,,
q,dual_x_dim,12,0.0269907621139558,50.0,,1e-05,16384.0,,100,0.0005938868295841,0.0005938868295841,1.0,1.0,,,,,,
q,dual_x_dim,12,0.0269907621139558,50.0,,1e-05,16384.0,,500,0.0048732610369708,0.0047041770888121,1.0,1.0,,,,,,
q,dual_x_dim,13,0.0258307931405904,50.0,,1e-05,16384.0,,100,0.0003782507034303,0.000254797512647,1.0,1.0,,,,,,
q,dual_x_dim,13,0.0258307931405904,50.0,,1e-05,16384.0,,500,0.0021018170089943,0.0016590667369404,1.0,1.0,,,,,,
q,dual_x_dim,14,0.0206594191617385,50.0,,1e-05,16384.0,,100,0.0004569075152768,0.0004273909967855,1.0,1.0,,,,,,
q,dual_x_dim,14,0.0206594191617385,50.0,,1e-05,16384.0,,500,0.0007550187828849,0.0006671122694139,1.0,1.0,,,,,,
q,dual_x_dim,15,0.0269255670457066,50.0,,1e-05,16384.0,,100,0.0004138507027537,0.0004138507027537,1.0,1.0,,,,,,
q,dual_x_dim,15,0.0269255670457066,50.0,,1e-05,16384.0,,500,0.0012075388741998,0.0012075388741998,1.0,1.0,,,,,,
q,dual_x_dim,16,0.0165846560209867,50.0,,1e-05,16384.0,,100,0.0004009491524023,0.0003589308800856,1.0,1.0,,,,,,
q,dual_x_dim,16,0.0165846560209867,50.0,,1e-05,16384.0,,500,0.0034957824257295,0.0034761589518534,1.0,1.0,,,,,,
q,dual_x_dim,17,0.0198970173937805,50.0,,1e-05,16384.0,,100,0.0004616428150815,0.0004616428150815,1.0,1.0,,,,,,
q,dual_x_dim,17,0.0198970173937805,50.0,,1e-05,16384.0,,500,0.0037313342720453,0.0037313342720453,1.0,1.0,,,,,,
q,dual_x_dim,18,0.0208652858105288,50.0,,1e-05,16384.0,,100,0.0005788717697359,0.0004358944608753,1.0,1.0,,,,,,
q,dual_x_dim,18,0.0208652858105288,50.0,,1e-05,16384.0,,500,0.002094296985041,0.0020579880635982,1.0,1.0,,,,,,
q,dual_x_dim,19,0.0214653212215956,50.0,,1e-05,16384.0,,100,0.0003750458294603,0.0003750458294603,1.0,1.0,,,,,,
q,dual_x_dim,19,0.0214653212215956,50.0,,1e-05,16384.0,,500,0.0030336769600913,0.0029529629701459,1.0,1.0,,,,,,
q,dual_x_dim,0,0.5824868497238714,50.0,,0.0001,16.0,,100,0.0298489665051617,0.0298489665051617,1.0,1.0,,,,,,
q,dual_x_dim,0,0.5824868497238714,50.0,,0.0001,16.0,,500,0.050638633943894,0.033785547671334,1.0,1.0,,,,,,
q,dual_x_dim,1,0.7171173891637045,50.0,,0.0001,16.0,,100,0.0110072196828782,0.0108833545446527,1.0,1.0,,,,,,
q,dual_x_dim,1,0.7171173891637045,50.0,,0.0001,16.0,,500,0.1104427917357484,0.1104427917357484,1.0,1.0,,,,,,
q,dual_x_dim,2,0.5337551337145325,50.0,,0.0001,16.0,,100,0.0146039730658782,0.0130877056712821,1.0,1.0,,,,,,
q,dual_x_dim,2,0.5337551337145325,50.0,,0.0001,16.0,,500,0.045116015960144,0.0373143471422922,1.0,1.0,,,,,,
q,dual_x_dim,3,0.6316069804967541,50.0,,0.0001,16.0,,100,0.015937180475774,0.0136871982346947,1.0,1.0,,,,,,
q,dual_x_dim,3,0.6316069804967541,50.0,,0.0001,16.0,,500,0.0362675614937485,0.0362675614937485,1.0,1.0,,,,,,
q,dual_x_dim,8,0.5503838769727527,50.0,,0.0001,16.0,,100,0.0110776459859077,0.0107920394598622,1.0,1.0,,,,,,
q,dual_x_dim,8,0.5503838769727527,50.0,,0.0001,16.0,,500,0.1222984043609887,0.1094215297154821,1.0,1.0,,,,,,
q,dual_x_dim,9,0.5859552892639311,50.0,,0.0001,16.0,,100,0.0177536389964847,0.0134247288688819,1.0,1.0,,,,,,
q,dual_x_dim,9,0.5859552892639311,50.0,,0.0001,16.0,,500,0.0616191452638763,0.0338358964415439,1.0,1.0,,,,,,
q,dual_x_dim,10,0.6786980429492779,50.0,,0.0001,16.0,,100,0.0126585279546927,0.0115461770500176,0.9911190053285968,0.9894736842105264,,,,,,
q,dual_x_dim,10,0.6786980429492779,50.0,,0.0001,16.0,,500,0.0271352798628679,0.0184369013993319,0.9983125210934864,0.997979797979798,,,,,,
q,dual_x_dim,11,0.6685670290921756,50.0,,0.0001,16.0,,100,0.0194570460647863,0.0175276033751153,1.0,1.0,,,,,,
q,dual_x_dim,11,0.6685670290921756,50.0,,0.0001,16.0,,500,0.0535196785515956,0.0534459561433098,1.0,1.0,,,,,,
q,dual_x_dim,4,0.6300742150314218,50.0,,0.0001,16.0,,100,0.0985242261293755,0.0966331211840145,1.0,1.0,,,,,,
q,dual_x_dim,4,0.6300742150314218,50.0,,0.0001,16.0,,500,0.1348169703671993,0.0962510278127326,1.0,1.0,,,,,,
q,dual_x_dim,5,0.6298305822462573,50.0,,0.0001,16.0,,100,0.0194243446756239,0.0193783168042195,1.0,1.0,,,,,,
q,dual_x_dim,5,0.6298305822462573,50.0,,0.0001,16.0,,500,0.1104573987846277,0.0871778919663737,1.0,1.0,,,,,,
q,dual_x_dim,6,0.5379516056751762,50.0,,0.0001,16.0,,100,0.0095027595233092,0.0059011710459287,1.0,1.0,,,,,,
q,dual_x_dim,6,0.5379516056751762,50.0,,0.0001,16.0,,500,0.037453029736306,0.037453029736306,1.0,1.0,,,,,,
q,dual_x_dim,7,0.5504159944126669,50.0,,0.0001,16.0,,100,0.008378551320217,0.008378551320217,1.0,1.0,,,,,,
q,dual_x_dim,7,0.5504159944126669,50.0,,0.0001,16.0,,500,0.02613844784989,0.0204525475252146,1.0,1.0,,,,,,
q,dual_x_dim,12,0.5855076028423207,50.0,,0.0001,16.0,,100,0.0213714623450876,0.0213714623450876,1.0,1.0,,,,,,
q,dual_x_dim,12,0.5855076028423207,50.0,,0.0001,16.0,,500,0.0669936728156543,0.0632504330851251,1.0,1.0,,,,,,
q,dual_x_dim,13,0.7023461508614937,50.0,,0.0001,16.0,,100,0.0110829811612285,0.0056256936108066,1.0,1.0,,,,,,
q,dual_x_dim,13,0.7023461508614937,50.0,,0.0001,16.0,,500,0.0350299707311516,0.0288052527896538,1.0,1.0,,,,,,
q,dual_x_dim,14,0.6812192772386215,50.0,,0.0001,16.0,,100,0.0084071860621953,0.0069670957808307,1.0,1.0,,,,,,
q,dual_x_dim,14,0.6812192772386215,50.0,,0.0001,16.0,,500,0.0202316840591056,0.0175359004613018,1.0,1.0,,,,,,
q,dual_x_dim,15,0.7863103197713137,50.0,,0.0001,16.0,,100,0.0209041544885346,0.0202152695134391,1.0,1.0,,,,,,
q,dual_x_dim,15,0.7863103197713137,50.0,,0.0001,16.0,,500,0.0402632298140908,0.0327764440639408,1.0,1.0,,,,,,
q,dual_x_dim,16,0.597152494276281,50.0,,0.0001,16.0,,100,0.0262201616393384,0.0262201616393384,0.9982425307557118,0.9893617021276596,,,,,,
q,dual_x_dim,16,0.597152494276281,50.0,,0.0001,16.0,,500,0.2778506287639124,0.2759150365738727,0.9996631862579992,0.9979757085020244,,,,,,
q,dual_x_dim,17,0.7668002575527149,50.0,,0.0001,16.0,,100,0.0093244391315132,0.0086553974471807,1.0,1.0,,,,,,
q,dual_x_dim,17,0.7668002575527149,50.0,,0.0001,16.0,,500,0.0359738276124419,0.0214542800788786,1.0,1.0,,,,,,
q,dual_x_dim,18,0.6186314551596767,50.0,,0.0001,16.0,,100,0.0313916948383408,0.0229077590302044,0.9702276707530648,0.989247311827957,,,,,,
q,dual_x_dim,18,0.6186314551596767,50.0,,0.0001,16.0,,500,0.0706907704428876,0.0600339280040902,0.9942780208683945,0.9979716024340772,,,,,,
q,dual_x_dim,19,0.6570521997836933,50.0,,0.0001,16.0,,100,0.0256987628831977,0.0256987628831977,1.0,1.0,,,,,,
q,dual_x_dim,19,0.6570521997836933,50.0,,0.0001,16.0,,500,0.1441046191243886,0.1439072078206158,1.0,1.0,,,,,,
q,dual_x_dim,0,0.5421668878304189,50.0,,0.0001,24.0,,100,0.011871468084984,0.011871468084984,1.0,1.0,,,,,,
q,dual_x_dim,0,0.5421668878304189,50.0,,0.0001,24.0,,500,0.0382259203368035,0.0341504355120798,1.0,1.0,,,,,,
q,dual_x_dim,1,0.5678731396400899,50.0,,0.0001,24.0,,100,0.008735120369038,0.0082896320832928,1.0,1.0,,,,,,
q,dual_x_dim,1,0.5678731396400899,50.0,,0.0001,24.0,,500,0.061012050979007,0.0600295997027853,1.0,1.0,,,,,,
q,dual_x_dim,2,0.5162001740529778,50.0,,0.0001,24.0,,100,0.0094588221042692,0.0085398572444637,1.0,1.0,,,,,,
q,dual_x_dim,2,0.5162001740529778,50.0,,0.0001,24.0,,500,0.0232828919764074,0.0200419434517938,1.0,1.0,,,,,,
q,dual_x_dim,3,0.6063246315124409,50.0,,0.0001,24.0,,100,0.005442371510082,0.0039755511978833,1.0,1.0,,,,,,
q,dual_x_dim,3,0.6063246315124409,50.0,,0.0001,24.0,,500,0.0228053711798703,0.0228053711798703,1.0,1.0,,,,,,
q,dual_x_dim,4,0.5650160744942002,50.0,,0.0001,24.0,,100,0.0079257559135788,0.0079257559135788,1.0,1.0,,,,,,
q,dual_x_dim,4,0.5650160744942002,50.0,,0.0001,24.0,,500,0.0156016734854045,0.0115554060178371,1.0,1.0,,,,,,
q,dual_x_dim,5,0.44867717946593,50.0,,0.0001,24.0,,100,0.0056775895540957,0.0055150574436755,1.0,1.0,,,,,,
q,dual_x_dim,5,0.44867717946593,50.0,,0.0001,24.0,,500,0.0217434251370041,0.0142550980345292,1.0,1.0,,,,,,
q,dual_x_dim,6,0.4733353937396358,50.0,,0.0001,24.0,,100,0.0091391873882467,0.0091391873882467,1.0,1.0,,,,,,
q,dual_x_dim,6,0.4733353937396358,50.0,,0.0001,24.0,,500,0.02787007875237,0.0124703117797384,1.0,1.0,,,,,,
q,dual_x_dim,7,0.4848911240174937,50.0,,0.0001,24.0,,100,0.0042086734843898,0.0042086734843898,1.0,1.0,,,,,,
q,dual_x_dim,7,0.4848911240174937,50.0,,0.0001,24.0,,500,0.0141082184199871,0.0114004798324929,1.0,1.0,,,,,,
q,dual_x_dim,12,0.6063071845964549,50.0,,0.0001,24.0,,100,0.0084211244504668,0.0084211244504668,1.0,1.0,,,,,,
q,dual_x_dim,12,0.6063071845964549,50.0,,0.0001,24.0,,500,0.0626538981440054,0.0594006403487785,1.0,1.0,,,,,,
q,dual_x_dim,13,0.6143260030494101,50.0,,0.0001,24.0,,100,0.0063399879661859,0.0046145227559706,1.0,1.0,,,,,,
q,dual_x_dim,13,0.6143260030494101,50.0,,0.0001,24.0,,500,0.0504317094474777,0.046518854382854,1.0,1.0,,,,,,
q,dual_x_dim,14,0.6899588145802447,50.0,,0.0001,24.0,,100,0.0064739527103076,0.0050325780311127,1.0,1.0,,,,,,
q,dual_x_dim,14,0.6899588145802447,50.0,,0.0001,24.0,,500,0.0123256442253325,0.0122632674246951,1.0,1.0,,,,,,
q,dual_x_dim,15,0.640572464930069,50.0,,0.0001,24.0,,100,0.006930155990586,0.0060470299197181,1.0,1.0,,,,,,
q,dual_x_dim,15,0.640572464930069,50.0,,0.0001,24.0,,500,0.019925281937918,0.0195104123078606,1.0,1.0,,,,,,
q,dual_x_dim,8,0.4959463421379046,50.0,,0.0001,24.0,,100,0.0041474885474151,0.0037575481682701,1.0,1.0,,,,,,
q,dual_x_dim,8,0.4959463421379046,50.0,,0.0001,24.0,,500,0.0340214351078203,0.0295889262729782,1.0,1.0,,,,,,
q,dual_x_dim,9,0.5641386095086601,50.0,,0.0001,24.0,,100,0.0104913187176443,0.0097273671427646,1.0,1.0,,,,,,
q,dual_x_dim,9,0.5641386095086601,50.0,,0.0001,24.0,,500,0.0248044936777044,0.0199908817214466,1.0,1.0,,,,,,
q,dual_x_dim,10,0.5394950538589948,50.0,,0.0001,24.0,,100,0.0077626561796029,0.0069688510180438,1.0,1.0,,,,,,
q,dual_x_dim,10,0.5394950538589948,50.0,,0.0001,24.0,,500,0.0308282191719508,0.0215772793318325,1.0,1.0,,,,,,
q,dual_x_dim,11,0.4323375414471957,50.0,,0.0001,24.0,,100,0.0055447111846229,0.0048374140715882,1.0,1.0,,,,,,
q,dual_x_dim,11,0.4323375414471957,50.0,,0.0001,24.0,,500,0.0269762181244248,0.0265327034390974,1.0,1.0,,,,,,
q,dual_x_dim,0,0.475488624112919,50.0,,0.0001,32.0,,100,0.0063616798912375,0.0060657747430719,1.0,1.0,,,,,,
q,dual_x_dim,0,0.475488624112919,50.0,,0.0001,32.0,,500,0.0289245476313498,0.0252965297639629,1.0,1.0,,,,,,
q,dual_x_dim,1,0.4081277900492999,50.0,,0.0001,32.0,,100,0.0065453780806139,0.0065099185994677,1.0,1.0,,,,,,
q,dual_x_dim,1,0.4081277900492999,50.0,,0.0001,32.0,,500,0.0528218805268605,0.0513191808766606,1.0,1.0,,,,,,
q,dual_x_dim,2,0.4730093470080129,50.0,,0.0001,32.0,,100,0.0083993262601985,0.0077309283525479,1.0,1.0,,,,,,
q,dual_x_dim,2,0.4730093470080129,50.0,,0.0001,32.0,,500,0.0200648795158872,0.0158616004311145,1.0,1.0,,,,,,
q,dual_x_dim,3,0.4466934199958885,50.0,,0.0001,32.0,,100,0.0053475952432067,0.00401768090821,1.0,1.0,,,,,,
q,dual_x_dim,3,0.4466934199958885,50.0,,0.0001,32.0,,500,0.0237357769851319,0.023666895615898,1.0,1.0,,,,,,
q,dual_x_dim,16,0.5596173010815712,50.0,,0.0001,24.0,,100,0.0063037309173635,0.0052916383233789,1.0,1.0,,,,,,
q,dual_x_dim,16,0.5596173010815712,50.0,,0.0001,24.0,,500,0.0825712007738004,0.0821275108475099,1.0,1.0,,,,,,
q,dual_x_dim,17,0.5485645062802906,50.0,,0.0001,24.0,,100,0.0095045117105754,0.0095045117105754,1.0,1.0,,,,,,
q,dual_x_dim,17,0.5485645062802906,50.0,,0.0001,24.0,,500,0.0531674066590652,0.0531674066590652,1.0,1.0,,,,,,
q,dual_x_dim,18,0.4947893552771776,50.0,,0.0001,24.0,,100,0.0059882791885146,0.0054335137066131,0.9719789842381786,0.989247311827957,,,,,,
q,dual_x_dim,18,0.4947893552771776,50.0,,0.0001,24.0,,500,0.0369592546038162,0.0358042906525057,0.994614607876136,0.9979716024340772,,,,,,
q,dual_x_dim,19,0.4921353463804619,50.0,,0.0001,24.0,,100,0.0064848305609197,0.004956523722092,1.0,1.0,,,,,,
q,dual_x_dim,19,0.4921353463804619,50.0,,0.0001,24.0,,500,0.0249312279682127,0.0101884084310419,1.0,1.0,,,,,,
q,dual_x_dim,4,0.5533154376476055,50.0,,0.0001,32.0,,100,0.0063118331290827,0.0063118331290827,1.0,1.0,,,,,,
q,dual_x_dim,4,0.5533154376476055,50.0,,0.0001,32.0,,500,0.0130667582888559,0.0109258748703746,1.0,1.0,,,,,,
q,dual_x_dim,5,0.3734272198299829,50.0,,0.0001,32.0,,100,0.0052715981731758,0.0052715981731758,1.0,1.0,,,,,,
q,dual_x_dim,5,0.3734272198299829,50.0,,0.0001,32.0,,500,0.0224840929328329,0.0160256493779278,1.0,1.0,,,,,,
q,dual_x_dim,6,0.4297836233635966,50.0,,0.0001,32.0,,100,0.0102204413810615,0.0102204413810615,1.0,1.0,,,,,,
q,dual_x_dim,6,0.4297836233635966,50.0,,0.0001,32.0,,500,0.028904031532293,0.0131763626606347,1.0,1.0,,,,,,
q,dual_x_dim,7,0.4400890544880544,50.0,,0.0001,32.0,,100,0.0037459792900899,0.0032278118501877,1.0,1.0,,,,,,
q,dual_x_dim,7,0.4400890544880544,50.0,,0.0001,32.0,,500,0.0135398978900758,0.0095811213498548,1.0,1.0,,,,,,
q,dual_x_dim,12,0.5218634903299535,50.0,,0.0001,32.0,,100,0.0062676188793179,0.006236941626223,1.0,1.0,,,,,,
q,dual_x_dim,12,0.5218634903299535,50.0,,0.0001,32.0,,500,0.0591457652653675,0.05623985465881,1.0,1.0,,,,,,
q,dual_x_dim,13,0.4206226488705533,50.0,,0.0001,32.0,,100,0.0048404680996253,0.0032327332203448,1.0,1.0,,,,,,
q,dual_x_dim,13,0.4206226488705533,50.0,,0.0001,32.0,,500,0.0457440409344123,0.042284377855136,1.0,1.0,,,,,,
q,dual_x_dim,14,0.4990514455594063,50.0,,0.0001,32.0,,100,0.0061691945848763,0.0055952273565613,1.0,1.0,,,,,,
q,dual_x_dim,14,0.4990514455594063,50.0,,0.0001,32.0,,500,0.0102849902059216,0.0099155472048362,1.0,1.0,,,,,,
q,dual_x_dim,15,0.4726710863089248,50.0,,0.0001,32.0,,100,0.00429511110532,0.0041734455352584,1.0,1.0,,,,,,
q,dual_x_dim,15,0.4726710863089248,50.0,,0.0001,32.0,,500,0.0179301915904958,0.0071842506010972,1.0,1.0,,,,,,
q,dual_x_dim,8,0.4385564417708694,50.0,,0.0001,32.0,,100,0.0042952609681068,0.0038534112967355,1.0,1.0,,,,,,
q,dual_x_dim,8,0.4385564417708694,50.0,,0.0001,32.0,,500,0.0447823459091998,0.0402109543391417,1.0,1.0,,,,,,
q,dual_x_dim,9,0.4168672354707817,50.0,,0.0001,32.0,,100,0.0085055963829207,0.0077381963189875,1.0,1.0,,,,,,
q,dual_x_dim,9,0.4168672354707817,50.0,,0.0001,32.0,,500,0.0199392097316712,0.0142512063919448,1.0,1.0,,,,,,
q,dual_x_dim,10,0.4462354434217582,50.0,,0.0001,32.0,,100,0.00633782704298,0.0055171165846835,1.0,1.0,,,,,,
q,dual_x_dim,10,0.4462354434217582,50.0,,0.0001,32.0,,500,0.0217651130795561,0.0148602028925592,1.0,1.0,,,,,,
q,dual_x_dim,11,0.3453439906042841,50.0,,0.0001,32.0,,100,0.0056411610537842,0.0052929300945282,1.0,1.0,,,,,,
q,dual_x_dim,11,0.3453439906042841,50.0,,0.0001,32.0,,500,0.0314299671609117,0.0310173112840779,1.0,1.0,,,,,,
q,dual_x_dim,16,0.4514587337877777,50.0,,0.0001,32.0,,100,0.007203708648599,0.0062862581800343,1.0,1.0,,,,,,
q,dual_x_dim,16,0.4514587337877777,50.0,,0.0001,32.0,,500,0.0623926523890356,0.0622249815689395,1.0,1.0,,,,,,
q,dual_x_dim,17,0.4502359836938825,50.0,,0.0001,32.0,,100,0.0054984636750279,0.0051546049100617,1.0,1.0,,,,,,
q,dual_x_dim,17,0.4502359836938825,50.0,,0.0001,32.0,,500,0.0528660104238767,0.0528660104238767,1.0,1.0,,,,,,
q,dual_x_dim,18,0.5626601659757056,50.0,,0.0001,32.0,,100,0.0064714394881357,0.0057177103474016,0.9807355516637478,0.989247311827957,,,,,,
q,dual_x_dim,18,0.5626601659757056,50.0,,0.0001,32.0,,500,0.0425202856631674,0.0410988494855555,0.9962975429148436,0.9979716024340772,,,,,,
q,dual_x_dim,19,0.4107705136378998,50.0,,0.0001,32.0,,100,0.0050694022248116,0.0035553754975982,1.0,1.0,,,,,,
q,dual_x_dim,19,0.4107705136378998,50.0,,0.0001,32.0,,500,0.0295500278277089,0.0212209650935748,1.0,1.0,,,,,,
q,dual_x_dim,0,0.3221759901052828,50.0,,0.0001,64.0,,100,0.0059927134955211,0.005661829529014,1.0,1.0,,,,,,
q,dual_x_dim,0,0.3221759901052828,50.0,,0.0001,64.0,,500,0.0240920412385247,0.0206768255957848,1.0,1.0,,,,,,
q,dual_x_dim,1,0.2955807837596712,50.0,,0.0001,64.0,,100,0.0061045139239424,0.0060539285945504,1.0,1.0,,,,,,
q,dual_x_dim,1,0.2955807837596712,50.0,,0.0001,64.0,,500,0.0468542798889157,0.0464303884659074,1.0,1.0,,,,,,
q,dual_x_dim,2,0.3180382777636512,50.0,,0.0001,64.0,,100,0.004933678194238,0.0043824150611877,1.0,1.0,,,,,,
q,dual_x_dim,2,0.3180382777636512,50.0,,0.0001,64.0,,500,0.0120017753215744,0.0102542204051028,1.0,1.0,,,,,,
q,dual_x_dim,3,0.3669287418772428,50.0,,0.0001,64.0,,100,0.0060403857923571,0.0048723035322459,1.0,1.0,,,,,,
q,dual_x_dim,3,0.3669287418772428,50.0,,0.0001,64.0,,500,0.0233826132530536,0.0233716070407927,1.0,1.0,,,,,,
q,dual_x_dim,4,0.4116536270898129,50.0,,0.0001,64.0,,100,0.0034716239259341,0.0032134561635186,1.0,1.0,,,,,,
q,dual_x_dim,4,0.4116536270898129,50.0,,0.0001,64.0,,500,0.0129921464349784,0.0101469910089351,1.0,1.0,,,,,,
q,dual_x_dim,5,0.2934330069333181,50.0,,0.0001,64.0,,100,0.0050554578697196,0.004609707155979,1.0,1.0,,,,,,
q,dual_x_dim,5,0.2934330069333181,50.0,,0.0001,64.0,,500,0.013484516333599,0.0089318997494758,1.0,1.0,,,,,,
q,dual_x_dim,6,0.4216337928389128,50.0,,0.0001,64.0,,100,0.0068395193815513,0.0068357473877771,1.0,1.0,,,,,,
q,dual_x_dim,6,0.4216337928389128,50.0,,0.0001,64.0,,500,0.0222121807787183,0.0219384495147489,1.0,1.0,,,,,,
q,dual_x_dim,7,0.348135709032997,50.0,,0.0001,64.0,,100,0.00305133929107,0.0024462374142056,1.0,1.0,,,,,,
q,dual_x_dim,7,0.348135709032997,50.0,,0.0001,64.0,,500,0.0136616180757584,0.0102137764542722,1.0,1.0,,,,,,
q,dual_x_dim,12,0.3764796768453319,50.0,,0.0001,64.0,,100,0.0065955460954517,0.0065955460954517,1.0,1.0,,,,,,
q,dual_x_dim,12,0.3764796768453319,50.0,,0.0001,64.0,,500,0.0518154659792764,0.0493032737321987,1.0,1.0,,,,,,
q,dual_x_dim,13,0.3272847901693679,50.0,,0.0001,64.0,,100,0.0043466996535276,0.0030517730225174,1.0,1.0,,,,,,
q,dual_x_dim,13,0.3272847901693679,50.0,,0.0001,64.0,,500,0.0296506349782479,0.0255247588086064,1.0,1.0,,,,,,
q,dual_x_dim,14,0.3264379164132335,50.0,,0.0001,64.0,,100,0.0048486986549014,0.0043968042594839,1.0,1.0,,,,,,
q,dual_x_dim,14,0.3264379164132335,50.0,,0.0001,64.0,,500,0.0091039116485996,0.0086687084483453,1.0,1.0,,,,,,
q,dual_x_dim,15,0.3124018770445692,50.0,,0.0001,64.0,,100,0.0044530270342792,0.0044530270342792,1.0,1.0,,,,,,
q,dual_x_dim,15,0.3124018770445692,50.0,,0.0001,64.0,,500,0.012197672394715,0.012183417752988,1.0,1.0,,,,,,
q,dual_x_dim,8,0.3115759651311149,50.0,,0.0001,64.0,,100,0.0032440518494445,0.003196357198489,1.0,1.0,,,,,,
q,dual_x_dim,8,0.3115759651311149,50.0,,0.0001,64.0,,500,0.0418045805479927,0.0377795508223732,1.0,1.0,,,,,,
q,dual_x_dim,9,0.3456124348675807,50.0,,0.0001,64.0,,100,0.0075925099023933,0.0067608465310132,1.0,1.0,,,,,,
q,dual_x_dim,9,0.3456124348675807,50.0,,0.0001,64.0,,500,0.0155663467189519,0.0089988555199564,1.0,1.0,,,,,,
q,dual_x_dim,10,0.378879289575792,50.0,,0.0001,64.0,,100,0.0058884186700941,0.0050427489054109,1.0,1.0,,,,,,
q,dual_x_dim,10,0.378879289575792,50.0,,0.0001,64.0,,500,0.0173519035281235,0.0113304854240574,1.0,1.0,,,,,,
q,dual_x_dim,11,0.3274053988382884,50.0,,0.0001,64.0,,100,0.0044662833350289,0.003138643524732,1.0,1.0,,,,,,
q,dual_x_dim,11,0.3274053988382884,50.0,,0.0001,64.0,,500,0.0212536635536926,0.0209680433103272,1.0,1.0,,,,,,
q,dual_x_dim,16,0.3106442961881303,50.0,,0.0001,64.0,,100,0.0067413028183799,0.0060247843429532,1.0,1.0,,,,,,
q,dual_x_dim,16,0.3106442961881303,50.0,,0.0001,64.0,,500,0.0614734961702669,0.0607706371546257,1.0,1.0,,,,,,
q,dual_x_dim,17,0.3375870917971322,50.0,,0.0001,64.0,,100,0.0056318722446577,0.0051795460321517,1.0,1.0,,,,,,
q,dual_x_dim,17,0.3375870917971322,50.0,,0.0001,64.0,,500,0.0479076480898803,0.0479076480898803,1.0,1.0,,,,,,
q,dual_x_dim,18,0.3627706335134446,50.0,,0.0001,64.0,,100,0.0072020721083003,0.0055124920150355,0.9947460595446584,0.989247311827957,,,,,,
q,dual_x_dim,18,0.3627706335134446,50.0,,0.0001,64.0,,500,0.0284487002353324,0.0274856806955567,0.9989902389767756,0.9979716024340772,,,,,,
q,dual_x_dim,19,0.2719782442600281,50.0,,0.0001,64.0,,100,0.0030776164621284,0.0029274402342066,1.0,1.0,,,,,,
q,dual_x_dim,19,0.2719782442600281,50.0,,0.0001,64.0,,500,0.0380127186327112,0.0366553841748507,1.0,1.0,,,,,,
q,dual_x_dim,0,0.2769788139980297,50.0,,0.0001,128.0,,100,0.0056156818951496,0.0053364860217357,1.0,1.0,,,,,,
q,dual_x_dim,0,0.2769788139980297,50.0,,0.0001,128.0,,500,0.0211105432980339,0.0179562841246552,1.0,1.0,,,,,,
q,dual_x_dim,1,0.2437982963519862,50.0,,0.0001,128.0,,100,0.0063894723021065,0.0063894723021065,1.0,1.0,,,,,,
q,dual_x_dim,1,0.2437982963519862,50.0,,0.0001,128.0,,500,0.0429870207640554,0.0427575798379926,1.0,1.0,,,,,,
q,dual_x_dim,2,0.2433973032733596,50.0,,0.0001,128.0,,100,0.0042288022267712,0.003500454460161,1.0,1.0,,,,,,
q,dual_x_dim,2,0.2433973032733596,50.0,,0.0001,128.0,,500,0.010312022828973,0.0079596257931806,1.0,1.0,,,,,,
q,dual_x_dim,3,0.2265935165248834,50.0,,0.0001,128.0,,100,0.0052526288301935,0.004104301564097,1.0,1.0,,,,,,
q,dual_x_dim,3,0.2265935165248834,50.0,,0.0001,128.0,,500,0.0189745648818009,0.0188066508960875,1.0,1.0,,,,,,
q,dual_x_dim,4,0.2463705230170547,50.0,,0.0001,128.0,,100,0.0030413354279286,0.0030413354279286,1.0,1.0,,,,,,
q,dual_x_dim,4,0.2463705230170547,50.0,,0.0001,128.0,,500,0.0109043382128417,0.0093006220812861,1.0,1.0,,,,,,
q,dual_x_dim,5,0.2007125177184121,50.0,,0.0001,128.0,,100,0.0044213809667714,0.0040461672175934,1.0,1.0,,,,,,
q,dual_x_dim,5,0.2007125177184121,50.0,,0.0001,128.0,,500,0.0098144252941834,0.0060835469605211,1.0,1.0,,,,,,
q,dual_x_dim,6,0.2719857913570569,50.0,,0.0001,128.0,,100,0.0072156626098744,0.0072156626098744,1.0,1.0,,,,,,
q,dual_x_dim,6,0.2719857913570569,50.0,,0.0001,128.0,,500,0.0207458729029395,0.0204059990609595,1.0,1.0,,,,,,
q,dual_x_dim,7,0.2114275672740672,50.0,,0.0001,128.0,,100,0.0023346179992824,0.0022367261510949,1.0,1.0,,,,,,
q,dual_x_dim,7,0.2114275672740672,50.0,,0.0001,128.0,,500,0.0079774972538331,0.0058427373413483,1.0,1.0,,,,,,
q,dual_x_dim,12,0.2230611143413504,50.0,,0.0001,128.0,,100,0.0061690209748276,0.0061690209748276,1.0,1.0,,,,,,
q,dual_x_dim,12,0.2230611143413504,50.0,,0.0001,128.0,,500,0.050246172517296,0.0482325233074694,1.0,1.0,,,,,,
q,dual_x_dim,13,0.2868358576336272,50.0,,0.0001,128.0,,100,0.0040493141331612,0.0030128310026451,1.0,1.0,,,,,,
q,dual_x_dim,13,0.2868358576336272,50.0,,0.0001,128.0,,500,0.0224768455409218,0.0182646175678482,1.0,1.0,,,,,,
q,dual_x_dim,14,0.260450112016454,50.0,,0.0001,128.0,,100,0.004427331200855,0.0040394913947485,1.0,1.0,,,,,,
q,dual_x_dim,14,0.260450112016454,50.0,,0.0001,128.0,,500,0.0085218400265304,0.0081749036863812,1.0,1.0,,,,,,
q,dual_x_dim,15,0.2108225834473612,50.0,,0.0001,128.0,,100,0.0040373273267957,0.0040373273267957,1.0,1.0,,,,,,
q,dual_x_dim,15,0.2108225834473612,50.0,,0.0001,128.0,,500,0.0133180965289714,0.0133180965289714,1.0,1.0,,,,,,
q,dual_x_dim,8,0.2149741897036,50.0,,0.0001,128.0,,100,0.0028950629022234,0.0028824744499322,1.0,1.0,,,,,,
q,dual_x_dim,8,0.2149741897036,50.0,,0.0001,128.0,,500,0.0345652116862678,0.0310553711114565,1.0,1.0,,,,,,
q,dual_x_dim,9,0.2567751353259747,50.0,,0.0001,128.0,,100,0.0080875521979228,0.007232272363939,1.0,1.0,,,,,,
q,dual_x_dim,9,0.2567751353259747,50.0,,0.0001,128.0,,500,0.0201301448989354,0.0152823652352365,1.0,1.0,,,,,,
q,dual_x_dim,10,0.2486463417142581,50.0,,0.0001,128.0,,100,0.0059150094061304,0.0050294010954732,1.0,1.0,,,,,,
q,dual_x_dim,10,0.2486463417142581,50.0,,0.0001,128.0,,500,0.01574089255269,0.0102095141997535,1.0,1.0,,,,,,
q,dual_x_dim,11,0.1974217867761011,50.0,,0.0001,128.0,,100,0.0039329678952322,0.0032653295912551,1.0,1.0,,,,,,
q,dual_x_dim,11,0.1974217867761011,50.0,,0.0001,128.0,,500,0.0164720466978383,0.0161424440124045,1.0,1.0,,,,,,
q,dual_x_dim,16,0.2383339427238416,50.0,,0.0001,128.0,,100,0.0052568138582455,0.0047272087971482,1.0,1.0,,,,,,
q,dual_x_dim,16,0.2383339427238416,50.0,,0.0001,128.0,,500,0.0485242864942976,0.0481706263111618,1.0,1.0,,,,,,
q,dual_x_dim,17,0.1810992779347456,50.0,,0.0001,128.0,,100,0.0056425659792588,0.0052726924830367,1.0,1.0,,,,,,
q,dual_x_dim,17,0.1810992779347456,50.0,,0.0001,128.0,,500,0.0317054778359113,0.0314905384867318,1.0,1.0,,,,,,
q,dual_x_dim,18,0.3105319741536367,50.0,,0.0001,128.0,,100,0.0067919614336822,0.0053383940183826,0.989492119089317,0.989247311827957,,,,,,
q,dual_x_dim,18,0.3105319741536367,50.0,,0.0001,128.0,,500,0.0282945844471482,0.0272648404105413,0.997980477953551,0.9979716024340772,,,,,,
q,dual_x_dim,19,0.1828295288710636,50.0,,0.0001,128.0,,100,0.0033887156050274,0.0033144798305855,1.0,1.0,,,,,,
q,dual_x_dim,19,0.1828295288710636,50.0,,0.0001,128.0,,500,0.0350298760129264,0.0340132519423037,1.0,1.0,,,,,,
q,dual_x_dim,0,0.1561151590110898,50.0,,0.0001,256.0,,100,0.0052564394009619,0.0049826920862678,1.0,1.0,,,,,,
q,dual_x_dim,0,0.1561151590110898,50.0,,0.0001,256.0,,500,0.0183716977506318,0.0152583853125377,1.0,1.0,,,,,,
q,dual_x_dim,1,0.1544549162417507,50.0,,0.0001,256.0,,100,0.0063878954790299,0.0063878954790299,1.0,1.0,,,,,,
q,dual_x_dim,1,0.1544549162417507,50.0,,0.0001,256.0,,500,0.0421435513830639,0.0421435513830639,1.0,1.0,,,,,,
q,dual_x_dim,2,0.1611444428630177,50.0,,0.0001,256.0,,100,0.0042123606769864,0.0034715572291711,1.0,1.0,,,,,,
q,dual_x_dim,2,0.1611444428630177,50.0,,0.0001,256.0,,500,0.011220239637299,0.0094815190298472,1.0,1.0,,,,,,
q,dual_x_dim,3,0.1386638649939305,50.0,,0.0001,256.0,,100,0.0048544434418777,0.0037646653501027,1.0,1.0,,,,,,
q,dual_x_dim,3,0.1386638649939305,50.0,,0.0001,256.0,,500,0.015478065897192,0.0152925627838251,1.0,1.0,,,,,,
q,dual_x_dim,4,0.2199032936958288,50.0,,0.0001,256.0,,100,0.0026335670235964,0.0026335670235964,1.0,1.0,,,,,,
q,dual_x_dim,4,0.2199032936958288,50.0,,0.0001,256.0,,500,0.0075368907522346,0.0060610201434534,1.0,1.0,,,,,,
q,dual_x_dim,5,0.1706797529091717,50.0,,0.0001,256.0,,100,0.0042275577040569,0.0037455863868809,1.0,1.0,,,,,,
q,dual_x_dim,5,0.1706797529091717,50.0,,0.0001,256.0,,500,0.0113261635192931,0.007512339251845,1.0,1.0,,,,,,
q,dual_x_dim,6,0.1826961665570637,50.0,,0.0001,256.0,,100,0.0066638781453887,0.0066638781453887,1.0,1.0,,,,,,
q,dual_x_dim,6,0.1826961665570637,50.0,,0.0001,256.0,,500,0.0195721693688244,0.0191487480048131,1.0,1.0,,,,,,
q,dual_x_dim,7,0.1382621299628856,50.0,,0.0001,256.0,,100,0.0024857120976351,0.0019553949866164,1.0,1.0,,,,,,
q,dual_x_dim,7,0.1382621299628856,50.0,,0.0001,256.0,,500,0.0103648455592049,0.0058234948545203,1.0,1.0,,,,,,
q,dual_x_dim,8,0.1738344351847317,50.0,,0.0001,256.0,,100,0.0029987903027594,0.0029987903027594,1.0,1.0,,,,,,
q,dual_x_dim,8,0.1738344351847317,50.0,,0.0001,256.0,,500,0.0370843229893018,0.0335395474607624,1.0,1.0,,,,,,
q,dual_x_dim,9,0.2133657125731659,50.0,,0.0001,256.0,,100,0.0088659668326187,0.0080156907976736,1.0,1.0,,,,,,
q,dual_x_dim,9,0.2133657125731659,50.0,,0.0001,256.0,,500,0.0206906555893515,0.017168708803064,1.0,1.0,,,,,,
q,dual_x_dim,10,0.2254427509551922,50.0,,0.0001,256.0,,100,0.005665996113245,0.0048388128974217,1.0,1.0,,,,,,
q,dual_x_dim,10,0.2254427509551922,50.0,,0.0001,256.0,,500,0.0132867867416055,0.0076922126749807,1.0,1.0,,,,,,
q,dual_x_dim,11,0.1840049138218659,50.0,,0.0001,256.0,,100,0.0034606133918682,0.0029922631366298,1.0,1.0,,,,,,
q,dual_x_dim,11,0.1840049138218659,50.0,,0.0001,256.0,,500,0.0143744100025855,0.0141320273577019,1.0,1.0,,,,,,
q,dual_x_dim,12,0.1576595918302586,50.0,,0.0001,256.0,,100,0.005830223651394,0.005830223651394,1.0,1.0,,,,,,
q,dual_x_dim,12,0.1576595918302586,50.0,,0.0001,256.0,,500,0.0495204233400108,0.0478978517411115,1.0,1.0,,,,,,
q,dual_x_dim,13,0.1825318597082257,50.0,,0.0001,256.0,,100,0.0040351434892171,0.0024232476376842,1.0,1.0,,,,,,
q,dual_x_dim,13,0.1825318597082257,50.0,,0.0001,256.0,,500,0.0193333844214489,0.0147271047053429,1.0,1.0,,,,,,
q,dual_x_dim,14,0.1314253804517846,50.0,,0.0001,256.0,,100,0.0045454127611712,0.0042913397175686,1.0,1.0,,,,,,
q,dual_x_dim,14,0.1314253804517846,50.0,,0.0001,256.0,,500,0.0074640203659022,0.0068138665023894,1.0,1.0,,,,,,
q,dual_x_dim,15,0.147930466476972,50.0,,0.0001,256.0,,100,0.004217880508661,0.004217880508661,1.0,1.0,,,,,,
q,dual_x_dim,15,0.147930466476972,50.0,,0.0001,256.0,,500,0.013122402517836,0.013122402517836,1.0,1.0,,,,,,
q,dual_x_dim,16,0.1816174986867891,50.0,,0.0001,256.0,,100,0.00409415694031,0.0036946140378108,1.0,1.0,,,,,,
q,dual_x_dim,16,0.1816174986867891,50.0,,0.0001,256.0,,500,0.0408741287212319,0.0404776253800198,1.0,1.0,,,,,,
q,dual_x_dim,17,0.1604795312524981,50.0,,0.0001,256.0,,100,0.0050058707868188,0.0048333691222342,1.0,1.0,,,,,,
q,dual_x_dim,17,0.1604795312524981,50.0,,0.0001,256.0,,500,0.0329493525794784,0.032787805493375,1.0,1.0,,,,,,
q,dual_x_dim,18,0.1535224584703985,50.0,,0.0001,256.0,,100,0.0068253185079891,0.005482617702643,0.9929947460595446,0.989247311827957,,,,,,
q,dual_x_dim,18,0.1535224584703985,50.0,,0.0001,256.0,,500,0.0280485528132432,0.0271433351733336,0.998653651969034,0.9979716024340772,,,,,,
q,dual_x_dim,19,0.1605501696049673,50.0,,0.0001,256.0,,100,0.0032682707455051,0.0032682707455051,1.0,1.0,,,,,,
q,dual_x_dim,19,0.1605501696049673,50.0,,0.0001,256.0,,500,0.0326959716803436,0.0318208394828514,1.0,1.0,,,,,,
q,dual_x_dim,0,0.1030968424041055,50.0,,0.0001,512.0,,100,0.0046432569740331,0.0043740842183321,1.0,1.0,,,,,,
q,dual_x_dim,0,0.1030968424041055,50.0,,0.0001,512.0,,500,0.0178710693389544,0.015120867750508,1.0,1.0,,,,,,
q,dual_x_dim,1,0.1140296269471779,50.0,,0.0001,512.0,,100,0.0065627907394729,0.0065627907394729,1.0,1.0,,,,,,
q,dual_x_dim,1,0.1140296269471779,50.0,,0.0001,512.0,,500,0.0417860535162226,0.0417621629344187,1.0,1.0,,,,,,
q,dual_x_dim,2,0.0927791855463762,50.0,,0.0001,512.0,,100,0.0040693751971668,0.0032512870913635,1.0,1.0,,,,,,
q,dual_x_dim,2,0.0927791855463762,50.0,,0.0001,512.0,,500,0.0099240287149666,0.007600111603177,1.0,1.0,,,,,,
q,dual_x_dim,3,0.1189404917111431,50.0,,0.0001,512.0,,100,0.0049169517718043,0.0038161232759562,1.0,1.0,,,,,,
q,dual_x_dim,3,0.1189404917111431,50.0,,0.0001,512.0,,500,0.0149267223883944,0.0146931205654142,1.0,1.0,,,,,,
q,dual_x_dim,4,0.1426867814088468,50.0,,0.0001,512.0,,100,0.0028639148322378,0.001881581450183,1.0,1.0,,,,,,
q,dual_x_dim,4,0.1426867814088468,50.0,,0.0001,512.0,,500,0.0063565318648115,0.0048584847408221,1.0,1.0,,,,,,
q,dual_x_dim,5,0.1064487629651989,50.0,,0.0001,512.0,,100,0.0041339108994024,0.003553311453362,1.0,1.0,,,,,,
q,dual_x_dim,5,0.1064487629651989,50.0,,0.0001,512.0,,500,0.0102396998878773,0.0067034530222929,1.0,1.0,,,,,,
q,dual_x_dim,6,0.1201973174121529,50.0,,0.0001,512.0,,100,0.0059050360811343,0.0059050360811343,1.0,1.0,,,,,,
q,dual_x_dim,6,0.1201973174121529,50.0,,0.0001,512.0,,500,0.0248685732081463,0.0243959370009441,1.0,1.0,,,,,,
q,dual_x_dim,7,0.1125765245269145,50.0,,0.0001,512.0,,100,0.0022573389089068,0.001746415757144,1.0,1.0,,,,,,
q,dual_x_dim,7,0.1125765245269145,50.0,,0.0001,512.0,,500,0.0101570950138873,0.0056395863462528,1.0,1.0,,,,,,
q,dual_x_dim,8,0.1417573096555955,50.0,,0.0001,512.0,,100,0.002808623597635,0.002751039362426,1.0,1.0,,,,,,
q,dual_x_dim,8,0.1417573096555955,50.0,,0.0001,512.0,,500,0.0350675638448163,0.0317548187685843,1.0,1.0,,,,,,
q,dual_x_dim,9,0.133041364360873,50.0,,0.0001,512.0,,100,0.0091904974148718,0.0083939294959242,1.0,1.0,,,,,,
q,dual_x_dim,9,0.133041364360873,50.0,,0.0001,512.0,,500,0.0212987649942566,0.0178972875893448,1.0,1.0,,,,,,
q,dual_x_dim,10,0.1169679487972046,50.0,,0.0001,512.0,,100,0.005458241378907,0.0045765767102495,1.0,1.0,,,,,,
q,dual_x_dim,10,0.1169679487972046,50.0,,0.0001,512.0,,500,0.0136034627406362,0.0084259685420913,1.0,1.0,,,,,,
q,dual_x_dim,11,0.1246017663255829,50.0,,0.0001,512.0,,100,0.00351116602921,0.0029310180778701,1.0,1.0,,,,,,
q,dual_x_dim,11,0.1246017663255829,50.0,,0.0001,512.0,,500,0.0153306199773037,0.0150681768793992,1.0,1.0,,,,,,
q,dual_x_dim,12,0.1382766162059651,50.0,,0.0001,512.0,,100,0.0059597717617305,0.0059597717617305,1.0,1.0,,,,,,
q,dual_x_dim,12,0.1382766162059651,50.0,,0.0001,512.0,,500,0.0503398713176339,0.0487258349574528,1.0,1.0,,,,,,
q,dual_x_dim,13,0.1196281776795636,50.0,,0.0001,512.0,,100,0.0038797141801544,0.0028083709234281,1.0,1.0,,,,,,
q,dual_x_dim,13,0.1196281776795636,50.0,,0.0001,512.0,,500,0.0197021523442066,0.0153986093568474,1.0,1.0,,,,,,
q,dual_x_dim,14,0.1340870593186491,50.0,,0.0001,512.0,,100,0.00447729805698,0.0041572524216255,1.0,1.0,,,,,,
q,dual_x_dim,14,0.1340870593186491,50.0,,0.0001,512.0,,500,0.007918810527983,0.007253100491256,1.0,1.0,,,,,,
q,dual_x_dim,15,0.0967374670363391,50.0,,0.0001,512.0,,100,0.0041678868500416,0.0041678868500416,1.0,1.0,,,,,,
q,dual_x_dim,15,0.0967374670363391,50.0,,0.0001,512.0,,500,0.013592830083827,0.013592830083827,1.0,1.0,,,,,,
q,dual_x_dim,16,0.1174795013926857,50.0,,0.0001,512.0,,100,0.0039950766230958,0.0035576464217218,1.0,1.0,,,,,,
q,dual_x_dim,16,0.1174795013926857,50.0,,0.0001,512.0,,500,0.0365423407038689,0.0361715749634568,1.0,1.0,,,,,,
q,dual_x_dim,17,0.1417826345959721,50.0,,0.0001,512.0,,100,0.0044205361530377,0.0043932217358902,1.0,1.0,,,,,,
q,dual_x_dim,17,0.1417826345959721,50.0,,0.0001,512.0,,500,0.0333667711854985,0.0330541437193434,1.0,1.0,,,,,,
q,dual_x_dim,18,0.0907625039255792,50.0,,0.0001,512.0,,100,0.006370317455276,0.0049966146627689,0.9929947460595446,0.989247311827957,,,,,,
q,dual_x_dim,18,0.0907625039255792,50.0,,0.0001,512.0,,500,0.0248073679132536,0.0243090291023517,0.998653651969034,0.9979716024340772,,,,,,
q,dual_x_dim,19,0.1233153610554358,50.0,,0.0001,512.0,,100,0.0039601944990123,0.0039601944990123,1.0,1.0,,,,,,
q,dual_x_dim,19,0.1233153610554358,50.0,,0.0001,512.0,,500,0.0319174828609609,0.0310943621040409,1.0,1.0,,,,,,
q,dual_x_dim,0,0.0832455924980941,50.0,,0.0001,1024.0,,100,0.0045421601598119,0.0042986991156772,1.0,1.0,,,,,,
q,dual_x_dim,0,0.0832455924980941,50.0,,0.0001,1024.0,,500,0.017053755878939,0.0143655247583331,1.0,1.0,,,,,,
q,dual_x_dim,1,0.0977398989210664,50.0,,0.0001,1024.0,,100,0.0064616585338255,0.0064616585338255,1.0,1.0,,,,,,
q,dual_x_dim,1,0.0977398989210664,50.0,,0.0001,1024.0,,500,0.0412872857168702,0.0412872857168702,1.0,1.0,,,,,,
q,dual_x_dim,2,0.098176231085323,50.0,,0.0001,1024.0,,100,0.0039484836794995,0.0032863951215057,1.0,1.0,,,,,,
q,dual_x_dim,2,0.098176231085323,50.0,,0.0001,1024.0,,500,0.0102744248358354,0.007916645399586,1.0,1.0,,,,,,
q,dual_x_dim,3,0.1202208739769747,50.0,,0.0001,1024.0,,100,0.0047945544419272,0.00367556275257,1.0,1.0,,,,,,
q,dual_x_dim,3,0.1202208739769747,50.0,,0.0001,1024.0,,500,0.015708149075744,0.0155636437225895,1.0,1.0,,,,,,
q,dual_x_dim,12,0.0662617463813111,50.0,,0.0001,1024.0,,100,0.0057122421132185,0.0057122421132185,1.0,1.0,,,,,,
q,dual_x_dim,12,0.0662617463813111,50.0,,0.0001,1024.0,,500,0.0482637619042218,0.0465698517896726,1.0,1.0,,,,,,
q,dual_x_dim,13,0.0876184035596533,50.0,,0.0001,1024.0,,100,0.0039148817385076,0.0026040010613435,1.0,1.0,,,,,,
q,dual_x_dim,13,0.0876184035596533,50.0,,0.0001,1024.0,,500,0.0196471480864679,0.0153301574673689,1.0,1.0,,,,,,
q,dual_x_dim,14,0.0975804595166753,50.0,,0.0001,1024.0,,100,0.0045668372625883,0.0042521389069337,1.0,1.0,,,,,,
q,dual_x_dim,14,0.0975804595166753,50.0,,0.0001,1024.0,,500,0.0077403856364042,0.0069249595698931,1.0,1.0,,,,,,
q,dual_x_dim,15,0.0830707630274445,50.0,,0.0001,1024.0,,100,0.0041619768850172,0.0041619768850172,1.0,1.0,,,,,,
q,dual_x_dim,15,0.0830707630274445,50.0,,0.0001,1024.0,,500,0.0121721321167918,0.0121721321167918,1.0,1.0,,,,,,
q,dual_x_dim,4,0.0858213646046357,50.0,,0.0001,1024.0,,100,0.0029461380157496,0.0017178458915302,1.0,1.0,,,,,,
q,dual_x_dim,4,0.0858213646046357,50.0,,0.0001,1024.0,,500,0.0049163656197577,0.0028730414570559,1.0,1.0,,,,,,
q,dual_x_dim,5,0.095290498691526,50.0,,0.0001,1024.0,,100,0.004177776495118,0.003617250478221,1.0,1.0,,,,,,
q,dual_x_dim,5,0.095290498691526,50.0,,0.0001,1024.0,,500,0.0098201183452655,0.0062985539505224,1.0,1.0,,,,,,
q,dual_x_dim,6,0.0858756883561873,50.0,,0.0001,1024.0,,100,0.0058285331152589,0.0058285331152589,1.0,1.0,,,,,,
q,dual_x_dim,6,0.0858756883561873,50.0,,0.0001,1024.0,,500,0.0249437756242287,0.0244235942278803,1.0,1.0,,,,,,
q,dual_x_dim,7,0.0844807231030569,50.0,,0.0001,1024.0,,100,0.0022977909597853,0.0018294932082429,1.0,1.0,,,,,,
q,dual_x_dim,7,0.0844807231030569,50.0,,0.0001,1024.0,,500,0.0103061250805653,0.0057891792339725,1.0,1.0,,,,,,
q,dual_x_dim,8,0.0855617921909968,50.0,,0.0001,1024.0,,100,0.0030253607056526,0.0029152250987604,1.0,1.0,,,,,,
q,dual_x_dim,8,0.0855617921909968,50.0,,0.0001,1024.0,,500,0.0359471086603548,0.0325841841489802,1.0,1.0,,,,,,
q,dual_x_dim,9,0.1003569482236124,50.0,,0.0001,1024.0,,100,0.0091171410386147,0.0083295957541772,1.0,1.0,,,,,,
q,dual_x_dim,9,0.1003569482236124,50.0,,0.0001,1024.0,,500,0.0207052995184933,0.0171114775794669,1.0,1.0,,,,,,
q,dual_x_dim,10,0.0940662699861201,50.0,,0.0001,1024.0,,100,0.0051586427626279,0.0043373817604614,1.0,1.0,,,,,,
q,dual_x_dim,10,0.0940662699861201,50.0,,0.0001,1024.0,,500,0.0135780643576852,0.0080710781992894,1.0,1.0,,,,,,
q,dual_x_dim,11,0.0994580435870724,50.0,,0.0001,1024.0,,100,0.0034003459077073,0.0029631732537097,1.0,1.0,,,,,,
q,dual_x_dim,11,0.0994580435870724,50.0,,0.0001,1024.0,,500,0.0157390004087809,0.0154794312279233,1.0,1.0,,,,,,
q,dual_x_dim,4,0.0400158702661801,50.0,,0.0001,4096.0,,100,0.0030320709344812,0.0014935736473447,1.0,1.0,,,,,,
q,dual_x_dim,4,0.0400158702661801,50.0,,0.0001,4096.0,,500,0.0048278028756718,0.0031012692898295,1.0,1.0,,,,,,
q,dual_x_dim,5,0.0370913464717784,50.0,,0.0001,4096.0,,100,0.004065192515781,0.0036503370651696,1.0,1.0,,,,,,
q,dual_x_dim,5,0.0370913464717784,50.0,,0.0001,4096.0,,500,0.0100217811686129,0.0063953837641559,1.0,1.0,,,,,,
q,dual_x_dim,6,0.0479492321544804,50.0,,0.0001,4096.0,,100,0.0055711753487335,0.0055711753487335,1.0,1.0,,,,,,
q,dual_x_dim,6,0.0479492321544804,50.0,,0.0001,4096.0,,500,0.0265599782500949,0.0259834342358522,1.0,1.0,,,,,,
q,dual_x_dim,7,0.0385382896527443,50.0,,0.0001,4096.0,,100,0.0021864402402324,0.0019104959464089,1.0,1.0,,,,,,
q,dual_x_dim,7,0.0385382896527443,50.0,,0.0001,4096.0,,500,0.0100628045399058,0.0056408827748879,1.0,1.0,,,,,,
q,dual_x_dim,16,0.082259425917027,50.0,,0.0001,1024.0,,100,0.0040979363372424,0.0036925221736929,1.0,1.0,,,,,,
q,dual_x_dim,16,0.082259425917027,50.0,,0.0001,1024.0,,500,0.0366453993801956,0.0363561505950098,1.0,1.0,,,,,,
q,dual_x_dim,17,0.1032670721174316,50.0,,0.0001,1024.0,,100,0.0043217276866473,0.0043217276866473,1.0,1.0,,,,,,
q,dual_x_dim,17,0.1032670721174316,50.0,,0.0001,1024.0,,500,0.0373017454717921,0.0373017454717921,1.0,1.0,,,,,,
q,dual_x_dim,18,0.0759683551193502,50.0,,0.0001,1024.0,,100,0.0058801325177741,0.0045018059240125,0.9929947460595446,0.989247311827957,,,,,,
q,dual_x_dim,18,0.0759683551193502,50.0,,0.0001,1024.0,,500,0.0242484900803789,0.0237922737195037,0.998653651969034,0.9979716024340772,,,,,,
q,dual_x_dim,19,0.0849126767994121,50.0,,0.0001,1024.0,,100,0.0038578597295815,0.0038578597295815,1.0,1.0,,,,,,
q,dual_x_dim,19,0.0849126767994121,50.0,,0.0001,1024.0,,500,0.0323374978414094,0.0315623989623015,1.0,1.0,,,,,,
q,dual_x_dim,0,0.0528122944875321,50.0,,0.0001,4096.0,,100,0.0043693523370624,0.0041315902706366,1.0,1.0,,,,,,
q,dual_x_dim,0,0.0528122944875321,50.0,,0.0001,4096.0,,500,0.0160525671443289,0.0133539844546194,1.0,1.0,,,,,,
q,dual_x_dim,1,0.0332337536226412,50.0,,0.0001,4096.0,,100,0.0059962334044609,0.0059962334044609,1.0,1.0,,,,,,
q,dual_x_dim,1,0.0332337536226412,50.0,,0.0001,4096.0,,500,0.038862080586921,0.0388578117768352,1.0,1.0,,,,,,
q,dual_x_dim,2,0.0451743962171918,50.0,,0.0001,4096.0,,100,0.0039678293625002,0.0032664728914666,1.0,1.0,,,,,,
q,dual_x_dim,2,0.0451743962171918,50.0,,0.0001,4096.0,,500,0.0096948826997891,0.0069259220712364,1.0,1.0,,,,,,
q,dual_x_dim,3,0.0427116544627979,50.0,,0.0001,4096.0,,100,0.0047719431563933,0.0036546018655484,1.0,1.0,,,,,,
q,dual_x_dim,3,0.0427116544627979,50.0,,0.0001,4096.0,,500,0.0164867030464257,0.0163510176216462,1.0,1.0,,,,,,
q,dual_x_dim,8,0.0543835979270181,50.0,,0.0001,4096.0,,100,0.0030575029994469,0.0029291708255537,1.0,1.0,,,,,,
q,dual_x_dim,8,0.0543835979270181,50.0,,0.0001,4096.0,,500,0.0389100867101075,0.0353836816179631,1.0,1.0,,,,,,
q,dual_x_dim,9,0.0376531093771584,50.0,,0.0001,4096.0,,100,0.0090263981521593,0.0082459737087402,1.0,1.0,,,,,,
q,dual_x_dim,9,0.0376531093771584,50.0,,0.0001,4096.0,,500,0.0208924385413182,0.0173655825793557,1.0,1.0,,,,,,
q,dual_x_dim,10,0.0468377476856461,50.0,,0.0001,4096.0,,100,0.0051151041883657,0.0042931058165535,1.0,1.0,,,,,,
q,dual_x_dim,10,0.0468377476856461,50.0,,0.0001,4096.0,,500,0.0129373098425435,0.0077157388593831,1.0,1.0,,,,,,
q,dual_x_dim,11,0.0521751382836228,50.0,,0.0001,4096.0,,100,0.0034967461489582,0.0030171099200377,1.0,1.0,,,,,,
q,dual_x_dim,11,0.0521751382836228,50.0,,0.0001,4096.0,,500,0.0167037580481321,0.0164410192185504,1.0,1.0,,,,,,
q,dual_x_dim,12,0.0375271207122855,50.0,,0.0001,4096.0,,100,0.0059051010489263,0.0059051010489263,1.0,1.0,,,,,,
q,dual_x_dim,12,0.0375271207122855,50.0,,0.0001,4096.0,,500,0.0492279576443885,0.0475605145982613,1.0,1.0,,,,,,
q,dual_x_dim,13,0.0361136154477065,50.0,,0.0001,4096.0,,100,0.0037786101583706,0.0026827138565761,1.0,1.0,,,,,,
q,dual_x_dim,13,0.0361136154477065,50.0,,0.0001,4096.0,,500,0.0206905316834915,0.0163371895010211,1.0,1.0,,,,,,
q,dual_x_dim,14,0.0462079830780834,50.0,,0.0001,4096.0,,100,0.0045060543837581,0.0042202480521901,1.0,1.0,,,,,,
q,dual_x_dim,14,0.0462079830780834,50.0,,0.0001,4096.0,,500,0.0077294470724134,0.0068937405168078,1.0,1.0,,,,,,
q,dual_x_dim,15,0.0412325635617556,50.0,,0.0001,4096.0,,100,0.0041089784328849,0.0041089784328849,1.0,1.0,,,,,,
q,dual_x_dim,15,0.0412325635617556,50.0,,0.0001,4096.0,,500,0.0122716440408168,0.0122716440408168,1.0,1.0,,,,,,
q,dual_x_dim,16,0.0479727073439655,50.0,,0.0001,4096.0,,100,0.004071966411164,0.0036479575085868,1.0,1.0,,,,,,
q,dual_x_dim,16,0.0479727073439655,50.0,,0.0001,4096.0,,500,0.0364289496137182,0.0362704400572311,1.0,1.0,,,,,,
q,dual_x_dim,17,0.0520924933809918,50.0,,0.0001,4096.0,,100,0.0046181696223074,0.0046181696223074,1.0,1.0,,,,,,
q,dual_x_dim,17,0.0520924933809918,50.0,,0.0001,4096.0,,500,0.0357945611768291,0.0357945611768291,1.0,1.0,,,,,,
q,dual_x_dim,18,0.0485882391989239,50.0,,0.0001,4096.0,,100,0.005838327722474,0.0044187340470924,0.989492119089317,0.989247311827957,,,,,,
q,dual_x_dim,18,0.0485882391989239,50.0,,0.0001,4096.0,,500,0.0220062121965032,0.0216568217987926,0.997980477953551,0.9979716024340772,,,,,,
q,dual_x_dim,19,0.0383921864166432,50.0,,0.0001,4096.0,,100,0.0037792693331413,0.0036822760637647,1.0,1.0,,,,,,
q,dual_x_dim,19,0.0383921864166432,50.0,,0.0001,4096.0,,500,0.0306972132301805,0.0299075885108779,1.0,1.0,,,,,,
q,dual_x_dim,0,0.0203569894689093,50.0,,0.0001,16384.0,,100,0.004327550500947,0.0040979004049626,1.0,1.0,,,,,,
q,dual_x_dim,0,0.0203569894689093,50.0,,0.0001,16384.0,,500,0.0160230680124072,0.013365016575057,1.0,1.0,,,,,,
q,dual_x_dim,1,0.0180762543208998,50.0,,0.0001,16384.0,,100,0.0059319535231687,0.0059319535231687,1.0,1.0,,,,,,
q,dual_x_dim,1,0.0180762543208998,50.0,,0.0001,16384.0,,500,0.0377982447233016,0.0376936395303437,1.0,1.0,,,,,,
q,dual_x_dim,2,0.021402928767805,50.0,,0.0001,16384.0,,100,0.0039284486150892,0.0032085919652251,1.0,1.0,,,,,,
q,dual_x_dim,2,0.021402928767805,50.0,,0.0001,16384.0,,500,0.0096743077014851,0.0067654385522517,1.0,1.0,,,,,,
q,dual_x_dim,3,0.0187455835272602,50.0,,0.0001,16384.0,,100,0.0048192187361419,0.0036918512258447,1.0,1.0,,,,,,
q,dual_x_dim,3,0.0187455835272602,50.0,,0.0001,16384.0,,500,0.0161024791060544,0.0159648120843666,1.0,1.0,,,,,,
q,dual_x_dim,4,0.0230212539981229,50.0,,0.0001,16384.0,,100,0.003016832713467,0.001525306772315,1.0,1.0,,,,,,
q,dual_x_dim,4,0.0230212539981229,50.0,,0.0001,16384.0,,500,0.0048451480213826,0.0029856676201689,1.0,1.0,,,,,,
q,dual_x_dim,5,0.018059158472521,50.0,,0.0001,16384.0,,100,0.0040552300302117,0.0036524232527398,1.0,1.0,,,,,,
q,dual_x_dim,5,0.018059158472521,50.0,,0.0001,16384.0,,500,0.0102779774323158,0.0066671700672893,1.0,1.0,,,,,,
q,dual_x_dim,6,0.0210804508573937,50.0,,0.0001,16384.0,,100,0.0054015286345365,0.0054015286345365,1.0,1.0,,,,,,
q,dual_x_dim,6,0.0210804508573937,50.0,,0.0001,16384.0,,500,0.0277507556102096,0.0271281426135354,1.0,1.0,,,,,,
q,dual_x_dim,7,0.0214313098777888,50.0,,0.0001,16384.0,,100,0.0021849592905456,0.0020814800328632,1.0,1.0,,,,,,
q,dual_x_dim,7,0.0214313098777888,50.0,,0.0001,16384.0,,500,0.009845079561626,0.0054776855640978,1.0,1.0,,,,,,
q,dual_x_dim,8,0.0210305880424345,50.0,,0.0001,16384.0,,100,0.0030355661048709,0.0029039519588042,1.0,1.0,,,,,,
q,dual_x_dim,8,0.0210305880424345,50.0,,0.0001,16384.0,,500,0.0392089625282836,0.0355838456935035,1.0,1.0,,,,,,
q,dual_x_dim,9,0.0197283560090542,50.0,,0.0001,16384.0,,100,0.0089074205792918,0.0081282321447072,1.0,1.0,,,,,,
q,dual_x_dim,9,0.0197283560090542,50.0,,0.0001,16384.0,,500,0.0205085752557636,0.0167266063944795,1.0,1.0,,,,,,
q,dual_x_dim,10,0.0223619354863721,50.0,,0.0001,16384.0,,100,0.0050447074282263,0.0042378677915281,1.0,1.0,,,,,,
q,dual_x_dim,10,0.0223619354863721,50.0,,0.0001,16384.0,,500,0.0126353251882842,0.0074581727005003,1.0,1.0,,,,,,
q,dual_x_dim,11,0.0231050851373385,50.0,,0.0001,16384.0,,100,0.003562551926999,0.0030426051631373,1.0,1.0,,,,,,
q,dual_x_dim,11,0.0231050851373385,50.0,,0.0001,16384.0,,500,0.0173865901827352,0.017143728334539,1.0,1.0,,,,,,
q,dual_x_dim,12,0.0269907621139558,50.0,,0.0001,16384.0,,100,0.0059272374024501,0.0059272374024501,1.0,1.0,,,,,,
q,dual_x_dim,12,0.0269907621139558,50.0,,0.0001,16384.0,,500,0.0486551496537945,0.0469853741568899,1.0,1.0,,,,,,
q,dual_x_dim,13,0.0258307931405904,50.0,,0.0001,16384.0,,100,0.0037851815399891,0.0025470160377083,1.0,1.0,,,,,,
q,dual_x_dim,13,0.0258307931405904,50.0,,0.0001,16384.0,,500,0.0209976950463484,0.0165740347916139,1.0,1.0,,,,,,
q,dual_x_dim,14,0.0206594191617385,50.0,,0.0001,16384.0,,100,0.0045668964121247,0.0042735416417192,1.0,1.0,,,,,,
q,dual_x_dim,14,0.0206594191617385,50.0,,0.0001,16384.0,,500,0.0075442721331218,0.0066664802121222,1.0,1.0,,,,,,
q,dual_x_dim,15,0.0269255670457066,50.0,,0.0001,16384.0,,100,0.0041385498720672,0.0041385498720672,1.0,1.0,,,,,,
q,dual_x_dim,15,0.0269255670457066,50.0,,0.0001,16384.0,,500,0.0120762782517145,0.0120762782517145,1.0,1.0,,,,,,
q,dual_x_dim,16,0.0165846560209867,50.0,,0.0001,16384.0,,100,0.0040086688561272,0.0035885603923443,1.0,1.0,,,,,,
q,dual_x_dim,16,0.0165846560209867,50.0,,0.0001,16384.0,,500,0.0349742472088703,0.0347887876901724,1.0,1.0,,,,,,
q,dual_x_dim,17,0.0198970173937805,50.0,,0.0001,16384.0,,100,0.0046179249916072,0.0046179249916072,1.0,1.0,,,,,,
q,dual_x_dim,17,0.0198970173937805,50.0,,0.0001,16384.0,,500,0.0373298798439907,0.0373298798439907,1.0,1.0,,,,,,
q,dual_x_dim,18,0.0208652858105288,50.0,,0.0001,16384.0,,100,0.0057912567700144,0.0043626699013994,0.989492119089317,0.989247311827957,,,,,,
q,dual_x_dim,18,0.0208652858105288,50.0,,0.0001,16384.0,,500,0.0209363147213732,0.0205720947378225,0.997980477953551,0.9979716024340772,,,,,,
q,dual_x_dim,19,0.0214653212215956,50.0,,0.0001,16384.0,,100,0.0037544901598484,0.0037544901598484,1.0,1.0,,,,,,
q,dual_x_dim,19,0.0214653212215956,50.0,,0.0001,16384.0,,500,0.03032938122475,0.0295206857702234,1.0,1.0,,,,,,
q,dual_x_dim,0,0.5824868497238714,50.0,,0.001,16.0,,100,0.2956151050296874,0.2942479082329915,1.0,0.9893617021276596,,,,,,
q,dual_x_dim,0,0.5824868497238714,50.0,,0.001,16.0,,500,0.4951845708158899,0.367208504496106,1.0,0.9979757085020244,,,,,,
q,dual_x_dim,1,0.7171173891637045,50.0,,0.001,16.0,,100,0.1090964301859878,0.1078403290434317,0.996268656716418,0.989247311827957,,,,,,
q,dual_x_dim,1,0.7171173891637045,50.0,,0.001,16.0,,500,1.09321957675837,1.09321957675837,0.9993188010899182,0.9979716024340772,,,,,,
q,dual_x_dim,2,0.5337551337145325,50.0,,0.001,16.0,,100,0.1453875447419614,0.1307067318465082,0.998217468805704,1.0,,,,,,
q,dual_x_dim,2,0.5337551337145325,50.0,,0.001,16.0,,500,0.4519136102676646,0.3923982360544407,0.999662276258021,1.0,,,,,,
q,dual_x_dim,3,0.6316069804967541,50.0,,0.001,16.0,,100,0.1541599905809495,0.1293958172933927,0.9646643109540636,0.9787234042553192,,,,,,
q,dual_x_dim,3,0.6316069804967541,50.0,,0.001,16.0,,500,0.3670571683677139,0.3670571683677139,0.9912339851652056,0.9939271255060728,,,,,,
q,dual_x_dim,4,0.6300742150314218,50.0,,0.001,16.0,,100,0.9985273639625848,0.9922436130981808,0.9982486865148862,1.0,,,,,,
q,dual_x_dim,4,0.6300742150314218,50.0,,0.001,16.0,,500,1.3345239527434587,0.9207352661683712,0.9996634129922584,1.0,,,,,,
q,dual_x_dim,5,0.6298305822462573,50.0,,0.001,16.0,,100,0.1951095501758919,0.195037428190109,0.9842931937172776,0.9894736842105264,,,,,,
q,dual_x_dim,5,0.6298305822462573,50.0,,0.001,16.0,,500,1.0918400323223327,0.8583825771637743,0.9969727547931384,0.997979797979798,,,,,,
q,dual_x_dim,6,0.5379516056751762,50.0,,0.001,16.0,,100,0.0959302919630029,0.0601116986842202,0.9878472222222222,1.0,,,,,,
q,dual_x_dim,6,0.5379516056751762,50.0,,0.001,16.0,,500,0.3794143525883031,0.3794143525883031,0.9976478494623656,1.0,,,,,,
q,dual_x_dim,7,0.5504159944126669,50.0,,0.001,16.0,,100,0.0836452409501185,0.0836452409501185,1.0,0.989247311827957,,,,,,
q,dual_x_dim,7,0.5504159944126669,50.0,,0.001,16.0,,500,0.2695168453339276,0.2082551949957056,1.0,0.9979716024340772,,,,,,
q,dual_x_dim,8,0.5503838769727527,50.0,,0.001,16.0,,100,0.110024656125614,0.1072248519210177,1.0,1.0,,,,,,
q,dual_x_dim,8,0.5503838769727527,50.0,,0.001,16.0,,500,1.2350903738739376,1.1036421238906178,1.0,1.0,,,,,,
q,dual_x_dim,9,0.5859552892639311,50.0,,0.001,16.0,,100,0.1777458544380334,0.1324204868962103,0.9859894921190894,0.9239130434782608,,,,,,
q,dual_x_dim,9,0.5859552892639311,50.0,,0.001,16.0,,500,0.6367094424103537,0.3213502866601359,0.997307303938068,0.9857723577235772,,,,,,
q,dual_x_dim,10,0.6786980429492779,50.0,,0.001,16.0,,100,0.1278160081787392,0.1167725195958022,0.9715808170515098,0.968421052631579,,,,,,
q,dual_x_dim,10,0.6786980429492779,50.0,,0.001,16.0,,500,0.2723966736992329,0.1834138221916421,0.9946000674991564,0.993939393939394,,,,,,
q,dual_x_dim,11,0.6685670290921756,50.0,,0.001,16.0,,100,0.1952852907509808,0.1762368802977016,0.9981884057971014,1.0,,,,,,
q,dual_x_dim,11,0.6685670290921756,50.0,,0.001,16.0,,500,0.530292314776734,0.530292314776734,0.999661246612466,1.0,,,,,,
q,dual_x_dim,12,0.5855076028423207,50.0,,0.001,16.0,,100,0.2102562198791717,0.2102562198791717,0.9929453262786596,0.978494623655914,,,,,,
q,dual_x_dim,12,0.5855076028423207,50.0,,0.001,16.0,,500,0.6694487850459283,0.6317131958183084,0.9976407145264578,0.995943204868154,,,,,,
q,dual_x_dim,13,0.7023461508614937,50.0,,0.001,16.0,,100,0.1087013998369789,0.055537803044418,0.9380378657487092,0.9789473684210528,,,,,,
q,dual_x_dim,13,0.7023461508614937,50.0,,0.001,16.0,,500,0.3470344863826407,0.278450636695053,0.9879235155987924,0.995959595959596,,,,,,
q,dual_x_dim,14,0.6812192772386215,50.0,,0.001,16.0,,100,0.0837618817922204,0.0693683942792004,0.9404553415061296,0.913978494623656,,,,,,
q,dual_x_dim,14,0.6812192772386215,50.0,,0.001,16.0,,500,0.2077031562618079,0.1798536244889654,0.988556041736789,0.9837728194726166,,,,,,
q,dual_x_dim,15,0.7863103197713137,50.0,,0.001,16.0,,100,0.2102953858738319,0.2034284747748617,0.9614035087719298,0.9789473684210528,,,,,,
q,dual_x_dim,15,0.7863103197713137,50.0,,0.001,16.0,,500,0.3902186742640792,0.3360470603215073,0.9925925925925926,0.995959595959596,,,,,,
q,dual_x_dim,0,0.5421668878304189,50.0,,0.001,24.0,,100,0.1178675237592863,0.1178675237592863,1.0,1.0,,,,,,
q,dual_x_dim,0,0.5421668878304189,50.0,,0.001,24.0,,500,0.3818536033490636,0.3426408988047997,1.0,1.0,,,,,,
q,dual_x_dim,1,0.5678731396400899,50.0,,0.001,24.0,,100,0.0860761609220908,0.0816446327212996,1.0,0.989247311827957,,,,,,
q,dual_x_dim,1,0.5678731396400899,50.0,,0.001,24.0,,500,0.6051123227331265,0.5980379339488677,1.0,0.9979716024340772,,,,,,
q,dual_x_dim,2,0.5162001740529778,50.0,,0.001,24.0,,100,0.094103949011547,0.0849142071215628,1.0,1.0,,,,,,
q,dual_x_dim,2,0.5162001740529778,50.0,,0.001,24.0,,500,0.2360932551973987,0.2068613024390304,1.0,1.0,,,,,,
q,dual_x_dim,3,0.6063246315124409,50.0,,0.001,24.0,,100,0.0543488254407923,0.0396472775726248,0.9858657243816256,1.0,,,,,,
q,dual_x_dim,3,0.6063246315124409,50.0,,0.001,24.0,,500,0.2256301486894756,0.2256301486894756,0.9949426837491572,0.9979757085020244,,,,,,
q,dual_x_dim,16,0.597152494276281,50.0,,0.001,16.0,,100,0.2536500432270065,0.2536500432270065,0.8998242530755711,0.8829787234042553,,,,,,
q,dual_x_dim,16,0.597152494276281,50.0,,0.001,16.0,,500,2.372680621468625,2.350250106968897,0.7416638598854833,0.7307692307692307,,,,,,
q,dual_x_dim,17,0.7668002575527149,50.0,,0.001,16.0,,100,0.0940883815979735,0.0891935355276625,0.99645390070922,0.9787234042553192,,,,,,
q,dual_x_dim,17,0.7668002575527149,50.0,,0.001,16.0,,500,0.3521442443313551,0.219013067105235,0.9993252361673416,0.9959514170040484,,,,,,
q,dual_x_dim,18,0.6186314551596767,50.0,,0.001,16.0,,100,0.3134775699678526,0.2722741899987009,0.87215411558669,0.8924731182795699,,,,,,
q,dual_x_dim,18,0.6186314551596767,50.0,,0.001,16.0,,500,0.729280279181403,0.5886232696533007,0.975092561427129,0.9797160243407708,,,,,,
q,dual_x_dim,19,0.6570521997836933,50.0,,0.001,16.0,,100,0.2595269100809418,0.2595269100809418,0.9299474605954466,0.9574468085106383,,,,,,
q,dual_x_dim,19,0.6570521997836933,50.0,,0.001,16.0,,500,1.4690972022775526,1.4639406466208464,0.9848535846516324,0.9878542510121456,,,,,,
q,dual_x_dim,12,0.6063071845964549,50.0,,0.001,24.0,,100,0.0840634389831305,0.0840634389831305,1.0,1.0,,,,,,
q,dual_x_dim,12,0.6063071845964549,50.0,,0.001,24.0,,500,0.6222292350609611,0.59030281150327,1.0,1.0,,,,,,
q,dual_x_dim,13,0.6143260030494101,50.0,,0.001,24.0,,100,0.0638714546202651,0.0464866416481665,0.9586919104991394,0.9894736842105264,,,,,,
q,dual_x_dim,13,0.6143260030494101,50.0,,0.001,24.0,,500,0.4962923920218314,0.45793771970032,0.9919490103991948,0.997979797979798,,,,,,
q,dual_x_dim,14,0.6899588145802447,50.0,,0.001,24.0,,100,0.0642975970046536,0.0496996734884512,0.956217162872154,0.946236559139785,,,,,,
q,dual_x_dim,14,0.6899588145802447,50.0,,0.001,24.0,,500,0.1223480536701757,0.1204908277256446,0.9915853248064624,0.9898580121703854,,,,,,
q,dual_x_dim,15,0.640572464930069,50.0,,0.001,24.0,,100,0.0697282707783621,0.0609311291695473,1.0,1.0,,,,,,
q,dual_x_dim,15,0.640572464930069,50.0,,0.001,24.0,,500,0.2008292889755565,0.1960184534703102,1.0,1.0,,,,,,
q,dual_x_dim,4,0.5650160744942002,50.0,,0.001,24.0,,100,0.0800980374161492,0.0800980374161492,1.0,1.0,,,,,,
q,dual_x_dim,4,0.5650160744942002,50.0,,0.001,24.0,,500,0.1563167855481193,0.1147367999649819,1.0,1.0,,,,,,
q,dual_x_dim,5,0.44867717946593,50.0,,0.001,24.0,,100,0.0568114608421136,0.0550978619238464,1.0,1.0,,,,,,
q,dual_x_dim,5,0.44867717946593,50.0,,0.001,24.0,,500,0.217074469436179,0.1417799261804284,1.0,1.0,,,,,,
q,dual_x_dim,6,0.4733353937396358,50.0,,0.001,24.0,,100,0.0905360727554378,0.0905360727554378,1.0,1.0,,,,,,
q,dual_x_dim,6,0.4733353937396358,50.0,,0.001,24.0,,500,0.2795023922934265,0.1259913993720289,1.0,1.0,,,,,,
q,dual_x_dim,7,0.4848911240174937,50.0,,0.001,24.0,,100,0.0419270220234,0.0419270220234,0.998272884283247,0.989247311827957,,,,,,
q,dual_x_dim,7,0.4848911240174937,50.0,,0.001,24.0,,500,0.1435563607477137,0.1150161704100649,0.9996643168848608,0.9979716024340772,,,,,,
q,dual_x_dim,16,0.5596173010815712,50.0,,0.001,24.0,,100,0.0619491190541483,0.0519857191714541,0.9753954305799648,0.9680851063829788,,,,,,
q,dual_x_dim,16,0.5596173010815712,50.0,,0.001,24.0,,500,0.8307386510754009,0.8247899047873264,0.9952846076119906,0.9939271255060728,,,,,,
q,dual_x_dim,17,0.5485645062802906,50.0,,0.001,24.0,,100,0.095316520244893,0.095316520244893,0.99645390070922,0.9893617021276596,,,,,,
q,dual_x_dim,17,0.5485645062802906,50.0,,0.001,24.0,,500,0.5358458048119377,0.5358458048119377,0.9993252361673416,0.9979757085020244,,,,,,
q,dual_x_dim,18,0.4947893552771776,50.0,,0.001,24.0,,100,0.0598247225682692,0.0545945950246207,0.9632224168126094,0.978494623655914,,,,,,
q,dual_x_dim,18,0.4947893552771776,50.0,,0.001,24.0,,500,0.3697010921326562,0.3570925369613125,0.9929316728374284,0.995943204868154,,,,,,
q,dual_x_dim,19,0.4921353463804619,50.0,,0.001,24.0,,100,0.0653298060211324,0.0494550861491736,1.0,1.0,,,,,,
q,dual_x_dim,19,0.4921353463804619,50.0,,0.001,24.0,,500,0.2491061465914543,0.1009802524016287,1.0,1.0,,,,,,
q,dual_x_dim,8,0.4959463421379046,50.0,,0.001,24.0,,100,0.0421218200267858,0.0385081203841932,1.0,1.0,,,,,,
q,dual_x_dim,8,0.4959463421379046,50.0,,0.001,24.0,,500,0.34319823455378,0.296594191648819,1.0,1.0,,,,,,
q,dual_x_dim,9,0.5641386095086601,50.0,,0.001,24.0,,100,0.1051963662556947,0.0976298748226595,0.9982486865148862,0.9782608695652174,,,,,,
q,dual_x_dim,9,0.5641386095086601,50.0,,0.001,24.0,,500,0.2485234097321014,0.1991213862887804,0.9996634129922584,0.9959349593495936,,,,,,
q,dual_x_dim,10,0.5394950538589948,50.0,,0.001,24.0,,100,0.0781607029717667,0.070275148155819,0.9840142095914742,0.9789473684210528,,,,,,
q,dual_x_dim,10,0.5394950538589948,50.0,,0.001,24.0,,500,0.3106380076006432,0.2158279943171677,0.9969625379682754,0.995959595959596,,,,,,
q,dual_x_dim,11,0.4323375414471957,50.0,,0.001,24.0,,100,0.0548021634319816,0.0478461261905082,0.9981884057971014,1.0,,,,,,
q,dual_x_dim,11,0.4323375414471957,50.0,,0.001,24.0,,500,0.2657587280041882,0.2617598811614483,0.999661246612466,1.0,,,,,,
q,dual_x_dim,0,0.475488624112919,50.0,,0.001,32.0,,100,0.0632116744324411,0.0602427114528572,1.0,1.0,,,,,,
q,dual_x_dim,0,0.475488624112919,50.0,,0.001,32.0,,500,0.2879343804909259,0.2527490277010329,1.0,1.0,,,,,,
q,dual_x_dim,1,0.4081277900492999,50.0,,0.001,32.0,,100,0.0642952359059818,0.0639853170455833,1.0,1.0,,,,,,
q,dual_x_dim,1,0.4081277900492999,50.0,,0.001,32.0,,500,0.523787585349488,0.5109947952485192,1.0,1.0,,,,,,
q,dual_x_dim,2,0.4730093470080129,50.0,,0.001,32.0,,100,0.0835626253853237,0.0769214337287149,1.0,1.0,,,,,,
q,dual_x_dim,2,0.4730093470080129,50.0,,0.001,32.0,,500,0.2016945599593645,0.1621787407542416,1.0,1.0,,,,,,
q,dual_x_dim,3,0.4466934199958885,50.0,,0.001,32.0,,100,0.0535955351455422,0.0402492527883858,0.9982332155477032,1.0,,,,,,
q,dual_x_dim,3,0.4466934199958885,50.0,,0.001,32.0,,500,0.2342524562680148,0.2340521064429892,0.9973027646662171,0.9979757085020244,,,,,,
q,dual_x_dim,4,0.5533154376476055,50.0,,0.001,32.0,,100,0.0636326070704071,0.0636326070704071,1.0,1.0,,,,,,
q,dual_x_dim,4,0.5533154376476055,50.0,,0.001,32.0,,500,0.1310134059679826,0.108613949515719,1.0,1.0,,,,,,
q,dual_x_dim,5,0.3734272198299829,50.0,,0.001,32.0,,100,0.0525877215525553,0.0525877215525553,1.0,1.0,,,,,,
q,dual_x_dim,5,0.3734272198299829,50.0,,0.001,32.0,,500,0.2245928551057545,0.159596835559685,1.0,1.0,,,,,,
q,dual_x_dim,6,0.4297836233635966,50.0,,0.001,32.0,,100,0.1018195149913525,0.1018195149913525,1.0,1.0,,,,,,
q,dual_x_dim,6,0.4297836233635966,50.0,,0.001,32.0,,500,0.2886855036147966,0.132504840186479,1.0,1.0,,,,,,
q,dual_x_dim,7,0.4400890544880544,50.0,,0.001,32.0,,100,0.0372914522075349,0.0320936557437875,1.0,0.989247311827957,,,,,,
q,dual_x_dim,7,0.4400890544880544,50.0,,0.001,32.0,,500,0.1346396685228787,0.096106469261175,1.0,0.9979716024340772,,,,,,
q,dual_x_dim,8,0.4385564417708694,50.0,,0.001,32.0,,100,0.043700832406515,0.0393980349239301,1.0,1.0,,,,,,
q,dual_x_dim,8,0.4385564417708694,50.0,,0.001,32.0,,500,0.4507856675480686,0.403409332798782,1.0,1.0,,,,,,
q,dual_x_dim,9,0.4168672354707817,50.0,,0.001,32.0,,100,0.0852326463002921,0.0775780415892432,0.9982486865148862,0.9782608695652174,,,,,,
q,dual_x_dim,9,0.4168672354707817,50.0,,0.001,32.0,,500,0.1985833117233997,0.1418451181619648,0.9996634129922584,0.9959349593495936,,,,,,
q,dual_x_dim,10,0.4462354434217582,50.0,,0.001,32.0,,100,0.0638250494671521,0.0557047028816463,0.9840142095914742,0.9789473684210528,,,,,,
q,dual_x_dim,10,0.4462354434217582,50.0,,0.001,32.0,,500,0.2185983287729938,0.1478206759659461,0.9969625379682754,0.995959595959596,,,,,,
q,dual_x_dim,11,0.3453439906042841,50.0,,0.001,32.0,,100,0.0557065181413705,0.0524463281408957,1.0,1.0,,,,,,
q,dual_x_dim,11,0.3453439906042841,50.0,,0.001,32.0,,500,0.3100558523893664,0.3064219471363729,1.0,1.0,,,,,,
q,dual_x_dim,12,0.5218634903299535,50.0,,0.001,32.0,,100,0.061846403822213,0.0614360121948419,1.0,1.0,,,,,,
q,dual_x_dim,12,0.5218634903299535,50.0,,0.001,32.0,,500,0.5871365315806991,0.5586135249564852,1.0,1.0,,,,,,
q,dual_x_dim,13,0.4206226488705533,50.0,,0.001,32.0,,100,0.0487760827513562,0.0326289139343155,0.9776247848537004,0.9894736842105264,,,,,,
q,dual_x_dim,13,0.4206226488705533,50.0,,0.001,32.0,,500,0.4505246786377399,0.4165724303714015,0.995639047299564,0.997979797979798,,,,,,
q,dual_x_dim,14,0.4990514455594063,50.0,,0.001,32.0,,100,0.0614102504638059,0.055318448979806,0.957968476357268,0.946236559139785,,,,,,
q,dual_x_dim,14,0.4990514455594063,50.0,,0.001,32.0,,500,0.1019156410857036,0.0982241471478406,0.991921911814204,0.9898580121703854,,,,,,
q,dual_x_dim,15,0.4726710863089248,50.0,,0.001,32.0,,100,0.043050900935082,0.0419416764827015,1.0,1.0,,,,,,
q,dual_x_dim,15,0.4726710863089248,50.0,,0.001,32.0,,500,0.1813773008072557,0.0712072198609758,1.0,1.0,,,,,,
q,dual_x_dim,16,0.4514587337877777,50.0,,0.001,32.0,,100,0.0714827656727929,0.0624246177404677,0.9964850615114236,1.0,,,,,,
q,dual_x_dim,16,0.4514587337877777,50.0,,0.001,32.0,,500,0.6278785432846781,0.6259161195852041,0.9993263725159988,1.0,,,,,,
q,dual_x_dim,17,0.4502359836938825,50.0,,0.001,32.0,,100,0.0549453165143392,0.0515647292586361,0.99645390070922,0.9893617021276596,,,,,,
q,dual_x_dim,17,0.4502359836938825,50.0,,0.001,32.0,,500,0.5331640208549673,0.5331640208549673,0.9993252361673416,0.9979757085020244,,,,,,
q,dual_x_dim,18,0.5626601659757056,50.0,,0.001,32.0,,100,0.0649267650749783,0.0578336045870002,0.9719789842381786,0.978494623655914,,,,,,
q,dual_x_dim,18,0.5626601659757056,50.0,,0.001,32.0,,500,0.4254403897385632,0.4102371525105326,0.994614607876136,0.995943204868154,,,,,,
q,dual_x_dim,19,0.4107705136378998,50.0,,0.001,32.0,,100,0.0510970747032629,0.0355205372556266,1.0,1.0,,,,,,
q,dual_x_dim,19,0.4107705136378998,50.0,,0.001,32.0,,500,0.2941401773365912,0.2100762080315394,1.0,1.0,,,,,,
q,dual_x_dim,0,0.3221759901052828,50.0,,0.001,64.0,,100,0.0595927748164029,0.0562949796178817,1.0,1.0,,,,,,
q,dual_x_dim,0,0.3221759901052828,50.0,,0.001,64.0,,500,0.2401741054533934,0.2065627474899422,1.0,1.0,,,,,,
q,dual_x_dim,1,0.2955807837596712,50.0,,0.001,64.0,,100,0.0602596114553508,0.0598264487960262,1.0,1.0,,,,,,
q,dual_x_dim,1,0.2955807837596712,50.0,,0.001,64.0,,500,0.465595229839324,0.4628529018123544,1.0,1.0,,,,,,
q,dual_x_dim,2,0.3180382777636512,50.0,,0.001,64.0,,100,0.049094412420129,0.0436061110778223,1.0,1.0,,,,,,
q,dual_x_dim,2,0.3180382777636512,50.0,,0.001,64.0,,500,0.1206216245313056,0.1039169793960875,1.0,1.0,,,,,,
q,dual_x_dim,3,0.3669287418772428,50.0,,0.001,64.0,,100,0.060404892988166,0.0487946672406529,0.9893992932862192,1.0,,,,,,
q,dual_x_dim,3,0.3669287418772428,50.0,,0.001,64.0,,500,0.2328316697239862,0.2328316697239862,0.99763991908294,0.9979757085020244,,,,,,
q,dual_x_dim,4,0.4116536270898129,50.0,,0.001,64.0,,100,0.0348817403067402,0.0325550749348928,1.0,1.0,,,,,,
q,dual_x_dim,4,0.4116536270898129,50.0,,0.001,64.0,,500,0.1308525318893973,0.1004224761430871,1.0,1.0,,,,,,
q,dual_x_dim,5,0.2934330069333181,50.0,,0.001,64.0,,100,0.0508261410887703,0.0463344429413571,1.0,1.0,,,,,,
q,dual_x_dim,5,0.2934330069333181,50.0,,0.001,64.0,,500,0.1350461186408842,0.0893358678582361,1.0,1.0,,,,,,
q,dual_x_dim,6,0.4216337928389128,50.0,,0.001,64.0,,100,0.068114410295444,0.0681030286689412,1.0,1.0,,,,,,
q,dual_x_dim,6,0.4216337928389128,50.0,,0.001,64.0,,500,0.2228720983128069,0.22027346325445,1.0,1.0,,,,,,
q,dual_x_dim,7,0.348135709032997,50.0,,0.001,64.0,,100,0.0304261524974928,0.0243723422385536,1.0,1.0,,,,,,
q,dual_x_dim,7,0.348135709032997,50.0,,0.001,64.0,,500,0.1360498351942527,0.1023713988155443,1.0,1.0,,,,,,
q,dual_x_dim,8,0.3115759651311149,50.0,,0.001,64.0,,100,0.03287929904993,0.0325538490310677,1.0,1.0,,,,,,
q,dual_x_dim,8,0.3115759651311149,50.0,,0.001,64.0,,500,0.4208432599364657,0.3786265958614823,1.0,1.0,,,,,,
q,dual_x_dim,9,0.3456124348675807,50.0,,0.001,64.0,,100,0.0761552335987272,0.0678605410764827,1.0,1.0,,,,,,
q,dual_x_dim,9,0.3456124348675807,50.0,,0.001,64.0,,500,0.1562223251534424,0.0898709429840258,1.0,1.0,,,,,,
q,dual_x_dim,10,0.378879289575792,50.0,,0.001,64.0,,100,0.0593052907045466,0.0509474337009073,0.9911190053285968,0.9894736842105264,,,,,,
q,dual_x_dim,10,0.378879289575792,50.0,,0.001,64.0,,500,0.1745819888129709,0.1129219848546099,0.9983125210934864,0.997979797979798,,,,,,
q,dual_x_dim,11,0.3274053988382884,50.0,,0.001,64.0,,100,0.0442873775098011,0.0313760227230856,1.0,1.0,,,,,,
q,dual_x_dim,11,0.3274053988382884,50.0,,0.001,64.0,,500,0.2098624730986269,0.2072904703042057,1.0,1.0,,,,,,
q,dual_x_dim,12,0.3764796768453319,50.0,,0.001,64.0,,100,0.06494276225073,0.06494276225073,1.0,1.0,,,,,,
q,dual_x_dim,12,0.3764796768453319,50.0,,0.001,64.0,,500,0.514567783535383,0.4901754809255245,1.0,1.0,,,,,,
q,dual_x_dim,13,0.3272847901693679,50.0,,0.001,64.0,,100,0.0439323921799559,0.0302685786801493,0.9776247848537004,0.9894736842105264,,,,,,
q,dual_x_dim,13,0.3272847901693679,50.0,,0.001,64.0,,500,0.2922051260965763,0.2516029387866982,0.995639047299564,0.997979797979798,,,,,,
q,dual_x_dim,14,0.3264379164132335,50.0,,0.001,64.0,,100,0.0483068396545528,0.0435408049918619,0.9737302977232924,0.956989247311828,,,,,,
q,dual_x_dim,14,0.3264379164132335,50.0,,0.001,64.0,,500,0.0915696069859179,0.0865316919263977,0.9949511948838776,0.9918864097363084,,,,,,
q,dual_x_dim,15,0.3124018770445692,50.0,,0.001,64.0,,100,0.0446393960303443,0.0446393960303443,1.0,1.0,,,,,,
q,dual_x_dim,15,0.3124018770445692,50.0,,0.001,64.0,,500,0.1219772812716253,0.1219772812716253,1.0,1.0,,,,,,
q,dual_x_dim,0,0.2769788139980297,50.0,,0.001,128.0,,100,0.0558642636715212,0.0530697731048046,1.0,1.0,,,,,,
q,dual_x_dim,0,0.2769788139980297,50.0,,0.001,128.0,,500,0.2105271076098639,0.1794763785114573,1.0,1.0,,,,,,
q,dual_x_dim,1,0.2437982963519862,50.0,,0.001,128.0,,100,0.0631638684629563,0.0631638684629563,1.0,1.0,,,,,,
q,dual_x_dim,1,0.2437982963519862,50.0,,0.001,128.0,,500,0.4269172495378406,0.4260352080469602,1.0,1.0,,,,,,
q,dual_x_dim,2,0.2433973032733596,50.0,,0.001,128.0,,100,0.042031420404101,0.0347672601287416,1.0,1.0,,,,,,
q,dual_x_dim,2,0.2433973032733596,50.0,,0.001,128.0,,500,0.1035360654978576,0.0808562301723062,1.0,1.0,,,,,,
q,dual_x_dim,3,0.2265935165248834,50.0,,0.001,128.0,,100,0.0525003711932281,0.0410692819245055,0.9823321554770318,0.9893617021276596,,,,,,
q,dual_x_dim,3,0.2265935165248834,50.0,,0.001,128.0,,500,0.1882278067836436,0.1869453494839712,0.9966284558327714,0.9959514170040484,,,,,,
q,dual_x_dim,16,0.3106442961881303,50.0,,0.001,64.0,,100,0.0669322907499243,0.0598663909577081,1.0,1.0,,,,,,
q,dual_x_dim,16,0.3106442961881303,50.0,,0.001,64.0,,500,0.6166549725369714,0.6112440386937648,1.0,1.0,,,,,,
q,dual_x_dim,17,0.3375870917971322,50.0,,0.001,64.0,,100,0.0565081426548901,0.0546865499513201,0.99645390070922,0.9893617021276596,,,,,,
q,dual_x_dim,17,0.3375870917971322,50.0,,0.001,64.0,,500,0.4816561427422963,0.4816561427422963,0.9993252361673416,0.9979757085020244,,,,,,
q,dual_x_dim,18,0.3627706335134446,50.0,,0.001,64.0,,100,0.072187247546718,0.0555244169405524,0.9737302977232924,0.978494623655914,,,,,,
q,dual_x_dim,18,0.3627706335134446,50.0,,0.001,64.0,,500,0.2843643192228562,0.2741372000310615,0.9949511948838776,0.995943204868154,,,,,,
q,dual_x_dim,19,0.2719782442600281,50.0,,0.001,64.0,,100,0.0309643638148351,0.0292177227097202,1.0,1.0,,,,,,
q,dual_x_dim,19,0.2719782442600281,50.0,,0.001,64.0,,500,0.378962139114618,0.3649124270440147,1.0,1.0,,,,,,
q,dual_x_dim,4,0.2463705230170547,50.0,,0.001,128.0,,100,0.0307724580881791,0.0307724580881791,1.0,1.0,,,,,,
q,dual_x_dim,4,0.2463705230170547,50.0,,0.001,128.0,,500,0.1096961473817641,0.0922738876714115,1.0,1.0,,,,,,
q,dual_x_dim,5,0.2007125177184121,50.0,,0.001,128.0,,100,0.0444395506205023,0.0406723440028151,1.0,1.0,,,,,,
q,dual_x_dim,5,0.2007125177184121,50.0,,0.001,128.0,,500,0.0982718220117675,0.0609654558773526,1.0,1.0,,,,,,
q,dual_x_dim,6,0.2719857913570569,50.0,,0.001,128.0,,100,0.0719225067907349,0.0719225067907349,1.0,1.0,,,,,,
q,dual_x_dim,6,0.2719857913570569,50.0,,0.001,128.0,,500,0.2079059616348133,0.2045876390878729,1.0,1.0,,,,,,
q,dual_x_dim,7,0.2114275672740672,50.0,,0.001,128.0,,100,0.0232927313228989,0.023078913289708,1.0,1.0,,,,,,
q,dual_x_dim,7,0.2114275672740672,50.0,,0.001,128.0,,500,0.0794603220722436,0.0582313637073084,1.0,1.0,,,,,,
q,dual_x_dim,8,0.2149741897036,50.0,,0.001,128.0,,100,0.0293902156730998,0.0293861603437187,1.0,1.0,,,,,,
q,dual_x_dim,8,0.2149741897036,50.0,,0.001,128.0,,500,0.3479273362101041,0.3114333197848611,1.0,1.0,,,,,,
q,dual_x_dim,9,0.2567751353259747,50.0,,0.001,128.0,,100,0.0810166813475571,0.0724754735748771,1.0,1.0,,,,,,
q,dual_x_dim,9,0.2567751353259747,50.0,,0.001,128.0,,500,0.2005496013053593,0.1526527265661974,1.0,1.0,,,,,,
q,dual_x_dim,10,0.2486463417142581,50.0,,0.001,128.0,,100,0.0594941570476228,0.0507390848369762,0.9893428063943162,0.9894736842105264,,,,,,
q,dual_x_dim,10,0.2486463417142581,50.0,,0.001,128.0,,500,0.1585239367024207,0.1019090213856501,0.9979750253121836,0.997979797979798,,,,,,
q,dual_x_dim,11,0.1974217867761011,50.0,,0.001,128.0,,100,0.0389993834271917,0.0326431261395985,1.0,1.0,,,,,,
q,dual_x_dim,11,0.1974217867761011,50.0,,0.001,128.0,,500,0.1627225125346443,0.159691826108778,1.0,1.0,,,,,,
q,dual_x_dim,16,0.2383339427238416,50.0,,0.001,128.0,,100,0.0521816402913162,0.0469762088850574,1.0,1.0,,,,,,
q,dual_x_dim,16,0.2383339427238416,50.0,,0.001,128.0,,500,0.4870063526723225,0.4846446101345769,1.0,1.0,,,,,,
q,dual_x_dim,17,0.1810992779347456,50.0,,0.001,128.0,,100,0.0565871209036066,0.0529959470349998,0.99645390070922,0.9893617021276596,,,,,,
q,dual_x_dim,17,0.1810992779347456,50.0,,0.001,128.0,,500,0.3172570961922156,0.3162005020486038,0.9993252361673416,0.9979757085020244,,,,,,
q,dual_x_dim,18,0.3105319741536367,50.0,,0.001,128.0,,100,0.0680581923003802,0.0536967751423831,0.9719789842381786,0.978494623655914,,,,,,
q,dual_x_dim,18,0.3105319741536367,50.0,,0.001,128.0,,500,0.2825546719107406,0.2717618367514296,0.994614607876136,0.995943204868154,,,,,,
q,dual_x_dim,19,0.1828295288710636,50.0,,0.001,128.0,,100,0.0341121912310737,0.0330903111467805,1.0,1.0,,,,,,
q,dual_x_dim,19,0.1828295288710636,50.0,,0.001,128.0,,500,0.3490954176540293,0.33872213935543,1.0,1.0,,,,,,
q,dual_x_dim,12,0.2230611143413504,50.0,,0.001,128.0,,100,0.0607449090962301,0.0607449090962301,1.0,1.0,,,,,,
q,dual_x_dim,12,0.2230611143413504,50.0,,0.001,128.0,,500,0.4992523436341576,0.4799793748286212,1.0,1.0,,,,,,
q,dual_x_dim,13,0.2868358576336272,50.0,,0.001,128.0,,100,0.0402486003636028,0.0299383746911772,0.974182444061962,0.9894736842105264,,,,,,
q,dual_x_dim,13,0.2868358576336272,50.0,,0.001,128.0,,500,0.22171997744113,0.179916160880396,0.9949681314994968,0.997979797979798,,,,,,
q,dual_x_dim,14,0.260450112016454,50.0,,0.001,128.0,,100,0.0442377822049234,0.040023126864188,0.9737302977232924,0.967741935483871,,,,,,
q,dual_x_dim,14,0.260450112016454,50.0,,0.001,128.0,,500,0.0852226619509158,0.0816512656760574,0.9949511948838776,0.9939148073022313,,,,,,
q,dual_x_dim,15,0.2108225834473612,50.0,,0.001,128.0,,100,0.0404523571802463,0.0404523571802463,1.0,1.0,,,,,,
q,dual_x_dim,15,0.2108225834473612,50.0,,0.001,128.0,,500,0.1332250911511638,0.1332250911511638,1.0,1.0,,,,,,
q,dual_x_dim,0,0.1561151590110898,50.0,,0.001,256.0,,100,0.0522519448727423,0.0495104620573625,1.0,1.0,,,,,,
q,dual_x_dim,0,0.1561151590110898,50.0,,0.001,256.0,,500,0.1831514280906827,0.152288125018507,1.0,1.0,,,,,,
q,dual_x_dim,1,0.1544549162417507,50.0,,0.001,256.0,,100,0.0632043859225965,0.0632043859225965,1.0,1.0,,,,,,
q,dual_x_dim,1,0.1544549162417507,50.0,,0.001,256.0,,500,0.4203224146309727,0.4203224146309727,1.0,1.0,,,,,,
q,dual_x_dim,2,0.1611444428630177,50.0,,0.001,256.0,,100,0.0418897050664556,0.0344807621550297,1.0,1.0,,,,,,
q,dual_x_dim,2,0.1611444428630177,50.0,,0.001,256.0,,500,0.1128185615724156,0.0962170748984664,1.0,1.0,,,,,,
q,dual_x_dim,3,0.1386638649939305,50.0,,0.001,256.0,,100,0.0484999600246001,0.0376317672740862,0.9823321554770318,0.9893617021276596,,,,,,
q,dual_x_dim,3,0.1386638649939305,50.0,,0.001,256.0,,500,0.1536834602155464,0.1521362297870304,0.9966284558327714,0.9979757085020244,,,,,,
q,dual_x_dim,4,0.2199032936958288,50.0,,0.001,256.0,,100,0.0266885171172708,0.0266885171172708,1.0,1.0,,,,,,
q,dual_x_dim,4,0.2199032936958288,50.0,,0.001,256.0,,500,0.0755322877097421,0.0600368826834243,1.0,1.0,,,,,,
q,dual_x_dim,5,0.1706797529091717,50.0,,0.001,256.0,,100,0.0423666407629049,0.0376295247532423,1.0,1.0,,,,,,
q,dual_x_dim,5,0.1706797529091717,50.0,,0.001,256.0,,500,0.1135810113042472,0.0750845718938171,1.0,1.0,,,,,,
q,dual_x_dim,6,0.1826961665570637,50.0,,0.001,256.0,,100,0.0664327790464924,0.0664327790464924,1.0,1.0,,,,,,
q,dual_x_dim,6,0.1826961665570637,50.0,,0.001,256.0,,500,0.1961298597177116,0.1919370672152149,1.0,1.0,,,,,,
q,dual_x_dim,7,0.1382621299628856,50.0,,0.001,256.0,,100,0.0247768233541479,0.0194741242389525,1.0,1.0,,,,,,
q,dual_x_dim,7,0.1382621299628856,50.0,,0.001,256.0,,500,0.1031189756441186,0.0575818829137571,1.0,1.0,,,,,,
q,dual_x_dim,8,0.1738344351847317,50.0,,0.001,256.0,,100,0.03049983625808,0.03049983625808,1.0,1.0,,,,,,
q,dual_x_dim,8,0.1738344351847317,50.0,,0.001,256.0,,500,0.3729493860768569,0.3360796988496768,1.0,1.0,,,,,,
q,dual_x_dim,9,0.2133657125731659,50.0,,0.001,256.0,,100,0.0887529521213529,0.0802636846461005,1.0,1.0,,,,,,
q,dual_x_dim,9,0.2133657125731659,50.0,,0.001,256.0,,500,0.2059116060715058,0.1713810689698165,1.0,1.0,,,,,,
q,dual_x_dim,10,0.2254427509551922,50.0,,0.001,256.0,,100,0.0569461944384796,0.0487532733556453,0.9893428063943162,0.9894736842105264,,,,,,
q,dual_x_dim,10,0.2254427509551922,50.0,,0.001,256.0,,500,0.1336354002156485,0.0765941105453791,0.9979750253121836,0.997979797979798,,,,,,
q,dual_x_dim,11,0.1840049138218659,50.0,,0.001,256.0,,100,0.0343131274126793,0.0299044841391715,1.0,1.0,,,,,,
q,dual_x_dim,11,0.1840049138218659,50.0,,0.001,256.0,,500,0.1420896190910281,0.139871043156891,1.0,1.0,,,,,,
q,dual_x_dim,12,0.1576595918302586,50.0,,0.001,256.0,,100,0.0573498789945866,0.0573498789945866,1.0,1.0,,,,,,
q,dual_x_dim,12,0.1576595918302586,50.0,,0.001,256.0,,500,0.4903212287182832,0.4732541701950673,1.0,1.0,,,,,,
q,dual_x_dim,13,0.1825318597082257,50.0,,0.001,256.0,,100,0.0406198092640294,0.0240705642168057,0.9672977624784854,0.9894736842105264,,,,,,
q,dual_x_dim,13,0.1825318597082257,50.0,,0.001,256.0,,500,0.1910511281128437,0.1454733228707754,0.9936262998993626,0.997979797979798,,,,,,
q,dual_x_dim,14,0.1314253804517846,50.0,,0.001,256.0,,100,0.0454386047607673,0.0425778479544679,0.9737302977232924,0.967741935483871,,,,,,
q,dual_x_dim,14,0.1314253804517846,50.0,,0.001,256.0,,500,0.0743130437704074,0.068014922686152,0.9949511948838776,0.9939148073022313,,,,,,
q,dual_x_dim,15,0.147930466476972,50.0,,0.001,256.0,,100,0.0422361508922009,0.0422361508922009,1.0,1.0,,,,,,
q,dual_x_dim,15,0.147930466476972,50.0,,0.001,256.0,,500,0.1312325763400652,0.1312325763400652,1.0,1.0,,,,,,
q,dual_x_dim,16,0.1816174986867891,50.0,,0.001,256.0,,100,0.0406389946834817,0.0368828283876518,1.0,1.0,,,,,,
q,dual_x_dim,16,0.1816174986867891,50.0,,0.001,256.0,,500,0.4105023402664076,0.4075947803688136,1.0,1.0,,,,,,
q,dual_x_dim,17,0.1604795312524981,50.0,,0.001,256.0,,100,0.0502482124656801,0.0484575663617888,0.99645390070922,0.9893617021276596,,,,,,
q,dual_x_dim,17,0.1604795312524981,50.0,,0.001,256.0,,500,0.3297117560933684,0.3287687573688713,0.9993252361673416,0.9979757085020244,,,,,,
q,dual_x_dim,18,0.1535224584703985,50.0,,0.001,256.0,,100,0.0683750380442822,0.0551432097694681,0.9737302977232924,0.978494623655914,,,,,,
q,dual_x_dim,18,0.1535224584703985,50.0,,0.001,256.0,,500,0.2799419789462822,0.2703822495199794,0.9949511948838776,0.995943204868154,,,,,,
q,dual_x_dim,19,0.1605501696049673,50.0,,0.001,256.0,,100,0.0326139579135424,0.0326139579135424,1.0,1.0,,,,,,
q,dual_x_dim,19,0.1605501696049673,50.0,,0.001,256.0,,500,0.3261528768462645,0.3172293282362814,1.0,1.0,,,,,,
q,dual_x_dim,0,0.1030968424041055,50.0,,0.001,512.0,,100,0.046136962269653,0.0434434746122383,1.0,1.0,,,,,,
q,dual_x_dim,0,0.1030968424041055,50.0,,0.001,512.0,,500,0.1781277867526128,0.1509424313507141,1.0,1.0,,,,,,
q,dual_x_dim,1,0.1140296269471779,50.0,,0.001,512.0,,100,0.0649331037526304,0.0649331037526304,1.0,1.0,,,,,,
q,dual_x_dim,1,0.1140296269471779,50.0,,0.001,512.0,,500,0.4167936967981487,0.4167936967981487,1.0,1.0,,,,,,
q,dual_x_dim,2,0.0927791855463762,50.0,,0.001,512.0,,100,0.0404821886171072,0.0323064607210182,1.0,1.0,,,,,,
q,dual_x_dim,2,0.0927791855463762,50.0,,0.001,512.0,,500,0.0996605255711801,0.0771603926751085,1.0,1.0,,,,,,
q,dual_x_dim,3,0.1189404917111431,50.0,,0.001,512.0,,100,0.0492370490506647,0.0381700157305453,0.9823321554770318,0.9893617021276596,,,,,,
q,dual_x_dim,3,0.1189404917111431,50.0,,0.001,512.0,,500,0.1482902033368148,0.1463183706938813,0.9966284558327714,0.9979757085020244,,,,,,
q,dual_x_dim,4,0.1426867814088468,50.0,,0.001,512.0,,100,0.0282715011475855,0.018942047516208,1.0,1.0,,,,,,
q,dual_x_dim,4,0.1426867814088468,50.0,,0.001,512.0,,500,0.0636827978228149,0.0480648423099014,1.0,1.0,,,,,,
q,dual_x_dim,5,0.1064487629651989,50.0,,0.001,512.0,,100,0.041434535566711,0.0356942804607228,1.0,1.0,,,,,,
q,dual_x_dim,5,0.1064487629651989,50.0,,0.001,512.0,,500,0.102734679011275,0.0670841350435322,1.0,1.0,,,,,,
q,dual_x_dim,6,0.1201973174121529,50.0,,0.001,512.0,,100,0.0588279250646246,0.0588279250646246,1.0,1.0,,,,,,
q,dual_x_dim,6,0.1201973174121529,50.0,,0.001,512.0,,500,0.2493985222980894,0.2446870928815547,1.0,1.0,,,,,,
q,dual_x_dim,7,0.1125765245269145,50.0,,0.001,512.0,,100,0.02249083948263,0.0181907894631077,1.0,1.0,,,,,,
q,dual_x_dim,7,0.1125765245269145,50.0,,0.001,512.0,,500,0.1010670035236058,0.0557709870504736,1.0,1.0,,,,,,
q,dual_x_dim,8,0.1417573096555955,50.0,,0.001,512.0,,100,0.0284714762877535,0.0280036070145981,1.0,1.0,,,,,,
q,dual_x_dim,8,0.1417573096555955,50.0,,0.001,512.0,,500,0.352672827650927,0.3183998340639988,1.0,1.0,,,,,,
q,dual_x_dim,9,0.133041364360873,50.0,,0.001,512.0,,100,0.0919944717728322,0.0840583172316959,1.0,1.0,,,,,,
q,dual_x_dim,9,0.133041364360873,50.0,,0.001,512.0,,500,0.2119020155303237,0.1785056528544288,1.0,1.0,,,,,,
q,dual_x_dim,10,0.1169679487972046,50.0,,0.001,512.0,,100,0.0548367107495033,0.0460999234186701,0.9893428063943162,0.9894736842105264,,,,,,
q,dual_x_dim,10,0.1169679487972046,50.0,,0.001,512.0,,500,0.1367909820246207,0.0837598681880193,0.9979750253121836,0.997979797979798,,,,,,
q,dual_x_dim,11,0.1246017663255829,50.0,,0.001,512.0,,100,0.0347919689320204,0.0292752764000461,1.0,1.0,,,,,,
q,dual_x_dim,11,0.1246017663255829,50.0,,0.001,512.0,,500,0.1515432033432715,0.1491269240670347,1.0,1.0,,,,,,
q,dual_x_dim,12,0.1382766162059651,50.0,,0.001,512.0,,100,0.0586363650102399,0.0586363650102399,1.0,1.0,,,,,,
q,dual_x_dim,12,0.1382766162059651,50.0,,0.001,512.0,,500,0.4953225109632845,0.4813173169624517,1.0,1.0,,,,,,
q,dual_x_dim,13,0.1196281776795636,50.0,,0.001,512.0,,100,0.0390328772816597,0.0279019682234087,0.9776247848537004,0.9894736842105264,,,,,,
q,dual_x_dim,13,0.1196281776795636,50.0,,0.001,512.0,,500,0.1947436794386243,0.1520773596085098,0.995639047299564,0.997979797979798,,,,,,
q,dual_x_dim,14,0.1340870593186491,50.0,,0.001,512.0,,100,0.0442525947382634,0.0412299039080067,0.9737302977232924,0.967741935483871,,,,,,
q,dual_x_dim,14,0.1340870593186491,50.0,,0.001,512.0,,500,0.0788735530089383,0.0724359672009941,0.9949511948838776,0.9939148073022313,,,,,,
q,dual_x_dim,15,0.0967374670363391,50.0,,0.001,512.0,,100,0.0417236599029339,0.0417236599029339,1.0,1.0,,,,,,
q,dual_x_dim,15,0.0967374670363391,50.0,,0.001,512.0,,500,0.1358495434952651,0.1358495434952651,1.0,1.0,,,,,,
q,dual_x_dim,16,0.1174795013926857,50.0,,0.001,512.0,,100,0.0396532766877452,0.0353422445754015,1.0,1.0,,,,,,
q,dual_x_dim,16,0.1174795013926857,50.0,,0.001,512.0,,500,0.3670579180988436,0.3642678599194267,1.0,1.0,,,,,,
q,dual_x_dim,17,0.1417826345959721,50.0,,0.001,512.0,,100,0.0444069044231119,0.0440527154237736,0.99645390070922,0.9893617021276596,,,,,,
q,dual_x_dim,17,0.1417826345959721,50.0,,0.001,512.0,,500,0.3338169430760302,0.3315029809913206,0.9993252361673416,0.9979757085020244,,,,,,
q,dual_x_dim,18,0.0907625039255792,50.0,,0.001,512.0,,100,0.0638261562129449,0.0502738682988401,0.9737302977232924,0.978494623655914,,,,,,
q,dual_x_dim,18,0.0907625039255792,50.0,,0.001,512.0,,500,0.2475974146052522,0.2422680939766053,0.9949511948838776,0.995943204868154,,,,,,
q,dual_x_dim,19,0.1233153610554358,50.0,,0.001,512.0,,100,0.0395225349802063,0.0395225349802063,1.0,1.0,,,,,,
q,dual_x_dim,19,0.1233153610554358,50.0,,0.001,512.0,,500,0.3184374664747298,0.3100490997116467,1.0,1.0,,,,,,
q,dual_x_dim,0,0.0832455924980941,50.0,,0.001,1024.0,,100,0.0451432750718212,0.0427051148071042,1.0,1.0,,,,,,
q,dual_x_dim,0,0.0832455924980941,50.0,,0.001,1024.0,,500,0.1700757464141642,0.143432695763916,1.0,1.0,,,,,,
q,dual_x_dim,1,0.0977398989210664,50.0,,0.001,1024.0,,100,0.0639317995701214,0.0639317995701214,1.0,1.0,,,,,,
q,dual_x_dim,1,0.0977398989210664,50.0,,0.001,1024.0,,500,0.4120928495506342,0.4120928495506342,1.0,1.0,,,,,,
q,dual_x_dim,2,0.098176231085323,50.0,,0.001,1024.0,,100,0.0392694229760758,0.0326491001329946,1.0,1.0,,,,,,
q,dual_x_dim,2,0.098176231085323,50.0,,0.001,1024.0,,500,0.103239245103201,0.0804591225492141,1.0,1.0,,,,,,
q,dual_x_dim,3,0.1202208739769747,50.0,,0.001,1024.0,,100,0.0480375706649452,0.0367980510778528,0.9823321554770318,0.9893617021276596,,,,,,
q,dual_x_dim,3,0.1202208739769747,50.0,,0.001,1024.0,,500,0.1561204358399891,0.1549847861457882,0.9966284558327714,0.9959514170040484,,,,,,
q,dual_x_dim,4,0.0858213646046357,50.0,,0.001,1024.0,,100,0.0290943598921675,0.0172951235116608,1.0,1.0,,,,,,
q,dual_x_dim,4,0.0858213646046357,50.0,,0.001,1024.0,,500,0.0492540645004973,0.0284702430064129,1.0,1.0,,,,,,
q,dual_x_dim,5,0.095290498691526,50.0,,0.001,1024.0,,100,0.0418787565722979,0.0363303317817071,1.0,1.0,,,,,,
q,dual_x_dim,5,0.095290498691526,50.0,,0.001,1024.0,,500,0.0985155031626656,0.063056955142517,1.0,1.0,,,,,,
q,dual_x_dim,6,0.0858756883561873,50.0,,0.001,1024.0,,100,0.0580587804222412,0.0580587804222412,1.0,1.0,,,,,,
q,dual_x_dim,6,0.0858756883561873,50.0,,0.001,1024.0,,500,0.250202811821786,0.2450067374156188,1.0,1.0,,,,,,
q,dual_x_dim,7,0.0844807231030569,50.0,,0.001,1024.0,,100,0.0228871763318924,0.0190349697600717,1.0,1.0,,,,,,
q,dual_x_dim,7,0.0844807231030569,50.0,,0.001,1024.0,,500,0.1025350314313477,0.0572457593881043,1.0,1.0,,,,,,
q,dual_x_dim,8,0.0855617921909968,50.0,,0.001,1024.0,,100,0.0306472932897429,0.0296654498188549,1.0,1.0,,,,,,
q,dual_x_dim,8,0.0855617921909968,50.0,,0.001,1024.0,,500,0.3614660850983289,0.3266610618192394,1.0,1.0,,,,,,
q,dual_x_dim,9,0.1003569482236124,50.0,,0.001,1024.0,,100,0.0912556960237779,0.0834206580071943,1.0,1.0,,,,,,
q,dual_x_dim,9,0.1003569482236124,50.0,,0.001,1024.0,,500,0.2059007242144548,0.170673476255257,1.0,1.0,,,,,,
q,dual_x_dim,10,0.0940662699861201,50.0,,0.001,1024.0,,100,0.0518440377697099,0.0437113507885399,0.9893428063943162,0.9894736842105264,,,,,,
q,dual_x_dim,10,0.0940662699861201,50.0,,0.001,1024.0,,500,0.1365815768011771,0.080393653925439,0.9979750253121836,0.997979797979798,,,,,,
q,dual_x_dim,11,0.0994580435870724,50.0,,0.001,1024.0,,100,0.0336879427656598,0.0295989683699682,0.9981884057971014,1.0,,,,,,
q,dual_x_dim,11,0.0994580435870724,50.0,,0.001,1024.0,,500,0.1555929579937547,0.1531931463976894,0.999661246612466,1.0,,,,,,
q,dual_x_dim,12,0.0662617463813111,50.0,,0.001,1024.0,,100,0.0561783405323195,0.0561783405323195,1.0,1.0,,,,,,
q,dual_x_dim,12,0.0662617463813111,50.0,,0.001,1024.0,,500,0.476249562204472,0.4600356726873755,1.0,1.0,,,,,,
q,dual_x_dim,13,0.0876184035596533,50.0,,0.001,1024.0,,100,0.039416265849801,0.0258636185226681,0.9776247848537004,0.9894736842105264,,,,,,
q,dual_x_dim,13,0.0876184035596533,50.0,,0.001,1024.0,,500,0.1942650397419663,0.1515435640240676,0.995639047299564,0.997979797979798,,,,,,
q,dual_x_dim,14,0.0975804595166753,50.0,,0.001,1024.0,,100,0.0451454322793485,0.0421791462746164,0.9737302977232924,0.967741935483871,,,,,,
q,dual_x_dim,14,0.0975804595166753,50.0,,0.001,1024.0,,500,0.0771189839874308,0.0692258931124704,0.9949511948838776,0.9939148073022313,,,,,,
q,dual_x_dim,15,0.0830707630274445,50.0,,0.001,1024.0,,100,0.0416694821160933,0.0416694821160933,1.0,1.0,,,,,,
q,dual_x_dim,15,0.0830707630274445,50.0,,0.001,1024.0,,500,0.1216763972808139,0.1216763972808139,1.0,1.0,,,,,,
q,dual_x_dim,16,0.082259425917027,50.0,,0.001,1024.0,,100,0.0408798420312771,0.0368298765224518,1.0,1.0,,,,,,
q,dual_x_dim,16,0.082259425917027,50.0,,0.001,1024.0,,500,0.3679535213144227,0.3661411102799237,1.0,1.0,,,,,,
q,dual_x_dim,17,0.1032670721174316,50.0,,0.001,1024.0,,100,0.0433353283338449,0.0433353283338449,0.99645390070922,0.9893617021276596,,,,,,
q,dual_x_dim,17,0.1032670721174316,50.0,,0.001,1024.0,,500,0.3742052787493004,0.3742052787493004,0.9993252361673416,0.9979757085020244,,,,,,
q,dual_x_dim,18,0.0759683551193502,50.0,,0.001,1024.0,,100,0.0589211950018961,0.0453020778301687,0.9737302977232924,0.978494623655914,,,,,,
q,dual_x_dim,18,0.0759683551193502,50.0,,0.001,1024.0,,500,0.2420272349071481,0.2371823334963618,0.9949511948838776,0.995943204868154,,,,,,
q,dual_x_dim,19,0.0849126767994121,50.0,,0.001,1024.0,,100,0.0384975077616989,0.0384975077616989,1.0,1.0,,,,,,
q,dual_x_dim,19,0.0849126767994121,50.0,,0.001,1024.0,,500,0.3225188935402778,0.3146744119420259,1.0,1.0,,,,,,
q,dual_x_dim,0,0.0528122944875321,50.0,,0.001,4096.0,,100,0.0434211371819126,0.0410437746861529,1.0,1.0,,,,,,
q,dual_x_dim,0,0.0528122944875321,50.0,,0.001,4096.0,,500,0.160030264432426,0.1333043120501857,1.0,1.0,,,,,,
q,dual_x_dim,1,0.0332337536226412,50.0,,0.001,4096.0,,100,0.059287992864754,0.059287992864754,1.0,1.0,,,,,,
q,dual_x_dim,1,0.0332337536226412,50.0,,0.001,4096.0,,500,0.3877591856664768,0.3877591856664768,1.0,1.0,,,,,,
q,dual_x_dim,2,0.0451743962171918,50.0,,0.001,4096.0,,100,0.0394670775970421,0.0324550534192486,1.0,1.0,,,,,,
q,dual_x_dim,2,0.0451743962171918,50.0,,0.001,4096.0,,500,0.097365318122795,0.0703719295068714,1.0,1.0,,,,,,
q,dual_x_dim,3,0.0427116544627979,50.0,,0.001,4096.0,,100,0.047812642377178,0.0365857386840086,0.9823321554770318,0.9893617021276596,,,,,,
q,dual_x_dim,3,0.0427116544627979,50.0,,0.001,4096.0,,500,0.1639333170145673,0.1628945053514481,0.9966284558327714,0.9959514170040484,,,,,,
q,dual_x_dim,4,0.0400158702661801,50.0,,0.001,4096.0,,100,0.0299500481385318,0.0150508093011838,1.0,1.0,,,,,,
q,dual_x_dim,4,0.0400158702661801,50.0,,0.001,4096.0,,500,0.0483555399628405,0.0307597262564809,1.0,1.0,,,,,,
q,dual_x_dim,5,0.0370913464717784,50.0,,0.001,4096.0,,100,0.0408262117962278,0.0366557174354678,1.0,1.0,,,,,,
q,dual_x_dim,5,0.0370913464717784,50.0,,0.001,4096.0,,500,0.1004925657171957,0.0639729882233259,1.0,1.0,,,,,,
q,dual_x_dim,6,0.0479492321544804,50.0,,0.001,4096.0,,100,0.0554903816550069,0.0554903816550069,1.0,1.0,,,,,,
q,dual_x_dim,6,0.0479492321544804,50.0,,0.001,4096.0,,500,0.2664648239195282,0.260693238402399,1.0,1.0,,,,,,
q,dual_x_dim,7,0.0385382896527443,50.0,,0.001,4096.0,,100,0.0217780489684432,0.0198224272593894,1.0,1.0,,,,,,
q,dual_x_dim,7,0.0385382896527443,50.0,,0.001,4096.0,,500,0.1001342033187775,0.055814073355171,1.0,1.0,,,,,,
q,dual_x_dim,8,0.0543835979270181,50.0,,0.001,4096.0,,100,0.0309593445641891,0.0297944084399317,1.0,1.0,,,,,,
q,dual_x_dim,8,0.0543835979270181,50.0,,0.001,4096.0,,500,0.3897029391398749,0.3547718983250882,1.0,1.0,,,,,,
q,dual_x_dim,9,0.0376531093771584,50.0,,0.001,4096.0,,100,0.0903676211680495,0.082605673184419,1.0,1.0,,,,,,
q,dual_x_dim,9,0.0376531093771584,50.0,,0.001,4096.0,,500,0.207907374990873,0.1733536652854443,1.0,1.0,,,,,,
q,dual_x_dim,10,0.0468377476856461,50.0,,0.001,4096.0,,100,0.0513983318099141,0.0432540424089341,0.9893428063943162,0.9894736842105264,,,,,,
q,dual_x_dim,10,0.0468377476856461,50.0,,0.001,4096.0,,500,0.1301410216836043,0.0767493126729639,0.9979750253121836,0.997979797979798,,,,,,
q,dual_x_dim,11,0.0521751382836228,50.0,,0.001,4096.0,,100,0.0346650261287437,0.030146925196349,1.0,1.0,,,,,,
q,dual_x_dim,11,0.0521751382836228,50.0,,0.001,4096.0,,500,0.165101079070538,0.1626731683279831,1.0,1.0,,,,,,
q,dual_x_dim,12,0.0375271207122855,50.0,,0.001,4096.0,,100,0.0580878597362601,0.0580878597362601,1.0,1.0,,,,,,
q,dual_x_dim,12,0.0375271207122855,50.0,,0.001,4096.0,,500,0.4843330441637775,0.4698261434055412,1.0,1.0,,,,,,
q,dual_x_dim,13,0.0361136154477065,50.0,,0.001,4096.0,,100,0.0380398711483723,0.0266591480704763,0.9776247848537004,0.9894736842105264,,,,,,
q,dual_x_dim,13,0.0361136154477065,50.0,,0.001,4096.0,,500,0.2045621021943038,0.1614054219093739,0.995639047299564,0.997979797979798,,,,,,
q,dual_x_dim,14,0.0462079830780834,50.0,,0.001,4096.0,,100,0.0445585122621238,0.0418816886714699,0.9737302977232924,0.967741935483871,,,,,,
q,dual_x_dim,14,0.0462079830780834,50.0,,0.001,4096.0,,500,0.0769980839954155,0.0688586776251319,0.9949511948838776,0.9939148073022313,,,,,,
q,dual_x_dim,15,0.0412325635617556,50.0,,0.001,4096.0,,100,0.0411377721856027,0.0411377721856027,1.0,1.0,,,,,,
q,dual_x_dim,15,0.0412325635617556,50.0,,0.001,4096.0,,500,0.1226534923049644,0.1226534923049644,1.0,1.0,,,,,,
q,dual_x_dim,0,0.0203569894689093,50.0,,0.001,16384.0,,100,0.0430046906500454,0.0407086456168719,1.0,1.0,,,,,,
q,dual_x_dim,0,0.0203569894689093,50.0,,0.001,16384.0,,500,0.1597417993355548,0.1334248935254127,1.0,1.0,,,,,,
q,dual_x_dim,1,0.0180762543208998,50.0,,0.001,16384.0,,100,0.0586404565361609,0.0586404565361609,1.0,1.0,,,,,,
q,dual_x_dim,1,0.0180762543208998,50.0,,0.001,16384.0,,500,0.3761604515307266,0.3761604515307266,1.0,1.0,,,,,,
q,dual_x_dim,2,0.021402928767805,50.0,,0.001,16384.0,,100,0.0390706744878212,0.0318722694869534,1.0,1.0,,,,,,
q,dual_x_dim,2,0.021402928767805,50.0,,0.001,16384.0,,500,0.097141144127941,0.0687284661681849,1.0,1.0,,,,,,
q,dual_x_dim,3,0.0187455835272602,50.0,,0.001,16384.0,,100,0.0482862508828598,0.0369582447806427,0.9823321554770318,0.9893617021276596,,,,,,
q,dual_x_dim,3,0.0187455835272602,50.0,,0.001,16384.0,,500,0.1601263365999485,0.1590540841728424,0.9966284558327714,0.9959514170040484,,,,,,
q,dual_x_dim,16,0.0479727073439655,50.0,,0.001,4096.0,,100,0.0406152861478989,0.0363814240568001,1.0,1.0,,,,,,
q,dual_x_dim,16,0.0479727073439655,50.0,,0.001,4096.0,,500,0.3659913207738077,0.3652945580239288,1.0,1.0,,,,,,
q,dual_x_dim,17,0.0520924933809918,50.0,,0.001,4096.0,,100,0.0463295929683852,0.0463295929683852,0.99645390070922,0.9893617021276596,,,,,,
q,dual_x_dim,17,0.0520924933809918,50.0,,0.001,4096.0,,500,0.3590476282594017,0.3590476282594017,0.9993252361673416,0.9979757085020244,,,,,,
q,dual_x_dim,18,0.0485882391989239,50.0,,0.001,4096.0,,100,0.0585122079490925,0.044476960097189,0.9719789842381786,0.978494623655914,,,,,,
q,dual_x_dim,18,0.0485882391989239,50.0,,0.001,4096.0,,500,0.2195242597576321,0.2159115857890192,0.994614607876136,0.995943204868154,,,,,,
q,dual_x_dim,19,0.0383921864166432,50.0,,0.001,4096.0,,100,0.038068426869529,0.0367426175198418,1.0,1.0,,,,,,
q,dual_x_dim,19,0.0383921864166432,50.0,,0.001,4096.0,,500,0.3062206550445125,0.2981660149459251,1.0,1.0,,,,,,
q,dual_x_dim,4,0.0230212539981229,50.0,,0.001,16384.0,,100,0.0298040243122045,0.015366904978393,1.0,1.0,,,,,,
q,dual_x_dim,4,0.0230212539981229,50.0,,0.001,16384.0,,500,0.0485217859209305,0.0296270271529388,1.0,1.0,,,,,,
q,dual_x_dim,5,0.018059158472521,50.0,,0.001,16384.0,,100,0.040725264815028,0.0366769965457087,1.0,1.0,,,,,,
q,dual_x_dim,5,0.018059158472521,50.0,,0.001,16384.0,,500,0.1030337646431989,0.066672084167795,1.0,1.0,,,,,,
q,dual_x_dim,6,0.0210804508573937,50.0,,0.001,16384.0,,100,0.0537934472216763,0.0537934472216763,1.0,1.0,,,,,,
q,dual_x_dim,6,0.0210804508573937,50.0,,0.001,16384.0,,500,0.2784990703818555,0.2722553356239721,1.0,1.0,,,,,,
q,dual_x_dim,7,0.0214313098777888,50.0,,0.001,16384.0,,100,0.0225302522229629,0.0215263855013752,1.0,1.0,,,,,,
q,dual_x_dim,7,0.0214313098777888,50.0,,0.001,16384.0,,500,0.0979783348020362,0.0542044520364326,1.0,1.0,,,,,,
q,dual_x_dim,8,0.0210305880424345,50.0,,0.001,16384.0,,100,0.030751928195034,0.0295503682597078,1.0,1.0,,,,,,
q,dual_x_dim,8,0.0210305880424345,50.0,,0.001,16384.0,,500,0.3923223375517319,0.3567990719245177,1.0,1.0,,,,,,
q,dual_x_dim,9,0.0197283560090542,50.0,,0.001,16384.0,,100,0.0891783321342645,0.0814242892129778,1.0,1.0,,,,,,
q,dual_x_dim,9,0.0197283560090542,50.0,,0.001,16384.0,,500,0.2040378758931718,0.1669165410531843,1.0,1.0,,,,,,
q,dual_x_dim,10,0.0223619354863721,50.0,,0.001,16384.0,,100,0.0506906570030208,0.0426977530690692,0.9893428063943162,0.9894736842105264,,,,,,
q,dual_x_dim,10,0.0223619354863721,50.0,,0.001,16384.0,,500,0.1266074420816529,0.0741734286891739,0.9979750253121836,0.997979797979798,,,,,,
q,dual_x_dim,11,0.0231050851373385,50.0,,0.001,16384.0,,100,0.0353200967592209,0.0304009856758309,1.0,1.0,,,,,,
q,dual_x_dim,11,0.0231050851373385,50.0,,0.001,16384.0,,500,0.1718523199646058,0.1696228910031805,1.0,1.0,,,,,,
q,dual_x_dim,12,0.0269907621139558,50.0,,0.001,16384.0,,100,0.0583162491625002,0.0583162491625002,1.0,1.0,,,,,,
q,dual_x_dim,12,0.0269907621139558,50.0,,0.001,16384.0,,500,0.478756710198068,0.4641706150663379,1.0,1.0,,,,,,
q,dual_x_dim,13,0.0258307931405904,50.0,,0.001,16384.0,,100,0.0381043700754561,0.0253120426430668,0.9776247848537004,0.9894736842105264,,,,,,
q,dual_x_dim,13,0.0258307931405904,50.0,,0.001,16384.0,,500,0.2076289553644379,0.1637538543637999,0.995639047299564,0.997979797979798,,,,,,
q,dual_x_dim,14,0.0206594191617385,50.0,,0.001,16384.0,,100,0.0451624880845133,0.0424109538366042,0.9737302977232924,0.967741935483871,,,,,,
q,dual_x_dim,14,0.0206594191617385,50.0,,0.001,16384.0,,500,0.0751427709403249,0.0665618037500076,0.9949511948838776,0.9939148073022313,,,,,,
q,dual_x_dim,15,0.0269255670457066,50.0,,0.001,16384.0,,100,0.0414326666634531,0.0414326666634531,1.0,1.0,,,,,,
q,dual_x_dim,15,0.0269255670457066,50.0,,0.001,16384.0,,500,0.120706720062325,0.120706720062325,1.0,1.0,,,,,,
q,dual_x_dim,16,0.0165846560209867,50.0,,0.001,16384.0,,100,0.0399838979443137,0.035789596685676,1.0,1.0,,,,,,
q,dual_x_dim,16,0.0165846560209867,50.0,,0.001,16384.0,,500,0.3512248567096425,0.3504009928621543,1.0,1.0,,,,,,
q,dual_x_dim,17,0.0198970173937805,50.0,,0.001,16384.0,,100,0.0463302383791801,0.0463302383791801,0.99645390070922,0.9893617021276596,,,,,,
q,dual_x_dim,17,0.0198970173937805,50.0,,0.001,16384.0,,500,0.3744790687085246,0.3744790687085246,0.9993252361673416,0.9979757085020244,,,,,,
q,dual_x_dim,18,0.0208652858105288,50.0,,0.001,16384.0,,100,0.0580381955540605,0.0439096563945831,0.9719789842381786,0.978494623655914,,,,,,
q,dual_x_dim,18,0.0208652858105288,50.0,,0.001,16384.0,,500,0.2088765600167104,0.205116542976862,0.994614607876136,0.995943204868154,,,,,,
q,dual_x_dim,19,0.0214653212215956,50.0,,0.001,16384.0,,100,0.0376258711019579,0.037463671227168,1.0,1.0,,,,,,
q,dual_x_dim,19,0.0214653212215956,50.0,,0.001,16384.0,,500,0.3025749744204957,0.2943221197801007,1.0,1.0,,,,,,
q,overlap_dual,0,0.021449747788380477,50.0,,0.0,,0.03,100,3.028879302924281e-08,3.028879302924281e-08,1.0,1.0,,,,,,
q,overlap_dual,0,0.021449747788380477,50.0,,0.0,,0.03,500,2.2809529198752898e-07,2.2809529198752898e-07,1.0,1.0,,,,,,
q,overlap_dual,1,0.02294249956069301,50.0,,0.0,,0.03,100,3.0527475880504085e-08,2.952630473451734e-08,1.0,1.0,,,,,,
q,overlap_dual,1,0.02294249956069301,50.0,,0.0,,0.03,500,3.0726483357668144e-07,3.0726483357668144e-07,1.0,1.0,,,,,,
q,overlap_dual,2,0.02172909110089262,50.0,,0.0,,0.03,100,2.982463576106653e-08,2.982463576106653e-08,1.0,1.0,,,,,,
q,overlap_dual,2,0.02172909110089262,50.0,,0.0,,0.03,500,2.7962334581133064e-07,2.7962334581133064e-07,1.0,1.0,,,,,,
q,overlap_dual,3,0.022916959429278815,50.0,,0.0,,0.03,100,4.947605212191064e-07,4.4291384931893774e-07,1.0,1.0,,,,,,
q,overlap_dual,3,0.022916959429278815,50.0,,0.0,,0.03,500,4.947605212191064e-07,1.6835340410636945e-07,1.0,1.0,,,,,,
q,overlap_dual,8,0.007917832930711764,50.0,,0.0,,0.01,100,2.6734435887298957e-08,2.6734435887298957e-08,1.0,1.0,,,,,,
q,overlap_dual,8,0.007917832930711764,50.0,,0.0,,0.01,500,1.8455463890454382e-07,1.8345047747558851e-07,1.0,1.0,,,,,,
q,overlap_dual,9,0.007748440082154424,50.0,,0.0,,0.01,100,2.183110338463412e-05,1.024031946983417e-05,1.0,1.0,,,,,,
q,overlap_dual,9,0.007748440082154424,50.0,,0.0,,0.01,500,2.183110338463412e-05,2.136320355727861e-06,1.0,1.0,,,,,,
q,overlap_dual,10,0.008158001770411698,50.0,,0.0,,0.01,100,2.5009928505653756e-05,2.3697334459060748e-05,1.0,1.0,,,,,,
q,overlap_dual,10,0.008158001770411698,50.0,,0.0,,0.01,500,2.5009928505653756e-05,5.624877030818709e-06,1.0,1.0,,,,,,
q,overlap_dual,11,0.007860618311547392,50.0,,0.0,,0.01,100,7.182443351308465e-06,6.4607041576625335e-06,1.0,1.0,,,,,,
q,overlap_dual,11,0.007860618311547392,50.0,,0.0,,0.01,500,7.182443351308465e-06,2.410628469728948e-06,1.0,1.0,,,,,,
q,overlap_dual,4,0.0,50.0,,0.0,,0.0,100,4.6422660826550555e-08,4.3320288245496386e-08,1.0,1.0,,,,,,
q,overlap_dual,4,0.0,50.0,,0.0,,0.0,500,2.7742166475164254e-07,2.534606005077933e-07,1.0,1.0,,,,,,
q,overlap_dual,5,0.0,50.0,,0.0,,0.0,100,1.4096427492282793e-05,5.977061780182424e-06,1.0,1.0,,,,,,
q,overlap_dual,5,0.0,50.0,,0.0,,0.0,500,1.4096427492282793e-05,1.6483028026925695e-06,1.0,1.0,,,,,,
q,overlap_dual,6,0.0,50.0,,0.0,,0.0,100,4.64761786833634e-08,4.405826659059642e-08,1.0,1.0,,,,,,
q,overlap_dual,6,0.0,50.0,,0.0,,0.0,500,2.597709372054169e-07,2.597709372054169e-07,1.0,1.0,,,,,,
q,overlap_dual,7,0.0,50.0,,0.0,,0.0,100,2.138913469292014e-06,1.2507661981131513e-06,1.0,1.0,,,,,,
q,overlap_dual,7,0.0,50.0,,0.0,,0.0,500,2.138913469292014e-06,3.2575240704879604e-07,1.0,1.0,,,,,,
q,overlap_dual,8,0.023753498792135293,50.0,,0.0,,0.03,100,2.6734435887298957e-08,2.6734435887298957e-08,1.0,1.0,,,,,,
q,overlap_dual,8,0.023753498792135293,50.0,,0.0,,0.03,500,1.8455463890454382e-07,1.8345047747558851e-07,1.0,1.0,,,,,,
q,overlap_dual,9,0.02324532024646327,50.0,,0.0,,0.03,100,2.183110338463412e-05,1.024031946983417e-05,1.0,1.0,,,,,,
q,overlap_dual,9,0.02324532024646327,50.0,,0.0,,0.03,500,2.183110338463412e-05,2.136320355727861e-06,1.0,1.0,,,,,,
q,overlap_dual,10,0.024474005311235093,50.0,,0.0,,0.03,100,2.5009928505653756e-05,2.3697334459060748e-05,1.0,1.0,,,,,,
q,overlap_dual,10,0.024474005311235093,50.0,,0.0,,0.03,500,2.5009928505653756e-05,5.624877030818709e-06,1.0,1.0,,,,,,
q,overlap_dual,11,0.023581854934642175,50.0,,0.0,,0.03,100,7.182443351308465e-06,6.4607041576625335e-06,1.0,1.0,,,,,,
q,overlap_dual,11,0.023581854934642175,50.0,,0.0,,0.03,500,7.182443351308465e-06,2.410628469728948e-06,1.0,1.0,,,,,,
q,overlap_dual,4,0.007420251554478778,50.0,,0.0,,0.01,100,4.6422660826550555e-08,4.3320288245496386e-08,1.0,1.0,,,,,,
q,overlap_dual,4,0.007420251554478778,50.0,,0.0,,0.01,500,2.7742166475164254e-07,2.534606005077933e-07,1.0,1.0,,,,,,
q,overlap_dual,5,0.007303373985310291,50.0,,0.0,,0.01,100,1.4096427492282793e-05,5.977061780182424e-06,1.0,1.0,,,,,,
q,overlap_dual,5,0.007303373985310291,50.0,,0.0,,0.01,500,1.4096427492282793e-05,1.6483028026925695e-06,1.0,1.0,,,,,,
q,overlap_dual,6,0.007258440292289803,50.0,,0.0,,0.01,100,4.64761786833634e-08,4.405826659059642e-08,1.0,1.0,,,,,,
q,overlap_dual,6,0.007258440292289803,50.0,,0.0,,0.01,500,2.597709372054169e-07,2.597709372054169e-07,1.0,1.0,,,,,,
q,overlap_dual,7,0.007451542135550962,50.0,,0.0,,0.01,100,2.138913469292014e-06,1.2507661981131513e-06,1.0,1.0,,,,,,
q,overlap_dual,7,0.007451542135550962,50.0,,0.0,,0.01,500,2.138913469292014e-06,3.2575240704879604e-07,1.0,1.0,,,,,,
q,overlap_dual,12,0.022805698749858144,50.0,,0.0,,0.03,100,3.279982063730813e-08,3.279982063730813e-08,1.0,1.0,,,,,,
q,overlap_dual,12,0.022805698749858144,50.0,,0.0,,0.03,500,2.337195317281271e-07,2.323051733199577e-07,1.0,1.0,,,,,,
q,overlap_dual,13,0.024894643139129636,50.0,,0.0,,0.03,100,4.5846684892936196e-08,4.5846684892936196e-08,1.0,1.0,,,,,,
q,overlap_dual,13,0.024894643139129636,50.0,,0.0,,0.03,500,2.4414673971184797e-05,7.547016205089463e-06,1.0,1.0,,,,,,
q,overlap_dual,14,0.019937281968180908,50.0,,0.0,,0.03,100,1.580745818546836e-07,1.183234092927421e-07,1.0,1.0,,,,,,
q,overlap_dual,14,0.019937281968180908,50.0,,0.0,,0.03,500,2.505869689528595e-07,2.505869689528595e-07,1.0,1.0,,,,,,
q,overlap_dual,15,0.022438681938625523,50.0,,0.0,,0.03,100,2.5669270931061305e-08,2.5669270931061305e-08,1.0,1.0,,,,,,
q,overlap_dual,15,0.022438681938625523,50.0,,0.0,,0.03,500,1.937316445044246e-07,1.937316445044246e-07,1.0,1.0,,,,,,
q,overlap_dual,12,0.0,50.0,,0.0,,0.0,100,3.279982063730813e-08,3.279982063730813e-08,1.0,1.0,,,,,,
q,overlap_dual,12,0.0,50.0,,0.0,,0.0,500,2.337195317281271e-07,2.323051733199577e-07,1.0,1.0,,,,,,
q,overlap_dual,13,0.0,50.0,,0.0,,0.0,100,4.5846684892936196e-08,4.5846684892936196e-08,1.0,1.0,,,,,,
q,overlap_dual,13,0.0,50.0,,0.0,,0.0,500,2.4414673971184797e-05,7.547016205089463e-06,1.0,1.0,,,,,,
q,overlap_dual,14,0.0,50.0,,0.0,,0.0,100,1.580745818546836e-07,1.183234092927421e-07,1.0,1.0,,,,,,
q,overlap_dual,14,0.0,50.0,,0.0,,0.0,500,2.505869689528595e-07,2.505869689528595e-07,1.0,1.0,,,,,,
q,overlap_dual,15,0.0,50.0,,0.0,,0.0,100,2.5669270931061305e-08,2.5669270931061305e-08,1.0,1.0,,,,,,
q,overlap_dual,15,0.0,50.0,,0.0,,0.0,500,1.937316445044246e-07,1.937316445044246e-07,1.0,1.0,,,,,,
q,overlap_dual,12,0.0076018995832860484,50.0,,0.0,,0.01,100,3.279982063730813e-08,3.279982063730813e-08,1.0,1.0,,,,,,
q,overlap_dual,12,0.0076018995832860484,50.0,,0.0,,0.01,500,2.337195317281271e-07,2.323051733199577e-07,1.0,1.0,,,,,,
q,overlap_dual,13,0.008298214379709878,50.0,,0.0,,0.01,100,4.5846684892936196e-08,4.5846684892936196e-08,1.0,1.0,,,,,,
q,overlap_dual,13,0.008298214379709878,50.0,,0.0,,0.01,500,2.4414673971184797e-05,7.547016205089463e-06,1.0,1.0,,,,,,
q,overlap_dual,14,0.006645760656060303,50.0,,0.0,,0.01,100,1.580745818546836e-07,1.183234092927421e-07,1.0,1.0,,,,,,
q,overlap_dual,14,0.006645760656060303,50.0,,0.0,,0.01,500,2.505869689528595e-07,2.505869689528595e-07,1.0,1.0,,,,,,
q,overlap_dual,15,0.007479560646208507,50.0,,0.0,,0.01,100,2.5669270931061305e-08,2.5669270931061305e-08,1.0,1.0,,,,,,
q,overlap_dual,15,0.007479560646208507,50.0,,0.0,,0.01,500,1.937316445044246e-07,1.937316445044246e-07,1.0,1.0,,,,,,
q,overlap_dual,8,0.0,50.0,,0.0,,0.0,100,2.6734435887298957e-08,2.6734435887298957e-08,1.0,1.0,,,,,,
q,overlap_dual,8,0.0,50.0,,0.0,,0.0,500,1.8455463890454382e-07,1.8345047747558851e-07,1.0,1.0,,,,,,
q,overlap_dual,9,0.0,50.0,,0.0,,0.0,100,2.183110338463412e-05,1.024031946983417e-05,1.0,1.0,,,,,,
q,overlap_dual,9,0.0,50.0,,0.0,,0.0,500,2.183110338463412e-05,2.136320355727861e-06,1.0,1.0,,,,,,
q,overlap_dual,10,0.0,50.0,,0.0,,0.0,100,2.5009928505653756e-05,2.3697334459060748e-05,1.0,1.0,,,,,,
q,overlap_dual,10,0.0,50.0,,0.0,,0.0,500,2.5009928505653756e-05,5.624877030818709e-06,1.0,1.0,,,,,,
q,overlap_dual,11,0.0,50.0,,0.0,,0.0,100,7.182443351308465e-06,6.4607041576625335e-06,1.0,1.0,,,,,,
q,overlap_dual,11,0.0,50.0,,0.0,,0.0,500,7.182443351308465e-06,2.410628469728948e-06,1.0,1.0,,,,,,
q,overlap_dual,0,0.0714991592946016,50.0,,0.0,,0.1,100,3.028879302924281e-08,3.028879302924281e-08,1.0,1.0,,,,,,
q,overlap_dual,0,0.0714991592946016,50.0,,0.0,,0.1,500,2.2809529198752898e-07,2.2809529198752898e-07,1.0,1.0,,,,,,
q,overlap_dual,1,0.07647499853564337,50.0,,0.0,,0.1,100,3.0527475880504085e-08,2.952630473451734e-08,1.0,1.0,,,,,,
q,overlap_dual,1,0.07647499853564337,50.0,,0.0,,0.1,500,3.0726483357668144e-07,3.0726483357668144e-07,1.0,1.0,,,,,,
q,overlap_dual,2,0.07243030366964208,50.0,,0.0,,0.1,100,2.982463576106653e-08,2.982463576106653e-08,1.0,1.0,,,,,,
q,overlap_dual,2,0.07243030366964208,50.0,,0.0,,0.1,500,2.7962334581133064e-07,2.7962334581133064e-07,1.0,1.0,,,,,,
q,overlap_dual,3,0.0763898647642627,50.0,,0.0,,0.1,100,4.947605212191064e-07,4.4291384931893774e-07,1.0,1.0,,,,,,
q,overlap_dual,3,0.0763898647642627,50.0,,0.0,,0.1,500,4.947605212191064e-07,1.6835340410636945e-07,1.0,1.0,,,,,,
q,overlap_dual,16,0.019413387533389493,50.0,,0.0,,0.03,100,2.5020789440333147e-08,2.4337187598533205e-08,1.0,1.0,,,,,,
q,overlap_dual,16,0.019413387533389493,50.0,,0.0,,0.03,500,2.276912147713972e-07,2.276912147713972e-07,1.0,1.0,,,,,,
q,overlap_dual,17,0.0204071657826119,50.0,,0.0,,0.03,100,2.953205169298201e-08,2.858495296020891e-08,1.0,1.0,,,,,,
q,overlap_dual,17,0.0204071657826119,50.0,,0.0,,0.03,500,2.9474774221327493e-07,2.9474774221327493e-07,1.0,1.0,,,,,,
q,overlap_dual,18,0.021918517768246798,50.0,,0.0,,0.03,100,1.6576325786513135e-05,1.4917911233286452e-05,1.0,1.0,,,,,,
q,overlap_dual,18,0.021918517768246798,50.0,,0.0,,0.03,500,1.6576325786513135e-05,7.828847059743183e-06,1.0,1.0,,,,,,
q,overlap_dual,19,0.022293681253269144,50.0,,0.0,,0.03,100,2.5587251595848848e-06,1.1611252107579517e-06,1.0,1.0,,,,,,
q,overlap_dual,19,0.022293681253269144,50.0,,0.0,,0.03,500,2.5587251595848848e-06,1.884561144915864e-07,1.0,1.0,,,,,,
q,overlap_dual,0,0.0,50.0,,0.0,,0.0,100,3.028879302924281e-08,3.028879302924281e-08,1.0,1.0,,,,,,
q,overlap_dual,0,0.0,50.0,,0.0,,0.0,500,2.2809529198752898e-07,2.2809529198752898e-07,1.0,1.0,,,,,,
q,overlap_dual,1,0.0,50.0,,0.0,,0.0,100,3.0527475880504085e-08,2.952630473451734e-08,1.0,1.0,,,,,,
q,overlap_dual,1,0.0,50.0,,0.0,,0.0,500,3.0726483357668144e-07,3.0726483357668144e-07,1.0,1.0,,,,,,
q,overlap_dual,2,0.0,50.0,,0.0,,0.0,100,2.982463576106653e-08,2.982463576106653e-08,1.0,1.0,,,,,,
q,overlap_dual,2,0.0,50.0,,0.0,,0.0,500,2.7962334581133064e-07,2.7962334581133064e-07,1.0,1.0,,,,,,
q,overlap_dual,3,0.0,50.0,,0.0,,0.0,100,4.947605212191064e-07,4.4291384931893774e-07,1.0,1.0,,,,,,
q,overlap_dual,3,0.0,50.0,,0.0,,0.0,500,4.947605212191064e-07,1.6835340410636945e-07,1.0,1.0,,,,,,
q,overlap_dual,4,0.022260754663436334,50.0,,0.0,,0.03,100,4.6422660826550555e-08,4.3320288245496386e-08,1.0,1.0,,,,,,
q,overlap_dual,4,0.022260754663436334,50.0,,0.0,,0.03,500,2.7742166475164254e-07,2.534606005077933e-07,1.0,1.0,,,,,,
q,overlap_dual,5,0.02191012195593087,50.0,,0.0,,0.03,100,1.4096427492282793e-05,5.977061780182424e-06,1.0,1.0,,,,,,
q,overlap_dual,5,0.02191012195593087,50.0,,0.0,,0.03,500,1.4096427492282793e-05,1.6483028026925695e-06,1.0,1.0,,,,,,
q,overlap_dual,6,0.021775320876869408,50.0,,0.0,,0.03,100,4.64761786833634e-08,4.405826659059642e-08,1.0,1.0,,,,,,
q,overlap_dual,6,0.021775320876869408,50.0,,0.0,,0.03,500,2.597709372054169e-07,2.597709372054169e-07,1.0,1.0,,,,,,
q,overlap_dual,7,0.02235462640665288,50.0,,0.0,,0.03,100,2.138913469292014e-06,1.2507661981131513e-06,1.0,1.0,,,,,,
q,overlap_dual,7,0.02235462640665288,50.0,,0.0,,0.03,500,2.138913469292014e-06,3.2575240704879604e-07,1.0,1.0,,,,,,
q,overlap_dual,0,0.007149915929460159,50.0,,0.0,,0.01,100,3.028879302924281e-08,3.028879302924281e-08,1.0,1.0,,,,,,
q,overlap_dual,0,0.007149915929460159,50.0,,0.0,,0.01,500,2.2809529198752898e-07,2.2809529198752898e-07,1.0,1.0,,,,,,
q,overlap_dual,1,0.0076474998535643384,50.0,,0.0,,0.01,100,3.0527475880504085e-08,2.952630473451734e-08,1.0,1.0,,,,,,
q,overlap_dual,1,0.0076474998535643384,50.0,,0.0,,0.01,500,3.0726483357668144e-07,3.0726483357668144e-07,1.0,1.0,,,,,,
q,overlap_dual,2,0.007243030366964207,50.0,,0.0,,0.01,100,2.982463576106653e-08,2.982463576106653e-08,1.0,1.0,,,,,,
q,overlap_dual,2,0.007243030366964207,50.0,,0.0,,0.01,500,2.7962334581133064e-07,2.7962334581133064e-07,1.0,1.0,,,,,,
q,overlap_dual,3,0.00763898647642627,50.0,,0.0,,0.01,100,4.947605212191064e-07,4.4291384931893774e-07,1.0,1.0,,,,,,
q,overlap_dual,3,0.00763898647642627,50.0,,0.0,,0.01,500,4.947605212191064e-07,1.6835340410636945e-07,1.0,1.0,,,,,,
q,overlap_dual,16,0.006471129177796499,50.0,,0.0,,0.01,100,2.5020789440333147e-08,2.4337187598533205e-08,1.0,1.0,,,,,,
q,overlap_dual,16,0.006471129177796499,50.0,,0.0,,0.01,500,2.276912147713972e-07,2.276912147713972e-07,1.0,1.0,,,,,,
q,overlap_dual,17,0.0068023885942039685,50.0,,0.0,,0.01,100,2.953205169298201e-08,2.858495296020891e-08,1.0,1.0,,,,,,
q,overlap_dual,17,0.0068023885942039685,50.0,,0.0,,0.01,500,2.9474774221327493e-07,2.9474774221327493e-07,1.0,1.0,,,,,,
q,overlap_dual,18,0.0073061725894156,50.0,,0.0,,0.01,100,1.6576325786513135e-05,1.4917911233286452e-05,1.0,1.0,,,,,,
q,overlap_dual,18,0.0073061725894156,50.0,,0.0,,0.01,500,1.6576325786513135e-05,7.828847059743183e-06,1.0,1.0,,,,,,
q,overlap_dual,19,0.0074312270844230505,50.0,,0.0,,0.01,100,2.5587251595848848e-06,1.1611252107579517e-06,1.0,1.0,,,,,,
q,overlap_dual,19,0.0074312270844230505,50.0,,0.0,,0.01,500,2.5587251595848848e-06,1.884561144915864e-07,1.0,1.0,,,,,,
q,overlap_dual,16,0.0,50.0,,0.0,,0.0,100,2.5020789440333147e-08,2.4337187598533205e-08,1.0,1.0,,,,,,
q,overlap_dual,16,0.0,50.0,,0.0,,0.0,500,2.276912147713972e-07,2.276912147713972e-07,1.0,1.0,,,,,,
q,overlap_dual,17,0.0,50.0,,0.0,,0.0,100,2.953205169298201e-08,2.858495296020891e-08,1.0,1.0,,,,,,
q,overlap_dual,17,0.0,50.0,,0.0,,0.0,500,2.9474774221327493e-07,2.9474774221327493e-07,1.0,1.0,,,,,,
q,overlap_dual,18,0.0,50.0,,0.0,,0.0,100,1.6576325786513135e-05,1.4917911233286452e-05,1.0,1.0,,,,,,
q,overlap_dual,18,0.0,50.0,,0.0,,0.0,500,1.6576325786513135e-05,7.828847059743183e-06,1.0,1.0,,,,,,
q,overlap_dual,19,0.0,50.0,,0.0,,0.0,100,2.5587251595848848e-06,1.1611252107579517e-06,1.0,1.0,,,,,,
q,overlap_dual,19,0.0,50.0,,0.0,,0.0,500,2.5587251595848848e-06,1.884561144915864e-07,1.0,1.0,,,,,,
q,overlap_dual,4,0.0742025155447878,50.0,,0.0,,0.1,100,4.6422660826550555e-08,4.3320288245496386e-08,1.0,1.0,,,,,,
q,overlap_dual,4,0.0742025155447878,50.0,,0.0,,0.1,500,2.7742166475164254e-07,2.534606005077933e-07,1.0,1.0,,,,,,
q,overlap_dual,5,0.07303373985310291,50.0,,0.0,,0.1,100,1.4096427492282793e-05,5.977061780182424e-06,1.0,1.0,,,,,,
q,overlap_dual,5,0.07303373985310291,50.0,,0.0,,0.1,500,1.4096427492282793e-05,1.6483028026925695e-06,1.0,1.0,,,,,,
q,overlap_dual,6,0.07258440292289806,50.0,,0.0,,0.1,100,4.64761786833634e-08,4.405826659059642e-08,1.0,1.0,,,,,,
q,overlap_dual,6,0.07258440292289806,50.0,,0.0,,0.1,500,2.597709372054169e-07,2.597709372054169e-07,1.0,1.0,,,,,,
q,overlap_dual,7,0.07451542135550963,50.0,,0.0,,0.1,100,2.138913469292014e-06,1.2507661981131513e-06,1.0,1.0,,,,,,
q,overlap_dual,7,0.07451542135550963,50.0,,0.0,,0.1,500,2.138913469292014e-06,3.2575240704879604e-07,1.0,1.0,,,,,,
q,overlap_dual,12,0.0760189958328605,50.0,,0.0,,0.1,100,3.279982063730813e-08,3.279982063730813e-08,1.0,1.0,,,,,,
q,overlap_dual,12,0.0760189958328605,50.0,,0.0,,0.1,500,2.337195317281271e-07,2.323051733199577e-07,1.0,1.0,,,,,,
q,overlap_dual,13,0.0829821437970988,50.0,,0.0,,0.1,100,4.5846684892936196e-08,4.5846684892936196e-08,1.0,1.0,,,,,,
q,overlap_dual,13,0.0829821437970988,50.0,,0.0,,0.1,500,2.4414673971184797e-05,7.547016205089463e-06,1.0,1.0,,,,,,
q,overlap_dual,14,0.06645760656060302,50.0,,0.0,,0.1,100,1.580745818546836e-07,1.183234092927421e-07,1.0,1.0,,,,,,
q,overlap_dual,14,0.06645760656060302,50.0,,0.0,,0.1,500,2.505869689528595e-07,2.505869689528595e-07,1.0,1.0,,,,,,
q,overlap_dual,15,0.07479560646208509,50.0,,0.0,,0.1,100,2.5669270931061305e-08,2.5669270931061305e-08,1.0,1.0,,,,,,
q,overlap_dual,15,0.07479560646208509,50.0,,0.0,,0.1,500,1.937316445044246e-07,1.937316445044246e-07,1.0,1.0,,,,,,
q,overlap_dual,8,0.07917832930711764,50.0,,0.0,,0.1,100,2.6734435887298957e-08,2.6734435887298957e-08,1.0,1.0,,,,,,
q,overlap_dual,8,0.07917832930711764,50.0,,0.0,,0.1,500,1.8455463890454382e-07,1.8345047747558851e-07,1.0,1.0,,,,,,
q,overlap_dual,9,0.07748440082154424,50.0,,0.0,,0.1,100,2.183110338463412e-05,1.024031946983417e-05,1.0,1.0,,,,,,
q,overlap_dual,9,0.07748440082154424,50.0,,0.0,,0.1,500,2.183110338463412e-05,2.136320355727861e-06,1.0,1.0,,,,,,
q,overlap_dual,10,0.08158001770411699,50.0,,0.0,,0.1,100,2.5009928505653756e-05,2.3697334459060748e-05,1.0,1.0,,,,,,
q,overlap_dual,10,0.08158001770411699,50.0,,0.0,,0.1,500,2.5009928505653756e-05,5.624877030818709e-06,1.0,1.0,,,,,,
q,overlap_dual,11,0.07860618311547392,50.0,,0.0,,0.1,100,7.182443351308465e-06,6.4607041576625335e-06,1.0,1.0,,,,,,
q,overlap_dual,11,0.07860618311547392,50.0,,0.0,,0.1,500,7.182443351308465e-06,2.410628469728948e-06,1.0,1.0,,,,,,
q,overlap_dual,16,0.06471129177796499,50.0,,0.0,,0.1,100,2.5020789440333147e-08,2.4337187598533205e-08,1.0,1.0,,,,,,
q,overlap_dual,16,0.06471129177796499,50.0,,0.0,,0.1,500,2.276912147713972e-07,2.276912147713972e-07,1.0,1.0,,,,,,
q,overlap_dual,17,0.06802388594203969,50.0,,0.0,,0.1,100,2.953205169298201e-08,2.858495296020891e-08,1.0,1.0,,,,,,
q,overlap_dual,17,0.06802388594203969,50.0,,0.0,,0.1,500,2.9474774221327493e-07,2.9474774221327493e-07,1.0,1.0,,,,,,
q,overlap_dual,18,0.073061725894156,50.0,,0.0,,0.1,100,1.6576325786513135e-05,1.4917911233286452e-05,1.0,1.0,,,,,,
q,overlap_dual,18,0.073061725894156,50.0,,0.0,,0.1,500,1.6576325786513135e-05,7.828847059743183e-06,1.0,1.0,,,,,,
q,overlap_dual,19,0.0743122708442305,50.0,,0.0,,0.1,100,2.5587251595848848e-06,1.1611252107579517e-06,1.0,1.0,,,,,,
q,overlap_dual,19,0.0743122708442305,50.0,,0.0,,0.1,500,2.5587251595848848e-06,1.884561144915864e-07,1.0,1.0,,,,,,
q,overlap_dual,0,0.1429983185892032,50.0,,0.0,,0.2,100,3.028879302924281e-08,3.028879302924281e-08,1.0,1.0,,,,,,
q,overlap_dual,0,0.1429983185892032,50.0,,0.0,,0.2,500,2.2809529198752898e-07,2.2809529198752898e-07,1.0,1.0,,,,,,
q,overlap_dual,1,0.15294999707128673,50.0,,0.0,,0.2,100,3.0527475880504085e-08,2.952630473451734e-08,1.0,1.0,,,,,,
q,overlap_dual,1,0.15294999707128673,50.0,,0.0,,0.2,500,3.0726483357668144e-07,3.0726483357668144e-07,1.0,1.0,,,,,,
q,overlap_dual,2,0.14486060733928416,50.0,,0.0,,0.2,100,2.982463576106653e-08,2.982463576106653e-08,1.0,1.0,,,,,,
q,overlap_dual,2,0.14486060733928416,50.0,,0.0,,0.2,500,2.7962334581133064e-07,2.7962334581133064e-07,1.0,1.0,,,,,,
q,overlap_dual,3,0.1527797295285254,50.0,,0.0,,0.2,100,4.947605212191064e-07,4.4291384931893774e-07,1.0,1.0,,,,,,
q,overlap_dual,3,0.1527797295285254,50.0,,0.0,,0.2,500,4.947605212191064e-07,1.6835340410636945e-07,1.0,1.0,,,,,,
q,overlap_dual,0,0.21449747788380477,50.0,,0.0,,0.3,100,3.028879302924281e-08,3.028879302924281e-08,1.0,1.0,,,,,,
q,overlap_dual,0,0.21449747788380477,50.0,,0.0,,0.3,500,2.2809529198752898e-07,2.2809529198752898e-07,1.0,1.0,,,,,,
q,overlap_dual,1,0.22942499560693014,50.0,,0.0,,0.3,100,3.0527475880504085e-08,2.952630473451734e-08,1.0,1.0,,,,,,
q,overlap_dual,1,0.22942499560693014,50.0,,0.0,,0.3,500,3.0726483357668144e-07,3.0726483357668144e-07,1.0,1.0,,,,,,
q,overlap_dual,2,0.21729091100892622,50.0,,0.0,,0.3,100,2.982463576106653e-08,2.982463576106653e-08,1.0,1.0,,,,,,
q,overlap_dual,2,0.21729091100892622,50.0,,0.0,,0.3,500,2.7962334581133064e-07,2.7962334581133064e-07,1.0,1.0,,,,,,
q,overlap_dual,3,0.2291695942927881,50.0,,0.0,,0.3,100,4.947605212191064e-07,4.4291384931893774e-07,1.0,1.0,,,,,,
q,overlap_dual,3,0.2291695942927881,50.0,,0.0,,0.3,500,4.947605212191064e-07,1.6835340410636945e-07,1.0,1.0,,,,,,
q,overlap_dual,8,0.15835665861423528,50.0,,0.0,,0.2,100,2.6734435887298957e-08,2.6734435887298957e-08,1.0,1.0,,,,,,
q,overlap_dual,8,0.15835665861423528,50.0,,0.0,,0.2,500,1.8455463890454382e-07,1.8345047747558851e-07,1.0,1.0,,,,,,
q,overlap_dual,9,0.1549688016430885,50.0,,0.0,,0.2,100,2.183110338463412e-05,1.024031946983417e-05,1.0,1.0,,,,,,
q,overlap_dual,9,0.1549688016430885,50.0,,0.0,,0.2,500,2.183110338463412e-05,2.136320355727861e-06,1.0,1.0,,,,,,
q,overlap_dual,10,0.16316003540823398,50.0,,0.0,,0.2,100,2.5009928505653756e-05,2.3697334459060748e-05,1.0,1.0,,,,,,
q,overlap_dual,10,0.16316003540823398,50.0,,0.0,,0.2,500,2.5009928505653756e-05,5.624877030818709e-06,1.0,1.0,,,,,,
q,overlap_dual,11,0.15721236623094784,50.0,,0.0,,0.2,100,7.182443351308465e-06,6.4607041576625335e-06,1.0,1.0,,,,,,
q,overlap_dual,11,0.15721236623094784,50.0,,0.0,,0.2,500,7.182443351308465e-06,2.410628469728948e-06,1.0,1.0,,,,,,
q,overlap_dual,4,0.1484050310895756,50.0,,0.0,,0.2,100,4.6422660826550555e-08,4.3320288245496386e-08,1.0,1.0,,,,,,
q,overlap_dual,4,0.1484050310895756,50.0,,0.0,,0.2,500,2.7742166475164254e-07,2.534606005077933e-07,1.0,1.0,,,,,,
q,overlap_dual,5,0.14606747970620582,50.0,,0.0,,0.2,100,1.4096427492282793e-05,5.977061780182424e-06,1.0,1.0,,,,,,
q,overlap_dual,5,0.14606747970620582,50.0,,0.0,,0.2,500,1.4096427492282793e-05,1.6483028026925695e-06,1.0,1.0,,,,,,
q,overlap_dual,6,0.1451688058457961,50.0,,0.0,,0.2,100,4.64761786833634e-08,4.405826659059642e-08,1.0,1.0,,,,,,
q,overlap_dual,6,0.1451688058457961,50.0,,0.0,,0.2,500,2.597709372054169e-07,2.597709372054169e-07,1.0,1.0,,,,,,
q,overlap_dual,7,0.14903084271101927,50.0,,0.0,,0.2,100,2.138913469292014e-06,1.2507661981131513e-06,1.0,1.0,,,,,,
q,overlap_dual,7,0.14903084271101927,50.0,,0.0,,0.2,500,2.138913469292014e-06,3.2575240704879604e-07,1.0,1.0,,,,,,
q,overlap_dual,12,0.152037991665721,50.0,,0.0,,0.2,100,3.279982063730813e-08,3.279982063730813e-08,1.0,1.0,,,,,,
q,overlap_dual,12,0.152037991665721,50.0,,0.0,,0.2,500,2.337195317281271e-07,2.323051733199577e-07,1.0,1.0,,,,,,
q,overlap_dual,13,0.1659642875941976,50.0,,0.0,,0.2,100,4.5846684892936196e-08,4.5846684892936196e-08,1.0,1.0,,,,,,
q,overlap_dual,13,0.1659642875941976,50.0,,0.0,,0.2,500,2.4414673971184797e-05,7.547016205089463e-06,1.0,1.0,,,,,,
q,overlap_dual,14,0.13291521312120605,50.0,,0.0,,0.2,100,1.580745818546836e-07,1.183234092927421e-07,1.0,1.0,,,,,,
q,overlap_dual,14,0.13291521312120605,50.0,,0.0,,0.2,500,2.505869689528595e-07,2.505869689528595e-07,1.0,1.0,,,,,,
q,overlap_dual,15,0.14959121292417019,50.0,,0.0,,0.2,100,2.5669270931061305e-08,2.5669270931061305e-08,1.0,1.0,,,,,,
q,overlap_dual,15,0.14959121292417019,50.0,,0.0,,0.2,500,1.937316445044246e-07,1.937316445044246e-07,1.0,1.0,,,,,,
q,overlap_dual,16,0.12942258355592998,50.0,,0.0,,0.2,100,2.5020789440333147e-08,2.4337187598533205e-08,1.0,1.0,,,,,,
q,overlap_dual,16,0.12942258355592998,50.0,,0.0,,0.2,500,2.276912147713972e-07,2.276912147713972e-07,1.0,1.0,,,,,,
q,overlap_dual,17,0.13604777188407938,50.0,,0.0,,0.2,100,2.953205169298201e-08,2.858495296020891e-08,1.0,1.0,,,,,,
q,overlap_dual,17,0.13604777188407938,50.0,,0.0,,0.2,500,2.9474774221327493e-07,2.9474774221327493e-07,1.0,1.0,,,,,,
q,overlap_dual,18,0.146123451788312,50.0,,0.0,,0.2,100,1.6576325786513135e-05,1.4917911233286452e-05,1.0,1.0,,,,,,
q,overlap_dual,18,0.146123451788312,50.0,,0.0,,0.2,500,1.6576325786513135e-05,7.828847059743183e-06,1.0,1.0,,,,,,
q,overlap_dual,19,0.148624541688461,50.0,,0.0,,0.2,100,2.5587251595848848e-06,1.1611252107579517e-06,1.0,1.0,,,,,,
q,overlap_dual,19,0.148624541688461,50.0,,0.0,,0.2,500,2.5587251595848848e-06,1.884561144915864e-07,1.0,1.0,,,,,,
q,overlap_dual,8,0.23753498792135286,50.0,,0.0,,0.3,100,2.6734435887298957e-08,2.6734435887298957e-08,1.0,1.0,,,,,,
q,overlap_dual,8,0.23753498792135286,50.0,,0.0,,0.3,500,1.8455463890454382e-07,1.8345047747558851e-07,1.0,1.0,,,,,,
q,overlap_dual,9,0.2324532024646327,50.0,,0.0,,0.3,100,2.183110338463412e-05,1.024031946983417e-05,1.0,1.0,,,,,,
q,overlap_dual,9,0.2324532024646327,50.0,,0.0,,0.3,500,2.183110338463412e-05,2.136320355727861e-06,1.0,1.0,,,,,,
q,overlap_dual,10,0.24474005311235095,50.0,,0.0,,0.3,100,2.5009928505653756e-05,2.3697334459060748e-05,1.0,1.0,,,,,,
q,overlap_dual,10,0.24474005311235095,50.0,,0.0,,0.3,500,2.5009928505653756e-05,5.624877030818709e-06,1.0,1.0,,,,,,
q,overlap_dual,11,0.23581854934642174,50.0,,0.0,,0.3,100,7.182443351308465e-06,6.4607041576625335e-06,1.0,1.0,,,,,,
q,overlap_dual,11,0.23581854934642174,50.0,,0.0,,0.3,500,7.182443351308465e-06,2.410628469728948e-06,1.0,1.0,,,,,,
q,overlap_dual,4,0.22260754663436333,50.0,,0.0,,0.3,100,4.6422660826550555e-08,4.3320288245496386e-08,1.0,1.0,,,,,,
q,overlap_dual,4,0.22260754663436333,50.0,,0.0,,0.3,500,2.7742166475164254e-07,2.534606005077933e-07,1.0,1.0,,,,,,
q,overlap_dual,5,0.21910121955930872,50.0,,0.0,,0.3,100,1.4096427492282793e-05,5.977061780182424e-06,1.0,1.0,,,,,,
q,overlap_dual,5,0.21910121955930872,50.0,,0.0,,0.3,500,1.4096427492282793e-05,1.6483028026925695e-06,1.0,1.0,,,,,,
q,overlap_dual,6,0.2177532087686941,50.0,,0.0,,0.3,100,4.64761786833634e-08,4.405826659059642e-08,1.0,1.0,,,,,,
q,overlap_dual,6,0.2177532087686941,50.0,,0.0,,0.3,500,2.597709372054169e-07,2.597709372054169e-07,1.0,1.0,,,,,,
q,overlap_dual,7,0.22354626406652878,50.0,,0.0,,0.3,100,2.138913469292014e-06,1.2507661981131513e-06,1.0,1.0,,,,,,
q,overlap_dual,7,0.22354626406652878,50.0,,0.0,,0.3,500,2.138913469292014e-06,3.2575240704879604e-07,1.0,1.0,,,,,,
q,overlap_dual,16,0.1941338753338949,50.0,,0.0,,0.3,100,2.5020789440333147e-08,2.4337187598533205e-08,1.0,1.0,,,,,,
q,overlap_dual,16,0.1941338753338949,50.0,,0.0,,0.3,500,2.276912147713972e-07,2.276912147713972e-07,1.0,1.0,,,,,,
q,overlap_dual,17,0.204071657826119,50.0,,0.0,,0.3,100,2.953205169298201e-08,2.858495296020891e-08,1.0,1.0,,,,,,
q,overlap_dual,17,0.204071657826119,50.0,,0.0,,0.3,500,2.9474774221327493e-07,2.9474774221327493e-07,1.0,1.0,,,,,,
q,overlap_dual,18,0.21918517768246798,50.0,,0.0,,0.3,100,1.6576325786513135e-05,1.4917911233286452e-05,1.0,1.0,,,,,,
q,overlap_dual,18,0.21918517768246798,50.0,,0.0,,0.3,500,1.6576325786513135e-05,7.828847059743183e-06,1.0,1.0,,,,,,
q,overlap_dual,19,0.2229368125326915,50.0,,0.0,,0.3,100,2.5587251595848848e-06,1.1611252107579517e-06,1.0,1.0,,,,,,
q,overlap_dual,19,0.2229368125326915,50.0,,0.0,,0.3,500,2.5587251595848848e-06,1.884561144915864e-07,1.0,1.0,,,,,,
q,overlap_dual,12,0.22805698749858141,50.0,,0.0,,0.3,100,3.279982063730813e-08,3.279982063730813e-08,1.0,1.0,,,,,,
q,overlap_dual,12,0.22805698749858141,50.0,,0.0,,0.3,500,2.337195317281271e-07,2.323051733199577e-07,1.0,1.0,,,,,,
q,overlap_dual,13,0.24894643139129632,50.0,,0.0,,0.3,100,4.5846684892936196e-08,4.5846684892936196e-08,1.0,1.0,,,,,,
q,overlap_dual,13,0.24894643139129632,50.0,,0.0,,0.3,500,2.4414673971184797e-05,7.547016205089463e-06,1.0,1.0,,,,,,
q,overlap_dual,14,0.19937281968180906,50.0,,0.0,,0.3,100,1.580745818546836e-07,1.183234092927421e-07,1.0,1.0,,,,,,
q,overlap_dual,14,0.19937281968180906,50.0,,0.0,,0.3,500,2.505869689528595e-07,2.505869689528595e-07,1.0,1.0,,,,,,
q,overlap_dual,15,0.2243868193862552,50.0,,0.0,,0.3,100,2.5669270931061305e-08,2.5669270931061305e-08,1.0,1.0,,,,,,
q,overlap_dual,15,0.2243868193862552,50.0,,0.0,,0.3,500,1.937316445044246e-07,1.937316445044246e-07,1.0,1.0,,,,,,
q,overlap_dual,0,0.35749579647300794,50.0,,0.0,,0.5,100,3.028879302924281e-08,3.028879302924281e-08,1.0,1.0,,,,,,
q,overlap_dual,0,0.35749579647300794,50.0,,0.0,,0.5,500,2.2809529198752898e-07,2.2809529198752898e-07,1.0,1.0,,,,,,
q,overlap_dual,1,0.38237499267821684,50.0,,0.0,,0.5,100,3.0527475880504085e-08,2.952630473451734e-08,1.0,1.0,,,,,,
q,overlap_dual,1,0.38237499267821684,50.0,,0.0,,0.5,500,3.0726483357668144e-07,3.0726483357668144e-07,1.0,1.0,,,,,,
q,overlap_dual,2,0.36215151834821036,50.0,,0.0,,0.5,100,2.982463576106653e-08,2.982463576106653e-08,1.0,1.0,,,,,,
q,overlap_dual,2,0.36215151834821036,50.0,,0.0,,0.5,500,2.7962334581133064e-07,2.7962334581133064e-07,1.0,1.0,,,,,,
q,overlap_dual,3,0.38194932382131347,50.0,,0.0,,0.5,100,4.947605212191064e-07,4.4291384931893774e-07,1.0,1.0,,,,,,
q,overlap_dual,3,0.38194932382131347,50.0,,0.0,,0.5,500,4.947605212191064e-07,1.6835340410636945e-07,1.0,1.0,,,,,,
q,overlap_dual,4,0.37101257772393886,50.0,,0.0,,0.5,100,4.6422660826550555e-08,4.3320288245496386e-08,1.0,1.0,,,,,,
q,overlap_dual,4,0.37101257772393886,50.0,,0.0,,0.5,500,2.7742166475164254e-07,2.534606005077933e-07,1.0,1.0,,,,,,
q,overlap_dual,5,0.3651686992655145,50.0,,0.0,,0.5,100,1.4096427492282793e-05,5.977061780182424e-06,1.0,1.0,,,,,,
q,overlap_dual,5,0.3651686992655145,50.0,,0.0,,0.5,500,1.4096427492282793e-05,1.6483028026925695e-06,1.0,1.0,,,,,,
q,overlap_dual,6,0.3629220146144902,50.0,,0.0,,0.5,100,4.64761786833634e-08,4.405826659059642e-08,1.0,1.0,,,,,,
q,overlap_dual,6,0.3629220146144902,50.0,,0.0,,0.5,500,2.597709372054169e-07,2.597709372054169e-07,1.0,1.0,,,,,,
q,overlap_dual,7,0.37257710677754813,50.0,,0.0,,0.5,100,2.138913469292014e-06,1.2507661981131513e-06,1.0,1.0,,,,,,
q,overlap_dual,7,0.37257710677754813,50.0,,0.0,,0.5,500,2.138913469292014e-06,3.2575240704879604e-07,1.0,1.0,,,,,,
q,overlap_dual,16,0.3235564588898249,50.0,,0.0,,0.5,100,2.5020789440333147e-08,2.4337187598533205e-08,1.0,1.0,,,,,,
q,overlap_dual,16,0.3235564588898249,50.0,,0.0,,0.5,500,2.276912147713972e-07,2.276912147713972e-07,1.0,1.0,,,,,,
q,overlap_dual,17,0.34011942971019843,50.0,,0.0,,0.5,100,2.953205169298201e-08,2.858495296020891e-08,1.0,1.0,,,,,,
q,overlap_dual,17,0.34011942971019843,50.0,,0.0,,0.5,500,2.9474774221327493e-07,2.9474774221327493e-07,1.0,1.0,,,,,,
q,overlap_dual,18,0.36530862947077997,50.0,,0.0,,0.5,100,1.6576325786513135e-05,1.4917911233286452e-05,1.0,1.0,,,,,,
q,overlap_dual,18,0.36530862947077997,50.0,,0.0,,0.5,500,1.6576325786513135e-05,7.828847059743183e-06,1.0,1.0,,,,,,
q,overlap_dual,19,0.3715613542211524,50.0,,0.0,,0.5,100,2.5587251595848848e-06,1.1611252107579517e-06,1.0,1.0,,,,,,
q,overlap_dual,19,0.3715613542211524,50.0,,0.0,,0.5,500,2.5587251595848848e-06,1.884561144915864e-07,1.0,1.0,,,,,,
q,overlap_dual,8,0.39589164653558817,50.0,,0.0,,0.5,100,2.6734435887298957e-08,2.6734435887298957e-08,1.0,1.0,,,,,,
q,overlap_dual,8,0.39589164653558817,50.0,,0.0,,0.5,500,1.8455463890454382e-07,1.8345047747558851e-07,1.0,1.0,,,,,,
q,overlap_dual,9,0.3874220041077212,50.0,,0.0,,0.5,100,2.183110338463412e-05,1.024031946983417e-05,1.0,1.0,,,,,,
q,overlap_dual,9,0.3874220041077212,50.0,,0.0,,0.5,500,2.183110338463412e-05,2.136320355727861e-06,1.0,1.0,,,,,,
q,overlap_dual,10,0.4079000885205849,50.0,,0.0,,0.5,100,2.5009928505653756e-05,2.3697334459060748e-05,1.0,1.0,,,,,,
q,overlap_dual,10,0.4079000885205849,50.0,,0.0,,0.5,500,2.5009928505653756e-05,5.624877030818709e-06,1.0,1.0,,,,,,
q,overlap_dual,11,0.3930309155773696,50.0,,0.0,,0.5,100,7.182443351308465e-06,6.4607041576625335e-06,1.0,1.0,,,,,,
q,overlap_dual,11,0.3930309155773696,50.0,,0.0,,0.5,500,7.182443351308465e-06,2.410628469728948e-06,1.0,1.0,,,,,,
q,overlap_dual,12,0.38009497916430235,50.0,,0.0,,0.5,100,3.279982063730813e-08,3.279982063730813e-08,1.0,1.0,,,,,,
q,overlap_dual,12,0.38009497916430235,50.0,,0.0,,0.5,500,2.337195317281271e-07,2.323051733199577e-07,1.0,1.0,,,,,,
q,overlap_dual,13,0.41491071898549386,50.0,,0.0,,0.5,100,4.5846684892936196e-08,4.5846684892936196e-08,1.0,1.0,,,,,,
q,overlap_dual,13,0.41491071898549386,50.0,,0.0,,0.5,500,2.4414673971184797e-05,7.547016205089463e-06,1.0,1.0,,,,,,
q,overlap_dual,14,0.33228803280301505,50.0,,0.0,,0.5,100,1.580745818546836e-07,1.183234092927421e-07,1.0,1.0,,,,,,
q,overlap_dual,14,0.33228803280301505,50.0,,0.0,,0.5,500,2.505869689528595e-07,2.505869689528595e-07,1.0,1.0,,,,,,
q,overlap_dual,15,0.3739780323104254,50.0,,0.0,,0.5,100,2.5669270931061305e-08,2.5669270931061305e-08,1.0,1.0,,,,,,
q,overlap_dual,15,0.3739780323104254,50.0,,0.0,,0.5,500,1.937316445044246e-07,1.937316445044246e-07,1.0,1.0,,,,,,
q,overlap_dual,8,0.0,50.0,,1e-05,,0.0,100,0.00029315143540153965,0.0002797456380732033,1.0,1.0,,,,,,
q,overlap_dual,8,0.0,50.0,,1e-05,,0.0,500,0.0039151044661742684,0.0035510232987563395,1.0,1.0,,,,,,
q,overlap_dual,9,0.0,50.0,,1e-05,,0.0,100,0.0008926453689425129,0.0008147405749312497,1.0,1.0,,,,,,
q,overlap_dual,9,0.0,50.0,,1e-05,,0.0,500,0.0020745604871998946,0.0017116948671718202,1.0,1.0,,,,,,
q,overlap_dual,10,0.0,50.0,,1e-05,,0.0,100,0.0005026737995737976,0.00042114247357285796,1.0,1.0,,,,,,
q,overlap_dual,10,0.0,50.0,,1e-05,,0.0,500,0.0012568934005634524,0.0007397360916301388,1.0,1.0,,,,,,
q,overlap_dual,11,0.0,50.0,,1e-05,,0.0,100,0.00035920949789680634,0.00030855544230445897,1.0,1.0,,,,,,
q,overlap_dual,11,0.0,50.0,,1e-05,,0.0,500,0.001723600774848233,0.0016994245238708405,1.0,1.0,,,,,,
q,overlap_dual,0,0.0,50.0,,1e-05,,0.0,100,0.00042986881227702334,0.00040760054415822644,1.0,1.0,,,,,,
q,overlap_dual,0,0.0,50.0,,1e-05,,0.0,500,0.0016011159027693456,0.0013344562978374608,1.0,1.0,,,,,,
q,overlap_dual,1,0.0,50.0,,1e-05,,0.0,100,0.0005980573206181283,0.0005980573206181283,1.0,1.0,,,,,,
q,overlap_dual,1,0.0,50.0,,1e-05,,0.0,500,0.0037991530468883816,0.003790068241318334,1.0,1.0,,,,,,
q,overlap_dual,2,0.0,50.0,,1e-05,,0.0,100,0.0003898552732100047,0.0003201744673180795,1.0,1.0,,,,,,
q,overlap_dual,2,0.0,50.0,,1e-05,,0.0,500,0.0009681516583316396,0.0006777999724171258,1.0,1.0,,,,,,
q,overlap_dual,3,0.0,50.0,,1e-05,,0.0,100,0.00048170644656495346,0.0003689502891377146,1.0,1.0,,,,,,
q,overlap_dual,3,0.0,50.0,,1e-05,,0.0,500,0.001587922574019518,0.0015732593942614503,1.0,1.0,,,,,,
q,overlap_dual,4,0.0,50.0,,1e-05,,0.0,100,0.000303426742405577,0.0001490191835043439,1.0,1.0,,,,,,
q,overlap_dual,4,0.0,50.0,,1e-05,,0.0,500,0.0005109558626883448,0.0003054794243535497,1.0,1.0,,,,,,
q,overlap_dual,5,0.0,50.0,,1e-05,,0.0,100,0.0004069516038257004,0.0003660876832377036,1.0,1.0,,,,,,
q,overlap_dual,5,0.0,50.0,,1e-05,,0.0,500,0.001006220488450893,0.0006574768928619967,1.0,1.0,,,,,,
q,overlap_dual,6,0.0,50.0,,1e-05,,0.0,100,0.0005280683272657072,0.0005280683272657072,1.0,1.0,,,,,,
q,overlap_dual,6,0.0,50.0,,1e-05,,0.0,500,0.0028998222748413127,0.002836512595052465,1.0,1.0,,,,,,
q,overlap_dual,7,0.0,50.0,,1e-05,,0.0,100,0.00022631017736962633,0.0002165453967128972,1.0,1.0,,,,,,
q,overlap_dual,7,0.0,50.0,,1e-05,,0.0,500,0.000964930077383297,0.0005301481764043992,1.0,1.0,,,,,,
q,overlap_dual,0,0.007149915929460159,50.0,,1e-05,,0.01,100,0.00042812664800906397,0.00040608697238009306,1.0,1.0,,,,,,
q,overlap_dual,0,0.007149915929460159,50.0,,1e-05,,0.01,500,0.0016007725487161562,0.001334286001218321,1.0,1.0,,,,,,
q,overlap_dual,1,0.0076474998535643384,50.0,,1e-05,,0.01,100,0.0006020265412760573,0.0006020265412760573,1.0,1.0,,,,,,
q,overlap_dual,1,0.0076474998535643384,50.0,,1e-05,,0.01,500,0.0038358466046530815,0.003827596562974378,1.0,1.0,,,,,,
q,overlap_dual,2,0.007243030366964207,50.0,,1e-05,,0.01,100,0.0003886211831951314,0.0003201106525394237,1.0,1.0,,,,,,
q,overlap_dual,2,0.007243030366964207,50.0,,1e-05,,0.01,500,0.0009751522666967549,0.0006891376610264066,1.0,1.0,,,,,,
q,overlap_dual,3,0.00763898647642627,50.0,,1e-05,,0.01,100,0.0004827886021129245,0.00037014807578748555,1.0,1.0,,,,,,
q,overlap_dual,3,0.00763898647642627,50.0,,1e-05,,0.01,500,0.0015958112440951355,0.0015810417208215188,1.0,1.0,,,,,,
q,overlap_dual,16,0.0,50.0,,1e-05,,0.0,100,0.0004028403115823864,0.00036059174075991907,1.0,1.0,,,,,,
q,overlap_dual,16,0.0,50.0,,1e-05,,0.0,500,0.003494368173153184,0.003477867798610923,1.0,1.0,,,,,,
q,overlap_dual,17,0.0,50.0,,1e-05,,0.0,100,0.0004634799394438449,0.0004634799394438449,1.0,1.0,,,,,,
q,overlap_dual,17,0.0,50.0,,1e-05,,0.0,500,0.0037868982720272726,0.0037868982720272726,1.0,1.0,,,,,,
q,overlap_dual,18,0.0,50.0,,1e-05,,0.0,100,0.0005734038094324934,0.0004270674514792461,1.0,1.0,,,,,,
q,overlap_dual,18,0.0,50.0,,1e-05,,0.0,500,0.0020541154932880445,0.0020180279955583913,1.0,1.0,,,,,,
q,overlap_dual,19,0.0,50.0,,1e-05,,0.0,100,0.0003695007064555833,0.0003695007064555833,1.0,1.0,,,,,,
q,overlap_dual,19,0.0,50.0,,1e-05,,0.0,500,0.0030726684517143887,0.0029911571962433214,1.0,1.0,,,,,,
q,overlap_dual,12,0.0,50.0,,1e-05,,0.0,100,0.0006021422651961705,0.0006021422651961705,1.0,1.0,,,,,,
q,overlap_dual,12,0.0,50.0,,1e-05,,0.0,500,0.00495062280861025,0.0047839541633358795,1.0,1.0,,,,,,
q,overlap_dual,13,0.0,50.0,,1e-05,,0.0,100,0.0003780532842493911,0.00025584665716316124,1.0,1.0,,,,,,
q,overlap_dual,13,0.0,50.0,,1e-05,,0.0,500,0.002117457488448604,0.001676769641805187,1.0,1.0,,,,,,
q,overlap_dual,14,0.0,50.0,,1e-05,,0.0,100,0.0004576035651208399,0.00042721892330471745,1.0,1.0,,,,,,
q,overlap_dual,14,0.0,50.0,,1e-05,,0.0,500,0.0007607473885566929,0.0006705339318716641,1.0,1.0,,,,,,
q,overlap_dual,15,0.0,50.0,,1e-05,,0.0,100,0.0004123357371794423,0.0004123357371794423,1.0,1.0,,,,,,
q,overlap_dual,15,0.0,50.0,,1e-05,,0.0,500,0.0011830942270854017,0.0011830942270854017,1.0,1.0,,,,,,
q,overlap_dual,4,0.007420251554478778,50.0,,1e-05,,0.01,100,0.0003065232680484753,0.00014716236126681437,1.0,1.0,,,,,,
q,overlap_dual,4,0.007420251554478778,50.0,,1e-05,,0.01,500,0.0005123029935600876,0.0003113206255429546,1.0,1.0,,,,,,
q,overlap_dual,5,0.007303373985310291,50.0,,1e-05,,0.01,100,0.0004059132996581116,0.0003647690174911067,1.0,1.0,,,,,,
q,overlap_dual,5,0.007303373985310291,50.0,,1e-05,,0.01,500,0.0010198122037485824,0.0006698873228181412,1.0,1.0,,,,,,
q,overlap_dual,6,0.007258440292289803,50.0,,1e-05,,0.01,100,0.0005282778975497227,0.0005282778975497227,1.0,1.0,,,,,,
q,overlap_dual,6,0.007258440292289803,50.0,,1e-05,,0.01,500,0.002918475229974682,0.0028554086395873313,1.0,1.0,,,,,,
q,overlap_dual,7,0.007451542135550962,50.0,,1e-05,,0.01,100,0.00022997127712187648,0.00022040309304394157,1.0,1.0,,,,,,
q,overlap_dual,7,0.007451542135550962,50.0,,1e-05,,0.01,500,0.0009402600138290751,0.00050603604829913,1.0,1.0,,,,,,
q,overlap_dual,4,0.022260754663436334,50.0,,1e-05,,0.03,100,0.0003127226120601678,0.00014359031453174687,1.0,1.0,,,,,,
q,overlap_dual,4,0.022260754663436334,50.0,,1e-05,,0.03,500,0.0005151663942366547,0.00032289758574011174,1.0,1.0,,,,,,
q,overlap_dual,5,0.02191012195593087,50.0,,1e-05,,0.03,100,0.00040406422823308086,0.0003623527675934435,1.0,1.0,,,,,,
q,overlap_dual,5,0.02191012195593087,50.0,,1e-05,,0.03,500,0.001046877441864158,0.0006944849353285321,1.0,1.0,,,,,,
q,overlap_dual,6,0.021775320876869408,50.0,,1e-05,,0.03,100,0.0005289204107590262,0.0005289204107590262,1.0,1.0,,,,,,
q,overlap_dual,6,0.021775320876869408,50.0,,1e-05,,0.03,500,0.0029562900687949423,0.0028936718792955674,1.0,1.0,,,,,,
q,overlap_dual,7,0.02235462640665288,50.0,,1e-05,,0.03,100,0.00023724280854930946,0.00022805546845727775,1.0,1.0,,,,,,
q,overlap_dual,7,0.02235462640665288,50.0,,1e-05,,0.03,500,0.0008923552215982511,0.00045903326586138604,1.0,1.0,,,,,,
q,overlap_dual,8,0.023753498792135293,50.0,,1e-05,,0.03,100,0.00029848274816202114,0.0002919524275494245,1.0,1.0,,,,,,
q,overlap_dual,8,0.023753498792135293,50.0,,1e-05,,0.03,500,0.003922799867742466,0.0035603055491764124,1.0,1.0,,,,,,
q,overlap_dual,9,0.02324532024646327,50.0,,1e-05,,0.03,100,0.000896507644322253,0.0008173345166900825,1.0,1.0,,,,,,
q,overlap_dual,9,0.02324532024646327,50.0,,1e-05,,0.03,500,0.002116634202593115,0.0017771404772455313,1.0,1.0,,,,,,
q,overlap_dual,10,0.024474005311235093,50.0,,1e-05,,0.03,100,0.0005000827693456503,0.0004188294878496314,1.0,1.0,,,,,,
q,overlap_dual,10,0.024474005311235093,50.0,,1e-05,,0.03,500,0.001249483586968303,0.0007335676860424911,1.0,1.0,,,,,,
q,overlap_dual,11,0.023581854934642175,50.0,,1e-05,,0.03,100,0.00036146893715927053,0.00030861812281746115,1.0,1.0,,,,,,
q,overlap_dual,11,0.023581854934642175,50.0,,1e-05,,0.03,500,0.0017739969881522821,0.0017500671909074228,1.0,1.0,,,,,,
q,overlap_dual,16,0.006471129177796499,50.0,,1e-05,,0.01,100,0.0004040002622568428,0.0003618060658993061,1.0,1.0,,,,,,
q,overlap_dual,16,0.006471129177796499,50.0,,1e-05,,0.01,500,0.0034730370490096973,0.0034576250411135767,1.0,1.0,,,,,,
q,overlap_dual,17,0.0068023885942039685,50.0,,1e-05,,0.01,100,0.0004607280898596411,0.0004607280898596411,1.0,1.0,,,,,,
q,overlap_dual,17,0.0068023885942039685,50.0,,1e-05,,0.01,500,0.0038032252245630005,0.0038032252245630005,1.0,1.0,,,,,,
q,overlap_dual,18,0.0073061725894156,50.0,,1e-05,,0.01,100,0.0005755299712391082,0.0004287683263639597,1.0,1.0,,,,,,
q,overlap_dual,18,0.0073061725894156,50.0,,1e-05,,0.01,500,0.0020556496078012465,0.0020192598189194833,1.0,1.0,,,,,,
q,overlap_dual,19,0.0074312270844230505,50.0,,1e-05,,0.01,100,0.0003703850105539752,0.0003703850105539752,1.0,1.0,,,,,,
q,overlap_dual,19,0.0074312270844230505,50.0,,1e-05,,0.01,500,0.003043794958835111,0.00296196571366103,1.0,1.0,,,,,,
q,overlap_dual,0,0.021449747788380477,50.0,,1e-05,,0.03,100,0.00042490257861760306,0.00040330093408891265,1.0,1.0,,,,,,
q,overlap_dual,0,0.021449747788380477,50.0,,1e-05,,0.03,500,0.001600803267584272,0.0013345386233341028,1.0,1.0,,,,,,
q,overlap_dual,1,0.02294249956069301,50.0,,1e-05,,0.03,100,0.0006100648457618707,0.0006100648457618707,1.0,1.0,,,,,,
q,overlap_dual,1,0.02294249956069301,50.0,,1e-05,,0.03,500,0.00390939830440562,0.003902779676887569,1.0,1.0,,,,,,
q,overlap_dual,2,0.02172909110089262,50.0,,1e-05,,0.03,100,0.000386374834115466,0.0003201262623384604,1.0,1.0,,,,,,
q,overlap_dual,2,0.02172909110089262,50.0,,1e-05,,0.03,500,0.0009892917199778584,0.0007116459729025193,1.0,1.0,,,,,,
q,overlap_dual,3,0.022916959429278815,50.0,,1e-05,,0.03,100,0.0004851201494989765,0.0003726566116074715,1.0,1.0,,,,,,
q,overlap_dual,3,0.022916959429278815,50.0,,1e-05,,0.03,500,0.0016119626859419922,0.0015969784092445538,1.0,1.0,,,,,,
q,overlap_dual,12,0.0076018995832860484,50.0,,1e-05,,0.01,100,0.0006028248479171827,0.0006028248479171827,1.0,1.0,,,,,,
q,overlap_dual,12,0.0076018995832860484,50.0,,1e-05,,0.01,500,0.004958973661296495,0.004791988483846987,1.0,1.0,,,,,,
q,overlap_dual,13,0.008298214379709878,50.0,,1e-05,,0.01,100,0.00037838688253538644,0.0002541921876217934,1.0,1.0,,,,,,
q,overlap_dual,13,0.008298214379709878,50.0,,1e-05,,0.01,500,0.0020935362282985537,0.0016521672725575698,1.0,1.0,,,,,,
q,overlap_dual,14,0.006645760656060303,50.0,,1e-05,,0.01,100,0.00045779286635924676,0.0004279624429737172,1.0,1.0,,,,,,
q,overlap_dual,14,0.006645760656060303,50.0,,1e-05,,0.01,500,0.0007580851585443638,0.0006670294008138677,1.0,1.0,,,,,,
q,overlap_dual,15,0.007479560646208507,50.0,,1e-05,,0.01,100,0.00041046938456915094,0.00041046938456915094,1.0,1.0,,,,,,
q,overlap_dual,15,0.007479560646208507,50.0,,1e-05,,0.01,500,0.0011497876733179702,0.0011497876733179702,1.0,1.0,,,,,,
q,overlap_dual,8,0.007917832930711764,50.0,,1e-05,,0.01,100,0.0002949096344863067,0.0002838294096938476,1.0,1.0,,,,,,
q,overlap_dual,8,0.007917832930711764,50.0,,1e-05,,0.01,500,0.003917123952654977,0.0035536331037862023,1.0,1.0,,,,,,
q,overlap_dual,9,0.007748440082154424,50.0,,1e-05,,0.01,100,0.0008938165736068759,0.0008154947080309949,1.0,1.0,,,,,,
q,overlap_dual,9,0.007748440082154424,50.0,,1e-05,,0.01,500,0.0020849515917709116,0.0017335579099790888,1.0,1.0,,,,,,
q,overlap_dual,10,0.008158001770411698,50.0,,1e-05,,0.01,100,0.0005017235277158842,0.0004202982698020575,1.0,1.0,,,,,,
q,overlap_dual,10,0.008158001770411698,50.0,,1e-05,,0.01,500,0.0012542020736088233,0.000737540951079918,1.0,1.0,,,,,,
q,overlap_dual,11,0.007860618311547392,50.0,,1e-05,,0.01,100,0.00035991976440730156,0.0003085308217524174,1.0,1.0,,,,,,
q,overlap_dual,11,0.007860618311547392,50.0,,1e-05,,0.01,500,0.00174037643527436,0.0017162870618832038,1.0,1.0,,,,,,
q,overlap_dual,12,0.022805698749858144,50.0,,1e-05,,0.03,100,0.0006044264706748237,0.0006044264706748237,1.0,1.0,,,,,,
q,overlap_dual,12,0.022805698749858144,50.0,,1e-05,,0.03,500,0.004977507292763583,0.004809828929270399,1.0,1.0,,,,,,
q,overlap_dual,13,0.024894643139129636,50.0,,1e-05,,0.03,100,0.0003792064912593318,0.0002510634765779951,1.0,1.0,,,,,,
q,overlap_dual,13,0.024894643139129636,50.0,,1e-05,,0.03,500,0.002047604476690612,0.0016047077289145228,1.0,1.0,,,,,,
q,overlap_dual,14,0.019937281968180908,50.0,,1e-05,,0.03,100,0.00045836470950263997,0.0004296066625334438,1.0,1.0,,,,,,
q,overlap_dual,14,0.019937281968180908,50.0,,1e-05,,0.03,500,0.0007532039727877748,0.0006604585177566458,1.0,1.0,,,,,,
q,overlap_dual,15,0.022438681938625523,50.0,,1e-05,,0.03,100,0.00040699432962321147,0.00040699432962321147,1.0,1.0,,,,,,
q,overlap_dual,15,0.022438681938625523,50.0,,1e-05,,0.03,500,0.001085059934220478,0.001085059934220478,1.0,1.0,,,,,,
q,overlap_dual,16,0.019413387533389493,50.0,,1e-05,,0.03,100,0.0004064495599713225,0.0003643433224272963,1.0,1.0,,,,,,
q,overlap_dual,16,0.019413387533389493,50.0,,1e-05,,0.03,500,0.0034327845751245256,0.0034194974776404763,1.0,1.0,,,,,,
q,overlap_dual,17,0.0204071657826119,50.0,,1e-05,,0.03,100,0.00045554082054743983,0.00045554082054743983,1.0,1.0,,,,,,
q,overlap_dual,17,0.0204071657826119,50.0,,1e-05,,0.03,500,0.0038368734561773365,0.0038368734561773365,1.0,1.0,,,,,,
q,overlap_dual,18,0.021918517768246798,50.0,,1e-05,,0.03,100,0.0005799470298260001,0.0004322879662703727,1.0,1.0,,,,,,
q,overlap_dual,18,0.021918517768246798,50.0,,1e-05,,0.03,500,0.002059557109859611,0.002022559274996727,1.0,1.0,,,,,,
q,overlap_dual,19,0.022293681253269144,50.0,,1e-05,,0.03,100,0.00037424022052923167,0.0003722799003542665,1.0,1.0,,,,,,
q,overlap_dual,19,0.022293681253269144,50.0,,1e-05,,0.03,500,0.002988581623053488,0.00290609366490191,1.0,1.0,,,,,,
q,overlap_dual,0,0.0714991592946016,50.0,,1e-05,,0.1,100,0.0004160596617235335,0.00039581882188266526,1.0,1.0,,,,,,
q,overlap_dual,0,0.0714991592946016,50.0,,1e-05,,0.1,500,0.0016079678387951324,0.0013412663740747233,1.0,1.0,,,,,,
q,overlap_dual,1,0.07647499853564337,50.0,,1e-05,,0.1,100,0.0006394760993209125,0.0006394760993209125,1.0,1.0,,,,,,
q,overlap_dual,1,0.07647499853564337,50.0,,1e-05,,0.1,500,0.004171147532483932,0.00416992395440996,1.0,1.0,,,,,,
q,overlap_dual,2,0.07243030366964208,50.0,,1e-05,,0.1,100,0.00038061188163279747,0.0003215902404581361,1.0,1.0,,,,,,
q,overlap_dual,2,0.07243030366964208,50.0,,1e-05,,0.1,500,0.0010406583426643135,0.000789608101214534,1.0,1.0,,,,,,
q,overlap_dual,3,0.0763898647642627,50.0,,1e-05,,0.1,100,0.0004950109235702231,0.0003826395590520251,1.0,1.0,,,,,,
q,overlap_dual,3,0.0763898647642627,50.0,,1e-05,,0.1,500,0.001672764881086919,0.0016570007715601687,1.0,1.0,,,,,,
q,overlap_dual,4,0.0742025155447878,50.0,,1e-05,,0.1,100,0.00033470974514038243,0.00016515708141917607,1.0,1.0,,,,,,
q,overlap_dual,4,0.0742025155447878,50.0,,1e-05,,0.1,500,0.0005269569085002423,0.00036280485262629725,1.0,1.0,,,,,,
q,overlap_dual,5,0.07303373985310291,50.0,,1e-05,,0.1,100,0.00039968035629400767,0.00035589946507835757,1.0,1.0,,,,,,
q,overlap_dual,5,0.07303373985310291,50.0,,1e-05,,0.1,500,0.0011414681889831968,0.0007793188861393574,1.0,1.0,,,,,,
q,overlap_dual,6,0.07258440292289806,50.0,,1e-05,,0.1,100,0.0005333896754693424,0.0005333896754693424,1.0,1.0,,,,,,
q,overlap_dual,6,0.07258440292289806,50.0,,1e-05,,0.1,500,0.0030950352850380725,0.0030336314082166638,1.0,1.0,,,,,,
q,overlap_dual,7,0.07451542135550963,50.0,,1e-05,,0.1,100,0.0002624617272539709,0.00025449986614334286,1.0,1.0,,,,,,
q,overlap_dual,7,0.07451542135550963,50.0,,1e-05,,0.1,500,0.0007370468388558926,0.000663184161495245,1.0,1.0,,,,,,
q,overlap_dual,8,0.07917832930711764,50.0,,1e-05,,0.1,100,0.0003202432315209114,0.0003202432315209114,1.0,1.0,,,,,,
q,overlap_dual,8,0.07917832930711764,50.0,,1e-05,,0.1,500,0.003958973306666058,0.003598192705161374,1.0,1.0,,,,,,
q,overlap_dual,9,0.07748440082154424,50.0,,1e-05,,0.1,100,0.0009094542705815334,0.0008271021173482662,1.0,1.0,,,,,,
q,overlap_dual,9,0.07748440082154424,50.0,,1e-05,,0.1,500,0.0022312992273669785,0.001929867675901198,1.0,1.0,,,,,,
q,overlap_dual,10,0.08158001770411699,50.0,,1e-05,,0.1,100,0.0004968349086599474,0.00041579488598804837,1.0,1.0,,,,,,
q,overlap_dual,10,0.08158001770411699,50.0,,1e-05,,0.1,500,0.0012393278077680314,0.0007236168283557554,1.0,1.0,,,,,,
q,overlap_dual,11,0.07860618311547392,50.0,,1e-05,,0.1,100,0.00036821307649159696,0.0003102697811902533,1.0,1.0,,,,,,
q,overlap_dual,11,0.07860618311547392,50.0,,1e-05,,0.1,500,0.0018935837540356992,0.0018700788859593587,1.0,1.0,,,,,,
q,overlap_dual,12,0.0760189958328605,50.0,,1e-05,,0.1,100,0.0006124165107735946,0.0006124165107735946,1.0,1.0,,,,,,
q,overlap_dual,12,0.0760189958328605,50.0,,1e-05,,0.1,500,0.005061072215809315,0.004890351022554196,1.0,1.0,,,,,,
q,overlap_dual,13,0.0829821437970988,50.0,,1e-05,,0.1,100,0.0003836041565218329,0.0002417707094557464,1.0,1.0,,,,,,
q,overlap_dual,13,0.0829821437970988,50.0,,1e-05,,0.1,500,0.0019039503626054888,0.0014691648108065003,1.0,1.0,,,,,,
q,overlap_dual,14,0.06645760656060302,50.0,,1e-05,,0.1,100,0.0004622876850238211,0.0004369676611952755,1.0,1.0,,,,,,
q,overlap_dual,14,0.06645760656060302,50.0,,1e-05,,0.1,500,0.0007403002884470711,0.0006415287433666483,1.0,1.0,,,,,,
q,overlap_dual,15,0.07479560646208509,50.0,,1e-05,,0.1,100,0.0003972380912385387,0.0003972380912385387,1.0,1.0,,,,,,
q,overlap_dual,15,0.07479560646208509,50.0,,1e-05,,0.1,500,0.0010461958891543333,0.0008746798602179418,1.0,1.0,,,,,,
q,overlap_dual,0,0.1429983185892032,50.0,,1e-05,,0.2,100,0.0004089940056650754,0.0003903424060702765,1.0,1.0,,,,,,
q,overlap_dual,0,0.1429983185892032,50.0,,1e-05,,0.2,500,0.0016366853915411594,0.0013656477219854413,1.0,1.0,,,,,,
q,overlap_dual,1,0.15294999707128673,50.0,,1e-05,,0.2,100,0.0006861675420446467,0.0006861675420446467,1.0,1.0,,,,,,
q,overlap_dual,1,0.15294999707128673,50.0,,1e-05,,0.2,500,0.004575276471983969,0.004575276471983969,1.0,1.0,,,,,,
q,overlap_dual,2,0.14486060733928416,50.0,,1e-05,,0.2,100,0.0003772615148748826,0.0003272356954544253,1.0,1.0,,,,,,
q,overlap_dual,2,0.14486060733928416,50.0,,1e-05,,0.2,500,0.0011213360231275837,0.0009030045116791285,1.0,1.0,,,,,,
q,overlap_dual,3,0.1527797295285254,50.0,,1e-05,,0.2,100,0.0005139234179063847,0.00040038718751243845,1.0,1.0,,,,,,
q,overlap_dual,3,0.1527797295285254,50.0,,1e-05,,0.2,500,0.0017733181917934937,0.0017563301092882178,1.0,1.0,,,,,,
q,overlap_dual,4,0.1484050310895756,50.0,,1e-05,,0.2,100,0.0003679730774536205,0.00020428158752494596,1.0,1.0,,,,,,
q,overlap_dual,4,0.1484050310895756,50.0,,1e-05,,0.2,500,0.0005600888231502843,0.00042037174210118877,1.0,1.0,,,,,,
q,overlap_dual,5,0.14606747970620582,50.0,,1e-05,,0.2,100,0.0003983976322511351,0.0003513451608197493,1.0,1.0,,,,,,
q,overlap_dual,5,0.14606747970620582,50.0,,1e-05,,0.2,500,0.0012811366278207004,0.0009017768329369069,1.0,1.0,,,,,,
q,overlap_dual,6,0.1451688058457961,50.0,,1e-05,,0.2,100,0.0005454859001647883,0.0005454859001647883,1.0,1.0,,,,,,
q,overlap_dual,6,0.1451688058457961,50.0,,1e-05,,0.2,500,0.003316207767531054,0.0032557251646134766,1.0,1.0,,,,,,
q,overlap_dual,7,0.14903084271101927,50.0,,1e-05,,0.2,100,0.0002992238134442715,0.0002928108750697156,1.0,1.0,,,,,,
q,overlap_dual,7,0.14903084271101927,50.0,,1e-05,,0.2,500,0.0011023100221998483,0.0010746484175832016,1.0,1.0,,,,,,
q,overlap_dual,12,0.152037991665721,50.0,,1e-05,,0.2,100,0.000630129230319354,0.000630129230319354,1.0,1.0,,,,,,
q,overlap_dual,12,0.152037991665721,50.0,,1e-05,,0.2,500,0.005230922484306788,0.005054175207270806,1.0,1.0,,,,,,
q,overlap_dual,13,0.1659642875941976,50.0,,1e-05,,0.2,100,0.0003938878287452763,0.00023652126151496589,1.0,1.0,,,,,,
q,overlap_dual,13,0.1659642875941976,50.0,,1e-05,,0.2,500,0.0017335105053324362,0.0013492019042504744,1.0,1.0,,,,,,
q,overlap_dual,14,0.13291521312120605,50.0,,1e-05,,0.2,100,0.0004728374167692617,0.00045182880957772564,1.0,1.0,,,,,,
q,overlap_dual,14,0.13291521312120605,50.0,,1e-05,,0.2,500,0.0007315153395872631,0.0006814549549214455,1.0,1.0,,,,,,
q,overlap_dual,15,0.14959121292417019,50.0,,1e-05,,0.2,100,0.00038873431964622784,0.00038873431964622784,1.0,1.0,,,,,,
q,overlap_dual,15,0.14959121292417019,50.0,,1e-05,,0.2,500,0.0012051442432295945,0.0006031399158166195,1.0,1.0,,,,,,
q,overlap_dual,16,0.12942258355592998,50.0,,1e-05,,0.2,100,0.0004354705051455299,0.0003921163686253504,1.0,1.0,,,,,,
q,overlap_dual,16,0.12942258355592998,50.0,,1e-05,,0.2,500,0.003202041443289172,0.0031963305404882902,1.0,1.0,,,,,,
q,overlap_dual,17,0.13604777188407938,50.0,,1e-05,,0.2,100,0.0004249662008720123,0.0004249662008720123,1.0,1.0,,,,,,
q,overlap_dual,17,0.13604777188407938,50.0,,1e-05,,0.2,500,0.004183486125428626,0.004183486125428626,1.0,1.0,,,,,,
q,overlap_dual,18,0.146123451788312,50.0,,1e-05,,0.2,100,0.0006271122347842883,0.00046921970061997165,1.0,1.0,,,,,,
q,overlap_dual,18,0.146123451788312,50.0,,1e-05,,0.2,500,0.0021350347621948984,0.0020924792244105817,1.0,1.0,,,,,,
q,overlap_dual,19,0.148624541688461,50.0,,1e-05,,0.2,100,0.0004133913470591999,0.0003952200209811352,1.0,1.0,,,,,,
q,overlap_dual,19,0.148624541688461,50.0,,1e-05,,0.2,500,0.0026225355804379014,0.0025331026742949625,1.0,1.0,,,,,,
q,overlap_dual,16,0.06471129177796499,50.0,,1e-05,,0.1,100,0.0004163846167267171,0.00037438499508785084,1.0,1.0,,,,,,
q,overlap_dual,16,0.06471129177796499,50.0,,1e-05,,0.1,500,0.0033141237139955315,0.0033078420795238372,1.0,1.0,,,,,,
q,overlap_dual,17,0.06802388594203969,50.0,,1e-05,,0.1,100,0.00044030708183739886,0.00044030708183739886,1.0,1.0,,,,,,
q,overlap_dual,17,0.06802388594203969,50.0,,1e-05,,0.1,500,0.003965656551101038,0.003965656551101038,1.0,1.0,,,,,,
q,overlap_dual,18,0.073061725894156,50.0,,1e-05,,0.1,100,0.0005971890318305917,0.0004458953513952757,1.0,1.0,,,,,,
q,overlap_dual,18,0.073061725894156,50.0,,1e-05,,0.1,500,0.002081631157245134,0.002042448770776417,1.0,1.0,,,,,,
q,overlap_dual,19,0.0743122708442305,50.0,,1e-05,,0.1,100,0.0003890731063140862,0.00038022356177658256,1.0,1.0,,,,,,
q,overlap_dual,19,0.0743122708442305,50.0,,1e-05,,0.1,500,0.0028182269010774696,0.002733185633446489,1.0,1.0,,,,,,
q,overlap_dual,8,0.15835665861423528,50.0,,1e-05,,0.2,100,0.00036177918289004296,0.00036177918289004296,1.0,1.0,,,,,,
q,overlap_dual,8,0.15835665861423528,50.0,,1e-05,,0.2,500,0.004052770426058228,0.0036901481735018837,1.0,1.0,,,,,,
q,overlap_dual,9,0.1549688016430885,50.0,,1e-05,,0.2,100,0.0009373268438422899,0.0008497759418706341,1.0,1.0,,,,,,
q,overlap_dual,9,0.1549688016430885,50.0,,1e-05,,0.2,500,0.002410364714747759,0.002156425129038242,1.0,1.0,,,,,,
q,overlap_dual,10,0.16316003540823398,50.0,,1e-05,,0.2,100,0.0004981840370307396,0.0004165005298236799,1.0,1.0,,,,,,
q,overlap_dual,10,0.16316003540823398,50.0,,1e-05,,0.2,500,0.0012408048392678062,0.000718648251527565,1.0,1.0,,,,,,
q,overlap_dual,11,0.15721236623094784,50.0,,1e-05,,0.2,100,0.0003814595888883554,0.0003160369909776528,1.0,1.0,,,,,,
q,overlap_dual,11,0.15721236623094784,50.0,,1e-05,,0.2,500,0.002075341569264477,0.002052136095461732,1.0,1.0,,,,,,
q,overlap_dual,0,0.21449747788380477,50.0,,1e-05,,0.3,100,0.0004075946605579528,0.0003902410157028413,1.0,1.0,,,,,,
q,overlap_dual,0,0.21449747788380477,50.0,,1e-05,,0.3,500,0.0016869700205991434,0.0014076638933437913,1.0,1.0,,,,,,
q,overlap_dual,1,0.22942499560693014,50.0,,1e-05,,0.3,100,0.0007407891676420864,0.0007407891676420864,1.0,1.0,,,,,,
q,overlap_dual,1,0.22942499560693014,50.0,,1e-05,,0.3,500,0.0050310194390372764,0.0050310194390372764,1.0,1.0,,,,,,
q,overlap_dual,2,0.21729091100892622,50.0,,1e-05,,0.3,100,0.00037848272766366486,0.00033654169290059377,1.0,1.0,,,,,,
q,overlap_dual,2,0.21729091100892622,50.0,,1e-05,,0.3,500,0.0012144884343024964,0.001025114179451947,1.0,1.0,,,,,,
q,overlap_dual,3,0.2291695942927881,50.0,,1e-05,,0.3,100,0.0005392093041851493,0.00042301938720721357,1.0,1.0,,,,,,
q,overlap_dual,3,0.2291695942927881,50.0,,1e-05,,0.3,500,0.0018949162486949778,0.0018765102361920638,1.0,1.0,,,,,,
q,overlap_dual,4,0.22260754663436333,50.0,,1e-05,,0.3,100,0.00040528259598127114,0.0002451003805215013,1.0,1.0,,,,,,
q,overlap_dual,4,0.22260754663436333,50.0,,1e-05,,0.3,500,0.0006436960493161337,0.0004820155206983756,1.0,1.0,,,,,,
q,overlap_dual,5,0.21910121955930872,50.0,,1e-05,,0.3,100,0.0004024864985148757,0.0003516202789650147,1.0,1.0,,,,,,
q,overlap_dual,5,0.21910121955930872,50.0,,1e-05,,0.3,500,0.0014341911951181174,0.0010330029302361154,1.0,1.0,,,,,,
q,overlap_dual,6,0.2177532087686941,50.0,,1e-05,,0.3,100,0.0005645606715651841,0.0005645606715651841,1.0,1.0,,,,,,
q,overlap_dual,6,0.2177532087686941,50.0,,1e-05,,0.3,500,0.003575841869873475,0.0035154460404096532,1.0,1.0,,,,,,
q,overlap_dual,7,0.22354626406652878,50.0,,1e-05,,0.3,100,0.00033900660814989436,0.0003340152369915028,1.0,1.0,,,,,,
q,overlap_dual,7,0.22354626406652878,50.0,,1e-05,,0.3,500,0.001516625205397304,0.0014894633731961093,1.0,1.0,,,,,,
q,overlap_dual,12,0.22805698749858141,50.0,,1e-05,,0.3,100,0.0006558010468713515,0.0006558010468713515,1.0,1.0,,,,,,
q,overlap_dual,12,0.22805698749858141,50.0,,1e-05,,0.3,500,0.005466234580416396,0.005281261431141715,1.0,1.0,,,,,,
q,overlap_dual,13,0.24894643139129632,50.0,,1e-05,,0.3,100,0.0004091693776671623,0.0002453195205375236,1.0,1.0,,,,,,
q,overlap_dual,13,0.24894643139129632,50.0,,1e-05,,0.3,500,0.001590851440928187,0.0012505206678765646,1.0,1.0,,,,,,
q,overlap_dual,14,0.19937281968180906,50.0,,1e-05,,0.3,100,0.0004894342691823539,0.00047234051360284246,1.0,1.0,,,,,,
q,overlap_dual,14,0.19937281968180906,50.0,,1e-05,,0.3,500,0.0007830548196480214,0.0007785286316079887,1.0,1.0,,,,,,
q,overlap_dual,15,0.2243868193862552,50.0,,1e-05,,0.3,100,0.0003856631138363098,0.0003856631138363098,1.0,1.0,,,,,,
q,overlap_dual,15,0.2243868193862552,50.0,,1e-05,,0.3,500,0.001375966609633461,0.0005576024131427326,1.0,1.0,,,,,,
q,overlap_dual,8,0.23753498792135286,50.0,,1e-05,,0.3,100,0.0004070455199874923,0.0004070455199874923,1.0,1.0,,,,,,
q,overlap_dual,8,0.23753498792135286,50.0,,1e-05,,0.3,500,0.004198309004990408,0.003829040329933475,1.0,1.0,,,,,,
q,overlap_dual,9,0.2324532024646327,50.0,,1e-05,,0.3,100,0.0009771403831351222,0.0008833581528245871,1.0,1.0,,,,,,
q,overlap_dual,9,0.2324532024646327,50.0,,1e-05,,0.3,500,0.0026169212968714106,0.002405806851284442,1.0,1.0,,,,,,
q,overlap_dual,10,0.24474005311235095,50.0,,1e-05,,0.3,100,0.0005061674149958805,0.00042276425043158585,1.0,1.0,,,,,,
q,overlap_dual,10,0.24474005311235095,50.0,,1e-05,,0.3,500,0.0012615486672626908,0.0007234977595804715,1.0,1.0,,,,,,
q,overlap_dual,11,0.23581854934642174,50.0,,1e-05,,0.3,100,0.0003994566811684752,0.0003258803955898393,1.0,1.0,,,,,,
q,overlap_dual,11,0.23581854934642174,50.0,,1e-05,,0.3,500,0.0022800042983710522,0.0022567797125339073,1.0,1.0,,,,,,
q,overlap_dual,16,0.1941338753338949,50.0,,1e-05,,0.3,100,0.0004626194066036371,0.00041462169408174043,1.0,1.0,,,,,,
q,overlap_dual,16,0.1941338753338949,50.0,,1e-05,,0.3,500,0.00313812190795959,0.0031306107399382554,1.0,1.0,,,,,,
q,overlap_dual,17,0.204071657826119,50.0,,1e-05,,0.3,100,0.0004157265730933557,0.0004157265730933557,1.0,1.0,,,,,,
q,overlap_dual,17,0.204071657826119,50.0,,1e-05,,0.3,500,0.004451490241602851,0.004451490241602851,1.0,1.0,,,,,,
q,overlap_dual,18,0.21918517768246798,50.0,,1e-05,,0.3,100,0.0006646296065362378,0.000498201466720527,1.0,1.0,,,,,,
q,overlap_dual,18,0.21918517768246798,50.0,,1e-05,,0.3,500,0.0022155868107094356,0.002169178557328344,1.0,1.0,,,,,,
q,overlap_dual,19,0.2229368125326915,50.0,,1e-05,,0.3,100,0.0004425987730249936,0.0004151125416296253,1.0,1.0,,,,,,
q,overlap_dual,19,0.2229368125326915,50.0,,1e-05,,0.3,500,0.0024672064688289197,0.0023723027949063002,1.0,1.0,,,,,,
q,overlap_dual,0,0.35749579647300794,50.0,,1e-05,,0.5,100,0.00042235479444796553,0.00040704639560518174,1.0,1.0,,,,,,
q,overlap_dual,0,0.35749579647300794,50.0,,1e-05,,0.5,500,0.0018692540381421985,0.001559891528363333,1.0,1.0,,,,,,
q,overlap_dual,1,0.38237499267821684,50.0,,1e-05,,0.5,100,0.0008911435057765704,0.0008911435057765704,1.0,1.0,,,,,,
q,overlap_dual,1,0.38237499267821684,50.0,,1e-05,,0.5,500,0.006235518080677238,0.006235518080677238,1.0,1.0,,,,,,
q,overlap_dual,2,0.36215151834821036,50.0,,1e-05,,0.5,100,0.0004359936153003849,0.0003724684042628046,1.0,1.0,,,,,,
q,overlap_dual,2,0.36215151834821036,50.0,,1e-05,,0.5,500,0.0015291690139762615,0.00133441391747946,1.0,1.0,,,,,,
q,overlap_dual,3,0.38194932382131347,50.0,,1e-05,,0.5,100,0.0006173866678621774,0.0004903913858679078,1.0,1.0,,,,,,
q,overlap_dual,3,0.38194932382131347,50.0,,1e-05,,0.5,500,0.002240398707293312,0.0022181281396851382,1.0,1.0,,,,,,
q,overlap_dual,4,0.37101257772393886,50.0,,1e-05,,0.5,100,0.0005035663312561445,0.00034398543650659974,1.0,1.0,,,,,,
q,overlap_dual,4,0.37101257772393886,50.0,,1e-05,,0.5,500,0.0008524642328766596,0.0006362613682799889,1.0,1.0,,,,,,
q,overlap_dual,5,0.3651686992655145,50.0,,1e-05,,0.5,100,0.00042889915872179607,0.00038421495829137726,1.0,1.0,,,,,,
q,overlap_dual,5,0.3651686992655145,50.0,,1e-05,,0.5,500,0.001827478915703562,0.001361606234459245,1.0,1.0,,,,,,
q,overlap_dual,6,0.3629220146144902,50.0,,1e-05,,0.5,100,0.0006304198495403757,0.0006304198495403757,1.0,1.0,,,,,,
q,overlap_dual,6,0.3629220146144902,50.0,,1e-05,,0.5,500,0.0042929752123641585,0.00423013116973614,1.0,1.0,,,,,,
q,overlap_dual,7,0.37257710677754813,50.0,,1e-05,,0.5,100,0.00043977901628888816,0.00043764227902243213,1.0,1.0,,,,,,
q,overlap_dual,7,0.37257710677754813,50.0,,1e-05,,0.5,500,0.002478199016595628,0.0024509323237560388,1.0,1.0,,,,,,
q,overlap_dual,8,0.39589164653558817,50.0,,1e-05,,0.5,100,0.0005226390195256503,0.0005226390195256503,1.0,1.0,,,,,,
q,overlap_dual,8,0.39589164653558817,50.0,,1e-05,,0.5,500,0.004696040711956506,0.004296296011750522,1.0,1.0,,,,,,
q,overlap_dual,9,0.3874220041077212,50.0,,1e-05,,0.5,100,0.0011062811391385763,0.0009949402469798807,1.0,1.0,,,,,,
q,overlap_dual,9,0.3874220041077212,50.0,,1e-05,,0.5,500,0.0032301876150993003,0.0030498421422755495,1.0,1.0,,,,,,
q,overlap_dual,10,0.4079000885205849,50.0,,1e-05,,0.5,100,0.0005455123773079463,0.0004547539106664208,1.0,1.0,,,,,,
q,overlap_dual,10,0.4079000885205849,50.0,,1e-05,,0.5,500,0.0013633089889575345,0.0007657581834394911,1.0,1.0,,,,,,
q,overlap_dual,11,0.3930309155773696,50.0,,1e-05,,0.5,100,0.0004557772991643505,0.0003613730276142424,1.0,1.0,,,,,,
q,overlap_dual,11,0.3930309155773696,50.0,,1e-05,,0.5,500,0.0028217784143809155,0.0027975000175548548,1.0,1.0,,,,,,
q,overlap_dual,12,0.38009497916430235,50.0,,1e-05,,0.5,100,0.0007398979990060894,0.0007398979990060894,1.0,1.0,,,,,,
q,overlap_dual,12,0.38009497916430235,50.0,,1e-05,,0.5,500,0.0062132499742761915,0.006002449884478178,1.0,1.0,,,,,,
q,overlap_dual,13,0.41491071898549386,50.0,,1e-05,,0.5,100,0.0004600509387963081,0.0002750387675272692,1.0,1.0,,,,,,
q,overlap_dual,13,0.41491071898549386,50.0,,1e-05,,0.5,500,0.0013519811937734438,0.0010918374580226597,1.0,1.0,,,,,,
q,overlap_dual,14,0.33228803280301505,50.0,,1e-05,,0.5,100,0.0005466592132283565,0.0005372813914850116,1.0,1.0,,,,,,
q,overlap_dual,14,0.33228803280301505,50.0,,1e-05,,0.5,500,0.0010335212948493488,0.0010222861662168015,1.0,1.0,,,,,,
q,overlap_dual,15,0.3739780323104254,50.0,,1e-05,,0.5,100,0.00040451701219254566,0.00039585591055860125,1.0,1.0,,,,,,
q,overlap_dual,15,0.3739780323104254,50.0,,1e-05,,0.5,500,0.0018051939683979557,0.000845492218033872,1.0,1.0,,,,,,
q,overlap_dual,16,0.3235564588898249,50.0,,1e-05,,0.5,100,0.0005414790655953738,0.0004813515706074689,1.0,1.0,,,,,,
q,overlap_dual,16,0.3235564588898249,50.0,,1e-05,,0.5,500,0.003136958428189285,0.0031252270973496366,1.0,1.0,,,,,,
q,overlap_dual,17,0.34011942971019843,50.0,,1e-05,,0.5,100,0.0004885489668983186,0.0004139015596280604,1.0,1.0,,,,,,
q,overlap_dual,17,0.34011942971019843,50.0,,1e-05,,0.5,500,0.005224969341699914,0.005224969341699914,1.0,1.0,,,,,,
q,overlap_dual,18,0.36530862947077997,50.0,,1e-05,,0.5,100,0.0007747171776009143,0.0005825806120705046,1.0,1.0,,,,,,
q,overlap_dual,18,0.36530862947077997,50.0,,1e-05,,0.5,500,0.002486347912540765,0.002429586782852766,1.0,1.0,,,,,,
q,overlap_dual,19,0.3715613542211524,50.0,,1e-05,,0.5,100,0.0005251117596835053,0.00047631484024179827,1.0,1.0,,,,,,
q,overlap_dual,19,0.3715613542211524,50.0,,1e-05,,0.5,500,0.0024042960659622636,0.0021283646034175874,1.0,1.0,,,,,,
q,overlap_dual,4,0.0,50.0,,0.0001,,0.0,100,0.003028808128559768,0.0014915906394345133,1.0,1.0,,,,,,
q,overlap_dual,4,0.0,50.0,,0.0001,,0.0,500,0.005109300146964202,0.0030495139711739228,1.0,1.0,,,,,,
q,overlap_dual,5,0.0,50.0,,0.0001,,0.0,100,0.004073053923267844,0.003664231699399556,1.0,1.0,,,,,,
q,overlap_dual,5,0.0,50.0,,0.0001,,0.0,500,0.010053287011656309,0.0065632565752618,1.0,1.0,,,,,,
q,overlap_dual,6,0.0,50.0,,0.0001,,0.0,100,0.005277992761548722,0.005277992761548722,1.0,1.0,,,,,,
q,overlap_dual,6,0.0,50.0,,0.0001,,0.0,500,0.029006896652129743,0.0283735872572497,1.0,1.0,,,,,,
q,overlap_dual,7,0.0,50.0,,0.0001,,0.0,100,0.0022724784202190484,0.0021750828672519873,1.0,1.0,,,,,,
q,overlap_dual,7,0.0,50.0,,0.0001,,0.0,500,0.009644877412758213,0.005296628955000493,1.0,1.0,,,,,,
q,overlap_dual,0,0.0,50.0,,0.0001,,0.0,100,0.004296254503880492,0.004073574652933898,1.0,1.0,,,,,,
q,overlap_dual,0,0.0,50.0,,0.0001,,0.0,500,0.016006584797315426,0.013342827234538612,1.0,1.0,,,,,,
q,overlap_dual,1,0.0,50.0,,0.0001,,0.0,100,0.005965413700747213,0.005965413700747213,1.0,1.0,,,,,,
q,overlap_dual,1,0.0,50.0,,0.0001,,0.0,500,0.037971166608170126,0.037891798658666875,1.0,1.0,,,,,,
q,overlap_dual,2,0.0,50.0,,0.0001,,0.0,100,0.003895247560288473,0.0031984668978864983,1.0,1.0,,,,,,
q,overlap_dual,2,0.0,50.0,,0.0001,,0.0,500,0.009683868904946102,0.006787003124473778,1.0,1.0,,,,,,
q,overlap_dual,3,0.0,50.0,,0.0001,,0.0,100,0.004817919489783075,0.0036898342990615888,1.0,1.0,,,,,,
q,overlap_dual,3,0.0,50.0,,0.0001,,0.0,500,0.01587005866308877,0.01572635443950665,1.0,1.0,,,,,,
q,overlap_dual,16,0.0,50.0,,0.0001,,0.0,100,0.004027589018501365,0.0036051666350436218,1.0,1.0,,,,,,
q,overlap_dual,16,0.0,50.0,,0.0001,,0.0,500,0.03495992311462848,0.034805298512649685,1.0,1.0,,,,,,
q,overlap_dual,17,0.0,50.0,,0.0001,,0.0,100,0.004636284943868085,0.004636284943868085,1.0,1.0,,,,,,
q,overlap_dual,17,0.0,50.0,,0.0001,,0.0,500,0.03788543401363764,0.03788543401363764,1.0,1.0,,,,,,
q,overlap_dual,18,0.0,50.0,,0.0001,,0.0,100,0.005736577097040563,0.004274378670546142,0.989492119089317,0.989247311827957,,,,,,
q,overlap_dual,18,0.0,50.0,,0.0001,,0.0,500,0.02053461762268549,0.020172646198805655,0.997980477953551,0.9979716024340771,,,,,,
q,overlap_dual,19,0.0,50.0,,0.0001,,0.0,100,0.003699072538852266,0.003699072538852266,1.0,1.0,,,,,,
q,overlap_dual,19,0.0,50.0,,0.0001,,0.0,500,0.030719357046882667,0.02990263383048042,1.0,1.0,,,,,,
q,overlap_dual,12,0.0076018995832860484,50.0,,0.0001,,0.01,100,0.006016522667338209,0.006016522667338209,1.0,1.0,,,,,,
q,overlap_dual,12,0.0076018995832860484,50.0,,0.0001,,0.01,500,0.04951002628670853,0.04786173913802716,1.0,1.0,,,,,,
q,overlap_dual,13,0.008298214379709878,50.0,,0.0001,,0.01,100,0.0037865206758768144,0.002540937790298292,1.0,1.0,,,,,,
q,overlap_dual,13,0.008298214379709878,50.0,,0.0001,,0.01,500,0.020915400053399313,0.0165053613371704,1.0,1.0,,,,,,
q,overlap_dual,14,0.006645760656060303,50.0,,0.0001,,0.01,100,0.004575759302204885,0.004279268733428154,1.0,1.0,,,,,,
q,overlap_dual,14,0.006645760656060303,50.0,,0.0001,,0.01,500,0.007574991493606187,0.006665674612207462,1.0,1.0,,,,,,
q,overlap_dual,15,0.007479560646208507,50.0,,0.0001,,0.01,100,0.004104724653301056,0.004104724653301056,1.0,1.0,,,,,,
q,overlap_dual,15,0.007479560646208507,50.0,,0.0001,,0.01,500,0.01149902114966439,0.01149902114966439,1.0,1.0,,,,,,
q,overlap_dual,16,0.006471129177796499,50.0,,0.0001,,0.01,100,0.004039183236754229,0.003617309648758338,1.0,1.0,,,,,,
q,overlap_dual,16,0.006471129177796499,50.0,,0.0001,,0.01,500,0.03474654936472987,0.03460272086604066,1.0,1.0,,,,,,
q,overlap_dual,17,0.0068023885942039685,50.0,,0.0001,,0.01,100,0.004608750883803914,0.004608750883803914,1.0,1.0,,,,,,
q,overlap_dual,17,0.0068023885942039685,50.0,,0.0001,,0.01,500,0.0380487790396975,0.0380487790396975,1.0,1.0,,,,,,
q,overlap_dual,18,0.0073061725894156,50.0,,0.0001,,0.01,100,0.005757853710874228,0.004291415480809357,0.989492119089317,0.989247311827957,,,,,,
q,overlap_dual,18,0.0073061725894156,50.0,,0.0001,,0.01,500,0.02055012088374797,0.02018511093581221,0.997980477953551,0.9979716024340771,,,,,,
q,overlap_dual,19,0.0074312270844230505,50.0,,0.0001,,0.01,100,0.003709890757259693,0.003707936240955112,1.0,1.0,,,,,,
q,overlap_dual,19,0.0074312270844230505,50.0,,0.0001,,0.01,500,0.030430552411561784,0.029610587202082428,1.0,1.0,,,,,,
q,overlap_dual,0,0.007149915929460159,50.0,,0.0001,,0.01,100,0.004278831295488672,0.004058433073617529,1.0,1.0,,,,,,
q,overlap_dual,0,0.007149915929460159,50.0,,0.0001,,0.01,500,0.016003171005327443,0.01334114245277307,1.0,1.0,,,,,,
q,overlap_dual,1,0.0076474998535643384,50.0,,0.0001,,0.01,100,0.006005054808576382,0.006005054808576382,1.0,1.0,,,,,,
q,overlap_dual,1,0.0076474998535643384,50.0,,0.0001,,0.01,500,0.03833818655449717,0.03826735626105915,1.0,1.0,,,,,,
q,overlap_dual,2,0.007243030366964207,50.0,,0.0001,,0.01,100,0.003882894548313337,0.003197825573714841,1.0,1.0,,,,,,
q,overlap_dual,2,0.007243030366964207,50.0,,0.0001,,0.01,500,0.009753814010732942,0.00690032258905926,1.0,1.0,,,,,,
q,overlap_dual,3,0.00763898647642627,50.0,,0.0001,,0.01,100,0.004828748156811572,0.003701827110198104,1.0,1.0,,,,,,
q,overlap_dual,3,0.00763898647642627,50.0,,0.0001,,0.01,500,0.015949024748862173,0.015804275297830683,1.0,1.0,,,,,,
q,overlap_dual,8,0.0,50.0,,0.0001,,0.0,100,0.0029357247321422086,0.0028026451983580447,1.0,1.0,,,,,,
q,overlap_dual,8,0.0,50.0,,0.0001,,0.0,500,0.039151838102454484,0.03551838672495,1.0,1.0,,,,,,
q,overlap_dual,9,0.0,50.0,,0.0001,,0.0,100,0.009019935343440255,0.008241251190728605,1.0,1.0,,,,,,
q,overlap_dual,9,0.0,50.0,,0.0001,,0.0,500,0.020765185397823238,0.017132543756081642,1.0,1.0,,,,,,
q,overlap_dual,10,0.0,50.0,,0.0001,,0.0,100,0.005029155308723949,0.004214611695165662,1.0,1.0,,,,,,
q,overlap_dual,10,0.0,50.0,,0.0001,,0.0,500,0.012605624759275624,0.00743572468446585,1.0,1.0,,,,,,
q,overlap_dual,11,0.0,50.0,,0.0001,,0.0,100,0.0035881227961653828,0.0030850288156527572,1.0,1.0,,,,,,
q,overlap_dual,11,0.0,50.0,,0.0001,,0.0,500,0.01721581812880646,0.016976057528467647,1.0,1.0,,,,,,
q,overlap_dual,12,0.0,50.0,,0.0001,,0.0,100,0.006009696513119778,0.006009696513119778,1.0,1.0,,,,,,
q,overlap_dual,12,0.0,50.0,,0.0001,,0.0,500,0.049426757818082034,0.04778150791896363,1.0,1.0,,,,,,
q,overlap_dual,13,0.0,50.0,,0.0001,,0.0,100,0.0037832360514909458,0.0025574751001737894,1.0,1.0,,,,,,
q,overlap_dual,13,0.0,50.0,,0.0001,,0.0,500,0.021153991685015416,0.016750908836953737,1.0,1.0,,,,,,
q,overlap_dual,14,0.0,50.0,,0.0001,,0.0,100,0.004573860813938513,0.004271825703716481,1.0,1.0,,,,,,
q,overlap_dual,14,0.0,50.0,,0.0001,,0.0,500,0.007601618075567584,0.006700763290998446,1.0,1.0,,,,,,
q,overlap_dual,15,0.0,50.0,,0.0001,,0.0,100,0.004123394052283236,0.004123394052283236,1.0,1.0,,,,,,
q,overlap_dual,15,0.0,50.0,,0.0001,,0.0,500,0.011831942540601048,0.011831942540601048,1.0,1.0,,,,,,
q,overlap_dual,4,0.007420251554478778,50.0,,0.0001,,0.01,100,0.0030597702263635007,0.0014730226602737428,1.0,1.0,,,,,,
q,overlap_dual,4,0.007420251554478778,50.0,,0.0001,,0.01,500,0.005122817710447869,0.0031079507268136908,1.0,1.0,,,,,,
q,overlap_dual,5,0.007303373985310291,50.0,,0.0001,,0.01,100,0.00406269700241807,0.003651074240741181,1.0,1.0,,,,,,
q,overlap_dual,5,0.007303373985310291,50.0,,0.0001,,0.01,500,0.010189007206613532,0.0066871573693414454,1.0,1.0,,,,,,
q,overlap_dual,6,0.007258440292289803,50.0,,0.0001,,0.01,100,0.005280084154619891,0.005280084154619891,1.0,1.0,,,,,,
q,overlap_dual,6,0.007258440292289803,50.0,,0.0001,,0.01,500,0.029193355665913412,0.028562477946466824,1.0,1.0,,,,,,
q,overlap_dual,7,0.007451542135550962,50.0,,0.0001,,0.01,100,0.0023090434353569833,0.0022136174113069895,1.0,1.0,,,,,,
q,overlap_dual,7,0.007451542135550962,50.0,,0.0001,,0.01,500,0.009398300616815458,0.005055691333932799,1.0,1.0,,,,,,
q,overlap_dual,8,0.007917832930711764,50.0,,0.0001,,0.01,100,0.002953316955433327,0.002843506411134733,1.0,1.0,,,,,,
q,overlap_dual,8,0.007917832930711764,50.0,,0.0001,,0.01,500,0.03917202603996728,0.035544432723176644,1.0,1.0,,,,,,
q,overlap_dual,9,0.007748440082154424,50.0,,0.0001,,0.01,100,0.009031707495783303,0.008248856759225043,1.0,1.0,,,,,,
q,overlap_dual,9,0.007748440082154424,50.0,,0.0001,,0.01,500,0.02085600397615539,0.017351403128031295,1.0,1.0,,,,,,
q,overlap_dual,10,0.008158001770411698,50.0,,0.0001,,0.01,100,0.005019678514860377,0.0042062003159264,1.0,1.0,,,,,,
q,overlap_dual,10,0.008158001770411698,50.0,,0.0001,,0.01,500,0.01257869363525499,0.007413828999038419,1.0,1.0,,,,,,
q,overlap_dual,11,0.007860618311547392,50.0,,0.0001,,0.01,100,0.0035951931821712746,0.0030847712639602287,1.0,1.0,,,,,,
q,overlap_dual,11,0.007860618311547392,50.0,,0.0001,,0.01,500,0.017383391458796194,0.017144505806961252,1.0,1.0,,,,,,
q,overlap_dual,0,0.021449747788380477,50.0,,0.0001,,0.03,100,0.004246585005363235,0.00403055870304958,1.0,1.0,,,,,,
q,overlap_dual,0,0.021449747788380477,50.0,,0.0001,,0.03,500,0.0160035145977504,0.013343704159957448,1.0,1.0,,,,,,
q,overlap_dual,1,0.02294249956069301,50.0,,0.0001,,0.03,100,0.0060853218176215584,0.0060853218176215584,1.0,1.0,,,,,,
q,overlap_dual,1,0.02294249956069301,50.0,,0.0001,,0.03,500,0.03907386300279958,0.039019733300496906,1.0,1.0,,,,,,
q,overlap_dual,2,0.02172909110089262,50.0,,0.0001,,0.03,100,0.0038604031500082125,0.003197971249196546,1.0,1.0,,,,,,
q,overlap_dual,2,0.02172909110089262,50.0,,0.0001,,0.03,500,0.009895085518068947,0.007125297637729733,1.0,1.0,,,,,,
q,overlap_dual,3,0.022916959429278815,50.0,,0.0001,,0.03,100,0.004852078344958412,0.0037269421208614767,1.0,1.0,,,,,,
q,overlap_dual,3,0.022916959429278815,50.0,,0.0001,,0.03,500,0.01611068881392319,0.01596383010110236,1.0,1.0,,,,,,
q,overlap_dual,4,0.022260754663436334,50.0,,0.0001,,0.03,100,0.003121751412264673,0.0014373038142349165,1.0,1.0,,,,,,
q,overlap_dual,4,0.022260754663436334,50.0,,0.0001,,0.03,500,0.005151543469246178,0.003223765215835339,1.0,1.0,,,,,,
q,overlap_dual,5,0.02191012195593087,50.0,,0.0001,,0.03,100,0.0040442598400153296,0.0036269712491182604,1.0,1.0,,,,,,
q,overlap_dual,5,0.02191012195593087,50.0,,0.0001,,0.03,500,0.010459275324091521,0.006932733207048347,1.0,1.0,,,,,,
q,overlap_dual,6,0.021775320876869408,50.0,,0.0001,,0.03,100,0.005286497044705518,0.005286497044705518,1.0,1.0,,,,,,
q,overlap_dual,6,0.021775320876869408,50.0,,0.0001,,0.03,500,0.029571372074542968,0.028944979923790193,1.0,1.0,,,,,,
q,overlap_dual,7,0.02235462640665288,50.0,,0.0001,,0.03,100,0.002381680132801156,0.0022900698140300157,1.0,1.0,,,,,,
q,overlap_dual,7,0.02235462640665288,50.0,,0.0001,,0.03,500,0.008919483094442793,0.004586010660987849,1.0,1.0,,,,,,
q,overlap_dual,8,0.023753498792135293,50.0,,0.0001,,0.03,100,0.0029890743801109787,0.002924789398541794,1.0,1.0,,,,,,
q,overlap_dual,8,0.023753498792135293,50.0,,0.0001,,0.03,500,0.03922877459286167,0.03561106422865423,1.0,1.0,,,,,,
q,overlap_dual,9,0.02324532024646327,50.0,,0.0001,,0.03,100,0.009058740632023055,0.0082673857401393,1.0,1.0,,,,,,
q,overlap_dual,9,0.02324532024646327,50.0,,0.0001,,0.03,500,0.02117309299748782,0.017787679281689117,1.0,1.0,,,,,,
q,overlap_dual,10,0.024474005311235093,50.0,,0.0001,,0.03,100,0.00500332383515072,0.004191575349118815,1.0,1.0,,,,,,
q,overlap_dual,10,0.024474005311235093,50.0,,0.0001,,0.03,500,0.01253147600386928,0.0073742004486754276,1.0,1.0,,,,,,
q,overlap_dual,11,0.023581854934642175,50.0,,0.0001,,0.03,100,0.0036106160980358126,0.003085620429089442,1.0,1.0,,,,,,
q,overlap_dual,11,0.023581854934642175,50.0,,0.0001,,0.03,500,0.017719215984919767,0.017481939335681762,1.0,1.0,,,,,,
q,overlap_dual,12,0.022805698749858144,50.0,,0.0001,,0.03,100,0.006032526918486991,0.006032526918486991,1.0,1.0,,,,,,
q,overlap_dual,12,0.022805698749858144,50.0,,0.0001,,0.03,500,0.0496948195308895,0.04803987103763285,1.0,1.0,,,,,,
q,overlap_dual,13,0.024894643139129636,50.0,,0.0001,,0.03,100,0.0037946200223985538,0.002509663317522337,1.0,1.0,,,,,,
q,overlap_dual,13,0.024894643139129636,50.0,,0.0001,,0.03,500,0.02045726042795737,0.01603166813337431,1.0,1.0,,,,,,
q,overlap_dual,14,0.019937281968180908,50.0,,0.0001,,0.03,100,0.0045814861742823065,0.0042957255798724,1.0,1.0,,,,,,
q,overlap_dual,14,0.019937281968180908,50.0,,0.0001,,0.03,500,0.00752616617319668,0.006599877436059498,1.0,1.0,,,,,,
q,overlap_dual,15,0.022438681938625523,50.0,,0.0001,,0.03,100,0.00406996224020878,0.00406996224020878,1.0,1.0,,,,,,
q,overlap_dual,15,0.022438681938625523,50.0,,0.0001,,0.03,500,0.010852024008451089,0.010852024008451089,1.0,1.0,,,,,,
q,overlap_dual,16,0.019413387533389493,50.0,,0.0001,,0.03,100,0.004063665603677824,0.0036426813454750184,1.0,1.0,,,,,,
q,overlap_dual,16,0.019413387533389493,50.0,,0.0001,,0.03,500,0.03434391775009349,0.034221175664129966,1.0,1.0,,,,,,
q,overlap_dual,17,0.0204071657826119,50.0,,0.0001,,0.03,100,0.0045568494079119,0.0045568494079119,1.0,1.0,,,,,,
q,overlap_dual,17,0.0204071657826119,50.0,,0.0001,,0.03,500,0.038385426920647614,0.038385426920647614,1.0,1.0,,,,,,
q,overlap_dual,18,0.021918517768246798,50.0,,0.0001,,0.03,100,0.005802058585237635,0.004326672253925912,0.989492119089317,0.989247311827957,,,,,,
q,overlap_dual,18,0.021918517768246798,50.0,,0.0001,,0.03,500,0.020589509854493038,0.020218387873545574,0.997980477953551,0.9979716024340771,,,,,,
q,overlap_dual,19,0.022293681253269144,50.0,,0.0001,,0.03,100,0.003749567444697899,0.003726924653093211,1.0,1.0,,,,,,
q,overlap_dual,19,0.022293681253269144,50.0,,0.0001,,0.03,500,0.029878284972834734,0.029051613393315634,1.0,1.0,,,,,,
q,overlap_dual,0,0.0714991592946016,50.0,,0.0001,,0.1,100,0.004158111657367902,0.003955665505393835,1.0,1.0,,,,,,
q,overlap_dual,0,0.0714991592946016,50.0,,0.0001,,0.1,500,0.016075258247586044,0.013411098216324913,1.0,1.0,,,,,,
q,overlap_dual,1,0.07647499853564337,50.0,,0.0001,,0.1,100,0.006378884939485019,0.006378884939485019,1.0,1.0,,,,,,
q,overlap_dual,1,0.07647499853564337,50.0,,0.0001,,0.1,500,0.04169307954167678,0.04169307954167678,1.0,1.0,,,,,,
q,overlap_dual,2,0.07243030366964208,50.0,,0.0001,,0.1,100,0.0038026383954528342,0.0032125342408341195,1.0,1.0,,,,,,
q,overlap_dual,2,0.07243030366964208,50.0,,0.0001,,0.1,500,0.010408305816889785,0.00790460224907974,1.0,1.0,,,,,,
q,overlap_dual,3,0.0763898647642627,50.0,,0.0001,,0.1,100,0.0049510432694235065,0.0038268747323016625,1.0,1.0,,,,,,
q,overlap_dual,3,0.0763898647642627,50.0,,0.0001,,0.1,500,0.016719151525203757,0.016564648963066197,1.0,1.0,,,,,,
q,overlap_dual,4,0.0742025155447878,50.0,,0.0001,,0.1,100,0.00334152162442225,0.0016463415334107001,1.0,1.0,,,,,,
q,overlap_dual,4,0.0742025155447878,50.0,,0.0001,,0.1,500,0.005269767680384341,0.0036229527550437624,1.0,1.0,,,,,,
q,overlap_dual,5,0.07303373985310291,50.0,,0.0001,,0.1,100,0.0040006170854725576,0.0035626532880622674,1.0,1.0,,,,,,
q,overlap_dual,5,0.07303373985310291,50.0,,0.0001,,0.1,500,0.011403915987383328,0.0077797170249107594,1.0,1.0,,,,,,
q,overlap_dual,6,0.07258440292289806,50.0,,0.0001,,0.1,100,0.005331110372370107,0.005331110372370107,1.0,1.0,,,,,,
q,overlap_dual,6,0.07258440292289806,50.0,,0.0001,,0.1,500,0.03095844656214064,0.030344202953425548,1.0,1.0,,,,,,
q,overlap_dual,7,0.07451542135550963,50.0,,0.0001,,0.1,100,0.0026337190738512373,0.002554390753129354,1.0,1.0,,,,,,
q,overlap_dual,7,0.07451542135550963,50.0,,0.0001,,0.1,500,0.007367052886948944,0.006630435460561301,1.0,1.0,,,,,,
q,overlap_dual,8,0.07917832930711764,50.0,,0.0001,,0.1,100,0.003207942409184983,0.003207942409184983,1.0,1.0,,,,,,
q,overlap_dual,8,0.07917832930711764,50.0,,0.0001,,0.1,500,0.03959050323919078,0.035989715098097674,1.0,1.0,,,,,,
q,overlap_dual,9,0.07748440082154424,50.0,,0.0001,,0.1,100,0.009188660543254512,0.008365547479794566,1.0,1.0,,,,,,
q,overlap_dual,9,0.07748440082154424,50.0,,0.0001,,0.1,500,0.022320577933191865,0.0193164781650228,1.0,1.0,,,,,,
q,overlap_dual,10,0.08158001770411699,50.0,,0.0001,,0.1,100,0.004971043884590872,0.004161468134771482,1.0,1.0,,,,,,
q,overlap_dual,10,0.08158001770411699,50.0,,0.0001,,0.1,500,0.012429830451621271,0.007274990489537281,1.0,1.0,,,,,,
q,overlap_dual,11,0.07860618311547392,50.0,,0.0001,,0.1,100,0.0036777714088966906,0.0031020412681392884,1.0,1.0,,,,,,
q,overlap_dual,11,0.07860618311547392,50.0,,0.0001,,0.1,500,0.01891358663508025,0.018680615551988078,1.0,1.0,,,,,,
q,overlap_dual,12,0.0760189958328605,50.0,,0.0001,,0.1,100,0.006112260807818459,0.006112260807818459,1.0,1.0,,,,,,
q,overlap_dual,12,0.0760189958328605,50.0,,0.0001,,0.1,500,0.05052791674388213,0.048843643784013624,1.0,1.0,,,,,,
q,overlap_dual,13,0.0829821437970988,50.0,,0.0001,,0.1,100,0.0038383106617301266,0.0024167599460724887,1.0,1.0,,,,,,
q,overlap_dual,13,0.0829821437970988,50.0,,0.0001,,0.1,500,0.019024289197193234,0.014672850671462179,1.0,1.0,,,,,,
q,overlap_dual,14,0.06645760656060302,50.0,,0.0001,,0.1,100,0.004620721402929601,0.00436937788009345,1.0,1.0,,,,,,
q,overlap_dual,14,0.06645760656060302,50.0,,0.0001,,0.1,500,0.007397033287760202,0.006410249427327819,1.0,1.0,,,,,,
q,overlap_dual,15,0.07479560646208509,50.0,,0.0001,,0.1,100,0.003972356839614749,0.003972356839614749,1.0,1.0,,,,,,
q,overlap_dual,15,0.07479560646208509,50.0,,0.0001,,0.1,500,0.010475246447836817,0.008749142259469433,1.0,1.0,,,,,,
q,overlap_dual,4,0.1484050310895756,50.0,,0.0001,,0.2,100,0.0036738616934289814,0.002037230585178129,1.0,1.0,,,,,,
q,overlap_dual,4,0.1484050310895756,50.0,,0.0001,,0.2,500,0.005599540404808145,0.004198692016945671,1.0,1.0,,,,,,
q,overlap_dual,5,0.14606747970620582,50.0,,0.0001,,0.2,100,0.003988111158623464,0.003517455969681227,1.0,1.0,,,,,,
q,overlap_dual,5,0.14606747970620582,50.0,,0.0001,,0.2,500,0.01279887879204944,0.009002363801918545,1.0,1.0,,,,,,
q,overlap_dual,6,0.1451688058457961,50.0,,0.0001,,0.2,100,0.005451861032496952,0.005451861032496952,1.0,1.0,,,,,,
q,overlap_dual,6,0.1451688058457961,50.0,,0.0001,,0.2,500,0.03316981887214743,0.032564795693832416,1.0,1.0,,,,,,
q,overlap_dual,7,0.14903084271101927,50.0,,0.0001,,0.2,100,0.0030014161941942508,0.0029376225467723227,1.0,1.0,,,,,,
q,overlap_dual,7,0.14903084271101927,50.0,,0.0001,,0.2,500,0.011025738155192588,0.010748334231917234,1.0,1.0,,,,,,
q,overlap_dual,16,0.06471129177796499,50.0,,0.0001,,0.1,100,0.004162977906853438,0.0037430910384357308,1.0,1.0,,,,,,
q,overlap_dual,16,0.06471129177796499,50.0,,0.0001,,0.1,500,0.033157106152817306,0.03310396243272784,1.0,1.0,,,,,,
q,overlap_dual,17,0.06802388594203969,50.0,,0.0001,,0.1,100,0.004404432410981485,0.004404432410981485,1.0,1.0,,,,,,
q,overlap_dual,17,0.06802388594203969,50.0,,0.0001,,0.1,500,0.03967398766798924,0.03967398766798924,1.0,1.0,,,,,,
q,overlap_dual,18,0.073061725894156,50.0,,0.0001,,0.1,100,0.005974642311413536,0.0044630023391663,0.989492119089317,0.989247311827957,,,,,,
q,overlap_dual,18,0.073061725894156,50.0,,0.0001,,0.1,500,0.020811266471148393,0.02041818320112787,0.997980477953551,0.9979716024340771,,,,,,
q,overlap_dual,19,0.0743122708442305,50.0,,0.0001,,0.1,100,0.0038980169110738316,0.003806484260901688,1.0,1.0,,,,,,
q,overlap_dual,19,0.0743122708442305,50.0,,0.0001,,0.1,500,0.02817430841232227,0.027321726172717664,1.0,1.0,,,,,,
q,overlap_dual,0,0.1429983185892032,50.0,,0.0001,,0.2,100,0.004087327361311122,0.0039007351111652877,1.0,1.0,,,,,,
q,overlap_dual,0,0.1429983185892032,50.0,,0.0001,,0.2,500,0.016363141178391327,0.013655065193499127,1.0,1.0,,,,,,
q,overlap_dual,1,0.15294999707128673,50.0,,0.0001,,0.2,100,0.006844611059709571,0.006844611059709571,1.0,1.0,,,,,,
q,overlap_dual,1,0.15294999707128673,50.0,,0.0001,,0.2,500,0.04574942302189067,0.04574942302189067,1.0,1.0,,,,,,
q,overlap_dual,2,0.14486060733928416,50.0,,0.0001,,0.2,100,0.0037688381415666994,0.0032687737067301215,1.0,1.0,,,,,,
q,overlap_dual,2,0.14486060733928416,50.0,,0.0001,,0.2,500,0.01121437858271701,0.009038243993850559,1.0,1.0,,,,,,
q,overlap_dual,3,0.1527797295285254,50.0,,0.0001,,0.2,100,0.005140268619876555,0.004004505019920574,1.0,1.0,,,,,,
q,overlap_dual,3,0.1527797295285254,50.0,,0.0001,,0.2,500,0.01772513724196423,0.017558679138309108,1.0,1.0,,,,,,
q,overlap_dual,16,0.12942258355592998,50.0,,0.0001,,0.2,100,0.004353620787326873,0.003920384045231762,1.0,1.0,,,,,,
q,overlap_dual,16,0.12942258355592998,50.0,,0.0001,,0.2,500,0.03204890333214072,0.03198855208532603,1.0,1.0,,,,,,
q,overlap_dual,17,0.13604777188407938,50.0,,0.0001,,0.2,100,0.004250954726707001,0.004250954726707001,1.0,1.0,,,,,,
q,overlap_dual,17,0.13604777188407938,50.0,,0.0001,,0.2,500,0.0418537467740796,0.0418537467740796,1.0,1.0,,,,,,
q,overlap_dual,18,0.146123451788312,50.0,,0.0001,,0.2,100,0.006274228584761454,0.004696743295852457,0.989492119089317,0.989247311827957,,,,,,
q,overlap_dual,18,0.146123451788312,50.0,,0.0001,,0.2,500,0.021346633483227517,0.020919630810195322,0.997980477953551,0.9979716024340771,,,,,,
q,overlap_dual,19,0.148624541688461,50.0,,0.0001,,0.2,100,0.00414142750880564,0.003956597391901018,1.0,1.0,,,,,,
q,overlap_dual,19,0.148624541688461,50.0,,0.0001,,0.2,500,0.026216829422203602,0.025319852134568777,1.0,1.0,,,,,,
q,overlap_dual,0,0.21449747788380477,50.0,,0.0001,,0.3,100,0.004073122994953993,0.0038994698442544884,1.0,1.0,,,,,,
q,overlap_dual,0,0.21449747788380477,50.0,,0.0001,,0.3,500,0.016866013743046637,0.01407539019623505,1.0,1.0,,,,,,
q,overlap_dual,1,0.22942499560693014,50.0,,0.0001,,0.3,100,0.0073890714969124804,0.0073890714969124804,1.0,1.0,,,,,,
q,overlap_dual,1,0.22942499560693014,50.0,,0.0001,,0.3,500,0.05031001025360693,0.05031001025360693,1.0,1.0,,,,,,
q,overlap_dual,2,0.21729091100892622,50.0,,0.0001,,0.3,100,0.0037806080741480397,0.0033614785020810445,1.0,1.0,,,,,,
q,overlap_dual,2,0.21729091100892622,50.0,,0.0001,,0.3,500,0.012145059227879673,0.010259124648908213,1.0,1.0,,,,,,
q,overlap_dual,3,0.2291695942927881,50.0,,0.0001,,0.3,100,0.00539325794146253,0.004231002836599349,1.0,1.0,,,,,,
q,overlap_dual,3,0.2291695942927881,50.0,,0.0001,,0.3,500,0.018941410281082316,0.018761153796765906,1.0,1.0,,,,,,
q,overlap_dual,8,0.15835665861423528,50.0,,0.0001,,0.2,100,0.003623821595844734,0.003623821595844734,1.0,1.0,,,,,,
q,overlap_dual,8,0.15835665861423528,50.0,,0.0001,,0.2,500,0.04052854372231551,0.03690919706446283,1.0,1.0,,,,,,
q,overlap_dual,9,0.1549688016430885,50.0,,0.0001,,0.2,100,0.009468117439412449,0.00859307135121501,1.0,1.0,,,,,,
q,overlap_dual,9,0.1549688016430885,50.0,,0.0001,,0.2,500,0.02411227250956105,0.021584223940626757,1.0,1.0,,,,,,
q,overlap_dual,10,0.16316003540823398,50.0,,0.0001,,0.2,100,0.004984868695569973,0.004168931967923128,1.0,1.0,,,,,,
q,overlap_dual,10,0.16316003540823398,50.0,,0.0001,,0.2,500,0.012446354204337595,0.007225594440794847,1.0,1.0,,,,,,
q,overlap_dual,11,0.15721236623094784,50.0,,0.0001,,0.2,100,0.003809693894433863,0.0031595396871838544,1.0,1.0,,,,,,
q,overlap_dual,11,0.15721236623094784,50.0,,0.0001,,0.2,500,0.02072850145942451,0.0204986350767562,1.0,1.0,,,,,,
q,overlap_dual,12,0.152037991665721,50.0,,0.0001,,0.2,100,0.006288828448516748,0.006288828448516748,1.0,1.0,,,,,,
q,overlap_dual,12,0.152037991665721,50.0,,0.0001,,0.2,500,0.05222095220607503,0.05047847361237867,1.0,1.0,,,,,,
q,overlap_dual,13,0.1659642875941976,50.0,,0.0001,,0.2,100,0.003940843729320298,0.002366560067371737,1.0,1.0,,,,,,
q,overlap_dual,13,0.1659642875941976,50.0,,0.0001,,0.2,500,0.01732394443193508,0.013475976996126349,1.0,1.0,,,,,,
q,overlap_dual,14,0.13291521312120605,50.0,,0.0001,,0.2,100,0.0047261679249624156,0.004518031698011793,1.0,1.0,,,,,,
q,overlap_dual,14,0.13291521312120605,50.0,,0.0001,,0.2,500,0.007308917771704282,0.006811070268373465,1.0,1.0,,,,,,
q,overlap_dual,15,0.14959121292417019,50.0,,0.0001,,0.2,100,0.003887251862258523,0.003887251862258523,1.0,1.0,,,,,,
q,overlap_dual,15,0.14959121292417019,50.0,,0.0001,,0.2,500,0.01206661884472171,0.006034980889740638,1.0,1.0,,,,,,
q,overlap_dual,4,0.22260754663436333,50.0,,0.0001,,0.3,100,0.0040464773438684265,0.0024448763598614587,1.0,1.0,,,,,,
q,overlap_dual,4,0.22260754663436333,50.0,,0.0001,,0.3,500,0.006435348715289724,0.004815105242037099,1.0,1.0,,,,,,
q,overlap_dual,5,0.21910121955930872,50.0,,0.0001,,0.3,100,0.0040293966090297895,0.003520627379513974,1.0,1.0,,,,,,
q,overlap_dual,5,0.21910121955930872,50.0,,0.0001,,0.3,500,0.014327636591676018,0.01031251517754006,1.0,1.0,,,,,,
q,overlap_dual,6,0.2177532087686941,50.0,,0.0001,,0.3,100,0.005642264307375022,0.005642264307375022,1.0,1.0,,,,,,
q,overlap_dual,6,0.2177532087686941,50.0,,0.0001,,0.3,500,0.03576598951521337,0.03516184207730344,1.0,1.0,,,,,,
q,overlap_dual,7,0.22354626406652878,50.0,,0.0001,,0.3,100,0.003399642062506203,0.003350121018847796,1.0,1.0,,,,,,
q,overlap_dual,7,0.22354626406652878,50.0,,0.0001,,0.3,500,0.015172534271860272,0.01490018304786922,1.0,1.0,,,,,,
q,overlap_dual,8,0.23753498792135286,50.0,,0.0001,,0.3,100,0.004077245627939097,0.004077245627939097,1.0,1.0,,,,,,
q,overlap_dual,8,0.23753498792135286,50.0,,0.0001,,0.3,500,0.04198409276212667,0.03829830831117631,1.0,1.0,,,,,,
q,overlap_dual,9,0.2324532024646327,50.0,,0.0001,,0.3,100,0.009867120736857804,0.00892983041176576,1.0,1.0,,,,,,
q,overlap_dual,9,0.2324532024646327,50.0,,0.0001,,0.3,500,0.02617880023878727,0.02408039641206483,1.0,1.0,,,,,,
q,overlap_dual,10,0.24474005311235095,50.0,,0.0001,,0.3,100,0.0050651223453424855,0.004232088093783599,1.0,1.0,,,,,,
q,overlap_dual,10,0.24474005311235095,50.0,,0.0001,,0.3,500,0.012655091153404463,0.007274257940112605,1.0,1.0,,,,,,
q,overlap_dual,11,0.23581854934642174,50.0,,0.0001,,0.3,100,0.003988922550108853,0.0032577434840184716,1.0,1.0,,,,,,
q,overlap_dual,11,0.23581854934642174,50.0,,0.0001,,0.3,500,0.02277163553562689,0.022541733619464654,1.0,1.0,,,,,,
q,overlap_dual,12,0.22805698749858141,50.0,,0.0001,,0.3,100,0.006544578206857166,0.006544578206857166,1.0,1.0,,,,,,
q,overlap_dual,12,0.22805698749858141,50.0,,0.0001,,0.3,500,0.054566087230059956,0.05274412445861332,1.0,1.0,,,,,,
q,overlap_dual,13,0.24894643139129632,50.0,,0.0001,,0.3,100,0.004093440660808412,0.0024541676703054294,1.0,1.0,,,,,,
q,overlap_dual,13,0.24894643139129632,50.0,,0.0001,,0.3,500,0.015900672495371193,0.012491317101850363,1.0,1.0,,,,,,
q,overlap_dual,14,0.19937281968180906,50.0,,0.0001,,0.3,100,0.004892017034403645,0.004723175870614715,1.0,1.0,,,,,,
q,overlap_dual,14,0.19937281968180906,50.0,,0.0001,,0.3,500,0.007824982636951083,0.007781151796378394,1.0,1.0,,,,,,
q,overlap_dual,15,0.2243868193862552,50.0,,0.0001,,0.3,100,0.003856461537307093,0.003856461537307093,1.0,1.0,,,,,,
q,overlap_dual,15,0.2243868193862552,50.0,,0.0001,,0.3,500,0.01377723181057744,0.005574509589839405,1.0,1.0,,,,,,
q,overlap_dual,16,0.1941338753338949,50.0,,0.0001,,0.3,100,0.004625021550384023,0.004145402879521531,1.0,1.0,,,,,,
q,overlap_dual,16,0.1941338753338949,50.0,,0.0001,,0.3,500,0.0314100084213762,0.0313317382938032,1.0,1.0,,,,,,
q,overlap_dual,17,0.204071657826119,50.0,,0.0001,,0.3,100,0.004158531037518398,0.004158531037518398,1.0,1.0,,,,,,
q,overlap_dual,17,0.204071657826119,50.0,,0.0001,,0.3,500,0.04453584839726554,0.04453584839726554,1.0,1.0,,,,,,
q,overlap_dual,18,0.21918517768246798,50.0,,0.0001,,0.3,100,0.006649924345041303,0.0049872519269942295,0.989492119089317,0.989247311827957,,,,,,
q,overlap_dual,18,0.21918517768246798,50.0,,0.0001,,0.3,500,0.022153481534767927,0.02168772125385976,0.997980477953551,0.9979716024340771,,,,,,
q,overlap_dual,19,0.2229368125326915,50.0,,0.0001,,0.3,100,0.004433813628568872,0.004155656229474891,1.0,1.0,,,,,,
q,overlap_dual,19,0.2229368125326915,50.0,,0.0001,,0.3,500,0.02466295715700184,0.023710808663157668,1.0,1.0,,,,,,
q,overlap_dual,0,0.007149915929460159,50.0,,0.001,,0.01,100,0.04252147046688881,0.040316841340336085,1.0,1.0,,,,,,
q,overlap_dual,0,0.007149915929460159,50.0,,0.001,,0.01,500,0.15954178345415332,0.13318082946816068,1.0,1.0,,,,,,
q,overlap_dual,1,0.0076474998535643384,50.0,,0.001,,0.01,100,0.059368328522753755,0.059368328522753755,1.0,1.0,,,,,,
q,overlap_dual,1,0.0076474998535643384,50.0,,0.001,,0.01,500,0.38186505051925446,0.38186505051925446,1.0,1.0,,,,,,
q,overlap_dual,2,0.007243030366964207,50.0,,0.001,,0.01,100,0.038615761252601716,0.031765391751304634,1.0,1.0,,,,,,
q,overlap_dual,2,0.007243030366964207,50.0,,0.001,,0.01,500,0.09792756707990036,0.07006550890019003,1.0,1.0,,,,,,
q,overlap_dual,3,0.00763898647642627,50.0,,0.001,,0.01,100,0.048384083463372154,0.03706184669672295,0.9858657243816255,0.9893617021276596,,,,,,
q,overlap_dual,3,0.00763898647642627,50.0,,0.001,,0.01,500,0.1585949613867247,0.15744705763214484,0.9973027646662171,0.9959514170040485,,,,,,
q,overlap_dual,4,0.007420251554478778,50.0,,0.001,,0.01,100,0.0302375634908717,0.014843856627009662,1.0,1.0,,,,,,
q,overlap_dual,4,0.007420251554478778,50.0,,0.001,,0.01,500,0.051304396849185085,0.030713118284987573,1.0,1.0,,,,,,
q,overlap_dual,5,0.007303373985310291,50.0,,0.001,,0.01,100,0.04079838450990886,0.03666237597920441,1.0,1.0,,,,,,
q,overlap_dual,5,0.007303373985310291,50.0,,0.001,,0.01,500,0.10211513301065,0.06684108365243135,1.0,1.0,,,,,,
q,overlap_dual,6,0.007258440292289803,50.0,,0.001,,0.01,100,0.052578365791896786,0.052578365791896786,1.0,1.0,,,,,,
q,overlap_dual,6,0.007258440292289803,50.0,,0.001,,0.01,500,0.29296930529128185,0.2866448178063954,1.0,1.0,,,,,,
q,overlap_dual,7,0.007451542135550962,50.0,,0.001,,0.01,100,0.023768652054148465,0.02284600538937198,1.0,1.0,,,,,,
q,overlap_dual,7,0.007451542135550962,50.0,,0.001,,0.01,500,0.09353273558096964,0.05002458678331312,1.0,1.0,,,,,,
q,overlap_dual,0,0.35749579647300794,50.0,,0.0001,,0.5,100,0.004219927531054601,0.0040666194331158145,1.0,1.0,,,,,,
q,overlap_dual,0,0.35749579647300794,50.0,,0.0001,,0.5,500,0.0186887158851351,0.015598039153228438,1.0,1.0,,,,,,
q,overlap_dual,1,0.38237499267821684,50.0,,0.0001,,0.5,100,0.008886298121264513,0.008886298121264513,1.0,1.0,,,,,,
q,overlap_dual,1,0.38237499267821684,50.0,,0.0001,,0.5,500,0.06236390916448098,0.06236390916448098,1.0,1.0,,,,,,
q,overlap_dual,2,0.36215151834821036,50.0,,0.0001,,0.5,100,0.004360143782665332,0.003719407974947797,1.0,1.0,,,,,,
q,overlap_dual,2,0.36215151834821036,50.0,,0.0001,,0.5,500,0.015281346947506047,0.013351921073156303,1.0,1.0,,,,,,
q,overlap_dual,3,0.38194932382131347,50.0,,0.0001,,0.5,100,0.006175452300463464,0.004905229779867711,1.0,1.0,,,,,,
q,overlap_dual,3,0.38194932382131347,50.0,,0.0001,,0.5,500,0.022396415644512224,0.022178770845805884,1.0,1.0,,,,,,
q,overlap_dual,4,0.37101257772393886,50.0,,0.0001,,0.5,100,0.005027541303011196,0.0034317899047837663,1.0,1.0,,,,,,
q,overlap_dual,4,0.37101257772393886,50.0,,0.0001,,0.5,500,0.008522076953302982,0.006357196315811553,1.0,1.0,,,,,,
q,overlap_dual,5,0.3651686992655145,50.0,,0.0001,,0.5,100,0.004294753360635173,0.0038447501373617215,1.0,1.0,,,,,,
q,overlap_dual,5,0.3651686992655145,50.0,,0.0001,,0.5,500,0.01825585191622281,0.013592730029071465,1.0,1.0,,,,,,
q,overlap_dual,6,0.3629220146144902,50.0,,0.0001,,0.5,100,0.006299519613659932,0.006299519613659932,1.0,1.0,,,,,,
q,overlap_dual,6,0.3629220146144902,50.0,,0.0001,,0.5,500,0.04293751506061927,0.04230890614590921,1.0,1.0,,,,,,
q,overlap_dual,7,0.37257710677754813,50.0,,0.0001,,0.5,100,0.004409403575807991,0.0043886072093994866,1.0,1.0,,,,,,
q,overlap_dual,7,0.37257710677754813,50.0,,0.0001,,0.5,500,0.024798786574723675,0.02452551186335361,1.0,1.0,,,,,,
q,overlap_dual,12,0.0,50.0,,0.001,,0.0,100,0.05913582403311246,0.05913582403311246,1.0,1.0,,,,,,
q,overlap_dual,12,0.0,50.0,,0.001,,0.0,500,0.4862757030050724,0.4719716844666634,1.0,1.0,,,,,,
q,overlap_dual,13,0.0,50.0,,0.001,,0.0,100,0.0380869636632839,0.025413966042197478,0.9776247848537005,0.9894736842105263,,,,,,
q,overlap_dual,13,0.0,50.0,,0.001,,0.0,500,0.20918214543651725,0.165508450570099,0.9956390472995639,0.997979797979798,,,,,,
q,overlap_dual,14,0.0,50.0,,0.001,,0.0,100,0.04523242906938679,0.042394002481750404,0.9737302977232924,0.967741935483871,,,,,,
q,overlap_dual,14,0.0,50.0,,0.001,,0.0,500,0.07572354206873944,0.06691296336846497,0.9949511948838775,0.9939148073022313,,,,,,
q,overlap_dual,15,0.0,50.0,,0.001,,0.0,100,0.041281758416996606,0.041281758416996606,1.0,1.0,,,,,,
q,overlap_dual,15,0.0,50.0,,0.001,,0.0,500,0.11827620483438617,0.11827620483438617,1.0,1.0,,,,,,
q,overlap_dual,16,0.0,50.0,,0.001,,0.0,100,0.04017358303147034,0.03595504413639733,1.0,1.0,,,,,,
q,overlap_dual,16,0.0,50.0,,0.001,,0.0,500,0.3511341305001814,0.3505067993427615,1.0,1.0,,,,,,
q,overlap_dual,17,0.0,50.0,,0.001,,0.0,100,0.04651359997061788,0.04651359997061788,0.9964539007092199,0.9893617021276596,,,,,,
q,overlap_dual,17,0.0,50.0,,0.001,,0.0,500,0.38002435412420743,0.38002435412420743,0.9993252361673415,0.9979757085020243,,,,,,
q,overlap_dual,18,0.0,50.0,,0.001,,0.0,100,0.057491159599900366,0.04302416256682351,0.9719789842381786,0.978494623655914,,,,,,
q,overlap_dual,18,0.0,50.0,,0.001,,0.0,500,0.20487089661102242,0.20113692257102667,0.994614607876136,0.9959432048681541,,,,,,
q,overlap_dual,19,0.0,50.0,,0.001,,0.0,100,0.037178833544885936,0.036913012708187476,1.0,1.0,,,,,,
q,overlap_dual,19,0.0,50.0,,0.001,,0.0,500,0.3064823130208958,0.2981431625733526,1.0,1.0,,,,,,
q,overlap_dual,8,0.0,50.0,,0.001,,0.0,100,0.029748714020829126,0.028527361061213452,1.0,1.0,,,,,,
q,overlap_dual,8,0.0,50.0,,0.001,,0.0,500,0.39176407822582027,0.3561895065327467,1.0,1.0,,,,,,
q,overlap_dual,9,0.0,50.0,,0.001,,0.0,100,0.0903023267780253,0.08255243922715572,1.0,1.0,,,,,,
q,overlap_dual,9,0.0,50.0,,0.001,,0.0,500,0.20657683376878522,0.1709589001349292,1.0,1.0,,,,,,
q,overlap_dual,10,0.0,50.0,,0.001,,0.0,100,0.05053147777610148,0.04246401198200807,0.9893428063943162,0.9894736842105263,,,,,,
q,overlap_dual,10,0.0,50.0,,0.001,,0.0,500,0.1264738091696329,0.07394236358190254,0.9979750253121836,0.997979797979798,,,,,,
q,overlap_dual,11,0.0,50.0,,0.001,,0.0,100,0.03557261617061935,0.030824778591709845,1.0,1.0,,,,,,
q,overlap_dual,11,0.0,50.0,,0.001,,0.0,500,0.17016457783244454,0.16796459400236952,1.0,1.0,,,,,,
q,overlap_dual,4,0.0,50.0,,0.001,,0.0,100,0.02992646825359202,0.015029779102318973,1.0,1.0,,,,,,
q,overlap_dual,4,0.0,50.0,,0.001,,0.0,500,0.051165251999754524,0.030126995369743614,1.0,1.0,,,,,,
q,overlap_dual,5,0.0,50.0,,0.001,,0.0,100,0.04089941545767539,0.036791100675630906,1.0,1.0,,,,,,
q,overlap_dual,5,0.0,50.0,,0.001,,0.0,500,0.10077750098672267,0.06562223120940658,1.0,1.0,,,,,,
q,overlap_dual,6,0.0,50.0,,0.001,,0.0,100,0.05255639879178542,0.05255639879178542,1.0,1.0,,,,,,
q,overlap_dual,6,0.0,50.0,,0.001,,0.0,500,0.2911127321697311,0.28476390871204194,1.0,1.0,,,,,,
q,overlap_dual,7,0.0,50.0,,0.001,,0.0,100,0.02340383552872427,0.022461175180943593,1.0,1.0,,,,,,
q,overlap_dual,7,0.0,50.0,,0.001,,0.0,500,0.09598740826546548,0.05241653486505671,1.0,1.0,,,,,,
q,overlap_dual,8,0.39589164653558817,50.0,,0.0001,,0.5,100,0.005235918364405734,0.005235918364405734,1.0,1.0,,,,,,
q,overlap_dual,8,0.39589164653558817,50.0,,0.0001,,0.5,500,0.04696214989216618,0.0429722103087673,1.0,1.0,,,,,,
q,overlap_dual,9,0.3874220041077212,50.0,,0.0001,,0.5,100,0.011160992782699886,0.010048334409820336,1.0,1.0,,,,,,
q,overlap_dual,9,0.3874220041077212,50.0,,0.0001,,0.5,500,0.03232059229547857,0.03052717884140943,1.0,1.0,,,,,,
q,overlap_dual,10,0.4079000885205849,50.0,,0.0001,,0.5,100,0.005459892352732529,0.004553632199755991,1.0,1.0,,,,,,
q,overlap_dual,10,0.4079000885205849,50.0,,0.0001,,0.5,500,0.013674215016035607,0.007696888052604489,1.0,1.0,,,,,,
q,overlap_dual,11,0.3930309155773696,50.0,,0.0001,,0.5,100,0.004549607981130466,0.00361190406136902,1.0,1.0,,,,,,
q,overlap_dual,11,0.3930309155773696,50.0,,0.0001,,0.5,500,0.028177984227738317,0.027938073239189842,1.0,1.0,,,,,,
q,overlap_dual,16,0.3235564588898249,50.0,,0.0001,,0.5,100,0.005413354207296273,0.004812575271100017,1.0,1.0,,,,,,
q,overlap_dual,16,0.3235564588898249,50.0,,0.0001,,0.5,500,0.03140164725784311,0.03128105392467617,1.0,1.0,,,,,,
q,overlap_dual,17,0.34011942971019843,50.0,,0.0001,,0.5,100,0.004887282611986394,0.004140343667754565,1.0,1.0,,,,,,
q,overlap_dual,17,0.34011942971019843,50.0,,0.0001,,0.5,500,0.05227768501919039,0.05227768501919039,1.0,1.0,,,,,,
q,overlap_dual,18,0.36530862947077997,50.0,,0.0001,,0.5,100,0.007752688047551359,0.005833426581009604,0.989492119089317,0.989247311827957,,,,,,
q,overlap_dual,18,0.36530862947077997,50.0,,0.0001,,0.5,500,0.024864400235508732,0.024294401711716596,0.997980477953551,0.9979716024340771,,,,,,
q,overlap_dual,19,0.3715613542211524,50.0,,0.0001,,0.5,100,0.005259988510342373,0.004767965109287231,1.0,1.0,,,,,,
q,overlap_dual,19,0.3715613542211524,50.0,,0.0001,,0.5,500,0.024040718539361627,0.021268861659345717,1.0,1.0,,,,,,
q,overlap_dual,12,0.38009497916430235,50.0,,0.0001,,0.5,100,0.007381773214765186,0.007381773214765186,1.0,1.0,,,,,,
q,overlap_dual,12,0.38009497916430235,50.0,,0.0001,,0.5,500,0.06200829503052585,0.05993726717935699,1.0,1.0,,,,,,
q,overlap_dual,13,0.41491071898549386,50.0,,0.0001,,0.5,100,0.004601997442505001,0.00275065073650943,1.0,1.0,,,,,,
q,overlap_dual,13,0.41491071898549386,50.0,,0.0001,,0.5,500,0.01351781181248679,0.010907877535784927,1.0,1.0,,,,,,
q,overlap_dual,14,0.33228803280301505,50.0,,0.0001,,0.5,100,0.005463748893260761,0.005372603770061657,1.0,1.0,,,,,,
q,overlap_dual,14,0.33228803280301505,50.0,,0.0001,,0.5,500,0.010326998606305593,0.010216511232899572,1.0,1.0,,,,,,
q,overlap_dual,15,0.3739780323104254,50.0,,0.0001,,0.5,100,0.004043580475639547,0.003958166193366364,1.0,1.0,,,,,,
q,overlap_dual,15,0.3739780323104254,50.0,,0.0001,,0.5,500,0.01807705114457625,0.008464209103284714,1.0,1.0,,,,,,
q,overlap_dual,0,0.0,50.0,,0.001,,0.0,100,0.04269629673956743,0.040469198037623944,1.0,1.0,,,,,,
q,overlap_dual,0,0.0,50.0,,0.001,,0.0,500,0.15957356959463892,0.133195495347188,1.0,1.0,,,,,,
q,overlap_dual,1,0.0,50.0,,0.001,,0.0,100,0.058972790171644585,0.058972790171644585,1.0,1.0,,,,,,
q,overlap_dual,1,0.0,50.0,,0.001,,0.0,500,0.3780807341611214,0.3780807341611214,1.0,1.0,,,,,,
q,overlap_dual,2,0.0,50.0,,0.001,,0.0,100,0.03874034165692025,0.03177193367944503,1.0,1.0,,,,,,
q,overlap_dual,2,0.0,50.0,,0.001,,0.0,500,0.0972342549808537,0.06893807465849322,1.0,1.0,,,,,,
q,overlap_dual,3,0.0,50.0,,0.001,,0.0,100,0.04827517466169059,0.03694050578399595,0.9858657243816255,0.9893617021276596,,,,,,
q,overlap_dual,3,0.0,50.0,,0.001,,0.0,500,0.1577967011506577,0.15665743004435861,0.9973027646662171,0.9959514170040485,,,,,,
q,overlap_dual,8,0.007917832930711764,50.0,,0.001,,0.01,100,0.029927326948243627,0.028939936301084046,1.0,1.0,,,,,,
q,overlap_dual,8,0.007917832930711764,50.0,,0.001,,0.01,500,0.39196522869803996,0.3564446251784863,1.0,1.0,,,,,,
q,overlap_dual,9,0.007748440082154424,50.0,,0.001,,0.01,100,0.09042035839730733,0.08262924002126415,1.0,1.0,,,,,,
q,overlap_dual,9,0.007748440082154424,50.0,,0.001,,0.01,500,0.20760421626942893,0.17316948538288757,1.0,1.0,,,,,,
q,overlap_dual,10,0.008158001770411698,50.0,,0.001,,0.01,100,0.05043930613551064,0.0423830091444199,0.9893428063943162,0.9894736842105263,,,,,,
q,overlap_dual,10,0.008158001770411698,50.0,,0.001,,0.01,500,0.12622148173105918,0.0737292313782767,0.9979750253121836,0.997979797979798,,,,,,
q,overlap_dual,11,0.007860618311547392,50.0,,0.001,,0.01,100,0.03564121558199962,0.030821508285944488,1.0,1.0,,,,,,
q,overlap_dual,11,0.007860618311547392,50.0,,0.001,,0.01,500,0.17182336923028152,0.1696327318429025,1.0,1.0,,,,,,
q,overlap_dual,12,0.0076018995832860484,50.0,,0.001,,0.01,100,0.05920397007153477,0.05920397007153477,1.0,1.0,,,,,,
q,overlap_dual,12,0.0076018995832860484,50.0,,0.001,,0.01,500,0.48714985051074855,0.4727624865146186,1.0,1.0,,,,,,
q,overlap_dual,13,0.008298214379709878,50.0,,0.001,,0.01,100,0.03811476715857509,0.025249593626784916,0.9776247848537005,0.9894736842105263,,,,,,
q,overlap_dual,13,0.008298214379709878,50.0,,0.001,,0.01,500,0.20685822442950252,0.16310072520287644,0.9956390472995639,0.997979797979798,,,,,,
q,overlap_dual,14,0.006645760656060303,50.0,,0.001,,0.01,100,0.04525158815125155,0.04246888492987225,0.9737302977232924,0.967741935483871,,,,,,
q,overlap_dual,14,0.006645760656060303,50.0,,0.001,,0.01,500,0.07545683544921222,0.06655789625413233,0.9949511948838775,0.9939148073022313,,,,,,
q,overlap_dual,15,0.007479560646208507,50.0,,0.001,,0.01,100,0.04109438519175207,0.04109438519175207,1.0,1.0,,,,,,
q,overlap_dual,15,0.007479560646208507,50.0,,0.001,,0.01,500,0.11496163318982777,0.11496163318982777,1.0,1.0,,,,,,
q,overlap_dual,16,0.006471129177796499,50.0,,0.001,,0.01,100,0.04028845022222871,0.036075908802233325,1.0,1.0,,,,,,
q,overlap_dual,16,0.006471129177796499,50.0,,0.001,,0.01,500,0.3491088373698843,0.348466402689493,1.0,1.0,,,,,,
q,overlap_dual,17,0.0068023885942039685,50.0,,0.001,,0.01,100,0.046237029041002464,0.046237029041002464,0.9964539007092199,0.9893617021276596,,,,,,
q,overlap_dual,17,0.0068023885942039685,50.0,,0.001,,0.01,500,0.38166750152845674,0.38166750152845674,0.9993252361673415,0.9979757085020243,,,,,,
q,overlap_dual,18,0.0073061725894156,50.0,,0.001,,0.01,100,0.057705155475910264,0.043197596152874995,0.9719789842381786,0.978494623655914,,,,,,
q,overlap_dual,18,0.0073061725894156,50.0,,0.001,,0.01,500,0.20504268367567846,0.20127673333020724,0.994614607876136,0.9959432048681541,,,,,,
q,overlap_dual,19,0.0074312270844230505,50.0,,0.001,,0.01,100,0.03737461786786911,0.037003879195726896,1.0,1.0,,,,,,
q,overlap_dual,19,0.0074312270844230505,50.0,,0.001,,0.01,500,0.3035883459240196,0.29521093057890413,1.0,1.0,,,,,,
q,overlap_dual,0,0.021449747788380477,50.0,,0.001,,0.03,100,0.04219761888526441,0.04003603080639073,1.0,1.0,,,,,,
q,overlap_dual,0,0.021449747788380477,50.0,,0.001,,0.03,500,0.15954958622357757,0.13321069663586615,1.0,1.0,,,,,,
q,overlap_dual,1,0.02294249956069301,50.0,,0.001,,0.03,100,0.06016889200512243,0.06016889200512243,1.0,1.0,,,,,,
q,overlap_dual,1,0.02294249956069301,50.0,,0.001,,0.03,500,0.38944645013026724,0.38944645013026724,1.0,1.0,,,,,,
q,overlap_dual,2,0.02172909110089262,50.0,,0.001,,0.03,100,0.038388685919229254,0.03176648741164205,1.0,1.0,,,,,,
q,overlap_dual,2,0.02172909110089262,50.0,,0.001,,0.03,500,0.09932830929173864,0.07230486951244863,1.0,1.0,,,,,,
q,overlap_dual,3,0.022916959429278815,50.0,,0.001,,0.03,100,0.048618696158022834,0.03731581232192334,0.9858657243816255,0.9893617021276596,,,,,,
q,overlap_dual,3,0.022916959429278815,50.0,,0.001,,0.03,500,0.1602279021831361,0.15906273758651623,0.9973027646662171,0.9959514170040485,,,,,,
q,overlap_dual,12,0.022805698749858144,50.0,,0.001,,0.03,100,0.05936311685682544,0.05936311685682544,1.0,1.0,,,,,,
q,overlap_dual,12,0.022805698749858144,50.0,,0.001,,0.03,500,0.489107192033146,0.4745160509574594,1.0,1.0,,,,,,
q,overlap_dual,13,0.024894643139129636,50.0,,0.001,,0.03,100,0.03818620567116526,0.024938740063418674,0.9776247848537005,0.9894736842105263,,,,,,
q,overlap_dual,13,0.024894643139129636,50.0,,0.001,,0.03,500,0.20239449427449063,0.1584543327393737,0.9956390472995639,0.997979797979798,,,,,,
q,overlap_dual,14,0.019937281968180908,50.0,,0.001,,0.03,100,0.04530882561999486,0.0426341208928154,0.9737302977232924,0.967741935483871,,,,,,
q,overlap_dual,14,0.019937281968180908,50.0,,0.001,,0.03,500,0.07496741247892669,0.06589163129578168,0.9949511948838775,0.9939148073022313,,,,,,
q,overlap_dual,15,0.022438681938625523,50.0,,0.001,,0.03,100,0.04074551705555943,0.04074551705555943,1.0,1.0,,,,,,
q,overlap_dual,15,0.022438681938625523,50.0,,0.001,,0.03,500,0.10852027895454652,0.10852027895454652,1.0,1.0,,,,,,
q,overlap_dual,16,0.019413387533389493,50.0,,0.001,,0.03,100,0.0405310024305604,0.03632833702011612,1.0,1.0,,,,,,
q,overlap_dual,16,0.019413387533389493,50.0,,0.001,,0.03,500,0.3452973704300111,0.3446247938950697,1.0,1.0,,,,,,
q,overlap_dual,17,0.0204071657826119,50.0,,0.001,,0.03,100,0.04571571220524856,0.04571571220524856,0.9964539007092199,0.9893617021276596,,,,,,
q,overlap_dual,17,0.0204071657826119,50.0,,0.001,,0.03,500,0.3850546135219659,0.3850546135219659,0.9993252361673415,0.9979757085020243,,,,,,
q,overlap_dual,18,0.021918517768246798,50.0,,0.001,,0.03,100,0.058150080827159556,0.04355673326395282,0.9719789842381786,0.978494623655914,,,,,,
q,overlap_dual,18,0.021918517768246798,50.0,,0.001,,0.03,500,0.2054690963764969,0.20163880318928795,0.994614607876136,0.9959432048681541,,,,,,
q,overlap_dual,19,0.022293681253269144,50.0,,0.001,,0.03,100,0.037774562454762295,0.03719798495038973,1.0,1.0,,,,,,
q,overlap_dual,19,0.022293681253269144,50.0,,0.001,,0.03,500,0.2980542557237267,0.289598545224929,1.0,1.0,,,,,,
q,overlap_dual,4,0.022260754663436334,50.0,,0.001,,0.03,100,0.030859950367135847,0.014486282612941652,1.0,1.0,,,,,,
q,overlap_dual,4,0.022260754663436334,50.0,,0.001,,0.03,500,0.05159938466542613,0.031874204614640966,1.0,1.0,,,,,,
q,overlap_dual,5,0.02191012195593087,50.0,,0.001,,0.03,100,0.04061922404812918,0.03642715812189856,1.0,1.0,,,,,,
q,overlap_dual,5,0.02191012195593087,50.0,,0.001,,0.03,500,0.10477961631686616,0.06925719279693832,1.0,1.0,,,,,,
q,overlap_dual,6,0.021775320876869408,50.0,,0.001,,0.03,100,0.05264439848320479,0.05264439848320479,1.0,1.0,,,,,,
q,overlap_dual,6,0.021775320876869408,50.0,,0.001,,0.03,500,0.2967342148759995,0.29045462369903907,1.0,1.0,,,,,,
q,overlap_dual,7,0.02235462640665288,50.0,,0.001,,0.03,100,0.024493709146156117,0.023609880308640863,1.0,1.0,,,,,,
q,overlap_dual,7,0.02235462640665288,50.0,,0.001,,0.03,500,0.08876535929675677,0.04536087863319249,1.0,1.0,,,,,,
q,overlap_dual,8,0.023753498792135293,50.0,,0.001,,0.03,100,0.030290410342661334,0.029760835440614475,1.0,1.0,,,,,,
q,overlap_dual,8,0.023753498792135293,50.0,,0.001,,0.03,500,0.3925314231724286,0.3571012385833383,1.0,1.0,,,,,,
q,overlap_dual,9,0.02324532024646327,50.0,,0.001,,0.03,100,0.09069121633947186,0.0828159459303126,1.0,1.0,,,,,,
q,overlap_dual,9,0.02324532024646327,50.0,,0.001,,0.03,500,0.21079889856266298,0.17757536519643424,1.0,1.0,,,,,,
q,overlap_dual,10,0.024474005311235093,50.0,,0.001,,0.03,100,0.05028105399784893,0.042243131353489595,0.9893428063943162,0.9894736842105263,,,,,,
q,overlap_dual,10,0.024474005311235093,50.0,,0.001,,0.03,500,0.12578304397564244,0.0733438429642903,0.9979750253121836,0.997979797979798,,,,,,
q,overlap_dual,11,0.023581854934642175,50.0,,0.001,,0.03,100,0.03579095044787506,0.030828539603221017,1.0,1.0,,,,,,
q,overlap_dual,11,0.023581854934642175,50.0,,0.001,,0.03,500,0.17514651014703597,0.17297324289675187,1.0,1.0,,,,,,
q,overlap_dual,12,0.0760189958328605,50.0,,0.001,,0.1,100,0.06015089714332694,0.06015089714332694,1.0,1.0,,,,,,
q,overlap_dual,12,0.0760189958328605,50.0,,0.001,,0.1,500,0.4977541819508904,0.48240850853011785,1.0,1.0,,,,,,
q,overlap_dual,13,0.0829821437970988,50.0,,0.001,,0.1,100,0.03859429666308256,0.024015373215181768,0.9741824440619621,0.9894736842105263,,,,,,
q,overlap_dual,13,0.0829821437970988,50.0,,0.001,,0.1,500,0.18842209692755274,0.14464648077904796,0.9949681314994968,0.997979797979798,,,,,,
q,overlap_dual,14,0.06645760656060302,50.0,,0.001,,0.1,100,0.04569729650442064,0.04337065855508643,0.9737302977232924,0.967741935483871,,,,,,
q,overlap_dual,14,0.06645760656060302,50.0,,0.001,,0.1,500,0.07366911304160939,0.06396653113810602,0.9949511948838775,0.9939148073022313,,,,,,
q,overlap_dual,15,0.07479560646208509,50.0,,0.001,,0.1,100,0.03976615524276636,0.03976615524276636,1.0,1.0,,,,,,
q,overlap_dual,15,0.07479560646208509,50.0,,0.001,,0.1,500,0.10607105906043346,0.08758678450937785,1.0,1.0,,,,,,
q,overlap_dual,8,0.07917832930711764,50.0,,0.001,,0.1,100,0.03262203585447743,0.03262203585447743,1.0,1.0,,,,,,
q,overlap_dual,8,0.07917832930711764,50.0,,0.001,,0.1,500,0.3961455657184567,0.3608627318014552,1.0,1.0,,,,,,
q,overlap_dual,9,0.07748440082154424,50.0,,0.001,,0.1,100,0.09199132565074142,0.08380182935828373,1.0,1.0,,,,,,
q,overlap_dual,9,0.07748440082154424,50.0,,0.001,,0.1,500,0.2223469630065127,0.19300801670022394,1.0,1.0,,,,,,
q,overlap_dual,10,0.08158001770411699,50.0,,0.001,,0.1,100,0.04997810397376698,0.04196621569924504,0.9893428063943162,0.9894736842105263,,,,,,
q,overlap_dual,10,0.08158001770411699,50.0,,0.001,,0.1,500,0.1248836175354322,0.07238313955209374,0.9979750253121836,0.997979797979798,,,,,,
q,overlap_dual,11,0.07860618311547392,50.0,,0.001,,0.1,100,0.036443985548638924,0.03098700802683213,0.9981884057971014,1.0,,,,,,
q,overlap_dual,11,0.07860618311547392,50.0,,0.001,,0.1,500,0.18695346224940113,0.18482868711493605,0.9996612466124661,1.0,,,,,,
q,overlap_dual,16,0.06471129177796499,50.0,,0.001,,0.1,100,0.041514927302259474,0.03732638600082577,1.0,1.0,,,,,,
q,overlap_dual,16,0.06471129177796499,50.0,,0.001,,0.1,500,0.33416807635754475,0.3333897560650403,1.0,1.0,,,,,,
q,overlap_dual,17,0.06802388594203969,50.0,,0.001,,0.1,100,0.044184862835544236,0.044184862835544236,0.9964539007092199,0.9893617021276596,,,,,,
q,overlap_dual,17,0.06802388594203969,50.0,,0.001,,0.1,500,0.39802550693267325,0.39802550693267325,0.9993252361673415,0.9979757085020243,,,,,,
q,overlap_dual,18,0.073061725894156,50.0,,0.001,,0.1,100,0.05989052247578486,0.04494790051832043,0.9737302977232924,0.978494623655914,,,,,,
q,overlap_dual,18,0.073061725894156,50.0,,0.001,,0.1,500,0.2077925876782789,0.20373081667693782,0.9949511948838775,0.9959432048681541,,,,,,
q,overlap_dual,19,0.0743122708442305,50.0,,0.001,,0.1,100,0.03927151611357793,0.03800627781963117,1.0,1.0,,,,,,
q,overlap_dual,19,0.0743122708442305,50.0,,0.001,,0.1,500,0.2809776669003212,0.27222720936794387,1.0,1.0,,,,,,
q,overlap_dual,4,0.0742025155447878,50.0,,0.001,,0.1,100,0.03306320432954046,0.016089752519288902,1.0,1.0,,,,,,
q,overlap_dual,4,0.0742025155447878,50.0,,0.001,,0.1,500,0.05280709906526182,0.03587098716923087,1.0,1.0,,,,,,
q,overlap_dual,5,0.07303373985310291,50.0,,0.001,,0.1,100,0.04020184788516157,0.035804936016351596,1.0,1.0,,,,,,
q,overlap_dual,5,0.07303373985310291,50.0,,0.001,,0.1,500,0.11409988688582207,0.07759270307233379,1.0,1.0,,,,,,
q,overlap_dual,6,0.07258440292289806,50.0,,0.001,,0.1,100,0.05309534888387546,0.05309534888387546,1.0,1.0,,,,,,
q,overlap_dual,6,0.07258440292289806,50.0,,0.001,,0.1,500,0.3105585707421685,0.30440061904159865,1.0,1.0,,,,,,
q,overlap_dual,7,0.07451542135550963,50.0,,0.001,,0.1,100,0.027013032976594298,0.02625460750431552,1.0,1.0,,,,,,
q,overlap_dual,7,0.07451542135550963,50.0,,0.001,,0.1,500,0.07330167997485404,0.0663183415613795,1.0,1.0,,,,,,
q,overlap_dual,0,0.0714991592946016,50.0,,0.001,,0.1,100,0.041306008514146564,0.03927795977563098,1.0,1.0,,,,,,
q,overlap_dual,0,0.0714991592946016,50.0,,0.001,,0.1,500,0.160303253801377,0.13389856296400504,1.0,1.0,,,,,,
q,overlap_dual,1,0.07647499853564337,50.0,,0.001,,0.1,100,0.06309359076823928,0.06309359076823928,1.0,1.0,,,,,,
q,overlap_dual,1,0.07647499853564337,50.0,,0.001,,0.1,500,0.416385414690037,0.416385414690037,1.0,1.0,,,,,,
q,overlap_dual,2,0.07243030366964208,50.0,,0.001,,0.1,100,0.037802759807758365,0.031909824188017355,1.0,1.0,,,,,,
q,overlap_dual,2,0.07243030366964208,50.0,,0.001,,0.1,500,0.10442113360701466,0.08007218131725913,1.0,1.0,,,,,,
q,overlap_dual,3,0.0763898647642627,50.0,,0.001,,0.1,100,0.04961366057912326,0.03832505109758864,0.9858657243816255,0.9893617021276596,,,,,,
q,overlap_dual,3,0.0763898647642627,50.0,,0.001,,0.1,500,0.16636159552281327,0.1651355241679202,0.9973027646662171,0.9959514170040485,,,,,,
q,overlap_dual,4,0.1484050310895756,50.0,,0.001,,0.2,100,0.0363868312845852,0.01998853546366841,1.0,1.0,,,,,,
q,overlap_dual,4,0.1484050310895756,50.0,,0.001,,0.2,500,0.05586496176830158,0.041622529598327684,1.0,1.0,,,,,,
q,overlap_dual,5,0.14606747970620582,50.0,,0.001,,0.2,100,0.04010789139710336,0.035386443536637335,1.0,1.0,,,,,,
q,overlap_dual,5,0.14606747970620582,50.0,,0.001,,0.2,500,0.1278774573262189,0.08962748635657336,1.0,1.0,,,,,,
q,overlap_dual,6,0.1451688058457961,50.0,,0.001,,0.2,100,0.05430576067585613,0.05430576067585613,1.0,1.0,,,,,,
q,overlap_dual,6,0.1451688058457961,50.0,,0.001,,0.2,500,0.33262027437547514,0.32655474196736645,1.0,1.0,,,,,,
q,overlap_dual,7,0.14903084271101927,50.0,,0.001,,0.2,100,0.030697339844250715,0.030098819573691316,1.0,1.0,,,,,,
q,overlap_dual,7,0.14903084271101927,50.0,,0.001,,0.2,500,0.11067941797493619,0.1078257355567569,1.0,1.0,,,,,,
q,overlap_dual,0,0.1429983185892032,50.0,,0.001,,0.2,100,0.04058300457828912,0.03871035525813449,1.0,1.0,,,,,,
q,overlap_dual,0,0.1429983185892032,50.0,,0.001,,0.2,500,0.16322893431315966,0.13635666000861424,1.0,1.0,,,,,,
q,overlap_dual,1,0.15294999707128673,50.0,,0.001,,0.2,100,0.06772616788260977,0.06772616788260977,1.0,1.0,,,,,,
q,overlap_dual,1,0.15294999707128673,50.0,,0.001,,0.2,500,0.45726515346945185,0.45726515346945185,1.0,1.0,,,,,,
q,overlap_dual,2,0.14486060733928416,50.0,,0.001,,0.2,100,0.03745058262733855,0.03246631006417908,1.0,1.0,,,,,,
q,overlap_dual,2,0.14486060733928416,50.0,,0.001,,0.2,500,0.11242947761197752,0.09139650631183638,1.0,1.0,,,,,,
q,overlap_dual,3,0.1527797295285254,50.0,,0.001,,0.2,100,0.05151572864446691,0.040116445230308974,0.9858657243816255,1.0,,,,,,
q,overlap_dual,3,0.1527797295285254,50.0,,0.001,,0.2,500,0.17647627002983812,0.17515936375779684,0.9973027646662171,1.0,,,,,,
q,overlap_dual,8,0.15835665861423528,50.0,,0.001,,0.2,100,0.03682780609566361,0.03682780609566361,1.0,1.0,,,,,,
q,overlap_dual,8,0.15835665861423528,50.0,,0.001,,0.2,500,0.4055240216806153,0.3700414502286187,1.0,1.0,,,,,,
q,overlap_dual,9,0.1549688016430885,50.0,,0.001,,0.2,100,0.09478468065563073,0.0860815194737452,1.0,1.0,,,,,,
q,overlap_dual,9,0.1549688016430885,50.0,,0.001,,0.2,500,0.2403487234869981,0.21588753525208815,1.0,1.0,,,,,,
q,overlap_dual,10,0.16316003540823398,50.0,,0.001,,0.2,100,0.05014961072776054,0.042081957519493604,0.9875666074600356,0.9894736842105263,,,,,,
q,overlap_dual,10,0.16316003540823398,50.0,,0.001,,0.2,500,0.1251195143698438,0.07191993797749108,0.9976375295308809,0.997979797979798,,,,,,
q,overlap_dual,11,0.15721236623094784,50.0,,0.001,,0.2,100,0.03772990373763685,0.03155258878356737,0.9981884057971014,1.0,,,,,,
q,overlap_dual,11,0.15721236623094784,50.0,,0.001,,0.2,500,0.20486249039672777,0.20277945109751117,0.9996612466124661,1.0,,,,,,
q,overlap_dual,12,0.152037991665721,50.0,,0.001,,0.2,100,0.061887314987270126,0.061887314987270126,1.0,1.0,,,,,,
q,overlap_dual,12,0.152037991665721,50.0,,0.001,,0.2,500,0.5149845805528488,0.49841881231420404,1.0,1.0,,,,,,
q,overlap_dual,13,0.1659642875941976,50.0,,0.001,,0.2,100,0.03958727691157082,0.023782323669518157,0.9672977624784854,0.9894736842105263,,,,,,
q,overlap_dual,13,0.1659642875941976,50.0,,0.001,,0.2,500,0.17182636796372686,0.13295695811060515,0.9936262998993626,0.997979797979798,,,,,,
q,overlap_dual,14,0.13291521312120605,50.0,,0.001,,0.2,100,0.04673534751454406,0.04485036963073755,0.9737302977232924,0.967741935483871,,,,,,
q,overlap_dual,14,0.13291521312120605,50.0,,0.001,,0.2,500,0.07277057613274229,0.06742441941225963,0.9949511948838775,0.9939148073022313,,,,,,
q,overlap_dual,15,0.14959121292417019,50.0,,0.001,,0.2,100,0.03891268364949485,0.03891268364949485,1.0,1.0,,,,,,
q,overlap_dual,15,0.14959121292417019,50.0,,0.001,,0.2,500,0.12216584202528247,0.0605774106649144,1.0,1.0,,,,,,
q,overlap_dual,16,0.12942258355592998,50.0,,0.001,,0.2,100,0.04338860467582217,0.03908671657684404,1.0,1.0,,,,,,
q,overlap_dual,16,0.12942258355592998,50.0,,0.001,,0.2,500,0.3231456300391904,0.32221095430419266,1.0,1.0,,,,,,
q,overlap_dual,17,0.13604777188407938,50.0,,0.001,,0.2,100,0.042643294431632006,0.042643294431632006,0.9964539007092199,0.9893617021276596,,,,,,
q,overlap_dual,17,0.13604777188407938,50.0,,0.001,,0.2,500,0.419982948970929,0.419982948970929,0.9993252361673415,0.9979757085020243,,,,,,
q,overlap_dual,18,0.146123451788312,50.0,,0.001,,0.2,100,0.0629198818964507,0.0473392727672961,0.9737302977232924,0.978494623655914,,,,,,
q,overlap_dual,18,0.146123451788312,50.0,,0.001,,0.2,500,0.2132851218708387,0.20886477983256935,0.9949511948838775,0.9959432048681541,,,,,,
q,overlap_dual,19,0.148624541688461,50.0,,0.001,,0.2,100,0.041727747865421216,0.03952142505852152,1.0,1.0,,,,,,
q,overlap_dual,19,0.148624541688461,50.0,,0.001,,0.2,500,0.26135365371832275,0.2521138626765054,1.0,1.0,,,,,,
q,overlap_dual,0,0.21449747788380477,50.0,,0.001,,0.3,100,0.0404190634195587,0.03867248851485727,1.0,1.0,,,,,,
q,overlap_dual,0,0.21449747788380477,50.0,,0.001,,0.3,500,0.16826363433705083,0.140579574268605,1.0,1.0,,,,,,
q,overlap_dual,1,0.22942499560693014,50.0,,0.001,,0.3,100,0.07313506918056234,0.07313506918056234,1.0,1.0,,,,,,
q,overlap_dual,1,0.22942499560693014,50.0,,0.001,,0.3,500,0.5032396152869039,0.5032396152869039,1.0,1.0,,,,,,
q,overlap_dual,2,0.21729091100892622,50.0,,0.001,,0.3,100,0.037550154827599214,0.03338396563239135,1.0,1.0,,,,,,
q,overlap_dual,2,0.21729091100892622,50.0,,0.001,,0.3,500,0.12168378487925136,0.10361916948919325,1.0,1.0,,,,,,
q,overlap_dual,3,0.2291695942927881,50.0,,0.001,,0.3,100,0.05405879474353606,0.04239894638798815,0.9858657243816255,1.0,,,,,,
q,overlap_dual,3,0.2291695942927881,50.0,,0.001,,0.3,500,0.18868360887991176,0.1872673581935006,0.9973027646662171,1.0,,,,,,
q,overlap_dual,4,0.22260754663436333,50.0,,0.001,,0.3,100,0.04010563173145143,0.0240463306605867,1.0,1.0,,,,,,
q,overlap_dual,4,0.22260754663436333,50.0,,0.001,,0.3,500,0.06421950649440245,0.04776601313392259,1.0,1.0,,,,,,
q,overlap_dual,5,0.21910121955930872,50.0,,0.001,,0.3,100,0.040558634047618614,0.03545825371446254,1.0,1.0,,,,,,
q,overlap_dual,5,0.21910121955930872,50.0,,0.001,,0.3,500,0.1429855059488343,0.10251954082219505,1.0,1.0,,,,,,
q,overlap_dual,6,0.2177532087686941,50.0,,0.001,,0.3,100,0.056209037948717455,0.056209037948717455,1.0,1.0,,,,,,
q,overlap_dual,6,0.2177532087686941,50.0,,0.001,,0.3,500,0.35854106719699264,0.3524844629746413,1.0,1.0,,,,,,
q,overlap_dual,7,0.22354626406652878,50.0,,0.001,,0.3,100,0.034697424969694524,0.03424756402809592,1.0,1.0,,,,,,
q,overlap_dual,7,0.22354626406652878,50.0,,0.001,,0.3,500,0.15251024600076635,0.1497122122404031,1.0,1.0,,,,,,
q,overlap_dual,16,0.3235564588898249,50.0,,0.001,,0.5,100,0.05388828160178599,0.04793057710170795,1.0,1.0,,,,,,
q,overlap_dual,16,0.3235564588898249,50.0,,0.001,,0.5,500,0.3170507774109481,0.31550942232483203,1.0,1.0,,,,,,
q,overlap_dual,17,0.34011942971019843,50.0,,0.001,,0.5,100,0.049052733849911295,0.04152726251342692,0.9964539007092199,0.9893617021276596,,,,,,
q,overlap_dual,17,0.34011942971019843,50.0,,0.001,,0.5,500,0.525159432709168,0.525159432709168,0.9993252361673415,0.9979757085020243,,,,,,
q,overlap_dual,18,0.36530862947077997,50.0,,0.001,,0.5,100,0.07790694453874414,0.05900290740349501,0.9737302977232924,0.978494623655914,,,,,,
q,overlap_dual,18,0.36530862947077997,50.0,,0.001,,0.5,500,0.2489113320080536,0.24296302697585226,0.9949511948838775,0.9959432048681541,,,,,,
q,overlap_dual,19,0.3715613542211524,50.0,,0.001,,0.5,100,0.05303382678798041,0.047659673577571615,1.0,1.0,,,,,,
q,overlap_dual,19,0.3715613542211524,50.0,,0.001,,0.5,500,0.2400239642703248,0.21127082042103273,1.0,1.0,,,,,,
q,overlap_dual,12,0.38009497916430235,50.0,,0.001,,0.5,100,0.07260827051285262,0.07260827051285262,1.0,1.0,,,,,,
q,overlap_dual,12,0.38009497916430235,50.0,,0.001,,0.5,500,0.6131421400977981,0.5906694122202618,1.0,1.0,,,,,,
q,overlap_dual,13,0.41491071898549386,50.0,,0.001,,0.5,100,0.04622205682266489,0.027584757144396788,0.9363166953528399,0.9789473684210527,,,,,,
q,overlap_dual,13,0.41491071898549386,50.0,,0.001,,0.5,500,0.13460229811288738,0.10773263324036586,0.9855753102985575,0.9939393939393939,,,,,,
q,overlap_dual,14,0.33228803280301505,50.0,,0.001,,0.5,100,0.05390832549012026,0.05326704704884258,0.9597197898423818,0.956989247311828,,,,,,
q,overlap_dual,14,0.33228803280301505,50.0,,0.001,,0.5,500,0.1020534402859079,0.10109317398231676,0.9922584988219455,0.9918864097363083,,,,,,
q,overlap_dual,15,0.3739780323104254,50.0,,0.001,,0.5,100,0.040355810360282074,0.03962933957360029,1.0,1.0,,,,,,
q,overlap_dual,15,0.3739780323104254,50.0,,0.001,,0.5,500,0.18320815813445945,0.08555638170197644,1.0,1.0,,,,,,
q,overlap_dual,8,0.23753498792135286,50.0,,0.001,,0.3,100,0.04141712059051916,0.04141712059051916,1.0,1.0,,,,,,
q,overlap_dual,8,0.23753498792135286,50.0,,0.001,,0.3,500,0.4200794501392737,0.38393587755632397,1.0,1.0,,,,,,
q,overlap_dual,9,0.2324532024646327,50.0,,0.001,,0.3,100,0.09877000130588531,0.08945155786320802,1.0,1.0,,,,,,
q,overlap_dual,9,0.2324532024646327,50.0,,0.001,,0.3,500,0.261084141094857,0.24106454310951508,1.0,1.0,,,,,,
q,overlap_dual,10,0.24474005311235095,50.0,,0.001,,0.3,100,0.050993960418188135,0.04276579636741771,0.9875666074600356,0.9894736842105263,,,,,,
q,overlap_dual,10,0.24474005311235095,50.0,,0.001,,0.3,500,0.12727380459856352,0.07242469849876354,0.9976375295308809,0.997979797979798,,,,,,
q,overlap_dual,11,0.23581854934642174,50.0,,0.001,,0.3,100,0.03948109485824802,0.03252448559230409,0.9981884057971014,1.0,,,,,,
q,overlap_dual,11,0.23581854934642174,50.0,,0.001,,0.3,500,0.224983084181956,0.22291468261207315,0.9996612466124661,1.0,,,,,,
q,overlap_dual,12,0.22805698749858141,50.0,,0.001,,0.3,100,0.06439782181164827,0.06439782181164827,1.0,1.0,,,,,,
q,overlap_dual,12,0.22805698749858141,50.0,,0.001,,0.3,500,0.5385820264971686,0.5205632633147746,1.0,1.0,,,,,,
q,overlap_dual,13,0.24894643139129632,50.0,,0.001,,0.3,100,0.041086735294612264,0.024616069020303888,0.9655765920826161,0.9894736842105263,,,,,,
q,overlap_dual,13,0.24894643139129632,50.0,,0.001,,0.3,500,0.1579293875234602,0.12333091065803714,0.993290841999329,0.9959595959595959,,,,,,
q,overlap_dual,14,0.19937281968180906,50.0,,0.001,,0.3,100,0.04835676353370574,0.04688021892174274,0.968476357267951,0.956989247311828,,,,,,
q,overlap_dual,14,0.19937281968180906,50.0,,0.001,,0.3,500,0.07737081747924301,0.07703820077096335,0.993941433860653,0.9918864097363083,,,,,,
q,overlap_dual,15,0.2243868193862552,50.0,,0.001,,0.3,100,0.038604671409133234,0.038604671409133234,1.0,1.0,,,,,,
q,overlap_dual,15,0.2243868193862552,50.0,,0.001,,0.3,500,0.13949927697025044,0.055624914679246684,1.0,1.0,,,,,,
q,overlap_dual,16,0.1941338753338949,50.0,,0.001,,0.3,100,0.046079348585360946,0.04131914460476299,1.0,1.0,,,,,,
q,overlap_dual,16,0.1941338753338949,50.0,,0.001,,0.3,500,0.3167920893880627,0.3156866625841106,1.0,1.0,,,,,,
q,overlap_dual,17,0.204071657826119,50.0,,0.001,,0.3,100,0.04171444804182495,0.04171444804182495,0.9964539007092199,0.9893617021276596,,,,,,
q,overlap_dual,17,0.204071657826119,50.0,,0.001,,0.3,500,0.44702023430623194,0.44702023430623194,0.9993252361673415,0.9979757085020243,,,,,,
q,overlap_dual,18,0.21918517768246798,50.0,,0.001,,0.3,100,0.06672659713985474,0.05031769220087612,0.9737302977232924,0.978494623655914,,,,,,
q,overlap_dual,18,0.21918517768246798,50.0,,0.001,,0.3,500,0.2214890349342138,0.21665721617611045,0.9949511948838775,0.9959432048681541,,,,,,
q,overlap_dual,19,0.2229368125326915,50.0,,0.001,,0.3,100,0.044680457420715136,0.04152268788707891,1.0,1.0,,,,,,
q,overlap_dual,19,0.2229368125326915,50.0,,0.001,,0.3,500,0.24576355609402256,0.23592788907243856,1.0,1.0,,,,,,
q,overlap_dual,0,0.35749579647300794,50.0,,0.001,,0.5,100,0.041814883485249865,0.04026284287316506,1.0,1.0,,,,,,
q,overlap_dual,0,0.35749579647300794,50.0,,0.001,,0.5,500,0.18648579854774006,0.15585297500694018,1.0,1.0,,,,,,
q,overlap_dual,1,0.38237499267821684,50.0,,0.001,,0.5,100,0.08799257583843456,0.08799257583843456,1.0,1.0,,,,,,
q,overlap_dual,1,0.38237499267821684,50.0,,0.001,,0.5,500,0.62486937231504,0.62486937231504,1.0,1.0,,,,,,
q,overlap_dual,2,0.36215151834821036,50.0,,0.001,,0.5,100,0.04362643434602269,0.03693328766753842,1.0,1.0,,,,,,
q,overlap_dual,2,0.36215151834821036,50.0,,0.001,,0.5,500,0.15215296815990698,0.13467181056602473,1.0,1.0,,,,,,
q,overlap_dual,3,0.38194932382131347,50.0,,0.001,,0.5,100,0.06192427161251064,0.04919252859669154,0.9858657243816255,1.0,,,,,,
q,overlap_dual,3,0.38194932382131347,50.0,,0.001,,0.5,500,0.2233163669767545,0.22165425990852206,0.9973027646662171,1.0,,,,,,
q,overlap_dual,4,0.37101257772393886,50.0,,0.001,,0.5,100,0.04987891333762351,0.03384593626630017,1.0,1.0,,,,,,
q,overlap_dual,4,0.37101257772393886,50.0,,0.001,,0.5,500,0.08507327408776222,0.06308540968870924,1.0,1.0,,,,,,
q,overlap_dual,5,0.3651686992655145,50.0,,0.001,,0.5,100,0.04332583098089382,0.03871225642392283,1.0,1.0,,,,,,
q,overlap_dual,5,0.3651686992655145,50.0,,0.001,,0.5,500,0.1817965700989257,0.13474367025175127,1.0,1.0,,,,,,
q,overlap_dual,6,0.3629220146144902,50.0,,0.001,,0.5,100,0.06277130696983146,0.06277130696983146,1.0,1.0,,,,,,
q,overlap_dual,6,0.3629220146144902,50.0,,0.001,,0.5,500,0.43018726800593443,0.4238860968163647,1.0,1.0,,,,,,
q,overlap_dual,7,0.37257710677754813,50.0,,0.001,,0.5,100,0.044871194757251764,0.04472776523740474,1.0,1.0,,,,,,
q,overlap_dual,7,0.37257710677754813,50.0,,0.001,,0.5,500,0.24980452838702716,0.24700876142309403,1.0,1.0,,,,,,
q,overlap_dual,8,0.39589164653558817,50.0,,0.001,,0.5,100,0.05315716457907782,0.05315716457907782,1.0,1.0,,,,,,
q,overlap_dual,8,0.39589164653558817,50.0,,0.001,,0.5,500,0.470298882456464,0.4307400203832976,1.0,1.0,,,,,,
q,overlap_dual,9,0.3874220041077212,50.0,,0.001,,0.5,100,0.11168102220871956,0.10063154111544648,1.0,1.0,,,,,,
q,overlap_dual,9,0.3874220041077212,50.0,,0.001,,0.5,500,0.323557591938642,0.30610875419447825,1.0,1.0,,,,,,
q,overlap_dual,10,0.4079000885205849,50.0,,0.001,,0.5,100,0.05507302355746044,0.04614712630023497,0.9875666074600356,0.9894736842105263,,,,,,
q,overlap_dual,10,0.4079000885205849,50.0,,0.001,,0.5,500,0.13761068563292733,0.07665308698896078,0.9976375295308809,0.997979797979798,,,,,,
q,overlap_dual,11,0.3930309155773696,50.0,,0.001,,0.5,100,0.044977029366223,0.03604637775517172,0.9981884057971014,1.0,,,,,,
q,overlap_dual,11,0.3930309155773696,50.0,,0.001,,0.5,500,0.2780542291878887,0.27593650363731603,0.9996612466124661,1.0,,,,,,
