[2026-04-16 17:47:44] START ds_online cases_000 (100 steps)
[2026-04-16 17:47:59] ds_online cases_000  steps   1-  9: 14.7s  total: 14.7s  (10/100)
[2026-04-16 17:48:15] ds_online cases_000  steps  11- 19: 16.3s  total: 31.0s  (20/100)
[2026-04-16 17:48:31] ds_online cases_000  steps  21- 29: 16.3s  total: 47.2s  (30/100)
[2026-04-16 17:48:49] ds_online cases_000  steps  31- 39: 17.9s  total: 65.1s  (40/100)
[2026-04-16 17:49:05] ds_online cases_000  steps  41- 49: 16.0s  total: 81.2s  (50/100)
[2026-04-16 17:49:21] ds_online cases_000  steps  51- 59: 15.5s  total: 96.7s  (60/100)
[2026-04-16 17:49:37] ds_online cases_000  steps  61- 69: 16.6s  total: 113.2s  (70/100)
[2026-04-16 17:49:53] ds_online cases_000  steps  71- 79: 16.0s  total: 129.3s  (80/100)
[2026-04-16 17:50:09] ds_online cases_000  steps  81- 89: 15.9s  total: 145.2s  (90/100)
[2026-04-16 17:50:26] ds_online cases_000  steps  91- 99: 16.5s  total: 161.8s  (100/100)
[2026-04-16 17:50:26] DONE ds_online cases_000  total: 161.8s  (1.62s/step)
[2026-04-16 17:50:26]   tokens: 217,450 in + 1,000 out (reasoning: 0)  cost: $0.0598
[2026-04-16 17:50:27] START ds_online cases_001 (100 steps)
[2026-04-16 17:50:41] ds_online cases_001  steps   1-  9: 14.4s  total: 14.4s  (10/100)
[2026-04-16 17:50:55] ds_online cases_001  steps  11- 19: 14.1s  total: 28.6s  (20/100)
[2026-04-16 17:51:09] ds_online cases_001  steps  21- 29: 14.0s  total: 42.6s  (30/100)
[2026-04-16 17:51:25] ds_online cases_001  steps  31- 39: 15.4s  total: 58.0s  (40/100)
[2026-04-16 17:51:38] ds_online cases_001  steps  41- 49: 13.8s  total: 71.8s  (50/100)
[2026-04-16 17:51:52] ds_online cases_001  steps  51- 59: 13.8s  total: 85.7s  (60/100)
[2026-04-16 17:52:08] ds_online cases_001  steps  61- 69: 15.8s  total: 101.5s  (70/100)
[2026-04-16 17:52:22] ds_online cases_001  steps  71- 79: 14.0s  total: 115.5s  (80/100)
[2026-04-16 17:52:38] ds_online cases_001  steps  81- 89: 15.8s  total: 131.3s  (90/100)
[2026-04-16 17:52:54] ds_online cases_001  steps  91- 99: 16.5s  total: 147.8s  (100/100)
[2026-04-16 17:52:55] DONE ds_online cases_001  total: 147.8s  (1.48s/step)
[2026-04-16 17:52:55]   tokens: 217,450 in + 1,000 out (reasoning: 0)  cost: $0.0598
[2026-04-16 17:52:55] START ds_online cases_002 (100 steps)
[2026-04-16 17:53:10] ds_online cases_002  steps   1-  9: 14.9s  total: 14.9s  (10/100)
[2026-04-16 17:53:25] ds_online cases_002  steps  11- 19: 15.7s  total: 30.6s  (20/100)
[2026-04-16 17:53:41] ds_online cases_002  steps  21- 29: 15.1s  total: 45.7s  (30/100)
[2026-04-16 17:53:56] ds_online cases_002  steps  31- 39: 15.7s  total: 61.3s  (40/100)
[2026-04-16 17:54:12] ds_online cases_002  steps  41- 49: 16.3s  total: 77.6s  (50/100)
[2026-04-16 17:54:28] ds_online cases_002  steps  51- 59: 15.6s  total: 93.3s  (60/100)
[2026-04-16 17:54:44] ds_online cases_002  steps  61- 69: 15.8s  total: 109.1s  (70/100)
[2026-04-16 17:55:00] ds_online cases_002  steps  71- 79: 15.6s  total: 124.7s  (80/100)
[2026-04-16 17:55:15] ds_online cases_002  steps  81- 89: 15.1s  total: 139.9s  (90/100)
[2026-04-16 17:55:31] ds_online cases_002  steps  91- 99: 16.4s  total: 156.3s  (100/100)
[2026-04-16 17:55:32] DONE ds_online cases_002  total: 156.3s  (1.56s/step)
[2026-04-16 17:55:32]   tokens: 217,450 in + 1,000 out (reasoning: 0)  cost: $0.0598
[2026-04-16 17:55:32] START ds_online cases_003 (100 steps)
[2026-04-16 17:55:46] ds_online cases_003  steps   1-  9: 14.2s  total: 14.2s  (10/100)
[2026-04-16 17:56:01] ds_online cases_003  steps  11- 19: 15.7s  total: 29.9s  (20/100)
[2026-04-16 17:56:16] ds_online cases_003  steps  21- 29: 14.6s  total: 44.5s  (30/100)
[2026-04-16 17:56:32] ds_online cases_003  steps  31- 39: 16.1s  total: 60.6s  (40/100)
[2026-04-16 17:56:47] ds_online cases_003  steps  41- 49: 14.6s  total: 75.2s  (50/100)
[2026-04-16 17:57:02] ds_online cases_003  steps  51- 59: 15.1s  total: 90.3s  (60/100)
[2026-04-16 17:57:17] ds_online cases_003  steps  61- 69: 15.1s  total: 105.3s  (70/100)
[2026-04-16 17:57:33] ds_online cases_003  steps  71- 79: 16.5s  total: 121.8s  (80/100)
[2026-04-16 17:57:49] ds_online cases_003  steps  81- 89: 15.4s  total: 137.2s  (90/100)
[2026-04-16 17:58:07] ds_online cases_003  steps  91- 99: 17.8s  total: 154.9s  (100/100)
[2026-04-16 17:58:07] DONE ds_online cases_003  total: 154.9s  (1.55s/step)
[2026-04-16 17:58:07]   tokens: 217,450 in + 1,000 out (reasoning: 0)  cost: $0.0598
[2026-04-16 17:58:07] START ds_online cases_004 (100 steps)
[2026-04-16 17:58:21] ds_online cases_004  steps   1-  9: 13.9s  total: 13.9s  (10/100)
[2026-04-16 17:58:37] ds_online cases_004  steps  11- 19: 16.6s  total: 30.5s  (20/100)
[2026-04-16 17:58:52] ds_online cases_004  steps  21- 29: 14.4s  total: 44.9s  (30/100)
[2026-04-16 17:59:06] ds_online cases_004  steps  31- 39: 14.0s  total: 58.9s  (40/100)
[2026-04-16 17:59:22] ds_online cases_004  steps  41- 49: 15.8s  total: 74.8s  (50/100)
[2026-04-16 17:59:37] ds_online cases_004  steps  51- 59: 15.0s  total: 89.7s  (60/100)
[2026-04-16 17:59:51] ds_online cases_004  steps  61- 69: 14.4s  total: 104.2s  (70/100)
[2026-04-16 18:00:07] ds_online cases_004  steps  71- 79: 15.8s  total: 120.0s  (80/100)
[2026-04-16 18:00:22] ds_online cases_004  steps  81- 89: 15.5s  total: 135.5s  (90/100)
[2026-04-16 18:00:39] ds_online cases_004  steps  91- 99: 16.7s  total: 152.1s  (100/100)
[2026-04-16 18:00:40] DONE ds_online cases_004  total: 152.1s  (1.52s/step)
[2026-04-16 18:00:40]   tokens: 217,450 in + 1,000 out (reasoning: 0)  cost: $0.0598
[2026-04-16 18:00:40] START ds_online cases_005 (100 steps)
[2026-04-16 18:00:54] ds_online cases_005  steps   1-  9: 14.3s  total: 14.3s  (10/100)
[2026-04-16 18:01:09] ds_online cases_005  steps  11- 19: 15.5s  total: 29.8s  (20/100)
[2026-04-16 18:01:26] ds_online cases_005  steps  21- 29: 16.3s  total: 46.0s  (30/100)
[2026-04-16 18:01:41] ds_online cases_005  steps  31- 39: 15.1s  total: 61.2s  (40/100)
[2026-04-16 18:01:57] ds_online cases_005  steps  41- 49: 16.7s  total: 77.9s  (50/100)
[2026-04-16 18:02:13] ds_online cases_005  steps  51- 59: 15.4s  total: 93.3s  (60/100)
[2026-04-16 18:02:29] ds_online cases_005  steps  61- 69: 16.3s  total: 109.6s  (70/100)
[2026-04-16 18:02:43] ds_online cases_005  steps  71- 79: 14.2s  total: 123.8s  (80/100)
[2026-04-16 18:02:59] ds_online cases_005  steps  81- 89: 16.0s  total: 139.7s  (90/100)
[2026-04-16 18:03:15] ds_online cases_005  steps  91- 99: 16.0s  total: 155.7s  (100/100)
[2026-04-16 18:03:16] DONE ds_online cases_005  total: 155.7s  (1.56s/step)
[2026-04-16 18:03:16]   tokens: 217,450 in + 1,000 out (reasoning: 0)  cost: $0.0598
[2026-04-16 18:03:16] START ds_online cases_006 (100 steps)
[2026-04-16 18:03:29] ds_online cases_006  steps   1-  9: 13.4s  total: 13.4s  (10/100)
[2026-04-16 18:03:43] ds_online cases_006  steps  11- 19: 13.8s  total: 27.2s  (20/100)
[2026-04-16 18:03:58] ds_online cases_006  steps  21- 29: 14.9s  total: 42.1s  (30/100)
[2026-04-16 18:04:12] ds_online cases_006  steps  31- 39: 14.1s  total: 56.2s  (40/100)
[2026-04-16 18:04:28] ds_online cases_006  steps  41- 49: 15.7s  total: 71.9s  (50/100)
[2026-04-16 18:04:42] ds_online cases_006  steps  51- 59: 14.1s  total: 86.0s  (60/100)
[2026-04-16 18:04:56] ds_online cases_006  steps  61- 69: 14.0s  total: 99.9s  (70/100)
[2026-04-16 18:05:10] ds_online cases_006  steps  71- 79: 14.4s  total: 114.3s  (80/100)
[2026-04-16 18:05:25] ds_online cases_006  steps  81- 89: 14.6s  total: 129.0s  (90/100)
[2026-04-16 18:05:41] ds_online cases_006  steps  91- 99: 16.1s  total: 145.1s  (100/100)
[2026-04-16 18:05:41] DONE ds_online cases_006  total: 145.1s  (1.45s/step)
[2026-04-16 18:05:41]   tokens: 217,450 in + 1,000 out (reasoning: 0)  cost: $0.0598
[2026-04-16 18:05:41] START ds_online cases_007 (100 steps)
[2026-04-16 18:05:55] ds_online cases_007  steps   1-  9: 14.0s  total: 14.0s  (10/100)
[2026-04-16 18:06:09] ds_online cases_007  steps  11- 19: 13.8s  total: 27.8s  (20/100)
[2026-04-16 18:06:24] ds_online cases_007  steps  21- 29: 14.5s  total: 42.3s  (30/100)
[2026-04-16 18:06:38] ds_online cases_007  steps  31- 39: 14.2s  total: 56.5s  (40/100)
[2026-04-16 18:06:53] ds_online cases_007  steps  41- 49: 15.4s  total: 71.9s  (50/100)
[2026-04-16 18:07:09] ds_online cases_007  steps  51- 59: 15.4s  total: 87.3s  (60/100)
[2026-04-16 18:07:23] ds_online cases_007  steps  61- 69: 14.7s  total: 102.0s  (70/100)
[2026-04-16 18:07:38] ds_online cases_007  steps  71- 79: 14.8s  total: 116.8s  (80/100)
[2026-04-16 18:07:54] ds_online cases_007  steps  81- 89: 15.9s  total: 132.7s  (90/100)
[2026-04-16 18:08:09] ds_online cases_007  steps  91- 99: 15.3s  total: 148.0s  (100/100)
[2026-04-16 18:08:10] DONE ds_online cases_007  total: 148.0s  (1.48s/step)
[2026-04-16 18:08:10]   tokens: 217,450 in + 1,000 out (reasoning: 0)  cost: $0.0598
[2026-04-16 18:08:10] START ds_online cases_008 (100 steps)
[2026-04-16 18:08:25] ds_online cases_008  steps   1-  9: 14.8s  total: 14.8s  (10/100)
[2026-04-16 18:08:38] ds_online cases_008  steps  11- 19: 13.7s  total: 28.5s  (20/100)
[2026-04-16 18:08:52] ds_online cases_008  steps  21- 29: 13.5s  total: 42.0s  (30/100)
[2026-04-16 18:09:06] ds_online cases_008  steps  31- 39: 14.3s  total: 56.3s  (40/100)
[2026-04-16 18:09:20] ds_online cases_008  steps  41- 49: 13.7s  total: 70.0s  (50/100)
[2026-04-16 18:09:34] ds_online cases_008  steps  51- 59: 14.5s  total: 84.5s  (60/100)
[2026-04-16 18:09:47] ds_online cases_008  steps  61- 69: 13.0s  total: 97.5s  (70/100)
[2026-04-16 18:10:01] ds_online cases_008  steps  71- 79: 13.3s  total: 110.7s  (80/100)
[2026-04-16 18:10:16] ds_online cases_008  steps  81- 89: 15.3s  total: 126.1s  (90/100)
[2026-04-16 18:10:32] ds_online cases_008  steps  91- 99: 16.3s  total: 142.4s  (100/100)
[2026-04-16 18:10:33] DONE ds_online cases_008  total: 142.4s  (1.42s/step)
[2026-04-16 18:10:33]   tokens: 217,450 in + 1,000 out (reasoning: 0)  cost: $0.0598
[2026-04-16 18:10:33] START ds_online cases_009 (100 steps)
[2026-04-16 18:10:46] ds_online cases_009  steps   1-  9: 13.6s  total: 13.6s  (10/100)
[2026-04-16 18:11:00] ds_online cases_009  steps  11- 19: 13.9s  total: 27.5s  (20/100)
[2026-04-16 18:11:16] ds_online cases_009  steps  21- 29: 15.4s  total: 42.9s  (30/100)
[2026-04-16 18:11:30] ds_online cases_009  steps  31- 39: 14.0s  total: 56.9s  (40/100)
[2026-04-16 18:11:43] ds_online cases_009  steps  41- 49: 13.8s  total: 70.7s  (50/100)
[2026-04-16 18:11:57] ds_online cases_009  steps  51- 59: 13.8s  total: 84.5s  (60/100)
[2026-04-16 18:12:11] ds_online cases_009  steps  61- 69: 13.8s  total: 98.4s  (70/100)
[2026-04-16 18:12:25] ds_online cases_009  steps  71- 79: 14.3s  total: 112.6s  (80/100)
[2026-04-16 18:12:40] ds_online cases_009  steps  81- 89: 14.3s  total: 126.9s  (90/100)
[2026-04-16 18:12:55] ds_online cases_009  steps  91- 99: 15.5s  total: 142.4s  (100/100)
[2026-04-16 18:12:55] DONE ds_online cases_009  total: 142.4s  (1.42s/step)
[2026-04-16 18:12:55]   tokens: 217,450 in + 1,000 out (reasoning: 0)  cost: $0.0598
[2026-04-16 18:12:56] START ds_weather cases_000 (100 steps)
[2026-04-16 18:13:09] ds_weather cases_000  steps   1-  9: 13.1s  total: 13.1s  (10/100)
[2026-04-16 18:13:23] ds_weather cases_000  steps  11- 19: 14.3s  total: 27.3s  (20/100)
[2026-04-16 18:13:37] ds_weather cases_000  steps  21- 29: 13.9s  total: 41.2s  (30/100)
[2026-04-16 18:13:51] ds_weather cases_000  steps  31- 39: 14.4s  total: 55.6s  (40/100)
[2026-04-16 18:14:05] ds_weather cases_000  steps  41- 49: 13.8s  total: 69.4s  (50/100)
[2026-04-16 18:14:19] ds_weather cases_000  steps  51- 59: 14.6s  total: 83.9s  (60/100)
[2026-04-16 18:14:34] ds_weather cases_000  steps  61- 69: 14.1s  total: 98.0s  (70/100)
[2026-04-16 18:14:48] ds_weather cases_000  steps  71- 79: 14.4s  total: 112.5s  (80/100)
[2026-04-16 18:15:03] ds_weather cases_000  steps  81- 89: 14.9s  total: 127.3s  (90/100)
[2026-04-16 18:15:18] ds_weather cases_000  steps  91- 99: 14.7s  total: 142.0s  (100/100)
[2026-04-16 18:15:18] DONE ds_weather cases_000  total: 142.1s  (1.42s/step)
[2026-04-16 18:15:18]   tokens: 223,200 in + 1,100 out (reasoning: 0)  cost: $0.0615
[2026-04-16 18:15:18] START ds_weather cases_001 (100 steps)
[2026-04-16 18:15:31] ds_weather cases_001  steps   1-  9: 13.3s  total: 13.3s  (10/100)
[2026-04-16 18:15:46] ds_weather cases_001  steps  11- 19: 14.6s  total: 27.9s  (20/100)
[2026-04-16 18:16:00] ds_weather cases_001  steps  21- 29: 14.0s  total: 42.0s  (30/100)
[2026-04-16 18:16:14] ds_weather cases_001  steps  31- 39: 13.9s  total: 55.9s  (40/100)
[2026-04-16 18:16:29] ds_weather cases_001  steps  41- 49: 14.6s  total: 70.5s  (50/100)
[2026-04-16 18:16:46] ds_weather cases_001  steps  51- 59: 17.3s  total: 87.8s  (60/100)
[2026-04-16 18:17:02] ds_weather cases_001  steps  61- 69: 16.5s  total: 104.3s  (70/100)
[2026-04-16 18:17:19] ds_weather cases_001  steps  71- 79: 16.3s  total: 120.6s  (80/100)
[2026-04-16 18:17:35] ds_weather cases_001  steps  81- 89: 15.9s  total: 136.5s  (90/100)
[2026-04-16 18:17:50] ds_weather cases_001  steps  91- 99: 15.7s  total: 152.2s  (100/100)
[2026-04-16 18:17:51] DONE ds_weather cases_001  total: 152.2s  (1.52s/step)
[2026-04-16 18:17:51]   tokens: 223,200 in + 1,100 out (reasoning: 0)  cost: $0.0615
[2026-04-16 18:17:51] START ds_weather cases_002 (100 steps)
[2026-04-16 18:18:04] ds_weather cases_002  steps   1-  9: 13.4s  total: 13.4s  (10/100)
[2026-04-16 18:18:19] ds_weather cases_002  steps  11- 19: 14.7s  total: 28.1s  (20/100)
[2026-04-16 18:18:33] ds_weather cases_002  steps  21- 29: 14.3s  total: 42.4s  (30/100)
[2026-04-16 18:18:48] ds_weather cases_002  steps  31- 39: 14.5s  total: 56.9s  (40/100)
[2026-04-16 18:19:04] ds_weather cases_002  steps  41- 49: 16.0s  total: 73.0s  (50/100)
[2026-04-16 18:19:19] ds_weather cases_002  steps  51- 59: 15.1s  total: 88.1s  (60/100)
[2026-04-16 18:19:33] ds_weather cases_002  steps  61- 69: 14.5s  total: 102.6s  (70/100)
[2026-04-16 18:19:48] ds_weather cases_002  steps  71- 79: 15.0s  total: 117.6s  (80/100)
[2026-04-16 18:20:04] ds_weather cases_002  steps  81- 89: 15.5s  total: 133.1s  (90/100)
[2026-04-16 18:20:19] ds_weather cases_002  steps  91- 99: 15.3s  total: 148.4s  (100/100)
[2026-04-16 18:20:20] DONE ds_weather cases_002  total: 148.4s  (1.48s/step)
[2026-04-16 18:20:20]   tokens: 223,200 in + 1,100 out (reasoning: 0)  cost: $0.0615
[2026-04-16 18:20:20] START ds_weather cases_003 (100 steps)
[2026-04-16 18:20:33] ds_weather cases_003  steps   1-  9: 13.8s  total: 13.8s  (10/100)
[2026-04-16 18:20:48] ds_weather cases_003  steps  11- 19: 14.4s  total: 28.2s  (20/100)
[2026-04-16 18:21:02] ds_weather cases_003  steps  21- 29: 14.1s  total: 42.2s  (30/100)
[2026-04-16 18:21:17] ds_weather cases_003  steps  31- 39: 15.4s  total: 57.6s  (40/100)
[2026-04-16 18:21:33] ds_weather cases_003  steps  41- 49: 15.3s  total: 72.9s  (50/100)
[2026-04-16 18:21:47] ds_weather cases_003  steps  51- 59: 14.4s  total: 87.3s  (60/100)
[2026-04-16 18:22:02] ds_weather cases_003  steps  61- 69: 14.8s  total: 102.1s  (70/100)
[2026-04-16 18:22:19] ds_weather cases_003  steps  71- 79: 16.9s  total: 118.9s  (80/100)
[2026-04-16 18:22:34] ds_weather cases_003  steps  81- 89: 15.5s  total: 134.4s  (90/100)
[2026-04-16 18:22:49] ds_weather cases_003  steps  91- 99: 15.3s  total: 149.7s  (100/100)
[2026-04-16 18:22:50] DONE ds_weather cases_003  total: 149.7s  (1.50s/step)
[2026-04-16 18:22:50]   tokens: 223,200 in + 1,100 out (reasoning: 0)  cost: $0.0615
[2026-04-16 18:22:50] START ds_weather cases_004 (100 steps)
[2026-04-16 18:23:03] ds_weather cases_004  steps   1-  9: 13.1s  total: 13.1s  (10/100)
[2026-04-16 18:23:16] ds_weather cases_004  steps  11- 19: 13.0s  total: 26.1s  (20/100)
[2026-04-16 18:23:30] ds_weather cases_004  steps  21- 29: 14.3s  total: 40.4s  (30/100)
[2026-04-16 18:23:44] ds_weather cases_004  steps  31- 39: 13.6s  total: 54.0s  (40/100)
[2026-04-16 18:23:57] ds_weather cases_004  steps  41- 49: 12.9s  total: 66.8s  (50/100)
[2026-04-16 18:24:11] ds_weather cases_004  steps  51- 59: 14.2s  total: 81.0s  (60/100)
[2026-04-16 18:24:25] ds_weather cases_004  steps  61- 69: 14.0s  total: 95.0s  (70/100)
[2026-04-16 18:24:41] ds_weather cases_004  steps  71- 79: 15.6s  total: 110.6s  (80/100)
[2026-04-16 18:24:56] ds_weather cases_004  steps  81- 89: 15.2s  total: 125.8s  (90/100)
[2026-04-16 18:25:11] ds_weather cases_004  steps  91- 99: 15.1s  total: 140.9s  (100/100)
[2026-04-16 18:25:11] DONE ds_weather cases_004  total: 140.9s  (1.41s/step)
[2026-04-16 18:25:11]   tokens: 223,200 in + 1,100 out (reasoning: 0)  cost: $0.0615
[2026-04-16 18:25:11] START ds_weather cases_005 (100 steps)
[2026-04-16 18:25:25] ds_weather cases_005  steps   1-  9: 13.3s  total: 13.3s  (10/100)
[2026-04-16 18:25:38] ds_weather cases_005  steps  11- 19: 13.8s  total: 27.1s  (20/100)
[2026-04-16 18:25:52] ds_weather cases_005  steps  21- 29: 14.1s  total: 41.2s  (30/100)
[2026-04-16 18:26:07] ds_weather cases_005  steps  31- 39: 14.3s  total: 55.5s  (40/100)
[2026-04-16 18:26:21] ds_weather cases_005  steps  41- 49: 13.7s  total: 69.3s  (50/100)
[2026-04-16 18:26:35] ds_weather cases_005  steps  51- 59: 14.2s  total: 83.5s  (60/100)
[2026-04-16 18:26:49] ds_weather cases_005  steps  61- 69: 14.0s  total: 97.4s  (70/100)
[2026-04-16 18:27:03] ds_weather cases_005  steps  71- 79: 13.9s  total: 111.3s  (80/100)
[2026-04-16 18:27:18] ds_weather cases_005  steps  81- 89: 15.3s  total: 126.7s  (90/100)
[2026-04-16 18:27:33] ds_weather cases_005  steps  91- 99: 15.1s  total: 141.8s  (100/100)
[2026-04-16 18:27:33] DONE ds_weather cases_005  total: 141.8s  (1.42s/step)
[2026-04-16 18:27:33]   tokens: 223,200 in + 1,100 out (reasoning: 0)  cost: $0.0615
[2026-04-16 18:27:34] START ds_weather cases_006 (100 steps)
[2026-04-16 18:27:47] ds_weather cases_006  steps   1-  9: 13.5s  total: 13.5s  (10/100)
[2026-04-16 18:28:00] ds_weather cases_006  steps  11- 19: 13.4s  total: 26.9s  (20/100)
[2026-04-16 18:28:14] ds_weather cases_006  steps  21- 29: 13.1s  total: 40.0s  (30/100)
[2026-04-16 18:28:28] ds_weather cases_006  steps  31- 39: 14.2s  total: 54.3s  (40/100)
[2026-04-16 18:28:43] ds_weather cases_006  steps  41- 49: 15.3s  total: 69.6s  (50/100)
[2026-04-16 18:28:57] ds_weather cases_006  steps  51- 59: 14.2s  total: 83.8s  (60/100)
[2026-04-16 18:29:11] ds_weather cases_006  steps  61- 69: 14.0s  total: 97.8s  (70/100)
[2026-04-16 18:29:26] ds_weather cases_006  steps  71- 79: 15.0s  total: 112.8s  (80/100)
[2026-04-16 18:29:41] ds_weather cases_006  steps  81- 89: 14.8s  total: 127.6s  (90/100)
[2026-04-16 18:29:56] ds_weather cases_006  steps  91- 99: 14.9s  total: 142.5s  (100/100)
[2026-04-16 18:29:56] DONE ds_weather cases_006  total: 142.5s  (1.42s/step)
[2026-04-16 18:29:56]   tokens: 223,200 in + 1,100 out (reasoning: 0)  cost: $0.0615
[2026-04-16 18:29:56] START ds_weather cases_007 (100 steps)
[2026-04-16 18:30:10] ds_weather cases_007  steps   1-  9: 13.3s  total: 13.3s  (10/100)
[2026-04-16 18:30:23] ds_weather cases_007  steps  11- 19: 13.2s  total: 26.5s  (20/100)
[2026-04-16 18:30:36] ds_weather cases_007  steps  21- 29: 13.0s  total: 39.6s  (30/100)
[2026-04-16 18:30:50] ds_weather cases_007  steps  31- 39: 14.4s  total: 54.0s  (40/100)
[2026-04-16 18:31:05] ds_weather cases_007  steps  41- 49: 14.6s  total: 68.6s  (50/100)
[2026-04-16 18:31:19] ds_weather cases_007  steps  51- 59: 13.8s  total: 82.3s  (60/100)
[2026-04-16 18:31:33] ds_weather cases_007  steps  61- 69: 13.8s  total: 96.1s  (70/100)
[2026-04-16 18:31:47] ds_weather cases_007  steps  71- 79: 14.6s  total: 110.7s  (80/100)
[2026-04-16 18:32:02] ds_weather cases_007  steps  81- 89: 15.0s  total: 125.7s  (90/100)
[2026-04-16 18:32:17] ds_weather cases_007  steps  91- 99: 15.1s  total: 140.8s  (100/100)
[2026-04-16 18:32:18] DONE ds_weather cases_007  total: 140.8s  (1.41s/step)
[2026-04-16 18:32:18]   tokens: 223,200 in + 1,100 out (reasoning: 0)  cost: $0.0615
[2026-04-16 18:32:18] START ds_weather cases_008 (100 steps)
[2026-04-16 18:32:31] ds_weather cases_008  steps   1-  9: 13.7s  total: 13.7s  (10/100)
[2026-04-16 18:32:45] ds_weather cases_008  steps  11- 19: 13.1s  total: 26.8s  (20/100)
[2026-04-16 18:32:59] ds_weather cases_008  steps  21- 29: 14.2s  total: 41.0s  (30/100)
[2026-04-16 18:33:13] ds_weather cases_008  steps  31- 39: 14.6s  total: 55.6s  (40/100)
[2026-04-16 18:33:27] ds_weather cases_008  steps  41- 49: 13.6s  total: 69.2s  (50/100)
[2026-04-16 18:33:41] ds_weather cases_008  steps  51- 59: 13.9s  total: 83.1s  (60/100)
[2026-04-16 18:33:56] ds_weather cases_008  steps  61- 69: 15.1s  total: 98.2s  (70/100)
[2026-04-16 18:34:11] ds_weather cases_008  steps  71- 79: 15.4s  total: 113.6s  (80/100)
[2026-04-16 18:34:27] ds_weather cases_008  steps  81- 89: 16.0s  total: 129.6s  (90/100)
[2026-04-16 18:34:43] ds_weather cases_008  steps  91- 99: 15.4s  total: 145.0s  (100/100)
[2026-04-16 18:34:43] DONE ds_weather cases_008  total: 145.0s  (1.45s/step)
[2026-04-16 18:34:43]   tokens: 223,200 in + 1,100 out (reasoning: 0)  cost: $0.0615
[2026-04-16 18:34:43] START ds_weather cases_009 (100 steps)
[2026-04-16 18:34:57] ds_weather cases_009  steps   1-  9: 14.0s  total: 14.0s  (10/100)
[2026-04-16 18:35:11] ds_weather cases_009  steps  11- 19: 13.4s  total: 27.4s  (20/100)
[2026-04-16 18:35:25] ds_weather cases_009  steps  21- 29: 14.4s  total: 41.8s  (30/100)
[2026-04-16 18:35:38] ds_weather cases_009  steps  31- 39: 13.1s  total: 54.9s  (40/100)
[2026-04-16 18:35:52] ds_weather cases_009  steps  41- 49: 14.0s  total: 69.0s  (50/100)
[2026-04-16 18:36:06] ds_weather cases_009  steps  51- 59: 13.5s  total: 82.5s  (60/100)
[2026-04-16 18:36:20] ds_weather cases_009  steps  61- 69: 13.7s  total: 96.2s  (70/100)
[2026-04-16 18:36:34] ds_weather cases_009  steps  71- 79: 14.7s  total: 110.9s  (80/100)
[2026-04-16 18:36:50] ds_weather cases_009  steps  81- 89: 16.1s  total: 127.0s  (90/100)
[2026-04-16 18:37:05] ds_weather cases_009  steps  91- 99: 15.2s  total: 142.2s  (100/100)
[2026-04-16 18:37:06] DONE ds_weather cases_009  total: 142.2s  (1.42s/step)
[2026-04-16 18:37:06]   tokens: 223,200 in + 1,100 out (reasoning: 0)  cost: $0.0615
[2026-04-16 18:37:06] START ds_mw_name cases_000 (100 steps)
[2026-04-16 18:37:30] ds_mw_name cases_000  steps   1-  9: 24.0s  total: 24.0s  (10/100)
[2026-04-16 18:37:55] ds_mw_name cases_000  steps  11- 19: 25.0s  total: 49.0s  (20/100)
[2026-04-16 18:38:19] ds_mw_name cases_000  steps  21- 29: 23.8s  total: 72.9s  (30/100)
[2026-04-16 18:38:43] ds_mw_name cases_000  steps  31- 39: 24.2s  total: 97.1s  (40/100)
[2026-04-16 18:39:08] ds_mw_name cases_000  steps  41- 49: 25.1s  total: 122.1s  (50/100)
[2026-04-16 18:39:34] ds_mw_name cases_000  steps  51- 59: 25.6s  total: 147.8s  (60/100)
[2026-04-16 18:40:00] ds_mw_name cases_000  steps  61- 69: 25.9s  total: 173.6s  (70/100)
[2026-04-16 18:40:26] ds_mw_name cases_000  steps  71- 79: 26.3s  total: 199.9s  (80/100)
[2026-04-16 18:40:51] ds_mw_name cases_000  steps  81- 89: 25.4s  total: 225.3s  (90/100)
[2026-04-16 18:41:17] ds_mw_name cases_000  steps  91- 99: 25.7s  total: 251.0s  (100/100)
[2026-04-16 18:41:19] DONE ds_mw_name cases_000  total: 252.9s  (2.53s/step)
[2026-04-16 18:41:19]   tokens: 484,187 in + 6,126 out (reasoning: 0)  cost: $0.1375
[2026-04-16 18:41:19] START ds_mw_name cases_001 (100 steps)
[2026-04-16 18:41:39] ds_mw_name cases_001  steps   1-  9: 19.7s  total: 19.7s  (10/100)
[2026-04-16 18:42:01] ds_mw_name cases_001  steps  11- 19: 21.9s  total: 41.5s  (20/100)
[2026-04-16 18:42:22] ds_mw_name cases_001  steps  21- 29: 21.2s  total: 62.7s  (30/100)
[2026-04-16 18:42:43] ds_mw_name cases_001  steps  31- 39: 21.3s  total: 84.0s  (40/100)
[2026-04-16 18:43:05] ds_mw_name cases_001  steps  41- 49: 21.8s  total: 105.7s  (50/100)
[2026-04-16 18:43:27] ds_mw_name cases_001  steps  51- 59: 21.7s  total: 127.5s  (60/100)
[2026-04-16 18:43:50] ds_mw_name cases_001  steps  61- 69: 22.9s  total: 150.3s  (70/100)
[2026-04-16 18:44:12] ds_mw_name cases_001  steps  71- 79: 22.7s  total: 173.0s  (80/100)
[2026-04-16 18:44:34] ds_mw_name cases_001  steps  81- 89: 21.7s  total: 194.7s  (90/100)
[2026-04-16 18:44:57] ds_mw_name cases_001  steps  91- 99: 22.5s  total: 217.2s  (100/100)
[2026-04-16 18:44:59] DONE ds_mw_name cases_001  total: 219.0s  (2.19s/step)
[2026-04-16 18:44:59]   tokens: 408,437 in + 4,623 out (reasoning: 0)  cost: $0.1154
[2026-04-16 18:44:59] START ds_mw_name cases_002 (100 steps)
[2026-04-16 18:45:20] ds_mw_name cases_002  steps   1-  9: 21.4s  total: 21.4s  (10/100)
[2026-04-16 18:45:42] ds_mw_name cases_002  steps  11- 19: 21.5s  total: 42.9s  (20/100)
[2026-04-16 18:46:04] ds_mw_name cases_002  steps  21- 29: 21.8s  total: 64.7s  (30/100)
[2026-04-16 18:46:27] ds_mw_name cases_002  steps  31- 39: 22.9s  total: 87.6s  (40/100)
[2026-04-16 18:46:49] ds_mw_name cases_002  steps  41- 49: 22.2s  total: 109.8s  (50/100)
[2026-04-16 18:47:12] ds_mw_name cases_002  steps  51- 59: 23.7s  total: 133.5s  (60/100)
[2026-04-16 18:47:35] ds_mw_name cases_002  steps  61- 69: 22.4s  total: 155.9s  (70/100)
[2026-04-16 18:47:58] ds_mw_name cases_002  steps  71- 79: 23.1s  total: 179.0s  (80/100)
[2026-04-16 18:48:21] ds_mw_name cases_002  steps  81- 89: 23.4s  total: 202.4s  (90/100)
[2026-04-16 18:48:45] ds_mw_name cases_002  steps  91- 99: 24.0s  total: 226.5s  (100/100)
[2026-04-16 18:48:48] DONE ds_mw_name cases_002  total: 228.8s  (2.29s/step)
[2026-04-16 18:48:48]   tokens: 411,413 in + 4,654 out (reasoning: 0)  cost: $0.1162
[2026-04-16 18:48:48] START ds_mw_name cases_003 (100 steps)
[2026-04-16 18:49:10] ds_mw_name cases_003  steps   1-  9: 21.5s  total: 21.5s  (10/100)
[2026-04-16 18:49:30] ds_mw_name cases_003  steps  11- 19: 20.5s  total: 42.0s  (20/100)
[2026-04-16 18:49:52] ds_mw_name cases_003  steps  21- 29: 22.2s  total: 64.2s  (30/100)
[2026-04-16 18:50:15] ds_mw_name cases_003  steps  31- 39: 22.1s  total: 86.4s  (40/100)
[2026-04-16 18:50:36] ds_mw_name cases_003  steps  41- 49: 21.7s  total: 108.1s  (50/100)
[2026-04-16 18:50:58] ds_mw_name cases_003  steps  51- 59: 21.9s  total: 130.0s  (60/100)
[2026-04-16 18:51:20] ds_mw_name cases_003  steps  61- 69: 22.2s  total: 152.2s  (70/100)
[2026-04-16 18:51:43] ds_mw_name cases_003  steps  71- 79: 22.8s  total: 175.0s  (80/100)
[2026-04-16 18:52:07] ds_mw_name cases_003  steps  81- 89: 23.9s  total: 198.9s  (90/100)
[2026-04-16 18:52:30] ds_mw_name cases_003  steps  91- 99: 22.9s  total: 221.7s  (100/100)
[2026-04-16 18:52:32] DONE ds_mw_name cases_003  total: 223.7s  (2.24s/step)
[2026-04-16 18:52:32]   tokens: 409,312 in + 4,632 out (reasoning: 0)  cost: $0.1156
[2026-04-16 18:52:32] START ds_mw_name cases_004 (100 steps)
[2026-04-16 18:52:54] ds_mw_name cases_004  steps   1-  9: 21.9s  total: 21.9s  (10/100)
[2026-04-16 18:53:20] ds_mw_name cases_004  steps  11- 19: 25.6s  total: 47.4s  (20/100)
[2026-04-16 18:53:45] ds_mw_name cases_004  steps  21- 29: 25.0s  total: 72.4s  (30/100)
[2026-04-16 18:54:09] ds_mw_name cases_004  steps  31- 39: 24.4s  total: 96.8s  (40/100)
[2026-04-16 18:54:34] ds_mw_name cases_004  steps  41- 49: 24.4s  total: 121.2s  (50/100)
[2026-04-16 18:54:58] ds_mw_name cases_004  steps  51- 59: 24.7s  total: 145.9s  (60/100)
[2026-04-16 18:55:24] ds_mw_name cases_004  steps  61- 69: 25.8s  total: 171.7s  (70/100)
[2026-04-16 18:55:50] ds_mw_name cases_004  steps  71- 79: 26.3s  total: 198.0s  (80/100)
[2026-04-16 18:56:17] ds_mw_name cases_004  steps  81- 89: 26.1s  total: 224.2s  (90/100)
[2026-04-16 18:56:44] ds_mw_name cases_004  steps  91- 99: 27.1s  total: 251.3s  (100/100)
[2026-04-16 18:56:46] DONE ds_mw_name cases_004  total: 253.4s  (2.53s/step)
[2026-04-16 18:56:46]   tokens: 408,437 in + 4,623 out (reasoning: 0)  cost: $0.1154
[2026-04-16 18:56:46] START ds_mw_name cases_005 (100 steps)
[2026-04-16 18:57:11] ds_mw_name cases_005  steps   1-  9: 24.4s  total: 24.4s  (10/100)
[2026-04-16 18:57:39] ds_mw_name cases_005  steps  11- 19: 28.1s  total: 52.5s  (20/100)
[2026-04-16 18:58:07] ds_mw_name cases_005  steps  21- 29: 27.9s  total: 80.5s  (30/100)
[2026-04-16 18:58:34] ds_mw_name cases_005  steps  31- 39: 27.5s  total: 108.0s  (40/100)
[2026-04-16 18:59:02] ds_mw_name cases_005  steps  41- 49: 28.0s  total: 135.9s  (50/100)
[2026-04-16 18:59:31] ds_mw_name cases_005  steps  51- 59: 29.0s  total: 165.0s  (60/100)
[2026-04-16 19:00:04] ds_mw_name cases_005  steps  61- 69: 32.3s  total: 197.3s  (70/100)
[2026-04-16 19:00:42] ds_mw_name cases_005  steps  71- 79: 38.6s  total: 235.9s  (80/100)
[2026-04-16 19:01:15] ds_mw_name cases_005  steps  81- 89: 32.4s  total: 268.3s  (90/100)
[2026-04-16 19:01:44] ds_mw_name cases_005  steps  91- 99: 29.4s  total: 297.7s  (100/100)
[2026-04-16 19:01:47] DONE ds_mw_name cases_005  total: 300.3s  (3.00s/step)
[2026-04-16 19:01:47]   tokens: 408,437 in + 4,623 out (reasoning: 0)  cost: $0.1154
[2026-04-16 19:01:47] START ds_mw_name cases_006 (100 steps)
[2026-04-16 19:02:14] ds_mw_name cases_006  steps   1-  9: 26.9s  total: 26.9s  (10/100)
[2026-04-16 19:02:41] ds_mw_name cases_006  steps  11- 19: 27.5s  total: 54.4s  (20/100)
[2026-04-16 19:03:08] ds_mw_name cases_006  steps  21- 29: 26.7s  total: 81.1s  (30/100)
[2026-04-16 19:03:33] ds_mw_name cases_006  steps  31- 39: 25.3s  total: 106.4s  (40/100)
[2026-04-16 19:04:01] ds_mw_name cases_006  steps  41- 49: 27.9s  total: 134.3s  (50/100)
[2026-04-16 19:04:30] ds_mw_name cases_006  steps  51- 59: 28.4s  total: 162.7s  (60/100)
[2026-04-16 19:04:58] ds_mw_name cases_006  steps  61- 69: 28.2s  total: 190.8s  (70/100)
[2026-04-16 19:05:26] ds_mw_name cases_006  steps  71- 79: 27.6s  total: 218.4s  (80/100)
[2026-04-16 19:05:54] ds_mw_name cases_006  steps  81- 89: 28.7s  total: 247.2s  (90/100)
[2026-04-16 19:06:23] ds_mw_name cases_006  steps  91- 99: 28.3s  total: 275.5s  (100/100)
[2026-04-16 19:06:25] DONE ds_mw_name cases_006  total: 278.0s  (2.78s/step)
[2026-04-16 19:06:25]   tokens: 432,986 in + 5,114 out (reasoning: 0)  cost: $0.1225
[2026-04-16 19:06:26] START ds_mw_name cases_007 (100 steps)
[2026-04-16 19:06:50] ds_mw_name cases_007  steps   1-  9: 24.9s  total: 24.9s  (10/100)
[2026-04-16 19:07:16] ds_mw_name cases_007  steps  11- 19: 26.0s  total: 50.9s  (20/100)
[2026-04-16 19:07:43] ds_mw_name cases_007  steps  21- 29: 26.9s  total: 77.7s  (30/100)
[2026-04-16 19:08:09] ds_mw_name cases_007  steps  31- 39: 25.3s  total: 103.0s  (40/100)
[2026-04-16 19:08:34] ds_mw_name cases_007  steps  41- 49: 25.8s  total: 128.8s  (50/100)
[2026-04-16 19:09:02] ds_mw_name cases_007  steps  51- 59: 27.3s  total: 156.1s  (60/100)
[2026-04-16 19:09:31] ds_mw_name cases_007  steps  61- 69: 29.0s  total: 185.1s  (70/100)
[2026-04-16 19:10:00] ds_mw_name cases_007  steps  71- 79: 29.1s  total: 214.2s  (80/100)
[2026-04-16 19:10:32] ds_mw_name cases_007  steps  81- 89: 32.0s  total: 246.2s  (90/100)
[2026-04-16 19:10:59] ds_mw_name cases_007  steps  91- 99: 27.1s  total: 273.3s  (100/100)
[2026-04-16 19:11:02] DONE ds_mw_name cases_007  total: 275.7s  (2.76s/step)
[2026-04-16 19:11:02]   tokens: 430,634 in + 5,074 out (reasoning: 0)  cost: $0.1219
[2026-04-16 19:11:02] START ds_mw_name cases_008 (100 steps)
[2026-04-16 19:11:27] ds_mw_name cases_008  steps   1-  9: 25.5s  total: 25.5s  (10/100)
[2026-04-16 19:11:52] ds_mw_name cases_008  steps  11- 19: 24.9s  total: 50.3s  (20/100)
[2026-04-16 19:12:20] ds_mw_name cases_008  steps  21- 29: 27.7s  total: 78.0s  (30/100)
[2026-04-16 19:12:48] ds_mw_name cases_008  steps  31- 39: 27.9s  total: 105.9s  (40/100)
[2026-04-16 19:13:16] ds_mw_name cases_008  steps  41- 49: 28.6s  total: 134.5s  (50/100)
[2026-04-16 19:13:46] ds_mw_name cases_008  steps  51- 59: 29.7s  total: 164.3s  (60/100)
[2026-04-16 19:14:15] ds_mw_name cases_008  steps  61- 69: 28.9s  total: 193.2s  (70/100)
[2026-04-16 19:14:45] ds_mw_name cases_008  steps  71- 79: 30.4s  total: 223.6s  (80/100)
[2026-04-16 19:15:14] ds_mw_name cases_008  steps  81- 89: 28.5s  total: 252.1s  (90/100)
[2026-04-16 19:15:43] ds_mw_name cases_008  steps  91- 99: 28.8s  total: 280.9s  (100/100)
[2026-04-16 19:15:45] DONE ds_mw_name cases_008  total: 283.0s  (2.83s/step)
[2026-04-16 19:15:45]   tokens: 432,468 in + 5,106 out (reasoning: 0)  cost: $0.1224
[2026-04-16 19:15:45] START ds_mw_name cases_009 (100 steps)
[2026-04-16 19:16:12] ds_mw_name cases_009  steps   1-  9: 26.4s  total: 26.4s  (10/100)
[2026-04-16 19:16:39] ds_mw_name cases_009  steps  11- 19: 27.7s  total: 54.2s  (20/100)
[2026-04-16 19:17:08] ds_mw_name cases_009  steps  21- 29: 28.3s  total: 82.5s  (30/100)
[2026-04-16 19:17:35] ds_mw_name cases_009  steps  31- 39: 27.1s  total: 109.6s  (40/100)
[2026-04-16 19:18:02] ds_mw_name cases_009  steps  41- 49: 27.6s  total: 137.2s  (50/100)
[2026-04-16 19:18:31] ds_mw_name cases_009  steps  51- 59: 28.5s  total: 165.7s  (60/100)
[2026-04-16 19:19:00] ds_mw_name cases_009  steps  61- 69: 28.9s  total: 194.6s  (70/100)
[2026-04-16 19:19:28] ds_mw_name cases_009  steps  71- 79: 28.6s  total: 223.2s  (80/100)
[2026-04-16 19:19:57] ds_mw_name cases_009  steps  81- 89: 28.7s  total: 251.9s  (90/100)
[2026-04-16 19:20:25] ds_mw_name cases_009  steps  91- 99: 28.0s  total: 279.9s  (100/100)
[2026-04-16 19:20:28] DONE ds_mw_name cases_009  total: 282.4s  (2.82s/step)
[2026-04-16 19:20:28]   tokens: 427,841 in + 5,019 out (reasoning: 0)  cost: $0.1210
[2026-04-16 19:20:28] START ds_explicit_update cases_000 (100 steps)
[2026-04-16 19:20:53] ds_explicit_update cases_000  steps   1-  9: 25.2s  total: 25.2s  (10/100)
[2026-04-16 19:21:19] ds_explicit_update cases_000  steps  11- 19: 25.3s  total: 50.6s  (20/100)
[2026-04-16 19:21:43] ds_explicit_update cases_000  steps  21- 29: 24.6s  total: 75.2s  (30/100)
[2026-04-16 19:22:07] ds_explicit_update cases_000  steps  31- 39: 23.8s  total: 99.0s  (40/100)
[2026-04-16 19:22:31] ds_explicit_update cases_000  steps  41- 49: 23.6s  total: 122.6s  (50/100)
[2026-04-16 19:22:56] ds_explicit_update cases_000  steps  51- 59: 24.8s  total: 147.5s  (60/100)
[2026-04-16 19:23:21] ds_explicit_update cases_000  steps  61- 69: 25.6s  total: 173.1s  (70/100)
[2026-04-16 19:23:46] ds_explicit_update cases_000  steps  71- 79: 25.1s  total: 198.2s  (80/100)
[2026-04-16 19:24:12] ds_explicit_update cases_000  steps  81- 89: 26.0s  total: 224.2s  (90/100)
[2026-04-16 19:24:38] ds_explicit_update cases_000  steps  91- 99: 25.5s  total: 249.8s  (100/100)
[2026-04-16 19:24:40] DONE ds_explicit_update cases_000  total: 251.9s  (2.52s/step)
[2026-04-16 19:24:40]   tokens: 445,681 in + 5,098 out (reasoning: 0)  cost: $0.1259
[2026-04-16 19:24:40] START ds_explicit_update cases_001 (100 steps)
[2026-04-16 19:25:03] ds_explicit_update cases_001  steps   1-  9: 22.1s  total: 22.1s  (10/100)
[2026-04-16 19:25:24] ds_explicit_update cases_001  steps  11- 19: 21.8s  total: 43.9s  (20/100)
[2026-04-16 19:25:47] ds_explicit_update cases_001  steps  21- 29: 22.3s  total: 66.2s  (30/100)
[2026-04-16 19:26:09] ds_explicit_update cases_001  steps  31- 39: 22.6s  total: 88.8s  (40/100)
[2026-04-16 19:26:32] ds_explicit_update cases_001  steps  41- 49: 22.3s  total: 111.1s  (50/100)
[2026-04-16 19:26:56] ds_explicit_update cases_001  steps  51- 59: 24.1s  total: 135.2s  (60/100)
[2026-04-16 19:27:19] ds_explicit_update cases_001  steps  61- 69: 23.7s  total: 158.8s  (70/100)
[2026-04-16 19:27:43] ds_explicit_update cases_001  steps  71- 79: 23.8s  total: 182.7s  (80/100)
[2026-04-16 19:28:08] ds_explicit_update cases_001  steps  81- 89: 24.5s  total: 207.1s  (90/100)
[2026-04-16 19:28:35] ds_explicit_update cases_001  steps  91- 99: 27.0s  total: 234.2s  (100/100)
[2026-04-16 19:28:37] DONE ds_explicit_update cases_001  total: 236.0s  (2.36s/step)
[2026-04-16 19:28:37]   tokens: 422,072 in + 4,623 out (reasoning: 0)  cost: $0.1190
[2026-04-16 19:28:37] START ds_explicit_update cases_002 (100 steps)
[2026-04-16 19:29:06] ds_explicit_update cases_002  steps   1-  9: 28.9s  total: 28.9s  (10/100)
[2026-04-16 19:29:36] ds_explicit_update cases_002  steps  11- 19: 29.8s  total: 58.7s  (20/100)
[2026-04-16 19:30:05] ds_explicit_update cases_002  steps  21- 29: 29.3s  total: 88.0s  (30/100)
[2026-04-16 19:30:37] ds_explicit_update cases_002  steps  31- 39: 32.4s  total: 120.4s  (40/100)
[2026-04-16 19:31:08] ds_explicit_update cases_002  steps  41- 49: 31.0s  total: 151.3s  (50/100)
[2026-04-16 19:31:39] ds_explicit_update cases_002  steps  51- 59: 30.9s  total: 182.3s  (60/100)
[2026-04-16 19:32:10] ds_explicit_update cases_002  steps  61- 69: 31.0s  total: 213.3s  (70/100)
[2026-04-16 19:32:41] ds_explicit_update cases_002  steps  71- 79: 31.1s  total: 244.4s  (80/100)
[2026-04-16 19:33:12] ds_explicit_update cases_002  steps  81- 89: 31.0s  total: 275.5s  (90/100)
[2026-04-16 19:33:44] ds_explicit_update cases_002  steps  91- 99: 31.8s  total: 307.2s  (100/100)
[2026-04-16 19:33:47] DONE ds_explicit_update cases_002  total: 309.5s  (3.10s/step)
[2026-04-16 19:33:47]   tokens: 531,857 in + 6,868 out (reasoning: 0)  cost: $0.1512
[2026-04-16 19:33:47] START ds_explicit_update cases_003 (100 steps)
[2026-04-16 19:34:15] ds_explicit_update cases_003  steps   1-  9: 28.1s  total: 28.1s  (10/100)
[2026-04-16 19:34:44] ds_explicit_update cases_003  steps  11- 19: 29.4s  total: 57.5s  (20/100)
[2026-04-16 19:35:14] ds_explicit_update cases_003  steps  21- 29: 29.5s  total: 87.0s  (30/100)
[2026-04-16 19:35:43] ds_explicit_update cases_003  steps  31- 39: 29.1s  total: 116.0s  (40/100)
[2026-04-16 19:36:14] ds_explicit_update cases_003  steps  41- 49: 30.8s  total: 146.8s  (50/100)
[2026-04-16 19:36:45] ds_explicit_update cases_003  steps  51- 59: 31.2s  total: 178.0s  (60/100)
[2026-04-16 19:37:21] ds_explicit_update cases_003  steps  61- 69: 36.2s  total: 214.3s  (70/100)
[2026-04-16 19:37:56] ds_explicit_update cases_003  steps  71- 79: 34.9s  total: 249.1s  (80/100)
[2026-04-16 19:38:31] ds_explicit_update cases_003  steps  81- 89: 34.8s  total: 283.9s  (90/100)
[2026-04-16 19:39:06] ds_explicit_update cases_003  steps  91- 99: 34.8s  total: 318.7s  (100/100)
[2026-04-16 19:39:09] DONE ds_explicit_update cases_003  total: 321.3s  (3.21s/step)
[2026-04-16 19:39:09]   tokens: 535,177 in + 6,948 out (reasoning: 0)  cost: $0.1521
[2026-04-16 19:39:09] START ds_explicit_update cases_004 (100 steps)
[2026-04-16 19:39:34] ds_explicit_update cases_004  steps   1-  9: 25.2s  total: 25.2s  (10/100)
[2026-04-16 19:40:00] ds_explicit_update cases_004  steps  11- 19: 25.6s  total: 50.8s  (20/100)
[2026-04-16 19:40:26] ds_explicit_update cases_004  steps  21- 29: 26.0s  total: 76.9s  (30/100)
[2026-04-16 19:40:51] ds_explicit_update cases_004  steps  31- 39: 25.4s  total: 102.3s  (40/100)
[2026-04-16 19:41:17] ds_explicit_update cases_004  steps  41- 49: 25.6s  total: 127.9s  (50/100)
[2026-04-16 19:41:43] ds_explicit_update cases_004  steps  51- 59: 26.5s  total: 154.3s  (60/100)
[2026-04-16 19:42:11] ds_explicit_update cases_004  steps  61- 69: 27.5s  total: 181.9s  (70/100)
[2026-04-16 19:42:40] ds_explicit_update cases_004  steps  71- 79: 29.3s  total: 211.2s  (80/100)
[2026-04-16 19:43:09] ds_explicit_update cases_004  steps  81- 89: 28.6s  total: 239.8s  (90/100)
[2026-04-16 19:43:36] ds_explicit_update cases_004  steps  91- 99: 27.4s  total: 267.3s  (100/100)
[2026-04-16 19:43:38] DONE ds_explicit_update cases_004  total: 269.2s  (2.69s/step)
[2026-04-16 19:43:38]   tokens: 422,072 in + 4,623 out (reasoning: 0)  cost: $0.1190
[2026-04-16 19:43:38] START ds_explicit_update cases_005 (100 steps)
[2026-04-16 19:44:02] ds_explicit_update cases_005  steps   1-  9: 23.9s  total: 23.9s  (10/100)
[2026-04-16 19:44:26] ds_explicit_update cases_005  steps  11- 19: 24.0s  total: 47.9s  (20/100)
[2026-04-16 19:44:52] ds_explicit_update cases_005  steps  21- 29: 25.7s  total: 73.6s  (30/100)
[2026-04-16 19:45:16] ds_explicit_update cases_005  steps  31- 39: 24.0s  total: 97.7s  (40/100)
[2026-04-16 19:45:41] ds_explicit_update cases_005  steps  41- 49: 24.6s  total: 122.3s  (50/100)
[2026-04-16 19:46:06] ds_explicit_update cases_005  steps  51- 59: 24.8s  total: 147.1s  (60/100)
[2026-04-16 19:46:30] ds_explicit_update cases_005  steps  61- 69: 24.0s  total: 171.2s  (70/100)
[2026-04-16 19:46:55] ds_explicit_update cases_005  steps  71- 79: 25.3s  total: 196.5s  (80/100)
[2026-04-16 19:47:20] ds_explicit_update cases_005  steps  81- 89: 24.8s  total: 221.3s  (90/100)
[2026-04-16 19:47:44] ds_explicit_update cases_005  steps  91- 99: 24.7s  total: 246.0s  (100/100)
[2026-04-16 19:47:47] DONE ds_explicit_update cases_005  total: 247.9s  (2.48s/step)
[2026-04-16 19:47:47]   tokens: 422,072 in + 4,623 out (reasoning: 0)  cost: $0.1190
[2026-04-16 19:47:47] START ds_explicit_update cases_006 (100 steps)
[2026-04-16 19:48:09] ds_explicit_update cases_006  steps   1-  9: 22.3s  total: 22.3s  (10/100)
[2026-04-16 19:48:33] ds_explicit_update cases_006  steps  11- 19: 23.6s  total: 45.8s  (20/100)
[2026-04-16 19:48:57] ds_explicit_update cases_006  steps  21- 29: 24.5s  total: 70.3s  (30/100)
[2026-04-16 19:49:23] ds_explicit_update cases_006  steps  31- 39: 25.8s  total: 96.1s  (40/100)
[2026-04-16 19:49:47] ds_explicit_update cases_006  steps  41- 49: 23.6s  total: 119.7s  (50/100)
[2026-04-16 19:50:13] ds_explicit_update cases_006  steps  51- 59: 26.0s  total: 145.7s  (60/100)
[2026-04-16 19:50:39] ds_explicit_update cases_006  steps  61- 69: 26.4s  total: 172.1s  (70/100)
[2026-04-16 19:51:05] ds_explicit_update cases_006  steps  71- 79: 26.1s  total: 198.2s  (80/100)
[2026-04-16 19:51:32] ds_explicit_update cases_006  steps  81- 89: 26.8s  total: 225.0s  (90/100)
[2026-04-16 19:51:59] ds_explicit_update cases_006  steps  91- 99: 27.1s  total: 252.1s  (100/100)
[2026-04-16 19:52:01] DONE ds_explicit_update cases_006  total: 254.0s  (2.54s/step)
[2026-04-16 19:52:01]   tokens: 445,551 in + 5,101 out (reasoning: 0)  cost: $0.1259
[2026-04-16 19:52:01] START ds_explicit_update cases_007 (100 steps)
[2026-04-16 19:52:24] ds_explicit_update cases_007  steps   1-  9: 23.1s  total: 23.1s  (10/100)
[2026-04-16 19:52:47] ds_explicit_update cases_007  steps  11- 19: 22.9s  total: 46.0s  (20/100)
[2026-04-16 19:53:11] ds_explicit_update cases_007  steps  21- 29: 24.0s  total: 70.0s  (30/100)
[2026-04-16 19:53:36] ds_explicit_update cases_007  steps  31- 39: 24.6s  total: 94.6s  (40/100)
[2026-04-16 19:54:01] ds_explicit_update cases_007  steps  41- 49: 24.6s  total: 119.2s  (50/100)
[2026-04-16 19:54:25] ds_explicit_update cases_007  steps  51- 59: 24.3s  total: 143.5s  (60/100)
[2026-04-16 19:54:51] ds_explicit_update cases_007  steps  61- 69: 25.7s  total: 169.3s  (70/100)
[2026-04-16 19:55:14] ds_explicit_update cases_007  steps  71- 79: 23.8s  total: 193.0s  (80/100)
[2026-04-16 19:55:40] ds_explicit_update cases_007  steps  81- 89: 26.0s  total: 219.1s  (90/100)
[2026-04-16 19:56:05] ds_explicit_update cases_007  steps  91- 99: 24.6s  total: 243.6s  (100/100)
[2026-04-16 19:56:07] DONE ds_explicit_update cases_007  total: 245.2s  (2.45s/step)
[2026-04-16 19:56:07]   tokens: 422,072 in + 4,623 out (reasoning: 0)  cost: $0.1190
[2026-04-16 19:56:07] START ds_explicit_update cases_008 (100 steps)
[2026-04-16 19:56:31] ds_explicit_update cases_008  steps   1-  9: 23.7s  total: 23.7s  (10/100)
[2026-04-16 19:56:54] ds_explicit_update cases_008  steps  11- 19: 23.7s  total: 47.3s  (20/100)
[2026-04-16 19:57:18] ds_explicit_update cases_008  steps  21- 29: 24.0s  total: 71.4s  (30/100)
[2026-04-16 19:57:43] ds_explicit_update cases_008  steps  31- 39: 24.4s  total: 95.8s  (40/100)
[2026-04-16 19:58:06] ds_explicit_update cases_008  steps  41- 49: 23.6s  total: 119.4s  (50/100)
[2026-04-16 19:58:30] ds_explicit_update cases_008  steps  51- 59: 23.5s  total: 142.9s  (60/100)
[2026-04-16 19:58:53] ds_explicit_update cases_008  steps  61- 69: 22.8s  total: 165.7s  (70/100)
[2026-04-16 19:59:21] ds_explicit_update cases_008  steps  71- 79: 28.4s  total: 194.1s  (80/100)
[2026-04-16 19:59:50] ds_explicit_update cases_008  steps  81- 89: 28.5s  total: 222.6s  (90/100)
[2026-04-16 20:00:34] ds_explicit_update cases_008  steps  91- 99: 44.0s  total: 266.7s  (100/100)
[2026-04-16 20:00:37] DONE ds_explicit_update cases_008  total: 269.5s  (2.70s/step)
[2026-04-16 20:00:37]   tokens: 444,286 in + 5,074 out (reasoning: 0)  cost: $0.1255
[2026-04-16 20:00:37] START ds_explicit_update cases_009 (100 steps)
[2026-04-16 20:01:09] ds_explicit_update cases_009  steps   1-  9: 32.2s  total: 32.2s  (10/100)
[2026-04-16 20:01:39] ds_explicit_update cases_009  steps  11- 19: 29.7s  total: 61.8s  (20/100)
[2026-04-16 20:02:09] ds_explicit_update cases_009  steps  21- 29: 30.5s  total: 92.3s  (30/100)
[2026-04-16 20:02:40] ds_explicit_update cases_009  steps  31- 39: 30.4s  total: 122.7s  (40/100)
[2026-04-16 20:03:24] ds_explicit_update cases_009  steps  41- 49: 43.9s  total: 166.6s  (50/100)
[2026-04-16 20:03:55] ds_explicit_update cases_009  steps  51- 59: 31.5s  total: 198.1s  (60/100)
[2026-04-16 20:04:26] ds_explicit_update cases_009  steps  61- 69: 31.2s  total: 229.3s  (70/100)
[2026-04-16 20:05:01] ds_explicit_update cases_009  steps  71- 79: 34.9s  total: 264.3s  (80/100)
[2026-04-16 20:07:34] ds_explicit_update cases_009  steps  81- 89: 152.3s  total: 416.6s  (90/100)
[2026-04-16 20:08:03] ds_explicit_update cases_009  steps  91- 99: 29.6s  total: 446.2s  (100/100)
[2026-04-16 20:08:06] DONE ds_explicit_update cases_009  total: 448.3s  (4.48s/step)
[2026-04-16 20:08:06]   tokens: 443,979 in + 5,069 out (reasoning: 0)  cost: $0.1255
[2026-04-16 20:08:46] START ds_online cases_010 (100 steps)
[2026-04-16 20:09:01] ds_online cases_010  steps   1-  9: 14.8s  total: 14.8s  (10/100)
[2026-04-16 20:09:16] ds_online cases_010  steps  11- 19: 15.2s  total: 30.0s  (20/100)
[2026-04-16 20:09:31] ds_online cases_010  steps  21- 29: 14.8s  total: 44.8s  (30/100)
[2026-04-16 20:09:48] ds_online cases_010  steps  31- 39: 16.7s  total: 61.6s  (40/100)
[2026-04-16 20:10:02] ds_online cases_010  steps  41- 49: 14.4s  total: 76.0s  (50/100)
[2026-04-16 20:10:18] ds_online cases_010  steps  51- 59: 15.5s  total: 91.4s  (60/100)
[2026-04-16 20:10:35] ds_online cases_010  steps  61- 69: 17.8s  total: 109.2s  (70/100)
[2026-04-16 20:10:52] ds_online cases_010  steps  71- 79: 16.6s  total: 125.9s  (80/100)
[2026-04-16 20:11:09] ds_online cases_010  steps  81- 89: 16.8s  total: 142.7s  (90/100)
[2026-04-16 20:11:27] ds_online cases_010  steps  91- 99: 18.3s  total: 161.0s  (100/100)
[2026-04-16 20:11:28] DONE ds_online cases_010  total: 161.0s  (1.61s/step)
[2026-04-16 20:11:28]   tokens: 217,450 in + 1,000 out (reasoning: 0)  cost: $0.0598
[2026-04-16 20:11:28] START ds_online cases_011 (100 steps)
[2026-04-16 20:11:44] ds_online cases_011  steps   1-  9: 16.4s  total: 16.4s  (10/100)
[2026-04-16 20:12:00] ds_online cases_011  steps  11- 19: 15.8s  total: 32.2s  (20/100)
[2026-04-16 20:12:16] ds_online cases_011  steps  21- 29: 15.9s  total: 48.1s  (30/100)
[2026-04-16 20:12:31] ds_online cases_011  steps  31- 39: 15.2s  total: 63.3s  (40/100)
[2026-04-16 20:12:47] ds_online cases_011  steps  41- 49: 15.4s  total: 78.7s  (50/100)
[2026-04-16 20:13:01] ds_online cases_011  steps  51- 59: 14.4s  total: 93.2s  (60/100)
[2026-04-16 20:13:15] ds_online cases_011  steps  61- 69: 14.2s  total: 107.4s  (70/100)
[2026-04-16 20:13:30] ds_online cases_011  steps  71- 79: 15.1s  total: 122.5s  (80/100)
[2026-04-16 20:13:47] ds_online cases_011  steps  81- 89: 16.9s  total: 139.4s  (90/100)
[2026-04-16 20:14:03] ds_online cases_011  steps  91- 99: 15.9s  total: 155.3s  (100/100)
[2026-04-16 20:14:04] DONE ds_online cases_011  total: 155.3s  (1.55s/step)
[2026-04-16 20:14:04]   tokens: 217,450 in + 1,000 out (reasoning: 0)  cost: $0.0598
[2026-04-16 20:14:04] START ds_online cases_012 (100 steps)
[2026-04-16 20:14:17] ds_online cases_012  steps   1-  9: 13.5s  total: 13.5s  (10/100)
[2026-04-16 20:14:33] ds_online cases_012  steps  11- 19: 15.2s  total: 28.8s  (20/100)
[2026-04-16 20:14:48] ds_online cases_012  steps  21- 29: 15.0s  total: 43.8s  (30/100)
[2026-04-16 20:15:03] ds_online cases_012  steps  31- 39: 15.4s  total: 59.2s  (40/100)
[2026-04-16 20:15:18] ds_online cases_012  steps  41- 49: 15.5s  total: 74.7s  (50/100)
[2026-04-16 20:15:35] ds_online cases_012  steps  51- 59: 16.1s  total: 90.8s  (60/100)
[2026-04-16 20:15:51] ds_online cases_012  steps  61- 69: 16.7s  total: 107.5s  (70/100)
[2026-04-16 20:16:06] ds_online cases_012  steps  71- 79: 15.2s  total: 122.7s  (80/100)
[2026-04-16 20:16:23] ds_online cases_012  steps  81- 89: 16.8s  total: 139.5s  (90/100)
[2026-04-16 20:16:40] ds_online cases_012  steps  91- 99: 16.7s  total: 156.2s  (100/100)
[2026-04-16 20:16:40] DONE ds_online cases_012  total: 156.2s  (1.56s/step)
[2026-04-16 20:16:40]   tokens: 217,450 in + 1,000 out (reasoning: 0)  cost: $0.0598
[2026-04-16 20:16:40] START ds_online cases_013 (100 steps)
[2026-04-16 20:16:57] ds_online cases_013  steps   1-  9: 16.7s  total: 16.7s  (10/100)
[2026-04-16 20:17:12] ds_online cases_013  steps  11- 19: 15.4s  total: 32.0s  (20/100)
[2026-04-16 20:17:28] ds_online cases_013  steps  21- 29: 15.7s  total: 47.7s  (30/100)
[2026-04-16 20:17:44] ds_online cases_013  steps  31- 39: 16.1s  total: 63.8s  (40/100)
[2026-04-16 20:18:00] ds_online cases_013  steps  41- 49: 15.5s  total: 79.3s  (50/100)
[2026-04-16 20:18:17] ds_online cases_013  steps  51- 59: 17.5s  total: 96.9s  (60/100)
[2026-04-16 20:18:32] ds_online cases_013  steps  61- 69: 14.6s  total: 111.5s  (70/100)
[2026-04-16 20:18:48] ds_online cases_013  steps  71- 79: 15.6s  total: 127.1s  (80/100)
[2026-04-16 20:19:05] ds_online cases_013  steps  81- 89: 17.3s  total: 144.4s  (90/100)
[2026-04-16 20:19:22] ds_online cases_013  steps  91- 99: 17.3s  total: 161.7s  (100/100)
[2026-04-16 20:19:23] DONE ds_online cases_013  total: 161.7s  (1.62s/step)
[2026-04-16 20:19:23]   tokens: 217,450 in + 1,000 out (reasoning: 0)  cost: $0.0598
[2026-04-16 20:19:23] START ds_online cases_014 (100 steps)
[2026-04-16 20:19:37] ds_online cases_014  steps   1-  9: 14.4s  total: 14.4s  (10/100)
[2026-04-16 20:19:52] ds_online cases_014  steps  11- 19: 15.5s  total: 29.8s  (20/100)
[2026-04-16 20:20:08] ds_online cases_014  steps  21- 29: 15.9s  total: 45.8s  (30/100)
[2026-04-16 20:20:24] ds_online cases_014  steps  31- 39: 15.5s  total: 61.2s  (40/100)
[2026-04-16 20:20:40] ds_online cases_014  steps  41- 49: 15.9s  total: 77.1s  (50/100)
[2026-04-16 20:20:55] ds_online cases_014  steps  51- 59: 15.5s  total: 92.6s  (60/100)
[2026-04-16 20:21:11] ds_online cases_014  steps  61- 69: 16.2s  total: 108.8s  (70/100)
[2026-04-16 20:21:28] ds_online cases_014  steps  71- 79: 16.7s  total: 125.5s  (80/100)
[2026-04-16 20:21:44] ds_online cases_014  steps  81- 89: 15.9s  total: 141.4s  (90/100)
[2026-04-16 20:22:02] ds_online cases_014  steps  91- 99: 18.0s  total: 159.4s  (100/100)
[2026-04-16 20:22:02] DONE ds_online cases_014  total: 159.4s  (1.59s/step)
[2026-04-16 20:22:02]   tokens: 217,450 in + 1,000 out (reasoning: 0)  cost: $0.0598
[2026-04-16 20:22:02] START ds_online cases_015 (100 steps)
[2026-04-16 20:22:19] ds_online cases_015  steps   1-  9: 16.1s  total: 16.1s  (10/100)
[2026-04-16 20:22:34] ds_online cases_015  steps  11- 19: 15.3s  total: 31.4s  (20/100)
[2026-04-16 20:22:49] ds_online cases_015  steps  21- 29: 15.5s  total: 46.9s  (30/100)
[2026-04-16 20:23:07] ds_online cases_015  steps  31- 39: 17.6s  total: 64.5s  (40/100)
[2026-04-16 20:23:24] ds_online cases_015  steps  41- 49: 17.0s  total: 81.5s  (50/100)
[2026-04-16 20:23:40] ds_online cases_015  steps  51- 59: 16.3s  total: 97.8s  (60/100)
[2026-04-16 20:23:57] ds_online cases_015  steps  61- 69: 16.8s  total: 114.6s  (70/100)
[2026-04-16 20:24:14] ds_online cases_015  steps  71- 79: 16.5s  total: 131.1s  (80/100)
[2026-04-16 20:24:31] ds_online cases_015  steps  81- 89: 17.8s  total: 148.9s  (90/100)
[2026-04-16 20:24:48] ds_online cases_015  steps  91- 99: 17.0s  total: 165.9s  (100/100)
[2026-04-16 20:24:49] DONE ds_online cases_015  total: 165.9s  (1.66s/step)
[2026-04-16 20:24:49]   tokens: 217,450 in + 1,000 out (reasoning: 0)  cost: $0.0598
[2026-04-16 20:24:49] START ds_online cases_016 (100 steps)
[2026-04-16 20:25:05] ds_online cases_016  steps   1-  9: 15.7s  total: 15.7s  (10/100)
[2026-04-16 20:25:21] ds_online cases_016  steps  11- 19: 16.2s  total: 31.9s  (20/100)
[2026-04-16 20:25:37] ds_online cases_016  steps  21- 29: 16.1s  total: 48.1s  (30/100)
[2026-04-16 20:25:54] ds_online cases_016  steps  31- 39: 16.6s  total: 64.7s  (40/100)
[2026-04-16 20:26:10] ds_online cases_016  steps  41- 49: 16.4s  total: 81.1s  (50/100)
[2026-04-16 20:26:25] ds_online cases_016  steps  51- 59: 15.3s  total: 96.4s  (60/100)
[2026-04-16 20:26:41] ds_online cases_016  steps  61- 69: 16.0s  total: 112.4s  (70/100)
[2026-04-16 20:26:59] ds_online cases_016  steps  71- 79: 17.8s  total: 130.3s  (80/100)
[2026-04-16 20:27:17] ds_online cases_016  steps  81- 89: 17.8s  total: 148.0s  (90/100)
[2026-04-16 20:27:47] ds_online cases_016  steps  91- 99: 30.2s  total: 178.2s  (100/100)
[2026-04-16 20:27:48] DONE ds_online cases_016  total: 178.2s  (1.78s/step)
[2026-04-16 20:27:48]   tokens: 217,450 in + 1,000 out (reasoning: 0)  cost: $0.0598
[2026-04-16 20:27:48] START ds_online cases_017 (100 steps)
[2026-04-16 20:28:02] ds_online cases_017  steps   1-  9: 14.3s  total: 14.3s  (10/100)
[2026-04-16 20:28:16] ds_online cases_017  steps  11- 19: 13.8s  total: 28.0s  (20/100)
[2026-04-16 20:28:31] ds_online cases_017  steps  21- 29: 15.0s  total: 43.0s  (30/100)
[2026-04-16 20:28:45] ds_online cases_017  steps  31- 39: 14.4s  total: 57.4s  (40/100)
[2026-04-16 20:29:01] ds_online cases_017  steps  41- 49: 15.6s  total: 73.0s  (50/100)
[2026-04-16 20:29:15] ds_online cases_017  steps  51- 59: 14.0s  total: 87.0s  (60/100)
[2026-04-16 20:29:29] ds_online cases_017  steps  61- 69: 14.8s  total: 101.8s  (70/100)
[2026-04-16 20:29:45] ds_online cases_017  steps  71- 79: 15.1s  total: 116.9s  (80/100)
[2026-04-16 20:29:59] ds_online cases_017  steps  81- 89: 14.4s  total: 131.3s  (90/100)
[2026-04-16 20:30:21] ds_online cases_017  steps  91- 99: 22.4s  total: 153.8s  (100/100)
[2026-04-16 20:30:22] DONE ds_online cases_017  total: 153.8s  (1.54s/step)
[2026-04-16 20:30:22]   tokens: 217,450 in + 1,000 out (reasoning: 0)  cost: $0.0598
[2026-04-16 20:30:22] START ds_online cases_018 (100 steps)
[2026-04-16 20:30:37] ds_online cases_018  steps   1-  9: 15.4s  total: 15.4s  (10/100)
[2026-04-16 20:30:52] ds_online cases_018  steps  11- 19: 15.0s  total: 30.4s  (20/100)
[2026-04-16 20:31:08] ds_online cases_018  steps  21- 29: 15.6s  total: 46.0s  (30/100)
[2026-04-16 20:31:23] ds_online cases_018  steps  31- 39: 14.7s  total: 60.7s  (40/100)
[2026-04-16 20:31:38] ds_online cases_018  steps  41- 49: 15.9s  total: 76.6s  (50/100)
[2026-04-16 20:31:53] ds_online cases_018  steps  51- 59: 14.5s  total: 91.1s  (60/100)
[2026-04-16 20:32:08] ds_online cases_018  steps  61- 69: 15.4s  total: 106.5s  (70/100)
[2026-04-16 20:32:23] ds_online cases_018  steps  71- 79: 14.9s  total: 121.4s  (80/100)
[2026-04-16 20:32:39] ds_online cases_018  steps  81- 89: 15.3s  total: 136.6s  (90/100)
[2026-04-16 20:32:54] ds_online cases_018  steps  91- 99: 15.7s  total: 152.3s  (100/100)
[2026-04-16 20:32:55] DONE ds_online cases_018  total: 152.3s  (1.52s/step)
[2026-04-16 20:32:55]   tokens: 217,450 in + 1,000 out (reasoning: 0)  cost: $0.0598
[2026-04-16 20:32:55] START ds_online cases_019 (100 steps)
[2026-04-16 20:33:09] ds_online cases_019  steps   1-  9: 14.0s  total: 14.0s  (10/100)
[2026-04-16 20:33:23] ds_online cases_019  steps  11- 19: 14.4s  total: 28.3s  (20/100)
[2026-04-16 20:33:38] ds_online cases_019  steps  21- 29: 14.8s  total: 43.2s  (30/100)
[2026-04-16 20:33:54] ds_online cases_019  steps  31- 39: 16.4s  total: 59.6s  (40/100)
[2026-04-16 20:34:09] ds_online cases_019  steps  41- 49: 14.8s  total: 74.4s  (50/100)
[2026-04-16 20:34:25] ds_online cases_019  steps  51- 59: 15.5s  total: 89.9s  (60/100)
[2026-04-16 20:34:40] ds_online cases_019  steps  61- 69: 15.0s  total: 104.9s  (70/100)
[2026-04-16 20:34:56] ds_online cases_019  steps  71- 79: 16.7s  total: 121.5s  (80/100)
[2026-04-16 20:35:13] ds_online cases_019  steps  81- 89: 16.8s  total: 138.3s  (90/100)
[2026-04-16 20:35:30] ds_online cases_019  steps  91- 99: 17.1s  total: 155.4s  (100/100)
[2026-04-16 20:35:31] DONE ds_online cases_019  total: 155.4s  (1.55s/step)
[2026-04-16 20:35:31]   tokens: 217,450 in + 1,000 out (reasoning: 0)  cost: $0.0598
[2026-04-16 20:35:31] START ds_weather cases_010 (100 steps)
[2026-04-16 20:35:46] ds_weather cases_010  steps   1-  9: 15.4s  total: 15.4s  (10/100)
[2026-04-16 20:36:01] ds_weather cases_010  steps  11- 19: 14.8s  total: 30.3s  (20/100)
[2026-04-16 20:36:18] ds_weather cases_010  steps  21- 29: 17.1s  total: 47.4s  (30/100)
[2026-04-16 20:36:32] ds_weather cases_010  steps  31- 39: 14.3s  total: 61.7s  (40/100)
[2026-04-16 20:36:48] ds_weather cases_010  steps  41- 49: 15.6s  total: 77.3s  (50/100)
[2026-04-16 20:37:03] ds_weather cases_010  steps  51- 59: 14.8s  total: 92.1s  (60/100)
[2026-04-16 20:37:19] ds_weather cases_010  steps  61- 69: 16.2s  total: 108.3s  (70/100)
[2026-04-16 20:37:34] ds_weather cases_010  steps  71- 79: 15.4s  total: 123.6s  (80/100)
[2026-04-16 20:37:50] ds_weather cases_010  steps  81- 89: 16.1s  total: 139.7s  (90/100)
[2026-04-16 20:38:06] ds_weather cases_010  steps  91- 99: 15.8s  total: 155.5s  (100/100)
[2026-04-16 20:38:07] DONE ds_weather cases_010  total: 155.5s  (1.56s/step)
[2026-04-16 20:38:07]   tokens: 223,200 in + 1,100 out (reasoning: 0)  cost: $0.0615
[2026-04-16 20:38:07] START ds_weather cases_011 (100 steps)
[2026-04-16 20:38:21] ds_weather cases_011  steps   1-  9: 14.5s  total: 14.5s  (10/100)
[2026-04-16 20:38:35] ds_weather cases_011  steps  11- 19: 14.1s  total: 28.6s  (20/100)
[2026-04-16 20:38:51] ds_weather cases_011  steps  21- 29: 15.3s  total: 43.9s  (30/100)
[2026-04-16 20:39:06] ds_weather cases_011  steps  31- 39: 15.5s  total: 59.4s  (40/100)
[2026-04-16 20:39:21] ds_weather cases_011  steps  41- 49: 14.7s  total: 74.1s  (50/100)
[2026-04-16 20:39:36] ds_weather cases_011  steps  51- 59: 14.9s  total: 89.0s  (60/100)
[2026-04-16 20:39:51] ds_weather cases_011  steps  61- 69: 15.2s  total: 104.2s  (70/100)
[2026-04-16 20:40:08] ds_weather cases_011  steps  71- 79: 16.9s  total: 121.1s  (80/100)
[2026-04-16 20:40:24] ds_weather cases_011  steps  81- 89: 16.3s  total: 137.4s  (90/100)
[2026-04-16 20:40:40] ds_weather cases_011  steps  91- 99: 15.9s  total: 153.3s  (100/100)
[2026-04-16 20:40:40] DONE ds_weather cases_011  total: 153.3s  (1.53s/step)
[2026-04-16 20:40:40]   tokens: 223,200 in + 1,100 out (reasoning: 0)  cost: $0.0615
[2026-04-16 20:40:40] START ds_weather cases_012 (100 steps)
[2026-04-16 20:40:55] ds_weather cases_012  steps   1-  9: 14.3s  total: 14.3s  (10/100)
[2026-04-16 20:41:10] ds_weather cases_012  steps  11- 19: 15.7s  total: 30.0s  (20/100)
[2026-04-16 20:41:26] ds_weather cases_012  steps  21- 29: 15.5s  total: 45.5s  (30/100)
[2026-04-16 20:41:41] ds_weather cases_012  steps  31- 39: 14.9s  total: 60.4s  (40/100)
[2026-04-16 20:41:55] ds_weather cases_012  steps  41- 49: 14.4s  total: 74.8s  (50/100)
[2026-04-16 20:42:10] ds_weather cases_012  steps  51- 59: 14.8s  total: 89.6s  (60/100)
[2026-04-16 20:42:25] ds_weather cases_012  steps  61- 69: 14.7s  total: 104.4s  (70/100)
[2026-04-16 20:42:42] ds_weather cases_012  steps  71- 79: 17.3s  total: 121.6s  (80/100)
[2026-04-16 20:42:58] ds_weather cases_012  steps  81- 89: 16.0s  total: 137.6s  (90/100)
[2026-04-16 20:43:15] ds_weather cases_012  steps  91- 99: 16.9s  total: 154.6s  (100/100)
[2026-04-16 20:43:15] DONE ds_weather cases_012  total: 154.6s  (1.55s/step)
[2026-04-16 20:43:15]   tokens: 223,200 in + 1,100 out (reasoning: 0)  cost: $0.0615
[2026-04-16 20:43:15] START ds_weather cases_013 (100 steps)
[2026-04-16 20:43:30] ds_weather cases_013  steps   1-  9: 15.0s  total: 15.0s  (10/100)
[2026-04-16 20:43:45] ds_weather cases_013  steps  11- 19: 14.6s  total: 29.6s  (20/100)
[2026-04-16 20:44:02] ds_weather cases_013  steps  21- 29: 16.9s  total: 46.4s  (30/100)
[2026-04-16 20:44:17] ds_weather cases_013  steps  31- 39: 14.7s  total: 61.1s  (40/100)
[2026-04-16 20:44:33] ds_weather cases_013  steps  41- 49: 16.2s  total: 77.3s  (50/100)
[2026-04-16 20:44:50] ds_weather cases_013  steps  51- 59: 16.8s  total: 94.1s  (60/100)
[2026-04-16 20:45:05] ds_weather cases_013  steps  61- 69: 15.3s  total: 109.4s  (70/100)
[2026-04-16 20:45:21] ds_weather cases_013  steps  71- 79: 16.5s  total: 125.9s  (80/100)
[2026-04-16 20:45:38] ds_weather cases_013  steps  81- 89: 17.0s  total: 142.9s  (90/100)
[2026-04-16 20:45:56] ds_weather cases_013  steps  91- 99: 17.2s  total: 160.1s  (100/100)
[2026-04-16 20:45:56] DONE ds_weather cases_013  total: 160.1s  (1.60s/step)
[2026-04-16 20:45:56]   tokens: 223,200 in + 1,100 out (reasoning: 0)  cost: $0.0615
[2026-04-16 20:45:56] START ds_weather cases_014 (100 steps)
[2026-04-16 20:46:11] ds_weather cases_014  steps   1-  9: 15.1s  total: 15.1s  (10/100)
[2026-04-16 20:46:26] ds_weather cases_014  steps  11- 19: 15.1s  total: 30.3s  (20/100)
[2026-04-16 20:46:42] ds_weather cases_014  steps  21- 29: 15.5s  total: 45.8s  (30/100)
[2026-04-16 20:46:57] ds_weather cases_014  steps  31- 39: 15.3s  total: 61.1s  (40/100)
[2026-04-16 20:47:13] ds_weather cases_014  steps  41- 49: 16.1s  total: 77.2s  (50/100)
[2026-04-16 20:47:29] ds_weather cases_014  steps  51- 59: 15.4s  total: 92.6s  (60/100)
[2026-04-16 20:47:45] ds_weather cases_014  steps  61- 69: 16.3s  total: 108.8s  (70/100)
[2026-04-16 20:48:02] ds_weather cases_014  steps  71- 79: 17.0s  total: 125.8s  (80/100)
[2026-04-16 20:48:18] ds_weather cases_014  steps  81- 89: 16.0s  total: 141.8s  (90/100)
[2026-04-16 20:48:36] ds_weather cases_014  steps  91- 99: 17.9s  total: 159.7s  (100/100)
[2026-04-16 20:48:36] DONE ds_weather cases_014  total: 159.7s  (1.60s/step)
[2026-04-16 20:48:36]   tokens: 223,200 in + 1,100 out (reasoning: 0)  cost: $0.0615
[2026-04-16 20:48:36] START ds_weather cases_015 (100 steps)
[2026-04-16 20:48:51] ds_weather cases_015  steps   1-  9: 14.9s  total: 14.9s  (10/100)
[2026-04-16 20:49:06] ds_weather cases_015  steps  11- 19: 14.5s  total: 29.4s  (20/100)
[2026-04-16 20:49:21] ds_weather cases_015  steps  21- 29: 15.0s  total: 44.4s  (30/100)
[2026-04-16 20:49:35] ds_weather cases_015  steps  31- 39: 14.6s  total: 59.0s  (40/100)
[2026-04-16 20:49:50] ds_weather cases_015  steps  41- 49: 14.5s  total: 73.5s  (50/100)
[2026-04-16 20:50:03] ds_weather cases_015  steps  51- 59: 13.0s  total: 86.5s  (60/100)
[2026-04-16 20:50:17] ds_weather cases_015  steps  61- 69: 14.3s  total: 100.8s  (70/100)
[2026-04-16 20:50:34] ds_weather cases_015  steps  71- 79: 16.6s  total: 117.4s  (80/100)
[2026-04-16 20:50:49] ds_weather cases_015  steps  81- 89: 15.5s  total: 132.9s  (90/100)
[2026-04-16 20:51:05] ds_weather cases_015  steps  91- 99: 15.7s  total: 148.7s  (100/100)
[2026-04-16 20:51:05] DONE ds_weather cases_015  total: 148.7s  (1.49s/step)
[2026-04-16 20:51:05]   tokens: 223,200 in + 1,100 out (reasoning: 0)  cost: $0.0615
[2026-04-16 20:51:05] START ds_weather cases_016 (100 steps)
[2026-04-16 20:51:20] ds_weather cases_016  steps   1-  9: 14.6s  total: 14.6s  (10/100)
[2026-04-16 20:51:34] ds_weather cases_016  steps  11- 19: 13.6s  total: 28.2s  (20/100)
[2026-04-16 20:51:48] ds_weather cases_016  steps  21- 29: 14.8s  total: 43.1s  (30/100)
[2026-04-16 20:52:03] ds_weather cases_016  steps  31- 39: 14.1s  total: 57.2s  (40/100)
[2026-04-16 20:52:18] ds_weather cases_016  steps  41- 49: 15.7s  total: 72.9s  (50/100)
[2026-04-16 20:52:32] ds_weather cases_016  steps  51- 59: 13.9s  total: 86.8s  (60/100)
[2026-04-16 20:52:46] ds_weather cases_016  steps  61- 69: 13.4s  total: 100.2s  (70/100)
[2026-04-16 20:53:01] ds_weather cases_016  steps  71- 79: 15.2s  total: 115.4s  (80/100)
[2026-04-16 20:53:16] ds_weather cases_016  steps  81- 89: 15.7s  total: 131.1s  (90/100)
[2026-04-16 20:53:33] ds_weather cases_016  steps  91- 99: 16.1s  total: 147.2s  (100/100)
[2026-04-16 20:53:33] DONE ds_weather cases_016  total: 147.2s  (1.47s/step)
[2026-04-16 20:53:33]   tokens: 223,200 in + 1,100 out (reasoning: 0)  cost: $0.0615
[2026-04-16 20:53:33] START ds_weather cases_017 (100 steps)
[2026-04-16 20:53:48] ds_weather cases_017  steps   1-  9: 14.5s  total: 14.5s  (10/100)
[2026-04-16 20:54:02] ds_weather cases_017  steps  11- 19: 14.6s  total: 29.1s  (20/100)
[2026-04-16 20:54:17] ds_weather cases_017  steps  21- 29: 15.1s  total: 44.1s  (30/100)
[2026-04-16 20:54:32] ds_weather cases_017  steps  31- 39: 14.9s  total: 59.1s  (40/100)
[2026-04-16 20:54:46] ds_weather cases_017  steps  41- 49: 14.2s  total: 73.3s  (50/100)
[2026-04-16 20:55:01] ds_weather cases_017  steps  51- 59: 14.5s  total: 87.8s  (60/100)
[2026-04-16 20:55:16] ds_weather cases_017  steps  61- 69: 14.8s  total: 102.6s  (70/100)
[2026-04-16 20:55:31] ds_weather cases_017  steps  71- 79: 15.2s  total: 117.8s  (80/100)
[2026-04-16 20:55:47] ds_weather cases_017  steps  81- 89: 15.8s  total: 133.6s  (90/100)
[2026-04-16 20:56:03] ds_weather cases_017  steps  91- 99: 16.7s  total: 150.3s  (100/100)
[2026-04-16 20:56:04] DONE ds_weather cases_017  total: 150.3s  (1.50s/step)
[2026-04-16 20:56:04]   tokens: 223,200 in + 1,100 out (reasoning: 0)  cost: $0.0615
[2026-04-16 20:56:04] START ds_weather cases_018 (100 steps)
[2026-04-16 20:56:18] ds_weather cases_018  steps   1-  9: 14.3s  total: 14.3s  (10/100)
[2026-04-16 20:56:33] ds_weather cases_018  steps  11- 19: 14.6s  total: 28.8s  (20/100)
[2026-04-16 20:56:48] ds_weather cases_018  steps  21- 29: 15.3s  total: 44.2s  (30/100)
[2026-04-16 20:57:04] ds_weather cases_018  steps  31- 39: 16.0s  total: 60.2s  (40/100)
[2026-04-16 20:57:20] ds_weather cases_018  steps  41- 49: 16.3s  total: 76.5s  (50/100)
[2026-04-16 20:57:36] ds_weather cases_018  steps  51- 59: 15.9s  total: 92.4s  (60/100)
[2026-04-16 20:57:52] ds_weather cases_018  steps  61- 69: 16.2s  total: 108.5s  (70/100)
[2026-04-16 20:58:08] ds_weather cases_018  steps  71- 79: 16.0s  total: 124.6s  (80/100)
[2026-04-16 20:58:25] ds_weather cases_018  steps  81- 89: 16.7s  total: 141.3s  (90/100)
[2026-04-16 20:58:45] ds_weather cases_018  steps  91- 99: 19.6s  total: 160.9s  (100/100)
[2026-04-16 20:58:45] DONE ds_weather cases_018  total: 161.0s  (1.61s/step)
[2026-04-16 20:58:45]   tokens: 223,200 in + 1,100 out (reasoning: 0)  cost: $0.0615
[2026-04-16 20:58:45] START ds_weather cases_019 (100 steps)
[2026-04-16 20:59:01] ds_weather cases_019  steps   1-  9: 15.6s  total: 15.6s  (10/100)
[2026-04-16 20:59:16] ds_weather cases_019  steps  11- 19: 14.5s  total: 30.1s  (20/100)
[2026-04-16 20:59:33] ds_weather cases_019  steps  21- 29: 17.7s  total: 47.9s  (30/100)
[2026-04-16 20:59:49] ds_weather cases_019  steps  31- 39: 16.2s  total: 64.1s  (40/100)
[2026-04-16 21:00:31] ds_weather cases_019  steps  41- 49: 41.5s  total: 105.6s  (50/100)
[2026-04-16 21:00:52] ds_weather cases_019  steps  51- 59: 20.8s  total: 126.4s  (60/100)
[2026-04-16 21:01:14] ds_weather cases_019  steps  61- 69: 22.2s  total: 148.6s  (70/100)
[2026-04-16 21:01:36] ds_weather cases_019  steps  71- 79: 22.4s  total: 171.0s  (80/100)
[2026-04-16 21:01:57] ds_weather cases_019  steps  81- 89: 21.0s  total: 192.0s  (90/100)
[2026-04-16 21:02:17] ds_weather cases_019  steps  91- 99: 19.9s  total: 212.0s  (100/100)
[2026-04-16 21:02:18] DONE ds_weather cases_019  total: 212.0s  (2.12s/step)
[2026-04-16 21:02:18]   tokens: 223,200 in + 1,100 out (reasoning: 0)  cost: $0.0615
[2026-04-16 21:02:18] START ds_mw_name cases_010 (100 steps)
[2026-04-16 21:02:49] ds_mw_name cases_010  steps   1-  9: 30.7s  total: 30.7s  (10/100)
[2026-04-16 21:03:22] ds_mw_name cases_010  steps  11- 19: 33.9s  total: 64.5s  (20/100)
[2026-04-16 21:03:54] ds_mw_name cases_010  steps  21- 29: 31.1s  total: 95.6s  (30/100)
[2026-04-16 21:04:24] ds_mw_name cases_010  steps  31- 39: 30.2s  total: 125.8s  (40/100)
[2026-04-16 21:04:55] ds_mw_name cases_010  steps  41- 49: 31.7s  total: 157.5s  (50/100)
[2026-04-16 21:05:27] ds_mw_name cases_010  steps  51- 59: 31.4s  total: 188.9s  (60/100)
[2026-04-16 21:06:01] ds_mw_name cases_010  steps  61- 69: 33.6s  total: 222.6s  (70/100)
[2026-04-16 21:06:34] ds_mw_name cases_010  steps  71- 79: 33.9s  total: 256.4s  (80/100)
[2026-04-16 21:07:10] ds_mw_name cases_010  steps  81- 89: 35.2s  total: 291.7s  (90/100)
[2026-04-16 21:07:44] ds_mw_name cases_010  steps  91- 99: 34.7s  total: 326.4s  (100/100)
[2026-04-16 21:07:47] DONE ds_mw_name cases_010  total: 328.9s  (3.29s/step)
[2026-04-16 21:07:47]   tokens: 431,935 in + 5,096 out (reasoning: 0)  cost: $0.1222
[2026-04-16 21:07:47] START ds_mw_name cases_011 (100 steps)
[2026-04-16 21:08:17] ds_mw_name cases_011  steps   1-  9: 29.7s  total: 29.7s  (10/100)
[2026-04-16 21:08:47] ds_mw_name cases_011  steps  11- 19: 29.7s  total: 59.4s  (20/100)
[2026-04-16 21:09:18] ds_mw_name cases_011  steps  21- 29: 30.9s  total: 90.3s  (30/100)
[2026-04-16 21:09:48] ds_mw_name cases_011  steps  31- 39: 30.4s  total: 120.7s  (40/100)
[2026-04-16 21:10:19] ds_mw_name cases_011  steps  41- 49: 30.5s  total: 151.2s  (50/100)
[2026-04-16 21:10:54] ds_mw_name cases_011  steps  51- 59: 35.3s  total: 186.5s  (60/100)
[2026-04-16 21:11:28] ds_mw_name cases_011  steps  61- 69: 34.3s  total: 220.8s  (70/100)
[2026-04-16 21:12:01] ds_mw_name cases_011  steps  71- 79: 32.9s  total: 253.7s  (80/100)
[2026-04-16 21:12:36] ds_mw_name cases_011  steps  81- 89: 34.5s  total: 288.2s  (90/100)
[2026-04-16 21:13:09] ds_mw_name cases_011  steps  91- 99: 33.6s  total: 321.8s  (100/100)
[2026-04-16 21:13:12] DONE ds_mw_name cases_011  total: 324.4s  (3.24s/step)
[2026-04-16 21:13:12]   tokens: 408,437 in + 4,623 out (reasoning: 0)  cost: $0.1154
[2026-04-16 21:13:12] START ds_mw_name cases_012 (100 steps)
[2026-04-16 21:13:46] ds_mw_name cases_012  steps   1-  9: 33.8s  total: 33.8s  (10/100)
[2026-04-16 21:14:18] ds_mw_name cases_012  steps  11- 19: 32.1s  total: 65.9s  (20/100)
[2026-04-16 21:14:51] ds_mw_name cases_012  steps  21- 29: 32.6s  total: 98.5s  (30/100)
[2026-04-16 21:15:25] ds_mw_name cases_012  steps  31- 39: 33.8s  total: 132.3s  (40/100)
[2026-04-16 21:15:58] ds_mw_name cases_012  steps  41- 49: 33.5s  total: 165.7s  (50/100)
[2026-04-16 21:16:29] ds_mw_name cases_012  steps  51- 59: 30.5s  total: 196.2s  (60/100)
[2026-04-16 21:17:03] ds_mw_name cases_012  steps  61- 69: 34.4s  total: 230.7s  (70/100)
[2026-04-16 21:17:42] ds_mw_name cases_012  steps  71- 79: 38.8s  total: 269.5s  (80/100)
[2026-04-16 21:18:16] ds_mw_name cases_012  steps  81- 89: 33.8s  total: 303.3s  (90/100)
[2026-04-16 21:18:51] ds_mw_name cases_012  steps  91- 99: 35.4s  total: 338.6s  (100/100)
[2026-04-16 21:18:54] DONE ds_mw_name cases_012  total: 341.2s  (3.41s/step)
[2026-04-16 21:18:54]   tokens: 431,962 in + 5,098 out (reasoning: 0)  cost: $0.1222
[2026-04-16 21:18:54] START ds_mw_name cases_013 (100 steps)
[2026-04-16 21:19:25] ds_mw_name cases_013  steps   1-  9: 31.0s  total: 31.0s  (10/100)
[2026-04-16 21:19:58] ds_mw_name cases_013  steps  11- 19: 32.5s  total: 63.5s  (20/100)
[2026-04-16 21:20:31] ds_mw_name cases_013  steps  21- 29: 33.7s  total: 97.2s  (30/100)
[2026-04-16 21:21:06] ds_mw_name cases_013  steps  31- 39: 35.2s  total: 132.4s  (40/100)
[2026-04-16 21:21:39] ds_mw_name cases_013  steps  41- 49: 32.4s  total: 164.8s  (50/100)
[2026-04-16 21:22:12] ds_mw_name cases_013  steps  51- 59: 33.1s  total: 197.9s  (60/100)
[2026-04-16 21:22:46] ds_mw_name cases_013  steps  61- 69: 34.3s  total: 232.1s  (70/100)
[2026-04-16 21:23:20] ds_mw_name cases_013  steps  71- 79: 34.0s  total: 266.1s  (80/100)
[2026-04-16 21:23:54] ds_mw_name cases_013  steps  81- 89: 33.5s  total: 299.7s  (90/100)
[2026-04-16 21:24:26] ds_mw_name cases_013  steps  91- 99: 32.5s  total: 332.1s  (100/100)
[2026-04-16 21:24:29] DONE ds_mw_name cases_013  total: 334.2s  (3.34s/step)
[2026-04-16 21:24:29]   tokens: 429,779 in + 5,063 out (reasoning: 0)  cost: $0.1216
[2026-04-16 21:24:29] START ds_mw_name cases_014 (100 steps)
[2026-04-16 21:24:58] ds_mw_name cases_014  steps   1-  9: 28.8s  total: 28.8s  (10/100)
[2026-04-16 21:25:29] ds_mw_name cases_014  steps  11- 19: 31.8s  total: 60.6s  (20/100)
[2026-04-16 21:25:59] ds_mw_name cases_014  steps  21- 29: 29.3s  total: 89.9s  (30/100)
[2026-04-16 21:26:30] ds_mw_name cases_014  steps  31- 39: 31.4s  total: 121.4s  (40/100)
[2026-04-16 21:26:59] ds_mw_name cases_014  steps  41- 49: 28.6s  total: 150.0s  (50/100)
[2026-04-16 21:27:28] ds_mw_name cases_014  steps  51- 59: 29.1s  total: 179.1s  (60/100)
[2026-04-16 21:27:58] ds_mw_name cases_014  steps  61- 69: 30.1s  total: 209.2s  (70/100)
[2026-04-16 21:28:29] ds_mw_name cases_014  steps  71- 79: 30.9s  total: 240.1s  (80/100)
[2026-04-16 21:29:01] ds_mw_name cases_014  steps  81- 89: 32.0s  total: 272.1s  (90/100)
[2026-04-16 21:29:36] ds_mw_name cases_014  steps  91- 99: 35.2s  total: 307.3s  (100/100)
[2026-04-16 21:29:39] DONE ds_mw_name cases_014  total: 309.9s  (3.10s/step)
[2026-04-16 21:29:39]   tokens: 408,437 in + 4,623 out (reasoning: 0)  cost: $0.1154
[2026-04-16 21:29:39] START ds_mw_name cases_015 (100 steps)
[2026-04-16 21:30:10] ds_mw_name cases_015  steps   1-  9: 31.3s  total: 31.3s  (10/100)
[2026-04-16 21:30:42] ds_mw_name cases_015  steps  11- 19: 31.9s  total: 63.2s  (20/100)
[2026-04-16 21:31:15] ds_mw_name cases_015  steps  21- 29: 32.4s  total: 95.7s  (30/100)
[2026-04-16 21:31:48] ds_mw_name cases_015  steps  31- 39: 32.9s  total: 128.5s  (40/100)
[2026-04-16 21:32:21] ds_mw_name cases_015  steps  41- 49: 32.9s  total: 161.4s  (50/100)
[2026-04-16 21:32:55] ds_mw_name cases_015  steps  51- 59: 33.9s  total: 195.4s  (60/100)
[2026-04-16 21:33:27] ds_mw_name cases_015  steps  61- 69: 32.0s  total: 227.4s  (70/100)
[2026-04-16 21:34:01] ds_mw_name cases_015  steps  71- 79: 34.2s  total: 261.6s  (80/100)
[2026-04-16 21:34:34] ds_mw_name cases_015  steps  81- 89: 33.3s  total: 294.8s  (90/100)
[2026-04-16 21:35:10] ds_mw_name cases_015  steps  91- 99: 36.0s  total: 330.8s  (100/100)
[2026-04-16 21:35:13] DONE ds_mw_name cases_015  total: 333.7s  (3.34s/step)
[2026-04-16 21:35:13]   tokens: 426,297 in + 5,003 out (reasoning: 0)  cost: $0.1206
[2026-04-16 21:35:13] START ds_mw_name cases_016 (100 steps)
[2026-04-16 21:35:46] ds_mw_name cases_016  steps   1-  9: 32.3s  total: 32.3s  (10/100)
[2026-04-16 21:36:19] ds_mw_name cases_016  steps  11- 19: 33.5s  total: 65.8s  (20/100)
[2026-04-16 21:36:52] ds_mw_name cases_016  steps  21- 29: 32.7s  total: 98.5s  (30/100)
[2026-04-16 21:37:26] ds_mw_name cases_016  steps  31- 39: 34.1s  total: 132.6s  (40/100)
[2026-04-16 21:38:02] ds_mw_name cases_016  steps  41- 49: 35.9s  total: 168.5s  (50/100)
[2026-04-16 21:38:34] ds_mw_name cases_016  steps  51- 59: 32.6s  total: 201.1s  (60/100)
[2026-04-16 21:39:11] ds_mw_name cases_016  steps  61- 69: 36.4s  total: 237.4s  (70/100)
[2026-04-16 21:39:46] ds_mw_name cases_016  steps  71- 79: 35.3s  total: 272.7s  (80/100)
[2026-04-16 21:40:22] ds_mw_name cases_016  steps  81- 89: 35.7s  total: 308.5s  (90/100)
[2026-04-16 21:40:57] ds_mw_name cases_016  steps  91- 99: 35.1s  total: 343.6s  (100/100)
[2026-04-16 21:41:00] DONE ds_mw_name cases_016  total: 346.5s  (3.46s/step)
[2026-04-16 21:41:00]   tokens: 425,160 in + 4,975 out (reasoning: 0)  cost: $0.1203
[2026-04-16 21:41:00] START ds_mw_name cases_017 (100 steps)
[2026-04-16 21:41:30] ds_mw_name cases_017  steps   1-  9: 29.9s  total: 29.9s  (10/100)
[2026-04-16 21:41:58] ds_mw_name cases_017  steps  11- 19: 28.2s  total: 58.1s  (20/100)
[2026-04-16 21:42:29] ds_mw_name cases_017  steps  21- 29: 30.2s  total: 88.3s  (30/100)
[2026-04-16 21:42:59] ds_mw_name cases_017  steps  31- 39: 30.9s  total: 119.2s  (40/100)
[2026-04-16 21:43:29] ds_mw_name cases_017  steps  41- 49: 29.4s  total: 148.5s  (50/100)
[2026-04-16 21:43:58] ds_mw_name cases_017  steps  51- 59: 29.6s  total: 178.1s  (60/100)
[2026-04-16 21:44:28] ds_mw_name cases_017  steps  61- 69: 29.6s  total: 207.7s  (70/100)
[2026-04-16 21:44:56] ds_mw_name cases_017  steps  71- 79: 28.4s  total: 236.2s  (80/100)
[2026-04-16 21:45:27] ds_mw_name cases_017  steps  81- 89: 30.3s  total: 266.4s  (90/100)
[2026-04-16 21:45:59] ds_mw_name cases_017  steps  91- 99: 31.8s  total: 298.2s  (100/100)
[2026-04-16 21:46:03] DONE ds_mw_name cases_017  total: 301.8s  (3.02s/step)
[2026-04-16 21:46:03]   tokens: 408,437 in + 4,623 out (reasoning: 0)  cost: $0.1154
[2026-04-16 21:46:03] START ds_mw_name cases_018 (100 steps)
[2026-04-16 21:46:32] ds_mw_name cases_018  steps   1-  9: 29.6s  total: 29.6s  (10/100)
[2026-04-16 21:47:02] ds_mw_name cases_018  steps  11- 19: 29.5s  total: 59.1s  (20/100)
[2026-04-16 21:47:30] ds_mw_name cases_018  steps  21- 29: 28.5s  total: 87.6s  (30/100)
[2026-04-16 21:48:00] ds_mw_name cases_018  steps  31- 39: 29.9s  total: 117.4s  (40/100)
[2026-04-16 21:48:31] ds_mw_name cases_018  steps  41- 49: 30.9s  total: 148.4s  (50/100)
[2026-04-16 21:49:01] ds_mw_name cases_018  steps  51- 59: 30.1s  total: 178.5s  (60/100)
[2026-04-16 21:49:32] ds_mw_name cases_018  steps  61- 69: 30.8s  total: 209.2s  (70/100)
[2026-04-16 21:50:04] ds_mw_name cases_018  steps  71- 79: 31.8s  total: 241.0s  (80/100)
[2026-04-16 21:50:35] ds_mw_name cases_018  steps  81- 89: 31.2s  total: 272.2s  (90/100)
[2026-04-16 21:51:05] ds_mw_name cases_018  steps  91- 99: 30.4s  total: 302.6s  (100/100)
[2026-04-16 21:51:09] DONE ds_mw_name cases_018  total: 305.5s  (3.05s/step)
[2026-04-16 21:51:09]   tokens: 431,083 in + 5,085 out (reasoning: 0)  cost: $0.1220
[2026-04-16 21:51:09] START ds_mw_name cases_019 (100 steps)
[2026-04-16 21:51:37] ds_mw_name cases_019  steps   1-  9: 28.2s  total: 28.2s  (10/100)
[2026-04-16 21:52:04] ds_mw_name cases_019  steps  11- 19: 27.3s  total: 55.5s  (20/100)
[2026-04-16 21:52:33] ds_mw_name cases_019  steps  21- 29: 28.5s  total: 84.0s  (30/100)
[2026-04-16 21:53:02] ds_mw_name cases_019  steps  31- 39: 29.1s  total: 113.1s  (40/100)
[2026-04-16 21:53:32] ds_mw_name cases_019  steps  41- 49: 30.2s  total: 143.3s  (50/100)
[2026-04-16 21:54:02] ds_mw_name cases_019  steps  51- 59: 30.3s  total: 173.7s  (60/100)
[2026-04-16 21:54:33] ds_mw_name cases_019  steps  61- 69: 30.7s  total: 204.4s  (70/100)
[2026-04-16 21:55:04] ds_mw_name cases_019  steps  71- 79: 30.5s  total: 235.0s  (80/100)
[2026-04-16 21:55:36] ds_mw_name cases_019  steps  81- 89: 32.9s  total: 267.9s  (90/100)
[2026-04-16 21:56:12] ds_mw_name cases_019  steps  91- 99: 35.8s  total: 303.7s  (100/100)
[2026-04-16 21:56:15] DONE ds_mw_name cases_019  total: 306.3s  (3.06s/step)
[2026-04-16 21:56:15]   tokens: 430,604 in + 5,071 out (reasoning: 0)  cost: $0.1218
[2026-04-16 21:56:15] START ds_explicit_update cases_010 (100 steps)
[2026-04-16 21:56:51] ds_explicit_update cases_010  steps   1-  9: 35.8s  total: 35.8s  (10/100)
[2026-04-16 21:57:30] ds_explicit_update cases_010  steps  11- 19: 38.6s  total: 74.3s  (20/100)
[2026-04-16 21:58:09] ds_explicit_update cases_010  steps  21- 29: 39.7s  total: 114.0s  (30/100)
[2026-04-16 21:58:48] ds_explicit_update cases_010  steps  31- 39: 38.2s  total: 152.2s  (40/100)
[2026-04-16 21:59:28] ds_explicit_update cases_010  steps  41- 49: 39.9s  total: 192.2s  (50/100)
[2026-04-16 22:00:11] ds_explicit_update cases_010  steps  51- 59: 43.5s  total: 235.6s  (60/100)
[2026-04-16 22:00:54] ds_explicit_update cases_010  steps  61- 69: 43.2s  total: 278.9s  (70/100)
[2026-04-16 22:01:43] ds_explicit_update cases_010  steps  71- 79: 48.4s  total: 327.3s  (80/100)
[2026-04-16 22:02:31] ds_explicit_update cases_010  steps  81- 89: 47.9s  total: 375.2s  (90/100)
[2026-04-16 22:03:15] ds_explicit_update cases_010  steps  91- 99: 44.7s  total: 419.8s  (100/100)
[2026-04-16 22:03:19] DONE ds_explicit_update cases_010  total: 422.8s  (4.23s/step)
[2026-04-16 22:03:19]   tokens: 539,067 in + 6,983 out (reasoning: 0)  cost: $0.1532
[2026-04-16 22:03:19] START ds_explicit_update cases_011 (100 steps)
[2026-04-16 22:03:58] ds_explicit_update cases_011  steps   1-  9: 38.8s  total: 38.8s  (10/100)
[2026-04-16 22:04:39] ds_explicit_update cases_011  steps  11- 19: 41.7s  total: 80.6s  (20/100)
[2026-04-16 22:05:21] ds_explicit_update cases_011  steps  21- 29: 41.3s  total: 121.9s  (30/100)
[2026-04-16 22:06:00] ds_explicit_update cases_011  steps  31- 39: 39.6s  total: 161.4s  (40/100)
[2026-04-16 22:06:41] ds_explicit_update cases_011  steps  41- 49: 41.2s  total: 202.7s  (50/100)
[2026-04-16 22:07:22] ds_explicit_update cases_011  steps  51- 59: 40.1s  total: 242.7s  (60/100)
[2026-04-16 22:08:02] ds_explicit_update cases_011  steps  61- 69: 40.2s  total: 282.9s  (70/100)
[2026-04-16 22:08:42] ds_explicit_update cases_011  steps  71- 79: 40.1s  total: 323.0s  (80/100)
[2026-04-16 22:09:22] ds_explicit_update cases_011  steps  81- 89: 40.3s  total: 363.3s  (90/100)
[2026-04-16 22:10:02] ds_explicit_update cases_011  steps  91- 99: 39.9s  total: 403.2s  (100/100)
[2026-04-16 22:10:05] DONE ds_explicit_update cases_011  total: 406.1s  (4.06s/step)
[2026-04-16 22:10:05]   tokens: 532,432 in + 6,893 out (reasoning: 0)  cost: $0.1513
[2026-04-16 22:10:05] START ds_explicit_update cases_012 (100 steps)
[2026-04-16 22:10:36] ds_explicit_update cases_012  steps   1-  9: 30.5s  total: 30.5s  (10/100)
[2026-04-16 22:11:07] ds_explicit_update cases_012  steps  11- 19: 30.7s  total: 61.2s  (20/100)
[2026-04-16 22:11:39] ds_explicit_update cases_012  steps  21- 29: 32.4s  total: 93.5s  (30/100)
[2026-04-16 22:12:10] ds_explicit_update cases_012  steps  31- 39: 31.1s  total: 124.7s  (40/100)
[2026-04-16 22:12:42] ds_explicit_update cases_012  steps  41- 49: 31.4s  total: 156.1s  (50/100)
[2026-04-16 22:13:14] ds_explicit_update cases_012  steps  51- 59: 32.4s  total: 188.4s  (60/100)
[2026-04-16 22:13:45] ds_explicit_update cases_012  steps  61- 69: 31.1s  total: 219.6s  (70/100)
[2026-04-16 22:14:17] ds_explicit_update cases_012  steps  71- 79: 31.7s  total: 251.3s  (80/100)
[2026-04-16 22:14:51] ds_explicit_update cases_012  steps  81- 89: 34.6s  total: 285.9s  (90/100)
[2026-04-16 22:15:22] ds_explicit_update cases_012  steps  91- 99: 30.6s  total: 316.5s  (100/100)
[2026-04-16 22:15:25] DONE ds_explicit_update cases_012  total: 318.9s  (3.19s/step)
[2026-04-16 22:15:25]   tokens: 444,478 in + 5,071 out (reasoning: 0)  cost: $0.1256
[2026-04-16 22:15:25] START ds_explicit_update cases_013 (100 steps)
[2026-04-16 22:15:58] ds_explicit_update cases_013  steps   1-  9: 32.9s  total: 32.9s  (10/100)
[2026-04-16 22:16:33] ds_explicit_update cases_013  steps  11- 19: 35.2s  total: 68.2s  (20/100)
[2026-04-16 22:17:07] ds_explicit_update cases_013  steps  21- 29: 34.3s  total: 102.5s  (30/100)
[2026-04-16 22:17:43] ds_explicit_update cases_013  steps  31- 39: 36.0s  total: 138.5s  (40/100)
[2026-04-16 22:18:20] ds_explicit_update cases_013  steps  41- 49: 36.2s  total: 174.7s  (50/100)
[2026-04-16 22:18:55] ds_explicit_update cases_013  steps  51- 59: 35.6s  total: 210.4s  (60/100)
[2026-04-16 22:19:32] ds_explicit_update cases_013  steps  61- 69: 36.3s  total: 246.7s  (70/100)
[2026-04-16 22:20:09] ds_explicit_update cases_013  steps  71- 79: 37.8s  total: 284.5s  (80/100)
[2026-04-16 22:20:46] ds_explicit_update cases_013  steps  81- 89: 37.1s  total: 321.7s  (90/100)
[2026-04-16 22:21:24] ds_explicit_update cases_013  steps  91- 99: 37.3s  total: 359.0s  (100/100)
[2026-04-16 22:21:28] DONE ds_explicit_update cases_013  total: 362.7s  (3.63s/step)
[2026-04-16 22:21:28]   tokens: 521,072 in + 6,623 out (reasoning: 0)  cost: $0.1480
[2026-04-16 22:21:28] START ds_explicit_update cases_014 (100 steps)
[2026-04-16 22:21:56] ds_explicit_update cases_014  steps   1-  9: 28.0s  total: 28.0s  (10/100)
[2026-04-16 22:22:26] ds_explicit_update cases_014  steps  11- 19: 30.1s  total: 58.1s  (20/100)
[2026-04-16 22:22:56] ds_explicit_update cases_014  steps  21- 29: 30.3s  total: 88.4s  (30/100)
[2026-04-16 22:23:28] ds_explicit_update cases_014  steps  31- 39: 31.2s  total: 119.6s  (40/100)
[2026-04-16 22:23:59] ds_explicit_update cases_014  steps  41- 49: 31.7s  total: 151.3s  (50/100)
[2026-04-16 22:24:34] ds_explicit_update cases_014  steps  51- 59: 34.8s  total: 186.1s  (60/100)
[2026-04-16 22:25:08] ds_explicit_update cases_014  steps  61- 69: 34.0s  total: 220.1s  (70/100)
[2026-04-16 22:25:42] ds_explicit_update cases_014  steps  71- 79: 34.0s  total: 254.1s  (80/100)
[2026-04-16 22:26:14] ds_explicit_update cases_014  steps  81- 89: 32.1s  total: 286.2s  (90/100)
[2026-04-16 22:26:47] ds_explicit_update cases_014  steps  91- 99: 33.3s  total: 319.5s  (100/100)
[2026-04-16 22:26:51] DONE ds_explicit_update cases_014  total: 322.6s  (3.23s/step)
[2026-04-16 22:26:51]   tokens: 422,072 in + 4,623 out (reasoning: 0)  cost: $0.1190
[2026-04-16 22:26:51] START ds_explicit_update cases_015 (100 steps)
[2026-04-16 22:27:21] ds_explicit_update cases_015  steps   1-  9: 30.3s  total: 30.3s  (10/100)
[2026-04-16 22:27:52] ds_explicit_update cases_015  steps  11- 19: 31.1s  total: 61.4s  (20/100)
[2026-04-16 22:28:24] ds_explicit_update cases_015  steps  21- 29: 31.3s  total: 92.7s  (30/100)
[2026-04-16 22:28:54] ds_explicit_update cases_015  steps  31- 39: 30.1s  total: 122.8s  (40/100)
[2026-04-16 22:29:25] ds_explicit_update cases_015  steps  41- 49: 31.1s  total: 153.8s  (50/100)
[2026-04-16 22:29:57] ds_explicit_update cases_015  steps  51- 59: 31.8s  total: 185.7s  (60/100)
[2026-04-16 22:30:31] ds_explicit_update cases_015  steps  61- 69: 34.0s  total: 219.7s  (70/100)
[2026-04-16 22:31:07] ds_explicit_update cases_015  steps  71- 79: 36.6s  total: 256.4s  (80/100)
[2026-04-16 22:31:43] ds_explicit_update cases_015  steps  81- 89: 35.5s  total: 291.9s  (90/100)
[2026-04-16 22:32:19] ds_explicit_update cases_015  steps  91- 99: 35.7s  total: 327.5s  (100/100)
[2026-04-16 22:32:22] DONE ds_explicit_update cases_015  total: 330.1s  (3.30s/step)
[2026-04-16 22:32:22]   tokens: 422,072 in + 4,623 out (reasoning: 0)  cost: $0.1190
[2026-04-16 22:32:22] START ds_explicit_update cases_016 (100 steps)
[2026-04-16 22:32:53] ds_explicit_update cases_016  steps   1-  9: 31.0s  total: 31.0s  (10/100)
[2026-04-16 22:33:21] ds_explicit_update cases_016  steps  11- 19: 28.4s  total: 59.4s  (20/100)
[2026-04-16 22:33:51] ds_explicit_update cases_016  steps  21- 29: 29.9s  total: 89.3s  (30/100)
[2026-04-16 22:34:21] ds_explicit_update cases_016  steps  31- 39: 30.2s  total: 119.5s  (40/100)
[2026-04-16 22:34:49] ds_explicit_update cases_016  steps  41- 49: 28.0s  total: 147.4s  (50/100)
[2026-04-16 22:35:19] ds_explicit_update cases_016  steps  51- 59: 30.4s  total: 177.8s  (60/100)
[2026-04-16 22:35:49] ds_explicit_update cases_016  steps  61- 69: 29.7s  total: 207.6s  (70/100)
[2026-04-16 22:36:19] ds_explicit_update cases_016  steps  71- 79: 29.8s  total: 237.4s  (80/100)
[2026-04-16 22:36:50] ds_explicit_update cases_016  steps  81- 89: 31.0s  total: 268.4s  (90/100)
[2026-04-16 22:37:22] ds_explicit_update cases_016  steps  91- 99: 32.4s  total: 300.8s  (100/100)
[2026-04-16 22:37:25] DONE ds_explicit_update cases_016  total: 303.4s  (3.03s/step)
[2026-04-16 22:37:25]   tokens: 422,072 in + 4,626 out (reasoning: 0)  cost: $0.1190
[2026-04-16 22:37:25] START ds_explicit_update cases_017 (100 steps)
[2026-04-16 22:38:00] ds_explicit_update cases_017  steps   1-  9: 34.8s  total: 34.8s  (10/100)
[2026-04-16 22:38:36] ds_explicit_update cases_017  steps  11- 19: 36.1s  total: 70.9s  (20/100)
[2026-04-16 22:39:14] ds_explicit_update cases_017  steps  21- 29: 38.1s  total: 109.0s  (30/100)
[2026-04-16 22:39:53] ds_explicit_update cases_017  steps  31- 39: 38.6s  total: 147.6s  (40/100)
[2026-04-16 22:40:31] ds_explicit_update cases_017  steps  41- 49: 37.6s  total: 185.2s  (50/100)
[2026-04-16 22:41:08] ds_explicit_update cases_017  steps  51- 59: 37.3s  total: 222.5s  (60/100)
[2026-04-16 22:41:49] ds_explicit_update cases_017  steps  61- 69: 40.7s  total: 263.2s  (70/100)
[2026-04-16 22:42:24] ds_explicit_update cases_017  steps  71- 79: 35.5s  total: 298.7s  (80/100)
[2026-04-16 22:43:00] ds_explicit_update cases_017  steps  81- 89: 36.3s  total: 335.0s  (90/100)
[2026-04-16 22:43:38] ds_explicit_update cases_017  steps  91- 99: 37.8s  total: 372.8s  (100/100)
[2026-04-16 22:43:42] DONE ds_explicit_update cases_017  total: 375.7s  (3.76s/step)
[2026-04-16 22:43:42]   tokens: 530,037 in + 6,793 out (reasoning: 0)  cost: $0.1506
[2026-04-16 22:43:42] START ds_explicit_update cases_018 (100 steps)
[2026-04-16 22:44:10] ds_explicit_update cases_018  steps   1-  9: 28.5s  total: 28.5s  (10/100)
[2026-04-16 22:44:40] ds_explicit_update cases_018  steps  11- 19: 29.7s  total: 58.1s  (20/100)
[2026-04-16 22:45:10] ds_explicit_update cases_018  steps  21- 29: 30.1s  total: 88.2s  (30/100)
[2026-04-16 22:45:40] ds_explicit_update cases_018  steps  31- 39: 30.6s  total: 118.8s  (40/100)
[2026-04-16 22:46:10] ds_explicit_update cases_018  steps  41- 49: 29.9s  total: 148.7s  (50/100)
[2026-04-16 22:46:42] ds_explicit_update cases_018  steps  51- 59: 31.9s  total: 180.6s  (60/100)
[2026-04-16 22:47:13] ds_explicit_update cases_018  steps  61- 69: 30.7s  total: 211.3s  (70/100)
[2026-04-16 22:47:45] ds_explicit_update cases_018  steps  71- 79: 32.2s  total: 243.5s  (80/100)
[2026-04-16 22:48:18] ds_explicit_update cases_018  steps  81- 89: 32.7s  total: 276.2s  (90/100)
[2026-04-16 22:48:49] ds_explicit_update cases_018  steps  91- 99: 31.5s  total: 307.7s  (100/100)
[2026-04-16 22:48:52] DONE ds_explicit_update cases_018  total: 309.9s  (3.10s/step)
[2026-04-16 22:48:52]   tokens: 444,026 in + 5,072 out (reasoning: 0)  cost: $0.1255
[2026-04-16 22:48:52] START ds_explicit_update cases_019 (100 steps)
[2026-04-16 22:49:21] ds_explicit_update cases_019  steps   1-  9: 29.0s  total: 29.0s  (10/100)
[2026-04-16 22:49:50] ds_explicit_update cases_019  steps  11- 19: 28.9s  total: 57.9s  (20/100)
[2026-04-16 22:50:18] ds_explicit_update cases_019  steps  21- 29: 28.4s  total: 86.4s  (30/100)
[2026-04-16 22:50:47] ds_explicit_update cases_019  steps  31- 39: 28.2s  total: 114.6s  (40/100)
[2026-04-16 22:51:15] ds_explicit_update cases_019  steps  41- 49: 28.8s  total: 143.4s  (50/100)
[2026-04-16 22:51:47] ds_explicit_update cases_019  steps  51- 59: 31.1s  total: 174.5s  (60/100)
[2026-04-16 22:52:22] ds_explicit_update cases_019  steps  61- 69: 35.0s  total: 209.5s  (70/100)
[2026-04-16 22:52:53] ds_explicit_update cases_019  steps  71- 79: 31.5s  total: 241.0s  (80/100)
[2026-04-16 22:53:24] ds_explicit_update cases_019  steps  81- 89: 31.4s  total: 272.4s  (90/100)
[2026-04-16 22:53:56] ds_explicit_update cases_019  steps  91- 99: 31.7s  total: 304.0s  (100/100)
[2026-04-16 22:53:59] DONE ds_explicit_update cases_019  total: 306.5s  (3.06s/step)
[2026-04-16 22:53:59]   tokens: 422,072 in + 4,623 out (reasoning: 0)  cost: $0.1190
[2026-04-21 01:58:32] START qwen3_14b_online cases_000 (5 steps)
[2026-04-21 02:05:18] START qwen3_14b_online cases_000 (5 steps)
[2026-04-21 02:08:40] DONE qwen3_14b_online cases_000  total: 200.7s  (40.14s/step)
[2026-04-21 02:08:40]   tokens: 1,116 in + 8,102 out (reasoning: 0)  cost: $0.0000
[2026-04-21 02:08:40] START qwen3_14b_nothink_online cases_000 (5 steps)
[2026-04-21 02:08:42] DONE qwen3_14b_nothink_online cases_000  total: 1.4s  (0.28s/step)
[2026-04-21 02:08:42]   tokens: 1,190 in + 50 out (reasoning: 0)  cost: $0.0000
[2026-04-21 02:10:00] START qwen3_14b_online cases_000 (5 steps)
[2026-04-21 02:13:45] DONE qwen3_14b_online cases_000  total: 224.9s  (44.99s/step)
[2026-04-21 02:13:45]   tokens: 1,104 in + 9,036 out (reasoning: 0)  cost: $0.0000
[2026-04-21 02:13:45] START qwen3_14b_nothink_online cases_000 (5 steps)
[2026-04-21 02:13:47] DONE qwen3_14b_nothink_online cases_000  total: 1.0s  (0.20s/step)
[2026-04-21 02:13:47]   tokens: 1,160 in + 35 out (reasoning: 0)  cost: $0.0000
[2026-04-21 02:14:18] START qwen3_14b_nothink_online cases_000 (100 steps)
[2026-04-21 02:14:20] qwen3_14b_nothink_online cases_000  steps   1-  9: 2.2s  total: 2.2s  (10/100)
[2026-04-21 02:14:22] qwen3_14b_nothink_online cases_000  steps  11- 19: 2.1s  total: 4.3s  (20/100)
[2026-04-21 02:14:25] qwen3_14b_nothink_online cases_000  steps  21- 29: 2.1s  total: 6.4s  (30/100)
[2026-04-21 02:14:27] qwen3_14b_nothink_online cases_000  steps  31- 39: 2.2s  total: 8.6s  (40/100)
[2026-04-21 02:14:29] qwen3_14b_nothink_online cases_000  steps  41- 49: 2.2s  total: 10.8s  (50/100)
[2026-04-21 02:14:31] qwen3_14b_nothink_online cases_000  steps  51- 59: 2.3s  total: 13.1s  (60/100)
[2026-04-21 02:14:34] qwen3_14b_nothink_online cases_000  steps  61- 69: 2.4s  total: 15.4s  (70/100)
[2026-04-21 02:14:34] API ERROR at step 70: Error code: 400 - {'error': {'message': "This model's maximum context length is 4096 tokens. However, you requested 1024 output tokens and your prompt contains at least 3073 input tokens, for a total of at least 4097 tokens. Please reduce the length of the input prompt or the number of requested output tokens. (parameter=input_tokens, value=3073)", 'type': 'BadRequestError', 'param': 'input_tokens', 'code': 400}}
[2026-04-21 02:15:47] START qwen3_14b_nothink_online cases_000 (100 steps)
[2026-04-21 02:15:50] qwen3_14b_nothink_online cases_000  steps   1-  9: 3.1s  total: 3.1s  (10/100)
[2026-04-21 02:15:53] qwen3_14b_nothink_online cases_000  steps  11- 19: 2.8s  total: 5.9s  (20/100)
[2026-04-21 02:15:56] qwen3_14b_nothink_online cases_000  steps  21- 29: 2.9s  total: 8.7s  (30/100)
[2026-04-21 02:15:59] qwen3_14b_nothink_online cases_000  steps  31- 39: 2.9s  total: 11.7s  (40/100)
[2026-04-21 02:16:02] qwen3_14b_nothink_online cases_000  steps  41- 49: 3.0s  total: 14.6s  (50/100)
[2026-04-21 02:16:05] qwen3_14b_nothink_online cases_000  steps  51- 59: 3.1s  total: 17.7s  (60/100)
[2026-04-21 02:16:08] qwen3_14b_nothink_online cases_000  steps  61- 69: 3.1s  total: 20.8s  (70/100)
[2026-04-21 02:16:11] qwen3_14b_nothink_online cases_000  steps  71- 79: 3.2s  total: 23.9s  (80/100)
[2026-04-21 02:16:14] qwen3_14b_nothink_online cases_000  steps  81- 89: 3.2s  total: 27.2s  (90/100)
[2026-04-21 02:16:18] qwen3_14b_nothink_online cases_000  steps  91- 99: 3.3s  total: 30.4s  (100/100)
[2026-04-21 02:16:18] DONE qwen3_14b_nothink_online cases_000  total: 30.4s  (0.30s/step)
[2026-04-21 02:16:18]   tokens: 236,895 in + 1,000 out (reasoning: 0)  cost: $0.0000
[2026-04-21 02:16:19] START qwen3_14b_nothink_online cases_001 (100 steps)
[2026-04-21 02:16:21] qwen3_14b_nothink_online cases_001  steps   1-  9: 2.0s  total: 2.0s  (10/100)
[2026-04-21 02:16:23] qwen3_14b_nothink_online cases_001  steps  11- 19: 2.1s  total: 4.1s  (20/100)
[2026-04-21 02:16:25] qwen3_14b_nothink_online cases_001  steps  21- 29: 2.1s  total: 6.3s  (30/100)
[2026-04-21 02:16:27] qwen3_14b_nothink_online cases_001  steps  31- 39: 2.2s  total: 8.4s  (40/100)
[2026-04-21 02:16:29] qwen3_14b_nothink_online cases_001  steps  41- 49: 2.2s  total: 10.6s  (50/100)
[2026-04-21 02:16:32] qwen3_14b_nothink_online cases_001  steps  51- 59: 2.3s  total: 13.0s  (60/100)
[2026-04-21 02:16:34] qwen3_14b_nothink_online cases_001  steps  61- 69: 2.4s  total: 15.3s  (70/100)
[2026-04-21 02:16:36] qwen3_14b_nothink_online cases_001  steps  71- 79: 2.4s  total: 17.7s  (80/100)
[2026-04-21 02:16:39] qwen3_14b_nothink_online cases_001  steps  81- 89: 2.4s  total: 20.2s  (90/100)
[2026-04-21 02:16:41] qwen3_14b_nothink_online cases_001  steps  91- 99: 2.5s  total: 22.7s  (100/100)
[2026-04-21 02:16:42] DONE qwen3_14b_nothink_online cases_001  total: 22.7s  (0.23s/step)
[2026-04-21 02:16:42]   tokens: 222,045 in + 700 out (reasoning: 0)  cost: $0.0000
[2026-04-21 02:16:42] START qwen3_14b_nothink_online cases_002 (100 steps)
[2026-04-21 02:16:44] qwen3_14b_nothink_online cases_002  steps   1-  9: 2.0s  total: 2.0s  (10/100)
[2026-04-21 02:16:46] qwen3_14b_nothink_online cases_002  steps  11- 19: 2.1s  total: 4.1s  (20/100)
[2026-04-21 02:16:48] qwen3_14b_nothink_online cases_002  steps  21- 29: 2.2s  total: 6.3s  (30/100)
[2026-04-21 02:16:50] qwen3_14b_nothink_online cases_002  steps  31- 39: 2.2s  total: 8.5s  (40/100)
[2026-04-21 02:16:52] qwen3_14b_nothink_online cases_002  steps  41- 49: 2.3s  total: 10.8s  (50/100)
[2026-04-21 02:16:55] qwen3_14b_nothink_online cases_002  steps  51- 59: 2.3s  total: 13.1s  (60/100)
[2026-04-21 02:16:57] qwen3_14b_nothink_online cases_002  steps  61- 69: 2.4s  total: 15.5s  (70/100)
[2026-04-21 02:17:00] qwen3_14b_nothink_online cases_002  steps  71- 79: 2.4s  total: 17.9s  (80/100)
[2026-04-21 02:17:02] qwen3_14b_nothink_online cases_002  steps  81- 89: 2.5s  total: 20.4s  (90/100)
[2026-04-21 02:17:05] qwen3_14b_nothink_online cases_002  steps  91- 99: 2.6s  total: 22.9s  (100/100)
[2026-04-21 02:17:05] DONE qwen3_14b_nothink_online cases_002  total: 22.9s  (0.23s/step)
[2026-04-21 02:17:05]   tokens: 222,045 in + 700 out (reasoning: 0)  cost: $0.0000
[2026-04-21 02:17:05] START qwen3_14b_nothink_online cases_003 (100 steps)
[2026-04-21 02:17:07] qwen3_14b_nothink_online cases_003  steps   1-  9: 2.0s  total: 2.0s  (10/100)
[2026-04-21 02:17:09] qwen3_14b_nothink_online cases_003  steps  11- 19: 2.1s  total: 4.1s  (20/100)
[2026-04-21 02:17:11] qwen3_14b_nothink_online cases_003  steps  21- 29: 2.1s  total: 6.3s  (30/100)
[2026-04-21 02:17:14] qwen3_14b_nothink_online cases_003  steps  31- 39: 2.3s  total: 8.5s  (40/100)
[2026-04-21 02:17:16] qwen3_14b_nothink_online cases_003  steps  41- 49: 2.3s  total: 10.8s  (50/100)
[2026-04-21 02:17:18] qwen3_14b_nothink_online cases_003  steps  51- 59: 2.3s  total: 13.1s  (60/100)
[2026-04-21 02:17:21] qwen3_14b_nothink_online cases_003  steps  61- 69: 2.4s  total: 15.5s  (70/100)
[2026-04-21 02:17:23] qwen3_14b_nothink_online cases_003  steps  71- 79: 2.5s  total: 18.0s  (80/100)
[2026-04-21 02:17:26] qwen3_14b_nothink_online cases_003  steps  81- 89: 2.5s  total: 20.4s  (90/100)
[2026-04-21 02:17:28] qwen3_14b_nothink_online cases_003  steps  91- 99: 2.6s  total: 23.1s  (100/100)
[2026-04-21 02:17:29] DONE qwen3_14b_nothink_online cases_003  total: 23.1s  (0.23s/step)
[2026-04-21 02:17:29]   tokens: 222,045 in + 700 out (reasoning: 0)  cost: $0.0000
[2026-04-21 02:17:29] START qwen3_14b_nothink_online cases_004 (100 steps)
[2026-04-21 02:17:31] qwen3_14b_nothink_online cases_004  steps   1-  9: 2.1s  total: 2.1s  (10/100)
[2026-04-21 02:17:33] qwen3_14b_nothink_online cases_004  steps  11- 19: 2.1s  total: 4.2s  (20/100)
[2026-04-21 02:17:35] qwen3_14b_nothink_online cases_004  steps  21- 29: 2.2s  total: 6.4s  (30/100)
[2026-04-21 02:17:37] qwen3_14b_nothink_online cases_004  steps  31- 39: 2.2s  total: 8.6s  (40/100)
[2026-04-21 02:17:40] qwen3_14b_nothink_online cases_004  steps  41- 49: 2.3s  total: 10.8s  (50/100)
[2026-04-21 02:17:42] qwen3_14b_nothink_online cases_004  steps  51- 59: 2.3s  total: 13.2s  (60/100)
[2026-04-21 02:17:44] qwen3_14b_nothink_online cases_004  steps  61- 69: 2.4s  total: 15.6s  (70/100)
[2026-04-21 02:17:47] qwen3_14b_nothink_online cases_004  steps  71- 79: 2.4s  total: 18.0s  (80/100)
[2026-04-21 02:17:49] qwen3_14b_nothink_online cases_004  steps  81- 89: 2.5s  total: 20.5s  (90/100)
[2026-04-21 02:17:52] qwen3_14b_nothink_online cases_004  steps  91- 99: 2.5s  total: 23.1s  (100/100)
[2026-04-21 02:17:52] DONE qwen3_14b_nothink_online cases_004  total: 23.1s  (0.23s/step)
[2026-04-21 02:17:52]   tokens: 222,045 in + 700 out (reasoning: 0)  cost: $0.0000
[2026-04-21 02:17:52] START qwen3_14b_nothink_online cases_005 (100 steps)
[2026-04-21 02:17:55] qwen3_14b_nothink_online cases_005  steps   1-  9: 2.8s  total: 2.8s  (10/100)
[2026-04-21 02:17:58] qwen3_14b_nothink_online cases_005  steps  11- 19: 2.8s  total: 5.6s  (20/100)
[2026-04-21 02:18:01] qwen3_14b_nothink_online cases_005  steps  21- 29: 2.9s  total: 8.5s  (30/100)
[2026-04-21 02:18:04] qwen3_14b_nothink_online cases_005  steps  31- 39: 3.0s  total: 11.5s  (40/100)
[2026-04-21 02:18:07] qwen3_14b_nothink_online cases_005  steps  41- 49: 3.0s  total: 14.6s  (50/100)
[2026-04-21 02:18:10] qwen3_14b_nothink_online cases_005  steps  51- 59: 3.1s  total: 17.7s  (60/100)
[2026-04-21 02:18:13] qwen3_14b_nothink_online cases_005  steps  61- 69: 3.2s  total: 20.9s  (70/100)
[2026-04-21 02:18:16] qwen3_14b_nothink_online cases_005  steps  71- 79: 3.3s  total: 24.1s  (80/100)
[2026-04-21 02:18:20] qwen3_14b_nothink_online cases_005  steps  81- 89: 3.3s  total: 27.4s  (90/100)
[2026-04-21 02:18:23] qwen3_14b_nothink_online cases_005  steps  91- 99: 3.3s  total: 30.7s  (100/100)
[2026-04-21 02:18:23] DONE qwen3_14b_nothink_online cases_005  total: 30.7s  (0.31s/step)
[2026-04-21 02:18:23]   tokens: 236,895 in + 1,000 out (reasoning: 0)  cost: $0.0000
[2026-04-21 02:18:23] START qwen3_14b_nothink_online cases_006 (100 steps)
[2026-04-21 02:18:25] qwen3_14b_nothink_online cases_006  steps   1-  9: 2.0s  total: 2.0s  (10/100)
[2026-04-21 02:18:27] qwen3_14b_nothink_online cases_006  steps  11- 19: 2.1s  total: 4.1s  (20/100)
[2026-04-21 02:18:30] qwen3_14b_nothink_online cases_006  steps  21- 29: 2.2s  total: 6.3s  (30/100)
[2026-04-21 02:18:32] qwen3_14b_nothink_online cases_006  steps  31- 39: 2.2s  total: 8.5s  (40/100)
[2026-04-21 02:18:34] qwen3_14b_nothink_online cases_006  steps  41- 49: 2.3s  total: 10.8s  (50/100)
[2026-04-21 02:18:36] qwen3_14b_nothink_online cases_006  steps  51- 59: 2.4s  total: 13.1s  (60/100)
[2026-04-21 02:18:39] qwen3_14b_nothink_online cases_006  steps  61- 69: 2.4s  total: 15.5s  (70/100)
[2026-04-21 02:18:41] qwen3_14b_nothink_online cases_006  steps  71- 79: 2.4s  total: 17.9s  (80/100)
[2026-04-21 02:18:44] qwen3_14b_nothink_online cases_006  steps  81- 89: 2.4s  total: 20.4s  (90/100)
[2026-04-21 02:18:46] qwen3_14b_nothink_online cases_006  steps  91- 99: 2.5s  total: 22.9s  (100/100)
[2026-04-21 02:18:47] DONE qwen3_14b_nothink_online cases_006  total: 22.9s  (0.23s/step)
[2026-04-21 02:18:47]   tokens: 222,045 in + 700 out (reasoning: 0)  cost: $0.0000
[2026-04-21 02:18:47] START qwen3_14b_nothink_online cases_007 (100 steps)
[2026-04-21 02:18:49] qwen3_14b_nothink_online cases_007  steps   1-  9: 2.1s  total: 2.1s  (10/100)
[2026-04-21 02:18:51] qwen3_14b_nothink_online cases_007  steps  11- 19: 2.1s  total: 4.2s  (20/100)
[2026-04-21 02:18:53] qwen3_14b_nothink_online cases_007  steps  21- 29: 2.2s  total: 6.4s  (30/100)
[2026-04-21 02:18:55] qwen3_14b_nothink_online cases_007  steps  31- 39: 2.2s  total: 8.5s  (40/100)
[2026-04-21 02:18:58] qwen3_14b_nothink_online cases_007  steps  41- 49: 2.3s  total: 10.8s  (50/100)
[2026-04-21 02:19:00] qwen3_14b_nothink_online cases_007  steps  51- 59: 2.4s  total: 13.2s  (60/100)
[2026-04-21 02:19:02] qwen3_14b_nothink_online cases_007  steps  61- 69: 2.4s  total: 15.5s  (70/100)
[2026-04-21 02:19:05] qwen3_14b_nothink_online cases_007  steps  71- 79: 2.5s  total: 18.0s  (80/100)
[2026-04-21 02:19:07] qwen3_14b_nothink_online cases_007  steps  81- 89: 2.5s  total: 20.5s  (90/100)
[2026-04-21 02:19:10] qwen3_14b_nothink_online cases_007  steps  91- 99: 2.5s  total: 23.0s  (100/100)
[2026-04-21 02:19:10] DONE qwen3_14b_nothink_online cases_007  total: 23.0s  (0.23s/step)
[2026-04-21 02:19:10]   tokens: 222,045 in + 700 out (reasoning: 0)  cost: $0.0000
[2026-04-21 02:19:10] START qwen3_14b_nothink_online cases_008 (100 steps)
[2026-04-21 02:19:12] qwen3_14b_nothink_online cases_008  steps   1-  9: 2.1s  total: 2.1s  (10/100)
[2026-04-21 02:19:14] qwen3_14b_nothink_online cases_008  steps  11- 19: 2.1s  total: 4.2s  (20/100)
[2026-04-21 02:19:17] qwen3_14b_nothink_online cases_008  steps  21- 29: 2.1s  total: 6.3s  (30/100)
[2026-04-21 02:19:19] qwen3_14b_nothink_online cases_008  steps  31- 39: 2.2s  total: 8.5s  (40/100)
[2026-04-21 02:19:21] qwen3_14b_nothink_online cases_008  steps  41- 49: 2.3s  total: 10.8s  (50/100)
[2026-04-21 02:19:23] qwen3_14b_nothink_online cases_008  steps  51- 59: 2.3s  total: 13.1s  (60/100)
[2026-04-21 02:19:26] qwen3_14b_nothink_online cases_008  steps  61- 69: 2.4s  total: 15.5s  (70/100)
[2026-04-21 02:19:28] qwen3_14b_nothink_online cases_008  steps  71- 79: 2.4s  total: 17.9s  (80/100)
[2026-04-21 02:19:31] qwen3_14b_nothink_online cases_008  steps  81- 89: 2.5s  total: 20.4s  (90/100)
[2026-04-21 02:19:33] qwen3_14b_nothink_online cases_008  steps  91- 99: 2.5s  total: 22.9s  (100/100)
[2026-04-21 02:19:34] DONE qwen3_14b_nothink_online cases_008  total: 22.9s  (0.23s/step)
[2026-04-21 02:19:34]   tokens: 222,045 in + 700 out (reasoning: 0)  cost: $0.0000
[2026-04-21 02:19:34] START qwen3_14b_nothink_online cases_009 (100 steps)
[2026-04-21 02:19:36] qwen3_14b_nothink_online cases_009  steps   1-  9: 2.8s  total: 2.8s  (10/100)
[2026-04-21 02:19:39] qwen3_14b_nothink_online cases_009  steps  11- 19: 2.8s  total: 5.6s  (20/100)
[2026-04-21 02:19:42] qwen3_14b_nothink_online cases_009  steps  21- 29: 2.9s  total: 8.5s  (30/100)
[2026-04-21 02:19:45] qwen3_14b_nothink_online cases_009  steps  31- 39: 3.0s  total: 11.5s  (40/100)
[2026-04-21 02:19:48] qwen3_14b_nothink_online cases_009  steps  41- 49: 3.0s  total: 14.5s  (50/100)
[2026-04-21 02:19:51] qwen3_14b_nothink_online cases_009  steps  51- 59: 3.1s  total: 17.6s  (60/100)
[2026-04-21 02:19:54] qwen3_14b_nothink_online cases_009  steps  61- 69: 3.1s  total: 20.8s  (70/100)
[2026-04-21 02:19:58] qwen3_14b_nothink_online cases_009  steps  71- 79: 3.2s  total: 24.0s  (80/100)
[2026-04-21 02:20:01] qwen3_14b_nothink_online cases_009  steps  81- 89: 3.2s  total: 27.2s  (90/100)
[2026-04-21 02:20:04] qwen3_14b_nothink_online cases_009  steps  91- 99: 3.3s  total: 30.5s  (100/100)
[2026-04-21 02:20:05] DONE qwen3_14b_nothink_online cases_009  total: 30.5s  (0.31s/step)
[2026-04-21 02:20:05]   tokens: 236,895 in + 1,000 out (reasoning: 0)  cost: $0.0000
[2026-04-21 02:20:05] START qwen3_14b_nothink_online cases_010 (100 steps)
[2026-04-21 02:20:07] qwen3_14b_nothink_online cases_010  steps   1-  9: 2.8s  total: 2.8s  (10/100)
[2026-04-21 02:20:10] qwen3_14b_nothink_online cases_010  steps  11- 19: 2.8s  total: 5.6s  (20/100)
[2026-04-21 02:20:13] qwen3_14b_nothink_online cases_010  steps  21- 29: 2.9s  total: 8.5s  (30/100)
[2026-04-21 02:20:16] qwen3_14b_nothink_online cases_010  steps  31- 39: 3.0s  total: 11.5s  (40/100)
[2026-04-21 02:20:19] qwen3_14b_nothink_online cases_010  steps  41- 49: 3.0s  total: 14.5s  (50/100)
[2026-04-21 02:20:22] qwen3_14b_nothink_online cases_010  steps  51- 59: 3.1s  total: 17.6s  (60/100)
[2026-04-21 02:20:25] qwen3_14b_nothink_online cases_010  steps  61- 69: 3.1s  total: 20.7s  (70/100)
[2026-04-21 02:20:28] qwen3_14b_nothink_online cases_010  steps  71- 79: 3.2s  total: 23.9s  (80/100)
[2026-04-21 02:20:32] qwen3_14b_nothink_online cases_010  steps  81- 89: 3.3s  total: 27.1s  (90/100)
[2026-04-21 02:20:35] qwen3_14b_nothink_online cases_010  steps  91- 99: 3.3s  total: 30.5s  (100/100)
[2026-04-21 02:20:36] DONE qwen3_14b_nothink_online cases_010  total: 30.5s  (0.30s/step)
[2026-04-21 02:20:36]   tokens: 236,895 in + 1,000 out (reasoning: 0)  cost: $0.0000
[2026-04-21 02:20:36] START qwen3_14b_nothink_online cases_011 (100 steps)
[2026-04-21 02:20:38] qwen3_14b_nothink_online cases_011  steps   1-  9: 2.8s  total: 2.8s  (10/100)
[2026-04-21 02:20:41] qwen3_14b_nothink_online cases_011  steps  11- 19: 2.9s  total: 5.6s  (20/100)
[2026-04-21 02:20:44] qwen3_14b_nothink_online cases_011  steps  21- 29: 2.9s  total: 8.5s  (30/100)
[2026-04-21 02:20:47] qwen3_14b_nothink_online cases_011  steps  31- 39: 3.0s  total: 11.5s  (40/100)
[2026-04-21 02:20:50] qwen3_14b_nothink_online cases_011  steps  41- 49: 3.0s  total: 14.5s  (50/100)
[2026-04-21 02:20:53] qwen3_14b_nothink_online cases_011  steps  51- 59: 3.1s  total: 17.6s  (60/100)
[2026-04-21 02:20:56] qwen3_14b_nothink_online cases_011  steps  61- 69: 3.2s  total: 20.8s  (70/100)
[2026-04-21 02:21:00] qwen3_14b_nothink_online cases_011  steps  71- 79: 3.2s  total: 23.9s  (80/100)
[2026-04-21 02:21:03] qwen3_14b_nothink_online cases_011  steps  81- 89: 3.2s  total: 27.2s  (90/100)
[2026-04-21 02:21:06] qwen3_14b_nothink_online cases_011  steps  91- 99: 3.3s  total: 30.5s  (100/100)
[2026-04-21 02:21:06] DONE qwen3_14b_nothink_online cases_011  total: 30.5s  (0.30s/step)
[2026-04-21 02:21:06]   tokens: 236,895 in + 1,000 out (reasoning: 0)  cost: $0.0000
[2026-04-21 02:21:07] START qwen3_14b_nothink_online cases_012 (100 steps)
[2026-04-21 02:21:09] qwen3_14b_nothink_online cases_012  steps   1-  9: 2.0s  total: 2.0s  (10/100)
[2026-04-21 02:21:11] qwen3_14b_nothink_online cases_012  steps  11- 19: 2.1s  total: 4.1s  (20/100)
[2026-04-21 02:21:13] qwen3_14b_nothink_online cases_012  steps  21- 29: 2.2s  total: 6.3s  (30/100)
[2026-04-21 02:21:15] qwen3_14b_nothink_online cases_012  steps  31- 39: 2.2s  total: 8.5s  (40/100)
[2026-04-21 02:21:17] qwen3_14b_nothink_online cases_012  steps  41- 49: 2.3s  total: 10.8s  (50/100)
[2026-04-21 02:21:20] qwen3_14b_nothink_online cases_012  steps  51- 59: 2.3s  total: 13.1s  (60/100)
[2026-04-21 02:21:22] qwen3_14b_nothink_online cases_012  steps  61- 69: 2.4s  total: 15.5s  (70/100)
[2026-04-21 02:21:25] qwen3_14b_nothink_online cases_012  steps  71- 79: 2.5s  total: 18.0s  (80/100)
[2026-04-21 02:21:27] qwen3_14b_nothink_online cases_012  steps  81- 89: 2.5s  total: 20.5s  (90/100)
[2026-04-21 02:21:30] qwen3_14b_nothink_online cases_012  steps  91- 99: 2.6s  total: 23.0s  (100/100)
[2026-04-21 02:21:30] DONE qwen3_14b_nothink_online cases_012  total: 23.0s  (0.23s/step)
[2026-04-21 02:21:30]   tokens: 222,045 in + 700 out (reasoning: 0)  cost: $0.0000
[2026-04-21 02:21:30] START qwen3_14b_nothink_online cases_013 (100 steps)
[2026-04-21 02:21:33] qwen3_14b_nothink_online cases_013  steps   1-  9: 2.8s  total: 2.8s  (10/100)
[2026-04-21 02:21:36] qwen3_14b_nothink_online cases_013  steps  11- 19: 2.8s  total: 5.6s  (20/100)
[2026-04-21 02:21:39] qwen3_14b_nothink_online cases_013  steps  21- 29: 2.9s  total: 8.5s  (30/100)
[2026-04-21 02:21:42] qwen3_14b_nothink_online cases_013  steps  31- 39: 3.0s  total: 11.5s  (40/100)
[2026-04-21 02:21:45] qwen3_14b_nothink_online cases_013  steps  41- 49: 3.0s  total: 14.5s  (50/100)
[2026-04-21 02:21:48] qwen3_14b_nothink_online cases_013  steps  51- 59: 3.0s  total: 17.5s  (60/100)
[2026-04-21 02:21:51] qwen3_14b_nothink_online cases_013  steps  61- 69: 3.1s  total: 20.7s  (70/100)
[2026-04-21 02:21:54] qwen3_14b_nothink_online cases_013  steps  71- 79: 3.2s  total: 23.9s  (80/100)
[2026-04-21 02:21:57] qwen3_14b_nothink_online cases_013  steps  81- 89: 3.2s  total: 27.1s  (90/100)
[2026-04-21 02:22:00] qwen3_14b_nothink_online cases_013  steps  91- 99: 3.3s  total: 30.4s  (100/100)
[2026-04-21 02:22:01] DONE qwen3_14b_nothink_online cases_013  total: 30.4s  (0.30s/step)
[2026-04-21 02:22:01]   tokens: 236,895 in + 1,000 out (reasoning: 0)  cost: $0.0000
[2026-04-21 02:22:01] START qwen3_14b_nothink_online cases_014 (100 steps)
[2026-04-21 02:22:04] qwen3_14b_nothink_online cases_014  steps   1-  9: 2.8s  total: 2.8s  (10/100)
[2026-04-21 02:22:06] qwen3_14b_nothink_online cases_014  steps  11- 19: 2.8s  total: 5.6s  (20/100)
[2026-04-21 02:22:09] qwen3_14b_nothink_online cases_014  steps  21- 29: 2.9s  total: 8.5s  (30/100)
[2026-04-21 02:22:12] qwen3_14b_nothink_online cases_014  steps  31- 39: 3.0s  total: 11.5s  (40/100)
[2026-04-21 02:22:15] qwen3_14b_nothink_online cases_014  steps  41- 49: 3.0s  total: 14.5s  (50/100)
[2026-04-21 02:22:18] qwen3_14b_nothink_online cases_014  steps  51- 59: 3.1s  total: 17.6s  (60/100)
[2026-04-21 02:22:22] qwen3_14b_nothink_online cases_014  steps  61- 69: 3.1s  total: 20.7s  (70/100)
[2026-04-21 02:22:25] qwen3_14b_nothink_online cases_014  steps  71- 79: 3.2s  total: 23.9s  (80/100)
[2026-04-21 02:22:28] qwen3_14b_nothink_online cases_014  steps  81- 89: 3.3s  total: 27.1s  (90/100)
[2026-04-21 02:22:31] qwen3_14b_nothink_online cases_014  steps  91- 99: 3.3s  total: 30.5s  (100/100)
[2026-04-21 02:22:32] DONE qwen3_14b_nothink_online cases_014  total: 30.5s  (0.30s/step)
[2026-04-21 02:22:32]   tokens: 236,895 in + 1,000 out (reasoning: 0)  cost: $0.0000
[2026-04-21 02:22:32] START qwen3_14b_nothink_online cases_015 (100 steps)
[2026-04-21 02:22:35] qwen3_14b_nothink_online cases_015  steps   1-  9: 2.8s  total: 2.8s  (10/100)
[2026-04-21 02:22:37] qwen3_14b_nothink_online cases_015  steps  11- 19: 2.8s  total: 5.6s  (20/100)
[2026-04-21 02:22:40] qwen3_14b_nothink_online cases_015  steps  21- 29: 2.9s  total: 8.5s  (30/100)
[2026-04-21 02:22:43] qwen3_14b_nothink_online cases_015  steps  31- 39: 3.0s  total: 11.5s  (40/100)
[2026-04-21 02:22:46] qwen3_14b_nothink_online cases_015  steps  41- 49: 3.0s  total: 14.5s  (50/100)
[2026-04-21 02:22:49] qwen3_14b_nothink_online cases_015  steps  51- 59: 3.1s  total: 17.6s  (60/100)
[2026-04-21 02:22:53] qwen3_14b_nothink_online cases_015  steps  61- 69: 3.1s  total: 20.7s  (70/100)
[2026-04-21 02:22:56] qwen3_14b_nothink_online cases_015  steps  71- 79: 3.2s  total: 23.9s  (80/100)
[2026-04-21 02:22:59] qwen3_14b_nothink_online cases_015  steps  81- 89: 3.2s  total: 27.2s  (90/100)
[2026-04-21 02:23:02] qwen3_14b_nothink_online cases_015  steps  91- 99: 3.3s  total: 30.5s  (100/100)
[2026-04-21 02:23:03] DONE qwen3_14b_nothink_online cases_015  total: 30.5s  (0.30s/step)
[2026-04-21 02:23:03]   tokens: 236,895 in + 1,000 out (reasoning: 0)  cost: $0.0000
[2026-04-21 02:23:03] START qwen3_14b_nothink_online cases_016 (100 steps)
[2026-04-21 02:23:05] qwen3_14b_nothink_online cases_016  steps   1-  9: 2.0s  total: 2.0s  (10/100)
[2026-04-21 02:23:07] qwen3_14b_nothink_online cases_016  steps  11- 19: 2.1s  total: 4.1s  (20/100)
[2026-04-21 02:23:09] qwen3_14b_nothink_online cases_016  steps  21- 29: 2.1s  total: 6.2s  (30/100)
[2026-04-21 02:23:11] qwen3_14b_nothink_online cases_016  steps  31- 39: 2.2s  total: 8.4s  (40/100)
[2026-04-21 02:23:13] qwen3_14b_nothink_online cases_016  steps  41- 49: 2.3s  total: 10.7s  (50/100)
[2026-04-21 02:23:16] qwen3_14b_nothink_online cases_016  steps  51- 59: 2.3s  total: 13.0s  (60/100)
[2026-04-21 02:23:18] qwen3_14b_nothink_online cases_016  steps  61- 69: 2.4s  total: 15.4s  (70/100)
[2026-04-21 02:23:21] qwen3_14b_nothink_online cases_016  steps  71- 79: 2.5s  total: 17.8s  (80/100)
[2026-04-21 02:23:23] qwen3_14b_nothink_online cases_016  steps  81- 89: 2.5s  total: 20.3s  (90/100)
[2026-04-21 02:23:26] qwen3_14b_nothink_online cases_016  steps  91- 99: 2.5s  total: 22.9s  (100/100)
[2026-04-21 02:23:26] DONE qwen3_14b_nothink_online cases_016  total: 22.9s  (0.23s/step)
[2026-04-21 02:23:26]   tokens: 222,045 in + 700 out (reasoning: 0)  cost: $0.0000
[2026-04-21 02:23:26] START qwen3_14b_nothink_online cases_017 (100 steps)
[2026-04-21 02:23:28] qwen3_14b_nothink_online cases_017  steps   1-  9: 2.0s  total: 2.0s  (10/100)
[2026-04-21 02:23:30] qwen3_14b_nothink_online cases_017  steps  11- 19: 2.1s  total: 4.2s  (20/100)
[2026-04-21 02:23:32] qwen3_14b_nothink_online cases_017  steps  21- 29: 2.1s  total: 6.3s  (30/100)
[2026-04-21 02:23:35] qwen3_14b_nothink_online cases_017  steps  31- 39: 2.2s  total: 8.5s  (40/100)
[2026-04-21 02:23:37] qwen3_14b_nothink_online cases_017  steps  41- 49: 2.3s  total: 10.8s  (50/100)
[2026-04-21 02:23:39] qwen3_14b_nothink_online cases_017  steps  51- 59: 2.3s  total: 13.1s  (60/100)
[2026-04-21 02:23:42] qwen3_14b_nothink_online cases_017  steps  61- 69: 2.4s  total: 15.5s  (70/100)
[2026-04-21 02:23:44] qwen3_14b_nothink_online cases_017  steps  71- 79: 2.4s  total: 17.8s  (80/100)
[2026-04-21 02:23:46] qwen3_14b_nothink_online cases_017  steps  81- 89: 2.5s  total: 20.3s  (90/100)
[2026-04-21 02:23:49] qwen3_14b_nothink_online cases_017  steps  91- 99: 2.5s  total: 22.8s  (100/100)
[2026-04-21 02:23:49] DONE qwen3_14b_nothink_online cases_017  total: 22.8s  (0.23s/step)
[2026-04-21 02:23:49]   tokens: 222,045 in + 700 out (reasoning: 0)  cost: $0.0000
[2026-04-21 02:23:49] START qwen3_14b_nothink_online cases_018 (100 steps)
[2026-04-21 02:23:52] qwen3_14b_nothink_online cases_018  steps   1-  9: 2.8s  total: 2.8s  (10/100)
[2026-04-21 02:23:55] qwen3_14b_nothink_online cases_018  steps  11- 19: 2.8s  total: 5.6s  (20/100)
[2026-04-21 02:23:58] qwen3_14b_nothink_online cases_018  steps  21- 29: 2.9s  total: 8.5s  (30/100)
[2026-04-21 02:24:01] qwen3_14b_nothink_online cases_018  steps  31- 39: 2.9s  total: 11.4s  (40/100)
[2026-04-21 02:24:04] qwen3_14b_nothink_online cases_018  steps  41- 49: 3.0s  total: 14.4s  (50/100)
[2026-04-21 02:24:07] qwen3_14b_nothink_online cases_018  steps  51- 59: 3.1s  total: 17.5s  (60/100)
[2026-04-21 02:24:10] qwen3_14b_nothink_online cases_018  steps  61- 69: 3.1s  total: 20.6s  (70/100)
[2026-04-21 02:24:13] qwen3_14b_nothink_online cases_018  steps  71- 79: 3.2s  total: 23.8s  (80/100)
[2026-04-21 02:24:16] qwen3_14b_nothink_online cases_018  steps  81- 89: 3.3s  total: 27.1s  (90/100)
[2026-04-21 02:24:20] qwen3_14b_nothink_online cases_018  steps  91- 99: 3.3s  total: 30.4s  (100/100)
[2026-04-21 02:24:20] DONE qwen3_14b_nothink_online cases_018  total: 30.4s  (0.30s/step)
[2026-04-21 02:24:20]   tokens: 236,895 in + 1,000 out (reasoning: 0)  cost: $0.0000
[2026-04-21 02:24:20] START qwen3_14b_nothink_online cases_019 (100 steps)
[2026-04-21 02:24:22] qwen3_14b_nothink_online cases_019  steps   1-  9: 2.0s  total: 2.0s  (10/100)
[2026-04-21 02:24:24] qwen3_14b_nothink_online cases_019  steps  11- 19: 2.1s  total: 4.1s  (20/100)
[2026-04-21 02:24:27] qwen3_14b_nothink_online cases_019  steps  21- 29: 2.1s  total: 6.2s  (30/100)
[2026-04-21 02:24:29] qwen3_14b_nothink_online cases_019  steps  31- 39: 2.2s  total: 8.5s  (40/100)
[2026-04-21 02:24:31] qwen3_14b_nothink_online cases_019  steps  41- 49: 2.2s  total: 10.7s  (50/100)
[2026-04-21 02:24:33] qwen3_14b_nothink_online cases_019  steps  51- 59: 2.3s  total: 13.0s  (60/100)
[2026-04-21 02:24:36] qwen3_14b_nothink_online cases_019  steps  61- 69: 2.4s  total: 15.4s  (70/100)
[2026-04-21 02:24:38] qwen3_14b_nothink_online cases_019  steps  71- 79: 2.4s  total: 17.8s  (80/100)
[2026-04-21 02:24:41] qwen3_14b_nothink_online cases_019  steps  81- 89: 2.5s  total: 20.3s  (90/100)
[2026-04-21 02:24:43] qwen3_14b_nothink_online cases_019  steps  91- 99: 2.6s  total: 22.9s  (100/100)
[2026-04-21 02:24:44] DONE qwen3_14b_nothink_online cases_019  total: 22.9s  (0.23s/step)
[2026-04-21 02:24:44]   tokens: 222,045 in + 700 out (reasoning: 0)  cost: $0.0000
[2026-04-21 02:24:44] START qwen3_14b_nothink_weather cases_000 (100 steps)
[2026-04-21 02:24:46] qwen3_14b_nothink_weather cases_000  steps   1-  9: 2.3s  total: 2.3s  (10/100)
[2026-04-21 02:24:48] qwen3_14b_nothink_weather cases_000  steps  11- 19: 2.3s  total: 4.6s  (20/100)
[2026-04-21 02:24:51] qwen3_14b_nothink_weather cases_000  steps  21- 29: 2.4s  total: 7.0s  (30/100)
[2026-04-21 02:24:53] qwen3_14b_nothink_weather cases_000  steps  31- 39: 2.5s  total: 9.5s  (40/100)
[2026-04-21 02:24:56] qwen3_14b_nothink_weather cases_000  steps  41- 49: 2.5s  total: 12.0s  (50/100)
[2026-04-21 02:24:58] qwen3_14b_nothink_weather cases_000  steps  51- 59: 2.6s  total: 14.6s  (60/100)
[2026-04-21 02:25:01] qwen3_14b_nothink_weather cases_000  steps  61- 69: 2.6s  total: 17.2s  (70/100)
[2026-04-21 02:25:04] qwen3_14b_nothink_weather cases_000  steps  71- 79: 2.7s  total: 19.9s  (80/100)
[2026-04-21 02:25:06] qwen3_14b_nothink_weather cases_000  steps  81- 89: 2.8s  total: 22.7s  (90/100)
[2026-04-21 02:25:09] qwen3_14b_nothink_weather cases_000  steps  91- 99: 2.8s  total: 25.5s  (100/100)
[2026-04-21 02:25:10] DONE qwen3_14b_nothink_weather cases_000  total: 25.5s  (0.25s/step)
[2026-04-21 02:25:10]   tokens: 237,987 in + 800 out (reasoning: 0)  cost: $0.0000
[2026-04-21 02:25:10] START qwen3_14b_nothink_weather cases_001 (100 steps)
[2026-04-21 02:25:12] qwen3_14b_nothink_weather cases_001  steps   1-  9: 2.3s  total: 2.3s  (10/100)
[2026-04-21 02:25:14] qwen3_14b_nothink_weather cases_001  steps  11- 19: 2.3s  total: 4.6s  (20/100)
[2026-04-21 02:25:17] qwen3_14b_nothink_weather cases_001  steps  21- 29: 2.4s  total: 7.0s  (30/100)
[2026-04-21 02:25:19] qwen3_14b_nothink_weather cases_001  steps  31- 39: 2.4s  total: 9.5s  (40/100)
[2026-04-21 02:25:22] qwen3_14b_nothink_weather cases_001  steps  41- 49: 2.5s  total: 12.0s  (50/100)
[2026-04-21 02:25:24] qwen3_14b_nothink_weather cases_001  steps  51- 59: 2.6s  total: 14.6s  (60/100)
[2026-04-21 02:25:27] qwen3_14b_nothink_weather cases_001  steps  61- 69: 2.7s  total: 17.2s  (70/100)
[2026-04-21 02:25:29] qwen3_14b_nothink_weather cases_001  steps  71- 79: 2.7s  total: 19.9s  (80/100)
[2026-04-21 02:25:32] qwen3_14b_nothink_weather cases_001  steps  81- 89: 2.7s  total: 22.7s  (90/100)
[2026-04-21 02:25:35] qwen3_14b_nothink_weather cases_001  steps  91- 99: 2.8s  total: 25.5s  (100/100)
[2026-04-21 02:25:36] DONE qwen3_14b_nothink_weather cases_001  total: 25.5s  (0.25s/step)
[2026-04-21 02:25:36]   tokens: 237,987 in + 800 out (reasoning: 0)  cost: $0.0000
[2026-04-21 02:25:36] START qwen3_14b_nothink_weather cases_002 (100 steps)
[2026-04-21 02:25:38] qwen3_14b_nothink_weather cases_002  steps   1-  9: 2.3s  total: 2.3s  (10/100)
[2026-04-21 02:25:40] qwen3_14b_nothink_weather cases_002  steps  11- 19: 2.3s  total: 4.6s  (20/100)
[2026-04-21 02:25:43] qwen3_14b_nothink_weather cases_002  steps  21- 29: 2.4s  total: 7.0s  (30/100)
[2026-04-21 02:25:45] qwen3_14b_nothink_weather cases_002  steps  31- 39: 2.5s  total: 9.5s  (40/100)
[2026-04-21 02:25:48] qwen3_14b_nothink_weather cases_002  steps  41- 49: 2.5s  total: 12.1s  (50/100)
[2026-04-21 02:25:50] qwen3_14b_nothink_weather cases_002  steps  51- 59: 2.6s  total: 14.6s  (60/100)
[2026-04-21 02:25:53] qwen3_14b_nothink_weather cases_002  steps  61- 69: 2.7s  total: 17.3s  (70/100)
[2026-04-21 02:25:56] qwen3_14b_nothink_weather cases_002  steps  71- 79: 2.7s  total: 20.0s  (80/100)
[2026-04-21 02:25:58] qwen3_14b_nothink_weather cases_002  steps  81- 89: 2.8s  total: 22.8s  (90/100)
[2026-04-21 02:26:01] qwen3_14b_nothink_weather cases_002  steps  91- 99: 2.7s  total: 25.5s  (100/100)
[2026-04-21 02:26:02] DONE qwen3_14b_nothink_weather cases_002  total: 25.5s  (0.26s/step)
[2026-04-21 02:26:02]   tokens: 237,987 in + 800 out (reasoning: 0)  cost: $0.0000
[2026-04-21 02:26:02] START qwen3_14b_nothink_weather cases_003 (100 steps)
[2026-04-21 02:26:04] qwen3_14b_nothink_weather cases_003  steps   1-  9: 2.3s  total: 2.3s  (10/100)
[2026-04-21 02:26:06] qwen3_14b_nothink_weather cases_003  steps  11- 19: 2.4s  total: 4.6s  (20/100)
[2026-04-21 02:26:09] qwen3_14b_nothink_weather cases_003  steps  21- 29: 2.4s  total: 7.0s  (30/100)
[2026-04-21 02:26:11] qwen3_14b_nothink_weather cases_003  steps  31- 39: 2.4s  total: 9.5s  (40/100)
[2026-04-21 02:26:14] qwen3_14b_nothink_weather cases_003  steps  41- 49: 2.5s  total: 12.0s  (50/100)
[2026-04-21 02:26:16] qwen3_14b_nothink_weather cases_003  steps  51- 59: 2.6s  total: 14.6s  (60/100)
[2026-04-21 02:26:19] qwen3_14b_nothink_weather cases_003  steps  61- 69: 2.7s  total: 17.3s  (70/100)
[2026-04-21 02:26:21] qwen3_14b_nothink_weather cases_003  steps  71- 79: 2.7s  total: 19.9s  (80/100)
[2026-04-21 02:26:24] qwen3_14b_nothink_weather cases_003  steps  81- 89: 2.7s  total: 22.6s  (90/100)
[2026-04-21 02:26:27] qwen3_14b_nothink_weather cases_003  steps  91- 99: 2.8s  total: 25.5s  (100/100)
[2026-04-21 02:26:27] DONE qwen3_14b_nothink_weather cases_003  total: 25.5s  (0.25s/step)
[2026-04-21 02:26:27]   tokens: 237,987 in + 800 out (reasoning: 0)  cost: $0.0000
[2026-04-21 02:26:27] START qwen3_14b_nothink_weather cases_004 (100 steps)
[2026-04-21 02:26:30] qwen3_14b_nothink_weather cases_004  steps   1-  9: 2.3s  total: 2.3s  (10/100)
[2026-04-21 02:26:32] qwen3_14b_nothink_weather cases_004  steps  11- 19: 2.3s  total: 4.7s  (20/100)
[2026-04-21 02:26:34] qwen3_14b_nothink_weather cases_004  steps  21- 29: 2.4s  total: 7.0s  (30/100)
[2026-04-21 02:26:37] qwen3_14b_nothink_weather cases_004  steps  31- 39: 2.5s  total: 9.5s  (40/100)
[2026-04-21 02:26:39] qwen3_14b_nothink_weather cases_004  steps  41- 49: 2.5s  total: 12.0s  (50/100)
[2026-04-21 02:26:42] qwen3_14b_nothink_weather cases_004  steps  51- 59: 2.6s  total: 14.6s  (60/100)
[2026-04-21 02:26:45] qwen3_14b_nothink_weather cases_004  steps  61- 69: 2.6s  total: 17.2s  (70/100)
[2026-04-21 02:26:47] qwen3_14b_nothink_weather cases_004  steps  71- 79: 2.7s  total: 19.9s  (80/100)
[2026-04-21 02:26:50] qwen3_14b_nothink_weather cases_004  steps  81- 89: 2.8s  total: 22.6s  (90/100)
[2026-04-21 02:26:53] qwen3_14b_nothink_weather cases_004  steps  91- 99: 2.8s  total: 25.4s  (100/100)
[2026-04-21 02:26:53] DONE qwen3_14b_nothink_weather cases_004  total: 25.4s  (0.25s/step)
[2026-04-21 02:26:53]   tokens: 237,987 in + 800 out (reasoning: 0)  cost: $0.0000
[2026-04-21 02:26:53] START qwen3_14b_nothink_weather cases_005 (100 steps)
[2026-04-21 02:26:56] qwen3_14b_nothink_weather cases_005  steps   1-  9: 3.1s  total: 3.1s  (10/100)
[2026-04-21 02:26:59] qwen3_14b_nothink_weather cases_005  steps  11- 19: 3.1s  total: 6.1s  (20/100)
[2026-04-21 02:27:03] qwen3_14b_nothink_weather cases_005  steps  21- 29: 3.1s  total: 9.3s  (30/100)
[2026-04-21 02:27:06] qwen3_14b_nothink_weather cases_005  steps  31- 39: 3.2s  total: 12.5s  (40/100)
[2026-04-21 02:27:09] qwen3_14b_nothink_weather cases_005  steps  41- 49: 3.3s  total: 15.8s  (50/100)
[2026-04-21 02:27:12] qwen3_14b_nothink_weather cases_005  steps  51- 59: 3.3s  total: 19.1s  (60/100)
[2026-04-21 02:27:16] qwen3_14b_nothink_weather cases_005  steps  61- 69: 3.4s  total: 22.4s  (70/100)
[2026-04-21 02:27:19] qwen3_14b_nothink_weather cases_005  steps  71- 79: 3.4s  total: 25.9s  (80/100)
[2026-04-21 02:27:23] qwen3_14b_nothink_weather cases_005  steps  81- 89: 3.5s  total: 29.4s  (90/100)
[2026-04-21 02:27:26] qwen3_14b_nothink_weather cases_005  steps  91- 99: 3.6s  total: 33.0s  (100/100)
[2026-04-21 02:27:27] DONE qwen3_14b_nothink_weather cases_005  total: 33.0s  (0.33s/step)
[2026-04-21 02:27:27]   tokens: 252,837 in + 1,100 out (reasoning: 0)  cost: $0.0000
[2026-04-21 02:27:27] START qwen3_14b_nothink_weather cases_006 (100 steps)
[2026-04-21 02:27:30] qwen3_14b_nothink_weather cases_006  steps   1-  9: 3.0s  total: 3.0s  (10/100)
[2026-04-21 02:27:33] qwen3_14b_nothink_weather cases_006  steps  11- 19: 3.1s  total: 6.1s  (20/100)
[2026-04-21 02:27:36] qwen3_14b_nothink_weather cases_006  steps  21- 29: 3.2s  total: 9.3s  (30/100)
[2026-04-21 02:27:39] qwen3_14b_nothink_weather cases_006  steps  31- 39: 3.2s  total: 12.5s  (40/100)
[2026-04-21 02:27:43] qwen3_14b_nothink_weather cases_006  steps  41- 49: 3.3s  total: 15.8s  (50/100)
[2026-04-21 02:27:46] qwen3_14b_nothink_weather cases_006  steps  51- 59: 3.3s  total: 19.1s  (60/100)
[2026-04-21 02:27:49] qwen3_14b_nothink_weather cases_006  steps  61- 69: 3.4s  total: 22.5s  (70/100)
[2026-04-21 02:27:53] qwen3_14b_nothink_weather cases_006  steps  71- 79: 3.5s  total: 25.9s  (80/100)
[2026-04-21 02:27:56] qwen3_14b_nothink_weather cases_006  steps  81- 89: 3.6s  total: 29.5s  (90/100)
[2026-04-21 02:28:00] qwen3_14b_nothink_weather cases_006  steps  91- 99: 3.6s  total: 33.1s  (100/100)
[2026-04-21 02:28:00] DONE qwen3_14b_nothink_weather cases_006  total: 33.1s  (0.33s/step)
[2026-04-21 02:28:00]   tokens: 252,837 in + 1,100 out (reasoning: 0)  cost: $0.0000
[2026-04-21 02:28:00] START qwen3_14b_nothink_weather cases_007 (100 steps)
[2026-04-21 02:28:03] qwen3_14b_nothink_weather cases_007  steps   1-  9: 2.3s  total: 2.3s  (10/100)
[2026-04-21 02:28:05] qwen3_14b_nothink_weather cases_007  steps  11- 19: 2.3s  total: 4.6s  (20/100)
[2026-04-21 02:28:07] qwen3_14b_nothink_weather cases_007  steps  21- 29: 2.4s  total: 7.0s  (30/100)
[2026-04-21 02:28:10] qwen3_14b_nothink_weather cases_007  steps  31- 39: 2.5s  total: 9.5s  (40/100)
[2026-04-21 02:28:12] qwen3_14b_nothink_weather cases_007  steps  41- 49: 2.5s  total: 12.0s  (50/100)
[2026-04-21 02:28:15] qwen3_14b_nothink_weather cases_007  steps  51- 59: 2.6s  total: 14.6s  (60/100)
[2026-04-21 02:28:18] qwen3_14b_nothink_weather cases_007  steps  61- 69: 2.7s  total: 17.3s  (70/100)
[2026-04-21 02:28:20] qwen3_14b_nothink_weather cases_007  steps  71- 79: 2.7s  total: 20.0s  (80/100)
[2026-04-21 02:28:23] qwen3_14b_nothink_weather cases_007  steps  81- 89: 2.8s  total: 22.7s  (90/100)
[2026-04-21 02:28:26] qwen3_14b_nothink_weather cases_007  steps  91- 99: 2.8s  total: 25.5s  (100/100)
[2026-04-21 02:28:26] DONE qwen3_14b_nothink_weather cases_007  total: 25.5s  (0.26s/step)
[2026-04-21 02:28:26]   tokens: 237,987 in + 800 out (reasoning: 0)  cost: $0.0000
[2026-04-21 02:28:26] START qwen3_14b_nothink_weather cases_008 (100 steps)
[2026-04-21 02:28:29] qwen3_14b_nothink_weather cases_008  steps   1-  9: 2.3s  total: 2.3s  (10/100)
[2026-04-21 02:28:31] qwen3_14b_nothink_weather cases_008  steps  11- 19: 2.3s  total: 4.6s  (20/100)
[2026-04-21 02:28:33] qwen3_14b_nothink_weather cases_008  steps  21- 29: 2.4s  total: 7.1s  (30/100)
[2026-04-21 02:28:36] qwen3_14b_nothink_weather cases_008  steps  31- 39: 2.5s  total: 9.6s  (40/100)
[2026-04-21 02:28:38] qwen3_14b_nothink_weather cases_008  steps  41- 49: 2.5s  total: 12.1s  (50/100)
[2026-04-21 02:28:41] qwen3_14b_nothink_weather cases_008  steps  51- 59: 2.6s  total: 14.6s  (60/100)
[2026-04-21 02:28:44] qwen3_14b_nothink_weather cases_008  steps  61- 69: 2.6s  total: 17.3s  (70/100)
[2026-04-21 02:28:46] qwen3_14b_nothink_weather cases_008  steps  71- 79: 2.7s  total: 20.0s  (80/100)
[2026-04-21 02:28:49] qwen3_14b_nothink_weather cases_008  steps  81- 89: 2.8s  total: 22.7s  (90/100)
[2026-04-21 02:28:52] qwen3_14b_nothink_weather cases_008  steps  91- 99: 2.8s  total: 25.5s  (100/100)
[2026-04-21 02:28:52] DONE qwen3_14b_nothink_weather cases_008  total: 25.5s  (0.26s/step)
[2026-04-21 02:28:52]   tokens: 237,987 in + 800 out (reasoning: 0)  cost: $0.0000
[2026-04-21 02:28:52] START qwen3_14b_nothink_weather cases_009 (100 steps)
[2026-04-21 02:28:55] qwen3_14b_nothink_weather cases_009  steps   1-  9: 2.3s  total: 2.3s  (10/100)
[2026-04-21 02:28:57] qwen3_14b_nothink_weather cases_009  steps  11- 19: 2.3s  total: 4.6s  (20/100)
[2026-04-21 02:28:59] qwen3_14b_nothink_weather cases_009  steps  21- 29: 2.4s  total: 7.0s  (30/100)
[2026-04-21 02:29:02] qwen3_14b_nothink_weather cases_009  steps  31- 39: 2.5s  total: 9.5s  (40/100)
[2026-04-21 02:29:04] qwen3_14b_nothink_weather cases_009  steps  41- 49: 2.5s  total: 12.0s  (50/100)
[2026-04-21 02:29:07] qwen3_14b_nothink_weather cases_009  steps  51- 59: 2.6s  total: 14.6s  (60/100)
[2026-04-21 02:29:10] qwen3_14b_nothink_weather cases_009  steps  61- 69: 2.6s  total: 17.1s  (70/100)
[2026-04-21 02:29:12] qwen3_14b_nothink_weather cases_009  steps  71- 79: 2.7s  total: 19.9s  (80/100)
[2026-04-21 02:29:15] qwen3_14b_nothink_weather cases_009  steps  81- 89: 2.8s  total: 22.6s  (90/100)
[2026-04-21 02:29:18] qwen3_14b_nothink_weather cases_009  steps  91- 99: 2.8s  total: 25.4s  (100/100)
[2026-04-21 02:29:18] DONE qwen3_14b_nothink_weather cases_009  total: 25.4s  (0.25s/step)
[2026-04-21 02:29:18]   tokens: 237,987 in + 800 out (reasoning: 0)  cost: $0.0000
[2026-04-21 02:29:18] START qwen3_14b_nothink_weather cases_010 (100 steps)
[2026-04-21 02:29:21] qwen3_14b_nothink_weather cases_010  steps   1-  9: 2.3s  total: 2.3s  (10/100)
[2026-04-21 02:29:23] qwen3_14b_nothink_weather cases_010  steps  11- 19: 2.3s  total: 4.6s  (20/100)
[2026-04-21 02:29:25] qwen3_14b_nothink_weather cases_010  steps  21- 29: 2.4s  total: 7.0s  (30/100)
[2026-04-21 02:29:28] qwen3_14b_nothink_weather cases_010  steps  31- 39: 2.5s  total: 9.5s  (40/100)
[2026-04-21 02:29:30] qwen3_14b_nothink_weather cases_010  steps  41- 49: 2.5s  total: 12.0s  (50/100)
[2026-04-21 02:29:33] qwen3_14b_nothink_weather cases_010  steps  51- 59: 2.6s  total: 14.6s  (60/100)
[2026-04-21 02:29:36] qwen3_14b_nothink_weather cases_010  steps  61- 69: 2.6s  total: 17.3s  (70/100)
[2026-04-21 02:29:38] qwen3_14b_nothink_weather cases_010  steps  71- 79: 2.7s  total: 19.9s  (80/100)
[2026-04-21 02:29:41] qwen3_14b_nothink_weather cases_010  steps  81- 89: 2.8s  total: 22.7s  (90/100)
[2026-04-21 02:29:44] qwen3_14b_nothink_weather cases_010  steps  91- 99: 2.7s  total: 25.5s  (100/100)
[2026-04-21 02:29:44] DONE qwen3_14b_nothink_weather cases_010  total: 25.5s  (0.25s/step)
[2026-04-21 02:29:44]   tokens: 237,987 in + 800 out (reasoning: 0)  cost: $0.0000
[2026-04-21 02:29:44] START qwen3_14b_nothink_weather cases_011 (100 steps)
[2026-04-21 02:29:47] qwen3_14b_nothink_weather cases_011  steps   1-  9: 3.0s  total: 3.0s  (10/100)
[2026-04-21 02:29:50] qwen3_14b_nothink_weather cases_011  steps  11- 19: 3.1s  total: 6.1s  (20/100)
[2026-04-21 02:29:53] qwen3_14b_nothink_weather cases_011  steps  21- 29: 3.1s  total: 9.2s  (30/100)
[2026-04-21 02:29:57] qwen3_14b_nothink_weather cases_011  steps  31- 39: 3.3s  total: 12.5s  (40/100)
[2026-04-21 02:30:00] qwen3_14b_nothink_weather cases_011  steps  41- 49: 3.3s  total: 15.7s  (50/100)
[2026-04-21 02:30:03] qwen3_14b_nothink_weather cases_011  steps  51- 59: 3.3s  total: 19.1s  (60/100)
[2026-04-21 02:30:07] qwen3_14b_nothink_weather cases_011  steps  61- 69: 3.4s  total: 22.5s  (70/100)
[2026-04-21 02:30:10] qwen3_14b_nothink_weather cases_011  steps  71- 79: 3.5s  total: 26.0s  (80/100)
[2026-04-21 02:30:14] qwen3_14b_nothink_weather cases_011  steps  81- 89: 3.5s  total: 29.5s  (90/100)
[2026-04-21 02:30:17] qwen3_14b_nothink_weather cases_011  steps  91- 99: 3.6s  total: 33.1s  (100/100)
[2026-04-21 02:30:18] DONE qwen3_14b_nothink_weather cases_011  total: 33.1s  (0.33s/step)
[2026-04-21 02:30:18]   tokens: 252,837 in + 1,100 out (reasoning: 0)  cost: $0.0000
[2026-04-21 02:30:18] START qwen3_14b_nothink_weather cases_012 (100 steps)
[2026-04-21 02:30:20] qwen3_14b_nothink_weather cases_012  steps   1-  9: 2.3s  total: 2.3s  (10/100)
[2026-04-21 02:30:22] qwen3_14b_nothink_weather cases_012  steps  11- 19: 2.3s  total: 4.7s  (20/100)
[2026-04-21 02:30:25] qwen3_14b_nothink_weather cases_012  steps  21- 29: 2.4s  total: 7.1s  (30/100)
[2026-04-21 02:30:27] qwen3_14b_nothink_weather cases_012  steps  31- 39: 2.5s  total: 9.6s  (40/100)
[2026-04-21 02:30:30] qwen3_14b_nothink_weather cases_012  steps  41- 49: 2.5s  total: 12.1s  (50/100)
[2026-04-21 02:30:32] qwen3_14b_nothink_weather cases_012  steps  51- 59: 2.6s  total: 14.7s  (60/100)
[2026-04-21 02:30:35] qwen3_14b_nothink_weather cases_012  steps  61- 69: 2.6s  total: 17.3s  (70/100)
[2026-04-21 02:30:38] qwen3_14b_nothink_weather cases_012  steps  71- 79: 2.7s  total: 20.0s  (80/100)
[2026-04-21 02:30:41] qwen3_14b_nothink_weather cases_012  steps  81- 89: 2.8s  total: 22.8s  (90/100)
[2026-04-21 02:30:43] qwen3_14b_nothink_weather cases_012  steps  91- 99: 2.8s  total: 25.6s  (100/100)
[2026-04-21 02:30:44] DONE qwen3_14b_nothink_weather cases_012  total: 25.6s  (0.26s/step)
[2026-04-21 02:30:44]   tokens: 237,987 in + 800 out (reasoning: 0)  cost: $0.0000
[2026-04-21 02:30:44] START qwen3_14b_nothink_weather cases_013 (100 steps)
[2026-04-21 02:30:46] qwen3_14b_nothink_weather cases_013  steps   1-  9: 2.3s  total: 2.3s  (10/100)
[2026-04-21 02:30:49] qwen3_14b_nothink_weather cases_013  steps  11- 19: 2.4s  total: 4.7s  (20/100)
[2026-04-21 02:30:51] qwen3_14b_nothink_weather cases_013  steps  21- 29: 2.4s  total: 7.1s  (30/100)
[2026-04-21 02:30:53] qwen3_14b_nothink_weather cases_013  steps  31- 39: 2.5s  total: 9.5s  (40/100)
[2026-04-21 02:30:56] qwen3_14b_nothink_weather cases_013  steps  41- 49: 2.5s  total: 12.1s  (50/100)
[2026-04-21 02:30:58] qwen3_14b_nothink_weather cases_013  steps  51- 59: 2.6s  total: 14.6s  (60/100)
[2026-04-21 02:31:01] qwen3_14b_nothink_weather cases_013  steps  61- 69: 2.6s  total: 17.2s  (70/100)
[2026-04-21 02:31:04] qwen3_14b_nothink_weather cases_013  steps  71- 79: 2.7s  total: 20.0s  (80/100)
[2026-04-21 02:31:07] qwen3_14b_nothink_weather cases_013  steps  81- 89: 2.8s  total: 22.8s  (90/100)
[2026-04-21 02:31:09] qwen3_14b_nothink_weather cases_013  steps  91- 99: 2.8s  total: 25.6s  (100/100)
[2026-04-21 02:31:10] DONE qwen3_14b_nothink_weather cases_013  total: 25.6s  (0.26s/step)
[2026-04-21 02:31:10]   tokens: 237,987 in + 800 out (reasoning: 0)  cost: $0.0000
[2026-04-21 02:31:10] START qwen3_14b_nothink_weather cases_014 (100 steps)
[2026-04-21 02:31:12] qwen3_14b_nothink_weather cases_014  steps   1-  9: 2.3s  total: 2.3s  (10/100)
[2026-04-21 02:31:15] qwen3_14b_nothink_weather cases_014  steps  11- 19: 2.3s  total: 4.6s  (20/100)
[2026-04-21 02:31:17] qwen3_14b_nothink_weather cases_014  steps  21- 29: 2.4s  total: 7.0s  (30/100)
[2026-04-21 02:31:19] qwen3_14b_nothink_weather cases_014  steps  31- 39: 2.5s  total: 9.5s  (40/100)
[2026-04-21 02:31:22] qwen3_14b_nothink_weather cases_014  steps  41- 49: 2.6s  total: 12.0s  (50/100)
[2026-04-21 02:31:25] qwen3_14b_nothink_weather cases_014  steps  51- 59: 2.6s  total: 14.6s  (60/100)
[2026-04-21 02:31:27] qwen3_14b_nothink_weather cases_014  steps  61- 69: 2.6s  total: 17.3s  (70/100)
[2026-04-21 02:31:30] qwen3_14b_nothink_weather cases_014  steps  71- 79: 2.7s  total: 19.9s  (80/100)
[2026-04-21 02:31:33] qwen3_14b_nothink_weather cases_014  steps  81- 89: 2.7s  total: 22.7s  (90/100)
[2026-04-21 02:31:35] qwen3_14b_nothink_weather cases_014  steps  91- 99: 2.8s  total: 25.5s  (100/100)
[2026-04-21 02:31:36] DONE qwen3_14b_nothink_weather cases_014  total: 25.5s  (0.26s/step)
[2026-04-21 02:31:36]   tokens: 237,987 in + 800 out (reasoning: 0)  cost: $0.0000
[2026-04-21 02:31:36] START qwen3_14b_nothink_weather cases_015 (100 steps)
[2026-04-21 02:31:38] qwen3_14b_nothink_weather cases_015  steps   1-  9: 2.3s  total: 2.3s  (10/100)
[2026-04-21 02:31:41] qwen3_14b_nothink_weather cases_015  steps  11- 19: 2.3s  total: 4.6s  (20/100)
[2026-04-21 02:31:43] qwen3_14b_nothink_weather cases_015  steps  21- 29: 2.4s  total: 7.0s  (30/100)
[2026-04-21 02:31:45] qwen3_14b_nothink_weather cases_015  steps  31- 39: 2.5s  total: 9.5s  (40/100)
[2026-04-21 02:31:48] qwen3_14b_nothink_weather cases_015  steps  41- 49: 2.5s  total: 12.0s  (50/100)
[2026-04-21 02:31:51] qwen3_14b_nothink_weather cases_015  steps  51- 59: 2.6s  total: 14.6s  (60/100)
[2026-04-21 02:31:53] qwen3_14b_nothink_weather cases_015  steps  61- 69: 2.6s  total: 17.2s  (70/100)
[2026-04-21 02:31:56] qwen3_14b_nothink_weather cases_015  steps  71- 79: 2.7s  total: 19.9s  (80/100)
[2026-04-21 02:31:59] qwen3_14b_nothink_weather cases_015  steps  81- 89: 2.7s  total: 22.6s  (90/100)
[2026-04-21 02:32:01] qwen3_14b_nothink_weather cases_015  steps  91- 99: 2.8s  total: 25.4s  (100/100)
[2026-04-21 02:32:02] DONE qwen3_14b_nothink_weather cases_015  total: 25.4s  (0.25s/step)
[2026-04-21 02:32:02]   tokens: 237,987 in + 800 out (reasoning: 0)  cost: $0.0000
[2026-04-21 02:32:02] START qwen3_14b_nothink_weather cases_016 (100 steps)
[2026-04-21 02:32:04] qwen3_14b_nothink_weather cases_016  steps   1-  9: 2.3s  total: 2.3s  (10/100)
[2026-04-21 02:32:06] qwen3_14b_nothink_weather cases_016  steps  11- 19: 2.3s  total: 4.7s  (20/100)
[2026-04-21 02:32:09] qwen3_14b_nothink_weather cases_016  steps  21- 29: 2.4s  total: 7.1s  (30/100)
[2026-04-21 02:32:11] qwen3_14b_nothink_weather cases_016  steps  31- 39: 2.5s  total: 9.6s  (40/100)
[2026-04-21 02:32:14] qwen3_14b_nothink_weather cases_016  steps  41- 49: 2.5s  total: 12.1s  (50/100)
[2026-04-21 02:32:16] qwen3_14b_nothink_weather cases_016  steps  51- 59: 2.6s  total: 14.7s  (60/100)
[2026-04-21 02:32:19] qwen3_14b_nothink_weather cases_016  steps  61- 69: 2.6s  total: 17.2s  (70/100)
[2026-04-21 02:32:22] qwen3_14b_nothink_weather cases_016  steps  71- 79: 2.7s  total: 20.0s  (80/100)
[2026-04-21 02:32:25] qwen3_14b_nothink_weather cases_016  steps  81- 89: 2.8s  total: 22.7s  (90/100)
[2026-04-21 02:32:27] qwen3_14b_nothink_weather cases_016  steps  91- 99: 2.8s  total: 25.6s  (100/100)
[2026-04-21 02:32:28] DONE qwen3_14b_nothink_weather cases_016  total: 25.6s  (0.26s/step)
[2026-04-21 02:32:28]   tokens: 237,987 in + 800 out (reasoning: 0)  cost: $0.0000
[2026-04-21 02:32:28] START qwen3_14b_nothink_weather cases_017 (100 steps)
[2026-04-21 02:32:31] qwen3_14b_nothink_weather cases_017  steps   1-  9: 3.0s  total: 3.0s  (10/100)
[2026-04-21 02:32:34] qwen3_14b_nothink_weather cases_017  steps  11- 19: 3.1s  total: 6.1s  (20/100)
[2026-04-21 02:32:37] qwen3_14b_nothink_weather cases_017  steps  21- 29: 3.1s  total: 9.2s  (30/100)
[2026-04-21 02:32:40] qwen3_14b_nothink_weather cases_017  steps  31- 39: 3.2s  total: 12.4s  (40/100)
[2026-04-21 02:32:44] qwen3_14b_nothink_weather cases_017  steps  41- 49: 3.3s  total: 15.7s  (50/100)
[2026-04-21 02:32:47] qwen3_14b_nothink_weather cases_017  steps  51- 59: 3.4s  total: 19.0s  (60/100)
[2026-04-21 02:32:50] qwen3_14b_nothink_weather cases_017  steps  61- 69: 3.4s  total: 22.4s  (70/100)
[2026-04-21 02:32:54] qwen3_14b_nothink_weather cases_017  steps  71- 79: 3.5s  total: 25.9s  (80/100)
[2026-04-21 02:32:57] qwen3_14b_nothink_weather cases_017  steps  81- 89: 3.6s  total: 29.5s  (90/100)
[2026-04-21 02:33:01] qwen3_14b_nothink_weather cases_017  steps  91- 99: 3.6s  total: 33.0s  (100/100)
[2026-04-21 02:33:01] DONE qwen3_14b_nothink_weather cases_017  total: 33.1s  (0.33s/step)
[2026-04-21 02:33:01]   tokens: 252,837 in + 1,100 out (reasoning: 0)  cost: $0.0000
[2026-04-21 02:33:01] START qwen3_14b_nothink_weather cases_018 (100 steps)
[2026-04-21 02:33:04] qwen3_14b_nothink_weather cases_018  steps   1-  9: 2.3s  total: 2.3s  (10/100)
[2026-04-21 02:33:06] qwen3_14b_nothink_weather cases_018  steps  11- 19: 2.3s  total: 4.6s  (20/100)
[2026-04-21 02:33:08] qwen3_14b_nothink_weather cases_018  steps  21- 29: 2.4s  total: 7.0s  (30/100)
[2026-04-21 02:33:11] qwen3_14b_nothink_weather cases_018  steps  31- 39: 2.4s  total: 9.5s  (40/100)
[2026-04-21 02:33:13] qwen3_14b_nothink_weather cases_018  steps  41- 49: 2.5s  total: 12.0s  (50/100)
[2026-04-21 02:33:16] qwen3_14b_nothink_weather cases_018  steps  51- 59: 2.6s  total: 14.6s  (60/100)
[2026-04-21 02:33:19] qwen3_14b_nothink_weather cases_018  steps  61- 69: 2.6s  total: 17.2s  (70/100)
[2026-04-21 02:33:21] qwen3_14b_nothink_weather cases_018  steps  71- 79: 2.7s  total: 19.9s  (80/100)
[2026-04-21 02:33:24] qwen3_14b_nothink_weather cases_018  steps  81- 89: 2.7s  total: 22.5s  (90/100)
[2026-04-21 02:33:27] qwen3_14b_nothink_weather cases_018  steps  91- 99: 2.8s  total: 25.4s  (100/100)
[2026-04-21 02:33:27] DONE qwen3_14b_nothink_weather cases_018  total: 25.4s  (0.25s/step)
[2026-04-21 02:33:27]   tokens: 237,987 in + 800 out (reasoning: 0)  cost: $0.0000
[2026-04-21 02:33:27] START qwen3_14b_nothink_weather cases_019 (100 steps)
[2026-04-21 02:33:30] qwen3_14b_nothink_weather cases_019  steps   1-  9: 2.3s  total: 2.3s  (10/100)
[2026-04-21 02:33:32] qwen3_14b_nothink_weather cases_019  steps  11- 19: 2.3s  total: 4.7s  (20/100)
[2026-04-21 02:33:34] qwen3_14b_nothink_weather cases_019  steps  21- 29: 2.5s  total: 7.1s  (30/100)
[2026-04-21 02:33:37] qwen3_14b_nothink_weather cases_019  steps  31- 39: 2.5s  total: 9.6s  (40/100)
[2026-04-21 02:33:39] qwen3_14b_nothink_weather cases_019  steps  41- 49: 2.6s  total: 12.1s  (50/100)
[2026-04-21 02:33:42] qwen3_14b_nothink_weather cases_019  steps  51- 59: 2.6s  total: 14.7s  (60/100)
[2026-04-21 02:33:45] qwen3_14b_nothink_weather cases_019  steps  61- 69: 2.7s  total: 17.4s  (70/100)
[2026-04-21 02:33:47] qwen3_14b_nothink_weather cases_019  steps  71- 79: 2.7s  total: 20.1s  (80/100)
[2026-04-21 02:33:50] qwen3_14b_nothink_weather cases_019  steps  81- 89: 2.8s  total: 22.9s  (90/100)
[2026-04-21 02:33:53] qwen3_14b_nothink_weather cases_019  steps  91- 99: 2.8s  total: 25.7s  (100/100)
[2026-04-21 02:33:53] DONE qwen3_14b_nothink_weather cases_019  total: 25.7s  (0.26s/step)
[2026-04-21 02:33:53]   tokens: 237,987 in + 800 out (reasoning: 0)  cost: $0.0000
[2026-04-21 02:33:53] START qwen3_14b_nothink_mw_name cases_000 (100 steps)
[2026-04-21 02:34:05] qwen3_14b_nothink_mw_name cases_000  steps   1-  9: 11.5s  total: 11.5s  (10/100)
[2026-04-21 02:34:16] qwen3_14b_nothink_mw_name cases_000  steps  11- 19: 11.5s  total: 23.0s  (20/100)
[2026-04-21 02:34:28] qwen3_14b_nothink_mw_name cases_000  steps  21- 29: 11.8s  total: 34.7s  (30/100)
[2026-04-21 02:34:40] qwen3_14b_nothink_mw_name cases_000  steps  31- 39: 11.9s  total: 46.6s  (40/100)
[2026-04-21 02:34:52] qwen3_14b_nothink_mw_name cases_000  steps  41- 49: 12.0s  total: 58.6s  (50/100)
[2026-04-21 02:35:04] qwen3_14b_nothink_mw_name cases_000  steps  51- 59: 12.1s  total: 70.7s  (60/100)
[2026-04-21 02:35:16] qwen3_14b_nothink_mw_name cases_000  steps  61- 69: 12.2s  total: 82.9s  (70/100)
[2026-04-21 02:35:29] qwen3_14b_nothink_mw_name cases_000  steps  71- 79: 12.3s  total: 95.3s  (80/100)
[2026-04-21 02:35:41] qwen3_14b_nothink_mw_name cases_000  steps  81- 89: 12.5s  total: 107.8s  (90/100)
[2026-04-21 02:35:54] qwen3_14b_nothink_mw_name cases_000  steps  91- 99: 12.6s  total: 120.4s  (100/100)
[2026-04-21 02:35:55] DONE qwen3_14b_nothink_mw_name cases_000  total: 121.1s  (1.21s/step)
[2026-04-21 02:35:55]   tokens: 423,532 in + 4,524 out (reasoning: 0)  cost: $0.0000
[2026-04-21 02:35:55] START qwen3_14b_nothink_mw_name cases_001 (100 steps)
[2026-04-21 02:36:07] qwen3_14b_nothink_mw_name cases_001  steps   1-  9: 11.6s  total: 11.6s  (10/100)
[2026-04-21 02:36:18] qwen3_14b_nothink_mw_name cases_001  steps  11- 19: 11.7s  total: 23.3s  (20/100)
[2026-04-21 02:36:30] qwen3_14b_nothink_mw_name cases_001  steps  21- 29: 11.8s  total: 35.2s  (30/100)
[2026-04-21 02:36:42] qwen3_14b_nothink_mw_name cases_001  steps  31- 39: 12.0s  total: 47.2s  (40/100)
[2026-04-21 02:36:54] qwen3_14b_nothink_mw_name cases_001  steps  41- 49: 12.2s  total: 59.3s  (50/100)
[2026-04-21 02:37:07] qwen3_14b_nothink_mw_name cases_001  steps  51- 59: 12.2s  total: 71.6s  (60/100)
[2026-04-21 02:37:19] qwen3_14b_nothink_mw_name cases_001  steps  61- 69: 12.4s  total: 83.9s  (70/100)
[2026-04-21 02:37:31] qwen3_14b_nothink_mw_name cases_001  steps  71- 79: 12.4s  total: 96.4s  (80/100)
[2026-04-21 02:37:44] qwen3_14b_nothink_mw_name cases_001  steps  81- 89: 12.6s  total: 108.9s  (90/100)
[2026-04-21 02:37:57] qwen3_14b_nothink_mw_name cases_001  steps  91- 99: 12.7s  total: 121.6s  (100/100)
[2026-04-21 02:37:58] DONE qwen3_14b_nothink_mw_name cases_001  total: 122.3s  (1.22s/step)
[2026-04-21 02:37:58]   tokens: 426,738 in + 4,582 out (reasoning: 0)  cost: $0.0000
[2026-04-21 02:37:58] START qwen3_14b_nothink_mw_name cases_002 (100 steps)
[2026-04-21 02:38:01] START qwen3_14b_think1024_online cases_000 (100 steps)
[2026-04-21 02:38:01] API ERROR at step 0: Error code: 400 - {'error': {'message': 'thinking_token_budget is set but reasoning_config is not configured. Please set --reasoning-config to use thinking_token_budget.', 'type': 'BadRequestError', 'param': None, 'code': 400}}
[2026-04-21 02:38:09] qwen3_14b_nothink_mw_name cases_002  steps   1-  9: 11.4s  total: 11.4s  (10/100)
[2026-04-21 02:38:21] qwen3_14b_nothink_mw_name cases_002  steps  11- 19: 11.5s  total: 23.0s  (20/100)
[2026-04-21 02:38:33] qwen3_14b_nothink_mw_name cases_002  steps  21- 29: 11.7s  total: 34.7s  (30/100)
[2026-04-21 02:38:35] API ERROR at step 31: Connection error.
[2026-04-21 02:40:07] START qwen3_14b_nothink_mw_name cases_002 (100 steps)
[2026-04-21 02:40:18] qwen3_14b_nothink_mw_name cases_002  steps   1-  9: 11.5s  total: 11.5s  (10/100)
[2026-04-21 02:40:30] qwen3_14b_nothink_mw_name cases_002  steps  11- 19: 11.5s  total: 23.0s  (20/100)
[2026-04-21 02:40:41] qwen3_14b_nothink_mw_name cases_002  steps  21- 29: 11.7s  total: 34.7s  (30/100)
[2026-04-21 02:40:53] qwen3_14b_nothink_mw_name cases_002  steps  31- 39: 11.9s  total: 46.5s  (40/100)
[2026-04-21 02:41:05] qwen3_14b_nothink_mw_name cases_002  steps  41- 49: 12.1s  total: 58.6s  (50/100)
[2026-04-21 02:41:18] qwen3_14b_nothink_mw_name cases_002  steps  51- 59: 12.3s  total: 70.9s  (60/100)
[2026-04-21 02:41:30] qwen3_14b_nothink_mw_name cases_002  steps  61- 69: 12.3s  total: 83.2s  (70/100)
[2026-04-21 02:41:42] qwen3_14b_nothink_mw_name cases_002  steps  71- 79: 12.4s  total: 95.7s  (80/100)
[2026-04-21 02:41:55] qwen3_14b_nothink_mw_name cases_002  steps  81- 89: 12.5s  total: 108.2s  (90/100)
[2026-04-21 02:42:08] qwen3_14b_nothink_mw_name cases_002  steps  91- 99: 12.7s  total: 120.9s  (100/100)
[2026-04-21 02:42:09] DONE qwen3_14b_nothink_mw_name cases_002  total: 121.6s  (1.22s/step)
[2026-04-21 02:42:09]   tokens: 423,532 in + 4,524 out (reasoning: 0)  cost: $0.0000
[2026-04-21 02:42:09] START qwen3_14b_nothink_mw_name cases_003 (100 steps)
[2026-04-21 02:42:21] qwen3_14b_nothink_mw_name cases_003  steps   1-  9: 11.5s  total: 11.5s  (10/100)
[2026-04-21 02:42:32] qwen3_14b_nothink_mw_name cases_003  steps  11- 19: 11.6s  total: 23.1s  (20/100)
[2026-04-21 02:42:44] qwen3_14b_nothink_mw_name cases_003  steps  21- 29: 11.8s  total: 34.9s  (30/100)
[2026-04-21 02:42:56] qwen3_14b_nothink_mw_name cases_003  steps  31- 39: 11.9s  total: 46.8s  (40/100)
[2026-04-21 02:43:08] qwen3_14b_nothink_mw_name cases_003  steps  41- 49: 12.0s  total: 58.8s  (50/100)
[2026-04-21 02:43:20] qwen3_14b_nothink_mw_name cases_003  steps  51- 59: 12.1s  total: 70.9s  (60/100)
[2026-04-21 02:43:32] qwen3_14b_nothink_mw_name cases_003  steps  61- 69: 12.3s  total: 83.2s  (70/100)
[2026-04-21 02:43:45] qwen3_14b_nothink_mw_name cases_003  steps  71- 79: 12.3s  total: 95.5s  (80/100)
[2026-04-21 02:43:57] qwen3_14b_nothink_mw_name cases_003  steps  81- 89: 12.5s  total: 108.0s  (90/100)
[2026-04-21 02:44:10] qwen3_14b_nothink_mw_name cases_003  steps  91- 99: 12.6s  total: 120.6s  (100/100)
[2026-04-21 02:44:11] DONE qwen3_14b_nothink_mw_name cases_003  total: 121.3s  (1.21s/step)
[2026-04-21 02:44:11]   tokens: 423,532 in + 4,524 out (reasoning: 0)  cost: $0.0000
[2026-04-21 02:44:11] START qwen3_14b_nothink_mw_name cases_004 (100 steps)
[2026-04-21 02:44:22] qwen3_14b_nothink_mw_name cases_004  steps   1-  9: 11.4s  total: 11.4s  (10/100)
[2026-04-21 02:44:34] qwen3_14b_nothink_mw_name cases_004  steps  11- 19: 11.6s  total: 23.0s  (20/100)
[2026-04-21 02:44:46] qwen3_14b_nothink_mw_name cases_004  steps  21- 29: 11.8s  total: 34.8s  (30/100)
[2026-04-21 02:44:58] qwen3_14b_nothink_mw_name cases_004  steps  31- 39: 11.9s  total: 46.7s  (40/100)
[2026-04-21 02:45:10] qwen3_14b_nothink_mw_name cases_004  steps  41- 49: 12.0s  total: 58.7s  (50/100)
[2026-04-21 02:45:22] qwen3_14b_nothink_mw_name cases_004  steps  51- 59: 12.2s  total: 70.9s  (60/100)
[2026-04-21 02:45:34] qwen3_14b_nothink_mw_name cases_004  steps  61- 69: 12.2s  total: 83.1s  (70/100)
[2026-04-21 02:45:46] qwen3_14b_nothink_mw_name cases_004  steps  71- 79: 12.3s  total: 95.4s  (80/100)
[2026-04-21 02:45:59] qwen3_14b_nothink_mw_name cases_004  steps  81- 89: 12.5s  total: 107.9s  (90/100)
[2026-04-21 02:46:11] qwen3_14b_nothink_mw_name cases_004  steps  91- 99: 12.6s  total: 120.5s  (100/100)
[2026-04-21 02:46:13] DONE qwen3_14b_nothink_mw_name cases_004  total: 121.2s  (1.21s/step)
[2026-04-21 02:46:13]   tokens: 423,532 in + 4,524 out (reasoning: 0)  cost: $0.0000
[2026-04-21 02:46:13] START qwen3_14b_nothink_mw_name cases_005 (100 steps)
[2026-04-21 02:46:24] qwen3_14b_nothink_mw_name cases_005  steps   1-  9: 11.5s  total: 11.5s  (10/100)
[2026-04-21 02:46:36] qwen3_14b_nothink_mw_name cases_005  steps  11- 19: 11.5s  total: 23.0s  (20/100)
[2026-04-21 02:46:47] qwen3_14b_nothink_mw_name cases_005  steps  21- 29: 11.7s  total: 34.8s  (30/100)
[2026-04-21 02:46:59] qwen3_14b_nothink_mw_name cases_005  steps  31- 39: 11.9s  total: 46.6s  (40/100)
[2026-04-21 02:47:11] qwen3_14b_nothink_mw_name cases_005  steps  41- 49: 12.0s  total: 58.6s  (50/100)
[2026-04-21 02:47:23] qwen3_14b_nothink_mw_name cases_005  steps  51- 59: 12.1s  total: 70.7s  (60/100)
[2026-04-21 02:47:36] qwen3_14b_nothink_mw_name cases_005  steps  61- 69: 12.2s  total: 83.0s  (70/100)
[2026-04-21 02:47:48] qwen3_14b_nothink_mw_name cases_005  steps  71- 79: 12.3s  total: 95.3s  (80/100)
[2026-04-21 02:48:00] qwen3_14b_nothink_mw_name cases_005  steps  81- 89: 12.4s  total: 107.7s  (90/100)
[2026-04-21 02:48:13] qwen3_14b_nothink_mw_name cases_005  steps  91- 99: 12.6s  total: 120.4s  (100/100)
[2026-04-21 02:48:14] DONE qwen3_14b_nothink_mw_name cases_005  total: 121.1s  (1.21s/step)
[2026-04-21 02:48:14]   tokens: 423,532 in + 4,524 out (reasoning: 0)  cost: $0.0000
[2026-04-21 02:48:14] START qwen3_14b_nothink_mw_name cases_006 (100 steps)
[2026-04-21 02:48:26] qwen3_14b_nothink_mw_name cases_006  steps   1-  9: 11.4s  total: 11.4s  (10/100)
[2026-04-21 02:48:37] qwen3_14b_nothink_mw_name cases_006  steps  11- 19: 11.5s  total: 23.0s  (20/100)
[2026-04-21 02:48:49] qwen3_14b_nothink_mw_name cases_006  steps  21- 29: 11.7s  total: 34.7s  (30/100)
[2026-04-21 02:49:01] qwen3_14b_nothink_mw_name cases_006  steps  31- 39: 11.9s  total: 46.6s  (40/100)
[2026-04-21 02:49:13] qwen3_14b_nothink_mw_name cases_006  steps  41- 49: 12.0s  total: 58.5s  (50/100)
[2026-04-21 02:49:25] qwen3_14b_nothink_mw_name cases_006  steps  51- 59: 12.1s  total: 70.7s  (60/100)
[2026-04-21 02:49:37] qwen3_14b_nothink_mw_name cases_006  steps  61- 69: 12.2s  total: 82.9s  (70/100)
[2026-04-21 02:49:49] qwen3_14b_nothink_mw_name cases_006  steps  71- 79: 12.3s  total: 95.2s  (80/100)
[2026-04-21 02:50:02] qwen3_14b_nothink_mw_name cases_006  steps  81- 89: 12.4s  total: 107.6s  (90/100)
[2026-04-21 02:50:14] qwen3_14b_nothink_mw_name cases_006  steps  91- 99: 12.6s  total: 120.2s  (100/100)
[2026-04-21 02:50:16] DONE qwen3_14b_nothink_mw_name cases_006  total: 120.9s  (1.21s/step)
[2026-04-21 02:50:16]   tokens: 423,532 in + 4,524 out (reasoning: 0)  cost: $0.0000
[2026-04-21 02:50:16] START qwen3_14b_nothink_mw_name cases_007 (100 steps)
[2026-04-21 02:50:27] qwen3_14b_nothink_mw_name cases_007  steps   1-  9: 11.5s  total: 11.5s  (10/100)
[2026-04-21 02:50:39] qwen3_14b_nothink_mw_name cases_007  steps  11- 19: 11.5s  total: 23.0s  (20/100)
[2026-04-21 02:50:50] qwen3_14b_nothink_mw_name cases_007  steps  21- 29: 11.7s  total: 34.8s  (30/100)
[2026-04-21 02:51:02] qwen3_14b_nothink_mw_name cases_007  steps  31- 39: 11.9s  total: 46.7s  (40/100)
[2026-04-21 02:51:14] qwen3_14b_nothink_mw_name cases_007  steps  41- 49: 12.0s  total: 58.6s  (50/100)
[2026-04-21 02:51:26] qwen3_14b_nothink_mw_name cases_007  steps  51- 59: 12.1s  total: 70.8s  (60/100)
[2026-04-21 02:51:39] qwen3_14b_nothink_mw_name cases_007  steps  61- 69: 12.2s  total: 83.0s  (70/100)
[2026-04-21 02:51:51] qwen3_14b_nothink_mw_name cases_007  steps  71- 79: 12.3s  total: 95.3s  (80/100)
[2026-04-21 02:52:03] qwen3_14b_nothink_mw_name cases_007  steps  81- 89: 12.4s  total: 107.7s  (90/100)
[2026-04-21 02:52:16] qwen3_14b_nothink_mw_name cases_007  steps  91- 99: 12.6s  total: 120.3s  (100/100)
[2026-04-21 02:52:17] DONE qwen3_14b_nothink_mw_name cases_007  total: 121.1s  (1.21s/step)
[2026-04-21 02:52:17]   tokens: 423,532 in + 4,524 out (reasoning: 0)  cost: $0.0000
[2026-04-21 02:52:17] START qwen3_14b_nothink_mw_name cases_008 (100 steps)
[2026-04-21 02:52:29] qwen3_14b_nothink_mw_name cases_008  steps   1-  9: 11.4s  total: 11.4s  (10/100)
[2026-04-21 02:52:40] qwen3_14b_nothink_mw_name cases_008  steps  11- 19: 11.5s  total: 23.0s  (20/100)
[2026-04-21 02:52:52] qwen3_14b_nothink_mw_name cases_008  steps  21- 29: 11.7s  total: 34.7s  (30/100)
[2026-04-21 02:53:04] qwen3_14b_nothink_mw_name cases_008  steps  31- 39: 11.9s  total: 46.6s  (40/100)
[2026-04-21 02:53:16] qwen3_14b_nothink_mw_name cases_008  steps  41- 49: 12.0s  total: 58.6s  (50/100)
[2026-04-21 02:53:28] qwen3_14b_nothink_mw_name cases_008  steps  51- 59: 12.1s  total: 70.7s  (60/100)
[2026-04-21 02:53:40] qwen3_14b_nothink_mw_name cases_008  steps  61- 69: 12.2s  total: 82.9s  (70/100)
[2026-04-21 02:53:52] qwen3_14b_nothink_mw_name cases_008  steps  71- 79: 12.3s  total: 95.2s  (80/100)
[2026-04-21 02:54:05] qwen3_14b_nothink_mw_name cases_008  steps  81- 89: 12.5s  total: 107.7s  (90/100)
[2026-04-21 02:54:17] qwen3_14b_nothink_mw_name cases_008  steps  91- 99: 12.6s  total: 120.3s  (100/100)
[2026-04-21 02:54:19] DONE qwen3_14b_nothink_mw_name cases_008  total: 121.0s  (1.21s/step)
[2026-04-21 02:54:19]   tokens: 423,532 in + 4,524 out (reasoning: 0)  cost: $0.0000
[2026-04-21 02:54:19] START qwen3_14b_nothink_mw_name cases_009 (100 steps)
[2026-04-21 02:54:30] qwen3_14b_nothink_mw_name cases_009  steps   1-  9: 11.4s  total: 11.4s  (10/100)
[2026-04-21 02:54:42] qwen3_14b_nothink_mw_name cases_009  steps  11- 19: 11.5s  total: 23.0s  (20/100)
[2026-04-21 02:54:53] qwen3_14b_nothink_mw_name cases_009  steps  21- 29: 11.7s  total: 34.7s  (30/100)
[2026-04-21 02:55:05] qwen3_14b_nothink_mw_name cases_009  steps  31- 39: 11.9s  total: 46.5s  (40/100)
[2026-04-21 02:55:17] qwen3_14b_nothink_mw_name cases_009  steps  41- 49: 12.0s  total: 58.5s  (50/100)
[2026-04-21 02:55:29] qwen3_14b_nothink_mw_name cases_009  steps  51- 59: 12.1s  total: 70.6s  (60/100)
[2026-04-21 02:55:41] qwen3_14b_nothink_mw_name cases_009  steps  61- 69: 12.2s  total: 82.8s  (70/100)
[2026-04-21 02:55:54] qwen3_14b_nothink_mw_name cases_009  steps  71- 79: 12.3s  total: 95.1s  (80/100)
[2026-04-21 02:56:06] qwen3_14b_nothink_mw_name cases_009  steps  81- 89: 12.4s  total: 107.5s  (90/100)
[2026-04-21 02:56:19] qwen3_14b_nothink_mw_name cases_009  steps  91- 99: 12.6s  total: 120.1s  (100/100)
[2026-04-21 02:56:20] DONE qwen3_14b_nothink_mw_name cases_009  total: 120.8s  (1.21s/step)
[2026-04-21 02:56:20]   tokens: 423,532 in + 4,524 out (reasoning: 0)  cost: $0.0000
[2026-04-21 02:56:20] START qwen3_14b_nothink_mw_name cases_010 (100 steps)
[2026-04-21 02:56:31] qwen3_14b_nothink_mw_name cases_010  steps   1-  9: 11.4s  total: 11.4s  (10/100)
[2026-04-21 02:56:43] qwen3_14b_nothink_mw_name cases_010  steps  11- 19: 11.5s  total: 23.0s  (20/100)
[2026-04-21 02:56:55] qwen3_14b_nothink_mw_name cases_010  steps  21- 29: 11.7s  total: 34.7s  (30/100)
[2026-04-21 02:57:07] qwen3_14b_nothink_mw_name cases_010  steps  31- 39: 11.9s  total: 46.6s  (40/100)
[2026-04-21 02:57:19] qwen3_14b_nothink_mw_name cases_010  steps  41- 49: 12.0s  total: 58.6s  (50/100)
[2026-04-21 02:57:31] qwen3_14b_nothink_mw_name cases_010  steps  51- 59: 12.1s  total: 70.7s  (60/100)
[2026-04-21 02:57:43] qwen3_14b_nothink_mw_name cases_010  steps  61- 69: 12.2s  total: 82.8s  (70/100)
[2026-04-21 02:57:55] qwen3_14b_nothink_mw_name cases_010  steps  71- 79: 12.3s  total: 95.2s  (80/100)
[2026-04-21 02:58:08] qwen3_14b_nothink_mw_name cases_010  steps  81- 89: 12.5s  total: 107.6s  (90/100)
[2026-04-21 02:58:20] qwen3_14b_nothink_mw_name cases_010  steps  91- 99: 12.6s  total: 120.2s  (100/100)
[2026-04-21 02:58:21] DONE qwen3_14b_nothink_mw_name cases_010  total: 120.9s  (1.21s/step)
[2026-04-21 02:58:21]   tokens: 423,532 in + 4,524 out (reasoning: 0)  cost: $0.0000
[2026-04-21 02:58:21] START qwen3_14b_nothink_mw_name cases_011 (100 steps)
[2026-04-21 02:58:33] qwen3_14b_nothink_mw_name cases_011  steps   1-  9: 11.4s  total: 11.4s  (10/100)
[2026-04-21 02:58:44] qwen3_14b_nothink_mw_name cases_011  steps  11- 19: 11.5s  total: 23.0s  (20/100)
[2026-04-21 02:58:56] qwen3_14b_nothink_mw_name cases_011  steps  21- 29: 11.7s  total: 34.7s  (30/100)
[2026-04-21 02:59:08] qwen3_14b_nothink_mw_name cases_011  steps  31- 39: 11.9s  total: 46.6s  (40/100)
[2026-04-21 02:59:20] qwen3_14b_nothink_mw_name cases_011  steps  41- 49: 12.0s  total: 58.5s  (50/100)
[2026-04-21 02:59:32] qwen3_14b_nothink_mw_name cases_011  steps  51- 59: 12.1s  total: 70.6s  (60/100)
[2026-04-21 02:59:44] qwen3_14b_nothink_mw_name cases_011  steps  61- 69: 12.2s  total: 82.9s  (70/100)
[2026-04-21 02:59:57] qwen3_14b_nothink_mw_name cases_011  steps  71- 79: 12.3s  total: 95.2s  (80/100)
[2026-04-21 03:00:09] qwen3_14b_nothink_mw_name cases_011  steps  81- 89: 12.4s  total: 107.6s  (90/100)
[2026-04-21 03:00:22] qwen3_14b_nothink_mw_name cases_011  steps  91- 99: 12.6s  total: 120.3s  (100/100)
[2026-04-21 03:00:23] DONE qwen3_14b_nothink_mw_name cases_011  total: 121.0s  (1.21s/step)
[2026-04-21 03:00:23]   tokens: 423,532 in + 4,524 out (reasoning: 0)  cost: $0.0000
[2026-04-21 03:00:23] START qwen3_14b_nothink_mw_name cases_012 (100 steps)
[2026-04-21 03:00:34] qwen3_14b_nothink_mw_name cases_012  steps   1-  9: 11.4s  total: 11.4s  (10/100)
[2026-04-21 03:00:46] qwen3_14b_nothink_mw_name cases_012  steps  11- 19: 11.6s  total: 23.0s  (20/100)
[2026-04-21 03:00:58] qwen3_14b_nothink_mw_name cases_012  steps  21- 29: 11.7s  total: 34.7s  (30/100)
[2026-04-21 03:01:10] qwen3_14b_nothink_mw_name cases_012  steps  31- 39: 11.9s  total: 46.6s  (40/100)
[2026-04-21 03:01:21] qwen3_14b_nothink_mw_name cases_012  steps  41- 49: 12.0s  total: 58.6s  (50/100)
[2026-04-21 03:01:34] qwen3_14b_nothink_mw_name cases_012  steps  51- 59: 12.1s  total: 70.7s  (60/100)
[2026-04-21 03:01:46] qwen3_14b_nothink_mw_name cases_012  steps  61- 69: 12.2s  total: 82.8s  (70/100)
[2026-04-21 03:01:58] qwen3_14b_nothink_mw_name cases_012  steps  71- 79: 12.3s  total: 95.2s  (80/100)
[2026-04-21 03:02:11] qwen3_14b_nothink_mw_name cases_012  steps  81- 89: 12.4s  total: 107.6s  (90/100)
[2026-04-21 03:02:23] qwen3_14b_nothink_mw_name cases_012  steps  91- 99: 12.6s  total: 120.2s  (100/100)
[2026-04-21 03:02:24] DONE qwen3_14b_nothink_mw_name cases_012  total: 121.0s  (1.21s/step)
[2026-04-21 03:02:24]   tokens: 423,532 in + 4,524 out (reasoning: 0)  cost: $0.0000
[2026-04-21 03:02:24] START qwen3_14b_nothink_mw_name cases_013 (100 steps)
[2026-04-21 03:02:36] qwen3_14b_nothink_mw_name cases_013  steps   1-  9: 11.6s  total: 11.6s  (10/100)
[2026-04-21 03:02:48] qwen3_14b_nothink_mw_name cases_013  steps  11- 19: 11.7s  total: 23.3s  (20/100)
[2026-04-21 03:03:00] qwen3_14b_nothink_mw_name cases_013  steps  21- 29: 11.8s  total: 35.2s  (30/100)
[2026-04-21 03:03:11] qwen3_14b_nothink_mw_name cases_013  steps  31- 39: 12.0s  total: 47.1s  (40/100)
[2026-04-21 03:03:24] qwen3_14b_nothink_mw_name cases_013  steps  41- 49: 12.1s  total: 59.2s  (50/100)
[2026-04-21 03:03:36] qwen3_14b_nothink_mw_name cases_013  steps  51- 59: 12.3s  total: 71.5s  (60/100)
[2026-04-21 03:03:48] qwen3_14b_nothink_mw_name cases_013  steps  61- 69: 12.3s  total: 83.8s  (70/100)
[2026-04-21 03:04:01] qwen3_14b_nothink_mw_name cases_013  steps  71- 79: 12.5s  total: 96.3s  (80/100)
[2026-04-21 03:04:13] qwen3_14b_nothink_mw_name cases_013  steps  81- 89: 12.5s  total: 108.8s  (90/100)
[2026-04-21 03:04:26] qwen3_14b_nothink_mw_name cases_013  steps  91- 99: 12.7s  total: 121.5s  (100/100)
[2026-04-21 03:04:27] DONE qwen3_14b_nothink_mw_name cases_013  total: 122.3s  (1.22s/step)
[2026-04-21 03:04:27]   tokens: 426,131 in + 4,571 out (reasoning: 0)  cost: $0.0000
[2026-04-21 03:04:27] START qwen3_14b_nothink_mw_name cases_014 (100 steps)
[2026-04-21 03:04:39] qwen3_14b_nothink_mw_name cases_014  steps   1-  9: 11.4s  total: 11.4s  (10/100)
[2026-04-21 03:04:50] qwen3_14b_nothink_mw_name cases_014  steps  11- 19: 11.5s  total: 23.0s  (20/100)
[2026-04-21 03:05:02] qwen3_14b_nothink_mw_name cases_014  steps  21- 29: 11.7s  total: 34.7s  (30/100)
[2026-04-21 03:05:14] qwen3_14b_nothink_mw_name cases_014  steps  31- 39: 11.9s  total: 46.6s  (40/100)
[2026-04-21 03:05:26] qwen3_14b_nothink_mw_name cases_014  steps  41- 49: 12.0s  total: 58.6s  (50/100)
[2026-04-21 03:05:38] qwen3_14b_nothink_mw_name cases_014  steps  51- 59: 12.2s  total: 70.7s  (60/100)
[2026-04-21 03:05:50] qwen3_14b_nothink_mw_name cases_014  steps  61- 69: 12.4s  total: 83.1s  (70/100)
[2026-04-21 03:06:03] qwen3_14b_nothink_mw_name cases_014  steps  71- 79: 12.4s  total: 95.5s  (80/100)
[2026-04-21 03:06:15] qwen3_14b_nothink_mw_name cases_014  steps  81- 89: 12.5s  total: 108.0s  (90/100)
[2026-04-21 03:06:28] qwen3_14b_nothink_mw_name cases_014  steps  91- 99: 12.6s  total: 120.7s  (100/100)
[2026-04-21 03:06:29] DONE qwen3_14b_nothink_mw_name cases_014  total: 121.4s  (1.21s/step)
[2026-04-21 03:06:29]   tokens: 423,532 in + 4,524 out (reasoning: 0)  cost: $0.0000
[2026-04-21 03:06:29] START qwen3_14b_nothink_mw_name cases_015 (100 steps)
[2026-04-21 03:06:40] qwen3_14b_nothink_mw_name cases_015  steps   1-  9: 11.5s  total: 11.5s  (10/100)
[2026-04-21 03:06:52] qwen3_14b_nothink_mw_name cases_015  steps  11- 19: 11.5s  total: 23.1s  (20/100)
[2026-04-21 03:07:04] qwen3_14b_nothink_mw_name cases_015  steps  21- 29: 11.7s  total: 34.8s  (30/100)
[2026-04-21 03:07:16] qwen3_14b_nothink_mw_name cases_015  steps  31- 39: 11.9s  total: 46.7s  (40/100)
[2026-04-21 03:07:28] qwen3_14b_nothink_mw_name cases_015  steps  41- 49: 12.0s  total: 58.6s  (50/100)
[2026-04-21 03:07:40] qwen3_14b_nothink_mw_name cases_015  steps  51- 59: 12.1s  total: 70.7s  (60/100)
[2026-04-21 03:07:52] qwen3_14b_nothink_mw_name cases_015  steps  61- 69: 12.2s  total: 83.0s  (70/100)
[2026-04-21 03:08:04] qwen3_14b_nothink_mw_name cases_015  steps  71- 79: 12.3s  total: 95.3s  (80/100)
[2026-04-21 03:08:17] qwen3_14b_nothink_mw_name cases_015  steps  81- 89: 12.5s  total: 107.7s  (90/100)
[2026-04-21 03:08:29] qwen3_14b_nothink_mw_name cases_015  steps  91- 99: 12.6s  total: 120.3s  (100/100)
[2026-04-21 03:08:30] DONE qwen3_14b_nothink_mw_name cases_015  total: 121.1s  (1.21s/step)
[2026-04-21 03:08:30]   tokens: 423,532 in + 4,524 out (reasoning: 0)  cost: $0.0000
[2026-04-21 03:08:30] START qwen3_14b_nothink_mw_name cases_016 (100 steps)
[2026-04-21 03:08:42] qwen3_14b_nothink_mw_name cases_016  steps   1-  9: 11.4s  total: 11.4s  (10/100)
[2026-04-21 03:08:53] qwen3_14b_nothink_mw_name cases_016  steps  11- 19: 11.5s  total: 22.9s  (20/100)
[2026-04-21 03:09:05] qwen3_14b_nothink_mw_name cases_016  steps  21- 29: 11.7s  total: 34.7s  (30/100)
[2026-04-21 03:09:17] qwen3_14b_nothink_mw_name cases_016  steps  31- 39: 11.9s  total: 46.6s  (40/100)
[2026-04-21 03:09:29] qwen3_14b_nothink_mw_name cases_016  steps  41- 49: 12.0s  total: 58.5s  (50/100)
[2026-04-21 03:09:41] qwen3_14b_nothink_mw_name cases_016  steps  51- 59: 12.1s  total: 70.6s  (60/100)
[2026-04-21 03:09:53] qwen3_14b_nothink_mw_name cases_016  steps  61- 69: 12.2s  total: 82.8s  (70/100)
[2026-04-21 03:10:06] qwen3_14b_nothink_mw_name cases_016  steps  71- 79: 12.3s  total: 95.1s  (80/100)
[2026-04-21 03:10:18] qwen3_14b_nothink_mw_name cases_016  steps  81- 89: 12.5s  total: 107.6s  (90/100)
[2026-04-21 03:10:31] qwen3_14b_nothink_mw_name cases_016  steps  91- 99: 12.6s  total: 120.2s  (100/100)
[2026-04-21 03:10:32] DONE qwen3_14b_nothink_mw_name cases_016  total: 120.9s  (1.21s/step)
[2026-04-21 03:10:32]   tokens: 423,532 in + 4,524 out (reasoning: 0)  cost: $0.0000
[2026-04-21 03:10:32] START qwen3_14b_nothink_mw_name cases_017 (100 steps)
[2026-04-21 03:10:43] qwen3_14b_nothink_mw_name cases_017  steps   1-  9: 11.4s  total: 11.4s  (10/100)
[2026-04-21 03:10:55] qwen3_14b_nothink_mw_name cases_017  steps  11- 19: 11.5s  total: 22.9s  (20/100)
[2026-04-21 03:11:07] qwen3_14b_nothink_mw_name cases_017  steps  21- 29: 11.8s  total: 34.7s  (30/100)
[2026-04-21 03:11:18] qwen3_14b_nothink_mw_name cases_017  steps  31- 39: 11.9s  total: 46.6s  (40/100)
[2026-04-21 03:11:30] qwen3_14b_nothink_mw_name cases_017  steps  41- 49: 12.0s  total: 58.6s  (50/100)
[2026-04-21 03:11:42] qwen3_14b_nothink_mw_name cases_017  steps  51- 59: 12.1s  total: 70.6s  (60/100)
[2026-04-21 03:11:55] qwen3_14b_nothink_mw_name cases_017  steps  61- 69: 12.2s  total: 82.9s  (70/100)
[2026-04-21 03:12:07] qwen3_14b_nothink_mw_name cases_017  steps  71- 79: 12.3s  total: 95.2s  (80/100)
[2026-04-21 03:12:19] qwen3_14b_nothink_mw_name cases_017  steps  81- 89: 12.4s  total: 107.6s  (90/100)
[2026-04-21 03:12:32] qwen3_14b_nothink_mw_name cases_017  steps  91- 99: 12.6s  total: 120.2s  (100/100)
[2026-04-21 03:12:33] DONE qwen3_14b_nothink_mw_name cases_017  total: 120.9s  (1.21s/step)
[2026-04-21 03:12:33]   tokens: 423,532 in + 4,524 out (reasoning: 0)  cost: $0.0000
[2026-04-21 03:12:33] START qwen3_14b_nothink_mw_name cases_018 (100 steps)
[2026-04-21 03:12:45] qwen3_14b_nothink_mw_name cases_018  steps   1-  9: 11.4s  total: 11.4s  (10/100)
[2026-04-21 03:12:56] qwen3_14b_nothink_mw_name cases_018  steps  11- 19: 11.5s  total: 23.0s  (20/100)
[2026-04-21 03:13:08] qwen3_14b_nothink_mw_name cases_018  steps  21- 29: 11.8s  total: 34.7s  (30/100)
[2026-04-21 03:13:20] qwen3_14b_nothink_mw_name cases_018  steps  31- 39: 11.8s  total: 46.5s  (40/100)
[2026-04-21 03:13:32] qwen3_14b_nothink_mw_name cases_018  steps  41- 49: 12.0s  total: 58.5s  (50/100)
[2026-04-21 03:13:44] qwen3_14b_nothink_mw_name cases_018  steps  51- 59: 12.1s  total: 70.6s  (60/100)
[2026-04-21 03:13:56] qwen3_14b_nothink_mw_name cases_018  steps  61- 69: 12.2s  total: 82.8s  (70/100)
[2026-04-21 03:14:08] qwen3_14b_nothink_mw_name cases_018  steps  71- 79: 12.3s  total: 95.2s  (80/100)
[2026-04-21 03:14:21] qwen3_14b_nothink_mw_name cases_018  steps  81- 89: 12.5s  total: 107.6s  (90/100)
[2026-04-21 03:14:34] qwen3_14b_nothink_mw_name cases_018  steps  91- 99: 12.6s  total: 120.3s  (100/100)
[2026-04-21 03:14:35] DONE qwen3_14b_nothink_mw_name cases_018  total: 121.0s  (1.21s/step)
[2026-04-21 03:14:35]   tokens: 423,532 in + 4,524 out (reasoning: 0)  cost: $0.0000
[2026-04-21 03:14:35] START qwen3_14b_nothink_mw_name cases_019 (100 steps)
[2026-04-21 03:14:46] qwen3_14b_nothink_mw_name cases_019  steps   1-  9: 11.5s  total: 11.5s  (10/100)
[2026-04-21 03:14:58] qwen3_14b_nothink_mw_name cases_019  steps  11- 19: 11.5s  total: 23.0s  (20/100)
[2026-04-21 03:15:09] qwen3_14b_nothink_mw_name cases_019  steps  21- 29: 11.7s  total: 34.7s  (30/100)
[2026-04-21 03:15:21] qwen3_14b_nothink_mw_name cases_019  steps  31- 39: 11.8s  total: 46.5s  (40/100)
[2026-04-21 03:15:33] qwen3_14b_nothink_mw_name cases_019  steps  41- 49: 12.0s  total: 58.6s  (50/100)
[2026-04-21 03:15:45] qwen3_14b_nothink_mw_name cases_019  steps  51- 59: 12.1s  total: 70.7s  (60/100)
[2026-04-21 03:15:58] qwen3_14b_nothink_mw_name cases_019  steps  61- 69: 12.2s  total: 82.9s  (70/100)
[2026-04-21 03:16:10] qwen3_14b_nothink_mw_name cases_019  steps  71- 79: 12.2s  total: 95.2s  (80/100)
[2026-04-21 03:16:22] qwen3_14b_nothink_mw_name cases_019  steps  81- 89: 12.4s  total: 107.6s  (90/100)
[2026-04-21 03:16:35] qwen3_14b_nothink_mw_name cases_019  steps  91- 99: 12.5s  total: 120.1s  (100/100)
[2026-04-21 03:16:36] DONE qwen3_14b_nothink_mw_name cases_019  total: 120.8s  (1.21s/step)
[2026-04-21 03:16:36]   tokens: 423,532 in + 4,524 out (reasoning: 0)  cost: $0.0000
[2026-04-21 03:16:36] START qwen3_14b_nothink_explicit_update cases_000 (100 steps)
[2026-04-21 03:16:49] qwen3_14b_nothink_explicit_update cases_000  steps   1-  9: 12.6s  total: 12.6s  (10/100)
[2026-04-21 03:17:01] qwen3_14b_nothink_explicit_update cases_000  steps  11- 19: 12.7s  total: 25.3s  (20/100)
[2026-04-21 03:17:14] qwen3_14b_nothink_explicit_update cases_000  steps  21- 29: 12.9s  total: 38.2s  (30/100)
[2026-04-21 03:17:27] qwen3_14b_nothink_explicit_update cases_000  steps  31- 39: 13.1s  total: 51.3s  (40/100)
[2026-04-21 03:17:40] qwen3_14b_nothink_explicit_update cases_000  steps  41- 49: 13.1s  total: 64.5s  (50/100)
[2026-04-21 03:17:54] qwen3_14b_nothink_explicit_update cases_000  steps  51- 59: 13.3s  total: 77.8s  (60/100)
[2026-04-21 03:18:07] qwen3_14b_nothink_explicit_update cases_000  steps  61- 69: 13.4s  total: 91.2s  (70/100)
[2026-04-21 03:18:21] qwen3_14b_nothink_explicit_update cases_000  steps  71- 79: 13.5s  total: 104.7s  (80/100)
[2026-04-21 03:18:34] qwen3_14b_nothink_explicit_update cases_000  steps  81- 89: 13.7s  total: 118.4s  (90/100)
[2026-04-21 03:18:48] qwen3_14b_nothink_explicit_update cases_000  steps  91- 99: 13.8s  total: 132.2s  (100/100)
[2026-04-21 03:18:50] DONE qwen3_14b_nothink_explicit_update cases_000  total: 133.0s  (1.33s/step)
[2026-04-21 03:18:50]   tokens: 459,244 in + 4,978 out (reasoning: 0)  cost: $0.0000
[2026-04-21 03:18:50] START qwen3_14b_nothink_explicit_update cases_001 (100 steps)
[2026-04-21 03:19:02] qwen3_14b_nothink_explicit_update cases_001  steps   1-  9: 12.6s  total: 12.6s  (10/100)
[2026-04-21 03:19:15] qwen3_14b_nothink_explicit_update cases_001  steps  11- 19: 12.7s  total: 25.3s  (20/100)
[2026-04-21 03:19:28] qwen3_14b_nothink_explicit_update cases_001  steps  21- 29: 12.9s  total: 38.2s  (30/100)
[2026-04-21 03:19:41] qwen3_14b_nothink_explicit_update cases_001  steps  31- 39: 13.1s  total: 51.3s  (40/100)
[2026-04-21 03:19:54] qwen3_14b_nothink_explicit_update cases_001  steps  41- 49: 13.2s  total: 64.5s  (50/100)
[2026-04-21 03:20:07] qwen3_14b_nothink_explicit_update cases_001  steps  51- 59: 13.2s  total: 77.7s  (60/100)
[2026-04-21 03:20:21] qwen3_14b_nothink_explicit_update cases_001  steps  61- 69: 13.5s  total: 91.1s  (70/100)
[2026-04-21 03:20:34] qwen3_14b_nothink_explicit_update cases_001  steps  71- 79: 13.5s  total: 104.7s  (80/100)
[2026-04-21 03:20:48] qwen3_14b_nothink_explicit_update cases_001  steps  81- 89: 13.7s  total: 118.3s  (90/100)
[2026-04-21 03:21:02] qwen3_14b_nothink_explicit_update cases_001  steps  91- 99: 13.7s  total: 132.1s  (100/100)
[2026-04-21 03:21:03] DONE qwen3_14b_nothink_explicit_update cases_001  total: 132.9s  (1.33s/step)
[2026-04-21 03:21:03]   tokens: 459,772 in + 4,983 out (reasoning: 0)  cost: $0.0000
[2026-04-21 03:21:03] START qwen3_14b_nothink_explicit_update cases_002 (100 steps)
[2026-04-21 03:21:15] qwen3_14b_nothink_explicit_update cases_002  steps   1-  9: 12.5s  total: 12.5s  (10/100)
[2026-04-21 03:21:28] qwen3_14b_nothink_explicit_update cases_002  steps  11- 19: 12.6s  total: 25.1s  (20/100)
[2026-04-21 03:21:41] qwen3_14b_nothink_explicit_update cases_002  steps  21- 29: 12.9s  total: 38.0s  (30/100)
[2026-04-21 03:21:54] qwen3_14b_nothink_explicit_update cases_002  steps  31- 39: 13.0s  total: 51.1s  (40/100)
[2026-04-21 03:22:07] qwen3_14b_nothink_explicit_update cases_002  steps  41- 49: 13.2s  total: 64.3s  (50/100)
[2026-04-21 03:22:21] qwen3_14b_nothink_explicit_update cases_002  steps  51- 59: 13.3s  total: 77.6s  (60/100)
[2026-04-21 03:22:34] qwen3_14b_nothink_explicit_update cases_002  steps  61- 69: 13.5s  total: 91.1s  (70/100)
[2026-04-21 03:22:48] qwen3_14b_nothink_explicit_update cases_002  steps  71- 79: 13.5s  total: 104.6s  (80/100)
[2026-04-21 03:23:01] qwen3_14b_nothink_explicit_update cases_002  steps  81- 89: 13.7s  total: 118.3s  (90/100)
[2026-04-21 03:23:15] qwen3_14b_nothink_explicit_update cases_002  steps  91- 99: 13.9s  total: 132.2s  (100/100)
[2026-04-21 03:23:16] DONE qwen3_14b_nothink_explicit_update cases_002  total: 133.1s  (1.33s/step)
[2026-04-21 03:23:16]   tokens: 459,021 in + 4,983 out (reasoning: 0)  cost: $0.0000
[2026-04-21 03:23:17] START qwen3_14b_nothink_explicit_update cases_003 (100 steps)
[2026-04-21 03:23:29] qwen3_14b_nothink_explicit_update cases_003  steps   1-  9: 12.5s  total: 12.5s  (10/100)
[2026-04-21 03:23:42] qwen3_14b_nothink_explicit_update cases_003  steps  11- 19: 12.7s  total: 25.3s  (20/100)
[2026-04-21 03:23:55] qwen3_14b_nothink_explicit_update cases_003  steps  21- 29: 12.8s  total: 38.1s  (30/100)
[2026-04-21 03:24:08] qwen3_14b_nothink_explicit_update cases_003  steps  31- 39: 13.0s  total: 51.1s  (40/100)
[2026-04-21 03:24:21] qwen3_14b_nothink_explicit_update cases_003  steps  41- 49: 13.1s  total: 64.3s  (50/100)
[2026-04-21 03:24:34] qwen3_14b_nothink_explicit_update cases_003  steps  51- 59: 13.4s  total: 77.7s  (60/100)
[2026-04-21 03:24:48] qwen3_14b_nothink_explicit_update cases_003  steps  61- 69: 13.4s  total: 91.1s  (70/100)
[2026-04-21 03:25:01] qwen3_14b_nothink_explicit_update cases_003  steps  71- 79: 13.5s  total: 104.6s  (80/100)
[2026-04-21 03:25:15] qwen3_14b_nothink_explicit_update cases_003  steps  81- 89: 13.7s  total: 118.3s  (90/100)
[2026-04-21 03:25:29] qwen3_14b_nothink_explicit_update cases_003  steps  91- 99: 13.8s  total: 132.1s  (100/100)
[2026-04-21 03:25:30] DONE qwen3_14b_nothink_explicit_update cases_003  total: 132.9s  (1.33s/step)
[2026-04-21 03:25:30]   tokens: 459,076 in + 4,981 out (reasoning: 0)  cost: $0.0000
[2026-04-21 03:25:30] START qwen3_14b_nothink_explicit_update cases_004 (100 steps)
[2026-04-21 03:25:42] qwen3_14b_nothink_explicit_update cases_004  steps   1-  9: 12.5s  total: 12.5s  (10/100)
[2026-04-21 03:25:55] qwen3_14b_nothink_explicit_update cases_004  steps  11- 19: 12.7s  total: 25.2s  (20/100)
[2026-04-21 03:26:08] qwen3_14b_nothink_explicit_update cases_004  steps  21- 29: 13.0s  total: 38.2s  (30/100)
[2026-04-21 03:26:21] qwen3_14b_nothink_explicit_update cases_004  steps  31- 39: 13.1s  total: 51.2s  (40/100)
[2026-04-21 03:26:34] qwen3_14b_nothink_explicit_update cases_004  steps  41- 49: 13.2s  total: 64.4s  (50/100)
[2026-04-21 03:26:48] qwen3_14b_nothink_explicit_update cases_004  steps  51- 59: 13.3s  total: 77.7s  (60/100)
[2026-04-21 03:27:01] qwen3_14b_nothink_explicit_update cases_004  steps  61- 69: 13.4s  total: 91.1s  (70/100)
[2026-04-21 03:27:15] qwen3_14b_nothink_explicit_update cases_004  steps  71- 79: 13.6s  total: 104.7s  (80/100)
[2026-04-21 03:27:28] qwen3_14b_nothink_explicit_update cases_004  steps  81- 89: 13.7s  total: 118.4s  (90/100)
[2026-04-21 03:27:42] qwen3_14b_nothink_explicit_update cases_004  steps  91- 99: 13.8s  total: 132.1s  (100/100)
[2026-04-21 03:27:43] DONE qwen3_14b_nothink_explicit_update cases_004  total: 133.0s  (1.33s/step)
[2026-04-21 03:27:43]   tokens: 459,359 in + 4,984 out (reasoning: 0)  cost: $0.0000
[2026-04-21 03:27:43] START qwen3_14b_nothink_explicit_update cases_005 (100 steps)
[2026-04-21 03:27:56] qwen3_14b_nothink_explicit_update cases_005  steps   1-  9: 12.5s  total: 12.5s  (10/100)
[2026-04-21 03:28:09] qwen3_14b_nothink_explicit_update cases_005  steps  11- 19: 12.6s  total: 25.2s  (20/100)
[2026-04-21 03:28:21] qwen3_14b_nothink_explicit_update cases_005  steps  21- 29: 12.9s  total: 38.0s  (30/100)
[2026-04-21 03:28:34] qwen3_14b_nothink_explicit_update cases_005  steps  31- 39: 13.1s  total: 51.1s  (40/100)
[2026-04-21 03:28:48] qwen3_14b_nothink_explicit_update cases_005  steps  41- 49: 13.1s  total: 64.3s  (50/100)
[2026-04-21 03:29:01] qwen3_14b_nothink_explicit_update cases_005  steps  51- 59: 13.3s  total: 77.6s  (60/100)
[2026-04-21 03:29:14] qwen3_14b_nothink_explicit_update cases_005  steps  61- 69: 13.4s  total: 91.0s  (70/100)
[2026-04-21 03:29:28] qwen3_14b_nothink_explicit_update cases_005  steps  71- 79: 13.5s  total: 104.5s  (80/100)
[2026-04-21 03:29:42] qwen3_14b_nothink_explicit_update cases_005  steps  81- 89: 13.8s  total: 118.3s  (90/100)
[2026-04-21 03:29:55] qwen3_14b_nothink_explicit_update cases_005  steps  91- 99: 13.8s  total: 132.1s  (100/100)
[2026-04-21 03:29:57] DONE qwen3_14b_nothink_explicit_update cases_005  total: 132.9s  (1.33s/step)
[2026-04-21 03:29:57]   tokens: 459,047 in + 4,979 out (reasoning: 0)  cost: $0.0000
[2026-04-21 03:29:57] START qwen3_14b_nothink_explicit_update cases_006 (100 steps)
[2026-04-21 03:30:09] qwen3_14b_nothink_explicit_update cases_006  steps   1-  9: 12.6s  total: 12.6s  (10/100)
[2026-04-21 03:30:22] qwen3_14b_nothink_explicit_update cases_006  steps  11- 19: 12.7s  total: 25.3s  (20/100)
[2026-04-21 03:30:35] qwen3_14b_nothink_explicit_update cases_006  steps  21- 29: 12.9s  total: 38.1s  (30/100)
[2026-04-21 03:30:48] qwen3_14b_nothink_explicit_update cases_006  steps  31- 39: 13.0s  total: 51.1s  (40/100)
[2026-04-21 03:31:01] qwen3_14b_nothink_explicit_update cases_006  steps  41- 49: 13.1s  total: 64.2s  (50/100)
[2026-04-21 03:31:14] qwen3_14b_nothink_explicit_update cases_006  steps  51- 59: 13.2s  total: 77.5s  (60/100)
[2026-04-21 03:31:28] qwen3_14b_nothink_explicit_update cases_006  steps  61- 69: 13.4s  total: 90.8s  (70/100)
[2026-04-21 03:31:41] qwen3_14b_nothink_explicit_update cases_006  steps  71- 79: 13.5s  total: 104.3s  (80/100)
[2026-04-21 03:31:55] qwen3_14b_nothink_explicit_update cases_006  steps  81- 89: 13.7s  total: 118.0s  (90/100)
[2026-04-21 03:32:09] qwen3_14b_nothink_explicit_update cases_006  steps  91- 99: 13.8s  total: 131.8s  (100/100)
[2026-04-21 03:32:10] DONE qwen3_14b_nothink_explicit_update cases_006  total: 132.7s  (1.33s/step)
[2026-04-21 03:32:10]   tokens: 458,911 in + 4,974 out (reasoning: 0)  cost: $0.0000
[2026-04-21 03:32:10] START qwen3_14b_nothink_explicit_update cases_007 (100 steps)
[2026-04-21 03:32:22] qwen3_14b_nothink_explicit_update cases_007  steps   1-  9: 12.5s  total: 12.5s  (10/100)
[2026-04-21 03:32:35] qwen3_14b_nothink_explicit_update cases_007  steps  11- 19: 12.7s  total: 25.2s  (20/100)
[2026-04-21 03:32:48] qwen3_14b_nothink_explicit_update cases_007  steps  21- 29: 12.9s  total: 38.1s  (30/100)
[2026-04-21 03:33:01] qwen3_14b_nothink_explicit_update cases_007  steps  31- 39: 13.1s  total: 51.2s  (40/100)
[2026-04-21 03:33:14] qwen3_14b_nothink_explicit_update cases_007  steps  41- 49: 13.2s  total: 64.3s  (50/100)
[2026-04-21 03:33:28] qwen3_14b_nothink_explicit_update cases_007  steps  51- 59: 13.3s  total: 77.6s  (60/100)
[2026-04-21 03:33:41] qwen3_14b_nothink_explicit_update cases_007  steps  61- 69: 13.4s  total: 91.0s  (70/100)
[2026-04-21 03:33:54] qwen3_14b_nothink_explicit_update cases_007  steps  71- 79: 13.4s  total: 104.4s  (80/100)
[2026-04-21 03:34:08] qwen3_14b_nothink_explicit_update cases_007  steps  81- 89: 13.7s  total: 118.1s  (90/100)
[2026-04-21 03:34:22] qwen3_14b_nothink_explicit_update cases_007  steps  91- 99: 13.8s  total: 132.0s  (100/100)
[2026-04-21 03:34:23] DONE qwen3_14b_nothink_explicit_update cases_007  total: 132.8s  (1.33s/step)
[2026-04-21 03:34:23]   tokens: 458,951 in + 4,974 out (reasoning: 0)  cost: $0.0000
[2026-04-21 03:34:23] START qwen3_14b_nothink_explicit_update cases_008 (100 steps)
[2026-04-21 03:34:36] qwen3_14b_nothink_explicit_update cases_008  steps   1-  9: 12.5s  total: 12.5s  (10/100)
[2026-04-21 03:34:48] qwen3_14b_nothink_explicit_update cases_008  steps  11- 19: 12.7s  total: 25.3s  (20/100)
[2026-04-21 03:35:01] qwen3_14b_nothink_explicit_update cases_008  steps  21- 29: 12.9s  total: 38.2s  (30/100)
[2026-04-21 03:35:14] qwen3_14b_nothink_explicit_update cases_008  steps  31- 39: 13.0s  total: 51.2s  (40/100)
[2026-04-21 03:35:28] qwen3_14b_nothink_explicit_update cases_008  steps  41- 49: 13.2s  total: 64.3s  (50/100)
[2026-04-21 03:35:41] qwen3_14b_nothink_explicit_update cases_008  steps  51- 59: 13.3s  total: 77.7s  (60/100)
[2026-04-21 03:35:54] qwen3_14b_nothink_explicit_update cases_008  steps  61- 69: 13.4s  total: 91.1s  (70/100)
[2026-04-21 03:36:08] qwen3_14b_nothink_explicit_update cases_008  steps  71- 79: 13.5s  total: 104.6s  (80/100)
[2026-04-21 03:36:21] qwen3_14b_nothink_explicit_update cases_008  steps  81- 89: 13.7s  total: 118.3s  (90/100)
[2026-04-21 03:36:35] qwen3_14b_nothink_explicit_update cases_008  steps  91- 99: 13.8s  total: 132.1s  (100/100)
[2026-04-21 03:36:37] DONE qwen3_14b_nothink_explicit_update cases_008  total: 132.9s  (1.33s/step)
[2026-04-21 03:36:37]   tokens: 459,424 in + 4,984 out (reasoning: 0)  cost: $0.0000
[2026-04-21 03:36:37] START qwen3_14b_nothink_explicit_update cases_009 (100 steps)
[2026-04-21 03:36:49] qwen3_14b_nothink_explicit_update cases_009  steps   1-  9: 12.5s  total: 12.5s  (10/100)
[2026-04-21 03:37:02] qwen3_14b_nothink_explicit_update cases_009  steps  11- 19: 12.7s  total: 25.2s  (20/100)
[2026-04-21 03:37:15] qwen3_14b_nothink_explicit_update cases_009  steps  21- 29: 12.9s  total: 38.1s  (30/100)
[2026-04-21 03:37:28] qwen3_14b_nothink_explicit_update cases_009  steps  31- 39: 13.1s  total: 51.1s  (40/100)
[2026-04-21 03:37:41] qwen3_14b_nothink_explicit_update cases_009  steps  41- 49: 13.1s  total: 64.2s  (50/100)
[2026-04-21 03:37:54] qwen3_14b_nothink_explicit_update cases_009  steps  51- 59: 13.2s  total: 77.5s  (60/100)
[2026-04-21 03:38:08] qwen3_14b_nothink_explicit_update cases_009  steps  61- 69: 13.5s  total: 91.0s  (70/100)
[2026-04-21 03:38:21] qwen3_14b_nothink_explicit_update cases_009  steps  71- 79: 13.5s  total: 104.5s  (80/100)
[2026-04-21 03:38:35] qwen3_14b_nothink_explicit_update cases_009  steps  81- 89: 13.7s  total: 118.2s  (90/100)
[2026-04-21 03:38:49] qwen3_14b_nothink_explicit_update cases_009  steps  91- 99: 13.8s  total: 132.0s  (100/100)
[2026-04-21 03:38:50] DONE qwen3_14b_nothink_explicit_update cases_009  total: 132.8s  (1.33s/step)
[2026-04-21 03:38:50]   tokens: 459,074 in + 4,978 out (reasoning: 0)  cost: $0.0000
[2026-04-21 03:38:50] START qwen3_14b_nothink_explicit_update cases_010 (100 steps)
[2026-04-21 03:39:02] qwen3_14b_nothink_explicit_update cases_010  steps   1-  9: 12.5s  total: 12.5s  (10/100)
[2026-04-21 03:39:15] qwen3_14b_nothink_explicit_update cases_010  steps  11- 19: 12.7s  total: 25.2s  (20/100)
[2026-04-21 03:39:28] qwen3_14b_nothink_explicit_update cases_010  steps  21- 29: 12.8s  total: 38.1s  (30/100)
[2026-04-21 03:39:41] qwen3_14b_nothink_explicit_update cases_010  steps  31- 39: 12.9s  total: 51.0s  (40/100)
[2026-04-21 03:39:54] qwen3_14b_nothink_explicit_update cases_010  steps  41- 49: 13.1s  total: 64.1s  (50/100)
[2026-04-21 03:40:07] qwen3_14b_nothink_explicit_update cases_010  steps  51- 59: 13.2s  total: 77.4s  (60/100)
[2026-04-21 03:40:21] qwen3_14b_nothink_explicit_update cases_010  steps  61- 69: 13.4s  total: 90.8s  (70/100)
[2026-04-21 03:40:34] qwen3_14b_nothink_explicit_update cases_010  steps  71- 79: 13.5s  total: 104.3s  (80/100)
[2026-04-21 03:40:48] qwen3_14b_nothink_explicit_update cases_010  steps  81- 89: 13.7s  total: 118.0s  (90/100)
[2026-04-21 03:41:02] qwen3_14b_nothink_explicit_update cases_010  steps  91- 99: 13.9s  total: 131.8s  (100/100)
[2026-04-21 03:41:03] DONE qwen3_14b_nothink_explicit_update cases_010  total: 132.7s  (1.33s/step)
[2026-04-21 03:41:03]   tokens: 458,523 in + 4,970 out (reasoning: 0)  cost: $0.0000
[2026-04-21 03:41:03] START qwen3_14b_nothink_explicit_update cases_011 (100 steps)
[2026-04-21 03:41:16] qwen3_14b_nothink_explicit_update cases_011  steps   1-  9: 12.5s  total: 12.5s  (10/100)
[2026-04-21 03:41:28] qwen3_14b_nothink_explicit_update cases_011  steps  11- 19: 12.7s  total: 25.2s  (20/100)
[2026-04-21 03:41:41] qwen3_14b_nothink_explicit_update cases_011  steps  21- 29: 12.9s  total: 38.1s  (30/100)
[2026-04-21 03:41:54] qwen3_14b_nothink_explicit_update cases_011  steps  31- 39: 13.0s  total: 51.2s  (40/100)
[2026-04-21 03:42:07] qwen3_14b_nothink_explicit_update cases_011  steps  41- 49: 13.1s  total: 64.3s  (50/100)
[2026-04-21 03:42:21] qwen3_14b_nothink_explicit_update cases_011  steps  51- 59: 13.3s  total: 77.6s  (60/100)
[2026-04-21 03:42:34] qwen3_14b_nothink_explicit_update cases_011  steps  61- 69: 13.4s  total: 91.0s  (70/100)
[2026-04-21 03:42:47] qwen3_14b_nothink_explicit_update cases_011  steps  71- 79: 13.4s  total: 104.5s  (80/100)
[2026-04-21 03:43:01] qwen3_14b_nothink_explicit_update cases_011  steps  81- 89: 13.7s  total: 118.1s  (90/100)
[2026-04-21 03:43:15] qwen3_14b_nothink_explicit_update cases_011  steps  91- 99: 13.8s  total: 132.0s  (100/100)
[2026-04-21 03:43:16] DONE qwen3_14b_nothink_explicit_update cases_011  total: 132.8s  (1.33s/step)
[2026-04-21 03:43:16]   tokens: 458,956 in + 4,975 out (reasoning: 0)  cost: $0.0000
[2026-04-21 03:43:16] START qwen3_14b_nothink_explicit_update cases_012 (100 steps)
[2026-04-21 03:43:29] qwen3_14b_nothink_explicit_update cases_012  steps   1-  9: 12.6s  total: 12.6s  (10/100)
[2026-04-21 03:43:42] qwen3_14b_nothink_explicit_update cases_012  steps  11- 19: 12.7s  total: 25.2s  (20/100)
[2026-04-21 03:43:54] qwen3_14b_nothink_explicit_update cases_012  steps  21- 29: 12.9s  total: 38.2s  (30/100)
[2026-04-21 03:44:08] qwen3_14b_nothink_explicit_update cases_012  steps  31- 39: 13.0s  total: 51.2s  (40/100)
[2026-04-21 03:44:21] qwen3_14b_nothink_explicit_update cases_012  steps  41- 49: 13.3s  total: 64.5s  (50/100)
[2026-04-21 03:44:34] qwen3_14b_nothink_explicit_update cases_012  steps  51- 59: 13.3s  total: 77.8s  (60/100)
[2026-04-21 03:44:48] qwen3_14b_nothink_explicit_update cases_012  steps  61- 69: 13.4s  total: 91.2s  (70/100)
[2026-04-21 03:45:01] qwen3_14b_nothink_explicit_update cases_012  steps  71- 79: 13.6s  total: 104.8s  (80/100)
[2026-04-21 03:45:15] qwen3_14b_nothink_explicit_update cases_012  steps  81- 89: 13.6s  total: 118.3s  (90/100)
[2026-04-21 03:45:29] qwen3_14b_nothink_explicit_update cases_012  steps  91- 99: 13.9s  total: 132.2s  (100/100)
[2026-04-21 03:45:30] DONE qwen3_14b_nothink_explicit_update cases_012  total: 133.0s  (1.33s/step)
[2026-04-21 03:45:30]   tokens: 459,433 in + 4,985 out (reasoning: 0)  cost: $0.0000
[2026-04-21 03:45:30] START qwen3_14b_nothink_explicit_update cases_013 (100 steps)
[2026-04-21 03:45:42] qwen3_14b_nothink_explicit_update cases_013  steps   1-  9: 12.6s  total: 12.6s  (10/100)
[2026-04-21 03:45:55] qwen3_14b_nothink_explicit_update cases_013  steps  11- 19: 12.8s  total: 25.4s  (20/100)
[2026-04-21 03:46:08] qwen3_14b_nothink_explicit_update cases_013  steps  21- 29: 12.9s  total: 38.3s  (30/100)
[2026-04-21 03:46:21] qwen3_14b_nothink_explicit_update cases_013  steps  31- 39: 13.0s  total: 51.3s  (40/100)
[2026-04-21 03:46:34] qwen3_14b_nothink_explicit_update cases_013  steps  41- 49: 13.1s  total: 64.4s  (50/100)
[2026-04-21 03:46:48] qwen3_14b_nothink_explicit_update cases_013  steps  51- 59: 13.4s  total: 77.8s  (60/100)
[2026-04-21 03:47:01] qwen3_14b_nothink_explicit_update cases_013  steps  61- 69: 13.4s  total: 91.1s  (70/100)
[2026-04-21 03:47:14] qwen3_14b_nothink_explicit_update cases_013  steps  71- 79: 13.5s  total: 104.6s  (80/100)
[2026-04-21 03:47:28] qwen3_14b_nothink_explicit_update cases_013  steps  81- 89: 13.6s  total: 118.2s  (90/100)
[2026-04-21 03:47:42] qwen3_14b_nothink_explicit_update cases_013  steps  91- 99: 13.8s  total: 132.0s  (100/100)
[2026-04-21 03:47:43] DONE qwen3_14b_nothink_explicit_update cases_013  total: 132.9s  (1.33s/step)
[2026-04-21 03:47:43]   tokens: 459,521 in + 4,980 out (reasoning: 0)  cost: $0.0000
[2026-04-21 03:47:43] START qwen3_14b_nothink_explicit_update cases_014 (100 steps)
[2026-04-21 03:47:56] qwen3_14b_nothink_explicit_update cases_014  steps   1-  9: 12.7s  total: 12.7s  (10/100)
[2026-04-21 03:48:09] qwen3_14b_nothink_explicit_update cases_014  steps  11- 19: 12.7s  total: 25.3s  (20/100)
[2026-04-21 03:48:21] qwen3_14b_nothink_explicit_update cases_014  steps  21- 29: 12.9s  total: 38.3s  (30/100)
[2026-04-21 03:48:35] qwen3_14b_nothink_explicit_update cases_014  steps  31- 39: 13.1s  total: 51.3s  (40/100)
[2026-04-21 03:48:48] qwen3_14b_nothink_explicit_update cases_014  steps  41- 49: 13.1s  total: 64.5s  (50/100)
[2026-04-21 03:49:01] qwen3_14b_nothink_explicit_update cases_014  steps  51- 59: 13.3s  total: 77.8s  (60/100)
[2026-04-21 03:49:14] qwen3_14b_nothink_explicit_update cases_014  steps  61- 69: 13.5s  total: 91.3s  (70/100)
[2026-04-21 03:49:28] qwen3_14b_nothink_explicit_update cases_014  steps  71- 79: 13.4s  total: 104.7s  (80/100)
[2026-04-21 03:49:42] qwen3_14b_nothink_explicit_update cases_014  steps  81- 89: 13.7s  total: 118.4s  (90/100)
[2026-04-21 03:49:55] qwen3_14b_nothink_explicit_update cases_014  steps  91- 99: 13.8s  total: 132.2s  (100/100)
[2026-04-21 03:49:57] DONE qwen3_14b_nothink_explicit_update cases_014  total: 133.0s  (1.33s/step)
[2026-04-21 03:49:57]   tokens: 459,370 in + 4,981 out (reasoning: 0)  cost: $0.0000
[2026-04-21 03:49:57] START qwen3_14b_nothink_explicit_update cases_015 (100 steps)
[2026-04-21 03:50:09] qwen3_14b_nothink_explicit_update cases_015  steps   1-  9: 12.5s  total: 12.5s  (10/100)
[2026-04-21 03:50:22] qwen3_14b_nothink_explicit_update cases_015  steps  11- 19: 12.7s  total: 25.1s  (20/100)
[2026-04-21 03:50:35] qwen3_14b_nothink_explicit_update cases_015  steps  21- 29: 12.9s  total: 38.1s  (30/100)
[2026-04-21 03:50:48] qwen3_14b_nothink_explicit_update cases_015  steps  31- 39: 13.1s  total: 51.1s  (40/100)
[2026-04-21 03:51:01] qwen3_14b_nothink_explicit_update cases_015  steps  41- 49: 13.1s  total: 64.2s  (50/100)
[2026-04-21 03:51:14] qwen3_14b_nothink_explicit_update cases_015  steps  51- 59: 13.3s  total: 77.5s  (60/100)
[2026-04-21 03:51:28] qwen3_14b_nothink_explicit_update cases_015  steps  61- 69: 13.3s  total: 90.9s  (70/100)
[2026-04-21 03:51:41] qwen3_14b_nothink_explicit_update cases_015  steps  71- 79: 13.5s  total: 104.4s  (80/100)
[2026-04-21 03:51:55] qwen3_14b_nothink_explicit_update cases_015  steps  81- 89: 13.7s  total: 118.1s  (90/100)
[2026-04-21 03:52:09] qwen3_14b_nothink_explicit_update cases_015  steps  91- 99: 13.8s  total: 131.9s  (100/100)
[2026-04-21 03:52:10] DONE qwen3_14b_nothink_explicit_update cases_015  total: 132.7s  (1.33s/step)
[2026-04-21 03:52:10]   tokens: 458,621 in + 4,969 out (reasoning: 0)  cost: $0.0000
[2026-04-21 03:52:10] START qwen3_14b_nothink_explicit_update cases_016 (100 steps)
[2026-04-21 03:52:22] qwen3_14b_nothink_explicit_update cases_016  steps   1-  9: 12.5s  total: 12.5s  (10/100)
[2026-04-21 03:52:35] qwen3_14b_nothink_explicit_update cases_016  steps  11- 19: 12.7s  total: 25.1s  (20/100)
[2026-04-21 03:52:48] qwen3_14b_nothink_explicit_update cases_016  steps  21- 29: 12.9s  total: 38.1s  (30/100)
[2026-04-21 03:53:01] qwen3_14b_nothink_explicit_update cases_016  steps  31- 39: 13.0s  total: 51.1s  (40/100)
[2026-04-21 03:53:14] qwen3_14b_nothink_explicit_update cases_016  steps  41- 49: 13.1s  total: 64.2s  (50/100)
[2026-04-21 03:53:27] qwen3_14b_nothink_explicit_update cases_016  steps  51- 59: 13.2s  total: 77.5s  (60/100)
[2026-04-21 03:53:41] qwen3_14b_nothink_explicit_update cases_016  steps  61- 69: 13.4s  total: 90.9s  (70/100)
[2026-04-21 03:53:54] qwen3_14b_nothink_explicit_update cases_016  steps  71- 79: 13.5s  total: 104.4s  (80/100)
[2026-04-21 03:54:08] qwen3_14b_nothink_explicit_update cases_016  steps  81- 89: 13.6s  total: 118.0s  (90/100)
[2026-04-21 03:54:22] qwen3_14b_nothink_explicit_update cases_016  steps  91- 99: 13.9s  total: 131.9s  (100/100)
[2026-04-21 03:54:23] DONE qwen3_14b_nothink_explicit_update cases_016  total: 132.7s  (1.33s/step)
[2026-04-21 03:54:23]   tokens: 459,015 in + 4,976 out (reasoning: 0)  cost: $0.0000
[2026-04-21 03:54:23] START qwen3_14b_nothink_explicit_update cases_017 (100 steps)
[2026-04-21 03:54:35] qwen3_14b_nothink_explicit_update cases_017  steps   1-  9: 12.4s  total: 12.4s  (10/100)
[2026-04-21 03:54:48] qwen3_14b_nothink_explicit_update cases_017  steps  11- 19: 12.7s  total: 25.1s  (20/100)
[2026-04-21 03:55:01] qwen3_14b_nothink_explicit_update cases_017  steps  21- 29: 12.9s  total: 38.1s  (30/100)
[2026-04-21 03:55:14] qwen3_14b_nothink_explicit_update cases_017  steps  31- 39: 13.1s  total: 51.1s  (40/100)
[2026-04-21 03:55:27] qwen3_14b_nothink_explicit_update cases_017  steps  41- 49: 13.2s  total: 64.3s  (50/100)
[2026-04-21 03:55:41] qwen3_14b_nothink_explicit_update cases_017  steps  51- 59: 13.3s  total: 77.6s  (60/100)
[2026-04-21 03:55:54] qwen3_14b_nothink_explicit_update cases_017  steps  61- 69: 13.3s  total: 91.0s  (70/100)
[2026-04-21 03:56:07] qwen3_14b_nothink_explicit_update cases_017  steps  71- 79: 13.5s  total: 104.4s  (80/100)
[2026-04-21 03:56:21] qwen3_14b_nothink_explicit_update cases_017  steps  81- 89: 13.7s  total: 118.1s  (90/100)
[2026-04-21 03:56:35] qwen3_14b_nothink_explicit_update cases_017  steps  91- 99: 13.8s  total: 131.9s  (100/100)
[2026-04-21 03:56:36] DONE qwen3_14b_nothink_explicit_update cases_017  total: 132.7s  (1.33s/step)
[2026-04-21 03:56:36]   tokens: 459,021 in + 4,975 out (reasoning: 0)  cost: $0.0000
[2026-04-21 03:56:36] START qwen3_14b_nothink_explicit_update cases_018 (100 steps)
[2026-04-21 03:56:49] qwen3_14b_nothink_explicit_update cases_018  steps   1-  9: 12.5s  total: 12.5s  (10/100)
[2026-04-21 03:57:01] qwen3_14b_nothink_explicit_update cases_018  steps  11- 19: 12.7s  total: 25.2s  (20/100)
[2026-04-21 03:57:14] qwen3_14b_nothink_explicit_update cases_018  steps  21- 29: 12.9s  total: 38.1s  (30/100)
[2026-04-21 03:57:27] qwen3_14b_nothink_explicit_update cases_018  steps  31- 39: 13.0s  total: 51.1s  (40/100)
[2026-04-21 03:57:40] qwen3_14b_nothink_explicit_update cases_018  steps  41- 49: 13.1s  total: 64.3s  (50/100)
[2026-04-21 03:57:54] qwen3_14b_nothink_explicit_update cases_018  steps  51- 59: 13.3s  total: 77.6s  (60/100)
[2026-04-21 03:58:07] qwen3_14b_nothink_explicit_update cases_018  steps  61- 69: 13.4s  total: 91.0s  (70/100)
[2026-04-21 03:58:21] qwen3_14b_nothink_explicit_update cases_018  steps  71- 79: 13.5s  total: 104.5s  (80/100)
[2026-04-21 03:58:34] qwen3_14b_nothink_explicit_update cases_018  steps  81- 89: 13.6s  total: 118.1s  (90/100)
[2026-04-21 03:58:48] qwen3_14b_nothink_explicit_update cases_018  steps  91- 99: 13.7s  total: 131.8s  (100/100)
[2026-04-21 03:58:49] DONE qwen3_14b_nothink_explicit_update cases_018  total: 132.6s  (1.33s/step)
[2026-04-21 03:58:49]   tokens: 459,089 in + 4,970 out (reasoning: 0)  cost: $0.0000
[2026-04-21 03:58:49] START qwen3_14b_nothink_explicit_update cases_019 (100 steps)
[2026-04-21 03:59:02] qwen3_14b_nothink_explicit_update cases_019  steps   1-  9: 12.6s  total: 12.6s  (10/100)
[2026-04-21 03:59:14] qwen3_14b_nothink_explicit_update cases_019  steps  11- 19: 12.6s  total: 25.2s  (20/100)
[2026-04-21 03:59:27] qwen3_14b_nothink_explicit_update cases_019  steps  21- 29: 13.0s  total: 38.2s  (30/100)
[2026-04-21 03:59:40] qwen3_14b_nothink_explicit_update cases_019  steps  31- 39: 13.0s  total: 51.2s  (40/100)
[2026-04-21 03:59:54] qwen3_14b_nothink_explicit_update cases_019  steps  41- 49: 13.1s  total: 64.3s  (50/100)
[2026-04-21 04:00:07] qwen3_14b_nothink_explicit_update cases_019  steps  51- 59: 13.3s  total: 77.6s  (60/100)
[2026-04-21 04:00:20] qwen3_14b_nothink_explicit_update cases_019  steps  61- 69: 13.4s  total: 91.0s  (70/100)
[2026-04-21 04:00:34] qwen3_14b_nothink_explicit_update cases_019  steps  71- 79: 13.4s  total: 104.4s  (80/100)
[2026-04-21 04:00:47] qwen3_14b_nothink_explicit_update cases_019  steps  81- 89: 13.7s  total: 118.1s  (90/100)
[2026-04-21 04:01:01] qwen3_14b_nothink_explicit_update cases_019  steps  91- 99: 13.8s  total: 132.0s  (100/100)
[2026-04-21 04:01:03] DONE qwen3_14b_nothink_explicit_update cases_019  total: 132.9s  (1.33s/step)
[2026-04-21 04:01:03]   tokens: 459,265 in + 4,981 out (reasoning: 0)  cost: $0.0000
[2026-04-21 04:01:03] START qwen3_14b_think1024_online cases_000 (100 steps)
[2026-04-21 04:04:44] qwen3_14b_think1024_online cases_000  steps   1-  9: 220.5s  total: 220.5s  (10/100)
[2026-04-21 04:08:42] qwen3_14b_think1024_online cases_000  steps  11- 19: 238.1s  total: 458.7s  (20/100)
[2026-04-21 04:12:59] qwen3_14b_think1024_online cases_000  steps  21- 29: 257.0s  total: 715.7s  (30/100)
[2026-04-21 04:17:16] qwen3_14b_think1024_online cases_000  steps  31- 39: 256.6s  total: 972.3s  (40/100)
[2026-04-21 04:21:16] qwen3_14b_think1024_online cases_000  steps  41- 49: 240.6s  total: 1212.9s  (50/100)
[2026-04-21 04:25:27] qwen3_14b_think1024_online cases_000  steps  51- 59: 250.4s  total: 1463.4s  (60/100)
[2026-04-21 04:29:44] qwen3_14b_think1024_online cases_000  steps  61- 69: 257.4s  total: 1720.8s  (70/100)
[2026-04-21 04:33:32] qwen3_14b_think1024_online cases_000  steps  71- 79: 227.6s  total: 1948.4s  (80/100)
[2026-04-21 04:37:55] qwen3_14b_think1024_online cases_000  steps  81- 89: 263.0s  total: 2211.5s  (90/100)
[2026-04-21 04:41:46] qwen3_14b_think1024_online cases_000  steps  91- 99: 231.4s  total: 2442.8s  (100/100)
[2026-04-21 04:41:47] DONE qwen3_14b_think1024_online cases_000  total: 2442.8s  (24.43s/step)
[2026-04-21 04:41:47]   tokens: 221,645 in + 97,228 out (reasoning: 0)  cost: $0.0000
[2026-04-21 04:41:47] START qwen3_14b_think1024_online cases_001 (100 steps)
[2026-04-21 04:45:48] qwen3_14b_think1024_online cases_001  steps   1-  9: 240.6s  total: 240.6s  (10/100)
[2026-04-21 04:50:04] qwen3_14b_think1024_online cases_001  steps  11- 19: 256.0s  total: 496.5s  (20/100)
[2026-04-21 04:54:20] qwen3_14b_think1024_online cases_001  steps  21- 29: 256.7s  total: 753.3s  (30/100)
[2026-04-21 04:58:28] qwen3_14b_think1024_online cases_001  steps  31- 39: 248.0s  total: 1001.2s  (40/100)
[2026-04-21 05:02:43] qwen3_14b_think1024_online cases_001  steps  41- 49: 254.1s  total: 1255.4s  (50/100)
[2026-04-21 05:06:39] qwen3_14b_think1024_online cases_001  steps  51- 59: 236.5s  total: 1491.9s  (60/100)
[2026-04-21 05:10:58] qwen3_14b_think1024_online cases_001  steps  61- 69: 259.2s  total: 1751.0s  (70/100)
[2026-04-21 05:15:07] qwen3_14b_think1024_online cases_001  steps  71- 79: 249.2s  total: 2000.2s  (80/100)
[2026-04-21 05:19:06] qwen3_14b_think1024_online cases_001  steps  81- 89: 238.2s  total: 2238.4s  (90/100)
[2026-04-21 05:23:14] qwen3_14b_think1024_online cases_001  steps  91- 99: 248.4s  total: 2486.8s  (100/100)
[2026-04-21 05:23:14] DONE qwen3_14b_think1024_online cases_001  total: 2486.8s  (24.87s/step)
[2026-04-21 05:23:14]   tokens: 221,645 in + 99,077 out (reasoning: 0)  cost: $0.0000
[2026-04-21 05:23:14] START qwen3_14b_think1024_online cases_002 (100 steps)
[2026-04-21 05:27:19] qwen3_14b_think1024_online cases_002  steps   1-  9: 244.3s  total: 244.3s  (10/100)
[2026-04-21 05:31:34] qwen3_14b_think1024_online cases_002  steps  11- 19: 255.7s  total: 500.0s  (20/100)
[2026-04-21 05:35:51] qwen3_14b_think1024_online cases_002  steps  21- 29: 256.7s  total: 756.7s  (30/100)
[2026-04-21 05:40:03] qwen3_14b_think1024_online cases_002  steps  31- 39: 251.6s  total: 1008.4s  (40/100)
[2026-04-21 05:43:41] qwen3_14b_think1024_online cases_002  steps  41- 49: 217.9s  total: 1226.3s  (50/100)
[2026-04-21 05:47:39] qwen3_14b_think1024_online cases_002  steps  51- 59: 237.8s  total: 1464.1s  (60/100)
[2026-04-21 05:51:34] qwen3_14b_think1024_online cases_002  steps  61- 69: 235.3s  total: 1699.4s  (70/100)
[2026-04-21 05:55:22] qwen3_14b_think1024_online cases_002  steps  71- 79: 227.9s  total: 1927.3s  (80/100)
[2026-04-21 05:59:29] qwen3_14b_think1024_online cases_002  steps  81- 89: 247.2s  total: 2174.5s  (90/100)
[2026-04-21 06:03:19] qwen3_14b_think1024_online cases_002  steps  91- 99: 229.8s  total: 2404.3s  (100/100)
[2026-04-21 06:03:19] DONE qwen3_14b_think1024_online cases_002  total: 2404.3s  (24.04s/step)
[2026-04-21 06:03:19]   tokens: 221,645 in + 95,843 out (reasoning: 0)  cost: $0.0000
[2026-04-21 06:03:19] START qwen3_14b_think1024_online cases_003 (100 steps)
[2026-04-21 06:07:00] qwen3_14b_think1024_online cases_003  steps   1-  9: 220.4s  total: 220.4s  (10/100)
[2026-04-21 06:11:15] qwen3_14b_think1024_online cases_003  steps  11- 19: 255.8s  total: 476.2s  (20/100)
[2026-04-21 06:15:33] qwen3_14b_think1024_online cases_003  steps  21- 29: 257.1s  total: 733.3s  (30/100)
[2026-04-21 06:19:51] qwen3_14b_think1024_online cases_003  steps  31- 39: 258.5s  total: 991.8s  (40/100)
[2026-04-21 06:23:55] qwen3_14b_think1024_online cases_003  steps  41- 49: 244.4s  total: 1236.1s  (50/100)
[2026-04-21 06:28:16] qwen3_14b_think1024_online cases_003  steps  51- 59: 260.6s  total: 1496.8s  (60/100)
[2026-04-21 06:32:34] qwen3_14b_think1024_online cases_003  steps  61- 69: 257.6s  total: 1754.3s  (70/100)
[2026-04-21 06:36:40] qwen3_14b_think1024_online cases_003  steps  71- 79: 246.0s  total: 2000.3s  (80/100)
[2026-04-21 06:40:38] qwen3_14b_think1024_online cases_003  steps  81- 89: 238.5s  total: 2238.8s  (90/100)
[2026-04-21 06:45:02] qwen3_14b_think1024_online cases_003  steps  91- 99: 263.8s  total: 2502.6s  (100/100)
[2026-04-21 06:45:02] DONE qwen3_14b_think1024_online cases_003  total: 2502.6s  (25.03s/step)
[2026-04-21 06:45:02]   tokens: 221,645 in + 99,625 out (reasoning: 0)  cost: $0.0000
[2026-04-21 06:45:02] START qwen3_14b_think1024_online cases_004 (100 steps)
[2026-04-21 06:48:35] qwen3_14b_think1024_online cases_004  steps   1-  9: 212.3s  total: 212.3s  (10/100)
[2026-04-21 06:52:18] qwen3_14b_think1024_online cases_004  steps  11- 19: 223.0s  total: 435.3s  (20/100)
[2026-04-21 06:55:49] qwen3_14b_think1024_online cases_004  steps  21- 29: 211.4s  total: 646.6s  (30/100)
[2026-04-21 06:59:57] qwen3_14b_think1024_online cases_004  steps  31- 39: 247.8s  total: 894.5s  (40/100)
[2026-04-21 07:04:16] qwen3_14b_think1024_online cases_004  steps  41- 49: 259.7s  total: 1154.1s  (50/100)
[2026-04-21 07:08:23] qwen3_14b_think1024_online cases_004  steps  51- 59: 246.8s  total: 1400.9s  (60/100)
[2026-04-21 07:12:28] qwen3_14b_think1024_online cases_004  steps  61- 69: 244.6s  total: 1645.5s  (70/100)
[2026-04-21 07:15:56] qwen3_14b_think1024_online cases_004  steps  71- 79: 207.8s  total: 1853.3s  (80/100)
[2026-04-21 07:19:27] qwen3_14b_think1024_online cases_004  steps  81- 89: 211.5s  total: 2064.9s  (90/100)
[2026-04-21 07:23:09] qwen3_14b_think1024_online cases_004  steps  91- 99: 222.1s  total: 2287.0s  (100/100)
[2026-04-21 07:23:10] DONE qwen3_14b_think1024_online cases_004  total: 2287.0s  (22.87s/step)
[2026-04-21 07:23:10]   tokens: 221,645 in + 91,085 out (reasoning: 0)  cost: $0.0000
[2026-04-21 07:23:10] START qwen3_14b_think1024_online cases_005 (100 steps)
[2026-04-21 07:26:04] qwen3_14b_think1024_online cases_005  steps   1-  9: 174.3s  total: 174.3s  (10/100)
[2026-04-21 07:29:49] qwen3_14b_think1024_online cases_005  steps  11- 19: 224.5s  total: 398.8s  (20/100)
[2026-04-21 07:33:54] qwen3_14b_think1024_online cases_005  steps  21- 29: 245.4s  total: 644.2s  (30/100)
[2026-04-21 07:37:42] qwen3_14b_think1024_online cases_005  steps  31- 39: 228.3s  total: 872.5s  (40/100)
[2026-04-21 07:41:20] qwen3_14b_think1024_online cases_005  steps  41- 49: 217.7s  total: 1090.3s  (50/100)
[2026-04-21 07:45:29] qwen3_14b_think1024_online cases_005  steps  51- 59: 248.4s  total: 1338.7s  (60/100)
[2026-04-21 07:49:40] qwen3_14b_think1024_online cases_005  steps  61- 69: 251.3s  total: 1590.0s  (70/100)
[2026-04-21 07:53:28] qwen3_14b_think1024_online cases_005  steps  71- 79: 228.1s  total: 1818.1s  (80/100)
[2026-04-21 07:57:03] qwen3_14b_think1024_online cases_005  steps  81- 89: 215.5s  total: 2033.6s  (90/100)
[2026-04-21 08:00:13] qwen3_14b_think1024_online cases_005  steps  91- 99: 189.5s  total: 2223.1s  (100/100)
[2026-04-21 08:00:13] DONE qwen3_14b_think1024_online cases_005  total: 2223.1s  (22.23s/step)
[2026-04-21 08:00:13]   tokens: 221,645 in + 88,522 out (reasoning: 0)  cost: $0.0000
[2026-04-21 08:00:13] START qwen3_14b_think1024_online cases_006 (100 steps)
[2026-04-21 08:03:16] qwen3_14b_think1024_online cases_006  steps   1-  9: 182.8s  total: 182.8s  (10/100)
[2026-04-21 08:07:32] qwen3_14b_think1024_online cases_006  steps  11- 19: 255.9s  total: 438.7s  (20/100)
[2026-04-21 08:11:20] qwen3_14b_think1024_online cases_006  steps  21- 29: 228.1s  total: 666.8s  (30/100)
[2026-04-21 08:15:28] qwen3_14b_think1024_online cases_006  steps  31- 39: 248.0s  total: 914.8s  (40/100)
[2026-04-21 08:19:32] qwen3_14b_think1024_online cases_006  steps  41- 49: 244.2s  total: 1159.0s  (50/100)
[2026-04-21 08:23:18] qwen3_14b_think1024_online cases_006  steps  51- 59: 226.0s  total: 1385.0s  (60/100)
[2026-04-21 08:27:10] qwen3_14b_think1024_online cases_006  steps  61- 69: 231.3s  total: 1616.2s  (70/100)
[2026-04-21 08:31:15] qwen3_14b_think1024_online cases_006  steps  71- 79: 245.0s  total: 1861.2s  (80/100)
[2026-04-21 08:35:26] qwen3_14b_think1024_online cases_006  steps  81- 89: 251.1s  total: 2112.3s  (90/100)
[2026-04-21 08:39:24] qwen3_14b_think1024_online cases_006  steps  91- 99: 238.6s  total: 2350.9s  (100/100)
[2026-04-21 08:39:25] DONE qwen3_14b_think1024_online cases_006  total: 2350.9s  (23.51s/step)
[2026-04-21 08:39:25]   tokens: 221,645 in + 93,660 out (reasoning: 0)  cost: $0.0000
[2026-04-21 08:39:25] START qwen3_14b_think1024_online cases_007 (100 steps)
[2026-04-21 08:43:07] qwen3_14b_think1024_online cases_007  steps   1-  9: 222.3s  total: 222.3s  (10/100)
[2026-04-21 08:47:23] qwen3_14b_think1024_online cases_007  steps  11- 19: 255.6s  total: 477.9s  (20/100)
[2026-04-21 08:51:38] qwen3_14b_think1024_online cases_007  steps  21- 29: 254.9s  total: 732.9s  (30/100)
[2026-04-21 08:55:42] qwen3_14b_think1024_online cases_007  steps  31- 39: 244.8s  total: 977.7s  (40/100)
[2026-04-21 08:59:50] qwen3_14b_think1024_online cases_007  steps  41- 49: 247.8s  total: 1225.5s  (50/100)
[2026-04-21 09:03:42] qwen3_14b_think1024_online cases_007  steps  51- 59: 231.6s  total: 1457.0s  (60/100)
[2026-04-21 09:07:58] qwen3_14b_think1024_online cases_007  steps  61- 69: 256.4s  total: 1713.4s  (70/100)
[2026-04-21 09:11:38] qwen3_14b_think1024_online cases_007  steps  71- 79: 219.8s  total: 1933.2s  (80/100)
[2026-04-21 09:15:56] qwen3_14b_think1024_online cases_007  steps  81- 89: 257.8s  total: 2191.0s  (90/100)
[2026-04-21 09:19:05] qwen3_14b_think1024_online cases_007  steps  91- 99: 188.8s  total: 2379.8s  (100/100)
[2026-04-21 09:19:05] DONE qwen3_14b_think1024_online cases_007  total: 2379.8s  (23.80s/step)
[2026-04-21 09:19:05]   tokens: 221,645 in + 94,886 out (reasoning: 0)  cost: $0.0000
[2026-04-21 09:19:05] START qwen3_14b_think1024_online cases_008 (100 steps)
[2026-04-21 09:23:20] qwen3_14b_think1024_online cases_008  steps   1-  9: 255.1s  total: 255.1s  (10/100)
[2026-04-21 09:27:18] qwen3_14b_think1024_online cases_008  steps  11- 19: 238.4s  total: 493.4s  (20/100)
[2026-04-21 09:31:30] qwen3_14b_think1024_online cases_008  steps  21- 29: 251.8s  total: 745.2s  (30/100)
[2026-04-21 09:35:48] qwen3_14b_think1024_online cases_008  steps  31- 39: 258.1s  total: 1003.3s  (40/100)
[2026-04-21 09:39:53] qwen3_14b_think1024_online cases_008  steps  41- 49: 244.4s  total: 1247.7s  (50/100)
[2026-04-21 09:44:13] qwen3_14b_think1024_online cases_008  steps  51- 59: 259.7s  total: 1507.4s  (60/100)
[2026-04-21 09:48:13] qwen3_14b_think1024_online cases_008  steps  61- 69: 240.6s  total: 1748.1s  (70/100)
[2026-04-21 09:52:10] qwen3_14b_think1024_online cases_008  steps  71- 79: 236.8s  total: 1984.9s  (80/100)
[2026-04-21 09:56:00] qwen3_14b_think1024_online cases_008  steps  81- 89: 230.2s  total: 2215.1s  (90/100)
[2026-04-21 10:00:24] qwen3_14b_think1024_online cases_008  steps  91- 99: 263.7s  total: 2478.8s  (100/100)
[2026-04-21 10:00:24] DONE qwen3_14b_think1024_online cases_008  total: 2478.8s  (24.79s/step)
[2026-04-21 10:00:24]   tokens: 221,645 in + 98,804 out (reasoning: 0)  cost: $0.0000
[2026-04-21 10:00:24] START qwen3_14b_think1024_online cases_009 (100 steps)
[2026-04-21 10:03:58] qwen3_14b_think1024_online cases_009  steps   1-  9: 213.8s  total: 213.8s  (10/100)
[2026-04-21 10:08:04] qwen3_14b_think1024_online cases_009  steps  11- 19: 245.9s  total: 459.7s  (20/100)
[2026-04-21 10:12:21] qwen3_14b_think1024_online cases_009  steps  21- 29: 256.7s  total: 716.4s  (30/100)
[2026-04-21 10:16:39] qwen3_14b_think1024_online cases_009  steps  31- 39: 258.2s  total: 974.6s  (40/100)
[2026-04-21 10:20:59] qwen3_14b_think1024_online cases_009  steps  41- 49: 259.6s  total: 1234.2s  (50/100)
[2026-04-21 10:25:03] qwen3_14b_think1024_online cases_009  steps  51- 59: 244.8s  total: 1479.0s  (60/100)
[2026-04-21 10:28:42] qwen3_14b_think1024_online cases_009  steps  61- 69: 218.7s  total: 1697.8s  (70/100)
[2026-04-21 10:32:23] qwen3_14b_think1024_online cases_009  steps  71- 79: 221.3s  total: 1919.1s  (80/100)
[2026-04-21 10:35:55] qwen3_14b_think1024_online cases_009  steps  81- 89: 211.4s  total: 2130.5s  (90/100)
[2026-04-21 10:39:33] qwen3_14b_think1024_online cases_009  steps  91- 99: 217.8s  total: 2348.3s  (100/100)
[2026-04-21 10:39:33] DONE qwen3_14b_think1024_online cases_009  total: 2348.3s  (23.48s/step)
[2026-04-21 10:39:33]   tokens: 221,645 in + 93,574 out (reasoning: 0)  cost: $0.0000
[2026-04-21 10:39:33] START qwen3_14b_think1024_online cases_010 (100 steps)
[2026-04-21 10:43:21] qwen3_14b_think1024_online cases_010  steps   1-  9: 228.0s  total: 228.0s  (10/100)
[2026-04-21 10:47:24] qwen3_14b_think1024_online cases_010  steps  11- 19: 242.8s  total: 470.8s  (20/100)
[2026-04-21 10:51:41] qwen3_14b_think1024_online cases_010  steps  21- 29: 256.7s  total: 727.5s  (30/100)
[2026-04-21 10:55:42] qwen3_14b_think1024_online cases_010  steps  31- 39: 241.1s  total: 968.6s  (40/100)
[2026-04-21 10:59:45] qwen3_14b_think1024_online cases_010  steps  41- 49: 242.9s  total: 1211.5s  (50/100)
[2026-04-21 11:03:52] qwen3_14b_think1024_online cases_010  steps  51- 59: 247.3s  total: 1458.8s  (60/100)
[2026-04-21 11:08:03] qwen3_14b_think1024_online cases_010  steps  61- 69: 250.7s  total: 1709.6s  (70/100)
[2026-04-21 11:12:13] qwen3_14b_think1024_online cases_010  steps  71- 79: 250.4s  total: 1960.0s  (80/100)
[2026-04-21 11:16:20] qwen3_14b_think1024_online cases_010  steps  81- 89: 246.5s  total: 2206.5s  (90/100)
[2026-04-21 11:20:23] qwen3_14b_think1024_online cases_010  steps  91- 99: 243.8s  total: 2450.3s  (100/100)
[2026-04-21 11:20:24] DONE qwen3_14b_think1024_online cases_010  total: 2450.3s  (24.50s/step)
[2026-04-21 11:20:24]   tokens: 221,645 in + 97,641 out (reasoning: 0)  cost: $0.0000
[2026-04-21 11:20:24] START qwen3_14b_think1024_online cases_011 (100 steps)
[2026-04-21 11:24:29] qwen3_14b_think1024_online cases_011  steps   1-  9: 245.0s  total: 245.0s  (10/100)
[2026-04-21 11:28:45] qwen3_14b_think1024_online cases_011  steps  11- 19: 255.8s  total: 500.7s  (20/100)
[2026-04-21 11:33:02] qwen3_14b_think1024_online cases_011  steps  21- 29: 256.9s  total: 757.7s  (30/100)
[2026-04-21 11:37:20] qwen3_14b_think1024_online cases_011  steps  31- 39: 258.6s  total: 1016.2s  (40/100)
[2026-04-21 11:41:35] qwen3_14b_think1024_online cases_011  steps  41- 49: 254.7s  total: 1270.9s  (50/100)
[2026-04-21 11:45:51] qwen3_14b_think1024_online cases_011  steps  51- 59: 255.7s  total: 1526.6s  (60/100)
[2026-04-21 11:49:52] qwen3_14b_think1024_online cases_011  steps  61- 69: 241.7s  total: 1768.3s  (70/100)
[2026-04-21 11:54:08] qwen3_14b_think1024_online cases_011  steps  71- 79: 256.0s  total: 2024.3s  (80/100)
[2026-04-21 11:57:49] qwen3_14b_think1024_online cases_011  steps  81- 89: 220.4s  total: 2244.7s  (90/100)
[2026-04-21 12:02:13] qwen3_14b_think1024_online cases_011  steps  91- 99: 264.1s  total: 2508.7s  (100/100)
[2026-04-21 12:02:13] DONE qwen3_14b_think1024_online cases_011  total: 2508.7s  (25.09s/step)
[2026-04-21 12:02:13]   tokens: 221,645 in + 99,905 out (reasoning: 0)  cost: $0.0000
[2026-04-21 12:02:13] START qwen3_14b_think1024_online cases_012 (100 steps)
[2026-04-21 12:06:07] qwen3_14b_think1024_online cases_012  steps   1-  9: 233.5s  total: 233.5s  (10/100)
[2026-04-21 12:10:22] qwen3_14b_think1024_online cases_012  steps  11- 19: 255.9s  total: 489.4s  (20/100)
[2026-04-21 12:14:39] qwen3_14b_think1024_online cases_012  steps  21- 29: 256.8s  total: 746.1s  (30/100)
[2026-04-21 12:18:22] qwen3_14b_think1024_online cases_012  steps  31- 39: 222.9s  total: 969.0s  (40/100)
[2026-04-21 12:22:20] qwen3_14b_think1024_online cases_012  steps  41- 49: 238.0s  total: 1207.1s  (50/100)
[2026-04-21 12:26:27] qwen3_14b_think1024_online cases_012  steps  51- 59: 246.6s  total: 1453.7s  (60/100)
[2026-04-21 12:30:42] qwen3_14b_think1024_online cases_012  steps  61- 69: 255.3s  total: 1709.0s  (70/100)
[2026-04-21 12:34:47] qwen3_14b_think1024_online cases_012  steps  71- 79: 244.9s  total: 1953.9s  (80/100)
[2026-04-21 12:38:42] qwen3_14b_think1024_online cases_012  steps  81- 89: 235.5s  total: 2189.3s  (90/100)
[2026-04-21 12:43:03] qwen3_14b_think1024_online cases_012  steps  91- 99: 260.2s  total: 2449.5s  (100/100)
[2026-04-21 12:43:03] DONE qwen3_14b_think1024_online cases_012  total: 2449.5s  (24.50s/step)
[2026-04-21 12:43:03]   tokens: 221,645 in + 97,570 out (reasoning: 0)  cost: $0.0000
[2026-04-21 12:43:03] START qwen3_14b_think1024_online cases_013 (100 steps)
[2026-04-21 12:46:16] qwen3_14b_think1024_online cases_013  steps   1-  9: 193.4s  total: 193.4s  (10/100)
[2026-04-21 12:50:12] qwen3_14b_think1024_online cases_013  steps  11- 19: 236.0s  total: 429.3s  (20/100)
[2026-04-21 12:54:21] qwen3_14b_think1024_online cases_013  steps  21- 29: 249.0s  total: 678.4s  (30/100)
[2026-04-21 12:58:22] qwen3_14b_think1024_online cases_013  steps  31- 39: 240.4s  total: 918.8s  (40/100)
[2026-04-21 13:02:22] qwen3_14b_think1024_online cases_013  steps  41- 49: 240.5s  total: 1159.2s  (50/100)
[2026-04-21 13:06:30] qwen3_14b_think1024_online cases_013  steps  51- 59: 248.0s  total: 1407.3s  (60/100)
[2026-04-21 13:10:33] qwen3_14b_think1024_online cases_013  steps  61- 69: 242.6s  total: 1649.8s  (70/100)
[2026-04-21 13:14:44] qwen3_14b_think1024_online cases_013  steps  71- 79: 250.8s  total: 1900.6s  (80/100)
[2026-04-21 13:19:02] qwen3_14b_think1024_online cases_013  steps  81- 89: 258.8s  total: 2159.3s  (90/100)
[2026-04-21 13:23:05] qwen3_14b_think1024_online cases_013  steps  91- 99: 242.9s  total: 2402.3s  (100/100)
[2026-04-21 13:23:06] DONE qwen3_14b_think1024_online cases_013  total: 2402.3s  (24.02s/step)
[2026-04-21 13:23:06]   tokens: 221,645 in + 95,609 out (reasoning: 0)  cost: $0.0000
[2026-04-21 13:23:06] START qwen3_14b_think1024_online cases_014 (100 steps)
[2026-04-21 13:26:38] qwen3_14b_think1024_online cases_014  steps   1-  9: 211.7s  total: 211.7s  (10/100)
[2026-04-21 13:30:54] qwen3_14b_think1024_online cases_014  steps  11- 19: 256.1s  total: 467.8s  (20/100)
[2026-04-21 13:34:58] qwen3_14b_think1024_online cases_014  steps  21- 29: 244.7s  total: 712.5s  (30/100)
[2026-04-21 13:38:58] qwen3_14b_think1024_online cases_014  steps  31- 39: 239.9s  total: 952.4s  (40/100)
[2026-04-21 13:43:06] qwen3_14b_think1024_online cases_014  steps  41- 49: 248.0s  total: 1200.4s  (50/100)
[2026-04-21 13:47:07] qwen3_14b_think1024_online cases_014  steps  51- 59: 240.6s  total: 1440.9s  (60/100)
[2026-04-21 13:51:03] qwen3_14b_think1024_online cases_014  steps  61- 69: 235.9s  total: 1676.8s  (70/100)
[2026-04-21 13:55:08] qwen3_14b_think1024_online cases_014  steps  71- 79: 244.9s  total: 1921.8s  (80/100)
[2026-04-21 13:58:55] qwen3_14b_think1024_online cases_014  steps  81- 89: 227.8s  total: 2149.6s  (90/100)
[2026-04-21 14:02:39] qwen3_14b_think1024_online cases_014  steps  91- 99: 223.5s  total: 2373.2s  (100/100)
[2026-04-21 14:02:39] DONE qwen3_14b_think1024_online cases_014  total: 2373.2s  (23.73s/step)
[2026-04-21 14:02:39]   tokens: 221,645 in + 94,465 out (reasoning: 0)  cost: $0.0000
[2026-04-21 14:02:40] START qwen3_14b_think1024_online cases_015 (100 steps)
[2026-04-21 14:06:06] qwen3_14b_think1024_online cases_015  steps   1-  9: 206.6s  total: 206.6s  (10/100)
[2026-04-21 14:10:22] qwen3_14b_think1024_online cases_015  steps  11- 19: 255.8s  total: 462.4s  (20/100)
[2026-04-21 14:13:44] qwen3_14b_think1024_online cases_015  steps  21- 29: 201.8s  total: 664.2s  (30/100)
[2026-04-21 14:17:53] qwen3_14b_think1024_online cases_015  steps  31- 39: 248.8s  total: 913.0s  (40/100)
[2026-04-21 14:22:12] qwen3_14b_think1024_online cases_015  steps  41- 49: 259.4s  total: 1172.4s  (50/100)
[2026-04-21 14:26:05] qwen3_14b_think1024_online cases_015  steps  51- 59: 232.8s  total: 1405.2s  (60/100)
[2026-04-21 14:30:19] qwen3_14b_think1024_online cases_015  steps  61- 69: 254.4s  total: 1659.6s  (70/100)
[2026-04-21 14:34:33] qwen3_14b_think1024_online cases_015  steps  71- 79: 253.9s  total: 1913.5s  (80/100)
[2026-04-21 14:38:37] qwen3_14b_think1024_online cases_015  steps  81- 89: 244.4s  total: 2157.9s  (90/100)
[2026-04-21 14:42:22] qwen3_14b_think1024_online cases_015  steps  91- 99: 225.0s  total: 2382.9s  (100/100)
[2026-04-21 14:42:23] DONE qwen3_14b_think1024_online cases_015  total: 2382.9s  (23.83s/step)
[2026-04-21 14:42:23]   tokens: 221,645 in + 94,820 out (reasoning: 0)  cost: $0.0000
[2026-04-21 14:42:23] START qwen3_14b_think1024_online cases_016 (100 steps)
[2026-04-21 14:46:13] qwen3_14b_think1024_online cases_016  steps   1-  9: 229.6s  total: 229.6s  (10/100)
[2026-04-21 14:50:29] qwen3_14b_think1024_online cases_016  steps  11- 19: 256.5s  total: 486.1s  (20/100)
[2026-04-21 14:54:37] qwen3_14b_think1024_online cases_016  steps  21- 29: 247.5s  total: 733.6s  (30/100)
[2026-04-21 14:58:42] qwen3_14b_think1024_online cases_016  steps  31- 39: 245.8s  total: 979.4s  (40/100)
[2026-04-21 15:02:48] qwen3_14b_think1024_online cases_016  steps  41- 49: 245.7s  total: 1225.0s  (50/100)
[2026-04-21 15:06:53] qwen3_14b_think1024_online cases_016  steps  51- 59: 245.0s  total: 1470.0s  (60/100)
[2026-04-21 15:10:59] qwen3_14b_think1024_online cases_016  steps  61- 69: 245.7s  total: 1715.7s  (70/100)
[2026-04-21 15:15:13] qwen3_14b_think1024_online cases_016  steps  71- 79: 254.0s  total: 1969.7s  (80/100)
[2026-04-21 15:19:36] qwen3_14b_think1024_online cases_016  steps  81- 89: 262.9s  total: 2232.6s  (90/100)
[2026-04-21 15:23:00] qwen3_14b_think1024_online cases_016  steps  91- 99: 204.7s  total: 2437.2s  (100/100)
[2026-04-21 15:23:01] DONE qwen3_14b_think1024_online cases_016  total: 2437.2s  (24.37s/step)
[2026-04-21 15:23:01]   tokens: 221,645 in + 96,971 out (reasoning: 0)  cost: $0.0000
[2026-04-21 15:23:01] START qwen3_14b_think1024_online cases_017 (100 steps)
[2026-04-21 15:26:53] qwen3_14b_think1024_online cases_017  steps   1-  9: 232.8s  total: 232.8s  (10/100)
[2026-04-21 15:31:09] qwen3_14b_think1024_online cases_017  steps  11- 19: 255.1s  total: 487.9s  (20/100)
[2026-04-21 15:35:25] qwen3_14b_think1024_online cases_017  steps  21- 29: 256.6s  total: 744.6s  (30/100)
[2026-04-21 15:39:26] qwen3_14b_think1024_online cases_017  steps  31- 39: 240.9s  total: 985.5s  (40/100)
[2026-04-21 15:43:43] qwen3_14b_think1024_online cases_017  steps  41- 49: 257.2s  total: 1242.6s  (50/100)
[2026-04-21 15:48:01] qwen3_14b_think1024_online cases_017  steps  51- 59: 257.3s  total: 1499.9s  (60/100)
[2026-04-21 15:51:48] qwen3_14b_think1024_online cases_017  steps  61- 69: 227.1s  total: 1727.0s  (70/100)
[2026-04-21 15:56:09] qwen3_14b_think1024_online cases_017  steps  71- 79: 261.9s  total: 1988.9s  (80/100)
[2026-04-21 16:00:10] qwen3_14b_think1024_online cases_017  steps  81- 89: 240.9s  total: 2229.7s  (90/100)
[2026-04-21 16:04:13] qwen3_14b_think1024_online cases_017  steps  91- 99: 243.1s  total: 2472.8s  (100/100)
[2026-04-21 16:04:14] DONE qwen3_14b_think1024_online cases_017  total: 2472.8s  (24.73s/step)
[2026-04-21 16:04:14]   tokens: 221,645 in + 98,472 out (reasoning: 0)  cost: $0.0000
[2026-04-21 16:04:14] START qwen3_14b_think1024_online cases_018 (100 steps)
[2026-04-21 16:07:50] qwen3_14b_think1024_online cases_018  steps   1-  9: 216.5s  total: 216.5s  (10/100)
[2026-04-21 16:11:50] qwen3_14b_think1024_online cases_018  steps  11- 19: 240.0s  total: 456.4s  (20/100)
[2026-04-21 16:16:09] qwen3_14b_think1024_online cases_018  steps  21- 29: 258.2s  total: 714.7s  (30/100)
[2026-04-21 16:20:28] qwen3_14b_think1024_online cases_018  steps  31- 39: 259.8s  total: 974.5s  (40/100)
[2026-04-21 16:24:25] qwen3_14b_think1024_online cases_018  steps  41- 49: 236.7s  total: 1211.2s  (50/100)
[2026-04-21 16:28:35] qwen3_14b_think1024_online cases_018  steps  51- 59: 250.0s  total: 1461.2s  (60/100)
[2026-04-21 16:32:53] qwen3_14b_think1024_online cases_018  steps  61- 69: 257.4s  total: 1718.7s  (70/100)
[2026-04-21 16:37:13] qwen3_14b_think1024_online cases_018  steps  71- 79: 260.6s  total: 1979.3s  (80/100)
[2026-04-21 16:41:21] qwen3_14b_think1024_online cases_018  steps  81- 89: 247.8s  total: 2227.1s  (90/100)
[2026-04-21 16:45:07] qwen3_14b_think1024_online cases_018  steps  91- 99: 225.8s  total: 2452.9s  (100/100)
[2026-04-21 16:45:07] DONE qwen3_14b_think1024_online cases_018  total: 2452.9s  (24.53s/step)
[2026-04-21 16:45:07]   tokens: 235,925 in + 97,494 out (reasoning: 0)  cost: $0.0000
[2026-04-21 16:45:07] START qwen3_14b_think1024_online cases_019 (100 steps)
[2026-04-21 16:48:53] qwen3_14b_think1024_online cases_019  steps   1-  9: 225.5s  total: 225.5s  (10/100)
[2026-04-21 16:52:52] qwen3_14b_think1024_online cases_019  steps  11- 19: 239.1s  total: 464.6s  (20/100)
[2026-04-21 16:57:09] qwen3_14b_think1024_online cases_019  steps  21- 29: 256.8s  total: 721.4s  (30/100)
[2026-04-21 17:01:20] qwen3_14b_think1024_online cases_019  steps  31- 39: 251.3s  total: 972.7s  (40/100)
[2026-04-21 17:05:28] qwen3_14b_think1024_online cases_019  steps  41- 49: 247.8s  total: 1220.5s  (50/100)
[2026-04-21 17:09:39] qwen3_14b_think1024_online cases_019  steps  51- 59: 251.3s  total: 1471.8s  (60/100)
[2026-04-21 17:13:30] qwen3_14b_think1024_online cases_019  steps  61- 69: 231.1s  total: 1703.0s  (70/100)
[2026-04-21 17:17:24] qwen3_14b_think1024_online cases_019  steps  71- 79: 233.7s  total: 1936.7s  (80/100)
[2026-04-21 17:21:19] qwen3_14b_think1024_online cases_019  steps  81- 89: 234.7s  total: 2171.4s  (90/100)
[2026-04-21 17:25:29] qwen3_14b_think1024_online cases_019  steps  91- 99: 250.7s  total: 2422.1s  (100/100)
[2026-04-21 17:25:30] DONE qwen3_14b_think1024_online cases_019  total: 2422.1s  (24.22s/step)
[2026-04-21 17:25:30]   tokens: 221,645 in + 96,453 out (reasoning: 0)  cost: $0.0000
[2026-04-21 17:25:30] START qwen3_14b_think1024_weather cases_000 (100 steps)
[2026-04-21 17:28:02] qwen3_14b_think1024_weather cases_000  steps   1-  9: 152.2s  total: 152.2s  (10/100)
[2026-04-21 17:31:16] qwen3_14b_think1024_weather cases_000  steps  11- 19: 193.5s  total: 345.7s  (20/100)
[2026-04-21 17:35:14] qwen3_14b_think1024_weather cases_000  steps  21- 29: 238.5s  total: 584.2s  (30/100)
