block,condition,agent,seed,return,opt_frac,gap_regret,model
nonstationary,action_permute,tf_legacy,9999,80.7008056640625,0.22666666666666666,29.82460308074951,residual
nonstationary,action_permute,tf_legacy,10000,86.96017456054688,0.2866666666666667,35.05613470077515,residual
nonstationary,action_permute,tf_legacy,10001,77.2916259765625,0.29333333333333333,33.220595359802246,residual
nonstationary,action_permute,tf_legacy,10002,84.92440795898438,0.4666666666666667,29.918336391448975,residual
nonstationary,action_permute,tf_legacy,10003,88.76173400878906,0.21333333333333335,31.810513019561768,residual
nonstationary,action_permute,tf_legacy,10004,58.037574768066406,0.21333333333333335,51.52960443496704,residual
nonstationary,action_permute,tf_legacy,10005,74.42575073242188,0.38,43.99501943588257,residual
nonstationary,action_permute,tf_legacy,10006,67.70835876464844,0.04666666666666667,45.398695945739746,residual
nonstationary,action_permute,tf_legacy,10007,78.69535827636719,0.32,36.1462664604187,residual
nonstationary,action_permute,tf_legacy,10008,70.87020874023438,0.10666666666666667,49.57164239883423,residual
nonstationary,action_permute,tf_legacy,10009,68.07292175292969,0.11333333333333333,47.23085021972656,residual
nonstationary,action_permute,tf_legacy,10010,72.59627532958984,0.19333333333333333,36.02697038650513,residual
nonstationary,action_permute,tf_legacy,10011,85.81747436523438,0.2866666666666667,32.634554386138916,residual
nonstationary,action_permute,tf_legacy,10012,75.77381896972656,0.3333333333333333,49.26257514953613,residual
nonstationary,action_permute,tf_legacy,10013,78.72409057617188,0.1,39.14019060134888,residual
nonstationary,action_permute,tf_legacy,10014,71.77254486083984,0.36666666666666664,47.46712779998779,residual
nonstationary,action_permute,tf_legacy,10015,86.760498046875,0.41333333333333333,25.13755178451538,residual
nonstationary,action_permute,tf_legacy,10016,72.113037109375,0.14666666666666667,30.776569366455078,residual
nonstationary,action_permute,tf_legacy,10017,74.18121337890625,0.26,36.126999378204346,residual
nonstationary,action_permute,tf_legacy,10018,70.41954040527344,0.17333333333333334,38.673964500427246,residual
nonstationary,action_permute,tf_legacy,10019,100.21141052246094,0.5733333333333334,14.99047565460205,residual
nonstationary,action_permute,tf_legacy,10020,83.14031982421875,0.37333333333333335,19.318228244781494,residual
nonstationary,action_permute,tf_legacy,10021,66.7878646850586,0.34,43.856313705444336,residual
nonstationary,action_permute,tf_legacy,10022,76.54336547851562,0.16666666666666666,36.75222873687744,residual
nonstationary,action_permute,tf_legacy,10023,68.43304443359375,0.3933333333333333,38.30540752410889,residual
nonstationary,action_permute,tf_legacy,10024,88.47770690917969,0.34,20.336896419525146,residual
nonstationary,action_permute,tf_legacy,10025,73.92329406738281,0.26,31.972187042236328,residual
nonstationary,action_permute,tf_legacy,10026,78.88558959960938,0.5866666666666667,20.28904151916504,residual
nonstationary,action_permute,tf_legacy,10027,64.38822174072266,0.10666666666666667,42.70004606246948,residual
nonstationary,action_permute,tf_legacy,10028,83.33576202392578,0.28,31.87151288986206,residual
nonstationary,action_permute,tf_legacy,10029,91.55583190917969,0.41333333333333333,17.236642837524414,residual
nonstationary,action_permute,tf_legacy,10030,74.97967529296875,0.20666666666666667,36.36632966995239,residual
nonstationary,action_permute,tf_legacy,10031,78.22877502441406,0.32666666666666666,32.544808864593506,residual
nonstationary,action_permute,tf_legacy,10032,73.74472045898438,0.22,18.906742572784424,residual
nonstationary,action_permute,tf_legacy,10033,91.75430297851562,0.4,29.478505611419678,residual
nonstationary,action_permute,tf_legacy,10034,79.9444580078125,0.26,30.72866201400757,residual
nonstationary,action_permute,tf_legacy,10035,86.21961975097656,0.26,38.734089374542236,residual
nonstationary,action_permute,tf_legacy,10036,78.99031829833984,0.2,35.975566387176514,residual
nonstationary,action_permute,tf_legacy,10037,87.00338745117188,0.16,18.51498031616211,residual
nonstationary,action_permute,tf_legacy,10038,76.13963317871094,0.3,28.75316858291626,residual
nonstationary,action_permute,tf_legacy,10039,77.48515319824219,0.14666666666666667,36.59757852554321,residual
nonstationary,action_permute,tf_legacy,10040,90.79022216796875,0.5466666666666666,20.938543796539307,residual
nonstationary,action_permute,tf_legacy,10041,66.21831512451172,0.26,39.017637729644775,residual
nonstationary,action_permute,tf_legacy,10042,86.91891479492188,0.2866666666666667,28.217081546783447,residual
nonstationary,action_permute,tf_legacy,10043,83.0052490234375,0.38,32.33759260177612,residual
nonstationary,action_permute,tf_legacy,10044,71.86373901367188,0.22666666666666666,37.23113679885864,residual
nonstationary,action_permute,tf_legacy,10045,77.16572570800781,0.5333333333333333,32.349196910858154,residual
nonstationary,action_permute,tf_legacy,10046,75.07879638671875,0.22,36.64034652709961,residual
nonstationary,action_permute,tf_legacy,10047,70.30194091796875,0.12,50.70247268676758,residual
nonstationary,action_permute,tf_legacy,10048,98.302734375,0.23333333333333334,20.28191614151001,residual
nonstationary,action_permute,tf_self,9999,81.03118896484375,0.35333333333333333,28.572382926940918,residual
nonstationary,action_permute,tf_self,10000,88.67759704589844,0.3466666666666667,34.16901111602783,residual
nonstationary,action_permute,tf_self,10001,81.82527160644531,0.32666666666666666,28.91785430908203,residual
nonstationary,action_permute,tf_self,10002,85.41519165039062,0.4666666666666667,29.5273699760437,residual
nonstationary,action_permute,tf_self,10003,86.70378112792969,0.3466666666666667,33.12396812438965,residual
nonstationary,action_permute,tf_self,10004,63.234230041503906,0.10666666666666667,47.62766218185425,residual
nonstationary,action_permute,tf_self,10005,71.79883575439453,0.24666666666666667,45.92204570770264,residual
nonstationary,action_permute,tf_self,10006,70.43858337402344,0.07333333333333333,42.33094072341919,residual
nonstationary,action_permute,tf_self,10007,82.59025573730469,0.2733333333333333,34.063767433166504,residual
nonstationary,action_permute,tf_self,10008,73.34388732910156,0.23333333333333334,46.31132888793945,residual
nonstationary,action_permute,tf_self,10009,74.73301696777344,0.2,40.638338565826416,residual
nonstationary,action_permute,tf_self,10010,84.68910217285156,0.29333333333333333,26.113646030426025,residual
nonstationary,action_permute,tf_self,10011,82.37008666992188,0.22,33.59950256347656,residual
nonstationary,action_permute,tf_self,10012,94.09754943847656,0.38,30.128723621368408,residual
nonstationary,action_permute,tf_self,10013,86.56454467773438,0.17333333333333334,32.40133714675903,residual
nonstationary,action_permute,tf_self,10014,71.17448425292969,0.42,44.268763065338135,residual
nonstationary,action_permute,tf_self,10015,80.2249755859375,0.2866666666666667,30.54487705230713,residual
nonstationary,action_permute,tf_self,10016,71.495361328125,0.14666666666666667,31.920060634613037,residual
nonstationary,action_permute,tf_self,10017,72.06520080566406,0.25333333333333335,37.82713794708252,residual
nonstationary,action_permute,tf_self,10018,70.79862213134766,0.25333333333333335,38.19706201553345,residual
nonstationary,action_permute,tf_self,10019,100.7714614868164,0.56,13.81716012954712,residual
nonstationary,action_permute,tf_self,10020,86.06777954101562,0.49333333333333335,18.265342235565186,residual
nonstationary,action_permute,tf_self,10021,63.578392028808594,0.26666666666666666,47.84577798843384,residual
nonstationary,action_permute,tf_self,10022,76.98387145996094,0.3333333333333333,37.604172706604004,residual
nonstationary,action_permute,tf_self,10023,77.38238525390625,0.2733333333333333,29.609188556671143,residual
nonstationary,action_permute,tf_self,10024,88.47770690917969,0.34,20.336896419525146,residual
nonstationary,action_permute,tf_self,10025,64.71255493164062,0.26,40.872615337371826,residual
nonstationary,action_permute,tf_self,10026,61.222389221191406,0.3466666666666667,38.05955362319946,residual
nonstationary,action_permute,tf_self,10027,62.307987213134766,0.18666666666666668,43.217368602752686,residual
nonstationary,action_permute,tf_self,10028,84.35303497314453,0.3466666666666667,33.116392612457275,residual
nonstationary,action_permute,tf_self,10029,84.06375122070312,0.32666666666666666,24.296974182128906,residual
nonstationary,action_permute,tf_self,10030,81.8683853149414,0.31333333333333335,29.50116777420044,residual
nonstationary,action_permute,tf_self,10031,77.05369567871094,0.22666666666666666,34.60191535949707,residual
nonstationary,action_permute,tf_self,10032,77.02423095703125,0.17333333333333334,17.90939712524414,residual
nonstationary,action_permute,tf_self,10033,97.74514770507812,0.44,23.412888526916504,residual
nonstationary,action_permute,tf_self,10034,68.06259155273438,0.24,44.120317459106445,residual
nonstationary,action_permute,tf_self,10035,90.71902465820312,0.32666666666666666,34.2592134475708,residual
nonstationary,action_permute,tf_self,10036,75.48893737792969,0.18666666666666668,38.477137088775635,residual
nonstationary,action_permute,tf_self,10037,74.37454223632812,0.10666666666666667,29.378032684326172,residual
nonstationary,action_permute,tf_self,10038,75.9837646484375,0.23333333333333334,29.39636516571045,residual
nonstationary,action_permute,tf_self,10039,82.02606201171875,0.30666666666666664,32.268338680267334,residual
nonstationary,action_permute,tf_self,10040,83.86064147949219,0.3933333333333333,28.299417972564697,residual
nonstationary,action_permute,tf_self,10041,74.23481750488281,0.36666666666666664,32.14722013473511,residual
nonstationary,action_permute,tf_self,10042,94.79045104980469,0.44666666666666666,20.89907741546631,residual
nonstationary,action_permute,tf_self,10043,76.06715393066406,0.21333333333333335,38.467602252960205,residual
nonstationary,action_permute,tf_self,10044,80.75198364257812,0.2733333333333333,28.654734134674072,residual
nonstationary,action_permute,tf_self,10045,75.92251586914062,0.4066666666666667,31.410295486450195,residual
nonstationary,action_permute,tf_self,10046,88.87525939941406,0.35333333333333333,24.119606494903564,residual
nonstationary,action_permute,tf_self,10047,66.35694122314453,0.08666666666666667,54.992937088012695,residual
nonstationary,action_permute,tf_self,10048,101.62026977539062,0.46,17.83482789993286,residual
nonstationary,action_permute,optimal,9999,105.58451080322266,1.0,0.0,residual
nonstationary,action_permute,optimal,10000,120.25283813476562,1.0,0.0,residual
nonstationary,action_permute,optimal,10001,108.54301452636719,1.0,0.0,residual
nonstationary,action_permute,optimal,10002,117.61793518066406,1.0,0.0,residual
nonstationary,action_permute,optimal,10003,119.40950012207031,1.0,0.0,residual
nonstationary,action_permute,optimal,10004,111.66455078125,1.0,0.0,residual
nonstationary,action_permute,optimal,10005,116.30339050292969,1.0,0.0,residual
nonstationary,action_permute,optimal,10006,108.19403839111328,1.0,0.0,residual
nonstationary,action_permute,optimal,10007,117.20417785644531,1.0,0.0,residual
nonstationary,action_permute,optimal,10008,118.36479187011719,1.0,0.0,residual
nonstationary,action_permute,optimal,10009,116.33384704589844,1.0,0.0,residual
nonstationary,action_permute,optimal,10010,113.50198364257812,1.0,0.0,residual
nonstationary,action_permute,optimal,10011,116.56582641601562,1.0,0.0,residual
nonstationary,action_permute,optimal,10012,121.69638061523438,1.0,0.0,residual
nonstationary,action_permute,optimal,10013,118.79129028320312,1.0,0.0,residual
nonstationary,action_permute,optimal,10014,113.58158874511719,1.0,0.0,residual
nonstationary,action_permute,optimal,10015,111.88401794433594,1.0,0.0,residual
nonstationary,action_permute,optimal,10016,102.01913452148438,1.0,0.0,residual
nonstationary,action_permute,optimal,10017,112.41069030761719,1.0,0.0,residual
nonstationary,action_permute,optimal,10018,109.3783187866211,1.0,0.0,residual
nonstationary,action_permute,optimal,10019,114.3609848022461,1.0,0.0,residual
nonstationary,action_permute,optimal,10020,104.90158081054688,1.0,0.0,residual
nonstationary,action_permute,optimal,10021,110.18820190429688,1.0,0.0,residual
nonstationary,action_permute,optimal,10022,114.68815612792969,1.0,0.0,residual
nonstationary,action_permute,optimal,10023,105.78448486328125,1.0,0.0,residual
nonstationary,action_permute,optimal,10024,108.45394897460938,1.0,0.0,residual
nonstationary,action_permute,optimal,10025,106.36751556396484,1.0,0.0,residual
nonstationary,action_permute,optimal,10026,100.41291809082031,1.0,0.0,residual
nonstationary,action_permute,optimal,10027,106.34818267822266,1.0,0.0,residual
nonstationary,action_permute,optimal,10028,118.29808044433594,1.0,0.0,residual
nonstationary,action_permute,optimal,10029,106.08363342285156,1.0,0.0,residual
nonstationary,action_permute,optimal,10030,114.4266357421875,1.0,0.0,residual
nonstationary,action_permute,optimal,10031,111.42123413085938,1.0,0.0,residual
nonstationary,action_permute,optimal,10032,89.2677001953125,1.0,0.0,residual
nonstationary,action_permute,optimal,10033,120.4154052734375,1.0,0.0,residual
nonstationary,action_permute,optimal,10034,114.25677490234375,1.0,0.0,residual
nonstationary,action_permute,optimal,10035,125.25314331054688,1.0,0.0,residual
nonstationary,action_permute,optimal,10036,112.46002197265625,1.0,0.0,residual
nonstationary,action_permute,optimal,10037,102.705810546875,1.0,0.0,residual
nonstationary,action_permute,optimal,10038,104.30300903320312,1.0,0.0,residual
nonstationary,action_permute,optimal,10039,115.67098999023438,1.0,0.0,residual
nonstationary,action_permute,optimal,10040,111.84742736816406,1.0,0.0,residual
nonstationary,action_permute,optimal,10041,106.4958724975586,1.0,0.0,residual
nonstationary,action_permute,optimal,10042,117.09668731689453,1.0,0.0,residual
nonstationary,action_permute,optimal,10043,115.43380737304688,1.0,0.0,residual
nonstationary,action_permute,optimal,10044,106.94786834716797,1.0,0.0,residual
nonstationary,action_permute,optimal,10045,109.82199096679688,1.0,0.0,residual
nonstationary,action_permute,optimal,10046,113.76632690429688,1.0,0.0,residual
nonstationary,action_permute,optimal,10047,123.58666229248047,1.0,0.0,residual
nonstationary,action_permute,optimal,10048,116.88221740722656,1.0,0.0,residual
nonstationary,action_permute,epsgreedy,9999,74.52178955078125,0.14666666666666667,33.34108018875122,residual
nonstationary,action_permute,epsgreedy,10000,83.34292602539062,0.14666666666666667,39.906328201293945,residual
nonstationary,action_permute,epsgreedy,10001,82.10934448242188,0.32,28.623342037200928,residual
nonstationary,action_permute,epsgreedy,10002,88.18647766113281,0.23333333333333334,28.28873586654663,residual
nonstationary,action_permute,epsgreedy,10003,85.73131561279297,0.25333333333333335,35.9758825302124,residual
nonstationary,action_permute,epsgreedy,10004,73.21048736572266,0.2866666666666667,36.99576997756958,residual
nonstationary,action_permute,epsgreedy,10005,62.41342544555664,0.24666666666666667,57.254140853881836,residual
nonstationary,action_permute,epsgreedy,10006,68.28593444824219,0.26,42.24107217788696,residual
nonstationary,action_permute,epsgreedy,10007,96.23603820800781,0.28,19.01761484146118,residual
nonstationary,action_permute,epsgreedy,10008,76.06015014648438,0.34,44.03809642791748,residual
nonstationary,action_permute,epsgreedy,10009,69.442138671875,0.22,44.4317569732666,residual
nonstationary,action_permute,epsgreedy,10010,68.50117492675781,0.25333333333333335,42.68047475814819,residual
nonstationary,action_permute,epsgreedy,10011,89.65129089355469,0.3333333333333333,28.0166277885437,residual
nonstationary,action_permute,epsgreedy,10012,76.77835083007812,0.2,48.222580432891846,residual
nonstationary,action_permute,epsgreedy,10013,86.53587341308594,0.26666666666666666,32.314425468444824,residual
nonstationary,action_permute,epsgreedy,10014,64.95394897460938,0.2,49.70911169052124,residual
nonstationary,action_permute,epsgreedy,10015,72.69868469238281,0.05333333333333334,39.66216707229614,residual
nonstationary,action_permute,epsgreedy,10016,75.10873413085938,0.28,30.991419792175293,residual
nonstationary,action_permute,epsgreedy,10017,90.75117492675781,0.5066666666666667,21.246204376220703,residual
nonstationary,action_permute,epsgreedy,10018,80.16024780273438,0.34,29.642817497253418,residual
nonstationary,action_permute,epsgreedy,10019,86.05186462402344,0.34,26.51486587524414,residual
nonstationary,action_permute,epsgreedy,10020,80.98985290527344,0.3333333333333333,24.047754764556885,residual
nonstationary,action_permute,epsgreedy,10021,78.7994155883789,0.4666666666666667,30.395095825195312,residual
nonstationary,action_permute,epsgreedy,10022,78.66633605957031,0.24,38.21664333343506,residual
nonstationary,action_permute,epsgreedy,10023,62.57258224487305,0.3,41.50123310089111,residual
nonstationary,action_permute,epsgreedy,10024,85.20932006835938,0.38666666666666666,22.727206230163574,residual
nonstationary,action_permute,epsgreedy,10025,84.31854248046875,0.36666666666666664,21.180773735046387,residual
nonstationary,action_permute,epsgreedy,10026,64.91807556152344,0.21333333333333335,34.6696081161499,residual
nonstationary,action_permute,epsgreedy,10027,61.44842529296875,0.15333333333333332,44.5706582069397,residual
nonstationary,action_permute,epsgreedy,10028,70.82059478759766,0.3466666666666667,44.13038110733032,residual
nonstationary,action_permute,epsgreedy,10029,75.39697265625,0.38666666666666666,34.561172008514404,residual
nonstationary,action_permute,epsgreedy,10030,85.87030792236328,0.38,26.659825325012207,residual
nonstationary,action_permute,epsgreedy,10031,75.30123901367188,0.34,37.67203330993652,residual
nonstationary,action_permute,epsgreedy,10032,70.40609741210938,0.21333333333333335,21.626566410064697,residual
nonstationary,action_permute,epsgreedy,10033,95.3831787109375,0.5466666666666666,24.780463695526123,residual
nonstationary,action_permute,epsgreedy,10034,77.32366943359375,0.2,34.74037170410156,residual
nonstationary,action_permute,epsgreedy,10035,87.73965454101562,0.11333333333333333,37.626079082489014,residual
nonstationary,action_permute,epsgreedy,10036,64.1280517578125,0.14,50.24883794784546,residual
nonstationary,action_permute,epsgreedy,10037,85.14106750488281,0.25333333333333335,18.50440216064453,residual
nonstationary,action_permute,epsgreedy,10038,75.2733154296875,0.26666666666666666,30.09500789642334,residual
nonstationary,action_permute,epsgreedy,10039,90.04790496826172,0.14,22.10684061050415,residual
nonstationary,action_permute,epsgreedy,10040,77.68025970458984,0.36,36.41150140762329,residual
nonstationary,action_permute,epsgreedy,10041,81.60491943359375,0.44666666666666666,24.30821943283081,residual
nonstationary,action_permute,epsgreedy,10042,70.26582336425781,0.14,45.22428560256958,residual
nonstationary,action_permute,epsgreedy,10043,78.24885559082031,0.32666666666666666,36.38375902175903,residual
nonstationary,action_permute,epsgreedy,10044,64.97348022460938,0.29333333333333333,41.48381185531616,residual
nonstationary,action_permute,epsgreedy,10045,65.0596923828125,0.25333333333333335,42.881765842437744,residual
nonstationary,action_permute,epsgreedy,10046,88.18446350097656,0.52,26.454946517944336,residual
nonstationary,action_permute,epsgreedy,10047,76.41507720947266,0.17333333333333334,43.387763023376465,residual
nonstationary,action_permute,epsgreedy,10048,72.70701599121094,0.10666666666666667,43.92047739028931,residual
nonstationary,action_permute,greedy,9999,78.94625854492188,0.28,28.413235187530518,residual
nonstationary,action_permute,greedy,10000,81.82414245605469,0.14,38.2847466468811,residual
nonstationary,action_permute,greedy,10001,77.35513305664062,0.3,30.95699977874756,residual
nonstationary,action_permute,greedy,10002,90.16351318359375,0.38666666666666666,24.688101768493652,residual
nonstationary,action_permute,greedy,10003,89.21775817871094,0.3333333333333333,32.129244804382324,residual
nonstationary,action_permute,greedy,10004,64.86753845214844,0.22,44.848111152648926,residual
nonstationary,action_permute,greedy,10005,65.49223327636719,0.38666666666666666,52.63822841644287,residual
nonstationary,action_permute,greedy,10006,84.29772186279297,0.44666666666666666,26.6156005859375,residual
nonstationary,action_permute,greedy,10007,79.38491821289062,0.31333333333333335,38.6474723815918,residual
nonstationary,action_permute,greedy,10008,78.91796112060547,0.36666666666666664,41.3320574760437,residual
nonstationary,action_permute,greedy,10009,69.26345825195312,0.13333333333333333,45.90585470199585,residual
nonstationary,action_permute,greedy,10010,75.87333679199219,0.35333333333333333,32.751747131347656,residual
nonstationary,action_permute,greedy,10011,80.06632995605469,0.30666666666666664,37.95726203918457,residual
nonstationary,action_permute,greedy,10012,82.2081069946289,0.3933333333333333,42.42386293411255,residual
nonstationary,action_permute,greedy,10013,89.371826171875,0.12666666666666668,30.818635940551758,residual
nonstationary,action_permute,greedy,10014,78.1030044555664,0.38666666666666666,38.14829111099243,residual
nonstationary,action_permute,greedy,10015,70.06143188476562,0.12,40.513540267944336,residual
nonstationary,action_permute,greedy,10016,75.3070068359375,0.28,28.949949264526367,residual
nonstationary,action_permute,greedy,10017,77.1552734375,0.37333333333333335,33.062875747680664,residual
nonstationary,action_permute,greedy,10018,77.88117980957031,0.30666666666666664,32.783223152160645,residual
nonstationary,action_permute,greedy,10019,77.54525756835938,0.26666666666666666,34.83031892776489,residual
nonstationary,action_permute,greedy,10020,72.22284698486328,0.32666666666666666,33.799678802490234,residual
nonstationary,action_permute,greedy,10021,77.08458709716797,0.4,32.29425096511841,residual
nonstationary,action_permute,greedy,10022,73.69345092773438,0.15333333333333332,40.31905126571655,residual
nonstationary,action_permute,greedy,10023,48.341468811035156,0.2,57.00959348678589,residual
nonstationary,action_permute,greedy,10024,89.44807434082031,0.36666666666666664,21.34745979309082,residual
nonstationary,action_permute,greedy,10025,79.72904968261719,0.4266666666666667,24.896662712097168,residual
nonstationary,action_permute,greedy,10026,57.86279296875,0.14,42.37214803695679,residual
nonstationary,action_permute,greedy,10027,62.47148895263672,0.15333333333333332,43.382779121398926,residual
nonstationary,action_permute,greedy,10028,64.74105072021484,0.16,48.039616107940674,residual
nonstationary,action_permute,greedy,10029,74.60493469238281,0.36666666666666664,31.325261116027832,residual
nonstationary,action_permute,greedy,10030,75.72696685791016,0.24666666666666667,34.656466007232666,residual
nonstationary,action_permute,greedy,10031,74.13359069824219,0.36,36.93371248245239,residual
nonstationary,action_permute,greedy,10032,66.93231201171875,0.16666666666666666,23.06119680404663,residual
nonstationary,action_permute,greedy,10033,105.08970642089844,0.44,16.040743827819824,residual
nonstationary,action_permute,greedy,10034,76.83346557617188,0.17333333333333334,33.755995750427246,residual
nonstationary,action_permute,greedy,10035,72.5723876953125,0.13333333333333333,53.77215385437012,residual
nonstationary,action_permute,greedy,10036,60.628631591796875,0.08666666666666667,56.02735662460327,residual
nonstationary,action_permute,greedy,10037,85.24910736083984,0.19333333333333333,18.800367832183838,residual
nonstationary,action_permute,greedy,10038,77.57940673828125,0.25333333333333335,27.196163177490234,residual
nonstationary,action_permute,greedy,10039,86.53919982910156,0.30666666666666664,26.805593490600586,residual
nonstationary,action_permute,greedy,10040,77.14102172851562,0.4066666666666667,36.749629974365234,residual
nonstationary,action_permute,greedy,10041,82.5698013305664,0.3933333333333333,23.417337894439697,residual
nonstationary,action_permute,greedy,10042,64.38442993164062,0.11333333333333333,49.88489484786987,residual
nonstationary,action_permute,greedy,10043,74.56892395019531,0.18,40.96167755126953,residual
nonstationary,action_permute,greedy,10044,71.52493286132812,0.41333333333333333,37.026209354400635,residual
nonstationary,action_permute,greedy,10045,67.49238586425781,0.17333333333333334,40.380462646484375,residual
nonstationary,action_permute,greedy,10046,91.97737121582031,0.6333333333333333,23.336324214935303,residual
nonstationary,action_permute,greedy,10047,67.85623931884766,0.18666666666666668,54.15924692153931,residual
nonstationary,action_permute,greedy,10048,65.45411682128906,0.24,52.53465414047241,residual
nonstationary,action_permute,random,9999,80.84095001220703,0.25333333333333335,30.0949387550354,residual
nonstationary,action_permute,random,10000,80.89566040039062,0.2733333333333333,41.31048345565796,residual
nonstationary,action_permute,random,10001,80.51902770996094,0.31333333333333335,30.085996627807617,residual
nonstationary,action_permute,random,10002,85.16572570800781,0.34,29.82538414001465,residual
nonstationary,action_permute,random,10003,85.65385437011719,0.2733333333333333,37.67849159240723,residual
nonstationary,action_permute,random,10004,78.03028869628906,0.34,35.13823843002319,residual
nonstationary,action_permute,random,10005,71.23448944091797,0.29333333333333333,47.395893573760986,residual
nonstationary,action_permute,random,10006,78.26838684082031,0.3466666666666667,33.764220237731934,residual
nonstationary,action_permute,random,10007,83.7961196899414,0.23333333333333334,32.67994737625122,residual
nonstationary,action_permute,random,10008,70.28236389160156,0.17333333333333334,50.435155391693115,residual
nonstationary,action_permute,random,10009,72.84437561035156,0.23333333333333334,43.91621446609497,residual
nonstationary,action_permute,random,10010,70.0263671875,0.18666666666666668,38.92750835418701,residual
nonstationary,action_permute,random,10011,81.56074523925781,0.22,35.27687168121338,residual
nonstationary,action_permute,random,10012,85.43020629882812,0.28,38.79732084274292,residual
nonstationary,action_permute,random,10013,86.65889739990234,0.24666666666666667,30.83239984512329,residual
nonstationary,action_permute,random,10014,68.4721450805664,0.25333333333333335,47.48828983306885,residual
nonstationary,action_permute,random,10015,74.775146484375,0.18,35.96523857116699,residual
nonstationary,action_permute,random,10016,68.28456115722656,0.25333333333333335,34.55044174194336,residual
nonstationary,action_permute,random,10017,76.18350982666016,0.21333333333333335,34.714444160461426,residual
nonstationary,action_permute,random,10018,77.58042907714844,0.23333333333333334,33.3446831703186,residual
nonstationary,action_permute,random,10019,80.4237289428711,0.3,31.76599407196045,residual
nonstationary,action_permute,random,10020,75.5898666381836,0.23333333333333334,29.744503498077393,residual
nonstationary,action_permute,random,10021,66.07168579101562,0.24666666666666667,44.67412805557251,residual
nonstationary,action_permute,random,10022,81.19197082519531,0.32,31.77587080001831,residual
nonstationary,action_permute,random,10023,67.688720703125,0.24,39.16258430480957,residual
nonstationary,action_permute,random,10024,84.7569808959961,0.2866666666666667,27.3185772895813,residual
nonstationary,action_permute,random,10025,75.48001098632812,0.23333333333333334,31.811450481414795,residual
nonstationary,action_permute,random,10026,73.68004608154297,0.2866666666666667,28.815518379211426,residual
nonstationary,action_permute,random,10027,71.06117248535156,0.28,33.75120544433594,residual
nonstationary,action_permute,random,10028,70.93327331542969,0.23333333333333334,49.07182788848877,residual
nonstationary,action_permute,random,10029,73.99137878417969,0.29333333333333333,34.191834449768066,residual
nonstationary,action_permute,random,10030,79.13836669921875,0.28,34.07873725891113,residual
nonstationary,action_permute,random,10031,73.25912475585938,0.3,38.66799736022949,residual
nonstationary,action_permute,random,10032,71.33026123046875,0.26,21.900458335876465,residual
nonstationary,action_permute,random,10033,79.70634460449219,0.25333333333333335,40.444889068603516,residual
nonstationary,action_permute,random,10034,77.43869018554688,0.24,35.134323596954346,residual
nonstationary,action_permute,random,10035,88.24156188964844,0.2866666666666667,37.2666597366333,residual
nonstationary,action_permute,random,10036,76.57637023925781,0.26666666666666666,39.17404747009277,residual
nonstationary,action_permute,random,10037,79.05096435546875,0.26,24.66343116760254,residual
nonstationary,action_permute,random,10038,71.56808471679688,0.24,33.03155708312988,residual
nonstationary,action_permute,random,10039,85.70889282226562,0.28,27.459741592407227,residual
nonstationary,action_permute,random,10040,74.71682739257812,0.29333333333333333,39.60629463195801,residual
nonstationary,action_permute,random,10041,71.98428344726562,0.26,33.2470006942749,residual
nonstationary,action_permute,random,10042,80.60295867919922,0.24666666666666667,36.75633239746094,residual
nonstationary,action_permute,random,10043,72.18507385253906,0.20666666666666667,43.1330189704895,residual
nonstationary,action_permute,random,10044,71.65835571289062,0.29333333333333333,37.10421562194824,residual
nonstationary,action_permute,random,10045,68.07151794433594,0.23333333333333334,39.63570261001587,residual
nonstationary,action_permute,random,10046,76.60462951660156,0.2866666666666667,34.58026075363159,residual
nonstationary,action_permute,random,10047,70.83903503417969,0.18,50.608325481414795,residual
nonstationary,action_permute,random,10048,81.06547546386719,0.2733333333333333,36.28735065460205,residual
nonstationary,action_permute,optimal_frozen,9999,99.39387512207031,0.62,8.102663516998291,residual
nonstationary,action_permute,optimal_frozen,10000,89.80999755859375,0.3333333333333333,31.165746212005615,residual
nonstationary,action_permute,optimal_frozen,10001,95.7051010131836,0.54,12.627184391021729,residual
nonstationary,action_permute,optimal_frozen,10002,94.17100524902344,0.5533333333333333,22.597150325775146,residual
nonstationary,action_permute,optimal_frozen,10003,86.99890899658203,0.3333333333333333,34.0418963432312,residual
nonstationary,action_permute,optimal_frozen,10004,84.88214874267578,0.5266666666666666,25.628259658813477,residual
nonstationary,action_permute,optimal_frozen,10005,90.12232208251953,0.5,25.656970500946045,residual
nonstationary,action_permute,optimal_frozen,10006,76.62857055664062,0.3333333333333333,30.497912883758545,residual
nonstationary,action_permute,optimal_frozen,10007,107.33502197265625,0.4666666666666667,9.922013759613037,residual
nonstationary,action_permute,optimal_frozen,10008,67.62877655029297,0.3333333333333333,50.407588481903076,residual
nonstationary,action_permute,optimal_frozen,10009,86.09619140625,0.47333333333333333,29.95243263244629,residual
nonstationary,action_permute,optimal_frozen,10010,69.15958404541016,0.3333333333333333,42.70424032211304,residual
nonstationary,action_permute,optimal_frozen,10011,101.50479125976562,0.64,15.380061626434326,residual
nonstationary,action_permute,optimal_frozen,10012,99.36796569824219,0.3333333333333333,24.744624614715576,residual
nonstationary,action_permute,optimal_frozen,10013,94.50430297851562,0.38,27.85502338409424,residual
nonstationary,action_permute,optimal_frozen,10014,94.47891998291016,0.64,21.55823278427124,residual
nonstationary,action_permute,optimal_frozen,10015,90.54623413085938,0.5533333333333333,22.37838315963745,residual
nonstationary,action_permute,optimal_frozen,10016,55.04327392578125,0.3333333333333333,48.28558826446533,residual
nonstationary,action_permute,optimal_frozen,10017,103.75668334960938,0.8266666666666667,7.664927005767822,residual
nonstationary,action_permute,optimal_frozen,10018,85.11605834960938,0.3333333333333333,25.034902095794678,residual
nonstationary,action_permute,optimal_frozen,10019,74.81266021728516,0.3333333333333333,36.65995168685913,residual
nonstationary,action_permute,optimal_frozen,10020,95.78797149658203,0.7066666666666667,10.313004493713379,residual
nonstationary,action_permute,optimal_frozen,10021,71.08619689941406,0.3333333333333333,40.94702959060669,residual
nonstationary,action_permute,optimal_frozen,10022,77.54679870605469,0.3333333333333333,36.09109401702881,residual
nonstationary,action_permute,optimal_frozen,10023,60.9461669921875,0.3333333333333333,44.47439098358154,residual
nonstationary,action_permute,optimal_frozen,10024,95.19369506835938,0.7266666666666667,12.945154190063477,residual
nonstationary,action_permute,optimal_frozen,10025,82.48403930664062,0.5533333333333333,23.57236909866333,residual
nonstationary,action_permute,optimal_frozen,10026,82.59915161132812,0.7466666666666667,17.767573833465576,residual
nonstationary,action_permute,optimal_frozen,10027,82.825927734375,0.3333333333333333,23.738916873931885,residual
nonstationary,action_permute,optimal_frozen,10028,76.43560028076172,0.3333333333333333,41.126749992370605,residual
nonstationary,action_permute,optimal_frozen,10029,82.3674545288086,0.3333333333333333,23.783592224121094,residual
nonstationary,action_permute,optimal_frozen,10030,77.91615295410156,0.3333333333333333,35.55746793746948,residual
nonstationary,action_permute,optimal_frozen,10031,89.79643249511719,0.6266666666666667,21.397047996520996,residual
nonstationary,action_permute,optimal_frozen,10032,67.75605773925781,0.3333333333333333,23.331225872039795,residual
nonstationary,action_permute,optimal_frozen,10033,83.51140594482422,0.5133333333333333,37.36523199081421,residual
nonstationary,action_permute,optimal_frozen,10034,101.73310852050781,0.7266666666666667,12.466252326965332,residual
nonstationary,action_permute,optimal_frozen,10035,87.75560760498047,0.3333333333333333,38.33691072463989,residual
nonstationary,action_permute,optimal_frozen,10036,68.52142333984375,0.3333333333333333,43.82471418380737,residual
nonstationary,action_permute,optimal_frozen,10037,98.89842224121094,0.74,4.682859420776367,residual
nonstationary,action_permute,optimal_frozen,10038,102.09408569335938,0.7733333333333333,3.101626396179199,residual
nonstationary,action_permute,optimal_frozen,10039,99.84388732910156,0.6333333333333333,14.787363052368164,residual
nonstationary,action_permute,optimal_frozen,10040,98.95252990722656,0.76,10.78049898147583,residual
nonstationary,action_permute,optimal_frozen,10041,76.42681884765625,0.3333333333333333,30.142895221710205,residual
nonstationary,action_permute,optimal_frozen,10042,85.78956604003906,0.3333333333333333,30.933807849884033,residual
nonstationary,action_permute,optimal_frozen,10043,82.59614562988281,0.3333333333333333,33.3401837348938,residual
nonstationary,action_permute,optimal_frozen,10044,82.51716613769531,0.4666666666666667,25.2201247215271,residual
nonstationary,action_permute,optimal_frozen,10045,76.17342376708984,0.4066666666666667,32.798460483551025,residual
nonstationary,action_permute,optimal_frozen,10046,84.34502410888672,0.5,29.684068202972412,residual
nonstationary,action_permute,optimal_frozen,10047,85.6397705078125,0.5466666666666666,34.77189254760742,residual
nonstationary,action_permute,optimal_frozen,10048,106.75975036621094,0.5266666666666666,12.875558853149414,residual
nonstationary,reward_resample,tf_legacy,9999,85.35733032226562,0.36,20.28394651412964,residual
nonstationary,reward_resample,tf_legacy,10000,78.0240478515625,0.28,36.91570997238159,residual
nonstationary,reward_resample,tf_legacy,10001,49.61227035522461,0.04,56.982396602630615,residual
nonstationary,reward_resample,tf_legacy,10002,80.6292953491211,0.3,26.788739681243896,residual
nonstationary,reward_resample,tf_legacy,10003,85.02389526367188,0.30666666666666664,30.712701320648193,residual
nonstationary,reward_resample,tf_legacy,10004,69.86434936523438,0.11333333333333333,41.65267610549927,residual
nonstationary,reward_resample,tf_legacy,10005,95.81883239746094,0.41333333333333333,23.366637229919434,residual
nonstationary,reward_resample,tf_legacy,10006,79.87997436523438,0.08,32.902217864990234,residual
nonstationary,reward_resample,tf_legacy,10007,69.10012817382812,0.09333333333333334,44.57705497741699,residual
nonstationary,reward_resample,tf_legacy,10008,63.77796936035156,0.21333333333333335,55.642831325531006,residual
nonstationary,reward_resample,tf_legacy,10009,86.50385284423828,0.18666666666666668,32.55177879333496,residual
nonstationary,reward_resample,tf_legacy,10010,73.26319122314453,0.38,21.620356559753418,residual
nonstationary,reward_resample,tf_legacy,10011,80.22281646728516,0.25333333333333335,35.712246894836426,residual
nonstationary,reward_resample,tf_legacy,10012,71.92604064941406,0.32666666666666666,42.4590425491333,residual
nonstationary,reward_resample,tf_legacy,10013,85.17691802978516,0.26666666666666666,27.70700693130493,residual
nonstationary,reward_resample,tf_legacy,10014,77.86878967285156,0.24,33.29994201660156,residual
nonstationary,reward_resample,tf_legacy,10015,80.3695068359375,0.52,25.67859125137329,residual
nonstationary,reward_resample,tf_legacy,10016,60.37433624267578,0.03333333333333333,45.90694713592529,residual
nonstationary,reward_resample,tf_legacy,10017,83.8101577758789,0.38666666666666666,23.64030408859253,residual
nonstationary,reward_resample,tf_legacy,10018,63.04857635498047,0.1,37.166977882385254,residual
nonstationary,reward_resample,tf_legacy,10019,91.88406372070312,0.43333333333333335,18.277950286865234,residual
nonstationary,reward_resample,tf_legacy,10020,77.96138763427734,0.3933333333333333,25.313806533813477,residual
nonstationary,reward_resample,tf_legacy,10021,75.36215209960938,0.41333333333333333,39.34130525588989,residual
nonstationary,reward_resample,tf_legacy,10022,86.97584533691406,0.28,21.68323278427124,residual
nonstationary,reward_resample,tf_legacy,10023,71.50308227539062,0.38666666666666666,32.22517728805542,residual
nonstationary,reward_resample,tf_legacy,10024,91.19857788085938,0.4266666666666667,22.12906503677368,residual
nonstationary,reward_resample,tf_legacy,10025,69.21296691894531,0.28,36.41126585006714,residual
nonstationary,reward_resample,tf_legacy,10026,97.55059051513672,0.62,15.26969861984253,residual
nonstationary,reward_resample,tf_legacy,10027,67.81964111328125,0.10666666666666667,42.079933166503906,residual
nonstationary,reward_resample,tf_legacy,10028,73.52304077148438,0.12,40.884780406951904,residual
nonstationary,reward_resample,tf_legacy,10029,82.2856674194336,0.44666666666666666,27.935660362243652,residual
nonstationary,reward_resample,tf_legacy,10030,75.49610900878906,0.22,39.37785243988037,residual
nonstationary,reward_resample,tf_legacy,10031,62.886634826660156,0.07333333333333333,46.84866237640381,residual
nonstationary,reward_resample,tf_legacy,10032,83.7514419555664,0.32666666666666666,20.891080856323242,residual
nonstationary,reward_resample,tf_legacy,10033,67.58366394042969,0.16666666666666666,41.66171169281006,residual
nonstationary,reward_resample,tf_legacy,10034,69.71791076660156,0.11333333333333333,41.035603523254395,residual
nonstationary,reward_resample,tf_legacy,10035,79.47569274902344,0.08666666666666667,36.68468236923218,residual
nonstationary,reward_resample,tf_legacy,10036,58.96230697631836,0.06,48.35756206512451,residual
nonstationary,reward_resample,tf_legacy,10037,76.95664978027344,0.22666666666666666,34.19344186782837,residual
nonstationary,reward_resample,tf_legacy,10038,78.00016784667969,0.48,30.06590747833252,residual
nonstationary,reward_resample,tf_legacy,10039,65.01946258544922,0.29333333333333333,40.94357204437256,residual
nonstationary,reward_resample,tf_legacy,10040,64.18582916259766,0.23333333333333334,44.38222026824951,residual
nonstationary,reward_resample,tf_legacy,10041,62.652000427246094,0.18,43.77528190612793,residual
nonstationary,reward_resample,tf_legacy,10042,83.03823852539062,0.18666666666666668,37.1887640953064,residual
nonstationary,reward_resample,tf_legacy,10043,91.6584243774414,0.5533333333333333,25.918094635009766,residual
nonstationary,reward_resample,tf_legacy,10044,63.336097717285156,0.18,44.15706729888916,residual
nonstationary,reward_resample,tf_legacy,10045,69.64781951904297,0.42,30.977635383605957,residual
nonstationary,reward_resample,tf_legacy,10046,81.24391174316406,0.25333333333333335,26.089542865753174,residual
nonstationary,reward_resample,tf_legacy,10047,67.03875732421875,0.16666666666666666,51.433985233306885,residual
nonstationary,reward_resample,tf_legacy,10048,83.49903869628906,0.22,29.212703704833984,residual
nonstationary,reward_resample,tf_self,9999,84.02581787109375,0.34,20.830414295196533,residual
nonstationary,reward_resample,tf_self,10000,74.75975036621094,0.2733333333333333,41.14589738845825,residual
nonstationary,reward_resample,tf_self,10001,49.61227035522461,0.04,56.982396602630615,residual
nonstationary,reward_resample,tf_self,10002,83.96267700195312,0.2733333333333333,24.016565799713135,residual
nonstationary,reward_resample,tf_self,10003,81.71923065185547,0.36,34.110589027404785,residual
nonstationary,reward_resample,tf_self,10004,68.51704406738281,0.22,43.619842529296875,residual
nonstationary,reward_resample,tf_self,10005,97.02003479003906,0.46,22.072092533111572,residual
nonstationary,reward_resample,tf_self,10006,80.55960083007812,0.11333333333333333,32.389297008514404,residual
nonstationary,reward_resample,tf_self,10007,69.42710876464844,0.16,44.521926403045654,residual
nonstationary,reward_resample,tf_self,10008,69.94807434082031,0.25333333333333335,49.22166109085083,residual
nonstationary,reward_resample,tf_self,10009,86.93952941894531,0.2,31.564340114593506,residual
nonstationary,reward_resample,tf_self,10010,70.41114044189453,0.2866666666666667,26.22574758529663,residual
nonstationary,reward_resample,tf_self,10011,81.86000061035156,0.37333333333333335,32.676966190338135,residual
nonstationary,reward_resample,tf_self,10012,77.86764526367188,0.23333333333333334,33.74756383895874,residual
nonstationary,reward_resample,tf_self,10013,81.14798736572266,0.12666666666666668,32.558966636657715,residual
nonstationary,reward_resample,tf_self,10014,76.60458374023438,0.22,35.271259784698486,residual
nonstationary,reward_resample,tf_self,10015,77.11124420166016,0.36666666666666664,30.811190128326416,residual
nonstationary,reward_resample,tf_self,10016,58.27271270751953,0.03333333333333333,48.819332122802734,residual
nonstationary,reward_resample,tf_self,10017,76.49134826660156,0.30666666666666664,31.319544315338135,residual
nonstationary,reward_resample,tf_self,10018,76.87963104248047,0.18666666666666668,26.054760456085205,residual
nonstationary,reward_resample,tf_self,10019,91.88406372070312,0.43333333333333335,18.277950286865234,residual
nonstationary,reward_resample,tf_self,10020,85.39291381835938,0.5666666666666667,18.106114387512207,residual
nonstationary,reward_resample,tf_self,10021,65.71446228027344,0.14666666666666667,49.0457501411438,residual
nonstationary,reward_resample,tf_self,10022,62.35934066772461,0.16666666666666666,46.95085000991821,residual
nonstationary,reward_resample,tf_self,10023,72.29879760742188,0.2866666666666667,33.712968826293945,residual
nonstationary,reward_resample,tf_self,10024,92.56648254394531,0.4666666666666667,20.612005710601807,residual
nonstationary,reward_resample,tf_self,10025,71.59249877929688,0.31333333333333335,34.762630462646484,residual
nonstationary,reward_resample,tf_self,10026,69.72430419921875,0.19333333333333333,44.10897350311279,residual
nonstationary,reward_resample,tf_self,10027,64.0992431640625,0.11333333333333333,44.565600872039795,residual
nonstationary,reward_resample,tf_self,10028,80.19129943847656,0.26,33.23870277404785,residual
nonstationary,reward_resample,tf_self,10029,73.86604309082031,0.43333333333333335,35.915996074676514,residual
nonstationary,reward_resample,tf_self,10030,64.796875,0.11333333333333333,49.42268466949463,residual
nonstationary,reward_resample,tf_self,10031,60.874168395996094,0.07333333333333333,49.313432693481445,residual
nonstationary,reward_resample,tf_self,10032,79.798095703125,0.2733333333333333,26.40812921524048,residual
nonstationary,reward_resample,tf_self,10033,69.15126037597656,0.18666666666666668,40.82139539718628,residual
nonstationary,reward_resample,tf_self,10034,70.2501449584961,0.12,42.34695816040039,residual
nonstationary,reward_resample,tf_self,10035,72.56033325195312,0.02,43.92718744277954,residual
nonstationary,reward_resample,tf_self,10036,63.30613327026367,0.1,44.83063840866089,residual
nonstationary,reward_resample,tf_self,10037,77.70309448242188,0.25333333333333335,32.866384983062744,residual
nonstationary,reward_resample,tf_self,10038,81.01315307617188,0.3466666666666667,27.663352966308594,residual
nonstationary,reward_resample,tf_self,10039,73.65782165527344,0.47333333333333333,30.870640754699707,residual
nonstationary,reward_resample,tf_self,10040,60.206459045410156,0.10666666666666667,50.602651596069336,residual
nonstationary,reward_resample,tf_self,10041,66.13999938964844,0.09333333333333334,42.83110570907593,residual
nonstationary,reward_resample,tf_self,10042,93.83226013183594,0.14,27.64846658706665,residual
nonstationary,reward_resample,tf_self,10043,84.987060546875,0.44,33.17465257644653,residual
nonstationary,reward_resample,tf_self,10044,59.579647064208984,0.10666666666666667,48.37767696380615,residual
nonstationary,reward_resample,tf_self,10045,70.30130004882812,0.49333333333333335,31.586313247680664,residual
nonstationary,reward_resample,tf_self,10046,79.16323852539062,0.2,29.304378032684326,residual
nonstationary,reward_resample,tf_self,10047,58.71006774902344,0.09333333333333334,59.40659141540527,residual
nonstationary,reward_resample,tf_self,10048,87.30056762695312,0.14666666666666667,26.23506498336792,residual
nonstationary,reward_resample,optimal,9999,102.68171691894531,1.0,0.0,residual
nonstationary,reward_resample,optimal,10000,115.37294006347656,1.0,0.0,residual
nonstationary,reward_resample,optimal,10001,105.97650146484375,1.0,0.0,residual
nonstationary,reward_resample,optimal,10002,108.77964782714844,1.0,0.0,residual
nonstationary,reward_resample,optimal,10003,115.88105773925781,1.0,0.0,residual
nonstationary,reward_resample,optimal,10004,108.60748291015625,1.0,0.0,residual
nonstationary,reward_resample,optimal,10005,118.06642150878906,1.0,0.0,residual
nonstationary,reward_resample,optimal,10006,107.22020721435547,1.0,0.0,residual
nonstationary,reward_resample,optimal,10007,113.4074478149414,1.0,0.0,residual
nonstationary,reward_resample,optimal,10008,119.28843688964844,1.0,0.0,residual
nonstationary,reward_resample,optimal,10009,118.14584350585938,1.0,0.0,residual
nonstationary,reward_resample,optimal,10010,99.39418029785156,1.0,0.0,residual
nonstationary,reward_resample,optimal,10011,113.23980712890625,1.0,0.0,residual
nonstationary,reward_resample,optimal,10012,114.78971099853516,1.0,0.0,residual
nonstationary,reward_resample,optimal,10013,114.73106384277344,1.0,0.0,residual
nonstationary,reward_resample,optimal,10014,110.49333190917969,1.0,0.0,residual
nonstationary,reward_resample,optimal,10015,110.71542358398438,1.0,0.0,residual
nonstationary,reward_resample,optimal,10016,108.57695770263672,1.0,0.0,residual
nonstationary,reward_resample,optimal,10017,107.00643920898438,1.0,0.0,residual
nonstationary,reward_resample,optimal,10018,100.7786865234375,1.0,0.0,residual
nonstationary,reward_resample,optimal,10019,108.56813049316406,1.0,0.0,residual
nonstationary,reward_resample,optimal,10020,99.81413269042969,1.0,0.0,residual
nonstationary,reward_resample,optimal,10021,114.14503479003906,1.0,0.0,residual
nonstationary,reward_resample,optimal,10022,110.90281677246094,1.0,0.0,residual
nonstationary,reward_resample,optimal,10023,102.4687728881836,1.0,0.0,residual
nonstationary,reward_resample,optimal,10024,112.96939086914062,1.0,0.0,residual
nonstationary,reward_resample,optimal,10025,106.96388244628906,1.0,0.0,residual
nonstationary,reward_resample,optimal,10026,112.25210571289062,1.0,0.0,residual
nonstationary,reward_resample,optimal,10027,111.19020080566406,1.0,0.0,residual
nonstationary,reward_resample,optimal,10028,112.52229309082031,1.0,0.0,residual
nonstationary,reward_resample,optimal,10029,111.55091857910156,1.0,0.0,residual
nonstationary,reward_resample,optimal,10030,119.34767150878906,1.0,0.0,residual
nonstationary,reward_resample,optimal,10031,111.2437744140625,1.0,0.0,residual
nonstationary,reward_resample,optimal,10032,106.4334716796875,1.0,0.0,residual
nonstationary,reward_resample,optimal,10033,110.97038269042969,1.0,0.0,residual
nonstationary,reward_resample,optimal,10034,112.71334838867188,1.0,0.0,residual
nonstationary,reward_resample,optimal,10035,116.45408630371094,1.0,0.0,residual
nonstationary,reward_resample,optimal,10036,104.53862762451172,1.0,0.0,residual
nonstationary,reward_resample,optimal,10037,109.04478454589844,1.0,0.0,residual
nonstationary,reward_resample,optimal,10038,107.80609130859375,1.0,0.0,residual
nonstationary,reward_resample,optimal,10039,107.35003662109375,1.0,0.0,residual
nonstationary,reward_resample,optimal,10040,106.70250701904297,1.0,0.0,residual
nonstationary,reward_resample,optimal,10041,109.58758544921875,1.0,0.0,residual
nonstationary,reward_resample,optimal,10042,120.96985626220703,1.0,0.0,residual
nonstationary,reward_resample,optimal,10043,118.03495788574219,1.0,0.0,residual
nonstationary,reward_resample,optimal,10044,107.92988586425781,1.0,0.0,residual
nonstationary,reward_resample,optimal,10045,100.49861145019531,1.0,0.0,residual
nonstationary,reward_resample,optimal,10046,106.31952667236328,1.0,0.0,residual
nonstationary,reward_resample,optimal,10047,117.62477111816406,1.0,0.0,residual
nonstationary,reward_resample,optimal,10048,114.64598846435547,1.0,0.0,residual
nonstationary,reward_resample,epsgreedy,9999,80.02035522460938,0.2733333333333333,22.646106719970703,residual
nonstationary,reward_resample,epsgreedy,10000,73.38739776611328,0.2733333333333333,40.809420585632324,residual
nonstationary,reward_resample,epsgreedy,10001,70.56961059570312,0.23333333333333334,33.528223514556885,residual
nonstationary,reward_resample,epsgreedy,10002,66.13583374023438,0.24,40.95533084869385,residual
nonstationary,reward_resample,epsgreedy,10003,84.91436767578125,0.18666666666666668,33.6002402305603,residual
nonstationary,reward_resample,epsgreedy,10004,76.02816772460938,0.12666666666666668,32.63523292541504,residual
nonstationary,reward_resample,epsgreedy,10005,80.45246887207031,0.25333333333333335,37.673940658569336,residual
nonstationary,reward_resample,epsgreedy,10006,75.39227294921875,0.2866666666666667,35.994511127471924,residual
nonstationary,reward_resample,epsgreedy,10007,80.11529541015625,0.19333333333333333,31.789103984832764,residual
nonstationary,reward_resample,epsgreedy,10008,95.78251647949219,0.42,26.76861000061035,residual
nonstationary,reward_resample,epsgreedy,10009,77.611328125,0.32,38.580583572387695,residual
nonstationary,reward_resample,epsgreedy,10010,70.20201110839844,0.2733333333333333,27.14684534072876,residual
nonstationary,reward_resample,epsgreedy,10011,77.12867736816406,0.22666666666666666,36.627439975738525,residual
nonstationary,reward_resample,epsgreedy,10012,71.98907470703125,0.23333333333333334,40.36737108230591,residual
nonstationary,reward_resample,epsgreedy,10013,65.27049255371094,0.22666666666666666,43.90156602859497,residual
nonstationary,reward_resample,epsgreedy,10014,75.13130187988281,0.16666666666666666,34.442933559417725,residual
nonstationary,reward_resample,epsgreedy,10015,71.83587646484375,0.17333333333333334,35.47993516921997,residual
nonstationary,reward_resample,epsgreedy,10016,68.75242614746094,0.08,41.03223371505737,residual
nonstationary,reward_resample,epsgreedy,10017,77.58161926269531,0.32666666666666666,30.936213493347168,residual
nonstationary,reward_resample,epsgreedy,10018,70.37318420410156,0.28,30.378034114837646,residual
nonstationary,reward_resample,epsgreedy,10019,78.42866516113281,0.16,31.805908679962158,residual
nonstationary,reward_resample,epsgreedy,10020,63.99950408935547,0.23333333333333334,39.793251514434814,residual
nonstationary,reward_resample,epsgreedy,10021,72.32636260986328,0.29333333333333333,40.43206214904785,residual
nonstationary,reward_resample,epsgreedy,10022,68.58978271484375,0.25333333333333335,39.38662767410278,residual
nonstationary,reward_resample,epsgreedy,10023,67.43170928955078,0.14666666666666667,33.34321451187134,residual
nonstationary,reward_resample,epsgreedy,10024,89.72549438476562,0.29333333333333333,24.652992248535156,residual
nonstationary,reward_resample,epsgreedy,10025,76.64190673828125,0.3466666666666667,29.268430709838867,residual
nonstationary,reward_resample,epsgreedy,10026,72.50250244140625,0.16,41.79801845550537,residual
nonstationary,reward_resample,epsgreedy,10027,77.43814086914062,0.4,34.21056127548218,residual
nonstationary,reward_resample,epsgreedy,10028,75.2120132446289,0.2733333333333333,34.91078758239746,residual
nonstationary,reward_resample,epsgreedy,10029,77.83709716796875,0.32666666666666666,33.488980293273926,residual
nonstationary,reward_resample,epsgreedy,10030,73.65823364257812,0.1,42.46958923339844,residual
nonstationary,reward_resample,epsgreedy,10031,64.93109130859375,0.21333333333333335,45.06799077987671,residual
nonstationary,reward_resample,epsgreedy,10032,78.53407287597656,0.26666666666666666,28.796508312225342,residual
nonstationary,reward_resample,epsgreedy,10033,76.90058135986328,0.3,33.36577367782593,residual
nonstationary,reward_resample,epsgreedy,10034,65.15603637695312,0.08,45.34245252609253,residual
nonstationary,reward_resample,epsgreedy,10035,92.44783020019531,0.22666666666666666,24.496323108673096,residual
nonstationary,reward_resample,epsgreedy,10036,77.04881286621094,0.32,30.893653392791748,residual
nonstationary,reward_resample,epsgreedy,10037,80.66749572753906,0.28,28.11754846572876,residual
nonstationary,reward_resample,epsgreedy,10038,71.97432708740234,0.28,34.30166149139404,residual
nonstationary,reward_resample,epsgreedy,10039,79.645263671875,0.18,27.912059783935547,residual
nonstationary,reward_resample,epsgreedy,10040,89.65055847167969,0.5133333333333333,20.432383060455322,residual
nonstationary,reward_resample,epsgreedy,10041,75.52999877929688,0.3,31.377889156341553,residual
nonstationary,reward_resample,epsgreedy,10042,97.87815856933594,0.32,24.632938385009766,residual
nonstationary,reward_resample,epsgreedy,10043,78.87791442871094,0.3333333333333333,39.24293088912964,residual
nonstationary,reward_resample,epsgreedy,10044,72.66673278808594,0.16,34.25813007354736,residual
nonstationary,reward_resample,epsgreedy,10045,64.36760711669922,0.31333333333333335,34.95990467071533,residual
nonstationary,reward_resample,epsgreedy,10046,78.69194793701172,0.30666666666666664,29.94672966003418,residual
nonstationary,reward_resample,epsgreedy,10047,72.97850799560547,0.24666666666666667,46.33422660827637,residual
nonstationary,reward_resample,epsgreedy,10048,67.38156127929688,0.12666666666666668,48.02690935134888,residual
nonstationary,reward_resample,greedy,9999,79.01359558105469,0.32,25.42809534072876,residual
nonstationary,reward_resample,greedy,10000,73.72576141357422,0.25333333333333335,40.64177417755127,residual
nonstationary,reward_resample,greedy,10001,65.27542877197266,0.2866666666666667,39.257752418518066,residual
nonstationary,reward_resample,greedy,10002,68.3965072631836,0.16666666666666666,35.61081552505493,residual
nonstationary,reward_resample,greedy,10003,77.49727630615234,0.2,40.18125295639038,residual
nonstationary,reward_resample,greedy,10004,77.7027587890625,0.36,33.35556983947754,residual
nonstationary,reward_resample,greedy,10005,71.01525115966797,0.16,49.71424388885498,residual
nonstationary,reward_resample,greedy,10006,73.25390625,0.3,37.93445444107056,residual
nonstationary,reward_resample,greedy,10007,83.18508911132812,0.4,32.47821378707886,residual
nonstationary,reward_resample,greedy,10008,91.96609497070312,0.4066666666666667,28.712661266326904,residual
nonstationary,reward_resample,greedy,10009,68.18824768066406,0.13333333333333333,49.84823417663574,residual
nonstationary,reward_resample,greedy,10010,68.46647644042969,0.36666666666666664,26.642189502716064,residual
nonstationary,reward_resample,greedy,10011,96.747802734375,0.44666666666666666,18.925562858581543,residual
nonstationary,reward_resample,greedy,10012,65.90945434570312,0.15333333333333332,47.86593055725098,residual
nonstationary,reward_resample,greedy,10013,79.18283081054688,0.08666666666666667,35.95391368865967,residual
nonstationary,reward_resample,greedy,10014,77.06784057617188,0.19333333333333333,34.32297897338867,residual
nonstationary,reward_resample,greedy,10015,69.06431579589844,0.19333333333333333,39.19317054748535,residual
nonstationary,reward_resample,greedy,10016,70.76824951171875,0.16666666666666666,40.34264802932739,residual
nonstationary,reward_resample,greedy,10017,75.48307800292969,0.2866666666666667,31.972454071044922,residual
nonstationary,reward_resample,greedy,10018,67.93365478515625,0.2,32.32099962234497,residual
nonstationary,reward_resample,greedy,10019,74.00534057617188,0.11333333333333333,34.83328628540039,residual
nonstationary,reward_resample,greedy,10020,65.60578918457031,0.30666666666666664,39.636415004730225,residual
nonstationary,reward_resample,greedy,10021,85.97885131835938,0.5333333333333333,29.779083251953125,residual
nonstationary,reward_resample,greedy,10022,57.76610565185547,0.12666666666666668,49.24690341949463,residual
nonstationary,reward_resample,greedy,10023,64.66732788085938,0.10666666666666667,37.050471782684326,residual
nonstationary,reward_resample,greedy,10024,97.95297241210938,0.22666666666666666,17.61499309539795,residual
nonstationary,reward_resample,greedy,10025,68.3779296875,0.14,37.6774320602417,residual
nonstationary,reward_resample,greedy,10026,68.87312316894531,0.14,45.72860908508301,residual
nonstationary,reward_resample,greedy,10027,75.62947082519531,0.44666666666666666,34.40719223022461,residual
nonstationary,reward_resample,greedy,10028,72.08656311035156,0.18666666666666668,39.390544414520264,residual
nonstationary,reward_resample,greedy,10029,78.80699157714844,0.23333333333333334,32.063862323760986,residual
nonstationary,reward_resample,greedy,10030,65.63272094726562,0.0,46.11775350570679,residual
nonstationary,reward_resample,greedy,10031,60.930782318115234,0.2866666666666667,48.30286359786987,residual
nonstationary,reward_resample,greedy,10032,73.05150604248047,0.19333333333333333,32.71783208847046,residual
nonstationary,reward_resample,greedy,10033,81.49464416503906,0.23333333333333334,28.824092864990234,residual
nonstationary,reward_resample,greedy,10034,63.5462646484375,0.08666666666666667,50.67342185974121,residual
nonstationary,reward_resample,greedy,10035,85.05181884765625,0.26666666666666666,31.92647933959961,residual
nonstationary,reward_resample,greedy,10036,85.82516479492188,0.41333333333333333,24.473001956939697,residual
nonstationary,reward_resample,greedy,10037,76.10331726074219,0.29333333333333333,32.85798501968384,residual
nonstationary,reward_resample,greedy,10038,70.42132568359375,0.26,38.02248239517212,residual
nonstationary,reward_resample,greedy,10039,80.00042724609375,0.32,23.891576290130615,residual
nonstationary,reward_resample,greedy,10040,80.37138366699219,0.43333333333333335,28.596793174743652,residual
nonstationary,reward_resample,greedy,10041,80.24637603759766,0.34,30.80290412902832,residual
nonstationary,reward_resample,greedy,10042,90.47358703613281,0.22666666666666666,31.22790765762329,residual
nonstationary,reward_resample,greedy,10043,88.61691284179688,0.37333333333333335,29.60379695892334,residual
nonstationary,reward_resample,greedy,10044,61.358333587646484,0.22,46.91761589050293,residual
nonstationary,reward_resample,greedy,10045,58.89752197265625,0.12666666666666668,42.535654067993164,residual
nonstationary,reward_resample,greedy,10046,81.9840087890625,0.44,24.515439987182617,residual
nonstationary,reward_resample,greedy,10047,59.59168243408203,0.21333333333333335,60.25475025177002,residual
nonstationary,reward_resample,greedy,10048,66.95109558105469,0.23333333333333334,46.76860857009888,residual
nonstationary,reward_resample,random,9999,78.1524658203125,0.2866666666666667,27.067503929138184,residual
nonstationary,reward_resample,random,10000,74.01551818847656,0.2733333333333333,39.91421365737915,residual
nonstationary,reward_resample,random,10001,65.02194213867188,0.24,40.96812677383423,residual
nonstationary,reward_resample,random,10002,77.95977020263672,0.34,29.926873683929443,residual
nonstationary,reward_resample,random,10003,81.76119995117188,0.2866666666666667,31.29422616958618,residual
nonstationary,reward_resample,random,10004,78.78341674804688,0.26,32.18732833862305,residual
nonstationary,reward_resample,random,10005,74.38386535644531,0.22,44.18025732040405,residual
nonstationary,reward_resample,random,10006,80.43150329589844,0.37333333333333335,31.66740322113037,residual
nonstationary,reward_resample,random,10007,75.35520935058594,0.20666666666666667,36.2943000793457,residual
nonstationary,reward_resample,random,10008,69.98274993896484,0.22,49.3728723526001,residual
nonstationary,reward_resample,random,10009,77.91338348388672,0.19333333333333333,40.54739046096802,residual
nonstationary,reward_resample,random,10010,66.36954498291016,0.24666666666666667,29.243560314178467,residual
nonstationary,reward_resample,random,10011,72.79151916503906,0.21333333333333335,39.69992685317993,residual
nonstationary,reward_resample,random,10012,79.01663208007812,0.24666666666666667,37.9768500328064,residual
nonstationary,reward_resample,random,10013,78.17289733886719,0.26666666666666666,32.77062654495239,residual
nonstationary,reward_resample,random,10014,68.91926574707031,0.24,41.537997245788574,residual
nonstationary,reward_resample,random,10015,73.01847839355469,0.24666666666666667,37.12616491317749,residual
nonstationary,reward_resample,random,10016,73.76683044433594,0.23333333333333334,34.99947452545166,residual
nonstationary,reward_resample,random,10017,77.31026458740234,0.29333333333333333,30.7165207862854,residual
nonstationary,reward_resample,random,10018,71.19868469238281,0.2733333333333333,30.010849475860596,residual
nonstationary,reward_resample,random,10019,81.40501403808594,0.20666666666666667,25.721449851989746,residual
nonstationary,reward_resample,random,10020,72.45149993896484,0.23333333333333334,33.0570125579834,residual
nonstationary,reward_resample,random,10021,70.67483520507812,0.21333333333333335,41.63249063491821,residual
nonstationary,reward_resample,random,10022,71.58938598632812,0.26666666666666666,34.735318183898926,residual
nonstationary,reward_resample,random,10023,68.21334838867188,0.25333333333333335,35.907572746276855,residual
nonstationary,reward_resample,random,10024,76.88044738769531,0.25333333333333335,40.06231927871704,residual
nonstationary,reward_resample,random,10025,74.20111083984375,0.28,32.48522996902466,residual
nonstationary,reward_resample,random,10026,77.6893310546875,0.22666666666666666,36.73336362838745,residual
nonstationary,reward_resample,random,10027,70.3324966430664,0.22,39.49959754943848,residual
nonstationary,reward_resample,random,10028,78.36448669433594,0.28,35.97931718826294,residual
nonstationary,reward_resample,random,10029,73.04014587402344,0.26,38.38375282287598,residual
nonstationary,reward_resample,random,10030,75.89509582519531,0.28,36.16449499130249,residual
nonstationary,reward_resample,random,10031,67.55838775634766,0.26666666666666666,41.7372088432312,residual
nonstationary,reward_resample,random,10032,75.36553955078125,0.28,31.67991352081299,residual
nonstationary,reward_resample,random,10033,77.80897521972656,0.34,31.4154634475708,residual
nonstationary,reward_resample,random,10034,81.85211944580078,0.20666666666666667,34.17837619781494,residual
nonstationary,reward_resample,random,10035,84.95768737792969,0.24,33.9462456703186,residual
nonstationary,reward_resample,random,10036,67.85931396484375,0.28,37.167959213256836,residual
nonstationary,reward_resample,random,10037,80.53770446777344,0.26,30.783271312713623,residual
nonstationary,reward_resample,random,10038,69.25780487060547,0.23333333333333334,38.98798656463623,residual
nonstationary,reward_resample,random,10039,72.09367370605469,0.20666666666666667,33.73057842254639,residual
nonstationary,reward_resample,random,10040,78.69869995117188,0.32,30.392523765563965,residual
nonstationary,reward_resample,random,10041,69.68603515625,0.18666666666666668,38.64949178695679,residual
nonstationary,reward_resample,random,10042,79.588623046875,0.26,41.73336982727051,residual
nonstationary,reward_resample,random,10043,79.13253784179688,0.22666666666666666,40.12594747543335,residual
nonstationary,reward_resample,random,10044,70.20281982421875,0.22666666666666666,37.26016616821289,residual
nonstationary,reward_resample,random,10045,68.28274536132812,0.3,34.504716873168945,residual
nonstationary,reward_resample,random,10046,68.42802429199219,0.22666666666666666,38.1728720664978,residual
nonstationary,reward_resample,random,10047,72.68944549560547,0.22,47.58717632293701,residual
nonstationary,reward_resample,random,10048,82.20204162597656,0.26666666666666666,32.00578451156616,residual
nonstationary,reward_resample,optimal_frozen,9999,88.3875732421875,0.44,13.82472848892212,residual
nonstationary,reward_resample,optimal_frozen,10000,87.6180191040039,0.3333333333333333,27.829894065856934,residual
nonstationary,reward_resample,optimal_frozen,10001,88.27017211914062,0.5666666666666667,19.97263240814209,residual
nonstationary,reward_resample,optimal_frozen,10002,80.7418212890625,0.5066666666666667,27.281687259674072,residual
nonstationary,reward_resample,optimal_frozen,10003,85.51856994628906,0.3333333333333333,29.1530818939209,residual
nonstationary,reward_resample,optimal_frozen,10004,90.67904663085938,0.5666666666666667,19.2031512260437,residual
nonstationary,reward_resample,optimal_frozen,10005,86.96160888671875,0.4066666666666667,30.24976873397827,residual
nonstationary,reward_resample,optimal_frozen,10006,80.68437194824219,0.4066666666666667,27.287777423858643,residual
nonstationary,reward_resample,optimal_frozen,10007,96.47183227539062,0.6133333333333333,16.816226959228516,residual
nonstationary,reward_resample,optimal_frozen,10008,84.92987060546875,0.41333333333333333,32.438477993011475,residual
nonstationary,reward_resample,optimal_frozen,10009,97.4803466796875,0.49333333333333335,20.80223321914673,residual
nonstationary,reward_resample,optimal_frozen,10010,75.98855590820312,0.44,22.167898654937744,residual
nonstationary,reward_resample,optimal_frozen,10011,93.4901123046875,0.7066666666666667,19.51304531097412,residual
nonstationary,reward_resample,optimal_frozen,10012,100.85150909423828,0.6066666666666667,12.469254493713379,residual
nonstationary,reward_resample,optimal_frozen,10013,102.28984069824219,0.56,12.037217140197754,residual
nonstationary,reward_resample,optimal_frozen,10014,83.42474365234375,0.4866666666666667,27.104114055633545,residual
nonstationary,reward_resample,optimal_frozen,10015,97.25363159179688,0.72,11.887677192687988,residual
nonstationary,reward_resample,optimal_frozen,10016,86.08184814453125,0.54,22.308380603790283,residual
nonstationary,reward_resample,optimal_frozen,10017,79.12031555175781,0.44,28.713904857635498,residual
nonstationary,reward_resample,optimal_frozen,10018,87.83285522460938,0.4866666666666667,12.846643447875977,residual
nonstationary,reward_resample,optimal_frozen,10019,90.81668090820312,0.4666666666666667,14.860340595245361,residual
nonstationary,reward_resample,optimal_frozen,10020,88.82621765136719,0.6466666666666666,11.929686546325684,residual
nonstationary,reward_resample,optimal_frozen,10021,88.20699310302734,0.5,26.060443878173828,residual
nonstationary,reward_resample,optimal_frozen,10022,81.60810852050781,0.41333333333333333,26.048689365386963,residual
nonstationary,reward_resample,optimal_frozen,10023,78.96472930908203,0.4666666666666667,24.53993797302246,residual
nonstationary,reward_resample,optimal_frozen,10024,77.38104248046875,0.3333333333333333,34.15322208404541,residual
nonstationary,reward_resample,optimal_frozen,10025,85.18695068359375,0.4666666666666667,19.96863603591919,residual
nonstationary,reward_resample,optimal_frozen,10026,94.83979797363281,0.6533333333333333,17.633548736572266,residual
nonstationary,reward_resample,optimal_frozen,10027,89.71357727050781,0.6733333333333333,21.059097290039062,residual
nonstationary,reward_resample,optimal_frozen,10028,94.59893035888672,0.6866666666666666,17.934330940246582,residual
nonstationary,reward_resample,optimal_frozen,10029,75.93865966796875,0.44,33.26785469055176,residual
nonstationary,reward_resample,optimal_frozen,10030,86.47969818115234,0.5533333333333333,29.88707685470581,residual
nonstationary,reward_resample,optimal_frozen,10031,72.437255859375,0.38666666666666666,36.12862253189087,residual
nonstationary,reward_resample,optimal_frozen,10032,102.1236343383789,0.7066666666666667,4.225158214569092,residual
nonstationary,reward_resample,optimal_frozen,10033,76.11526489257812,0.3333333333333333,33.43563461303711,residual
nonstationary,reward_resample,optimal_frozen,10034,91.95805358886719,0.48,23.759212970733643,residual
nonstationary,reward_resample,optimal_frozen,10035,97.60411834716797,0.6466666666666666,19.342025756835938,residual
nonstationary,reward_resample,optimal_frozen,10036,73.25779724121094,0.47333333333333333,31.816706657409668,residual
nonstationary,reward_resample,optimal_frozen,10037,86.44662475585938,0.5866666666666667,22.610873699188232,residual
nonstationary,reward_resample,optimal_frozen,10038,76.4010238647461,0.5066666666666667,30.978590965270996,residual
nonstationary,reward_resample,optimal_frozen,10039,82.28999328613281,0.3933333333333333,26.024415969848633,residual
nonstationary,reward_resample,optimal_frozen,10040,81.61508178710938,0.5533333333333333,25.598711490631104,residual
nonstationary,reward_resample,optimal_frozen,10041,89.1453857421875,0.66,20.697593212127686,residual
nonstationary,reward_resample,optimal_frozen,10042,100.55026245117188,0.6666666666666666,20.93910026550293,residual
nonstationary,reward_resample,optimal_frozen,10043,97.46129608154297,0.5866666666666667,21.13004446029663,residual
nonstationary,reward_resample,optimal_frozen,10044,87.9795150756836,0.46,20.085998058319092,residual
nonstationary,reward_resample,optimal_frozen,10045,86.70393371582031,0.7133333333333334,12.717074394226074,residual
nonstationary,reward_resample,optimal_frozen,10046,84.00670623779297,0.3333333333333333,24.787981510162354,residual
nonstationary,reward_resample,optimal_frozen,10047,96.73857116699219,0.48,22.954465866088867,residual
nonstationary,reward_resample,optimal_frozen,10048,91.63432312011719,0.41333333333333333,23.880893230438232,residual
nonstationary,transition_resample,tf_legacy,9999,94.08683776855469,0.4,18.170206546783447,residual
nonstationary,transition_resample,tf_legacy,10000,86.21228790283203,0.34,35.30164432525635,residual
nonstationary,transition_resample,tf_legacy,10001,64.07933044433594,0.04,46.06938362121582,residual
nonstationary,transition_resample,tf_legacy,10002,79.52494812011719,0.32,31.009058952331543,residual
nonstationary,transition_resample,tf_legacy,10003,100.078125,0.56,20.638168811798096,residual
nonstationary,transition_resample,tf_legacy,10004,67.90233612060547,0.19333333333333333,39.258909702301025,residual
nonstationary,transition_resample,tf_legacy,10005,99.29502868652344,0.5933333333333334,19.75841188430786,residual
nonstationary,transition_resample,tf_legacy,10006,69.51432800292969,0.0,41.221900939941406,residual
nonstationary,transition_resample,tf_legacy,10007,74.5594482421875,0.17333333333333334,43.76447677612305,residual
nonstationary,transition_resample,tf_legacy,10008,61.93672561645508,0.16666666666666666,58.73787069320679,residual
nonstationary,transition_resample,tf_legacy,10009,72.30664825439453,0.16,45.658464431762695,residual
nonstationary,transition_resample,tf_legacy,10010,86.13020324707031,0.32,26.257558822631836,residual
nonstationary,transition_resample,tf_legacy,10011,85.59883117675781,0.24666666666666667,28.04595708847046,residual
nonstationary,transition_resample,tf_legacy,10012,70.79293823242188,0.32666666666666666,52.577555656433105,residual
nonstationary,transition_resample,tf_legacy,10013,80.60681915283203,0.03333333333333333,42.011136531829834,residual
nonstationary,transition_resample,tf_legacy,10014,74.15919494628906,0.46,48.4226131439209,residual
nonstationary,transition_resample,tf_legacy,10015,96.05237579345703,0.5,13.61384391784668,residual
nonstationary,transition_resample,tf_legacy,10016,47.13566589355469,0.08666666666666667,51.57223606109619,residual
nonstationary,transition_resample,tf_legacy,10017,77.88448333740234,0.35333333333333333,28.501373291015625,residual
nonstationary,transition_resample,tf_legacy,10018,81.96116638183594,0.28,27.877931594848633,residual
nonstationary,transition_resample,tf_legacy,10019,87.93525695800781,0.3,24.406301975250244,residual
nonstationary,transition_resample,tf_legacy,10020,73.29487609863281,0.3,28.70271348953247,residual
nonstationary,transition_resample,tf_legacy,10021,74.8992919921875,0.46,32.72834014892578,residual
nonstationary,transition_resample,tf_legacy,10022,89.79298400878906,0.36,24.02899742126465,residual
nonstationary,transition_resample,tf_legacy,10023,81.35171508789062,0.6,23.341635704040527,residual
nonstationary,transition_resample,tf_legacy,10024,99.62909698486328,0.5066666666666667,14.442844867706299,residual
nonstationary,transition_resample,tf_legacy,10025,73.07650756835938,0.29333333333333333,31.515142917633057,residual
nonstationary,transition_resample,tf_legacy,10026,94.71832275390625,0.6933333333333334,4.420557498931885,residual
nonstationary,transition_resample,tf_legacy,10027,76.03302764892578,0.16666666666666666,33.100221157073975,residual
nonstationary,transition_resample,tf_legacy,10028,78.92472076416016,0.23333333333333334,29.436379432678223,residual
nonstationary,transition_resample,tf_legacy,10029,81.28543090820312,0.26666666666666666,31.778565883636475,residual
nonstationary,transition_resample,tf_legacy,10030,73.8362045288086,0.18666666666666668,33.54491567611694,residual
nonstationary,transition_resample,tf_legacy,10031,77.33470153808594,0.25333333333333335,33.84208869934082,residual
nonstationary,transition_resample,tf_legacy,10032,75.71993255615234,0.4533333333333333,13.45242977142334,residual
nonstationary,transition_resample,tf_legacy,10033,96.45635986328125,0.4533333333333333,24.478529930114746,residual
nonstationary,transition_resample,tf_legacy,10034,78.98233032226562,0.10666666666666667,32.274476051330566,residual
nonstationary,transition_resample,tf_legacy,10035,84.32754516601562,0.22666666666666666,42.035757064819336,residual
nonstationary,transition_resample,tf_legacy,10036,71.60893249511719,0.23333333333333334,43.408249855041504,residual
nonstationary,transition_resample,tf_legacy,10037,83.51060485839844,0.3933333333333333,16.117852687835693,residual
nonstationary,transition_resample,tf_legacy,10038,85.19808959960938,0.5333333333333333,17.43317747116089,residual
nonstationary,transition_resample,tf_legacy,10039,68.8719253540039,0.06,43.86983346939087,residual
nonstationary,transition_resample,tf_legacy,10040,91.36688232421875,0.5266666666666666,17.978758335113525,residual
nonstationary,transition_resample,tf_legacy,10041,67.70417785644531,0.22,39.07174873352051,residual
nonstationary,transition_resample,tf_legacy,10042,72.14356994628906,0.08666666666666667,42.09810543060303,residual
nonstationary,transition_resample,tf_legacy,10043,95.16845703125,0.49333333333333335,19.888062000274658,residual
nonstationary,transition_resample,tf_legacy,10044,59.95355224609375,0.21333333333333335,47.11585330963135,residual
nonstationary,transition_resample,tf_legacy,10045,68.92780303955078,0.26666666666666666,40.50773811340332,residual
nonstationary,transition_resample,tf_legacy,10046,82.70216369628906,0.21333333333333335,30.459628105163574,residual
nonstationary,transition_resample,tf_legacy,10047,62.25691223144531,0.04,52.551472187042236,residual
nonstationary,transition_resample,tf_legacy,10048,96.48686218261719,0.22666666666666666,19.320723056793213,residual
nonstationary,transition_resample,tf_self,9999,92.81619262695312,0.4666666666666667,19.584301471710205,residual
nonstationary,transition_resample,tf_self,10000,86.21228790283203,0.34,35.30164432525635,residual
nonstationary,transition_resample,tf_self,10001,64.07933044433594,0.04,46.06938362121582,residual
nonstationary,transition_resample,tf_self,10002,78.60545349121094,0.28,31.95428991317749,residual
nonstationary,transition_resample,tf_self,10003,91.69969177246094,0.48,31.281153202056885,residual
nonstationary,transition_resample,tf_self,10004,63.14514923095703,0.2,44.3442587852478,residual
nonstationary,transition_resample,tf_self,10005,100.32894897460938,0.5866666666666667,18.498931884765625,residual
nonstationary,transition_resample,tf_self,10006,69.95880126953125,0.0,40.581732749938965,residual
nonstationary,transition_resample,tf_self,10007,80.33399963378906,0.14666666666666667,38.591856956481934,residual
nonstationary,transition_resample,tf_self,10008,87.17684936523438,0.2733333333333333,33.284085750579834,residual
nonstationary,transition_resample,tf_self,10009,71.81324768066406,0.13333333333333333,46.34238529205322,residual
nonstationary,transition_resample,tf_self,10010,69.4891128540039,0.12,44.1790132522583,residual
nonstationary,transition_resample,tf_self,10011,93.7801513671875,0.38,21.454905033111572,residual
nonstationary,transition_resample,tf_self,10012,89.13553619384766,0.4666666666666667,36.58999586105347,residual
nonstationary,transition_resample,tf_self,10013,88.60693359375,0.03333333333333333,35.2337384223938,residual
nonstationary,transition_resample,tf_self,10014,93.03472137451172,0.5133333333333333,29.841471195220947,residual
nonstationary,transition_resample,tf_self,10015,87.53134155273438,0.35333333333333333,22.8230037689209,residual
nonstationary,transition_resample,tf_self,10016,47.13566589355469,0.08666666666666667,51.57223606109619,residual
nonstationary,transition_resample,tf_self,10017,61.148468017578125,0.12,45.93171548843384,residual
nonstationary,transition_resample,tf_self,10018,78.77839660644531,0.20666666666666667,31.23646593093872,residual
nonstationary,transition_resample,tf_self,10019,87.24769592285156,0.2866666666666667,24.366400718688965,residual
nonstationary,transition_resample,tf_self,10020,72.29348754882812,0.4533333333333333,31.208061695098877,residual
nonstationary,transition_resample,tf_self,10021,57.146663665771484,0.18666666666666668,50.43455171585083,residual
nonstationary,transition_resample,tf_self,10022,67.49714660644531,0.12666666666666668,47.19437313079834,residual
nonstationary,transition_resample,tf_self,10023,64.1007080078125,0.20666666666666667,41.701834201812744,residual
nonstationary,transition_resample,tf_self,10024,99.62909698486328,0.5066666666666667,14.442844867706299,residual
nonstationary,transition_resample,tf_self,10025,70.13916015625,0.2866666666666667,35.362633228302,residual
nonstationary,transition_resample,tf_self,10026,86.36970520019531,0.5933333333333334,12.298550605773926,residual
nonstationary,transition_resample,tf_self,10027,75.578857421875,0.12666666666666668,33.01636743545532,residual
nonstationary,transition_resample,tf_self,10028,88.15850830078125,0.35333333333333333,23.26592493057251,residual
nonstationary,transition_resample,tf_self,10029,94.99288177490234,0.5133333333333333,18.52624225616455,residual
nonstationary,transition_resample,tf_self,10030,70.64047241210938,0.24666666666666667,33.43656921386719,residual
nonstationary,transition_resample,tf_self,10031,73.66621398925781,0.18666666666666668,37.267014503479004,residual
nonstationary,transition_resample,tf_self,10032,73.86614990234375,0.4666666666666667,15.777004718780518,residual
nonstationary,transition_resample,tf_self,10033,93.91064453125,0.43333333333333335,27.027812004089355,residual
nonstationary,transition_resample,tf_self,10034,78.97665405273438,0.10666666666666667,32.324378490448,residual
nonstationary,transition_resample,tf_self,10035,85.50012969970703,0.10666666666666667,40.84133291244507,residual
nonstationary,transition_resample,tf_self,10036,66.63129425048828,0.09333333333333334,50.69818592071533,residual
nonstationary,transition_resample,tf_self,10037,78.77046203613281,0.3333333333333333,20.549619674682617,residual
nonstationary,transition_resample,tf_self,10038,74.76275634765625,0.12,28.99386215209961,residual
nonstationary,transition_resample,tf_self,10039,73.22013854980469,0.36,38.036842346191406,residual
nonstationary,transition_resample,tf_self,10040,85.82998657226562,0.3333333333333333,26.00222635269165,residual
nonstationary,transition_resample,tf_self,10041,69.0206527709961,0.30666666666666664,37.649418354034424,residual
nonstationary,transition_resample,tf_self,10042,75.37846374511719,0.0,38.70297050476074,residual
nonstationary,transition_resample,tf_self,10043,96.03480529785156,0.49333333333333335,18.856557846069336,residual
nonstationary,transition_resample,tf_self,10044,68.39463806152344,0.16666666666666666,40.51397180557251,residual
nonstationary,transition_resample,tf_self,10045,66.02827453613281,0.24666666666666667,40.07911491394043,residual
nonstationary,transition_resample,tf_self,10046,77.37409210205078,0.10666666666666667,35.83775568008423,residual
nonstationary,transition_resample,tf_self,10047,56.93374252319336,0.0,58.46670341491699,residual
nonstationary,transition_resample,tf_self,10048,93.54620361328125,0.14666666666666667,25.206122875213623,residual
nonstationary,transition_resample,optimal,9999,109.10213470458984,1.0,0.0,residual
nonstationary,transition_resample,optimal,10000,120.21955108642578,1.0,0.0,residual
nonstationary,transition_resample,optimal,10001,111.17208862304688,1.0,0.0,residual
nonstationary,transition_resample,optimal,10002,112.75860595703125,1.0,0.0,residual
nonstationary,transition_resample,optimal,10003,119.8573226928711,1.0,0.0,residual
nonstationary,transition_resample,optimal,10004,108.5435791015625,1.0,0.0,residual
nonstationary,transition_resample,optimal,10005,118.79519653320312,1.0,0.0,residual
nonstationary,transition_resample,optimal,10006,106.199951171875,1.0,0.0,residual
nonstationary,transition_resample,optimal,10007,115.69293975830078,1.0,0.0,residual
nonstationary,transition_resample,optimal,10008,119.13638305664062,1.0,0.0,residual
nonstationary,transition_resample,optimal,10009,116.21626281738281,1.0,0.0,residual
nonstationary,transition_resample,optimal,10010,110.8702621459961,1.0,0.0,residual
nonstationary,transition_resample,optimal,10011,115.1717300415039,1.0,0.0,residual
nonstationary,transition_resample,optimal,10012,122.87251281738281,1.0,0.0,residual
nonstationary,transition_resample,optimal,10013,123.47830200195312,1.0,0.0,residual
nonstationary,transition_resample,optimal,10014,118.90156555175781,1.0,0.0,residual
nonstationary,transition_resample,optimal,10015,111.6934814453125,1.0,0.0,residual
nonstationary,transition_resample,optimal,10016,99.97752380371094,1.0,0.0,residual
nonstationary,transition_resample,optimal,10017,106.53590393066406,1.0,0.0,residual
nonstationary,transition_resample,optimal,10018,110.17353057861328,1.0,0.0,residual
nonstationary,transition_resample,optimal,10019,114.73417663574219,1.0,0.0,residual
nonstationary,transition_resample,optimal,10020,100.75035095214844,1.0,0.0,residual
nonstationary,transition_resample,optimal,10021,107.73090362548828,1.0,0.0,residual
nonstationary,transition_resample,optimal,10022,117.94464111328125,1.0,0.0,residual
nonstationary,transition_resample,optimal,10023,104.41614532470703,1.0,0.0,residual
nonstationary,transition_resample,optimal,10024,113.23974609375,1.0,0.0,residual
nonstationary,transition_resample,optimal,10025,105.83984375,1.0,0.0,residual
nonstationary,transition_resample,optimal,10026,98.44043731689453,1.0,0.0,residual
nonstationary,transition_resample,optimal,10027,108.32305908203125,1.0,0.0,residual
nonstationary,transition_resample,optimal,10028,107.921142578125,1.0,0.0,residual
nonstationary,transition_resample,optimal,10029,111.21267700195312,1.0,0.0,residual
nonstationary,transition_resample,optimal,10030,111.97064208984375,1.0,0.0,residual
nonstationary,transition_resample,optimal,10031,110.05795288085938,1.0,0.0,residual
nonstationary,transition_resample,optimal,10032,90.38063049316406,1.0,0.0,residual
nonstationary,transition_resample,optimal,10033,121.55033111572266,1.0,0.0,residual
nonstationary,transition_resample,optimal,10034,112.79039764404297,1.0,0.0,residual
nonstationary,transition_resample,optimal,10035,126.90995788574219,1.0,0.0,residual
nonstationary,transition_resample,optimal,10036,112.76276397705078,1.0,0.0,residual
nonstationary,transition_resample,optimal,10037,102.58638000488281,1.0,0.0,residual
nonstationary,transition_resample,optimal,10038,104.46061706542969,1.0,0.0,residual
nonstationary,transition_resample,optimal,10039,112.96064758300781,1.0,0.0,residual
nonstationary,transition_resample,optimal,10040,107.31165313720703,1.0,0.0,residual
nonstationary,transition_resample,optimal,10041,106.4156723022461,1.0,0.0,residual
nonstationary,transition_resample,optimal,10042,115.78977966308594,1.0,0.0,residual
nonstationary,transition_resample,optimal,10043,114.8600082397461,1.0,0.0,residual
nonstationary,transition_resample,optimal,10044,109.25233459472656,1.0,0.0,residual
nonstationary,transition_resample,optimal,10045,108.85336303710938,1.0,0.0,residual
nonstationary,transition_resample,optimal,10046,114.37784576416016,1.0,0.0,residual
nonstationary,transition_resample,optimal,10047,116.43339538574219,1.0,0.0,residual
nonstationary,transition_resample,optimal,10048,119.98974609375,1.0,0.0,residual
nonstationary,transition_resample,epsgreedy,9999,83.89789581298828,0.23333333333333334,27.028913497924805,residual
nonstationary,transition_resample,epsgreedy,10000,93.6671142578125,0.43333333333333335,27.13642406463623,residual
nonstationary,transition_resample,epsgreedy,10001,88.27642822265625,0.5333333333333333,20.302069664001465,residual
nonstationary,transition_resample,epsgreedy,10002,95.99371337890625,0.5133333333333333,17.23949909210205,residual
nonstationary,transition_resample,epsgreedy,10003,85.67776489257812,0.19333333333333333,33.94991588592529,residual
nonstationary,transition_resample,epsgreedy,10004,75.75132751464844,0.36,32.87386226654053,residual
nonstationary,transition_resample,epsgreedy,10005,74.52680206298828,0.28,44.655640602111816,residual
nonstationary,transition_resample,epsgreedy,10006,95.73776245117188,0.4866666666666667,12.717597007751465,residual
nonstationary,transition_resample,epsgreedy,10007,93.5781478881836,0.26,22.175654411315918,residual
nonstationary,transition_resample,epsgreedy,10008,87.2029037475586,0.37333333333333335,32.33068513870239,residual
nonstationary,transition_resample,epsgreedy,10009,75.4439697265625,0.24666666666666667,42.44073295593262,residual
nonstationary,transition_resample,epsgreedy,10010,91.0805435180664,0.5933333333333334,20.744605541229248,residual
nonstationary,transition_resample,epsgreedy,10011,83.90303039550781,0.18666666666666668,32.35080337524414,residual
nonstationary,transition_resample,epsgreedy,10012,81.38561248779297,0.3466666666666667,44.66032409667969,residual
nonstationary,transition_resample,epsgreedy,10013,78.97633361816406,0.05333333333333334,40.28778266906738,residual
nonstationary,transition_resample,epsgreedy,10014,86.36894226074219,0.41333333333333333,33.45093107223511,residual
nonstationary,transition_resample,epsgreedy,10015,78.92288208007812,0.12666666666666668,30.39352321624756,residual
nonstationary,transition_resample,epsgreedy,10016,65.42992401123047,0.18666666666666668,34.685062885284424,residual
nonstationary,transition_resample,epsgreedy,10017,85.1905517578125,0.38666666666666666,23.310678005218506,residual
nonstationary,transition_resample,epsgreedy,10018,74.33161926269531,0.29333333333333333,35.86612892150879,residual
nonstationary,transition_resample,epsgreedy,10019,76.70619201660156,0.29333333333333333,37.234782218933105,residual
nonstationary,transition_resample,epsgreedy,10020,76.62210083007812,0.26,26.928106784820557,residual
nonstationary,transition_resample,epsgreedy,10021,73.89228057861328,0.5466666666666666,33.20073652267456,residual
nonstationary,transition_resample,epsgreedy,10022,79.64695739746094,0.38,35.27972078323364,residual
nonstationary,transition_resample,epsgreedy,10023,72.74049377441406,0.38,31.2170090675354,residual
nonstationary,transition_resample,epsgreedy,10024,85.67268371582031,0.38666666666666666,25.58590269088745,residual
nonstationary,transition_resample,epsgreedy,10025,79.54146575927734,0.48,25.37752056121826,residual
nonstationary,transition_resample,epsgreedy,10026,82.53108978271484,0.4666666666666667,17.0408992767334,residual
nonstationary,transition_resample,epsgreedy,10027,74.75794982910156,0.3333333333333333,34.54439115524292,residual
nonstationary,transition_resample,epsgreedy,10028,70.92401885986328,0.23333333333333334,40.72570753097534,residual
nonstationary,transition_resample,epsgreedy,10029,74.12509155273438,0.3333333333333333,36.81446361541748,residual
nonstationary,transition_resample,epsgreedy,10030,82.53850555419922,0.16,24.69863510131836,residual
nonstationary,transition_resample,epsgreedy,10031,83.10194396972656,0.24666666666666667,27.770183086395264,residual
nonstationary,transition_resample,epsgreedy,10032,76.03227996826172,0.36,15.911847114562988,residual
nonstationary,transition_resample,epsgreedy,10033,100.8056869506836,0.6066666666666667,20.180675983428955,residual
nonstationary,transition_resample,epsgreedy,10034,68.94134521484375,0.07333333333333333,46.27509927749634,residual
nonstationary,transition_resample,epsgreedy,10035,83.97491455078125,0.11333333333333333,42.87069654464722,residual
nonstationary,transition_resample,epsgreedy,10036,82.68577575683594,0.3333333333333333,28.960285663604736,residual
nonstationary,transition_resample,epsgreedy,10037,88.86450958251953,0.4066666666666667,13.806732654571533,residual
nonstationary,transition_resample,epsgreedy,10038,84.54133605957031,0.3333333333333333,20.12626028060913,residual
nonstationary,transition_resample,epsgreedy,10039,88.15885925292969,0.26,23.684361457824707,residual
nonstationary,transition_resample,epsgreedy,10040,81.36283874511719,0.4266666666666667,29.046753406524658,residual
nonstationary,transition_resample,epsgreedy,10041,83.80662536621094,0.49333333333333335,23.27726936340332,residual
nonstationary,transition_resample,epsgreedy,10042,89.97867584228516,0.24666666666666667,24.301908493041992,residual
nonstationary,transition_resample,epsgreedy,10043,65.82078552246094,0.18,48.85109233856201,residual
nonstationary,transition_resample,epsgreedy,10044,72.6878662109375,0.26666666666666666,35.020100116729736,residual
nonstationary,transition_resample,epsgreedy,10045,72.9489974975586,0.28,34.675703048706055,residual
nonstationary,transition_resample,epsgreedy,10046,72.63668823242188,0.23333333333333334,41.352450370788574,residual
nonstationary,transition_resample,epsgreedy,10047,68.14833068847656,0.03333333333333333,47.55421018600464,residual
nonstationary,transition_resample,epsgreedy,10048,76.30332946777344,0.19333333333333333,40.86079454421997,residual
nonstationary,transition_resample,greedy,9999,86.97169494628906,0.35333333333333333,23.4761381149292,residual
nonstationary,transition_resample,greedy,10000,96.5322265625,0.35333333333333333,24.01403284072876,residual
nonstationary,transition_resample,greedy,10001,76.83541107177734,0.46,31.76790475845337,residual
nonstationary,transition_resample,greedy,10002,83.61489868164062,0.32666666666666666,23.53123712539673,residual
nonstationary,transition_resample,greedy,10003,93.84828186035156,0.32,25.53265953063965,residual
nonstationary,transition_resample,greedy,10004,70.11182403564453,0.36,37.93781518936157,residual
nonstationary,transition_resample,greedy,10005,67.0667724609375,0.21333333333333335,52.32036256790161,residual
nonstationary,transition_resample,greedy,10006,95.97868347167969,0.44666666666666666,12.627640724182129,residual
nonstationary,transition_resample,greedy,10007,80.645751953125,0.19333333333333333,37.72289419174194,residual
nonstationary,transition_resample,greedy,10008,91.41620635986328,0.38666666666666666,28.325976848602295,residual
nonstationary,transition_resample,greedy,10009,61.524452209472656,0.11333333333333333,53.39372730255127,residual
nonstationary,transition_resample,greedy,10010,95.61651611328125,0.7266666666666667,14.224901676177979,residual
nonstationary,transition_resample,greedy,10011,92.72935485839844,0.30666666666666664,20.71857786178589,residual
nonstationary,transition_resample,greedy,10012,82.86225128173828,0.3466666666666667,44.71193885803223,residual
nonstationary,transition_resample,greedy,10013,86.55915832519531,0.15333333333333332,38.16879367828369,residual
nonstationary,transition_resample,greedy,10014,79.47297668457031,0.43333333333333335,40.754608154296875,residual
nonstationary,transition_resample,greedy,10015,81.7161636352539,0.24666666666666667,29.708457946777344,residual
nonstationary,transition_resample,greedy,10016,60.86769104003906,0.16,41.25665855407715,residual
nonstationary,transition_resample,greedy,10017,77.26898193359375,0.2733333333333333,32.75754737854004,residual
nonstationary,transition_resample,greedy,10018,66.34367370605469,0.16,44.382062911987305,residual
nonstationary,transition_resample,greedy,10019,74.39418029785156,0.36,39.30882167816162,residual
nonstationary,transition_resample,greedy,10020,84.12838745117188,0.26666666666666666,18.68940019607544,residual
nonstationary,transition_resample,greedy,10021,81.44941711425781,0.6933333333333334,25.19507598876953,residual
nonstationary,transition_resample,greedy,10022,70.92135620117188,0.18,43.18353080749512,residual
nonstationary,transition_resample,greedy,10023,56.97734832763672,0.19333333333333333,47.55975294113159,residual
nonstationary,transition_resample,greedy,10024,74.99671173095703,0.22666666666666666,41.12990713119507,residual
nonstationary,transition_resample,greedy,10025,79.27052307128906,0.26,24.74953556060791,residual
nonstationary,transition_resample,greedy,10026,84.85530853271484,0.5133333333333333,14.381886959075928,residual
nonstationary,transition_resample,greedy,10027,77.07752990722656,0.35333333333333333,31.779554843902588,residual
nonstationary,transition_resample,greedy,10028,61.782386779785156,0.0,46.47475719451904,residual
nonstationary,transition_resample,greedy,10029,72.26151275634766,0.26,37.35189199447632,residual
nonstationary,transition_resample,greedy,10030,81.79248046875,0.20666666666666667,24.261876583099365,residual
nonstationary,transition_resample,greedy,10031,81.77273559570312,0.5,27.1807222366333,residual
nonstationary,transition_resample,greedy,10032,67.09893798828125,0.32,22.701730728149414,residual
nonstationary,transition_resample,greedy,10033,91.2216796875,0.2,31.351147174835205,residual
nonstationary,transition_resample,greedy,10034,78.53926086425781,0.15333333333333332,34.417479038238525,residual
nonstationary,transition_resample,greedy,10035,77.78328704833984,0.1,49.29464817047119,residual
nonstationary,transition_resample,greedy,10036,75.75770568847656,0.3,36.92753887176514,residual
nonstationary,transition_resample,greedy,10037,81.43824005126953,0.44,21.145179271697998,residual
nonstationary,transition_resample,greedy,10038,83.35079956054688,0.32666666666666666,18.494887828826904,residual
nonstationary,transition_resample,greedy,10039,80.3912353515625,0.2,30.20486831665039,residual
nonstationary,transition_resample,greedy,10040,82.73512268066406,0.44666666666666666,27.223474979400635,residual
nonstationary,transition_resample,greedy,10041,77.1485595703125,0.38,29.212268829345703,residual
nonstationary,transition_resample,greedy,10042,91.22685241699219,0.12,23.439769744873047,residual
nonstationary,transition_resample,greedy,10043,82.61717224121094,0.3333333333333333,30.662413120269775,residual
nonstationary,transition_resample,greedy,10044,57.77799987792969,0.03333333333333333,50.922110080718994,residual
nonstationary,transition_resample,greedy,10045,68.96466827392578,0.04666666666666667,37.3639817237854,residual
nonstationary,transition_resample,greedy,10046,68.09070587158203,0.2733333333333333,44.683308601379395,residual
nonstationary,transition_resample,greedy,10047,58.686649322509766,0.0,58.501097202301025,residual
nonstationary,transition_resample,greedy,10048,66.34546661376953,0.26666666666666666,51.52288198471069,residual
nonstationary,transition_resample,random,9999,76.62286376953125,0.24,34.29606342315674,residual
nonstationary,transition_resample,random,10000,81.16429901123047,0.3,38.0300555229187,residual
nonstationary,transition_resample,random,10001,74.10151672363281,0.26,36.04855823516846,residual
nonstationary,transition_resample,random,10002,78.36160278320312,0.29333333333333333,33.71791362762451,residual
nonstationary,transition_resample,random,10003,86.94108581542969,0.3,32.11137247085571,residual
nonstationary,transition_resample,random,10004,75.18653869628906,0.24666666666666667,35.20868635177612,residual
nonstationary,transition_resample,random,10005,73.95521545410156,0.28,44.67593288421631,residual
nonstationary,transition_resample,random,10006,80.37336730957031,0.3333333333333333,29.09119987487793,residual
nonstationary,transition_resample,random,10007,82.59619140625,0.21333333333333335,35.27491331100464,residual
nonstationary,transition_resample,random,10008,71.28509521484375,0.22666666666666666,47.87814712524414,residual
nonstationary,transition_resample,random,10009,72.98149108886719,0.2,43.98994541168213,residual
nonstationary,transition_resample,random,10010,75.36996459960938,0.24,37.30683517456055,residual
nonstationary,transition_resample,random,10011,81.58622741699219,0.22666666666666666,33.60757637023926,residual
nonstationary,transition_resample,random,10012,89.8487548828125,0.29333333333333333,34.58752107620239,residual
nonstationary,transition_resample,random,10013,88.29778289794922,0.24,34.18186855316162,residual
nonstationary,transition_resample,random,10014,79.93486785888672,0.31333333333333335,43.2450008392334,residual
nonstationary,transition_resample,random,10015,78.06185913085938,0.19333333333333333,32.37209892272949,residual
nonstationary,transition_resample,random,10016,73.66532897949219,0.30666666666666664,28.44115447998047,residual
nonstationary,transition_resample,random,10017,76.68292236328125,0.25333333333333335,31.533843994140625,residual
nonstationary,transition_resample,random,10018,76.501708984375,0.23333333333333334,34.939640045166016,residual
nonstationary,transition_resample,random,10019,80.63200378417969,0.24,31.56356716156006,residual
nonstationary,transition_resample,random,10020,73.54283142089844,0.24,30.742043018341064,residual
nonstationary,transition_resample,random,10021,66.38326263427734,0.2733333333333333,40.040903091430664,residual
nonstationary,transition_resample,random,10022,80.68482208251953,0.29333333333333333,32.584367752075195,residual
nonstationary,transition_resample,random,10023,69.42953491210938,0.26666666666666666,37.2161431312561,residual
nonstationary,transition_resample,random,10024,85.45953369140625,0.28,30.345413208007812,residual
nonstationary,transition_resample,random,10025,68.90740966796875,0.17333333333333334,36.2423734664917,residual
nonstationary,transition_resample,random,10026,72.95838165283203,0.29333333333333333,26.88182830810547,residual
nonstationary,transition_resample,random,10027,69.62239074707031,0.21333333333333335,36.97883129119873,residual
nonstationary,transition_resample,random,10028,73.91107940673828,0.28,41.148823261260986,residual
nonstationary,transition_resample,random,10029,74.89175415039062,0.25333333333333335,37.85233211517334,residual
nonstationary,transition_resample,random,10030,74.58076477050781,0.24,30.78775405883789,residual
nonstationary,transition_resample,random,10031,75.40482330322266,0.32,36.03168725967407,residual
nonstationary,transition_resample,random,10032,68.60507202148438,0.3,20.21078062057495,residual
nonstationary,transition_resample,random,10033,80.67686462402344,0.24666666666666667,39.901939392089844,residual
nonstationary,transition_resample,random,10034,80.6626968383789,0.25333333333333335,32.801767349243164,residual
nonstationary,transition_resample,random,10035,84.54302978515625,0.26,42.2859320640564,residual
nonstationary,transition_resample,random,10036,78.3418197631836,0.28,33.442251682281494,residual
nonstationary,transition_resample,random,10037,74.73694610595703,0.22,27.054794311523438,residual
nonstationary,transition_resample,random,10038,73.25298309326172,0.24666666666666667,30.175706386566162,residual
nonstationary,transition_resample,random,10039,82.40676879882812,0.26,29.766084671020508,residual
nonstationary,transition_resample,random,10040,81.75931549072266,0.29333333333333333,27.98775577545166,residual
nonstationary,transition_resample,random,10041,70.93171691894531,0.22666666666666666,37.171130657196045,residual
nonstationary,transition_resample,random,10042,82.05181884765625,0.24666666666666667,33.489935874938965,residual
nonstationary,transition_resample,random,10043,72.27822875976562,0.24,43.67606019973755,residual
nonstationary,transition_resample,random,10044,73.62522888183594,0.23333333333333334,40.790343284606934,residual
nonstationary,transition_resample,random,10045,69.8520736694336,0.2866666666666667,39.77336597442627,residual
nonstationary,transition_resample,random,10046,75.25949096679688,0.22666666666666666,39.47591304779053,residual
nonstationary,transition_resample,random,10047,73.94520568847656,0.18666666666666668,44.33114147186279,residual
nonstationary,transition_resample,random,10048,84.38899230957031,0.26,32.129512786865234,residual
nonstationary,transition_resample,optimal_frozen,9999,109.10213470458984,1.0,0.0,residual
nonstationary,transition_resample,optimal_frozen,10000,118.86387634277344,0.8866666666666667,0.9855556488037109,residual
nonstationary,transition_resample,optimal_frozen,10001,110.97897338867188,0.9733333333333334,0.0378265380859375,residual
nonstationary,transition_resample,optimal_frozen,10002,112.89268493652344,0.9133333333333333,0.5340585708618164,residual
nonstationary,transition_resample,optimal_frozen,10003,119.8573226928711,1.0,0.0,residual
nonstationary,transition_resample,optimal_frozen,10004,106.96260070800781,0.86,1.5080652236938477,residual
nonstationary,transition_resample,optimal_frozen,10005,118.79519653320312,1.0,0.0,residual
nonstationary,transition_resample,optimal_frozen,10006,106.199951171875,1.0,0.0,residual
nonstationary,transition_resample,optimal_frozen,10007,116.46968078613281,0.9,0.0782632827758789,residual
nonstationary,transition_resample,optimal_frozen,10008,119.13638305664062,1.0,0.0,residual
nonstationary,transition_resample,optimal_frozen,10009,116.21626281738281,1.0,0.0,residual
nonstationary,transition_resample,optimal_frozen,10010,110.8702621459961,1.0,0.0,residual
nonstationary,transition_resample,optimal_frozen,10011,115.08708190917969,0.8666666666666667,1.4190101623535156,residual
nonstationary,transition_resample,optimal_frozen,10012,122.87251281738281,1.0,0.0,residual
nonstationary,transition_resample,optimal_frozen,10013,122.73320007324219,0.9066666666666666,0.8776569366455078,residual
nonstationary,transition_resample,optimal_frozen,10014,118.90156555175781,1.0,0.0,residual
nonstationary,transition_resample,optimal_frozen,10015,111.6934814453125,1.0,0.0,residual
nonstationary,transition_resample,optimal_frozen,10016,99.31293487548828,0.8333333333333334,1.1422314643859863,residual
nonstationary,transition_resample,optimal_frozen,10017,107.34016418457031,0.94,0.06514978408813477,residual
nonstationary,transition_resample,optimal_frozen,10018,110.17353057861328,1.0,0.0,residual
nonstationary,transition_resample,optimal_frozen,10019,114.33533477783203,0.9666666666666667,0.13988733291625977,residual
nonstationary,transition_resample,optimal_frozen,10020,99.70108032226562,0.86,1.1967034339904785,residual
nonstationary,transition_resample,optimal_frozen,10021,107.73090362548828,1.0,0.0,residual
nonstationary,transition_resample,optimal_frozen,10022,118.22901916503906,0.96,0.08933544158935547,residual
nonstationary,transition_resample,optimal_frozen,10023,104.41614532470703,1.0,0.0,residual
nonstationary,transition_resample,optimal_frozen,10024,113.23974609375,1.0,0.0,residual
nonstationary,transition_resample,optimal_frozen,10025,105.73292541503906,0.9133333333333333,0.1194772720336914,residual
nonstationary,transition_resample,optimal_frozen,10026,98.7265625,0.8933333333333333,0.08960723876953125,residual
nonstationary,transition_resample,optimal_frozen,10027,108.16310119628906,0.8733333333333333,0.216278076171875,residual
nonstationary,transition_resample,optimal_frozen,10028,105.2002944946289,0.8866666666666667,1.0351252555847168,residual
nonstationary,transition_resample,optimal_frozen,10029,109.77255249023438,0.8133333333333334,2.3469791412353516,residual
nonstationary,transition_resample,optimal_frozen,10030,112.70297241210938,0.7933333333333333,0.8771705627441406,residual
nonstationary,transition_resample,optimal_frozen,10031,110.05795288085938,1.0,0.0,residual
nonstationary,transition_resample,optimal_frozen,10032,88.75716400146484,0.7866666666666666,1.1157736778259277,residual
nonstationary,transition_resample,optimal_frozen,10033,121.55033111572266,1.0,0.0,residual
nonstationary,transition_resample,optimal_frozen,10034,112.53016662597656,0.7333333333333333,0.6811528205871582,residual
nonstationary,transition_resample,optimal_frozen,10035,126.90995788574219,1.0,0.0,residual
nonstationary,transition_resample,optimal_frozen,10036,111.51155853271484,0.84,0.8326530456542969,residual
nonstationary,transition_resample,optimal_frozen,10037,96.36033630371094,0.7266666666666667,1.6471824645996094,residual
nonstationary,transition_resample,optimal_frozen,10038,103.94566345214844,0.82,0.4711146354675293,residual
nonstationary,transition_resample,optimal_frozen,10039,110.13475799560547,0.74,2.358358383178711,residual
nonstationary,transition_resample,optimal_frozen,10040,105.90789794921875,0.88,2.4903345108032227,residual
nonstationary,transition_resample,optimal_frozen,10041,105.62480163574219,0.8733333333333333,0.19672679901123047,residual
nonstationary,transition_resample,optimal_frozen,10042,115.78977966308594,1.0,0.0,residual
nonstationary,transition_resample,optimal_frozen,10043,114.8600082397461,1.0,0.0,residual
nonstationary,transition_resample,optimal_frozen,10044,104.905517578125,0.7733333333333333,2.179539203643799,residual
nonstationary,transition_resample,optimal_frozen,10045,109.57798767089844,0.9066666666666666,0.6227378845214844,residual
nonstationary,transition_resample,optimal_frozen,10046,114.37784576416016,1.0,0.0,residual
nonstationary,transition_resample,optimal_frozen,10047,115.20315551757812,0.84,0.9256095886230469,residual
nonstationary,transition_resample,optimal_frozen,10048,117.9532470703125,0.92,0.5957794189453125,residual
nonstationary,full_resample,tf_legacy,9999,82.03400421142578,0.58,21.145018100738525,residual
nonstationary,full_resample,tf_legacy,10000,91.23783874511719,0.4866666666666667,27.825520515441895,residual
nonstationary,full_resample,tf_legacy,10001,73.11797332763672,0.32666666666666666,38.0507378578186,residual
nonstationary,full_resample,tf_legacy,10002,79.09506225585938,0.2,41.00510263442993,residual
nonstationary,full_resample,tf_legacy,10003,69.78431701660156,0.26666666666666666,49.94525861740112,residual
nonstationary,full_resample,tf_legacy,10004,66.32757568359375,0.18,46.25339984893799,residual
nonstationary,full_resample,tf_legacy,10005,86.492431640625,0.34,24.541918754577637,residual
nonstationary,full_resample,tf_legacy,10006,67.2952880859375,0.02666666666666667,43.19660758972168,residual
nonstationary,full_resample,tf_legacy,10007,68.35078430175781,0.29333333333333333,46.01707172393799,residual
nonstationary,full_resample,tf_legacy,10008,59.183448791503906,0.14,48.64143228530884,residual
nonstationary,full_resample,tf_legacy,10009,75.87227630615234,0.2866666666666667,42.63097333908081,residual
nonstationary,full_resample,tf_legacy,10010,77.93447875976562,0.21333333333333335,30.988481521606445,residual
nonstationary,full_resample,tf_legacy,10011,76.89270782470703,0.2733333333333333,30.099563121795654,residual
nonstationary,full_resample,tf_legacy,10012,70.414794921875,0.24,52.34875965118408,residual
nonstationary,full_resample,tf_legacy,10013,72.83924865722656,0.11333333333333333,27.65515899658203,residual
nonstationary,full_resample,tf_legacy,10014,83.16581726074219,0.43333333333333335,32.81528425216675,residual
nonstationary,full_resample,tf_legacy,10015,84.0947494506836,0.3,27.479129791259766,residual
nonstationary,full_resample,tf_legacy,10016,55.831382751464844,0.1,44.19624996185303,residual
nonstationary,full_resample,tf_legacy,10017,64.24246978759766,0.24666666666666667,42.18181037902832,residual
nonstationary,full_resample,tf_legacy,10018,96.29588317871094,0.4666666666666667,18.87302017211914,residual
nonstationary,full_resample,tf_legacy,10019,79.91777801513672,0.29333333333333333,33.265268325805664,residual
nonstationary,full_resample,tf_legacy,10020,81.98746490478516,0.22666666666666666,25.132904529571533,residual
nonstationary,full_resample,tf_legacy,10021,63.10426330566406,0.2866666666666667,42.09127616882324,residual
nonstationary,full_resample,tf_legacy,10022,72.42664337158203,0.24666666666666667,42.119099140167236,residual
nonstationary,full_resample,tf_legacy,10023,85.42745971679688,0.5333333333333333,26.503990650177002,residual
nonstationary,full_resample,tf_legacy,10024,74.6921157836914,0.14,26.09556818008423,residual
nonstationary,full_resample,tf_legacy,10025,76.2499008178711,0.23333333333333334,37.617340087890625,residual
nonstationary,full_resample,tf_legacy,10026,84.02406311035156,0.32666666666666666,31.511296272277832,residual
nonstationary,full_resample,tf_legacy,10027,80.21178436279297,0.22666666666666666,27.95082712173462,residual
nonstationary,full_resample,tf_legacy,10028,67.6107177734375,0.22,42.149938106536865,residual
nonstationary,full_resample,tf_legacy,10029,80.6032943725586,0.26666666666666666,29.492541313171387,residual
nonstationary,full_resample,tf_legacy,10030,68.30607604980469,0.13333333333333333,44.524611473083496,residual
nonstationary,full_resample,tf_legacy,10031,84.3533935546875,0.28,33.64457082748413,residual
nonstationary,full_resample,tf_legacy,10032,80.904052734375,0.41333333333333333,24.03087329864502,residual
nonstationary,full_resample,tf_legacy,10033,72.60803985595703,0.25333333333333335,47.90687656402588,residual
nonstationary,full_resample,tf_legacy,10034,92.95176696777344,0.24,23.783798217773438,residual
nonstationary,full_resample,tf_legacy,10035,78.4160385131836,0.21333333333333335,36.12194061279297,residual
nonstationary,full_resample,tf_legacy,10036,82.14197540283203,0.35333333333333333,37.430296897888184,residual
nonstationary,full_resample,tf_legacy,10037,87.00992584228516,0.38,17.37814950942993,residual
nonstationary,full_resample,tf_legacy,10038,73.61842346191406,0.3933333333333333,34.59953451156616,residual
nonstationary,full_resample,tf_legacy,10039,57.45509338378906,0.09333333333333334,47.62296724319458,residual
nonstationary,full_resample,tf_legacy,10040,97.12237548828125,0.48,18.57673168182373,residual
nonstationary,full_resample,tf_legacy,10041,70.09356689453125,0.3333333333333333,37.032997131347656,residual
nonstationary,full_resample,tf_legacy,10042,90.28347778320312,0.4533333333333333,22.69490623474121,residual
nonstationary,full_resample,tf_legacy,10043,79.11585998535156,0.21333333333333335,32.07767629623413,residual
nonstationary,full_resample,tf_legacy,10044,72.01988983154297,0.2,39.65714931488037,residual
nonstationary,full_resample,tf_legacy,10045,76.02876281738281,0.15333333333333332,37.358211040496826,residual
nonstationary,full_resample,tf_legacy,10046,88.34902954101562,0.2866666666666667,25.54622173309326,residual
nonstationary,full_resample,tf_legacy,10047,78.46102142333984,0.35333333333333333,32.43108606338501,residual
nonstationary,full_resample,tf_legacy,10048,87.30685424804688,0.42,27.589993000030518,residual
nonstationary,full_resample,tf_self,9999,79.52237701416016,0.5066666666666667,23.364253044128418,residual
nonstationary,full_resample,tf_self,10000,86.11209869384766,0.41333333333333333,32.72164440155029,residual
nonstationary,full_resample,tf_self,10001,76.687744140625,0.36,35.20463514328003,residual
nonstationary,full_resample,tf_self,10002,89.30933380126953,0.22,31.26993417739868,residual
nonstationary,full_resample,tf_self,10003,64.44721984863281,0.2,56.59377336502075,residual
nonstationary,full_resample,tf_self,10004,80.92771911621094,0.44,31.756624221801758,residual
nonstationary,full_resample,tf_self,10005,85.14471435546875,0.3333333333333333,24.371461391448975,residual
nonstationary,full_resample,tf_self,10006,71.05123138427734,0.08,39.670706272125244,residual
nonstationary,full_resample,tf_self,10007,65.57027435302734,0.26,51.632014751434326,residual
nonstationary,full_resample,tf_self,10008,69.61782836914062,0.3,36.03578424453735,residual
nonstationary,full_resample,tf_self,10009,76.4886474609375,0.3,42.039666175842285,residual
nonstationary,full_resample,tf_self,10010,65.31547546386719,0.14,44.47078466415405,residual
nonstationary,full_resample,tf_self,10011,69.9936294555664,0.18,37.44561576843262,residual
nonstationary,full_resample,tf_self,10012,62.17247009277344,0.30666666666666664,60.82879114151001,residual
nonstationary,full_resample,tf_self,10013,70.17679595947266,0.08666666666666667,29.37296438217163,residual
nonstationary,full_resample,tf_self,10014,88.63707733154297,0.44,28.7580828666687,residual
nonstationary,full_resample,tf_self,10015,88.59468841552734,0.26,24.20425510406494,residual
nonstationary,full_resample,tf_self,10016,55.831382751464844,0.1,44.19624996185303,residual
nonstationary,full_resample,tf_self,10017,58.36848449707031,0.12666666666666668,48.560951709747314,residual
nonstationary,full_resample,tf_self,10018,82.03903198242188,0.19333333333333333,32.92064571380615,residual
nonstationary,full_resample,tf_self,10019,76.29139709472656,0.22666666666666666,38.39480113983154,residual
nonstationary,full_resample,tf_self,10020,79.29342651367188,0.26666666666666666,28.963837146759033,residual
nonstationary,full_resample,tf_self,10021,62.424835205078125,0.14,43.17498159408569,residual
nonstationary,full_resample,tf_self,10022,77.25674438476562,0.25333333333333335,33.945499897003174,residual
nonstationary,full_resample,tf_self,10023,81.75186157226562,0.3,33.98295545578003,residual
nonstationary,full_resample,tf_self,10024,76.46932983398438,0.14,24.46536350250244,residual
nonstationary,full_resample,tf_self,10025,79.30044555664062,0.24,34.507712841033936,residual
nonstationary,full_resample,tf_self,10026,83.37275695800781,0.44,32.197285175323486,residual
nonstationary,full_resample,tf_self,10027,81.25521087646484,0.24666666666666667,26.409671306610107,residual
nonstationary,full_resample,tf_self,10028,70.69657897949219,0.37333333333333335,40.87519884109497,residual
nonstationary,full_resample,tf_self,10029,79.65269470214844,0.23333333333333334,32.069392681121826,residual
nonstationary,full_resample,tf_self,10030,94.25601196289062,0.56,17.240848064422607,residual
nonstationary,full_resample,tf_self,10031,92.45683288574219,0.4066666666666667,25.63381290435791,residual
nonstationary,full_resample,tf_self,10032,72.57962799072266,0.24666666666666667,33.52158546447754,residual
nonstationary,full_resample,tf_self,10033,72.60803985595703,0.25333333333333335,47.90687656402588,residual
nonstationary,full_resample,tf_self,10034,95.57174682617188,0.20666666666666667,22.189249992370605,residual
nonstationary,full_resample,tf_self,10035,79.41117858886719,0.26,33.92529773712158,residual
nonstationary,full_resample,tf_self,10036,93.50125122070312,0.4666666666666667,26.670753479003906,residual
nonstationary,full_resample,tf_self,10037,90.39543914794922,0.5533333333333333,16.7937273979187,residual
nonstationary,full_resample,tf_self,10038,80.86320495605469,0.30666666666666664,28.2440505027771,residual
nonstationary,full_resample,tf_self,10039,64.55210876464844,0.23333333333333334,41.93429088592529,residual
nonstationary,full_resample,tf_self,10040,90.65811157226562,0.26,27.255226135253906,residual
nonstationary,full_resample,tf_self,10041,77.1233901977539,0.26666666666666666,34.158875942230225,residual
nonstationary,full_resample,tf_self,10042,88.2619857788086,0.4066666666666667,22.236095905303955,residual
nonstationary,full_resample,tf_self,10043,83.79449462890625,0.36666666666666664,27.234233856201172,residual
nonstationary,full_resample,tf_self,10044,76.08125305175781,0.13333333333333333,36.628079414367676,residual
nonstationary,full_resample,tf_self,10045,82.99024963378906,0.29333333333333333,30.32465124130249,residual
nonstationary,full_resample,tf_self,10046,86.93119049072266,0.19333333333333333,25.531593322753906,residual
nonstationary,full_resample,tf_self,10047,81.52387237548828,0.3933333333333333,27.932947158813477,residual
nonstationary,full_resample,tf_self,10048,66.06537628173828,0.16,50.70512294769287,residual
nonstationary,full_resample,optimal,9999,103.06625366210938,1.0,0.0,residual
nonstationary,full_resample,optimal,10000,118.46887969970703,1.0,0.0,residual
nonstationary,full_resample,optimal,10001,112.07415008544922,1.0,0.0,residual
nonstationary,full_resample,optimal,10002,122.08647155761719,1.0,0.0,residual
nonstationary,full_resample,optimal,10003,120.70317077636719,1.0,0.0,residual
nonstationary,full_resample,optimal,10004,112.85458374023438,1.0,0.0,residual
nonstationary,full_resample,optimal,10005,105.63136291503906,1.0,0.0,residual
nonstationary,full_resample,optimal,10006,109.60951232910156,1.0,0.0,residual
nonstationary,full_resample,optimal,10007,110.75581359863281,1.0,0.0,residual
nonstationary,full_resample,optimal,10008,106.68601989746094,1.0,0.0,residual
nonstationary,full_resample,optimal,10009,119.85924530029297,1.0,0.0,residual
nonstationary,full_resample,optimal,10010,113.21426391601562,1.0,0.0,residual
nonstationary,full_resample,optimal,10011,106.30955505371094,1.0,0.0,residual
nonstationary,full_resample,optimal,10012,124.68925476074219,1.0,0.0,residual
nonstationary,full_resample,optimal,10013,100.59671020507812,1.0,0.0,residual
nonstationary,full_resample,optimal,10014,114.95782470703125,1.0,0.0,residual
nonstationary,full_resample,optimal,10015,114.97280883789062,1.0,0.0,residual
nonstationary,full_resample,optimal,10016,100.436279296875,1.0,0.0,residual
nonstationary,full_resample,optimal,10017,107.73677062988281,1.0,0.0,residual
nonstationary,full_resample,optimal,10018,117.62403869628906,1.0,0.0,residual
nonstationary,full_resample,optimal,10019,110.73097229003906,1.0,0.0,residual
nonstationary,full_resample,optimal,10020,106.24081420898438,1.0,0.0,residual
nonstationary,full_resample,optimal,10021,105.01536560058594,1.0,0.0,residual
nonstationary,full_resample,optimal,10022,111.38330078125,1.0,0.0,residual
nonstationary,full_resample,optimal,10023,110.07945251464844,1.0,0.0,residual
nonstationary,full_resample,optimal,10024,100.87052917480469,1.0,0.0,residual
nonstationary,full_resample,optimal,10025,115.77240753173828,1.0,0.0,residual
nonstationary,full_resample,optimal,10026,116.22496795654297,1.0,0.0,residual
nonstationary,full_resample,optimal,10027,106.95921325683594,1.0,0.0,residual
nonstationary,full_resample,optimal,10028,109.09746551513672,1.0,0.0,residual
nonstationary,full_resample,optimal,10029,108.51185607910156,1.0,0.0,residual
nonstationary,full_resample,optimal,10030,114.83250427246094,1.0,0.0,residual
nonstationary,full_resample,optimal,10031,118.07527160644531,1.0,0.0,residual
nonstationary,full_resample,optimal,10032,107.26560974121094,1.0,0.0,residual
nonstationary,full_resample,optimal,10033,118.89892578125,1.0,0.0,residual
nonstationary,full_resample,optimal,10034,115.47291564941406,1.0,0.0,residual
nonstationary,full_resample,optimal,10035,113.44618225097656,1.0,0.0,residual
nonstationary,full_resample,optimal,10036,118.01409912109375,1.0,0.0,residual
nonstationary,full_resample,optimal,10037,102.60734558105469,1.0,0.0,residual
nonstationary,full_resample,optimal,10038,109.9742431640625,1.0,0.0,residual
nonstationary,full_resample,optimal,10039,106.40740203857422,1.0,0.0,residual
nonstationary,full_resample,optimal,10040,115.741943359375,1.0,0.0,residual
nonstationary,full_resample,optimal,10041,113.13487243652344,1.0,0.0,residual
nonstationary,full_resample,optimal,10042,111.87903594970703,1.0,0.0,residual
nonstationary,full_resample,optimal,10043,109.67408752441406,1.0,0.0,residual
nonstationary,full_resample,optimal,10044,112.89361572265625,1.0,0.0,residual
nonstationary,full_resample,optimal,10045,113.8197021484375,1.0,0.0,residual
nonstationary,full_resample,optimal,10046,115.65681457519531,1.0,0.0,residual
nonstationary,full_resample,optimal,10047,110.93257141113281,1.0,0.0,residual
nonstationary,full_resample,optimal,10048,115.27439880371094,1.0,0.0,residual
nonstationary,full_resample,epsgreedy,9999,74.46404266357422,0.26666666666666666,29.777758598327637,residual
nonstationary,full_resample,epsgreedy,10000,86.5628662109375,0.35333333333333333,31.203936100006104,residual
nonstationary,full_resample,epsgreedy,10001,75.10765838623047,0.32,35.96853160858154,residual
nonstationary,full_resample,epsgreedy,10002,82.99150085449219,0.18666666666666668,36.66232967376709,residual
nonstationary,full_resample,epsgreedy,10003,78.74900817871094,0.18666666666666668,41.4764838218689,residual
nonstationary,full_resample,epsgreedy,10004,82.94357299804688,0.38,30.719815254211426,residual
nonstationary,full_resample,epsgreedy,10005,69.77491760253906,0.17333333333333334,37.27165222167969,residual
nonstationary,full_resample,epsgreedy,10006,84.61390686035156,0.32666666666666666,28.13446283340454,residual
nonstationary,full_resample,epsgreedy,10007,79.96658325195312,0.24,31.50720739364624,residual
nonstationary,full_resample,epsgreedy,10008,78.84163665771484,0.46,30.049041748046875,residual
nonstationary,full_resample,epsgreedy,10009,65.69970703125,0.20666666666666667,52.83439111709595,residual
nonstationary,full_resample,epsgreedy,10010,74.26215362548828,0.36666666666666664,34.57728147506714,residual
nonstationary,full_resample,epsgreedy,10011,68.0129165649414,0.14,38.682918071746826,residual
nonstationary,full_resample,epsgreedy,10012,65.83576965332031,0.22,57.876060009002686,residual
nonstationary,full_resample,epsgreedy,10013,67.178955078125,0.19333333333333333,29.920828342437744,residual
nonstationary,full_resample,epsgreedy,10014,75.49075317382812,0.26666666666666666,40.786848068237305,residual
nonstationary,full_resample,epsgreedy,10015,86.4358901977539,0.19333333333333333,24.572150707244873,residual
nonstationary,full_resample,epsgreedy,10016,65.96641540527344,0.17333333333333334,35.16969919204712,residual
nonstationary,full_resample,epsgreedy,10017,67.44464874267578,0.31333333333333335,39.95346927642822,residual
nonstationary,full_resample,epsgreedy,10018,81.63032531738281,0.30666666666666664,34.30673599243164,residual
nonstationary,full_resample,epsgreedy,10019,87.78630065917969,0.30666666666666664,28.722069263458252,residual
nonstationary,full_resample,epsgreedy,10020,77.68597412109375,0.31333333333333335,29.843339920043945,residual
nonstationary,full_resample,epsgreedy,10021,66.46633911132812,0.26,39.391348361968994,residual
nonstationary,full_resample,epsgreedy,10022,75.33097076416016,0.35333333333333333,38.26086759567261,residual
nonstationary,full_resample,epsgreedy,10023,77.07109069824219,0.38666666666666666,34.54783296585083,residual
nonstationary,full_resample,epsgreedy,10024,71.16703796386719,0.31333333333333335,31.374125480651855,residual
nonstationary,full_resample,epsgreedy,10025,88.16357421875,0.4,25.04439067840576,residual
nonstationary,full_resample,epsgreedy,10026,91.83583068847656,0.49333333333333335,24.818870544433594,residual
nonstationary,full_resample,epsgreedy,10027,84.62118530273438,0.38,23.24718427658081,residual
nonstationary,full_resample,epsgreedy,10028,76.23126220703125,0.15333333333333332,31.878931045532227,residual
nonstationary,full_resample,epsgreedy,10029,77.2031021118164,0.25333333333333335,34.91931915283203,residual
nonstationary,full_resample,epsgreedy,10030,83.78358459472656,0.41333333333333333,26.731611728668213,residual
nonstationary,full_resample,epsgreedy,10031,91.58911895751953,0.5066666666666667,25.939693927764893,residual
nonstationary,full_resample,epsgreedy,10032,75.78376770019531,0.2866666666666667,31.135443687438965,residual
nonstationary,full_resample,epsgreedy,10033,83.76018524169922,0.49333333333333335,36.118215560913086,residual
nonstationary,full_resample,epsgreedy,10034,81.28759765625,0.25333333333333335,32.0728816986084,residual
nonstationary,full_resample,epsgreedy,10035,74.19010925292969,0.13333333333333333,38.783724784851074,residual
nonstationary,full_resample,epsgreedy,10036,81.70635986328125,0.32,38.758434772491455,residual
nonstationary,full_resample,epsgreedy,10037,86.33695983886719,0.15333333333333332,17.51328134536743,residual
nonstationary,full_resample,epsgreedy,10038,75.02774047851562,0.31333333333333335,33.95643472671509,residual
nonstationary,full_resample,epsgreedy,10039,57.75405502319336,0.07333333333333333,47.79909944534302,residual
nonstationary,full_resample,epsgreedy,10040,81.50419616699219,0.34,37.090803146362305,residual
nonstationary,full_resample,epsgreedy,10041,76.13050842285156,0.20666666666666667,35.67372941970825,residual
nonstationary,full_resample,epsgreedy,10042,81.7979736328125,0.36666666666666664,28.03908109664917,residual
nonstationary,full_resample,epsgreedy,10043,87.09663391113281,0.4666666666666667,23.93687629699707,residual
nonstationary,full_resample,epsgreedy,10044,78.19788360595703,0.34,34.19596529006958,residual
nonstationary,full_resample,epsgreedy,10045,88.73372650146484,0.44666666666666666,22.695932388305664,residual
nonstationary,full_resample,epsgreedy,10046,74.71279907226562,0.30666666666666664,37.73022413253784,residual
nonstationary,full_resample,epsgreedy,10047,70.65306091308594,0.20666666666666667,40.30049753189087,residual
nonstationary,full_resample,epsgreedy,10048,72.12136840820312,0.24666666666666667,40.402626037597656,residual
nonstationary,full_resample,greedy,9999,70.4993896484375,0.24666666666666667,32.05115604400635,residual
nonstationary,full_resample,greedy,10000,77.19351959228516,0.22666666666666666,41.081214427948,residual
nonstationary,full_resample,greedy,10001,64.92904663085938,0.16,45.85440492630005,residual
nonstationary,full_resample,greedy,10002,92.749267578125,0.3333333333333333,24.89826011657715,residual
nonstationary,full_resample,greedy,10003,90.6009521484375,0.38,31.17209815979004,residual
nonstationary,full_resample,greedy,10004,82.54158020019531,0.35333333333333333,31.75758647918701,residual
nonstationary,full_resample,greedy,10005,70.78010559082031,0.18,42.49589443206787,residual
nonstationary,full_resample,greedy,10006,84.73423767089844,0.36666666666666664,27.66363525390625,residual
nonstationary,full_resample,greedy,10007,68.293212890625,0.24,49.00172996520996,residual
nonstationary,full_resample,greedy,10008,82.24893188476562,0.52,26.05928611755371,residual
nonstationary,full_resample,greedy,10009,74.71519470214844,0.25333333333333335,44.38745880126953,residual
nonstationary,full_resample,greedy,10010,64.34976959228516,0.3,44.02473497390747,residual
nonstationary,full_resample,greedy,10011,78.51992797851562,0.20666666666666667,28.313522815704346,residual
nonstationary,full_resample,greedy,10012,58.293453216552734,0.14,66.86481428146362,residual
nonstationary,full_resample,greedy,10013,61.729461669921875,0.12666666666666668,40.8480749130249,residual
nonstationary,full_resample,greedy,10014,80.71894836425781,0.32666666666666666,33.6184344291687,residual
nonstationary,full_resample,greedy,10015,92.53633117675781,0.20666666666666667,19.697493076324463,residual
nonstationary,full_resample,greedy,10016,65.59284973144531,0.13333333333333333,36.00172805786133,residual
nonstationary,full_resample,greedy,10017,64.4019775390625,0.26,43.31635522842407,residual
nonstationary,full_resample,greedy,10018,79.58628845214844,0.35333333333333333,35.66534757614136,residual
nonstationary,full_resample,greedy,10019,85.14351654052734,0.28,30.746803283691406,residual
nonstationary,full_resample,greedy,10020,67.3030776977539,0.16666666666666666,39.964513301849365,residual
nonstationary,full_resample,greedy,10021,65.62638854980469,0.31333333333333335,40.40426158905029,residual
nonstationary,full_resample,greedy,10022,70.6986083984375,0.25333333333333335,39.413172245025635,residual
nonstationary,full_resample,greedy,10023,72.53235626220703,0.32,39.29889154434204,residual
nonstationary,full_resample,greedy,10024,71.795166015625,0.44,28.139473915100098,residual
nonstationary,full_resample,greedy,10025,85.453125,0.18,29.35756206512451,residual
nonstationary,full_resample,greedy,10026,92.01103210449219,0.52,24.380236625671387,residual
nonstationary,full_resample,greedy,10027,81.71228790283203,0.35333333333333333,26.50383710861206,residual
nonstationary,full_resample,greedy,10028,58.846282958984375,0.0,46.697914600372314,residual
nonstationary,full_resample,greedy,10029,75.43441772460938,0.15333333333333332,33.7274603843689,residual
nonstationary,full_resample,greedy,10030,75.83085632324219,0.14666666666666667,32.604111671447754,residual
nonstationary,full_resample,greedy,10031,81.83346557617188,0.5,35.25465440750122,residual
nonstationary,full_resample,greedy,10032,79.13008117675781,0.28,28.83417558670044,residual
nonstationary,full_resample,greedy,10033,64.22843933105469,0.2,56.80854415893555,residual
nonstationary,full_resample,greedy,10034,82.19253540039062,0.21333333333333335,33.93155765533447,residual
nonstationary,full_resample,greedy,10035,72.99522399902344,0.08,40.35076713562012,residual
nonstationary,full_resample,greedy,10036,83.13690948486328,0.32666666666666666,37.510066986083984,residual
nonstationary,full_resample,greedy,10037,80.77803039550781,0.22666666666666666,22.27660608291626,residual
nonstationary,full_resample,greedy,10038,78.35232543945312,0.4,30.143095016479492,residual
nonstationary,full_resample,greedy,10039,48.98419952392578,0.04666666666666667,56.02363395690918,residual
nonstationary,full_resample,greedy,10040,79.77976989746094,0.4266666666666667,38.51193618774414,residual
nonstationary,full_resample,greedy,10041,80.9657211303711,0.3333333333333333,30.207729816436768,residual
nonstationary,full_resample,greedy,10042,83.27940368652344,0.36666666666666664,26.411715984344482,residual
nonstationary,full_resample,greedy,10043,84.14598083496094,0.32666666666666666,28.246960163116455,residual
nonstationary,full_resample,greedy,10044,63.750205993652344,0.08666666666666667,48.63998603820801,residual
nonstationary,full_resample,greedy,10045,84.46977233886719,0.36,27.91442632675171,residual
nonstationary,full_resample,greedy,10046,74.23503112792969,0.3,39.47458839416504,residual
nonstationary,full_resample,greedy,10047,70.73445129394531,0.2,40.37809181213379,residual
nonstationary,full_resample,greedy,10048,60.06009292602539,0.16666666666666666,54.33975887298584,residual
nonstationary,full_resample,random,9999,70.05915832519531,0.24666666666666667,34.507593631744385,residual
nonstationary,full_resample,random,10000,78.24070739746094,0.34,37.14071083068848,residual
nonstationary,full_resample,random,10001,77.61551666259766,0.3,33.05622720718384,residual
nonstationary,full_resample,random,10002,88.92536926269531,0.3466666666666667,32.01460552215576,residual
nonstationary,full_resample,random,10003,81.62101745605469,0.3,41.011155128479004,residual
nonstationary,full_resample,random,10004,73.54529571533203,0.2733333333333333,41.165223598480225,residual
nonstationary,full_resample,random,10005,75.29116821289062,0.28,36.97682523727417,residual
nonstationary,full_resample,random,10006,80.03022003173828,0.3466666666666667,32.740647315979004,residual
nonstationary,full_resample,random,10007,74.66410827636719,0.23333333333333334,40.92898607254028,residual
nonstationary,full_resample,random,10008,67.6650390625,0.28,38.16127586364746,residual
nonstationary,full_resample,random,10009,82.29975891113281,0.22666666666666666,37.607547760009766,residual
nonstationary,full_resample,random,10010,68.29801940917969,0.18666666666666668,42.33080863952637,residual
nonstationary,full_resample,random,10011,74.640869140625,0.26,29.705348014831543,residual
nonstationary,full_resample,random,10012,79.69099426269531,0.31333333333333335,44.2428035736084,residual
nonstationary,full_resample,random,10013,71.81755065917969,0.24,29.158665657043457,residual
nonstationary,full_resample,random,10014,77.01606750488281,0.31333333333333335,42.29592800140381,residual
nonstationary,full_resample,random,10015,76.26206970214844,0.17333333333333334,34.850711822509766,residual
nonstationary,full_resample,random,10016,67.99583435058594,0.26666666666666666,32.44292402267456,residual
nonstationary,full_resample,random,10017,69.14076232910156,0.26,38.1890606880188,residual
nonstationary,full_resample,random,10018,80.2412109375,0.23333333333333334,38.33088445663452,residual
nonstationary,full_resample,random,10019,80.03764343261719,0.26666666666666666,31.61535930633545,residual
nonstationary,full_resample,random,10020,74.76380920410156,0.22,34.526023864746094,residual
nonstationary,full_resample,random,10021,70.03770446777344,0.24,33.24709701538086,residual
nonstationary,full_resample,random,10022,71.67967987060547,0.23333333333333334,37.782209396362305,residual
nonstationary,full_resample,random,10023,73.34811401367188,0.24666666666666667,39.11135292053223,residual
nonstationary,full_resample,random,10024,73.727294921875,0.26666666666666666,28.208383560180664,residual
nonstationary,full_resample,random,10025,81.21240234375,0.24,35.66998767852783,residual
nonstationary,full_resample,random,10026,77.8819580078125,0.18666666666666668,40.34023332595825,residual
nonstationary,full_resample,random,10027,75.80138397216797,0.22666666666666666,32.425065994262695,residual
nonstationary,full_resample,random,10028,73.25849914550781,0.30666666666666664,37.53590631484985,residual
nonstationary,full_resample,random,10029,80.86925506591797,0.25333333333333335,32.3594331741333,residual
nonstationary,full_resample,random,10030,74.11820983886719,0.23333333333333334,36.37088394165039,residual
nonstationary,full_resample,random,10031,78.19376373291016,0.28,39.98523998260498,residual
nonstationary,full_resample,random,10032,71.5904541015625,0.23333333333333334,35.667359828948975,residual
nonstationary,full_resample,random,10033,78.53898620605469,0.26666666666666666,39.81541347503662,residual
nonstationary,full_resample,random,10034,78.67069244384766,0.19333333333333333,35.705968379974365,residual
nonstationary,full_resample,random,10035,80.12625122070312,0.32666666666666666,30.787052631378174,residual
nonstationary,full_resample,random,10036,84.22847747802734,0.32,36.63435506820679,residual
nonstationary,full_resample,random,10037,83.02230834960938,0.22666666666666666,21.320595741271973,residual
nonstationary,full_resample,random,10038,69.8502197265625,0.16666666666666666,39.68150806427002,residual
nonstationary,full_resample,random,10039,66.41529846191406,0.22666666666666666,40.73068380355835,residual
nonstationary,full_resample,random,10040,76.62024688720703,0.26,43.05698871612549,residual
nonstationary,full_resample,random,10041,68.79058837890625,0.19333333333333333,38.72688817977905,residual
nonstationary,full_resample,random,10042,73.68577575683594,0.26,36.34221315383911,residual
nonstationary,full_resample,random,10043,70.54017639160156,0.22,41.383299827575684,residual
nonstationary,full_resample,random,10044,75.44568634033203,0.2866666666666667,37.230478286743164,residual
nonstationary,full_resample,random,10045,77.28959655761719,0.2866666666666667,33.734267711639404,residual
nonstationary,full_resample,random,10046,75.54495239257812,0.28,39.98438596725464,residual
nonstationary,full_resample,random,10047,75.22473907470703,0.26,35.34360456466675,residual
nonstationary,full_resample,random,10048,74.56136322021484,0.22666666666666666,39.15616464614868,residual
nonstationary,full_resample,optimal_frozen,9999,73.89009094238281,0.38666666666666666,29.604138374328613,residual
nonstationary,full_resample,optimal_frozen,10000,78.98881530761719,0.43333333333333335,39.44704580307007,residual
nonstationary,full_resample,optimal_frozen,10001,84.27061462402344,0.5866666666666667,26.9065523147583,residual
nonstationary,full_resample,optimal_frozen,10002,87.91549682617188,0.37333333333333335,33.69837236404419,residual
nonstationary,full_resample,optimal_frozen,10003,78.58001708984375,0.5066666666666667,41.39467430114746,residual
nonstationary,full_resample,optimal_frozen,10004,88.17530822753906,0.64,24.412718772888184,residual
nonstationary,full_resample,optimal_frozen,10005,88.5792465209961,0.3933333333333333,21.58374309539795,residual
nonstationary,full_resample,optimal_frozen,10006,92.74693298339844,0.7,16.210079193115234,residual
nonstationary,full_resample,optimal_frozen,10007,90.0941162109375,0.5266666666666666,22.80059289932251,residual
nonstationary,full_resample,optimal_frozen,10008,70.49684143066406,0.37333333333333335,35.15536975860596,residual
nonstationary,full_resample,optimal_frozen,10009,79.46984100341797,0.3333333333333333,39.93155097961426,residual
nonstationary,full_resample,optimal_frozen,10010,79.52247619628906,0.43333333333333335,34.5290961265564,residual
nonstationary,full_resample,optimal_frozen,10011,78.41618347167969,0.41333333333333333,28.807883262634277,residual
nonstationary,full_resample,optimal_frozen,10012,92.05335998535156,0.5533333333333333,33.09619903564453,residual
nonstationary,full_resample,optimal_frozen,10013,89.13505554199219,0.41333333333333333,13.21206521987915,residual
nonstationary,full_resample,optimal_frozen,10014,84.78636169433594,0.4266666666666667,33.64244985580444,residual
nonstationary,full_resample,optimal_frozen,10015,102.10934448242188,0.6933333333333334,11.356330871582031,residual
nonstationary,full_resample,optimal_frozen,10016,76.23358154296875,0.3933333333333333,22.354247570037842,residual
nonstationary,full_resample,optimal_frozen,10017,72.7720947265625,0.3333333333333333,34.67473554611206,residual
nonstationary,full_resample,optimal_frozen,10018,102.27137756347656,0.5533333333333333,14.262259006500244,residual
nonstationary,full_resample,optimal_frozen,10019,94.71804809570312,0.48,17.64675283432007,residual
nonstationary,full_resample,optimal_frozen,10020,71.17400360107422,0.3333333333333333,37.27294969558716,residual
nonstationary,full_resample,optimal_frozen,10021,82.85475158691406,0.56,22.85468864440918,residual
nonstationary,full_resample,optimal_frozen,10022,79.56818389892578,0.46,29.292940616607666,residual
nonstationary,full_resample,optimal_frozen,10023,86.43070220947266,0.5133333333333333,27.429506301879883,residual
nonstationary,full_resample,optimal_frozen,10024,86.86865234375,0.6266666666666667,12.551800727844238,residual
nonstationary,full_resample,optimal_frozen,10025,93.65158081054688,0.58,20.040131092071533,residual
nonstationary,full_resample,optimal_frozen,10026,79.17301940917969,0.3333333333333333,36.332672119140625,residual
nonstationary,full_resample,optimal_frozen,10027,88.87257385253906,0.5933333333333334,18.46547842025757,residual
nonstationary,full_resample,optimal_frozen,10028,94.27610778808594,0.48,17.15625524520874,residual
nonstationary,full_resample,optimal_frozen,10029,91.32344055175781,0.49333333333333335,17.937740325927734,residual
nonstationary,full_resample,optimal_frozen,10030,77.678466796875,0.3933333333333333,37.84208297729492,residual
nonstationary,full_resample,optimal_frozen,10031,106.82830810546875,0.7333333333333333,10.895256042480469,residual
nonstationary,full_resample,optimal_frozen,10032,91.18790435791016,0.6466666666666666,14.335987567901611,residual
nonstationary,full_resample,optimal_frozen,10033,83.82232666015625,0.4533333333333333,33.323904514312744,residual
nonstationary,full_resample,optimal_frozen,10034,88.82876586914062,0.42,27.471089839935303,residual
nonstationary,full_resample,optimal_frozen,10035,85.83612060546875,0.3333333333333333,26.13216495513916,residual
nonstationary,full_resample,optimal_frozen,10036,68.76514434814453,0.36,46.694947242736816,residual
nonstationary,full_resample,optimal_frozen,10037,93.08213806152344,0.5733333333333334,10.024831771850586,residual
nonstationary,full_resample,optimal_frozen,10038,80.49378204345703,0.44,28.446752548217773,residual
nonstationary,full_resample,optimal_frozen,10039,77.55485534667969,0.4066666666666667,28.709566116333008,residual
nonstationary,full_resample,optimal_frozen,10040,99.1648178100586,0.66,17.090216159820557,residual
nonstationary,full_resample,optimal_frozen,10041,71.5065689086914,0.3333333333333333,39.40828037261963,residual
nonstationary,full_resample,optimal_frozen,10042,83.0176773071289,0.3333333333333333,30.28662919998169,residual
nonstationary,full_resample,optimal_frozen,10043,91.37089538574219,0.42,18.445175170898438,residual
nonstationary,full_resample,optimal_frozen,10044,87.43531799316406,0.5,25.236076831817627,residual
nonstationary,full_resample,optimal_frozen,10045,101.13182067871094,0.76,11.141340255737305,residual
nonstationary,full_resample,optimal_frozen,10046,85.72544860839844,0.38,29.0724515914917,residual
nonstationary,full_resample,optimal_frozen,10047,85.99972534179688,0.48,24.337707042694092,residual
nonstationary,full_resample,optimal_frozen,10048,84.51876068115234,0.3333333333333333,30.022226810455322,residual
nonstationary,contrast_permute,tf_legacy,9999,30.299999237060547,0.16,119.70000839233398,residual
nonstationary,contrast_permute,tf_legacy,10000,56.89999771118164,0.3466666666666667,93.0999813079834,residual
nonstationary,contrast_permute,tf_legacy,10001,56.89999771118164,0.3466666666666667,93.10000324249268,residual
nonstationary,contrast_permute,tf_legacy,10002,27.449996948242188,0.14,122.54997539520264,residual
nonstationary,contrast_permute,tf_legacy,10003,31.249998092651367,0.16666666666666666,118.74998474121094,residual
nonstationary,contrast_permute,tf_legacy,10004,38.849998474121094,0.22,111.15003299713135,residual
nonstationary,contrast_permute,tf_legacy,10005,29.349994659423828,0.15333333333333332,120.65000438690186,residual
nonstationary,contrast_permute,tf_legacy,10006,60.69999694824219,0.37333333333333335,89.29998207092285,residual
nonstationary,contrast_permute,tf_legacy,10007,32.19999694824219,0.17333333333333334,117.79997634887695,residual
nonstationary,contrast_permute,tf_legacy,10008,70.19999694824219,0.44,79.80001735687256,residual
nonstationary,contrast_permute,tf_legacy,10009,40.749996185302734,0.23333333333333334,109.24997806549072,residual
nonstationary,contrast_permute,tf_legacy,10010,54.999996185302734,0.3333333333333333,94.99998092651367,residual
nonstationary,contrast_permute,tf_legacy,10011,37.900001525878906,0.21333333333333335,112.10005569458008,residual
nonstationary,contrast_permute,tf_legacy,10012,43.59999084472656,0.25333333333333335,106.39997863769531,residual
nonstationary,contrast_permute,tf_legacy,10013,49.29999542236328,0.29333333333333333,100.69997978210449,residual
nonstationary,contrast_permute,tf_legacy,10014,61.64999771118164,0.38,88.3499984741211,residual
nonstationary,contrast_permute,tf_legacy,10015,36.94999313354492,0.20666666666666667,113.04999351501465,residual
nonstationary,contrast_permute,tf_legacy,10016,69.25,0.43333333333333335,80.74998378753662,residual
nonstationary,contrast_permute,tf_legacy,10017,58.79999542236328,0.36,91.19998168945312,residual
nonstationary,contrast_permute,tf_legacy,10018,37.89999771118164,0.21333333333333335,112.10004615783691,residual
nonstationary,contrast_permute,tf_legacy,10019,31.25,0.16666666666666666,118.74999237060547,residual
nonstationary,contrast_permute,tf_legacy,10020,72.0999984741211,0.4533333333333333,77.89998435974121,residual
nonstationary,contrast_permute,tf_legacy,10021,74.0,0.4666666666666667,75.99998474121094,residual
nonstationary,contrast_permute,tf_legacy,10022,53.099998474121094,0.32,96.90002346038818,residual
nonstationary,contrast_permute,tf_legacy,10023,69.25,0.43333333333333335,80.74998378753662,residual
nonstationary,contrast_permute,tf_legacy,10024,25.549999237060547,0.12666666666666668,124.44997501373291,residual
nonstationary,contrast_permute,tf_legacy,10025,85.39999389648438,0.5466666666666666,64.5999870300293,residual
nonstationary,contrast_permute,tf_legacy,10026,38.849998474121094,0.22,111.15000057220459,residual
nonstationary,contrast_permute,tf_legacy,10027,35.04999542236328,0.19333333333333333,114.95004177093506,residual
nonstationary,contrast_permute,tf_legacy,10028,34.10000228881836,0.18666666666666668,115.89997673034668,residual
nonstationary,contrast_permute,tf_legacy,10029,49.29999542236328,0.29333333333333333,100.69997978210449,residual
nonstationary,contrast_permute,tf_legacy,10030,7.500000476837158,0.0,142.5,residual
nonstationary,contrast_permute,tf_legacy,10031,40.749996185302734,0.23333333333333334,109.24997806549072,residual
nonstationary,contrast_permute,tf_legacy,10032,25.549999237060547,0.12666666666666668,124.44997501373291,residual
nonstationary,contrast_permute,tf_legacy,10033,34.09999465942383,0.18666666666666668,115.89997863769531,residual
nonstationary,contrast_permute,tf_legacy,10034,21.749998092651367,0.1,128.25002002716064,residual
nonstationary,contrast_permute,tf_legacy,10035,55.94999694824219,0.34,94.04998111724854,residual
nonstationary,contrast_permute,tf_legacy,10036,36.0,0.2,114.00000953674316,residual
nonstationary,contrast_permute,tf_legacy,10037,33.149993896484375,0.18,116.84997653961182,residual
nonstationary,contrast_permute,tf_legacy,10038,41.69999313354492,0.24,108.2999849319458,residual
nonstationary,contrast_permute,tf_legacy,10039,52.150001525878906,0.31333333333333335,97.84998035430908,residual
nonstationary,contrast_permute,tf_legacy,10040,40.74999237060547,0.23333333333333334,109.24998188018799,residual
nonstationary,contrast_permute,tf_legacy,10041,55.949989318847656,0.34,94.0500659942627,residual
nonstationary,contrast_permute,tf_legacy,10042,55.95000076293945,0.34,94.04998111724854,residual
nonstationary,contrast_permute,tf_legacy,10043,45.499996185302734,0.26666666666666666,104.49997901916504,residual
nonstationary,contrast_permute,tf_legacy,10044,25.549999237060547,0.12666666666666668,124.44997501373291,residual
nonstationary,contrast_permute,tf_legacy,10045,61.650001525878906,0.38,88.34998226165771,residual
nonstationary,contrast_permute,tf_legacy,10046,39.79999923706055,0.22666666666666666,110.20001983642578,residual
nonstationary,contrast_permute,tf_legacy,10047,56.89999771118164,0.3466666666666667,93.0999813079834,residual
nonstationary,contrast_permute,tf_legacy,10048,43.59999465942383,0.25333333333333335,106.39997863769531,residual
nonstationary,contrast_permute,tf_self,9999,25.549999237060547,0.12666666666666668,124.4499979019165,residual
nonstationary,contrast_permute,tf_self,10000,54.04999542236328,0.32666666666666666,95.94998073577881,residual
nonstationary,contrast_permute,tf_self,10001,59.749996185302734,0.36666666666666664,90.24999237060547,residual
nonstationary,contrast_permute,tf_self,10002,45.499996185302734,0.26666666666666666,104.49997901916504,residual
nonstationary,contrast_permute,tf_self,10003,58.79999923706055,0.36,91.19998550415039,residual
nonstationary,contrast_permute,tf_self,10004,26.499998092651367,0.13333333333333333,123.5000352859497,residual
nonstationary,contrast_permute,tf_self,10005,26.499996185302734,0.13333333333333333,123.5000114440918,residual
nonstationary,contrast_permute,tf_self,10006,55.94999313354492,0.34,94.04998111724854,residual
nonstationary,contrast_permute,tf_self,10007,22.700000762939453,0.10666666666666667,127.29997444152832,residual
nonstationary,contrast_permute,tf_self,10008,65.44999694824219,0.4066666666666667,84.55001735687256,residual
nonstationary,contrast_permute,tf_self,10009,40.74999237060547,0.23333333333333334,109.24997806549072,residual
nonstationary,contrast_permute,tf_self,10010,58.79999542236328,0.36,91.19998168945312,residual
nonstationary,contrast_permute,tf_self,10011,34.099998474121094,0.18666666666666668,115.90005588531494,residual
nonstationary,contrast_permute,tf_self,10012,53.09999465942383,0.32,96.89998054504395,residual
nonstationary,contrast_permute,tf_self,10013,64.5,0.4,85.4999828338623,residual
nonstationary,contrast_permute,tf_self,10014,45.5,0.26666666666666666,104.49999618530273,residual
nonstationary,contrast_permute,tf_self,10015,28.39999771118164,0.14666666666666667,121.60000038146973,residual
nonstationary,contrast_permute,tf_self,10016,57.84999465942383,0.35333333333333333,92.14998149871826,residual
nonstationary,contrast_permute,tf_self,10017,44.549991607666016,0.26,105.44997882843018,residual
nonstationary,contrast_permute,tf_self,10018,28.399999618530273,0.14666666666666667,121.60004425048828,residual
nonstationary,contrast_permute,tf_self,10019,48.34999465942383,0.2866666666666667,101.65000247955322,residual
nonstationary,contrast_permute,tf_self,10020,71.14999389648438,0.44666666666666666,78.84998416900635,residual
nonstationary,contrast_permute,tf_self,10021,61.649993896484375,0.38,88.34998226165771,residual
nonstationary,contrast_permute,tf_self,10022,36.95000076293945,0.20666666666666667,113.05000972747803,residual
nonstationary,contrast_permute,tf_self,10023,51.19999694824219,0.30666666666666664,98.79998016357422,residual
nonstationary,contrast_permute,tf_self,10024,25.549999237060547,0.12666666666666668,124.44997501373291,residual
nonstationary,contrast_permute,tf_self,10025,65.44999694824219,0.4066666666666667,84.54998302459717,residual
nonstationary,contrast_permute,tf_self,10026,29.350000381469727,0.15333333333333332,120.64999961853027,residual
nonstationary,contrast_permute,tf_self,10027,41.69999694824219,0.24,108.30003452301025,residual
nonstationary,contrast_permute,tf_self,10028,31.250001907348633,0.16666666666666666,118.74997615814209,residual
nonstationary,contrast_permute,tf_self,10029,38.84999465942383,0.22,111.149977684021,residual
nonstationary,contrast_permute,tf_self,10030,21.75,0.1,128.25000095367432,residual
nonstationary,contrast_permute,tf_self,10031,30.299997329711914,0.16,119.69997596740723,residual
nonstationary,contrast_permute,tf_self,10032,34.09999084472656,0.18666666666666668,115.89997673034668,residual
nonstationary,contrast_permute,tf_self,10033,37.899993896484375,0.21333333333333335,112.09998035430908,residual
nonstationary,contrast_permute,tf_self,10034,21.749998092651367,0.1,128.2500238418579,residual
nonstationary,contrast_permute,tf_self,10035,56.899993896484375,0.3466666666666667,93.0999813079834,residual
nonstationary,contrast_permute,tf_self,10036,60.69999694824219,0.37333333333333335,89.30001735687256,residual
nonstationary,contrast_permute,tf_self,10037,33.149993896484375,0.18,116.84997653961182,residual
nonstationary,contrast_permute,tf_self,10038,49.29999542236328,0.29333333333333333,100.6999864578247,residual
nonstationary,contrast_permute,tf_self,10039,50.250003814697266,0.3,99.74997997283936,residual
nonstationary,contrast_permute,tf_self,10040,39.79999542236328,0.22666666666666666,110.2000036239624,residual
nonstationary,contrast_permute,tf_self,10041,56.899993896484375,0.3466666666666667,93.10004425048828,residual
nonstationary,contrast_permute,tf_self,10042,40.75,0.23333333333333334,109.24997806549072,residual
nonstationary,contrast_permute,tf_self,10043,51.19999694824219,0.30666666666666664,98.79998016357422,residual
nonstationary,contrast_permute,tf_self,10044,37.899993896484375,0.21333333333333335,112.09997749328613,residual
nonstationary,contrast_permute,tf_self,10045,54.04999542236328,0.32666666666666666,95.94998073577881,residual
nonstationary,contrast_permute,tf_self,10046,53.099998474121094,0.32,96.9000129699707,residual
nonstationary,contrast_permute,tf_self,10047,65.44999694824219,0.4066666666666667,84.54998302459717,residual
nonstationary,contrast_permute,tf_self,10048,46.44999694824219,0.2733333333333333,103.5499792098999,residual
nonstationary,contrast_permute,optimal,9999,150.0,1.0,0.0,residual
nonstationary,contrast_permute,optimal,10000,150.0,1.0,0.0,residual
nonstationary,contrast_permute,optimal,10001,150.0,1.0,0.0,residual
nonstationary,contrast_permute,optimal,10002,150.0,1.0,0.0,residual
nonstationary,contrast_permute,optimal,10003,150.0,1.0,0.0,residual
nonstationary,contrast_permute,optimal,10004,150.0,1.0,0.0,residual
nonstationary,contrast_permute,optimal,10005,150.0,1.0,0.0,residual
nonstationary,contrast_permute,optimal,10006,150.0,1.0,0.0,residual
nonstationary,contrast_permute,optimal,10007,150.0,1.0,0.0,residual
nonstationary,contrast_permute,optimal,10008,150.0,1.0,0.0,residual
nonstationary,contrast_permute,optimal,10009,150.0,1.0,0.0,residual
nonstationary,contrast_permute,optimal,10010,150.0,1.0,0.0,residual
nonstationary,contrast_permute,optimal,10011,150.0,1.0,0.0,residual
nonstationary,contrast_permute,optimal,10012,150.0,1.0,0.0,residual
nonstationary,contrast_permute,optimal,10013,150.0,1.0,0.0,residual
nonstationary,contrast_permute,optimal,10014,150.0,1.0,0.0,residual
nonstationary,contrast_permute,optimal,10015,150.0,1.0,0.0,residual
nonstationary,contrast_permute,optimal,10016,150.0,1.0,0.0,residual
nonstationary,contrast_permute,optimal,10017,150.0,1.0,0.0,residual
nonstationary,contrast_permute,optimal,10018,150.0,1.0,0.0,residual
nonstationary,contrast_permute,optimal,10019,150.0,1.0,0.0,residual
nonstationary,contrast_permute,optimal,10020,150.0,1.0,0.0,residual
nonstationary,contrast_permute,optimal,10021,150.0,1.0,0.0,residual
nonstationary,contrast_permute,optimal,10022,150.0,1.0,0.0,residual
nonstationary,contrast_permute,optimal,10023,150.0,1.0,0.0,residual
nonstationary,contrast_permute,optimal,10024,150.0,1.0,0.0,residual
nonstationary,contrast_permute,optimal,10025,150.0,1.0,0.0,residual
nonstationary,contrast_permute,optimal,10026,150.0,1.0,0.0,residual
nonstationary,contrast_permute,optimal,10027,150.0,1.0,0.0,residual
nonstationary,contrast_permute,optimal,10028,150.0,1.0,0.0,residual
nonstationary,contrast_permute,optimal,10029,150.0,1.0,0.0,residual
nonstationary,contrast_permute,optimal,10030,150.0,1.0,0.0,residual
nonstationary,contrast_permute,optimal,10031,150.0,1.0,0.0,residual
nonstationary,contrast_permute,optimal,10032,150.0,1.0,0.0,residual
nonstationary,contrast_permute,optimal,10033,150.0,1.0,0.0,residual
nonstationary,contrast_permute,optimal,10034,150.0,1.0,0.0,residual
nonstationary,contrast_permute,optimal,10035,150.0,1.0,0.0,residual
nonstationary,contrast_permute,optimal,10036,150.0,1.0,0.0,residual
nonstationary,contrast_permute,optimal,10037,150.0,1.0,0.0,residual
nonstationary,contrast_permute,optimal,10038,150.0,1.0,0.0,residual
nonstationary,contrast_permute,optimal,10039,150.0,1.0,0.0,residual
nonstationary,contrast_permute,optimal,10040,150.0,1.0,0.0,residual
nonstationary,contrast_permute,optimal,10041,150.0,1.0,0.0,residual
nonstationary,contrast_permute,optimal,10042,150.0,1.0,0.0,residual
nonstationary,contrast_permute,optimal,10043,150.0,1.0,0.0,residual
nonstationary,contrast_permute,optimal,10044,150.0,1.0,0.0,residual
nonstationary,contrast_permute,optimal,10045,150.0,1.0,0.0,residual
nonstationary,contrast_permute,optimal,10046,150.0,1.0,0.0,residual
nonstationary,contrast_permute,optimal,10047,150.0,1.0,0.0,residual
nonstationary,contrast_permute,optimal,10048,150.0,1.0,0.0,residual
nonstationary,contrast_permute,epsgreedy,9999,49.29999923706055,0.29333333333333333,100.70000648498535,residual
nonstationary,contrast_permute,epsgreedy,10000,53.09999465942383,0.32,96.89998054504395,residual
nonstationary,contrast_permute,epsgreedy,10001,66.39999389648438,0.41333333333333333,83.60000801086426,residual
nonstationary,contrast_permute,epsgreedy,10002,70.19999694824219,0.44,79.79998397827148,residual
nonstationary,contrast_permute,epsgreedy,10003,22.700000762939453,0.10666666666666667,127.29998874664307,residual
nonstationary,contrast_permute,epsgreedy,10004,48.34999465942383,0.2866666666666667,101.65006446838379,residual
nonstationary,contrast_permute,epsgreedy,10005,47.399993896484375,0.28,102.60000896453857,residual
nonstationary,contrast_permute,epsgreedy,10006,51.19999694824219,0.30666666666666664,98.79998016357422,residual
nonstationary,contrast_permute,epsgreedy,10007,49.29999542236328,0.29333333333333333,100.69997978210449,residual
nonstationary,contrast_permute,epsgreedy,10008,63.54999923706055,0.3933333333333333,86.45003318786621,residual
nonstationary,contrast_permute,epsgreedy,10009,71.14999389648438,0.44666666666666666,78.84998416900635,residual
nonstationary,contrast_permute,epsgreedy,10010,40.74999237060547,0.23333333333333334,109.24999237060547,residual
nonstationary,contrast_permute,epsgreedy,10011,58.79999542236328,0.36,91.20003318786621,residual
nonstationary,contrast_permute,epsgreedy,10012,59.74999237060547,0.36666666666666664,90.24998188018799,residual
nonstationary,contrast_permute,epsgreedy,10013,45.49999237060547,0.26666666666666666,104.49997901916504,residual
nonstationary,contrast_permute,epsgreedy,10014,53.099998474121094,0.32,96.89999580383301,residual
nonstationary,contrast_permute,epsgreedy,10015,74.0,0.4666666666666667,76.00001430511475,residual
nonstationary,contrast_permute,epsgreedy,10016,84.44999694824219,0.54,65.54998683929443,residual
nonstationary,contrast_permute,epsgreedy,10017,42.649993896484375,0.24666666666666667,107.34997844696045,residual
nonstationary,contrast_permute,epsgreedy,10018,63.54999542236328,0.3933333333333333,86.45004272460938,residual
nonstationary,contrast_permute,epsgreedy,10019,84.44999694824219,0.54,65.54998874664307,residual
nonstationary,contrast_permute,epsgreedy,10020,48.34999465942383,0.2866666666666667,101.64997959136963,residual
nonstationary,contrast_permute,epsgreedy,10021,69.25,0.43333333333333335,80.74998378753662,residual
nonstationary,contrast_permute,epsgreedy,10022,35.04999923706055,0.19333333333333333,114.95002174377441,residual
nonstationary,contrast_permute,epsgreedy,10023,55.94999694824219,0.34,94.04998111724854,residual
nonstationary,contrast_permute,epsgreedy,10024,37.899993896484375,0.21333333333333335,112.09997749328613,residual
nonstationary,contrast_permute,epsgreedy,10025,60.69999694824219,0.37333333333333335,89.29998207092285,residual
nonstationary,contrast_permute,epsgreedy,10026,70.19999694824219,0.44,79.8000020980835,residual
nonstationary,contrast_permute,epsgreedy,10027,53.09999465942383,0.32,96.90004920959473,residual
nonstationary,contrast_permute,epsgreedy,10028,52.149993896484375,0.31333333333333335,97.84998035430908,residual
nonstationary,contrast_permute,epsgreedy,10029,45.500003814697266,0.26666666666666666,104.49997901916504,residual
nonstationary,contrast_permute,epsgreedy,10030,65.44999694824219,0.4066666666666667,84.55000305175781,residual
nonstationary,contrast_permute,epsgreedy,10031,59.75,0.36666666666666664,90.24998188018799,residual
nonstationary,contrast_permute,epsgreedy,10032,25.549997329711914,0.12666666666666668,124.44997501373291,residual
nonstationary,contrast_permute,epsgreedy,10033,41.69999694824219,0.24,108.29999446868896,residual
nonstationary,contrast_permute,epsgreedy,10034,69.25,0.43333333333333335,80.75000858306885,residual
nonstationary,contrast_permute,epsgreedy,10035,46.44999694824219,0.2733333333333333,103.5499792098999,residual
nonstationary,contrast_permute,epsgreedy,10036,73.05000305175781,0.46,76.94999980926514,residual
nonstationary,contrast_permute,epsgreedy,10037,46.44999313354492,0.2733333333333333,103.5499792098999,residual
nonstationary,contrast_permute,epsgreedy,10038,52.149993896484375,0.31333333333333335,97.84998035430908,residual
nonstationary,contrast_permute,epsgreedy,10039,61.649993896484375,0.38,88.34998226165771,residual
nonstationary,contrast_permute,epsgreedy,10040,61.64999771118164,0.38,88.3499927520752,residual
nonstationary,contrast_permute,epsgreedy,10041,43.59999084472656,0.25333333333333335,106.40006256103516,residual
nonstationary,contrast_permute,epsgreedy,10042,60.69999694824219,0.37333333333333335,89.29998207092285,residual
nonstationary,contrast_permute,epsgreedy,10043,40.749996185302734,0.23333333333333334,109.24998188018799,residual
nonstationary,contrast_permute,epsgreedy,10044,36.0,0.2,113.9999771118164,residual
nonstationary,contrast_permute,epsgreedy,10045,40.749996185302734,0.23333333333333334,109.24997806549072,residual
nonstationary,contrast_permute,epsgreedy,10046,49.29999542236328,0.29333333333333333,100.70002365112305,residual
nonstationary,contrast_permute,epsgreedy,10047,63.54999542236328,0.3933333333333333,86.44998264312744,residual
nonstationary,contrast_permute,epsgreedy,10048,63.54999542236328,0.3933333333333333,86.44998264312744,residual
nonstationary,contrast_permute,greedy,9999,29.349998474121094,0.15333333333333332,120.6500129699707,residual
nonstationary,contrast_permute,greedy,10000,40.75,0.23333333333333334,109.24997806549072,residual
nonstationary,contrast_permute,greedy,10001,70.19999694824219,0.44,79.8000135421753,residual
nonstationary,contrast_permute,greedy,10002,74.94999694824219,0.47333333333333333,75.0499849319458,residual
nonstationary,contrast_permute,greedy,10003,53.099998474121094,0.32,96.89998626708984,residual
nonstationary,contrast_permute,greedy,10004,7.500000476837158,0.0,142.5000696182251,residual
nonstationary,contrast_permute,greedy,10005,57.849998474121094,0.35333333333333333,92.15000438690186,residual
nonstationary,contrast_permute,greedy,10006,52.149993896484375,0.31333333333333335,97.84998035430908,residual
nonstationary,contrast_permute,greedy,10007,31.25,0.16666666666666666,118.74997615814209,residual
nonstationary,contrast_permute,greedy,10008,58.79999923706055,0.36,91.2000322341919,residual
nonstationary,contrast_permute,greedy,10009,34.09999465942383,0.18666666666666668,115.89997673034668,residual
nonstationary,contrast_permute,greedy,10010,21.75,0.1,128.24998378753662,residual
nonstationary,contrast_permute,greedy,10011,26.499998092651367,0.13333333333333333,123.50005626678467,residual
nonstationary,contrast_permute,greedy,10012,42.64999771118164,0.24666666666666667,107.34997844696045,residual
nonstationary,contrast_permute,greedy,10013,85.4000015258789,0.5466666666666666,64.5999870300293,residual
nonstationary,contrast_permute,greedy,10014,52.150001525878906,0.31333333333333335,97.84999942779541,residual
nonstationary,contrast_permute,greedy,10015,87.30000305175781,0.56,62.70000457763672,residual
nonstationary,contrast_permute,greedy,10016,72.09999084472656,0.4533333333333333,77.89998435974121,residual
nonstationary,contrast_permute,greedy,10017,22.69999885559082,0.10666666666666667,127.29997444152832,residual
nonstationary,contrast_permute,greedy,10018,37.899993896484375,0.21333333333333335,112.10002422332764,residual
nonstationary,contrast_permute,greedy,10019,79.69999694824219,0.5066666666666667,70.29998588562012,residual
nonstationary,contrast_permute,greedy,10020,26.5,0.13333333333333333,123.49997520446777,residual
nonstationary,contrast_permute,greedy,10021,55.0,0.3333333333333333,94.99998092651367,residual
nonstationary,contrast_permute,greedy,10022,37.89999771118164,0.21333333333333335,112.10002613067627,residual
nonstationary,contrast_permute,greedy,10023,31.249996185302734,0.16666666666666666,118.74997615814209,residual
nonstationary,contrast_permute,greedy,10024,41.69999694824219,0.24,108.29997825622559,residual
nonstationary,contrast_permute,greedy,10025,78.75,0.5,71.24998569488525,residual
nonstationary,contrast_permute,greedy,10026,34.09999465942383,0.18666666666666668,115.90002632141113,residual
nonstationary,contrast_permute,greedy,10027,46.44999694824219,0.2733333333333333,103.55006122589111,residual
nonstationary,contrast_permute,greedy,10028,39.79999542236328,0.22666666666666666,110.19997787475586,residual
nonstationary,contrast_permute,greedy,10029,24.600000381469727,0.12,125.39997482299805,residual
nonstationary,contrast_permute,greedy,10030,16.049999237060547,0.06,133.9499921798706,residual
nonstationary,contrast_permute,greedy,10031,58.799991607666016,0.36,91.19998168945312,residual
nonstationary,contrast_permute,greedy,10032,10.350000381469727,0.02,139.6499719619751,residual
nonstationary,contrast_permute,greedy,10033,68.29999542236328,0.4266666666666667,81.6999921798706,residual
nonstationary,contrast_permute,greedy,10034,77.80000305175781,0.49333333333333335,72.2000150680542,residual
nonstationary,contrast_permute,greedy,10035,45.499996185302734,0.26666666666666666,104.49997901916504,residual
nonstationary,contrast_permute,greedy,10036,63.54999923706055,0.3933333333333333,86.44999408721924,residual
nonstationary,contrast_permute,greedy,10037,22.69999885559082,0.10666666666666667,127.29997444152832,residual
nonstationary,contrast_permute,greedy,10038,46.44999313354492,0.2733333333333333,103.5499792098999,residual
nonstationary,contrast_permute,greedy,10039,56.89999771118164,0.3466666666666667,93.0999813079834,residual
nonstationary,contrast_permute,greedy,10040,54.04999542236328,0.32666666666666666,95.95001125335693,residual
nonstationary,contrast_permute,greedy,10041,33.14999771118164,0.18,116.85006904602051,residual
nonstationary,contrast_permute,greedy,10042,36.94999313354492,0.20666666666666667,113.04997730255127,residual
nonstationary,contrast_permute,greedy,10043,60.69999313354492,0.37333333333333335,89.29998207092285,residual
nonstationary,contrast_permute,greedy,10044,32.20000076293945,0.17333333333333334,117.79997634887695,residual
nonstationary,contrast_permute,greedy,10045,31.249998092651367,0.16666666666666666,118.74999141693115,residual
nonstationary,contrast_permute,greedy,10046,47.399993896484375,0.28,102.60002613067627,residual
nonstationary,contrast_permute,greedy,10047,64.5,0.4,85.4999828338623,residual
nonstationary,contrast_permute,greedy,10048,40.74999237060547,0.23333333333333334,109.24997806549072,residual
nonstationary,contrast_permute,random,9999,35.99999237060547,0.2,113.9999885559082,residual
nonstationary,contrast_permute,random,10000,41.69999694824219,0.24,108.29997825622559,residual
nonstationary,contrast_permute,random,10001,44.54999542236328,0.26,105.45000171661377,residual
nonstationary,contrast_permute,random,10002,40.74999237060547,0.23333333333333334,109.24997806549072,residual
nonstationary,contrast_permute,random,10003,42.649993896484375,0.24666666666666667,107.34998512268066,residual
nonstationary,contrast_permute,random,10004,44.54999542236328,0.26,105.45003986358643,residual
nonstationary,contrast_permute,random,10005,53.09999465942383,0.32,96.89999389648438,residual
nonstationary,contrast_permute,random,10006,41.69999694824219,0.24,108.29997825622559,residual
nonstationary,contrast_permute,random,10007,43.59999084472656,0.25333333333333335,106.39997863769531,residual
nonstationary,contrast_permute,random,10008,39.79999542236328,0.22666666666666666,110.20002937316895,residual
nonstationary,contrast_permute,random,10009,46.44999694824219,0.2733333333333333,103.5499792098999,residual
nonstationary,contrast_permute,random,10010,44.549991607666016,0.26,105.44998836517334,residual
nonstationary,contrast_permute,random,10011,55.94999694824219,0.34,94.05004119873047,residual
nonstationary,contrast_permute,random,10012,39.799991607666016,0.22666666666666666,110.19997787475586,residual
nonstationary,contrast_permute,random,10013,42.649993896484375,0.24666666666666667,107.34997844696045,residual
nonstationary,contrast_permute,random,10014,37.89999771118164,0.21333333333333335,112.09998989105225,residual
nonstationary,contrast_permute,random,10015,38.84999465942383,0.22,111.14999771118164,residual
nonstationary,contrast_permute,random,10016,45.499996185302734,0.26666666666666666,104.49997901916504,residual
nonstationary,contrast_permute,random,10017,45.49999237060547,0.26666666666666666,104.49997901916504,residual
nonstationary,contrast_permute,random,10018,38.84999084472656,0.22,111.15003204345703,residual
nonstationary,contrast_permute,random,10019,51.19999694824219,0.30666666666666664,98.79999446868896,residual
nonstationary,contrast_permute,random,10020,38.84999084472656,0.22,111.149977684021,residual
nonstationary,contrast_permute,random,10021,50.24999237060547,0.3,99.74997997283936,residual
nonstationary,contrast_permute,random,10022,54.04999542236328,0.32666666666666666,95.95001888275146,residual
nonstationary,contrast_permute,random,10023,39.79999542236328,0.22666666666666666,110.19997787475586,residual
nonstationary,contrast_permute,random,10024,47.399993896484375,0.28,102.59997940063477,residual
nonstationary,contrast_permute,random,10025,40.749996185302734,0.23333333333333334,109.24997806549072,residual
nonstationary,contrast_permute,random,10026,45.499996185302734,0.26666666666666666,104.50000858306885,residual
nonstationary,contrast_permute,random,10027,46.44999694824219,0.2733333333333333,103.55003833770752,residual
nonstationary,contrast_permute,random,10028,44.54999542236328,0.26,105.44997882843018,residual
nonstationary,contrast_permute,random,10029,40.74999237060547,0.23333333333333334,109.24997806549072,residual
nonstationary,contrast_permute,random,10030,43.59999084472656,0.25333333333333335,106.40000343322754,residual
nonstationary,contrast_permute,random,10031,48.34999084472656,0.2866666666666667,101.64997959136963,residual
nonstationary,contrast_permute,random,10032,45.49999237060547,0.26666666666666666,104.49997901916504,residual
nonstationary,contrast_permute,random,10033,51.19999313354492,0.30666666666666664,98.79998779296875,residual
nonstationary,contrast_permute,random,10034,47.399993896484375,0.28,102.60001182556152,residual
nonstationary,contrast_permute,random,10035,44.54999542236328,0.26,105.44998073577881,residual
nonstationary,contrast_permute,random,10036,34.09999084472656,0.18666666666666668,115.89999294281006,residual
nonstationary,contrast_permute,random,10037,43.59999465942383,0.25333333333333335,106.39997863769531,residual
nonstationary,contrast_permute,random,10038,43.599998474121094,0.25333333333333335,106.39997959136963,residual
nonstationary,contrast_permute,random,10039,43.59999465942383,0.25333333333333335,106.39997863769531,residual
nonstationary,contrast_permute,random,10040,34.09999465942383,0.18666666666666668,115.9000072479248,residual
nonstationary,contrast_permute,random,10041,44.54999542236328,0.26,105.45006465911865,residual
nonstationary,contrast_permute,random,10042,45.49999237060547,0.26666666666666666,104.49997901916504,residual
nonstationary,contrast_permute,random,10043,47.399993896484375,0.28,102.59998321533203,residual
nonstationary,contrast_permute,random,10044,43.59999465942383,0.25333333333333335,106.39997863769531,residual
nonstationary,contrast_permute,random,10045,39.79999542236328,0.22666666666666666,110.19998550415039,residual
nonstationary,contrast_permute,random,10046,46.44999694824219,0.2733333333333333,103.55001449584961,residual
nonstationary,contrast_permute,random,10047,39.79999542236328,0.22666666666666666,110.19997787475586,residual
nonstationary,contrast_permute,random,10048,40.74999237060547,0.23333333333333334,109.24997806549072,residual
nonstationary,contrast_permute,optimal_frozen,9999,55.00000762939453,0.3333333333333333,95.00001525878906,residual
nonstationary,contrast_permute,optimal_frozen,10000,55.00000762939453,0.3333333333333333,94.99998092651367,residual
nonstationary,contrast_permute,optimal_frozen,10001,84.44999694824219,0.54,65.54999923706055,residual
nonstationary,contrast_permute,optimal_frozen,10002,103.44999694824219,0.6733333333333333,46.5499906539917,residual
nonstationary,contrast_permute,optimal_frozen,10003,55.00000762939453,0.3333333333333333,94.99998664855957,residual
nonstationary,contrast_permute,optimal_frozen,10004,79.70000457763672,0.5066666666666667,70.30002975463867,residual
nonstationary,contrast_permute,optimal_frozen,10005,76.8499984741211,0.4866666666666667,73.14999961853027,residual
nonstationary,contrast_permute,optimal_frozen,10006,92.05000305175781,0.5933333333333334,57.94998836517334,residual
nonstationary,contrast_permute,optimal_frozen,10007,55.00000762939453,0.3333333333333333,94.99998092651367,residual
nonstationary,contrast_permute,optimal_frozen,10008,55.00000762939453,0.3333333333333333,95.00003337860107,residual
nonstationary,contrast_permute,optimal_frozen,10009,139.54998779296875,0.9266666666666666,10.449997901916504,residual
nonstationary,contrast_permute,optimal_frozen,10010,55.00000762939453,0.3333333333333333,94.99998950958252,residual
nonstationary,contrast_permute,optimal_frozen,10011,75.9000015258789,0.48,74.10003185272217,residual
nonstationary,contrast_permute,optimal_frozen,10012,55.00000762939453,0.3333333333333333,94.99998092651367,residual
nonstationary,contrast_permute,optimal_frozen,10013,55.00000762939453,0.3333333333333333,94.99998092651367,residual
nonstationary,contrast_permute,optimal_frozen,10014,55.00000762939453,0.3333333333333333,94.99998950958252,residual
nonstationary,contrast_permute,optimal_frozen,10015,90.14999389648438,0.58,59.85000038146973,residual
nonstationary,contrast_permute,optimal_frozen,10016,117.70000457763672,0.7733333333333333,32.29999351501465,residual
nonstationary,contrast_permute,optimal_frozen,10017,55.00000762939453,0.3333333333333333,94.99998092651367,residual
nonstationary,contrast_permute,optimal_frozen,10018,55.00000762939453,0.3333333333333333,95.00006580352783,residual
nonstationary,contrast_permute,optimal_frozen,10019,97.75,0.6333333333333333,52.24998950958252,residual
nonstationary,contrast_permute,optimal_frozen,10020,94.89999389648438,0.6133333333333333,55.09998893737793,residual
nonstationary,contrast_permute,optimal_frozen,10021,55.00000762939453,0.3333333333333333,94.99998092651367,residual
nonstationary,contrast_permute,optimal_frozen,10022,55.00000762939453,0.3333333333333333,95.00003051757812,residual
nonstationary,contrast_permute,optimal_frozen,10023,105.3499984741211,0.6866666666666666,44.649991035461426,residual
nonstationary,contrast_permute,optimal_frozen,10024,55.00000762939453,0.3333333333333333,94.99998092651367,residual
nonstationary,contrast_permute,optimal_frozen,10025,59.750003814697266,0.36666666666666664,90.24998188018799,residual
nonstationary,contrast_permute,optimal_frozen,10026,59.750003814697266,0.36666666666666664,90.25001621246338,residual
nonstationary,contrast_permute,optimal_frozen,10027,77.79999542236328,0.49333333333333335,72.20003604888916,residual
nonstationary,contrast_permute,optimal_frozen,10028,111.05000305175781,0.7266666666666667,38.949992179870605,residual
nonstationary,contrast_permute,optimal_frozen,10029,80.6500015258789,0.5133333333333333,69.34998607635498,residual
nonstationary,contrast_permute,optimal_frozen,10030,92.05000305175781,0.5933333333333334,57.950002670288086,residual
nonstationary,contrast_permute,optimal_frozen,10031,55.00000762939453,0.3333333333333333,94.99998092651367,residual
nonstationary,contrast_permute,optimal_frozen,10032,55.00000762939453,0.3333333333333333,94.99998092651367,residual
nonstationary,contrast_permute,optimal_frozen,10033,89.19999694824219,0.5733333333333334,60.7999963760376,residual
nonstationary,contrast_permute,optimal_frozen,10034,79.69999694824219,0.5066666666666667,70.30001831054688,residual
nonstationary,contrast_permute,optimal_frozen,10035,55.00000762939453,0.3333333333333333,94.99998092651367,residual
nonstationary,contrast_permute,optimal_frozen,10036,82.54999542236328,0.5266666666666666,67.45000076293945,residual
nonstationary,contrast_permute,optimal_frozen,10037,55.00000762939453,0.3333333333333333,94.99998092651367,residual
nonstationary,contrast_permute,optimal_frozen,10038,92.05000305175781,0.5933333333333334,57.94999408721924,residual
nonstationary,contrast_permute,optimal_frozen,10039,55.00000762939453,0.3333333333333333,94.99998092651367,residual
nonstationary,contrast_permute,optimal_frozen,10040,84.44999694824219,0.54,65.54999351501465,residual
nonstationary,contrast_permute,optimal_frozen,10041,55.00000762939453,0.3333333333333333,95.00004863739014,residual
nonstationary,contrast_permute,optimal_frozen,10042,74.94999694824219,0.47333333333333333,75.0499849319458,residual
nonstationary,contrast_permute,optimal_frozen,10043,97.75,0.6333333333333333,52.24998950958252,residual
nonstationary,contrast_permute,optimal_frozen,10044,55.00000762939453,0.3333333333333333,94.99998092651367,residual
nonstationary,contrast_permute,optimal_frozen,10045,83.5,0.5333333333333333,66.49998664855957,residual
nonstationary,contrast_permute,optimal_frozen,10046,59.75000762939453,0.36666666666666664,90.2499942779541,residual
nonstationary,contrast_permute,optimal_frozen,10047,90.1500015258789,0.58,59.84998798370361,residual
nonstationary,contrast_permute,optimal_frozen,10048,71.1500015258789,0.44666666666666666,78.84998416900635,residual
