block,condition,agent,seed,return,opt_frac,gap_regret,model
reward_intervention,eval/intact,tf_legacy,9999,121.55152893066406,0.495,23.984179973602295,residual
reward_intervention,eval/intact,tf_legacy,10000,116.98072052001953,0.275,43.88743019104004,residual
reward_intervention,eval/intact,tf_legacy,10001,85.01016998291016,0.1,60.35637044906616,residual
reward_intervention,eval/intact,tf_legacy,10002,112.96882629394531,0.485,39.907084941864014,residual
reward_intervention,eval/intact,tf_legacy,10003,127.85812377929688,0.585,32.493216037750244,residual
reward_intervention,eval/intact,tf_legacy,10004,93.63432312011719,0.115,53.44788694381714,residual
reward_intervention,eval/intact,tf_legacy,10005,117.84869384765625,0.475,40.63024139404297,residual
reward_intervention,eval/intact,tf_legacy,10006,88.87989807128906,0.0,60.04528474807739,residual
reward_intervention,eval/intact,tf_legacy,10007,101.04435729980469,0.16,51.845757484436035,residual
reward_intervention,eval/intact,tf_legacy,10008,82.62326049804688,0.16,76.93984079360962,residual
reward_intervention,eval/intact,tf_legacy,10009,89.24629211425781,0.105,65.4717493057251,residual
reward_intervention,eval/intact,tf_legacy,10010,103.37443542480469,0.19,40.36236619949341,residual
reward_intervention,eval/intact,tf_legacy,10011,117.93791961669922,0.36,39.20936679840088,residual
reward_intervention,eval/intact,tf_legacy,10012,90.2457275390625,0.255,79.37945747375488,residual
reward_intervention,eval/intact,tf_legacy,10013,117.99868774414062,0.175,43.19254159927368,residual
reward_intervention,eval/intact,tf_legacy,10014,94.15361785888672,0.43,59.99415063858032,residual
reward_intervention,eval/intact,tf_legacy,10015,128.19651794433594,0.46,20.20714282989502,residual
reward_intervention,eval/intact,tf_legacy,10016,61.34171676635742,0.055,74.76815366744995,residual
reward_intervention,eval/intact,tf_legacy,10017,99.962646484375,0.3,46.20863342285156,residual
reward_intervention,eval/intact,tf_legacy,10018,106.3470458984375,0.21,40.49619388580322,residual
reward_intervention,eval/intact,tf_legacy,10019,115.86849212646484,0.335,35.88464641571045,residual
reward_intervention,eval/intact,tf_legacy,10020,109.60919952392578,0.27,29.78986120223999,residual
reward_intervention,eval/intact,tf_legacy,10021,108.48455047607422,0.525,39.24792814254761,residual
reward_intervention,eval/intact,tf_legacy,10022,125.91212463378906,0.445,27.08423662185669,residual
reward_intervention,eval/intact,tf_legacy,10023,107.54400634765625,0.51,34.989344120025635,residual
reward_intervention,eval/intact,tf_legacy,10024,123.04080200195312,0.345,22.833510398864746,residual
reward_intervention,eval/intact,tf_legacy,10025,97.88691711425781,0.24,42.1919002532959,residual
reward_intervention,eval/intact,tf_legacy,10026,126.96040344238281,0.74,8.696574211120605,residual
reward_intervention,eval/intact,tf_legacy,10027,85.76986694335938,0.13,55.21674966812134,residual
reward_intervention,eval/intact,tf_legacy,10028,103.30062866210938,0.2,48.27849340438843,residual
reward_intervention,eval/intact,tf_legacy,10029,103.22811889648438,0.32,35.69659614562988,residual
reward_intervention,eval/intact,tf_legacy,10030,105.21814727783203,0.22,43.65256929397583,residual
reward_intervention,eval/intact,tf_legacy,10031,111.295654296875,0.37,36.779189109802246,residual
reward_intervention,eval/intact,tf_legacy,10032,105.84867095947266,0.655,19.028584003448486,residual
reward_intervention,eval/intact,tf_legacy,10033,119.41960144042969,0.4,43.12167453765869,residual
reward_intervention,eval/intact,tf_legacy,10034,95.7498550415039,0.23,56.30783653259277,residual
reward_intervention,eval/intact,tf_legacy,10035,93.78929138183594,0.13,74.02545166015625,residual
reward_intervention,eval/intact,tf_legacy,10036,93.9620361328125,0.075,63.33640193939209,residual
reward_intervention,eval/intact,tf_legacy,10037,110.09169006347656,0.265,26.532052993774414,residual
reward_intervention,eval/intact,tf_legacy,10038,108.86048889160156,0.47,31.81746530532837,residual
reward_intervention,eval/intact,tf_legacy,10039,93.03994750976562,0.08,55.856045722961426,residual
reward_intervention,eval/intact,tf_legacy,10040,116.31031036376953,0.515,32.373788833618164,residual
reward_intervention,eval/intact,tf_legacy,10041,95.07164001464844,0.17,46.17103338241577,residual
reward_intervention,eval/intact,tf_legacy,10042,104.15266418457031,0.14,50.39935827255249,residual
reward_intervention,eval/intact,tf_legacy,10043,124.93661499023438,0.445,28.69795036315918,residual
reward_intervention,eval/intact,tf_legacy,10044,72.73345184326172,0.165,74.27380609512329,residual
reward_intervention,eval/intact,tf_legacy,10045,93.0916748046875,0.275,53.73462200164795,residual
reward_intervention,eval/intact,tf_legacy,10046,115.64234924316406,0.28,36.4897346496582,residual
reward_intervention,eval/intact,tf_legacy,10047,84.45956420898438,0.085,75.59948921203613,residual
reward_intervention,eval/intact,tf_legacy,10048,134.15618896484375,0.25,21.77425479888916,residual
reward_intervention,eval/intact,tf_self,9999,117.28397369384766,0.475,31.16621446609497,residual
reward_intervention,eval/intact,tf_self,10000,103.61888122558594,0.175,56.86326026916504,residual
reward_intervention,eval/intact,tf_self,10001,85.01016998291016,0.1,60.35637044906616,residual
reward_intervention,eval/intact,tf_self,10002,108.2962875366211,0.38,44.757004737854004,residual
reward_intervention,eval/intact,tf_self,10003,123.31187438964844,0.555,38.3139123916626,residual
reward_intervention,eval/intact,tf_self,10004,83.94035339355469,0.165,63.49127817153931,residual
reward_intervention,eval/intact,tf_self,10005,122.79010009765625,0.475,35.2604079246521,residual
reward_intervention,eval/intact,tf_self,10006,94.372802734375,0.0,54.150014877319336,residual
reward_intervention,eval/intact,tf_self,10007,103.08045196533203,0.225,51.78889513015747,residual
reward_intervention,eval/intact,tf_self,10008,114.53684997558594,0.27,44.19378089904785,residual
reward_intervention,eval/intact,tf_self,10009,86.13958740234375,0.09,68.73751211166382,residual
reward_intervention,eval/intact,tf_self,10010,91.9604263305664,0.11,53.662184715270996,residual
reward_intervention,eval/intact,tf_self,10011,123.63348388671875,0.49,31.69200563430786,residual
reward_intervention,eval/intact,tf_self,10012,122.79661560058594,0.49,42.7251238822937,residual
reward_intervention,eval/intact,tf_self,10013,110.45372009277344,0.115,49.05943822860718,residual
reward_intervention,eval/intact,tf_self,10014,126.24823760986328,0.495,33.93366813659668,residual
reward_intervention,eval/intact,tf_self,10015,120.60708618164062,0.36,28.88337755203247,residual
reward_intervention,eval/intact,tf_self,10016,63.42549133300781,0.11,73.27646017074585,residual
reward_intervention,eval/intact,tf_self,10017,90.52552795410156,0.235,56.44949769973755,residual
reward_intervention,eval/intact,tf_self,10018,102.4559326171875,0.16,44.83606195449829,residual
reward_intervention,eval/intact,tf_self,10019,118.28898620605469,0.355,33.47018575668335,residual
reward_intervention,eval/intact,tf_self,10020,112.24840545654297,0.55,28.82209539413452,residual
reward_intervention,eval/intact,tf_self,10021,76.63134002685547,0.18,73.25935316085815,residual
reward_intervention,eval/intact,tf_self,10022,90.97940826416016,0.155,63.5647087097168,residual
reward_intervention,eval/intact,tf_self,10023,97.828369140625,0.3,45.69193887710571,residual
reward_intervention,eval/intact,tf_self,10024,124.5301513671875,0.345,19.90733528137207,residual
reward_intervention,eval/intact,tf_self,10025,95.9791488647461,0.295,46.694249629974365,residual
reward_intervention,eval/intact,tf_self,10026,116.92706298828125,0.52,16.570566177368164,residual
reward_intervention,eval/intact,tf_self,10027,82.3628158569336,0.0,59.16650390625,residual
reward_intervention,eval/intact,tf_self,10028,117.8841552734375,0.5,32.99856233596802,residual
reward_intervention,eval/intact,tf_self,10029,121.89611053466797,0.48,16.456040859222412,residual
reward_intervention,eval/intact,tf_self,10030,84.4865493774414,0.12,60.688539028167725,residual
reward_intervention,eval/intact,tf_self,10031,101.81791687011719,0.21,46.72228479385376,residual
reward_intervention,eval/intact,tf_self,10032,104.77589416503906,0.515,22.370657920837402,residual
reward_intervention,eval/intact,tf_self,10033,123.8128662109375,0.42,37.69772815704346,residual
reward_intervention,eval/intact,tf_self,10034,103.11548614501953,0.285,47.39069747924805,residual
reward_intervention,eval/intact,tf_self,10035,95.82754516601562,0.06,71.96159887313843,residual
reward_intervention,eval/intact,tf_self,10036,94.35008239746094,0.0,62.67466735839844,residual
reward_intervention,eval/intact,tf_self,10037,106.25859832763672,0.345,30.797219276428223,residual
reward_intervention,eval/intact,tf_self,10038,97.59819030761719,0.185,42.41725206375122,residual
reward_intervention,eval/intact,tf_self,10039,102.10859680175781,0.37,47.62715148925781,residual
reward_intervention,eval/intact,tf_self,10040,93.34443664550781,0.205,58.311224937438965,residual
reward_intervention,eval/intact,tf_self,10041,89.47637176513672,0.22,53.824055671691895,residual
reward_intervention,eval/intact,tf_self,10042,108.08840942382812,0.0,45.68059587478638,residual
reward_intervention,eval/intact,tf_self,10043,121.4042739868164,0.425,31.621277332305908,residual
reward_intervention,eval/intact,tf_self,10044,88.39263916015625,0.105,55.64195489883423,residual
reward_intervention,eval/intact,tf_self,10045,84.87116241455078,0.24,58.62467575073242,residual
reward_intervention,eval/intact,tf_self,10046,114.05995178222656,0.145,36.064998149871826,residual
reward_intervention,eval/intact,tf_self,10047,78.77366638183594,0.0,82.41598320007324,residual
reward_intervention,eval/intact,tf_self,10048,133.13160705566406,0.295,26.90248966217041,residual
reward_intervention,eval/intact,optimal,9999,141.20579528808594,1.0,0.0,residual
reward_intervention,eval/intact,optimal,10000,160.66639709472656,1.0,0.0,residual
reward_intervention,eval/intact,optimal,10001,145.31277465820312,1.0,0.0,residual
reward_intervention,eval/intact,optimal,10002,154.31651306152344,1.0,0.0,residual
reward_intervention,eval/intact,optimal,10003,159.40057373046875,1.0,0.0,residual
reward_intervention,eval/intact,optimal,10004,149.41934204101562,1.0,0.0,residual
reward_intervention,eval/intact,optimal,10005,156.21694946289062,1.0,0.0,residual
reward_intervention,eval/intact,optimal,10006,145.3865203857422,1.0,0.0,residual
reward_intervention,eval/intact,optimal,10007,155.88116455078125,1.0,0.0,residual
reward_intervention,eval/intact,optimal,10008,157.59585571289062,1.0,0.0,residual
reward_intervention,eval/intact,optimal,10009,153.279296875,1.0,0.0,residual
reward_intervention,eval/intact,optimal,10010,150.4432373046875,1.0,0.0,residual
reward_intervention,eval/intact,optimal,10011,154.8956298828125,1.0,0.0,residual
reward_intervention,eval/intact,optimal,10012,163.3168182373047,1.0,0.0,residual
reward_intervention,eval/intact,optimal,10013,157.58216857910156,1.0,0.0,residual
reward_intervention,eval/intact,optimal,10014,153.15005493164062,1.0,0.0,residual
reward_intervention,eval/intact,optimal,10015,150.13525390625,1.0,0.0,residual
reward_intervention,eval/intact,optimal,10016,136.85256958007812,1.0,0.0,residual
reward_intervention,eval/intact,optimal,10017,149.96990966796875,1.0,0.0,residual
reward_intervention,eval/intact,optimal,10018,145.6324462890625,1.0,0.0,residual
reward_intervention,eval/intact,optimal,10019,152.00038146972656,1.0,0.0,residual
reward_intervention,eval/intact,optimal,10020,139.1854248046875,1.0,0.0,residual
reward_intervention,eval/intact,optimal,10021,146.62905883789062,1.0,0.0,residual
reward_intervention,eval/intact,optimal,10022,151.38845825195312,1.0,0.0,residual
reward_intervention,eval/intact,optimal,10023,140.74717712402344,1.0,0.0,residual
reward_intervention,eval/intact,optimal,10024,145.08932495117188,1.0,0.0,residual
reward_intervention,eval/intact,optimal,10025,141.3740234375,1.0,0.0,residual
reward_intervention,eval/intact,optimal,10026,133.78631591796875,1.0,0.0,residual
reward_intervention,eval/intact,optimal,10027,141.1024169921875,1.0,0.0,residual
reward_intervention,eval/intact,optimal,10028,158.6577606201172,1.0,0.0,residual
reward_intervention,eval/intact,optimal,10029,139.73892211914062,1.0,0.0,residual
reward_intervention,eval/intact,optimal,10030,153.2302703857422,1.0,0.0,residual
reward_intervention,eval/intact,optimal,10031,148.677001953125,1.0,0.0,residual
reward_intervention,eval/intact,optimal,10032,118.6419906616211,1.0,0.0,residual
reward_intervention,eval/intact,optimal,10033,160.3961944580078,1.0,0.0,residual
reward_intervention,eval/intact,optimal,10034,151.35794067382812,1.0,0.0,residual
reward_intervention,eval/intact,optimal,10035,167.00559997558594,1.0,0.0,residual
reward_intervention,eval/intact,optimal,10036,152.4580535888672,1.0,0.0,residual
reward_intervention,eval/intact,optimal,10037,138.62362670898438,1.0,0.0,residual
reward_intervention,eval/intact,optimal,10038,139.50601196289062,1.0,0.0,residual
reward_intervention,eval/intact,optimal,10039,155.94541931152344,1.0,0.0,residual
reward_intervention,eval/intact,optimal,10040,149.40174865722656,1.0,0.0,residual
reward_intervention,eval/intact,optimal,10041,143.17428588867188,1.0,0.0,residual
reward_intervention,eval/intact,optimal,10042,156.06277465820312,1.0,0.0,residual
reward_intervention,eval/intact,optimal,10043,153.32635498046875,1.0,0.0,residual
reward_intervention,eval/intact,optimal,10044,144.0423583984375,1.0,0.0,residual
reward_intervention,eval/intact,optimal,10045,145.1358642578125,1.0,0.0,residual
reward_intervention,eval/intact,optimal,10046,152.8437042236328,1.0,0.0,residual
reward_intervention,eval/intact,optimal,10047,164.7223663330078,1.0,0.0,residual
reward_intervention,eval/intact,optimal,10048,156.09974670410156,1.0,0.0,residual
reward_intervention,eval/intact,epsgreedy,9999,111.88276672363281,0.25,32.073606967926025,residual
reward_intervention,eval/intact,epsgreedy,10000,129.6103515625,0.425,33.19758081436157,residual
reward_intervention,eval/intact,epsgreedy,10001,126.23648834228516,0.635,19.894701957702637,residual
reward_intervention,eval/intact,epsgreedy,10002,133.37445068359375,0.445,23.65154218673706,residual
reward_intervention,eval/intact,epsgreedy,10003,118.12741088867188,0.17,41.914522647857666,residual
reward_intervention,eval/intact,epsgreedy,10004,103.2706298828125,0.37,45.20268726348877,residual
reward_intervention,eval/intact,epsgreedy,10005,94.21463775634766,0.255,64.26208639144897,residual
reward_intervention,eval/intact,epsgreedy,10006,122.41961669921875,0.435,23.949037551879883,residual
reward_intervention,eval/intact,epsgreedy,10007,133.60720825195312,0.29,21.518788814544678,residual
reward_intervention,eval/intact,epsgreedy,10008,117.58805847167969,0.4,41.13453531265259,residual
reward_intervention,eval/intact,epsgreedy,10009,99.62199401855469,0.25,52.943599224090576,residual
reward_intervention,eval/intact,epsgreedy,10010,122.91931915283203,0.605,26.040103912353516,residual
reward_intervention,eval/intact,epsgreedy,10011,106.62991333007812,0.235,48.34310722351074,residual
reward_intervention,eval/intact,epsgreedy,10012,106.65526580810547,0.285,59.93489217758179,residual
reward_intervention,eval/intact,epsgreedy,10013,111.61190795898438,0.03,47.36269569396973,residual
reward_intervention,eval/intact,epsgreedy,10014,113.45285034179688,0.35,42.01000118255615,residual
reward_intervention,eval/intact,epsgreedy,10015,104.2540283203125,0.12,44.77756452560425,residual
reward_intervention,eval/intact,epsgreedy,10016,94.43790435791016,0.16,44.36427688598633,residual
reward_intervention,eval/intact,epsgreedy,10017,119.9233627319336,0.53,26.329591274261475,residual
reward_intervention,eval/intact,epsgreedy,10018,98.57391357421875,0.31,46.52860116958618,residual
reward_intervention,eval/intact,epsgreedy,10019,104.0965576171875,0.305,46.092562198638916,residual
reward_intervention,eval/intact,epsgreedy,10020,104.0599365234375,0.26,33.49714756011963,residual
reward_intervention,eval/intact,epsgreedy,10021,108.78853607177734,0.59,38.070897579193115,residual
reward_intervention,eval/intact,epsgreedy,10022,103.73979187011719,0.23,50.53535270690918,residual
reward_intervention,eval/intact,epsgreedy,10023,92.82368469238281,0.33,47.84731388092041,residual
reward_intervention,eval/intact,epsgreedy,10024,118.53903198242188,0.435,25.671926498413086,residual
reward_intervention,eval/intact,epsgreedy,10025,101.91458892822266,0.355,41.49953031539917,residual
reward_intervention,eval/intact,epsgreedy,10026,113.40237426757812,0.41,21.455662727355957,residual
reward_intervention,eval/intact,epsgreedy,10027,103.88917541503906,0.395,37.007994174957275,residual
reward_intervention,eval/intact,epsgreedy,10028,82.45565795898438,0.06,67.1092529296875,residual
reward_intervention,eval/intact,epsgreedy,10029,103.25316619873047,0.415,39.509706020355225,residual
reward_intervention,eval/intact,epsgreedy,10030,111.44364929199219,0.37,35.254743576049805,residual
reward_intervention,eval/intact,epsgreedy,10031,114.28459167480469,0.335,35.81432914733887,residual
reward_intervention,eval/intact,epsgreedy,10032,97.22856140136719,0.205,23.104920387268066,residual
reward_intervention,eval/intact,epsgreedy,10033,132.84127807617188,0.625,28.160991191864014,residual
reward_intervention,eval/intact,epsgreedy,10034,97.68977355957031,0.165,52.00250720977783,residual
reward_intervention,eval/intact,epsgreedy,10035,110.23733520507812,0.11,56.93439245223999,residual
reward_intervention,eval/intact,epsgreedy,10036,106.97369384765625,0.28,49.296388149261475,residual
reward_intervention,eval/intact,epsgreedy,10037,119.60533142089844,0.3,18.190115451812744,residual
reward_intervention,eval/intact,epsgreedy,10038,109.16377258300781,0.3,30.99301528930664,residual
reward_intervention,eval/intact,epsgreedy,10039,116.29390716552734,0.04,33.42994022369385,residual
reward_intervention,eval/intact,epsgreedy,10040,108.976806640625,0.44,41.636642932891846,residual
reward_intervention,eval/intact,epsgreedy,10041,108.63241577148438,0.38,34.69420862197876,residual
reward_intervention,eval/intact,epsgreedy,10042,123.55668640136719,0.27,32.60457897186279,residual
reward_intervention,eval/intact,epsgreedy,10043,92.0953369140625,0.23,61.13054132461548,residual
reward_intervention,eval/intact,epsgreedy,10044,103.48925018310547,0.18,43.91516876220703,residual
reward_intervention,eval/intact,epsgreedy,10045,96.33917236328125,0.305,48.13600778579712,residual
reward_intervention,eval/intact,epsgreedy,10046,106.88313293457031,0.365,45.52051305770874,residual
reward_intervention,eval/intact,epsgreedy,10047,85.84487915039062,0.03,77.23983240127563,residual
reward_intervention,eval/intact,epsgreedy,10048,94.58879852294922,0.11,62.03382873535156,residual
reward_intervention,eval/intact,greedy,9999,116.21321105957031,0.37,28.435359001159668,residual
reward_intervention,eval/intact,greedy,10000,130.25491333007812,0.405,35.99556541442871,residual
reward_intervention,eval/intact,greedy,10001,95.36604309082031,0.355,49.389243602752686,residual
reward_intervention,eval/intact,greedy,10002,130.80764770507812,0.25,22.347784519195557,residual
reward_intervention,eval/intact,greedy,10003,123.82444763183594,0.335,35.21890115737915,residual
reward_intervention,eval/intact,greedy,10004,94.44004821777344,0.415,52.037386894226074,residual
reward_intervention,eval/intact,greedy,10005,97.40565490722656,0.33,62.226232051849365,residual
reward_intervention,eval/intact,greedy,10006,123.1752700805664,0.435,23.91289710998535,residual
reward_intervention,eval/intact,greedy,10007,107.86105346679688,0.34,51.13878297805786,residual
reward_intervention,eval/intact,greedy,10008,119.82283020019531,0.395,40.22409963607788,residual
reward_intervention,eval/intact,greedy,10009,81.87120056152344,0.105,71.12204265594482,residual
reward_intervention,eval/intact,greedy,10010,121.81659698486328,0.67,23.706756591796875,residual
reward_intervention,eval/intact,greedy,10011,119.72193908691406,0.295,37.70997476577759,residual
reward_intervention,eval/intact,greedy,10012,107.74591064453125,0.3,59.344022274017334,residual
reward_intervention,eval/intact,greedy,10013,114.51885986328125,0.13,48.790743350982666,residual
reward_intervention,eval/intact,greedy,10014,97.99967956542969,0.375,59.03838491439819,residual
reward_intervention,eval/intact,greedy,10015,107.29789733886719,0.185,42.02251482009888,residual
reward_intervention,eval/intact,greedy,10016,92.34455108642578,0.16,48.51800060272217,residual
reward_intervention,eval/intact,greedy,10017,101.39767456054688,0.325,45.75541305541992,residual
reward_intervention,eval/intact,greedy,10018,89.79898071289062,0.21,55.98627758026123,residual
reward_intervention,eval/intact,greedy,10019,103.77257537841797,0.335,46.31757831573486,residual
reward_intervention,eval/intact,greedy,10020,111.34803771972656,0.445,25.150556087493896,residual
reward_intervention,eval/intact,greedy,10021,113.52108001708984,0.685,33.69003486633301,residual
reward_intervention,eval/intact,greedy,10022,85.93226623535156,0.095,66.84225654602051,residual
reward_intervention,eval/intact,greedy,10023,85.41986846923828,0.305,54.58752393722534,residual
reward_intervention,eval/intact,greedy,10024,102.89273071289062,0.275,42.500664710998535,residual
reward_intervention,eval/intact,greedy,10025,101.37310791015625,0.2,39.579379081726074,residual
reward_intervention,eval/intact,greedy,10026,112.27884674072266,0.435,21.65011978149414,residual
reward_intervention,eval/intact,greedy,10027,104.55899047851562,0.4,36.578927993774414,residual
reward_intervention,eval/intact,greedy,10028,77.26789093017578,0.0,72.8514313697815,residual
reward_intervention,eval/intact,greedy,10029,105.67686462402344,0.435,32.70052194595337,residual
reward_intervention,eval/intact,greedy,10030,94.00907897949219,0.0,50.7260856628418,residual
reward_intervention,eval/intact,greedy,10031,109.38351440429688,0.505,38.67661476135254,residual
reward_intervention,eval/intact,greedy,10032,94.4428939819336,0.2,26.016778469085693,residual
reward_intervention,eval/intact,greedy,10033,113.5499496459961,0.24,47.464340686798096,residual
reward_intervention,eval/intact,greedy,10034,95.77828979492188,0.155,54.81480932235718,residual
reward_intervention,eval/intact,greedy,10035,90.38232421875,0.045,78.56085729598999,residual
reward_intervention,eval/intact,greedy,10036,110.94038391113281,0.285,48.42382192611694,residual
reward_intervention,eval/intact,greedy,10037,119.97256469726562,0.41,20.865209102630615,residual
reward_intervention,eval/intact,greedy,10038,112.21656799316406,0.31,26.941014289855957,residual
reward_intervention,eval/intact,greedy,10039,105.12049865722656,0.1,43.71299171447754,residual
reward_intervention,eval/intact,greedy,10040,111.46609497070312,0.435,42.202693462371826,residual
reward_intervention,eval/intact,greedy,10041,108.49009704589844,0.41,35.526939868927,residual
reward_intervention,eval/intact,greedy,10042,120.11172485351562,0.165,34.357868671417236,residual
reward_intervention,eval/intact,greedy,10043,115.28866577148438,0.475,38.06963872909546,residual
reward_intervention,eval/intact,greedy,10044,83.68037414550781,0.09,63.39927816390991,residual
reward_intervention,eval/intact,greedy,10045,91.5732650756836,0.135,53.30200147628784,residual
reward_intervention,eval/intact,greedy,10046,89.93717956542969,0.26,64.27124834060669,residual
reward_intervention,eval/intact,greedy,10047,69.25208282470703,0.0,92.7829704284668,residual
reward_intervention,eval/intact,greedy,10048,82.98728942871094,0.26,73.00773286819458,residual
reward_intervention,eval/intact,random,9999,104.20384979248047,0.24,41.401740074157715,residual
reward_intervention,eval/intact,random,10000,110.36770629882812,0.29,51.73642921447754,residual
reward_intervention,eval/intact,random,10001,101.75326538085938,0.265,45.854233264923096,residual
reward_intervention,eval/intact,random,10002,108.02197265625,0.285,44.15881681442261,residual
reward_intervention,eval/intact,random,10003,121.4687728881836,0.325,41.9236798286438,residual
reward_intervention,eval/intact,random,10004,94.25703430175781,0.24,55.0237340927124,residual
reward_intervention,eval/intact,random,10005,99.29074096679688,0.27,59.37734937667847,residual
reward_intervention,eval/intact,random,10006,107.99085235595703,0.325,45.105323791503906,residual
reward_intervention,eval/intact,random,10007,114.64431762695312,0.23,43.23870801925659,residual
reward_intervention,eval/intact,random,10008,91.56184387207031,0.195,67.60078716278076,residual
reward_intervention,eval/intact,random,10009,94.35845184326172,0.19,57.437175273895264,residual
reward_intervention,eval/intact,random,10010,94.16703796386719,0.24,53.67103862762451,residual
reward_intervention,eval/intact,random,10011,109.7741928100586,0.22,43.76759099960327,residual
reward_intervention,eval/intact,random,10012,120.38268280029297,0.27,48.641451358795166,residual
reward_intervention,eval/intact,random,10013,115.09738159179688,0.25,44.02182483673096,residual
reward_intervention,eval/intact,random,10014,93.03694915771484,0.275,60.11474609375,residual
reward_intervention,eval/intact,random,10015,108.04640197753906,0.225,42.38377666473389,residual
reward_intervention,eval/intact,random,10016,95.12654113769531,0.3,42.387423038482666,residual
reward_intervention,eval/intact,random,10017,104.27647399902344,0.245,42.414865016937256,residual
reward_intervention,eval/intact,random,10018,105.53889465332031,0.275,42.61589431762695,residual
reward_intervention,eval/intact,random,10019,103.39932250976562,0.235,46.22064924240112,residual
reward_intervention,eval/intact,random,10020,99.56552124023438,0.23,41.07658672332764,residual
reward_intervention,eval/intact,random,10021,84.97496032714844,0.24,63.445013999938965,residual
reward_intervention,eval/intact,random,10022,105.95201873779297,0.265,47.555158615112305,residual
reward_intervention,eval/intact,random,10023,96.10975646972656,0.27,47.89344549179077,residual
reward_intervention,eval/intact,random,10024,111.04241943359375,0.245,36.56248331069946,residual
reward_intervention,eval/intact,random,10025,94.43516540527344,0.255,46.36319923400879,residual
reward_intervention,eval/intact,random,10026,92.69232177734375,0.235,44.182326316833496,residual
reward_intervention,eval/intact,random,10027,93.04194641113281,0.23,48.355183601379395,residual
reward_intervention,eval/intact,random,10028,97.2858657836914,0.28,59.88522911071777,residual
reward_intervention,eval/intact,random,10029,97.01669311523438,0.255,45.86236047744751,residual
reward_intervention,eval/intact,random,10030,99.0077896118164,0.23,51.50560522079468,residual
reward_intervention,eval/intact,random,10031,95.68562316894531,0.28,52.28444147109985,residual
reward_intervention,eval/intact,random,10032,97.1936264038086,0.25,25.51892328262329,residual
reward_intervention,eval/intact,random,10033,102.43862915039062,0.225,57.66783952713013,residual
reward_intervention,eval/intact,random,10034,108.78402709960938,0.255,43.42113637924194,residual
reward_intervention,eval/intact,random,10035,110.596435546875,0.24,57.719101905822754,residual
reward_intervention,eval/intact,random,10036,105.05601501464844,0.265,45.02997875213623,residual
reward_intervention,eval/intact,random,10037,102.6802749633789,0.26,33.48616933822632,residual
reward_intervention,eval/intact,random,10038,100.32266998291016,0.28,39.76910734176636,residual
reward_intervention,eval/intact,random,10039,111.68927001953125,0.245,38.80545473098755,residual
reward_intervention,eval/intact,random,10040,101.03496551513672,0.29,50.42936849594116,residual
reward_intervention,eval/intact,random,10041,94.65486145019531,0.255,46.75653028488159,residual
reward_intervention,eval/intact,random,10042,107.51129150390625,0.26,47.79604721069336,residual
reward_intervention,eval/intact,random,10043,97.52403259277344,0.255,55.59163570404053,residual
reward_intervention,eval/intact,random,10044,95.8270492553711,0.235,51.391879081726074,residual
reward_intervention,eval/intact,random,10045,93.86679077148438,0.285,52.86617946624756,residual
reward_intervention,eval/intact,random,10046,108.60939025878906,0.285,44.945844650268555,residual
reward_intervention,eval/intact,random,10047,99.97389221191406,0.215,63.16008472442627,residual
reward_intervention,eval/intact,random,10048,106.63331604003906,0.215,52.16561269760132,residual
reward_intervention,eval/zeroed,tf_legacy,9999,109.01824188232422,0.3,37.76649332046509,residual
reward_intervention,eval/zeroed,tf_legacy,10000,116.87924194335938,0.285,44.21148204803467,residual
reward_intervention,eval/zeroed,tf_legacy,10001,84.94659423828125,0.255,59.143269538879395,residual
reward_intervention,eval/zeroed,tf_legacy,10002,94.57832336425781,0.2,57.38195276260376,residual
reward_intervention,eval/zeroed,tf_legacy,10003,121.01385498046875,0.49,39.44470739364624,residual
reward_intervention,eval/zeroed,tf_legacy,10004,98.66474914550781,0.02,46.31270170211792,residual
reward_intervention,eval/zeroed,tf_legacy,10005,96.87753295898438,0.325,61.632805824279785,residual
reward_intervention,eval/zeroed,tf_legacy,10006,83.9451904296875,0.015,63.70940160751343,residual
reward_intervention,eval/zeroed,tf_legacy,10007,102.24095916748047,0.175,52.92480516433716,residual
reward_intervention,eval/zeroed,tf_legacy,10008,83.6171875,0.225,76.55401372909546,residual
reward_intervention,eval/zeroed,tf_legacy,10009,94.76622009277344,0.195,59.9556884765625,residual
reward_intervention,eval/zeroed,tf_legacy,10010,118.16368103027344,0.4,26.33909511566162,residual
reward_intervention,eval/zeroed,tf_legacy,10011,117.95262908935547,0.565,37.13623094558716,residual
reward_intervention,eval/zeroed,tf_legacy,10012,94.32316589355469,0.12,72.79262924194336,residual
reward_intervention,eval/zeroed,tf_legacy,10013,116.9900131225586,0.395,40.83140754699707,residual
reward_intervention,eval/zeroed,tf_legacy,10014,88.08173370361328,0.4,68.21879625320435,residual
reward_intervention,eval/zeroed,tf_legacy,10015,109.90492248535156,0.03,39.4273476600647,residual
reward_intervention,eval/zeroed,tf_legacy,10016,51.290287017822266,0.02,86.51602029800415,residual
reward_intervention,eval/zeroed,tf_legacy,10017,122.93560028076172,0.47,24.696837902069092,residual
reward_intervention,eval/zeroed,tf_legacy,10018,81.91313171386719,0.09,64.05014944076538,residual
reward_intervention,eval/zeroed,tf_legacy,10019,81.79450988769531,0.04,69.90503549575806,residual
reward_intervention,eval/zeroed,tf_legacy,10020,96.25434875488281,0.145,44.25179862976074,residual
reward_intervention,eval/zeroed,tf_legacy,10021,98.3140869140625,0.3,50.04255962371826,residual
reward_intervention,eval/zeroed,tf_legacy,10022,117.12483215332031,0.4,36.81622505187988,residual
reward_intervention,eval/zeroed,tf_legacy,10023,91.43537139892578,0.265,51.88619518280029,residual
reward_intervention,eval/zeroed,tf_legacy,10024,110.58076477050781,0.295,35.46842336654663,residual
reward_intervention,eval/zeroed,tf_legacy,10025,93.30799865722656,0.305,47.76199531555176,residual
reward_intervention,eval/zeroed,tf_legacy,10026,124.62919616699219,0.795,8.24225378036499,residual
reward_intervention,eval/zeroed,tf_legacy,10027,101.96574401855469,0.375,39.14473247528076,residual
reward_intervention,eval/zeroed,tf_legacy,10028,107.50277709960938,0.37,46.723825454711914,residual
reward_intervention,eval/zeroed,tf_legacy,10029,115.12039184570312,0.195,24.608274459838867,residual
reward_intervention,eval/zeroed,tf_legacy,10030,113.22923278808594,0.22,35.883769035339355,residual
reward_intervention,eval/zeroed,tf_legacy,10031,115.7997055053711,0.38,31.86803436279297,residual
reward_intervention,eval/zeroed,tf_legacy,10032,109.73528289794922,0.35,14.260814189910889,residual
reward_intervention,eval/zeroed,tf_legacy,10033,110.57376098632812,0.355,50.39691400527954,residual
reward_intervention,eval/zeroed,tf_legacy,10034,83.29460906982422,0.145,69.5056529045105,residual
reward_intervention,eval/zeroed,tf_legacy,10035,81.33937072753906,0.075,86.39232587814331,residual
reward_intervention,eval/zeroed,tf_legacy,10036,108.04458618164062,0.365,47.79876756668091,residual
reward_intervention,eval/zeroed,tf_legacy,10037,108.0147705078125,0.11,27.69049644470215,residual
reward_intervention,eval/zeroed,tf_legacy,10038,101.47059631347656,0.25,37.833402156829834,residual
reward_intervention,eval/zeroed,tf_legacy,10039,89.83625793457031,0.07,60.39807176589966,residual
reward_intervention,eval/zeroed,tf_legacy,10040,96.8743667602539,0.285,51.42653942108154,residual
reward_intervention,eval/zeroed,tf_legacy,10041,105.98347473144531,0.265,35.35279703140259,residual
reward_intervention,eval/zeroed,tf_legacy,10042,75.64531707763672,0.145,76.71279907226562,residual
reward_intervention,eval/zeroed,tf_legacy,10043,124.47271728515625,0.535,28.649659156799316,residual
reward_intervention,eval/zeroed,tf_legacy,10044,52.197021484375,0.0,94.18740510940552,residual
reward_intervention,eval/zeroed,tf_legacy,10045,115.82886505126953,0.4,27.925189971923828,residual
reward_intervention,eval/zeroed,tf_legacy,10046,120.56158447265625,0.395,30.92224931716919,residual
reward_intervention,eval/zeroed,tf_legacy,10047,113.24369812011719,0.27,48.086265087127686,residual
reward_intervention,eval/zeroed,tf_legacy,10048,129.486572265625,0.37,29.480310440063477,residual
reward_intervention,eval/zeroed,tf_self,9999,123.1314697265625,0.52,24.58538007736206,residual
reward_intervention,eval/zeroed,tf_self,10000,112.58650970458984,0.245,48.7916374206543,residual
reward_intervention,eval/zeroed,tf_self,10001,80.20967102050781,0.095,63.983020305633545,residual
reward_intervention,eval/zeroed,tf_self,10002,114.66775512695312,0.38,38.947232246398926,residual
reward_intervention,eval/zeroed,tf_self,10003,118.49581909179688,0.33,44.07853126525879,residual
reward_intervention,eval/zeroed,tf_self,10004,83.78592681884766,0.04,62.56137990951538,residual
reward_intervention,eval/zeroed,tf_self,10005,91.04722595214844,0.17,66.57217502593994,residual
reward_intervention,eval/zeroed,tf_self,10006,90.61640930175781,0.09,59.07349872589111,residual
reward_intervention,eval/zeroed,tf_self,10007,120.2784423828125,0.34,33.78642988204956,residual
reward_intervention,eval/zeroed,tf_self,10008,86.44059753417969,0.17,73.78914260864258,residual
reward_intervention,eval/zeroed,tf_self,10009,91.62793731689453,0.275,63.000309467315674,residual
reward_intervention,eval/zeroed,tf_self,10010,92.41581726074219,0.18,53.50640344619751,residual
reward_intervention,eval/zeroed,tf_self,10011,118.37266540527344,0.46,35.413403034210205,residual
reward_intervention,eval/zeroed,tf_self,10012,129.24591064453125,0.37,35.04944133758545,residual
reward_intervention,eval/zeroed,tf_self,10013,115.7318115234375,0.29,46.42974519729614,residual
reward_intervention,eval/zeroed,tf_self,10014,97.45146179199219,0.095,61.97181701660156,residual
reward_intervention,eval/zeroed,tf_self,10015,114.76199340820312,0.24,34.87626028060913,residual
reward_intervention,eval/zeroed,tf_self,10016,67.46379852294922,0.125,71.52406024932861,residual
reward_intervention,eval/zeroed,tf_self,10017,102.60269165039062,0.36,44.90555477142334,residual
reward_intervention,eval/zeroed,tf_self,10018,87.59945678710938,0.16,59.345407009124756,residual
reward_intervention,eval/zeroed,tf_self,10019,88.70077514648438,0.015,62.33315181732178,residual
reward_intervention,eval/zeroed,tf_self,10020,84.44309997558594,0.185,57.58105421066284,residual
reward_intervention,eval/zeroed,tf_self,10021,68.25727844238281,0.23,80.28817558288574,residual
reward_intervention,eval/zeroed,tf_self,10022,95.74922943115234,0.0,60.20613670349121,residual
reward_intervention,eval/zeroed,tf_self,10023,99.56964111328125,0.43,42.9874062538147,residual
reward_intervention,eval/zeroed,tf_self,10024,112.38496398925781,0.24,33.45420503616333,residual
reward_intervention,eval/zeroed,tf_self,10025,92.16505432128906,0.145,49.90930938720703,residual
reward_intervention,eval/zeroed,tf_self,10026,114.73275756835938,0.43,17.395572662353516,residual
reward_intervention,eval/zeroed,tf_self,10027,89.27336120605469,0.085,53.80006790161133,residual
reward_intervention,eval/zeroed,tf_self,10028,120.27950286865234,0.545,33.34925603866577,residual
reward_intervention,eval/zeroed,tf_self,10029,129.19482421875,0.53,12.310847759246826,residual
reward_intervention,eval/zeroed,tf_self,10030,91.58726501464844,0.045,57.845702171325684,residual
reward_intervention,eval/zeroed,tf_self,10031,127.78349304199219,0.445,20.24376678466797,residual
reward_intervention,eval/zeroed,tf_self,10032,111.47655487060547,0.335,12.17300796508789,residual
reward_intervention,eval/zeroed,tf_self,10033,119.73948669433594,0.305,42.070558071136475,residual
reward_intervention,eval/zeroed,tf_self,10034,107.95468139648438,0.38,41.15083408355713,residual
reward_intervention,eval/zeroed,tf_self,10035,119.16252136230469,0.325,48.68516969680786,residual
reward_intervention,eval/zeroed,tf_self,10036,80.81329345703125,0.12,74.72461700439453,residual
reward_intervention,eval/zeroed,tf_self,10037,106.01887512207031,0.11,29.986449241638184,residual
reward_intervention,eval/zeroed,tf_self,10038,111.60626220703125,0.175,28.272724628448486,residual
reward_intervention,eval/zeroed,tf_self,10039,97.95964813232422,0.155,52.154008865356445,residual
reward_intervention,eval/zeroed,tf_self,10040,95.47300720214844,0.32,55.55086326599121,residual
reward_intervention,eval/zeroed,tf_self,10041,101.95974731445312,0.245,39.59039831161499,residual
reward_intervention,eval/zeroed,tf_self,10042,99.09617614746094,0.3,53.84505367279053,residual
reward_intervention,eval/zeroed,tf_self,10043,106.6036148071289,0.18,46.613487243652344,residual
reward_intervention,eval/zeroed,tf_self,10044,80.33443450927734,0.075,64.10848665237427,residual
reward_intervention,eval/zeroed,tf_self,10045,97.81841278076172,0.38,45.58656549453735,residual
reward_intervention,eval/zeroed,tf_self,10046,117.98738861083984,0.135,32.76234006881714,residual
reward_intervention,eval/zeroed,tf_self,10047,108.90476989746094,0.215,50.35510873794556,residual
reward_intervention,eval/zeroed,tf_self,10048,84.97984313964844,0.07,72.11847639083862,residual
reward_intervention,eval/zeroed,optimal,9999,141.20579528808594,1.0,0.0,residual
reward_intervention,eval/zeroed,optimal,10000,160.66639709472656,1.0,0.0,residual
reward_intervention,eval/zeroed,optimal,10001,145.31277465820312,1.0,0.0,residual
reward_intervention,eval/zeroed,optimal,10002,154.31651306152344,1.0,0.0,residual
reward_intervention,eval/zeroed,optimal,10003,159.40057373046875,1.0,0.0,residual
reward_intervention,eval/zeroed,optimal,10004,149.41934204101562,1.0,0.0,residual
reward_intervention,eval/zeroed,optimal,10005,156.21694946289062,1.0,0.0,residual
reward_intervention,eval/zeroed,optimal,10006,145.3865203857422,1.0,0.0,residual
reward_intervention,eval/zeroed,optimal,10007,155.88116455078125,1.0,0.0,residual
reward_intervention,eval/zeroed,optimal,10008,157.59585571289062,1.0,0.0,residual
reward_intervention,eval/zeroed,optimal,10009,153.279296875,1.0,0.0,residual
reward_intervention,eval/zeroed,optimal,10010,150.4432373046875,1.0,0.0,residual
reward_intervention,eval/zeroed,optimal,10011,154.8956298828125,1.0,0.0,residual
reward_intervention,eval/zeroed,optimal,10012,163.3168182373047,1.0,0.0,residual
reward_intervention,eval/zeroed,optimal,10013,157.58216857910156,1.0,0.0,residual
reward_intervention,eval/zeroed,optimal,10014,153.15005493164062,1.0,0.0,residual
reward_intervention,eval/zeroed,optimal,10015,150.13525390625,1.0,0.0,residual
reward_intervention,eval/zeroed,optimal,10016,136.85256958007812,1.0,0.0,residual
reward_intervention,eval/zeroed,optimal,10017,149.96990966796875,1.0,0.0,residual
reward_intervention,eval/zeroed,optimal,10018,145.6324462890625,1.0,0.0,residual
reward_intervention,eval/zeroed,optimal,10019,152.00038146972656,1.0,0.0,residual
reward_intervention,eval/zeroed,optimal,10020,139.1854248046875,1.0,0.0,residual
reward_intervention,eval/zeroed,optimal,10021,146.62905883789062,1.0,0.0,residual
reward_intervention,eval/zeroed,optimal,10022,151.38845825195312,1.0,0.0,residual
reward_intervention,eval/zeroed,optimal,10023,140.74717712402344,1.0,0.0,residual
reward_intervention,eval/zeroed,optimal,10024,145.08932495117188,1.0,0.0,residual
reward_intervention,eval/zeroed,optimal,10025,141.3740234375,1.0,0.0,residual
reward_intervention,eval/zeroed,optimal,10026,133.78631591796875,1.0,0.0,residual
reward_intervention,eval/zeroed,optimal,10027,141.1024169921875,1.0,0.0,residual
reward_intervention,eval/zeroed,optimal,10028,158.6577606201172,1.0,0.0,residual
reward_intervention,eval/zeroed,optimal,10029,139.73892211914062,1.0,0.0,residual
reward_intervention,eval/zeroed,optimal,10030,153.2302703857422,1.0,0.0,residual
reward_intervention,eval/zeroed,optimal,10031,148.677001953125,1.0,0.0,residual
reward_intervention,eval/zeroed,optimal,10032,118.6419906616211,1.0,0.0,residual
reward_intervention,eval/zeroed,optimal,10033,160.3961944580078,1.0,0.0,residual
reward_intervention,eval/zeroed,optimal,10034,151.35794067382812,1.0,0.0,residual
reward_intervention,eval/zeroed,optimal,10035,167.00559997558594,1.0,0.0,residual
reward_intervention,eval/zeroed,optimal,10036,152.4580535888672,1.0,0.0,residual
reward_intervention,eval/zeroed,optimal,10037,138.62362670898438,1.0,0.0,residual
reward_intervention,eval/zeroed,optimal,10038,139.50601196289062,1.0,0.0,residual
reward_intervention,eval/zeroed,optimal,10039,155.94541931152344,1.0,0.0,residual
reward_intervention,eval/zeroed,optimal,10040,149.40174865722656,1.0,0.0,residual
reward_intervention,eval/zeroed,optimal,10041,143.17428588867188,1.0,0.0,residual
reward_intervention,eval/zeroed,optimal,10042,156.06277465820312,1.0,0.0,residual
reward_intervention,eval/zeroed,optimal,10043,153.32635498046875,1.0,0.0,residual
reward_intervention,eval/zeroed,optimal,10044,144.0423583984375,1.0,0.0,residual
reward_intervention,eval/zeroed,optimal,10045,145.1358642578125,1.0,0.0,residual
reward_intervention,eval/zeroed,optimal,10046,152.8437042236328,1.0,0.0,residual
reward_intervention,eval/zeroed,optimal,10047,164.7223663330078,1.0,0.0,residual
reward_intervention,eval/zeroed,optimal,10048,156.09974670410156,1.0,0.0,residual
reward_intervention,eval/zeroed,epsgreedy,9999,107.15028381347656,0.335,36.70687913894653,residual
reward_intervention,eval/zeroed,epsgreedy,10000,115.47557830810547,0.285,48.01909875869751,residual
reward_intervention,eval/zeroed,epsgreedy,10001,98.32467651367188,0.21,50.22875738143921,residual
reward_intervention,eval/zeroed,epsgreedy,10002,108.9806900024414,0.24,47.16929769515991,residual
reward_intervention,eval/zeroed,epsgreedy,10003,118.31794738769531,0.265,43.29592800140381,residual
reward_intervention,eval/zeroed,epsgreedy,10004,90.95984649658203,0.205,58.52745723724365,residual
reward_intervention,eval/zeroed,epsgreedy,10005,93.73258972167969,0.225,63.9432897567749,residual
reward_intervention,eval/zeroed,epsgreedy,10006,100.46717071533203,0.24,49.992069244384766,residual
reward_intervention,eval/zeroed,epsgreedy,10007,111.13243103027344,0.23,47.97601270675659,residual
reward_intervention,eval/zeroed,epsgreedy,10008,101.327880859375,0.265,56.8190336227417,residual
reward_intervention,eval/zeroed,epsgreedy,10009,94.4378662109375,0.235,58.76846981048584,residual
reward_intervention,eval/zeroed,epsgreedy,10010,102.97964477539062,0.325,44.61416816711426,residual
reward_intervention,eval/zeroed,epsgreedy,10011,114.04380798339844,0.285,40.547719955444336,residual
reward_intervention,eval/zeroed,epsgreedy,10012,109.05445861816406,0.19,58.61287069320679,residual
reward_intervention,eval/zeroed,epsgreedy,10013,115.07291412353516,0.165,44.75566291809082,residual
reward_intervention,eval/zeroed,epsgreedy,10014,89.21566009521484,0.235,66.70842266082764,residual
reward_intervention,eval/zeroed,epsgreedy,10015,106.3626937866211,0.24,41.872743129730225,residual
reward_intervention,eval/zeroed,epsgreedy,10016,93.28437805175781,0.245,45.851786613464355,residual
reward_intervention,eval/zeroed,epsgreedy,10017,104.77120971679688,0.24,45.12819862365723,residual
reward_intervention,eval/zeroed,epsgreedy,10018,103.31098937988281,0.275,44.761991024017334,residual
reward_intervention,eval/zeroed,epsgreedy,10019,107.93357849121094,0.28,42.54681921005249,residual
reward_intervention,eval/zeroed,epsgreedy,10020,97.04727935791016,0.25,41.330750942230225,residual
reward_intervention,eval/zeroed,epsgreedy,10021,77.94473266601562,0.245,68.86471557617188,residual
reward_intervention,eval/zeroed,epsgreedy,10022,100.38517761230469,0.2,51.65419578552246,residual
reward_intervention,eval/zeroed,epsgreedy,10023,89.74536895751953,0.24,50.361618518829346,residual
reward_intervention,eval/zeroed,epsgreedy,10024,104.33842468261719,0.25,39.490421772003174,residual
reward_intervention,eval/zeroed,epsgreedy,10025,101.73007202148438,0.26,38.89168834686279,residual
reward_intervention,eval/zeroed,epsgreedy,10026,94.77302551269531,0.28,40.84324932098389,residual
reward_intervention,eval/zeroed,epsgreedy,10027,95.36827087402344,0.26,48.79675817489624,residual
reward_intervention,eval/zeroed,epsgreedy,10028,101.53652954101562,0.305,51.95433330535889,residual
reward_intervention,eval/zeroed,epsgreedy,10029,98.40821838378906,0.235,40.60687065124512,residual
reward_intervention,eval/zeroed,epsgreedy,10030,98.42267608642578,0.2,51.803510665893555,residual
reward_intervention,eval/zeroed,epsgreedy,10031,86.60076904296875,0.18,60.5513482093811,residual
reward_intervention,eval/zeroed,epsgreedy,10032,94.85455322265625,0.26,25.502727508544922,residual
reward_intervention,eval/zeroed,epsgreedy,10033,106.36457061767578,0.235,54.99271202087402,residual
reward_intervention,eval/zeroed,epsgreedy,10034,105.58636474609375,0.26,44.77259540557861,residual
reward_intervention,eval/zeroed,epsgreedy,10035,114.32632446289062,0.26,53.27706241607666,residual
reward_intervention,eval/zeroed,epsgreedy,10036,103.52296447753906,0.255,50.872817039489746,residual
reward_intervention,eval/zeroed,epsgreedy,10037,108.31654357910156,0.28,28.85557460784912,residual
reward_intervention,eval/zeroed,epsgreedy,10038,99.51312255859375,0.245,38.5962700843811,residual
reward_intervention,eval/zeroed,epsgreedy,10039,109.34840393066406,0.275,38.26297187805176,residual
reward_intervention,eval/zeroed,epsgreedy,10040,94.37523651123047,0.22,57.039945125579834,residual
reward_intervention,eval/zeroed,epsgreedy,10041,103.31490325927734,0.3,40.28518724441528,residual
reward_intervention,eval/zeroed,epsgreedy,10042,111.84820556640625,0.28,41.95374059677124,residual
reward_intervention,eval/zeroed,epsgreedy,10043,95.87084197998047,0.245,55.46653413772583,residual
reward_intervention,eval/zeroed,epsgreedy,10044,100.22056579589844,0.25,45.28056621551514,residual
reward_intervention,eval/zeroed,epsgreedy,10045,85.56443786621094,0.24,55.831345558166504,residual
reward_intervention,eval/zeroed,epsgreedy,10046,98.12100219726562,0.255,52.21655225753784,residual
reward_intervention,eval/zeroed,epsgreedy,10047,105.76921081542969,0.32,57.11635446548462,residual
reward_intervention,eval/zeroed,epsgreedy,10048,112.18036651611328,0.205,46.19312000274658,residual
reward_intervention,eval/zeroed,greedy,9999,107.15028381347656,0.335,36.70687913894653,residual
reward_intervention,eval/zeroed,greedy,10000,115.47557830810547,0.285,48.01909875869751,residual
reward_intervention,eval/zeroed,greedy,10001,98.32467651367188,0.21,50.22875738143921,residual
reward_intervention,eval/zeroed,greedy,10002,108.9806900024414,0.24,47.16929769515991,residual
reward_intervention,eval/zeroed,greedy,10003,118.31794738769531,0.265,43.29592800140381,residual
reward_intervention,eval/zeroed,greedy,10004,90.95984649658203,0.205,58.52745723724365,residual
reward_intervention,eval/zeroed,greedy,10005,93.73258972167969,0.225,63.9432897567749,residual
reward_intervention,eval/zeroed,greedy,10006,100.46717071533203,0.24,49.992069244384766,residual
reward_intervention,eval/zeroed,greedy,10007,111.13243103027344,0.23,47.97601270675659,residual
reward_intervention,eval/zeroed,greedy,10008,101.327880859375,0.265,56.8190336227417,residual
reward_intervention,eval/zeroed,greedy,10009,94.4378662109375,0.235,58.76846981048584,residual
reward_intervention,eval/zeroed,greedy,10010,102.97964477539062,0.325,44.61416816711426,residual
reward_intervention,eval/zeroed,greedy,10011,114.04380798339844,0.285,40.547719955444336,residual
reward_intervention,eval/zeroed,greedy,10012,109.05445861816406,0.19,58.61287069320679,residual
reward_intervention,eval/zeroed,greedy,10013,115.07291412353516,0.165,44.75566291809082,residual
reward_intervention,eval/zeroed,greedy,10014,89.21566009521484,0.235,66.70842266082764,residual
reward_intervention,eval/zeroed,greedy,10015,106.3626937866211,0.24,41.872743129730225,residual
reward_intervention,eval/zeroed,greedy,10016,93.28437805175781,0.245,45.851786613464355,residual
reward_intervention,eval/zeroed,greedy,10017,104.77120971679688,0.24,45.12819862365723,residual
reward_intervention,eval/zeroed,greedy,10018,103.31098937988281,0.275,44.761991024017334,residual
reward_intervention,eval/zeroed,greedy,10019,107.93357849121094,0.28,42.54681921005249,residual
reward_intervention,eval/zeroed,greedy,10020,97.04727935791016,0.25,41.330750942230225,residual
reward_intervention,eval/zeroed,greedy,10021,77.94473266601562,0.245,68.86471557617188,residual
reward_intervention,eval/zeroed,greedy,10022,100.38517761230469,0.2,51.65419578552246,residual
reward_intervention,eval/zeroed,greedy,10023,89.74536895751953,0.24,50.361618518829346,residual
reward_intervention,eval/zeroed,greedy,10024,104.33842468261719,0.25,39.490421772003174,residual
reward_intervention,eval/zeroed,greedy,10025,101.73007202148438,0.26,38.89168834686279,residual
reward_intervention,eval/zeroed,greedy,10026,94.77302551269531,0.28,40.84324932098389,residual
reward_intervention,eval/zeroed,greedy,10027,95.36827087402344,0.26,48.79675817489624,residual
reward_intervention,eval/zeroed,greedy,10028,101.53652954101562,0.305,51.95433330535889,residual
reward_intervention,eval/zeroed,greedy,10029,98.40821838378906,0.235,40.60687065124512,residual
reward_intervention,eval/zeroed,greedy,10030,98.42267608642578,0.2,51.803510665893555,residual
reward_intervention,eval/zeroed,greedy,10031,86.60076904296875,0.18,60.5513482093811,residual
reward_intervention,eval/zeroed,greedy,10032,94.85455322265625,0.26,25.502727508544922,residual
reward_intervention,eval/zeroed,greedy,10033,106.36457061767578,0.235,54.99271202087402,residual
reward_intervention,eval/zeroed,greedy,10034,105.58636474609375,0.26,44.77259540557861,residual
reward_intervention,eval/zeroed,greedy,10035,114.32632446289062,0.26,53.27706241607666,residual
reward_intervention,eval/zeroed,greedy,10036,103.52296447753906,0.255,50.872817039489746,residual
reward_intervention,eval/zeroed,greedy,10037,108.31654357910156,0.28,28.85557460784912,residual
reward_intervention,eval/zeroed,greedy,10038,99.51312255859375,0.245,38.5962700843811,residual
reward_intervention,eval/zeroed,greedy,10039,109.34840393066406,0.275,38.26297187805176,residual
reward_intervention,eval/zeroed,greedy,10040,94.37523651123047,0.22,57.039945125579834,residual
reward_intervention,eval/zeroed,greedy,10041,103.31490325927734,0.3,40.28518724441528,residual
reward_intervention,eval/zeroed,greedy,10042,111.84820556640625,0.28,41.95374059677124,residual
reward_intervention,eval/zeroed,greedy,10043,95.87084197998047,0.245,55.46653413772583,residual
reward_intervention,eval/zeroed,greedy,10044,100.22056579589844,0.25,45.28056621551514,residual
reward_intervention,eval/zeroed,greedy,10045,85.56443786621094,0.24,55.831345558166504,residual
reward_intervention,eval/zeroed,greedy,10046,98.12100219726562,0.255,52.21655225753784,residual
reward_intervention,eval/zeroed,greedy,10047,105.76921081542969,0.32,57.11635446548462,residual
reward_intervention,eval/zeroed,greedy,10048,112.18036651611328,0.205,46.19312000274658,residual
reward_intervention,eval/zeroed,random,9999,104.20384979248047,0.24,41.401740074157715,residual
reward_intervention,eval/zeroed,random,10000,110.36770629882812,0.29,51.73642921447754,residual
reward_intervention,eval/zeroed,random,10001,101.75326538085938,0.265,45.854233264923096,residual
reward_intervention,eval/zeroed,random,10002,108.02197265625,0.285,44.15881681442261,residual
reward_intervention,eval/zeroed,random,10003,121.4687728881836,0.325,41.9236798286438,residual
reward_intervention,eval/zeroed,random,10004,94.25703430175781,0.24,55.0237340927124,residual
reward_intervention,eval/zeroed,random,10005,99.29074096679688,0.27,59.37734937667847,residual
reward_intervention,eval/zeroed,random,10006,107.99085235595703,0.325,45.105323791503906,residual
reward_intervention,eval/zeroed,random,10007,114.64431762695312,0.23,43.23870801925659,residual
reward_intervention,eval/zeroed,random,10008,91.56184387207031,0.195,67.60078716278076,residual
reward_intervention,eval/zeroed,random,10009,94.35845184326172,0.19,57.437175273895264,residual
reward_intervention,eval/zeroed,random,10010,94.16703796386719,0.24,53.67103862762451,residual
reward_intervention,eval/zeroed,random,10011,109.7741928100586,0.22,43.76759099960327,residual
reward_intervention,eval/zeroed,random,10012,120.38268280029297,0.27,48.641451358795166,residual
reward_intervention,eval/zeroed,random,10013,115.09738159179688,0.25,44.02182483673096,residual
reward_intervention,eval/zeroed,random,10014,93.03694915771484,0.275,60.11474609375,residual
reward_intervention,eval/zeroed,random,10015,108.04640197753906,0.225,42.38377666473389,residual
reward_intervention,eval/zeroed,random,10016,95.12654113769531,0.3,42.387423038482666,residual
reward_intervention,eval/zeroed,random,10017,104.27647399902344,0.245,42.414865016937256,residual
reward_intervention,eval/zeroed,random,10018,105.53889465332031,0.275,42.61589431762695,residual
reward_intervention,eval/zeroed,random,10019,103.39932250976562,0.235,46.22064924240112,residual
reward_intervention,eval/zeroed,random,10020,99.56552124023438,0.23,41.07658672332764,residual
reward_intervention,eval/zeroed,random,10021,84.97496032714844,0.24,63.445013999938965,residual
reward_intervention,eval/zeroed,random,10022,105.95201873779297,0.265,47.555158615112305,residual
reward_intervention,eval/zeroed,random,10023,96.10975646972656,0.27,47.89344549179077,residual
reward_intervention,eval/zeroed,random,10024,111.04241943359375,0.245,36.56248331069946,residual
reward_intervention,eval/zeroed,random,10025,94.43516540527344,0.255,46.36319923400879,residual
reward_intervention,eval/zeroed,random,10026,92.69232177734375,0.235,44.182326316833496,residual
reward_intervention,eval/zeroed,random,10027,93.04194641113281,0.23,48.355183601379395,residual
reward_intervention,eval/zeroed,random,10028,97.2858657836914,0.28,59.88522911071777,residual
reward_intervention,eval/zeroed,random,10029,97.01669311523438,0.255,45.86236047744751,residual
reward_intervention,eval/zeroed,random,10030,99.0077896118164,0.23,51.50560522079468,residual
reward_intervention,eval/zeroed,random,10031,95.68562316894531,0.28,52.28444147109985,residual
reward_intervention,eval/zeroed,random,10032,97.1936264038086,0.25,25.51892328262329,residual
reward_intervention,eval/zeroed,random,10033,102.43862915039062,0.225,57.66783952713013,residual
reward_intervention,eval/zeroed,random,10034,108.78402709960938,0.255,43.42113637924194,residual
reward_intervention,eval/zeroed,random,10035,110.596435546875,0.24,57.719101905822754,residual
reward_intervention,eval/zeroed,random,10036,105.05601501464844,0.265,45.02997875213623,residual
reward_intervention,eval/zeroed,random,10037,102.6802749633789,0.26,33.48616933822632,residual
reward_intervention,eval/zeroed,random,10038,100.32266998291016,0.28,39.76910734176636,residual
reward_intervention,eval/zeroed,random,10039,111.68927001953125,0.245,38.80545473098755,residual
reward_intervention,eval/zeroed,random,10040,101.03496551513672,0.29,50.42936849594116,residual
reward_intervention,eval/zeroed,random,10041,94.65486145019531,0.255,46.75653028488159,residual
reward_intervention,eval/zeroed,random,10042,107.51129150390625,0.26,47.79604721069336,residual
reward_intervention,eval/zeroed,random,10043,97.52403259277344,0.255,55.59163570404053,residual
reward_intervention,eval/zeroed,random,10044,95.8270492553711,0.235,51.391879081726074,residual
reward_intervention,eval/zeroed,random,10045,93.86679077148438,0.285,52.86617946624756,residual
reward_intervention,eval/zeroed,random,10046,108.60939025878906,0.285,44.945844650268555,residual
reward_intervention,eval/zeroed,random,10047,99.97389221191406,0.215,63.16008472442627,residual
reward_intervention,eval/zeroed,random,10048,106.63331604003906,0.215,52.16561269760132,residual
reward_intervention,eval/constant,tf_legacy,9999,107.57829284667969,0.345,40.02474069595337,residual
reward_intervention,eval/constant,tf_legacy,10000,95.2774887084961,0.115,67.28299713134766,residual
reward_intervention,eval/constant,tf_legacy,10001,85.01016998291016,0.1,60.35637044906616,residual
reward_intervention,eval/constant,tf_legacy,10002,105.92843627929688,0.49,43.07594013214111,residual
reward_intervention,eval/constant,tf_legacy,10003,116.40696716308594,0.475,44.51801109313965,residual
reward_intervention,eval/constant,tf_legacy,10004,91.86759185791016,0.095,55.02974033355713,residual
reward_intervention,eval/constant,tf_legacy,10005,117.84869384765625,0.475,40.63024139404297,residual
reward_intervention,eval/constant,tf_legacy,10006,95.50089263916016,0.0,53.208136558532715,residual
reward_intervention,eval/constant,tf_legacy,10007,101.04435729980469,0.16,51.845757484436035,residual
reward_intervention,eval/constant,tf_legacy,10008,107.45111083984375,0.19,53.17722845077515,residual
reward_intervention,eval/constant,tf_legacy,10009,90.23805236816406,0.115,64.45179414749146,residual
reward_intervention,eval/constant,tf_legacy,10010,112.78146362304688,0.335,33.511613845825195,residual
reward_intervention,eval/constant,tf_legacy,10011,114.69861602783203,0.29,42.96276235580444,residual
reward_intervention,eval/constant,tf_legacy,10012,77.78974914550781,0.1,89.42175769805908,residual
reward_intervention,eval/constant,tf_legacy,10013,120.41876220703125,0.195,41.7686505317688,residual
reward_intervention,eval/constant,tf_legacy,10014,88.56609344482422,0.195,67.12805891036987,residual
reward_intervention,eval/constant,tf_legacy,10015,127.70281982421875,0.44,20.705121994018555,residual
reward_intervention,eval/constant,tf_legacy,10016,56.78888702392578,0.0,77.77590322494507,residual
reward_intervention,eval/constant,tf_legacy,10017,98.57600402832031,0.3,47.625240325927734,residual
reward_intervention,eval/constant,tf_legacy,10018,105.60963439941406,0.21,40.75148344039917,residual
reward_intervention,eval/constant,tf_legacy,10019,117.87614440917969,0.345,33.96616983413696,residual
reward_intervention,eval/constant,tf_legacy,10020,109.63751983642578,0.31,29.302862644195557,residual
reward_intervention,eval/constant,tf_legacy,10021,107.9576644897461,0.505,40.15879440307617,residual
reward_intervention,eval/constant,tf_legacy,10022,100.5427017211914,0.21,51.658353328704834,residual
reward_intervention,eval/constant,tf_legacy,10023,109.63749694824219,0.545,34.453431129455566,residual
reward_intervention,eval/constant,tf_legacy,10024,123.11236572265625,0.345,22.819137573242188,residual
reward_intervention,eval/constant,tf_legacy,10025,92.08956909179688,0.205,47.614562034606934,residual
reward_intervention,eval/constant,tf_legacy,10026,121.246826171875,0.6,13.700169086456299,residual
reward_intervention,eval/constant,tf_legacy,10027,86.36902618408203,0.135,54.37226438522339,residual
reward_intervention,eval/constant,tf_legacy,10028,94.04046630859375,0.24,58.78192758560181,residual
reward_intervention,eval/constant,tf_legacy,10029,102.28218078613281,0.285,36.47277593612671,residual
reward_intervention,eval/constant,tf_legacy,10030,86.5941162109375,0.22,63.39620590209961,residual
reward_intervention,eval/constant,tf_legacy,10031,94.79287719726562,0.21,52.84227657318115,residual
reward_intervention,eval/constant,tf_legacy,10032,104.02918243408203,0.585,20.179667949676514,residual
reward_intervention,eval/constant,tf_legacy,10033,120.99496459960938,0.405,40.88033962249756,residual
reward_intervention,eval/constant,tf_legacy,10034,99.49542236328125,0.265,51.817198753356934,residual
reward_intervention,eval/constant,tf_legacy,10035,94.96707153320312,0.08,72.67149114608765,residual
reward_intervention,eval/constant,tf_legacy,10036,93.9620361328125,0.075,63.33640193939209,residual
reward_intervention,eval/constant,tf_legacy,10037,108.51785278320312,0.105,28.935739994049072,residual
reward_intervention,eval/constant,tf_legacy,10038,106.21389770507812,0.375,33.09567165374756,residual
reward_intervention,eval/constant,tf_legacy,10039,93.03994750976562,0.08,55.856045722961426,residual
reward_intervention,eval/constant,tf_legacy,10040,101.31685638427734,0.4,48.10997533798218,residual
reward_intervention,eval/constant,tf_legacy,10041,90.04637145996094,0.14,49.08662748336792,residual
reward_intervention,eval/constant,tf_legacy,10042,94.37744140625,0.115,59.28948354721069,residual
reward_intervention,eval/constant,tf_legacy,10043,124.93661499023438,0.445,28.69795036315918,residual
reward_intervention,eval/constant,tf_legacy,10044,71.5750732421875,0.185,73.06031703948975,residual
reward_intervention,eval/constant,tf_legacy,10045,97.64048767089844,0.3,48.197959423065186,residual
reward_intervention,eval/constant,tf_legacy,10046,112.03900146484375,0.235,39.954673767089844,residual
reward_intervention,eval/constant,tf_legacy,10047,82.95622253417969,0.135,76.74150085449219,residual
reward_intervention,eval/constant,tf_legacy,10048,133.38197326660156,0.37,25.644456386566162,residual
reward_intervention,eval/constant,tf_self,9999,117.28397369384766,0.475,31.16621446609497,residual
reward_intervention,eval/constant,tf_self,10000,90.60986328125,0.12,72.05505180358887,residual
reward_intervention,eval/constant,tf_self,10001,85.01016998291016,0.1,60.35637044906616,residual
reward_intervention,eval/constant,tf_self,10002,120.13301086425781,0.57,33.5528826713562,residual
reward_intervention,eval/constant,tf_self,10003,123.31187438964844,0.555,38.3139123916626,residual
reward_intervention,eval/constant,tf_self,10004,83.94035339355469,0.165,63.49127817153931,residual
reward_intervention,eval/constant,tf_self,10005,122.79010009765625,0.475,35.2604079246521,residual
reward_intervention,eval/constant,tf_self,10006,101.48599243164062,0.0,47.60362243652344,residual
reward_intervention,eval/constant,tf_self,10007,103.08045196533203,0.225,51.78889513015747,residual
reward_intervention,eval/constant,tf_self,10008,120.35938262939453,0.23,39.43775653839111,residual
reward_intervention,eval/constant,tf_self,10009,86.13958740234375,0.09,68.73751211166382,residual
reward_intervention,eval/constant,tf_self,10010,97.44865417480469,0.175,50.214529037475586,residual
reward_intervention,eval/constant,tf_self,10011,123.63348388671875,0.49,31.69200563430786,residual
reward_intervention,eval/constant,tf_self,10012,120.85181427001953,0.39,45.37857913970947,residual
reward_intervention,eval/constant,tf_self,10013,110.45372009277344,0.115,49.05943822860718,residual
reward_intervention,eval/constant,tf_self,10014,82.30158996582031,0.205,74.25572156906128,residual
reward_intervention,eval/constant,tf_self,10015,120.60708618164062,0.36,28.88337755203247,residual
reward_intervention,eval/constant,tf_self,10016,56.78888702392578,0.0,77.77590322494507,residual
reward_intervention,eval/constant,tf_self,10017,90.52552795410156,0.235,56.44949769973755,residual
reward_intervention,eval/constant,tf_self,10018,102.4559326171875,0.16,44.83606195449829,residual
reward_intervention,eval/constant,tf_self,10019,118.28898620605469,0.355,33.47018575668335,residual
reward_intervention,eval/constant,tf_self,10020,96.03201293945312,0.375,45.86281108856201,residual
reward_intervention,eval/constant,tf_self,10021,93.77963256835938,0.495,55.40701770782471,residual
reward_intervention,eval/constant,tf_self,10022,90.97940826416016,0.155,63.5647087097168,residual
reward_intervention,eval/constant,tf_self,10023,111.47601318359375,0.48,32.681968688964844,residual
reward_intervention,eval/constant,tf_self,10024,124.5301513671875,0.345,19.90733528137207,residual
reward_intervention,eval/constant,tf_self,10025,95.9791488647461,0.295,46.694249629974365,residual
reward_intervention,eval/constant,tf_self,10026,116.92706298828125,0.52,16.570566177368164,residual
reward_intervention,eval/constant,tf_self,10027,99.53439331054688,0.265,42.979554176330566,residual
reward_intervention,eval/constant,tf_self,10028,79.82838439941406,0.2,71.42132568359375,residual
reward_intervention,eval/constant,tf_self,10029,121.89611053466797,0.48,16.456040859222412,residual
reward_intervention,eval/constant,tf_self,10030,107.99446105957031,0.175,39.83400535583496,residual
reward_intervention,eval/constant,tf_self,10031,101.81791687011719,0.21,46.72228479385376,residual
reward_intervention,eval/constant,tf_self,10032,99.9211654663086,0.445,27.06705951690674,residual
reward_intervention,eval/constant,tf_self,10033,123.8128662109375,0.42,37.69772815704346,residual
reward_intervention,eval/constant,tf_self,10034,102.95252990722656,0.325,47.94520282745361,residual
reward_intervention,eval/constant,tf_self,10035,105.08041381835938,0.105,62.552807331085205,residual
reward_intervention,eval/constant,tf_self,10036,94.35008239746094,0.0,62.67466735839844,residual
reward_intervention,eval/constant,tf_self,10037,106.25859832763672,0.345,30.797219276428223,residual
reward_intervention,eval/constant,tf_self,10038,97.59819030761719,0.185,42.41725206375122,residual
reward_intervention,eval/constant,tf_self,10039,102.10859680175781,0.37,47.62715148925781,residual
reward_intervention,eval/constant,tf_self,10040,104.08332824707031,0.42,45.907514572143555,residual
reward_intervention,eval/constant,tf_self,10041,89.47637176513672,0.22,53.824055671691895,residual
reward_intervention,eval/constant,tf_self,10042,108.08840942382812,0.0,45.68059587478638,residual
reward_intervention,eval/constant,tf_self,10043,121.4042739868164,0.425,31.621277332305908,residual
reward_intervention,eval/constant,tf_self,10044,88.39263916015625,0.105,55.64195489883423,residual
reward_intervention,eval/constant,tf_self,10045,96.6494140625,0.3,45.96829557418823,residual
reward_intervention,eval/constant,tf_self,10046,114.05995178222656,0.145,36.064998149871826,residual
reward_intervention,eval/constant,tf_self,10047,78.77366638183594,0.0,82.41598320007324,residual
reward_intervention,eval/constant,tf_self,10048,133.13160705566406,0.295,26.90248966217041,residual
reward_intervention,eval/constant,optimal,9999,141.20579528808594,1.0,0.0,residual
reward_intervention,eval/constant,optimal,10000,160.66639709472656,1.0,0.0,residual
reward_intervention,eval/constant,optimal,10001,145.31277465820312,1.0,0.0,residual
reward_intervention,eval/constant,optimal,10002,154.31651306152344,1.0,0.0,residual
reward_intervention,eval/constant,optimal,10003,159.40057373046875,1.0,0.0,residual
reward_intervention,eval/constant,optimal,10004,149.41934204101562,1.0,0.0,residual
reward_intervention,eval/constant,optimal,10005,156.21694946289062,1.0,0.0,residual
reward_intervention,eval/constant,optimal,10006,145.3865203857422,1.0,0.0,residual
reward_intervention,eval/constant,optimal,10007,155.88116455078125,1.0,0.0,residual
reward_intervention,eval/constant,optimal,10008,157.59585571289062,1.0,0.0,residual
reward_intervention,eval/constant,optimal,10009,153.279296875,1.0,0.0,residual
reward_intervention,eval/constant,optimal,10010,150.4432373046875,1.0,0.0,residual
reward_intervention,eval/constant,optimal,10011,154.8956298828125,1.0,0.0,residual
reward_intervention,eval/constant,optimal,10012,163.3168182373047,1.0,0.0,residual
reward_intervention,eval/constant,optimal,10013,157.58216857910156,1.0,0.0,residual
reward_intervention,eval/constant,optimal,10014,153.15005493164062,1.0,0.0,residual
reward_intervention,eval/constant,optimal,10015,150.13525390625,1.0,0.0,residual
reward_intervention,eval/constant,optimal,10016,136.85256958007812,1.0,0.0,residual
reward_intervention,eval/constant,optimal,10017,149.96990966796875,1.0,0.0,residual
reward_intervention,eval/constant,optimal,10018,145.6324462890625,1.0,0.0,residual
reward_intervention,eval/constant,optimal,10019,152.00038146972656,1.0,0.0,residual
reward_intervention,eval/constant,optimal,10020,139.1854248046875,1.0,0.0,residual
reward_intervention,eval/constant,optimal,10021,146.62905883789062,1.0,0.0,residual
reward_intervention,eval/constant,optimal,10022,151.38845825195312,1.0,0.0,residual
reward_intervention,eval/constant,optimal,10023,140.74717712402344,1.0,0.0,residual
reward_intervention,eval/constant,optimal,10024,145.08932495117188,1.0,0.0,residual
reward_intervention,eval/constant,optimal,10025,141.3740234375,1.0,0.0,residual
reward_intervention,eval/constant,optimal,10026,133.78631591796875,1.0,0.0,residual
reward_intervention,eval/constant,optimal,10027,141.1024169921875,1.0,0.0,residual
reward_intervention,eval/constant,optimal,10028,158.6577606201172,1.0,0.0,residual
reward_intervention,eval/constant,optimal,10029,139.73892211914062,1.0,0.0,residual
reward_intervention,eval/constant,optimal,10030,153.2302703857422,1.0,0.0,residual
reward_intervention,eval/constant,optimal,10031,148.677001953125,1.0,0.0,residual
reward_intervention,eval/constant,optimal,10032,118.6419906616211,1.0,0.0,residual
reward_intervention,eval/constant,optimal,10033,160.3961944580078,1.0,0.0,residual
reward_intervention,eval/constant,optimal,10034,151.35794067382812,1.0,0.0,residual
reward_intervention,eval/constant,optimal,10035,167.00559997558594,1.0,0.0,residual
reward_intervention,eval/constant,optimal,10036,152.4580535888672,1.0,0.0,residual
reward_intervention,eval/constant,optimal,10037,138.62362670898438,1.0,0.0,residual
reward_intervention,eval/constant,optimal,10038,139.50601196289062,1.0,0.0,residual
reward_intervention,eval/constant,optimal,10039,155.94541931152344,1.0,0.0,residual
reward_intervention,eval/constant,optimal,10040,149.40174865722656,1.0,0.0,residual
reward_intervention,eval/constant,optimal,10041,143.17428588867188,1.0,0.0,residual
reward_intervention,eval/constant,optimal,10042,156.06277465820312,1.0,0.0,residual
reward_intervention,eval/constant,optimal,10043,153.32635498046875,1.0,0.0,residual
reward_intervention,eval/constant,optimal,10044,144.0423583984375,1.0,0.0,residual
reward_intervention,eval/constant,optimal,10045,145.1358642578125,1.0,0.0,residual
reward_intervention,eval/constant,optimal,10046,152.8437042236328,1.0,0.0,residual
reward_intervention,eval/constant,optimal,10047,164.7223663330078,1.0,0.0,residual
reward_intervention,eval/constant,optimal,10048,156.09974670410156,1.0,0.0,residual
reward_intervention,eval/constant,epsgreedy,9999,110.64895629882812,0.175,32.90065383911133,residual
reward_intervention,eval/constant,epsgreedy,10000,122.73384094238281,0.345,41.37554693222046,residual
reward_intervention,eval/constant,epsgreedy,10001,99.48368072509766,0.32,48.372039794921875,residual
reward_intervention,eval/constant,epsgreedy,10002,133.37445068359375,0.445,23.65154218673706,residual
reward_intervention,eval/constant,epsgreedy,10003,116.76414489746094,0.09,44.47616195678711,residual
reward_intervention,eval/constant,epsgreedy,10004,84.528076171875,0.215,63.67159461975098,residual
reward_intervention,eval/constant,epsgreedy,10005,92.32110595703125,0.245,66.052001953125,residual
reward_intervention,eval/constant,epsgreedy,10006,122.41961669921875,0.435,23.949037551879883,residual
reward_intervention,eval/constant,epsgreedy,10007,108.54395294189453,0.07,47.91498374938965,residual
reward_intervention,eval/constant,epsgreedy,10008,117.58805847167969,0.4,41.13453531265259,residual
reward_intervention,eval/constant,epsgreedy,10009,88.09746551513672,0.12,66.50300788879395,residual
reward_intervention,eval/constant,epsgreedy,10010,106.47223663330078,0.475,42.96776580810547,residual
reward_intervention,eval/constant,epsgreedy,10011,106.62991333007812,0.235,48.34310722351074,residual
reward_intervention,eval/constant,epsgreedy,10012,106.65526580810547,0.285,59.93489217758179,residual
reward_intervention,eval/constant,epsgreedy,10013,111.61190795898438,0.03,47.36269569396973,residual
reward_intervention,eval/constant,epsgreedy,10014,114.71223449707031,0.36,42.368932247161865,residual
reward_intervention,eval/constant,epsgreedy,10015,102.29894256591797,0.115,46.95811891555786,residual
reward_intervention,eval/constant,epsgreedy,10016,94.9859848022461,0.175,45.17349433898926,residual
reward_intervention,eval/constant,epsgreedy,10017,111.56259155273438,0.45,37.013856410980225,residual
reward_intervention,eval/constant,epsgreedy,10018,98.57391357421875,0.31,46.52860116958618,residual
reward_intervention,eval/constant,epsgreedy,10019,104.0965576171875,0.305,46.092562198638916,residual
reward_intervention,eval/constant,epsgreedy,10020,95.30860137939453,0.245,42.999516010284424,residual
reward_intervention,eval/constant,epsgreedy,10021,69.38954162597656,0.255,78.6982479095459,residual
reward_intervention,eval/constant,epsgreedy,10022,103.73979187011719,0.23,50.53535270690918,residual
reward_intervention,eval/constant,epsgreedy,10023,90.51861572265625,0.275,49.79594326019287,residual
reward_intervention,eval/constant,epsgreedy,10024,103.16313934326172,0.32,39.56901407241821,residual
reward_intervention,eval/constant,epsgreedy,10025,110.52413940429688,0.38,32.650710582733154,residual
reward_intervention,eval/constant,epsgreedy,10026,113.40237426757812,0.41,21.455662727355957,residual
reward_intervention,eval/constant,epsgreedy,10027,103.88917541503906,0.395,37.007994174957275,residual
reward_intervention,eval/constant,epsgreedy,10028,82.45565795898438,0.06,67.1092529296875,residual
reward_intervention,eval/constant,epsgreedy,10029,103.25316619873047,0.415,39.509706020355225,residual
reward_intervention,eval/constant,epsgreedy,10030,100.27627563476562,0.14,49.02757215499878,residual
reward_intervention,eval/constant,epsgreedy,10031,107.26866149902344,0.29,42.40162181854248,residual
reward_intervention,eval/constant,epsgreedy,10032,97.22856140136719,0.205,23.104920387268066,residual
reward_intervention,eval/constant,epsgreedy,10033,107.5379409790039,0.515,52.25171661376953,residual
reward_intervention,eval/constant,epsgreedy,10034,95.10397338867188,0.06,58.977625370025635,residual
reward_intervention,eval/constant,epsgreedy,10035,93.07798767089844,0.055,74.40325593948364,residual
reward_intervention,eval/constant,epsgreedy,10036,106.83749389648438,0.27,49.453869342803955,residual
reward_intervention,eval/constant,epsgreedy,10037,110.57669067382812,0.275,26.306099891662598,residual
reward_intervention,eval/constant,epsgreedy,10038,109.16377258300781,0.3,30.99301528930664,residual
reward_intervention,eval/constant,epsgreedy,10039,109.53488159179688,0.1,41.06974792480469,residual
reward_intervention,eval/constant,epsgreedy,10040,104.0337905883789,0.375,49.296507358551025,residual
reward_intervention,eval/constant,epsgreedy,10041,108.63241577148438,0.38,34.69420862197876,residual
reward_intervention,eval/constant,epsgreedy,10042,117.19518280029297,0.27,39.992454528808594,residual
reward_intervention,eval/constant,epsgreedy,10043,74.07441711425781,0.05,79.90978336334229,residual
reward_intervention,eval/constant,epsgreedy,10044,74.43745422363281,0.05,69.26027727127075,residual
reward_intervention,eval/constant,epsgreedy,10045,85.00856018066406,0.23,59.35402059555054,residual
reward_intervention,eval/constant,epsgreedy,10046,95.11380767822266,0.28,56.34037733078003,residual
reward_intervention,eval/constant,epsgreedy,10047,74.98405456542969,0.04,85.40512990951538,residual
reward_intervention,eval/constant,epsgreedy,10048,76.4119873046875,0.095,80.0037031173706,residual
reward_intervention,eval/constant,greedy,9999,116.21321105957031,0.37,28.435359001159668,residual
reward_intervention,eval/constant,greedy,10000,130.25491333007812,0.405,35.99556541442871,residual
reward_intervention,eval/constant,greedy,10001,95.36604309082031,0.355,49.389243602752686,residual
reward_intervention,eval/constant,greedy,10002,130.80764770507812,0.25,22.347784519195557,residual
reward_intervention,eval/constant,greedy,10003,123.82444763183594,0.335,35.21890115737915,residual
reward_intervention,eval/constant,greedy,10004,94.44004821777344,0.415,52.037386894226074,residual
reward_intervention,eval/constant,greedy,10005,97.40565490722656,0.33,62.226232051849365,residual
reward_intervention,eval/constant,greedy,10006,123.1752700805664,0.435,23.91289710998535,residual
reward_intervention,eval/constant,greedy,10007,107.86105346679688,0.34,51.13878297805786,residual
reward_intervention,eval/constant,greedy,10008,119.82283020019531,0.395,40.22409963607788,residual
reward_intervention,eval/constant,greedy,10009,81.87120056152344,0.105,71.12204265594482,residual
reward_intervention,eval/constant,greedy,10010,121.81659698486328,0.67,23.706756591796875,residual
reward_intervention,eval/constant,greedy,10011,119.72193908691406,0.295,37.70997476577759,residual
reward_intervention,eval/constant,greedy,10012,107.74591064453125,0.3,59.344022274017334,residual
reward_intervention,eval/constant,greedy,10013,114.51885986328125,0.13,48.790743350982666,residual
reward_intervention,eval/constant,greedy,10014,97.99967956542969,0.375,59.03838491439819,residual
reward_intervention,eval/constant,greedy,10015,107.29789733886719,0.185,42.02251482009888,residual
reward_intervention,eval/constant,greedy,10016,92.34455108642578,0.16,48.51800060272217,residual
reward_intervention,eval/constant,greedy,10017,101.39767456054688,0.325,45.75541305541992,residual
reward_intervention,eval/constant,greedy,10018,89.79898071289062,0.21,55.98627758026123,residual
reward_intervention,eval/constant,greedy,10019,103.77257537841797,0.335,46.31757831573486,residual
reward_intervention,eval/constant,greedy,10020,111.34803771972656,0.445,25.150556087493896,residual
reward_intervention,eval/constant,greedy,10021,113.52108001708984,0.685,33.69003486633301,residual
reward_intervention,eval/constant,greedy,10022,85.93226623535156,0.095,66.84225654602051,residual
reward_intervention,eval/constant,greedy,10023,85.41986846923828,0.305,54.58752393722534,residual
reward_intervention,eval/constant,greedy,10024,102.89273071289062,0.275,42.500664710998535,residual
reward_intervention,eval/constant,greedy,10025,101.37310791015625,0.2,39.579379081726074,residual
reward_intervention,eval/constant,greedy,10026,112.27884674072266,0.435,21.65011978149414,residual
reward_intervention,eval/constant,greedy,10027,104.55899047851562,0.4,36.578927993774414,residual
reward_intervention,eval/constant,greedy,10028,77.26789093017578,0.0,72.8514313697815,residual
reward_intervention,eval/constant,greedy,10029,105.67686462402344,0.435,32.70052194595337,residual
reward_intervention,eval/constant,greedy,10030,94.00907897949219,0.0,50.7260856628418,residual
reward_intervention,eval/constant,greedy,10031,109.38351440429688,0.505,38.67661476135254,residual
reward_intervention,eval/constant,greedy,10032,94.4428939819336,0.2,26.016778469085693,residual
reward_intervention,eval/constant,greedy,10033,113.5499496459961,0.24,47.464340686798096,residual
reward_intervention,eval/constant,greedy,10034,95.77828979492188,0.155,54.81480932235718,residual
reward_intervention,eval/constant,greedy,10035,90.38232421875,0.045,78.56085729598999,residual
reward_intervention,eval/constant,greedy,10036,110.94038391113281,0.285,48.42382192611694,residual
reward_intervention,eval/constant,greedy,10037,119.97256469726562,0.41,20.865209102630615,residual
reward_intervention,eval/constant,greedy,10038,112.21656799316406,0.31,26.941014289855957,residual
reward_intervention,eval/constant,greedy,10039,105.12049865722656,0.1,43.71299171447754,residual
reward_intervention,eval/constant,greedy,10040,111.46609497070312,0.435,42.202693462371826,residual
reward_intervention,eval/constant,greedy,10041,108.49009704589844,0.41,35.526939868927,residual
reward_intervention,eval/constant,greedy,10042,120.11172485351562,0.165,34.357868671417236,residual
reward_intervention,eval/constant,greedy,10043,115.28866577148438,0.475,38.06963872909546,residual
reward_intervention,eval/constant,greedy,10044,83.68037414550781,0.09,63.39927816390991,residual
reward_intervention,eval/constant,greedy,10045,91.5732650756836,0.135,53.30200147628784,residual
reward_intervention,eval/constant,greedy,10046,89.93717956542969,0.26,64.27124834060669,residual
reward_intervention,eval/constant,greedy,10047,69.25208282470703,0.0,92.7829704284668,residual
reward_intervention,eval/constant,greedy,10048,82.98728942871094,0.26,73.00773286819458,residual
reward_intervention,eval/constant,random,9999,104.20384979248047,0.24,41.401740074157715,residual
reward_intervention,eval/constant,random,10000,110.36770629882812,0.29,51.73642921447754,residual
reward_intervention,eval/constant,random,10001,101.75326538085938,0.265,45.854233264923096,residual
reward_intervention,eval/constant,random,10002,108.02197265625,0.285,44.15881681442261,residual
reward_intervention,eval/constant,random,10003,121.4687728881836,0.325,41.9236798286438,residual
reward_intervention,eval/constant,random,10004,94.25703430175781,0.24,55.0237340927124,residual
reward_intervention,eval/constant,random,10005,99.29074096679688,0.27,59.37734937667847,residual
reward_intervention,eval/constant,random,10006,107.99085235595703,0.325,45.105323791503906,residual
reward_intervention,eval/constant,random,10007,114.64431762695312,0.23,43.23870801925659,residual
reward_intervention,eval/constant,random,10008,91.56184387207031,0.195,67.60078716278076,residual
reward_intervention,eval/constant,random,10009,94.35845184326172,0.19,57.437175273895264,residual
reward_intervention,eval/constant,random,10010,94.16703796386719,0.24,53.67103862762451,residual
reward_intervention,eval/constant,random,10011,109.7741928100586,0.22,43.76759099960327,residual
reward_intervention,eval/constant,random,10012,120.38268280029297,0.27,48.641451358795166,residual
reward_intervention,eval/constant,random,10013,115.09738159179688,0.25,44.02182483673096,residual
reward_intervention,eval/constant,random,10014,93.03694915771484,0.275,60.11474609375,residual
reward_intervention,eval/constant,random,10015,108.04640197753906,0.225,42.38377666473389,residual
reward_intervention,eval/constant,random,10016,95.12654113769531,0.3,42.387423038482666,residual
reward_intervention,eval/constant,random,10017,104.27647399902344,0.245,42.414865016937256,residual
reward_intervention,eval/constant,random,10018,105.53889465332031,0.275,42.61589431762695,residual
reward_intervention,eval/constant,random,10019,103.39932250976562,0.235,46.22064924240112,residual
reward_intervention,eval/constant,random,10020,99.56552124023438,0.23,41.07658672332764,residual
reward_intervention,eval/constant,random,10021,84.97496032714844,0.24,63.445013999938965,residual
reward_intervention,eval/constant,random,10022,105.95201873779297,0.265,47.555158615112305,residual
reward_intervention,eval/constant,random,10023,96.10975646972656,0.27,47.89344549179077,residual
reward_intervention,eval/constant,random,10024,111.04241943359375,0.245,36.56248331069946,residual
reward_intervention,eval/constant,random,10025,94.43516540527344,0.255,46.36319923400879,residual
reward_intervention,eval/constant,random,10026,92.69232177734375,0.235,44.182326316833496,residual
reward_intervention,eval/constant,random,10027,93.04194641113281,0.23,48.355183601379395,residual
reward_intervention,eval/constant,random,10028,97.2858657836914,0.28,59.88522911071777,residual
reward_intervention,eval/constant,random,10029,97.01669311523438,0.255,45.86236047744751,residual
reward_intervention,eval/constant,random,10030,99.0077896118164,0.23,51.50560522079468,residual
reward_intervention,eval/constant,random,10031,95.68562316894531,0.28,52.28444147109985,residual
reward_intervention,eval/constant,random,10032,97.1936264038086,0.25,25.51892328262329,residual
reward_intervention,eval/constant,random,10033,102.43862915039062,0.225,57.66783952713013,residual
reward_intervention,eval/constant,random,10034,108.78402709960938,0.255,43.42113637924194,residual
reward_intervention,eval/constant,random,10035,110.596435546875,0.24,57.719101905822754,residual
reward_intervention,eval/constant,random,10036,105.05601501464844,0.265,45.02997875213623,residual
reward_intervention,eval/constant,random,10037,102.6802749633789,0.26,33.48616933822632,residual
reward_intervention,eval/constant,random,10038,100.32266998291016,0.28,39.76910734176636,residual
reward_intervention,eval/constant,random,10039,111.68927001953125,0.245,38.80545473098755,residual
reward_intervention,eval/constant,random,10040,101.03496551513672,0.29,50.42936849594116,residual
reward_intervention,eval/constant,random,10041,94.65486145019531,0.255,46.75653028488159,residual
reward_intervention,eval/constant,random,10042,107.51129150390625,0.26,47.79604721069336,residual
reward_intervention,eval/constant,random,10043,97.52403259277344,0.255,55.59163570404053,residual
reward_intervention,eval/constant,random,10044,95.8270492553711,0.235,51.391879081726074,residual
reward_intervention,eval/constant,random,10045,93.86679077148438,0.285,52.86617946624756,residual
reward_intervention,eval/constant,random,10046,108.60939025878906,0.285,44.945844650268555,residual
reward_intervention,eval/constant,random,10047,99.97389221191406,0.215,63.16008472442627,residual
reward_intervention,eval/constant,random,10048,106.63331604003906,0.215,52.16561269760132,residual
reward_intervention,eval/decorrelated,tf_legacy,9999,121.55152893066406,0.495,23.984179973602295,residual
reward_intervention,eval/decorrelated,tf_legacy,10000,114.15310668945312,0.255,46.61848258972168,residual
reward_intervention,eval/decorrelated,tf_legacy,10001,85.01016998291016,0.1,60.35637044906616,residual
reward_intervention,eval/decorrelated,tf_legacy,10002,111.89017486572266,0.5,40.82564353942871,residual
reward_intervention,eval/decorrelated,tf_legacy,10003,123.87103271484375,0.54,38.388808250427246,residual
reward_intervention,eval/decorrelated,tf_legacy,10004,79.40591430664062,0.04,66.92233657836914,residual
reward_intervention,eval/decorrelated,tf_legacy,10005,115.39514923095703,0.485,44.676467418670654,residual
reward_intervention,eval/decorrelated,tf_legacy,10006,92.7913818359375,0.0,56.73133993148804,residual
reward_intervention,eval/decorrelated,tf_legacy,10007,101.04435729980469,0.16,51.845757484436035,residual
reward_intervention,eval/decorrelated,tf_legacy,10008,64.0464859008789,0.1,94.0445442199707,residual
reward_intervention,eval/decorrelated,tf_legacy,10009,90.53517150878906,0.12,64.63386011123657,residual
reward_intervention,eval/decorrelated,tf_legacy,10010,112.19317626953125,0.265,33.34779453277588,residual
reward_intervention,eval/decorrelated,tf_legacy,10011,116.28561401367188,0.4,40.49422073364258,residual
reward_intervention,eval/decorrelated,tf_legacy,10012,84.39810180664062,0.18,80.8362774848938,residual
reward_intervention,eval/decorrelated,tf_legacy,10013,120.88811492919922,0.24,38.351144790649414,residual
reward_intervention,eval/decorrelated,tf_legacy,10014,90.50508117675781,0.405,64.30590867996216,residual
reward_intervention,eval/decorrelated,tf_legacy,10015,122.65203857421875,0.375,26.057652473449707,residual
reward_intervention,eval/decorrelated,tf_legacy,10016,61.34171676635742,0.055,74.76815366744995,residual
reward_intervention,eval/decorrelated,tf_legacy,10017,96.92157745361328,0.29,48.99162578582764,residual
reward_intervention,eval/decorrelated,tf_legacy,10018,101.18128204345703,0.2,44.78414535522461,residual
reward_intervention,eval/decorrelated,tf_legacy,10019,117.87614440917969,0.345,33.96616983413696,residual
reward_intervention,eval/decorrelated,tf_legacy,10020,109.63751983642578,0.31,29.302862644195557,residual
reward_intervention,eval/decorrelated,tf_legacy,10021,107.79287719726562,0.5,40.295166969299316,residual
reward_intervention,eval/decorrelated,tf_legacy,10022,102.96154022216797,0.155,49.621660232543945,residual
reward_intervention,eval/decorrelated,tf_legacy,10023,116.2080078125,0.67,26.53227138519287,residual
reward_intervention,eval/decorrelated,tf_legacy,10024,123.11236572265625,0.345,22.819137573242188,residual
reward_intervention,eval/decorrelated,tf_legacy,10025,91.8397216796875,0.19,48.582881927490234,residual
reward_intervention,eval/decorrelated,tf_legacy,10026,121.45231628417969,0.605,13.492833614349365,residual
reward_intervention,eval/decorrelated,tf_legacy,10027,77.77376556396484,0.16,63.39862537384033,residual
reward_intervention,eval/decorrelated,tf_legacy,10028,95.85894775390625,0.25,57.09679126739502,residual
reward_intervention,eval/decorrelated,tf_legacy,10029,103.22811889648438,0.32,35.69659614562988,residual
reward_intervention,eval/decorrelated,tf_legacy,10030,90.17451477050781,0.255,57.69673299789429,residual
reward_intervention,eval/decorrelated,tf_legacy,10031,95.19612884521484,0.21,52.24448585510254,residual
reward_intervention,eval/decorrelated,tf_legacy,10032,104.50712585449219,0.59,19.611129760742188,residual
reward_intervention,eval/decorrelated,tf_legacy,10033,121.81631469726562,0.41,40.13447093963623,residual
reward_intervention,eval/decorrelated,tf_legacy,10034,100.15617370605469,0.27,50.68079423904419,residual
reward_intervention,eval/decorrelated,tf_legacy,10035,94.96707153320312,0.08,72.67149114608765,residual
reward_intervention,eval/decorrelated,tf_legacy,10036,93.9620361328125,0.075,63.33640193939209,residual
reward_intervention,eval/decorrelated,tf_legacy,10037,108.51785278320312,0.105,28.935739994049072,residual
reward_intervention,eval/decorrelated,tf_legacy,10038,111.37994384765625,0.23,29.4150972366333,residual
reward_intervention,eval/decorrelated,tf_legacy,10039,107.3258285522461,0.085,42.02241325378418,residual
reward_intervention,eval/decorrelated,tf_legacy,10040,115.97216796875,0.505,33.36680364608765,residual
reward_intervention,eval/decorrelated,tf_legacy,10041,90.53782653808594,0.15,48.53337287902832,residual
reward_intervention,eval/decorrelated,tf_legacy,10042,99.18650817871094,0.125,54.99168014526367,residual
reward_intervention,eval/decorrelated,tf_legacy,10043,124.93661499023438,0.445,28.69795036315918,residual
reward_intervention,eval/decorrelated,tf_legacy,10044,70.83460235595703,0.195,73.4210033416748,residual
reward_intervention,eval/decorrelated,tf_legacy,10045,102.92721557617188,0.34,41.04584074020386,residual
reward_intervention,eval/decorrelated,tf_legacy,10046,117.25019836425781,0.245,34.75758600234985,residual
reward_intervention,eval/decorrelated,tf_legacy,10047,90.98855590820312,0.165,70.6012191772461,residual
reward_intervention,eval/decorrelated,tf_legacy,10048,128.18634033203125,0.405,30.601199626922607,residual
reward_intervention,eval/decorrelated,tf_self,9999,117.28397369384766,0.475,31.16621446609497,residual
reward_intervention,eval/decorrelated,tf_self,10000,103.61888122558594,0.175,56.86326026916504,residual
reward_intervention,eval/decorrelated,tf_self,10001,85.01016998291016,0.1,60.35637044906616,residual
reward_intervention,eval/decorrelated,tf_self,10002,120.13301086425781,0.57,33.5528826713562,residual
reward_intervention,eval/decorrelated,tf_self,10003,128.39654541015625,0.56,35.38702917098999,residual
reward_intervention,eval/decorrelated,tf_self,10004,78.60845947265625,0.16,68.5279893875122,residual
reward_intervention,eval/decorrelated,tf_self,10005,119.33033752441406,0.49,40.75333833694458,residual
reward_intervention,eval/decorrelated,tf_self,10006,101.48599243164062,0.0,47.60362243652344,residual
reward_intervention,eval/decorrelated,tf_self,10007,103.08045196533203,0.225,51.78889513015747,residual
reward_intervention,eval/decorrelated,tf_self,10008,74.64595031738281,0.115,83.26346731185913,residual
reward_intervention,eval/decorrelated,tf_self,10009,70.64158630371094,0.08,80.42291927337646,residual
reward_intervention,eval/decorrelated,tf_self,10010,97.44865417480469,0.175,50.214529037475586,residual
reward_intervention,eval/decorrelated,tf_self,10011,123.63348388671875,0.49,31.69200563430786,residual
reward_intervention,eval/decorrelated,tf_self,10012,122.79661560058594,0.49,42.7251238822937,residual
reward_intervention,eval/decorrelated,tf_self,10013,123.63027954101562,0.255,37.66383934020996,residual
reward_intervention,eval/decorrelated,tf_self,10014,93.27664947509766,0.25,63.50958728790283,residual
reward_intervention,eval/decorrelated,tf_self,10015,122.20726776123047,0.445,25.328408241271973,residual
reward_intervention,eval/decorrelated,tf_self,10016,63.42549133300781,0.11,73.27646017074585,residual
reward_intervention,eval/decorrelated,tf_self,10017,90.52552795410156,0.235,56.44949769973755,residual
reward_intervention,eval/decorrelated,tf_self,10018,102.4559326171875,0.16,44.83606195449829,residual
reward_intervention,eval/decorrelated,tf_self,10019,118.28898620605469,0.355,33.47018575668335,residual
reward_intervention,eval/decorrelated,tf_self,10020,96.03201293945312,0.375,45.86281108856201,residual
reward_intervention,eval/decorrelated,tf_self,10021,76.67709350585938,0.345,72.08221292495728,residual
reward_intervention,eval/decorrelated,tf_self,10022,90.97940826416016,0.155,63.5647087097168,residual
reward_intervention,eval/decorrelated,tf_self,10023,86.31851196289062,0.53,56.35118389129639,residual
reward_intervention,eval/decorrelated,tf_self,10024,124.5301513671875,0.345,19.90733528137207,residual
reward_intervention,eval/decorrelated,tf_self,10025,95.9791488647461,0.295,46.694249629974365,residual
reward_intervention,eval/decorrelated,tf_self,10026,116.92706298828125,0.52,16.570566177368164,residual
reward_intervention,eval/decorrelated,tf_self,10027,76.01910400390625,0.11,65.9533896446228,residual
reward_intervention,eval/decorrelated,tf_self,10028,79.82838439941406,0.2,71.42132568359375,residual
reward_intervention,eval/decorrelated,tf_self,10029,121.89611053466797,0.48,16.456040859222412,residual
reward_intervention,eval/decorrelated,tf_self,10030,102.2517318725586,0.115,46.462159633636475,residual
reward_intervention,eval/decorrelated,tf_self,10031,112.86747741699219,0.365,35.32334089279175,residual
reward_intervention,eval/decorrelated,tf_self,10032,101.2440185546875,0.47,23.367595195770264,residual
reward_intervention,eval/decorrelated,tf_self,10033,123.8128662109375,0.42,37.69772815704346,residual
reward_intervention,eval/decorrelated,tf_self,10034,102.95252990722656,0.325,47.94520282745361,residual
reward_intervention,eval/decorrelated,tf_self,10035,95.82754516601562,0.06,71.96159887313843,residual
reward_intervention,eval/decorrelated,tf_self,10036,94.35008239746094,0.0,62.67466735839844,residual
reward_intervention,eval/decorrelated,tf_self,10037,102.71417236328125,0.215,34.79417276382446,residual
reward_intervention,eval/decorrelated,tf_self,10038,97.59819030761719,0.185,42.41725206375122,residual
reward_intervention,eval/decorrelated,tf_self,10039,86.94906616210938,0.005,62.14076375961304,residual
reward_intervention,eval/decorrelated,tf_self,10040,104.08332824707031,0.42,45.907514572143555,residual
reward_intervention,eval/decorrelated,tf_self,10041,89.47637176513672,0.22,53.824055671691895,residual
reward_intervention,eval/decorrelated,tf_self,10042,108.08840942382812,0.0,45.68059587478638,residual
reward_intervention,eval/decorrelated,tf_self,10043,110.10624694824219,0.4,43.77986764907837,residual
reward_intervention,eval/decorrelated,tf_self,10044,88.39263916015625,0.105,55.64195489883423,residual
reward_intervention,eval/decorrelated,tf_self,10045,73.54083251953125,0.215,70.54838609695435,residual
reward_intervention,eval/decorrelated,tf_self,10046,113.32316589355469,0.14,36.879886627197266,residual
reward_intervention,eval/decorrelated,tf_self,10047,67.766357421875,0.0,91.86153841018677,residual
reward_intervention,eval/decorrelated,tf_self,10048,113.08767700195312,0.38,46.85237741470337,residual
reward_intervention,eval/decorrelated,optimal,9999,141.20579528808594,1.0,0.0,residual
reward_intervention,eval/decorrelated,optimal,10000,160.66639709472656,1.0,0.0,residual
reward_intervention,eval/decorrelated,optimal,10001,145.31277465820312,1.0,0.0,residual
reward_intervention,eval/decorrelated,optimal,10002,154.31651306152344,1.0,0.0,residual
reward_intervention,eval/decorrelated,optimal,10003,159.40057373046875,1.0,0.0,residual
reward_intervention,eval/decorrelated,optimal,10004,149.41934204101562,1.0,0.0,residual
reward_intervention,eval/decorrelated,optimal,10005,156.21694946289062,1.0,0.0,residual
reward_intervention,eval/decorrelated,optimal,10006,145.3865203857422,1.0,0.0,residual
reward_intervention,eval/decorrelated,optimal,10007,155.88116455078125,1.0,0.0,residual
reward_intervention,eval/decorrelated,optimal,10008,157.59585571289062,1.0,0.0,residual
reward_intervention,eval/decorrelated,optimal,10009,153.279296875,1.0,0.0,residual
reward_intervention,eval/decorrelated,optimal,10010,150.4432373046875,1.0,0.0,residual
reward_intervention,eval/decorrelated,optimal,10011,154.8956298828125,1.0,0.0,residual
reward_intervention,eval/decorrelated,optimal,10012,163.3168182373047,1.0,0.0,residual
reward_intervention,eval/decorrelated,optimal,10013,157.58216857910156,1.0,0.0,residual
reward_intervention,eval/decorrelated,optimal,10014,153.15005493164062,1.0,0.0,residual
reward_intervention,eval/decorrelated,optimal,10015,150.13525390625,1.0,0.0,residual
reward_intervention,eval/decorrelated,optimal,10016,136.85256958007812,1.0,0.0,residual
reward_intervention,eval/decorrelated,optimal,10017,149.96990966796875,1.0,0.0,residual
reward_intervention,eval/decorrelated,optimal,10018,145.6324462890625,1.0,0.0,residual
reward_intervention,eval/decorrelated,optimal,10019,152.00038146972656,1.0,0.0,residual
reward_intervention,eval/decorrelated,optimal,10020,139.1854248046875,1.0,0.0,residual
reward_intervention,eval/decorrelated,optimal,10021,146.62905883789062,1.0,0.0,residual
reward_intervention,eval/decorrelated,optimal,10022,151.38845825195312,1.0,0.0,residual
reward_intervention,eval/decorrelated,optimal,10023,140.74717712402344,1.0,0.0,residual
reward_intervention,eval/decorrelated,optimal,10024,145.08932495117188,1.0,0.0,residual
reward_intervention,eval/decorrelated,optimal,10025,141.3740234375,1.0,0.0,residual
reward_intervention,eval/decorrelated,optimal,10026,133.78631591796875,1.0,0.0,residual
reward_intervention,eval/decorrelated,optimal,10027,141.1024169921875,1.0,0.0,residual
reward_intervention,eval/decorrelated,optimal,10028,158.6577606201172,1.0,0.0,residual
reward_intervention,eval/decorrelated,optimal,10029,139.73892211914062,1.0,0.0,residual
reward_intervention,eval/decorrelated,optimal,10030,153.2302703857422,1.0,0.0,residual
reward_intervention,eval/decorrelated,optimal,10031,148.677001953125,1.0,0.0,residual
reward_intervention,eval/decorrelated,optimal,10032,118.6419906616211,1.0,0.0,residual
reward_intervention,eval/decorrelated,optimal,10033,160.3961944580078,1.0,0.0,residual
reward_intervention,eval/decorrelated,optimal,10034,151.35794067382812,1.0,0.0,residual
reward_intervention,eval/decorrelated,optimal,10035,167.00559997558594,1.0,0.0,residual
reward_intervention,eval/decorrelated,optimal,10036,152.4580535888672,1.0,0.0,residual
reward_intervention,eval/decorrelated,optimal,10037,138.62362670898438,1.0,0.0,residual
reward_intervention,eval/decorrelated,optimal,10038,139.50601196289062,1.0,0.0,residual
reward_intervention,eval/decorrelated,optimal,10039,155.94541931152344,1.0,0.0,residual
reward_intervention,eval/decorrelated,optimal,10040,149.40174865722656,1.0,0.0,residual
reward_intervention,eval/decorrelated,optimal,10041,143.17428588867188,1.0,0.0,residual
reward_intervention,eval/decorrelated,optimal,10042,156.06277465820312,1.0,0.0,residual
reward_intervention,eval/decorrelated,optimal,10043,153.32635498046875,1.0,0.0,residual
reward_intervention,eval/decorrelated,optimal,10044,144.0423583984375,1.0,0.0,residual
reward_intervention,eval/decorrelated,optimal,10045,145.1358642578125,1.0,0.0,residual
reward_intervention,eval/decorrelated,optimal,10046,152.8437042236328,1.0,0.0,residual
reward_intervention,eval/decorrelated,optimal,10047,164.7223663330078,1.0,0.0,residual
reward_intervention,eval/decorrelated,optimal,10048,156.09974670410156,1.0,0.0,residual
reward_intervention,eval/decorrelated,epsgreedy,9999,111.88276672363281,0.25,32.073606967926025,residual
reward_intervention,eval/decorrelated,epsgreedy,10000,120.84573364257812,0.36,42.59439516067505,residual
reward_intervention,eval/decorrelated,epsgreedy,10001,99.48368072509766,0.32,48.372039794921875,residual
reward_intervention,eval/decorrelated,epsgreedy,10002,133.37445068359375,0.445,23.65154218673706,residual
reward_intervention,eval/decorrelated,epsgreedy,10003,116.76414489746094,0.09,44.47616195678711,residual
reward_intervention,eval/decorrelated,epsgreedy,10004,85.29889678955078,0.22,63.29083967208862,residual
reward_intervention,eval/decorrelated,epsgreedy,10005,92.32110595703125,0.245,66.052001953125,residual
reward_intervention,eval/decorrelated,epsgreedy,10006,122.41961669921875,0.435,23.949037551879883,residual
reward_intervention,eval/decorrelated,epsgreedy,10007,121.70382690429688,0.245,34.55044937133789,residual
reward_intervention,eval/decorrelated,epsgreedy,10008,117.58805847167969,0.4,41.13453531265259,residual
reward_intervention,eval/decorrelated,epsgreedy,10009,88.09746551513672,0.12,66.50300788879395,residual
reward_intervention,eval/decorrelated,epsgreedy,10010,102.17970275878906,0.43,45.41843223571777,residual
reward_intervention,eval/decorrelated,epsgreedy,10011,102.34153747558594,0.13,53.3108491897583,residual
reward_intervention,eval/decorrelated,epsgreedy,10012,106.65526580810547,0.285,59.93489217758179,residual
reward_intervention,eval/decorrelated,epsgreedy,10013,111.61190795898438,0.03,47.36269569396973,residual
reward_intervention,eval/decorrelated,epsgreedy,10014,119.12301635742188,0.43,36.612162590026855,residual
reward_intervention,eval/decorrelated,epsgreedy,10015,102.5291519165039,0.045,46.52379035949707,residual
reward_intervention,eval/decorrelated,epsgreedy,10016,87.30538177490234,0.075,52.83777046203613,residual
reward_intervention,eval/decorrelated,epsgreedy,10017,111.56259155273438,0.45,37.013856410980225,residual
reward_intervention,eval/decorrelated,epsgreedy,10018,95.09217834472656,0.24,50.41054821014404,residual
reward_intervention,eval/decorrelated,epsgreedy,10019,99.30876159667969,0.12,49.79125928878784,residual
reward_intervention,eval/decorrelated,epsgreedy,10020,93.85010528564453,0.18,45.84879159927368,residual
reward_intervention,eval/decorrelated,epsgreedy,10021,68.74544525146484,0.265,79.3193416595459,residual
reward_intervention,eval/decorrelated,epsgreedy,10022,87.92589569091797,0.135,66.49660444259644,residual
reward_intervention,eval/decorrelated,epsgreedy,10023,92.82368469238281,0.33,47.84731388092041,residual
reward_intervention,eval/decorrelated,epsgreedy,10024,102.52113342285156,0.235,40.9995698928833,residual
reward_intervention,eval/decorrelated,epsgreedy,10025,101.91458892822266,0.355,41.49953031539917,residual
reward_intervention,eval/decorrelated,epsgreedy,10026,101.5655517578125,0.355,30.464075565338135,residual
reward_intervention,eval/decorrelated,epsgreedy,10027,103.88917541503906,0.395,37.007994174957275,residual
reward_intervention,eval/decorrelated,epsgreedy,10028,82.45565795898438,0.06,67.1092529296875,residual
reward_intervention,eval/decorrelated,epsgreedy,10029,103.25316619873047,0.415,39.509706020355225,residual
reward_intervention,eval/decorrelated,epsgreedy,10030,102.66871643066406,0.12,47.61471652984619,residual
reward_intervention,eval/decorrelated,epsgreedy,10031,89.50959777832031,0.11,59.167643547058105,residual
reward_intervention,eval/decorrelated,epsgreedy,10032,86.40880584716797,0.215,37.01003932952881,residual
reward_intervention,eval/decorrelated,epsgreedy,10033,109.36737823486328,0.53,50.55634832382202,residual
reward_intervention,eval/decorrelated,epsgreedy,10034,91.32797241210938,0.12,60.83475208282471,residual
reward_intervention,eval/decorrelated,epsgreedy,10035,110.23733520507812,0.11,56.93439245223999,residual
reward_intervention,eval/decorrelated,epsgreedy,10036,106.83749389648438,0.27,49.453869342803955,residual
reward_intervention,eval/decorrelated,epsgreedy,10037,120.27915954589844,0.415,16.316126823425293,residual
reward_intervention,eval/decorrelated,epsgreedy,10038,109.16377258300781,0.3,30.99301528930664,residual
reward_intervention,eval/decorrelated,epsgreedy,10039,109.53488159179688,0.1,41.06974792480469,residual
reward_intervention,eval/decorrelated,epsgreedy,10040,109.233154296875,0.445,41.42019748687744,residual
reward_intervention,eval/decorrelated,epsgreedy,10041,108.63241577148438,0.38,34.69420862197876,residual
reward_intervention,eval/decorrelated,epsgreedy,10042,117.19518280029297,0.27,39.992454528808594,residual
reward_intervention,eval/decorrelated,epsgreedy,10043,77.09888458251953,0.045,75.2567048072815,residual
reward_intervention,eval/decorrelated,epsgreedy,10044,74.43745422363281,0.05,69.26027727127075,residual
reward_intervention,eval/decorrelated,epsgreedy,10045,85.00856018066406,0.23,59.35402059555054,residual
reward_intervention,eval/decorrelated,epsgreedy,10046,95.11380767822266,0.28,56.34037733078003,residual
reward_intervention,eval/decorrelated,epsgreedy,10047,74.98405456542969,0.04,85.40512990951538,residual
reward_intervention,eval/decorrelated,epsgreedy,10048,93.0934066772461,0.07,63.669129371643066,residual
reward_intervention,eval/decorrelated,greedy,9999,116.21321105957031,0.37,28.435359001159668,residual
reward_intervention,eval/decorrelated,greedy,10000,130.25491333007812,0.405,35.99556541442871,residual
reward_intervention,eval/decorrelated,greedy,10001,95.36604309082031,0.355,49.389243602752686,residual
reward_intervention,eval/decorrelated,greedy,10002,130.80764770507812,0.25,22.347784519195557,residual
reward_intervention,eval/decorrelated,greedy,10003,123.82444763183594,0.335,35.21890115737915,residual
reward_intervention,eval/decorrelated,greedy,10004,94.44004821777344,0.415,52.037386894226074,residual
reward_intervention,eval/decorrelated,greedy,10005,97.40565490722656,0.33,62.226232051849365,residual
reward_intervention,eval/decorrelated,greedy,10006,123.1752700805664,0.435,23.91289710998535,residual
reward_intervention,eval/decorrelated,greedy,10007,107.86105346679688,0.34,51.13878297805786,residual
reward_intervention,eval/decorrelated,greedy,10008,119.82283020019531,0.395,40.22409963607788,residual
reward_intervention,eval/decorrelated,greedy,10009,81.87120056152344,0.105,71.12204265594482,residual
reward_intervention,eval/decorrelated,greedy,10010,121.81659698486328,0.67,23.706756591796875,residual
reward_intervention,eval/decorrelated,greedy,10011,119.72193908691406,0.295,37.70997476577759,residual
reward_intervention,eval/decorrelated,greedy,10012,107.74591064453125,0.3,59.344022274017334,residual
reward_intervention,eval/decorrelated,greedy,10013,114.51885986328125,0.13,48.790743350982666,residual
reward_intervention,eval/decorrelated,greedy,10014,97.99967956542969,0.375,59.03838491439819,residual
reward_intervention,eval/decorrelated,greedy,10015,107.29789733886719,0.185,42.02251482009888,residual
reward_intervention,eval/decorrelated,greedy,10016,92.34455108642578,0.16,48.51800060272217,residual
reward_intervention,eval/decorrelated,greedy,10017,101.39767456054688,0.325,45.75541305541992,residual
reward_intervention,eval/decorrelated,greedy,10018,89.79898071289062,0.21,55.98627758026123,residual
reward_intervention,eval/decorrelated,greedy,10019,103.77257537841797,0.335,46.31757831573486,residual
reward_intervention,eval/decorrelated,greedy,10020,111.34803771972656,0.445,25.150556087493896,residual
reward_intervention,eval/decorrelated,greedy,10021,113.52108001708984,0.685,33.69003486633301,residual
reward_intervention,eval/decorrelated,greedy,10022,85.93226623535156,0.095,66.84225654602051,residual
reward_intervention,eval/decorrelated,greedy,10023,85.41986846923828,0.305,54.58752393722534,residual
reward_intervention,eval/decorrelated,greedy,10024,102.89273071289062,0.275,42.500664710998535,residual
reward_intervention,eval/decorrelated,greedy,10025,101.37310791015625,0.2,39.579379081726074,residual
reward_intervention,eval/decorrelated,greedy,10026,112.27884674072266,0.435,21.65011978149414,residual
reward_intervention,eval/decorrelated,greedy,10027,104.55899047851562,0.4,36.578927993774414,residual
reward_intervention,eval/decorrelated,greedy,10028,77.26789093017578,0.0,72.8514313697815,residual
reward_intervention,eval/decorrelated,greedy,10029,105.67686462402344,0.435,32.70052194595337,residual
reward_intervention,eval/decorrelated,greedy,10030,94.00907897949219,0.0,50.7260856628418,residual
reward_intervention,eval/decorrelated,greedy,10031,109.38351440429688,0.505,38.67661476135254,residual
reward_intervention,eval/decorrelated,greedy,10032,94.4428939819336,0.2,26.016778469085693,residual
reward_intervention,eval/decorrelated,greedy,10033,113.5499496459961,0.24,47.464340686798096,residual
reward_intervention,eval/decorrelated,greedy,10034,95.77828979492188,0.155,54.81480932235718,residual
reward_intervention,eval/decorrelated,greedy,10035,90.38232421875,0.045,78.56085729598999,residual
reward_intervention,eval/decorrelated,greedy,10036,110.94038391113281,0.285,48.42382192611694,residual
reward_intervention,eval/decorrelated,greedy,10037,119.97256469726562,0.41,20.865209102630615,residual
reward_intervention,eval/decorrelated,greedy,10038,112.21656799316406,0.31,26.941014289855957,residual
reward_intervention,eval/decorrelated,greedy,10039,105.12049865722656,0.1,43.71299171447754,residual
reward_intervention,eval/decorrelated,greedy,10040,111.46609497070312,0.435,42.202693462371826,residual
reward_intervention,eval/decorrelated,greedy,10041,108.49009704589844,0.41,35.526939868927,residual
reward_intervention,eval/decorrelated,greedy,10042,120.11172485351562,0.165,34.357868671417236,residual
reward_intervention,eval/decorrelated,greedy,10043,115.28866577148438,0.475,38.06963872909546,residual
reward_intervention,eval/decorrelated,greedy,10044,83.68037414550781,0.09,63.39927816390991,residual
reward_intervention,eval/decorrelated,greedy,10045,91.5732650756836,0.135,53.30200147628784,residual
reward_intervention,eval/decorrelated,greedy,10046,89.93717956542969,0.26,64.27124834060669,residual
reward_intervention,eval/decorrelated,greedy,10047,69.25208282470703,0.0,92.7829704284668,residual
reward_intervention,eval/decorrelated,greedy,10048,82.98728942871094,0.26,73.00773286819458,residual
reward_intervention,eval/decorrelated,random,9999,104.20384979248047,0.24,41.401740074157715,residual
reward_intervention,eval/decorrelated,random,10000,110.36770629882812,0.29,51.73642921447754,residual
reward_intervention,eval/decorrelated,random,10001,101.75326538085938,0.265,45.854233264923096,residual
reward_intervention,eval/decorrelated,random,10002,108.02197265625,0.285,44.15881681442261,residual
reward_intervention,eval/decorrelated,random,10003,121.4687728881836,0.325,41.9236798286438,residual
reward_intervention,eval/decorrelated,random,10004,94.25703430175781,0.24,55.0237340927124,residual
reward_intervention,eval/decorrelated,random,10005,99.29074096679688,0.27,59.37734937667847,residual
reward_intervention,eval/decorrelated,random,10006,107.99085235595703,0.325,45.105323791503906,residual
reward_intervention,eval/decorrelated,random,10007,114.64431762695312,0.23,43.23870801925659,residual
reward_intervention,eval/decorrelated,random,10008,91.56184387207031,0.195,67.60078716278076,residual
reward_intervention,eval/decorrelated,random,10009,94.35845184326172,0.19,57.437175273895264,residual
reward_intervention,eval/decorrelated,random,10010,94.16703796386719,0.24,53.67103862762451,residual
reward_intervention,eval/decorrelated,random,10011,109.7741928100586,0.22,43.76759099960327,residual
reward_intervention,eval/decorrelated,random,10012,120.38268280029297,0.27,48.641451358795166,residual
reward_intervention,eval/decorrelated,random,10013,115.09738159179688,0.25,44.02182483673096,residual
reward_intervention,eval/decorrelated,random,10014,93.03694915771484,0.275,60.11474609375,residual
reward_intervention,eval/decorrelated,random,10015,108.04640197753906,0.225,42.38377666473389,residual
reward_intervention,eval/decorrelated,random,10016,95.12654113769531,0.3,42.387423038482666,residual
reward_intervention,eval/decorrelated,random,10017,104.27647399902344,0.245,42.414865016937256,residual
reward_intervention,eval/decorrelated,random,10018,105.53889465332031,0.275,42.61589431762695,residual
reward_intervention,eval/decorrelated,random,10019,103.39932250976562,0.235,46.22064924240112,residual
reward_intervention,eval/decorrelated,random,10020,99.56552124023438,0.23,41.07658672332764,residual
reward_intervention,eval/decorrelated,random,10021,84.97496032714844,0.24,63.445013999938965,residual
reward_intervention,eval/decorrelated,random,10022,105.95201873779297,0.265,47.555158615112305,residual
reward_intervention,eval/decorrelated,random,10023,96.10975646972656,0.27,47.89344549179077,residual
reward_intervention,eval/decorrelated,random,10024,111.04241943359375,0.245,36.56248331069946,residual
reward_intervention,eval/decorrelated,random,10025,94.43516540527344,0.255,46.36319923400879,residual
reward_intervention,eval/decorrelated,random,10026,92.69232177734375,0.235,44.182326316833496,residual
reward_intervention,eval/decorrelated,random,10027,93.04194641113281,0.23,48.355183601379395,residual
reward_intervention,eval/decorrelated,random,10028,97.2858657836914,0.28,59.88522911071777,residual
reward_intervention,eval/decorrelated,random,10029,97.01669311523438,0.255,45.86236047744751,residual
reward_intervention,eval/decorrelated,random,10030,99.0077896118164,0.23,51.50560522079468,residual
reward_intervention,eval/decorrelated,random,10031,95.68562316894531,0.28,52.28444147109985,residual
reward_intervention,eval/decorrelated,random,10032,97.1936264038086,0.25,25.51892328262329,residual
reward_intervention,eval/decorrelated,random,10033,102.43862915039062,0.225,57.66783952713013,residual
reward_intervention,eval/decorrelated,random,10034,108.78402709960938,0.255,43.42113637924194,residual
reward_intervention,eval/decorrelated,random,10035,110.596435546875,0.24,57.719101905822754,residual
reward_intervention,eval/decorrelated,random,10036,105.05601501464844,0.265,45.02997875213623,residual
reward_intervention,eval/decorrelated,random,10037,102.6802749633789,0.26,33.48616933822632,residual
reward_intervention,eval/decorrelated,random,10038,100.32266998291016,0.28,39.76910734176636,residual
reward_intervention,eval/decorrelated,random,10039,111.68927001953125,0.245,38.80545473098755,residual
reward_intervention,eval/decorrelated,random,10040,101.03496551513672,0.29,50.42936849594116,residual
reward_intervention,eval/decorrelated,random,10041,94.65486145019531,0.255,46.75653028488159,residual
reward_intervention,eval/decorrelated,random,10042,107.51129150390625,0.26,47.79604721069336,residual
reward_intervention,eval/decorrelated,random,10043,97.52403259277344,0.255,55.59163570404053,residual
reward_intervention,eval/decorrelated,random,10044,95.8270492553711,0.235,51.391879081726074,residual
reward_intervention,eval/decorrelated,random,10045,93.86679077148438,0.285,52.86617946624756,residual
reward_intervention,eval/decorrelated,random,10046,108.60939025878906,0.285,44.945844650268555,residual
reward_intervention,eval/decorrelated,random,10047,99.97389221191406,0.215,63.16008472442627,residual
reward_intervention,eval/decorrelated,random,10048,106.63331604003906,0.215,52.16561269760132,residual
reward_intervention,eval/inverted,tf_legacy,9999,107.8036880493164,0.36,39.1881160736084,residual
reward_intervention,eval/inverted,tf_legacy,10000,94.23172760009766,0.105,68.5795521736145,residual
reward_intervention,eval/inverted,tf_legacy,10001,85.01016998291016,0.1,60.35637044906616,residual
reward_intervention,eval/inverted,tf_legacy,10002,107.69361114501953,0.49,43.234121799468994,residual
reward_intervention,eval/inverted,tf_legacy,10003,102.66761779785156,0.3,58.09211254119873,residual
reward_intervention,eval/inverted,tf_legacy,10004,79.43977355957031,0.005,67.55022716522217,residual
reward_intervention,eval/inverted,tf_legacy,10005,114.57493591308594,0.48,44.88028430938721,residual
reward_intervention,eval/inverted,tf_legacy,10006,95.18798828125,0.07,54.464484214782715,residual
reward_intervention,eval/inverted,tf_legacy,10007,91.56487274169922,0.105,62.93109655380249,residual
reward_intervention,eval/inverted,tf_legacy,10008,94.65953063964844,0.08,65.86232948303223,residual
reward_intervention,eval/inverted,tf_legacy,10009,88.23497009277344,0.08,64.8421859741211,residual
reward_intervention,eval/inverted,tf_legacy,10010,112.36213684082031,0.33,33.65759611129761,residual
reward_intervention,eval/inverted,tf_legacy,10011,114.72388458251953,0.355,42.94456338882446,residual
reward_intervention,eval/inverted,tf_legacy,10012,82.80368041992188,0.085,85.29712724685669,residual
reward_intervention,eval/inverted,tf_legacy,10013,115.93661499023438,0.195,44.81658887863159,residual
reward_intervention,eval/inverted,tf_legacy,10014,78.19451141357422,0.245,78.68001985549927,residual
reward_intervention,eval/inverted,tf_legacy,10015,123.96343994140625,0.425,24.448906898498535,residual
reward_intervention,eval/inverted,tf_legacy,10016,56.78888702392578,0.0,77.77590322494507,residual
reward_intervention,eval/inverted,tf_legacy,10017,85.841552734375,0.225,60.282920360565186,residual
reward_intervention,eval/inverted,tf_legacy,10018,77.04727172851562,0.0,69.37795114517212,residual
reward_intervention,eval/inverted,tf_legacy,10019,106.54405212402344,0.27,44.62272500991821,residual
reward_intervention,eval/inverted,tf_legacy,10020,110.95344543457031,0.335,27.05166530609131,residual
reward_intervention,eval/inverted,tf_legacy,10021,84.47327423095703,0.28,61.67900466918945,residual
reward_intervention,eval/inverted,tf_legacy,10022,102.26985168457031,0.23,49.969411849975586,residual
reward_intervention,eval/inverted,tf_legacy,10023,100.95548248291016,0.43,42.43540096282959,residual
reward_intervention,eval/inverted,tf_legacy,10024,117.7775650024414,0.165,29.13394594192505,residual
reward_intervention,eval/inverted,tf_legacy,10025,96.78821563720703,0.225,43.26770830154419,residual
reward_intervention,eval/inverted,tf_legacy,10026,126.79306030273438,0.735,8.73138427734375,residual
reward_intervention,eval/inverted,tf_legacy,10027,77.77376556396484,0.16,63.39862537384033,residual
reward_intervention,eval/inverted,tf_legacy,10028,104.93521881103516,0.34,49.38581132888794,residual
reward_intervention,eval/inverted,tf_legacy,10029,105.79898071289062,0.16,34.65951204299927,residual
reward_intervention,eval/inverted,tf_legacy,10030,93.12615966796875,0.29,54.50822734832764,residual
reward_intervention,eval/inverted,tf_legacy,10031,101.45445251464844,0.265,46.360684871673584,residual
reward_intervention,eval/inverted,tf_legacy,10032,103.86599731445312,0.59,17.16996479034424,residual
reward_intervention,eval/inverted,tf_legacy,10033,121.3044662475586,0.4,40.35059118270874,residual
reward_intervention,eval/inverted,tf_legacy,10034,102.35382080078125,0.315,48.610515117645264,residual
reward_intervention,eval/inverted,tf_legacy,10035,99.4729995727539,0.075,67.9335207939148,residual
reward_intervention,eval/inverted,tf_legacy,10036,93.9620361328125,0.075,63.33640193939209,residual
reward_intervention,eval/inverted,tf_legacy,10037,101.15150451660156,0.045,33.467092514038086,residual
reward_intervention,eval/inverted,tf_legacy,10038,110.96060943603516,0.22,30.454384326934814,residual
reward_intervention,eval/inverted,tf_legacy,10039,99.69749450683594,0.085,49.14824962615967,residual
reward_intervention,eval/inverted,tf_legacy,10040,110.0899429321289,0.265,38.80553150177002,residual
reward_intervention,eval/inverted,tf_legacy,10041,87.85355377197266,0.125,52.112433433532715,residual
reward_intervention,eval/inverted,tf_legacy,10042,93.60536193847656,0.105,60.607062339782715,residual
reward_intervention,eval/inverted,tf_legacy,10043,132.10520935058594,0.525,20.603796005249023,residual
reward_intervention,eval/inverted,tf_legacy,10044,57.7994384765625,0.09,87.32211399078369,residual
reward_intervention,eval/inverted,tf_legacy,10045,106.54737091064453,0.315,38.314547061920166,residual
reward_intervention,eval/inverted,tf_legacy,10046,110.23582458496094,0.22,41.205843925476074,residual
reward_intervention,eval/inverted,tf_legacy,10047,82.34161376953125,0.18,79.31712532043457,residual
reward_intervention,eval/inverted,tf_legacy,10048,127.16923522949219,0.155,30.34153175354004,residual
reward_intervention,eval/inverted,tf_self,9999,105.60687255859375,0.31,43.999703884124756,residual
reward_intervention,eval/inverted,tf_self,10000,101.11471557617188,0.12,60.1323184967041,residual
reward_intervention,eval/inverted,tf_self,10001,87.82872772216797,0.09,57.45051288604736,residual
reward_intervention,eval/inverted,tf_self,10002,120.13301086425781,0.57,33.5528826713562,residual
reward_intervention,eval/inverted,tf_self,10003,119.4865493774414,0.45,42.72515344619751,residual
reward_intervention,eval/inverted,tf_self,10004,75.29076385498047,0.175,71.03232526779175,residual
reward_intervention,eval/inverted,tf_self,10005,119.36924743652344,0.355,37.58011341094971,residual
reward_intervention,eval/inverted,tf_self,10006,115.89601135253906,0.105,32.33469200134277,residual
reward_intervention,eval/inverted,tf_self,10007,103.45186614990234,0.27,50.18423080444336,residual
reward_intervention,eval/inverted,tf_self,10008,120.35938262939453,0.23,39.43775653839111,residual
reward_intervention,eval/inverted,tf_self,10009,104.61031341552734,0.185,49.25266885757446,residual
reward_intervention,eval/inverted,tf_self,10010,86.96514892578125,0.17,59.425166606903076,residual
reward_intervention,eval/inverted,tf_self,10011,131.81292724609375,0.54,25.726545810699463,residual
reward_intervention,eval/inverted,tf_self,10012,88.37374114990234,0.095,80.75557565689087,residual
reward_intervention,eval/inverted,tf_self,10013,110.45372009277344,0.115,49.05943822860718,residual
reward_intervention,eval/inverted,tf_self,10014,90.81343078613281,0.365,67.02251625061035,residual
reward_intervention,eval/inverted,tf_self,10015,116.29631805419922,0.24,32.72280263900757,residual
reward_intervention,eval/inverted,tf_self,10016,56.78888702392578,0.0,77.77590322494507,residual
reward_intervention,eval/inverted,tf_self,10017,90.52552795410156,0.235,56.44949769973755,residual
reward_intervention,eval/inverted,tf_self,10018,78.55766296386719,0.0,68.88233184814453,residual
reward_intervention,eval/inverted,tf_self,10019,115.62896728515625,0.365,36.619508266448975,residual
reward_intervention,eval/inverted,tf_self,10020,96.03201293945312,0.375,45.86281108856201,residual
reward_intervention,eval/inverted,tf_self,10021,93.77963256835938,0.495,55.40701770782471,residual
reward_intervention,eval/inverted,tf_self,10022,90.97940826416016,0.155,63.5647087097168,residual
reward_intervention,eval/inverted,tf_self,10023,86.31851196289062,0.53,56.35118389129639,residual
reward_intervention,eval/inverted,tf_self,10024,124.5301513671875,0.345,19.90733528137207,residual
reward_intervention,eval/inverted,tf_self,10025,108.26699829101562,0.41,33.60243797302246,residual
reward_intervention,eval/inverted,tf_self,10026,116.92706298828125,0.52,16.570566177368164,residual
reward_intervention,eval/inverted,tf_self,10027,92.36640167236328,0.0,50.69149971008301,residual
reward_intervention,eval/inverted,tf_self,10028,79.82838439941406,0.2,71.42132568359375,residual
reward_intervention,eval/inverted,tf_self,10029,123.35008239746094,0.475,16.029544830322266,residual
reward_intervention,eval/inverted,tf_self,10030,87.0965576171875,0.115,58.05999040603638,residual
reward_intervention,eval/inverted,tf_self,10031,101.81791687011719,0.21,46.72228479385376,residual
reward_intervention,eval/inverted,tf_self,10032,101.2440185546875,0.47,23.367595195770264,residual
reward_intervention,eval/inverted,tf_self,10033,123.8128662109375,0.42,37.69772815704346,residual
reward_intervention,eval/inverted,tf_self,10034,102.95252990722656,0.325,47.94520282745361,residual
reward_intervention,eval/inverted,tf_self,10035,105.08041381835938,0.105,62.552807331085205,residual
reward_intervention,eval/inverted,tf_self,10036,94.35008239746094,0.0,62.67466735839844,residual
reward_intervention,eval/inverted,tf_self,10037,107.17709350585938,0.115,29.00076675415039,residual
reward_intervention,eval/inverted,tf_self,10038,97.59819030761719,0.185,42.41725206375122,residual
reward_intervention,eval/inverted,tf_self,10039,101.92025756835938,0.37,47.847386837005615,residual
reward_intervention,eval/inverted,tf_self,10040,112.98119354248047,0.195,39.64039993286133,residual
reward_intervention,eval/inverted,tf_self,10041,85.48563385009766,0.235,54.680237770080566,residual
reward_intervention,eval/inverted,tf_self,10042,108.08840942382812,0.0,45.68059587478638,residual
reward_intervention,eval/inverted,tf_self,10043,121.4042739868164,0.425,31.621277332305908,residual
reward_intervention,eval/inverted,tf_self,10044,105.27197265625,0.22,40.626487255096436,residual
reward_intervention,eval/inverted,tf_self,10045,96.6494140625,0.3,45.96829557418823,residual
reward_intervention,eval/inverted,tf_self,10046,114.05995178222656,0.145,36.064998149871826,residual
reward_intervention,eval/inverted,tf_self,10047,81.50859069824219,0.155,82.0436840057373,residual
reward_intervention,eval/inverted,tf_self,10048,133.13160705566406,0.295,26.90248966217041,residual
reward_intervention,eval/inverted,optimal,9999,141.20579528808594,1.0,0.0,residual
reward_intervention,eval/inverted,optimal,10000,160.66639709472656,1.0,0.0,residual
reward_intervention,eval/inverted,optimal,10001,145.31277465820312,1.0,0.0,residual
reward_intervention,eval/inverted,optimal,10002,154.31651306152344,1.0,0.0,residual
reward_intervention,eval/inverted,optimal,10003,159.40057373046875,1.0,0.0,residual
reward_intervention,eval/inverted,optimal,10004,149.41934204101562,1.0,0.0,residual
reward_intervention,eval/inverted,optimal,10005,156.21694946289062,1.0,0.0,residual
reward_intervention,eval/inverted,optimal,10006,145.3865203857422,1.0,0.0,residual
reward_intervention,eval/inverted,optimal,10007,155.88116455078125,1.0,0.0,residual
reward_intervention,eval/inverted,optimal,10008,157.59585571289062,1.0,0.0,residual
reward_intervention,eval/inverted,optimal,10009,153.279296875,1.0,0.0,residual
reward_intervention,eval/inverted,optimal,10010,150.4432373046875,1.0,0.0,residual
reward_intervention,eval/inverted,optimal,10011,154.8956298828125,1.0,0.0,residual
reward_intervention,eval/inverted,optimal,10012,163.3168182373047,1.0,0.0,residual
reward_intervention,eval/inverted,optimal,10013,157.58216857910156,1.0,0.0,residual
reward_intervention,eval/inverted,optimal,10014,153.15005493164062,1.0,0.0,residual
reward_intervention,eval/inverted,optimal,10015,150.13525390625,1.0,0.0,residual
reward_intervention,eval/inverted,optimal,10016,136.85256958007812,1.0,0.0,residual
reward_intervention,eval/inverted,optimal,10017,149.96990966796875,1.0,0.0,residual
reward_intervention,eval/inverted,optimal,10018,145.6324462890625,1.0,0.0,residual
reward_intervention,eval/inverted,optimal,10019,152.00038146972656,1.0,0.0,residual
reward_intervention,eval/inverted,optimal,10020,139.1854248046875,1.0,0.0,residual
reward_intervention,eval/inverted,optimal,10021,146.62905883789062,1.0,0.0,residual
reward_intervention,eval/inverted,optimal,10022,151.38845825195312,1.0,0.0,residual
reward_intervention,eval/inverted,optimal,10023,140.74717712402344,1.0,0.0,residual
reward_intervention,eval/inverted,optimal,10024,145.08932495117188,1.0,0.0,residual
reward_intervention,eval/inverted,optimal,10025,141.3740234375,1.0,0.0,residual
reward_intervention,eval/inverted,optimal,10026,133.78631591796875,1.0,0.0,residual
reward_intervention,eval/inverted,optimal,10027,141.1024169921875,1.0,0.0,residual
reward_intervention,eval/inverted,optimal,10028,158.6577606201172,1.0,0.0,residual
reward_intervention,eval/inverted,optimal,10029,139.73892211914062,1.0,0.0,residual
reward_intervention,eval/inverted,optimal,10030,153.2302703857422,1.0,0.0,residual
reward_intervention,eval/inverted,optimal,10031,148.677001953125,1.0,0.0,residual
reward_intervention,eval/inverted,optimal,10032,118.6419906616211,1.0,0.0,residual
reward_intervention,eval/inverted,optimal,10033,160.3961944580078,1.0,0.0,residual
reward_intervention,eval/inverted,optimal,10034,151.35794067382812,1.0,0.0,residual
reward_intervention,eval/inverted,optimal,10035,167.00559997558594,1.0,0.0,residual
reward_intervention,eval/inverted,optimal,10036,152.4580535888672,1.0,0.0,residual
reward_intervention,eval/inverted,optimal,10037,138.62362670898438,1.0,0.0,residual
reward_intervention,eval/inverted,optimal,10038,139.50601196289062,1.0,0.0,residual
reward_intervention,eval/inverted,optimal,10039,155.94541931152344,1.0,0.0,residual
reward_intervention,eval/inverted,optimal,10040,149.40174865722656,1.0,0.0,residual
reward_intervention,eval/inverted,optimal,10041,143.17428588867188,1.0,0.0,residual
reward_intervention,eval/inverted,optimal,10042,156.06277465820312,1.0,0.0,residual
reward_intervention,eval/inverted,optimal,10043,153.32635498046875,1.0,0.0,residual
reward_intervention,eval/inverted,optimal,10044,144.0423583984375,1.0,0.0,residual
reward_intervention,eval/inverted,optimal,10045,145.1358642578125,1.0,0.0,residual
reward_intervention,eval/inverted,optimal,10046,152.8437042236328,1.0,0.0,residual
reward_intervention,eval/inverted,optimal,10047,164.7223663330078,1.0,0.0,residual
reward_intervention,eval/inverted,optimal,10048,156.09974670410156,1.0,0.0,residual
reward_intervention,eval/inverted,epsgreedy,9999,110.64895629882812,0.175,32.90065383911133,residual
reward_intervention,eval/inverted,epsgreedy,10000,120.84573364257812,0.36,42.59439516067505,residual
reward_intervention,eval/inverted,epsgreedy,10001,99.48368072509766,0.32,48.372039794921875,residual
reward_intervention,eval/inverted,epsgreedy,10002,117.625,0.19,35.70588541030884,residual
reward_intervention,eval/inverted,epsgreedy,10003,116.76414489746094,0.09,44.47616195678711,residual
reward_intervention,eval/inverted,epsgreedy,10004,84.528076171875,0.215,63.67159461975098,residual
reward_intervention,eval/inverted,epsgreedy,10005,77.86618041992188,0.125,80.75712394714355,residual
reward_intervention,eval/inverted,epsgreedy,10006,116.55532836914062,0.38,31.018134117126465,residual
reward_intervention,eval/inverted,epsgreedy,10007,106.82876586914062,0.11,49.32882833480835,residual
reward_intervention,eval/inverted,epsgreedy,10008,117.58805847167969,0.4,41.13453531265259,residual
reward_intervention,eval/inverted,epsgreedy,10009,81.08544158935547,0.13,73.22321701049805,residual
reward_intervention,eval/inverted,epsgreedy,10010,92.60881042480469,0.375,54.303486347198486,residual
reward_intervention,eval/inverted,epsgreedy,10011,102.26119995117188,0.125,53.388033390045166,residual
reward_intervention,eval/inverted,epsgreedy,10012,106.65526580810547,0.285,59.93489217758179,residual
reward_intervention,eval/inverted,epsgreedy,10013,109.07020568847656,0.055,48.681572914123535,residual
reward_intervention,eval/inverted,epsgreedy,10014,100.87367248535156,0.235,52.793068408966064,residual
reward_intervention,eval/inverted,epsgreedy,10015,99.21745300292969,0.12,49.38654279708862,residual
reward_intervention,eval/inverted,epsgreedy,10016,88.5194091796875,0.065,52.647982120513916,residual
reward_intervention,eval/inverted,epsgreedy,10017,111.56259155273438,0.45,37.013856410980225,residual
reward_intervention,eval/inverted,epsgreedy,10018,95.77934265136719,0.255,49.64576292037964,residual
reward_intervention,eval/inverted,epsgreedy,10019,99.30876159667969,0.12,49.79125928878784,residual
reward_intervention,eval/inverted,epsgreedy,10020,91.14015197753906,0.155,49.92386484146118,residual
reward_intervention,eval/inverted,epsgreedy,10021,65.86384582519531,0.24,83.03950071334839,residual
reward_intervention,eval/inverted,epsgreedy,10022,87.92589569091797,0.135,66.49660444259644,residual
reward_intervention,eval/inverted,epsgreedy,10023,87.05500030517578,0.29,53.8107328414917,residual
reward_intervention,eval/inverted,epsgreedy,10024,102.52113342285156,0.235,40.9995698928833,residual
reward_intervention,eval/inverted,epsgreedy,10025,97.99068450927734,0.355,44.820796489715576,residual
reward_intervention,eval/inverted,epsgreedy,10026,113.40237426757812,0.41,21.455662727355957,residual
reward_intervention,eval/inverted,epsgreedy,10027,92.2630615234375,0.345,49.91649150848389,residual
reward_intervention,eval/inverted,epsgreedy,10028,82.45565795898438,0.06,67.1092529296875,residual
reward_intervention,eval/inverted,epsgreedy,10029,102.12373352050781,0.395,42.516908168792725,residual
reward_intervention,eval/inverted,epsgreedy,10030,100.27627563476562,0.14,49.02757215499878,residual
reward_intervention,eval/inverted,epsgreedy,10031,89.50959777832031,0.11,59.167643547058105,residual
reward_intervention,eval/inverted,epsgreedy,10032,86.40880584716797,0.215,37.01003932952881,residual
reward_intervention,eval/inverted,epsgreedy,10033,94.98392486572266,0.305,65.32027387619019,residual
reward_intervention,eval/inverted,epsgreedy,10034,93.94261169433594,0.055,59.657877922058105,residual
reward_intervention,eval/inverted,epsgreedy,10035,93.07798767089844,0.055,74.40325593948364,residual
reward_intervention,eval/inverted,epsgreedy,10036,95.41270446777344,0.265,59.33549976348877,residual
reward_intervention,eval/inverted,epsgreedy,10037,111.68773651123047,0.28,25.735479831695557,residual
reward_intervention,eval/inverted,epsgreedy,10038,107.97412109375,0.285,32.16437864303589,residual
reward_intervention,eval/inverted,epsgreedy,10039,105.16950988769531,0.085,44.94188928604126,residual
reward_intervention,eval/inverted,epsgreedy,10040,100.86434936523438,0.35,52.39476156234741,residual
reward_intervention,eval/inverted,epsgreedy,10041,92.55582427978516,0.29,50.328911781311035,residual
reward_intervention,eval/inverted,epsgreedy,10042,95.4050064086914,0.055,60.60992908477783,residual
reward_intervention,eval/inverted,epsgreedy,10043,75.00086212158203,0.045,79.29792737960815,residual
reward_intervention,eval/inverted,epsgreedy,10044,68.97630310058594,0.045,79.39664649963379,residual
reward_intervention,eval/inverted,epsgreedy,10045,85.00856018066406,0.23,59.35402059555054,residual
reward_intervention,eval/inverted,epsgreedy,10046,89.91860961914062,0.275,60.86587715148926,residual
reward_intervention,eval/inverted,epsgreedy,10047,74.98405456542969,0.04,85.40512990951538,residual
reward_intervention,eval/inverted,epsgreedy,10048,87.69902038574219,0.165,69.53425359725952,residual
reward_intervention,eval/inverted,greedy,9999,116.21321105957031,0.37,28.435359001159668,residual
reward_intervention,eval/inverted,greedy,10000,130.25491333007812,0.405,35.99556541442871,residual
reward_intervention,eval/inverted,greedy,10001,95.36604309082031,0.355,49.389243602752686,residual
reward_intervention,eval/inverted,greedy,10002,130.80764770507812,0.25,22.347784519195557,residual
reward_intervention,eval/inverted,greedy,10003,123.82444763183594,0.335,35.21890115737915,residual
reward_intervention,eval/inverted,greedy,10004,94.44004821777344,0.415,52.037386894226074,residual
reward_intervention,eval/inverted,greedy,10005,97.40565490722656,0.33,62.226232051849365,residual
reward_intervention,eval/inverted,greedy,10006,123.1752700805664,0.435,23.91289710998535,residual
reward_intervention,eval/inverted,greedy,10007,107.86105346679688,0.34,51.13878297805786,residual
reward_intervention,eval/inverted,greedy,10008,119.82283020019531,0.395,40.22409963607788,residual
reward_intervention,eval/inverted,greedy,10009,81.87120056152344,0.105,71.12204265594482,residual
reward_intervention,eval/inverted,greedy,10010,121.81659698486328,0.67,23.706756591796875,residual
reward_intervention,eval/inverted,greedy,10011,119.72193908691406,0.295,37.70997476577759,residual
reward_intervention,eval/inverted,greedy,10012,107.74591064453125,0.3,59.344022274017334,residual
reward_intervention,eval/inverted,greedy,10013,114.51885986328125,0.13,48.790743350982666,residual
reward_intervention,eval/inverted,greedy,10014,97.99967956542969,0.375,59.03838491439819,residual
reward_intervention,eval/inverted,greedy,10015,107.29789733886719,0.185,42.02251482009888,residual
reward_intervention,eval/inverted,greedy,10016,92.34455108642578,0.16,48.51800060272217,residual
reward_intervention,eval/inverted,greedy,10017,101.39767456054688,0.325,45.75541305541992,residual
reward_intervention,eval/inverted,greedy,10018,89.79898071289062,0.21,55.98627758026123,residual
reward_intervention,eval/inverted,greedy,10019,103.77257537841797,0.335,46.31757831573486,residual
reward_intervention,eval/inverted,greedy,10020,111.34803771972656,0.445,25.150556087493896,residual
reward_intervention,eval/inverted,greedy,10021,113.52108001708984,0.685,33.69003486633301,residual
reward_intervention,eval/inverted,greedy,10022,85.93226623535156,0.095,66.84225654602051,residual
reward_intervention,eval/inverted,greedy,10023,85.41986846923828,0.305,54.58752393722534,residual
reward_intervention,eval/inverted,greedy,10024,102.89273071289062,0.275,42.500664710998535,residual
reward_intervention,eval/inverted,greedy,10025,101.37310791015625,0.2,39.579379081726074,residual
reward_intervention,eval/inverted,greedy,10026,112.27884674072266,0.435,21.65011978149414,residual
reward_intervention,eval/inverted,greedy,10027,104.55899047851562,0.4,36.578927993774414,residual
reward_intervention,eval/inverted,greedy,10028,77.26789093017578,0.0,72.8514313697815,residual
reward_intervention,eval/inverted,greedy,10029,105.67686462402344,0.435,32.70052194595337,residual
reward_intervention,eval/inverted,greedy,10030,94.00907897949219,0.0,50.7260856628418,residual
reward_intervention,eval/inverted,greedy,10031,109.38351440429688,0.505,38.67661476135254,residual
reward_intervention,eval/inverted,greedy,10032,94.4428939819336,0.2,26.016778469085693,residual
reward_intervention,eval/inverted,greedy,10033,113.5499496459961,0.24,47.464340686798096,residual
reward_intervention,eval/inverted,greedy,10034,95.77828979492188,0.155,54.81480932235718,residual
reward_intervention,eval/inverted,greedy,10035,90.38232421875,0.045,78.56085729598999,residual
reward_intervention,eval/inverted,greedy,10036,110.94038391113281,0.285,48.42382192611694,residual
reward_intervention,eval/inverted,greedy,10037,119.97256469726562,0.41,20.865209102630615,residual
reward_intervention,eval/inverted,greedy,10038,112.21656799316406,0.31,26.941014289855957,residual
reward_intervention,eval/inverted,greedy,10039,105.12049865722656,0.1,43.71299171447754,residual
reward_intervention,eval/inverted,greedy,10040,111.46609497070312,0.435,42.202693462371826,residual
reward_intervention,eval/inverted,greedy,10041,108.49009704589844,0.41,35.526939868927,residual
reward_intervention,eval/inverted,greedy,10042,120.11172485351562,0.165,34.357868671417236,residual
reward_intervention,eval/inverted,greedy,10043,115.28866577148438,0.475,38.06963872909546,residual
reward_intervention,eval/inverted,greedy,10044,83.68037414550781,0.09,63.39927816390991,residual
reward_intervention,eval/inverted,greedy,10045,91.5732650756836,0.135,53.30200147628784,residual
reward_intervention,eval/inverted,greedy,10046,89.93717956542969,0.26,64.27124834060669,residual
reward_intervention,eval/inverted,greedy,10047,69.25208282470703,0.0,92.7829704284668,residual
reward_intervention,eval/inverted,greedy,10048,82.98728942871094,0.26,73.00773286819458,residual
reward_intervention,eval/inverted,random,9999,104.20384979248047,0.24,41.401740074157715,residual
reward_intervention,eval/inverted,random,10000,110.36770629882812,0.29,51.73642921447754,residual
reward_intervention,eval/inverted,random,10001,101.75326538085938,0.265,45.854233264923096,residual
reward_intervention,eval/inverted,random,10002,108.02197265625,0.285,44.15881681442261,residual
reward_intervention,eval/inverted,random,10003,121.4687728881836,0.325,41.9236798286438,residual
reward_intervention,eval/inverted,random,10004,94.25703430175781,0.24,55.0237340927124,residual
reward_intervention,eval/inverted,random,10005,99.29074096679688,0.27,59.37734937667847,residual
reward_intervention,eval/inverted,random,10006,107.99085235595703,0.325,45.105323791503906,residual
reward_intervention,eval/inverted,random,10007,114.64431762695312,0.23,43.23870801925659,residual
reward_intervention,eval/inverted,random,10008,91.56184387207031,0.195,67.60078716278076,residual
reward_intervention,eval/inverted,random,10009,94.35845184326172,0.19,57.437175273895264,residual
reward_intervention,eval/inverted,random,10010,94.16703796386719,0.24,53.67103862762451,residual
reward_intervention,eval/inverted,random,10011,109.7741928100586,0.22,43.76759099960327,residual
reward_intervention,eval/inverted,random,10012,120.38268280029297,0.27,48.641451358795166,residual
reward_intervention,eval/inverted,random,10013,115.09738159179688,0.25,44.02182483673096,residual
reward_intervention,eval/inverted,random,10014,93.03694915771484,0.275,60.11474609375,residual
reward_intervention,eval/inverted,random,10015,108.04640197753906,0.225,42.38377666473389,residual
reward_intervention,eval/inverted,random,10016,95.12654113769531,0.3,42.387423038482666,residual
reward_intervention,eval/inverted,random,10017,104.27647399902344,0.245,42.414865016937256,residual
reward_intervention,eval/inverted,random,10018,105.53889465332031,0.275,42.61589431762695,residual
reward_intervention,eval/inverted,random,10019,103.39932250976562,0.235,46.22064924240112,residual
reward_intervention,eval/inverted,random,10020,99.56552124023438,0.23,41.07658672332764,residual
reward_intervention,eval/inverted,random,10021,84.97496032714844,0.24,63.445013999938965,residual
reward_intervention,eval/inverted,random,10022,105.95201873779297,0.265,47.555158615112305,residual
reward_intervention,eval/inverted,random,10023,96.10975646972656,0.27,47.89344549179077,residual
reward_intervention,eval/inverted,random,10024,111.04241943359375,0.245,36.56248331069946,residual
reward_intervention,eval/inverted,random,10025,94.43516540527344,0.255,46.36319923400879,residual
reward_intervention,eval/inverted,random,10026,92.69232177734375,0.235,44.182326316833496,residual
reward_intervention,eval/inverted,random,10027,93.04194641113281,0.23,48.355183601379395,residual
reward_intervention,eval/inverted,random,10028,97.2858657836914,0.28,59.88522911071777,residual
reward_intervention,eval/inverted,random,10029,97.01669311523438,0.255,45.86236047744751,residual
reward_intervention,eval/inverted,random,10030,99.0077896118164,0.23,51.50560522079468,residual
reward_intervention,eval/inverted,random,10031,95.68562316894531,0.28,52.28444147109985,residual
reward_intervention,eval/inverted,random,10032,97.1936264038086,0.25,25.51892328262329,residual
reward_intervention,eval/inverted,random,10033,102.43862915039062,0.225,57.66783952713013,residual
reward_intervention,eval/inverted,random,10034,108.78402709960938,0.255,43.42113637924194,residual
reward_intervention,eval/inverted,random,10035,110.596435546875,0.24,57.719101905822754,residual
reward_intervention,eval/inverted,random,10036,105.05601501464844,0.265,45.02997875213623,residual
reward_intervention,eval/inverted,random,10037,102.6802749633789,0.26,33.48616933822632,residual
reward_intervention,eval/inverted,random,10038,100.32266998291016,0.28,39.76910734176636,residual
reward_intervention,eval/inverted,random,10039,111.68927001953125,0.245,38.80545473098755,residual
reward_intervention,eval/inverted,random,10040,101.03496551513672,0.29,50.42936849594116,residual
reward_intervention,eval/inverted,random,10041,94.65486145019531,0.255,46.75653028488159,residual
reward_intervention,eval/inverted,random,10042,107.51129150390625,0.26,47.79604721069336,residual
reward_intervention,eval/inverted,random,10043,97.52403259277344,0.255,55.59163570404053,residual
reward_intervention,eval/inverted,random,10044,95.8270492553711,0.235,51.391879081726074,residual
reward_intervention,eval/inverted,random,10045,93.86679077148438,0.285,52.86617946624756,residual
reward_intervention,eval/inverted,random,10046,108.60939025878906,0.285,44.945844650268555,residual
reward_intervention,eval/inverted,random,10047,99.97389221191406,0.215,63.16008472442627,residual
reward_intervention,eval/inverted,random,10048,106.63331604003906,0.215,52.16561269760132,residual
reward_intervention,contrast/intact,tf_legacy,9999,108.80000305175781,0.52,91.19998168945312,residual
reward_intervention,contrast/intact,tf_legacy,10000,73.6500015258789,0.335,126.34997463226318,residual
reward_intervention,contrast/intact,tf_legacy,10001,40.399993896484375,0.16,159.6000270843506,residual
reward_intervention,contrast/intact,tf_legacy,10002,77.44999694824219,0.355,122.549973487854,residual
reward_intervention,contrast/intact,tf_legacy,10003,54.650001525878906,0.235,145.34997081756592,residual
reward_intervention,contrast/intact,tf_legacy,10004,75.55000305175781,0.345,124.44997501373291,residual
reward_intervention,contrast/intact,tf_legacy,10005,29.949996948242188,0.105,170.04996585845947,residual
reward_intervention,contrast/intact,tf_legacy,10006,10.000001907348633,0.0,189.99996185302734,residual
reward_intervention,contrast/intact,tf_legacy,10007,75.55000305175781,0.345,124.45000076293945,residual
reward_intervention,contrast/intact,tf_legacy,10008,69.8499984741211,0.315,130.14997386932373,residual
reward_intervention,contrast/intact,tf_legacy,10009,11.900001525878906,0.01,188.09997272491455,residual
reward_intervention,contrast/intact,tf_legacy,10010,43.24999237060547,0.175,156.74996852874756,residual
reward_intervention,contrast/intact,tf_legacy,10011,33.749996185302734,0.125,166.25007915496826,residual
reward_intervention,contrast/intact,tf_legacy,10012,98.35000610351562,0.465,101.65002727508545,residual
reward_intervention,contrast/intact,tf_legacy,10013,33.75,0.125,166.24996662139893,residual
reward_intervention,contrast/intact,tf_legacy,10014,84.10000610351562,0.39,115.89997673034668,residual
reward_intervention,contrast/intact,tf_legacy,10015,79.3499984741211,0.365,120.64997577667236,residual
reward_intervention,contrast/intact,tf_legacy,10016,77.44999694824219,0.355,122.54997539520264,residual
reward_intervention,contrast/intact,tf_legacy,10017,105.95001220703125,0.505,94.05003452301025,residual
reward_intervention,contrast/intact,tf_legacy,10018,10.950000762939453,0.005,189.04996871948242,residual
reward_intervention,contrast/intact,tf_legacy,10019,46.099998474121094,0.19,153.89996910095215,residual
reward_intervention,contrast/intact,tf_legacy,10020,63.20000076293945,0.28,136.7999973297119,residual
reward_intervention,contrast/intact,tf_legacy,10021,58.44999694824219,0.255,141.54997158050537,residual
reward_intervention,contrast/intact,tf_legacy,10022,92.65000915527344,0.435,107.35002040863037,residual
reward_intervention,contrast/intact,tf_legacy,10023,74.60000610351562,0.34,125.4000654220581,residual
reward_intervention,contrast/intact,tf_legacy,10024,54.64999771118164,0.235,145.34997081756592,residual
reward_intervention,contrast/intact,tf_legacy,10025,101.20000457763672,0.48,98.79998016357422,residual
reward_intervention,contrast/intact,tf_legacy,10026,57.499996185302734,0.25,142.4999713897705,residual
reward_intervention,contrast/intact,tf_legacy,10027,86.0,0.4,113.9999771118164,residual
reward_intervention,contrast/intact,tf_legacy,10028,103.10000610351562,0.49,96.89998054504395,residual
reward_intervention,contrast/intact,tf_legacy,10029,54.650001525878906,0.235,145.34997081756592,residual
reward_intervention,contrast/intact,tf_legacy,10030,125.9000015258789,0.61,74.09998512268066,residual
reward_intervention,contrast/intact,tf_legacy,10031,32.79999542236328,0.12,167.19996643066406,residual
reward_intervention,contrast/intact,tf_legacy,10032,48.94999694824219,0.205,151.0500545501709,residual
reward_intervention,contrast/intact,tf_legacy,10033,55.599998474121094,0.24,144.40003204345703,residual
reward_intervention,contrast/intact,tf_legacy,10034,69.8499984741211,0.315,130.14997386932373,residual
reward_intervention,contrast/intact,tf_legacy,10035,10.000001907348633,0.0,190.00004196166992,residual
reward_intervention,contrast/intact,tf_legacy,10036,47.04999542236328,0.195,152.94998931884766,residual
reward_intervention,contrast/intact,tf_legacy,10037,31.849998474121094,0.115,168.15000915527344,residual
reward_intervention,contrast/intact,tf_legacy,10038,49.899993896484375,0.21,150.0999698638916,residual
reward_intervention,contrast/intact,tf_legacy,10039,50.849998474121094,0.215,149.14999961853027,residual
reward_intervention,contrast/intact,tf_legacy,10040,94.55000305175781,0.445,105.45004558563232,residual
reward_intervention,contrast/intact,tf_legacy,10041,110.70000457763672,0.53,89.29998207092285,residual
reward_intervention,contrast/intact,tf_legacy,10042,77.45000457763672,0.355,122.550048828125,residual
reward_intervention,contrast/intact,tf_legacy,10043,38.5,0.15,161.49996757507324,residual
reward_intervention,contrast/intact,tf_legacy,10044,71.75,0.325,128.24997425079346,residual
reward_intervention,contrast/intact,tf_legacy,10045,66.05000305175781,0.295,133.95003986358643,residual
reward_intervention,contrast/intact,tf_legacy,10046,36.599998474121094,0.14,163.39996719360352,residual
reward_intervention,contrast/intact,tf_legacy,10047,89.80000305175781,0.42,110.20005893707275,residual
reward_intervention,contrast/intact,tf_legacy,10048,51.79999542236328,0.22,148.19997024536133,residual
reward_intervention,contrast/intact,tf_self,9999,44.19999694824219,0.18,155.79996871948242,residual
reward_intervention,contrast/intact,tf_self,10000,74.60000610351562,0.34,125.39997482299805,residual
reward_intervention,contrast/intact,tf_self,10001,33.74999237060547,0.125,166.25002574920654,residual
reward_intervention,contrast/intact,tf_self,10002,82.19999694824219,0.38,117.79997825622559,residual
reward_intervention,contrast/intact,tf_self,10003,57.5,0.25,142.4999713897705,residual
reward_intervention,contrast/intact,tf_self,10004,54.64999771118164,0.235,145.34997081756592,residual
reward_intervention,contrast/intact,tf_self,10005,10.000001907348633,0.0,189.99996185302734,residual
reward_intervention,contrast/intact,tf_self,10006,10.000001907348633,0.0,189.99996185302734,residual
reward_intervention,contrast/intact,tf_self,10007,116.40000915527344,0.56,83.60000228881836,residual
reward_intervention,contrast/intact,tf_self,10008,10.000001907348633,0.0,189.99996185302734,residual
reward_intervention,contrast/intact,tf_self,10009,10.000001907348633,0.0,189.99998378753662,residual
reward_intervention,contrast/intact,tf_self,10010,10.000001907348633,0.0,189.99996185302734,residual
reward_intervention,contrast/intact,tf_self,10011,28.049999237060547,0.095,171.95009803771973,residual
reward_intervention,contrast/intact,tf_self,10012,68.9000015258789,0.31,131.1000165939331,residual
reward_intervention,contrast/intact,tf_self,10013,10.000001907348633,0.0,189.99996185302734,residual
reward_intervention,contrast/intact,tf_self,10014,87.90000915527344,0.41,112.09997749328613,residual
reward_intervention,contrast/intact,tf_self,10015,101.19999694824219,0.48,98.79998016357422,residual
reward_intervention,contrast/intact,tf_self,10016,77.44999694824219,0.355,122.54997539520264,residual
reward_intervention,contrast/intact,tf_self,10017,126.85000610351562,0.615,73.15001106262207,residual
reward_intervention,contrast/intact,tf_self,10018,10.000001907348633,0.0,189.9999704360962,residual
reward_intervention,contrast/intact,tf_self,10019,57.5,0.25,142.4999713897705,residual
reward_intervention,contrast/intact,tf_self,10020,114.50000762939453,0.55,85.50003719329834,residual
reward_intervention,contrast/intact,tf_self,10021,81.25,0.375,118.74997615814209,residual
reward_intervention,contrast/intact,tf_self,10022,48.94999694824219,0.205,151.05002212524414,residual
reward_intervention,contrast/intact,tf_self,10023,40.39999771118164,0.16,159.60005950927734,residual
reward_intervention,contrast/intact,tf_self,10024,48.0,0.2,151.99996948242188,residual
reward_intervention,contrast/intact,tf_self,10025,43.249996185302734,0.175,156.74996852874756,residual
reward_intervention,contrast/intact,tf_self,10026,104.05000305175781,0.495,95.94998073577881,residual
reward_intervention,contrast/intact,tf_self,10027,59.399993896484375,0.26,140.59997177124023,residual
reward_intervention,contrast/intact,tf_self,10028,63.20000076293945,0.28,136.7999725341797,residual
reward_intervention,contrast/intact,tf_self,10029,53.69999694824219,0.23,146.29997062683105,residual
reward_intervention,contrast/intact,tf_self,10030,25.199996948242188,0.08,174.79996490478516,residual
reward_intervention,contrast/intact,tf_self,10031,106.90000915527344,0.51,93.0999813079834,residual
reward_intervention,contrast/intact,tf_self,10032,25.199995040893555,0.08,174.80005550384521,residual
reward_intervention,contrast/intact,tf_self,10033,56.54999542236328,0.245,143.45002841949463,residual
reward_intervention,contrast/intact,tf_self,10034,75.55000305175781,0.345,124.44997501373291,residual
reward_intervention,contrast/intact,tf_self,10035,10.000001907348633,0.0,190.0000514984131,residual
reward_intervention,contrast/intact,tf_self,10036,46.099998474121094,0.19,153.89998817443848,residual
reward_intervention,contrast/intact,tf_self,10037,29.949996948242188,0.105,170.04999923706055,residual
reward_intervention,contrast/intact,tf_self,10038,59.399993896484375,0.26,140.59997177124023,residual
reward_intervention,contrast/intact,tf_self,10039,50.849998474121094,0.215,149.14999961853027,residual
reward_intervention,contrast/intact,tf_self,10040,107.85000610351562,0.515,92.15006160736084,residual
reward_intervention,contrast/intact,tf_self,10041,42.29999542236328,0.17,157.6999683380127,residual
reward_intervention,contrast/intact,tf_self,10042,84.10000610351562,0.39,115.90003681182861,residual
reward_intervention,contrast/intact,tf_self,10043,50.849998474121094,0.215,149.14997005462646,residual
reward_intervention,contrast/intact,tf_self,10044,69.85000610351562,0.315,130.14997386932373,residual
reward_intervention,contrast/intact,tf_self,10045,28.999996185302734,0.1,171.00009155273438,residual
reward_intervention,contrast/intact,tf_self,10046,22.349998474121094,0.065,177.64996433258057,residual
reward_intervention,contrast/intact,tf_self,10047,46.099998474121094,0.19,153.9000883102417,residual
reward_intervention,contrast/intact,tf_self,10048,31.84999656677246,0.115,168.14998245239258,residual
reward_intervention,contrast/intact,optimal,9999,200.0,1.0,0.0,residual
reward_intervention,contrast/intact,optimal,10000,200.0,1.0,0.0,residual
reward_intervention,contrast/intact,optimal,10001,200.0,1.0,0.0,residual
reward_intervention,contrast/intact,optimal,10002,200.0,1.0,0.0,residual
reward_intervention,contrast/intact,optimal,10003,200.0,1.0,0.0,residual
reward_intervention,contrast/intact,optimal,10004,200.0,1.0,0.0,residual
reward_intervention,contrast/intact,optimal,10005,200.0,1.0,0.0,residual
reward_intervention,contrast/intact,optimal,10006,200.0,1.0,0.0,residual
reward_intervention,contrast/intact,optimal,10007,200.0,1.0,0.0,residual
reward_intervention,contrast/intact,optimal,10008,200.0,1.0,0.0,residual
reward_intervention,contrast/intact,optimal,10009,200.0,1.0,0.0,residual
reward_intervention,contrast/intact,optimal,10010,200.0,1.0,0.0,residual
reward_intervention,contrast/intact,optimal,10011,200.0,1.0,0.0,residual
reward_intervention,contrast/intact,optimal,10012,200.0,1.0,0.0,residual
reward_intervention,contrast/intact,optimal,10013,200.0,1.0,0.0,residual
reward_intervention,contrast/intact,optimal,10014,200.0,1.0,0.0,residual
reward_intervention,contrast/intact,optimal,10015,200.0,1.0,0.0,residual
reward_intervention,contrast/intact,optimal,10016,200.0,1.0,0.0,residual
reward_intervention,contrast/intact,optimal,10017,200.0,1.0,0.0,residual
reward_intervention,contrast/intact,optimal,10018,200.0,1.0,0.0,residual
reward_intervention,contrast/intact,optimal,10019,200.0,1.0,0.0,residual
reward_intervention,contrast/intact,optimal,10020,200.0,1.0,0.0,residual
reward_intervention,contrast/intact,optimal,10021,200.0,1.0,0.0,residual
reward_intervention,contrast/intact,optimal,10022,200.0,1.0,0.0,residual
reward_intervention,contrast/intact,optimal,10023,200.0,1.0,0.0,residual
reward_intervention,contrast/intact,optimal,10024,200.0,1.0,0.0,residual
reward_intervention,contrast/intact,optimal,10025,200.0,1.0,0.0,residual
reward_intervention,contrast/intact,optimal,10026,200.0,1.0,0.0,residual
reward_intervention,contrast/intact,optimal,10027,200.0,1.0,0.0,residual
reward_intervention,contrast/intact,optimal,10028,200.0,1.0,0.0,residual
reward_intervention,contrast/intact,optimal,10029,200.0,1.0,0.0,residual
reward_intervention,contrast/intact,optimal,10030,200.0,1.0,0.0,residual
reward_intervention,contrast/intact,optimal,10031,200.0,1.0,0.0,residual
reward_intervention,contrast/intact,optimal,10032,200.0,1.0,0.0,residual
reward_intervention,contrast/intact,optimal,10033,200.0,1.0,0.0,residual
reward_intervention,contrast/intact,optimal,10034,200.0,1.0,0.0,residual
reward_intervention,contrast/intact,optimal,10035,200.0,1.0,0.0,residual
reward_intervention,contrast/intact,optimal,10036,200.0,1.0,0.0,residual
reward_intervention,contrast/intact,optimal,10037,200.0,1.0,0.0,residual
reward_intervention,contrast/intact,optimal,10038,200.0,1.0,0.0,residual
reward_intervention,contrast/intact,optimal,10039,200.0,1.0,0.0,residual
reward_intervention,contrast/intact,optimal,10040,200.0,1.0,0.0,residual
reward_intervention,contrast/intact,optimal,10041,200.0,1.0,0.0,residual
reward_intervention,contrast/intact,optimal,10042,200.0,1.0,0.0,residual
reward_intervention,contrast/intact,optimal,10043,200.0,1.0,0.0,residual
reward_intervention,contrast/intact,optimal,10044,200.0,1.0,0.0,residual
reward_intervention,contrast/intact,optimal,10045,200.0,1.0,0.0,residual
reward_intervention,contrast/intact,optimal,10046,200.0,1.0,0.0,residual
reward_intervention,contrast/intact,optimal,10047,200.0,1.0,0.0,residual
reward_intervention,contrast/intact,optimal,10048,200.0,1.0,0.0,residual
reward_intervention,contrast/intact,epsgreedy,9999,70.79999542236328,0.32,129.1999740600586,residual
reward_intervention,contrast/intact,epsgreedy,10000,84.10000610351562,0.39,115.89997673034668,residual
reward_intervention,contrast/intact,epsgreedy,10001,111.65000915527344,0.535,88.3500108718872,residual
reward_intervention,contrast/intact,epsgreedy,10002,73.6500015258789,0.335,126.34999561309814,residual
reward_intervention,contrast/intact,epsgreedy,10003,82.19999694824219,0.38,117.79997634887695,residual
reward_intervention,contrast/intact,epsgreedy,10004,116.4000015258789,0.56,83.59998321533203,residual
reward_intervention,contrast/intact,epsgreedy,10005,105.95000457763672,0.505,94.04998111724854,residual
reward_intervention,contrast/intact,epsgreedy,10006,80.30000305175781,0.37,119.69997596740723,residual
reward_intervention,contrast/intact,epsgreedy,10007,74.60000610351562,0.34,125.40003681182861,residual
reward_intervention,contrast/intact,epsgreedy,10008,94.55000305175781,0.445,105.44997882843018,residual
reward_intervention,contrast/intact,epsgreedy,10009,124.00000762939453,0.6,75.9999942779541,residual
reward_intervention,contrast/intact,epsgreedy,10010,150.60000610351562,0.74,49.39999008178711,residual
reward_intervention,contrast/intact,epsgreedy,10011,77.45000457763672,0.355,122.55003261566162,residual
reward_intervention,contrast/intact,epsgreedy,10012,86.0,0.4,114.00003433227539,residual
reward_intervention,contrast/intact,epsgreedy,10013,84.10000610351562,0.39,115.89997673034668,residual
reward_intervention,contrast/intact,epsgreedy,10014,118.30001068115234,0.57,81.69998359680176,residual
reward_intervention,contrast/intact,epsgreedy,10015,73.6500015258789,0.335,126.34997463226318,residual
reward_intervention,contrast/intact,epsgreedy,10016,74.5999984741211,0.34,125.39997482299805,residual
reward_intervention,contrast/intact,epsgreedy,10017,109.75,0.525,90.25001811981201,residual
reward_intervention,contrast/intact,epsgreedy,10018,82.19999694824219,0.38,117.79997825622559,residual
reward_intervention,contrast/intact,epsgreedy,10019,94.55000305175781,0.445,105.44997882843018,residual
reward_intervention,contrast/intact,epsgreedy,10020,84.0999984741211,0.39,115.90002059936523,residual
reward_intervention,contrast/intact,epsgreedy,10021,66.05000305175781,0.295,133.94997310638428,residual
reward_intervention,contrast/intact,epsgreedy,10022,44.20000076293945,0.18,155.80008125305176,residual
reward_intervention,contrast/intact,epsgreedy,10023,84.10000610351562,0.39,115.9000415802002,residual
reward_intervention,contrast/intact,epsgreedy,10024,74.5999984741211,0.34,125.39998054504395,residual
reward_intervention,contrast/intact,epsgreedy,10025,73.6500015258789,0.335,126.34997463226318,residual
reward_intervention,contrast/intact,epsgreedy,10026,117.35000610351562,0.565,82.64998435974121,residual
reward_intervention,contrast/intact,epsgreedy,10027,118.30000305175781,0.57,81.69998359680176,residual
reward_intervention,contrast/intact,epsgreedy,10028,101.19999694824219,0.48,98.8000078201294,residual
reward_intervention,contrast/intact,epsgreedy,10029,51.79999542236328,0.22,148.19997024536133,residual
reward_intervention,contrast/intact,epsgreedy,10030,126.85000610351562,0.615,73.14998531341553,residual
reward_intervention,contrast/intact,epsgreedy,10031,158.20001220703125,0.78,41.799991607666016,residual
reward_intervention,contrast/intact,epsgreedy,10032,130.65000915527344,0.635,69.35001754760742,residual
reward_intervention,contrast/intact,epsgreedy,10033,111.6500015258789,0.535,88.34998226165771,residual
reward_intervention,contrast/intact,epsgreedy,10034,87.9000015258789,0.41,112.09997749328613,residual
reward_intervention,contrast/intact,epsgreedy,10035,105.00000762939453,0.5,95.00004005432129,residual
reward_intervention,contrast/intact,epsgreedy,10036,92.6500015258789,0.435,107.34998321533203,residual
reward_intervention,contrast/intact,epsgreedy,10037,56.55000305175781,0.245,143.45001983642578,residual
reward_intervention,contrast/intact,epsgreedy,10038,68.9000015258789,0.31,131.09997367858887,residual
reward_intervention,contrast/intact,epsgreedy,10039,89.80000305175781,0.42,110.19997978210449,residual
reward_intervention,contrast/intact,epsgreedy,10040,106.90000915527344,0.51,93.10006046295166,residual
reward_intervention,contrast/intact,epsgreedy,10041,67.0,0.3,132.99997329711914,residual
reward_intervention,contrast/intact,epsgreedy,10042,90.75,0.425,109.25006484985352,residual
reward_intervention,contrast/intact,epsgreedy,10043,84.0999984741211,0.39,115.89997673034668,residual
reward_intervention,contrast/intact,epsgreedy,10044,103.10000610351562,0.49,96.89998435974121,residual
reward_intervention,contrast/intact,epsgreedy,10045,51.80000305175781,0.22,148.20002937316895,residual
reward_intervention,contrast/intact,epsgreedy,10046,113.55000305175781,0.545,86.44998264312744,residual
reward_intervention,contrast/intact,epsgreedy,10047,83.15000915527344,0.385,116.85005855560303,residual
reward_intervention,contrast/intact,epsgreedy,10048,84.0999984741211,0.39,115.90001964569092,residual
reward_intervention,contrast/intact,greedy,9999,35.64999771118164,0.135,164.34996700286865,residual
reward_intervention,contrast/intact,greedy,10000,81.25,0.375,118.74997615814209,residual
reward_intervention,contrast/intact,greedy,10001,98.35000610351562,0.465,101.65001106262207,residual
reward_intervention,contrast/intact,greedy,10002,109.75000762939453,0.525,90.25000858306885,residual
reward_intervention,contrast/intact,greedy,10003,83.1500015258789,0.385,116.84997653961182,residual
reward_intervention,contrast/intact,greedy,10004,35.64999771118164,0.135,164.34996700286865,residual
reward_intervention,contrast/intact,greedy,10005,23.299997329711914,0.07,176.69996452331543,residual
reward_intervention,contrast/intact,greedy,10006,80.30000305175781,0.37,119.69997596740723,residual
reward_intervention,contrast/intact,greedy,10007,99.30000305175781,0.47,100.70003128051758,residual
reward_intervention,contrast/intact,greedy,10008,51.79999923706055,0.22,148.19997024536133,residual
reward_intervention,contrast/intact,greedy,10009,54.64999771118164,0.235,145.35000228881836,residual
reward_intervention,contrast/intact,greedy,10010,122.10000610351562,0.59,77.89998435974121,residual
reward_intervention,contrast/intact,greedy,10011,45.14999771118164,0.185,154.850022315979,residual
reward_intervention,contrast/intact,greedy,10012,59.400001525878906,0.26,140.60009002685547,residual
reward_intervention,contrast/intact,greedy,10013,66.04999542236328,0.295,133.94997310638428,residual
reward_intervention,contrast/intact,greedy,10014,63.19999313354492,0.28,136.7999725341797,residual
reward_intervention,contrast/intact,greedy,10015,10.000001907348633,0.0,189.99996185302734,residual
reward_intervention,contrast/intact,greedy,10016,32.79999542236328,0.12,167.19996643066406,residual
reward_intervention,contrast/intact,greedy,10017,61.29999542236328,0.27,138.7000608444214,residual
reward_intervention,contrast/intact,greedy,10018,76.5,0.35,123.49997520446777,residual
reward_intervention,contrast/intact,greedy,10019,46.099998474121094,0.19,153.89996910095215,residual
reward_intervention,contrast/intact,greedy,10020,43.249996185302734,0.175,156.74999332427979,residual
reward_intervention,contrast/intact,greedy,10021,10.000001907348633,0.0,189.99996185302734,residual
reward_intervention,contrast/intact,greedy,10022,19.5,0.05,180.50008583068848,residual
reward_intervention,contrast/intact,greedy,10023,50.84999465942383,0.215,149.15002822875977,residual
reward_intervention,contrast/intact,greedy,10024,34.69999694824219,0.13,165.29998779296875,residual
reward_intervention,contrast/intact,greedy,10025,65.0999984741211,0.29,134.8999729156494,residual
reward_intervention,contrast/intact,greedy,10026,103.10000610351562,0.49,96.89998054504395,residual
reward_intervention,contrast/intact,greedy,10027,95.5,0.45,104.49997901916504,residual
reward_intervention,contrast/intact,greedy,10028,94.55000305175781,0.445,105.44997882843018,residual
reward_intervention,contrast/intact,greedy,10029,37.54999542236328,0.145,162.44996738433838,residual
reward_intervention,contrast/intact,greedy,10030,51.79999542236328,0.22,148.19997024536133,residual
reward_intervention,contrast/intact,greedy,10031,93.60000610351562,0.44,106.39997863769531,residual
reward_intervention,contrast/intact,greedy,10032,40.39999771118164,0.16,159.60004711151123,residual
reward_intervention,contrast/intact,greedy,10033,70.80000305175781,0.32,129.19999885559082,residual
reward_intervention,contrast/intact,greedy,10034,64.1500015258789,0.285,135.84997272491455,residual
reward_intervention,contrast/intact,greedy,10035,84.0999984741211,0.39,115.90003395080566,residual
reward_intervention,contrast/intact,greedy,10036,73.6500015258789,0.335,126.3499927520752,residual
reward_intervention,contrast/intact,greedy,10037,10.000001907348633,0.0,190.0000171661377,residual
reward_intervention,contrast/intact,greedy,10038,30.89999771118164,0.11,169.09996604919434,residual
reward_intervention,contrast/intact,greedy,10039,67.0,0.3,132.99997329711914,residual
reward_intervention,contrast/intact,greedy,10040,57.5,0.25,142.5000638961792,residual
reward_intervention,contrast/intact,greedy,10041,42.29999542236328,0.17,157.6999683380127,residual
reward_intervention,contrast/intact,greedy,10042,25.199996948242188,0.08,174.80006217956543,residual
reward_intervention,contrast/intact,greedy,10043,65.0999984741211,0.29,134.8999729156494,residual
reward_intervention,contrast/intact,greedy,10044,96.45000457763672,0.455,103.5499792098999,residual
reward_intervention,contrast/intact,greedy,10045,32.79999542236328,0.12,167.20010375976562,residual
reward_intervention,contrast/intact,greedy,10046,91.70000457763672,0.43,108.29997825622559,residual
reward_intervention,contrast/intact,greedy,10047,68.89999389648438,0.31,131.1000623703003,residual
reward_intervention,contrast/intact,greedy,10048,29.949996948242188,0.105,170.0500144958496,residual
reward_intervention,contrast/intact,random,9999,66.04999542236328,0.295,133.94997310638428,residual
reward_intervention,contrast/intact,random,10000,53.69999694824219,0.23,146.29997062683105,residual
reward_intervention,contrast/intact,random,10001,58.44999694824219,0.255,141.55001544952393,residual
reward_intervention,contrast/intact,random,10002,50.849998474121094,0.215,149.14999675750732,residual
reward_intervention,contrast/intact,random,10003,57.499996185302734,0.25,142.4999713897705,residual
reward_intervention,contrast/intact,random,10004,62.25,0.275,137.74997234344482,residual
reward_intervention,contrast/intact,random,10005,64.14999389648438,0.285,135.84997272491455,residual
reward_intervention,contrast/intact,random,10006,61.29999923706055,0.27,138.69997215270996,residual
reward_intervention,contrast/intact,random,10007,61.30000305175781,0.27,138.70005893707275,residual
reward_intervention,contrast/intact,random,10008,59.399993896484375,0.26,140.59997177124023,residual
reward_intervention,contrast/intact,random,10009,50.849998474121094,0.215,149.14999294281006,residual
reward_intervention,contrast/intact,random,10010,49.899993896484375,0.21,150.0999698638916,residual
reward_intervention,contrast/intact,random,10011,53.69999694824219,0.23,146.30006980895996,residual
reward_intervention,contrast/intact,random,10012,65.0999984741211,0.29,134.90003108978271,residual
reward_intervention,contrast/intact,random,10013,55.599998474121094,0.24,144.39997100830078,residual
reward_intervention,contrast/intact,random,10014,57.499996185302734,0.25,142.49997806549072,residual
reward_intervention,contrast/intact,random,10015,49.899993896484375,0.21,150.0999698638916,residual
reward_intervention,contrast/intact,random,10016,56.54999542236328,0.245,143.44997119903564,residual
reward_intervention,contrast/intact,random,10017,51.79999542236328,0.22,148.20003032684326,residual
reward_intervention,contrast/intact,random,10018,64.14999389648438,0.285,135.84997653961182,residual
reward_intervention,contrast/intact,random,10019,61.29999542236328,0.27,138.69997215270996,residual
reward_intervention,contrast/intact,random,10020,67.94999694824219,0.305,132.0500202178955,residual
reward_intervention,contrast/intact,random,10021,53.69999694824219,0.23,146.29997062683105,residual
reward_intervention,contrast/intact,random,10022,60.349998474121094,0.265,139.6500539779663,residual
reward_intervention,contrast/intact,random,10023,54.650001525878906,0.235,145.3500270843506,residual
reward_intervention,contrast/intact,random,10024,54.64999771118164,0.235,145.34998035430908,residual
reward_intervention,contrast/intact,random,10025,55.599998474121094,0.24,144.39997100830078,residual
reward_intervention,contrast/intact,random,10026,48.94999694824219,0.205,151.04997444152832,residual
reward_intervention,contrast/intact,random,10027,57.499996185302734,0.25,142.4999713897705,residual
reward_intervention,contrast/intact,random,10028,58.44999694824219,0.255,141.54998397827148,residual
reward_intervention,contrast/intact,random,10029,57.499996185302734,0.25,142.4999713897705,residual
reward_intervention,contrast/intact,random,10030,68.9000015258789,0.31,131.09997367858887,residual
reward_intervention,contrast/intact,random,10031,59.399993896484375,0.26,140.59997177124023,residual
reward_intervention,contrast/intact,random,10032,53.69999694824219,0.23,146.30005264282227,residual
reward_intervention,contrast/intact,random,10033,50.849998474121094,0.215,149.15002155303955,residual
reward_intervention,contrast/intact,random,10034,55.599998474121094,0.24,144.39997100830078,residual
reward_intervention,contrast/intact,random,10035,54.649993896484375,0.235,145.35002613067627,residual
reward_intervention,contrast/intact,random,10036,64.1500015258789,0.285,135.84998226165771,residual
reward_intervention,contrast/intact,random,10037,56.55000305175781,0.245,143.45002841949463,residual
reward_intervention,contrast/intact,random,10038,48.94999694824219,0.205,151.04996967315674,residual
reward_intervention,contrast/intact,random,10039,58.44999694824219,0.255,141.5499963760376,residual
reward_intervention,contrast/intact,random,10040,53.69999694824219,0.23,146.30006217956543,residual
reward_intervention,contrast/intact,random,10041,54.64999771118164,0.235,145.34997081756592,residual
reward_intervention,contrast/intact,random,10042,62.25,0.275,137.75006771087646,residual
reward_intervention,contrast/intact,random,10043,59.399993896484375,0.26,140.59997177124023,residual
reward_intervention,contrast/intact,random,10044,55.599998474121094,0.24,144.39999103546143,residual
reward_intervention,contrast/intact,random,10045,46.09999465942383,0.19,153.9000473022461,residual
reward_intervention,contrast/intact,random,10046,59.40000534057617,0.26,140.59997177124023,residual
reward_intervention,contrast/intact,random,10047,57.499996185302734,0.25,142.50008487701416,residual
reward_intervention,contrast/intact,random,10048,45.14999771118164,0.185,154.85002613067627,residual
reward_intervention,contrast/zeroed,tf_legacy,9999,131.60000610351562,0.64,68.39998626708984,residual
reward_intervention,contrast/zeroed,tf_legacy,10000,50.84999465942383,0.215,149.14997005462646,residual
reward_intervention,contrast/zeroed,tf_legacy,10001,74.60000610351562,0.34,125.40000438690186,residual
reward_intervention,contrast/zeroed,tf_legacy,10002,60.34999465942383,0.265,139.65000438690186,residual
reward_intervention,contrast/zeroed,tf_legacy,10003,43.25,0.175,156.74996852874756,residual
reward_intervention,contrast/zeroed,tf_legacy,10004,86.94999694824219,0.405,113.04997730255127,residual
reward_intervention,contrast/zeroed,tf_legacy,10005,43.249996185302734,0.175,156.74996852874756,residual
reward_intervention,contrast/zeroed,tf_legacy,10006,14.749998092651367,0.025,185.24996280670166,residual
reward_intervention,contrast/zeroed,tf_legacy,10007,25.19999885559082,0.08,174.80006790161133,residual
reward_intervention,contrast/zeroed,tf_legacy,10008,88.85000610351562,0.415,111.149977684021,residual
reward_intervention,contrast/zeroed,tf_legacy,10009,65.10000610351562,0.29,134.8999948501587,residual
reward_intervention,contrast/zeroed,tf_legacy,10010,33.749996185302734,0.125,166.24996662139893,residual
reward_intervention,contrast/zeroed,tf_legacy,10011,54.64999771118164,0.235,145.35003566741943,residual
reward_intervention,contrast/zeroed,tf_legacy,10012,110.70000457763672,0.53,89.30003452301025,residual
reward_intervention,contrast/zeroed,tf_legacy,10013,11.90000057220459,0.01,188.09996223449707,residual
reward_intervention,contrast/zeroed,tf_legacy,10014,70.79999542236328,0.32,129.1999740600586,residual
reward_intervention,contrast/zeroed,tf_legacy,10015,30.899995803833008,0.11,169.09996604919434,residual
reward_intervention,contrast/zeroed,tf_legacy,10016,136.35000610351562,0.665,63.64998722076416,residual
reward_intervention,contrast/zeroed,tf_legacy,10017,88.85000610351562,0.415,111.1500072479248,residual
reward_intervention,contrast/zeroed,tf_legacy,10018,49.89999771118164,0.21,150.09997081756592,residual
reward_intervention,contrast/zeroed,tf_legacy,10019,13.799999237060547,0.02,186.1999626159668,residual
reward_intervention,contrast/zeroed,tf_legacy,10020,52.75,0.225,147.24999713897705,residual
reward_intervention,contrast/zeroed,tf_legacy,10021,53.69999694824219,0.23,146.29997062683105,residual
reward_intervention,contrast/zeroed,tf_legacy,10022,102.15000915527344,0.485,97.8500747680664,residual
reward_intervention,contrast/zeroed,tf_legacy,10023,101.20000457763672,0.48,98.80006885528564,residual
reward_intervention,contrast/zeroed,tf_legacy,10024,88.8499984741211,0.415,111.149977684021,residual
reward_intervention,contrast/zeroed,tf_legacy,10025,66.04999542236328,0.295,133.94997310638428,residual
reward_intervention,contrast/zeroed,tf_legacy,10026,58.44999694824219,0.255,141.54998302459717,residual
reward_intervention,contrast/zeroed,tf_legacy,10027,115.44999694824219,0.555,84.54998302459717,residual
reward_intervention,contrast/zeroed,tf_legacy,10028,97.40000915527344,0.46,102.59997940063477,residual
reward_intervention,contrast/zeroed,tf_legacy,10029,36.599998474121094,0.14,163.39996719360352,residual
reward_intervention,contrast/zeroed,tf_legacy,10030,105.0,0.5,94.99998092651367,residual
reward_intervention,contrast/zeroed,tf_legacy,10031,67.0,0.3,132.99997329711914,residual
reward_intervention,contrast/zeroed,tf_legacy,10032,21.399999618530273,0.06,178.600079536438,residual
reward_intervention,contrast/zeroed,tf_legacy,10033,60.34999465942383,0.265,139.64999866485596,residual
reward_intervention,contrast/zeroed,tf_legacy,10034,85.05000305175781,0.395,114.94997692108154,residual
reward_intervention,contrast/zeroed,tf_legacy,10035,11.90000057220459,0.01,188.1000280380249,residual
reward_intervention,contrast/zeroed,tf_legacy,10036,21.39999771118164,0.06,178.59998607635498,residual
reward_intervention,contrast/zeroed,tf_legacy,10037,15.699999809265137,0.03,184.30003547668457,residual
reward_intervention,contrast/zeroed,tf_legacy,10038,21.39999771118164,0.06,178.5999641418457,residual
reward_intervention,contrast/zeroed,tf_legacy,10039,37.54999542236328,0.145,162.4499912261963,residual
reward_intervention,contrast/zeroed,tf_legacy,10040,53.69999694824219,0.23,146.30003356933594,residual
reward_intervention,contrast/zeroed,tf_legacy,10041,73.6500015258789,0.335,126.34997463226318,residual
reward_intervention,contrast/zeroed,tf_legacy,10042,97.39999389648438,0.46,102.60004043579102,residual
reward_intervention,contrast/zeroed,tf_legacy,10043,56.54999542236328,0.245,143.44997119903564,residual
reward_intervention,contrast/zeroed,tf_legacy,10044,31.84999656677246,0.115,168.1499662399292,residual
reward_intervention,contrast/zeroed,tf_legacy,10045,90.75,0.425,109.25008201599121,residual
reward_intervention,contrast/zeroed,tf_legacy,10046,29.949996948242188,0.105,170.04996585845947,residual
reward_intervention,contrast/zeroed,tf_legacy,10047,78.4000015258789,0.36,121.60006618499756,residual
reward_intervention,contrast/zeroed,tf_legacy,10048,45.149993896484375,0.185,154.84997272491455,residual
reward_intervention,contrast/zeroed,tf_self,9999,77.44999694824219,0.355,122.54997539520264,residual
reward_intervention,contrast/zeroed,tf_self,10000,67.95000457763672,0.305,132.049973487854,residual
reward_intervention,contrast/zeroed,tf_self,10001,10.950000762939453,0.005,189.0500030517578,residual
reward_intervention,contrast/zeroed,tf_self,10002,82.19999694824219,0.38,117.79996681213379,residual
reward_intervention,contrast/zeroed,tf_self,10003,67.94999694824219,0.305,132.049973487854,residual
reward_intervention,contrast/zeroed,tf_self,10004,63.19999694824219,0.28,136.7999725341797,residual
reward_intervention,contrast/zeroed,tf_self,10005,41.349998474121094,0.165,158.64996814727783,residual
reward_intervention,contrast/zeroed,tf_self,10006,10.950000762939453,0.005,189.0499620437622,residual
reward_intervention,contrast/zeroed,tf_self,10007,42.29999923706055,0.17,157.70004844665527,residual
reward_intervention,contrast/zeroed,tf_self,10008,79.35000610351562,0.365,120.64997577667236,residual
reward_intervention,contrast/zeroed,tf_self,10009,32.79999542236328,0.12,167.19996738433838,residual
reward_intervention,contrast/zeroed,tf_self,10010,25.200000762939453,0.08,174.79996490478516,residual
reward_intervention,contrast/zeroed,tf_self,10011,83.1500015258789,0.385,116.8500452041626,residual
reward_intervention,contrast/zeroed,tf_self,10012,124.0,0.6,76.00000667572021,residual
reward_intervention,contrast/zeroed,tf_self,10013,28.049997329711914,0.095,171.94996547698975,residual
reward_intervention,contrast/zeroed,tf_self,10014,17.599998474121094,0.04,182.39998054504395,residual
reward_intervention,contrast/zeroed,tf_self,10015,107.85000610351562,0.515,92.14998149871826,residual
reward_intervention,contrast/zeroed,tf_self,10016,95.5,0.45,104.49997901916504,residual
reward_intervention,contrast/zeroed,tf_self,10017,127.80000305175781,0.62,72.20004558563232,residual
reward_intervention,contrast/zeroed,tf_self,10018,10.000001907348633,0.0,189.9999704360962,residual
reward_intervention,contrast/zeroed,tf_self,10019,28.999996185302734,0.1,170.9999656677246,residual
reward_intervention,contrast/zeroed,tf_self,10020,123.05001068115234,0.595,76.9499979019165,residual
reward_intervention,contrast/zeroed,tf_self,10021,83.15000915527344,0.385,116.84997653961182,residual
reward_intervention,contrast/zeroed,tf_self,10022,40.39999771118164,0.16,159.6000566482544,residual
reward_intervention,contrast/zeroed,tf_self,10023,75.55000305175781,0.345,124.45004558563232,residual
reward_intervention,contrast/zeroed,tf_self,10024,97.40000915527344,0.46,102.60000991821289,residual
reward_intervention,contrast/zeroed,tf_self,10025,36.59999465942383,0.14,163.39996719360352,residual
reward_intervention,contrast/zeroed,tf_self,10026,121.15000915527344,0.585,78.84998416900635,residual
reward_intervention,contrast/zeroed,tf_self,10027,48.0,0.2,151.99996948242188,residual
reward_intervention,contrast/zeroed,tf_self,10028,51.79999542236328,0.22,148.19997024536133,residual
reward_intervention,contrast/zeroed,tf_self,10029,53.69999694824219,0.23,146.29997062683105,residual
reward_intervention,contrast/zeroed,tf_self,10030,83.14999389648438,0.385,116.84997653961182,residual
reward_intervention,contrast/zeroed,tf_self,10031,114.5,0.55,85.4999828338623,residual
reward_intervention,contrast/zeroed,tf_self,10032,25.19999885559082,0.08,174.80008506774902,residual
reward_intervention,contrast/zeroed,tf_self,10033,35.649993896484375,0.135,164.35000324249268,residual
reward_intervention,contrast/zeroed,tf_self,10034,93.59999084472656,0.44,106.39997863769531,residual
reward_intervention,contrast/zeroed,tf_self,10035,10.000001907348633,0.0,190.00003623962402,residual
reward_intervention,contrast/zeroed,tf_self,10036,52.75,0.225,147.2499885559082,residual
reward_intervention,contrast/zeroed,tf_self,10037,54.64999771118164,0.235,145.35001373291016,residual
reward_intervention,contrast/zeroed,tf_self,10038,65.0999984741211,0.29,134.8999729156494,residual
reward_intervention,contrast/zeroed,tf_self,10039,10.000001907348633,0.0,189.99999141693115,residual
reward_intervention,contrast/zeroed,tf_self,10040,41.349998474121094,0.165,158.6500654220581,residual
reward_intervention,contrast/zeroed,tf_self,10041,62.25,0.275,137.74997234344482,residual
reward_intervention,contrast/zeroed,tf_self,10042,92.65000915527344,0.435,107.3500452041626,residual
reward_intervention,contrast/zeroed,tf_self,10043,27.09999656677246,0.09,172.89996528625488,residual
reward_intervention,contrast/zeroed,tf_self,10044,10.950000762939453,0.005,189.0499620437622,residual
reward_intervention,contrast/zeroed,tf_self,10045,10.000001907348633,0.0,190.0000705718994,residual
reward_intervention,contrast/zeroed,tf_self,10046,48.94999694824219,0.205,151.04996967315674,residual
reward_intervention,contrast/zeroed,tf_self,10047,52.75,0.225,147.25008583068848,residual
reward_intervention,contrast/zeroed,tf_self,10048,71.75000762939453,0.325,128.2500410079956,residual
reward_intervention,contrast/zeroed,optimal,9999,200.0,1.0,0.0,residual
reward_intervention,contrast/zeroed,optimal,10000,200.0,1.0,0.0,residual
reward_intervention,contrast/zeroed,optimal,10001,200.0,1.0,0.0,residual
reward_intervention,contrast/zeroed,optimal,10002,200.0,1.0,0.0,residual
reward_intervention,contrast/zeroed,optimal,10003,200.0,1.0,0.0,residual
reward_intervention,contrast/zeroed,optimal,10004,200.0,1.0,0.0,residual
reward_intervention,contrast/zeroed,optimal,10005,200.0,1.0,0.0,residual
reward_intervention,contrast/zeroed,optimal,10006,200.0,1.0,0.0,residual
reward_intervention,contrast/zeroed,optimal,10007,200.0,1.0,0.0,residual
reward_intervention,contrast/zeroed,optimal,10008,200.0,1.0,0.0,residual
reward_intervention,contrast/zeroed,optimal,10009,200.0,1.0,0.0,residual
reward_intervention,contrast/zeroed,optimal,10010,200.0,1.0,0.0,residual
reward_intervention,contrast/zeroed,optimal,10011,200.0,1.0,0.0,residual
reward_intervention,contrast/zeroed,optimal,10012,200.0,1.0,0.0,residual
reward_intervention,contrast/zeroed,optimal,10013,200.0,1.0,0.0,residual
reward_intervention,contrast/zeroed,optimal,10014,200.0,1.0,0.0,residual
reward_intervention,contrast/zeroed,optimal,10015,200.0,1.0,0.0,residual
reward_intervention,contrast/zeroed,optimal,10016,200.0,1.0,0.0,residual
reward_intervention,contrast/zeroed,optimal,10017,200.0,1.0,0.0,residual
reward_intervention,contrast/zeroed,optimal,10018,200.0,1.0,0.0,residual
reward_intervention,contrast/zeroed,optimal,10019,200.0,1.0,0.0,residual
reward_intervention,contrast/zeroed,optimal,10020,200.0,1.0,0.0,residual
reward_intervention,contrast/zeroed,optimal,10021,200.0,1.0,0.0,residual
reward_intervention,contrast/zeroed,optimal,10022,200.0,1.0,0.0,residual
reward_intervention,contrast/zeroed,optimal,10023,200.0,1.0,0.0,residual
reward_intervention,contrast/zeroed,optimal,10024,200.0,1.0,0.0,residual
reward_intervention,contrast/zeroed,optimal,10025,200.0,1.0,0.0,residual
reward_intervention,contrast/zeroed,optimal,10026,200.0,1.0,0.0,residual
reward_intervention,contrast/zeroed,optimal,10027,200.0,1.0,0.0,residual
reward_intervention,contrast/zeroed,optimal,10028,200.0,1.0,0.0,residual
reward_intervention,contrast/zeroed,optimal,10029,200.0,1.0,0.0,residual
reward_intervention,contrast/zeroed,optimal,10030,200.0,1.0,0.0,residual
reward_intervention,contrast/zeroed,optimal,10031,200.0,1.0,0.0,residual
reward_intervention,contrast/zeroed,optimal,10032,200.0,1.0,0.0,residual
reward_intervention,contrast/zeroed,optimal,10033,200.0,1.0,0.0,residual
reward_intervention,contrast/zeroed,optimal,10034,200.0,1.0,0.0,residual
reward_intervention,contrast/zeroed,optimal,10035,200.0,1.0,0.0,residual
reward_intervention,contrast/zeroed,optimal,10036,200.0,1.0,0.0,residual
reward_intervention,contrast/zeroed,optimal,10037,200.0,1.0,0.0,residual
reward_intervention,contrast/zeroed,optimal,10038,200.0,1.0,0.0,residual
reward_intervention,contrast/zeroed,optimal,10039,200.0,1.0,0.0,residual
reward_intervention,contrast/zeroed,optimal,10040,200.0,1.0,0.0,residual
reward_intervention,contrast/zeroed,optimal,10041,200.0,1.0,0.0,residual
reward_intervention,contrast/zeroed,optimal,10042,200.0,1.0,0.0,residual
reward_intervention,contrast/zeroed,optimal,10043,200.0,1.0,0.0,residual
reward_intervention,contrast/zeroed,optimal,10044,200.0,1.0,0.0,residual
reward_intervention,contrast/zeroed,optimal,10045,200.0,1.0,0.0,residual
reward_intervention,contrast/zeroed,optimal,10046,200.0,1.0,0.0,residual
reward_intervention,contrast/zeroed,optimal,10047,200.0,1.0,0.0,residual
reward_intervention,contrast/zeroed,optimal,10048,200.0,1.0,0.0,residual
reward_intervention,contrast/zeroed,epsgreedy,9999,56.54999923706055,0.245,143.44997119903564,residual
reward_intervention,contrast/zeroed,epsgreedy,10000,48.94999694824219,0.205,151.04996967315674,residual
reward_intervention,contrast/zeroed,epsgreedy,10001,65.0999984741211,0.29,134.9000015258789,residual
reward_intervention,contrast/zeroed,epsgreedy,10002,49.89999771118164,0.21,150.09998893737793,residual
reward_intervention,contrast/zeroed,epsgreedy,10003,63.19999313354492,0.28,136.7999725341797,residual
reward_intervention,contrast/zeroed,epsgreedy,10004,55.599998474121094,0.24,144.39997100830078,residual
reward_intervention,contrast/zeroed,epsgreedy,10005,58.45000076293945,0.255,141.54997158050537,residual
reward_intervention,contrast/zeroed,epsgreedy,10006,48.94999694824219,0.205,151.04996967315674,residual
reward_intervention,contrast/zeroed,epsgreedy,10007,53.69999694824219,0.23,146.30005645751953,residual
reward_intervention,contrast/zeroed,epsgreedy,10008,68.89999389648438,0.31,131.09997367858887,residual
reward_intervention,contrast/zeroed,epsgreedy,10009,51.79999542236328,0.22,148.19998931884766,residual
reward_intervention,contrast/zeroed,epsgreedy,10010,56.54999923706055,0.245,143.44997119903564,residual
reward_intervention,contrast/zeroed,epsgreedy,10011,57.5,0.25,142.50005912780762,residual
reward_intervention,contrast/zeroed,epsgreedy,10012,52.75,0.225,147.2500352859497,residual
reward_intervention,contrast/zeroed,epsgreedy,10013,62.249996185302734,0.275,137.74997234344482,residual
reward_intervention,contrast/zeroed,epsgreedy,10014,63.19999694824219,0.28,136.79997634887695,residual
reward_intervention,contrast/zeroed,epsgreedy,10015,55.599998474121094,0.24,144.39997100830078,residual
reward_intervention,contrast/zeroed,epsgreedy,10016,53.69999694824219,0.23,146.29997062683105,residual
reward_intervention,contrast/zeroed,epsgreedy,10017,47.04999542236328,0.195,152.95002555847168,residual
reward_intervention,contrast/zeroed,epsgreedy,10018,58.44999694824219,0.255,141.54997539520264,residual
reward_intervention,contrast/zeroed,epsgreedy,10019,57.499996185302734,0.25,142.4999713897705,residual
reward_intervention,contrast/zeroed,epsgreedy,10020,61.29999923706055,0.27,138.70001411437988,residual
reward_intervention,contrast/zeroed,epsgreedy,10021,55.599998474121094,0.24,144.39997100830078,residual
reward_intervention,contrast/zeroed,epsgreedy,10022,57.499996185302734,0.25,142.5000410079956,residual
reward_intervention,contrast/zeroed,epsgreedy,10023,57.499996185302734,0.25,142.5000228881836,residual
reward_intervention,contrast/zeroed,epsgreedy,10024,54.650001525878906,0.235,145.34997844696045,residual
reward_intervention,contrast/zeroed,epsgreedy,10025,60.349998474121094,0.265,139.6499719619751,residual
reward_intervention,contrast/zeroed,epsgreedy,10026,47.99999237060547,0.2,151.9999713897705,residual
reward_intervention,contrast/zeroed,epsgreedy,10027,58.44999694824219,0.255,141.54997158050537,residual
reward_intervention,contrast/zeroed,epsgreedy,10028,67.94999694824219,0.305,132.04998970031738,residual
reward_intervention,contrast/zeroed,epsgreedy,10029,55.59999465942383,0.24,144.39997100830078,residual
reward_intervention,contrast/zeroed,epsgreedy,10030,55.599998474121094,0.24,144.39997100830078,residual
reward_intervention,contrast/zeroed,epsgreedy,10031,54.650001525878906,0.235,145.34997081756592,residual
reward_intervention,contrast/zeroed,epsgreedy,10032,49.899993896484375,0.21,150.1000461578369,residual
reward_intervention,contrast/zeroed,epsgreedy,10033,53.69999694824219,0.23,146.30001735687256,residual
reward_intervention,contrast/zeroed,epsgreedy,10034,50.849998474121094,0.215,149.14997005462646,residual
reward_intervention,contrast/zeroed,epsgreedy,10035,55.599998474121094,0.24,144.40002632141113,residual
reward_intervention,contrast/zeroed,epsgreedy,10036,60.349998474121094,0.265,139.64998149871826,residual
reward_intervention,contrast/zeroed,epsgreedy,10037,60.349998474121094,0.265,139.6500425338745,residual
reward_intervention,contrast/zeroed,epsgreedy,10038,66.05000305175781,0.295,133.94997310638428,residual
reward_intervention,contrast/zeroed,epsgreedy,10039,60.349998474121094,0.265,139.6499900817871,residual
reward_intervention,contrast/zeroed,epsgreedy,10040,55.599998474121094,0.24,144.40005683898926,residual
reward_intervention,contrast/zeroed,epsgreedy,10041,62.25,0.275,137.74997234344482,residual
reward_intervention,contrast/zeroed,epsgreedy,10042,58.45000076293945,0.255,141.550066947937,residual
reward_intervention,contrast/zeroed,epsgreedy,10043,58.44999694824219,0.255,141.54997158050537,residual
reward_intervention,contrast/zeroed,epsgreedy,10044,65.0999984741211,0.29,134.89999389648438,residual
reward_intervention,contrast/zeroed,epsgreedy,10045,62.249996185302734,0.275,137.7500400543213,residual
reward_intervention,contrast/zeroed,epsgreedy,10046,63.19999694824219,0.28,136.7999725341797,residual
reward_intervention,contrast/zeroed,epsgreedy,10047,58.44999694824219,0.255,141.55008506774902,residual
reward_intervention,contrast/zeroed,epsgreedy,10048,74.60000610351562,0.34,125.40001106262207,residual
reward_intervention,contrast/zeroed,greedy,9999,56.54999923706055,0.245,143.44997119903564,residual
reward_intervention,contrast/zeroed,greedy,10000,48.94999694824219,0.205,151.04996967315674,residual
reward_intervention,contrast/zeroed,greedy,10001,65.0999984741211,0.29,134.9000015258789,residual
reward_intervention,contrast/zeroed,greedy,10002,49.89999771118164,0.21,150.09998893737793,residual
reward_intervention,contrast/zeroed,greedy,10003,63.19999313354492,0.28,136.7999725341797,residual
reward_intervention,contrast/zeroed,greedy,10004,55.599998474121094,0.24,144.39997100830078,residual
reward_intervention,contrast/zeroed,greedy,10005,58.45000076293945,0.255,141.54997158050537,residual
reward_intervention,contrast/zeroed,greedy,10006,48.94999694824219,0.205,151.04996967315674,residual
reward_intervention,contrast/zeroed,greedy,10007,53.69999694824219,0.23,146.30005645751953,residual
reward_intervention,contrast/zeroed,greedy,10008,68.89999389648438,0.31,131.09997367858887,residual
reward_intervention,contrast/zeroed,greedy,10009,51.79999542236328,0.22,148.19998931884766,residual
reward_intervention,contrast/zeroed,greedy,10010,56.54999923706055,0.245,143.44997119903564,residual
reward_intervention,contrast/zeroed,greedy,10011,57.5,0.25,142.50005912780762,residual
reward_intervention,contrast/zeroed,greedy,10012,52.75,0.225,147.2500352859497,residual
reward_intervention,contrast/zeroed,greedy,10013,62.249996185302734,0.275,137.74997234344482,residual
reward_intervention,contrast/zeroed,greedy,10014,63.19999694824219,0.28,136.79997634887695,residual
reward_intervention,contrast/zeroed,greedy,10015,55.599998474121094,0.24,144.39997100830078,residual
reward_intervention,contrast/zeroed,greedy,10016,53.69999694824219,0.23,146.29997062683105,residual
reward_intervention,contrast/zeroed,greedy,10017,47.04999542236328,0.195,152.95002555847168,residual
reward_intervention,contrast/zeroed,greedy,10018,58.44999694824219,0.255,141.54997539520264,residual
reward_intervention,contrast/zeroed,greedy,10019,57.499996185302734,0.25,142.4999713897705,residual
reward_intervention,contrast/zeroed,greedy,10020,61.29999923706055,0.27,138.70001411437988,residual
reward_intervention,contrast/zeroed,greedy,10021,55.599998474121094,0.24,144.39997100830078,residual
reward_intervention,contrast/zeroed,greedy,10022,57.499996185302734,0.25,142.5000410079956,residual
reward_intervention,contrast/zeroed,greedy,10023,57.499996185302734,0.25,142.5000228881836,residual
reward_intervention,contrast/zeroed,greedy,10024,54.650001525878906,0.235,145.34997844696045,residual
reward_intervention,contrast/zeroed,greedy,10025,60.349998474121094,0.265,139.6499719619751,residual
reward_intervention,contrast/zeroed,greedy,10026,47.99999237060547,0.2,151.9999713897705,residual
reward_intervention,contrast/zeroed,greedy,10027,58.44999694824219,0.255,141.54997158050537,residual
reward_intervention,contrast/zeroed,greedy,10028,67.94999694824219,0.305,132.04998970031738,residual
reward_intervention,contrast/zeroed,greedy,10029,55.59999465942383,0.24,144.39997100830078,residual
reward_intervention,contrast/zeroed,greedy,10030,55.599998474121094,0.24,144.39997100830078,residual
reward_intervention,contrast/zeroed,greedy,10031,54.650001525878906,0.235,145.34997081756592,residual
reward_intervention,contrast/zeroed,greedy,10032,49.899993896484375,0.21,150.1000461578369,residual
reward_intervention,contrast/zeroed,greedy,10033,53.69999694824219,0.23,146.30001735687256,residual
reward_intervention,contrast/zeroed,greedy,10034,50.849998474121094,0.215,149.14997005462646,residual
reward_intervention,contrast/zeroed,greedy,10035,55.599998474121094,0.24,144.40002632141113,residual
reward_intervention,contrast/zeroed,greedy,10036,60.349998474121094,0.265,139.64998149871826,residual
reward_intervention,contrast/zeroed,greedy,10037,60.349998474121094,0.265,139.6500425338745,residual
reward_intervention,contrast/zeroed,greedy,10038,66.05000305175781,0.295,133.94997310638428,residual
reward_intervention,contrast/zeroed,greedy,10039,60.349998474121094,0.265,139.6499900817871,residual
reward_intervention,contrast/zeroed,greedy,10040,55.599998474121094,0.24,144.40005683898926,residual
reward_intervention,contrast/zeroed,greedy,10041,62.25,0.275,137.74997234344482,residual
reward_intervention,contrast/zeroed,greedy,10042,58.45000076293945,0.255,141.550066947937,residual
reward_intervention,contrast/zeroed,greedy,10043,58.44999694824219,0.255,141.54997158050537,residual
reward_intervention,contrast/zeroed,greedy,10044,65.0999984741211,0.29,134.89999389648438,residual
reward_intervention,contrast/zeroed,greedy,10045,62.249996185302734,0.275,137.7500400543213,residual
reward_intervention,contrast/zeroed,greedy,10046,63.19999694824219,0.28,136.7999725341797,residual
reward_intervention,contrast/zeroed,greedy,10047,58.44999694824219,0.255,141.55008506774902,residual
reward_intervention,contrast/zeroed,greedy,10048,74.60000610351562,0.34,125.40001106262207,residual
reward_intervention,contrast/zeroed,random,9999,66.04999542236328,0.295,133.94997310638428,residual
reward_intervention,contrast/zeroed,random,10000,53.69999694824219,0.23,146.29997062683105,residual
reward_intervention,contrast/zeroed,random,10001,58.44999694824219,0.255,141.55001544952393,residual
reward_intervention,contrast/zeroed,random,10002,50.849998474121094,0.215,149.14999675750732,residual
reward_intervention,contrast/zeroed,random,10003,57.499996185302734,0.25,142.4999713897705,residual
reward_intervention,contrast/zeroed,random,10004,62.25,0.275,137.74997234344482,residual
reward_intervention,contrast/zeroed,random,10005,64.14999389648438,0.285,135.84997272491455,residual
reward_intervention,contrast/zeroed,random,10006,61.29999923706055,0.27,138.69997215270996,residual
reward_intervention,contrast/zeroed,random,10007,61.30000305175781,0.27,138.70005893707275,residual
reward_intervention,contrast/zeroed,random,10008,59.399993896484375,0.26,140.59997177124023,residual
reward_intervention,contrast/zeroed,random,10009,50.849998474121094,0.215,149.14999294281006,residual
reward_intervention,contrast/zeroed,random,10010,49.899993896484375,0.21,150.0999698638916,residual
reward_intervention,contrast/zeroed,random,10011,53.69999694824219,0.23,146.30006980895996,residual
reward_intervention,contrast/zeroed,random,10012,65.0999984741211,0.29,134.90003108978271,residual
reward_intervention,contrast/zeroed,random,10013,55.599998474121094,0.24,144.39997100830078,residual
reward_intervention,contrast/zeroed,random,10014,57.499996185302734,0.25,142.49997806549072,residual
reward_intervention,contrast/zeroed,random,10015,49.899993896484375,0.21,150.0999698638916,residual
reward_intervention,contrast/zeroed,random,10016,56.54999542236328,0.245,143.44997119903564,residual
reward_intervention,contrast/zeroed,random,10017,51.79999542236328,0.22,148.20003032684326,residual
reward_intervention,contrast/zeroed,random,10018,64.14999389648438,0.285,135.84997653961182,residual
reward_intervention,contrast/zeroed,random,10019,61.29999542236328,0.27,138.69997215270996,residual
reward_intervention,contrast/zeroed,random,10020,67.94999694824219,0.305,132.0500202178955,residual
reward_intervention,contrast/zeroed,random,10021,53.69999694824219,0.23,146.29997062683105,residual
reward_intervention,contrast/zeroed,random,10022,60.349998474121094,0.265,139.6500539779663,residual
reward_intervention,contrast/zeroed,random,10023,54.650001525878906,0.235,145.3500270843506,residual
reward_intervention,contrast/zeroed,random,10024,54.64999771118164,0.235,145.34998035430908,residual
reward_intervention,contrast/zeroed,random,10025,55.599998474121094,0.24,144.39997100830078,residual
reward_intervention,contrast/zeroed,random,10026,48.94999694824219,0.205,151.04997444152832,residual
reward_intervention,contrast/zeroed,random,10027,57.499996185302734,0.25,142.4999713897705,residual
reward_intervention,contrast/zeroed,random,10028,58.44999694824219,0.255,141.54998397827148,residual
reward_intervention,contrast/zeroed,random,10029,57.499996185302734,0.25,142.4999713897705,residual
reward_intervention,contrast/zeroed,random,10030,68.9000015258789,0.31,131.09997367858887,residual
reward_intervention,contrast/zeroed,random,10031,59.399993896484375,0.26,140.59997177124023,residual
reward_intervention,contrast/zeroed,random,10032,53.69999694824219,0.23,146.30005264282227,residual
reward_intervention,contrast/zeroed,random,10033,50.849998474121094,0.215,149.15002155303955,residual
reward_intervention,contrast/zeroed,random,10034,55.599998474121094,0.24,144.39997100830078,residual
reward_intervention,contrast/zeroed,random,10035,54.649993896484375,0.235,145.35002613067627,residual
reward_intervention,contrast/zeroed,random,10036,64.1500015258789,0.285,135.84998226165771,residual
reward_intervention,contrast/zeroed,random,10037,56.55000305175781,0.245,143.45002841949463,residual
reward_intervention,contrast/zeroed,random,10038,48.94999694824219,0.205,151.04996967315674,residual
reward_intervention,contrast/zeroed,random,10039,58.44999694824219,0.255,141.5499963760376,residual
reward_intervention,contrast/zeroed,random,10040,53.69999694824219,0.23,146.30006217956543,residual
reward_intervention,contrast/zeroed,random,10041,54.64999771118164,0.235,145.34997081756592,residual
reward_intervention,contrast/zeroed,random,10042,62.25,0.275,137.75006771087646,residual
reward_intervention,contrast/zeroed,random,10043,59.399993896484375,0.26,140.59997177124023,residual
reward_intervention,contrast/zeroed,random,10044,55.599998474121094,0.24,144.39999103546143,residual
reward_intervention,contrast/zeroed,random,10045,46.09999465942383,0.19,153.9000473022461,residual
reward_intervention,contrast/zeroed,random,10046,59.40000534057617,0.26,140.59997177124023,residual
reward_intervention,contrast/zeroed,random,10047,57.499996185302734,0.25,142.50008487701416,residual
reward_intervention,contrast/zeroed,random,10048,45.14999771118164,0.185,154.85002613067627,residual
reward_intervention,contrast/constant,tf_legacy,9999,91.69999694824219,0.43,108.29997825622559,residual
reward_intervention,contrast/constant,tf_legacy,10000,68.9000015258789,0.31,131.09997367858887,residual
reward_intervention,contrast/constant,tf_legacy,10001,43.249996185302734,0.175,156.75002479553223,residual
reward_intervention,contrast/constant,tf_legacy,10002,89.80000305175781,0.42,110.20000076293945,residual
reward_intervention,contrast/constant,tf_legacy,10003,27.099998474121094,0.09,172.89996528625488,residual
reward_intervention,contrast/constant,tf_legacy,10004,92.6500015258789,0.435,107.34997844696045,residual
reward_intervention,contrast/constant,tf_legacy,10005,70.80000305175781,0.32,129.1999740600586,residual
reward_intervention,contrast/constant,tf_legacy,10006,28.999996185302734,0.1,170.9999656677246,residual
reward_intervention,contrast/constant,tf_legacy,10007,74.60000610351562,0.34,125.39999961853027,residual
reward_intervention,contrast/constant,tf_legacy,10008,100.25000762939453,0.475,99.74997997283936,residual
reward_intervention,contrast/constant,tf_legacy,10009,47.99999237060547,0.2,151.9999761581421,residual
reward_intervention,contrast/constant,tf_legacy,10010,28.04999542236328,0.095,171.94996547698975,residual
reward_intervention,contrast/constant,tf_legacy,10011,22.349998474121094,0.065,177.6500425338745,residual
reward_intervention,contrast/constant,tf_legacy,10012,63.20000076293945,0.28,136.80004119873047,residual
reward_intervention,contrast/constant,tf_legacy,10013,36.60000228881836,0.14,163.39996719360352,residual
reward_intervention,contrast/constant,tf_legacy,10014,42.30000305175781,0.17,157.6999683380127,residual
reward_intervention,contrast/constant,tf_legacy,10015,48.94999694824219,0.205,151.04996967315674,residual
reward_intervention,contrast/constant,tf_legacy,10016,115.45000457763672,0.555,84.54998302459717,residual
reward_intervention,contrast/constant,tf_legacy,10017,75.55000305175781,0.345,124.45004940032959,residual
reward_intervention,contrast/constant,tf_legacy,10018,81.25,0.375,118.74997615814209,residual
reward_intervention,contrast/constant,tf_legacy,10019,31.849994659423828,0.115,168.1499662399292,residual
reward_intervention,contrast/constant,tf_legacy,10020,89.80000305175781,0.42,110.19997787475586,residual
reward_intervention,contrast/constant,tf_legacy,10021,58.44999694824219,0.255,141.54997158050537,residual
reward_intervention,contrast/constant,tf_legacy,10022,26.149999618530273,0.085,173.85006427764893,residual
reward_intervention,contrast/constant,tf_legacy,10023,76.5,0.35,123.50006866455078,residual
reward_intervention,contrast/constant,tf_legacy,10024,78.39999389648438,0.36,121.5999755859375,residual
reward_intervention,contrast/constant,tf_legacy,10025,73.6500015258789,0.335,126.34997463226318,residual
reward_intervention,contrast/constant,tf_legacy,10026,61.29999923706055,0.27,138.69997215270996,residual
reward_intervention,contrast/constant,tf_legacy,10027,105.95000457763672,0.505,94.04998111724854,residual
reward_intervention,contrast/constant,tf_legacy,10028,56.54999542236328,0.245,143.44997119903564,residual
reward_intervention,contrast/constant,tf_legacy,10029,41.34999465942383,0.165,158.64996814727783,residual
reward_intervention,contrast/constant,tf_legacy,10030,73.6500015258789,0.335,126.34997463226318,residual
reward_intervention,contrast/constant,tf_legacy,10031,65.0999984741211,0.29,134.8999729156494,residual
reward_intervention,contrast/constant,tf_legacy,10032,33.75,0.125,166.25005435943604,residual
reward_intervention,contrast/constant,tf_legacy,10033,63.20000076293945,0.28,136.8000135421753,residual
reward_intervention,contrast/constant,tf_legacy,10034,26.150001525878906,0.085,173.84996509552002,residual
reward_intervention,contrast/constant,tf_legacy,10035,10.000001907348633,0.0,190.000018119812,residual
reward_intervention,contrast/constant,tf_legacy,10036,48.0,0.2,151.99998950958252,residual
reward_intervention,contrast/constant,tf_legacy,10037,10.950000762939453,0.005,189.050030708313,residual
reward_intervention,contrast/constant,tf_legacy,10038,53.69999694824219,0.23,146.29997062683105,residual
reward_intervention,contrast/constant,tf_legacy,10039,10.000001907348633,0.0,189.9999885559082,residual
reward_intervention,contrast/constant,tf_legacy,10040,56.54999542236328,0.245,143.45008087158203,residual
reward_intervention,contrast/constant,tf_legacy,10041,96.45000457763672,0.455,103.5499792098999,residual
reward_intervention,contrast/constant,tf_legacy,10042,69.8499984741211,0.315,130.15006351470947,residual
reward_intervention,contrast/constant,tf_legacy,10043,66.05000305175781,0.295,133.94997310638428,residual
reward_intervention,contrast/constant,tf_legacy,10044,54.649993896484375,0.235,145.34997081756592,residual
reward_intervention,contrast/constant,tf_legacy,10045,67.94999694824219,0.305,132.0500612258911,residual
reward_intervention,contrast/constant,tf_legacy,10046,36.59999465942383,0.14,163.39996719360352,residual
reward_intervention,contrast/constant,tf_legacy,10047,83.1500015258789,0.385,116.85006141662598,residual
reward_intervention,contrast/constant,tf_legacy,10048,51.79999542236328,0.22,148.19997024536133,residual
reward_intervention,contrast/constant,tf_self,9999,37.54999542236328,0.145,162.44996738433838,residual
reward_intervention,contrast/constant,tf_self,10000,65.0999984741211,0.29,134.8999729156494,residual
reward_intervention,contrast/constant,tf_self,10001,43.249996185302734,0.175,156.75002479553223,residual
reward_intervention,contrast/constant,tf_self,10002,89.80000305175781,0.42,110.19998073577881,residual
reward_intervention,contrast/constant,tf_self,10003,10.000001907348633,0.0,189.99996185302734,residual
reward_intervention,contrast/constant,tf_self,10004,50.849998474121094,0.215,149.14997005462646,residual
reward_intervention,contrast/constant,tf_self,10005,74.5999984741211,0.34,125.39997482299805,residual
reward_intervention,contrast/constant,tf_self,10006,30.899995803833008,0.11,169.09996604919434,residual
reward_intervention,contrast/constant,tf_self,10007,116.40000915527344,0.56,83.60000228881836,residual
reward_intervention,contrast/constant,tf_self,10008,101.20001220703125,0.48,98.79998016357422,residual
reward_intervention,contrast/constant,tf_self,10009,37.54999542236328,0.145,162.44996738433838,residual
reward_intervention,contrast/constant,tf_self,10010,10.000001907348633,0.0,189.99996185302734,residual
reward_intervention,contrast/constant,tf_self,10011,87.9000015258789,0.41,112.10003089904785,residual
reward_intervention,contrast/constant,tf_self,10012,71.75,0.325,128.25000190734863,residual
reward_intervention,contrast/constant,tf_self,10013,17.599998474121094,0.04,182.39996337890625,residual
reward_intervention,contrast/constant,tf_self,10014,39.44999313354492,0.155,160.54999542236328,residual
reward_intervention,contrast/constant,tf_self,10015,34.69999694824219,0.13,165.2999668121338,residual
reward_intervention,contrast/constant,tf_self,10016,115.45000457763672,0.555,84.54998302459717,residual
reward_intervention,contrast/constant,tf_self,10017,126.85000610351562,0.615,73.15001106262207,residual
reward_intervention,contrast/constant,tf_self,10018,86.0,0.4,113.9999771118164,residual
reward_intervention,contrast/constant,tf_self,10019,32.79999542236328,0.12,167.19996643066406,residual
reward_intervention,contrast/constant,tf_self,10020,143.95001220703125,0.705,56.049988746643066,residual
reward_intervention,contrast/constant,tf_self,10021,59.39999771118164,0.26,140.59997177124023,residual
reward_intervention,contrast/constant,tf_self,10022,10.000001907348633,0.0,190.00006771087646,residual
reward_intervention,contrast/constant,tf_self,10023,125.90000915527344,0.61,74.10003566741943,residual
reward_intervention,contrast/constant,tf_self,10024,72.69999694824219,0.33,127.29997444152832,residual
reward_intervention,contrast/constant,tf_self,10025,43.249996185302734,0.175,156.74996852874756,residual
reward_intervention,contrast/constant,tf_self,10026,104.05000305175781,0.495,95.94998073577881,residual
reward_intervention,contrast/constant,tf_self,10027,71.75,0.325,128.24997425079346,residual
reward_intervention,contrast/constant,tf_self,10028,10.000001907348633,0.0,189.99996185302734,residual
reward_intervention,contrast/constant,tf_self,10029,33.75,0.125,166.24996662139893,residual
reward_intervention,contrast/constant,tf_self,10030,45.149993896484375,0.185,154.84996891021729,residual
reward_intervention,contrast/constant,tf_self,10031,93.60000610351562,0.44,106.39997863769531,residual
reward_intervention,contrast/constant,tf_self,10032,10.000001907348633,0.0,190.0000820159912,residual
reward_intervention,contrast/constant,tf_self,10033,56.54999542236328,0.245,143.45002841949463,residual
reward_intervention,contrast/constant,tf_self,10034,25.19999885559082,0.08,174.79996490478516,residual
reward_intervention,contrast/constant,tf_self,10035,46.09999465942383,0.19,153.90002346038818,residual
reward_intervention,contrast/constant,tf_self,10036,46.099998474121094,0.19,153.89998817443848,residual
reward_intervention,contrast/constant,tf_self,10037,56.54999542236328,0.245,143.45003509521484,residual
reward_intervention,contrast/constant,tf_self,10038,57.499996185302734,0.25,142.4999713897705,residual
reward_intervention,contrast/constant,tf_self,10039,15.69999885559082,0.03,184.29999446868896,residual
reward_intervention,contrast/constant,tf_self,10040,49.900001525878906,0.21,150.1001033782959,residual
reward_intervention,contrast/constant,tf_self,10041,42.29999542236328,0.17,157.6999683380127,residual
reward_intervention,contrast/constant,tf_self,10042,10.000001907348633,0.0,190.00007247924805,residual
reward_intervention,contrast/constant,tf_self,10043,44.19999694824219,0.18,155.79996871948242,residual
reward_intervention,contrast/constant,tf_self,10044,41.34999465942383,0.165,158.64996814727783,residual
reward_intervention,contrast/constant,tf_self,10045,10.000001907348633,0.0,190.0000867843628,residual
reward_intervention,contrast/constant,tf_self,10046,46.099998474121094,0.19,153.89996910095215,residual
reward_intervention,contrast/constant,tf_self,10047,40.399993896484375,0.16,159.60010051727295,residual
reward_intervention,contrast/constant,tf_self,10048,31.84999656677246,0.115,168.14998245239258,residual
reward_intervention,contrast/constant,optimal,9999,200.0,1.0,0.0,residual
reward_intervention,contrast/constant,optimal,10000,200.0,1.0,0.0,residual
reward_intervention,contrast/constant,optimal,10001,200.0,1.0,0.0,residual
reward_intervention,contrast/constant,optimal,10002,200.0,1.0,0.0,residual
reward_intervention,contrast/constant,optimal,10003,200.0,1.0,0.0,residual
reward_intervention,contrast/constant,optimal,10004,200.0,1.0,0.0,residual
reward_intervention,contrast/constant,optimal,10005,200.0,1.0,0.0,residual
reward_intervention,contrast/constant,optimal,10006,200.0,1.0,0.0,residual
reward_intervention,contrast/constant,optimal,10007,200.0,1.0,0.0,residual
reward_intervention,contrast/constant,optimal,10008,200.0,1.0,0.0,residual
reward_intervention,contrast/constant,optimal,10009,200.0,1.0,0.0,residual
reward_intervention,contrast/constant,optimal,10010,200.0,1.0,0.0,residual
reward_intervention,contrast/constant,optimal,10011,200.0,1.0,0.0,residual
reward_intervention,contrast/constant,optimal,10012,200.0,1.0,0.0,residual
reward_intervention,contrast/constant,optimal,10013,200.0,1.0,0.0,residual
reward_intervention,contrast/constant,optimal,10014,200.0,1.0,0.0,residual
reward_intervention,contrast/constant,optimal,10015,200.0,1.0,0.0,residual
reward_intervention,contrast/constant,optimal,10016,200.0,1.0,0.0,residual
reward_intervention,contrast/constant,optimal,10017,200.0,1.0,0.0,residual
reward_intervention,contrast/constant,optimal,10018,200.0,1.0,0.0,residual
reward_intervention,contrast/constant,optimal,10019,200.0,1.0,0.0,residual
reward_intervention,contrast/constant,optimal,10020,200.0,1.0,0.0,residual
reward_intervention,contrast/constant,optimal,10021,200.0,1.0,0.0,residual
reward_intervention,contrast/constant,optimal,10022,200.0,1.0,0.0,residual
reward_intervention,contrast/constant,optimal,10023,200.0,1.0,0.0,residual
reward_intervention,contrast/constant,optimal,10024,200.0,1.0,0.0,residual
reward_intervention,contrast/constant,optimal,10025,200.0,1.0,0.0,residual
reward_intervention,contrast/constant,optimal,10026,200.0,1.0,0.0,residual
reward_intervention,contrast/constant,optimal,10027,200.0,1.0,0.0,residual
reward_intervention,contrast/constant,optimal,10028,200.0,1.0,0.0,residual
reward_intervention,contrast/constant,optimal,10029,200.0,1.0,0.0,residual
reward_intervention,contrast/constant,optimal,10030,200.0,1.0,0.0,residual
reward_intervention,contrast/constant,optimal,10031,200.0,1.0,0.0,residual
reward_intervention,contrast/constant,optimal,10032,200.0,1.0,0.0,residual
reward_intervention,contrast/constant,optimal,10033,200.0,1.0,0.0,residual
reward_intervention,contrast/constant,optimal,10034,200.0,1.0,0.0,residual
reward_intervention,contrast/constant,optimal,10035,200.0,1.0,0.0,residual
reward_intervention,contrast/constant,optimal,10036,200.0,1.0,0.0,residual
reward_intervention,contrast/constant,optimal,10037,200.0,1.0,0.0,residual
reward_intervention,contrast/constant,optimal,10038,200.0,1.0,0.0,residual
reward_intervention,contrast/constant,optimal,10039,200.0,1.0,0.0,residual
reward_intervention,contrast/constant,optimal,10040,200.0,1.0,0.0,residual
reward_intervention,contrast/constant,optimal,10041,200.0,1.0,0.0,residual
reward_intervention,contrast/constant,optimal,10042,200.0,1.0,0.0,residual
reward_intervention,contrast/constant,optimal,10043,200.0,1.0,0.0,residual
reward_intervention,contrast/constant,optimal,10044,200.0,1.0,0.0,residual
reward_intervention,contrast/constant,optimal,10045,200.0,1.0,0.0,residual
reward_intervention,contrast/constant,optimal,10046,200.0,1.0,0.0,residual
reward_intervention,contrast/constant,optimal,10047,200.0,1.0,0.0,residual
reward_intervention,contrast/constant,optimal,10048,200.0,1.0,0.0,residual
reward_intervention,contrast/constant,epsgreedy,9999,44.19999694824219,0.18,155.79996871948242,residual
reward_intervention,contrast/constant,epsgreedy,10000,49.89999771118164,0.21,150.0999698638916,residual
reward_intervention,contrast/constant,epsgreedy,10001,80.30000305175781,0.37,119.70002841949463,residual
reward_intervention,contrast/constant,epsgreedy,10002,51.79999542236328,0.22,148.19999313354492,residual
reward_intervention,contrast/constant,epsgreedy,10003,47.04999542236328,0.195,152.949969291687,residual
reward_intervention,contrast/constant,epsgreedy,10004,19.499998092651367,0.05,180.49996376037598,residual
reward_intervention,contrast/constant,epsgreedy,10005,41.349998474121094,0.165,158.64996814727783,residual
reward_intervention,contrast/constant,epsgreedy,10006,58.44999694824219,0.255,141.54997158050537,residual
reward_intervention,contrast/constant,epsgreedy,10007,65.10000610351562,0.29,134.90004634857178,residual
reward_intervention,contrast/constant,epsgreedy,10008,51.79999542236328,0.22,148.19997024536133,residual
reward_intervention,contrast/constant,epsgreedy,10009,82.19999694824219,0.38,117.80000114440918,residual
reward_intervention,contrast/constant,epsgreedy,10010,84.10000610351562,0.39,115.89997673034668,residual
reward_intervention,contrast/constant,epsgreedy,10011,60.349998474121094,0.265,139.65003967285156,residual
reward_intervention,contrast/constant,epsgreedy,10012,40.399993896484375,0.16,159.60005283355713,residual
reward_intervention,contrast/constant,epsgreedy,10013,86.00000762939453,0.4,113.9999771118164,residual
reward_intervention,contrast/constant,epsgreedy,10014,59.39999771118164,0.26,140.59997272491455,residual
reward_intervention,contrast/constant,epsgreedy,10015,21.39999771118164,0.06,178.5999641418457,residual
reward_intervention,contrast/constant,epsgreedy,10016,44.19999694824219,0.18,155.79996871948242,residual
reward_intervention,contrast/constant,epsgreedy,10017,66.05000305175781,0.295,133.95003128051758,residual
reward_intervention,contrast/constant,epsgreedy,10018,76.5,0.35,123.49997615814209,residual
reward_intervention,contrast/constant,epsgreedy,10019,60.349998474121094,0.265,139.6499719619751,residual
reward_intervention,contrast/constant,epsgreedy,10020,33.75,0.125,166.2500123977661,residual
reward_intervention,contrast/constant,epsgreedy,10021,72.69999694824219,0.33,127.29997444152832,residual
reward_intervention,contrast/constant,epsgreedy,10022,15.700000762939453,0.03,184.30007553100586,residual
reward_intervention,contrast/constant,epsgreedy,10023,22.349998474121094,0.065,177.6500368118286,residual
reward_intervention,contrast/constant,epsgreedy,10024,70.80000305175781,0.32,129.19999313354492,residual
reward_intervention,contrast/constant,epsgreedy,10025,16.649999618530273,0.035,183.3499631881714,residual
reward_intervention,contrast/constant,epsgreedy,10026,103.10000610351562,0.49,96.89998149871826,residual
reward_intervention,contrast/constant,epsgreedy,10027,86.95001220703125,0.405,113.04997730255127,residual
reward_intervention,contrast/constant,epsgreedy,10028,68.9000015258789,0.31,131.1000099182129,residual
reward_intervention,contrast/constant,epsgreedy,10029,36.599998474121094,0.14,163.39996719360352,residual
reward_intervention,contrast/constant,epsgreedy,10030,80.30000305175781,0.37,119.69997596740723,residual
reward_intervention,contrast/constant,epsgreedy,10031,107.85000610351562,0.515,92.14998149871826,residual
reward_intervention,contrast/constant,epsgreedy,10032,42.29999542236328,0.17,157.7000436782837,residual
reward_intervention,contrast/constant,epsgreedy,10033,51.79999923706055,0.22,148.19998836517334,residual
reward_intervention,contrast/constant,epsgreedy,10034,71.75,0.325,128.24997425079346,residual
reward_intervention,contrast/constant,epsgreedy,10035,95.5,0.45,104.50003719329834,residual
reward_intervention,contrast/constant,epsgreedy,10036,74.5999984741211,0.34,125.39998531341553,residual
reward_intervention,contrast/constant,epsgreedy,10037,18.549999237060547,0.045,181.45001697540283,residual
reward_intervention,contrast/constant,epsgreedy,10038,30.89999771118164,0.11,169.09996604919434,residual
reward_intervention,contrast/constant,epsgreedy,10039,62.249996185302734,0.275,137.74997329711914,residual
reward_intervention,contrast/constant,epsgreedy,10040,88.8499984741211,0.415,111.15007400512695,residual
reward_intervention,contrast/constant,epsgreedy,10041,43.249996185302734,0.175,156.74996852874756,residual
reward_intervention,contrast/constant,epsgreedy,10042,18.549997329711914,0.045,181.45009326934814,residual
reward_intervention,contrast/constant,epsgreedy,10043,40.399993896484375,0.16,159.59996795654297,residual
reward_intervention,contrast/constant,epsgreedy,10044,37.54999542236328,0.145,162.44997119903564,residual
reward_intervention,contrast/constant,epsgreedy,10045,14.750000953674316,0.025,185.25005626678467,residual
reward_intervention,contrast/constant,epsgreedy,10046,77.45000457763672,0.355,122.54997539520264,residual
reward_intervention,contrast/constant,epsgreedy,10047,60.349998474121094,0.265,139.65007209777832,residual
reward_intervention,contrast/constant,epsgreedy,10048,38.499996185302734,0.15,161.50003623962402,residual
reward_intervention,contrast/constant,greedy,9999,35.64999771118164,0.135,164.34996700286865,residual
reward_intervention,contrast/constant,greedy,10000,81.25,0.375,118.74997615814209,residual
reward_intervention,contrast/constant,greedy,10001,98.35000610351562,0.465,101.65001106262207,residual
reward_intervention,contrast/constant,greedy,10002,109.75000762939453,0.525,90.25000858306885,residual
reward_intervention,contrast/constant,greedy,10003,83.1500015258789,0.385,116.84997653961182,residual
reward_intervention,contrast/constant,greedy,10004,35.64999771118164,0.135,164.34996700286865,residual
reward_intervention,contrast/constant,greedy,10005,23.299997329711914,0.07,176.69996452331543,residual
reward_intervention,contrast/constant,greedy,10006,80.30000305175781,0.37,119.69997596740723,residual
reward_intervention,contrast/constant,greedy,10007,99.30000305175781,0.47,100.70003128051758,residual
reward_intervention,contrast/constant,greedy,10008,51.79999923706055,0.22,148.19997024536133,residual
reward_intervention,contrast/constant,greedy,10009,54.64999771118164,0.235,145.35000228881836,residual
reward_intervention,contrast/constant,greedy,10010,122.10000610351562,0.59,77.89998435974121,residual
reward_intervention,contrast/constant,greedy,10011,45.14999771118164,0.185,154.850022315979,residual
reward_intervention,contrast/constant,greedy,10012,59.400001525878906,0.26,140.60009002685547,residual
reward_intervention,contrast/constant,greedy,10013,66.04999542236328,0.295,133.94997310638428,residual
reward_intervention,contrast/constant,greedy,10014,63.19999313354492,0.28,136.7999725341797,residual
reward_intervention,contrast/constant,greedy,10015,10.000001907348633,0.0,189.99996185302734,residual
reward_intervention,contrast/constant,greedy,10016,32.79999542236328,0.12,167.19996643066406,residual
reward_intervention,contrast/constant,greedy,10017,61.29999542236328,0.27,138.7000608444214,residual
reward_intervention,contrast/constant,greedy,10018,76.5,0.35,123.49997520446777,residual
reward_intervention,contrast/constant,greedy,10019,46.099998474121094,0.19,153.89996910095215,residual
reward_intervention,contrast/constant,greedy,10020,43.249996185302734,0.175,156.74999332427979,residual
reward_intervention,contrast/constant,greedy,10021,10.000001907348633,0.0,189.99996185302734,residual
reward_intervention,contrast/constant,greedy,10022,19.5,0.05,180.50008583068848,residual
reward_intervention,contrast/constant,greedy,10023,50.84999465942383,0.215,149.15002822875977,residual
reward_intervention,contrast/constant,greedy,10024,34.69999694824219,0.13,165.29998779296875,residual
reward_intervention,contrast/constant,greedy,10025,65.0999984741211,0.29,134.8999729156494,residual
reward_intervention,contrast/constant,greedy,10026,103.10000610351562,0.49,96.89998054504395,residual
reward_intervention,contrast/constant,greedy,10027,95.5,0.45,104.49997901916504,residual
reward_intervention,contrast/constant,greedy,10028,94.55000305175781,0.445,105.44997882843018,residual
reward_intervention,contrast/constant,greedy,10029,37.54999542236328,0.145,162.44996738433838,residual
reward_intervention,contrast/constant,greedy,10030,51.79999542236328,0.22,148.19997024536133,residual
reward_intervention,contrast/constant,greedy,10031,93.60000610351562,0.44,106.39997863769531,residual
reward_intervention,contrast/constant,greedy,10032,40.39999771118164,0.16,159.60004711151123,residual
reward_intervention,contrast/constant,greedy,10033,70.80000305175781,0.32,129.19999885559082,residual
reward_intervention,contrast/constant,greedy,10034,64.1500015258789,0.285,135.84997272491455,residual
reward_intervention,contrast/constant,greedy,10035,84.0999984741211,0.39,115.90003395080566,residual
reward_intervention,contrast/constant,greedy,10036,73.6500015258789,0.335,126.3499927520752,residual
reward_intervention,contrast/constant,greedy,10037,10.000001907348633,0.0,190.0000171661377,residual
reward_intervention,contrast/constant,greedy,10038,30.89999771118164,0.11,169.09996604919434,residual
reward_intervention,contrast/constant,greedy,10039,67.0,0.3,132.99997329711914,residual
reward_intervention,contrast/constant,greedy,10040,57.5,0.25,142.5000638961792,residual
reward_intervention,contrast/constant,greedy,10041,42.29999542236328,0.17,157.6999683380127,residual
reward_intervention,contrast/constant,greedy,10042,25.199996948242188,0.08,174.80006217956543,residual
reward_intervention,contrast/constant,greedy,10043,65.0999984741211,0.29,134.8999729156494,residual
reward_intervention,contrast/constant,greedy,10044,96.45000457763672,0.455,103.5499792098999,residual
reward_intervention,contrast/constant,greedy,10045,32.79999542236328,0.12,167.20010375976562,residual
reward_intervention,contrast/constant,greedy,10046,91.70000457763672,0.43,108.29997825622559,residual
reward_intervention,contrast/constant,greedy,10047,68.89999389648438,0.31,131.1000623703003,residual
reward_intervention,contrast/constant,greedy,10048,29.949996948242188,0.105,170.0500144958496,residual
reward_intervention,contrast/constant,random,9999,66.04999542236328,0.295,133.94997310638428,residual
reward_intervention,contrast/constant,random,10000,53.69999694824219,0.23,146.29997062683105,residual
reward_intervention,contrast/constant,random,10001,58.44999694824219,0.255,141.55001544952393,residual
reward_intervention,contrast/constant,random,10002,50.849998474121094,0.215,149.14999675750732,residual
reward_intervention,contrast/constant,random,10003,57.499996185302734,0.25,142.4999713897705,residual
reward_intervention,contrast/constant,random,10004,62.25,0.275,137.74997234344482,residual
reward_intervention,contrast/constant,random,10005,64.14999389648438,0.285,135.84997272491455,residual
reward_intervention,contrast/constant,random,10006,61.29999923706055,0.27,138.69997215270996,residual
reward_intervention,contrast/constant,random,10007,61.30000305175781,0.27,138.70005893707275,residual
reward_intervention,contrast/constant,random,10008,59.399993896484375,0.26,140.59997177124023,residual
reward_intervention,contrast/constant,random,10009,50.849998474121094,0.215,149.14999294281006,residual
reward_intervention,contrast/constant,random,10010,49.899993896484375,0.21,150.0999698638916,residual
reward_intervention,contrast/constant,random,10011,53.69999694824219,0.23,146.30006980895996,residual
reward_intervention,contrast/constant,random,10012,65.0999984741211,0.29,134.90003108978271,residual
reward_intervention,contrast/constant,random,10013,55.599998474121094,0.24,144.39997100830078,residual
reward_intervention,contrast/constant,random,10014,57.499996185302734,0.25,142.49997806549072,residual
reward_intervention,contrast/constant,random,10015,49.899993896484375,0.21,150.0999698638916,residual
reward_intervention,contrast/constant,random,10016,56.54999542236328,0.245,143.44997119903564,residual
reward_intervention,contrast/constant,random,10017,51.79999542236328,0.22,148.20003032684326,residual
reward_intervention,contrast/constant,random,10018,64.14999389648438,0.285,135.84997653961182,residual
reward_intervention,contrast/constant,random,10019,61.29999542236328,0.27,138.69997215270996,residual
reward_intervention,contrast/constant,random,10020,67.94999694824219,0.305,132.0500202178955,residual
reward_intervention,contrast/constant,random,10021,53.69999694824219,0.23,146.29997062683105,residual
reward_intervention,contrast/constant,random,10022,60.349998474121094,0.265,139.6500539779663,residual
reward_intervention,contrast/constant,random,10023,54.650001525878906,0.235,145.3500270843506,residual
reward_intervention,contrast/constant,random,10024,54.64999771118164,0.235,145.34998035430908,residual
reward_intervention,contrast/constant,random,10025,55.599998474121094,0.24,144.39997100830078,residual
reward_intervention,contrast/constant,random,10026,48.94999694824219,0.205,151.04997444152832,residual
reward_intervention,contrast/constant,random,10027,57.499996185302734,0.25,142.4999713897705,residual
reward_intervention,contrast/constant,random,10028,58.44999694824219,0.255,141.54998397827148,residual
reward_intervention,contrast/constant,random,10029,57.499996185302734,0.25,142.4999713897705,residual
reward_intervention,contrast/constant,random,10030,68.9000015258789,0.31,131.09997367858887,residual
reward_intervention,contrast/constant,random,10031,59.399993896484375,0.26,140.59997177124023,residual
reward_intervention,contrast/constant,random,10032,53.69999694824219,0.23,146.30005264282227,residual
reward_intervention,contrast/constant,random,10033,50.849998474121094,0.215,149.15002155303955,residual
reward_intervention,contrast/constant,random,10034,55.599998474121094,0.24,144.39997100830078,residual
reward_intervention,contrast/constant,random,10035,54.649993896484375,0.235,145.35002613067627,residual
reward_intervention,contrast/constant,random,10036,64.1500015258789,0.285,135.84998226165771,residual
reward_intervention,contrast/constant,random,10037,56.55000305175781,0.245,143.45002841949463,residual
reward_intervention,contrast/constant,random,10038,48.94999694824219,0.205,151.04996967315674,residual
reward_intervention,contrast/constant,random,10039,58.44999694824219,0.255,141.5499963760376,residual
reward_intervention,contrast/constant,random,10040,53.69999694824219,0.23,146.30006217956543,residual
reward_intervention,contrast/constant,random,10041,54.64999771118164,0.235,145.34997081756592,residual
reward_intervention,contrast/constant,random,10042,62.25,0.275,137.75006771087646,residual
reward_intervention,contrast/constant,random,10043,59.399993896484375,0.26,140.59997177124023,residual
reward_intervention,contrast/constant,random,10044,55.599998474121094,0.24,144.39999103546143,residual
reward_intervention,contrast/constant,random,10045,46.09999465942383,0.19,153.9000473022461,residual
reward_intervention,contrast/constant,random,10046,59.40000534057617,0.26,140.59997177124023,residual
reward_intervention,contrast/constant,random,10047,57.499996185302734,0.25,142.50008487701416,residual
reward_intervention,contrast/constant,random,10048,45.14999771118164,0.185,154.85002613067627,residual
reward_intervention,contrast/decorrelated,tf_legacy,9999,127.80000305175781,0.62,72.19998550415039,residual
reward_intervention,contrast/decorrelated,tf_legacy,10000,70.80000305175781,0.32,129.1999740600586,residual
reward_intervention,contrast/decorrelated,tf_legacy,10001,43.249996185302734,0.175,156.75002574920654,residual
reward_intervention,contrast/decorrelated,tf_legacy,10002,95.5,0.45,104.49996852874756,residual
reward_intervention,contrast/decorrelated,tf_legacy,10003,42.29999542236328,0.17,157.6999683380127,residual
reward_intervention,contrast/decorrelated,tf_legacy,10004,82.19999694824219,0.38,117.79997634887695,residual
reward_intervention,contrast/decorrelated,tf_legacy,10005,28.999998092651367,0.1,170.9999656677246,residual
reward_intervention,contrast/decorrelated,tf_legacy,10006,11.900001525878906,0.01,188.09996223449707,residual
reward_intervention,contrast/decorrelated,tf_legacy,10007,90.75,0.425,109.25002098083496,residual
reward_intervention,contrast/decorrelated,tf_legacy,10008,76.5,0.35,123.49997520446777,residual
reward_intervention,contrast/decorrelated,tf_legacy,10009,38.499996185302734,0.15,161.49996757507324,residual
reward_intervention,contrast/decorrelated,tf_legacy,10010,33.749996185302734,0.125,166.24996662139893,residual
reward_intervention,contrast/decorrelated,tf_legacy,10011,43.249996185302734,0.175,156.75004196166992,residual
reward_intervention,contrast/decorrelated,tf_legacy,10012,86.00000762939453,0.4,114.0000228881836,residual
reward_intervention,contrast/decorrelated,tf_legacy,10013,23.299999237060547,0.07,176.69996452331543,residual
reward_intervention,contrast/decorrelated,tf_legacy,10014,50.84999465942383,0.215,149.14997005462646,residual
reward_intervention,contrast/decorrelated,tf_legacy,10015,48.94999694824219,0.205,151.04996967315674,residual
reward_intervention,contrast/decorrelated,tf_legacy,10016,71.75,0.325,128.24997425079346,residual
reward_intervention,contrast/decorrelated,tf_legacy,10017,111.65000915527344,0.535,88.35000133514404,residual
reward_intervention,contrast/decorrelated,tf_legacy,10018,32.79999542236328,0.12,167.19996643066406,residual
reward_intervention,contrast/decorrelated,tf_legacy,10019,33.74999237060547,0.125,166.24996662139893,residual
reward_intervention,contrast/decorrelated,tf_legacy,10020,86.95000457763672,0.405,113.0499963760376,residual
reward_intervention,contrast/decorrelated,tf_legacy,10021,108.80001068115234,0.52,91.19998168945312,residual
reward_intervention,contrast/decorrelated,tf_legacy,10022,74.5999984741211,0.34,125.40006828308105,residual
reward_intervention,contrast/decorrelated,tf_legacy,10023,75.55000305175781,0.345,124.45006275177002,residual
reward_intervention,contrast/decorrelated,tf_legacy,10024,89.80000305175781,0.42,110.19997787475586,residual
reward_intervention,contrast/decorrelated,tf_legacy,10025,86.95000457763672,0.405,113.04997730255127,residual
reward_intervention,contrast/decorrelated,tf_legacy,10026,74.59999084472656,0.34,125.39999485015869,residual
reward_intervention,contrast/decorrelated,tf_legacy,10027,113.55001068115234,0.545,86.44998264312744,residual
reward_intervention,contrast/decorrelated,tf_legacy,10028,60.349998474121094,0.265,139.6499719619751,residual
reward_intervention,contrast/decorrelated,tf_legacy,10029,16.650001525878906,0.035,183.3499631881714,residual
reward_intervention,contrast/decorrelated,tf_legacy,10030,87.9000015258789,0.41,112.09997749328613,residual
reward_intervention,contrast/decorrelated,tf_legacy,10031,58.45000076293945,0.255,141.54997158050537,residual
reward_intervention,contrast/decorrelated,tf_legacy,10032,41.349998474121094,0.165,158.65004539489746,residual
reward_intervention,contrast/decorrelated,tf_legacy,10033,102.1500015258789,0.485,97.85002326965332,residual
reward_intervention,contrast/decorrelated,tf_legacy,10034,54.649993896484375,0.235,145.34997081756592,residual
reward_intervention,contrast/decorrelated,tf_legacy,10035,10.000001907348633,0.0,190.0000457763672,residual
reward_intervention,contrast/decorrelated,tf_legacy,10036,48.0,0.2,151.9999885559082,residual
reward_intervention,contrast/decorrelated,tf_legacy,10037,13.799999237060547,0.02,186.20003509521484,residual
reward_intervention,contrast/decorrelated,tf_legacy,10038,74.5999984741211,0.34,125.39997482299805,residual
reward_intervention,contrast/decorrelated,tf_legacy,10039,58.44999694824219,0.255,141.5499782562256,residual
reward_intervention,contrast/decorrelated,tf_legacy,10040,63.20000076293945,0.28,136.80003833770752,residual
reward_intervention,contrast/decorrelated,tf_legacy,10041,67.0,0.3,132.99997329711914,residual
reward_intervention,contrast/decorrelated,tf_legacy,10042,75.55000305175781,0.345,124.45005130767822,residual
reward_intervention,contrast/decorrelated,tf_legacy,10043,64.14999389648438,0.285,135.84997272491455,residual
reward_intervention,contrast/decorrelated,tf_legacy,10044,59.39999771118164,0.26,140.59997177124023,residual
reward_intervention,contrast/decorrelated,tf_legacy,10045,63.20000076293945,0.28,136.80006790161133,residual
reward_intervention,contrast/decorrelated,tf_legacy,10046,39.44999694824219,0.155,160.5499677658081,residual
reward_intervention,contrast/decorrelated,tf_legacy,10047,64.14999389648438,0.285,135.85007286071777,residual
reward_intervention,contrast/decorrelated,tf_legacy,10048,89.80000305175781,0.42,110.20001316070557,residual
reward_intervention,contrast/decorrelated,tf_self,9999,71.75,0.325,128.24997425079346,residual
reward_intervention,contrast/decorrelated,tf_self,10000,89.80000305175781,0.42,110.19997787475586,residual
reward_intervention,contrast/decorrelated,tf_self,10001,43.249996185302734,0.175,156.75002479553223,residual
reward_intervention,contrast/decorrelated,tf_self,10002,82.19999694824219,0.38,117.79997825622559,residual
reward_intervention,contrast/decorrelated,tf_self,10003,32.79999923706055,0.12,167.19996643066406,residual
reward_intervention,contrast/decorrelated,tf_self,10004,56.54999542236328,0.245,143.44997119903564,residual
reward_intervention,contrast/decorrelated,tf_self,10005,10.000001907348633,0.0,189.99996185302734,residual
reward_intervention,contrast/decorrelated,tf_self,10006,10.000001907348633,0.0,189.99996185302734,residual
reward_intervention,contrast/decorrelated,tf_self,10007,90.75,0.425,109.25002098083496,residual
reward_intervention,contrast/decorrelated,tf_self,10008,10.000001907348633,0.0,189.99996185302734,residual
reward_intervention,contrast/decorrelated,tf_self,10009,10.000001907348633,0.0,189.99996185302734,residual
reward_intervention,contrast/decorrelated,tf_self,10010,20.449996948242188,0.055,179.54996395111084,residual
reward_intervention,contrast/decorrelated,tf_self,10011,70.80000305175781,0.32,129.2000503540039,residual
reward_intervention,contrast/decorrelated,tf_self,10012,68.9000015258789,0.31,131.1000165939331,residual
reward_intervention,contrast/decorrelated,tf_self,10013,10.000001907348633,0.0,189.99996185302734,residual
reward_intervention,contrast/decorrelated,tf_self,10014,63.20000076293945,0.28,136.79999542236328,residual
reward_intervention,contrast/decorrelated,tf_self,10015,86.94999694824219,0.405,113.04997730255127,residual
reward_intervention,contrast/decorrelated,tf_self,10016,71.75,0.325,128.24997425079346,residual
reward_intervention,contrast/decorrelated,tf_self,10017,127.80000305175781,0.62,72.20004177093506,residual
reward_intervention,contrast/decorrelated,tf_self,10018,10.000001907348633,0.0,189.9999704360962,residual
reward_intervention,contrast/decorrelated,tf_self,10019,32.79999542236328,0.12,167.19996643066406,residual
reward_intervention,contrast/decorrelated,tf_self,10020,163.90000915527344,0.81,36.099992752075195,residual
reward_intervention,contrast/decorrelated,tf_self,10021,133.5,0.65,66.49998664855957,residual
reward_intervention,contrast/decorrelated,tf_self,10022,37.54999542236328,0.145,162.4500608444214,residual
reward_intervention,contrast/decorrelated,tf_self,10023,53.69999694824219,0.23,146.30006504058838,residual
reward_intervention,contrast/decorrelated,tf_self,10024,100.25000762939453,0.475,99.75000953674316,residual
reward_intervention,contrast/decorrelated,tf_self,10025,83.1500015258789,0.385,116.84997653961182,residual
reward_intervention,contrast/decorrelated,tf_self,10026,104.05000305175781,0.495,95.94998073577881,residual
reward_intervention,contrast/decorrelated,tf_self,10027,10.000001907348633,0.0,189.99996185302734,residual
reward_intervention,contrast/decorrelated,tf_self,10028,44.19999694824219,0.18,155.79996871948242,residual
reward_intervention,contrast/decorrelated,tf_self,10029,28.999998092651367,0.1,170.9999656677246,residual
reward_intervention,contrast/decorrelated,tf_self,10030,62.25,0.275,137.74997234344482,residual
reward_intervention,contrast/decorrelated,tf_self,10031,93.60000610351562,0.44,106.39997863769531,residual
reward_intervention,contrast/decorrelated,tf_self,10032,10.000001907348633,0.0,190.00006008148193,residual
reward_intervention,contrast/decorrelated,tf_self,10033,56.54999542236328,0.245,143.45002841949463,residual
reward_intervention,contrast/decorrelated,tf_self,10034,48.94999694824219,0.205,151.04996967315674,residual
reward_intervention,contrast/decorrelated,tf_self,10035,10.000001907348633,0.0,190.0000514984131,residual
reward_intervention,contrast/decorrelated,tf_self,10036,51.79999542236328,0.22,148.19999599456787,residual
reward_intervention,contrast/decorrelated,tf_self,10037,27.099998474121094,0.09,172.9000368118286,residual
reward_intervention,contrast/decorrelated,tf_self,10038,86.0,0.4,113.9999771118164,residual
reward_intervention,contrast/decorrelated,tf_self,10039,103.10000610351562,0.49,96.89998054504395,residual
reward_intervention,contrast/decorrelated,tf_self,10040,96.45001220703125,0.455,103.55005264282227,residual
reward_intervention,contrast/decorrelated,tf_self,10041,42.29999542236328,0.17,157.6999683380127,residual
reward_intervention,contrast/decorrelated,tf_self,10042,72.69999694824219,0.33,127.30003643035889,residual
reward_intervention,contrast/decorrelated,tf_self,10043,23.299999237060547,0.07,176.69996452331543,residual
reward_intervention,contrast/decorrelated,tf_self,10044,69.85000610351562,0.315,130.14997386932373,residual
reward_intervention,contrast/decorrelated,tf_self,10045,26.149995803833008,0.085,173.85008430480957,residual
reward_intervention,contrast/decorrelated,tf_self,10046,22.349998474121094,0.065,177.64996433258057,residual
reward_intervention,contrast/decorrelated,tf_self,10047,54.64999771118164,0.235,145.35008907318115,residual
reward_intervention,contrast/decorrelated,tf_self,10048,66.05000305175781,0.295,133.95003986358643,residual
reward_intervention,contrast/decorrelated,optimal,9999,200.0,1.0,0.0,residual
reward_intervention,contrast/decorrelated,optimal,10000,200.0,1.0,0.0,residual
reward_intervention,contrast/decorrelated,optimal,10001,200.0,1.0,0.0,residual
reward_intervention,contrast/decorrelated,optimal,10002,200.0,1.0,0.0,residual
reward_intervention,contrast/decorrelated,optimal,10003,200.0,1.0,0.0,residual
reward_intervention,contrast/decorrelated,optimal,10004,200.0,1.0,0.0,residual
reward_intervention,contrast/decorrelated,optimal,10005,200.0,1.0,0.0,residual
reward_intervention,contrast/decorrelated,optimal,10006,200.0,1.0,0.0,residual
reward_intervention,contrast/decorrelated,optimal,10007,200.0,1.0,0.0,residual
reward_intervention,contrast/decorrelated,optimal,10008,200.0,1.0,0.0,residual
reward_intervention,contrast/decorrelated,optimal,10009,200.0,1.0,0.0,residual
reward_intervention,contrast/decorrelated,optimal,10010,200.0,1.0,0.0,residual
reward_intervention,contrast/decorrelated,optimal,10011,200.0,1.0,0.0,residual
reward_intervention,contrast/decorrelated,optimal,10012,200.0,1.0,0.0,residual
reward_intervention,contrast/decorrelated,optimal,10013,200.0,1.0,0.0,residual
reward_intervention,contrast/decorrelated,optimal,10014,200.0,1.0,0.0,residual
reward_intervention,contrast/decorrelated,optimal,10015,200.0,1.0,0.0,residual
reward_intervention,contrast/decorrelated,optimal,10016,200.0,1.0,0.0,residual
reward_intervention,contrast/decorrelated,optimal,10017,200.0,1.0,0.0,residual
reward_intervention,contrast/decorrelated,optimal,10018,200.0,1.0,0.0,residual
reward_intervention,contrast/decorrelated,optimal,10019,200.0,1.0,0.0,residual
reward_intervention,contrast/decorrelated,optimal,10020,200.0,1.0,0.0,residual
reward_intervention,contrast/decorrelated,optimal,10021,200.0,1.0,0.0,residual
reward_intervention,contrast/decorrelated,optimal,10022,200.0,1.0,0.0,residual
reward_intervention,contrast/decorrelated,optimal,10023,200.0,1.0,0.0,residual
reward_intervention,contrast/decorrelated,optimal,10024,200.0,1.0,0.0,residual
reward_intervention,contrast/decorrelated,optimal,10025,200.0,1.0,0.0,residual
reward_intervention,contrast/decorrelated,optimal,10026,200.0,1.0,0.0,residual
reward_intervention,contrast/decorrelated,optimal,10027,200.0,1.0,0.0,residual
reward_intervention,contrast/decorrelated,optimal,10028,200.0,1.0,0.0,residual
reward_intervention,contrast/decorrelated,optimal,10029,200.0,1.0,0.0,residual
reward_intervention,contrast/decorrelated,optimal,10030,200.0,1.0,0.0,residual
reward_intervention,contrast/decorrelated,optimal,10031,200.0,1.0,0.0,residual
reward_intervention,contrast/decorrelated,optimal,10032,200.0,1.0,0.0,residual
reward_intervention,contrast/decorrelated,optimal,10033,200.0,1.0,0.0,residual
reward_intervention,contrast/decorrelated,optimal,10034,200.0,1.0,0.0,residual
reward_intervention,contrast/decorrelated,optimal,10035,200.0,1.0,0.0,residual
reward_intervention,contrast/decorrelated,optimal,10036,200.0,1.0,0.0,residual
reward_intervention,contrast/decorrelated,optimal,10037,200.0,1.0,0.0,residual
reward_intervention,contrast/decorrelated,optimal,10038,200.0,1.0,0.0,residual
reward_intervention,contrast/decorrelated,optimal,10039,200.0,1.0,0.0,residual
reward_intervention,contrast/decorrelated,optimal,10040,200.0,1.0,0.0,residual
reward_intervention,contrast/decorrelated,optimal,10041,200.0,1.0,0.0,residual
reward_intervention,contrast/decorrelated,optimal,10042,200.0,1.0,0.0,residual
reward_intervention,contrast/decorrelated,optimal,10043,200.0,1.0,0.0,residual
reward_intervention,contrast/decorrelated,optimal,10044,200.0,1.0,0.0,residual
reward_intervention,contrast/decorrelated,optimal,10045,200.0,1.0,0.0,residual
reward_intervention,contrast/decorrelated,optimal,10046,200.0,1.0,0.0,residual
reward_intervention,contrast/decorrelated,optimal,10047,200.0,1.0,0.0,residual
reward_intervention,contrast/decorrelated,optimal,10048,200.0,1.0,0.0,residual
reward_intervention,contrast/decorrelated,epsgreedy,9999,44.19999694824219,0.18,155.79996871948242,residual
reward_intervention,contrast/decorrelated,epsgreedy,10000,25.199996948242188,0.08,174.79996490478516,residual
reward_intervention,contrast/decorrelated,epsgreedy,10001,80.30000305175781,0.37,119.70002841949463,residual
reward_intervention,contrast/decorrelated,epsgreedy,10002,32.79999542236328,0.12,167.19999980926514,residual
reward_intervention,contrast/decorrelated,epsgreedy,10003,48.0,0.2,151.99996948242188,residual
reward_intervention,contrast/decorrelated,epsgreedy,10004,20.449996948242188,0.055,179.54996395111084,residual
reward_intervention,contrast/decorrelated,epsgreedy,10005,52.749996185302734,0.225,147.2499704360962,residual
reward_intervention,contrast/decorrelated,epsgreedy,10006,55.59999465942383,0.24,144.39997100830078,residual
reward_intervention,contrast/decorrelated,epsgreedy,10007,56.54999542236328,0.245,143.45005893707275,residual
reward_intervention,contrast/decorrelated,epsgreedy,10008,51.79999542236328,0.22,148.19997024536133,residual
reward_intervention,contrast/decorrelated,epsgreedy,10009,56.54999542236328,0.245,143.45000076293945,residual
reward_intervention,contrast/decorrelated,epsgreedy,10010,100.25,0.475,99.74997997283936,residual
reward_intervention,contrast/decorrelated,epsgreedy,10011,60.349998474121094,0.265,139.65003967285156,residual
reward_intervention,contrast/decorrelated,epsgreedy,10012,44.19999694824219,0.18,155.80004596710205,residual
reward_intervention,contrast/decorrelated,epsgreedy,10013,84.10000610351562,0.39,115.89997673034668,residual
reward_intervention,contrast/decorrelated,epsgreedy,10014,65.10000610351562,0.29,134.89997386932373,residual
reward_intervention,contrast/decorrelated,epsgreedy,10015,21.39999771118164,0.06,178.5999641418457,residual
reward_intervention,contrast/decorrelated,epsgreedy,10016,35.650001525878906,0.135,164.34996700286865,residual
reward_intervention,contrast/decorrelated,epsgreedy,10017,33.75,0.125,166.2500410079956,residual
reward_intervention,contrast/decorrelated,epsgreedy,10018,82.19999694824219,0.38,117.79997825622559,residual
reward_intervention,contrast/decorrelated,epsgreedy,10019,67.0,0.3,132.99997329711914,residual
reward_intervention,contrast/decorrelated,epsgreedy,10020,45.149993896484375,0.185,154.8500099182129,residual
reward_intervention,contrast/decorrelated,epsgreedy,10021,72.69999694824219,0.33,127.29997444152832,residual
reward_intervention,contrast/decorrelated,epsgreedy,10022,16.650001525878906,0.035,183.35007190704346,residual
reward_intervention,contrast/decorrelated,epsgreedy,10023,37.54999542236328,0.145,162.45003700256348,residual
reward_intervention,contrast/decorrelated,epsgreedy,10024,71.75,0.325,128.24998092651367,residual
reward_intervention,contrast/decorrelated,epsgreedy,10025,70.80000305175781,0.32,129.1999740600586,residual
reward_intervention,contrast/decorrelated,epsgreedy,10026,104.05000305175781,0.495,95.94998168945312,residual
reward_intervention,contrast/decorrelated,epsgreedy,10027,76.50000762939453,0.35,123.49997520446777,residual
reward_intervention,contrast/decorrelated,epsgreedy,10028,79.35000610351562,0.365,120.65000247955322,residual
reward_intervention,contrast/decorrelated,epsgreedy,10029,59.39999771118164,0.26,140.59997177124023,residual
reward_intervention,contrast/decorrelated,epsgreedy,10030,47.04999542236328,0.195,152.949969291687,residual
reward_intervention,contrast/decorrelated,epsgreedy,10031,108.80000305175781,0.52,91.19998168945312,residual
reward_intervention,contrast/decorrelated,epsgreedy,10032,45.14999771118164,0.185,154.85004901885986,residual
reward_intervention,contrast/decorrelated,epsgreedy,10033,28.999998092651367,0.1,170.99998664855957,residual
reward_intervention,contrast/decorrelated,epsgreedy,10034,72.69999694824219,0.33,127.29997444152832,residual
reward_intervention,contrast/decorrelated,epsgreedy,10035,100.25,0.475,99.75004386901855,residual
reward_intervention,contrast/decorrelated,epsgreedy,10036,83.1500015258789,0.385,116.84998989105225,residual
reward_intervention,contrast/decorrelated,epsgreedy,10037,18.549999237060547,0.045,181.45001697540283,residual
reward_intervention,contrast/decorrelated,epsgreedy,10038,31.849994659423828,0.115,168.1499662399292,residual
reward_intervention,contrast/decorrelated,epsgreedy,10039,53.69999694824219,0.23,146.29997539520264,residual
reward_intervention,contrast/decorrelated,epsgreedy,10040,70.80000305175781,0.32,129.2000913619995,residual
reward_intervention,contrast/decorrelated,epsgreedy,10041,54.64999771118164,0.235,145.34997081756592,residual
reward_intervention,contrast/decorrelated,epsgreedy,10042,27.099998474121094,0.09,172.9000768661499,residual
reward_intervention,contrast/decorrelated,epsgreedy,10043,40.399993896484375,0.16,159.59996795654297,residual
reward_intervention,contrast/decorrelated,epsgreedy,10044,44.19999313354492,0.18,155.79997158050537,residual
reward_intervention,contrast/decorrelated,epsgreedy,10045,16.649999618530273,0.035,183.35008239746094,residual
reward_intervention,contrast/decorrelated,epsgreedy,10046,78.4000015258789,0.36,121.5999755859375,residual
reward_intervention,contrast/decorrelated,epsgreedy,10047,61.29999542236328,0.27,138.7000732421875,residual
reward_intervention,contrast/decorrelated,epsgreedy,10048,56.54999542236328,0.245,143.45001411437988,residual
reward_intervention,contrast/decorrelated,greedy,9999,35.64999771118164,0.135,164.34996700286865,residual
reward_intervention,contrast/decorrelated,greedy,10000,81.25,0.375,118.74997615814209,residual
reward_intervention,contrast/decorrelated,greedy,10001,98.35000610351562,0.465,101.65001106262207,residual
reward_intervention,contrast/decorrelated,greedy,10002,109.75000762939453,0.525,90.25000858306885,residual
reward_intervention,contrast/decorrelated,greedy,10003,83.1500015258789,0.385,116.84997653961182,residual
reward_intervention,contrast/decorrelated,greedy,10004,35.64999771118164,0.135,164.34996700286865,residual
reward_intervention,contrast/decorrelated,greedy,10005,23.299997329711914,0.07,176.69996452331543,residual
reward_intervention,contrast/decorrelated,greedy,10006,80.30000305175781,0.37,119.69997596740723,residual
reward_intervention,contrast/decorrelated,greedy,10007,99.30000305175781,0.47,100.70003128051758,residual
reward_intervention,contrast/decorrelated,greedy,10008,51.79999923706055,0.22,148.19997024536133,residual
reward_intervention,contrast/decorrelated,greedy,10009,54.64999771118164,0.235,145.35000228881836,residual
reward_intervention,contrast/decorrelated,greedy,10010,122.10000610351562,0.59,77.89998435974121,residual
reward_intervention,contrast/decorrelated,greedy,10011,45.14999771118164,0.185,154.850022315979,residual
reward_intervention,contrast/decorrelated,greedy,10012,59.400001525878906,0.26,140.60009002685547,residual
reward_intervention,contrast/decorrelated,greedy,10013,66.04999542236328,0.295,133.94997310638428,residual
reward_intervention,contrast/decorrelated,greedy,10014,63.19999313354492,0.28,136.7999725341797,residual
reward_intervention,contrast/decorrelated,greedy,10015,10.000001907348633,0.0,189.99996185302734,residual
reward_intervention,contrast/decorrelated,greedy,10016,32.79999542236328,0.12,167.19996643066406,residual
reward_intervention,contrast/decorrelated,greedy,10017,61.29999542236328,0.27,138.7000608444214,residual
reward_intervention,contrast/decorrelated,greedy,10018,76.5,0.35,123.49997520446777,residual
reward_intervention,contrast/decorrelated,greedy,10019,46.099998474121094,0.19,153.89996910095215,residual
reward_intervention,contrast/decorrelated,greedy,10020,43.249996185302734,0.175,156.74999332427979,residual
reward_intervention,contrast/decorrelated,greedy,10021,10.000001907348633,0.0,189.99996185302734,residual
reward_intervention,contrast/decorrelated,greedy,10022,19.5,0.05,180.50008583068848,residual
reward_intervention,contrast/decorrelated,greedy,10023,50.84999465942383,0.215,149.15002822875977,residual
reward_intervention,contrast/decorrelated,greedy,10024,34.69999694824219,0.13,165.29998779296875,residual
reward_intervention,contrast/decorrelated,greedy,10025,65.0999984741211,0.29,134.8999729156494,residual
reward_intervention,contrast/decorrelated,greedy,10026,103.10000610351562,0.49,96.89998054504395,residual
reward_intervention,contrast/decorrelated,greedy,10027,95.5,0.45,104.49997901916504,residual
reward_intervention,contrast/decorrelated,greedy,10028,94.55000305175781,0.445,105.44997882843018,residual
reward_intervention,contrast/decorrelated,greedy,10029,37.54999542236328,0.145,162.44996738433838,residual
reward_intervention,contrast/decorrelated,greedy,10030,51.79999542236328,0.22,148.19997024536133,residual
reward_intervention,contrast/decorrelated,greedy,10031,93.60000610351562,0.44,106.39997863769531,residual
reward_intervention,contrast/decorrelated,greedy,10032,40.39999771118164,0.16,159.60004711151123,residual
reward_intervention,contrast/decorrelated,greedy,10033,70.80000305175781,0.32,129.19999885559082,residual
reward_intervention,contrast/decorrelated,greedy,10034,64.1500015258789,0.285,135.84997272491455,residual
reward_intervention,contrast/decorrelated,greedy,10035,84.0999984741211,0.39,115.90003395080566,residual
reward_intervention,contrast/decorrelated,greedy,10036,73.6500015258789,0.335,126.3499927520752,residual
reward_intervention,contrast/decorrelated,greedy,10037,10.000001907348633,0.0,190.0000171661377,residual
reward_intervention,contrast/decorrelated,greedy,10038,30.89999771118164,0.11,169.09996604919434,residual
reward_intervention,contrast/decorrelated,greedy,10039,67.0,0.3,132.99997329711914,residual
reward_intervention,contrast/decorrelated,greedy,10040,57.5,0.25,142.5000638961792,residual
reward_intervention,contrast/decorrelated,greedy,10041,42.29999542236328,0.17,157.6999683380127,residual
reward_intervention,contrast/decorrelated,greedy,10042,25.199996948242188,0.08,174.80006217956543,residual
reward_intervention,contrast/decorrelated,greedy,10043,65.0999984741211,0.29,134.8999729156494,residual
reward_intervention,contrast/decorrelated,greedy,10044,96.45000457763672,0.455,103.5499792098999,residual
reward_intervention,contrast/decorrelated,greedy,10045,32.79999542236328,0.12,167.20010375976562,residual
reward_intervention,contrast/decorrelated,greedy,10046,91.70000457763672,0.43,108.29997825622559,residual
reward_intervention,contrast/decorrelated,greedy,10047,68.89999389648438,0.31,131.1000623703003,residual
reward_intervention,contrast/decorrelated,greedy,10048,29.949996948242188,0.105,170.0500144958496,residual
reward_intervention,contrast/decorrelated,random,9999,66.04999542236328,0.295,133.94997310638428,residual
reward_intervention,contrast/decorrelated,random,10000,53.69999694824219,0.23,146.29997062683105,residual
reward_intervention,contrast/decorrelated,random,10001,58.44999694824219,0.255,141.55001544952393,residual
reward_intervention,contrast/decorrelated,random,10002,50.849998474121094,0.215,149.14999675750732,residual
reward_intervention,contrast/decorrelated,random,10003,57.499996185302734,0.25,142.4999713897705,residual
reward_intervention,contrast/decorrelated,random,10004,62.25,0.275,137.74997234344482,residual
reward_intervention,contrast/decorrelated,random,10005,64.14999389648438,0.285,135.84997272491455,residual
reward_intervention,contrast/decorrelated,random,10006,61.29999923706055,0.27,138.69997215270996,residual
reward_intervention,contrast/decorrelated,random,10007,61.30000305175781,0.27,138.70005893707275,residual
reward_intervention,contrast/decorrelated,random,10008,59.399993896484375,0.26,140.59997177124023,residual
reward_intervention,contrast/decorrelated,random,10009,50.849998474121094,0.215,149.14999294281006,residual
reward_intervention,contrast/decorrelated,random,10010,49.899993896484375,0.21,150.0999698638916,residual
reward_intervention,contrast/decorrelated,random,10011,53.69999694824219,0.23,146.30006980895996,residual
reward_intervention,contrast/decorrelated,random,10012,65.0999984741211,0.29,134.90003108978271,residual
reward_intervention,contrast/decorrelated,random,10013,55.599998474121094,0.24,144.39997100830078,residual
reward_intervention,contrast/decorrelated,random,10014,57.499996185302734,0.25,142.49997806549072,residual
reward_intervention,contrast/decorrelated,random,10015,49.899993896484375,0.21,150.0999698638916,residual
reward_intervention,contrast/decorrelated,random,10016,56.54999542236328,0.245,143.44997119903564,residual
reward_intervention,contrast/decorrelated,random,10017,51.79999542236328,0.22,148.20003032684326,residual
reward_intervention,contrast/decorrelated,random,10018,64.14999389648438,0.285,135.84997653961182,residual
reward_intervention,contrast/decorrelated,random,10019,61.29999542236328,0.27,138.69997215270996,residual
reward_intervention,contrast/decorrelated,random,10020,67.94999694824219,0.305,132.0500202178955,residual
reward_intervention,contrast/decorrelated,random,10021,53.69999694824219,0.23,146.29997062683105,residual
reward_intervention,contrast/decorrelated,random,10022,60.349998474121094,0.265,139.6500539779663,residual
reward_intervention,contrast/decorrelated,random,10023,54.650001525878906,0.235,145.3500270843506,residual
reward_intervention,contrast/decorrelated,random,10024,54.64999771118164,0.235,145.34998035430908,residual
reward_intervention,contrast/decorrelated,random,10025,55.599998474121094,0.24,144.39997100830078,residual
reward_intervention,contrast/decorrelated,random,10026,48.94999694824219,0.205,151.04997444152832,residual
reward_intervention,contrast/decorrelated,random,10027,57.499996185302734,0.25,142.4999713897705,residual
reward_intervention,contrast/decorrelated,random,10028,58.44999694824219,0.255,141.54998397827148,residual
reward_intervention,contrast/decorrelated,random,10029,57.499996185302734,0.25,142.4999713897705,residual
reward_intervention,contrast/decorrelated,random,10030,68.9000015258789,0.31,131.09997367858887,residual
reward_intervention,contrast/decorrelated,random,10031,59.399993896484375,0.26,140.59997177124023,residual
reward_intervention,contrast/decorrelated,random,10032,53.69999694824219,0.23,146.30005264282227,residual
reward_intervention,contrast/decorrelated,random,10033,50.849998474121094,0.215,149.15002155303955,residual
reward_intervention,contrast/decorrelated,random,10034,55.599998474121094,0.24,144.39997100830078,residual
reward_intervention,contrast/decorrelated,random,10035,54.649993896484375,0.235,145.35002613067627,residual
reward_intervention,contrast/decorrelated,random,10036,64.1500015258789,0.285,135.84998226165771,residual
reward_intervention,contrast/decorrelated,random,10037,56.55000305175781,0.245,143.45002841949463,residual
reward_intervention,contrast/decorrelated,random,10038,48.94999694824219,0.205,151.04996967315674,residual
reward_intervention,contrast/decorrelated,random,10039,58.44999694824219,0.255,141.5499963760376,residual
reward_intervention,contrast/decorrelated,random,10040,53.69999694824219,0.23,146.30006217956543,residual
reward_intervention,contrast/decorrelated,random,10041,54.64999771118164,0.235,145.34997081756592,residual
reward_intervention,contrast/decorrelated,random,10042,62.25,0.275,137.75006771087646,residual
reward_intervention,contrast/decorrelated,random,10043,59.399993896484375,0.26,140.59997177124023,residual
reward_intervention,contrast/decorrelated,random,10044,55.599998474121094,0.24,144.39999103546143,residual
reward_intervention,contrast/decorrelated,random,10045,46.09999465942383,0.19,153.9000473022461,residual
reward_intervention,contrast/decorrelated,random,10046,59.40000534057617,0.26,140.59997177124023,residual
reward_intervention,contrast/decorrelated,random,10047,57.499996185302734,0.25,142.50008487701416,residual
reward_intervention,contrast/decorrelated,random,10048,45.14999771118164,0.185,154.85002613067627,residual
reward_intervention,contrast/inverted,tf_legacy,9999,66.05000305175781,0.295,133.94997310638428,residual
reward_intervention,contrast/inverted,tf_legacy,10000,37.54999542236328,0.145,162.44996738433838,residual
reward_intervention,contrast/inverted,tf_legacy,10001,11.90000057220459,0.01,188.10001468658447,residual
reward_intervention,contrast/inverted,tf_legacy,10002,69.84999084472656,0.315,130.14999294281006,residual
reward_intervention,contrast/inverted,tf_legacy,10003,33.749996185302734,0.125,166.24996662139893,residual
reward_intervention,contrast/inverted,tf_legacy,10004,82.19999694824219,0.38,117.79997634887695,residual
reward_intervention,contrast/inverted,tf_legacy,10005,71.75,0.325,128.24997425079346,residual
reward_intervention,contrast/inverted,tf_legacy,10006,28.999996185302734,0.1,170.9999656677246,residual
reward_intervention,contrast/inverted,tf_legacy,10007,10.950000762939453,0.005,189.0500612258911,residual
reward_intervention,contrast/inverted,tf_legacy,10008,76.5,0.35,123.49997520446777,residual
reward_intervention,contrast/inverted,tf_legacy,10009,34.69999694824219,0.13,165.2999668121338,residual
reward_intervention,contrast/inverted,tf_legacy,10010,26.14999771118164,0.085,173.84996509552002,residual
reward_intervention,contrast/inverted,tf_legacy,10011,47.04999542236328,0.195,152.95003604888916,residual
reward_intervention,contrast/inverted,tf_legacy,10012,66.04999542236328,0.295,133.95003986358643,residual
reward_intervention,contrast/inverted,tf_legacy,10013,30.900001525878906,0.11,169.09996604919434,residual
reward_intervention,contrast/inverted,tf_legacy,10014,49.899993896484375,0.21,150.0999698638916,residual
reward_intervention,contrast/inverted,tf_legacy,10015,22.34999656677246,0.065,177.64996433258057,residual
reward_intervention,contrast/inverted,tf_legacy,10016,77.44999694824219,0.355,122.54997539520264,residual
reward_intervention,contrast/inverted,tf_legacy,10017,73.64999389648438,0.335,126.35002899169922,residual
reward_intervention,contrast/inverted,tf_legacy,10018,45.14999771118164,0.185,154.84996891021729,residual
reward_intervention,contrast/inverted,tf_legacy,10019,10.950000762939453,0.005,189.0499620437622,residual
reward_intervention,contrast/inverted,tf_legacy,10020,59.400001525878906,0.26,140.60000228881836,residual
reward_intervention,contrast/inverted,tf_legacy,10021,76.5,0.35,123.49997520446777,residual
reward_intervention,contrast/inverted,tf_legacy,10022,57.499996185302734,0.25,142.50007724761963,residual
reward_intervention,contrast/inverted,tf_legacy,10023,116.4000015258789,0.56,83.60006713867188,residual
reward_intervention,contrast/inverted,tf_legacy,10024,67.0,0.3,133.00000095367432,residual
reward_intervention,contrast/inverted,tf_legacy,10025,45.14999771118164,0.185,154.84996891021729,residual
reward_intervention,contrast/inverted,tf_legacy,10026,36.599998474121094,0.14,163.39997959136963,residual
reward_intervention,contrast/inverted,tf_legacy,10027,65.10000610351562,0.29,134.8999729156494,residual
reward_intervention,contrast/inverted,tf_legacy,10028,58.44999694824219,0.255,141.54997158050537,residual
reward_intervention,contrast/inverted,tf_legacy,10029,40.399993896484375,0.16,159.59996795654297,residual
reward_intervention,contrast/inverted,tf_legacy,10030,56.54999542236328,0.245,143.44997119903564,residual
reward_intervention,contrast/inverted,tf_legacy,10031,31.849992752075195,0.115,168.1499662399292,residual
reward_intervention,contrast/inverted,tf_legacy,10032,34.69999694824219,0.13,165.30005359649658,residual
reward_intervention,contrast/inverted,tf_legacy,10033,44.19999694824219,0.18,155.8000135421753,residual
reward_intervention,contrast/inverted,tf_legacy,10034,28.049999237060547,0.095,171.94996547698975,residual
reward_intervention,contrast/inverted,tf_legacy,10035,10.000001907348633,0.0,190.00001525878906,residual
reward_intervention,contrast/inverted,tf_legacy,10036,27.099994659423828,0.09,172.8999843597412,residual
reward_intervention,contrast/inverted,tf_legacy,10037,24.249998092651367,0.075,175.7500171661377,residual
reward_intervention,contrast/inverted,tf_legacy,10038,32.79999923706055,0.12,167.19996643066406,residual
reward_intervention,contrast/inverted,tf_legacy,10039,11.90000057220459,0.01,188.09998893737793,residual
reward_intervention,contrast/inverted,tf_legacy,10040,15.700000762939453,0.03,184.30005550384521,residual
reward_intervention,contrast/inverted,tf_legacy,10041,93.5999984741211,0.44,106.39997863769531,residual
reward_intervention,contrast/inverted,tf_legacy,10042,57.499996185302734,0.25,142.50006771087646,residual
reward_intervention,contrast/inverted,tf_legacy,10043,31.849998474121094,0.115,168.1499662399292,residual
reward_intervention,contrast/inverted,tf_legacy,10044,31.84999656677246,0.115,168.1499662399292,residual
reward_intervention,contrast/inverted,tf_legacy,10045,67.0,0.3,133.00009155273438,residual
reward_intervention,contrast/inverted,tf_legacy,10046,48.95000076293945,0.205,151.04996967315674,residual
reward_intervention,contrast/inverted,tf_legacy,10047,10.950000762939453,0.005,189.05011749267578,residual
reward_intervention,contrast/inverted,tf_legacy,10048,44.19999694824219,0.18,155.8000078201294,residual
reward_intervention,contrast/inverted,tf_self,9999,40.39999771118164,0.16,159.59996795654297,residual
reward_intervention,contrast/inverted,tf_self,10000,48.94999694824219,0.205,151.04996967315674,residual
reward_intervention,contrast/inverted,tf_self,10001,47.04999542236328,0.195,152.9499740600586,residual
reward_intervention,contrast/inverted,tf_self,10002,67.94999694824219,0.305,132.0499496459961,residual
reward_intervention,contrast/inverted,tf_self,10003,10.000001907348633,0.0,189.99996185302734,residual
reward_intervention,contrast/inverted,tf_self,10004,50.849998474121094,0.215,149.14997005462646,residual
reward_intervention,contrast/inverted,tf_self,10005,74.5999984741211,0.34,125.39997482299805,residual
reward_intervention,contrast/inverted,tf_self,10006,30.899995803833008,0.11,169.09996604919434,residual
reward_intervention,contrast/inverted,tf_self,10007,10.950000762939453,0.005,189.0500602722168,residual
reward_intervention,contrast/inverted,tf_self,10008,35.649993896484375,0.135,164.34996700286865,residual
reward_intervention,contrast/inverted,tf_self,10009,10.000001907348633,0.0,189.99996185302734,residual
reward_intervention,contrast/inverted,tf_self,10010,10.000001907348633,0.0,189.99996185302734,residual
reward_intervention,contrast/inverted,tf_self,10011,87.9000015258789,0.41,112.10003089904785,residual
reward_intervention,contrast/inverted,tf_self,10012,102.14999389648438,0.485,97.85005283355713,residual
reward_intervention,contrast/inverted,tf_self,10013,64.1500015258789,0.285,135.84997272491455,residual
reward_intervention,contrast/inverted,tf_self,10014,39.44999313354492,0.155,160.54999542236328,residual
reward_intervention,contrast/inverted,tf_self,10015,53.69999694824219,0.23,146.29997062683105,residual
reward_intervention,contrast/inverted,tf_self,10016,15.69999885559082,0.03,184.29996299743652,residual
reward_intervention,contrast/inverted,tf_self,10017,70.80000305175781,0.32,129.20003700256348,residual
reward_intervention,contrast/inverted,tf_self,10018,88.85000610351562,0.415,111.149977684021,residual
reward_intervention,contrast/inverted,tf_self,10019,10.950000762939453,0.005,189.0499620437622,residual
reward_intervention,contrast/inverted,tf_self,10020,91.70000457763672,0.43,108.30004501342773,residual
reward_intervention,contrast/inverted,tf_self,10021,105.95000457763672,0.505,94.04998111724854,residual
reward_intervention,contrast/inverted,tf_self,10022,10.000001907348633,0.0,190.00006771087646,residual
reward_intervention,contrast/inverted,tf_self,10023,93.60000610351562,0.44,106.40007019042969,residual
reward_intervention,contrast/inverted,tf_self,10024,36.599998474121094,0.14,163.39999771118164,residual
reward_intervention,contrast/inverted,tf_self,10025,51.79999542236328,0.22,148.19997024536133,residual
reward_intervention,contrast/inverted,tf_self,10026,36.599998474121094,0.14,163.39997959136963,residual
reward_intervention,contrast/inverted,tf_self,10027,37.54999542236328,0.145,162.44996738433838,residual
reward_intervention,contrast/inverted,tf_self,10028,10.000001907348633,0.0,189.99996185302734,residual
reward_intervention,contrast/inverted,tf_self,10029,33.75,0.125,166.24996662139893,residual
reward_intervention,contrast/inverted,tf_self,10030,57.5,0.25,142.4999713897705,residual
reward_intervention,contrast/inverted,tf_self,10031,67.0,0.3,132.99997329711914,residual
reward_intervention,contrast/inverted,tf_self,10032,10.000001907348633,0.0,190.0000638961792,residual
reward_intervention,contrast/inverted,tf_self,10033,55.599998474121094,0.24,144.40003299713135,residual
reward_intervention,contrast/inverted,tf_self,10034,25.19999885559082,0.08,174.79996490478516,residual
reward_intervention,contrast/inverted,tf_self,10035,10.000001907348633,0.0,190.0000114440918,residual
reward_intervention,contrast/inverted,tf_self,10036,51.79999542236328,0.22,148.1999969482422,residual
reward_intervention,contrast/inverted,tf_self,10037,41.34999465942383,0.165,158.65003108978271,residual
reward_intervention,contrast/inverted,tf_self,10038,38.5,0.15,161.49996757507324,residual
reward_intervention,contrast/inverted,tf_self,10039,69.8499984741211,0.315,130.1499948501587,residual
reward_intervention,contrast/inverted,tf_self,10040,10.950000762939453,0.005,189.05005645751953,residual
reward_intervention,contrast/inverted,tf_self,10041,46.099998474121094,0.19,153.89996910095215,residual
reward_intervention,contrast/inverted,tf_self,10042,10.000001907348633,0.0,190.00008296966553,residual
reward_intervention,contrast/inverted,tf_self,10043,23.299999237060547,0.07,176.69996452331543,residual
reward_intervention,contrast/inverted,tf_self,10044,10.950000762939453,0.005,189.0499620437622,residual
reward_intervention,contrast/inverted,tf_self,10045,10.000001907348633,0.0,190.0000867843628,residual
reward_intervention,contrast/inverted,tf_self,10046,37.54999542236328,0.145,162.44996738433838,residual
reward_intervention,contrast/inverted,tf_self,10047,10.950000762939453,0.005,189.05011749267578,residual
reward_intervention,contrast/inverted,tf_self,10048,79.35000610351562,0.365,120.65000247955322,residual
reward_intervention,contrast/inverted,optimal,9999,200.0,1.0,0.0,residual
reward_intervention,contrast/inverted,optimal,10000,200.0,1.0,0.0,residual
reward_intervention,contrast/inverted,optimal,10001,200.0,1.0,0.0,residual
reward_intervention,contrast/inverted,optimal,10002,200.0,1.0,0.0,residual
reward_intervention,contrast/inverted,optimal,10003,200.0,1.0,0.0,residual
reward_intervention,contrast/inverted,optimal,10004,200.0,1.0,0.0,residual
reward_intervention,contrast/inverted,optimal,10005,200.0,1.0,0.0,residual
reward_intervention,contrast/inverted,optimal,10006,200.0,1.0,0.0,residual
reward_intervention,contrast/inverted,optimal,10007,200.0,1.0,0.0,residual
reward_intervention,contrast/inverted,optimal,10008,200.0,1.0,0.0,residual
reward_intervention,contrast/inverted,optimal,10009,200.0,1.0,0.0,residual
reward_intervention,contrast/inverted,optimal,10010,200.0,1.0,0.0,residual
reward_intervention,contrast/inverted,optimal,10011,200.0,1.0,0.0,residual
reward_intervention,contrast/inverted,optimal,10012,200.0,1.0,0.0,residual
reward_intervention,contrast/inverted,optimal,10013,200.0,1.0,0.0,residual
reward_intervention,contrast/inverted,optimal,10014,200.0,1.0,0.0,residual
reward_intervention,contrast/inverted,optimal,10015,200.0,1.0,0.0,residual
reward_intervention,contrast/inverted,optimal,10016,200.0,1.0,0.0,residual
reward_intervention,contrast/inverted,optimal,10017,200.0,1.0,0.0,residual
reward_intervention,contrast/inverted,optimal,10018,200.0,1.0,0.0,residual
reward_intervention,contrast/inverted,optimal,10019,200.0,1.0,0.0,residual
reward_intervention,contrast/inverted,optimal,10020,200.0,1.0,0.0,residual
reward_intervention,contrast/inverted,optimal,10021,200.0,1.0,0.0,residual
reward_intervention,contrast/inverted,optimal,10022,200.0,1.0,0.0,residual
reward_intervention,contrast/inverted,optimal,10023,200.0,1.0,0.0,residual
reward_intervention,contrast/inverted,optimal,10024,200.0,1.0,0.0,residual
reward_intervention,contrast/inverted,optimal,10025,200.0,1.0,0.0,residual
reward_intervention,contrast/inverted,optimal,10026,200.0,1.0,0.0,residual
reward_intervention,contrast/inverted,optimal,10027,200.0,1.0,0.0,residual
reward_intervention,contrast/inverted,optimal,10028,200.0,1.0,0.0,residual
reward_intervention,contrast/inverted,optimal,10029,200.0,1.0,0.0,residual
reward_intervention,contrast/inverted,optimal,10030,200.0,1.0,0.0,residual
reward_intervention,contrast/inverted,optimal,10031,200.0,1.0,0.0,residual
reward_intervention,contrast/inverted,optimal,10032,200.0,1.0,0.0,residual
reward_intervention,contrast/inverted,optimal,10033,200.0,1.0,0.0,residual
reward_intervention,contrast/inverted,optimal,10034,200.0,1.0,0.0,residual
reward_intervention,contrast/inverted,optimal,10035,200.0,1.0,0.0,residual
reward_intervention,contrast/inverted,optimal,10036,200.0,1.0,0.0,residual
reward_intervention,contrast/inverted,optimal,10037,200.0,1.0,0.0,residual
reward_intervention,contrast/inverted,optimal,10038,200.0,1.0,0.0,residual
reward_intervention,contrast/inverted,optimal,10039,200.0,1.0,0.0,residual
reward_intervention,contrast/inverted,optimal,10040,200.0,1.0,0.0,residual
reward_intervention,contrast/inverted,optimal,10041,200.0,1.0,0.0,residual
reward_intervention,contrast/inverted,optimal,10042,200.0,1.0,0.0,residual
reward_intervention,contrast/inverted,optimal,10043,200.0,1.0,0.0,residual
reward_intervention,contrast/inverted,optimal,10044,200.0,1.0,0.0,residual
reward_intervention,contrast/inverted,optimal,10045,200.0,1.0,0.0,residual
reward_intervention,contrast/inverted,optimal,10046,200.0,1.0,0.0,residual
reward_intervention,contrast/inverted,optimal,10047,200.0,1.0,0.0,residual
reward_intervention,contrast/inverted,optimal,10048,200.0,1.0,0.0,residual
reward_intervention,contrast/inverted,epsgreedy,9999,25.199996948242188,0.08,174.79996490478516,residual
reward_intervention,contrast/inverted,epsgreedy,10000,23.299999237060547,0.07,176.69996452331543,residual
reward_intervention,contrast/inverted,epsgreedy,10001,33.75,0.125,166.2500123977661,residual
reward_intervention,contrast/inverted,epsgreedy,10002,38.5,0.15,161.4999647140503,residual
reward_intervention,contrast/inverted,epsgreedy,10003,20.449996948242188,0.055,179.54996395111084,residual
reward_intervention,contrast/inverted,epsgreedy,10004,19.499998092651367,0.05,180.49996376037598,residual
reward_intervention,contrast/inverted,epsgreedy,10005,41.349998474121094,0.165,158.64996814727783,residual
reward_intervention,contrast/inverted,epsgreedy,10006,41.34999465942383,0.165,158.64996814727783,residual
reward_intervention,contrast/inverted,epsgreedy,10007,26.14999771118164,0.085,173.8500623703003,residual
reward_intervention,contrast/inverted,epsgreedy,10008,17.599998474121094,0.04,182.39996337890625,residual
reward_intervention,contrast/inverted,epsgreedy,10009,59.39999771118164,0.26,140.60000038146973,residual
reward_intervention,contrast/inverted,epsgreedy,10010,22.349998474121094,0.065,177.64996433258057,residual
reward_intervention,contrast/inverted,epsgreedy,10011,28.04999542236328,0.095,171.95005702972412,residual
reward_intervention,contrast/inverted,epsgreedy,10012,29.949996948242188,0.105,170.05007076263428,residual
reward_intervention,contrast/inverted,epsgreedy,10013,33.749996185302734,0.125,166.24996662139893,residual
reward_intervention,contrast/inverted,epsgreedy,10014,18.549999237060547,0.045,181.44996643066406,residual
reward_intervention,contrast/inverted,epsgreedy,10015,21.39999771118164,0.06,178.5999641418457,residual
reward_intervention,contrast/inverted,epsgreedy,10016,37.54999542236328,0.145,162.44996738433838,residual
reward_intervention,contrast/inverted,epsgreedy,10017,26.14999771118164,0.085,173.85005474090576,residual
reward_intervention,contrast/inverted,epsgreedy,10018,53.70000076293945,0.23,146.2999725341797,residual
reward_intervention,contrast/inverted,epsgreedy,10019,36.599998474121094,0.14,163.39996719360352,residual
reward_intervention,contrast/inverted,epsgreedy,10020,40.399993896484375,0.16,159.60002326965332,residual
reward_intervention,contrast/inverted,epsgreedy,10021,16.649999618530273,0.035,183.3499631881714,residual
reward_intervention,contrast/inverted,epsgreedy,10022,15.700000762939453,0.03,184.30007553100586,residual
reward_intervention,contrast/inverted,epsgreedy,10023,23.299999237060547,0.07,176.70002841949463,residual
reward_intervention,contrast/inverted,epsgreedy,10024,43.249996185302734,0.175,156.74998474121094,residual
reward_intervention,contrast/inverted,epsgreedy,10025,16.649999618530273,0.035,183.3499631881714,residual
reward_intervention,contrast/inverted,epsgreedy,10026,55.599998474121094,0.24,144.3999729156494,residual
reward_intervention,contrast/inverted,epsgreedy,10027,39.44999694824219,0.155,160.5499677658081,residual
reward_intervention,contrast/inverted,epsgreedy,10028,19.5,0.05,180.49998664855957,residual
reward_intervention,contrast/inverted,epsgreedy,10029,13.800000190734863,0.02,186.1999626159668,residual
reward_intervention,contrast/inverted,epsgreedy,10030,21.39999771118164,0.06,178.5999641418457,residual
reward_intervention,contrast/inverted,epsgreedy,10031,29.949996948242188,0.105,170.04996585845947,residual
reward_intervention,contrast/inverted,epsgreedy,10032,40.399993896484375,0.16,159.60005474090576,residual
reward_intervention,contrast/inverted,epsgreedy,10033,21.39999771118164,0.06,178.60002899169922,residual
reward_intervention,contrast/inverted,epsgreedy,10034,36.599998474121094,0.14,163.39996719360352,residual
reward_intervention,contrast/inverted,epsgreedy,10035,55.599998474121094,0.24,144.40003967285156,residual
reward_intervention,contrast/inverted,epsgreedy,10036,21.39999771118164,0.06,178.59997463226318,residual
reward_intervention,contrast/inverted,epsgreedy,10037,18.549999237060547,0.045,181.45001697540283,residual
reward_intervention,contrast/inverted,epsgreedy,10038,46.099998474121094,0.19,153.89996910095215,residual
reward_intervention,contrast/inverted,epsgreedy,10039,21.39999771118164,0.06,178.5999927520752,residual
reward_intervention,contrast/inverted,epsgreedy,10040,40.39999771118164,0.16,159.60005378723145,residual
reward_intervention,contrast/inverted,epsgreedy,10041,38.499996185302734,0.15,161.49996757507324,residual
reward_intervention,contrast/inverted,epsgreedy,10042,18.549997329711914,0.045,181.45009326934814,residual
reward_intervention,contrast/inverted,epsgreedy,10043,16.64999771118164,0.035,183.3499631881714,residual
reward_intervention,contrast/inverted,epsgreedy,10044,30.89999771118164,0.11,169.09996795654297,residual
reward_intervention,contrast/inverted,epsgreedy,10045,14.750000953674316,0.025,185.25005626678467,residual
reward_intervention,contrast/inverted,epsgreedy,10046,38.49999237060547,0.15,161.49996757507324,residual
reward_intervention,contrast/inverted,epsgreedy,10047,54.649993896484375,0.235,145.3500852584839,residual
reward_intervention,contrast/inverted,epsgreedy,10048,43.249996185302734,0.175,156.75000095367432,residual
reward_intervention,contrast/inverted,greedy,9999,32.79999923706055,0.12,167.19996643066406,residual
reward_intervention,contrast/inverted,greedy,10000,11.90000057220459,0.01,188.09996223449707,residual
reward_intervention,contrast/inverted,greedy,10001,10.950000762939453,0.005,189.05001258850098,residual
reward_intervention,contrast/inverted,greedy,10002,28.999998092651367,0.1,170.9999761581421,residual
reward_intervention,contrast/inverted,greedy,10003,44.19999694824219,0.18,155.79996871948242,residual
reward_intervention,contrast/inverted,greedy,10004,35.64999771118164,0.135,164.34996700286865,residual
reward_intervention,contrast/inverted,greedy,10005,23.299997329711914,0.07,176.69996452331543,residual
reward_intervention,contrast/inverted,greedy,10006,11.90000057220459,0.01,188.09996223449707,residual
reward_intervention,contrast/inverted,greedy,10007,63.20000076293945,0.28,136.80000972747803,residual
reward_intervention,contrast/inverted,greedy,10008,12.850000381469727,0.015,187.14996242523193,residual
reward_intervention,contrast/inverted,greedy,10009,54.64999771118164,0.235,145.35000228881836,residual
reward_intervention,contrast/inverted,greedy,10010,53.69999694824219,0.23,146.29997062683105,residual
reward_intervention,contrast/inverted,greedy,10011,10.950000762939453,0.005,189.05006980895996,residual
reward_intervention,contrast/inverted,greedy,10012,42.29999542236328,0.17,157.70007991790771,residual
reward_intervention,contrast/inverted,greedy,10013,62.25,0.275,137.74997234344482,residual
reward_intervention,contrast/inverted,greedy,10014,33.749996185302734,0.125,166.24998950958252,residual
reward_intervention,contrast/inverted,greedy,10015,10.000001907348633,0.0,189.99996185302734,residual
reward_intervention,contrast/inverted,greedy,10016,34.69999694824219,0.13,165.2999668121338,residual
reward_intervention,contrast/inverted,greedy,10017,11.90000057220459,0.01,188.1000213623047,residual
reward_intervention,contrast/inverted,greedy,10018,92.65000915527344,0.435,107.34997844696045,residual
reward_intervention,contrast/inverted,greedy,10019,76.5,0.35,123.49997520446777,residual
reward_intervention,contrast/inverted,greedy,10020,61.29999542236328,0.27,138.70002365112305,residual
reward_intervention,contrast/inverted,greedy,10021,10.000001907348633,0.0,189.99996185302734,residual
reward_intervention,contrast/inverted,greedy,10022,19.5,0.05,180.50008583068848,residual
reward_intervention,contrast/inverted,greedy,10023,10.950000762939453,0.005,189.05001068115234,residual
reward_intervention,contrast/inverted,greedy,10024,10.950000762939453,0.005,189.04997634887695,residual
reward_intervention,contrast/inverted,greedy,10025,11.90000057220459,0.01,188.09996223449707,residual
reward_intervention,contrast/inverted,greedy,10026,102.1500015258789,0.485,97.84998035430908,residual
reward_intervention,contrast/inverted,greedy,10027,62.25,0.275,137.74997234344482,residual
reward_intervention,contrast/inverted,greedy,10028,53.69999694824219,0.23,146.30001258850098,residual
reward_intervention,contrast/inverted,greedy,10029,10.950000762939453,0.005,189.0499620437622,residual
reward_intervention,contrast/inverted,greedy,10030,10.950000762939453,0.005,189.0499620437622,residual
reward_intervention,contrast/inverted,greedy,10031,65.0999984741211,0.29,134.8999729156494,residual
reward_intervention,contrast/inverted,greedy,10032,74.5999984741211,0.34,125.40003204345703,residual
reward_intervention,contrast/inverted,greedy,10033,10.950000762939453,0.005,189.0499792098999,residual
reward_intervention,contrast/inverted,greedy,10034,64.1500015258789,0.285,135.84997272491455,residual
reward_intervention,contrast/inverted,greedy,10035,65.0999984741211,0.29,134.90002250671387,residual
reward_intervention,contrast/inverted,greedy,10036,10.950000762939453,0.005,189.0499725341797,residual
reward_intervention,contrast/inverted,greedy,10037,10.000001907348633,0.0,190.0000171661377,residual
reward_intervention,contrast/inverted,greedy,10038,10.950000762939453,0.005,189.0499620437622,residual
reward_intervention,contrast/inverted,greedy,10039,51.79999542236328,0.22,148.19997024536133,residual
reward_intervention,contrast/inverted,greedy,10040,44.19999694824219,0.18,155.8000431060791,residual
reward_intervention,contrast/inverted,greedy,10041,38.5,0.15,161.49996757507324,residual
reward_intervention,contrast/inverted,greedy,10042,25.199996948242188,0.08,174.80006217956543,residual
reward_intervention,contrast/inverted,greedy,10043,44.19999694824219,0.18,155.79996871948242,residual
reward_intervention,contrast/inverted,greedy,10044,45.14999771118164,0.185,154.84996891021729,residual
reward_intervention,contrast/inverted,greedy,10045,32.79999542236328,0.12,167.20010375976562,residual
reward_intervention,contrast/inverted,greedy,10046,13.799999237060547,0.02,186.1999626159668,residual
reward_intervention,contrast/inverted,greedy,10047,61.29999923706055,0.27,138.70008373260498,residual
reward_intervention,contrast/inverted,greedy,10048,12.850000381469727,0.015,187.15002346038818,residual
reward_intervention,contrast/inverted,random,9999,66.04999542236328,0.295,133.94997310638428,residual
reward_intervention,contrast/inverted,random,10000,53.69999694824219,0.23,146.29997062683105,residual
reward_intervention,contrast/inverted,random,10001,58.44999694824219,0.255,141.55001544952393,residual
reward_intervention,contrast/inverted,random,10002,50.849998474121094,0.215,149.14999675750732,residual
reward_intervention,contrast/inverted,random,10003,57.499996185302734,0.25,142.4999713897705,residual
reward_intervention,contrast/inverted,random,10004,62.25,0.275,137.74997234344482,residual
reward_intervention,contrast/inverted,random,10005,64.14999389648438,0.285,135.84997272491455,residual
reward_intervention,contrast/inverted,random,10006,61.29999923706055,0.27,138.69997215270996,residual
reward_intervention,contrast/inverted,random,10007,61.30000305175781,0.27,138.70005893707275,residual
reward_intervention,contrast/inverted,random,10008,59.399993896484375,0.26,140.59997177124023,residual
reward_intervention,contrast/inverted,random,10009,50.849998474121094,0.215,149.14999294281006,residual
reward_intervention,contrast/inverted,random,10010,49.899993896484375,0.21,150.0999698638916,residual
reward_intervention,contrast/inverted,random,10011,53.69999694824219,0.23,146.30006980895996,residual
reward_intervention,contrast/inverted,random,10012,65.0999984741211,0.29,134.90003108978271,residual
reward_intervention,contrast/inverted,random,10013,55.599998474121094,0.24,144.39997100830078,residual
reward_intervention,contrast/inverted,random,10014,57.499996185302734,0.25,142.49997806549072,residual
reward_intervention,contrast/inverted,random,10015,49.899993896484375,0.21,150.0999698638916,residual
reward_intervention,contrast/inverted,random,10016,56.54999542236328,0.245,143.44997119903564,residual
reward_intervention,contrast/inverted,random,10017,51.79999542236328,0.22,148.20003032684326,residual
reward_intervention,contrast/inverted,random,10018,64.14999389648438,0.285,135.84997653961182,residual
reward_intervention,contrast/inverted,random,10019,61.29999542236328,0.27,138.69997215270996,residual
reward_intervention,contrast/inverted,random,10020,67.94999694824219,0.305,132.0500202178955,residual
reward_intervention,contrast/inverted,random,10021,53.69999694824219,0.23,146.29997062683105,residual
reward_intervention,contrast/inverted,random,10022,60.349998474121094,0.265,139.6500539779663,residual
reward_intervention,contrast/inverted,random,10023,54.650001525878906,0.235,145.3500270843506,residual
reward_intervention,contrast/inverted,random,10024,54.64999771118164,0.235,145.34998035430908,residual
reward_intervention,contrast/inverted,random,10025,55.599998474121094,0.24,144.39997100830078,residual
reward_intervention,contrast/inverted,random,10026,48.94999694824219,0.205,151.04997444152832,residual
reward_intervention,contrast/inverted,random,10027,57.499996185302734,0.25,142.4999713897705,residual
reward_intervention,contrast/inverted,random,10028,58.44999694824219,0.255,141.54998397827148,residual
reward_intervention,contrast/inverted,random,10029,57.499996185302734,0.25,142.4999713897705,residual
reward_intervention,contrast/inverted,random,10030,68.9000015258789,0.31,131.09997367858887,residual
reward_intervention,contrast/inverted,random,10031,59.399993896484375,0.26,140.59997177124023,residual
reward_intervention,contrast/inverted,random,10032,53.69999694824219,0.23,146.30005264282227,residual
reward_intervention,contrast/inverted,random,10033,50.849998474121094,0.215,149.15002155303955,residual
reward_intervention,contrast/inverted,random,10034,55.599998474121094,0.24,144.39997100830078,residual
reward_intervention,contrast/inverted,random,10035,54.649993896484375,0.235,145.35002613067627,residual
reward_intervention,contrast/inverted,random,10036,64.1500015258789,0.285,135.84998226165771,residual
reward_intervention,contrast/inverted,random,10037,56.55000305175781,0.245,143.45002841949463,residual
reward_intervention,contrast/inverted,random,10038,48.94999694824219,0.205,151.04996967315674,residual
reward_intervention,contrast/inverted,random,10039,58.44999694824219,0.255,141.5499963760376,residual
reward_intervention,contrast/inverted,random,10040,53.69999694824219,0.23,146.30006217956543,residual
reward_intervention,contrast/inverted,random,10041,54.64999771118164,0.235,145.34997081756592,residual
reward_intervention,contrast/inverted,random,10042,62.25,0.275,137.75006771087646,residual
reward_intervention,contrast/inverted,random,10043,59.399993896484375,0.26,140.59997177124023,residual
reward_intervention,contrast/inverted,random,10044,55.599998474121094,0.24,144.39999103546143,residual
reward_intervention,contrast/inverted,random,10045,46.09999465942383,0.19,153.9000473022461,residual
reward_intervention,contrast/inverted,random,10046,59.40000534057617,0.26,140.59997177124023,residual
reward_intervention,contrast/inverted,random,10047,57.499996185302734,0.25,142.50008487701416,residual
reward_intervention,contrast/inverted,random,10048,45.14999771118164,0.185,154.85002613067627,residual
