[2026-04-27 18:38:02] START ds_weather_nonote cases_000 (5 steps, nonote)
[2026-04-27 18:38:09] DONE ds_weather_nonote cases_000  total: 6.6s  (1.32s/step)
[2026-04-27 18:38:09]   tokens: 2,640 in + 40 out (reasoning: 0)  cost: $0.0008
[2026-04-27 19:02:37] START ds_weather cases_000 (100 steps, two-turn)
[2026-04-27 19:03:24] ds_weather cases_000  steps   1-  9: 47.7s  total: 47.7s  (10/100)
[2026-04-27 19:03:53] ds_weather cases_000  steps  11- 19: 28.6s  total: 76.3s  (20/100)
[2026-04-27 19:04:18] ds_weather cases_000  steps  21- 29: 24.8s  total: 101.1s  (30/100)
[2026-04-27 19:04:38] ds_weather cases_000  steps  31- 39: 20.7s  total: 121.8s  (40/100)
[2026-04-27 19:05:00] ds_weather cases_000  steps  41- 49: 21.4s  total: 143.2s  (50/100)
[2026-04-27 19:05:23] ds_weather cases_000  steps  51- 59: 23.4s  total: 166.6s  (60/100)
[2026-04-27 19:05:44] ds_weather cases_000  steps  61- 69: 20.5s  total: 187.1s  (70/100)
[2026-04-27 19:06:06] ds_weather cases_000  steps  71- 79: 21.9s  total: 209.0s  (80/100)
[2026-04-27 19:06:27] ds_weather cases_000  steps  81- 89: 21.1s  total: 230.1s  (90/100)
[2026-04-27 19:06:47] ds_weather cases_000  steps  91- 99: 20.8s  total: 250.9s  (100/100)
[2026-04-27 19:06:48] DONE ds_weather cases_000  total: 250.9s  (2.51s/step)
[2026-04-27 19:06:48]   tokens: 112,222 in + 2,829 out (reasoning: 0)  cost: $0.0334
[2026-04-27 19:06:48] START ds_weather cases_001 (100 steps, two-turn)
[2026-04-27 19:07:10] ds_weather cases_001  steps   1-  9: 21.6s  total: 21.6s  (10/100)
[2026-04-27 19:07:35] ds_weather cases_001  steps  11- 19: 24.9s  total: 46.5s  (20/100)
[2026-04-27 19:07:57] ds_weather cases_001  steps  21- 29: 22.6s  total: 69.2s  (30/100)
[2026-04-27 19:08:20] ds_weather cases_001  steps  31- 39: 22.2s  total: 91.3s  (40/100)
[2026-04-27 19:08:43] ds_weather cases_001  steps  41- 49: 23.4s  total: 114.8s  (50/100)
[2026-04-27 19:09:05] ds_weather cases_001  steps  51- 59: 22.2s  total: 137.0s  (60/100)
[2026-04-27 19:09:31] ds_weather cases_001  steps  61- 69: 25.6s  total: 162.6s  (70/100)
[2026-04-27 19:09:52] ds_weather cases_001  steps  71- 79: 21.4s  total: 184.0s  (80/100)
[2026-04-27 19:10:14] ds_weather cases_001  steps  81- 89: 21.2s  total: 205.2s  (90/100)
[2026-04-27 19:10:34] ds_weather cases_001  steps  91- 99: 20.9s  total: 226.1s  (100/100)
[2026-04-27 19:10:35] DONE ds_weather cases_001  total: 226.1s  (2.26s/step)
[2026-04-27 19:10:35]   tokens: 111,258 in + 2,413 out (reasoning: 0)  cost: $0.0327
[2026-04-27 19:10:35] START ds_weather cases_002 (100 steps, two-turn)
[2026-04-27 19:10:59] ds_weather cases_002  steps   1-  9: 24.3s  total: 24.3s  (10/100)
[2026-04-27 19:11:23] ds_weather cases_002  steps  11- 19: 23.9s  total: 48.2s  (20/100)
[2026-04-27 19:11:48] ds_weather cases_002  steps  21- 29: 25.3s  total: 73.5s  (30/100)
[2026-04-27 19:12:10] ds_weather cases_002  steps  31- 39: 21.3s  total: 94.8s  (40/100)
[2026-04-27 19:12:31] ds_weather cases_002  steps  41- 49: 21.1s  total: 115.9s  (50/100)
[2026-04-27 19:12:54] ds_weather cases_002  steps  51- 59: 23.6s  total: 139.5s  (60/100)
[2026-04-27 19:13:21] ds_weather cases_002  steps  61- 69: 26.2s  total: 165.6s  (70/100)
[2026-04-27 19:13:47] ds_weather cases_002  steps  71- 79: 26.3s  total: 191.9s  (80/100)
[2026-04-27 19:14:15] ds_weather cases_002  steps  81- 89: 28.6s  total: 220.5s  (90/100)
[2026-04-27 19:14:43] ds_weather cases_002  steps  91- 99: 27.6s  total: 248.1s  (100/100)
[2026-04-27 19:14:43] DONE ds_weather cases_002  total: 248.1s  (2.48s/step)
[2026-04-27 19:14:43]   tokens: 114,954 in + 4,229 out (reasoning: 0)  cost: $0.0357
[2026-04-27 19:14:44] START ds_weather cases_003 (100 steps, two-turn)
[2026-04-27 19:15:07] ds_weather cases_003  steps   1-  9: 23.7s  total: 23.7s  (10/100)
[2026-04-27 19:15:28] ds_weather cases_003  steps  11- 19: 21.1s  total: 44.7s  (20/100)
[2026-04-27 19:15:49] ds_weather cases_003  steps  21- 29: 20.4s  total: 65.1s  (30/100)
[2026-04-27 19:16:10] ds_weather cases_003  steps  31- 39: 21.7s  total: 86.8s  (40/100)
[2026-04-27 19:16:31] ds_weather cases_003  steps  41- 49: 20.4s  total: 107.2s  (50/100)
[2026-04-27 19:16:52] ds_weather cases_003  steps  51- 59: 21.5s  total: 128.7s  (60/100)
[2026-04-27 19:17:14] ds_weather cases_003  steps  61- 69: 22.1s  total: 150.8s  (70/100)
[2026-04-27 19:17:34] ds_weather cases_003  steps  71- 79: 20.0s  total: 170.8s  (80/100)
[2026-04-27 19:17:57] ds_weather cases_003  steps  81- 89: 22.4s  total: 193.2s  (90/100)
[2026-04-27 19:18:18] ds_weather cases_003  steps  91- 99: 21.7s  total: 214.9s  (100/100)
[2026-04-27 19:18:19] DONE ds_weather cases_003  total: 214.9s  (2.15s/step)
[2026-04-27 19:18:19]   tokens: 114,800 in + 3,474 out (reasoning: 0)  cost: $0.0348
[2026-04-27 19:18:19] START ds_weather cases_004 (100 steps, two-turn)
[2026-04-27 19:18:41] ds_weather cases_004  steps   1-  9: 22.2s  total: 22.2s  (10/100)
[2026-04-27 19:19:01] ds_weather cases_004  steps  11- 19: 20.1s  total: 42.4s  (20/100)
[2026-04-27 19:19:22] ds_weather cases_004  steps  21- 29: 20.7s  total: 63.1s  (30/100)
[2026-04-27 19:19:42] ds_weather cases_004  steps  31- 39: 19.7s  total: 82.7s  (40/100)
[2026-04-27 19:20:03] ds_weather cases_004  steps  41- 49: 21.6s  total: 104.3s  (50/100)
[2026-04-27 19:20:23] ds_weather cases_004  steps  51- 59: 20.1s  total: 124.4s  (60/100)
[2026-04-27 19:20:44] ds_weather cases_004  steps  61- 69: 20.4s  total: 144.8s  (70/100)
[2026-04-27 19:21:04] ds_weather cases_004  steps  71- 79: 20.1s  total: 164.9s  (80/100)
[2026-04-27 19:21:24] ds_weather cases_004  steps  81- 89: 20.3s  total: 185.2s  (90/100)
[2026-04-27 19:21:45] ds_weather cases_004  steps  91- 99: 20.7s  total: 205.9s  (100/100)
[2026-04-27 19:21:45] DONE ds_weather cases_004  total: 205.9s  (2.06s/step)
[2026-04-27 19:21:45]   tokens: 111,300 in + 2,460 out (reasoning: 0)  cost: $0.0328
[2026-04-27 19:21:45] START ds_weather_no_hint cases_000 (100 steps, two-turn)
[2026-04-27 19:22:09] ds_weather_no_hint cases_000  steps   1-  9: 24.0s  total: 24.0s  (10/100)
[2026-04-27 19:22:32] ds_weather_no_hint cases_000  steps  11- 19: 23.0s  total: 47.0s  (20/100)
[2026-04-27 19:22:55] ds_weather_no_hint cases_000  steps  21- 29: 22.5s  total: 69.5s  (30/100)
[2026-04-27 19:23:18] ds_weather_no_hint cases_000  steps  31- 39: 23.0s  total: 92.5s  (40/100)
[2026-04-27 19:23:46] ds_weather_no_hint cases_000  steps  41- 49: 28.0s  total: 120.5s  (50/100)
[2026-04-27 19:24:12] ds_weather_no_hint cases_000  steps  51- 59: 26.0s  total: 146.5s  (60/100)
[2026-04-27 19:24:38] ds_weather_no_hint cases_000  steps  61- 69: 26.7s  total: 173.2s  (70/100)
[2026-04-27 19:25:04] ds_weather_no_hint cases_000  steps  71- 79: 25.5s  total: 198.6s  (80/100)
[2026-04-27 19:25:26] ds_weather_no_hint cases_000  steps  81- 89: 21.8s  total: 220.4s  (90/100)
[2026-04-27 19:25:47] ds_weather_no_hint cases_000  steps  91- 99: 21.7s  total: 242.1s  (100/100)
[2026-04-27 19:25:48] DONE ds_weather_no_hint cases_000  total: 242.1s  (2.42s/step)
[2026-04-27 19:25:48]   tokens: 108,718 in + 3,060 out (reasoning: 0)  cost: $0.0327
[2026-04-27 19:25:48] START ds_weather_no_hint cases_001 (100 steps, two-turn)
[2026-04-27 19:26:14] ds_weather_no_hint cases_001  steps   1-  9: 26.2s  total: 26.2s  (10/100)
[2026-04-27 19:26:40] ds_weather_no_hint cases_001  steps  11- 19: 25.6s  total: 51.8s  (20/100)
[2026-04-27 19:27:07] ds_weather_no_hint cases_001  steps  21- 29: 27.3s  total: 79.1s  (30/100)
[2026-04-27 19:27:40] ds_weather_no_hint cases_001  steps  31- 39: 33.5s  total: 112.6s  (40/100)
[2026-04-27 19:28:17] ds_weather_no_hint cases_001  steps  41- 49: 36.2s  total: 148.8s  (50/100)
[2026-04-27 19:28:58] ds_weather_no_hint cases_001  steps  51- 59: 41.6s  total: 190.4s  (60/100)
[2026-04-27 19:29:54] ds_weather_no_hint cases_001  steps  61- 69: 55.9s  total: 246.3s  (70/100)
[2026-04-27 19:30:33] ds_weather_no_hint cases_001  steps  71- 79: 38.6s  total: 284.9s  (80/100)
[2026-04-27 19:30:58] ds_weather_no_hint cases_001  steps  81- 89: 25.1s  total: 309.9s  (90/100)
[2026-04-27 19:31:24] ds_weather_no_hint cases_001  steps  91- 99: 26.4s  total: 336.4s  (100/100)
[2026-04-27 19:31:25] DONE ds_weather_no_hint cases_001  total: 336.4s  (3.36s/step)
[2026-04-27 19:31:25]   tokens: 127,862 in + 12,638 out (reasoning: 0)  cost: $0.0484
[2026-04-27 19:31:25] START ds_weather_no_hint cases_002 (100 steps, two-turn)
[2026-04-27 19:31:50] ds_weather_no_hint cases_002  steps   1-  9: 24.9s  total: 24.9s  (10/100)
[2026-04-27 19:32:13] ds_weather_no_hint cases_002  steps  11- 19: 23.9s  total: 48.8s  (20/100)
[2026-04-27 19:32:38] ds_weather_no_hint cases_002  steps  21- 29: 24.3s  total: 73.2s  (30/100)
[2026-04-27 19:33:00] ds_weather_no_hint cases_002  steps  31- 39: 21.9s  total: 95.0s  (40/100)
[2026-04-27 19:33:26] ds_weather_no_hint cases_002  steps  41- 49: 26.3s  total: 121.3s  (50/100)
[2026-04-27 19:33:51] ds_weather_no_hint cases_002  steps  51- 59: 25.2s  total: 146.5s  (60/100)
[2026-04-27 19:34:17] ds_weather_no_hint cases_002  steps  61- 69: 26.2s  total: 172.7s  (70/100)
[2026-04-27 19:34:43] ds_weather_no_hint cases_002  steps  71- 79: 25.5s  total: 198.2s  (80/100)
[2026-04-27 19:35:07] ds_weather_no_hint cases_002  steps  81- 89: 24.0s  total: 222.2s  (90/100)
[2026-04-27 19:35:33] ds_weather_no_hint cases_002  steps  91- 99: 26.1s  total: 248.2s  (100/100)
[2026-04-27 19:35:33] DONE ds_weather_no_hint cases_002  total: 248.2s  (2.48s/step)
[2026-04-27 19:35:33]   tokens: 108,886 in + 3,128 out (reasoning: 0)  cost: $0.0328
[2026-04-27 19:35:33] START ds_weather_no_hint cases_003 (100 steps, two-turn)
[2026-04-27 19:35:59] ds_weather_no_hint cases_003  steps   1-  9: 25.9s  total: 25.9s  (10/100)
[2026-04-27 19:36:23] ds_weather_no_hint cases_003  steps  11- 19: 24.0s  total: 50.0s  (20/100)
[2026-04-27 19:36:45] ds_weather_no_hint cases_003  steps  21- 29: 22.1s  total: 72.1s  (30/100)
[2026-04-27 19:37:08] ds_weather_no_hint cases_003  steps  31- 39: 22.9s  total: 95.0s  (40/100)
[2026-04-27 19:37:31] ds_weather_no_hint cases_003  steps  41- 49: 22.2s  total: 117.2s  (50/100)
[2026-04-27 19:37:53] ds_weather_no_hint cases_003  steps  51- 59: 22.1s  total: 139.3s  (60/100)
[2026-04-27 19:38:14] ds_weather_no_hint cases_003  steps  61- 69: 21.8s  total: 161.0s  (70/100)
[2026-04-27 19:38:36] ds_weather_no_hint cases_003  steps  71- 79: 21.3s  total: 182.3s  (80/100)
[2026-04-27 19:38:58] ds_weather_no_hint cases_003  steps  81- 89: 22.6s  total: 204.9s  (90/100)
[2026-04-27 19:39:21] ds_weather_no_hint cases_003  steps  91- 99: 22.8s  total: 227.7s  (100/100)
[2026-04-27 19:39:22] DONE ds_weather_no_hint cases_003  total: 227.7s  (2.28s/step)
[2026-04-27 19:39:22]   tokens: 110,942 in + 3,511 out (reasoning: 0)  cost: $0.0338
[2026-04-27 19:39:22] START ds_weather_no_hint cases_004 (100 steps, two-turn)
[2026-04-27 19:39:45] ds_weather_no_hint cases_004  steps   1-  9: 23.5s  total: 23.5s  (10/100)
[2026-04-27 19:40:10] ds_weather_no_hint cases_004  steps  11- 19: 25.2s  total: 48.7s  (20/100)
[2026-04-27 19:40:36] ds_weather_no_hint cases_004  steps  21- 29: 25.2s  total: 74.0s  (30/100)
[2026-04-27 19:40:59] ds_weather_no_hint cases_004  steps  31- 39: 23.3s  total: 97.3s  (40/100)
[2026-04-27 19:41:22] ds_weather_no_hint cases_004  steps  41- 49: 23.4s  total: 120.7s  (50/100)
[2026-04-27 19:41:46] ds_weather_no_hint cases_004  steps  51- 59: 23.7s  total: 144.3s  (60/100)
[2026-04-27 19:42:08] ds_weather_no_hint cases_004  steps  61- 69: 22.5s  total: 166.9s  (70/100)
[2026-04-27 19:42:31] ds_weather_no_hint cases_004  steps  71- 79: 22.7s  total: 189.6s  (80/100)
[2026-04-27 19:42:54] ds_weather_no_hint cases_004  steps  81- 89: 22.8s  total: 212.4s  (90/100)
[2026-04-27 19:43:20] ds_weather_no_hint cases_004  steps  91- 99: 26.1s  total: 238.5s  (100/100)
[2026-04-27 19:43:21] DONE ds_weather_no_hint cases_004  total: 238.5s  (2.38s/step)
[2026-04-27 19:43:21]   tokens: 109,910 in + 3,679 out (reasoning: 0)  cost: $0.0337
[2026-04-27 19:43:21] START ds_weather_nonote cases_000 (100 steps, nonote)
[2026-04-27 19:43:29] ds_weather_nonote cases_000  steps   1-  9: 8.7s  total: 8.7s  (10/100)
[2026-04-27 19:43:38] ds_weather_nonote cases_000  steps  11- 19: 9.1s  total: 17.8s  (20/100)
[2026-04-27 19:43:49] ds_weather_nonote cases_000  steps  21- 29: 10.3s  total: 28.1s  (30/100)
[2026-04-27 19:44:00] ds_weather_nonote cases_000  steps  31- 39: 10.9s  total: 39.0s  (40/100)
[2026-04-27 19:44:11] ds_weather_nonote cases_000  steps  41- 49: 11.4s  total: 50.4s  (50/100)
[2026-04-27 19:44:22] ds_weather_nonote cases_000  steps  51- 59: 10.8s  total: 61.2s  (60/100)
[2026-04-27 19:44:32] ds_weather_nonote cases_000  steps  61- 69: 10.7s  total: 71.9s  (70/100)
[2026-04-27 19:44:44] ds_weather_nonote cases_000  steps  71- 79: 11.0s  total: 82.9s  (80/100)
[2026-04-27 19:44:54] ds_weather_nonote cases_000  steps  81- 89: 10.7s  total: 93.6s  (90/100)
[2026-04-27 19:45:06] ds_weather_nonote cases_000  steps  91- 99: 11.6s  total: 105.2s  (100/100)
[2026-04-27 19:45:06] DONE ds_weather_nonote cases_000  total: 105.2s  (1.05s/step)
[2026-04-27 19:45:06]   tokens: 379,750 in + 800 out (reasoning: 0)  cost: $0.1034
[2026-04-27 19:45:06] START ds_weather_nonote cases_001 (100 steps, nonote)
[2026-04-27 19:45:16] ds_weather_nonote cases_001  steps   1-  9: 9.8s  total: 9.8s  (10/100)
[2026-04-27 19:45:26] ds_weather_nonote cases_001  steps  11- 19: 10.0s  total: 19.8s  (20/100)
[2026-04-27 19:45:37] ds_weather_nonote cases_001  steps  21- 29: 10.7s  total: 30.5s  (30/100)
[2026-04-27 19:45:47] ds_weather_nonote cases_001  steps  31- 39: 9.9s  total: 40.4s  (40/100)
[2026-04-27 19:45:58] ds_weather_nonote cases_001  steps  41- 49: 11.5s  total: 51.8s  (50/100)
[2026-04-27 19:46:10] ds_weather_nonote cases_001  steps  51- 59: 11.4s  total: 63.2s  (60/100)
[2026-04-27 19:46:20] ds_weather_nonote cases_001  steps  61- 69: 10.5s  total: 73.8s  (70/100)
[2026-04-27 19:46:31] ds_weather_nonote cases_001  steps  71- 79: 11.2s  total: 85.0s  (80/100)
[2026-04-27 19:46:42] ds_weather_nonote cases_001  steps  81- 89: 11.1s  total: 96.1s  (90/100)
[2026-04-27 19:46:53] ds_weather_nonote cases_001  steps  91- 99: 10.5s  total: 106.6s  (100/100)
[2026-04-27 19:46:53] DONE ds_weather_nonote cases_001  total: 106.6s  (1.07s/step)
[2026-04-27 19:46:53]   tokens: 379,750 in + 800 out (reasoning: 0)  cost: $0.1034
[2026-04-27 19:46:53] START ds_weather_nonote cases_002 (100 steps, nonote)
[2026-04-27 19:47:03] ds_weather_nonote cases_002  steps   1-  9: 9.2s  total: 9.2s  (10/100)
[2026-04-27 19:47:13] ds_weather_nonote cases_002  steps  11- 19: 9.9s  total: 19.1s  (20/100)
[2026-04-27 19:47:22] ds_weather_nonote cases_002  steps  21- 29: 9.8s  total: 28.9s  (30/100)
[2026-04-27 19:47:33] ds_weather_nonote cases_002  steps  31- 39: 10.5s  total: 39.5s  (40/100)
[2026-04-27 19:47:44] ds_weather_nonote cases_002  steps  41- 49: 10.8s  total: 50.3s  (50/100)
[2026-04-27 19:47:55] ds_weather_nonote cases_002  steps  51- 59: 11.0s  total: 61.2s  (60/100)
[2026-04-27 19:48:05] ds_weather_nonote cases_002  steps  61- 69: 10.8s  total: 72.0s  (70/100)
[2026-04-27 19:48:18] ds_weather_nonote cases_002  steps  71- 79: 12.4s  total: 84.4s  (80/100)
[2026-04-27 19:48:28] ds_weather_nonote cases_002  steps  81- 89: 10.3s  total: 94.8s  (90/100)
[2026-04-27 19:48:39] ds_weather_nonote cases_002  steps  91- 99: 11.0s  total: 105.7s  (100/100)
[2026-04-27 19:48:40] DONE ds_weather_nonote cases_002  total: 105.7s  (1.06s/step)
[2026-04-27 19:48:40]   tokens: 379,750 in + 800 out (reasoning: 0)  cost: $0.1034
[2026-04-27 19:48:40] START ds_weather_nonote cases_003 (100 steps, nonote)
[2026-04-27 19:48:49] ds_weather_nonote cases_003  steps   1-  9: 9.0s  total: 9.0s  (10/100)
[2026-04-27 19:48:58] ds_weather_nonote cases_003  steps  11- 19: 9.5s  total: 18.5s  (20/100)
[2026-04-27 19:49:08] ds_weather_nonote cases_003  steps  21- 29: 9.8s  total: 28.3s  (30/100)
[2026-04-27 19:49:18] ds_weather_nonote cases_003  steps  31- 39: 10.0s  total: 38.2s  (40/100)
[2026-04-27 19:49:29] ds_weather_nonote cases_003  steps  41- 49: 10.7s  total: 48.9s  (50/100)
[2026-04-27 19:49:39] ds_weather_nonote cases_003  steps  51- 59: 10.7s  total: 59.7s  (60/100)
[2026-04-27 19:49:50] ds_weather_nonote cases_003  steps  61- 69: 11.1s  total: 70.8s  (70/100)
[2026-04-27 19:50:01] ds_weather_nonote cases_003  steps  71- 79: 10.5s  total: 81.2s  (80/100)
[2026-04-27 19:50:12] ds_weather_nonote cases_003  steps  81- 89: 10.8s  total: 92.1s  (90/100)
[2026-04-27 19:50:23] ds_weather_nonote cases_003  steps  91- 99: 11.5s  total: 103.5s  (100/100)
[2026-04-27 19:50:24] DONE ds_weather_nonote cases_003  total: 103.5s  (1.04s/step)
[2026-04-27 19:50:24]   tokens: 379,750 in + 800 out (reasoning: 0)  cost: $0.1034
[2026-04-27 19:50:24] START ds_weather_nonote cases_004 (100 steps, nonote)
[2026-04-27 19:50:32] ds_weather_nonote cases_004  steps   1-  9: 8.8s  total: 8.8s  (10/100)
[2026-04-27 19:50:41] ds_weather_nonote cases_004  steps  11- 19: 8.8s  total: 17.7s  (20/100)
[2026-04-27 19:50:51] ds_weather_nonote cases_004  steps  21- 29: 9.9s  total: 27.5s  (30/100)
[2026-04-27 19:51:01] ds_weather_nonote cases_004  steps  31- 39: 9.7s  total: 37.3s  (40/100)
[2026-04-27 19:51:12] ds_weather_nonote cases_004  steps  41- 49: 10.7s  total: 48.0s  (50/100)
[2026-04-27 19:51:22] ds_weather_nonote cases_004  steps  51- 59: 10.2s  total: 58.2s  (60/100)
[2026-04-27 19:51:32] ds_weather_nonote cases_004  steps  61- 69: 10.4s  total: 68.6s  (70/100)
[2026-04-27 19:51:44] ds_weather_nonote cases_004  steps  71- 79: 11.4s  total: 80.0s  (80/100)
[2026-04-27 19:51:54] ds_weather_nonote cases_004  steps  81- 89: 10.7s  total: 90.7s  (90/100)
[2026-04-27 19:52:06] ds_weather_nonote cases_004  steps  91- 99: 11.2s  total: 101.9s  (100/100)
[2026-04-27 19:52:06] DONE ds_weather_nonote cases_004  total: 101.9s  (1.02s/step)
[2026-04-27 19:52:06]   tokens: 379,750 in + 800 out (reasoning: 0)  cost: $0.1034
[2026-04-27 19:52:06] START ds_weather_nonote_nohint cases_000 (100 steps, nonote)
[2026-04-27 19:52:16] ds_weather_nonote_nohint cases_000  steps   1-  9: 10.4s  total: 10.4s  (10/100)
[2026-04-27 19:52:28] ds_weather_nonote_nohint cases_000  steps  11- 19: 11.3s  total: 21.7s  (20/100)
[2026-04-27 19:52:37] ds_weather_nonote_nohint cases_000  steps  21- 29: 9.6s  total: 31.4s  (30/100)
[2026-04-27 19:52:47] ds_weather_nonote_nohint cases_000  steps  31- 39: 9.9s  total: 41.3s  (40/100)
[2026-04-27 19:52:58] ds_weather_nonote_nohint cases_000  steps  41- 49: 10.6s  total: 51.8s  (50/100)
[2026-04-27 19:53:09] ds_weather_nonote_nohint cases_000  steps  51- 59: 11.2s  total: 63.0s  (60/100)
[2026-04-27 19:53:19] ds_weather_nonote_nohint cases_000  steps  61- 69: 10.1s  total: 73.1s  (70/100)
[2026-04-27 19:53:30] ds_weather_nonote_nohint cases_000  steps  71- 79: 10.5s  total: 83.6s  (80/100)
[2026-04-27 19:53:40] ds_weather_nonote_nohint cases_000  steps  81- 89: 10.7s  total: 94.3s  (90/100)
[2026-04-27 19:53:51] ds_weather_nonote_nohint cases_000  steps  91- 99: 10.3s  total: 104.6s  (100/100)
[2026-04-27 19:53:51] DONE ds_weather_nonote_nohint cases_000  total: 104.6s  (1.05s/step)
[2026-04-27 19:53:51]   tokens: 377,850 in + 800 out (reasoning: 0)  cost: $0.1029
[2026-04-27 19:53:51] START ds_weather_nonote_nohint cases_001 (100 steps, nonote)
[2026-04-27 19:54:00] ds_weather_nonote_nohint cases_001  steps   1-  9: 9.3s  total: 9.3s  (10/100)
[2026-04-27 19:54:09] ds_weather_nonote_nohint cases_001  steps  11- 19: 9.1s  total: 18.4s  (20/100)
[2026-04-27 19:54:19] ds_weather_nonote_nohint cases_001  steps  21- 29: 9.1s  total: 27.5s  (30/100)
[2026-04-27 19:54:29] ds_weather_nonote_nohint cases_001  steps  31- 39: 9.9s  total: 37.4s  (40/100)
[2026-04-27 19:54:39] ds_weather_nonote_nohint cases_001  steps  41- 49: 10.7s  total: 48.1s  (50/100)
[2026-04-27 19:54:49] ds_weather_nonote_nohint cases_001  steps  51- 59: 10.1s  total: 58.2s  (60/100)
[2026-04-27 19:55:01] ds_weather_nonote_nohint cases_001  steps  61- 69: 11.2s  total: 69.5s  (70/100)
[2026-04-27 19:55:12] ds_weather_nonote_nohint cases_001  steps  71- 79: 11.1s  total: 80.5s  (80/100)
[2026-04-27 19:55:23] ds_weather_nonote_nohint cases_001  steps  81- 89: 11.7s  total: 92.2s  (90/100)
[2026-04-27 19:55:34] ds_weather_nonote_nohint cases_001  steps  91- 99: 10.7s  total: 102.9s  (100/100)
[2026-04-27 19:55:34] DONE ds_weather_nonote_nohint cases_001  total: 102.9s  (1.03s/step)
[2026-04-27 19:55:34]   tokens: 377,850 in + 800 out (reasoning: 0)  cost: $0.1029
[2026-04-27 19:55:34] START ds_weather_nonote_nohint cases_002 (100 steps, nonote)
[2026-04-27 19:55:43] ds_weather_nonote_nohint cases_002  steps   1-  9: 9.0s  total: 9.0s  (10/100)
[2026-04-27 19:55:52] ds_weather_nonote_nohint cases_002  steps  11- 19: 9.0s  total: 18.0s  (20/100)
[2026-04-27 19:56:03] ds_weather_nonote_nohint cases_002  steps  21- 29: 10.1s  total: 28.1s  (30/100)
[2026-04-27 19:56:12] ds_weather_nonote_nohint cases_002  steps  31- 39: 9.6s  total: 37.7s  (40/100)
[2026-04-27 19:56:22] ds_weather_nonote_nohint cases_002  steps  41- 49: 10.3s  total: 48.0s  (50/100)
[2026-04-27 19:56:33] ds_weather_nonote_nohint cases_002  steps  51- 59: 10.3s  total: 58.3s  (60/100)
[2026-04-27 19:56:44] ds_weather_nonote_nohint cases_002  steps  61- 69: 11.0s  total: 69.2s  (70/100)
[2026-04-27 19:56:55] ds_weather_nonote_nohint cases_002  steps  71- 79: 11.1s  total: 80.3s  (80/100)
[2026-04-27 19:57:06] ds_weather_nonote_nohint cases_002  steps  81- 89: 11.2s  total: 91.5s  (90/100)
[2026-04-27 19:57:17] ds_weather_nonote_nohint cases_002  steps  91- 99: 10.7s  total: 102.3s  (100/100)
[2026-04-27 19:57:17] DONE ds_weather_nonote_nohint cases_002  total: 102.3s  (1.02s/step)
[2026-04-27 19:57:17]   tokens: 377,850 in + 800 out (reasoning: 0)  cost: $0.1029
[2026-04-27 19:57:17] START ds_weather_nonote_nohint cases_003 (100 steps, nonote)
[2026-04-27 19:57:27] ds_weather_nonote_nohint cases_003  steps   1-  9: 9.6s  total: 9.6s  (10/100)
[2026-04-27 19:57:37] ds_weather_nonote_nohint cases_003  steps  11- 19: 10.7s  total: 20.2s  (20/100)
[2026-04-27 19:57:47] ds_weather_nonote_nohint cases_003  steps  21- 29: 9.5s  total: 29.7s  (30/100)
[2026-04-27 19:57:57] ds_weather_nonote_nohint cases_003  steps  31- 39: 10.4s  total: 40.0s  (40/100)
[2026-04-27 19:58:07] ds_weather_nonote_nohint cases_003  steps  41- 49: 9.9s  total: 49.9s  (50/100)
[2026-04-27 19:58:17] ds_weather_nonote_nohint cases_003  steps  51- 59: 10.3s  total: 60.2s  (60/100)
[2026-04-27 19:58:28] ds_weather_nonote_nohint cases_003  steps  61- 69: 11.1s  total: 71.3s  (70/100)
[2026-04-27 19:58:39] ds_weather_nonote_nohint cases_003  steps  71- 79: 10.4s  total: 81.7s  (80/100)
[2026-04-27 19:58:49] ds_weather_nonote_nohint cases_003  steps  81- 89: 10.4s  total: 92.1s  (90/100)
[2026-04-27 19:59:00] ds_weather_nonote_nohint cases_003  steps  91- 99: 11.0s  total: 103.1s  (100/100)
[2026-04-27 19:59:01] DONE ds_weather_nonote_nohint cases_003  total: 103.1s  (1.03s/step)
[2026-04-27 19:59:01]   tokens: 377,850 in + 800 out (reasoning: 0)  cost: $0.1029
[2026-04-27 19:59:01] START ds_weather_nonote_nohint cases_004 (100 steps, nonote)
[2026-04-27 19:59:10] ds_weather_nonote_nohint cases_004  steps   1-  9: 8.9s  total: 8.9s  (10/100)
[2026-04-27 19:59:19] ds_weather_nonote_nohint cases_004  steps  11- 19: 9.1s  total: 17.9s  (20/100)
[2026-04-27 19:59:28] ds_weather_nonote_nohint cases_004  steps  21- 29: 9.7s  total: 27.6s  (30/100)
[2026-04-27 19:59:38] ds_weather_nonote_nohint cases_004  steps  31- 39: 9.7s  total: 37.3s  (40/100)
[2026-04-27 19:59:49] ds_weather_nonote_nohint cases_004  steps  41- 49: 11.3s  total: 48.6s  (50/100)
[2026-04-27 20:00:00] ds_weather_nonote_nohint cases_004  steps  51- 59: 10.4s  total: 59.0s  (60/100)
[2026-04-27 20:00:13] ds_weather_nonote_nohint cases_004  steps  61- 69: 13.4s  total: 72.3s  (70/100)
[2026-04-27 20:00:31] ds_weather_nonote_nohint cases_004  steps  71- 79: 17.8s  total: 90.1s  (80/100)
[2026-04-27 20:00:47] ds_weather_nonote_nohint cases_004  steps  81- 89: 16.2s  total: 106.3s  (90/100)
[2026-04-27 20:01:00] ds_weather_nonote_nohint cases_004  steps  91- 99: 12.4s  total: 118.7s  (100/100)
[2026-04-27 20:01:00] DONE ds_weather_nonote_nohint cases_004  total: 118.7s  (1.19s/step)
[2026-04-27 20:01:00]   tokens: 377,850 in + 800 out (reasoning: 0)  cost: $0.1029
[2026-04-27 20:01:00] START ds_online cases_000 (100 steps, two-turn)
[2026-04-27 20:01:19] ds_online cases_000  steps   1-  9: 19.5s  total: 19.5s  (10/100)
[2026-04-27 20:01:39] ds_online cases_000  steps  11- 19: 19.0s  total: 38.6s  (20/100)
[2026-04-27 20:01:58] ds_online cases_000  steps  21- 29: 19.4s  total: 57.9s  (30/100)
[2026-04-27 20:02:15] ds_online cases_000  steps  31- 39: 17.5s  total: 75.4s  (40/100)
[2026-04-27 20:02:36] ds_online cases_000  steps  41- 49: 20.3s  total: 95.7s  (50/100)
[2026-04-27 20:02:54] ds_online cases_000  steps  51- 59: 18.5s  total: 114.2s  (60/100)
[2026-04-27 20:03:14] ds_online cases_000  steps  61- 69: 20.2s  total: 134.4s  (70/100)
[2026-04-27 20:03:33] ds_online cases_000  steps  71- 79: 18.4s  total: 152.8s  (80/100)
[2026-04-27 20:03:53] ds_online cases_000  steps  81- 89: 19.8s  total: 172.6s  (90/100)
[2026-04-27 20:04:11] ds_online cases_000  steps  91- 99: 18.1s  total: 190.7s  (100/100)
[2026-04-27 20:04:11] DONE ds_online cases_000  total: 190.7s  (1.91s/step)
[2026-04-27 20:04:11]   tokens: 101,424 in + 1,818 out (reasoning: 0)  cost: $0.0294
[2026-04-27 20:04:11] START ds_online cases_001 (100 steps, two-turn)
[2026-04-27 20:04:33] ds_online cases_001  steps   1-  9: 21.7s  total: 21.7s  (10/100)
[2026-04-27 20:04:55] ds_online cases_001  steps  11- 19: 21.7s  total: 43.4s  (20/100)
[2026-04-27 20:05:17] ds_online cases_001  steps  21- 29: 22.1s  total: 65.5s  (30/100)
[2026-04-27 20:05:38] ds_online cases_001  steps  31- 39: 21.3s  total: 86.8s  (40/100)
[2026-04-27 20:06:00] ds_online cases_001  steps  41- 49: 22.1s  total: 109.0s  (50/100)
[2026-04-27 20:06:22] ds_online cases_001  steps  51- 59: 21.8s  total: 130.8s  (60/100)
[2026-04-27 20:06:42] ds_online cases_001  steps  61- 69: 19.9s  total: 150.8s  (70/100)
[2026-04-27 20:07:03] ds_online cases_001  steps  71- 79: 20.7s  total: 171.4s  (80/100)
[2026-04-27 20:07:25] ds_online cases_001  steps  81- 89: 22.7s  total: 194.1s  (90/100)
[2026-04-27 20:07:46] ds_online cases_001  steps  91- 99: 20.8s  total: 214.9s  (100/100)
[2026-04-27 20:07:47] DONE ds_online cases_001  total: 214.9s  (2.15s/step)
[2026-04-27 20:07:47]   tokens: 106,148 in + 4,213 out (reasoning: 0)  cost: $0.0333
[2026-04-27 20:07:47] START ds_online cases_002 (100 steps, two-turn)
[2026-04-27 20:08:07] ds_online cases_002  steps   1-  9: 20.2s  total: 20.2s  (10/100)
[2026-04-27 20:08:26] ds_online cases_002  steps  11- 19: 19.2s  total: 39.4s  (20/100)
[2026-04-27 20:08:48] ds_online cases_002  steps  21- 29: 22.3s  total: 61.7s  (30/100)
[2026-04-27 20:09:08] ds_online cases_002  steps  31- 39: 19.8s  total: 81.5s  (40/100)
[2026-04-27 20:09:28] ds_online cases_002  steps  41- 49: 19.5s  total: 101.0s  (50/100)
[2026-04-27 20:09:48] ds_online cases_002  steps  51- 59: 20.8s  total: 121.8s  (60/100)
[2026-04-27 20:10:08] ds_online cases_002  steps  61- 69: 19.2s  total: 141.1s  (70/100)
[2026-04-27 20:10:28] ds_online cases_002  steps  71- 79: 20.5s  total: 161.5s  (80/100)
[2026-04-27 20:10:47] ds_online cases_002  steps  81- 89: 18.8s  total: 180.3s  (90/100)
[2026-04-27 20:11:07] ds_online cases_002  steps  91- 99: 20.5s  total: 200.8s  (100/100)
[2026-04-27 20:11:08] DONE ds_online cases_002  total: 200.8s  (2.01s/step)
[2026-04-27 20:11:08]   tokens: 104,512 in + 3,383 out (reasoning: 0)  cost: $0.0319
[2026-04-27 20:11:08] START ds_online cases_003 (100 steps, two-turn)
[2026-04-27 20:11:28] ds_online cases_003  steps   1-  9: 19.7s  total: 19.7s  (10/100)
[2026-04-27 20:11:48] ds_online cases_003  steps  11- 19: 20.5s  total: 40.2s  (20/100)
[2026-04-27 20:12:07] ds_online cases_003  steps  21- 29: 19.1s  total: 59.3s  (30/100)
[2026-04-27 20:12:27] ds_online cases_003  steps  31- 39: 19.8s  total: 79.0s  (40/100)
[2026-04-27 20:12:45] ds_online cases_003  steps  41- 49: 18.0s  total: 97.1s  (50/100)
[2026-04-27 20:13:03] ds_online cases_003  steps  51- 59: 17.9s  total: 115.0s  (60/100)
[2026-04-27 20:13:21] ds_online cases_003  steps  61- 69: 18.1s  total: 133.1s  (70/100)
[2026-04-27 20:13:42] ds_online cases_003  steps  71- 79: 20.5s  total: 153.6s  (80/100)
[2026-04-27 20:14:01] ds_online cases_003  steps  81- 89: 19.6s  total: 173.2s  (90/100)
[2026-04-27 20:14:22] ds_online cases_003  steps  91- 99: 21.0s  total: 194.2s  (100/100)
[2026-04-27 20:14:22] DONE ds_online cases_003  total: 194.2s  (1.94s/step)
[2026-04-27 20:14:22]   tokens: 104,656 in + 3,463 out (reasoning: 0)  cost: $0.0321
[2026-04-27 20:14:23] START ds_online cases_004 (100 steps, two-turn)
[2026-04-27 20:14:43] ds_online cases_004  steps   1-  9: 20.2s  total: 20.2s  (10/100)
[2026-04-27 20:15:01] ds_online cases_004  steps  11- 19: 17.9s  total: 38.1s  (20/100)
[2026-04-27 20:15:19] ds_online cases_004  steps  21- 29: 18.5s  total: 56.6s  (30/100)
[2026-04-27 20:15:36] ds_online cases_004  steps  31- 39: 17.3s  total: 73.9s  (40/100)
[2026-04-27 20:15:54] ds_online cases_004  steps  41- 49: 17.1s  total: 91.0s  (50/100)
[2026-04-27 20:16:12] ds_online cases_004  steps  51- 59: 18.8s  total: 109.8s  (60/100)
[2026-04-27 20:16:31] ds_online cases_004  steps  61- 69: 19.0s  total: 128.8s  (70/100)
[2026-04-27 20:16:51] ds_online cases_004  steps  71- 79: 20.2s  total: 148.9s  (80/100)
[2026-04-27 20:17:11] ds_online cases_004  steps  81- 89: 19.1s  total: 168.1s  (90/100)
[2026-04-27 20:17:29] ds_online cases_004  steps  91- 99: 18.8s  total: 186.9s  (100/100)
[2026-04-27 20:17:30] DONE ds_online cases_004  total: 186.9s  (1.87s/step)
[2026-04-27 20:17:30]   tokens: 103,880 in + 3,068 out (reasoning: 0)  cost: $0.0314
[2026-04-27 20:17:30] START ds_online_nohint cases_000 (100 steps, two-turn)
[2026-04-27 20:17:54] ds_online_nohint cases_000  steps   1-  9: 24.2s  total: 24.2s  (10/100)
[2026-04-27 20:18:25] ds_online_nohint cases_000  steps  11- 19: 30.8s  total: 54.9s  (20/100)
[2026-04-27 20:18:47] ds_online_nohint cases_000  steps  21- 29: 22.0s  total: 76.9s  (30/100)
[2026-04-27 20:19:08] ds_online_nohint cases_000  steps  31- 39: 21.3s  total: 98.2s  (40/100)
[2026-04-27 20:19:30] ds_online_nohint cases_000  steps  41- 49: 21.5s  total: 119.7s  (50/100)
[2026-04-27 20:19:52] ds_online_nohint cases_000  steps  51- 59: 22.2s  total: 141.9s  (60/100)
[2026-04-27 20:20:12] ds_online_nohint cases_000  steps  61- 69: 20.2s  total: 162.1s  (70/100)
[2026-04-27 20:20:36] ds_online_nohint cases_000  steps  71- 79: 24.1s  total: 186.2s  (80/100)
[2026-04-27 20:20:58] ds_online_nohint cases_000  steps  81- 89: 22.3s  total: 208.5s  (90/100)
[2026-04-27 20:21:22] ds_online_nohint cases_000  steps  91- 99: 23.8s  total: 232.3s  (100/100)
[2026-04-27 20:21:23] DONE ds_online_nohint cases_000  total: 232.3s  (2.32s/step)
[2026-04-27 20:21:23]   tokens: 110,254 in + 7,213 out (reasoning: 0)  cost: $0.0377
[2026-04-27 20:21:23] START ds_online_nohint cases_001 (100 steps, two-turn)
[2026-04-27 20:21:42] ds_online_nohint cases_001  steps   1-  9: 19.0s  total: 19.0s  (10/100)
[2026-04-27 20:22:01] ds_online_nohint cases_001  steps  11- 19: 19.6s  total: 38.6s  (20/100)
[2026-04-27 20:22:29] ds_online_nohint cases_001  steps  21- 29: 27.6s  total: 66.2s  (30/100)
[2026-04-27 20:23:08] ds_online_nohint cases_001  steps  31- 39: 39.5s  total: 105.7s  (40/100)
[2026-04-27 20:24:08] ds_online_nohint cases_001  steps  41- 49: 59.3s  total: 165.0s  (50/100)
[2026-04-27 20:25:24] ds_online_nohint cases_001  steps  51- 59: 76.1s  total: 241.1s  (60/100)
[2026-04-27 20:26:44] ds_online_nohint cases_001  steps  61- 69: 80.3s  total: 321.4s  (70/100)
[2026-04-27 20:27:53] ds_online_nohint cases_001  steps  71- 79: 69.0s  total: 390.4s  (80/100)
[2026-04-27 20:29:09] ds_online_nohint cases_001  steps  81- 89: 75.9s  total: 466.3s  (90/100)
[2026-04-27 20:29:40] ds_online_nohint cases_001  steps  91- 99: 31.1s  total: 497.5s  (100/100)
[2026-04-27 20:29:41] DONE ds_online_nohint cases_001  total: 497.5s  (4.97s/step)
[2026-04-27 20:29:41]   tokens: 157,104 in + 30,811 out (reasoning: 0)  cost: $0.0763
[2026-04-27 20:29:41] START ds_online_nohint cases_002 (100 steps, two-turn)
[2026-04-27 20:30:04] ds_online_nohint cases_002  steps   1-  9: 23.1s  total: 23.1s  (10/100)
[2026-04-27 20:30:35] ds_online_nohint cases_002  steps  11- 19: 31.4s  total: 54.5s  (20/100)
[2026-04-27 20:31:09] ds_online_nohint cases_002  steps  21- 29: 33.4s  total: 87.9s  (30/100)
[2026-04-27 20:31:46] ds_online_nohint cases_002  steps  31- 39: 37.2s  total: 125.1s  (40/100)
[2026-04-27 20:32:24] ds_online_nohint cases_002  steps  41- 49: 38.6s  total: 163.7s  (50/100)
[2026-04-27 20:32:46] ds_online_nohint cases_002  steps  51- 59: 21.2s  total: 184.9s  (60/100)
[2026-04-27 20:33:08] ds_online_nohint cases_002  steps  61- 69: 22.6s  total: 207.5s  (70/100)
[2026-04-27 20:33:36] ds_online_nohint cases_002  steps  71- 79: 28.2s  total: 235.7s  (80/100)
[2026-04-27 20:34:04] ds_online_nohint cases_002  steps  81- 89: 27.8s  total: 263.5s  (90/100)
[2026-04-27 20:34:37] ds_online_nohint cases_002  steps  91- 99: 33.0s  total: 296.5s  (100/100)
[2026-04-27 20:34:38] DONE ds_online_nohint cases_002  total: 296.5s  (2.96s/step)
[2026-04-27 20:34:38]   tokens: 121,874 in + 13,202 out (reasoning: 0)  cost: $0.0474
[2026-04-27 20:34:38] START ds_online_nohint cases_003 (100 steps, two-turn)
[2026-04-27 20:34:58] ds_online_nohint cases_003  steps   1-  9: 20.8s  total: 20.8s  (10/100)
[2026-04-27 20:35:30] ds_online_nohint cases_003  steps  11- 19: 31.5s  total: 52.3s  (20/100)
[2026-04-27 20:36:13] ds_online_nohint cases_003  steps  21- 29: 43.0s  total: 95.4s  (30/100)
[2026-04-27 20:37:08] ds_online_nohint cases_003  steps  31- 39: 55.4s  total: 150.8s  (40/100)
[2026-04-27 20:37:55] ds_online_nohint cases_003  steps  41- 49: 46.9s  total: 197.7s  (50/100)
[2026-04-27 20:38:48] ds_online_nohint cases_003  steps  51- 59: 52.3s  total: 250.0s  (60/100)
[2026-04-27 20:39:11] ds_online_nohint cases_003  steps  61- 69: 23.2s  total: 273.2s  (70/100)
[2026-04-27 20:39:32] ds_online_nohint cases_003  steps  71- 79: 21.3s  total: 294.5s  (80/100)
[2026-04-27 20:39:50] ds_online_nohint cases_003  steps  81- 89: 18.4s  total: 312.9s  (90/100)
[2026-04-27 20:40:13] ds_online_nohint cases_003  steps  91- 99: 22.6s  total: 335.5s  (100/100)
[2026-04-27 20:40:13] DONE ds_online_nohint cases_003  total: 335.5s  (3.35s/step)
[2026-04-27 20:40:13]   tokens: 130,170 in + 17,310 out (reasoning: 0)  cost: $0.0542
[2026-04-27 20:40:13] START ds_online_nohint cases_004 (100 steps, two-turn)
[2026-04-27 20:40:34] ds_online_nohint cases_004  steps   1-  9: 20.8s  total: 20.8s  (10/100)
[2026-04-27 20:41:00] ds_online_nohint cases_004  steps  11- 19: 26.0s  total: 46.7s  (20/100)
[2026-04-27 20:41:33] ds_online_nohint cases_004  steps  21- 29: 33.0s  total: 79.7s  (30/100)
[2026-04-27 20:42:09] ds_online_nohint cases_004  steps  31- 39: 36.3s  total: 116.0s  (40/100)
[2026-04-27 20:44:06] ds_online_nohint cases_004  steps  41- 49: 116.1s  total: 232.1s  (50/100)
[2026-04-27 20:44:33] ds_online_nohint cases_004  steps  51- 59: 27.3s  total: 259.4s  (60/100)
[2026-04-27 20:44:55] ds_online_nohint cases_004  steps  61- 69: 22.3s  total: 281.7s  (70/100)
[2026-04-27 20:45:23] ds_online_nohint cases_004  steps  71- 79: 27.7s  total: 309.4s  (80/100)
[2026-04-27 20:45:57] ds_online_nohint cases_004  steps  81- 89: 34.6s  total: 344.0s  (90/100)
[2026-04-27 20:46:38] ds_online_nohint cases_004  steps  91- 99: 41.0s  total: 384.9s  (100/100)
[2026-04-27 20:46:39] DONE ds_online_nohint cases_004  total: 384.9s  (3.85s/step)
[2026-04-27 20:46:39]   tokens: 121,330 in + 20,976 out (reasoning: 0)  cost: $0.0558
[2026-04-27 20:46:39] START ds_online_nonote cases_000 (100 steps, nonote)
[2026-04-27 20:46:47] ds_online_nonote cases_000  steps   1-  9: 8.1s  total: 8.1s  (10/100)
[2026-04-27 20:46:55] ds_online_nonote cases_000  steps  11- 19: 7.6s  total: 15.7s  (20/100)
[2026-04-27 20:47:02] ds_online_nonote cases_000  steps  21- 29: 7.7s  total: 23.4s  (30/100)
[2026-04-27 20:47:11] ds_online_nonote cases_000  steps  31- 39: 8.5s  total: 31.9s  (40/100)
[2026-04-27 20:47:20] ds_online_nonote cases_000  steps  41- 49: 9.0s  total: 40.9s  (50/100)
[2026-04-27 20:47:30] ds_online_nonote cases_000  steps  51- 59: 9.8s  total: 50.6s  (60/100)
[2026-04-27 20:47:39] ds_online_nonote cases_000  steps  61- 69: 9.4s  total: 60.0s  (70/100)
[2026-04-27 20:47:48] ds_online_nonote cases_000  steps  71- 79: 9.2s  total: 69.2s  (80/100)
[2026-04-27 20:47:57] ds_online_nonote cases_000  steps  81- 89: 9.3s  total: 78.5s  (90/100)
[2026-04-27 20:48:07] ds_online_nonote cases_000  steps  91- 99: 9.4s  total: 87.9s  (100/100)
[2026-04-27 20:48:07] DONE ds_online_nonote cases_000  total: 87.9s  (0.88s/step)
[2026-04-27 20:48:07]   tokens: 336,950 in + 700 out (reasoning: 0)  cost: $0.0917
[2026-04-27 20:48:07] START ds_online_nonote cases_001 (100 steps, nonote)
[2026-04-27 20:48:15] ds_online_nonote cases_001  steps   1-  9: 7.5s  total: 7.5s  (10/100)
[2026-04-27 20:48:22] ds_online_nonote cases_001  steps  11- 19: 7.7s  total: 15.2s  (20/100)
[2026-04-27 20:48:31] ds_online_nonote cases_001  steps  21- 29: 8.3s  total: 23.5s  (30/100)
[2026-04-27 20:48:39] ds_online_nonote cases_001  steps  31- 39: 8.7s  total: 32.2s  (40/100)
[2026-04-27 20:48:48] ds_online_nonote cases_001  steps  41- 49: 8.7s  total: 40.9s  (50/100)
[2026-04-27 20:48:57] ds_online_nonote cases_001  steps  51- 59: 9.4s  total: 50.2s  (60/100)
[2026-04-27 20:49:07] ds_online_nonote cases_001  steps  61- 69: 9.8s  total: 60.0s  (70/100)
[2026-04-27 20:49:17] ds_online_nonote cases_001  steps  71- 79: 9.4s  total: 69.4s  (80/100)
[2026-04-27 20:49:26] ds_online_nonote cases_001  steps  81- 89: 9.5s  total: 79.0s  (90/100)
[2026-04-27 20:49:36] ds_online_nonote cases_001  steps  91- 99: 9.5s  total: 88.5s  (100/100)
[2026-04-27 20:49:36] DONE ds_online_nonote cases_001  total: 88.5s  (0.88s/step)
[2026-04-27 20:49:36]   tokens: 336,950 in + 700 out (reasoning: 0)  cost: $0.0917
[2026-04-27 20:49:36] START ds_online_nonote cases_002 (100 steps, nonote)
[2026-04-27 20:49:44] ds_online_nonote cases_002  steps   1-  9: 7.5s  total: 7.5s  (10/100)
[2026-04-27 20:49:52] ds_online_nonote cases_002  steps  11- 19: 8.1s  total: 15.6s  (20/100)
[2026-04-27 20:50:00] ds_online_nonote cases_002  steps  21- 29: 7.7s  total: 23.3s  (30/100)
[2026-04-27 20:50:07] ds_online_nonote cases_002  steps  31- 39: 7.8s  total: 31.2s  (40/100)
[2026-04-27 20:50:16] ds_online_nonote cases_002  steps  41- 49: 8.6s  total: 39.8s  (50/100)
[2026-04-27 20:50:25] ds_online_nonote cases_002  steps  51- 59: 9.2s  total: 49.0s  (60/100)
[2026-04-27 20:50:35] ds_online_nonote cases_002  steps  61- 69: 9.5s  total: 58.5s  (70/100)
[2026-04-27 20:50:44] ds_online_nonote cases_002  steps  71- 79: 9.2s  total: 67.6s  (80/100)
[2026-04-27 20:50:53] ds_online_nonote cases_002  steps  81- 89: 9.2s  total: 76.9s  (90/100)
[2026-04-27 20:51:03] ds_online_nonote cases_002  steps  91- 99: 9.6s  total: 86.4s  (100/100)
[2026-04-27 20:51:03] DONE ds_online_nonote cases_002  total: 86.4s  (0.86s/step)
[2026-04-27 20:51:03]   tokens: 336,950 in + 700 out (reasoning: 0)  cost: $0.0917
[2026-04-27 20:51:03] START ds_online_nonote cases_003 (100 steps, nonote)
[2026-04-27 20:51:11] ds_online_nonote cases_003  steps   1-  9: 8.3s  total: 8.3s  (10/100)
[2026-04-27 20:51:19] ds_online_nonote cases_003  steps  11- 19: 7.7s  total: 16.0s  (20/100)
[2026-04-27 20:51:27] ds_online_nonote cases_003  steps  21- 29: 7.8s  total: 23.8s  (30/100)
[2026-04-27 20:51:35] ds_online_nonote cases_003  steps  31- 39: 8.5s  total: 32.2s  (40/100)
[2026-04-27 20:51:44] ds_online_nonote cases_003  steps  41- 49: 9.0s  total: 41.2s  (50/100)
[2026-04-27 20:51:53] ds_online_nonote cases_003  steps  51- 59: 9.2s  total: 50.4s  (60/100)
[2026-04-27 20:52:03] ds_online_nonote cases_003  steps  61- 69: 9.1s  total: 59.5s  (70/100)
[2026-04-27 20:52:12] ds_online_nonote cases_003  steps  71- 79: 9.8s  total: 69.2s  (80/100)
[2026-04-27 20:52:22] ds_online_nonote cases_003  steps  81- 89: 9.3s  total: 78.5s  (90/100)
[2026-04-27 20:52:31] ds_online_nonote cases_003  steps  91- 99: 9.0s  total: 87.5s  (100/100)
[2026-04-27 20:52:31] DONE ds_online_nonote cases_003  total: 87.5s  (0.88s/step)
[2026-04-27 20:52:31]   tokens: 336,950 in + 700 out (reasoning: 0)  cost: $0.0917
[2026-04-27 20:52:31] START ds_online_nonote cases_004 (100 steps, nonote)
[2026-04-27 20:52:39] ds_online_nonote cases_004  steps   1-  9: 7.8s  total: 7.8s  (10/100)
[2026-04-27 20:52:47] ds_online_nonote cases_004  steps  11- 19: 7.7s  total: 15.6s  (20/100)
[2026-04-27 20:52:54] ds_online_nonote cases_004  steps  21- 29: 7.9s  total: 23.4s  (30/100)
[2026-04-27 20:53:03] ds_online_nonote cases_004  steps  31- 39: 8.5s  total: 31.9s  (40/100)
[2026-04-27 20:53:11] ds_online_nonote cases_004  steps  41- 49: 8.5s  total: 40.4s  (50/100)
[2026-04-27 20:53:21] ds_online_nonote cases_004  steps  51- 59: 9.1s  total: 49.5s  (60/100)
[2026-04-27 20:53:30] ds_online_nonote cases_004  steps  61- 69: 9.0s  total: 58.5s  (70/100)
[2026-04-27 20:53:39] ds_online_nonote cases_004  steps  71- 79: 9.9s  total: 68.4s  (80/100)
[2026-04-27 20:53:49] ds_online_nonote cases_004  steps  81- 89: 9.2s  total: 77.6s  (90/100)
[2026-04-27 20:53:58] ds_online_nonote cases_004  steps  91- 99: 9.1s  total: 86.7s  (100/100)
[2026-04-27 20:53:58] DONE ds_online_nonote cases_004  total: 86.7s  (0.87s/step)
[2026-04-27 20:53:58]   tokens: 336,950 in + 700 out (reasoning: 0)  cost: $0.0917
[2026-04-27 20:53:58] START ds_online_nonote_nohint cases_000 (100 steps, nonote)
[2026-04-27 20:54:06] ds_online_nonote_nohint cases_000  steps   1-  9: 7.4s  total: 7.4s  (10/100)
[2026-04-27 20:54:14] ds_online_nonote_nohint cases_000  steps  11- 19: 7.8s  total: 15.1s  (20/100)
[2026-04-27 20:54:22] ds_online_nonote_nohint cases_000  steps  21- 29: 8.3s  total: 23.4s  (30/100)
[2026-04-27 20:54:30] ds_online_nonote_nohint cases_000  steps  31- 39: 8.0s  total: 31.4s  (40/100)
[2026-04-27 20:54:38] ds_online_nonote_nohint cases_000  steps  41- 49: 8.4s  total: 39.8s  (50/100)
[2026-04-27 20:54:47] ds_online_nonote_nohint cases_000  steps  51- 59: 9.1s  total: 49.0s  (60/100)
[2026-04-27 20:54:57] ds_online_nonote_nohint cases_000  steps  61- 69: 9.3s  total: 58.3s  (70/100)
[2026-04-27 20:55:06] ds_online_nonote_nohint cases_000  steps  71- 79: 9.4s  total: 67.7s  (80/100)
[2026-04-27 20:55:15] ds_online_nonote_nohint cases_000  steps  81- 89: 9.2s  total: 76.9s  (90/100)
[2026-04-27 20:55:25] ds_online_nonote_nohint cases_000  steps  91- 99: 9.7s  total: 86.6s  (100/100)
[2026-04-27 20:55:25] DONE ds_online_nonote_nohint cases_000  total: 86.6s  (0.87s/step)
[2026-04-27 20:55:25]   tokens: 335,950 in + 700 out (reasoning: 0)  cost: $0.0915
[2026-04-27 20:55:25] START ds_online_nonote_nohint cases_001 (100 steps, nonote)
[2026-04-27 20:55:33] ds_online_nonote_nohint cases_001  steps   1-  9: 8.0s  total: 8.0s  (10/100)
[2026-04-27 20:55:41] ds_online_nonote_nohint cases_001  steps  11- 19: 7.8s  total: 15.8s  (20/100)
[2026-04-27 20:55:49] ds_online_nonote_nohint cases_001  steps  21- 29: 7.9s  total: 23.7s  (30/100)
[2026-04-27 20:55:57] ds_online_nonote_nohint cases_001  steps  31- 39: 8.0s  total: 31.8s  (40/100)
[2026-04-27 20:56:07] ds_online_nonote_nohint cases_001  steps  41- 49: 9.4s  total: 41.1s  (50/100)
[2026-04-27 20:56:16] ds_online_nonote_nohint cases_001  steps  51- 59: 9.0s  total: 50.2s  (60/100)
[2026-04-27 20:56:25] ds_online_nonote_nohint cases_001  steps  61- 69: 9.9s  total: 60.0s  (70/100)
[2026-04-27 20:56:35] ds_online_nonote_nohint cases_001  steps  71- 79: 9.2s  total: 69.2s  (80/100)
[2026-04-27 20:56:44] ds_online_nonote_nohint cases_001  steps  81- 89: 9.8s  total: 79.0s  (90/100)
[2026-04-27 20:56:54] ds_online_nonote_nohint cases_001  steps  91- 99: 9.4s  total: 88.4s  (100/100)
[2026-04-27 20:56:54] DONE ds_online_nonote_nohint cases_001  total: 88.4s  (0.88s/step)
[2026-04-27 20:56:54]   tokens: 335,950 in + 700 out (reasoning: 0)  cost: $0.0915
[2026-04-27 20:56:54] START ds_online_nonote_nohint cases_002 (100 steps, nonote)
[2026-04-27 20:57:02] ds_online_nonote_nohint cases_002  steps   1-  9: 7.6s  total: 7.6s  (10/100)
[2026-04-27 20:57:10] ds_online_nonote_nohint cases_002  steps  11- 19: 7.9s  total: 15.5s  (20/100)
[2026-04-27 20:57:18] ds_online_nonote_nohint cases_002  steps  21- 29: 8.4s  total: 23.8s  (30/100)
[2026-04-27 20:57:26] ds_online_nonote_nohint cases_002  steps  31- 39: 7.8s  total: 31.7s  (40/100)
[2026-04-27 20:57:35] ds_online_nonote_nohint cases_002  steps  41- 49: 8.7s  total: 40.3s  (50/100)
[2026-04-27 20:57:43] ds_online_nonote_nohint cases_002  steps  51- 59: 8.7s  total: 49.1s  (60/100)
[2026-04-27 20:57:53] ds_online_nonote_nohint cases_002  steps  61- 69: 9.2s  total: 58.3s  (70/100)
[2026-04-27 20:58:01] ds_online_nonote_nohint cases_002  steps  71- 79: 8.8s  total: 67.1s  (80/100)
[2026-04-27 20:58:11] ds_online_nonote_nohint cases_002  steps  81- 89: 9.1s  total: 76.2s  (90/100)
[2026-04-27 20:58:20] ds_online_nonote_nohint cases_002  steps  91- 99: 9.5s  total: 85.7s  (100/100)
[2026-04-27 20:58:20] DONE ds_online_nonote_nohint cases_002  total: 85.7s  (0.86s/step)
[2026-04-27 20:58:20]   tokens: 335,950 in + 700 out (reasoning: 0)  cost: $0.0915
[2026-04-27 20:58:21] START ds_online_nonote_nohint cases_003 (100 steps, nonote)
[2026-04-27 20:58:28] ds_online_nonote_nohint cases_003  steps   1-  9: 7.6s  total: 7.6s  (10/100)
[2026-04-27 20:58:36] ds_online_nonote_nohint cases_003  steps  11- 19: 7.9s  total: 15.4s  (20/100)
[2026-04-27 20:58:44] ds_online_nonote_nohint cases_003  steps  21- 29: 8.0s  total: 23.4s  (30/100)
[2026-04-27 20:58:52] ds_online_nonote_nohint cases_003  steps  31- 39: 8.2s  total: 31.6s  (40/100)
[2026-04-27 20:59:00] ds_online_nonote_nohint cases_003  steps  41- 49: 8.2s  total: 39.9s  (50/100)
[2026-04-27 20:59:10] ds_online_nonote_nohint cases_003  steps  51- 59: 9.2s  total: 49.1s  (60/100)
[2026-04-27 20:59:19] ds_online_nonote_nohint cases_003  steps  61- 69: 9.3s  total: 58.4s  (70/100)
[2026-04-27 20:59:28] ds_online_nonote_nohint cases_003  steps  71- 79: 9.2s  total: 67.5s  (80/100)
[2026-04-27 20:59:37] ds_online_nonote_nohint cases_003  steps  81- 89: 9.3s  total: 76.9s  (90/100)
[2026-04-27 20:59:47] ds_online_nonote_nohint cases_003  steps  91- 99: 9.6s  total: 86.4s  (100/100)
[2026-04-27 20:59:47] DONE ds_online_nonote_nohint cases_003  total: 86.4s  (0.86s/step)
[2026-04-27 20:59:47]   tokens: 335,950 in + 700 out (reasoning: 0)  cost: $0.0915
[2026-04-27 20:59:47] START ds_online_nonote_nohint cases_004 (100 steps, nonote)
[2026-04-27 20:59:55] ds_online_nonote_nohint cases_004  steps   1-  9: 7.6s  total: 7.6s  (10/100)
[2026-04-27 21:00:03] ds_online_nonote_nohint cases_004  steps  11- 19: 8.0s  total: 15.5s  (20/100)
[2026-04-27 21:00:13] ds_online_nonote_nohint cases_004  steps  21- 29: 10.0s  total: 25.5s  (30/100)
[2026-04-27 21:00:22] ds_online_nonote_nohint cases_004  steps  31- 39: 8.6s  total: 34.2s  (40/100)
[2026-04-27 21:00:31] ds_online_nonote_nohint cases_004  steps  41- 49: 9.1s  total: 43.2s  (50/100)
[2026-04-27 21:00:40] ds_online_nonote_nohint cases_004  steps  51- 59: 9.8s  total: 53.0s  (60/100)
[2026-04-27 21:00:50] ds_online_nonote_nohint cases_004  steps  61- 69: 9.5s  total: 62.5s  (70/100)
[2026-04-27 21:01:00] ds_online_nonote_nohint cases_004  steps  71- 79: 9.9s  total: 72.4s  (80/100)
[2026-04-27 21:01:10] ds_online_nonote_nohint cases_004  steps  81- 89: 10.1s  total: 82.5s  (90/100)
[2026-04-27 21:01:20] ds_online_nonote_nohint cases_004  steps  91- 99: 9.6s  total: 92.1s  (100/100)
[2026-04-27 21:01:20] DONE ds_online_nonote_nohint cases_004  total: 92.1s  (0.92s/step)
[2026-04-27 21:01:20]   tokens: 335,950 in + 700 out (reasoning: 0)  cost: $0.0915
[2026-04-27 21:24:51] START ds_weather cases_005 (100 steps, two-turn)
[2026-04-27 21:25:10] ds_weather cases_005  steps   1-  9: 18.7s  total: 18.7s  (10/100)
[2026-04-27 21:25:29] ds_weather cases_005  steps  11- 19: 19.1s  total: 37.8s  (20/100)
[2026-04-27 21:25:47] ds_weather cases_005  steps  21- 29: 18.3s  total: 56.1s  (30/100)
[2026-04-27 21:26:04] ds_weather cases_005  steps  31- 39: 16.7s  total: 72.8s  (40/100)
[2026-04-27 21:26:22] ds_weather cases_005  steps  41- 49: 17.9s  total: 90.7s  (50/100)
[2026-04-27 21:26:41] ds_weather cases_005  steps  51- 59: 18.8s  total: 109.5s  (60/100)
[2026-04-27 21:26:59] ds_weather cases_005  steps  61- 69: 18.7s  total: 128.2s  (70/100)
[2026-04-27 21:27:17] ds_weather cases_005  steps  71- 79: 17.8s  total: 145.9s  (80/100)
[2026-04-27 21:27:34] ds_weather cases_005  steps  81- 89: 17.1s  total: 163.0s  (90/100)
[2026-04-27 21:27:51] ds_weather cases_005  steps  91- 99: 17.0s  total: 180.0s  (100/100)
[2026-04-27 21:27:52] DONE ds_weather cases_005  total: 180.0s  (1.80s/step)
[2026-04-27 21:27:52]   tokens: 112,228 in + 2,895 out (reasoning: 0)  cost: $0.0335
[2026-04-27 21:27:52] START ds_weather cases_006 (100 steps, two-turn)
[2026-04-27 21:28:10] ds_weather cases_006  steps   1-  9: 18.0s  total: 18.0s  (10/100)
[2026-04-27 21:28:29] ds_weather cases_006  steps  11- 19: 19.1s  total: 37.1s  (20/100)
[2026-04-27 21:28:51] ds_weather cases_006  steps  21- 29: 21.8s  total: 58.9s  (30/100)
[2026-04-27 21:29:12] ds_weather cases_006  steps  31- 39: 20.5s  total: 79.4s  (40/100)
[2026-04-27 21:29:32] ds_weather cases_006  steps  41- 49: 20.7s  total: 100.2s  (50/100)
[2026-04-27 21:29:53] ds_weather cases_006  steps  51- 59: 21.2s  total: 121.4s  (60/100)
[2026-04-27 21:30:15] ds_weather cases_006  steps  61- 69: 21.8s  total: 143.2s  (70/100)
[2026-04-27 21:30:37] ds_weather cases_006  steps  71- 79: 21.5s  total: 164.7s  (80/100)
[2026-04-27 21:30:58] ds_weather cases_006  steps  81- 89: 21.1s  total: 185.8s  (90/100)
[2026-04-27 21:31:20] ds_weather cases_006  steps  91- 99: 22.1s  total: 207.8s  (100/100)
[2026-04-27 21:31:20] DONE ds_weather cases_006  total: 207.8s  (2.08s/step)
[2026-04-27 21:31:20]   tokens: 113,552 in + 3,501 out (reasoning: 0)  cost: $0.0345
[2026-04-27 21:31:20] START ds_weather cases_007 (100 steps, two-turn)
[2026-04-27 21:31:38] ds_weather cases_007  steps   1-  9: 18.1s  total: 18.1s  (10/100)
[2026-04-27 21:31:57] ds_weather cases_007  steps  11- 19: 18.3s  total: 36.3s  (20/100)
[2026-04-27 21:32:15] ds_weather cases_007  steps  21- 29: 18.4s  total: 54.7s  (30/100)
[2026-04-27 21:32:34] ds_weather cases_007  steps  31- 39: 18.7s  total: 73.4s  (40/100)
[2026-04-27 21:32:50] ds_weather cases_007  steps  41- 49: 16.5s  total: 89.9s  (50/100)
[2026-04-27 21:33:07] ds_weather cases_007  steps  51- 59: 16.9s  total: 106.8s  (60/100)
[2026-04-27 21:33:25] ds_weather cases_007  steps  61- 69: 17.6s  total: 124.3s  (70/100)
[2026-04-27 21:33:42] ds_weather cases_007  steps  71- 79: 17.7s  total: 142.0s  (80/100)
[2026-04-27 21:33:59] ds_weather cases_007  steps  81- 89: 16.4s  total: 158.5s  (90/100)
[2026-04-27 21:34:16] ds_weather cases_007  steps  91- 99: 17.4s  total: 175.9s  (100/100)
[2026-04-27 21:34:17] DONE ds_weather cases_007  total: 175.9s  (1.76s/step)
[2026-04-27 21:34:17]   tokens: 112,310 in + 2,819 out (reasoning: 0)  cost: $0.0334
[2026-04-27 21:34:17] START ds_weather cases_008 (100 steps, two-turn)
[2026-04-27 21:34:35] ds_weather cases_008  steps   1-  9: 18.2s  total: 18.2s  (10/100)
[2026-04-27 21:34:54] ds_weather cases_008  steps  11- 19: 18.7s  total: 36.9s  (20/100)
[2026-04-27 21:35:12] ds_weather cases_008  steps  21- 29: 18.7s  total: 55.7s  (30/100)
[2026-04-27 21:35:31] ds_weather cases_008  steps  31- 39: 18.5s  total: 74.2s  (40/100)
[2026-04-27 21:35:49] ds_weather cases_008  steps  41- 49: 18.4s  total: 92.6s  (50/100)
[2026-04-27 21:36:09] ds_weather cases_008  steps  51- 59: 19.2s  total: 111.8s  (60/100)
[2026-04-27 21:36:28] ds_weather cases_008  steps  61- 69: 19.1s  total: 130.9s  (70/100)
[2026-04-27 21:36:46] ds_weather cases_008  steps  71- 79: 18.8s  total: 149.7s  (80/100)
[2026-04-27 21:37:07] ds_weather cases_008  steps  81- 89: 20.9s  total: 170.6s  (90/100)
[2026-04-27 21:37:30] ds_weather cases_008  steps  91- 99: 23.0s  total: 193.5s  (100/100)
[2026-04-27 21:37:31] DONE ds_weather cases_008  total: 193.5s  (1.94s/step)
[2026-04-27 21:37:31]   tokens: 115,078 in + 4,317 out (reasoning: 0)  cost: $0.0358
[2026-04-27 21:37:31] START ds_weather cases_009 (100 steps, two-turn)
[2026-04-27 21:37:51] ds_weather cases_009  steps   1-  9: 20.7s  total: 20.7s  (10/100)
[2026-04-27 21:38:14] ds_weather cases_009  steps  11- 19: 22.2s  total: 42.8s  (20/100)
[2026-04-27 21:38:36] ds_weather cases_009  steps  21- 29: 22.3s  total: 65.2s  (30/100)
[2026-04-27 21:38:58] ds_weather cases_009  steps  31- 39: 22.1s  total: 87.3s  (40/100)
[2026-04-27 21:39:20] ds_weather cases_009  steps  41- 49: 21.8s  total: 109.1s  (50/100)
[2026-04-27 21:39:43] ds_weather cases_009  steps  51- 59: 22.8s  total: 131.8s  (60/100)
[2026-04-27 21:40:06] ds_weather cases_009  steps  61- 69: 23.7s  total: 155.5s  (70/100)
[2026-04-27 21:40:28] ds_weather cases_009  steps  71- 79: 22.0s  total: 177.5s  (80/100)
[2026-04-27 21:40:51] ds_weather cases_009  steps  81- 89: 23.1s  total: 200.6s  (90/100)
[2026-04-27 21:41:13] ds_weather cases_009  steps  91- 99: 21.5s  total: 222.1s  (100/100)
[2026-04-27 21:41:13] DONE ds_weather cases_009  total: 222.1s  (2.22s/step)
[2026-04-27 21:41:13]   tokens: 114,476 in + 3,976 out (reasoning: 0)  cost: $0.0353
[2026-04-27 21:41:13] START ds_weather cases_010 (100 steps, two-turn)
[2026-04-27 21:41:32] ds_weather cases_010  steps   1-  9: 19.1s  total: 19.1s  (10/100)
[2026-04-27 21:41:51] ds_weather cases_010  steps  11- 19: 18.7s  total: 37.7s  (20/100)
[2026-04-27 21:42:09] ds_weather cases_010  steps  21- 29: 18.3s  total: 56.1s  (30/100)
[2026-04-27 21:42:28] ds_weather cases_010  steps  31- 39: 18.2s  total: 74.2s  (40/100)
[2026-04-27 21:42:46] ds_weather cases_010  steps  41- 49: 18.2s  total: 92.4s  (50/100)
[2026-04-27 21:43:03] ds_weather cases_010  steps  51- 59: 17.3s  total: 109.8s  (60/100)
[2026-04-27 21:43:21] ds_weather cases_010  steps  61- 69: 17.4s  total: 127.1s  (70/100)
[2026-04-27 21:43:38] ds_weather cases_010  steps  71- 79: 17.6s  total: 144.7s  (80/100)
[2026-04-27 21:43:55] ds_weather cases_010  steps  81- 89: 17.2s  total: 162.0s  (90/100)
[2026-04-27 21:44:13] ds_weather cases_010  steps  91- 99: 17.3s  total: 179.3s  (100/100)
[2026-04-27 21:44:13] DONE ds_weather cases_010  total: 179.3s  (1.79s/step)
[2026-04-27 21:44:13]   tokens: 112,616 in + 3,025 out (reasoning: 0)  cost: $0.0337
[2026-04-27 21:44:13] START ds_weather cases_011 (100 steps, two-turn)
[2026-04-27 21:44:32] ds_weather cases_011  steps   1-  9: 19.3s  total: 19.3s  (10/100)
[2026-04-27 21:44:51] ds_weather cases_011  steps  11- 19: 18.3s  total: 37.6s  (20/100)
[2026-04-27 21:45:11] ds_weather cases_011  steps  21- 29: 20.3s  total: 57.9s  (30/100)
[2026-04-27 21:45:31] ds_weather cases_011  steps  31- 39: 19.9s  total: 77.8s  (40/100)
[2026-04-27 21:45:51] ds_weather cases_011  steps  41- 49: 19.7s  total: 97.5s  (50/100)
[2026-04-27 21:46:11] ds_weather cases_011  steps  51- 59: 19.9s  total: 117.4s  (60/100)
[2026-04-27 21:46:31] ds_weather cases_011  steps  61- 69: 20.0s  total: 137.4s  (70/100)
[2026-04-27 21:46:51] ds_weather cases_011  steps  71- 79: 20.9s  total: 158.3s  (80/100)
[2026-04-27 21:47:12] ds_weather cases_011  steps  81- 89: 20.7s  total: 179.0s  (90/100)
[2026-04-27 21:47:32] ds_weather cases_011  steps  91- 99: 20.2s  total: 199.2s  (100/100)
[2026-04-27 21:47:33] DONE ds_weather cases_011  total: 199.2s  (1.99s/step)
[2026-04-27 21:47:33]   tokens: 114,168 in + 3,812 out (reasoning: 0)  cost: $0.0350
[2026-04-27 21:47:33] START ds_weather cases_012 (100 steps, two-turn)
[2026-04-27 21:47:51] ds_weather cases_012  steps   1-  9: 18.6s  total: 18.6s  (10/100)
[2026-04-27 21:48:10] ds_weather cases_012  steps  11- 19: 18.8s  total: 37.4s  (20/100)
[2026-04-27 21:48:34] ds_weather cases_012  steps  21- 29: 23.4s  total: 60.8s  (30/100)
[2026-04-27 21:48:52] ds_weather cases_012  steps  31- 39: 18.2s  total: 78.9s  (40/100)
[2026-04-27 21:49:10] ds_weather cases_012  steps  41- 49: 18.6s  total: 97.5s  (50/100)
[2026-04-27 21:49:27] ds_weather cases_012  steps  51- 59: 17.1s  total: 114.6s  (60/100)
[2026-04-27 21:49:46] ds_weather cases_012  steps  61- 69: 18.2s  total: 132.8s  (70/100)
[2026-04-27 21:50:04] ds_weather cases_012  steps  71- 79: 18.3s  total: 151.1s  (80/100)
[2026-04-27 21:50:22] ds_weather cases_012  steps  81- 89: 17.7s  total: 168.7s  (90/100)
[2026-04-27 21:50:41] ds_weather cases_012  steps  91- 99: 19.7s  total: 188.4s  (100/100)
[2026-04-27 21:50:42] DONE ds_weather cases_012  total: 188.4s  (1.88s/step)
[2026-04-27 21:50:42]   tokens: 112,132 in + 2,862 out (reasoning: 0)  cost: $0.0334
[2026-04-27 21:50:42] START ds_weather cases_013 (100 steps, two-turn)
[2026-04-27 21:51:00] ds_weather cases_013  steps   1-  9: 18.3s  total: 18.3s  (10/100)
[2026-04-27 21:51:19] ds_weather cases_013  steps  11- 19: 18.8s  total: 37.1s  (20/100)
[2026-04-27 21:51:37] ds_weather cases_013  steps  21- 29: 18.5s  total: 55.5s  (30/100)
[2026-04-27 21:52:02] ds_weather cases_013  steps  31- 39: 25.0s  total: 80.5s  (40/100)
[2026-04-27 21:52:24] ds_weather cases_013  steps  41- 49: 21.5s  total: 102.1s  (50/100)
[2026-04-27 21:52:45] ds_weather cases_013  steps  51- 59: 20.8s  total: 122.8s  (60/100)
[2026-04-27 21:53:06] ds_weather cases_013  steps  61- 69: 21.4s  total: 144.3s  (70/100)
[2026-04-27 21:53:27] ds_weather cases_013  steps  71- 79: 20.6s  total: 164.9s  (80/100)
[2026-04-27 21:53:48] ds_weather cases_013  steps  81- 89: 21.2s  total: 186.1s  (90/100)
[2026-04-27 21:54:09] ds_weather cases_013  steps  91- 99: 21.6s  total: 207.7s  (100/100)
[2026-04-27 21:54:10] DONE ds_weather cases_013  total: 207.7s  (2.08s/step)
[2026-04-27 21:54:10]   tokens: 114,936 in + 3,831 out (reasoning: 0)  cost: $0.0352
[2026-04-27 21:54:10] START ds_weather cases_014 (100 steps, two-turn)
[2026-04-27 21:54:29] ds_weather cases_014  steps   1-  9: 19.2s  total: 19.2s  (10/100)
[2026-04-27 21:54:48] ds_weather cases_014  steps  11- 19: 18.8s  total: 38.0s  (20/100)
[2026-04-27 21:55:08] ds_weather cases_014  steps  21- 29: 19.8s  total: 57.8s  (30/100)
[2026-04-27 21:55:27] ds_weather cases_014  steps  31- 39: 19.5s  total: 77.3s  (40/100)
[2026-04-27 21:55:48] ds_weather cases_014  steps  41- 49: 20.3s  total: 97.6s  (50/100)
[2026-04-27 21:56:12] ds_weather cases_014  steps  51- 59: 24.4s  total: 122.0s  (60/100)
[2026-04-27 21:56:36] ds_weather cases_014  steps  61- 69: 23.7s  total: 145.7s  (70/100)
[2026-04-27 21:56:58] ds_weather cases_014  steps  71- 79: 22.0s  total: 167.7s  (80/100)
[2026-04-27 21:57:21] ds_weather cases_014  steps  81- 89: 23.1s  total: 190.8s  (90/100)
[2026-04-27 21:57:43] ds_weather cases_014  steps  91- 99: 22.3s  total: 213.1s  (100/100)
[2026-04-27 21:57:44] DONE ds_weather cases_014  total: 213.1s  (2.13s/step)
[2026-04-27 21:57:44]   tokens: 113,746 in + 3,623 out (reasoning: 0)  cost: $0.0347
[2026-04-27 21:57:44] START ds_weather cases_015 (100 steps, two-turn)
[2026-04-27 21:58:02] ds_weather cases_015  steps   1-  9: 18.6s  total: 18.6s  (10/100)
[2026-04-27 21:58:21] ds_weather cases_015  steps  11- 19: 19.0s  total: 37.6s  (20/100)
[2026-04-27 21:58:40] ds_weather cases_015  steps  21- 29: 18.6s  total: 56.1s  (30/100)
[2026-04-27 21:59:00] ds_weather cases_015  steps  31- 39: 20.5s  total: 76.6s  (40/100)
[2026-04-27 21:59:20] ds_weather cases_015  steps  41- 49: 20.1s  total: 96.7s  (50/100)
[2026-04-27 21:59:40] ds_weather cases_015  steps  51- 59: 19.8s  total: 116.5s  (60/100)
[2026-04-27 22:00:03] ds_weather cases_015  steps  61- 69: 23.0s  total: 139.5s  (70/100)
[2026-04-27 22:00:27] ds_weather cases_015  steps  71- 79: 24.1s  total: 163.6s  (80/100)
[2026-04-27 22:00:50] ds_weather cases_015  steps  81- 89: 23.3s  total: 186.9s  (90/100)
[2026-04-27 22:01:14] ds_weather cases_015  steps  91- 99: 23.4s  total: 210.3s  (100/100)
[2026-04-27 22:01:14] DONE ds_weather cases_015  total: 210.3s  (2.10s/step)
[2026-04-27 22:01:14]   tokens: 113,480 in + 3,498 out (reasoning: 0)  cost: $0.0345
[2026-04-27 22:01:14] START ds_weather cases_016 (100 steps, two-turn)
[2026-04-27 22:01:34] ds_weather cases_016  steps   1-  9: 20.0s  total: 20.0s  (10/100)
[2026-04-27 22:01:56] ds_weather cases_016  steps  11- 19: 21.6s  total: 41.6s  (20/100)
[2026-04-27 22:02:19] ds_weather cases_016  steps  21- 29: 22.7s  total: 64.3s  (30/100)
[2026-04-27 22:02:42] ds_weather cases_016  steps  31- 39: 23.6s  total: 87.9s  (40/100)
[2026-04-27 22:03:06] ds_weather cases_016  steps  41- 49: 23.3s  total: 111.2s  (50/100)
[2026-04-27 22:03:29] ds_weather cases_016  steps  51- 59: 23.9s  total: 135.1s  (60/100)
[2026-04-27 22:03:53] ds_weather cases_016  steps  61- 69: 24.0s  total: 159.0s  (70/100)
[2026-04-27 22:04:18] ds_weather cases_016  steps  71- 79: 24.3s  total: 183.4s  (80/100)
[2026-04-27 22:04:44] ds_weather cases_016  steps  81- 89: 26.5s  total: 209.9s  (90/100)
[2026-04-27 22:05:08] ds_weather cases_016  steps  91- 99: 24.2s  total: 234.0s  (100/100)
[2026-04-27 22:05:09] DONE ds_weather cases_016  total: 234.0s  (2.34s/step)
[2026-04-27 22:05:09]   tokens: 118,404 in + 6,066 out (reasoning: 0)  cost: $0.0386
[2026-04-27 22:05:09] START ds_weather cases_017 (100 steps, two-turn)
[2026-04-27 22:05:27] ds_weather cases_017  steps   1-  9: 18.1s  total: 18.1s  (10/100)
[2026-04-27 22:05:45] ds_weather cases_017  steps  11- 19: 18.1s  total: 36.1s  (20/100)
[2026-04-27 22:06:03] ds_weather cases_017  steps  21- 29: 18.0s  total: 54.1s  (30/100)
[2026-04-27 22:06:20] ds_weather cases_017  steps  31- 39: 17.5s  total: 71.6s  (40/100)
[2026-04-27 22:06:39] ds_weather cases_017  steps  41- 49: 18.2s  total: 89.8s  (50/100)
[2026-04-27 22:06:57] ds_weather cases_017  steps  51- 59: 18.4s  total: 108.2s  (60/100)
[2026-04-27 22:07:15] ds_weather cases_017  steps  61- 69: 18.3s  total: 126.5s  (70/100)
[2026-04-27 22:07:34] ds_weather cases_017  steps  71- 79: 19.1s  total: 145.6s  (80/100)
[2026-04-27 22:07:55] ds_weather cases_017  steps  81- 89: 20.7s  total: 166.3s  (90/100)
[2026-04-27 22:08:16] ds_weather cases_017  steps  91- 99: 20.4s  total: 186.7s  (100/100)
[2026-04-27 22:08:16] DONE ds_weather cases_017  total: 186.7s  (1.87s/step)
[2026-04-27 22:08:16]   tokens: 113,422 in + 3,442 out (reasoning: 0)  cost: $0.0344
[2026-04-27 22:08:16] START ds_weather cases_018 (100 steps, two-turn)
[2026-04-27 22:08:37] ds_weather cases_018  steps   1-  9: 21.1s  total: 21.1s  (10/100)
[2026-04-27 22:08:58] ds_weather cases_018  steps  11- 19: 21.1s  total: 42.2s  (20/100)
[2026-04-27 22:09:20] ds_weather cases_018  steps  21- 29: 22.2s  total: 64.4s  (30/100)
[2026-04-27 22:09:44] ds_weather cases_018  steps  31- 39: 24.1s  total: 88.4s  (40/100)
[2026-04-27 22:10:09] ds_weather cases_018  steps  41- 49: 24.9s  total: 113.4s  (50/100)
[2026-04-27 22:10:33] ds_weather cases_018  steps  51- 59: 24.1s  total: 137.5s  (60/100)
[2026-04-27 22:10:56] ds_weather cases_018  steps  61- 69: 22.4s  total: 159.9s  (70/100)
[2026-04-27 22:11:19] ds_weather cases_018  steps  71- 79: 23.2s  total: 183.1s  (80/100)
[2026-04-27 22:11:43] ds_weather cases_018  steps  81- 89: 24.1s  total: 207.3s  (90/100)
[2026-04-27 22:12:07] ds_weather cases_018  steps  91- 99: 23.5s  total: 230.8s  (100/100)
[2026-04-27 22:12:07] DONE ds_weather cases_018  total: 230.8s  (2.31s/step)
[2026-04-27 22:12:07]   tokens: 116,316 in + 4,899 out (reasoning: 0)  cost: $0.0368
[2026-04-27 22:12:07] START ds_weather cases_019 (100 steps, two-turn)
[2026-04-27 22:12:27] ds_weather cases_019  steps   1-  9: 20.0s  total: 20.0s  (10/100)
[2026-04-27 22:12:50] ds_weather cases_019  steps  11- 19: 22.3s  total: 42.2s  (20/100)
[2026-04-27 22:13:12] ds_weather cases_019  steps  21- 29: 22.3s  total: 64.6s  (30/100)
[2026-04-27 22:13:36] ds_weather cases_019  steps  31- 39: 23.7s  total: 88.2s  (40/100)
[2026-04-27 22:14:00] ds_weather cases_019  steps  41- 49: 24.3s  total: 112.6s  (50/100)
[2026-04-27 22:14:24] ds_weather cases_019  steps  51- 59: 24.2s  total: 136.8s  (60/100)
[2026-04-27 22:14:48] ds_weather cases_019  steps  61- 69: 23.8s  total: 160.7s  (70/100)
[2026-04-27 22:15:10] ds_weather cases_019  steps  71- 79: 22.0s  total: 182.7s  (80/100)
[2026-04-27 22:15:32] ds_weather cases_019  steps  81- 89: 22.1s  total: 204.7s  (90/100)
[2026-04-27 22:15:54] ds_weather cases_019  steps  91- 99: 22.4s  total: 227.1s  (100/100)
[2026-04-27 22:15:55] DONE ds_weather cases_019  total: 227.1s  (2.27s/step)
[2026-04-27 22:15:55]   tokens: 113,776 in + 3,612 out (reasoning: 0)  cost: $0.0347
[2026-04-27 22:15:55] START ds_weather_no_hint cases_005 (100 steps, two-turn)
[2026-04-27 22:16:16] ds_weather_no_hint cases_005  steps   1-  9: 21.3s  total: 21.3s  (10/100)
[2026-04-27 22:16:38] ds_weather_no_hint cases_005  steps  11- 19: 22.0s  total: 43.4s  (20/100)
[2026-04-27 22:17:01] ds_weather_no_hint cases_005  steps  21- 29: 22.8s  total: 66.2s  (30/100)
[2026-04-27 22:17:19] ds_weather_no_hint cases_005  steps  31- 39: 17.8s  total: 84.0s  (40/100)
[2026-04-27 22:17:44] ds_weather_no_hint cases_005  steps  41- 49: 25.6s  total: 109.6s  (50/100)
[2026-04-27 22:18:12] ds_weather_no_hint cases_005  steps  51- 59: 27.3s  total: 136.9s  (60/100)
[2026-04-27 22:18:34] ds_weather_no_hint cases_005  steps  61- 69: 22.7s  total: 159.6s  (70/100)
[2026-04-27 22:18:59] ds_weather_no_hint cases_005  steps  71- 79: 24.1s  total: 183.7s  (80/100)
[2026-04-27 22:19:22] ds_weather_no_hint cases_005  steps  81- 89: 23.1s  total: 206.9s  (90/100)
[2026-04-27 22:19:47] ds_weather_no_hint cases_005  steps  91- 99: 24.8s  total: 231.7s  (100/100)
[2026-04-27 22:19:47] DONE ds_weather_no_hint cases_005  total: 231.7s  (2.32s/step)
[2026-04-27 22:19:47]   tokens: 112,054 in + 4,762 out (reasoning: 0)  cost: $0.0355
[2026-04-27 22:19:47] START ds_weather_no_hint cases_006 (100 steps, two-turn)
[2026-04-27 22:20:07] ds_weather_no_hint cases_006  steps   1-  9: 20.4s  total: 20.4s  (10/100)
[2026-04-27 22:20:27] ds_weather_no_hint cases_006  steps  11- 19: 19.3s  total: 39.7s  (20/100)
[2026-04-27 22:20:45] ds_weather_no_hint cases_006  steps  21- 29: 18.1s  total: 57.8s  (30/100)
[2026-04-27 22:21:02] ds_weather_no_hint cases_006  steps  31- 39: 17.2s  total: 75.0s  (40/100)
[2026-04-27 22:21:20] ds_weather_no_hint cases_006  steps  41- 49: 17.9s  total: 92.9s  (50/100)
[2026-04-27 22:21:39] ds_weather_no_hint cases_006  steps  51- 59: 18.7s  total: 111.6s  (60/100)
[2026-04-27 22:21:58] ds_weather_no_hint cases_006  steps  61- 69: 19.7s  total: 131.3s  (70/100)
[2026-04-27 22:22:17] ds_weather_no_hint cases_006  steps  71- 79: 18.2s  total: 149.5s  (80/100)
[2026-04-27 22:22:37] ds_weather_no_hint cases_006  steps  81- 89: 20.7s  total: 170.2s  (90/100)
[2026-04-27 22:22:59] ds_weather_no_hint cases_006  steps  91- 99: 21.7s  total: 191.9s  (100/100)
[2026-04-27 22:22:59] DONE ds_weather_no_hint cases_006  total: 191.9s  (1.92s/step)
[2026-04-27 22:22:59]   tokens: 107,040 in + 2,240 out (reasoning: 0)  cost: $0.0314
[2026-04-27 22:22:59] START ds_weather_no_hint cases_007 (100 steps, two-turn)
[2026-04-27 22:23:24] ds_weather_no_hint cases_007  steps   1-  9: 24.6s  total: 24.6s  (10/100)
[2026-04-27 22:23:45] ds_weather_no_hint cases_007  steps  11- 19: 21.4s  total: 46.0s  (20/100)
[2026-04-27 22:24:06] ds_weather_no_hint cases_007  steps  21- 29: 20.7s  total: 66.8s  (30/100)
[2026-04-27 22:24:26] ds_weather_no_hint cases_007  steps  31- 39: 20.1s  total: 86.8s  (40/100)
[2026-04-27 22:24:49] ds_weather_no_hint cases_007  steps  41- 49: 22.3s  total: 109.1s  (50/100)
[2026-04-27 22:25:14] ds_weather_no_hint cases_007  steps  51- 59: 25.2s  total: 134.3s  (60/100)
[2026-04-27 22:25:38] ds_weather_no_hint cases_007  steps  61- 69: 24.1s  total: 158.4s  (70/100)
[2026-04-27 22:26:02] ds_weather_no_hint cases_007  steps  71- 79: 23.8s  total: 182.2s  (80/100)
[2026-04-27 22:26:25] ds_weather_no_hint cases_007  steps  81- 89: 23.5s  total: 205.7s  (90/100)
[2026-04-27 22:26:47] ds_weather_no_hint cases_007  steps  91- 99: 21.7s  total: 227.4s  (100/100)
[2026-04-27 22:26:47] DONE ds_weather_no_hint cases_007  total: 227.4s  (2.27s/step)
[2026-04-27 22:26:47]   tokens: 110,904 in + 3,845 out (reasoning: 0)  cost: $0.0342
[2026-04-27 22:26:47] START ds_weather_no_hint cases_008 (100 steps, two-turn)
[2026-04-27 22:27:08] ds_weather_no_hint cases_008  steps   1-  9: 20.9s  total: 20.9s  (10/100)
[2026-04-27 22:27:29] ds_weather_no_hint cases_008  steps  11- 19: 21.2s  total: 42.1s  (20/100)
[2026-04-27 22:27:52] ds_weather_no_hint cases_008  steps  21- 29: 22.3s  total: 64.4s  (30/100)
[2026-04-27 22:28:15] ds_weather_no_hint cases_008  steps  31- 39: 23.4s  total: 87.8s  (40/100)
[2026-04-27 22:28:38] ds_weather_no_hint cases_008  steps  41- 49: 23.0s  total: 110.8s  (50/100)
[2026-04-27 22:29:00] ds_weather_no_hint cases_008  steps  51- 59: 22.0s  total: 132.8s  (60/100)
[2026-04-27 22:29:20] ds_weather_no_hint cases_008  steps  61- 69: 20.4s  total: 153.2s  (70/100)
[2026-04-27 22:29:44] ds_weather_no_hint cases_008  steps  71- 79: 23.2s  total: 176.4s  (80/100)
[2026-04-27 22:30:07] ds_weather_no_hint cases_008  steps  81- 89: 23.2s  total: 199.7s  (90/100)
[2026-04-27 22:30:29] ds_weather_no_hint cases_008  steps  91- 99: 21.9s  total: 221.6s  (100/100)
[2026-04-27 22:30:29] DONE ds_weather_no_hint cases_008  total: 221.6s  (2.22s/step)
[2026-04-27 22:30:29]   tokens: 110,832 in + 4,131 out (reasoning: 0)  cost: $0.0345
[2026-04-27 22:30:29] START ds_weather_no_hint cases_009 (100 steps, two-turn)
[2026-04-27 22:30:52] ds_weather_no_hint cases_009  steps   1-  9: 23.0s  total: 23.0s  (10/100)
[2026-04-27 22:31:12] ds_weather_no_hint cases_009  steps  11- 19: 19.6s  total: 42.6s  (20/100)
[2026-04-27 22:31:34] ds_weather_no_hint cases_009  steps  21- 29: 22.1s  total: 64.6s  (30/100)
[2026-04-27 22:31:58] ds_weather_no_hint cases_009  steps  31- 39: 24.3s  total: 88.9s  (40/100)
[2026-04-27 22:32:20] ds_weather_no_hint cases_009  steps  41- 49: 22.2s  total: 111.1s  (50/100)
[2026-04-27 22:32:41] ds_weather_no_hint cases_009  steps  51- 59: 20.6s  total: 131.7s  (60/100)
[2026-04-27 22:33:02] ds_weather_no_hint cases_009  steps  61- 69: 21.1s  total: 152.9s  (70/100)
[2026-04-27 22:33:22] ds_weather_no_hint cases_009  steps  71- 79: 19.4s  total: 172.3s  (80/100)
[2026-04-27 22:33:43] ds_weather_no_hint cases_009  steps  81- 89: 21.2s  total: 193.5s  (90/100)
[2026-04-27 22:34:06] ds_weather_no_hint cases_009  steps  91- 99: 23.2s  total: 216.7s  (100/100)
[2026-04-27 22:34:06] DONE ds_weather_no_hint cases_009  total: 216.7s  (2.17s/step)
[2026-04-27 22:34:06]   tokens: 108,168 in + 2,800 out (reasoning: 0)  cost: $0.0323
[2026-04-27 22:34:06] START ds_weather_no_hint cases_010 (100 steps, two-turn)
[2026-04-27 22:34:28] ds_weather_no_hint cases_010  steps   1-  9: 22.1s  total: 22.1s  (10/100)
[2026-04-27 22:34:51] ds_weather_no_hint cases_010  steps  11- 19: 22.5s  total: 44.6s  (20/100)
[2026-04-27 22:35:14] ds_weather_no_hint cases_010  steps  21- 29: 23.3s  total: 67.9s  (30/100)
[2026-04-27 22:35:39] ds_weather_no_hint cases_010  steps  31- 39: 24.4s  total: 92.3s  (40/100)
[2026-04-27 22:35:59] ds_weather_no_hint cases_010  steps  41- 49: 20.0s  total: 112.3s  (50/100)
[2026-04-27 22:36:18] ds_weather_no_hint cases_010  steps  51- 59: 19.1s  total: 131.4s  (60/100)
[2026-04-27 22:36:37] ds_weather_no_hint cases_010  steps  61- 69: 19.4s  total: 150.8s  (70/100)
[2026-04-27 22:36:56] ds_weather_no_hint cases_010  steps  71- 79: 19.1s  total: 169.9s  (80/100)
[2026-04-27 22:37:16] ds_weather_no_hint cases_010  steps  81- 89: 19.8s  total: 189.7s  (90/100)
[2026-04-27 22:37:36] ds_weather_no_hint cases_010  steps  91- 99: 20.3s  total: 210.0s  (100/100)
[2026-04-27 22:37:37] DONE ds_weather_no_hint cases_010  total: 210.0s  (2.10s/step)
[2026-04-27 22:37:37]   tokens: 110,294 in + 3,595 out (reasoning: 0)  cost: $0.0337
[2026-04-27 22:37:37] START ds_weather_no_hint cases_011 (100 steps, two-turn)
[2026-04-27 22:37:58] ds_weather_no_hint cases_011  steps   1-  9: 20.6s  total: 20.6s  (10/100)
[2026-04-27 22:38:18] ds_weather_no_hint cases_011  steps  11- 19: 20.4s  total: 41.0s  (20/100)
[2026-04-27 22:38:36] ds_weather_no_hint cases_011  steps  21- 29: 18.5s  total: 59.5s  (30/100)
[2026-04-27 22:38:56] ds_weather_no_hint cases_011  steps  31- 39: 19.7s  total: 79.2s  (40/100)
[2026-04-27 22:39:14] ds_weather_no_hint cases_011  steps  41- 49: 17.6s  total: 96.8s  (50/100)
[2026-04-27 22:39:32] ds_weather_no_hint cases_011  steps  51- 59: 18.7s  total: 115.5s  (60/100)
[2026-04-27 22:39:50] ds_weather_no_hint cases_011  steps  61- 69: 17.4s  total: 132.9s  (70/100)
[2026-04-27 22:40:07] ds_weather_no_hint cases_011  steps  71- 79: 17.4s  total: 150.3s  (80/100)
[2026-04-27 22:40:24] ds_weather_no_hint cases_011  steps  81- 89: 16.5s  total: 166.8s  (90/100)
[2026-04-27 22:40:40] ds_weather_no_hint cases_011  steps  91- 99: 16.5s  total: 183.3s  (100/100)
[2026-04-27 22:40:41] DONE ds_weather_no_hint cases_011  total: 183.3s  (1.83s/step)
[2026-04-27 22:40:41]   tokens: 107,496 in + 2,365 out (reasoning: 0)  cost: $0.0316
[2026-04-27 22:40:41] START ds_weather_no_hint cases_012 (100 steps, two-turn)
[2026-04-27 22:41:02] ds_weather_no_hint cases_012  steps   1-  9: 21.5s  total: 21.5s  (10/100)
[2026-04-27 22:41:26] ds_weather_no_hint cases_012  steps  11- 19: 23.9s  total: 45.4s  (20/100)
[2026-04-27 22:41:48] ds_weather_no_hint cases_012  steps  21- 29: 22.2s  total: 67.6s  (30/100)
[2026-04-27 22:42:10] ds_weather_no_hint cases_012  steps  31- 39: 22.0s  total: 89.6s  (40/100)
[2026-04-27 22:42:33] ds_weather_no_hint cases_012  steps  41- 49: 22.2s  total: 111.9s  (50/100)
[2026-04-27 22:42:56] ds_weather_no_hint cases_012  steps  51- 59: 23.2s  total: 135.1s  (60/100)
[2026-04-27 22:43:21] ds_weather_no_hint cases_012  steps  61- 69: 24.8s  total: 159.8s  (70/100)
[2026-04-27 22:43:47] ds_weather_no_hint cases_012  steps  71- 79: 26.8s  total: 186.6s  (80/100)
[2026-04-27 22:44:12] ds_weather_no_hint cases_012  steps  81- 89: 25.0s  total: 211.6s  (90/100)
[2026-04-27 22:44:36] ds_weather_no_hint cases_012  steps  91- 99: 23.1s  total: 234.8s  (100/100)
[2026-04-27 22:44:36] DONE ds_weather_no_hint cases_012  total: 234.8s  (2.35s/step)
[2026-04-27 22:44:36]   tokens: 110,800 in + 4,128 out (reasoning: 0)  cost: $0.0345
[2026-04-27 22:44:36] START ds_weather_no_hint cases_013 (100 steps, two-turn)
[2026-04-27 22:44:55] ds_weather_no_hint cases_013  steps   1-  9: 19.1s  total: 19.1s  (10/100)
[2026-04-27 22:45:15] ds_weather_no_hint cases_013  steps  11- 19: 20.1s  total: 39.2s  (20/100)
[2026-04-27 22:45:35] ds_weather_no_hint cases_013  steps  21- 29: 19.4s  total: 58.6s  (30/100)
[2026-04-27 22:45:57] ds_weather_no_hint cases_013  steps  31- 39: 22.2s  total: 80.7s  (40/100)
[2026-04-27 22:46:19] ds_weather_no_hint cases_013  steps  41- 49: 22.1s  total: 102.9s  (50/100)
[2026-04-27 22:46:38] ds_weather_no_hint cases_013  steps  51- 59: 19.0s  total: 121.8s  (60/100)
[2026-04-27 22:46:57] ds_weather_no_hint cases_013  steps  61- 69: 19.1s  total: 140.9s  (70/100)
[2026-04-27 22:47:16] ds_weather_no_hint cases_013  steps  71- 79: 19.3s  total: 160.2s  (80/100)
[2026-04-27 22:47:36] ds_weather_no_hint cases_013  steps  81- 89: 19.4s  total: 179.6s  (90/100)
[2026-04-27 22:47:54] ds_weather_no_hint cases_013  steps  91- 99: 18.2s  total: 197.8s  (100/100)
[2026-04-27 22:47:54] DONE ds_weather_no_hint cases_013  total: 197.8s  (1.98s/step)
[2026-04-27 22:47:54]   tokens: 110,914 in + 3,509 out (reasoning: 0)  cost: $0.0338
[2026-04-27 22:47:54] START ds_weather_no_hint cases_014 (100 steps, two-turn)
[2026-04-27 22:48:15] ds_weather_no_hint cases_014  steps   1-  9: 21.0s  total: 21.0s  (10/100)
[2026-04-27 22:48:36] ds_weather_no_hint cases_014  steps  11- 19: 20.2s  total: 41.2s  (20/100)
[2026-04-27 22:48:58] ds_weather_no_hint cases_014  steps  21- 29: 22.3s  total: 63.5s  (30/100)
[2026-04-27 22:49:19] ds_weather_no_hint cases_014  steps  31- 39: 21.6s  total: 85.1s  (40/100)
[2026-04-27 22:49:39] ds_weather_no_hint cases_014  steps  41- 49: 19.6s  total: 104.7s  (50/100)
[2026-04-27 22:49:57] ds_weather_no_hint cases_014  steps  51- 59: 17.9s  total: 122.6s  (60/100)
[2026-04-27 22:50:17] ds_weather_no_hint cases_014  steps  61- 69: 20.0s  total: 142.5s  (70/100)
[2026-04-27 22:50:37] ds_weather_no_hint cases_014  steps  71- 79: 20.5s  total: 163.0s  (80/100)
[2026-04-27 22:50:58] ds_weather_no_hint cases_014  steps  81- 89: 20.2s  total: 183.2s  (90/100)
[2026-04-27 22:51:19] ds_weather_no_hint cases_014  steps  91- 99: 21.4s  total: 204.6s  (100/100)
[2026-04-27 22:51:19] DONE ds_weather_no_hint cases_014  total: 204.6s  (2.05s/step)
[2026-04-27 22:51:19]   tokens: 108,148 in + 2,784 out (reasoning: 0)  cost: $0.0323
[2026-04-27 22:51:19] START ds_weather_no_hint cases_015 (100 steps, two-turn)
[2026-04-27 22:51:42] ds_weather_no_hint cases_015  steps   1-  9: 22.9s  total: 22.9s  (10/100)
[2026-04-27 22:52:05] ds_weather_no_hint cases_015  steps  11- 19: 22.6s  total: 45.5s  (20/100)
[2026-04-27 22:52:28] ds_weather_no_hint cases_015  steps  21- 29: 22.7s  total: 68.2s  (30/100)
[2026-04-27 22:52:48] ds_weather_no_hint cases_015  steps  31- 39: 19.9s  total: 88.1s  (40/100)
[2026-04-27 22:53:09] ds_weather_no_hint cases_015  steps  41- 49: 21.3s  total: 109.4s  (50/100)
[2026-04-27 22:53:31] ds_weather_no_hint cases_015  steps  51- 59: 22.6s  total: 132.0s  (60/100)
[2026-04-27 22:53:53] ds_weather_no_hint cases_015  steps  61- 69: 21.2s  total: 153.2s  (70/100)
[2026-04-27 22:54:11] ds_weather_no_hint cases_015  steps  71- 79: 18.7s  total: 172.0s  (80/100)
[2026-04-27 22:54:33] ds_weather_no_hint cases_015  steps  81- 89: 21.6s  total: 193.6s  (90/100)
[2026-04-27 22:54:56] ds_weather_no_hint cases_015  steps  91- 99: 22.7s  total: 216.2s  (100/100)
[2026-04-27 22:54:56] DONE ds_weather_no_hint cases_015  total: 216.2s  (2.16s/step)
[2026-04-27 22:54:56]   tokens: 108,212 in + 2,792 out (reasoning: 0)  cost: $0.0323
[2026-04-27 22:54:56] START ds_weather_no_hint cases_016 (100 steps, two-turn)
[2026-04-27 22:55:17] ds_weather_no_hint cases_016  steps   1-  9: 20.7s  total: 20.7s  (10/100)
[2026-04-27 22:55:43] ds_weather_no_hint cases_016  steps  11- 19: 25.8s  total: 46.5s  (20/100)
[2026-04-27 22:56:11] ds_weather_no_hint cases_016  steps  21- 29: 28.7s  total: 75.3s  (30/100)
[2026-04-27 22:56:35] ds_weather_no_hint cases_016  steps  31- 39: 23.2s  total: 98.5s  (40/100)
[2026-04-27 22:56:59] ds_weather_no_hint cases_016  steps  41- 49: 24.0s  total: 122.5s  (50/100)
[2026-04-27 22:57:20] ds_weather_no_hint cases_016  steps  51- 59: 21.6s  total: 144.1s  (60/100)
[2026-04-27 22:57:46] ds_weather_no_hint cases_016  steps  61- 69: 25.3s  total: 169.4s  (70/100)
[2026-04-27 22:58:09] ds_weather_no_hint cases_016  steps  71- 79: 23.1s  total: 192.5s  (80/100)
[2026-04-27 22:58:34] ds_weather_no_hint cases_016  steps  81- 89: 25.1s  total: 217.6s  (90/100)
[2026-04-27 22:58:59] ds_weather_no_hint cases_016  steps  91- 99: 25.4s  total: 242.9s  (100/100)
[2026-04-27 22:59:00] DONE ds_weather_no_hint cases_016  total: 242.9s  (2.43s/step)
[2026-04-27 22:59:00]   tokens: 118,770 in + 8,138 out (reasoning: 0)  cost: $0.0410
[2026-04-27 22:59:00] START ds_weather_no_hint cases_017 (100 steps, two-turn)
[2026-04-27 22:59:18] ds_weather_no_hint cases_017  steps   1-  9: 18.2s  total: 18.2s  (10/100)
[2026-04-27 22:59:36] ds_weather_no_hint cases_017  steps  11- 19: 18.0s  total: 36.2s  (20/100)
[2026-04-27 22:59:54] ds_weather_no_hint cases_017  steps  21- 29: 18.7s  total: 54.8s  (30/100)
[2026-04-27 23:00:14] ds_weather_no_hint cases_017  steps  31- 39: 19.1s  total: 74.0s  (40/100)
[2026-04-27 23:00:32] ds_weather_no_hint cases_017  steps  41- 49: 18.8s  total: 92.8s  (50/100)
[2026-04-27 23:00:50] ds_weather_no_hint cases_017  steps  51- 59: 17.4s  total: 110.2s  (60/100)
[2026-04-27 23:01:07] ds_weather_no_hint cases_017  steps  61- 69: 17.6s  total: 127.8s  (70/100)
[2026-04-27 23:01:26] ds_weather_no_hint cases_017  steps  71- 79: 18.4s  total: 146.2s  (80/100)
[2026-04-27 23:01:45] ds_weather_no_hint cases_017  steps  81- 89: 19.2s  total: 165.4s  (90/100)
[2026-04-27 23:02:02] ds_weather_no_hint cases_017  steps  91- 99: 17.0s  total: 182.3s  (100/100)
[2026-04-27 23:02:02] DONE ds_weather_no_hint cases_017  total: 182.3s  (1.82s/step)
[2026-04-27 23:02:02]   tokens: 108,458 in + 2,934 out (reasoning: 0)  cost: $0.0325
[2026-04-27 23:02:02] START ds_weather_no_hint cases_018 (100 steps, two-turn)
[2026-04-27 23:02:20] ds_weather_no_hint cases_018  steps   1-  9: 17.3s  total: 17.3s  (10/100)
[2026-04-27 23:02:38] ds_weather_no_hint cases_018  steps  11- 19: 18.0s  total: 35.3s  (20/100)
[2026-04-27 23:03:00] ds_weather_no_hint cases_018  steps  21- 29: 22.2s  total: 57.5s  (30/100)
[2026-04-27 23:03:19] ds_weather_no_hint cases_018  steps  31- 39: 19.4s  total: 76.9s  (40/100)
[2026-04-27 23:03:38] ds_weather_no_hint cases_018  steps  41- 49: 18.6s  total: 95.5s  (50/100)
[2026-04-27 23:03:57] ds_weather_no_hint cases_018  steps  51- 59: 18.6s  total: 114.1s  (60/100)
[2026-04-27 23:04:16] ds_weather_no_hint cases_018  steps  61- 69: 19.2s  total: 133.3s  (70/100)
[2026-04-27 23:04:35] ds_weather_no_hint cases_018  steps  71- 79: 19.7s  total: 153.0s  (80/100)
[2026-04-27 23:04:54] ds_weather_no_hint cases_018  steps  81- 89: 18.4s  total: 171.4s  (90/100)
[2026-04-27 23:05:15] ds_weather_no_hint cases_018  steps  91- 99: 20.9s  total: 192.3s  (100/100)
[2026-04-27 23:05:15] DONE ds_weather_no_hint cases_018  total: 192.3s  (1.92s/step)
[2026-04-27 23:05:15]   tokens: 110,322 in + 3,928 out (reasoning: 0)  cost: $0.0341
[2026-04-27 23:05:15] START ds_weather_no_hint cases_019 (100 steps, two-turn)
[2026-04-27 23:05:34] ds_weather_no_hint cases_019  steps   1-  9: 19.2s  total: 19.2s  (10/100)
[2026-04-27 23:05:54] ds_weather_no_hint cases_019  steps  11- 19: 19.2s  total: 38.4s  (20/100)
[2026-04-27 23:06:16] ds_weather_no_hint cases_019  steps  21- 29: 22.5s  total: 60.9s  (30/100)
[2026-04-27 23:06:38] ds_weather_no_hint cases_019  steps  31- 39: 22.1s  total: 83.1s  (40/100)
[2026-04-27 23:07:01] ds_weather_no_hint cases_019  steps  41- 49: 22.2s  total: 105.3s  (50/100)
[2026-04-27 23:07:24] ds_weather_no_hint cases_019  steps  51- 59: 23.2s  total: 128.5s  (60/100)
[2026-04-27 23:07:47] ds_weather_no_hint cases_019  steps  61- 69: 23.2s  total: 151.7s  (70/100)
[2026-04-27 23:08:10] ds_weather_no_hint cases_019  steps  71- 79: 23.3s  total: 175.0s  (80/100)
[2026-04-27 23:08:33] ds_weather_no_hint cases_019  steps  81- 89: 22.3s  total: 197.3s  (90/100)
[2026-04-27 23:08:55] ds_weather_no_hint cases_019  steps  91- 99: 22.5s  total: 219.8s  (100/100)
[2026-04-27 23:08:55] DONE ds_weather_no_hint cases_019  total: 219.8s  (2.20s/step)
[2026-04-27 23:08:55]   tokens: 114,990 in + 6,251 out (reasoning: 0)  cost: $0.0379
[2026-04-27 23:08:56] START ds_weather_nonote cases_005 (100 steps, nonote)
[2026-04-27 23:09:03] ds_weather_nonote cases_005  steps   1-  9: 7.9s  total: 7.9s  (10/100)
[2026-04-27 23:09:12] ds_weather_nonote cases_005  steps  11- 19: 8.6s  total: 16.4s  (20/100)
[2026-04-27 23:09:21] ds_weather_nonote cases_005  steps  21- 29: 8.6s  total: 25.0s  (30/100)
[2026-04-27 23:09:30] ds_weather_nonote cases_005  steps  31- 39: 9.2s  total: 34.3s  (40/100)
[2026-04-27 23:09:40] ds_weather_nonote cases_005  steps  41- 49: 10.2s  total: 44.4s  (50/100)
[2026-04-27 23:09:50] ds_weather_nonote cases_005  steps  51- 59: 9.7s  total: 54.1s  (60/100)
[2026-04-27 23:10:00] ds_weather_nonote cases_005  steps  61- 69: 10.0s  total: 64.2s  (70/100)
[2026-04-27 23:10:10] ds_weather_nonote cases_005  steps  71- 79: 10.5s  total: 74.7s  (80/100)
[2026-04-27 23:10:21] ds_weather_nonote cases_005  steps  81- 89: 10.5s  total: 85.2s  (90/100)
[2026-04-27 23:10:31] ds_weather_nonote cases_005  steps  91- 99: 10.1s  total: 95.3s  (100/100)
[2026-04-27 23:10:31] DONE ds_weather_nonote cases_005  total: 95.3s  (0.95s/step)
[2026-04-27 23:10:31]   tokens: 379,750 in + 800 out (reasoning: 0)  cost: $0.1034
[2026-04-27 23:10:31] START ds_weather_nonote cases_006 (100 steps, nonote)
[2026-04-27 23:10:40] ds_weather_nonote cases_006  steps   1-  9: 8.7s  total: 8.7s  (10/100)
[2026-04-27 23:10:49] ds_weather_nonote cases_006  steps  11- 19: 8.5s  total: 17.2s  (20/100)
[2026-04-27 23:10:58] ds_weather_nonote cases_006  steps  21- 29: 9.0s  total: 26.2s  (30/100)
[2026-04-27 23:11:06] ds_weather_nonote cases_006  steps  31- 39: 8.7s  total: 34.9s  (40/100)
[2026-04-27 23:11:16] ds_weather_nonote cases_006  steps  41- 49: 10.0s  total: 44.9s  (50/100)
[2026-04-27 23:11:26] ds_weather_nonote cases_006  steps  51- 59: 10.1s  total: 54.9s  (60/100)
[2026-04-27 23:11:36] ds_weather_nonote cases_006  steps  61- 69: 10.0s  total: 64.9s  (70/100)
[2026-04-27 23:11:46] ds_weather_nonote cases_006  steps  71- 79: 10.1s  total: 75.0s  (80/100)
[2026-04-27 23:11:56] ds_weather_nonote cases_006  steps  81- 89: 10.1s  total: 85.1s  (90/100)
[2026-04-27 23:12:06] ds_weather_nonote cases_006  steps  91- 99: 9.8s  total: 94.9s  (100/100)
[2026-04-27 23:12:07] DONE ds_weather_nonote cases_006  total: 94.9s  (0.95s/step)
[2026-04-27 23:12:07]   tokens: 379,750 in + 800 out (reasoning: 0)  cost: $0.1034
[2026-04-27 23:12:07] START ds_weather_nonote cases_007 (100 steps, nonote)
[2026-04-27 23:12:15] ds_weather_nonote cases_007  steps   1-  9: 8.3s  total: 8.3s  (10/100)
[2026-04-27 23:12:23] ds_weather_nonote cases_007  steps  11- 19: 8.4s  total: 16.7s  (20/100)
[2026-04-27 23:12:32] ds_weather_nonote cases_007  steps  21- 29: 8.4s  total: 25.1s  (30/100)
[2026-04-27 23:12:41] ds_weather_nonote cases_007  steps  31- 39: 8.7s  total: 33.8s  (40/100)
[2026-04-27 23:12:50] ds_weather_nonote cases_007  steps  41- 49: 9.8s  total: 43.6s  (50/100)
[2026-04-27 23:13:00] ds_weather_nonote cases_007  steps  51- 59: 9.5s  total: 53.1s  (60/100)
[2026-04-27 23:13:09] ds_weather_nonote cases_007  steps  61- 69: 9.6s  total: 62.7s  (70/100)
[2026-04-27 23:13:19] ds_weather_nonote cases_007  steps  71- 79: 10.0s  total: 72.7s  (80/100)
[2026-04-27 23:13:31] ds_weather_nonote cases_007  steps  81- 89: 11.1s  total: 83.8s  (90/100)
[2026-04-27 23:13:41] ds_weather_nonote cases_007  steps  91- 99: 10.2s  total: 94.0s  (100/100)
[2026-04-27 23:13:41] DONE ds_weather_nonote cases_007  total: 94.0s  (0.94s/step)
[2026-04-27 23:13:41]   tokens: 379,750 in + 800 out (reasoning: 0)  cost: $0.1034
[2026-04-27 23:13:41] START ds_weather_nonote cases_008 (100 steps, nonote)
[2026-04-27 23:13:50] ds_weather_nonote cases_008  steps   1-  9: 8.4s  total: 8.4s  (10/100)
[2026-04-27 23:13:58] ds_weather_nonote cases_008  steps  11- 19: 8.4s  total: 16.8s  (20/100)
[2026-04-27 23:14:07] ds_weather_nonote cases_008  steps  21- 29: 8.7s  total: 25.6s  (30/100)
[2026-04-27 23:14:16] ds_weather_nonote cases_008  steps  31- 39: 8.9s  total: 34.4s  (40/100)
[2026-04-27 23:14:25] ds_weather_nonote cases_008  steps  41- 49: 9.6s  total: 44.0s  (50/100)
[2026-04-27 23:14:35] ds_weather_nonote cases_008  steps  51- 59: 9.9s  total: 53.9s  (60/100)
[2026-04-27 23:14:45] ds_weather_nonote cases_008  steps  61- 69: 9.8s  total: 63.7s  (70/100)
[2026-04-27 23:14:55] ds_weather_nonote cases_008  steps  71- 79: 10.3s  total: 74.0s  (80/100)
[2026-04-27 23:15:05] ds_weather_nonote cases_008  steps  81- 89: 9.8s  total: 83.8s  (90/100)
[2026-04-27 23:15:15] ds_weather_nonote cases_008  steps  91- 99: 10.3s  total: 94.0s  (100/100)
[2026-04-27 23:15:16] DONE ds_weather_nonote cases_008  total: 94.0s  (0.94s/step)
[2026-04-27 23:15:16]   tokens: 379,750 in + 800 out (reasoning: 0)  cost: $0.1034
[2026-04-27 23:15:16] START ds_weather_nonote cases_009 (100 steps, nonote)
[2026-04-27 23:15:24] ds_weather_nonote cases_009  steps   1-  9: 8.2s  total: 8.2s  (10/100)
[2026-04-27 23:15:32] ds_weather_nonote cases_009  steps  11- 19: 8.3s  total: 16.4s  (20/100)
[2026-04-27 23:15:41] ds_weather_nonote cases_009  steps  21- 29: 8.7s  total: 25.1s  (30/100)
[2026-04-27 23:15:50] ds_weather_nonote cases_009  steps  31- 39: 9.0s  total: 34.1s  (40/100)
[2026-04-27 23:16:00] ds_weather_nonote cases_009  steps  41- 49: 10.5s  total: 44.5s  (50/100)
[2026-04-27 23:16:11] ds_weather_nonote cases_009  steps  51- 59: 10.5s  total: 55.0s  (60/100)
[2026-04-27 23:16:21] ds_weather_nonote cases_009  steps  61- 69: 10.5s  total: 65.5s  (70/100)
[2026-04-27 23:16:36] ds_weather_nonote cases_009  steps  71- 79: 14.9s  total: 80.4s  (80/100)
[2026-04-27 23:16:47] ds_weather_nonote cases_009  steps  81- 89: 10.7s  total: 91.1s  (90/100)
[2026-04-27 23:16:57] ds_weather_nonote cases_009  steps  91- 99: 10.5s  total: 101.6s  (100/100)
[2026-04-27 23:16:58] DONE ds_weather_nonote cases_009  total: 101.6s  (1.02s/step)
[2026-04-27 23:16:58]   tokens: 379,750 in + 800 out (reasoning: 0)  cost: $0.1034
[2026-04-27 23:16:58] START ds_weather_nonote cases_010 (100 steps, nonote)
[2026-04-27 23:17:06] ds_weather_nonote cases_010  steps   1-  9: 8.4s  total: 8.4s  (10/100)
[2026-04-27 23:17:15] ds_weather_nonote cases_010  steps  11- 19: 8.5s  total: 16.8s  (20/100)
[2026-04-27 23:17:24] ds_weather_nonote cases_010  steps  21- 29: 8.9s  total: 25.8s  (30/100)
[2026-04-27 23:17:33] ds_weather_nonote cases_010  steps  31- 39: 9.5s  total: 35.3s  (40/100)
[2026-04-27 23:17:43] ds_weather_nonote cases_010  steps  41- 49: 9.6s  total: 44.8s  (50/100)
[2026-04-27 23:17:53] ds_weather_nonote cases_010  steps  51- 59: 10.3s  total: 55.2s  (60/100)
[2026-04-27 23:18:04] ds_weather_nonote cases_010  steps  61- 69: 11.5s  total: 66.7s  (70/100)
[2026-04-27 23:18:14] ds_weather_nonote cases_010  steps  71- 79: 9.9s  total: 76.6s  (80/100)
[2026-04-27 23:18:24] ds_weather_nonote cases_010  steps  81- 89: 10.0s  total: 86.6s  (90/100)
[2026-04-27 23:18:35] ds_weather_nonote cases_010  steps  91- 99: 10.4s  total: 97.0s  (100/100)
[2026-04-27 23:18:35] DONE ds_weather_nonote cases_010  total: 97.0s  (0.97s/step)
[2026-04-27 23:18:35]   tokens: 379,750 in + 800 out (reasoning: 0)  cost: $0.1034
[2026-04-27 23:18:35] START ds_weather_nonote cases_011 (100 steps, nonote)
[2026-04-27 23:18:43] ds_weather_nonote cases_011  steps   1-  9: 8.1s  total: 8.1s  (10/100)
[2026-04-27 23:18:52] ds_weather_nonote cases_011  steps  11- 19: 8.6s  total: 16.7s  (20/100)
[2026-04-27 23:19:01] ds_weather_nonote cases_011  steps  21- 29: 8.8s  total: 25.4s  (30/100)
[2026-04-27 23:19:10] ds_weather_nonote cases_011  steps  31- 39: 9.1s  total: 34.6s  (40/100)
[2026-04-27 23:19:21] ds_weather_nonote cases_011  steps  41- 49: 10.7s  total: 45.3s  (50/100)
[2026-04-27 23:19:31] ds_weather_nonote cases_011  steps  51- 59: 10.6s  total: 55.9s  (60/100)
[2026-04-27 23:19:41] ds_weather_nonote cases_011  steps  61- 69: 10.3s  total: 66.2s  (70/100)
[2026-04-27 23:19:52] ds_weather_nonote cases_011  steps  71- 79: 10.5s  total: 76.7s  (80/100)
[2026-04-27 23:20:02] ds_weather_nonote cases_011  steps  81- 89: 9.6s  total: 86.3s  (90/100)
[2026-04-27 23:20:12] ds_weather_nonote cases_011  steps  91- 99: 10.0s  total: 96.3s  (100/100)
[2026-04-27 23:20:12] DONE ds_weather_nonote cases_011  total: 96.3s  (0.96s/step)
[2026-04-27 23:20:12]   tokens: 379,750 in + 800 out (reasoning: 0)  cost: $0.1034
[2026-04-27 23:20:12] START ds_weather_nonote cases_012 (100 steps, nonote)
[2026-04-27 23:20:20] ds_weather_nonote cases_012  steps   1-  9: 8.2s  total: 8.2s  (10/100)
[2026-04-27 23:20:29] ds_weather_nonote cases_012  steps  11- 19: 8.7s  total: 17.0s  (20/100)
[2026-04-27 23:20:38] ds_weather_nonote cases_012  steps  21- 29: 8.9s  total: 25.9s  (30/100)
[2026-04-27 23:20:47] ds_weather_nonote cases_012  steps  31- 39: 9.4s  total: 35.3s  (40/100)
[2026-04-27 23:20:58] ds_weather_nonote cases_012  steps  41- 49: 10.2s  total: 45.5s  (50/100)
[2026-04-27 23:21:08] ds_weather_nonote cases_012  steps  51- 59: 10.3s  total: 55.8s  (60/100)
[2026-04-27 23:21:18] ds_weather_nonote cases_012  steps  61- 69: 10.0s  total: 65.8s  (70/100)
[2026-04-27 23:21:28] ds_weather_nonote cases_012  steps  71- 79: 9.7s  total: 75.6s  (80/100)
[2026-04-27 23:21:37] ds_weather_nonote cases_012  steps  81- 89: 9.8s  total: 85.4s  (90/100)
[2026-04-27 23:21:47] ds_weather_nonote cases_012  steps  91- 99: 9.9s  total: 95.3s  (100/100)
[2026-04-27 23:21:48] DONE ds_weather_nonote cases_012  total: 95.3s  (0.95s/step)
[2026-04-27 23:21:48]   tokens: 379,750 in + 800 out (reasoning: 0)  cost: $0.1034
[2026-04-27 23:21:48] START ds_weather_nonote cases_013 (100 steps, nonote)
[2026-04-27 23:21:56] ds_weather_nonote cases_013  steps   1-  9: 8.0s  total: 8.0s  (10/100)
[2026-04-27 23:22:04] ds_weather_nonote cases_013  steps  11- 19: 8.4s  total: 16.4s  (20/100)
[2026-04-27 23:22:13] ds_weather_nonote cases_013  steps  21- 29: 9.2s  total: 25.6s  (30/100)
[2026-04-27 23:22:23] ds_weather_nonote cases_013  steps  31- 39: 9.3s  total: 34.9s  (40/100)
[2026-04-27 23:22:32] ds_weather_nonote cases_013  steps  41- 49: 9.8s  total: 44.6s  (50/100)
[2026-04-27 23:22:42] ds_weather_nonote cases_013  steps  51- 59: 9.7s  total: 54.3s  (60/100)
[2026-04-27 23:22:52] ds_weather_nonote cases_013  steps  61- 69: 10.0s  total: 64.3s  (70/100)
[2026-04-27 23:23:02] ds_weather_nonote cases_013  steps  71- 79: 10.1s  total: 74.4s  (80/100)
[2026-04-27 23:23:12] ds_weather_nonote cases_013  steps  81- 89: 10.1s  total: 84.5s  (90/100)
[2026-04-27 23:23:23] ds_weather_nonote cases_013  steps  91- 99: 10.2s  total: 94.7s  (100/100)
[2026-04-27 23:23:23] DONE ds_weather_nonote cases_013  total: 94.7s  (0.95s/step)
[2026-04-27 23:23:23]   tokens: 379,750 in + 800 out (reasoning: 0)  cost: $0.1034
[2026-04-27 23:23:23] START ds_weather_nonote cases_014 (100 steps, nonote)
[2026-04-27 23:23:31] ds_weather_nonote cases_014  steps   1-  9: 8.4s  total: 8.4s  (10/100)
[2026-04-27 23:23:40] ds_weather_nonote cases_014  steps  11- 19: 8.5s  total: 16.9s  (20/100)
[2026-04-27 23:23:48] ds_weather_nonote cases_014  steps  21- 29: 8.5s  total: 25.4s  (30/100)
[2026-04-27 23:23:57] ds_weather_nonote cases_014  steps  31- 39: 8.9s  total: 34.2s  (40/100)
[2026-04-27 23:24:07] ds_weather_nonote cases_014  steps  41- 49: 9.8s  total: 44.0s  (50/100)
[2026-04-27 23:24:17] ds_weather_nonote cases_014  steps  51- 59: 9.7s  total: 53.7s  (60/100)
[2026-04-27 23:24:26] ds_weather_nonote cases_014  steps  61- 69: 9.7s  total: 63.4s  (70/100)
[2026-04-27 23:24:37] ds_weather_nonote cases_014  steps  71- 79: 10.6s  total: 73.9s  (80/100)
[2026-04-27 23:24:47] ds_weather_nonote cases_014  steps  81- 89: 9.7s  total: 83.6s  (90/100)
[2026-04-27 23:24:57] ds_weather_nonote cases_014  steps  91- 99: 10.0s  total: 93.6s  (100/100)
[2026-04-27 23:24:57] DONE ds_weather_nonote cases_014  total: 93.6s  (0.94s/step)
[2026-04-27 23:24:57]   tokens: 379,750 in + 800 out (reasoning: 0)  cost: $0.1034
[2026-04-27 23:24:57] START ds_weather_nonote cases_015 (100 steps, nonote)
[2026-04-27 23:25:06] ds_weather_nonote cases_015  steps   1-  9: 8.5s  total: 8.5s  (10/100)
[2026-04-27 23:25:15] ds_weather_nonote cases_015  steps  11- 19: 9.0s  total: 17.4s  (20/100)
[2026-04-27 23:25:24] ds_weather_nonote cases_015  steps  21- 29: 9.3s  total: 26.7s  (30/100)
[2026-04-27 23:25:33] ds_weather_nonote cases_015  steps  31- 39: 8.7s  total: 35.4s  (40/100)
[2026-04-27 23:25:42] ds_weather_nonote cases_015  steps  41- 49: 9.4s  total: 44.9s  (50/100)
[2026-04-27 23:25:52] ds_weather_nonote cases_015  steps  51- 59: 9.8s  total: 54.7s  (60/100)
[2026-04-27 23:26:02] ds_weather_nonote cases_015  steps  61- 69: 9.8s  total: 64.4s  (70/100)
[2026-04-27 23:26:12] ds_weather_nonote cases_015  steps  71- 79: 9.9s  total: 74.3s  (80/100)
[2026-04-27 23:26:22] ds_weather_nonote cases_015  steps  81- 89: 10.0s  total: 84.3s  (90/100)
[2026-04-27 23:26:32] ds_weather_nonote cases_015  steps  91- 99: 10.5s  total: 94.8s  (100/100)
[2026-04-27 23:26:33] DONE ds_weather_nonote cases_015  total: 94.8s  (0.95s/step)
[2026-04-27 23:26:33]   tokens: 379,750 in + 800 out (reasoning: 0)  cost: $0.1034
[2026-04-27 23:26:33] START ds_weather_nonote cases_016 (100 steps, nonote)
[2026-04-27 23:26:40] ds_weather_nonote cases_016  steps   1-  9: 7.7s  total: 7.7s  (10/100)
[2026-04-27 23:26:49] ds_weather_nonote cases_016  steps  11- 19: 8.4s  total: 16.2s  (20/100)
[2026-04-27 23:26:57] ds_weather_nonote cases_016  steps  21- 29: 8.4s  total: 24.6s  (30/100)
[2026-04-27 23:27:06] ds_weather_nonote cases_016  steps  31- 39: 8.7s  total: 33.3s  (40/100)
[2026-04-27 23:27:17] ds_weather_nonote cases_016  steps  41- 49: 11.1s  total: 44.4s  (50/100)
[2026-04-27 23:27:28] ds_weather_nonote cases_016  steps  51- 59: 11.1s  total: 55.6s  (60/100)
[2026-04-27 23:27:38] ds_weather_nonote cases_016  steps  61- 69: 9.9s  total: 65.5s  (70/100)
[2026-04-27 23:27:49] ds_weather_nonote cases_016  steps  71- 79: 10.5s  total: 76.0s  (80/100)
[2026-04-27 23:27:59] ds_weather_nonote cases_016  steps  81- 89: 10.1s  total: 86.1s  (90/100)
[2026-04-27 23:28:09] ds_weather_nonote cases_016  steps  91- 99: 9.9s  total: 96.0s  (100/100)
[2026-04-27 23:28:09] DONE ds_weather_nonote cases_016  total: 96.0s  (0.96s/step)
[2026-04-27 23:28:09]   tokens: 379,750 in + 800 out (reasoning: 0)  cost: $0.1034
[2026-04-27 23:28:09] START ds_weather_nonote cases_017 (100 steps, nonote)
[2026-04-27 23:28:18] ds_weather_nonote cases_017  steps   1-  9: 8.5s  total: 8.5s  (10/100)
[2026-04-27 23:28:26] ds_weather_nonote cases_017  steps  11- 19: 8.3s  total: 16.8s  (20/100)
[2026-04-27 23:28:35] ds_weather_nonote cases_017  steps  21- 29: 8.8s  total: 25.6s  (30/100)
[2026-04-27 23:28:44] ds_weather_nonote cases_017  steps  31- 39: 8.9s  total: 34.5s  (40/100)
[2026-04-27 23:28:53] ds_weather_nonote cases_017  steps  41- 49: 9.8s  total: 44.3s  (50/100)
[2026-04-27 23:29:03] ds_weather_nonote cases_017  steps  51- 59: 9.7s  total: 54.0s  (60/100)
[2026-04-27 23:29:13] ds_weather_nonote cases_017  steps  61- 69: 9.6s  total: 63.6s  (70/100)
[2026-04-27 23:29:23] ds_weather_nonote cases_017  steps  71- 79: 10.0s  total: 73.6s  (80/100)
[2026-04-27 23:29:33] ds_weather_nonote cases_017  steps  81- 89: 9.9s  total: 83.5s  (90/100)
[2026-04-27 23:29:43] ds_weather_nonote cases_017  steps  91- 99: 10.5s  total: 94.0s  (100/100)
[2026-04-27 23:29:43] DONE ds_weather_nonote cases_017  total: 94.0s  (0.94s/step)
[2026-04-27 23:29:43]   tokens: 379,750 in + 800 out (reasoning: 0)  cost: $0.1034
[2026-04-27 23:29:43] START ds_weather_nonote cases_018 (100 steps, nonote)
[2026-04-27 23:29:52] ds_weather_nonote cases_018  steps   1-  9: 8.4s  total: 8.4s  (10/100)
[2026-04-27 23:30:01] ds_weather_nonote cases_018  steps  11- 19: 9.5s  total: 17.9s  (20/100)
[2026-04-27 23:30:10] ds_weather_nonote cases_018  steps  21- 29: 8.8s  total: 26.7s  (30/100)
[2026-04-27 23:30:19] ds_weather_nonote cases_018  steps  31- 39: 9.0s  total: 35.7s  (40/100)
[2026-04-27 23:30:29] ds_weather_nonote cases_018  steps  41- 49: 9.9s  total: 45.6s  (50/100)
[2026-04-27 23:30:38] ds_weather_nonote cases_018  steps  51- 59: 9.4s  total: 55.0s  (60/100)
[2026-04-27 23:30:49] ds_weather_nonote cases_018  steps  61- 69: 10.1s  total: 65.1s  (70/100)
[2026-04-27 23:30:58] ds_weather_nonote cases_018  steps  71- 79: 9.6s  total: 74.8s  (80/100)
[2026-04-27 23:31:09] ds_weather_nonote cases_018  steps  81- 89: 10.3s  total: 85.1s  (90/100)
[2026-04-27 23:31:19] ds_weather_nonote cases_018  steps  91- 99: 10.0s  total: 95.1s  (100/100)
[2026-04-27 23:31:19] DONE ds_weather_nonote cases_018  total: 95.1s  (0.95s/step)
[2026-04-27 23:31:19]   tokens: 379,750 in + 800 out (reasoning: 0)  cost: $0.1034
[2026-04-27 23:31:19] START ds_weather_nonote cases_019 (100 steps, nonote)
[2026-04-27 23:31:27] ds_weather_nonote cases_019  steps   1-  9: 7.8s  total: 7.8s  (10/100)
[2026-04-27 23:31:35] ds_weather_nonote cases_019  steps  11- 19: 8.6s  total: 16.4s  (20/100)
[2026-04-27 23:31:44] ds_weather_nonote cases_019  steps  21- 29: 8.3s  total: 24.7s  (30/100)
[2026-04-27 23:31:53] ds_weather_nonote cases_019  steps  31- 39: 9.0s  total: 33.7s  (40/100)
[2026-04-27 23:32:02] ds_weather_nonote cases_019  steps  41- 49: 9.5s  total: 43.2s  (50/100)
[2026-04-27 23:32:12] ds_weather_nonote cases_019  steps  51- 59: 9.7s  total: 52.9s  (60/100)
[2026-04-27 23:32:22] ds_weather_nonote cases_019  steps  61- 69: 9.9s  total: 62.8s  (70/100)
[2026-04-27 23:32:32] ds_weather_nonote cases_019  steps  71- 79: 10.1s  total: 72.9s  (80/100)
[2026-04-27 23:32:42] ds_weather_nonote cases_019  steps  81- 89: 10.2s  total: 83.1s  (90/100)
[2026-04-27 23:32:52] ds_weather_nonote cases_019  steps  91- 99: 9.7s  total: 92.8s  (100/100)
[2026-04-27 23:32:52] DONE ds_weather_nonote cases_019  total: 92.8s  (0.93s/step)
[2026-04-27 23:32:52]   tokens: 379,750 in + 800 out (reasoning: 0)  cost: $0.1034
[2026-04-27 23:32:52] START ds_weather_nonote_nohint cases_005 (100 steps, nonote)
[2026-04-27 23:33:01] ds_weather_nonote_nohint cases_005  steps   1-  9: 8.5s  total: 8.5s  (10/100)
[2026-04-27 23:33:09] ds_weather_nonote_nohint cases_005  steps  11- 19: 8.2s  total: 16.7s  (20/100)
[2026-04-27 23:33:17] ds_weather_nonote_nohint cases_005  steps  21- 29: 8.3s  total: 25.0s  (30/100)
[2026-04-27 23:33:26] ds_weather_nonote_nohint cases_005  steps  31- 39: 8.5s  total: 33.5s  (40/100)
[2026-04-27 23:33:36] ds_weather_nonote_nohint cases_005  steps  41- 49: 9.7s  total: 43.1s  (50/100)
[2026-04-27 23:33:46] ds_weather_nonote_nohint cases_005  steps  51- 59: 10.2s  total: 53.4s  (60/100)
[2026-04-27 23:33:56] ds_weather_nonote_nohint cases_005  steps  61- 69: 9.9s  total: 63.3s  (70/100)
[2026-04-27 23:34:05] ds_weather_nonote_nohint cases_005  steps  71- 79: 9.6s  total: 72.9s  (80/100)
[2026-04-27 23:34:15] ds_weather_nonote_nohint cases_005  steps  81- 89: 9.9s  total: 82.9s  (90/100)
[2026-04-27 23:34:25] ds_weather_nonote_nohint cases_005  steps  91- 99: 9.9s  total: 92.8s  (100/100)
[2026-04-27 23:34:26] DONE ds_weather_nonote_nohint cases_005  total: 92.8s  (0.93s/step)
[2026-04-27 23:34:26]   tokens: 377,850 in + 800 out (reasoning: 0)  cost: $0.1029
[2026-04-27 23:34:26] START ds_weather_nonote_nohint cases_006 (100 steps, nonote)
[2026-04-27 23:34:34] ds_weather_nonote_nohint cases_006  steps   1-  9: 8.0s  total: 8.0s  (10/100)
[2026-04-27 23:34:42] ds_weather_nonote_nohint cases_006  steps  11- 19: 8.3s  total: 16.3s  (20/100)
[2026-04-27 23:34:51] ds_weather_nonote_nohint cases_006  steps  21- 29: 9.2s  total: 25.5s  (30/100)
[2026-04-27 23:35:00] ds_weather_nonote_nohint cases_006  steps  31- 39: 8.9s  total: 34.4s  (40/100)
[2026-04-27 23:35:10] ds_weather_nonote_nohint cases_006  steps  41- 49: 10.1s  total: 44.5s  (50/100)
[2026-04-27 23:35:20] ds_weather_nonote_nohint cases_006  steps  51- 59: 10.1s  total: 54.6s  (60/100)
[2026-04-27 23:35:30] ds_weather_nonote_nohint cases_006  steps  61- 69: 10.0s  total: 64.6s  (70/100)
[2026-04-27 23:35:40] ds_weather_nonote_nohint cases_006  steps  71- 79: 9.9s  total: 74.5s  (80/100)
[2026-04-27 23:35:50] ds_weather_nonote_nohint cases_006  steps  81- 89: 10.2s  total: 84.6s  (90/100)
[2026-04-27 23:36:00] ds_weather_nonote_nohint cases_006  steps  91- 99: 9.7s  total: 94.3s  (100/100)
[2026-04-27 23:36:00] DONE ds_weather_nonote_nohint cases_006  total: 94.3s  (0.94s/step)
[2026-04-27 23:36:00]   tokens: 377,850 in + 800 out (reasoning: 0)  cost: $0.1029
[2026-04-27 23:36:00] START ds_weather_nonote_nohint cases_007 (100 steps, nonote)
[2026-04-27 23:36:09] ds_weather_nonote_nohint cases_007  steps   1-  9: 8.4s  total: 8.4s  (10/100)
[2026-04-27 23:36:18] ds_weather_nonote_nohint cases_007  steps  11- 19: 8.7s  total: 17.2s  (20/100)
[2026-04-27 23:36:27] ds_weather_nonote_nohint cases_007  steps  21- 29: 9.0s  total: 26.1s  (30/100)
[2026-04-27 23:36:36] ds_weather_nonote_nohint cases_007  steps  31- 39: 9.0s  total: 35.1s  (40/100)
[2026-04-27 23:36:45] ds_weather_nonote_nohint cases_007  steps  41- 49: 9.9s  total: 45.0s  (50/100)
[2026-04-27 23:36:55] ds_weather_nonote_nohint cases_007  steps  51- 59: 10.1s  total: 55.1s  (60/100)
[2026-04-27 23:37:05] ds_weather_nonote_nohint cases_007  steps  61- 69: 9.9s  total: 65.0s  (70/100)
[2026-04-27 23:37:16] ds_weather_nonote_nohint cases_007  steps  71- 79: 10.1s  total: 75.1s  (80/100)
[2026-04-27 23:37:26] ds_weather_nonote_nohint cases_007  steps  81- 89: 10.1s  total: 85.2s  (90/100)
[2026-04-27 23:37:36] ds_weather_nonote_nohint cases_007  steps  91- 99: 10.3s  total: 95.5s  (100/100)
[2026-04-27 23:37:36] DONE ds_weather_nonote_nohint cases_007  total: 95.5s  (0.95s/step)
[2026-04-27 23:37:36]   tokens: 377,850 in + 800 out (reasoning: 0)  cost: $0.1029
[2026-04-27 23:37:36] START ds_weather_nonote_nohint cases_008 (100 steps, nonote)
[2026-04-27 23:37:44] ds_weather_nonote_nohint cases_008  steps   1-  9: 7.9s  total: 7.9s  (10/100)
[2026-04-27 23:37:53] ds_weather_nonote_nohint cases_008  steps  11- 19: 8.5s  total: 16.4s  (20/100)
[2026-04-27 23:38:01] ds_weather_nonote_nohint cases_008  steps  21- 29: 8.5s  total: 24.9s  (30/100)
[2026-04-27 23:38:10] ds_weather_nonote_nohint cases_008  steps  31- 39: 9.1s  total: 34.0s  (40/100)
[2026-04-27 23:38:20] ds_weather_nonote_nohint cases_008  steps  41- 49: 9.7s  total: 43.7s  (50/100)
[2026-04-27 23:38:30] ds_weather_nonote_nohint cases_008  steps  51- 59: 9.7s  total: 53.4s  (60/100)
[2026-04-27 23:38:40] ds_weather_nonote_nohint cases_008  steps  61- 69: 10.0s  total: 63.4s  (70/100)
[2026-04-27 23:38:49] ds_weather_nonote_nohint cases_008  steps  71- 79: 9.5s  total: 73.0s  (80/100)
[2026-04-27 23:38:59] ds_weather_nonote_nohint cases_008  steps  81- 89: 10.0s  total: 82.9s  (90/100)
[2026-04-27 23:39:09] ds_weather_nonote_nohint cases_008  steps  91- 99: 9.8s  total: 92.8s  (100/100)
[2026-04-27 23:39:10] DONE ds_weather_nonote_nohint cases_008  total: 92.8s  (0.93s/step)
[2026-04-27 23:39:10]   tokens: 377,850 in + 800 out (reasoning: 0)  cost: $0.1029
[2026-04-27 23:39:10] START ds_weather_nonote_nohint cases_009 (100 steps, nonote)
[2026-04-27 23:39:18] ds_weather_nonote_nohint cases_009  steps   1-  9: 8.2s  total: 8.2s  (10/100)
[2026-04-27 23:39:26] ds_weather_nonote_nohint cases_009  steps  11- 19: 8.2s  total: 16.4s  (20/100)
[2026-04-27 23:39:35] ds_weather_nonote_nohint cases_009  steps  21- 29: 8.6s  total: 25.0s  (30/100)
[2026-04-27 23:39:43] ds_weather_nonote_nohint cases_009  steps  31- 39: 8.9s  total: 33.8s  (40/100)
[2026-04-27 23:39:53] ds_weather_nonote_nohint cases_009  steps  41- 49: 9.6s  total: 43.5s  (50/100)
[2026-04-27 23:40:03] ds_weather_nonote_nohint cases_009  steps  51- 59: 9.8s  total: 53.3s  (60/100)
[2026-04-27 23:40:13] ds_weather_nonote_nohint cases_009  steps  61- 69: 9.7s  total: 62.9s  (70/100)
[2026-04-27 23:40:22] ds_weather_nonote_nohint cases_009  steps  71- 79: 9.7s  total: 72.7s  (80/100)
[2026-04-27 23:40:33] ds_weather_nonote_nohint cases_009  steps  81- 89: 10.4s  total: 83.1s  (90/100)
[2026-04-27 23:40:43] ds_weather_nonote_nohint cases_009  steps  91- 99: 10.1s  total: 93.2s  (100/100)
[2026-04-27 23:40:43] DONE ds_weather_nonote_nohint cases_009  total: 93.2s  (0.93s/step)
[2026-04-27 23:40:43]   tokens: 377,850 in + 800 out (reasoning: 0)  cost: $0.1029
[2026-04-27 23:40:43] START ds_weather_nonote_nohint cases_010 (100 steps, nonote)
[2026-04-27 23:40:52] ds_weather_nonote_nohint cases_010  steps   1-  9: 9.0s  total: 9.0s  (10/100)
[2026-04-27 23:41:01] ds_weather_nonote_nohint cases_010  steps  11- 19: 8.3s  total: 17.3s  (20/100)
[2026-04-27 23:41:09] ds_weather_nonote_nohint cases_010  steps  21- 29: 8.4s  total: 25.7s  (30/100)
[2026-04-27 23:41:18] ds_weather_nonote_nohint cases_010  steps  31- 39: 9.0s  total: 34.6s  (40/100)
[2026-04-27 23:41:28] ds_weather_nonote_nohint cases_010  steps  41- 49: 9.7s  total: 44.4s  (50/100)
[2026-04-27 23:41:37] ds_weather_nonote_nohint cases_010  steps  51- 59: 9.5s  total: 53.9s  (60/100)
[2026-04-27 23:41:47] ds_weather_nonote_nohint cases_010  steps  61- 69: 9.7s  total: 63.6s  (70/100)
[2026-04-27 23:41:57] ds_weather_nonote_nohint cases_010  steps  71- 79: 9.8s  total: 73.4s  (80/100)
[2026-04-27 23:42:07] ds_weather_nonote_nohint cases_010  steps  81- 89: 10.3s  total: 83.7s  (90/100)
[2026-04-27 23:42:17] ds_weather_nonote_nohint cases_010  steps  91- 99: 10.0s  total: 93.7s  (100/100)
[2026-04-27 23:42:17] DONE ds_weather_nonote_nohint cases_010  total: 93.7s  (0.94s/step)
[2026-04-27 23:42:17]   tokens: 377,850 in + 800 out (reasoning: 0)  cost: $0.1029
[2026-04-27 23:42:18] START ds_weather_nonote_nohint cases_011 (100 steps, nonote)
[2026-04-27 23:42:26] ds_weather_nonote_nohint cases_011  steps   1-  9: 8.7s  total: 8.7s  (10/100)
[2026-04-27 23:42:35] ds_weather_nonote_nohint cases_011  steps  11- 19: 8.8s  total: 17.5s  (20/100)
[2026-04-27 23:42:44] ds_weather_nonote_nohint cases_011  steps  21- 29: 8.5s  total: 26.0s  (30/100)
[2026-04-27 23:42:53] ds_weather_nonote_nohint cases_011  steps  31- 39: 9.1s  total: 35.1s  (40/100)
[2026-04-27 23:43:02] ds_weather_nonote_nohint cases_011  steps  41- 49: 9.3s  total: 44.4s  (50/100)
[2026-04-27 23:43:12] ds_weather_nonote_nohint cases_011  steps  51- 59: 10.5s  total: 54.9s  (60/100)
[2026-04-27 23:43:22] ds_weather_nonote_nohint cases_011  steps  61- 69: 9.6s  total: 64.6s  (70/100)
[2026-04-27 23:43:32] ds_weather_nonote_nohint cases_011  steps  71- 79: 9.7s  total: 74.2s  (80/100)
[2026-04-27 23:43:42] ds_weather_nonote_nohint cases_011  steps  81- 89: 9.9s  total: 84.1s  (90/100)
[2026-04-27 23:43:52] ds_weather_nonote_nohint cases_011  steps  91- 99: 10.3s  total: 94.4s  (100/100)
[2026-04-27 23:43:52] DONE ds_weather_nonote_nohint cases_011  total: 94.4s  (0.94s/step)
[2026-04-27 23:43:52]   tokens: 377,850 in + 800 out (reasoning: 0)  cost: $0.1029
[2026-04-27 23:43:52] START ds_weather_nonote_nohint cases_012 (100 steps, nonote)
[2026-04-27 23:44:00] ds_weather_nonote_nohint cases_012  steps   1-  9: 8.0s  total: 8.0s  (10/100)
[2026-04-27 23:44:09] ds_weather_nonote_nohint cases_012  steps  11- 19: 8.6s  total: 16.6s  (20/100)
[2026-04-27 23:44:17] ds_weather_nonote_nohint cases_012  steps  21- 29: 8.3s  total: 24.9s  (30/100)
[2026-04-27 23:44:26] ds_weather_nonote_nohint cases_012  steps  31- 39: 8.9s  total: 33.8s  (40/100)
[2026-04-27 23:44:36] ds_weather_nonote_nohint cases_012  steps  41- 49: 10.3s  total: 44.1s  (50/100)
[2026-04-27 23:44:46] ds_weather_nonote_nohint cases_012  steps  51- 59: 9.6s  total: 53.7s  (60/100)
[2026-04-27 23:44:56] ds_weather_nonote_nohint cases_012  steps  61- 69: 10.0s  total: 63.6s  (70/100)
[2026-04-27 23:45:06] ds_weather_nonote_nohint cases_012  steps  71- 79: 9.8s  total: 73.4s  (80/100)
[2026-04-27 23:45:16] ds_weather_nonote_nohint cases_012  steps  81- 89: 10.2s  total: 83.6s  (90/100)
[2026-04-27 23:45:26] ds_weather_nonote_nohint cases_012  steps  91- 99: 10.2s  total: 93.8s  (100/100)
[2026-04-27 23:45:27] DONE ds_weather_nonote_nohint cases_012  total: 93.8s  (0.94s/step)
[2026-04-27 23:45:27]   tokens: 377,850 in + 800 out (reasoning: 0)  cost: $0.1029
[2026-04-27 23:45:27] START ds_weather_nonote_nohint cases_013 (100 steps, nonote)
[2026-04-27 23:45:35] ds_weather_nonote_nohint cases_013  steps   1-  9: 8.5s  total: 8.5s  (10/100)
[2026-04-27 23:45:44] ds_weather_nonote_nohint cases_013  steps  11- 19: 8.3s  total: 16.8s  (20/100)
[2026-04-27 23:45:53] ds_weather_nonote_nohint cases_013  steps  21- 29: 9.1s  total: 25.9s  (30/100)
[2026-04-27 23:46:02] ds_weather_nonote_nohint cases_013  steps  31- 39: 9.1s  total: 35.0s  (40/100)
[2026-04-27 23:46:11] ds_weather_nonote_nohint cases_013  steps  41- 49: 9.6s  total: 44.6s  (50/100)
[2026-04-27 23:46:21] ds_weather_nonote_nohint cases_013  steps  51- 59: 9.6s  total: 54.2s  (60/100)
[2026-04-27 23:46:31] ds_weather_nonote_nohint cases_013  steps  61- 69: 9.7s  total: 63.9s  (70/100)
[2026-04-27 23:46:40] ds_weather_nonote_nohint cases_013  steps  71- 79: 9.7s  total: 73.6s  (80/100)
[2026-04-27 23:46:50] ds_weather_nonote_nohint cases_013  steps  81- 89: 10.1s  total: 83.6s  (90/100)
[2026-04-27 23:47:00] ds_weather_nonote_nohint cases_013  steps  91- 99: 10.1s  total: 93.7s  (100/100)
[2026-04-27 23:47:01] DONE ds_weather_nonote_nohint cases_013  total: 93.7s  (0.94s/step)
[2026-04-27 23:47:01]   tokens: 377,850 in + 800 out (reasoning: 0)  cost: $0.1029
[2026-04-27 23:47:01] START ds_weather_nonote_nohint cases_014 (100 steps, nonote)
[2026-04-27 23:47:09] ds_weather_nonote_nohint cases_014  steps   1-  9: 8.0s  total: 8.0s  (10/100)
[2026-04-27 23:47:18] ds_weather_nonote_nohint cases_014  steps  11- 19: 8.6s  total: 16.6s  (20/100)
[2026-04-27 23:47:26] ds_weather_nonote_nohint cases_014  steps  21- 29: 8.3s  total: 24.9s  (30/100)
[2026-04-27 23:47:34] ds_weather_nonote_nohint cases_014  steps  31- 39: 8.6s  total: 33.5s  (40/100)
[2026-04-27 23:47:44] ds_weather_nonote_nohint cases_014  steps  41- 49: 9.3s  total: 42.8s  (50/100)
[2026-04-27 23:47:54] ds_weather_nonote_nohint cases_014  steps  51- 59: 9.9s  total: 52.7s  (60/100)
[2026-04-27 23:48:03] ds_weather_nonote_nohint cases_014  steps  61- 69: 9.8s  total: 62.6s  (70/100)
[2026-04-27 23:48:14] ds_weather_nonote_nohint cases_014  steps  71- 79: 10.4s  total: 73.0s  (80/100)
[2026-04-27 23:48:24] ds_weather_nonote_nohint cases_014  steps  81- 89: 10.3s  total: 83.2s  (90/100)
[2026-04-27 23:48:35] ds_weather_nonote_nohint cases_014  steps  91- 99: 10.4s  total: 93.6s  (100/100)
[2026-04-27 23:48:35] DONE ds_weather_nonote_nohint cases_014  total: 93.6s  (0.94s/step)
[2026-04-27 23:48:35]   tokens: 377,850 in + 800 out (reasoning: 0)  cost: $0.1029
[2026-04-27 23:48:35] START ds_weather_nonote_nohint cases_015 (100 steps, nonote)
[2026-04-27 23:48:43] ds_weather_nonote_nohint cases_015  steps   1-  9: 8.5s  total: 8.5s  (10/100)
[2026-04-27 23:48:52] ds_weather_nonote_nohint cases_015  steps  11- 19: 9.0s  total: 17.4s  (20/100)
[2026-04-27 23:49:01] ds_weather_nonote_nohint cases_015  steps  21- 29: 8.8s  total: 26.2s  (30/100)
[2026-04-27 23:49:10] ds_weather_nonote_nohint cases_015  steps  31- 39: 8.9s  total: 35.1s  (40/100)
[2026-04-27 23:49:20] ds_weather_nonote_nohint cases_015  steps  41- 49: 9.7s  total: 44.8s  (50/100)
[2026-04-27 23:49:29] ds_weather_nonote_nohint cases_015  steps  51- 59: 9.6s  total: 54.4s  (60/100)
[2026-04-27 23:49:39] ds_weather_nonote_nohint cases_015  steps  61- 69: 9.8s  total: 64.2s  (70/100)
[2026-04-27 23:49:49] ds_weather_nonote_nohint cases_015  steps  71- 79: 10.2s  total: 74.4s  (80/100)
[2026-04-27 23:49:59] ds_weather_nonote_nohint cases_015  steps  81- 89: 9.9s  total: 84.3s  (90/100)
[2026-04-27 23:50:10] ds_weather_nonote_nohint cases_015  steps  91- 99: 10.5s  total: 94.8s  (100/100)
[2026-04-27 23:50:10] DONE ds_weather_nonote_nohint cases_015  total: 94.8s  (0.95s/step)
[2026-04-27 23:50:10]   tokens: 377,850 in + 800 out (reasoning: 0)  cost: $0.1029
[2026-04-27 23:50:10] START ds_weather_nonote_nohint cases_016 (100 steps, nonote)
[2026-04-27 23:50:19] ds_weather_nonote_nohint cases_016  steps   1-  9: 8.6s  total: 8.6s  (10/100)
[2026-04-27 23:50:27] ds_weather_nonote_nohint cases_016  steps  11- 19: 8.5s  total: 17.1s  (20/100)
[2026-04-27 23:50:36] ds_weather_nonote_nohint cases_016  steps  21- 29: 8.6s  total: 25.7s  (30/100)
[2026-04-27 23:50:45] ds_weather_nonote_nohint cases_016  steps  31- 39: 9.1s  total: 34.8s  (40/100)
[2026-04-27 23:50:55] ds_weather_nonote_nohint cases_016  steps  41- 49: 10.3s  total: 45.1s  (50/100)
[2026-04-27 23:51:05] ds_weather_nonote_nohint cases_016  steps  51- 59: 9.8s  total: 55.0s  (60/100)
[2026-04-27 23:51:15] ds_weather_nonote_nohint cases_016  steps  61- 69: 9.5s  total: 64.5s  (70/100)
[2026-04-27 23:51:25] ds_weather_nonote_nohint cases_016  steps  71- 79: 10.1s  total: 74.6s  (80/100)
[2026-04-27 23:51:35] ds_weather_nonote_nohint cases_016  steps  81- 89: 10.2s  total: 84.8s  (90/100)
[2026-04-27 23:51:45] ds_weather_nonote_nohint cases_016  steps  91- 99: 10.0s  total: 94.8s  (100/100)
[2026-04-27 23:51:45] DONE ds_weather_nonote_nohint cases_016  total: 94.8s  (0.95s/step)
[2026-04-27 23:51:45]   tokens: 377,850 in + 800 out (reasoning: 0)  cost: $0.1029
[2026-04-27 23:51:46] START ds_weather_nonote_nohint cases_017 (100 steps, nonote)
[2026-04-27 23:51:54] ds_weather_nonote_nohint cases_017  steps   1-  9: 8.3s  total: 8.3s  (10/100)
[2026-04-27 23:52:03] ds_weather_nonote_nohint cases_017  steps  11- 19: 9.2s  total: 17.5s  (20/100)
[2026-04-27 23:52:11] ds_weather_nonote_nohint cases_017  steps  21- 29: 8.4s  total: 25.9s  (30/100)
[2026-04-27 23:52:20] ds_weather_nonote_nohint cases_017  steps  31- 39: 8.8s  total: 34.7s  (40/100)
[2026-04-27 23:52:30] ds_weather_nonote_nohint cases_017  steps  41- 49: 10.1s  total: 44.8s  (50/100)
[2026-04-27 23:52:41] ds_weather_nonote_nohint cases_017  steps  51- 59: 10.2s  total: 55.0s  (60/100)
[2026-04-27 23:52:51] ds_weather_nonote_nohint cases_017  steps  61- 69: 10.0s  total: 65.0s  (70/100)
[2026-04-27 23:53:01] ds_weather_nonote_nohint cases_017  steps  71- 79: 10.3s  total: 75.2s  (80/100)
[2026-04-27 23:53:11] ds_weather_nonote_nohint cases_017  steps  81- 89: 10.5s  total: 85.7s  (90/100)
[2026-04-27 23:53:21] ds_weather_nonote_nohint cases_017  steps  91- 99: 9.9s  total: 95.7s  (100/100)
[2026-04-27 23:53:22] DONE ds_weather_nonote_nohint cases_017  total: 95.7s  (0.96s/step)
[2026-04-27 23:53:22]   tokens: 377,850 in + 800 out (reasoning: 0)  cost: $0.1029
[2026-04-27 23:53:22] START ds_weather_nonote_nohint cases_018 (100 steps, nonote)
[2026-04-27 23:53:30] ds_weather_nonote_nohint cases_018  steps   1-  9: 8.4s  total: 8.4s  (10/100)
[2026-04-27 23:53:39] ds_weather_nonote_nohint cases_018  steps  11- 19: 8.4s  total: 16.9s  (20/100)
[2026-04-27 23:53:47] ds_weather_nonote_nohint cases_018  steps  21- 29: 8.5s  total: 25.4s  (30/100)
[2026-04-27 23:53:56] ds_weather_nonote_nohint cases_018  steps  31- 39: 8.5s  total: 33.9s  (40/100)
[2026-04-27 23:54:06] ds_weather_nonote_nohint cases_018  steps  41- 49: 10.0s  total: 43.9s  (50/100)
[2026-04-27 23:54:16] ds_weather_nonote_nohint cases_018  steps  51- 59: 9.9s  total: 53.8s  (60/100)
[2026-04-27 23:54:25] ds_weather_nonote_nohint cases_018  steps  61- 69: 9.7s  total: 63.5s  (70/100)
[2026-04-27 23:54:36] ds_weather_nonote_nohint cases_018  steps  71- 79: 10.5s  total: 74.0s  (80/100)
[2026-04-27 23:54:46] ds_weather_nonote_nohint cases_018  steps  81- 89: 9.9s  total: 83.9s  (90/100)
[2026-04-27 23:54:56] ds_weather_nonote_nohint cases_018  steps  91- 99: 10.8s  total: 94.7s  (100/100)
[2026-04-27 23:54:57] DONE ds_weather_nonote_nohint cases_018  total: 94.7s  (0.95s/step)
[2026-04-27 23:54:57]   tokens: 377,850 in + 800 out (reasoning: 0)  cost: $0.1029
[2026-04-27 23:54:57] START ds_weather_nonote_nohint cases_019 (100 steps, nonote)
[2026-04-27 23:55:05] ds_weather_nonote_nohint cases_019  steps   1-  9: 8.3s  total: 8.3s  (10/100)
[2026-04-27 23:55:14] ds_weather_nonote_nohint cases_019  steps  11- 19: 9.2s  total: 17.6s  (20/100)
[2026-04-27 23:55:23] ds_weather_nonote_nohint cases_019  steps  21- 29: 8.2s  total: 25.7s  (30/100)
[2026-04-27 23:55:32] ds_weather_nonote_nohint cases_019  steps  31- 39: 9.4s  total: 35.1s  (40/100)
[2026-04-27 23:55:42] ds_weather_nonote_nohint cases_019  steps  41- 49: 9.8s  total: 44.9s  (50/100)
[2026-04-27 23:55:52] ds_weather_nonote_nohint cases_019  steps  51- 59: 9.7s  total: 54.6s  (60/100)
[2026-04-27 23:56:01] ds_weather_nonote_nohint cases_019  steps  61- 69: 9.5s  total: 64.2s  (70/100)
[2026-04-27 23:56:11] ds_weather_nonote_nohint cases_019  steps  71- 79: 10.0s  total: 74.2s  (80/100)
[2026-04-27 23:56:21] ds_weather_nonote_nohint cases_019  steps  81- 89: 10.2s  total: 84.4s  (90/100)
[2026-04-27 23:56:31] ds_weather_nonote_nohint cases_019  steps  91- 99: 10.1s  total: 94.5s  (100/100)
[2026-04-27 23:56:32] DONE ds_weather_nonote_nohint cases_019  total: 94.5s  (0.95s/step)
[2026-04-27 23:56:32]   tokens: 377,850 in + 800 out (reasoning: 0)  cost: $0.1029
[2026-04-27 23:56:32] START ds_online cases_005 (100 steps, two-turn)
[2026-04-27 23:56:52] ds_online cases_005  steps   1-  9: 19.6s  total: 19.6s  (10/100)
[2026-04-27 23:57:12] ds_online cases_005  steps  11- 19: 20.5s  total: 40.1s  (20/100)
[2026-04-27 23:57:29] ds_online cases_005  steps  21- 29: 17.2s  total: 57.3s  (30/100)
[2026-04-27 23:57:47] ds_online cases_005  steps  31- 39: 18.2s  total: 75.5s  (40/100)
[2026-04-27 23:58:06] ds_online cases_005  steps  41- 49: 18.7s  total: 94.1s  (50/100)
[2026-04-27 23:58:27] ds_online cases_005  steps  51- 59: 20.8s  total: 114.9s  (60/100)
[2026-04-27 23:58:45] ds_online cases_005  steps  61- 69: 18.4s  total: 133.2s  (70/100)
[2026-04-27 23:59:05] ds_online cases_005  steps  71- 79: 19.9s  total: 153.2s  (80/100)
[2026-04-27 23:59:25] ds_online cases_005  steps  81- 89: 19.6s  total: 172.8s  (90/100)
[2026-04-27 23:59:44] ds_online cases_005  steps  91- 99: 19.1s  total: 191.9s  (100/100)
[2026-04-27 23:59:44] DONE ds_online cases_005  total: 191.9s  (1.92s/step)
[2026-04-27 23:59:44]   tokens: 104,768 in + 3,508 out (reasoning: 0)  cost: $0.0321
[2026-04-27 23:59:44] START ds_online cases_006 (100 steps, two-turn)
[2026-04-28 00:00:02] ds_online cases_006  steps   1-  9: 18.1s  total: 18.1s  (10/100)
[2026-04-28 00:00:23] ds_online cases_006  steps  11- 19: 20.4s  total: 38.4s  (20/100)
[2026-04-28 00:00:42] ds_online cases_006  steps  21- 29: 19.2s  total: 57.7s  (30/100)
[2026-04-28 00:01:03] ds_online cases_006  steps  31- 39: 20.6s  total: 78.3s  (40/100)
[2026-04-28 00:01:25] ds_online cases_006  steps  41- 49: 22.8s  total: 101.1s  (50/100)
[2026-04-28 00:01:48] ds_online cases_006  steps  51- 59: 22.6s  total: 123.7s  (60/100)
[2026-04-28 00:02:10] ds_online cases_006  steps  61- 69: 22.0s  total: 145.7s  (70/100)
[2026-04-28 00:02:31] ds_online cases_006  steps  71- 79: 20.5s  total: 166.2s  (80/100)
[2026-04-28 00:02:52] ds_online cases_006  steps  81- 89: 21.8s  total: 188.0s  (90/100)
[2026-04-28 00:03:15] ds_online cases_006  steps  91- 99: 22.8s  total: 210.8s  (100/100)
[2026-04-28 00:03:16] DONE ds_online cases_006  total: 210.8s  (2.11s/step)
[2026-04-28 00:03:16]   tokens: 107,504 in + 4,892 out (reasoning: 0)  cost: $0.0344
[2026-04-28 00:03:16] START ds_online cases_007 (100 steps, two-turn)
[2026-04-28 00:03:34] ds_online cases_007  steps   1-  9: 18.3s  total: 18.3s  (10/100)
[2026-04-28 00:03:52] ds_online cases_007  steps  11- 19: 18.4s  total: 36.7s  (20/100)
[2026-04-28 00:04:11] ds_online cases_007  steps  21- 29: 19.1s  total: 55.8s  (30/100)
[2026-04-28 00:04:30] ds_online cases_007  steps  31- 39: 18.9s  total: 74.7s  (40/100)
[2026-04-28 00:04:50] ds_online cases_007  steps  41- 49: 19.6s  total: 94.3s  (50/100)
[2026-04-28 00:05:09] ds_online cases_007  steps  51- 59: 19.6s  total: 113.9s  (60/100)
[2026-04-28 00:05:29] ds_online cases_007  steps  61- 69: 19.5s  total: 133.4s  (70/100)
[2026-04-28 00:05:46] ds_online cases_007  steps  71- 79: 16.7s  total: 150.1s  (80/100)
[2026-04-28 00:06:02] ds_online cases_007  steps  81- 89: 16.5s  total: 166.6s  (90/100)
[2026-04-28 00:06:20] ds_online cases_007  steps  91- 99: 17.6s  total: 184.2s  (100/100)
[2026-04-28 00:06:20] DONE ds_online cases_007  total: 184.2s  (1.84s/step)
[2026-04-28 00:06:20]   tokens: 104,144 in + 3,167 out (reasoning: 0)  cost: $0.0316
[2026-04-28 00:06:20] START ds_online cases_008 (100 steps, two-turn)
[2026-04-28 00:06:41] ds_online cases_008  steps   1-  9: 21.2s  total: 21.2s  (10/100)
[2026-04-28 00:07:16] ds_online cases_008  steps  11- 19: 34.5s  total: 55.7s  (20/100)
[2026-04-28 00:07:37] ds_online cases_008  steps  21- 29: 21.1s  total: 76.8s  (30/100)
[2026-04-28 00:07:57] ds_online cases_008  steps  31- 39: 20.1s  total: 96.9s  (40/100)
[2026-04-28 00:08:18] ds_online cases_008  steps  41- 49: 20.5s  total: 117.4s  (50/100)
[2026-04-28 00:08:38] ds_online cases_008  steps  51- 59: 20.2s  total: 137.6s  (60/100)
[2026-04-28 00:08:57] ds_online cases_008  steps  61- 69: 18.9s  total: 156.4s  (70/100)
[2026-04-28 00:09:16] ds_online cases_008  steps  71- 79: 19.1s  total: 175.6s  (80/100)
[2026-04-28 00:09:35] ds_online cases_008  steps  81- 89: 19.6s  total: 195.1s  (90/100)
[2026-04-28 00:09:56] ds_online cases_008  steps  91- 99: 20.4s  total: 215.5s  (100/100)
[2026-04-28 00:09:56] DONE ds_online cases_008  total: 215.5s  (2.16s/step)
[2026-04-28 00:09:56]   tokens: 109,304 in + 5,818 out (reasoning: 0)  cost: $0.0359
[2026-04-28 00:09:56] START ds_online cases_009 (100 steps, two-turn)
[2026-04-28 00:10:14] ds_online cases_009  steps   1-  9: 18.2s  total: 18.2s  (10/100)
[2026-04-28 00:10:34] ds_online cases_009  steps  11- 19: 19.6s  total: 37.8s  (20/100)
[2026-04-28 00:10:55] ds_online cases_009  steps  21- 29: 20.7s  total: 58.4s  (30/100)
[2026-04-28 00:11:15] ds_online cases_009  steps  31- 39: 20.2s  total: 78.6s  (40/100)
[2026-04-28 00:11:35] ds_online cases_009  steps  41- 49: 20.3s  total: 98.9s  (50/100)
[2026-04-28 00:11:55] ds_online cases_009  steps  51- 59: 20.2s  total: 119.0s  (60/100)
[2026-04-28 00:12:15] ds_online cases_009  steps  61- 69: 19.6s  total: 138.6s  (70/100)
[2026-04-28 00:12:34] ds_online cases_009  steps  71- 79: 19.2s  total: 157.8s  (80/100)
[2026-04-28 00:12:54] ds_online cases_009  steps  81- 89: 19.8s  total: 177.6s  (90/100)
[2026-04-28 00:13:13] ds_online cases_009  steps  91- 99: 19.7s  total: 197.3s  (100/100)
[2026-04-28 00:13:14] DONE ds_online cases_009  total: 197.3s  (1.97s/step)
[2026-04-28 00:13:14]   tokens: 107,370 in + 4,820 out (reasoning: 0)  cost: $0.0343
[2026-04-28 00:13:14] START ds_online cases_010 (100 steps, two-turn)
[2026-04-28 00:13:33] ds_online cases_010  steps   1-  9: 18.5s  total: 18.5s  (10/100)
[2026-04-28 00:13:53] ds_online cases_010  steps  11- 19: 20.5s  total: 39.1s  (20/100)
[2026-04-28 00:14:14] ds_online cases_010  steps  21- 29: 20.8s  total: 59.8s  (30/100)
[2026-04-28 00:14:36] ds_online cases_010  steps  31- 39: 21.9s  total: 81.7s  (40/100)
[2026-04-28 00:14:56] ds_online cases_010  steps  41- 49: 20.1s  total: 101.8s  (50/100)
[2026-04-28 00:15:16] ds_online cases_010  steps  51- 59: 20.5s  total: 122.4s  (60/100)
[2026-04-28 00:15:36] ds_online cases_010  steps  61- 69: 19.5s  total: 141.8s  (70/100)
[2026-04-28 00:16:03] ds_online cases_010  steps  71- 79: 27.4s  total: 169.3s  (80/100)
[2026-04-28 00:16:48] ds_online cases_010  steps  81- 89: 44.6s  total: 213.8s  (90/100)
[2026-04-28 00:17:22] ds_online cases_010  steps  91- 99: 33.9s  total: 247.7s  (100/100)
[2026-04-28 00:17:22] DONE ds_online cases_010  total: 247.7s  (2.48s/step)
[2026-04-28 00:17:22]   tokens: 115,998 in + 9,221 out (reasoning: 0)  cost: $0.0415
[2026-04-28 00:17:22] START ds_online cases_011 (100 steps, two-turn)
[2026-04-28 00:17:40] ds_online cases_011  steps   1-  9: 17.5s  total: 17.5s  (10/100)
[2026-04-28 00:17:58] ds_online cases_011  steps  11- 19: 18.3s  total: 35.7s  (20/100)
[2026-04-28 00:18:16] ds_online cases_011  steps  21- 29: 17.9s  total: 53.7s  (30/100)
[2026-04-28 00:18:35] ds_online cases_011  steps  31- 39: 18.7s  total: 72.4s  (40/100)
[2026-04-28 00:18:54] ds_online cases_011  steps  41- 49: 19.0s  total: 91.4s  (50/100)
[2026-04-28 00:19:12] ds_online cases_011  steps  51- 59: 18.0s  total: 109.4s  (60/100)
[2026-04-28 00:19:30] ds_online cases_011  steps  61- 69: 18.1s  total: 127.5s  (70/100)
[2026-04-28 00:19:51] ds_online cases_011  steps  71- 79: 21.4s  total: 148.8s  (80/100)
[2026-04-28 00:20:08] ds_online cases_011  steps  81- 89: 17.5s  total: 166.3s  (90/100)
[2026-04-28 00:20:30] ds_online cases_011  steps  91- 99: 21.9s  total: 188.2s  (100/100)
[2026-04-28 00:20:31] DONE ds_online cases_011  total: 188.2s  (1.88s/step)
[2026-04-28 00:20:31]   tokens: 104,786 in + 3,498 out (reasoning: 0)  cost: $0.0321
[2026-04-28 00:20:31] START ds_online cases_012 (100 steps, two-turn)
[2026-04-28 00:20:51] ds_online cases_012  steps   1-  9: 20.5s  total: 20.5s  (10/100)
[2026-04-28 00:21:16] ds_online cases_012  steps  11- 19: 25.0s  total: 45.4s  (20/100)
[2026-04-28 00:21:39] ds_online cases_012  steps  21- 29: 23.2s  total: 68.6s  (30/100)
[2026-04-28 00:22:08] ds_online cases_012  steps  31- 39: 28.7s  total: 97.3s  (40/100)
[2026-04-28 00:22:35] ds_online cases_012  steps  41- 49: 27.3s  total: 124.6s  (50/100)
[2026-04-28 00:23:00] ds_online cases_012  steps  51- 59: 25.1s  total: 149.7s  (60/100)
[2026-04-28 00:23:26] ds_online cases_012  steps  61- 69: 25.6s  total: 175.2s  (70/100)
[2026-04-28 00:23:51] ds_online cases_012  steps  71- 79: 25.3s  total: 200.6s  (80/100)
[2026-04-28 00:24:15] ds_online cases_012  steps  81- 89: 23.2s  total: 223.7s  (90/100)
[2026-04-28 00:24:43] ds_online cases_012  steps  91- 99: 28.4s  total: 252.1s  (100/100)
[2026-04-28 00:24:43] DONE ds_online cases_012  total: 252.1s  (2.52s/step)
[2026-04-28 00:24:43]   tokens: 116,404 in + 9,396 out (reasoning: 0)  cost: $0.0418
[2026-04-28 00:24:43] START ds_online cases_013 (100 steps, two-turn)
[2026-04-28 00:25:03] ds_online cases_013  steps   1-  9: 19.3s  total: 19.3s  (10/100)
[2026-04-28 00:25:22] ds_online cases_013  steps  11- 19: 19.2s  total: 38.4s  (20/100)
[2026-04-28 00:25:42] ds_online cases_013  steps  21- 29: 19.6s  total: 58.1s  (30/100)
[2026-04-28 00:26:01] ds_online cases_013  steps  31- 39: 19.3s  total: 77.4s  (40/100)
[2026-04-28 00:26:20] ds_online cases_013  steps  41- 49: 18.7s  total: 96.1s  (50/100)
[2026-04-28 00:26:39] ds_online cases_013  steps  51- 59: 19.4s  total: 115.5s  (60/100)
[2026-04-28 00:26:56] ds_online cases_013  steps  61- 69: 17.3s  total: 132.7s  (70/100)
[2026-04-28 00:27:13] ds_online cases_013  steps  71- 79: 17.1s  total: 149.8s  (80/100)
[2026-04-28 00:27:32] ds_online cases_013  steps  81- 89: 18.7s  total: 168.5s  (90/100)
[2026-04-28 00:27:52] ds_online cases_013  steps  91- 99: 19.9s  total: 188.4s  (100/100)
[2026-04-28 00:27:52] DONE ds_online cases_013  total: 188.4s  (1.88s/step)
[2026-04-28 00:27:52]   tokens: 105,902 in + 4,113 out (reasoning: 0)  cost: $0.0331
[2026-04-28 00:27:52] START ds_online cases_014 (100 steps, two-turn)
[2026-04-28 00:28:11] ds_online cases_014  steps   1-  9: 19.0s  total: 19.0s  (10/100)
[2026-04-28 00:28:36] ds_online cases_014  steps  11- 19: 24.9s  total: 44.0s  (20/100)
[2026-04-28 00:28:55] ds_online cases_014  steps  21- 29: 19.1s  total: 63.0s  (30/100)
[2026-04-28 00:29:16] ds_online cases_014  steps  31- 39: 20.3s  total: 83.4s  (40/100)
[2026-04-28 00:29:35] ds_online cases_014  steps  41- 49: 19.4s  total: 102.7s  (50/100)
[2026-04-28 00:29:58] ds_online cases_014  steps  51- 59: 22.7s  total: 125.5s  (60/100)
[2026-04-28 00:30:18] ds_online cases_014  steps  61- 69: 20.2s  total: 145.7s  (70/100)
[2026-04-28 00:30:39] ds_online cases_014  steps  71- 79: 20.5s  total: 166.2s  (80/100)
[2026-04-28 00:30:58] ds_online cases_014  steps  81- 89: 19.2s  total: 185.4s  (90/100)
[2026-04-28 00:31:16] ds_online cases_014  steps  91- 99: 18.6s  total: 203.9s  (100/100)
[2026-04-28 00:31:17] DONE ds_online cases_014  total: 203.9s  (2.04s/step)
[2026-04-28 00:31:17]   tokens: 108,568 in + 5,413 out (reasoning: 0)  cost: $0.0353
[2026-04-28 00:31:17] START ds_online cases_015 (100 steps, two-turn)
[2026-04-28 00:31:36] ds_online cases_015  steps   1-  9: 18.8s  total: 18.8s  (10/100)
[2026-04-28 00:31:55] ds_online cases_015  steps  11- 19: 19.8s  total: 38.6s  (20/100)
[2026-04-28 00:32:15] ds_online cases_015  steps  21- 29: 19.9s  total: 58.5s  (30/100)
[2026-04-28 00:32:36] ds_online cases_015  steps  31- 39: 20.6s  total: 79.1s  (40/100)
[2026-04-28 00:32:57] ds_online cases_015  steps  41- 49: 20.7s  total: 99.7s  (50/100)
[2026-04-28 00:33:16] ds_online cases_015  steps  51- 59: 19.9s  total: 119.6s  (60/100)
[2026-04-28 00:33:37] ds_online cases_015  steps  61- 69: 20.4s  total: 140.0s  (70/100)
[2026-04-28 00:33:56] ds_online cases_015  steps  71- 79: 19.0s  total: 159.0s  (80/100)
[2026-04-28 00:34:14] ds_online cases_015  steps  81- 89: 18.2s  total: 177.3s  (90/100)
[2026-04-28 00:34:32] ds_online cases_015  steps  91- 99: 17.5s  total: 194.8s  (100/100)
[2026-04-28 00:34:32] DONE ds_online cases_015  total: 194.8s  (1.95s/step)
[2026-04-28 00:34:32]   tokens: 107,220 in + 4,717 out (reasoning: 0)  cost: $0.0341
[2026-04-28 00:34:32] START ds_online cases_016 (100 steps, two-turn)
[2026-04-28 00:34:49] ds_online cases_016  steps   1-  9: 16.9s  total: 16.9s  (10/100)
[2026-04-28 00:35:08] ds_online cases_016  steps  11- 19: 19.2s  total: 36.2s  (20/100)
[2026-04-28 00:35:27] ds_online cases_016  steps  21- 29: 18.6s  total: 54.8s  (30/100)
[2026-04-28 00:35:44] ds_online cases_016  steps  31- 39: 17.6s  total: 72.4s  (40/100)
[2026-04-28 00:36:02] ds_online cases_016  steps  41- 49: 17.9s  total: 90.3s  (50/100)
[2026-04-28 00:36:21] ds_online cases_016  steps  51- 59: 18.5s  total: 108.8s  (60/100)
[2026-04-28 00:36:38] ds_online cases_016  steps  61- 69: 17.2s  total: 125.9s  (70/100)
[2026-04-28 00:36:55] ds_online cases_016  steps  71- 79: 17.3s  total: 143.2s  (80/100)
[2026-04-28 00:37:12] ds_online cases_016  steps  81- 89: 16.9s  total: 160.1s  (90/100)
[2026-04-28 00:37:29] ds_online cases_016  steps  91- 99: 16.9s  total: 177.0s  (100/100)
[2026-04-28 00:37:29] DONE ds_online cases_016  total: 177.0s  (1.77s/step)
[2026-04-28 00:37:29]   tokens: 104,004 in + 3,114 out (reasoning: 0)  cost: $0.0315
[2026-04-28 00:37:30] START ds_online cases_017 (100 steps, two-turn)
[2026-04-28 00:37:47] ds_online cases_017  steps   1-  9: 16.9s  total: 16.9s  (10/100)
[2026-04-28 00:38:06] ds_online cases_017  steps  11- 19: 19.3s  total: 36.2s  (20/100)
[2026-04-28 00:38:25] ds_online cases_017  steps  21- 29: 19.2s  total: 55.4s  (30/100)
[2026-04-28 00:38:43] ds_online cases_017  steps  31- 39: 18.5s  total: 73.9s  (40/100)
[2026-04-28 00:39:02] ds_online cases_017  steps  41- 49: 18.3s  total: 92.2s  (50/100)
[2026-04-28 00:39:21] ds_online cases_017  steps  51- 59: 18.7s  total: 110.9s  (60/100)
[2026-04-28 00:39:47] ds_online cases_017  steps  61- 69: 26.4s  total: 137.3s  (70/100)
[2026-04-28 00:40:06] ds_online cases_017  steps  71- 79: 19.5s  total: 156.8s  (80/100)
[2026-04-28 00:40:25] ds_online cases_017  steps  81- 89: 18.8s  total: 175.6s  (90/100)
[2026-04-28 00:40:45] ds_online cases_017  steps  91- 99: 19.3s  total: 194.9s  (100/100)
[2026-04-28 00:40:45] DONE ds_online cases_017  total: 194.9s  (1.95s/step)
[2026-04-28 00:40:45]   tokens: 106,122 in + 4,192 out (reasoning: 0)  cost: $0.0333
[2026-04-28 00:40:45] START ds_online cases_018 (100 steps, two-turn)
[2026-04-28 00:41:06] ds_online cases_018  steps   1-  9: 20.7s  total: 20.7s  (10/100)
[2026-04-28 00:41:27] ds_online cases_018  steps  11- 19: 20.8s  total: 41.5s  (20/100)
[2026-04-28 00:41:49] ds_online cases_018  steps  21- 29: 22.7s  total: 64.2s  (30/100)
[2026-04-28 00:42:09] ds_online cases_018  steps  31- 39: 19.4s  total: 83.7s  (40/100)
[2026-04-28 00:42:29] ds_online cases_018  steps  41- 49: 20.0s  total: 103.7s  (50/100)
[2026-04-28 00:42:48] ds_online cases_018  steps  51- 59: 19.5s  total: 123.2s  (60/100)
[2026-04-28 00:43:08] ds_online cases_018  steps  61- 69: 19.9s  total: 143.1s  (70/100)
[2026-04-28 00:43:28] ds_online cases_018  steps  71- 79: 19.7s  total: 162.8s  (80/100)
[2026-04-28 00:43:48] ds_online cases_018  steps  81- 89: 20.4s  total: 183.2s  (90/100)
[2026-04-28 00:44:08] ds_online cases_018  steps  91- 99: 19.5s  total: 202.7s  (100/100)
[2026-04-28 00:44:08] DONE ds_online cases_018  total: 202.7s  (2.03s/step)
[2026-04-28 00:44:08]   tokens: 108,528 in + 5,305 out (reasoning: 0)  cost: $0.0351
[2026-04-28 00:44:08] START ds_online cases_019 (100 steps, two-turn)
[2026-04-28 00:44:27] ds_online cases_019  steps   1-  9: 18.9s  total: 18.9s  (10/100)
[2026-04-28 00:44:47] ds_online cases_019  steps  11- 19: 19.5s  total: 38.4s  (20/100)
[2026-04-28 00:45:04] ds_online cases_019  steps  21- 29: 17.6s  total: 56.0s  (30/100)
[2026-04-28 00:45:24] ds_online cases_019  steps  31- 39: 19.4s  total: 75.4s  (40/100)
[2026-04-28 00:45:42] ds_online cases_019  steps  41- 49: 18.4s  total: 93.9s  (50/100)
[2026-04-28 00:45:59] ds_online cases_019  steps  51- 59: 16.8s  total: 110.7s  (60/100)
[2026-04-28 00:46:16] ds_online cases_019  steps  61- 69: 17.6s  total: 128.2s  (70/100)
[2026-04-28 00:46:34] ds_online cases_019  steps  71- 79: 17.6s  total: 145.8s  (80/100)
[2026-04-28 00:46:52] ds_online cases_019  steps  81- 89: 17.7s  total: 163.5s  (90/100)
[2026-04-28 00:47:09] ds_online cases_019  steps  91- 99: 17.4s  total: 180.9s  (100/100)
[2026-04-28 00:47:10] DONE ds_online cases_019  total: 180.9s  (1.81s/step)
[2026-04-28 00:47:10]   tokens: 104,724 in + 3,382 out (reasoning: 0)  cost: $0.0320
[2026-04-28 00:47:10] START ds_online_nohint cases_005 (100 steps, two-turn)
[2026-04-28 00:47:33] ds_online_nohint cases_005  steps   1-  9: 22.9s  total: 22.9s  (10/100)
[2026-04-28 00:48:07] ds_online_nohint cases_005  steps  11- 19: 34.5s  total: 57.4s  (20/100)
[2026-04-28 00:48:42] ds_online_nohint cases_005  steps  21- 29: 34.6s  total: 92.1s  (30/100)
[2026-04-28 00:49:24] ds_online_nohint cases_005  steps  31- 39: 42.3s  total: 134.4s  (40/100)
[2026-04-28 00:49:52] ds_online_nohint cases_005  steps  41- 49: 28.5s  total: 162.9s  (50/100)
[2026-04-28 00:50:17] ds_online_nohint cases_005  steps  51- 59: 24.2s  total: 187.1s  (60/100)
[2026-04-28 00:50:42] ds_online_nohint cases_005  steps  61- 69: 25.4s  total: 212.6s  (70/100)
[2026-04-28 00:51:03] ds_online_nohint cases_005  steps  71- 79: 20.7s  total: 233.3s  (80/100)
[2026-04-28 00:51:26] ds_online_nohint cases_005  steps  81- 89: 23.5s  total: 256.8s  (90/100)
[2026-04-28 00:51:51] ds_online_nohint cases_005  steps  91- 99: 24.5s  total: 281.3s  (100/100)
[2026-04-28 00:51:51] DONE ds_online_nohint cases_005  total: 281.3s  (2.81s/step)
[2026-04-28 00:51:51]   tokens: 120,024 in + 12,157 out (reasoning: 0)  cost: $0.0458
[2026-04-28 00:51:51] START ds_online_nohint cases_006 (100 steps, two-turn)
[2026-04-28 00:52:14] ds_online_nohint cases_006  steps   1-  9: 22.4s  total: 22.4s  (10/100)
[2026-04-28 00:52:46] ds_online_nohint cases_006  steps  11- 19: 32.7s  total: 55.1s  (20/100)
[2026-04-28 00:53:06] ds_online_nohint cases_006  steps  21- 29: 19.6s  total: 74.7s  (30/100)
[2026-04-28 00:53:32] ds_online_nohint cases_006  steps  31- 39: 25.8s  total: 100.5s  (40/100)
[2026-04-28 00:53:56] ds_online_nohint cases_006  steps  41- 49: 23.8s  total: 124.3s  (50/100)
[2026-04-28 00:54:18] ds_online_nohint cases_006  steps  51- 59: 22.4s  total: 146.7s  (60/100)
[2026-04-28 00:54:41] ds_online_nohint cases_006  steps  61- 69: 22.9s  total: 169.6s  (70/100)
[2026-04-28 00:55:00] ds_online_nohint cases_006  steps  71- 79: 18.7s  total: 188.3s  (80/100)
[2026-04-28 00:55:18] ds_online_nohint cases_006  steps  81- 89: 18.9s  total: 207.2s  (90/100)
[2026-04-28 00:55:38] ds_online_nohint cases_006  steps  91- 99: 19.5s  total: 226.7s  (100/100)
[2026-04-28 00:55:38] DONE ds_online_nohint cases_006  total: 226.7s  (2.27s/step)
[2026-04-28 00:55:38]   tokens: 110,918 in + 7,596 out (reasoning: 0)  cost: $0.0383
[2026-04-28 00:55:38] START ds_online_nohint cases_007 (100 steps, two-turn)
[2026-04-28 00:55:57] ds_online_nohint cases_007  steps   1-  9: 18.3s  total: 18.3s  (10/100)
[2026-04-28 00:56:15] ds_online_nohint cases_007  steps  11- 19: 18.2s  total: 36.5s  (20/100)
[2026-04-28 00:56:34] ds_online_nohint cases_007  steps  21- 29: 19.2s  total: 55.7s  (30/100)
[2026-04-28 00:56:55] ds_online_nohint cases_007  steps  31- 39: 20.9s  total: 76.6s  (40/100)
[2026-04-28 00:57:17] ds_online_nohint cases_007  steps  41- 49: 21.6s  total: 98.2s  (50/100)
[2026-04-28 00:57:47] ds_online_nohint cases_007  steps  51- 59: 30.3s  total: 128.5s  (60/100)
[2026-04-28 00:58:10] ds_online_nohint cases_007  steps  61- 69: 23.4s  total: 151.9s  (70/100)
[2026-04-28 00:58:40] ds_online_nohint cases_007  steps  71- 79: 29.4s  total: 181.3s  (80/100)
[2026-04-28 00:59:19] ds_online_nohint cases_007  steps  81- 89: 39.5s  total: 220.8s  (90/100)
[2026-04-28 00:59:54] ds_online_nohint cases_007  steps  91- 99: 34.6s  total: 255.4s  (100/100)
[2026-04-28 00:59:54] DONE ds_online_nohint cases_007  total: 255.4s  (2.55s/step)
[2026-04-28 00:59:54]   tokens: 115,312 in + 9,867 out (reasoning: 0)  cost: $0.0420
[2026-04-28 00:59:54] START ds_online_nohint cases_008 (100 steps, two-turn)
[2026-04-28 01:00:14] ds_online_nohint cases_008  steps   1-  9: 19.8s  total: 19.8s  (10/100)
[2026-04-28 01:02:16] ds_online_nohint cases_008  steps  11- 19: 122.1s  total: 142.0s  (20/100)
[2026-04-28 01:02:51] ds_online_nohint cases_008  steps  21- 29: 34.8s  total: 176.8s  (30/100)
[2026-04-28 01:03:33] ds_online_nohint cases_008  steps  31- 39: 41.6s  total: 218.4s  (40/100)
[2026-04-28 01:04:10] ds_online_nohint cases_008  steps  41- 49: 36.9s  total: 255.4s  (50/100)
[2026-04-28 01:04:56] ds_online_nohint cases_008  steps  51- 59: 46.3s  total: 301.7s  (60/100)
[2026-04-28 01:05:37] ds_online_nohint cases_008  steps  61- 69: 41.0s  total: 342.6s  (70/100)
[2026-04-28 01:06:20] ds_online_nohint cases_008  steps  71- 79: 43.0s  total: 385.7s  (80/100)
[2026-04-28 01:06:54] ds_online_nohint cases_008  steps  81- 89: 34.5s  total: 420.2s  (90/100)
[2026-04-28 01:07:28] ds_online_nohint cases_008  steps  91- 99: 33.1s  total: 453.3s  (100/100)
[2026-04-28 01:07:28] DONE ds_online_nohint cases_008  total: 453.3s  (4.53s/step)
[2026-04-28 01:07:28]   tokens: 130,148 in + 25,403 out (reasoning: 0)  cost: $0.0631
[2026-04-28 01:07:28] START ds_online_nohint cases_009 (100 steps, two-turn)
[2026-04-28 01:07:49] ds_online_nohint cases_009  steps   1-  9: 20.7s  total: 20.7s  (10/100)
[2026-04-28 01:08:10] ds_online_nohint cases_009  steps  11- 19: 21.5s  total: 42.2s  (20/100)
[2026-04-28 01:08:32] ds_online_nohint cases_009  steps  21- 29: 21.6s  total: 63.8s  (30/100)
[2026-04-28 01:08:57] ds_online_nohint cases_009  steps  31- 39: 25.1s  total: 89.0s  (40/100)
[2026-04-28 01:09:19] ds_online_nohint cases_009  steps  41- 49: 22.4s  total: 111.4s  (50/100)
[2026-04-28 01:09:42] ds_online_nohint cases_009  steps  51- 59: 22.7s  total: 134.1s  (60/100)
[2026-04-28 01:10:07] ds_online_nohint cases_009  steps  61- 69: 24.4s  total: 158.5s  (70/100)
[2026-04-28 01:10:28] ds_online_nohint cases_009  steps  71- 79: 21.5s  total: 180.0s  (80/100)
[2026-04-28 01:10:49] ds_online_nohint cases_009  steps  81- 89: 21.1s  total: 201.1s  (90/100)
[2026-04-28 01:11:09] ds_online_nohint cases_009  steps  91- 99: 20.3s  total: 221.3s  (100/100)
[2026-04-28 01:11:10] DONE ds_online_nohint cases_009  total: 221.3s  (2.21s/step)
[2026-04-28 01:11:10]   tokens: 108,610 in + 6,432 out (reasoning: 0)  cost: $0.0364
[2026-04-28 01:11:10] START ds_online_nohint cases_010 (100 steps, two-turn)
[2026-04-28 01:11:36] ds_online_nohint cases_010  steps   1-  9: 26.5s  total: 26.5s  (10/100)
[2026-04-28 01:12:03] ds_online_nohint cases_010  steps  11- 19: 26.8s  total: 53.3s  (20/100)
[2026-04-28 01:12:29] ds_online_nohint cases_010  steps  21- 29: 25.7s  total: 79.0s  (30/100)
[2026-04-28 01:12:50] ds_online_nohint cases_010  steps  31- 39: 21.4s  total: 100.4s  (40/100)
[2026-04-28 01:13:11] ds_online_nohint cases_010  steps  41- 49: 21.3s  total: 121.6s  (50/100)
[2026-04-28 01:13:31] ds_online_nohint cases_010  steps  51- 59: 19.8s  total: 141.5s  (60/100)
[2026-04-28 01:13:51] ds_online_nohint cases_010  steps  61- 69: 19.8s  total: 161.2s  (70/100)
[2026-04-28 01:14:11] ds_online_nohint cases_010  steps  71- 79: 20.1s  total: 181.3s  (80/100)
[2026-04-28 01:14:31] ds_online_nohint cases_010  steps  81- 89: 20.0s  total: 201.3s  (90/100)
[2026-04-28 01:14:51] ds_online_nohint cases_010  steps  91- 99: 20.2s  total: 221.5s  (100/100)
[2026-04-28 01:14:52] DONE ds_online_nohint cases_010  total: 221.5s  (2.21s/step)
[2026-04-28 01:14:52]   tokens: 109,432 in + 6,789 out (reasoning: 0)  cost: $0.0370
[2026-04-28 01:14:52] START ds_online_nohint cases_011 (100 steps, two-turn)
[2026-04-28 01:15:13] ds_online_nohint cases_011  steps   1-  9: 21.3s  total: 21.3s  (10/100)
[2026-04-28 01:15:32] ds_online_nohint cases_011  steps  11- 19: 19.3s  total: 40.6s  (20/100)
[2026-04-28 01:15:52] ds_online_nohint cases_011  steps  21- 29: 19.4s  total: 60.0s  (30/100)
[2026-04-28 01:16:11] ds_online_nohint cases_011  steps  31- 39: 19.2s  total: 79.2s  (40/100)
[2026-04-28 01:16:30] ds_online_nohint cases_011  steps  41- 49: 19.1s  total: 98.3s  (50/100)
[2026-04-28 01:16:49] ds_online_nohint cases_011  steps  51- 59: 18.8s  total: 117.1s  (60/100)
[2026-04-28 01:17:08] ds_online_nohint cases_011  steps  61- 69: 19.3s  total: 136.4s  (70/100)
[2026-04-28 01:17:28] ds_online_nohint cases_011  steps  71- 79: 20.1s  total: 156.5s  (80/100)
[2026-04-28 01:17:49] ds_online_nohint cases_011  steps  81- 89: 20.5s  total: 177.0s  (90/100)
[2026-04-28 01:18:10] ds_online_nohint cases_011  steps  91- 99: 21.5s  total: 198.5s  (100/100)
[2026-04-28 01:18:11] DONE ds_online_nohint cases_011  total: 198.5s  (1.98s/step)
[2026-04-28 01:18:11]   tokens: 105,100 in + 4,693 out (reasoning: 0)  cost: $0.0335
[2026-04-28 01:18:11] START ds_online_nohint cases_012 (100 steps, two-turn)
[2026-04-28 01:18:29] ds_online_nohint cases_012  steps   1-  9: 17.7s  total: 17.7s  (10/100)
[2026-04-28 01:18:47] ds_online_nohint cases_012  steps  11- 19: 18.2s  total: 35.9s  (20/100)
[2026-04-28 01:19:07] ds_online_nohint cases_012  steps  21- 29: 20.1s  total: 55.9s  (30/100)
[2026-04-28 01:19:31] ds_online_nohint cases_012  steps  31- 39: 24.2s  total: 80.1s  (40/100)
[2026-04-28 01:19:51] ds_online_nohint cases_012  steps  41- 49: 19.6s  total: 99.8s  (50/100)
[2026-04-28 01:20:16] ds_online_nohint cases_012  steps  51- 59: 25.9s  total: 125.7s  (60/100)
[2026-04-28 01:20:47] ds_online_nohint cases_012  steps  61- 69: 30.4s  total: 156.1s  (70/100)
[2026-04-28 01:21:24] ds_online_nohint cases_012  steps  71- 79: 37.5s  total: 193.5s  (80/100)
[2026-04-28 01:21:53] ds_online_nohint cases_012  steps  81- 89: 28.5s  total: 222.1s  (90/100)
[2026-04-28 01:22:26] ds_online_nohint cases_012  steps  91- 99: 33.0s  total: 255.1s  (100/100)
[2026-04-28 01:22:26] DONE ds_online_nohint cases_012  total: 255.1s  (2.55s/step)
[2026-04-28 01:22:26]   tokens: 114,270 in + 9,399 out (reasoning: 0)  cost: $0.0412
[2026-04-28 01:22:26] START ds_online_nohint cases_013 (100 steps, two-turn)
[2026-04-28 01:22:46] ds_online_nohint cases_013  steps   1-  9: 19.9s  total: 19.9s  (10/100)
[2026-04-28 01:23:07] ds_online_nohint cases_013  steps  11- 19: 20.7s  total: 40.6s  (20/100)
[2026-04-28 01:23:29] ds_online_nohint cases_013  steps  21- 29: 21.6s  total: 62.2s  (30/100)
[2026-04-28 01:23:50] ds_online_nohint cases_013  steps  31- 39: 21.2s  total: 83.4s  (40/100)
[2026-04-28 01:24:11] ds_online_nohint cases_013  steps  41- 49: 21.2s  total: 104.6s  (50/100)
[2026-04-28 01:24:31] ds_online_nohint cases_013  steps  51- 59: 20.3s  total: 124.9s  (60/100)
[2026-04-28 01:24:51] ds_online_nohint cases_013  steps  61- 69: 19.5s  total: 144.4s  (70/100)
[2026-04-28 01:25:17] ds_online_nohint cases_013  steps  71- 79: 26.6s  total: 171.1s  (80/100)
[2026-04-28 01:25:43] ds_online_nohint cases_013  steps  81- 89: 25.7s  total: 196.8s  (90/100)
[2026-04-28 01:26:10] ds_online_nohint cases_013  steps  91- 99: 26.4s  total: 223.2s  (100/100)
[2026-04-28 01:26:10] DONE ds_online_nohint cases_013  total: 223.2s  (2.23s/step)
[2026-04-28 01:26:10]   tokens: 108,152 in + 6,317 out (reasoning: 0)  cost: $0.0361
[2026-04-28 01:26:10] START ds_online_nohint cases_014 (100 steps, two-turn)
[2026-04-28 01:26:29] ds_online_nohint cases_014  steps   1-  9: 18.7s  total: 18.7s  (10/100)
[2026-04-28 01:26:47] ds_online_nohint cases_014  steps  11- 19: 18.6s  total: 37.3s  (20/100)
[2026-04-28 01:27:08] ds_online_nohint cases_014  steps  21- 29: 20.8s  total: 58.1s  (30/100)
[2026-04-28 01:27:33] ds_online_nohint cases_014  steps  31- 39: 25.3s  total: 83.4s  (40/100)
[2026-04-28 01:28:02] ds_online_nohint cases_014  steps  41- 49: 28.2s  total: 111.6s  (50/100)
[2026-04-28 01:28:20] ds_online_nohint cases_014  steps  51- 59: 18.2s  total: 129.8s  (60/100)
[2026-04-28 01:28:40] ds_online_nohint cases_014  steps  61- 69: 20.6s  total: 150.4s  (70/100)
[2026-04-28 01:29:08] ds_online_nohint cases_014  steps  71- 79: 27.9s  total: 178.3s  (80/100)
[2026-04-28 01:29:29] ds_online_nohint cases_014  steps  81- 89: 21.1s  total: 199.4s  (90/100)
[2026-04-28 01:29:59] ds_online_nohint cases_014  steps  91- 99: 29.9s  total: 229.3s  (100/100)
[2026-04-28 01:30:00] DONE ds_online_nohint cases_014  total: 229.3s  (2.29s/step)
[2026-04-28 01:30:00]   tokens: 110,232 in + 7,371 out (reasoning: 0)  cost: $0.0379
[2026-04-28 01:30:00] START ds_online_nohint cases_015 (100 steps, two-turn)
[2026-04-28 01:30:18] ds_online_nohint cases_015  steps   1-  9: 17.8s  total: 17.8s  (10/100)
[2026-04-28 01:30:37] ds_online_nohint cases_015  steps  11- 19: 18.9s  total: 36.7s  (20/100)
[2026-04-28 01:30:55] ds_online_nohint cases_015  steps  21- 29: 18.2s  total: 54.9s  (30/100)
[2026-04-28 01:31:11] ds_online_nohint cases_015  steps  31- 39: 16.8s  total: 71.7s  (40/100)
[2026-04-28 01:31:28] ds_online_nohint cases_015  steps  41- 49: 16.7s  total: 88.4s  (50/100)
[2026-04-28 01:31:46] ds_online_nohint cases_015  steps  51- 59: 17.6s  total: 106.1s  (60/100)
[2026-04-28 01:32:03] ds_online_nohint cases_015  steps  61- 69: 17.3s  total: 123.4s  (70/100)
[2026-04-28 01:32:21] ds_online_nohint cases_015  steps  71- 79: 17.8s  total: 141.2s  (80/100)
[2026-04-28 01:32:40] ds_online_nohint cases_015  steps  81- 89: 19.0s  total: 160.1s  (90/100)
[2026-04-28 01:32:58] ds_online_nohint cases_015  steps  91- 99: 17.7s  total: 177.8s  (100/100)
[2026-04-28 01:32:58] DONE ds_online_nohint cases_015  total: 177.8s  (1.78s/step)
[2026-04-28 01:32:58]   tokens: 101,456 in + 2,829 out (reasoning: 0)  cost: $0.0305
[2026-04-28 01:32:58] START ds_online_nohint cases_016 (100 steps, two-turn)
[2026-04-28 01:33:17] ds_online_nohint cases_016  steps   1-  9: 18.5s  total: 18.5s  (10/100)
[2026-04-28 01:33:37] ds_online_nohint cases_016  steps  11- 19: 21.0s  total: 39.5s  (20/100)
[2026-04-28 01:33:57] ds_online_nohint cases_016  steps  21- 29: 19.5s  total: 58.9s  (30/100)
[2026-04-28 01:34:19] ds_online_nohint cases_016  steps  31- 39: 21.9s  total: 80.8s  (40/100)
[2026-04-28 01:34:43] ds_online_nohint cases_016  steps  41- 49: 24.2s  total: 105.0s  (50/100)
[2026-04-28 01:35:13] ds_online_nohint cases_016  steps  51- 59: 30.3s  total: 135.2s  (60/100)
[2026-04-28 01:35:46] ds_online_nohint cases_016  steps  61- 69: 32.6s  total: 167.9s  (70/100)
[2026-04-28 01:36:28] ds_online_nohint cases_016  steps  71- 79: 42.2s  total: 210.1s  (80/100)
[2026-04-28 01:37:12] ds_online_nohint cases_016  steps  81- 89: 44.3s  total: 254.3s  (90/100)
[2026-04-28 01:37:46] ds_online_nohint cases_016  steps  91- 99: 34.0s  total: 288.3s  (100/100)
[2026-04-28 01:37:47] DONE ds_online_nohint cases_016  total: 288.3s  (2.88s/step)
[2026-04-28 01:37:47]   tokens: 118,502 in + 11,500 out (reasoning: 0)  cost: $0.0446
[2026-04-28 01:37:47] START ds_online_nohint cases_017 (100 steps, two-turn)
[2026-04-28 01:38:07] ds_online_nohint cases_017  steps   1-  9: 20.3s  total: 20.3s  (10/100)
[2026-04-28 01:38:27] ds_online_nohint cases_017  steps  11- 19: 19.9s  total: 40.2s  (20/100)
[2026-04-28 01:38:48] ds_online_nohint cases_017  steps  21- 29: 21.0s  total: 61.2s  (30/100)
[2026-04-28 01:39:17] ds_online_nohint cases_017  steps  31- 39: 29.0s  total: 90.2s  (40/100)
[2026-04-28 01:39:45] ds_online_nohint cases_017  steps  41- 49: 28.1s  total: 118.3s  (50/100)
[2026-04-28 01:40:15] ds_online_nohint cases_017  steps  51- 59: 30.0s  total: 148.3s  (60/100)
[2026-04-28 01:40:43] ds_online_nohint cases_017  steps  61- 69: 28.2s  total: 176.5s  (70/100)
[2026-04-28 01:41:08] ds_online_nohint cases_017  steps  71- 79: 24.5s  total: 201.0s  (80/100)
[2026-04-28 01:41:33] ds_online_nohint cases_017  steps  81- 89: 25.3s  total: 226.3s  (90/100)
[2026-04-28 01:42:00] ds_online_nohint cases_017  steps  91- 99: 27.1s  total: 253.3s  (100/100)
[2026-04-28 01:42:01] DONE ds_online_nohint cases_017  total: 253.3s  (2.53s/step)
[2026-04-28 01:42:01]   tokens: 113,844 in + 8,497 out (reasoning: 0)  cost: $0.0401
[2026-04-28 01:42:01] START ds_online_nohint cases_018 (100 steps, two-turn)
[2026-04-28 01:42:18] ds_online_nohint cases_018  steps   1-  9: 17.6s  total: 17.6s  (10/100)
[2026-04-28 01:42:40] ds_online_nohint cases_018  steps  11- 19: 21.2s  total: 38.9s  (20/100)
[2026-04-28 01:43:16] ds_online_nohint cases_018  steps  21- 29: 36.1s  total: 75.0s  (30/100)
[2026-04-28 01:44:06] ds_online_nohint cases_018  steps  31- 39: 50.1s  total: 125.1s  (40/100)
[2026-04-28 01:44:53] ds_online_nohint cases_018  steps  41- 49: 47.8s  total: 172.8s  (50/100)
[2026-04-28 01:45:17] ds_online_nohint cases_018  steps  51- 59: 23.2s  total: 196.0s  (60/100)
[2026-04-28 01:45:46] ds_online_nohint cases_018  steps  61- 69: 29.6s  total: 225.6s  (70/100)
[2026-04-28 01:46:18] ds_online_nohint cases_018  steps  71- 79: 32.1s  total: 257.7s  (80/100)
[2026-04-28 01:46:51] ds_online_nohint cases_018  steps  81- 89: 32.6s  total: 290.3s  (90/100)
[2026-04-28 01:47:18] ds_online_nohint cases_018  steps  91- 99: 27.2s  total: 317.5s  (100/100)
[2026-04-28 01:47:19] DONE ds_online_nohint cases_018  total: 317.5s  (3.17s/step)
[2026-04-28 01:47:19]   tokens: 124,564 in + 14,478 out (reasoning: 0)  cost: $0.0496
[2026-04-28 01:47:19] START ds_online_nohint cases_019 (100 steps, two-turn)
[2026-04-28 01:47:39] ds_online_nohint cases_019  steps   1-  9: 20.2s  total: 20.2s  (10/100)
[2026-04-28 01:48:01] ds_online_nohint cases_019  steps  11- 19: 21.9s  total: 42.1s  (20/100)
[2026-04-28 01:48:23] ds_online_nohint cases_019  steps  21- 29: 22.5s  total: 64.5s  (30/100)
[2026-04-28 01:48:45] ds_online_nohint cases_019  steps  31- 39: 22.1s  total: 86.6s  (40/100)
[2026-04-28 01:49:09] ds_online_nohint cases_019  steps  41- 49: 23.6s  total: 110.3s  (50/100)
[2026-04-28 01:49:33] ds_online_nohint cases_019  steps  51- 59: 24.0s  total: 134.3s  (60/100)
[2026-04-28 01:49:55] ds_online_nohint cases_019  steps  61- 69: 22.3s  total: 156.6s  (70/100)
[2026-04-28 01:50:17] ds_online_nohint cases_019  steps  71- 79: 22.1s  total: 178.7s  (80/100)
[2026-04-28 01:50:39] ds_online_nohint cases_019  steps  81- 89: 22.2s  total: 200.9s  (90/100)
[2026-04-28 01:51:02] ds_online_nohint cases_019  steps  91- 99: 22.6s  total: 223.5s  (100/100)
[2026-04-28 01:51:02] DONE ds_online_nohint cases_019  total: 223.5s  (2.23s/step)
[2026-04-28 01:51:02]   tokens: 108,830 in + 6,559 out (reasoning: 0)  cost: $0.0366
[2026-04-28 01:51:03] START ds_online_nonote cases_005 (100 steps, nonote)
[2026-04-28 01:51:10] ds_online_nonote cases_005  steps   1-  9: 7.9s  total: 7.9s  (10/100)
[2026-04-28 01:51:19] ds_online_nonote cases_005  steps  11- 19: 8.3s  total: 16.2s  (20/100)
[2026-04-28 01:51:27] ds_online_nonote cases_005  steps  21- 29: 8.3s  total: 24.5s  (30/100)
[2026-04-28 01:51:35] ds_online_nonote cases_005  steps  31- 39: 8.2s  total: 32.7s  (40/100)
[2026-04-28 01:51:45] ds_online_nonote cases_005  steps  41- 49: 9.4s  total: 42.1s  (50/100)
[2026-04-28 01:51:54] ds_online_nonote cases_005  steps  51- 59: 9.0s  total: 51.1s  (60/100)
[2026-04-28 01:52:03] ds_online_nonote cases_005  steps  61- 69: 9.4s  total: 60.5s  (70/100)
[2026-04-28 01:52:13] ds_online_nonote cases_005  steps  71- 79: 9.6s  total: 70.1s  (80/100)
[2026-04-28 01:52:22] ds_online_nonote cases_005  steps  81- 89: 9.5s  total: 79.6s  (90/100)
[2026-04-28 01:52:32] ds_online_nonote cases_005  steps  91- 99: 10.3s  total: 89.9s  (100/100)
[2026-04-28 01:52:33] DONE ds_online_nonote cases_005  total: 89.9s  (0.90s/step)
[2026-04-28 01:52:33]   tokens: 336,950 in + 700 out (reasoning: 0)  cost: $0.0917
[2026-04-28 01:52:33] START ds_online_nonote cases_006 (100 steps, nonote)
[2026-04-28 01:52:41] ds_online_nonote cases_006  steps   1-  9: 8.5s  total: 8.5s  (10/100)
[2026-04-28 01:52:50] ds_online_nonote cases_006  steps  11- 19: 8.3s  total: 16.9s  (20/100)
[2026-04-28 01:52:58] ds_online_nonote cases_006  steps  21- 29: 8.1s  total: 25.0s  (30/100)
[2026-04-28 01:53:06] ds_online_nonote cases_006  steps  31- 39: 8.5s  total: 33.5s  (40/100)
[2026-04-28 01:53:15] ds_online_nonote cases_006  steps  41- 49: 8.4s  total: 41.8s  (50/100)
[2026-04-28 01:53:25] ds_online_nonote cases_006  steps  51- 59: 9.8s  total: 51.6s  (60/100)
[2026-04-28 01:53:34] ds_online_nonote cases_006  steps  61- 69: 9.6s  total: 61.2s  (70/100)
[2026-04-28 01:53:44] ds_online_nonote cases_006  steps  71- 79: 9.6s  total: 70.8s  (80/100)
[2026-04-28 01:53:53] ds_online_nonote cases_006  steps  81- 89: 9.6s  total: 80.4s  (90/100)
[2026-04-28 01:54:03] ds_online_nonote cases_006  steps  91- 99: 9.3s  total: 89.8s  (100/100)
[2026-04-28 01:54:03] DONE ds_online_nonote cases_006  total: 89.8s  (0.90s/step)
[2026-04-28 01:54:03]   tokens: 336,950 in + 700 out (reasoning: 0)  cost: $0.0917
[2026-04-28 01:54:03] START ds_online_nonote cases_007 (100 steps, nonote)
[2026-04-28 01:54:11] ds_online_nonote cases_007  steps   1-  9: 8.2s  total: 8.2s  (10/100)
[2026-04-28 01:54:19] ds_online_nonote cases_007  steps  11- 19: 8.1s  total: 16.3s  (20/100)
[2026-04-28 01:54:28] ds_online_nonote cases_007  steps  21- 29: 8.7s  total: 25.0s  (30/100)
[2026-04-28 01:54:37] ds_online_nonote cases_007  steps  31- 39: 8.4s  total: 33.4s  (40/100)
[2026-04-28 01:54:45] ds_online_nonote cases_007  steps  41- 49: 8.7s  total: 42.1s  (50/100)
[2026-04-28 01:54:54] ds_online_nonote cases_007  steps  51- 59: 9.2s  total: 51.3s  (60/100)
[2026-04-28 01:55:04] ds_online_nonote cases_007  steps  61- 69: 9.2s  total: 60.6s  (70/100)
[2026-04-28 01:55:14] ds_online_nonote cases_007  steps  71- 79: 9.9s  total: 70.4s  (80/100)
[2026-04-28 01:55:24] ds_online_nonote cases_007  steps  81- 89: 10.2s  total: 80.6s  (90/100)
[2026-04-28 01:55:34] ds_online_nonote cases_007  steps  91- 99: 10.1s  total: 90.7s  (100/100)
[2026-04-28 01:55:34] DONE ds_online_nonote cases_007  total: 90.7s  (0.91s/step)
[2026-04-28 01:55:34]   tokens: 336,950 in + 700 out (reasoning: 0)  cost: $0.0917
[2026-04-28 01:55:34] START ds_online_nonote cases_008 (100 steps, nonote)
[2026-04-28 01:55:42] ds_online_nonote cases_008  steps   1-  9: 7.7s  total: 7.7s  (10/100)
[2026-04-28 01:55:50] ds_online_nonote cases_008  steps  11- 19: 8.3s  total: 16.0s  (20/100)
[2026-04-28 01:55:59] ds_online_nonote cases_008  steps  21- 29: 8.4s  total: 24.3s  (30/100)
[2026-04-28 01:56:07] ds_online_nonote cases_008  steps  31- 39: 8.2s  total: 32.5s  (40/100)
[2026-04-28 01:56:16] ds_online_nonote cases_008  steps  41- 49: 9.0s  total: 41.5s  (50/100)
[2026-04-28 01:56:26] ds_online_nonote cases_008  steps  51- 59: 10.0s  total: 51.5s  (60/100)
[2026-04-28 01:56:35] ds_online_nonote cases_008  steps  61- 69: 9.5s  total: 61.0s  (70/100)
[2026-04-28 01:56:45] ds_online_nonote cases_008  steps  71- 79: 9.5s  total: 70.6s  (80/100)
[2026-04-28 01:56:54] ds_online_nonote cases_008  steps  81- 89: 9.3s  total: 79.9s  (90/100)
[2026-04-28 01:57:04] ds_online_nonote cases_008  steps  91- 99: 9.7s  total: 89.6s  (100/100)
[2026-04-28 01:57:04] DONE ds_online_nonote cases_008  total: 89.6s  (0.90s/step)
[2026-04-28 01:57:04]   tokens: 336,950 in + 700 out (reasoning: 0)  cost: $0.0917
[2026-04-28 01:57:04] START ds_online_nonote cases_009 (100 steps, nonote)
[2026-04-28 01:57:13] ds_online_nonote cases_009  steps   1-  9: 8.1s  total: 8.1s  (10/100)
[2026-04-28 01:57:20] ds_online_nonote cases_009  steps  11- 19: 7.9s  total: 15.9s  (20/100)
[2026-04-28 01:57:29] ds_online_nonote cases_009  steps  21- 29: 8.4s  total: 24.3s  (30/100)
[2026-04-28 01:57:37] ds_online_nonote cases_009  steps  31- 39: 8.4s  total: 32.7s  (40/100)
[2026-04-28 01:57:46] ds_online_nonote cases_009  steps  41- 49: 9.1s  total: 41.9s  (50/100)
[2026-04-28 01:57:55] ds_online_nonote cases_009  steps  51- 59: 9.0s  total: 50.9s  (60/100)
[2026-04-28 01:58:05] ds_online_nonote cases_009  steps  61- 69: 10.1s  total: 60.9s  (70/100)
[2026-04-28 01:58:15] ds_online_nonote cases_009  steps  71- 79: 9.8s  total: 70.7s  (80/100)
[2026-04-28 01:58:25] ds_online_nonote cases_009  steps  81- 89: 9.4s  total: 80.1s  (90/100)
[2026-04-28 01:58:34] ds_online_nonote cases_009  steps  91- 99: 9.3s  total: 89.4s  (100/100)
[2026-04-28 01:58:34] DONE ds_online_nonote cases_009  total: 89.4s  (0.89s/step)
[2026-04-28 01:58:34]   tokens: 336,950 in + 700 out (reasoning: 0)  cost: $0.0917
[2026-04-28 01:58:34] START ds_online_nonote cases_010 (100 steps, nonote)
[2026-04-28 01:58:42] ds_online_nonote cases_010  steps   1-  9: 7.7s  total: 7.7s  (10/100)
[2026-04-28 01:58:50] ds_online_nonote cases_010  steps  11- 19: 8.2s  total: 15.9s  (20/100)
[2026-04-28 01:58:59] ds_online_nonote cases_010  steps  21- 29: 8.5s  total: 24.3s  (30/100)
[2026-04-28 01:59:07] ds_online_nonote cases_010  steps  31- 39: 8.8s  total: 33.1s  (40/100)
[2026-04-28 01:59:16] ds_online_nonote cases_010  steps  41- 49: 8.8s  total: 41.8s  (50/100)
[2026-04-28 01:59:25] ds_online_nonote cases_010  steps  51- 59: 9.0s  total: 50.9s  (60/100)
[2026-04-28 01:59:35] ds_online_nonote cases_010  steps  61- 69: 9.4s  total: 60.3s  (70/100)
[2026-04-28 01:59:45] ds_online_nonote cases_010  steps  71- 79: 10.3s  total: 70.6s  (80/100)
[2026-04-28 01:59:55] ds_online_nonote cases_010  steps  81- 89: 9.8s  total: 80.4s  (90/100)
[2026-04-28 02:00:04] ds_online_nonote cases_010  steps  91- 99: 9.6s  total: 90.0s  (100/100)
[2026-04-28 02:00:05] DONE ds_online_nonote cases_010  total: 90.0s  (0.90s/step)
[2026-04-28 02:00:05]   tokens: 336,950 in + 700 out (reasoning: 0)  cost: $0.0917
[2026-04-28 02:00:05] START ds_online_nonote cases_011 (100 steps, nonote)
[2026-04-28 02:00:13] ds_online_nonote cases_011  steps   1-  9: 8.2s  total: 8.2s  (10/100)
[2026-04-28 02:00:22] ds_online_nonote cases_011  steps  11- 19: 8.6s  total: 16.8s  (20/100)
[2026-04-28 02:00:30] ds_online_nonote cases_011  steps  21- 29: 8.1s  total: 24.9s  (30/100)
[2026-04-28 02:00:38] ds_online_nonote cases_011  steps  31- 39: 8.6s  total: 33.5s  (40/100)
[2026-04-28 02:00:48] ds_online_nonote cases_011  steps  41- 49: 9.3s  total: 42.8s  (50/100)
[2026-04-28 02:00:57] ds_online_nonote cases_011  steps  51- 59: 9.6s  total: 52.5s  (60/100)
[2026-04-28 02:01:07] ds_online_nonote cases_011  steps  61- 69: 10.1s  total: 62.6s  (70/100)
[2026-04-28 02:01:17] ds_online_nonote cases_011  steps  71- 79: 9.7s  total: 72.2s  (80/100)
[2026-04-28 02:01:27] ds_online_nonote cases_011  steps  81- 89: 9.9s  total: 82.1s  (90/100)
[2026-04-28 02:01:37] ds_online_nonote cases_011  steps  91- 99: 10.2s  total: 92.3s  (100/100)
[2026-04-28 02:01:38] DONE ds_online_nonote cases_011  total: 92.3s  (0.92s/step)
[2026-04-28 02:01:38]   tokens: 336,950 in + 700 out (reasoning: 0)  cost: $0.0917
[2026-04-28 02:01:38] START ds_online_nonote cases_012 (100 steps, nonote)
[2026-04-28 02:01:46] ds_online_nonote cases_012  steps   1-  9: 8.0s  total: 8.0s  (10/100)
[2026-04-28 02:01:54] ds_online_nonote cases_012  steps  11- 19: 7.9s  total: 15.9s  (20/100)
[2026-04-28 02:02:02] ds_online_nonote cases_012  steps  21- 29: 8.3s  total: 24.2s  (30/100)
[2026-04-28 02:02:11] ds_online_nonote cases_012  steps  31- 39: 8.7s  total: 32.9s  (40/100)
[2026-04-28 02:02:20] ds_online_nonote cases_012  steps  41- 49: 9.0s  total: 41.9s  (50/100)
[2026-04-28 02:02:29] ds_online_nonote cases_012  steps  51- 59: 9.5s  total: 51.4s  (60/100)
[2026-04-28 02:02:38] ds_online_nonote cases_012  steps  61- 69: 9.3s  total: 60.7s  (70/100)
[2026-04-28 02:02:49] ds_online_nonote cases_012  steps  71- 79: 10.4s  total: 71.1s  (80/100)
[2026-04-28 02:02:59] ds_online_nonote cases_012  steps  81- 89: 10.0s  total: 81.1s  (90/100)
[2026-04-28 02:03:10] ds_online_nonote cases_012  steps  91- 99: 11.0s  total: 92.0s  (100/100)
[2026-04-28 02:03:10] DONE ds_online_nonote cases_012  total: 92.0s  (0.92s/step)
[2026-04-28 02:03:10]   tokens: 336,950 in + 700 out (reasoning: 0)  cost: $0.0917
[2026-04-28 02:03:10] START ds_online_nonote cases_013 (100 steps, nonote)
[2026-04-28 02:03:18] ds_online_nonote cases_013  steps   1-  9: 8.0s  total: 8.0s  (10/100)
[2026-04-28 02:03:26] ds_online_nonote cases_013  steps  11- 19: 8.0s  total: 15.9s  (20/100)
[2026-04-28 02:03:34] ds_online_nonote cases_013  steps  21- 29: 7.8s  total: 23.7s  (30/100)
[2026-04-28 02:03:43] ds_online_nonote cases_013  steps  31- 39: 8.6s  total: 32.4s  (40/100)
[2026-04-28 02:03:51] ds_online_nonote cases_013  steps  41- 49: 8.7s  total: 41.1s  (50/100)
[2026-04-28 02:04:01] ds_online_nonote cases_013  steps  51- 59: 9.4s  total: 50.5s  (60/100)
[2026-04-28 02:04:10] ds_online_nonote cases_013  steps  61- 69: 9.3s  total: 59.7s  (70/100)
[2026-04-28 02:04:20] ds_online_nonote cases_013  steps  71- 79: 9.7s  total: 69.4s  (80/100)
[2026-04-28 02:04:29] ds_online_nonote cases_013  steps  81- 89: 9.3s  total: 78.7s  (90/100)
[2026-04-28 02:04:39] ds_online_nonote cases_013  steps  91- 99: 10.2s  total: 89.0s  (100/100)
[2026-04-28 02:04:40] DONE ds_online_nonote cases_013  total: 89.0s  (0.89s/step)
[2026-04-28 02:04:40]   tokens: 336,950 in + 700 out (reasoning: 0)  cost: $0.0917
[2026-04-28 02:04:40] START ds_online_nonote cases_014 (100 steps, nonote)
[2026-04-28 02:04:48] ds_online_nonote cases_014  steps   1-  9: 8.0s  total: 8.0s  (10/100)
[2026-04-28 02:04:56] ds_online_nonote cases_014  steps  11- 19: 7.9s  total: 15.9s  (20/100)
[2026-04-28 02:05:04] ds_online_nonote cases_014  steps  21- 29: 8.3s  total: 24.3s  (30/100)
[2026-04-28 02:05:12] ds_online_nonote cases_014  steps  31- 39: 8.3s  total: 32.5s  (40/100)
[2026-04-28 02:05:21] ds_online_nonote cases_014  steps  41- 49: 9.0s  total: 41.6s  (50/100)
[2026-04-28 02:05:30] ds_online_nonote cases_014  steps  51- 59: 9.2s  total: 50.8s  (60/100)
[2026-04-28 02:05:40] ds_online_nonote cases_014  steps  61- 69: 9.6s  total: 60.4s  (70/100)
[2026-04-28 02:05:50] ds_online_nonote cases_014  steps  71- 79: 9.7s  total: 70.1s  (80/100)
[2026-04-28 02:05:59] ds_online_nonote cases_014  steps  81- 89: 9.4s  total: 79.5s  (90/100)
[2026-04-28 02:06:09] ds_online_nonote cases_014  steps  91- 99: 9.9s  total: 89.4s  (100/100)
[2026-04-28 02:06:10] DONE ds_online_nonote cases_014  total: 89.4s  (0.89s/step)
[2026-04-28 02:06:10]   tokens: 336,950 in + 700 out (reasoning: 0)  cost: $0.0917
[2026-04-28 02:06:10] START ds_online_nonote cases_015 (100 steps, nonote)
[2026-04-28 02:06:18] ds_online_nonote cases_015  steps   1-  9: 8.0s  total: 8.0s  (10/100)
[2026-04-28 02:06:26] ds_online_nonote cases_015  steps  11- 19: 7.9s  total: 15.9s  (20/100)
[2026-04-28 02:06:34] ds_online_nonote cases_015  steps  21- 29: 8.3s  total: 24.2s  (30/100)
[2026-04-28 02:06:42] ds_online_nonote cases_015  steps  31- 39: 8.6s  total: 32.8s  (40/100)
[2026-04-28 02:06:51] ds_online_nonote cases_015  steps  41- 49: 8.8s  total: 41.5s  (50/100)
[2026-04-28 02:07:01] ds_online_nonote cases_015  steps  51- 59: 9.4s  total: 50.9s  (60/100)
[2026-04-28 02:07:10] ds_online_nonote cases_015  steps  61- 69: 9.9s  total: 60.8s  (70/100)
[2026-04-28 02:07:20] ds_online_nonote cases_015  steps  71- 79: 9.9s  total: 70.7s  (80/100)
[2026-04-28 02:07:30] ds_online_nonote cases_015  steps  81- 89: 9.6s  total: 80.4s  (90/100)
[2026-04-28 02:07:40] ds_online_nonote cases_015  steps  91- 99: 9.9s  total: 90.3s  (100/100)
[2026-04-28 02:07:40] DONE ds_online_nonote cases_015  total: 90.3s  (0.90s/step)
[2026-04-28 02:07:40]   tokens: 336,950 in + 700 out (reasoning: 0)  cost: $0.0917
[2026-04-28 02:07:40] START ds_online_nonote cases_016 (100 steps, nonote)
[2026-04-28 02:07:48] ds_online_nonote cases_016  steps   1-  9: 8.0s  total: 8.0s  (10/100)
[2026-04-28 02:07:57] ds_online_nonote cases_016  steps  11- 19: 8.2s  total: 16.2s  (20/100)
[2026-04-28 02:08:06] ds_online_nonote cases_016  steps  21- 29: 8.9s  total: 25.2s  (30/100)
[2026-04-28 02:08:15] ds_online_nonote cases_016  steps  31- 39: 9.2s  total: 34.3s  (40/100)
[2026-04-28 02:08:24] ds_online_nonote cases_016  steps  41- 49: 9.0s  total: 43.3s  (50/100)
[2026-04-28 02:08:33] ds_online_nonote cases_016  steps  51- 59: 9.5s  total: 52.8s  (60/100)
[2026-04-28 02:08:43] ds_online_nonote cases_016  steps  61- 69: 9.4s  total: 62.2s  (70/100)
[2026-04-28 02:08:52] ds_online_nonote cases_016  steps  71- 79: 9.9s  total: 72.1s  (80/100)
[2026-04-28 02:09:02] ds_online_nonote cases_016  steps  81- 89: 9.9s  total: 81.9s  (90/100)
[2026-04-28 02:09:13] ds_online_nonote cases_016  steps  91- 99: 10.4s  total: 92.3s  (100/100)
[2026-04-28 02:09:13] DONE ds_online_nonote cases_016  total: 92.3s  (0.92s/step)
[2026-04-28 02:09:13]   tokens: 336,950 in + 700 out (reasoning: 0)  cost: $0.0917
[2026-04-28 02:09:13] START ds_online_nonote cases_017 (100 steps, nonote)
[2026-04-28 02:09:21] ds_online_nonote cases_017  steps   1-  9: 8.0s  total: 8.0s  (10/100)
[2026-04-28 02:09:29] ds_online_nonote cases_017  steps  11- 19: 8.2s  total: 16.2s  (20/100)
[2026-04-28 02:09:38] ds_online_nonote cases_017  steps  21- 29: 8.6s  total: 24.9s  (30/100)
[2026-04-28 02:09:46] ds_online_nonote cases_017  steps  31- 39: 8.3s  total: 33.1s  (40/100)
[2026-04-28 02:09:55] ds_online_nonote cases_017  steps  41- 49: 9.1s  total: 42.2s  (50/100)
[2026-04-28 02:10:05] ds_online_nonote cases_017  steps  51- 59: 9.5s  total: 51.8s  (60/100)
[2026-04-28 02:10:15] ds_online_nonote cases_017  steps  61- 69: 9.8s  total: 61.6s  (70/100)
[2026-04-28 02:10:24] ds_online_nonote cases_017  steps  71- 79: 9.5s  total: 71.1s  (80/100)
[2026-04-28 02:10:34] ds_online_nonote cases_017  steps  81- 89: 9.9s  total: 81.0s  (90/100)
[2026-04-28 02:10:46] ds_online_nonote cases_017  steps  91- 99: 11.5s  total: 92.4s  (100/100)
[2026-04-28 02:10:46] DONE ds_online_nonote cases_017  total: 92.4s  (0.92s/step)
[2026-04-28 02:10:46]   tokens: 336,950 in + 700 out (reasoning: 0)  cost: $0.0917
[2026-04-28 02:10:46] START ds_online_nonote cases_018 (100 steps, nonote)
[2026-04-28 02:10:54] ds_online_nonote cases_018  steps   1-  9: 8.2s  total: 8.2s  (10/100)
[2026-04-28 02:11:03] ds_online_nonote cases_018  steps  11- 19: 8.8s  total: 16.9s  (20/100)
[2026-04-28 02:11:12] ds_online_nonote cases_018  steps  21- 29: 8.6s  total: 25.5s  (30/100)
[2026-04-28 02:11:20] ds_online_nonote cases_018  steps  31- 39: 8.3s  total: 33.9s  (40/100)
[2026-04-28 02:11:29] ds_online_nonote cases_018  steps  41- 49: 9.5s  total: 43.3s  (50/100)
[2026-04-28 02:11:39] ds_online_nonote cases_018  steps  51- 59: 9.6s  total: 53.0s  (60/100)
[2026-04-28 02:11:48] ds_online_nonote cases_018  steps  61- 69: 9.4s  total: 62.3s  (70/100)
[2026-04-28 02:11:58] ds_online_nonote cases_018  steps  71- 79: 9.6s  total: 71.9s  (80/100)
[2026-04-28 02:12:07] ds_online_nonote cases_018  steps  81- 89: 9.2s  total: 81.1s  (90/100)
[2026-04-28 02:12:17] ds_online_nonote cases_018  steps  91- 99: 9.7s  total: 90.8s  (100/100)
[2026-04-28 02:12:17] DONE ds_online_nonote cases_018  total: 90.8s  (0.91s/step)
[2026-04-28 02:12:17]   tokens: 336,950 in + 700 out (reasoning: 0)  cost: $0.0917
[2026-04-28 02:12:17] START ds_online_nonote cases_019 (100 steps, nonote)
[2026-04-28 02:12:26] ds_online_nonote cases_019  steps   1-  9: 8.1s  total: 8.1s  (10/100)
[2026-04-28 02:12:35] ds_online_nonote cases_019  steps  11- 19: 9.1s  total: 17.3s  (20/100)
[2026-04-28 02:12:43] ds_online_nonote cases_019  steps  21- 29: 8.0s  total: 25.3s  (30/100)
[2026-04-28 02:12:51] ds_online_nonote cases_019  steps  31- 39: 8.3s  total: 33.6s  (40/100)
[2026-04-28 02:13:01] ds_online_nonote cases_019  steps  41- 49: 9.5s  total: 43.1s  (50/100)
[2026-04-28 02:13:10] ds_online_nonote cases_019  steps  51- 59: 9.7s  total: 52.9s  (60/100)
[2026-04-28 02:13:20] ds_online_nonote cases_019  steps  61- 69: 9.5s  total: 62.3s  (70/100)
[2026-04-28 02:13:30] ds_online_nonote cases_019  steps  71- 79: 10.1s  total: 72.4s  (80/100)
[2026-04-28 02:13:42] ds_online_nonote cases_019  steps  81- 89: 11.9s  total: 84.3s  (90/100)
[2026-04-28 02:13:51] ds_online_nonote cases_019  steps  91- 99: 9.7s  total: 94.0s  (100/100)
[2026-04-28 02:13:52] DONE ds_online_nonote cases_019  total: 94.0s  (0.94s/step)
[2026-04-28 02:13:52]   tokens: 336,950 in + 700 out (reasoning: 0)  cost: $0.0917
[2026-04-28 02:13:52] START ds_online_nonote_nohint cases_005 (100 steps, nonote)
[2026-04-28 02:14:00] ds_online_nonote_nohint cases_005  steps   1-  9: 8.0s  total: 8.0s  (10/100)
[2026-04-28 02:14:08] ds_online_nonote_nohint cases_005  steps  11- 19: 8.2s  total: 16.2s  (20/100)
[2026-04-28 02:14:17] ds_online_nonote_nohint cases_005  steps  21- 29: 8.9s  total: 25.0s  (30/100)
[2026-04-28 02:14:25] ds_online_nonote_nohint cases_005  steps  31- 39: 8.1s  total: 33.2s  (40/100)
[2026-04-28 02:14:34] ds_online_nonote_nohint cases_005  steps  41- 49: 9.3s  total: 42.5s  (50/100)
[2026-04-28 02:14:44] ds_online_nonote_nohint cases_005  steps  51- 59: 9.5s  total: 52.0s  (60/100)
[2026-04-28 02:14:53] ds_online_nonote_nohint cases_005  steps  61- 69: 9.1s  total: 61.1s  (70/100)
[2026-04-28 02:15:02] ds_online_nonote_nohint cases_005  steps  71- 79: 9.4s  total: 70.5s  (80/100)
[2026-04-28 02:15:12] ds_online_nonote_nohint cases_005  steps  81- 89: 9.2s  total: 79.7s  (90/100)
[2026-04-28 02:15:22] ds_online_nonote_nohint cases_005  steps  91- 99: 10.1s  total: 89.9s  (100/100)
[2026-04-28 02:15:22] DONE ds_online_nonote_nohint cases_005  total: 89.9s  (0.90s/step)
[2026-04-28 02:15:22]   tokens: 335,950 in + 700 out (reasoning: 0)  cost: $0.0915
[2026-04-28 02:15:22] START ds_online_nonote_nohint cases_006 (100 steps, nonote)
[2026-04-28 02:15:30] ds_online_nonote_nohint cases_006  steps   1-  9: 8.1s  total: 8.1s  (10/100)
[2026-04-28 02:15:38] ds_online_nonote_nohint cases_006  steps  11- 19: 7.8s  total: 16.0s  (20/100)
[2026-04-28 02:15:47] ds_online_nonote_nohint cases_006  steps  21- 29: 8.6s  total: 24.6s  (30/100)
[2026-04-28 02:15:56] ds_online_nonote_nohint cases_006  steps  31- 39: 8.7s  total: 33.3s  (40/100)
[2026-04-28 02:16:04] ds_online_nonote_nohint cases_006  steps  41- 49: 8.7s  total: 42.0s  (50/100)
[2026-04-28 02:16:15] ds_online_nonote_nohint cases_006  steps  51- 59: 10.9s  total: 52.9s  (60/100)
[2026-04-28 02:16:24] ds_online_nonote_nohint cases_006  steps  61- 69: 9.3s  total: 62.1s  (70/100)
[2026-04-28 02:16:35] ds_online_nonote_nohint cases_006  steps  71- 79: 10.3s  total: 72.4s  (80/100)
[2026-04-28 02:16:44] ds_online_nonote_nohint cases_006  steps  81- 89: 9.3s  total: 81.7s  (90/100)
[2026-04-28 02:16:54] ds_online_nonote_nohint cases_006  steps  91- 99: 9.9s  total: 91.6s  (100/100)
[2026-04-28 02:16:54] DONE ds_online_nonote_nohint cases_006  total: 91.6s  (0.92s/step)
[2026-04-28 02:16:54]   tokens: 335,950 in + 700 out (reasoning: 0)  cost: $0.0915
[2026-04-28 02:16:54] START ds_online_nonote_nohint cases_007 (100 steps, nonote)
[2026-04-28 02:17:02] ds_online_nonote_nohint cases_007  steps   1-  9: 7.7s  total: 7.7s  (10/100)
[2026-04-28 02:17:11] ds_online_nonote_nohint cases_007  steps  11- 19: 8.5s  total: 16.2s  (20/100)
[2026-04-28 02:17:19] ds_online_nonote_nohint cases_007  steps  21- 29: 8.4s  total: 24.6s  (30/100)
[2026-04-28 02:17:27] ds_online_nonote_nohint cases_007  steps  31- 39: 8.4s  total: 33.0s  (40/100)
[2026-04-28 02:17:36] ds_online_nonote_nohint cases_007  steps  41- 49: 8.5s  total: 41.5s  (50/100)
[2026-04-28 02:17:47] ds_online_nonote_nohint cases_007  steps  51- 59: 10.8s  total: 52.3s  (60/100)
[2026-04-28 02:17:56] ds_online_nonote_nohint cases_007  steps  61- 69: 9.2s  total: 61.5s  (70/100)
[2026-04-28 02:18:06] ds_online_nonote_nohint cases_007  steps  71- 79: 9.9s  total: 71.5s  (80/100)
[2026-04-28 02:18:15] ds_online_nonote_nohint cases_007  steps  81- 89: 9.4s  total: 80.9s  (90/100)
[2026-04-28 02:18:25] ds_online_nonote_nohint cases_007  steps  91- 99: 9.8s  total: 90.6s  (100/100)
[2026-04-28 02:18:25] DONE ds_online_nonote_nohint cases_007  total: 90.6s  (0.91s/step)
[2026-04-28 02:18:25]   tokens: 335,950 in + 700 out (reasoning: 0)  cost: $0.0915
[2026-04-28 02:18:26] START ds_online_nonote_nohint cases_008 (100 steps, nonote)
[2026-04-28 02:18:34] ds_online_nonote_nohint cases_008  steps   1-  9: 8.1s  total: 8.1s  (10/100)
[2026-04-28 02:18:41] ds_online_nonote_nohint cases_008  steps  11- 19: 7.8s  total: 15.9s  (20/100)
[2026-04-28 02:18:50] ds_online_nonote_nohint cases_008  steps  21- 29: 8.3s  total: 24.3s  (30/100)
[2026-04-28 02:18:58] ds_online_nonote_nohint cases_008  steps  31- 39: 8.2s  total: 32.4s  (40/100)
[2026-04-28 02:19:07] ds_online_nonote_nohint cases_008  steps  41- 49: 9.2s  total: 41.7s  (50/100)
[2026-04-28 02:19:17] ds_online_nonote_nohint cases_008  steps  51- 59: 9.7s  total: 51.4s  (60/100)
[2026-04-28 02:19:26] ds_online_nonote_nohint cases_008  steps  61- 69: 9.5s  total: 60.9s  (70/100)
[2026-04-28 02:19:37] ds_online_nonote_nohint cases_008  steps  71- 79: 10.5s  total: 71.4s  (80/100)
[2026-04-28 02:19:47] ds_online_nonote_nohint cases_008  steps  81- 89: 10.4s  total: 81.8s  (90/100)
[2026-04-28 02:19:57] ds_online_nonote_nohint cases_008  steps  91- 99: 9.9s  total: 91.7s  (100/100)
[2026-04-28 02:19:58] DONE ds_online_nonote_nohint cases_008  total: 91.7s  (0.92s/step)
[2026-04-28 02:19:58]   tokens: 335,950 in + 700 out (reasoning: 0)  cost: $0.0915
[2026-04-28 02:19:58] START ds_online_nonote_nohint cases_009 (100 steps, nonote)
[2026-04-28 02:20:06] ds_online_nonote_nohint cases_009  steps   1-  9: 8.0s  total: 8.0s  (10/100)
[2026-04-28 02:20:14] ds_online_nonote_nohint cases_009  steps  11- 19: 8.3s  total: 16.3s  (20/100)
[2026-04-28 02:20:23] ds_online_nonote_nohint cases_009  steps  21- 29: 8.8s  total: 25.1s  (30/100)
[2026-04-28 02:20:31] ds_online_nonote_nohint cases_009  steps  31- 39: 8.4s  total: 33.5s  (40/100)
[2026-04-28 02:20:40] ds_online_nonote_nohint cases_009  steps  41- 49: 8.9s  total: 42.4s  (50/100)
[2026-04-28 02:20:50] ds_online_nonote_nohint cases_009  steps  51- 59: 9.6s  total: 52.0s  (60/100)
[2026-04-28 02:21:00] ds_online_nonote_nohint cases_009  steps  61- 69: 9.9s  total: 61.9s  (70/100)
[2026-04-28 02:21:09] ds_online_nonote_nohint cases_009  steps  71- 79: 9.9s  total: 71.7s  (80/100)
[2026-04-28 02:21:19] ds_online_nonote_nohint cases_009  steps  81- 89: 9.3s  total: 81.0s  (90/100)
[2026-04-28 02:21:28] ds_online_nonote_nohint cases_009  steps  91- 99: 9.5s  total: 90.6s  (100/100)
[2026-04-28 02:21:29] DONE ds_online_nonote_nohint cases_009  total: 90.6s  (0.91s/step)
[2026-04-28 02:21:29]   tokens: 335,950 in + 700 out (reasoning: 0)  cost: $0.0915
[2026-04-28 02:21:29] START ds_online_nonote_nohint cases_010 (100 steps, nonote)
[2026-04-28 02:21:37] ds_online_nonote_nohint cases_010  steps   1-  9: 8.0s  total: 8.0s  (10/100)
[2026-04-28 02:21:45] ds_online_nonote_nohint cases_010  steps  11- 19: 7.9s  total: 16.0s  (20/100)
[2026-04-28 02:21:54] ds_online_nonote_nohint cases_010  steps  21- 29: 9.0s  total: 24.9s  (30/100)
[2026-04-28 02:22:02] ds_online_nonote_nohint cases_010  steps  31- 39: 8.5s  total: 33.4s  (40/100)
[2026-04-28 02:22:11] ds_online_nonote_nohint cases_010  steps  41- 49: 8.8s  total: 42.2s  (50/100)
[2026-04-28 02:22:20] ds_online_nonote_nohint cases_010  steps  51- 59: 9.1s  total: 51.3s  (60/100)
[2026-04-28 02:22:30] ds_online_nonote_nohint cases_010  steps  61- 69: 9.6s  total: 60.9s  (70/100)
[2026-04-28 02:22:39] ds_online_nonote_nohint cases_010  steps  71- 79: 9.3s  total: 70.2s  (80/100)
[2026-04-28 02:22:49] ds_online_nonote_nohint cases_010  steps  81- 89: 9.8s  total: 80.0s  (90/100)
[2026-04-28 02:22:58] ds_online_nonote_nohint cases_010  steps  91- 99: 9.7s  total: 89.7s  (100/100)
[2026-04-28 02:22:59] DONE ds_online_nonote_nohint cases_010  total: 89.7s  (0.90s/step)
[2026-04-28 02:22:59]   tokens: 335,950 in + 700 out (reasoning: 0)  cost: $0.0915
[2026-04-28 02:22:59] START ds_online_nonote_nohint cases_011 (100 steps, nonote)
[2026-04-28 02:23:07] ds_online_nonote_nohint cases_011  steps   1-  9: 8.4s  total: 8.4s  (10/100)
[2026-04-28 02:23:16] ds_online_nonote_nohint cases_011  steps  11- 19: 8.1s  total: 16.5s  (20/100)
[2026-04-28 02:23:24] ds_online_nonote_nohint cases_011  steps  21- 29: 8.5s  total: 25.1s  (30/100)
[2026-04-28 02:23:33] ds_online_nonote_nohint cases_011  steps  31- 39: 8.9s  total: 34.0s  (40/100)
[2026-04-28 02:23:42] ds_online_nonote_nohint cases_011  steps  41- 49: 9.0s  total: 43.0s  (50/100)
[2026-04-28 02:23:52] ds_online_nonote_nohint cases_011  steps  51- 59: 9.6s  total: 52.6s  (60/100)
[2026-04-28 02:24:02] ds_online_nonote_nohint cases_011  steps  61- 69: 10.4s  total: 63.0s  (70/100)
[2026-04-28 02:24:12] ds_online_nonote_nohint cases_011  steps  71- 79: 9.8s  total: 72.8s  (80/100)
[2026-04-28 02:24:22] ds_online_nonote_nohint cases_011  steps  81- 89: 9.8s  total: 82.6s  (90/100)
[2026-04-28 02:24:32] ds_online_nonote_nohint cases_011  steps  91- 99: 10.3s  total: 92.9s  (100/100)
[2026-04-28 02:24:32] DONE ds_online_nonote_nohint cases_011  total: 92.9s  (0.93s/step)
[2026-04-28 02:24:32]   tokens: 335,950 in + 700 out (reasoning: 0)  cost: $0.0915
[2026-04-28 02:24:32] START ds_online_nonote_nohint cases_012 (100 steps, nonote)
[2026-04-28 02:24:40] ds_online_nonote_nohint cases_012  steps   1-  9: 8.0s  total: 8.0s  (10/100)
[2026-04-28 02:24:49] ds_online_nonote_nohint cases_012  steps  11- 19: 8.4s  total: 16.4s  (20/100)
[2026-04-28 02:24:57] ds_online_nonote_nohint cases_012  steps  21- 29: 8.4s  total: 24.9s  (30/100)
[2026-04-28 02:25:06] ds_online_nonote_nohint cases_012  steps  31- 39: 9.0s  total: 33.9s  (40/100)
[2026-04-28 02:25:15] ds_online_nonote_nohint cases_012  steps  41- 49: 8.8s  total: 42.8s  (50/100)
[2026-04-28 02:25:24] ds_online_nonote_nohint cases_012  steps  51- 59: 9.1s  total: 51.9s  (60/100)
[2026-04-28 02:25:34] ds_online_nonote_nohint cases_012  steps  61- 69: 9.7s  total: 61.6s  (70/100)
[2026-04-28 02:25:43] ds_online_nonote_nohint cases_012  steps  71- 79: 9.3s  total: 70.9s  (80/100)
[2026-04-28 02:25:53] ds_online_nonote_nohint cases_012  steps  81- 89: 9.6s  total: 80.5s  (90/100)
[2026-04-28 02:26:03] ds_online_nonote_nohint cases_012  steps  91- 99: 10.0s  total: 90.5s  (100/100)
[2026-04-28 02:26:03] DONE ds_online_nonote_nohint cases_012  total: 90.5s  (0.90s/step)
[2026-04-28 02:26:03]   tokens: 335,950 in + 700 out (reasoning: 0)  cost: $0.0915
[2026-04-28 02:26:03] START ds_online_nonote_nohint cases_013 (100 steps, nonote)
[2026-04-28 02:26:11] ds_online_nonote_nohint cases_013  steps   1-  9: 7.8s  total: 7.8s  (10/100)
[2026-04-28 02:26:19] ds_online_nonote_nohint cases_013  steps  11- 19: 8.0s  total: 15.8s  (20/100)
[2026-04-28 02:26:28] ds_online_nonote_nohint cases_013  steps  21- 29: 8.7s  total: 24.5s  (30/100)
[2026-04-28 02:26:36] ds_online_nonote_nohint cases_013  steps  31- 39: 8.6s  total: 33.0s  (40/100)
[2026-04-28 02:26:46] ds_online_nonote_nohint cases_013  steps  41- 49: 9.7s  total: 42.7s  (50/100)
[2026-04-28 02:26:55] ds_online_nonote_nohint cases_013  steps  51- 59: 9.1s  total: 51.8s  (60/100)
[2026-04-28 02:27:05] ds_online_nonote_nohint cases_013  steps  61- 69: 9.7s  total: 61.5s  (70/100)
[2026-04-28 02:27:15] ds_online_nonote_nohint cases_013  steps  71- 79: 9.7s  total: 71.2s  (80/100)
[2026-04-28 02:27:24] ds_online_nonote_nohint cases_013  steps  81- 89: 9.8s  total: 81.1s  (90/100)
[2026-04-28 02:27:34] ds_online_nonote_nohint cases_013  steps  91- 99: 9.3s  total: 90.4s  (100/100)
[2026-04-28 02:27:34] DONE ds_online_nonote_nohint cases_013  total: 90.4s  (0.90s/step)
[2026-04-28 02:27:34]   tokens: 335,950 in + 700 out (reasoning: 0)  cost: $0.0915
[2026-04-28 02:27:34] START ds_online_nonote_nohint cases_014 (100 steps, nonote)
[2026-04-28 02:27:43] ds_online_nonote_nohint cases_014  steps   1-  9: 8.4s  total: 8.4s  (10/100)
[2026-04-28 02:27:51] ds_online_nonote_nohint cases_014  steps  11- 19: 8.3s  total: 16.7s  (20/100)
[2026-04-28 02:28:00] ds_online_nonote_nohint cases_014  steps  21- 29: 8.7s  total: 25.4s  (30/100)
[2026-04-28 02:28:08] ds_online_nonote_nohint cases_014  steps  31- 39: 8.3s  total: 33.8s  (40/100)
[2026-04-28 02:28:17] ds_online_nonote_nohint cases_014  steps  41- 49: 9.1s  total: 42.8s  (50/100)
[2026-04-28 02:28:26] ds_online_nonote_nohint cases_014  steps  51- 59: 9.3s  total: 52.1s  (60/100)
[2026-04-28 02:28:36] ds_online_nonote_nohint cases_014  steps  61- 69: 9.4s  total: 61.5s  (70/100)
[2026-04-28 02:28:45] ds_online_nonote_nohint cases_014  steps  71- 79: 9.4s  total: 71.0s  (80/100)
[2026-04-28 02:28:55] ds_online_nonote_nohint cases_014  steps  81- 89: 9.6s  total: 80.6s  (90/100)
[2026-04-28 02:29:05] ds_online_nonote_nohint cases_014  steps  91- 99: 9.9s  total: 90.5s  (100/100)
[2026-04-28 02:29:05] DONE ds_online_nonote_nohint cases_014  total: 90.5s  (0.91s/step)
[2026-04-28 02:29:05]   tokens: 335,950 in + 700 out (reasoning: 0)  cost: $0.0915
[2026-04-28 02:29:05] START ds_online_nonote_nohint cases_015 (100 steps, nonote)
[2026-04-28 02:29:13] ds_online_nonote_nohint cases_015  steps   1-  9: 8.2s  total: 8.2s  (10/100)
[2026-04-28 02:29:21] ds_online_nonote_nohint cases_015  steps  11- 19: 7.9s  total: 16.2s  (20/100)
[2026-04-28 02:29:30] ds_online_nonote_nohint cases_015  steps  21- 29: 8.5s  total: 24.7s  (30/100)
[2026-04-28 02:29:38] ds_online_nonote_nohint cases_015  steps  31- 39: 8.1s  total: 32.8s  (40/100)
[2026-04-28 02:29:47] ds_online_nonote_nohint cases_015  steps  41- 49: 8.8s  total: 41.6s  (50/100)
[2026-04-28 02:29:56] ds_online_nonote_nohint cases_015  steps  51- 59: 9.3s  total: 50.9s  (60/100)
[2026-04-28 02:30:06] ds_online_nonote_nohint cases_015  steps  61- 69: 10.3s  total: 61.2s  (70/100)
[2026-04-28 02:30:16] ds_online_nonote_nohint cases_015  steps  71- 79: 10.0s  total: 71.2s  (80/100)
[2026-04-28 02:30:26] ds_online_nonote_nohint cases_015  steps  81- 89: 9.5s  total: 80.7s  (90/100)
[2026-04-28 02:30:36] ds_online_nonote_nohint cases_015  steps  91- 99: 9.7s  total: 90.4s  (100/100)
[2026-04-28 02:30:36] DONE ds_online_nonote_nohint cases_015  total: 90.4s  (0.90s/step)
[2026-04-28 02:30:36]   tokens: 335,950 in + 700 out (reasoning: 0)  cost: $0.0915
[2026-04-28 02:30:36] START ds_online_nonote_nohint cases_016 (100 steps, nonote)
[2026-04-28 02:30:44] ds_online_nonote_nohint cases_016  steps   1-  9: 7.9s  total: 7.9s  (10/100)
[2026-04-28 02:30:52] ds_online_nonote_nohint cases_016  steps  11- 19: 8.3s  total: 16.2s  (20/100)
[2026-04-28 02:31:01] ds_online_nonote_nohint cases_016  steps  21- 29: 8.2s  total: 24.5s  (30/100)
[2026-04-28 02:31:09] ds_online_nonote_nohint cases_016  steps  31- 39: 8.5s  total: 33.0s  (40/100)
[2026-04-28 02:31:18] ds_online_nonote_nohint cases_016  steps  41- 49: 8.8s  total: 41.7s  (50/100)
[2026-04-28 02:31:27] ds_online_nonote_nohint cases_016  steps  51- 59: 9.6s  total: 51.4s  (60/100)
[2026-04-28 02:31:37] ds_online_nonote_nohint cases_016  steps  61- 69: 9.7s  total: 61.1s  (70/100)
[2026-04-28 02:31:47] ds_online_nonote_nohint cases_016  steps  71- 79: 10.0s  total: 71.2s  (80/100)
[2026-04-28 02:31:57] ds_online_nonote_nohint cases_016  steps  81- 89: 9.7s  total: 80.8s  (90/100)
[2026-04-28 02:32:06] ds_online_nonote_nohint cases_016  steps  91- 99: 9.5s  total: 90.3s  (100/100)
[2026-04-28 02:32:07] DONE ds_online_nonote_nohint cases_016  total: 90.3s  (0.90s/step)
[2026-04-28 02:32:07]   tokens: 335,950 in + 700 out (reasoning: 0)  cost: $0.0915
[2026-04-28 02:32:07] START ds_online_nonote_nohint cases_017 (100 steps, nonote)
[2026-04-28 02:32:15] ds_online_nonote_nohint cases_017  steps   1-  9: 8.0s  total: 8.0s  (10/100)
[2026-04-28 02:32:23] ds_online_nonote_nohint cases_017  steps  11- 19: 8.2s  total: 16.1s  (20/100)
[2026-04-28 02:32:31] ds_online_nonote_nohint cases_017  steps  21- 29: 8.4s  total: 24.5s  (30/100)
[2026-04-28 02:32:40] ds_online_nonote_nohint cases_017  steps  31- 39: 8.4s  total: 33.0s  (40/100)
[2026-04-28 02:32:49] ds_online_nonote_nohint cases_017  steps  41- 49: 9.5s  total: 42.4s  (50/100)
[2026-04-28 02:32:59] ds_online_nonote_nohint cases_017  steps  51- 59: 9.2s  total: 51.6s  (60/100)
[2026-04-28 02:33:08] ds_online_nonote_nohint cases_017  steps  61- 69: 9.8s  total: 61.4s  (70/100)
[2026-04-28 02:33:19] ds_online_nonote_nohint cases_017  steps  71- 79: 10.2s  total: 71.6s  (80/100)
[2026-04-28 02:33:30] ds_online_nonote_nohint cases_017  steps  81- 89: 11.6s  total: 83.2s  (90/100)
[2026-04-28 02:33:40] ds_online_nonote_nohint cases_017  steps  91- 99: 10.1s  total: 93.2s  (100/100)
[2026-04-28 02:33:41] DONE ds_online_nonote_nohint cases_017  total: 93.2s  (0.93s/step)
[2026-04-28 02:33:41]   tokens: 335,950 in + 700 out (reasoning: 0)  cost: $0.0915
[2026-04-28 02:33:41] START ds_online_nonote_nohint cases_018 (100 steps, nonote)
[2026-04-28 02:33:48] ds_online_nonote_nohint cases_018  steps   1-  9: 7.8s  total: 7.8s  (10/100)
[2026-04-28 02:33:57] ds_online_nonote_nohint cases_018  steps  11- 19: 8.2s  total: 16.0s  (20/100)
[2026-04-28 02:34:05] ds_online_nonote_nohint cases_018  steps  21- 29: 8.8s  total: 24.8s  (30/100)
[2026-04-28 02:34:14] ds_online_nonote_nohint cases_018  steps  31- 39: 8.5s  total: 33.3s  (40/100)
[2026-04-28 02:34:23] ds_online_nonote_nohint cases_018  steps  41- 49: 8.9s  total: 42.1s  (50/100)
[2026-04-28 02:34:33] ds_online_nonote_nohint cases_018  steps  51- 59: 10.0s  total: 52.1s  (60/100)
[2026-04-28 02:34:42] ds_online_nonote_nohint cases_018  steps  61- 69: 9.4s  total: 61.5s  (70/100)
[2026-04-28 02:34:51] ds_online_nonote_nohint cases_018  steps  71- 79: 9.2s  total: 70.6s  (80/100)
[2026-04-28 02:35:01] ds_online_nonote_nohint cases_018  steps  81- 89: 9.7s  total: 80.4s  (90/100)
[2026-04-28 02:35:11] ds_online_nonote_nohint cases_018  steps  91- 99: 9.9s  total: 90.3s  (100/100)
[2026-04-28 02:35:11] DONE ds_online_nonote_nohint cases_018  total: 90.3s  (0.90s/step)
[2026-04-28 02:35:11]   tokens: 335,950 in + 700 out (reasoning: 0)  cost: $0.0915
[2026-04-28 02:35:11] START ds_online_nonote_nohint cases_019 (100 steps, nonote)
[2026-04-28 02:35:19] ds_online_nonote_nohint cases_019  steps   1-  9: 8.1s  total: 8.1s  (10/100)
[2026-04-28 02:35:28] ds_online_nonote_nohint cases_019  steps  11- 19: 8.1s  total: 16.2s  (20/100)
[2026-04-28 02:35:37] ds_online_nonote_nohint cases_019  steps  21- 29: 8.9s  total: 25.1s  (30/100)
[2026-04-28 02:35:45] ds_online_nonote_nohint cases_019  steps  31- 39: 8.8s  total: 34.0s  (40/100)
[2026-04-28 02:35:54] ds_online_nonote_nohint cases_019  steps  41- 49: 8.7s  total: 42.6s  (50/100)
[2026-04-28 02:36:03] ds_online_nonote_nohint cases_019  steps  51- 59: 9.5s  total: 52.1s  (60/100)
[2026-04-28 02:36:13] ds_online_nonote_nohint cases_019  steps  61- 69: 10.0s  total: 62.1s  (70/100)
[2026-04-28 02:36:23] ds_online_nonote_nohint cases_019  steps  71- 79: 9.3s  total: 71.4s  (80/100)
[2026-04-28 02:36:33] ds_online_nonote_nohint cases_019  steps  81- 89: 10.0s  total: 81.5s  (90/100)
[2026-04-28 02:36:43] ds_online_nonote_nohint cases_019  steps  91- 99: 9.7s  total: 91.2s  (100/100)
[2026-04-28 02:36:43] DONE ds_online_nonote_nohint cases_019  total: 91.2s  (0.91s/step)
[2026-04-28 02:36:43]   tokens: 335,950 in + 700 out (reasoning: 0)  cost: $0.0915
[2026-04-28 02:37:04] START ds_weather_v2 cases_000 (100 steps, two-turn)
[2026-04-28 02:37:25] ds_weather_v2 cases_000  steps   1-  9: 20.8s  total: 20.8s  (10/100)
[2026-04-28 02:37:45] ds_weather_v2 cases_000  steps  11- 19: 20.4s  total: 41.2s  (20/100)
[2026-04-28 02:38:05] ds_weather_v2 cases_000  steps  21- 29: 20.4s  total: 61.6s  (30/100)
[2026-04-28 02:38:26] ds_weather_v2 cases_000  steps  31- 39: 20.7s  total: 82.3s  (40/100)
[2026-04-28 02:38:46] ds_weather_v2 cases_000  steps  41- 49: 19.6s  total: 101.9s  (50/100)
[2026-04-28 02:39:06] ds_weather_v2 cases_000  steps  51- 59: 20.4s  total: 122.3s  (60/100)
[2026-04-28 02:39:27] ds_weather_v2 cases_000  steps  61- 69: 20.9s  total: 143.2s  (70/100)
[2026-04-28 02:39:48] ds_weather_v2 cases_000  steps  71- 79: 20.6s  total: 163.8s  (80/100)
[2026-04-28 02:40:08] ds_weather_v2 cases_000  steps  81- 89: 20.4s  total: 184.2s  (90/100)
[2026-04-28 02:40:29] ds_weather_v2 cases_000  steps  91- 99: 21.0s  total: 205.2s  (100/100)
[2026-04-28 02:40:30] DONE ds_weather_v2 cases_000  total: 205.2s  (2.05s/step)
[2026-04-28 02:40:30]   tokens: 119,528 in + 4,900 out (reasoning: 0)  cost: $0.0377
[2026-04-28 02:40:30] START ds_weather_v2 cases_001 (100 steps, two-turn)
[2026-04-28 02:40:50] ds_weather_v2 cases_001  steps   1-  9: 19.8s  total: 19.8s  (10/100)
[2026-04-28 02:41:09] ds_weather_v2 cases_001  steps  11- 19: 18.9s  total: 38.6s  (20/100)
[2026-04-28 02:41:27] ds_weather_v2 cases_001  steps  21- 29: 18.4s  total: 57.0s  (30/100)
[2026-04-28 02:41:47] ds_weather_v2 cases_001  steps  31- 39: 19.8s  total: 76.8s  (40/100)
[2026-04-28 02:42:06] ds_weather_v2 cases_001  steps  41- 49: 19.7s  total: 96.5s  (50/100)
[2026-04-28 02:42:26] ds_weather_v2 cases_001  steps  51- 59: 19.2s  total: 115.7s  (60/100)
[2026-04-28 02:42:45] ds_weather_v2 cases_001  steps  61- 69: 19.2s  total: 134.9s  (70/100)
[2026-04-28 02:43:04] ds_weather_v2 cases_001  steps  71- 79: 19.1s  total: 154.0s  (80/100)
[2026-04-28 02:43:23] ds_weather_v2 cases_001  steps  81- 89: 19.4s  total: 173.4s  (90/100)
[2026-04-28 02:43:43] ds_weather_v2 cases_001  steps  91- 99: 19.8s  total: 193.2s  (100/100)
[2026-04-28 02:43:44] DONE ds_weather_v2 cases_001  total: 193.2s  (1.93s/step)
[2026-04-28 02:43:44]   tokens: 117,152 in + 3,600 out (reasoning: 0)  cost: $0.0356
[2026-04-28 02:43:44] START ds_weather_v2 cases_002 (100 steps, two-turn)
[2026-04-28 02:44:03] ds_weather_v2 cases_002  steps   1-  9: 19.5s  total: 19.5s  (10/100)
[2026-04-28 02:44:22] ds_weather_v2 cases_002  steps  11- 19: 18.9s  total: 38.4s  (20/100)
[2026-04-28 02:44:41] ds_weather_v2 cases_002  steps  21- 29: 19.0s  total: 57.4s  (30/100)
[2026-04-28 02:45:00] ds_weather_v2 cases_002  steps  31- 39: 19.2s  total: 76.6s  (40/100)
[2026-04-28 02:45:19] ds_weather_v2 cases_002  steps  41- 49: 19.0s  total: 95.6s  (50/100)
[2026-04-28 02:45:38] ds_weather_v2 cases_002  steps  51- 59: 18.7s  total: 114.4s  (60/100)
[2026-04-28 02:45:56] ds_weather_v2 cases_002  steps  61- 69: 18.5s  total: 132.9s  (70/100)
[2026-04-28 02:46:15] ds_weather_v2 cases_002  steps  71- 79: 18.3s  total: 151.2s  (80/100)
[2026-04-28 02:46:33] ds_weather_v2 cases_002  steps  81- 89: 18.5s  total: 169.7s  (90/100)
[2026-04-28 02:46:52] ds_weather_v2 cases_002  steps  91- 99: 18.8s  total: 188.4s  (100/100)
[2026-04-28 02:46:52] DONE ds_weather_v2 cases_002  total: 188.4s  (1.88s/step)
[2026-04-28 02:46:52]   tokens: 117,152 in + 3,600 out (reasoning: 0)  cost: $0.0356
[2026-04-28 02:46:52] START ds_weather_v2 cases_003 (100 steps, two-turn)
[2026-04-28 02:47:12] ds_weather_v2 cases_003  steps   1-  9: 19.9s  total: 19.9s  (10/100)
[2026-04-28 02:47:32] ds_weather_v2 cases_003  steps  11- 19: 19.5s  total: 39.4s  (20/100)
[2026-04-28 02:47:52] ds_weather_v2 cases_003  steps  21- 29: 20.4s  total: 59.8s  (30/100)
[2026-04-28 02:48:13] ds_weather_v2 cases_003  steps  31- 39: 20.7s  total: 80.5s  (40/100)
[2026-04-28 02:48:32] ds_weather_v2 cases_003  steps  41- 49: 19.1s  total: 99.7s  (50/100)
[2026-04-28 02:48:51] ds_weather_v2 cases_003  steps  51- 59: 18.7s  total: 118.4s  (60/100)
[2026-04-28 02:49:14] ds_weather_v2 cases_003  steps  61- 69: 22.7s  total: 141.0s  (70/100)
[2026-04-28 02:49:33] ds_weather_v2 cases_003  steps  71- 79: 19.5s  total: 160.5s  (80/100)
[2026-04-28 02:49:52] ds_weather_v2 cases_003  steps  81- 89: 18.6s  total: 179.1s  (90/100)
[2026-04-28 02:50:10] ds_weather_v2 cases_003  steps  91- 99: 18.8s  total: 198.0s  (100/100)
[2026-04-28 02:50:11] DONE ds_weather_v2 cases_003  total: 198.0s  (1.98s/step)
[2026-04-28 02:50:11]   tokens: 118,354 in + 3,992 out (reasoning: 0)  cost: $0.0363
[2026-04-28 02:50:11] START ds_weather_v2 cases_004 (100 steps, two-turn)
[2026-04-28 02:50:31] ds_weather_v2 cases_004  steps   1-  9: 19.7s  total: 19.7s  (10/100)
[2026-04-28 02:50:50] ds_weather_v2 cases_004  steps  11- 19: 19.0s  total: 38.6s  (20/100)
[2026-04-28 02:51:09] ds_weather_v2 cases_004  steps  21- 29: 19.3s  total: 57.9s  (30/100)
[2026-04-28 02:51:28] ds_weather_v2 cases_004  steps  31- 39: 18.8s  total: 76.8s  (40/100)
[2026-04-28 02:51:46] ds_weather_v2 cases_004  steps  41- 49: 18.5s  total: 95.3s  (50/100)
[2026-04-28 02:52:21] ds_weather_v2 cases_004  steps  51- 59: 34.3s  total: 129.6s  (60/100)
[2026-04-28 02:52:40] ds_weather_v2 cases_004  steps  61- 69: 19.0s  total: 148.6s  (70/100)
[2026-04-28 02:52:59] ds_weather_v2 cases_004  steps  71- 79: 19.0s  total: 167.6s  (80/100)
[2026-04-28 02:53:18] ds_weather_v2 cases_004  steps  81- 89: 19.9s  total: 187.5s  (90/100)
[2026-04-28 02:53:37] ds_weather_v2 cases_004  steps  91- 99: 18.8s  total: 206.3s  (100/100)
[2026-04-28 02:53:38] DONE ds_weather_v2 cases_004  total: 206.3s  (2.06s/step)
[2026-04-28 02:53:38]   tokens: 117,152 in + 3,600 out (reasoning: 0)  cost: $0.0356
[2026-04-28 02:53:38] START ds_weather_v2 cases_005 (100 steps, two-turn)
[2026-04-28 02:53:57] ds_weather_v2 cases_005  steps   1-  9: 19.5s  total: 19.5s  (10/100)
[2026-04-28 02:54:16] ds_weather_v2 cases_005  steps  11- 19: 18.4s  total: 37.9s  (20/100)
[2026-04-28 02:54:34] ds_weather_v2 cases_005  steps  21- 29: 18.2s  total: 56.2s  (30/100)
[2026-04-28 02:54:52] ds_weather_v2 cases_005  steps  31- 39: 18.1s  total: 74.3s  (40/100)
[2026-04-28 02:55:11] ds_weather_v2 cases_005  steps  41- 49: 18.6s  total: 92.9s  (50/100)
[2026-04-28 02:55:29] ds_weather_v2 cases_005  steps  51- 59: 18.2s  total: 111.1s  (60/100)
[2026-04-28 02:55:49] ds_weather_v2 cases_005  steps  61- 69: 20.4s  total: 131.5s  (70/100)
[2026-04-28 02:56:08] ds_weather_v2 cases_005  steps  71- 79: 18.5s  total: 149.9s  (80/100)
[2026-04-28 02:56:27] ds_weather_v2 cases_005  steps  81- 89: 19.2s  total: 169.1s  (90/100)
[2026-04-28 02:56:46] ds_weather_v2 cases_005  steps  91- 99: 19.0s  total: 188.1s  (100/100)
[2026-04-28 02:56:46] DONE ds_weather_v2 cases_005  total: 188.1s  (1.88s/step)
[2026-04-28 02:56:46]   tokens: 117,152 in + 3,600 out (reasoning: 0)  cost: $0.0356
[2026-04-28 02:56:46] START ds_weather_v2 cases_006 (100 steps, two-turn)
[2026-04-28 02:57:08] ds_weather_v2 cases_006  steps   1-  9: 21.5s  total: 21.5s  (10/100)
[2026-04-28 02:57:32] ds_weather_v2 cases_006  steps  11- 19: 23.8s  total: 45.2s  (20/100)
[2026-04-28 02:57:55] ds_weather_v2 cases_006  steps  21- 29: 23.8s  total: 69.0s  (30/100)
[2026-04-28 02:58:18] ds_weather_v2 cases_006  steps  31- 39: 22.7s  total: 91.7s  (40/100)
[2026-04-28 02:58:43] ds_weather_v2 cases_006  steps  41- 49: 24.6s  total: 116.2s  (50/100)
[2026-04-28 02:59:07] ds_weather_v2 cases_006  steps  51- 59: 24.4s  total: 140.7s  (60/100)
[2026-04-28 02:59:33] ds_weather_v2 cases_006  steps  61- 69: 26.0s  total: 166.7s  (70/100)
[2026-04-28 02:59:58] ds_weather_v2 cases_006  steps  71- 79: 25.1s  total: 191.8s  (80/100)
[2026-04-28 03:00:23] ds_weather_v2 cases_006  steps  81- 89: 24.7s  total: 216.6s  (90/100)
[2026-04-28 03:00:49] ds_weather_v2 cases_006  steps  91- 99: 25.7s  total: 242.2s  (100/100)
[2026-04-28 03:00:49] DONE ds_weather_v2 cases_006  total: 242.2s  (2.42s/step)
[2026-04-28 03:00:49]   tokens: 123,872 in + 7,096 out (reasoning: 0)  cost: $0.0413
[2026-04-28 03:00:49] START ds_weather_v2 cases_007 (100 steps, two-turn)
[2026-04-28 03:01:13] ds_weather_v2 cases_007  steps   1-  9: 23.5s  total: 23.5s  (10/100)
[2026-04-28 03:01:33] ds_weather_v2 cases_007  steps  11- 19: 20.3s  total: 43.8s  (20/100)
[2026-04-28 03:01:53] ds_weather_v2 cases_007  steps  21- 29: 20.3s  total: 64.1s  (30/100)
[2026-04-28 03:02:14] ds_weather_v2 cases_007  steps  31- 39: 21.2s  total: 85.3s  (40/100)
[2026-04-28 03:02:37] ds_weather_v2 cases_007  steps  41- 49: 23.2s  total: 108.5s  (50/100)
[2026-04-28 03:02:59] ds_weather_v2 cases_007  steps  51- 59: 21.2s  total: 129.7s  (60/100)
[2026-04-28 03:03:20] ds_weather_v2 cases_007  steps  61- 69: 20.9s  total: 150.6s  (70/100)
[2026-04-28 03:03:41] ds_weather_v2 cases_007  steps  71- 79: 21.4s  total: 172.0s  (80/100)
[2026-04-28 03:04:01] ds_weather_v2 cases_007  steps  81- 89: 20.2s  total: 192.2s  (90/100)
[2026-04-28 03:04:22] ds_weather_v2 cases_007  steps  91- 99: 21.2s  total: 213.4s  (100/100)
[2026-04-28 03:04:23] DONE ds_weather_v2 cases_007  total: 213.4s  (2.13s/step)
[2026-04-28 03:04:23]   tokens: 119,658 in + 4,919 out (reasoning: 0)  cost: $0.0377
[2026-04-28 03:04:23] START ds_weather_v2 cases_008 (100 steps, two-turn)
[2026-04-28 03:04:44] ds_weather_v2 cases_008  steps   1-  9: 21.5s  total: 21.5s  (10/100)
[2026-04-28 03:05:05] ds_weather_v2 cases_008  steps  11- 19: 20.6s  total: 42.1s  (20/100)
[2026-04-28 03:05:26] ds_weather_v2 cases_008  steps  21- 29: 21.4s  total: 63.5s  (30/100)
[2026-04-28 03:05:47] ds_weather_v2 cases_008  steps  31- 39: 20.7s  total: 84.2s  (40/100)
[2026-04-28 03:06:09] ds_weather_v2 cases_008  steps  41- 49: 21.6s  total: 105.8s  (50/100)
[2026-04-28 03:06:31] ds_weather_v2 cases_008  steps  51- 59: 22.1s  total: 127.9s  (60/100)
[2026-04-28 03:06:51] ds_weather_v2 cases_008  steps  61- 69: 19.9s  total: 147.8s  (70/100)
[2026-04-28 03:07:13] ds_weather_v2 cases_008  steps  71- 79: 22.6s  total: 170.3s  (80/100)
[2026-04-28 03:07:39] ds_weather_v2 cases_008  steps  81- 89: 25.5s  total: 195.8s  (90/100)
[2026-04-28 03:08:02] ds_weather_v2 cases_008  steps  91- 99: 23.6s  total: 219.5s  (100/100)
[2026-04-28 03:08:03] DONE ds_weather_v2 cases_008  total: 219.5s  (2.19s/step)
[2026-04-28 03:08:03]   tokens: 121,064 in + 5,692 out (reasoning: 0)  cost: $0.0389
[2026-04-28 03:08:03] START ds_weather_v2 cases_009 (100 steps, two-turn)
[2026-04-28 03:08:20] ds_weather_v2 cases_009  steps   1-  9: 17.2s  total: 17.2s  (10/100)
[2026-04-28 03:08:38] ds_weather_v2 cases_009  steps  11- 19: 17.8s  total: 34.9s  (20/100)
[2026-04-28 03:08:55] ds_weather_v2 cases_009  steps  21- 29: 16.9s  total: 51.8s  (30/100)
[2026-04-28 03:09:22] ds_weather_v2 cases_009  steps  31- 39: 27.6s  total: 79.4s  (40/100)
[2026-04-28 03:09:41] ds_weather_v2 cases_009  steps  41- 49: 19.0s  total: 98.5s  (50/100)
[2026-04-28 03:09:59] ds_weather_v2 cases_009  steps  51- 59: 17.8s  total: 116.2s  (60/100)
[2026-04-28 03:10:16] ds_weather_v2 cases_009  steps  61- 69: 16.8s  total: 133.0s  (70/100)
[2026-04-28 03:10:33] ds_weather_v2 cases_009  steps  71- 79: 16.7s  total: 149.7s  (80/100)
[2026-04-28 03:10:50] ds_weather_v2 cases_009  steps  81- 89: 17.8s  total: 167.4s  (90/100)
[2026-04-28 03:11:10] ds_weather_v2 cases_009  steps  91- 99: 20.0s  total: 187.4s  (100/100)
[2026-04-28 03:11:11] DONE ds_weather_v2 cases_009  total: 187.4s  (1.87s/step)
[2026-04-28 03:11:11]   tokens: 115,782 in + 2,998 out (reasoning: 0)  cost: $0.0346
[2026-04-28 03:11:11] START ds_weather_v2 cases_010 (100 steps, two-turn)
[2026-04-28 03:11:33] ds_weather_v2 cases_010  steps   1-  9: 22.0s  total: 22.0s  (10/100)
[2026-04-28 03:11:57] ds_weather_v2 cases_010  steps  11- 19: 24.4s  total: 46.3s  (20/100)
[2026-04-28 03:12:21] ds_weather_v2 cases_010  steps  21- 29: 24.3s  total: 70.6s  (30/100)
[2026-04-28 03:12:43] ds_weather_v2 cases_010  steps  31- 39: 21.7s  total: 92.3s  (40/100)
[2026-04-28 03:13:07] ds_weather_v2 cases_010  steps  41- 49: 24.0s  total: 116.3s  (50/100)
[2026-04-28 03:13:38] ds_weather_v2 cases_010  steps  51- 59: 30.5s  total: 146.8s  (60/100)
[2026-04-28 03:14:04] ds_weather_v2 cases_010  steps  61- 69: 26.9s  total: 173.7s  (70/100)
[2026-04-28 03:14:31] ds_weather_v2 cases_010  steps  71- 79: 26.6s  total: 200.3s  (80/100)
[2026-04-28 03:14:55] ds_weather_v2 cases_010  steps  81- 89: 24.0s  total: 224.3s  (90/100)
[2026-04-28 03:15:21] ds_weather_v2 cases_010  steps  91- 99: 26.0s  total: 250.3s  (100/100)
[2026-04-28 03:15:21] DONE ds_weather_v2 cases_010  total: 250.3s  (2.50s/step)
[2026-04-28 03:15:21]   tokens: 123,502 in + 6,915 out (reasoning: 0)  cost: $0.0410
[2026-04-28 03:15:22] START ds_weather_v2 cases_011 (100 steps, two-turn)
[2026-04-28 03:15:42] ds_weather_v2 cases_011  steps   1-  9: 20.4s  total: 20.4s  (10/100)
[2026-04-28 03:16:04] ds_weather_v2 cases_011  steps  11- 19: 22.0s  total: 42.3s  (20/100)
[2026-04-28 03:16:24] ds_weather_v2 cases_011  steps  21- 29: 20.1s  total: 62.4s  (30/100)
[2026-04-28 03:16:45] ds_weather_v2 cases_011  steps  31- 39: 20.9s  total: 83.3s  (40/100)
[2026-04-28 03:17:06] ds_weather_v2 cases_011  steps  41- 49: 20.7s  total: 104.1s  (50/100)
[2026-04-28 03:17:26] ds_weather_v2 cases_011  steps  51- 59: 19.9s  total: 124.0s  (60/100)
[2026-04-28 03:17:44] ds_weather_v2 cases_011  steps  61- 69: 18.5s  total: 142.5s  (70/100)
[2026-04-28 03:18:05] ds_weather_v2 cases_011  steps  71- 79: 21.0s  total: 163.5s  (80/100)
[2026-04-28 03:18:25] ds_weather_v2 cases_011  steps  81- 89: 19.4s  total: 182.9s  (90/100)
[2026-04-28 03:18:46] ds_weather_v2 cases_011  steps  91- 99: 21.6s  total: 204.5s  (100/100)
[2026-04-28 03:18:47] DONE ds_weather_v2 cases_011  total: 204.5s  (2.05s/step)
[2026-04-28 03:18:47]   tokens: 117,080 in + 3,564 out (reasoning: 0)  cost: $0.0355
[2026-04-28 03:18:47] START ds_weather_v2 cases_012 (100 steps, two-turn)
[2026-04-28 03:19:06] ds_weather_v2 cases_012  steps   1-  9: 19.7s  total: 19.7s  (10/100)
[2026-04-28 03:19:26] ds_weather_v2 cases_012  steps  11- 19: 19.9s  total: 39.5s  (20/100)
[2026-04-28 03:19:47] ds_weather_v2 cases_012  steps  21- 29: 20.9s  total: 60.4s  (30/100)
[2026-04-28 03:20:07] ds_weather_v2 cases_012  steps  31- 39: 19.7s  total: 80.1s  (40/100)
[2026-04-28 03:20:28] ds_weather_v2 cases_012  steps  41- 49: 21.0s  total: 101.1s  (50/100)
[2026-04-28 03:20:47] ds_weather_v2 cases_012  steps  51- 59: 19.5s  total: 120.6s  (60/100)
[2026-04-28 03:21:09] ds_weather_v2 cases_012  steps  61- 69: 21.4s  total: 142.0s  (70/100)
[2026-04-28 03:21:28] ds_weather_v2 cases_012  steps  71- 79: 19.9s  total: 161.9s  (80/100)
[2026-04-28 03:21:49] ds_weather_v2 cases_012  steps  81- 89: 20.8s  total: 182.7s  (90/100)
[2026-04-28 03:22:10] ds_weather_v2 cases_012  steps  91- 99: 21.1s  total: 203.8s  (100/100)
[2026-04-28 03:22:11] DONE ds_weather_v2 cases_012  total: 203.8s  (2.04s/step)
[2026-04-28 03:22:11]   tokens: 117,152 in + 3,600 out (reasoning: 0)  cost: $0.0356
[2026-04-28 03:22:11] START ds_weather_v2 cases_013 (100 steps, two-turn)
[2026-04-28 03:22:31] ds_weather_v2 cases_013  steps   1-  9: 20.5s  total: 20.5s  (10/100)
[2026-04-28 03:22:53] ds_weather_v2 cases_013  steps  11- 19: 21.2s  total: 41.8s  (20/100)
[2026-04-28 03:23:14] ds_weather_v2 cases_013  steps  21- 29: 21.3s  total: 63.1s  (30/100)
[2026-04-28 03:23:34] ds_weather_v2 cases_013  steps  31- 39: 19.8s  total: 82.8s  (40/100)
[2026-04-28 03:23:53] ds_weather_v2 cases_013  steps  41- 49: 19.5s  total: 102.3s  (50/100)
[2026-04-28 03:24:14] ds_weather_v2 cases_013  steps  51- 59: 20.5s  total: 122.8s  (60/100)
[2026-04-28 03:24:33] ds_weather_v2 cases_013  steps  61- 69: 19.2s  total: 141.9s  (70/100)
[2026-04-28 03:24:55] ds_weather_v2 cases_013  steps  71- 79: 22.6s  total: 164.5s  (80/100)
[2026-04-28 03:25:15] ds_weather_v2 cases_013  steps  81- 89: 19.2s  total: 183.8s  (90/100)
[2026-04-28 03:25:35] ds_weather_v2 cases_013  steps  91- 99: 20.7s  total: 204.5s  (100/100)
[2026-04-28 03:25:36] DONE ds_weather_v2 cases_013  total: 204.5s  (2.04s/step)
[2026-04-28 03:25:36]   tokens: 118,870 in + 4,003 out (reasoning: 0)  cost: $0.0365
[2026-04-28 03:25:36] START ds_weather_v2 cases_014 (100 steps, two-turn)
[2026-04-28 03:25:54] ds_weather_v2 cases_014  steps   1-  9: 18.3s  total: 18.3s  (10/100)
[2026-04-28 03:26:12] ds_weather_v2 cases_014  steps  11- 19: 17.7s  total: 36.1s  (20/100)
[2026-04-28 03:26:30] ds_weather_v2 cases_014  steps  21- 29: 17.8s  total: 53.9s  (30/100)
[2026-04-28 03:26:48] ds_weather_v2 cases_014  steps  31- 39: 18.1s  total: 72.0s  (40/100)
[2026-04-28 03:27:05] ds_weather_v2 cases_014  steps  41- 49: 16.7s  total: 88.7s  (50/100)
[2026-04-28 03:27:25] ds_weather_v2 cases_014  steps  51- 59: 20.0s  total: 108.8s  (60/100)
[2026-04-28 03:27:42] ds_weather_v2 cases_014  steps  61- 69: 17.3s  total: 126.1s  (70/100)
[2026-04-28 03:28:00] ds_weather_v2 cases_014  steps  71- 79: 17.8s  total: 143.9s  (80/100)
[2026-04-28 03:28:21] ds_weather_v2 cases_014  steps  81- 89: 20.8s  total: 164.6s  (90/100)
[2026-04-28 03:28:40] ds_weather_v2 cases_014  steps  91- 99: 19.4s  total: 184.0s  (100/100)
[2026-04-28 03:28:40] DONE ds_weather_v2 cases_014  total: 184.0s  (1.84s/step)
[2026-04-28 03:28:40]   tokens: 114,624 in + 2,424 out (reasoning: 0)  cost: $0.0336
[2026-04-28 03:28:40] START ds_weather_v2 cases_015 (100 steps, two-turn)
[2026-04-28 03:29:00] ds_weather_v2 cases_015  steps   1-  9: 19.6s  total: 19.6s  (10/100)
[2026-04-28 03:29:19] ds_weather_v2 cases_015  steps  11- 19: 19.0s  total: 38.6s  (20/100)
[2026-04-28 03:29:38] ds_weather_v2 cases_015  steps  21- 29: 18.8s  total: 57.5s  (30/100)
[2026-04-28 03:29:57] ds_weather_v2 cases_015  steps  31- 39: 19.4s  total: 76.9s  (40/100)
[2026-04-28 03:30:17] ds_weather_v2 cases_015  steps  41- 49: 20.0s  total: 96.9s  (50/100)
[2026-04-28 03:30:37] ds_weather_v2 cases_015  steps  51- 59: 20.1s  total: 117.0s  (60/100)
[2026-04-28 03:30:59] ds_weather_v2 cases_015  steps  61- 69: 21.3s  total: 138.3s  (70/100)
[2026-04-28 03:31:19] ds_weather_v2 cases_015  steps  71- 79: 19.9s  total: 158.1s  (80/100)
[2026-04-28 03:31:40] ds_weather_v2 cases_015  steps  81- 89: 21.1s  total: 179.2s  (90/100)
[2026-04-28 03:32:03] ds_weather_v2 cases_015  steps  91- 99: 23.7s  total: 202.9s  (100/100)
[2026-04-28 03:32:04] DONE ds_weather_v2 cases_015  total: 202.9s  (2.03s/step)
[2026-04-28 03:32:04]   tokens: 117,152 in + 3,600 out (reasoning: 0)  cost: $0.0356
[2026-04-28 03:32:04] START ds_weather_v2 cases_016 (100 steps, two-turn)
[2026-04-28 03:32:23] ds_weather_v2 cases_016  steps   1-  9: 19.3s  total: 19.3s  (10/100)
[2026-04-28 03:33:15] ds_weather_v2 cases_016  steps  11- 19: 51.5s  total: 70.8s  (20/100)
[2026-04-28 03:33:38] ds_weather_v2 cases_016  steps  21- 29: 23.6s  total: 94.4s  (30/100)
[2026-04-28 03:33:56] ds_weather_v2 cases_016  steps  31- 39: 18.3s  total: 112.7s  (40/100)
[2026-04-28 03:34:16] ds_weather_v2 cases_016  steps  41- 49: 19.6s  total: 132.3s  (50/100)
[2026-04-28 03:34:37] ds_weather_v2 cases_016  steps  51- 59: 20.6s  total: 152.9s  (60/100)
[2026-04-28 03:34:58] ds_weather_v2 cases_016  steps  61- 69: 21.2s  total: 174.2s  (70/100)
[2026-04-28 03:35:18] ds_weather_v2 cases_016  steps  71- 79: 19.7s  total: 193.8s  (80/100)
[2026-04-28 03:35:37] ds_weather_v2 cases_016  steps  81- 89: 19.3s  total: 213.1s  (90/100)
[2026-04-28 03:35:56] ds_weather_v2 cases_016  steps  91- 99: 19.0s  total: 232.1s  (100/100)
[2026-04-28 03:35:56] DONE ds_weather_v2 cases_016  total: 232.1s  (2.32s/step)
[2026-04-28 03:35:56]   tokens: 117,152 in + 3,600 out (reasoning: 0)  cost: $0.0356
[2026-04-28 03:35:56] START ds_weather_v2 cases_017 (100 steps, two-turn)
[2026-04-28 03:36:18] ds_weather_v2 cases_017  steps   1-  9: 21.5s  total: 21.5s  (10/100)
[2026-04-28 03:36:40] ds_weather_v2 cases_017  steps  11- 19: 22.0s  total: 43.5s  (20/100)
[2026-04-28 03:37:00] ds_weather_v2 cases_017  steps  21- 29: 20.5s  total: 64.0s  (30/100)
[2026-04-28 03:37:21] ds_weather_v2 cases_017  steps  31- 39: 20.3s  total: 84.3s  (40/100)
[2026-04-28 03:37:42] ds_weather_v2 cases_017  steps  41- 49: 21.1s  total: 105.4s  (50/100)
[2026-04-28 03:38:02] ds_weather_v2 cases_017  steps  51- 59: 20.3s  total: 125.7s  (60/100)
[2026-04-28 03:38:23] ds_weather_v2 cases_017  steps  61- 69: 21.4s  total: 147.1s  (70/100)
[2026-04-28 03:38:45] ds_weather_v2 cases_017  steps  71- 79: 21.6s  total: 168.7s  (80/100)
[2026-04-28 03:39:07] ds_weather_v2 cases_017  steps  81- 89: 22.1s  total: 190.8s  (90/100)
[2026-04-28 03:39:30] ds_weather_v2 cases_017  steps  91- 99: 22.9s  total: 213.7s  (100/100)
[2026-04-28 03:39:31] DONE ds_weather_v2 cases_017  total: 213.7s  (2.14s/step)
[2026-04-28 03:39:31]   tokens: 120,966 in + 5,609 out (reasoning: 0)  cost: $0.0388
[2026-04-28 03:39:31] START ds_weather_v2 cases_018 (100 steps, two-turn)
[2026-04-28 03:39:52] ds_weather_v2 cases_018  steps   1-  9: 21.9s  total: 21.9s  (10/100)
[2026-04-28 03:40:15] ds_weather_v2 cases_018  steps  11- 19: 22.1s  total: 44.0s  (20/100)
[2026-04-28 03:40:36] ds_weather_v2 cases_018  steps  21- 29: 21.4s  total: 65.4s  (30/100)
[2026-04-28 03:40:56] ds_weather_v2 cases_018  steps  31- 39: 20.3s  total: 85.7s  (40/100)
[2026-04-28 03:41:15] ds_weather_v2 cases_018  steps  41- 49: 19.0s  total: 104.7s  (50/100)
[2026-04-28 03:41:34] ds_weather_v2 cases_018  steps  51- 59: 19.1s  total: 123.8s  (60/100)
[2026-04-28 03:41:54] ds_weather_v2 cases_018  steps  61- 69: 20.0s  total: 143.9s  (70/100)
[2026-04-28 03:42:14] ds_weather_v2 cases_018  steps  71- 79: 19.3s  total: 163.2s  (80/100)
[2026-04-28 03:42:34] ds_weather_v2 cases_018  steps  81- 89: 20.7s  total: 183.9s  (90/100)
[2026-04-28 03:42:54] ds_weather_v2 cases_018  steps  91- 99: 19.9s  total: 203.8s  (100/100)
[2026-04-28 03:42:55] DONE ds_weather_v2 cases_018  total: 203.8s  (2.04s/step)
[2026-04-28 03:42:55]   tokens: 117,152 in + 3,600 out (reasoning: 0)  cost: $0.0356
[2026-04-28 03:42:55] START ds_weather_v2 cases_019 (100 steps, two-turn)
[2026-04-28 03:43:14] ds_weather_v2 cases_019  steps   1-  9: 19.0s  total: 19.0s  (10/100)
[2026-04-28 03:43:33] ds_weather_v2 cases_019  steps  11- 19: 19.0s  total: 38.0s  (20/100)
[2026-04-28 03:43:53] ds_weather_v2 cases_019  steps  21- 29: 19.8s  total: 57.8s  (30/100)
[2026-04-28 03:44:12] ds_weather_v2 cases_019  steps  31- 39: 19.5s  total: 77.3s  (40/100)
[2026-04-28 03:44:31] ds_weather_v2 cases_019  steps  41- 49: 19.1s  total: 96.4s  (50/100)
[2026-04-28 03:44:50] ds_weather_v2 cases_019  steps  51- 59: 18.9s  total: 115.3s  (60/100)
[2026-04-28 03:45:09] ds_weather_v2 cases_019  steps  61- 69: 19.0s  total: 134.3s  (70/100)
[2026-04-28 03:45:29] ds_weather_v2 cases_019  steps  71- 79: 19.3s  total: 153.6s  (80/100)
[2026-04-28 03:45:48] ds_weather_v2 cases_019  steps  81- 89: 19.1s  total: 172.7s  (90/100)
[2026-04-28 03:46:07] ds_weather_v2 cases_019  steps  91- 99: 19.8s  total: 192.5s  (100/100)
[2026-04-28 03:46:08] DONE ds_weather_v2 cases_019  total: 192.5s  (1.92s/step)
[2026-04-28 03:46:08]   tokens: 117,152 in + 3,600 out (reasoning: 0)  cost: $0.0356
[2026-04-28 03:46:08] START ds_weather_no_hint_v2 cases_000 (100 steps, two-turn)
[2026-04-28 03:46:31] ds_weather_no_hint_v2 cases_000  steps   1-  9: 23.5s  total: 23.5s  (10/100)
[2026-04-28 03:46:54] ds_weather_no_hint_v2 cases_000  steps  11- 19: 22.8s  total: 46.3s  (20/100)
[2026-04-28 03:47:17] ds_weather_no_hint_v2 cases_000  steps  21- 29: 22.5s  total: 68.8s  (30/100)
[2026-04-28 03:47:36] ds_weather_no_hint_v2 cases_000  steps  31- 39: 19.6s  total: 88.4s  (40/100)
[2026-04-28 03:47:57] ds_weather_no_hint_v2 cases_000  steps  41- 49: 21.0s  total: 109.4s  (50/100)
[2026-04-28 03:48:21] ds_weather_no_hint_v2 cases_000  steps  51- 59: 23.8s  total: 133.2s  (60/100)
[2026-04-28 03:48:46] ds_weather_no_hint_v2 cases_000  steps  61- 69: 24.3s  total: 157.5s  (70/100)
[2026-04-28 03:49:09] ds_weather_no_hint_v2 cases_000  steps  71- 79: 23.9s  total: 181.4s  (80/100)
[2026-04-28 03:49:31] ds_weather_no_hint_v2 cases_000  steps  81- 89: 21.8s  total: 203.1s  (90/100)
[2026-04-28 03:49:50] ds_weather_no_hint_v2 cases_000  steps  91- 99: 19.1s  total: 222.3s  (100/100)
[2026-04-28 03:49:51] DONE ds_weather_no_hint_v2 cases_000  total: 222.3s  (2.22s/step)
[2026-04-28 03:49:51]   tokens: 113,700 in + 3,882 out (reasoning: 0)  cost: $0.0350
[2026-04-28 03:49:51] START ds_weather_no_hint_v2 cases_001 (100 steps, two-turn)
[2026-04-28 03:50:12] ds_weather_no_hint_v2 cases_001  steps   1-  9: 21.5s  total: 21.5s  (10/100)
[2026-04-28 03:50:35] ds_weather_no_hint_v2 cases_001  steps  11- 19: 23.1s  total: 44.6s  (20/100)
[2026-04-28 03:51:00] ds_weather_no_hint_v2 cases_001  steps  21- 29: 25.1s  total: 69.6s  (30/100)
[2026-04-28 03:51:25] ds_weather_no_hint_v2 cases_001  steps  31- 39: 24.6s  total: 94.3s  (40/100)
[2026-04-28 03:51:48] ds_weather_no_hint_v2 cases_001  steps  41- 49: 23.3s  total: 117.6s  (50/100)
[2026-04-28 03:52:12] ds_weather_no_hint_v2 cases_001  steps  51- 59: 23.9s  total: 141.5s  (60/100)
[2026-04-28 03:52:37] ds_weather_no_hint_v2 cases_001  steps  61- 69: 25.2s  total: 166.6s  (70/100)
[2026-04-28 03:53:04] ds_weather_no_hint_v2 cases_001  steps  71- 79: 26.2s  total: 192.8s  (80/100)
[2026-04-28 03:53:28] ds_weather_no_hint_v2 cases_001  steps  81- 89: 25.0s  total: 217.8s  (90/100)
[2026-04-28 03:53:53] ds_weather_no_hint_v2 cases_001  steps  91- 99: 24.8s  total: 242.5s  (100/100)
[2026-04-28 03:53:54] DONE ds_weather_no_hint_v2 cases_001  total: 242.6s  (2.43s/step)
[2026-04-28 03:53:54]   tokens: 113,920 in + 3,974 out (reasoning: 0)  cost: $0.0351
[2026-04-28 03:53:54] START ds_weather_no_hint_v2 cases_002 (100 steps, two-turn)
[2026-04-28 03:54:14] ds_weather_no_hint_v2 cases_002  steps   1-  9: 19.9s  total: 19.9s  (10/100)
[2026-04-28 03:54:34] ds_weather_no_hint_v2 cases_002  steps  11- 19: 19.9s  total: 39.7s  (20/100)
[2026-04-28 03:54:54] ds_weather_no_hint_v2 cases_002  steps  21- 29: 21.0s  total: 60.7s  (30/100)
[2026-04-28 03:55:14] ds_weather_no_hint_v2 cases_002  steps  31- 39: 19.3s  total: 80.0s  (40/100)
[2026-04-28 03:55:32] ds_weather_no_hint_v2 cases_002  steps  41- 49: 18.1s  total: 98.1s  (50/100)
[2026-04-28 03:55:52] ds_weather_no_hint_v2 cases_002  steps  51- 59: 19.6s  total: 117.8s  (60/100)
[2026-04-28 03:56:10] ds_weather_no_hint_v2 cases_002  steps  61- 69: 18.0s  total: 135.8s  (70/100)
[2026-04-28 03:56:27] ds_weather_no_hint_v2 cases_002  steps  71- 79: 17.4s  total: 153.2s  (80/100)
[2026-04-28 03:56:46] ds_weather_no_hint_v2 cases_002  steps  81- 89: 19.5s  total: 172.7s  (90/100)
[2026-04-28 03:57:04] ds_weather_no_hint_v2 cases_002  steps  91- 99: 17.7s  total: 190.4s  (100/100)
[2026-04-28 03:57:05] DONE ds_weather_no_hint_v2 cases_002  total: 190.4s  (1.90s/step)
[2026-04-28 03:57:05]   tokens: 110,784 in + 2,301 out (reasoning: 0)  cost: $0.0324
[2026-04-28 03:57:05] START ds_weather_no_hint_v2 cases_003 (100 steps, two-turn)
[2026-04-28 03:57:26] ds_weather_no_hint_v2 cases_003  steps   1-  9: 21.4s  total: 21.4s  (10/100)
[2026-04-28 03:57:45] ds_weather_no_hint_v2 cases_003  steps  11- 19: 19.2s  total: 40.6s  (20/100)
[2026-04-28 03:58:04] ds_weather_no_hint_v2 cases_003  steps  21- 29: 19.3s  total: 59.8s  (30/100)
[2026-04-28 03:58:25] ds_weather_no_hint_v2 cases_003  steps  31- 39: 20.8s  total: 80.6s  (40/100)
[2026-04-28 03:58:46] ds_weather_no_hint_v2 cases_003  steps  41- 49: 21.0s  total: 101.7s  (50/100)
[2026-04-28 03:59:10] ds_weather_no_hint_v2 cases_003  steps  51- 59: 23.5s  total: 125.2s  (60/100)
[2026-04-28 03:59:35] ds_weather_no_hint_v2 cases_003  steps  61- 69: 25.0s  total: 150.2s  (70/100)
[2026-04-28 03:59:59] ds_weather_no_hint_v2 cases_003  steps  71- 79: 24.0s  total: 174.2s  (80/100)
[2026-04-28 04:00:24] ds_weather_no_hint_v2 cases_003  steps  81- 89: 25.3s  total: 199.6s  (90/100)
[2026-04-28 04:00:47] ds_weather_no_hint_v2 cases_003  steps  91- 99: 23.1s  total: 222.7s  (100/100)
[2026-04-28 04:00:48] DONE ds_weather_no_hint_v2 cases_003  total: 222.7s  (2.23s/step)
[2026-04-28 04:00:48]   tokens: 116,802 in + 5,055 out (reasoning: 0)  cost: $0.0371
[2026-04-28 04:00:48] START ds_weather_no_hint_v2 cases_004 (100 steps, two-turn)
[2026-04-28 04:01:08] ds_weather_no_hint_v2 cases_004  steps   1-  9: 20.3s  total: 20.3s  (10/100)
[2026-04-28 04:01:27] ds_weather_no_hint_v2 cases_004  steps  11- 19: 18.5s  total: 38.9s  (20/100)
[2026-04-28 04:01:44] ds_weather_no_hint_v2 cases_004  steps  21- 29: 17.7s  total: 56.6s  (30/100)
[2026-04-28 04:02:03] ds_weather_no_hint_v2 cases_004  steps  31- 39: 18.9s  total: 75.4s  (40/100)
[2026-04-28 04:02:22] ds_weather_no_hint_v2 cases_004  steps  41- 49: 18.4s  total: 93.8s  (50/100)
[2026-04-28 04:02:40] ds_weather_no_hint_v2 cases_004  steps  51- 59: 18.2s  total: 112.1s  (60/100)
[2026-04-28 04:02:57] ds_weather_no_hint_v2 cases_004  steps  61- 69: 17.4s  total: 129.5s  (70/100)
[2026-04-28 04:03:15] ds_weather_no_hint_v2 cases_004  steps  71- 79: 17.6s  total: 147.0s  (80/100)
[2026-04-28 04:03:35] ds_weather_no_hint_v2 cases_004  steps  81- 89: 20.1s  total: 167.1s  (90/100)
[2026-04-28 04:03:54] ds_weather_no_hint_v2 cases_004  steps  91- 99: 18.6s  total: 185.8s  (100/100)
[2026-04-28 04:03:54] DONE ds_weather_no_hint_v2 cases_004  total: 185.8s  (1.86s/step)
[2026-04-28 04:03:54]   tokens: 110,932 in + 2,478 out (reasoning: 0)  cost: $0.0327
[2026-04-28 04:03:54] START ds_weather_no_hint_v2 cases_005 (100 steps, two-turn)
[2026-04-28 04:04:14] ds_weather_no_hint_v2 cases_005  steps   1-  9: 19.6s  total: 19.6s  (10/100)
[2026-04-28 04:04:34] ds_weather_no_hint_v2 cases_005  steps  11- 19: 20.8s  total: 40.4s  (20/100)
[2026-04-28 04:04:56] ds_weather_no_hint_v2 cases_005  steps  21- 29: 22.0s  total: 62.3s  (30/100)
[2026-04-28 04:05:19] ds_weather_no_hint_v2 cases_005  steps  31- 39: 22.4s  total: 84.8s  (40/100)
[2026-04-28 04:05:41] ds_weather_no_hint_v2 cases_005  steps  41- 49: 21.8s  total: 106.6s  (50/100)
[2026-04-28 04:06:00] ds_weather_no_hint_v2 cases_005  steps  51- 59: 19.4s  total: 126.0s  (60/100)
[2026-04-28 04:06:19] ds_weather_no_hint_v2 cases_005  steps  61- 69: 19.2s  total: 145.2s  (70/100)
[2026-04-28 04:06:37] ds_weather_no_hint_v2 cases_005  steps  71- 79: 17.3s  total: 162.5s  (80/100)
[2026-04-28 04:06:54] ds_weather_no_hint_v2 cases_005  steps  81- 89: 17.4s  total: 179.8s  (90/100)
[2026-04-28 04:07:14] ds_weather_no_hint_v2 cases_005  steps  91- 99: 19.7s  total: 199.5s  (100/100)
[2026-04-28 04:07:14] DONE ds_weather_no_hint_v2 cases_005  total: 199.5s  (2.00s/step)
[2026-04-28 04:07:14]   tokens: 112,178 in + 3,076 out (reasoning: 0)  cost: $0.0337
[2026-04-28 04:07:14] START ds_weather_no_hint_v2 cases_006 (100 steps, two-turn)
[2026-04-28 04:07:33] ds_weather_no_hint_v2 cases_006  steps   1-  9: 19.3s  total: 19.3s  (10/100)
[2026-04-28 04:07:54] ds_weather_no_hint_v2 cases_006  steps  11- 19: 21.0s  total: 40.3s  (20/100)
[2026-04-28 04:08:15] ds_weather_no_hint_v2 cases_006  steps  21- 29: 20.6s  total: 60.9s  (30/100)
[2026-04-28 04:08:36] ds_weather_no_hint_v2 cases_006  steps  31- 39: 21.3s  total: 82.2s  (40/100)
[2026-04-28 04:08:59] ds_weather_no_hint_v2 cases_006  steps  41- 49: 23.0s  total: 105.2s  (50/100)
[2026-04-28 04:09:23] ds_weather_no_hint_v2 cases_006  steps  51- 59: 23.3s  total: 128.5s  (60/100)
[2026-04-28 04:09:47] ds_weather_no_hint_v2 cases_006  steps  61- 69: 24.5s  total: 153.0s  (70/100)
[2026-04-28 04:10:10] ds_weather_no_hint_v2 cases_006  steps  71- 79: 22.8s  total: 175.8s  (80/100)
[2026-04-28 04:10:36] ds_weather_no_hint_v2 cases_006  steps  81- 89: 26.0s  total: 201.8s  (90/100)
[2026-04-28 04:10:59] ds_weather_no_hint_v2 cases_006  steps  91- 99: 23.6s  total: 225.4s  (100/100)
[2026-04-28 04:11:00] DONE ds_weather_no_hint_v2 cases_006  total: 225.4s  (2.25s/step)
[2026-04-28 04:11:00]   tokens: 116,524 in + 5,315 out (reasoning: 0)  cost: $0.0373
[2026-04-28 04:11:00] START ds_weather_no_hint_v2 cases_007 (100 steps, two-turn)
[2026-04-28 04:11:21] ds_weather_no_hint_v2 cases_007  steps   1-  9: 20.8s  total: 20.8s  (10/100)
[2026-04-28 04:11:40] ds_weather_no_hint_v2 cases_007  steps  11- 19: 18.8s  total: 39.6s  (20/100)
[2026-04-28 04:12:01] ds_weather_no_hint_v2 cases_007  steps  21- 29: 21.6s  total: 61.2s  (30/100)
[2026-04-28 04:12:21] ds_weather_no_hint_v2 cases_007  steps  31- 39: 19.6s  total: 80.8s  (40/100)
[2026-04-28 04:12:41] ds_weather_no_hint_v2 cases_007  steps  41- 49: 20.0s  total: 100.8s  (50/100)
[2026-04-28 04:13:00] ds_weather_no_hint_v2 cases_007  steps  51- 59: 18.9s  total: 119.7s  (60/100)
[2026-04-28 04:13:21] ds_weather_no_hint_v2 cases_007  steps  61- 69: 21.5s  total: 141.2s  (70/100)
[2026-04-28 04:13:45] ds_weather_no_hint_v2 cases_007  steps  71- 79: 24.4s  total: 165.6s  (80/100)
[2026-04-28 04:14:09] ds_weather_no_hint_v2 cases_007  steps  81- 89: 23.2s  total: 188.8s  (90/100)
[2026-04-28 04:14:33] ds_weather_no_hint_v2 cases_007  steps  91- 99: 24.0s  total: 212.8s  (100/100)
[2026-04-28 04:14:33] DONE ds_weather_no_hint_v2 cases_007  total: 212.8s  (2.13s/step)
[2026-04-28 04:14:33]   tokens: 115,264 in + 4,312 out (reasoning: 0)  cost: $0.0359
[2026-04-28 04:14:33] START ds_weather_no_hint_v2 cases_008 (100 steps, two-turn)
[2026-04-28 04:14:55] ds_weather_no_hint_v2 cases_008  steps   1-  9: 22.2s  total: 22.2s  (10/100)
[2026-04-28 04:15:16] ds_weather_no_hint_v2 cases_008  steps  11- 19: 20.7s  total: 42.8s  (20/100)
[2026-04-28 04:15:38] ds_weather_no_hint_v2 cases_008  steps  21- 29: 22.1s  total: 64.9s  (30/100)
[2026-04-28 04:16:00] ds_weather_no_hint_v2 cases_008  steps  31- 39: 22.1s  total: 87.0s  (40/100)
[2026-04-28 04:16:25] ds_weather_no_hint_v2 cases_008  steps  41- 49: 24.3s  total: 111.3s  (50/100)
[2026-04-28 04:16:46] ds_weather_no_hint_v2 cases_008  steps  51- 59: 21.7s  total: 133.0s  (60/100)
[2026-04-28 04:17:10] ds_weather_no_hint_v2 cases_008  steps  61- 69: 23.7s  total: 156.7s  (70/100)
[2026-04-28 04:17:37] ds_weather_no_hint_v2 cases_008  steps  71- 79: 27.3s  total: 184.0s  (80/100)
[2026-04-28 04:18:02] ds_weather_no_hint_v2 cases_008  steps  81- 89: 24.3s  total: 208.4s  (90/100)
[2026-04-28 04:18:25] ds_weather_no_hint_v2 cases_008  steps  91- 99: 23.0s  total: 231.3s  (100/100)
[2026-04-28 04:18:25] DONE ds_weather_no_hint_v2 cases_008  total: 231.3s  (2.31s/step)
[2026-04-28 04:18:25]   tokens: 113,936 in + 3,900 out (reasoning: 0)  cost: $0.0351
[2026-04-28 04:18:25] START ds_weather_no_hint_v2 cases_009 (100 steps, two-turn)
[2026-04-28 04:18:53] ds_weather_no_hint_v2 cases_009  steps   1-  9: 27.9s  total: 27.9s  (10/100)
[2026-04-28 04:19:22] ds_weather_no_hint_v2 cases_009  steps  11- 19: 28.7s  total: 56.6s  (20/100)
[2026-04-28 04:19:48] ds_weather_no_hint_v2 cases_009  steps  21- 29: 26.5s  total: 83.2s  (30/100)
[2026-04-28 04:20:12] ds_weather_no_hint_v2 cases_009  steps  31- 39: 24.1s  total: 107.3s  (40/100)
[2026-04-28 04:20:37] ds_weather_no_hint_v2 cases_009  steps  41- 49: 24.7s  total: 132.0s  (50/100)
[2026-04-28 04:21:06] ds_weather_no_hint_v2 cases_009  steps  51- 59: 29.3s  total: 161.3s  (60/100)
[2026-04-28 04:21:30] ds_weather_no_hint_v2 cases_009  steps  61- 69: 24.0s  total: 185.3s  (70/100)
[2026-04-28 04:21:56] ds_weather_no_hint_v2 cases_009  steps  71- 79: 25.6s  total: 210.9s  (80/100)
[2026-04-28 04:22:21] ds_weather_no_hint_v2 cases_009  steps  81- 89: 24.7s  total: 235.6s  (90/100)
[2026-04-28 04:22:45] ds_weather_no_hint_v2 cases_009  steps  91- 99: 24.3s  total: 259.9s  (100/100)
[2026-04-28 04:22:45] DONE ds_weather_no_hint_v2 cases_009  total: 259.9s  (2.60s/step)
[2026-04-28 04:22:45]   tokens: 114,618 in + 4,249 out (reasoning: 0)  cost: $0.0356
[2026-04-28 04:22:45] START ds_weather_no_hint_v2 cases_010 (100 steps, two-turn)
[2026-04-28 04:23:07] ds_weather_no_hint_v2 cases_010  steps   1-  9: 21.5s  total: 21.5s  (10/100)
[2026-04-28 04:23:28] ds_weather_no_hint_v2 cases_010  steps  11- 19: 21.1s  total: 42.5s  (20/100)
[2026-04-28 04:23:51] ds_weather_no_hint_v2 cases_010  steps  21- 29: 22.9s  total: 65.4s  (30/100)
[2026-04-28 04:24:14] ds_weather_no_hint_v2 cases_010  steps  31- 39: 23.1s  total: 88.5s  (40/100)
[2026-04-28 04:24:36] ds_weather_no_hint_v2 cases_010  steps  41- 49: 21.7s  total: 110.2s  (50/100)
[2026-04-28 04:24:57] ds_weather_no_hint_v2 cases_010  steps  51- 59: 21.6s  total: 131.8s  (60/100)
[2026-04-28 04:25:18] ds_weather_no_hint_v2 cases_010  steps  61- 69: 20.9s  total: 152.7s  (70/100)
[2026-04-28 04:25:40] ds_weather_no_hint_v2 cases_010  steps  71- 79: 21.8s  total: 174.5s  (80/100)
[2026-04-28 04:26:04] ds_weather_no_hint_v2 cases_010  steps  81- 89: 23.6s  total: 198.1s  (90/100)
[2026-04-28 04:26:25] ds_weather_no_hint_v2 cases_010  steps  91- 99: 21.1s  total: 219.2s  (100/100)
[2026-04-28 04:26:25] DONE ds_weather_no_hint_v2 cases_010  total: 219.2s  (2.19s/step)
[2026-04-28 04:26:25]   tokens: 113,984 in + 3,941 out (reasoning: 0)  cost: $0.0351
[2026-04-28 04:26:25] START ds_weather_no_hint_v2 cases_011 (100 steps, two-turn)
[2026-04-28 04:26:44] ds_weather_no_hint_v2 cases_011  steps   1-  9: 18.9s  total: 18.9s  (10/100)
[2026-04-28 04:27:02] ds_weather_no_hint_v2 cases_011  steps  11- 19: 17.7s  total: 36.6s  (20/100)
[2026-04-28 04:27:23] ds_weather_no_hint_v2 cases_011  steps  21- 29: 21.0s  total: 57.6s  (30/100)
[2026-04-28 04:27:46] ds_weather_no_hint_v2 cases_011  steps  31- 39: 22.8s  total: 80.4s  (40/100)
[2026-04-28 04:28:09] ds_weather_no_hint_v2 cases_011  steps  41- 49: 23.7s  total: 104.1s  (50/100)
[2026-04-28 04:28:34] ds_weather_no_hint_v2 cases_011  steps  51- 59: 24.9s  total: 129.1s  (60/100)
[2026-04-28 04:28:59] ds_weather_no_hint_v2 cases_011  steps  61- 69: 25.0s  total: 154.1s  (70/100)
[2026-04-28 04:29:22] ds_weather_no_hint_v2 cases_011  steps  71- 79: 23.0s  total: 177.1s  (80/100)
[2026-04-28 04:29:46] ds_weather_no_hint_v2 cases_011  steps  81- 89: 23.7s  total: 200.8s  (90/100)
[2026-04-28 04:30:07] ds_weather_no_hint_v2 cases_011  steps  91- 99: 21.2s  total: 222.0s  (100/100)
[2026-04-28 04:30:08] DONE ds_weather_no_hint_v2 cases_011  total: 222.0s  (2.22s/step)
[2026-04-28 04:30:08]   tokens: 113,656 in + 3,781 out (reasoning: 0)  cost: $0.0348
[2026-04-28 04:30:08] START ds_weather_no_hint_v2 cases_012 (100 steps, two-turn)
[2026-04-28 04:30:26] ds_weather_no_hint_v2 cases_012  steps   1-  9: 18.6s  total: 18.6s  (10/100)
[2026-04-28 04:30:45] ds_weather_no_hint_v2 cases_012  steps  11- 19: 18.5s  total: 37.1s  (20/100)
[2026-04-28 04:31:05] ds_weather_no_hint_v2 cases_012  steps  21- 29: 19.9s  total: 57.0s  (30/100)
[2026-04-28 04:31:25] ds_weather_no_hint_v2 cases_012  steps  31- 39: 20.5s  total: 77.5s  (40/100)
[2026-04-28 04:31:46] ds_weather_no_hint_v2 cases_012  steps  41- 49: 20.5s  total: 97.9s  (50/100)
[2026-04-28 04:32:07] ds_weather_no_hint_v2 cases_012  steps  51- 59: 21.9s  total: 119.8s  (60/100)
[2026-04-28 04:32:30] ds_weather_no_hint_v2 cases_012  steps  61- 69: 22.3s  total: 142.1s  (70/100)
[2026-04-28 04:32:52] ds_weather_no_hint_v2 cases_012  steps  71- 79: 21.8s  total: 163.9s  (80/100)
[2026-04-28 04:33:13] ds_weather_no_hint_v2 cases_012  steps  81- 89: 21.5s  total: 185.5s  (90/100)
[2026-04-28 04:33:35] ds_weather_no_hint_v2 cases_012  steps  91- 99: 21.5s  total: 206.9s  (100/100)
[2026-04-28 04:33:35] DONE ds_weather_no_hint_v2 cases_012  total: 206.9s  (2.07s/step)
[2026-04-28 04:33:35]   tokens: 114,008 in + 3,949 out (reasoning: 0)  cost: $0.0351
[2026-04-28 04:33:35] START ds_weather_no_hint_v2 cases_013 (100 steps, two-turn)
[2026-04-28 04:33:55] ds_weather_no_hint_v2 cases_013  steps   1-  9: 19.8s  total: 19.8s  (10/100)
[2026-04-28 04:34:19] ds_weather_no_hint_v2 cases_013  steps  11- 19: 24.0s  total: 43.8s  (20/100)
[2026-04-28 04:34:43] ds_weather_no_hint_v2 cases_013  steps  21- 29: 24.3s  total: 68.1s  (30/100)
[2026-04-28 04:35:06] ds_weather_no_hint_v2 cases_013  steps  31- 39: 22.9s  total: 91.0s  (40/100)
[2026-04-28 04:35:32] ds_weather_no_hint_v2 cases_013  steps  41- 49: 25.5s  total: 116.5s  (50/100)
[2026-04-28 04:35:58] ds_weather_no_hint_v2 cases_013  steps  51- 59: 26.1s  total: 142.6s  (60/100)
[2026-04-28 04:36:21] ds_weather_no_hint_v2 cases_013  steps  61- 69: 23.7s  total: 166.2s  (70/100)
[2026-04-28 04:36:43] ds_weather_no_hint_v2 cases_013  steps  71- 79: 21.6s  total: 187.8s  (80/100)
[2026-04-28 04:37:08] ds_weather_no_hint_v2 cases_013  steps  81- 89: 24.9s  total: 212.7s  (90/100)
[2026-04-28 04:37:34] ds_weather_no_hint_v2 cases_013  steps  91- 99: 26.0s  total: 238.7s  (100/100)
[2026-04-28 04:37:34] DONE ds_weather_no_hint_v2 cases_013  total: 238.7s  (2.39s/step)
[2026-04-28 04:37:34]   tokens: 116,504 in + 5,258 out (reasoning: 0)  cost: $0.0372
[2026-04-28 04:37:34] START ds_weather_no_hint_v2 cases_014 (100 steps, two-turn)
[2026-04-28 04:37:55] ds_weather_no_hint_v2 cases_014  steps   1-  9: 21.2s  total: 21.2s  (10/100)
[2026-04-28 04:38:15] ds_weather_no_hint_v2 cases_014  steps  11- 19: 20.0s  total: 41.2s  (20/100)
[2026-04-28 04:38:38] ds_weather_no_hint_v2 cases_014  steps  21- 29: 22.5s  total: 63.7s  (30/100)
[2026-04-28 04:39:00] ds_weather_no_hint_v2 cases_014  steps  31- 39: 22.3s  total: 86.0s  (40/100)
[2026-04-28 04:39:23] ds_weather_no_hint_v2 cases_014  steps  41- 49: 23.2s  total: 109.1s  (50/100)
[2026-04-28 04:39:47] ds_weather_no_hint_v2 cases_014  steps  51- 59: 23.6s  total: 132.7s  (60/100)
[2026-04-28 04:40:10] ds_weather_no_hint_v2 cases_014  steps  61- 69: 23.2s  total: 155.9s  (70/100)
[2026-04-28 04:40:33] ds_weather_no_hint_v2 cases_014  steps  71- 79: 23.0s  total: 178.9s  (80/100)
[2026-04-28 04:40:56] ds_weather_no_hint_v2 cases_014  steps  81- 89: 22.4s  total: 201.3s  (90/100)
[2026-04-28 04:41:19] ds_weather_no_hint_v2 cases_014  steps  91- 99: 23.9s  total: 225.2s  (100/100)
[2026-04-28 04:41:20] DONE ds_weather_no_hint_v2 cases_014  total: 225.2s  (2.25s/step)
[2026-04-28 04:41:20]   tokens: 113,328 in + 3,614 out (reasoning: 0)  cost: $0.0346
[2026-04-28 04:41:20] START ds_weather_no_hint_v2 cases_015 (100 steps, two-turn)
[2026-04-28 04:41:40] ds_weather_no_hint_v2 cases_015  steps   1-  9: 19.9s  total: 19.9s  (10/100)
[2026-04-28 04:42:00] ds_weather_no_hint_v2 cases_015  steps  11- 19: 20.2s  total: 40.0s  (20/100)
[2026-04-28 04:42:20] ds_weather_no_hint_v2 cases_015  steps  21- 29: 19.6s  total: 59.6s  (30/100)
[2026-04-28 04:42:41] ds_weather_no_hint_v2 cases_015  steps  31- 39: 21.8s  total: 81.4s  (40/100)
[2026-04-28 04:43:07] ds_weather_no_hint_v2 cases_015  steps  41- 49: 25.4s  total: 106.9s  (50/100)
[2026-04-28 04:43:42] ds_weather_no_hint_v2 cases_015  steps  51- 59: 34.8s  total: 141.7s  (60/100)
[2026-04-28 04:44:06] ds_weather_no_hint_v2 cases_015  steps  61- 69: 24.9s  total: 166.6s  (70/100)
[2026-04-28 04:44:30] ds_weather_no_hint_v2 cases_015  steps  71- 79: 24.0s  total: 190.6s  (80/100)
[2026-04-28 04:44:54] ds_weather_no_hint_v2 cases_015  steps  81- 89: 23.6s  total: 214.2s  (90/100)
[2026-04-28 04:45:17] ds_weather_no_hint_v2 cases_015  steps  91- 99: 23.2s  total: 237.5s  (100/100)
[2026-04-28 04:45:18] DONE ds_weather_no_hint_v2 cases_015  total: 237.5s  (2.37s/step)
[2026-04-28 04:45:18]   tokens: 118,370 in + 5,141 out (reasoning: 0)  cost: $0.0376
[2026-04-28 04:45:18] START ds_weather_no_hint_v2 cases_016 (100 steps, two-turn)
[2026-04-28 04:45:41] ds_weather_no_hint_v2 cases_016  steps   1-  9: 23.0s  total: 23.0s  (10/100)
[2026-04-28 04:46:04] ds_weather_no_hint_v2 cases_016  steps  11- 19: 23.0s  total: 46.0s  (20/100)
[2026-04-28 04:46:30] ds_weather_no_hint_v2 cases_016  steps  21- 29: 26.4s  total: 72.4s  (30/100)
[2026-04-28 04:46:58] ds_weather_no_hint_v2 cases_016  steps  31- 39: 27.9s  total: 100.3s  (40/100)
[2026-04-28 04:47:22] ds_weather_no_hint_v2 cases_016  steps  41- 49: 24.2s  total: 124.5s  (50/100)
[2026-04-28 04:47:46] ds_weather_no_hint_v2 cases_016  steps  51- 59: 23.8s  total: 148.3s  (60/100)
[2026-04-28 04:48:14] ds_weather_no_hint_v2 cases_016  steps  61- 69: 27.4s  total: 175.7s  (70/100)
[2026-04-28 04:48:42] ds_weather_no_hint_v2 cases_016  steps  71- 79: 28.4s  total: 204.1s  (80/100)
[2026-04-28 04:49:07] ds_weather_no_hint_v2 cases_016  steps  81- 89: 24.8s  total: 228.9s  (90/100)
[2026-04-28 04:49:31] ds_weather_no_hint_v2 cases_016  steps  91- 99: 24.3s  total: 253.2s  (100/100)
[2026-04-28 04:49:31] DONE ds_weather_no_hint_v2 cases_016  total: 253.2s  (2.53s/step)
[2026-04-28 04:49:31]   tokens: 114,204 in + 4,132 out (reasoning: 0)  cost: $0.0354
[2026-04-28 04:49:32] START ds_weather_no_hint_v2 cases_017 (100 steps, two-turn)
[2026-04-28 04:49:52] ds_weather_no_hint_v2 cases_017  steps   1-  9: 20.4s  total: 20.4s  (10/100)
[2026-04-28 04:50:13] ds_weather_no_hint_v2 cases_017  steps  11- 19: 21.3s  total: 41.8s  (20/100)
[2026-04-28 04:50:33] ds_weather_no_hint_v2 cases_017  steps  21- 29: 20.2s  total: 62.0s  (30/100)
[2026-04-28 04:50:54] ds_weather_no_hint_v2 cases_017  steps  31- 39: 20.6s  total: 82.5s  (40/100)
[2026-04-28 04:51:15] ds_weather_no_hint_v2 cases_017  steps  41- 49: 20.9s  total: 103.5s  (50/100)
[2026-04-28 04:51:36] ds_weather_no_hint_v2 cases_017  steps  51- 59: 21.1s  total: 124.6s  (60/100)
[2026-04-28 04:51:55] ds_weather_no_hint_v2 cases_017  steps  61- 69: 19.2s  total: 143.8s  (70/100)
[2026-04-28 04:52:17] ds_weather_no_hint_v2 cases_017  steps  71- 79: 21.5s  total: 165.3s  (80/100)
[2026-04-28 04:52:40] ds_weather_no_hint_v2 cases_017  steps  81- 89: 22.9s  total: 188.2s  (90/100)
[2026-04-28 04:53:06] ds_weather_no_hint_v2 cases_017  steps  91- 99: 25.9s  total: 214.1s  (100/100)
[2026-04-28 04:53:06] DONE ds_weather_no_hint_v2 cases_017  total: 214.1s  (2.14s/step)
[2026-04-28 04:53:06]   tokens: 115,442 in + 4,179 out (reasoning: 0)  cost: $0.0358
[2026-04-28 04:53:06] START ds_weather_no_hint_v2 cases_018 (100 steps, two-turn)
[2026-04-28 04:53:30] ds_weather_no_hint_v2 cases_018  steps   1-  9: 24.1s  total: 24.1s  (10/100)
[2026-04-28 04:53:54] ds_weather_no_hint_v2 cases_018  steps  11- 19: 23.5s  total: 47.6s  (20/100)
[2026-04-28 04:54:17] ds_weather_no_hint_v2 cases_018  steps  21- 29: 23.7s  total: 71.4s  (30/100)
[2026-04-28 04:54:39] ds_weather_no_hint_v2 cases_018  steps  31- 39: 21.5s  total: 92.8s  (40/100)
[2026-04-28 04:55:02] ds_weather_no_hint_v2 cases_018  steps  41- 49: 22.9s  total: 115.8s  (50/100)
[2026-04-28 04:55:25] ds_weather_no_hint_v2 cases_018  steps  51- 59: 23.3s  total: 139.1s  (60/100)
[2026-04-28 04:55:49] ds_weather_no_hint_v2 cases_018  steps  61- 69: 23.6s  total: 162.7s  (70/100)
[2026-04-28 04:56:12] ds_weather_no_hint_v2 cases_018  steps  71- 79: 23.4s  total: 186.1s  (80/100)
[2026-04-28 04:56:37] ds_weather_no_hint_v2 cases_018  steps  81- 89: 24.4s  total: 210.6s  (90/100)
[2026-04-28 04:57:00] ds_weather_no_hint_v2 cases_018  steps  91- 99: 23.6s  total: 234.2s  (100/100)
[2026-04-28 04:57:01] DONE ds_weather_no_hint_v2 cases_018  total: 234.2s  (2.34s/step)
[2026-04-28 04:57:01]   tokens: 113,352 in + 3,608 out (reasoning: 0)  cost: $0.0346
[2026-04-28 04:57:01] START ds_weather_no_hint_v2 cases_019 (100 steps, two-turn)
[2026-04-28 04:57:21] ds_weather_no_hint_v2 cases_019  steps   1-  9: 20.2s  total: 20.2s  (10/100)
[2026-04-28 04:57:43] ds_weather_no_hint_v2 cases_019  steps  11- 19: 21.4s  total: 41.6s  (20/100)
[2026-04-28 04:58:06] ds_weather_no_hint_v2 cases_019  steps  21- 29: 23.1s  total: 64.7s  (30/100)
[2026-04-28 04:58:30] ds_weather_no_hint_v2 cases_019  steps  31- 39: 24.1s  total: 88.8s  (40/100)
[2026-04-28 04:58:56] ds_weather_no_hint_v2 cases_019  steps  41- 49: 25.9s  total: 114.6s  (50/100)
[2026-04-28 04:59:21] ds_weather_no_hint_v2 cases_019  steps  51- 59: 25.6s  total: 140.2s  (60/100)
[2026-04-28 04:59:44] ds_weather_no_hint_v2 cases_019  steps  61- 69: 22.9s  total: 163.2s  (70/100)
[2026-04-28 05:00:09] ds_weather_no_hint_v2 cases_019  steps  71- 79: 25.2s  total: 188.4s  (80/100)
[2026-04-28 05:00:33] ds_weather_no_hint_v2 cases_019  steps  81- 89: 23.9s  total: 212.3s  (90/100)
[2026-04-28 05:00:58] ds_weather_no_hint_v2 cases_019  steps  91- 99: 25.3s  total: 237.6s  (100/100)
[2026-04-28 05:00:59] DONE ds_weather_no_hint_v2 cases_019  total: 237.6s  (2.38s/step)
[2026-04-28 05:00:59]   tokens: 113,952 in + 3,904 out (reasoning: 0)  cost: $0.0351
[2026-04-28 05:00:59] START ds_weather_nonote_v2 cases_000 (100 steps, nonote)
[2026-04-28 05:01:09] ds_weather_nonote_v2 cases_000  steps   1-  9: 9.5s  total: 9.5s  (10/100)
[2026-04-28 05:01:18] ds_weather_nonote_v2 cases_000  steps  11- 19: 9.1s  total: 18.6s  (20/100)
[2026-04-28 05:01:27] ds_weather_nonote_v2 cases_000  steps  21- 29: 9.1s  total: 27.7s  (30/100)
[2026-04-28 05:01:36] ds_weather_nonote_v2 cases_000  steps  31- 39: 9.4s  total: 37.1s  (40/100)
[2026-04-28 05:01:47] ds_weather_nonote_v2 cases_000  steps  41- 49: 10.4s  total: 47.6s  (50/100)
[2026-04-28 05:01:57] ds_weather_nonote_v2 cases_000  steps  51- 59: 10.2s  total: 57.7s  (60/100)
[2026-04-28 05:02:07] ds_weather_nonote_v2 cases_000  steps  61- 69: 10.4s  total: 68.1s  (70/100)
[2026-04-28 05:02:17] ds_weather_nonote_v2 cases_000  steps  71- 79: 10.1s  total: 78.2s  (80/100)
[2026-04-28 05:02:28] ds_weather_nonote_v2 cases_000  steps  81- 89: 10.9s  total: 89.1s  (90/100)
[2026-04-28 05:02:38] ds_weather_nonote_v2 cases_000  steps  91- 99: 10.2s  total: 99.3s  (100/100)
[2026-04-28 05:02:39] DONE ds_weather_nonote_v2 cases_000  total: 99.3s  (0.99s/step)
[2026-04-28 05:02:39]   tokens: 381,450 in + 800 out (reasoning: 0)  cost: $0.1039
[2026-04-28 05:02:39] START ds_weather_nonote_v2 cases_001 (100 steps, nonote)
[2026-04-28 05:02:48] ds_weather_nonote_v2 cases_001  steps   1-  9: 8.7s  total: 8.7s  (10/100)
[2026-04-28 05:02:56] ds_weather_nonote_v2 cases_001  steps  11- 19: 8.8s  total: 17.5s  (20/100)
[2026-04-28 05:03:06] ds_weather_nonote_v2 cases_001  steps  21- 29: 9.4s  total: 26.9s  (30/100)
[2026-04-28 05:03:15] ds_weather_nonote_v2 cases_001  steps  31- 39: 9.3s  total: 36.2s  (40/100)
[2026-04-28 05:03:25] ds_weather_nonote_v2 cases_001  steps  41- 49: 9.6s  total: 45.8s  (50/100)
[2026-04-28 05:03:34] ds_weather_nonote_v2 cases_001  steps  51- 59: 9.7s  total: 55.4s  (60/100)
[2026-04-28 05:03:46] ds_weather_nonote_v2 cases_001  steps  61- 69: 12.0s  total: 67.4s  (70/100)
[2026-04-28 05:03:56] ds_weather_nonote_v2 cases_001  steps  71- 79: 9.8s  total: 77.2s  (80/100)
[2026-04-28 05:04:06] ds_weather_nonote_v2 cases_001  steps  81- 89: 10.0s  total: 87.2s  (90/100)
[2026-04-28 05:04:18] ds_weather_nonote_v2 cases_001  steps  91- 99: 11.8s  total: 99.0s  (100/100)
[2026-04-28 05:04:18] DONE ds_weather_nonote_v2 cases_001  total: 99.0s  (0.99s/step)
[2026-04-28 05:04:18]   tokens: 381,450 in + 800 out (reasoning: 0)  cost: $0.1039
[2026-04-28 05:04:18] START ds_weather_nonote_v2 cases_002 (100 steps, nonote)
[2026-04-28 05:04:27] ds_weather_nonote_v2 cases_002  steps   1-  9: 8.6s  total: 8.6s  (10/100)
[2026-04-28 05:04:36] ds_weather_nonote_v2 cases_002  steps  11- 19: 9.1s  total: 17.7s  (20/100)
[2026-04-28 05:04:45] ds_weather_nonote_v2 cases_002  steps  21- 29: 8.5s  total: 26.2s  (30/100)
[2026-04-28 05:04:53] ds_weather_nonote_v2 cases_002  steps  31- 39: 8.8s  total: 35.0s  (40/100)
[2026-04-28 05:05:03] ds_weather_nonote_v2 cases_002  steps  41- 49: 9.8s  total: 44.8s  (50/100)
[2026-04-28 05:05:13] ds_weather_nonote_v2 cases_002  steps  51- 59: 9.9s  total: 54.7s  (60/100)
[2026-04-28 05:05:23] ds_weather_nonote_v2 cases_002  steps  61- 69: 9.9s  total: 64.6s  (70/100)
[2026-04-28 05:05:33] ds_weather_nonote_v2 cases_002  steps  71- 79: 9.9s  total: 74.5s  (80/100)
[2026-04-28 05:05:43] ds_weather_nonote_v2 cases_002  steps  81- 89: 10.6s  total: 85.1s  (90/100)
[2026-04-28 05:05:53] ds_weather_nonote_v2 cases_002  steps  91- 99: 9.8s  total: 95.0s  (100/100)
[2026-04-28 05:05:54] DONE ds_weather_nonote_v2 cases_002  total: 95.0s  (0.95s/step)
[2026-04-28 05:05:54]   tokens: 381,450 in + 800 out (reasoning: 0)  cost: $0.1039
[2026-04-28 05:05:54] START ds_weather_nonote_v2 cases_003 (100 steps, nonote)
[2026-04-28 05:06:02] ds_weather_nonote_v2 cases_003  steps   1-  9: 8.7s  total: 8.7s  (10/100)
[2026-04-28 05:06:11] ds_weather_nonote_v2 cases_003  steps  11- 19: 8.7s  total: 17.4s  (20/100)
[2026-04-28 05:06:20] ds_weather_nonote_v2 cases_003  steps  21- 29: 9.1s  total: 26.5s  (30/100)
[2026-04-28 05:06:30] ds_weather_nonote_v2 cases_003  steps  31- 39: 9.5s  total: 36.0s  (40/100)
[2026-04-28 05:06:40] ds_weather_nonote_v2 cases_003  steps  41- 49: 10.4s  total: 46.5s  (50/100)
[2026-04-28 05:06:50] ds_weather_nonote_v2 cases_003  steps  51- 59: 10.0s  total: 56.5s  (60/100)
[2026-04-28 05:07:01] ds_weather_nonote_v2 cases_003  steps  61- 69: 10.4s  total: 66.9s  (70/100)
[2026-04-28 05:07:11] ds_weather_nonote_v2 cases_003  steps  71- 79: 10.3s  total: 77.2s  (80/100)
[2026-04-28 05:07:21] ds_weather_nonote_v2 cases_003  steps  81- 89: 10.2s  total: 87.4s  (90/100)
[2026-04-28 05:07:32] ds_weather_nonote_v2 cases_003  steps  91- 99: 10.8s  total: 98.2s  (100/100)
[2026-04-28 05:07:32] DONE ds_weather_nonote_v2 cases_003  total: 98.2s  (0.98s/step)
[2026-04-28 05:07:32]   tokens: 381,450 in + 800 out (reasoning: 0)  cost: $0.1039
[2026-04-28 05:07:32] START ds_weather_nonote_v2 cases_004 (100 steps, nonote)
[2026-04-28 05:07:42] ds_weather_nonote_v2 cases_004  steps   1-  9: 9.5s  total: 9.5s  (10/100)
[2026-04-28 05:07:51] ds_weather_nonote_v2 cases_004  steps  11- 19: 9.0s  total: 18.5s  (20/100)
[2026-04-28 05:07:59] ds_weather_nonote_v2 cases_004  steps  21- 29: 8.2s  total: 26.7s  (30/100)
[2026-04-28 05:08:08] ds_weather_nonote_v2 cases_004  steps  31- 39: 8.9s  total: 35.6s  (40/100)
[2026-04-28 05:08:18] ds_weather_nonote_v2 cases_004  steps  41- 49: 9.7s  total: 45.4s  (50/100)
[2026-04-28 05:08:27] ds_weather_nonote_v2 cases_004  steps  51- 59: 9.6s  total: 55.0s  (60/100)
[2026-04-28 05:08:37] ds_weather_nonote_v2 cases_004  steps  61- 69: 10.0s  total: 65.0s  (70/100)
[2026-04-28 05:08:48] ds_weather_nonote_v2 cases_004  steps  71- 79: 10.3s  total: 75.3s  (80/100)
[2026-04-28 05:08:58] ds_weather_nonote_v2 cases_004  steps  81- 89: 10.3s  total: 85.6s  (90/100)
[2026-04-28 05:09:08] ds_weather_nonote_v2 cases_004  steps  91- 99: 10.2s  total: 95.8s  (100/100)
[2026-04-28 05:09:09] DONE ds_weather_nonote_v2 cases_004  total: 95.8s  (0.96s/step)
[2026-04-28 05:09:09]   tokens: 381,450 in + 800 out (reasoning: 0)  cost: $0.1039
[2026-04-28 05:09:09] START ds_weather_nonote_v2 cases_005 (100 steps, nonote)
[2026-04-28 05:09:17] ds_weather_nonote_v2 cases_005  steps   1-  9: 8.3s  total: 8.3s  (10/100)
[2026-04-28 05:09:26] ds_weather_nonote_v2 cases_005  steps  11- 19: 8.9s  total: 17.2s  (20/100)
[2026-04-28 05:09:35] ds_weather_nonote_v2 cases_005  steps  21- 29: 8.9s  total: 26.1s  (30/100)
[2026-04-28 05:09:44] ds_weather_nonote_v2 cases_005  steps  31- 39: 9.0s  total: 35.2s  (40/100)
[2026-04-28 05:09:54] ds_weather_nonote_v2 cases_005  steps  41- 49: 10.0s  total: 45.2s  (50/100)
[2026-04-28 05:10:04] ds_weather_nonote_v2 cases_005  steps  51- 59: 9.7s  total: 54.9s  (60/100)
[2026-04-28 05:10:15] ds_weather_nonote_v2 cases_005  steps  61- 69: 10.8s  total: 65.7s  (70/100)
[2026-04-28 05:10:25] ds_weather_nonote_v2 cases_005  steps  71- 79: 10.1s  total: 75.8s  (80/100)
[2026-04-28 05:10:35] ds_weather_nonote_v2 cases_005  steps  81- 89: 10.0s  total: 85.8s  (90/100)
[2026-04-28 05:10:44] ds_weather_nonote_v2 cases_005  steps  91- 99: 9.7s  total: 95.6s  (100/100)
[2026-04-28 05:10:45] DONE ds_weather_nonote_v2 cases_005  total: 95.6s  (0.96s/step)
[2026-04-28 05:10:45]   tokens: 381,450 in + 800 out (reasoning: 0)  cost: $0.1039
[2026-04-28 05:10:45] START ds_weather_nonote_v2 cases_006 (100 steps, nonote)
[2026-04-28 05:10:53] ds_weather_nonote_v2 cases_006  steps   1-  9: 8.4s  total: 8.4s  (10/100)
[2026-04-28 05:11:01] ds_weather_nonote_v2 cases_006  steps  11- 19: 8.1s  total: 16.5s  (20/100)
[2026-04-28 05:11:10] ds_weather_nonote_v2 cases_006  steps  21- 29: 9.0s  total: 25.5s  (30/100)
[2026-04-28 05:11:19] ds_weather_nonote_v2 cases_006  steps  31- 39: 8.7s  total: 34.2s  (40/100)
[2026-04-28 05:11:29] ds_weather_nonote_v2 cases_006  steps  41- 49: 9.5s  total: 43.7s  (50/100)
[2026-04-28 05:11:38] ds_weather_nonote_v2 cases_006  steps  51- 59: 9.7s  total: 53.5s  (60/100)
[2026-04-28 05:11:48] ds_weather_nonote_v2 cases_006  steps  61- 69: 10.1s  total: 63.6s  (70/100)
[2026-04-28 05:12:02] ds_weather_nonote_v2 cases_006  steps  71- 79: 13.8s  total: 77.4s  (80/100)
[2026-04-28 05:12:16] ds_weather_nonote_v2 cases_006  steps  81- 89: 13.7s  total: 91.0s  (90/100)
[2026-04-28 05:12:31] ds_weather_nonote_v2 cases_006  steps  91- 99: 15.1s  total: 106.1s  (100/100)
[2026-04-28 05:12:31] DONE ds_weather_nonote_v2 cases_006  total: 106.1s  (1.06s/step)
[2026-04-28 05:12:31]   tokens: 381,450 in + 800 out (reasoning: 0)  cost: $0.1039
[2026-04-28 05:12:31] START ds_weather_nonote_v2 cases_007 (100 steps, nonote)
[2026-04-28 05:12:41] ds_weather_nonote_v2 cases_007  steps   1-  9: 9.2s  total: 9.2s  (10/100)
[2026-04-28 05:12:52] ds_weather_nonote_v2 cases_007  steps  11- 19: 11.7s  total: 20.9s  (20/100)
[2026-04-28 05:13:02] ds_weather_nonote_v2 cases_007  steps  21- 29: 10.1s  total: 31.0s  (30/100)
[2026-04-28 05:13:12] ds_weather_nonote_v2 cases_007  steps  31- 39: 9.8s  total: 40.8s  (40/100)
[2026-04-28 05:13:22] ds_weather_nonote_v2 cases_007  steps  41- 49: 10.1s  total: 50.9s  (50/100)
[2026-04-28 05:14:11] ds_weather_nonote_v2 cases_007  steps  51- 59: 48.6s  total: 99.6s  (60/100)
[2026-04-28 05:17:03] ds_weather_nonote_v2 cases_007  steps  61- 69: 172.2s  total: 271.8s  (70/100)
[2026-04-28 05:17:17] ds_weather_nonote_v2 cases_007  steps  71- 79: 13.3s  total: 285.1s  (80/100)
[2026-04-28 05:17:31] ds_weather_nonote_v2 cases_007  steps  81- 89: 13.9s  total: 299.0s  (90/100)
[2026-04-28 05:17:44] ds_weather_nonote_v2 cases_007  steps  91- 99: 13.4s  total: 312.4s  (100/100)
[2026-04-28 05:17:44] DONE ds_weather_nonote_v2 cases_007  total: 312.4s  (3.12s/step)
[2026-04-28 05:17:44]   tokens: 381,450 in + 800 out (reasoning: 0)  cost: $0.1039
[2026-04-28 05:17:44] START ds_weather_nonote_v2 cases_008 (100 steps, nonote)
[2026-04-28 05:17:53] ds_weather_nonote_v2 cases_008  steps   1-  9: 8.8s  total: 8.8s  (10/100)
[2026-04-28 05:18:02] ds_weather_nonote_v2 cases_008  steps  11- 19: 8.7s  total: 17.5s  (20/100)
[2026-04-28 05:18:11] ds_weather_nonote_v2 cases_008  steps  21- 29: 9.5s  total: 27.0s  (30/100)
[2026-04-28 05:18:21] ds_weather_nonote_v2 cases_008  steps  31- 39: 9.3s  total: 36.3s  (40/100)
[2026-04-28 05:18:30] ds_weather_nonote_v2 cases_008  steps  41- 49: 9.8s  total: 46.1s  (50/100)
[2026-04-28 05:18:41] ds_weather_nonote_v2 cases_008  steps  51- 59: 10.2s  total: 56.3s  (60/100)
[2026-04-28 05:18:51] ds_weather_nonote_v2 cases_008  steps  61- 69: 10.6s  total: 66.9s  (70/100)
[2026-04-28 05:19:04] ds_weather_nonote_v2 cases_008  steps  71- 79: 13.0s  total: 79.9s  (80/100)
[2026-04-28 05:19:14] ds_weather_nonote_v2 cases_008  steps  81- 89: 9.9s  total: 89.8s  (90/100)
[2026-04-28 05:19:28] ds_weather_nonote_v2 cases_008  steps  91- 99: 13.9s  total: 103.7s  (100/100)
[2026-04-28 05:19:29] DONE ds_weather_nonote_v2 cases_008  total: 103.7s  (1.04s/step)
[2026-04-28 05:19:29]   tokens: 381,450 in + 800 out (reasoning: 0)  cost: $0.1039
[2026-04-28 05:19:29] START ds_weather_nonote_v2 cases_009 (100 steps, nonote)
[2026-04-28 05:19:38] ds_weather_nonote_v2 cases_009  steps   1-  9: 9.6s  total: 9.6s  (10/100)
[2026-04-28 05:19:47] ds_weather_nonote_v2 cases_009  steps  11- 19: 8.7s  total: 18.3s  (20/100)
[2026-04-28 05:19:55] ds_weather_nonote_v2 cases_009  steps  21- 29: 8.5s  total: 26.8s  (30/100)
[2026-04-28 05:20:04] ds_weather_nonote_v2 cases_009  steps  31- 39: 9.1s  total: 35.9s  (40/100)
[2026-04-28 05:20:15] ds_weather_nonote_v2 cases_009  steps  41- 49: 10.2s  total: 46.1s  (50/100)
[2026-04-28 05:20:25] ds_weather_nonote_v2 cases_009  steps  51- 59: 10.5s  total: 56.6s  (60/100)
[2026-04-28 05:20:37] ds_weather_nonote_v2 cases_009  steps  61- 69: 11.9s  total: 68.6s  (70/100)
[2026-04-28 05:20:47] ds_weather_nonote_v2 cases_009  steps  71- 79: 9.8s  total: 78.4s  (80/100)
[2026-04-28 05:20:57] ds_weather_nonote_v2 cases_009  steps  81- 89: 10.5s  total: 88.9s  (90/100)
[2026-04-28 05:21:08] ds_weather_nonote_v2 cases_009  steps  91- 99: 10.4s  total: 99.3s  (100/100)
[2026-04-28 05:21:08] DONE ds_weather_nonote_v2 cases_009  total: 99.3s  (0.99s/step)
[2026-04-28 05:21:08]   tokens: 381,450 in + 800 out (reasoning: 0)  cost: $0.1039
[2026-04-28 05:21:08] START ds_weather_nonote_v2 cases_010 (100 steps, nonote)
[2026-04-28 05:21:17] ds_weather_nonote_v2 cases_010  steps   1-  9: 8.8s  total: 8.8s  (10/100)
[2026-04-28 05:21:26] ds_weather_nonote_v2 cases_010  steps  11- 19: 8.8s  total: 17.6s  (20/100)
[2026-04-28 05:21:35] ds_weather_nonote_v2 cases_010  steps  21- 29: 9.3s  total: 26.9s  (30/100)
[2026-04-28 05:21:45] ds_weather_nonote_v2 cases_010  steps  31- 39: 9.5s  total: 36.4s  (40/100)
[2026-04-28 05:21:57] ds_weather_nonote_v2 cases_010  steps  41- 49: 12.5s  total: 48.9s  (50/100)
[2026-04-28 05:22:08] ds_weather_nonote_v2 cases_010  steps  51- 59: 10.7s  total: 59.6s  (60/100)
[2026-04-28 05:22:18] ds_weather_nonote_v2 cases_010  steps  61- 69: 9.9s  total: 69.5s  (70/100)
[2026-04-28 05:22:27] ds_weather_nonote_v2 cases_010  steps  71- 79: 9.3s  total: 78.9s  (80/100)
[2026-04-28 05:22:37] ds_weather_nonote_v2 cases_010  steps  81- 89: 10.3s  total: 89.1s  (90/100)
[2026-04-28 05:22:48] ds_weather_nonote_v2 cases_010  steps  91- 99: 10.1s  total: 99.3s  (100/100)
[2026-04-28 05:22:48] DONE ds_weather_nonote_v2 cases_010  total: 99.3s  (0.99s/step)
[2026-04-28 05:22:48]   tokens: 381,450 in + 800 out (reasoning: 0)  cost: $0.1039
[2026-04-28 05:22:48] START ds_weather_nonote_v2 cases_011 (100 steps, nonote)
[2026-04-28 05:22:56] ds_weather_nonote_v2 cases_011  steps   1-  9: 8.1s  total: 8.1s  (10/100)
[2026-04-28 05:23:05] ds_weather_nonote_v2 cases_011  steps  11- 19: 8.8s  total: 16.9s  (20/100)
[2026-04-28 05:23:13] ds_weather_nonote_v2 cases_011  steps  21- 29: 8.1s  total: 24.9s  (30/100)
[2026-04-28 05:23:22] ds_weather_nonote_v2 cases_011  steps  31- 39: 9.1s  total: 34.0s  (40/100)
[2026-04-28 05:23:32] ds_weather_nonote_v2 cases_011  steps  41- 49: 10.2s  total: 44.2s  (50/100)
[2026-04-28 05:23:42] ds_weather_nonote_v2 cases_011  steps  51- 59: 9.7s  total: 54.0s  (60/100)
[2026-04-28 05:23:52] ds_weather_nonote_v2 cases_011  steps  61- 69: 9.9s  total: 63.9s  (70/100)
[2026-04-28 05:24:02] ds_weather_nonote_v2 cases_011  steps  71- 79: 10.3s  total: 74.1s  (80/100)
[2026-04-28 05:24:12] ds_weather_nonote_v2 cases_011  steps  81- 89: 9.7s  total: 83.8s  (90/100)
[2026-04-28 05:24:22] ds_weather_nonote_v2 cases_011  steps  91- 99: 10.0s  total: 93.7s  (100/100)
[2026-04-28 05:24:22] DONE ds_weather_nonote_v2 cases_011  total: 93.7s  (0.94s/step)
[2026-04-28 05:24:22]   tokens: 381,450 in + 800 out (reasoning: 0)  cost: $0.1039
[2026-04-28 05:24:22] START ds_weather_nonote_v2 cases_012 (100 steps, nonote)
[2026-04-28 05:24:31] ds_weather_nonote_v2 cases_012  steps   1-  9: 8.8s  total: 8.8s  (10/100)
[2026-04-28 05:24:39] ds_weather_nonote_v2 cases_012  steps  11- 19: 8.3s  total: 17.1s  (20/100)
[2026-04-28 05:24:48] ds_weather_nonote_v2 cases_012  steps  21- 29: 8.5s  total: 25.6s  (30/100)
[2026-04-28 05:24:57] ds_weather_nonote_v2 cases_012  steps  31- 39: 8.9s  total: 34.5s  (40/100)
[2026-04-28 05:25:07] ds_weather_nonote_v2 cases_012  steps  41- 49: 10.1s  total: 44.6s  (50/100)
[2026-04-28 05:25:17] ds_weather_nonote_v2 cases_012  steps  51- 59: 10.0s  total: 54.6s  (60/100)
[2026-04-28 05:25:27] ds_weather_nonote_v2 cases_012  steps  61- 69: 10.2s  total: 64.8s  (70/100)
[2026-04-28 05:25:37] ds_weather_nonote_v2 cases_012  steps  71- 79: 9.9s  total: 74.7s  (80/100)
[2026-04-28 05:25:47] ds_weather_nonote_v2 cases_012  steps  81- 89: 10.1s  total: 84.8s  (90/100)
[2026-04-28 05:25:57] ds_weather_nonote_v2 cases_012  steps  91- 99: 10.2s  total: 95.0s  (100/100)
[2026-04-28 05:25:58] DONE ds_weather_nonote_v2 cases_012  total: 95.0s  (0.95s/step)
[2026-04-28 05:25:58]   tokens: 381,450 in + 800 out (reasoning: 0)  cost: $0.1039
[2026-04-28 05:25:58] START ds_weather_nonote_v2 cases_013 (100 steps, nonote)
[2026-04-28 05:26:07] ds_weather_nonote_v2 cases_013  steps   1-  9: 8.8s  total: 8.8s  (10/100)
[2026-04-28 05:26:16] ds_weather_nonote_v2 cases_013  steps  11- 19: 8.8s  total: 17.6s  (20/100)
[2026-04-28 05:26:25] ds_weather_nonote_v2 cases_013  steps  21- 29: 9.2s  total: 26.8s  (30/100)
[2026-04-28 05:26:34] ds_weather_nonote_v2 cases_013  steps  31- 39: 9.4s  total: 36.2s  (40/100)
[2026-04-28 05:26:44] ds_weather_nonote_v2 cases_013  steps  41- 49: 10.1s  total: 46.4s  (50/100)
[2026-04-28 05:26:54] ds_weather_nonote_v2 cases_013  steps  51- 59: 9.9s  total: 56.3s  (60/100)
[2026-04-28 05:27:05] ds_weather_nonote_v2 cases_013  steps  61- 69: 10.6s  total: 66.9s  (70/100)
[2026-04-28 05:27:16] ds_weather_nonote_v2 cases_013  steps  71- 79: 11.4s  total: 78.2s  (80/100)
[2026-04-28 05:27:26] ds_weather_nonote_v2 cases_013  steps  81- 89: 9.9s  total: 88.1s  (90/100)
[2026-04-28 05:27:36] ds_weather_nonote_v2 cases_013  steps  91- 99: 10.3s  total: 98.4s  (100/100)
[2026-04-28 05:27:37] DONE ds_weather_nonote_v2 cases_013  total: 98.4s  (0.98s/step)
[2026-04-28 05:27:37]   tokens: 381,450 in + 800 out (reasoning: 0)  cost: $0.1039
[2026-04-28 05:27:37] START ds_weather_nonote_v2 cases_014 (100 steps, nonote)
[2026-04-28 05:27:45] ds_weather_nonote_v2 cases_014  steps   1-  9: 8.6s  total: 8.6s  (10/100)
[2026-04-28 05:27:54] ds_weather_nonote_v2 cases_014  steps  11- 19: 8.9s  total: 17.6s  (20/100)
[2026-04-28 05:28:05] ds_weather_nonote_v2 cases_014  steps  21- 29: 10.3s  total: 27.9s  (30/100)
[2026-04-28 05:28:14] ds_weather_nonote_v2 cases_014  steps  31- 39: 9.0s  total: 36.9s  (40/100)
[2026-04-28 05:28:23] ds_weather_nonote_v2 cases_014  steps  41- 49: 9.5s  total: 46.4s  (50/100)
[2026-04-28 05:28:33] ds_weather_nonote_v2 cases_014  steps  51- 59: 10.2s  total: 56.6s  (60/100)
[2026-04-28 05:28:44] ds_weather_nonote_v2 cases_014  steps  61- 69: 10.3s  total: 66.8s  (70/100)
[2026-04-28 05:28:54] ds_weather_nonote_v2 cases_014  steps  71- 79: 9.9s  total: 76.7s  (80/100)
[2026-04-28 05:29:03] ds_weather_nonote_v2 cases_014  steps  81- 89: 9.9s  total: 86.6s  (90/100)
[2026-04-28 05:29:13] ds_weather_nonote_v2 cases_014  steps  91- 99: 9.8s  total: 96.4s  (100/100)
[2026-04-28 05:29:14] DONE ds_weather_nonote_v2 cases_014  total: 96.4s  (0.96s/step)
[2026-04-28 05:29:14]   tokens: 381,450 in + 800 out (reasoning: 0)  cost: $0.1039
[2026-04-28 05:29:14] START ds_weather_nonote_v2 cases_015 (100 steps, nonote)
[2026-04-28 05:29:22] ds_weather_nonote_v2 cases_015  steps   1-  9: 8.4s  total: 8.4s  (10/100)
[2026-04-28 05:29:31] ds_weather_nonote_v2 cases_015  steps  11- 19: 8.7s  total: 17.1s  (20/100)
[2026-04-28 05:29:40] ds_weather_nonote_v2 cases_015  steps  21- 29: 9.6s  total: 26.7s  (30/100)
[2026-04-28 05:29:49] ds_weather_nonote_v2 cases_015  steps  31- 39: 9.0s  total: 35.7s  (40/100)
[2026-04-28 05:29:59] ds_weather_nonote_v2 cases_015  steps  41- 49: 9.6s  total: 45.3s  (50/100)
[2026-04-28 05:30:10] ds_weather_nonote_v2 cases_015  steps  51- 59: 11.2s  total: 56.5s  (60/100)
[2026-04-28 05:30:21] ds_weather_nonote_v2 cases_015  steps  61- 69: 10.9s  total: 67.4s  (70/100)
[2026-04-28 05:30:31] ds_weather_nonote_v2 cases_015  steps  71- 79: 10.2s  total: 77.6s  (80/100)
[2026-04-28 05:30:41] ds_weather_nonote_v2 cases_015  steps  81- 89: 9.9s  total: 87.5s  (90/100)
[2026-04-28 05:30:52] ds_weather_nonote_v2 cases_015  steps  91- 99: 10.6s  total: 98.1s  (100/100)
[2026-04-28 05:30:52] DONE ds_weather_nonote_v2 cases_015  total: 98.1s  (0.98s/step)
[2026-04-28 05:30:52]   tokens: 381,450 in + 800 out (reasoning: 0)  cost: $0.1039
[2026-04-28 05:30:52] START ds_weather_nonote_v2 cases_016 (100 steps, nonote)
[2026-04-28 05:31:01] ds_weather_nonote_v2 cases_016  steps   1-  9: 8.3s  total: 8.3s  (10/100)
[2026-04-28 05:31:10] ds_weather_nonote_v2 cases_016  steps  11- 19: 9.2s  total: 17.5s  (20/100)
[2026-04-28 05:31:20] ds_weather_nonote_v2 cases_016  steps  21- 29: 9.7s  total: 27.2s  (30/100)
[2026-04-28 05:31:29] ds_weather_nonote_v2 cases_016  steps  31- 39: 9.1s  total: 36.2s  (40/100)
[2026-04-28 05:31:39] ds_weather_nonote_v2 cases_016  steps  41- 49: 10.1s  total: 46.3s  (50/100)
[2026-04-28 05:31:48] ds_weather_nonote_v2 cases_016  steps  51- 59: 9.3s  total: 55.6s  (60/100)
[2026-04-28 05:31:58] ds_weather_nonote_v2 cases_016  steps  61- 69: 9.9s  total: 65.5s  (70/100)
[2026-04-28 05:32:08] ds_weather_nonote_v2 cases_016  steps  71- 79: 10.1s  total: 75.6s  (80/100)
[2026-04-28 05:32:18] ds_weather_nonote_v2 cases_016  steps  81- 89: 10.1s  total: 85.8s  (90/100)
[2026-04-28 05:32:29] ds_weather_nonote_v2 cases_016  steps  91- 99: 10.4s  total: 96.2s  (100/100)
[2026-04-28 05:32:29] DONE ds_weather_nonote_v2 cases_016  total: 96.2s  (0.96s/step)
[2026-04-28 05:32:29]   tokens: 381,450 in + 800 out (reasoning: 0)  cost: $0.1039
[2026-04-28 05:32:29] START ds_weather_nonote_v2 cases_017 (100 steps, nonote)
[2026-04-28 05:32:38] ds_weather_nonote_v2 cases_017  steps   1-  9: 8.5s  total: 8.5s  (10/100)
[2026-04-28 05:32:49] ds_weather_nonote_v2 cases_017  steps  11- 19: 11.6s  total: 20.1s  (20/100)
[2026-04-28 05:32:58] ds_weather_nonote_v2 cases_017  steps  21- 29: 8.5s  total: 28.5s  (30/100)
[2026-04-28 05:33:07] ds_weather_nonote_v2 cases_017  steps  31- 39: 9.3s  total: 37.8s  (40/100)
[2026-04-28 05:33:17] ds_weather_nonote_v2 cases_017  steps  41- 49: 10.6s  total: 48.4s  (50/100)
[2026-04-28 05:33:28] ds_weather_nonote_v2 cases_017  steps  51- 59: 10.5s  total: 58.8s  (60/100)
[2026-04-28 05:33:38] ds_weather_nonote_v2 cases_017  steps  61- 69: 9.9s  total: 68.7s  (70/100)
[2026-04-28 05:33:48] ds_weather_nonote_v2 cases_017  steps  71- 79: 10.4s  total: 79.1s  (80/100)
[2026-04-28 05:33:58] ds_weather_nonote_v2 cases_017  steps  81- 89: 10.2s  total: 89.3s  (90/100)
[2026-04-28 05:34:09] ds_weather_nonote_v2 cases_017  steps  91- 99: 10.3s  total: 99.6s  (100/100)
[2026-04-28 05:34:09] DONE ds_weather_nonote_v2 cases_017  total: 99.6s  (1.00s/step)
[2026-04-28 05:34:09]   tokens: 381,450 in + 800 out (reasoning: 0)  cost: $0.1039
[2026-04-28 05:34:09] START ds_weather_nonote_v2 cases_018 (100 steps, nonote)
[2026-04-28 05:34:19] ds_weather_nonote_v2 cases_018  steps   1-  9: 10.0s  total: 10.0s  (10/100)
[2026-04-28 05:34:28] ds_weather_nonote_v2 cases_018  steps  11- 19: 9.2s  total: 19.2s  (20/100)
[2026-04-28 05:34:37] ds_weather_nonote_v2 cases_018  steps  21- 29: 9.0s  total: 28.2s  (30/100)
[2026-04-28 05:34:46] ds_weather_nonote_v2 cases_018  steps  31- 39: 9.1s  total: 37.3s  (40/100)
[2026-04-28 05:34:57] ds_weather_nonote_v2 cases_018  steps  41- 49: 10.3s  total: 47.6s  (50/100)
[2026-04-28 05:35:07] ds_weather_nonote_v2 cases_018  steps  51- 59: 10.0s  total: 57.6s  (60/100)
[2026-04-28 05:35:17] ds_weather_nonote_v2 cases_018  steps  61- 69: 10.7s  total: 68.3s  (70/100)
[2026-04-28 05:35:28] ds_weather_nonote_v2 cases_018  steps  71- 79: 10.8s  total: 79.1s  (80/100)
[2026-04-28 05:35:39] ds_weather_nonote_v2 cases_018  steps  81- 89: 10.8s  total: 90.0s  (90/100)
[2026-04-28 05:35:50] ds_weather_nonote_v2 cases_018  steps  91- 99: 10.4s  total: 100.4s  (100/100)
[2026-04-28 05:35:50] DONE ds_weather_nonote_v2 cases_018  total: 100.4s  (1.00s/step)
[2026-04-28 05:35:50]   tokens: 381,450 in + 800 out (reasoning: 0)  cost: $0.1039
[2026-04-28 05:35:50] START ds_weather_nonote_v2 cases_019 (100 steps, nonote)
[2026-04-28 05:35:59] ds_weather_nonote_v2 cases_019  steps   1-  9: 8.9s  total: 8.9s  (10/100)
[2026-04-28 05:36:09] ds_weather_nonote_v2 cases_019  steps  11- 19: 9.7s  total: 18.6s  (20/100)
[2026-04-28 05:36:19] ds_weather_nonote_v2 cases_019  steps  21- 29: 9.9s  total: 28.5s  (30/100)
[2026-04-28 05:36:28] ds_weather_nonote_v2 cases_019  steps  31- 39: 9.5s  total: 38.0s  (40/100)
[2026-04-28 05:36:39] ds_weather_nonote_v2 cases_019  steps  41- 49: 10.5s  total: 48.5s  (50/100)
[2026-04-28 05:36:49] ds_weather_nonote_v2 cases_019  steps  51- 59: 10.4s  total: 58.8s  (60/100)
[2026-04-28 05:36:59] ds_weather_nonote_v2 cases_019  steps  61- 69: 10.2s  total: 69.0s  (70/100)
[2026-04-28 05:37:10] ds_weather_nonote_v2 cases_019  steps  71- 79: 10.6s  total: 79.6s  (80/100)
[2026-04-28 05:37:20] ds_weather_nonote_v2 cases_019  steps  81- 89: 10.1s  total: 89.7s  (90/100)
[2026-04-28 05:37:31] ds_weather_nonote_v2 cases_019  steps  91- 99: 11.4s  total: 101.1s  (100/100)
[2026-04-28 05:37:32] DONE ds_weather_nonote_v2 cases_019  total: 101.1s  (1.01s/step)
[2026-04-28 05:37:32]   tokens: 381,450 in + 800 out (reasoning: 0)  cost: $0.1039
[2026-04-28 05:37:32] START ds_weather_nonote_nohint_v2 cases_000 (100 steps, nonote)
[2026-04-28 05:37:43] ds_weather_nonote_nohint_v2 cases_000  steps   1-  9: 11.1s  total: 11.1s  (10/100)
[2026-04-28 05:37:53] ds_weather_nonote_nohint_v2 cases_000  steps  11- 19: 10.1s  total: 21.2s  (20/100)
[2026-04-28 05:38:05] ds_weather_nonote_nohint_v2 cases_000  steps  21- 29: 11.6s  total: 32.9s  (30/100)
[2026-04-28 05:38:14] ds_weather_nonote_nohint_v2 cases_000  steps  31- 39: 9.9s  total: 42.7s  (40/100)
[2026-04-28 05:38:25] ds_weather_nonote_nohint_v2 cases_000  steps  41- 49: 10.8s  total: 53.5s  (50/100)
[2026-04-28 05:38:37] ds_weather_nonote_nohint_v2 cases_000  steps  51- 59: 11.5s  total: 65.1s  (60/100)
[2026-04-28 05:38:47] ds_weather_nonote_nohint_v2 cases_000  steps  61- 69: 10.7s  total: 75.8s  (70/100)
[2026-04-28 05:38:57] ds_weather_nonote_nohint_v2 cases_000  steps  71- 79: 9.6s  total: 85.4s  (80/100)
[2026-04-28 05:39:07] ds_weather_nonote_nohint_v2 cases_000  steps  81- 89: 10.0s  total: 95.4s  (90/100)
[2026-04-28 05:39:20] ds_weather_nonote_nohint_v2 cases_000  steps  91- 99: 13.0s  total: 108.4s  (100/100)
[2026-04-28 05:39:20] DONE ds_weather_nonote_nohint_v2 cases_000  total: 108.4s  (1.08s/step)
[2026-04-28 05:39:20]   tokens: 379,550 in + 800 out (reasoning: 0)  cost: $0.1034
[2026-04-28 05:39:21] START ds_weather_nonote_nohint_v2 cases_001 (100 steps, nonote)
[2026-04-28 05:39:29] ds_weather_nonote_nohint_v2 cases_001  steps   1-  9: 8.6s  total: 8.6s  (10/100)
[2026-04-28 05:39:38] ds_weather_nonote_nohint_v2 cases_001  steps  11- 19: 8.9s  total: 17.5s  (20/100)
[2026-04-28 05:39:47] ds_weather_nonote_nohint_v2 cases_001  steps  21- 29: 8.5s  total: 26.0s  (30/100)
[2026-04-28 05:39:55] ds_weather_nonote_nohint_v2 cases_001  steps  31- 39: 8.8s  total: 34.8s  (40/100)
[2026-04-28 05:40:05] ds_weather_nonote_nohint_v2 cases_001  steps  41- 49: 10.0s  total: 44.8s  (50/100)
[2026-04-28 05:40:16] ds_weather_nonote_nohint_v2 cases_001  steps  51- 59: 10.9s  total: 55.8s  (60/100)
[2026-04-28 05:40:26] ds_weather_nonote_nohint_v2 cases_001  steps  61- 69: 9.9s  total: 65.6s  (70/100)
[2026-04-28 05:40:37] ds_weather_nonote_nohint_v2 cases_001  steps  71- 79: 10.9s  total: 76.5s  (80/100)
[2026-04-28 05:40:48] ds_weather_nonote_nohint_v2 cases_001  steps  81- 89: 10.7s  total: 87.2s  (90/100)
[2026-04-28 05:40:58] ds_weather_nonote_nohint_v2 cases_001  steps  91- 99: 10.6s  total: 97.7s  (100/100)
[2026-04-28 05:40:59] DONE ds_weather_nonote_nohint_v2 cases_001  total: 97.7s  (0.98s/step)
[2026-04-28 05:40:59]   tokens: 379,550 in + 800 out (reasoning: 0)  cost: $0.1034
[2026-04-28 05:40:59] START ds_weather_nonote_nohint_v2 cases_002 (100 steps, nonote)
[2026-04-28 05:41:08] ds_weather_nonote_nohint_v2 cases_002  steps   1-  9: 9.4s  total: 9.4s  (10/100)
[2026-04-28 05:41:17] ds_weather_nonote_nohint_v2 cases_002  steps  11- 19: 9.2s  total: 18.7s  (20/100)
[2026-04-28 05:41:27] ds_weather_nonote_nohint_v2 cases_002  steps  21- 29: 9.4s  total: 28.1s  (30/100)
[2026-04-28 05:41:36] ds_weather_nonote_nohint_v2 cases_002  steps  31- 39: 9.1s  total: 37.3s  (40/100)
[2026-04-28 05:41:46] ds_weather_nonote_nohint_v2 cases_002  steps  41- 49: 10.0s  total: 47.3s  (50/100)
[2026-04-28 05:41:57] ds_weather_nonote_nohint_v2 cases_002  steps  51- 59: 10.5s  total: 57.8s  (60/100)
[2026-04-28 05:42:07] ds_weather_nonote_nohint_v2 cases_002  steps  61- 69: 10.5s  total: 68.3s  (70/100)
[2026-04-28 05:42:17] ds_weather_nonote_nohint_v2 cases_002  steps  71- 79: 9.9s  total: 78.2s  (80/100)
[2026-04-28 05:42:27] ds_weather_nonote_nohint_v2 cases_002  steps  81- 89: 10.0s  total: 88.2s  (90/100)
[2026-04-28 05:42:37] ds_weather_nonote_nohint_v2 cases_002  steps  91- 99: 10.1s  total: 98.3s  (100/100)
[2026-04-28 05:42:38] DONE ds_weather_nonote_nohint_v2 cases_002  total: 98.3s  (0.98s/step)
[2026-04-28 05:42:38]   tokens: 379,550 in + 800 out (reasoning: 0)  cost: $0.1034
[2026-04-28 05:42:38] START ds_weather_nonote_nohint_v2 cases_003 (100 steps, nonote)
[2026-04-28 05:42:46] ds_weather_nonote_nohint_v2 cases_003  steps   1-  9: 8.2s  total: 8.2s  (10/100)
[2026-04-28 05:42:54] ds_weather_nonote_nohint_v2 cases_003  steps  11- 19: 8.6s  total: 16.8s  (20/100)
[2026-04-28 05:43:03] ds_weather_nonote_nohint_v2 cases_003  steps  21- 29: 8.9s  total: 25.7s  (30/100)
[2026-04-28 05:43:12] ds_weather_nonote_nohint_v2 cases_003  steps  31- 39: 9.0s  total: 34.7s  (40/100)
[2026-04-28 05:43:22] ds_weather_nonote_nohint_v2 cases_003  steps  41- 49: 10.1s  total: 44.8s  (50/100)
[2026-04-28 05:43:32] ds_weather_nonote_nohint_v2 cases_003  steps  51- 59: 9.9s  total: 54.7s  (60/100)
[2026-04-28 05:43:43] ds_weather_nonote_nohint_v2 cases_003  steps  61- 69: 10.3s  total: 65.0s  (70/100)
[2026-04-28 05:43:53] ds_weather_nonote_nohint_v2 cases_003  steps  71- 79: 10.1s  total: 75.1s  (80/100)
[2026-04-28 05:44:03] ds_weather_nonote_nohint_v2 cases_003  steps  81- 89: 10.0s  total: 85.1s  (90/100)
[2026-04-28 05:44:13] ds_weather_nonote_nohint_v2 cases_003  steps  91- 99: 10.3s  total: 95.5s  (100/100)
[2026-04-28 05:44:14] DONE ds_weather_nonote_nohint_v2 cases_003  total: 95.5s  (0.95s/step)
[2026-04-28 05:44:14]   tokens: 379,550 in + 800 out (reasoning: 0)  cost: $0.1034
[2026-04-28 05:44:14] START ds_weather_nonote_nohint_v2 cases_004 (100 steps, nonote)
[2026-04-28 05:44:23] ds_weather_nonote_nohint_v2 cases_004  steps   1-  9: 9.0s  total: 9.0s  (10/100)
[2026-04-28 05:44:31] ds_weather_nonote_nohint_v2 cases_004  steps  11- 19: 8.7s  total: 17.7s  (20/100)
[2026-04-28 05:44:42] ds_weather_nonote_nohint_v2 cases_004  steps  21- 29: 10.3s  total: 28.0s  (30/100)
[2026-04-28 05:44:53] ds_weather_nonote_nohint_v2 cases_004  steps  31- 39: 11.1s  total: 39.1s  (40/100)
[2026-04-28 05:45:03] ds_weather_nonote_nohint_v2 cases_004  steps  41- 49: 9.9s  total: 49.0s  (50/100)
[2026-04-28 05:45:13] ds_weather_nonote_nohint_v2 cases_004  steps  51- 59: 10.8s  total: 59.8s  (60/100)
[2026-04-28 05:45:23] ds_weather_nonote_nohint_v2 cases_004  steps  61- 69: 10.0s  total: 69.8s  (70/100)
[2026-04-28 05:45:33] ds_weather_nonote_nohint_v2 cases_004  steps  71- 79: 10.0s  total: 79.7s  (80/100)
[2026-04-28 05:45:43] ds_weather_nonote_nohint_v2 cases_004  steps  81- 89: 9.8s  total: 89.5s  (90/100)
[2026-04-28 05:45:54] ds_weather_nonote_nohint_v2 cases_004  steps  91- 99: 10.4s  total: 99.9s  (100/100)
[2026-04-28 05:45:54] DONE ds_weather_nonote_nohint_v2 cases_004  total: 99.9s  (1.00s/step)
[2026-04-28 05:45:54]   tokens: 379,550 in + 800 out (reasoning: 0)  cost: $0.1034
[2026-04-28 05:45:54] START ds_weather_nonote_nohint_v2 cases_005 (100 steps, nonote)
[2026-04-28 05:46:02] ds_weather_nonote_nohint_v2 cases_005  steps   1-  9: 8.4s  total: 8.4s  (10/100)
[2026-04-28 05:46:11] ds_weather_nonote_nohint_v2 cases_005  steps  11- 19: 8.5s  total: 16.9s  (20/100)
[2026-04-28 05:46:20] ds_weather_nonote_nohint_v2 cases_005  steps  21- 29: 8.6s  total: 25.5s  (30/100)
[2026-04-28 05:46:28] ds_weather_nonote_nohint_v2 cases_005  steps  31- 39: 8.6s  total: 34.1s  (40/100)
[2026-04-28 05:46:38] ds_weather_nonote_nohint_v2 cases_005  steps  41- 49: 9.7s  total: 43.8s  (50/100)
[2026-04-28 05:46:48] ds_weather_nonote_nohint_v2 cases_005  steps  51- 59: 9.9s  total: 53.6s  (60/100)
[2026-04-28 05:46:58] ds_weather_nonote_nohint_v2 cases_005  steps  61- 69: 10.1s  total: 63.8s  (70/100)
[2026-04-28 05:47:09] ds_weather_nonote_nohint_v2 cases_005  steps  71- 79: 10.8s  total: 74.5s  (80/100)
[2026-04-28 05:47:20] ds_weather_nonote_nohint_v2 cases_005  steps  81- 89: 11.0s  total: 85.5s  (90/100)
[2026-04-28 05:47:30] ds_weather_nonote_nohint_v2 cases_005  steps  91- 99: 10.9s  total: 96.4s  (100/100)
[2026-04-28 05:47:31] DONE ds_weather_nonote_nohint_v2 cases_005  total: 96.4s  (0.96s/step)
[2026-04-28 05:47:31]   tokens: 379,550 in + 800 out (reasoning: 0)  cost: $0.1034
[2026-04-28 05:47:31] START ds_weather_nonote_nohint_v2 cases_006 (100 steps, nonote)
[2026-04-28 05:47:40] ds_weather_nonote_nohint_v2 cases_006  steps   1-  9: 8.5s  total: 8.5s  (10/100)
[2026-04-28 05:47:48] ds_weather_nonote_nohint_v2 cases_006  steps  11- 19: 8.2s  total: 16.7s  (20/100)
[2026-04-28 05:47:56] ds_weather_nonote_nohint_v2 cases_006  steps  21- 29: 8.6s  total: 25.4s  (30/100)
[2026-04-28 05:48:05] ds_weather_nonote_nohint_v2 cases_006  steps  31- 39: 8.7s  total: 34.0s  (40/100)
[2026-04-28 05:48:15] ds_weather_nonote_nohint_v2 cases_006  steps  41- 49: 10.0s  total: 44.1s  (50/100)
[2026-04-28 05:48:25] ds_weather_nonote_nohint_v2 cases_006  steps  51- 59: 10.0s  total: 54.0s  (60/100)
[2026-04-28 05:48:35] ds_weather_nonote_nohint_v2 cases_006  steps  61- 69: 10.1s  total: 64.1s  (70/100)
[2026-04-28 05:48:45] ds_weather_nonote_nohint_v2 cases_006  steps  71- 79: 10.3s  total: 74.4s  (80/100)
[2026-04-28 05:48:56] ds_weather_nonote_nohint_v2 cases_006  steps  81- 89: 10.2s  total: 84.6s  (90/100)
[2026-04-28 05:49:05] ds_weather_nonote_nohint_v2 cases_006  steps  91- 99: 9.5s  total: 94.1s  (100/100)
[2026-04-28 05:49:05] DONE ds_weather_nonote_nohint_v2 cases_006  total: 94.1s  (0.94s/step)
[2026-04-28 05:49:05]   tokens: 379,550 in + 800 out (reasoning: 0)  cost: $0.1034
[2026-04-28 05:49:06] START ds_weather_nonote_nohint_v2 cases_007 (100 steps, nonote)
[2026-04-28 05:49:14] ds_weather_nonote_nohint_v2 cases_007  steps   1-  9: 8.7s  total: 8.7s  (10/100)
[2026-04-28 05:49:23] ds_weather_nonote_nohint_v2 cases_007  steps  11- 19: 8.8s  total: 17.5s  (20/100)
[2026-04-28 05:49:32] ds_weather_nonote_nohint_v2 cases_007  steps  21- 29: 8.7s  total: 26.2s  (30/100)
[2026-04-28 05:49:40] ds_weather_nonote_nohint_v2 cases_007  steps  31- 39: 8.4s  total: 34.6s  (40/100)
[2026-04-28 05:49:50] ds_weather_nonote_nohint_v2 cases_007  steps  41- 49: 9.4s  total: 44.1s  (50/100)
[2026-04-28 05:49:59] ds_weather_nonote_nohint_v2 cases_007  steps  51- 59: 9.9s  total: 53.9s  (60/100)
[2026-04-28 05:50:09] ds_weather_nonote_nohint_v2 cases_007  steps  61- 69: 10.0s  total: 63.9s  (70/100)
[2026-04-28 05:50:20] ds_weather_nonote_nohint_v2 cases_007  steps  71- 79: 10.2s  total: 74.1s  (80/100)
[2026-04-28 05:50:30] ds_weather_nonote_nohint_v2 cases_007  steps  81- 89: 10.8s  total: 84.8s  (90/100)
[2026-04-28 05:50:40] ds_weather_nonote_nohint_v2 cases_007  steps  91- 99: 9.8s  total: 94.7s  (100/100)
[2026-04-28 05:50:41] DONE ds_weather_nonote_nohint_v2 cases_007  total: 94.7s  (0.95s/step)
[2026-04-28 05:50:41]   tokens: 379,550 in + 800 out (reasoning: 0)  cost: $0.1034
[2026-04-28 05:50:41] START ds_weather_nonote_nohint_v2 cases_008 (100 steps, nonote)
[2026-04-28 05:50:49] ds_weather_nonote_nohint_v2 cases_008  steps   1-  9: 8.4s  total: 8.4s  (10/100)
[2026-04-28 05:50:58] ds_weather_nonote_nohint_v2 cases_008  steps  11- 19: 8.5s  total: 16.9s  (20/100)
[2026-04-28 05:51:06] ds_weather_nonote_nohint_v2 cases_008  steps  21- 29: 8.5s  total: 25.4s  (30/100)
[2026-04-28 05:51:15] ds_weather_nonote_nohint_v2 cases_008  steps  31- 39: 9.3s  total: 34.7s  (40/100)
[2026-04-28 05:51:25] ds_weather_nonote_nohint_v2 cases_008  steps  41- 49: 9.7s  total: 44.4s  (50/100)
[2026-04-28 05:51:35] ds_weather_nonote_nohint_v2 cases_008  steps  51- 59: 10.4s  total: 54.8s  (60/100)
[2026-04-28 05:51:46] ds_weather_nonote_nohint_v2 cases_008  steps  61- 69: 10.1s  total: 64.8s  (70/100)
[2026-04-28 05:51:55] ds_weather_nonote_nohint_v2 cases_008  steps  71- 79: 9.6s  total: 74.4s  (80/100)
[2026-04-28 05:52:05] ds_weather_nonote_nohint_v2 cases_008  steps  81- 89: 10.1s  total: 84.5s  (90/100)
[2026-04-28 05:52:16] ds_weather_nonote_nohint_v2 cases_008  steps  91- 99: 10.4s  total: 94.9s  (100/100)
[2026-04-28 05:52:16] DONE ds_weather_nonote_nohint_v2 cases_008  total: 94.9s  (0.95s/step)
[2026-04-28 05:52:16]   tokens: 379,550 in + 800 out (reasoning: 0)  cost: $0.1034
[2026-04-28 05:52:16] START ds_weather_nonote_nohint_v2 cases_009 (100 steps, nonote)
[2026-04-28 05:52:24] ds_weather_nonote_nohint_v2 cases_009  steps   1-  9: 8.0s  total: 8.0s  (10/100)
[2026-04-28 05:52:33] ds_weather_nonote_nohint_v2 cases_009  steps  11- 19: 8.5s  total: 16.5s  (20/100)
[2026-04-28 05:52:42] ds_weather_nonote_nohint_v2 cases_009  steps  21- 29: 8.9s  total: 25.4s  (30/100)
[2026-04-28 05:52:51] ds_weather_nonote_nohint_v2 cases_009  steps  31- 39: 9.5s  total: 34.9s  (40/100)
[2026-04-28 05:53:02] ds_weather_nonote_nohint_v2 cases_009  steps  41- 49: 10.5s  total: 45.4s  (50/100)
[2026-04-28 05:53:11] ds_weather_nonote_nohint_v2 cases_009  steps  51- 59: 9.6s  total: 55.0s  (60/100)
[2026-04-28 05:53:21] ds_weather_nonote_nohint_v2 cases_009  steps  61- 69: 9.6s  total: 64.6s  (70/100)
[2026-04-28 05:53:31] ds_weather_nonote_nohint_v2 cases_009  steps  71- 79: 10.0s  total: 74.6s  (80/100)
[2026-04-28 05:53:41] ds_weather_nonote_nohint_v2 cases_009  steps  81- 89: 9.9s  total: 84.5s  (90/100)
[2026-04-28 05:53:50] ds_weather_nonote_nohint_v2 cases_009  steps  91- 99: 9.7s  total: 94.2s  (100/100)
[2026-04-28 05:53:51] DONE ds_weather_nonote_nohint_v2 cases_009  total: 94.3s  (0.94s/step)
[2026-04-28 05:53:51]   tokens: 379,550 in + 800 out (reasoning: 0)  cost: $0.1034
[2026-04-28 05:53:51] START ds_weather_nonote_nohint_v2 cases_010 (100 steps, nonote)
[2026-04-28 05:53:59] ds_weather_nonote_nohint_v2 cases_010  steps   1-  9: 8.5s  total: 8.5s  (10/100)
[2026-04-28 05:54:08] ds_weather_nonote_nohint_v2 cases_010  steps  11- 19: 8.5s  total: 16.9s  (20/100)
[2026-04-28 05:54:17] ds_weather_nonote_nohint_v2 cases_010  steps  21- 29: 9.5s  total: 26.5s  (30/100)
[2026-04-28 05:54:26] ds_weather_nonote_nohint_v2 cases_010  steps  31- 39: 8.9s  total: 35.3s  (40/100)
[2026-04-28 05:54:36] ds_weather_nonote_nohint_v2 cases_010  steps  41- 49: 9.7s  total: 45.0s  (50/100)
[2026-04-28 05:54:46] ds_weather_nonote_nohint_v2 cases_010  steps  51- 59: 10.1s  total: 55.2s  (60/100)
[2026-04-28 05:54:56] ds_weather_nonote_nohint_v2 cases_010  steps  61- 69: 10.1s  total: 65.3s  (70/100)
[2026-04-28 05:55:07] ds_weather_nonote_nohint_v2 cases_010  steps  71- 79: 10.7s  total: 75.9s  (80/100)
[2026-04-28 05:55:19] ds_weather_nonote_nohint_v2 cases_010  steps  81- 89: 12.2s  total: 88.1s  (90/100)
[2026-04-28 05:55:29] ds_weather_nonote_nohint_v2 cases_010  steps  91- 99: 10.0s  total: 98.1s  (100/100)
[2026-04-28 05:55:29] DONE ds_weather_nonote_nohint_v2 cases_010  total: 98.1s  (0.98s/step)
[2026-04-28 05:55:29]   tokens: 379,550 in + 800 out (reasoning: 0)  cost: $0.1034
[2026-04-28 05:55:29] START ds_weather_nonote_nohint_v2 cases_011 (100 steps, nonote)
[2026-04-28 05:55:37] ds_weather_nonote_nohint_v2 cases_011  steps   1-  9: 7.9s  total: 7.9s  (10/100)
[2026-04-28 05:55:46] ds_weather_nonote_nohint_v2 cases_011  steps  11- 19: 8.8s  total: 16.7s  (20/100)
[2026-04-28 05:55:55] ds_weather_nonote_nohint_v2 cases_011  steps  21- 29: 8.5s  total: 25.2s  (30/100)
[2026-04-28 05:56:03] ds_weather_nonote_nohint_v2 cases_011  steps  31- 39: 8.6s  total: 33.8s  (40/100)
[2026-04-28 05:56:13] ds_weather_nonote_nohint_v2 cases_011  steps  41- 49: 9.8s  total: 43.6s  (50/100)
[2026-04-28 05:56:23] ds_weather_nonote_nohint_v2 cases_011  steps  51- 59: 9.5s  total: 53.1s  (60/100)
[2026-04-28 05:56:32] ds_weather_nonote_nohint_v2 cases_011  steps  61- 69: 9.7s  total: 62.8s  (70/100)
[2026-04-28 05:56:42] ds_weather_nonote_nohint_v2 cases_011  steps  71- 79: 10.0s  total: 72.7s  (80/100)
[2026-04-28 05:56:52] ds_weather_nonote_nohint_v2 cases_011  steps  81- 89: 10.0s  total: 82.8s  (90/100)
[2026-04-28 05:57:02] ds_weather_nonote_nohint_v2 cases_011  steps  91- 99: 10.1s  total: 92.9s  (100/100)
[2026-04-28 05:57:03] DONE ds_weather_nonote_nohint_v2 cases_011  total: 92.9s  (0.93s/step)
[2026-04-28 05:57:03]   tokens: 379,550 in + 800 out (reasoning: 0)  cost: $0.1034
[2026-04-28 05:57:03] START ds_weather_nonote_nohint_v2 cases_012 (100 steps, nonote)
[2026-04-28 05:57:11] ds_weather_nonote_nohint_v2 cases_012  steps   1-  9: 8.1s  total: 8.1s  (10/100)
[2026-04-28 05:57:19] ds_weather_nonote_nohint_v2 cases_012  steps  11- 19: 8.5s  total: 16.6s  (20/100)
[2026-04-28 05:57:28] ds_weather_nonote_nohint_v2 cases_012  steps  21- 29: 8.3s  total: 24.9s  (30/100)
[2026-04-28 05:57:37] ds_weather_nonote_nohint_v2 cases_012  steps  31- 39: 9.2s  total: 34.1s  (40/100)
[2026-04-28 05:57:47] ds_weather_nonote_nohint_v2 cases_012  steps  41- 49: 10.1s  total: 44.2s  (50/100)
[2026-04-28 05:57:57] ds_weather_nonote_nohint_v2 cases_012  steps  51- 59: 9.8s  total: 54.0s  (60/100)
[2026-04-28 05:58:07] ds_weather_nonote_nohint_v2 cases_012  steps  61- 69: 9.9s  total: 63.9s  (70/100)
[2026-04-28 05:58:16] ds_weather_nonote_nohint_v2 cases_012  steps  71- 79: 9.6s  total: 73.6s  (80/100)
[2026-04-28 05:58:27] ds_weather_nonote_nohint_v2 cases_012  steps  81- 89: 10.5s  total: 84.0s  (90/100)
[2026-04-28 05:58:37] ds_weather_nonote_nohint_v2 cases_012  steps  91- 99: 9.7s  total: 93.7s  (100/100)
[2026-04-28 05:58:37] DONE ds_weather_nonote_nohint_v2 cases_012  total: 93.7s  (0.94s/step)
[2026-04-28 05:58:37]   tokens: 379,550 in + 800 out (reasoning: 0)  cost: $0.1034
[2026-04-28 05:58:37] START ds_weather_nonote_nohint_v2 cases_013 (100 steps, nonote)
[2026-04-28 05:58:45] ds_weather_nonote_nohint_v2 cases_013  steps   1-  9: 8.2s  total: 8.2s  (10/100)
[2026-04-28 05:58:54] ds_weather_nonote_nohint_v2 cases_013  steps  11- 19: 8.3s  total: 16.5s  (20/100)
[2026-04-28 05:59:02] ds_weather_nonote_nohint_v2 cases_013  steps  21- 29: 8.7s  total: 25.3s  (30/100)
[2026-04-28 05:59:11] ds_weather_nonote_nohint_v2 cases_013  steps  31- 39: 8.9s  total: 34.2s  (40/100)
[2026-04-28 05:59:21] ds_weather_nonote_nohint_v2 cases_013  steps  41- 49: 9.6s  total: 43.8s  (50/100)
[2026-04-28 05:59:31] ds_weather_nonote_nohint_v2 cases_013  steps  51- 59: 10.1s  total: 53.8s  (60/100)
[2026-04-28 05:59:41] ds_weather_nonote_nohint_v2 cases_013  steps  61- 69: 10.2s  total: 64.1s  (70/100)
[2026-04-28 05:59:51] ds_weather_nonote_nohint_v2 cases_013  steps  71- 79: 9.9s  total: 74.0s  (80/100)
[2026-04-28 06:00:01] ds_weather_nonote_nohint_v2 cases_013  steps  81- 89: 10.3s  total: 84.2s  (90/100)
[2026-04-28 06:00:11] ds_weather_nonote_nohint_v2 cases_013  steps  91- 99: 10.0s  total: 94.3s  (100/100)
[2026-04-28 06:00:12] DONE ds_weather_nonote_nohint_v2 cases_013  total: 94.3s  (0.94s/step)
[2026-04-28 06:00:12]   tokens: 379,550 in + 800 out (reasoning: 0)  cost: $0.1034
[2026-04-28 06:00:12] START ds_weather_nonote_nohint_v2 cases_014 (100 steps, nonote)
[2026-04-28 06:00:20] ds_weather_nonote_nohint_v2 cases_014  steps   1-  9: 8.3s  total: 8.3s  (10/100)
[2026-04-28 06:00:29] ds_weather_nonote_nohint_v2 cases_014  steps  11- 19: 8.9s  total: 17.2s  (20/100)
[2026-04-28 06:00:37] ds_weather_nonote_nohint_v2 cases_014  steps  21- 29: 8.4s  total: 25.7s  (30/100)
[2026-04-28 06:00:46] ds_weather_nonote_nohint_v2 cases_014  steps  31- 39: 9.1s  total: 34.7s  (40/100)
[2026-04-28 06:00:57] ds_weather_nonote_nohint_v2 cases_014  steps  41- 49: 10.1s  total: 44.8s  (50/100)
[2026-04-28 06:01:07] ds_weather_nonote_nohint_v2 cases_014  steps  51- 59: 10.5s  total: 55.3s  (60/100)
[2026-04-28 06:01:17] ds_weather_nonote_nohint_v2 cases_014  steps  61- 69: 10.1s  total: 65.4s  (70/100)
[2026-04-28 06:01:27] ds_weather_nonote_nohint_v2 cases_014  steps  71- 79: 9.9s  total: 75.3s  (80/100)
[2026-04-28 06:01:37] ds_weather_nonote_nohint_v2 cases_014  steps  81- 89: 9.7s  total: 85.0s  (90/100)
[2026-04-28 06:01:47] ds_weather_nonote_nohint_v2 cases_014  steps  91- 99: 9.8s  total: 94.7s  (100/100)
[2026-04-28 06:01:47] DONE ds_weather_nonote_nohint_v2 cases_014  total: 94.7s  (0.95s/step)
[2026-04-28 06:01:47]   tokens: 379,550 in + 800 out (reasoning: 0)  cost: $0.1034
[2026-04-28 06:01:47] START ds_weather_nonote_nohint_v2 cases_015 (100 steps, nonote)
[2026-04-28 06:01:55] ds_weather_nonote_nohint_v2 cases_015  steps   1-  9: 8.3s  total: 8.3s  (10/100)
[2026-04-28 06:02:04] ds_weather_nonote_nohint_v2 cases_015  steps  11- 19: 8.9s  total: 17.2s  (20/100)
[2026-04-28 06:02:12] ds_weather_nonote_nohint_v2 cases_015  steps  21- 29: 8.1s  total: 25.3s  (30/100)
[2026-04-28 06:02:21] ds_weather_nonote_nohint_v2 cases_015  steps  31- 39: 9.0s  total: 34.4s  (40/100)
[2026-04-28 06:02:31] ds_weather_nonote_nohint_v2 cases_015  steps  41- 49: 10.0s  total: 44.3s  (50/100)
[2026-04-28 06:02:42] ds_weather_nonote_nohint_v2 cases_015  steps  51- 59: 10.3s  total: 54.6s  (60/100)
[2026-04-28 06:02:52] ds_weather_nonote_nohint_v2 cases_015  steps  61- 69: 10.0s  total: 64.7s  (70/100)
[2026-04-28 06:03:02] ds_weather_nonote_nohint_v2 cases_015  steps  71- 79: 10.2s  total: 74.9s  (80/100)
[2026-04-28 06:03:12] ds_weather_nonote_nohint_v2 cases_015  steps  81- 89: 10.0s  total: 84.9s  (90/100)
[2026-04-28 06:03:23] ds_weather_nonote_nohint_v2 cases_015  steps  91- 99: 11.3s  total: 96.2s  (100/100)
[2026-04-28 06:03:24] DONE ds_weather_nonote_nohint_v2 cases_015  total: 96.2s  (0.96s/step)
[2026-04-28 06:03:24]   tokens: 379,550 in + 800 out (reasoning: 0)  cost: $0.1034
[2026-04-28 06:03:24] START ds_weather_nonote_nohint_v2 cases_016 (100 steps, nonote)
[2026-04-28 06:03:32] ds_weather_nonote_nohint_v2 cases_016  steps   1-  9: 8.3s  total: 8.3s  (10/100)
[2026-04-28 06:03:41] ds_weather_nonote_nohint_v2 cases_016  steps  11- 19: 8.5s  total: 16.8s  (20/100)
[2026-04-28 06:03:49] ds_weather_nonote_nohint_v2 cases_016  steps  21- 29: 8.8s  total: 25.6s  (30/100)
[2026-04-28 06:03:59] ds_weather_nonote_nohint_v2 cases_016  steps  31- 39: 9.3s  total: 34.9s  (40/100)
[2026-04-28 06:04:08] ds_weather_nonote_nohint_v2 cases_016  steps  41- 49: 9.3s  total: 44.2s  (50/100)
[2026-04-28 06:04:19] ds_weather_nonote_nohint_v2 cases_016  steps  51- 59: 10.8s  total: 55.0s  (60/100)
[2026-04-28 06:04:29] ds_weather_nonote_nohint_v2 cases_016  steps  61- 69: 10.3s  total: 65.2s  (70/100)
[2026-04-28 06:04:39] ds_weather_nonote_nohint_v2 cases_016  steps  71- 79: 9.9s  total: 75.1s  (80/100)
[2026-04-28 06:04:49] ds_weather_nonote_nohint_v2 cases_016  steps  81- 89: 9.9s  total: 85.0s  (90/100)
[2026-04-28 06:04:58] ds_weather_nonote_nohint_v2 cases_016  steps  91- 99: 9.4s  total: 94.4s  (100/100)
[2026-04-28 06:04:59] DONE ds_weather_nonote_nohint_v2 cases_016  total: 94.4s  (0.94s/step)
[2026-04-28 06:04:59]   tokens: 379,550 in + 800 out (reasoning: 0)  cost: $0.1034
[2026-04-28 06:04:59] START ds_weather_nonote_nohint_v2 cases_017 (100 steps, nonote)
[2026-04-28 06:05:07] ds_weather_nonote_nohint_v2 cases_017  steps   1-  9: 8.3s  total: 8.3s  (10/100)
[2026-04-28 06:05:16] ds_weather_nonote_nohint_v2 cases_017  steps  11- 19: 8.6s  total: 16.9s  (20/100)
[2026-04-28 06:05:24] ds_weather_nonote_nohint_v2 cases_017  steps  21- 29: 8.4s  total: 25.2s  (30/100)
[2026-04-28 06:05:33] ds_weather_nonote_nohint_v2 cases_017  steps  31- 39: 8.8s  total: 34.0s  (40/100)
[2026-04-28 06:05:42] ds_weather_nonote_nohint_v2 cases_017  steps  41- 49: 9.2s  total: 43.2s  (50/100)
[2026-04-28 06:05:51] ds_weather_nonote_nohint_v2 cases_017  steps  51- 59: 9.4s  total: 52.6s  (60/100)
[2026-04-28 06:06:01] ds_weather_nonote_nohint_v2 cases_017  steps  61- 69: 10.0s  total: 62.6s  (70/100)
[2026-04-28 06:06:11] ds_weather_nonote_nohint_v2 cases_017  steps  71- 79: 9.8s  total: 72.4s  (80/100)
[2026-04-28 06:06:21] ds_weather_nonote_nohint_v2 cases_017  steps  81- 89: 9.7s  total: 82.1s  (90/100)
[2026-04-28 06:06:31] ds_weather_nonote_nohint_v2 cases_017  steps  91- 99: 9.9s  total: 91.9s  (100/100)
[2026-04-28 06:06:31] DONE ds_weather_nonote_nohint_v2 cases_017  total: 91.9s  (0.92s/step)
[2026-04-28 06:06:31]   tokens: 379,550 in + 800 out (reasoning: 0)  cost: $0.1034
[2026-04-28 06:06:31] START ds_weather_nonote_nohint_v2 cases_018 (100 steps, nonote)
[2026-04-28 06:06:40] ds_weather_nonote_nohint_v2 cases_018  steps   1-  9: 8.4s  total: 8.4s  (10/100)
[2026-04-28 06:06:48] ds_weather_nonote_nohint_v2 cases_018  steps  11- 19: 8.7s  total: 17.1s  (20/100)
[2026-04-28 06:06:57] ds_weather_nonote_nohint_v2 cases_018  steps  21- 29: 8.8s  total: 25.9s  (30/100)
[2026-04-28 06:07:06] ds_weather_nonote_nohint_v2 cases_018  steps  31- 39: 8.9s  total: 34.8s  (40/100)
[2026-04-28 06:07:16] ds_weather_nonote_nohint_v2 cases_018  steps  41- 49: 9.7s  total: 44.6s  (50/100)
[2026-04-28 06:07:25] ds_weather_nonote_nohint_v2 cases_018  steps  51- 59: 9.7s  total: 54.3s  (60/100)
[2026-04-28 06:07:35] ds_weather_nonote_nohint_v2 cases_018  steps  61- 69: 9.4s  total: 63.7s  (70/100)
[2026-04-28 06:07:45] ds_weather_nonote_nohint_v2 cases_018  steps  71- 79: 9.9s  total: 73.7s  (80/100)
[2026-04-28 06:07:55] ds_weather_nonote_nohint_v2 cases_018  steps  81- 89: 9.8s  total: 83.4s  (90/100)
[2026-04-28 06:08:04] ds_weather_nonote_nohint_v2 cases_018  steps  91- 99: 9.7s  total: 93.1s  (100/100)
[2026-04-28 06:08:05] DONE ds_weather_nonote_nohint_v2 cases_018  total: 93.1s  (0.93s/step)
[2026-04-28 06:08:05]   tokens: 379,550 in + 800 out (reasoning: 0)  cost: $0.1034
[2026-04-28 06:08:05] START ds_weather_nonote_nohint_v2 cases_019 (100 steps, nonote)
[2026-04-28 06:08:13] ds_weather_nonote_nohint_v2 cases_019  steps   1-  9: 8.4s  total: 8.4s  (10/100)
[2026-04-28 06:08:21] ds_weather_nonote_nohint_v2 cases_019  steps  11- 19: 8.0s  total: 16.4s  (20/100)
[2026-04-28 06:08:30] ds_weather_nonote_nohint_v2 cases_019  steps  21- 29: 8.3s  total: 24.8s  (30/100)
[2026-04-28 06:08:38] ds_weather_nonote_nohint_v2 cases_019  steps  31- 39: 8.5s  total: 33.2s  (40/100)
[2026-04-28 06:08:48] ds_weather_nonote_nohint_v2 cases_019  steps  41- 49: 9.5s  total: 42.8s  (50/100)
[2026-04-28 06:08:57] ds_weather_nonote_nohint_v2 cases_019  steps  51- 59: 9.5s  total: 52.3s  (60/100)
[2026-04-28 06:09:07] ds_weather_nonote_nohint_v2 cases_019  steps  61- 69: 10.0s  total: 62.2s  (70/100)
[2026-04-28 06:09:17] ds_weather_nonote_nohint_v2 cases_019  steps  71- 79: 10.0s  total: 72.2s  (80/100)
[2026-04-28 06:09:27] ds_weather_nonote_nohint_v2 cases_019  steps  81- 89: 10.1s  total: 82.3s  (90/100)
[2026-04-28 06:09:38] ds_weather_nonote_nohint_v2 cases_019  steps  91- 99: 10.5s  total: 92.8s  (100/100)
[2026-04-28 06:09:38] DONE ds_weather_nonote_nohint_v2 cases_019  total: 92.8s  (0.93s/step)
[2026-04-28 06:09:38]   tokens: 379,550 in + 800 out (reasoning: 0)  cost: $0.1034
[2026-04-28 06:09:38] START ds_online_v2 cases_000 (100 steps, two-turn)
[2026-04-28 06:09:58] ds_online_v2 cases_000  steps   1-  9: 20.2s  total: 20.2s  (10/100)
[2026-04-28 06:10:15] ds_online_v2 cases_000  steps  11- 19: 17.1s  total: 37.3s  (20/100)
[2026-04-28 06:10:32] ds_online_v2 cases_000  steps  21- 29: 16.3s  total: 53.6s  (30/100)
[2026-04-28 06:10:48] ds_online_v2 cases_000  steps  31- 39: 16.2s  total: 69.8s  (40/100)
[2026-04-28 06:11:05] ds_online_v2 cases_000  steps  41- 49: 16.7s  total: 86.4s  (50/100)
[2026-04-28 06:11:21] ds_online_v2 cases_000  steps  51- 59: 16.9s  total: 103.3s  (60/100)
[2026-04-28 06:11:37] ds_online_v2 cases_000  steps  61- 69: 16.0s  total: 119.3s  (70/100)
[2026-04-28 06:11:53] ds_online_v2 cases_000  steps  71- 79: 15.8s  total: 135.1s  (80/100)
[2026-04-28 06:12:10] ds_online_v2 cases_000  steps  81- 89: 17.0s  total: 152.1s  (90/100)
[2026-04-28 06:12:27] ds_online_v2 cases_000  steps  91- 99: 16.4s  total: 168.5s  (100/100)
[2026-04-28 06:12:27] DONE ds_online_v2 cases_000  total: 168.5s  (1.68s/step)
[2026-04-28 06:12:27]   tokens: 104,824 in + 1,718 out (reasoning: 0)  cost: $0.0302
[2026-04-28 06:12:27] START ds_online_v2 cases_001 (100 steps, two-turn)
[2026-04-28 06:12:49] ds_online_v2 cases_001  steps   1-  9: 22.3s  total: 22.3s  (10/100)
[2026-04-28 06:13:13] ds_online_v2 cases_001  steps  11- 19: 23.5s  total: 45.8s  (20/100)
[2026-04-28 06:13:38] ds_online_v2 cases_001  steps  21- 29: 24.9s  total: 70.7s  (30/100)
[2026-04-28 06:14:01] ds_online_v2 cases_001  steps  31- 39: 23.2s  total: 93.9s  (40/100)
[2026-04-28 06:14:25] ds_online_v2 cases_001  steps  41- 49: 23.9s  total: 117.8s  (50/100)
[2026-04-28 06:14:49] ds_online_v2 cases_001  steps  51- 59: 24.4s  total: 142.2s  (60/100)
[2026-04-28 06:15:14] ds_online_v2 cases_001  steps  61- 69: 24.8s  total: 167.1s  (70/100)
[2026-04-28 06:15:38] ds_online_v2 cases_001  steps  71- 79: 23.7s  total: 190.8s  (80/100)
[2026-04-28 06:16:03] ds_online_v2 cases_001  steps  81- 89: 24.8s  total: 215.6s  (90/100)
[2026-04-28 06:16:26] ds_online_v2 cases_001  steps  91- 99: 23.5s  total: 239.1s  (100/100)
[2026-04-28 06:16:27] DONE ds_online_v2 cases_001  total: 239.1s  (2.39s/step)
[2026-04-28 06:16:27]   tokens: 111,220 in + 5,048 out (reasoning: 0)  cost: $0.0356
[2026-04-28 06:16:27] START ds_online_v2 cases_002 (100 steps, two-turn)
[2026-04-28 06:16:51] ds_online_v2 cases_002  steps   1-  9: 24.3s  total: 24.3s  (10/100)
[2026-04-28 06:17:14] ds_online_v2 cases_002  steps  11- 19: 22.9s  total: 47.2s  (20/100)
[2026-04-28 06:17:36] ds_online_v2 cases_002  steps  21- 29: 21.8s  total: 69.0s  (30/100)
[2026-04-28 06:17:58] ds_online_v2 cases_002  steps  31- 39: 22.3s  total: 91.3s  (40/100)
[2026-04-28 06:18:20] ds_online_v2 cases_002  steps  41- 49: 21.8s  total: 113.1s  (50/100)
[2026-04-28 06:18:42] ds_online_v2 cases_002  steps  51- 59: 22.3s  total: 135.4s  (60/100)
[2026-04-28 06:19:04] ds_online_v2 cases_002  steps  61- 69: 22.1s  total: 157.5s  (70/100)
[2026-04-28 06:19:25] ds_online_v2 cases_002  steps  71- 79: 21.2s  total: 178.7s  (80/100)
[2026-04-28 06:19:48] ds_online_v2 cases_002  steps  81- 89: 22.4s  total: 201.0s  (90/100)
[2026-04-28 06:24:19] ds_online_v2 cases_002  steps  91- 99: 270.8s  total: 471.9s  (100/100)
[2026-04-28 06:24:19] DONE ds_online_v2 cases_002  total: 471.9s  (4.72s/step)
[2026-04-28 06:24:19]   tokens: 109,134 in + 4,001 out (reasoning: 0)  cost: $0.0339
[2026-04-28 06:24:19] START ds_online_v2 cases_003 (100 steps, two-turn)
[2026-04-28 06:25:36] ds_online_v2 cases_003  steps   1-  9: 77.2s  total: 77.2s  (10/100)
[2026-04-28 06:27:28] ds_online_v2 cases_003  steps  11- 19: 112.1s  total: 189.3s  (20/100)
[2026-04-28 06:27:58] ds_online_v2 cases_003  steps  21- 29: 30.2s  total: 219.5s  (30/100)
[2026-04-28 06:28:28] ds_online_v2 cases_003  steps  31- 39: 29.7s  total: 249.2s  (40/100)
[2026-04-28 06:28:54] ds_online_v2 cases_003  steps  41- 49: 25.3s  total: 274.6s  (50/100)
[2026-04-28 06:29:17] ds_online_v2 cases_003  steps  51- 59: 23.3s  total: 297.8s  (60/100)
[2026-04-28 06:29:42] ds_online_v2 cases_003  steps  61- 69: 25.2s  total: 323.1s  (70/100)
[2026-04-28 06:30:05] ds_online_v2 cases_003  steps  71- 79: 22.9s  total: 346.0s  (80/100)
[2026-04-28 06:30:29] ds_online_v2 cases_003  steps  81- 89: 23.6s  total: 369.6s  (90/100)
[2026-04-28 06:30:52] ds_online_v2 cases_003  steps  91- 99: 23.7s  total: 393.3s  (100/100)
[2026-04-28 06:30:53] DONE ds_online_v2 cases_003  total: 393.3s  (3.93s/step)
[2026-04-28 06:30:53]   tokens: 112,154 in + 5,491 out (reasoning: 0)  cost: $0.0363
[2026-04-28 06:30:53] START ds_online_v2 cases_004 (100 steps, two-turn)
[2026-04-28 06:31:12] ds_online_v2 cases_004  steps   1-  9: 19.3s  total: 19.3s  (10/100)
[2026-04-28 06:31:35] ds_online_v2 cases_004  steps  11- 19: 22.8s  total: 42.1s  (20/100)
[2026-04-28 06:31:59] ds_online_v2 cases_004  steps  21- 29: 23.7s  total: 65.8s  (30/100)
[2026-04-28 06:32:21] ds_online_v2 cases_004  steps  31- 39: 22.7s  total: 88.5s  (40/100)
[2026-04-28 06:32:45] ds_online_v2 cases_004  steps  41- 49: 24.3s  total: 112.8s  (50/100)
[2026-04-28 06:33:09] ds_online_v2 cases_004  steps  51- 59: 23.8s  total: 136.6s  (60/100)
[2026-04-28 06:33:32] ds_online_v2 cases_004  steps  61- 69: 22.7s  total: 159.2s  (70/100)
[2026-04-28 06:33:54] ds_online_v2 cases_004  steps  71- 79: 21.6s  total: 180.9s  (80/100)
[2026-04-28 06:34:15] ds_online_v2 cases_004  steps  81- 89: 21.9s  total: 202.7s  (90/100)
[2026-04-28 06:34:38] ds_online_v2 cases_004  steps  91- 99: 22.9s  total: 225.7s  (100/100)
[2026-04-28 06:34:39] DONE ds_online_v2 cases_004  total: 225.7s  (2.26s/step)
[2026-04-28 06:34:39]   tokens: 108,910 in + 3,884 out (reasoning: 0)  cost: $0.0337
[2026-04-28 06:34:39] START ds_online_v2 cases_005 (100 steps, two-turn)
[2026-04-28 06:35:00] ds_online_v2 cases_005  steps   1-  9: 21.2s  total: 21.2s  (10/100)
[2026-04-28 06:35:23] ds_online_v2 cases_005  steps  11- 19: 22.7s  total: 43.9s  (20/100)
[2026-04-28 06:35:46] ds_online_v2 cases_005  steps  21- 29: 23.1s  total: 67.0s  (30/100)
[2026-04-28 06:36:09] ds_online_v2 cases_005  steps  31- 39: 23.6s  total: 90.6s  (40/100)
[2026-04-28 06:36:33] ds_online_v2 cases_005  steps  41- 49: 23.2s  total: 113.8s  (50/100)
[2026-04-28 06:36:56] ds_online_v2 cases_005  steps  51- 59: 23.3s  total: 137.2s  (60/100)
[2026-04-28 06:37:19] ds_online_v2 cases_005  steps  61- 69: 22.8s  total: 160.0s  (70/100)
[2026-04-28 06:37:40] ds_online_v2 cases_005  steps  71- 79: 21.4s  total: 181.4s  (80/100)
[2026-04-28 06:38:02] ds_online_v2 cases_005  steps  81- 89: 22.2s  total: 203.6s  (90/100)
[2026-04-28 06:38:26] ds_online_v2 cases_005  steps  91- 99: 23.8s  total: 227.4s  (100/100)
[2026-04-28 06:38:27] DONE ds_online_v2 cases_005  total: 227.4s  (2.27s/step)
[2026-04-28 06:38:27]   tokens: 110,910 in + 4,890 out (reasoning: 0)  cost: $0.0353
[2026-04-28 06:38:27] START ds_online_v2 cases_006 (100 steps, two-turn)
[2026-04-28 06:38:45] ds_online_v2 cases_006  steps   1-  9: 18.0s  total: 18.0s  (10/100)
[2026-04-28 06:39:03] ds_online_v2 cases_006  steps  11- 19: 17.9s  total: 35.9s  (20/100)
[2026-04-28 06:39:20] ds_online_v2 cases_006  steps  21- 29: 17.9s  total: 53.7s  (30/100)
[2026-04-28 06:39:41] ds_online_v2 cases_006  steps  31- 39: 20.9s  total: 74.6s  (40/100)
[2026-04-28 06:39:59] ds_online_v2 cases_006  steps  41- 49: 17.4s  total: 92.0s  (50/100)
[2026-04-28 06:40:15] ds_online_v2 cases_006  steps  51- 59: 16.6s  total: 108.6s  (60/100)
[2026-04-28 06:40:31] ds_online_v2 cases_006  steps  61- 69: 15.7s  total: 124.3s  (70/100)
[2026-04-28 06:40:47] ds_online_v2 cases_006  steps  71- 79: 16.0s  total: 140.4s  (80/100)
[2026-04-28 06:41:03] ds_online_v2 cases_006  steps  81- 89: 16.0s  total: 156.3s  (90/100)
[2026-04-28 06:41:19] ds_online_v2 cases_006  steps  91- 99: 16.1s  total: 172.4s  (100/100)
[2026-04-28 06:41:20] DONE ds_online_v2 cases_006  total: 172.4s  (1.72s/step)
[2026-04-28 06:41:20]   tokens: 104,992 in + 1,802 out (reasoning: 0)  cost: $0.0303
[2026-04-28 06:41:20] START ds_online_v2 cases_007 (100 steps, two-turn)
[2026-04-28 06:41:42] ds_online_v2 cases_007  steps   1-  9: 22.0s  total: 22.0s  (10/100)
[2026-04-28 06:42:07] ds_online_v2 cases_007  steps  11- 19: 25.5s  total: 47.5s  (20/100)
[2026-04-28 06:42:30] ds_online_v2 cases_007  steps  21- 29: 23.3s  total: 70.8s  (30/100)
[2026-04-28 06:42:55] ds_online_v2 cases_007  steps  31- 39: 24.7s  total: 95.5s  (40/100)
[2026-04-28 06:43:19] ds_online_v2 cases_007  steps  41- 49: 24.1s  total: 119.6s  (50/100)
[2026-04-28 06:43:42] ds_online_v2 cases_007  steps  51- 59: 22.6s  total: 142.2s  (60/100)
[2026-04-28 06:44:04] ds_online_v2 cases_007  steps  61- 69: 22.0s  total: 164.2s  (70/100)
[2026-04-28 06:44:29] ds_online_v2 cases_007  steps  71- 79: 24.9s  total: 189.1s  (80/100)
[2026-04-28 06:44:51] ds_online_v2 cases_007  steps  81- 89: 22.7s  total: 211.8s  (90/100)
[2026-04-28 06:45:16] ds_online_v2 cases_007  steps  91- 99: 24.1s  total: 235.9s  (100/100)
[2026-04-28 06:45:16] DONE ds_online_v2 cases_007  total: 235.9s  (2.36s/step)
[2026-04-28 06:45:16]   tokens: 111,984 in + 5,335 out (reasoning: 0)  cost: $0.0361
[2026-04-28 06:45:16] START ds_online_v2 cases_008 (100 steps, two-turn)
[2026-04-28 06:45:40] ds_online_v2 cases_008  steps   1-  9: 24.0s  total: 24.0s  (10/100)
[2026-04-28 06:46:07] ds_online_v2 cases_008  steps  11- 19: 26.7s  total: 50.6s  (20/100)
[2026-04-28 06:46:28] ds_online_v2 cases_008  steps  21- 29: 21.3s  total: 71.9s  (30/100)
[2026-04-28 06:46:49] ds_online_v2 cases_008  steps  31- 39: 21.1s  total: 93.0s  (40/100)
[2026-04-28 06:47:10] ds_online_v2 cases_008  steps  41- 49: 20.9s  total: 113.8s  (50/100)
[2026-04-28 06:47:29] ds_online_v2 cases_008  steps  51- 59: 19.0s  total: 132.8s  (60/100)
[2026-04-28 06:47:48] ds_online_v2 cases_008  steps  61- 69: 19.5s  total: 152.3s  (70/100)
[2026-04-28 06:48:07] ds_online_v2 cases_008  steps  71- 79: 18.5s  total: 170.9s  (80/100)
[2026-04-28 06:48:26] ds_online_v2 cases_008  steps  81- 89: 18.7s  total: 189.6s  (90/100)
[2026-04-28 06:48:44] ds_online_v2 cases_008  steps  91- 99: 18.7s  total: 208.3s  (100/100)
[2026-04-28 06:48:45] DONE ds_online_v2 cases_008  total: 208.3s  (2.08s/step)
[2026-04-28 06:48:45]   tokens: 112,178 in + 5,473 out (reasoning: 0)  cost: $0.0363
[2026-04-28 06:48:45] START ds_online_v2 cases_009 (100 steps, two-turn)
[2026-04-28 06:49:03] ds_online_v2 cases_009  steps   1-  9: 18.2s  total: 18.2s  (10/100)
[2026-04-28 06:49:21] ds_online_v2 cases_009  steps  11- 19: 18.4s  total: 36.6s  (20/100)
[2026-04-28 06:49:41] ds_online_v2 cases_009  steps  21- 29: 20.0s  total: 56.5s  (30/100)
[2026-04-28 06:50:11] ds_online_v2 cases_009  steps  31- 39: 29.8s  total: 86.3s  (40/100)
[2026-04-28 06:50:44] ds_online_v2 cases_009  steps  41- 49: 32.5s  total: 118.8s  (50/100)
[2026-04-28 06:51:13] ds_online_v2 cases_009  steps  51- 59: 28.9s  total: 147.7s  (60/100)
[2026-04-28 06:51:33] ds_online_v2 cases_009  steps  61- 69: 20.2s  total: 167.9s  (70/100)
[2026-04-28 06:51:52] ds_online_v2 cases_009  steps  71- 79: 19.0s  total: 187.0s  (80/100)
[2026-04-28 06:52:10] ds_online_v2 cases_009  steps  81- 89: 18.0s  total: 205.0s  (90/100)
[2026-04-28 06:52:29] ds_online_v2 cases_009  steps  91- 99: 18.9s  total: 223.9s  (100/100)
[2026-04-28 06:52:29] DONE ds_online_v2 cases_009  total: 223.9s  (2.24s/step)
[2026-04-28 06:52:29]   tokens: 109,182 in + 4,025 out (reasoning: 0)  cost: $0.0339
[2026-04-28 06:52:29] START ds_online_v2 cases_010 (100 steps, two-turn)
[2026-04-28 06:52:45] ds_online_v2 cases_010  steps   1-  9: 16.0s  total: 16.0s  (10/100)
[2026-04-28 06:53:01] ds_online_v2 cases_010  steps  11- 19: 15.6s  total: 31.5s  (20/100)
[2026-04-28 06:53:18] ds_online_v2 cases_010  steps  21- 29: 16.7s  total: 48.3s  (30/100)
[2026-04-28 06:53:33] ds_online_v2 cases_010  steps  31- 39: 15.8s  total: 64.0s  (40/100)
[2026-04-28 06:53:50] ds_online_v2 cases_010  steps  41- 49: 16.6s  total: 80.6s  (50/100)
[2026-04-28 06:54:06] ds_online_v2 cases_010  steps  51- 59: 16.0s  total: 96.6s  (60/100)
[2026-04-28 06:54:22] ds_online_v2 cases_010  steps  61- 69: 16.0s  total: 112.7s  (70/100)
[2026-04-28 06:54:39] ds_online_v2 cases_010  steps  71- 79: 17.1s  total: 129.8s  (80/100)
[2026-04-28 06:54:56] ds_online_v2 cases_010  steps  81- 89: 17.2s  total: 147.0s  (90/100)
[2026-04-28 06:55:15] ds_online_v2 cases_010  steps  91- 99: 18.5s  total: 165.5s  (100/100)
[2026-04-28 06:55:15] DONE ds_online_v2 cases_010  total: 165.5s  (1.65s/step)
[2026-04-28 06:55:15]   tokens: 105,960 in + 2,307 out (reasoning: 0)  cost: $0.0311
[2026-04-28 06:55:15] START ds_online_v2 cases_011 (100 steps, two-turn)
[2026-04-28 06:55:36] ds_online_v2 cases_011  steps   1-  9: 20.7s  total: 20.7s  (10/100)
[2026-04-28 06:56:02] ds_online_v2 cases_011  steps  11- 19: 26.1s  total: 46.8s  (20/100)
[2026-04-28 06:56:34] ds_online_v2 cases_011  steps  21- 29: 32.4s  total: 79.2s  (30/100)
[2026-04-28 06:56:58] ds_online_v2 cases_011  steps  31- 39: 23.4s  total: 102.6s  (40/100)
[2026-04-28 06:57:18] ds_online_v2 cases_011  steps  41- 49: 19.9s  total: 122.4s  (50/100)
[2026-04-28 06:57:42] ds_online_v2 cases_011  steps  51- 59: 24.8s  total: 147.2s  (60/100)
[2026-04-28 06:58:11] ds_online_v2 cases_011  steps  61- 69: 28.4s  total: 175.6s  (70/100)
[2026-04-28 06:58:32] ds_online_v2 cases_011  steps  71- 79: 21.5s  total: 197.0s  (80/100)
[2026-04-28 06:58:58] ds_online_v2 cases_011  steps  81- 89: 26.1s  total: 223.1s  (90/100)
[2026-04-28 06:59:22] ds_online_v2 cases_011  steps  91- 99: 23.4s  total: 246.5s  (100/100)
[2026-04-28 06:59:22] DONE ds_online_v2 cases_011  total: 246.5s  (2.47s/step)
[2026-04-28 06:59:22]   tokens: 117,714 in + 8,379 out (reasoning: 0)  cost: $0.0410
[2026-04-28 06:59:22] START ds_online_v2 cases_012 (100 steps, two-turn)
[2026-04-28 06:59:46] ds_online_v2 cases_012  steps   1-  9: 23.9s  total: 23.9s  (10/100)
[2026-04-28 07:00:08] ds_online_v2 cases_012  steps  11- 19: 22.0s  total: 45.9s  (20/100)
[2026-04-28 07:00:29] ds_online_v2 cases_012  steps  21- 29: 20.7s  total: 66.6s  (30/100)
[2026-04-28 07:00:51] ds_online_v2 cases_012  steps  31- 39: 21.7s  total: 88.3s  (40/100)
[2026-04-28 07:01:11] ds_online_v2 cases_012  steps  41- 49: 20.8s  total: 109.1s  (50/100)
[2026-04-28 07:01:32] ds_online_v2 cases_012  steps  51- 59: 21.1s  total: 130.2s  (60/100)
[2026-04-28 07:01:53] ds_online_v2 cases_012  steps  61- 69: 20.7s  total: 150.9s  (70/100)
[2026-04-28 07:02:14] ds_online_v2 cases_012  steps  71- 79: 21.0s  total: 171.9s  (80/100)
[2026-04-28 07:02:36] ds_online_v2 cases_012  steps  81- 89: 21.4s  total: 193.3s  (90/100)
[2026-04-28 07:02:59] ds_online_v2 cases_012  steps  91- 99: 22.9s  total: 216.3s  (100/100)
[2026-04-28 07:02:59] DONE ds_online_v2 cases_012  total: 216.3s  (2.16s/step)
[2026-04-28 07:02:59]   tokens: 114,002 in + 6,456 out (reasoning: 0)  cost: $0.0379
[2026-04-28 07:02:59] START ds_online_v2 cases_013 (100 steps, two-turn)
[2026-04-28 07:03:22] ds_online_v2 cases_013  steps   1-  9: 23.1s  total: 23.1s  (10/100)
[2026-04-28 07:03:43] ds_online_v2 cases_013  steps  11- 19: 21.3s  total: 44.4s  (20/100)
[2026-04-28 07:04:04] ds_online_v2 cases_013  steps  21- 29: 20.1s  total: 64.5s  (30/100)
[2026-04-28 07:04:23] ds_online_v2 cases_013  steps  31- 39: 19.3s  total: 83.9s  (40/100)
[2026-04-28 07:04:43] ds_online_v2 cases_013  steps  41- 49: 19.7s  total: 103.6s  (50/100)
[2026-04-28 07:05:03] ds_online_v2 cases_013  steps  51- 59: 20.7s  total: 124.3s  (60/100)
[2026-04-28 07:05:23] ds_online_v2 cases_013  steps  61- 69: 19.7s  total: 144.0s  (70/100)
[2026-04-28 07:09:45] ds_online_v2 cases_013  steps  71- 79: 261.7s  total: 405.7s  (80/100)
[2026-04-28 07:11:46] ds_online_v2 cases_013  steps  81- 89: 121.7s  total: 527.4s  (90/100)
[2026-04-28 07:12:17] ds_online_v2 cases_013  steps  91- 99: 30.5s  total: 557.9s  (100/100)
[2026-04-28 07:12:17] DONE ds_online_v2 cases_013  total: 557.9s  (5.58s/step)
[2026-04-28 07:12:17]   tokens: 112,144 in + 5,517 out (reasoning: 0)  cost: $0.0363
[2026-04-28 07:12:17] START ds_online_v2 cases_014 (100 steps, two-turn)
[2026-04-28 07:12:40] ds_online_v2 cases_014  steps   1-  9: 23.0s  total: 23.0s  (10/100)
[2026-04-28 07:13:01] ds_online_v2 cases_014  steps  11- 19: 20.1s  total: 43.1s  (20/100)
[2026-04-28 07:13:20] ds_online_v2 cases_014  steps  21- 29: 19.5s  total: 62.6s  (30/100)
[2026-04-28 07:13:40] ds_online_v2 cases_014  steps  31- 39: 19.8s  total: 82.4s  (40/100)
[2026-04-28 07:14:02] ds_online_v2 cases_014  steps  41- 49: 22.1s  total: 104.6s  (50/100)
[2026-04-28 07:14:48] ds_online_v2 cases_014  steps  51- 59: 46.1s  total: 150.7s  (60/100)
[2026-04-28 07:15:26] ds_online_v2 cases_014  steps  61- 69: 37.7s  total: 188.4s  (70/100)
[2026-04-28 07:16:04] ds_online_v2 cases_014  steps  71- 79: 37.7s  total: 226.1s  (80/100)
[2026-04-28 07:16:34] ds_online_v2 cases_014  steps  81- 89: 30.5s  total: 256.6s  (90/100)
[2026-04-28 07:17:04] ds_online_v2 cases_014  steps  91- 99: 30.0s  total: 286.5s  (100/100)
[2026-04-28 07:17:04] DONE ds_online_v2 cases_014  total: 286.5s  (2.87s/step)
[2026-04-28 07:17:04]   tokens: 109,882 in + 4,389 out (reasoning: 0)  cost: $0.0345
[2026-04-28 07:17:04] START ds_online_v2 cases_015 (100 steps, two-turn)
[2026-04-28 07:17:34] ds_online_v2 cases_015  steps   1-  9: 29.6s  total: 29.6s  (10/100)
[2026-04-28 07:18:03] ds_online_v2 cases_015  steps  11- 19: 28.8s  total: 58.4s  (20/100)
[2026-04-28 07:18:34] ds_online_v2 cases_015  steps  21- 29: 30.7s  total: 89.1s  (30/100)
[2026-04-28 07:19:05] ds_online_v2 cases_015  steps  31- 39: 31.1s  total: 120.2s  (40/100)
[2026-04-28 07:19:37] ds_online_v2 cases_015  steps  41- 49: 32.3s  total: 152.5s  (50/100)
[2026-04-28 07:20:10] ds_online_v2 cases_015  steps  51- 59: 32.9s  total: 185.3s  (60/100)
[2026-04-28 07:20:46] ds_online_v2 cases_015  steps  61- 69: 36.3s  total: 221.6s  (70/100)
[2026-04-28 07:21:20] ds_online_v2 cases_015  steps  71- 79: 33.9s  total: 255.5s  (80/100)
[2026-04-28 07:21:50] ds_online_v2 cases_015  steps  81- 89: 30.5s  total: 286.0s  (90/100)
[2026-04-28 07:22:21] ds_online_v2 cases_015  steps  91- 99: 30.5s  total: 316.5s  (100/100)
[2026-04-28 07:22:21] DONE ds_online_v2 cases_015  total: 316.5s  (3.17s/step)
[2026-04-28 07:22:21]   tokens: 111,006 in + 4,866 out (reasoning: 0)  cost: $0.0353
[2026-04-28 07:22:21] START ds_online_v2 cases_016 (100 steps, two-turn)
[2026-04-28 07:22:52] ds_online_v2 cases_016  steps   1-  9: 30.4s  total: 30.4s  (10/100)
[2026-04-28 07:23:24] ds_online_v2 cases_016  steps  11- 19: 31.7s  total: 62.1s  (20/100)
[2026-04-28 07:23:55] ds_online_v2 cases_016  steps  21- 29: 31.4s  total: 93.5s  (30/100)
[2026-04-28 07:24:29] ds_online_v2 cases_016  steps  31- 39: 34.4s  total: 127.9s  (40/100)
[2026-04-28 07:25:06] ds_online_v2 cases_016  steps  41- 49: 36.7s  total: 164.6s  (50/100)
[2026-04-28 07:25:45] ds_online_v2 cases_016  steps  51- 59: 38.9s  total: 203.5s  (60/100)
[2026-04-28 07:26:25] ds_online_v2 cases_016  steps  61- 69: 40.5s  total: 244.0s  (70/100)
[2026-04-28 07:27:11] ds_online_v2 cases_016  steps  71- 79: 45.6s  total: 289.6s  (80/100)
[2026-04-28 07:28:00] ds_online_v2 cases_016  steps  81- 89: 48.7s  total: 338.3s  (90/100)
[2026-04-28 07:28:59] ds_online_v2 cases_016  steps  91- 99: 59.5s  total: 397.8s  (100/100)
[2026-04-28 07:29:00] DONE ds_online_v2 cases_016  total: 397.8s  (3.98s/step)
[2026-04-28 07:29:00]   tokens: 116,396 in + 7,866 out (reasoning: 0)  cost: $0.0401
[2026-04-28 07:29:00] START ds_online_v2 cases_017 (100 steps, two-turn)
[2026-04-28 07:29:42] ds_online_v2 cases_017  steps   1-  9: 41.8s  total: 41.8s  (10/100)
[2026-04-28 07:30:10] ds_online_v2 cases_017  steps  11- 19: 28.2s  total: 70.0s  (20/100)
[2026-04-28 07:30:33] ds_online_v2 cases_017  steps  21- 29: 23.3s  total: 93.4s  (30/100)
[2026-04-28 07:30:54] ds_online_v2 cases_017  steps  31- 39: 20.4s  total: 113.8s  (40/100)
[2026-04-28 07:31:14] ds_online_v2 cases_017  steps  41- 49: 20.4s  total: 134.2s  (50/100)
[2026-04-28 07:31:34] ds_online_v2 cases_017  steps  51- 59: 20.0s  total: 154.1s  (60/100)
[2026-04-28 07:31:54] ds_online_v2 cases_017  steps  61- 69: 20.4s  total: 174.5s  (70/100)
[2026-04-28 07:32:17] ds_online_v2 cases_017  steps  71- 79: 22.4s  total: 196.9s  (80/100)
[2026-04-28 07:32:37] ds_online_v2 cases_017  steps  81- 89: 20.5s  total: 217.4s  (90/100)
[2026-04-28 07:32:57] ds_online_v2 cases_017  steps  91- 99: 19.6s  total: 237.0s  (100/100)
[2026-04-28 07:32:57] DONE ds_online_v2 cases_017  total: 237.0s  (2.37s/step)
[2026-04-28 07:32:57]   tokens: 109,176 in + 4,027 out (reasoning: 0)  cost: $0.0339
[2026-04-28 07:32:57] START ds_online_v2 cases_018 (100 steps, two-turn)
[2026-04-28 07:33:20] ds_online_v2 cases_018  steps   1-  9: 22.6s  total: 22.6s  (10/100)
[2026-04-28 07:33:44] ds_online_v2 cases_018  steps  11- 19: 24.0s  total: 46.6s  (20/100)
[2026-04-28 07:34:05] ds_online_v2 cases_018  steps  21- 29: 20.8s  total: 67.5s  (30/100)
[2026-04-28 07:34:26] ds_online_v2 cases_018  steps  31- 39: 21.7s  total: 89.1s  (40/100)
[2026-04-28 07:34:48] ds_online_v2 cases_018  steps  41- 49: 22.0s  total: 111.1s  (50/100)
[2026-04-28 07:35:10] ds_online_v2 cases_018  steps  51- 59: 21.5s  total: 132.6s  (60/100)
[2026-04-28 07:35:30] ds_online_v2 cases_018  steps  61- 69: 20.6s  total: 153.2s  (70/100)
[2026-04-28 07:35:52] ds_online_v2 cases_018  steps  71- 79: 21.6s  total: 174.8s  (80/100)
[2026-04-28 07:36:14] ds_online_v2 cases_018  steps  81- 89: 21.9s  total: 196.6s  (90/100)
[2026-04-28 07:36:35] ds_online_v2 cases_018  steps  91- 99: 21.5s  total: 218.1s  (100/100)
[2026-04-28 07:36:36] DONE ds_online_v2 cases_018  total: 218.1s  (2.18s/step)
[2026-04-28 07:36:36]   tokens: 112,298 in + 5,574 out (reasoning: 0)  cost: $0.0365
[2026-04-28 07:36:36] START ds_online_v2 cases_019 (100 steps, two-turn)
[2026-04-28 07:36:54] ds_online_v2 cases_019  steps   1-  9: 18.0s  total: 18.0s  (10/100)
[2026-04-28 07:37:12] ds_online_v2 cases_019  steps  11- 19: 17.8s  total: 35.8s  (20/100)
[2026-04-28 07:37:28] ds_online_v2 cases_019  steps  21- 29: 16.7s  total: 52.6s  (30/100)
[2026-04-28 07:37:48] ds_online_v2 cases_019  steps  31- 39: 20.0s  total: 72.6s  (40/100)
[2026-04-28 07:38:16] ds_online_v2 cases_019  steps  41- 49: 27.1s  total: 99.7s  (50/100)
[2026-04-28 07:38:42] ds_online_v2 cases_019  steps  51- 59: 26.8s  total: 126.5s  (60/100)
[2026-04-28 07:39:12] ds_online_v2 cases_019  steps  61- 69: 29.5s  total: 156.0s  (70/100)
[2026-04-28 07:39:50] ds_online_v2 cases_019  steps  71- 79: 37.7s  total: 193.6s  (80/100)
[2026-04-28 07:40:23] ds_online_v2 cases_019  steps  81- 89: 34.0s  total: 227.6s  (90/100)
[2026-04-28 07:40:51] ds_online_v2 cases_019  steps  91- 99: 27.7s  total: 255.3s  (100/100)
[2026-04-28 07:40:52] DONE ds_online_v2 cases_019  total: 255.3s  (2.55s/step)
[2026-04-28 07:40:52]   tokens: 120,162 in + 9,517 out (reasoning: 0)  cost: $0.0429
[2026-04-28 07:40:52] START ds_online_nohint_v2 cases_000 (100 steps, two-turn)
[2026-04-28 07:41:11] ds_online_nohint_v2 cases_000  steps   1-  9: 19.0s  total: 19.0s  (10/100)
[2026-04-28 07:41:31] ds_online_nohint_v2 cases_000  steps  11- 19: 20.0s  total: 39.0s  (20/100)
[2026-04-28 07:41:51] ds_online_nohint_v2 cases_000  steps  21- 29: 20.2s  total: 59.2s  (30/100)
[2026-04-28 07:42:11] ds_online_nohint_v2 cases_000  steps  31- 39: 19.9s  total: 79.1s  (40/100)
[2026-04-28 07:42:30] ds_online_nohint_v2 cases_000  steps  41- 49: 19.6s  total: 98.7s  (50/100)
[2026-04-28 07:42:50] ds_online_nohint_v2 cases_000  steps  51- 59: 19.8s  total: 118.5s  (60/100)
[2026-04-28 07:43:10] ds_online_nohint_v2 cases_000  steps  61- 69: 19.8s  total: 138.3s  (70/100)
[2026-04-28 07:43:30] ds_online_nohint_v2 cases_000  steps  71- 79: 20.4s  total: 158.7s  (80/100)
[2026-04-28 07:43:51] ds_online_nohint_v2 cases_000  steps  81- 89: 20.2s  total: 179.0s  (90/100)
[2026-04-28 07:44:10] ds_online_nohint_v2 cases_000  steps  91- 99: 19.7s  total: 198.6s  (100/100)
[2026-04-28 07:44:11] DONE ds_online_nohint_v2 cases_000  total: 198.6s  (1.99s/step)
[2026-04-28 07:44:11]   tokens: 109,352 in + 5,116 out (reasoning: 0)  cost: $0.0352
[2026-04-28 07:44:11] START ds_online_nohint_v2 cases_001 (100 steps, two-turn)
[2026-04-28 07:44:30] ds_online_nohint_v2 cases_001  steps   1-  9: 19.4s  total: 19.4s  (10/100)
[2026-04-28 07:44:47] ds_online_nohint_v2 cases_001  steps  11- 19: 17.2s  total: 36.6s  (20/100)
[2026-04-28 07:45:05] ds_online_nohint_v2 cases_001  steps  21- 29: 17.4s  total: 54.0s  (30/100)
[2026-04-28 07:45:25] ds_online_nohint_v2 cases_001  steps  31- 39: 20.3s  total: 74.4s  (40/100)
[2026-04-28 07:45:47] ds_online_nohint_v2 cases_001  steps  41- 49: 22.3s  total: 96.7s  (50/100)
[2026-04-28 07:46:08] ds_online_nohint_v2 cases_001  steps  51- 59: 20.2s  total: 116.9s  (60/100)
[2026-04-28 07:46:30] ds_online_nohint_v2 cases_001  steps  61- 69: 22.1s  total: 138.9s  (70/100)
[2026-04-28 07:46:50] ds_online_nohint_v2 cases_001  steps  71- 79: 20.5s  total: 159.4s  (80/100)
[2026-04-28 07:47:11] ds_online_nohint_v2 cases_001  steps  81- 89: 20.6s  total: 180.0s  (90/100)
[2026-04-28 07:47:32] ds_online_nohint_v2 cases_001  steps  91- 99: 21.2s  total: 201.2s  (100/100)
[2026-04-28 07:47:32] DONE ds_online_nohint_v2 cases_001  total: 201.2s  (2.01s/step)
[2026-04-28 07:47:32]   tokens: 109,442 in + 5,171 out (reasoning: 0)  cost: $0.0352
[2026-04-28 07:47:32] START ds_online_nohint_v2 cases_002 (100 steps, two-turn)
[2026-04-28 07:47:56] ds_online_nohint_v2 cases_002  steps   1-  9: 23.3s  total: 23.3s  (10/100)
[2026-04-28 07:48:17] ds_online_nohint_v2 cases_002  steps  11- 19: 21.2s  total: 44.5s  (20/100)
[2026-04-28 07:48:38] ds_online_nohint_v2 cases_002  steps  21- 29: 20.6s  total: 65.1s  (30/100)
[2026-04-28 07:48:58] ds_online_nohint_v2 cases_002  steps  31- 39: 20.4s  total: 85.5s  (40/100)
[2026-04-28 07:49:19] ds_online_nohint_v2 cases_002  steps  41- 49: 21.4s  total: 106.8s  (50/100)
[2026-04-28 07:49:40] ds_online_nohint_v2 cases_002  steps  51- 59: 21.2s  total: 128.0s  (60/100)
[2026-04-28 07:50:02] ds_online_nohint_v2 cases_002  steps  61- 69: 21.3s  total: 149.3s  (70/100)
[2026-04-28 07:50:23] ds_online_nohint_v2 cases_002  steps  71- 79: 21.4s  total: 170.7s  (80/100)
[2026-04-28 07:50:44] ds_online_nohint_v2 cases_002  steps  81- 89: 20.6s  total: 191.3s  (90/100)
[2026-04-28 07:51:05] ds_online_nohint_v2 cases_002  steps  91- 99: 21.0s  total: 212.3s  (100/100)
[2026-04-28 07:51:05] DONE ds_online_nohint_v2 cases_002  total: 212.3s  (2.12s/step)
[2026-04-28 07:51:05]   tokens: 111,362 in + 6,128 out (reasoning: 0)  cost: $0.0368
[2026-04-28 07:51:05] START ds_online_nohint_v2 cases_003 (100 steps, two-turn)
[2026-04-28 07:51:27] ds_online_nohint_v2 cases_003  steps   1-  9: 22.2s  total: 22.2s  (10/100)
[2026-04-28 07:51:51] ds_online_nohint_v2 cases_003  steps  11- 19: 23.4s  total: 45.6s  (20/100)
[2026-04-28 07:52:12] ds_online_nohint_v2 cases_003  steps  21- 29: 21.0s  total: 66.5s  (30/100)
[2026-04-28 07:52:36] ds_online_nohint_v2 cases_003  steps  31- 39: 24.7s  total: 91.3s  (40/100)
[2026-04-28 07:52:58] ds_online_nohint_v2 cases_003  steps  41- 49: 21.6s  total: 112.8s  (50/100)
[2026-04-28 07:53:20] ds_online_nohint_v2 cases_003  steps  51- 59: 22.4s  total: 135.2s  (60/100)
[2026-04-28 07:53:42] ds_online_nohint_v2 cases_003  steps  61- 69: 21.6s  total: 156.8s  (70/100)
[2026-04-28 07:54:03] ds_online_nohint_v2 cases_003  steps  71- 79: 21.1s  total: 177.9s  (80/100)
[2026-04-28 07:54:25] ds_online_nohint_v2 cases_003  steps  81- 89: 22.4s  total: 200.3s  (90/100)
[2026-04-28 07:54:47] ds_online_nohint_v2 cases_003  steps  91- 99: 21.7s  total: 222.0s  (100/100)
[2026-04-28 07:54:48] DONE ds_online_nohint_v2 cases_003  total: 222.0s  (2.22s/step)
[2026-04-28 07:54:48]   tokens: 112,714 in + 6,628 out (reasoning: 0)  cost: $0.0377
[2026-04-28 07:54:48] START ds_online_nohint_v2 cases_004 (100 steps, two-turn)
[2026-04-28 07:55:07] ds_online_nohint_v2 cases_004  steps   1-  9: 18.9s  total: 18.9s  (10/100)
[2026-04-28 07:55:26] ds_online_nohint_v2 cases_004  steps  11- 19: 19.3s  total: 38.2s  (20/100)
[2026-04-28 07:55:45] ds_online_nohint_v2 cases_004  steps  21- 29: 19.3s  total: 57.5s  (30/100)
[2026-04-28 07:56:04] ds_online_nohint_v2 cases_004  steps  31- 39: 19.3s  total: 76.8s  (40/100)
[2026-04-28 07:56:24] ds_online_nohint_v2 cases_004  steps  41- 49: 19.8s  total: 96.6s  (50/100)
[2026-04-28 07:56:43] ds_online_nohint_v2 cases_004  steps  51- 59: 19.1s  total: 115.7s  (60/100)
[2026-04-28 07:57:05] ds_online_nohint_v2 cases_004  steps  61- 69: 21.5s  total: 137.1s  (70/100)
[2026-04-28 07:57:25] ds_online_nohint_v2 cases_004  steps  71- 79: 20.5s  total: 157.6s  (80/100)
[2026-04-28 07:57:47] ds_online_nohint_v2 cases_004  steps  81- 89: 21.7s  total: 179.3s  (90/100)
[2026-04-28 07:58:11] ds_online_nohint_v2 cases_004  steps  91- 99: 24.2s  total: 203.5s  (100/100)
[2026-04-28 07:58:12] DONE ds_online_nohint_v2 cases_004  total: 203.5s  (2.04s/step)
[2026-04-28 07:58:12]   tokens: 107,456 in + 4,239 out (reasoning: 0)  cost: $0.0337
[2026-04-28 07:58:12] START ds_online_nohint_v2 cases_005 (100 steps, two-turn)
[2026-04-28 07:58:30] ds_online_nohint_v2 cases_005  steps   1-  9: 18.7s  total: 18.7s  (10/100)
[2026-04-28 07:58:51] ds_online_nohint_v2 cases_005  steps  11- 19: 20.6s  total: 39.3s  (20/100)
[2026-04-28 07:59:09] ds_online_nohint_v2 cases_005  steps  21- 29: 18.5s  total: 57.7s  (30/100)
[2026-04-28 07:59:28] ds_online_nohint_v2 cases_005  steps  31- 39: 18.1s  total: 75.9s  (40/100)
[2026-04-28 07:59:46] ds_online_nohint_v2 cases_005  steps  41- 49: 18.0s  total: 93.9s  (50/100)
[2026-04-28 08:00:03] ds_online_nohint_v2 cases_005  steps  51- 59: 17.9s  total: 111.8s  (60/100)
[2026-04-28 08:00:22] ds_online_nohint_v2 cases_005  steps  61- 69: 18.4s  total: 130.2s  (70/100)
[2026-04-28 08:00:41] ds_online_nohint_v2 cases_005  steps  71- 79: 18.9s  total: 149.1s  (80/100)
[2026-04-28 08:00:59] ds_online_nohint_v2 cases_005  steps  81- 89: 18.3s  total: 167.4s  (90/100)
[2026-04-28 08:01:18] ds_online_nohint_v2 cases_005  steps  91- 99: 18.5s  total: 185.9s  (100/100)
[2026-04-28 08:01:18] DONE ds_online_nohint_v2 cases_005  total: 185.9s  (1.86s/step)
[2026-04-28 08:01:18]   tokens: 106,234 in + 3,450 out (reasoning: 0)  cost: $0.0325
[2026-04-28 08:01:18] START ds_online_nohint_v2 cases_006 (100 steps, two-turn)
[2026-04-28 08:01:37] ds_online_nohint_v2 cases_006  steps   1-  9: 18.8s  total: 18.8s  (10/100)
[2026-04-28 08:01:56] ds_online_nohint_v2 cases_006  steps  11- 19: 19.2s  total: 38.0s  (20/100)
[2026-04-28 08:02:15] ds_online_nohint_v2 cases_006  steps  21- 29: 19.3s  total: 57.3s  (30/100)
[2026-04-28 08:02:37] ds_online_nohint_v2 cases_006  steps  31- 39: 21.6s  total: 79.0s  (40/100)
[2026-04-28 08:03:01] ds_online_nohint_v2 cases_006  steps  41- 49: 24.2s  total: 103.2s  (50/100)
[2026-04-28 08:03:21] ds_online_nohint_v2 cases_006  steps  51- 59: 19.8s  total: 123.0s  (60/100)
[2026-04-28 08:03:44] ds_online_nohint_v2 cases_006  steps  61- 69: 22.8s  total: 145.8s  (70/100)
[2026-04-28 08:04:04] ds_online_nohint_v2 cases_006  steps  71- 79: 19.6s  total: 165.4s  (80/100)
[2026-04-28 08:04:24] ds_online_nohint_v2 cases_006  steps  81- 89: 20.7s  total: 186.2s  (90/100)
[2026-04-28 08:04:44] ds_online_nohint_v2 cases_006  steps  91- 99: 19.4s  total: 205.5s  (100/100)
[2026-04-28 08:04:44] DONE ds_online_nohint_v2 cases_006  total: 205.5s  (2.06s/step)
[2026-04-28 08:04:44]   tokens: 108,202 in + 4,534 out (reasoning: 0)  cost: $0.0342
[2026-04-28 08:04:44] START ds_online_nohint_v2 cases_007 (100 steps, two-turn)
[2026-04-28 08:05:05] ds_online_nohint_v2 cases_007  steps   1-  9: 21.0s  total: 21.0s  (10/100)
[2026-04-28 08:05:26] ds_online_nohint_v2 cases_007  steps  11- 19: 20.6s  total: 41.5s  (20/100)
[2026-04-28 08:05:45] ds_online_nohint_v2 cases_007  steps  21- 29: 19.3s  total: 60.8s  (30/100)
[2026-04-28 08:06:06] ds_online_nohint_v2 cases_007  steps  31- 39: 20.8s  total: 81.6s  (40/100)
[2026-04-28 08:06:25] ds_online_nohint_v2 cases_007  steps  41- 49: 19.7s  total: 101.3s  (50/100)
[2026-04-28 08:06:45] ds_online_nohint_v2 cases_007  steps  51- 59: 20.0s  total: 121.2s  (60/100)
[2026-04-28 08:07:06] ds_online_nohint_v2 cases_007  steps  61- 69: 20.3s  total: 141.6s  (70/100)
[2026-04-28 08:07:25] ds_online_nohint_v2 cases_007  steps  71- 79: 19.6s  total: 161.2s  (80/100)
[2026-04-28 08:07:46] ds_online_nohint_v2 cases_007  steps  81- 89: 20.6s  total: 181.8s  (90/100)
[2026-04-28 08:08:07] ds_online_nohint_v2 cases_007  steps  91- 99: 20.5s  total: 202.3s  (100/100)
[2026-04-28 08:08:07] DONE ds_online_nohint_v2 cases_007  total: 202.3s  (2.02s/step)
[2026-04-28 08:08:07]   tokens: 109,110 in + 4,993 out (reasoning: 0)  cost: $0.0350
[2026-04-28 08:08:07] START ds_online_nohint_v2 cases_008 (100 steps, two-turn)
[2026-04-28 08:08:28] ds_online_nohint_v2 cases_008  steps   1-  9: 20.7s  total: 20.7s  (10/100)
[2026-04-28 08:08:50] ds_online_nohint_v2 cases_008  steps  11- 19: 22.0s  total: 42.7s  (20/100)
[2026-04-28 08:09:11] ds_online_nohint_v2 cases_008  steps  21- 29: 21.3s  total: 64.0s  (30/100)
[2026-04-28 08:09:33] ds_online_nohint_v2 cases_008  steps  31- 39: 22.0s  total: 86.0s  (40/100)
[2026-04-28 08:09:55] ds_online_nohint_v2 cases_008  steps  41- 49: 21.7s  total: 107.6s  (50/100)
[2026-04-28 08:10:16] ds_online_nohint_v2 cases_008  steps  51- 59: 21.6s  total: 129.2s  (60/100)
[2026-04-28 08:10:34] ds_online_nohint_v2 cases_008  steps  61- 69: 18.1s  total: 147.3s  (70/100)
[2026-04-28 08:10:53] ds_online_nohint_v2 cases_008  steps  71- 79: 18.5s  total: 165.7s  (80/100)
[2026-04-28 08:11:12] ds_online_nohint_v2 cases_008  steps  81- 89: 19.1s  total: 184.8s  (90/100)
[2026-04-28 08:11:31] ds_online_nohint_v2 cases_008  steps  91- 99: 19.0s  total: 203.9s  (100/100)
[2026-04-28 08:11:31] DONE ds_online_nohint_v2 cases_008  total: 203.9s  (2.04s/step)
[2026-04-28 08:11:31]   tokens: 110,330 in + 5,515 out (reasoning: 0)  cost: $0.0359
[2026-04-28 08:11:31] START ds_online_nohint_v2 cases_009 (100 steps, two-turn)
[2026-04-28 08:11:49] ds_online_nohint_v2 cases_009  steps   1-  9: 17.2s  total: 17.2s  (10/100)
[2026-04-28 08:12:06] ds_online_nohint_v2 cases_009  steps  11- 19: 17.3s  total: 34.4s  (20/100)
[2026-04-28 08:12:23] ds_online_nohint_v2 cases_009  steps  21- 29: 17.2s  total: 51.6s  (30/100)
[2026-04-28 08:12:43] ds_online_nohint_v2 cases_009  steps  31- 39: 19.9s  total: 71.5s  (40/100)
[2026-04-28 08:13:03] ds_online_nohint_v2 cases_009  steps  41- 49: 20.0s  total: 91.6s  (50/100)
[2026-04-28 08:13:22] ds_online_nohint_v2 cases_009  steps  51- 59: 19.3s  total: 110.9s  (60/100)
[2026-04-28 08:13:42] ds_online_nohint_v2 cases_009  steps  61- 69: 19.6s  total: 130.5s  (70/100)
[2026-04-28 08:14:02] ds_online_nohint_v2 cases_009  steps  71- 79: 20.0s  total: 150.5s  (80/100)
[2026-04-28 08:14:28] ds_online_nohint_v2 cases_009  steps  81- 89: 26.0s  total: 176.5s  (90/100)
[2026-04-28 08:14:47] ds_online_nohint_v2 cases_009  steps  91- 99: 19.4s  total: 195.9s  (100/100)
[2026-04-28 08:14:48] DONE ds_online_nohint_v2 cases_009  total: 195.9s  (1.96s/step)
[2026-04-28 08:14:48]   tokens: 108,828 in + 4,824 out (reasoning: 0)  cost: $0.0347
[2026-04-28 08:14:48] START ds_online_nohint_v2 cases_010 (100 steps, two-turn)
[2026-04-28 08:15:05] ds_online_nohint_v2 cases_010  steps   1-  9: 16.8s  total: 16.8s  (10/100)
[2026-04-28 08:15:22] ds_online_nohint_v2 cases_010  steps  11- 19: 17.5s  total: 34.3s  (20/100)
[2026-04-28 08:15:38] ds_online_nohint_v2 cases_010  steps  21- 29: 16.3s  total: 50.6s  (30/100)
[2026-04-28 08:15:56] ds_online_nohint_v2 cases_010  steps  31- 39: 18.0s  total: 68.6s  (40/100)
[2026-04-28 08:16:21] ds_online_nohint_v2 cases_010  steps  41- 49: 24.8s  total: 93.4s  (50/100)
[2026-04-28 08:16:40] ds_online_nohint_v2 cases_010  steps  51- 59: 19.2s  total: 112.6s  (60/100)
[2026-04-28 08:17:01] ds_online_nohint_v2 cases_010  steps  61- 69: 20.3s  total: 132.9s  (70/100)
[2026-04-28 08:17:20] ds_online_nohint_v2 cases_010  steps  71- 79: 19.2s  total: 152.1s  (80/100)
[2026-04-28 08:17:47] ds_online_nohint_v2 cases_010  steps  81- 89: 26.8s  total: 178.9s  (90/100)
[2026-04-28 08:18:11] ds_online_nohint_v2 cases_010  steps  91- 99: 24.5s  total: 203.4s  (100/100)
[2026-04-28 08:18:12] DONE ds_online_nohint_v2 cases_010  total: 203.4s  (2.03s/step)
[2026-04-28 08:18:12]   tokens: 109,772 in + 5,374 out (reasoning: 0)  cost: $0.0355
[2026-04-28 08:18:12] START ds_online_nohint_v2 cases_011 (100 steps, two-turn)
[2026-04-28 08:18:32] ds_online_nohint_v2 cases_011  steps   1-  9: 20.0s  total: 20.0s  (10/100)
[2026-04-28 08:18:48] ds_online_nohint_v2 cases_011  steps  11- 19: 16.9s  total: 36.8s  (20/100)
[2026-04-28 08:19:05] ds_online_nohint_v2 cases_011  steps  21- 29: 16.9s  total: 53.8s  (30/100)
[2026-04-28 08:19:23] ds_online_nohint_v2 cases_011  steps  31- 39: 17.2s  total: 70.9s  (40/100)
[2026-04-28 08:19:39] ds_online_nohint_v2 cases_011  steps  41- 49: 16.7s  total: 87.6s  (50/100)
[2026-04-28 08:19:56] ds_online_nohint_v2 cases_011  steps  51- 59: 16.8s  total: 104.3s  (60/100)
[2026-04-28 08:20:13] ds_online_nohint_v2 cases_011  steps  61- 69: 17.0s  total: 121.4s  (70/100)
[2026-04-28 08:20:30] ds_online_nohint_v2 cases_011  steps  71- 79: 17.0s  total: 138.4s  (80/100)
[2026-04-28 08:20:48] ds_online_nohint_v2 cases_011  steps  81- 89: 17.7s  total: 156.1s  (90/100)
[2026-04-28 08:21:05] ds_online_nohint_v2 cases_011  steps  91- 99: 17.2s  total: 173.3s  (100/100)
[2026-04-28 08:21:05] DONE ds_online_nohint_v2 cases_011  total: 173.3s  (1.73s/step)
[2026-04-28 08:21:05]   tokens: 104,860 in + 2,844 out (reasoning: 0)  cost: $0.0314
[2026-04-28 08:21:05] START ds_online_nohint_v2 cases_012 (100 steps, two-turn)
[2026-04-28 08:21:28] ds_online_nohint_v2 cases_012  steps   1-  9: 22.4s  total: 22.4s  (10/100)
[2026-04-28 08:21:47] ds_online_nohint_v2 cases_012  steps  11- 19: 18.8s  total: 41.2s  (20/100)
[2026-04-28 08:22:06] ds_online_nohint_v2 cases_012  steps  21- 29: 19.2s  total: 60.4s  (30/100)
[2026-04-28 08:22:25] ds_online_nohint_v2 cases_012  steps  31- 39: 19.4s  total: 79.8s  (40/100)
[2026-04-28 08:22:45] ds_online_nohint_v2 cases_012  steps  41- 49: 19.6s  total: 99.4s  (50/100)
[2026-04-28 08:23:04] ds_online_nohint_v2 cases_012  steps  51- 59: 19.4s  total: 118.8s  (60/100)
[2026-04-28 08:23:23] ds_online_nohint_v2 cases_012  steps  61- 69: 18.9s  total: 137.7s  (70/100)
[2026-04-28 08:23:42] ds_online_nohint_v2 cases_012  steps  71- 79: 18.8s  total: 156.5s  (80/100)
[2026-04-28 08:24:01] ds_online_nohint_v2 cases_012  steps  81- 89: 18.9s  total: 175.4s  (90/100)
[2026-04-28 08:24:20] ds_online_nohint_v2 cases_012  steps  91- 99: 19.5s  total: 194.9s  (100/100)
[2026-04-28 08:24:21] DONE ds_online_nohint_v2 cases_012  total: 194.9s  (1.95s/step)
[2026-04-28 08:24:21]   tokens: 108,482 in + 4,664 out (reasoning: 0)  cost: $0.0344
[2026-04-28 08:24:21] START ds_online_nohint_v2 cases_013 (100 steps, two-turn)
[2026-04-28 08:24:41] ds_online_nohint_v2 cases_013  steps   1-  9: 19.8s  total: 19.8s  (10/100)
[2026-04-28 08:25:17] ds_online_nohint_v2 cases_013  steps  11- 19: 36.0s  total: 55.8s  (20/100)
[2026-04-28 08:26:01] ds_online_nohint_v2 cases_013  steps  21- 29: 44.6s  total: 100.4s  (30/100)
[2026-04-28 08:26:21] ds_online_nohint_v2 cases_013  steps  31- 39: 20.0s  total: 120.4s  (40/100)
[2026-04-28 08:26:45] ds_online_nohint_v2 cases_013  steps  41- 49: 23.8s  total: 144.2s  (50/100)
[2026-04-28 08:27:10] ds_online_nohint_v2 cases_013  steps  51- 59: 25.0s  total: 169.2s  (60/100)
[2026-04-28 08:27:35] ds_online_nohint_v2 cases_013  steps  61- 69: 24.9s  total: 194.2s  (70/100)
[2026-04-28 08:28:18] ds_online_nohint_v2 cases_013  steps  71- 79: 42.6s  total: 236.8s  (80/100)
[2026-04-28 08:28:59] ds_online_nohint_v2 cases_013  steps  81- 89: 41.4s  total: 278.3s  (90/100)
[2026-04-28 08:29:50] ds_online_nohint_v2 cases_013  steps  91- 99: 51.3s  total: 329.6s  (100/100)
[2026-04-28 08:29:51] DONE ds_online_nohint_v2 cases_013  total: 329.6s  (3.30s/step)
[2026-04-28 08:29:51]   tokens: 130,900 in + 16,292 out (reasoning: 0)  cost: $0.0533
[2026-04-28 08:29:51] START ds_online_nohint_v2 cases_014 (100 steps, two-turn)
[2026-04-28 08:30:09] ds_online_nohint_v2 cases_014  steps   1-  9: 18.1s  total: 18.1s  (10/100)
[2026-04-28 08:30:29] ds_online_nohint_v2 cases_014  steps  11- 19: 20.5s  total: 38.6s  (20/100)
[2026-04-28 08:30:48] ds_online_nohint_v2 cases_014  steps  21- 29: 18.8s  total: 57.4s  (30/100)
[2026-04-28 08:31:07] ds_online_nohint_v2 cases_014  steps  31- 39: 19.0s  total: 76.4s  (40/100)
[2026-04-28 08:31:25] ds_online_nohint_v2 cases_014  steps  41- 49: 18.1s  total: 94.4s  (50/100)
[2026-04-28 08:31:45] ds_online_nohint_v2 cases_014  steps  51- 59: 19.4s  total: 113.9s  (60/100)
[2026-04-28 08:32:06] ds_online_nohint_v2 cases_014  steps  61- 69: 21.4s  total: 135.3s  (70/100)
[2026-04-28 08:32:25] ds_online_nohint_v2 cases_014  steps  71- 79: 18.5s  total: 153.7s  (80/100)
[2026-04-28 08:32:44] ds_online_nohint_v2 cases_014  steps  81- 89: 19.1s  total: 172.8s  (90/100)
[2026-04-28 08:33:02] ds_online_nohint_v2 cases_014  steps  91- 99: 18.7s  total: 191.5s  (100/100)
[2026-04-28 08:33:03] DONE ds_online_nohint_v2 cases_014  total: 191.5s  (1.92s/step)
[2026-04-28 08:33:03]   tokens: 107,732 in + 4,304 out (reasoning: 0)  cost: $0.0338
[2026-04-28 08:33:03] START ds_online_nohint_v2 cases_015 (100 steps, two-turn)
[2026-04-28 08:33:20] ds_online_nohint_v2 cases_015  steps   1-  9: 17.3s  total: 17.3s  (10/100)
[2026-04-28 08:33:39] ds_online_nohint_v2 cases_015  steps  11- 19: 18.4s  total: 35.7s  (20/100)
[2026-04-28 08:34:02] ds_online_nohint_v2 cases_015  steps  21- 29: 23.5s  total: 59.2s  (30/100)
[2026-04-28 08:34:29] ds_online_nohint_v2 cases_015  steps  31- 39: 27.1s  total: 86.4s  (40/100)
[2026-04-28 08:35:00] ds_online_nohint_v2 cases_015  steps  41- 49: 30.7s  total: 117.1s  (50/100)
[2026-04-28 08:35:27] ds_online_nohint_v2 cases_015  steps  51- 59: 27.1s  total: 144.2s  (60/100)
[2026-04-28 08:35:52] ds_online_nohint_v2 cases_015  steps  61- 69: 24.9s  total: 169.1s  (70/100)
[2026-04-28 08:36:13] ds_online_nohint_v2 cases_015  steps  71- 79: 21.0s  total: 190.1s  (80/100)
[2026-04-28 08:36:34] ds_online_nohint_v2 cases_015  steps  81- 89: 20.5s  total: 210.7s  (90/100)
[2026-04-28 08:36:53] ds_online_nohint_v2 cases_015  steps  91- 99: 19.1s  total: 229.8s  (100/100)
[2026-04-28 08:36:53] DONE ds_online_nohint_v2 cases_015  total: 229.8s  (2.30s/step)
[2026-04-28 08:36:53]   tokens: 113,456 in + 7,154 out (reasoning: 0)  cost: $0.0385
[2026-04-28 08:36:53] START ds_online_nohint_v2 cases_016 (100 steps, two-turn)
[2026-04-28 08:37:11] ds_online_nohint_v2 cases_016  steps   1-  9: 18.0s  total: 18.0s  (10/100)
[2026-04-28 08:37:30] ds_online_nohint_v2 cases_016  steps  11- 19: 18.4s  total: 36.4s  (20/100)
[2026-04-28 08:37:48] ds_online_nohint_v2 cases_016  steps  21- 29: 18.1s  total: 54.5s  (30/100)
[2026-04-28 08:38:07] ds_online_nohint_v2 cases_016  steps  31- 39: 19.8s  total: 74.3s  (40/100)
[2026-04-28 08:38:34] ds_online_nohint_v2 cases_016  steps  41- 49: 26.4s  total: 100.7s  (50/100)
[2026-04-28 08:38:56] ds_online_nohint_v2 cases_016  steps  51- 59: 21.9s  total: 122.5s  (60/100)
[2026-04-28 08:39:15] ds_online_nohint_v2 cases_016  steps  61- 69: 19.1s  total: 141.7s  (70/100)
[2026-04-28 08:39:34] ds_online_nohint_v2 cases_016  steps  71- 79: 19.3s  total: 161.0s  (80/100)
[2026-04-28 08:39:54] ds_online_nohint_v2 cases_016  steps  81- 89: 19.5s  total: 180.5s  (90/100)
[2026-04-28 08:40:12] ds_online_nohint_v2 cases_016  steps  91- 99: 18.5s  total: 199.0s  (100/100)
[2026-04-28 08:40:13] DONE ds_online_nohint_v2 cases_016  total: 199.0s  (1.99s/step)
[2026-04-28 08:40:13]   tokens: 108,316 in + 4,582 out (reasoning: 0)  cost: $0.0343
[2026-04-28 08:40:13] START ds_online_nohint_v2 cases_017 (100 steps, two-turn)
[2026-04-28 08:40:33] ds_online_nohint_v2 cases_017  steps   1-  9: 20.3s  total: 20.3s  (10/100)
[2026-04-28 08:40:52] ds_online_nohint_v2 cases_017  steps  11- 19: 19.3s  total: 39.5s  (20/100)
[2026-04-28 08:41:13] ds_online_nohint_v2 cases_017  steps  21- 29: 20.3s  total: 59.9s  (30/100)
[2026-04-28 08:41:34] ds_online_nohint_v2 cases_017  steps  31- 39: 21.3s  total: 81.2s  (40/100)
[2026-04-28 08:41:55] ds_online_nohint_v2 cases_017  steps  41- 49: 21.0s  total: 102.2s  (50/100)
[2026-04-28 08:42:16] ds_online_nohint_v2 cases_017  steps  51- 59: 20.9s  total: 123.1s  (60/100)
[2026-04-28 08:42:37] ds_online_nohint_v2 cases_017  steps  61- 69: 21.1s  total: 144.2s  (70/100)
[2026-04-28 08:42:59] ds_online_nohint_v2 cases_017  steps  71- 79: 21.8s  total: 166.0s  (80/100)
[2026-04-28 08:43:20] ds_online_nohint_v2 cases_017  steps  81- 89: 21.6s  total: 187.6s  (90/100)
[2026-04-28 08:43:41] ds_online_nohint_v2 cases_017  steps  91- 99: 21.1s  total: 208.8s  (100/100)
[2026-04-28 08:43:42] DONE ds_online_nohint_v2 cases_017  total: 208.8s  (2.09s/step)
[2026-04-28 08:43:42]   tokens: 109,826 in + 5,356 out (reasoning: 0)  cost: $0.0355
[2026-04-28 08:43:42] START ds_online_nohint_v2 cases_018 (100 steps, two-turn)
[2026-04-28 08:44:00] ds_online_nohint_v2 cases_018  steps   1-  9: 18.5s  total: 18.5s  (10/100)
[2026-04-28 08:44:19] ds_online_nohint_v2 cases_018  steps  11- 19: 18.4s  total: 36.9s  (20/100)
[2026-04-28 08:44:38] ds_online_nohint_v2 cases_018  steps  21- 29: 19.0s  total: 55.9s  (30/100)
[2026-04-28 08:44:57] ds_online_nohint_v2 cases_018  steps  31- 39: 19.0s  total: 75.0s  (40/100)
[2026-04-28 08:45:16] ds_online_nohint_v2 cases_018  steps  41- 49: 18.8s  total: 93.7s  (50/100)
[2026-04-28 08:45:34] ds_online_nohint_v2 cases_018  steps  51- 59: 18.8s  total: 112.5s  (60/100)
[2026-04-28 08:45:53] ds_online_nohint_v2 cases_018  steps  61- 69: 18.6s  total: 131.1s  (70/100)
[2026-04-28 08:46:11] ds_online_nohint_v2 cases_018  steps  71- 79: 18.0s  total: 149.1s  (80/100)
[2026-04-28 08:46:29] ds_online_nohint_v2 cases_018  steps  81- 89: 17.8s  total: 166.9s  (90/100)
[2026-04-28 08:46:47] ds_online_nohint_v2 cases_018  steps  91- 99: 18.0s  total: 184.9s  (100/100)
[2026-04-28 08:46:47] DONE ds_online_nohint_v2 cases_018  total: 184.9s  (1.85s/step)
[2026-04-28 08:46:47]   tokens: 106,352 in + 3,500 out (reasoning: 0)  cost: $0.0326
[2026-04-28 08:46:47] START ds_online_nohint_v2 cases_019 (100 steps, two-turn)
[2026-04-28 08:47:05] ds_online_nohint_v2 cases_019  steps   1-  9: 17.9s  total: 17.9s  (10/100)
[2026-04-28 08:47:23] ds_online_nohint_v2 cases_019  steps  11- 19: 17.6s  total: 35.5s  (20/100)
[2026-04-28 08:47:41] ds_online_nohint_v2 cases_019  steps  21- 29: 18.0s  total: 53.5s  (30/100)
[2026-04-28 08:48:00] ds_online_nohint_v2 cases_019  steps  31- 39: 18.7s  total: 72.3s  (40/100)
[2026-04-28 08:48:18] ds_online_nohint_v2 cases_019  steps  41- 49: 18.1s  total: 90.4s  (50/100)
[2026-04-28 08:48:37] ds_online_nohint_v2 cases_019  steps  51- 59: 18.9s  total: 109.3s  (60/100)
[2026-04-28 08:48:56] ds_online_nohint_v2 cases_019  steps  61- 69: 19.0s  total: 128.3s  (70/100)
[2026-04-28 08:49:14] ds_online_nohint_v2 cases_019  steps  71- 79: 17.9s  total: 146.2s  (80/100)
[2026-04-28 08:49:32] ds_online_nohint_v2 cases_019  steps  81- 89: 18.3s  total: 164.5s  (90/100)
[2026-04-28 08:49:51] ds_online_nohint_v2 cases_019  steps  91- 99: 19.0s  total: 183.5s  (100/100)
[2026-04-28 08:49:51] DONE ds_online_nohint_v2 cases_019  total: 183.5s  (1.83s/step)
[2026-04-28 08:49:51]   tokens: 106,352 in + 3,500 out (reasoning: 0)  cost: $0.0326
[2026-04-28 08:49:51] START ds_online_nonote_v2 cases_000 (100 steps, nonote)
[2026-04-28 08:49:59] ds_online_nonote_v2 cases_000  steps   1-  9: 7.8s  total: 7.8s  (10/100)
[2026-04-28 08:50:07] ds_online_nonote_v2 cases_000  steps  11- 19: 8.3s  total: 16.1s  (20/100)
[2026-04-28 08:50:16] ds_online_nonote_v2 cases_000  steps  21- 29: 8.2s  total: 24.3s  (30/100)
[2026-04-28 08:50:24] ds_online_nonote_v2 cases_000  steps  31- 39: 8.1s  total: 32.4s  (40/100)
[2026-04-28 08:50:33] ds_online_nonote_v2 cases_000  steps  41- 49: 9.0s  total: 41.4s  (50/100)
[2026-04-28 08:50:42] ds_online_nonote_v2 cases_000  steps  51- 59: 9.7s  total: 51.1s  (60/100)
[2026-04-28 08:50:51] ds_online_nonote_v2 cases_000  steps  61- 69: 9.1s  total: 60.1s  (70/100)
[2026-04-28 08:51:01] ds_online_nonote_v2 cases_000  steps  71- 79: 9.3s  total: 69.4s  (80/100)
[2026-04-28 08:51:11] ds_online_nonote_v2 cases_000  steps  81- 89: 10.0s  total: 79.4s  (90/100)
[2026-04-28 08:51:20] ds_online_nonote_v2 cases_000  steps  91- 99: 9.3s  total: 88.7s  (100/100)
[2026-04-28 08:51:20] DONE ds_online_nonote_v2 cases_000  total: 88.7s  (0.89s/step)
[2026-04-28 08:51:20]   tokens: 338,650 in + 700 out (reasoning: 0)  cost: $0.0922
[2026-04-28 08:51:20] START ds_online_nonote_v2 cases_001 (100 steps, nonote)
[2026-04-28 08:51:29] ds_online_nonote_v2 cases_001  steps   1-  9: 8.8s  total: 8.8s  (10/100)
[2026-04-28 08:51:38] ds_online_nonote_v2 cases_001  steps  11- 19: 8.2s  total: 17.0s  (20/100)
[2026-04-28 08:51:46] ds_online_nonote_v2 cases_001  steps  21- 29: 8.8s  total: 25.9s  (30/100)
[2026-04-28 08:51:55] ds_online_nonote_v2 cases_001  steps  31- 39: 8.5s  total: 34.3s  (40/100)
[2026-04-28 08:52:03] ds_online_nonote_v2 cases_001  steps  41- 49: 8.2s  total: 42.6s  (50/100)
[2026-04-28 08:52:12] ds_online_nonote_v2 cases_001  steps  51- 59: 9.1s  total: 51.7s  (60/100)
[2026-04-28 08:52:21] ds_online_nonote_v2 cases_001  steps  61- 69: 9.1s  total: 60.8s  (70/100)
[2026-04-28 08:52:31] ds_online_nonote_v2 cases_001  steps  71- 79: 9.8s  total: 70.6s  (80/100)
[2026-04-28 08:52:41] ds_online_nonote_v2 cases_001  steps  81- 89: 9.6s  total: 80.2s  (90/100)
[2026-04-28 08:52:50] ds_online_nonote_v2 cases_001  steps  91- 99: 9.2s  total: 89.4s  (100/100)
[2026-04-28 08:52:50] DONE ds_online_nonote_v2 cases_001  total: 89.4s  (0.89s/step)
[2026-04-28 08:52:50]   tokens: 338,650 in + 700 out (reasoning: 0)  cost: $0.0922
[2026-04-28 08:52:50] START ds_online_nonote_v2 cases_002 (100 steps, nonote)
[2026-04-28 08:52:58] ds_online_nonote_v2 cases_002  steps   1-  9: 7.3s  total: 7.3s  (10/100)
[2026-04-28 08:53:06] ds_online_nonote_v2 cases_002  steps  11- 19: 7.9s  total: 15.2s  (20/100)
[2026-04-28 08:53:13] ds_online_nonote_v2 cases_002  steps  21- 29: 7.6s  total: 22.8s  (30/100)
[2026-04-28 08:53:21] ds_online_nonote_v2 cases_002  steps  31- 39: 8.2s  total: 31.0s  (40/100)
[2026-04-28 08:53:30] ds_online_nonote_v2 cases_002  steps  41- 49: 8.4s  total: 39.4s  (50/100)
[2026-04-28 08:53:39] ds_online_nonote_v2 cases_002  steps  51- 59: 9.6s  total: 49.0s  (60/100)
[2026-04-28 08:53:49] ds_online_nonote_v2 cases_002  steps  61- 69: 9.3s  total: 58.3s  (70/100)
[2026-04-28 08:53:58] ds_online_nonote_v2 cases_002  steps  71- 79: 9.2s  total: 67.6s  (80/100)
[2026-04-28 08:54:07] ds_online_nonote_v2 cases_002  steps  81- 89: 9.5s  total: 77.1s  (90/100)
[2026-04-28 08:54:17] ds_online_nonote_v2 cases_002  steps  91- 99: 9.4s  total: 86.5s  (100/100)
[2026-04-28 08:54:17] DONE ds_online_nonote_v2 cases_002  total: 86.5s  (0.87s/step)
[2026-04-28 08:54:17]   tokens: 338,650 in + 700 out (reasoning: 0)  cost: $0.0922
[2026-04-28 08:54:17] START ds_online_nonote_v2 cases_003 (100 steps, nonote)
[2026-04-28 08:54:25] ds_online_nonote_v2 cases_003  steps   1-  9: 8.1s  total: 8.1s  (10/100)
[2026-04-28 08:54:33] ds_online_nonote_v2 cases_003  steps  11- 19: 7.5s  total: 15.6s  (20/100)
[2026-04-28 08:54:41] ds_online_nonote_v2 cases_003  steps  21- 29: 8.2s  total: 23.8s  (30/100)
[2026-04-28 08:54:49] ds_online_nonote_v2 cases_003  steps  31- 39: 8.0s  total: 31.8s  (40/100)
[2026-04-28 08:54:58] ds_online_nonote_v2 cases_003  steps  41- 49: 8.9s  total: 40.8s  (50/100)
[2026-04-28 08:55:07] ds_online_nonote_v2 cases_003  steps  51- 59: 9.0s  total: 49.8s  (60/100)
[2026-04-28 08:55:16] ds_online_nonote_v2 cases_003  steps  61- 69: 9.2s  total: 58.9s  (70/100)
[2026-04-28 08:55:26] ds_online_nonote_v2 cases_003  steps  71- 79: 9.6s  total: 68.5s  (80/100)
[2026-04-28 08:55:36] ds_online_nonote_v2 cases_003  steps  81- 89: 9.9s  total: 78.4s  (90/100)
[2026-04-28 08:55:45] ds_online_nonote_v2 cases_003  steps  91- 99: 9.4s  total: 87.7s  (100/100)
[2026-04-28 08:55:45] DONE ds_online_nonote_v2 cases_003  total: 87.7s  (0.88s/step)
[2026-04-28 08:55:45]   tokens: 338,650 in + 700 out (reasoning: 0)  cost: $0.0922
[2026-04-28 08:55:46] START ds_online_nonote_v2 cases_004 (100 steps, nonote)
[2026-04-28 08:55:53] ds_online_nonote_v2 cases_004  steps   1-  9: 7.8s  total: 7.8s  (10/100)
[2026-04-28 08:56:01] ds_online_nonote_v2 cases_004  steps  11- 19: 7.8s  total: 15.6s  (20/100)
[2026-04-28 08:56:09] ds_online_nonote_v2 cases_004  steps  21- 29: 8.3s  total: 23.9s  (30/100)
[2026-04-28 08:56:18] ds_online_nonote_v2 cases_004  steps  31- 39: 8.2s  total: 32.1s  (40/100)
[2026-04-28 08:56:26] ds_online_nonote_v2 cases_004  steps  41- 49: 8.8s  total: 40.8s  (50/100)
[2026-04-28 08:56:36] ds_online_nonote_v2 cases_004  steps  51- 59: 9.5s  total: 50.3s  (60/100)
[2026-04-28 08:56:45] ds_online_nonote_v2 cases_004  steps  61- 69: 9.6s  total: 59.9s  (70/100)
[2026-04-28 08:56:55] ds_online_nonote_v2 cases_004  steps  71- 79: 9.4s  total: 69.3s  (80/100)
[2026-04-28 08:57:05] ds_online_nonote_v2 cases_004  steps  81- 89: 10.1s  total: 79.4s  (90/100)
[2026-04-28 08:57:14] ds_online_nonote_v2 cases_004  steps  91- 99: 9.4s  total: 88.8s  (100/100)
[2026-04-28 08:57:15] DONE ds_online_nonote_v2 cases_004  total: 88.8s  (0.89s/step)
[2026-04-28 08:57:15]   tokens: 338,650 in + 700 out (reasoning: 0)  cost: $0.0922
[2026-04-28 08:57:15] START ds_online_nonote_v2 cases_005 (100 steps, nonote)
[2026-04-28 08:57:23] ds_online_nonote_v2 cases_005  steps   1-  9: 7.9s  total: 7.9s  (10/100)
[2026-04-28 08:57:31] ds_online_nonote_v2 cases_005  steps  11- 19: 8.0s  total: 15.9s  (20/100)
[2026-04-28 08:57:39] ds_online_nonote_v2 cases_005  steps  21- 29: 8.1s  total: 24.0s  (30/100)
[2026-04-28 08:57:47] ds_online_nonote_v2 cases_005  steps  31- 39: 7.8s  total: 31.7s  (40/100)
[2026-04-28 08:57:55] ds_online_nonote_v2 cases_005  steps  41- 49: 9.0s  total: 40.7s  (50/100)
[2026-04-28 08:58:05] ds_online_nonote_v2 cases_005  steps  51- 59: 9.6s  total: 50.4s  (60/100)
[2026-04-28 08:58:14] ds_online_nonote_v2 cases_005  steps  61- 69: 9.2s  total: 59.5s  (70/100)
[2026-04-28 08:58:24] ds_online_nonote_v2 cases_005  steps  71- 79: 9.8s  total: 69.3s  (80/100)
[2026-04-28 08:58:34] ds_online_nonote_v2 cases_005  steps  81- 89: 9.7s  total: 79.0s  (90/100)
[2026-04-28 08:58:43] ds_online_nonote_v2 cases_005  steps  91- 99: 9.2s  total: 88.3s  (100/100)
[2026-04-28 08:58:43] DONE ds_online_nonote_v2 cases_005  total: 88.3s  (0.88s/step)
[2026-04-28 08:58:43]   tokens: 338,650 in + 700 out (reasoning: 0)  cost: $0.0922
[2026-04-28 08:58:44] START ds_online_nonote_v2 cases_006 (100 steps, nonote)
[2026-04-28 08:58:51] ds_online_nonote_v2 cases_006  steps   1-  9: 7.7s  total: 7.7s  (10/100)
[2026-04-28 08:58:59] ds_online_nonote_v2 cases_006  steps  11- 19: 8.1s  total: 15.8s  (20/100)
[2026-04-28 08:59:07] ds_online_nonote_v2 cases_006  steps  21- 29: 7.9s  total: 23.7s  (30/100)
[2026-04-28 08:59:15] ds_online_nonote_v2 cases_006  steps  31- 39: 8.0s  total: 31.7s  (40/100)
[2026-04-28 08:59:24] ds_online_nonote_v2 cases_006  steps  41- 49: 8.7s  total: 40.4s  (50/100)
[2026-04-28 08:59:33] ds_online_nonote_v2 cases_006  steps  51- 59: 9.2s  total: 49.7s  (60/100)
[2026-04-28 08:59:42] ds_online_nonote_v2 cases_006  steps  61- 69: 9.2s  total: 58.9s  (70/100)
[2026-04-28 08:59:52] ds_online_nonote_v2 cases_006  steps  71- 79: 9.4s  total: 68.4s  (80/100)
[2026-04-28 09:00:01] ds_online_nonote_v2 cases_006  steps  81- 89: 9.5s  total: 77.9s  (90/100)
[2026-04-28 09:00:11] ds_online_nonote_v2 cases_006  steps  91- 99: 9.6s  total: 87.4s  (100/100)
[2026-04-28 09:00:11] DONE ds_online_nonote_v2 cases_006  total: 87.4s  (0.87s/step)
[2026-04-28 09:00:11]   tokens: 338,650 in + 700 out (reasoning: 0)  cost: $0.0922
[2026-04-28 09:00:11] START ds_online_nonote_v2 cases_007 (100 steps, nonote)
[2026-04-28 09:00:20] ds_online_nonote_v2 cases_007  steps   1-  9: 8.2s  total: 8.2s  (10/100)
[2026-04-28 09:00:28] ds_online_nonote_v2 cases_007  steps  11- 19: 8.2s  total: 16.4s  (20/100)
[2026-04-28 09:00:36] ds_online_nonote_v2 cases_007  steps  21- 29: 8.0s  total: 24.3s  (30/100)
[2026-04-28 09:00:44] ds_online_nonote_v2 cases_007  steps  31- 39: 8.1s  total: 32.4s  (40/100)
[2026-04-28 09:00:56] ds_online_nonote_v2 cases_007  steps  41- 49: 12.3s  total: 44.8s  (50/100)
[2026-04-28 09:01:07] ds_online_nonote_v2 cases_007  steps  51- 59: 10.9s  total: 55.7s  (60/100)
[2026-04-28 09:01:17] ds_online_nonote_v2 cases_007  steps  61- 69: 9.5s  total: 65.1s  (70/100)
[2026-04-28 09:01:26] ds_online_nonote_v2 cases_007  steps  71- 79: 9.7s  total: 74.8s  (80/100)
[2026-04-28 09:01:36] ds_online_nonote_v2 cases_007  steps  81- 89: 9.6s  total: 84.5s  (90/100)
[2026-04-28 09:01:45] ds_online_nonote_v2 cases_007  steps  91- 99: 9.5s  total: 94.0s  (100/100)
[2026-04-28 09:01:46] DONE ds_online_nonote_v2 cases_007  total: 94.0s  (0.94s/step)
[2026-04-28 09:01:46]   tokens: 338,650 in + 700 out (reasoning: 0)  cost: $0.0922
[2026-04-28 09:01:46] START ds_online_nonote_v2 cases_008 (100 steps, nonote)
[2026-04-28 09:01:54] ds_online_nonote_v2 cases_008  steps   1-  9: 7.7s  total: 7.7s  (10/100)
[2026-04-28 09:02:02] ds_online_nonote_v2 cases_008  steps  11- 19: 7.9s  total: 15.6s  (20/100)
[2026-04-28 09:02:11] ds_online_nonote_v2 cases_008  steps  21- 29: 9.0s  total: 24.6s  (30/100)
[2026-04-28 09:02:19] ds_online_nonote_v2 cases_008  steps  31- 39: 8.0s  total: 32.7s  (40/100)
[2026-04-28 09:02:28] ds_online_nonote_v2 cases_008  steps  41- 49: 9.4s  total: 42.0s  (50/100)
[2026-04-28 09:02:37] ds_online_nonote_v2 cases_008  steps  51- 59: 9.4s  total: 51.4s  (60/100)
[2026-04-28 09:02:46] ds_online_nonote_v2 cases_008  steps  61- 69: 9.1s  total: 60.5s  (70/100)
[2026-04-28 09:02:56] ds_online_nonote_v2 cases_008  steps  71- 79: 9.8s  total: 70.3s  (80/100)
[2026-04-28 09:03:06] ds_online_nonote_v2 cases_008  steps  81- 89: 9.4s  total: 79.8s  (90/100)
[2026-04-28 09:03:15] ds_online_nonote_v2 cases_008  steps  91- 99: 9.3s  total: 89.1s  (100/100)
[2026-04-28 09:03:16] DONE ds_online_nonote_v2 cases_008  total: 89.1s  (0.89s/step)
[2026-04-28 09:03:16]   tokens: 338,650 in + 700 out (reasoning: 0)  cost: $0.0922
[2026-04-28 09:03:16] START ds_online_nonote_v2 cases_009 (100 steps, nonote)
[2026-04-28 09:03:23] ds_online_nonote_v2 cases_009  steps   1-  9: 7.8s  total: 7.8s  (10/100)
[2026-04-28 09:03:31] ds_online_nonote_v2 cases_009  steps  11- 19: 8.0s  total: 15.8s  (20/100)
[2026-04-28 09:03:39] ds_online_nonote_v2 cases_009  steps  21- 29: 7.8s  total: 23.7s  (30/100)
[2026-04-28 09:03:47] ds_online_nonote_v2 cases_009  steps  31- 39: 8.2s  total: 31.9s  (40/100)
[2026-04-28 09:03:56] ds_online_nonote_v2 cases_009  steps  41- 49: 8.6s  total: 40.5s  (50/100)
[2026-04-28 09:04:10] ds_online_nonote_v2 cases_009  steps  51- 59: 13.9s  total: 54.4s  (60/100)
[2026-04-28 09:04:19] ds_online_nonote_v2 cases_009  steps  61- 69: 9.4s  total: 63.8s  (70/100)
[2026-04-28 09:04:29] ds_online_nonote_v2 cases_009  steps  71- 79: 9.7s  total: 73.5s  (80/100)
[2026-04-28 09:04:40] ds_online_nonote_v2 cases_009  steps  81- 89: 10.5s  total: 84.0s  (90/100)
[2026-04-28 09:04:49] ds_online_nonote_v2 cases_009  steps  91- 99: 9.6s  total: 93.6s  (100/100)
[2026-04-28 09:04:50] DONE ds_online_nonote_v2 cases_009  total: 93.6s  (0.94s/step)
[2026-04-28 09:04:50]   tokens: 338,650 in + 700 out (reasoning: 0)  cost: $0.0922
[2026-04-28 09:04:50] START ds_online_nonote_v2 cases_010 (100 steps, nonote)
[2026-04-28 09:04:57] ds_online_nonote_v2 cases_010  steps   1-  9: 7.5s  total: 7.5s  (10/100)
[2026-04-28 09:05:05] ds_online_nonote_v2 cases_010  steps  11- 19: 8.3s  total: 15.8s  (20/100)
[2026-04-28 09:05:14] ds_online_nonote_v2 cases_010  steps  21- 29: 8.2s  total: 24.0s  (30/100)
[2026-04-28 09:05:22] ds_online_nonote_v2 cases_010  steps  31- 39: 8.3s  total: 32.3s  (40/100)
[2026-04-28 09:05:31] ds_online_nonote_v2 cases_010  steps  41- 49: 9.0s  total: 41.3s  (50/100)
[2026-04-28 09:05:41] ds_online_nonote_v2 cases_010  steps  51- 59: 10.0s  total: 51.3s  (60/100)
[2026-04-28 09:05:51] ds_online_nonote_v2 cases_010  steps  61- 69: 9.9s  total: 61.2s  (70/100)
[2026-04-28 09:06:01] ds_online_nonote_v2 cases_010  steps  71- 79: 9.8s  total: 71.0s  (80/100)
[2026-04-28 09:06:11] ds_online_nonote_v2 cases_010  steps  81- 89: 10.0s  total: 81.0s  (90/100)
[2026-04-28 09:06:20] ds_online_nonote_v2 cases_010  steps  91- 99: 9.3s  total: 90.4s  (100/100)
[2026-04-28 09:06:20] DONE ds_online_nonote_v2 cases_010  total: 90.4s  (0.90s/step)
[2026-04-28 09:06:20]   tokens: 338,650 in + 700 out (reasoning: 0)  cost: $0.0922
[2026-04-28 09:06:20] START ds_online_nonote_v2 cases_011 (100 steps, nonote)
[2026-04-28 09:06:29] ds_online_nonote_v2 cases_011  steps   1-  9: 8.5s  total: 8.5s  (10/100)
[2026-04-28 09:06:37] ds_online_nonote_v2 cases_011  steps  11- 19: 8.2s  total: 16.7s  (20/100)
[2026-04-28 09:06:46] ds_online_nonote_v2 cases_011  steps  21- 29: 8.7s  total: 25.3s  (30/100)
[2026-04-28 09:06:54] ds_online_nonote_v2 cases_011  steps  31- 39: 8.0s  total: 33.3s  (40/100)
[2026-04-28 09:07:02] ds_online_nonote_v2 cases_011  steps  41- 49: 8.5s  total: 41.7s  (50/100)
[2026-04-28 09:07:12] ds_online_nonote_v2 cases_011  steps  51- 59: 9.4s  total: 51.2s  (60/100)
[2026-04-28 09:07:21] ds_online_nonote_v2 cases_011  steps  61- 69: 9.4s  total: 60.6s  (70/100)
[2026-04-28 09:07:30] ds_online_nonote_v2 cases_011  steps  71- 79: 9.4s  total: 70.0s  (80/100)
[2026-04-28 09:07:41] ds_online_nonote_v2 cases_011  steps  81- 89: 10.6s  total: 80.6s  (90/100)
[2026-04-28 09:07:51] ds_online_nonote_v2 cases_011  steps  91- 99: 9.8s  total: 90.5s  (100/100)
[2026-04-28 09:07:51] DONE ds_online_nonote_v2 cases_011  total: 90.5s  (0.90s/step)
[2026-04-28 09:07:51]   tokens: 338,650 in + 700 out (reasoning: 0)  cost: $0.0922
[2026-04-28 09:07:51] START ds_online_nonote_v2 cases_012 (100 steps, nonote)
[2026-04-28 09:07:59] ds_online_nonote_v2 cases_012  steps   1-  9: 7.7s  total: 7.7s  (10/100)
[2026-04-28 09:08:07] ds_online_nonote_v2 cases_012  steps  11- 19: 7.9s  total: 15.6s  (20/100)
[2026-04-28 09:08:15] ds_online_nonote_v2 cases_012  steps  21- 29: 8.2s  total: 23.8s  (30/100)
[2026-04-28 09:08:24] ds_online_nonote_v2 cases_012  steps  31- 39: 8.9s  total: 32.7s  (40/100)
[2026-04-28 09:08:33] ds_online_nonote_v2 cases_012  steps  41- 49: 8.9s  total: 41.6s  (50/100)
[2026-04-28 09:08:42] ds_online_nonote_v2 cases_012  steps  51- 59: 9.1s  total: 50.7s  (60/100)
[2026-04-28 09:08:51] ds_online_nonote_v2 cases_012  steps  61- 69: 9.2s  total: 59.9s  (70/100)
[2026-04-28 09:09:01] ds_online_nonote_v2 cases_012  steps  71- 79: 9.7s  total: 69.6s  (80/100)
[2026-04-28 09:09:10] ds_online_nonote_v2 cases_012  steps  81- 89: 9.4s  total: 79.0s  (90/100)
[2026-04-28 09:09:20] ds_online_nonote_v2 cases_012  steps  91- 99: 9.6s  total: 88.6s  (100/100)
[2026-04-28 09:09:20] DONE ds_online_nonote_v2 cases_012  total: 88.6s  (0.89s/step)
[2026-04-28 09:09:20]   tokens: 338,650 in + 700 out (reasoning: 0)  cost: $0.0922
[2026-04-28 09:09:20] START ds_online_nonote_v2 cases_013 (100 steps, nonote)
[2026-04-28 09:09:28] ds_online_nonote_v2 cases_013  steps   1-  9: 7.9s  total: 7.9s  (10/100)
[2026-04-28 09:09:36] ds_online_nonote_v2 cases_013  steps  11- 19: 7.7s  total: 15.6s  (20/100)
[2026-04-28 09:09:44] ds_online_nonote_v2 cases_013  steps  21- 29: 8.3s  total: 23.9s  (30/100)
[2026-04-28 09:09:52] ds_online_nonote_v2 cases_013  steps  31- 39: 8.1s  total: 32.0s  (40/100)
[2026-04-28 09:10:01] ds_online_nonote_v2 cases_013  steps  41- 49: 8.3s  total: 40.4s  (50/100)
[2026-04-28 09:10:11] ds_online_nonote_v2 cases_013  steps  51- 59: 9.8s  total: 50.2s  (60/100)
[2026-04-28 09:10:20] ds_online_nonote_v2 cases_013  steps  61- 69: 9.4s  total: 59.6s  (70/100)
[2026-04-28 09:10:29] ds_online_nonote_v2 cases_013  steps  71- 79: 9.1s  total: 68.7s  (80/100)
[2026-04-28 09:10:39] ds_online_nonote_v2 cases_013  steps  81- 89: 9.7s  total: 78.4s  (90/100)
[2026-04-28 09:10:48] ds_online_nonote_v2 cases_013  steps  91- 99: 9.0s  total: 87.4s  (100/100)
[2026-04-28 09:10:48] DONE ds_online_nonote_v2 cases_013  total: 87.4s  (0.87s/step)
[2026-04-28 09:10:48]   tokens: 338,650 in + 700 out (reasoning: 0)  cost: $0.0922
[2026-04-28 09:10:48] START ds_online_nonote_v2 cases_014 (100 steps, nonote)
[2026-04-28 09:10:57] ds_online_nonote_v2 cases_014  steps   1-  9: 8.3s  total: 8.3s  (10/100)
[2026-04-28 09:11:05] ds_online_nonote_v2 cases_014  steps  11- 19: 8.0s  total: 16.3s  (20/100)
[2026-04-28 09:11:13] ds_online_nonote_v2 cases_014  steps  21- 29: 8.1s  total: 24.4s  (30/100)
[2026-04-28 09:11:21] ds_online_nonote_v2 cases_014  steps  31- 39: 8.5s  total: 32.8s  (40/100)
[2026-04-28 09:11:30] ds_online_nonote_v2 cases_014  steps  41- 49: 8.7s  total: 41.5s  (50/100)
[2026-04-28 09:11:40] ds_online_nonote_v2 cases_014  steps  51- 59: 9.7s  total: 51.2s  (60/100)
[2026-04-28 09:11:49] ds_online_nonote_v2 cases_014  steps  61- 69: 9.3s  total: 60.5s  (70/100)
[2026-04-28 09:11:58] ds_online_nonote_v2 cases_014  steps  71- 79: 9.2s  total: 69.7s  (80/100)
[2026-04-28 09:12:08] ds_online_nonote_v2 cases_014  steps  81- 89: 9.7s  total: 79.4s  (90/100)
[2026-04-28 09:12:18] ds_online_nonote_v2 cases_014  steps  91- 99: 9.9s  total: 89.3s  (100/100)
[2026-04-28 09:12:18] DONE ds_online_nonote_v2 cases_014  total: 89.3s  (0.89s/step)
[2026-04-28 09:12:18]   tokens: 338,650 in + 700 out (reasoning: 0)  cost: $0.0922
[2026-04-28 09:12:18] START ds_online_nonote_v2 cases_015 (100 steps, nonote)
[2026-04-28 09:12:26] ds_online_nonote_v2 cases_015  steps   1-  9: 7.5s  total: 7.5s  (10/100)
[2026-04-28 09:12:33] ds_online_nonote_v2 cases_015  steps  11- 19: 7.7s  total: 15.2s  (20/100)
[2026-04-28 09:12:41] ds_online_nonote_v2 cases_015  steps  21- 29: 7.9s  total: 23.2s  (30/100)
[2026-04-28 09:12:49] ds_online_nonote_v2 cases_015  steps  31- 39: 8.2s  total: 31.3s  (40/100)
[2026-04-28 09:12:58] ds_online_nonote_v2 cases_015  steps  41- 49: 8.7s  total: 40.1s  (50/100)
[2026-04-28 09:13:08] ds_online_nonote_v2 cases_015  steps  51- 59: 9.5s  total: 49.6s  (60/100)
[2026-04-28 09:13:17] ds_online_nonote_v2 cases_015  steps  61- 69: 9.0s  total: 58.6s  (70/100)
[2026-04-28 09:13:26] ds_online_nonote_v2 cases_015  steps  71- 79: 9.3s  total: 67.9s  (80/100)
[2026-04-28 09:13:36] ds_online_nonote_v2 cases_015  steps  81- 89: 9.9s  total: 77.8s  (90/100)
[2026-04-28 09:13:46] ds_online_nonote_v2 cases_015  steps  91- 99: 10.0s  total: 87.8s  (100/100)
[2026-04-28 09:13:46] DONE ds_online_nonote_v2 cases_015  total: 87.8s  (0.88s/step)
[2026-04-28 09:13:46]   tokens: 338,650 in + 700 out (reasoning: 0)  cost: $0.0922
[2026-04-28 09:13:46] START ds_online_nonote_v2 cases_016 (100 steps, nonote)
[2026-04-28 09:13:54] ds_online_nonote_v2 cases_016  steps   1-  9: 8.0s  total: 8.0s  (10/100)
[2026-04-28 09:14:02] ds_online_nonote_v2 cases_016  steps  11- 19: 8.0s  total: 16.0s  (20/100)
[2026-04-28 09:14:11] ds_online_nonote_v2 cases_016  steps  21- 29: 8.4s  total: 24.5s  (30/100)
[2026-04-28 09:14:19] ds_online_nonote_v2 cases_016  steps  31- 39: 8.5s  total: 32.9s  (40/100)
[2026-04-28 09:14:28] ds_online_nonote_v2 cases_016  steps  41- 49: 8.6s  total: 41.6s  (50/100)
[2026-04-28 09:14:37] ds_online_nonote_v2 cases_016  steps  51- 59: 8.8s  total: 50.4s  (60/100)
[2026-04-28 09:14:46] ds_online_nonote_v2 cases_016  steps  61- 69: 9.1s  total: 59.5s  (70/100)
[2026-04-28 09:14:55] ds_online_nonote_v2 cases_016  steps  71- 79: 9.2s  total: 68.7s  (80/100)
[2026-04-28 09:15:05] ds_online_nonote_v2 cases_016  steps  81- 89: 9.4s  total: 78.1s  (90/100)
[2026-04-28 09:15:14] ds_online_nonote_v2 cases_016  steps  91- 99: 9.9s  total: 88.0s  (100/100)
[2026-04-28 09:15:15] DONE ds_online_nonote_v2 cases_016  total: 88.0s  (0.88s/step)
[2026-04-28 09:15:15]   tokens: 338,650 in + 700 out (reasoning: 0)  cost: $0.0922
[2026-04-28 09:15:15] START ds_online_nonote_v2 cases_017 (100 steps, nonote)
[2026-04-28 09:15:23] ds_online_nonote_v2 cases_017  steps   1-  9: 7.6s  total: 7.6s  (10/100)
[2026-04-28 09:15:30] ds_online_nonote_v2 cases_017  steps  11- 19: 7.9s  total: 15.5s  (20/100)
[2026-04-28 09:15:39] ds_online_nonote_v2 cases_017  steps  21- 29: 8.3s  total: 23.8s  (30/100)
[2026-04-28 09:15:47] ds_online_nonote_v2 cases_017  steps  31- 39: 8.0s  total: 31.9s  (40/100)
[2026-04-28 09:15:56] ds_online_nonote_v2 cases_017  steps  41- 49: 8.7s  total: 40.6s  (50/100)
[2026-04-28 09:16:05] ds_online_nonote_v2 cases_017  steps  51- 59: 9.6s  total: 50.2s  (60/100)
[2026-04-28 09:16:15] ds_online_nonote_v2 cases_017  steps  61- 69: 9.8s  total: 60.0s  (70/100)
[2026-04-28 09:16:24] ds_online_nonote_v2 cases_017  steps  71- 79: 9.4s  total: 69.4s  (80/100)
[2026-04-28 09:16:34] ds_online_nonote_v2 cases_017  steps  81- 89: 9.6s  total: 79.0s  (90/100)
[2026-04-28 09:16:43] ds_online_nonote_v2 cases_017  steps  91- 99: 9.5s  total: 88.4s  (100/100)
[2026-04-28 09:16:44] DONE ds_online_nonote_v2 cases_017  total: 88.4s  (0.88s/step)
[2026-04-28 09:16:44]   tokens: 338,650 in + 700 out (reasoning: 0)  cost: $0.0922
[2026-04-28 09:16:44] START ds_online_nonote_v2 cases_018 (100 steps, nonote)
[2026-04-28 09:16:52] ds_online_nonote_v2 cases_018  steps   1-  9: 7.7s  total: 7.7s  (10/100)
[2026-04-28 09:17:00] ds_online_nonote_v2 cases_018  steps  11- 19: 8.0s  total: 15.7s  (20/100)
[2026-04-28 09:17:08] ds_online_nonote_v2 cases_018  steps  21- 29: 8.4s  total: 24.1s  (30/100)
[2026-04-28 09:17:16] ds_online_nonote_v2 cases_018  steps  31- 39: 8.2s  total: 32.3s  (40/100)
[2026-04-28 09:17:25] ds_online_nonote_v2 cases_018  steps  41- 49: 8.4s  total: 40.7s  (50/100)
[2026-04-28 09:17:34] ds_online_nonote_v2 cases_018  steps  51- 59: 9.2s  total: 49.8s  (60/100)
[2026-04-28 09:17:43] ds_online_nonote_v2 cases_018  steps  61- 69: 9.4s  total: 59.2s  (70/100)
[2026-04-28 09:17:52] ds_online_nonote_v2 cases_018  steps  71- 79: 9.2s  total: 68.4s  (80/100)
[2026-04-28 09:18:02] ds_online_nonote_v2 cases_018  steps  81- 89: 9.8s  total: 78.2s  (90/100)
[2026-04-28 09:18:12] ds_online_nonote_v2 cases_018  steps  91- 99: 10.1s  total: 88.3s  (100/100)
[2026-04-28 09:18:13] DONE ds_online_nonote_v2 cases_018  total: 88.3s  (0.88s/step)
[2026-04-28 09:18:13]   tokens: 338,650 in + 700 out (reasoning: 0)  cost: $0.0922
[2026-04-28 09:18:13] START ds_online_nonote_v2 cases_019 (100 steps, nonote)
[2026-04-28 09:18:21] ds_online_nonote_v2 cases_019  steps   1-  9: 8.0s  total: 8.0s  (10/100)
[2026-04-28 09:18:29] ds_online_nonote_v2 cases_019  steps  11- 19: 8.4s  total: 16.3s  (20/100)
[2026-04-28 09:18:37] ds_online_nonote_v2 cases_019  steps  21- 29: 8.1s  total: 24.5s  (30/100)
[2026-04-28 09:18:45] ds_online_nonote_v2 cases_019  steps  31- 39: 8.2s  total: 32.7s  (40/100)
[2026-04-28 09:18:54] ds_online_nonote_v2 cases_019  steps  41- 49: 8.2s  total: 41.0s  (50/100)
[2026-04-28 09:19:03] ds_online_nonote_v2 cases_019  steps  51- 59: 9.8s  total: 50.8s  (60/100)
[2026-04-28 09:19:13] ds_online_nonote_v2 cases_019  steps  61- 69: 9.4s  total: 60.2s  (70/100)
[2026-04-28 09:19:23] ds_online_nonote_v2 cases_019  steps  71- 79: 10.1s  total: 70.4s  (80/100)
[2026-04-28 09:19:33] ds_online_nonote_v2 cases_019  steps  81- 89: 10.4s  total: 80.8s  (90/100)
[2026-04-28 09:19:43] ds_online_nonote_v2 cases_019  steps  91- 99: 9.6s  total: 90.4s  (100/100)
[2026-04-28 09:19:43] DONE ds_online_nonote_v2 cases_019  total: 90.4s  (0.90s/step)
[2026-04-28 09:19:43]   tokens: 338,650 in + 700 out (reasoning: 0)  cost: $0.0922
[2026-04-28 09:19:44] START ds_online_nonote_nohint_v2 cases_000 (100 steps, nonote)
[2026-04-28 09:19:51] ds_online_nonote_nohint_v2 cases_000  steps   1-  9: 7.7s  total: 7.7s  (10/100)
[2026-04-28 09:19:59] ds_online_nonote_nohint_v2 cases_000  steps  11- 19: 8.1s  total: 15.9s  (20/100)
[2026-04-28 09:20:07] ds_online_nonote_nohint_v2 cases_000  steps  21- 29: 7.7s  total: 23.6s  (30/100)
[2026-04-28 09:20:15] ds_online_nonote_nohint_v2 cases_000  steps  31- 39: 8.3s  total: 31.8s  (40/100)
[2026-04-28 09:20:24] ds_online_nonote_nohint_v2 cases_000  steps  41- 49: 8.6s  total: 40.4s  (50/100)
[2026-04-28 09:20:33] ds_online_nonote_nohint_v2 cases_000  steps  51- 59: 9.5s  total: 49.9s  (60/100)
[2026-04-28 09:20:43] ds_online_nonote_nohint_v2 cases_000  steps  61- 69: 10.0s  total: 59.8s  (70/100)
[2026-04-28 09:20:53] ds_online_nonote_nohint_v2 cases_000  steps  71- 79: 9.5s  total: 69.3s  (80/100)
[2026-04-28 09:21:02] ds_online_nonote_nohint_v2 cases_000  steps  81- 89: 9.3s  total: 78.6s  (90/100)
[2026-04-28 09:21:12] ds_online_nonote_nohint_v2 cases_000  steps  91- 99: 9.9s  total: 88.5s  (100/100)
[2026-04-28 09:21:12] DONE ds_online_nonote_nohint_v2 cases_000  total: 88.5s  (0.88s/step)
[2026-04-28 09:21:12]   tokens: 337,650 in + 700 out (reasoning: 0)  cost: $0.0919
[2026-04-28 09:21:13] START ds_online_nonote_nohint_v2 cases_001 (100 steps, nonote)
[2026-04-28 09:21:20] ds_online_nonote_nohint_v2 cases_001  steps   1-  9: 7.8s  total: 7.8s  (10/100)
[2026-04-28 09:21:28] ds_online_nonote_nohint_v2 cases_001  steps  11- 19: 8.1s  total: 15.9s  (20/100)
[2026-04-28 09:21:36] ds_online_nonote_nohint_v2 cases_001  steps  21- 29: 8.0s  total: 23.8s  (30/100)
[2026-04-28 09:21:44] ds_online_nonote_nohint_v2 cases_001  steps  31- 39: 7.9s  total: 31.8s  (40/100)
[2026-04-28 09:21:53] ds_online_nonote_nohint_v2 cases_001  steps  41- 49: 8.7s  total: 40.5s  (50/100)
[2026-04-28 09:22:02] ds_online_nonote_nohint_v2 cases_001  steps  51- 59: 9.3s  total: 49.8s  (60/100)
[2026-04-28 09:22:12] ds_online_nonote_nohint_v2 cases_001  steps  61- 69: 9.2s  total: 59.0s  (70/100)
[2026-04-28 09:22:21] ds_online_nonote_nohint_v2 cases_001  steps  71- 79: 9.2s  total: 68.2s  (80/100)
[2026-04-28 09:22:31] ds_online_nonote_nohint_v2 cases_001  steps  81- 89: 9.9s  total: 78.1s  (90/100)
[2026-04-28 09:22:40] ds_online_nonote_nohint_v2 cases_001  steps  91- 99: 9.1s  total: 87.2s  (100/100)
[2026-04-28 09:22:40] DONE ds_online_nonote_nohint_v2 cases_001  total: 87.2s  (0.87s/step)
[2026-04-28 09:22:40]   tokens: 337,650 in + 700 out (reasoning: 0)  cost: $0.0919
[2026-04-28 09:22:40] START ds_online_nonote_nohint_v2 cases_002 (100 steps, nonote)
[2026-04-28 09:22:48] ds_online_nonote_nohint_v2 cases_002  steps   1-  9: 8.0s  total: 8.0s  (10/100)
[2026-04-28 09:22:56] ds_online_nonote_nohint_v2 cases_002  steps  11- 19: 7.9s  total: 15.9s  (20/100)
[2026-04-28 09:23:04] ds_online_nonote_nohint_v2 cases_002  steps  21- 29: 8.1s  total: 23.9s  (30/100)
[2026-04-28 09:23:12] ds_online_nonote_nohint_v2 cases_002  steps  31- 39: 8.4s  total: 32.3s  (40/100)
[2026-04-28 09:23:21] ds_online_nonote_nohint_v2 cases_002  steps  41- 49: 8.4s  total: 40.7s  (50/100)
[2026-04-28 09:23:30] ds_online_nonote_nohint_v2 cases_002  steps  51- 59: 9.6s  total: 50.3s  (60/100)
[2026-04-28 09:23:40] ds_online_nonote_nohint_v2 cases_002  steps  61- 69: 9.5s  total: 59.7s  (70/100)
[2026-04-28 09:23:50] ds_online_nonote_nohint_v2 cases_002  steps  71- 79: 9.6s  total: 69.3s  (80/100)
[2026-04-28 09:23:59] ds_online_nonote_nohint_v2 cases_002  steps  81- 89: 9.3s  total: 78.6s  (90/100)
[2026-04-28 09:24:09] ds_online_nonote_nohint_v2 cases_002  steps  91- 99: 10.0s  total: 88.6s  (100/100)
[2026-04-28 09:24:09] DONE ds_online_nonote_nohint_v2 cases_002  total: 88.6s  (0.89s/step)
[2026-04-28 09:24:09]   tokens: 337,650 in + 700 out (reasoning: 0)  cost: $0.0919
[2026-04-28 09:24:09] START ds_online_nonote_nohint_v2 cases_003 (100 steps, nonote)
[2026-04-28 09:24:17] ds_online_nonote_nohint_v2 cases_003  steps   1-  9: 7.7s  total: 7.7s  (10/100)
[2026-04-28 09:24:25] ds_online_nonote_nohint_v2 cases_003  steps  11- 19: 7.9s  total: 15.6s  (20/100)
[2026-04-28 09:24:34] ds_online_nonote_nohint_v2 cases_003  steps  21- 29: 9.1s  total: 24.7s  (30/100)
[2026-04-28 09:24:42] ds_online_nonote_nohint_v2 cases_003  steps  31- 39: 7.7s  total: 32.4s  (40/100)
[2026-04-28 09:24:50] ds_online_nonote_nohint_v2 cases_003  steps  41- 49: 8.5s  total: 40.9s  (50/100)
[2026-04-28 09:24:59] ds_online_nonote_nohint_v2 cases_003  steps  51- 59: 9.1s  total: 50.0s  (60/100)
[2026-04-28 09:25:09] ds_online_nonote_nohint_v2 cases_003  steps  61- 69: 9.7s  total: 59.8s  (70/100)
[2026-04-28 09:25:18] ds_online_nonote_nohint_v2 cases_003  steps  71- 79: 9.2s  total: 68.9s  (80/100)
[2026-04-28 09:25:28] ds_online_nonote_nohint_v2 cases_003  steps  81- 89: 9.5s  total: 78.5s  (90/100)
[2026-04-28 09:25:37] ds_online_nonote_nohint_v2 cases_003  steps  91- 99: 9.5s  total: 88.0s  (100/100)
[2026-04-28 09:25:38] DONE ds_online_nonote_nohint_v2 cases_003  total: 88.0s  (0.88s/step)
[2026-04-28 09:25:38]   tokens: 337,650 in + 700 out (reasoning: 0)  cost: $0.0919
[2026-04-28 09:25:38] START ds_online_nonote_nohint_v2 cases_004 (100 steps, nonote)
[2026-04-28 09:25:45] ds_online_nonote_nohint_v2 cases_004  steps   1-  9: 7.6s  total: 7.6s  (10/100)
[2026-04-28 09:25:53] ds_online_nonote_nohint_v2 cases_004  steps  11- 19: 8.1s  total: 15.7s  (20/100)
[2026-04-28 09:26:02] ds_online_nonote_nohint_v2 cases_004  steps  21- 29: 8.4s  total: 24.0s  (30/100)
[2026-04-28 09:26:10] ds_online_nonote_nohint_v2 cases_004  steps  31- 39: 8.3s  total: 32.3s  (40/100)
[2026-04-28 09:26:19] ds_online_nonote_nohint_v2 cases_004  steps  41- 49: 8.8s  total: 41.1s  (50/100)
[2026-04-28 09:26:29] ds_online_nonote_nohint_v2 cases_004  steps  51- 59: 9.7s  total: 50.8s  (60/100)
[2026-04-28 09:26:39] ds_online_nonote_nohint_v2 cases_004  steps  61- 69: 10.2s  total: 61.0s  (70/100)
[2026-04-28 09:26:48] ds_online_nonote_nohint_v2 cases_004  steps  71- 79: 9.6s  total: 70.6s  (80/100)
[2026-04-28 09:26:58] ds_online_nonote_nohint_v2 cases_004  steps  81- 89: 10.0s  total: 80.5s  (90/100)
[2026-04-28 09:27:08] ds_online_nonote_nohint_v2 cases_004  steps  91- 99: 9.5s  total: 90.1s  (100/100)
[2026-04-28 09:27:08] DONE ds_online_nonote_nohint_v2 cases_004  total: 90.1s  (0.90s/step)
[2026-04-28 09:27:08]   tokens: 337,650 in + 700 out (reasoning: 0)  cost: $0.0919
[2026-04-28 09:27:08] START ds_online_nonote_nohint_v2 cases_005 (100 steps, nonote)
[2026-04-28 09:27:16] ds_online_nonote_nohint_v2 cases_005  steps   1-  9: 7.8s  total: 7.8s  (10/100)
[2026-04-28 09:27:24] ds_online_nonote_nohint_v2 cases_005  steps  11- 19: 7.9s  total: 15.6s  (20/100)
[2026-04-28 09:27:32] ds_online_nonote_nohint_v2 cases_005  steps  21- 29: 8.3s  total: 23.9s  (30/100)
[2026-04-28 09:27:41] ds_online_nonote_nohint_v2 cases_005  steps  31- 39: 8.3s  total: 32.3s  (40/100)
[2026-04-28 09:27:49] ds_online_nonote_nohint_v2 cases_005  steps  41- 49: 8.5s  total: 40.8s  (50/100)
[2026-04-28 09:27:59] ds_online_nonote_nohint_v2 cases_005  steps  51- 59: 9.5s  total: 50.3s  (60/100)
[2026-04-28 09:28:09] ds_online_nonote_nohint_v2 cases_005  steps  61- 69: 10.8s  total: 61.1s  (70/100)
[2026-04-28 09:28:20] ds_online_nonote_nohint_v2 cases_005  steps  71- 79: 10.6s  total: 71.7s  (80/100)
[2026-04-28 09:28:30] ds_online_nonote_nohint_v2 cases_005  steps  81- 89: 9.8s  total: 81.5s  (90/100)
[2026-04-28 09:28:40] ds_online_nonote_nohint_v2 cases_005  steps  91- 99: 9.8s  total: 91.3s  (100/100)
[2026-04-28 09:28:40] DONE ds_online_nonote_nohint_v2 cases_005  total: 91.3s  (0.91s/step)
[2026-04-28 09:28:40]   tokens: 337,650 in + 700 out (reasoning: 0)  cost: $0.0919
[2026-04-28 09:28:40] START ds_online_nonote_nohint_v2 cases_006 (100 steps, nonote)
[2026-04-28 09:28:48] ds_online_nonote_nohint_v2 cases_006  steps   1-  9: 7.5s  total: 7.5s  (10/100)
[2026-04-28 09:28:56] ds_online_nonote_nohint_v2 cases_006  steps  11- 19: 8.2s  total: 15.7s  (20/100)
[2026-04-28 09:29:05] ds_online_nonote_nohint_v2 cases_006  steps  21- 29: 8.7s  total: 24.4s  (30/100)
[2026-04-28 09:29:13] ds_online_nonote_nohint_v2 cases_006  steps  31- 39: 8.5s  total: 33.0s  (40/100)
[2026-04-28 09:29:22] ds_online_nonote_nohint_v2 cases_006  steps  41- 49: 9.3s  total: 42.2s  (50/100)
[2026-04-28 09:29:32] ds_online_nonote_nohint_v2 cases_006  steps  51- 59: 9.6s  total: 51.9s  (60/100)
[2026-04-28 09:29:41] ds_online_nonote_nohint_v2 cases_006  steps  61- 69: 9.5s  total: 61.3s  (70/100)
[2026-04-28 09:29:52] ds_online_nonote_nohint_v2 cases_006  steps  71- 79: 10.3s  total: 71.7s  (80/100)
[2026-04-28 09:30:02] ds_online_nonote_nohint_v2 cases_006  steps  81- 89: 10.0s  total: 81.7s  (90/100)
[2026-04-28 09:30:11] ds_online_nonote_nohint_v2 cases_006  steps  91- 99: 9.5s  total: 91.2s  (100/100)
[2026-04-28 09:30:12] DONE ds_online_nonote_nohint_v2 cases_006  total: 91.2s  (0.91s/step)
[2026-04-28 09:30:12]   tokens: 337,650 in + 700 out (reasoning: 0)  cost: $0.0919
[2026-04-28 09:30:12] START ds_online_nonote_nohint_v2 cases_007 (100 steps, nonote)
[2026-04-28 09:30:19] ds_online_nonote_nohint_v2 cases_007  steps   1-  9: 7.7s  total: 7.7s  (10/100)
[2026-04-28 09:30:28] ds_online_nonote_nohint_v2 cases_007  steps  11- 19: 8.2s  total: 15.9s  (20/100)
[2026-04-28 09:30:36] ds_online_nonote_nohint_v2 cases_007  steps  21- 29: 8.8s  total: 24.8s  (30/100)
[2026-04-28 09:30:45] ds_online_nonote_nohint_v2 cases_007  steps  31- 39: 8.9s  total: 33.7s  (40/100)
[2026-04-28 09:30:55] ds_online_nonote_nohint_v2 cases_007  steps  41- 49: 9.5s  total: 43.2s  (50/100)
[2026-04-28 09:31:04] ds_online_nonote_nohint_v2 cases_007  steps  51- 59: 9.6s  total: 52.7s  (60/100)
[2026-04-28 09:31:14] ds_online_nonote_nohint_v2 cases_007  steps  61- 69: 9.7s  total: 62.4s  (70/100)
[2026-04-28 09:31:24] ds_online_nonote_nohint_v2 cases_007  steps  71- 79: 9.6s  total: 72.1s  (80/100)
[2026-04-28 09:31:33] ds_online_nonote_nohint_v2 cases_007  steps  81- 89: 9.3s  total: 81.4s  (90/100)
[2026-04-28 09:31:43] ds_online_nonote_nohint_v2 cases_007  steps  91- 99: 9.6s  total: 91.0s  (100/100)
[2026-04-28 09:31:43] DONE ds_online_nonote_nohint_v2 cases_007  total: 91.0s  (0.91s/step)
[2026-04-28 09:31:43]   tokens: 337,650 in + 700 out (reasoning: 0)  cost: $0.0919
[2026-04-28 09:31:43] START ds_online_nonote_nohint_v2 cases_008 (100 steps, nonote)
[2026-04-28 09:31:51] ds_online_nonote_nohint_v2 cases_008  steps   1-  9: 8.2s  total: 8.2s  (10/100)
[2026-04-28 09:32:00] ds_online_nonote_nohint_v2 cases_008  steps  11- 19: 8.3s  total: 16.5s  (20/100)
[2026-04-28 09:32:08] ds_online_nonote_nohint_v2 cases_008  steps  21- 29: 8.6s  total: 25.1s  (30/100)
[2026-04-28 09:32:17] ds_online_nonote_nohint_v2 cases_008  steps  31- 39: 8.4s  total: 33.5s  (40/100)
[2026-04-28 09:32:26] ds_online_nonote_nohint_v2 cases_008  steps  41- 49: 9.1s  total: 42.6s  (50/100)
[2026-04-28 09:32:35] ds_online_nonote_nohint_v2 cases_008  steps  51- 59: 9.5s  total: 52.1s  (60/100)
[2026-04-28 09:32:44] ds_online_nonote_nohint_v2 cases_008  steps  61- 69: 9.2s  total: 61.2s  (70/100)
[2026-04-28 09:32:53] ds_online_nonote_nohint_v2 cases_008  steps  71- 79: 9.0s  total: 70.2s  (80/100)
[2026-04-28 09:33:03] ds_online_nonote_nohint_v2 cases_008  steps  81- 89: 10.0s  total: 80.3s  (90/100)
[2026-04-28 09:33:13] ds_online_nonote_nohint_v2 cases_008  steps  91- 99: 9.7s  total: 90.0s  (100/100)
[2026-04-28 09:33:14] DONE ds_online_nonote_nohint_v2 cases_008  total: 90.0s  (0.90s/step)
[2026-04-28 09:33:14]   tokens: 337,650 in + 700 out (reasoning: 0)  cost: $0.0919
[2026-04-28 09:33:14] START ds_online_nonote_nohint_v2 cases_009 (100 steps, nonote)
[2026-04-28 09:33:22] ds_online_nonote_nohint_v2 cases_009  steps   1-  9: 8.2s  total: 8.2s  (10/100)
[2026-04-28 09:33:30] ds_online_nonote_nohint_v2 cases_009  steps  11- 19: 7.7s  total: 15.9s  (20/100)
[2026-04-28 09:33:38] ds_online_nonote_nohint_v2 cases_009  steps  21- 29: 8.9s  total: 24.8s  (30/100)
[2026-04-28 09:33:47] ds_online_nonote_nohint_v2 cases_009  steps  31- 39: 8.1s  total: 32.9s  (40/100)
[2026-04-28 09:33:55] ds_online_nonote_nohint_v2 cases_009  steps  41- 49: 8.5s  total: 41.4s  (50/100)
[2026-04-28 09:34:05] ds_online_nonote_nohint_v2 cases_009  steps  51- 59: 9.8s  total: 51.1s  (60/100)
[2026-04-28 09:34:14] ds_online_nonote_nohint_v2 cases_009  steps  61- 69: 9.2s  total: 60.3s  (70/100)
[2026-04-28 09:34:23] ds_online_nonote_nohint_v2 cases_009  steps  71- 79: 9.5s  total: 69.8s  (80/100)
[2026-04-28 09:34:33] ds_online_nonote_nohint_v2 cases_009  steps  81- 89: 9.6s  total: 79.4s  (90/100)
[2026-04-28 09:34:43] ds_online_nonote_nohint_v2 cases_009  steps  91- 99: 9.7s  total: 89.1s  (100/100)
[2026-04-28 09:34:43] DONE ds_online_nonote_nohint_v2 cases_009  total: 89.1s  (0.89s/step)
[2026-04-28 09:34:43]   tokens: 337,650 in + 700 out (reasoning: 0)  cost: $0.0919
[2026-04-28 09:34:43] START ds_online_nonote_nohint_v2 cases_010 (100 steps, nonote)
[2026-04-28 09:34:52] ds_online_nonote_nohint_v2 cases_010  steps   1-  9: 8.3s  total: 8.3s  (10/100)
[2026-04-28 09:35:00] ds_online_nonote_nohint_v2 cases_010  steps  11- 19: 8.2s  total: 16.5s  (20/100)
[2026-04-28 09:35:08] ds_online_nonote_nohint_v2 cases_010  steps  21- 29: 7.9s  total: 24.4s  (30/100)
[2026-04-28 09:35:16] ds_online_nonote_nohint_v2 cases_010  steps  31- 39: 8.3s  total: 32.7s  (40/100)
[2026-04-28 09:35:25] ds_online_nonote_nohint_v2 cases_010  steps  41- 49: 8.8s  total: 41.5s  (50/100)
[2026-04-28 09:35:35] ds_online_nonote_nohint_v2 cases_010  steps  51- 59: 10.1s  total: 51.6s  (60/100)
[2026-04-28 09:35:44] ds_online_nonote_nohint_v2 cases_010  steps  61- 69: 9.5s  total: 61.1s  (70/100)
[2026-04-28 09:35:54] ds_online_nonote_nohint_v2 cases_010  steps  71- 79: 9.7s  total: 70.8s  (80/100)
[2026-04-28 09:36:03] ds_online_nonote_nohint_v2 cases_010  steps  81- 89: 9.5s  total: 80.3s  (90/100)
[2026-04-28 09:36:14] ds_online_nonote_nohint_v2 cases_010  steps  91- 99: 10.0s  total: 90.3s  (100/100)
[2026-04-28 09:36:14] DONE ds_online_nonote_nohint_v2 cases_010  total: 90.3s  (0.90s/step)
[2026-04-28 09:36:14]   tokens: 337,650 in + 700 out (reasoning: 0)  cost: $0.0919
[2026-04-28 09:36:14] START ds_online_nonote_nohint_v2 cases_011 (100 steps, nonote)
[2026-04-28 09:36:22] ds_online_nonote_nohint_v2 cases_011  steps   1-  9: 7.7s  total: 7.7s  (10/100)
[2026-04-28 09:36:29] ds_online_nonote_nohint_v2 cases_011  steps  11- 19: 7.7s  total: 15.4s  (20/100)
[2026-04-28 09:36:38] ds_online_nonote_nohint_v2 cases_011  steps  21- 29: 8.3s  total: 23.7s  (30/100)
[2026-04-28 09:36:46] ds_online_nonote_nohint_v2 cases_011  steps  31- 39: 8.2s  total: 31.9s  (40/100)
[2026-04-28 09:36:55] ds_online_nonote_nohint_v2 cases_011  steps  41- 49: 8.9s  total: 40.7s  (50/100)
[2026-04-28 09:37:04] ds_online_nonote_nohint_v2 cases_011  steps  51- 59: 9.6s  total: 50.4s  (60/100)
[2026-04-28 09:37:14] ds_online_nonote_nohint_v2 cases_011  steps  61- 69: 9.4s  total: 59.7s  (70/100)
[2026-04-28 09:37:23] ds_online_nonote_nohint_v2 cases_011  steps  71- 79: 9.5s  total: 69.2s  (80/100)
[2026-04-28 09:37:33] ds_online_nonote_nohint_v2 cases_011  steps  81- 89: 9.3s  total: 78.6s  (90/100)
[2026-04-28 09:37:42] ds_online_nonote_nohint_v2 cases_011  steps  91- 99: 9.5s  total: 88.0s  (100/100)
[2026-04-28 09:37:43] DONE ds_online_nonote_nohint_v2 cases_011  total: 88.0s  (0.88s/step)
[2026-04-28 09:37:43]   tokens: 337,650 in + 700 out (reasoning: 0)  cost: $0.0919
[2026-04-28 09:37:43] START ds_online_nonote_nohint_v2 cases_012 (100 steps, nonote)
[2026-04-28 09:37:50] ds_online_nonote_nohint_v2 cases_012  steps   1-  9: 7.7s  total: 7.7s  (10/100)
[2026-04-28 09:37:58] ds_online_nonote_nohint_v2 cases_012  steps  11- 19: 7.9s  total: 15.7s  (20/100)
[2026-04-28 09:38:06] ds_online_nonote_nohint_v2 cases_012  steps  21- 29: 8.2s  total: 23.9s  (30/100)
[2026-04-28 09:38:15] ds_online_nonote_nohint_v2 cases_012  steps  31- 39: 8.3s  total: 32.2s  (40/100)
[2026-04-28 09:38:24] ds_online_nonote_nohint_v2 cases_012  steps  41- 49: 9.1s  total: 41.3s  (50/100)
[2026-04-28 09:38:33] ds_online_nonote_nohint_v2 cases_012  steps  51- 59: 9.4s  total: 50.7s  (60/100)
[2026-04-28 09:38:43] ds_online_nonote_nohint_v2 cases_012  steps  61- 69: 9.7s  total: 60.4s  (70/100)
[2026-04-28 09:38:52] ds_online_nonote_nohint_v2 cases_012  steps  71- 79: 9.4s  total: 69.9s  (80/100)
[2026-04-28 09:39:02] ds_online_nonote_nohint_v2 cases_012  steps  81- 89: 9.1s  total: 79.0s  (90/100)
[2026-04-28 09:39:11] ds_online_nonote_nohint_v2 cases_012  steps  91- 99: 9.1s  total: 88.1s  (100/100)
[2026-04-28 09:39:11] DONE ds_online_nonote_nohint_v2 cases_012  total: 88.1s  (0.88s/step)
[2026-04-28 09:39:11]   tokens: 337,650 in + 700 out (reasoning: 0)  cost: $0.0919
[2026-04-28 09:39:11] START ds_online_nonote_nohint_v2 cases_013 (100 steps, nonote)
[2026-04-28 09:39:20] ds_online_nonote_nohint_v2 cases_013  steps   1-  9: 8.9s  total: 8.9s  (10/100)
[2026-04-28 09:39:28] ds_online_nonote_nohint_v2 cases_013  steps  11- 19: 8.0s  total: 17.0s  (20/100)
[2026-04-28 09:39:36] ds_online_nonote_nohint_v2 cases_013  steps  21- 29: 8.2s  total: 25.1s  (30/100)
[2026-04-28 09:39:45] ds_online_nonote_nohint_v2 cases_013  steps  31- 39: 8.6s  total: 33.7s  (40/100)
[2026-04-28 09:39:54] ds_online_nonote_nohint_v2 cases_013  steps  41- 49: 8.8s  total: 42.6s  (50/100)
[2026-04-28 09:40:03] ds_online_nonote_nohint_v2 cases_013  steps  51- 59: 8.9s  total: 51.5s  (60/100)
[2026-04-28 09:40:12] ds_online_nonote_nohint_v2 cases_013  steps  61- 69: 9.6s  total: 61.1s  (70/100)
[2026-04-28 09:40:22] ds_online_nonote_nohint_v2 cases_013  steps  71- 79: 9.8s  total: 70.8s  (80/100)
[2026-04-28 09:40:31] ds_online_nonote_nohint_v2 cases_013  steps  81- 89: 9.4s  total: 80.2s  (90/100)
[2026-04-28 09:40:41] ds_online_nonote_nohint_v2 cases_013  steps  91- 99: 9.7s  total: 89.9s  (100/100)
[2026-04-28 09:40:42] DONE ds_online_nonote_nohint_v2 cases_013  total: 89.9s  (0.90s/step)
[2026-04-28 09:40:42]   tokens: 337,650 in + 700 out (reasoning: 0)  cost: $0.0919
[2026-04-28 09:40:42] START ds_online_nonote_nohint_v2 cases_014 (100 steps, nonote)
[2026-04-28 09:40:50] ds_online_nonote_nohint_v2 cases_014  steps   1-  9: 8.0s  total: 8.0s  (10/100)
[2026-04-28 09:40:58] ds_online_nonote_nohint_v2 cases_014  steps  11- 19: 8.1s  total: 16.2s  (20/100)
[2026-04-28 09:41:06] ds_online_nonote_nohint_v2 cases_014  steps  21- 29: 8.4s  total: 24.5s  (30/100)
[2026-04-28 09:41:14] ds_online_nonote_nohint_v2 cases_014  steps  31- 39: 8.0s  total: 32.5s  (40/100)
[2026-04-28 09:41:22] ds_online_nonote_nohint_v2 cases_014  steps  41- 49: 8.3s  total: 40.8s  (50/100)
[2026-04-28 09:41:32] ds_online_nonote_nohint_v2 cases_014  steps  51- 59: 9.4s  total: 50.3s  (60/100)
[2026-04-28 09:41:42] ds_online_nonote_nohint_v2 cases_014  steps  61- 69: 9.7s  total: 60.0s  (70/100)
[2026-04-28 09:41:51] ds_online_nonote_nohint_v2 cases_014  steps  71- 79: 9.5s  total: 69.5s  (80/100)
[2026-04-28 09:42:00] ds_online_nonote_nohint_v2 cases_014  steps  81- 89: 9.3s  total: 78.8s  (90/100)
[2026-04-28 09:42:10] ds_online_nonote_nohint_v2 cases_014  steps  91- 99: 9.6s  total: 88.4s  (100/100)
[2026-04-28 09:42:10] DONE ds_online_nonote_nohint_v2 cases_014  total: 88.4s  (0.88s/step)
[2026-04-28 09:42:10]   tokens: 337,650 in + 700 out (reasoning: 0)  cost: $0.0919
[2026-04-28 09:42:10] START ds_online_nonote_nohint_v2 cases_015 (100 steps, nonote)
[2026-04-28 09:42:18] ds_online_nonote_nohint_v2 cases_015  steps   1-  9: 7.7s  total: 7.7s  (10/100)
[2026-04-28 09:42:26] ds_online_nonote_nohint_v2 cases_015  steps  11- 19: 8.1s  total: 15.7s  (20/100)
[2026-04-28 09:42:34] ds_online_nonote_nohint_v2 cases_015  steps  21- 29: 7.8s  total: 23.6s  (30/100)
[2026-04-28 09:42:42] ds_online_nonote_nohint_v2 cases_015  steps  31- 39: 8.2s  total: 31.8s  (40/100)
[2026-04-28 09:42:51] ds_online_nonote_nohint_v2 cases_015  steps  41- 49: 8.6s  total: 40.3s  (50/100)
[2026-04-28 09:43:01] ds_online_nonote_nohint_v2 cases_015  steps  51- 59: 10.0s  total: 50.3s  (60/100)
[2026-04-28 09:43:10] ds_online_nonote_nohint_v2 cases_015  steps  61- 69: 9.1s  total: 59.4s  (70/100)
[2026-04-28 09:43:19] ds_online_nonote_nohint_v2 cases_015  steps  71- 79: 9.3s  total: 68.6s  (80/100)
[2026-04-28 09:43:29] ds_online_nonote_nohint_v2 cases_015  steps  81- 89: 9.6s  total: 78.2s  (90/100)
[2026-04-28 09:43:38] ds_online_nonote_nohint_v2 cases_015  steps  91- 99: 9.7s  total: 87.8s  (100/100)
[2026-04-28 09:43:39] DONE ds_online_nonote_nohint_v2 cases_015  total: 87.8s  (0.88s/step)
[2026-04-28 09:43:39]   tokens: 337,650 in + 700 out (reasoning: 0)  cost: $0.0919
[2026-04-28 09:43:39] START ds_online_nonote_nohint_v2 cases_016 (100 steps, nonote)
[2026-04-28 09:43:46] ds_online_nonote_nohint_v2 cases_016  steps   1-  9: 7.6s  total: 7.6s  (10/100)
[2026-04-28 09:43:54] ds_online_nonote_nohint_v2 cases_016  steps  11- 19: 7.8s  total: 15.4s  (20/100)
[2026-04-28 09:44:02] ds_online_nonote_nohint_v2 cases_016  steps  21- 29: 8.0s  total: 23.4s  (30/100)
[2026-04-28 09:44:10] ds_online_nonote_nohint_v2 cases_016  steps  31- 39: 8.3s  total: 31.7s  (40/100)
[2026-04-28 09:44:19] ds_online_nonote_nohint_v2 cases_016  steps  41- 49: 8.2s  total: 39.9s  (50/100)
[2026-04-28 09:44:28] ds_online_nonote_nohint_v2 cases_016  steps  51- 59: 9.7s  total: 49.6s  (60/100)
[2026-04-28 09:44:38] ds_online_nonote_nohint_v2 cases_016  steps  61- 69: 9.3s  total: 58.9s  (70/100)
[2026-04-28 09:44:47] ds_online_nonote_nohint_v2 cases_016  steps  71- 79: 9.2s  total: 68.1s  (80/100)
[2026-04-28 09:44:56] ds_online_nonote_nohint_v2 cases_016  steps  81- 89: 9.5s  total: 77.5s  (90/100)
[2026-04-28 09:45:07] ds_online_nonote_nohint_v2 cases_016  steps  91- 99: 10.2s  total: 87.7s  (100/100)
[2026-04-28 09:45:07] DONE ds_online_nonote_nohint_v2 cases_016  total: 87.7s  (0.88s/step)
[2026-04-28 09:45:07]   tokens: 337,650 in + 700 out (reasoning: 0)  cost: $0.0919
[2026-04-28 09:45:07] START ds_online_nonote_nohint_v2 cases_017 (100 steps, nonote)
[2026-04-28 09:45:16] ds_online_nonote_nohint_v2 cases_017  steps   1-  9: 8.8s  total: 8.8s  (10/100)
[2026-04-28 09:45:24] ds_online_nonote_nohint_v2 cases_017  steps  11- 19: 8.0s  total: 16.8s  (20/100)
[2026-04-28 09:45:32] ds_online_nonote_nohint_v2 cases_017  steps  21- 29: 8.0s  total: 24.8s  (30/100)
[2026-04-28 09:45:40] ds_online_nonote_nohint_v2 cases_017  steps  31- 39: 8.2s  total: 33.0s  (40/100)
[2026-04-28 09:45:49] ds_online_nonote_nohint_v2 cases_017  steps  41- 49: 8.7s  total: 41.7s  (50/100)
[2026-04-28 09:45:58] ds_online_nonote_nohint_v2 cases_017  steps  51- 59: 9.5s  total: 51.2s  (60/100)
[2026-04-28 09:46:08] ds_online_nonote_nohint_v2 cases_017  steps  61- 69: 9.8s  total: 60.9s  (70/100)
[2026-04-28 09:46:17] ds_online_nonote_nohint_v2 cases_017  steps  71- 79: 9.5s  total: 70.4s  (80/100)
[2026-04-28 09:46:27] ds_online_nonote_nohint_v2 cases_017  steps  81- 89: 9.5s  total: 79.9s  (90/100)
[2026-04-28 09:46:36] ds_online_nonote_nohint_v2 cases_017  steps  91- 99: 9.6s  total: 89.5s  (100/100)
[2026-04-28 09:46:37] DONE ds_online_nonote_nohint_v2 cases_017  total: 89.5s  (0.89s/step)
[2026-04-28 09:46:37]   tokens: 337,650 in + 700 out (reasoning: 0)  cost: $0.0919
[2026-04-28 09:46:37] START ds_online_nonote_nohint_v2 cases_018 (100 steps, nonote)
[2026-04-28 09:46:45] ds_online_nonote_nohint_v2 cases_018  steps   1-  9: 7.6s  total: 7.6s  (10/100)
[2026-04-28 09:46:53] ds_online_nonote_nohint_v2 cases_018  steps  11- 19: 8.1s  total: 15.7s  (20/100)
[2026-04-28 09:47:01] ds_online_nonote_nohint_v2 cases_018  steps  21- 29: 8.1s  total: 23.8s  (30/100)
[2026-04-28 09:47:15] ds_online_nonote_nohint_v2 cases_018  steps  31- 39: 13.7s  total: 37.5s  (40/100)
[2026-04-28 09:47:23] ds_online_nonote_nohint_v2 cases_018  steps  41- 49: 8.8s  total: 46.3s  (50/100)
[2026-04-28 09:47:33] ds_online_nonote_nohint_v2 cases_018  steps  51- 59: 9.2s  total: 55.5s  (60/100)
[2026-04-28 09:47:42] ds_online_nonote_nohint_v2 cases_018  steps  61- 69: 9.1s  total: 64.6s  (70/100)
[2026-04-28 09:47:51] ds_online_nonote_nohint_v2 cases_018  steps  71- 79: 9.1s  total: 73.7s  (80/100)
[2026-04-28 09:48:00] ds_online_nonote_nohint_v2 cases_018  steps  81- 89: 9.1s  total: 82.8s  (90/100)
[2026-04-28 09:48:09] ds_online_nonote_nohint_v2 cases_018  steps  91- 99: 9.3s  total: 92.2s  (100/100)
[2026-04-28 09:48:10] DONE ds_online_nonote_nohint_v2 cases_018  total: 92.2s  (0.92s/step)
[2026-04-28 09:48:10]   tokens: 337,650 in + 700 out (reasoning: 0)  cost: $0.0919
[2026-04-28 09:48:10] START ds_online_nonote_nohint_v2 cases_019 (100 steps, nonote)
[2026-04-28 09:48:17] ds_online_nonote_nohint_v2 cases_019  steps   1-  9: 7.8s  total: 7.8s  (10/100)
[2026-04-28 09:48:26] ds_online_nonote_nohint_v2 cases_019  steps  11- 19: 8.1s  total: 16.0s  (20/100)
[2026-04-28 09:48:34] ds_online_nonote_nohint_v2 cases_019  steps  21- 29: 8.0s  total: 23.9s  (30/100)
[2026-04-28 09:48:42] ds_online_nonote_nohint_v2 cases_019  steps  31- 39: 8.7s  total: 32.6s  (40/100)
[2026-04-28 09:48:51] ds_online_nonote_nohint_v2 cases_019  steps  41- 49: 8.8s  total: 41.4s  (50/100)
[2026-04-28 09:49:00] ds_online_nonote_nohint_v2 cases_019  steps  51- 59: 9.5s  total: 50.8s  (60/100)
[2026-04-28 09:49:10] ds_online_nonote_nohint_v2 cases_019  steps  61- 69: 9.6s  total: 60.4s  (70/100)
[2026-04-28 09:49:20] ds_online_nonote_nohint_v2 cases_019  steps  71- 79: 9.5s  total: 69.9s  (80/100)
[2026-04-28 09:49:29] ds_online_nonote_nohint_v2 cases_019  steps  81- 89: 9.3s  total: 79.2s  (90/100)
[2026-04-28 09:49:38] ds_online_nonote_nohint_v2 cases_019  steps  91- 99: 9.6s  total: 88.8s  (100/100)
[2026-04-28 09:49:39] DONE ds_online_nonote_nohint_v2 cases_019  total: 88.8s  (0.89s/step)
[2026-04-28 09:49:39]   tokens: 337,650 in + 700 out (reasoning: 0)  cost: $0.0919
