block,condition,agent,seed,return,opt_frac,gap_regret,model
nonstationary,action_permute,tf_legacy,9999,77.67317199707031,0.16,29.292494773864746,overwrite
nonstationary,action_permute,tf_legacy,10000,92.58355712890625,0.48,30.017807483673096,overwrite
nonstationary,action_permute,tf_legacy,10001,73.41860961914062,0.21333333333333335,37.502625942230225,overwrite
nonstationary,action_permute,tf_legacy,10002,87.43035888671875,0.32666666666666666,27.197685718536377,overwrite
nonstationary,action_permute,tf_legacy,10003,74.57646179199219,0.12666666666666668,44.74871826171875,overwrite
nonstationary,action_permute,tf_legacy,10004,84.125732421875,0.58,25.920774459838867,overwrite
nonstationary,action_permute,tf_legacy,10005,66.03865051269531,0.4066666666666667,51.030715465545654,overwrite
nonstationary,action_permute,tf_legacy,10006,63.98310089111328,0.16666666666666666,46.74817609786987,overwrite
nonstationary,action_permute,tf_legacy,10007,76.72189331054688,0.16666666666666666,39.00708293914795,overwrite
nonstationary,action_permute,tf_legacy,10008,75.72714233398438,0.16,45.54585790634155,overwrite
nonstationary,action_permute,tf_legacy,10009,81.72843933105469,0.2866666666666667,33.740540981292725,overwrite
nonstationary,action_permute,tf_legacy,10010,64.16954803466797,0.12666666666666668,45.716737270355225,overwrite
nonstationary,action_permute,tf_legacy,10011,88.1126708984375,0.48,26.854148387908936,overwrite
nonstationary,action_permute,tf_legacy,10012,79.16329956054688,0.36,46.92833375930786,overwrite
nonstationary,action_permute,tf_legacy,10013,93.73979187011719,0.19333333333333333,26.184271335601807,overwrite
nonstationary,action_permute,tf_legacy,10014,76.22077941894531,0.30666666666666664,40.22692537307739,overwrite
nonstationary,action_permute,tf_legacy,10015,69.53160095214844,0.17333333333333334,42.7371129989624,overwrite
nonstationary,action_permute,tf_legacy,10016,80.25245666503906,0.26666666666666666,25.33451509475708,overwrite
nonstationary,action_permute,tf_legacy,10017,81.46319580078125,0.26,28.107506275177002,overwrite
nonstationary,action_permute,tf_legacy,10018,80.82119750976562,0.2733333333333333,30.058419227600098,overwrite
nonstationary,action_permute,tf_legacy,10019,95.90945434570312,0.44,18.098814964294434,overwrite
nonstationary,action_permute,tf_legacy,10020,72.8141098022461,0.22666666666666666,31.82554006576538,overwrite
nonstationary,action_permute,tf_legacy,10021,59.24998092651367,0.26,51.22436285018921,overwrite
nonstationary,action_permute,tf_legacy,10022,80.49431610107422,0.18666666666666668,31.892165660858154,overwrite
nonstationary,action_permute,tf_legacy,10023,68.96855926513672,0.35333333333333333,37.16900968551636,overwrite
nonstationary,action_permute,tf_legacy,10024,82.05835723876953,0.32666666666666666,26.60297727584839,overwrite
nonstationary,action_permute,tf_legacy,10025,74.47279357910156,0.3,30.97656011581421,overwrite
nonstationary,action_permute,tf_legacy,10026,82.07742309570312,0.4266666666666667,20.19204044342041,overwrite
nonstationary,action_permute,tf_legacy,10027,67.54026794433594,0.13333333333333333,39.81826400756836,overwrite
nonstationary,action_permute,tf_legacy,10028,60.0179443359375,0.16,51.89635610580444,overwrite
nonstationary,action_permute,tf_legacy,10029,88.33335876464844,0.58,14.173253536224365,overwrite
nonstationary,action_permute,tf_legacy,10030,72.24180603027344,0.14666666666666667,37.37124967575073,overwrite
nonstationary,action_permute,tf_legacy,10031,76.9163818359375,0.22,32.63029909133911,overwrite
nonstationary,action_permute,tf_legacy,10032,69.97334289550781,0.32,21.213454723358154,overwrite
nonstationary,action_permute,tf_legacy,10033,74.71330261230469,0.2866666666666667,44.83688163757324,overwrite
nonstationary,action_permute,tf_legacy,10034,75.07374572753906,0.10666666666666667,35.38717555999756,overwrite
nonstationary,action_permute,tf_legacy,10035,82.65589141845703,0.18666666666666668,42.42951059341431,overwrite
nonstationary,action_permute,tf_legacy,10036,74.9621810913086,0.26666666666666666,38.77306127548218,overwrite
nonstationary,action_permute,tf_legacy,10037,83.76966857910156,0.4,18.55140447616577,overwrite
nonstationary,action_permute,tf_legacy,10038,78.32528686523438,0.26666666666666666,25.493805408477783,overwrite
nonstationary,action_permute,tf_legacy,10039,93.06797790527344,0.23333333333333334,20.70952272415161,overwrite
nonstationary,action_permute,tf_legacy,10040,74.229736328125,0.34,39.06312608718872,overwrite
nonstationary,action_permute,tf_legacy,10041,63.13908386230469,0.24,40.4469575881958,overwrite
nonstationary,action_permute,tf_legacy,10042,85.83262634277344,0.21333333333333335,29.044556140899658,overwrite
nonstationary,action_permute,tf_legacy,10043,81.7941665649414,0.29333333333333333,32.55540227890015,overwrite
nonstationary,action_permute,tf_legacy,10044,85.78043365478516,0.4533333333333333,23.414362907409668,overwrite
nonstationary,action_permute,tf_legacy,10045,70.23776245117188,0.25333333333333335,39.24135875701904,overwrite
nonstationary,action_permute,tf_legacy,10046,75.97909545898438,0.18666666666666668,38.485557556152344,overwrite
nonstationary,action_permute,tf_legacy,10047,85.17110443115234,0.42,36.740310192108154,overwrite
nonstationary,action_permute,tf_legacy,10048,92.99778747558594,0.41333333333333333,25.592537879943848,overwrite
nonstationary,action_permute,tf_self,9999,84.76519775390625,0.41333333333333333,26.091058254241943,overwrite
nonstationary,action_permute,tf_self,10000,80.11744689941406,0.2,41.32858085632324,overwrite
nonstationary,action_permute,tf_self,10001,73.71976470947266,0.19333333333333333,34.41880655288696,overwrite
nonstationary,action_permute,tf_self,10002,87.81954956054688,0.2866666666666667,28.2467098236084,overwrite
nonstationary,action_permute,tf_self,10003,78.27786254882812,0.31333333333333335,40.60283803939819,overwrite
nonstationary,action_permute,tf_self,10004,67.95687866210938,0.16666666666666666,41.69271278381348,overwrite
nonstationary,action_permute,tf_self,10005,76.51187133789062,0.43333333333333335,40.77833271026611,overwrite
nonstationary,action_permute,tf_self,10006,93.98749542236328,0.5533333333333333,17.77343225479126,overwrite
nonstationary,action_permute,tf_self,10007,95.67301940917969,0.47333333333333333,19.92776918411255,overwrite
nonstationary,action_permute,tf_self,10008,61.75347137451172,0.16666666666666666,57.03082895278931,overwrite
nonstationary,action_permute,tf_self,10009,71.87577819824219,0.28,41.34494066238403,overwrite
nonstationary,action_permute,tf_self,10010,78.19686126708984,0.3933333333333333,30.745262145996094,overwrite
nonstationary,action_permute,tf_self,10011,84.73640441894531,0.21333333333333335,32.86694622039795,overwrite
nonstationary,action_permute,tf_self,10012,84.24617004394531,0.22666666666666666,43.145721435546875,overwrite
nonstationary,action_permute,tf_self,10013,74.07504272460938,0.06666666666666667,44.65950012207031,overwrite
nonstationary,action_permute,tf_self,10014,57.687156677246094,0.22666666666666666,59.186163902282715,overwrite
nonstationary,action_permute,tf_self,10015,91.62824249267578,0.43333333333333335,19.90468740463257,overwrite
nonstationary,action_permute,tf_self,10016,62.095436096191406,0.34,42.415390968322754,overwrite
nonstationary,action_permute,tf_self,10017,68.9447021484375,0.20666666666666667,40.5272855758667,overwrite
nonstationary,action_permute,tf_self,10018,85.76628112792969,0.3933333333333333,23.774028778076172,overwrite
nonstationary,action_permute,tf_self,10019,77.44306945800781,0.28,34.64597129821777,overwrite
nonstationary,action_permute,tf_self,10020,85.15342712402344,0.36,20.119410037994385,overwrite
nonstationary,action_permute,tf_self,10021,62.94150924682617,0.24666666666666667,48.70623159408569,overwrite
nonstationary,action_permute,tf_self,10022,86.32144927978516,0.34,27.95767068862915,overwrite
nonstationary,action_permute,tf_self,10023,66.68648529052734,0.16666666666666666,42.205260276794434,overwrite
nonstationary,action_permute,tf_self,10024,78.79666137695312,0.4266666666666667,30.936556816101074,overwrite
nonstationary,action_permute,tf_self,10025,75.93869018554688,0.32,29.438055992126465,overwrite
nonstationary,action_permute,tf_self,10026,51.763004302978516,0.12666666666666668,49.47596979141235,overwrite
nonstationary,action_permute,tf_self,10027,73.61874389648438,0.12666666666666668,32.49100208282471,overwrite
nonstationary,action_permute,tf_self,10028,68.64501953125,0.22666666666666666,47.602477073669434,overwrite
nonstationary,action_permute,tf_self,10029,87.57586669921875,0.26,22.605173110961914,overwrite
nonstationary,action_permute,tf_self,10030,72.94683074951172,0.16666666666666666,38.21037817001343,overwrite
nonstationary,action_permute,tf_self,10031,76.39736938476562,0.28,33.759751319885254,overwrite
nonstationary,action_permute,tf_self,10032,79.9708251953125,0.3466666666666667,12.307706356048584,overwrite
nonstationary,action_permute,tf_self,10033,76.54290771484375,0.16666666666666666,44.100749015808105,overwrite
nonstationary,action_permute,tf_self,10034,89.18870544433594,0.3933333333333333,22.72208833694458,overwrite
nonstationary,action_permute,tf_self,10035,79.17329406738281,0.25333333333333335,45.800036907196045,overwrite
nonstationary,action_permute,tf_self,10036,86.53099060058594,0.13333333333333333,31.187792778015137,overwrite
nonstationary,action_permute,tf_self,10037,84.37246704101562,0.31333333333333335,18.34199094772339,overwrite
nonstationary,action_permute,tf_self,10038,89.27253723144531,0.4,16.817967891693115,overwrite
nonstationary,action_permute,tf_self,10039,104.65460205078125,0.6,10.911734104156494,overwrite
nonstationary,action_permute,tf_self,10040,70.85063934326172,0.12666666666666668,44.44854784011841,overwrite
nonstationary,action_permute,tf_self,10041,66.05587768554688,0.17333333333333334,38.794047355651855,overwrite
nonstationary,action_permute,tf_self,10042,74.26351928710938,0.21333333333333335,39.80290651321411,overwrite
nonstationary,action_permute,tf_self,10043,75.83714294433594,0.15333333333333332,39.158087730407715,overwrite
nonstationary,action_permute,tf_self,10044,59.210838317871094,0.23333333333333334,51.16674041748047,overwrite
nonstationary,action_permute,tf_self,10045,68.28141784667969,0.30666666666666664,39.802870750427246,overwrite
nonstationary,action_permute,tf_self,10046,46.71148681640625,0.12666666666666668,69.95400476455688,overwrite
nonstationary,action_permute,tf_self,10047,88.46723937988281,0.3466666666666667,33.02241897583008,overwrite
nonstationary,action_permute,tf_self,10048,78.17771911621094,0.24666666666666667,39.02130365371704,overwrite
nonstationary,action_permute,optimal,9999,105.58451080322266,1.0,0.0,overwrite
nonstationary,action_permute,optimal,10000,120.25283813476562,1.0,0.0,overwrite
nonstationary,action_permute,optimal,10001,108.54301452636719,1.0,0.0,overwrite
nonstationary,action_permute,optimal,10002,117.61793518066406,1.0,0.0,overwrite
nonstationary,action_permute,optimal,10003,119.40950012207031,1.0,0.0,overwrite
nonstationary,action_permute,optimal,10004,111.66455078125,1.0,0.0,overwrite
nonstationary,action_permute,optimal,10005,116.30339050292969,1.0,0.0,overwrite
nonstationary,action_permute,optimal,10006,108.19403839111328,1.0,0.0,overwrite
nonstationary,action_permute,optimal,10007,117.20417785644531,1.0,0.0,overwrite
nonstationary,action_permute,optimal,10008,118.36479187011719,1.0,0.0,overwrite
nonstationary,action_permute,optimal,10009,116.33384704589844,1.0,0.0,overwrite
nonstationary,action_permute,optimal,10010,113.50198364257812,1.0,0.0,overwrite
nonstationary,action_permute,optimal,10011,116.56582641601562,1.0,0.0,overwrite
nonstationary,action_permute,optimal,10012,121.69638061523438,1.0,0.0,overwrite
nonstationary,action_permute,optimal,10013,118.79129028320312,1.0,0.0,overwrite
nonstationary,action_permute,optimal,10014,113.58158874511719,1.0,0.0,overwrite
nonstationary,action_permute,optimal,10015,111.88401794433594,1.0,0.0,overwrite
nonstationary,action_permute,optimal,10016,102.01913452148438,1.0,0.0,overwrite
nonstationary,action_permute,optimal,10017,112.41069030761719,1.0,0.0,overwrite
nonstationary,action_permute,optimal,10018,109.3783187866211,1.0,0.0,overwrite
nonstationary,action_permute,optimal,10019,114.3609848022461,1.0,0.0,overwrite
nonstationary,action_permute,optimal,10020,104.90158081054688,1.0,0.0,overwrite
nonstationary,action_permute,optimal,10021,110.18820190429688,1.0,0.0,overwrite
nonstationary,action_permute,optimal,10022,114.68815612792969,1.0,0.0,overwrite
nonstationary,action_permute,optimal,10023,105.78448486328125,1.0,0.0,overwrite
nonstationary,action_permute,optimal,10024,108.45394897460938,1.0,0.0,overwrite
nonstationary,action_permute,optimal,10025,106.36751556396484,1.0,0.0,overwrite
nonstationary,action_permute,optimal,10026,100.41291809082031,1.0,0.0,overwrite
nonstationary,action_permute,optimal,10027,106.34818267822266,1.0,0.0,overwrite
nonstationary,action_permute,optimal,10028,118.29808044433594,1.0,0.0,overwrite
nonstationary,action_permute,optimal,10029,106.08363342285156,1.0,0.0,overwrite
nonstationary,action_permute,optimal,10030,114.4266357421875,1.0,0.0,overwrite
nonstationary,action_permute,optimal,10031,111.42123413085938,1.0,0.0,overwrite
nonstationary,action_permute,optimal,10032,89.2677001953125,1.0,0.0,overwrite
nonstationary,action_permute,optimal,10033,120.4154052734375,1.0,0.0,overwrite
nonstationary,action_permute,optimal,10034,114.25677490234375,1.0,0.0,overwrite
nonstationary,action_permute,optimal,10035,125.25314331054688,1.0,0.0,overwrite
nonstationary,action_permute,optimal,10036,112.46002197265625,1.0,0.0,overwrite
nonstationary,action_permute,optimal,10037,102.705810546875,1.0,0.0,overwrite
nonstationary,action_permute,optimal,10038,104.30300903320312,1.0,0.0,overwrite
nonstationary,action_permute,optimal,10039,115.67098999023438,1.0,0.0,overwrite
nonstationary,action_permute,optimal,10040,111.84742736816406,1.0,0.0,overwrite
nonstationary,action_permute,optimal,10041,106.4958724975586,1.0,0.0,overwrite
nonstationary,action_permute,optimal,10042,117.09668731689453,1.0,0.0,overwrite
nonstationary,action_permute,optimal,10043,115.43380737304688,1.0,0.0,overwrite
nonstationary,action_permute,optimal,10044,106.94786834716797,1.0,0.0,overwrite
nonstationary,action_permute,optimal,10045,109.82199096679688,1.0,0.0,overwrite
nonstationary,action_permute,optimal,10046,113.76632690429688,1.0,0.0,overwrite
nonstationary,action_permute,optimal,10047,123.58666229248047,1.0,0.0,overwrite
nonstationary,action_permute,optimal,10048,116.88221740722656,1.0,0.0,overwrite
nonstationary,action_permute,epsgreedy,9999,74.52178955078125,0.14666666666666667,33.34108018875122,overwrite
nonstationary,action_permute,epsgreedy,10000,83.34292602539062,0.14666666666666667,39.906328201293945,overwrite
nonstationary,action_permute,epsgreedy,10001,82.10934448242188,0.32,28.623342037200928,overwrite
nonstationary,action_permute,epsgreedy,10002,88.18647766113281,0.23333333333333334,28.28873586654663,overwrite
nonstationary,action_permute,epsgreedy,10003,85.73131561279297,0.25333333333333335,35.9758825302124,overwrite
nonstationary,action_permute,epsgreedy,10004,73.21048736572266,0.2866666666666667,36.99576997756958,overwrite
nonstationary,action_permute,epsgreedy,10005,62.41342544555664,0.24666666666666667,57.254140853881836,overwrite
nonstationary,action_permute,epsgreedy,10006,68.28593444824219,0.26,42.24107217788696,overwrite
nonstationary,action_permute,epsgreedy,10007,96.23603820800781,0.28,19.01761484146118,overwrite
nonstationary,action_permute,epsgreedy,10008,76.06015014648438,0.34,44.03809642791748,overwrite
nonstationary,action_permute,epsgreedy,10009,69.442138671875,0.22,44.4317569732666,overwrite
nonstationary,action_permute,epsgreedy,10010,68.50117492675781,0.25333333333333335,42.68047475814819,overwrite
nonstationary,action_permute,epsgreedy,10011,89.65129089355469,0.3333333333333333,28.0166277885437,overwrite
nonstationary,action_permute,epsgreedy,10012,76.77835083007812,0.2,48.222580432891846,overwrite
nonstationary,action_permute,epsgreedy,10013,86.53587341308594,0.26666666666666666,32.314425468444824,overwrite
nonstationary,action_permute,epsgreedy,10014,64.95394897460938,0.2,49.70911169052124,overwrite
nonstationary,action_permute,epsgreedy,10015,72.69868469238281,0.05333333333333334,39.66216707229614,overwrite
nonstationary,action_permute,epsgreedy,10016,75.10873413085938,0.28,30.991419792175293,overwrite
nonstationary,action_permute,epsgreedy,10017,90.75117492675781,0.5066666666666667,21.246204376220703,overwrite
nonstationary,action_permute,epsgreedy,10018,80.16024780273438,0.34,29.642817497253418,overwrite
nonstationary,action_permute,epsgreedy,10019,86.05186462402344,0.34,26.51486587524414,overwrite
nonstationary,action_permute,epsgreedy,10020,80.98985290527344,0.3333333333333333,24.047754764556885,overwrite
nonstationary,action_permute,epsgreedy,10021,78.7994155883789,0.4666666666666667,30.395095825195312,overwrite
nonstationary,action_permute,epsgreedy,10022,78.66633605957031,0.24,38.21664333343506,overwrite
nonstationary,action_permute,epsgreedy,10023,62.57258224487305,0.3,41.50123310089111,overwrite
nonstationary,action_permute,epsgreedy,10024,85.20932006835938,0.38666666666666666,22.727206230163574,overwrite
nonstationary,action_permute,epsgreedy,10025,84.31854248046875,0.36666666666666664,21.180773735046387,overwrite
nonstationary,action_permute,epsgreedy,10026,64.91807556152344,0.21333333333333335,34.6696081161499,overwrite
nonstationary,action_permute,epsgreedy,10027,61.44842529296875,0.15333333333333332,44.5706582069397,overwrite
nonstationary,action_permute,epsgreedy,10028,70.82059478759766,0.3466666666666667,44.13038110733032,overwrite
nonstationary,action_permute,epsgreedy,10029,75.39697265625,0.38666666666666666,34.561172008514404,overwrite
nonstationary,action_permute,epsgreedy,10030,85.87030792236328,0.38,26.659825325012207,overwrite
nonstationary,action_permute,epsgreedy,10031,75.30123901367188,0.34,37.67203330993652,overwrite
nonstationary,action_permute,epsgreedy,10032,70.40609741210938,0.21333333333333335,21.626566410064697,overwrite
nonstationary,action_permute,epsgreedy,10033,95.3831787109375,0.5466666666666666,24.780463695526123,overwrite
nonstationary,action_permute,epsgreedy,10034,77.32366943359375,0.2,34.74037170410156,overwrite
nonstationary,action_permute,epsgreedy,10035,87.73965454101562,0.11333333333333333,37.626079082489014,overwrite
nonstationary,action_permute,epsgreedy,10036,64.1280517578125,0.14,50.24883794784546,overwrite
nonstationary,action_permute,epsgreedy,10037,85.14106750488281,0.25333333333333335,18.50440216064453,overwrite
nonstationary,action_permute,epsgreedy,10038,75.2733154296875,0.26666666666666666,30.09500789642334,overwrite
nonstationary,action_permute,epsgreedy,10039,90.04790496826172,0.14,22.10684061050415,overwrite
nonstationary,action_permute,epsgreedy,10040,77.68025970458984,0.36,36.41150140762329,overwrite
nonstationary,action_permute,epsgreedy,10041,81.60491943359375,0.44666666666666666,24.30821943283081,overwrite
nonstationary,action_permute,epsgreedy,10042,70.26582336425781,0.14,45.22428560256958,overwrite
nonstationary,action_permute,epsgreedy,10043,78.24885559082031,0.32666666666666666,36.38375902175903,overwrite
nonstationary,action_permute,epsgreedy,10044,64.97348022460938,0.29333333333333333,41.48381185531616,overwrite
nonstationary,action_permute,epsgreedy,10045,65.0596923828125,0.25333333333333335,42.881765842437744,overwrite
nonstationary,action_permute,epsgreedy,10046,88.18446350097656,0.52,26.454946517944336,overwrite
nonstationary,action_permute,epsgreedy,10047,76.41507720947266,0.17333333333333334,43.387763023376465,overwrite
nonstationary,action_permute,epsgreedy,10048,72.70701599121094,0.10666666666666667,43.92047739028931,overwrite
nonstationary,action_permute,greedy,9999,78.94625854492188,0.28,28.413235187530518,overwrite
nonstationary,action_permute,greedy,10000,81.82414245605469,0.14,38.2847466468811,overwrite
nonstationary,action_permute,greedy,10001,77.35513305664062,0.3,30.95699977874756,overwrite
nonstationary,action_permute,greedy,10002,90.16351318359375,0.38666666666666666,24.688101768493652,overwrite
nonstationary,action_permute,greedy,10003,89.21775817871094,0.3333333333333333,32.129244804382324,overwrite
nonstationary,action_permute,greedy,10004,64.86753845214844,0.22,44.848111152648926,overwrite
nonstationary,action_permute,greedy,10005,65.49223327636719,0.38666666666666666,52.63822841644287,overwrite
nonstationary,action_permute,greedy,10006,84.29772186279297,0.44666666666666666,26.6156005859375,overwrite
nonstationary,action_permute,greedy,10007,79.38491821289062,0.31333333333333335,38.6474723815918,overwrite
nonstationary,action_permute,greedy,10008,78.91796112060547,0.36666666666666664,41.3320574760437,overwrite
nonstationary,action_permute,greedy,10009,69.26345825195312,0.13333333333333333,45.90585470199585,overwrite
nonstationary,action_permute,greedy,10010,75.87333679199219,0.35333333333333333,32.751747131347656,overwrite
nonstationary,action_permute,greedy,10011,80.06632995605469,0.30666666666666664,37.95726203918457,overwrite
nonstationary,action_permute,greedy,10012,82.2081069946289,0.3933333333333333,42.42386293411255,overwrite
nonstationary,action_permute,greedy,10013,89.371826171875,0.12666666666666668,30.818635940551758,overwrite
nonstationary,action_permute,greedy,10014,78.1030044555664,0.38666666666666666,38.14829111099243,overwrite
nonstationary,action_permute,greedy,10015,70.06143188476562,0.12,40.513540267944336,overwrite
nonstationary,action_permute,greedy,10016,75.3070068359375,0.28,28.949949264526367,overwrite
nonstationary,action_permute,greedy,10017,77.1552734375,0.37333333333333335,33.062875747680664,overwrite
nonstationary,action_permute,greedy,10018,77.88117980957031,0.30666666666666664,32.783223152160645,overwrite
nonstationary,action_permute,greedy,10019,77.54525756835938,0.26666666666666666,34.83031892776489,overwrite
nonstationary,action_permute,greedy,10020,72.22284698486328,0.32666666666666666,33.799678802490234,overwrite
nonstationary,action_permute,greedy,10021,77.08458709716797,0.4,32.29425096511841,overwrite
nonstationary,action_permute,greedy,10022,73.69345092773438,0.15333333333333332,40.31905126571655,overwrite
nonstationary,action_permute,greedy,10023,48.341468811035156,0.2,57.00959348678589,overwrite
nonstationary,action_permute,greedy,10024,89.44807434082031,0.36666666666666664,21.34745979309082,overwrite
nonstationary,action_permute,greedy,10025,79.72904968261719,0.4266666666666667,24.896662712097168,overwrite
nonstationary,action_permute,greedy,10026,57.86279296875,0.14,42.37214803695679,overwrite
nonstationary,action_permute,greedy,10027,62.47148895263672,0.15333333333333332,43.382779121398926,overwrite
nonstationary,action_permute,greedy,10028,64.74105072021484,0.16,48.039616107940674,overwrite
nonstationary,action_permute,greedy,10029,74.60493469238281,0.36666666666666664,31.325261116027832,overwrite
nonstationary,action_permute,greedy,10030,75.72696685791016,0.24666666666666667,34.656466007232666,overwrite
nonstationary,action_permute,greedy,10031,74.13359069824219,0.36,36.93371248245239,overwrite
nonstationary,action_permute,greedy,10032,66.93231201171875,0.16666666666666666,23.06119680404663,overwrite
nonstationary,action_permute,greedy,10033,105.08970642089844,0.44,16.040743827819824,overwrite
nonstationary,action_permute,greedy,10034,76.83346557617188,0.17333333333333334,33.755995750427246,overwrite
nonstationary,action_permute,greedy,10035,72.5723876953125,0.13333333333333333,53.77215385437012,overwrite
nonstationary,action_permute,greedy,10036,60.628631591796875,0.08666666666666667,56.02735662460327,overwrite
nonstationary,action_permute,greedy,10037,85.24910736083984,0.19333333333333333,18.800367832183838,overwrite
nonstationary,action_permute,greedy,10038,77.57940673828125,0.25333333333333335,27.196163177490234,overwrite
nonstationary,action_permute,greedy,10039,86.53919982910156,0.30666666666666664,26.805593490600586,overwrite
nonstationary,action_permute,greedy,10040,77.14102172851562,0.4066666666666667,36.749629974365234,overwrite
nonstationary,action_permute,greedy,10041,82.5698013305664,0.3933333333333333,23.417337894439697,overwrite
nonstationary,action_permute,greedy,10042,64.38442993164062,0.11333333333333333,49.88489484786987,overwrite
nonstationary,action_permute,greedy,10043,74.56892395019531,0.18,40.96167755126953,overwrite
nonstationary,action_permute,greedy,10044,71.52493286132812,0.41333333333333333,37.026209354400635,overwrite
nonstationary,action_permute,greedy,10045,67.49238586425781,0.17333333333333334,40.380462646484375,overwrite
nonstationary,action_permute,greedy,10046,91.97737121582031,0.6333333333333333,23.336324214935303,overwrite
nonstationary,action_permute,greedy,10047,67.85623931884766,0.18666666666666668,54.15924692153931,overwrite
nonstationary,action_permute,greedy,10048,65.45411682128906,0.24,52.53465414047241,overwrite
nonstationary,action_permute,random,9999,80.84095001220703,0.25333333333333335,30.0949387550354,overwrite
nonstationary,action_permute,random,10000,80.89566040039062,0.2733333333333333,41.31048345565796,overwrite
nonstationary,action_permute,random,10001,80.51902770996094,0.31333333333333335,30.085996627807617,overwrite
nonstationary,action_permute,random,10002,85.16572570800781,0.34,29.82538414001465,overwrite
nonstationary,action_permute,random,10003,85.65385437011719,0.2733333333333333,37.67849159240723,overwrite
nonstationary,action_permute,random,10004,78.03028869628906,0.34,35.13823843002319,overwrite
nonstationary,action_permute,random,10005,71.23448944091797,0.29333333333333333,47.395893573760986,overwrite
nonstationary,action_permute,random,10006,78.26838684082031,0.3466666666666667,33.764220237731934,overwrite
nonstationary,action_permute,random,10007,83.7961196899414,0.23333333333333334,32.67994737625122,overwrite
nonstationary,action_permute,random,10008,70.28236389160156,0.17333333333333334,50.435155391693115,overwrite
nonstationary,action_permute,random,10009,72.84437561035156,0.23333333333333334,43.91621446609497,overwrite
nonstationary,action_permute,random,10010,70.0263671875,0.18666666666666668,38.92750835418701,overwrite
nonstationary,action_permute,random,10011,81.56074523925781,0.22,35.27687168121338,overwrite
nonstationary,action_permute,random,10012,85.43020629882812,0.28,38.79732084274292,overwrite
nonstationary,action_permute,random,10013,86.65889739990234,0.24666666666666667,30.83239984512329,overwrite
nonstationary,action_permute,random,10014,68.4721450805664,0.25333333333333335,47.48828983306885,overwrite
nonstationary,action_permute,random,10015,74.775146484375,0.18,35.96523857116699,overwrite
nonstationary,action_permute,random,10016,68.28456115722656,0.25333333333333335,34.55044174194336,overwrite
nonstationary,action_permute,random,10017,76.18350982666016,0.21333333333333335,34.714444160461426,overwrite
nonstationary,action_permute,random,10018,77.58042907714844,0.23333333333333334,33.3446831703186,overwrite
nonstationary,action_permute,random,10019,80.4237289428711,0.3,31.76599407196045,overwrite
nonstationary,action_permute,random,10020,75.5898666381836,0.23333333333333334,29.744503498077393,overwrite
nonstationary,action_permute,random,10021,66.07168579101562,0.24666666666666667,44.67412805557251,overwrite
nonstationary,action_permute,random,10022,81.19197082519531,0.32,31.77587080001831,overwrite
nonstationary,action_permute,random,10023,67.688720703125,0.24,39.16258430480957,overwrite
nonstationary,action_permute,random,10024,84.7569808959961,0.2866666666666667,27.3185772895813,overwrite
nonstationary,action_permute,random,10025,75.48001098632812,0.23333333333333334,31.811450481414795,overwrite
nonstationary,action_permute,random,10026,73.68004608154297,0.2866666666666667,28.815518379211426,overwrite
nonstationary,action_permute,random,10027,71.06117248535156,0.28,33.75120544433594,overwrite
nonstationary,action_permute,random,10028,70.93327331542969,0.23333333333333334,49.07182788848877,overwrite
nonstationary,action_permute,random,10029,73.99137878417969,0.29333333333333333,34.191834449768066,overwrite
nonstationary,action_permute,random,10030,79.13836669921875,0.28,34.07873725891113,overwrite
nonstationary,action_permute,random,10031,73.25912475585938,0.3,38.66799736022949,overwrite
nonstationary,action_permute,random,10032,71.33026123046875,0.26,21.900458335876465,overwrite
nonstationary,action_permute,random,10033,79.70634460449219,0.25333333333333335,40.444889068603516,overwrite
nonstationary,action_permute,random,10034,77.43869018554688,0.24,35.134323596954346,overwrite
nonstationary,action_permute,random,10035,88.24156188964844,0.2866666666666667,37.2666597366333,overwrite
nonstationary,action_permute,random,10036,76.57637023925781,0.26666666666666666,39.17404747009277,overwrite
nonstationary,action_permute,random,10037,79.05096435546875,0.26,24.66343116760254,overwrite
nonstationary,action_permute,random,10038,71.56808471679688,0.24,33.03155708312988,overwrite
nonstationary,action_permute,random,10039,85.70889282226562,0.28,27.459741592407227,overwrite
nonstationary,action_permute,random,10040,74.71682739257812,0.29333333333333333,39.60629463195801,overwrite
nonstationary,action_permute,random,10041,71.98428344726562,0.26,33.2470006942749,overwrite
nonstationary,action_permute,random,10042,80.60295867919922,0.24666666666666667,36.75633239746094,overwrite
nonstationary,action_permute,random,10043,72.18507385253906,0.20666666666666667,43.1330189704895,overwrite
nonstationary,action_permute,random,10044,71.65835571289062,0.29333333333333333,37.10421562194824,overwrite
nonstationary,action_permute,random,10045,68.07151794433594,0.23333333333333334,39.63570261001587,overwrite
nonstationary,action_permute,random,10046,76.60462951660156,0.2866666666666667,34.58026075363159,overwrite
nonstationary,action_permute,random,10047,70.83903503417969,0.18,50.608325481414795,overwrite
nonstationary,action_permute,random,10048,81.06547546386719,0.2733333333333333,36.28735065460205,overwrite
nonstationary,action_permute,optimal_frozen,9999,99.39387512207031,0.62,8.102663516998291,overwrite
nonstationary,action_permute,optimal_frozen,10000,89.80999755859375,0.3333333333333333,31.165746212005615,overwrite
nonstationary,action_permute,optimal_frozen,10001,95.7051010131836,0.54,12.627184391021729,overwrite
nonstationary,action_permute,optimal_frozen,10002,94.17100524902344,0.5533333333333333,22.597150325775146,overwrite
nonstationary,action_permute,optimal_frozen,10003,86.99890899658203,0.3333333333333333,34.0418963432312,overwrite
nonstationary,action_permute,optimal_frozen,10004,84.88214874267578,0.5266666666666666,25.628259658813477,overwrite
nonstationary,action_permute,optimal_frozen,10005,90.12232208251953,0.5,25.656970500946045,overwrite
nonstationary,action_permute,optimal_frozen,10006,76.62857055664062,0.3333333333333333,30.497912883758545,overwrite
nonstationary,action_permute,optimal_frozen,10007,107.33502197265625,0.4666666666666667,9.922013759613037,overwrite
nonstationary,action_permute,optimal_frozen,10008,67.62877655029297,0.3333333333333333,50.407588481903076,overwrite
nonstationary,action_permute,optimal_frozen,10009,86.09619140625,0.47333333333333333,29.95243263244629,overwrite
nonstationary,action_permute,optimal_frozen,10010,69.15958404541016,0.3333333333333333,42.70424032211304,overwrite
nonstationary,action_permute,optimal_frozen,10011,101.50479125976562,0.64,15.380061626434326,overwrite
nonstationary,action_permute,optimal_frozen,10012,99.36796569824219,0.3333333333333333,24.744624614715576,overwrite
nonstationary,action_permute,optimal_frozen,10013,94.50430297851562,0.38,27.85502338409424,overwrite
nonstationary,action_permute,optimal_frozen,10014,94.47891998291016,0.64,21.55823278427124,overwrite
nonstationary,action_permute,optimal_frozen,10015,90.54623413085938,0.5533333333333333,22.37838315963745,overwrite
nonstationary,action_permute,optimal_frozen,10016,55.04327392578125,0.3333333333333333,48.28558826446533,overwrite
nonstationary,action_permute,optimal_frozen,10017,103.75668334960938,0.8266666666666667,7.664927005767822,overwrite
nonstationary,action_permute,optimal_frozen,10018,85.11605834960938,0.3333333333333333,25.034902095794678,overwrite
nonstationary,action_permute,optimal_frozen,10019,74.81266021728516,0.3333333333333333,36.65995168685913,overwrite
nonstationary,action_permute,optimal_frozen,10020,95.78797149658203,0.7066666666666667,10.313004493713379,overwrite
nonstationary,action_permute,optimal_frozen,10021,71.08619689941406,0.3333333333333333,40.94702959060669,overwrite
nonstationary,action_permute,optimal_frozen,10022,77.54679870605469,0.3333333333333333,36.09109401702881,overwrite
nonstationary,action_permute,optimal_frozen,10023,60.9461669921875,0.3333333333333333,44.47439098358154,overwrite
nonstationary,action_permute,optimal_frozen,10024,95.19369506835938,0.7266666666666667,12.945154190063477,overwrite
nonstationary,action_permute,optimal_frozen,10025,82.48403930664062,0.5533333333333333,23.57236909866333,overwrite
nonstationary,action_permute,optimal_frozen,10026,82.59915161132812,0.7466666666666667,17.767573833465576,overwrite
nonstationary,action_permute,optimal_frozen,10027,82.825927734375,0.3333333333333333,23.738916873931885,overwrite
nonstationary,action_permute,optimal_frozen,10028,76.43560028076172,0.3333333333333333,41.126749992370605,overwrite
nonstationary,action_permute,optimal_frozen,10029,82.3674545288086,0.3333333333333333,23.783592224121094,overwrite
nonstationary,action_permute,optimal_frozen,10030,77.91615295410156,0.3333333333333333,35.55746793746948,overwrite
nonstationary,action_permute,optimal_frozen,10031,89.79643249511719,0.6266666666666667,21.397047996520996,overwrite
nonstationary,action_permute,optimal_frozen,10032,67.75605773925781,0.3333333333333333,23.331225872039795,overwrite
nonstationary,action_permute,optimal_frozen,10033,83.51140594482422,0.5133333333333333,37.36523199081421,overwrite
nonstationary,action_permute,optimal_frozen,10034,101.73310852050781,0.7266666666666667,12.466252326965332,overwrite
nonstationary,action_permute,optimal_frozen,10035,87.75560760498047,0.3333333333333333,38.33691072463989,overwrite
nonstationary,action_permute,optimal_frozen,10036,68.52142333984375,0.3333333333333333,43.82471418380737,overwrite
nonstationary,action_permute,optimal_frozen,10037,98.89842224121094,0.74,4.682859420776367,overwrite
nonstationary,action_permute,optimal_frozen,10038,102.09408569335938,0.7733333333333333,3.101626396179199,overwrite
nonstationary,action_permute,optimal_frozen,10039,99.84388732910156,0.6333333333333333,14.787363052368164,overwrite
nonstationary,action_permute,optimal_frozen,10040,98.95252990722656,0.76,10.78049898147583,overwrite
nonstationary,action_permute,optimal_frozen,10041,76.42681884765625,0.3333333333333333,30.142895221710205,overwrite
nonstationary,action_permute,optimal_frozen,10042,85.78956604003906,0.3333333333333333,30.933807849884033,overwrite
nonstationary,action_permute,optimal_frozen,10043,82.59614562988281,0.3333333333333333,33.3401837348938,overwrite
nonstationary,action_permute,optimal_frozen,10044,82.51716613769531,0.4666666666666667,25.2201247215271,overwrite
nonstationary,action_permute,optimal_frozen,10045,76.17342376708984,0.4066666666666667,32.798460483551025,overwrite
nonstationary,action_permute,optimal_frozen,10046,84.34502410888672,0.5,29.684068202972412,overwrite
nonstationary,action_permute,optimal_frozen,10047,85.6397705078125,0.5466666666666666,34.77189254760742,overwrite
nonstationary,action_permute,optimal_frozen,10048,106.75975036621094,0.5266666666666666,12.875558853149414,overwrite
nonstationary,reward_resample,tf_legacy,9999,77.14273071289062,0.26,26.476970195770264,overwrite
nonstationary,reward_resample,tf_legacy,10000,89.44389343261719,0.35333333333333333,25.321796417236328,overwrite
nonstationary,reward_resample,tf_legacy,10001,58.098880767822266,0.11333333333333333,48.919281005859375,overwrite
nonstationary,reward_resample,tf_legacy,10002,79.26663208007812,0.43333333333333335,26.716597080230713,overwrite
nonstationary,reward_resample,tf_legacy,10003,72.507568359375,0.22,44.57988119125366,overwrite
nonstationary,reward_resample,tf_legacy,10004,83.80035400390625,0.49333333333333335,28.321686267852783,overwrite
nonstationary,reward_resample,tf_legacy,10005,79.77220153808594,0.26666666666666666,36.964272022247314,overwrite
nonstationary,reward_resample,tf_legacy,10006,76.40522766113281,0.16666666666666666,35.88083744049072,overwrite
nonstationary,reward_resample,tf_legacy,10007,66.5423355102539,0.06666666666666667,44.277381896972656,overwrite
nonstationary,reward_resample,tf_legacy,10008,83.93721008300781,0.24,34.06318807601929,overwrite
nonstationary,reward_resample,tf_legacy,10009,85.80574035644531,0.18,29.528857707977295,overwrite
nonstationary,reward_resample,tf_legacy,10010,68.7741470336914,0.3,27.15593385696411,overwrite
nonstationary,reward_resample,tf_legacy,10011,78.15372467041016,0.37333333333333335,36.25010108947754,overwrite
nonstationary,reward_resample,tf_legacy,10012,76.63525390625,0.41333333333333333,36.66424751281738,overwrite
nonstationary,reward_resample,tf_legacy,10013,83.59634399414062,0.3466666666666667,30.00148344039917,overwrite
nonstationary,reward_resample,tf_legacy,10014,75.68151092529297,0.28,36.452831745147705,overwrite
nonstationary,reward_resample,tf_legacy,10015,63.89653015136719,0.2733333333333333,45.3717737197876,overwrite
nonstationary,reward_resample,tf_legacy,10016,70.07410430908203,0.18666666666666668,40.12892770767212,overwrite
nonstationary,reward_resample,tf_legacy,10017,87.40140533447266,0.3466666666666667,20.235220432281494,overwrite
nonstationary,reward_resample,tf_legacy,10018,63.080970764160156,0.19333333333333333,38.353336811065674,overwrite
nonstationary,reward_resample,tf_legacy,10019,93.71438598632812,0.5,17.039562702178955,overwrite
nonstationary,reward_resample,tf_legacy,10020,77.19548034667969,0.28,27.141915321350098,overwrite
nonstationary,reward_resample,tf_legacy,10021,73.94816589355469,0.24666666666666667,38.43298530578613,overwrite
nonstationary,reward_resample,tf_legacy,10022,87.96855926513672,0.5533333333333333,18.257761001586914,overwrite
nonstationary,reward_resample,tf_legacy,10023,66.61236572265625,0.44,34.400943756103516,overwrite
nonstationary,reward_resample,tf_legacy,10024,70.51150512695312,0.3466666666666667,43.0279541015625,overwrite
nonstationary,reward_resample,tf_legacy,10025,60.256351470947266,0.06,45.33468532562256,overwrite
nonstationary,reward_resample,tf_legacy,10026,78.80068969726562,0.4,36.74711561203003,overwrite
nonstationary,reward_resample,tf_legacy,10027,75.09464263916016,0.22,38.997886180877686,overwrite
nonstationary,reward_resample,tf_legacy,10028,76.70957946777344,0.18,36.65585994720459,overwrite
nonstationary,reward_resample,tf_legacy,10029,85.01390075683594,0.4066666666666667,28.1268630027771,overwrite
nonstationary,reward_resample,tf_legacy,10030,74.35067749023438,0.3333333333333333,37.25604581832886,overwrite
nonstationary,reward_resample,tf_legacy,10031,75.78955078125,0.28,33.08339977264404,overwrite
nonstationary,reward_resample,tf_legacy,10032,83.88896179199219,0.36666666666666664,22.722917556762695,overwrite
nonstationary,reward_resample,tf_legacy,10033,69.23140716552734,0.19333333333333333,38.57576894760132,overwrite
nonstationary,reward_resample,tf_legacy,10034,69.67394256591797,0.26666666666666666,41.00006341934204,overwrite
nonstationary,reward_resample,tf_legacy,10035,85.078857421875,0.18666666666666668,31.610110759735107,overwrite
nonstationary,reward_resample,tf_legacy,10036,49.51682662963867,0.03333333333333333,59.0073127746582,overwrite
nonstationary,reward_resample,tf_legacy,10037,77.90303039550781,0.3933333333333333,30.775060653686523,overwrite
nonstationary,reward_resample,tf_legacy,10038,67.4028091430664,0.09333333333333334,42.00495958328247,overwrite
nonstationary,reward_resample,tf_legacy,10039,75.44754028320312,0.14666666666666667,30.227441787719727,overwrite
nonstationary,reward_resample,tf_legacy,10040,77.90232849121094,0.35333333333333333,31.618101596832275,overwrite
nonstationary,reward_resample,tf_legacy,10041,78.37736511230469,0.38,27.65283966064453,overwrite
nonstationary,reward_resample,tf_legacy,10042,93.85639953613281,0.43333333333333335,27.365417957305908,overwrite
nonstationary,reward_resample,tf_legacy,10043,94.58827209472656,0.44,22.78522253036499,overwrite
nonstationary,reward_resample,tf_legacy,10044,82.79399108886719,0.48,25.87092876434326,overwrite
nonstationary,reward_resample,tf_legacy,10045,64.64727783203125,0.2733333333333333,37.899455070495605,overwrite
nonstationary,reward_resample,tf_legacy,10046,81.92063903808594,0.36,26.30041742324829,overwrite
nonstationary,reward_resample,tf_legacy,10047,65.77763366699219,0.07333333333333333,54.42890167236328,overwrite
nonstationary,reward_resample,tf_legacy,10048,83.02748107910156,0.3,29.23680591583252,overwrite
nonstationary,reward_resample,tf_self,9999,76.05552673339844,0.18,28.056800365447998,overwrite
nonstationary,reward_resample,tf_self,10000,75.5232162475586,0.2866666666666667,40.395009994506836,overwrite
nonstationary,reward_resample,tf_self,10001,74.07962036132812,0.26666666666666666,31.371350288391113,overwrite
nonstationary,reward_resample,tf_self,10002,73.7533950805664,0.23333333333333334,31.09870433807373,overwrite
nonstationary,reward_resample,tf_self,10003,86.7330093383789,0.38666666666666666,28.270598888397217,overwrite
nonstationary,reward_resample,tf_self,10004,86.82134246826172,0.46,25.167335987091064,overwrite
nonstationary,reward_resample,tf_self,10005,76.96363830566406,0.30666666666666664,39.140122413635254,overwrite
nonstationary,reward_resample,tf_self,10006,90.92597961425781,0.46,21.177170276641846,overwrite
nonstationary,reward_resample,tf_self,10007,82.05681610107422,0.3466666666666667,32.85314655303955,overwrite
nonstationary,reward_resample,tf_self,10008,74.24349975585938,0.36,43.88225841522217,overwrite
nonstationary,reward_resample,tf_self,10009,78.54006958007812,0.26666666666666666,37.59576463699341,overwrite
nonstationary,reward_resample,tf_self,10010,68.17601776123047,0.29333333333333333,29.4613995552063,overwrite
nonstationary,reward_resample,tf_self,10011,74.3796615600586,0.26666666666666666,40.00705146789551,overwrite
nonstationary,reward_resample,tf_self,10012,67.86943054199219,0.16,45.422987937927246,overwrite
nonstationary,reward_resample,tf_self,10013,81.91108703613281,0.21333333333333335,29.851219654083252,overwrite
nonstationary,reward_resample,tf_self,10014,67.05729675292969,0.24,45.469247341156006,overwrite
nonstationary,reward_resample,tf_self,10015,80.77252960205078,0.3466666666666667,28.1574649810791,overwrite
nonstationary,reward_resample,tf_self,10016,75.80830383300781,0.23333333333333334,33.02421855926514,overwrite
nonstationary,reward_resample,tf_self,10017,71.136962890625,0.29333333333333333,36.93082523345947,overwrite
nonstationary,reward_resample,tf_self,10018,81.11662292480469,0.30666666666666664,19.887730598449707,overwrite
nonstationary,reward_resample,tf_self,10019,81.37263488769531,0.22666666666666666,26.84681797027588,overwrite
nonstationary,reward_resample,tf_self,10020,75.19593811035156,0.42,27.1205153465271,overwrite
nonstationary,reward_resample,tf_self,10021,67.29608917236328,0.12,47.500086307525635,overwrite
nonstationary,reward_resample,tf_self,10022,64.99462890625,0.12,41.36969184875488,overwrite
nonstationary,reward_resample,tf_self,10023,84.968994140625,0.38,17.516242504119873,overwrite
nonstationary,reward_resample,tf_self,10024,78.71463012695312,0.3933333333333333,34.33578968048096,overwrite
nonstationary,reward_resample,tf_self,10025,63.71669006347656,0.14,42.36855363845825,overwrite
nonstationary,reward_resample,tf_self,10026,84.68818664550781,0.4,28.759647846221924,overwrite
nonstationary,reward_resample,tf_self,10027,86.81640625,0.4,25.614256858825684,overwrite
nonstationary,reward_resample,tf_self,10028,86.92450714111328,0.3466666666666667,25.668044090270996,overwrite
nonstationary,reward_resample,tf_self,10029,81.35667419433594,0.44,29.121825695037842,overwrite
nonstationary,reward_resample,tf_self,10030,59.392417907714844,0.12,55.066726207733154,overwrite
nonstationary,reward_resample,tf_self,10031,57.73798370361328,0.06,48.76685285568237,overwrite
nonstationary,reward_resample,tf_self,10032,66.02320861816406,0.18,38.897393226623535,overwrite
nonstationary,reward_resample,tf_self,10033,80.90487670898438,0.26,27.37494421005249,overwrite
nonstationary,reward_resample,tf_self,10034,79.70240783691406,0.13333333333333333,35.21306133270264,overwrite
nonstationary,reward_resample,tf_self,10035,83.98194885253906,0.32666666666666666,31.042646408081055,overwrite
nonstationary,reward_resample,tf_self,10036,63.75566864013672,0.30666666666666664,44.70048999786377,overwrite
nonstationary,reward_resample,tf_self,10037,84.46762084960938,0.29333333333333333,27.555959224700928,overwrite
nonstationary,reward_resample,tf_self,10038,89.48613739013672,0.4533333333333333,18.680794715881348,overwrite
nonstationary,reward_resample,tf_self,10039,81.21548461914062,0.3,24.215700149536133,overwrite
nonstationary,reward_resample,tf_self,10040,80.89649963378906,0.14666666666666667,29.150986671447754,overwrite
nonstationary,reward_resample,tf_self,10041,81.49623107910156,0.4,23.778456211090088,overwrite
nonstationary,reward_resample,tf_self,10042,81.24945068359375,0.4066666666666667,38.25597143173218,overwrite
nonstationary,reward_resample,tf_self,10043,79.0655288696289,0.26666666666666666,39.2704176902771,overwrite
nonstationary,reward_resample,tf_self,10044,69.45024871826172,0.26666666666666666,39.16743087768555,overwrite
nonstationary,reward_resample,tf_self,10045,62.00221633911133,0.19333333333333333,38.706002712249756,overwrite
nonstationary,reward_resample,tf_self,10046,58.97000503540039,0.19333333333333333,47.02499008178711,overwrite
nonstationary,reward_resample,tf_self,10047,72.93042755126953,0.2733333333333333,46.68834209442139,overwrite
nonstationary,reward_resample,tf_self,10048,91.41477966308594,0.43333333333333335,25.71572208404541,overwrite
nonstationary,reward_resample,optimal,9999,102.68171691894531,1.0,0.0,overwrite
nonstationary,reward_resample,optimal,10000,115.37294006347656,1.0,0.0,overwrite
nonstationary,reward_resample,optimal,10001,105.97650146484375,1.0,0.0,overwrite
nonstationary,reward_resample,optimal,10002,108.77964782714844,1.0,0.0,overwrite
nonstationary,reward_resample,optimal,10003,115.88105773925781,1.0,0.0,overwrite
nonstationary,reward_resample,optimal,10004,108.60748291015625,1.0,0.0,overwrite
nonstationary,reward_resample,optimal,10005,118.06642150878906,1.0,0.0,overwrite
nonstationary,reward_resample,optimal,10006,107.22020721435547,1.0,0.0,overwrite
nonstationary,reward_resample,optimal,10007,113.4074478149414,1.0,0.0,overwrite
nonstationary,reward_resample,optimal,10008,119.28843688964844,1.0,0.0,overwrite
nonstationary,reward_resample,optimal,10009,118.14584350585938,1.0,0.0,overwrite
nonstationary,reward_resample,optimal,10010,99.39418029785156,1.0,0.0,overwrite
nonstationary,reward_resample,optimal,10011,113.23980712890625,1.0,0.0,overwrite
nonstationary,reward_resample,optimal,10012,114.78971099853516,1.0,0.0,overwrite
nonstationary,reward_resample,optimal,10013,114.73106384277344,1.0,0.0,overwrite
nonstationary,reward_resample,optimal,10014,110.49333190917969,1.0,0.0,overwrite
nonstationary,reward_resample,optimal,10015,110.71542358398438,1.0,0.0,overwrite
nonstationary,reward_resample,optimal,10016,108.57695770263672,1.0,0.0,overwrite
nonstationary,reward_resample,optimal,10017,107.00643920898438,1.0,0.0,overwrite
nonstationary,reward_resample,optimal,10018,100.7786865234375,1.0,0.0,overwrite
nonstationary,reward_resample,optimal,10019,108.56813049316406,1.0,0.0,overwrite
nonstationary,reward_resample,optimal,10020,99.81413269042969,1.0,0.0,overwrite
nonstationary,reward_resample,optimal,10021,114.14503479003906,1.0,0.0,overwrite
nonstationary,reward_resample,optimal,10022,110.90281677246094,1.0,0.0,overwrite
nonstationary,reward_resample,optimal,10023,102.4687728881836,1.0,0.0,overwrite
nonstationary,reward_resample,optimal,10024,112.96939086914062,1.0,0.0,overwrite
nonstationary,reward_resample,optimal,10025,106.96388244628906,1.0,0.0,overwrite
nonstationary,reward_resample,optimal,10026,112.25210571289062,1.0,0.0,overwrite
nonstationary,reward_resample,optimal,10027,111.19020080566406,1.0,0.0,overwrite
nonstationary,reward_resample,optimal,10028,112.52229309082031,1.0,0.0,overwrite
nonstationary,reward_resample,optimal,10029,111.55091857910156,1.0,0.0,overwrite
nonstationary,reward_resample,optimal,10030,119.34767150878906,1.0,0.0,overwrite
nonstationary,reward_resample,optimal,10031,111.2437744140625,1.0,0.0,overwrite
nonstationary,reward_resample,optimal,10032,106.4334716796875,1.0,0.0,overwrite
nonstationary,reward_resample,optimal,10033,110.97038269042969,1.0,0.0,overwrite
nonstationary,reward_resample,optimal,10034,112.71334838867188,1.0,0.0,overwrite
nonstationary,reward_resample,optimal,10035,116.45408630371094,1.0,0.0,overwrite
nonstationary,reward_resample,optimal,10036,104.53862762451172,1.0,0.0,overwrite
nonstationary,reward_resample,optimal,10037,109.04478454589844,1.0,0.0,overwrite
nonstationary,reward_resample,optimal,10038,107.80609130859375,1.0,0.0,overwrite
nonstationary,reward_resample,optimal,10039,107.35003662109375,1.0,0.0,overwrite
nonstationary,reward_resample,optimal,10040,106.70250701904297,1.0,0.0,overwrite
nonstationary,reward_resample,optimal,10041,109.58758544921875,1.0,0.0,overwrite
nonstationary,reward_resample,optimal,10042,120.96985626220703,1.0,0.0,overwrite
nonstationary,reward_resample,optimal,10043,118.03495788574219,1.0,0.0,overwrite
nonstationary,reward_resample,optimal,10044,107.92988586425781,1.0,0.0,overwrite
nonstationary,reward_resample,optimal,10045,100.49861145019531,1.0,0.0,overwrite
nonstationary,reward_resample,optimal,10046,106.31952667236328,1.0,0.0,overwrite
nonstationary,reward_resample,optimal,10047,117.62477111816406,1.0,0.0,overwrite
nonstationary,reward_resample,optimal,10048,114.64598846435547,1.0,0.0,overwrite
nonstationary,reward_resample,epsgreedy,9999,80.02035522460938,0.2733333333333333,22.646106719970703,overwrite
nonstationary,reward_resample,epsgreedy,10000,73.38739776611328,0.2733333333333333,40.809420585632324,overwrite
nonstationary,reward_resample,epsgreedy,10001,70.56961059570312,0.23333333333333334,33.528223514556885,overwrite
nonstationary,reward_resample,epsgreedy,10002,66.13583374023438,0.24,40.95533084869385,overwrite
nonstationary,reward_resample,epsgreedy,10003,84.91436767578125,0.18666666666666668,33.6002402305603,overwrite
nonstationary,reward_resample,epsgreedy,10004,76.02816772460938,0.12666666666666668,32.63523292541504,overwrite
nonstationary,reward_resample,epsgreedy,10005,80.45246887207031,0.25333333333333335,37.673940658569336,overwrite
nonstationary,reward_resample,epsgreedy,10006,75.39227294921875,0.2866666666666667,35.994511127471924,overwrite
nonstationary,reward_resample,epsgreedy,10007,80.11529541015625,0.19333333333333333,31.789103984832764,overwrite
nonstationary,reward_resample,epsgreedy,10008,95.78251647949219,0.42,26.76861000061035,overwrite
nonstationary,reward_resample,epsgreedy,10009,77.611328125,0.32,38.580583572387695,overwrite
nonstationary,reward_resample,epsgreedy,10010,70.20201110839844,0.2733333333333333,27.14684534072876,overwrite
nonstationary,reward_resample,epsgreedy,10011,77.12867736816406,0.22666666666666666,36.627439975738525,overwrite
nonstationary,reward_resample,epsgreedy,10012,71.98907470703125,0.23333333333333334,40.36737108230591,overwrite
nonstationary,reward_resample,epsgreedy,10013,65.27049255371094,0.22666666666666666,43.90156602859497,overwrite
nonstationary,reward_resample,epsgreedy,10014,75.13130187988281,0.16666666666666666,34.442933559417725,overwrite
nonstationary,reward_resample,epsgreedy,10015,71.83587646484375,0.17333333333333334,35.47993516921997,overwrite
nonstationary,reward_resample,epsgreedy,10016,68.75242614746094,0.08,41.03223371505737,overwrite
nonstationary,reward_resample,epsgreedy,10017,77.58161926269531,0.32666666666666666,30.936213493347168,overwrite
nonstationary,reward_resample,epsgreedy,10018,70.37318420410156,0.28,30.378034114837646,overwrite
nonstationary,reward_resample,epsgreedy,10019,78.42866516113281,0.16,31.805908679962158,overwrite
nonstationary,reward_resample,epsgreedy,10020,63.99950408935547,0.23333333333333334,39.793251514434814,overwrite
nonstationary,reward_resample,epsgreedy,10021,72.32636260986328,0.29333333333333333,40.43206214904785,overwrite
nonstationary,reward_resample,epsgreedy,10022,68.58978271484375,0.25333333333333335,39.38662767410278,overwrite
nonstationary,reward_resample,epsgreedy,10023,67.43170928955078,0.14666666666666667,33.34321451187134,overwrite
nonstationary,reward_resample,epsgreedy,10024,89.72549438476562,0.29333333333333333,24.652992248535156,overwrite
nonstationary,reward_resample,epsgreedy,10025,76.64190673828125,0.3466666666666667,29.268430709838867,overwrite
nonstationary,reward_resample,epsgreedy,10026,72.50250244140625,0.16,41.79801845550537,overwrite
nonstationary,reward_resample,epsgreedy,10027,77.43814086914062,0.4,34.21056127548218,overwrite
nonstationary,reward_resample,epsgreedy,10028,75.2120132446289,0.2733333333333333,34.91078758239746,overwrite
nonstationary,reward_resample,epsgreedy,10029,77.83709716796875,0.32666666666666666,33.488980293273926,overwrite
nonstationary,reward_resample,epsgreedy,10030,73.65823364257812,0.1,42.46958923339844,overwrite
nonstationary,reward_resample,epsgreedy,10031,64.93109130859375,0.21333333333333335,45.06799077987671,overwrite
nonstationary,reward_resample,epsgreedy,10032,78.53407287597656,0.26666666666666666,28.796508312225342,overwrite
nonstationary,reward_resample,epsgreedy,10033,76.90058135986328,0.3,33.36577367782593,overwrite
nonstationary,reward_resample,epsgreedy,10034,65.15603637695312,0.08,45.34245252609253,overwrite
nonstationary,reward_resample,epsgreedy,10035,92.44783020019531,0.22666666666666666,24.496323108673096,overwrite
nonstationary,reward_resample,epsgreedy,10036,77.04881286621094,0.32,30.893653392791748,overwrite
nonstationary,reward_resample,epsgreedy,10037,80.66749572753906,0.28,28.11754846572876,overwrite
nonstationary,reward_resample,epsgreedy,10038,71.97432708740234,0.28,34.30166149139404,overwrite
nonstationary,reward_resample,epsgreedy,10039,79.645263671875,0.18,27.912059783935547,overwrite
nonstationary,reward_resample,epsgreedy,10040,89.65055847167969,0.5133333333333333,20.432383060455322,overwrite
nonstationary,reward_resample,epsgreedy,10041,75.52999877929688,0.3,31.377889156341553,overwrite
nonstationary,reward_resample,epsgreedy,10042,97.87815856933594,0.32,24.632938385009766,overwrite
nonstationary,reward_resample,epsgreedy,10043,78.87791442871094,0.3333333333333333,39.24293088912964,overwrite
nonstationary,reward_resample,epsgreedy,10044,72.66673278808594,0.16,34.25813007354736,overwrite
nonstationary,reward_resample,epsgreedy,10045,64.36760711669922,0.31333333333333335,34.95990467071533,overwrite
nonstationary,reward_resample,epsgreedy,10046,78.69194793701172,0.30666666666666664,29.94672966003418,overwrite
nonstationary,reward_resample,epsgreedy,10047,72.97850799560547,0.24666666666666667,46.33422660827637,overwrite
nonstationary,reward_resample,epsgreedy,10048,67.38156127929688,0.12666666666666668,48.02690935134888,overwrite
nonstationary,reward_resample,greedy,9999,79.01359558105469,0.32,25.42809534072876,overwrite
nonstationary,reward_resample,greedy,10000,73.72576141357422,0.25333333333333335,40.64177417755127,overwrite
nonstationary,reward_resample,greedy,10001,65.27542877197266,0.2866666666666667,39.257752418518066,overwrite
nonstationary,reward_resample,greedy,10002,68.3965072631836,0.16666666666666666,35.61081552505493,overwrite
nonstationary,reward_resample,greedy,10003,77.49727630615234,0.2,40.18125295639038,overwrite
nonstationary,reward_resample,greedy,10004,77.7027587890625,0.36,33.35556983947754,overwrite
nonstationary,reward_resample,greedy,10005,71.01525115966797,0.16,49.71424388885498,overwrite
nonstationary,reward_resample,greedy,10006,73.25390625,0.3,37.93445444107056,overwrite
nonstationary,reward_resample,greedy,10007,83.18508911132812,0.4,32.47821378707886,overwrite
nonstationary,reward_resample,greedy,10008,91.96609497070312,0.4066666666666667,28.712661266326904,overwrite
nonstationary,reward_resample,greedy,10009,68.18824768066406,0.13333333333333333,49.84823417663574,overwrite
nonstationary,reward_resample,greedy,10010,68.46647644042969,0.36666666666666664,26.642189502716064,overwrite
nonstationary,reward_resample,greedy,10011,96.747802734375,0.44666666666666666,18.925562858581543,overwrite
nonstationary,reward_resample,greedy,10012,65.90945434570312,0.15333333333333332,47.86593055725098,overwrite
nonstationary,reward_resample,greedy,10013,79.18283081054688,0.08666666666666667,35.95391368865967,overwrite
nonstationary,reward_resample,greedy,10014,77.06784057617188,0.19333333333333333,34.32297897338867,overwrite
nonstationary,reward_resample,greedy,10015,69.06431579589844,0.19333333333333333,39.19317054748535,overwrite
nonstationary,reward_resample,greedy,10016,70.76824951171875,0.16666666666666666,40.34264802932739,overwrite
nonstationary,reward_resample,greedy,10017,75.48307800292969,0.2866666666666667,31.972454071044922,overwrite
nonstationary,reward_resample,greedy,10018,67.93365478515625,0.2,32.32099962234497,overwrite
nonstationary,reward_resample,greedy,10019,74.00534057617188,0.11333333333333333,34.83328628540039,overwrite
nonstationary,reward_resample,greedy,10020,65.60578918457031,0.30666666666666664,39.636415004730225,overwrite
nonstationary,reward_resample,greedy,10021,85.97885131835938,0.5333333333333333,29.779083251953125,overwrite
nonstationary,reward_resample,greedy,10022,57.76610565185547,0.12666666666666668,49.24690341949463,overwrite
nonstationary,reward_resample,greedy,10023,64.66732788085938,0.10666666666666667,37.050471782684326,overwrite
nonstationary,reward_resample,greedy,10024,97.95297241210938,0.22666666666666666,17.61499309539795,overwrite
nonstationary,reward_resample,greedy,10025,68.3779296875,0.14,37.6774320602417,overwrite
nonstationary,reward_resample,greedy,10026,68.87312316894531,0.14,45.72860908508301,overwrite
nonstationary,reward_resample,greedy,10027,75.62947082519531,0.44666666666666666,34.40719223022461,overwrite
nonstationary,reward_resample,greedy,10028,72.08656311035156,0.18666666666666668,39.390544414520264,overwrite
nonstationary,reward_resample,greedy,10029,78.80699157714844,0.23333333333333334,32.063862323760986,overwrite
nonstationary,reward_resample,greedy,10030,65.63272094726562,0.0,46.11775350570679,overwrite
nonstationary,reward_resample,greedy,10031,60.930782318115234,0.2866666666666667,48.30286359786987,overwrite
nonstationary,reward_resample,greedy,10032,73.05150604248047,0.19333333333333333,32.71783208847046,overwrite
nonstationary,reward_resample,greedy,10033,81.49464416503906,0.23333333333333334,28.824092864990234,overwrite
nonstationary,reward_resample,greedy,10034,63.5462646484375,0.08666666666666667,50.67342185974121,overwrite
nonstationary,reward_resample,greedy,10035,85.05181884765625,0.26666666666666666,31.92647933959961,overwrite
nonstationary,reward_resample,greedy,10036,85.82516479492188,0.41333333333333333,24.473001956939697,overwrite
nonstationary,reward_resample,greedy,10037,76.10331726074219,0.29333333333333333,32.85798501968384,overwrite
nonstationary,reward_resample,greedy,10038,70.42132568359375,0.26,38.02248239517212,overwrite
nonstationary,reward_resample,greedy,10039,80.00042724609375,0.32,23.891576290130615,overwrite
nonstationary,reward_resample,greedy,10040,80.37138366699219,0.43333333333333335,28.596793174743652,overwrite
nonstationary,reward_resample,greedy,10041,80.24637603759766,0.34,30.80290412902832,overwrite
nonstationary,reward_resample,greedy,10042,90.47358703613281,0.22666666666666666,31.22790765762329,overwrite
nonstationary,reward_resample,greedy,10043,88.61691284179688,0.37333333333333335,29.60379695892334,overwrite
nonstationary,reward_resample,greedy,10044,61.358333587646484,0.22,46.91761589050293,overwrite
nonstationary,reward_resample,greedy,10045,58.89752197265625,0.12666666666666668,42.535654067993164,overwrite
nonstationary,reward_resample,greedy,10046,81.9840087890625,0.44,24.515439987182617,overwrite
nonstationary,reward_resample,greedy,10047,59.59168243408203,0.21333333333333335,60.25475025177002,overwrite
nonstationary,reward_resample,greedy,10048,66.95109558105469,0.23333333333333334,46.76860857009888,overwrite
nonstationary,reward_resample,random,9999,78.1524658203125,0.2866666666666667,27.067503929138184,overwrite
nonstationary,reward_resample,random,10000,74.01551818847656,0.2733333333333333,39.91421365737915,overwrite
nonstationary,reward_resample,random,10001,65.02194213867188,0.24,40.96812677383423,overwrite
nonstationary,reward_resample,random,10002,77.95977020263672,0.34,29.926873683929443,overwrite
nonstationary,reward_resample,random,10003,81.76119995117188,0.2866666666666667,31.29422616958618,overwrite
nonstationary,reward_resample,random,10004,78.78341674804688,0.26,32.18732833862305,overwrite
nonstationary,reward_resample,random,10005,74.38386535644531,0.22,44.18025732040405,overwrite
nonstationary,reward_resample,random,10006,80.43150329589844,0.37333333333333335,31.66740322113037,overwrite
nonstationary,reward_resample,random,10007,75.35520935058594,0.20666666666666667,36.2943000793457,overwrite
nonstationary,reward_resample,random,10008,69.98274993896484,0.22,49.3728723526001,overwrite
nonstationary,reward_resample,random,10009,77.91338348388672,0.19333333333333333,40.54739046096802,overwrite
nonstationary,reward_resample,random,10010,66.36954498291016,0.24666666666666667,29.243560314178467,overwrite
nonstationary,reward_resample,random,10011,72.79151916503906,0.21333333333333335,39.69992685317993,overwrite
nonstationary,reward_resample,random,10012,79.01663208007812,0.24666666666666667,37.9768500328064,overwrite
nonstationary,reward_resample,random,10013,78.17289733886719,0.26666666666666666,32.77062654495239,overwrite
nonstationary,reward_resample,random,10014,68.91926574707031,0.24,41.537997245788574,overwrite
nonstationary,reward_resample,random,10015,73.01847839355469,0.24666666666666667,37.12616491317749,overwrite
nonstationary,reward_resample,random,10016,73.76683044433594,0.23333333333333334,34.99947452545166,overwrite
nonstationary,reward_resample,random,10017,77.31026458740234,0.29333333333333333,30.7165207862854,overwrite
nonstationary,reward_resample,random,10018,71.19868469238281,0.2733333333333333,30.010849475860596,overwrite
nonstationary,reward_resample,random,10019,81.40501403808594,0.20666666666666667,25.721449851989746,overwrite
nonstationary,reward_resample,random,10020,72.45149993896484,0.23333333333333334,33.0570125579834,overwrite
nonstationary,reward_resample,random,10021,70.67483520507812,0.21333333333333335,41.63249063491821,overwrite
nonstationary,reward_resample,random,10022,71.58938598632812,0.26666666666666666,34.735318183898926,overwrite
nonstationary,reward_resample,random,10023,68.21334838867188,0.25333333333333335,35.907572746276855,overwrite
nonstationary,reward_resample,random,10024,76.88044738769531,0.25333333333333335,40.06231927871704,overwrite
nonstationary,reward_resample,random,10025,74.20111083984375,0.28,32.48522996902466,overwrite
nonstationary,reward_resample,random,10026,77.6893310546875,0.22666666666666666,36.73336362838745,overwrite
nonstationary,reward_resample,random,10027,70.3324966430664,0.22,39.49959754943848,overwrite
nonstationary,reward_resample,random,10028,78.36448669433594,0.28,35.97931718826294,overwrite
nonstationary,reward_resample,random,10029,73.04014587402344,0.26,38.38375282287598,overwrite
nonstationary,reward_resample,random,10030,75.89509582519531,0.28,36.16449499130249,overwrite
nonstationary,reward_resample,random,10031,67.55838775634766,0.26666666666666666,41.7372088432312,overwrite
nonstationary,reward_resample,random,10032,75.36553955078125,0.28,31.67991352081299,overwrite
nonstationary,reward_resample,random,10033,77.80897521972656,0.34,31.4154634475708,overwrite
nonstationary,reward_resample,random,10034,81.85211944580078,0.20666666666666667,34.17837619781494,overwrite
nonstationary,reward_resample,random,10035,84.95768737792969,0.24,33.9462456703186,overwrite
nonstationary,reward_resample,random,10036,67.85931396484375,0.28,37.167959213256836,overwrite
nonstationary,reward_resample,random,10037,80.53770446777344,0.26,30.783271312713623,overwrite
nonstationary,reward_resample,random,10038,69.25780487060547,0.23333333333333334,38.98798656463623,overwrite
nonstationary,reward_resample,random,10039,72.09367370605469,0.20666666666666667,33.73057842254639,overwrite
nonstationary,reward_resample,random,10040,78.69869995117188,0.32,30.392523765563965,overwrite
nonstationary,reward_resample,random,10041,69.68603515625,0.18666666666666668,38.64949178695679,overwrite
nonstationary,reward_resample,random,10042,79.588623046875,0.26,41.73336982727051,overwrite
nonstationary,reward_resample,random,10043,79.13253784179688,0.22666666666666666,40.12594747543335,overwrite
nonstationary,reward_resample,random,10044,70.20281982421875,0.22666666666666666,37.26016616821289,overwrite
nonstationary,reward_resample,random,10045,68.28274536132812,0.3,34.504716873168945,overwrite
nonstationary,reward_resample,random,10046,68.42802429199219,0.22666666666666666,38.1728720664978,overwrite
nonstationary,reward_resample,random,10047,72.68944549560547,0.22,47.58717632293701,overwrite
nonstationary,reward_resample,random,10048,82.20204162597656,0.26666666666666666,32.00578451156616,overwrite
nonstationary,reward_resample,optimal_frozen,9999,88.3875732421875,0.44,13.82472848892212,overwrite
nonstationary,reward_resample,optimal_frozen,10000,87.6180191040039,0.3333333333333333,27.829894065856934,overwrite
nonstationary,reward_resample,optimal_frozen,10001,88.27017211914062,0.5666666666666667,19.97263240814209,overwrite
nonstationary,reward_resample,optimal_frozen,10002,80.7418212890625,0.5066666666666667,27.281687259674072,overwrite
nonstationary,reward_resample,optimal_frozen,10003,85.51856994628906,0.3333333333333333,29.1530818939209,overwrite
nonstationary,reward_resample,optimal_frozen,10004,90.67904663085938,0.5666666666666667,19.2031512260437,overwrite
nonstationary,reward_resample,optimal_frozen,10005,86.96160888671875,0.4066666666666667,30.24976873397827,overwrite
nonstationary,reward_resample,optimal_frozen,10006,80.68437194824219,0.4066666666666667,27.287777423858643,overwrite
nonstationary,reward_resample,optimal_frozen,10007,96.47183227539062,0.6133333333333333,16.816226959228516,overwrite
nonstationary,reward_resample,optimal_frozen,10008,84.92987060546875,0.41333333333333333,32.438477993011475,overwrite
nonstationary,reward_resample,optimal_frozen,10009,97.4803466796875,0.49333333333333335,20.80223321914673,overwrite
nonstationary,reward_resample,optimal_frozen,10010,75.98855590820312,0.44,22.167898654937744,overwrite
nonstationary,reward_resample,optimal_frozen,10011,93.4901123046875,0.7066666666666667,19.51304531097412,overwrite
nonstationary,reward_resample,optimal_frozen,10012,100.85150909423828,0.6066666666666667,12.469254493713379,overwrite
nonstationary,reward_resample,optimal_frozen,10013,102.28984069824219,0.56,12.037217140197754,overwrite
nonstationary,reward_resample,optimal_frozen,10014,83.42474365234375,0.4866666666666667,27.104114055633545,overwrite
nonstationary,reward_resample,optimal_frozen,10015,97.25363159179688,0.72,11.887677192687988,overwrite
nonstationary,reward_resample,optimal_frozen,10016,86.08184814453125,0.54,22.308380603790283,overwrite
nonstationary,reward_resample,optimal_frozen,10017,79.12031555175781,0.44,28.713904857635498,overwrite
nonstationary,reward_resample,optimal_frozen,10018,87.83285522460938,0.4866666666666667,12.846643447875977,overwrite
nonstationary,reward_resample,optimal_frozen,10019,90.81668090820312,0.4666666666666667,14.860340595245361,overwrite
nonstationary,reward_resample,optimal_frozen,10020,88.82621765136719,0.6466666666666666,11.929686546325684,overwrite
nonstationary,reward_resample,optimal_frozen,10021,88.20699310302734,0.5,26.060443878173828,overwrite
nonstationary,reward_resample,optimal_frozen,10022,81.60810852050781,0.41333333333333333,26.048689365386963,overwrite
nonstationary,reward_resample,optimal_frozen,10023,78.96472930908203,0.4666666666666667,24.53993797302246,overwrite
nonstationary,reward_resample,optimal_frozen,10024,77.38104248046875,0.3333333333333333,34.15322208404541,overwrite
nonstationary,reward_resample,optimal_frozen,10025,85.18695068359375,0.4666666666666667,19.96863603591919,overwrite
nonstationary,reward_resample,optimal_frozen,10026,94.83979797363281,0.6533333333333333,17.633548736572266,overwrite
nonstationary,reward_resample,optimal_frozen,10027,89.71357727050781,0.6733333333333333,21.059097290039062,overwrite
nonstationary,reward_resample,optimal_frozen,10028,94.59893035888672,0.6866666666666666,17.934330940246582,overwrite
nonstationary,reward_resample,optimal_frozen,10029,75.93865966796875,0.44,33.26785469055176,overwrite
nonstationary,reward_resample,optimal_frozen,10030,86.47969818115234,0.5533333333333333,29.88707685470581,overwrite
nonstationary,reward_resample,optimal_frozen,10031,72.437255859375,0.38666666666666666,36.12862253189087,overwrite
nonstationary,reward_resample,optimal_frozen,10032,102.1236343383789,0.7066666666666667,4.225158214569092,overwrite
nonstationary,reward_resample,optimal_frozen,10033,76.11526489257812,0.3333333333333333,33.43563461303711,overwrite
nonstationary,reward_resample,optimal_frozen,10034,91.95805358886719,0.48,23.759212970733643,overwrite
nonstationary,reward_resample,optimal_frozen,10035,97.60411834716797,0.6466666666666666,19.342025756835938,overwrite
nonstationary,reward_resample,optimal_frozen,10036,73.25779724121094,0.47333333333333333,31.816706657409668,overwrite
nonstationary,reward_resample,optimal_frozen,10037,86.44662475585938,0.5866666666666667,22.610873699188232,overwrite
nonstationary,reward_resample,optimal_frozen,10038,76.4010238647461,0.5066666666666667,30.978590965270996,overwrite
nonstationary,reward_resample,optimal_frozen,10039,82.28999328613281,0.3933333333333333,26.024415969848633,overwrite
nonstationary,reward_resample,optimal_frozen,10040,81.61508178710938,0.5533333333333333,25.598711490631104,overwrite
nonstationary,reward_resample,optimal_frozen,10041,89.1453857421875,0.66,20.697593212127686,overwrite
nonstationary,reward_resample,optimal_frozen,10042,100.55026245117188,0.6666666666666666,20.93910026550293,overwrite
nonstationary,reward_resample,optimal_frozen,10043,97.46129608154297,0.5866666666666667,21.13004446029663,overwrite
nonstationary,reward_resample,optimal_frozen,10044,87.9795150756836,0.46,20.085998058319092,overwrite
nonstationary,reward_resample,optimal_frozen,10045,86.70393371582031,0.7133333333333334,12.717074394226074,overwrite
nonstationary,reward_resample,optimal_frozen,10046,84.00670623779297,0.3333333333333333,24.787981510162354,overwrite
nonstationary,reward_resample,optimal_frozen,10047,96.73857116699219,0.48,22.954465866088867,overwrite
nonstationary,reward_resample,optimal_frozen,10048,91.63432312011719,0.41333333333333333,23.880893230438232,overwrite
nonstationary,transition_resample,tf_legacy,9999,77.2619400024414,0.12,35.77587366104126,overwrite
nonstationary,transition_resample,tf_legacy,10000,97.16413116455078,0.54,24.967291831970215,overwrite
nonstationary,transition_resample,tf_legacy,10001,63.244537353515625,0.14666666666666667,45.15137958526611,overwrite
nonstationary,transition_resample,tf_legacy,10002,67.85066223144531,0.17333333333333334,42.6404709815979,overwrite
nonstationary,transition_resample,tf_legacy,10003,75.05016326904297,0.25333333333333335,45.777323722839355,overwrite
nonstationary,transition_resample,tf_legacy,10004,78.24110412597656,0.26666666666666666,30.33970022201538,overwrite
nonstationary,transition_resample,tf_legacy,10005,72.154541015625,0.32,46.52788257598877,overwrite
nonstationary,transition_resample,tf_legacy,10006,61.596221923828125,0.13333333333333333,48.24165058135986,overwrite
nonstationary,transition_resample,tf_legacy,10007,75.13412475585938,0.18,42.41827964782715,overwrite
nonstationary,transition_resample,tf_legacy,10008,72.13967895507812,0.28,47.7733416557312,overwrite
nonstationary,transition_resample,tf_legacy,10009,67.54161071777344,0.19333333333333333,49.25109577178955,overwrite
nonstationary,transition_resample,tf_legacy,10010,86.67228698730469,0.4666666666666667,26.014628410339355,overwrite
nonstationary,transition_resample,tf_legacy,10011,86.514404296875,0.48,26.779789924621582,overwrite
nonstationary,transition_resample,tf_legacy,10012,88.89738464355469,0.32,35.777854442596436,overwrite
nonstationary,transition_resample,tf_legacy,10013,89.93721008300781,0.34,35.11215782165527,overwrite
nonstationary,transition_resample,tf_legacy,10014,63.37633514404297,0.22666666666666666,60.68493127822876,overwrite
nonstationary,transition_resample,tf_legacy,10015,82.35032653808594,0.26,26.948370456695557,overwrite
nonstationary,transition_resample,tf_legacy,10016,58.79941940307617,0.16,43.999698638916016,overwrite
nonstationary,transition_resample,tf_legacy,10017,91.79228210449219,0.47333333333333333,14.928569793701172,overwrite
nonstationary,transition_resample,tf_legacy,10018,64.06143951416016,0.14666666666666667,46.63445520401001,overwrite
nonstationary,transition_resample,tf_legacy,10019,70.53380584716797,0.16666666666666666,42.07356643676758,overwrite
nonstationary,transition_resample,tf_legacy,10020,84.09304809570312,0.35333333333333333,18.316218852996826,overwrite
nonstationary,transition_resample,tf_legacy,10021,76.12113952636719,0.37333333333333335,32.08859920501709,overwrite
nonstationary,transition_resample,tf_legacy,10022,65.17857360839844,0.22666666666666666,48.863213539123535,overwrite
nonstationary,transition_resample,tf_legacy,10023,77.2257080078125,0.44,26.787299156188965,overwrite
nonstationary,transition_resample,tf_legacy,10024,78.22834777832031,0.29333333333333333,34.50502586364746,overwrite
nonstationary,transition_resample,tf_legacy,10025,79.08226013183594,0.2866666666666667,25.418763637542725,overwrite
nonstationary,transition_resample,tf_legacy,10026,80.21063995361328,0.3333333333333333,19.766347885131836,overwrite
nonstationary,transition_resample,tf_legacy,10027,82.03286743164062,0.3466666666666667,28.411880016326904,overwrite
nonstationary,transition_resample,tf_legacy,10028,72.51702880859375,0.2866666666666667,38.86253070831299,overwrite
nonstationary,transition_resample,tf_legacy,10029,80.21377563476562,0.36666666666666664,31.85457944869995,overwrite
nonstationary,transition_resample,tf_legacy,10030,72.82835388183594,0.12,32.130085945129395,overwrite
nonstationary,transition_resample,tf_legacy,10031,79.03288269042969,0.26666666666666666,31.588042736053467,overwrite
nonstationary,transition_resample,tf_legacy,10032,81.65620422363281,0.38666666666666666,10.645404815673828,overwrite
nonstationary,transition_resample,tf_legacy,10033,76.00740051269531,0.22666666666666666,45.260329246520996,overwrite
nonstationary,transition_resample,tf_legacy,10034,65.52459716796875,0.17333333333333334,48.361024379730225,overwrite
nonstationary,transition_resample,tf_legacy,10035,73.27134704589844,0.1,53.20014572143555,overwrite
nonstationary,transition_resample,tf_legacy,10036,70.80780029296875,0.21333333333333335,42.46154308319092,overwrite
nonstationary,transition_resample,tf_legacy,10037,83.93528747558594,0.38666666666666666,17.288137912750244,overwrite
nonstationary,transition_resample,tf_legacy,10038,84.03964233398438,0.42,20.811609268188477,overwrite
nonstationary,transition_resample,tf_legacy,10039,84.91647338867188,0.15333333333333332,27.157522201538086,overwrite
nonstationary,transition_resample,tf_legacy,10040,75.14112854003906,0.24,34.69399070739746,overwrite
nonstationary,transition_resample,tf_legacy,10041,68.49427032470703,0.14,38.062859535217285,overwrite
nonstationary,transition_resample,tf_legacy,10042,87.80064392089844,0.3466666666666667,25.915637969970703,overwrite
nonstationary,transition_resample,tf_legacy,10043,89.46519470214844,0.36666666666666664,24.52783727645874,overwrite
nonstationary,transition_resample,tf_legacy,10044,53.392127990722656,0.22666666666666666,52.12022304534912,overwrite
nonstationary,transition_resample,tf_legacy,10045,70.76842498779297,0.3333333333333333,36.64900588989258,overwrite
nonstationary,transition_resample,tf_legacy,10046,86.35545349121094,0.44666666666666666,27.886404991149902,overwrite
nonstationary,transition_resample,tf_legacy,10047,81.56068420410156,0.14666666666666667,34.35199546813965,overwrite
nonstationary,transition_resample,tf_legacy,10048,89.29510498046875,0.4266666666666667,28.854511737823486,overwrite
nonstationary,transition_resample,tf_self,9999,72.33988952636719,0.25333333333333335,38.54044008255005,overwrite
nonstationary,transition_resample,tf_self,10000,89.44650268554688,0.35333333333333333,29.92780113220215,overwrite
nonstationary,transition_resample,tf_self,10001,71.6281509399414,0.18,34.8232421875,overwrite
nonstationary,transition_resample,tf_self,10002,78.86709594726562,0.38,31.62061882019043,overwrite
nonstationary,transition_resample,tf_self,10003,87.70668029785156,0.46,30.94209575653076,overwrite
nonstationary,transition_resample,tf_self,10004,84.43582916259766,0.5066666666666667,23.85970687866211,overwrite
nonstationary,transition_resample,tf_self,10005,83.29911804199219,0.3,35.37714958190918,overwrite
nonstationary,transition_resample,tf_self,10006,96.30560302734375,0.37333333333333335,15.845166206359863,overwrite
nonstationary,transition_resample,tf_self,10007,88.1285400390625,0.36666666666666664,30.0823974609375,overwrite
nonstationary,transition_resample,tf_self,10008,82.31521606445312,0.4533333333333333,36.27261972427368,overwrite
nonstationary,transition_resample,tf_self,10009,90.85762786865234,0.3933333333333333,23.097135066986084,overwrite
nonstationary,transition_resample,tf_self,10010,78.58242797851562,0.36666666666666664,32.43308734893799,overwrite
nonstationary,transition_resample,tf_self,10011,84.28204345703125,0.26666666666666666,30.29475164413452,overwrite
nonstationary,transition_resample,tf_self,10012,72.36451721191406,0.0,54.149837017059326,overwrite
nonstationary,transition_resample,tf_self,10013,79.47251892089844,0.13333333333333333,41.304701805114746,overwrite
nonstationary,transition_resample,tf_self,10014,65.47811126708984,0.26666666666666666,54.78301000595093,overwrite
nonstationary,transition_resample,tf_self,10015,80.64503479003906,0.20666666666666667,30.04729652404785,overwrite
nonstationary,transition_resample,tf_self,10016,81.35948181152344,0.36,18.324594497680664,overwrite
nonstationary,transition_resample,tf_self,10017,86.20000457763672,0.48,22.137357234954834,overwrite
nonstationary,transition_resample,tf_self,10018,84.40572357177734,0.36,26.287748336791992,overwrite
nonstationary,transition_resample,tf_self,10019,89.16560363769531,0.44666666666666666,24.459108352661133,overwrite
nonstationary,transition_resample,tf_self,10020,87.58865356445312,0.6333333333333333,12.414050579071045,overwrite
nonstationary,transition_resample,tf_self,10021,59.27685546875,0.24666666666666667,48.41954231262207,overwrite
nonstationary,transition_resample,tf_self,10022,72.77742004394531,0.12666666666666668,37.950196266174316,overwrite
nonstationary,transition_resample,tf_self,10023,67.1844482421875,0.17333333333333334,38.29231262207031,overwrite
nonstationary,transition_resample,tf_self,10024,78.18327331542969,0.46,35.36475849151611,overwrite
nonstationary,transition_resample,tf_self,10025,75.25664520263672,0.14,30.094892024993896,overwrite
nonstationary,transition_resample,tf_self,10026,60.400596618652344,0.06,38.17652750015259,overwrite
nonstationary,transition_resample,tf_self,10027,66.32745361328125,0.23333333333333334,41.98857307434082,overwrite
nonstationary,transition_resample,tf_self,10028,69.3366928100586,0.37333333333333335,41.94083642959595,overwrite
nonstationary,transition_resample,tf_self,10029,87.7259521484375,0.43333333333333335,23.556071758270264,overwrite
nonstationary,transition_resample,tf_self,10030,60.534423828125,0.1,45.76972246170044,overwrite
nonstationary,transition_resample,tf_self,10031,76.73597717285156,0.21333333333333335,31.847280502319336,overwrite
nonstationary,transition_resample,tf_self,10032,61.98863220214844,0.18,24.493000030517578,overwrite
nonstationary,transition_resample,tf_self,10033,86.57723999023438,0.38666666666666666,35.24734163284302,overwrite
nonstationary,transition_resample,tf_self,10034,94.29290771484375,0.38666666666666666,19.17147731781006,overwrite
nonstationary,transition_resample,tf_self,10035,80.4405517578125,0.29333333333333333,46.195866107940674,overwrite
nonstationary,transition_resample,tf_self,10036,81.673095703125,0.2733333333333333,33.47112560272217,overwrite
nonstationary,transition_resample,tf_self,10037,62.722110748291016,0.2733333333333333,36.94193410873413,overwrite
nonstationary,transition_resample,tf_self,10038,80.66642761230469,0.22666666666666666,23.626158237457275,overwrite
nonstationary,transition_resample,tf_self,10039,95.77436065673828,0.28,16.604931354522705,overwrite
nonstationary,transition_resample,tf_self,10040,78.17902374267578,0.12666666666666668,31.285663604736328,overwrite
nonstationary,transition_resample,tf_self,10041,82.06231689453125,0.4266666666666667,24.671491622924805,overwrite
nonstationary,transition_resample,tf_self,10042,93.21443939208984,0.35333333333333333,21.501652240753174,overwrite
nonstationary,transition_resample,tf_self,10043,66.10690307617188,0.22666666666666666,49.2401647567749,overwrite
nonstationary,transition_resample,tf_self,10044,81.0174560546875,0.38666666666666666,28.90621280670166,overwrite
nonstationary,transition_resample,tf_self,10045,77.76033020019531,0.46,29.425268173217773,overwrite
nonstationary,transition_resample,tf_self,10046,48.76188659667969,0.18666666666666668,64.33293199539185,overwrite
nonstationary,transition_resample,tf_self,10047,70.80635070800781,0.13333333333333333,46.15819311141968,overwrite
nonstationary,transition_resample,tf_self,10048,88.7356948852539,0.44,28.439716815948486,overwrite
nonstationary,transition_resample,optimal,9999,109.10213470458984,1.0,0.0,overwrite
nonstationary,transition_resample,optimal,10000,120.21955108642578,1.0,0.0,overwrite
nonstationary,transition_resample,optimal,10001,111.17208862304688,1.0,0.0,overwrite
nonstationary,transition_resample,optimal,10002,112.75860595703125,1.0,0.0,overwrite
nonstationary,transition_resample,optimal,10003,119.8573226928711,1.0,0.0,overwrite
nonstationary,transition_resample,optimal,10004,108.5435791015625,1.0,0.0,overwrite
nonstationary,transition_resample,optimal,10005,118.79519653320312,1.0,0.0,overwrite
nonstationary,transition_resample,optimal,10006,106.199951171875,1.0,0.0,overwrite
nonstationary,transition_resample,optimal,10007,115.69293975830078,1.0,0.0,overwrite
nonstationary,transition_resample,optimal,10008,119.13638305664062,1.0,0.0,overwrite
nonstationary,transition_resample,optimal,10009,116.21626281738281,1.0,0.0,overwrite
nonstationary,transition_resample,optimal,10010,110.8702621459961,1.0,0.0,overwrite
nonstationary,transition_resample,optimal,10011,115.1717300415039,1.0,0.0,overwrite
nonstationary,transition_resample,optimal,10012,122.87251281738281,1.0,0.0,overwrite
nonstationary,transition_resample,optimal,10013,123.47830200195312,1.0,0.0,overwrite
nonstationary,transition_resample,optimal,10014,118.90156555175781,1.0,0.0,overwrite
nonstationary,transition_resample,optimal,10015,111.6934814453125,1.0,0.0,overwrite
nonstationary,transition_resample,optimal,10016,99.97752380371094,1.0,0.0,overwrite
nonstationary,transition_resample,optimal,10017,106.53590393066406,1.0,0.0,overwrite
nonstationary,transition_resample,optimal,10018,110.17353057861328,1.0,0.0,overwrite
nonstationary,transition_resample,optimal,10019,114.73417663574219,1.0,0.0,overwrite
nonstationary,transition_resample,optimal,10020,100.75035095214844,1.0,0.0,overwrite
nonstationary,transition_resample,optimal,10021,107.73090362548828,1.0,0.0,overwrite
nonstationary,transition_resample,optimal,10022,117.94464111328125,1.0,0.0,overwrite
nonstationary,transition_resample,optimal,10023,104.41614532470703,1.0,0.0,overwrite
nonstationary,transition_resample,optimal,10024,113.23974609375,1.0,0.0,overwrite
nonstationary,transition_resample,optimal,10025,105.83984375,1.0,0.0,overwrite
nonstationary,transition_resample,optimal,10026,98.44043731689453,1.0,0.0,overwrite
nonstationary,transition_resample,optimal,10027,108.32305908203125,1.0,0.0,overwrite
nonstationary,transition_resample,optimal,10028,107.921142578125,1.0,0.0,overwrite
nonstationary,transition_resample,optimal,10029,111.21267700195312,1.0,0.0,overwrite
nonstationary,transition_resample,optimal,10030,111.97064208984375,1.0,0.0,overwrite
nonstationary,transition_resample,optimal,10031,110.05795288085938,1.0,0.0,overwrite
nonstationary,transition_resample,optimal,10032,90.38063049316406,1.0,0.0,overwrite
nonstationary,transition_resample,optimal,10033,121.55033111572266,1.0,0.0,overwrite
nonstationary,transition_resample,optimal,10034,112.79039764404297,1.0,0.0,overwrite
nonstationary,transition_resample,optimal,10035,126.90995788574219,1.0,0.0,overwrite
nonstationary,transition_resample,optimal,10036,112.76276397705078,1.0,0.0,overwrite
nonstationary,transition_resample,optimal,10037,102.58638000488281,1.0,0.0,overwrite
nonstationary,transition_resample,optimal,10038,104.46061706542969,1.0,0.0,overwrite
nonstationary,transition_resample,optimal,10039,112.96064758300781,1.0,0.0,overwrite
nonstationary,transition_resample,optimal,10040,107.31165313720703,1.0,0.0,overwrite
nonstationary,transition_resample,optimal,10041,106.4156723022461,1.0,0.0,overwrite
nonstationary,transition_resample,optimal,10042,115.78977966308594,1.0,0.0,overwrite
nonstationary,transition_resample,optimal,10043,114.8600082397461,1.0,0.0,overwrite
nonstationary,transition_resample,optimal,10044,109.25233459472656,1.0,0.0,overwrite
nonstationary,transition_resample,optimal,10045,108.85336303710938,1.0,0.0,overwrite
nonstationary,transition_resample,optimal,10046,114.37784576416016,1.0,0.0,overwrite
nonstationary,transition_resample,optimal,10047,116.43339538574219,1.0,0.0,overwrite
nonstationary,transition_resample,optimal,10048,119.98974609375,1.0,0.0,overwrite
nonstationary,transition_resample,epsgreedy,9999,83.89789581298828,0.23333333333333334,27.028913497924805,overwrite
nonstationary,transition_resample,epsgreedy,10000,93.6671142578125,0.43333333333333335,27.13642406463623,overwrite
nonstationary,transition_resample,epsgreedy,10001,88.27642822265625,0.5333333333333333,20.302069664001465,overwrite
nonstationary,transition_resample,epsgreedy,10002,95.99371337890625,0.5133333333333333,17.23949909210205,overwrite
nonstationary,transition_resample,epsgreedy,10003,85.67776489257812,0.19333333333333333,33.94991588592529,overwrite
nonstationary,transition_resample,epsgreedy,10004,75.75132751464844,0.36,32.87386226654053,overwrite
nonstationary,transition_resample,epsgreedy,10005,74.52680206298828,0.28,44.655640602111816,overwrite
nonstationary,transition_resample,epsgreedy,10006,95.73776245117188,0.4866666666666667,12.717597007751465,overwrite
nonstationary,transition_resample,epsgreedy,10007,93.5781478881836,0.26,22.175654411315918,overwrite
nonstationary,transition_resample,epsgreedy,10008,87.2029037475586,0.37333333333333335,32.33068513870239,overwrite
nonstationary,transition_resample,epsgreedy,10009,75.4439697265625,0.24666666666666667,42.44073295593262,overwrite
nonstationary,transition_resample,epsgreedy,10010,91.0805435180664,0.5933333333333334,20.744605541229248,overwrite
nonstationary,transition_resample,epsgreedy,10011,83.90303039550781,0.18666666666666668,32.35080337524414,overwrite
nonstationary,transition_resample,epsgreedy,10012,81.38561248779297,0.3466666666666667,44.66032409667969,overwrite
nonstationary,transition_resample,epsgreedy,10013,78.97633361816406,0.05333333333333334,40.28778266906738,overwrite
nonstationary,transition_resample,epsgreedy,10014,86.36894226074219,0.41333333333333333,33.45093107223511,overwrite
nonstationary,transition_resample,epsgreedy,10015,78.92288208007812,0.12666666666666668,30.39352321624756,overwrite
nonstationary,transition_resample,epsgreedy,10016,65.42992401123047,0.18666666666666668,34.685062885284424,overwrite
nonstationary,transition_resample,epsgreedy,10017,85.1905517578125,0.38666666666666666,23.310678005218506,overwrite
nonstationary,transition_resample,epsgreedy,10018,74.33161926269531,0.29333333333333333,35.86612892150879,overwrite
nonstationary,transition_resample,epsgreedy,10019,76.70619201660156,0.29333333333333333,37.234782218933105,overwrite
nonstationary,transition_resample,epsgreedy,10020,76.62210083007812,0.26,26.928106784820557,overwrite
nonstationary,transition_resample,epsgreedy,10021,73.89228057861328,0.5466666666666666,33.20073652267456,overwrite
nonstationary,transition_resample,epsgreedy,10022,79.64695739746094,0.38,35.27972078323364,overwrite
nonstationary,transition_resample,epsgreedy,10023,72.74049377441406,0.38,31.2170090675354,overwrite
nonstationary,transition_resample,epsgreedy,10024,85.67268371582031,0.38666666666666666,25.58590269088745,overwrite
nonstationary,transition_resample,epsgreedy,10025,79.54146575927734,0.48,25.37752056121826,overwrite
nonstationary,transition_resample,epsgreedy,10026,82.53108978271484,0.4666666666666667,17.0408992767334,overwrite
nonstationary,transition_resample,epsgreedy,10027,74.75794982910156,0.3333333333333333,34.54439115524292,overwrite
nonstationary,transition_resample,epsgreedy,10028,70.92401885986328,0.23333333333333334,40.72570753097534,overwrite
nonstationary,transition_resample,epsgreedy,10029,74.12509155273438,0.3333333333333333,36.81446361541748,overwrite
nonstationary,transition_resample,epsgreedy,10030,82.53850555419922,0.16,24.69863510131836,overwrite
nonstationary,transition_resample,epsgreedy,10031,83.10194396972656,0.24666666666666667,27.770183086395264,overwrite
nonstationary,transition_resample,epsgreedy,10032,76.03227996826172,0.36,15.911847114562988,overwrite
nonstationary,transition_resample,epsgreedy,10033,100.8056869506836,0.6066666666666667,20.180675983428955,overwrite
nonstationary,transition_resample,epsgreedy,10034,68.94134521484375,0.07333333333333333,46.27509927749634,overwrite
nonstationary,transition_resample,epsgreedy,10035,83.97491455078125,0.11333333333333333,42.87069654464722,overwrite
nonstationary,transition_resample,epsgreedy,10036,82.68577575683594,0.3333333333333333,28.960285663604736,overwrite
nonstationary,transition_resample,epsgreedy,10037,88.86450958251953,0.4066666666666667,13.806732654571533,overwrite
nonstationary,transition_resample,epsgreedy,10038,84.54133605957031,0.3333333333333333,20.12626028060913,overwrite
nonstationary,transition_resample,epsgreedy,10039,88.15885925292969,0.26,23.684361457824707,overwrite
nonstationary,transition_resample,epsgreedy,10040,81.36283874511719,0.4266666666666667,29.046753406524658,overwrite
nonstationary,transition_resample,epsgreedy,10041,83.80662536621094,0.49333333333333335,23.27726936340332,overwrite
nonstationary,transition_resample,epsgreedy,10042,89.97867584228516,0.24666666666666667,24.301908493041992,overwrite
nonstationary,transition_resample,epsgreedy,10043,65.82078552246094,0.18,48.85109233856201,overwrite
nonstationary,transition_resample,epsgreedy,10044,72.6878662109375,0.26666666666666666,35.020100116729736,overwrite
nonstationary,transition_resample,epsgreedy,10045,72.9489974975586,0.28,34.675703048706055,overwrite
nonstationary,transition_resample,epsgreedy,10046,72.63668823242188,0.23333333333333334,41.352450370788574,overwrite
nonstationary,transition_resample,epsgreedy,10047,68.14833068847656,0.03333333333333333,47.55421018600464,overwrite
nonstationary,transition_resample,epsgreedy,10048,76.30332946777344,0.19333333333333333,40.86079454421997,overwrite
nonstationary,transition_resample,greedy,9999,86.97169494628906,0.35333333333333333,23.4761381149292,overwrite
nonstationary,transition_resample,greedy,10000,96.5322265625,0.35333333333333333,24.01403284072876,overwrite
nonstationary,transition_resample,greedy,10001,76.83541107177734,0.46,31.76790475845337,overwrite
nonstationary,transition_resample,greedy,10002,83.61489868164062,0.32666666666666666,23.53123712539673,overwrite
nonstationary,transition_resample,greedy,10003,93.84828186035156,0.32,25.53265953063965,overwrite
nonstationary,transition_resample,greedy,10004,70.11182403564453,0.36,37.93781518936157,overwrite
nonstationary,transition_resample,greedy,10005,67.0667724609375,0.21333333333333335,52.32036256790161,overwrite
nonstationary,transition_resample,greedy,10006,95.97868347167969,0.44666666666666666,12.627640724182129,overwrite
nonstationary,transition_resample,greedy,10007,80.645751953125,0.19333333333333333,37.72289419174194,overwrite
nonstationary,transition_resample,greedy,10008,91.41620635986328,0.38666666666666666,28.325976848602295,overwrite
nonstationary,transition_resample,greedy,10009,61.524452209472656,0.11333333333333333,53.39372730255127,overwrite
nonstationary,transition_resample,greedy,10010,95.61651611328125,0.7266666666666667,14.224901676177979,overwrite
nonstationary,transition_resample,greedy,10011,92.72935485839844,0.30666666666666664,20.71857786178589,overwrite
nonstationary,transition_resample,greedy,10012,82.86225128173828,0.3466666666666667,44.71193885803223,overwrite
nonstationary,transition_resample,greedy,10013,86.55915832519531,0.15333333333333332,38.16879367828369,overwrite
nonstationary,transition_resample,greedy,10014,79.47297668457031,0.43333333333333335,40.754608154296875,overwrite
nonstationary,transition_resample,greedy,10015,81.7161636352539,0.24666666666666667,29.708457946777344,overwrite
nonstationary,transition_resample,greedy,10016,60.86769104003906,0.16,41.25665855407715,overwrite
nonstationary,transition_resample,greedy,10017,77.26898193359375,0.2733333333333333,32.75754737854004,overwrite
nonstationary,transition_resample,greedy,10018,66.34367370605469,0.16,44.382062911987305,overwrite
nonstationary,transition_resample,greedy,10019,74.39418029785156,0.36,39.30882167816162,overwrite
nonstationary,transition_resample,greedy,10020,84.12838745117188,0.26666666666666666,18.68940019607544,overwrite
nonstationary,transition_resample,greedy,10021,81.44941711425781,0.6933333333333334,25.19507598876953,overwrite
nonstationary,transition_resample,greedy,10022,70.92135620117188,0.18,43.18353080749512,overwrite
nonstationary,transition_resample,greedy,10023,56.97734832763672,0.19333333333333333,47.55975294113159,overwrite
nonstationary,transition_resample,greedy,10024,74.99671173095703,0.22666666666666666,41.12990713119507,overwrite
nonstationary,transition_resample,greedy,10025,79.27052307128906,0.26,24.74953556060791,overwrite
nonstationary,transition_resample,greedy,10026,84.85530853271484,0.5133333333333333,14.381886959075928,overwrite
nonstationary,transition_resample,greedy,10027,77.07752990722656,0.35333333333333333,31.779554843902588,overwrite
nonstationary,transition_resample,greedy,10028,61.782386779785156,0.0,46.47475719451904,overwrite
nonstationary,transition_resample,greedy,10029,72.26151275634766,0.26,37.35189199447632,overwrite
nonstationary,transition_resample,greedy,10030,81.79248046875,0.20666666666666667,24.261876583099365,overwrite
nonstationary,transition_resample,greedy,10031,81.77273559570312,0.5,27.1807222366333,overwrite
nonstationary,transition_resample,greedy,10032,67.09893798828125,0.32,22.701730728149414,overwrite
nonstationary,transition_resample,greedy,10033,91.2216796875,0.2,31.351147174835205,overwrite
nonstationary,transition_resample,greedy,10034,78.53926086425781,0.15333333333333332,34.417479038238525,overwrite
nonstationary,transition_resample,greedy,10035,77.78328704833984,0.1,49.29464817047119,overwrite
nonstationary,transition_resample,greedy,10036,75.75770568847656,0.3,36.92753887176514,overwrite
nonstationary,transition_resample,greedy,10037,81.43824005126953,0.44,21.145179271697998,overwrite
nonstationary,transition_resample,greedy,10038,83.35079956054688,0.32666666666666666,18.494887828826904,overwrite
nonstationary,transition_resample,greedy,10039,80.3912353515625,0.2,30.20486831665039,overwrite
nonstationary,transition_resample,greedy,10040,82.73512268066406,0.44666666666666666,27.223474979400635,overwrite
nonstationary,transition_resample,greedy,10041,77.1485595703125,0.38,29.212268829345703,overwrite
nonstationary,transition_resample,greedy,10042,91.22685241699219,0.12,23.439769744873047,overwrite
nonstationary,transition_resample,greedy,10043,82.61717224121094,0.3333333333333333,30.662413120269775,overwrite
nonstationary,transition_resample,greedy,10044,57.77799987792969,0.03333333333333333,50.922110080718994,overwrite
nonstationary,transition_resample,greedy,10045,68.96466827392578,0.04666666666666667,37.3639817237854,overwrite
nonstationary,transition_resample,greedy,10046,68.09070587158203,0.2733333333333333,44.683308601379395,overwrite
nonstationary,transition_resample,greedy,10047,58.686649322509766,0.0,58.501097202301025,overwrite
nonstationary,transition_resample,greedy,10048,66.34546661376953,0.26666666666666666,51.52288198471069,overwrite
nonstationary,transition_resample,random,9999,76.62286376953125,0.24,34.29606342315674,overwrite
nonstationary,transition_resample,random,10000,81.16429901123047,0.3,38.0300555229187,overwrite
nonstationary,transition_resample,random,10001,74.10151672363281,0.26,36.04855823516846,overwrite
nonstationary,transition_resample,random,10002,78.36160278320312,0.29333333333333333,33.71791362762451,overwrite
nonstationary,transition_resample,random,10003,86.94108581542969,0.3,32.11137247085571,overwrite
nonstationary,transition_resample,random,10004,75.18653869628906,0.24666666666666667,35.20868635177612,overwrite
nonstationary,transition_resample,random,10005,73.95521545410156,0.28,44.67593288421631,overwrite
nonstationary,transition_resample,random,10006,80.37336730957031,0.3333333333333333,29.09119987487793,overwrite
nonstationary,transition_resample,random,10007,82.59619140625,0.21333333333333335,35.27491331100464,overwrite
nonstationary,transition_resample,random,10008,71.28509521484375,0.22666666666666666,47.87814712524414,overwrite
nonstationary,transition_resample,random,10009,72.98149108886719,0.2,43.98994541168213,overwrite
nonstationary,transition_resample,random,10010,75.36996459960938,0.24,37.30683517456055,overwrite
nonstationary,transition_resample,random,10011,81.58622741699219,0.22666666666666666,33.60757637023926,overwrite
nonstationary,transition_resample,random,10012,89.8487548828125,0.29333333333333333,34.58752107620239,overwrite
nonstationary,transition_resample,random,10013,88.29778289794922,0.24,34.18186855316162,overwrite
nonstationary,transition_resample,random,10014,79.93486785888672,0.31333333333333335,43.2450008392334,overwrite
nonstationary,transition_resample,random,10015,78.06185913085938,0.19333333333333333,32.37209892272949,overwrite
nonstationary,transition_resample,random,10016,73.66532897949219,0.30666666666666664,28.44115447998047,overwrite
nonstationary,transition_resample,random,10017,76.68292236328125,0.25333333333333335,31.533843994140625,overwrite
nonstationary,transition_resample,random,10018,76.501708984375,0.23333333333333334,34.939640045166016,overwrite
nonstationary,transition_resample,random,10019,80.63200378417969,0.24,31.56356716156006,overwrite
nonstationary,transition_resample,random,10020,73.54283142089844,0.24,30.742043018341064,overwrite
nonstationary,transition_resample,random,10021,66.38326263427734,0.2733333333333333,40.040903091430664,overwrite
nonstationary,transition_resample,random,10022,80.68482208251953,0.29333333333333333,32.584367752075195,overwrite
nonstationary,transition_resample,random,10023,69.42953491210938,0.26666666666666666,37.2161431312561,overwrite
nonstationary,transition_resample,random,10024,85.45953369140625,0.28,30.345413208007812,overwrite
nonstationary,transition_resample,random,10025,68.90740966796875,0.17333333333333334,36.2423734664917,overwrite
nonstationary,transition_resample,random,10026,72.95838165283203,0.29333333333333333,26.88182830810547,overwrite
nonstationary,transition_resample,random,10027,69.62239074707031,0.21333333333333335,36.97883129119873,overwrite
nonstationary,transition_resample,random,10028,73.91107940673828,0.28,41.148823261260986,overwrite
nonstationary,transition_resample,random,10029,74.89175415039062,0.25333333333333335,37.85233211517334,overwrite
nonstationary,transition_resample,random,10030,74.58076477050781,0.24,30.78775405883789,overwrite
nonstationary,transition_resample,random,10031,75.40482330322266,0.32,36.03168725967407,overwrite
nonstationary,transition_resample,random,10032,68.60507202148438,0.3,20.21078062057495,overwrite
nonstationary,transition_resample,random,10033,80.67686462402344,0.24666666666666667,39.901939392089844,overwrite
nonstationary,transition_resample,random,10034,80.6626968383789,0.25333333333333335,32.801767349243164,overwrite
nonstationary,transition_resample,random,10035,84.54302978515625,0.26,42.2859320640564,overwrite
nonstationary,transition_resample,random,10036,78.3418197631836,0.28,33.442251682281494,overwrite
nonstationary,transition_resample,random,10037,74.73694610595703,0.22,27.054794311523438,overwrite
nonstationary,transition_resample,random,10038,73.25298309326172,0.24666666666666667,30.175706386566162,overwrite
nonstationary,transition_resample,random,10039,82.40676879882812,0.26,29.766084671020508,overwrite
nonstationary,transition_resample,random,10040,81.75931549072266,0.29333333333333333,27.98775577545166,overwrite
nonstationary,transition_resample,random,10041,70.93171691894531,0.22666666666666666,37.171130657196045,overwrite
nonstationary,transition_resample,random,10042,82.05181884765625,0.24666666666666667,33.489935874938965,overwrite
nonstationary,transition_resample,random,10043,72.27822875976562,0.24,43.67606019973755,overwrite
nonstationary,transition_resample,random,10044,73.62522888183594,0.23333333333333334,40.790343284606934,overwrite
nonstationary,transition_resample,random,10045,69.8520736694336,0.2866666666666667,39.77336597442627,overwrite
nonstationary,transition_resample,random,10046,75.25949096679688,0.22666666666666666,39.47591304779053,overwrite
nonstationary,transition_resample,random,10047,73.94520568847656,0.18666666666666668,44.33114147186279,overwrite
nonstationary,transition_resample,random,10048,84.38899230957031,0.26,32.129512786865234,overwrite
nonstationary,transition_resample,optimal_frozen,9999,109.10213470458984,1.0,0.0,overwrite
nonstationary,transition_resample,optimal_frozen,10000,118.86387634277344,0.8866666666666667,0.9855556488037109,overwrite
nonstationary,transition_resample,optimal_frozen,10001,110.97897338867188,0.9733333333333334,0.0378265380859375,overwrite
nonstationary,transition_resample,optimal_frozen,10002,112.89268493652344,0.9133333333333333,0.5340585708618164,overwrite
nonstationary,transition_resample,optimal_frozen,10003,119.8573226928711,1.0,0.0,overwrite
nonstationary,transition_resample,optimal_frozen,10004,106.96260070800781,0.86,1.5080652236938477,overwrite
nonstationary,transition_resample,optimal_frozen,10005,118.79519653320312,1.0,0.0,overwrite
nonstationary,transition_resample,optimal_frozen,10006,106.199951171875,1.0,0.0,overwrite
nonstationary,transition_resample,optimal_frozen,10007,116.46968078613281,0.9,0.0782632827758789,overwrite
nonstationary,transition_resample,optimal_frozen,10008,119.13638305664062,1.0,0.0,overwrite
nonstationary,transition_resample,optimal_frozen,10009,116.21626281738281,1.0,0.0,overwrite
nonstationary,transition_resample,optimal_frozen,10010,110.8702621459961,1.0,0.0,overwrite
nonstationary,transition_resample,optimal_frozen,10011,115.08708190917969,0.8666666666666667,1.4190101623535156,overwrite
nonstationary,transition_resample,optimal_frozen,10012,122.87251281738281,1.0,0.0,overwrite
nonstationary,transition_resample,optimal_frozen,10013,122.73320007324219,0.9066666666666666,0.8776569366455078,overwrite
nonstationary,transition_resample,optimal_frozen,10014,118.90156555175781,1.0,0.0,overwrite
nonstationary,transition_resample,optimal_frozen,10015,111.6934814453125,1.0,0.0,overwrite
nonstationary,transition_resample,optimal_frozen,10016,99.31293487548828,0.8333333333333334,1.1422314643859863,overwrite
nonstationary,transition_resample,optimal_frozen,10017,107.34016418457031,0.94,0.06514978408813477,overwrite
nonstationary,transition_resample,optimal_frozen,10018,110.17353057861328,1.0,0.0,overwrite
nonstationary,transition_resample,optimal_frozen,10019,114.33533477783203,0.9666666666666667,0.13988733291625977,overwrite
nonstationary,transition_resample,optimal_frozen,10020,99.70108032226562,0.86,1.1967034339904785,overwrite
nonstationary,transition_resample,optimal_frozen,10021,107.73090362548828,1.0,0.0,overwrite
nonstationary,transition_resample,optimal_frozen,10022,118.22901916503906,0.96,0.08933544158935547,overwrite
nonstationary,transition_resample,optimal_frozen,10023,104.41614532470703,1.0,0.0,overwrite
nonstationary,transition_resample,optimal_frozen,10024,113.23974609375,1.0,0.0,overwrite
nonstationary,transition_resample,optimal_frozen,10025,105.73292541503906,0.9133333333333333,0.1194772720336914,overwrite
nonstationary,transition_resample,optimal_frozen,10026,98.7265625,0.8933333333333333,0.08960723876953125,overwrite
nonstationary,transition_resample,optimal_frozen,10027,108.16310119628906,0.8733333333333333,0.216278076171875,overwrite
nonstationary,transition_resample,optimal_frozen,10028,105.2002944946289,0.8866666666666667,1.0351252555847168,overwrite
nonstationary,transition_resample,optimal_frozen,10029,109.77255249023438,0.8133333333333334,2.3469791412353516,overwrite
nonstationary,transition_resample,optimal_frozen,10030,112.70297241210938,0.7933333333333333,0.8771705627441406,overwrite
nonstationary,transition_resample,optimal_frozen,10031,110.05795288085938,1.0,0.0,overwrite
nonstationary,transition_resample,optimal_frozen,10032,88.75716400146484,0.7866666666666666,1.1157736778259277,overwrite
nonstationary,transition_resample,optimal_frozen,10033,121.55033111572266,1.0,0.0,overwrite
nonstationary,transition_resample,optimal_frozen,10034,112.53016662597656,0.7333333333333333,0.6811528205871582,overwrite
nonstationary,transition_resample,optimal_frozen,10035,126.90995788574219,1.0,0.0,overwrite
nonstationary,transition_resample,optimal_frozen,10036,111.51155853271484,0.84,0.8326530456542969,overwrite
nonstationary,transition_resample,optimal_frozen,10037,96.36033630371094,0.7266666666666667,1.6471824645996094,overwrite
nonstationary,transition_resample,optimal_frozen,10038,103.94566345214844,0.82,0.4711146354675293,overwrite
nonstationary,transition_resample,optimal_frozen,10039,110.13475799560547,0.74,2.358358383178711,overwrite
nonstationary,transition_resample,optimal_frozen,10040,105.90789794921875,0.88,2.4903345108032227,overwrite
nonstationary,transition_resample,optimal_frozen,10041,105.62480163574219,0.8733333333333333,0.19672679901123047,overwrite
nonstationary,transition_resample,optimal_frozen,10042,115.78977966308594,1.0,0.0,overwrite
nonstationary,transition_resample,optimal_frozen,10043,114.8600082397461,1.0,0.0,overwrite
nonstationary,transition_resample,optimal_frozen,10044,104.905517578125,0.7733333333333333,2.179539203643799,overwrite
nonstationary,transition_resample,optimal_frozen,10045,109.57798767089844,0.9066666666666666,0.6227378845214844,overwrite
nonstationary,transition_resample,optimal_frozen,10046,114.37784576416016,1.0,0.0,overwrite
nonstationary,transition_resample,optimal_frozen,10047,115.20315551757812,0.84,0.9256095886230469,overwrite
nonstationary,transition_resample,optimal_frozen,10048,117.9532470703125,0.92,0.5957794189453125,overwrite
nonstationary,full_resample,tf_legacy,9999,69.42835235595703,0.2866666666666667,31.633015632629395,overwrite
nonstationary,full_resample,tf_legacy,10000,94.96151733398438,0.54,24.435389041900635,overwrite
nonstationary,full_resample,tf_legacy,10001,69.84442138671875,0.30666666666666664,41.27174472808838,overwrite
nonstationary,full_resample,tf_legacy,10002,81.14263153076172,0.19333333333333333,39.55777072906494,overwrite
nonstationary,full_resample,tf_legacy,10003,67.88858032226562,0.31333333333333335,53.49201774597168,overwrite
nonstationary,full_resample,tf_legacy,10004,61.46295928955078,0.29333333333333333,53.38682460784912,overwrite
nonstationary,full_resample,tf_legacy,10005,72.28642272949219,0.22,37.675034046173096,overwrite
nonstationary,full_resample,tf_legacy,10006,64.27628326416016,0.13333333333333333,46.44956016540527,overwrite
nonstationary,full_resample,tf_legacy,10007,82.25523376464844,0.25333333333333335,31.523747444152832,overwrite
nonstationary,full_resample,tf_legacy,10008,66.72200775146484,0.20666666666666667,39.81142282485962,overwrite
nonstationary,full_resample,tf_legacy,10009,86.80634307861328,0.3,29.693081855773926,overwrite
nonstationary,full_resample,tf_legacy,10010,73.21287536621094,0.18,36.5728816986084,overwrite
nonstationary,full_resample,tf_legacy,10011,72.43702697753906,0.29333333333333333,32.83072376251221,overwrite
nonstationary,full_resample,tf_legacy,10012,71.70875549316406,0.28,54.29011821746826,overwrite
nonstationary,full_resample,tf_legacy,10013,85.35333251953125,0.44666666666666666,14.797418594360352,overwrite
nonstationary,full_resample,tf_legacy,10014,75.26663208007812,0.4,43.41736650466919,overwrite
nonstationary,full_resample,tf_legacy,10015,73.27757263183594,0.24,39.19447183609009,overwrite
nonstationary,full_resample,tf_legacy,10016,75.53095245361328,0.26666666666666666,26.098161697387695,overwrite
nonstationary,full_resample,tf_legacy,10017,71.80158996582031,0.24666666666666667,35.74244546890259,overwrite
nonstationary,full_resample,tf_legacy,10018,82.14874267578125,0.4,35.6935658454895,overwrite
nonstationary,full_resample,tf_legacy,10019,69.97241973876953,0.37333333333333335,45.528520584106445,overwrite
nonstationary,full_resample,tf_legacy,10020,74.0701904296875,0.23333333333333334,32.855446338653564,overwrite
nonstationary,full_resample,tf_legacy,10021,61.164817810058594,0.08666666666666667,46.11837148666382,overwrite
nonstationary,full_resample,tf_legacy,10022,67.44850158691406,0.22,44.75240659713745,overwrite
nonstationary,full_resample,tf_legacy,10023,81.19005584716797,0.4666666666666667,28.47122621536255,overwrite
nonstationary,full_resample,tf_legacy,10024,59.748252868652344,0.17333333333333334,42.404305934906006,overwrite
nonstationary,full_resample,tf_legacy,10025,82.86433410644531,0.22666666666666666,31.214591026306152,overwrite
nonstationary,full_resample,tf_legacy,10026,73.06568908691406,0.17333333333333334,44.76432180404663,overwrite
nonstationary,full_resample,tf_legacy,10027,88.47603607177734,0.42,23.510385513305664,overwrite
nonstationary,full_resample,tf_legacy,10028,66.44153594970703,0.12,40.774797439575195,overwrite
nonstationary,full_resample,tf_legacy,10029,91.81002807617188,0.24,19.73283052444458,overwrite
nonstationary,full_resample,tf_legacy,10030,57.52550506591797,0.013333333333333334,49.397754192352295,overwrite
nonstationary,full_resample,tf_legacy,10031,79.2483901977539,0.20666666666666667,37.9102988243103,overwrite
nonstationary,full_resample,tf_legacy,10032,90.78594207763672,0.5266666666666666,17.58676767349243,overwrite
nonstationary,full_resample,tf_legacy,10033,74.6937484741211,0.26,43.05261993408203,overwrite
nonstationary,full_resample,tf_legacy,10034,86.86831665039062,0.3466666666666667,27.375463485717773,overwrite
nonstationary,full_resample,tf_legacy,10035,94.24554443359375,0.52,19.685898303985596,overwrite
nonstationary,full_resample,tf_legacy,10036,71.26487731933594,0.22666666666666666,49.853941917419434,overwrite
nonstationary,full_resample,tf_legacy,10037,87.50077819824219,0.2866666666666667,16.60741949081421,overwrite
nonstationary,full_resample,tf_legacy,10038,81.57266235351562,0.31333333333333335,26.629526138305664,overwrite
nonstationary,full_resample,tf_legacy,10039,62.654144287109375,0.04666666666666667,42.1251859664917,overwrite
nonstationary,full_resample,tf_legacy,10040,86.67720031738281,0.43333333333333335,32.5195255279541,overwrite
nonstationary,full_resample,tf_legacy,10041,65.6156005859375,0.18666666666666668,42.403053760528564,overwrite
nonstationary,full_resample,tf_legacy,10042,87.21845245361328,0.42,25.60195302963257,overwrite
nonstationary,full_resample,tf_legacy,10043,90.11970520019531,0.3,20.272679328918457,overwrite
nonstationary,full_resample,tf_legacy,10044,61.48236846923828,0.18,48.28288221359253,overwrite
nonstationary,full_resample,tf_legacy,10045,85.09798431396484,0.48,25.71749448776245,overwrite
nonstationary,full_resample,tf_legacy,10046,72.4185791015625,0.18666666666666668,43.61874294281006,overwrite
nonstationary,full_resample,tf_legacy,10047,60.069984436035156,0.10666666666666667,52.58224868774414,overwrite
nonstationary,full_resample,tf_legacy,10048,87.14207458496094,0.4666666666666667,26.655569553375244,overwrite
nonstationary,full_resample,tf_self,9999,79.5303955078125,0.26666666666666666,26.030823707580566,overwrite
nonstationary,full_resample,tf_self,10000,65.85040283203125,0.2,51.079240798950195,overwrite
nonstationary,full_resample,tf_self,10001,60.92724609375,0.14,46.59031534194946,overwrite
nonstationary,full_resample,tf_self,10002,82.16556549072266,0.14666666666666667,35.695351123809814,overwrite
nonstationary,full_resample,tf_self,10003,72.19915771484375,0.2866666666666667,48.970290184020996,overwrite
nonstationary,full_resample,tf_self,10004,69.835205078125,0.22,44.23171377182007,overwrite
nonstationary,full_resample,tf_self,10005,74.280517578125,0.12,38.46898317337036,overwrite
nonstationary,full_resample,tf_self,10006,94.99283599853516,0.3933333333333333,17.908929347991943,overwrite
nonstationary,full_resample,tf_self,10007,70.237548828125,0.24666666666666667,42.70628070831299,overwrite
nonstationary,full_resample,tf_self,10008,68.61135864257812,0.2733333333333333,38.862863540649414,overwrite
nonstationary,full_resample,tf_self,10009,94.60397338867188,0.32666666666666666,21.878644943237305,overwrite
nonstationary,full_resample,tf_self,10010,58.82491683959961,0.2,50.53428888320923,overwrite
nonstationary,full_resample,tf_self,10011,70.48242950439453,0.25333333333333335,36.623430252075195,overwrite
nonstationary,full_resample,tf_self,10012,76.69252014160156,0.14,48.69007444381714,overwrite
nonstationary,full_resample,tf_self,10013,64.21227264404297,0.13333333333333333,37.27757978439331,overwrite
nonstationary,full_resample,tf_self,10014,68.16845703125,0.3466666666666667,47.99205732345581,overwrite
nonstationary,full_resample,tf_self,10015,85.25259399414062,0.25333333333333335,27.31053352355957,overwrite
nonstationary,full_resample,tf_self,10016,68.71372985839844,0.23333333333333334,30.98349666595459,overwrite
nonstationary,full_resample,tf_self,10017,69.8709945678711,0.14,36.19914770126343,overwrite
nonstationary,full_resample,tf_self,10018,75.00038146972656,0.12666666666666668,40.145015716552734,overwrite
nonstationary,full_resample,tf_self,10019,88.30268859863281,0.44,24.990841388702393,overwrite
nonstationary,full_resample,tf_self,10020,84.20635986328125,0.4533333333333333,24.69188404083252,overwrite
nonstationary,full_resample,tf_self,10021,68.07659912109375,0.2866666666666667,40.03807497024536,overwrite
nonstationary,full_resample,tf_self,10022,94.05854797363281,0.6133333333333333,17.115707397460938,overwrite
nonstationary,full_resample,tf_self,10023,88.13287353515625,0.38,24.550623416900635,overwrite
nonstationary,full_resample,tf_self,10024,64.6737289428711,0.25333333333333335,35.5928053855896,overwrite
nonstationary,full_resample,tf_self,10025,71.86698913574219,0.04,43.287158489227295,overwrite
nonstationary,full_resample,tf_self,10026,78.23394012451172,0.22,37.71817207336426,overwrite
nonstationary,full_resample,tf_self,10027,62.68465805053711,0.07333333333333333,46.10643243789673,overwrite
nonstationary,full_resample,tf_self,10028,64.89549255371094,0.1,43.66103172302246,overwrite
nonstationary,full_resample,tf_self,10029,97.11168670654297,0.5333333333333333,15.833983898162842,overwrite
nonstationary,full_resample,tf_self,10030,81.8938217163086,0.4533333333333333,27.6915922164917,overwrite
nonstationary,full_resample,tf_self,10031,89.00723266601562,0.4533333333333333,28.68175745010376,overwrite
nonstationary,full_resample,tf_self,10032,65.11064147949219,0.16,40.940330505371094,overwrite
nonstationary,full_resample,tf_self,10033,84.47126007080078,0.26,36.07145118713379,overwrite
nonstationary,full_resample,tf_self,10034,77.91656494140625,0.26666666666666666,36.114973068237305,overwrite
nonstationary,full_resample,tf_self,10035,87.18338012695312,0.54,26.154235363006592,overwrite
nonstationary,full_resample,tf_self,10036,83.4488525390625,0.32,38.02759647369385,overwrite
nonstationary,full_resample,tf_self,10037,65.866455078125,0.1,37.9056715965271,overwrite
nonstationary,full_resample,tf_self,10038,83.91876220703125,0.12,24.946284770965576,overwrite
nonstationary,full_resample,tf_self,10039,72.19992065429688,0.2733333333333333,34.80729866027832,overwrite
nonstationary,full_resample,tf_self,10040,65.65457153320312,0.11333333333333333,52.52974510192871,overwrite
nonstationary,full_resample,tf_self,10041,75.76863098144531,0.32,33.79864740371704,overwrite
nonstationary,full_resample,tf_self,10042,80.75814819335938,0.22,28.437889575958252,overwrite
nonstationary,full_resample,tf_self,10043,81.85204315185547,0.4266666666666667,29.949389457702637,overwrite
nonstationary,full_resample,tf_self,10044,65.6031265258789,0.14666666666666667,45.98798656463623,overwrite
nonstationary,full_resample,tf_self,10045,82.85061645507812,0.41333333333333333,29.062376022338867,overwrite
nonstationary,full_resample,tf_self,10046,68.69775390625,0.30666666666666664,47.18321132659912,overwrite
nonstationary,full_resample,tf_self,10047,69.85171508789062,0.23333333333333334,41.98766613006592,overwrite
nonstationary,full_resample,tf_self,10048,71.94938659667969,0.21333333333333335,42.24465608596802,overwrite
nonstationary,full_resample,optimal,9999,103.06625366210938,1.0,0.0,overwrite
nonstationary,full_resample,optimal,10000,118.46887969970703,1.0,0.0,overwrite
nonstationary,full_resample,optimal,10001,112.07415008544922,1.0,0.0,overwrite
nonstationary,full_resample,optimal,10002,122.08647155761719,1.0,0.0,overwrite
nonstationary,full_resample,optimal,10003,120.70317077636719,1.0,0.0,overwrite
nonstationary,full_resample,optimal,10004,112.85458374023438,1.0,0.0,overwrite
nonstationary,full_resample,optimal,10005,105.63136291503906,1.0,0.0,overwrite
nonstationary,full_resample,optimal,10006,109.60951232910156,1.0,0.0,overwrite
nonstationary,full_resample,optimal,10007,110.75581359863281,1.0,0.0,overwrite
nonstationary,full_resample,optimal,10008,106.68601989746094,1.0,0.0,overwrite
nonstationary,full_resample,optimal,10009,119.85924530029297,1.0,0.0,overwrite
nonstationary,full_resample,optimal,10010,113.21426391601562,1.0,0.0,overwrite
nonstationary,full_resample,optimal,10011,106.30955505371094,1.0,0.0,overwrite
nonstationary,full_resample,optimal,10012,124.68925476074219,1.0,0.0,overwrite
nonstationary,full_resample,optimal,10013,100.59671020507812,1.0,0.0,overwrite
nonstationary,full_resample,optimal,10014,114.95782470703125,1.0,0.0,overwrite
nonstationary,full_resample,optimal,10015,114.97280883789062,1.0,0.0,overwrite
nonstationary,full_resample,optimal,10016,100.436279296875,1.0,0.0,overwrite
nonstationary,full_resample,optimal,10017,107.73677062988281,1.0,0.0,overwrite
nonstationary,full_resample,optimal,10018,117.62403869628906,1.0,0.0,overwrite
nonstationary,full_resample,optimal,10019,110.73097229003906,1.0,0.0,overwrite
nonstationary,full_resample,optimal,10020,106.24081420898438,1.0,0.0,overwrite
nonstationary,full_resample,optimal,10021,105.01536560058594,1.0,0.0,overwrite
nonstationary,full_resample,optimal,10022,111.38330078125,1.0,0.0,overwrite
nonstationary,full_resample,optimal,10023,110.07945251464844,1.0,0.0,overwrite
nonstationary,full_resample,optimal,10024,100.87052917480469,1.0,0.0,overwrite
nonstationary,full_resample,optimal,10025,115.77240753173828,1.0,0.0,overwrite
nonstationary,full_resample,optimal,10026,116.22496795654297,1.0,0.0,overwrite
nonstationary,full_resample,optimal,10027,106.95921325683594,1.0,0.0,overwrite
nonstationary,full_resample,optimal,10028,109.09746551513672,1.0,0.0,overwrite
nonstationary,full_resample,optimal,10029,108.51185607910156,1.0,0.0,overwrite
nonstationary,full_resample,optimal,10030,114.83250427246094,1.0,0.0,overwrite
nonstationary,full_resample,optimal,10031,118.07527160644531,1.0,0.0,overwrite
nonstationary,full_resample,optimal,10032,107.26560974121094,1.0,0.0,overwrite
nonstationary,full_resample,optimal,10033,118.89892578125,1.0,0.0,overwrite
nonstationary,full_resample,optimal,10034,115.47291564941406,1.0,0.0,overwrite
nonstationary,full_resample,optimal,10035,113.44618225097656,1.0,0.0,overwrite
nonstationary,full_resample,optimal,10036,118.01409912109375,1.0,0.0,overwrite
nonstationary,full_resample,optimal,10037,102.60734558105469,1.0,0.0,overwrite
nonstationary,full_resample,optimal,10038,109.9742431640625,1.0,0.0,overwrite
nonstationary,full_resample,optimal,10039,106.40740203857422,1.0,0.0,overwrite
nonstationary,full_resample,optimal,10040,115.741943359375,1.0,0.0,overwrite
nonstationary,full_resample,optimal,10041,113.13487243652344,1.0,0.0,overwrite
nonstationary,full_resample,optimal,10042,111.87903594970703,1.0,0.0,overwrite
nonstationary,full_resample,optimal,10043,109.67408752441406,1.0,0.0,overwrite
nonstationary,full_resample,optimal,10044,112.89361572265625,1.0,0.0,overwrite
nonstationary,full_resample,optimal,10045,113.8197021484375,1.0,0.0,overwrite
nonstationary,full_resample,optimal,10046,115.65681457519531,1.0,0.0,overwrite
nonstationary,full_resample,optimal,10047,110.93257141113281,1.0,0.0,overwrite
nonstationary,full_resample,optimal,10048,115.27439880371094,1.0,0.0,overwrite
nonstationary,full_resample,epsgreedy,9999,74.46404266357422,0.26666666666666666,29.777758598327637,overwrite
nonstationary,full_resample,epsgreedy,10000,86.5628662109375,0.35333333333333333,31.203936100006104,overwrite
nonstationary,full_resample,epsgreedy,10001,75.10765838623047,0.32,35.96853160858154,overwrite
nonstationary,full_resample,epsgreedy,10002,82.99150085449219,0.18666666666666668,36.66232967376709,overwrite
nonstationary,full_resample,epsgreedy,10003,78.74900817871094,0.18666666666666668,41.4764838218689,overwrite
nonstationary,full_resample,epsgreedy,10004,82.94357299804688,0.38,30.719815254211426,overwrite
nonstationary,full_resample,epsgreedy,10005,69.77491760253906,0.17333333333333334,37.27165222167969,overwrite
nonstationary,full_resample,epsgreedy,10006,84.61390686035156,0.32666666666666666,28.13446283340454,overwrite
nonstationary,full_resample,epsgreedy,10007,79.96658325195312,0.24,31.50720739364624,overwrite
nonstationary,full_resample,epsgreedy,10008,78.84163665771484,0.46,30.049041748046875,overwrite
nonstationary,full_resample,epsgreedy,10009,65.69970703125,0.20666666666666667,52.83439111709595,overwrite
nonstationary,full_resample,epsgreedy,10010,74.26215362548828,0.36666666666666664,34.57728147506714,overwrite
nonstationary,full_resample,epsgreedy,10011,68.0129165649414,0.14,38.682918071746826,overwrite
nonstationary,full_resample,epsgreedy,10012,65.83576965332031,0.22,57.876060009002686,overwrite
nonstationary,full_resample,epsgreedy,10013,67.178955078125,0.19333333333333333,29.920828342437744,overwrite
nonstationary,full_resample,epsgreedy,10014,75.49075317382812,0.26666666666666666,40.786848068237305,overwrite
nonstationary,full_resample,epsgreedy,10015,86.4358901977539,0.19333333333333333,24.572150707244873,overwrite
nonstationary,full_resample,epsgreedy,10016,65.96641540527344,0.17333333333333334,35.16969919204712,overwrite
nonstationary,full_resample,epsgreedy,10017,67.44464874267578,0.31333333333333335,39.95346927642822,overwrite
nonstationary,full_resample,epsgreedy,10018,81.63032531738281,0.30666666666666664,34.30673599243164,overwrite
nonstationary,full_resample,epsgreedy,10019,87.78630065917969,0.30666666666666664,28.722069263458252,overwrite
nonstationary,full_resample,epsgreedy,10020,77.68597412109375,0.31333333333333335,29.843339920043945,overwrite
nonstationary,full_resample,epsgreedy,10021,66.46633911132812,0.26,39.391348361968994,overwrite
nonstationary,full_resample,epsgreedy,10022,75.33097076416016,0.35333333333333333,38.26086759567261,overwrite
nonstationary,full_resample,epsgreedy,10023,77.07109069824219,0.38666666666666666,34.54783296585083,overwrite
nonstationary,full_resample,epsgreedy,10024,71.16703796386719,0.31333333333333335,31.374125480651855,overwrite
nonstationary,full_resample,epsgreedy,10025,88.16357421875,0.4,25.04439067840576,overwrite
nonstationary,full_resample,epsgreedy,10026,91.83583068847656,0.49333333333333335,24.818870544433594,overwrite
nonstationary,full_resample,epsgreedy,10027,84.62118530273438,0.38,23.24718427658081,overwrite
nonstationary,full_resample,epsgreedy,10028,76.23126220703125,0.15333333333333332,31.878931045532227,overwrite
nonstationary,full_resample,epsgreedy,10029,77.2031021118164,0.25333333333333335,34.91931915283203,overwrite
nonstationary,full_resample,epsgreedy,10030,83.78358459472656,0.41333333333333333,26.731611728668213,overwrite
nonstationary,full_resample,epsgreedy,10031,91.58911895751953,0.5066666666666667,25.939693927764893,overwrite
nonstationary,full_resample,epsgreedy,10032,75.78376770019531,0.2866666666666667,31.135443687438965,overwrite
nonstationary,full_resample,epsgreedy,10033,83.76018524169922,0.49333333333333335,36.118215560913086,overwrite
nonstationary,full_resample,epsgreedy,10034,81.28759765625,0.25333333333333335,32.0728816986084,overwrite
nonstationary,full_resample,epsgreedy,10035,74.19010925292969,0.13333333333333333,38.783724784851074,overwrite
nonstationary,full_resample,epsgreedy,10036,81.70635986328125,0.32,38.758434772491455,overwrite
nonstationary,full_resample,epsgreedy,10037,86.33695983886719,0.15333333333333332,17.51328134536743,overwrite
nonstationary,full_resample,epsgreedy,10038,75.02774047851562,0.31333333333333335,33.95643472671509,overwrite
nonstationary,full_resample,epsgreedy,10039,57.75405502319336,0.07333333333333333,47.79909944534302,overwrite
nonstationary,full_resample,epsgreedy,10040,81.50419616699219,0.34,37.090803146362305,overwrite
nonstationary,full_resample,epsgreedy,10041,76.13050842285156,0.20666666666666667,35.67372941970825,overwrite
nonstationary,full_resample,epsgreedy,10042,81.7979736328125,0.36666666666666664,28.03908109664917,overwrite
nonstationary,full_resample,epsgreedy,10043,87.09663391113281,0.4666666666666667,23.93687629699707,overwrite
nonstationary,full_resample,epsgreedy,10044,78.19788360595703,0.34,34.19596529006958,overwrite
nonstationary,full_resample,epsgreedy,10045,88.73372650146484,0.44666666666666666,22.695932388305664,overwrite
nonstationary,full_resample,epsgreedy,10046,74.71279907226562,0.30666666666666664,37.73022413253784,overwrite
nonstationary,full_resample,epsgreedy,10047,70.65306091308594,0.20666666666666667,40.30049753189087,overwrite
nonstationary,full_resample,epsgreedy,10048,72.12136840820312,0.24666666666666667,40.402626037597656,overwrite
nonstationary,full_resample,greedy,9999,70.4993896484375,0.24666666666666667,32.05115604400635,overwrite
nonstationary,full_resample,greedy,10000,77.19351959228516,0.22666666666666666,41.081214427948,overwrite
nonstationary,full_resample,greedy,10001,64.92904663085938,0.16,45.85440492630005,overwrite
nonstationary,full_resample,greedy,10002,92.749267578125,0.3333333333333333,24.89826011657715,overwrite
nonstationary,full_resample,greedy,10003,90.6009521484375,0.38,31.17209815979004,overwrite
nonstationary,full_resample,greedy,10004,82.54158020019531,0.35333333333333333,31.75758647918701,overwrite
nonstationary,full_resample,greedy,10005,70.78010559082031,0.18,42.49589443206787,overwrite
nonstationary,full_resample,greedy,10006,84.73423767089844,0.36666666666666664,27.66363525390625,overwrite
nonstationary,full_resample,greedy,10007,68.293212890625,0.24,49.00172996520996,overwrite
nonstationary,full_resample,greedy,10008,82.24893188476562,0.52,26.05928611755371,overwrite
nonstationary,full_resample,greedy,10009,74.71519470214844,0.25333333333333335,44.38745880126953,overwrite
nonstationary,full_resample,greedy,10010,64.34976959228516,0.3,44.02473497390747,overwrite
nonstationary,full_resample,greedy,10011,78.51992797851562,0.20666666666666667,28.313522815704346,overwrite
nonstationary,full_resample,greedy,10012,58.293453216552734,0.14,66.86481428146362,overwrite
nonstationary,full_resample,greedy,10013,61.729461669921875,0.12666666666666668,40.8480749130249,overwrite
nonstationary,full_resample,greedy,10014,80.71894836425781,0.32666666666666666,33.6184344291687,overwrite
nonstationary,full_resample,greedy,10015,92.53633117675781,0.20666666666666667,19.697493076324463,overwrite
nonstationary,full_resample,greedy,10016,65.59284973144531,0.13333333333333333,36.00172805786133,overwrite
nonstationary,full_resample,greedy,10017,64.4019775390625,0.26,43.31635522842407,overwrite
nonstationary,full_resample,greedy,10018,79.58628845214844,0.35333333333333333,35.66534757614136,overwrite
nonstationary,full_resample,greedy,10019,85.14351654052734,0.28,30.746803283691406,overwrite
nonstationary,full_resample,greedy,10020,67.3030776977539,0.16666666666666666,39.964513301849365,overwrite
nonstationary,full_resample,greedy,10021,65.62638854980469,0.31333333333333335,40.40426158905029,overwrite
nonstationary,full_resample,greedy,10022,70.6986083984375,0.25333333333333335,39.413172245025635,overwrite
nonstationary,full_resample,greedy,10023,72.53235626220703,0.32,39.29889154434204,overwrite
nonstationary,full_resample,greedy,10024,71.795166015625,0.44,28.139473915100098,overwrite
nonstationary,full_resample,greedy,10025,85.453125,0.18,29.35756206512451,overwrite
nonstationary,full_resample,greedy,10026,92.01103210449219,0.52,24.380236625671387,overwrite
nonstationary,full_resample,greedy,10027,81.71228790283203,0.35333333333333333,26.50383710861206,overwrite
nonstationary,full_resample,greedy,10028,58.846282958984375,0.0,46.697914600372314,overwrite
nonstationary,full_resample,greedy,10029,75.43441772460938,0.15333333333333332,33.7274603843689,overwrite
nonstationary,full_resample,greedy,10030,75.83085632324219,0.14666666666666667,32.604111671447754,overwrite
nonstationary,full_resample,greedy,10031,81.83346557617188,0.5,35.25465440750122,overwrite
nonstationary,full_resample,greedy,10032,79.13008117675781,0.28,28.83417558670044,overwrite
nonstationary,full_resample,greedy,10033,64.22843933105469,0.2,56.80854415893555,overwrite
nonstationary,full_resample,greedy,10034,82.19253540039062,0.21333333333333335,33.93155765533447,overwrite
nonstationary,full_resample,greedy,10035,72.99522399902344,0.08,40.35076713562012,overwrite
nonstationary,full_resample,greedy,10036,83.13690948486328,0.32666666666666666,37.510066986083984,overwrite
nonstationary,full_resample,greedy,10037,80.77803039550781,0.22666666666666666,22.27660608291626,overwrite
nonstationary,full_resample,greedy,10038,78.35232543945312,0.4,30.143095016479492,overwrite
nonstationary,full_resample,greedy,10039,48.98419952392578,0.04666666666666667,56.02363395690918,overwrite
nonstationary,full_resample,greedy,10040,79.77976989746094,0.4266666666666667,38.51193618774414,overwrite
nonstationary,full_resample,greedy,10041,80.9657211303711,0.3333333333333333,30.207729816436768,overwrite
nonstationary,full_resample,greedy,10042,83.27940368652344,0.36666666666666664,26.411715984344482,overwrite
nonstationary,full_resample,greedy,10043,84.14598083496094,0.32666666666666666,28.246960163116455,overwrite
nonstationary,full_resample,greedy,10044,63.750205993652344,0.08666666666666667,48.63998603820801,overwrite
nonstationary,full_resample,greedy,10045,84.46977233886719,0.36,27.91442632675171,overwrite
nonstationary,full_resample,greedy,10046,74.23503112792969,0.3,39.47458839416504,overwrite
nonstationary,full_resample,greedy,10047,70.73445129394531,0.2,40.37809181213379,overwrite
nonstationary,full_resample,greedy,10048,60.06009292602539,0.16666666666666666,54.33975887298584,overwrite
nonstationary,full_resample,random,9999,70.05915832519531,0.24666666666666667,34.507593631744385,overwrite
nonstationary,full_resample,random,10000,78.24070739746094,0.34,37.14071083068848,overwrite
nonstationary,full_resample,random,10001,77.61551666259766,0.3,33.05622720718384,overwrite
nonstationary,full_resample,random,10002,88.92536926269531,0.3466666666666667,32.01460552215576,overwrite
nonstationary,full_resample,random,10003,81.62101745605469,0.3,41.011155128479004,overwrite
nonstationary,full_resample,random,10004,73.54529571533203,0.2733333333333333,41.165223598480225,overwrite
nonstationary,full_resample,random,10005,75.29116821289062,0.28,36.97682523727417,overwrite
nonstationary,full_resample,random,10006,80.03022003173828,0.3466666666666667,32.740647315979004,overwrite
nonstationary,full_resample,random,10007,74.66410827636719,0.23333333333333334,40.92898607254028,overwrite
nonstationary,full_resample,random,10008,67.6650390625,0.28,38.16127586364746,overwrite
nonstationary,full_resample,random,10009,82.29975891113281,0.22666666666666666,37.607547760009766,overwrite
nonstationary,full_resample,random,10010,68.29801940917969,0.18666666666666668,42.33080863952637,overwrite
nonstationary,full_resample,random,10011,74.640869140625,0.26,29.705348014831543,overwrite
nonstationary,full_resample,random,10012,79.69099426269531,0.31333333333333335,44.2428035736084,overwrite
nonstationary,full_resample,random,10013,71.81755065917969,0.24,29.158665657043457,overwrite
nonstationary,full_resample,random,10014,77.01606750488281,0.31333333333333335,42.29592800140381,overwrite
nonstationary,full_resample,random,10015,76.26206970214844,0.17333333333333334,34.850711822509766,overwrite
nonstationary,full_resample,random,10016,67.99583435058594,0.26666666666666666,32.44292402267456,overwrite
nonstationary,full_resample,random,10017,69.14076232910156,0.26,38.1890606880188,overwrite
nonstationary,full_resample,random,10018,80.2412109375,0.23333333333333334,38.33088445663452,overwrite
nonstationary,full_resample,random,10019,80.03764343261719,0.26666666666666666,31.61535930633545,overwrite
nonstationary,full_resample,random,10020,74.76380920410156,0.22,34.526023864746094,overwrite
nonstationary,full_resample,random,10021,70.03770446777344,0.24,33.24709701538086,overwrite
nonstationary,full_resample,random,10022,71.67967987060547,0.23333333333333334,37.782209396362305,overwrite
nonstationary,full_resample,random,10023,73.34811401367188,0.24666666666666667,39.11135292053223,overwrite
nonstationary,full_resample,random,10024,73.727294921875,0.26666666666666666,28.208383560180664,overwrite
nonstationary,full_resample,random,10025,81.21240234375,0.24,35.66998767852783,overwrite
nonstationary,full_resample,random,10026,77.8819580078125,0.18666666666666668,40.34023332595825,overwrite
nonstationary,full_resample,random,10027,75.80138397216797,0.22666666666666666,32.425065994262695,overwrite
nonstationary,full_resample,random,10028,73.25849914550781,0.30666666666666664,37.53590631484985,overwrite
nonstationary,full_resample,random,10029,80.86925506591797,0.25333333333333335,32.3594331741333,overwrite
nonstationary,full_resample,random,10030,74.11820983886719,0.23333333333333334,36.37088394165039,overwrite
nonstationary,full_resample,random,10031,78.19376373291016,0.28,39.98523998260498,overwrite
nonstationary,full_resample,random,10032,71.5904541015625,0.23333333333333334,35.667359828948975,overwrite
nonstationary,full_resample,random,10033,78.53898620605469,0.26666666666666666,39.81541347503662,overwrite
nonstationary,full_resample,random,10034,78.67069244384766,0.19333333333333333,35.705968379974365,overwrite
nonstationary,full_resample,random,10035,80.12625122070312,0.32666666666666666,30.787052631378174,overwrite
nonstationary,full_resample,random,10036,84.22847747802734,0.32,36.63435506820679,overwrite
nonstationary,full_resample,random,10037,83.02230834960938,0.22666666666666666,21.320595741271973,overwrite
nonstationary,full_resample,random,10038,69.8502197265625,0.16666666666666666,39.68150806427002,overwrite
nonstationary,full_resample,random,10039,66.41529846191406,0.22666666666666666,40.73068380355835,overwrite
nonstationary,full_resample,random,10040,76.62024688720703,0.26,43.05698871612549,overwrite
nonstationary,full_resample,random,10041,68.79058837890625,0.19333333333333333,38.72688817977905,overwrite
nonstationary,full_resample,random,10042,73.68577575683594,0.26,36.34221315383911,overwrite
nonstationary,full_resample,random,10043,70.54017639160156,0.22,41.383299827575684,overwrite
nonstationary,full_resample,random,10044,75.44568634033203,0.2866666666666667,37.230478286743164,overwrite
nonstationary,full_resample,random,10045,77.28959655761719,0.2866666666666667,33.734267711639404,overwrite
nonstationary,full_resample,random,10046,75.54495239257812,0.28,39.98438596725464,overwrite
nonstationary,full_resample,random,10047,75.22473907470703,0.26,35.34360456466675,overwrite
nonstationary,full_resample,random,10048,74.56136322021484,0.22666666666666666,39.15616464614868,overwrite
nonstationary,full_resample,optimal_frozen,9999,73.89009094238281,0.38666666666666666,29.604138374328613,overwrite
nonstationary,full_resample,optimal_frozen,10000,78.98881530761719,0.43333333333333335,39.44704580307007,overwrite
nonstationary,full_resample,optimal_frozen,10001,84.27061462402344,0.5866666666666667,26.9065523147583,overwrite
nonstationary,full_resample,optimal_frozen,10002,87.91549682617188,0.37333333333333335,33.69837236404419,overwrite
nonstationary,full_resample,optimal_frozen,10003,78.58001708984375,0.5066666666666667,41.39467430114746,overwrite
nonstationary,full_resample,optimal_frozen,10004,88.17530822753906,0.64,24.412718772888184,overwrite
nonstationary,full_resample,optimal_frozen,10005,88.5792465209961,0.3933333333333333,21.58374309539795,overwrite
nonstationary,full_resample,optimal_frozen,10006,92.74693298339844,0.7,16.210079193115234,overwrite
nonstationary,full_resample,optimal_frozen,10007,90.0941162109375,0.5266666666666666,22.80059289932251,overwrite
nonstationary,full_resample,optimal_frozen,10008,70.49684143066406,0.37333333333333335,35.15536975860596,overwrite
nonstationary,full_resample,optimal_frozen,10009,79.46984100341797,0.3333333333333333,39.93155097961426,overwrite
nonstationary,full_resample,optimal_frozen,10010,79.52247619628906,0.43333333333333335,34.5290961265564,overwrite
nonstationary,full_resample,optimal_frozen,10011,78.41618347167969,0.41333333333333333,28.807883262634277,overwrite
nonstationary,full_resample,optimal_frozen,10012,92.05335998535156,0.5533333333333333,33.09619903564453,overwrite
nonstationary,full_resample,optimal_frozen,10013,89.13505554199219,0.41333333333333333,13.21206521987915,overwrite
nonstationary,full_resample,optimal_frozen,10014,84.78636169433594,0.4266666666666667,33.64244985580444,overwrite
nonstationary,full_resample,optimal_frozen,10015,102.10934448242188,0.6933333333333334,11.356330871582031,overwrite
nonstationary,full_resample,optimal_frozen,10016,76.23358154296875,0.3933333333333333,22.354247570037842,overwrite
nonstationary,full_resample,optimal_frozen,10017,72.7720947265625,0.3333333333333333,34.67473554611206,overwrite
nonstationary,full_resample,optimal_frozen,10018,102.27137756347656,0.5533333333333333,14.262259006500244,overwrite
nonstationary,full_resample,optimal_frozen,10019,94.71804809570312,0.48,17.64675283432007,overwrite
nonstationary,full_resample,optimal_frozen,10020,71.17400360107422,0.3333333333333333,37.27294969558716,overwrite
nonstationary,full_resample,optimal_frozen,10021,82.85475158691406,0.56,22.85468864440918,overwrite
nonstationary,full_resample,optimal_frozen,10022,79.56818389892578,0.46,29.292940616607666,overwrite
nonstationary,full_resample,optimal_frozen,10023,86.43070220947266,0.5133333333333333,27.429506301879883,overwrite
nonstationary,full_resample,optimal_frozen,10024,86.86865234375,0.6266666666666667,12.551800727844238,overwrite
nonstationary,full_resample,optimal_frozen,10025,93.65158081054688,0.58,20.040131092071533,overwrite
nonstationary,full_resample,optimal_frozen,10026,79.17301940917969,0.3333333333333333,36.332672119140625,overwrite
nonstationary,full_resample,optimal_frozen,10027,88.87257385253906,0.5933333333333334,18.46547842025757,overwrite
nonstationary,full_resample,optimal_frozen,10028,94.27610778808594,0.48,17.15625524520874,overwrite
nonstationary,full_resample,optimal_frozen,10029,91.32344055175781,0.49333333333333335,17.937740325927734,overwrite
nonstationary,full_resample,optimal_frozen,10030,77.678466796875,0.3933333333333333,37.84208297729492,overwrite
nonstationary,full_resample,optimal_frozen,10031,106.82830810546875,0.7333333333333333,10.895256042480469,overwrite
nonstationary,full_resample,optimal_frozen,10032,91.18790435791016,0.6466666666666666,14.335987567901611,overwrite
nonstationary,full_resample,optimal_frozen,10033,83.82232666015625,0.4533333333333333,33.323904514312744,overwrite
nonstationary,full_resample,optimal_frozen,10034,88.82876586914062,0.42,27.471089839935303,overwrite
nonstationary,full_resample,optimal_frozen,10035,85.83612060546875,0.3333333333333333,26.13216495513916,overwrite
nonstationary,full_resample,optimal_frozen,10036,68.76514434814453,0.36,46.694947242736816,overwrite
nonstationary,full_resample,optimal_frozen,10037,93.08213806152344,0.5733333333333334,10.024831771850586,overwrite
nonstationary,full_resample,optimal_frozen,10038,80.49378204345703,0.44,28.446752548217773,overwrite
nonstationary,full_resample,optimal_frozen,10039,77.55485534667969,0.4066666666666667,28.709566116333008,overwrite
nonstationary,full_resample,optimal_frozen,10040,99.1648178100586,0.66,17.090216159820557,overwrite
nonstationary,full_resample,optimal_frozen,10041,71.5065689086914,0.3333333333333333,39.40828037261963,overwrite
nonstationary,full_resample,optimal_frozen,10042,83.0176773071289,0.3333333333333333,30.28662919998169,overwrite
nonstationary,full_resample,optimal_frozen,10043,91.37089538574219,0.42,18.445175170898438,overwrite
nonstationary,full_resample,optimal_frozen,10044,87.43531799316406,0.5,25.236076831817627,overwrite
nonstationary,full_resample,optimal_frozen,10045,101.13182067871094,0.76,11.141340255737305,overwrite
nonstationary,full_resample,optimal_frozen,10046,85.72544860839844,0.38,29.0724515914917,overwrite
nonstationary,full_resample,optimal_frozen,10047,85.99972534179688,0.48,24.337707042694092,overwrite
nonstationary,full_resample,optimal_frozen,10048,84.51876068115234,0.3333333333333333,30.022226810455322,overwrite
nonstationary,contrast_permute,tf_legacy,9999,71.14999389648438,0.44666666666666666,78.84999465942383,overwrite
nonstationary,contrast_permute,tf_legacy,10000,40.74999237060547,0.23333333333333334,109.24997806549072,overwrite
nonstationary,contrast_permute,tf_legacy,10001,56.900001525878906,0.3466666666666667,93.10001468658447,overwrite
nonstationary,contrast_permute,tf_legacy,10002,25.549999237060547,0.12666666666666668,124.44997501373291,overwrite
nonstationary,contrast_permute,tf_legacy,10003,43.599998474121094,0.25333333333333335,106.39999485015869,overwrite
nonstationary,contrast_permute,tf_legacy,10004,49.29999542236328,0.29333333333333333,100.70004653930664,overwrite
nonstationary,contrast_permute,tf_legacy,10005,23.64999771118164,0.11333333333333333,126.35000324249268,overwrite
nonstationary,contrast_permute,tf_legacy,10006,53.099998474121094,0.32,96.89998054504395,overwrite
nonstationary,contrast_permute,tf_legacy,10007,62.599998474121094,0.38666666666666666,87.39998245239258,overwrite
nonstationary,contrast_permute,tf_legacy,10008,42.649993896484375,0.24666666666666667,107.3500280380249,overwrite
nonstationary,contrast_permute,tf_legacy,10009,46.44999694824219,0.2733333333333333,103.5499792098999,overwrite
nonstationary,contrast_permute,tf_legacy,10010,49.29999542236328,0.29333333333333333,100.69999504089355,overwrite
nonstationary,contrast_permute,tf_legacy,10011,39.79999923706055,0.22666666666666666,110.20003414154053,overwrite
nonstationary,contrast_permute,tf_legacy,10012,45.499996185302734,0.26666666666666666,104.49997901916504,overwrite
nonstationary,contrast_permute,tf_legacy,10013,23.64999771118164,0.11333333333333333,126.34997463226318,overwrite
nonstationary,contrast_permute,tf_legacy,10014,39.799991607666016,0.22666666666666666,110.19999599456787,overwrite
nonstationary,contrast_permute,tf_legacy,10015,39.79999923706055,0.22666666666666666,110.20000171661377,overwrite
nonstationary,contrast_permute,tf_legacy,10016,80.64999389648438,0.5133333333333333,69.34998607635498,overwrite
nonstationary,contrast_permute,tf_legacy,10017,48.349998474121094,0.2866666666666667,101.64997959136963,overwrite
nonstationary,contrast_permute,tf_legacy,10018,49.29999542236328,0.29333333333333333,100.7000322341919,overwrite
nonstationary,contrast_permute,tf_legacy,10019,44.54999923706055,0.26,105.44998359680176,overwrite
nonstationary,contrast_permute,tf_legacy,10020,53.09999465942383,0.32,96.89998054504395,overwrite
nonstationary,contrast_permute,tf_legacy,10021,54.04999542236328,0.32666666666666666,95.94998073577881,overwrite
nonstationary,contrast_permute,tf_legacy,10022,48.34999465942383,0.2866666666666667,101.65003108978271,overwrite
nonstationary,contrast_permute,tf_legacy,10023,62.599998474121094,0.38666666666666666,87.39998245239258,overwrite
nonstationary,contrast_permute,tf_legacy,10024,36.94999313354492,0.20666666666666667,113.04997730255127,overwrite
nonstationary,contrast_permute,tf_legacy,10025,36.949989318847656,0.20666666666666667,113.04997730255127,overwrite
nonstationary,contrast_permute,tf_legacy,10026,67.3499984741211,0.42,82.65000247955322,overwrite
nonstationary,contrast_permute,tf_legacy,10027,73.04998779296875,0.46,76.95003890991211,overwrite
nonstationary,contrast_permute,tf_legacy,10028,43.599998474121094,0.25333333333333335,106.39997863769531,overwrite
nonstationary,contrast_permute,tf_legacy,10029,53.09999084472656,0.32,96.89998054504395,overwrite
nonstationary,contrast_permute,tf_legacy,10030,52.149993896484375,0.31333333333333335,97.85001564025879,overwrite
nonstationary,contrast_permute,tf_legacy,10031,61.64999771118164,0.38,88.34998226165771,overwrite
nonstationary,contrast_permute,tf_legacy,10032,40.749996185302734,0.23333333333333334,109.24997806549072,overwrite
nonstationary,contrast_permute,tf_legacy,10033,33.149993896484375,0.18,116.84999370574951,overwrite
nonstationary,contrast_permute,tf_legacy,10034,30.299999237060547,0.16,119.70001888275146,overwrite
nonstationary,contrast_permute,tf_legacy,10035,40.749996185302734,0.23333333333333334,109.2499828338623,overwrite
nonstationary,contrast_permute,tf_legacy,10036,29.349998474121094,0.15333333333333332,120.64999198913574,overwrite
nonstationary,contrast_permute,tf_legacy,10037,61.649993896484375,0.38,88.34998226165771,overwrite
nonstationary,contrast_permute,tf_legacy,10038,41.70000076293945,0.24,108.29998970031738,overwrite
nonstationary,contrast_permute,tf_legacy,10039,41.69999694824219,0.24,108.29997825622559,overwrite
nonstationary,contrast_permute,tf_legacy,10040,42.649993896484375,0.24666666666666667,107.3499870300293,overwrite
nonstationary,contrast_permute,tf_legacy,10041,50.24999237060547,0.3,99.75007343292236,overwrite
nonstationary,contrast_permute,tf_legacy,10042,54.999996185302734,0.3333333333333333,94.99998092651367,overwrite
nonstationary,contrast_permute,tf_legacy,10043,51.19999694824219,0.30666666666666664,98.79998016357422,overwrite
nonstationary,contrast_permute,tf_legacy,10044,36.0,0.2,113.9999771118164,overwrite
nonstationary,contrast_permute,tf_legacy,10045,32.19999694824219,0.17333333333333334,117.79997730255127,overwrite
nonstationary,contrast_permute,tf_legacy,10046,42.649993896484375,0.24666666666666667,107.35001277923584,overwrite
nonstationary,contrast_permute,tf_legacy,10047,87.30000305175781,0.56,62.69998741149902,overwrite
nonstationary,contrast_permute,tf_legacy,10048,49.29999542236328,0.29333333333333333,100.69997978210449,overwrite
nonstationary,contrast_permute,tf_self,9999,31.249998092651367,0.16666666666666666,118.75000095367432,overwrite
nonstationary,contrast_permute,tf_self,10000,13.199999809265137,0.04,136.7999725341797,overwrite
nonstationary,contrast_permute,tf_self,10001,29.349994659423828,0.15333333333333332,120.65000438690186,overwrite
nonstationary,contrast_permute,tf_self,10002,39.79999542236328,0.22666666666666666,110.19997787475586,overwrite
nonstationary,contrast_permute,tf_self,10003,32.19999694824219,0.17333333333333334,117.7999906539917,overwrite
nonstationary,contrast_permute,tf_self,10004,53.099998474121094,0.32,96.90007305145264,overwrite
nonstationary,contrast_permute,tf_self,10005,39.79999542236328,0.22666666666666666,110.20000171661377,overwrite
nonstationary,contrast_permute,tf_self,10006,21.749998092651367,0.1,128.24997425079346,overwrite
nonstationary,contrast_permute,tf_self,10007,46.44999694824219,0.2733333333333333,103.5499792098999,overwrite
nonstationary,contrast_permute,tf_self,10008,44.54999542236328,0.26,105.45003604888916,overwrite
nonstationary,contrast_permute,tf_self,10009,26.5,0.13333333333333333,123.49997520446777,overwrite
nonstationary,contrast_permute,tf_self,10010,52.149993896484375,0.31333333333333335,97.84999752044678,overwrite
nonstationary,contrast_permute,tf_self,10011,50.24999237060547,0.3,99.75004863739014,overwrite
nonstationary,contrast_permute,tf_self,10012,33.14999771118164,0.18,116.84997653961182,overwrite
nonstationary,contrast_permute,tf_self,10013,26.5,0.13333333333333333,123.49997520446777,overwrite
nonstationary,contrast_permute,tf_self,10014,59.75,0.36666666666666664,90.24999141693115,overwrite
nonstationary,contrast_permute,tf_self,10015,72.0999984741211,0.4533333333333333,77.90000247955322,overwrite
nonstationary,contrast_permute,tf_self,10016,65.44999694824219,0.4066666666666667,84.54998302459717,overwrite
nonstationary,contrast_permute,tf_self,10017,47.399993896484375,0.28,102.59997940063477,overwrite
nonstationary,contrast_permute,tf_self,10018,30.299997329711914,0.16,119.70005798339844,overwrite
nonstationary,contrast_permute,tf_self,10019,83.5,0.5333333333333333,66.49998664855957,overwrite
nonstationary,contrast_permute,tf_self,10020,22.700000762939453,0.10666666666666667,127.29997444152832,overwrite
nonstationary,contrast_permute,tf_self,10021,27.450000762939453,0.14,122.54997539520264,overwrite
nonstationary,contrast_permute,tf_self,10022,41.69999313354492,0.24,108.30001640319824,overwrite
nonstationary,contrast_permute,tf_self,10023,67.3499984741211,0.42,82.6499834060669,overwrite
nonstationary,contrast_permute,tf_self,10024,35.04999542236328,0.19333333333333333,114.94997692108154,overwrite
nonstationary,contrast_permute,tf_self,10025,52.149993896484375,0.31333333333333335,97.84998035430908,overwrite
nonstationary,contrast_permute,tf_self,10026,26.499998092651367,0.13333333333333333,123.50001335144043,overwrite
nonstationary,contrast_permute,tf_self,10027,38.849998474121094,0.22,111.15003681182861,overwrite
nonstationary,contrast_permute,tf_self,10028,52.14999771118164,0.31333333333333335,97.84998035430908,overwrite
nonstationary,contrast_permute,tf_self,10029,33.149993896484375,0.18,116.84997653961182,overwrite
nonstationary,contrast_permute,tf_self,10030,37.899993896484375,0.21333333333333335,112.09998989105225,overwrite
nonstationary,contrast_permute,tf_self,10031,28.39999771118164,0.14666666666666667,121.5999755859375,overwrite
nonstationary,contrast_permute,tf_self,10032,33.149993896484375,0.18,116.84997653961182,overwrite
nonstationary,contrast_permute,tf_self,10033,36.94999694824219,0.20666666666666667,113.04999542236328,overwrite
nonstationary,contrast_permute,tf_self,10034,37.899993896484375,0.21333333333333335,112.10002136230469,overwrite
nonstationary,contrast_permute,tf_self,10035,27.44999885559082,0.14,122.54999446868896,overwrite
nonstationary,contrast_permute,tf_self,10036,16.049999237060547,0.06,133.94998741149902,overwrite
nonstationary,contrast_permute,tf_self,10037,65.44999694824219,0.4066666666666667,84.54998302459717,overwrite
nonstationary,contrast_permute,tf_self,10038,54.99999237060547,0.3333333333333333,94.99998092651367,overwrite
nonstationary,contrast_permute,tf_self,10039,29.349994659423828,0.15333333333333332,120.64997577667236,overwrite
nonstationary,contrast_permute,tf_self,10040,48.349998474121094,0.2866666666666667,101.64998817443848,overwrite
nonstationary,contrast_permute,tf_self,10041,44.55000305175781,0.26,105.45005702972412,overwrite
nonstationary,contrast_permute,tf_self,10042,61.64999771118164,0.38,88.34998226165771,overwrite
nonstationary,contrast_permute,tf_self,10043,20.799999237060547,0.09333333333333334,129.19998359680176,overwrite
nonstationary,contrast_permute,tf_self,10044,46.44999313354492,0.2733333333333333,103.5499792098999,overwrite
nonstationary,contrast_permute,tf_self,10045,49.29999923706055,0.29333333333333333,100.69998931884766,overwrite
nonstationary,contrast_permute,tf_self,10046,37.899993896484375,0.21333333333333335,112.10000991821289,overwrite
nonstationary,contrast_permute,tf_self,10047,79.69999694824219,0.5066666666666667,70.29998588562012,overwrite
nonstationary,contrast_permute,tf_self,10048,38.84999465942383,0.22,111.149977684021,overwrite
nonstationary,contrast_permute,optimal,9999,150.0,1.0,0.0,overwrite
nonstationary,contrast_permute,optimal,10000,150.0,1.0,0.0,overwrite
nonstationary,contrast_permute,optimal,10001,150.0,1.0,0.0,overwrite
nonstationary,contrast_permute,optimal,10002,150.0,1.0,0.0,overwrite
nonstationary,contrast_permute,optimal,10003,150.0,1.0,0.0,overwrite
nonstationary,contrast_permute,optimal,10004,150.0,1.0,0.0,overwrite
nonstationary,contrast_permute,optimal,10005,150.0,1.0,0.0,overwrite
nonstationary,contrast_permute,optimal,10006,150.0,1.0,0.0,overwrite
nonstationary,contrast_permute,optimal,10007,150.0,1.0,0.0,overwrite
nonstationary,contrast_permute,optimal,10008,150.0,1.0,0.0,overwrite
nonstationary,contrast_permute,optimal,10009,150.0,1.0,0.0,overwrite
nonstationary,contrast_permute,optimal,10010,150.0,1.0,0.0,overwrite
nonstationary,contrast_permute,optimal,10011,150.0,1.0,0.0,overwrite
nonstationary,contrast_permute,optimal,10012,150.0,1.0,0.0,overwrite
nonstationary,contrast_permute,optimal,10013,150.0,1.0,0.0,overwrite
nonstationary,contrast_permute,optimal,10014,150.0,1.0,0.0,overwrite
nonstationary,contrast_permute,optimal,10015,150.0,1.0,0.0,overwrite
nonstationary,contrast_permute,optimal,10016,150.0,1.0,0.0,overwrite
nonstationary,contrast_permute,optimal,10017,150.0,1.0,0.0,overwrite
nonstationary,contrast_permute,optimal,10018,150.0,1.0,0.0,overwrite
nonstationary,contrast_permute,optimal,10019,150.0,1.0,0.0,overwrite
nonstationary,contrast_permute,optimal,10020,150.0,1.0,0.0,overwrite
nonstationary,contrast_permute,optimal,10021,150.0,1.0,0.0,overwrite
nonstationary,contrast_permute,optimal,10022,150.0,1.0,0.0,overwrite
nonstationary,contrast_permute,optimal,10023,150.0,1.0,0.0,overwrite
nonstationary,contrast_permute,optimal,10024,150.0,1.0,0.0,overwrite
nonstationary,contrast_permute,optimal,10025,150.0,1.0,0.0,overwrite
nonstationary,contrast_permute,optimal,10026,150.0,1.0,0.0,overwrite
nonstationary,contrast_permute,optimal,10027,150.0,1.0,0.0,overwrite
nonstationary,contrast_permute,optimal,10028,150.0,1.0,0.0,overwrite
nonstationary,contrast_permute,optimal,10029,150.0,1.0,0.0,overwrite
nonstationary,contrast_permute,optimal,10030,150.0,1.0,0.0,overwrite
nonstationary,contrast_permute,optimal,10031,150.0,1.0,0.0,overwrite
nonstationary,contrast_permute,optimal,10032,150.0,1.0,0.0,overwrite
nonstationary,contrast_permute,optimal,10033,150.0,1.0,0.0,overwrite
nonstationary,contrast_permute,optimal,10034,150.0,1.0,0.0,overwrite
nonstationary,contrast_permute,optimal,10035,150.0,1.0,0.0,overwrite
nonstationary,contrast_permute,optimal,10036,150.0,1.0,0.0,overwrite
nonstationary,contrast_permute,optimal,10037,150.0,1.0,0.0,overwrite
nonstationary,contrast_permute,optimal,10038,150.0,1.0,0.0,overwrite
nonstationary,contrast_permute,optimal,10039,150.0,1.0,0.0,overwrite
nonstationary,contrast_permute,optimal,10040,150.0,1.0,0.0,overwrite
nonstationary,contrast_permute,optimal,10041,150.0,1.0,0.0,overwrite
nonstationary,contrast_permute,optimal,10042,150.0,1.0,0.0,overwrite
nonstationary,contrast_permute,optimal,10043,150.0,1.0,0.0,overwrite
nonstationary,contrast_permute,optimal,10044,150.0,1.0,0.0,overwrite
nonstationary,contrast_permute,optimal,10045,150.0,1.0,0.0,overwrite
nonstationary,contrast_permute,optimal,10046,150.0,1.0,0.0,overwrite
nonstationary,contrast_permute,optimal,10047,150.0,1.0,0.0,overwrite
nonstationary,contrast_permute,optimal,10048,150.0,1.0,0.0,overwrite
nonstationary,contrast_permute,epsgreedy,9999,49.29999923706055,0.29333333333333333,100.70000648498535,overwrite
nonstationary,contrast_permute,epsgreedy,10000,53.09999465942383,0.32,96.89998054504395,overwrite
nonstationary,contrast_permute,epsgreedy,10001,66.39999389648438,0.41333333333333333,83.60000801086426,overwrite
nonstationary,contrast_permute,epsgreedy,10002,70.19999694824219,0.44,79.79998397827148,overwrite
nonstationary,contrast_permute,epsgreedy,10003,22.700000762939453,0.10666666666666667,127.29998874664307,overwrite
nonstationary,contrast_permute,epsgreedy,10004,48.34999465942383,0.2866666666666667,101.65006446838379,overwrite
nonstationary,contrast_permute,epsgreedy,10005,47.399993896484375,0.28,102.60000896453857,overwrite
nonstationary,contrast_permute,epsgreedy,10006,51.19999694824219,0.30666666666666664,98.79998016357422,overwrite
nonstationary,contrast_permute,epsgreedy,10007,49.29999542236328,0.29333333333333333,100.69997978210449,overwrite
nonstationary,contrast_permute,epsgreedy,10008,63.54999923706055,0.3933333333333333,86.45003318786621,overwrite
nonstationary,contrast_permute,epsgreedy,10009,71.14999389648438,0.44666666666666666,78.84998416900635,overwrite
nonstationary,contrast_permute,epsgreedy,10010,40.74999237060547,0.23333333333333334,109.24999237060547,overwrite
nonstationary,contrast_permute,epsgreedy,10011,58.79999542236328,0.36,91.20003318786621,overwrite
nonstationary,contrast_permute,epsgreedy,10012,59.74999237060547,0.36666666666666664,90.24998188018799,overwrite
nonstationary,contrast_permute,epsgreedy,10013,45.49999237060547,0.26666666666666666,104.49997901916504,overwrite
nonstationary,contrast_permute,epsgreedy,10014,53.099998474121094,0.32,96.89999580383301,overwrite
nonstationary,contrast_permute,epsgreedy,10015,74.0,0.4666666666666667,76.00001430511475,overwrite
nonstationary,contrast_permute,epsgreedy,10016,84.44999694824219,0.54,65.54998683929443,overwrite
nonstationary,contrast_permute,epsgreedy,10017,42.649993896484375,0.24666666666666667,107.34997844696045,overwrite
nonstationary,contrast_permute,epsgreedy,10018,63.54999542236328,0.3933333333333333,86.45004272460938,overwrite
nonstationary,contrast_permute,epsgreedy,10019,84.44999694824219,0.54,65.54998874664307,overwrite
nonstationary,contrast_permute,epsgreedy,10020,48.34999465942383,0.2866666666666667,101.64997959136963,overwrite
nonstationary,contrast_permute,epsgreedy,10021,69.25,0.43333333333333335,80.74998378753662,overwrite
nonstationary,contrast_permute,epsgreedy,10022,35.04999923706055,0.19333333333333333,114.95002174377441,overwrite
nonstationary,contrast_permute,epsgreedy,10023,55.94999694824219,0.34,94.04998111724854,overwrite
nonstationary,contrast_permute,epsgreedy,10024,37.899993896484375,0.21333333333333335,112.09997749328613,overwrite
nonstationary,contrast_permute,epsgreedy,10025,60.69999694824219,0.37333333333333335,89.29998207092285,overwrite
nonstationary,contrast_permute,epsgreedy,10026,70.19999694824219,0.44,79.8000020980835,overwrite
nonstationary,contrast_permute,epsgreedy,10027,53.09999465942383,0.32,96.90004920959473,overwrite
nonstationary,contrast_permute,epsgreedy,10028,52.149993896484375,0.31333333333333335,97.84998035430908,overwrite
nonstationary,contrast_permute,epsgreedy,10029,45.500003814697266,0.26666666666666666,104.49997901916504,overwrite
nonstationary,contrast_permute,epsgreedy,10030,65.44999694824219,0.4066666666666667,84.55000305175781,overwrite
nonstationary,contrast_permute,epsgreedy,10031,59.75,0.36666666666666664,90.24998188018799,overwrite
nonstationary,contrast_permute,epsgreedy,10032,25.549997329711914,0.12666666666666668,124.44997501373291,overwrite
nonstationary,contrast_permute,epsgreedy,10033,41.69999694824219,0.24,108.29999446868896,overwrite
nonstationary,contrast_permute,epsgreedy,10034,69.25,0.43333333333333335,80.75000858306885,overwrite
nonstationary,contrast_permute,epsgreedy,10035,46.44999694824219,0.2733333333333333,103.5499792098999,overwrite
nonstationary,contrast_permute,epsgreedy,10036,73.05000305175781,0.46,76.94999980926514,overwrite
nonstationary,contrast_permute,epsgreedy,10037,46.44999313354492,0.2733333333333333,103.5499792098999,overwrite
nonstationary,contrast_permute,epsgreedy,10038,52.149993896484375,0.31333333333333335,97.84998035430908,overwrite
nonstationary,contrast_permute,epsgreedy,10039,61.649993896484375,0.38,88.34998226165771,overwrite
nonstationary,contrast_permute,epsgreedy,10040,61.64999771118164,0.38,88.3499927520752,overwrite
nonstationary,contrast_permute,epsgreedy,10041,43.59999084472656,0.25333333333333335,106.40006256103516,overwrite
nonstationary,contrast_permute,epsgreedy,10042,60.69999694824219,0.37333333333333335,89.29998207092285,overwrite
nonstationary,contrast_permute,epsgreedy,10043,40.749996185302734,0.23333333333333334,109.24998188018799,overwrite
nonstationary,contrast_permute,epsgreedy,10044,36.0,0.2,113.9999771118164,overwrite
nonstationary,contrast_permute,epsgreedy,10045,40.749996185302734,0.23333333333333334,109.24997806549072,overwrite
nonstationary,contrast_permute,epsgreedy,10046,49.29999542236328,0.29333333333333333,100.70002365112305,overwrite
nonstationary,contrast_permute,epsgreedy,10047,63.54999542236328,0.3933333333333333,86.44998264312744,overwrite
nonstationary,contrast_permute,epsgreedy,10048,63.54999542236328,0.3933333333333333,86.44998264312744,overwrite
nonstationary,contrast_permute,greedy,9999,29.349998474121094,0.15333333333333332,120.6500129699707,overwrite
nonstationary,contrast_permute,greedy,10000,40.75,0.23333333333333334,109.24997806549072,overwrite
nonstationary,contrast_permute,greedy,10001,70.19999694824219,0.44,79.8000135421753,overwrite
nonstationary,contrast_permute,greedy,10002,74.94999694824219,0.47333333333333333,75.0499849319458,overwrite
nonstationary,contrast_permute,greedy,10003,53.099998474121094,0.32,96.89998626708984,overwrite
nonstationary,contrast_permute,greedy,10004,7.500000476837158,0.0,142.5000696182251,overwrite
nonstationary,contrast_permute,greedy,10005,57.849998474121094,0.35333333333333333,92.15000438690186,overwrite
nonstationary,contrast_permute,greedy,10006,52.149993896484375,0.31333333333333335,97.84998035430908,overwrite
nonstationary,contrast_permute,greedy,10007,31.25,0.16666666666666666,118.74997615814209,overwrite
nonstationary,contrast_permute,greedy,10008,58.79999923706055,0.36,91.2000322341919,overwrite
nonstationary,contrast_permute,greedy,10009,34.09999465942383,0.18666666666666668,115.89997673034668,overwrite
nonstationary,contrast_permute,greedy,10010,21.75,0.1,128.24998378753662,overwrite
nonstationary,contrast_permute,greedy,10011,26.499998092651367,0.13333333333333333,123.50005626678467,overwrite
nonstationary,contrast_permute,greedy,10012,42.64999771118164,0.24666666666666667,107.34997844696045,overwrite
nonstationary,contrast_permute,greedy,10013,85.4000015258789,0.5466666666666666,64.5999870300293,overwrite
nonstationary,contrast_permute,greedy,10014,52.150001525878906,0.31333333333333335,97.84999942779541,overwrite
nonstationary,contrast_permute,greedy,10015,87.30000305175781,0.56,62.70000457763672,overwrite
nonstationary,contrast_permute,greedy,10016,72.09999084472656,0.4533333333333333,77.89998435974121,overwrite
nonstationary,contrast_permute,greedy,10017,22.69999885559082,0.10666666666666667,127.29997444152832,overwrite
nonstationary,contrast_permute,greedy,10018,37.899993896484375,0.21333333333333335,112.10002422332764,overwrite
nonstationary,contrast_permute,greedy,10019,79.69999694824219,0.5066666666666667,70.29998588562012,overwrite
nonstationary,contrast_permute,greedy,10020,26.5,0.13333333333333333,123.49997520446777,overwrite
nonstationary,contrast_permute,greedy,10021,55.0,0.3333333333333333,94.99998092651367,overwrite
nonstationary,contrast_permute,greedy,10022,37.89999771118164,0.21333333333333335,112.10002613067627,overwrite
nonstationary,contrast_permute,greedy,10023,31.249996185302734,0.16666666666666666,118.74997615814209,overwrite
nonstationary,contrast_permute,greedy,10024,41.69999694824219,0.24,108.29997825622559,overwrite
nonstationary,contrast_permute,greedy,10025,78.75,0.5,71.24998569488525,overwrite
nonstationary,contrast_permute,greedy,10026,34.09999465942383,0.18666666666666668,115.90002632141113,overwrite
nonstationary,contrast_permute,greedy,10027,46.44999694824219,0.2733333333333333,103.55006122589111,overwrite
nonstationary,contrast_permute,greedy,10028,39.79999542236328,0.22666666666666666,110.19997787475586,overwrite
nonstationary,contrast_permute,greedy,10029,24.600000381469727,0.12,125.39997482299805,overwrite
nonstationary,contrast_permute,greedy,10030,16.049999237060547,0.06,133.9499921798706,overwrite
nonstationary,contrast_permute,greedy,10031,58.799991607666016,0.36,91.19998168945312,overwrite
nonstationary,contrast_permute,greedy,10032,10.350000381469727,0.02,139.6499719619751,overwrite
nonstationary,contrast_permute,greedy,10033,68.29999542236328,0.4266666666666667,81.6999921798706,overwrite
nonstationary,contrast_permute,greedy,10034,77.80000305175781,0.49333333333333335,72.2000150680542,overwrite
nonstationary,contrast_permute,greedy,10035,45.499996185302734,0.26666666666666666,104.49997901916504,overwrite
nonstationary,contrast_permute,greedy,10036,63.54999923706055,0.3933333333333333,86.44999408721924,overwrite
nonstationary,contrast_permute,greedy,10037,22.69999885559082,0.10666666666666667,127.29997444152832,overwrite
nonstationary,contrast_permute,greedy,10038,46.44999313354492,0.2733333333333333,103.5499792098999,overwrite
nonstationary,contrast_permute,greedy,10039,56.89999771118164,0.3466666666666667,93.0999813079834,overwrite
nonstationary,contrast_permute,greedy,10040,54.04999542236328,0.32666666666666666,95.95001125335693,overwrite
nonstationary,contrast_permute,greedy,10041,33.14999771118164,0.18,116.85006904602051,overwrite
nonstationary,contrast_permute,greedy,10042,36.94999313354492,0.20666666666666667,113.04997730255127,overwrite
nonstationary,contrast_permute,greedy,10043,60.69999313354492,0.37333333333333335,89.29998207092285,overwrite
nonstationary,contrast_permute,greedy,10044,32.20000076293945,0.17333333333333334,117.79997634887695,overwrite
nonstationary,contrast_permute,greedy,10045,31.249998092651367,0.16666666666666666,118.74999141693115,overwrite
nonstationary,contrast_permute,greedy,10046,47.399993896484375,0.28,102.60002613067627,overwrite
nonstationary,contrast_permute,greedy,10047,64.5,0.4,85.4999828338623,overwrite
nonstationary,contrast_permute,greedy,10048,40.74999237060547,0.23333333333333334,109.24997806549072,overwrite
nonstationary,contrast_permute,random,9999,35.99999237060547,0.2,113.9999885559082,overwrite
nonstationary,contrast_permute,random,10000,41.69999694824219,0.24,108.29997825622559,overwrite
nonstationary,contrast_permute,random,10001,44.54999542236328,0.26,105.45000171661377,overwrite
nonstationary,contrast_permute,random,10002,40.74999237060547,0.23333333333333334,109.24997806549072,overwrite
nonstationary,contrast_permute,random,10003,42.649993896484375,0.24666666666666667,107.34998512268066,overwrite
nonstationary,contrast_permute,random,10004,44.54999542236328,0.26,105.45003986358643,overwrite
nonstationary,contrast_permute,random,10005,53.09999465942383,0.32,96.89999389648438,overwrite
nonstationary,contrast_permute,random,10006,41.69999694824219,0.24,108.29997825622559,overwrite
nonstationary,contrast_permute,random,10007,43.59999084472656,0.25333333333333335,106.39997863769531,overwrite
nonstationary,contrast_permute,random,10008,39.79999542236328,0.22666666666666666,110.20002937316895,overwrite
nonstationary,contrast_permute,random,10009,46.44999694824219,0.2733333333333333,103.5499792098999,overwrite
nonstationary,contrast_permute,random,10010,44.549991607666016,0.26,105.44998836517334,overwrite
nonstationary,contrast_permute,random,10011,55.94999694824219,0.34,94.05004119873047,overwrite
nonstationary,contrast_permute,random,10012,39.799991607666016,0.22666666666666666,110.19997787475586,overwrite
nonstationary,contrast_permute,random,10013,42.649993896484375,0.24666666666666667,107.34997844696045,overwrite
nonstationary,contrast_permute,random,10014,37.89999771118164,0.21333333333333335,112.09998989105225,overwrite
nonstationary,contrast_permute,random,10015,38.84999465942383,0.22,111.14999771118164,overwrite
nonstationary,contrast_permute,random,10016,45.499996185302734,0.26666666666666666,104.49997901916504,overwrite
nonstationary,contrast_permute,random,10017,45.49999237060547,0.26666666666666666,104.49997901916504,overwrite
nonstationary,contrast_permute,random,10018,38.84999084472656,0.22,111.15003204345703,overwrite
nonstationary,contrast_permute,random,10019,51.19999694824219,0.30666666666666664,98.79999446868896,overwrite
nonstationary,contrast_permute,random,10020,38.84999084472656,0.22,111.149977684021,overwrite
nonstationary,contrast_permute,random,10021,50.24999237060547,0.3,99.74997997283936,overwrite
nonstationary,contrast_permute,random,10022,54.04999542236328,0.32666666666666666,95.95001888275146,overwrite
nonstationary,contrast_permute,random,10023,39.79999542236328,0.22666666666666666,110.19997787475586,overwrite
nonstationary,contrast_permute,random,10024,47.399993896484375,0.28,102.59997940063477,overwrite
nonstationary,contrast_permute,random,10025,40.749996185302734,0.23333333333333334,109.24997806549072,overwrite
nonstationary,contrast_permute,random,10026,45.499996185302734,0.26666666666666666,104.50000858306885,overwrite
nonstationary,contrast_permute,random,10027,46.44999694824219,0.2733333333333333,103.55003833770752,overwrite
nonstationary,contrast_permute,random,10028,44.54999542236328,0.26,105.44997882843018,overwrite
nonstationary,contrast_permute,random,10029,40.74999237060547,0.23333333333333334,109.24997806549072,overwrite
nonstationary,contrast_permute,random,10030,43.59999084472656,0.25333333333333335,106.40000343322754,overwrite
nonstationary,contrast_permute,random,10031,48.34999084472656,0.2866666666666667,101.64997959136963,overwrite
nonstationary,contrast_permute,random,10032,45.49999237060547,0.26666666666666666,104.49997901916504,overwrite
nonstationary,contrast_permute,random,10033,51.19999313354492,0.30666666666666664,98.79998779296875,overwrite
nonstationary,contrast_permute,random,10034,47.399993896484375,0.28,102.60001182556152,overwrite
nonstationary,contrast_permute,random,10035,44.54999542236328,0.26,105.44998073577881,overwrite
nonstationary,contrast_permute,random,10036,34.09999084472656,0.18666666666666668,115.89999294281006,overwrite
nonstationary,contrast_permute,random,10037,43.59999465942383,0.25333333333333335,106.39997863769531,overwrite
nonstationary,contrast_permute,random,10038,43.599998474121094,0.25333333333333335,106.39997959136963,overwrite
nonstationary,contrast_permute,random,10039,43.59999465942383,0.25333333333333335,106.39997863769531,overwrite
nonstationary,contrast_permute,random,10040,34.09999465942383,0.18666666666666668,115.9000072479248,overwrite
nonstationary,contrast_permute,random,10041,44.54999542236328,0.26,105.45006465911865,overwrite
nonstationary,contrast_permute,random,10042,45.49999237060547,0.26666666666666666,104.49997901916504,overwrite
nonstationary,contrast_permute,random,10043,47.399993896484375,0.28,102.59998321533203,overwrite
nonstationary,contrast_permute,random,10044,43.59999465942383,0.25333333333333335,106.39997863769531,overwrite
nonstationary,contrast_permute,random,10045,39.79999542236328,0.22666666666666666,110.19998550415039,overwrite
nonstationary,contrast_permute,random,10046,46.44999694824219,0.2733333333333333,103.55001449584961,overwrite
nonstationary,contrast_permute,random,10047,39.79999542236328,0.22666666666666666,110.19997787475586,overwrite
nonstationary,contrast_permute,random,10048,40.74999237060547,0.23333333333333334,109.24997806549072,overwrite
nonstationary,contrast_permute,optimal_frozen,9999,55.00000762939453,0.3333333333333333,95.00001525878906,overwrite
nonstationary,contrast_permute,optimal_frozen,10000,55.00000762939453,0.3333333333333333,94.99998092651367,overwrite
nonstationary,contrast_permute,optimal_frozen,10001,84.44999694824219,0.54,65.54999923706055,overwrite
nonstationary,contrast_permute,optimal_frozen,10002,103.44999694824219,0.6733333333333333,46.5499906539917,overwrite
nonstationary,contrast_permute,optimal_frozen,10003,55.00000762939453,0.3333333333333333,94.99998664855957,overwrite
nonstationary,contrast_permute,optimal_frozen,10004,79.70000457763672,0.5066666666666667,70.30002975463867,overwrite
nonstationary,contrast_permute,optimal_frozen,10005,76.8499984741211,0.4866666666666667,73.14999961853027,overwrite
nonstationary,contrast_permute,optimal_frozen,10006,92.05000305175781,0.5933333333333334,57.94998836517334,overwrite
nonstationary,contrast_permute,optimal_frozen,10007,55.00000762939453,0.3333333333333333,94.99998092651367,overwrite
nonstationary,contrast_permute,optimal_frozen,10008,55.00000762939453,0.3333333333333333,95.00003337860107,overwrite
nonstationary,contrast_permute,optimal_frozen,10009,139.54998779296875,0.9266666666666666,10.449997901916504,overwrite
nonstationary,contrast_permute,optimal_frozen,10010,55.00000762939453,0.3333333333333333,94.99998950958252,overwrite
nonstationary,contrast_permute,optimal_frozen,10011,75.9000015258789,0.48,74.10003185272217,overwrite
nonstationary,contrast_permute,optimal_frozen,10012,55.00000762939453,0.3333333333333333,94.99998092651367,overwrite
nonstationary,contrast_permute,optimal_frozen,10013,55.00000762939453,0.3333333333333333,94.99998092651367,overwrite
nonstationary,contrast_permute,optimal_frozen,10014,55.00000762939453,0.3333333333333333,94.99998950958252,overwrite
nonstationary,contrast_permute,optimal_frozen,10015,90.14999389648438,0.58,59.85000038146973,overwrite
nonstationary,contrast_permute,optimal_frozen,10016,117.70000457763672,0.7733333333333333,32.29999351501465,overwrite
nonstationary,contrast_permute,optimal_frozen,10017,55.00000762939453,0.3333333333333333,94.99998092651367,overwrite
nonstationary,contrast_permute,optimal_frozen,10018,55.00000762939453,0.3333333333333333,95.00006580352783,overwrite
nonstationary,contrast_permute,optimal_frozen,10019,97.75,0.6333333333333333,52.24998950958252,overwrite
nonstationary,contrast_permute,optimal_frozen,10020,94.89999389648438,0.6133333333333333,55.09998893737793,overwrite
nonstationary,contrast_permute,optimal_frozen,10021,55.00000762939453,0.3333333333333333,94.99998092651367,overwrite
nonstationary,contrast_permute,optimal_frozen,10022,55.00000762939453,0.3333333333333333,95.00003051757812,overwrite
nonstationary,contrast_permute,optimal_frozen,10023,105.3499984741211,0.6866666666666666,44.649991035461426,overwrite
nonstationary,contrast_permute,optimal_frozen,10024,55.00000762939453,0.3333333333333333,94.99998092651367,overwrite
nonstationary,contrast_permute,optimal_frozen,10025,59.750003814697266,0.36666666666666664,90.24998188018799,overwrite
nonstationary,contrast_permute,optimal_frozen,10026,59.750003814697266,0.36666666666666664,90.25001621246338,overwrite
nonstationary,contrast_permute,optimal_frozen,10027,77.79999542236328,0.49333333333333335,72.20003604888916,overwrite
nonstationary,contrast_permute,optimal_frozen,10028,111.05000305175781,0.7266666666666667,38.949992179870605,overwrite
nonstationary,contrast_permute,optimal_frozen,10029,80.6500015258789,0.5133333333333333,69.34998607635498,overwrite
nonstationary,contrast_permute,optimal_frozen,10030,92.05000305175781,0.5933333333333334,57.950002670288086,overwrite
nonstationary,contrast_permute,optimal_frozen,10031,55.00000762939453,0.3333333333333333,94.99998092651367,overwrite
nonstationary,contrast_permute,optimal_frozen,10032,55.00000762939453,0.3333333333333333,94.99998092651367,overwrite
nonstationary,contrast_permute,optimal_frozen,10033,89.19999694824219,0.5733333333333334,60.7999963760376,overwrite
nonstationary,contrast_permute,optimal_frozen,10034,79.69999694824219,0.5066666666666667,70.30001831054688,overwrite
nonstationary,contrast_permute,optimal_frozen,10035,55.00000762939453,0.3333333333333333,94.99998092651367,overwrite
nonstationary,contrast_permute,optimal_frozen,10036,82.54999542236328,0.5266666666666666,67.45000076293945,overwrite
nonstationary,contrast_permute,optimal_frozen,10037,55.00000762939453,0.3333333333333333,94.99998092651367,overwrite
nonstationary,contrast_permute,optimal_frozen,10038,92.05000305175781,0.5933333333333334,57.94999408721924,overwrite
nonstationary,contrast_permute,optimal_frozen,10039,55.00000762939453,0.3333333333333333,94.99998092651367,overwrite
nonstationary,contrast_permute,optimal_frozen,10040,84.44999694824219,0.54,65.54999351501465,overwrite
nonstationary,contrast_permute,optimal_frozen,10041,55.00000762939453,0.3333333333333333,95.00004863739014,overwrite
nonstationary,contrast_permute,optimal_frozen,10042,74.94999694824219,0.47333333333333333,75.0499849319458,overwrite
nonstationary,contrast_permute,optimal_frozen,10043,97.75,0.6333333333333333,52.24998950958252,overwrite
nonstationary,contrast_permute,optimal_frozen,10044,55.00000762939453,0.3333333333333333,94.99998092651367,overwrite
nonstationary,contrast_permute,optimal_frozen,10045,83.5,0.5333333333333333,66.49998664855957,overwrite
nonstationary,contrast_permute,optimal_frozen,10046,59.75000762939453,0.36666666666666664,90.2499942779541,overwrite
nonstationary,contrast_permute,optimal_frozen,10047,90.1500015258789,0.58,59.84998798370361,overwrite
nonstationary,contrast_permute,optimal_frozen,10048,71.1500015258789,0.44666666666666666,78.84998416900635,overwrite
