block,condition,agent,seed,return,opt_frac,gap_regret,model
reward_intervention,eval/intact,tf_legacy,9999,99.80231475830078,0.16,44.16931629180908,overwrite
reward_intervention,eval/intact,tf_legacy,10000,120.51399230957031,0.36,42.757423877716064,overwrite
reward_intervention,eval/intact,tf_legacy,10001,90.4211654663086,0.265,53.837318897247314,overwrite
reward_intervention,eval/intact,tf_legacy,10002,94.20643615722656,0.25,58.41847562789917,overwrite
reward_intervention,eval/intact,tf_legacy,10003,110.84437561035156,0.405,50.70092725753784,overwrite
reward_intervention,eval/intact,tf_legacy,10004,101.8946762084961,0.405,46.030529499053955,overwrite
reward_intervention,eval/intact,tf_legacy,10005,105.00921630859375,0.415,54.60646057128906,overwrite
reward_intervention,eval/intact,tf_legacy,10006,74.03080749511719,0.1,72.78863859176636,overwrite
reward_intervention,eval/intact,tf_legacy,10007,99.12252807617188,0.15,54.78709650039673,overwrite
reward_intervention,eval/intact,tf_legacy,10008,84.39555358886719,0.15,74.06763696670532,overwrite
reward_intervention,eval/intact,tf_legacy,10009,83.92378234863281,0.185,69.94704103469849,overwrite
reward_intervention,eval/intact,tf_legacy,10010,115.91012573242188,0.48,28.956729412078857,overwrite
reward_intervention,eval/intact,tf_legacy,10011,114.24246215820312,0.37,43.008427143096924,overwrite
reward_intervention,eval/intact,tf_legacy,10012,103.15512084960938,0.245,66.58659982681274,overwrite
reward_intervention,eval/intact,tf_legacy,10013,126.05596923828125,0.405,32.94670009613037,overwrite
reward_intervention,eval/intact,tf_legacy,10014,90.18583679199219,0.315,64.36968088150024,overwrite
reward_intervention,eval/intact,tf_legacy,10015,107.2688980102539,0.23,41.378074169158936,overwrite
reward_intervention,eval/intact,tf_legacy,10016,82.67515563964844,0.055,56.215383529663086,overwrite
reward_intervention,eval/intact,tf_legacy,10017,125.91197967529297,0.41,18.232040405273438,overwrite
reward_intervention,eval/intact,tf_legacy,10018,85.1383056640625,0.12,62.34759569168091,overwrite
reward_intervention,eval/intact,tf_legacy,10019,89.6064224243164,0.115,60.908570289611816,overwrite
reward_intervention,eval/intact,tf_legacy,10020,116.2900390625,0.34,22.938632011413574,overwrite
reward_intervention,eval/intact,tf_legacy,10021,102.81318664550781,0.375,45.12104797363281,overwrite
reward_intervention,eval/intact,tf_legacy,10022,91.47581481933594,0.14,61.387099266052246,overwrite
reward_intervention,eval/intact,tf_legacy,10023,95.95158386230469,0.335,44.92589473724365,overwrite
reward_intervention,eval/intact,tf_legacy,10024,109.86614990234375,0.305,34.73100805282593,overwrite
reward_intervention,eval/intact,tf_legacy,10025,104.16621398925781,0.315,36.85362100601196,overwrite
reward_intervention,eval/intact,tf_legacy,10026,105.48139190673828,0.44,31.19102382659912,overwrite
reward_intervention,eval/intact,tf_legacy,10027,93.42182159423828,0.315,51.58875799179077,overwrite
reward_intervention,eval/intact,tf_legacy,10028,94.06343841552734,0.275,57.73181438446045,overwrite
reward_intervention,eval/intact,tf_legacy,10029,100.83193969726562,0.21,40.832082748413086,overwrite
reward_intervention,eval/intact,tf_legacy,10030,102.22528076171875,0.3,48.42558288574219,overwrite
reward_intervention,eval/intact,tf_legacy,10031,100.95417022705078,0.275,46.13679552078247,overwrite
reward_intervention,eval/intact,tf_legacy,10032,102.37934875488281,0.41,20.743370532989502,overwrite
reward_intervention,eval/intact,tf_legacy,10033,101.10040283203125,0.31,59.88778877258301,overwrite
reward_intervention,eval/intact,tf_legacy,10034,89.0975341796875,0.19,61.09781503677368,overwrite
reward_intervention,eval/intact,tf_legacy,10035,92.93831634521484,0.095,74.72096347808838,overwrite
reward_intervention,eval/intact,tf_legacy,10036,107.19134521484375,0.255,49.077903270721436,overwrite
reward_intervention,eval/intact,tf_legacy,10037,109.52291870117188,0.37,26.12189292907715,overwrite
reward_intervention,eval/intact,tf_legacy,10038,104.58476257324219,0.15,35.98391819000244,overwrite
reward_intervention,eval/intact,tf_legacy,10039,116.34261322021484,0.17,31.13073444366455,overwrite
reward_intervention,eval/intact,tf_legacy,10040,96.47725677490234,0.375,56.75033378601074,overwrite
reward_intervention,eval/intact,tf_legacy,10041,93.60338592529297,0.275,46.967345237731934,overwrite
reward_intervention,eval/intact,tf_legacy,10042,115.06180572509766,0.295,39.1885199546814,overwrite
reward_intervention,eval/intact,tf_legacy,10043,123.10555267333984,0.495,30.51481342315674,overwrite
reward_intervention,eval/intact,tf_legacy,10044,76.53923034667969,0.2,69.35141468048096,overwrite
reward_intervention,eval/intact,tf_legacy,10045,99.03731536865234,0.26,44.58181953430176,overwrite
reward_intervention,eval/intact,tf_legacy,10046,119.944091796875,0.49,32.27335023880005,overwrite
reward_intervention,eval/intact,tf_legacy,10047,100.88705444335938,0.05,61.92068338394165,overwrite
reward_intervention,eval/intact,tf_legacy,10048,122.31402587890625,0.315,35.138033390045166,overwrite
reward_intervention,eval/intact,tf_self,9999,106.70103454589844,0.405,39.412012577056885,overwrite
reward_intervention,eval/intact,tf_self,10000,139.49755859375,0.515,23.452723503112793,overwrite
reward_intervention,eval/intact,tf_self,10001,98.6787109375,0.19,44.456799030303955,overwrite
reward_intervention,eval/intact,tf_self,10002,122.18588256835938,0.49,31.680917263031006,overwrite
reward_intervention,eval/intact,tf_self,10003,122.27976989746094,0.505,37.1852765083313,overwrite
reward_intervention,eval/intact,tf_self,10004,118.79259490966797,0.545,29.05524444580078,overwrite
reward_intervention,eval/intact,tf_self,10005,127.82984924316406,0.49,28.739912033081055,overwrite
reward_intervention,eval/intact,tf_self,10006,127.92083740234375,0.445,19.30928373336792,overwrite
reward_intervention,eval/intact,tf_self,10007,121.21549987792969,0.36,33.035584449768066,overwrite
reward_intervention,eval/intact,tf_self,10008,104.08798217773438,0.41,54.68851566314697,overwrite
reward_intervention,eval/intact,tf_self,10009,131.06161499023438,0.435,22.34792995452881,overwrite
reward_intervention,eval/intact,tf_self,10010,86.87008666992188,0.19,57.66688251495361,overwrite
reward_intervention,eval/intact,tf_self,10011,105.6595458984375,0.4,49.70258140563965,overwrite
reward_intervention,eval/intact,tf_self,10012,103.3040542602539,0.0,64.88901615142822,overwrite
reward_intervention,eval/intact,tf_self,10013,103.65481567382812,0.075,53.63963985443115,overwrite
reward_intervention,eval/intact,tf_self,10014,91.49574279785156,0.35,64.66314220428467,overwrite
reward_intervention,eval/intact,tf_self,10015,118.02769470214844,0.33,29.89507818222046,overwrite
reward_intervention,eval/intact,tf_self,10016,109.41792297363281,0.33,29.897286415100098,overwrite
reward_intervention,eval/intact,tf_self,10017,98.10748291015625,0.325,49.06065273284912,overwrite
reward_intervention,eval/intact,tf_self,10018,103.75487518310547,0.32,43.81443166732788,overwrite
reward_intervention,eval/intact,tf_self,10019,124.26155090332031,0.415,28.162400245666504,overwrite
reward_intervention,eval/intact,tf_self,10020,122.91831970214844,0.53,14.855912208557129,overwrite
reward_intervention,eval/intact,tf_self,10021,68.84071350097656,0.165,77.7740044593811,overwrite
reward_intervention,eval/intact,tf_self,10022,93.77605438232422,0.125,59.5436954498291,overwrite
reward_intervention,eval/intact,tf_self,10023,99.2900619506836,0.135,42.666022300720215,overwrite
reward_intervention,eval/intact,tf_self,10024,103.92994689941406,0.39,40.83706045150757,overwrite
reward_intervention,eval/intact,tf_self,10025,92.13075256347656,0.095,48.718162059783936,overwrite
reward_intervention,eval/intact,tf_self,10026,89.28754425048828,0.2,44.44154357910156,overwrite
reward_intervention,eval/intact,tf_self,10027,78.03549194335938,0.265,62.73381471633911,overwrite
reward_intervention,eval/intact,tf_self,10028,83.40872192382812,0.295,68.1527156829834,overwrite
reward_intervention,eval/intact,tf_self,10029,129.09121704101562,0.645,13.060972213745117,overwrite
reward_intervention,eval/intact,tf_self,10030,77.06377410888672,0.11,66.80700969696045,overwrite
reward_intervention,eval/intact,tf_self,10031,91.13362121582031,0.19,54.75507211685181,overwrite
reward_intervention,eval/intact,tf_self,10032,85.8599853515625,0.105,35.56289005279541,overwrite
reward_intervention,eval/intact,tf_self,10033,112.138671875,0.29,48.68441152572632,overwrite
reward_intervention,eval/intact,tf_self,10034,120.31694030761719,0.26,29.361799716949463,overwrite
reward_intervention,eval/intact,tf_self,10035,104.6290283203125,0.28,62.37669515609741,overwrite
reward_intervention,eval/intact,tf_self,10036,93.01797485351562,0.165,65.38719081878662,overwrite
reward_intervention,eval/intact,tf_self,10037,95.98873901367188,0.305,42.2198486328125,overwrite
reward_intervention,eval/intact,tf_self,10038,109.69822692871094,0.185,31.085061073303223,overwrite
reward_intervention,eval/intact,tf_self,10039,133.85752868652344,0.5,14.681248188018799,overwrite
reward_intervention,eval/intact,tf_self,10040,108.03687286376953,0.16,45.87672233581543,overwrite
reward_intervention,eval/intact,tf_self,10041,88.13202667236328,0.34,51.819671630859375,overwrite
reward_intervention,eval/intact,tf_self,10042,121.35246276855469,0.345,34.839720249176025,overwrite
reward_intervention,eval/intact,tf_self,10043,88.00824737548828,0.2,66.44262647628784,overwrite
reward_intervention,eval/intact,tf_self,10044,99.7903823852539,0.29,44.81542158126831,overwrite
reward_intervention,eval/intact,tf_self,10045,99.56444549560547,0.325,44.70521020889282,overwrite
reward_intervention,eval/intact,tf_self,10046,61.52685546875,0.175,93.89014720916748,overwrite
reward_intervention,eval/intact,tf_self,10047,87.80928039550781,0.105,74.51777076721191,overwrite
reward_intervention,eval/intact,tf_self,10048,100.54450988769531,0.235,57.29078722000122,overwrite
reward_intervention,eval/intact,optimal,9999,141.20579528808594,1.0,0.0,overwrite
reward_intervention,eval/intact,optimal,10000,160.66639709472656,1.0,0.0,overwrite
reward_intervention,eval/intact,optimal,10001,145.31277465820312,1.0,0.0,overwrite
reward_intervention,eval/intact,optimal,10002,154.31651306152344,1.0,0.0,overwrite
reward_intervention,eval/intact,optimal,10003,159.40057373046875,1.0,0.0,overwrite
reward_intervention,eval/intact,optimal,10004,149.41934204101562,1.0,0.0,overwrite
reward_intervention,eval/intact,optimal,10005,156.21694946289062,1.0,0.0,overwrite
reward_intervention,eval/intact,optimal,10006,145.3865203857422,1.0,0.0,overwrite
reward_intervention,eval/intact,optimal,10007,155.88116455078125,1.0,0.0,overwrite
reward_intervention,eval/intact,optimal,10008,157.59585571289062,1.0,0.0,overwrite
reward_intervention,eval/intact,optimal,10009,153.279296875,1.0,0.0,overwrite
reward_intervention,eval/intact,optimal,10010,150.4432373046875,1.0,0.0,overwrite
reward_intervention,eval/intact,optimal,10011,154.8956298828125,1.0,0.0,overwrite
reward_intervention,eval/intact,optimal,10012,163.3168182373047,1.0,0.0,overwrite
reward_intervention,eval/intact,optimal,10013,157.58216857910156,1.0,0.0,overwrite
reward_intervention,eval/intact,optimal,10014,153.15005493164062,1.0,0.0,overwrite
reward_intervention,eval/intact,optimal,10015,150.13525390625,1.0,0.0,overwrite
reward_intervention,eval/intact,optimal,10016,136.85256958007812,1.0,0.0,overwrite
reward_intervention,eval/intact,optimal,10017,149.96990966796875,1.0,0.0,overwrite
reward_intervention,eval/intact,optimal,10018,145.6324462890625,1.0,0.0,overwrite
reward_intervention,eval/intact,optimal,10019,152.00038146972656,1.0,0.0,overwrite
reward_intervention,eval/intact,optimal,10020,139.1854248046875,1.0,0.0,overwrite
reward_intervention,eval/intact,optimal,10021,146.62905883789062,1.0,0.0,overwrite
reward_intervention,eval/intact,optimal,10022,151.38845825195312,1.0,0.0,overwrite
reward_intervention,eval/intact,optimal,10023,140.74717712402344,1.0,0.0,overwrite
reward_intervention,eval/intact,optimal,10024,145.08932495117188,1.0,0.0,overwrite
reward_intervention,eval/intact,optimal,10025,141.3740234375,1.0,0.0,overwrite
reward_intervention,eval/intact,optimal,10026,133.78631591796875,1.0,0.0,overwrite
reward_intervention,eval/intact,optimal,10027,141.1024169921875,1.0,0.0,overwrite
reward_intervention,eval/intact,optimal,10028,158.6577606201172,1.0,0.0,overwrite
reward_intervention,eval/intact,optimal,10029,139.73892211914062,1.0,0.0,overwrite
reward_intervention,eval/intact,optimal,10030,153.2302703857422,1.0,0.0,overwrite
reward_intervention,eval/intact,optimal,10031,148.677001953125,1.0,0.0,overwrite
reward_intervention,eval/intact,optimal,10032,118.6419906616211,1.0,0.0,overwrite
reward_intervention,eval/intact,optimal,10033,160.3961944580078,1.0,0.0,overwrite
reward_intervention,eval/intact,optimal,10034,151.35794067382812,1.0,0.0,overwrite
reward_intervention,eval/intact,optimal,10035,167.00559997558594,1.0,0.0,overwrite
reward_intervention,eval/intact,optimal,10036,152.4580535888672,1.0,0.0,overwrite
reward_intervention,eval/intact,optimal,10037,138.62362670898438,1.0,0.0,overwrite
reward_intervention,eval/intact,optimal,10038,139.50601196289062,1.0,0.0,overwrite
reward_intervention,eval/intact,optimal,10039,155.94541931152344,1.0,0.0,overwrite
reward_intervention,eval/intact,optimal,10040,149.40174865722656,1.0,0.0,overwrite
reward_intervention,eval/intact,optimal,10041,143.17428588867188,1.0,0.0,overwrite
reward_intervention,eval/intact,optimal,10042,156.06277465820312,1.0,0.0,overwrite
reward_intervention,eval/intact,optimal,10043,153.32635498046875,1.0,0.0,overwrite
reward_intervention,eval/intact,optimal,10044,144.0423583984375,1.0,0.0,overwrite
reward_intervention,eval/intact,optimal,10045,145.1358642578125,1.0,0.0,overwrite
reward_intervention,eval/intact,optimal,10046,152.8437042236328,1.0,0.0,overwrite
reward_intervention,eval/intact,optimal,10047,164.7223663330078,1.0,0.0,overwrite
reward_intervention,eval/intact,optimal,10048,156.09974670410156,1.0,0.0,overwrite
reward_intervention,eval/intact,epsgreedy,9999,111.88276672363281,0.25,32.073606967926025,overwrite
reward_intervention,eval/intact,epsgreedy,10000,129.6103515625,0.425,33.19758081436157,overwrite
reward_intervention,eval/intact,epsgreedy,10001,126.23648834228516,0.635,19.894701957702637,overwrite
reward_intervention,eval/intact,epsgreedy,10002,133.37445068359375,0.445,23.65154218673706,overwrite
reward_intervention,eval/intact,epsgreedy,10003,118.12741088867188,0.17,41.914522647857666,overwrite
reward_intervention,eval/intact,epsgreedy,10004,103.2706298828125,0.37,45.20268726348877,overwrite
reward_intervention,eval/intact,epsgreedy,10005,94.21463775634766,0.255,64.26208639144897,overwrite
reward_intervention,eval/intact,epsgreedy,10006,122.41961669921875,0.435,23.949037551879883,overwrite
reward_intervention,eval/intact,epsgreedy,10007,133.60720825195312,0.29,21.518788814544678,overwrite
reward_intervention,eval/intact,epsgreedy,10008,117.58805847167969,0.4,41.13453531265259,overwrite
reward_intervention,eval/intact,epsgreedy,10009,99.62199401855469,0.25,52.943599224090576,overwrite
reward_intervention,eval/intact,epsgreedy,10010,122.91931915283203,0.605,26.040103912353516,overwrite
reward_intervention,eval/intact,epsgreedy,10011,106.62991333007812,0.235,48.34310722351074,overwrite
reward_intervention,eval/intact,epsgreedy,10012,106.65526580810547,0.285,59.93489217758179,overwrite
reward_intervention,eval/intact,epsgreedy,10013,111.61190795898438,0.03,47.36269569396973,overwrite
reward_intervention,eval/intact,epsgreedy,10014,113.45285034179688,0.35,42.01000118255615,overwrite
reward_intervention,eval/intact,epsgreedy,10015,104.2540283203125,0.12,44.77756452560425,overwrite
reward_intervention,eval/intact,epsgreedy,10016,94.43790435791016,0.16,44.36427688598633,overwrite
reward_intervention,eval/intact,epsgreedy,10017,119.9233627319336,0.53,26.329591274261475,overwrite
reward_intervention,eval/intact,epsgreedy,10018,98.57391357421875,0.31,46.52860116958618,overwrite
reward_intervention,eval/intact,epsgreedy,10019,104.0965576171875,0.305,46.092562198638916,overwrite
reward_intervention,eval/intact,epsgreedy,10020,104.0599365234375,0.26,33.49714756011963,overwrite
reward_intervention,eval/intact,epsgreedy,10021,108.78853607177734,0.59,38.070897579193115,overwrite
reward_intervention,eval/intact,epsgreedy,10022,103.73979187011719,0.23,50.53535270690918,overwrite
reward_intervention,eval/intact,epsgreedy,10023,92.82368469238281,0.33,47.84731388092041,overwrite
reward_intervention,eval/intact,epsgreedy,10024,118.53903198242188,0.435,25.671926498413086,overwrite
reward_intervention,eval/intact,epsgreedy,10025,101.91458892822266,0.355,41.49953031539917,overwrite
reward_intervention,eval/intact,epsgreedy,10026,113.40237426757812,0.41,21.455662727355957,overwrite
reward_intervention,eval/intact,epsgreedy,10027,103.88917541503906,0.395,37.007994174957275,overwrite
reward_intervention,eval/intact,epsgreedy,10028,82.45565795898438,0.06,67.1092529296875,overwrite
reward_intervention,eval/intact,epsgreedy,10029,103.25316619873047,0.415,39.509706020355225,overwrite
reward_intervention,eval/intact,epsgreedy,10030,111.44364929199219,0.37,35.254743576049805,overwrite
reward_intervention,eval/intact,epsgreedy,10031,114.28459167480469,0.335,35.81432914733887,overwrite
reward_intervention,eval/intact,epsgreedy,10032,97.22856140136719,0.205,23.104920387268066,overwrite
reward_intervention,eval/intact,epsgreedy,10033,132.84127807617188,0.625,28.160991191864014,overwrite
reward_intervention,eval/intact,epsgreedy,10034,97.68977355957031,0.165,52.00250720977783,overwrite
reward_intervention,eval/intact,epsgreedy,10035,110.23733520507812,0.11,56.93439245223999,overwrite
reward_intervention,eval/intact,epsgreedy,10036,106.97369384765625,0.28,49.296388149261475,overwrite
reward_intervention,eval/intact,epsgreedy,10037,119.60533142089844,0.3,18.190115451812744,overwrite
reward_intervention,eval/intact,epsgreedy,10038,109.16377258300781,0.3,30.99301528930664,overwrite
reward_intervention,eval/intact,epsgreedy,10039,116.29390716552734,0.04,33.42994022369385,overwrite
reward_intervention,eval/intact,epsgreedy,10040,108.976806640625,0.44,41.636642932891846,overwrite
reward_intervention,eval/intact,epsgreedy,10041,108.63241577148438,0.38,34.69420862197876,overwrite
reward_intervention,eval/intact,epsgreedy,10042,123.55668640136719,0.27,32.60457897186279,overwrite
reward_intervention,eval/intact,epsgreedy,10043,92.0953369140625,0.23,61.13054132461548,overwrite
reward_intervention,eval/intact,epsgreedy,10044,103.48925018310547,0.18,43.91516876220703,overwrite
reward_intervention,eval/intact,epsgreedy,10045,96.33917236328125,0.305,48.13600778579712,overwrite
reward_intervention,eval/intact,epsgreedy,10046,106.88313293457031,0.365,45.52051305770874,overwrite
reward_intervention,eval/intact,epsgreedy,10047,85.84487915039062,0.03,77.23983240127563,overwrite
reward_intervention,eval/intact,epsgreedy,10048,94.58879852294922,0.11,62.03382873535156,overwrite
reward_intervention,eval/intact,greedy,9999,116.21321105957031,0.37,28.435359001159668,overwrite
reward_intervention,eval/intact,greedy,10000,130.25491333007812,0.405,35.99556541442871,overwrite
reward_intervention,eval/intact,greedy,10001,95.36604309082031,0.355,49.389243602752686,overwrite
reward_intervention,eval/intact,greedy,10002,130.80764770507812,0.25,22.347784519195557,overwrite
reward_intervention,eval/intact,greedy,10003,123.82444763183594,0.335,35.21890115737915,overwrite
reward_intervention,eval/intact,greedy,10004,94.44004821777344,0.415,52.037386894226074,overwrite
reward_intervention,eval/intact,greedy,10005,97.40565490722656,0.33,62.226232051849365,overwrite
reward_intervention,eval/intact,greedy,10006,123.1752700805664,0.435,23.91289710998535,overwrite
reward_intervention,eval/intact,greedy,10007,107.86105346679688,0.34,51.13878297805786,overwrite
reward_intervention,eval/intact,greedy,10008,119.82283020019531,0.395,40.22409963607788,overwrite
reward_intervention,eval/intact,greedy,10009,81.87120056152344,0.105,71.12204265594482,overwrite
reward_intervention,eval/intact,greedy,10010,121.81659698486328,0.67,23.706756591796875,overwrite
reward_intervention,eval/intact,greedy,10011,119.72193908691406,0.295,37.70997476577759,overwrite
reward_intervention,eval/intact,greedy,10012,107.74591064453125,0.3,59.344022274017334,overwrite
reward_intervention,eval/intact,greedy,10013,114.51885986328125,0.13,48.790743350982666,overwrite
reward_intervention,eval/intact,greedy,10014,97.99967956542969,0.375,59.03838491439819,overwrite
reward_intervention,eval/intact,greedy,10015,107.29789733886719,0.185,42.02251482009888,overwrite
reward_intervention,eval/intact,greedy,10016,92.34455108642578,0.16,48.51800060272217,overwrite
reward_intervention,eval/intact,greedy,10017,101.39767456054688,0.325,45.75541305541992,overwrite
reward_intervention,eval/intact,greedy,10018,89.79898071289062,0.21,55.98627758026123,overwrite
reward_intervention,eval/intact,greedy,10019,103.77257537841797,0.335,46.31757831573486,overwrite
reward_intervention,eval/intact,greedy,10020,111.34803771972656,0.445,25.150556087493896,overwrite
reward_intervention,eval/intact,greedy,10021,113.52108001708984,0.685,33.69003486633301,overwrite
reward_intervention,eval/intact,greedy,10022,85.93226623535156,0.095,66.84225654602051,overwrite
reward_intervention,eval/intact,greedy,10023,85.41986846923828,0.305,54.58752393722534,overwrite
reward_intervention,eval/intact,greedy,10024,102.89273071289062,0.275,42.500664710998535,overwrite
reward_intervention,eval/intact,greedy,10025,101.37310791015625,0.2,39.579379081726074,overwrite
reward_intervention,eval/intact,greedy,10026,112.27884674072266,0.435,21.65011978149414,overwrite
reward_intervention,eval/intact,greedy,10027,104.55899047851562,0.4,36.578927993774414,overwrite
reward_intervention,eval/intact,greedy,10028,77.26789093017578,0.0,72.8514313697815,overwrite
reward_intervention,eval/intact,greedy,10029,105.67686462402344,0.435,32.70052194595337,overwrite
reward_intervention,eval/intact,greedy,10030,94.00907897949219,0.0,50.7260856628418,overwrite
reward_intervention,eval/intact,greedy,10031,109.38351440429688,0.505,38.67661476135254,overwrite
reward_intervention,eval/intact,greedy,10032,94.4428939819336,0.2,26.016778469085693,overwrite
reward_intervention,eval/intact,greedy,10033,113.5499496459961,0.24,47.464340686798096,overwrite
reward_intervention,eval/intact,greedy,10034,95.77828979492188,0.155,54.81480932235718,overwrite
reward_intervention,eval/intact,greedy,10035,90.38232421875,0.045,78.56085729598999,overwrite
reward_intervention,eval/intact,greedy,10036,110.94038391113281,0.285,48.42382192611694,overwrite
reward_intervention,eval/intact,greedy,10037,119.97256469726562,0.41,20.865209102630615,overwrite
reward_intervention,eval/intact,greedy,10038,112.21656799316406,0.31,26.941014289855957,overwrite
reward_intervention,eval/intact,greedy,10039,105.12049865722656,0.1,43.71299171447754,overwrite
reward_intervention,eval/intact,greedy,10040,111.46609497070312,0.435,42.202693462371826,overwrite
reward_intervention,eval/intact,greedy,10041,108.49009704589844,0.41,35.526939868927,overwrite
reward_intervention,eval/intact,greedy,10042,120.11172485351562,0.165,34.357868671417236,overwrite
reward_intervention,eval/intact,greedy,10043,115.28866577148438,0.475,38.06963872909546,overwrite
reward_intervention,eval/intact,greedy,10044,83.68037414550781,0.09,63.39927816390991,overwrite
reward_intervention,eval/intact,greedy,10045,91.5732650756836,0.135,53.30200147628784,overwrite
reward_intervention,eval/intact,greedy,10046,89.93717956542969,0.26,64.27124834060669,overwrite
reward_intervention,eval/intact,greedy,10047,69.25208282470703,0.0,92.7829704284668,overwrite
reward_intervention,eval/intact,greedy,10048,82.98728942871094,0.26,73.00773286819458,overwrite
reward_intervention,eval/intact,random,9999,104.20384979248047,0.24,41.401740074157715,overwrite
reward_intervention,eval/intact,random,10000,110.36770629882812,0.29,51.73642921447754,overwrite
reward_intervention,eval/intact,random,10001,101.75326538085938,0.265,45.854233264923096,overwrite
reward_intervention,eval/intact,random,10002,108.02197265625,0.285,44.15881681442261,overwrite
reward_intervention,eval/intact,random,10003,121.4687728881836,0.325,41.9236798286438,overwrite
reward_intervention,eval/intact,random,10004,94.25703430175781,0.24,55.0237340927124,overwrite
reward_intervention,eval/intact,random,10005,99.29074096679688,0.27,59.37734937667847,overwrite
reward_intervention,eval/intact,random,10006,107.99085235595703,0.325,45.105323791503906,overwrite
reward_intervention,eval/intact,random,10007,114.64431762695312,0.23,43.23870801925659,overwrite
reward_intervention,eval/intact,random,10008,91.56184387207031,0.195,67.60078716278076,overwrite
reward_intervention,eval/intact,random,10009,94.35845184326172,0.19,57.437175273895264,overwrite
reward_intervention,eval/intact,random,10010,94.16703796386719,0.24,53.67103862762451,overwrite
reward_intervention,eval/intact,random,10011,109.7741928100586,0.22,43.76759099960327,overwrite
reward_intervention,eval/intact,random,10012,120.38268280029297,0.27,48.641451358795166,overwrite
reward_intervention,eval/intact,random,10013,115.09738159179688,0.25,44.02182483673096,overwrite
reward_intervention,eval/intact,random,10014,93.03694915771484,0.275,60.11474609375,overwrite
reward_intervention,eval/intact,random,10015,108.04640197753906,0.225,42.38377666473389,overwrite
reward_intervention,eval/intact,random,10016,95.12654113769531,0.3,42.387423038482666,overwrite
reward_intervention,eval/intact,random,10017,104.27647399902344,0.245,42.414865016937256,overwrite
reward_intervention,eval/intact,random,10018,105.53889465332031,0.275,42.61589431762695,overwrite
reward_intervention,eval/intact,random,10019,103.39932250976562,0.235,46.22064924240112,overwrite
reward_intervention,eval/intact,random,10020,99.56552124023438,0.23,41.07658672332764,overwrite
reward_intervention,eval/intact,random,10021,84.97496032714844,0.24,63.445013999938965,overwrite
reward_intervention,eval/intact,random,10022,105.95201873779297,0.265,47.555158615112305,overwrite
reward_intervention,eval/intact,random,10023,96.10975646972656,0.27,47.89344549179077,overwrite
reward_intervention,eval/intact,random,10024,111.04241943359375,0.245,36.56248331069946,overwrite
reward_intervention,eval/intact,random,10025,94.43516540527344,0.255,46.36319923400879,overwrite
reward_intervention,eval/intact,random,10026,92.69232177734375,0.235,44.182326316833496,overwrite
reward_intervention,eval/intact,random,10027,93.04194641113281,0.23,48.355183601379395,overwrite
reward_intervention,eval/intact,random,10028,97.2858657836914,0.28,59.88522911071777,overwrite
reward_intervention,eval/intact,random,10029,97.01669311523438,0.255,45.86236047744751,overwrite
reward_intervention,eval/intact,random,10030,99.0077896118164,0.23,51.50560522079468,overwrite
reward_intervention,eval/intact,random,10031,95.68562316894531,0.28,52.28444147109985,overwrite
reward_intervention,eval/intact,random,10032,97.1936264038086,0.25,25.51892328262329,overwrite
reward_intervention,eval/intact,random,10033,102.43862915039062,0.225,57.66783952713013,overwrite
reward_intervention,eval/intact,random,10034,108.78402709960938,0.255,43.42113637924194,overwrite
reward_intervention,eval/intact,random,10035,110.596435546875,0.24,57.719101905822754,overwrite
reward_intervention,eval/intact,random,10036,105.05601501464844,0.265,45.02997875213623,overwrite
reward_intervention,eval/intact,random,10037,102.6802749633789,0.26,33.48616933822632,overwrite
reward_intervention,eval/intact,random,10038,100.32266998291016,0.28,39.76910734176636,overwrite
reward_intervention,eval/intact,random,10039,111.68927001953125,0.245,38.80545473098755,overwrite
reward_intervention,eval/intact,random,10040,101.03496551513672,0.29,50.42936849594116,overwrite
reward_intervention,eval/intact,random,10041,94.65486145019531,0.255,46.75653028488159,overwrite
reward_intervention,eval/intact,random,10042,107.51129150390625,0.26,47.79604721069336,overwrite
reward_intervention,eval/intact,random,10043,97.52403259277344,0.255,55.59163570404053,overwrite
reward_intervention,eval/intact,random,10044,95.8270492553711,0.235,51.391879081726074,overwrite
reward_intervention,eval/intact,random,10045,93.86679077148438,0.285,52.86617946624756,overwrite
reward_intervention,eval/intact,random,10046,108.60939025878906,0.285,44.945844650268555,overwrite
reward_intervention,eval/intact,random,10047,99.97389221191406,0.215,63.16008472442627,overwrite
reward_intervention,eval/intact,random,10048,106.63331604003906,0.215,52.16561269760132,overwrite
reward_intervention,eval/zeroed,tf_legacy,9999,109.26465606689453,0.18,35.12173557281494,overwrite
reward_intervention,eval/zeroed,tf_legacy,10000,126.53520202636719,0.435,35.539162158966064,overwrite
reward_intervention,eval/zeroed,tf_legacy,10001,87.53927612304688,0.19,54.86893320083618,overwrite
reward_intervention,eval/zeroed,tf_legacy,10002,91.70858764648438,0.28,58.41878604888916,overwrite
reward_intervention,eval/zeroed,tf_legacy,10003,111.9354019165039,0.345,51.02559566497803,overwrite
reward_intervention,eval/zeroed,tf_legacy,10004,95.69192504882812,0.105,50.78814458847046,overwrite
reward_intervention,eval/zeroed,tf_legacy,10005,102.24119567871094,0.355,58.0829119682312,overwrite
reward_intervention,eval/zeroed,tf_legacy,10006,89.24864959716797,0.055,60.01899290084839,overwrite
reward_intervention,eval/zeroed,tf_legacy,10007,100.71064758300781,0.115,51.758631229400635,overwrite
reward_intervention,eval/zeroed,tf_legacy,10008,82.00080108642578,0.11,77.4009747505188,overwrite
reward_intervention,eval/zeroed,tf_legacy,10009,83.97425842285156,0.165,70.33031463623047,overwrite
reward_intervention,eval/zeroed,tf_legacy,10010,102.78021240234375,0.285,40.74316644668579,overwrite
reward_intervention,eval/zeroed,tf_legacy,10011,121.7530288696289,0.365,34.40139436721802,overwrite
reward_intervention,eval/zeroed,tf_legacy,10012,101.90817260742188,0.165,68.79657411575317,overwrite
reward_intervention,eval/zeroed,tf_legacy,10013,120.13551330566406,0.425,37.99304819107056,overwrite
reward_intervention,eval/zeroed,tf_legacy,10014,86.28657531738281,0.265,70.33167695999146,overwrite
reward_intervention,eval/zeroed,tf_legacy,10015,114.31163024902344,0.41,35.01546001434326,overwrite
reward_intervention,eval/zeroed,tf_legacy,10016,83.8847885131836,0.095,52.88977098464966,overwrite
reward_intervention,eval/zeroed,tf_legacy,10017,124.22857666015625,0.41,22.322706699371338,overwrite
reward_intervention,eval/zeroed,tf_legacy,10018,69.3244400024414,0.03,77.14725923538208,overwrite
reward_intervention,eval/zeroed,tf_legacy,10019,75.15628814697266,0.045,75.08603763580322,overwrite
reward_intervention,eval/zeroed,tf_legacy,10020,103.53764343261719,0.165,34.3587760925293,overwrite
reward_intervention,eval/zeroed,tf_legacy,10021,102.70138549804688,0.215,44.46503782272339,overwrite
reward_intervention,eval/zeroed,tf_legacy,10022,110.85873413085938,0.505,41.61021566390991,overwrite
reward_intervention,eval/zeroed,tf_legacy,10023,86.0582046508789,0.225,56.00202798843384,overwrite
reward_intervention,eval/zeroed,tf_legacy,10024,120.23579406738281,0.435,24.51658868789673,overwrite
reward_intervention,eval/zeroed,tf_legacy,10025,92.01203918457031,0.13,48.419941425323486,overwrite
reward_intervention,eval/zeroed,tf_legacy,10026,108.72309875488281,0.405,28.164945125579834,overwrite
reward_intervention,eval/zeroed,tf_legacy,10027,85.62042236328125,0.22,56.58316373825073,overwrite
reward_intervention,eval/zeroed,tf_legacy,10028,92.97451782226562,0.23,59.071571350097656,overwrite
reward_intervention,eval/zeroed,tf_legacy,10029,96.03834533691406,0.105,42.264278411865234,overwrite
reward_intervention,eval/zeroed,tf_legacy,10030,93.53235626220703,0.195,51.999852657318115,overwrite
reward_intervention,eval/zeroed,tf_legacy,10031,90.49061584472656,0.35,57.97133207321167,overwrite
reward_intervention,eval/zeroed,tf_legacy,10032,105.36901092529297,0.565,17.25420904159546,overwrite
reward_intervention,eval/zeroed,tf_legacy,10033,104.947998046875,0.305,56.86814737319946,overwrite
reward_intervention,eval/zeroed,tf_legacy,10034,82.13368225097656,0.075,69.38433599472046,overwrite
reward_intervention,eval/zeroed,tf_legacy,10035,87.95305633544922,0.02,79.43808031082153,overwrite
reward_intervention,eval/zeroed,tf_legacy,10036,109.91150665283203,0.33,46.97757911682129,overwrite
reward_intervention,eval/zeroed,tf_legacy,10037,116.26536560058594,0.37,21.855812549591064,overwrite
reward_intervention,eval/zeroed,tf_legacy,10038,105.09532165527344,0.19,36.055978775024414,overwrite
reward_intervention,eval/zeroed,tf_legacy,10039,114.20474243164062,0.18,36.00232648849487,overwrite
reward_intervention,eval/zeroed,tf_legacy,10040,94.0229721069336,0.375,58.25853395462036,overwrite
reward_intervention,eval/zeroed,tf_legacy,10041,100.63733673095703,0.31,39.91804027557373,overwrite
reward_intervention,eval/zeroed,tf_legacy,10042,99.0019302368164,0.125,54.91551923751831,overwrite
reward_intervention,eval/zeroed,tf_legacy,10043,118.29515838623047,0.425,33.62754821777344,overwrite
reward_intervention,eval/zeroed,tf_legacy,10044,58.75397491455078,0.125,85.00731325149536,overwrite
reward_intervention,eval/zeroed,tf_legacy,10045,100.75260162353516,0.285,46.863866329193115,overwrite
reward_intervention,eval/zeroed,tf_legacy,10046,123.64448547363281,0.6,27.179776668548584,overwrite
reward_intervention,eval/zeroed,tf_legacy,10047,126.96278381347656,0.35,34.819228649139404,overwrite
reward_intervention,eval/zeroed,tf_legacy,10048,124.69242858886719,0.245,32.060532093048096,overwrite
reward_intervention,eval/zeroed,tf_self,9999,110.44844055175781,0.43,34.98382616043091,overwrite
reward_intervention,eval/zeroed,tf_self,10000,130.72573852539062,0.36,32.2160062789917,overwrite
reward_intervention,eval/zeroed,tf_self,10001,93.56269836425781,0.085,49.98788547515869,overwrite
reward_intervention,eval/zeroed,tf_self,10002,123.31040954589844,0.45,30.839261054992676,overwrite
reward_intervention,eval/zeroed,tf_self,10003,124.5872802734375,0.595,34.27533721923828,overwrite
reward_intervention,eval/zeroed,tf_self,10004,116.80206298828125,0.545,30.290983200073242,overwrite
reward_intervention,eval/zeroed,tf_self,10005,102.30754852294922,0.345,53.06534957885742,overwrite
reward_intervention,eval/zeroed,tf_self,10006,122.8316650390625,0.43,25.946044921875,overwrite
reward_intervention,eval/zeroed,tf_self,10007,120.75074768066406,0.23,31.450143814086914,overwrite
reward_intervention,eval/zeroed,tf_self,10008,123.9801025390625,0.53,35.138648986816406,overwrite
reward_intervention,eval/zeroed,tf_self,10009,96.65768432617188,0.265,55.55211877822876,overwrite
reward_intervention,eval/zeroed,tf_self,10010,71.80470275878906,0.195,73.09243679046631,overwrite
reward_intervention,eval/zeroed,tf_self,10011,105.30967712402344,0.255,48.8932728767395,overwrite
reward_intervention,eval/zeroed,tf_self,10012,138.51632690429688,0.595,28.83001708984375,overwrite
reward_intervention,eval/zeroed,tf_self,10013,130.61886596679688,0.335,28.375107765197754,overwrite
reward_intervention,eval/zeroed,tf_self,10014,77.56293487548828,0.23,78.42768430709839,overwrite
reward_intervention,eval/zeroed,tf_self,10015,107.58399963378906,0.27,40.32338523864746,overwrite
reward_intervention,eval/zeroed,tf_self,10016,96.70703125,0.375,43.88587284088135,overwrite
reward_intervention,eval/zeroed,tf_self,10017,106.23014068603516,0.475,39.44751787185669,overwrite
reward_intervention,eval/zeroed,tf_self,10018,97.47711181640625,0.145,51.28982496261597,overwrite
reward_intervention,eval/zeroed,tf_self,10019,84.15418243408203,0.215,66.0252366065979,overwrite
reward_intervention,eval/zeroed,tf_self,10020,91.92442321777344,0.335,47.0888147354126,overwrite
reward_intervention,eval/zeroed,tf_self,10021,88.30165100097656,0.185,60.840940952301025,overwrite
reward_intervention,eval/zeroed,tf_self,10022,102.0384750366211,0.425,51.26344299316406,overwrite
reward_intervention,eval/zeroed,tf_self,10023,95.98280334472656,0.2,46.287813663482666,overwrite
reward_intervention,eval/zeroed,tf_self,10024,123.8617935180664,0.58,20.846421241760254,overwrite
reward_intervention,eval/zeroed,tf_self,10025,118.56718444824219,0.435,22.617934703826904,overwrite
reward_intervention,eval/zeroed,tf_self,10026,89.62190246582031,0.205,43.88128471374512,overwrite
reward_intervention,eval/zeroed,tf_self,10027,69.72736358642578,0.035,69.96738290786743,overwrite
reward_intervention,eval/zeroed,tf_self,10028,104.27156829833984,0.29,48.19460725784302,overwrite
reward_intervention,eval/zeroed,tf_self,10029,131.05764770507812,0.61,11.42536735534668,overwrite
reward_intervention,eval/zeroed,tf_self,10030,106.92345428466797,0.24,41.45406103134155,overwrite
reward_intervention,eval/zeroed,tf_self,10031,98.03799438476562,0.165,51.177574634552,overwrite
reward_intervention,eval/zeroed,tf_self,10032,91.96087646484375,0.27,32.61604166030884,overwrite
reward_intervention,eval/zeroed,tf_self,10033,115.42633819580078,0.105,45.97178936004639,overwrite
reward_intervention,eval/zeroed,tf_self,10034,97.04927062988281,0.23,51.42739391326904,overwrite
reward_intervention,eval/zeroed,tf_self,10035,109.5078125,0.305,57.68633508682251,overwrite
reward_intervention,eval/zeroed,tf_self,10036,88.72940063476562,0.45,65.0927095413208,overwrite
reward_intervention,eval/zeroed,tf_self,10037,102.57694244384766,0.375,34.180925369262695,overwrite
reward_intervention,eval/zeroed,tf_self,10038,99.45257568359375,0.26,39.02819585800171,overwrite
reward_intervention,eval/zeroed,tf_self,10039,117.5954818725586,0.31,33.96867370605469,overwrite
reward_intervention,eval/zeroed,tf_self,10040,100.35747528076172,0.22,52.643136501312256,overwrite
reward_intervention,eval/zeroed,tf_self,10041,89.45274353027344,0.185,50.73839855194092,overwrite
reward_intervention,eval/zeroed,tf_self,10042,121.31300354003906,0.38,31.78141164779663,overwrite
reward_intervention,eval/zeroed,tf_self,10043,111.35562896728516,0.26,43.4844183921814,overwrite
reward_intervention,eval/zeroed,tf_self,10044,108.01722717285156,0.535,35.582966327667236,overwrite
reward_intervention,eval/zeroed,tf_self,10045,86.25978088378906,0.16,57.916104793548584,overwrite
reward_intervention,eval/zeroed,tf_self,10046,105.52783203125,0.105,45.236769676208496,overwrite
reward_intervention,eval/zeroed,tf_self,10047,94.31600189208984,0.15,70.10072612762451,overwrite
reward_intervention,eval/zeroed,tf_self,10048,123.39813232421875,0.325,34.212990283966064,overwrite
reward_intervention,eval/zeroed,optimal,9999,141.20579528808594,1.0,0.0,overwrite
reward_intervention,eval/zeroed,optimal,10000,160.66639709472656,1.0,0.0,overwrite
reward_intervention,eval/zeroed,optimal,10001,145.31277465820312,1.0,0.0,overwrite
reward_intervention,eval/zeroed,optimal,10002,154.31651306152344,1.0,0.0,overwrite
reward_intervention,eval/zeroed,optimal,10003,159.40057373046875,1.0,0.0,overwrite
reward_intervention,eval/zeroed,optimal,10004,149.41934204101562,1.0,0.0,overwrite
reward_intervention,eval/zeroed,optimal,10005,156.21694946289062,1.0,0.0,overwrite
reward_intervention,eval/zeroed,optimal,10006,145.3865203857422,1.0,0.0,overwrite
reward_intervention,eval/zeroed,optimal,10007,155.88116455078125,1.0,0.0,overwrite
reward_intervention,eval/zeroed,optimal,10008,157.59585571289062,1.0,0.0,overwrite
reward_intervention,eval/zeroed,optimal,10009,153.279296875,1.0,0.0,overwrite
reward_intervention,eval/zeroed,optimal,10010,150.4432373046875,1.0,0.0,overwrite
reward_intervention,eval/zeroed,optimal,10011,154.8956298828125,1.0,0.0,overwrite
reward_intervention,eval/zeroed,optimal,10012,163.3168182373047,1.0,0.0,overwrite
reward_intervention,eval/zeroed,optimal,10013,157.58216857910156,1.0,0.0,overwrite
reward_intervention,eval/zeroed,optimal,10014,153.15005493164062,1.0,0.0,overwrite
reward_intervention,eval/zeroed,optimal,10015,150.13525390625,1.0,0.0,overwrite
reward_intervention,eval/zeroed,optimal,10016,136.85256958007812,1.0,0.0,overwrite
reward_intervention,eval/zeroed,optimal,10017,149.96990966796875,1.0,0.0,overwrite
reward_intervention,eval/zeroed,optimal,10018,145.6324462890625,1.0,0.0,overwrite
reward_intervention,eval/zeroed,optimal,10019,152.00038146972656,1.0,0.0,overwrite
reward_intervention,eval/zeroed,optimal,10020,139.1854248046875,1.0,0.0,overwrite
reward_intervention,eval/zeroed,optimal,10021,146.62905883789062,1.0,0.0,overwrite
reward_intervention,eval/zeroed,optimal,10022,151.38845825195312,1.0,0.0,overwrite
reward_intervention,eval/zeroed,optimal,10023,140.74717712402344,1.0,0.0,overwrite
reward_intervention,eval/zeroed,optimal,10024,145.08932495117188,1.0,0.0,overwrite
reward_intervention,eval/zeroed,optimal,10025,141.3740234375,1.0,0.0,overwrite
reward_intervention,eval/zeroed,optimal,10026,133.78631591796875,1.0,0.0,overwrite
reward_intervention,eval/zeroed,optimal,10027,141.1024169921875,1.0,0.0,overwrite
reward_intervention,eval/zeroed,optimal,10028,158.6577606201172,1.0,0.0,overwrite
reward_intervention,eval/zeroed,optimal,10029,139.73892211914062,1.0,0.0,overwrite
reward_intervention,eval/zeroed,optimal,10030,153.2302703857422,1.0,0.0,overwrite
reward_intervention,eval/zeroed,optimal,10031,148.677001953125,1.0,0.0,overwrite
reward_intervention,eval/zeroed,optimal,10032,118.6419906616211,1.0,0.0,overwrite
reward_intervention,eval/zeroed,optimal,10033,160.3961944580078,1.0,0.0,overwrite
reward_intervention,eval/zeroed,optimal,10034,151.35794067382812,1.0,0.0,overwrite
reward_intervention,eval/zeroed,optimal,10035,167.00559997558594,1.0,0.0,overwrite
reward_intervention,eval/zeroed,optimal,10036,152.4580535888672,1.0,0.0,overwrite
reward_intervention,eval/zeroed,optimal,10037,138.62362670898438,1.0,0.0,overwrite
reward_intervention,eval/zeroed,optimal,10038,139.50601196289062,1.0,0.0,overwrite
reward_intervention,eval/zeroed,optimal,10039,155.94541931152344,1.0,0.0,overwrite
reward_intervention,eval/zeroed,optimal,10040,149.40174865722656,1.0,0.0,overwrite
reward_intervention,eval/zeroed,optimal,10041,143.17428588867188,1.0,0.0,overwrite
reward_intervention,eval/zeroed,optimal,10042,156.06277465820312,1.0,0.0,overwrite
reward_intervention,eval/zeroed,optimal,10043,153.32635498046875,1.0,0.0,overwrite
reward_intervention,eval/zeroed,optimal,10044,144.0423583984375,1.0,0.0,overwrite
reward_intervention,eval/zeroed,optimal,10045,145.1358642578125,1.0,0.0,overwrite
reward_intervention,eval/zeroed,optimal,10046,152.8437042236328,1.0,0.0,overwrite
reward_intervention,eval/zeroed,optimal,10047,164.7223663330078,1.0,0.0,overwrite
reward_intervention,eval/zeroed,optimal,10048,156.09974670410156,1.0,0.0,overwrite
reward_intervention,eval/zeroed,epsgreedy,9999,107.15028381347656,0.335,36.70687913894653,overwrite
reward_intervention,eval/zeroed,epsgreedy,10000,115.47557830810547,0.285,48.01909875869751,overwrite
reward_intervention,eval/zeroed,epsgreedy,10001,98.32467651367188,0.21,50.22875738143921,overwrite
reward_intervention,eval/zeroed,epsgreedy,10002,108.9806900024414,0.24,47.16929769515991,overwrite
reward_intervention,eval/zeroed,epsgreedy,10003,118.31794738769531,0.265,43.29592800140381,overwrite
reward_intervention,eval/zeroed,epsgreedy,10004,90.95984649658203,0.205,58.52745723724365,overwrite
reward_intervention,eval/zeroed,epsgreedy,10005,93.73258972167969,0.225,63.9432897567749,overwrite
reward_intervention,eval/zeroed,epsgreedy,10006,100.46717071533203,0.24,49.992069244384766,overwrite
reward_intervention,eval/zeroed,epsgreedy,10007,111.13243103027344,0.23,47.97601270675659,overwrite
reward_intervention,eval/zeroed,epsgreedy,10008,101.327880859375,0.265,56.8190336227417,overwrite
reward_intervention,eval/zeroed,epsgreedy,10009,94.4378662109375,0.235,58.76846981048584,overwrite
reward_intervention,eval/zeroed,epsgreedy,10010,102.97964477539062,0.325,44.61416816711426,overwrite
reward_intervention,eval/zeroed,epsgreedy,10011,114.04380798339844,0.285,40.547719955444336,overwrite
reward_intervention,eval/zeroed,epsgreedy,10012,109.05445861816406,0.19,58.61287069320679,overwrite
reward_intervention,eval/zeroed,epsgreedy,10013,115.07291412353516,0.165,44.75566291809082,overwrite
reward_intervention,eval/zeroed,epsgreedy,10014,89.21566009521484,0.235,66.70842266082764,overwrite
reward_intervention,eval/zeroed,epsgreedy,10015,106.3626937866211,0.24,41.872743129730225,overwrite
reward_intervention,eval/zeroed,epsgreedy,10016,93.28437805175781,0.245,45.851786613464355,overwrite
reward_intervention,eval/zeroed,epsgreedy,10017,104.77120971679688,0.24,45.12819862365723,overwrite
reward_intervention,eval/zeroed,epsgreedy,10018,103.31098937988281,0.275,44.761991024017334,overwrite
reward_intervention,eval/zeroed,epsgreedy,10019,107.93357849121094,0.28,42.54681921005249,overwrite
reward_intervention,eval/zeroed,epsgreedy,10020,97.04727935791016,0.25,41.330750942230225,overwrite
reward_intervention,eval/zeroed,epsgreedy,10021,77.94473266601562,0.245,68.86471557617188,overwrite
reward_intervention,eval/zeroed,epsgreedy,10022,100.38517761230469,0.2,51.65419578552246,overwrite
reward_intervention,eval/zeroed,epsgreedy,10023,89.74536895751953,0.24,50.361618518829346,overwrite
reward_intervention,eval/zeroed,epsgreedy,10024,104.33842468261719,0.25,39.490421772003174,overwrite
reward_intervention,eval/zeroed,epsgreedy,10025,101.73007202148438,0.26,38.89168834686279,overwrite
reward_intervention,eval/zeroed,epsgreedy,10026,94.77302551269531,0.28,40.84324932098389,overwrite
reward_intervention,eval/zeroed,epsgreedy,10027,95.36827087402344,0.26,48.79675817489624,overwrite
reward_intervention,eval/zeroed,epsgreedy,10028,101.53652954101562,0.305,51.95433330535889,overwrite
reward_intervention,eval/zeroed,epsgreedy,10029,98.40821838378906,0.235,40.60687065124512,overwrite
reward_intervention,eval/zeroed,epsgreedy,10030,98.42267608642578,0.2,51.803510665893555,overwrite
reward_intervention,eval/zeroed,epsgreedy,10031,86.60076904296875,0.18,60.5513482093811,overwrite
reward_intervention,eval/zeroed,epsgreedy,10032,94.85455322265625,0.26,25.502727508544922,overwrite
reward_intervention,eval/zeroed,epsgreedy,10033,106.36457061767578,0.235,54.99271202087402,overwrite
reward_intervention,eval/zeroed,epsgreedy,10034,105.58636474609375,0.26,44.77259540557861,overwrite
reward_intervention,eval/zeroed,epsgreedy,10035,114.32632446289062,0.26,53.27706241607666,overwrite
reward_intervention,eval/zeroed,epsgreedy,10036,103.52296447753906,0.255,50.872817039489746,overwrite
reward_intervention,eval/zeroed,epsgreedy,10037,108.31654357910156,0.28,28.85557460784912,overwrite
reward_intervention,eval/zeroed,epsgreedy,10038,99.51312255859375,0.245,38.5962700843811,overwrite
reward_intervention,eval/zeroed,epsgreedy,10039,109.34840393066406,0.275,38.26297187805176,overwrite
reward_intervention,eval/zeroed,epsgreedy,10040,94.37523651123047,0.22,57.039945125579834,overwrite
reward_intervention,eval/zeroed,epsgreedy,10041,103.31490325927734,0.3,40.28518724441528,overwrite
reward_intervention,eval/zeroed,epsgreedy,10042,111.84820556640625,0.28,41.95374059677124,overwrite
reward_intervention,eval/zeroed,epsgreedy,10043,95.87084197998047,0.245,55.46653413772583,overwrite
reward_intervention,eval/zeroed,epsgreedy,10044,100.22056579589844,0.25,45.28056621551514,overwrite
reward_intervention,eval/zeroed,epsgreedy,10045,85.56443786621094,0.24,55.831345558166504,overwrite
reward_intervention,eval/zeroed,epsgreedy,10046,98.12100219726562,0.255,52.21655225753784,overwrite
reward_intervention,eval/zeroed,epsgreedy,10047,105.76921081542969,0.32,57.11635446548462,overwrite
reward_intervention,eval/zeroed,epsgreedy,10048,112.18036651611328,0.205,46.19312000274658,overwrite
reward_intervention,eval/zeroed,greedy,9999,107.15028381347656,0.335,36.70687913894653,overwrite
reward_intervention,eval/zeroed,greedy,10000,115.47557830810547,0.285,48.01909875869751,overwrite
reward_intervention,eval/zeroed,greedy,10001,98.32467651367188,0.21,50.22875738143921,overwrite
reward_intervention,eval/zeroed,greedy,10002,108.9806900024414,0.24,47.16929769515991,overwrite
reward_intervention,eval/zeroed,greedy,10003,118.31794738769531,0.265,43.29592800140381,overwrite
reward_intervention,eval/zeroed,greedy,10004,90.95984649658203,0.205,58.52745723724365,overwrite
reward_intervention,eval/zeroed,greedy,10005,93.73258972167969,0.225,63.9432897567749,overwrite
reward_intervention,eval/zeroed,greedy,10006,100.46717071533203,0.24,49.992069244384766,overwrite
reward_intervention,eval/zeroed,greedy,10007,111.13243103027344,0.23,47.97601270675659,overwrite
reward_intervention,eval/zeroed,greedy,10008,101.327880859375,0.265,56.8190336227417,overwrite
reward_intervention,eval/zeroed,greedy,10009,94.4378662109375,0.235,58.76846981048584,overwrite
reward_intervention,eval/zeroed,greedy,10010,102.97964477539062,0.325,44.61416816711426,overwrite
reward_intervention,eval/zeroed,greedy,10011,114.04380798339844,0.285,40.547719955444336,overwrite
reward_intervention,eval/zeroed,greedy,10012,109.05445861816406,0.19,58.61287069320679,overwrite
reward_intervention,eval/zeroed,greedy,10013,115.07291412353516,0.165,44.75566291809082,overwrite
reward_intervention,eval/zeroed,greedy,10014,89.21566009521484,0.235,66.70842266082764,overwrite
reward_intervention,eval/zeroed,greedy,10015,106.3626937866211,0.24,41.872743129730225,overwrite
reward_intervention,eval/zeroed,greedy,10016,93.28437805175781,0.245,45.851786613464355,overwrite
reward_intervention,eval/zeroed,greedy,10017,104.77120971679688,0.24,45.12819862365723,overwrite
reward_intervention,eval/zeroed,greedy,10018,103.31098937988281,0.275,44.761991024017334,overwrite
reward_intervention,eval/zeroed,greedy,10019,107.93357849121094,0.28,42.54681921005249,overwrite
reward_intervention,eval/zeroed,greedy,10020,97.04727935791016,0.25,41.330750942230225,overwrite
reward_intervention,eval/zeroed,greedy,10021,77.94473266601562,0.245,68.86471557617188,overwrite
reward_intervention,eval/zeroed,greedy,10022,100.38517761230469,0.2,51.65419578552246,overwrite
reward_intervention,eval/zeroed,greedy,10023,89.74536895751953,0.24,50.361618518829346,overwrite
reward_intervention,eval/zeroed,greedy,10024,104.33842468261719,0.25,39.490421772003174,overwrite
reward_intervention,eval/zeroed,greedy,10025,101.73007202148438,0.26,38.89168834686279,overwrite
reward_intervention,eval/zeroed,greedy,10026,94.77302551269531,0.28,40.84324932098389,overwrite
reward_intervention,eval/zeroed,greedy,10027,95.36827087402344,0.26,48.79675817489624,overwrite
reward_intervention,eval/zeroed,greedy,10028,101.53652954101562,0.305,51.95433330535889,overwrite
reward_intervention,eval/zeroed,greedy,10029,98.40821838378906,0.235,40.60687065124512,overwrite
reward_intervention,eval/zeroed,greedy,10030,98.42267608642578,0.2,51.803510665893555,overwrite
reward_intervention,eval/zeroed,greedy,10031,86.60076904296875,0.18,60.5513482093811,overwrite
reward_intervention,eval/zeroed,greedy,10032,94.85455322265625,0.26,25.502727508544922,overwrite
reward_intervention,eval/zeroed,greedy,10033,106.36457061767578,0.235,54.99271202087402,overwrite
reward_intervention,eval/zeroed,greedy,10034,105.58636474609375,0.26,44.77259540557861,overwrite
reward_intervention,eval/zeroed,greedy,10035,114.32632446289062,0.26,53.27706241607666,overwrite
reward_intervention,eval/zeroed,greedy,10036,103.52296447753906,0.255,50.872817039489746,overwrite
reward_intervention,eval/zeroed,greedy,10037,108.31654357910156,0.28,28.85557460784912,overwrite
reward_intervention,eval/zeroed,greedy,10038,99.51312255859375,0.245,38.5962700843811,overwrite
reward_intervention,eval/zeroed,greedy,10039,109.34840393066406,0.275,38.26297187805176,overwrite
reward_intervention,eval/zeroed,greedy,10040,94.37523651123047,0.22,57.039945125579834,overwrite
reward_intervention,eval/zeroed,greedy,10041,103.31490325927734,0.3,40.28518724441528,overwrite
reward_intervention,eval/zeroed,greedy,10042,111.84820556640625,0.28,41.95374059677124,overwrite
reward_intervention,eval/zeroed,greedy,10043,95.87084197998047,0.245,55.46653413772583,overwrite
reward_intervention,eval/zeroed,greedy,10044,100.22056579589844,0.25,45.28056621551514,overwrite
reward_intervention,eval/zeroed,greedy,10045,85.56443786621094,0.24,55.831345558166504,overwrite
reward_intervention,eval/zeroed,greedy,10046,98.12100219726562,0.255,52.21655225753784,overwrite
reward_intervention,eval/zeroed,greedy,10047,105.76921081542969,0.32,57.11635446548462,overwrite
reward_intervention,eval/zeroed,greedy,10048,112.18036651611328,0.205,46.19312000274658,overwrite
reward_intervention,eval/zeroed,random,9999,104.20384979248047,0.24,41.401740074157715,overwrite
reward_intervention,eval/zeroed,random,10000,110.36770629882812,0.29,51.73642921447754,overwrite
reward_intervention,eval/zeroed,random,10001,101.75326538085938,0.265,45.854233264923096,overwrite
reward_intervention,eval/zeroed,random,10002,108.02197265625,0.285,44.15881681442261,overwrite
reward_intervention,eval/zeroed,random,10003,121.4687728881836,0.325,41.9236798286438,overwrite
reward_intervention,eval/zeroed,random,10004,94.25703430175781,0.24,55.0237340927124,overwrite
reward_intervention,eval/zeroed,random,10005,99.29074096679688,0.27,59.37734937667847,overwrite
reward_intervention,eval/zeroed,random,10006,107.99085235595703,0.325,45.105323791503906,overwrite
reward_intervention,eval/zeroed,random,10007,114.64431762695312,0.23,43.23870801925659,overwrite
reward_intervention,eval/zeroed,random,10008,91.56184387207031,0.195,67.60078716278076,overwrite
reward_intervention,eval/zeroed,random,10009,94.35845184326172,0.19,57.437175273895264,overwrite
reward_intervention,eval/zeroed,random,10010,94.16703796386719,0.24,53.67103862762451,overwrite
reward_intervention,eval/zeroed,random,10011,109.7741928100586,0.22,43.76759099960327,overwrite
reward_intervention,eval/zeroed,random,10012,120.38268280029297,0.27,48.641451358795166,overwrite
reward_intervention,eval/zeroed,random,10013,115.09738159179688,0.25,44.02182483673096,overwrite
reward_intervention,eval/zeroed,random,10014,93.03694915771484,0.275,60.11474609375,overwrite
reward_intervention,eval/zeroed,random,10015,108.04640197753906,0.225,42.38377666473389,overwrite
reward_intervention,eval/zeroed,random,10016,95.12654113769531,0.3,42.387423038482666,overwrite
reward_intervention,eval/zeroed,random,10017,104.27647399902344,0.245,42.414865016937256,overwrite
reward_intervention,eval/zeroed,random,10018,105.53889465332031,0.275,42.61589431762695,overwrite
reward_intervention,eval/zeroed,random,10019,103.39932250976562,0.235,46.22064924240112,overwrite
reward_intervention,eval/zeroed,random,10020,99.56552124023438,0.23,41.07658672332764,overwrite
reward_intervention,eval/zeroed,random,10021,84.97496032714844,0.24,63.445013999938965,overwrite
reward_intervention,eval/zeroed,random,10022,105.95201873779297,0.265,47.555158615112305,overwrite
reward_intervention,eval/zeroed,random,10023,96.10975646972656,0.27,47.89344549179077,overwrite
reward_intervention,eval/zeroed,random,10024,111.04241943359375,0.245,36.56248331069946,overwrite
reward_intervention,eval/zeroed,random,10025,94.43516540527344,0.255,46.36319923400879,overwrite
reward_intervention,eval/zeroed,random,10026,92.69232177734375,0.235,44.182326316833496,overwrite
reward_intervention,eval/zeroed,random,10027,93.04194641113281,0.23,48.355183601379395,overwrite
reward_intervention,eval/zeroed,random,10028,97.2858657836914,0.28,59.88522911071777,overwrite
reward_intervention,eval/zeroed,random,10029,97.01669311523438,0.255,45.86236047744751,overwrite
reward_intervention,eval/zeroed,random,10030,99.0077896118164,0.23,51.50560522079468,overwrite
reward_intervention,eval/zeroed,random,10031,95.68562316894531,0.28,52.28444147109985,overwrite
reward_intervention,eval/zeroed,random,10032,97.1936264038086,0.25,25.51892328262329,overwrite
reward_intervention,eval/zeroed,random,10033,102.43862915039062,0.225,57.66783952713013,overwrite
reward_intervention,eval/zeroed,random,10034,108.78402709960938,0.255,43.42113637924194,overwrite
reward_intervention,eval/zeroed,random,10035,110.596435546875,0.24,57.719101905822754,overwrite
reward_intervention,eval/zeroed,random,10036,105.05601501464844,0.265,45.02997875213623,overwrite
reward_intervention,eval/zeroed,random,10037,102.6802749633789,0.26,33.48616933822632,overwrite
reward_intervention,eval/zeroed,random,10038,100.32266998291016,0.28,39.76910734176636,overwrite
reward_intervention,eval/zeroed,random,10039,111.68927001953125,0.245,38.80545473098755,overwrite
reward_intervention,eval/zeroed,random,10040,101.03496551513672,0.29,50.42936849594116,overwrite
reward_intervention,eval/zeroed,random,10041,94.65486145019531,0.255,46.75653028488159,overwrite
reward_intervention,eval/zeroed,random,10042,107.51129150390625,0.26,47.79604721069336,overwrite
reward_intervention,eval/zeroed,random,10043,97.52403259277344,0.255,55.59163570404053,overwrite
reward_intervention,eval/zeroed,random,10044,95.8270492553711,0.235,51.391879081726074,overwrite
reward_intervention,eval/zeroed,random,10045,93.86679077148438,0.285,52.86617946624756,overwrite
reward_intervention,eval/zeroed,random,10046,108.60939025878906,0.285,44.945844650268555,overwrite
reward_intervention,eval/zeroed,random,10047,99.97389221191406,0.215,63.16008472442627,overwrite
reward_intervention,eval/zeroed,random,10048,106.63331604003906,0.215,52.16561269760132,overwrite
reward_intervention,eval/constant,tf_legacy,9999,101.24846649169922,0.07,43.342463970184326,overwrite
reward_intervention,eval/constant,tf_legacy,10000,120.45073699951172,0.365,42.75086259841919,overwrite
reward_intervention,eval/constant,tf_legacy,10001,90.4211654663086,0.265,53.837318897247314,overwrite
reward_intervention,eval/constant,tf_legacy,10002,93.98545837402344,0.255,59.11072397232056,overwrite
reward_intervention,eval/constant,tf_legacy,10003,108.9285659790039,0.355,52.410271644592285,overwrite
reward_intervention,eval/constant,tf_legacy,10004,93.4176254272461,0.165,54.38199520111084,overwrite
reward_intervention,eval/constant,tf_legacy,10005,82.32435607910156,0.305,79.64588212966919,overwrite
reward_intervention,eval/constant,tf_legacy,10006,74.84576416015625,0.095,75.24326419830322,overwrite
reward_intervention,eval/constant,tf_legacy,10007,98.69094848632812,0.16,55.341909408569336,overwrite
reward_intervention,eval/constant,tf_legacy,10008,89.72844696044922,0.175,68.78481388092041,overwrite
reward_intervention,eval/constant,tf_legacy,10009,92.55003356933594,0.345,61.019662380218506,overwrite
reward_intervention,eval/constant,tf_legacy,10010,113.6201171875,0.455,31.29512882232666,overwrite
reward_intervention,eval/constant,tf_legacy,10011,114.07508850097656,0.37,43.154860496520996,overwrite
reward_intervention,eval/constant,tf_legacy,10012,104.62547302246094,0.22,64.56590557098389,overwrite
reward_intervention,eval/constant,tf_legacy,10013,119.61116790771484,0.35,37.84220218658447,overwrite
reward_intervention,eval/constant,tf_legacy,10014,83.52993774414062,0.395,71.0051531791687,overwrite
reward_intervention,eval/constant,tf_legacy,10015,114.33061981201172,0.355,35.48975896835327,overwrite
reward_intervention,eval/constant,tf_legacy,10016,85.27617645263672,0.04,52.53656578063965,overwrite
reward_intervention,eval/constant,tf_legacy,10017,124.26655578613281,0.445,19.514485836029053,overwrite
reward_intervention,eval/constant,tf_legacy,10018,81.280517578125,0.115,65.7434024810791,overwrite
reward_intervention,eval/constant,tf_legacy,10019,94.30697631835938,0.115,55.98926258087158,overwrite
reward_intervention,eval/constant,tf_legacy,10020,115.81974792480469,0.32,21.858799934387207,overwrite
reward_intervention,eval/constant,tf_legacy,10021,97.89344024658203,0.225,49.85523319244385,overwrite
reward_intervention,eval/constant,tf_legacy,10022,94.1610336303711,0.16,58.54606056213379,overwrite
reward_intervention,eval/constant,tf_legacy,10023,91.40835571289062,0.18,50.04018974304199,overwrite
reward_intervention,eval/constant,tf_legacy,10024,106.47370147705078,0.265,39.421818256378174,overwrite
reward_intervention,eval/constant,tf_legacy,10025,97.65896606445312,0.25,45.00474977493286,overwrite
reward_intervention,eval/constant,tf_legacy,10026,97.91454315185547,0.39,38.283480644226074,overwrite
reward_intervention,eval/constant,tf_legacy,10027,87.12803649902344,0.26,57.37732744216919,overwrite
reward_intervention,eval/constant,tf_legacy,10028,84.42475891113281,0.235,67.00406265258789,overwrite
reward_intervention,eval/constant,tf_legacy,10029,105.64864349365234,0.165,37.325072288513184,overwrite
reward_intervention,eval/constant,tf_legacy,10030,95.81619262695312,0.255,54.32598638534546,overwrite
reward_intervention,eval/constant,tf_legacy,10031,100.95417022705078,0.275,46.13679552078247,overwrite
reward_intervention,eval/constant,tf_legacy,10032,97.76968383789062,0.495,22.928016662597656,overwrite
reward_intervention,eval/constant,tf_legacy,10033,110.06817626953125,0.37,51.19162654876709,overwrite
reward_intervention,eval/constant,tf_legacy,10034,80.917236328125,0.065,68.25429391860962,overwrite
reward_intervention,eval/constant,tf_legacy,10035,80.49028015136719,0.045,86.92826843261719,overwrite
reward_intervention,eval/constant,tf_legacy,10036,103.13713073730469,0.215,51.62582588195801,overwrite
reward_intervention,eval/constant,tf_legacy,10037,111.45846557617188,0.33,25.27395248413086,overwrite
reward_intervention,eval/constant,tf_legacy,10038,106.29121398925781,0.105,35.239582538604736,overwrite
reward_intervention,eval/constant,tf_legacy,10039,103.80219268798828,0.035,44.893208026885986,overwrite
reward_intervention,eval/constant,tf_legacy,10040,100.38059997558594,0.365,51.61879062652588,overwrite
reward_intervention,eval/constant,tf_legacy,10041,94.46084594726562,0.305,45.22506380081177,overwrite
reward_intervention,eval/constant,tf_legacy,10042,107.99287414550781,0.195,45.650819301605225,overwrite
reward_intervention,eval/constant,tf_legacy,10043,122.81877136230469,0.495,30.57926368713379,overwrite
reward_intervention,eval/constant,tf_legacy,10044,80.57356262207031,0.11,66.89691591262817,overwrite
reward_intervention,eval/constant,tf_legacy,10045,98.50086975097656,0.26,44.8854660987854,overwrite
reward_intervention,eval/constant,tf_legacy,10046,114.87107849121094,0.45,37.94803476333618,overwrite
reward_intervention,eval/constant,tf_legacy,10047,93.93719482421875,0.205,69.55464839935303,overwrite
reward_intervention,eval/constant,tf_legacy,10048,121.2696533203125,0.31,36.267005920410156,overwrite
reward_intervention,eval/constant,tf_self,9999,104.1593246459961,0.325,40.8244047164917,overwrite
reward_intervention,eval/constant,tf_self,10000,148.40928649902344,0.625,13.2765531539917,overwrite
reward_intervention,eval/constant,tf_self,10001,100.02175903320312,0.215,43.01396608352661,overwrite
reward_intervention,eval/constant,tf_self,10002,122.91112518310547,0.495,31.228481769561768,overwrite
reward_intervention,eval/constant,tf_self,10003,122.27976989746094,0.505,37.1852765083313,overwrite
reward_intervention,eval/constant,tf_self,10004,117.46414184570312,0.55,29.827948570251465,overwrite
reward_intervention,eval/constant,tf_self,10005,127.39746856689453,0.52,29.233132362365723,overwrite
reward_intervention,eval/constant,tf_self,10006,126.55643463134766,0.42,20.807036876678467,overwrite
reward_intervention,eval/constant,tf_self,10007,122.31460571289062,0.335,31.87371826171875,overwrite
reward_intervention,eval/constant,tf_self,10008,104.29804992675781,0.41,54.51833391189575,overwrite
reward_intervention,eval/constant,tf_self,10009,131.06161499023438,0.435,22.34792995452881,overwrite
reward_intervention,eval/constant,tf_self,10010,89.73880004882812,0.165,54.05087327957153,overwrite
reward_intervention,eval/constant,tf_self,10011,105.6595458984375,0.4,49.70258140563965,overwrite
reward_intervention,eval/constant,tf_self,10012,102.78065490722656,0.0,65.77892541885376,overwrite
reward_intervention,eval/constant,tf_self,10013,105.52328491210938,0.06,53.221168518066406,overwrite
reward_intervention,eval/constant,tf_self,10014,91.93992614746094,0.355,63.74000406265259,overwrite
reward_intervention,eval/constant,tf_self,10015,107.62016296386719,0.315,42.227492332458496,overwrite
reward_intervention,eval/constant,tf_self,10016,109.96717834472656,0.315,30.005526065826416,overwrite
reward_intervention,eval/constant,tf_self,10017,101.72694396972656,0.395,44.76138353347778,overwrite
reward_intervention,eval/constant,tf_self,10018,102.4559097290039,0.28,44.41308403015137,overwrite
reward_intervention,eval/constant,tf_self,10019,124.26155090332031,0.415,28.162400245666504,overwrite
reward_intervention,eval/constant,tf_self,10020,122.91831970214844,0.53,14.855912208557129,overwrite
reward_intervention,eval/constant,tf_self,10021,92.62712097167969,0.165,55.523377895355225,overwrite
reward_intervention,eval/constant,tf_self,10022,95.03340911865234,0.12,58.91527080535889,overwrite
reward_intervention,eval/constant,tf_self,10023,99.2900619506836,0.135,42.666022300720215,overwrite
reward_intervention,eval/constant,tf_self,10024,102.54733276367188,0.36,42.90024185180664,overwrite
reward_intervention,eval/constant,tf_self,10025,94.28073120117188,0.275,48.59535884857178,overwrite
reward_intervention,eval/constant,tf_self,10026,89.28754425048828,0.2,44.44154357910156,overwrite
reward_intervention,eval/constant,tf_self,10027,75.17868041992188,0.235,66.29490852355957,overwrite
reward_intervention,eval/constant,tf_self,10028,83.40872192382812,0.295,68.1527156829834,overwrite
reward_intervention,eval/constant,tf_self,10029,127.11305236816406,0.585,16.81268310546875,overwrite
reward_intervention,eval/constant,tf_self,10030,89.1249771118164,0.105,57.8534460067749,overwrite
reward_intervention,eval/constant,tf_self,10031,104.56181335449219,0.255,41.69842290878296,overwrite
reward_intervention,eval/constant,tf_self,10032,85.8599853515625,0.105,35.56289005279541,overwrite
reward_intervention,eval/constant,tf_self,10033,112.4665756225586,0.29,48.488622188568115,overwrite
reward_intervention,eval/constant,tf_self,10034,120.31694030761719,0.26,29.361799716949463,overwrite
reward_intervention,eval/constant,tf_self,10035,104.6290283203125,0.28,62.37669515609741,overwrite
reward_intervention,eval/constant,tf_self,10036,93.01797485351562,0.165,65.38719081878662,overwrite
reward_intervention,eval/constant,tf_self,10037,95.60508728027344,0.3,42.680020809173584,overwrite
reward_intervention,eval/constant,tf_self,10038,109.69822692871094,0.185,31.085061073303223,overwrite
reward_intervention,eval/constant,tf_self,10039,133.85752868652344,0.5,14.681248188018799,overwrite
reward_intervention,eval/constant,tf_self,10040,108.03687286376953,0.16,45.87672233581543,overwrite
reward_intervention,eval/constant,tf_self,10041,87.16787719726562,0.33,52.71831178665161,overwrite
reward_intervention,eval/constant,tf_self,10042,127.29601287841797,0.45,27.806151390075684,overwrite
reward_intervention,eval/constant,tf_self,10043,88.00824737548828,0.2,66.44262647628784,overwrite
reward_intervention,eval/constant,tf_self,10044,99.7903823852539,0.29,44.81542158126831,overwrite
reward_intervention,eval/constant,tf_self,10045,99.56444549560547,0.325,44.70521020889282,overwrite
reward_intervention,eval/constant,tf_self,10046,65.06005859375,0.045,87.64693546295166,overwrite
reward_intervention,eval/constant,tf_self,10047,75.6050033569336,0.325,86.15347290039062,overwrite
reward_intervention,eval/constant,tf_self,10048,100.54450988769531,0.235,57.29078722000122,overwrite
reward_intervention,eval/constant,optimal,9999,141.20579528808594,1.0,0.0,overwrite
reward_intervention,eval/constant,optimal,10000,160.66639709472656,1.0,0.0,overwrite
reward_intervention,eval/constant,optimal,10001,145.31277465820312,1.0,0.0,overwrite
reward_intervention,eval/constant,optimal,10002,154.31651306152344,1.0,0.0,overwrite
reward_intervention,eval/constant,optimal,10003,159.40057373046875,1.0,0.0,overwrite
reward_intervention,eval/constant,optimal,10004,149.41934204101562,1.0,0.0,overwrite
reward_intervention,eval/constant,optimal,10005,156.21694946289062,1.0,0.0,overwrite
reward_intervention,eval/constant,optimal,10006,145.3865203857422,1.0,0.0,overwrite
reward_intervention,eval/constant,optimal,10007,155.88116455078125,1.0,0.0,overwrite
reward_intervention,eval/constant,optimal,10008,157.59585571289062,1.0,0.0,overwrite
reward_intervention,eval/constant,optimal,10009,153.279296875,1.0,0.0,overwrite
reward_intervention,eval/constant,optimal,10010,150.4432373046875,1.0,0.0,overwrite
reward_intervention,eval/constant,optimal,10011,154.8956298828125,1.0,0.0,overwrite
reward_intervention,eval/constant,optimal,10012,163.3168182373047,1.0,0.0,overwrite
reward_intervention,eval/constant,optimal,10013,157.58216857910156,1.0,0.0,overwrite
reward_intervention,eval/constant,optimal,10014,153.15005493164062,1.0,0.0,overwrite
reward_intervention,eval/constant,optimal,10015,150.13525390625,1.0,0.0,overwrite
reward_intervention,eval/constant,optimal,10016,136.85256958007812,1.0,0.0,overwrite
reward_intervention,eval/constant,optimal,10017,149.96990966796875,1.0,0.0,overwrite
reward_intervention,eval/constant,optimal,10018,145.6324462890625,1.0,0.0,overwrite
reward_intervention,eval/constant,optimal,10019,152.00038146972656,1.0,0.0,overwrite
reward_intervention,eval/constant,optimal,10020,139.1854248046875,1.0,0.0,overwrite
reward_intervention,eval/constant,optimal,10021,146.62905883789062,1.0,0.0,overwrite
reward_intervention,eval/constant,optimal,10022,151.38845825195312,1.0,0.0,overwrite
reward_intervention,eval/constant,optimal,10023,140.74717712402344,1.0,0.0,overwrite
reward_intervention,eval/constant,optimal,10024,145.08932495117188,1.0,0.0,overwrite
reward_intervention,eval/constant,optimal,10025,141.3740234375,1.0,0.0,overwrite
reward_intervention,eval/constant,optimal,10026,133.78631591796875,1.0,0.0,overwrite
reward_intervention,eval/constant,optimal,10027,141.1024169921875,1.0,0.0,overwrite
reward_intervention,eval/constant,optimal,10028,158.6577606201172,1.0,0.0,overwrite
reward_intervention,eval/constant,optimal,10029,139.73892211914062,1.0,0.0,overwrite
reward_intervention,eval/constant,optimal,10030,153.2302703857422,1.0,0.0,overwrite
reward_intervention,eval/constant,optimal,10031,148.677001953125,1.0,0.0,overwrite
reward_intervention,eval/constant,optimal,10032,118.6419906616211,1.0,0.0,overwrite
reward_intervention,eval/constant,optimal,10033,160.3961944580078,1.0,0.0,overwrite
reward_intervention,eval/constant,optimal,10034,151.35794067382812,1.0,0.0,overwrite
reward_intervention,eval/constant,optimal,10035,167.00559997558594,1.0,0.0,overwrite
reward_intervention,eval/constant,optimal,10036,152.4580535888672,1.0,0.0,overwrite
reward_intervention,eval/constant,optimal,10037,138.62362670898438,1.0,0.0,overwrite
reward_intervention,eval/constant,optimal,10038,139.50601196289062,1.0,0.0,overwrite
reward_intervention,eval/constant,optimal,10039,155.94541931152344,1.0,0.0,overwrite
reward_intervention,eval/constant,optimal,10040,149.40174865722656,1.0,0.0,overwrite
reward_intervention,eval/constant,optimal,10041,143.17428588867188,1.0,0.0,overwrite
reward_intervention,eval/constant,optimal,10042,156.06277465820312,1.0,0.0,overwrite
reward_intervention,eval/constant,optimal,10043,153.32635498046875,1.0,0.0,overwrite
reward_intervention,eval/constant,optimal,10044,144.0423583984375,1.0,0.0,overwrite
reward_intervention,eval/constant,optimal,10045,145.1358642578125,1.0,0.0,overwrite
reward_intervention,eval/constant,optimal,10046,152.8437042236328,1.0,0.0,overwrite
reward_intervention,eval/constant,optimal,10047,164.7223663330078,1.0,0.0,overwrite
reward_intervention,eval/constant,optimal,10048,156.09974670410156,1.0,0.0,overwrite
reward_intervention,eval/constant,epsgreedy,9999,110.64895629882812,0.175,32.90065383911133,overwrite
reward_intervention,eval/constant,epsgreedy,10000,122.73384094238281,0.345,41.37554693222046,overwrite
reward_intervention,eval/constant,epsgreedy,10001,99.48368072509766,0.32,48.372039794921875,overwrite
reward_intervention,eval/constant,epsgreedy,10002,133.37445068359375,0.445,23.65154218673706,overwrite
reward_intervention,eval/constant,epsgreedy,10003,116.76414489746094,0.09,44.47616195678711,overwrite
reward_intervention,eval/constant,epsgreedy,10004,84.528076171875,0.215,63.67159461975098,overwrite
reward_intervention,eval/constant,epsgreedy,10005,92.32110595703125,0.245,66.052001953125,overwrite
reward_intervention,eval/constant,epsgreedy,10006,122.41961669921875,0.435,23.949037551879883,overwrite
reward_intervention,eval/constant,epsgreedy,10007,108.54395294189453,0.07,47.91498374938965,overwrite
reward_intervention,eval/constant,epsgreedy,10008,117.58805847167969,0.4,41.13453531265259,overwrite
reward_intervention,eval/constant,epsgreedy,10009,88.09746551513672,0.12,66.50300788879395,overwrite
reward_intervention,eval/constant,epsgreedy,10010,106.47223663330078,0.475,42.96776580810547,overwrite
reward_intervention,eval/constant,epsgreedy,10011,106.62991333007812,0.235,48.34310722351074,overwrite
reward_intervention,eval/constant,epsgreedy,10012,106.65526580810547,0.285,59.93489217758179,overwrite
reward_intervention,eval/constant,epsgreedy,10013,111.61190795898438,0.03,47.36269569396973,overwrite
reward_intervention,eval/constant,epsgreedy,10014,114.71223449707031,0.36,42.368932247161865,overwrite
reward_intervention,eval/constant,epsgreedy,10015,102.29894256591797,0.115,46.95811891555786,overwrite
reward_intervention,eval/constant,epsgreedy,10016,94.9859848022461,0.175,45.17349433898926,overwrite
reward_intervention,eval/constant,epsgreedy,10017,111.56259155273438,0.45,37.013856410980225,overwrite
reward_intervention,eval/constant,epsgreedy,10018,98.57391357421875,0.31,46.52860116958618,overwrite
reward_intervention,eval/constant,epsgreedy,10019,104.0965576171875,0.305,46.092562198638916,overwrite
reward_intervention,eval/constant,epsgreedy,10020,95.30860137939453,0.245,42.999516010284424,overwrite
reward_intervention,eval/constant,epsgreedy,10021,69.38954162597656,0.255,78.6982479095459,overwrite
reward_intervention,eval/constant,epsgreedy,10022,103.73979187011719,0.23,50.53535270690918,overwrite
reward_intervention,eval/constant,epsgreedy,10023,90.51861572265625,0.275,49.79594326019287,overwrite
reward_intervention,eval/constant,epsgreedy,10024,103.16313934326172,0.32,39.56901407241821,overwrite
reward_intervention,eval/constant,epsgreedy,10025,110.52413940429688,0.38,32.650710582733154,overwrite
reward_intervention,eval/constant,epsgreedy,10026,113.40237426757812,0.41,21.455662727355957,overwrite
reward_intervention,eval/constant,epsgreedy,10027,103.88917541503906,0.395,37.007994174957275,overwrite
reward_intervention,eval/constant,epsgreedy,10028,82.45565795898438,0.06,67.1092529296875,overwrite
reward_intervention,eval/constant,epsgreedy,10029,103.25316619873047,0.415,39.509706020355225,overwrite
reward_intervention,eval/constant,epsgreedy,10030,100.27627563476562,0.14,49.02757215499878,overwrite
reward_intervention,eval/constant,epsgreedy,10031,107.26866149902344,0.29,42.40162181854248,overwrite
reward_intervention,eval/constant,epsgreedy,10032,97.22856140136719,0.205,23.104920387268066,overwrite
reward_intervention,eval/constant,epsgreedy,10033,107.5379409790039,0.515,52.25171661376953,overwrite
reward_intervention,eval/constant,epsgreedy,10034,95.10397338867188,0.06,58.977625370025635,overwrite
reward_intervention,eval/constant,epsgreedy,10035,93.07798767089844,0.055,74.40325593948364,overwrite
reward_intervention,eval/constant,epsgreedy,10036,106.83749389648438,0.27,49.453869342803955,overwrite
reward_intervention,eval/constant,epsgreedy,10037,110.57669067382812,0.275,26.306099891662598,overwrite
reward_intervention,eval/constant,epsgreedy,10038,109.16377258300781,0.3,30.99301528930664,overwrite
reward_intervention,eval/constant,epsgreedy,10039,109.53488159179688,0.1,41.06974792480469,overwrite
reward_intervention,eval/constant,epsgreedy,10040,104.0337905883789,0.375,49.296507358551025,overwrite
reward_intervention,eval/constant,epsgreedy,10041,108.63241577148438,0.38,34.69420862197876,overwrite
reward_intervention,eval/constant,epsgreedy,10042,117.19518280029297,0.27,39.992454528808594,overwrite
reward_intervention,eval/constant,epsgreedy,10043,74.07441711425781,0.05,79.90978336334229,overwrite
reward_intervention,eval/constant,epsgreedy,10044,74.43745422363281,0.05,69.26027727127075,overwrite
reward_intervention,eval/constant,epsgreedy,10045,85.00856018066406,0.23,59.35402059555054,overwrite
reward_intervention,eval/constant,epsgreedy,10046,95.11380767822266,0.28,56.34037733078003,overwrite
reward_intervention,eval/constant,epsgreedy,10047,74.98405456542969,0.04,85.40512990951538,overwrite
reward_intervention,eval/constant,epsgreedy,10048,76.4119873046875,0.095,80.0037031173706,overwrite
reward_intervention,eval/constant,greedy,9999,116.21321105957031,0.37,28.435359001159668,overwrite
reward_intervention,eval/constant,greedy,10000,130.25491333007812,0.405,35.99556541442871,overwrite
reward_intervention,eval/constant,greedy,10001,95.36604309082031,0.355,49.389243602752686,overwrite
reward_intervention,eval/constant,greedy,10002,130.80764770507812,0.25,22.347784519195557,overwrite
reward_intervention,eval/constant,greedy,10003,123.82444763183594,0.335,35.21890115737915,overwrite
reward_intervention,eval/constant,greedy,10004,94.44004821777344,0.415,52.037386894226074,overwrite
reward_intervention,eval/constant,greedy,10005,97.40565490722656,0.33,62.226232051849365,overwrite
reward_intervention,eval/constant,greedy,10006,123.1752700805664,0.435,23.91289710998535,overwrite
reward_intervention,eval/constant,greedy,10007,107.86105346679688,0.34,51.13878297805786,overwrite
reward_intervention,eval/constant,greedy,10008,119.82283020019531,0.395,40.22409963607788,overwrite
reward_intervention,eval/constant,greedy,10009,81.87120056152344,0.105,71.12204265594482,overwrite
reward_intervention,eval/constant,greedy,10010,121.81659698486328,0.67,23.706756591796875,overwrite
reward_intervention,eval/constant,greedy,10011,119.72193908691406,0.295,37.70997476577759,overwrite
reward_intervention,eval/constant,greedy,10012,107.74591064453125,0.3,59.344022274017334,overwrite
reward_intervention,eval/constant,greedy,10013,114.51885986328125,0.13,48.790743350982666,overwrite
reward_intervention,eval/constant,greedy,10014,97.99967956542969,0.375,59.03838491439819,overwrite
reward_intervention,eval/constant,greedy,10015,107.29789733886719,0.185,42.02251482009888,overwrite
reward_intervention,eval/constant,greedy,10016,92.34455108642578,0.16,48.51800060272217,overwrite
reward_intervention,eval/constant,greedy,10017,101.39767456054688,0.325,45.75541305541992,overwrite
reward_intervention,eval/constant,greedy,10018,89.79898071289062,0.21,55.98627758026123,overwrite
reward_intervention,eval/constant,greedy,10019,103.77257537841797,0.335,46.31757831573486,overwrite
reward_intervention,eval/constant,greedy,10020,111.34803771972656,0.445,25.150556087493896,overwrite
reward_intervention,eval/constant,greedy,10021,113.52108001708984,0.685,33.69003486633301,overwrite
reward_intervention,eval/constant,greedy,10022,85.93226623535156,0.095,66.84225654602051,overwrite
reward_intervention,eval/constant,greedy,10023,85.41986846923828,0.305,54.58752393722534,overwrite
reward_intervention,eval/constant,greedy,10024,102.89273071289062,0.275,42.500664710998535,overwrite
reward_intervention,eval/constant,greedy,10025,101.37310791015625,0.2,39.579379081726074,overwrite
reward_intervention,eval/constant,greedy,10026,112.27884674072266,0.435,21.65011978149414,overwrite
reward_intervention,eval/constant,greedy,10027,104.55899047851562,0.4,36.578927993774414,overwrite
reward_intervention,eval/constant,greedy,10028,77.26789093017578,0.0,72.8514313697815,overwrite
reward_intervention,eval/constant,greedy,10029,105.67686462402344,0.435,32.70052194595337,overwrite
reward_intervention,eval/constant,greedy,10030,94.00907897949219,0.0,50.7260856628418,overwrite
reward_intervention,eval/constant,greedy,10031,109.38351440429688,0.505,38.67661476135254,overwrite
reward_intervention,eval/constant,greedy,10032,94.4428939819336,0.2,26.016778469085693,overwrite
reward_intervention,eval/constant,greedy,10033,113.5499496459961,0.24,47.464340686798096,overwrite
reward_intervention,eval/constant,greedy,10034,95.77828979492188,0.155,54.81480932235718,overwrite
reward_intervention,eval/constant,greedy,10035,90.38232421875,0.045,78.56085729598999,overwrite
reward_intervention,eval/constant,greedy,10036,110.94038391113281,0.285,48.42382192611694,overwrite
reward_intervention,eval/constant,greedy,10037,119.97256469726562,0.41,20.865209102630615,overwrite
reward_intervention,eval/constant,greedy,10038,112.21656799316406,0.31,26.941014289855957,overwrite
reward_intervention,eval/constant,greedy,10039,105.12049865722656,0.1,43.71299171447754,overwrite
reward_intervention,eval/constant,greedy,10040,111.46609497070312,0.435,42.202693462371826,overwrite
reward_intervention,eval/constant,greedy,10041,108.49009704589844,0.41,35.526939868927,overwrite
reward_intervention,eval/constant,greedy,10042,120.11172485351562,0.165,34.357868671417236,overwrite
reward_intervention,eval/constant,greedy,10043,115.28866577148438,0.475,38.06963872909546,overwrite
reward_intervention,eval/constant,greedy,10044,83.68037414550781,0.09,63.39927816390991,overwrite
reward_intervention,eval/constant,greedy,10045,91.5732650756836,0.135,53.30200147628784,overwrite
reward_intervention,eval/constant,greedy,10046,89.93717956542969,0.26,64.27124834060669,overwrite
reward_intervention,eval/constant,greedy,10047,69.25208282470703,0.0,92.7829704284668,overwrite
reward_intervention,eval/constant,greedy,10048,82.98728942871094,0.26,73.00773286819458,overwrite
reward_intervention,eval/constant,random,9999,104.20384979248047,0.24,41.401740074157715,overwrite
reward_intervention,eval/constant,random,10000,110.36770629882812,0.29,51.73642921447754,overwrite
reward_intervention,eval/constant,random,10001,101.75326538085938,0.265,45.854233264923096,overwrite
reward_intervention,eval/constant,random,10002,108.02197265625,0.285,44.15881681442261,overwrite
reward_intervention,eval/constant,random,10003,121.4687728881836,0.325,41.9236798286438,overwrite
reward_intervention,eval/constant,random,10004,94.25703430175781,0.24,55.0237340927124,overwrite
reward_intervention,eval/constant,random,10005,99.29074096679688,0.27,59.37734937667847,overwrite
reward_intervention,eval/constant,random,10006,107.99085235595703,0.325,45.105323791503906,overwrite
reward_intervention,eval/constant,random,10007,114.64431762695312,0.23,43.23870801925659,overwrite
reward_intervention,eval/constant,random,10008,91.56184387207031,0.195,67.60078716278076,overwrite
reward_intervention,eval/constant,random,10009,94.35845184326172,0.19,57.437175273895264,overwrite
reward_intervention,eval/constant,random,10010,94.16703796386719,0.24,53.67103862762451,overwrite
reward_intervention,eval/constant,random,10011,109.7741928100586,0.22,43.76759099960327,overwrite
reward_intervention,eval/constant,random,10012,120.38268280029297,0.27,48.641451358795166,overwrite
reward_intervention,eval/constant,random,10013,115.09738159179688,0.25,44.02182483673096,overwrite
reward_intervention,eval/constant,random,10014,93.03694915771484,0.275,60.11474609375,overwrite
reward_intervention,eval/constant,random,10015,108.04640197753906,0.225,42.38377666473389,overwrite
reward_intervention,eval/constant,random,10016,95.12654113769531,0.3,42.387423038482666,overwrite
reward_intervention,eval/constant,random,10017,104.27647399902344,0.245,42.414865016937256,overwrite
reward_intervention,eval/constant,random,10018,105.53889465332031,0.275,42.61589431762695,overwrite
reward_intervention,eval/constant,random,10019,103.39932250976562,0.235,46.22064924240112,overwrite
reward_intervention,eval/constant,random,10020,99.56552124023438,0.23,41.07658672332764,overwrite
reward_intervention,eval/constant,random,10021,84.97496032714844,0.24,63.445013999938965,overwrite
reward_intervention,eval/constant,random,10022,105.95201873779297,0.265,47.555158615112305,overwrite
reward_intervention,eval/constant,random,10023,96.10975646972656,0.27,47.89344549179077,overwrite
reward_intervention,eval/constant,random,10024,111.04241943359375,0.245,36.56248331069946,overwrite
reward_intervention,eval/constant,random,10025,94.43516540527344,0.255,46.36319923400879,overwrite
reward_intervention,eval/constant,random,10026,92.69232177734375,0.235,44.182326316833496,overwrite
reward_intervention,eval/constant,random,10027,93.04194641113281,0.23,48.355183601379395,overwrite
reward_intervention,eval/constant,random,10028,97.2858657836914,0.28,59.88522911071777,overwrite
reward_intervention,eval/constant,random,10029,97.01669311523438,0.255,45.86236047744751,overwrite
reward_intervention,eval/constant,random,10030,99.0077896118164,0.23,51.50560522079468,overwrite
reward_intervention,eval/constant,random,10031,95.68562316894531,0.28,52.28444147109985,overwrite
reward_intervention,eval/constant,random,10032,97.1936264038086,0.25,25.51892328262329,overwrite
reward_intervention,eval/constant,random,10033,102.43862915039062,0.225,57.66783952713013,overwrite
reward_intervention,eval/constant,random,10034,108.78402709960938,0.255,43.42113637924194,overwrite
reward_intervention,eval/constant,random,10035,110.596435546875,0.24,57.719101905822754,overwrite
reward_intervention,eval/constant,random,10036,105.05601501464844,0.265,45.02997875213623,overwrite
reward_intervention,eval/constant,random,10037,102.6802749633789,0.26,33.48616933822632,overwrite
reward_intervention,eval/constant,random,10038,100.32266998291016,0.28,39.76910734176636,overwrite
reward_intervention,eval/constant,random,10039,111.68927001953125,0.245,38.80545473098755,overwrite
reward_intervention,eval/constant,random,10040,101.03496551513672,0.29,50.42936849594116,overwrite
reward_intervention,eval/constant,random,10041,94.65486145019531,0.255,46.75653028488159,overwrite
reward_intervention,eval/constant,random,10042,107.51129150390625,0.26,47.79604721069336,overwrite
reward_intervention,eval/constant,random,10043,97.52403259277344,0.255,55.59163570404053,overwrite
reward_intervention,eval/constant,random,10044,95.8270492553711,0.235,51.391879081726074,overwrite
reward_intervention,eval/constant,random,10045,93.86679077148438,0.285,52.86617946624756,overwrite
reward_intervention,eval/constant,random,10046,108.60939025878906,0.285,44.945844650268555,overwrite
reward_intervention,eval/constant,random,10047,99.97389221191406,0.215,63.16008472442627,overwrite
reward_intervention,eval/constant,random,10048,106.63331604003906,0.215,52.16561269760132,overwrite
reward_intervention,eval/decorrelated,tf_legacy,9999,100.10646057128906,0.105,44.94344663619995,overwrite
reward_intervention,eval/decorrelated,tf_legacy,10000,119.21249389648438,0.36,44.59276485443115,overwrite
reward_intervention,eval/decorrelated,tf_legacy,10001,84.28726196289062,0.135,59.48262310028076,overwrite
reward_intervention,eval/decorrelated,tf_legacy,10002,97.38011169433594,0.27,54.38462448120117,overwrite
reward_intervention,eval/decorrelated,tf_legacy,10003,105.95213317871094,0.3,56.51148700714111,overwrite
reward_intervention,eval/decorrelated,tf_legacy,10004,95.46989440917969,0.18,52.09834671020508,overwrite
reward_intervention,eval/decorrelated,tf_legacy,10005,86.64778137207031,0.335,75.25678062438965,overwrite
reward_intervention,eval/decorrelated,tf_legacy,10006,69.42732238769531,0.06,79.38861846923828,overwrite
reward_intervention,eval/decorrelated,tf_legacy,10007,98.69094848632812,0.16,55.341909408569336,overwrite
reward_intervention,eval/decorrelated,tf_legacy,10008,86.44027709960938,0.18,72.65075302124023,overwrite
reward_intervention,eval/decorrelated,tf_legacy,10009,93.93998718261719,0.25,61.70103693008423,overwrite
reward_intervention,eval/decorrelated,tf_legacy,10010,104.55293273925781,0.255,41.25376892089844,overwrite
reward_intervention,eval/decorrelated,tf_legacy,10011,113.16818237304688,0.37,44.128578662872314,overwrite
reward_intervention,eval/decorrelated,tf_legacy,10012,107.05522155761719,0.235,61.39589214324951,overwrite
reward_intervention,eval/decorrelated,tf_legacy,10013,119.73340606689453,0.375,37.61355113983154,overwrite
reward_intervention,eval/decorrelated,tf_legacy,10014,82.38468933105469,0.335,70.1185131072998,overwrite
reward_intervention,eval/decorrelated,tf_legacy,10015,106.73881530761719,0.24,41.7182035446167,overwrite
reward_intervention,eval/decorrelated,tf_legacy,10016,85.73165893554688,0.035,53.31933784484863,overwrite
reward_intervention,eval/decorrelated,tf_legacy,10017,122.50735473632812,0.415,22.73411273956299,overwrite
reward_intervention,eval/decorrelated,tf_legacy,10018,85.58676147460938,0.175,61.19824695587158,overwrite
reward_intervention,eval/decorrelated,tf_legacy,10019,88.45919799804688,0.115,62.19672918319702,overwrite
reward_intervention,eval/decorrelated,tf_legacy,10020,112.44557189941406,0.305,26.729827880859375,overwrite
reward_intervention,eval/decorrelated,tf_legacy,10021,98.00425720214844,0.23,49.40317726135254,overwrite
reward_intervention,eval/decorrelated,tf_legacy,10022,94.50978088378906,0.16,58.92610454559326,overwrite
reward_intervention,eval/decorrelated,tf_legacy,10023,92.90634155273438,0.305,48.64173364639282,overwrite
reward_intervention,eval/decorrelated,tf_legacy,10024,102.67935180664062,0.215,41.46876287460327,overwrite
reward_intervention,eval/decorrelated,tf_legacy,10025,96.71214294433594,0.24,45.851990699768066,overwrite
reward_intervention,eval/decorrelated,tf_legacy,10026,99.38948059082031,0.41,36.742286682128906,overwrite
reward_intervention,eval/decorrelated,tf_legacy,10027,88.00408935546875,0.3,55.136319160461426,overwrite
reward_intervention,eval/decorrelated,tf_legacy,10028,85.66293334960938,0.21,65.83096504211426,overwrite
reward_intervention,eval/decorrelated,tf_legacy,10029,107.43717956542969,0.235,34.311030864715576,overwrite
reward_intervention,eval/decorrelated,tf_legacy,10030,104.98487854003906,0.335,45.1309027671814,overwrite
reward_intervention,eval/decorrelated,tf_legacy,10031,88.67902374267578,0.14,56.608935832977295,overwrite
reward_intervention,eval/decorrelated,tf_legacy,10032,109.8612060546875,0.37,12.641583442687988,overwrite
reward_intervention,eval/decorrelated,tf_legacy,10033,105.18223571777344,0.325,55.72075080871582,overwrite
reward_intervention,eval/decorrelated,tf_legacy,10034,82.02445983886719,0.07,68.33741426467896,overwrite
reward_intervention,eval/decorrelated,tf_legacy,10035,84.57183837890625,0.075,83.3230528831482,overwrite
reward_intervention,eval/decorrelated,tf_legacy,10036,109.25796508789062,0.275,46.68208408355713,overwrite
reward_intervention,eval/decorrelated,tf_legacy,10037,110.74644470214844,0.33,25.225313663482666,overwrite
reward_intervention,eval/decorrelated,tf_legacy,10038,101.17884826660156,0.165,38.59964990615845,overwrite
reward_intervention,eval/decorrelated,tf_legacy,10039,115.85713195800781,0.155,32.695852756500244,overwrite
reward_intervention,eval/decorrelated,tf_legacy,10040,95.77063751220703,0.4,55.595839500427246,overwrite
reward_intervention,eval/decorrelated,tf_legacy,10041,96.2728271484375,0.345,43.4044828414917,overwrite
reward_intervention,eval/decorrelated,tf_legacy,10042,112.49050903320312,0.24,42.809025287628174,overwrite
reward_intervention,eval/decorrelated,tf_legacy,10043,120.24498748779297,0.455,33.432032108306885,overwrite
reward_intervention,eval/decorrelated,tf_legacy,10044,61.461578369140625,0.11,87.146568775177,overwrite
reward_intervention,eval/decorrelated,tf_legacy,10045,98.50086975097656,0.26,44.8854660987854,overwrite
reward_intervention,eval/decorrelated,tf_legacy,10046,123.72927856445312,0.51,30.072445392608643,overwrite
reward_intervention,eval/decorrelated,tf_legacy,10047,119.16527557373047,0.43,43.343910694122314,overwrite
reward_intervention,eval/decorrelated,tf_legacy,10048,109.6349105834961,0.26,46.6841197013855,overwrite
reward_intervention,eval/decorrelated,tf_self,9999,98.2667236328125,0.26,47.21484708786011,overwrite
reward_intervention,eval/decorrelated,tf_self,10000,148.50247192382812,0.625,13.225448608398438,overwrite
reward_intervention,eval/decorrelated,tf_self,10001,99.02500915527344,0.19,44.019164085388184,overwrite
reward_intervention,eval/decorrelated,tf_self,10002,117.5931625366211,0.39,35.6570520401001,overwrite
reward_intervention,eval/decorrelated,tf_self,10003,122.27976989746094,0.505,37.1852765083313,overwrite
reward_intervention,eval/decorrelated,tf_self,10004,117.56208801269531,0.55,29.526103019714355,overwrite
reward_intervention,eval/decorrelated,tf_self,10005,141.5807647705078,0.6,16.855399131774902,overwrite
reward_intervention,eval/decorrelated,tf_self,10006,126.55643463134766,0.42,20.807036876678467,overwrite
reward_intervention,eval/decorrelated,tf_self,10007,122.11189270019531,0.36,31.828168869018555,overwrite
reward_intervention,eval/decorrelated,tf_self,10008,104.08798217773438,0.41,54.68851566314697,overwrite
reward_intervention,eval/decorrelated,tf_self,10009,131.06161499023438,0.435,22.34792995452881,overwrite
reward_intervention,eval/decorrelated,tf_self,10010,89.73880004882812,0.165,54.05087327957153,overwrite
reward_intervention,eval/decorrelated,tf_self,10011,105.6595458984375,0.4,49.70258140563965,overwrite
reward_intervention,eval/decorrelated,tf_self,10012,102.26177978515625,0.0,66.01222133636475,overwrite
reward_intervention,eval/decorrelated,tf_self,10013,107.74263000488281,0.1,49.2794885635376,overwrite
reward_intervention,eval/decorrelated,tf_self,10014,91.49574279785156,0.35,64.66314220428467,overwrite
reward_intervention,eval/decorrelated,tf_self,10015,107.62016296386719,0.315,42.227492332458496,overwrite
reward_intervention,eval/decorrelated,tf_self,10016,108.38636779785156,0.245,33.28937292098999,overwrite
reward_intervention,eval/decorrelated,tf_self,10017,101.72694396972656,0.395,44.76138353347778,overwrite
reward_intervention,eval/decorrelated,tf_self,10018,102.4559097290039,0.28,44.41308403015137,overwrite
reward_intervention,eval/decorrelated,tf_self,10019,124.26155090332031,0.415,28.162400245666504,overwrite
reward_intervention,eval/decorrelated,tf_self,10020,133.9028778076172,0.545,7.31169319152832,overwrite
reward_intervention,eval/decorrelated,tf_self,10021,86.99507904052734,0.165,61.72899627685547,overwrite
reward_intervention,eval/decorrelated,tf_self,10022,94.74053192138672,0.12,59.23908615112305,overwrite
reward_intervention,eval/decorrelated,tf_self,10023,99.9736099243164,0.25,41.827147006988525,overwrite
reward_intervention,eval/decorrelated,tf_self,10024,101.52833557128906,0.33,44.59773111343384,overwrite
reward_intervention,eval/decorrelated,tf_self,10025,94.28073120117188,0.275,48.59535884857178,overwrite
reward_intervention,eval/decorrelated,tf_self,10026,89.28754425048828,0.2,44.44154357910156,overwrite
reward_intervention,eval/decorrelated,tf_self,10027,75.37084197998047,0.27,64.67253255844116,overwrite
reward_intervention,eval/decorrelated,tf_self,10028,83.40872192382812,0.295,68.1527156829834,overwrite
reward_intervention,eval/decorrelated,tf_self,10029,128.19859313964844,0.685,12.657217979431152,overwrite
reward_intervention,eval/decorrelated,tf_self,10030,77.06377410888672,0.11,66.80700969696045,overwrite
reward_intervention,eval/decorrelated,tf_self,10031,100.88736724853516,0.185,48.43374013900757,overwrite
reward_intervention,eval/decorrelated,tf_self,10032,85.8599853515625,0.105,35.56289005279541,overwrite
reward_intervention,eval/decorrelated,tf_self,10033,112.138671875,0.29,48.68441152572632,overwrite
reward_intervention,eval/decorrelated,tf_self,10034,116.21946716308594,0.215,33.343549728393555,overwrite
reward_intervention,eval/decorrelated,tf_self,10035,104.6290283203125,0.28,62.37669515609741,overwrite
reward_intervention,eval/decorrelated,tf_self,10036,93.01797485351562,0.165,65.38719081878662,overwrite
reward_intervention,eval/decorrelated,tf_self,10037,95.60508728027344,0.3,42.680020809173584,overwrite
reward_intervention,eval/decorrelated,tf_self,10038,109.69822692871094,0.185,31.085061073303223,overwrite
reward_intervention,eval/decorrelated,tf_self,10039,133.85752868652344,0.5,14.681248188018799,overwrite
reward_intervention,eval/decorrelated,tf_self,10040,108.03687286376953,0.16,45.87672233581543,overwrite
reward_intervention,eval/decorrelated,tf_self,10041,87.17950439453125,0.33,52.748046875,overwrite
reward_intervention,eval/decorrelated,tf_self,10042,127.29601287841797,0.45,27.806151390075684,overwrite
reward_intervention,eval/decorrelated,tf_self,10043,88.00824737548828,0.2,66.44262647628784,overwrite
reward_intervention,eval/decorrelated,tf_self,10044,106.44621276855469,0.29,37.325425148010254,overwrite
reward_intervention,eval/decorrelated,tf_self,10045,99.56444549560547,0.325,44.70521020889282,overwrite
reward_intervention,eval/decorrelated,tf_self,10046,65.06005859375,0.045,87.64693546295166,overwrite
reward_intervention,eval/decorrelated,tf_self,10047,75.6050033569336,0.325,86.15347290039062,overwrite
reward_intervention,eval/decorrelated,tf_self,10048,99.94525909423828,0.315,58.29150199890137,overwrite
reward_intervention,eval/decorrelated,optimal,9999,141.20579528808594,1.0,0.0,overwrite
reward_intervention,eval/decorrelated,optimal,10000,160.66639709472656,1.0,0.0,overwrite
reward_intervention,eval/decorrelated,optimal,10001,145.31277465820312,1.0,0.0,overwrite
reward_intervention,eval/decorrelated,optimal,10002,154.31651306152344,1.0,0.0,overwrite
reward_intervention,eval/decorrelated,optimal,10003,159.40057373046875,1.0,0.0,overwrite
reward_intervention,eval/decorrelated,optimal,10004,149.41934204101562,1.0,0.0,overwrite
reward_intervention,eval/decorrelated,optimal,10005,156.21694946289062,1.0,0.0,overwrite
reward_intervention,eval/decorrelated,optimal,10006,145.3865203857422,1.0,0.0,overwrite
reward_intervention,eval/decorrelated,optimal,10007,155.88116455078125,1.0,0.0,overwrite
reward_intervention,eval/decorrelated,optimal,10008,157.59585571289062,1.0,0.0,overwrite
reward_intervention,eval/decorrelated,optimal,10009,153.279296875,1.0,0.0,overwrite
reward_intervention,eval/decorrelated,optimal,10010,150.4432373046875,1.0,0.0,overwrite
reward_intervention,eval/decorrelated,optimal,10011,154.8956298828125,1.0,0.0,overwrite
reward_intervention,eval/decorrelated,optimal,10012,163.3168182373047,1.0,0.0,overwrite
reward_intervention,eval/decorrelated,optimal,10013,157.58216857910156,1.0,0.0,overwrite
reward_intervention,eval/decorrelated,optimal,10014,153.15005493164062,1.0,0.0,overwrite
reward_intervention,eval/decorrelated,optimal,10015,150.13525390625,1.0,0.0,overwrite
reward_intervention,eval/decorrelated,optimal,10016,136.85256958007812,1.0,0.0,overwrite
reward_intervention,eval/decorrelated,optimal,10017,149.96990966796875,1.0,0.0,overwrite
reward_intervention,eval/decorrelated,optimal,10018,145.6324462890625,1.0,0.0,overwrite
reward_intervention,eval/decorrelated,optimal,10019,152.00038146972656,1.0,0.0,overwrite
reward_intervention,eval/decorrelated,optimal,10020,139.1854248046875,1.0,0.0,overwrite
reward_intervention,eval/decorrelated,optimal,10021,146.62905883789062,1.0,0.0,overwrite
reward_intervention,eval/decorrelated,optimal,10022,151.38845825195312,1.0,0.0,overwrite
reward_intervention,eval/decorrelated,optimal,10023,140.74717712402344,1.0,0.0,overwrite
reward_intervention,eval/decorrelated,optimal,10024,145.08932495117188,1.0,0.0,overwrite
reward_intervention,eval/decorrelated,optimal,10025,141.3740234375,1.0,0.0,overwrite
reward_intervention,eval/decorrelated,optimal,10026,133.78631591796875,1.0,0.0,overwrite
reward_intervention,eval/decorrelated,optimal,10027,141.1024169921875,1.0,0.0,overwrite
reward_intervention,eval/decorrelated,optimal,10028,158.6577606201172,1.0,0.0,overwrite
reward_intervention,eval/decorrelated,optimal,10029,139.73892211914062,1.0,0.0,overwrite
reward_intervention,eval/decorrelated,optimal,10030,153.2302703857422,1.0,0.0,overwrite
reward_intervention,eval/decorrelated,optimal,10031,148.677001953125,1.0,0.0,overwrite
reward_intervention,eval/decorrelated,optimal,10032,118.6419906616211,1.0,0.0,overwrite
reward_intervention,eval/decorrelated,optimal,10033,160.3961944580078,1.0,0.0,overwrite
reward_intervention,eval/decorrelated,optimal,10034,151.35794067382812,1.0,0.0,overwrite
reward_intervention,eval/decorrelated,optimal,10035,167.00559997558594,1.0,0.0,overwrite
reward_intervention,eval/decorrelated,optimal,10036,152.4580535888672,1.0,0.0,overwrite
reward_intervention,eval/decorrelated,optimal,10037,138.62362670898438,1.0,0.0,overwrite
reward_intervention,eval/decorrelated,optimal,10038,139.50601196289062,1.0,0.0,overwrite
reward_intervention,eval/decorrelated,optimal,10039,155.94541931152344,1.0,0.0,overwrite
reward_intervention,eval/decorrelated,optimal,10040,149.40174865722656,1.0,0.0,overwrite
reward_intervention,eval/decorrelated,optimal,10041,143.17428588867188,1.0,0.0,overwrite
reward_intervention,eval/decorrelated,optimal,10042,156.06277465820312,1.0,0.0,overwrite
reward_intervention,eval/decorrelated,optimal,10043,153.32635498046875,1.0,0.0,overwrite
reward_intervention,eval/decorrelated,optimal,10044,144.0423583984375,1.0,0.0,overwrite
reward_intervention,eval/decorrelated,optimal,10045,145.1358642578125,1.0,0.0,overwrite
reward_intervention,eval/decorrelated,optimal,10046,152.8437042236328,1.0,0.0,overwrite
reward_intervention,eval/decorrelated,optimal,10047,164.7223663330078,1.0,0.0,overwrite
reward_intervention,eval/decorrelated,optimal,10048,156.09974670410156,1.0,0.0,overwrite
reward_intervention,eval/decorrelated,epsgreedy,9999,111.88276672363281,0.25,32.073606967926025,overwrite
reward_intervention,eval/decorrelated,epsgreedy,10000,120.84573364257812,0.36,42.59439516067505,overwrite
reward_intervention,eval/decorrelated,epsgreedy,10001,99.48368072509766,0.32,48.372039794921875,overwrite
reward_intervention,eval/decorrelated,epsgreedy,10002,133.37445068359375,0.445,23.65154218673706,overwrite
reward_intervention,eval/decorrelated,epsgreedy,10003,116.76414489746094,0.09,44.47616195678711,overwrite
reward_intervention,eval/decorrelated,epsgreedy,10004,85.29889678955078,0.22,63.29083967208862,overwrite
reward_intervention,eval/decorrelated,epsgreedy,10005,92.32110595703125,0.245,66.052001953125,overwrite
reward_intervention,eval/decorrelated,epsgreedy,10006,122.41961669921875,0.435,23.949037551879883,overwrite
reward_intervention,eval/decorrelated,epsgreedy,10007,121.70382690429688,0.245,34.55044937133789,overwrite
reward_intervention,eval/decorrelated,epsgreedy,10008,117.58805847167969,0.4,41.13453531265259,overwrite
reward_intervention,eval/decorrelated,epsgreedy,10009,88.09746551513672,0.12,66.50300788879395,overwrite
reward_intervention,eval/decorrelated,epsgreedy,10010,102.17970275878906,0.43,45.41843223571777,overwrite
reward_intervention,eval/decorrelated,epsgreedy,10011,102.34153747558594,0.13,53.3108491897583,overwrite
reward_intervention,eval/decorrelated,epsgreedy,10012,106.65526580810547,0.285,59.93489217758179,overwrite
reward_intervention,eval/decorrelated,epsgreedy,10013,111.61190795898438,0.03,47.36269569396973,overwrite
reward_intervention,eval/decorrelated,epsgreedy,10014,119.12301635742188,0.43,36.612162590026855,overwrite
reward_intervention,eval/decorrelated,epsgreedy,10015,102.5291519165039,0.045,46.52379035949707,overwrite
reward_intervention,eval/decorrelated,epsgreedy,10016,87.30538177490234,0.075,52.83777046203613,overwrite
reward_intervention,eval/decorrelated,epsgreedy,10017,111.56259155273438,0.45,37.013856410980225,overwrite
reward_intervention,eval/decorrelated,epsgreedy,10018,95.09217834472656,0.24,50.41054821014404,overwrite
reward_intervention,eval/decorrelated,epsgreedy,10019,99.30876159667969,0.12,49.79125928878784,overwrite
reward_intervention,eval/decorrelated,epsgreedy,10020,93.85010528564453,0.18,45.84879159927368,overwrite
reward_intervention,eval/decorrelated,epsgreedy,10021,68.74544525146484,0.265,79.3193416595459,overwrite
reward_intervention,eval/decorrelated,epsgreedy,10022,87.92589569091797,0.135,66.49660444259644,overwrite
reward_intervention,eval/decorrelated,epsgreedy,10023,92.82368469238281,0.33,47.84731388092041,overwrite
reward_intervention,eval/decorrelated,epsgreedy,10024,102.52113342285156,0.235,40.9995698928833,overwrite
reward_intervention,eval/decorrelated,epsgreedy,10025,101.91458892822266,0.355,41.49953031539917,overwrite
reward_intervention,eval/decorrelated,epsgreedy,10026,101.5655517578125,0.355,30.464075565338135,overwrite
reward_intervention,eval/decorrelated,epsgreedy,10027,103.88917541503906,0.395,37.007994174957275,overwrite
reward_intervention,eval/decorrelated,epsgreedy,10028,82.45565795898438,0.06,67.1092529296875,overwrite
reward_intervention,eval/decorrelated,epsgreedy,10029,103.25316619873047,0.415,39.509706020355225,overwrite
reward_intervention,eval/decorrelated,epsgreedy,10030,102.66871643066406,0.12,47.61471652984619,overwrite
reward_intervention,eval/decorrelated,epsgreedy,10031,89.50959777832031,0.11,59.167643547058105,overwrite
reward_intervention,eval/decorrelated,epsgreedy,10032,86.40880584716797,0.215,37.01003932952881,overwrite
reward_intervention,eval/decorrelated,epsgreedy,10033,109.36737823486328,0.53,50.55634832382202,overwrite
reward_intervention,eval/decorrelated,epsgreedy,10034,91.32797241210938,0.12,60.83475208282471,overwrite
reward_intervention,eval/decorrelated,epsgreedy,10035,110.23733520507812,0.11,56.93439245223999,overwrite
reward_intervention,eval/decorrelated,epsgreedy,10036,106.83749389648438,0.27,49.453869342803955,overwrite
reward_intervention,eval/decorrelated,epsgreedy,10037,120.27915954589844,0.415,16.316126823425293,overwrite
reward_intervention,eval/decorrelated,epsgreedy,10038,109.16377258300781,0.3,30.99301528930664,overwrite
reward_intervention,eval/decorrelated,epsgreedy,10039,109.53488159179688,0.1,41.06974792480469,overwrite
reward_intervention,eval/decorrelated,epsgreedy,10040,109.233154296875,0.445,41.42019748687744,overwrite
reward_intervention,eval/decorrelated,epsgreedy,10041,108.63241577148438,0.38,34.69420862197876,overwrite
reward_intervention,eval/decorrelated,epsgreedy,10042,117.19518280029297,0.27,39.992454528808594,overwrite
reward_intervention,eval/decorrelated,epsgreedy,10043,77.09888458251953,0.045,75.2567048072815,overwrite
reward_intervention,eval/decorrelated,epsgreedy,10044,74.43745422363281,0.05,69.26027727127075,overwrite
reward_intervention,eval/decorrelated,epsgreedy,10045,85.00856018066406,0.23,59.35402059555054,overwrite
reward_intervention,eval/decorrelated,epsgreedy,10046,95.11380767822266,0.28,56.34037733078003,overwrite
reward_intervention,eval/decorrelated,epsgreedy,10047,74.98405456542969,0.04,85.40512990951538,overwrite
reward_intervention,eval/decorrelated,epsgreedy,10048,93.0934066772461,0.07,63.669129371643066,overwrite
reward_intervention,eval/decorrelated,greedy,9999,116.21321105957031,0.37,28.435359001159668,overwrite
reward_intervention,eval/decorrelated,greedy,10000,130.25491333007812,0.405,35.99556541442871,overwrite
reward_intervention,eval/decorrelated,greedy,10001,95.36604309082031,0.355,49.389243602752686,overwrite
reward_intervention,eval/decorrelated,greedy,10002,130.80764770507812,0.25,22.347784519195557,overwrite
reward_intervention,eval/decorrelated,greedy,10003,123.82444763183594,0.335,35.21890115737915,overwrite
reward_intervention,eval/decorrelated,greedy,10004,94.44004821777344,0.415,52.037386894226074,overwrite
reward_intervention,eval/decorrelated,greedy,10005,97.40565490722656,0.33,62.226232051849365,overwrite
reward_intervention,eval/decorrelated,greedy,10006,123.1752700805664,0.435,23.91289710998535,overwrite
reward_intervention,eval/decorrelated,greedy,10007,107.86105346679688,0.34,51.13878297805786,overwrite
reward_intervention,eval/decorrelated,greedy,10008,119.82283020019531,0.395,40.22409963607788,overwrite
reward_intervention,eval/decorrelated,greedy,10009,81.87120056152344,0.105,71.12204265594482,overwrite
reward_intervention,eval/decorrelated,greedy,10010,121.81659698486328,0.67,23.706756591796875,overwrite
reward_intervention,eval/decorrelated,greedy,10011,119.72193908691406,0.295,37.70997476577759,overwrite
reward_intervention,eval/decorrelated,greedy,10012,107.74591064453125,0.3,59.344022274017334,overwrite
reward_intervention,eval/decorrelated,greedy,10013,114.51885986328125,0.13,48.790743350982666,overwrite
reward_intervention,eval/decorrelated,greedy,10014,97.99967956542969,0.375,59.03838491439819,overwrite
reward_intervention,eval/decorrelated,greedy,10015,107.29789733886719,0.185,42.02251482009888,overwrite
reward_intervention,eval/decorrelated,greedy,10016,92.34455108642578,0.16,48.51800060272217,overwrite
reward_intervention,eval/decorrelated,greedy,10017,101.39767456054688,0.325,45.75541305541992,overwrite
reward_intervention,eval/decorrelated,greedy,10018,89.79898071289062,0.21,55.98627758026123,overwrite
reward_intervention,eval/decorrelated,greedy,10019,103.77257537841797,0.335,46.31757831573486,overwrite
reward_intervention,eval/decorrelated,greedy,10020,111.34803771972656,0.445,25.150556087493896,overwrite
reward_intervention,eval/decorrelated,greedy,10021,113.52108001708984,0.685,33.69003486633301,overwrite
reward_intervention,eval/decorrelated,greedy,10022,85.93226623535156,0.095,66.84225654602051,overwrite
reward_intervention,eval/decorrelated,greedy,10023,85.41986846923828,0.305,54.58752393722534,overwrite
reward_intervention,eval/decorrelated,greedy,10024,102.89273071289062,0.275,42.500664710998535,overwrite
reward_intervention,eval/decorrelated,greedy,10025,101.37310791015625,0.2,39.579379081726074,overwrite
reward_intervention,eval/decorrelated,greedy,10026,112.27884674072266,0.435,21.65011978149414,overwrite
reward_intervention,eval/decorrelated,greedy,10027,104.55899047851562,0.4,36.578927993774414,overwrite
reward_intervention,eval/decorrelated,greedy,10028,77.26789093017578,0.0,72.8514313697815,overwrite
reward_intervention,eval/decorrelated,greedy,10029,105.67686462402344,0.435,32.70052194595337,overwrite
reward_intervention,eval/decorrelated,greedy,10030,94.00907897949219,0.0,50.7260856628418,overwrite
reward_intervention,eval/decorrelated,greedy,10031,109.38351440429688,0.505,38.67661476135254,overwrite
reward_intervention,eval/decorrelated,greedy,10032,94.4428939819336,0.2,26.016778469085693,overwrite
reward_intervention,eval/decorrelated,greedy,10033,113.5499496459961,0.24,47.464340686798096,overwrite
reward_intervention,eval/decorrelated,greedy,10034,95.77828979492188,0.155,54.81480932235718,overwrite
reward_intervention,eval/decorrelated,greedy,10035,90.38232421875,0.045,78.56085729598999,overwrite
reward_intervention,eval/decorrelated,greedy,10036,110.94038391113281,0.285,48.42382192611694,overwrite
reward_intervention,eval/decorrelated,greedy,10037,119.97256469726562,0.41,20.865209102630615,overwrite
reward_intervention,eval/decorrelated,greedy,10038,112.21656799316406,0.31,26.941014289855957,overwrite
reward_intervention,eval/decorrelated,greedy,10039,105.12049865722656,0.1,43.71299171447754,overwrite
reward_intervention,eval/decorrelated,greedy,10040,111.46609497070312,0.435,42.202693462371826,overwrite
reward_intervention,eval/decorrelated,greedy,10041,108.49009704589844,0.41,35.526939868927,overwrite
reward_intervention,eval/decorrelated,greedy,10042,120.11172485351562,0.165,34.357868671417236,overwrite
reward_intervention,eval/decorrelated,greedy,10043,115.28866577148438,0.475,38.06963872909546,overwrite
reward_intervention,eval/decorrelated,greedy,10044,83.68037414550781,0.09,63.39927816390991,overwrite
reward_intervention,eval/decorrelated,greedy,10045,91.5732650756836,0.135,53.30200147628784,overwrite
reward_intervention,eval/decorrelated,greedy,10046,89.93717956542969,0.26,64.27124834060669,overwrite
reward_intervention,eval/decorrelated,greedy,10047,69.25208282470703,0.0,92.7829704284668,overwrite
reward_intervention,eval/decorrelated,greedy,10048,82.98728942871094,0.26,73.00773286819458,overwrite
reward_intervention,eval/decorrelated,random,9999,104.20384979248047,0.24,41.401740074157715,overwrite
reward_intervention,eval/decorrelated,random,10000,110.36770629882812,0.29,51.73642921447754,overwrite
reward_intervention,eval/decorrelated,random,10001,101.75326538085938,0.265,45.854233264923096,overwrite
reward_intervention,eval/decorrelated,random,10002,108.02197265625,0.285,44.15881681442261,overwrite
reward_intervention,eval/decorrelated,random,10003,121.4687728881836,0.325,41.9236798286438,overwrite
reward_intervention,eval/decorrelated,random,10004,94.25703430175781,0.24,55.0237340927124,overwrite
reward_intervention,eval/decorrelated,random,10005,99.29074096679688,0.27,59.37734937667847,overwrite
reward_intervention,eval/decorrelated,random,10006,107.99085235595703,0.325,45.105323791503906,overwrite
reward_intervention,eval/decorrelated,random,10007,114.64431762695312,0.23,43.23870801925659,overwrite
reward_intervention,eval/decorrelated,random,10008,91.56184387207031,0.195,67.60078716278076,overwrite
reward_intervention,eval/decorrelated,random,10009,94.35845184326172,0.19,57.437175273895264,overwrite
reward_intervention,eval/decorrelated,random,10010,94.16703796386719,0.24,53.67103862762451,overwrite
reward_intervention,eval/decorrelated,random,10011,109.7741928100586,0.22,43.76759099960327,overwrite
reward_intervention,eval/decorrelated,random,10012,120.38268280029297,0.27,48.641451358795166,overwrite
reward_intervention,eval/decorrelated,random,10013,115.09738159179688,0.25,44.02182483673096,overwrite
reward_intervention,eval/decorrelated,random,10014,93.03694915771484,0.275,60.11474609375,overwrite
reward_intervention,eval/decorrelated,random,10015,108.04640197753906,0.225,42.38377666473389,overwrite
reward_intervention,eval/decorrelated,random,10016,95.12654113769531,0.3,42.387423038482666,overwrite
reward_intervention,eval/decorrelated,random,10017,104.27647399902344,0.245,42.414865016937256,overwrite
reward_intervention,eval/decorrelated,random,10018,105.53889465332031,0.275,42.61589431762695,overwrite
reward_intervention,eval/decorrelated,random,10019,103.39932250976562,0.235,46.22064924240112,overwrite
reward_intervention,eval/decorrelated,random,10020,99.56552124023438,0.23,41.07658672332764,overwrite
reward_intervention,eval/decorrelated,random,10021,84.97496032714844,0.24,63.445013999938965,overwrite
reward_intervention,eval/decorrelated,random,10022,105.95201873779297,0.265,47.555158615112305,overwrite
reward_intervention,eval/decorrelated,random,10023,96.10975646972656,0.27,47.89344549179077,overwrite
reward_intervention,eval/decorrelated,random,10024,111.04241943359375,0.245,36.56248331069946,overwrite
reward_intervention,eval/decorrelated,random,10025,94.43516540527344,0.255,46.36319923400879,overwrite
reward_intervention,eval/decorrelated,random,10026,92.69232177734375,0.235,44.182326316833496,overwrite
reward_intervention,eval/decorrelated,random,10027,93.04194641113281,0.23,48.355183601379395,overwrite
reward_intervention,eval/decorrelated,random,10028,97.2858657836914,0.28,59.88522911071777,overwrite
reward_intervention,eval/decorrelated,random,10029,97.01669311523438,0.255,45.86236047744751,overwrite
reward_intervention,eval/decorrelated,random,10030,99.0077896118164,0.23,51.50560522079468,overwrite
reward_intervention,eval/decorrelated,random,10031,95.68562316894531,0.28,52.28444147109985,overwrite
reward_intervention,eval/decorrelated,random,10032,97.1936264038086,0.25,25.51892328262329,overwrite
reward_intervention,eval/decorrelated,random,10033,102.43862915039062,0.225,57.66783952713013,overwrite
reward_intervention,eval/decorrelated,random,10034,108.78402709960938,0.255,43.42113637924194,overwrite
reward_intervention,eval/decorrelated,random,10035,110.596435546875,0.24,57.719101905822754,overwrite
reward_intervention,eval/decorrelated,random,10036,105.05601501464844,0.265,45.02997875213623,overwrite
reward_intervention,eval/decorrelated,random,10037,102.6802749633789,0.26,33.48616933822632,overwrite
reward_intervention,eval/decorrelated,random,10038,100.32266998291016,0.28,39.76910734176636,overwrite
reward_intervention,eval/decorrelated,random,10039,111.68927001953125,0.245,38.80545473098755,overwrite
reward_intervention,eval/decorrelated,random,10040,101.03496551513672,0.29,50.42936849594116,overwrite
reward_intervention,eval/decorrelated,random,10041,94.65486145019531,0.255,46.75653028488159,overwrite
reward_intervention,eval/decorrelated,random,10042,107.51129150390625,0.26,47.79604721069336,overwrite
reward_intervention,eval/decorrelated,random,10043,97.52403259277344,0.255,55.59163570404053,overwrite
reward_intervention,eval/decorrelated,random,10044,95.8270492553711,0.235,51.391879081726074,overwrite
reward_intervention,eval/decorrelated,random,10045,93.86679077148438,0.285,52.86617946624756,overwrite
reward_intervention,eval/decorrelated,random,10046,108.60939025878906,0.285,44.945844650268555,overwrite
reward_intervention,eval/decorrelated,random,10047,99.97389221191406,0.215,63.16008472442627,overwrite
reward_intervention,eval/decorrelated,random,10048,106.63331604003906,0.215,52.16561269760132,overwrite
reward_intervention,eval/inverted,tf_legacy,9999,105.36721801757812,0.16,38.26252317428589,overwrite
reward_intervention,eval/inverted,tf_legacy,10000,120.96099853515625,0.415,43.656264781951904,overwrite
reward_intervention,eval/inverted,tf_legacy,10001,86.72644805908203,0.21,58.05828237533569,overwrite
reward_intervention,eval/inverted,tf_legacy,10002,88.89878845214844,0.2,61.98888826370239,overwrite
reward_intervention,eval/inverted,tf_legacy,10003,105.53816986083984,0.25,56.390714168548584,overwrite
reward_intervention,eval/inverted,tf_legacy,10004,92.1677474975586,0.21,54.57124471664429,overwrite
reward_intervention,eval/inverted,tf_legacy,10005,81.446044921875,0.305,80.13939809799194,overwrite
reward_intervention,eval/inverted,tf_legacy,10006,84.4140396118164,0.14,63.715325355529785,overwrite
reward_intervention,eval/inverted,tf_legacy,10007,96.63804626464844,0.16,58.562344551086426,overwrite
reward_intervention,eval/inverted,tf_legacy,10008,80.92518615722656,0.12,77.86529111862183,overwrite
reward_intervention,eval/inverted,tf_legacy,10009,94.76475524902344,0.18,61.76409149169922,overwrite
reward_intervention,eval/inverted,tf_legacy,10010,108.5513687133789,0.37,37.33889627456665,overwrite
reward_intervention,eval/inverted,tf_legacy,10011,114.09699249267578,0.365,42.57663297653198,overwrite
reward_intervention,eval/inverted,tf_legacy,10012,98.1060791015625,0.205,70.20862531661987,overwrite
reward_intervention,eval/inverted,tf_legacy,10013,118.21784973144531,0.42,37.44679498672485,overwrite
reward_intervention,eval/inverted,tf_legacy,10014,107.63616943359375,0.415,47.97453451156616,overwrite
reward_intervention,eval/inverted,tf_legacy,10015,113.05721282958984,0.305,34.89013338088989,overwrite
reward_intervention,eval/inverted,tf_legacy,10016,84.18571472167969,0.08,54.161447048187256,overwrite
reward_intervention,eval/inverted,tf_legacy,10017,111.39812469482422,0.385,34.14100122451782,overwrite
reward_intervention,eval/inverted,tf_legacy,10018,80.11323547363281,0.09,66.91867208480835,overwrite
reward_intervention,eval/inverted,tf_legacy,10019,87.97796630859375,0.14,62.99767589569092,overwrite
reward_intervention,eval/inverted,tf_legacy,10020,114.82319641113281,0.295,22.88764190673828,overwrite
reward_intervention,eval/inverted,tf_legacy,10021,96.24906921386719,0.215,51.591410636901855,overwrite
reward_intervention,eval/inverted,tf_legacy,10022,92.01321411132812,0.17,60.44821739196777,overwrite
reward_intervention,eval/inverted,tf_legacy,10023,89.9356460571289,0.34,51.647541522979736,overwrite
reward_intervention,eval/inverted,tf_legacy,10024,106.47370147705078,0.265,39.421818256378174,overwrite
reward_intervention,eval/inverted,tf_legacy,10025,96.86914825439453,0.245,45.57960796356201,overwrite
reward_intervention,eval/inverted,tf_legacy,10026,99.08665466308594,0.395,37.40136480331421,overwrite
reward_intervention,eval/inverted,tf_legacy,10027,87.12803649902344,0.26,57.37732744216919,overwrite
reward_intervention,eval/inverted,tf_legacy,10028,83.91841125488281,0.145,69.31700897216797,overwrite
reward_intervention,eval/inverted,tf_legacy,10029,108.24236297607422,0.17,31.568824291229248,overwrite
reward_intervention,eval/inverted,tf_legacy,10030,102.4610595703125,0.31,47.85069131851196,overwrite
reward_intervention,eval/inverted,tf_legacy,10031,90.72917175292969,0.125,54.15607500076294,overwrite
reward_intervention,eval/inverted,tf_legacy,10032,108.64926147460938,0.39,12.579740047454834,overwrite
reward_intervention,eval/inverted,tf_legacy,10033,96.99797058105469,0.24,64.29385328292847,overwrite
reward_intervention,eval/inverted,tf_legacy,10034,83.91026306152344,0.175,66.41393518447876,overwrite
reward_intervention,eval/inverted,tf_legacy,10035,92.19842529296875,0.085,74.63730192184448,overwrite
reward_intervention,eval/inverted,tf_legacy,10036,103.48802947998047,0.205,51.75633716583252,overwrite
reward_intervention,eval/inverted,tf_legacy,10037,110.95382690429688,0.28,26.12346839904785,overwrite
reward_intervention,eval/inverted,tf_legacy,10038,100.96389770507812,0.16,38.78586435317993,overwrite
reward_intervention,eval/inverted,tf_legacy,10039,104.11473083496094,0.035,45.12631607055664,overwrite
reward_intervention,eval/inverted,tf_legacy,10040,101.12393951416016,0.375,51.070136070251465,overwrite
reward_intervention,eval/inverted,tf_legacy,10041,96.99429321289062,0.36,44.56289100646973,overwrite
reward_intervention,eval/inverted,tf_legacy,10042,97.6607437133789,0.18,55.678192138671875,overwrite
reward_intervention,eval/inverted,tf_legacy,10043,120.49411010742188,0.465,32.31271839141846,overwrite
reward_intervention,eval/inverted,tf_legacy,10044,73.37339782714844,0.135,74.7584137916565,overwrite
reward_intervention,eval/inverted,tf_legacy,10045,98.50086975097656,0.26,44.8854660987854,overwrite
reward_intervention,eval/inverted,tf_legacy,10046,118.56678771972656,0.465,34.46369791030884,overwrite
reward_intervention,eval/inverted,tf_legacy,10047,114.46075439453125,0.36,47.775126934051514,overwrite
reward_intervention,eval/inverted,tf_legacy,10048,86.35162353515625,0.08,69.34297704696655,overwrite
reward_intervention,eval/inverted,tf_self,9999,124.29142761230469,0.555,24.095152378082275,overwrite
reward_intervention,eval/inverted,tf_self,10000,147.44248962402344,0.58,14.475879669189453,overwrite
reward_intervention,eval/inverted,tf_self,10001,100.34388732910156,0.215,42.76159048080444,overwrite
reward_intervention,eval/inverted,tf_self,10002,123.9649429321289,0.505,30.405131816864014,overwrite
reward_intervention,eval/inverted,tf_self,10003,114.11900329589844,0.28,46.527225971221924,overwrite
reward_intervention,eval/inverted,tf_self,10004,117.56208801269531,0.55,29.526103019714355,overwrite
reward_intervention,eval/inverted,tf_self,10005,126.8533706665039,0.52,29.646252632141113,overwrite
reward_intervention,eval/inverted,tf_self,10006,119.99481964111328,0.295,28.99325132369995,overwrite
reward_intervention,eval/inverted,tf_self,10007,121.37825012207031,0.25,32.718560218811035,overwrite
reward_intervention,eval/inverted,tf_self,10008,104.42522430419922,0.41,54.392910957336426,overwrite
reward_intervention,eval/inverted,tf_self,10009,131.06161499023438,0.435,22.34792995452881,overwrite
reward_intervention,eval/inverted,tf_self,10010,89.73880004882812,0.165,54.05087327957153,overwrite
reward_intervention,eval/inverted,tf_self,10011,105.6595458984375,0.4,49.70258140563965,overwrite
reward_intervention,eval/inverted,tf_self,10012,102.78065490722656,0.0,65.77892541885376,overwrite
reward_intervention,eval/inverted,tf_self,10013,109.11995697021484,0.06,49.84082889556885,overwrite
reward_intervention,eval/inverted,tf_self,10014,94.87109375,0.38,60.9275598526001,overwrite
reward_intervention,eval/inverted,tf_self,10015,102.84716796875,0.26,46.21284246444702,overwrite
reward_intervention,eval/inverted,tf_self,10016,106.70787048339844,0.275,33.44689226150513,overwrite
reward_intervention,eval/inverted,tf_self,10017,101.56381225585938,0.38,44.56184244155884,overwrite
reward_intervention,eval/inverted,tf_self,10018,102.4559097290039,0.28,44.41308403015137,overwrite
reward_intervention,eval/inverted,tf_self,10019,124.26155090332031,0.415,28.162400245666504,overwrite
reward_intervention,eval/inverted,tf_self,10020,133.63137817382812,0.56,6.520740509033203,overwrite
reward_intervention,eval/inverted,tf_self,10021,93.39453125,0.165,55.26130485534668,overwrite
reward_intervention,eval/inverted,tf_self,10022,95.03340911865234,0.12,58.91527080535889,overwrite
reward_intervention,eval/inverted,tf_self,10023,99.43626403808594,0.12,42.64626169204712,overwrite
reward_intervention,eval/inverted,tf_self,10024,99.1767349243164,0.31,46.01842164993286,overwrite
reward_intervention,eval/inverted,tf_self,10025,94.18132781982422,0.28,48.759254932403564,overwrite
reward_intervention,eval/inverted,tf_self,10026,89.28754425048828,0.2,44.44154357910156,overwrite
reward_intervention,eval/inverted,tf_self,10027,83.96792602539062,0.275,56.39768171310425,overwrite
reward_intervention,eval/inverted,tf_self,10028,63.16555404663086,0.125,86.78261375427246,overwrite
reward_intervention,eval/inverted,tf_self,10029,119.326416015625,0.445,25.41758918762207,overwrite
reward_intervention,eval/inverted,tf_self,10030,89.1249771118164,0.105,57.8534460067749,overwrite
reward_intervention,eval/inverted,tf_self,10031,100.88736724853516,0.185,48.43374013900757,overwrite
reward_intervention,eval/inverted,tf_self,10032,85.8599853515625,0.105,35.56289005279541,overwrite
reward_intervention,eval/inverted,tf_self,10033,119.688720703125,0.41,40.978991985321045,overwrite
reward_intervention,eval/inverted,tf_self,10034,103.15325927734375,0.17,46.102593421936035,overwrite
reward_intervention,eval/inverted,tf_self,10035,104.6290283203125,0.28,62.37669515609741,overwrite
reward_intervention,eval/inverted,tf_self,10036,93.01797485351562,0.165,65.38719081878662,overwrite
reward_intervention,eval/inverted,tf_self,10037,95.60508728027344,0.3,42.680020809173584,overwrite
reward_intervention,eval/inverted,tf_self,10038,109.49256896972656,0.21,30.868756771087646,overwrite
reward_intervention,eval/inverted,tf_self,10039,134.4265899658203,0.51,14.2244291305542,overwrite
reward_intervention,eval/inverted,tf_self,10040,108.15713500976562,0.165,45.55529451370239,overwrite
reward_intervention,eval/inverted,tf_self,10041,87.92375183105469,0.335,51.91897487640381,overwrite
reward_intervention,eval/inverted,tf_self,10042,127.41751098632812,0.46,27.127000331878662,overwrite
reward_intervention,eval/inverted,tf_self,10043,88.00824737548828,0.2,66.44262647628784,overwrite
reward_intervention,eval/inverted,tf_self,10044,106.49798583984375,0.31,38.364755630493164,overwrite
reward_intervention,eval/inverted,tf_self,10045,105.6925048828125,0.355,36.067617893218994,overwrite
reward_intervention,eval/inverted,tf_self,10046,64.52876281738281,0.05,88.6450982093811,overwrite
reward_intervention,eval/inverted,tf_self,10047,113.64595031738281,0.37,48.72403907775879,overwrite
reward_intervention,eval/inverted,tf_self,10048,100.54450988769531,0.235,57.29078722000122,overwrite
reward_intervention,eval/inverted,optimal,9999,141.20579528808594,1.0,0.0,overwrite
reward_intervention,eval/inverted,optimal,10000,160.66639709472656,1.0,0.0,overwrite
reward_intervention,eval/inverted,optimal,10001,145.31277465820312,1.0,0.0,overwrite
reward_intervention,eval/inverted,optimal,10002,154.31651306152344,1.0,0.0,overwrite
reward_intervention,eval/inverted,optimal,10003,159.40057373046875,1.0,0.0,overwrite
reward_intervention,eval/inverted,optimal,10004,149.41934204101562,1.0,0.0,overwrite
reward_intervention,eval/inverted,optimal,10005,156.21694946289062,1.0,0.0,overwrite
reward_intervention,eval/inverted,optimal,10006,145.3865203857422,1.0,0.0,overwrite
reward_intervention,eval/inverted,optimal,10007,155.88116455078125,1.0,0.0,overwrite
reward_intervention,eval/inverted,optimal,10008,157.59585571289062,1.0,0.0,overwrite
reward_intervention,eval/inverted,optimal,10009,153.279296875,1.0,0.0,overwrite
reward_intervention,eval/inverted,optimal,10010,150.4432373046875,1.0,0.0,overwrite
reward_intervention,eval/inverted,optimal,10011,154.8956298828125,1.0,0.0,overwrite
reward_intervention,eval/inverted,optimal,10012,163.3168182373047,1.0,0.0,overwrite
reward_intervention,eval/inverted,optimal,10013,157.58216857910156,1.0,0.0,overwrite
reward_intervention,eval/inverted,optimal,10014,153.15005493164062,1.0,0.0,overwrite
reward_intervention,eval/inverted,optimal,10015,150.13525390625,1.0,0.0,overwrite
reward_intervention,eval/inverted,optimal,10016,136.85256958007812,1.0,0.0,overwrite
reward_intervention,eval/inverted,optimal,10017,149.96990966796875,1.0,0.0,overwrite
reward_intervention,eval/inverted,optimal,10018,145.6324462890625,1.0,0.0,overwrite
reward_intervention,eval/inverted,optimal,10019,152.00038146972656,1.0,0.0,overwrite
reward_intervention,eval/inverted,optimal,10020,139.1854248046875,1.0,0.0,overwrite
reward_intervention,eval/inverted,optimal,10021,146.62905883789062,1.0,0.0,overwrite
reward_intervention,eval/inverted,optimal,10022,151.38845825195312,1.0,0.0,overwrite
reward_intervention,eval/inverted,optimal,10023,140.74717712402344,1.0,0.0,overwrite
reward_intervention,eval/inverted,optimal,10024,145.08932495117188,1.0,0.0,overwrite
reward_intervention,eval/inverted,optimal,10025,141.3740234375,1.0,0.0,overwrite
reward_intervention,eval/inverted,optimal,10026,133.78631591796875,1.0,0.0,overwrite
reward_intervention,eval/inverted,optimal,10027,141.1024169921875,1.0,0.0,overwrite
reward_intervention,eval/inverted,optimal,10028,158.6577606201172,1.0,0.0,overwrite
reward_intervention,eval/inverted,optimal,10029,139.73892211914062,1.0,0.0,overwrite
reward_intervention,eval/inverted,optimal,10030,153.2302703857422,1.0,0.0,overwrite
reward_intervention,eval/inverted,optimal,10031,148.677001953125,1.0,0.0,overwrite
reward_intervention,eval/inverted,optimal,10032,118.6419906616211,1.0,0.0,overwrite
reward_intervention,eval/inverted,optimal,10033,160.3961944580078,1.0,0.0,overwrite
reward_intervention,eval/inverted,optimal,10034,151.35794067382812,1.0,0.0,overwrite
reward_intervention,eval/inverted,optimal,10035,167.00559997558594,1.0,0.0,overwrite
reward_intervention,eval/inverted,optimal,10036,152.4580535888672,1.0,0.0,overwrite
reward_intervention,eval/inverted,optimal,10037,138.62362670898438,1.0,0.0,overwrite
reward_intervention,eval/inverted,optimal,10038,139.50601196289062,1.0,0.0,overwrite
reward_intervention,eval/inverted,optimal,10039,155.94541931152344,1.0,0.0,overwrite
reward_intervention,eval/inverted,optimal,10040,149.40174865722656,1.0,0.0,overwrite
reward_intervention,eval/inverted,optimal,10041,143.17428588867188,1.0,0.0,overwrite
reward_intervention,eval/inverted,optimal,10042,156.06277465820312,1.0,0.0,overwrite
reward_intervention,eval/inverted,optimal,10043,153.32635498046875,1.0,0.0,overwrite
reward_intervention,eval/inverted,optimal,10044,144.0423583984375,1.0,0.0,overwrite
reward_intervention,eval/inverted,optimal,10045,145.1358642578125,1.0,0.0,overwrite
reward_intervention,eval/inverted,optimal,10046,152.8437042236328,1.0,0.0,overwrite
reward_intervention,eval/inverted,optimal,10047,164.7223663330078,1.0,0.0,overwrite
reward_intervention,eval/inverted,optimal,10048,156.09974670410156,1.0,0.0,overwrite
reward_intervention,eval/inverted,epsgreedy,9999,110.64895629882812,0.175,32.90065383911133,overwrite
reward_intervention,eval/inverted,epsgreedy,10000,120.84573364257812,0.36,42.59439516067505,overwrite
reward_intervention,eval/inverted,epsgreedy,10001,99.48368072509766,0.32,48.372039794921875,overwrite
reward_intervention,eval/inverted,epsgreedy,10002,117.625,0.19,35.70588541030884,overwrite
reward_intervention,eval/inverted,epsgreedy,10003,116.76414489746094,0.09,44.47616195678711,overwrite
reward_intervention,eval/inverted,epsgreedy,10004,84.528076171875,0.215,63.67159461975098,overwrite
reward_intervention,eval/inverted,epsgreedy,10005,77.86618041992188,0.125,80.75712394714355,overwrite
reward_intervention,eval/inverted,epsgreedy,10006,116.55532836914062,0.38,31.018134117126465,overwrite
reward_intervention,eval/inverted,epsgreedy,10007,106.82876586914062,0.11,49.32882833480835,overwrite
reward_intervention,eval/inverted,epsgreedy,10008,117.58805847167969,0.4,41.13453531265259,overwrite
reward_intervention,eval/inverted,epsgreedy,10009,81.08544158935547,0.13,73.22321701049805,overwrite
reward_intervention,eval/inverted,epsgreedy,10010,92.60881042480469,0.375,54.303486347198486,overwrite
reward_intervention,eval/inverted,epsgreedy,10011,102.26119995117188,0.125,53.388033390045166,overwrite
reward_intervention,eval/inverted,epsgreedy,10012,106.65526580810547,0.285,59.93489217758179,overwrite
reward_intervention,eval/inverted,epsgreedy,10013,109.07020568847656,0.055,48.681572914123535,overwrite
reward_intervention,eval/inverted,epsgreedy,10014,100.87367248535156,0.235,52.793068408966064,overwrite
reward_intervention,eval/inverted,epsgreedy,10015,99.21745300292969,0.12,49.38654279708862,overwrite
reward_intervention,eval/inverted,epsgreedy,10016,88.5194091796875,0.065,52.647982120513916,overwrite
reward_intervention,eval/inverted,epsgreedy,10017,111.56259155273438,0.45,37.013856410980225,overwrite
reward_intervention,eval/inverted,epsgreedy,10018,95.77934265136719,0.255,49.64576292037964,overwrite
reward_intervention,eval/inverted,epsgreedy,10019,99.30876159667969,0.12,49.79125928878784,overwrite
reward_intervention,eval/inverted,epsgreedy,10020,91.14015197753906,0.155,49.92386484146118,overwrite
reward_intervention,eval/inverted,epsgreedy,10021,65.86384582519531,0.24,83.03950071334839,overwrite
reward_intervention,eval/inverted,epsgreedy,10022,87.92589569091797,0.135,66.49660444259644,overwrite
reward_intervention,eval/inverted,epsgreedy,10023,87.05500030517578,0.29,53.8107328414917,overwrite
reward_intervention,eval/inverted,epsgreedy,10024,102.52113342285156,0.235,40.9995698928833,overwrite
reward_intervention,eval/inverted,epsgreedy,10025,97.99068450927734,0.355,44.820796489715576,overwrite
reward_intervention,eval/inverted,epsgreedy,10026,113.40237426757812,0.41,21.455662727355957,overwrite
reward_intervention,eval/inverted,epsgreedy,10027,92.2630615234375,0.345,49.91649150848389,overwrite
reward_intervention,eval/inverted,epsgreedy,10028,82.45565795898438,0.06,67.1092529296875,overwrite
reward_intervention,eval/inverted,epsgreedy,10029,102.12373352050781,0.395,42.516908168792725,overwrite
reward_intervention,eval/inverted,epsgreedy,10030,100.27627563476562,0.14,49.02757215499878,overwrite
reward_intervention,eval/inverted,epsgreedy,10031,89.50959777832031,0.11,59.167643547058105,overwrite
reward_intervention,eval/inverted,epsgreedy,10032,86.40880584716797,0.215,37.01003932952881,overwrite
reward_intervention,eval/inverted,epsgreedy,10033,94.98392486572266,0.305,65.32027387619019,overwrite
reward_intervention,eval/inverted,epsgreedy,10034,93.94261169433594,0.055,59.657877922058105,overwrite
reward_intervention,eval/inverted,epsgreedy,10035,93.07798767089844,0.055,74.40325593948364,overwrite
reward_intervention,eval/inverted,epsgreedy,10036,95.41270446777344,0.265,59.33549976348877,overwrite
reward_intervention,eval/inverted,epsgreedy,10037,111.68773651123047,0.28,25.735479831695557,overwrite
reward_intervention,eval/inverted,epsgreedy,10038,107.97412109375,0.285,32.16437864303589,overwrite
reward_intervention,eval/inverted,epsgreedy,10039,105.16950988769531,0.085,44.94188928604126,overwrite
reward_intervention,eval/inverted,epsgreedy,10040,100.86434936523438,0.35,52.39476156234741,overwrite
reward_intervention,eval/inverted,epsgreedy,10041,92.55582427978516,0.29,50.328911781311035,overwrite
reward_intervention,eval/inverted,epsgreedy,10042,95.4050064086914,0.055,60.60992908477783,overwrite
reward_intervention,eval/inverted,epsgreedy,10043,75.00086212158203,0.045,79.29792737960815,overwrite
reward_intervention,eval/inverted,epsgreedy,10044,68.97630310058594,0.045,79.39664649963379,overwrite
reward_intervention,eval/inverted,epsgreedy,10045,85.00856018066406,0.23,59.35402059555054,overwrite
reward_intervention,eval/inverted,epsgreedy,10046,89.91860961914062,0.275,60.86587715148926,overwrite
reward_intervention,eval/inverted,epsgreedy,10047,74.98405456542969,0.04,85.40512990951538,overwrite
reward_intervention,eval/inverted,epsgreedy,10048,87.69902038574219,0.165,69.53425359725952,overwrite
reward_intervention,eval/inverted,greedy,9999,116.21321105957031,0.37,28.435359001159668,overwrite
reward_intervention,eval/inverted,greedy,10000,130.25491333007812,0.405,35.99556541442871,overwrite
reward_intervention,eval/inverted,greedy,10001,95.36604309082031,0.355,49.389243602752686,overwrite
reward_intervention,eval/inverted,greedy,10002,130.80764770507812,0.25,22.347784519195557,overwrite
reward_intervention,eval/inverted,greedy,10003,123.82444763183594,0.335,35.21890115737915,overwrite
reward_intervention,eval/inverted,greedy,10004,94.44004821777344,0.415,52.037386894226074,overwrite
reward_intervention,eval/inverted,greedy,10005,97.40565490722656,0.33,62.226232051849365,overwrite
reward_intervention,eval/inverted,greedy,10006,123.1752700805664,0.435,23.91289710998535,overwrite
reward_intervention,eval/inverted,greedy,10007,107.86105346679688,0.34,51.13878297805786,overwrite
reward_intervention,eval/inverted,greedy,10008,119.82283020019531,0.395,40.22409963607788,overwrite
reward_intervention,eval/inverted,greedy,10009,81.87120056152344,0.105,71.12204265594482,overwrite
reward_intervention,eval/inverted,greedy,10010,121.81659698486328,0.67,23.706756591796875,overwrite
reward_intervention,eval/inverted,greedy,10011,119.72193908691406,0.295,37.70997476577759,overwrite
reward_intervention,eval/inverted,greedy,10012,107.74591064453125,0.3,59.344022274017334,overwrite
reward_intervention,eval/inverted,greedy,10013,114.51885986328125,0.13,48.790743350982666,overwrite
reward_intervention,eval/inverted,greedy,10014,97.99967956542969,0.375,59.03838491439819,overwrite
reward_intervention,eval/inverted,greedy,10015,107.29789733886719,0.185,42.02251482009888,overwrite
reward_intervention,eval/inverted,greedy,10016,92.34455108642578,0.16,48.51800060272217,overwrite
reward_intervention,eval/inverted,greedy,10017,101.39767456054688,0.325,45.75541305541992,overwrite
reward_intervention,eval/inverted,greedy,10018,89.79898071289062,0.21,55.98627758026123,overwrite
reward_intervention,eval/inverted,greedy,10019,103.77257537841797,0.335,46.31757831573486,overwrite
reward_intervention,eval/inverted,greedy,10020,111.34803771972656,0.445,25.150556087493896,overwrite
reward_intervention,eval/inverted,greedy,10021,113.52108001708984,0.685,33.69003486633301,overwrite
reward_intervention,eval/inverted,greedy,10022,85.93226623535156,0.095,66.84225654602051,overwrite
reward_intervention,eval/inverted,greedy,10023,85.41986846923828,0.305,54.58752393722534,overwrite
reward_intervention,eval/inverted,greedy,10024,102.89273071289062,0.275,42.500664710998535,overwrite
reward_intervention,eval/inverted,greedy,10025,101.37310791015625,0.2,39.579379081726074,overwrite
reward_intervention,eval/inverted,greedy,10026,112.27884674072266,0.435,21.65011978149414,overwrite
reward_intervention,eval/inverted,greedy,10027,104.55899047851562,0.4,36.578927993774414,overwrite
reward_intervention,eval/inverted,greedy,10028,77.26789093017578,0.0,72.8514313697815,overwrite
reward_intervention,eval/inverted,greedy,10029,105.67686462402344,0.435,32.70052194595337,overwrite
reward_intervention,eval/inverted,greedy,10030,94.00907897949219,0.0,50.7260856628418,overwrite
reward_intervention,eval/inverted,greedy,10031,109.38351440429688,0.505,38.67661476135254,overwrite
reward_intervention,eval/inverted,greedy,10032,94.4428939819336,0.2,26.016778469085693,overwrite
reward_intervention,eval/inverted,greedy,10033,113.5499496459961,0.24,47.464340686798096,overwrite
reward_intervention,eval/inverted,greedy,10034,95.77828979492188,0.155,54.81480932235718,overwrite
reward_intervention,eval/inverted,greedy,10035,90.38232421875,0.045,78.56085729598999,overwrite
reward_intervention,eval/inverted,greedy,10036,110.94038391113281,0.285,48.42382192611694,overwrite
reward_intervention,eval/inverted,greedy,10037,119.97256469726562,0.41,20.865209102630615,overwrite
reward_intervention,eval/inverted,greedy,10038,112.21656799316406,0.31,26.941014289855957,overwrite
reward_intervention,eval/inverted,greedy,10039,105.12049865722656,0.1,43.71299171447754,overwrite
reward_intervention,eval/inverted,greedy,10040,111.46609497070312,0.435,42.202693462371826,overwrite
reward_intervention,eval/inverted,greedy,10041,108.49009704589844,0.41,35.526939868927,overwrite
reward_intervention,eval/inverted,greedy,10042,120.11172485351562,0.165,34.357868671417236,overwrite
reward_intervention,eval/inverted,greedy,10043,115.28866577148438,0.475,38.06963872909546,overwrite
reward_intervention,eval/inverted,greedy,10044,83.68037414550781,0.09,63.39927816390991,overwrite
reward_intervention,eval/inverted,greedy,10045,91.5732650756836,0.135,53.30200147628784,overwrite
reward_intervention,eval/inverted,greedy,10046,89.93717956542969,0.26,64.27124834060669,overwrite
reward_intervention,eval/inverted,greedy,10047,69.25208282470703,0.0,92.7829704284668,overwrite
reward_intervention,eval/inverted,greedy,10048,82.98728942871094,0.26,73.00773286819458,overwrite
reward_intervention,eval/inverted,random,9999,104.20384979248047,0.24,41.401740074157715,overwrite
reward_intervention,eval/inverted,random,10000,110.36770629882812,0.29,51.73642921447754,overwrite
reward_intervention,eval/inverted,random,10001,101.75326538085938,0.265,45.854233264923096,overwrite
reward_intervention,eval/inverted,random,10002,108.02197265625,0.285,44.15881681442261,overwrite
reward_intervention,eval/inverted,random,10003,121.4687728881836,0.325,41.9236798286438,overwrite
reward_intervention,eval/inverted,random,10004,94.25703430175781,0.24,55.0237340927124,overwrite
reward_intervention,eval/inverted,random,10005,99.29074096679688,0.27,59.37734937667847,overwrite
reward_intervention,eval/inverted,random,10006,107.99085235595703,0.325,45.105323791503906,overwrite
reward_intervention,eval/inverted,random,10007,114.64431762695312,0.23,43.23870801925659,overwrite
reward_intervention,eval/inverted,random,10008,91.56184387207031,0.195,67.60078716278076,overwrite
reward_intervention,eval/inverted,random,10009,94.35845184326172,0.19,57.437175273895264,overwrite
reward_intervention,eval/inverted,random,10010,94.16703796386719,0.24,53.67103862762451,overwrite
reward_intervention,eval/inverted,random,10011,109.7741928100586,0.22,43.76759099960327,overwrite
reward_intervention,eval/inverted,random,10012,120.38268280029297,0.27,48.641451358795166,overwrite
reward_intervention,eval/inverted,random,10013,115.09738159179688,0.25,44.02182483673096,overwrite
reward_intervention,eval/inverted,random,10014,93.03694915771484,0.275,60.11474609375,overwrite
reward_intervention,eval/inverted,random,10015,108.04640197753906,0.225,42.38377666473389,overwrite
reward_intervention,eval/inverted,random,10016,95.12654113769531,0.3,42.387423038482666,overwrite
reward_intervention,eval/inverted,random,10017,104.27647399902344,0.245,42.414865016937256,overwrite
reward_intervention,eval/inverted,random,10018,105.53889465332031,0.275,42.61589431762695,overwrite
reward_intervention,eval/inverted,random,10019,103.39932250976562,0.235,46.22064924240112,overwrite
reward_intervention,eval/inverted,random,10020,99.56552124023438,0.23,41.07658672332764,overwrite
reward_intervention,eval/inverted,random,10021,84.97496032714844,0.24,63.445013999938965,overwrite
reward_intervention,eval/inverted,random,10022,105.95201873779297,0.265,47.555158615112305,overwrite
reward_intervention,eval/inverted,random,10023,96.10975646972656,0.27,47.89344549179077,overwrite
reward_intervention,eval/inverted,random,10024,111.04241943359375,0.245,36.56248331069946,overwrite
reward_intervention,eval/inverted,random,10025,94.43516540527344,0.255,46.36319923400879,overwrite
reward_intervention,eval/inverted,random,10026,92.69232177734375,0.235,44.182326316833496,overwrite
reward_intervention,eval/inverted,random,10027,93.04194641113281,0.23,48.355183601379395,overwrite
reward_intervention,eval/inverted,random,10028,97.2858657836914,0.28,59.88522911071777,overwrite
reward_intervention,eval/inverted,random,10029,97.01669311523438,0.255,45.86236047744751,overwrite
reward_intervention,eval/inverted,random,10030,99.0077896118164,0.23,51.50560522079468,overwrite
reward_intervention,eval/inverted,random,10031,95.68562316894531,0.28,52.28444147109985,overwrite
reward_intervention,eval/inverted,random,10032,97.1936264038086,0.25,25.51892328262329,overwrite
reward_intervention,eval/inverted,random,10033,102.43862915039062,0.225,57.66783952713013,overwrite
reward_intervention,eval/inverted,random,10034,108.78402709960938,0.255,43.42113637924194,overwrite
reward_intervention,eval/inverted,random,10035,110.596435546875,0.24,57.719101905822754,overwrite
reward_intervention,eval/inverted,random,10036,105.05601501464844,0.265,45.02997875213623,overwrite
reward_intervention,eval/inverted,random,10037,102.6802749633789,0.26,33.48616933822632,overwrite
reward_intervention,eval/inverted,random,10038,100.32266998291016,0.28,39.76910734176636,overwrite
reward_intervention,eval/inverted,random,10039,111.68927001953125,0.245,38.80545473098755,overwrite
reward_intervention,eval/inverted,random,10040,101.03496551513672,0.29,50.42936849594116,overwrite
reward_intervention,eval/inverted,random,10041,94.65486145019531,0.255,46.75653028488159,overwrite
reward_intervention,eval/inverted,random,10042,107.51129150390625,0.26,47.79604721069336,overwrite
reward_intervention,eval/inverted,random,10043,97.52403259277344,0.255,55.59163570404053,overwrite
reward_intervention,eval/inverted,random,10044,95.8270492553711,0.235,51.391879081726074,overwrite
reward_intervention,eval/inverted,random,10045,93.86679077148438,0.285,52.86617946624756,overwrite
reward_intervention,eval/inverted,random,10046,108.60939025878906,0.285,44.945844650268555,overwrite
reward_intervention,eval/inverted,random,10047,99.97389221191406,0.215,63.16008472442627,overwrite
reward_intervention,eval/inverted,random,10048,106.63331604003906,0.215,52.16561269760132,overwrite
reward_intervention,contrast/intact,tf_legacy,9999,128.75,0.625,71.24998569488525,overwrite
reward_intervention,contrast/intact,tf_legacy,10000,71.75,0.325,128.24997425079346,overwrite
reward_intervention,contrast/intact,tf_legacy,10001,73.65000915527344,0.335,126.35000991821289,overwrite
reward_intervention,contrast/intact,tf_legacy,10002,58.45000076293945,0.255,141.55002784729004,overwrite
reward_intervention,contrast/intact,tf_legacy,10003,63.20000076293945,0.28,136.7999725341797,overwrite
reward_intervention,contrast/intact,tf_legacy,10004,117.35000610351562,0.565,82.6499834060669,overwrite
reward_intervention,contrast/intact,tf_legacy,10005,35.650001525878906,0.135,164.34996700286865,overwrite
reward_intervention,contrast/intact,tf_legacy,10006,51.79999923706055,0.22,148.19997024536133,overwrite
reward_intervention,contrast/intact,tf_legacy,10007,81.25,0.375,118.7500696182251,overwrite
reward_intervention,contrast/intact,tf_legacy,10008,92.64999389648438,0.435,107.34997844696045,overwrite
reward_intervention,contrast/intact,tf_legacy,10009,87.9000015258789,0.41,112.09999752044678,overwrite
reward_intervention,contrast/intact,tf_legacy,10010,74.5999984741211,0.34,125.39997482299805,overwrite
reward_intervention,contrast/intact,tf_legacy,10011,47.04999542236328,0.195,152.95002937316895,overwrite
reward_intervention,contrast/intact,tf_legacy,10012,80.30000305175781,0.37,119.70001888275146,overwrite
reward_intervention,contrast/intact,tf_legacy,10013,28.049997329711914,0.095,171.94996547698975,overwrite
reward_intervention,contrast/intact,tf_legacy,10014,22.34999656677246,0.065,177.64996433258057,overwrite
reward_intervention,contrast/intact,tf_legacy,10015,51.79999923706055,0.22,148.19997024536133,overwrite
reward_intervention,contrast/intact,tf_legacy,10016,64.14999389648438,0.285,135.84997272491455,overwrite
reward_intervention,contrast/intact,tf_legacy,10017,125.90000915527344,0.61,74.09998798370361,overwrite
reward_intervention,contrast/intact,tf_legacy,10018,73.6500015258789,0.335,126.34997463226318,overwrite
reward_intervention,contrast/intact,tf_legacy,10019,85.05000305175781,0.395,114.94997692108154,overwrite
reward_intervention,contrast/intact,tf_legacy,10020,50.850006103515625,0.215,149.15002059936523,overwrite
reward_intervention,contrast/intact,tf_legacy,10021,92.65000915527344,0.435,107.34997844696045,overwrite
reward_intervention,contrast/intact,tf_legacy,10022,111.6500015258789,0.535,88.3500452041626,overwrite
reward_intervention,contrast/intact,tf_legacy,10023,75.55000305175781,0.345,124.4500675201416,overwrite
reward_intervention,contrast/intact,tf_legacy,10024,38.499996185302734,0.15,161.49997329711914,overwrite
reward_intervention,contrast/intact,tf_legacy,10025,48.95000076293945,0.205,151.04996967315674,overwrite
reward_intervention,contrast/intact,tf_legacy,10026,17.599998474121094,0.04,182.39996528625488,overwrite
reward_intervention,contrast/intact,tf_legacy,10027,69.85000610351562,0.315,130.14997386932373,overwrite
reward_intervention,contrast/intact,tf_legacy,10028,88.85000610351562,0.415,111.14998626708984,overwrite
reward_intervention,contrast/intact,tf_legacy,10029,67.94999694824219,0.305,132.049973487854,overwrite
reward_intervention,contrast/intact,tf_legacy,10030,129.70001220703125,0.63,70.29998588562012,overwrite
reward_intervention,contrast/intact,tf_legacy,10031,17.599998474121094,0.04,182.39996337890625,overwrite
reward_intervention,contrast/intact,tf_legacy,10032,93.60000610351562,0.44,106.40002822875977,overwrite
reward_intervention,contrast/intact,tf_legacy,10033,105.0,0.5,95.00000858306885,overwrite
reward_intervention,contrast/intact,tf_legacy,10034,86.0,0.4,113.9999771118164,overwrite
reward_intervention,contrast/intact,tf_legacy,10035,51.79999923706055,0.22,148.20001602172852,overwrite
reward_intervention,contrast/intact,tf_legacy,10036,56.54999923706055,0.245,143.44997310638428,overwrite
reward_intervention,contrast/intact,tf_legacy,10037,44.19999694824219,0.18,155.8000135421753,overwrite
reward_intervention,contrast/intact,tf_legacy,10038,27.099994659423828,0.09,172.89996528625488,overwrite
reward_intervention,contrast/intact,tf_legacy,10039,61.29999542236328,0.27,138.69997215270996,overwrite
reward_intervention,contrast/intact,tf_legacy,10040,22.349998474121094,0.065,177.65009117126465,overwrite
reward_intervention,contrast/intact,tf_legacy,10041,114.5,0.55,85.4999828338623,overwrite
reward_intervention,contrast/intact,tf_legacy,10042,56.54999923706055,0.245,143.45006275177002,overwrite
reward_intervention,contrast/intact,tf_legacy,10043,68.9000015258789,0.31,131.09997367858887,overwrite
reward_intervention,contrast/intact,tf_legacy,10044,34.69999694824219,0.13,165.2999668121338,overwrite
reward_intervention,contrast/intact,tf_legacy,10045,105.0,0.5,95.00002670288086,overwrite
reward_intervention,contrast/intact,tf_legacy,10046,102.1500015258789,0.485,97.84998035430908,overwrite
reward_intervention,contrast/intact,tf_legacy,10047,89.80000305175781,0.42,110.20006561279297,overwrite
reward_intervention,contrast/intact,tf_legacy,10048,82.19999694824219,0.38,117.79997730255127,overwrite
reward_intervention,contrast/intact,tf_self,9999,57.499996185302734,0.25,142.4999713897705,overwrite
reward_intervention,contrast/intact,tf_self,10000,81.25,0.375,118.74997615814209,overwrite
reward_intervention,contrast/intact,tf_self,10001,79.35000610351562,0.365,120.65003776550293,overwrite
reward_intervention,contrast/intact,tf_self,10002,85.05000305175781,0.395,114.94995594024658,overwrite
reward_intervention,contrast/intact,tf_self,10003,62.249996185302734,0.275,137.74997234344482,overwrite
reward_intervention,contrast/intact,tf_self,10004,36.59999465942383,0.14,163.39996719360352,overwrite
reward_intervention,contrast/intact,tf_self,10005,69.85000610351562,0.315,130.14997386932373,overwrite
reward_intervention,contrast/intact,tf_self,10006,77.44999694824219,0.355,122.54997539520264,overwrite
reward_intervention,contrast/intact,tf_self,10007,52.749996185302734,0.225,147.2500524520874,overwrite
reward_intervention,contrast/intact,tf_self,10008,37.54999542236328,0.145,162.44996738433838,overwrite
reward_intervention,contrast/intact,tf_self,10009,107.85000610351562,0.515,92.15000247955322,overwrite
reward_intervention,contrast/intact,tf_self,10010,29.949996948242188,0.105,170.04996585845947,overwrite
reward_intervention,contrast/intact,tf_self,10011,54.64999771118164,0.235,145.3500566482544,overwrite
reward_intervention,contrast/intact,tf_self,10012,71.75,0.325,128.250018119812,overwrite
reward_intervention,contrast/intact,tf_self,10013,67.94999694824219,0.305,132.049973487854,overwrite
reward_intervention,contrast/intact,tf_self,10014,78.4000015258789,0.36,121.5999755859375,overwrite
reward_intervention,contrast/intact,tf_self,10015,84.10000610351562,0.39,115.89997673034668,overwrite
reward_intervention,contrast/intact,tf_self,10016,74.60000610351562,0.34,125.39997482299805,overwrite
reward_intervention,contrast/intact,tf_self,10017,75.55000305175781,0.345,124.45001983642578,overwrite
reward_intervention,contrast/intact,tf_self,10018,65.0999984741211,0.29,134.8999729156494,overwrite
reward_intervention,contrast/intact,tf_self,10019,85.05000305175781,0.395,114.94997692108154,overwrite
reward_intervention,contrast/intact,tf_self,10020,84.10000610351562,0.39,115.90004920959473,overwrite
reward_intervention,contrast/intact,tf_self,10021,58.44999694824219,0.255,141.54997158050537,overwrite
reward_intervention,contrast/intact,tf_self,10022,84.10000610351562,0.39,115.9000358581543,overwrite
reward_intervention,contrast/intact,tf_self,10023,57.5,0.25,142.50000381469727,overwrite
reward_intervention,contrast/intact,tf_self,10024,50.85000228881836,0.215,149.14997482299805,overwrite
reward_intervention,contrast/intact,tf_self,10025,23.299997329711914,0.07,176.69996452331543,overwrite
reward_intervention,contrast/intact,tf_self,10026,23.299997329711914,0.07,176.69996452331543,overwrite
reward_intervention,contrast/intact,tf_self,10027,117.35000610351562,0.565,82.6499834060669,overwrite
reward_intervention,contrast/intact,tf_self,10028,32.79999542236328,0.12,167.20000648498535,overwrite
reward_intervention,contrast/intact,tf_self,10029,33.749996185302734,0.125,166.24996662139893,overwrite
reward_intervention,contrast/intact,tf_self,10030,36.59999465942383,0.14,163.39996719360352,overwrite
reward_intervention,contrast/intact,tf_self,10031,153.45001220703125,0.755,46.5499906539917,overwrite
reward_intervention,contrast/intact,tf_self,10032,67.94999694824219,0.305,132.0500087738037,overwrite
reward_intervention,contrast/intact,tf_self,10033,84.10000610351562,0.39,115.9000597000122,overwrite
reward_intervention,contrast/intact,tf_self,10034,81.25,0.375,118.74997615814209,overwrite
reward_intervention,contrast/intact,tf_self,10035,116.4000015258789,0.56,83.59999465942383,overwrite
reward_intervention,contrast/intact,tf_self,10036,24.249998092651367,0.075,175.74997520446777,overwrite
reward_intervention,contrast/intact,tf_self,10037,63.20000076293945,0.28,136.80005264282227,overwrite
reward_intervention,contrast/intact,tf_self,10038,98.35000610351562,0.465,101.64997959136963,overwrite
reward_intervention,contrast/intact,tf_self,10039,125.90000915527344,0.61,74.09998512268066,overwrite
reward_intervention,contrast/intact,tf_self,10040,67.0,0.3,133.0000286102295,overwrite
reward_intervention,contrast/intact,tf_self,10041,53.69999694824219,0.23,146.29997062683105,overwrite
reward_intervention,contrast/intact,tf_self,10042,54.650001525878906,0.235,145.3500919342041,overwrite
reward_intervention,contrast/intact,tf_self,10043,37.54999542236328,0.145,162.44996738433838,overwrite
reward_intervention,contrast/intact,tf_self,10044,23.299999237060547,0.07,176.69996452331543,overwrite
reward_intervention,contrast/intact,tf_self,10045,23.299997329711914,0.07,176.7000322341919,overwrite
reward_intervention,contrast/intact,tf_self,10046,75.55000305175781,0.345,124.44997501373291,overwrite
reward_intervention,contrast/intact,tf_self,10047,119.25000762939453,0.575,80.75006484985352,overwrite
reward_intervention,contrast/intact,tf_self,10048,33.749996185302734,0.125,166.2500228881836,overwrite
reward_intervention,contrast/intact,optimal,9999,200.0,1.0,0.0,overwrite
reward_intervention,contrast/intact,optimal,10000,200.0,1.0,0.0,overwrite
reward_intervention,contrast/intact,optimal,10001,200.0,1.0,0.0,overwrite
reward_intervention,contrast/intact,optimal,10002,200.0,1.0,0.0,overwrite
reward_intervention,contrast/intact,optimal,10003,200.0,1.0,0.0,overwrite
reward_intervention,contrast/intact,optimal,10004,200.0,1.0,0.0,overwrite
reward_intervention,contrast/intact,optimal,10005,200.0,1.0,0.0,overwrite
reward_intervention,contrast/intact,optimal,10006,200.0,1.0,0.0,overwrite
reward_intervention,contrast/intact,optimal,10007,200.0,1.0,0.0,overwrite
reward_intervention,contrast/intact,optimal,10008,200.0,1.0,0.0,overwrite
reward_intervention,contrast/intact,optimal,10009,200.0,1.0,0.0,overwrite
reward_intervention,contrast/intact,optimal,10010,200.0,1.0,0.0,overwrite
reward_intervention,contrast/intact,optimal,10011,200.0,1.0,0.0,overwrite
reward_intervention,contrast/intact,optimal,10012,200.0,1.0,0.0,overwrite
reward_intervention,contrast/intact,optimal,10013,200.0,1.0,0.0,overwrite
reward_intervention,contrast/intact,optimal,10014,200.0,1.0,0.0,overwrite
reward_intervention,contrast/intact,optimal,10015,200.0,1.0,0.0,overwrite
reward_intervention,contrast/intact,optimal,10016,200.0,1.0,0.0,overwrite
reward_intervention,contrast/intact,optimal,10017,200.0,1.0,0.0,overwrite
reward_intervention,contrast/intact,optimal,10018,200.0,1.0,0.0,overwrite
reward_intervention,contrast/intact,optimal,10019,200.0,1.0,0.0,overwrite
reward_intervention,contrast/intact,optimal,10020,200.0,1.0,0.0,overwrite
reward_intervention,contrast/intact,optimal,10021,200.0,1.0,0.0,overwrite
reward_intervention,contrast/intact,optimal,10022,200.0,1.0,0.0,overwrite
reward_intervention,contrast/intact,optimal,10023,200.0,1.0,0.0,overwrite
reward_intervention,contrast/intact,optimal,10024,200.0,1.0,0.0,overwrite
reward_intervention,contrast/intact,optimal,10025,200.0,1.0,0.0,overwrite
reward_intervention,contrast/intact,optimal,10026,200.0,1.0,0.0,overwrite
reward_intervention,contrast/intact,optimal,10027,200.0,1.0,0.0,overwrite
reward_intervention,contrast/intact,optimal,10028,200.0,1.0,0.0,overwrite
reward_intervention,contrast/intact,optimal,10029,200.0,1.0,0.0,overwrite
reward_intervention,contrast/intact,optimal,10030,200.0,1.0,0.0,overwrite
reward_intervention,contrast/intact,optimal,10031,200.0,1.0,0.0,overwrite
reward_intervention,contrast/intact,optimal,10032,200.0,1.0,0.0,overwrite
reward_intervention,contrast/intact,optimal,10033,200.0,1.0,0.0,overwrite
reward_intervention,contrast/intact,optimal,10034,200.0,1.0,0.0,overwrite
reward_intervention,contrast/intact,optimal,10035,200.0,1.0,0.0,overwrite
reward_intervention,contrast/intact,optimal,10036,200.0,1.0,0.0,overwrite
reward_intervention,contrast/intact,optimal,10037,200.0,1.0,0.0,overwrite
reward_intervention,contrast/intact,optimal,10038,200.0,1.0,0.0,overwrite
reward_intervention,contrast/intact,optimal,10039,200.0,1.0,0.0,overwrite
reward_intervention,contrast/intact,optimal,10040,200.0,1.0,0.0,overwrite
reward_intervention,contrast/intact,optimal,10041,200.0,1.0,0.0,overwrite
reward_intervention,contrast/intact,optimal,10042,200.0,1.0,0.0,overwrite
reward_intervention,contrast/intact,optimal,10043,200.0,1.0,0.0,overwrite
reward_intervention,contrast/intact,optimal,10044,200.0,1.0,0.0,overwrite
reward_intervention,contrast/intact,optimal,10045,200.0,1.0,0.0,overwrite
reward_intervention,contrast/intact,optimal,10046,200.0,1.0,0.0,overwrite
reward_intervention,contrast/intact,optimal,10047,200.0,1.0,0.0,overwrite
reward_intervention,contrast/intact,optimal,10048,200.0,1.0,0.0,overwrite
reward_intervention,contrast/intact,epsgreedy,9999,70.79999542236328,0.32,129.1999740600586,overwrite
reward_intervention,contrast/intact,epsgreedy,10000,84.10000610351562,0.39,115.89997673034668,overwrite
reward_intervention,contrast/intact,epsgreedy,10001,111.65000915527344,0.535,88.3500108718872,overwrite
reward_intervention,contrast/intact,epsgreedy,10002,73.6500015258789,0.335,126.34999561309814,overwrite
reward_intervention,contrast/intact,epsgreedy,10003,82.19999694824219,0.38,117.79997634887695,overwrite
reward_intervention,contrast/intact,epsgreedy,10004,116.4000015258789,0.56,83.59998321533203,overwrite
reward_intervention,contrast/intact,epsgreedy,10005,105.95000457763672,0.505,94.04998111724854,overwrite
reward_intervention,contrast/intact,epsgreedy,10006,80.30000305175781,0.37,119.69997596740723,overwrite
reward_intervention,contrast/intact,epsgreedy,10007,74.60000610351562,0.34,125.40003681182861,overwrite
reward_intervention,contrast/intact,epsgreedy,10008,94.55000305175781,0.445,105.44997882843018,overwrite
reward_intervention,contrast/intact,epsgreedy,10009,124.00000762939453,0.6,75.9999942779541,overwrite
reward_intervention,contrast/intact,epsgreedy,10010,150.60000610351562,0.74,49.39999008178711,overwrite
reward_intervention,contrast/intact,epsgreedy,10011,77.45000457763672,0.355,122.55003261566162,overwrite
reward_intervention,contrast/intact,epsgreedy,10012,86.0,0.4,114.00003433227539,overwrite
reward_intervention,contrast/intact,epsgreedy,10013,84.10000610351562,0.39,115.89997673034668,overwrite
reward_intervention,contrast/intact,epsgreedy,10014,118.30001068115234,0.57,81.69998359680176,overwrite
reward_intervention,contrast/intact,epsgreedy,10015,73.6500015258789,0.335,126.34997463226318,overwrite
reward_intervention,contrast/intact,epsgreedy,10016,74.5999984741211,0.34,125.39997482299805,overwrite
reward_intervention,contrast/intact,epsgreedy,10017,109.75,0.525,90.25001811981201,overwrite
reward_intervention,contrast/intact,epsgreedy,10018,82.19999694824219,0.38,117.79997825622559,overwrite
reward_intervention,contrast/intact,epsgreedy,10019,94.55000305175781,0.445,105.44997882843018,overwrite
reward_intervention,contrast/intact,epsgreedy,10020,84.0999984741211,0.39,115.90002059936523,overwrite
reward_intervention,contrast/intact,epsgreedy,10021,66.05000305175781,0.295,133.94997310638428,overwrite
reward_intervention,contrast/intact,epsgreedy,10022,44.20000076293945,0.18,155.80008125305176,overwrite
reward_intervention,contrast/intact,epsgreedy,10023,84.10000610351562,0.39,115.9000415802002,overwrite
reward_intervention,contrast/intact,epsgreedy,10024,74.5999984741211,0.34,125.39998054504395,overwrite
reward_intervention,contrast/intact,epsgreedy,10025,73.6500015258789,0.335,126.34997463226318,overwrite
reward_intervention,contrast/intact,epsgreedy,10026,117.35000610351562,0.565,82.64998435974121,overwrite
reward_intervention,contrast/intact,epsgreedy,10027,118.30000305175781,0.57,81.69998359680176,overwrite
reward_intervention,contrast/intact,epsgreedy,10028,101.19999694824219,0.48,98.8000078201294,overwrite
reward_intervention,contrast/intact,epsgreedy,10029,51.79999542236328,0.22,148.19997024536133,overwrite
reward_intervention,contrast/intact,epsgreedy,10030,126.85000610351562,0.615,73.14998531341553,overwrite
reward_intervention,contrast/intact,epsgreedy,10031,158.20001220703125,0.78,41.799991607666016,overwrite
reward_intervention,contrast/intact,epsgreedy,10032,130.65000915527344,0.635,69.35001754760742,overwrite
reward_intervention,contrast/intact,epsgreedy,10033,111.6500015258789,0.535,88.34998226165771,overwrite
reward_intervention,contrast/intact,epsgreedy,10034,87.9000015258789,0.41,112.09997749328613,overwrite
reward_intervention,contrast/intact,epsgreedy,10035,105.00000762939453,0.5,95.00004005432129,overwrite
reward_intervention,contrast/intact,epsgreedy,10036,92.6500015258789,0.435,107.34998321533203,overwrite
reward_intervention,contrast/intact,epsgreedy,10037,56.55000305175781,0.245,143.45001983642578,overwrite
reward_intervention,contrast/intact,epsgreedy,10038,68.9000015258789,0.31,131.09997367858887,overwrite
reward_intervention,contrast/intact,epsgreedy,10039,89.80000305175781,0.42,110.19997978210449,overwrite
reward_intervention,contrast/intact,epsgreedy,10040,106.90000915527344,0.51,93.10006046295166,overwrite
reward_intervention,contrast/intact,epsgreedy,10041,67.0,0.3,132.99997329711914,overwrite
reward_intervention,contrast/intact,epsgreedy,10042,90.75,0.425,109.25006484985352,overwrite
reward_intervention,contrast/intact,epsgreedy,10043,84.0999984741211,0.39,115.89997673034668,overwrite
reward_intervention,contrast/intact,epsgreedy,10044,103.10000610351562,0.49,96.89998435974121,overwrite
reward_intervention,contrast/intact,epsgreedy,10045,51.80000305175781,0.22,148.20002937316895,overwrite
reward_intervention,contrast/intact,epsgreedy,10046,113.55000305175781,0.545,86.44998264312744,overwrite
reward_intervention,contrast/intact,epsgreedy,10047,83.15000915527344,0.385,116.85005855560303,overwrite
reward_intervention,contrast/intact,epsgreedy,10048,84.0999984741211,0.39,115.90001964569092,overwrite
reward_intervention,contrast/intact,greedy,9999,35.64999771118164,0.135,164.34996700286865,overwrite
reward_intervention,contrast/intact,greedy,10000,81.25,0.375,118.74997615814209,overwrite
reward_intervention,contrast/intact,greedy,10001,98.35000610351562,0.465,101.65001106262207,overwrite
reward_intervention,contrast/intact,greedy,10002,109.75000762939453,0.525,90.25000858306885,overwrite
reward_intervention,contrast/intact,greedy,10003,83.1500015258789,0.385,116.84997653961182,overwrite
reward_intervention,contrast/intact,greedy,10004,35.64999771118164,0.135,164.34996700286865,overwrite
reward_intervention,contrast/intact,greedy,10005,23.299997329711914,0.07,176.69996452331543,overwrite
reward_intervention,contrast/intact,greedy,10006,80.30000305175781,0.37,119.69997596740723,overwrite
reward_intervention,contrast/intact,greedy,10007,99.30000305175781,0.47,100.70003128051758,overwrite
reward_intervention,contrast/intact,greedy,10008,51.79999923706055,0.22,148.19997024536133,overwrite
reward_intervention,contrast/intact,greedy,10009,54.64999771118164,0.235,145.35000228881836,overwrite
reward_intervention,contrast/intact,greedy,10010,122.10000610351562,0.59,77.89998435974121,overwrite
reward_intervention,contrast/intact,greedy,10011,45.14999771118164,0.185,154.850022315979,overwrite
reward_intervention,contrast/intact,greedy,10012,59.400001525878906,0.26,140.60009002685547,overwrite
reward_intervention,contrast/intact,greedy,10013,66.04999542236328,0.295,133.94997310638428,overwrite
reward_intervention,contrast/intact,greedy,10014,63.19999313354492,0.28,136.7999725341797,overwrite
reward_intervention,contrast/intact,greedy,10015,10.000001907348633,0.0,189.99996185302734,overwrite
reward_intervention,contrast/intact,greedy,10016,32.79999542236328,0.12,167.19996643066406,overwrite
reward_intervention,contrast/intact,greedy,10017,61.29999542236328,0.27,138.7000608444214,overwrite
reward_intervention,contrast/intact,greedy,10018,76.5,0.35,123.49997520446777,overwrite
reward_intervention,contrast/intact,greedy,10019,46.099998474121094,0.19,153.89996910095215,overwrite
reward_intervention,contrast/intact,greedy,10020,43.249996185302734,0.175,156.74999332427979,overwrite
reward_intervention,contrast/intact,greedy,10021,10.000001907348633,0.0,189.99996185302734,overwrite
reward_intervention,contrast/intact,greedy,10022,19.5,0.05,180.50008583068848,overwrite
reward_intervention,contrast/intact,greedy,10023,50.84999465942383,0.215,149.15002822875977,overwrite
reward_intervention,contrast/intact,greedy,10024,34.69999694824219,0.13,165.29998779296875,overwrite
reward_intervention,contrast/intact,greedy,10025,65.0999984741211,0.29,134.8999729156494,overwrite
reward_intervention,contrast/intact,greedy,10026,103.10000610351562,0.49,96.89998054504395,overwrite
reward_intervention,contrast/intact,greedy,10027,95.5,0.45,104.49997901916504,overwrite
reward_intervention,contrast/intact,greedy,10028,94.55000305175781,0.445,105.44997882843018,overwrite
reward_intervention,contrast/intact,greedy,10029,37.54999542236328,0.145,162.44996738433838,overwrite
reward_intervention,contrast/intact,greedy,10030,51.79999542236328,0.22,148.19997024536133,overwrite
reward_intervention,contrast/intact,greedy,10031,93.60000610351562,0.44,106.39997863769531,overwrite
reward_intervention,contrast/intact,greedy,10032,40.39999771118164,0.16,159.60004711151123,overwrite
reward_intervention,contrast/intact,greedy,10033,70.80000305175781,0.32,129.19999885559082,overwrite
reward_intervention,contrast/intact,greedy,10034,64.1500015258789,0.285,135.84997272491455,overwrite
reward_intervention,contrast/intact,greedy,10035,84.0999984741211,0.39,115.90003395080566,overwrite
reward_intervention,contrast/intact,greedy,10036,73.6500015258789,0.335,126.3499927520752,overwrite
reward_intervention,contrast/intact,greedy,10037,10.000001907348633,0.0,190.0000171661377,overwrite
reward_intervention,contrast/intact,greedy,10038,30.89999771118164,0.11,169.09996604919434,overwrite
reward_intervention,contrast/intact,greedy,10039,67.0,0.3,132.99997329711914,overwrite
reward_intervention,contrast/intact,greedy,10040,57.5,0.25,142.5000638961792,overwrite
reward_intervention,contrast/intact,greedy,10041,42.29999542236328,0.17,157.6999683380127,overwrite
reward_intervention,contrast/intact,greedy,10042,25.199996948242188,0.08,174.80006217956543,overwrite
reward_intervention,contrast/intact,greedy,10043,65.0999984741211,0.29,134.8999729156494,overwrite
reward_intervention,contrast/intact,greedy,10044,96.45000457763672,0.455,103.5499792098999,overwrite
reward_intervention,contrast/intact,greedy,10045,32.79999542236328,0.12,167.20010375976562,overwrite
reward_intervention,contrast/intact,greedy,10046,91.70000457763672,0.43,108.29997825622559,overwrite
reward_intervention,contrast/intact,greedy,10047,68.89999389648438,0.31,131.1000623703003,overwrite
reward_intervention,contrast/intact,greedy,10048,29.949996948242188,0.105,170.0500144958496,overwrite
reward_intervention,contrast/intact,random,9999,66.04999542236328,0.295,133.94997310638428,overwrite
reward_intervention,contrast/intact,random,10000,53.69999694824219,0.23,146.29997062683105,overwrite
reward_intervention,contrast/intact,random,10001,58.44999694824219,0.255,141.55001544952393,overwrite
reward_intervention,contrast/intact,random,10002,50.849998474121094,0.215,149.14999675750732,overwrite
reward_intervention,contrast/intact,random,10003,57.499996185302734,0.25,142.4999713897705,overwrite
reward_intervention,contrast/intact,random,10004,62.25,0.275,137.74997234344482,overwrite
reward_intervention,contrast/intact,random,10005,64.14999389648438,0.285,135.84997272491455,overwrite
reward_intervention,contrast/intact,random,10006,61.29999923706055,0.27,138.69997215270996,overwrite
reward_intervention,contrast/intact,random,10007,61.30000305175781,0.27,138.70005893707275,overwrite
reward_intervention,contrast/intact,random,10008,59.399993896484375,0.26,140.59997177124023,overwrite
reward_intervention,contrast/intact,random,10009,50.849998474121094,0.215,149.14999294281006,overwrite
reward_intervention,contrast/intact,random,10010,49.899993896484375,0.21,150.0999698638916,overwrite
reward_intervention,contrast/intact,random,10011,53.69999694824219,0.23,146.30006980895996,overwrite
reward_intervention,contrast/intact,random,10012,65.0999984741211,0.29,134.90003108978271,overwrite
reward_intervention,contrast/intact,random,10013,55.599998474121094,0.24,144.39997100830078,overwrite
reward_intervention,contrast/intact,random,10014,57.499996185302734,0.25,142.49997806549072,overwrite
reward_intervention,contrast/intact,random,10015,49.899993896484375,0.21,150.0999698638916,overwrite
reward_intervention,contrast/intact,random,10016,56.54999542236328,0.245,143.44997119903564,overwrite
reward_intervention,contrast/intact,random,10017,51.79999542236328,0.22,148.20003032684326,overwrite
reward_intervention,contrast/intact,random,10018,64.14999389648438,0.285,135.84997653961182,overwrite
reward_intervention,contrast/intact,random,10019,61.29999542236328,0.27,138.69997215270996,overwrite
reward_intervention,contrast/intact,random,10020,67.94999694824219,0.305,132.0500202178955,overwrite
reward_intervention,contrast/intact,random,10021,53.69999694824219,0.23,146.29997062683105,overwrite
reward_intervention,contrast/intact,random,10022,60.349998474121094,0.265,139.6500539779663,overwrite
reward_intervention,contrast/intact,random,10023,54.650001525878906,0.235,145.3500270843506,overwrite
reward_intervention,contrast/intact,random,10024,54.64999771118164,0.235,145.34998035430908,overwrite
reward_intervention,contrast/intact,random,10025,55.599998474121094,0.24,144.39997100830078,overwrite
reward_intervention,contrast/intact,random,10026,48.94999694824219,0.205,151.04997444152832,overwrite
reward_intervention,contrast/intact,random,10027,57.499996185302734,0.25,142.4999713897705,overwrite
reward_intervention,contrast/intact,random,10028,58.44999694824219,0.255,141.54998397827148,overwrite
reward_intervention,contrast/intact,random,10029,57.499996185302734,0.25,142.4999713897705,overwrite
reward_intervention,contrast/intact,random,10030,68.9000015258789,0.31,131.09997367858887,overwrite
reward_intervention,contrast/intact,random,10031,59.399993896484375,0.26,140.59997177124023,overwrite
reward_intervention,contrast/intact,random,10032,53.69999694824219,0.23,146.30005264282227,overwrite
reward_intervention,contrast/intact,random,10033,50.849998474121094,0.215,149.15002155303955,overwrite
reward_intervention,contrast/intact,random,10034,55.599998474121094,0.24,144.39997100830078,overwrite
reward_intervention,contrast/intact,random,10035,54.649993896484375,0.235,145.35002613067627,overwrite
reward_intervention,contrast/intact,random,10036,64.1500015258789,0.285,135.84998226165771,overwrite
reward_intervention,contrast/intact,random,10037,56.55000305175781,0.245,143.45002841949463,overwrite
reward_intervention,contrast/intact,random,10038,48.94999694824219,0.205,151.04996967315674,overwrite
reward_intervention,contrast/intact,random,10039,58.44999694824219,0.255,141.5499963760376,overwrite
reward_intervention,contrast/intact,random,10040,53.69999694824219,0.23,146.30006217956543,overwrite
reward_intervention,contrast/intact,random,10041,54.64999771118164,0.235,145.34997081756592,overwrite
reward_intervention,contrast/intact,random,10042,62.25,0.275,137.75006771087646,overwrite
reward_intervention,contrast/intact,random,10043,59.399993896484375,0.26,140.59997177124023,overwrite
reward_intervention,contrast/intact,random,10044,55.599998474121094,0.24,144.39999103546143,overwrite
reward_intervention,contrast/intact,random,10045,46.09999465942383,0.19,153.9000473022461,overwrite
reward_intervention,contrast/intact,random,10046,59.40000534057617,0.26,140.59997177124023,overwrite
reward_intervention,contrast/intact,random,10047,57.499996185302734,0.25,142.50008487701416,overwrite
reward_intervention,contrast/intact,random,10048,45.14999771118164,0.185,154.85002613067627,overwrite
reward_intervention,contrast/zeroed,tf_legacy,9999,100.25,0.475,99.74997997283936,overwrite
reward_intervention,contrast/zeroed,tf_legacy,10000,50.849998474121094,0.215,149.14997005462646,overwrite
reward_intervention,contrast/zeroed,tf_legacy,10001,78.4000015258789,0.36,121.60002517700195,overwrite
reward_intervention,contrast/zeroed,tf_legacy,10002,67.0,0.3,133.00001430511475,overwrite
reward_intervention,contrast/zeroed,tf_legacy,10003,60.34999084472656,0.265,139.6499719619751,overwrite
reward_intervention,contrast/zeroed,tf_legacy,10004,95.5,0.45,104.49997901916504,overwrite
reward_intervention,contrast/zeroed,tf_legacy,10005,41.349998474121094,0.165,158.64996814727783,overwrite
reward_intervention,contrast/zeroed,tf_legacy,10006,42.30000305175781,0.17,157.6999683380127,overwrite
reward_intervention,contrast/zeroed,tf_legacy,10007,36.599998474121094,0.14,163.40007305145264,overwrite
reward_intervention,contrast/zeroed,tf_legacy,10008,91.69999694824219,0.43,108.29997825622559,overwrite
reward_intervention,contrast/zeroed,tf_legacy,10009,46.09999465942383,0.19,153.89998245239258,overwrite
reward_intervention,contrast/zeroed,tf_legacy,10010,60.349998474121094,0.265,139.6499719619751,overwrite
reward_intervention,contrast/zeroed,tf_legacy,10011,54.64999771118164,0.235,145.3500213623047,overwrite
reward_intervention,contrast/zeroed,tf_legacy,10012,58.44999694824219,0.255,141.55004215240479,overwrite
reward_intervention,contrast/zeroed,tf_legacy,10013,25.199996948242188,0.08,174.79996490478516,overwrite
reward_intervention,contrast/zeroed,tf_legacy,10014,11.90000057220459,0.01,188.09996795654297,overwrite
reward_intervention,contrast/zeroed,tf_legacy,10015,26.14999771118164,0.085,173.84996509552002,overwrite
reward_intervention,contrast/zeroed,tf_legacy,10016,89.80000305175781,0.42,110.19997787475586,overwrite
reward_intervention,contrast/zeroed,tf_legacy,10017,56.54999923706055,0.245,143.4499807357788,overwrite
reward_intervention,contrast/zeroed,tf_legacy,10018,57.499996185302734,0.25,142.49997329711914,overwrite
reward_intervention,contrast/zeroed,tf_legacy,10019,53.69999694824219,0.23,146.29997062683105,overwrite
reward_intervention,contrast/zeroed,tf_legacy,10020,47.999996185302734,0.2,152.00001335144043,overwrite
reward_intervention,contrast/zeroed,tf_legacy,10021,90.75000762939453,0.425,109.24997806549072,overwrite
reward_intervention,contrast/zeroed,tf_legacy,10022,106.9000015258789,0.51,93.10005855560303,overwrite
reward_intervention,contrast/zeroed,tf_legacy,10023,70.80000305175781,0.32,129.20007133483887,overwrite
reward_intervention,contrast/zeroed,tf_legacy,10024,70.79999542236328,0.32,129.19997692108154,overwrite
reward_intervention,contrast/zeroed,tf_legacy,10025,43.249996185302734,0.175,156.74996852874756,overwrite
reward_intervention,contrast/zeroed,tf_legacy,10026,13.799999237060547,0.02,186.19996738433838,overwrite
reward_intervention,contrast/zeroed,tf_legacy,10027,60.349998474121094,0.265,139.6499719619751,overwrite
reward_intervention,contrast/zeroed,tf_legacy,10028,67.94999694824219,0.305,132.049973487854,overwrite
reward_intervention,contrast/zeroed,tf_legacy,10029,45.14999771118164,0.185,154.84996891021729,overwrite
reward_intervention,contrast/zeroed,tf_legacy,10030,130.65000915527344,0.635,69.34998607635498,overwrite
reward_intervention,contrast/zeroed,tf_legacy,10031,12.84999942779541,0.015,187.14996242523193,overwrite
reward_intervention,contrast/zeroed,tf_legacy,10032,73.6500015258789,0.335,126.35001945495605,overwrite
reward_intervention,contrast/zeroed,tf_legacy,10033,67.0,0.3,132.99997425079346,overwrite
reward_intervention,contrast/zeroed,tf_legacy,10034,58.44999694824219,0.255,141.54997158050537,overwrite
reward_intervention,contrast/zeroed,tf_legacy,10035,27.09999656677246,0.09,172.90002155303955,overwrite
reward_intervention,contrast/zeroed,tf_legacy,10036,44.19999694824219,0.18,155.79996871948242,overwrite
reward_intervention,contrast/zeroed,tf_legacy,10037,47.04999542236328,0.195,152.95001220703125,overwrite
reward_intervention,contrast/zeroed,tf_legacy,10038,14.75,0.025,185.24996280670166,overwrite
reward_intervention,contrast/zeroed,tf_legacy,10039,45.14999771118164,0.185,154.8499698638916,overwrite
reward_intervention,contrast/zeroed,tf_legacy,10040,35.64999771118164,0.135,164.35008430480957,overwrite
reward_intervention,contrast/zeroed,tf_legacy,10041,85.05000305175781,0.395,114.94997692108154,overwrite
reward_intervention,contrast/zeroed,tf_legacy,10042,48.94999694824219,0.205,151.05007362365723,overwrite
reward_intervention,contrast/zeroed,tf_legacy,10043,75.55000305175781,0.345,124.44997501373291,overwrite
reward_intervention,contrast/zeroed,tf_legacy,10044,63.20000457763672,0.28,136.7999725341797,overwrite
reward_intervention,contrast/zeroed,tf_legacy,10045,85.05000305175781,0.395,114.95004367828369,overwrite
reward_intervention,contrast/zeroed,tf_legacy,10046,76.5,0.35,123.49997520446777,overwrite
reward_intervention,contrast/zeroed,tf_legacy,10047,68.89999389648438,0.31,131.10006427764893,overwrite
reward_intervention,contrast/zeroed,tf_legacy,10048,84.0999984741211,0.39,115.89997959136963,overwrite
reward_intervention,contrast/zeroed,tf_self,9999,49.89999771118164,0.21,150.0999698638916,overwrite
reward_intervention,contrast/zeroed,tf_self,10000,99.30000305175781,0.47,100.69997978210449,overwrite
reward_intervention,contrast/zeroed,tf_self,10001,14.750000953674316,0.025,185.25003051757812,overwrite
reward_intervention,contrast/zeroed,tf_self,10002,27.099998474121094,0.09,172.89996337890625,overwrite
reward_intervention,contrast/zeroed,tf_self,10003,22.349998474121094,0.065,177.64996433258057,overwrite
reward_intervention,contrast/zeroed,tf_self,10004,37.54999542236328,0.145,162.44996738433838,overwrite
reward_intervention,contrast/zeroed,tf_self,10005,65.09999084472656,0.29,134.8999729156494,overwrite
reward_intervention,contrast/zeroed,tf_self,10006,87.9000015258789,0.41,112.09997749328613,overwrite
reward_intervention,contrast/zeroed,tf_self,10007,72.69999694824219,0.33,127.3000316619873,overwrite
reward_intervention,contrast/zeroed,tf_self,10008,30.89999771118164,0.11,169.09996604919434,overwrite
reward_intervention,contrast/zeroed,tf_self,10009,72.69999694824219,0.33,127.29997539520264,overwrite
reward_intervention,contrast/zeroed,tf_self,10010,31.84999656677246,0.115,168.1499662399292,overwrite
reward_intervention,contrast/zeroed,tf_self,10011,54.650001525878906,0.235,145.35008430480957,overwrite
reward_intervention,contrast/zeroed,tf_self,10012,55.599998474121094,0.24,144.40002822875977,overwrite
reward_intervention,contrast/zeroed,tf_self,10013,56.54999923706055,0.245,143.44997119903564,overwrite
reward_intervention,contrast/zeroed,tf_self,10014,53.69999694824219,0.23,146.29997062683105,overwrite
reward_intervention,contrast/zeroed,tf_self,10015,76.5,0.35,123.49997520446777,overwrite
reward_intervention,contrast/zeroed,tf_self,10016,72.70000457763672,0.33,127.29997444152832,overwrite
reward_intervention,contrast/zeroed,tf_self,10017,75.55000305175781,0.345,124.45001983642578,overwrite
reward_intervention,contrast/zeroed,tf_self,10018,12.850000381469727,0.015,187.1499786376953,overwrite
reward_intervention,contrast/zeroed,tf_self,10019,63.20000457763672,0.28,136.7999725341797,overwrite
reward_intervention,contrast/zeroed,tf_self,10020,94.55000305175781,0.445,105.4500322341919,overwrite
reward_intervention,contrast/zeroed,tf_self,10021,110.70001220703125,0.53,89.29998207092285,overwrite
reward_intervention,contrast/zeroed,tf_self,10022,67.0,0.3,133.00005531311035,overwrite
reward_intervention,contrast/zeroed,tf_self,10023,73.65000915527344,0.335,126.35003280639648,overwrite
reward_intervention,contrast/zeroed,tf_self,10024,26.149993896484375,0.085,173.84996891021729,overwrite
reward_intervention,contrast/zeroed,tf_self,10025,31.849994659423828,0.115,168.1499662399292,overwrite
reward_intervention,contrast/zeroed,tf_self,10026,22.349998474121094,0.065,177.64996433258057,overwrite
reward_intervention,contrast/zeroed,tf_self,10027,143.0,0.7,56.9999885559082,overwrite
reward_intervention,contrast/zeroed,tf_self,10028,96.44999694824219,0.455,103.55000400543213,overwrite
reward_intervention,contrast/zeroed,tf_self,10029,36.59999465942383,0.14,163.39996719360352,overwrite
reward_intervention,contrast/zeroed,tf_self,10030,67.0,0.3,132.99997329711914,overwrite
reward_intervention,contrast/zeroed,tf_self,10031,61.29999542236328,0.27,138.69997215270996,overwrite
reward_intervention,contrast/zeroed,tf_self,10032,59.39999771118164,0.26,140.6000165939331,overwrite
reward_intervention,contrast/zeroed,tf_self,10033,77.44999694824219,0.355,122.550048828125,overwrite
reward_intervention,contrast/zeroed,tf_self,10034,86.0,0.4,113.9999771118164,overwrite
reward_intervention,contrast/zeroed,tf_self,10035,80.30000305175781,0.37,119.7000093460083,overwrite
reward_intervention,contrast/zeroed,tf_self,10036,97.4000015258789,0.46,102.59998512268066,overwrite
reward_intervention,contrast/zeroed,tf_self,10037,46.099998474121094,0.19,153.90003776550293,overwrite
reward_intervention,contrast/zeroed,tf_self,10038,115.45000457763672,0.555,84.54998302459717,overwrite
reward_intervention,contrast/zeroed,tf_self,10039,43.249996185302734,0.175,156.7499828338623,overwrite
reward_intervention,contrast/zeroed,tf_self,10040,75.54999542236328,0.345,124.45005989074707,overwrite
reward_intervention,contrast/zeroed,tf_self,10041,80.30000305175781,0.37,119.69997596740723,overwrite
reward_intervention,contrast/zeroed,tf_self,10042,83.1500015258789,0.385,116.85008239746094,overwrite
reward_intervention,contrast/zeroed,tf_self,10043,39.44999313354492,0.155,160.5499677658081,overwrite
reward_intervention,contrast/zeroed,tf_self,10044,89.80000305175781,0.42,110.20001125335693,overwrite
reward_intervention,contrast/zeroed,tf_self,10045,61.29999542236328,0.27,138.70001029968262,overwrite
reward_intervention,contrast/zeroed,tf_self,10046,10.000001907348633,0.0,189.99996185302734,overwrite
reward_intervention,contrast/zeroed,tf_self,10047,55.60000228881836,0.24,144.40011596679688,overwrite
reward_intervention,contrast/zeroed,tf_self,10048,32.79999542236328,0.12,167.2000026702881,overwrite
reward_intervention,contrast/zeroed,optimal,9999,200.0,1.0,0.0,overwrite
reward_intervention,contrast/zeroed,optimal,10000,200.0,1.0,0.0,overwrite
reward_intervention,contrast/zeroed,optimal,10001,200.0,1.0,0.0,overwrite
reward_intervention,contrast/zeroed,optimal,10002,200.0,1.0,0.0,overwrite
reward_intervention,contrast/zeroed,optimal,10003,200.0,1.0,0.0,overwrite
reward_intervention,contrast/zeroed,optimal,10004,200.0,1.0,0.0,overwrite
reward_intervention,contrast/zeroed,optimal,10005,200.0,1.0,0.0,overwrite
reward_intervention,contrast/zeroed,optimal,10006,200.0,1.0,0.0,overwrite
reward_intervention,contrast/zeroed,optimal,10007,200.0,1.0,0.0,overwrite
reward_intervention,contrast/zeroed,optimal,10008,200.0,1.0,0.0,overwrite
reward_intervention,contrast/zeroed,optimal,10009,200.0,1.0,0.0,overwrite
reward_intervention,contrast/zeroed,optimal,10010,200.0,1.0,0.0,overwrite
reward_intervention,contrast/zeroed,optimal,10011,200.0,1.0,0.0,overwrite
reward_intervention,contrast/zeroed,optimal,10012,200.0,1.0,0.0,overwrite
reward_intervention,contrast/zeroed,optimal,10013,200.0,1.0,0.0,overwrite
reward_intervention,contrast/zeroed,optimal,10014,200.0,1.0,0.0,overwrite
reward_intervention,contrast/zeroed,optimal,10015,200.0,1.0,0.0,overwrite
reward_intervention,contrast/zeroed,optimal,10016,200.0,1.0,0.0,overwrite
reward_intervention,contrast/zeroed,optimal,10017,200.0,1.0,0.0,overwrite
reward_intervention,contrast/zeroed,optimal,10018,200.0,1.0,0.0,overwrite
reward_intervention,contrast/zeroed,optimal,10019,200.0,1.0,0.0,overwrite
reward_intervention,contrast/zeroed,optimal,10020,200.0,1.0,0.0,overwrite
reward_intervention,contrast/zeroed,optimal,10021,200.0,1.0,0.0,overwrite
reward_intervention,contrast/zeroed,optimal,10022,200.0,1.0,0.0,overwrite
reward_intervention,contrast/zeroed,optimal,10023,200.0,1.0,0.0,overwrite
reward_intervention,contrast/zeroed,optimal,10024,200.0,1.0,0.0,overwrite
reward_intervention,contrast/zeroed,optimal,10025,200.0,1.0,0.0,overwrite
reward_intervention,contrast/zeroed,optimal,10026,200.0,1.0,0.0,overwrite
reward_intervention,contrast/zeroed,optimal,10027,200.0,1.0,0.0,overwrite
reward_intervention,contrast/zeroed,optimal,10028,200.0,1.0,0.0,overwrite
reward_intervention,contrast/zeroed,optimal,10029,200.0,1.0,0.0,overwrite
reward_intervention,contrast/zeroed,optimal,10030,200.0,1.0,0.0,overwrite
reward_intervention,contrast/zeroed,optimal,10031,200.0,1.0,0.0,overwrite
reward_intervention,contrast/zeroed,optimal,10032,200.0,1.0,0.0,overwrite
reward_intervention,contrast/zeroed,optimal,10033,200.0,1.0,0.0,overwrite
reward_intervention,contrast/zeroed,optimal,10034,200.0,1.0,0.0,overwrite
reward_intervention,contrast/zeroed,optimal,10035,200.0,1.0,0.0,overwrite
reward_intervention,contrast/zeroed,optimal,10036,200.0,1.0,0.0,overwrite
reward_intervention,contrast/zeroed,optimal,10037,200.0,1.0,0.0,overwrite
reward_intervention,contrast/zeroed,optimal,10038,200.0,1.0,0.0,overwrite
reward_intervention,contrast/zeroed,optimal,10039,200.0,1.0,0.0,overwrite
reward_intervention,contrast/zeroed,optimal,10040,200.0,1.0,0.0,overwrite
reward_intervention,contrast/zeroed,optimal,10041,200.0,1.0,0.0,overwrite
reward_intervention,contrast/zeroed,optimal,10042,200.0,1.0,0.0,overwrite
reward_intervention,contrast/zeroed,optimal,10043,200.0,1.0,0.0,overwrite
reward_intervention,contrast/zeroed,optimal,10044,200.0,1.0,0.0,overwrite
reward_intervention,contrast/zeroed,optimal,10045,200.0,1.0,0.0,overwrite
reward_intervention,contrast/zeroed,optimal,10046,200.0,1.0,0.0,overwrite
reward_intervention,contrast/zeroed,optimal,10047,200.0,1.0,0.0,overwrite
reward_intervention,contrast/zeroed,optimal,10048,200.0,1.0,0.0,overwrite
reward_intervention,contrast/zeroed,epsgreedy,9999,56.54999923706055,0.245,143.44997119903564,overwrite
reward_intervention,contrast/zeroed,epsgreedy,10000,48.94999694824219,0.205,151.04996967315674,overwrite
reward_intervention,contrast/zeroed,epsgreedy,10001,65.0999984741211,0.29,134.9000015258789,overwrite
reward_intervention,contrast/zeroed,epsgreedy,10002,49.89999771118164,0.21,150.09998893737793,overwrite
reward_intervention,contrast/zeroed,epsgreedy,10003,63.19999313354492,0.28,136.7999725341797,overwrite
reward_intervention,contrast/zeroed,epsgreedy,10004,55.599998474121094,0.24,144.39997100830078,overwrite
reward_intervention,contrast/zeroed,epsgreedy,10005,58.45000076293945,0.255,141.54997158050537,overwrite
reward_intervention,contrast/zeroed,epsgreedy,10006,48.94999694824219,0.205,151.04996967315674,overwrite
reward_intervention,contrast/zeroed,epsgreedy,10007,53.69999694824219,0.23,146.30005645751953,overwrite
reward_intervention,contrast/zeroed,epsgreedy,10008,68.89999389648438,0.31,131.09997367858887,overwrite
reward_intervention,contrast/zeroed,epsgreedy,10009,51.79999542236328,0.22,148.19998931884766,overwrite
reward_intervention,contrast/zeroed,epsgreedy,10010,56.54999923706055,0.245,143.44997119903564,overwrite
reward_intervention,contrast/zeroed,epsgreedy,10011,57.5,0.25,142.50005912780762,overwrite
reward_intervention,contrast/zeroed,epsgreedy,10012,52.75,0.225,147.2500352859497,overwrite
reward_intervention,contrast/zeroed,epsgreedy,10013,62.249996185302734,0.275,137.74997234344482,overwrite
reward_intervention,contrast/zeroed,epsgreedy,10014,63.19999694824219,0.28,136.79997634887695,overwrite
reward_intervention,contrast/zeroed,epsgreedy,10015,55.599998474121094,0.24,144.39997100830078,overwrite
reward_intervention,contrast/zeroed,epsgreedy,10016,53.69999694824219,0.23,146.29997062683105,overwrite
reward_intervention,contrast/zeroed,epsgreedy,10017,47.04999542236328,0.195,152.95002555847168,overwrite
reward_intervention,contrast/zeroed,epsgreedy,10018,58.44999694824219,0.255,141.54997539520264,overwrite
reward_intervention,contrast/zeroed,epsgreedy,10019,57.499996185302734,0.25,142.4999713897705,overwrite
reward_intervention,contrast/zeroed,epsgreedy,10020,61.29999923706055,0.27,138.70001411437988,overwrite
reward_intervention,contrast/zeroed,epsgreedy,10021,55.599998474121094,0.24,144.39997100830078,overwrite
reward_intervention,contrast/zeroed,epsgreedy,10022,57.499996185302734,0.25,142.5000410079956,overwrite
reward_intervention,contrast/zeroed,epsgreedy,10023,57.499996185302734,0.25,142.5000228881836,overwrite
reward_intervention,contrast/zeroed,epsgreedy,10024,54.650001525878906,0.235,145.34997844696045,overwrite
reward_intervention,contrast/zeroed,epsgreedy,10025,60.349998474121094,0.265,139.6499719619751,overwrite
reward_intervention,contrast/zeroed,epsgreedy,10026,47.99999237060547,0.2,151.9999713897705,overwrite
reward_intervention,contrast/zeroed,epsgreedy,10027,58.44999694824219,0.255,141.54997158050537,overwrite
reward_intervention,contrast/zeroed,epsgreedy,10028,67.94999694824219,0.305,132.04998970031738,overwrite
reward_intervention,contrast/zeroed,epsgreedy,10029,55.59999465942383,0.24,144.39997100830078,overwrite
reward_intervention,contrast/zeroed,epsgreedy,10030,55.599998474121094,0.24,144.39997100830078,overwrite
reward_intervention,contrast/zeroed,epsgreedy,10031,54.650001525878906,0.235,145.34997081756592,overwrite
reward_intervention,contrast/zeroed,epsgreedy,10032,49.899993896484375,0.21,150.1000461578369,overwrite
reward_intervention,contrast/zeroed,epsgreedy,10033,53.69999694824219,0.23,146.30001735687256,overwrite
reward_intervention,contrast/zeroed,epsgreedy,10034,50.849998474121094,0.215,149.14997005462646,overwrite
reward_intervention,contrast/zeroed,epsgreedy,10035,55.599998474121094,0.24,144.40002632141113,overwrite
reward_intervention,contrast/zeroed,epsgreedy,10036,60.349998474121094,0.265,139.64998149871826,overwrite
reward_intervention,contrast/zeroed,epsgreedy,10037,60.349998474121094,0.265,139.6500425338745,overwrite
reward_intervention,contrast/zeroed,epsgreedy,10038,66.05000305175781,0.295,133.94997310638428,overwrite
reward_intervention,contrast/zeroed,epsgreedy,10039,60.349998474121094,0.265,139.6499900817871,overwrite
reward_intervention,contrast/zeroed,epsgreedy,10040,55.599998474121094,0.24,144.40005683898926,overwrite
reward_intervention,contrast/zeroed,epsgreedy,10041,62.25,0.275,137.74997234344482,overwrite
reward_intervention,contrast/zeroed,epsgreedy,10042,58.45000076293945,0.255,141.550066947937,overwrite
reward_intervention,contrast/zeroed,epsgreedy,10043,58.44999694824219,0.255,141.54997158050537,overwrite
reward_intervention,contrast/zeroed,epsgreedy,10044,65.0999984741211,0.29,134.89999389648438,overwrite
reward_intervention,contrast/zeroed,epsgreedy,10045,62.249996185302734,0.275,137.7500400543213,overwrite
reward_intervention,contrast/zeroed,epsgreedy,10046,63.19999694824219,0.28,136.7999725341797,overwrite
reward_intervention,contrast/zeroed,epsgreedy,10047,58.44999694824219,0.255,141.55008506774902,overwrite
reward_intervention,contrast/zeroed,epsgreedy,10048,74.60000610351562,0.34,125.40001106262207,overwrite
reward_intervention,contrast/zeroed,greedy,9999,56.54999923706055,0.245,143.44997119903564,overwrite
reward_intervention,contrast/zeroed,greedy,10000,48.94999694824219,0.205,151.04996967315674,overwrite
reward_intervention,contrast/zeroed,greedy,10001,65.0999984741211,0.29,134.9000015258789,overwrite
reward_intervention,contrast/zeroed,greedy,10002,49.89999771118164,0.21,150.09998893737793,overwrite
reward_intervention,contrast/zeroed,greedy,10003,63.19999313354492,0.28,136.7999725341797,overwrite
reward_intervention,contrast/zeroed,greedy,10004,55.599998474121094,0.24,144.39997100830078,overwrite
reward_intervention,contrast/zeroed,greedy,10005,58.45000076293945,0.255,141.54997158050537,overwrite
reward_intervention,contrast/zeroed,greedy,10006,48.94999694824219,0.205,151.04996967315674,overwrite
reward_intervention,contrast/zeroed,greedy,10007,53.69999694824219,0.23,146.30005645751953,overwrite
reward_intervention,contrast/zeroed,greedy,10008,68.89999389648438,0.31,131.09997367858887,overwrite
reward_intervention,contrast/zeroed,greedy,10009,51.79999542236328,0.22,148.19998931884766,overwrite
reward_intervention,contrast/zeroed,greedy,10010,56.54999923706055,0.245,143.44997119903564,overwrite
reward_intervention,contrast/zeroed,greedy,10011,57.5,0.25,142.50005912780762,overwrite
reward_intervention,contrast/zeroed,greedy,10012,52.75,0.225,147.2500352859497,overwrite
reward_intervention,contrast/zeroed,greedy,10013,62.249996185302734,0.275,137.74997234344482,overwrite
reward_intervention,contrast/zeroed,greedy,10014,63.19999694824219,0.28,136.79997634887695,overwrite
reward_intervention,contrast/zeroed,greedy,10015,55.599998474121094,0.24,144.39997100830078,overwrite
reward_intervention,contrast/zeroed,greedy,10016,53.69999694824219,0.23,146.29997062683105,overwrite
reward_intervention,contrast/zeroed,greedy,10017,47.04999542236328,0.195,152.95002555847168,overwrite
reward_intervention,contrast/zeroed,greedy,10018,58.44999694824219,0.255,141.54997539520264,overwrite
reward_intervention,contrast/zeroed,greedy,10019,57.499996185302734,0.25,142.4999713897705,overwrite
reward_intervention,contrast/zeroed,greedy,10020,61.29999923706055,0.27,138.70001411437988,overwrite
reward_intervention,contrast/zeroed,greedy,10021,55.599998474121094,0.24,144.39997100830078,overwrite
reward_intervention,contrast/zeroed,greedy,10022,57.499996185302734,0.25,142.5000410079956,overwrite
reward_intervention,contrast/zeroed,greedy,10023,57.499996185302734,0.25,142.5000228881836,overwrite
reward_intervention,contrast/zeroed,greedy,10024,54.650001525878906,0.235,145.34997844696045,overwrite
reward_intervention,contrast/zeroed,greedy,10025,60.349998474121094,0.265,139.6499719619751,overwrite
reward_intervention,contrast/zeroed,greedy,10026,47.99999237060547,0.2,151.9999713897705,overwrite
reward_intervention,contrast/zeroed,greedy,10027,58.44999694824219,0.255,141.54997158050537,overwrite
reward_intervention,contrast/zeroed,greedy,10028,67.94999694824219,0.305,132.04998970031738,overwrite
reward_intervention,contrast/zeroed,greedy,10029,55.59999465942383,0.24,144.39997100830078,overwrite
reward_intervention,contrast/zeroed,greedy,10030,55.599998474121094,0.24,144.39997100830078,overwrite
reward_intervention,contrast/zeroed,greedy,10031,54.650001525878906,0.235,145.34997081756592,overwrite
reward_intervention,contrast/zeroed,greedy,10032,49.899993896484375,0.21,150.1000461578369,overwrite
reward_intervention,contrast/zeroed,greedy,10033,53.69999694824219,0.23,146.30001735687256,overwrite
reward_intervention,contrast/zeroed,greedy,10034,50.849998474121094,0.215,149.14997005462646,overwrite
reward_intervention,contrast/zeroed,greedy,10035,55.599998474121094,0.24,144.40002632141113,overwrite
reward_intervention,contrast/zeroed,greedy,10036,60.349998474121094,0.265,139.64998149871826,overwrite
reward_intervention,contrast/zeroed,greedy,10037,60.349998474121094,0.265,139.6500425338745,overwrite
reward_intervention,contrast/zeroed,greedy,10038,66.05000305175781,0.295,133.94997310638428,overwrite
reward_intervention,contrast/zeroed,greedy,10039,60.349998474121094,0.265,139.6499900817871,overwrite
reward_intervention,contrast/zeroed,greedy,10040,55.599998474121094,0.24,144.40005683898926,overwrite
reward_intervention,contrast/zeroed,greedy,10041,62.25,0.275,137.74997234344482,overwrite
reward_intervention,contrast/zeroed,greedy,10042,58.45000076293945,0.255,141.550066947937,overwrite
reward_intervention,contrast/zeroed,greedy,10043,58.44999694824219,0.255,141.54997158050537,overwrite
reward_intervention,contrast/zeroed,greedy,10044,65.0999984741211,0.29,134.89999389648438,overwrite
reward_intervention,contrast/zeroed,greedy,10045,62.249996185302734,0.275,137.7500400543213,overwrite
reward_intervention,contrast/zeroed,greedy,10046,63.19999694824219,0.28,136.7999725341797,overwrite
reward_intervention,contrast/zeroed,greedy,10047,58.44999694824219,0.255,141.55008506774902,overwrite
reward_intervention,contrast/zeroed,greedy,10048,74.60000610351562,0.34,125.40001106262207,overwrite
reward_intervention,contrast/zeroed,random,9999,66.04999542236328,0.295,133.94997310638428,overwrite
reward_intervention,contrast/zeroed,random,10000,53.69999694824219,0.23,146.29997062683105,overwrite
reward_intervention,contrast/zeroed,random,10001,58.44999694824219,0.255,141.55001544952393,overwrite
reward_intervention,contrast/zeroed,random,10002,50.849998474121094,0.215,149.14999675750732,overwrite
reward_intervention,contrast/zeroed,random,10003,57.499996185302734,0.25,142.4999713897705,overwrite
reward_intervention,contrast/zeroed,random,10004,62.25,0.275,137.74997234344482,overwrite
reward_intervention,contrast/zeroed,random,10005,64.14999389648438,0.285,135.84997272491455,overwrite
reward_intervention,contrast/zeroed,random,10006,61.29999923706055,0.27,138.69997215270996,overwrite
reward_intervention,contrast/zeroed,random,10007,61.30000305175781,0.27,138.70005893707275,overwrite
reward_intervention,contrast/zeroed,random,10008,59.399993896484375,0.26,140.59997177124023,overwrite
reward_intervention,contrast/zeroed,random,10009,50.849998474121094,0.215,149.14999294281006,overwrite
reward_intervention,contrast/zeroed,random,10010,49.899993896484375,0.21,150.0999698638916,overwrite
reward_intervention,contrast/zeroed,random,10011,53.69999694824219,0.23,146.30006980895996,overwrite
reward_intervention,contrast/zeroed,random,10012,65.0999984741211,0.29,134.90003108978271,overwrite
reward_intervention,contrast/zeroed,random,10013,55.599998474121094,0.24,144.39997100830078,overwrite
reward_intervention,contrast/zeroed,random,10014,57.499996185302734,0.25,142.49997806549072,overwrite
reward_intervention,contrast/zeroed,random,10015,49.899993896484375,0.21,150.0999698638916,overwrite
reward_intervention,contrast/zeroed,random,10016,56.54999542236328,0.245,143.44997119903564,overwrite
reward_intervention,contrast/zeroed,random,10017,51.79999542236328,0.22,148.20003032684326,overwrite
reward_intervention,contrast/zeroed,random,10018,64.14999389648438,0.285,135.84997653961182,overwrite
reward_intervention,contrast/zeroed,random,10019,61.29999542236328,0.27,138.69997215270996,overwrite
reward_intervention,contrast/zeroed,random,10020,67.94999694824219,0.305,132.0500202178955,overwrite
reward_intervention,contrast/zeroed,random,10021,53.69999694824219,0.23,146.29997062683105,overwrite
reward_intervention,contrast/zeroed,random,10022,60.349998474121094,0.265,139.6500539779663,overwrite
reward_intervention,contrast/zeroed,random,10023,54.650001525878906,0.235,145.3500270843506,overwrite
reward_intervention,contrast/zeroed,random,10024,54.64999771118164,0.235,145.34998035430908,overwrite
reward_intervention,contrast/zeroed,random,10025,55.599998474121094,0.24,144.39997100830078,overwrite
reward_intervention,contrast/zeroed,random,10026,48.94999694824219,0.205,151.04997444152832,overwrite
reward_intervention,contrast/zeroed,random,10027,57.499996185302734,0.25,142.4999713897705,overwrite
reward_intervention,contrast/zeroed,random,10028,58.44999694824219,0.255,141.54998397827148,overwrite
reward_intervention,contrast/zeroed,random,10029,57.499996185302734,0.25,142.4999713897705,overwrite
reward_intervention,contrast/zeroed,random,10030,68.9000015258789,0.31,131.09997367858887,overwrite
reward_intervention,contrast/zeroed,random,10031,59.399993896484375,0.26,140.59997177124023,overwrite
reward_intervention,contrast/zeroed,random,10032,53.69999694824219,0.23,146.30005264282227,overwrite
reward_intervention,contrast/zeroed,random,10033,50.849998474121094,0.215,149.15002155303955,overwrite
reward_intervention,contrast/zeroed,random,10034,55.599998474121094,0.24,144.39997100830078,overwrite
reward_intervention,contrast/zeroed,random,10035,54.649993896484375,0.235,145.35002613067627,overwrite
reward_intervention,contrast/zeroed,random,10036,64.1500015258789,0.285,135.84998226165771,overwrite
reward_intervention,contrast/zeroed,random,10037,56.55000305175781,0.245,143.45002841949463,overwrite
reward_intervention,contrast/zeroed,random,10038,48.94999694824219,0.205,151.04996967315674,overwrite
reward_intervention,contrast/zeroed,random,10039,58.44999694824219,0.255,141.5499963760376,overwrite
reward_intervention,contrast/zeroed,random,10040,53.69999694824219,0.23,146.30006217956543,overwrite
reward_intervention,contrast/zeroed,random,10041,54.64999771118164,0.235,145.34997081756592,overwrite
reward_intervention,contrast/zeroed,random,10042,62.25,0.275,137.75006771087646,overwrite
reward_intervention,contrast/zeroed,random,10043,59.399993896484375,0.26,140.59997177124023,overwrite
reward_intervention,contrast/zeroed,random,10044,55.599998474121094,0.24,144.39999103546143,overwrite
reward_intervention,contrast/zeroed,random,10045,46.09999465942383,0.19,153.9000473022461,overwrite
reward_intervention,contrast/zeroed,random,10046,59.40000534057617,0.26,140.59997177124023,overwrite
reward_intervention,contrast/zeroed,random,10047,57.499996185302734,0.25,142.50008487701416,overwrite
reward_intervention,contrast/zeroed,random,10048,45.14999771118164,0.185,154.85002613067627,overwrite
reward_intervention,contrast/constant,tf_legacy,9999,112.60000610351562,0.54,87.39998245239258,overwrite
reward_intervention,contrast/constant,tf_legacy,10000,79.35000610351562,0.365,120.64997577667236,overwrite
reward_intervention,contrast/constant,tf_legacy,10001,73.65000915527344,0.335,126.35002326965332,overwrite
reward_intervention,contrast/constant,tf_legacy,10002,67.0,0.3,133.0000171661377,overwrite
reward_intervention,contrast/constant,tf_legacy,10003,68.89999389648438,0.31,131.09997367858887,overwrite
reward_intervention,contrast/constant,tf_legacy,10004,83.1500015258789,0.385,116.84997653961182,overwrite
reward_intervention,contrast/constant,tf_legacy,10005,35.649993896484375,0.135,164.34996700286865,overwrite
reward_intervention,contrast/constant,tf_legacy,10006,56.54999923706055,0.245,143.44997119903564,overwrite
reward_intervention,contrast/constant,tf_legacy,10007,23.299999237060547,0.07,176.70006847381592,overwrite
reward_intervention,contrast/constant,tf_legacy,10008,86.94999694824219,0.405,113.04997730255127,overwrite
reward_intervention,contrast/constant,tf_legacy,10009,60.349998474121094,0.265,139.64998722076416,overwrite
reward_intervention,contrast/constant,tf_legacy,10010,72.70000457763672,0.33,127.29997444152832,overwrite
reward_intervention,contrast/constant,tf_legacy,10011,30.899993896484375,0.11,169.1000394821167,overwrite
reward_intervention,contrast/constant,tf_legacy,10012,53.69999694824219,0.23,146.30003833770752,overwrite
reward_intervention,contrast/constant,tf_legacy,10013,28.04999542236328,0.095,171.94996547698975,overwrite
reward_intervention,contrast/constant,tf_legacy,10014,18.549999237060547,0.045,181.4499635696411,overwrite
reward_intervention,contrast/constant,tf_legacy,10015,23.299997329711914,0.07,176.69996452331543,overwrite
reward_intervention,contrast/constant,tf_legacy,10016,51.79999542236328,0.22,148.19997024536133,overwrite
reward_intervention,contrast/constant,tf_legacy,10017,89.80000305175781,0.42,110.1999683380127,overwrite
reward_intervention,contrast/constant,tf_legacy,10018,64.14999389648438,0.285,135.84997653961182,overwrite
reward_intervention,contrast/constant,tf_legacy,10019,57.499996185302734,0.25,142.4999713897705,overwrite
reward_intervention,contrast/constant,tf_legacy,10020,55.599998474121094,0.24,144.40001106262207,overwrite
reward_intervention,contrast/constant,tf_legacy,10021,78.4000015258789,0.36,121.5999755859375,overwrite
reward_intervention,contrast/constant,tf_legacy,10022,86.95001220703125,0.405,113.05003643035889,overwrite
reward_intervention,contrast/constant,tf_legacy,10023,71.75,0.325,128.25005435943604,overwrite
reward_intervention,contrast/constant,tf_legacy,10024,17.599998474121094,0.04,182.39997673034668,overwrite
reward_intervention,contrast/constant,tf_legacy,10025,30.89999771118164,0.11,169.09996604919434,overwrite
reward_intervention,contrast/constant,tf_legacy,10026,11.90000057220459,0.01,188.09996223449707,overwrite
reward_intervention,contrast/constant,tf_legacy,10027,75.55000305175781,0.345,124.44997501373291,overwrite
reward_intervention,contrast/constant,tf_legacy,10028,42.29999542236328,0.17,157.69997596740723,overwrite
reward_intervention,contrast/constant,tf_legacy,10029,48.94999694824219,0.205,151.04996967315674,overwrite
reward_intervention,contrast/constant,tf_legacy,10030,87.90000915527344,0.41,112.09997749328613,overwrite
reward_intervention,contrast/constant,tf_legacy,10031,45.150001525878906,0.185,154.84996891021729,overwrite
reward_intervention,contrast/constant,tf_legacy,10032,81.25,0.375,118.75002861022949,overwrite
reward_intervention,contrast/constant,tf_legacy,10033,80.30000305175781,0.37,119.69998836517334,overwrite
reward_intervention,contrast/constant,tf_legacy,10034,89.80000305175781,0.42,110.19997787475586,overwrite
reward_intervention,contrast/constant,tf_legacy,10035,32.79999923706055,0.12,167.20002555847168,overwrite
reward_intervention,contrast/constant,tf_legacy,10036,51.79999542236328,0.22,148.19997024536133,overwrite
reward_intervention,contrast/constant,tf_legacy,10037,33.74999237060547,0.125,166.2500286102295,overwrite
reward_intervention,contrast/constant,tf_legacy,10038,29.949996948242188,0.105,170.04996585845947,overwrite
reward_intervention,contrast/constant,tf_legacy,10039,57.5,0.25,142.4999713897705,overwrite
reward_intervention,contrast/constant,tf_legacy,10040,28.999996185302734,0.1,171.00009727478027,overwrite
reward_intervention,contrast/constant,tf_legacy,10041,84.10000610351562,0.39,115.89997673034668,overwrite
reward_intervention,contrast/constant,tf_legacy,10042,34.69999694824219,0.13,165.3000659942627,overwrite
reward_intervention,contrast/constant,tf_legacy,10043,61.29999542236328,0.27,138.69997215270996,overwrite
reward_intervention,contrast/constant,tf_legacy,10044,36.599998474121094,0.14,163.39997100830078,overwrite
reward_intervention,contrast/constant,tf_legacy,10045,30.89999771118164,0.11,169.10004806518555,overwrite
reward_intervention,contrast/constant,tf_legacy,10046,35.64999771118164,0.135,164.34996700286865,overwrite
reward_intervention,contrast/constant,tf_legacy,10047,90.75,0.425,109.2500581741333,overwrite
reward_intervention,contrast/constant,tf_legacy,10048,84.10000610351562,0.39,115.899977684021,overwrite
reward_intervention,contrast/constant,tf_self,9999,10.000001907348633,0.0,189.99996185302734,overwrite
reward_intervention,contrast/constant,tf_self,10000,91.69999694824219,0.43,108.29997825622559,overwrite
reward_intervention,contrast/constant,tf_self,10001,88.85000610351562,0.415,111.1500301361084,overwrite
reward_intervention,contrast/constant,tf_self,10002,48.0,0.2,151.9999656677246,overwrite
reward_intervention,contrast/constant,tf_self,10003,61.29999542236328,0.27,138.69997215270996,overwrite
reward_intervention,contrast/constant,tf_self,10004,33.74999237060547,0.125,166.24996662139893,overwrite
reward_intervention,contrast/constant,tf_self,10005,52.75,0.225,147.2499704360962,overwrite
reward_intervention,contrast/constant,tf_self,10006,22.34999656677246,0.065,177.64996433258057,overwrite
reward_intervention,contrast/constant,tf_self,10007,38.5,0.15,161.5000400543213,overwrite
reward_intervention,contrast/constant,tf_self,10008,33.749996185302734,0.125,166.24996662139893,overwrite
reward_intervention,contrast/constant,tf_self,10009,117.35000610351562,0.565,82.65000438690186,overwrite
reward_intervention,contrast/constant,tf_self,10010,28.999996185302734,0.1,170.9999656677246,overwrite
reward_intervention,contrast/constant,tf_self,10011,69.85000610351562,0.315,130.15005683898926,overwrite
reward_intervention,contrast/constant,tf_self,10012,28.999996185302734,0.1,171.00007438659668,overwrite
reward_intervention,contrast/constant,tf_self,10013,86.95000457763672,0.405,113.04997730255127,overwrite
reward_intervention,contrast/constant,tf_self,10014,47.04999923706055,0.195,152.949969291687,overwrite
reward_intervention,contrast/constant,tf_self,10015,86.95000457763672,0.405,113.04997730255127,overwrite
reward_intervention,contrast/constant,tf_self,10016,80.29999542236328,0.37,119.69997596740723,overwrite
reward_intervention,contrast/constant,tf_self,10017,72.70000457763672,0.33,127.30002117156982,overwrite
reward_intervention,contrast/constant,tf_self,10018,28.999996185302734,0.1,170.9999656677246,overwrite
reward_intervention,contrast/constant,tf_self,10019,91.70001220703125,0.43,108.29997825622559,overwrite
reward_intervention,contrast/constant,tf_self,10020,69.8499984741211,0.315,130.15005111694336,overwrite
reward_intervention,contrast/constant,tf_self,10021,128.75,0.625,71.24998569488525,overwrite
reward_intervention,contrast/constant,tf_self,10022,65.0999984741211,0.29,134.90005207061768,overwrite
reward_intervention,contrast/constant,tf_self,10023,39.44999694824219,0.155,160.55000686645508,overwrite
reward_intervention,contrast/constant,tf_self,10024,31.84999656677246,0.115,168.149977684021,overwrite
reward_intervention,contrast/constant,tf_self,10025,10.000001907348633,0.0,189.99996185302734,overwrite
reward_intervention,contrast/constant,tf_self,10026,23.299997329711914,0.07,176.69996452331543,overwrite
reward_intervention,contrast/constant,tf_self,10027,14.75,0.025,185.24996280670166,overwrite
reward_intervention,contrast/constant,tf_self,10028,27.09999656677246,0.09,172.9000072479248,overwrite
reward_intervention,contrast/constant,tf_self,10029,19.5,0.05,180.49996376037598,overwrite
reward_intervention,contrast/constant,tf_self,10030,28.04999542236328,0.095,171.94996547698975,overwrite
reward_intervention,contrast/constant,tf_self,10031,125.90000915527344,0.61,74.09998512268066,overwrite
reward_intervention,contrast/constant,tf_self,10032,64.14999389648438,0.285,135.84999084472656,overwrite
reward_intervention,contrast/constant,tf_self,10033,38.499996185302734,0.15,161.50005626678467,overwrite
reward_intervention,contrast/constant,tf_self,10034,11.90000057220459,0.01,188.09996223449707,overwrite
reward_intervention,contrast/constant,tf_self,10035,75.55000305175781,0.345,124.45000457763672,overwrite
reward_intervention,contrast/constant,tf_self,10036,26.14999771118164,0.085,173.84999656677246,overwrite
reward_intervention,contrast/constant,tf_self,10037,39.44999694824219,0.155,160.55003929138184,overwrite
reward_intervention,contrast/constant,tf_self,10038,149.64999389648438,0.735,50.349989891052246,overwrite
reward_intervention,contrast/constant,tf_self,10039,51.79999542236328,0.22,148.19997024536133,overwrite
reward_intervention,contrast/constant,tf_self,10040,68.9000015258789,0.31,131.10002613067627,overwrite
reward_intervention,contrast/constant,tf_self,10041,65.0999984741211,0.29,134.8999729156494,overwrite
reward_intervention,contrast/constant,tf_self,10042,52.75,0.225,147.2500867843628,overwrite
reward_intervention,contrast/constant,tf_self,10043,25.199996948242188,0.08,174.79996490478516,overwrite
reward_intervention,contrast/constant,tf_self,10044,32.79999542236328,0.12,167.1999855041504,overwrite
reward_intervention,contrast/constant,tf_self,10045,10.000001907348633,0.0,190.00004482269287,overwrite
reward_intervention,contrast/constant,tf_self,10046,91.69999694824219,0.43,108.29997825622559,overwrite
reward_intervention,contrast/constant,tf_self,10047,123.05001068115234,0.595,76.9500617980957,overwrite
reward_intervention,contrast/constant,tf_self,10048,46.09999465942383,0.19,153.90002632141113,overwrite
reward_intervention,contrast/constant,optimal,9999,200.0,1.0,0.0,overwrite
reward_intervention,contrast/constant,optimal,10000,200.0,1.0,0.0,overwrite
reward_intervention,contrast/constant,optimal,10001,200.0,1.0,0.0,overwrite
reward_intervention,contrast/constant,optimal,10002,200.0,1.0,0.0,overwrite
reward_intervention,contrast/constant,optimal,10003,200.0,1.0,0.0,overwrite
reward_intervention,contrast/constant,optimal,10004,200.0,1.0,0.0,overwrite
reward_intervention,contrast/constant,optimal,10005,200.0,1.0,0.0,overwrite
reward_intervention,contrast/constant,optimal,10006,200.0,1.0,0.0,overwrite
reward_intervention,contrast/constant,optimal,10007,200.0,1.0,0.0,overwrite
reward_intervention,contrast/constant,optimal,10008,200.0,1.0,0.0,overwrite
reward_intervention,contrast/constant,optimal,10009,200.0,1.0,0.0,overwrite
reward_intervention,contrast/constant,optimal,10010,200.0,1.0,0.0,overwrite
reward_intervention,contrast/constant,optimal,10011,200.0,1.0,0.0,overwrite
reward_intervention,contrast/constant,optimal,10012,200.0,1.0,0.0,overwrite
reward_intervention,contrast/constant,optimal,10013,200.0,1.0,0.0,overwrite
reward_intervention,contrast/constant,optimal,10014,200.0,1.0,0.0,overwrite
reward_intervention,contrast/constant,optimal,10015,200.0,1.0,0.0,overwrite
reward_intervention,contrast/constant,optimal,10016,200.0,1.0,0.0,overwrite
reward_intervention,contrast/constant,optimal,10017,200.0,1.0,0.0,overwrite
reward_intervention,contrast/constant,optimal,10018,200.0,1.0,0.0,overwrite
reward_intervention,contrast/constant,optimal,10019,200.0,1.0,0.0,overwrite
reward_intervention,contrast/constant,optimal,10020,200.0,1.0,0.0,overwrite
reward_intervention,contrast/constant,optimal,10021,200.0,1.0,0.0,overwrite
reward_intervention,contrast/constant,optimal,10022,200.0,1.0,0.0,overwrite
reward_intervention,contrast/constant,optimal,10023,200.0,1.0,0.0,overwrite
reward_intervention,contrast/constant,optimal,10024,200.0,1.0,0.0,overwrite
reward_intervention,contrast/constant,optimal,10025,200.0,1.0,0.0,overwrite
reward_intervention,contrast/constant,optimal,10026,200.0,1.0,0.0,overwrite
reward_intervention,contrast/constant,optimal,10027,200.0,1.0,0.0,overwrite
reward_intervention,contrast/constant,optimal,10028,200.0,1.0,0.0,overwrite
reward_intervention,contrast/constant,optimal,10029,200.0,1.0,0.0,overwrite
reward_intervention,contrast/constant,optimal,10030,200.0,1.0,0.0,overwrite
reward_intervention,contrast/constant,optimal,10031,200.0,1.0,0.0,overwrite
reward_intervention,contrast/constant,optimal,10032,200.0,1.0,0.0,overwrite
reward_intervention,contrast/constant,optimal,10033,200.0,1.0,0.0,overwrite
reward_intervention,contrast/constant,optimal,10034,200.0,1.0,0.0,overwrite
reward_intervention,contrast/constant,optimal,10035,200.0,1.0,0.0,overwrite
reward_intervention,contrast/constant,optimal,10036,200.0,1.0,0.0,overwrite
reward_intervention,contrast/constant,optimal,10037,200.0,1.0,0.0,overwrite
reward_intervention,contrast/constant,optimal,10038,200.0,1.0,0.0,overwrite
reward_intervention,contrast/constant,optimal,10039,200.0,1.0,0.0,overwrite
reward_intervention,contrast/constant,optimal,10040,200.0,1.0,0.0,overwrite
reward_intervention,contrast/constant,optimal,10041,200.0,1.0,0.0,overwrite
reward_intervention,contrast/constant,optimal,10042,200.0,1.0,0.0,overwrite
reward_intervention,contrast/constant,optimal,10043,200.0,1.0,0.0,overwrite
reward_intervention,contrast/constant,optimal,10044,200.0,1.0,0.0,overwrite
reward_intervention,contrast/constant,optimal,10045,200.0,1.0,0.0,overwrite
reward_intervention,contrast/constant,optimal,10046,200.0,1.0,0.0,overwrite
reward_intervention,contrast/constant,optimal,10047,200.0,1.0,0.0,overwrite
reward_intervention,contrast/constant,optimal,10048,200.0,1.0,0.0,overwrite
reward_intervention,contrast/constant,epsgreedy,9999,44.19999694824219,0.18,155.79996871948242,overwrite
reward_intervention,contrast/constant,epsgreedy,10000,49.89999771118164,0.21,150.0999698638916,overwrite
reward_intervention,contrast/constant,epsgreedy,10001,80.30000305175781,0.37,119.70002841949463,overwrite
reward_intervention,contrast/constant,epsgreedy,10002,51.79999542236328,0.22,148.19999313354492,overwrite
reward_intervention,contrast/constant,epsgreedy,10003,47.04999542236328,0.195,152.949969291687,overwrite
reward_intervention,contrast/constant,epsgreedy,10004,19.499998092651367,0.05,180.49996376037598,overwrite
reward_intervention,contrast/constant,epsgreedy,10005,41.349998474121094,0.165,158.64996814727783,overwrite
reward_intervention,contrast/constant,epsgreedy,10006,58.44999694824219,0.255,141.54997158050537,overwrite
reward_intervention,contrast/constant,epsgreedy,10007,65.10000610351562,0.29,134.90004634857178,overwrite
reward_intervention,contrast/constant,epsgreedy,10008,51.79999542236328,0.22,148.19997024536133,overwrite
reward_intervention,contrast/constant,epsgreedy,10009,82.19999694824219,0.38,117.80000114440918,overwrite
reward_intervention,contrast/constant,epsgreedy,10010,84.10000610351562,0.39,115.89997673034668,overwrite
reward_intervention,contrast/constant,epsgreedy,10011,60.349998474121094,0.265,139.65003967285156,overwrite
reward_intervention,contrast/constant,epsgreedy,10012,40.399993896484375,0.16,159.60005283355713,overwrite
reward_intervention,contrast/constant,epsgreedy,10013,86.00000762939453,0.4,113.9999771118164,overwrite
reward_intervention,contrast/constant,epsgreedy,10014,59.39999771118164,0.26,140.59997272491455,overwrite
reward_intervention,contrast/constant,epsgreedy,10015,21.39999771118164,0.06,178.5999641418457,overwrite
reward_intervention,contrast/constant,epsgreedy,10016,44.19999694824219,0.18,155.79996871948242,overwrite
reward_intervention,contrast/constant,epsgreedy,10017,66.05000305175781,0.295,133.95003128051758,overwrite
reward_intervention,contrast/constant,epsgreedy,10018,76.5,0.35,123.49997615814209,overwrite
reward_intervention,contrast/constant,epsgreedy,10019,60.349998474121094,0.265,139.6499719619751,overwrite
reward_intervention,contrast/constant,epsgreedy,10020,33.75,0.125,166.2500123977661,overwrite
reward_intervention,contrast/constant,epsgreedy,10021,72.69999694824219,0.33,127.29997444152832,overwrite
reward_intervention,contrast/constant,epsgreedy,10022,15.700000762939453,0.03,184.30007553100586,overwrite
reward_intervention,contrast/constant,epsgreedy,10023,22.349998474121094,0.065,177.6500368118286,overwrite
reward_intervention,contrast/constant,epsgreedy,10024,70.80000305175781,0.32,129.19999313354492,overwrite
reward_intervention,contrast/constant,epsgreedy,10025,16.649999618530273,0.035,183.3499631881714,overwrite
reward_intervention,contrast/constant,epsgreedy,10026,103.10000610351562,0.49,96.89998149871826,overwrite
reward_intervention,contrast/constant,epsgreedy,10027,86.95001220703125,0.405,113.04997730255127,overwrite
reward_intervention,contrast/constant,epsgreedy,10028,68.9000015258789,0.31,131.1000099182129,overwrite
reward_intervention,contrast/constant,epsgreedy,10029,36.599998474121094,0.14,163.39996719360352,overwrite
reward_intervention,contrast/constant,epsgreedy,10030,80.30000305175781,0.37,119.69997596740723,overwrite
reward_intervention,contrast/constant,epsgreedy,10031,107.85000610351562,0.515,92.14998149871826,overwrite
reward_intervention,contrast/constant,epsgreedy,10032,42.29999542236328,0.17,157.7000436782837,overwrite
reward_intervention,contrast/constant,epsgreedy,10033,51.79999923706055,0.22,148.19998836517334,overwrite
reward_intervention,contrast/constant,epsgreedy,10034,71.75,0.325,128.24997425079346,overwrite
reward_intervention,contrast/constant,epsgreedy,10035,95.5,0.45,104.50003719329834,overwrite
reward_intervention,contrast/constant,epsgreedy,10036,74.5999984741211,0.34,125.39998531341553,overwrite
reward_intervention,contrast/constant,epsgreedy,10037,18.549999237060547,0.045,181.45001697540283,overwrite
reward_intervention,contrast/constant,epsgreedy,10038,30.89999771118164,0.11,169.09996604919434,overwrite
reward_intervention,contrast/constant,epsgreedy,10039,62.249996185302734,0.275,137.74997329711914,overwrite
reward_intervention,contrast/constant,epsgreedy,10040,88.8499984741211,0.415,111.15007400512695,overwrite
reward_intervention,contrast/constant,epsgreedy,10041,43.249996185302734,0.175,156.74996852874756,overwrite
reward_intervention,contrast/constant,epsgreedy,10042,18.549997329711914,0.045,181.45009326934814,overwrite
reward_intervention,contrast/constant,epsgreedy,10043,40.399993896484375,0.16,159.59996795654297,overwrite
reward_intervention,contrast/constant,epsgreedy,10044,37.54999542236328,0.145,162.44997119903564,overwrite
reward_intervention,contrast/constant,epsgreedy,10045,14.750000953674316,0.025,185.25005626678467,overwrite
reward_intervention,contrast/constant,epsgreedy,10046,77.45000457763672,0.355,122.54997539520264,overwrite
reward_intervention,contrast/constant,epsgreedy,10047,60.349998474121094,0.265,139.65007209777832,overwrite
reward_intervention,contrast/constant,epsgreedy,10048,38.499996185302734,0.15,161.50003623962402,overwrite
reward_intervention,contrast/constant,greedy,9999,35.64999771118164,0.135,164.34996700286865,overwrite
reward_intervention,contrast/constant,greedy,10000,81.25,0.375,118.74997615814209,overwrite
reward_intervention,contrast/constant,greedy,10001,98.35000610351562,0.465,101.65001106262207,overwrite
reward_intervention,contrast/constant,greedy,10002,109.75000762939453,0.525,90.25000858306885,overwrite
reward_intervention,contrast/constant,greedy,10003,83.1500015258789,0.385,116.84997653961182,overwrite
reward_intervention,contrast/constant,greedy,10004,35.64999771118164,0.135,164.34996700286865,overwrite
reward_intervention,contrast/constant,greedy,10005,23.299997329711914,0.07,176.69996452331543,overwrite
reward_intervention,contrast/constant,greedy,10006,80.30000305175781,0.37,119.69997596740723,overwrite
reward_intervention,contrast/constant,greedy,10007,99.30000305175781,0.47,100.70003128051758,overwrite
reward_intervention,contrast/constant,greedy,10008,51.79999923706055,0.22,148.19997024536133,overwrite
reward_intervention,contrast/constant,greedy,10009,54.64999771118164,0.235,145.35000228881836,overwrite
reward_intervention,contrast/constant,greedy,10010,122.10000610351562,0.59,77.89998435974121,overwrite
reward_intervention,contrast/constant,greedy,10011,45.14999771118164,0.185,154.850022315979,overwrite
reward_intervention,contrast/constant,greedy,10012,59.400001525878906,0.26,140.60009002685547,overwrite
reward_intervention,contrast/constant,greedy,10013,66.04999542236328,0.295,133.94997310638428,overwrite
reward_intervention,contrast/constant,greedy,10014,63.19999313354492,0.28,136.7999725341797,overwrite
reward_intervention,contrast/constant,greedy,10015,10.000001907348633,0.0,189.99996185302734,overwrite
reward_intervention,contrast/constant,greedy,10016,32.79999542236328,0.12,167.19996643066406,overwrite
reward_intervention,contrast/constant,greedy,10017,61.29999542236328,0.27,138.7000608444214,overwrite
reward_intervention,contrast/constant,greedy,10018,76.5,0.35,123.49997520446777,overwrite
reward_intervention,contrast/constant,greedy,10019,46.099998474121094,0.19,153.89996910095215,overwrite
reward_intervention,contrast/constant,greedy,10020,43.249996185302734,0.175,156.74999332427979,overwrite
reward_intervention,contrast/constant,greedy,10021,10.000001907348633,0.0,189.99996185302734,overwrite
reward_intervention,contrast/constant,greedy,10022,19.5,0.05,180.50008583068848,overwrite
reward_intervention,contrast/constant,greedy,10023,50.84999465942383,0.215,149.15002822875977,overwrite
reward_intervention,contrast/constant,greedy,10024,34.69999694824219,0.13,165.29998779296875,overwrite
reward_intervention,contrast/constant,greedy,10025,65.0999984741211,0.29,134.8999729156494,overwrite
reward_intervention,contrast/constant,greedy,10026,103.10000610351562,0.49,96.89998054504395,overwrite
reward_intervention,contrast/constant,greedy,10027,95.5,0.45,104.49997901916504,overwrite
reward_intervention,contrast/constant,greedy,10028,94.55000305175781,0.445,105.44997882843018,overwrite
reward_intervention,contrast/constant,greedy,10029,37.54999542236328,0.145,162.44996738433838,overwrite
reward_intervention,contrast/constant,greedy,10030,51.79999542236328,0.22,148.19997024536133,overwrite
reward_intervention,contrast/constant,greedy,10031,93.60000610351562,0.44,106.39997863769531,overwrite
reward_intervention,contrast/constant,greedy,10032,40.39999771118164,0.16,159.60004711151123,overwrite
reward_intervention,contrast/constant,greedy,10033,70.80000305175781,0.32,129.19999885559082,overwrite
reward_intervention,contrast/constant,greedy,10034,64.1500015258789,0.285,135.84997272491455,overwrite
reward_intervention,contrast/constant,greedy,10035,84.0999984741211,0.39,115.90003395080566,overwrite
reward_intervention,contrast/constant,greedy,10036,73.6500015258789,0.335,126.3499927520752,overwrite
reward_intervention,contrast/constant,greedy,10037,10.000001907348633,0.0,190.0000171661377,overwrite
reward_intervention,contrast/constant,greedy,10038,30.89999771118164,0.11,169.09996604919434,overwrite
reward_intervention,contrast/constant,greedy,10039,67.0,0.3,132.99997329711914,overwrite
reward_intervention,contrast/constant,greedy,10040,57.5,0.25,142.5000638961792,overwrite
reward_intervention,contrast/constant,greedy,10041,42.29999542236328,0.17,157.6999683380127,overwrite
reward_intervention,contrast/constant,greedy,10042,25.199996948242188,0.08,174.80006217956543,overwrite
reward_intervention,contrast/constant,greedy,10043,65.0999984741211,0.29,134.8999729156494,overwrite
reward_intervention,contrast/constant,greedy,10044,96.45000457763672,0.455,103.5499792098999,overwrite
reward_intervention,contrast/constant,greedy,10045,32.79999542236328,0.12,167.20010375976562,overwrite
reward_intervention,contrast/constant,greedy,10046,91.70000457763672,0.43,108.29997825622559,overwrite
reward_intervention,contrast/constant,greedy,10047,68.89999389648438,0.31,131.1000623703003,overwrite
reward_intervention,contrast/constant,greedy,10048,29.949996948242188,0.105,170.0500144958496,overwrite
reward_intervention,contrast/constant,random,9999,66.04999542236328,0.295,133.94997310638428,overwrite
reward_intervention,contrast/constant,random,10000,53.69999694824219,0.23,146.29997062683105,overwrite
reward_intervention,contrast/constant,random,10001,58.44999694824219,0.255,141.55001544952393,overwrite
reward_intervention,contrast/constant,random,10002,50.849998474121094,0.215,149.14999675750732,overwrite
reward_intervention,contrast/constant,random,10003,57.499996185302734,0.25,142.4999713897705,overwrite
reward_intervention,contrast/constant,random,10004,62.25,0.275,137.74997234344482,overwrite
reward_intervention,contrast/constant,random,10005,64.14999389648438,0.285,135.84997272491455,overwrite
reward_intervention,contrast/constant,random,10006,61.29999923706055,0.27,138.69997215270996,overwrite
reward_intervention,contrast/constant,random,10007,61.30000305175781,0.27,138.70005893707275,overwrite
reward_intervention,contrast/constant,random,10008,59.399993896484375,0.26,140.59997177124023,overwrite
reward_intervention,contrast/constant,random,10009,50.849998474121094,0.215,149.14999294281006,overwrite
reward_intervention,contrast/constant,random,10010,49.899993896484375,0.21,150.0999698638916,overwrite
reward_intervention,contrast/constant,random,10011,53.69999694824219,0.23,146.30006980895996,overwrite
reward_intervention,contrast/constant,random,10012,65.0999984741211,0.29,134.90003108978271,overwrite
reward_intervention,contrast/constant,random,10013,55.599998474121094,0.24,144.39997100830078,overwrite
reward_intervention,contrast/constant,random,10014,57.499996185302734,0.25,142.49997806549072,overwrite
reward_intervention,contrast/constant,random,10015,49.899993896484375,0.21,150.0999698638916,overwrite
reward_intervention,contrast/constant,random,10016,56.54999542236328,0.245,143.44997119903564,overwrite
reward_intervention,contrast/constant,random,10017,51.79999542236328,0.22,148.20003032684326,overwrite
reward_intervention,contrast/constant,random,10018,64.14999389648438,0.285,135.84997653961182,overwrite
reward_intervention,contrast/constant,random,10019,61.29999542236328,0.27,138.69997215270996,overwrite
reward_intervention,contrast/constant,random,10020,67.94999694824219,0.305,132.0500202178955,overwrite
reward_intervention,contrast/constant,random,10021,53.69999694824219,0.23,146.29997062683105,overwrite
reward_intervention,contrast/constant,random,10022,60.349998474121094,0.265,139.6500539779663,overwrite
reward_intervention,contrast/constant,random,10023,54.650001525878906,0.235,145.3500270843506,overwrite
reward_intervention,contrast/constant,random,10024,54.64999771118164,0.235,145.34998035430908,overwrite
reward_intervention,contrast/constant,random,10025,55.599998474121094,0.24,144.39997100830078,overwrite
reward_intervention,contrast/constant,random,10026,48.94999694824219,0.205,151.04997444152832,overwrite
reward_intervention,contrast/constant,random,10027,57.499996185302734,0.25,142.4999713897705,overwrite
reward_intervention,contrast/constant,random,10028,58.44999694824219,0.255,141.54998397827148,overwrite
reward_intervention,contrast/constant,random,10029,57.499996185302734,0.25,142.4999713897705,overwrite
reward_intervention,contrast/constant,random,10030,68.9000015258789,0.31,131.09997367858887,overwrite
reward_intervention,contrast/constant,random,10031,59.399993896484375,0.26,140.59997177124023,overwrite
reward_intervention,contrast/constant,random,10032,53.69999694824219,0.23,146.30005264282227,overwrite
reward_intervention,contrast/constant,random,10033,50.849998474121094,0.215,149.15002155303955,overwrite
reward_intervention,contrast/constant,random,10034,55.599998474121094,0.24,144.39997100830078,overwrite
reward_intervention,contrast/constant,random,10035,54.649993896484375,0.235,145.35002613067627,overwrite
reward_intervention,contrast/constant,random,10036,64.1500015258789,0.285,135.84998226165771,overwrite
reward_intervention,contrast/constant,random,10037,56.55000305175781,0.245,143.45002841949463,overwrite
reward_intervention,contrast/constant,random,10038,48.94999694824219,0.205,151.04996967315674,overwrite
reward_intervention,contrast/constant,random,10039,58.44999694824219,0.255,141.5499963760376,overwrite
reward_intervention,contrast/constant,random,10040,53.69999694824219,0.23,146.30006217956543,overwrite
reward_intervention,contrast/constant,random,10041,54.64999771118164,0.235,145.34997081756592,overwrite
reward_intervention,contrast/constant,random,10042,62.25,0.275,137.75006771087646,overwrite
reward_intervention,contrast/constant,random,10043,59.399993896484375,0.26,140.59997177124023,overwrite
reward_intervention,contrast/constant,random,10044,55.599998474121094,0.24,144.39999103546143,overwrite
reward_intervention,contrast/constant,random,10045,46.09999465942383,0.19,153.9000473022461,overwrite
reward_intervention,contrast/constant,random,10046,59.40000534057617,0.26,140.59997177124023,overwrite
reward_intervention,contrast/constant,random,10047,57.499996185302734,0.25,142.50008487701416,overwrite
reward_intervention,contrast/constant,random,10048,45.14999771118164,0.185,154.85002613067627,overwrite
reward_intervention,contrast/decorrelated,tf_legacy,9999,124.0,0.6,75.99998474121094,overwrite
reward_intervention,contrast/decorrelated,tf_legacy,10000,71.75000762939453,0.325,128.24997425079346,overwrite
reward_intervention,contrast/decorrelated,tf_legacy,10001,47.04999542236328,0.195,152.950026512146,overwrite
reward_intervention,contrast/decorrelated,tf_legacy,10002,80.30000305175781,0.37,119.70001697540283,overwrite
reward_intervention,contrast/decorrelated,tf_legacy,10003,54.650001525878906,0.235,145.34997081756592,overwrite
reward_intervention,contrast/decorrelated,tf_legacy,10004,99.30000305175781,0.47,100.69997978210449,overwrite
reward_intervention,contrast/decorrelated,tf_legacy,10005,34.69999694824219,0.13,165.2999668121338,overwrite
reward_intervention,contrast/decorrelated,tf_legacy,10006,42.29999542236328,0.17,157.6999683380127,overwrite
reward_intervention,contrast/decorrelated,tf_legacy,10007,32.80000305175781,0.12,167.20006465911865,overwrite
reward_intervention,contrast/decorrelated,tf_legacy,10008,87.9000015258789,0.41,112.09997749328613,overwrite
reward_intervention,contrast/decorrelated,tf_legacy,10009,43.249996185302734,0.175,156.74997806549072,overwrite
reward_intervention,contrast/decorrelated,tf_legacy,10010,27.099998474121094,0.09,172.89996528625488,overwrite
reward_intervention,contrast/decorrelated,tf_legacy,10011,34.69999694824219,0.13,165.30002784729004,overwrite
reward_intervention,contrast/decorrelated,tf_legacy,10012,65.0999984741211,0.29,134.90003204345703,overwrite
reward_intervention,contrast/decorrelated,tf_legacy,10013,20.44999885559082,0.055,179.54996395111084,overwrite
reward_intervention,contrast/decorrelated,tf_legacy,10014,17.600000381469727,0.04,182.39996337890625,overwrite
reward_intervention,contrast/decorrelated,tf_legacy,10015,28.999998092651367,0.1,170.9999656677246,overwrite
reward_intervention,contrast/decorrelated,tf_legacy,10016,56.54999923706055,0.245,143.44997119903564,overwrite
reward_intervention,contrast/decorrelated,tf_legacy,10017,91.70000457763672,0.43,108.29997825622559,overwrite
reward_intervention,contrast/decorrelated,tf_legacy,10018,73.64999389648438,0.335,126.34997463226318,overwrite
reward_intervention,contrast/decorrelated,tf_legacy,10019,56.54999542236328,0.245,143.44997119903564,overwrite
reward_intervention,contrast/decorrelated,tf_legacy,10020,38.5,0.15,161.5000114440918,overwrite
reward_intervention,contrast/decorrelated,tf_legacy,10021,78.4000015258789,0.36,121.5999755859375,overwrite
reward_intervention,contrast/decorrelated,tf_legacy,10022,103.10000610351562,0.49,96.90004825592041,overwrite
reward_intervention,contrast/decorrelated,tf_legacy,10023,48.0,0.2,152.00008392333984,overwrite
reward_intervention,contrast/decorrelated,tf_legacy,10024,30.89999771118164,0.11,169.0999755859375,overwrite
reward_intervention,contrast/decorrelated,tf_legacy,10025,46.099998474121094,0.19,153.89996910095215,overwrite
reward_intervention,contrast/decorrelated,tf_legacy,10026,12.850000381469727,0.015,187.14996433258057,overwrite
reward_intervention,contrast/decorrelated,tf_legacy,10027,72.69999694824219,0.33,127.29997444152832,overwrite
reward_intervention,contrast/decorrelated,tf_legacy,10028,53.70000076293945,0.23,146.29997062683105,overwrite
reward_intervention,contrast/decorrelated,tf_legacy,10029,46.099998474121094,0.19,153.89996910095215,overwrite
reward_intervention,contrast/decorrelated,tf_legacy,10030,60.349998474121094,0.265,139.6499719619751,overwrite
reward_intervention,contrast/decorrelated,tf_legacy,10031,21.39999771118164,0.06,178.5999641418457,overwrite
reward_intervention,contrast/decorrelated,tf_legacy,10032,67.94999694824219,0.305,132.05004405975342,overwrite
reward_intervention,contrast/decorrelated,tf_legacy,10033,70.80000305175781,0.32,129.19998836517334,overwrite
reward_intervention,contrast/decorrelated,tf_legacy,10034,52.75,0.225,147.2499704360962,overwrite
reward_intervention,contrast/decorrelated,tf_legacy,10035,18.549999237060547,0.045,181.4500150680542,overwrite
reward_intervention,contrast/decorrelated,tf_legacy,10036,53.69999694824219,0.23,146.29997062683105,overwrite
reward_intervention,contrast/decorrelated,tf_legacy,10037,42.29999542236328,0.17,157.70001792907715,overwrite
reward_intervention,contrast/decorrelated,tf_legacy,10038,33.750003814697266,0.125,166.24996662139893,overwrite
reward_intervention,contrast/decorrelated,tf_legacy,10039,50.84999465942383,0.215,149.14997005462646,overwrite
reward_intervention,contrast/decorrelated,tf_legacy,10040,30.899995803833008,0.11,169.10006141662598,overwrite
reward_intervention,contrast/decorrelated,tf_legacy,10041,98.35000610351562,0.465,101.64997959136963,overwrite
reward_intervention,contrast/decorrelated,tf_legacy,10042,19.5,0.05,180.500075340271,overwrite
reward_intervention,contrast/decorrelated,tf_legacy,10043,71.75,0.325,128.24997425079346,overwrite
reward_intervention,contrast/decorrelated,tf_legacy,10044,47.999996185302734,0.2,151.99996948242188,overwrite
reward_intervention,contrast/decorrelated,tf_legacy,10045,99.30000305175781,0.47,100.7000322341919,overwrite
reward_intervention,contrast/decorrelated,tf_legacy,10046,105.0,0.5,94.99998092651367,overwrite
reward_intervention,contrast/decorrelated,tf_legacy,10047,71.75,0.325,128.2500696182251,overwrite
reward_intervention,contrast/decorrelated,tf_legacy,10048,84.10000610351562,0.39,115.8999834060669,overwrite
reward_intervention,contrast/decorrelated,tf_self,9999,37.54999542236328,0.145,162.44996738433838,overwrite
reward_intervention,contrast/decorrelated,tf_self,10000,98.35000610351562,0.465,101.64997959136963,overwrite
reward_intervention,contrast/decorrelated,tf_self,10001,103.10000610351562,0.49,96.90002727508545,overwrite
reward_intervention,contrast/decorrelated,tf_self,10002,44.19999694824219,0.18,155.79996490478516,overwrite
reward_intervention,contrast/decorrelated,tf_self,10003,61.29999542236328,0.27,138.69997215270996,overwrite
reward_intervention,contrast/decorrelated,tf_self,10004,36.59999465942383,0.14,163.39996719360352,overwrite
reward_intervention,contrast/decorrelated,tf_self,10005,46.099998474121094,0.19,153.89996910095215,overwrite
reward_intervention,contrast/decorrelated,tf_self,10006,89.80000305175781,0.42,110.19997787475586,overwrite
reward_intervention,contrast/decorrelated,tf_self,10007,66.05000305175781,0.295,133.9500379562378,overwrite
reward_intervention,contrast/decorrelated,tf_self,10008,33.75,0.125,166.24996662139893,overwrite
reward_intervention,contrast/decorrelated,tf_self,10009,71.75,0.325,128.24997425079346,overwrite
reward_intervention,contrast/decorrelated,tf_self,10010,35.64999771118164,0.135,164.34996700286865,overwrite
reward_intervention,contrast/decorrelated,tf_self,10011,53.70000076293945,0.23,146.30006790161133,overwrite
reward_intervention,contrast/decorrelated,tf_self,10012,29.949996948242188,0.105,170.05006504058838,overwrite
reward_intervention,contrast/decorrelated,tf_self,10013,82.19999694824219,0.38,117.79997634887695,overwrite
reward_intervention,contrast/decorrelated,tf_self,10014,47.04999542236328,0.195,152.949969291687,overwrite
reward_intervention,contrast/decorrelated,tf_self,10015,89.80000305175781,0.42,110.19997787475586,overwrite
reward_intervention,contrast/decorrelated,tf_self,10016,72.69999694824219,0.33,127.29997444152832,overwrite
reward_intervention,contrast/decorrelated,tf_self,10017,74.60000610351562,0.34,125.40002250671387,overwrite
reward_intervention,contrast/decorrelated,tf_self,10018,66.04999542236328,0.295,133.94997310638428,overwrite
reward_intervention,contrast/decorrelated,tf_self,10019,35.649993896484375,0.135,164.34996700286865,overwrite
reward_intervention,contrast/decorrelated,tf_self,10020,65.10000610351562,0.29,134.90001487731934,overwrite
reward_intervention,contrast/decorrelated,tf_self,10021,128.75,0.625,71.24998569488525,overwrite
reward_intervention,contrast/decorrelated,tf_self,10022,82.20000457763672,0.38,117.8000373840332,overwrite
reward_intervention,contrast/decorrelated,tf_self,10023,30.899995803833008,0.11,169.1000213623047,overwrite
reward_intervention,contrast/decorrelated,tf_self,10024,27.099994659423828,0.09,172.89997386932373,overwrite
reward_intervention,contrast/decorrelated,tf_self,10025,42.29999923706055,0.17,157.6999683380127,overwrite
reward_intervention,contrast/decorrelated,tf_self,10026,23.299997329711914,0.07,176.69996452331543,overwrite
reward_intervention,contrast/decorrelated,tf_self,10027,117.35000610351562,0.565,82.6499834060669,overwrite
reward_intervention,contrast/decorrelated,tf_self,10028,22.349998474121094,0.065,177.65000343322754,overwrite
reward_intervention,contrast/decorrelated,tf_self,10029,61.29999923706055,0.27,138.69997215270996,overwrite
reward_intervention,contrast/decorrelated,tf_self,10030,49.900001525878906,0.21,150.0999698638916,overwrite
reward_intervention,contrast/decorrelated,tf_self,10031,86.0,0.4,113.9999771118164,overwrite
reward_intervention,contrast/decorrelated,tf_self,10032,44.19999694824219,0.18,155.80007934570312,overwrite
reward_intervention,contrast/decorrelated,tf_self,10033,64.14999389648438,0.285,135.8500518798828,overwrite
reward_intervention,contrast/decorrelated,tf_self,10034,77.44999694824219,0.355,122.54997539520264,overwrite
reward_intervention,contrast/decorrelated,tf_self,10035,96.45000457763672,0.455,103.54999160766602,overwrite
reward_intervention,contrast/decorrelated,tf_self,10036,26.149995803833008,0.085,173.84999656677246,overwrite
reward_intervention,contrast/decorrelated,tf_self,10037,59.39999771118164,0.26,140.60003185272217,overwrite
reward_intervention,contrast/decorrelated,tf_self,10038,136.35000610351562,0.665,63.64998722076416,overwrite
reward_intervention,contrast/decorrelated,tf_self,10039,64.14999389648438,0.285,135.84997749328613,overwrite
reward_intervention,contrast/decorrelated,tf_self,10040,79.3499984741211,0.365,120.65005207061768,overwrite
reward_intervention,contrast/decorrelated,tf_self,10041,54.650001525878906,0.235,145.34997081756592,overwrite
reward_intervention,contrast/decorrelated,tf_self,10042,53.69999694824219,0.23,146.3000888824463,overwrite
reward_intervention,contrast/decorrelated,tf_self,10043,25.199996948242188,0.08,174.79996490478516,overwrite
reward_intervention,contrast/decorrelated,tf_self,10044,24.25,0.075,175.7499647140503,overwrite
reward_intervention,contrast/decorrelated,tf_self,10045,24.249996185302734,0.075,175.75003242492676,overwrite
reward_intervention,contrast/decorrelated,tf_self,10046,127.80000305175781,0.62,72.19998550415039,overwrite
reward_intervention,contrast/decorrelated,tf_self,10047,32.79999542236328,0.12,167.20013427734375,overwrite
reward_intervention,contrast/decorrelated,tf_self,10048,10.950000762939453,0.005,189.05001735687256,overwrite
reward_intervention,contrast/decorrelated,optimal,9999,200.0,1.0,0.0,overwrite
reward_intervention,contrast/decorrelated,optimal,10000,200.0,1.0,0.0,overwrite
reward_intervention,contrast/decorrelated,optimal,10001,200.0,1.0,0.0,overwrite
reward_intervention,contrast/decorrelated,optimal,10002,200.0,1.0,0.0,overwrite
reward_intervention,contrast/decorrelated,optimal,10003,200.0,1.0,0.0,overwrite
reward_intervention,contrast/decorrelated,optimal,10004,200.0,1.0,0.0,overwrite
reward_intervention,contrast/decorrelated,optimal,10005,200.0,1.0,0.0,overwrite
reward_intervention,contrast/decorrelated,optimal,10006,200.0,1.0,0.0,overwrite
reward_intervention,contrast/decorrelated,optimal,10007,200.0,1.0,0.0,overwrite
reward_intervention,contrast/decorrelated,optimal,10008,200.0,1.0,0.0,overwrite
reward_intervention,contrast/decorrelated,optimal,10009,200.0,1.0,0.0,overwrite
reward_intervention,contrast/decorrelated,optimal,10010,200.0,1.0,0.0,overwrite
reward_intervention,contrast/decorrelated,optimal,10011,200.0,1.0,0.0,overwrite
reward_intervention,contrast/decorrelated,optimal,10012,200.0,1.0,0.0,overwrite
reward_intervention,contrast/decorrelated,optimal,10013,200.0,1.0,0.0,overwrite
reward_intervention,contrast/decorrelated,optimal,10014,200.0,1.0,0.0,overwrite
reward_intervention,contrast/decorrelated,optimal,10015,200.0,1.0,0.0,overwrite
reward_intervention,contrast/decorrelated,optimal,10016,200.0,1.0,0.0,overwrite
reward_intervention,contrast/decorrelated,optimal,10017,200.0,1.0,0.0,overwrite
reward_intervention,contrast/decorrelated,optimal,10018,200.0,1.0,0.0,overwrite
reward_intervention,contrast/decorrelated,optimal,10019,200.0,1.0,0.0,overwrite
reward_intervention,contrast/decorrelated,optimal,10020,200.0,1.0,0.0,overwrite
reward_intervention,contrast/decorrelated,optimal,10021,200.0,1.0,0.0,overwrite
reward_intervention,contrast/decorrelated,optimal,10022,200.0,1.0,0.0,overwrite
reward_intervention,contrast/decorrelated,optimal,10023,200.0,1.0,0.0,overwrite
reward_intervention,contrast/decorrelated,optimal,10024,200.0,1.0,0.0,overwrite
reward_intervention,contrast/decorrelated,optimal,10025,200.0,1.0,0.0,overwrite
reward_intervention,contrast/decorrelated,optimal,10026,200.0,1.0,0.0,overwrite
reward_intervention,contrast/decorrelated,optimal,10027,200.0,1.0,0.0,overwrite
reward_intervention,contrast/decorrelated,optimal,10028,200.0,1.0,0.0,overwrite
reward_intervention,contrast/decorrelated,optimal,10029,200.0,1.0,0.0,overwrite
reward_intervention,contrast/decorrelated,optimal,10030,200.0,1.0,0.0,overwrite
reward_intervention,contrast/decorrelated,optimal,10031,200.0,1.0,0.0,overwrite
reward_intervention,contrast/decorrelated,optimal,10032,200.0,1.0,0.0,overwrite
reward_intervention,contrast/decorrelated,optimal,10033,200.0,1.0,0.0,overwrite
reward_intervention,contrast/decorrelated,optimal,10034,200.0,1.0,0.0,overwrite
reward_intervention,contrast/decorrelated,optimal,10035,200.0,1.0,0.0,overwrite
reward_intervention,contrast/decorrelated,optimal,10036,200.0,1.0,0.0,overwrite
reward_intervention,contrast/decorrelated,optimal,10037,200.0,1.0,0.0,overwrite
reward_intervention,contrast/decorrelated,optimal,10038,200.0,1.0,0.0,overwrite
reward_intervention,contrast/decorrelated,optimal,10039,200.0,1.0,0.0,overwrite
reward_intervention,contrast/decorrelated,optimal,10040,200.0,1.0,0.0,overwrite
reward_intervention,contrast/decorrelated,optimal,10041,200.0,1.0,0.0,overwrite
reward_intervention,contrast/decorrelated,optimal,10042,200.0,1.0,0.0,overwrite
reward_intervention,contrast/decorrelated,optimal,10043,200.0,1.0,0.0,overwrite
reward_intervention,contrast/decorrelated,optimal,10044,200.0,1.0,0.0,overwrite
reward_intervention,contrast/decorrelated,optimal,10045,200.0,1.0,0.0,overwrite
reward_intervention,contrast/decorrelated,optimal,10046,200.0,1.0,0.0,overwrite
reward_intervention,contrast/decorrelated,optimal,10047,200.0,1.0,0.0,overwrite
reward_intervention,contrast/decorrelated,optimal,10048,200.0,1.0,0.0,overwrite
reward_intervention,contrast/decorrelated,epsgreedy,9999,44.19999694824219,0.18,155.79996871948242,overwrite
reward_intervention,contrast/decorrelated,epsgreedy,10000,25.199996948242188,0.08,174.79996490478516,overwrite
reward_intervention,contrast/decorrelated,epsgreedy,10001,80.30000305175781,0.37,119.70002841949463,overwrite
reward_intervention,contrast/decorrelated,epsgreedy,10002,32.79999542236328,0.12,167.19999980926514,overwrite
reward_intervention,contrast/decorrelated,epsgreedy,10003,48.0,0.2,151.99996948242188,overwrite
reward_intervention,contrast/decorrelated,epsgreedy,10004,20.449996948242188,0.055,179.54996395111084,overwrite
reward_intervention,contrast/decorrelated,epsgreedy,10005,52.749996185302734,0.225,147.2499704360962,overwrite
reward_intervention,contrast/decorrelated,epsgreedy,10006,55.59999465942383,0.24,144.39997100830078,overwrite
reward_intervention,contrast/decorrelated,epsgreedy,10007,56.54999542236328,0.245,143.45005893707275,overwrite
reward_intervention,contrast/decorrelated,epsgreedy,10008,51.79999542236328,0.22,148.19997024536133,overwrite
reward_intervention,contrast/decorrelated,epsgreedy,10009,56.54999542236328,0.245,143.45000076293945,overwrite
reward_intervention,contrast/decorrelated,epsgreedy,10010,100.25,0.475,99.74997997283936,overwrite
reward_intervention,contrast/decorrelated,epsgreedy,10011,60.349998474121094,0.265,139.65003967285156,overwrite
reward_intervention,contrast/decorrelated,epsgreedy,10012,44.19999694824219,0.18,155.80004596710205,overwrite
reward_intervention,contrast/decorrelated,epsgreedy,10013,84.10000610351562,0.39,115.89997673034668,overwrite
reward_intervention,contrast/decorrelated,epsgreedy,10014,65.10000610351562,0.29,134.89997386932373,overwrite
reward_intervention,contrast/decorrelated,epsgreedy,10015,21.39999771118164,0.06,178.5999641418457,overwrite
reward_intervention,contrast/decorrelated,epsgreedy,10016,35.650001525878906,0.135,164.34996700286865,overwrite
reward_intervention,contrast/decorrelated,epsgreedy,10017,33.75,0.125,166.2500410079956,overwrite
reward_intervention,contrast/decorrelated,epsgreedy,10018,82.19999694824219,0.38,117.79997825622559,overwrite
reward_intervention,contrast/decorrelated,epsgreedy,10019,67.0,0.3,132.99997329711914,overwrite
reward_intervention,contrast/decorrelated,epsgreedy,10020,45.149993896484375,0.185,154.8500099182129,overwrite
reward_intervention,contrast/decorrelated,epsgreedy,10021,72.69999694824219,0.33,127.29997444152832,overwrite
reward_intervention,contrast/decorrelated,epsgreedy,10022,16.650001525878906,0.035,183.35007190704346,overwrite
reward_intervention,contrast/decorrelated,epsgreedy,10023,37.54999542236328,0.145,162.45003700256348,overwrite
reward_intervention,contrast/decorrelated,epsgreedy,10024,71.75,0.325,128.24998092651367,overwrite
reward_intervention,contrast/decorrelated,epsgreedy,10025,70.80000305175781,0.32,129.1999740600586,overwrite
reward_intervention,contrast/decorrelated,epsgreedy,10026,104.05000305175781,0.495,95.94998168945312,overwrite
reward_intervention,contrast/decorrelated,epsgreedy,10027,76.50000762939453,0.35,123.49997520446777,overwrite
reward_intervention,contrast/decorrelated,epsgreedy,10028,79.35000610351562,0.365,120.65000247955322,overwrite
reward_intervention,contrast/decorrelated,epsgreedy,10029,59.39999771118164,0.26,140.59997177124023,overwrite
reward_intervention,contrast/decorrelated,epsgreedy,10030,47.04999542236328,0.195,152.949969291687,overwrite
reward_intervention,contrast/decorrelated,epsgreedy,10031,108.80000305175781,0.52,91.19998168945312,overwrite
reward_intervention,contrast/decorrelated,epsgreedy,10032,45.14999771118164,0.185,154.85004901885986,overwrite
reward_intervention,contrast/decorrelated,epsgreedy,10033,28.999998092651367,0.1,170.99998664855957,overwrite
reward_intervention,contrast/decorrelated,epsgreedy,10034,72.69999694824219,0.33,127.29997444152832,overwrite
reward_intervention,contrast/decorrelated,epsgreedy,10035,100.25,0.475,99.75004386901855,overwrite
reward_intervention,contrast/decorrelated,epsgreedy,10036,83.1500015258789,0.385,116.84998989105225,overwrite
reward_intervention,contrast/decorrelated,epsgreedy,10037,18.549999237060547,0.045,181.45001697540283,overwrite
reward_intervention,contrast/decorrelated,epsgreedy,10038,31.849994659423828,0.115,168.1499662399292,overwrite
reward_intervention,contrast/decorrelated,epsgreedy,10039,53.69999694824219,0.23,146.29997539520264,overwrite
reward_intervention,contrast/decorrelated,epsgreedy,10040,70.80000305175781,0.32,129.2000913619995,overwrite
reward_intervention,contrast/decorrelated,epsgreedy,10041,54.64999771118164,0.235,145.34997081756592,overwrite
reward_intervention,contrast/decorrelated,epsgreedy,10042,27.099998474121094,0.09,172.9000768661499,overwrite
reward_intervention,contrast/decorrelated,epsgreedy,10043,40.399993896484375,0.16,159.59996795654297,overwrite
reward_intervention,contrast/decorrelated,epsgreedy,10044,44.19999313354492,0.18,155.79997158050537,overwrite
reward_intervention,contrast/decorrelated,epsgreedy,10045,16.649999618530273,0.035,183.35008239746094,overwrite
reward_intervention,contrast/decorrelated,epsgreedy,10046,78.4000015258789,0.36,121.5999755859375,overwrite
reward_intervention,contrast/decorrelated,epsgreedy,10047,61.29999542236328,0.27,138.7000732421875,overwrite
reward_intervention,contrast/decorrelated,epsgreedy,10048,56.54999542236328,0.245,143.45001411437988,overwrite
reward_intervention,contrast/decorrelated,greedy,9999,35.64999771118164,0.135,164.34996700286865,overwrite
reward_intervention,contrast/decorrelated,greedy,10000,81.25,0.375,118.74997615814209,overwrite
reward_intervention,contrast/decorrelated,greedy,10001,98.35000610351562,0.465,101.65001106262207,overwrite
reward_intervention,contrast/decorrelated,greedy,10002,109.75000762939453,0.525,90.25000858306885,overwrite
reward_intervention,contrast/decorrelated,greedy,10003,83.1500015258789,0.385,116.84997653961182,overwrite
reward_intervention,contrast/decorrelated,greedy,10004,35.64999771118164,0.135,164.34996700286865,overwrite
reward_intervention,contrast/decorrelated,greedy,10005,23.299997329711914,0.07,176.69996452331543,overwrite
reward_intervention,contrast/decorrelated,greedy,10006,80.30000305175781,0.37,119.69997596740723,overwrite
reward_intervention,contrast/decorrelated,greedy,10007,99.30000305175781,0.47,100.70003128051758,overwrite
reward_intervention,contrast/decorrelated,greedy,10008,51.79999923706055,0.22,148.19997024536133,overwrite
reward_intervention,contrast/decorrelated,greedy,10009,54.64999771118164,0.235,145.35000228881836,overwrite
reward_intervention,contrast/decorrelated,greedy,10010,122.10000610351562,0.59,77.89998435974121,overwrite
reward_intervention,contrast/decorrelated,greedy,10011,45.14999771118164,0.185,154.850022315979,overwrite
reward_intervention,contrast/decorrelated,greedy,10012,59.400001525878906,0.26,140.60009002685547,overwrite
reward_intervention,contrast/decorrelated,greedy,10013,66.04999542236328,0.295,133.94997310638428,overwrite
reward_intervention,contrast/decorrelated,greedy,10014,63.19999313354492,0.28,136.7999725341797,overwrite
reward_intervention,contrast/decorrelated,greedy,10015,10.000001907348633,0.0,189.99996185302734,overwrite
reward_intervention,contrast/decorrelated,greedy,10016,32.79999542236328,0.12,167.19996643066406,overwrite
reward_intervention,contrast/decorrelated,greedy,10017,61.29999542236328,0.27,138.7000608444214,overwrite
reward_intervention,contrast/decorrelated,greedy,10018,76.5,0.35,123.49997520446777,overwrite
reward_intervention,contrast/decorrelated,greedy,10019,46.099998474121094,0.19,153.89996910095215,overwrite
reward_intervention,contrast/decorrelated,greedy,10020,43.249996185302734,0.175,156.74999332427979,overwrite
reward_intervention,contrast/decorrelated,greedy,10021,10.000001907348633,0.0,189.99996185302734,overwrite
reward_intervention,contrast/decorrelated,greedy,10022,19.5,0.05,180.50008583068848,overwrite
reward_intervention,contrast/decorrelated,greedy,10023,50.84999465942383,0.215,149.15002822875977,overwrite
reward_intervention,contrast/decorrelated,greedy,10024,34.69999694824219,0.13,165.29998779296875,overwrite
reward_intervention,contrast/decorrelated,greedy,10025,65.0999984741211,0.29,134.8999729156494,overwrite
reward_intervention,contrast/decorrelated,greedy,10026,103.10000610351562,0.49,96.89998054504395,overwrite
reward_intervention,contrast/decorrelated,greedy,10027,95.5,0.45,104.49997901916504,overwrite
reward_intervention,contrast/decorrelated,greedy,10028,94.55000305175781,0.445,105.44997882843018,overwrite
reward_intervention,contrast/decorrelated,greedy,10029,37.54999542236328,0.145,162.44996738433838,overwrite
reward_intervention,contrast/decorrelated,greedy,10030,51.79999542236328,0.22,148.19997024536133,overwrite
reward_intervention,contrast/decorrelated,greedy,10031,93.60000610351562,0.44,106.39997863769531,overwrite
reward_intervention,contrast/decorrelated,greedy,10032,40.39999771118164,0.16,159.60004711151123,overwrite
reward_intervention,contrast/decorrelated,greedy,10033,70.80000305175781,0.32,129.19999885559082,overwrite
reward_intervention,contrast/decorrelated,greedy,10034,64.1500015258789,0.285,135.84997272491455,overwrite
reward_intervention,contrast/decorrelated,greedy,10035,84.0999984741211,0.39,115.90003395080566,overwrite
reward_intervention,contrast/decorrelated,greedy,10036,73.6500015258789,0.335,126.3499927520752,overwrite
reward_intervention,contrast/decorrelated,greedy,10037,10.000001907348633,0.0,190.0000171661377,overwrite
reward_intervention,contrast/decorrelated,greedy,10038,30.89999771118164,0.11,169.09996604919434,overwrite
reward_intervention,contrast/decorrelated,greedy,10039,67.0,0.3,132.99997329711914,overwrite
reward_intervention,contrast/decorrelated,greedy,10040,57.5,0.25,142.5000638961792,overwrite
reward_intervention,contrast/decorrelated,greedy,10041,42.29999542236328,0.17,157.6999683380127,overwrite
reward_intervention,contrast/decorrelated,greedy,10042,25.199996948242188,0.08,174.80006217956543,overwrite
reward_intervention,contrast/decorrelated,greedy,10043,65.0999984741211,0.29,134.8999729156494,overwrite
reward_intervention,contrast/decorrelated,greedy,10044,96.45000457763672,0.455,103.5499792098999,overwrite
reward_intervention,contrast/decorrelated,greedy,10045,32.79999542236328,0.12,167.20010375976562,overwrite
reward_intervention,contrast/decorrelated,greedy,10046,91.70000457763672,0.43,108.29997825622559,overwrite
reward_intervention,contrast/decorrelated,greedy,10047,68.89999389648438,0.31,131.1000623703003,overwrite
reward_intervention,contrast/decorrelated,greedy,10048,29.949996948242188,0.105,170.0500144958496,overwrite
reward_intervention,contrast/decorrelated,random,9999,66.04999542236328,0.295,133.94997310638428,overwrite
reward_intervention,contrast/decorrelated,random,10000,53.69999694824219,0.23,146.29997062683105,overwrite
reward_intervention,contrast/decorrelated,random,10001,58.44999694824219,0.255,141.55001544952393,overwrite
reward_intervention,contrast/decorrelated,random,10002,50.849998474121094,0.215,149.14999675750732,overwrite
reward_intervention,contrast/decorrelated,random,10003,57.499996185302734,0.25,142.4999713897705,overwrite
reward_intervention,contrast/decorrelated,random,10004,62.25,0.275,137.74997234344482,overwrite
reward_intervention,contrast/decorrelated,random,10005,64.14999389648438,0.285,135.84997272491455,overwrite
reward_intervention,contrast/decorrelated,random,10006,61.29999923706055,0.27,138.69997215270996,overwrite
reward_intervention,contrast/decorrelated,random,10007,61.30000305175781,0.27,138.70005893707275,overwrite
reward_intervention,contrast/decorrelated,random,10008,59.399993896484375,0.26,140.59997177124023,overwrite
reward_intervention,contrast/decorrelated,random,10009,50.849998474121094,0.215,149.14999294281006,overwrite
reward_intervention,contrast/decorrelated,random,10010,49.899993896484375,0.21,150.0999698638916,overwrite
reward_intervention,contrast/decorrelated,random,10011,53.69999694824219,0.23,146.30006980895996,overwrite
reward_intervention,contrast/decorrelated,random,10012,65.0999984741211,0.29,134.90003108978271,overwrite
reward_intervention,contrast/decorrelated,random,10013,55.599998474121094,0.24,144.39997100830078,overwrite
reward_intervention,contrast/decorrelated,random,10014,57.499996185302734,0.25,142.49997806549072,overwrite
reward_intervention,contrast/decorrelated,random,10015,49.899993896484375,0.21,150.0999698638916,overwrite
reward_intervention,contrast/decorrelated,random,10016,56.54999542236328,0.245,143.44997119903564,overwrite
reward_intervention,contrast/decorrelated,random,10017,51.79999542236328,0.22,148.20003032684326,overwrite
reward_intervention,contrast/decorrelated,random,10018,64.14999389648438,0.285,135.84997653961182,overwrite
reward_intervention,contrast/decorrelated,random,10019,61.29999542236328,0.27,138.69997215270996,overwrite
reward_intervention,contrast/decorrelated,random,10020,67.94999694824219,0.305,132.0500202178955,overwrite
reward_intervention,contrast/decorrelated,random,10021,53.69999694824219,0.23,146.29997062683105,overwrite
reward_intervention,contrast/decorrelated,random,10022,60.349998474121094,0.265,139.6500539779663,overwrite
reward_intervention,contrast/decorrelated,random,10023,54.650001525878906,0.235,145.3500270843506,overwrite
reward_intervention,contrast/decorrelated,random,10024,54.64999771118164,0.235,145.34998035430908,overwrite
reward_intervention,contrast/decorrelated,random,10025,55.599998474121094,0.24,144.39997100830078,overwrite
reward_intervention,contrast/decorrelated,random,10026,48.94999694824219,0.205,151.04997444152832,overwrite
reward_intervention,contrast/decorrelated,random,10027,57.499996185302734,0.25,142.4999713897705,overwrite
reward_intervention,contrast/decorrelated,random,10028,58.44999694824219,0.255,141.54998397827148,overwrite
reward_intervention,contrast/decorrelated,random,10029,57.499996185302734,0.25,142.4999713897705,overwrite
reward_intervention,contrast/decorrelated,random,10030,68.9000015258789,0.31,131.09997367858887,overwrite
reward_intervention,contrast/decorrelated,random,10031,59.399993896484375,0.26,140.59997177124023,overwrite
reward_intervention,contrast/decorrelated,random,10032,53.69999694824219,0.23,146.30005264282227,overwrite
reward_intervention,contrast/decorrelated,random,10033,50.849998474121094,0.215,149.15002155303955,overwrite
reward_intervention,contrast/decorrelated,random,10034,55.599998474121094,0.24,144.39997100830078,overwrite
reward_intervention,contrast/decorrelated,random,10035,54.649993896484375,0.235,145.35002613067627,overwrite
reward_intervention,contrast/decorrelated,random,10036,64.1500015258789,0.285,135.84998226165771,overwrite
reward_intervention,contrast/decorrelated,random,10037,56.55000305175781,0.245,143.45002841949463,overwrite
reward_intervention,contrast/decorrelated,random,10038,48.94999694824219,0.205,151.04996967315674,overwrite
reward_intervention,contrast/decorrelated,random,10039,58.44999694824219,0.255,141.5499963760376,overwrite
reward_intervention,contrast/decorrelated,random,10040,53.69999694824219,0.23,146.30006217956543,overwrite
reward_intervention,contrast/decorrelated,random,10041,54.64999771118164,0.235,145.34997081756592,overwrite
reward_intervention,contrast/decorrelated,random,10042,62.25,0.275,137.75006771087646,overwrite
reward_intervention,contrast/decorrelated,random,10043,59.399993896484375,0.26,140.59997177124023,overwrite
reward_intervention,contrast/decorrelated,random,10044,55.599998474121094,0.24,144.39999103546143,overwrite
reward_intervention,contrast/decorrelated,random,10045,46.09999465942383,0.19,153.9000473022461,overwrite
reward_intervention,contrast/decorrelated,random,10046,59.40000534057617,0.26,140.59997177124023,overwrite
reward_intervention,contrast/decorrelated,random,10047,57.499996185302734,0.25,142.50008487701416,overwrite
reward_intervention,contrast/decorrelated,random,10048,45.14999771118164,0.185,154.85002613067627,overwrite
reward_intervention,contrast/inverted,tf_legacy,9999,109.75000762939453,0.525,90.24998188018799,overwrite
reward_intervention,contrast/inverted,tf_legacy,10000,23.299999237060547,0.07,176.69996452331543,overwrite
reward_intervention,contrast/inverted,tf_legacy,10001,50.849998474121094,0.215,149.1500301361084,overwrite
reward_intervention,contrast/inverted,tf_legacy,10002,42.29999542236328,0.17,157.70003509521484,overwrite
reward_intervention,contrast/inverted,tf_legacy,10003,18.549999237060547,0.045,181.4499635696411,overwrite
reward_intervention,contrast/inverted,tf_legacy,10004,50.849998474121094,0.215,149.14997005462646,overwrite
reward_intervention,contrast/inverted,tf_legacy,10005,22.349998474121094,0.065,177.64996433258057,overwrite
reward_intervention,contrast/inverted,tf_legacy,10006,35.649993896484375,0.135,164.34996700286865,overwrite
reward_intervention,contrast/inverted,tf_legacy,10007,25.199996948242188,0.08,174.80005550384521,overwrite
reward_intervention,contrast/inverted,tf_legacy,10008,77.44999694824219,0.355,122.54997539520264,overwrite
reward_intervention,contrast/inverted,tf_legacy,10009,31.849994659423828,0.115,168.1499891281128,overwrite
reward_intervention,contrast/inverted,tf_legacy,10010,62.249996185302734,0.275,137.74997234344482,overwrite
reward_intervention,contrast/inverted,tf_legacy,10011,29.949996948242188,0.105,170.05003356933594,overwrite
reward_intervention,contrast/inverted,tf_legacy,10012,28.999996185302734,0.1,171.00009632110596,overwrite
reward_intervention,contrast/inverted,tf_legacy,10013,19.499998092651367,0.05,180.49996376037598,overwrite
reward_intervention,contrast/inverted,tf_legacy,10014,10.950000762939453,0.005,189.0499620437622,overwrite
reward_intervention,contrast/inverted,tf_legacy,10015,103.10000610351562,0.49,96.89998054504395,overwrite
reward_intervention,contrast/inverted,tf_legacy,10016,59.400001525878906,0.26,140.59997177124023,overwrite
reward_intervention,contrast/inverted,tf_legacy,10017,86.0,0.4,113.99999523162842,overwrite
reward_intervention,contrast/inverted,tf_legacy,10018,60.349998474121094,0.265,139.64997577667236,overwrite
reward_intervention,contrast/inverted,tf_legacy,10019,55.599998474121094,0.24,144.39997100830078,overwrite
reward_intervention,contrast/inverted,tf_legacy,10020,28.04999542236328,0.095,171.95000743865967,overwrite
reward_intervention,contrast/inverted,tf_legacy,10021,78.4000015258789,0.36,121.5999755859375,overwrite
reward_intervention,contrast/inverted,tf_legacy,10022,57.5,0.25,142.50006675720215,overwrite
reward_intervention,contrast/inverted,tf_legacy,10023,11.90000057220459,0.01,188.10006618499756,overwrite
reward_intervention,contrast/inverted,tf_legacy,10024,17.599998474121094,0.04,182.399977684021,overwrite
reward_intervention,contrast/inverted,tf_legacy,10025,27.09999656677246,0.09,172.89996528625488,overwrite
reward_intervention,contrast/inverted,tf_legacy,10026,10.950000762939453,0.005,189.0499620437622,overwrite
reward_intervention,contrast/inverted,tf_legacy,10027,66.05000305175781,0.295,133.94997310638428,overwrite
reward_intervention,contrast/inverted,tf_legacy,10028,51.79999542236328,0.22,148.19998359680176,overwrite
reward_intervention,contrast/inverted,tf_legacy,10029,28.999998092651367,0.1,170.9999656677246,overwrite
reward_intervention,contrast/inverted,tf_legacy,10030,74.5999984741211,0.34,125.39997482299805,overwrite
reward_intervention,contrast/inverted,tf_legacy,10031,12.84999942779541,0.015,187.14996242523193,overwrite
reward_intervention,contrast/inverted,tf_legacy,10032,65.0999984741211,0.29,134.90003871917725,overwrite
reward_intervention,contrast/inverted,tf_legacy,10033,88.85000610351562,0.415,111.14999485015869,overwrite
reward_intervention,contrast/inverted,tf_legacy,10034,82.20000457763672,0.38,117.79997634887695,overwrite
reward_intervention,contrast/inverted,tf_legacy,10035,26.14999771118164,0.085,173.8500165939331,overwrite
reward_intervention,contrast/inverted,tf_legacy,10036,45.149993896484375,0.185,154.84997177124023,overwrite
reward_intervention,contrast/inverted,tf_legacy,10037,30.899995803833008,0.11,169.10001182556152,overwrite
reward_intervention,contrast/inverted,tf_legacy,10038,21.39999771118164,0.06,178.5999641418457,overwrite
reward_intervention,contrast/inverted,tf_legacy,10039,47.04999542236328,0.195,152.94997024536133,overwrite
reward_intervention,contrast/inverted,tf_legacy,10040,24.249998092651367,0.075,175.7500705718994,overwrite
reward_intervention,contrast/inverted,tf_legacy,10041,25.199996948242188,0.08,174.79996490478516,overwrite
reward_intervention,contrast/inverted,tf_legacy,10042,52.75,0.225,147.2500638961792,overwrite
reward_intervention,contrast/inverted,tf_legacy,10043,40.39999771118164,0.16,159.59996795654297,overwrite
reward_intervention,contrast/inverted,tf_legacy,10044,41.349998474121094,0.165,158.64997386932373,overwrite
reward_intervention,contrast/inverted,tf_legacy,10045,34.69999694824219,0.13,165.30004405975342,overwrite
reward_intervention,contrast/inverted,tf_legacy,10046,37.54999542236328,0.145,162.44996738433838,overwrite
reward_intervention,contrast/inverted,tf_legacy,10047,69.85000610351562,0.315,130.15006256103516,overwrite
reward_intervention,contrast/inverted,tf_legacy,10048,54.64999771118164,0.235,145.34999656677246,overwrite
reward_intervention,contrast/inverted,tf_self,9999,10.000001907348633,0.0,189.99996185302734,overwrite
reward_intervention,contrast/inverted,tf_self,10000,28.999996185302734,0.1,170.9999656677246,overwrite
reward_intervention,contrast/inverted,tf_self,10001,84.10000610351562,0.39,115.90003108978271,overwrite
reward_intervention,contrast/inverted,tf_self,10002,75.55000305175781,0.345,124.44995307922363,overwrite
reward_intervention,contrast/inverted,tf_self,10003,61.29999542236328,0.27,138.69997215270996,overwrite
reward_intervention,contrast/inverted,tf_self,10004,33.74999237060547,0.125,166.24996662139893,overwrite
reward_intervention,contrast/inverted,tf_self,10005,42.29999542236328,0.17,157.6999683380127,overwrite
reward_intervention,contrast/inverted,tf_self,10006,25.199996948242188,0.08,174.79996490478516,overwrite
reward_intervention,contrast/inverted,tf_self,10007,55.599998474121094,0.24,144.40004920959473,overwrite
reward_intervention,contrast/inverted,tf_self,10008,32.79999542236328,0.12,167.19996643066406,overwrite
reward_intervention,contrast/inverted,tf_self,10009,63.19999694824219,0.28,136.79999828338623,overwrite
reward_intervention,contrast/inverted,tf_self,10010,21.39999771118164,0.06,178.5999641418457,overwrite
reward_intervention,contrast/inverted,tf_self,10011,51.80000305175781,0.22,148.20006561279297,overwrite
reward_intervention,contrast/inverted,tf_self,10012,26.14999771118164,0.085,173.850079536438,overwrite
reward_intervention,contrast/inverted,tf_self,10013,83.14999389648438,0.385,116.84997653961182,overwrite
reward_intervention,contrast/inverted,tf_self,10014,61.29999923706055,0.27,138.69997215270996,overwrite
reward_intervention,contrast/inverted,tf_self,10015,82.20000457763672,0.38,117.79997634887695,overwrite
reward_intervention,contrast/inverted,tf_self,10016,71.75,0.325,128.24997425079346,overwrite
reward_intervention,contrast/inverted,tf_self,10017,76.5,0.35,123.50001907348633,overwrite
reward_intervention,contrast/inverted,tf_self,10018,10.950000762939453,0.005,189.0499620437622,overwrite
reward_intervention,contrast/inverted,tf_self,10019,20.44999885559082,0.055,179.54996395111084,overwrite
reward_intervention,contrast/inverted,tf_self,10020,47.999996185302734,0.2,151.99997234344482,overwrite
reward_intervention,contrast/inverted,tf_self,10021,109.75001525878906,0.525,90.24998188018799,overwrite
reward_intervention,contrast/inverted,tf_self,10022,64.14999389648438,0.285,135.85005283355713,overwrite
reward_intervention,contrast/inverted,tf_self,10023,52.74999237060547,0.225,147.24999523162842,overwrite
reward_intervention,contrast/inverted,tf_self,10024,50.849998474121094,0.215,149.14998817443848,overwrite
reward_intervention,contrast/inverted,tf_self,10025,10.000001907348633,0.0,189.99996185302734,overwrite
reward_intervention,contrast/inverted,tf_self,10026,30.89999771118164,0.11,169.09996604919434,overwrite
reward_intervention,contrast/inverted,tf_self,10027,37.54999542236328,0.145,162.44996738433838,overwrite
reward_intervention,contrast/inverted,tf_self,10028,60.349998474121094,0.265,139.6499719619751,overwrite
reward_intervention,contrast/inverted,tf_self,10029,48.0,0.2,151.99996948242188,overwrite
reward_intervention,contrast/inverted,tf_self,10030,49.900001525878906,0.21,150.0999698638916,overwrite
reward_intervention,contrast/inverted,tf_self,10031,56.54999542236328,0.245,143.44997119903564,overwrite
reward_intervention,contrast/inverted,tf_self,10032,47.04999542236328,0.195,152.95007991790771,overwrite
reward_intervention,contrast/inverted,tf_self,10033,38.49999237060547,0.15,161.50005531311035,overwrite
reward_intervention,contrast/inverted,tf_self,10034,11.90000057220459,0.01,188.09996223449707,overwrite
reward_intervention,contrast/inverted,tf_self,10035,102.1500015258789,0.485,97.84999370574951,overwrite
reward_intervention,contrast/inverted,tf_self,10036,26.14999771118164,0.085,173.84999656677246,overwrite
reward_intervention,contrast/inverted,tf_self,10037,38.49999237060547,0.15,161.50004386901855,overwrite
reward_intervention,contrast/inverted,tf_self,10038,128.75,0.625,71.24998569488525,overwrite
reward_intervention,contrast/inverted,tf_self,10039,88.8499984741211,0.415,111.1499834060669,overwrite
reward_intervention,contrast/inverted,tf_self,10040,81.25,0.375,118.7500410079956,overwrite
reward_intervention,contrast/inverted,tf_self,10041,49.900001525878906,0.21,150.0999698638916,overwrite
reward_intervention,contrast/inverted,tf_self,10042,49.89999771118164,0.21,150.10009098052979,overwrite
reward_intervention,contrast/inverted,tf_self,10043,25.199996948242188,0.08,174.79996490478516,overwrite
reward_intervention,contrast/inverted,tf_self,10044,59.39999771118164,0.26,140.5999879837036,overwrite
reward_intervention,contrast/inverted,tf_self,10045,10.000001907348633,0.0,190.00004291534424,overwrite
reward_intervention,contrast/inverted,tf_self,10046,123.05000305175781,0.595,76.94998455047607,overwrite
reward_intervention,contrast/inverted,tf_self,10047,30.899995803833008,0.11,169.10013580322266,overwrite
reward_intervention,contrast/inverted,tf_self,10048,26.14999771118164,0.085,173.8500213623047,overwrite
reward_intervention,contrast/inverted,optimal,9999,200.0,1.0,0.0,overwrite
reward_intervention,contrast/inverted,optimal,10000,200.0,1.0,0.0,overwrite
reward_intervention,contrast/inverted,optimal,10001,200.0,1.0,0.0,overwrite
reward_intervention,contrast/inverted,optimal,10002,200.0,1.0,0.0,overwrite
reward_intervention,contrast/inverted,optimal,10003,200.0,1.0,0.0,overwrite
reward_intervention,contrast/inverted,optimal,10004,200.0,1.0,0.0,overwrite
reward_intervention,contrast/inverted,optimal,10005,200.0,1.0,0.0,overwrite
reward_intervention,contrast/inverted,optimal,10006,200.0,1.0,0.0,overwrite
reward_intervention,contrast/inverted,optimal,10007,200.0,1.0,0.0,overwrite
reward_intervention,contrast/inverted,optimal,10008,200.0,1.0,0.0,overwrite
reward_intervention,contrast/inverted,optimal,10009,200.0,1.0,0.0,overwrite
reward_intervention,contrast/inverted,optimal,10010,200.0,1.0,0.0,overwrite
reward_intervention,contrast/inverted,optimal,10011,200.0,1.0,0.0,overwrite
reward_intervention,contrast/inverted,optimal,10012,200.0,1.0,0.0,overwrite
reward_intervention,contrast/inverted,optimal,10013,200.0,1.0,0.0,overwrite
reward_intervention,contrast/inverted,optimal,10014,200.0,1.0,0.0,overwrite
reward_intervention,contrast/inverted,optimal,10015,200.0,1.0,0.0,overwrite
reward_intervention,contrast/inverted,optimal,10016,200.0,1.0,0.0,overwrite
reward_intervention,contrast/inverted,optimal,10017,200.0,1.0,0.0,overwrite
reward_intervention,contrast/inverted,optimal,10018,200.0,1.0,0.0,overwrite
reward_intervention,contrast/inverted,optimal,10019,200.0,1.0,0.0,overwrite
reward_intervention,contrast/inverted,optimal,10020,200.0,1.0,0.0,overwrite
reward_intervention,contrast/inverted,optimal,10021,200.0,1.0,0.0,overwrite
reward_intervention,contrast/inverted,optimal,10022,200.0,1.0,0.0,overwrite
reward_intervention,contrast/inverted,optimal,10023,200.0,1.0,0.0,overwrite
reward_intervention,contrast/inverted,optimal,10024,200.0,1.0,0.0,overwrite
reward_intervention,contrast/inverted,optimal,10025,200.0,1.0,0.0,overwrite
reward_intervention,contrast/inverted,optimal,10026,200.0,1.0,0.0,overwrite
reward_intervention,contrast/inverted,optimal,10027,200.0,1.0,0.0,overwrite
reward_intervention,contrast/inverted,optimal,10028,200.0,1.0,0.0,overwrite
reward_intervention,contrast/inverted,optimal,10029,200.0,1.0,0.0,overwrite
reward_intervention,contrast/inverted,optimal,10030,200.0,1.0,0.0,overwrite
reward_intervention,contrast/inverted,optimal,10031,200.0,1.0,0.0,overwrite
reward_intervention,contrast/inverted,optimal,10032,200.0,1.0,0.0,overwrite
reward_intervention,contrast/inverted,optimal,10033,200.0,1.0,0.0,overwrite
reward_intervention,contrast/inverted,optimal,10034,200.0,1.0,0.0,overwrite
reward_intervention,contrast/inverted,optimal,10035,200.0,1.0,0.0,overwrite
reward_intervention,contrast/inverted,optimal,10036,200.0,1.0,0.0,overwrite
reward_intervention,contrast/inverted,optimal,10037,200.0,1.0,0.0,overwrite
reward_intervention,contrast/inverted,optimal,10038,200.0,1.0,0.0,overwrite
reward_intervention,contrast/inverted,optimal,10039,200.0,1.0,0.0,overwrite
reward_intervention,contrast/inverted,optimal,10040,200.0,1.0,0.0,overwrite
reward_intervention,contrast/inverted,optimal,10041,200.0,1.0,0.0,overwrite
reward_intervention,contrast/inverted,optimal,10042,200.0,1.0,0.0,overwrite
reward_intervention,contrast/inverted,optimal,10043,200.0,1.0,0.0,overwrite
reward_intervention,contrast/inverted,optimal,10044,200.0,1.0,0.0,overwrite
reward_intervention,contrast/inverted,optimal,10045,200.0,1.0,0.0,overwrite
reward_intervention,contrast/inverted,optimal,10046,200.0,1.0,0.0,overwrite
reward_intervention,contrast/inverted,optimal,10047,200.0,1.0,0.0,overwrite
reward_intervention,contrast/inverted,optimal,10048,200.0,1.0,0.0,overwrite
reward_intervention,contrast/inverted,epsgreedy,9999,25.199996948242188,0.08,174.79996490478516,overwrite
reward_intervention,contrast/inverted,epsgreedy,10000,23.299999237060547,0.07,176.69996452331543,overwrite
reward_intervention,contrast/inverted,epsgreedy,10001,33.75,0.125,166.2500123977661,overwrite
reward_intervention,contrast/inverted,epsgreedy,10002,38.5,0.15,161.4999647140503,overwrite
reward_intervention,contrast/inverted,epsgreedy,10003,20.449996948242188,0.055,179.54996395111084,overwrite
reward_intervention,contrast/inverted,epsgreedy,10004,19.499998092651367,0.05,180.49996376037598,overwrite
reward_intervention,contrast/inverted,epsgreedy,10005,41.349998474121094,0.165,158.64996814727783,overwrite
reward_intervention,contrast/inverted,epsgreedy,10006,41.34999465942383,0.165,158.64996814727783,overwrite
reward_intervention,contrast/inverted,epsgreedy,10007,26.14999771118164,0.085,173.8500623703003,overwrite
reward_intervention,contrast/inverted,epsgreedy,10008,17.599998474121094,0.04,182.39996337890625,overwrite
reward_intervention,contrast/inverted,epsgreedy,10009,59.39999771118164,0.26,140.60000038146973,overwrite
reward_intervention,contrast/inverted,epsgreedy,10010,22.349998474121094,0.065,177.64996433258057,overwrite
reward_intervention,contrast/inverted,epsgreedy,10011,28.04999542236328,0.095,171.95005702972412,overwrite
reward_intervention,contrast/inverted,epsgreedy,10012,29.949996948242188,0.105,170.05007076263428,overwrite
reward_intervention,contrast/inverted,epsgreedy,10013,33.749996185302734,0.125,166.24996662139893,overwrite
reward_intervention,contrast/inverted,epsgreedy,10014,18.549999237060547,0.045,181.44996643066406,overwrite
reward_intervention,contrast/inverted,epsgreedy,10015,21.39999771118164,0.06,178.5999641418457,overwrite
reward_intervention,contrast/inverted,epsgreedy,10016,37.54999542236328,0.145,162.44996738433838,overwrite
reward_intervention,contrast/inverted,epsgreedy,10017,26.14999771118164,0.085,173.85005474090576,overwrite
reward_intervention,contrast/inverted,epsgreedy,10018,53.70000076293945,0.23,146.2999725341797,overwrite
reward_intervention,contrast/inverted,epsgreedy,10019,36.599998474121094,0.14,163.39996719360352,overwrite
reward_intervention,contrast/inverted,epsgreedy,10020,40.399993896484375,0.16,159.60002326965332,overwrite
reward_intervention,contrast/inverted,epsgreedy,10021,16.649999618530273,0.035,183.3499631881714,overwrite
reward_intervention,contrast/inverted,epsgreedy,10022,15.700000762939453,0.03,184.30007553100586,overwrite
reward_intervention,contrast/inverted,epsgreedy,10023,23.299999237060547,0.07,176.70002841949463,overwrite
reward_intervention,contrast/inverted,epsgreedy,10024,43.249996185302734,0.175,156.74998474121094,overwrite
reward_intervention,contrast/inverted,epsgreedy,10025,16.649999618530273,0.035,183.3499631881714,overwrite
reward_intervention,contrast/inverted,epsgreedy,10026,55.599998474121094,0.24,144.3999729156494,overwrite
reward_intervention,contrast/inverted,epsgreedy,10027,39.44999694824219,0.155,160.5499677658081,overwrite
reward_intervention,contrast/inverted,epsgreedy,10028,19.5,0.05,180.49998664855957,overwrite
reward_intervention,contrast/inverted,epsgreedy,10029,13.800000190734863,0.02,186.1999626159668,overwrite
reward_intervention,contrast/inverted,epsgreedy,10030,21.39999771118164,0.06,178.5999641418457,overwrite
reward_intervention,contrast/inverted,epsgreedy,10031,29.949996948242188,0.105,170.04996585845947,overwrite
reward_intervention,contrast/inverted,epsgreedy,10032,40.399993896484375,0.16,159.60005474090576,overwrite
reward_intervention,contrast/inverted,epsgreedy,10033,21.39999771118164,0.06,178.60002899169922,overwrite
reward_intervention,contrast/inverted,epsgreedy,10034,36.599998474121094,0.14,163.39996719360352,overwrite
reward_intervention,contrast/inverted,epsgreedy,10035,55.599998474121094,0.24,144.40003967285156,overwrite
reward_intervention,contrast/inverted,epsgreedy,10036,21.39999771118164,0.06,178.59997463226318,overwrite
reward_intervention,contrast/inverted,epsgreedy,10037,18.549999237060547,0.045,181.45001697540283,overwrite
reward_intervention,contrast/inverted,epsgreedy,10038,46.099998474121094,0.19,153.89996910095215,overwrite
reward_intervention,contrast/inverted,epsgreedy,10039,21.39999771118164,0.06,178.5999927520752,overwrite
reward_intervention,contrast/inverted,epsgreedy,10040,40.39999771118164,0.16,159.60005378723145,overwrite
reward_intervention,contrast/inverted,epsgreedy,10041,38.499996185302734,0.15,161.49996757507324,overwrite
reward_intervention,contrast/inverted,epsgreedy,10042,18.549997329711914,0.045,181.45009326934814,overwrite
reward_intervention,contrast/inverted,epsgreedy,10043,16.64999771118164,0.035,183.3499631881714,overwrite
reward_intervention,contrast/inverted,epsgreedy,10044,30.89999771118164,0.11,169.09996795654297,overwrite
reward_intervention,contrast/inverted,epsgreedy,10045,14.750000953674316,0.025,185.25005626678467,overwrite
reward_intervention,contrast/inverted,epsgreedy,10046,38.49999237060547,0.15,161.49996757507324,overwrite
reward_intervention,contrast/inverted,epsgreedy,10047,54.649993896484375,0.235,145.3500852584839,overwrite
reward_intervention,contrast/inverted,epsgreedy,10048,43.249996185302734,0.175,156.75000095367432,overwrite
reward_intervention,contrast/inverted,greedy,9999,32.79999923706055,0.12,167.19996643066406,overwrite
reward_intervention,contrast/inverted,greedy,10000,11.90000057220459,0.01,188.09996223449707,overwrite
reward_intervention,contrast/inverted,greedy,10001,10.950000762939453,0.005,189.05001258850098,overwrite
reward_intervention,contrast/inverted,greedy,10002,28.999998092651367,0.1,170.9999761581421,overwrite
reward_intervention,contrast/inverted,greedy,10003,44.19999694824219,0.18,155.79996871948242,overwrite
reward_intervention,contrast/inverted,greedy,10004,35.64999771118164,0.135,164.34996700286865,overwrite
reward_intervention,contrast/inverted,greedy,10005,23.299997329711914,0.07,176.69996452331543,overwrite
reward_intervention,contrast/inverted,greedy,10006,11.90000057220459,0.01,188.09996223449707,overwrite
reward_intervention,contrast/inverted,greedy,10007,63.20000076293945,0.28,136.80000972747803,overwrite
reward_intervention,contrast/inverted,greedy,10008,12.850000381469727,0.015,187.14996242523193,overwrite
reward_intervention,contrast/inverted,greedy,10009,54.64999771118164,0.235,145.35000228881836,overwrite
reward_intervention,contrast/inverted,greedy,10010,53.69999694824219,0.23,146.29997062683105,overwrite
reward_intervention,contrast/inverted,greedy,10011,10.950000762939453,0.005,189.05006980895996,overwrite
reward_intervention,contrast/inverted,greedy,10012,42.29999542236328,0.17,157.70007991790771,overwrite
reward_intervention,contrast/inverted,greedy,10013,62.25,0.275,137.74997234344482,overwrite
reward_intervention,contrast/inverted,greedy,10014,33.749996185302734,0.125,166.24998950958252,overwrite
reward_intervention,contrast/inverted,greedy,10015,10.000001907348633,0.0,189.99996185302734,overwrite
reward_intervention,contrast/inverted,greedy,10016,34.69999694824219,0.13,165.2999668121338,overwrite
reward_intervention,contrast/inverted,greedy,10017,11.90000057220459,0.01,188.1000213623047,overwrite
reward_intervention,contrast/inverted,greedy,10018,92.65000915527344,0.435,107.34997844696045,overwrite
reward_intervention,contrast/inverted,greedy,10019,76.5,0.35,123.49997520446777,overwrite
reward_intervention,contrast/inverted,greedy,10020,61.29999542236328,0.27,138.70002365112305,overwrite
reward_intervention,contrast/inverted,greedy,10021,10.000001907348633,0.0,189.99996185302734,overwrite
reward_intervention,contrast/inverted,greedy,10022,19.5,0.05,180.50008583068848,overwrite
reward_intervention,contrast/inverted,greedy,10023,10.950000762939453,0.005,189.05001068115234,overwrite
reward_intervention,contrast/inverted,greedy,10024,10.950000762939453,0.005,189.04997634887695,overwrite
reward_intervention,contrast/inverted,greedy,10025,11.90000057220459,0.01,188.09996223449707,overwrite
reward_intervention,contrast/inverted,greedy,10026,102.1500015258789,0.485,97.84998035430908,overwrite
reward_intervention,contrast/inverted,greedy,10027,62.25,0.275,137.74997234344482,overwrite
reward_intervention,contrast/inverted,greedy,10028,53.69999694824219,0.23,146.30001258850098,overwrite
reward_intervention,contrast/inverted,greedy,10029,10.950000762939453,0.005,189.0499620437622,overwrite
reward_intervention,contrast/inverted,greedy,10030,10.950000762939453,0.005,189.0499620437622,overwrite
reward_intervention,contrast/inverted,greedy,10031,65.0999984741211,0.29,134.8999729156494,overwrite
reward_intervention,contrast/inverted,greedy,10032,74.5999984741211,0.34,125.40003204345703,overwrite
reward_intervention,contrast/inverted,greedy,10033,10.950000762939453,0.005,189.0499792098999,overwrite
reward_intervention,contrast/inverted,greedy,10034,64.1500015258789,0.285,135.84997272491455,overwrite
reward_intervention,contrast/inverted,greedy,10035,65.0999984741211,0.29,134.90002250671387,overwrite
reward_intervention,contrast/inverted,greedy,10036,10.950000762939453,0.005,189.0499725341797,overwrite
reward_intervention,contrast/inverted,greedy,10037,10.000001907348633,0.0,190.0000171661377,overwrite
reward_intervention,contrast/inverted,greedy,10038,10.950000762939453,0.005,189.0499620437622,overwrite
reward_intervention,contrast/inverted,greedy,10039,51.79999542236328,0.22,148.19997024536133,overwrite
reward_intervention,contrast/inverted,greedy,10040,44.19999694824219,0.18,155.8000431060791,overwrite
reward_intervention,contrast/inverted,greedy,10041,38.5,0.15,161.49996757507324,overwrite
reward_intervention,contrast/inverted,greedy,10042,25.199996948242188,0.08,174.80006217956543,overwrite
reward_intervention,contrast/inverted,greedy,10043,44.19999694824219,0.18,155.79996871948242,overwrite
reward_intervention,contrast/inverted,greedy,10044,45.14999771118164,0.185,154.84996891021729,overwrite
reward_intervention,contrast/inverted,greedy,10045,32.79999542236328,0.12,167.20010375976562,overwrite
reward_intervention,contrast/inverted,greedy,10046,13.799999237060547,0.02,186.1999626159668,overwrite
reward_intervention,contrast/inverted,greedy,10047,61.29999923706055,0.27,138.70008373260498,overwrite
reward_intervention,contrast/inverted,greedy,10048,12.850000381469727,0.015,187.15002346038818,overwrite
reward_intervention,contrast/inverted,random,9999,66.04999542236328,0.295,133.94997310638428,overwrite
reward_intervention,contrast/inverted,random,10000,53.69999694824219,0.23,146.29997062683105,overwrite
reward_intervention,contrast/inverted,random,10001,58.44999694824219,0.255,141.55001544952393,overwrite
reward_intervention,contrast/inverted,random,10002,50.849998474121094,0.215,149.14999675750732,overwrite
reward_intervention,contrast/inverted,random,10003,57.499996185302734,0.25,142.4999713897705,overwrite
reward_intervention,contrast/inverted,random,10004,62.25,0.275,137.74997234344482,overwrite
reward_intervention,contrast/inverted,random,10005,64.14999389648438,0.285,135.84997272491455,overwrite
reward_intervention,contrast/inverted,random,10006,61.29999923706055,0.27,138.69997215270996,overwrite
reward_intervention,contrast/inverted,random,10007,61.30000305175781,0.27,138.70005893707275,overwrite
reward_intervention,contrast/inverted,random,10008,59.399993896484375,0.26,140.59997177124023,overwrite
reward_intervention,contrast/inverted,random,10009,50.849998474121094,0.215,149.14999294281006,overwrite
reward_intervention,contrast/inverted,random,10010,49.899993896484375,0.21,150.0999698638916,overwrite
reward_intervention,contrast/inverted,random,10011,53.69999694824219,0.23,146.30006980895996,overwrite
reward_intervention,contrast/inverted,random,10012,65.0999984741211,0.29,134.90003108978271,overwrite
reward_intervention,contrast/inverted,random,10013,55.599998474121094,0.24,144.39997100830078,overwrite
reward_intervention,contrast/inverted,random,10014,57.499996185302734,0.25,142.49997806549072,overwrite
reward_intervention,contrast/inverted,random,10015,49.899993896484375,0.21,150.0999698638916,overwrite
reward_intervention,contrast/inverted,random,10016,56.54999542236328,0.245,143.44997119903564,overwrite
reward_intervention,contrast/inverted,random,10017,51.79999542236328,0.22,148.20003032684326,overwrite
reward_intervention,contrast/inverted,random,10018,64.14999389648438,0.285,135.84997653961182,overwrite
reward_intervention,contrast/inverted,random,10019,61.29999542236328,0.27,138.69997215270996,overwrite
reward_intervention,contrast/inverted,random,10020,67.94999694824219,0.305,132.0500202178955,overwrite
reward_intervention,contrast/inverted,random,10021,53.69999694824219,0.23,146.29997062683105,overwrite
reward_intervention,contrast/inverted,random,10022,60.349998474121094,0.265,139.6500539779663,overwrite
reward_intervention,contrast/inverted,random,10023,54.650001525878906,0.235,145.3500270843506,overwrite
reward_intervention,contrast/inverted,random,10024,54.64999771118164,0.235,145.34998035430908,overwrite
reward_intervention,contrast/inverted,random,10025,55.599998474121094,0.24,144.39997100830078,overwrite
reward_intervention,contrast/inverted,random,10026,48.94999694824219,0.205,151.04997444152832,overwrite
reward_intervention,contrast/inverted,random,10027,57.499996185302734,0.25,142.4999713897705,overwrite
reward_intervention,contrast/inverted,random,10028,58.44999694824219,0.255,141.54998397827148,overwrite
reward_intervention,contrast/inverted,random,10029,57.499996185302734,0.25,142.4999713897705,overwrite
reward_intervention,contrast/inverted,random,10030,68.9000015258789,0.31,131.09997367858887,overwrite
reward_intervention,contrast/inverted,random,10031,59.399993896484375,0.26,140.59997177124023,overwrite
reward_intervention,contrast/inverted,random,10032,53.69999694824219,0.23,146.30005264282227,overwrite
reward_intervention,contrast/inverted,random,10033,50.849998474121094,0.215,149.15002155303955,overwrite
reward_intervention,contrast/inverted,random,10034,55.599998474121094,0.24,144.39997100830078,overwrite
reward_intervention,contrast/inverted,random,10035,54.649993896484375,0.235,145.35002613067627,overwrite
reward_intervention,contrast/inverted,random,10036,64.1500015258789,0.285,135.84998226165771,overwrite
reward_intervention,contrast/inverted,random,10037,56.55000305175781,0.245,143.45002841949463,overwrite
reward_intervention,contrast/inverted,random,10038,48.94999694824219,0.205,151.04996967315674,overwrite
reward_intervention,contrast/inverted,random,10039,58.44999694824219,0.255,141.5499963760376,overwrite
reward_intervention,contrast/inverted,random,10040,53.69999694824219,0.23,146.30006217956543,overwrite
reward_intervention,contrast/inverted,random,10041,54.64999771118164,0.235,145.34997081756592,overwrite
reward_intervention,contrast/inverted,random,10042,62.25,0.275,137.75006771087646,overwrite
reward_intervention,contrast/inverted,random,10043,59.399993896484375,0.26,140.59997177124023,overwrite
reward_intervention,contrast/inverted,random,10044,55.599998474121094,0.24,144.39999103546143,overwrite
reward_intervention,contrast/inverted,random,10045,46.09999465942383,0.19,153.9000473022461,overwrite
reward_intervention,contrast/inverted,random,10046,59.40000534057617,0.26,140.59997177124023,overwrite
reward_intervention,contrast/inverted,random,10047,57.499996185302734,0.25,142.50008487701416,overwrite
reward_intervention,contrast/inverted,random,10048,45.14999771118164,0.185,154.85002613067627,overwrite
