block,condition,agent,seed,return,opt_frac,gap_regret,model,agreement,tf_pred_true_opt,teacher_true_opt
size_sweep,2x2,tf_legacy,9999,10.000001907348633,0.0,189.99996185302734,overwrite,,,
size_sweep,2x2,tf_legacy,10000,117.35000610351562,0.565,82.6499834060669,overwrite,,,
size_sweep,2x2,tf_legacy,10001,133.5,0.65,66.50001621246338,overwrite,,,
size_sweep,2x2,tf_legacy,10002,11.90000057220459,0.01,188.09996223449707,overwrite,,,
size_sweep,2x2,tf_legacy,10003,197.14999389648438,0.985,2.8500022888183594,overwrite,,,
size_sweep,2x2,tf_legacy,10004,191.4499969482422,0.955,8.550006866455078,overwrite,,,
size_sweep,2x2,tf_legacy,10005,69.85000610351562,0.315,130.15010452270508,overwrite,,,
size_sweep,2x2,tf_legacy,10006,173.39999389648438,0.86,26.599994659423828,overwrite,,,
size_sweep,2x2,tf_legacy,10007,183.85000610351562,0.915,16.149996757507324,overwrite,,,
size_sweep,2x2,tf_legacy,10008,10.000001907348633,0.0,190.00001335144043,overwrite,,,
size_sweep,2x2,tf_legacy,10009,43.24999237060547,0.175,156.75012588500977,overwrite,,,
size_sweep,2x2,tf_legacy,10010,58.450008392333984,0.255,141.54997158050537,overwrite,,,
size_sweep,2x2,tf_legacy,10011,167.70001220703125,0.83,32.29999351501465,overwrite,,,
size_sweep,2x2,tf_legacy,10012,81.25,0.375,118.75009536743164,overwrite,,,
size_sweep,2x2,tf_legacy,10013,10.000001907348633,0.0,190.00003147125244,overwrite,,,
size_sweep,2x2,tf_legacy,10014,137.30001831054688,0.67,62.69998741149902,overwrite,,,
size_sweep,2x2,tf_legacy,10015,28.049999237060547,0.095,171.94996547698975,overwrite,,,
size_sweep,2x2,tf_legacy,10016,198.10000610351562,0.99,1.8999996185302734,overwrite,,,
size_sweep,2x2,tf_legacy,10017,105.0,0.5,94.99998092651367,overwrite,,,
size_sweep,2x2,tf_legacy,10018,193.35000610351562,0.965,6.649998664855957,overwrite,,,
size_sweep,2x2,tf_legacy,10019,197.14999389648438,0.985,2.84999942779541,overwrite,,,
size_sweep,2x2,tf_legacy,10020,200.0,1.0,0.0,overwrite,,,
size_sweep,2x2,tf_legacy,10021,130.64999389648438,0.635,69.34998798370361,overwrite,,,
size_sweep,2x2,tf_legacy,10022,178.15000915527344,0.885,21.849995613098145,overwrite,,,
size_sweep,2x2,tf_legacy,10023,198.10000610351562,0.99,1.8999996185302734,overwrite,,,
size_sweep,2x2,tf_legacy,10024,120.20000457763672,0.58,79.80006408691406,overwrite,,,
size_sweep,2x2,tf_legacy,10025,94.55000305175781,0.445,105.44997882843018,overwrite,,,
size_sweep,2x2,tf_legacy,10026,197.14999389648438,0.985,2.84999942779541,overwrite,,,
size_sweep,2x2,tf_legacy,10027,196.1999969482422,0.98,3.799999237060547,overwrite,,,
size_sweep,2x2,tf_legacy,10028,191.4499969482422,0.955,8.550006866455078,overwrite,,,
size_sweep,2x2,tf_legacy,10029,117.35000610351562,0.565,82.6499834060669,overwrite,,,
size_sweep,2x2,tf_legacy,10030,24.25,0.075,175.7499647140503,overwrite,,,
size_sweep,2x2,tf_legacy,10031,127.80000305175781,0.62,72.19998550415039,overwrite,,,
size_sweep,2x2,tf_legacy,10032,10.000001907348633,0.0,190.00015258789062,overwrite,,,
size_sweep,2x2,tf_legacy,10033,123.05000305175781,0.595,76.94999122619629,overwrite,,,
size_sweep,2x2,tf_legacy,10034,181.0,0.9,18.999996185302734,overwrite,,,
size_sweep,2x2,tf_legacy,10035,196.1999969482422,0.98,3.8000030517578125,overwrite,,,
size_sweep,2x2,tf_legacy,10036,196.1999969482422,0.98,3.799999237060547,overwrite,,,
size_sweep,2x2,tf_legacy,10037,197.14999389648438,0.985,2.849996566772461,overwrite,,,
size_sweep,2x2,tf_legacy,10038,143.95001220703125,0.705,56.050045013427734,overwrite,,,
size_sweep,2x2,tf_legacy,10039,108.80000305175781,0.52,91.2000675201416,overwrite,,,
size_sweep,2x2,tf_legacy,10040,110.70001220703125,0.53,89.29993438720703,overwrite,,,
size_sweep,2x2,tf_legacy,10041,65.10000610351562,0.29,134.90010833740234,overwrite,,,
size_sweep,2x2,tf_legacy,10042,67.94999694824219,0.305,132.049973487854,overwrite,,,
size_sweep,2x2,tf_legacy,10043,18.549999237060547,0.045,181.4499635696411,overwrite,,,
size_sweep,2x2,tf_legacy,10044,32.80000305175781,0.12,167.19996643066406,overwrite,,,
size_sweep,2x2,tf_legacy,10045,142.0500030517578,0.695,57.94998836517334,overwrite,,,
size_sweep,2x2,tf_legacy,10046,10.000001907348633,0.0,189.99996185302734,overwrite,,,
size_sweep,2x2,tf_legacy,10047,79.35000610351562,0.365,120.64997577667236,overwrite,,,
size_sweep,2x2,tf_legacy,10048,10.000001907348633,0.0,189.99996185302734,overwrite,,,
size_sweep,2x2,tf_self,9999,10.000001907348633,0.0,189.99996185302734,overwrite,,,
size_sweep,2x2,tf_self,10000,172.45001220703125,0.855,27.549994468688965,overwrite,,,
size_sweep,2x2,tf_self,10001,122.10000610351562,0.59,77.89998435974121,overwrite,,,
size_sweep,2x2,tf_self,10002,11.90000057220459,0.01,188.09996223449707,overwrite,,,
size_sweep,2x2,tf_self,10003,105.95000457763672,0.505,94.05007553100586,overwrite,,,
size_sweep,2x2,tf_self,10004,10.000001907348633,0.0,190.00004768371582,overwrite,,,
size_sweep,2x2,tf_self,10005,69.85000610351562,0.315,130.15010452270508,overwrite,,,
size_sweep,2x2,tf_self,10006,200.0,1.0,0.0,overwrite,,,
size_sweep,2x2,tf_self,10007,200.0,1.0,0.0,overwrite,,,
size_sweep,2x2,tf_self,10008,10.000001907348633,0.0,190.00001335144043,overwrite,,,
size_sweep,2x2,tf_self,10009,200.0,1.0,0.0,overwrite,,,
size_sweep,2x2,tf_self,10010,200.0,1.0,0.0,overwrite,,,
size_sweep,2x2,tf_self,10011,151.55001831054688,0.745,48.44999027252197,overwrite,,,
size_sweep,2x2,tf_self,10012,200.0,1.0,0.0,overwrite,,,
size_sweep,2x2,tf_self,10013,10.000001907348633,0.0,190.00003147125244,overwrite,,,
size_sweep,2x2,tf_self,10014,70.80000305175781,0.32,129.1999740600586,overwrite,,,
size_sweep,2x2,tf_self,10015,200.0,1.0,0.0,overwrite,,,
size_sweep,2x2,tf_self,10016,198.10000610351562,0.99,1.8999996185302734,overwrite,,,
size_sweep,2x2,tf_self,10017,200.0,1.0,0.0,overwrite,,,
size_sweep,2x2,tf_self,10018,108.80000305175781,0.52,91.19998168945312,overwrite,,,
size_sweep,2x2,tf_self,10019,114.50000762939453,0.55,85.4999828338623,overwrite,,,
size_sweep,2x2,tf_self,10020,200.0,1.0,0.0,overwrite,,,
size_sweep,2x2,tf_self,10021,98.35000610351562,0.465,101.65008163452148,overwrite,,,
size_sweep,2x2,tf_self,10022,178.15000915527344,0.885,21.849995613098145,overwrite,,,
size_sweep,2x2,tf_self,10023,89.80000305175781,0.42,110.19997787475586,overwrite,,,
size_sweep,2x2,tf_self,10024,200.0,1.0,0.0,overwrite,,,
size_sweep,2x2,tf_self,10025,62.25,0.275,137.74997234344482,overwrite,,,
size_sweep,2x2,tf_self,10026,92.65000915527344,0.435,107.34997844696045,overwrite,,,
size_sweep,2x2,tf_self,10027,97.40000915527344,0.46,102.59997940063477,overwrite,,,
size_sweep,2x2,tf_self,10028,48.94999694824219,0.205,151.05012130737305,overwrite,,,
size_sweep,2x2,tf_self,10029,52.749996185302734,0.225,147.2499704360962,overwrite,,,
size_sweep,2x2,tf_self,10030,117.3499984741211,0.565,82.6499834060669,overwrite,,,
size_sweep,2x2,tf_self,10031,171.5,0.85,28.4999942779541,overwrite,,,
size_sweep,2x2,tf_self,10032,10.000001907348633,0.0,190.00015258789062,overwrite,,,
size_sweep,2x2,tf_self,10033,114.50000762939453,0.55,85.50006866455078,overwrite,,,
size_sweep,2x2,tf_self,10034,10.000001907348633,0.0,189.99996185302734,overwrite,,,
size_sweep,2x2,tf_self,10035,25.199996948242188,0.08,174.80014038085938,overwrite,,,
size_sweep,2x2,tf_self,10036,96.45000457763672,0.455,103.5499792098999,overwrite,,,
size_sweep,2x2,tf_self,10037,159.14999389648438,0.785,40.84995079040527,overwrite,,,
size_sweep,2x2,tf_self,10038,200.0,1.0,0.0,overwrite,,,
size_sweep,2x2,tf_self,10039,10.000001907348633,0.0,190.00005912780762,overwrite,,,
size_sweep,2x2,tf_self,10040,24.25,0.075,175.74996376037598,overwrite,,,
size_sweep,2x2,tf_self,10041,128.75,0.625,71.25005722045898,overwrite,,,
size_sweep,2x2,tf_self,10042,115.45001220703125,0.555,84.54998302459717,overwrite,,,
size_sweep,2x2,tf_self,10043,99.30000305175781,0.47,100.69997978210449,overwrite,,,
size_sweep,2x2,tf_self,10044,132.5500030517578,0.645,67.4499864578247,overwrite,,,
size_sweep,2x2,tf_self,10045,200.0,1.0,0.0,overwrite,,,
size_sweep,2x2,tf_self,10046,10.000001907348633,0.0,189.99996185302734,overwrite,,,
size_sweep,2x2,tf_self,10047,79.35000610351562,0.365,120.64997577667236,overwrite,,,
size_sweep,2x2,tf_self,10048,10.000001907348633,0.0,189.99996185302734,overwrite,,,
size_sweep,2x2,optimal,9999,200.0,1.0,0.0,overwrite,,,
size_sweep,2x2,optimal,10000,200.0,1.0,0.0,overwrite,,,
size_sweep,2x2,optimal,10001,200.0,1.0,0.0,overwrite,,,
size_sweep,2x2,optimal,10002,200.0,1.0,0.0,overwrite,,,
size_sweep,2x2,optimal,10003,200.0,1.0,0.0,overwrite,,,
size_sweep,2x2,optimal,10004,200.0,1.0,0.0,overwrite,,,
size_sweep,2x2,optimal,10005,200.0,1.0,0.0,overwrite,,,
size_sweep,2x2,optimal,10006,200.0,1.0,0.0,overwrite,,,
size_sweep,2x2,optimal,10007,200.0,1.0,0.0,overwrite,,,
size_sweep,2x2,optimal,10008,200.0,1.0,0.0,overwrite,,,
size_sweep,2x2,optimal,10009,200.0,1.0,0.0,overwrite,,,
size_sweep,2x2,optimal,10010,200.0,1.0,0.0,overwrite,,,
size_sweep,2x2,optimal,10011,200.0,1.0,0.0,overwrite,,,
size_sweep,2x2,optimal,10012,200.0,1.0,0.0,overwrite,,,
size_sweep,2x2,optimal,10013,200.0,1.0,0.0,overwrite,,,
size_sweep,2x2,optimal,10014,200.0,1.0,0.0,overwrite,,,
size_sweep,2x2,optimal,10015,200.0,1.0,0.0,overwrite,,,
size_sweep,2x2,optimal,10016,200.0,1.0,0.0,overwrite,,,
size_sweep,2x2,optimal,10017,200.0,1.0,0.0,overwrite,,,
size_sweep,2x2,optimal,10018,200.0,1.0,0.0,overwrite,,,
size_sweep,2x2,optimal,10019,200.0,1.0,0.0,overwrite,,,
size_sweep,2x2,optimal,10020,200.0,1.0,0.0,overwrite,,,
size_sweep,2x2,optimal,10021,200.0,1.0,0.0,overwrite,,,
size_sweep,2x2,optimal,10022,200.0,1.0,0.0,overwrite,,,
size_sweep,2x2,optimal,10023,200.0,1.0,0.0,overwrite,,,
size_sweep,2x2,optimal,10024,200.0,1.0,0.0,overwrite,,,
size_sweep,2x2,optimal,10025,200.0,1.0,0.0,overwrite,,,
size_sweep,2x2,optimal,10026,200.0,1.0,0.0,overwrite,,,
size_sweep,2x2,optimal,10027,200.0,1.0,0.0,overwrite,,,
size_sweep,2x2,optimal,10028,200.0,1.0,0.0,overwrite,,,
size_sweep,2x2,optimal,10029,200.0,1.0,0.0,overwrite,,,
size_sweep,2x2,optimal,10030,200.0,1.0,0.0,overwrite,,,
size_sweep,2x2,optimal,10031,200.0,1.0,0.0,overwrite,,,
size_sweep,2x2,optimal,10032,200.0,1.0,0.0,overwrite,,,
size_sweep,2x2,optimal,10033,200.0,1.0,0.0,overwrite,,,
size_sweep,2x2,optimal,10034,200.0,1.0,0.0,overwrite,,,
size_sweep,2x2,optimal,10035,200.0,1.0,0.0,overwrite,,,
size_sweep,2x2,optimal,10036,200.0,1.0,0.0,overwrite,,,
size_sweep,2x2,optimal,10037,200.0,1.0,0.0,overwrite,,,
size_sweep,2x2,optimal,10038,200.0,1.0,0.0,overwrite,,,
size_sweep,2x2,optimal,10039,200.0,1.0,0.0,overwrite,,,
size_sweep,2x2,optimal,10040,200.0,1.0,0.0,overwrite,,,
size_sweep,2x2,optimal,10041,200.0,1.0,0.0,overwrite,,,
size_sweep,2x2,optimal,10042,200.0,1.0,0.0,overwrite,,,
size_sweep,2x2,optimal,10043,200.0,1.0,0.0,overwrite,,,
size_sweep,2x2,optimal,10044,200.0,1.0,0.0,overwrite,,,
size_sweep,2x2,optimal,10045,200.0,1.0,0.0,overwrite,,,
size_sweep,2x2,optimal,10046,200.0,1.0,0.0,overwrite,,,
size_sweep,2x2,optimal,10047,200.0,1.0,0.0,overwrite,,,
size_sweep,2x2,optimal,10048,200.0,1.0,0.0,overwrite,,,
size_sweep,2x2,random,9999,110.70001220703125,0.53,89.29998207092285,overwrite,,,
size_sweep,2x2,random,10000,95.50000762939453,0.45,104.49997901916504,overwrite,,,
size_sweep,2x2,random,10001,100.25,0.475,99.75001811981201,overwrite,,,
size_sweep,2x2,random,10002,105.95000457763672,0.505,94.04998111724854,overwrite,,,
size_sweep,2x2,random,10003,102.15000915527344,0.485,97.85007858276367,overwrite,,,
size_sweep,2x2,random,10004,106.90000915527344,0.51,93.10001373291016,overwrite,,,
size_sweep,2x2,random,10005,108.80000305175781,0.52,91.2000732421875,overwrite,,,
size_sweep,2x2,random,10006,94.55000305175781,0.445,105.44997882843018,overwrite,,,
size_sweep,2x2,random,10007,107.85000610351562,0.515,92.14998149871826,overwrite,,,
size_sweep,2x2,random,10008,99.30001068115234,0.47,100.70001697540283,overwrite,,,
size_sweep,2x2,random,10009,105.95001220703125,0.505,94.05004215240479,overwrite,,,
size_sweep,2x2,random,10010,99.30000305175781,0.47,100.69997978210449,overwrite,,,
size_sweep,2x2,random,10011,92.65000915527344,0.435,107.34997844696045,overwrite,,,
size_sweep,2x2,random,10012,94.55000305175781,0.445,105.45002174377441,overwrite,,,
size_sweep,2x2,random,10013,98.35000610351562,0.465,101.6500186920166,overwrite,,,
size_sweep,2x2,random,10014,105.00000762939453,0.5,94.99998092651367,overwrite,,,
size_sweep,2x2,random,10015,106.9000015258789,0.51,93.0999813079834,overwrite,,,
size_sweep,2x2,random,10016,97.4000015258789,0.46,102.59997940063477,overwrite,,,
size_sweep,2x2,random,10017,101.20000457763672,0.48,98.79998016357422,overwrite,,,
size_sweep,2x2,random,10018,96.45000457763672,0.455,103.5499792098999,overwrite,,,
size_sweep,2x2,random,10019,110.69999694824219,0.53,89.29998207092285,overwrite,,,
size_sweep,2x2,random,10020,114.50000762939453,0.55,85.50000381469727,overwrite,,,
size_sweep,2x2,random,10021,100.25001525878906,0.475,99.75002098083496,overwrite,,,
size_sweep,2x2,random,10022,96.45000457763672,0.455,103.5499792098999,overwrite,,,
size_sweep,2x2,random,10023,93.60000610351562,0.44,106.39997863769531,overwrite,,,
size_sweep,2x2,random,10024,107.85000610351562,0.515,92.15002727508545,overwrite,,,
size_sweep,2x2,random,10025,104.05000305175781,0.495,95.94998073577881,overwrite,,,
size_sweep,2x2,random,10026,105.0,0.5,94.99998092651367,overwrite,,,
size_sweep,2x2,random,10027,105.95000457763672,0.505,94.05001831054688,overwrite,,,
size_sweep,2x2,random,10028,112.60000610351562,0.54,87.4000654220581,overwrite,,,
size_sweep,2x2,random,10029,98.35000610351562,0.465,101.64997959136963,overwrite,,,
size_sweep,2x2,random,10030,109.75000762939453,0.525,90.24998188018799,overwrite,,,
size_sweep,2x2,random,10031,103.10000610351562,0.49,96.89998054504395,overwrite,,,
size_sweep,2x2,random,10032,101.20000457763672,0.48,98.80007934570312,overwrite,,,
size_sweep,2x2,random,10033,100.25,0.475,99.75003337860107,overwrite,,,
size_sweep,2x2,random,10034,113.55000305175781,0.545,86.44998264312744,overwrite,,,
size_sweep,2x2,random,10035,106.9000015258789,0.51,93.1000747680664,overwrite,,,
size_sweep,2x2,random,10036,117.35000610351562,0.565,82.6499834060669,overwrite,,,
size_sweep,2x2,random,10037,116.40000915527344,0.56,83.59997081756592,overwrite,,,
size_sweep,2x2,random,10038,105.95000457763672,0.505,94.05007553100586,overwrite,,,
size_sweep,2x2,random,10039,104.05000305175781,0.495,95.95003604888916,overwrite,,,
size_sweep,2x2,random,10040,106.90000915527344,0.51,93.09995651245117,overwrite,,,
size_sweep,2x2,random,10041,109.75000762939453,0.525,90.25007247924805,overwrite,,,
size_sweep,2x2,random,10042,98.35000610351562,0.465,101.64997959136963,overwrite,,,
size_sweep,2x2,random,10043,105.95000457763672,0.505,94.04998111724854,overwrite,,,
size_sweep,2x2,random,10044,106.9000015258789,0.51,93.0999813079834,overwrite,,,
size_sweep,2x2,random,10045,114.50000762939453,0.55,85.4999828338623,overwrite,,,
size_sweep,2x2,random,10046,112.5999984741211,0.54,87.39998245239258,overwrite,,,
size_sweep,2x2,random,10047,84.10000610351562,0.39,115.89997673034668,overwrite,,,
size_sweep,2x2,random,10048,102.15000915527344,0.485,97.84998035430908,overwrite,,,
size_sweep_teacher_forced,2x2,tf,9999,,,,overwrite,1.0,0.66,0.66
size_sweep_teacher_forced,2x2,tf,10000,,,,overwrite,1.0,0.02,0.02
size_sweep_teacher_forced,2x2,tf,10001,,,,overwrite,1.0,0.32,0.32
size_sweep_teacher_forced,2x2,tf,10002,,,,overwrite,0.98,0.02,0.0
size_sweep_teacher_forced,2x2,tf,10003,,,,overwrite,0.98,0.42,0.44
size_sweep_teacher_forced,2x2,tf,10004,,,,overwrite,0.98,0.3,0.28
size_sweep_teacher_forced,2x2,tf,10005,,,,overwrite,1.0,1.0,1.0
size_sweep_teacher_forced,2x2,tf,10006,,,,overwrite,1.0,0.0,0.0
size_sweep_teacher_forced,2x2,tf,10007,,,,overwrite,0.98,0.34,0.32
size_sweep_teacher_forced,2x2,tf,10008,,,,overwrite,0.96,0.1,0.14
size_sweep_teacher_forced,2x2,tf,10009,,,,overwrite,0.98,0.0,0.02
size_sweep_teacher_forced,2x2,tf,10010,,,,overwrite,0.98,0.84,0.82
size_sweep_teacher_forced,2x2,tf,10011,,,,overwrite,0.96,0.06,0.06
size_sweep_teacher_forced,2x2,tf,10012,,,,overwrite,0.98,0.4,0.38
size_sweep_teacher_forced,2x2,tf,10013,,,,overwrite,1.0,0.62,0.62
size_sweep_teacher_forced,2x2,tf,10014,,,,overwrite,0.96,0.22,0.26
size_sweep_teacher_forced,2x2,tf,10015,,,,overwrite,0.98,0.02,0.0
size_sweep_teacher_forced,2x2,tf,10016,,,,overwrite,0.98,0.16,0.14
size_sweep_teacher_forced,2x2,tf,10017,,,,overwrite,0.98,0.96,0.98
size_sweep_teacher_forced,2x2,tf,10018,,,,overwrite,1.0,0.26,0.26
size_sweep_teacher_forced,2x2,tf,10019,,,,overwrite,0.98,0.98,0.96
size_sweep_teacher_forced,2x2,tf,10020,,,,overwrite,0.98,0.64,0.66
size_sweep_teacher_forced,2x2,tf,10021,,,,overwrite,1.0,0.98,0.98
size_sweep_teacher_forced,2x2,tf,10022,,,,overwrite,0.98,0.12,0.14
size_sweep_teacher_forced,2x2,tf,10023,,,,overwrite,0.96,0.7,0.74
size_sweep_teacher_forced,2x2,tf,10024,,,,overwrite,0.96,0.94,0.94
size_sweep_teacher_forced,2x2,tf,10025,,,,overwrite,0.98,0.26,0.28
size_sweep_teacher_forced,2x2,tf,10026,,,,overwrite,0.96,0.86,0.86
size_sweep_teacher_forced,2x2,tf,10027,,,,overwrite,0.98,0.04,0.06
size_sweep_teacher_forced,2x2,tf,10028,,,,overwrite,0.98,0.02,0.0
size_sweep_teacher_forced,2x2,tf,10029,,,,overwrite,0.96,0.14,0.14
size_sweep_teacher_forced,2x2,tf,10030,,,,overwrite,0.98,0.52,0.5
size_sweep_teacher_forced,2x2,tf,10031,,,,overwrite,1.0,0.16,0.16
size_sweep_teacher_forced,2x2,tf,10032,,,,overwrite,0.96,0.2,0.24
size_sweep_teacher_forced,2x2,tf,10033,,,,overwrite,1.0,0.48,0.48
size_sweep_teacher_forced,2x2,tf,10034,,,,overwrite,0.98,0.66,0.68
size_sweep_teacher_forced,2x2,tf,10035,,,,overwrite,1.0,0.0,0.0
size_sweep_teacher_forced,2x2,tf,10036,,,,overwrite,1.0,0.46,0.46
size_sweep_teacher_forced,2x2,tf,10037,,,,overwrite,0.98,0.7,0.68
size_sweep_teacher_forced,2x2,tf,10038,,,,overwrite,1.0,0.36,0.36
size_sweep_teacher_forced,2x2,tf,10039,,,,overwrite,1.0,0.48,0.48
size_sweep_teacher_forced,2x2,tf,10040,,,,overwrite,1.0,0.02,0.02
size_sweep_teacher_forced,2x2,tf,10041,,,,overwrite,0.98,0.98,1.0
size_sweep_teacher_forced,2x2,tf,10042,,,,overwrite,0.96,0.2,0.2
size_sweep_teacher_forced,2x2,tf,10043,,,,overwrite,1.0,0.5,0.5
size_sweep_teacher_forced,2x2,tf,10044,,,,overwrite,0.98,0.54,0.52
size_sweep_teacher_forced,2x2,tf,10045,,,,overwrite,0.98,0.18,0.16
size_sweep_teacher_forced,2x2,tf,10046,,,,overwrite,1.0,1.0,1.0
size_sweep_teacher_forced,2x2,tf,10047,,,,overwrite,1.0,0.6,0.6
size_sweep_teacher_forced,2x2,tf,10048,,,,overwrite,1.0,0.98,0.98
size_sweep,2x3,tf_legacy,9999,114.50000762939453,0.55,85.4999828338623,overwrite,,,
size_sweep,2x3,tf_legacy,10000,178.14999389648438,0.885,21.850017547607422,overwrite,,,
size_sweep,2x3,tf_legacy,10001,10.000001907348633,0.0,190.0001459121704,overwrite,,,
size_sweep,2x3,tf_legacy,10002,10.000001907348633,0.0,190.000150680542,overwrite,,,
size_sweep,2x3,tf_legacy,10003,10.000001907348633,0.0,190.00012302398682,overwrite,,,
size_sweep,2x3,tf_legacy,10004,136.35000610351562,0.665,63.64998722076416,overwrite,,,
size_sweep,2x3,tf_legacy,10005,26.14999771118164,0.085,173.84996509552002,overwrite,,,
size_sweep,2x3,tf_legacy,10006,10.000001907348633,0.0,190.00004482269287,overwrite,,,
size_sweep,2x3,tf_legacy,10007,10.000001907348633,0.0,189.99996185302734,overwrite,,,
size_sweep,2x3,tf_legacy,10008,200.0,1.0,0.0,overwrite,,,
size_sweep,2x3,tf_legacy,10009,195.25,0.975,4.749999046325684,overwrite,,,
size_sweep,2x3,tf_legacy,10010,36.599998474121094,0.14,163.39996719360352,overwrite,,,
size_sweep,2x3,tf_legacy,10011,10.000001907348633,0.0,190.0000867843628,overwrite,,,
size_sweep,2x3,tf_legacy,10012,109.75000762939453,0.525,90.24998188018799,overwrite,,,
size_sweep,2x3,tf_legacy,10013,10.000001907348633,0.0,189.99999046325684,overwrite,,,
size_sweep,2x3,tf_legacy,10014,136.35000610351562,0.665,63.64998722076416,overwrite,,,
size_sweep,2x3,tf_legacy,10015,23.299997329711914,0.07,176.69996452331543,overwrite,,,
size_sweep,2x3,tf_legacy,10016,198.10000610351562,0.99,1.8999996185302734,overwrite,,,
size_sweep,2x3,tf_legacy,10017,10.000001907348633,0.0,190.0000286102295,overwrite,,,
size_sweep,2x3,tf_legacy,10018,199.0500030517578,0.995,0.9500007629394531,overwrite,,,
size_sweep,2x3,tf_legacy,10019,67.95000457763672,0.305,132.0499382019043,overwrite,,,
size_sweep,2x3,tf_legacy,10020,10.000001907348633,0.0,189.99996185302734,overwrite,,,
size_sweep,2x3,tf_legacy,10021,128.75,0.625,71.24998569488525,overwrite,,,
size_sweep,2x3,tf_legacy,10022,70.80000305175781,0.32,129.20000553131104,overwrite,,,
size_sweep,2x3,tf_legacy,10023,101.20000457763672,0.48,98.79998016357422,overwrite,,,
size_sweep,2x3,tf_legacy,10024,54.64999771118164,0.235,145.35010528564453,overwrite,,,
size_sweep,2x3,tf_legacy,10025,121.1500015258789,0.585,78.84998416900635,overwrite,,,
size_sweep,2x3,tf_legacy,10026,10.000001907348633,0.0,189.99996185302734,overwrite,,,
size_sweep,2x3,tf_legacy,10027,194.3000030517578,0.97,5.700004577636719,overwrite,,,
size_sweep,2x3,tf_legacy,10028,22.349998474121094,0.065,177.65001106262207,overwrite,,,
size_sweep,2x3,tf_legacy,10029,162.0,0.8,38.000030517578125,overwrite,,,
size_sweep,2x3,tf_legacy,10030,27.10000228881836,0.09,172.90013885498047,overwrite,,,
size_sweep,2x3,tf_legacy,10031,10.000001907348633,0.0,190.00000762939453,overwrite,,,
size_sweep,2x3,tf_legacy,10032,179.10000610351562,0.89,20.899995803833008,overwrite,,,
size_sweep,2x3,tf_legacy,10033,31.85000228881836,0.115,168.14998722076416,overwrite,,,
size_sweep,2x3,tf_legacy,10034,76.5,0.35,123.4999885559082,overwrite,,,
size_sweep,2x3,tf_legacy,10035,160.10000610351562,0.79,39.89995193481445,overwrite,,,
size_sweep,2x3,tf_legacy,10036,105.95000457763672,0.505,94.05007553100586,overwrite,,,
size_sweep,2x3,tf_legacy,10037,161.05001831054688,0.795,38.949992179870605,overwrite,,,
size_sweep,2x3,tf_legacy,10038,77.44999694824219,0.355,122.54994773864746,overwrite,,,
size_sweep,2x3,tf_legacy,10039,200.0,1.0,0.0,overwrite,,,
size_sweep,2x3,tf_legacy,10040,28.999996185302734,0.1,170.9999656677246,overwrite,,,
size_sweep,2x3,tf_legacy,10041,173.39999389648438,0.86,26.59997844696045,overwrite,,,
size_sweep,2x3,tf_legacy,10042,14.75,0.025,185.25014877319336,overwrite,,,
size_sweep,2x3,tf_legacy,10043,196.1999969482422,0.98,3.8000030517578125,overwrite,,,
size_sweep,2x3,tf_legacy,10044,19.499998092651367,0.05,180.50003337860107,overwrite,,,
size_sweep,2x3,tf_legacy,10045,10.000001907348633,0.0,189.99995708465576,overwrite,,,
size_sweep,2x3,tf_legacy,10046,27.09999656677246,0.09,172.89999294281006,overwrite,,,
size_sweep,2x3,tf_legacy,10047,116.40000915527344,0.56,83.60006713867188,overwrite,,,
size_sweep,2x3,tf_legacy,10048,40.400001525878906,0.16,159.60007286071777,overwrite,,,
size_sweep,2x3,tf_self,9999,164.85000610351562,0.815,35.14999294281006,overwrite,,,
size_sweep,2x3,tf_self,10000,27.099998474121094,0.09,172.90013885498047,overwrite,,,
size_sweep,2x3,tf_self,10001,10.000001907348633,0.0,190.0001459121704,overwrite,,,
size_sweep,2x3,tf_self,10002,10.000001907348633,0.0,190.000150680542,overwrite,,,
size_sweep,2x3,tf_self,10003,10.000001907348633,0.0,190.00015258789062,overwrite,,,
size_sweep,2x3,tf_self,10004,43.24999237060547,0.175,156.74996852874756,overwrite,,,
size_sweep,2x3,tf_self,10005,26.14999771118164,0.085,173.84996509552002,overwrite,,,
size_sweep,2x3,tf_self,10006,10.000001907348633,0.0,190.00004482269287,overwrite,,,
size_sweep,2x3,tf_self,10007,10.000001907348633,0.0,189.99996185302734,overwrite,,,
size_sweep,2x3,tf_self,10008,200.0,1.0,0.0,overwrite,,,
size_sweep,2x3,tf_self,10009,84.0999984741211,0.39,115.89997673034668,overwrite,,,
size_sweep,2x3,tf_self,10010,25.199996948242188,0.08,174.79996490478516,overwrite,,,
size_sweep,2x3,tf_self,10011,10.000001907348633,0.0,190.0000867843628,overwrite,,,
size_sweep,2x3,tf_self,10012,10.000001907348633,0.0,189.99996185302734,overwrite,,,
size_sweep,2x3,tf_self,10013,10.000001907348633,0.0,189.99999046325684,overwrite,,,
size_sweep,2x3,tf_self,10014,58.44999694824219,0.255,141.54997158050537,overwrite,,,
size_sweep,2x3,tf_self,10015,97.4000015258789,0.46,102.59997940063477,overwrite,,,
size_sweep,2x3,tf_self,10016,198.10000610351562,0.99,1.8999996185302734,overwrite,,,
size_sweep,2x3,tf_self,10017,10.000001907348633,0.0,190.00001525878906,overwrite,,,
size_sweep,2x3,tf_self,10018,187.64999389648438,0.935,12.35000991821289,overwrite,,,
size_sweep,2x3,tf_self,10019,73.65000915527344,0.335,126.3498477935791,overwrite,,,
size_sweep,2x3,tf_self,10020,10.000001907348633,0.0,189.99996185302734,overwrite,,,
size_sweep,2x3,tf_self,10021,128.75,0.625,71.24998569488525,overwrite,,,
size_sweep,2x3,tf_self,10022,10.000001907348633,0.0,189.99996185302734,overwrite,,,
size_sweep,2x3,tf_self,10023,69.85000610351562,0.315,130.14997386932373,overwrite,,,
size_sweep,2x3,tf_self,10024,10.000001907348633,0.0,190.00005435943604,overwrite,,,
size_sweep,2x3,tf_self,10025,10.000001907348633,0.0,189.99996185302734,overwrite,,,
size_sweep,2x3,tf_self,10026,10.000001907348633,0.0,189.99996185302734,overwrite,,,
size_sweep,2x3,tf_self,10027,200.0,1.0,0.0,overwrite,,,
size_sweep,2x3,tf_self,10028,105.0,0.5,95.00007629394531,overwrite,,,
size_sweep,2x3,tf_self,10029,162.0,0.8,38.000030517578125,overwrite,,,
size_sweep,2x3,tf_self,10030,157.25,0.775,42.75003433227539,overwrite,,,
size_sweep,2x3,tf_self,10031,10.000001907348633,0.0,190.00000762939453,overwrite,,,
size_sweep,2x3,tf_self,10032,166.75,0.825,33.249993324279785,overwrite,,,
size_sweep,2x3,tf_self,10033,91.70000457763672,0.43,108.30008697509766,overwrite,,,
size_sweep,2x3,tf_self,10034,10.000001907348633,0.0,190.00008869171143,overwrite,,,
size_sweep,2x3,tf_self,10035,10.000001907348633,0.0,189.9999294281006,overwrite,,,
size_sweep,2x3,tf_self,10036,87.9000015258789,0.41,112.10009002685547,overwrite,,,
size_sweep,2x3,tf_self,10037,108.80000305175781,0.52,91.19998168945312,overwrite,,,
size_sweep,2x3,tf_self,10038,10.000001907348633,0.0,189.999906539917,overwrite,,,
size_sweep,2x3,tf_self,10039,200.0,1.0,0.0,overwrite,,,
size_sweep,2x3,tf_self,10040,200.0,1.0,0.0,overwrite,,,
size_sweep,2x3,tf_self,10041,10.000001907348633,0.0,189.99992656707764,overwrite,,,
size_sweep,2x3,tf_self,10042,10.000001907348633,0.0,190.00015258789062,overwrite,,,
size_sweep,2x3,tf_self,10043,110.69999694824219,0.53,89.3000717163086,overwrite,,,
size_sweep,2x3,tf_self,10044,107.85000610351562,0.515,92.15007400512695,overwrite,,,
size_sweep,2x3,tf_self,10045,10.000001907348633,0.0,189.99995708465576,overwrite,,,
size_sweep,2x3,tf_self,10046,10.000001907348633,0.0,190.00015258789062,overwrite,,,
size_sweep,2x3,tf_self,10047,10.000001907348633,0.0,190.00015258789062,overwrite,,,
size_sweep,2x3,tf_self,10048,44.19999694824219,0.18,155.79996871948242,overwrite,,,
size_sweep,2x3,optimal,9999,200.0,1.0,0.0,overwrite,,,
size_sweep,2x3,optimal,10000,200.0,1.0,0.0,overwrite,,,
size_sweep,2x3,optimal,10001,200.0,1.0,0.0,overwrite,,,
size_sweep,2x3,optimal,10002,200.0,1.0,0.0,overwrite,,,
size_sweep,2x3,optimal,10003,200.0,1.0,0.0,overwrite,,,
size_sweep,2x3,optimal,10004,200.0,1.0,0.0,overwrite,,,
size_sweep,2x3,optimal,10005,200.0,1.0,0.0,overwrite,,,
size_sweep,2x3,optimal,10006,200.0,1.0,0.0,overwrite,,,
size_sweep,2x3,optimal,10007,200.0,1.0,0.0,overwrite,,,
size_sweep,2x3,optimal,10008,200.0,1.0,0.0,overwrite,,,
size_sweep,2x3,optimal,10009,200.0,1.0,0.0,overwrite,,,
size_sweep,2x3,optimal,10010,200.0,1.0,0.0,overwrite,,,
size_sweep,2x3,optimal,10011,200.0,1.0,0.0,overwrite,,,
size_sweep,2x3,optimal,10012,200.0,1.0,0.0,overwrite,,,
size_sweep,2x3,optimal,10013,200.0,1.0,0.0,overwrite,,,
size_sweep,2x3,optimal,10014,200.0,1.0,0.0,overwrite,,,
size_sweep,2x3,optimal,10015,200.0,1.0,0.0,overwrite,,,
size_sweep,2x3,optimal,10016,200.0,1.0,0.0,overwrite,,,
size_sweep,2x3,optimal,10017,200.0,1.0,0.0,overwrite,,,
size_sweep,2x3,optimal,10018,200.0,1.0,0.0,overwrite,,,
size_sweep,2x3,optimal,10019,200.0,1.0,0.0,overwrite,,,
size_sweep,2x3,optimal,10020,200.0,1.0,0.0,overwrite,,,
size_sweep,2x3,optimal,10021,200.0,1.0,0.0,overwrite,,,
size_sweep,2x3,optimal,10022,200.0,1.0,0.0,overwrite,,,
size_sweep,2x3,optimal,10023,200.0,1.0,0.0,overwrite,,,
size_sweep,2x3,optimal,10024,200.0,1.0,0.0,overwrite,,,
size_sweep,2x3,optimal,10025,200.0,1.0,0.0,overwrite,,,
size_sweep,2x3,optimal,10026,200.0,1.0,0.0,overwrite,,,
size_sweep,2x3,optimal,10027,200.0,1.0,0.0,overwrite,,,
size_sweep,2x3,optimal,10028,200.0,1.0,0.0,overwrite,,,
size_sweep,2x3,optimal,10029,200.0,1.0,0.0,overwrite,,,
size_sweep,2x3,optimal,10030,200.0,1.0,0.0,overwrite,,,
size_sweep,2x3,optimal,10031,200.0,1.0,0.0,overwrite,,,
size_sweep,2x3,optimal,10032,200.0,1.0,0.0,overwrite,,,
size_sweep,2x3,optimal,10033,200.0,1.0,0.0,overwrite,,,
size_sweep,2x3,optimal,10034,200.0,1.0,0.0,overwrite,,,
size_sweep,2x3,optimal,10035,200.0,1.0,0.0,overwrite,,,
size_sweep,2x3,optimal,10036,200.0,1.0,0.0,overwrite,,,
size_sweep,2x3,optimal,10037,200.0,1.0,0.0,overwrite,,,
size_sweep,2x3,optimal,10038,200.0,1.0,0.0,overwrite,,,
size_sweep,2x3,optimal,10039,200.0,1.0,0.0,overwrite,,,
size_sweep,2x3,optimal,10040,200.0,1.0,0.0,overwrite,,,
size_sweep,2x3,optimal,10041,200.0,1.0,0.0,overwrite,,,
size_sweep,2x3,optimal,10042,200.0,1.0,0.0,overwrite,,,
size_sweep,2x3,optimal,10043,200.0,1.0,0.0,overwrite,,,
size_sweep,2x3,optimal,10044,200.0,1.0,0.0,overwrite,,,
size_sweep,2x3,optimal,10045,200.0,1.0,0.0,overwrite,,,
size_sweep,2x3,optimal,10046,200.0,1.0,0.0,overwrite,,,
size_sweep,2x3,optimal,10047,200.0,1.0,0.0,overwrite,,,
size_sweep,2x3,optimal,10048,200.0,1.0,0.0,overwrite,,,
size_sweep,2x3,random,9999,78.39999389648438,0.36,121.5999755859375,overwrite,,,
size_sweep,2x3,random,10000,78.4000015258789,0.36,121.6000509262085,overwrite,,,
size_sweep,2x3,random,10001,70.79999542236328,0.32,129.20006847381592,overwrite,,,
size_sweep,2x3,random,10002,62.25,0.275,137.750018119812,overwrite,,,
size_sweep,2x3,random,10003,81.25,0.375,118.75007629394531,overwrite,,,
size_sweep,2x3,random,10004,76.5,0.35,123.49997520446777,overwrite,,,
size_sweep,2x3,random,10005,74.5999984741211,0.34,125.39993953704834,overwrite,,,
size_sweep,2x3,random,10006,80.30000305175781,0.37,119.7000093460083,overwrite,,,
size_sweep,2x3,random,10007,64.1500015258789,0.285,135.84997272491455,overwrite,,,
size_sweep,2x3,random,10008,78.40000915527344,0.36,121.60003089904785,overwrite,,,
size_sweep,2x3,random,10009,81.25,0.375,118.74995136260986,overwrite,,,
size_sweep,2x3,random,10010,68.89999389648438,0.31,131.09997940063477,overwrite,,,
size_sweep,2x3,random,10011,63.20000076293945,0.28,136.80006408691406,overwrite,,,
size_sweep,2x3,random,10012,69.8499984741211,0.315,130.14997386932373,overwrite,,,
size_sweep,2x3,random,10013,68.89999389648438,0.31,131.10003089904785,overwrite,,,
size_sweep,2x3,random,10014,79.35000610351562,0.365,120.64997577667236,overwrite,,,
size_sweep,2x3,random,10015,66.05000305175781,0.295,133.94997310638428,overwrite,,,
size_sweep,2x3,random,10016,79.35000610351562,0.365,120.64997577667236,overwrite,,,
size_sweep,2x3,random,10017,67.0,0.3,133.00002765655518,overwrite,,,
size_sweep,2x3,random,10018,79.35000610351562,0.365,120.64999866485596,overwrite,,,
size_sweep,2x3,random,10019,73.6500015258789,0.335,126.34998512268066,overwrite,,,
size_sweep,2x3,random,10020,77.44999694824219,0.355,122.54997539520264,overwrite,,,
size_sweep,2x3,random,10021,80.30000305175781,0.37,119.69997596740723,overwrite,,,
size_sweep,2x3,random,10022,72.69999694824219,0.33,127.29998588562012,overwrite,,,
size_sweep,2x3,random,10023,67.0,0.3,132.99997329711914,overwrite,,,
size_sweep,2x3,random,10024,68.9000015258789,0.31,131.1000452041626,overwrite,,,
size_sweep,2x3,random,10025,65.10000610351562,0.29,134.8999729156494,overwrite,,,
size_sweep,2x3,random,10026,64.1500015258789,0.285,135.84997272491455,overwrite,,,
size_sweep,2x3,random,10027,67.94999694824219,0.305,132.0500783920288,overwrite,,,
size_sweep,2x3,random,10028,67.0,0.3,133.00000667572021,overwrite,,,
size_sweep,2x3,random,10029,65.0999984741211,0.29,134.89997100830078,overwrite,,,
size_sweep,2x3,random,10030,77.44999694824219,0.355,122.55009841918945,overwrite,,,
size_sweep,2x3,random,10031,68.89999389648438,0.31,131.10002613067627,overwrite,,,
size_sweep,2x3,random,10032,67.94999694824219,0.305,132.049973487854,overwrite,,,
size_sweep,2x3,random,10033,79.3499984741211,0.365,120.65003681182861,overwrite,,,
size_sweep,2x3,random,10034,59.400001525878906,0.26,140.60005378723145,overwrite,,,
size_sweep,2x3,random,10035,71.75,0.325,128.24995040893555,overwrite,,,
size_sweep,2x3,random,10036,80.30000305175781,0.37,119.70003414154053,overwrite,,,
size_sweep,2x3,random,10037,79.35000610351562,0.365,120.64997577667236,overwrite,,,
size_sweep,2x3,random,10038,63.20000076293945,0.28,136.79989910125732,overwrite,,,
size_sweep,2x3,random,10039,74.60000610351562,0.34,125.40003490447998,overwrite,,,
size_sweep,2x3,random,10040,66.05000305175781,0.295,133.95000076293945,overwrite,,,
size_sweep,2x3,random,10041,68.89999389648438,0.31,131.09994220733643,overwrite,,,
size_sweep,2x3,random,10042,85.05000305175781,0.395,114.95009231567383,overwrite,,,
size_sweep,2x3,random,10043,70.79999542236328,0.32,129.20004749298096,overwrite,,,
size_sweep,2x3,random,10044,70.80000305175781,0.32,129.20004177093506,overwrite,,,
size_sweep,2x3,random,10045,76.5,0.35,123.49997997283936,overwrite,,,
size_sweep,2x3,random,10046,71.75,0.325,128.2500352859497,overwrite,,,
size_sweep,2x3,random,10047,62.249996185302734,0.275,137.75007247924805,overwrite,,,
size_sweep,2x3,random,10048,71.75,0.325,128.25004768371582,overwrite,,,
size_sweep_teacher_forced,2x3,tf,9999,,,,overwrite,0.98,0.32,0.34
size_sweep_teacher_forced,2x3,tf,10000,,,,overwrite,0.98,0.48,0.5
size_sweep_teacher_forced,2x3,tf,10001,,,,overwrite,0.96,0.28,0.28
size_sweep_teacher_forced,2x3,tf,10002,,,,overwrite,0.98,0.96,0.98
size_sweep_teacher_forced,2x3,tf,10003,,,,overwrite,0.98,0.56,0.56
size_sweep_teacher_forced,2x3,tf,10004,,,,overwrite,0.98,0.02,0.0
size_sweep_teacher_forced,2x3,tf,10005,,,,overwrite,0.98,0.14,0.16
size_sweep_teacher_forced,2x3,tf,10006,,,,overwrite,1.0,0.0,0.0
size_sweep_teacher_forced,2x3,tf,10007,,,,overwrite,0.98,0.0,0.02
size_sweep_teacher_forced,2x3,tf,10008,,,,overwrite,0.98,0.08,0.08
size_sweep_teacher_forced,2x3,tf,10009,,,,overwrite,0.96,0.2,0.24
size_sweep_teacher_forced,2x3,tf,10010,,,,overwrite,0.98,0.82,0.8
size_sweep_teacher_forced,2x3,tf,10011,,,,overwrite,0.98,0.52,0.5
size_sweep_teacher_forced,2x3,tf,10012,,,,overwrite,0.98,0.02,0.0
size_sweep_teacher_forced,2x3,tf,10013,,,,overwrite,1.0,0.0,0.0
size_sweep_teacher_forced,2x3,tf,10014,,,,overwrite,0.98,0.18,0.18
size_sweep_teacher_forced,2x3,tf,10015,,,,overwrite,0.98,0.7,0.7
size_sweep_teacher_forced,2x3,tf,10016,,,,overwrite,1.0,0.02,0.02
size_sweep_teacher_forced,2x3,tf,10017,,,,overwrite,1.0,0.78,0.78
size_sweep_teacher_forced,2x3,tf,10018,,,,overwrite,0.98,0.0,0.02
size_sweep_teacher_forced,2x3,tf,10019,,,,overwrite,0.98,0.1,0.08
size_sweep_teacher_forced,2x3,tf,10020,,,,overwrite,1.0,0.52,0.52
size_sweep_teacher_forced,2x3,tf,10021,,,,overwrite,0.98,0.98,0.98
size_sweep_teacher_forced,2x3,tf,10022,,,,overwrite,0.98,0.12,0.14
size_sweep_teacher_forced,2x3,tf,10023,,,,overwrite,0.98,0.44,0.42
size_sweep_teacher_forced,2x3,tf,10024,,,,overwrite,0.98,0.4,0.42
size_sweep_teacher_forced,2x3,tf,10025,,,,overwrite,0.98,0.86,0.88
size_sweep_teacher_forced,2x3,tf,10026,,,,overwrite,0.96,0.22,0.24
size_sweep_teacher_forced,2x3,tf,10027,,,,overwrite,0.96,0.78,0.78
size_sweep_teacher_forced,2x3,tf,10028,,,,overwrite,0.98,0.86,0.88
size_sweep_teacher_forced,2x3,tf,10029,,,,overwrite,0.96,0.18,0.18
size_sweep_teacher_forced,2x3,tf,10030,,,,overwrite,0.98,0.3,0.3
size_sweep_teacher_forced,2x3,tf,10031,,,,overwrite,1.0,0.0,0.0
size_sweep_teacher_forced,2x3,tf,10032,,,,overwrite,0.98,0.02,0.0
size_sweep_teacher_forced,2x3,tf,10033,,,,overwrite,0.98,0.02,0.0
size_sweep_teacher_forced,2x3,tf,10034,,,,overwrite,0.98,0.4,0.42
size_sweep_teacher_forced,2x3,tf,10035,,,,overwrite,0.94,0.9,0.92
size_sweep_teacher_forced,2x3,tf,10036,,,,overwrite,1.0,0.04,0.04
size_sweep_teacher_forced,2x3,tf,10037,,,,overwrite,0.96,0.02,0.0
size_sweep_teacher_forced,2x3,tf,10038,,,,overwrite,0.96,0.04,0.04
size_sweep_teacher_forced,2x3,tf,10039,,,,overwrite,0.96,0.42,0.44
size_sweep_teacher_forced,2x3,tf,10040,,,,overwrite,1.0,0.6,0.6
size_sweep_teacher_forced,2x3,tf,10041,,,,overwrite,0.96,0.32,0.32
size_sweep_teacher_forced,2x3,tf,10042,,,,overwrite,1.0,0.3,0.3
size_sweep_teacher_forced,2x3,tf,10043,,,,overwrite,0.98,1.0,0.98
size_sweep_teacher_forced,2x3,tf,10044,,,,overwrite,0.98,0.5,0.52
size_sweep_teacher_forced,2x3,tf,10045,,,,overwrite,0.98,0.04,0.06
size_sweep_teacher_forced,2x3,tf,10046,,,,overwrite,0.98,1.0,0.98
size_sweep_teacher_forced,2x3,tf,10047,,,,overwrite,0.98,0.98,0.98
size_sweep_teacher_forced,2x3,tf,10048,,,,overwrite,0.98,0.02,0.0
size_sweep,2x4,tf_legacy,9999,50.849998474121094,0.215,149.14997005462646,overwrite,,,
size_sweep,2x4,tf_legacy,10000,61.29999923706055,0.27,138.69997215270996,overwrite,,,
size_sweep,2x4,tf_legacy,10001,50.849998474121094,0.215,149.14997100830078,overwrite,,,
size_sweep,2x4,tf_legacy,10002,10.000001907348633,0.0,190.0001449584961,overwrite,,,
size_sweep,2x4,tf_legacy,10003,10.000001907348633,0.0,189.99996185302734,overwrite,,,
size_sweep,2x4,tf_legacy,10004,164.85000610351562,0.815,35.14999294281006,overwrite,,,
size_sweep,2x4,tf_legacy,10005,28.999996185302734,0.1,170.9999656677246,overwrite,,,
size_sweep,2x4,tf_legacy,10006,10.000001907348633,0.0,189.99996185302734,overwrite,,,
size_sweep,2x4,tf_legacy,10007,10.000001907348633,0.0,189.99996185302734,overwrite,,,
size_sweep,2x4,tf_legacy,10008,110.69999694824219,0.53,89.29998207092285,overwrite,,,
size_sweep,2x4,tf_legacy,10009,185.75,0.925,14.250001907348633,overwrite,,,
size_sweep,2x4,tf_legacy,10010,10.950000762939453,0.005,189.04998683929443,overwrite,,,
size_sweep,2x4,tf_legacy,10011,110.70000457763672,0.53,89.29998207092285,overwrite,,,
size_sweep,2x4,tf_legacy,10012,10.000001907348633,0.0,189.99996185302734,overwrite,,,
size_sweep,2x4,tf_legacy,10013,73.64999389648438,0.335,126.34994792938232,overwrite,,,
size_sweep,2x4,tf_legacy,10014,175.3000030517578,0.87,24.699995040893555,overwrite,,,
size_sweep,2x4,tf_legacy,10015,64.15000915527344,0.285,135.84997272491455,overwrite,,,
size_sweep,2x4,tf_legacy,10016,52.75,0.225,147.2499704360962,overwrite,,,
size_sweep,2x4,tf_legacy,10017,22.349998474121094,0.065,177.65000820159912,overwrite,,,
size_sweep,2x4,tf_legacy,10018,155.34999084472656,0.765,44.649991035461426,overwrite,,,
size_sweep,2x4,tf_legacy,10019,10.000001907348633,0.0,189.9999647140503,overwrite,,,
size_sweep,2x4,tf_legacy,10020,102.15000915527344,0.485,97.84998035430908,overwrite,,,
size_sweep,2x4,tf_legacy,10021,55.60000991821289,0.24,144.39997100830078,overwrite,,,
size_sweep,2x4,tf_legacy,10022,56.55000686645508,0.245,143.44997119903564,overwrite,,,
size_sweep,2x4,tf_legacy,10023,10.000001907348633,0.0,190.00003814697266,overwrite,,,
size_sweep,2x4,tf_legacy,10024,10.000001907348633,0.0,189.99996185302734,overwrite,,,
size_sweep,2x4,tf_legacy,10025,10.000001907348633,0.0,189.99996185302734,overwrite,,,
size_sweep,2x4,tf_legacy,10026,10.000001907348633,0.0,189.99996185302734,overwrite,,,
size_sweep,2x4,tf_legacy,10027,189.54998779296875,0.945,10.449997901916504,overwrite,,,
size_sweep,2x4,tf_legacy,10028,10.000001907348633,0.0,190.00010108947754,overwrite,,,
size_sweep,2x4,tf_legacy,10029,10.000001907348633,0.0,189.99996185302734,overwrite,,,
size_sweep,2x4,tf_legacy,10030,142.0500030517578,0.695,57.95000076293945,overwrite,,,
size_sweep,2x4,tf_legacy,10031,10.000001907348633,0.0,189.99996185302734,overwrite,,,
size_sweep,2x4,tf_legacy,10032,99.30000305175781,0.47,100.69997978210449,overwrite,,,
size_sweep,2x4,tf_legacy,10033,10.000001907348633,0.0,190.000075340271,overwrite,,,
size_sweep,2x4,tf_legacy,10034,10.000001907348633,0.0,189.99996185302734,overwrite,,,
size_sweep,2x4,tf_legacy,10035,25.199996948242188,0.08,174.79996490478516,overwrite,,,
size_sweep,2x4,tf_legacy,10036,29.0,0.1,170.9999656677246,overwrite,,,
size_sweep,2x4,tf_legacy,10037,161.0500030517578,0.795,38.94995307922363,overwrite,,,
size_sweep,2x4,tf_legacy,10038,10.000001907348633,0.0,189.99996185302734,overwrite,,,
size_sweep,2x4,tf_legacy,10039,111.65000915527344,0.535,88.34998226165771,overwrite,,,
size_sweep,2x4,tf_legacy,10040,10.000001907348633,0.0,190.00007915496826,overwrite,,,
size_sweep,2x4,tf_legacy,10041,10.000001907348633,0.0,190.0000820159912,overwrite,,,
size_sweep,2x4,tf_legacy,10042,10.000001907348633,0.0,190.00015258789062,overwrite,,,
size_sweep,2x4,tf_legacy,10043,11.900001525878906,0.01,188.09996223449707,overwrite,,,
size_sweep,2x4,tf_legacy,10044,10.000001907348633,0.0,190.00005912780762,overwrite,,,
size_sweep,2x4,tf_legacy,10045,10.000001907348633,0.0,189.99996185302734,overwrite,,,
size_sweep,2x4,tf_legacy,10046,10.000001907348633,0.0,189.99996185302734,overwrite,,,
size_sweep,2x4,tf_legacy,10047,138.25001525878906,0.675,61.74998760223389,overwrite,,,
size_sweep,2x4,tf_legacy,10048,10.000001907348633,0.0,189.99996185302734,overwrite,,,
size_sweep,2x4,tf_self,9999,10.000001907348633,0.0,189.99996185302734,overwrite,,,
size_sweep,2x4,tf_self,10000,70.80000305175781,0.32,129.1999740600586,overwrite,,,
size_sweep,2x4,tf_self,10001,10.000001907348633,0.0,189.99996185302734,overwrite,,,
size_sweep,2x4,tf_self,10002,10.000001907348633,0.0,190.00004196166992,overwrite,,,
size_sweep,2x4,tf_self,10003,10.000001907348633,0.0,189.99996185302734,overwrite,,,
size_sweep,2x4,tf_self,10004,56.54999923706055,0.245,143.44997119903564,overwrite,,,
size_sweep,2x4,tf_self,10005,28.999996185302734,0.1,170.9999656677246,overwrite,,,
size_sweep,2x4,tf_self,10006,10.000001907348633,0.0,189.99996185302734,overwrite,,,
size_sweep,2x4,tf_self,10007,10.000001907348633,0.0,189.99996185302734,overwrite,,,
size_sweep,2x4,tf_self,10008,18.54999542236328,0.045,181.4499635696411,overwrite,,,
size_sweep,2x4,tf_self,10009,10.000001907348633,0.0,189.99996185302734,overwrite,,,
size_sweep,2x4,tf_self,10010,10.000001907348633,0.0,190.00013542175293,overwrite,,,
size_sweep,2x4,tf_self,10011,10.000001907348633,0.0,189.99996185302734,overwrite,,,
size_sweep,2x4,tf_self,10012,10.000001907348633,0.0,189.99996185302734,overwrite,,,
size_sweep,2x4,tf_self,10013,77.45000457763672,0.355,122.54997539520264,overwrite,,,
size_sweep,2x4,tf_self,10014,175.3000030517578,0.87,24.699995040893555,overwrite,,,
size_sweep,2x4,tf_self,10015,127.80000305175781,0.62,72.19998550415039,overwrite,,,
size_sweep,2x4,tf_self,10016,52.75,0.225,147.2499704360962,overwrite,,,
size_sweep,2x4,tf_self,10017,70.80000305175781,0.32,129.1999740600586,overwrite,,,
size_sweep,2x4,tf_self,10018,10.000001907348633,0.0,189.99996185302734,overwrite,,,
size_sweep,2x4,tf_self,10019,12.84999942779541,0.015,187.14996242523193,overwrite,,,
size_sweep,2x4,tf_self,10020,10.000001907348633,0.0,189.99996185302734,overwrite,,,
size_sweep,2x4,tf_self,10021,200.0,1.0,0.0,overwrite,,,
size_sweep,2x4,tf_self,10022,35.64999771118164,0.135,164.34996700286865,overwrite,,,
size_sweep,2x4,tf_self,10023,10.000001907348633,0.0,190.00003814697266,overwrite,,,
size_sweep,2x4,tf_self,10024,10.000001907348633,0.0,189.99996185302734,overwrite,,,
size_sweep,2x4,tf_self,10025,10.000001907348633,0.0,189.99996185302734,overwrite,,,
size_sweep,2x4,tf_self,10026,10.000001907348633,0.0,189.99996185302734,overwrite,,,
size_sweep,2x4,tf_self,10027,178.15000915527344,0.885,21.849995613098145,overwrite,,,
size_sweep,2x4,tf_self,10028,10.000001907348633,0.0,190.00010108947754,overwrite,,,
size_sweep,2x4,tf_self,10029,10.000001907348633,0.0,189.99996185302734,overwrite,,,
size_sweep,2x4,tf_self,10030,10.000001907348633,0.0,189.99999809265137,overwrite,,,
size_sweep,2x4,tf_self,10031,10.000001907348633,0.0,189.99996185302734,overwrite,,,
size_sweep,2x4,tf_self,10032,99.30000305175781,0.47,100.69997978210449,overwrite,,,
size_sweep,2x4,tf_self,10033,10.000001907348633,0.0,190.000075340271,overwrite,,,
size_sweep,2x4,tf_self,10034,10.000001907348633,0.0,189.99996185302734,overwrite,,,
size_sweep,2x4,tf_self,10035,121.15000915527344,0.585,78.84998416900635,overwrite,,,
size_sweep,2x4,tf_self,10036,29.0,0.1,170.9999656677246,overwrite,,,
size_sweep,2x4,tf_self,10037,161.0500030517578,0.795,38.94995307922363,overwrite,,,
size_sweep,2x4,tf_self,10038,10.000001907348633,0.0,189.99996185302734,overwrite,,,
size_sweep,2x4,tf_self,10039,123.05000305175781,0.595,76.94998455047607,overwrite,,,
size_sweep,2x4,tf_self,10040,10.000001907348633,0.0,190.00007915496826,overwrite,,,
size_sweep,2x4,tf_self,10041,10.000001907348633,0.0,190.0000820159912,overwrite,,,
size_sweep,2x4,tf_self,10042,10.000001907348633,0.0,190.00015258789062,overwrite,,,
size_sweep,2x4,tf_self,10043,10.000001907348633,0.0,189.99996280670166,overwrite,,,
size_sweep,2x4,tf_self,10044,10.000001907348633,0.0,190.00004959106445,overwrite,,,
size_sweep,2x4,tf_self,10045,10.000001907348633,0.0,189.99996185302734,overwrite,,,
size_sweep,2x4,tf_self,10046,10.000001907348633,0.0,189.99996185302734,overwrite,,,
size_sweep,2x4,tf_self,10047,106.90000915527344,0.51,93.0999813079834,overwrite,,,
size_sweep,2x4,tf_self,10048,10.000001907348633,0.0,189.99996185302734,overwrite,,,
size_sweep,2x4,optimal,9999,200.0,1.0,0.0,overwrite,,,
size_sweep,2x4,optimal,10000,200.0,1.0,0.0,overwrite,,,
size_sweep,2x4,optimal,10001,200.0,1.0,0.0,overwrite,,,
size_sweep,2x4,optimal,10002,200.0,1.0,0.0,overwrite,,,
size_sweep,2x4,optimal,10003,200.0,1.0,0.0,overwrite,,,
size_sweep,2x4,optimal,10004,200.0,1.0,0.0,overwrite,,,
size_sweep,2x4,optimal,10005,200.0,1.0,0.0,overwrite,,,
size_sweep,2x4,optimal,10006,200.0,1.0,0.0,overwrite,,,
size_sweep,2x4,optimal,10007,200.0,1.0,0.0,overwrite,,,
size_sweep,2x4,optimal,10008,200.0,1.0,0.0,overwrite,,,
size_sweep,2x4,optimal,10009,200.0,1.0,0.0,overwrite,,,
size_sweep,2x4,optimal,10010,200.0,1.0,0.0,overwrite,,,
size_sweep,2x4,optimal,10011,200.0,1.0,0.0,overwrite,,,
size_sweep,2x4,optimal,10012,200.0,1.0,0.0,overwrite,,,
size_sweep,2x4,optimal,10013,200.0,1.0,0.0,overwrite,,,
size_sweep,2x4,optimal,10014,200.0,1.0,0.0,overwrite,,,
size_sweep,2x4,optimal,10015,200.0,1.0,0.0,overwrite,,,
size_sweep,2x4,optimal,10016,200.0,1.0,0.0,overwrite,,,
size_sweep,2x4,optimal,10017,200.0,1.0,0.0,overwrite,,,
size_sweep,2x4,optimal,10018,200.0,1.0,0.0,overwrite,,,
size_sweep,2x4,optimal,10019,200.0,1.0,0.0,overwrite,,,
size_sweep,2x4,optimal,10020,200.0,1.0,0.0,overwrite,,,
size_sweep,2x4,optimal,10021,200.0,1.0,0.0,overwrite,,,
size_sweep,2x4,optimal,10022,200.0,1.0,0.0,overwrite,,,
size_sweep,2x4,optimal,10023,200.0,1.0,0.0,overwrite,,,
size_sweep,2x4,optimal,10024,200.0,1.0,0.0,overwrite,,,
size_sweep,2x4,optimal,10025,200.0,1.0,0.0,overwrite,,,
size_sweep,2x4,optimal,10026,200.0,1.0,0.0,overwrite,,,
size_sweep,2x4,optimal,10027,200.0,1.0,0.0,overwrite,,,
size_sweep,2x4,optimal,10028,200.0,1.0,0.0,overwrite,,,
size_sweep,2x4,optimal,10029,200.0,1.0,0.0,overwrite,,,
size_sweep,2x4,optimal,10030,200.0,1.0,0.0,overwrite,,,
size_sweep,2x4,optimal,10031,200.0,1.0,0.0,overwrite,,,
size_sweep,2x4,optimal,10032,200.0,1.0,0.0,overwrite,,,
size_sweep,2x4,optimal,10033,200.0,1.0,0.0,overwrite,,,
size_sweep,2x4,optimal,10034,200.0,1.0,0.0,overwrite,,,
size_sweep,2x4,optimal,10035,200.0,1.0,0.0,overwrite,,,
size_sweep,2x4,optimal,10036,200.0,1.0,0.0,overwrite,,,
size_sweep,2x4,optimal,10037,200.0,1.0,0.0,overwrite,,,
size_sweep,2x4,optimal,10038,200.0,1.0,0.0,overwrite,,,
size_sweep,2x4,optimal,10039,200.0,1.0,0.0,overwrite,,,
size_sweep,2x4,optimal,10040,200.0,1.0,0.0,overwrite,,,
size_sweep,2x4,optimal,10041,200.0,1.0,0.0,overwrite,,,
size_sweep,2x4,optimal,10042,200.0,1.0,0.0,overwrite,,,
size_sweep,2x4,optimal,10043,200.0,1.0,0.0,overwrite,,,
size_sweep,2x4,optimal,10044,200.0,1.0,0.0,overwrite,,,
size_sweep,2x4,optimal,10045,200.0,1.0,0.0,overwrite,,,
size_sweep,2x4,optimal,10046,200.0,1.0,0.0,overwrite,,,
size_sweep,2x4,optimal,10047,200.0,1.0,0.0,overwrite,,,
size_sweep,2x4,optimal,10048,200.0,1.0,0.0,overwrite,,,
size_sweep,2x4,random,9999,66.05000305175781,0.295,133.94997310638428,overwrite,,,
size_sweep,2x4,random,10000,56.54999542236328,0.245,143.44999885559082,overwrite,,,
size_sweep,2x4,random,10001,55.599998474121094,0.24,144.40001010894775,overwrite,,,
size_sweep,2x4,random,10002,63.19999694824219,0.28,136.8000602722168,overwrite,,,
size_sweep,2x4,random,10003,59.400001525878906,0.26,140.59997177124023,overwrite,,,
size_sweep,2x4,random,10004,65.09999084472656,0.29,134.8999729156494,overwrite,,,
size_sweep,2x4,random,10005,62.25,0.275,137.74997234344482,overwrite,,,
size_sweep,2x4,random,10006,73.64999389648438,0.335,126.34997463226318,overwrite,,,
size_sweep,2x4,random,10007,67.0,0.3,132.99997329711914,overwrite,,,
size_sweep,2x4,random,10008,71.75,0.325,128.24997425079346,overwrite,,,
size_sweep,2x4,random,10009,65.0999984741211,0.29,134.90000438690186,overwrite,,,
size_sweep,2x4,random,10010,51.79999542236328,0.22,148.2000093460083,overwrite,,,
size_sweep,2x4,random,10011,54.64999771118164,0.235,145.34999561309814,overwrite,,,
size_sweep,2x4,random,10012,51.79999542236328,0.22,148.19999980926514,overwrite,,,
size_sweep,2x4,random,10013,51.79999923706055,0.22,148.19993495941162,overwrite,,,
size_sweep,2x4,random,10014,50.849998474121094,0.215,149.15006828308105,overwrite,,,
size_sweep,2x4,random,10015,62.25,0.275,137.74997234344482,overwrite,,,
size_sweep,2x4,random,10016,68.89999389648438,0.31,131.09997367858887,overwrite,,,
size_sweep,2x4,random,10017,53.69999694824219,0.23,146.3000259399414,overwrite,,,
size_sweep,2x4,random,10018,53.69999694824219,0.23,146.29997062683105,overwrite,,,
size_sweep,2x4,random,10019,60.349998474121094,0.265,139.6500072479248,overwrite,,,
size_sweep,2x4,random,10020,61.30000305175781,0.27,138.69997215270996,overwrite,,,
size_sweep,2x4,random,10021,59.39999771118164,0.26,140.59997177124023,overwrite,,,
size_sweep,2x4,random,10022,58.44999694824219,0.255,141.54997158050537,overwrite,,,
size_sweep,2x4,random,10023,58.44999694824219,0.255,141.550048828125,overwrite,,,
size_sweep,2x4,random,10024,56.54999542236328,0.245,143.44997119903564,overwrite,,,
size_sweep,2x4,random,10025,51.79999923706055,0.22,148.19997024536133,overwrite,,,
size_sweep,2x4,random,10026,53.69999694824219,0.23,146.29997062683105,overwrite,,,
size_sweep,2x4,random,10027,47.999996185302734,0.2,151.99996948242188,overwrite,,,
size_sweep,2x4,random,10028,61.29999923706055,0.27,138.7000560760498,overwrite,,,
size_sweep,2x4,random,10029,60.349998474121094,0.265,139.6499719619751,overwrite,,,
size_sweep,2x4,random,10030,60.35000228881836,0.265,139.65002536773682,overwrite,,,
size_sweep,2x4,random,10031,64.1500015258789,0.285,135.84997272491455,overwrite,,,
size_sweep,2x4,random,10032,59.399993896484375,0.26,140.59997177124023,overwrite,,,
size_sweep,2x4,random,10033,47.999996185302734,0.2,152.0000228881836,overwrite,,,
size_sweep,2x4,random,10034,61.29999923706055,0.27,138.7000026702881,overwrite,,,
size_sweep,2x4,random,10035,56.54999923706055,0.245,143.44997119903564,overwrite,,,
size_sweep,2x4,random,10036,57.499996185302734,0.25,142.4999713897705,overwrite,,,
size_sweep,2x4,random,10037,58.45000457763672,0.255,141.55003547668457,overwrite,,,
size_sweep,2x4,random,10038,56.54999542236328,0.245,143.44997119903564,overwrite,,,
size_sweep,2x4,random,10039,47.04999923706055,0.195,152.949969291687,overwrite,,,
size_sweep,2x4,random,10040,54.64999771118164,0.235,145.3499984741211,overwrite,,,
size_sweep,2x4,random,10041,60.34999465942383,0.265,139.65009307861328,overwrite,,,
size_sweep,2x4,random,10042,55.599998474121094,0.24,144.40009784698486,overwrite,,,
size_sweep,2x4,random,10043,55.599998474121094,0.24,144.4000883102417,overwrite,,,
size_sweep,2x4,random,10044,61.29999542236328,0.27,138.70006847381592,overwrite,,,
size_sweep,2x4,random,10045,56.54999542236328,0.245,143.44997119903564,overwrite,,,
size_sweep,2x4,random,10046,58.44999694824219,0.255,141.54997158050537,overwrite,,,
size_sweep,2x4,random,10047,52.749996185302734,0.225,147.25000190734863,overwrite,,,
size_sweep,2x4,random,10048,49.899993896484375,0.21,150.10000324249268,overwrite,,,
size_sweep_teacher_forced,2x4,tf,9999,,,,overwrite,0.98,0.98,0.98
size_sweep_teacher_forced,2x4,tf,10000,,,,overwrite,0.98,0.0,0.0
size_sweep_teacher_forced,2x4,tf,10001,,,,overwrite,0.98,0.0,0.0
size_sweep_teacher_forced,2x4,tf,10002,,,,overwrite,0.96,0.0,0.0
size_sweep_teacher_forced,2x4,tf,10003,,,,overwrite,0.98,0.36,0.38
size_sweep_teacher_forced,2x4,tf,10004,,,,overwrite,0.96,0.02,0.02
size_sweep_teacher_forced,2x4,tf,10005,,,,overwrite,1.0,0.1,0.1
size_sweep_teacher_forced,2x4,tf,10006,,,,overwrite,0.98,0.0,0.02
size_sweep_teacher_forced,2x4,tf,10007,,,,overwrite,0.96,0.02,0.0
size_sweep_teacher_forced,2x4,tf,10008,,,,overwrite,1.0,0.0,0.0
size_sweep_teacher_forced,2x4,tf,10009,,,,overwrite,0.98,0.46,0.48
size_sweep_teacher_forced,2x4,tf,10010,,,,overwrite,0.96,0.0,0.0
size_sweep_teacher_forced,2x4,tf,10011,,,,overwrite,0.96,0.06,0.02
size_sweep_teacher_forced,2x4,tf,10012,,,,overwrite,1.0,0.0,0.0
size_sweep_teacher_forced,2x4,tf,10013,,,,overwrite,0.96,0.0,0.02
size_sweep_teacher_forced,2x4,tf,10014,,,,overwrite,0.98,0.2,0.18
size_sweep_teacher_forced,2x4,tf,10015,,,,overwrite,0.98,0.0,0.0
size_sweep_teacher_forced,2x4,tf,10016,,,,overwrite,0.98,0.0,0.0
size_sweep_teacher_forced,2x4,tf,10017,,,,overwrite,0.96,0.02,0.0
size_sweep_teacher_forced,2x4,tf,10018,,,,overwrite,0.96,0.9,0.92
size_sweep_teacher_forced,2x4,tf,10019,,,,overwrite,0.98,0.4,0.4
size_sweep_teacher_forced,2x4,tf,10020,,,,overwrite,0.98,0.42,0.44
size_sweep_teacher_forced,2x4,tf,10021,,,,overwrite,0.98,0.0,0.0
size_sweep_teacher_forced,2x4,tf,10022,,,,overwrite,0.98,0.0,0.02
size_sweep_teacher_forced,2x4,tf,10023,,,,overwrite,0.98,0.0,0.0
size_sweep_teacher_forced,2x4,tf,10024,,,,overwrite,1.0,0.0,0.0
size_sweep_teacher_forced,2x4,tf,10025,,,,overwrite,0.96,0.84,0.86
size_sweep_teacher_forced,2x4,tf,10026,,,,overwrite,0.96,0.46,0.44
size_sweep_teacher_forced,2x4,tf,10027,,,,overwrite,0.98,0.0,0.0
size_sweep_teacher_forced,2x4,tf,10028,,,,overwrite,0.96,0.0,0.0
size_sweep_teacher_forced,2x4,tf,10029,,,,overwrite,0.98,0.0,0.0
size_sweep_teacher_forced,2x4,tf,10030,,,,overwrite,1.0,0.02,0.02
size_sweep_teacher_forced,2x4,tf,10031,,,,overwrite,1.0,0.74,0.74
size_sweep_teacher_forced,2x4,tf,10032,,,,overwrite,1.0,0.98,0.98
size_sweep_teacher_forced,2x4,tf,10033,,,,overwrite,0.94,0.9,0.96
size_sweep_teacher_forced,2x4,tf,10034,,,,overwrite,0.98,0.34,0.34
size_sweep_teacher_forced,2x4,tf,10035,,,,overwrite,0.98,0.0,0.02
size_sweep_teacher_forced,2x4,tf,10036,,,,overwrite,0.98,0.96,0.96
size_sweep_teacher_forced,2x4,tf,10037,,,,overwrite,0.96,0.04,0.0
size_sweep_teacher_forced,2x4,tf,10038,,,,overwrite,0.98,0.5,0.52
size_sweep_teacher_forced,2x4,tf,10039,,,,overwrite,0.98,0.0,0.02
size_sweep_teacher_forced,2x4,tf,10040,,,,overwrite,0.98,0.0,0.0
size_sweep_teacher_forced,2x4,tf,10041,,,,overwrite,0.98,0.18,0.16
size_sweep_teacher_forced,2x4,tf,10042,,,,overwrite,0.98,0.0,0.0
size_sweep_teacher_forced,2x4,tf,10043,,,,overwrite,1.0,0.0,0.0
size_sweep_teacher_forced,2x4,tf,10044,,,,overwrite,0.98,0.98,1.0
size_sweep_teacher_forced,2x4,tf,10045,,,,overwrite,0.98,0.98,0.98
size_sweep_teacher_forced,2x4,tf,10046,,,,overwrite,0.96,0.46,0.48
size_sweep_teacher_forced,2x4,tf,10047,,,,overwrite,0.98,0.48,0.48
size_sweep_teacher_forced,2x4,tf,10048,,,,overwrite,0.96,0.46,0.44
size_sweep,3x2,tf_legacy,9999,140.14999389648438,0.685,59.84999084472656,overwrite,,,
size_sweep,3x2,tf_legacy,10000,143.0,0.7,57.00003147125244,overwrite,,,
size_sweep,3x2,tf_legacy,10001,10.000001907348633,0.0,189.99996185302734,overwrite,,,
size_sweep,3x2,tf_legacy,10002,67.95000457763672,0.305,132.0500431060791,overwrite,,,
size_sweep,3x2,tf_legacy,10003,197.14999389648438,0.985,2.84999942779541,overwrite,,,
size_sweep,3x2,tf_legacy,10004,54.64999771118164,0.235,145.34997081756592,overwrite,,,
size_sweep,3x2,tf_legacy,10005,171.5,0.85,28.500022888183594,overwrite,,,
size_sweep,3x2,tf_legacy,10006,197.14999389648438,0.985,2.84999942779541,overwrite,,,
size_sweep,3x2,tf_legacy,10007,162.0,0.8,38.00001049041748,overwrite,,,
size_sweep,3x2,tf_legacy,10008,92.6500015258789,0.435,107.34997844696045,overwrite,,,
size_sweep,3x2,tf_legacy,10009,47.04999542236328,0.195,152.95006847381592,overwrite,,,
size_sweep,3x2,tf_legacy,10010,147.75,0.725,52.24998950958252,overwrite,,,
size_sweep,3x2,tf_legacy,10011,36.599998474121094,0.14,163.40001964569092,overwrite,,,
size_sweep,3x2,tf_legacy,10012,167.6999969482422,0.83,32.299991607666016,overwrite,,,
size_sweep,3x2,tf_legacy,10013,10.000001907348633,0.0,190.00001335144043,overwrite,,,
size_sweep,3x2,tf_legacy,10014,137.30001831054688,0.67,62.699997901916504,overwrite,,,
size_sweep,3x2,tf_legacy,10015,133.50001525878906,0.65,66.4999885559082,overwrite,,,
size_sweep,3x2,tf_legacy,10016,175.30001831054688,0.87,24.700002670288086,overwrite,,,
size_sweep,3x2,tf_legacy,10017,102.15000915527344,0.485,97.84998035430908,overwrite,,,
size_sweep,3x2,tf_legacy,10018,33.75,0.125,166.24996662139893,overwrite,,,
size_sweep,3x2,tf_legacy,10019,42.29999542236328,0.17,157.7000732421875,overwrite,,,
size_sweep,3x2,tf_legacy,10020,158.20001220703125,0.78,41.799991607666016,overwrite,,,
size_sweep,3x2,tf_legacy,10021,145.85000610351562,0.715,54.14998912811279,overwrite,,,
size_sweep,3x2,tf_legacy,10022,150.60000610351562,0.74,49.40003681182861,overwrite,,,
size_sweep,3x2,tf_legacy,10023,165.8000030517578,0.82,34.20002746582031,overwrite,,,
size_sweep,3x2,tf_legacy,10024,152.50001525878906,0.75,47.499990463256836,overwrite,,,
size_sweep,3x2,tf_legacy,10025,181.0,0.9,18.999996185302734,overwrite,,,
size_sweep,3x2,tf_legacy,10026,167.70001220703125,0.83,32.300025939941406,overwrite,,,
size_sweep,3x2,tf_legacy,10027,199.0500030517578,0.995,0.9499998092651367,overwrite,,,
size_sweep,3x2,tf_legacy,10028,181.00001525878906,0.9,18.999996185302734,overwrite,,,
size_sweep,3x2,tf_legacy,10029,186.6999969482422,0.93,13.299997329711914,overwrite,,,
size_sweep,3x2,tf_legacy,10030,178.14999389648438,0.885,21.849995613098145,overwrite,,,
size_sweep,3x2,tf_legacy,10031,141.10000610351562,0.69,58.89998817443848,overwrite,,,
size_sweep,3x2,tf_legacy,10032,97.40000915527344,0.46,102.59997940063477,overwrite,,,
size_sweep,3x2,tf_legacy,10033,103.10000610351562,0.49,96.90007781982422,overwrite,,,
size_sweep,3x2,tf_legacy,10034,90.75,0.425,109.24997806549072,overwrite,,,
size_sweep,3x2,tf_legacy,10035,138.25,0.675,61.74998760223389,overwrite,,,
size_sweep,3x2,tf_legacy,10036,53.70000076293945,0.23,146.29991912841797,overwrite,,,
size_sweep,3x2,tf_legacy,10037,183.85000610351562,0.915,16.149996757507324,overwrite,,,
size_sweep,3x2,tf_legacy,10038,54.64999771118164,0.235,145.34997081756592,overwrite,,,
size_sweep,3x2,tf_legacy,10039,31.84999656677246,0.115,168.15003108978271,overwrite,,,
size_sweep,3x2,tf_legacy,10040,139.20001220703125,0.68,60.8000431060791,overwrite,,,
size_sweep,3x2,tf_legacy,10041,90.75,0.425,109.24997806549072,overwrite,,,
size_sweep,3x2,tf_legacy,10042,48.0,0.2,151.99996948242188,overwrite,,,
size_sweep,3x2,tf_legacy,10043,80.30000305175781,0.37,119.69991683959961,overwrite,,,
size_sweep,3x2,tf_legacy,10044,41.349998474121094,0.165,158.64996814727783,overwrite,,,
size_sweep,3x2,tf_legacy,10045,170.55001831054688,0.845,29.449996948242188,overwrite,,,
size_sweep,3x2,tf_legacy,10046,114.5,0.55,85.4999828338623,overwrite,,,
size_sweep,3x2,tf_legacy,10047,111.65000915527344,0.535,88.34998226165771,overwrite,,,
size_sweep,3x2,tf_legacy,10048,36.59999465942383,0.14,163.39996719360352,overwrite,,,
size_sweep,3x2,tf_self,9999,182.89999389648438,0.91,17.100013732910156,overwrite,,,
size_sweep,3x2,tf_self,10000,94.55000305175781,0.445,105.45003318786621,overwrite,,,
size_sweep,3x2,tf_self,10001,10.000001907348633,0.0,189.99996185302734,overwrite,,,
size_sweep,3x2,tf_self,10002,200.0,1.0,0.0,overwrite,,,
size_sweep,3x2,tf_self,10003,108.80000305175781,0.52,91.19998168945312,overwrite,,,
size_sweep,3x2,tf_self,10004,48.94999694824219,0.205,151.04996967315674,overwrite,,,
size_sweep,3x2,tf_self,10005,171.5,0.85,28.500022888183594,overwrite,,,
size_sweep,3x2,tf_self,10006,86.95000457763672,0.405,113.04997730255127,overwrite,,,
size_sweep,3x2,tf_self,10007,10.000001907348633,0.0,190.00002574920654,overwrite,,,
size_sweep,3x2,tf_self,10008,200.0,1.0,0.0,overwrite,,,
size_sweep,3x2,tf_self,10009,10.000001907348633,0.0,189.99999713897705,overwrite,,,
size_sweep,3x2,tf_self,10010,143.0,0.7,56.9999885559082,overwrite,,,
size_sweep,3x2,tf_self,10011,122.10000610351562,0.59,77.89998435974121,overwrite,,,
size_sweep,3x2,tf_self,10012,131.60000610351562,0.64,68.39991760253906,overwrite,,,
size_sweep,3x2,tf_self,10013,10.000001907348633,0.0,190.00001335144043,overwrite,,,
size_sweep,3x2,tf_self,10014,79.35000610351562,0.365,120.6500186920166,overwrite,,,
size_sweep,3x2,tf_self,10015,146.80001831054688,0.72,53.200042724609375,overwrite,,,
size_sweep,3x2,tf_self,10016,156.3000030517578,0.77,43.700021743774414,overwrite,,,
size_sweep,3x2,tf_self,10017,170.55001831054688,0.845,29.44999408721924,overwrite,,,
size_sweep,3x2,tf_self,10018,124.00000762939453,0.6,75.99998474121094,overwrite,,,
size_sweep,3x2,tf_self,10019,128.75,0.625,71.24998569488525,overwrite,,,
size_sweep,3x2,tf_self,10020,109.75000762939453,0.525,90.24998188018799,overwrite,,,
size_sweep,3x2,tf_self,10021,110.70000457763672,0.53,89.29998207092285,overwrite,,,
size_sweep,3x2,tf_self,10022,159.15000915527344,0.785,40.84999179840088,overwrite,,,
size_sweep,3x2,tf_self,10023,135.40000915527344,0.66,64.60005187988281,overwrite,,,
size_sweep,3x2,tf_self,10024,134.45001220703125,0.655,65.54998683929443,overwrite,,,
size_sweep,3x2,tf_self,10025,36.59999465942383,0.14,163.39996719360352,overwrite,,,
size_sweep,3x2,tf_self,10026,167.70001220703125,0.83,32.300025939941406,overwrite,,,
size_sweep,3x2,tf_self,10027,173.39999389648438,0.86,26.599994659423828,overwrite,,,
size_sweep,3x2,tf_self,10028,181.00001525878906,0.9,18.999996185302734,overwrite,,,
size_sweep,3x2,tf_self,10029,150.60000610351562,0.74,49.39999008178711,overwrite,,,
size_sweep,3x2,tf_self,10030,10.000001907348633,0.0,189.99996185302734,overwrite,,,
size_sweep,3x2,tf_self,10031,10.000001907348633,0.0,189.99996185302734,overwrite,,,
size_sweep,3x2,tf_self,10032,127.80000305175781,0.62,72.19998550415039,overwrite,,,
size_sweep,3x2,tf_self,10033,200.0,1.0,0.0,overwrite,,,
size_sweep,3x2,tf_self,10034,200.0,1.0,0.0,overwrite,,,
size_sweep,3x2,tf_self,10035,200.0,1.0,0.0,overwrite,,,
size_sweep,3x2,tf_self,10036,140.15000915527344,0.685,59.84998798370361,overwrite,,,
size_sweep,3x2,tf_self,10037,183.85000610351562,0.915,16.149996757507324,overwrite,,,
size_sweep,3x2,tf_self,10038,90.75000762939453,0.425,109.24997806549072,overwrite,,,
size_sweep,3x2,tf_self,10039,63.19999694824219,0.28,136.80004119873047,overwrite,,,
size_sweep,3x2,tf_self,10040,83.15000915527344,0.385,116.8498592376709,overwrite,,,
size_sweep,3x2,tf_self,10041,143.95001220703125,0.705,56.049988746643066,overwrite,,,
size_sweep,3x2,tf_self,10042,98.35000610351562,0.465,101.64997959136963,overwrite,,,
size_sweep,3x2,tf_self,10043,200.0,1.0,0.0,overwrite,,,
size_sweep,3x2,tf_self,10044,112.60000610351562,0.54,87.39998245239258,overwrite,,,
size_sweep,3x2,tf_self,10045,40.39999771118164,0.16,159.60003757476807,overwrite,,,
size_sweep,3x2,tf_self,10046,56.54999542236328,0.245,143.44997119903564,overwrite,,,
size_sweep,3x2,tf_self,10047,111.65000915527344,0.535,88.34998226165771,overwrite,,,
size_sweep,3x2,tf_self,10048,200.0,1.0,0.0,overwrite,,,
size_sweep,3x2,optimal,9999,200.0,1.0,0.0,overwrite,,,
size_sweep,3x2,optimal,10000,200.0,1.0,0.0,overwrite,,,
size_sweep,3x2,optimal,10001,200.0,1.0,0.0,overwrite,,,
size_sweep,3x2,optimal,10002,200.0,1.0,0.0,overwrite,,,
size_sweep,3x2,optimal,10003,200.0,1.0,0.0,overwrite,,,
size_sweep,3x2,optimal,10004,200.0,1.0,0.0,overwrite,,,
size_sweep,3x2,optimal,10005,200.0,1.0,0.0,overwrite,,,
size_sweep,3x2,optimal,10006,200.0,1.0,0.0,overwrite,,,
size_sweep,3x2,optimal,10007,200.0,1.0,0.0,overwrite,,,
size_sweep,3x2,optimal,10008,200.0,1.0,0.0,overwrite,,,
size_sweep,3x2,optimal,10009,200.0,1.0,0.0,overwrite,,,
size_sweep,3x2,optimal,10010,200.0,1.0,0.0,overwrite,,,
size_sweep,3x2,optimal,10011,200.0,1.0,0.0,overwrite,,,
size_sweep,3x2,optimal,10012,200.0,1.0,0.0,overwrite,,,
size_sweep,3x2,optimal,10013,200.0,1.0,0.0,overwrite,,,
size_sweep,3x2,optimal,10014,200.0,1.0,0.0,overwrite,,,
size_sweep,3x2,optimal,10015,200.0,1.0,0.0,overwrite,,,
size_sweep,3x2,optimal,10016,200.0,1.0,0.0,overwrite,,,
size_sweep,3x2,optimal,10017,200.0,1.0,0.0,overwrite,,,
size_sweep,3x2,optimal,10018,200.0,1.0,0.0,overwrite,,,
size_sweep,3x2,optimal,10019,200.0,1.0,0.0,overwrite,,,
size_sweep,3x2,optimal,10020,200.0,1.0,0.0,overwrite,,,
size_sweep,3x2,optimal,10021,200.0,1.0,0.0,overwrite,,,
size_sweep,3x2,optimal,10022,200.0,1.0,0.0,overwrite,,,
size_sweep,3x2,optimal,10023,200.0,1.0,0.0,overwrite,,,
size_sweep,3x2,optimal,10024,200.0,1.0,0.0,overwrite,,,
size_sweep,3x2,optimal,10025,200.0,1.0,0.0,overwrite,,,
size_sweep,3x2,optimal,10026,200.0,1.0,0.0,overwrite,,,
size_sweep,3x2,optimal,10027,200.0,1.0,0.0,overwrite,,,
size_sweep,3x2,optimal,10028,200.0,1.0,0.0,overwrite,,,
size_sweep,3x2,optimal,10029,200.0,1.0,0.0,overwrite,,,
size_sweep,3x2,optimal,10030,200.0,1.0,0.0,overwrite,,,
size_sweep,3x2,optimal,10031,200.0,1.0,0.0,overwrite,,,
size_sweep,3x2,optimal,10032,200.0,1.0,0.0,overwrite,,,
size_sweep,3x2,optimal,10033,200.0,1.0,0.0,overwrite,,,
size_sweep,3x2,optimal,10034,200.0,1.0,0.0,overwrite,,,
size_sweep,3x2,optimal,10035,200.0,1.0,0.0,overwrite,,,
size_sweep,3x2,optimal,10036,200.0,1.0,0.0,overwrite,,,
size_sweep,3x2,optimal,10037,200.0,1.0,0.0,overwrite,,,
size_sweep,3x2,optimal,10038,200.0,1.0,0.0,overwrite,,,
size_sweep,3x2,optimal,10039,200.0,1.0,0.0,overwrite,,,
size_sweep,3x2,optimal,10040,200.0,1.0,0.0,overwrite,,,
size_sweep,3x2,optimal,10041,200.0,1.0,0.0,overwrite,,,
size_sweep,3x2,optimal,10042,200.0,1.0,0.0,overwrite,,,
size_sweep,3x2,optimal,10043,200.0,1.0,0.0,overwrite,,,
size_sweep,3x2,optimal,10044,200.0,1.0,0.0,overwrite,,,
size_sweep,3x2,optimal,10045,200.0,1.0,0.0,overwrite,,,
size_sweep,3x2,optimal,10046,200.0,1.0,0.0,overwrite,,,
size_sweep,3x2,optimal,10047,200.0,1.0,0.0,overwrite,,,
size_sweep,3x2,optimal,10048,200.0,1.0,0.0,overwrite,,,
size_sweep,3x2,random,9999,100.25,0.475,99.75003814697266,overwrite,,,
size_sweep,3x2,random,10000,111.65000915527344,0.535,88.35001182556152,overwrite,,,
size_sweep,3x2,random,10001,100.25,0.475,99.74997997283936,overwrite,,,
size_sweep,3x2,random,10002,109.75,0.525,90.25002002716064,overwrite,,,
size_sweep,3x2,random,10003,105.95001220703125,0.505,94.05001735687256,overwrite,,,
size_sweep,3x2,random,10004,110.70001220703125,0.53,89.29998207092285,overwrite,,,
size_sweep,3x2,random,10005,110.70000457763672,0.53,89.30000686645508,overwrite,,,
size_sweep,3x2,random,10006,95.50000762939453,0.45,104.50002098083496,overwrite,,,
size_sweep,3x2,random,10007,102.1500015258789,0.485,97.850022315979,overwrite,,,
size_sweep,3x2,random,10008,106.90000915527344,0.51,93.0999813079834,overwrite,,,
size_sweep,3x2,random,10009,114.50000762939453,0.55,85.50001907348633,overwrite,,,
size_sweep,3x2,random,10010,105.94999694824219,0.505,94.04998111724854,overwrite,,,
size_sweep,3x2,random,10011,111.65000915527344,0.535,88.35000133514404,overwrite,,,
size_sweep,3x2,random,10012,106.90000915527344,0.51,93.09993362426758,overwrite,,,
size_sweep,3x2,random,10013,98.35000610351562,0.465,101.65001106262207,overwrite,,,
size_sweep,3x2,random,10014,103.10000610351562,0.49,96.90001392364502,overwrite,,,
size_sweep,3x2,random,10015,109.75,0.525,90.25004005432129,overwrite,,,
size_sweep,3x2,random,10016,84.10000610351562,0.39,115.89996910095215,overwrite,,,
size_sweep,3x2,random,10017,109.75,0.525,90.24998188018799,overwrite,,,
size_sweep,3x2,random,10018,108.80001068115234,0.52,91.19998168945312,overwrite,,,
size_sweep,3x2,random,10019,99.30001068115234,0.47,100.70002365112305,overwrite,,,
size_sweep,3x2,random,10020,99.30000305175781,0.47,100.69997978210449,overwrite,,,
size_sweep,3x2,random,10021,105.95000457763672,0.505,94.04998111724854,overwrite,,,
size_sweep,3x2,random,10022,101.20001220703125,0.48,98.80002880096436,overwrite,,,
size_sweep,3x2,random,10023,108.80000305175781,0.52,91.20003032684326,overwrite,,,
size_sweep,3x2,random,10024,109.75,0.525,90.25002574920654,overwrite,,,
size_sweep,3x2,random,10025,97.4000015258789,0.46,102.59997940063477,overwrite,,,
size_sweep,3x2,random,10026,101.20001220703125,0.48,98.80004787445068,overwrite,,,
size_sweep,3x2,random,10027,105.95000457763672,0.505,94.04999446868896,overwrite,,,
size_sweep,3x2,random,10028,113.55000305175781,0.545,86.44998264312744,overwrite,,,
size_sweep,3x2,random,10029,123.05000305175781,0.595,76.94998455047607,overwrite,,,
size_sweep,3x2,random,10030,100.25,0.475,99.74997997283936,overwrite,,,
size_sweep,3x2,random,10031,99.30000305175781,0.47,100.69997978210449,overwrite,,,
size_sweep,3x2,random,10032,101.20000457763672,0.48,98.79998016357422,overwrite,,,
size_sweep,3x2,random,10033,92.6500015258789,0.435,107.35004329681396,overwrite,,,
size_sweep,3x2,random,10034,106.90000915527344,0.51,93.0999813079834,overwrite,,,
size_sweep,3x2,random,10035,98.35000610351562,0.465,101.64997959136963,overwrite,,,
size_sweep,3x2,random,10036,92.6500015258789,0.435,107.34993839263916,overwrite,,,
size_sweep,3x2,random,10037,113.55000305175781,0.545,86.44998264312744,overwrite,,,
size_sweep,3x2,random,10038,112.60000610351562,0.54,87.39998245239258,overwrite,,,
size_sweep,3x2,random,10039,102.1500015258789,0.485,97.85001277923584,overwrite,,,
size_sweep,3x2,random,10040,114.50001525878906,0.55,85.49995040893555,overwrite,,,
size_sweep,3x2,random,10041,115.44999694824219,0.555,84.54998302459717,overwrite,,,
size_sweep,3x2,random,10042,105.95001220703125,0.505,94.04998111724854,overwrite,,,
size_sweep,3x2,random,10043,105.95000457763672,0.505,94.04995155334473,overwrite,,,
size_sweep,3x2,random,10044,106.9000015258789,0.51,93.0999813079834,overwrite,,,
size_sweep,3x2,random,10045,106.90000915527344,0.51,93.10002422332764,overwrite,,,
size_sweep,3x2,random,10046,108.80000305175781,0.52,91.19998168945312,overwrite,,,
size_sweep,3x2,random,10047,94.55000305175781,0.445,105.44997882843018,overwrite,,,
size_sweep,3x2,random,10048,105.95001220703125,0.505,94.05000305175781,overwrite,,,
size_sweep_teacher_forced,3x2,tf,9999,,,,overwrite,0.98,0.7,0.68
size_sweep_teacher_forced,3x2,tf,10000,,,,overwrite,0.94,0.44,0.46
size_sweep_teacher_forced,3x2,tf,10001,,,,overwrite,0.98,0.32,0.3
size_sweep_teacher_forced,3x2,tf,10002,,,,overwrite,0.98,0.66,0.68
size_sweep_teacher_forced,3x2,tf,10003,,,,overwrite,0.96,0.24,0.24
size_sweep_teacher_forced,3x2,tf,10004,,,,overwrite,0.98,0.38,0.4
size_sweep_teacher_forced,3x2,tf,10005,,,,overwrite,1.0,0.54,0.54
size_sweep_teacher_forced,3x2,tf,10006,,,,overwrite,0.98,0.48,0.5
size_sweep_teacher_forced,3x2,tf,10007,,,,overwrite,0.98,0.46,0.48
size_sweep_teacher_forced,3x2,tf,10008,,,,overwrite,0.98,0.02,0.0
size_sweep_teacher_forced,3x2,tf,10009,,,,overwrite,0.98,0.76,0.78
size_sweep_teacher_forced,3x2,tf,10010,,,,overwrite,0.98,0.96,0.98
size_sweep_teacher_forced,3x2,tf,10011,,,,overwrite,0.94,0.12,0.1
size_sweep_teacher_forced,3x2,tf,10012,,,,overwrite,0.98,0.84,0.82
size_sweep_teacher_forced,3x2,tf,10013,,,,overwrite,0.98,0.52,0.54
size_sweep_teacher_forced,3x2,tf,10014,,,,overwrite,0.94,0.88,0.94
size_sweep_teacher_forced,3x2,tf,10015,,,,overwrite,0.98,0.56,0.58
size_sweep_teacher_forced,3x2,tf,10016,,,,overwrite,0.98,0.96,0.98
size_sweep_teacher_forced,3x2,tf,10017,,,,overwrite,0.98,0.84,0.82
size_sweep_teacher_forced,3x2,tf,10018,,,,overwrite,1.0,0.56,0.56
size_sweep_teacher_forced,3x2,tf,10019,,,,overwrite,0.98,1.0,0.98
size_sweep_teacher_forced,3x2,tf,10020,,,,overwrite,0.98,0.64,0.66
size_sweep_teacher_forced,3x2,tf,10021,,,,overwrite,1.0,0.86,0.86
size_sweep_teacher_forced,3x2,tf,10022,,,,overwrite,1.0,0.76,0.76
size_sweep_teacher_forced,3x2,tf,10023,,,,overwrite,0.98,0.76,0.78
size_sweep_teacher_forced,3x2,tf,10024,,,,overwrite,0.96,0.76,0.76
size_sweep_teacher_forced,3x2,tf,10025,,,,overwrite,0.98,0.4,0.38
size_sweep_teacher_forced,3x2,tf,10026,,,,overwrite,0.96,0.96,0.96
size_sweep_teacher_forced,3x2,tf,10027,,,,overwrite,0.96,0.72,0.76
size_sweep_teacher_forced,3x2,tf,10028,,,,overwrite,0.98,0.8,0.82
size_sweep_teacher_forced,3x2,tf,10029,,,,overwrite,0.98,0.8,0.78
size_sweep_teacher_forced,3x2,tf,10030,,,,overwrite,0.98,0.94,0.92
size_sweep_teacher_forced,3x2,tf,10031,,,,overwrite,0.98,0.36,0.34
size_sweep_teacher_forced,3x2,tf,10032,,,,overwrite,0.96,0.34,0.34
size_sweep_teacher_forced,3x2,tf,10033,,,,overwrite,1.0,0.48,0.48
size_sweep_teacher_forced,3x2,tf,10034,,,,overwrite,0.98,0.24,0.26
size_sweep_teacher_forced,3x2,tf,10035,,,,overwrite,0.98,1.0,0.98
size_sweep_teacher_forced,3x2,tf,10036,,,,overwrite,0.94,0.4,0.42
size_sweep_teacher_forced,3x2,tf,10037,,,,overwrite,0.96,0.96,0.96
size_sweep_teacher_forced,3x2,tf,10038,,,,overwrite,0.98,0.02,0.04
size_sweep_teacher_forced,3x2,tf,10039,,,,overwrite,0.96,0.3,0.3
size_sweep_teacher_forced,3x2,tf,10040,,,,overwrite,0.96,0.84,0.84
size_sweep_teacher_forced,3x2,tf,10041,,,,overwrite,1.0,0.16,0.16
size_sweep_teacher_forced,3x2,tf,10042,,,,overwrite,0.98,0.34,0.32
size_sweep_teacher_forced,3x2,tf,10043,,,,overwrite,0.94,0.54,0.56
size_sweep_teacher_forced,3x2,tf,10044,,,,overwrite,0.98,0.0,0.02
size_sweep_teacher_forced,3x2,tf,10045,,,,overwrite,0.96,0.3,0.3
size_sweep_teacher_forced,3x2,tf,10046,,,,overwrite,0.98,0.08,0.06
size_sweep_teacher_forced,3x2,tf,10047,,,,overwrite,0.98,0.98,1.0
size_sweep_teacher_forced,3x2,tf,10048,,,,overwrite,0.96,0.98,0.98
size_sweep,3x3,tf_legacy,9999,33.750003814697266,0.125,166.25000095367432,overwrite,,,
size_sweep,3x3,tf_legacy,10000,67.94999694824219,0.305,132.049973487854,overwrite,,,
size_sweep,3x3,tf_legacy,10001,70.80000305175781,0.32,129.1999740600586,overwrite,,,
size_sweep,3x3,tf_legacy,10002,127.80000305175781,0.62,72.20005798339844,overwrite,,,
size_sweep,3x3,tf_legacy,10003,10.000001907348633,0.0,189.99996185302734,overwrite,,,
size_sweep,3x3,tf_legacy,10004,61.30000686645508,0.27,138.69997215270996,overwrite,,,
size_sweep,3x3,tf_legacy,10005,31.849994659423828,0.115,168.1499662399292,overwrite,,,
size_sweep,3x3,tf_legacy,10006,67.0,0.3,133.0000352859497,overwrite,,,
size_sweep,3x3,tf_legacy,10007,10.000001907348633,0.0,189.99997425079346,overwrite,,,
size_sweep,3x3,tf_legacy,10008,132.5500030517578,0.645,67.44999599456787,overwrite,,,
size_sweep,3x3,tf_legacy,10009,10.000001907348633,0.0,190.00004482269287,overwrite,,,
size_sweep,3x3,tf_legacy,10010,39.44999694824219,0.155,160.5499505996704,overwrite,,,
size_sweep,3x3,tf_legacy,10011,173.40000915527344,0.86,26.600021362304688,overwrite,,,
size_sweep,3x3,tf_legacy,10012,27.099994659423828,0.09,172.89996528625488,overwrite,,,
size_sweep,3x3,tf_legacy,10013,143.9499969482422,0.705,56.049988746643066,overwrite,,,
size_sweep,3x3,tf_legacy,10014,78.40000915527344,0.36,121.60002613067627,overwrite,,,
size_sweep,3x3,tf_legacy,10015,163.89999389648438,0.81,36.099992752075195,overwrite,,,
size_sweep,3x3,tf_legacy,10016,77.45000457763672,0.355,122.54997539520264,overwrite,,,
size_sweep,3x3,tf_legacy,10017,10.000001907348633,0.0,190.00001907348633,overwrite,,,
size_sweep,3x3,tf_legacy,10018,167.70001220703125,0.83,32.30000019073486,overwrite,,,
size_sweep,3x3,tf_legacy,10019,10.000001907348633,0.0,189.99996185302734,overwrite,,,
size_sweep,3x3,tf_legacy,10020,62.25,0.275,137.75007343292236,overwrite,,,
size_sweep,3x3,tf_legacy,10021,175.3000030517578,0.87,24.699995040893555,overwrite,,,
size_sweep,3x3,tf_legacy,10022,77.45001220703125,0.355,122.550048828125,overwrite,,,
size_sweep,3x3,tf_legacy,10023,24.25,0.075,175.7499647140503,overwrite,,,
size_sweep,3x3,tf_legacy,10024,86.94999694824219,0.405,113.05008125305176,overwrite,,,
size_sweep,3x3,tf_legacy,10025,117.35000610351562,0.565,82.64999103546143,overwrite,,,
size_sweep,3x3,tf_legacy,10026,31.849994659423828,0.115,168.1499662399292,overwrite,,,
size_sweep,3x3,tf_legacy,10027,109.75000762939453,0.525,90.24998188018799,overwrite,,,
size_sweep,3x3,tf_legacy,10028,198.10000610351562,0.99,1.8999996185302734,overwrite,,,
size_sweep,3x3,tf_legacy,10029,77.44999694824219,0.355,122.54998207092285,overwrite,,,
size_sweep,3x3,tf_legacy,10030,149.6500244140625,0.735,50.349989891052246,overwrite,,,
size_sweep,3x3,tf_legacy,10031,18.55000114440918,0.045,181.44997215270996,overwrite,,,
size_sweep,3x3,tf_legacy,10032,42.29999542236328,0.17,157.6999683380127,overwrite,,,
size_sweep,3x3,tf_legacy,10033,96.45000457763672,0.455,103.55006122589111,overwrite,,,
size_sweep,3x3,tf_legacy,10034,150.60000610351562,0.74,49.39999008178711,overwrite,,,
size_sweep,3x3,tf_legacy,10035,157.25,0.775,42.74999141693115,overwrite,,,
size_sweep,3x3,tf_legacy,10036,128.75,0.625,71.24998569488525,overwrite,,,
size_sweep,3x3,tf_legacy,10037,21.39999771118164,0.06,178.5999641418457,overwrite,,,
size_sweep,3x3,tf_legacy,10038,87.9000015258789,0.41,112.09997749328613,overwrite,,,
size_sweep,3x3,tf_legacy,10039,23.299997329711914,0.07,176.69996452331543,overwrite,,,
size_sweep,3x3,tf_legacy,10040,114.5,0.55,85.4999828338623,overwrite,,,
size_sweep,3x3,tf_legacy,10041,91.69999694824219,0.43,108.29998588562012,overwrite,,,
size_sweep,3x3,tf_legacy,10042,34.69999694824219,0.13,165.3000955581665,overwrite,,,
size_sweep,3x3,tf_legacy,10043,42.29999542236328,0.17,157.6999683380127,overwrite,,,
size_sweep,3x3,tf_legacy,10044,44.19999694824219,0.18,155.79996871948242,overwrite,,,
size_sweep,3x3,tf_legacy,10045,31.849998474121094,0.115,168.1499662399292,overwrite,,,
size_sweep,3x3,tf_legacy,10046,61.29999542236328,0.27,138.69997215270996,overwrite,,,
size_sweep,3x3,tf_legacy,10047,79.35000610351562,0.365,120.65009689331055,overwrite,,,
size_sweep,3x3,tf_legacy,10048,93.60001373291016,0.44,106.39997863769531,overwrite,,,
size_sweep,3x3,tf_self,9999,123.05000305175781,0.595,76.95002460479736,overwrite,,,
size_sweep,3x3,tf_self,10000,93.60000610351562,0.44,106.39997863769531,overwrite,,,
size_sweep,3x3,tf_self,10001,74.5999984741211,0.34,125.39997482299805,overwrite,,,
size_sweep,3x3,tf_self,10002,113.55000305175781,0.545,86.45006942749023,overwrite,,,
size_sweep,3x3,tf_self,10003,23.30000114440918,0.07,176.69996452331543,overwrite,,,
size_sweep,3x3,tf_self,10004,200.0,1.0,0.0,overwrite,,,
size_sweep,3x3,tf_self,10005,31.849994659423828,0.115,168.1499662399292,overwrite,,,
size_sweep,3x3,tf_self,10006,67.0,0.3,133.0000352859497,overwrite,,,
size_sweep,3x3,tf_self,10007,10.000001907348633,0.0,189.99997425079346,overwrite,,,
size_sweep,3x3,tf_self,10008,68.89999389648438,0.31,131.10002994537354,overwrite,,,
size_sweep,3x3,tf_self,10009,10.000001907348633,0.0,189.99997997283936,overwrite,,,
size_sweep,3x3,tf_self,10010,10.000001907348633,0.0,190.00003814697266,overwrite,,,
size_sweep,3x3,tf_self,10011,200.0,1.0,0.0,overwrite,,,
size_sweep,3x3,tf_self,10012,86.94999694824219,0.405,113.04997730255127,overwrite,,,
size_sweep,3x3,tf_self,10013,152.5,0.75,47.499990463256836,overwrite,,,
size_sweep,3x3,tf_self,10014,69.8499984741211,0.315,130.14997386932373,overwrite,,,
size_sweep,3x3,tf_self,10015,84.0999984741211,0.39,115.89997673034668,overwrite,,,
size_sweep,3x3,tf_self,10016,10.000001907348633,0.0,189.99996185302734,overwrite,,,
size_sweep,3x3,tf_self,10017,10.000001907348633,0.0,189.9999179840088,overwrite,,,
size_sweep,3x3,tf_self,10018,73.6500015258789,0.335,126.35007858276367,overwrite,,,
size_sweep,3x3,tf_self,10019,10.000001907348633,0.0,189.99996185302734,overwrite,,,
size_sweep,3x3,tf_self,10020,10.000001907348633,0.0,190.0000467300415,overwrite,,,
size_sweep,3x3,tf_self,10021,109.75,0.525,90.24998188018799,overwrite,,,
size_sweep,3x3,tf_self,10022,53.69999313354492,0.23,146.30004692077637,overwrite,,,
size_sweep,3x3,tf_self,10023,10.000001907348633,0.0,189.99996185302734,overwrite,,,
size_sweep,3x3,tf_self,10024,23.299997329711914,0.07,176.70014190673828,overwrite,,,
size_sweep,3x3,tf_self,10025,135.39999389648438,0.66,64.59999942779541,overwrite,,,
size_sweep,3x3,tf_self,10026,91.69999694824219,0.43,108.29997825622559,overwrite,,,
size_sweep,3x3,tf_self,10027,54.650001525878906,0.235,145.34997081756592,overwrite,,,
size_sweep,3x3,tf_self,10028,89.80000305175781,0.42,110.19997787475586,overwrite,,,
size_sweep,3x3,tf_self,10029,124.0,0.6,76.00002002716064,overwrite,,,
size_sweep,3x3,tf_self,10030,50.84999465942383,0.215,149.15011978149414,overwrite,,,
size_sweep,3x3,tf_self,10031,10.000001907348633,0.0,189.99996185302734,overwrite,,,
size_sweep,3x3,tf_self,10032,58.45000457763672,0.255,141.54997158050537,overwrite,,,
size_sweep,3x3,tf_self,10033,105.0,0.5,95.00003719329834,overwrite,,,
size_sweep,3x3,tf_self,10034,200.0,1.0,0.0,overwrite,,,
size_sweep,3x3,tf_self,10035,113.55000305175781,0.545,86.44998264312744,overwrite,,,
size_sweep,3x3,tf_self,10036,10.000001907348633,0.0,189.99996185302734,overwrite,,,
size_sweep,3x3,tf_self,10037,10.000001907348633,0.0,189.99996185302734,overwrite,,,
size_sweep,3x3,tf_self,10038,121.1500015258789,0.585,78.84998416900635,overwrite,,,
size_sweep,3x3,tf_self,10039,181.95001220703125,0.905,18.049996376037598,overwrite,,,
size_sweep,3x3,tf_self,10040,10.950000762939453,0.005,189.0499620437622,overwrite,,,
size_sweep,3x3,tf_self,10041,10.000001907348633,0.0,190.00011444091797,overwrite,,,
size_sweep,3x3,tf_self,10042,48.94999694824219,0.205,151.0500946044922,overwrite,,,
size_sweep,3x3,tf_self,10043,10.000001907348633,0.0,189.99996185302734,overwrite,,,
size_sweep,3x3,tf_self,10044,139.20001220703125,0.68,60.79998779296875,overwrite,,,
size_sweep,3x3,tf_self,10045,59.39999771118164,0.26,140.59997177124023,overwrite,,,
size_sweep,3x3,tf_self,10046,95.50000762939453,0.45,104.49997901916504,overwrite,,,
size_sweep,3x3,tf_self,10047,50.849998474121094,0.215,149.15011978149414,overwrite,,,
size_sweep,3x3,tf_self,10048,200.0,1.0,0.0,overwrite,,,
size_sweep,3x3,optimal,9999,200.0,1.0,0.0,overwrite,,,
size_sweep,3x3,optimal,10000,200.0,1.0,0.0,overwrite,,,
size_sweep,3x3,optimal,10001,200.0,1.0,0.0,overwrite,,,
size_sweep,3x3,optimal,10002,200.0,1.0,0.0,overwrite,,,
size_sweep,3x3,optimal,10003,200.0,1.0,0.0,overwrite,,,
size_sweep,3x3,optimal,10004,200.0,1.0,0.0,overwrite,,,
size_sweep,3x3,optimal,10005,200.0,1.0,0.0,overwrite,,,
size_sweep,3x3,optimal,10006,200.0,1.0,0.0,overwrite,,,
size_sweep,3x3,optimal,10007,200.0,1.0,0.0,overwrite,,,
size_sweep,3x3,optimal,10008,200.0,1.0,0.0,overwrite,,,
size_sweep,3x3,optimal,10009,200.0,1.0,0.0,overwrite,,,
size_sweep,3x3,optimal,10010,200.0,1.0,0.0,overwrite,,,
size_sweep,3x3,optimal,10011,200.0,1.0,0.0,overwrite,,,
size_sweep,3x3,optimal,10012,200.0,1.0,0.0,overwrite,,,
size_sweep,3x3,optimal,10013,200.0,1.0,0.0,overwrite,,,
size_sweep,3x3,optimal,10014,200.0,1.0,0.0,overwrite,,,
size_sweep,3x3,optimal,10015,200.0,1.0,0.0,overwrite,,,
size_sweep,3x3,optimal,10016,200.0,1.0,0.0,overwrite,,,
size_sweep,3x3,optimal,10017,200.0,1.0,0.0,overwrite,,,
size_sweep,3x3,optimal,10018,200.0,1.0,0.0,overwrite,,,
size_sweep,3x3,optimal,10019,200.0,1.0,0.0,overwrite,,,
size_sweep,3x3,optimal,10020,200.0,1.0,0.0,overwrite,,,
size_sweep,3x3,optimal,10021,200.0,1.0,0.0,overwrite,,,
size_sweep,3x3,optimal,10022,200.0,1.0,0.0,overwrite,,,
size_sweep,3x3,optimal,10023,200.0,1.0,0.0,overwrite,,,
size_sweep,3x3,optimal,10024,200.0,1.0,0.0,overwrite,,,
size_sweep,3x3,optimal,10025,200.0,1.0,0.0,overwrite,,,
size_sweep,3x3,optimal,10026,200.0,1.0,0.0,overwrite,,,
size_sweep,3x3,optimal,10027,200.0,1.0,0.0,overwrite,,,
size_sweep,3x3,optimal,10028,200.0,1.0,0.0,overwrite,,,
size_sweep,3x3,optimal,10029,200.0,1.0,0.0,overwrite,,,
size_sweep,3x3,optimal,10030,200.0,1.0,0.0,overwrite,,,
size_sweep,3x3,optimal,10031,200.0,1.0,0.0,overwrite,,,
size_sweep,3x3,optimal,10032,200.0,1.0,0.0,overwrite,,,
size_sweep,3x3,optimal,10033,200.0,1.0,0.0,overwrite,,,
size_sweep,3x3,optimal,10034,200.0,1.0,0.0,overwrite,,,
size_sweep,3x3,optimal,10035,200.0,1.0,0.0,overwrite,,,
size_sweep,3x3,optimal,10036,200.0,1.0,0.0,overwrite,,,
size_sweep,3x3,optimal,10037,200.0,1.0,0.0,overwrite,,,
size_sweep,3x3,optimal,10038,200.0,1.0,0.0,overwrite,,,
size_sweep,3x3,optimal,10039,200.0,1.0,0.0,overwrite,,,
size_sweep,3x3,optimal,10040,200.0,1.0,0.0,overwrite,,,
size_sweep,3x3,optimal,10041,200.0,1.0,0.0,overwrite,,,
size_sweep,3x3,optimal,10042,200.0,1.0,0.0,overwrite,,,
size_sweep,3x3,optimal,10043,200.0,1.0,0.0,overwrite,,,
size_sweep,3x3,optimal,10044,200.0,1.0,0.0,overwrite,,,
size_sweep,3x3,optimal,10045,200.0,1.0,0.0,overwrite,,,
size_sweep,3x3,optimal,10046,200.0,1.0,0.0,overwrite,,,
size_sweep,3x3,optimal,10047,200.0,1.0,0.0,overwrite,,,
size_sweep,3x3,optimal,10048,200.0,1.0,0.0,overwrite,,,
size_sweep,3x3,random,9999,76.50000762939453,0.35,123.5000057220459,overwrite,,,
size_sweep,3x3,random,10000,69.85000610351562,0.315,130.14997386932373,overwrite,,,
size_sweep,3x3,random,10001,79.35000610351562,0.365,120.64997577667236,overwrite,,,
size_sweep,3x3,random,10002,86.0,0.4,114.00007438659668,overwrite,,,
size_sweep,3x3,random,10003,81.25,0.375,118.7499771118164,overwrite,,,
size_sweep,3x3,random,10004,71.75000762939453,0.325,128.24997425079346,overwrite,,,
size_sweep,3x3,random,10005,76.5,0.35,123.49997520446777,overwrite,,,
size_sweep,3x3,random,10006,82.19999694824219,0.38,117.80006122589111,overwrite,,,
size_sweep,3x3,random,10007,70.80000305175781,0.32,129.20004653930664,overwrite,,,
size_sweep,3x3,random,10008,71.75,0.325,128.25000381469727,overwrite,,,
size_sweep,3x3,random,10009,58.44999694824219,0.255,141.55003452301025,overwrite,,,
size_sweep,3x3,random,10010,60.349998474121094,0.265,139.64999294281006,overwrite,,,
size_sweep,3x3,random,10011,83.1500015258789,0.385,116.85009384155273,overwrite,,,
size_sweep,3x3,random,10012,74.60000610351562,0.34,125.39997482299805,overwrite,,,
size_sweep,3x3,random,10013,77.45000457763672,0.355,122.54997539520264,overwrite,,,
size_sweep,3x3,random,10014,72.69999694824219,0.33,127.29999732971191,overwrite,,,
size_sweep,3x3,random,10015,78.4000015258789,0.36,121.5999927520752,overwrite,,,
size_sweep,3x3,random,10016,67.0,0.3,132.99997329711914,overwrite,,,
size_sweep,3x3,random,10017,65.09999084472656,0.29,134.89998245239258,overwrite,,,
size_sweep,3x3,random,10018,68.89999389648438,0.31,131.10001182556152,overwrite,,,
size_sweep,3x3,random,10019,67.94999694824219,0.305,132.049973487854,overwrite,,,
size_sweep,3x3,random,10020,66.05000305175781,0.295,133.95002269744873,overwrite,,,
size_sweep,3x3,random,10021,74.60000610351562,0.34,125.39997482299805,overwrite,,,
size_sweep,3x3,random,10022,65.0999984741211,0.29,134.90000915527344,overwrite,,,
size_sweep,3x3,random,10023,79.35000610351562,0.365,120.64997577667236,overwrite,,,
size_sweep,3x3,random,10024,68.9000015258789,0.31,131.10007286071777,overwrite,,,
size_sweep,3x3,random,10025,74.59999084472656,0.34,125.4000015258789,overwrite,,,
size_sweep,3x3,random,10026,75.55000305175781,0.345,124.44997501373291,overwrite,,,
size_sweep,3x3,random,10027,63.20000076293945,0.28,136.7999725341797,overwrite,,,
size_sweep,3x3,random,10028,80.30000305175781,0.37,119.69997596740723,overwrite,,,
size_sweep,3x3,random,10029,58.44999694824219,0.255,141.55000019073486,overwrite,,,
size_sweep,3x3,random,10030,80.30000305175781,0.37,119.70004844665527,overwrite,,,
size_sweep,3x3,random,10031,78.40000915527344,0.36,121.59999656677246,overwrite,,,
size_sweep,3x3,random,10032,75.55000305175781,0.345,124.44997501373291,overwrite,,,
size_sweep,3x3,random,10033,70.80000305175781,0.32,129.2000560760498,overwrite,,,
size_sweep,3x3,random,10034,73.64999389648438,0.335,126.34997463226318,overwrite,,,
size_sweep,3x3,random,10035,73.6500015258789,0.335,126.35002899169922,overwrite,,,
size_sweep,3x3,random,10036,81.25,0.375,118.74999046325684,overwrite,,,
size_sweep,3x3,random,10037,65.0999984741211,0.29,134.89999103546143,overwrite,,,
size_sweep,3x3,random,10038,86.0,0.4,113.9999771118164,overwrite,,,
size_sweep,3x3,random,10039,82.20000457763672,0.38,117.79997634887695,overwrite,,,
size_sweep,3x3,random,10040,60.349998474121094,0.265,139.6500186920166,overwrite,,,
size_sweep,3x3,random,10041,72.70000457763672,0.33,127.30004787445068,overwrite,,,
size_sweep,3x3,random,10042,65.0999984741211,0.29,134.90005207061768,overwrite,,,
size_sweep,3x3,random,10043,76.5,0.35,123.49997520446777,overwrite,,,
size_sweep,3x3,random,10044,70.80000305175781,0.32,129.19999885559082,overwrite,,,
size_sweep,3x3,random,10045,76.5,0.35,123.49997520446777,overwrite,,,
size_sweep,3x3,random,10046,70.79999542236328,0.32,129.1999740600586,overwrite,,,
size_sweep,3x3,random,10047,75.55000305175781,0.345,124.45005130767822,overwrite,,,
size_sweep,3x3,random,10048,85.05000305175781,0.395,114.94997692108154,overwrite,,,
size_sweep_teacher_forced,3x3,tf,9999,,,,overwrite,0.96,0.04,0.0
size_sweep_teacher_forced,3x3,tf,10000,,,,overwrite,0.94,0.2,0.22
size_sweep_teacher_forced,3x3,tf,10001,,,,overwrite,0.98,0.32,0.32
size_sweep_teacher_forced,3x3,tf,10002,,,,overwrite,0.94,0.92,0.98
size_sweep_teacher_forced,3x3,tf,10003,,,,overwrite,0.94,0.92,0.92
size_sweep_teacher_forced,3x3,tf,10004,,,,overwrite,0.94,0.8,0.8
size_sweep_teacher_forced,3x3,tf,10005,,,,overwrite,0.96,0.42,0.44
size_sweep_teacher_forced,3x3,tf,10006,,,,overwrite,0.96,0.02,0.0
size_sweep_teacher_forced,3x3,tf,10007,,,,overwrite,1.0,0.02,0.02
size_sweep_teacher_forced,3x3,tf,10008,,,,overwrite,0.96,0.68,0.7
size_sweep_teacher_forced,3x3,tf,10009,,,,overwrite,0.94,0.04,0.04
size_sweep_teacher_forced,3x3,tf,10010,,,,overwrite,0.96,0.8,0.8
size_sweep_teacher_forced,3x3,tf,10011,,,,overwrite,0.96,0.46,0.5
size_sweep_teacher_forced,3x3,tf,10012,,,,overwrite,0.98,0.98,1.0
size_sweep_teacher_forced,3x3,tf,10013,,,,overwrite,0.98,0.96,0.98
size_sweep_teacher_forced,3x3,tf,10014,,,,overwrite,1.0,0.44,0.44
size_sweep_teacher_forced,3x3,tf,10015,,,,overwrite,0.96,0.44,0.42
size_sweep_teacher_forced,3x3,tf,10016,,,,overwrite,0.98,0.34,0.36
size_sweep_teacher_forced,3x3,tf,10017,,,,overwrite,0.96,0.36,0.4
size_sweep_teacher_forced,3x3,tf,10018,,,,overwrite,0.96,0.94,0.96
size_sweep_teacher_forced,3x3,tf,10019,,,,overwrite,0.94,0.46,0.46
size_sweep_teacher_forced,3x3,tf,10020,,,,overwrite,0.98,0.4,0.38
size_sweep_teacher_forced,3x3,tf,10021,,,,overwrite,0.98,0.02,0.04
size_sweep_teacher_forced,3x3,tf,10022,,,,overwrite,0.98,0.02,0.0
size_sweep_teacher_forced,3x3,tf,10023,,,,overwrite,0.96,0.34,0.3
size_sweep_teacher_forced,3x3,tf,10024,,,,overwrite,0.96,0.38,0.4
size_sweep_teacher_forced,3x3,tf,10025,,,,overwrite,0.98,0.0,0.02
size_sweep_teacher_forced,3x3,tf,10026,,,,overwrite,0.94,0.06,0.04
size_sweep_teacher_forced,3x3,tf,10027,,,,overwrite,0.92,0.36,0.4
size_sweep_teacher_forced,3x3,tf,10028,,,,overwrite,0.94,0.92,0.98
size_sweep_teacher_forced,3x3,tf,10029,,,,overwrite,0.96,0.02,0.02
size_sweep_teacher_forced,3x3,tf,10030,,,,overwrite,0.96,0.02,0.0
size_sweep_teacher_forced,3x3,tf,10031,,,,overwrite,0.96,0.96,0.98
size_sweep_teacher_forced,3x3,tf,10032,,,,overwrite,0.96,0.46,0.48
size_sweep_teacher_forced,3x3,tf,10033,,,,overwrite,0.96,0.16,0.16
size_sweep_teacher_forced,3x3,tf,10034,,,,overwrite,0.98,0.48,0.5
size_sweep_teacher_forced,3x3,tf,10035,,,,overwrite,0.94,0.42,0.42
size_sweep_teacher_forced,3x3,tf,10036,,,,overwrite,0.98,0.54,0.56
size_sweep_teacher_forced,3x3,tf,10037,,,,overwrite,0.94,0.14,0.16
size_sweep_teacher_forced,3x3,tf,10038,,,,overwrite,0.98,0.4,0.4
size_sweep_teacher_forced,3x3,tf,10039,,,,overwrite,0.94,0.02,0.02
size_sweep_teacher_forced,3x3,tf,10040,,,,overwrite,1.0,0.2,0.2
size_sweep_teacher_forced,3x3,tf,10041,,,,overwrite,0.98,0.66,0.68
size_sweep_teacher_forced,3x3,tf,10042,,,,overwrite,0.88,0.8,0.92
size_sweep_teacher_forced,3x3,tf,10043,,,,overwrite,0.94,0.56,0.58
size_sweep_teacher_forced,3x3,tf,10044,,,,overwrite,0.94,0.9,0.92
size_sweep_teacher_forced,3x3,tf,10045,,,,overwrite,0.96,0.7,0.74
size_sweep_teacher_forced,3x3,tf,10046,,,,overwrite,1.0,0.14,0.14
size_sweep_teacher_forced,3x3,tf,10047,,,,overwrite,0.96,0.88,0.84
size_sweep_teacher_forced,3x3,tf,10048,,,,overwrite,0.96,0.38,0.36
size_sweep,3x4,tf_legacy,9999,77.44999694824219,0.355,122.54997539520264,overwrite,,,
size_sweep,3x4,tf_legacy,10000,165.8000030517578,0.82,34.19999313354492,overwrite,,,
size_sweep,3x4,tf_legacy,10001,74.60000610351562,0.34,125.39991855621338,overwrite,,,
size_sweep,3x4,tf_legacy,10002,23.299997329711914,0.07,176.70008277893066,overwrite,,,
size_sweep,3x4,tf_legacy,10003,159.14999389648438,0.785,40.84999179840088,overwrite,,,
size_sweep,3x4,tf_legacy,10004,48.000003814697266,0.2,151.999981880188,overwrite,,,
size_sweep,3x4,tf_legacy,10005,26.14999771118164,0.085,173.8499813079834,overwrite,,,
size_sweep,3x4,tf_legacy,10006,21.399999618530273,0.06,178.60002517700195,overwrite,,,
size_sweep,3x4,tf_legacy,10007,10.000001907348633,0.0,189.99996185302734,overwrite,,,
size_sweep,3x4,tf_legacy,10008,59.400001525878906,0.26,140.59997177124023,overwrite,,,
size_sweep,3x4,tf_legacy,10009,10.000001907348633,0.0,190.00000381469727,overwrite,,,
size_sweep,3x4,tf_legacy,10010,17.599998474121094,0.04,182.39996337890625,overwrite,,,
size_sweep,3x4,tf_legacy,10011,81.25,0.375,118.75003814697266,overwrite,,,
size_sweep,3x4,tf_legacy,10012,67.0,0.3,132.99993515014648,overwrite,,,
size_sweep,3x4,tf_legacy,10013,71.75000762939453,0.325,128.25004959106445,overwrite,,,
size_sweep,3x4,tf_legacy,10014,10.000001907348633,0.0,189.99999332427979,overwrite,,,
size_sweep,3x4,tf_legacy,10015,44.20000457763672,0.18,155.79996871948242,overwrite,,,
size_sweep,3x4,tf_legacy,10016,10.000001907348633,0.0,189.99996185302734,overwrite,,,
size_sweep,3x4,tf_legacy,10017,22.349998474121094,0.065,177.65001964569092,overwrite,,,
size_sweep,3x4,tf_legacy,10018,31.84999656677246,0.115,168.15002632141113,overwrite,,,
size_sweep,3x4,tf_legacy,10019,42.29999923706055,0.17,157.69997692108154,overwrite,,,
size_sweep,3x4,tf_legacy,10020,117.35000610351562,0.565,82.6500072479248,overwrite,,,
size_sweep,3x4,tf_legacy,10021,57.499996185302734,0.25,142.4999713897705,overwrite,,,
size_sweep,3x4,tf_legacy,10022,50.850006103515625,0.215,149.14997005462646,overwrite,,,
size_sweep,3x4,tf_legacy,10023,10.000001907348633,0.0,189.99996185302734,overwrite,,,
size_sweep,3x4,tf_legacy,10024,28.049997329711914,0.095,171.94996547698975,overwrite,,,
size_sweep,3x4,tf_legacy,10025,88.8499984741211,0.415,111.14997863769531,overwrite,,,
size_sweep,3x4,tf_legacy,10026,50.849998474121094,0.215,149.15009021759033,overwrite,,,
size_sweep,3x4,tf_legacy,10027,52.750003814697266,0.225,147.25003719329834,overwrite,,,
size_sweep,3x4,tf_legacy,10028,10.000001907348633,0.0,189.99996185302734,overwrite,,,
size_sweep,3x4,tf_legacy,10029,136.35000610351562,0.665,63.65005111694336,overwrite,,,
size_sweep,3x4,tf_legacy,10030,51.80000686645508,0.22,148.19997024536133,overwrite,,,
size_sweep,3x4,tf_legacy,10031,10.000001907348633,0.0,190.00003623962402,overwrite,,,
size_sweep,3x4,tf_legacy,10032,48.95000076293945,0.205,151.04996967315674,overwrite,,,
size_sweep,3x4,tf_legacy,10033,10.000001907348633,0.0,190.0000295639038,overwrite,,,
size_sweep,3x4,tf_legacy,10034,112.60000610351562,0.54,87.40006351470947,overwrite,,,
size_sweep,3x4,tf_legacy,10035,16.64999771118164,0.035,183.34997081756592,overwrite,,,
size_sweep,3x4,tf_legacy,10036,44.19999694824219,0.18,155.79993343353271,overwrite,,,
size_sweep,3x4,tf_legacy,10037,111.64999389648438,0.535,88.35004043579102,overwrite,,,
size_sweep,3x4,tf_legacy,10038,52.749996185302734,0.225,147.2499704360962,overwrite,,,
size_sweep,3x4,tf_legacy,10039,90.75000762939453,0.425,109.25004386901855,overwrite,,,
size_sweep,3x4,tf_legacy,10040,28.999998092651367,0.1,170.99998474121094,overwrite,,,
size_sweep,3x4,tf_legacy,10041,85.05000305175781,0.395,114.94997692108154,overwrite,,,
size_sweep,3x4,tf_legacy,10042,47.999996185302734,0.2,151.99996948242188,overwrite,,,
size_sweep,3x4,tf_legacy,10043,10.000001907348633,0.0,189.99993896484375,overwrite,,,
size_sweep,3x4,tf_legacy,10044,87.9000015258789,0.41,112.09997749328613,overwrite,,,
size_sweep,3x4,tf_legacy,10045,53.70000076293945,0.23,146.29997062683105,overwrite,,,
size_sweep,3x4,tf_legacy,10046,88.85000610351562,0.415,111.15006732940674,overwrite,,,
size_sweep,3x4,tf_legacy,10047,10.000001907348633,0.0,189.99996185302734,overwrite,,,
size_sweep,3x4,tf_legacy,10048,10.000001907348633,0.0,189.99996185302734,overwrite,,,
size_sweep,3x4,tf_self,9999,10.000001907348633,0.0,189.99996185302734,overwrite,,,
size_sweep,3x4,tf_self,10000,159.15000915527344,0.785,40.84999179840088,overwrite,,,
size_sweep,3x4,tf_self,10001,10.000001907348633,0.0,189.99996185302734,overwrite,,,
size_sweep,3x4,tf_self,10002,80.29999542236328,0.37,119.70004367828369,overwrite,,,
size_sweep,3x4,tf_self,10003,24.25,0.075,175.7499647140503,overwrite,,,
size_sweep,3x4,tf_self,10004,17.599998474121094,0.04,182.39996337890625,overwrite,,,
size_sweep,3x4,tf_self,10005,26.14999771118164,0.085,173.84996509552002,overwrite,,,
size_sweep,3x4,tf_self,10006,30.899995803833008,0.11,169.10000228881836,overwrite,,,
size_sweep,3x4,tf_self,10007,10.000001907348633,0.0,189.99996185302734,overwrite,,,
size_sweep,3x4,tf_self,10008,10.000001907348633,0.0,189.99996185302734,overwrite,,,
size_sweep,3x4,tf_self,10009,34.70000076293945,0.13,165.29998683929443,overwrite,,,
size_sweep,3x4,tf_self,10010,10.000001907348633,0.0,189.99996185302734,overwrite,,,
size_sweep,3x4,tf_self,10011,10.000001907348633,0.0,190.0000877380371,overwrite,,,
size_sweep,3x4,tf_self,10012,10.000001907348633,0.0,189.99996185302734,overwrite,,,
size_sweep,3x4,tf_self,10013,10.000001907348633,0.0,190.00015258789062,overwrite,,,
size_sweep,3x4,tf_self,10014,10.000001907348633,0.0,190.00010585784912,overwrite,,,
size_sweep,3x4,tf_self,10015,141.10000610351562,0.69,58.89998817443848,overwrite,,,
size_sweep,3x4,tf_self,10016,67.94999694824219,0.305,132.049973487854,overwrite,,,
size_sweep,3x4,tf_self,10017,10.000001907348633,0.0,190.00003147125244,overwrite,,,
size_sweep,3x4,tf_self,10018,48.94999694824219,0.205,151.05012130737305,overwrite,,,
size_sweep,3x4,tf_self,10019,10.000001907348633,0.0,189.99995613098145,overwrite,,,
size_sweep,3x4,tf_self,10020,10.000001907348633,0.0,189.99996185302734,overwrite,,,
size_sweep,3x4,tf_self,10021,59.39999771118164,0.26,140.59997177124023,overwrite,,,
size_sweep,3x4,tf_self,10022,78.4000015258789,0.36,121.5999755859375,overwrite,,,
size_sweep,3x4,tf_self,10023,10.000001907348633,0.0,189.99996185302734,overwrite,,,
size_sweep,3x4,tf_self,10024,93.60000610351562,0.44,106.39997863769531,overwrite,,,
size_sweep,3x4,tf_self,10025,25.199996948242188,0.08,174.80002403259277,overwrite,,,
size_sweep,3x4,tf_self,10026,37.54999542236328,0.145,162.45013046264648,overwrite,,,
size_sweep,3x4,tf_self,10027,10.000001907348633,0.0,189.99996185302734,overwrite,,,
size_sweep,3x4,tf_self,10028,10.000001907348633,0.0,189.99996185302734,overwrite,,,
size_sweep,3x4,tf_self,10029,10.000001907348633,0.0,190.00015258789062,overwrite,,,
size_sweep,3x4,tf_self,10030,70.79999542236328,0.32,129.1999740600586,overwrite,,,
size_sweep,3x4,tf_self,10031,76.5,0.35,123.49999523162842,overwrite,,,
size_sweep,3x4,tf_self,10032,10.000001907348633,0.0,189.99996185302734,overwrite,,,
size_sweep,3x4,tf_self,10033,10.000001907348633,0.0,189.9998779296875,overwrite,,,
size_sweep,3x4,tf_self,10034,10.000001907348633,0.0,190.00012969970703,overwrite,,,
size_sweep,3x4,tf_self,10035,10.000001907348633,0.0,190.00010681152344,overwrite,,,
size_sweep,3x4,tf_self,10036,10.000001907348633,0.0,189.99995613098145,overwrite,,,
size_sweep,3x4,tf_self,10037,75.55000305175781,0.345,124.45002746582031,overwrite,,,
size_sweep,3x4,tf_self,10038,54.64999771118164,0.235,145.34997081756592,overwrite,,,
size_sweep,3x4,tf_self,10039,102.15000915527344,0.485,97.85002613067627,overwrite,,,
size_sweep,3x4,tf_self,10040,10.000001907348633,0.0,190.00000095367432,overwrite,,,
size_sweep,3x4,tf_self,10041,10.000001907348633,0.0,189.99996185302734,overwrite,,,
size_sweep,3x4,tf_self,10042,47.999996185302734,0.2,151.99996948242188,overwrite,,,
size_sweep,3x4,tf_self,10043,10.000001907348633,0.0,190.00006866455078,overwrite,,,
size_sweep,3x4,tf_self,10044,10.000001907348633,0.0,189.99996185302734,overwrite,,,
size_sweep,3x4,tf_self,10045,45.14999771118164,0.185,154.84996891021729,overwrite,,,
size_sweep,3x4,tf_self,10046,77.44999694824219,0.355,122.55003452301025,overwrite,,,
size_sweep,3x4,tf_self,10047,10.000001907348633,0.0,189.99996185302734,overwrite,,,
size_sweep,3x4,tf_self,10048,10.000001907348633,0.0,189.99996185302734,overwrite,,,
size_sweep,3x4,optimal,9999,200.0,1.0,0.0,overwrite,,,
size_sweep,3x4,optimal,10000,200.0,1.0,0.0,overwrite,,,
size_sweep,3x4,optimal,10001,200.0,1.0,0.0,overwrite,,,
size_sweep,3x4,optimal,10002,200.0,1.0,0.0,overwrite,,,
size_sweep,3x4,optimal,10003,200.0,1.0,0.0,overwrite,,,
size_sweep,3x4,optimal,10004,200.0,1.0,0.0,overwrite,,,
size_sweep,3x4,optimal,10005,200.0,1.0,0.0,overwrite,,,
size_sweep,3x4,optimal,10006,200.0,1.0,0.0,overwrite,,,
size_sweep,3x4,optimal,10007,200.0,1.0,0.0,overwrite,,,
size_sweep,3x4,optimal,10008,200.0,1.0,0.0,overwrite,,,
size_sweep,3x4,optimal,10009,200.0,1.0,0.0,overwrite,,,
size_sweep,3x4,optimal,10010,200.0,1.0,0.0,overwrite,,,
size_sweep,3x4,optimal,10011,200.0,1.0,0.0,overwrite,,,
size_sweep,3x4,optimal,10012,200.0,1.0,0.0,overwrite,,,
size_sweep,3x4,optimal,10013,200.0,1.0,0.0,overwrite,,,
size_sweep,3x4,optimal,10014,200.0,1.0,0.0,overwrite,,,
size_sweep,3x4,optimal,10015,200.0,1.0,0.0,overwrite,,,
size_sweep,3x4,optimal,10016,200.0,1.0,0.0,overwrite,,,
size_sweep,3x4,optimal,10017,200.0,1.0,0.0,overwrite,,,
size_sweep,3x4,optimal,10018,200.0,1.0,0.0,overwrite,,,
size_sweep,3x4,optimal,10019,200.0,1.0,0.0,overwrite,,,
size_sweep,3x4,optimal,10020,200.0,1.0,0.0,overwrite,,,
size_sweep,3x4,optimal,10021,200.0,1.0,0.0,overwrite,,,
size_sweep,3x4,optimal,10022,200.0,1.0,0.0,overwrite,,,
size_sweep,3x4,optimal,10023,200.0,1.0,0.0,overwrite,,,
size_sweep,3x4,optimal,10024,200.0,1.0,0.0,overwrite,,,
size_sweep,3x4,optimal,10025,200.0,1.0,0.0,overwrite,,,
size_sweep,3x4,optimal,10026,200.0,1.0,0.0,overwrite,,,
size_sweep,3x4,optimal,10027,200.0,1.0,0.0,overwrite,,,
size_sweep,3x4,optimal,10028,200.0,1.0,0.0,overwrite,,,
size_sweep,3x4,optimal,10029,200.0,1.0,0.0,overwrite,,,
size_sweep,3x4,optimal,10030,200.0,1.0,0.0,overwrite,,,
size_sweep,3x4,optimal,10031,200.0,1.0,0.0,overwrite,,,
size_sweep,3x4,optimal,10032,200.0,1.0,0.0,overwrite,,,
size_sweep,3x4,optimal,10033,200.0,1.0,0.0,overwrite,,,
size_sweep,3x4,optimal,10034,200.0,1.0,0.0,overwrite,,,
size_sweep,3x4,optimal,10035,200.0,1.0,0.0,overwrite,,,
size_sweep,3x4,optimal,10036,200.0,1.0,0.0,overwrite,,,
size_sweep,3x4,optimal,10037,200.0,1.0,0.0,overwrite,,,
size_sweep,3x4,optimal,10038,200.0,1.0,0.0,overwrite,,,
size_sweep,3x4,optimal,10039,200.0,1.0,0.0,overwrite,,,
size_sweep,3x4,optimal,10040,200.0,1.0,0.0,overwrite,,,
size_sweep,3x4,optimal,10041,200.0,1.0,0.0,overwrite,,,
size_sweep,3x4,optimal,10042,200.0,1.0,0.0,overwrite,,,
size_sweep,3x4,optimal,10043,200.0,1.0,0.0,overwrite,,,
size_sweep,3x4,optimal,10044,200.0,1.0,0.0,overwrite,,,
size_sweep,3x4,optimal,10045,200.0,1.0,0.0,overwrite,,,
size_sweep,3x4,optimal,10046,200.0,1.0,0.0,overwrite,,,
size_sweep,3x4,optimal,10047,200.0,1.0,0.0,overwrite,,,
size_sweep,3x4,optimal,10048,200.0,1.0,0.0,overwrite,,,
size_sweep,3x4,random,9999,53.69999694824219,0.23,146.29997062683105,overwrite,,,
size_sweep,3x4,random,10000,61.29999542236328,0.27,138.70001029968262,overwrite,,,
size_sweep,3x4,random,10001,52.749996185302734,0.225,147.24997520446777,overwrite,,,
size_sweep,3x4,random,10002,63.19999694824219,0.28,136.8000249862671,overwrite,,,
size_sweep,3x4,random,10003,51.79999542236328,0.22,148.19993686676025,overwrite,,,
size_sweep,3x4,random,10004,57.5,0.25,142.49999141693115,overwrite,,,
size_sweep,3x4,random,10005,56.54999542236328,0.245,143.45000171661377,overwrite,,,
size_sweep,3x4,random,10006,54.650001525878906,0.235,145.35002326965332,overwrite,,,
size_sweep,3x4,random,10007,48.94999694824219,0.205,151.04996967315674,overwrite,,,
size_sweep,3x4,random,10008,45.149993896484375,0.185,154.84996891021729,overwrite,,,
size_sweep,3x4,random,10009,64.14999389648438,0.285,135.85001182556152,overwrite,,,
size_sweep,3x4,random,10010,53.69999694824219,0.23,146.29997062683105,overwrite,,,
size_sweep,3x4,random,10011,49.89999771118164,0.21,150.10007762908936,overwrite,,,
size_sweep,3x4,random,10012,57.5,0.25,142.4999713897705,overwrite,,,
size_sweep,3x4,random,10013,47.999996185302734,0.2,152.0000696182251,overwrite,,,
size_sweep,3x4,random,10014,57.5,0.25,142.50001049041748,overwrite,,,
size_sweep,3x4,random,10015,59.400001525878906,0.26,140.59997177124023,overwrite,,,
size_sweep,3x4,random,10016,61.29999923706055,0.27,138.69997215270996,overwrite,,,
size_sweep,3x4,random,10017,61.30000305175781,0.27,138.69999408721924,overwrite,,,
size_sweep,3x4,random,10018,66.05000305175781,0.295,133.95004177093506,overwrite,,,
size_sweep,3x4,random,10019,52.749996185302734,0.225,147.25000095367432,overwrite,,,
size_sweep,3x4,random,10020,52.75,0.225,147.2500057220459,overwrite,,,
size_sweep,3x4,random,10021,53.70000076293945,0.23,146.29998970031738,overwrite,,,
size_sweep,3x4,random,10022,59.39999771118164,0.26,140.59997177124023,overwrite,,,
size_sweep,3x4,random,10023,58.45000076293945,0.255,141.54997158050537,overwrite,,,
size_sweep,3x4,random,10024,56.54999542236328,0.245,143.44997119903564,overwrite,,,
size_sweep,3x4,random,10025,61.29999542236328,0.27,138.69994831085205,overwrite,,,
size_sweep,3x4,random,10026,47.04999542236328,0.195,152.95007133483887,overwrite,,,
size_sweep,3x4,random,10027,53.69999694824219,0.23,146.29998970031738,overwrite,,,
size_sweep,3x4,random,10028,49.899993896484375,0.21,150.0999698638916,overwrite,,,
size_sweep,3x4,random,10029,55.599998474121094,0.24,144.40011596679688,overwrite,,,
size_sweep,3x4,random,10030,56.54999923706055,0.245,143.44997119903564,overwrite,,,
size_sweep,3x4,random,10031,55.599998474121094,0.24,144.40001583099365,overwrite,,,
size_sweep,3x4,random,10032,61.29999542236328,0.27,138.69997215270996,overwrite,,,
size_sweep,3x4,random,10033,69.8499984741211,0.315,130.1500015258789,overwrite,,,
size_sweep,3x4,random,10034,66.05000305175781,0.295,133.9500732421875,overwrite,,,
size_sweep,3x4,random,10035,64.14999389648438,0.285,135.85000228881836,overwrite,,,
size_sweep,3x4,random,10036,49.89999771118164,0.21,150.09999084472656,overwrite,,,
size_sweep,3x4,random,10037,51.80000305175781,0.22,148.2000207901001,overwrite,,,
size_sweep,3x4,random,10038,59.39999771118164,0.26,140.59997177124023,overwrite,,,
size_sweep,3x4,random,10039,56.54999542236328,0.245,143.45002269744873,overwrite,,,
size_sweep,3x4,random,10040,61.29999923706055,0.27,138.70000743865967,overwrite,,,
size_sweep,3x4,random,10041,48.0,0.2,151.99996948242188,overwrite,,,
size_sweep,3x4,random,10042,51.79999923706055,0.22,148.19997024536133,overwrite,,,
size_sweep,3x4,random,10043,61.29999542236328,0.27,138.70004653930664,overwrite,,,
size_sweep,3x4,random,10044,47.999996185302734,0.2,151.99996948242188,overwrite,,,
size_sweep,3x4,random,10045,57.499996185302734,0.25,142.4999713897705,overwrite,,,
size_sweep,3x4,random,10046,59.39999771118164,0.26,140.60004997253418,overwrite,,,
size_sweep,3x4,random,10047,50.849998474121094,0.215,149.14997005462646,overwrite,,,
size_sweep,3x4,random,10048,62.25,0.275,137.74997234344482,overwrite,,,
size_sweep_teacher_forced,3x4,tf,9999,,,,overwrite,0.96,0.3,0.28
size_sweep_teacher_forced,3x4,tf,10000,,,,overwrite,0.96,0.0,0.02
size_sweep_teacher_forced,3x4,tf,10001,,,,overwrite,0.96,0.52,0.5
size_sweep_teacher_forced,3x4,tf,10002,,,,overwrite,0.92,0.0,0.0
size_sweep_teacher_forced,3x4,tf,10003,,,,overwrite,1.0,0.0,0.0
size_sweep_teacher_forced,3x4,tf,10004,,,,overwrite,0.98,0.36,0.36
size_sweep_teacher_forced,3x4,tf,10005,,,,overwrite,0.94,0.4,0.4
size_sweep_teacher_forced,3x4,tf,10006,,,,overwrite,0.88,0.0,0.02
size_sweep_teacher_forced,3x4,tf,10007,,,,overwrite,0.98,0.76,0.78
size_sweep_teacher_forced,3x4,tf,10008,,,,overwrite,0.96,0.22,0.22
size_sweep_teacher_forced,3x4,tf,10009,,,,overwrite,1.0,0.32,0.32
size_sweep_teacher_forced,3x4,tf,10010,,,,overwrite,0.98,0.0,0.02
size_sweep_teacher_forced,3x4,tf,10011,,,,overwrite,0.98,0.0,0.0
size_sweep_teacher_forced,3x4,tf,10012,,,,overwrite,0.92,0.48,0.52
size_sweep_teacher_forced,3x4,tf,10013,,,,overwrite,0.96,0.04,0.0
size_sweep_teacher_forced,3x4,tf,10014,,,,overwrite,0.94,0.02,0.0
size_sweep_teacher_forced,3x4,tf,10015,,,,overwrite,0.94,0.4,0.38
size_sweep_teacher_forced,3x4,tf,10016,,,,overwrite,0.98,0.02,0.0
size_sweep_teacher_forced,3x4,tf,10017,,,,overwrite,0.92,0.14,0.14
size_sweep_teacher_forced,3x4,tf,10018,,,,overwrite,0.94,0.28,0.32
size_sweep_teacher_forced,3x4,tf,10019,,,,overwrite,0.92,0.38,0.4
size_sweep_teacher_forced,3x4,tf,10020,,,,overwrite,0.96,0.6,0.58
size_sweep_teacher_forced,3x4,tf,10021,,,,overwrite,0.96,0.0,0.02
size_sweep_teacher_forced,3x4,tf,10022,,,,overwrite,0.96,0.54,0.52
size_sweep_teacher_forced,3x4,tf,10023,,,,overwrite,0.94,0.62,0.64
size_sweep_teacher_forced,3x4,tf,10024,,,,overwrite,0.98,0.22,0.22
size_sweep_teacher_forced,3x4,tf,10025,,,,overwrite,0.98,0.0,0.0
size_sweep_teacher_forced,3x4,tf,10026,,,,overwrite,0.94,0.5,0.52
size_sweep_teacher_forced,3x4,tf,10027,,,,overwrite,0.94,0.0,0.0
size_sweep_teacher_forced,3x4,tf,10028,,,,overwrite,0.92,0.02,0.04
size_sweep_teacher_forced,3x4,tf,10029,,,,overwrite,0.98,0.0,0.0
size_sweep_teacher_forced,3x4,tf,10030,,,,overwrite,0.96,0.56,0.58
size_sweep_teacher_forced,3x4,tf,10031,,,,overwrite,0.96,0.02,0.02
size_sweep_teacher_forced,3x4,tf,10032,,,,overwrite,0.96,0.1,0.1
size_sweep_teacher_forced,3x4,tf,10033,,,,overwrite,0.96,0.0,0.0
size_sweep_teacher_forced,3x4,tf,10034,,,,overwrite,1.0,0.02,0.02
size_sweep_teacher_forced,3x4,tf,10035,,,,overwrite,0.96,0.0,0.02
size_sweep_teacher_forced,3x4,tf,10036,,,,overwrite,0.94,0.02,0.02
size_sweep_teacher_forced,3x4,tf,10037,,,,overwrite,0.96,0.28,0.28
size_sweep_teacher_forced,3x4,tf,10038,,,,overwrite,0.92,0.56,0.62
size_sweep_teacher_forced,3x4,tf,10039,,,,overwrite,0.96,0.3,0.32
size_sweep_teacher_forced,3x4,tf,10040,,,,overwrite,0.96,0.26,0.22
size_sweep_teacher_forced,3x4,tf,10041,,,,overwrite,0.96,0.02,0.0
size_sweep_teacher_forced,3x4,tf,10042,,,,overwrite,0.96,0.94,0.96
size_sweep_teacher_forced,3x4,tf,10043,,,,overwrite,0.98,0.02,0.0
size_sweep_teacher_forced,3x4,tf,10044,,,,overwrite,0.98,0.02,0.0
size_sweep_teacher_forced,3x4,tf,10045,,,,overwrite,0.96,0.02,0.04
size_sweep_teacher_forced,3x4,tf,10046,,,,overwrite,0.94,0.08,0.1
size_sweep_teacher_forced,3x4,tf,10047,,,,overwrite,0.96,0.38,0.36
size_sweep_teacher_forced,3x4,tf,10048,,,,overwrite,0.92,0.32,0.34
size_sweep,4x2,tf_legacy,9999,186.70001220703125,0.93,13.299993515014648,overwrite,,,
size_sweep,4x2,tf_legacy,10000,44.19999694824219,0.18,155.80007076263428,overwrite,,,
size_sweep,4x2,tf_legacy,10001,69.8499984741211,0.315,130.14997386932373,overwrite,,,
size_sweep,4x2,tf_legacy,10002,94.55001068115234,0.445,105.44997882843018,overwrite,,,
size_sweep,4x2,tf_legacy,10003,80.30000305175781,0.37,119.69997596740723,overwrite,,,
size_sweep,4x2,tf_legacy,10004,94.55000305175781,0.445,105.44997882843018,overwrite,,,
size_sweep,4x2,tf_legacy,10005,48.94999694824219,0.205,151.04999828338623,overwrite,,,
size_sweep,4x2,tf_legacy,10006,162.0,0.8,37.999961853027344,overwrite,,,
size_sweep,4x2,tf_legacy,10007,124.95000457763672,0.605,75.0499849319458,overwrite,,,
size_sweep,4x2,tf_legacy,10008,89.80000305175781,0.42,110.19997787475586,overwrite,,,
size_sweep,4x2,tf_legacy,10009,98.35000610351562,0.465,101.64988136291504,overwrite,,,
size_sweep,4x2,tf_legacy,10010,95.5,0.45,104.49997901916504,overwrite,,,
size_sweep,4x2,tf_legacy,10011,69.8499984741211,0.315,130.15000438690186,overwrite,,,
size_sweep,4x2,tf_legacy,10012,101.20000457763672,0.48,98.79998016357422,overwrite,,,
size_sweep,4x2,tf_legacy,10013,121.15000915527344,0.585,78.85001850128174,overwrite,,,
size_sweep,4x2,tf_legacy,10014,89.80000305175781,0.42,110.19997787475586,overwrite,,,
size_sweep,4x2,tf_legacy,10015,48.94999694824219,0.205,151.04996967315674,overwrite,,,
size_sweep,4x2,tf_legacy,10016,123.05000305175781,0.595,76.95002174377441,overwrite,,,
size_sweep,4x2,tf_legacy,10017,39.44999694824219,0.155,160.5499677658081,overwrite,,,
size_sweep,4x2,tf_legacy,10018,170.5500030517578,0.845,29.44999408721924,overwrite,,,
size_sweep,4x2,tf_legacy,10019,108.80000305175781,0.52,91.19998168945312,overwrite,,,
size_sweep,4x2,tf_legacy,10020,114.50000762939453,0.55,85.4999828338623,overwrite,,,
size_sweep,4x2,tf_legacy,10021,129.70001220703125,0.63,70.29998588562012,overwrite,,,
size_sweep,4x2,tf_legacy,10022,70.80000305175781,0.32,129.1999740600586,overwrite,,,
size_sweep,4x2,tf_legacy,10023,158.20001220703125,0.78,41.799991607666016,overwrite,,,
size_sweep,4x2,tf_legacy,10024,136.35000610351562,0.665,63.650017738342285,overwrite,,,
size_sweep,4x2,tf_legacy,10025,166.75,0.825,33.249993324279785,overwrite,,,
size_sweep,4x2,tf_legacy,10026,184.8000030517578,0.92,15.199996948242188,overwrite,,,
size_sweep,4x2,tf_legacy,10027,177.1999969482422,0.88,22.79999542236328,overwrite,,,
size_sweep,4x2,tf_legacy,10028,142.05001831054688,0.695,57.94998836517334,overwrite,,,
size_sweep,4x2,tf_legacy,10029,63.20000076293945,0.28,136.7999725341797,overwrite,,,
size_sweep,4x2,tf_legacy,10030,53.69999694824219,0.23,146.30002689361572,overwrite,,,
size_sweep,4x2,tf_legacy,10031,77.44999694824219,0.355,122.55000686645508,overwrite,,,
size_sweep,4x2,tf_legacy,10032,107.85000610351562,0.515,92.14998149871826,overwrite,,,
size_sweep,4x2,tf_legacy,10033,193.34999084472656,0.965,6.649998664855957,overwrite,,,
size_sweep,4x2,tf_legacy,10034,89.80000305175781,0.42,110.19997787475586,overwrite,,,
size_sweep,4x2,tf_legacy,10035,31.849998474121094,0.115,168.1499662399292,overwrite,,,
size_sweep,4x2,tf_legacy,10036,79.35000610351562,0.365,120.65007781982422,overwrite,,,
size_sweep,4x2,tf_legacy,10037,10.000001907348633,0.0,190.00013160705566,overwrite,,,
size_sweep,4x2,tf_legacy,10038,98.35000610351562,0.465,101.64997959136963,overwrite,,,
size_sweep,4x2,tf_legacy,10039,141.10000610351562,0.69,58.90003681182861,overwrite,,,
size_sweep,4x2,tf_legacy,10040,158.1999969482422,0.78,41.80003356933594,overwrite,,,
size_sweep,4x2,tf_legacy,10041,99.30000305175781,0.47,100.7000093460083,overwrite,,,
size_sweep,4x2,tf_legacy,10042,79.35000610351562,0.365,120.64997673034668,overwrite,,,
size_sweep,4x2,tf_legacy,10043,146.8000030517578,0.72,53.199989318847656,overwrite,,,
size_sweep,4x2,tf_legacy,10044,56.54999923706055,0.245,143.44998741149902,overwrite,,,
size_sweep,4x2,tf_legacy,10045,131.60000610351562,0.64,68.39998626708984,overwrite,,,
size_sweep,4x2,tf_legacy,10046,44.20000076293945,0.18,155.79996871948242,overwrite,,,
size_sweep,4x2,tf_legacy,10047,123.05000305175781,0.595,76.94998455047607,overwrite,,,
size_sweep,4x2,tf_legacy,10048,120.20000457763672,0.58,79.79998397827148,overwrite,,,
size_sweep,4x2,tf_self,9999,126.85000610351562,0.615,73.14998531341553,overwrite,,,
size_sweep,4x2,tf_self,10000,44.19999694824219,0.18,155.80007076263428,overwrite,,,
size_sweep,4x2,tf_self,10001,70.80000305175781,0.32,129.1999740600586,overwrite,,,
size_sweep,4x2,tf_self,10002,88.85000610351562,0.415,111.149977684021,overwrite,,,
size_sweep,4x2,tf_self,10003,74.60000610351562,0.34,125.39997482299805,overwrite,,,
size_sweep,4x2,tf_self,10004,101.20000457763672,0.48,98.79998016357422,overwrite,,,
size_sweep,4x2,tf_self,10005,88.85000610351562,0.415,111.149977684021,overwrite,,,
size_sweep,4x2,tf_self,10006,118.30001068115234,0.57,81.70006561279297,overwrite,,,
size_sweep,4x2,tf_self,10007,82.19999694824219,0.38,117.79997634887695,overwrite,,,
size_sweep,4x2,tf_self,10008,102.15000915527344,0.485,97.84998035430908,overwrite,,,
size_sweep,4x2,tf_self,10009,76.5,0.35,123.4999361038208,overwrite,,,
size_sweep,4x2,tf_self,10010,83.15000915527344,0.385,116.84997653961182,overwrite,,,
size_sweep,4x2,tf_self,10011,49.899993896484375,0.21,150.10006523132324,overwrite,,,
size_sweep,4x2,tf_self,10012,31.84999656677246,0.115,168.1499662399292,overwrite,,,
size_sweep,4x2,tf_self,10013,200.0,1.0,0.0,overwrite,,,
size_sweep,4x2,tf_self,10014,45.14999771118164,0.185,154.84996891021729,overwrite,,,
size_sweep,4x2,tf_self,10015,111.65000915527344,0.535,88.34998226165771,overwrite,,,
size_sweep,4x2,tf_self,10016,51.79999542236328,0.22,148.2000389099121,overwrite,,,
size_sweep,4x2,tf_self,10017,48.94999694824219,0.205,151.04996967315674,overwrite,,,
size_sweep,4x2,tf_self,10018,75.55000305175781,0.345,124.45000839233398,overwrite,,,
size_sweep,4x2,tf_self,10019,128.75,0.625,71.24998569488525,overwrite,,,
size_sweep,4x2,tf_self,10020,102.1500015258789,0.485,97.84998035430908,overwrite,,,
size_sweep,4x2,tf_self,10021,10.000001907348633,0.0,189.99996185302734,overwrite,,,
size_sweep,4x2,tf_self,10022,87.90000915527344,0.41,112.09997749328613,overwrite,,,
size_sweep,4x2,tf_self,10023,105.95000457763672,0.505,94.04998111724854,overwrite,,,
size_sweep,4x2,tf_self,10024,38.5,0.15,161.49994659423828,overwrite,,,
size_sweep,4x2,tf_self,10025,186.6999969482422,0.93,13.299997329711914,overwrite,,,
size_sweep,4x2,tf_self,10026,47.04999542236328,0.195,152.949969291687,overwrite,,,
size_sweep,4x2,tf_self,10027,124.95000457763672,0.605,75.0499849319458,overwrite,,,
size_sweep,4x2,tf_self,10028,129.70001220703125,0.63,70.29998588562012,overwrite,,,
size_sweep,4x2,tf_self,10029,99.30000305175781,0.47,100.69997978210449,overwrite,,,
size_sweep,4x2,tf_self,10030,126.85000610351562,0.615,73.15001583099365,overwrite,,,
size_sweep,4x2,tf_self,10031,49.89999771118164,0.21,150.0999698638916,overwrite,,,
size_sweep,4x2,tf_self,10032,120.20000457763672,0.58,79.79998397827148,overwrite,,,
size_sweep,4x2,tf_self,10033,86.94999694824219,0.405,113.04997730255127,overwrite,,,
size_sweep,4x2,tf_self,10034,40.39999771118164,0.16,159.59996795654297,overwrite,,,
size_sweep,4x2,tf_self,10035,61.29999923706055,0.27,138.69997215270996,overwrite,,,
size_sweep,4x2,tf_self,10036,124.95001220703125,0.605,75.0500602722168,overwrite,,,
size_sweep,4x2,tf_self,10037,10.000001907348633,0.0,190.00013160705566,overwrite,,,
size_sweep,4x2,tf_self,10038,104.05001068115234,0.495,95.94998073577881,overwrite,,,
size_sweep,4x2,tf_self,10039,139.20001220703125,0.68,60.79998779296875,overwrite,,,
size_sweep,4x2,tf_self,10040,11.90000057220459,0.01,188.10014629364014,overwrite,,,
size_sweep,4x2,tf_self,10041,132.5500030517578,0.645,67.4499864578247,overwrite,,,
size_sweep,4x2,tf_self,10042,151.5500030517578,0.745,48.44999027252197,overwrite,,,
size_sweep,4x2,tf_self,10043,35.649993896484375,0.135,164.34996700286865,overwrite,,,
size_sweep,4x2,tf_self,10044,56.54999923706055,0.245,143.44998741149902,overwrite,,,
size_sweep,4x2,tf_self,10045,85.05000305175781,0.395,114.94997692108154,overwrite,,,
size_sweep,4x2,tf_self,10046,82.19999694824219,0.38,117.79997634887695,overwrite,,,
size_sweep,4x2,tf_self,10047,112.60000610351562,0.54,87.39998245239258,overwrite,,,
size_sweep,4x2,tf_self,10048,142.05001831054688,0.695,57.94998836517334,overwrite,,,
size_sweep,4x2,optimal,9999,200.0,1.0,0.0,overwrite,,,
size_sweep,4x2,optimal,10000,200.0,1.0,0.0,overwrite,,,
size_sweep,4x2,optimal,10001,200.0,1.0,0.0,overwrite,,,
size_sweep,4x2,optimal,10002,200.0,1.0,0.0,overwrite,,,
size_sweep,4x2,optimal,10003,200.0,1.0,0.0,overwrite,,,
size_sweep,4x2,optimal,10004,200.0,1.0,0.0,overwrite,,,
size_sweep,4x2,optimal,10005,200.0,1.0,0.0,overwrite,,,
size_sweep,4x2,optimal,10006,200.0,1.0,0.0,overwrite,,,
size_sweep,4x2,optimal,10007,200.0,1.0,0.0,overwrite,,,
size_sweep,4x2,optimal,10008,200.0,1.0,0.0,overwrite,,,
size_sweep,4x2,optimal,10009,200.0,1.0,0.0,overwrite,,,
size_sweep,4x2,optimal,10010,200.0,1.0,0.0,overwrite,,,
size_sweep,4x2,optimal,10011,200.0,1.0,0.0,overwrite,,,
size_sweep,4x2,optimal,10012,200.0,1.0,0.0,overwrite,,,
size_sweep,4x2,optimal,10013,200.0,1.0,0.0,overwrite,,,
size_sweep,4x2,optimal,10014,200.0,1.0,0.0,overwrite,,,
size_sweep,4x2,optimal,10015,200.0,1.0,0.0,overwrite,,,
size_sweep,4x2,optimal,10016,200.0,1.0,0.0,overwrite,,,
size_sweep,4x2,optimal,10017,200.0,1.0,0.0,overwrite,,,
size_sweep,4x2,optimal,10018,200.0,1.0,0.0,overwrite,,,
size_sweep,4x2,optimal,10019,200.0,1.0,0.0,overwrite,,,
size_sweep,4x2,optimal,10020,200.0,1.0,0.0,overwrite,,,
size_sweep,4x2,optimal,10021,200.0,1.0,0.0,overwrite,,,
size_sweep,4x2,optimal,10022,200.0,1.0,0.0,overwrite,,,
size_sweep,4x2,optimal,10023,200.0,1.0,0.0,overwrite,,,
size_sweep,4x2,optimal,10024,200.0,1.0,0.0,overwrite,,,
size_sweep,4x2,optimal,10025,200.0,1.0,0.0,overwrite,,,
size_sweep,4x2,optimal,10026,200.0,1.0,0.0,overwrite,,,
size_sweep,4x2,optimal,10027,200.0,1.0,0.0,overwrite,,,
size_sweep,4x2,optimal,10028,200.0,1.0,0.0,overwrite,,,
size_sweep,4x2,optimal,10029,200.0,1.0,0.0,overwrite,,,
size_sweep,4x2,optimal,10030,200.0,1.0,0.0,overwrite,,,
size_sweep,4x2,optimal,10031,200.0,1.0,0.0,overwrite,,,
size_sweep,4x2,optimal,10032,200.0,1.0,0.0,overwrite,,,
size_sweep,4x2,optimal,10033,200.0,1.0,0.0,overwrite,,,
size_sweep,4x2,optimal,10034,200.0,1.0,0.0,overwrite,,,
size_sweep,4x2,optimal,10035,200.0,1.0,0.0,overwrite,,,
size_sweep,4x2,optimal,10036,200.0,1.0,0.0,overwrite,,,
size_sweep,4x2,optimal,10037,200.0,1.0,0.0,overwrite,,,
size_sweep,4x2,optimal,10038,200.0,1.0,0.0,overwrite,,,
size_sweep,4x2,optimal,10039,200.0,1.0,0.0,overwrite,,,
size_sweep,4x2,optimal,10040,200.0,1.0,0.0,overwrite,,,
size_sweep,4x2,optimal,10041,200.0,1.0,0.0,overwrite,,,
size_sweep,4x2,optimal,10042,200.0,1.0,0.0,overwrite,,,
size_sweep,4x2,optimal,10043,200.0,1.0,0.0,overwrite,,,
size_sweep,4x2,optimal,10044,200.0,1.0,0.0,overwrite,,,
size_sweep,4x2,optimal,10045,200.0,1.0,0.0,overwrite,,,
size_sweep,4x2,optimal,10046,200.0,1.0,0.0,overwrite,,,
size_sweep,4x2,optimal,10047,200.0,1.0,0.0,overwrite,,,
size_sweep,4x2,optimal,10048,200.0,1.0,0.0,overwrite,,,
size_sweep,4x2,random,9999,110.70001220703125,0.53,89.29998016357422,overwrite,,,
size_sweep,4x2,random,10000,112.60000610351562,0.54,87.40001773834229,overwrite,,,
size_sweep,4x2,random,10001,93.60000610351562,0.44,106.39997863769531,overwrite,,,
size_sweep,4x2,random,10002,98.35000610351562,0.465,101.64997959136963,overwrite,,,
size_sweep,4x2,random,10003,102.15000915527344,0.485,97.84998035430908,overwrite,,,
size_sweep,4x2,random,10004,102.1500015258789,0.485,97.84998035430908,overwrite,,,
size_sweep,4x2,random,10005,97.40000915527344,0.46,102.60001277923584,overwrite,,,
size_sweep,4x2,random,10006,95.50000762939453,0.45,104.50002193450928,overwrite,,,
size_sweep,4x2,random,10007,97.4000015258789,0.46,102.59997940063477,overwrite,,,
size_sweep,4x2,random,10008,107.85000610351562,0.515,92.14998149871826,overwrite,,,
size_sweep,4x2,random,10009,97.40000915527344,0.46,102.59992504119873,overwrite,,,
size_sweep,4x2,random,10010,106.9000015258789,0.51,93.0999813079834,overwrite,,,
size_sweep,4x2,random,10011,104.05000305175781,0.495,95.95003604888916,overwrite,,,
size_sweep,4x2,random,10012,107.85000610351562,0.515,92.14998149871826,overwrite,,,
size_sweep,4x2,random,10013,105.00000762939453,0.5,95.00003147125244,overwrite,,,
size_sweep,4x2,random,10014,96.45001220703125,0.455,103.5499792098999,overwrite,,,
size_sweep,4x2,random,10015,103.10000610351562,0.49,96.89998054504395,overwrite,,,
size_sweep,4x2,random,10016,105.95001220703125,0.505,94.05002784729004,overwrite,,,
size_sweep,4x2,random,10017,97.40000915527344,0.46,102.59997940063477,overwrite,,,
size_sweep,4x2,random,10018,93.60000610351562,0.44,106.39999675750732,overwrite,,,
size_sweep,4x2,random,10019,106.90000915527344,0.51,93.10001850128174,overwrite,,,
size_sweep,4x2,random,10020,96.45000457763672,0.455,103.5499792098999,overwrite,,,
size_sweep,4x2,random,10021,102.1500015258789,0.485,97.84998035430908,overwrite,,,
size_sweep,4x2,random,10022,103.0999984741211,0.49,96.89998054504395,overwrite,,,
size_sweep,4x2,random,10023,96.45000457763672,0.455,103.5499792098999,overwrite,,,
size_sweep,4x2,random,10024,112.60000610351562,0.54,87.39997100830078,overwrite,,,
size_sweep,4x2,random,10025,112.60000610351562,0.54,87.39998245239258,overwrite,,,
size_sweep,4x2,random,10026,100.25,0.475,99.74997997283936,overwrite,,,
size_sweep,4x2,random,10027,90.75,0.425,109.24997806549072,overwrite,,,
size_sweep,4x2,random,10028,104.05000305175781,0.495,95.94998073577881,overwrite,,,
size_sweep,4x2,random,10029,116.40000915527344,0.56,83.59998321533203,overwrite,,,
size_sweep,4x2,random,10030,109.75000762939453,0.525,90.25002765655518,overwrite,,,
size_sweep,4x2,random,10031,105.0,0.5,95.00001525878906,overwrite,,,
size_sweep,4x2,random,10032,112.60000610351562,0.54,87.39998245239258,overwrite,,,
size_sweep,4x2,random,10033,106.90000915527344,0.51,93.0999813079834,overwrite,,,
size_sweep,4x2,random,10034,111.65000915527344,0.535,88.34998226165771,overwrite,,,
size_sweep,4x2,random,10035,105.95001220703125,0.505,94.04998111724854,overwrite,,,
size_sweep,4x2,random,10036,102.15000915527344,0.485,97.85001945495605,overwrite,,,
size_sweep,4x2,random,10037,93.60000610351562,0.44,106.40006065368652,overwrite,,,
size_sweep,4x2,random,10038,91.69999694824219,0.43,108.29997825622559,overwrite,,,
size_sweep,4x2,random,10039,109.75,0.525,90.25,overwrite,,,
size_sweep,4x2,random,10040,104.05000305175781,0.495,95.95004653930664,overwrite,,,
size_sweep,4x2,random,10041,101.20001220703125,0.48,98.79998970031738,overwrite,,,
size_sweep,4x2,random,10042,103.10000610351562,0.49,96.9000015258789,overwrite,,,
size_sweep,4x2,random,10043,102.1500015258789,0.485,97.84998035430908,overwrite,,,
size_sweep,4x2,random,10044,102.15000915527344,0.485,97.84999370574951,overwrite,,,
size_sweep,4x2,random,10045,107.85000610351562,0.515,92.14998149871826,overwrite,,,
size_sweep,4x2,random,10046,97.40000915527344,0.46,102.59997940063477,overwrite,,,
size_sweep,4x2,random,10047,117.35000610351562,0.565,82.6499834060669,overwrite,,,
size_sweep,4x2,random,10048,107.85000610351562,0.515,92.14998149871826,overwrite,,,
size_sweep_teacher_forced,4x2,tf,9999,,,,overwrite,0.96,0.4,0.4
size_sweep_teacher_forced,4x2,tf,10000,,,,overwrite,0.96,0.8,0.8
size_sweep_teacher_forced,4x2,tf,10001,,,,overwrite,0.96,0.94,0.98
size_sweep_teacher_forced,4x2,tf,10002,,,,overwrite,0.96,0.84,0.84
size_sweep_teacher_forced,4x2,tf,10003,,,,overwrite,1.0,0.2,0.2
size_sweep_teacher_forced,4x2,tf,10004,,,,overwrite,0.94,0.1,0.12
size_sweep_teacher_forced,4x2,tf,10005,,,,overwrite,1.0,0.66,0.66
size_sweep_teacher_forced,4x2,tf,10006,,,,overwrite,0.94,0.0,0.06
size_sweep_teacher_forced,4x2,tf,10007,,,,overwrite,0.92,0.4,0.44
size_sweep_teacher_forced,4x2,tf,10008,,,,overwrite,0.98,0.6,0.62
size_sweep_teacher_forced,4x2,tf,10009,,,,overwrite,0.94,0.52,0.58
size_sweep_teacher_forced,4x2,tf,10010,,,,overwrite,0.94,0.88,0.86
size_sweep_teacher_forced,4x2,tf,10011,,,,overwrite,0.94,0.64,0.58
size_sweep_teacher_forced,4x2,tf,10012,,,,overwrite,0.92,0.42,0.5
size_sweep_teacher_forced,4x2,tf,10013,,,,overwrite,0.96,0.52,0.56
size_sweep_teacher_forced,4x2,tf,10014,,,,overwrite,0.94,0.74,0.72
size_sweep_teacher_forced,4x2,tf,10015,,,,overwrite,0.94,0.82,0.88
size_sweep_teacher_forced,4x2,tf,10016,,,,overwrite,0.98,0.9,0.92
size_sweep_teacher_forced,4x2,tf,10017,,,,overwrite,0.98,0.02,0.04
size_sweep_teacher_forced,4x2,tf,10018,,,,overwrite,0.94,0.94,0.96
size_sweep_teacher_forced,4x2,tf,10019,,,,overwrite,0.94,0.92,0.94
size_sweep_teacher_forced,4x2,tf,10020,,,,overwrite,0.94,0.1,0.12
size_sweep_teacher_forced,4x2,tf,10021,,,,overwrite,0.98,0.18,0.16
size_sweep_teacher_forced,4x2,tf,10022,,,,overwrite,0.98,0.7,0.72
size_sweep_teacher_forced,4x2,tf,10023,,,,overwrite,0.98,0.46,0.44
size_sweep_teacher_forced,4x2,tf,10024,,,,overwrite,0.9,0.62,0.68
size_sweep_teacher_forced,4x2,tf,10025,,,,overwrite,0.94,0.74,0.76
size_sweep_teacher_forced,4x2,tf,10026,,,,overwrite,0.9,0.36,0.34
size_sweep_teacher_forced,4x2,tf,10027,,,,overwrite,0.98,0.38,0.36
size_sweep_teacher_forced,4x2,tf,10028,,,,overwrite,0.98,0.44,0.46
size_sweep_teacher_forced,4x2,tf,10029,,,,overwrite,0.96,0.76,0.8
size_sweep_teacher_forced,4x2,tf,10030,,,,overwrite,0.96,0.7,0.7
size_sweep_teacher_forced,4x2,tf,10031,,,,overwrite,0.98,0.98,0.96
size_sweep_teacher_forced,4x2,tf,10032,,,,overwrite,0.96,0.28,0.24
size_sweep_teacher_forced,4x2,tf,10033,,,,overwrite,0.98,0.82,0.84
size_sweep_teacher_forced,4x2,tf,10034,,,,overwrite,0.94,0.66,0.6
size_sweep_teacher_forced,4x2,tf,10035,,,,overwrite,0.92,0.94,0.94
size_sweep_teacher_forced,4x2,tf,10036,,,,overwrite,0.92,0.68,0.64
size_sweep_teacher_forced,4x2,tf,10037,,,,overwrite,0.96,0.76,0.72
size_sweep_teacher_forced,4x2,tf,10038,,,,overwrite,0.96,0.86,0.86
size_sweep_teacher_forced,4x2,tf,10039,,,,overwrite,0.96,0.52,0.48
size_sweep_teacher_forced,4x2,tf,10040,,,,overwrite,0.94,0.2,0.18
size_sweep_teacher_forced,4x2,tf,10041,,,,overwrite,0.98,0.72,0.74
size_sweep_teacher_forced,4x2,tf,10042,,,,overwrite,0.98,0.34,0.36
size_sweep_teacher_forced,4x2,tf,10043,,,,overwrite,0.94,0.44,0.42
size_sweep_teacher_forced,4x2,tf,10044,,,,overwrite,0.96,0.24,0.24
size_sweep_teacher_forced,4x2,tf,10045,,,,overwrite,0.96,0.38,0.34
size_sweep_teacher_forced,4x2,tf,10046,,,,overwrite,1.0,0.5,0.5
size_sweep_teacher_forced,4x2,tf,10047,,,,overwrite,0.96,0.24,0.24
size_sweep_teacher_forced,4x2,tf,10048,,,,overwrite,0.96,0.94,0.98
size_sweep,4x3,tf_legacy,9999,91.70000457763672,0.43,108.29997825622559,overwrite,,,
size_sweep,4x3,tf_legacy,10000,120.20000457763672,0.58,79.80006408691406,overwrite,,,
size_sweep,4x3,tf_legacy,10001,111.65000915527344,0.535,88.35001850128174,overwrite,,,
size_sweep,4x3,tf_legacy,10002,10.000001907348633,0.0,189.99996185302734,overwrite,,,
size_sweep,4x3,tf_legacy,10003,60.349998474121094,0.265,139.6499719619751,overwrite,,,
size_sweep,4x3,tf_legacy,10004,106.90000915527344,0.51,93.1000280380249,overwrite,,,
size_sweep,4x3,tf_legacy,10005,94.55000305175781,0.445,105.44997882843018,overwrite,,,
size_sweep,4x3,tf_legacy,10006,125.9000015258789,0.61,74.09992694854736,overwrite,,,
size_sweep,4x3,tf_legacy,10007,37.54999542236328,0.145,162.45008850097656,overwrite,,,
size_sweep,4x3,tf_legacy,10008,62.25,0.275,137.74997234344482,overwrite,,,
size_sweep,4x3,tf_legacy,10009,42.29999542236328,0.17,157.69989395141602,overwrite,,,
size_sweep,4x3,tf_legacy,10010,146.8000030517578,0.72,53.19999694824219,overwrite,,,
size_sweep,4x3,tf_legacy,10011,107.85000610351562,0.515,92.15007209777832,overwrite,,,
size_sweep,4x3,tf_legacy,10012,46.099998474121094,0.19,153.89996910095215,overwrite,,,
size_sweep,4x3,tf_legacy,10013,127.80000305175781,0.62,72.2000322341919,overwrite,,,
size_sweep,4x3,tf_legacy,10014,62.25,0.275,137.7499771118164,overwrite,,,
size_sweep,4x3,tf_legacy,10015,95.5,0.45,104.49997901916504,overwrite,,,
size_sweep,4x3,tf_legacy,10016,137.3000030517578,0.67,62.70004463195801,overwrite,,,
size_sweep,4x3,tf_legacy,10017,38.5,0.15,161.50006866455078,overwrite,,,
size_sweep,4x3,tf_legacy,10018,112.60000610351562,0.54,87.39998722076416,overwrite,,,
size_sweep,4x3,tf_legacy,10019,53.69999694824219,0.23,146.29997062683105,overwrite,,,
size_sweep,4x3,tf_legacy,10020,110.70000457763672,0.53,89.30003643035889,overwrite,,,
size_sweep,4x3,tf_legacy,10021,177.20001220703125,0.88,22.800018310546875,overwrite,,,
size_sweep,4x3,tf_legacy,10022,139.20001220703125,0.68,60.79998779296875,overwrite,,,
size_sweep,4x3,tf_legacy,10023,135.39999389648438,0.66,64.5999870300293,overwrite,,,
size_sweep,4x3,tf_legacy,10024,75.55000305175781,0.345,124.44997501373291,overwrite,,,
size_sweep,4x3,tf_legacy,10025,83.1500015258789,0.385,116.85001945495605,overwrite,,,
size_sweep,4x3,tf_legacy,10026,159.14999389648438,0.785,40.850027084350586,overwrite,,,
size_sweep,4x3,tf_legacy,10027,67.0,0.3,133.0000467300415,overwrite,,,
size_sweep,4x3,tf_legacy,10028,68.9000015258789,0.31,131.0999755859375,overwrite,,,
size_sweep,4x3,tf_legacy,10029,72.69999694824219,0.33,127.29997444152832,overwrite,,,
size_sweep,4x3,tf_legacy,10030,58.44999694824219,0.255,141.54999160766602,overwrite,,,
size_sweep,4x3,tf_legacy,10031,92.65000915527344,0.435,107.34997844696045,overwrite,,,
size_sweep,4x3,tf_legacy,10032,197.14999389648438,0.985,2.84999942779541,overwrite,,,
size_sweep,4x3,tf_legacy,10033,18.549999237060547,0.045,181.4499635696411,overwrite,,,
size_sweep,4x3,tf_legacy,10034,124.95001220703125,0.605,75.0499849319458,overwrite,,,
size_sweep,4x3,tf_legacy,10035,37.55000305175781,0.145,162.45000171661377,overwrite,,,
size_sweep,4x3,tf_legacy,10036,107.85000610351562,0.515,92.15002059936523,overwrite,,,
size_sweep,4x3,tf_legacy,10037,65.10000610351562,0.29,134.90008163452148,overwrite,,,
size_sweep,4x3,tf_legacy,10038,108.80000305175781,0.52,91.20003700256348,overwrite,,,
size_sweep,4x3,tf_legacy,10039,52.749996185302734,0.225,147.2499704360962,overwrite,,,
size_sweep,4x3,tf_legacy,10040,36.59999465942383,0.14,163.39996719360352,overwrite,,,
size_sweep,4x3,tf_legacy,10041,48.950008392333984,0.205,151.050030708313,overwrite,,,
size_sweep,4x3,tf_legacy,10042,104.05000305175781,0.495,95.95002269744873,overwrite,,,
size_sweep,4x3,tf_legacy,10043,122.10000610351562,0.59,77.89998435974121,overwrite,,,
size_sweep,4x3,tf_legacy,10044,36.599998474121094,0.14,163.40002155303955,overwrite,,,
size_sweep,4x3,tf_legacy,10045,44.20000457763672,0.18,155.79996871948242,overwrite,,,
size_sweep,4x3,tf_legacy,10046,94.55000305175781,0.445,105.44997882843018,overwrite,,,
size_sweep,4x3,tf_legacy,10047,124.95000457763672,0.605,75.0500135421753,overwrite,,,
size_sweep,4x3,tf_legacy,10048,47.999996185302734,0.2,152.00000953674316,overwrite,,,
size_sweep,4x3,tf_self,9999,130.64999389648438,0.635,69.34998607635498,overwrite,,,
size_sweep,4x3,tf_self,10000,57.499996185302734,0.25,142.50011444091797,overwrite,,,
size_sweep,4x3,tf_self,10001,143.0,0.7,56.9999885559082,overwrite,,,
size_sweep,4x3,tf_self,10002,10.000001907348633,0.0,189.99996185302734,overwrite,,,
size_sweep,4x3,tf_self,10003,41.349998474121094,0.165,158.64996814727783,overwrite,,,
size_sweep,4x3,tf_self,10004,10.000001907348633,0.0,189.99998664855957,overwrite,,,
size_sweep,4x3,tf_self,10005,93.60000610351562,0.44,106.39997863769531,overwrite,,,
size_sweep,4x3,tf_self,10006,128.75,0.625,71.25000667572021,overwrite,,,
size_sweep,4x3,tf_self,10007,62.249996185302734,0.275,137.74999809265137,overwrite,,,
size_sweep,4x3,tf_self,10008,122.10000610351562,0.59,77.89998435974121,overwrite,,,
size_sweep,4x3,tf_self,10009,65.09999084472656,0.29,134.89993858337402,overwrite,,,
size_sweep,4x3,tf_self,10010,126.85000610351562,0.615,73.15004634857178,overwrite,,,
size_sweep,4x3,tf_self,10011,172.45001220703125,0.855,27.549994468688965,overwrite,,,
size_sweep,4x3,tf_self,10012,66.05000305175781,0.295,133.94997310638428,overwrite,,,
size_sweep,4x3,tf_self,10013,177.1999969482422,0.88,22.800018310546875,overwrite,,,
size_sweep,4x3,tf_self,10014,138.25,0.675,61.75002098083496,overwrite,,,
size_sweep,4x3,tf_self,10015,82.19999694824219,0.38,117.79997634887695,overwrite,,,
size_sweep,4x3,tf_self,10016,61.29999923706055,0.27,138.69997215270996,overwrite,,,
size_sweep,4x3,tf_self,10017,104.05000305175781,0.495,95.95001220703125,overwrite,,,
size_sweep,4x3,tf_self,10018,121.15000915527344,0.585,78.84998416900635,overwrite,,,
size_sweep,4x3,tf_self,10019,138.25,0.675,61.74998760223389,overwrite,,,
size_sweep,4x3,tf_self,10020,48.95000076293945,0.205,151.05007076263428,overwrite,,,
size_sweep,4x3,tf_self,10021,177.20001220703125,0.88,22.800018310546875,overwrite,,,
size_sweep,4x3,tf_self,10022,66.05000305175781,0.295,133.94997310638428,overwrite,,,
size_sweep,4x3,tf_self,10023,93.60000610351562,0.44,106.39997863769531,overwrite,,,
size_sweep,4x3,tf_self,10024,149.64999389648438,0.735,50.349989891052246,overwrite,,,
size_sweep,4x3,tf_self,10025,10.000001907348633,0.0,190.00004291534424,overwrite,,,
size_sweep,4x3,tf_self,10026,29.949996948242188,0.105,170.05005645751953,overwrite,,,
size_sweep,4x3,tf_self,10027,10.000001907348633,0.0,190.00003337860107,overwrite,,,
size_sweep,4x3,tf_self,10028,54.64999771118164,0.235,145.35001277923584,overwrite,,,
size_sweep,4x3,tf_self,10029,34.69999313354492,0.13,165.2999668121338,overwrite,,,
size_sweep,4x3,tf_self,10030,10.000001907348633,0.0,190.00000381469727,overwrite,,,
size_sweep,4x3,tf_self,10031,44.19999694824219,0.18,155.79996871948242,overwrite,,,
size_sweep,4x3,tf_self,10032,67.94999694824219,0.305,132.049955368042,overwrite,,,
size_sweep,4x3,tf_self,10033,126.85001373291016,0.615,73.14998531341553,overwrite,,,
size_sweep,4x3,tf_self,10034,92.65000915527344,0.435,107.34997844696045,overwrite,,,
size_sweep,4x3,tf_self,10035,150.60000610351562,0.74,49.39999008178711,overwrite,,,
size_sweep,4x3,tf_self,10036,78.40000915527344,0.36,121.6000165939331,overwrite,,,
size_sweep,4x3,tf_self,10037,104.05000305175781,0.495,95.9500322341919,overwrite,,,
size_sweep,4x3,tf_self,10038,46.099998474121094,0.19,153.89996910095215,overwrite,,,
size_sweep,4x3,tf_self,10039,86.0,0.4,113.9999771118164,overwrite,,,
size_sweep,4x3,tf_self,10040,112.60000610351562,0.54,87.39998245239258,overwrite,,,
size_sweep,4x3,tf_self,10041,101.20000457763672,0.48,98.7999439239502,overwrite,,,
size_sweep,4x3,tf_self,10042,34.69999694824219,0.13,165.3000841140747,overwrite,,,
size_sweep,4x3,tf_self,10043,100.25,0.475,99.74997997283936,overwrite,,,
size_sweep,4x3,tf_self,10044,115.45001220703125,0.555,84.54998302459717,overwrite,,,
size_sweep,4x3,tf_self,10045,47.04999542236328,0.195,152.95003032684326,overwrite,,,
size_sweep,4x3,tf_self,10046,46.099998474121094,0.19,153.89996910095215,overwrite,,,
size_sweep,4x3,tf_self,10047,116.39999389648438,0.56,83.60002613067627,overwrite,,,
size_sweep,4x3,tf_self,10048,156.3000030517578,0.77,43.69999122619629,overwrite,,,
size_sweep,4x3,optimal,9999,200.0,1.0,0.0,overwrite,,,
size_sweep,4x3,optimal,10000,200.0,1.0,0.0,overwrite,,,
size_sweep,4x3,optimal,10001,200.0,1.0,0.0,overwrite,,,
size_sweep,4x3,optimal,10002,200.0,1.0,0.0,overwrite,,,
size_sweep,4x3,optimal,10003,200.0,1.0,0.0,overwrite,,,
size_sweep,4x3,optimal,10004,200.0,1.0,0.0,overwrite,,,
size_sweep,4x3,optimal,10005,200.0,1.0,0.0,overwrite,,,
size_sweep,4x3,optimal,10006,200.0,1.0,0.0,overwrite,,,
size_sweep,4x3,optimal,10007,200.0,1.0,0.0,overwrite,,,
size_sweep,4x3,optimal,10008,200.0,1.0,0.0,overwrite,,,
size_sweep,4x3,optimal,10009,200.0,1.0,0.0,overwrite,,,
size_sweep,4x3,optimal,10010,200.0,1.0,0.0,overwrite,,,
size_sweep,4x3,optimal,10011,200.0,1.0,0.0,overwrite,,,
size_sweep,4x3,optimal,10012,200.0,1.0,0.0,overwrite,,,
size_sweep,4x3,optimal,10013,200.0,1.0,0.0,overwrite,,,
size_sweep,4x3,optimal,10014,200.0,1.0,0.0,overwrite,,,
size_sweep,4x3,optimal,10015,200.0,1.0,0.0,overwrite,,,
size_sweep,4x3,optimal,10016,200.0,1.0,0.0,overwrite,,,
size_sweep,4x3,optimal,10017,200.0,1.0,0.0,overwrite,,,
size_sweep,4x3,optimal,10018,200.0,1.0,0.0,overwrite,,,
size_sweep,4x3,optimal,10019,200.0,1.0,0.0,overwrite,,,
size_sweep,4x3,optimal,10020,200.0,1.0,0.0,overwrite,,,
size_sweep,4x3,optimal,10021,200.0,1.0,0.0,overwrite,,,
size_sweep,4x3,optimal,10022,200.0,1.0,0.0,overwrite,,,
size_sweep,4x3,optimal,10023,200.0,1.0,0.0,overwrite,,,
size_sweep,4x3,optimal,10024,200.0,1.0,0.0,overwrite,,,
size_sweep,4x3,optimal,10025,200.0,1.0,0.0,overwrite,,,
size_sweep,4x3,optimal,10026,200.0,1.0,0.0,overwrite,,,
size_sweep,4x3,optimal,10027,200.0,1.0,0.0,overwrite,,,
size_sweep,4x3,optimal,10028,200.0,1.0,0.0,overwrite,,,
size_sweep,4x3,optimal,10029,200.0,1.0,0.0,overwrite,,,
size_sweep,4x3,optimal,10030,200.0,1.0,0.0,overwrite,,,
size_sweep,4x3,optimal,10031,200.0,1.0,0.0,overwrite,,,
size_sweep,4x3,optimal,10032,200.0,1.0,0.0,overwrite,,,
size_sweep,4x3,optimal,10033,200.0,1.0,0.0,overwrite,,,
size_sweep,4x3,optimal,10034,200.0,1.0,0.0,overwrite,,,
size_sweep,4x3,optimal,10035,200.0,1.0,0.0,overwrite,,,
size_sweep,4x3,optimal,10036,200.0,1.0,0.0,overwrite,,,
size_sweep,4x3,optimal,10037,200.0,1.0,0.0,overwrite,,,
size_sweep,4x3,optimal,10038,200.0,1.0,0.0,overwrite,,,
size_sweep,4x3,optimal,10039,200.0,1.0,0.0,overwrite,,,
size_sweep,4x3,optimal,10040,200.0,1.0,0.0,overwrite,,,
size_sweep,4x3,optimal,10041,200.0,1.0,0.0,overwrite,,,
size_sweep,4x3,optimal,10042,200.0,1.0,0.0,overwrite,,,
size_sweep,4x3,optimal,10043,200.0,1.0,0.0,overwrite,,,
size_sweep,4x3,optimal,10044,200.0,1.0,0.0,overwrite,,,
size_sweep,4x3,optimal,10045,200.0,1.0,0.0,overwrite,,,
size_sweep,4x3,optimal,10046,200.0,1.0,0.0,overwrite,,,
size_sweep,4x3,optimal,10047,200.0,1.0,0.0,overwrite,,,
size_sweep,4x3,optimal,10048,200.0,1.0,0.0,overwrite,,,
size_sweep,4x3,random,9999,82.19999694824219,0.38,117.79997634887695,overwrite,,,
size_sweep,4x3,random,10000,72.69999694824219,0.33,127.30008506774902,overwrite,,,
size_sweep,4x3,random,10001,76.5,0.35,123.50002670288086,overwrite,,,
size_sweep,4x3,random,10002,62.25,0.275,137.74997234344482,overwrite,,,
size_sweep,4x3,random,10003,77.44999694824219,0.355,122.54997539520264,overwrite,,,
size_sweep,4x3,random,10004,68.89999389648438,0.31,131.10002422332764,overwrite,,,
size_sweep,4x3,random,10005,79.3499984741211,0.365,120.64997577667236,overwrite,,,
size_sweep,4x3,random,10006,76.5,0.35,123.50002574920654,overwrite,,,
size_sweep,4x3,random,10007,71.75,0.325,128.2500352859497,overwrite,,,
size_sweep,4x3,random,10008,69.85000610351562,0.315,130.14997386932373,overwrite,,,
size_sweep,4x3,random,10009,75.55000305175781,0.345,124.44992160797119,overwrite,,,
size_sweep,4x3,random,10010,78.4000015258789,0.36,121.60000133514404,overwrite,,,
size_sweep,4x3,random,10011,76.50000762939453,0.35,123.50005435943604,overwrite,,,
size_sweep,4x3,random,10012,73.6500015258789,0.335,126.34997463226318,overwrite,,,
size_sweep,4x3,random,10013,70.80000305175781,0.32,129.2000150680542,overwrite,,,
size_sweep,4x3,random,10014,68.9000015258789,0.31,131.100004196167,overwrite,,,
size_sweep,4x3,random,10015,69.85000610351562,0.315,130.14997386932373,overwrite,,,
size_sweep,4x3,random,10016,80.30000305175781,0.37,119.70000648498535,overwrite,,,
size_sweep,4x3,random,10017,64.1500015258789,0.285,135.85006713867188,overwrite,,,
size_sweep,4x3,random,10018,75.55000305175781,0.345,124.45000743865967,overwrite,,,
size_sweep,4x3,random,10019,67.0,0.3,132.99997329711914,overwrite,,,
size_sweep,4x3,random,10020,63.19999694824219,0.28,136.80007362365723,overwrite,,,
size_sweep,4x3,random,10021,86.0,0.4,113.9999942779541,overwrite,,,
size_sweep,4x3,random,10022,79.3499984741211,0.365,120.64998817443848,overwrite,,,
size_sweep,4x3,random,10023,78.4000015258789,0.36,121.5999755859375,overwrite,,,
size_sweep,4x3,random,10024,76.5,0.35,123.49997520446777,overwrite,,,
size_sweep,4x3,random,10025,76.5,0.35,123.50001525878906,overwrite,,,
size_sweep,4x3,random,10026,67.94999694824219,0.305,132.05004596710205,overwrite,,,
size_sweep,4x3,random,10027,63.20000076293945,0.28,136.80005931854248,overwrite,,,
size_sweep,4x3,random,10028,67.94999694824219,0.305,132.0500020980835,overwrite,,,
size_sweep,4x3,random,10029,66.04999542236328,0.295,133.94997310638428,overwrite,,,
size_sweep,4x3,random,10030,67.0,0.3,132.99999904632568,overwrite,,,
size_sweep,4x3,random,10031,71.75,0.325,128.24997425079346,overwrite,,,
size_sweep,4x3,random,10032,73.6500015258789,0.335,126.34996700286865,overwrite,,,
size_sweep,4x3,random,10033,77.44999694824219,0.355,122.54997539520264,overwrite,,,
size_sweep,4x3,random,10034,73.6500015258789,0.335,126.34997463226318,overwrite,,,
size_sweep,4x3,random,10035,68.89999389648438,0.31,131.100004196167,overwrite,,,
size_sweep,4x3,random,10036,72.70000457763672,0.33,127.3000078201294,overwrite,,,
size_sweep,4x3,random,10037,68.90000915527344,0.31,131.10007667541504,overwrite,,,
size_sweep,4x3,random,10038,60.349998474121094,0.265,139.64999198913574,overwrite,,,
size_sweep,4x3,random,10039,76.5,0.35,123.49997520446777,overwrite,,,
size_sweep,4x3,random,10040,79.3499984741211,0.365,120.64997577667236,overwrite,,,
size_sweep,4x3,random,10041,78.4000015258789,0.36,121.60000705718994,overwrite,,,
size_sweep,4x3,random,10042,76.5,0.35,123.50003910064697,overwrite,,,
size_sweep,4x3,random,10043,74.5999984741211,0.34,125.39997482299805,overwrite,,,
size_sweep,4x3,random,10044,69.8499984741211,0.315,130.14999675750732,overwrite,,,
size_sweep,4x3,random,10045,77.44999694824219,0.355,122.55001831054688,overwrite,,,
size_sweep,4x3,random,10046,73.64999389648438,0.335,126.34997463226318,overwrite,,,
size_sweep,4x3,random,10047,70.80000305175781,0.32,129.20005702972412,overwrite,,,
size_sweep,4x3,random,10048,66.05000305175781,0.295,133.95001125335693,overwrite,,,
size_sweep_teacher_forced,4x3,tf,9999,,,,overwrite,0.94,0.82,0.78
size_sweep_teacher_forced,4x3,tf,10000,,,,overwrite,0.94,0.04,0.02
size_sweep_teacher_forced,4x3,tf,10001,,,,overwrite,0.94,0.0,0.02
size_sweep_teacher_forced,4x3,tf,10002,,,,overwrite,0.94,0.06,0.08
size_sweep_teacher_forced,4x3,tf,10003,,,,overwrite,0.96,0.6,0.56
size_sweep_teacher_forced,4x3,tf,10004,,,,overwrite,0.96,0.48,0.48
size_sweep_teacher_forced,4x3,tf,10005,,,,overwrite,0.9,0.74,0.82
size_sweep_teacher_forced,4x3,tf,10006,,,,overwrite,0.98,0.86,0.86
size_sweep_teacher_forced,4x3,tf,10007,,,,overwrite,0.94,0.46,0.48
size_sweep_teacher_forced,4x3,tf,10008,,,,overwrite,0.94,0.14,0.16
size_sweep_teacher_forced,4x3,tf,10009,,,,overwrite,0.96,0.34,0.36
size_sweep_teacher_forced,4x3,tf,10010,,,,overwrite,0.98,0.46,0.48
size_sweep_teacher_forced,4x3,tf,10011,,,,overwrite,0.92,0.26,0.28
size_sweep_teacher_forced,4x3,tf,10012,,,,overwrite,0.92,0.02,0.04
size_sweep_teacher_forced,4x3,tf,10013,,,,overwrite,0.94,0.66,0.68
size_sweep_teacher_forced,4x3,tf,10014,,,,overwrite,0.96,0.14,0.12
size_sweep_teacher_forced,4x3,tf,10015,,,,overwrite,0.94,0.34,0.32
size_sweep_teacher_forced,4x3,tf,10016,,,,overwrite,1.0,0.0,0.0
size_sweep_teacher_forced,4x3,tf,10017,,,,overwrite,0.96,0.68,0.7
size_sweep_teacher_forced,4x3,tf,10018,,,,overwrite,0.86,0.36,0.4
size_sweep_teacher_forced,4x3,tf,10019,,,,overwrite,0.94,0.3,0.34
size_sweep_teacher_forced,4x3,tf,10020,,,,overwrite,0.9,0.12,0.06
size_sweep_teacher_forced,4x3,tf,10021,,,,overwrite,0.96,0.66,0.66
size_sweep_teacher_forced,4x3,tf,10022,,,,overwrite,0.96,0.46,0.48
size_sweep_teacher_forced,4x3,tf,10023,,,,overwrite,0.94,0.0,0.04
size_sweep_teacher_forced,4x3,tf,10024,,,,overwrite,0.98,0.58,0.58
size_sweep_teacher_forced,4x3,tf,10025,,,,overwrite,0.96,0.02,0.02
size_sweep_teacher_forced,4x3,tf,10026,,,,overwrite,0.94,0.68,0.7
size_sweep_teacher_forced,4x3,tf,10027,,,,overwrite,0.92,0.12,0.12
size_sweep_teacher_forced,4x3,tf,10028,,,,overwrite,0.92,0.76,0.82
size_sweep_teacher_forced,4x3,tf,10029,,,,overwrite,0.96,0.74,0.72
size_sweep_teacher_forced,4x3,tf,10030,,,,overwrite,0.96,0.28,0.26
size_sweep_teacher_forced,4x3,tf,10031,,,,overwrite,0.92,0.4,0.42
size_sweep_teacher_forced,4x3,tf,10032,,,,overwrite,0.92,0.3,0.32
size_sweep_teacher_forced,4x3,tf,10033,,,,overwrite,0.96,0.46,0.46
size_sweep_teacher_forced,4x3,tf,10034,,,,overwrite,0.98,0.78,0.76
size_sweep_teacher_forced,4x3,tf,10035,,,,overwrite,0.96,0.34,0.34
size_sweep_teacher_forced,4x3,tf,10036,,,,overwrite,0.9,0.34,0.34
size_sweep_teacher_forced,4x3,tf,10037,,,,overwrite,0.94,0.38,0.34
size_sweep_teacher_forced,4x3,tf,10038,,,,overwrite,0.88,0.08,0.08
size_sweep_teacher_forced,4x3,tf,10039,,,,overwrite,0.94,0.5,0.46
size_sweep_teacher_forced,4x3,tf,10040,,,,overwrite,1.0,0.28,0.28
size_sweep_teacher_forced,4x3,tf,10041,,,,overwrite,0.96,0.72,0.76
size_sweep_teacher_forced,4x3,tf,10042,,,,overwrite,1.0,0.02,0.02
size_sweep_teacher_forced,4x3,tf,10043,,,,overwrite,0.92,0.08,0.14
size_sweep_teacher_forced,4x3,tf,10044,,,,overwrite,0.98,0.34,0.36
size_sweep_teacher_forced,4x3,tf,10045,,,,overwrite,0.94,0.1,0.08
size_sweep_teacher_forced,4x3,tf,10046,,,,overwrite,0.92,0.86,0.86
size_sweep_teacher_forced,4x3,tf,10047,,,,overwrite,0.94,0.38,0.4
size_sweep_teacher_forced,4x3,tf,10048,,,,overwrite,0.96,0.82,0.8
size_sweep,4x4,tf_legacy,9999,68.9000015258789,0.31,131.09997940063477,overwrite,,,
size_sweep,4x4,tf_legacy,10000,131.60000610351562,0.64,68.39998626708984,overwrite,,,
size_sweep,4x4,tf_legacy,10001,62.25,0.275,137.74997234344482,overwrite,,,
size_sweep,4x4,tf_legacy,10002,10.000001907348633,0.0,189.99997806549072,overwrite,,,
size_sweep,4x4,tf_legacy,10003,35.650001525878906,0.135,164.3500509262085,overwrite,,,
size_sweep,4x4,tf_legacy,10004,89.80000305175781,0.42,110.20003318786621,overwrite,,,
size_sweep,4x4,tf_legacy,10005,11.900001525878906,0.01,188.09996223449707,overwrite,,,
size_sweep,4x4,tf_legacy,10006,167.70001220703125,0.83,32.29999351501465,overwrite,,,
size_sweep,4x4,tf_legacy,10007,108.80000305175781,0.52,91.20000553131104,overwrite,,,
size_sweep,4x4,tf_legacy,10008,53.69999694824219,0.23,146.30006313323975,overwrite,,,
size_sweep,4x4,tf_legacy,10009,10.000001907348633,0.0,190.00003051757812,overwrite,,,
size_sweep,4x4,tf_legacy,10010,111.65000915527344,0.535,88.34998226165771,overwrite,,,
size_sweep,4x4,tf_legacy,10011,31.85000228881836,0.115,168.15005588531494,overwrite,,,
size_sweep,4x4,tf_legacy,10012,75.55000305175781,0.345,124.45003032684326,overwrite,,,
size_sweep,4x4,tf_legacy,10013,147.75,0.725,52.250000953674316,overwrite,,,
size_sweep,4x4,tf_legacy,10014,98.3499984741211,0.465,101.65003204345703,overwrite,,,
size_sweep,4x4,tf_legacy,10015,86.0,0.4,113.9999771118164,overwrite,,,
size_sweep,4x4,tf_legacy,10016,44.19999694824219,0.18,155.79997730255127,overwrite,,,
size_sweep,4x4,tf_legacy,10017,17.599998474121094,0.04,182.40013217926025,overwrite,,,
size_sweep,4x4,tf_legacy,10018,59.39999771118164,0.26,140.59997177124023,overwrite,,,
size_sweep,4x4,tf_legacy,10019,78.40000915527344,0.36,121.5999755859375,overwrite,,,
size_sweep,4x4,tf_legacy,10020,152.5,0.75,47.499990463256836,overwrite,,,
size_sweep,4x4,tf_legacy,10021,53.69999694824219,0.23,146.299973487854,overwrite,,,
size_sweep,4x4,tf_legacy,10022,27.099998474121094,0.09,172.89996528625488,overwrite,,,
size_sweep,4x4,tf_legacy,10023,47.04999923706055,0.195,152.95000076293945,overwrite,,,
size_sweep,4x4,tf_legacy,10024,86.0,0.4,114.0000696182251,overwrite,,,
size_sweep,4x4,tf_legacy,10025,40.39999771118164,0.16,159.59996795654297,overwrite,,,
size_sweep,4x4,tf_legacy,10026,29.949996948242188,0.105,170.04997444152832,overwrite,,,
size_sweep,4x4,tf_legacy,10027,22.350000381469727,0.065,177.64996433258057,overwrite,,,
size_sweep,4x4,tf_legacy,10028,52.75,0.225,147.2499704360962,overwrite,,,
size_sweep,4x4,tf_legacy,10029,71.75,0.325,128.24997425079346,overwrite,,,
size_sweep,4x4,tf_legacy,10030,52.75,0.225,147.24999618530273,overwrite,,,
size_sweep,4x4,tf_legacy,10031,101.20000457763672,0.48,98.80001926422119,overwrite,,,
size_sweep,4x4,tf_legacy,10032,57.49999237060547,0.25,142.50006675720215,overwrite,,,
size_sweep,4x4,tf_legacy,10033,82.19999694824219,0.38,117.79997634887695,overwrite,,,
size_sweep,4x4,tf_legacy,10034,87.90000915527344,0.41,112.09998321533203,overwrite,,,
size_sweep,4x4,tf_legacy,10035,77.45000457763672,0.355,122.54997539520264,overwrite,,,
size_sweep,4x4,tf_legacy,10036,76.5,0.35,123.5000991821289,overwrite,,,
size_sweep,4x4,tf_legacy,10037,86.0,0.4,113.99997806549072,overwrite,,,
size_sweep,4x4,tf_legacy,10038,24.249996185302734,0.075,175.7499647140503,overwrite,,,
size_sweep,4x4,tf_legacy,10039,24.249998092651367,0.075,175.75003719329834,overwrite,,,
size_sweep,4x4,tf_legacy,10040,28.049997329711914,0.095,171.94996547698975,overwrite,,,
size_sweep,4x4,tf_legacy,10041,52.75000762939453,0.225,147.2499704360962,overwrite,,,
size_sweep,4x4,tf_legacy,10042,124.0,0.6,76.00000762939453,overwrite,,,
size_sweep,4x4,tf_legacy,10043,105.0,0.5,94.99998092651367,overwrite,,,
size_sweep,4x4,tf_legacy,10044,40.399993896484375,0.16,159.59996795654297,overwrite,,,
size_sweep,4x4,tf_legacy,10045,26.149995803833008,0.085,173.84996509552002,overwrite,,,
size_sweep,4x4,tf_legacy,10046,25.200000762939453,0.08,174.79996490478516,overwrite,,,
size_sweep,4x4,tf_legacy,10047,111.65000915527344,0.535,88.34998226165771,overwrite,,,
size_sweep,4x4,tf_legacy,10048,97.4000015258789,0.46,102.59998226165771,overwrite,,,
size_sweep,4x4,tf_self,9999,103.10000610351562,0.49,96.90000057220459,overwrite,,,
size_sweep,4x4,tf_self,10000,18.549999237060547,0.045,181.4499635696411,overwrite,,,
size_sweep,4x4,tf_self,10001,62.25,0.275,137.74997234344482,overwrite,,,
size_sweep,4x4,tf_self,10002,10.000001907348633,0.0,190.0000123977661,overwrite,,,
size_sweep,4x4,tf_self,10003,10.000001907348633,0.0,190.00005531311035,overwrite,,,
size_sweep,4x4,tf_self,10004,27.099998474121094,0.09,172.89989948272705,overwrite,,,
size_sweep,4x4,tf_self,10005,10.000001907348633,0.0,189.99996185302734,overwrite,,,
size_sweep,4x4,tf_self,10006,43.25,0.175,156.74996852874756,overwrite,,,
size_sweep,4x4,tf_self,10007,10.000001907348633,0.0,189.99997997283936,overwrite,,,
size_sweep,4x4,tf_self,10008,117.35000610351562,0.565,82.65006637573242,overwrite,,,
size_sweep,4x4,tf_self,10009,24.249998092651367,0.075,175.75005340576172,overwrite,,,
size_sweep,4x4,tf_self,10010,141.10000610351562,0.69,58.89998817443848,overwrite,,,
size_sweep,4x4,tf_self,10011,57.5,0.25,142.4999771118164,overwrite,,,
size_sweep,4x4,tf_self,10012,10.000001907348633,0.0,189.999981880188,overwrite,,,
size_sweep,4x4,tf_self,10013,60.35000228881836,0.265,139.65003776550293,overwrite,,,
size_sweep,4x4,tf_self,10014,68.89999389648438,0.31,131.09997367858887,overwrite,,,
size_sweep,4x4,tf_self,10015,45.14999771118164,0.185,154.84996891021729,overwrite,,,
size_sweep,4x4,tf_self,10016,10.000001907348633,0.0,190.00007343292236,overwrite,,,
size_sweep,4x4,tf_self,10017,20.44999885559082,0.055,179.5501298904419,overwrite,,,
size_sweep,4x4,tf_self,10018,30.899999618530273,0.11,169.09996604919434,overwrite,,,
size_sweep,4x4,tf_self,10019,10.000001907348633,0.0,189.99996185302734,overwrite,,,
size_sweep,4x4,tf_self,10020,124.0,0.6,75.99998474121094,overwrite,,,
size_sweep,4x4,tf_self,10021,74.60000610351562,0.34,125.39999198913574,overwrite,,,
size_sweep,4x4,tf_self,10022,69.8499984741211,0.315,130.14997386932373,overwrite,,,
size_sweep,4x4,tf_self,10023,47.04999542236328,0.195,152.95001602172852,overwrite,,,
size_sweep,4x4,tf_self,10024,14.750000953674316,0.025,185.2501401901245,overwrite,,,
size_sweep,4x4,tf_self,10025,56.54999923706055,0.245,143.44997119903564,overwrite,,,
size_sweep,4x4,tf_self,10026,10.000001907348633,0.0,190.00000095367432,overwrite,,,
size_sweep,4x4,tf_self,10027,27.09999656677246,0.09,172.89996528625488,overwrite,,,
size_sweep,4x4,tf_self,10028,22.349998474121094,0.065,177.64996433258057,overwrite,,,
size_sweep,4x4,tf_self,10029,133.5,0.65,66.49998664855957,overwrite,,,
size_sweep,4x4,tf_self,10030,21.39999771118164,0.06,178.6000165939331,overwrite,,,
size_sweep,4x4,tf_self,10031,65.0999984741211,0.29,134.90010833740234,overwrite,,,
size_sweep,4x4,tf_self,10032,99.30000305175781,0.47,100.7000617980957,overwrite,,,
size_sweep,4x4,tf_self,10033,10.000001907348633,0.0,189.99996185302734,overwrite,,,
size_sweep,4x4,tf_self,10034,67.94999694824219,0.305,132.05000400543213,overwrite,,,
size_sweep,4x4,tf_self,10035,46.09999465942383,0.19,153.89996910095215,overwrite,,,
size_sweep,4x4,tf_self,10036,55.599998474121094,0.24,144.40011596679688,overwrite,,,
size_sweep,4x4,tf_self,10037,10.000001907348633,0.0,189.99996185302734,overwrite,,,
size_sweep,4x4,tf_self,10038,10.000001907348633,0.0,189.99996185302734,overwrite,,,
size_sweep,4x4,tf_self,10039,10.000001907348633,0.0,190.0000352859497,overwrite,,,
size_sweep,4x4,tf_self,10040,10.000001907348633,0.0,189.99996185302734,overwrite,,,
size_sweep,4x4,tf_self,10041,62.25,0.275,137.74997234344482,overwrite,,,
size_sweep,4x4,tf_self,10042,10.000001907348633,0.0,190.00004768371582,overwrite,,,
size_sweep,4x4,tf_self,10043,47.99999237060547,0.2,151.99996948242188,overwrite,,,
size_sweep,4x4,tf_self,10044,10.000001907348633,0.0,189.99996185302734,overwrite,,,
size_sweep,4x4,tf_self,10045,68.89999389648438,0.31,131.09997367858887,overwrite,,,
size_sweep,4x4,tf_self,10046,10.000001907348633,0.0,189.99996185302734,overwrite,,,
size_sweep,4x4,tf_self,10047,17.59999656677246,0.04,182.39996337890625,overwrite,,,
size_sweep,4x4,tf_self,10048,41.349998474121094,0.165,158.65000438690186,overwrite,,,
size_sweep,4x4,optimal,9999,200.0,1.0,0.0,overwrite,,,
size_sweep,4x4,optimal,10000,200.0,1.0,0.0,overwrite,,,
size_sweep,4x4,optimal,10001,200.0,1.0,0.0,overwrite,,,
size_sweep,4x4,optimal,10002,200.0,1.0,0.0,overwrite,,,
size_sweep,4x4,optimal,10003,200.0,1.0,0.0,overwrite,,,
size_sweep,4x4,optimal,10004,200.0,1.0,0.0,overwrite,,,
size_sweep,4x4,optimal,10005,200.0,1.0,0.0,overwrite,,,
size_sweep,4x4,optimal,10006,200.0,1.0,0.0,overwrite,,,
size_sweep,4x4,optimal,10007,200.0,1.0,0.0,overwrite,,,
size_sweep,4x4,optimal,10008,200.0,1.0,0.0,overwrite,,,
size_sweep,4x4,optimal,10009,200.0,1.0,0.0,overwrite,,,
size_sweep,4x4,optimal,10010,200.0,1.0,0.0,overwrite,,,
size_sweep,4x4,optimal,10011,200.0,1.0,0.0,overwrite,,,
size_sweep,4x4,optimal,10012,200.0,1.0,0.0,overwrite,,,
size_sweep,4x4,optimal,10013,200.0,1.0,0.0,overwrite,,,
size_sweep,4x4,optimal,10014,200.0,1.0,0.0,overwrite,,,
size_sweep,4x4,optimal,10015,200.0,1.0,0.0,overwrite,,,
size_sweep,4x4,optimal,10016,200.0,1.0,0.0,overwrite,,,
size_sweep,4x4,optimal,10017,200.0,1.0,0.0,overwrite,,,
size_sweep,4x4,optimal,10018,200.0,1.0,0.0,overwrite,,,
size_sweep,4x4,optimal,10019,200.0,1.0,0.0,overwrite,,,
size_sweep,4x4,optimal,10020,200.0,1.0,0.0,overwrite,,,
size_sweep,4x4,optimal,10021,200.0,1.0,0.0,overwrite,,,
size_sweep,4x4,optimal,10022,200.0,1.0,0.0,overwrite,,,
size_sweep,4x4,optimal,10023,200.0,1.0,0.0,overwrite,,,
size_sweep,4x4,optimal,10024,200.0,1.0,0.0,overwrite,,,
size_sweep,4x4,optimal,10025,200.0,1.0,0.0,overwrite,,,
size_sweep,4x4,optimal,10026,200.0,1.0,0.0,overwrite,,,
size_sweep,4x4,optimal,10027,200.0,1.0,0.0,overwrite,,,
size_sweep,4x4,optimal,10028,200.0,1.0,0.0,overwrite,,,
size_sweep,4x4,optimal,10029,200.0,1.0,0.0,overwrite,,,
size_sweep,4x4,optimal,10030,200.0,1.0,0.0,overwrite,,,
size_sweep,4x4,optimal,10031,200.0,1.0,0.0,overwrite,,,
size_sweep,4x4,optimal,10032,200.0,1.0,0.0,overwrite,,,
size_sweep,4x4,optimal,10033,200.0,1.0,0.0,overwrite,,,
size_sweep,4x4,optimal,10034,200.0,1.0,0.0,overwrite,,,
size_sweep,4x4,optimal,10035,200.0,1.0,0.0,overwrite,,,
size_sweep,4x4,optimal,10036,200.0,1.0,0.0,overwrite,,,
size_sweep,4x4,optimal,10037,200.0,1.0,0.0,overwrite,,,
size_sweep,4x4,optimal,10038,200.0,1.0,0.0,overwrite,,,
size_sweep,4x4,optimal,10039,200.0,1.0,0.0,overwrite,,,
size_sweep,4x4,optimal,10040,200.0,1.0,0.0,overwrite,,,
size_sweep,4x4,optimal,10041,200.0,1.0,0.0,overwrite,,,
size_sweep,4x4,optimal,10042,200.0,1.0,0.0,overwrite,,,
size_sweep,4x4,optimal,10043,200.0,1.0,0.0,overwrite,,,
size_sweep,4x4,optimal,10044,200.0,1.0,0.0,overwrite,,,
size_sweep,4x4,optimal,10045,200.0,1.0,0.0,overwrite,,,
size_sweep,4x4,optimal,10046,200.0,1.0,0.0,overwrite,,,
size_sweep,4x4,optimal,10047,200.0,1.0,0.0,overwrite,,,
size_sweep,4x4,optimal,10048,200.0,1.0,0.0,overwrite,,,
size_sweep,4x4,random,9999,57.5,0.25,142.49998474121094,overwrite,,,
size_sweep,4x4,random,10000,56.54999542236328,0.245,143.44999313354492,overwrite,,,
size_sweep,4x4,random,10001,43.25,0.175,156.74996852874756,overwrite,,,
size_sweep,4x4,random,10002,50.849998474121094,0.215,149.1500015258789,overwrite,,,
size_sweep,4x4,random,10003,63.19999694824219,0.28,136.80003929138184,overwrite,,,
size_sweep,4x4,random,10004,64.1500015258789,0.285,135.84998512268066,overwrite,,,
size_sweep,4x4,random,10005,49.89999771118164,0.21,150.0999698638916,overwrite,,,
size_sweep,4x4,random,10006,55.599998474121094,0.24,144.3999786376953,overwrite,,,
size_sweep,4x4,random,10007,54.650001525878906,0.235,145.35003852844238,overwrite,,,
size_sweep,4x4,random,10008,48.94999694824219,0.205,151.05006980895996,overwrite,,,
size_sweep,4x4,random,10009,51.79999923706055,0.22,148.20003509521484,overwrite,,,
size_sweep,4x4,random,10010,55.599998474121094,0.24,144.39996337890625,overwrite,,,
size_sweep,4x4,random,10011,61.29999923706055,0.27,138.70001602172852,overwrite,,,
size_sweep,4x4,random,10012,65.0999984741211,0.29,134.89999389648438,overwrite,,,
size_sweep,4x4,random,10013,65.10000610351562,0.29,134.90001773834229,overwrite,,,
size_sweep,4x4,random,10014,46.099998474121094,0.19,153.89997673034668,overwrite,,,
size_sweep,4x4,random,10015,62.25,0.275,137.74997234344482,overwrite,,,
size_sweep,4x4,random,10016,55.599998474121094,0.24,144.4000244140625,overwrite,,,
size_sweep,4x4,random,10017,55.599998474121094,0.24,144.40001106262207,overwrite,,,
size_sweep,4x4,random,10018,55.599998474121094,0.24,144.39997100830078,overwrite,,,
size_sweep,4x4,random,10019,57.5,0.25,142.4999713897705,overwrite,,,
size_sweep,4x4,random,10020,58.44999694824219,0.255,141.54997158050537,overwrite,,,
size_sweep,4x4,random,10021,57.49999237060547,0.25,142.49998474121094,overwrite,,,
size_sweep,4x4,random,10022,51.79999542236328,0.22,148.19997024536133,overwrite,,,
size_sweep,4x4,random,10023,56.54999542236328,0.245,143.4499807357788,overwrite,,,
size_sweep,4x4,random,10024,63.19999694824219,0.28,136.8000783920288,overwrite,,,
size_sweep,4x4,random,10025,48.94999694824219,0.205,151.04996967315674,overwrite,,,
size_sweep,4x4,random,10026,64.1500015258789,0.285,135.8499994277954,overwrite,,,
size_sweep,4x4,random,10027,55.599998474121094,0.24,144.39997100830078,overwrite,,,
size_sweep,4x4,random,10028,67.0,0.3,132.99997329711914,overwrite,,,
size_sweep,4x4,random,10029,54.650001525878906,0.235,145.34997081756592,overwrite,,,
size_sweep,4x4,random,10030,58.45000076293945,0.255,141.55000686645508,overwrite,,,
size_sweep,4x4,random,10031,54.649993896484375,0.235,145.35006713867188,overwrite,,,
size_sweep,4x4,random,10032,58.44999694824219,0.255,141.5500431060791,overwrite,,,
size_sweep,4x4,random,10033,56.54999542236328,0.245,143.44997119903564,overwrite,,,
size_sweep,4x4,random,10034,58.44999694824219,0.255,141.54999923706055,overwrite,,,
size_sweep,4x4,random,10035,55.59999465942383,0.24,144.39997100830078,overwrite,,,
size_sweep,4x4,random,10036,50.849998474121094,0.215,149.15009880065918,overwrite,,,
size_sweep,4x4,random,10037,58.45000076293945,0.255,141.54998779296875,overwrite,,,
size_sweep,4x4,random,10038,55.599998474121094,0.24,144.39997100830078,overwrite,,,
size_sweep,4x4,random,10039,57.49999237060547,0.25,142.5000228881836,overwrite,,,
size_sweep,4x4,random,10040,56.54999923706055,0.245,143.44997119903564,overwrite,,,
size_sweep,4x4,random,10041,56.54999542236328,0.245,143.44997119903564,overwrite,,,
size_sweep,4x4,random,10042,54.649993896484375,0.235,145.3500156402588,overwrite,,,
size_sweep,4x4,random,10043,57.499996185302734,0.25,142.4999713897705,overwrite,,,
size_sweep,4x4,random,10044,58.44999694824219,0.255,141.54999923706055,overwrite,,,
size_sweep,4x4,random,10045,53.69999694824219,0.23,146.29997062683105,overwrite,,,
size_sweep,4x4,random,10046,47.999996185302734,0.2,151.99996948242188,overwrite,,,
size_sweep,4x4,random,10047,54.64999771118164,0.235,145.34997081756592,overwrite,,,
size_sweep,4x4,random,10048,57.499996185302734,0.25,142.49999618530273,overwrite,,,
size_sweep_teacher_forced,4x4,tf,9999,,,,overwrite,0.88,0.36,0.42
size_sweep_teacher_forced,4x4,tf,10000,,,,overwrite,0.94,0.16,0.16
size_sweep_teacher_forced,4x4,tf,10001,,,,overwrite,0.92,0.22,0.22
size_sweep_teacher_forced,4x4,tf,10002,,,,overwrite,0.94,0.28,0.28
size_sweep_teacher_forced,4x4,tf,10003,,,,overwrite,0.92,0.12,0.14
size_sweep_teacher_forced,4x4,tf,10004,,,,overwrite,0.9,0.0,0.04
size_sweep_teacher_forced,4x4,tf,10005,,,,overwrite,0.94,0.14,0.12
size_sweep_teacher_forced,4x4,tf,10006,,,,overwrite,0.94,0.2,0.22
size_sweep_teacher_forced,4x4,tf,10007,,,,overwrite,0.94,0.04,0.0
size_sweep_teacher_forced,4x4,tf,10008,,,,overwrite,0.94,0.46,0.44
size_sweep_teacher_forced,4x4,tf,10009,,,,overwrite,0.82,0.12,0.2
size_sweep_teacher_forced,4x4,tf,10010,,,,overwrite,0.98,0.18,0.18
size_sweep_teacher_forced,4x4,tf,10011,,,,overwrite,0.86,0.06,0.02
size_sweep_teacher_forced,4x4,tf,10012,,,,overwrite,0.96,0.74,0.74
size_sweep_teacher_forced,4x4,tf,10013,,,,overwrite,0.92,0.16,0.14
size_sweep_teacher_forced,4x4,tf,10014,,,,overwrite,0.94,0.02,0.0
size_sweep_teacher_forced,4x4,tf,10015,,,,overwrite,0.94,0.22,0.2
size_sweep_teacher_forced,4x4,tf,10016,,,,overwrite,0.9,0.22,0.24
size_sweep_teacher_forced,4x4,tf,10017,,,,overwrite,0.96,0.54,0.54
size_sweep_teacher_forced,4x4,tf,10018,,,,overwrite,0.86,0.74,0.8
size_sweep_teacher_forced,4x4,tf,10019,,,,overwrite,0.94,0.02,0.0
size_sweep_teacher_forced,4x4,tf,10020,,,,overwrite,0.9,0.72,0.78
size_sweep_teacher_forced,4x4,tf,10021,,,,overwrite,0.96,0.04,0.04
size_sweep_teacher_forced,4x4,tf,10022,,,,overwrite,0.94,0.3,0.34
size_sweep_teacher_forced,4x4,tf,10023,,,,overwrite,0.92,0.48,0.48
size_sweep_teacher_forced,4x4,tf,10024,,,,overwrite,0.9,0.36,0.42
size_sweep_teacher_forced,4x4,tf,10025,,,,overwrite,0.94,0.06,0.08
size_sweep_teacher_forced,4x4,tf,10026,,,,overwrite,0.9,0.64,0.64
size_sweep_teacher_forced,4x4,tf,10027,,,,overwrite,0.94,0.46,0.48
size_sweep_teacher_forced,4x4,tf,10028,,,,overwrite,0.94,0.04,0.02
size_sweep_teacher_forced,4x4,tf,10029,,,,overwrite,0.94,0.04,0.0
size_sweep_teacher_forced,4x4,tf,10030,,,,overwrite,0.98,0.24,0.24
size_sweep_teacher_forced,4x4,tf,10031,,,,overwrite,0.94,0.12,0.14
size_sweep_teacher_forced,4x4,tf,10032,,,,overwrite,0.98,0.18,0.16
size_sweep_teacher_forced,4x4,tf,10033,,,,overwrite,0.9,0.38,0.48
size_sweep_teacher_forced,4x4,tf,10034,,,,overwrite,0.92,0.56,0.58
size_sweep_teacher_forced,4x4,tf,10035,,,,overwrite,0.88,0.78,0.74
size_sweep_teacher_forced,4x4,tf,10036,,,,overwrite,0.9,0.2,0.2
size_sweep_teacher_forced,4x4,tf,10037,,,,overwrite,0.92,0.22,0.2
size_sweep_teacher_forced,4x4,tf,10038,,,,overwrite,0.96,0.42,0.42
size_sweep_teacher_forced,4x4,tf,10039,,,,overwrite,0.94,0.26,0.24
size_sweep_teacher_forced,4x4,tf,10040,,,,overwrite,0.96,0.02,0.02
size_sweep_teacher_forced,4x4,tf,10041,,,,overwrite,0.94,0.0,0.02
size_sweep_teacher_forced,4x4,tf,10042,,,,overwrite,0.98,0.02,0.02
size_sweep_teacher_forced,4x4,tf,10043,,,,overwrite,0.94,0.0,0.02
size_sweep_teacher_forced,4x4,tf,10044,,,,overwrite,0.96,0.0,0.02
size_sweep_teacher_forced,4x4,tf,10045,,,,overwrite,0.94,0.72,0.7
size_sweep_teacher_forced,4x4,tf,10046,,,,overwrite,0.96,0.02,0.02
size_sweep_teacher_forced,4x4,tf,10047,,,,overwrite,0.94,0.34,0.36
size_sweep_teacher_forced,4x4,tf,10048,,,,overwrite,0.96,0.66,0.68
size_sweep,5x2,tf_legacy,9999,71.75,0.325,128.24997520446777,overwrite,,,
size_sweep,5x2,tf_legacy,10000,121.1500015258789,0.585,78.85000419616699,overwrite,,,
size_sweep,5x2,tf_legacy,10001,174.35000610351562,0.865,25.64999771118164,overwrite,,,
size_sweep,5x2,tf_legacy,10002,108.80000305175781,0.52,91.19999027252197,overwrite,,,
size_sweep,5x2,tf_legacy,10003,97.4000015258789,0.46,102.60001850128174,overwrite,,,
size_sweep,5x2,tf_legacy,10004,77.45000457763672,0.355,122.55005645751953,overwrite,,,
size_sweep,5x2,tf_legacy,10005,51.79999923706055,0.22,148.19991970062256,overwrite,,,
size_sweep,5x2,tf_legacy,10006,129.6999969482422,0.63,70.2999963760376,overwrite,,,
size_sweep,5x2,tf_legacy,10007,111.6500015258789,0.535,88.34998321533203,overwrite,,,
size_sweep,5x2,tf_legacy,10008,107.85000610351562,0.515,92.15002059936523,overwrite,,,
size_sweep,5x2,tf_legacy,10009,168.65000915527344,0.835,31.34999370574951,overwrite,,,
size_sweep,5x2,tf_legacy,10010,93.60000610351562,0.44,106.40008068084717,overwrite,,,
size_sweep,5x2,tf_legacy,10011,80.30000305175781,0.37,119.69997596740723,overwrite,,,
size_sweep,5x2,tf_legacy,10012,184.8000030517578,0.92,15.200003623962402,overwrite,,,
size_sweep,5x2,tf_legacy,10013,106.90000915527344,0.51,93.0999813079834,overwrite,,,
size_sweep,5x2,tf_legacy,10014,72.69999694824219,0.33,127.30005168914795,overwrite,,,
size_sweep,5x2,tf_legacy,10015,143.95001220703125,0.705,56.050045013427734,overwrite,,,
size_sweep,5x2,tf_legacy,10016,148.70001220703125,0.73,51.30000686645508,overwrite,,,
size_sweep,5x2,tf_legacy,10017,93.60000610351562,0.44,106.39994621276855,overwrite,,,
size_sweep,5x2,tf_legacy,10018,171.5,0.85,28.4999942779541,overwrite,,,
size_sweep,5x2,tf_legacy,10019,129.70001220703125,0.63,70.29998588562012,overwrite,,,
size_sweep,5x2,tf_legacy,10020,99.30000305175781,0.47,100.69999122619629,overwrite,,,
size_sweep,5x2,tf_legacy,10021,171.5,0.85,28.4999942779541,overwrite,,,
size_sweep,5x2,tf_legacy,10022,86.95000457763672,0.405,113.04998302459717,overwrite,,,
size_sweep,5x2,tf_legacy,10023,162.95001220703125,0.805,37.04999256134033,overwrite,,,
size_sweep,5x2,tf_legacy,10024,82.20001220703125,0.38,117.79997634887695,overwrite,,,
size_sweep,5x2,tf_legacy,10025,140.14999389648438,0.685,59.85003471374512,overwrite,,,
size_sweep,5x2,tf_legacy,10026,145.85000610351562,0.715,54.14998912811279,overwrite,,,
size_sweep,5x2,tf_legacy,10027,143.0,0.7,56.9999885559082,overwrite,,,
size_sweep,5x2,tf_legacy,10028,134.45001220703125,0.655,65.55002117156982,overwrite,,,
size_sweep,5x2,tf_legacy,10029,100.25000762939453,0.475,99.74997997283936,overwrite,,,
size_sweep,5x2,tf_legacy,10030,66.05000305175781,0.295,133.94997310638428,overwrite,,,
size_sweep,5x2,tf_legacy,10031,54.649993896484375,0.235,145.35000324249268,overwrite,,,
size_sweep,5x2,tf_legacy,10032,124.00000762939453,0.6,75.99998474121094,overwrite,,,
size_sweep,5x2,tf_legacy,10033,166.75,0.825,33.249993324279785,overwrite,,,
size_sweep,5x2,tf_legacy,10034,108.80001068115234,0.52,91.2000036239624,overwrite,,,
size_sweep,5x2,tf_legacy,10035,118.30000305175781,0.57,81.69998359680176,overwrite,,,
size_sweep,5x2,tf_legacy,10036,87.90000915527344,0.41,112.10002517700195,overwrite,,,
size_sweep,5x2,tf_legacy,10037,155.35000610351562,0.765,44.649991035461426,overwrite,,,
size_sweep,5x2,tf_legacy,10038,116.4000015258789,0.56,83.59998321533203,overwrite,,,
size_sweep,5x2,tf_legacy,10039,93.60000610351562,0.44,106.39994525909424,overwrite,,,
size_sweep,5x2,tf_legacy,10040,109.75001525878906,0.525,90.24998188018799,overwrite,,,
size_sweep,5x2,tf_legacy,10041,88.85000610351562,0.415,111.149977684021,overwrite,,,
size_sweep,5x2,tf_legacy,10042,86.95000457763672,0.405,113.04997730255127,overwrite,,,
size_sweep,5x2,tf_legacy,10043,138.25,0.675,61.750020027160645,overwrite,,,
size_sweep,5x2,tf_legacy,10044,78.4000015258789,0.36,121.59997940063477,overwrite,,,
size_sweep,5x2,tf_legacy,10045,153.45001220703125,0.755,46.5499906539917,overwrite,,,
size_sweep,5x2,tf_legacy,10046,136.35000610351562,0.665,63.649991035461426,overwrite,,,
size_sweep,5x2,tf_legacy,10047,30.89999771118164,0.11,169.09996604919434,overwrite,,,
size_sweep,5x2,tf_legacy,10048,145.85000610351562,0.715,54.14998912811279,overwrite,,,
size_sweep,5x2,tf_self,9999,73.6500015258789,0.335,126.3499755859375,overwrite,,,
size_sweep,5x2,tf_self,10000,86.0,0.4,113.99999809265137,overwrite,,,
size_sweep,5x2,tf_self,10001,152.5,0.75,47.50000190734863,overwrite,,,
size_sweep,5x2,tf_self,10002,33.75,0.125,166.25001049041748,overwrite,,,
size_sweep,5x2,tf_self,10003,121.1500015258789,0.585,78.84999370574951,overwrite,,,
size_sweep,5x2,tf_self,10004,143.0,0.7,56.9999885559082,overwrite,,,
size_sweep,5x2,tf_self,10005,61.29999542236328,0.27,138.69990825653076,overwrite,,,
size_sweep,5x2,tf_self,10006,119.25001525878906,0.575,80.75002193450928,overwrite,,,
size_sweep,5x2,tf_self,10007,157.25,0.775,42.75000858306885,overwrite,,,
size_sweep,5x2,tf_self,10008,150.60000610351562,0.74,49.40003967285156,overwrite,,,
size_sweep,5x2,tf_self,10009,180.0500030517578,0.895,19.94999599456787,overwrite,,,
size_sweep,5x2,tf_self,10010,10.000001907348633,0.0,190.00010776519775,overwrite,,,
size_sweep,5x2,tf_self,10011,168.64999389648438,0.835,31.34999370574951,overwrite,,,
size_sweep,5x2,tf_self,10012,111.65000915527344,0.535,88.34998416900635,overwrite,,,
size_sweep,5x2,tf_self,10013,70.80000305175781,0.32,129.1999740600586,overwrite,,,
size_sweep,5x2,tf_self,10014,110.70000457763672,0.53,89.3000717163086,overwrite,,,
size_sweep,5x2,tf_self,10015,35.649993896484375,0.135,164.3500804901123,overwrite,,,
size_sweep,5x2,tf_self,10016,72.69999694824219,0.33,127.30007553100586,overwrite,,,
size_sweep,5x2,tf_self,10017,145.85000610351562,0.715,54.15004348754883,overwrite,,,
size_sweep,5x2,tf_self,10018,121.15000915527344,0.585,78.84998416900635,overwrite,,,
size_sweep,5x2,tf_self,10019,86.0,0.4,113.9999771118164,overwrite,,,
size_sweep,5x2,tf_self,10020,88.85000610351562,0.415,111.149977684021,overwrite,,,
size_sweep,5x2,tf_self,10021,57.499996185302734,0.25,142.4999713897705,overwrite,,,
size_sweep,5x2,tf_self,10022,111.65000915527344,0.535,88.34991073608398,overwrite,,,
size_sweep,5x2,tf_self,10023,77.44999694824219,0.355,122.54997539520264,overwrite,,,
size_sweep,5x2,tf_self,10024,115.45000457763672,0.555,84.54998302459717,overwrite,,,
size_sweep,5x2,tf_self,10025,143.95001220703125,0.705,56.049988746643066,overwrite,,,
size_sweep,5x2,tf_self,10026,200.0,1.0,0.0,overwrite,,,
size_sweep,5x2,tf_self,10027,113.55000305175781,0.545,86.44998264312744,overwrite,,,
size_sweep,5x2,tf_self,10028,171.5,0.85,28.4999942779541,overwrite,,,
size_sweep,5x2,tf_self,10029,155.35000610351562,0.765,44.649991035461426,overwrite,,,
size_sweep,5x2,tf_self,10030,115.45001220703125,0.555,84.54998302459717,overwrite,,,
size_sweep,5x2,tf_self,10031,117.35000610351562,0.565,82.65002250671387,overwrite,,,
size_sweep,5x2,tf_self,10032,115.45001220703125,0.555,84.54998302459717,overwrite,,,
size_sweep,5x2,tf_self,10033,200.0,1.0,0.0,overwrite,,,
size_sweep,5x2,tf_self,10034,169.60000610351562,0.84,30.4000244140625,overwrite,,,
size_sweep,5x2,tf_self,10035,103.10000610351562,0.49,96.89998054504395,overwrite,,,
size_sweep,5x2,tf_self,10036,80.30000305175781,0.37,119.70002746582031,overwrite,,,
size_sweep,5x2,tf_self,10037,82.19999694824219,0.38,117.80003833770752,overwrite,,,
size_sweep,5x2,tf_self,10038,67.0,0.3,132.99997329711914,overwrite,,,
size_sweep,5x2,tf_self,10039,50.849998474121094,0.215,149.14996528625488,overwrite,,,
size_sweep,5x2,tf_self,10040,149.64999389648438,0.735,50.349989891052246,overwrite,,,
size_sweep,5x2,tf_self,10041,147.75,0.725,52.24998950958252,overwrite,,,
size_sweep,5x2,tf_self,10042,116.40000915527344,0.56,83.59998321533203,overwrite,,,
size_sweep,5x2,tf_self,10043,179.10000610351562,0.89,20.899995803833008,overwrite,,,
size_sweep,5x2,tf_self,10044,10.000001907348633,0.0,190.00000858306885,overwrite,,,
size_sweep,5x2,tf_self,10045,110.70001220703125,0.53,89.29998207092285,overwrite,,,
size_sweep,5x2,tf_self,10046,53.69999694824219,0.23,146.3000030517578,overwrite,,,
size_sweep,5x2,tf_self,10047,51.79999542236328,0.22,148.19997024536133,overwrite,,,
size_sweep,5x2,tf_self,10048,118.30000305175781,0.57,81.69998359680176,overwrite,,,
size_sweep,5x2,optimal,9999,200.0,1.0,0.0,overwrite,,,
size_sweep,5x2,optimal,10000,200.0,1.0,0.0,overwrite,,,
size_sweep,5x2,optimal,10001,200.0,1.0,0.0,overwrite,,,
size_sweep,5x2,optimal,10002,200.0,1.0,0.0,overwrite,,,
size_sweep,5x2,optimal,10003,200.0,1.0,0.0,overwrite,,,
size_sweep,5x2,optimal,10004,200.0,1.0,0.0,overwrite,,,
size_sweep,5x2,optimal,10005,200.0,1.0,0.0,overwrite,,,
size_sweep,5x2,optimal,10006,200.0,1.0,0.0,overwrite,,,
size_sweep,5x2,optimal,10007,200.0,1.0,0.0,overwrite,,,
size_sweep,5x2,optimal,10008,200.0,1.0,0.0,overwrite,,,
size_sweep,5x2,optimal,10009,200.0,1.0,0.0,overwrite,,,
size_sweep,5x2,optimal,10010,200.0,1.0,0.0,overwrite,,,
size_sweep,5x2,optimal,10011,200.0,1.0,0.0,overwrite,,,
size_sweep,5x2,optimal,10012,200.0,1.0,0.0,overwrite,,,
size_sweep,5x2,optimal,10013,200.0,1.0,0.0,overwrite,,,
size_sweep,5x2,optimal,10014,200.0,1.0,0.0,overwrite,,,
size_sweep,5x2,optimal,10015,200.0,1.0,0.0,overwrite,,,
size_sweep,5x2,optimal,10016,200.0,1.0,0.0,overwrite,,,
size_sweep,5x2,optimal,10017,200.0,1.0,0.0,overwrite,,,
size_sweep,5x2,optimal,10018,200.0,1.0,0.0,overwrite,,,
size_sweep,5x2,optimal,10019,200.0,1.0,0.0,overwrite,,,
size_sweep,5x2,optimal,10020,200.0,1.0,0.0,overwrite,,,
size_sweep,5x2,optimal,10021,200.0,1.0,0.0,overwrite,,,
size_sweep,5x2,optimal,10022,200.0,1.0,0.0,overwrite,,,
size_sweep,5x2,optimal,10023,200.0,1.0,0.0,overwrite,,,
size_sweep,5x2,optimal,10024,200.0,1.0,0.0,overwrite,,,
size_sweep,5x2,optimal,10025,200.0,1.0,0.0,overwrite,,,
size_sweep,5x2,optimal,10026,200.0,1.0,0.0,overwrite,,,
size_sweep,5x2,optimal,10027,200.0,1.0,0.0,overwrite,,,
size_sweep,5x2,optimal,10028,200.0,1.0,0.0,overwrite,,,
size_sweep,5x2,optimal,10029,200.0,1.0,0.0,overwrite,,,
size_sweep,5x2,optimal,10030,200.0,1.0,0.0,overwrite,,,
size_sweep,5x2,optimal,10031,200.0,1.0,0.0,overwrite,,,
size_sweep,5x2,optimal,10032,200.0,1.0,0.0,overwrite,,,
size_sweep,5x2,optimal,10033,200.0,1.0,0.0,overwrite,,,
size_sweep,5x2,optimal,10034,200.0,1.0,0.0,overwrite,,,
size_sweep,5x2,optimal,10035,200.0,1.0,0.0,overwrite,,,
size_sweep,5x2,optimal,10036,200.0,1.0,0.0,overwrite,,,
size_sweep,5x2,optimal,10037,200.0,1.0,0.0,overwrite,,,
size_sweep,5x2,optimal,10038,200.0,1.0,0.0,overwrite,,,
size_sweep,5x2,optimal,10039,200.0,1.0,0.0,overwrite,,,
size_sweep,5x2,optimal,10040,200.0,1.0,0.0,overwrite,,,
size_sweep,5x2,optimal,10041,200.0,1.0,0.0,overwrite,,,
size_sweep,5x2,optimal,10042,200.0,1.0,0.0,overwrite,,,
size_sweep,5x2,optimal,10043,200.0,1.0,0.0,overwrite,,,
size_sweep,5x2,optimal,10044,200.0,1.0,0.0,overwrite,,,
size_sweep,5x2,optimal,10045,200.0,1.0,0.0,overwrite,,,
size_sweep,5x2,optimal,10046,200.0,1.0,0.0,overwrite,,,
size_sweep,5x2,optimal,10047,200.0,1.0,0.0,overwrite,,,
size_sweep,5x2,optimal,10048,200.0,1.0,0.0,overwrite,,,
size_sweep,5x2,random,9999,101.20000457763672,0.48,98.79999256134033,overwrite,,,
size_sweep,5x2,random,10000,97.4000015258789,0.46,102.60001373291016,overwrite,,,
size_sweep,5x2,random,10001,100.25000762939453,0.475,99.75000858306885,overwrite,,,
size_sweep,5x2,random,10002,109.75,0.525,90.25,overwrite,,,
size_sweep,5x2,random,10003,99.30000305175781,0.47,100.69999408721924,overwrite,,,
size_sweep,5x2,random,10004,103.10000610351562,0.49,96.90002727508545,overwrite,,,
size_sweep,5x2,random,10005,109.75,0.525,90.24998378753662,overwrite,,,
size_sweep,5x2,random,10006,117.35000610351562,0.565,82.65003108978271,overwrite,,,
size_sweep,5x2,random,10007,110.70001220703125,0.53,89.29998779296875,overwrite,,,
size_sweep,5x2,random,10008,98.35000610351562,0.465,101.65003776550293,overwrite,,,
size_sweep,5x2,random,10009,102.1500015258789,0.485,97.84998035430908,overwrite,,,
size_sweep,5x2,random,10010,108.80000305175781,0.52,91.2000560760498,overwrite,,,
size_sweep,5x2,random,10011,114.5,0.55,85.4999828338623,overwrite,,,
size_sweep,5x2,random,10012,105.0,0.5,94.99999713897705,overwrite,,,
size_sweep,5x2,random,10013,100.25001525878906,0.475,99.74997997283936,overwrite,,,
size_sweep,5x2,random,10014,114.50000762939453,0.55,85.5000524520874,overwrite,,,
size_sweep,5x2,random,10015,111.65000915527344,0.535,88.35005283355713,overwrite,,,
size_sweep,5x2,random,10016,103.10000610351562,0.49,96.9000129699707,overwrite,,,
size_sweep,5x2,random,10017,107.85000610351562,0.515,92.14999389648438,overwrite,,,
size_sweep,5x2,random,10018,98.35000610351562,0.465,101.64997959136963,overwrite,,,
size_sweep,5x2,random,10019,105.95000457763672,0.505,94.04998111724854,overwrite,,,
size_sweep,5x2,random,10020,114.50000762939453,0.55,85.49999046325684,overwrite,,,
size_sweep,5x2,random,10021,99.30000305175781,0.47,100.69997978210449,overwrite,,,
size_sweep,5x2,random,10022,104.05000305175781,0.495,95.9499740600586,overwrite,,,
size_sweep,5x2,random,10023,105.0,0.5,94.99998092651367,overwrite,,,
size_sweep,5x2,random,10024,112.60000610351562,0.54,87.39999771118164,overwrite,,,
size_sweep,5x2,random,10025,106.90000915527344,0.51,93.10000038146973,overwrite,,,
size_sweep,5x2,random,10026,113.55000305175781,0.545,86.45002555847168,overwrite,,,
size_sweep,5x2,random,10027,109.75000762939453,0.525,90.24998188018799,overwrite,,,
size_sweep,5x2,random,10028,117.35000610351562,0.565,82.6500186920166,overwrite,,,
size_sweep,5x2,random,10029,112.60000610351562,0.54,87.4000129699707,overwrite,,,
size_sweep,5x2,random,10030,109.75000762939453,0.525,90.24998188018799,overwrite,,,
size_sweep,5x2,random,10031,108.80000305175781,0.52,91.20001888275146,overwrite,,,
size_sweep,5x2,random,10032,112.60000610351562,0.54,87.39998245239258,overwrite,,,
size_sweep,5x2,random,10033,111.65000915527344,0.535,88.34998226165771,overwrite,,,
size_sweep,5x2,random,10034,115.44999694824219,0.555,84.55000400543213,overwrite,,,
size_sweep,5x2,random,10035,107.85000610351562,0.515,92.14998149871826,overwrite,,,
size_sweep,5x2,random,10036,92.6500015258789,0.435,107.35000038146973,overwrite,,,
size_sweep,5x2,random,10037,106.90000915527344,0.51,93.10000896453857,overwrite,,,
size_sweep,5x2,random,10038,99.30000305175781,0.47,100.69999599456787,overwrite,,,
size_sweep,5x2,random,10039,104.05000305175781,0.495,95.95000076293945,overwrite,,,
size_sweep,5x2,random,10040,114.50000762939453,0.55,85.4999828338623,overwrite,,,
size_sweep,5x2,random,10041,118.30000305175781,0.57,81.69998359680176,overwrite,,,
size_sweep,5x2,random,10042,104.05000305175781,0.495,95.94998073577881,overwrite,,,
size_sweep,5x2,random,10043,102.15000915527344,0.485,97.84999370574951,overwrite,,,
size_sweep,5x2,random,10044,113.55000305175781,0.545,86.45001792907715,overwrite,,,
size_sweep,5x2,random,10045,105.95001220703125,0.505,94.04998111724854,overwrite,,,
size_sweep,5x2,random,10046,109.75,0.525,90.25002670288086,overwrite,,,
size_sweep,5x2,random,10047,101.20000457763672,0.48,98.79998016357422,overwrite,,,
size_sweep,5x2,random,10048,114.5,0.55,85.49999713897705,overwrite,,,
size_sweep_teacher_forced,5x2,tf,9999,,,,overwrite,0.94,0.22,0.24
size_sweep_teacher_forced,5x2,tf,10000,,,,overwrite,0.9,0.38,0.36
size_sweep_teacher_forced,5x2,tf,10001,,,,overwrite,0.98,0.4,0.38
size_sweep_teacher_forced,5x2,tf,10002,,,,overwrite,0.92,0.24,0.24
size_sweep_teacher_forced,5x2,tf,10003,,,,overwrite,0.94,0.66,0.72
size_sweep_teacher_forced,5x2,tf,10004,,,,overwrite,0.94,0.64,0.58
size_sweep_teacher_forced,5x2,tf,10005,,,,overwrite,0.96,0.76,0.76
size_sweep_teacher_forced,5x2,tf,10006,,,,overwrite,0.92,0.16,0.2
size_sweep_teacher_forced,5x2,tf,10007,,,,overwrite,0.92,0.72,0.76
size_sweep_teacher_forced,5x2,tf,10008,,,,overwrite,0.96,0.44,0.44
size_sweep_teacher_forced,5x2,tf,10009,,,,overwrite,0.92,0.14,0.18
size_sweep_teacher_forced,5x2,tf,10010,,,,overwrite,0.94,0.4,0.38
size_sweep_teacher_forced,5x2,tf,10011,,,,overwrite,0.96,0.6,0.6
size_sweep_teacher_forced,5x2,tf,10012,,,,overwrite,0.94,0.44,0.42
size_sweep_teacher_forced,5x2,tf,10013,,,,overwrite,0.92,0.24,0.24
size_sweep_teacher_forced,5x2,tf,10014,,,,overwrite,0.94,0.86,0.84
size_sweep_teacher_forced,5x2,tf,10015,,,,overwrite,0.96,0.76,0.76
size_sweep_teacher_forced,5x2,tf,10016,,,,overwrite,0.98,0.94,0.96
size_sweep_teacher_forced,5x2,tf,10017,,,,overwrite,0.94,0.74,0.72
size_sweep_teacher_forced,5x2,tf,10018,,,,overwrite,0.96,0.62,0.62
size_sweep_teacher_forced,5x2,tf,10019,,,,overwrite,0.98,0.74,0.72
size_sweep_teacher_forced,5x2,tf,10020,,,,overwrite,1.0,0.26,0.26
size_sweep_teacher_forced,5x2,tf,10021,,,,overwrite,0.96,0.76,0.8
size_sweep_teacher_forced,5x2,tf,10022,,,,overwrite,0.84,0.62,0.62
size_sweep_teacher_forced,5x2,tf,10023,,,,overwrite,0.94,0.76,0.78
size_sweep_teacher_forced,5x2,tf,10024,,,,overwrite,0.92,0.36,0.4
size_sweep_teacher_forced,5x2,tf,10025,,,,overwrite,0.98,0.64,0.66
size_sweep_teacher_forced,5x2,tf,10026,,,,overwrite,0.94,0.84,0.86
size_sweep_teacher_forced,5x2,tf,10027,,,,overwrite,0.9,0.58,0.56
size_sweep_teacher_forced,5x2,tf,10028,,,,overwrite,0.96,0.56,0.6
size_sweep_teacher_forced,5x2,tf,10029,,,,overwrite,0.94,0.62,0.64
size_sweep_teacher_forced,5x2,tf,10030,,,,overwrite,0.94,0.34,0.4
size_sweep_teacher_forced,5x2,tf,10031,,,,overwrite,0.96,0.18,0.22
size_sweep_teacher_forced,5x2,tf,10032,,,,overwrite,0.94,0.56,0.58
size_sweep_teacher_forced,5x2,tf,10033,,,,overwrite,0.96,0.32,0.36
size_sweep_teacher_forced,5x2,tf,10034,,,,overwrite,0.92,0.7,0.7
size_sweep_teacher_forced,5x2,tf,10035,,,,overwrite,0.96,0.3,0.3
size_sweep_teacher_forced,5x2,tf,10036,,,,overwrite,0.98,0.76,0.78
size_sweep_teacher_forced,5x2,tf,10037,,,,overwrite,0.94,0.48,0.46
size_sweep_teacher_forced,5x2,tf,10038,,,,overwrite,0.94,0.9,0.84
size_sweep_teacher_forced,5x2,tf,10039,,,,overwrite,0.94,0.68,0.66
size_sweep_teacher_forced,5x2,tf,10040,,,,overwrite,0.94,0.86,0.88
size_sweep_teacher_forced,5x2,tf,10041,,,,overwrite,0.98,0.3,0.28
size_sweep_teacher_forced,5x2,tf,10042,,,,overwrite,0.96,0.58,0.62
size_sweep_teacher_forced,5x2,tf,10043,,,,overwrite,0.94,0.66,0.72
size_sweep_teacher_forced,5x2,tf,10044,,,,overwrite,0.9,0.72,0.74
size_sweep_teacher_forced,5x2,tf,10045,,,,overwrite,0.92,0.48,0.52
size_sweep_teacher_forced,5x2,tf,10046,,,,overwrite,0.92,0.5,0.46
size_sweep_teacher_forced,5x2,tf,10047,,,,overwrite,0.96,0.52,0.56
size_sweep_teacher_forced,5x2,tf,10048,,,,overwrite,0.96,0.4,0.44
size_sweep,5x3,tf_legacy,9999,71.75000762939453,0.325,128.25001335144043,overwrite,,,
size_sweep,5x3,tf_legacy,10000,171.5,0.85,28.5,overwrite,,,
size_sweep,5x3,tf_legacy,10001,34.69999694824219,0.13,165.2999668121338,overwrite,,,
size_sweep,5x3,tf_legacy,10002,98.35000610351562,0.465,101.6500473022461,overwrite,,,
size_sweep,5x3,tf_legacy,10003,134.45001220703125,0.655,65.54998683929443,overwrite,,,
size_sweep,5x3,tf_legacy,10004,39.44999694824219,0.155,160.5499677658081,overwrite,,,
size_sweep,5x3,tf_legacy,10005,124.95001220703125,0.605,75.0499849319458,overwrite,,,
size_sweep,5x3,tf_legacy,10006,94.55000305175781,0.445,105.44997882843018,overwrite,,,
size_sweep,5x3,tf_legacy,10007,11.90000057220459,0.01,188.1001501083374,overwrite,,,
size_sweep,5x3,tf_legacy,10008,160.10000610351562,0.79,39.89999580383301,overwrite,,,
size_sweep,5x3,tf_legacy,10009,30.89999771118164,0.11,169.09996604919434,overwrite,,,
size_sweep,5x3,tf_legacy,10010,62.250003814697266,0.275,137.74999523162842,overwrite,,,
size_sweep,5x3,tf_legacy,10011,96.45001220703125,0.455,103.55000591278076,overwrite,,,
size_sweep,5x3,tf_legacy,10012,121.15000915527344,0.585,78.84998416900635,overwrite,,,
size_sweep,5x3,tf_legacy,10013,144.90000915527344,0.71,55.09998893737793,overwrite,,,
size_sweep,5x3,tf_legacy,10014,126.8499984741211,0.615,73.14998531341553,overwrite,,,
size_sweep,5x3,tf_legacy,10015,21.400001525878906,0.06,178.60007095336914,overwrite,,,
size_sweep,5x3,tf_legacy,10016,58.44999694824219,0.255,141.54997158050537,overwrite,,,
size_sweep,5x3,tf_legacy,10017,34.69999313354492,0.13,165.2999668121338,overwrite,,,
size_sweep,5x3,tf_legacy,10018,113.55000305175781,0.545,86.45002746582031,overwrite,,,
size_sweep,5x3,tf_legacy,10019,108.80000305175781,0.52,91.19998168945312,overwrite,,,
size_sweep,5x3,tf_legacy,10020,132.5500030517578,0.645,67.4499864578247,overwrite,,,
size_sweep,5x3,tf_legacy,10021,90.75000762939453,0.425,109.24997806549072,overwrite,,,
size_sweep,5x3,tf_legacy,10022,86.94999694824219,0.405,113.04997730255127,overwrite,,,
size_sweep,5x3,tf_legacy,10023,59.400001525878906,0.26,140.60000801086426,overwrite,,,
size_sweep,5x3,tf_legacy,10024,69.85000610351562,0.315,130.14994144439697,overwrite,,,
size_sweep,5x3,tf_legacy,10025,85.04999542236328,0.395,114.94998455047607,overwrite,,,
size_sweep,5x3,tf_legacy,10026,96.44999694824219,0.455,103.5499792098999,overwrite,,,
size_sweep,5x3,tf_legacy,10027,132.5500030517578,0.645,67.44997787475586,overwrite,,,
size_sweep,5x3,tf_legacy,10028,88.85000610351562,0.415,111.149977684021,overwrite,,,
size_sweep,5x3,tf_legacy,10029,88.85000610351562,0.415,111.149977684021,overwrite,,,
size_sweep,5x3,tf_legacy,10030,34.70000076293945,0.13,165.2999668121338,overwrite,,,
size_sweep,5x3,tf_legacy,10031,135.40000915527344,0.66,64.59998512268066,overwrite,,,
size_sweep,5x3,tf_legacy,10032,30.89999771118164,0.11,169.09993171691895,overwrite,,,
size_sweep,5x3,tf_legacy,10033,142.0500030517578,0.695,57.950029373168945,overwrite,,,
size_sweep,5x3,tf_legacy,10034,86.95000457763672,0.405,113.04997730255127,overwrite,,,
size_sweep,5x3,tf_legacy,10035,58.44999694824219,0.255,141.54999542236328,overwrite,,,
size_sweep,5x3,tf_legacy,10036,38.499996185302734,0.15,161.49996757507324,overwrite,,,
size_sweep,5x3,tf_legacy,10037,180.0500030517578,0.895,19.94999599456787,overwrite,,,
size_sweep,5x3,tf_legacy,10038,130.64999389648438,0.635,69.3499927520752,overwrite,,,
size_sweep,5x3,tf_legacy,10039,107.85000610351562,0.515,92.14998149871826,overwrite,,,
size_sweep,5x3,tf_legacy,10040,76.5,0.35,123.49999618530273,overwrite,,,
size_sweep,5x3,tf_legacy,10041,37.54999542236328,0.145,162.44996738433838,overwrite,,,
size_sweep,5x3,tf_legacy,10042,38.499996185302734,0.15,161.49996757507324,overwrite,,,
size_sweep,5x3,tf_legacy,10043,71.75,0.325,128.24999141693115,overwrite,,,
size_sweep,5x3,tf_legacy,10044,75.55000305175781,0.345,124.44995594024658,overwrite,,,
size_sweep,5x3,tf_legacy,10045,97.40000915527344,0.46,102.60008239746094,overwrite,,,
size_sweep,5x3,tf_legacy,10046,82.19999694824219,0.38,117.79994297027588,overwrite,,,
size_sweep,5x3,tf_legacy,10047,69.85000610351562,0.315,130.14999103546143,overwrite,,,
size_sweep,5x3,tf_legacy,10048,111.65000915527344,0.535,88.34998226165771,overwrite,,,
size_sweep,5x3,tf_self,9999,161.05001831054688,0.795,38.95003128051758,overwrite,,,
size_sweep,5x3,tf_self,10000,69.8499984741211,0.315,130.1500120162964,overwrite,,,
size_sweep,5x3,tf_self,10001,10.000001907348633,0.0,189.99996185302734,overwrite,,,
size_sweep,5x3,tf_self,10002,32.79999542236328,0.12,167.20001220703125,overwrite,,,
size_sweep,5x3,tf_self,10003,50.84999465942383,0.215,149.14997005462646,overwrite,,,
size_sweep,5x3,tf_self,10004,86.94999694824219,0.405,113.04997730255127,overwrite,,,
size_sweep,5x3,tf_self,10005,151.5500030517578,0.745,48.44999027252197,overwrite,,,
size_sweep,5x3,tf_self,10006,57.499996185302734,0.25,142.4999713897705,overwrite,,,
size_sweep,5x3,tf_self,10007,72.70000457763672,0.33,127.30005741119385,overwrite,,,
size_sweep,5x3,tf_self,10008,83.15000915527344,0.385,116.84997653961182,overwrite,,,
size_sweep,5x3,tf_self,10009,10.000001907348633,0.0,189.99996185302734,overwrite,,,
size_sweep,5x3,tf_self,10010,29.949996948242188,0.105,170.04999542236328,overwrite,,,
size_sweep,5x3,tf_self,10011,165.8000030517578,0.82,34.19999313354492,overwrite,,,
size_sweep,5x3,tf_self,10012,81.25,0.375,118.74997615814209,overwrite,,,
size_sweep,5x3,tf_self,10013,116.40000915527344,0.56,83.59998321533203,overwrite,,,
size_sweep,5x3,tf_self,10014,155.35000610351562,0.765,44.649991035461426,overwrite,,,
size_sweep,5x3,tf_self,10015,54.649993896484375,0.235,145.3500690460205,overwrite,,,
size_sweep,5x3,tf_self,10016,62.25,0.275,137.74997234344482,overwrite,,,
size_sweep,5x3,tf_self,10017,10.000001907348633,0.0,189.99996185302734,overwrite,,,
size_sweep,5x3,tf_self,10018,94.55000305175781,0.445,105.45003986358643,overwrite,,,
size_sweep,5x3,tf_self,10019,144.90000915527344,0.71,55.09998893737793,overwrite,,,
size_sweep,5x3,tf_self,10020,72.69999694824219,0.33,127.29997444152832,overwrite,,,
size_sweep,5x3,tf_self,10021,148.6999969482422,0.73,51.29998970031738,overwrite,,,
size_sweep,5x3,tf_self,10022,10.000001907348633,0.0,189.99996185302734,overwrite,,,
size_sweep,5x3,tf_self,10023,40.39999771118164,0.16,159.60000324249268,overwrite,,,
size_sweep,5x3,tf_self,10024,41.349998474121094,0.165,158.649977684021,overwrite,,,
size_sweep,5x3,tf_self,10025,10.000001907348633,0.0,189.999981880188,overwrite,,,
size_sweep,5x3,tf_self,10026,44.19999694824219,0.18,155.79996871948242,overwrite,,,
size_sweep,5x3,tf_self,10027,158.20001220703125,0.78,41.799991607666016,overwrite,,,
size_sweep,5x3,tf_self,10028,39.44999694824219,0.155,160.55000019073486,overwrite,,,
size_sweep,5x3,tf_self,10029,93.60000610351562,0.44,106.39997863769531,overwrite,,,
size_sweep,5x3,tf_self,10030,39.44999694824219,0.155,160.5499677658081,overwrite,,,
size_sweep,5x3,tf_self,10031,70.80000305175781,0.32,129.1999740600586,overwrite,,,
size_sweep,5x3,tf_self,10032,57.5,0.25,142.49993133544922,overwrite,,,
size_sweep,5x3,tf_self,10033,48.0,0.2,152.00001525878906,overwrite,,,
size_sweep,5x3,tf_self,10034,141.10000610351562,0.69,58.89998817443848,overwrite,,,
size_sweep,5x3,tf_self,10035,47.999996185302734,0.2,151.9999828338623,overwrite,,,
size_sweep,5x3,tf_self,10036,47.05000305175781,0.195,152.949969291687,overwrite,,,
size_sweep,5x3,tf_self,10037,25.199996948242188,0.08,174.79996490478516,overwrite,,,
size_sweep,5x3,tf_self,10038,35.64999771118164,0.135,164.35001850128174,overwrite,,,
size_sweep,5x3,tf_self,10039,30.899993896484375,0.11,169.09996604919434,overwrite,,,
size_sweep,5x3,tf_self,10040,96.44999694824219,0.455,103.55002784729004,overwrite,,,
size_sweep,5x3,tf_self,10041,50.84999465942383,0.215,149.14997005462646,overwrite,,,
size_sweep,5x3,tf_self,10042,82.20000457763672,0.38,117.79997634887695,overwrite,,,
size_sweep,5x3,tf_self,10043,45.14999771118164,0.185,154.84997749328613,overwrite,,,
size_sweep,5x3,tf_self,10044,71.75,0.325,128.24997425079346,overwrite,,,
size_sweep,5x3,tf_self,10045,71.75,0.325,128.2500810623169,overwrite,,,
size_sweep,5x3,tf_self,10046,120.20001220703125,0.58,79.79996395111084,overwrite,,,
size_sweep,5x3,tf_self,10047,42.29999923706055,0.17,157.70002460479736,overwrite,,,
size_sweep,5x3,tf_self,10048,63.20000076293945,0.28,136.7999725341797,overwrite,,,
size_sweep,5x3,optimal,9999,200.0,1.0,0.0,overwrite,,,
size_sweep,5x3,optimal,10000,200.0,1.0,0.0,overwrite,,,
size_sweep,5x3,optimal,10001,200.0,1.0,0.0,overwrite,,,
size_sweep,5x3,optimal,10002,200.0,1.0,0.0,overwrite,,,
size_sweep,5x3,optimal,10003,200.0,1.0,0.0,overwrite,,,
size_sweep,5x3,optimal,10004,200.0,1.0,0.0,overwrite,,,
size_sweep,5x3,optimal,10005,200.0,1.0,0.0,overwrite,,,
size_sweep,5x3,optimal,10006,200.0,1.0,0.0,overwrite,,,
size_sweep,5x3,optimal,10007,200.0,1.0,0.0,overwrite,,,
size_sweep,5x3,optimal,10008,200.0,1.0,0.0,overwrite,,,
size_sweep,5x3,optimal,10009,200.0,1.0,0.0,overwrite,,,
size_sweep,5x3,optimal,10010,200.0,1.0,0.0,overwrite,,,
size_sweep,5x3,optimal,10011,200.0,1.0,0.0,overwrite,,,
size_sweep,5x3,optimal,10012,200.0,1.0,0.0,overwrite,,,
size_sweep,5x3,optimal,10013,200.0,1.0,0.0,overwrite,,,
size_sweep,5x3,optimal,10014,200.0,1.0,0.0,overwrite,,,
size_sweep,5x3,optimal,10015,200.0,1.0,0.0,overwrite,,,
size_sweep,5x3,optimal,10016,200.0,1.0,0.0,overwrite,,,
size_sweep,5x3,optimal,10017,200.0,1.0,0.0,overwrite,,,
size_sweep,5x3,optimal,10018,200.0,1.0,0.0,overwrite,,,
size_sweep,5x3,optimal,10019,200.0,1.0,0.0,overwrite,,,
size_sweep,5x3,optimal,10020,200.0,1.0,0.0,overwrite,,,
size_sweep,5x3,optimal,10021,200.0,1.0,0.0,overwrite,,,
size_sweep,5x3,optimal,10022,200.0,1.0,0.0,overwrite,,,
size_sweep,5x3,optimal,10023,200.0,1.0,0.0,overwrite,,,
size_sweep,5x3,optimal,10024,200.0,1.0,0.0,overwrite,,,
size_sweep,5x3,optimal,10025,200.0,1.0,0.0,overwrite,,,
size_sweep,5x3,optimal,10026,200.0,1.0,0.0,overwrite,,,
size_sweep,5x3,optimal,10027,200.0,1.0,0.0,overwrite,,,
size_sweep,5x3,optimal,10028,200.0,1.0,0.0,overwrite,,,
size_sweep,5x3,optimal,10029,200.0,1.0,0.0,overwrite,,,
size_sweep,5x3,optimal,10030,200.0,1.0,0.0,overwrite,,,
size_sweep,5x3,optimal,10031,200.0,1.0,0.0,overwrite,,,
size_sweep,5x3,optimal,10032,200.0,1.0,0.0,overwrite,,,
size_sweep,5x3,optimal,10033,200.0,1.0,0.0,overwrite,,,
size_sweep,5x3,optimal,10034,200.0,1.0,0.0,overwrite,,,
size_sweep,5x3,optimal,10035,200.0,1.0,0.0,overwrite,,,
size_sweep,5x3,optimal,10036,200.0,1.0,0.0,overwrite,,,
size_sweep,5x3,optimal,10037,200.0,1.0,0.0,overwrite,,,
size_sweep,5x3,optimal,10038,200.0,1.0,0.0,overwrite,,,
size_sweep,5x3,optimal,10039,200.0,1.0,0.0,overwrite,,,
size_sweep,5x3,optimal,10040,200.0,1.0,0.0,overwrite,,,
size_sweep,5x3,optimal,10041,200.0,1.0,0.0,overwrite,,,
size_sweep,5x3,optimal,10042,200.0,1.0,0.0,overwrite,,,
size_sweep,5x3,optimal,10043,200.0,1.0,0.0,overwrite,,,
size_sweep,5x3,optimal,10044,200.0,1.0,0.0,overwrite,,,
size_sweep,5x3,optimal,10045,200.0,1.0,0.0,overwrite,,,
size_sweep,5x3,optimal,10046,200.0,1.0,0.0,overwrite,,,
size_sweep,5x3,optimal,10047,200.0,1.0,0.0,overwrite,,,
size_sweep,5x3,optimal,10048,200.0,1.0,0.0,overwrite,,,
size_sweep,5x3,random,9999,67.94999694824219,0.305,132.04999542236328,overwrite,,,
size_sweep,5x3,random,10000,79.35000610351562,0.365,120.6500473022461,overwrite,,,
size_sweep,5x3,random,10001,73.64999389648438,0.335,126.34997463226318,overwrite,,,
size_sweep,5x3,random,10002,72.69999694824219,0.33,127.30002880096436,overwrite,,,
size_sweep,5x3,random,10003,72.70000457763672,0.33,127.29997444152832,overwrite,,,
size_sweep,5x3,random,10004,67.0,0.3,132.99997329711914,overwrite,,,
size_sweep,5x3,random,10005,75.55000305175781,0.345,124.44997501373291,overwrite,,,
size_sweep,5x3,random,10006,69.8499984741211,0.315,130.15000915527344,overwrite,,,
size_sweep,5x3,random,10007,85.05000305175781,0.395,114.95006656646729,overwrite,,,
size_sweep,5x3,random,10008,69.8499984741211,0.315,130.14998722076416,overwrite,,,
size_sweep,5x3,random,10009,74.60000610351562,0.34,125.39999294281006,overwrite,,,
size_sweep,5x3,random,10010,75.55000305175781,0.345,124.44999408721924,overwrite,,,
size_sweep,5x3,random,10011,65.0999984741211,0.29,134.8999891281128,overwrite,,,
size_sweep,5x3,random,10012,63.20000076293945,0.28,136.7999725341797,overwrite,,,
size_sweep,5x3,random,10013,73.6500015258789,0.335,126.34997463226318,overwrite,,,
size_sweep,5x3,random,10014,71.75,0.325,128.24997425079346,overwrite,,,
size_sweep,5x3,random,10015,64.14999389648438,0.285,135.85004997253418,overwrite,,,
size_sweep,5x3,random,10016,71.75,0.325,128.24997425079346,overwrite,,,
size_sweep,5x3,random,10017,65.10000610351562,0.29,134.8999729156494,overwrite,,,
size_sweep,5x3,random,10018,72.69999694824219,0.33,127.30002307891846,overwrite,,,
size_sweep,5x3,random,10019,69.85000610351562,0.315,130.14997386932373,overwrite,,,
size_sweep,5x3,random,10020,81.25,0.375,118.74999618530273,overwrite,,,
size_sweep,5x3,random,10021,82.19999694824219,0.38,117.79997634887695,overwrite,,,
size_sweep,5x3,random,10022,83.1500015258789,0.385,116.84997653961182,overwrite,,,
size_sweep,5x3,random,10023,82.19999694824219,0.38,117.79999542236328,overwrite,,,
size_sweep,5x3,random,10024,67.0,0.3,132.99998950958252,overwrite,,,
size_sweep,5x3,random,10025,83.14999389648438,0.385,116.84999561309814,overwrite,,,
size_sweep,5x3,random,10026,71.75,0.325,128.24999332427979,overwrite,,,
size_sweep,5x3,random,10027,77.44999694824219,0.355,122.54998683929443,overwrite,,,
size_sweep,5x3,random,10028,72.69999694824219,0.33,127.29998302459717,overwrite,,,
size_sweep,5x3,random,10029,68.89999389648438,0.31,131.09997367858887,overwrite,,,
size_sweep,5x3,random,10030,71.75,0.325,128.24999141693115,overwrite,,,
size_sweep,5x3,random,10031,67.94999694824219,0.305,132.04998016357422,overwrite,,,
size_sweep,5x3,random,10032,69.8499984741211,0.315,130.14994049072266,overwrite,,,
size_sweep,5x3,random,10033,61.29999923706055,0.27,138.7000150680542,overwrite,,,
size_sweep,5x3,random,10034,73.6500015258789,0.335,126.34998512268066,overwrite,,,
size_sweep,5x3,random,10035,81.25000762939453,0.375,118.75002479553223,overwrite,,,
size_sweep,5x3,random,10036,58.44999694824219,0.255,141.54997158050537,overwrite,,,
size_sweep,5x3,random,10037,80.30000305175781,0.37,119.69999599456787,overwrite,,,
size_sweep,5x3,random,10038,72.69999694824219,0.33,127.30000495910645,overwrite,,,
size_sweep,5x3,random,10039,77.44999694824219,0.355,122.54997539520264,overwrite,,,
size_sweep,5x3,random,10040,68.89999389648438,0.31,131.09998989105225,overwrite,,,
size_sweep,5x3,random,10041,79.35000610351562,0.365,120.64997577667236,overwrite,,,
size_sweep,5x3,random,10042,65.0999984741211,0.29,134.8999729156494,overwrite,,,
size_sweep,5x3,random,10043,68.9000015258789,0.31,131.10001277923584,overwrite,,,
size_sweep,5x3,random,10044,74.60000610351562,0.34,125.39996719360352,overwrite,,,
size_sweep,5x3,random,10045,77.44999694824219,0.355,122.55007934570312,overwrite,,,
size_sweep,5x3,random,10046,86.0,0.4,113.9999532699585,overwrite,,,
size_sweep,5x3,random,10047,72.70000457763672,0.33,127.30006122589111,overwrite,,,
size_sweep,5x3,random,10048,82.20001220703125,0.38,117.79997634887695,overwrite,,,
size_sweep_teacher_forced,5x3,tf,9999,,,,overwrite,0.92,0.02,0.02
size_sweep_teacher_forced,5x3,tf,10000,,,,overwrite,0.88,0.34,0.4
size_sweep_teacher_forced,5x3,tf,10001,,,,overwrite,0.94,0.24,0.22
size_sweep_teacher_forced,5x3,tf,10002,,,,overwrite,0.92,0.38,0.42
size_sweep_teacher_forced,5x3,tf,10003,,,,overwrite,0.88,0.02,0.1
size_sweep_teacher_forced,5x3,tf,10004,,,,overwrite,0.92,0.18,0.18
size_sweep_teacher_forced,5x3,tf,10005,,,,overwrite,0.94,0.2,0.18
size_sweep_teacher_forced,5x3,tf,10006,,,,overwrite,0.94,0.18,0.24
size_sweep_teacher_forced,5x3,tf,10007,,,,overwrite,0.96,0.9,0.94
size_sweep_teacher_forced,5x3,tf,10008,,,,overwrite,0.96,0.88,0.84
size_sweep_teacher_forced,5x3,tf,10009,,,,overwrite,0.96,0.24,0.26
size_sweep_teacher_forced,5x3,tf,10010,,,,overwrite,0.9,0.1,0.02
size_sweep_teacher_forced,5x3,tf,10011,,,,overwrite,0.94,0.22,0.24
size_sweep_teacher_forced,5x3,tf,10012,,,,overwrite,0.92,0.28,0.32
size_sweep_teacher_forced,5x3,tf,10013,,,,overwrite,0.92,0.28,0.22
size_sweep_teacher_forced,5x3,tf,10014,,,,overwrite,0.94,0.26,0.26
size_sweep_teacher_forced,5x3,tf,10015,,,,overwrite,0.92,0.56,0.54
size_sweep_teacher_forced,5x3,tf,10016,,,,overwrite,0.94,0.02,0.02
size_sweep_teacher_forced,5x3,tf,10017,,,,overwrite,0.94,0.32,0.36
size_sweep_teacher_forced,5x3,tf,10018,,,,overwrite,0.82,0.52,0.62
size_sweep_teacher_forced,5x3,tf,10019,,,,overwrite,0.92,0.38,0.42
size_sweep_teacher_forced,5x3,tf,10020,,,,overwrite,0.94,0.7,0.74
size_sweep_teacher_forced,5x3,tf,10021,,,,overwrite,0.94,0.68,0.68
size_sweep_teacher_forced,5x3,tf,10022,,,,overwrite,0.94,0.46,0.42
size_sweep_teacher_forced,5x3,tf,10023,,,,overwrite,0.92,0.24,0.3
size_sweep_teacher_forced,5x3,tf,10024,,,,overwrite,0.92,0.56,0.6
size_sweep_teacher_forced,5x3,tf,10025,,,,overwrite,0.92,0.24,0.28
size_sweep_teacher_forced,5x3,tf,10026,,,,overwrite,0.88,0.3,0.26
size_sweep_teacher_forced,5x3,tf,10027,,,,overwrite,0.92,0.06,0.06
size_sweep_teacher_forced,5x3,tf,10028,,,,overwrite,0.94,0.2,0.2
size_sweep_teacher_forced,5x3,tf,10029,,,,overwrite,0.86,0.24,0.22
size_sweep_teacher_forced,5x3,tf,10030,,,,overwrite,0.94,0.42,0.48
size_sweep_teacher_forced,5x3,tf,10031,,,,overwrite,0.88,0.44,0.42
size_sweep_teacher_forced,5x3,tf,10032,,,,overwrite,0.94,0.12,0.14
size_sweep_teacher_forced,5x3,tf,10033,,,,overwrite,0.92,0.4,0.38
size_sweep_teacher_forced,5x3,tf,10034,,,,overwrite,0.9,0.22,0.24
size_sweep_teacher_forced,5x3,tf,10035,,,,overwrite,0.92,0.04,0.02
size_sweep_teacher_forced,5x3,tf,10036,,,,overwrite,0.96,0.32,0.32
size_sweep_teacher_forced,5x3,tf,10037,,,,overwrite,0.96,0.34,0.34
size_sweep_teacher_forced,5x3,tf,10038,,,,overwrite,0.98,0.74,0.76
size_sweep_teacher_forced,5x3,tf,10039,,,,overwrite,0.94,0.34,0.32
size_sweep_teacher_forced,5x3,tf,10040,,,,overwrite,0.94,0.4,0.4
size_sweep_teacher_forced,5x3,tf,10041,,,,overwrite,0.94,0.42,0.4
size_sweep_teacher_forced,5x3,tf,10042,,,,overwrite,0.94,0.74,0.7
size_sweep_teacher_forced,5x3,tf,10043,,,,overwrite,0.96,0.76,0.76
size_sweep_teacher_forced,5x3,tf,10044,,,,overwrite,0.96,0.12,0.1
size_sweep_teacher_forced,5x3,tf,10045,,,,overwrite,0.92,0.14,0.18
size_sweep_teacher_forced,5x3,tf,10046,,,,overwrite,0.94,0.32,0.32
size_sweep_teacher_forced,5x3,tf,10047,,,,overwrite,0.94,0.74,0.78
size_sweep_teacher_forced,5x3,tf,10048,,,,overwrite,0.92,0.66,0.68
size_sweep,5x4,tf_legacy,9999,51.79999542236328,0.22,148.2001085281372,overwrite,,,
size_sweep,5x4,tf_legacy,10000,97.40000915527344,0.46,102.59999752044678,overwrite,,,
size_sweep,5x4,tf_legacy,10001,132.55001831054688,0.645,67.4499864578247,overwrite,,,
size_sweep,5x4,tf_legacy,10002,83.1500015258789,0.385,116.84997653961182,overwrite,,,
size_sweep,5x4,tf_legacy,10003,120.20000457763672,0.58,79.79998397827148,overwrite,,,
size_sweep,5x4,tf_legacy,10004,48.94999694824219,0.205,151.04998016357422,overwrite,,,
size_sweep,5x4,tf_legacy,10005,64.1500015258789,0.285,135.84997272491455,overwrite,,,
size_sweep,5x4,tf_legacy,10006,40.399993896484375,0.16,159.59996795654297,overwrite,,,
size_sweep,5x4,tf_legacy,10007,27.099998474121094,0.09,172.89995956420898,overwrite,,,
size_sweep,5x4,tf_legacy,10008,83.1500015258789,0.385,116.85000133514404,overwrite,,,
size_sweep,5x4,tf_legacy,10009,52.75,0.225,147.24999618530273,overwrite,,,
size_sweep,5x4,tf_legacy,10010,132.5500030517578,0.645,67.4499864578247,overwrite,,,
size_sweep,5x4,tf_legacy,10011,104.05000305175781,0.495,95.94998073577881,overwrite,,,
size_sweep,5x4,tf_legacy,10012,45.14999771118164,0.185,154.84996891021729,overwrite,,,
size_sweep,5x4,tf_legacy,10013,93.60000610351562,0.44,106.39997863769531,overwrite,,,
size_sweep,5x4,tf_legacy,10014,19.499996185302734,0.05,180.49996852874756,overwrite,,,
size_sweep,5x4,tf_legacy,10015,101.20000457763672,0.48,98.80007648468018,overwrite,,,
size_sweep,5x4,tf_legacy,10016,45.14999771118164,0.185,154.85002326965332,overwrite,,,
size_sweep,5x4,tf_legacy,10017,132.5500030517578,0.645,67.4499864578247,overwrite,,,
size_sweep,5x4,tf_legacy,10018,112.60000610351562,0.54,87.39998245239258,overwrite,,,
size_sweep,5x4,tf_legacy,10019,25.19999885559082,0.08,174.8000144958496,overwrite,,,
size_sweep,5x4,tf_legacy,10020,13.799999237060547,0.02,186.20004653930664,overwrite,,,
size_sweep,5x4,tf_legacy,10021,34.69999694824219,0.13,165.2999668121338,overwrite,,,
size_sweep,5x4,tf_legacy,10022,168.65000915527344,0.835,31.349998474121094,overwrite,,,
size_sweep,5x4,tf_legacy,10023,102.15000915527344,0.485,97.84998035430908,overwrite,,,
size_sweep,5x4,tf_legacy,10024,86.0,0.4,113.99991798400879,overwrite,,,
size_sweep,5x4,tf_legacy,10025,43.250003814697266,0.175,156.7499418258667,overwrite,,,
size_sweep,5x4,tf_legacy,10026,65.10000610351562,0.29,134.90002727508545,overwrite,,,
size_sweep,5x4,tf_legacy,10027,49.89999771118164,0.21,150.0999698638916,overwrite,,,
size_sweep,5x4,tf_legacy,10028,43.25,0.175,156.75011444091797,overwrite,,,
size_sweep,5x4,tf_legacy,10029,125.90000915527344,0.61,74.10000133514404,overwrite,,,
size_sweep,5x4,tf_legacy,10030,95.5,0.45,104.49997901916504,overwrite,,,
size_sweep,5x4,tf_legacy,10031,17.599998474121094,0.04,182.40004062652588,overwrite,,,
size_sweep,5x4,tf_legacy,10032,18.549999237060547,0.045,181.45013809204102,overwrite,,,
size_sweep,5x4,tf_legacy,10033,48.94999694824219,0.205,151.05007362365723,overwrite,,,
size_sweep,5x4,tf_legacy,10034,54.649993896484375,0.235,145.35003662109375,overwrite,,,
size_sweep,5x4,tf_legacy,10035,106.90000915527344,0.51,93.10000419616699,overwrite,,,
size_sweep,5x4,tf_legacy,10036,41.349998474121094,0.165,158.65008640289307,overwrite,,,
size_sweep,5x4,tf_legacy,10037,43.25,0.175,156.74996852874756,overwrite,,,
size_sweep,5x4,tf_legacy,10038,48.94999694824219,0.205,151.05001831054688,overwrite,,,
size_sweep,5x4,tf_legacy,10039,10.000001907348633,0.0,190.00007152557373,overwrite,,,
size_sweep,5x4,tf_legacy,10040,70.80000305175781,0.32,129.19996452331543,overwrite,,,
size_sweep,5x4,tf_legacy,10041,28.999998092651367,0.1,170.99997997283936,overwrite,,,
size_sweep,5x4,tf_legacy,10042,69.8499984741211,0.315,130.1500186920166,overwrite,,,
size_sweep,5x4,tf_legacy,10043,46.099998474121094,0.19,153.9000186920166,overwrite,,,
size_sweep,5x4,tf_legacy,10044,67.0,0.3,133.00008869171143,overwrite,,,
size_sweep,5x4,tf_legacy,10045,88.85000610351562,0.415,111.1500129699707,overwrite,,,
size_sweep,5x4,tf_legacy,10046,20.449996948242188,0.055,179.54996395111084,overwrite,,,
size_sweep,5x4,tf_legacy,10047,44.19999694824219,0.18,155.79996871948242,overwrite,,,
size_sweep,5x4,tf_legacy,10048,32.79999542236328,0.12,167.19996643066406,overwrite,,,
size_sweep,5x4,tf_self,9999,69.85000610351562,0.315,130.1500883102417,overwrite,,,
size_sweep,5x4,tf_self,10000,10.000001907348633,0.0,190.00002002716064,overwrite,,,
size_sweep,5x4,tf_self,10001,141.10000610351562,0.69,58.89998817443848,overwrite,,,
size_sweep,5x4,tf_self,10002,10.000001907348633,0.0,189.99996185302734,overwrite,,,
size_sweep,5x4,tf_self,10003,10.000001907348633,0.0,190.0,overwrite,,,
size_sweep,5x4,tf_self,10004,51.79999542236328,0.22,148.2000036239624,overwrite,,,
size_sweep,5x4,tf_self,10005,95.5,0.45,104.49997901916504,overwrite,,,
size_sweep,5x4,tf_self,10006,77.45000457763672,0.355,122.54997539520264,overwrite,,,
size_sweep,5x4,tf_self,10007,73.6500015258789,0.335,126.34990215301514,overwrite,,,
size_sweep,5x4,tf_self,10008,138.25,0.675,61.75004959106445,overwrite,,,
size_sweep,5x4,tf_self,10009,53.69999694824219,0.23,146.29997634887695,overwrite,,,
size_sweep,5x4,tf_self,10010,28.999996185302734,0.1,170.9999656677246,overwrite,,,
size_sweep,5x4,tf_self,10011,10.000001907348633,0.0,189.99996185302734,overwrite,,,
size_sweep,5x4,tf_self,10012,10.000001907348633,0.0,189.99996185302734,overwrite,,,
size_sweep,5x4,tf_self,10013,10.000001907348633,0.0,189.99996185302734,overwrite,,,
size_sweep,5x4,tf_self,10014,91.70000457763672,0.43,108.3000373840332,overwrite,,,
size_sweep,5x4,tf_self,10015,55.599998474121094,0.24,144.40005683898926,overwrite,,,
size_sweep,5x4,tf_self,10016,10.000001907348633,0.0,190.00006866455078,overwrite,,,
size_sweep,5x4,tf_self,10017,81.25,0.375,118.74997615814209,overwrite,,,
size_sweep,5x4,tf_self,10018,76.5,0.35,123.49997520446777,overwrite,,,
size_sweep,5x4,tf_self,10019,29.949996948242188,0.105,170.05002212524414,overwrite,,,
size_sweep,5x4,tf_self,10020,10.000001907348633,0.0,190.00004386901855,overwrite,,,
size_sweep,5x4,tf_self,10021,14.75,0.025,185.24996280670166,overwrite,,,
size_sweep,5x4,tf_self,10022,60.349998474121094,0.265,139.6499891281128,overwrite,,,
size_sweep,5x4,tf_self,10023,28.049997329711914,0.095,171.94996547698975,overwrite,,,
size_sweep,5x4,tf_self,10024,23.30000114440918,0.07,176.69982242584229,overwrite,,,
size_sweep,5x4,tf_self,10025,10.000001907348633,0.0,189.9999074935913,overwrite,,,
size_sweep,5x4,tf_self,10026,143.95001220703125,0.705,56.050045013427734,overwrite,,,
size_sweep,5x4,tf_self,10027,10.000001907348633,0.0,189.99996185302734,overwrite,,,
size_sweep,5x4,tf_self,10028,120.20000457763672,0.58,79.80006408691406,overwrite,,,
size_sweep,5x4,tf_self,10029,74.60000610351562,0.34,125.40007305145264,overwrite,,,
size_sweep,5x4,tf_self,10030,28.049999237060547,0.095,171.94996547698975,overwrite,,,
size_sweep,5x4,tf_self,10031,35.650001525878906,0.135,164.350079536438,overwrite,,,
size_sweep,5x4,tf_self,10032,47.04999542236328,0.195,152.95001602172852,overwrite,,,
size_sweep,5x4,tf_self,10033,36.59999465942383,0.14,163.3999729156494,overwrite,,,
size_sweep,5x4,tf_self,10034,61.29999542236328,0.27,138.70004272460938,overwrite,,,
size_sweep,5x4,tf_self,10035,53.69999694824219,0.23,146.30004119873047,overwrite,,,
size_sweep,5x4,tf_self,10036,32.79999542236328,0.12,167.20003604888916,overwrite,,,
size_sweep,5x4,tf_self,10037,112.60000610351562,0.54,87.39998245239258,overwrite,,,
size_sweep,5x4,tf_self,10038,34.69999694824219,0.13,165.30004405975342,overwrite,,,
size_sweep,5x4,tf_self,10039,10.000001907348633,0.0,190.00003051757812,overwrite,,,
size_sweep,5x4,tf_self,10040,10.000001907348633,0.0,189.99989891052246,overwrite,,,
size_sweep,5x4,tf_self,10041,100.25,0.475,99.74997997283936,overwrite,,,
size_sweep,5x4,tf_self,10042,37.54999542236328,0.145,162.4500036239624,overwrite,,,
size_sweep,5x4,tf_self,10043,10.000001907348633,0.0,189.99996185302734,overwrite,,,
size_sweep,5x4,tf_self,10044,47.999996185302734,0.2,152.0000991821289,overwrite,,,
size_sweep,5x4,tf_self,10045,10.000001907348633,0.0,189.99996185302734,overwrite,,,
size_sweep,5x4,tf_self,10046,84.10000610351562,0.39,115.89997673034668,overwrite,,,
size_sweep,5x4,tf_self,10047,72.69999694824219,0.33,127.29997444152832,overwrite,,,
size_sweep,5x4,tf_self,10048,56.54999542236328,0.245,143.44997119903564,overwrite,,,
size_sweep,5x4,optimal,9999,200.0,1.0,0.0,overwrite,,,
size_sweep,5x4,optimal,10000,200.0,1.0,0.0,overwrite,,,
size_sweep,5x4,optimal,10001,200.0,1.0,0.0,overwrite,,,
size_sweep,5x4,optimal,10002,200.0,1.0,0.0,overwrite,,,
size_sweep,5x4,optimal,10003,200.0,1.0,0.0,overwrite,,,
size_sweep,5x4,optimal,10004,200.0,1.0,0.0,overwrite,,,
size_sweep,5x4,optimal,10005,200.0,1.0,0.0,overwrite,,,
size_sweep,5x4,optimal,10006,200.0,1.0,0.0,overwrite,,,
size_sweep,5x4,optimal,10007,200.0,1.0,0.0,overwrite,,,
size_sweep,5x4,optimal,10008,200.0,1.0,0.0,overwrite,,,
size_sweep,5x4,optimal,10009,200.0,1.0,0.0,overwrite,,,
size_sweep,5x4,optimal,10010,200.0,1.0,0.0,overwrite,,,
size_sweep,5x4,optimal,10011,200.0,1.0,0.0,overwrite,,,
size_sweep,5x4,optimal,10012,200.0,1.0,0.0,overwrite,,,
size_sweep,5x4,optimal,10013,200.0,1.0,0.0,overwrite,,,
size_sweep,5x4,optimal,10014,200.0,1.0,0.0,overwrite,,,
size_sweep,5x4,optimal,10015,200.0,1.0,0.0,overwrite,,,
size_sweep,5x4,optimal,10016,200.0,1.0,0.0,overwrite,,,
size_sweep,5x4,optimal,10017,200.0,1.0,0.0,overwrite,,,
size_sweep,5x4,optimal,10018,200.0,1.0,0.0,overwrite,,,
size_sweep,5x4,optimal,10019,200.0,1.0,0.0,overwrite,,,
size_sweep,5x4,optimal,10020,200.0,1.0,0.0,overwrite,,,
size_sweep,5x4,optimal,10021,200.0,1.0,0.0,overwrite,,,
size_sweep,5x4,optimal,10022,200.0,1.0,0.0,overwrite,,,
size_sweep,5x4,optimal,10023,200.0,1.0,0.0,overwrite,,,
size_sweep,5x4,optimal,10024,200.0,1.0,0.0,overwrite,,,
size_sweep,5x4,optimal,10025,200.0,1.0,0.0,overwrite,,,
size_sweep,5x4,optimal,10026,200.0,1.0,0.0,overwrite,,,
size_sweep,5x4,optimal,10027,200.0,1.0,0.0,overwrite,,,
size_sweep,5x4,optimal,10028,200.0,1.0,0.0,overwrite,,,
size_sweep,5x4,optimal,10029,200.0,1.0,0.0,overwrite,,,
size_sweep,5x4,optimal,10030,200.0,1.0,0.0,overwrite,,,
size_sweep,5x4,optimal,10031,200.0,1.0,0.0,overwrite,,,
size_sweep,5x4,optimal,10032,200.0,1.0,0.0,overwrite,,,
size_sweep,5x4,optimal,10033,200.0,1.0,0.0,overwrite,,,
size_sweep,5x4,optimal,10034,200.0,1.0,0.0,overwrite,,,
size_sweep,5x4,optimal,10035,200.0,1.0,0.0,overwrite,,,
size_sweep,5x4,optimal,10036,200.0,1.0,0.0,overwrite,,,
size_sweep,5x4,optimal,10037,200.0,1.0,0.0,overwrite,,,
size_sweep,5x4,optimal,10038,200.0,1.0,0.0,overwrite,,,
size_sweep,5x4,optimal,10039,200.0,1.0,0.0,overwrite,,,
size_sweep,5x4,optimal,10040,200.0,1.0,0.0,overwrite,,,
size_sweep,5x4,optimal,10041,200.0,1.0,0.0,overwrite,,,
size_sweep,5x4,optimal,10042,200.0,1.0,0.0,overwrite,,,
size_sweep,5x4,optimal,10043,200.0,1.0,0.0,overwrite,,,
size_sweep,5x4,optimal,10044,200.0,1.0,0.0,overwrite,,,
size_sweep,5x4,optimal,10045,200.0,1.0,0.0,overwrite,,,
size_sweep,5x4,optimal,10046,200.0,1.0,0.0,overwrite,,,
size_sweep,5x4,optimal,10047,200.0,1.0,0.0,overwrite,,,
size_sweep,5x4,optimal,10048,200.0,1.0,0.0,overwrite,,,
size_sweep,5x4,random,9999,64.15000915527344,0.285,135.85005474090576,overwrite,,,
size_sweep,5x4,random,10000,55.599998474121094,0.24,144.40000343322754,overwrite,,,
size_sweep,5x4,random,10001,54.64999771118164,0.235,145.34997081756592,overwrite,,,
size_sweep,5x4,random,10002,54.64999771118164,0.235,145.34997081756592,overwrite,,,
size_sweep,5x4,random,10003,46.099998474121094,0.19,153.89998245239258,overwrite,,,
size_sweep,5x4,random,10004,54.649993896484375,0.235,145.3499870300293,overwrite,,,
size_sweep,5x4,random,10005,60.349998474121094,0.265,139.6499719619751,overwrite,,,
size_sweep,5x4,random,10006,58.44999694824219,0.255,141.54997158050537,overwrite,,,
size_sweep,5x4,random,10007,54.650001525878906,0.235,145.34995460510254,overwrite,,,
size_sweep,5x4,random,10008,58.45000076293945,0.255,141.55005264282227,overwrite,,,
size_sweep,5x4,random,10009,50.849998474121094,0.215,149.14999198913574,overwrite,,,
size_sweep,5x4,random,10010,59.400001525878906,0.26,140.59998893737793,overwrite,,,
size_sweep,5x4,random,10011,66.05000305175781,0.295,133.94997310638428,overwrite,,,
size_sweep,5x4,random,10012,66.05000305175781,0.295,133.94997310638428,overwrite,,,
size_sweep,5x4,random,10013,63.19999694824219,0.28,136.7999725341797,overwrite,,,
size_sweep,5x4,random,10014,50.849998474121094,0.215,149.14999389648438,overwrite,,,
size_sweep,5x4,random,10015,62.25,0.275,137.7500581741333,overwrite,,,
size_sweep,5x4,random,10016,61.29999542236328,0.27,138.700026512146,overwrite,,,
size_sweep,5x4,random,10017,50.84999465942383,0.215,149.14997005462646,overwrite,,,
size_sweep,5x4,random,10018,48.95000076293945,0.205,151.04996967315674,overwrite,,,
size_sweep,5x4,random,10019,62.249996185302734,0.275,137.75004196166992,overwrite,,,
size_sweep,5x4,random,10020,52.749996185302734,0.225,147.2500400543213,overwrite,,,
size_sweep,5x4,random,10021,54.64999771118164,0.235,145.34997081756592,overwrite,,,
size_sweep,5x4,random,10022,62.25,0.275,137.75000190734863,overwrite,,,
size_sweep,5x4,random,10023,57.499996185302734,0.25,142.4999713897705,overwrite,,,
size_sweep,5x4,random,10024,55.59999465942383,0.24,144.39993286132812,overwrite,,,
size_sweep,5x4,random,10025,64.14999389648438,0.285,135.84997177124023,overwrite,,,
size_sweep,5x4,random,10026,67.0,0.3,133.0000228881836,overwrite,,,
size_sweep,5x4,random,10027,55.599998474121094,0.24,144.39997100830078,overwrite,,,
size_sweep,5x4,random,10028,55.599998474121094,0.24,144.40008544921875,overwrite,,,
size_sweep,5x4,random,10029,51.79999542236328,0.22,148.1999921798706,overwrite,,,
size_sweep,5x4,random,10030,66.05000305175781,0.295,133.94997310638428,overwrite,,,
size_sweep,5x4,random,10031,57.5,0.25,142.50004482269287,overwrite,,,
size_sweep,5x4,random,10032,63.19999694824219,0.28,136.80006790161133,overwrite,,,
size_sweep,5x4,random,10033,54.64999771118164,0.235,145.35002613067627,overwrite,,,
size_sweep,5x4,random,10034,67.94999694824219,0.305,132.05006790161133,overwrite,,,
size_sweep,5x4,random,10035,60.34999465942383,0.265,139.65004062652588,overwrite,,,
size_sweep,5x4,random,10036,61.29999542236328,0.27,138.70004749298096,overwrite,,,
size_sweep,5x4,random,10037,61.29999923706055,0.27,138.69998455047607,overwrite,,,
size_sweep,5x4,random,10038,53.70000457763672,0.23,146.30000972747803,overwrite,,,
size_sweep,5x4,random,10039,62.25,0.275,137.7500114440918,overwrite,,,
size_sweep,5x4,random,10040,61.29999923706055,0.27,138.69993114471436,overwrite,,,
size_sweep,5x4,random,10041,53.70000076293945,0.23,146.30000686645508,overwrite,,,
size_sweep,5x4,random,10042,54.64999771118164,0.235,145.350004196167,overwrite,,,
size_sweep,5x4,random,10043,61.29999923706055,0.27,138.69998836517334,overwrite,,,
size_sweep,5x4,random,10044,44.19999694824219,0.18,155.8000431060791,overwrite,,,
size_sweep,5x4,random,10045,54.64999771118164,0.235,145.34999084472656,overwrite,,,
size_sweep,5x4,random,10046,53.69999694824219,0.23,146.29998397827148,overwrite,,,
size_sweep,5x4,random,10047,63.20000076293945,0.28,136.7999725341797,overwrite,,,
size_sweep,5x4,random,10048,64.14999389648438,0.285,135.84997272491455,overwrite,,,
size_sweep_teacher_forced,5x4,tf,9999,,,,overwrite,0.9,0.04,0.02
size_sweep_teacher_forced,5x4,tf,10000,,,,overwrite,0.9,0.24,0.2
size_sweep_teacher_forced,5x4,tf,10001,,,,overwrite,0.96,0.0,0.0
size_sweep_teacher_forced,5x4,tf,10002,,,,overwrite,0.98,0.12,0.12
size_sweep_teacher_forced,5x4,tf,10003,,,,overwrite,0.88,0.3,0.34
size_sweep_teacher_forced,5x4,tf,10004,,,,overwrite,0.92,0.12,0.14
size_sweep_teacher_forced,5x4,tf,10005,,,,overwrite,0.94,0.36,0.34
size_sweep_teacher_forced,5x4,tf,10006,,,,overwrite,0.96,0.64,0.64
size_sweep_teacher_forced,5x4,tf,10007,,,,overwrite,0.92,0.38,0.34
size_sweep_teacher_forced,5x4,tf,10008,,,,overwrite,0.94,0.0,0.02
size_sweep_teacher_forced,5x4,tf,10009,,,,overwrite,0.92,0.04,0.06
size_sweep_teacher_forced,5x4,tf,10010,,,,overwrite,0.92,0.24,0.26
size_sweep_teacher_forced,5x4,tf,10011,,,,overwrite,0.92,0.26,0.24
size_sweep_teacher_forced,5x4,tf,10012,,,,overwrite,0.88,0.2,0.18
size_sweep_teacher_forced,5x4,tf,10013,,,,overwrite,0.9,0.08,0.1
size_sweep_teacher_forced,5x4,tf,10014,,,,overwrite,0.96,0.52,0.54
size_sweep_teacher_forced,5x4,tf,10015,,,,overwrite,0.94,0.6,0.6
size_sweep_teacher_forced,5x4,tf,10016,,,,overwrite,0.94,0.02,0.02
size_sweep_teacher_forced,5x4,tf,10017,,,,overwrite,0.88,0.48,0.44
size_sweep_teacher_forced,5x4,tf,10018,,,,overwrite,0.92,0.34,0.38
size_sweep_teacher_forced,5x4,tf,10019,,,,overwrite,0.94,0.22,0.18
size_sweep_teacher_forced,5x4,tf,10020,,,,overwrite,0.92,0.12,0.14
size_sweep_teacher_forced,5x4,tf,10021,,,,overwrite,0.96,0.34,0.38
size_sweep_teacher_forced,5x4,tf,10022,,,,overwrite,0.92,0.24,0.26
size_sweep_teacher_forced,5x4,tf,10023,,,,overwrite,0.88,0.54,0.5
size_sweep_teacher_forced,5x4,tf,10024,,,,overwrite,0.88,0.22,0.26
size_sweep_teacher_forced,5x4,tf,10025,,,,overwrite,0.92,0.38,0.38
size_sweep_teacher_forced,5x4,tf,10026,,,,overwrite,0.88,0.18,0.22
size_sweep_teacher_forced,5x4,tf,10027,,,,overwrite,0.9,0.24,0.24
size_sweep_teacher_forced,5x4,tf,10028,,,,overwrite,0.96,0.32,0.3
size_sweep_teacher_forced,5x4,tf,10029,,,,overwrite,0.84,0.22,0.18
size_sweep_teacher_forced,5x4,tf,10030,,,,overwrite,0.94,0.4,0.4
size_sweep_teacher_forced,5x4,tf,10031,,,,overwrite,0.92,0.16,0.24
size_sweep_teacher_forced,5x4,tf,10032,,,,overwrite,0.92,0.04,0.02
size_sweep_teacher_forced,5x4,tf,10033,,,,overwrite,0.92,0.06,0.0
size_sweep_teacher_forced,5x4,tf,10034,,,,overwrite,0.92,0.4,0.38
size_sweep_teacher_forced,5x4,tf,10035,,,,overwrite,0.88,0.34,0.36
size_sweep_teacher_forced,5x4,tf,10036,,,,overwrite,0.78,0.4,0.38
size_sweep_teacher_forced,5x4,tf,10037,,,,overwrite,0.86,0.18,0.24
size_sweep_teacher_forced,5x4,tf,10038,,,,overwrite,0.98,0.24,0.24
size_sweep_teacher_forced,5x4,tf,10039,,,,overwrite,0.9,0.64,0.66
size_sweep_teacher_forced,5x4,tf,10040,,,,overwrite,0.94,0.3,0.32
size_sweep_teacher_forced,5x4,tf,10041,,,,overwrite,0.92,0.34,0.34
size_sweep_teacher_forced,5x4,tf,10042,,,,overwrite,0.86,0.4,0.54
size_sweep_teacher_forced,5x4,tf,10043,,,,overwrite,0.92,0.02,0.04
size_sweep_teacher_forced,5x4,tf,10044,,,,overwrite,0.96,0.02,0.02
size_sweep_teacher_forced,5x4,tf,10045,,,,overwrite,0.94,0.42,0.48
size_sweep_teacher_forced,5x4,tf,10046,,,,overwrite,0.9,0.2,0.2
size_sweep_teacher_forced,5x4,tf,10047,,,,overwrite,0.94,0.54,0.56
size_sweep_teacher_forced,5x4,tf,10048,,,,overwrite,0.9,0.18,0.22
size_sweep,6x2,tf_legacy,9999,126.85001373291016,0.615,73.15000438690186,overwrite,,,
size_sweep,6x2,tf_legacy,10000,134.45001220703125,0.655,65.54998683929443,overwrite,,,
size_sweep,6x2,tf_legacy,10001,98.35000610351562,0.465,101.65004920959473,overwrite,,,
size_sweep,6x2,tf_legacy,10002,111.6500015258789,0.535,88.34998226165771,overwrite,,,
size_sweep,6x2,tf_legacy,10003,114.50000762939453,0.55,85.4999828338623,overwrite,,,
size_sweep,6x2,tf_legacy,10004,137.3000030517578,0.67,62.69999122619629,overwrite,,,
size_sweep,6x2,tf_legacy,10005,130.65000915527344,0.635,69.35003089904785,overwrite,,,
size_sweep,6x2,tf_legacy,10006,194.3000030517578,0.97,5.7000017166137695,overwrite,,,
size_sweep,6x2,tf_legacy,10007,72.69999694824219,0.33,127.29997444152832,overwrite,,,
size_sweep,6x2,tf_legacy,10008,155.35000610351562,0.765,44.649991035461426,overwrite,,,
size_sweep,6x2,tf_legacy,10009,117.35000610351562,0.565,82.6499834060669,overwrite,,,
size_sweep,6x2,tf_legacy,10010,116.40000915527344,0.56,83.6000394821167,overwrite,,,
size_sweep,6x2,tf_legacy,10011,64.1500015258789,0.285,135.84998035430908,overwrite,,,
size_sweep,6x2,tf_legacy,10012,69.8499984741211,0.315,130.15009307861328,overwrite,,,
size_sweep,6x2,tf_legacy,10013,51.79999542236328,0.22,148.19997024536133,overwrite,,,
size_sweep,6x2,tf_legacy,10014,72.69999694824219,0.33,127.30001735687256,overwrite,,,
size_sweep,6x2,tf_legacy,10015,64.1500015258789,0.285,135.85000610351562,overwrite,,,
size_sweep,6x2,tf_legacy,10016,102.15000915527344,0.485,97.84998035430908,overwrite,,,
size_sweep,6x2,tf_legacy,10017,148.70001220703125,0.73,51.3000373840332,overwrite,,,
size_sweep,6x2,tf_legacy,10018,85.05000305175781,0.395,114.94997692108154,overwrite,,,
size_sweep,6x2,tf_legacy,10019,37.54999923706055,0.145,162.44996738433838,overwrite,,,
size_sweep,6x2,tf_legacy,10020,75.55000305175781,0.345,124.44997501373291,overwrite,,,
size_sweep,6x2,tf_legacy,10021,94.55000305175781,0.445,105.44997882843018,overwrite,,,
size_sweep,6x2,tf_legacy,10022,162.95001220703125,0.805,37.049994468688965,overwrite,,,
size_sweep,6x2,tf_legacy,10023,133.5,0.65,66.49998950958252,overwrite,,,
size_sweep,6x2,tf_legacy,10024,165.8000030517578,0.82,34.20000076293945,overwrite,,,
size_sweep,6x2,tf_legacy,10025,154.40000915527344,0.76,45.599995613098145,overwrite,,,
size_sweep,6x2,tf_legacy,10026,108.80000305175781,0.52,91.20002365112305,overwrite,,,
size_sweep,6x2,tf_legacy,10027,48.94999694824219,0.205,151.05000019073486,overwrite,,,
size_sweep,6x2,tf_legacy,10028,162.95001220703125,0.805,37.04999256134033,overwrite,,,
size_sweep,6x2,tf_legacy,10029,123.05000305175781,0.595,76.94998455047607,overwrite,,,
size_sweep,6x2,tf_legacy,10030,55.599998474121094,0.24,144.39997100830078,overwrite,,,
size_sweep,6x2,tf_legacy,10031,87.90000915527344,0.41,112.0999813079834,overwrite,,,
size_sweep,6x2,tf_legacy,10032,108.80000305175781,0.52,91.20004653930664,overwrite,,,
size_sweep,6x2,tf_legacy,10033,153.45001220703125,0.755,46.550002098083496,overwrite,,,
size_sweep,6x2,tf_legacy,10034,104.05000305175781,0.495,95.94998073577881,overwrite,,,
size_sweep,6x2,tf_legacy,10035,144.89999389648438,0.71,55.09998893737793,overwrite,,,
size_sweep,6x2,tf_legacy,10036,76.5,0.35,123.49997520446777,overwrite,,,
size_sweep,6x2,tf_legacy,10037,50.849998474121094,0.215,149.15005779266357,overwrite,,,
size_sweep,6x2,tf_legacy,10038,167.6999969482422,0.83,32.30000686645508,overwrite,,,
size_sweep,6x2,tf_legacy,10039,169.60000610351562,0.84,30.399993896484375,overwrite,,,
size_sweep,6x2,tf_legacy,10040,141.10000610351562,0.69,58.89999198913574,overwrite,,,
size_sweep,6x2,tf_legacy,10041,184.8000030517578,0.92,15.200004577636719,overwrite,,,
size_sweep,6x2,tf_legacy,10042,102.15000915527344,0.485,97.84998512268066,overwrite,,,
size_sweep,6x2,tf_legacy,10043,85.05000305175781,0.395,114.9500150680542,overwrite,,,
size_sweep,6x2,tf_legacy,10044,78.4000015258789,0.36,121.5999755859375,overwrite,,,
size_sweep,6x2,tf_legacy,10045,125.90000915527344,0.61,74.100022315979,overwrite,,,
size_sweep,6x2,tf_legacy,10046,105.94999694824219,0.505,94.04998874664307,overwrite,,,
size_sweep,6x2,tf_legacy,10047,146.8000030517578,0.72,53.2000207901001,overwrite,,,
size_sweep,6x2,tf_legacy,10048,195.25,0.975,4.749999046325684,overwrite,,,
size_sweep,6x2,tf_self,9999,140.15000915527344,0.685,59.850013732910156,overwrite,,,
size_sweep,6x2,tf_self,10000,76.5,0.35,123.49997520446777,overwrite,,,
size_sweep,6x2,tf_self,10001,27.099998474121094,0.09,172.9000539779663,overwrite,,,
size_sweep,6x2,tf_self,10002,48.94999694824219,0.205,151.04996967315674,overwrite,,,
size_sweep,6x2,tf_self,10003,112.60000610351562,0.54,87.39998245239258,overwrite,,,
size_sweep,6x2,tf_self,10004,110.70000457763672,0.53,89.30000591278076,overwrite,,,
size_sweep,6x2,tf_self,10005,76.5,0.35,123.50001907348633,overwrite,,,
size_sweep,6x2,tf_self,10006,105.95000457763672,0.505,94.05003929138184,overwrite,,,
size_sweep,6x2,tf_self,10007,90.75,0.425,109.24997806549072,overwrite,,,
size_sweep,6x2,tf_self,10008,121.15000915527344,0.585,78.84998416900635,overwrite,,,
size_sweep,6x2,tf_self,10009,172.45001220703125,0.855,27.549994468688965,overwrite,,,
size_sweep,6x2,tf_self,10010,86.95000457763672,0.405,113.05004692077637,overwrite,,,
size_sweep,6x2,tf_self,10011,95.50000762939453,0.45,104.50003910064697,overwrite,,,
size_sweep,6x2,tf_self,10012,85.05000305175781,0.395,114.95004177093506,overwrite,,,
size_sweep,6x2,tf_self,10013,87.9000015258789,0.41,112.09997749328613,overwrite,,,
size_sweep,6x2,tf_self,10014,138.25,0.675,61.75000762939453,overwrite,,,
size_sweep,6x2,tf_self,10015,179.10000610351562,0.89,20.899995803833008,overwrite,,,
size_sweep,6x2,tf_self,10016,111.65000915527344,0.535,88.34998226165771,overwrite,,,
size_sweep,6x2,tf_self,10017,141.10000610351562,0.69,58.90002727508545,overwrite,,,
size_sweep,6x2,tf_self,10018,145.85000610351562,0.715,54.14998912811279,overwrite,,,
size_sweep,6x2,tf_self,10019,31.849998474121094,0.115,168.1499662399292,overwrite,,,
size_sweep,6x2,tf_self,10020,79.35000610351562,0.365,120.64997577667236,overwrite,,,
size_sweep,6x2,tf_self,10021,119.25000762939453,0.575,80.74998378753662,overwrite,,,
size_sweep,6x2,tf_self,10022,139.20001220703125,0.68,60.800015449523926,overwrite,,,
size_sweep,6x2,tf_self,10023,149.65000915527344,0.735,50.349989891052246,overwrite,,,
size_sweep,6x2,tf_self,10024,147.75,0.725,52.25004196166992,overwrite,,,
size_sweep,6x2,tf_self,10025,59.39999771118164,0.26,140.6000633239746,overwrite,,,
size_sweep,6x2,tf_self,10026,79.35000610351562,0.365,120.64998817443848,overwrite,,,
size_sweep,6x2,tf_self,10027,23.299999237060547,0.07,176.70001983642578,overwrite,,,
size_sweep,6x2,tf_self,10028,114.50000762939453,0.55,85.50003337860107,overwrite,,,
size_sweep,6x2,tf_self,10029,162.95001220703125,0.805,37.04999256134033,overwrite,,,
size_sweep,6x2,tf_self,10030,126.85000610351562,0.615,73.14998531341553,overwrite,,,
size_sweep,6x2,tf_self,10031,166.75,0.825,33.24999523162842,overwrite,,,
size_sweep,6x2,tf_self,10032,174.35000610351562,0.865,25.64999485015869,overwrite,,,
size_sweep,6x2,tf_self,10033,114.50000762939453,0.55,85.4999828338623,overwrite,,,
size_sweep,6x2,tf_self,10034,29.949996948242188,0.105,170.04996585845947,overwrite,,,
size_sweep,6x2,tf_self,10035,169.60000610351562,0.84,30.399993896484375,overwrite,,,
size_sweep,6x2,tf_self,10036,148.70001220703125,0.73,51.29998970031738,overwrite,,,
size_sweep,6x2,tf_self,10037,30.899999618530273,0.11,169.1000862121582,overwrite,,,
size_sweep,6x2,tf_self,10038,34.69999313354492,0.13,165.30005550384521,overwrite,,,
size_sweep,6x2,tf_self,10039,123.05000305175781,0.595,76.94998455047607,overwrite,,,
size_sweep,6x2,tf_self,10040,114.5,0.55,85.50002479553223,overwrite,,,
size_sweep,6x2,tf_self,10041,62.25,0.275,137.75008487701416,overwrite,,,
size_sweep,6x2,tf_self,10042,161.05001831054688,0.795,38.94999694824219,overwrite,,,
size_sweep,6x2,tf_self,10043,115.45001220703125,0.555,84.55001831054688,overwrite,,,
size_sweep,6x2,tf_self,10044,112.60000610351562,0.54,87.39998245239258,overwrite,,,
size_sweep,6x2,tf_self,10045,80.30000305175781,0.37,119.70000171661377,overwrite,,,
size_sweep,6x2,tf_self,10046,85.05000305175781,0.395,114.94999599456787,overwrite,,,
size_sweep,6x2,tf_self,10047,93.60000610351562,0.44,106.40002536773682,overwrite,,,
size_sweep,6x2,tf_self,10048,122.10000610351562,0.59,77.89999580383301,overwrite,,,
size_sweep,6x2,optimal,9999,200.0,1.0,0.0,overwrite,,,
size_sweep,6x2,optimal,10000,200.0,1.0,0.0,overwrite,,,
size_sweep,6x2,optimal,10001,200.0,1.0,0.0,overwrite,,,
size_sweep,6x2,optimal,10002,200.0,1.0,0.0,overwrite,,,
size_sweep,6x2,optimal,10003,200.0,1.0,0.0,overwrite,,,
size_sweep,6x2,optimal,10004,200.0,1.0,0.0,overwrite,,,
size_sweep,6x2,optimal,10005,200.0,1.0,0.0,overwrite,,,
size_sweep,6x2,optimal,10006,200.0,1.0,0.0,overwrite,,,
size_sweep,6x2,optimal,10007,200.0,1.0,0.0,overwrite,,,
size_sweep,6x2,optimal,10008,200.0,1.0,0.0,overwrite,,,
size_sweep,6x2,optimal,10009,200.0,1.0,0.0,overwrite,,,
size_sweep,6x2,optimal,10010,200.0,1.0,0.0,overwrite,,,
size_sweep,6x2,optimal,10011,200.0,1.0,0.0,overwrite,,,
size_sweep,6x2,optimal,10012,200.0,1.0,0.0,overwrite,,,
size_sweep,6x2,optimal,10013,200.0,1.0,0.0,overwrite,,,
size_sweep,6x2,optimal,10014,200.0,1.0,0.0,overwrite,,,
size_sweep,6x2,optimal,10015,200.0,1.0,0.0,overwrite,,,
size_sweep,6x2,optimal,10016,200.0,1.0,0.0,overwrite,,,
size_sweep,6x2,optimal,10017,200.0,1.0,0.0,overwrite,,,
size_sweep,6x2,optimal,10018,200.0,1.0,0.0,overwrite,,,
size_sweep,6x2,optimal,10019,200.0,1.0,0.0,overwrite,,,
size_sweep,6x2,optimal,10020,200.0,1.0,0.0,overwrite,,,
size_sweep,6x2,optimal,10021,200.0,1.0,0.0,overwrite,,,
size_sweep,6x2,optimal,10022,200.0,1.0,0.0,overwrite,,,
size_sweep,6x2,optimal,10023,200.0,1.0,0.0,overwrite,,,
size_sweep,6x2,optimal,10024,200.0,1.0,0.0,overwrite,,,
size_sweep,6x2,optimal,10025,200.0,1.0,0.0,overwrite,,,
size_sweep,6x2,optimal,10026,200.0,1.0,0.0,overwrite,,,
size_sweep,6x2,optimal,10027,200.0,1.0,0.0,overwrite,,,
size_sweep,6x2,optimal,10028,200.0,1.0,0.0,overwrite,,,
size_sweep,6x2,optimal,10029,200.0,1.0,0.0,overwrite,,,
size_sweep,6x2,optimal,10030,200.0,1.0,0.0,overwrite,,,
size_sweep,6x2,optimal,10031,200.0,1.0,0.0,overwrite,,,
size_sweep,6x2,optimal,10032,200.0,1.0,0.0,overwrite,,,
size_sweep,6x2,optimal,10033,200.0,1.0,0.0,overwrite,,,
size_sweep,6x2,optimal,10034,200.0,1.0,0.0,overwrite,,,
size_sweep,6x2,optimal,10035,200.0,1.0,0.0,overwrite,,,
size_sweep,6x2,optimal,10036,200.0,1.0,0.0,overwrite,,,
size_sweep,6x2,optimal,10037,200.0,1.0,0.0,overwrite,,,
size_sweep,6x2,optimal,10038,200.0,1.0,0.0,overwrite,,,
size_sweep,6x2,optimal,10039,200.0,1.0,0.0,overwrite,,,
size_sweep,6x2,optimal,10040,200.0,1.0,0.0,overwrite,,,
size_sweep,6x2,optimal,10041,200.0,1.0,0.0,overwrite,,,
size_sweep,6x2,optimal,10042,200.0,1.0,0.0,overwrite,,,
size_sweep,6x2,optimal,10043,200.0,1.0,0.0,overwrite,,,
size_sweep,6x2,optimal,10044,200.0,1.0,0.0,overwrite,,,
size_sweep,6x2,optimal,10045,200.0,1.0,0.0,overwrite,,,
size_sweep,6x2,optimal,10046,200.0,1.0,0.0,overwrite,,,
size_sweep,6x2,optimal,10047,200.0,1.0,0.0,overwrite,,,
size_sweep,6x2,optimal,10048,200.0,1.0,0.0,overwrite,,,
size_sweep,6x2,random,9999,110.70000457763672,0.53,89.29999732971191,overwrite,,,
size_sweep,6x2,random,10000,108.80000305175781,0.52,91.19998168945312,overwrite,,,
size_sweep,6x2,random,10001,110.70001220703125,0.53,89.30001449584961,overwrite,,,
size_sweep,6x2,random,10002,103.10000610351562,0.49,96.89998054504395,overwrite,,,
size_sweep,6x2,random,10003,96.45001220703125,0.455,103.5499792098999,overwrite,,,
size_sweep,6x2,random,10004,110.70001220703125,0.53,89.30000972747803,overwrite,,,
size_sweep,6x2,random,10005,110.70001220703125,0.53,89.3000020980835,overwrite,,,
size_sweep,6x2,random,10006,105.95001220703125,0.505,94.05001449584961,overwrite,,,
size_sweep,6x2,random,10007,112.60000610351562,0.54,87.39998245239258,overwrite,,,
size_sweep,6x2,random,10008,98.35000610351562,0.465,101.64997959136963,overwrite,,,
size_sweep,6x2,random,10009,112.60000610351562,0.54,87.39998245239258,overwrite,,,
size_sweep,6x2,random,10010,102.15000915527344,0.485,97.85003662109375,overwrite,,,
size_sweep,6x2,random,10011,109.75000762939453,0.525,90.25000667572021,overwrite,,,
size_sweep,6x2,random,10012,107.8499984741211,0.515,92.15003395080566,overwrite,,,
size_sweep,6x2,random,10013,107.85000610351562,0.515,92.14998149871826,overwrite,,,
size_sweep,6x2,random,10014,109.75000762939453,0.525,90.25000381469727,overwrite,,,
size_sweep,6x2,random,10015,106.9000015258789,0.51,93.10000514984131,overwrite,,,
size_sweep,6x2,random,10016,112.5999984741211,0.54,87.39998245239258,overwrite,,,
size_sweep,6x2,random,10017,99.30000305175781,0.47,100.69998931884766,overwrite,,,
size_sweep,6x2,random,10018,107.85000610351562,0.515,92.14998149871826,overwrite,,,
size_sweep,6x2,random,10019,99.30001068115234,0.47,100.69997978210449,overwrite,,,
size_sweep,6x2,random,10020,101.20000457763672,0.48,98.79998016357422,overwrite,,,
size_sweep,6x2,random,10021,95.5,0.45,104.49997901916504,overwrite,,,
size_sweep,6x2,random,10022,96.45000457763672,0.455,103.55000400543213,overwrite,,,
size_sweep,6x2,random,10023,113.55000305175781,0.545,86.45000267028809,overwrite,,,
size_sweep,6x2,random,10024,97.40000915527344,0.46,102.6000280380249,overwrite,,,
size_sweep,6x2,random,10025,99.30000305175781,0.47,100.7000150680542,overwrite,,,
size_sweep,6x2,random,10026,99.30000305175781,0.47,100.7000093460083,overwrite,,,
size_sweep,6x2,random,10027,103.10000610351562,0.49,96.90002059936523,overwrite,,,
size_sweep,6x2,random,10028,105.95000457763672,0.505,94.0500020980835,overwrite,,,
size_sweep,6x2,random,10029,112.60000610351562,0.54,87.39998245239258,overwrite,,,
size_sweep,6x2,random,10030,110.70001220703125,0.53,89.29998207092285,overwrite,,,
size_sweep,6x2,random,10031,102.1500015258789,0.485,97.84998989105225,overwrite,,,
size_sweep,6x2,random,10032,101.20000457763672,0.48,98.80002784729004,overwrite,,,
size_sweep,6x2,random,10033,106.90000915527344,0.51,93.09999561309814,overwrite,,,
size_sweep,6x2,random,10034,104.05000305175781,0.495,95.94998073577881,overwrite,,,
size_sweep,6x2,random,10035,104.05000305175781,0.495,95.94998073577881,overwrite,,,
size_sweep,6x2,random,10036,88.85000610351562,0.415,111.149977684021,overwrite,,,
size_sweep,6x2,random,10037,99.30000305175781,0.47,100.70002555847168,overwrite,,,
size_sweep,6x2,random,10038,106.90000915527344,0.51,93.10001754760742,overwrite,,,
size_sweep,6x2,random,10039,109.75000762939453,0.525,90.24998188018799,overwrite,,,
size_sweep,6x2,random,10040,103.10000610351562,0.49,96.90000057220459,overwrite,,,
size_sweep,6x2,random,10041,93.60000610351562,0.44,106.40003871917725,overwrite,,,
size_sweep,6x2,random,10042,106.90000915527344,0.51,93.09999370574951,overwrite,,,
size_sweep,6x2,random,10043,101.20000457763672,0.48,98.80001735687256,overwrite,,,
size_sweep,6x2,random,10044,109.75,0.525,90.24998188018799,overwrite,,,
size_sweep,6x2,random,10045,111.65000915527344,0.535,88.35001277923584,overwrite,,,
size_sweep,6x2,random,10046,107.85000610351562,0.515,92.14999675750732,overwrite,,,
size_sweep,6x2,random,10047,114.50000762939453,0.55,85.5000114440918,overwrite,,,
size_sweep,6x2,random,10048,105.95001220703125,0.505,94.04999732971191,overwrite,,,
size_sweep_teacher_forced,6x2,tf,9999,,,,overwrite,0.92,0.42,0.46
size_sweep_teacher_forced,6x2,tf,10000,,,,overwrite,0.94,0.76,0.78
size_sweep_teacher_forced,6x2,tf,10001,,,,overwrite,0.94,0.88,0.9
size_sweep_teacher_forced,6x2,tf,10002,,,,overwrite,0.94,0.96,0.98
size_sweep_teacher_forced,6x2,tf,10003,,,,overwrite,0.92,0.48,0.48
size_sweep_teacher_forced,6x2,tf,10004,,,,overwrite,0.94,0.44,0.42
size_sweep_teacher_forced,6x2,tf,10005,,,,overwrite,0.96,0.44,0.44
size_sweep_teacher_forced,6x2,tf,10006,,,,overwrite,0.96,0.24,0.24
size_sweep_teacher_forced,6x2,tf,10007,,,,overwrite,0.92,0.38,0.42
size_sweep_teacher_forced,6x2,tf,10008,,,,overwrite,0.96,0.72,0.72
size_sweep_teacher_forced,6x2,tf,10009,,,,overwrite,0.94,0.74,0.76
size_sweep_teacher_forced,6x2,tf,10010,,,,overwrite,0.94,0.26,0.24
size_sweep_teacher_forced,6x2,tf,10011,,,,overwrite,0.9,0.62,0.64
size_sweep_teacher_forced,6x2,tf,10012,,,,overwrite,0.92,0.6,0.6
size_sweep_teacher_forced,6x2,tf,10013,,,,overwrite,0.94,0.68,0.74
size_sweep_teacher_forced,6x2,tf,10014,,,,overwrite,0.96,0.68,0.68
size_sweep_teacher_forced,6x2,tf,10015,,,,overwrite,0.9,0.86,0.84
size_sweep_teacher_forced,6x2,tf,10016,,,,overwrite,0.96,0.38,0.38
size_sweep_teacher_forced,6x2,tf,10017,,,,overwrite,0.92,0.5,0.46
size_sweep_teacher_forced,6x2,tf,10018,,,,overwrite,0.92,0.62,0.62
size_sweep_teacher_forced,6x2,tf,10019,,,,overwrite,0.98,0.44,0.42
size_sweep_teacher_forced,6x2,tf,10020,,,,overwrite,0.88,0.38,0.34
size_sweep_teacher_forced,6x2,tf,10021,,,,overwrite,0.94,0.52,0.46
size_sweep_teacher_forced,6x2,tf,10022,,,,overwrite,0.92,0.8,0.76
size_sweep_teacher_forced,6x2,tf,10023,,,,overwrite,0.94,0.28,0.34
size_sweep_teacher_forced,6x2,tf,10024,,,,overwrite,0.86,0.62,0.64
size_sweep_teacher_forced,6x2,tf,10025,,,,overwrite,0.98,0.24,0.22
size_sweep_teacher_forced,6x2,tf,10026,,,,overwrite,0.96,0.84,0.84
size_sweep_teacher_forced,6x2,tf,10027,,,,overwrite,0.9,0.62,0.64
size_sweep_teacher_forced,6x2,tf,10028,,,,overwrite,0.92,0.48,0.56
size_sweep_teacher_forced,6x2,tf,10029,,,,overwrite,0.94,0.86,0.92
size_sweep_teacher_forced,6x2,tf,10030,,,,overwrite,0.94,0.64,0.62
size_sweep_teacher_forced,6x2,tf,10031,,,,overwrite,0.96,0.48,0.48
size_sweep_teacher_forced,6x2,tf,10032,,,,overwrite,0.92,0.62,0.66
size_sweep_teacher_forced,6x2,tf,10033,,,,overwrite,1.0,0.54,0.54
size_sweep_teacher_forced,6x2,tf,10034,,,,overwrite,0.9,0.64,0.62
size_sweep_teacher_forced,6x2,tf,10035,,,,overwrite,0.94,0.48,0.5
size_sweep_teacher_forced,6x2,tf,10036,,,,overwrite,0.96,0.54,0.58
size_sweep_teacher_forced,6x2,tf,10037,,,,overwrite,0.92,0.44,0.44
size_sweep_teacher_forced,6x2,tf,10038,,,,overwrite,0.96,0.44,0.48
size_sweep_teacher_forced,6x2,tf,10039,,,,overwrite,0.92,0.68,0.68
size_sweep_teacher_forced,6x2,tf,10040,,,,overwrite,1.0,0.56,0.56
size_sweep_teacher_forced,6x2,tf,10041,,,,overwrite,0.94,0.88,0.9
size_sweep_teacher_forced,6x2,tf,10042,,,,overwrite,0.92,0.72,0.76
size_sweep_teacher_forced,6x2,tf,10043,,,,overwrite,0.92,0.34,0.38
size_sweep_teacher_forced,6x2,tf,10044,,,,overwrite,0.88,0.56,0.52
size_sweep_teacher_forced,6x2,tf,10045,,,,overwrite,0.92,0.74,0.7
size_sweep_teacher_forced,6x2,tf,10046,,,,overwrite,0.94,0.52,0.58
size_sweep_teacher_forced,6x2,tf,10047,,,,overwrite,0.94,0.48,0.46
size_sweep_teacher_forced,6x2,tf,10048,,,,overwrite,0.96,0.66,0.7
size_sweep,6x3,tf_legacy,9999,152.5,0.75,47.499990463256836,overwrite,,,
size_sweep,6x3,tf_legacy,10000,75.55000305175781,0.345,124.4499979019165,overwrite,,,
size_sweep,6x3,tf_legacy,10001,50.849998474121094,0.215,149.14997005462646,overwrite,,,
size_sweep,6x3,tf_legacy,10002,80.30000305175781,0.37,119.69997596740723,overwrite,,,
size_sweep,6x3,tf_legacy,10003,140.15000915527344,0.685,59.84998798370361,overwrite,,,
size_sweep,6x3,tf_legacy,10004,80.30000305175781,0.37,119.69997596740723,overwrite,,,
size_sweep,6x3,tf_legacy,10005,106.90000915527344,0.51,93.10003566741943,overwrite,,,
size_sweep,6x3,tf_legacy,10006,110.70000457763672,0.53,89.29998207092285,overwrite,,,
size_sweep,6x3,tf_legacy,10007,124.95001220703125,0.605,75.0499849319458,overwrite,,,
size_sweep,6x3,tf_legacy,10008,86.0,0.4,113.9999771118164,overwrite,,,
size_sweep,6x3,tf_legacy,10009,138.25001525878906,0.675,61.74998760223389,overwrite,,,
size_sweep,6x3,tf_legacy,10010,86.94999694824219,0.405,113.05002117156982,overwrite,,,
size_sweep,6x3,tf_legacy,10011,87.9000015258789,0.41,112.100022315979,overwrite,,,
size_sweep,6x3,tf_legacy,10012,105.0,0.5,95.00007629394531,overwrite,,,
size_sweep,6x3,tf_legacy,10013,126.85000610351562,0.615,73.14998531341553,overwrite,,,
size_sweep,6x3,tf_legacy,10014,33.749996185302734,0.125,166.24996662139893,overwrite,,,
size_sweep,6x3,tf_legacy,10015,135.40000915527344,0.66,64.5999870300293,overwrite,,,
size_sweep,6x3,tf_legacy,10016,39.44999694824219,0.155,160.5500316619873,overwrite,,,
size_sweep,6x3,tf_legacy,10017,51.79999923706055,0.22,148.19997024536133,overwrite,,,
size_sweep,6x3,tf_legacy,10018,166.75001525878906,0.825,33.249993324279785,overwrite,,,
size_sweep,6x3,tf_legacy,10019,28.999998092651367,0.1,170.99997806549072,overwrite,,,
size_sweep,6x3,tf_legacy,10020,41.349998474121094,0.165,158.64997100830078,overwrite,,,
size_sweep,6x3,tf_legacy,10021,60.35000228881836,0.265,139.6499719619751,overwrite,,,
size_sweep,6x3,tf_legacy,10022,70.79999542236328,0.32,129.1999740600586,overwrite,,,
size_sweep,6x3,tf_legacy,10023,82.19999694824219,0.38,117.7999792098999,overwrite,,,
size_sweep,6x3,tf_legacy,10024,100.25000762939453,0.475,99.7500057220459,overwrite,,,
size_sweep,6x3,tf_legacy,10025,49.89999771118164,0.21,150.0999698638916,overwrite,,,
size_sweep,6x3,tf_legacy,10026,76.5,0.35,123.49997520446777,overwrite,,,
size_sweep,6x3,tf_legacy,10027,89.80000305175781,0.42,110.20003509521484,overwrite,,,
size_sweep,6x3,tf_legacy,10028,46.09999465942383,0.19,153.89996910095215,overwrite,,,
size_sweep,6x3,tf_legacy,10029,91.70000457763672,0.43,108.29997825622559,overwrite,,,
size_sweep,6x3,tf_legacy,10030,61.30000305175781,0.27,138.69997310638428,overwrite,,,
size_sweep,6x3,tf_legacy,10031,73.6500015258789,0.335,126.3500337600708,overwrite,,,
size_sweep,6x3,tf_legacy,10032,141.10000610351562,0.69,58.89998817443848,overwrite,,,
size_sweep,6x3,tf_legacy,10033,82.19999694824219,0.38,117.8000373840332,overwrite,,,
size_sweep,6x3,tf_legacy,10034,133.5,0.65,66.50005054473877,overwrite,,,
size_sweep,6x3,tf_legacy,10035,65.0999984741211,0.29,134.8999729156494,overwrite,,,
size_sweep,6x3,tf_legacy,10036,118.30000305175781,0.57,81.70003700256348,overwrite,,,
size_sweep,6x3,tf_legacy,10037,75.55000305175781,0.345,124.44999408721924,overwrite,,,
size_sweep,6x3,tf_legacy,10038,62.25,0.275,137.74997234344482,overwrite,,,
size_sweep,6x3,tf_legacy,10039,98.35000610351562,0.465,101.64997959136963,overwrite,,,
size_sweep,6x3,tf_legacy,10040,48.0,0.2,152.00005054473877,overwrite,,,
size_sweep,6x3,tf_legacy,10041,126.8499984741211,0.615,73.15002822875977,overwrite,,,
size_sweep,6x3,tf_legacy,10042,81.25000762939453,0.375,118.74997615814209,overwrite,,,
size_sweep,6x3,tf_legacy,10043,85.05000305175781,0.395,114.95003032684326,overwrite,,,
size_sweep,6x3,tf_legacy,10044,46.099998474121094,0.19,153.89996910095215,overwrite,,,
size_sweep,6x3,tf_legacy,10045,107.85000610351562,0.515,92.14998149871826,overwrite,,,
size_sweep,6x3,tf_legacy,10046,58.45000076293945,0.255,141.54997158050537,overwrite,,,
size_sweep,6x3,tf_legacy,10047,60.349998474121094,0.265,139.65005207061768,overwrite,,,
size_sweep,6x3,tf_legacy,10048,125.9000015258789,0.61,74.09998512268066,overwrite,,,
size_sweep,6x3,tf_self,9999,110.70001220703125,0.53,89.29998207092285,overwrite,,,
size_sweep,6x3,tf_self,10000,141.10000610351562,0.69,58.89998817443848,overwrite,,,
size_sweep,6x3,tf_self,10001,48.0,0.2,151.99996948242188,overwrite,,,
size_sweep,6x3,tf_self,10002,114.50000762939453,0.55,85.4999828338623,overwrite,,,
size_sweep,6x3,tf_self,10003,25.200000762939453,0.08,174.79996490478516,overwrite,,,
size_sweep,6x3,tf_self,10004,36.599998474121094,0.14,163.39996719360352,overwrite,,,
size_sweep,6x3,tf_self,10005,163.89999389648438,0.81,36.10000801086426,overwrite,,,
size_sweep,6x3,tf_self,10006,71.75,0.325,128.24997425079346,overwrite,,,
size_sweep,6x3,tf_self,10007,67.94999694824219,0.305,132.049973487854,overwrite,,,
size_sweep,6x3,tf_self,10008,30.89999771118164,0.11,169.09996604919434,overwrite,,,
size_sweep,6x3,tf_self,10009,85.05000305175781,0.395,114.94997692108154,overwrite,,,
size_sweep,6x3,tf_self,10010,59.400001525878906,0.26,140.6000213623047,overwrite,,,
size_sweep,6x3,tf_self,10011,90.75,0.425,109.25006580352783,overwrite,,,
size_sweep,6x3,tf_self,10012,60.349998474121094,0.265,139.6501121520996,overwrite,,,
size_sweep,6x3,tf_self,10013,103.10000610351562,0.49,96.89998054504395,overwrite,,,
size_sweep,6x3,tf_self,10014,42.29999542236328,0.17,157.6999683380127,overwrite,,,
size_sweep,6x3,tf_self,10015,180.0500030517578,0.895,19.94999599456787,overwrite,,,
size_sweep,6x3,tf_self,10016,36.599998474121094,0.14,163.40002822875977,overwrite,,,
size_sweep,6x3,tf_self,10017,79.35000610351562,0.365,120.64997577667236,overwrite,,,
size_sweep,6x3,tf_self,10018,172.45001220703125,0.855,27.549994468688965,overwrite,,,
size_sweep,6x3,tf_self,10019,10.000001907348633,0.0,190.0000467300415,overwrite,,,
size_sweep,6x3,tf_self,10020,54.64999771118164,0.235,145.350004196167,overwrite,,,
size_sweep,6x3,tf_self,10021,77.45000457763672,0.355,122.54997539520264,overwrite,,,
size_sweep,6x3,tf_self,10022,62.25,0.275,137.74997234344482,overwrite,,,
size_sweep,6x3,tf_self,10023,10.000001907348633,0.0,190.00001049041748,overwrite,,,
size_sweep,6x3,tf_self,10024,152.5,0.75,47.49998092651367,overwrite,,,
size_sweep,6x3,tf_self,10025,94.55000305175781,0.445,105.44997882843018,overwrite,,,
size_sweep,6x3,tf_self,10026,64.1500015258789,0.285,135.84997272491455,overwrite,,,
size_sweep,6x3,tf_self,10027,74.5999984741211,0.34,125.40006923675537,overwrite,,,
size_sweep,6x3,tf_self,10028,65.0999984741211,0.29,134.8999729156494,overwrite,,,
size_sweep,6x3,tf_self,10029,103.10000610351562,0.49,96.89998054504395,overwrite,,,
size_sweep,6x3,tf_self,10030,127.80000305175781,0.62,72.19998550415039,overwrite,,,
size_sweep,6x3,tf_self,10031,75.55000305175781,0.345,124.45003509521484,overwrite,,,
size_sweep,6x3,tf_self,10032,126.85000610351562,0.615,73.14998531341553,overwrite,,,
size_sweep,6x3,tf_self,10033,26.14999771118164,0.085,173.85012435913086,overwrite,,,
size_sweep,6x3,tf_self,10034,59.39999771118164,0.26,140.60000228881836,overwrite,,,
size_sweep,6x3,tf_self,10035,67.0,0.3,132.99997329711914,overwrite,,,
size_sweep,6x3,tf_self,10036,103.10000610351562,0.49,96.90001773834229,overwrite,,,
size_sweep,6x3,tf_self,10037,135.39999389648438,0.66,64.5999870300293,overwrite,,,
size_sweep,6x3,tf_self,10038,102.15000915527344,0.485,97.84998035430908,overwrite,,,
size_sweep,6x3,tf_self,10039,82.20000457763672,0.38,117.79997634887695,overwrite,,,
size_sweep,6x3,tf_self,10040,48.0,0.2,152.00003910064697,overwrite,,,
size_sweep,6x3,tf_self,10041,10.000001907348633,0.0,190.00006294250488,overwrite,,,
size_sweep,6x3,tf_self,10042,139.20001220703125,0.68,60.79998779296875,overwrite,,,
size_sweep,6x3,tf_self,10043,115.45001220703125,0.555,84.55005645751953,overwrite,,,
size_sweep,6x3,tf_self,10044,59.400001525878906,0.26,140.59997177124023,overwrite,,,
size_sweep,6x3,tf_self,10045,10.000001907348633,0.0,189.99996185302734,overwrite,,,
size_sweep,6x3,tf_self,10046,44.19999694824219,0.18,155.79996871948242,overwrite,,,
size_sweep,6x3,tf_self,10047,15.69999885559082,0.03,184.3000726699829,overwrite,,,
size_sweep,6x3,tf_self,10048,64.14999389648438,0.285,135.84997272491455,overwrite,,,
size_sweep,6x3,optimal,9999,200.0,1.0,0.0,overwrite,,,
size_sweep,6x3,optimal,10000,200.0,1.0,0.0,overwrite,,,
size_sweep,6x3,optimal,10001,200.0,1.0,0.0,overwrite,,,
size_sweep,6x3,optimal,10002,200.0,1.0,0.0,overwrite,,,
size_sweep,6x3,optimal,10003,200.0,1.0,0.0,overwrite,,,
size_sweep,6x3,optimal,10004,200.0,1.0,0.0,overwrite,,,
size_sweep,6x3,optimal,10005,200.0,1.0,0.0,overwrite,,,
size_sweep,6x3,optimal,10006,200.0,1.0,0.0,overwrite,,,
size_sweep,6x3,optimal,10007,200.0,1.0,0.0,overwrite,,,
size_sweep,6x3,optimal,10008,200.0,1.0,0.0,overwrite,,,
size_sweep,6x3,optimal,10009,200.0,1.0,0.0,overwrite,,,
size_sweep,6x3,optimal,10010,200.0,1.0,0.0,overwrite,,,
size_sweep,6x3,optimal,10011,200.0,1.0,0.0,overwrite,,,
size_sweep,6x3,optimal,10012,200.0,1.0,0.0,overwrite,,,
size_sweep,6x3,optimal,10013,200.0,1.0,0.0,overwrite,,,
size_sweep,6x3,optimal,10014,200.0,1.0,0.0,overwrite,,,
size_sweep,6x3,optimal,10015,200.0,1.0,0.0,overwrite,,,
size_sweep,6x3,optimal,10016,200.0,1.0,0.0,overwrite,,,
size_sweep,6x3,optimal,10017,200.0,1.0,0.0,overwrite,,,
size_sweep,6x3,optimal,10018,200.0,1.0,0.0,overwrite,,,
size_sweep,6x3,optimal,10019,200.0,1.0,0.0,overwrite,,,
size_sweep,6x3,optimal,10020,200.0,1.0,0.0,overwrite,,,
size_sweep,6x3,optimal,10021,200.0,1.0,0.0,overwrite,,,
size_sweep,6x3,optimal,10022,200.0,1.0,0.0,overwrite,,,
size_sweep,6x3,optimal,10023,200.0,1.0,0.0,overwrite,,,
size_sweep,6x3,optimal,10024,200.0,1.0,0.0,overwrite,,,
size_sweep,6x3,optimal,10025,200.0,1.0,0.0,overwrite,,,
size_sweep,6x3,optimal,10026,200.0,1.0,0.0,overwrite,,,
size_sweep,6x3,optimal,10027,200.0,1.0,0.0,overwrite,,,
size_sweep,6x3,optimal,10028,200.0,1.0,0.0,overwrite,,,
size_sweep,6x3,optimal,10029,200.0,1.0,0.0,overwrite,,,
size_sweep,6x3,optimal,10030,200.0,1.0,0.0,overwrite,,,
size_sweep,6x3,optimal,10031,200.0,1.0,0.0,overwrite,,,
size_sweep,6x3,optimal,10032,200.0,1.0,0.0,overwrite,,,
size_sweep,6x3,optimal,10033,200.0,1.0,0.0,overwrite,,,
size_sweep,6x3,optimal,10034,200.0,1.0,0.0,overwrite,,,
size_sweep,6x3,optimal,10035,200.0,1.0,0.0,overwrite,,,
size_sweep,6x3,optimal,10036,200.0,1.0,0.0,overwrite,,,
size_sweep,6x3,optimal,10037,200.0,1.0,0.0,overwrite,,,
size_sweep,6x3,optimal,10038,200.0,1.0,0.0,overwrite,,,
size_sweep,6x3,optimal,10039,200.0,1.0,0.0,overwrite,,,
size_sweep,6x3,optimal,10040,200.0,1.0,0.0,overwrite,,,
size_sweep,6x3,optimal,10041,200.0,1.0,0.0,overwrite,,,
size_sweep,6x3,optimal,10042,200.0,1.0,0.0,overwrite,,,
size_sweep,6x3,optimal,10043,200.0,1.0,0.0,overwrite,,,
size_sweep,6x3,optimal,10044,200.0,1.0,0.0,overwrite,,,
size_sweep,6x3,optimal,10045,200.0,1.0,0.0,overwrite,,,
size_sweep,6x3,optimal,10046,200.0,1.0,0.0,overwrite,,,
size_sweep,6x3,optimal,10047,200.0,1.0,0.0,overwrite,,,
size_sweep,6x3,optimal,10048,200.0,1.0,0.0,overwrite,,,
size_sweep,6x3,random,9999,78.4000015258789,0.36,121.5999755859375,overwrite,,,
size_sweep,6x3,random,10000,74.60000610351562,0.34,125.3999891281128,overwrite,,,
size_sweep,6x3,random,10001,73.6500015258789,0.335,126.34997463226318,overwrite,,,
size_sweep,6x3,random,10002,76.5,0.35,123.5000057220459,overwrite,,,
size_sweep,6x3,random,10003,68.89999389648438,0.31,131.09997367858887,overwrite,,,
size_sweep,6x3,random,10004,77.45000457763672,0.355,122.54997539520264,overwrite,,,
size_sweep,6x3,random,10005,67.94999694824219,0.305,132.0500202178955,overwrite,,,
size_sweep,6x3,random,10006,71.75,0.325,128.24997425079346,overwrite,,,
size_sweep,6x3,random,10007,59.39999771118164,0.26,140.59997177124023,overwrite,,,
size_sweep,6x3,random,10008,84.10000610351562,0.39,115.89997673034668,overwrite,,,
size_sweep,6x3,random,10009,86.95001220703125,0.405,113.04997730255127,overwrite,,,
size_sweep,6x3,random,10010,69.8499984741211,0.315,130.15003776550293,overwrite,,,
size_sweep,6x3,random,10011,77.44999694824219,0.355,122.55000305175781,overwrite,,,
size_sweep,6x3,random,10012,58.44999694824219,0.255,141.55009174346924,overwrite,,,
size_sweep,6x3,random,10013,69.8499984741211,0.315,130.14997386932373,overwrite,,,
size_sweep,6x3,random,10014,80.30000305175781,0.37,119.69997596740723,overwrite,,,
size_sweep,6x3,random,10015,75.54999542236328,0.345,124.44997501373291,overwrite,,,
size_sweep,6x3,random,10016,69.85000610351562,0.315,130.1500482559204,overwrite,,,
size_sweep,6x3,random,10017,65.0999984741211,0.29,134.8999729156494,overwrite,,,
size_sweep,6x3,random,10018,76.5,0.35,123.49997520446777,overwrite,,,
size_sweep,6x3,random,10019,72.70000457763672,0.33,127.30000305175781,overwrite,,,
size_sweep,6x3,random,10020,73.6500015258789,0.335,126.34999370574951,overwrite,,,
size_sweep,6x3,random,10021,73.64999389648438,0.335,126.34997463226318,overwrite,,,
size_sweep,6x3,random,10022,71.75,0.325,128.24997425079346,overwrite,,,
size_sweep,6x3,random,10023,80.30000305175781,0.37,119.7000036239624,overwrite,,,
size_sweep,6x3,random,10024,72.70000457763672,0.33,127.3000135421753,overwrite,,,
size_sweep,6x3,random,10025,77.45000457763672,0.355,122.54997539520264,overwrite,,,
size_sweep,6x3,random,10026,73.6500015258789,0.335,126.34997463226318,overwrite,,,
size_sweep,6x3,random,10027,70.80000305175781,0.32,129.20004081726074,overwrite,,,
size_sweep,6x3,random,10028,66.05000305175781,0.295,133.94997310638428,overwrite,,,
size_sweep,6x3,random,10029,67.0,0.3,132.99997329711914,overwrite,,,
size_sweep,6x3,random,10030,67.0,0.3,132.99999618530273,overwrite,,,
size_sweep,6x3,random,10031,61.29999542236328,0.27,138.70001792907715,overwrite,,,
size_sweep,6x3,random,10032,86.0,0.4,113.9999771118164,overwrite,,,
size_sweep,6x3,random,10033,78.4000015258789,0.36,121.60005760192871,overwrite,,,
size_sweep,6x3,random,10034,67.0,0.3,133.0000514984131,overwrite,,,
size_sweep,6x3,random,10035,86.0,0.4,113.9999771118164,overwrite,,,
size_sweep,6x3,random,10036,83.15000915527344,0.385,116.8500280380249,overwrite,,,
size_sweep,6x3,random,10037,68.89999389648438,0.31,131.0999870300293,overwrite,,,
size_sweep,6x3,random,10038,76.5,0.35,123.50000667572021,overwrite,,,
size_sweep,6x3,random,10039,71.75,0.325,128.24997425079346,overwrite,,,
size_sweep,6x3,random,10040,70.79999542236328,0.32,129.2000207901001,overwrite,,,
size_sweep,6x3,random,10041,74.5999984741211,0.34,125.40003871917725,overwrite,,,
size_sweep,6x3,random,10042,85.04999542236328,0.395,114.94997692108154,overwrite,,,
size_sweep,6x3,random,10043,73.6500015258789,0.335,126.35004329681396,overwrite,,,
size_sweep,6x3,random,10044,76.5,0.35,123.49997520446777,overwrite,,,
size_sweep,6x3,random,10045,72.69999694824219,0.33,127.29997444152832,overwrite,,,
size_sweep,6x3,random,10046,73.65000915527344,0.335,126.34997463226318,overwrite,,,
size_sweep,6x3,random,10047,65.0999984741211,0.29,134.90002155303955,overwrite,,,
size_sweep,6x3,random,10048,77.44999694824219,0.355,122.54997539520264,overwrite,,,
size_sweep_teacher_forced,6x3,tf,9999,,,,overwrite,0.86,0.48,0.54
size_sweep_teacher_forced,6x3,tf,10000,,,,overwrite,0.94,0.46,0.48
size_sweep_teacher_forced,6x3,tf,10001,,,,overwrite,0.88,0.4,0.38
size_sweep_teacher_forced,6x3,tf,10002,,,,overwrite,0.96,0.42,0.42
size_sweep_teacher_forced,6x3,tf,10003,,,,overwrite,0.84,0.44,0.46
size_sweep_teacher_forced,6x3,tf,10004,,,,overwrite,0.9,0.62,0.66
size_sweep_teacher_forced,6x3,tf,10005,,,,overwrite,0.9,0.42,0.46
size_sweep_teacher_forced,6x3,tf,10006,,,,overwrite,0.94,0.5,0.5
size_sweep_teacher_forced,6x3,tf,10007,,,,overwrite,0.9,0.46,0.48
size_sweep_teacher_forced,6x3,tf,10008,,,,overwrite,0.94,0.38,0.32
size_sweep_teacher_forced,6x3,tf,10009,,,,overwrite,0.92,0.42,0.48
size_sweep_teacher_forced,6x3,tf,10010,,,,overwrite,0.88,0.3,0.36
size_sweep_teacher_forced,6x3,tf,10011,,,,overwrite,0.9,0.3,0.28
size_sweep_teacher_forced,6x3,tf,10012,,,,overwrite,0.86,0.6,0.66
size_sweep_teacher_forced,6x3,tf,10013,,,,overwrite,0.92,0.44,0.42
size_sweep_teacher_forced,6x3,tf,10014,,,,overwrite,0.9,0.52,0.52
size_sweep_teacher_forced,6x3,tf,10015,,,,overwrite,0.9,0.14,0.16
size_sweep_teacher_forced,6x3,tf,10016,,,,overwrite,0.92,0.28,0.32
size_sweep_teacher_forced,6x3,tf,10017,,,,overwrite,0.88,0.44,0.46
size_sweep_teacher_forced,6x3,tf,10018,,,,overwrite,0.86,0.68,0.64
size_sweep_teacher_forced,6x3,tf,10019,,,,overwrite,0.9,0.16,0.22
size_sweep_teacher_forced,6x3,tf,10020,,,,overwrite,0.96,0.24,0.22
size_sweep_teacher_forced,6x3,tf,10021,,,,overwrite,0.92,0.38,0.38
size_sweep_teacher_forced,6x3,tf,10022,,,,overwrite,0.92,0.66,0.62
size_sweep_teacher_forced,6x3,tf,10023,,,,overwrite,0.82,0.6,0.6
size_sweep_teacher_forced,6x3,tf,10024,,,,overwrite,0.9,0.04,0.06
size_sweep_teacher_forced,6x3,tf,10025,,,,overwrite,0.92,0.0,0.06
size_sweep_teacher_forced,6x3,tf,10026,,,,overwrite,0.92,0.38,0.38
size_sweep_teacher_forced,6x3,tf,10027,,,,overwrite,0.94,0.4,0.4
size_sweep_teacher_forced,6x3,tf,10028,,,,overwrite,0.96,0.04,0.0
size_sweep_teacher_forced,6x3,tf,10029,,,,overwrite,0.9,0.54,0.56
size_sweep_teacher_forced,6x3,tf,10030,,,,overwrite,0.9,0.54,0.54
size_sweep_teacher_forced,6x3,tf,10031,,,,overwrite,0.94,0.08,0.08
size_sweep_teacher_forced,6x3,tf,10032,,,,overwrite,0.92,0.34,0.36
size_sweep_teacher_forced,6x3,tf,10033,,,,overwrite,0.9,0.7,0.7
size_sweep_teacher_forced,6x3,tf,10034,,,,overwrite,0.9,0.18,0.18
size_sweep_teacher_forced,6x3,tf,10035,,,,overwrite,0.88,0.18,0.2
size_sweep_teacher_forced,6x3,tf,10036,,,,overwrite,0.88,0.54,0.6
size_sweep_teacher_forced,6x3,tf,10037,,,,overwrite,0.9,0.16,0.16
size_sweep_teacher_forced,6x3,tf,10038,,,,overwrite,0.9,0.36,0.36
size_sweep_teacher_forced,6x3,tf,10039,,,,overwrite,0.96,0.64,0.68
size_sweep_teacher_forced,6x3,tf,10040,,,,overwrite,0.9,0.48,0.46
size_sweep_teacher_forced,6x3,tf,10041,,,,overwrite,0.94,0.42,0.44
size_sweep_teacher_forced,6x3,tf,10042,,,,overwrite,0.92,0.42,0.44
size_sweep_teacher_forced,6x3,tf,10043,,,,overwrite,0.96,0.1,0.1
size_sweep_teacher_forced,6x3,tf,10044,,,,overwrite,0.92,0.2,0.26
size_sweep_teacher_forced,6x3,tf,10045,,,,overwrite,0.92,0.06,0.04
size_sweep_teacher_forced,6x3,tf,10046,,,,overwrite,0.92,0.22,0.26
size_sweep_teacher_forced,6x3,tf,10047,,,,overwrite,0.86,0.54,0.54
size_sweep_teacher_forced,6x3,tf,10048,,,,overwrite,0.92,0.84,0.9
size_sweep,6x4,tf_legacy,9999,29.94999885559082,0.105,170.050030708313,overwrite,,,
size_sweep,6x4,tf_legacy,10000,86.94999694824219,0.405,113.04997730255127,overwrite,,,
size_sweep,6x4,tf_legacy,10001,160.10000610351562,0.79,39.89999198913574,overwrite,,,
size_sweep,6x4,tf_legacy,10002,35.64999771118164,0.135,164.35005950927734,overwrite,,,
size_sweep,6x4,tf_legacy,10003,53.69999694824219,0.23,146.30006790161133,overwrite,,,
size_sweep,6x4,tf_legacy,10004,26.149995803833008,0.085,173.84996509552002,overwrite,,,
size_sweep,6x4,tf_legacy,10005,34.69999694824219,0.13,165.30012893676758,overwrite,,,
size_sweep,6x4,tf_legacy,10006,38.5,0.15,161.5,overwrite,,,
size_sweep,6x4,tf_legacy,10007,112.60000610351562,0.54,87.3999891281128,overwrite,,,
size_sweep,6x4,tf_legacy,10008,59.39999771118164,0.26,140.6000165939331,overwrite,,,
size_sweep,6x4,tf_legacy,10009,33.75,0.125,166.24996662139893,overwrite,,,
size_sweep,6x4,tf_legacy,10010,56.55000305175781,0.245,143.45005416870117,overwrite,,,
size_sweep,6x4,tf_legacy,10011,69.8499984741211,0.315,130.14997386932373,overwrite,,,
size_sweep,6x4,tf_legacy,10012,37.55000305175781,0.145,162.44996738433838,overwrite,,,
size_sweep,6x4,tf_legacy,10013,47.99999237060547,0.2,151.99999713897705,overwrite,,,
size_sweep,6x4,tf_legacy,10014,61.29999923706055,0.27,138.69997596740723,overwrite,,,
size_sweep,6x4,tf_legacy,10015,38.499996185302734,0.15,161.49996757507324,overwrite,,,
size_sweep,6x4,tf_legacy,10016,88.85000610351562,0.415,111.15004444122314,overwrite,,,
size_sweep,6x4,tf_legacy,10017,81.25,0.375,118.75007820129395,overwrite,,,
size_sweep,6x4,tf_legacy,10018,23.299997329711914,0.07,176.69996452331543,overwrite,,,
size_sweep,6x4,tf_legacy,10019,33.75,0.125,166.2500057220459,overwrite,,,
size_sweep,6x4,tf_legacy,10020,71.75,0.325,128.25002670288086,overwrite,,,
size_sweep,6x4,tf_legacy,10021,83.1500015258789,0.385,116.84997653961182,overwrite,,,
size_sweep,6x4,tf_legacy,10022,41.349998474121094,0.165,158.6500186920166,overwrite,,,
size_sweep,6x4,tf_legacy,10023,10.000001907348633,0.0,189.9999761581421,overwrite,,,
size_sweep,6x4,tf_legacy,10024,60.349998474121094,0.265,139.65002822875977,overwrite,,,
size_sweep,6x4,tf_legacy,10025,69.8499984741211,0.315,130.15002059936523,overwrite,,,
size_sweep,6x4,tf_legacy,10026,72.69999694824219,0.33,127.29997444152832,overwrite,,,
size_sweep,6x4,tf_legacy,10027,38.5,0.15,161.5000410079956,overwrite,,,
size_sweep,6x4,tf_legacy,10028,18.549999237060547,0.045,181.45001888275146,overwrite,,,
size_sweep,6x4,tf_legacy,10029,71.75,0.325,128.24999523162842,overwrite,,,
size_sweep,6x4,tf_legacy,10030,95.5,0.45,104.50000953674316,overwrite,,,
size_sweep,6x4,tf_legacy,10031,57.5,0.25,142.4999713897705,overwrite,,,
size_sweep,6x4,tf_legacy,10032,67.95000457763672,0.305,132.04998397827148,overwrite,,,
size_sweep,6x4,tf_legacy,10033,95.5,0.45,104.50000953674316,overwrite,,,
size_sweep,6x4,tf_legacy,10034,67.94999694824219,0.305,132.0499782562256,overwrite,,,
size_sweep,6x4,tf_legacy,10035,79.35000610351562,0.365,120.65001106262207,overwrite,,,
size_sweep,6x4,tf_legacy,10036,76.50000762939453,0.35,123.49997520446777,overwrite,,,
size_sweep,6x4,tf_legacy,10037,76.5,0.35,123.50001811981201,overwrite,,,
size_sweep,6x4,tf_legacy,10038,28.04999542236328,0.095,171.94996547698975,overwrite,,,
size_sweep,6x4,tf_legacy,10039,67.94999694824219,0.305,132.05005550384521,overwrite,,,
size_sweep,6x4,tf_legacy,10040,97.40000915527344,0.46,102.59997940063477,overwrite,,,
size_sweep,6x4,tf_legacy,10041,115.45000457763672,0.555,84.55005836486816,overwrite,,,
size_sweep,6x4,tf_legacy,10042,46.099998474121094,0.19,153.8999719619751,overwrite,,,
size_sweep,6x4,tf_legacy,10043,113.55000305175781,0.545,86.44998264312744,overwrite,,,
size_sweep,6x4,tf_legacy,10044,57.499996185302734,0.25,142.4999713897705,overwrite,,,
size_sweep,6x4,tf_legacy,10045,41.349998474121094,0.165,158.64996814727783,overwrite,,,
size_sweep,6x4,tf_legacy,10046,66.05000305175781,0.295,133.94999885559082,overwrite,,,
size_sweep,6x4,tf_legacy,10047,119.25,0.575,80.74998378753662,overwrite,,,
size_sweep,6x4,tf_legacy,10048,48.94999694824219,0.205,151.04996967315674,overwrite,,,
size_sweep,6x4,tf_self,9999,33.749996185302734,0.125,166.25012683868408,overwrite,,,
size_sweep,6x4,tf_self,10000,24.25,0.075,175.7499647140503,overwrite,,,
size_sweep,6x4,tf_self,10001,179.10000610351562,0.89,20.899995803833008,overwrite,,,
size_sweep,6x4,tf_self,10002,67.94999694824219,0.305,132.05008125305176,overwrite,,,
size_sweep,6x4,tf_self,10003,75.54999542236328,0.345,124.45007038116455,overwrite,,,
size_sweep,6x4,tf_self,10004,46.099998474121094,0.19,153.89996910095215,overwrite,,,
size_sweep,6x4,tf_self,10005,44.20000457763672,0.18,155.8001070022583,overwrite,,,
size_sweep,6x4,tf_self,10006,123.05000305175781,0.595,76.95001125335693,overwrite,,,
size_sweep,6x4,tf_self,10007,88.85000610351562,0.415,111.15004825592041,overwrite,,,
size_sweep,6x4,tf_self,10008,35.64999771118164,0.135,164.35002517700195,overwrite,,,
size_sweep,6x4,tf_self,10009,86.95000457763672,0.405,113.04997730255127,overwrite,,,
size_sweep,6x4,tf_self,10010,39.45000076293945,0.155,160.55005264282227,overwrite,,,
size_sweep,6x4,tf_self,10011,59.39999771118164,0.26,140.6000623703003,overwrite,,,
size_sweep,6x4,tf_self,10012,77.44999694824219,0.355,122.54997539520264,overwrite,,,
size_sweep,6x4,tf_self,10013,49.899993896484375,0.21,150.0999698638916,overwrite,,,
size_sweep,6x4,tf_self,10014,107.85000610351562,0.515,92.15000629425049,overwrite,,,
size_sweep,6x4,tf_self,10015,90.75,0.425,109.24997806549072,overwrite,,,
size_sweep,6x4,tf_self,10016,28.999996185302734,0.1,171.00006675720215,overwrite,,,
size_sweep,6x4,tf_self,10017,31.849998474121094,0.115,168.15009880065918,overwrite,,,
size_sweep,6x4,tf_self,10018,67.0,0.3,132.99997329711914,overwrite,,,
size_sweep,6x4,tf_self,10019,67.94999694824219,0.305,132.049973487854,overwrite,,,
size_sweep,6x4,tf_self,10020,137.30001831054688,0.67,62.70003795623779,overwrite,,,
size_sweep,6x4,tf_self,10021,30.899995803833008,0.11,169.09996604919434,overwrite,,,
size_sweep,6x4,tf_self,10022,123.05000305175781,0.595,76.94997978210449,overwrite,,,
size_sweep,6x4,tf_self,10023,10.000001907348633,0.0,189.99999809265137,overwrite,,,
size_sweep,6x4,tf_self,10024,111.64999389648438,0.535,88.35000133514404,overwrite,,,
size_sweep,6x4,tf_self,10025,26.150001525878906,0.085,173.8500452041626,overwrite,,,
size_sweep,6x4,tf_self,10026,86.94999694824219,0.405,113.04997730255127,overwrite,,,
size_sweep,6x4,tf_self,10027,74.59999084472656,0.34,125.40002727508545,overwrite,,,
size_sweep,6x4,tf_self,10028,100.25,0.475,99.75003433227539,overwrite,,,
size_sweep,6x4,tf_self,10029,50.849998474121094,0.215,149.15004444122314,overwrite,,,
size_sweep,6x4,tf_self,10030,10.000001907348633,0.0,190.00007152557373,overwrite,,,
size_sweep,6x4,tf_self,10031,31.849998474121094,0.115,168.1499662399292,overwrite,,,
size_sweep,6x4,tf_self,10032,51.79999542236328,0.22,148.19997024536133,overwrite,,,
size_sweep,6x4,tf_self,10033,17.600000381469727,0.04,182.39996719360352,overwrite,,,
size_sweep,6x4,tf_self,10034,104.05001068115234,0.495,95.95001029968262,overwrite,,,
size_sweep,6x4,tf_self,10035,76.5,0.35,123.4999771118164,overwrite,,,
size_sweep,6x4,tf_self,10036,34.69999694824219,0.13,165.2999668121338,overwrite,,,
size_sweep,6x4,tf_self,10037,96.45000457763672,0.455,103.5499963760376,overwrite,,,
size_sweep,6x4,tf_self,10038,97.4000015258789,0.46,102.59997940063477,overwrite,,,
size_sweep,6x4,tf_self,10039,40.39999771118164,0.16,159.60006618499756,overwrite,,,
size_sweep,6x4,tf_self,10040,10.000001907348633,0.0,189.99996185302734,overwrite,,,
size_sweep,6x4,tf_self,10041,10.000001907348633,0.0,190.00009441375732,overwrite,,,
size_sweep,6x4,tf_self,10042,59.39999771118164,0.26,140.59999084472656,overwrite,,,
size_sweep,6x4,tf_self,10043,33.75,0.125,166.24999904632568,overwrite,,,
size_sweep,6x4,tf_self,10044,109.75,0.525,90.24998188018799,overwrite,,,
size_sweep,6x4,tf_self,10045,24.249998092651367,0.075,175.7499647140503,overwrite,,,
size_sweep,6x4,tf_self,10046,67.0,0.3,132.99999523162842,overwrite,,,
size_sweep,6x4,tf_self,10047,67.0,0.3,132.99997329711914,overwrite,,,
size_sweep,6x4,tf_self,10048,122.10001373291016,0.59,77.89998435974121,overwrite,,,
size_sweep,6x4,optimal,9999,200.0,1.0,0.0,overwrite,,,
size_sweep,6x4,optimal,10000,200.0,1.0,0.0,overwrite,,,
size_sweep,6x4,optimal,10001,200.0,1.0,0.0,overwrite,,,
size_sweep,6x4,optimal,10002,200.0,1.0,0.0,overwrite,,,
size_sweep,6x4,optimal,10003,200.0,1.0,0.0,overwrite,,,
size_sweep,6x4,optimal,10004,200.0,1.0,0.0,overwrite,,,
size_sweep,6x4,optimal,10005,200.0,1.0,0.0,overwrite,,,
size_sweep,6x4,optimal,10006,200.0,1.0,0.0,overwrite,,,
size_sweep,6x4,optimal,10007,200.0,1.0,0.0,overwrite,,,
size_sweep,6x4,optimal,10008,200.0,1.0,0.0,overwrite,,,
size_sweep,6x4,optimal,10009,200.0,1.0,0.0,overwrite,,,
size_sweep,6x4,optimal,10010,200.0,1.0,0.0,overwrite,,,
size_sweep,6x4,optimal,10011,200.0,1.0,0.0,overwrite,,,
size_sweep,6x4,optimal,10012,200.0,1.0,0.0,overwrite,,,
size_sweep,6x4,optimal,10013,200.0,1.0,0.0,overwrite,,,
size_sweep,6x4,optimal,10014,200.0,1.0,0.0,overwrite,,,
size_sweep,6x4,optimal,10015,200.0,1.0,0.0,overwrite,,,
size_sweep,6x4,optimal,10016,200.0,1.0,0.0,overwrite,,,
size_sweep,6x4,optimal,10017,200.0,1.0,0.0,overwrite,,,
size_sweep,6x4,optimal,10018,200.0,1.0,0.0,overwrite,,,
size_sweep,6x4,optimal,10019,200.0,1.0,0.0,overwrite,,,
size_sweep,6x4,optimal,10020,200.0,1.0,0.0,overwrite,,,
size_sweep,6x4,optimal,10021,200.0,1.0,0.0,overwrite,,,
size_sweep,6x4,optimal,10022,200.0,1.0,0.0,overwrite,,,
size_sweep,6x4,optimal,10023,200.0,1.0,0.0,overwrite,,,
size_sweep,6x4,optimal,10024,200.0,1.0,0.0,overwrite,,,
size_sweep,6x4,optimal,10025,200.0,1.0,0.0,overwrite,,,
size_sweep,6x4,optimal,10026,200.0,1.0,0.0,overwrite,,,
size_sweep,6x4,optimal,10027,200.0,1.0,0.0,overwrite,,,
size_sweep,6x4,optimal,10028,200.0,1.0,0.0,overwrite,,,
size_sweep,6x4,optimal,10029,200.0,1.0,0.0,overwrite,,,
size_sweep,6x4,optimal,10030,200.0,1.0,0.0,overwrite,,,
size_sweep,6x4,optimal,10031,200.0,1.0,0.0,overwrite,,,
size_sweep,6x4,optimal,10032,200.0,1.0,0.0,overwrite,,,
size_sweep,6x4,optimal,10033,200.0,1.0,0.0,overwrite,,,
size_sweep,6x4,optimal,10034,200.0,1.0,0.0,overwrite,,,
size_sweep,6x4,optimal,10035,200.0,1.0,0.0,overwrite,,,
size_sweep,6x4,optimal,10036,200.0,1.0,0.0,overwrite,,,
size_sweep,6x4,optimal,10037,200.0,1.0,0.0,overwrite,,,
size_sweep,6x4,optimal,10038,200.0,1.0,0.0,overwrite,,,
size_sweep,6x4,optimal,10039,200.0,1.0,0.0,overwrite,,,
size_sweep,6x4,optimal,10040,200.0,1.0,0.0,overwrite,,,
size_sweep,6x4,optimal,10041,200.0,1.0,0.0,overwrite,,,
size_sweep,6x4,optimal,10042,200.0,1.0,0.0,overwrite,,,
size_sweep,6x4,optimal,10043,200.0,1.0,0.0,overwrite,,,
size_sweep,6x4,optimal,10044,200.0,1.0,0.0,overwrite,,,
size_sweep,6x4,optimal,10045,200.0,1.0,0.0,overwrite,,,
size_sweep,6x4,optimal,10046,200.0,1.0,0.0,overwrite,,,
size_sweep,6x4,optimal,10047,200.0,1.0,0.0,overwrite,,,
size_sweep,6x4,optimal,10048,200.0,1.0,0.0,overwrite,,,
size_sweep,6x4,random,9999,51.79999542236328,0.22,148.20004653930664,overwrite,,,
size_sweep,6x4,random,10000,53.69999694824219,0.23,146.29997062683105,overwrite,,,
size_sweep,6x4,random,10001,67.0,0.3,133.00000476837158,overwrite,,,
size_sweep,6x4,random,10002,53.69999694824219,0.23,146.30007553100586,overwrite,,,
size_sweep,6x4,random,10003,52.749996185302734,0.225,147.25004291534424,overwrite,,,
size_sweep,6x4,random,10004,63.19999694824219,0.28,136.7999725341797,overwrite,,,
size_sweep,6x4,random,10005,55.599998474121094,0.24,144.40010833740234,overwrite,,,
size_sweep,6x4,random,10006,60.349998474121094,0.265,139.65003871917725,overwrite,,,
size_sweep,6x4,random,10007,55.599998474121094,0.24,144.40002918243408,overwrite,,,
size_sweep,6x4,random,10008,54.649993896484375,0.235,145.3500156402588,overwrite,,,
size_sweep,6x4,random,10009,65.0999984741211,0.29,134.8999729156494,overwrite,,,
size_sweep,6x4,random,10010,46.099998474121094,0.19,153.90006923675537,overwrite,,,
size_sweep,6x4,random,10011,57.5,0.25,142.50002193450928,overwrite,,,
size_sweep,6x4,random,10012,57.499996185302734,0.25,142.4999713897705,overwrite,,,
size_sweep,6x4,random,10013,57.5,0.25,142.49999237060547,overwrite,,,
size_sweep,6x4,random,10014,65.09999084472656,0.29,134.89997959136963,overwrite,,,
size_sweep,6x4,random,10015,57.5,0.25,142.4999713897705,overwrite,,,
size_sweep,6x4,random,10016,51.79999923706055,0.22,148.20006275177002,overwrite,,,
size_sweep,6x4,random,10017,59.399993896484375,0.26,140.6000680923462,overwrite,,,
size_sweep,6x4,random,10018,58.44999694824219,0.255,141.54997158050537,overwrite,,,
size_sweep,6x4,random,10019,66.05000305175781,0.295,133.9500036239624,overwrite,,,
size_sweep,6x4,random,10020,57.5,0.25,142.50003242492676,overwrite,,,
size_sweep,6x4,random,10021,57.5,0.25,142.4999713897705,overwrite,,,
size_sweep,6x4,random,10022,65.0999984741211,0.29,134.90000915527344,overwrite,,,
size_sweep,6x4,random,10023,59.39999771118164,0.26,140.5999813079834,overwrite,,,
size_sweep,6x4,random,10024,51.79999542236328,0.22,148.20004081726074,overwrite,,,
size_sweep,6x4,random,10025,53.69999694824219,0.23,146.30002689361572,overwrite,,,
size_sweep,6x4,random,10026,54.650001525878906,0.235,145.34997081756592,overwrite,,,
size_sweep,6x4,random,10027,54.650001525878906,0.235,145.35005378723145,overwrite,,,
size_sweep,6x4,random,10028,51.79999923706055,0.22,148.2000150680542,overwrite,,,
size_sweep,6x4,random,10029,59.39999771118164,0.26,140.60001182556152,overwrite,,,
size_sweep,6x4,random,10030,54.649993896484375,0.235,145.35000228881836,overwrite,,,
size_sweep,6x4,random,10031,64.14999389648438,0.285,135.84997272491455,overwrite,,,
size_sweep,6x4,random,10032,49.899993896484375,0.21,150.0999927520752,overwrite,,,
size_sweep,6x4,random,10033,64.14999389648438,0.285,135.85000038146973,overwrite,,,
size_sweep,6x4,random,10034,69.8499984741211,0.315,130.1499843597412,overwrite,,,
size_sweep,6x4,random,10035,61.29999542236328,0.27,138.69999885559082,overwrite,,,
size_sweep,6x4,random,10036,55.599998474121094,0.24,144.39997100830078,overwrite,,,
size_sweep,6x4,random,10037,58.44999694824219,0.255,141.5500144958496,overwrite,,,
size_sweep,6x4,random,10038,61.29999923706055,0.27,138.69997215270996,overwrite,,,
size_sweep,6x4,random,10039,59.400001525878906,0.26,140.60006141662598,overwrite,,,
size_sweep,6x4,random,10040,54.649993896484375,0.235,145.34997081756592,overwrite,,,
size_sweep,6x4,random,10041,67.0,0.3,133.00006484985352,overwrite,,,
size_sweep,6x4,random,10042,54.649993896484375,0.235,145.34998607635498,overwrite,,,
size_sweep,6x4,random,10043,56.54999542236328,0.245,143.45001983642578,overwrite,,,
size_sweep,6x4,random,10044,72.70000457763672,0.33,127.29997444152832,overwrite,,,
size_sweep,6x4,random,10045,56.54999542236328,0.245,143.44997119903564,overwrite,,,
size_sweep,6x4,random,10046,67.0,0.3,132.99999046325684,overwrite,,,
size_sweep,6x4,random,10047,48.94999694824219,0.205,151.04996967315674,overwrite,,,
size_sweep,6x4,random,10048,49.899993896484375,0.21,150.0999698638916,overwrite,,,
size_sweep_teacher_forced,6x4,tf,9999,,,,overwrite,0.86,0.1,0.14
size_sweep_teacher_forced,6x4,tf,10000,,,,overwrite,0.86,0.3,0.34
size_sweep_teacher_forced,6x4,tf,10001,,,,overwrite,0.92,0.12,0.16
size_sweep_teacher_forced,6x4,tf,10002,,,,overwrite,0.9,0.48,0.48
size_sweep_teacher_forced,6x4,tf,10003,,,,overwrite,0.92,0.3,0.34
size_sweep_teacher_forced,6x4,tf,10004,,,,overwrite,0.9,0.06,0.08
size_sweep_teacher_forced,6x4,tf,10005,,,,overwrite,0.88,0.74,0.8
size_sweep_teacher_forced,6x4,tf,10006,,,,overwrite,0.94,0.04,0.04
size_sweep_teacher_forced,6x4,tf,10007,,,,overwrite,0.88,0.06,0.02
size_sweep_teacher_forced,6x4,tf,10008,,,,overwrite,0.94,0.76,0.74
size_sweep_teacher_forced,6x4,tf,10009,,,,overwrite,0.86,0.3,0.34
size_sweep_teacher_forced,6x4,tf,10010,,,,overwrite,0.9,0.0,0.02
size_sweep_teacher_forced,6x4,tf,10011,,,,overwrite,0.86,0.16,0.24
size_sweep_teacher_forced,6x4,tf,10012,,,,overwrite,0.82,0.2,0.3
size_sweep_teacher_forced,6x4,tf,10013,,,,overwrite,0.92,0.28,0.24
size_sweep_teacher_forced,6x4,tf,10014,,,,overwrite,0.86,0.44,0.52
size_sweep_teacher_forced,6x4,tf,10015,,,,overwrite,0.92,0.06,0.04
size_sweep_teacher_forced,6x4,tf,10016,,,,overwrite,0.9,0.16,0.14
size_sweep_teacher_forced,6x4,tf,10017,,,,overwrite,0.86,0.42,0.44
size_sweep_teacher_forced,6x4,tf,10018,,,,overwrite,0.86,0.38,0.42
size_sweep_teacher_forced,6x4,tf,10019,,,,overwrite,0.9,0.28,0.3
size_sweep_teacher_forced,6x4,tf,10020,,,,overwrite,0.9,0.52,0.56
size_sweep_teacher_forced,6x4,tf,10021,,,,overwrite,0.9,0.42,0.42
size_sweep_teacher_forced,6x4,tf,10022,,,,overwrite,0.88,0.06,0.14
size_sweep_teacher_forced,6x4,tf,10023,,,,overwrite,0.82,0.46,0.52
size_sweep_teacher_forced,6x4,tf,10024,,,,overwrite,0.82,0.34,0.32
size_sweep_teacher_forced,6x4,tf,10025,,,,overwrite,0.92,0.5,0.48
size_sweep_teacher_forced,6x4,tf,10026,,,,overwrite,0.88,0.38,0.38
size_sweep_teacher_forced,6x4,tf,10027,,,,overwrite,0.8,0.22,0.2
size_sweep_teacher_forced,6x4,tf,10028,,,,overwrite,0.9,0.02,0.02
size_sweep_teacher_forced,6x4,tf,10029,,,,overwrite,0.9,0.74,0.72
size_sweep_teacher_forced,6x4,tf,10030,,,,overwrite,0.9,0.14,0.22
size_sweep_teacher_forced,6x4,tf,10031,,,,overwrite,0.88,0.28,0.26
size_sweep_teacher_forced,6x4,tf,10032,,,,overwrite,0.88,0.12,0.1
size_sweep_teacher_forced,6x4,tf,10033,,,,overwrite,0.92,0.04,0.06
size_sweep_teacher_forced,6x4,tf,10034,,,,overwrite,0.92,0.28,0.3
size_sweep_teacher_forced,6x4,tf,10035,,,,overwrite,0.84,0.42,0.36
size_sweep_teacher_forced,6x4,tf,10036,,,,overwrite,0.86,0.02,0.04
size_sweep_teacher_forced,6x4,tf,10037,,,,overwrite,0.9,0.58,0.62
size_sweep_teacher_forced,6x4,tf,10038,,,,overwrite,0.92,0.18,0.16
size_sweep_teacher_forced,6x4,tf,10039,,,,overwrite,0.9,0.02,0.02
size_sweep_teacher_forced,6x4,tf,10040,,,,overwrite,0.88,0.34,0.34
size_sweep_teacher_forced,6x4,tf,10041,,,,overwrite,0.92,0.4,0.38
size_sweep_teacher_forced,6x4,tf,10042,,,,overwrite,0.82,0.22,0.26
size_sweep_teacher_forced,6x4,tf,10043,,,,overwrite,0.92,0.18,0.18
size_sweep_teacher_forced,6x4,tf,10044,,,,overwrite,0.92,0.04,0.02
size_sweep_teacher_forced,6x4,tf,10045,,,,overwrite,0.88,0.44,0.48
size_sweep_teacher_forced,6x4,tf,10046,,,,overwrite,0.92,0.32,0.3
size_sweep_teacher_forced,6x4,tf,10047,,,,overwrite,0.86,0.22,0.24
size_sweep_teacher_forced,6x4,tf,10048,,,,overwrite,0.86,0.56,0.56
size_sweep,7x2,tf_legacy,9999,155.35000610351562,0.765,44.64999961853027,overwrite,,,
size_sweep,7x2,tf_legacy,10000,105.0,0.5,95.0000467300415,overwrite,,,
size_sweep,7x2,tf_legacy,10001,139.20001220703125,0.68,60.800010681152344,overwrite,,,
size_sweep,7x2,tf_legacy,10002,148.70001220703125,0.73,51.30002689361572,overwrite,,,
size_sweep,7x2,tf_legacy,10003,80.30000305175781,0.37,119.70003890991211,overwrite,,,
size_sweep,7x2,tf_legacy,10004,105.95000457763672,0.505,94.04999256134033,overwrite,,,
size_sweep,7x2,tf_legacy,10005,52.749996185302734,0.225,147.2499704360962,overwrite,,,
size_sweep,7x2,tf_legacy,10006,113.55001068115234,0.545,86.44998264312744,overwrite,,,
size_sweep,7x2,tf_legacy,10007,168.65000915527344,0.835,31.350013732910156,overwrite,,,
size_sweep,7x2,tf_legacy,10008,77.45000457763672,0.355,122.54997539520264,overwrite,,,
size_sweep,7x2,tf_legacy,10009,154.40000915527344,0.76,45.60003089904785,overwrite,,,
size_sweep,7x2,tf_legacy,10010,140.14999389648438,0.685,59.84998798370361,overwrite,,,
size_sweep,7x2,tf_legacy,10011,80.30000305175781,0.37,119.69999313354492,overwrite,,,
size_sweep,7x2,tf_legacy,10012,118.30000305175781,0.57,81.69998359680176,overwrite,,,
size_sweep,7x2,tf_legacy,10013,132.5500030517578,0.645,67.4499864578247,overwrite,,,
size_sweep,7x2,tf_legacy,10014,131.60000610351562,0.64,68.40005302429199,overwrite,,,
size_sweep,7x2,tf_legacy,10015,136.35000610351562,0.665,63.64999866485596,overwrite,,,
size_sweep,7x2,tf_legacy,10016,169.60000610351562,0.84,30.400022506713867,overwrite,,,
size_sweep,7x2,tf_legacy,10017,93.60000610351562,0.44,106.39999961853027,overwrite,,,
size_sweep,7x2,tf_legacy,10018,99.30000305175781,0.47,100.69997978210449,overwrite,,,
size_sweep,7x2,tf_legacy,10019,61.29999542236328,0.27,138.69997215270996,overwrite,,,
size_sweep,7x2,tf_legacy,10020,78.39999389648438,0.36,121.5999755859375,overwrite,,,
size_sweep,7x2,tf_legacy,10021,124.00001525878906,0.6,76.00004291534424,overwrite,,,
size_sweep,7x2,tf_legacy,10022,165.8000030517578,0.82,34.19999313354492,overwrite,,,
size_sweep,7x2,tf_legacy,10023,124.00000762939453,0.6,75.99998474121094,overwrite,,,
size_sweep,7x2,tf_legacy,10024,92.65000915527344,0.435,107.34997844696045,overwrite,,,
size_sweep,7x2,tf_legacy,10025,188.60000610351562,0.94,11.39999771118164,overwrite,,,
size_sweep,7x2,tf_legacy,10026,124.95000457763672,0.605,75.0499849319458,overwrite,,,
size_sweep,7x2,tf_legacy,10027,79.3499984741211,0.365,120.64997577667236,overwrite,,,
size_sweep,7x2,tf_legacy,10028,46.099998474121094,0.19,153.89996910095215,overwrite,,,
size_sweep,7x2,tf_legacy,10029,115.44999694824219,0.555,84.55006790161133,overwrite,,,
size_sweep,7x2,tf_legacy,10030,92.65000915527344,0.435,107.34997844696045,overwrite,,,
size_sweep,7x2,tf_legacy,10031,127.80000305175781,0.62,72.19998550415039,overwrite,,,
size_sweep,7x2,tf_legacy,10032,167.70001220703125,0.83,32.299997329711914,overwrite,,,
size_sweep,7x2,tf_legacy,10033,135.40000915527344,0.66,64.5999870300293,overwrite,,,
size_sweep,7x2,tf_legacy,10034,145.85000610351562,0.715,54.14998912811279,overwrite,,,
size_sweep,7x2,tf_legacy,10035,162.0,0.8,38.00001811981201,overwrite,,,
size_sweep,7x2,tf_legacy,10036,104.05000305175781,0.495,95.94998073577881,overwrite,,,
size_sweep,7x2,tf_legacy,10037,130.65000915527344,0.635,69.34998607635498,overwrite,,,
size_sweep,7x2,tf_legacy,10038,74.60000610351562,0.34,125.40010070800781,overwrite,,,
size_sweep,7x2,tf_legacy,10039,149.6500244140625,0.735,50.34999084472656,overwrite,,,
size_sweep,7x2,tf_legacy,10040,72.70000457763672,0.33,127.29997444152832,overwrite,,,
size_sweep,7x2,tf_legacy,10041,74.60000610351562,0.34,125.39997482299805,overwrite,,,
size_sweep,7x2,tf_legacy,10042,172.4499969482422,0.855,27.550015449523926,overwrite,,,
size_sweep,7x2,tf_legacy,10043,124.0,0.6,76.00003147125244,overwrite,,,
size_sweep,7x2,tf_legacy,10044,98.35000610351562,0.465,101.64997959136963,overwrite,,,
size_sweep,7x2,tf_legacy,10045,130.65000915527344,0.635,69.35000801086426,overwrite,,,
size_sweep,7x2,tf_legacy,10046,142.0500030517578,0.695,57.94998836517334,overwrite,,,
size_sweep,7x2,tf_legacy,10047,113.55000305175781,0.545,86.44998264312744,overwrite,,,
size_sweep,7x2,tf_legacy,10048,113.55000305175781,0.545,86.44998264312744,overwrite,,,
size_sweep,7x2,tf_self,9999,95.5,0.45,104.4999132156372,overwrite,,,
size_sweep,7x2,tf_self,10000,153.45001220703125,0.755,46.5500373840332,overwrite,,,
size_sweep,7x2,tf_self,10001,100.25,0.475,99.75006580352783,overwrite,,,
size_sweep,7x2,tf_self,10002,120.19999694824219,0.58,79.80002975463867,overwrite,,,
size_sweep,7x2,tf_self,10003,127.80000305175781,0.62,72.20003986358643,overwrite,,,
size_sweep,7x2,tf_self,10004,153.45001220703125,0.755,46.5499906539917,overwrite,,,
size_sweep,7x2,tf_self,10005,77.44999694824219,0.355,122.54997539520264,overwrite,,,
size_sweep,7x2,tf_self,10006,155.35000610351562,0.765,44.649991035461426,overwrite,,,
size_sweep,7x2,tf_self,10007,55.59999465942383,0.24,144.4000425338745,overwrite,,,
size_sweep,7x2,tf_self,10008,89.80000305175781,0.42,110.19997787475586,overwrite,,,
size_sweep,7x2,tf_self,10009,165.8000030517578,0.82,34.19999599456787,overwrite,,,
size_sweep,7x2,tf_self,10010,197.14999389648438,0.985,2.84999942779541,overwrite,,,
size_sweep,7x2,tf_self,10011,77.45000457763672,0.355,122.54997539520264,overwrite,,,
size_sweep,7x2,tf_self,10012,93.60000610351562,0.44,106.39997863769531,overwrite,,,
size_sweep,7x2,tf_self,10013,181.0,0.9,18.999996185302734,overwrite,,,
size_sweep,7x2,tf_self,10014,104.05000305175781,0.495,95.95007705688477,overwrite,,,
size_sweep,7x2,tf_self,10015,96.45000457763672,0.455,103.54998874664307,overwrite,,,
size_sweep,7x2,tf_self,10016,100.25000762939453,0.475,99.75006198883057,overwrite,,,
size_sweep,7x2,tf_self,10017,69.8499984741211,0.315,130.15001010894775,overwrite,,,
size_sweep,7x2,tf_self,10018,95.5,0.45,104.49997901916504,overwrite,,,
size_sweep,7x2,tf_self,10019,30.89999771118164,0.11,169.09996604919434,overwrite,,,
size_sweep,7x2,tf_self,10020,130.65000915527344,0.635,69.34998607635498,overwrite,,,
size_sweep,7x2,tf_self,10021,122.10000610351562,0.59,77.90002822875977,overwrite,,,
size_sweep,7x2,tf_self,10022,101.20000457763672,0.48,98.79998016357422,overwrite,,,
size_sweep,7x2,tf_self,10023,120.20000457763672,0.58,79.79998397827148,overwrite,,,
size_sweep,7x2,tf_self,10024,91.69999694824219,0.43,108.29997825622559,overwrite,,,
size_sweep,7x2,tf_self,10025,83.15000915527344,0.385,116.85000419616699,overwrite,,,
size_sweep,7x2,tf_self,10026,175.3000030517578,0.87,24.699995040893555,overwrite,,,
size_sweep,7x2,tf_self,10027,79.3499984741211,0.365,120.64997577667236,overwrite,,,
size_sweep,7x2,tf_self,10028,151.55001831054688,0.745,48.44999027252197,overwrite,,,
size_sweep,7x2,tf_self,10029,106.9000015258789,0.51,93.1000747680664,overwrite,,,
size_sweep,7x2,tf_self,10030,148.70001220703125,0.73,51.29998970031738,overwrite,,,
size_sweep,7x2,tf_self,10031,143.95001220703125,0.705,56.049988746643066,overwrite,,,
size_sweep,7x2,tf_self,10032,146.8000030517578,0.72,53.199989318847656,overwrite,,,
size_sweep,7x2,tf_self,10033,127.80000305175781,0.62,72.19998550415039,overwrite,,,
size_sweep,7x2,tf_self,10034,106.90000915527344,0.51,93.0999813079834,overwrite,,,
size_sweep,7x2,tf_self,10035,162.95001220703125,0.805,37.05001163482666,overwrite,,,
size_sweep,7x2,tf_self,10036,85.05000305175781,0.395,114.94997692108154,overwrite,,,
size_sweep,7x2,tf_self,10037,118.30000305175781,0.57,81.69998359680176,overwrite,,,
size_sweep,7x2,tf_self,10038,168.64999389648438,0.835,31.350025177001953,overwrite,,,
size_sweep,7x2,tf_self,10039,159.14999389648438,0.785,40.85000514984131,overwrite,,,
size_sweep,7x2,tf_self,10040,158.20001220703125,0.78,41.799991607666016,overwrite,,,
size_sweep,7x2,tf_self,10041,100.25,0.475,99.74997997283936,overwrite,,,
size_sweep,7x2,tf_self,10042,116.40000915527344,0.56,83.60001754760742,overwrite,,,
size_sweep,7x2,tf_self,10043,108.80000305175781,0.52,91.20001125335693,overwrite,,,
size_sweep,7x2,tf_self,10044,68.9000015258789,0.31,131.09997367858887,overwrite,,,
size_sweep,7x2,tf_self,10045,104.05000305175781,0.495,95.95000457763672,overwrite,,,
size_sweep,7x2,tf_self,10046,156.3000030517578,0.77,43.69999122619629,overwrite,,,
size_sweep,7x2,tf_self,10047,116.40000915527344,0.56,83.59998321533203,overwrite,,,
size_sweep,7x2,tf_self,10048,73.6500015258789,0.335,126.34997463226318,overwrite,,,
size_sweep,7x2,optimal,9999,200.0,1.0,0.0,overwrite,,,
size_sweep,7x2,optimal,10000,200.0,1.0,0.0,overwrite,,,
size_sweep,7x2,optimal,10001,200.0,1.0,0.0,overwrite,,,
size_sweep,7x2,optimal,10002,200.0,1.0,0.0,overwrite,,,
size_sweep,7x2,optimal,10003,200.0,1.0,0.0,overwrite,,,
size_sweep,7x2,optimal,10004,200.0,1.0,0.0,overwrite,,,
size_sweep,7x2,optimal,10005,200.0,1.0,0.0,overwrite,,,
size_sweep,7x2,optimal,10006,200.0,1.0,0.0,overwrite,,,
size_sweep,7x2,optimal,10007,200.0,1.0,0.0,overwrite,,,
size_sweep,7x2,optimal,10008,200.0,1.0,0.0,overwrite,,,
size_sweep,7x2,optimal,10009,200.0,1.0,0.0,overwrite,,,
size_sweep,7x2,optimal,10010,200.0,1.0,0.0,overwrite,,,
size_sweep,7x2,optimal,10011,200.0,1.0,0.0,overwrite,,,
size_sweep,7x2,optimal,10012,200.0,1.0,0.0,overwrite,,,
size_sweep,7x2,optimal,10013,200.0,1.0,0.0,overwrite,,,
size_sweep,7x2,optimal,10014,200.0,1.0,0.0,overwrite,,,
size_sweep,7x2,optimal,10015,200.0,1.0,0.0,overwrite,,,
size_sweep,7x2,optimal,10016,200.0,1.0,0.0,overwrite,,,
size_sweep,7x2,optimal,10017,200.0,1.0,0.0,overwrite,,,
size_sweep,7x2,optimal,10018,200.0,1.0,0.0,overwrite,,,
size_sweep,7x2,optimal,10019,200.0,1.0,0.0,overwrite,,,
size_sweep,7x2,optimal,10020,200.0,1.0,0.0,overwrite,,,
size_sweep,7x2,optimal,10021,200.0,1.0,0.0,overwrite,,,
size_sweep,7x2,optimal,10022,200.0,1.0,0.0,overwrite,,,
size_sweep,7x2,optimal,10023,200.0,1.0,0.0,overwrite,,,
size_sweep,7x2,optimal,10024,200.0,1.0,0.0,overwrite,,,
size_sweep,7x2,optimal,10025,200.0,1.0,0.0,overwrite,,,
size_sweep,7x2,optimal,10026,200.0,1.0,0.0,overwrite,,,
size_sweep,7x2,optimal,10027,200.0,1.0,0.0,overwrite,,,
size_sweep,7x2,optimal,10028,200.0,1.0,0.0,overwrite,,,
size_sweep,7x2,optimal,10029,200.0,1.0,0.0,overwrite,,,
size_sweep,7x2,optimal,10030,200.0,1.0,0.0,overwrite,,,
size_sweep,7x2,optimal,10031,200.0,1.0,0.0,overwrite,,,
size_sweep,7x2,optimal,10032,200.0,1.0,0.0,overwrite,,,
size_sweep,7x2,optimal,10033,200.0,1.0,0.0,overwrite,,,
size_sweep,7x2,optimal,10034,200.0,1.0,0.0,overwrite,,,
size_sweep,7x2,optimal,10035,200.0,1.0,0.0,overwrite,,,
size_sweep,7x2,optimal,10036,200.0,1.0,0.0,overwrite,,,
size_sweep,7x2,optimal,10037,200.0,1.0,0.0,overwrite,,,
size_sweep,7x2,optimal,10038,200.0,1.0,0.0,overwrite,,,
size_sweep,7x2,optimal,10039,200.0,1.0,0.0,overwrite,,,
size_sweep,7x2,optimal,10040,200.0,1.0,0.0,overwrite,,,
size_sweep,7x2,optimal,10041,200.0,1.0,0.0,overwrite,,,
size_sweep,7x2,optimal,10042,200.0,1.0,0.0,overwrite,,,
size_sweep,7x2,optimal,10043,200.0,1.0,0.0,overwrite,,,
size_sweep,7x2,optimal,10044,200.0,1.0,0.0,overwrite,,,
size_sweep,7x2,optimal,10045,200.0,1.0,0.0,overwrite,,,
size_sweep,7x2,optimal,10046,200.0,1.0,0.0,overwrite,,,
size_sweep,7x2,optimal,10047,200.0,1.0,0.0,overwrite,,,
size_sweep,7x2,optimal,10048,200.0,1.0,0.0,overwrite,,,
size_sweep,7x2,random,9999,112.60000610351562,0.54,87.3999719619751,overwrite,,,
size_sweep,7x2,random,10000,98.35000610351562,0.465,101.65006351470947,overwrite,,,
size_sweep,7x2,random,10001,99.30000305175781,0.47,100.70005130767822,overwrite,,,
size_sweep,7x2,random,10002,112.60000610351562,0.54,87.40003108978271,overwrite,,,
size_sweep,7x2,random,10003,105.00000762939453,0.5,95.00002861022949,overwrite,,,
size_sweep,7x2,random,10004,111.65000915527344,0.535,88.3499927520752,overwrite,,,
size_sweep,7x2,random,10005,98.35000610351562,0.465,101.64997959136963,overwrite,,,
size_sweep,7x2,random,10006,110.70000457763672,0.53,89.29998207092285,overwrite,,,
size_sweep,7x2,random,10007,110.70000457763672,0.53,89.30001449584961,overwrite,,,
size_sweep,7x2,random,10008,107.85000610351562,0.515,92.14998149871826,overwrite,,,
size_sweep,7x2,random,10009,113.55000305175781,0.545,86.45001125335693,overwrite,,,
size_sweep,7x2,random,10010,113.55000305175781,0.545,86.44998264312744,overwrite,,,
size_sweep,7x2,random,10011,111.65000915527344,0.535,88.34998989105225,overwrite,,,
size_sweep,7x2,random,10012,103.10000610351562,0.49,96.89998054504395,overwrite,,,
size_sweep,7x2,random,10013,112.60000610351562,0.54,87.39998245239258,overwrite,,,
size_sweep,7x2,random,10014,105.95000457763672,0.505,94.05004787445068,overwrite,,,
size_sweep,7x2,random,10015,99.30000305175781,0.47,100.70002841949463,overwrite,,,
size_sweep,7x2,random,10016,104.05000305175781,0.495,95.95004940032959,overwrite,,,
size_sweep,7x2,random,10017,103.10000610351562,0.49,96.89999294281006,overwrite,,,
size_sweep,7x2,random,10018,100.25000762939453,0.475,99.74997997283936,overwrite,,,
size_sweep,7x2,random,10019,101.20000457763672,0.48,98.79998016357422,overwrite,,,
size_sweep,7x2,random,10020,89.80000305175781,0.42,110.19997787475586,overwrite,,,
size_sweep,7x2,random,10021,106.90000915527344,0.51,93.1000452041626,overwrite,,,
size_sweep,7x2,random,10022,90.75,0.425,109.24997806549072,overwrite,,,
size_sweep,7x2,random,10023,105.00000762939453,0.5,94.99998092651367,overwrite,,,
size_sweep,7x2,random,10024,109.75,0.525,90.24998188018799,overwrite,,,
size_sweep,7x2,random,10025,97.40000915527344,0.46,102.59999465942383,overwrite,,,
size_sweep,7x2,random,10026,103.10000610351562,0.49,96.89998054504395,overwrite,,,
size_sweep,7x2,random,10027,102.15000915527344,0.485,97.84998035430908,overwrite,,,
size_sweep,7x2,random,10028,102.15000915527344,0.485,97.84998989105225,overwrite,,,
size_sweep,7x2,random,10029,94.55000305175781,0.445,105.45006656646729,overwrite,,,
size_sweep,7x2,random,10030,98.35000610351562,0.465,101.64997959136963,overwrite,,,
size_sweep,7x2,random,10031,113.55000305175781,0.545,86.44998264312744,overwrite,,,
size_sweep,7x2,random,10032,112.60000610351562,0.54,87.40000534057617,overwrite,,,
size_sweep,7x2,random,10033,107.85000610351562,0.515,92.14998149871826,overwrite,,,
size_sweep,7x2,random,10034,98.35000610351562,0.465,101.64997959136963,overwrite,,,
size_sweep,7x2,random,10035,104.05000305175781,0.495,95.95001029968262,overwrite,,,
size_sweep,7x2,random,10036,118.30000305175781,0.57,81.69998359680176,overwrite,,,
size_sweep,7x2,random,10037,116.40000915527344,0.56,83.59998321533203,overwrite,,,
size_sweep,7x2,random,10038,108.80000305175781,0.52,91.2000732421875,overwrite,,,
size_sweep,7x2,random,10039,114.5,0.55,85.49998760223389,overwrite,,,
size_sweep,7x2,random,10040,105.94999694824219,0.505,94.04998111724854,overwrite,,,
size_sweep,7x2,random,10041,115.45000457763672,0.555,84.54998302459717,overwrite,,,
size_sweep,7x2,random,10042,106.9000015258789,0.51,93.10000514984131,overwrite,,,
size_sweep,7x2,random,10043,104.05000305175781,0.495,95.95004749298096,overwrite,,,
size_sweep,7x2,random,10044,108.80000305175781,0.52,91.19998168945312,overwrite,,,
size_sweep,7x2,random,10045,113.55000305175781,0.545,86.45001029968262,overwrite,,,
size_sweep,7x2,random,10046,112.60000610351562,0.54,87.39998245239258,overwrite,,,
size_sweep,7x2,random,10047,117.35000610351562,0.565,82.6499834060669,overwrite,,,
size_sweep,7x2,random,10048,111.65000915527344,0.535,88.34998226165771,overwrite,,,
size_sweep_teacher_forced,7x2,tf,9999,,,,overwrite,0.94,0.78,0.76
size_sweep_teacher_forced,7x2,tf,10000,,,,overwrite,0.92,0.38,0.42
size_sweep_teacher_forced,7x2,tf,10001,,,,overwrite,0.92,0.44,0.48
size_sweep_teacher_forced,7x2,tf,10002,,,,overwrite,0.94,0.22,0.2
size_sweep_teacher_forced,7x2,tf,10003,,,,overwrite,0.92,0.5,0.46
size_sweep_teacher_forced,7x2,tf,10004,,,,overwrite,0.94,0.34,0.36
size_sweep_teacher_forced,7x2,tf,10005,,,,overwrite,0.94,0.4,0.34
size_sweep_teacher_forced,7x2,tf,10006,,,,overwrite,0.9,0.76,0.82
size_sweep_teacher_forced,7x2,tf,10007,,,,overwrite,0.88,0.72,0.72
size_sweep_teacher_forced,7x2,tf,10008,,,,overwrite,0.9,0.66,0.6
size_sweep_teacher_forced,7x2,tf,10009,,,,overwrite,0.92,0.5,0.46
size_sweep_teacher_forced,7x2,tf,10010,,,,overwrite,0.92,0.5,0.46
size_sweep_teacher_forced,7x2,tf,10011,,,,overwrite,0.92,0.54,0.5
size_sweep_teacher_forced,7x2,tf,10012,,,,overwrite,0.94,0.48,0.46
size_sweep_teacher_forced,7x2,tf,10013,,,,overwrite,0.88,0.38,0.42
size_sweep_teacher_forced,7x2,tf,10014,,,,overwrite,0.98,0.52,0.54
size_sweep_teacher_forced,7x2,tf,10015,,,,overwrite,0.94,0.34,0.36
size_sweep_teacher_forced,7x2,tf,10016,,,,overwrite,0.94,0.5,0.44
size_sweep_teacher_forced,7x2,tf,10017,,,,overwrite,0.92,0.76,0.8
size_sweep_teacher_forced,7x2,tf,10018,,,,overwrite,0.88,0.7,0.7
size_sweep_teacher_forced,7x2,tf,10019,,,,overwrite,0.96,0.5,0.5
size_sweep_teacher_forced,7x2,tf,10020,,,,overwrite,0.88,0.6,0.6
size_sweep_teacher_forced,7x2,tf,10021,,,,overwrite,0.94,0.6,0.62
size_sweep_teacher_forced,7x2,tf,10022,,,,overwrite,0.84,0.58,0.62
size_sweep_teacher_forced,7x2,tf,10023,,,,overwrite,0.9,0.3,0.32
size_sweep_teacher_forced,7x2,tf,10024,,,,overwrite,0.88,0.34,0.34
size_sweep_teacher_forced,7x2,tf,10025,,,,overwrite,0.94,0.52,0.5
size_sweep_teacher_forced,7x2,tf,10026,,,,overwrite,0.9,0.92,0.9
size_sweep_teacher_forced,7x2,tf,10027,,,,overwrite,0.9,0.6,0.66
size_sweep_teacher_forced,7x2,tf,10028,,,,overwrite,0.96,0.54,0.54
size_sweep_teacher_forced,7x2,tf,10029,,,,overwrite,0.96,0.68,0.68
size_sweep_teacher_forced,7x2,tf,10030,,,,overwrite,0.9,0.7,0.72
size_sweep_teacher_forced,7x2,tf,10031,,,,overwrite,0.94,0.56,0.54
size_sweep_teacher_forced,7x2,tf,10032,,,,overwrite,0.92,0.7,0.74
size_sweep_teacher_forced,7x2,tf,10033,,,,overwrite,0.88,0.7,0.74
size_sweep_teacher_forced,7x2,tf,10034,,,,overwrite,0.94,0.48,0.46
size_sweep_teacher_forced,7x2,tf,10035,,,,overwrite,0.9,0.8,0.82
size_sweep_teacher_forced,7x2,tf,10036,,,,overwrite,0.92,0.7,0.78
size_sweep_teacher_forced,7x2,tf,10037,,,,overwrite,0.9,0.66,0.6
size_sweep_teacher_forced,7x2,tf,10038,,,,overwrite,0.94,0.84,0.82
size_sweep_teacher_forced,7x2,tf,10039,,,,overwrite,0.92,0.62,0.58
size_sweep_teacher_forced,7x2,tf,10040,,,,overwrite,0.96,0.66,0.66
size_sweep_teacher_forced,7x2,tf,10041,,,,overwrite,0.86,0.36,0.38
size_sweep_teacher_forced,7x2,tf,10042,,,,overwrite,0.96,0.36,0.32
size_sweep_teacher_forced,7x2,tf,10043,,,,overwrite,0.92,0.26,0.3
size_sweep_teacher_forced,7x2,tf,10044,,,,overwrite,0.9,0.08,0.1
size_sweep_teacher_forced,7x2,tf,10045,,,,overwrite,0.9,0.32,0.3
size_sweep_teacher_forced,7x2,tf,10046,,,,overwrite,0.92,0.36,0.36
size_sweep_teacher_forced,7x2,tf,10047,,,,overwrite,0.9,0.5,0.52
size_sweep_teacher_forced,7x2,tf,10048,,,,overwrite,0.9,0.66,0.68
size_sweep,7x3,tf_legacy,9999,115.45000457763672,0.555,84.55003929138184,overwrite,,,
size_sweep,7x3,tf_legacy,10000,68.9000015258789,0.31,131.1000213623047,overwrite,,,
size_sweep,7x3,tf_legacy,10001,148.70001220703125,0.73,51.29998970031738,overwrite,,,
size_sweep,7x3,tf_legacy,10002,64.15000915527344,0.285,135.85001754760742,overwrite,,,
size_sweep,7x3,tf_legacy,10003,82.19999694824219,0.38,117.80005645751953,overwrite,,,
size_sweep,7x3,tf_legacy,10004,126.85000610351562,0.615,73.14998531341553,overwrite,,,
size_sweep,7x3,tf_legacy,10005,53.69999694824219,0.23,146.30010223388672,overwrite,,,
size_sweep,7x3,tf_legacy,10006,67.94999694824219,0.305,132.0500144958496,overwrite,,,
size_sweep,7x3,tf_legacy,10007,117.35000610351562,0.565,82.6499834060669,overwrite,,,
size_sweep,7x3,tf_legacy,10008,27.100000381469727,0.09,172.90002059936523,overwrite,,,
size_sweep,7x3,tf_legacy,10009,85.05000305175781,0.395,114.94997692108154,overwrite,,,
size_sweep,7x3,tf_legacy,10010,74.60000610351562,0.34,125.39997482299805,overwrite,,,
size_sweep,7x3,tf_legacy,10011,92.65000915527344,0.435,107.34997844696045,overwrite,,,
size_sweep,7x3,tf_legacy,10012,67.94999694824219,0.305,132.0500030517578,overwrite,,,
size_sweep,7x3,tf_legacy,10013,78.40000915527344,0.36,121.5999755859375,overwrite,,,
size_sweep,7x3,tf_legacy,10014,99.30000305175781,0.47,100.69997978210449,overwrite,,,
size_sweep,7x3,tf_legacy,10015,125.9000015258789,0.61,74.09998512268066,overwrite,,,
size_sweep,7x3,tf_legacy,10016,109.75,0.525,90.24998188018799,overwrite,,,
size_sweep,7x3,tf_legacy,10017,86.0,0.4,113.9999771118164,overwrite,,,
size_sweep,7x3,tf_legacy,10018,59.400001525878906,0.26,140.59997177124023,overwrite,,,
size_sweep,7x3,tf_legacy,10019,54.64999771118164,0.235,145.34997081756592,overwrite,,,
size_sweep,7x3,tf_legacy,10020,108.80001068115234,0.52,91.19998168945312,overwrite,,,
size_sweep,7x3,tf_legacy,10021,112.60000610351562,0.54,87.39998245239258,overwrite,,,
size_sweep,7x3,tf_legacy,10022,86.95000457763672,0.405,113.05000972747803,overwrite,,,
size_sweep,7x3,tf_legacy,10023,94.55000305175781,0.445,105.4500846862793,overwrite,,,
size_sweep,7x3,tf_legacy,10024,156.30001831054688,0.77,43.69999694824219,overwrite,,,
size_sweep,7x3,tf_legacy,10025,91.70000457763672,0.43,108.30003070831299,overwrite,,,
size_sweep,7x3,tf_legacy,10026,155.35000610351562,0.765,44.649991035461426,overwrite,,,
size_sweep,7x3,tf_legacy,10027,92.65000915527344,0.435,107.35000228881836,overwrite,,,
size_sweep,7x3,tf_legacy,10028,87.90000915527344,0.41,112.10003089904785,overwrite,,,
size_sweep,7x3,tf_legacy,10029,82.20000457763672,0.38,117.8000431060791,overwrite,,,
size_sweep,7x3,tf_legacy,10030,96.44999694824219,0.455,103.5499792098999,overwrite,,,
size_sweep,7x3,tf_legacy,10031,88.85001373291016,0.415,111.15001487731934,overwrite,,,
size_sweep,7x3,tf_legacy,10032,51.79999542236328,0.22,148.19997024536133,overwrite,,,
size_sweep,7x3,tf_legacy,10033,48.0,0.2,152.00001907348633,overwrite,,,
size_sweep,7x3,tf_legacy,10034,80.30000305175781,0.37,119.69997596740723,overwrite,,,
size_sweep,7x3,tf_legacy,10035,128.75,0.625,71.2499942779541,overwrite,,,
size_sweep,7x3,tf_legacy,10036,123.05000305175781,0.595,76.94998455047607,overwrite,,,
size_sweep,7x3,tf_legacy,10037,106.9000015258789,0.51,93.10001182556152,overwrite,,,
size_sweep,7x3,tf_legacy,10038,110.70000457763672,0.53,89.29998207092285,overwrite,,,
size_sweep,7x3,tf_legacy,10039,96.45000457763672,0.455,103.5499792098999,overwrite,,,
size_sweep,7x3,tf_legacy,10040,105.00000762939453,0.5,94.9999885559082,overwrite,,,
size_sweep,7x3,tf_legacy,10041,68.9000015258789,0.31,131.09997367858887,overwrite,,,
size_sweep,7x3,tf_legacy,10042,125.9000015258789,0.61,74.10000896453857,overwrite,,,
size_sweep,7x3,tf_legacy,10043,67.95000457763672,0.305,132.05009746551514,overwrite,,,
size_sweep,7x3,tf_legacy,10044,88.85000610351562,0.415,111.149977684021,overwrite,,,
size_sweep,7x3,tf_legacy,10045,104.05000305175781,0.495,95.94998073577881,overwrite,,,
size_sweep,7x3,tf_legacy,10046,105.0,0.5,94.99998092651367,overwrite,,,
size_sweep,7x3,tf_legacy,10047,65.0999984741211,0.29,134.8999729156494,overwrite,,,
size_sweep,7x3,tf_legacy,10048,103.10000610351562,0.49,96.89999961853027,overwrite,,,
size_sweep,7x3,tf_self,9999,88.85000610351562,0.415,111.15006351470947,overwrite,,,
size_sweep,7x3,tf_self,10000,34.69999694824219,0.13,165.29998588562012,overwrite,,,
size_sweep,7x3,tf_self,10001,124.95001220703125,0.605,75.0499849319458,overwrite,,,
size_sweep,7x3,tf_self,10002,46.099998474121094,0.19,153.89998531341553,overwrite,,,
size_sweep,7x3,tf_self,10003,120.19999694824219,0.58,79.80005168914795,overwrite,,,
size_sweep,7x3,tf_self,10004,67.0,0.3,132.99997329711914,overwrite,,,
size_sweep,7x3,tf_self,10005,55.599998474121094,0.24,144.4001054763794,overwrite,,,
size_sweep,7x3,tf_self,10006,10.000001907348633,0.0,190.0000820159912,overwrite,,,
size_sweep,7x3,tf_self,10007,86.95000457763672,0.405,113.04997730255127,overwrite,,,
size_sweep,7x3,tf_self,10008,64.14999389648438,0.285,135.8500270843506,overwrite,,,
size_sweep,7x3,tf_self,10009,66.05000305175781,0.295,133.94997310638428,overwrite,,,
size_sweep,7x3,tf_self,10010,38.499996185302734,0.15,161.49996757507324,overwrite,,,
size_sweep,7x3,tf_self,10011,126.85000610351562,0.615,73.15002536773682,overwrite,,,
size_sweep,7x3,tf_self,10012,98.35000610351562,0.465,101.64997959136963,overwrite,,,
size_sweep,7x3,tf_self,10013,59.399993896484375,0.26,140.59997177124023,overwrite,,,
size_sweep,7x3,tf_self,10014,91.70001220703125,0.43,108.29997825622559,overwrite,,,
size_sweep,7x3,tf_self,10015,100.25,0.475,99.74997997283936,overwrite,,,
size_sweep,7x3,tf_self,10016,84.10000610351562,0.39,115.89997673034668,overwrite,,,
size_sweep,7x3,tf_self,10017,77.45000457763672,0.355,122.54997539520264,overwrite,,,
size_sweep,7x3,tf_self,10018,29.949995040893555,0.105,170.04996585845947,overwrite,,,
size_sweep,7x3,tf_self,10019,83.15000915527344,0.385,116.84997653961182,overwrite,,,
size_sweep,7x3,tf_self,10020,48.0,0.2,151.99996948242188,overwrite,,,
size_sweep,7x3,tf_self,10021,36.59999465942383,0.14,163.39996719360352,overwrite,,,
size_sweep,7x3,tf_self,10022,86.0,0.4,113.9999771118164,overwrite,,,
size_sweep,7x3,tf_self,10023,86.0,0.4,114.00009155273438,overwrite,,,
size_sweep,7x3,tf_self,10024,133.50001525878906,0.65,66.49998664855957,overwrite,,,
size_sweep,7x3,tf_self,10025,47.04999542236328,0.195,152.95012283325195,overwrite,,,
size_sweep,7x3,tf_self,10026,96.45000457763672,0.455,103.5499792098999,overwrite,,,
size_sweep,7x3,tf_self,10027,45.14999771118164,0.185,154.8499994277954,overwrite,,,
size_sweep,7x3,tf_self,10028,121.15000915527344,0.585,78.85001277923584,overwrite,,,
size_sweep,7x3,tf_self,10029,142.0500030517578,0.695,57.950005531311035,overwrite,,,
size_sweep,7x3,tf_self,10030,28.999996185302734,0.1,170.9999656677246,overwrite,,,
size_sweep,7x3,tf_self,10031,120.20000457763672,0.58,79.79998397827148,overwrite,,,
size_sweep,7x3,tf_self,10032,18.549999237060547,0.045,181.4499635696411,overwrite,,,
size_sweep,7x3,tf_self,10033,86.94999694824219,0.405,113.04994678497314,overwrite,,,
size_sweep,7x3,tf_self,10034,130.65000915527344,0.635,69.34998607635498,overwrite,,,
size_sweep,7x3,tf_self,10035,60.35000228881836,0.265,139.65002250671387,overwrite,,,
size_sweep,7x3,tf_self,10036,81.25,0.375,118.74997615814209,overwrite,,,
size_sweep,7x3,tf_self,10037,68.89999389648438,0.31,131.10001850128174,overwrite,,,
size_sweep,7x3,tf_self,10038,66.04999542236328,0.295,133.94997310638428,overwrite,,,
size_sweep,7x3,tf_self,10039,62.25,0.275,137.74997234344482,overwrite,,,
size_sweep,7x3,tf_self,10040,95.5,0.45,104.49998664855957,overwrite,,,
size_sweep,7x3,tf_self,10041,160.10000610351562,0.79,39.89999198913574,overwrite,,,
size_sweep,7x3,tf_self,10042,86.0,0.4,114.00001335144043,overwrite,,,
size_sweep,7x3,tf_self,10043,33.75,0.125,166.25009441375732,overwrite,,,
size_sweep,7x3,tf_self,10044,72.70000457763672,0.33,127.29997444152832,overwrite,,,
size_sweep,7x3,tf_self,10045,174.35000610351562,0.865,25.64999485015869,overwrite,,,
size_sweep,7x3,tf_self,10046,32.79999923706055,0.12,167.19996643066406,overwrite,,,
size_sweep,7x3,tf_self,10047,59.399993896484375,0.26,140.59997177124023,overwrite,,,
size_sweep,7x3,tf_self,10048,84.10000610351562,0.39,115.89997673034668,overwrite,,,
size_sweep,7x3,optimal,9999,200.0,1.0,0.0,overwrite,,,
size_sweep,7x3,optimal,10000,200.0,1.0,0.0,overwrite,,,
size_sweep,7x3,optimal,10001,200.0,1.0,0.0,overwrite,,,
size_sweep,7x3,optimal,10002,200.0,1.0,0.0,overwrite,,,
size_sweep,7x3,optimal,10003,200.0,1.0,0.0,overwrite,,,
size_sweep,7x3,optimal,10004,200.0,1.0,0.0,overwrite,,,
size_sweep,7x3,optimal,10005,200.0,1.0,0.0,overwrite,,,
size_sweep,7x3,optimal,10006,200.0,1.0,0.0,overwrite,,,
size_sweep,7x3,optimal,10007,200.0,1.0,0.0,overwrite,,,
size_sweep,7x3,optimal,10008,200.0,1.0,0.0,overwrite,,,
size_sweep,7x3,optimal,10009,200.0,1.0,0.0,overwrite,,,
size_sweep,7x3,optimal,10010,200.0,1.0,0.0,overwrite,,,
size_sweep,7x3,optimal,10011,200.0,1.0,0.0,overwrite,,,
size_sweep,7x3,optimal,10012,200.0,1.0,0.0,overwrite,,,
size_sweep,7x3,optimal,10013,200.0,1.0,0.0,overwrite,,,
size_sweep,7x3,optimal,10014,200.0,1.0,0.0,overwrite,,,
size_sweep,7x3,optimal,10015,200.0,1.0,0.0,overwrite,,,
size_sweep,7x3,optimal,10016,200.0,1.0,0.0,overwrite,,,
size_sweep,7x3,optimal,10017,200.0,1.0,0.0,overwrite,,,
size_sweep,7x3,optimal,10018,200.0,1.0,0.0,overwrite,,,
size_sweep,7x3,optimal,10019,200.0,1.0,0.0,overwrite,,,
size_sweep,7x3,optimal,10020,200.0,1.0,0.0,overwrite,,,
size_sweep,7x3,optimal,10021,200.0,1.0,0.0,overwrite,,,
size_sweep,7x3,optimal,10022,200.0,1.0,0.0,overwrite,,,
size_sweep,7x3,optimal,10023,200.0,1.0,0.0,overwrite,,,
size_sweep,7x3,optimal,10024,200.0,1.0,0.0,overwrite,,,
size_sweep,7x3,optimal,10025,200.0,1.0,0.0,overwrite,,,
size_sweep,7x3,optimal,10026,200.0,1.0,0.0,overwrite,,,
size_sweep,7x3,optimal,10027,200.0,1.0,0.0,overwrite,,,
size_sweep,7x3,optimal,10028,200.0,1.0,0.0,overwrite,,,
size_sweep,7x3,optimal,10029,200.0,1.0,0.0,overwrite,,,
size_sweep,7x3,optimal,10030,200.0,1.0,0.0,overwrite,,,
size_sweep,7x3,optimal,10031,200.0,1.0,0.0,overwrite,,,
size_sweep,7x3,optimal,10032,200.0,1.0,0.0,overwrite,,,
size_sweep,7x3,optimal,10033,200.0,1.0,0.0,overwrite,,,
size_sweep,7x3,optimal,10034,200.0,1.0,0.0,overwrite,,,
size_sweep,7x3,optimal,10035,200.0,1.0,0.0,overwrite,,,
size_sweep,7x3,optimal,10036,200.0,1.0,0.0,overwrite,,,
size_sweep,7x3,optimal,10037,200.0,1.0,0.0,overwrite,,,
size_sweep,7x3,optimal,10038,200.0,1.0,0.0,overwrite,,,
size_sweep,7x3,optimal,10039,200.0,1.0,0.0,overwrite,,,
size_sweep,7x3,optimal,10040,200.0,1.0,0.0,overwrite,,,
size_sweep,7x3,optimal,10041,200.0,1.0,0.0,overwrite,,,
size_sweep,7x3,optimal,10042,200.0,1.0,0.0,overwrite,,,
size_sweep,7x3,optimal,10043,200.0,1.0,0.0,overwrite,,,
size_sweep,7x3,optimal,10044,200.0,1.0,0.0,overwrite,,,
size_sweep,7x3,optimal,10045,200.0,1.0,0.0,overwrite,,,
size_sweep,7x3,optimal,10046,200.0,1.0,0.0,overwrite,,,
size_sweep,7x3,optimal,10047,200.0,1.0,0.0,overwrite,,,
size_sweep,7x3,optimal,10048,200.0,1.0,0.0,overwrite,,,
size_sweep,7x3,random,9999,69.85000610351562,0.315,130.1500482559204,overwrite,,,
size_sweep,7x3,random,10000,71.75,0.325,128.25000476837158,overwrite,,,
size_sweep,7x3,random,10001,85.05000305175781,0.395,114.94997692108154,overwrite,,,
size_sweep,7x3,random,10002,77.45000457763672,0.355,122.55000114440918,overwrite,,,
size_sweep,7x3,random,10003,63.19999694824219,0.28,136.80003929138184,overwrite,,,
size_sweep,7x3,random,10004,65.0999984741211,0.29,134.8999729156494,overwrite,,,
size_sweep,7x3,random,10005,69.8499984741211,0.315,130.15007877349854,overwrite,,,
size_sweep,7x3,random,10006,75.55000305175781,0.345,124.4500207901001,overwrite,,,
size_sweep,7x3,random,10007,80.30000305175781,0.37,119.69997596740723,overwrite,,,
size_sweep,7x3,random,10008,70.80000305175781,0.32,129.2000150680542,overwrite,,,
size_sweep,7x3,random,10009,83.1500015258789,0.385,116.84997653961182,overwrite,,,
size_sweep,7x3,random,10010,59.400001525878906,0.26,140.59997177124023,overwrite,,,
size_sweep,7x3,random,10011,70.79999542236328,0.32,129.20000839233398,overwrite,,,
size_sweep,7x3,random,10012,69.8499984741211,0.315,130.14998531341553,overwrite,,,
size_sweep,7x3,random,10013,69.8499984741211,0.315,130.14997386932373,overwrite,,,
size_sweep,7x3,random,10014,70.79999542236328,0.32,129.1999740600586,overwrite,,,
size_sweep,7x3,random,10015,78.4000015258789,0.36,121.5999755859375,overwrite,,,
size_sweep,7x3,random,10016,67.94999694824219,0.305,132.049973487854,overwrite,,,
size_sweep,7x3,random,10017,69.85000610351562,0.315,130.14998245239258,overwrite,,,
size_sweep,7x3,random,10018,73.6500015258789,0.335,126.34997463226318,overwrite,,,
size_sweep,7x3,random,10019,66.04999542236328,0.295,133.94997310638428,overwrite,,,
size_sweep,7x3,random,10020,73.64999389648438,0.335,126.34997463226318,overwrite,,,
size_sweep,7x3,random,10021,74.5999984741211,0.34,125.39997482299805,overwrite,,,
size_sweep,7x3,random,10022,66.05000305175781,0.295,133.95001316070557,overwrite,,,
size_sweep,7x3,random,10023,64.14999389648438,0.285,135.8500852584839,overwrite,,,
size_sweep,7x3,random,10024,71.75,0.325,128.2500238418579,overwrite,,,
size_sweep,7x3,random,10025,70.80000305175781,0.32,129.20005798339844,overwrite,,,
size_sweep,7x3,random,10026,68.9000015258789,0.31,131.09997367858887,overwrite,,,
size_sweep,7x3,random,10027,74.5999984741211,0.34,125.4000015258789,overwrite,,,
size_sweep,7x3,random,10028,71.75,0.325,128.25004482269287,overwrite,,,
size_sweep,7x3,random,10029,61.29999923706055,0.27,138.7000322341919,overwrite,,,
size_sweep,7x3,random,10030,68.9000015258789,0.31,131.09997367858887,overwrite,,,
size_sweep,7x3,random,10031,79.35000610351562,0.365,120.64998626708984,overwrite,,,
size_sweep,7x3,random,10032,70.80000305175781,0.32,129.1999740600586,overwrite,,,
size_sweep,7x3,random,10033,75.55000305175781,0.345,124.45001411437988,overwrite,,,
size_sweep,7x3,random,10034,73.64999389648438,0.335,126.34997463226318,overwrite,,,
size_sweep,7x3,random,10035,67.94999694824219,0.305,132.0500192642212,overwrite,,,
size_sweep,7x3,random,10036,77.44999694824219,0.355,122.5499792098999,overwrite,,,
size_sweep,7x3,random,10037,73.6500015258789,0.335,126.34999370574951,overwrite,,,
size_sweep,7x3,random,10038,66.04999542236328,0.295,133.94997310638428,overwrite,,,
size_sweep,7x3,random,10039,67.94999694824219,0.305,132.049973487854,overwrite,,,
size_sweep,7x3,random,10040,79.3499984741211,0.365,120.65003108978271,overwrite,,,
size_sweep,7x3,random,10041,80.30000305175781,0.37,119.69997596740723,overwrite,,,
size_sweep,7x3,random,10042,65.0999984741211,0.29,134.9000129699707,overwrite,,,
size_sweep,7x3,random,10043,75.55000305175781,0.345,124.45007228851318,overwrite,,,
size_sweep,7x3,random,10044,72.70000457763672,0.33,127.29997444152832,overwrite,,,
size_sweep,7x3,random,10045,67.0,0.3,132.99997329711914,overwrite,,,
size_sweep,7x3,random,10046,84.10000610351562,0.39,115.89997673034668,overwrite,,,
size_sweep,7x3,random,10047,76.5,0.35,123.49997520446777,overwrite,,,
size_sweep,7x3,random,10048,82.20000457763672,0.38,117.79998970031738,overwrite,,,
size_sweep_teacher_forced,7x3,tf,9999,,,,overwrite,0.82,0.6,0.6
size_sweep_teacher_forced,7x3,tf,10000,,,,overwrite,0.88,0.6,0.62
size_sweep_teacher_forced,7x3,tf,10001,,,,overwrite,0.9,0.0,0.04
size_sweep_teacher_forced,7x3,tf,10002,,,,overwrite,0.92,0.36,0.38
size_sweep_teacher_forced,7x3,tf,10003,,,,overwrite,0.94,0.4,0.42
size_sweep_teacher_forced,7x3,tf,10004,,,,overwrite,0.88,0.32,0.3
size_sweep_teacher_forced,7x3,tf,10005,,,,overwrite,0.9,0.4,0.4
size_sweep_teacher_forced,7x3,tf,10006,,,,overwrite,0.94,0.24,0.28
size_sweep_teacher_forced,7x3,tf,10007,,,,overwrite,0.9,0.16,0.16
size_sweep_teacher_forced,7x3,tf,10008,,,,overwrite,0.92,0.74,0.78
size_sweep_teacher_forced,7x3,tf,10009,,,,overwrite,0.88,0.26,0.26
size_sweep_teacher_forced,7x3,tf,10010,,,,overwrite,0.94,0.34,0.36
size_sweep_teacher_forced,7x3,tf,10011,,,,overwrite,0.88,0.22,0.24
size_sweep_teacher_forced,7x3,tf,10012,,,,overwrite,0.9,0.32,0.34
size_sweep_teacher_forced,7x3,tf,10013,,,,overwrite,0.92,0.22,0.22
size_sweep_teacher_forced,7x3,tf,10014,,,,overwrite,0.9,0.08,0.02
size_sweep_teacher_forced,7x3,tf,10015,,,,overwrite,0.92,0.36,0.38
size_sweep_teacher_forced,7x3,tf,10016,,,,overwrite,0.9,0.52,0.5
size_sweep_teacher_forced,7x3,tf,10017,,,,overwrite,0.88,0.14,0.18
size_sweep_teacher_forced,7x3,tf,10018,,,,overwrite,0.76,0.2,0.26
size_sweep_teacher_forced,7x3,tf,10019,,,,overwrite,0.84,0.38,0.36
size_sweep_teacher_forced,7x3,tf,10020,,,,overwrite,0.92,0.38,0.36
size_sweep_teacher_forced,7x3,tf,10021,,,,overwrite,0.92,0.28,0.3
size_sweep_teacher_forced,7x3,tf,10022,,,,overwrite,0.88,0.34,0.36
size_sweep_teacher_forced,7x3,tf,10023,,,,overwrite,0.9,0.42,0.44
size_sweep_teacher_forced,7x3,tf,10024,,,,overwrite,0.88,0.52,0.58
size_sweep_teacher_forced,7x3,tf,10025,,,,overwrite,0.86,0.48,0.48
size_sweep_teacher_forced,7x3,tf,10026,,,,overwrite,0.9,0.4,0.44
size_sweep_teacher_forced,7x3,tf,10027,,,,overwrite,0.86,0.24,0.14
size_sweep_teacher_forced,7x3,tf,10028,,,,overwrite,0.92,0.5,0.52
size_sweep_teacher_forced,7x3,tf,10029,,,,overwrite,0.9,0.16,0.14
size_sweep_teacher_forced,7x3,tf,10030,,,,overwrite,0.94,0.54,0.52
size_sweep_teacher_forced,7x3,tf,10031,,,,overwrite,0.9,0.66,0.64
size_sweep_teacher_forced,7x3,tf,10032,,,,overwrite,0.86,0.62,0.66
size_sweep_teacher_forced,7x3,tf,10033,,,,overwrite,0.86,0.54,0.52
size_sweep_teacher_forced,7x3,tf,10034,,,,overwrite,0.88,0.3,0.4
size_sweep_teacher_forced,7x3,tf,10035,,,,overwrite,0.92,0.2,0.18
size_sweep_teacher_forced,7x3,tf,10036,,,,overwrite,0.86,0.06,0.04
size_sweep_teacher_forced,7x3,tf,10037,,,,overwrite,0.88,0.52,0.52
size_sweep_teacher_forced,7x3,tf,10038,,,,overwrite,0.94,0.18,0.14
size_sweep_teacher_forced,7x3,tf,10039,,,,overwrite,0.92,0.36,0.36
size_sweep_teacher_forced,7x3,tf,10040,,,,overwrite,0.9,0.26,0.3
size_sweep_teacher_forced,7x3,tf,10041,,,,overwrite,0.94,0.42,0.44
size_sweep_teacher_forced,7x3,tf,10042,,,,overwrite,0.86,0.34,0.4
size_sweep_teacher_forced,7x3,tf,10043,,,,overwrite,0.9,0.38,0.42
size_sweep_teacher_forced,7x3,tf,10044,,,,overwrite,0.88,0.5,0.56
size_sweep_teacher_forced,7x3,tf,10045,,,,overwrite,0.86,0.26,0.28
size_sweep_teacher_forced,7x3,tf,10046,,,,overwrite,0.86,0.24,0.24
size_sweep_teacher_forced,7x3,tf,10047,,,,overwrite,0.86,0.32,0.32
size_sweep_teacher_forced,7x3,tf,10048,,,,overwrite,0.82,0.58,0.58
size_sweep,7x4,tf_legacy,9999,38.499996185302734,0.15,161.5000343322754,overwrite,,,
size_sweep,7x4,tf_legacy,10000,25.200000762939453,0.08,174.79996490478516,overwrite,,,
size_sweep,7x4,tf_legacy,10001,64.14999389648438,0.285,135.84997272491455,overwrite,,,
size_sweep,7x4,tf_legacy,10002,58.45000076293945,0.255,141.55000972747803,overwrite,,,
size_sweep,7x4,tf_legacy,10003,36.599998474121094,0.14,163.3999948501587,overwrite,,,
size_sweep,7x4,tf_legacy,10004,44.19999694824219,0.18,155.8000087738037,overwrite,,,
size_sweep,7x4,tf_legacy,10005,79.3499984741211,0.365,120.65003108978271,overwrite,,,
size_sweep,7x4,tf_legacy,10006,96.45000457763672,0.455,103.5499792098999,overwrite,,,
size_sweep,7x4,tf_legacy,10007,117.3499984741211,0.565,82.65006446838379,overwrite,,,
size_sweep,7x4,tf_legacy,10008,36.59999465942383,0.14,163.39996719360352,overwrite,,,
size_sweep,7x4,tf_legacy,10009,80.30000305175781,0.37,119.69997596740723,overwrite,,,
size_sweep,7x4,tf_legacy,10010,59.39999771118164,0.26,140.60000610351562,overwrite,,,
size_sweep,7x4,tf_legacy,10011,67.94999694824219,0.305,132.05000114440918,overwrite,,,
size_sweep,7x4,tf_legacy,10012,25.199995040893555,0.08,174.80006408691406,overwrite,,,
size_sweep,7x4,tf_legacy,10013,114.5,0.55,85.4999828338623,overwrite,,,
size_sweep,7x4,tf_legacy,10014,47.999996185302734,0.2,151.99996948242188,overwrite,,,
size_sweep,7x4,tf_legacy,10015,38.5,0.15,161.49997997283936,overwrite,,,
size_sweep,7x4,tf_legacy,10016,73.65000915527344,0.335,126.35004138946533,overwrite,,,
size_sweep,7x4,tf_legacy,10017,35.64999771118164,0.135,164.34996700286865,overwrite,,,
size_sweep,7x4,tf_legacy,10018,33.749996185302734,0.125,166.24996662139893,overwrite,,,
size_sweep,7x4,tf_legacy,10019,53.69999694824219,0.23,146.29997062683105,overwrite,,,
size_sweep,7x4,tf_legacy,10020,54.650001525878906,0.235,145.34997081756592,overwrite,,,
size_sweep,7x4,tf_legacy,10021,86.95000457763672,0.405,113.04997730255127,overwrite,,,
size_sweep,7x4,tf_legacy,10022,45.14999771118164,0.185,154.85003089904785,overwrite,,,
size_sweep,7x4,tf_legacy,10023,95.5,0.45,104.50006484985352,overwrite,,,
size_sweep,7x4,tf_legacy,10024,64.1500015258789,0.285,135.85006523132324,overwrite,,,
size_sweep,7x4,tf_legacy,10025,59.39999771118164,0.26,140.59997177124023,overwrite,,,
size_sweep,7x4,tf_legacy,10026,80.30000305175781,0.37,119.69997596740723,overwrite,,,
size_sweep,7x4,tf_legacy,10027,44.20000076293945,0.18,155.79996871948242,overwrite,,,
size_sweep,7x4,tf_legacy,10028,77.44999694824219,0.355,122.55001163482666,overwrite,,,
size_sweep,7x4,tf_legacy,10029,64.1500015258789,0.285,135.84997272491455,overwrite,,,
size_sweep,7x4,tf_legacy,10030,28.049999237060547,0.095,171.9499912261963,overwrite,,,
size_sweep,7x4,tf_legacy,10031,51.79999923706055,0.22,148.20004558563232,overwrite,,,
size_sweep,7x4,tf_legacy,10032,84.10000610351562,0.39,115.9000358581543,overwrite,,,
size_sweep,7x4,tf_legacy,10033,105.95001220703125,0.505,94.04998111724854,overwrite,,,
size_sweep,7x4,tf_legacy,10034,63.20000076293945,0.28,136.7999725341797,overwrite,,,
size_sweep,7x4,tf_legacy,10035,101.20000457763672,0.48,98.80001258850098,overwrite,,,
size_sweep,7x4,tf_legacy,10036,22.349998474121094,0.065,177.64996433258057,overwrite,,,
size_sweep,7x4,tf_legacy,10037,55.599998474121094,0.24,144.39999294281006,overwrite,,,
size_sweep,7x4,tf_legacy,10038,56.54999542236328,0.245,143.45000553131104,overwrite,,,
size_sweep,7x4,tf_legacy,10039,50.849998474121094,0.215,149.1499834060669,overwrite,,,
size_sweep,7x4,tf_legacy,10040,93.5999984741211,0.44,106.39997863769531,overwrite,,,
size_sweep,7x4,tf_legacy,10041,58.45000457763672,0.255,141.54997158050537,overwrite,,,
size_sweep,7x4,tf_legacy,10042,40.39999771118164,0.16,159.59996795654297,overwrite,,,
size_sweep,7x4,tf_legacy,10043,80.30000305175781,0.37,119.69997596740723,overwrite,,,
size_sweep,7x4,tf_legacy,10044,40.399993896484375,0.16,159.59996891021729,overwrite,,,
size_sweep,7x4,tf_legacy,10045,105.00000762939453,0.5,94.99999618530273,overwrite,,,
size_sweep,7x4,tf_legacy,10046,49.899993896484375,0.21,150.0999698638916,overwrite,,,
size_sweep,7x4,tf_legacy,10047,92.65000915527344,0.435,107.34997844696045,overwrite,,,
size_sweep,7x4,tf_legacy,10048,74.5999984741211,0.34,125.39997482299805,overwrite,,,
size_sweep,7x4,tf_self,9999,28.04999542236328,0.095,171.9500503540039,overwrite,,,
size_sweep,7x4,tf_self,10000,25.19999885559082,0.08,174.79996490478516,overwrite,,,
size_sweep,7x4,tf_self,10001,118.30001831054688,0.57,81.69998359680176,overwrite,,,
size_sweep,7x4,tf_self,10002,18.55000114440918,0.045,181.44999313354492,overwrite,,,
size_sweep,7x4,tf_self,10003,93.60000610351562,0.44,106.39997863769531,overwrite,,,
size_sweep,7x4,tf_self,10004,70.80000305175781,0.32,129.20001888275146,overwrite,,,
size_sweep,7x4,tf_self,10005,76.5,0.35,123.5000638961792,overwrite,,,
size_sweep,7x4,tf_self,10006,89.80001068115234,0.42,110.19997787475586,overwrite,,,
size_sweep,7x4,tf_self,10007,31.849994659423828,0.115,168.15007781982422,overwrite,,,
size_sweep,7x4,tf_self,10008,101.20000457763672,0.48,98.79998016357422,overwrite,,,
size_sweep,7x4,tf_self,10009,88.8499984741211,0.415,111.149977684021,overwrite,,,
size_sweep,7x4,tf_self,10010,21.39999771118164,0.06,178.60001754760742,overwrite,,,
size_sweep,7x4,tf_self,10011,10.000001907348633,0.0,190.00000381469727,overwrite,,,
size_sweep,7x4,tf_self,10012,95.50000762939453,0.45,104.5000228881836,overwrite,,,
size_sweep,7x4,tf_self,10013,10.000001907348633,0.0,189.99996185302734,overwrite,,,
size_sweep,7x4,tf_self,10014,26.14999771118164,0.085,173.84996509552002,overwrite,,,
size_sweep,7x4,tf_self,10015,12.85000228881836,0.015,187.14998817443848,overwrite,,,
size_sweep,7x4,tf_self,10016,49.899993896484375,0.21,150.09998226165771,overwrite,,,
size_sweep,7x4,tf_self,10017,10.000001907348633,0.0,189.99996185302734,overwrite,,,
size_sweep,7x4,tf_self,10018,63.19999694824219,0.28,136.7999725341797,overwrite,,,
size_sweep,7x4,tf_self,10019,10.000001907348633,0.0,189.99996185302734,overwrite,,,
size_sweep,7x4,tf_self,10020,135.39999389648438,0.66,64.5999870300293,overwrite,,,
size_sweep,7x4,tf_self,10021,91.70000457763672,0.43,108.29997825622559,overwrite,,,
size_sweep,7x4,tf_self,10022,59.39999771118164,0.26,140.5999937057495,overwrite,,,
size_sweep,7x4,tf_self,10023,34.69999694824219,0.13,165.30005264282227,overwrite,,,
size_sweep,7x4,tf_self,10024,52.75,0.225,147.2500762939453,overwrite,,,
size_sweep,7x4,tf_self,10025,90.75000762939453,0.425,109.24997806549072,overwrite,,,
size_sweep,7x4,tf_self,10026,120.20001220703125,0.58,79.79998397827148,overwrite,,,
size_sweep,7x4,tf_self,10027,106.9000015258789,0.51,93.0999813079834,overwrite,,,
size_sweep,7x4,tf_self,10028,130.65000915527344,0.635,69.35002994537354,overwrite,,,
size_sweep,7x4,tf_self,10029,10.000001907348633,0.0,189.99997997283936,overwrite,,,
size_sweep,7x4,tf_self,10030,10.000001907348633,0.0,189.9999942779541,overwrite,,,
size_sweep,7x4,tf_self,10031,42.29999542236328,0.17,157.70000171661377,overwrite,,,
size_sweep,7x4,tf_self,10032,56.54999542236328,0.245,143.45000743865967,overwrite,,,
size_sweep,7x4,tf_self,10033,102.15000915527344,0.485,97.84998035430908,overwrite,,,
size_sweep,7x4,tf_self,10034,99.30001068115234,0.47,100.69997978210449,overwrite,,,
size_sweep,7x4,tf_self,10035,57.5,0.25,142.50007438659668,overwrite,,,
size_sweep,7x4,tf_self,10036,32.79999542236328,0.12,167.19996643066406,overwrite,,,
size_sweep,7x4,tf_self,10037,101.20000457763672,0.48,98.79998588562012,overwrite,,,
size_sweep,7x4,tf_self,10038,60.34999465942383,0.265,139.649995803833,overwrite,,,
size_sweep,7x4,tf_self,10039,41.349998474121094,0.165,158.6499834060669,overwrite,,,
size_sweep,7x4,tf_self,10040,22.349998474121094,0.065,177.64996433258057,overwrite,,,
size_sweep,7x4,tf_self,10041,132.5500030517578,0.645,67.4499864578247,overwrite,,,
size_sweep,7x4,tf_self,10042,44.19999694824219,0.18,155.79996871948242,overwrite,,,
size_sweep,7x4,tf_self,10043,109.75001525878906,0.525,90.24998188018799,overwrite,,,
size_sweep,7x4,tf_self,10044,86.94999694824219,0.405,113.04997825622559,overwrite,,,
size_sweep,7x4,tf_self,10045,128.75,0.625,71.24998569488525,overwrite,,,
size_sweep,7x4,tf_self,10046,69.85000610351562,0.315,130.14997386932373,overwrite,,,
size_sweep,7x4,tf_self,10047,121.15000915527344,0.585,78.84998416900635,overwrite,,,
size_sweep,7x4,tf_self,10048,104.05000305175781,0.495,95.94998073577881,overwrite,,,
size_sweep,7x4,optimal,9999,200.0,1.0,0.0,overwrite,,,
size_sweep,7x4,optimal,10000,200.0,1.0,0.0,overwrite,,,
size_sweep,7x4,optimal,10001,200.0,1.0,0.0,overwrite,,,
size_sweep,7x4,optimal,10002,200.0,1.0,0.0,overwrite,,,
size_sweep,7x4,optimal,10003,200.0,1.0,0.0,overwrite,,,
size_sweep,7x4,optimal,10004,200.0,1.0,0.0,overwrite,,,
size_sweep,7x4,optimal,10005,200.0,1.0,0.0,overwrite,,,
size_sweep,7x4,optimal,10006,200.0,1.0,0.0,overwrite,,,
size_sweep,7x4,optimal,10007,200.0,1.0,0.0,overwrite,,,
size_sweep,7x4,optimal,10008,200.0,1.0,0.0,overwrite,,,
size_sweep,7x4,optimal,10009,200.0,1.0,0.0,overwrite,,,
size_sweep,7x4,optimal,10010,200.0,1.0,0.0,overwrite,,,
size_sweep,7x4,optimal,10011,200.0,1.0,0.0,overwrite,,,
size_sweep,7x4,optimal,10012,200.0,1.0,0.0,overwrite,,,
size_sweep,7x4,optimal,10013,200.0,1.0,0.0,overwrite,,,
size_sweep,7x4,optimal,10014,200.0,1.0,0.0,overwrite,,,
size_sweep,7x4,optimal,10015,200.0,1.0,0.0,overwrite,,,
size_sweep,7x4,optimal,10016,200.0,1.0,0.0,overwrite,,,
size_sweep,7x4,optimal,10017,200.0,1.0,0.0,overwrite,,,
size_sweep,7x4,optimal,10018,200.0,1.0,0.0,overwrite,,,
size_sweep,7x4,optimal,10019,200.0,1.0,0.0,overwrite,,,
size_sweep,7x4,optimal,10020,200.0,1.0,0.0,overwrite,,,
size_sweep,7x4,optimal,10021,200.0,1.0,0.0,overwrite,,,
size_sweep,7x4,optimal,10022,200.0,1.0,0.0,overwrite,,,
size_sweep,7x4,optimal,10023,200.0,1.0,0.0,overwrite,,,
size_sweep,7x4,optimal,10024,200.0,1.0,0.0,overwrite,,,
size_sweep,7x4,optimal,10025,200.0,1.0,0.0,overwrite,,,
size_sweep,7x4,optimal,10026,200.0,1.0,0.0,overwrite,,,
size_sweep,7x4,optimal,10027,200.0,1.0,0.0,overwrite,,,
size_sweep,7x4,optimal,10028,200.0,1.0,0.0,overwrite,,,
size_sweep,7x4,optimal,10029,200.0,1.0,0.0,overwrite,,,
size_sweep,7x4,optimal,10030,200.0,1.0,0.0,overwrite,,,
size_sweep,7x4,optimal,10031,200.0,1.0,0.0,overwrite,,,
size_sweep,7x4,optimal,10032,200.0,1.0,0.0,overwrite,,,
size_sweep,7x4,optimal,10033,200.0,1.0,0.0,overwrite,,,
size_sweep,7x4,optimal,10034,200.0,1.0,0.0,overwrite,,,
size_sweep,7x4,optimal,10035,200.0,1.0,0.0,overwrite,,,
size_sweep,7x4,optimal,10036,200.0,1.0,0.0,overwrite,,,
size_sweep,7x4,optimal,10037,200.0,1.0,0.0,overwrite,,,
size_sweep,7x4,optimal,10038,200.0,1.0,0.0,overwrite,,,
size_sweep,7x4,optimal,10039,200.0,1.0,0.0,overwrite,,,
size_sweep,7x4,optimal,10040,200.0,1.0,0.0,overwrite,,,
size_sweep,7x4,optimal,10041,200.0,1.0,0.0,overwrite,,,
size_sweep,7x4,optimal,10042,200.0,1.0,0.0,overwrite,,,
size_sweep,7x4,optimal,10043,200.0,1.0,0.0,overwrite,,,
size_sweep,7x4,optimal,10044,200.0,1.0,0.0,overwrite,,,
size_sweep,7x4,optimal,10045,200.0,1.0,0.0,overwrite,,,
size_sweep,7x4,optimal,10046,200.0,1.0,0.0,overwrite,,,
size_sweep,7x4,optimal,10047,200.0,1.0,0.0,overwrite,,,
size_sweep,7x4,optimal,10048,200.0,1.0,0.0,overwrite,,,
size_sweep,7x4,random,9999,58.44999694824219,0.255,141.5500259399414,overwrite,,,
size_sweep,7x4,random,10000,51.79999542236328,0.22,148.19997024536133,overwrite,,,
size_sweep,7x4,random,10001,62.25,0.275,137.74997234344482,overwrite,,,
size_sweep,7x4,random,10002,61.29999542236328,0.27,138.6999921798706,overwrite,,,
size_sweep,7x4,random,10003,66.04999542236328,0.295,133.94999504089355,overwrite,,,
size_sweep,7x4,random,10004,57.5,0.25,142.50000858306885,overwrite,,,
size_sweep,7x4,random,10005,66.05000305175781,0.295,133.95001602172852,overwrite,,,
size_sweep,7x4,random,10006,61.29999923706055,0.27,138.69997215270996,overwrite,,,
size_sweep,7x4,random,10007,59.39999771118164,0.26,140.6000461578369,overwrite,,,
size_sweep,7x4,random,10008,67.0,0.3,132.99997329711914,overwrite,,,
size_sweep,7x4,random,10009,52.75,0.225,147.24998569488525,overwrite,,,
size_sweep,7x4,random,10010,58.44999694824219,0.255,141.54998588562012,overwrite,,,
size_sweep,7x4,random,10011,63.19999694824219,0.28,136.80001258850098,overwrite,,,
size_sweep,7x4,random,10012,63.20000457763672,0.28,136.80005931854248,overwrite,,,
size_sweep,7x4,random,10013,58.45000076293945,0.255,141.54998302459717,overwrite,,,
size_sweep,7x4,random,10014,52.75,0.225,147.2499704360962,overwrite,,,
size_sweep,7x4,random,10015,48.0,0.2,151.99998569488525,overwrite,,,
size_sweep,7x4,random,10016,57.499996185302734,0.25,142.5,overwrite,,,
size_sweep,7x4,random,10017,56.54999542236328,0.245,143.44997119903564,overwrite,,,
size_sweep,7x4,random,10018,62.25,0.275,137.74997234344482,overwrite,,,
size_sweep,7x4,random,10019,53.69999694824219,0.23,146.29997062683105,overwrite,,,
size_sweep,7x4,random,10020,65.0999984741211,0.29,134.8999729156494,overwrite,,,
size_sweep,7x4,random,10021,59.399993896484375,0.26,140.59997177124023,overwrite,,,
size_sweep,7x4,random,10022,63.19999694824219,0.28,136.8000020980835,overwrite,,,
size_sweep,7x4,random,10023,57.5,0.25,142.50003242492676,overwrite,,,
size_sweep,7x4,random,10024,50.84999465942383,0.215,149.1500654220581,overwrite,,,
size_sweep,7x4,random,10025,56.54999542236328,0.245,143.44997119903564,overwrite,,,
size_sweep,7x4,random,10026,60.35000228881836,0.265,139.6499719619751,overwrite,,,
size_sweep,7x4,random,10027,62.25,0.275,137.74997234344482,overwrite,,,
size_sweep,7x4,random,10028,53.70000076293945,0.23,146.300048828125,overwrite,,,
size_sweep,7x4,random,10029,59.399993896484375,0.26,140.59998321533203,overwrite,,,
size_sweep,7x4,random,10030,47.04999542236328,0.195,152.95001220703125,overwrite,,,
size_sweep,7x4,random,10031,64.1500015258789,0.285,135.85005855560303,overwrite,,,
size_sweep,7x4,random,10032,56.54999542236328,0.245,143.45002555847168,overwrite,,,
size_sweep,7x4,random,10033,56.54999923706055,0.245,143.4499864578247,overwrite,,,
size_sweep,7x4,random,10034,63.20000076293945,0.28,136.7999725341797,overwrite,,,
size_sweep,7x4,random,10035,66.05000305175781,0.295,133.95005226135254,overwrite,,,
size_sweep,7x4,random,10036,63.19999694824219,0.28,136.79997539520264,overwrite,,,
size_sweep,7x4,random,10037,45.14999771118164,0.185,154.85002422332764,overwrite,,,
size_sweep,7x4,random,10038,59.39999771118164,0.26,140.5999994277954,overwrite,,,
size_sweep,7x4,random,10039,57.499996185302734,0.25,142.5000114440918,overwrite,,,
size_sweep,7x4,random,10040,52.75,0.225,147.2499704360962,overwrite,,,
size_sweep,7x4,random,10041,66.05000305175781,0.295,133.94997310638428,overwrite,,,
size_sweep,7x4,random,10042,59.400001525878906,0.26,140.59997749328613,overwrite,,,
size_sweep,7x4,random,10043,60.349998474121094,0.265,139.6499719619751,overwrite,,,
size_sweep,7x4,random,10044,57.499996185302734,0.25,142.4999885559082,overwrite,,,
size_sweep,7x4,random,10045,59.400001525878906,0.26,140.59997844696045,overwrite,,,
size_sweep,7x4,random,10046,67.94999694824219,0.305,132.049973487854,overwrite,,,
size_sweep,7x4,random,10047,62.249996185302734,0.275,137.74997234344482,overwrite,,,
size_sweep,7x4,random,10048,49.899993896484375,0.21,150.0999698638916,overwrite,,,
size_sweep_teacher_forced,7x4,tf,9999,,,,overwrite,0.88,0.2,0.2
size_sweep_teacher_forced,7x4,tf,10000,,,,overwrite,0.86,0.24,0.22
size_sweep_teacher_forced,7x4,tf,10001,,,,overwrite,0.9,0.44,0.44
size_sweep_teacher_forced,7x4,tf,10002,,,,overwrite,0.88,0.22,0.28
size_sweep_teacher_forced,7x4,tf,10003,,,,overwrite,0.88,0.3,0.36
size_sweep_teacher_forced,7x4,tf,10004,,,,overwrite,0.9,0.68,0.68
size_sweep_teacher_forced,7x4,tf,10005,,,,overwrite,0.84,0.14,0.12
size_sweep_teacher_forced,7x4,tf,10006,,,,overwrite,0.88,0.26,0.26
size_sweep_teacher_forced,7x4,tf,10007,,,,overwrite,0.8,0.2,0.16
size_sweep_teacher_forced,7x4,tf,10008,,,,overwrite,0.86,0.64,0.7
size_sweep_teacher_forced,7x4,tf,10009,,,,overwrite,0.74,0.46,0.44
size_sweep_teacher_forced,7x4,tf,10010,,,,overwrite,0.82,0.22,0.24
size_sweep_teacher_forced,7x4,tf,10011,,,,overwrite,0.86,0.42,0.5
size_sweep_teacher_forced,7x4,tf,10012,,,,overwrite,0.9,0.54,0.54
size_sweep_teacher_forced,7x4,tf,10013,,,,overwrite,0.8,0.12,0.14
size_sweep_teacher_forced,7x4,tf,10014,,,,overwrite,0.94,0.46,0.5
size_sweep_teacher_forced,7x4,tf,10015,,,,overwrite,0.84,0.26,0.3
size_sweep_teacher_forced,7x4,tf,10016,,,,overwrite,0.9,0.26,0.28
size_sweep_teacher_forced,7x4,tf,10017,,,,overwrite,0.86,0.16,0.22
size_sweep_teacher_forced,7x4,tf,10018,,,,overwrite,0.76,0.38,0.44
size_sweep_teacher_forced,7x4,tf,10019,,,,overwrite,0.96,0.58,0.6
size_sweep_teacher_forced,7x4,tf,10020,,,,overwrite,0.92,0.46,0.44
size_sweep_teacher_forced,7x4,tf,10021,,,,overwrite,0.84,0.52,0.52
size_sweep_teacher_forced,7x4,tf,10022,,,,overwrite,0.84,0.4,0.38
size_sweep_teacher_forced,7x4,tf,10023,,,,overwrite,0.82,0.36,0.4
size_sweep_teacher_forced,7x4,tf,10024,,,,overwrite,0.9,0.46,0.5
size_sweep_teacher_forced,7x4,tf,10025,,,,overwrite,0.88,0.44,0.44
size_sweep_teacher_forced,7x4,tf,10026,,,,overwrite,0.76,0.08,0.08
size_sweep_teacher_forced,7x4,tf,10027,,,,overwrite,0.84,0.32,0.32
size_sweep_teacher_forced,7x4,tf,10028,,,,overwrite,0.84,0.06,0.02
size_sweep_teacher_forced,7x4,tf,10029,,,,overwrite,0.8,0.22,0.22
size_sweep_teacher_forced,7x4,tf,10030,,,,overwrite,0.84,0.5,0.48
size_sweep_teacher_forced,7x4,tf,10031,,,,overwrite,0.8,0.3,0.28
size_sweep_teacher_forced,7x4,tf,10032,,,,overwrite,0.88,0.06,0.04
size_sweep_teacher_forced,7x4,tf,10033,,,,overwrite,0.86,0.38,0.4
size_sweep_teacher_forced,7x4,tf,10034,,,,overwrite,0.9,0.02,0.04
size_sweep_teacher_forced,7x4,tf,10035,,,,overwrite,0.82,0.46,0.52
size_sweep_teacher_forced,7x4,tf,10036,,,,overwrite,0.8,0.2,0.16
size_sweep_teacher_forced,7x4,tf,10037,,,,overwrite,0.82,0.04,0.02
size_sweep_teacher_forced,7x4,tf,10038,,,,overwrite,0.92,0.02,0.0
size_sweep_teacher_forced,7x4,tf,10039,,,,overwrite,0.92,0.18,0.14
size_sweep_teacher_forced,7x4,tf,10040,,,,overwrite,0.8,0.18,0.22
size_sweep_teacher_forced,7x4,tf,10041,,,,overwrite,0.9,0.56,0.52
size_sweep_teacher_forced,7x4,tf,10042,,,,overwrite,0.88,0.26,0.18
size_sweep_teacher_forced,7x4,tf,10043,,,,overwrite,0.82,0.26,0.26
size_sweep_teacher_forced,7x4,tf,10044,,,,overwrite,0.84,0.1,0.02
size_sweep_teacher_forced,7x4,tf,10045,,,,overwrite,0.92,0.08,0.12
size_sweep_teacher_forced,7x4,tf,10046,,,,overwrite,0.86,0.14,0.1
size_sweep_teacher_forced,7x4,tf,10047,,,,overwrite,0.84,0.3,0.3
size_sweep_teacher_forced,7x4,tf,10048,,,,overwrite,0.86,0.64,0.66
size_sweep,8x2,tf_legacy,9999,145.85000610351562,0.715,54.14998912811279,overwrite,,,
size_sweep,8x2,tf_legacy,10000,124.95001220703125,0.605,75.0499849319458,overwrite,,,
size_sweep,8x2,tf_legacy,10001,140.15000915527344,0.685,59.84998798370361,overwrite,,,
size_sweep,8x2,tf_legacy,10002,109.75001525878906,0.525,90.25000667572021,overwrite,,,
size_sweep,8x2,tf_legacy,10003,101.19999694824219,0.48,98.80005359649658,overwrite,,,
size_sweep,8x2,tf_legacy,10004,124.00001525878906,0.6,76.00003337860107,overwrite,,,
size_sweep,8x2,tf_legacy,10005,154.40000915527344,0.76,45.600019454956055,overwrite,,,
size_sweep,8x2,tf_legacy,10006,123.05000305175781,0.595,76.95001983642578,overwrite,,,
size_sweep,8x2,tf_legacy,10007,106.9000015258789,0.51,93.0999813079834,overwrite,,,
size_sweep,8x2,tf_legacy,10008,114.5,0.55,85.50000858306885,overwrite,,,
size_sweep,8x2,tf_legacy,10009,126.85000610351562,0.615,73.14998531341553,overwrite,,,
size_sweep,8x2,tf_legacy,10010,75.55000305175781,0.345,124.45001888275146,overwrite,,,
size_sweep,8x2,tf_legacy,10011,137.3000030517578,0.67,62.69998741149902,overwrite,,,
size_sweep,8x2,tf_legacy,10012,88.85000610351562,0.415,111.15002346038818,overwrite,,,
size_sweep,8x2,tf_legacy,10013,79.3499984741211,0.365,120.64997577667236,overwrite,,,
size_sweep,8x2,tf_legacy,10014,157.25,0.775,42.750030517578125,overwrite,,,
size_sweep,8x2,tf_legacy,10015,70.79999542236328,0.32,129.19997596740723,overwrite,,,
size_sweep,8x2,tf_legacy,10016,105.0,0.5,94.99998092651367,overwrite,,,
size_sweep,8x2,tf_legacy,10017,86.95001220703125,0.405,113.04997730255127,overwrite,,,
size_sweep,8x2,tf_legacy,10018,122.10000610351562,0.59,77.89998435974121,overwrite,,,
size_sweep,8x2,tf_legacy,10019,99.30000305175781,0.47,100.69997978210449,overwrite,,,
size_sweep,8x2,tf_legacy,10020,132.55001831054688,0.645,67.4500036239624,overwrite,,,
size_sweep,8x2,tf_legacy,10021,138.25,0.675,61.75001335144043,overwrite,,,
size_sweep,8x2,tf_legacy,10022,132.5500030517578,0.645,67.44998741149902,overwrite,,,
size_sweep,8x2,tf_legacy,10023,121.15000915527344,0.585,78.85006141662598,overwrite,,,
size_sweep,8x2,tf_legacy,10024,63.19999694824219,0.28,136.7999725341797,overwrite,,,
size_sweep,8x2,tf_legacy,10025,103.10000610351562,0.49,96.89998054504395,overwrite,,,
size_sweep,8x2,tf_legacy,10026,115.45001220703125,0.555,84.5500020980835,overwrite,,,
size_sweep,8x2,tf_legacy,10027,140.1500244140625,0.685,59.84998798370361,overwrite,,,
size_sweep,8x2,tf_legacy,10028,114.5,0.55,85.50001239776611,overwrite,,,
size_sweep,8x2,tf_legacy,10029,124.95001220703125,0.605,75.0499849319458,overwrite,,,
size_sweep,8x2,tf_legacy,10030,117.35000610351562,0.565,82.64998817443848,overwrite,,,
size_sweep,8x2,tf_legacy,10031,149.64999389648438,0.735,50.35001850128174,overwrite,,,
size_sweep,8x2,tf_legacy,10032,129.70001220703125,0.63,70.29998588562012,overwrite,,,
size_sweep,8x2,tf_legacy,10033,132.55001831054688,0.645,67.4499864578247,overwrite,,,
size_sweep,8x2,tf_legacy,10034,118.30000305175781,0.57,81.69998359680176,overwrite,,,
size_sweep,8x2,tf_legacy,10035,90.75,0.425,109.24997806549072,overwrite,,,
size_sweep,8x2,tf_legacy,10036,106.90000915527344,0.51,93.0999813079834,overwrite,,,
size_sweep,8x2,tf_legacy,10037,106.90000915527344,0.51,93.09998512268066,overwrite,,,
size_sweep,8x2,tf_legacy,10038,141.10000610351562,0.69,58.90003490447998,overwrite,,,
size_sweep,8x2,tf_legacy,10039,92.65000915527344,0.435,107.3500862121582,overwrite,,,
size_sweep,8x2,tf_legacy,10040,150.60000610351562,0.74,49.39999008178711,overwrite,,,
size_sweep,8x2,tf_legacy,10041,123.05000305175781,0.595,76.94998931884766,overwrite,,,
size_sweep,8x2,tf_legacy,10042,114.5,0.55,85.4999828338623,overwrite,,,
size_sweep,8x2,tf_legacy,10043,120.20001220703125,0.58,79.79998397827148,overwrite,,,
size_sweep,8x2,tf_legacy,10044,100.25,0.475,99.74997997283936,overwrite,,,
size_sweep,8x2,tf_legacy,10045,155.35000610351562,0.765,44.649991035461426,overwrite,,,
size_sweep,8x2,tf_legacy,10046,95.50000762939453,0.45,104.49997901916504,overwrite,,,
size_sweep,8x2,tf_legacy,10047,110.70000457763672,0.53,89.29998207092285,overwrite,,,
size_sweep,8x2,tf_legacy,10048,49.899993896484375,0.21,150.0999698638916,overwrite,,,
size_sweep,8x2,tf_self,9999,103.10000610351562,0.49,96.89998054504395,overwrite,,,
size_sweep,8x2,tf_self,10000,22.349998474121094,0.065,177.64996433258057,overwrite,,,
size_sweep,8x2,tf_self,10001,119.25,0.575,80.74998378753662,overwrite,,,
size_sweep,8x2,tf_self,10002,149.65000915527344,0.735,50.349989891052246,overwrite,,,
size_sweep,8x2,tf_self,10003,118.30001068115234,0.57,81.70004367828369,overwrite,,,
size_sweep,8x2,tf_self,10004,25.199996948242188,0.08,174.80006408691406,overwrite,,,
size_sweep,8x2,tf_self,10005,196.1999969482422,0.98,3.799999237060547,overwrite,,,
size_sweep,8x2,tf_self,10006,96.44999694824219,0.455,103.55004119873047,overwrite,,,
size_sweep,8x2,tf_self,10007,62.25,0.275,137.74997234344482,overwrite,,,
size_sweep,8x2,tf_self,10008,100.25,0.475,99.75004005432129,overwrite,,,
size_sweep,8x2,tf_self,10009,126.8499984741211,0.615,73.14998531341553,overwrite,,,
size_sweep,8x2,tf_self,10010,91.70000457763672,0.43,108.29999828338623,overwrite,,,
size_sweep,8x2,tf_self,10011,150.60000610351562,0.74,49.39999008178711,overwrite,,,
size_sweep,8x2,tf_self,10012,93.60000610351562,0.44,106.40000820159912,overwrite,,,
size_sweep,8x2,tf_self,10013,110.70001220703125,0.53,89.29998207092285,overwrite,,,
size_sweep,8x2,tf_self,10014,133.5,0.65,66.49994945526123,overwrite,,,
size_sweep,8x2,tf_self,10015,123.05000305175781,0.595,76.94998455047607,overwrite,,,
size_sweep,8x2,tf_self,10016,88.8499984741211,0.415,111.149977684021,overwrite,,,
size_sweep,8x2,tf_self,10017,70.80000305175781,0.32,129.1999740600586,overwrite,,,
size_sweep,8x2,tf_self,10018,113.55001068115234,0.545,86.44998264312744,overwrite,,,
size_sweep,8x2,tf_self,10019,89.80000305175781,0.42,110.19997787475586,overwrite,,,
size_sweep,8x2,tf_self,10020,143.95001220703125,0.705,56.05000877380371,overwrite,,,
size_sweep,8x2,tf_self,10021,69.85000610351562,0.315,130.15003395080566,overwrite,,,
size_sweep,8x2,tf_self,10022,84.10000610351562,0.39,115.89998817443848,overwrite,,,
size_sweep,8x2,tf_self,10023,94.55000305175781,0.445,105.45005893707275,overwrite,,,
size_sweep,8x2,tf_self,10024,77.45000457763672,0.355,122.54997539520264,overwrite,,,
size_sweep,8x2,tf_self,10025,120.20000457763672,0.58,79.79998397827148,overwrite,,,
size_sweep,8x2,tf_self,10026,140.14999389648438,0.685,59.85000801086426,overwrite,,,
size_sweep,8x2,tf_self,10027,100.25,0.475,99.74997997283936,overwrite,,,
size_sweep,8x2,tf_self,10028,102.15000915527344,0.485,97.85002326965332,overwrite,,,
size_sweep,8x2,tf_self,10029,114.5,0.55,85.4999828338623,overwrite,,,
size_sweep,8x2,tf_self,10030,124.00000762939453,0.6,76.00000381469727,overwrite,,,
size_sweep,8x2,tf_self,10031,41.34999084472656,0.165,158.6500415802002,overwrite,,,
size_sweep,8x2,tf_self,10032,95.50000762939453,0.45,104.49997901916504,overwrite,,,
size_sweep,8x2,tf_self,10033,79.3499984741211,0.365,120.64997577667236,overwrite,,,
size_sweep,8x2,tf_self,10034,132.5500030517578,0.645,67.4499864578247,overwrite,,,
size_sweep,8x2,tf_self,10035,119.25000762939453,0.575,80.74998378753662,overwrite,,,
size_sweep,8x2,tf_self,10036,150.60000610351562,0.74,49.39999008178711,overwrite,,,
size_sweep,8x2,tf_self,10037,112.60000610351562,0.54,87.40000534057617,overwrite,,,
size_sweep,8x2,tf_self,10038,95.5,0.45,104.50005912780762,overwrite,,,
size_sweep,8x2,tf_self,10039,123.05000305175781,0.595,76.9500617980957,overwrite,,,
size_sweep,8x2,tf_self,10040,98.35000610351562,0.465,101.64997959136963,overwrite,,,
size_sweep,8x2,tf_self,10041,60.349998474121094,0.265,139.65002632141113,overwrite,,,
size_sweep,8x2,tf_self,10042,98.35000610351562,0.465,101.64997959136963,overwrite,,,
size_sweep,8x2,tf_self,10043,79.3499984741211,0.365,120.64997577667236,overwrite,,,
size_sweep,8x2,tf_self,10044,107.8499984741211,0.515,92.14998149871826,overwrite,,,
size_sweep,8x2,tf_self,10045,56.54999923706055,0.245,143.44997119903564,overwrite,,,
size_sweep,8x2,tf_self,10046,110.70000457763672,0.53,89.29998207092285,overwrite,,,
size_sweep,8x2,tf_self,10047,115.45000457763672,0.555,84.54998302459717,overwrite,,,
size_sweep,8x2,tf_self,10048,103.10000610351562,0.49,96.89998054504395,overwrite,,,
size_sweep,8x2,optimal,9999,200.0,1.0,0.0,overwrite,,,
size_sweep,8x2,optimal,10000,200.0,1.0,0.0,overwrite,,,
size_sweep,8x2,optimal,10001,200.0,1.0,0.0,overwrite,,,
size_sweep,8x2,optimal,10002,200.0,1.0,0.0,overwrite,,,
size_sweep,8x2,optimal,10003,200.0,1.0,0.0,overwrite,,,
size_sweep,8x2,optimal,10004,200.0,1.0,0.0,overwrite,,,
size_sweep,8x2,optimal,10005,200.0,1.0,0.0,overwrite,,,
size_sweep,8x2,optimal,10006,200.0,1.0,0.0,overwrite,,,
size_sweep,8x2,optimal,10007,200.0,1.0,0.0,overwrite,,,
size_sweep,8x2,optimal,10008,200.0,1.0,0.0,overwrite,,,
size_sweep,8x2,optimal,10009,200.0,1.0,0.0,overwrite,,,
size_sweep,8x2,optimal,10010,200.0,1.0,0.0,overwrite,,,
size_sweep,8x2,optimal,10011,200.0,1.0,0.0,overwrite,,,
size_sweep,8x2,optimal,10012,200.0,1.0,0.0,overwrite,,,
size_sweep,8x2,optimal,10013,200.0,1.0,0.0,overwrite,,,
size_sweep,8x2,optimal,10014,200.0,1.0,0.0,overwrite,,,
size_sweep,8x2,optimal,10015,200.0,1.0,0.0,overwrite,,,
size_sweep,8x2,optimal,10016,200.0,1.0,0.0,overwrite,,,
size_sweep,8x2,optimal,10017,200.0,1.0,0.0,overwrite,,,
size_sweep,8x2,optimal,10018,200.0,1.0,0.0,overwrite,,,
size_sweep,8x2,optimal,10019,200.0,1.0,0.0,overwrite,,,
size_sweep,8x2,optimal,10020,200.0,1.0,0.0,overwrite,,,
size_sweep,8x2,optimal,10021,200.0,1.0,0.0,overwrite,,,
size_sweep,8x2,optimal,10022,200.0,1.0,0.0,overwrite,,,
size_sweep,8x2,optimal,10023,200.0,1.0,0.0,overwrite,,,
size_sweep,8x2,optimal,10024,200.0,1.0,0.0,overwrite,,,
size_sweep,8x2,optimal,10025,200.0,1.0,0.0,overwrite,,,
size_sweep,8x2,optimal,10026,200.0,1.0,0.0,overwrite,,,
size_sweep,8x2,optimal,10027,200.0,1.0,0.0,overwrite,,,
size_sweep,8x2,optimal,10028,200.0,1.0,0.0,overwrite,,,
size_sweep,8x2,optimal,10029,200.0,1.0,0.0,overwrite,,,
size_sweep,8x2,optimal,10030,200.0,1.0,0.0,overwrite,,,
size_sweep,8x2,optimal,10031,200.0,1.0,0.0,overwrite,,,
size_sweep,8x2,optimal,10032,200.0,1.0,0.0,overwrite,,,
size_sweep,8x2,optimal,10033,200.0,1.0,0.0,overwrite,,,
size_sweep,8x2,optimal,10034,200.0,1.0,0.0,overwrite,,,
size_sweep,8x2,optimal,10035,200.0,1.0,0.0,overwrite,,,
size_sweep,8x2,optimal,10036,200.0,1.0,0.0,overwrite,,,
size_sweep,8x2,optimal,10037,200.0,1.0,0.0,overwrite,,,
size_sweep,8x2,optimal,10038,200.0,1.0,0.0,overwrite,,,
size_sweep,8x2,optimal,10039,200.0,1.0,0.0,overwrite,,,
size_sweep,8x2,optimal,10040,200.0,1.0,0.0,overwrite,,,
size_sweep,8x2,optimal,10041,200.0,1.0,0.0,overwrite,,,
size_sweep,8x2,optimal,10042,200.0,1.0,0.0,overwrite,,,
size_sweep,8x2,optimal,10043,200.0,1.0,0.0,overwrite,,,
size_sweep,8x2,optimal,10044,200.0,1.0,0.0,overwrite,,,
size_sweep,8x2,optimal,10045,200.0,1.0,0.0,overwrite,,,
size_sweep,8x2,optimal,10046,200.0,1.0,0.0,overwrite,,,
size_sweep,8x2,optimal,10047,200.0,1.0,0.0,overwrite,,,
size_sweep,8x2,optimal,10048,200.0,1.0,0.0,overwrite,,,
size_sweep,8x2,random,9999,107.85000610351562,0.515,92.14998149871826,overwrite,,,
size_sweep,8x2,random,10000,112.60000610351562,0.54,87.39998245239258,overwrite,,,
size_sweep,8x2,random,10001,101.20000457763672,0.48,98.79998016357422,overwrite,,,
size_sweep,8x2,random,10002,103.10000610351562,0.49,96.89999198913574,overwrite,,,
size_sweep,8x2,random,10003,100.25,0.475,99.75006008148193,overwrite,,,
size_sweep,8x2,random,10004,112.60000610351562,0.54,87.40002346038818,overwrite,,,
size_sweep,8x2,random,10005,110.70001220703125,0.53,89.30004215240479,overwrite,,,
size_sweep,8x2,random,10006,106.90000915527344,0.51,93.10003757476807,overwrite,,,
size_sweep,8x2,random,10007,109.75,0.525,90.24998188018799,overwrite,,,
size_sweep,8x2,random,10008,105.0,0.5,95.00001335144043,overwrite,,,
size_sweep,8x2,random,10009,102.1500015258789,0.485,97.84998035430908,overwrite,,,
size_sweep,8x2,random,10010,96.45000457763672,0.455,103.55000686645508,overwrite,,,
size_sweep,8x2,random,10011,87.90000915527344,0.41,112.09997749328613,overwrite,,,
size_sweep,8x2,random,10012,102.1500015258789,0.485,97.85002899169922,overwrite,,,
size_sweep,8x2,random,10013,109.75000762939453,0.525,90.24998188018799,overwrite,,,
size_sweep,8x2,random,10014,91.70000457763672,0.43,108.29998779296875,overwrite,,,
size_sweep,8x2,random,10015,105.95000457763672,0.505,94.04999542236328,overwrite,,,
size_sweep,8x2,random,10016,109.75,0.525,90.2499942779541,overwrite,,,
size_sweep,8x2,random,10017,99.30000305175781,0.47,100.69997978210449,overwrite,,,
size_sweep,8x2,random,10018,106.90000915527344,0.51,93.0999813079834,overwrite,,,
size_sweep,8x2,random,10019,103.10000610351562,0.49,96.89998054504395,overwrite,,,
size_sweep,8x2,random,10020,105.0,0.5,95.00000190734863,overwrite,,,
size_sweep,8x2,random,10021,89.80000305175781,0.42,110.20001983642578,overwrite,,,
size_sweep,8x2,random,10022,102.15000915527344,0.485,97.84998607635498,overwrite,,,
size_sweep,8x2,random,10023,105.95000457763672,0.505,94.05004024505615,overwrite,,,
size_sweep,8x2,random,10024,98.3499984741211,0.465,101.64997959136963,overwrite,,,
size_sweep,8x2,random,10025,95.5,0.45,104.49997901916504,overwrite,,,
size_sweep,8x2,random,10026,102.1500015258789,0.485,97.85002613067627,overwrite,,,
size_sweep,8x2,random,10027,110.70000457763672,0.53,89.29998207092285,overwrite,,,
size_sweep,8x2,random,10028,97.4000015258789,0.46,102.60000514984131,overwrite,,,
size_sweep,8x2,random,10029,113.55000305175781,0.545,86.44998264312744,overwrite,,,
size_sweep,8x2,random,10030,109.75000762939453,0.525,90.24999523162842,overwrite,,,
size_sweep,8x2,random,10031,107.85000610351562,0.515,92.1500186920166,overwrite,,,
size_sweep,8x2,random,10032,108.80000305175781,0.52,91.19998168945312,overwrite,,,
size_sweep,8x2,random,10033,94.55000305175781,0.445,105.44997882843018,overwrite,,,
size_sweep,8x2,random,10034,104.05000305175781,0.495,95.94998073577881,overwrite,,,
size_sweep,8x2,random,10035,103.10000610351562,0.49,96.89998054504395,overwrite,,,
size_sweep,8x2,random,10036,107.85000610351562,0.515,92.14998149871826,overwrite,,,
size_sweep,8x2,random,10037,107.85000610351562,0.515,92.14999389648438,overwrite,,,
size_sweep,8x2,random,10038,103.10000610351562,0.49,96.90004062652588,overwrite,,,
size_sweep,8x2,random,10039,105.0,0.5,95.00007629394531,overwrite,,,
size_sweep,8x2,random,10040,94.55000305175781,0.445,105.44997882843018,overwrite,,,
size_sweep,8x2,random,10041,104.05000305175781,0.495,95.95000743865967,overwrite,,,
size_sweep,8x2,random,10042,101.20001220703125,0.48,98.79998016357422,overwrite,,,
size_sweep,8x2,random,10043,105.95000457763672,0.505,94.04998111724854,overwrite,,,
size_sweep,8x2,random,10044,120.20001220703125,0.58,79.79998397827148,overwrite,,,
size_sweep,8x2,random,10045,98.35000610351562,0.465,101.64997959136963,overwrite,,,
size_sweep,8x2,random,10046,103.10000610351562,0.49,96.89998054504395,overwrite,,,
size_sweep,8x2,random,10047,105.00000762939453,0.5,94.99998092651367,overwrite,,,
size_sweep,8x2,random,10048,103.10000610351562,0.49,96.89998054504395,overwrite,,,
size_sweep_teacher_forced,8x2,tf,9999,,,,overwrite,0.94,0.18,0.12
size_sweep_teacher_forced,8x2,tf,10000,,,,overwrite,0.84,0.48,0.44
size_sweep_teacher_forced,8x2,tf,10001,,,,overwrite,0.92,0.64,0.56
size_sweep_teacher_forced,8x2,tf,10002,,,,overwrite,0.86,0.28,0.34
size_sweep_teacher_forced,8x2,tf,10003,,,,overwrite,0.92,0.72,0.72
size_sweep_teacher_forced,8x2,tf,10004,,,,overwrite,0.9,0.54,0.64
size_sweep_teacher_forced,8x2,tf,10005,,,,overwrite,0.86,0.4,0.38
size_sweep_teacher_forced,8x2,tf,10006,,,,overwrite,0.82,0.36,0.46
size_sweep_teacher_forced,8x2,tf,10007,,,,overwrite,0.92,0.6,0.6
size_sweep_teacher_forced,8x2,tf,10008,,,,overwrite,0.88,0.4,0.4
size_sweep_teacher_forced,8x2,tf,10009,,,,overwrite,0.88,0.72,0.64
size_sweep_teacher_forced,8x2,tf,10010,,,,overwrite,0.9,0.44,0.46
size_sweep_teacher_forced,8x2,tf,10011,,,,overwrite,0.88,0.66,0.58
size_sweep_teacher_forced,8x2,tf,10012,,,,overwrite,0.78,0.6,0.66
size_sweep_teacher_forced,8x2,tf,10013,,,,overwrite,0.9,0.54,0.52
size_sweep_teacher_forced,8x2,tf,10014,,,,overwrite,0.88,0.58,0.54
size_sweep_teacher_forced,8x2,tf,10015,,,,overwrite,0.9,0.72,0.74
size_sweep_teacher_forced,8x2,tf,10016,,,,overwrite,0.88,0.52,0.48
size_sweep_teacher_forced,8x2,tf,10017,,,,overwrite,0.9,0.74,0.72
size_sweep_teacher_forced,8x2,tf,10018,,,,overwrite,0.78,0.6,0.54
size_sweep_teacher_forced,8x2,tf,10019,,,,overwrite,0.9,0.48,0.5
size_sweep_teacher_forced,8x2,tf,10020,,,,overwrite,0.88,0.42,0.5
size_sweep_teacher_forced,8x2,tf,10021,,,,overwrite,0.9,0.66,0.64
size_sweep_teacher_forced,8x2,tf,10022,,,,overwrite,0.88,0.48,0.52
size_sweep_teacher_forced,8x2,tf,10023,,,,overwrite,0.8,0.58,0.58
size_sweep_teacher_forced,8x2,tf,10024,,,,overwrite,0.9,0.66,0.6
size_sweep_teacher_forced,8x2,tf,10025,,,,overwrite,0.9,0.2,0.22
size_sweep_teacher_forced,8x2,tf,10026,,,,overwrite,0.82,0.44,0.54
size_sweep_teacher_forced,8x2,tf,10027,,,,overwrite,0.82,0.46,0.44
size_sweep_teacher_forced,8x2,tf,10028,,,,overwrite,0.94,0.14,0.12
size_sweep_teacher_forced,8x2,tf,10029,,,,overwrite,0.92,0.76,0.8
size_sweep_teacher_forced,8x2,tf,10030,,,,overwrite,0.94,0.54,0.56
size_sweep_teacher_forced,8x2,tf,10031,,,,overwrite,0.86,0.46,0.4
size_sweep_teacher_forced,8x2,tf,10032,,,,overwrite,0.78,0.38,0.52
size_sweep_teacher_forced,8x2,tf,10033,,,,overwrite,0.92,0.52,0.56
size_sweep_teacher_forced,8x2,tf,10034,,,,overwrite,0.92,0.58,0.58
size_sweep_teacher_forced,8x2,tf,10035,,,,overwrite,0.9,0.5,0.52
size_sweep_teacher_forced,8x2,tf,10036,,,,overwrite,0.78,0.38,0.56
size_sweep_teacher_forced,8x2,tf,10037,,,,overwrite,0.92,0.36,0.4
size_sweep_teacher_forced,8x2,tf,10038,,,,overwrite,0.86,0.64,0.54
size_sweep_teacher_forced,8x2,tf,10039,,,,overwrite,0.9,0.36,0.38
size_sweep_teacher_forced,8x2,tf,10040,,,,overwrite,0.78,0.58,0.52
size_sweep_teacher_forced,8x2,tf,10041,,,,overwrite,0.76,0.52,0.6
size_sweep_teacher_forced,8x2,tf,10042,,,,overwrite,0.94,0.48,0.46
size_sweep_teacher_forced,8x2,tf,10043,,,,overwrite,0.94,0.14,0.16
size_sweep_teacher_forced,8x2,tf,10044,,,,overwrite,0.78,0.64,0.82
size_sweep_teacher_forced,8x2,tf,10045,,,,overwrite,0.92,0.58,0.62
size_sweep_teacher_forced,8x2,tf,10046,,,,overwrite,0.82,0.68,0.66
size_sweep_teacher_forced,8x2,tf,10047,,,,overwrite,0.9,0.6,0.66
size_sweep_teacher_forced,8x2,tf,10048,,,,overwrite,0.88,0.56,0.6
size_sweep,8x3,tf_legacy,9999,100.25,0.475,99.74997997283936,overwrite,,,
size_sweep,8x3,tf_legacy,10000,71.75,0.325,128.24997425079346,overwrite,,,
size_sweep,8x3,tf_legacy,10001,90.75,0.425,109.24998188018799,overwrite,,,
size_sweep,8x3,tf_legacy,10002,75.55000305175781,0.345,124.44997501373291,overwrite,,,
size_sweep,8x3,tf_legacy,10003,50.84999084472656,0.215,149.14997005462646,overwrite,,,
size_sweep,8x3,tf_legacy,10004,136.35000610351562,0.665,63.64998722076416,overwrite,,,
size_sweep,8x3,tf_legacy,10005,89.80000305175781,0.42,110.20000648498535,overwrite,,,
size_sweep,8x3,tf_legacy,10006,51.80000305175781,0.22,148.20002841949463,overwrite,,,
size_sweep,8x3,tf_legacy,10007,134.45001220703125,0.655,65.55003643035889,overwrite,,,
size_sweep,8x3,tf_legacy,10008,115.45000457763672,0.555,84.55000114440918,overwrite,,,
size_sweep,8x3,tf_legacy,10009,48.0,0.2,151.99999904632568,overwrite,,,
size_sweep,8x3,tf_legacy,10010,110.70000457763672,0.53,89.29998588562012,overwrite,,,
size_sweep,8x3,tf_legacy,10011,44.19999694824219,0.18,155.79996871948242,overwrite,,,
size_sweep,8x3,tf_legacy,10012,64.14999389648438,0.285,135.84997367858887,overwrite,,,
size_sweep,8x3,tf_legacy,10013,58.44999694824219,0.255,141.54997158050537,overwrite,,,
size_sweep,8x3,tf_legacy,10014,48.94999313354492,0.205,151.04999256134033,overwrite,,,
size_sweep,8x3,tf_legacy,10015,117.35000610351562,0.565,82.64999675750732,overwrite,,,
size_sweep,8x3,tf_legacy,10016,120.20001220703125,0.58,79.79998397827148,overwrite,,,
size_sweep,8x3,tf_legacy,10017,55.599998474121094,0.24,144.40000343322754,overwrite,,,
size_sweep,8x3,tf_legacy,10018,50.849998474121094,0.215,149.15007877349854,overwrite,,,
size_sweep,8x3,tf_legacy,10019,132.5500030517578,0.645,67.44999980926514,overwrite,,,
size_sweep,8x3,tf_legacy,10020,148.70001220703125,0.73,51.29999828338623,overwrite,,,
size_sweep,8x3,tf_legacy,10021,96.45000457763672,0.455,103.5500259399414,overwrite,,,
size_sweep,8x3,tf_legacy,10022,63.20000076293945,0.28,136.7999725341797,overwrite,,,
size_sweep,8x3,tf_legacy,10023,62.25,0.275,137.74997234344482,overwrite,,,
size_sweep,8x3,tf_legacy,10024,61.29999923706055,0.27,138.69997215270996,overwrite,,,
size_sweep,8x3,tf_legacy,10025,105.0,0.5,95.00002098083496,overwrite,,,
size_sweep,8x3,tf_legacy,10026,66.05000305175781,0.295,133.95002841949463,overwrite,,,
size_sweep,8x3,tf_legacy,10027,123.05000305175781,0.595,76.94998455047607,overwrite,,,
size_sweep,8x3,tf_legacy,10028,83.1500015258789,0.385,116.84999084472656,overwrite,,,
size_sweep,8x3,tf_legacy,10029,56.55000305175781,0.245,143.44997119903564,overwrite,,,
size_sweep,8x3,tf_legacy,10030,73.6500015258789,0.335,126.34997463226318,overwrite,,,
size_sweep,8x3,tf_legacy,10031,121.15000915527344,0.585,78.84998416900635,overwrite,,,
size_sweep,8x3,tf_legacy,10032,59.39999771118164,0.26,140.60000705718994,overwrite,,,
size_sweep,8x3,tf_legacy,10033,115.45000457763672,0.555,84.54998302459717,overwrite,,,
size_sweep,8x3,tf_legacy,10034,60.349998474121094,0.265,139.6499719619751,overwrite,,,
size_sweep,8x3,tf_legacy,10035,108.80000305175781,0.52,91.19998168945312,overwrite,,,
size_sweep,8x3,tf_legacy,10036,113.55000305175781,0.545,86.44998264312744,overwrite,,,
size_sweep,8x3,tf_legacy,10037,71.75,0.325,128.24997425079346,overwrite,,,
size_sweep,8x3,tf_legacy,10038,104.05000305175781,0.495,95.94998073577881,overwrite,,,
size_sweep,8x3,tf_legacy,10039,76.5,0.35,123.49997520446777,overwrite,,,
size_sweep,8x3,tf_legacy,10040,131.60000610351562,0.64,68.39998626708984,overwrite,,,
size_sweep,8x3,tf_legacy,10041,60.349998474121094,0.265,139.65008354187012,overwrite,,,
size_sweep,8x3,tf_legacy,10042,54.64999771118164,0.235,145.35000133514404,overwrite,,,
size_sweep,8x3,tf_legacy,10043,111.6500015258789,0.535,88.34998226165771,overwrite,,,
size_sweep,8x3,tf_legacy,10044,86.94999694824219,0.405,113.04997730255127,overwrite,,,
size_sweep,8x3,tf_legacy,10045,143.00001525878906,0.7,56.99999523162842,overwrite,,,
size_sweep,8x3,tf_legacy,10046,44.19999694824219,0.18,155.79996871948242,overwrite,,,
size_sweep,8x3,tf_legacy,10047,104.05000305175781,0.495,95.94998073577881,overwrite,,,
size_sweep,8x3,tf_legacy,10048,82.19999694824219,0.38,117.79999828338623,overwrite,,,
size_sweep,8x3,tf_self,9999,86.95000457763672,0.405,113.04997730255127,overwrite,,,
size_sweep,8x3,tf_self,10000,32.79999542236328,0.12,167.19996643066406,overwrite,,,
size_sweep,8x3,tf_self,10001,67.0,0.3,132.99997329711914,overwrite,,,
size_sweep,8x3,tf_self,10002,80.30000305175781,0.37,119.69997596740723,overwrite,,,
size_sweep,8x3,tf_self,10003,71.75,0.325,128.24997425079346,overwrite,,,
size_sweep,8x3,tf_self,10004,47.04999542236328,0.195,152.949969291687,overwrite,,,
size_sweep,8x3,tf_self,10005,98.35000610351562,0.465,101.64999961853027,overwrite,,,
size_sweep,8x3,tf_self,10006,51.79999542236328,0.22,148.2000331878662,overwrite,,,
size_sweep,8x3,tf_self,10007,96.45000457763672,0.455,103.55008220672607,overwrite,,,
size_sweep,8x3,tf_self,10008,58.45000076293945,0.255,141.5499792098999,overwrite,,,
size_sweep,8x3,tf_self,10009,79.3499984741211,0.365,120.64999961853027,overwrite,,,
size_sweep,8x3,tf_self,10010,47.99999237060547,0.2,151.99999046325684,overwrite,,,
size_sweep,8x3,tf_self,10011,24.25,0.075,175.7499647140503,overwrite,,,
size_sweep,8x3,tf_self,10012,37.54999542236328,0.145,162.44996738433838,overwrite,,,
size_sweep,8x3,tf_self,10013,63.19999694824219,0.28,136.7999725341797,overwrite,,,
size_sweep,8x3,tf_self,10014,109.75,0.525,90.25,overwrite,,,
size_sweep,8x3,tf_self,10015,69.8499984741211,0.315,130.149977684021,overwrite,,,
size_sweep,8x3,tf_self,10016,35.64999771118164,0.135,164.34996700286865,overwrite,,,
size_sweep,8x3,tf_self,10017,53.69999694824219,0.23,146.29999351501465,overwrite,,,
size_sweep,8x3,tf_self,10018,66.05000305175781,0.295,133.9500789642334,overwrite,,,
size_sweep,8x3,tf_self,10019,81.25000762939453,0.375,118.75004863739014,overwrite,,,
size_sweep,8x3,tf_self,10020,97.40000915527344,0.46,102.60000228881836,overwrite,,,
size_sweep,8x3,tf_self,10021,48.0,0.2,152.00002574920654,overwrite,,,
size_sweep,8x3,tf_self,10022,69.8499984741211,0.315,130.14997386932373,overwrite,,,
size_sweep,8x3,tf_self,10023,86.00000762939453,0.4,113.9999771118164,overwrite,,,
size_sweep,8x3,tf_self,10024,61.29999923706055,0.27,138.69997215270996,overwrite,,,
size_sweep,8x3,tf_self,10025,122.10000610351562,0.59,77.90001201629639,overwrite,,,
size_sweep,8x3,tf_self,10026,100.25,0.475,99.75001621246338,overwrite,,,
size_sweep,8x3,tf_self,10027,38.5,0.15,161.49996757507324,overwrite,,,
size_sweep,8x3,tf_self,10028,81.25,0.375,118.75003623962402,overwrite,,,
size_sweep,8x3,tf_self,10029,64.14999389648438,0.285,135.84997272491455,overwrite,,,
size_sweep,8x3,tf_self,10030,106.90000915527344,0.51,93.0999813079834,overwrite,,,
size_sweep,8x3,tf_self,10031,61.29999542236328,0.27,138.69997215270996,overwrite,,,
size_sweep,8x3,tf_self,10032,36.59999465942383,0.14,163.39999961853027,overwrite,,,
size_sweep,8x3,tf_self,10033,78.40000915527344,0.36,121.5999755859375,overwrite,,,
size_sweep,8x3,tf_self,10034,64.1500015258789,0.285,135.84997272491455,overwrite,,,
size_sweep,8x3,tf_self,10035,123.05000305175781,0.595,76.94998455047607,overwrite,,,
size_sweep,8x3,tf_self,10036,54.649993896484375,0.235,145.34997081756592,overwrite,,,
size_sweep,8x3,tf_self,10037,125.90000915527344,0.61,74.09998512268066,overwrite,,,
size_sweep,8x3,tf_self,10038,58.44999694824219,0.255,141.54997158050537,overwrite,,,
size_sweep,8x3,tf_self,10039,89.80000305175781,0.42,110.19997787475586,overwrite,,,
size_sweep,8x3,tf_self,10040,107.85000610351562,0.515,92.14998149871826,overwrite,,,
size_sweep,8x3,tf_self,10041,40.400001525878906,0.16,159.60009765625,overwrite,,,
size_sweep,8x3,tf_self,10042,64.14999389648438,0.285,135.85003185272217,overwrite,,,
size_sweep,8x3,tf_self,10043,59.39999771118164,0.26,140.59997177124023,overwrite,,,
size_sweep,8x3,tf_self,10044,10.000001907348633,0.0,189.99996185302734,overwrite,,,
size_sweep,8x3,tf_self,10045,100.25000762939453,0.475,99.74998378753662,overwrite,,,
size_sweep,8x3,tf_self,10046,130.65000915527344,0.635,69.34998607635498,overwrite,,,
size_sweep,8x3,tf_self,10047,95.5,0.45,104.49997901916504,overwrite,,,
size_sweep,8x3,tf_self,10048,80.30000305175781,0.37,119.69999408721924,overwrite,,,
size_sweep,8x3,optimal,9999,200.0,1.0,0.0,overwrite,,,
size_sweep,8x3,optimal,10000,200.0,1.0,0.0,overwrite,,,
size_sweep,8x3,optimal,10001,200.0,1.0,0.0,overwrite,,,
size_sweep,8x3,optimal,10002,200.0,1.0,0.0,overwrite,,,
size_sweep,8x3,optimal,10003,200.0,1.0,0.0,overwrite,,,
size_sweep,8x3,optimal,10004,200.0,1.0,0.0,overwrite,,,
size_sweep,8x3,optimal,10005,200.0,1.0,0.0,overwrite,,,
size_sweep,8x3,optimal,10006,200.0,1.0,0.0,overwrite,,,
size_sweep,8x3,optimal,10007,200.0,1.0,0.0,overwrite,,,
size_sweep,8x3,optimal,10008,200.0,1.0,0.0,overwrite,,,
size_sweep,8x3,optimal,10009,200.0,1.0,0.0,overwrite,,,
size_sweep,8x3,optimal,10010,200.0,1.0,0.0,overwrite,,,
size_sweep,8x3,optimal,10011,200.0,1.0,0.0,overwrite,,,
size_sweep,8x3,optimal,10012,200.0,1.0,0.0,overwrite,,,
size_sweep,8x3,optimal,10013,200.0,1.0,0.0,overwrite,,,
size_sweep,8x3,optimal,10014,200.0,1.0,0.0,overwrite,,,
size_sweep,8x3,optimal,10015,200.0,1.0,0.0,overwrite,,,
size_sweep,8x3,optimal,10016,200.0,1.0,0.0,overwrite,,,
size_sweep,8x3,optimal,10017,200.0,1.0,0.0,overwrite,,,
size_sweep,8x3,optimal,10018,200.0,1.0,0.0,overwrite,,,
size_sweep,8x3,optimal,10019,200.0,1.0,0.0,overwrite,,,
size_sweep,8x3,optimal,10020,200.0,1.0,0.0,overwrite,,,
size_sweep,8x3,optimal,10021,200.0,1.0,0.0,overwrite,,,
size_sweep,8x3,optimal,10022,200.0,1.0,0.0,overwrite,,,
size_sweep,8x3,optimal,10023,200.0,1.0,0.0,overwrite,,,
size_sweep,8x3,optimal,10024,200.0,1.0,0.0,overwrite,,,
size_sweep,8x3,optimal,10025,200.0,1.0,0.0,overwrite,,,
size_sweep,8x3,optimal,10026,200.0,1.0,0.0,overwrite,,,
size_sweep,8x3,optimal,10027,200.0,1.0,0.0,overwrite,,,
size_sweep,8x3,optimal,10028,200.0,1.0,0.0,overwrite,,,
size_sweep,8x3,optimal,10029,200.0,1.0,0.0,overwrite,,,
size_sweep,8x3,optimal,10030,200.0,1.0,0.0,overwrite,,,
size_sweep,8x3,optimal,10031,200.0,1.0,0.0,overwrite,,,
size_sweep,8x3,optimal,10032,200.0,1.0,0.0,overwrite,,,
size_sweep,8x3,optimal,10033,200.0,1.0,0.0,overwrite,,,
size_sweep,8x3,optimal,10034,200.0,1.0,0.0,overwrite,,,
size_sweep,8x3,optimal,10035,200.0,1.0,0.0,overwrite,,,
size_sweep,8x3,optimal,10036,200.0,1.0,0.0,overwrite,,,
size_sweep,8x3,optimal,10037,200.0,1.0,0.0,overwrite,,,
size_sweep,8x3,optimal,10038,200.0,1.0,0.0,overwrite,,,
size_sweep,8x3,optimal,10039,200.0,1.0,0.0,overwrite,,,
size_sweep,8x3,optimal,10040,200.0,1.0,0.0,overwrite,,,
size_sweep,8x3,optimal,10041,200.0,1.0,0.0,overwrite,,,
size_sweep,8x3,optimal,10042,200.0,1.0,0.0,overwrite,,,
size_sweep,8x3,optimal,10043,200.0,1.0,0.0,overwrite,,,
size_sweep,8x3,optimal,10044,200.0,1.0,0.0,overwrite,,,
size_sweep,8x3,optimal,10045,200.0,1.0,0.0,overwrite,,,
size_sweep,8x3,optimal,10046,200.0,1.0,0.0,overwrite,,,
size_sweep,8x3,optimal,10047,200.0,1.0,0.0,overwrite,,,
size_sweep,8x3,optimal,10048,200.0,1.0,0.0,overwrite,,,
size_sweep,8x3,random,9999,63.19999694824219,0.28,136.7999725341797,overwrite,,,
size_sweep,8x3,random,10000,71.75,0.325,128.24997425079346,overwrite,,,
size_sweep,8x3,random,10001,73.6500015258789,0.335,126.34998035430908,overwrite,,,
size_sweep,8x3,random,10002,64.1500015258789,0.285,135.84997272491455,overwrite,,,
size_sweep,8x3,random,10003,78.4000015258789,0.36,121.5999755859375,overwrite,,,
size_sweep,8x3,random,10004,74.60000610351562,0.34,125.39997482299805,overwrite,,,
size_sweep,8x3,random,10005,77.45000457763672,0.355,122.54998970031738,overwrite,,,
size_sweep,8x3,random,10006,84.10000610351562,0.39,115.90000247955322,overwrite,,,
size_sweep,8x3,random,10007,78.4000015258789,0.36,121.60008335113525,overwrite,,,
size_sweep,8x3,random,10008,66.05000305175781,0.295,133.94998931884766,overwrite,,,
size_sweep,8x3,random,10009,69.85000610351562,0.315,130.14998531341553,overwrite,,,
size_sweep,8x3,random,10010,82.20000457763672,0.38,117.79998397827148,overwrite,,,
size_sweep,8x3,random,10011,66.05000305175781,0.295,133.94997310638428,overwrite,,,
size_sweep,8x3,random,10012,74.5999984741211,0.34,125.39998245239258,overwrite,,,
size_sweep,8x3,random,10013,73.64999389648438,0.335,126.34997463226318,overwrite,,,
size_sweep,8x3,random,10014,70.80000305175781,0.32,129.1999807357788,overwrite,,,
size_sweep,8x3,random,10015,88.85000610351562,0.415,111.14998245239258,overwrite,,,
size_sweep,8x3,random,10016,76.5,0.35,123.49997520446777,overwrite,,,
size_sweep,8x3,random,10017,67.0,0.3,132.99999618530273,overwrite,,,
size_sweep,8x3,random,10018,75.55000305175781,0.345,124.45006847381592,overwrite,,,
size_sweep,8x3,random,10019,81.25,0.375,118.7500410079956,overwrite,,,
size_sweep,8x3,random,10020,63.20000076293945,0.28,136.8000087738037,overwrite,,,
size_sweep,8x3,random,10021,71.75,0.325,128.25003337860107,overwrite,,,
size_sweep,8x3,random,10022,70.79999542236328,0.32,129.1999740600586,overwrite,,,
size_sweep,8x3,random,10023,69.8499984741211,0.315,130.14997386932373,overwrite,,,
size_sweep,8x3,random,10024,69.8499984741211,0.315,130.14997386932373,overwrite,,,
size_sweep,8x3,random,10025,71.75,0.325,128.25002479553223,overwrite,,,
size_sweep,8x3,random,10026,78.40000915527344,0.36,121.60001754760742,overwrite,,,
size_sweep,8x3,random,10027,69.8499984741211,0.315,130.14997386932373,overwrite,,,
size_sweep,8x3,random,10028,91.70000457763672,0.43,108.3000373840332,overwrite,,,
size_sweep,8x3,random,10029,71.75,0.325,128.24997425079346,overwrite,,,
size_sweep,8x3,random,10030,69.8499984741211,0.315,130.14997386932373,overwrite,,,
size_sweep,8x3,random,10031,69.84999084472656,0.315,130.14997386932373,overwrite,,,
size_sweep,8x3,random,10032,77.44999694824219,0.355,122.54999542236328,overwrite,,,
size_sweep,8x3,random,10033,61.29999923706055,0.27,138.69997215270996,overwrite,,,
size_sweep,8x3,random,10034,84.10000610351562,0.39,115.89997673034668,overwrite,,,
size_sweep,8x3,random,10035,74.5999984741211,0.34,125.39997482299805,overwrite,,,
size_sweep,8x3,random,10036,74.60000610351562,0.34,125.39997482299805,overwrite,,,
size_sweep,8x3,random,10037,75.55000305175781,0.345,124.44997501373291,overwrite,,,
size_sweep,8x3,random,10038,69.85000610351562,0.315,130.14997386932373,overwrite,,,
size_sweep,8x3,random,10039,81.25,0.375,118.74997615814209,overwrite,,,
size_sweep,8x3,random,10040,81.25,0.375,118.7499942779541,overwrite,,,
size_sweep,8x3,random,10041,79.35000610351562,0.365,120.65005111694336,overwrite,,,
size_sweep,8x3,random,10042,68.9000015258789,0.31,131.10001468658447,overwrite,,,
size_sweep,8x3,random,10043,66.05000305175781,0.295,133.94999885559082,overwrite,,,
size_sweep,8x3,random,10044,71.75,0.325,128.24997425079346,overwrite,,,
size_sweep,8x3,random,10045,70.80000305175781,0.32,129.20002365112305,overwrite,,,
size_sweep,8x3,random,10046,77.45000457763672,0.355,122.54997539520264,overwrite,,,
size_sweep,8x3,random,10047,69.8499984741211,0.315,130.14997386932373,overwrite,,,
size_sweep,8x3,random,10048,73.6500015258789,0.335,126.3499984741211,overwrite,,,
size_sweep_teacher_forced,8x3,tf,9999,,,,overwrite,0.78,0.18,0.22
size_sweep_teacher_forced,8x3,tf,10000,,,,overwrite,0.86,0.38,0.46
size_sweep_teacher_forced,8x3,tf,10001,,,,overwrite,0.84,0.5,0.54
size_sweep_teacher_forced,8x3,tf,10002,,,,overwrite,0.94,0.34,0.3
size_sweep_teacher_forced,8x3,tf,10003,,,,overwrite,0.8,0.46,0.42
size_sweep_teacher_forced,8x3,tf,10004,,,,overwrite,0.72,0.52,0.38
size_sweep_teacher_forced,8x3,tf,10005,,,,overwrite,0.82,0.24,0.26
size_sweep_teacher_forced,8x3,tf,10006,,,,overwrite,0.86,0.06,0.06
size_sweep_teacher_forced,8x3,tf,10007,,,,overwrite,0.86,0.4,0.36
size_sweep_teacher_forced,8x3,tf,10008,,,,overwrite,0.92,0.22,0.3
size_sweep_teacher_forced,8x3,tf,10009,,,,overwrite,0.8,0.68,0.62
size_sweep_teacher_forced,8x3,tf,10010,,,,overwrite,0.88,0.66,0.58
size_sweep_teacher_forced,8x3,tf,10011,,,,overwrite,0.82,0.36,0.32
size_sweep_teacher_forced,8x3,tf,10012,,,,overwrite,0.84,0.52,0.42
size_sweep_teacher_forced,8x3,tf,10013,,,,overwrite,0.92,0.4,0.42
size_sweep_teacher_forced,8x3,tf,10014,,,,overwrite,0.86,0.44,0.36
size_sweep_teacher_forced,8x3,tf,10015,,,,overwrite,0.9,0.36,0.36
size_sweep_teacher_forced,8x3,tf,10016,,,,overwrite,0.8,0.44,0.54
size_sweep_teacher_forced,8x3,tf,10017,,,,overwrite,0.86,0.4,0.42
size_sweep_teacher_forced,8x3,tf,10018,,,,overwrite,0.8,0.12,0.14
size_sweep_teacher_forced,8x3,tf,10019,,,,overwrite,0.72,0.5,0.44
size_sweep_teacher_forced,8x3,tf,10020,,,,overwrite,0.8,0.48,0.5
size_sweep_teacher_forced,8x3,tf,10021,,,,overwrite,0.84,0.28,0.26
size_sweep_teacher_forced,8x3,tf,10022,,,,overwrite,0.82,0.56,0.52
size_sweep_teacher_forced,8x3,tf,10023,,,,overwrite,0.86,0.34,0.34
size_sweep_teacher_forced,8x3,tf,10024,,,,overwrite,0.82,0.26,0.22
size_sweep_teacher_forced,8x3,tf,10025,,,,overwrite,0.82,0.4,0.36
size_sweep_teacher_forced,8x3,tf,10026,,,,overwrite,0.84,0.38,0.52
size_sweep_teacher_forced,8x3,tf,10027,,,,overwrite,0.9,0.48,0.5
size_sweep_teacher_forced,8x3,tf,10028,,,,overwrite,0.82,0.36,0.44
size_sweep_teacher_forced,8x3,tf,10029,,,,overwrite,0.76,0.46,0.44
size_sweep_teacher_forced,8x3,tf,10030,,,,overwrite,0.9,0.36,0.3
size_sweep_teacher_forced,8x3,tf,10031,,,,overwrite,0.88,0.24,0.24
size_sweep_teacher_forced,8x3,tf,10032,,,,overwrite,0.86,0.2,0.18
size_sweep_teacher_forced,8x3,tf,10033,,,,overwrite,0.82,0.4,0.46
size_sweep_teacher_forced,8x3,tf,10034,,,,overwrite,0.86,0.28,0.3
size_sweep_teacher_forced,8x3,tf,10035,,,,overwrite,0.82,0.34,0.32
size_sweep_teacher_forced,8x3,tf,10036,,,,overwrite,0.78,0.46,0.42
size_sweep_teacher_forced,8x3,tf,10037,,,,overwrite,0.92,0.52,0.5
size_sweep_teacher_forced,8x3,tf,10038,,,,overwrite,0.8,0.22,0.18
size_sweep_teacher_forced,8x3,tf,10039,,,,overwrite,0.82,0.4,0.38
size_sweep_teacher_forced,8x3,tf,10040,,,,overwrite,0.82,0.34,0.34
size_sweep_teacher_forced,8x3,tf,10041,,,,overwrite,0.74,0.22,0.24
size_sweep_teacher_forced,8x3,tf,10042,,,,overwrite,0.76,0.44,0.42
size_sweep_teacher_forced,8x3,tf,10043,,,,overwrite,0.82,0.26,0.26
size_sweep_teacher_forced,8x3,tf,10044,,,,overwrite,0.88,0.3,0.26
size_sweep_teacher_forced,8x3,tf,10045,,,,overwrite,0.82,0.52,0.56
size_sweep_teacher_forced,8x3,tf,10046,,,,overwrite,0.88,0.62,0.66
size_sweep_teacher_forced,8x3,tf,10047,,,,overwrite,0.82,0.28,0.2
size_sweep_teacher_forced,8x3,tf,10048,,,,overwrite,0.74,0.26,0.14
size_sweep,8x4,tf_legacy,9999,128.75,0.625,71.24998569488525,overwrite,,,
size_sweep,8x4,tf_legacy,10000,71.75,0.325,128.24997425079346,overwrite,,,
size_sweep,8x4,tf_legacy,10001,73.65000915527344,0.335,126.35000991821289,overwrite,,,
size_sweep,8x4,tf_legacy,10002,58.45000076293945,0.255,141.55002784729004,overwrite,,,
size_sweep,8x4,tf_legacy,10003,63.20000076293945,0.28,136.7999725341797,overwrite,,,
size_sweep,8x4,tf_legacy,10004,117.35000610351562,0.565,82.6499834060669,overwrite,,,
size_sweep,8x4,tf_legacy,10005,35.650001525878906,0.135,164.34996700286865,overwrite,,,
size_sweep,8x4,tf_legacy,10006,51.79999923706055,0.22,148.19997024536133,overwrite,,,
size_sweep,8x4,tf_legacy,10007,81.25,0.375,118.7500696182251,overwrite,,,
size_sweep,8x4,tf_legacy,10008,92.64999389648438,0.435,107.34997844696045,overwrite,,,
size_sweep,8x4,tf_legacy,10009,87.9000015258789,0.41,112.09999752044678,overwrite,,,
size_sweep,8x4,tf_legacy,10010,74.5999984741211,0.34,125.39997482299805,overwrite,,,
size_sweep,8x4,tf_legacy,10011,47.04999542236328,0.195,152.95002937316895,overwrite,,,
size_sweep,8x4,tf_legacy,10012,80.30000305175781,0.37,119.70001888275146,overwrite,,,
size_sweep,8x4,tf_legacy,10013,28.049997329711914,0.095,171.94996547698975,overwrite,,,
size_sweep,8x4,tf_legacy,10014,22.34999656677246,0.065,177.64996433258057,overwrite,,,
size_sweep,8x4,tf_legacy,10015,51.79999923706055,0.22,148.19997024536133,overwrite,,,
size_sweep,8x4,tf_legacy,10016,64.14999389648438,0.285,135.84997272491455,overwrite,,,
size_sweep,8x4,tf_legacy,10017,125.90000915527344,0.61,74.09998798370361,overwrite,,,
size_sweep,8x4,tf_legacy,10018,73.6500015258789,0.335,126.34997463226318,overwrite,,,
size_sweep,8x4,tf_legacy,10019,85.05000305175781,0.395,114.94997692108154,overwrite,,,
size_sweep,8x4,tf_legacy,10020,50.850006103515625,0.215,149.15002059936523,overwrite,,,
size_sweep,8x4,tf_legacy,10021,92.65000915527344,0.435,107.34997844696045,overwrite,,,
size_sweep,8x4,tf_legacy,10022,111.6500015258789,0.535,88.3500452041626,overwrite,,,
size_sweep,8x4,tf_legacy,10023,75.55000305175781,0.345,124.4500675201416,overwrite,,,
size_sweep,8x4,tf_legacy,10024,38.499996185302734,0.15,161.49997329711914,overwrite,,,
size_sweep,8x4,tf_legacy,10025,48.95000076293945,0.205,151.04996967315674,overwrite,,,
size_sweep,8x4,tf_legacy,10026,17.599998474121094,0.04,182.39996528625488,overwrite,,,
size_sweep,8x4,tf_legacy,10027,69.85000610351562,0.315,130.14997386932373,overwrite,,,
size_sweep,8x4,tf_legacy,10028,88.85000610351562,0.415,111.14998626708984,overwrite,,,
size_sweep,8x4,tf_legacy,10029,67.94999694824219,0.305,132.049973487854,overwrite,,,
size_sweep,8x4,tf_legacy,10030,129.70001220703125,0.63,70.29998588562012,overwrite,,,
size_sweep,8x4,tf_legacy,10031,17.599998474121094,0.04,182.39996337890625,overwrite,,,
size_sweep,8x4,tf_legacy,10032,93.60000610351562,0.44,106.40002822875977,overwrite,,,
size_sweep,8x4,tf_legacy,10033,105.0,0.5,95.00000858306885,overwrite,,,
size_sweep,8x4,tf_legacy,10034,86.0,0.4,113.9999771118164,overwrite,,,
size_sweep,8x4,tf_legacy,10035,51.79999923706055,0.22,148.20001602172852,overwrite,,,
size_sweep,8x4,tf_legacy,10036,56.54999923706055,0.245,143.44997310638428,overwrite,,,
size_sweep,8x4,tf_legacy,10037,44.19999694824219,0.18,155.8000135421753,overwrite,,,
size_sweep,8x4,tf_legacy,10038,27.099994659423828,0.09,172.89996528625488,overwrite,,,
size_sweep,8x4,tf_legacy,10039,61.29999542236328,0.27,138.69997215270996,overwrite,,,
size_sweep,8x4,tf_legacy,10040,22.349998474121094,0.065,177.65009117126465,overwrite,,,
size_sweep,8x4,tf_legacy,10041,114.5,0.55,85.4999828338623,overwrite,,,
size_sweep,8x4,tf_legacy,10042,56.54999923706055,0.245,143.45006275177002,overwrite,,,
size_sweep,8x4,tf_legacy,10043,68.9000015258789,0.31,131.09997367858887,overwrite,,,
size_sweep,8x4,tf_legacy,10044,34.69999694824219,0.13,165.2999668121338,overwrite,,,
size_sweep,8x4,tf_legacy,10045,105.0,0.5,95.00002670288086,overwrite,,,
size_sweep,8x4,tf_legacy,10046,102.1500015258789,0.485,97.84998035430908,overwrite,,,
size_sweep,8x4,tf_legacy,10047,89.80000305175781,0.42,110.20006561279297,overwrite,,,
size_sweep,8x4,tf_legacy,10048,82.19999694824219,0.38,117.79997730255127,overwrite,,,
size_sweep,8x4,tf_self,9999,57.499996185302734,0.25,142.4999713897705,overwrite,,,
size_sweep,8x4,tf_self,10000,81.25,0.375,118.74997615814209,overwrite,,,
size_sweep,8x4,tf_self,10001,79.35000610351562,0.365,120.65003776550293,overwrite,,,
size_sweep,8x4,tf_self,10002,85.05000305175781,0.395,114.94995594024658,overwrite,,,
size_sweep,8x4,tf_self,10003,62.249996185302734,0.275,137.74997234344482,overwrite,,,
size_sweep,8x4,tf_self,10004,36.59999465942383,0.14,163.39996719360352,overwrite,,,
size_sweep,8x4,tf_self,10005,69.85000610351562,0.315,130.14997386932373,overwrite,,,
size_sweep,8x4,tf_self,10006,77.44999694824219,0.355,122.54997539520264,overwrite,,,
size_sweep,8x4,tf_self,10007,52.749996185302734,0.225,147.2500524520874,overwrite,,,
size_sweep,8x4,tf_self,10008,37.54999542236328,0.145,162.44996738433838,overwrite,,,
size_sweep,8x4,tf_self,10009,107.85000610351562,0.515,92.15000247955322,overwrite,,,
size_sweep,8x4,tf_self,10010,29.949996948242188,0.105,170.04996585845947,overwrite,,,
size_sweep,8x4,tf_self,10011,54.64999771118164,0.235,145.3500566482544,overwrite,,,
size_sweep,8x4,tf_self,10012,71.75,0.325,128.250018119812,overwrite,,,
size_sweep,8x4,tf_self,10013,67.94999694824219,0.305,132.049973487854,overwrite,,,
size_sweep,8x4,tf_self,10014,78.4000015258789,0.36,121.5999755859375,overwrite,,,
size_sweep,8x4,tf_self,10015,84.10000610351562,0.39,115.89997673034668,overwrite,,,
size_sweep,8x4,tf_self,10016,74.60000610351562,0.34,125.39997482299805,overwrite,,,
size_sweep,8x4,tf_self,10017,75.55000305175781,0.345,124.45001983642578,overwrite,,,
size_sweep,8x4,tf_self,10018,65.0999984741211,0.29,134.8999729156494,overwrite,,,
size_sweep,8x4,tf_self,10019,85.05000305175781,0.395,114.94997692108154,overwrite,,,
size_sweep,8x4,tf_self,10020,84.10000610351562,0.39,115.90004920959473,overwrite,,,
size_sweep,8x4,tf_self,10021,58.44999694824219,0.255,141.54997158050537,overwrite,,,
size_sweep,8x4,tf_self,10022,84.10000610351562,0.39,115.9000358581543,overwrite,,,
size_sweep,8x4,tf_self,10023,57.5,0.25,142.50000381469727,overwrite,,,
size_sweep,8x4,tf_self,10024,50.85000228881836,0.215,149.14997482299805,overwrite,,,
size_sweep,8x4,tf_self,10025,23.299997329711914,0.07,176.69996452331543,overwrite,,,
size_sweep,8x4,tf_self,10026,23.299997329711914,0.07,176.69996452331543,overwrite,,,
size_sweep,8x4,tf_self,10027,117.35000610351562,0.565,82.6499834060669,overwrite,,,
size_sweep,8x4,tf_self,10028,32.79999542236328,0.12,167.20000648498535,overwrite,,,
size_sweep,8x4,tf_self,10029,33.749996185302734,0.125,166.24996662139893,overwrite,,,
size_sweep,8x4,tf_self,10030,36.59999465942383,0.14,163.39996719360352,overwrite,,,
size_sweep,8x4,tf_self,10031,153.45001220703125,0.755,46.5499906539917,overwrite,,,
size_sweep,8x4,tf_self,10032,67.94999694824219,0.305,132.0500087738037,overwrite,,,
size_sweep,8x4,tf_self,10033,84.10000610351562,0.39,115.9000597000122,overwrite,,,
size_sweep,8x4,tf_self,10034,81.25,0.375,118.74997615814209,overwrite,,,
size_sweep,8x4,tf_self,10035,116.4000015258789,0.56,83.59999465942383,overwrite,,,
size_sweep,8x4,tf_self,10036,24.249998092651367,0.075,175.74997520446777,overwrite,,,
size_sweep,8x4,tf_self,10037,63.20000076293945,0.28,136.80005264282227,overwrite,,,
size_sweep,8x4,tf_self,10038,98.35000610351562,0.465,101.64997959136963,overwrite,,,
size_sweep,8x4,tf_self,10039,125.90000915527344,0.61,74.09998512268066,overwrite,,,
size_sweep,8x4,tf_self,10040,67.0,0.3,133.0000286102295,overwrite,,,
size_sweep,8x4,tf_self,10041,53.69999694824219,0.23,146.29997062683105,overwrite,,,
size_sweep,8x4,tf_self,10042,54.650001525878906,0.235,145.3500919342041,overwrite,,,
size_sweep,8x4,tf_self,10043,37.54999542236328,0.145,162.44996738433838,overwrite,,,
size_sweep,8x4,tf_self,10044,23.299999237060547,0.07,176.69996452331543,overwrite,,,
size_sweep,8x4,tf_self,10045,23.299997329711914,0.07,176.7000322341919,overwrite,,,
size_sweep,8x4,tf_self,10046,75.55000305175781,0.345,124.44997501373291,overwrite,,,
size_sweep,8x4,tf_self,10047,119.25000762939453,0.575,80.75006484985352,overwrite,,,
size_sweep,8x4,tf_self,10048,33.749996185302734,0.125,166.2500228881836,overwrite,,,
size_sweep,8x4,optimal,9999,200.0,1.0,0.0,overwrite,,,
size_sweep,8x4,optimal,10000,200.0,1.0,0.0,overwrite,,,
size_sweep,8x4,optimal,10001,200.0,1.0,0.0,overwrite,,,
size_sweep,8x4,optimal,10002,200.0,1.0,0.0,overwrite,,,
size_sweep,8x4,optimal,10003,200.0,1.0,0.0,overwrite,,,
size_sweep,8x4,optimal,10004,200.0,1.0,0.0,overwrite,,,
size_sweep,8x4,optimal,10005,200.0,1.0,0.0,overwrite,,,
size_sweep,8x4,optimal,10006,200.0,1.0,0.0,overwrite,,,
size_sweep,8x4,optimal,10007,200.0,1.0,0.0,overwrite,,,
size_sweep,8x4,optimal,10008,200.0,1.0,0.0,overwrite,,,
size_sweep,8x4,optimal,10009,200.0,1.0,0.0,overwrite,,,
size_sweep,8x4,optimal,10010,200.0,1.0,0.0,overwrite,,,
size_sweep,8x4,optimal,10011,200.0,1.0,0.0,overwrite,,,
size_sweep,8x4,optimal,10012,200.0,1.0,0.0,overwrite,,,
size_sweep,8x4,optimal,10013,200.0,1.0,0.0,overwrite,,,
size_sweep,8x4,optimal,10014,200.0,1.0,0.0,overwrite,,,
size_sweep,8x4,optimal,10015,200.0,1.0,0.0,overwrite,,,
size_sweep,8x4,optimal,10016,200.0,1.0,0.0,overwrite,,,
size_sweep,8x4,optimal,10017,200.0,1.0,0.0,overwrite,,,
size_sweep,8x4,optimal,10018,200.0,1.0,0.0,overwrite,,,
size_sweep,8x4,optimal,10019,200.0,1.0,0.0,overwrite,,,
size_sweep,8x4,optimal,10020,200.0,1.0,0.0,overwrite,,,
size_sweep,8x4,optimal,10021,200.0,1.0,0.0,overwrite,,,
size_sweep,8x4,optimal,10022,200.0,1.0,0.0,overwrite,,,
size_sweep,8x4,optimal,10023,200.0,1.0,0.0,overwrite,,,
size_sweep,8x4,optimal,10024,200.0,1.0,0.0,overwrite,,,
size_sweep,8x4,optimal,10025,200.0,1.0,0.0,overwrite,,,
size_sweep,8x4,optimal,10026,200.0,1.0,0.0,overwrite,,,
size_sweep,8x4,optimal,10027,200.0,1.0,0.0,overwrite,,,
size_sweep,8x4,optimal,10028,200.0,1.0,0.0,overwrite,,,
size_sweep,8x4,optimal,10029,200.0,1.0,0.0,overwrite,,,
size_sweep,8x4,optimal,10030,200.0,1.0,0.0,overwrite,,,
size_sweep,8x4,optimal,10031,200.0,1.0,0.0,overwrite,,,
size_sweep,8x4,optimal,10032,200.0,1.0,0.0,overwrite,,,
size_sweep,8x4,optimal,10033,200.0,1.0,0.0,overwrite,,,
size_sweep,8x4,optimal,10034,200.0,1.0,0.0,overwrite,,,
size_sweep,8x4,optimal,10035,200.0,1.0,0.0,overwrite,,,
size_sweep,8x4,optimal,10036,200.0,1.0,0.0,overwrite,,,
size_sweep,8x4,optimal,10037,200.0,1.0,0.0,overwrite,,,
size_sweep,8x4,optimal,10038,200.0,1.0,0.0,overwrite,,,
size_sweep,8x4,optimal,10039,200.0,1.0,0.0,overwrite,,,
size_sweep,8x4,optimal,10040,200.0,1.0,0.0,overwrite,,,
size_sweep,8x4,optimal,10041,200.0,1.0,0.0,overwrite,,,
size_sweep,8x4,optimal,10042,200.0,1.0,0.0,overwrite,,,
size_sweep,8x4,optimal,10043,200.0,1.0,0.0,overwrite,,,
size_sweep,8x4,optimal,10044,200.0,1.0,0.0,overwrite,,,
size_sweep,8x4,optimal,10045,200.0,1.0,0.0,overwrite,,,
size_sweep,8x4,optimal,10046,200.0,1.0,0.0,overwrite,,,
size_sweep,8x4,optimal,10047,200.0,1.0,0.0,overwrite,,,
size_sweep,8x4,optimal,10048,200.0,1.0,0.0,overwrite,,,
size_sweep,8x4,random,9999,66.04999542236328,0.295,133.94997310638428,overwrite,,,
size_sweep,8x4,random,10000,53.69999694824219,0.23,146.29997062683105,overwrite,,,
size_sweep,8x4,random,10001,58.44999694824219,0.255,141.55001544952393,overwrite,,,
size_sweep,8x4,random,10002,50.849998474121094,0.215,149.14999675750732,overwrite,,,
size_sweep,8x4,random,10003,57.499996185302734,0.25,142.4999713897705,overwrite,,,
size_sweep,8x4,random,10004,62.25,0.275,137.74997234344482,overwrite,,,
size_sweep,8x4,random,10005,64.14999389648438,0.285,135.84997272491455,overwrite,,,
size_sweep,8x4,random,10006,61.29999923706055,0.27,138.69997215270996,overwrite,,,
size_sweep,8x4,random,10007,61.30000305175781,0.27,138.70005893707275,overwrite,,,
size_sweep,8x4,random,10008,59.399993896484375,0.26,140.59997177124023,overwrite,,,
size_sweep,8x4,random,10009,50.849998474121094,0.215,149.14999294281006,overwrite,,,
size_sweep,8x4,random,10010,49.899993896484375,0.21,150.0999698638916,overwrite,,,
size_sweep,8x4,random,10011,53.69999694824219,0.23,146.30006980895996,overwrite,,,
size_sweep,8x4,random,10012,65.0999984741211,0.29,134.90003108978271,overwrite,,,
size_sweep,8x4,random,10013,55.599998474121094,0.24,144.39997100830078,overwrite,,,
size_sweep,8x4,random,10014,57.499996185302734,0.25,142.49997806549072,overwrite,,,
size_sweep,8x4,random,10015,49.899993896484375,0.21,150.0999698638916,overwrite,,,
size_sweep,8x4,random,10016,56.54999542236328,0.245,143.44997119903564,overwrite,,,
size_sweep,8x4,random,10017,51.79999542236328,0.22,148.20003032684326,overwrite,,,
size_sweep,8x4,random,10018,64.14999389648438,0.285,135.84997653961182,overwrite,,,
size_sweep,8x4,random,10019,61.29999542236328,0.27,138.69997215270996,overwrite,,,
size_sweep,8x4,random,10020,67.94999694824219,0.305,132.0500202178955,overwrite,,,
size_sweep,8x4,random,10021,53.69999694824219,0.23,146.29997062683105,overwrite,,,
size_sweep,8x4,random,10022,60.349998474121094,0.265,139.6500539779663,overwrite,,,
size_sweep,8x4,random,10023,54.650001525878906,0.235,145.3500270843506,overwrite,,,
size_sweep,8x4,random,10024,54.64999771118164,0.235,145.34998035430908,overwrite,,,
size_sweep,8x4,random,10025,55.599998474121094,0.24,144.39997100830078,overwrite,,,
size_sweep,8x4,random,10026,48.94999694824219,0.205,151.04997444152832,overwrite,,,
size_sweep,8x4,random,10027,57.499996185302734,0.25,142.4999713897705,overwrite,,,
size_sweep,8x4,random,10028,58.44999694824219,0.255,141.54998397827148,overwrite,,,
size_sweep,8x4,random,10029,57.499996185302734,0.25,142.4999713897705,overwrite,,,
size_sweep,8x4,random,10030,68.9000015258789,0.31,131.09997367858887,overwrite,,,
size_sweep,8x4,random,10031,59.399993896484375,0.26,140.59997177124023,overwrite,,,
size_sweep,8x4,random,10032,53.69999694824219,0.23,146.30005264282227,overwrite,,,
size_sweep,8x4,random,10033,50.849998474121094,0.215,149.15002155303955,overwrite,,,
size_sweep,8x4,random,10034,55.599998474121094,0.24,144.39997100830078,overwrite,,,
size_sweep,8x4,random,10035,54.649993896484375,0.235,145.35002613067627,overwrite,,,
size_sweep,8x4,random,10036,64.1500015258789,0.285,135.84998226165771,overwrite,,,
size_sweep,8x4,random,10037,56.55000305175781,0.245,143.45002841949463,overwrite,,,
size_sweep,8x4,random,10038,48.94999694824219,0.205,151.04996967315674,overwrite,,,
size_sweep,8x4,random,10039,58.44999694824219,0.255,141.5499963760376,overwrite,,,
size_sweep,8x4,random,10040,53.69999694824219,0.23,146.30006217956543,overwrite,,,
size_sweep,8x4,random,10041,54.64999771118164,0.235,145.34997081756592,overwrite,,,
size_sweep,8x4,random,10042,62.25,0.275,137.75006771087646,overwrite,,,
size_sweep,8x4,random,10043,59.399993896484375,0.26,140.59997177124023,overwrite,,,
size_sweep,8x4,random,10044,55.599998474121094,0.24,144.39999103546143,overwrite,,,
size_sweep,8x4,random,10045,46.09999465942383,0.19,153.9000473022461,overwrite,,,
size_sweep,8x4,random,10046,59.40000534057617,0.26,140.59997177124023,overwrite,,,
size_sweep,8x4,random,10047,57.499996185302734,0.25,142.50008487701416,overwrite,,,
size_sweep,8x4,random,10048,45.14999771118164,0.185,154.85002613067627,overwrite,,,
size_sweep_teacher_forced,8x4,tf,9999,,,,overwrite,0.78,0.1,0.12
size_sweep_teacher_forced,8x4,tf,10000,,,,overwrite,0.8,0.12,0.2
size_sweep_teacher_forced,8x4,tf,10001,,,,overwrite,0.78,0.52,0.44
size_sweep_teacher_forced,8x4,tf,10002,,,,overwrite,0.84,0.36,0.42
size_sweep_teacher_forced,8x4,tf,10003,,,,overwrite,0.72,0.22,0.32
size_sweep_teacher_forced,8x4,tf,10004,,,,overwrite,0.84,0.4,0.46
size_sweep_teacher_forced,8x4,tf,10005,,,,overwrite,0.86,0.36,0.36
size_sweep_teacher_forced,8x4,tf,10006,,,,overwrite,0.8,0.2,0.1
size_sweep_teacher_forced,8x4,tf,10007,,,,overwrite,0.78,0.18,0.18
size_sweep_teacher_forced,8x4,tf,10008,,,,overwrite,0.9,0.34,0.34
size_sweep_teacher_forced,8x4,tf,10009,,,,overwrite,0.78,0.14,0.12
size_sweep_teacher_forced,8x4,tf,10010,,,,overwrite,0.74,0.3,0.24
size_sweep_teacher_forced,8x4,tf,10011,,,,overwrite,0.88,0.28,0.34
size_sweep_teacher_forced,8x4,tf,10012,,,,overwrite,0.84,0.08,0.06
size_sweep_teacher_forced,8x4,tf,10013,,,,overwrite,0.82,0.14,0.1
size_sweep_teacher_forced,8x4,tf,10014,,,,overwrite,0.84,0.14,0.12
size_sweep_teacher_forced,8x4,tf,10015,,,,overwrite,0.82,0.14,0.16
size_sweep_teacher_forced,8x4,tf,10016,,,,overwrite,0.72,0.3,0.2
size_sweep_teacher_forced,8x4,tf,10017,,,,overwrite,0.76,0.38,0.46
size_sweep_teacher_forced,8x4,tf,10018,,,,overwrite,0.78,0.42,0.44
size_sweep_teacher_forced,8x4,tf,10019,,,,overwrite,0.74,0.1,0.08
size_sweep_teacher_forced,8x4,tf,10020,,,,overwrite,0.8,0.28,0.38
size_sweep_teacher_forced,8x4,tf,10021,,,,overwrite,0.76,0.1,0.06
size_sweep_teacher_forced,8x4,tf,10022,,,,overwrite,0.7,0.36,0.32
size_sweep_teacher_forced,8x4,tf,10023,,,,overwrite,0.88,0.22,0.28
size_sweep_teacher_forced,8x4,tf,10024,,,,overwrite,0.84,0.54,0.62
size_sweep_teacher_forced,8x4,tf,10025,,,,overwrite,0.88,0.2,0.22
size_sweep_teacher_forced,8x4,tf,10026,,,,overwrite,0.78,0.4,0.42
size_sweep_teacher_forced,8x4,tf,10027,,,,overwrite,0.82,0.1,0.1
size_sweep_teacher_forced,8x4,tf,10028,,,,overwrite,0.78,0.18,0.2
size_sweep_teacher_forced,8x4,tf,10029,,,,overwrite,0.78,0.14,0.22
size_sweep_teacher_forced,8x4,tf,10030,,,,overwrite,0.84,0.32,0.36
size_sweep_teacher_forced,8x4,tf,10031,,,,overwrite,0.84,0.38,0.42
size_sweep_teacher_forced,8x4,tf,10032,,,,overwrite,0.78,0.36,0.32
size_sweep_teacher_forced,8x4,tf,10033,,,,overwrite,0.74,0.14,0.14
size_sweep_teacher_forced,8x4,tf,10034,,,,overwrite,0.86,0.22,0.2
size_sweep_teacher_forced,8x4,tf,10035,,,,overwrite,0.84,0.64,0.68
size_sweep_teacher_forced,8x4,tf,10036,,,,overwrite,0.68,0.26,0.22
size_sweep_teacher_forced,8x4,tf,10037,,,,overwrite,0.78,0.56,0.5
size_sweep_teacher_forced,8x4,tf,10038,,,,overwrite,0.72,0.52,0.62
size_sweep_teacher_forced,8x4,tf,10039,,,,overwrite,0.72,0.42,0.4
size_sweep_teacher_forced,8x4,tf,10040,,,,overwrite,0.88,0.28,0.26
size_sweep_teacher_forced,8x4,tf,10041,,,,overwrite,0.76,0.46,0.56
size_sweep_teacher_forced,8x4,tf,10042,,,,overwrite,0.84,0.22,0.22
size_sweep_teacher_forced,8x4,tf,10043,,,,overwrite,0.76,0.22,0.22
size_sweep_teacher_forced,8x4,tf,10044,,,,overwrite,0.78,0.52,0.52
size_sweep_teacher_forced,8x4,tf,10045,,,,overwrite,0.86,0.22,0.18
size_sweep_teacher_forced,8x4,tf,10046,,,,overwrite,0.76,0.6,0.68
size_sweep_teacher_forced,8x4,tf,10047,,,,overwrite,0.78,0.26,0.3
size_sweep_teacher_forced,8x4,tf,10048,,,,overwrite,0.82,0.36,0.32
