construction,sweep,beta,beta_max,sigma,dim,rho,T,max_pred_err_mean,w_linf_mean,w_l1_mean,max_w_linf_mean,decision_agree_mean,regret_diff_mean,max_cos_mean,diverged_mean,max_pred_err_sem,w_linf_sem,w_l1_sem,max_w_linf_sem,decision_agree_sem,regret_diff_sem,n
mwu,beta_route,1.0,,,,,100,0.4471343425472746,0.35759784027700403,0.7151956805540081,0.5376968142229545,0.9337015983525557,1.15,0.0,0.0,0.032696053962297765,0.050815385794197455,0.10163077158839491,0.025958262322672603,0.018090763563960947,0.7155233638467204,20
mwu,beta_route,1.0,,,,,500,0.5261797852262228,0.20774012932493607,0.41548025864987215,0.5878746273684221,0.9191045544759329,3.35,0.0,0.0,0.04822126250731635,0.07683296426688903,0.15366592853377808,0.039646454890736677,0.029192523343756372,1.9429697833335877,20
mwu,beta_route,2.0,,,,,100,0.42768873269059454,0.317503190582609,0.635006381165218,0.4760580533457917,0.9510488527182194,0.4,0.0,0.0,0.02345009386734735,0.04172594396571534,0.0834518879314307,0.023523940223681303,0.01627499919510768,0.5201214433086504,20
mwu,beta_route,2.0,,,,,500,0.472817695449943,0.142084324273753,0.284168648547506,0.5078070046417389,0.9585418652517597,1.85,0.0,0.0,0.038019823737831304,0.060466268449041724,0.12093253689808345,0.0348066736739909,0.022306277379810398,1.743068981332698,20
mwu,beta_route,5.0,,,,,100,0.09945112351156087,0.09722469785096648,0.19728364272565962,0.10867245450828959,0.9883832199546486,0.0,0.0,0.0,0.0073974963541562555,0.010301353255249121,0.020086953136654623,0.009416218804232046,0.002678367349053801,0.24061325159289396,20
mwu,beta_route,5.0,,,,,500,0.20764582078105676,0.09676706378873573,0.1935341275774715,0.2122526532554923,0.9856915727036402,0.6,0.0,0.0,0.036781871204180555,0.042925657672614574,0.08585131534522916,0.03725335646699027,0.010373297016258281,0.7048702754856088,20
mwu,beta_route,10.0,,,,,100,0.0007601448311961064,0.0007839591620365637,0.0015986553815483134,0.0008292667354472628,1.0,0.05,0.0,0.0,5.8871530179977136e-05,6.855946189952613e-05,0.00012903797317913835,7.066809650393343e-05,0.0,0.0881087844357011,20
mwu,beta_route,10.0,,,,,500,0.002549318813220834,0.0014642579336789086,0.0029285158673578392,0.0026143535220654436,1.0,0.05,0.0,0.0,0.00031975977019063195,0.0003754159415222604,0.0007508318830445275,0.00032786075108149064,0.0,0.0881087844357011,20
mwu,beta_route,20.0,,,,,100,3.453880676185239e-08,3.5627488408421224e-08,7.26538069079465e-08,3.7676552569476665e-08,1.0,0.05,0.0,0.0,2.675218608808348e-09,3.1114417130600804e-09,5.854116866925086e-09,3.208957555962696e-09,0.0,0.0881087844357011,20
mwu,beta_route,20.0,,,,,500,1.1600128559385858e-07,6.695242661391987e-08,1.3390485328376538e-07,1.1898184171243997e-07,1.0,0.05,0.0,0.0,1.4517979558565289e-08,1.7047533453309787e-08,3.409506691094455e-08,1.4894309446286246e-08,0.0,0.0881087844357011,20
mwu,beta_route,50.0,,,,,100,4.782285678572862e-15,0.0,0.0,0.0,1.0,0.0,0.0,0.0,9.825671843192946e-17,0.0,0.0,0.0,0.0,0.0,20
mwu,beta_route,50.0,,,,,500,5.051514762044462e-15,0.0,0.0,0.0,1.0,0.0,0.0,0.0,1.280498315426828e-16,0.0,0.0,0.0,0.0,0.0,20
mwu,beta_route,100.0,,,,,100,9.153788838034416e-15,0.0,0.0,0.0,1.0,0.0,0.0,0.0,2.977107681956368e-16,0.0,0.0,0.0,0.0,0.0,20
mwu,beta_route,100.0,,,,,500,9.772738174262941e-15,0.0,0.0,0.0,1.0,0.0,0.0,0.0,3.505164207635645e-16,0.0,0.0,0.0,0.0,0.0,20
mwu,beta_route,1000.0,,,,,100,7.528144774227031e-14,0.0,0.0,0.0,1.0,0.0,0.0,0.0,1.7057532062714278e-15,0.0,0.0,0.0,0.0,0.0,20
mwu,beta_route,1000.0,,,,,500,7.805145418871007e-14,0.0,0.0,0.0,1.0,0.0,0.0,0.0,1.7313666533947515e-15,0.0,0.0,0.0,0.0,0.0,20
mwu,beta_route,10000.0,,,,,100,1.2050332953705834e-12,0.0,0.0,0.0,1.0,0.0,0.0,0.0,2.761680565827592e-14,0.0,0.0,0.0,0.0,0.0,20
mwu,beta_route,10000.0,,,,,500,1.2512990643642753e-12,0.0,0.0,0.0,1.0,0.0,0.0,0.0,2.7185114725336194e-14,0.0,0.0,0.0,0.0,0.0,20
mwu,beta_route,1000000.0,,,,,100,7.712717964292182e-11,0.0,0.0,0.0,1.0,0.0,0.0,0.0,1.7686040333251028e-12,0.0,0.0,0.0,0.0,0.0,20
mwu,beta_route,1000000.0,,,,,500,8.010861834994998e-11,0.0,0.0,0.0,1.0,0.0,0.0,0.0,1.7410150183877067e-12,0.0,0.0,0.0,0.0,0.0,20
mwu,beta_x_dim,10.0,,,32.0,,100,1500.9984121229033,0.6009456066496266,1.216210879669418,0.6845757212551009,0.5509433797261485,24.3,0.42987845624866206,0.0,1488.690416136155,0.07516649026649454,0.14784869302099143,0.055906191506439176,0.012759045279549925,2.4334294621723513,20
mwu,beta_x_dim,10.0,,,32.0,,500,8.891220614351712e+21,0.6953166599340665,1.3906349816041017,0.8448481916662631,0.5074937549239713,140.6,0.42987845624866206,0.0,8.891220614351711e+21,0.09688807676193992,0.1937756159481667,0.056205973791905305,0.006202378476467451,10.555218215600629,20
mwu,beta_x_dim,10.0,,,64.0,,100,6.890113696980697,0.6171875285962369,1.2500657957238577,0.6874902706875068,0.5705892259434233,22.85,0.3037448800457848,0.0,1.2018229897508244,0.06834113549998228,0.13773714266772585,0.04980190679166297,0.01940035971889131,2.7157193483398405,20
mwu,beta_x_dim,10.0,,,64.0,,500,370.9945868780821,0.5929709488052415,1.1859418981653673,0.7715649107029702,0.5132087946419615,140.45,0.3037448800457848,0.0,333.6922967613139,0.10441801063986039,0.20883602138907678,0.06156434097866415,0.007619122801820117,9.19166527492792,20
mwu,beta_x_dim,10.0,,,128.0,,100,2.9921152399636357,0.6095647625377378,1.2752580232157424,0.6247551728608138,0.6200016247048648,19.95,0.21509703921459797,0.0,0.452563832520134,0.061784485490778224,0.12313294345513733,0.05717858239020193,0.02234425037827886,2.840010192717068,20
mwu,beta_x_dim,10.0,,,128.0,,500,14.077188317353194,0.7648692302380801,1.5311184295253892,0.8200788329234664,0.5338527685480938,131.75,0.21509703921459797,0.0,2.5564623561034407,0.08374546957997522,0.16768694092389907,0.06461962333208564,0.012293335596040868,9.34425660921977,20
mwu,beta_x_dim,10.0,,,256.0,,100,1.5269508964241674,0.6187499723773007,1.2425237043117692,0.6379488742748488,0.6804505299151838,17.85,0.1550567335036368,0.0,0.22197188490924497,0.06890891906453304,0.13757320673369489,0.06323735203751249,0.023600902023012633,2.703092770571478,20
mwu,beta_x_dim,10.0,,,256.0,,500,5.887936029268313,0.7105067512565435,1.4210135093748018,0.7931856199397905,0.5676956648260522,125.35,0.1550567335036368,0.0,1.1205452068968025,0.09248345940265373,0.1849669191826777,0.06990270140995836,0.022966279797431228,10.306940686536887,20
mwu,beta_x_dim,10.0,,,512.0,,100,0.9878807045826695,0.5360444616085649,1.0914223647879493,0.54652358314364,0.7542114783432898,13.75,0.11256930318829403,0.0,0.12715265840410067,0.05998879619351961,0.12269201560936321,0.05678891708863757,0.024038140869971844,2.2790522037391816,20
mwu,beta_x_dim,10.0,,,512.0,,500,3.1428387832963187,0.6899789192353168,1.3801604748031802,0.7744179729545086,0.609012120251104,111.55,0.11256930318829403,0.0,0.5256712851647709,0.08960710239587939,0.17925095088350873,0.06780444463376796,0.028665092758095593,10.354372328431573,20
mwu,beta_x_dim,10.0,,,1024.0,,100,0.682827989070069,0.31997759729911573,0.649092610414684,0.33710285060088113,0.817079945255203,9.75,0.07631120382617425,0.0,0.07045405542923597,0.04917178668136955,0.09841816986223527,0.04767753755358864,0.02410410461805509,2.2825136190289492,20
mwu,beta_x_dim,10.0,,,1024.0,,500,2.306814326991023,0.367138298783467,0.734279351293871,0.5037295933524876,0.6181534852141881,110.5,0.07631120382617425,0.0,0.2684377120781363,0.09873653975577767,0.1974728750701609,0.08385110402501905,0.024175885006719043,10.975930604353278,20
mwu,beta_x_dim,10.0,,,2048.0,,100,0.47379113328866984,0.22045918206066925,0.44502449268196387,0.24141463500388688,0.8661734088199479,6.55,0.051551048728795304,0.0,0.05839715410352178,0.03725948516362293,0.07448010496794996,0.03447706849622622,0.02338522457383811,1.677207892835433,20
mwu,beta_x_dim,10.0,,,2048.0,,500,1.678190993547187,0.32879656599811946,0.65759314288173,0.4270785981696726,0.7039580517721746,87.25,0.051551048728795304,0.0,0.25408625474862073,0.0908008164975997,0.18160163108502436,0.07763395343676235,0.035308491132373575,14.00636603383205,20
mwu,beta_x_dim,10.0,,,4096.0,,100,0.4062993934492426,0.19443710033140038,0.4006553614571108,0.21137823148451296,0.8974113202294351,4.1,0.03922669294206142,0.0,0.0440307708403676,0.03125179086002426,0.061341767651273485,0.029406278018581335,0.018865448098850112,1.2245299850189566,20
mwu,beta_x_dim,10.0,,,4096.0,,500,1.3993066818287954,0.3010960110343356,0.6022223163428772,0.3983391521448403,0.7298960472576225,70.05,0.03922669294206142,0.0,0.1873307549843272,0.08227468501764333,0.1645435764915956,0.07238619364321021,0.033457331086061165,12.3872759419962,20
mwu,beta_x_dim,10.0,,,8192.0,,100,0.27559595866389397,0.1413600928343136,0.2867714221541141,0.1505072598743507,0.930639417528961,2.1,0.02690977681026293,0.0,0.03387635558368131,0.021078870194009672,0.04181362262373821,0.020056008801186964,0.01609133645133982,0.8268519882822535,20
mwu,beta_x_dim,10.0,,,8192.0,,500,0.9944672473041913,0.23856751019169073,0.47713502508640754,0.3248041608220257,0.8048585023318882,42.1,0.02690977681026293,0.0,0.15152417293319648,0.06641171521039539,0.1328234317549971,0.06345081370387487,0.03460655027971494,10.305568244502835,20
mwu,beta_x_dim,10.0,,,16384.0,,100,0.18668820944471237,0.10677883468116796,0.21630881237557958,0.11327867523702828,0.9497761934514513,2.05,0.018734089829520746,0.0,0.02861350061223098,0.01973154393863839,0.04042448392230869,0.01869589222151727,0.01379334372478843,0.8567840727793794,20
mwu,beta_x_dim,10.0,,,16384.0,,500,0.6178825238679672,0.17478586646112318,0.34957173433896543,0.24303923825914558,0.8956716088711001,16.9,0.018734089829520746,0.0,0.11623217910844784,0.051210744785303346,0.10242148981531983,0.05264000365523224,0.02921563055358951,7.1014824249292445,20
mwu,beta_x_dim,20.0,,,32.0,,100,9.706551797195097,0.6018415554501003,1.2184065287255694,0.6771565408324152,0.554448430231199,24.45,0.42987845624866206,0.0,1.6542544590974129,0.07696482873502491,0.15137488903267407,0.058995904913428335,0.012467350612774599,2.4186501237369225,20
mwu,beta_x_dim,20.0,,,32.0,,500,60.14943355161224,0.6398526156175146,1.2797069066882347,0.7830476233033902,0.5054895465071375,144.2,0.42987845624866206,0.0,16.9063582085296,0.10302334615689412,0.20604622936754574,0.06243100497266856,0.005944503473830967,9.725603756119854,20
mwu,beta_x_dim,20.0,,,64.0,,100,6.304947486866027,0.6163677953879289,1.2484305011274761,0.6854815216198732,0.5715892259434232,22.85,0.3037448800457848,0.0,1.1194555549789984,0.0686037837959228,0.13826847416700636,0.05044534225041208,0.019397404513488772,2.7195926552567236,20
mwu,beta_x_dim,20.0,,,64.0,,500,30.42165621951317,0.5887151615067449,1.1775959692916462,0.7658410689110523,0.5129077926379535,140.6,0.3037448800457848,0.0,6.078717913660815,0.10362454299194465,0.20728349363648016,0.061545326751709165,0.007289493010886625,9.199084622653324,20
mwu,beta_x_dim,20.0,,,128.0,,100,2.946094364704367,0.6087895265687472,1.2736227276149585,0.6236266513815644,0.6205066752099153,20.0,0.21509703921459797,0.0,0.44799291688658166,0.0618500107479817,0.1232212089446831,0.05740170833527788,0.022679341116716212,2.821906783495309,20
mwu,beta_x_dim,20.0,,,128.0,,500,13.19226532598934,0.7569965721251573,1.5153731132985628,0.8157530926585557,0.5352555741593163,131.25,0.21509703921459797,0.0,2.4395111319947915,0.08324238660147337,0.1666722342037424,0.06425251675481418,0.012849533017351146,9.368164174479436,20
mwu,beta_x_dim,20.0,,,256.0,,100,1.5149061284354375,0.6188316657159717,1.24235774288273,0.6377604392778026,0.6789353784000323,17.9,0.1550567335036368,0.0,0.2199297581294875,0.06881924152929826,0.13753669366612967,0.0632470122935661,0.023006010427560536,2.6890616637739915,20
mwu,beta_x_dim,20.0,,,256.0,,500,5.665730056341603,0.7151965076743374,1.4303930229549722,0.7944544205059285,0.5653910572172604,126.3,0.1550567335036368,0.0,1.074513549202401,0.09218500275560369,0.18437000599254125,0.06997132371588945,0.02077509424290656,9.76516364699699,20
mwu,beta_x_dim,20.0,,,512.0,,100,0.9847339842935663,0.535267927287932,1.089878726275613,0.5457025202069751,0.7547114783432899,13.8,0.11256930318829403,0.0,0.12678756613126804,0.059958347004199754,0.12265557468820507,0.05678986502690357,0.023929007539698843,2.2856531946723213,20
mwu,beta_x_dim,20.0,,,512.0,,500,3.080404311682967,0.6812356063838519,1.362673870889564,0.7667053406145244,0.6114143254647442,110.45,0.11256930318829403,0.0,0.5140038787021665,0.09095610647587711,0.18194943814786793,0.06956369274067138,0.02926525287187437,10.563959335500364,20
mwu,beta_x_dim,20.0,,,1024.0,,100,0.6810976969160208,0.3196785878790003,0.6486141344726044,0.3367124684013722,0.8175799452552029,9.7,0.07631120382617425,0.0,0.07019711494222064,0.04907130171519034,0.09820281412657862,0.0475967291641839,0.024057846278971187,2.277001722025098,20
mwu,beta_x_dim,20.0,,,1024.0,,500,2.2645148750129773,0.36616578134426814,0.73233431641496,0.5035996097142738,0.6185538868206139,110.3,0.07631120382617425,0.0,0.26121892984591666,0.09859870127780695,0.19719720487679157,0.08364608728964967,0.024190519946266774,11.001698433471653,20
mwu,beta_x_dim,20.0,,,2048.0,,100,0.4726603586044799,0.22027966259791665,0.4447804352004579,0.24124269410529653,0.8661734088199479,6.55,0.051551048728795304,0.0,0.05826182056046807,0.037220666089504695,0.07439766225114999,0.03444827407625629,0.02338522457383811,1.677207892835433,20
mwu,beta_x_dim,20.0,,,2048.0,,500,1.6486911348179372,0.3283379072534375,0.6566758243913817,0.42665541454326733,0.7054582521729762,86.8,0.051551048728795304,0.0,0.24849092700832,0.09068363818684597,0.18136727467272684,0.0775337926049339,0.03561671870411902,14.091169313849683,20
mwu,beta_x_dim,20.0,,,4096.0,,100,0.40553240239780025,0.19433350655930534,0.4004593971606177,0.21124348455129455,0.8974113202294351,4.1,0.03922669294206142,0.0,0.043937955119749024,0.031153057342444015,0.06114247580613232,0.02932476107435243,0.018865448098850112,1.2245299850189566,20
mwu,beta_x_dim,20.0,,,4096.0,,500,1.3811756708800267,0.3007282847045572,0.601486852257745,0.39807622613173044,0.7301964480592256,69.9,0.03922669294206142,0.0,0.18468633545140148,0.08176128282013535,0.1635167418445618,0.07203010854845367,0.03344792232531759,12.392039040406036,20
mwu,beta_x_dim,20.0,,,8192.0,,100,0.275067352441284,0.14120785541085792,0.2865260032655307,0.1503605466611799,0.930639417528961,2.1,0.02690977681026293,0.0,0.03377722747634079,0.020979491810232127,0.04161576069647491,0.019954248047393302,0.01609133645133982,0.8268519882822535,20
mwu,beta_x_dim,20.0,,,8192.0,,500,0.9821837367636256,0.23810626165650692,0.4762125288804599,0.32445923480210453,0.8056601079527684,41.9,0.02690977681026293,0.0,0.14945365124805693,0.06616258198260506,0.13232516568765829,0.06312340594110802,0.03453491772693194,10.275392168210724,20
mwu,beta_x_dim,20.0,,,16384.0,,100,0.18618402785108856,0.10647254151969024,0.215670185046643,0.11295188811950907,0.9497761934514513,2.05,0.018734089829520746,0.0,0.028571027561455194,0.019714276622664173,0.040367346534218494,0.018675589306036525,0.01379334372478842,0.8567840727793794,20
mwu,beta_x_dim,20.0,,,16384.0,,500,0.6110497893786602,0.17457882091444626,0.34915764304392144,0.24233627891313478,0.8967744185064349,16.55,0.018734089829520746,0.0,0.11473312683916172,0.05108995796342212,0.10217991612690056,0.05255155282418712,0.029110040576428863,7.030562978131529,20
mwu,beta_x_dim,50.0,,,32.0,,100,9.286010475601811,0.6096473205291856,1.2340180588238798,0.6811521439339107,0.555448430231199,24.35,0.42987845624866206,0.0,1.5938691994785568,0.07447188406061717,0.14621924760356672,0.05714396967544158,0.012903212440222564,2.4195203961463974,20
mwu,beta_x_dim,50.0,,,32.0,,500,44.056060123936994,0.6764305275662306,1.3528627305856669,0.7997234386467782,0.5057895465071376,144.15,0.42987845624866206,0.0,7.6443523583948725,0.09995486202654141,0.19990921462527247,0.061078112625849314,0.006070730388525181,9.720914782597688,20
mwu,beta_x_dim,50.0,,,64.0,,100,6.194343604628822,0.6163400708965642,1.248375051610076,0.685435836826586,0.573599430025056,22.65,0.3037448800457848,0.0,1.154633542610796,0.06861021557133967,0.13828155865520503,0.05045872698479025,0.019865466898741968,2.7465528634233403,20
mwu,beta_x_dim,50.0,,,64.0,,500,29.789835832869954,0.5887151615367187,1.1775959693515938,0.7658019686747216,0.5133081942443791,140.4,0.3037448800457848,0.0,6.2101683180809335,0.10362454301142728,0.20728349367543647,0.06155942532126066,0.007325000718190977,9.243603762944177,20
mwu,beta_x_dim,50.0,,,128.0,,100,2.8738167187517827,0.6087880925183905,1.273619848934054,0.6236251515510677,0.6205066752099153,20.2,0.21509703921459797,0.0,0.43327147850990305,0.061850326158557636,0.12322171922690678,0.0574020819411976,0.022676985030292873,2.845680013079845,20
mwu,beta_x_dim,50.0,,,128.0,,500,12.856569288099346,0.7569695414259833,1.515319051900214,0.8157395349871642,0.5352555741593163,131.45,0.21509703921459797,0.0,2.368539549218966,0.08324140866334606,0.16667024736527847,0.06425173551107664,0.012838022932668652,9.344143958426017,20
mwu,beta_x_dim,50.0,,,256.0,,100,1.4956425868190648,0.6188316761434294,1.242357669076228,0.6377603831739083,0.6809505299151838,18.0,0.1550567335036368,0.0,0.21577454672616245,0.06881921240409185,0.1375366755888506,0.06324700803773643,0.02285416896942914,2.6872016358247004,20
mwu,beta_x_dim,50.0,,,256.0,,500,5.566802980426216,0.7151969942414433,1.4303939960892045,0.794454586010472,0.5658916584196652,126.45,0.1550567335036368,0.0,1.0453369010615443,0.09218499534098744,0.18436999116331007,0.06997133700761357,0.02076340082713857,9.717449037143115,20
mwu,beta_x_dim,50.0,,,512.0,,100,0.9819566229991349,0.5352678554365725,1.0898785839666036,0.5457024376980659,0.7542012742616572,13.85,0.11256930318829403,0.0,0.12681950797875072,0.05995834223132414,0.12265556784598501,0.05678986613705746,0.023865218016407355,2.2841271510371883,20
mwu,beta_x_dim,50.0,,,512.0,,500,3.067565491612897,0.6812339943790406,1.3626706468815,0.7667038744046253,0.6120133234607361,109.95,0.11256930318829403,0.0,0.5141173913056135,0.09095641784911163,0.18195006095592936,0.06956408676912743,0.029542891184296385,10.623825012430165,20
mwu,beta_x_dim,50.0,,,1024.0,,100,0.6808108394401418,0.3196785602937862,0.6486140844246223,0.3367124357712984,0.8175799452552029,9.7,0.07631120382617425,0.0,0.07012985592590464,0.049071293911006356,0.09820279818375083,0.047596722590064325,0.024057846278971187,2.277001722025098,20
mwu,beta_x_dim,50.0,,,1024.0,,500,2.2624922429390515,0.366165630128118,0.7323340139826597,0.5035995733364765,0.6185532831988835,110.3,0.07631120382617425,0.0,0.2606887697207208,0.09859869623556239,0.19719719479281086,0.08364607086745048,0.02420184596255092,11.002894356055878,20
mwu,beta_x_dim,50.0,,,2048.0,,100,0.47284219082967116,0.2202796538685312,0.4447804279974877,0.2412426887266621,0.8661683583148972,6.45,0.051551048728795304,0.0,0.05835753459889075,0.037220664226020536,0.07439765785774276,0.034448272793792915,0.023295447797971967,1.6787761833205193,20
mwu,beta_x_dim,50.0,,,2048.0,,500,1.6497931319907153,0.3283378862207685,0.656675782325957,0.42665539567306376,0.7054580517721746,86.7,0.051551048728795304,0.0,0.24890446631628108,0.09068363368722897,0.18136726567351039,0.07753378821600676,0.035568793993480737,14.092569897495256,20
mwu,beta_x_dim,50.0,,,4096.0,,100,0.4056713680223236,0.1943335021006117,0.40045938979755247,0.21124347853529685,0.8974113202294351,4.1,0.03922669294206142,0.0,0.0439513563952271,0.03115305172705401,0.06114246427986943,0.029324756404635513,0.018865448098850112,1.2245299850189566,20
mwu,beta_x_dim,50.0,,,4096.0,,500,1.3820866092702357,0.3007282666026464,0.6014868160535651,0.39807621618738487,0.7302964480592256,69.85,0.03922669294206142,0.0,0.18489394673678564,0.08176125294053913,0.16351668208359277,0.07203008778836145,0.03343450578142701,12.38404640104186,20
mwu,beta_x_dim,50.0,,,8192.0,,100,0.2751061705376795,0.14120784746119638,0.2865259899782028,0.1503605389920005,0.930639417528961,2.1,0.02690977681026293,0.0,0.03378207783438342,0.020979486826276005,0.04161575089732826,0.01995424294264262,0.01609133645133982,0.8268519882822535,20
mwu,beta_x_dim,50.0,,,8192.0,,500,0.9823886837513628,0.23810624258150487,0.47621249073049315,0.3244592194706229,0.8057601079527684,41.85,0.02690977681026293,0.0,0.14952529570229905,0.06616257095895824,0.13232514364038042,0.0631233904056577,0.03452993231212797,10.26933990601456,20
mwu,beta_x_dim,50.0,,,16384.0,,100,0.18618694123458246,0.10647252700139971,0.21567015468972078,0.1129518727671814,0.9497761934514513,2.05,0.018734089829520746,0.0,0.028571062912455474,0.019714275693255123,0.04036734363709759,0.018675588224012482,0.01379334372478843,0.8567840727793794,20
mwu,beta_x_dim,50.0,,,16384.0,,500,0.6110563691194479,0.1745788124772259,0.3491576261694695,0.24233624661881653,0.8968748201128607,16.6,0.018734089829520746,0.0,0.11474186733961997,0.05108995273999627,0.10217990568004667,0.052551548802922184,0.029111455346927308,7.037269207209344,20
mwu,beta_x_dim,100.0,,,32.0,,100,9.230409373577848,0.6096294605038216,1.2339823387731519,0.6811344871215764,0.555448430231199,24.35,0.42987845624866206,0.0,1.5961232298561363,0.07446647003495926,0.14620840709617386,0.05713811876428546,0.012903212440222564,2.4195203961463974,20
mwu,beta_x_dim,100.0,,,32.0,,500,43.65719783565394,0.6764336017384612,1.3528688789301282,0.7997264398117021,0.5055895465071376,144.25,0.42987845624866206,0.0,7.645775477040177,0.09995515773472241,0.19990980604042946,0.06107826852143864,0.005975817055591003,9.71755736039832,20
mwu,beta_x_dim,100.0,,,64.0,,100,6.20379742170397,0.6163400705854705,1.248375050987889,0.6854358363004325,0.5756044805301064,22.45,0.3037448800457848,0.0,1.2046840926116344,0.0686102156644845,0.13828155884377077,0.05045872717115309,0.020336375395615426,2.75821738771525,20
mwu,beta_x_dim,100.0,,,64.0,,500,29.75444740476839,0.5887151615367179,1.1775959693515923,0.7658019681515259,0.5137083946451807,140.2,0.3037448800457848,0.0,6.392603605865215,0.10362454301142751,0.20728349367543697,0.061559425510169935,0.007400097768152955,9.25475695606262,20
mwu,beta_x_dim,100.0,,,128.0,,100,2.802216834899551,0.6087880925183737,1.2736198489340205,0.6236251515510516,0.6240319277351678,20.05,0.21509703921459797,0.0,0.4127453380947565,0.061850326158559725,0.1232217192269103,0.05740208194119961,0.02221416864346181,2.844639464714382,20
mwu,beta_x_dim,100.0,,,128.0,,500,12.403437985199822,0.7569695414257854,1.515319051899818,0.8157395349870648,0.5359565761633244,131.3,0.21509703921459797,0.0,2.208060900405066,0.08324140866333715,0.16667024736526045,0.06425173551107043,0.012753508579157467,9.289241088485106,20
mwu,beta_x_dim,100.0,,,256.0,,100,1.4729536337824456,0.6188316761434292,1.2423576690762232,0.6377603831739067,0.6799404289050828,18.1,0.1550567335036368,0.0,0.20995324784873712,0.06881921240408942,0.13753667558884747,0.06324700803773456,0.022921367706551253,2.691995933366757,20
mwu,beta_x_dim,100.0,,,256.0,,500,5.448266732479536,0.7151969942414631,1.430393996089244,0.7944545860104792,0.5659912576180619,126.4,0.1550567335036368,0.0,1.0105287353038948,0.09218499534098581,0.18436999116330685,0.0699713370076123,0.0207864858821145,9.725549639453478,20
mwu,beta_x_dim,100.0,,,512.0,,100,0.9763088604695442,0.5352678554365577,1.0898785839665701,0.5457024376980527,0.7552063247667077,13.75,0.11256930318829403,0.0,0.1266734515844345,0.05995834223132554,0.12265556784598539,0.056789866137058935,0.02378377628360133,2.276741669926333,20
mwu,beta_x_dim,100.0,,,512.0,,500,3.04018846353597,0.6812339943789881,1.362670646881395,0.7667038744046073,0.6140187455644686,109.95,0.11256930318829403,0.0,0.5135931536017835,0.09095641784911139,0.18195006095592892,0.06956408676912626,0.029816804971075393,10.66116291671983,20
mwu,beta_x_dim,100.0,,,1024.0,,100,0.6792875907868462,0.3196785602937879,0.6486140844246117,0.33671243577130544,0.818079945255203,9.75,0.07631120382617425,0.0,0.06957768325027748,0.049071293911007806,0.09820279818375705,0.04759672259006566,0.024021908244914073,2.2825136190289492,20
mwu,beta_x_dim,100.0,,,1024.0,,500,2.254204020337681,0.36616563012811104,0.7323340139826459,0.5035995733364722,0.618652679577153,110.35,0.07631120382617425,0.0,0.2577255140655643,0.09859869623556282,0.1971971947928117,0.08364607086744928,0.024223255116749817,10.983067110688832,20
mwu,beta_x_dim,100.0,,,2048.0,,100,0.4727196435204862,0.22027965386850984,0.44478042799744416,0.24124268872663862,0.8666683583148973,6.4,0.051551048728795304,0.0,0.05839326610615773,0.03722066422601653,0.07439765785773494,0.03444827279378885,0.023271239891579976,1.6708018875283872,20
mwu,beta_x_dim,100.0,,,2048.0,,500,1.6497676629966436,0.3283378862207627,0.6566757823259455,0.42665539567304644,0.7057578513713729,86.45,0.051551048728795304,0.0,0.24897125566465345,0.09068363368722428,0.181367265673501,0.07753378821600362,0.03555174778578017,14.118199340977547,20
mwu,beta_x_dim,100.0,,,4096.0,,100,0.40586517658836757,0.1943335021006154,0.40045938979756385,0.21124347853530345,0.8969011161478024,4.15,0.03922669294206142,0.0,0.04396414231836765,0.031153051727056964,0.06114246427987336,0.02932475640463745,0.018857041112433148,1.2317616823498216,20
mwu,beta_x_dim,100.0,,,4096.0,,500,1.3834557223897133,0.3007282666026475,0.6014868160535674,0.3980762161873918,0.7299960464527999,70.0,0.03922669294206142,0.0,0.18519011164358062,0.08176125294054483,0.1635166820836042,0.0720300877883659,0.03342971718373293,12.3994906516781,20
mwu,beta_x_dim,100.0,,,8192.0,,100,0.2751655374126252,0.14120784746117868,0.28652598997816753,0.1503605389919775,0.930639417528961,2.1,0.02690977681026293,0.0,0.0337895105121492,0.020979486826281223,0.041615750897339224,0.019954242942648977,0.01609133645133982,0.8268519882822535,20
mwu,beta_x_dim,100.0,,,8192.0,,500,0.9827006169253787,0.2381062425815173,0.476212490730518,0.324459219470604,0.8058601079527685,41.8,0.02690977681026293,0.0,0.14963956422685626,0.06616257095895774,0.13232514364037942,0.06312339040566568,0.03452950398422234,10.272753948392344,20
mwu,beta_x_dim,100.0,,,16384.0,,100,0.1861916464148477,0.10647252700141177,0.21567015468973896,0.11295187276718532,0.9497761934514513,2.05,0.018734089829520746,0.0,0.028571112239485566,0.019714275693258107,0.040367343637101635,0.018675588224012784,0.01379334372478843,0.8567840727793794,20
mwu,beta_x_dim,100.0,,,16384.0,,500,0.6110684064099681,0.17457881247725648,0.3491576261695307,0.24233624661882383,0.8967748201128607,16.65,0.018734089829520746,0.0,0.11475611237807294,0.05108995274000173,0.1021799056800576,0.05255154880292742,0.02909550949249484,7.030862416218188,20
mwu,beta_x_dim,1000.0,,,32.0,,100,9.096552310268375,0.6084648979522835,1.2316532136700757,0.6799699245705538,0.5549433797261485,24.4,0.42987845624866206,0.0,1.598770007425299,0.07416892462964297,0.1456145766968158,0.0568269682359592,0.01285034107594979,2.4098482153556122,20
mwu,beta_x_dim,1000.0,,,32.0,,500,42.96728145798782,0.6764335994260021,1.35286887430521,0.799726437499176,0.5055893461063359,144.35,0.42987845624866206,0.0,7.6792689844519,0.09995515734059744,0.19990980525217958,0.06107826812213897,0.006013523364762464,9.701403859344545,20
mwu,beta_x_dim,1000.0,,,64.0,,100,6.258182095695564,0.6163400705854583,1.2483750509878822,0.6854358363004047,0.5755942764484738,22.45,0.3037448800457848,0.0,1.288038812289156,0.06861021566448297,0.138281558843771,0.05045872717115574,0.020055347392200714,2.767741811810145,20
mwu,beta_x_dim,1000.0,,,64.0,,500,29.93327536915924,0.5887151615367179,1.1775959693515923,0.7658019681515101,0.513707993038755,140.2,0.3037448800457848,0.0,6.792647552686349,0.10362454301142751,0.20728349367543697,0.06155942551017432,0.007398708612540116,9.276909648777384,20
mwu,beta_x_dim,1000.0,,,128.0,,100,2.737271288418869,0.6087880925182007,1.2736198489336765,0.6236251515508948,0.6260421318168005,19.95,0.21509703921459797,0.0,0.4026713006660076,0.06185032615856193,0.12322171922692148,0.05740208194119664,0.02230676957332711,2.8232819647763803,20
mwu,beta_x_dim,1000.0,,,128.0,,500,12.075041542437562,0.7569695414257648,1.515319051899777,0.8157395349870535,0.5363569777697501,131.2,0.21509703921459797,0.0,2.149462059554875,0.08324140866329817,0.16667024736518263,0.06425173551105909,0.012745868878377715,9.276909648777384,20
mwu,beta_x_dim,1000.0,,,256.0,,100,1.4534671486967736,0.6188316761434199,1.242357669076137,0.637760383173881,0.6824398041003342,17.85,0.1550567335036368,0.0,0.19856347988851536,0.06881921240404587,0.13753667558878757,0.06324700803769953,0.02300074460222398,2.7836694828002986,20
mwu,beta_x_dim,1000.0,,,256.0,,500,5.365136850581112,0.7151969942418216,1.4303939960899608,0.7944545860106113,0.5648908511729851,125.75,0.1550567335036368,0.0,0.9724240790328474,0.09218499534095993,0.18436999116325506,0.06997133700759485,0.02048920832883343,9.742169595169889,20
mwu,beta_x_dim,1000.0,,,512.0,,100,0.9586910545782974,0.5352678554362844,1.0898785839659602,0.5457024376978081,0.7567214762818593,13.7,0.11256930318829403,0.0,0.11946496122817712,0.05995834223134867,0.12265556784599263,0.0567898661370834,0.02407915335693941,2.2677371053425412,20
mwu,beta_x_dim,1000.0,,,512.0,,500,2.9538839146756106,0.6812339943782189,1.3626706468798564,0.7667038744043678,0.6154217564102857,109.35,0.11256930318829403,0.0,0.4753439294083933,0.09095641784910305,0.18195006095591226,0.06956408676909942,0.030001457430770966,10.658644872886788,20
mwu,beta_x_dim,1000.0,,,1024.0,,100,0.663878858463628,0.3196785602938317,0.6486140844244435,0.3367124357714435,0.8280693225118851,9.25,0.07631120382617425,0.0,0.06598309136170129,0.049071293911038115,0.09820279818387816,0.04759672259009357,0.023673455877682187,2.218196280053257,20
mwu,beta_x_dim,1000.0,,,1024.0,,500,2.168672518884038,0.36616563012803954,0.7323340139825029,0.503599573336421,0.6242568871600157,109.45,0.07631120382617425,0.0,0.24056530647637578,0.09859869623556543,0.19719719479281692,0.08364607086742286,0.024421195184787133,10.852231155510445,20
mwu,beta_x_dim,1000.0,,,2048.0,,100,0.4638516736304374,0.22027965386812637,0.44478042799666395,0.24124268872621238,0.8707298983948469,6.2,0.051551048728795304,0.0,0.05681970963665648,0.03722066422594854,0.07439765785760248,0.034448272793719696,0.022392345477144134,1.570450823640678,20
mwu,beta_x_dim,1000.0,,,2048.0,,500,1.6032378144475807,0.3283378862206375,0.656675782325695,0.4266553956727003,0.7092618835612285,86.4,0.051551048728795304,0.0,0.238811690062135,0.0906836336871399,0.1813672656733323,0.07753378821594842,0.035365261988670245,13.735355838128111,20
mwu,beta_x_dim,1000.0,,,4096.0,,100,0.4026492366597654,0.1943335021006806,0.40045938979777407,0.21124347853543055,0.8979367788977509,3.85,0.03922669294206142,0.0,0.04308490288887272,0.031153051727110904,0.06114246427994464,0.029324756404672254,0.018581422912490216,1.1338685526712706,20
mwu,beta_x_dim,1000.0,,,4096.0,,500,1.3713512752522037,0.3007282666026613,0.6014868160535948,0.3980762161875023,0.732201061301775,68.7,0.03922669294206142,0.0,0.18103959433509081,0.08176125294064486,0.16351668208380427,0.07203008778844412,0.03351469895854459,12.448863824715723,20
mwu,beta_x_dim,1000.0,,,8192.0,,100,0.275153251378855,0.1412078474608512,0.2865259899775212,0.15036053899155297,0.931139417528961,2.15,0.02690977681026293,0.0,0.033785311359532215,0.020979486826376025,0.04161575089753769,0.01995424294276402,0.016163313966942445,0.8119988332892837,20
mwu,beta_x_dim,1000.0,,,8192.0,,500,0.9830003634992417,0.23810624258180463,0.4762124907310928,0.3244592194702539,0.806659910776115,41.4,0.02690977681026293,0.0,0.1504934985931201,0.06616257095896566,0.1323251436403953,0.06312339040581752,0.03451154085693496,10.280640979402424,20
mwu,beta_x_dim,1000.0,,,16384.0,,100,0.18624044991175237,0.10647252700162753,0.2156701546900627,0.11295187276724732,0.9492761934514512,2.1,0.018734089829520746,0.0,0.028568450286521708,0.019714275693312383,0.040367343637175895,0.018675588224020163,0.013782896503589421,0.85193278706962,20
mwu,beta_x_dim,1000.0,,,16384.0,,500,0.6111046406399966,0.17457881247778598,0.34915762617058965,0.24233624661894618,0.8961748201128608,16.65,0.018734089829520746,0.0,0.11498874543060052,0.051089952740100156,0.10217990568025444,0.05255154880302227,0.029027930800002304,7.031610955647285,20
mwu,beta_x_dim,1000000.0,,,32.0,,100,9.117923528710467,0.6074971962060891,1.2297178101776869,0.679002222790899,0.5549433797261485,24.4,0.42987845624866206,0.0,1.603305023585335,0.07393472149817905,0.14514771492808706,0.05658534901214371,0.01285034107594979,2.4098482153556122,20
mwu,beta_x_dim,1000000.0,,,32.0,,500,43.07647270913291,0.6764335664913944,1.3528688084359946,0.7997264045441312,0.5055893461063359,144.35,0.42987845624866206,0.0,7.710690217631385,0.09995515172935004,0.1999097940296852,0.06107826245167325,0.006013523364762464,9.701403859344545,20
mwu,beta_x_dim,1000000.0,,,64.0,,100,6.236689363475985,0.6163400705761046,1.248375050983689,0.6854358362747541,0.5755942764484738,22.45,0.3037448800457848,0.0,1.2872090604913764,0.06861021566370212,0.13828155884489565,0.05045872717482981,0.020055347392200714,2.767741811810145,20
mwu,beta_x_dim,1000000.0,,,64.0,,500,29.852228009670018,0.5887151615367195,1.1775959693515954,0.7658019681349955,0.513707993038755,140.2,0.3037448800457848,0.0,6.789347238008325,0.10362454301142711,0.20728349367543616,0.06155942551480133,0.007398708612540116,9.276909648777384,20
mwu,beta_x_dim,1000000.0,,,128.0,,100,2.734599905780542,0.6087880923229411,1.273619848545908,0.623625151367449,0.6260319277351678,19.85,0.21509703921459797,0.0,0.40310380121187006,0.061850326162270326,0.12322171924226151,0.05740208194144881,0.022191902125270516,2.8286829741809263,20
mwu,beta_x_dim,1000000.0,,,128.0,,500,12.048594803472442,0.7569695413866242,1.5153190518214958,0.8157395349499954,0.5369589858018786,131.0,0.21509703921459797,0.0,2.153547010688598,0.08324140862785742,0.16667024729441876,0.06425173550568435,0.013022098118752087,9.288929460724514,20
mwu,beta_x_dim,1000000.0,,,256.0,,100,1.4595549117010242,0.6188316761343485,1.2423576689799227,0.6377603831454133,0.682450008181967,17.65,0.1550567335036368,0.0,0.19793902942903713,0.06881921235577576,0.13753667552345022,0.06324700799938147,0.022561532489379834,2.7987544222009677,20
mwu,beta_x_dim,1000000.0,,,256.0,,500,5.382960698665039,0.7151969946466608,1.4303939968996393,0.7944545861590028,0.5635928592051136,125.3,0.1550567335036368,0.0,0.9721078377269263,0.09218499531138569,0.18436999110410657,0.06997133698810877,0.01974523593982981,9.4813112573048,20
mwu,beta_x_dim,1000000.0,,,512.0,,100,0.9596758615487715,0.535267855144979,1.0898785833047688,0.5457024374425731,0.7572317834350235,13.65,0.11256930318829403,0.0,0.11828790192851028,0.05995834225875595,0.1226555678519062,0.05678986616529703,0.023771859053853855,2.2293201701533656,20
mwu,beta_x_dim,1000000.0,,,512.0,,500,2.9758144065152976,0.6812339935865692,1.3626706452965538,0.7667038741621377,0.6153219592255548,109.3,0.11256930318829403,0.0,0.4735256162910115,0.09095641784103262,0.18195006093986554,0.06956408674098997,0.03004489317745853,10.65835476590029,20
mwu,beta_x_dim,1000000.0,,,1024.0,,100,0.6608817136357343,0.31967856034112935,0.648614084231921,0.33671243592474964,0.8285690069217315,9.5,0.07631120382617425,0.0,0.06540748636982609,0.049071293942921125,0.09820279831593774,0.047596722619540247,0.02438070379011687,2.1986838168130927,20
mwu,beta_x_dim,1000000.0,,,1024.0,,500,2.1646411234373417,0.3661656300392147,0.7323340138048531,0.5035995732809696,0.6281626898913502,108.7,0.07631120382617425,0.0,0.24565942208482472,0.09859869623965223,0.19719719480098416,0.08364607083623021,0.024601262005919534,10.878781859052147,20
mwu,beta_x_dim,1000000.0,,,2048.0,,100,0.44754015694314536,0.22027965343810024,0.44478042712333454,0.24124268825342865,0.8742608262298983,6.25,0.051551048728795304,0.0,0.053761832361173524,0.037220664150888566,0.07439765771089202,0.03444827271752618,0.021450365016719642,1.5692354826475214,20
mwu,beta_x_dim,1000000.0,,,2048.0,,500,1.5178640882321737,0.3283378860704871,0.6566757820253939,0.42665539528247215,0.7163713233534372,84.55,0.051551048728795304,0.0,0.22257547126090876,0.09068363359531549,0.1813672654896835,0.07753378815567014,0.035199684566130714,13.469551432377903,20
mwu,beta_x_dim,1000000.0,,,4096.0,,100,0.39476148609526557,0.1943335021840305,0.4004593900442295,0.21124347868417423,0.8979770798666233,3.95,0.03922669294206142,0.0,0.04242715054788989,0.03115305178912416,0.061142464364564844,0.029324756446167912,0.017626408374212605,1.0796563780837132,20
mwu,beta_x_dim,1000000.0,,,4096.0,,500,1.32814279308309,0.30072826662116176,0.601486816090592,0.3980762163229236,0.7400150933819997,65.6,0.03922669294206142,0.0,0.170912150152815,0.08176125305103324,0.16351668230458766,0.07203008787610932,0.034139812629520885,12.637121590981987,20
mwu,beta_x_dim,1000000.0,,,8192.0,,100,0.270424223604776,0.14120784709816273,0.2865259892566753,0.15036053852309772,0.9316393144574293,2.0,0.02690977681026293,0.0,0.03380991335554118,0.02097948693205383,0.04161575111939381,0.019954243070625877,0.015795914151853916,0.8239826262859263,20
mwu,beta_x_dim,1000000.0,,,8192.0,,500,0.9708937378334579,0.2381062428826927,0.4762124913328689,0.32445921906708464,0.8104715622059695,38.4,0.02690977681026293,0.0,0.14130516814168634,0.06616257096861437,0.13232514365969267,0.06312339057602748,0.03442669734796989,9.75149111404858,20
mwu,beta_x_dim,1000000.0,,,16384.0,,100,0.18481531662263234,0.10647252723896541,0.21567015504518072,0.1129518728394329,0.9502914480381344,2.2,0.018734089829520746,0.0,0.027949273447622075,0.019714275753310067,0.04036734371899353,0.018675588230258635,0.013702012837344402,0.8602325267042625,20
mwu,beta_x_dim,1000000.0,,,16384.0,,500,0.6093749601550413,0.17457881306858752,0.3491576273521927,0.24233624675693594,0.8979973141308191,16.35,0.018734089829520746,0.0,0.11839182389947234,0.051089952851362745,0.10217990590277962,0.052551548907451354,0.029091237230561704,7.467217828968375,20
mwu,beta_x_noise,10.0,,0.0,,,100,0.0007601448311961064,0.0007839591620365637,0.0015986553815483134,0.0008292667354472628,1.0,0.05,0.0,0.0,5.8871530179977136e-05,6.855946189952613e-05,0.00012903797317913835,7.066809650393343e-05,0.0,0.0881087844357011,20
mwu,beta_x_noise,10.0,,0.0,,,500,0.002549318813220834,0.0014642579336789086,0.0029285158673578392,0.0026143535220654436,1.0,0.05,0.0,0.0,0.00031975977019063195,0.0003754159415222604,0.0007508318830445275,0.00032786075108149064,0.0,0.0881087844357011,20
mwu,beta_x_noise,10.0,,1e-05,,,100,0.0009715233523879318,0.0008164581582240295,0.001660339650992183,0.0008962223902352559,1.0,0.2,0.0,0.0,6.407706657710851e-05,8.265864970823572e-05,0.0001586283683975203,8.491267949426564e-05,0.0,0.15559732104309984,20
mwu,beta_x_noise,10.0,,1e-05,,,500,0.002680790243457301,0.001503315233867869,0.0030066304677357895,0.0027034337967183296,1.0,0.2,0.0,0.0,0.00033449316371627583,0.00038873974288858515,0.0007774794857771796,0.00034528147631892307,0.0,0.15559732104309984,20
mwu,beta_x_noise,10.0,,0.0001,,,100,0.005906118731556209,0.0014941739538911526,0.003024296205929246,0.002765046668245037,0.998,0.2,0.0,0.0,0.00023945422704479237,0.0002851861965330477,0.0005634325159354971,0.00025942210135246167,0.0009176629354822567,0.18637822325921868,20
mwu,beta_x_noise,10.0,,0.0001,,,500,0.008312686004148018,0.0018527180633499563,0.003705436126699939,0.004561381643299507,0.9993000000000001,0.25,0.0,0.0,0.0007584349772332164,0.0006430477678671081,0.0012860955357342403,0.0006191491637927324,0.00041738534511383393,0.2035862677614888,20
mwu,beta_x_noise,10.0,,0.001,,,100,0.0576914717944708,0.01187775275045191,0.02422068057286541,0.025380285297842163,0.9873931116339069,0.35,0.0,0.0,0.002591160931955773,0.0022079880768862354,0.004407705152860455,0.00218012549680779,0.001606595263196108,0.29267370011130506,20
mwu,beta_x_noise,10.0,,0.001,,,500,0.07319228515343792,0.008142690870975444,0.01628538175829877,0.0329110296144098,0.9944899630537893,0.55,0.0,0.0,0.006420281278832539,0.003969521391886765,0.007939042782011114,0.003993674860195787,0.0017686657857129081,0.5734246153363877,20
mwu,beta_x_noise,10.0,,0.01,,,100,0.4723996840681951,0.10484915651113813,0.21532242951810984,0.2084697230359839,0.8829415361271031,3.95,0.0,0.0,0.0169827470373863,0.020418237897986333,0.040408095131551774,0.021190546491767794,0.0068316004587912075,0.7271972149793232,20
mwu,beta_x_noise,10.0,,0.01,,,500,0.590301020058048,0.049433958672024936,0.09886797199273761,0.24232521789119815,0.950817318136471,5.6,0.0,0.0,0.031466148479590894,0.01722793132030316,0.03445586688923415,0.028331556586312718,0.009296889158056583,1.4315982970828536,20
mwu,beta_x_noise,10.0,,0.03,,,100,0.8738083847570287,0.19981803798872227,0.4068820897632929,0.3643547368611018,0.7764596416510996,11.35,0.0,0.0,0.019973750658454466,0.03383232205139576,0.0673284802544239,0.02951368400369735,0.010855308638183212,1.3124404748406686,20
mwu,beta_x_noise,10.0,,0.03,,,500,1.0387254454111072,0.12351751915921982,0.24703511107763343,0.4432963822167263,0.8652812700154051,25.25,0.0,0.0,0.023442411419789016,0.05241635750820103,0.10483271133872135,0.0498246313506389,0.01320099674196046,2.8133843638840688,20
mwu,beta_x_noise,10.0,,0.1,,,100,1.2316277526605455,0.2998236152529575,0.6036880756482901,0.6015112165512491,0.701657372164736,15.65,0.0,0.0,0.03507225709018109,0.05459617557441473,0.10891110236841701,0.026299817959811327,0.014713490658306063,1.764078706920563,20
mwu,beta_x_noise,10.0,,0.1,,,500,1.5443145297370502,0.27679965091005265,0.553599822096213,0.6911216832006273,0.7254176481606559,70.75,0.0,0.0,0.02257799362595447,0.08308210220839247,0.1661644383403995,0.0457939648995279,0.01205630434071111,6.572620642123137,20
mwu,beta_x_noise,10.0,,0.3,,,100,2.4922765002637925,0.6885530211721914,1.3864420111685352,0.8398754034072906,0.5800996297925606,23.75,0.0,0.0,0.11486187078172912,0.06279135255797966,0.12479128500040687,0.030063882398024017,0.01120605972758319,2.151957493221364,20
mwu,beta_x_noise,10.0,,0.3,,,500,2.9176430401176034,0.7230846791609011,1.4461694898396709,0.9032882428987843,0.5808497353858606,121.85,0.0,0.0,0.08832272123614864,0.09155777683263545,0.18311557458754935,0.03152118362502715,0.008203136258330497,7.618286518219449,20
mwu,beta_x_noise,20.0,,0.0,,,100,3.453880676185239e-08,3.5627488408421224e-08,7.26538069079465e-08,3.7676552569476665e-08,1.0,0.05,0.0,0.0,2.675218608808348e-09,3.1114417130600804e-09,5.854116866925086e-09,3.208957555962696e-09,0.0,0.0881087844357011,20
mwu,beta_x_noise,20.0,,0.0,,,500,1.1600128559385858e-07,6.695242661391987e-08,1.3390485328376538e-07,1.1898184171243997e-07,1.0,0.05,0.0,0.0,1.4517979558565289e-08,1.7047533453309787e-08,3.409506691094455e-08,1.4894309446286246e-08,0.0,0.0881087844357011,20
mwu,beta_x_noise,20.0,,1e-05,,,100,0.0011485398414262493,0.00023228211490203022,0.00047692920249769603,0.0004886916223785787,1.0,0.2,0.0,0.0,5.115531924280866e-05,4.214613139344791e-05,8.370177278357646e-05,4.242482683316792e-05,0.0,0.15559732104309984,20
mwu,beta_x_noise,20.0,,1e-05,,,500,0.0014173024249822669,0.000176173743614023,0.0003523475286597651,0.0006590902194161336,1.0,0.2,0.0,0.0,0.00011473996326485076,8.30945351485896e-05,0.0001661890796020093,8.339382499069787e-05,0.0,0.15559732104309984,20
mwu,beta_x_noise,20.0,,0.0001,,,100,0.01146477628206429,0.0023230239869202426,0.00476877405933023,0.004878885982951798,0.9974845360824742,0.25,0.0,0.0,0.0005122526574906916,0.0004199214840419812,0.0008347821875018745,0.00042347557428967065,0.0009996447338678977,0.2161261814676544,20
mwu,beta_x_noise,20.0,,0.0001,,,500,0.014117564709868188,0.001742462747125814,0.003484925873189073,0.00656732574174216,0.9988989955766664,0.25,0.0,0.0,0.0011458686487618814,0.0008240066937167871,0.001648013471620964,0.0008321536198033804,0.0004468262737627538,0.23924222475404114,20
mwu,beta_x_noise,20.0,,0.001,,,100,0.11106973290505207,0.023222889625722918,0.04740875500536673,0.04784618834433063,0.9743016871853396,0.45,0.0,0.0,0.005330774754922446,0.004078911103166464,0.008155205614500095,0.004089875351072768,0.0032133292249849946,0.41342599414112674,20
mwu,beta_x_noise,20.0,,0.001,,,500,0.13572879800987836,0.015457978215814266,0.030916956098175897,0.06259626649593442,0.9891769144666552,0.6,0.0,0.0,0.010515128149285536,0.007239299588941691,0.014478487103959287,0.007928623914146102,0.003946509622564813,0.591162992930483,20
mwu,beta_x_noise,20.0,,0.01,,,100,0.7461281712517198,0.16428966967153688,0.33482099146569666,0.2995395055555889,0.8127701026677462,8.45,0.0,0.0,0.018082055074178954,0.02856370490897852,0.05687103264437272,0.029194452348053925,0.009006699747394296,1.1156187803895623,20
mwu,beta_x_noise,20.0,,0.01,,,500,0.8640889576589099,0.09514156425063405,0.19028409895895906,0.36110938784941526,0.9088400591377741,13.6,0.0,0.0,0.02325323062921247,0.040760902363477625,0.0815217334403228,0.039092381549901585,0.012355920924236357,1.8084596527955699,20
mwu,beta_x_noise,20.0,,0.03,,,100,0.9648013431426389,0.21916336181699503,0.4456945702960903,0.40062067788087913,0.7279954818540975,14.55,0.0,0.0,0.017976227950939814,0.03287677500160565,0.06544513116916359,0.028526061226158812,0.012630794171985905,1.6001233505083616,20
mwu,beta_x_noise,20.0,,0.03,,,500,1.1072404499904576,0.15462658402390717,0.3092536453190867,0.5105704268590782,0.8069698743490715,41.75,0.0,0.0,0.016898508003406913,0.05935576134139193,0.11871159849790501,0.05052448143336291,0.010241635279925308,4.063881344102872,20
mwu,beta_x_noise,20.0,,0.1,,,100,1.2732974136575534,0.30185021793928163,0.6093709640982262,0.6107935377991731,0.6901122332094349,16.6,0.0,0.0,0.030920345615291785,0.05491358207310375,0.10928013156559911,0.02511742023330319,0.015259112781935346,1.8243960788796874,20
mwu,beta_x_noise,20.0,,0.1,,,500,1.539721623872694,0.28540251544413703,0.5708058002711713,0.6972175827924566,0.698869710528019,79.8,0.0,0.0,0.02141695204075233,0.08370024630511044,0.16740083483136628,0.04375556614115457,0.011137431806962498,6.391029898059837,20
mwu,beta_x_noise,20.0,,0.3,,,100,2.495704053517874,0.6888660462183507,1.3878482653518573,0.8403357212613145,0.5755739649811814,24.3,0.0,0.0,0.11584873694405257,0.06279556783664064,0.1247989996714343,0.030052703641937226,0.01211097497092028,2.3102745336978097,20
mwu,beta_x_noise,20.0,,0.3,,,500,2.969672250753416,0.723077871017909,1.4461694975304802,0.9036038833381503,0.5797507414285554,121.9,0.0,0.0,0.0796589817577926,0.09155669333180971,0.1831155758074812,0.031393703297068004,0.008365036758182455,8.033122221874814,20
mwu,beta_x_noise,50.0,,0.0,,,100,4.782285678572862e-15,0.0,0.0,0.0,1.0,0.0,0.0,0.0,9.825671843192945e-17,0.0,0.0,0.0,0.0,0.0,20
mwu,beta_x_noise,50.0,,0.0,,,500,5.051514762044462e-15,0.0,0.0,0.0,1.0,0.0,0.0,0.0,1.2804983154268274e-16,0.0,0.0,0.0,0.0,0.0,20
mwu,beta_x_noise,50.0,,1e-05,,,100,0.0028669827964463964,0.0005769312759492187,0.0011858862887396536,0.0011979435777249303,0.9994999999999999,0.15,0.0,0.0,0.00012721012056571596,0.00010550239659489827,0.0002097764278625171,0.00010486490437797216,0.0004999999999999969,0.16662280124501821,20
mwu,beta_x_noise,50.0,,1e-05,,,500,0.0034308530622019925,0.0004470610027616925,0.0008941221223177698,0.0016499505825633989,0.9997999999999999,0.2,0.0,0.0,0.0002607631878108223,0.0002143853150513659,0.0004287706663548796,0.00021724601796496143,0.00013764944032233493,0.17167901505579047,20
mwu,beta_x_noise,50.0,,0.0001,,,100,0.02850785734270069,0.0057773921581595715,0.011856464057277487,0.011938694675431825,0.9934541299806396,0.25,0.0,0.0,0.0012840009536189121,0.0010463335467826317,0.002083280674870514,0.0010385387339407743,0.0015057414995433226,0.2161261814676544,20
mwu,beta_x_noise,50.0,,0.0001,,,500,0.0340356208688153,0.004340601965341867,0.00868120482330821,0.01634675487846405,0.996794379114827,0.3,0.0,0.0,0.0025897959421357503,0.002099012426262248,0.004198025124678031,0.0021562912389711496,0.001148730283138488,0.3086473033978053,20
mwu,beta_x_noise,50.0,,0.001,,,100,0.25750862503310745,0.05675947262734902,0.11562709500844211,0.11191343044694749,0.933909905918006,1.95,0.0,0.0,0.012562424182315273,0.009845134110953212,0.019698825421430335,0.010053768153558178,0.006884356714242654,0.591496763349244,20
mwu,beta_x_noise,50.0,,0.001,,,500,0.3124997745070041,0.03365022468872684,0.06730298165490689,0.14278158705235866,0.9752512261324989,2.35,0.0,0.0,0.020711487849354192,0.013918629702459339,0.02783694793803556,0.017802467892552576,0.00588812713231048,0.9901488458015316,20
mwu,beta_x_noise,50.0,,0.01,,,100,0.9102077784513316,0.21209639070842137,0.43260381013153265,0.3707358825194792,0.7361284536932549,13.65,0.0,0.0,0.01565490797245748,0.027920045912831457,0.05568394354200005,0.02914948927866107,0.011360916095978882,1.566550014320775,20
mwu,beta_x_noise,50.0,,0.01,,,500,1.0097031180616087,0.13849102118059675,0.27698490704576617,0.5021524591909236,0.8321090193930967,34.2,0.0,0.0,0.011776753533625799,0.05185161450420471,0.10370304880568088,0.051985506356216335,0.010247206740891138,3.4819837056361695,20
mwu,beta_x_noise,50.0,,0.03,,,100,1.0090986708474927,0.23637011722532736,0.4797686445879533,0.424996097778984,0.6991944970428035,16.4,0.0,0.0,0.01382776106333836,0.03251026284738549,0.0644420849191465,0.02918993462935214,0.013798365562146992,1.6927088225370415,20
mwu,beta_x_noise,50.0,,0.03,,,500,1.1490455893417586,0.171990242266783,0.3439824151933691,0.5583624792607386,0.7304245440887026,66.85,0.0,0.0,0.008147798186364866,0.06508146296105234,0.13016347932440275,0.053692992544134524,0.009815530059535709,5.231621968477141,20
mwu,beta_x_noise,50.0,,0.1,,,100,1.3169949225059059,0.3125905795553597,0.6318878446766245,0.6162719154541735,0.6785257530066072,17.25,0.0,0.0,0.037022513599881506,0.05488417806785719,0.10906179103207342,0.0252927362814259,0.014561091212610571,1.785725563874159,20
mwu,beta_x_noise,50.0,,0.1,,,500,1.5717235799060205,0.2906073598749185,0.5812154513004821,0.7014284055313708,0.6708125036769619,88.5,0.0,0.0,0.021427297790581553,0.08518994023106005,0.17038019880665758,0.04322620748212411,0.01063461888484343,7.087609648274642,20
mwu,beta_x_noise,50.0,,0.3,,,100,2.515684699616513,0.6891026811587901,1.388534294058951,0.8409222596669588,0.5690020114887566,24.45,0.0,0.0,0.11015413232606748,0.06244541745386831,0.12429599725646355,0.030079644689264478,0.01309059549061909,2.2319156275318863,20
mwu,beta_x_noise,50.0,,0.3,,,500,2.9759750574965453,0.7229338264383635,1.4461694969785568,0.9037920591049454,0.5722390980469257,124.45,0.0,0.0,0.07671524031925205,0.09153388484117679,0.183115575723877,0.031417337124507186,0.008261928391516118,8.353214004832292,20
mwu,beta_x_noise,100.0,,0.0,,,100,9.153788838034416e-15,0.0,0.0,0.0,1.0,0.0,0.0,0.0,2.977107681956368e-16,0.0,0.0,0.0,0.0,0.0,20
mwu,beta_x_noise,100.0,,0.0,,,500,9.772738174262941e-15,0.0,0.0,0.0,1.0,0.0,0.0,0.0,3.505164207635645e-16,0.0,0.0,0.0,0.0,0.0,20
mwu,beta_x_noise,100.0,,1e-05,,,100,0.005729543247338914,0.001151922263445784,0.0023675518367380845,0.0023807627040390465,0.998,0.2,0.0,0.0,0.0002547437136779434,0.00021169954396418737,0.0004211436541826336,0.00020939944457684596,0.0009176629354822567,0.18637822325921868,20
mwu,beta_x_noise,100.0,,1e-05,,,500,0.006792125704276475,0.0009019256803305404,0.001803851596917579,0.003302316180010463,0.9993000000000001,0.25,0.0,0.0,0.0005094907005654536,0.00043272542794039613,0.0008654509354496182,0.00044049551167621795,0.00041738534511383393,0.2035862677614888,20
mwu,beta_x_noise,100.0,,0.0001,,,100,0.05657245796211914,0.01154641650647881,0.02365084001965912,0.023617886914492365,0.9873932147054386,0.35,0.0,0.0,0.002604379138941005,0.0020821599361524126,0.004153900441940264,0.0020520088711570364,0.0014371817117753837,0.28353965655989855,20
mwu,beta_x_noise,100.0,,0.0001,,,500,0.06718111943431875,0.008657994189166036,0.0173160039870107,0.032365511362564284,0.9942887590393348,0.65,0.0,0.0,0.0049777346422892966,0.004108433020275763,0.00821686432160467,0.004320459756714563,0.0019485295923873688,0.6124798600340817,20
mwu,beta_x_noise,100.0,,0.001,,,100,0.48001230200019085,0.10479188257223729,0.2141274898965019,0.19775923201668258,0.8789111300252685,3.85,0.0,0.0,0.015194112921950833,0.018913355618027903,0.0374810794749252,0.019647696793125523,0.008098437788161874,0.7789162511565602,20
mwu,beta_x_noise,100.0,,0.001,,,500,0.5699457923053824,0.05547018497639459,0.11094496727289045,0.24427252213484882,0.9519127016746316,5.35,0.0,0.0,0.026426422084158782,0.02007664579747136,0.04015266650455234,0.028825509098668534,0.008920302584686174,1.2550424610137174,20
mwu,beta_x_noise,100.0,,0.01,,,100,0.9486630474445485,0.22660675032810934,0.4588088450218608,0.4053978920802077,0.7062558309796896,15.9,0.0,0.0,0.011553262911750751,0.02924540415479377,0.058352583746105434,0.029167304857793435,0.012097367992125137,1.6236735476916793,20
mwu,beta_x_noise,100.0,,0.01,,,500,1.042440578263466,0.16060639863777978,0.3212162661918227,0.556302383181529,0.7636787514148966,55.45,0.0,0.0,0.0036885100799862844,0.05491918412049307,0.10983840722350406,0.05463567159808875,0.009663197178712018,4.6805729518825725,20
mwu,beta_x_noise,100.0,,0.03,,,100,1.0169681290643362,0.243942328025362,0.49409012846290634,0.43735624007760787,0.6871181178500766,17.2,0.0,0.0,0.013632960054176359,0.03300234235387978,0.06546106473979188,0.02887063709157148,0.014198396783083581,1.6961256160034723,20
mwu,beta_x_noise,100.0,,0.03,,,500,1.1579637971966021,0.18424811921705392,0.36849823086983524,0.5811261464051922,0.691354892228519,82.45,0.0,0.0,0.0066334088235727225,0.06618909641284129,0.13237870755288408,0.05408559459063368,0.010414574981649275,6.475652781563293,20
mwu,beta_x_noise,100.0,,0.1,,,100,1.3179748624191157,0.3212625318733565,0.6480449317152226,0.6199318647095922,0.6760103921606131,17.7,0.0,0.0,0.037335411978403274,0.055034793133932655,0.10985734795865049,0.02596433773972949,0.014361472700433503,1.6750490959026276,20
mwu,beta_x_noise,100.0,,0.1,,,500,1.5755624746903976,0.2918181780967721,0.5836370322357791,0.7056458741128069,0.6579904386682587,94.6,0.0,0.0,0.021568818088775903,0.08562530818944727,0.17125090777379703,0.04342286088907317,0.010995362470585095,7.6252351128549325,20
mwu,beta_x_noise,100.0,,0.3,,,100,2.5559220255969883,0.6884204209114959,1.3885325120538339,0.8404496079471668,0.5680021145602884,24.65,0.0,0.0,0.10158163739020587,0.06206551905653363,0.12364516659797159,0.030047238282013795,0.012182364205783017,2.260967422191334,20
mwu,beta_x_noise,100.0,,0.3,,,500,2.994296744733329,0.7230542960613666,1.4461694969785568,0.9038257055452179,0.5673332783803124,126.2,0.0,0.0,0.07490952297342328,0.09155296352516003,0.183115575723877,0.03145473648237002,0.0077754779383904585,8.33117164945193,20
mwu,beta_x_noise,1000.0,,0.0,,,100,7.528144774227031e-14,0.0,0.0,0.0,1.0,0.0,0.0,0.0,1.7057532062714282e-15,0.0,0.0,0.0,0.0,0.0,20
mwu,beta_x_noise,1000.0,,0.0,,,500,7.805145418871007e-14,0.0,0.0,0.0,1.0,0.0,0.0,0.0,1.7313666533947515e-15,0.0,0.0,0.0,0.0,0.0,20
mwu,beta_x_noise,1000.0,,1e-05,,,100,0.056613016000469786,0.011529387567108234,0.023616355380278883,0.02349030840570422,0.9873932147054386,0.35,0.0,0.0,0.002603570577913372,0.002093011829608688,0.004176709654532036,0.002052768925572685,0.001437181711775383,0.2835396565598986,20
mwu,beta_x_noise,1000.0,,1e-05,,,500,0.06705301748611842,0.008816975037745475,0.017634331804515575,0.03245568771150029,0.9942887590393348,0.65,0.0,0.0,0.005008181813573654,0.004150547066981074,0.008301051664259495,0.004370373019818592,0.0019485295923873675,0.6124798600340817,20
mwu,beta_x_noise,1000.0,,0.0001,,,100,0.4813146489999875,0.10483218263359165,0.2140191233487398,0.19708876927165536,0.8794111300252684,3.75,0.0,0.0,0.0151886522521955,0.01893805206421627,0.03756116214386514,0.01957308602824187,0.008185234684835738,0.7775636714494155,20
mwu,beta_x_noise,1000.0,,0.0001,,,500,0.5754069841365729,0.05569813996783255,0.11140142982424224,0.24532770428436285,0.9514108948481272,5.35,0.0,0.0,0.02776763074278702,0.02062198616457212,0.04124328552194678,0.029027017374803437,0.00912493954421965,1.2840622218076831,20
mwu,beta_x_noise,1000.0,,0.001,,,100,0.9472095218192977,0.22588690816892662,0.457158544683938,0.4101077592801026,0.7047250062161697,15.95,0.0,0.0,0.00941234346340677,0.030513684305238854,0.060913313272430415,0.02885191886832694,0.012166473674229636,1.6229845801388318,20
mwu,beta_x_noise,1000.0,,0.001,,,500,1.0022200788994509,0.17534293774235973,0.3506897139167494,0.5680789624684637,0.7625713212790355,55.5,0.0,0.0,0.001061702413348355,0.05412324912851926,0.10824618043141224,0.0556076460307404,0.009657826265083666,4.7125253035757915,20
mwu,beta_x_noise,1000.0,,0.01,,,100,0.9714260336681619,0.2412301417464023,0.4912188169026919,0.4418833997424912,0.6835718291690309,17.45,0.0,0.0,0.010438638203426479,0.032497594141303425,0.06409159571672018,0.028448902612133654,0.014891042580135844,1.723635997718654,20
mwu,beta_x_noise,1000.0,,0.01,,,500,1.0512776411848281,0.17932568946166377,0.35865446189905414,0.6006007737325614,0.6646024933627649,93.6,0.0,0.0,0.0024383561039139317,0.05476688799421886,0.10953364527091136,0.05439597722340687,0.010559925374955991,7.351118783452016,20
mwu,beta_x_noise,1000.0,,0.03,,,100,1.0234722509243022,0.2498499858156067,0.5078904506754763,0.4543894756875286,0.6820664662616062,17.8,0.0,0.0,0.01344321204166393,0.034380951745413224,0.06779420598167149,0.027368343140473875,0.01491119042504151,1.6961256160034721,20
mwu,beta_x_noise,1000.0,,0.03,,,500,1.1619392993452606,0.19644141762401665,0.3928849409023444,0.5903234733455569,0.6571884371087168,97.3,0.0,0.0,0.005353176814213058,0.0692096670236919,0.13841961935230296,0.052105047666190965,0.010872738723556867,7.486514191320424,20
mwu,beta_x_noise,1000.0,,0.1,,,100,1.3218167956829565,0.3297625994175204,0.6671865611605439,0.6250903988097478,0.6755358508289289,17.65,0.0,0.0,0.03981512082447663,0.05326963284925568,0.10632315287913054,0.025215954342359636,0.014703025483950095,1.6721794791607494,20
mwu,beta_x_noise,1000.0,,0.1,,,500,1.595204713126228,0.29793814546611996,0.5958773290860597,0.7169789499448516,0.6461699647693405,101.0,0.0,0.0,0.024280856753851502,0.08670903809345537,0.17341850818062293,0.042931972141488826,0.011005612755049549,7.817995435633033,20
mwu,beta_x_noise,1000.0,,0.3,,,100,2.5625739295876153,0.6781315052784972,1.385772974578225,0.8380933059752531,0.5685379866410794,24.4,0.0,0.0,0.10013171007218051,0.060442515361953705,0.12246004336940895,0.02963736472838807,0.012405969236474457,2.3094770426497675,20
mwu,beta_x_noise,1000.0,,0.3,,,500,2.9500182645132207,0.7230579161610864,1.446169496978453,0.9039280638604357,0.5611204196729904,127.1,0.0,0.0,0.057192380068469426,0.09155353878423539,0.18311557572386047,0.031457152134126476,0.007215702171651074,8.023616457223737,20
mwu,beta_x_noise,1000000.0,,0.0,,,100,7.712717964292182e-11,0.0,0.0,0.0,1.0,0.0,0.0,0.0,1.7686040333251028e-12,0.0,0.0,0.0,0.0,0.0,20
mwu,beta_x_noise,1000000.0,,0.0,,,500,8.010861834994998e-11,0.0,0.0,0.0,1.0,0.0,0.0,0.0,1.7410150183877067e-12,0.0,0.0,0.0,0.0,0.0,20
mwu,beta_x_noise,1000000.0,,1e-05,,,100,0.9623989048963326,0.2393858021301793,0.48656037514731043,0.44734044513482696,0.6840718291690309,17.5,0.0,0.0,0.009180047347940385,0.03284351368564806,0.06506985066473663,0.02745347441012165,0.014768918294452262,1.7297702920208495,20
mwu,beta_x_noise,1000000.0,,1e-05,,,500,0.9999848816389983,0.18567022654372278,0.37134365075940756,0.6047832772632459,0.6652041006030064,93.7,0.0,0.0,5.3449601769217996e-05,0.05165769401963842,0.10331499597201188,0.054289798284594015,0.0104954973788838,7.285566119678726,20
mwu,beta_x_noise,1000000.0,,0.0001,,,100,0.963961105812721,0.2489369310549845,0.5106220330618165,0.46361886976361977,0.6815766703432388,17.85,0.0,0.0,0.009095310939594306,0.03201353724538599,0.06316921050685702,0.026852429627029956,0.015113261871955453,1.694068599866201,20
mwu,beta_x_noise,1000000.0,,0.0001,,,500,1.0003866880233308,0.1879137861288292,0.37583034072659643,0.6152235228712443,0.6531802045599688,99.3,0.0,0.0,9.091826921871965e-05,0.05304421919640094,0.10608806377240856,0.051362249471244216,0.011118769717357688,7.557185496703051,20
mwu,beta_x_noise,1000000.0,,0.001,,,100,0.9637306753875784,0.2505209657732233,0.5138278521719245,0.4643687991675628,0.6810716198381883,17.9,0.0,0.0,0.009128015768179912,0.0321820040350232,0.06347514916937719,0.027195727942350298,0.01500541259146508,1.696591009239286,20
mwu,beta_x_noise,1000000.0,,0.001,,,500,1.0050068369514398,0.18938152040003992,0.37876581252896646,0.6159498796967565,0.6521783969237839,99.9,0.0,0.0,0.00027911904765859764,0.05427385689524939,0.10854735560038023,0.05126119375739309,0.011183449725526347,7.613319353537416,20
mwu,beta_x_noise,1000000.0,,0.01,,,100,0.9736434068841057,0.25156133376873013,0.5157905409593944,0.4564376133626816,0.6810716198381883,17.9,0.0,0.0,0.010598207711096147,0.032261179705968,0.06337133901164113,0.02779074272989766,0.01500541259146508,1.696591009239286,20
mwu,beta_x_noise,1000000.0,,0.01,,,500,1.053184445664625,0.18574400454593457,0.3714907175721547,0.6093527451878555,0.6520779953173581,99.95,0.0,0.0,0.002119928208599992,0.06011340583107338,0.1202266288956822,0.05132858785289096,0.011188439233599362,7.619391811617733,20
mwu,beta_x_noise,1000000.0,,0.03,,,100,1.0234722555624944,0.254507208483494,0.5182243068847197,0.4569298446489058,0.6810716198381883,17.9,0.0,0.0,0.013443211402056366,0.034334243925857294,0.06763036656278396,0.027592061919251693,0.01500541259146508,1.696591009239286,20
mwu,beta_x_noise,1000000.0,,0.03,,,500,1.163321078859038,0.1991151843628128,0.39823241795264913,0.5909896237475845,0.6520779953173581,99.95,0.0,0.0,0.005862736764711249,0.07006909761150859,0.14013845055890978,0.052069079567593955,0.011188439233599362,7.619391811617733,20
mwu,beta_x_noise,1000000.0,,0.1,,,100,1.321988693520465,0.32924394298089255,0.6665738892126052,0.625317030380742,0.675541004405511,17.65,0.0,0.0,0.03993114800574525,0.053320204816743544,0.10647050107347918,0.02515681487681226,0.014828998365492818,1.6753240063688544,20
mwu,beta_x_noise,1000000.0,,0.1,,,500,1.5953766117258192,0.2976432317375815,0.5952875713978218,0.7162579723642446,0.6442657491091044,101.85,0.0,0.0,0.024369364523308082,0.08671899435320897,0.17343844854185902,0.042849301856199985,0.011077006378210724,7.817751392958544,20
mwu,beta_x_noise,1000000.0,,0.3,,,100,2.5625739630262983,0.6757466185940116,1.3801283217370672,0.8391078941214808,0.5680379866410794,24.55,0.0,0.0,0.10013170661445335,0.06056138758741184,0.12253559479297925,0.029776230423783277,0.012241291828242202,2.3072825209711416,20
mwu,beta_x_noise,1000000.0,,0.3,,,500,2.911771504930117,0.6731038615509448,1.3462441823543756,0.9039094081383314,0.5559138088852954,128.8,0.0,0.0,0.06355187872671636,0.09706758512972992,0.19414157331981788,0.031454158790848244,0.006819688677154316,8.657093227977548,20
mwu,dual_x_dim,50.0,,0.0,16.0,,100,4.782285678572862e-15,0.0,0.0,0.0,1.0,0.0,0.612568314231966,0.0,9.825671843192946e-17,0.0,0.0,0.0,0.0,0.0,20
mwu,dual_x_dim,50.0,,0.0,16.0,,500,5.051514762044462e-15,0.0,0.0,0.0,1.0,0.0,0.612568314231966,0.0,1.280498315426828e-16,0.0,0.0,0.0,0.0,0.0,20
mwu,dual_x_dim,50.0,,0.0,24.0,,100,4.782285678572862e-15,0.0,0.0,0.0,1.0,0.0,0.48436866585001254,0.0,9.825671843192946e-17,0.0,0.0,0.0,0.0,0.0,20
mwu,dual_x_dim,50.0,,0.0,24.0,,500,5.051514762044462e-15,0.0,0.0,0.0,1.0,0.0,0.48436866585001254,0.0,1.280498315426828e-16,0.0,0.0,0.0,0.0,0.0,20
mwu,dual_x_dim,50.0,,0.0,32.0,,100,4.782285678572862e-15,0.0,0.0,0.0,1.0,0.0,0.42987845624866206,0.0,9.825671843192946e-17,0.0,0.0,0.0,0.0,0.0,20
mwu,dual_x_dim,50.0,,0.0,32.0,,500,5.051514762044462e-15,0.0,0.0,0.0,1.0,0.0,0.42987845624866206,0.0,1.280498315426828e-16,0.0,0.0,0.0,0.0,0.0,20
mwu,dual_x_dim,50.0,,0.0,64.0,,100,4.782285678572862e-15,0.0,0.0,0.0,1.0,0.0,0.3037448800457848,0.0,9.825671843192946e-17,0.0,0.0,0.0,0.0,0.0,20
mwu,dual_x_dim,50.0,,0.0,64.0,,500,5.051514762044462e-15,0.0,0.0,0.0,1.0,0.0,0.3037448800457848,0.0,1.280498315426828e-16,0.0,0.0,0.0,0.0,0.0,20
mwu,dual_x_dim,50.0,,0.0,128.0,,100,4.782285678572862e-15,0.0,0.0,0.0,1.0,0.0,0.21509703921459797,0.0,9.825671843192946e-17,0.0,0.0,0.0,0.0,0.0,20
mwu,dual_x_dim,50.0,,0.0,128.0,,500,5.051514762044462e-15,0.0,0.0,0.0,1.0,0.0,0.21509703921459797,0.0,1.280498315426828e-16,0.0,0.0,0.0,0.0,0.0,20
mwu,dual_x_dim,50.0,,0.0,256.0,,100,4.782285678572862e-15,0.0,0.0,0.0,1.0,0.0,0.1550567335036368,0.0,9.825671843192946e-17,0.0,0.0,0.0,0.0,0.0,20
mwu,dual_x_dim,50.0,,0.0,256.0,,500,5.051514762044462e-15,0.0,0.0,0.0,1.0,0.0,0.1550567335036368,0.0,1.280498315426828e-16,0.0,0.0,0.0,0.0,0.0,20
mwu,dual_x_dim,50.0,,0.0,512.0,,100,4.782285678572862e-15,0.0,0.0,0.0,1.0,0.0,0.11256930318829403,0.0,9.825671843192945e-17,0.0,0.0,0.0,0.0,0.0,20
mwu,dual_x_dim,50.0,,0.0,512.0,,500,5.051514762044462e-15,0.0,0.0,0.0,1.0,0.0,0.11256930318829403,0.0,1.2804983154268281e-16,0.0,0.0,0.0,0.0,0.0,20
mwu,dual_x_dim,50.0,,0.0,1024.0,,100,4.782285678572862e-15,0.0,0.0,0.0,1.0,0.0,0.07631120382617425,0.0,9.825671843192946e-17,0.0,0.0,0.0,0.0,0.0,20
mwu,dual_x_dim,50.0,,0.0,1024.0,,500,5.051514762044462e-15,0.0,0.0,0.0,1.0,0.0,0.07631120382617425,0.0,1.280498315426828e-16,0.0,0.0,0.0,0.0,0.0,20
mwu,dual_x_dim,50.0,,0.0,4096.0,,100,4.782285678572862e-15,0.0,0.0,0.0,1.0,0.0,0.03922669294206142,0.0,9.825671843192946e-17,0.0,0.0,0.0,0.0,0.0,20
mwu,dual_x_dim,50.0,,0.0,4096.0,,500,5.051514762044462e-15,0.0,0.0,0.0,1.0,0.0,0.03922669294206142,0.0,1.2804983154268274e-16,0.0,0.0,0.0,0.0,0.0,20
mwu,dual_x_dim,50.0,,0.0,16384.0,,100,4.782285678572862e-15,0.0,0.0,0.0,1.0,0.0,0.018734089829520746,0.0,9.825671843192946e-17,0.0,0.0,0.0,0.0,0.0,20
mwu,dual_x_dim,50.0,,0.0,16384.0,,500,5.051514762044462e-15,0.0,0.0,0.0,1.0,0.0,0.018734089829520746,0.0,1.280498315426828e-16,0.0,0.0,0.0,0.0,0.0,20
mwu,dual_x_dim,50.0,,1e-05,16.0,,100,0.004958722868091295,0.0009149959284504357,0.0018904805715652226,0.0017726311536297099,0.999,0.15,0.612568314231966,0.0,0.00046335031662431006,0.00017678851295971378,0.0003537846492379067,0.00021698452647099002,0.0006882472016116847,0.16662280124501821,20
mwu,dual_x_dim,50.0,,1e-05,16.0,,500,0.00568215561549916,0.0005270707404071626,0.0010541419681396108,0.0025062697278843264,0.9994999999999999,0.2,0.612568314231966,0.0,0.0005437893826475842,0.00024193572815828216,0.0004838716352939349,0.00038314540505305776,0.00040717253552297717,0.18637822325921866,20
mwu,dual_x_dim,50.0,,1e-05,24.0,,100,0.0037469585320847763,0.0006952247705377994,0.001428351616354275,0.001392486019130032,0.9994999999999999,0.1,0.48436866585001254,0.0,0.00019516411358068027,0.0001335222776728106,0.00026686091045222143,0.00012874497818234242,0.0004999999999999969,0.16059101370939324,20
mwu,dual_x_dim,50.0,,1e-05,24.0,,500,0.004240630767286077,0.0005078728275462697,0.0010157975918727675,0.0019080125321989411,0.9997999999999999,0.15,0.48436866585001254,0.0,0.0003128844275294837,0.00024247813575505972,0.0004849509705091058,0.00027184569903863513,0.00013764944032233493,0.16662280124501821,20
mwu,dual_x_dim,50.0,,1e-05,32.0,,100,0.0034544959260769726,0.000654515961726098,0.0013554814266421272,0.0013474609956969613,0.9994999999999999,0.1,0.42987845624866206,0.0,0.00013630668183164325,0.00012810924342952277,0.0002554728775281924,0.00013102173167613357,0.0004999999999999969,0.16059101370939324,20
mwu,dual_x_dim,50.0,,1e-05,32.0,,500,0.004022210886723171,0.0005379511165528592,0.0010759025578599383,0.0018722002637368285,0.9997,0.1,0.42987845624866206,0.0,0.00028916241009507046,0.0002566665566657233,0.0005133332136113916,0.00027282546066646833,0.00021884866196096787,0.16059101370939324,20
mwu,dual_x_dim,50.0,,1e-05,64.0,,100,0.0031008353451107335,0.0006009463837489303,0.001246114214325899,0.00127961162546949,0.9994999999999999,0.1,0.3037448800457848,0.0,0.00012595352721556414,0.0001133891021866589,0.00022372321021613763,0.00011324847963788817,0.0004999999999999969,0.16059101370939324,20
mwu,dual_x_dim,50.0,,1e-05,64.0,,500,0.0037063796183327085,0.0004975625283696143,0.000995125088859012,0.0018033347317485751,0.9997,0.1,0.3037448800457848,0.0,0.000293121377451388,0.00024254227716603903,0.000485084558302412,0.0002483819707262211,0.00021884866196096787,0.16059101370939324,20
mwu,dual_x_dim,50.0,,1e-05,128.0,,100,0.0030375842546378983,0.0005878267197014213,0.001207935814035084,0.0012382395548205653,0.9994999999999999,0.15,0.21509703921459797,0.0,0.00013250628716080087,0.00010639700228853285,0.0002104930113379846,0.00010822687032644663,0.0004999999999999969,0.16662280124501821,20
mwu,dual_x_dim,50.0,,1e-05,128.0,,500,0.0036264610702487947,0.00045016857559440247,0.000900349707497587,0.0016840193857654618,0.9997,0.15,0.21509703921459797,0.0,0.000273155196552721,0.00021903894510779914,0.00043807653449526714,0.00022600820772262768,0.00021884866196096787,0.16662280124501821,20
mwu,dual_x_dim,50.0,,1e-05,256.0,,100,0.0029791520006141685,0.0005920199409014188,0.0012160775483965312,0.0012139083069980891,0.9994999999999999,0.15,0.1550567335036368,0.0,0.0001374444877387614,0.0001073516579179708,0.00021243012727734385,0.0001124049864089614,0.0004999999999999969,0.16662280124501821,20
mwu,dual_x_dim,50.0,,1e-05,256.0,,500,0.0035543047389751934,0.0004577964930438532,0.0009155975837107011,0.0016743083433802598,0.9997,0.15,0.1550567335036368,0.0,0.00026875537267043154,0.00022047148688725653,0.00044094250056960404,0.00022629119554842534,0.00021884866196096787,0.16662280124501821,20
mwu,dual_x_dim,50.0,,1e-05,512.0,,100,0.002924707072972549,0.0005925845993638463,0.0012137488605655736,0.0012205699932314143,0.9994999999999999,0.15,0.11256930318829403,0.0,0.0001317506223783019,0.00010661885220682094,0.00021184332553048513,0.00011081423714720613,0.0004999999999999969,0.16662280124501821,20
mwu,dual_x_dim,50.0,,1e-05,512.0,,500,0.0034826070347098214,0.00044583189835945784,0.000891663862198574,0.0016762055364367464,0.9997,0.15,0.11256930318829403,0.0,0.00026114889484924044,0.00021195565211814927,0.00042391132147819624,0.0002215141806573907,0.00021884866196096787,0.16662280124501821,20
mwu,dual_x_dim,50.0,,1e-05,1024.0,,100,0.002894203396650444,0.0005796946667174045,0.0011883664990057978,0.0011998094271203463,0.9994999999999999,0.15,0.07631120382617425,0.0,0.0001299615213185107,0.00010506082117515067,0.00020897670038381118,0.00010495516854978662,0.0004999999999999969,0.16662280124501821,20
mwu,dual_x_dim,50.0,,1e-05,1024.0,,500,0.0034567553474577238,0.00044744747375262503,0.00089489501495845,0.001654957222587705,0.9997,0.15,0.07631120382617425,0.0,0.0002602132106955359,0.00021011273083881526,0.00042022548108187034,0.0002164426931666821,0.00021884866196096787,0.16662280124501821,20
mwu,dual_x_dim,50.0,,1e-05,4096.0,,100,0.0028689316403639727,0.0005807104425670443,0.001193670486303995,0.0011996496918191477,0.9994999999999999,0.15,0.03922669294206142,0.0,0.00012608071628347463,0.00010449707802600048,0.0002076674678167654,0.0001047426629736,0.0004999999999999969,0.16662280124501821,20
mwu,dual_x_dim,50.0,,1e-05,4096.0,,500,0.003424741942607981,0.0004425983755232065,0.0008851968520487442,0.0016479920700512365,0.9997999999999999,0.2,0.03922669294206142,0.0,0.0002591241483581014,0.00021034543367958556,0.0004206908981246283,0.00021444854464083827,0.00013764944032233493,0.17167901505579047,20
mwu,dual_x_dim,50.0,,1e-05,16384.0,,100,0.002872600437666628,0.0005791737099416379,0.0011896505608604171,0.0011994390602324948,0.9994999999999999,0.15,0.018734089829520746,0.0,0.00012710208835447004,0.00010482543525731354,0.00020848540412432274,0.00010488654849522409,0.0004999999999999977,0.16662280124501821,20
mwu,dual_x_dim,50.0,,1e-05,16384.0,,500,0.0034298523715636047,0.00044398077190243906,0.0008879616575592616,0.0016470453692309609,0.9997999999999999,0.2,0.018734089829520746,0.0,0.000259607920933142,0.000211444955525621,0.0004228899460132963,0.0002142622173403934,0.00013764944032233322,0.17167901505579047,20
mwu,dual_x_dim,50.0,,0.0001,16.0,,100,0.04847002070364045,0.00913908864929176,0.018872756742033307,0.01762056496411729,0.9884083662205901,0.4,0.612568314231966,0.0,0.00438331310822512,0.00180598186305939,0.003602779410599969,0.002183482687262947,0.0019586443553752386,0.3111946420861996,20
mwu,dual_x_dim,50.0,,0.0001,16.0,,500,0.056077410435926144,0.005303133880028647,0.010606272769385012,0.024890646409221534,0.9956927742987693,0.3,0.612568314231966,0.0,0.005392487422790207,0.0023774028942831283,0.0047548077140572775,0.0037878361737632613,0.0010409044499593576,0.37766596212442605,20
mwu,dual_x_dim,50.0,,0.0001,24.0,,100,0.036999717854085803,0.0069797771320127475,0.014305592529682226,0.01387947977546249,0.9924388753939564,0.4,0.48436866585001254,0.0,0.0018688917594693385,0.0013334277791997259,0.0026641646518388257,0.001294579271231945,0.0016102700928257974,0.265567911821955,20
mwu,dual_x_dim,50.0,,0.0001,24.0,,500,0.04208544521641365,0.004984111472012235,0.009968658869537262,0.01896982417176068,0.9965941787140254,0.35,0.48436866585001254,0.0,0.003097839312957435,0.002401108196434218,0.004802173117004343,0.002729228702440285,0.0010693107329387283,0.3346246915733002,20
mwu,dual_x_dim,50.0,,0.0001,32.0,,100,0.03426599672868134,0.006567104618769392,0.013594753665753315,0.01337839329286431,0.9924388753939564,0.3,0.42987845624866206,0.0,0.001344140778595224,0.001282865256775578,0.002553980411321311,0.001306419117669681,0.0016102700928257974,0.23055995909273166,20
mwu,dual_x_dim,50.0,,0.0001,32.0,,500,0.03990980221132375,0.005239433841769589,0.010478871121677802,0.018592437717234782,0.9964937771075999,0.2,0.42987845624866206,0.0,0.0029088772693773527,0.0025131547712893155,0.005026310653590307,0.0027267495353612953,0.001134587037406354,0.35243513774280427,20
mwu,dual_x_dim,50.0,,0.0001,64.0,,100,0.03073722983444931,0.006023264651432903,0.01248056766248448,0.012737491071398094,0.9924388753939564,0.3,0.3037448800457848,0.0,0.001271957668319905,0.0011248303323309514,0.0022221412572087477,0.0011192096462558391,0.0016102700928257974,0.23055995909273166,20
mwu,dual_x_dim,50.0,,0.0001,64.0,,500,0.03648429738994176,0.004809702683435773,0.009619405478426532,0.017849655251877167,0.9963937771075997,0.25,0.3037448800457848,0.0,0.002945916432814109,0.0023509640325464678,0.004701928066499071,0.002453738464234761,0.0011412648243132413,0.3393104462691481,20
mwu,dual_x_dim,50.0,,0.0001,128.0,,100,0.03023826627321429,0.00587851160779172,0.012075770402698038,0.012320217703345305,0.9924388753939564,0.35,0.21509703921459797,0.0,0.0013473668048032707,0.001053660555469838,0.0020852140956536757,0.0010661099038840982,0.0016102700928257974,0.2209429552479196,20
mwu,dual_x_dim,50.0,,0.0001,128.0,,500,0.035984182408675604,0.004339557935349703,0.008679378135406894,0.016684727721405734,0.9964937771075999,0.35,0.21509703921459797,0.0,0.0027169052798553,0.002135756838225872,0.004271485697993627,0.002240448739645666,0.0011977713331446697,0.3185080350965304,20
mwu,dual_x_dim,50.0,,0.0001,256.0,,100,0.0296560651455229,0.005922221006306445,0.012149084949911428,0.012079195707260574,0.9929490794755891,0.3,0.1550567335036368,0.0,0.001383230139586661,0.0010626467657176384,0.0021048223916820827,0.0011103236036370887,0.0016466135365045612,0.2188486619609662,20
mwu,dual_x_dim,50.0,,0.0001,256.0,,500,0.03527667827722926,0.004475391877828544,0.008951099472357196,0.016568721487088198,0.9966941787140255,0.35,0.1550567335036368,0.0,0.0026763909866078885,0.0021482576578814787,0.004296480983398114,0.002248281494699402,0.0011475833213297878,0.3101357936877261,20
mwu,dual_x_dim,50.0,,0.0001,512.0,,100,0.029097659122921872,0.00593012081627553,0.01213045564205269,0.012153945592012638,0.9934541299806396,0.25,0.11256930318829403,0.0,0.001327989874152844,0.0010563751091227592,0.0021017609891084664,0.0010965027191506414,0.0015057414995433226,0.2161261814676544,20
mwu,dual_x_dim,50.0,,0.0001,512.0,,500,0.03462251814114079,0.004370185424717749,0.008740426463173419,0.01655031794874977,0.996894379114827,0.25,0.11256930318829403,0.0,0.0025910597957430215,0.0020658871078881626,0.0041317681727628085,0.002195235412260329,0.0010931164569736005,0.31518582655817173,20
mwu,dual_x_dim,50.0,,0.0001,1024.0,,100,0.02879090256978637,0.005804594999794371,0.011880294207099538,0.011947314705189227,0.9934541299806396,0.25,0.07631120382617425,0.0,0.001309237983183338,0.001041519917987664,0.0020746427951442293,0.001038659713904981,0.0015057414995433226,0.2161261814676544,20
mwu,dual_x_dim,50.0,,0.0001,1024.0,,500,0.03431745439785639,0.004334845777920175,0.00866969194027885,0.016380011728806387,0.996794379114827,0.3,0.07631120382617425,0.0,0.0025882239638478862,0.002056650114179777,0.004113300327440961,0.0021516187540911893,0.001148730283138488,0.3086473033978053,20
mwu,dual_x_dim,50.0,,0.0001,4096.0,,100,0.028533753083861836,0.005815603766804643,0.011933691325017565,0.01195256675338122,0.9934541299806396,0.25,0.03922669294206142,0.0,0.0012739495202188466,0.0010363531422923893,0.0020625753359071702,0.0010381456157189755,0.0015057414995433226,0.2161261814676544,20
mwu,dual_x_dim,50.0,,0.0001,4096.0,,500,0.03398059916780023,0.0042966588885189495,0.008593318507885427,0.01632633138659394,0.996794379114827,0.3,0.03922669294206142,0.0,0.0025802514991297033,0.0020603154186858096,0.0041206310536742235,0.0021324598330504795,0.001148730283138488,0.3086473033978053,20
mwu,dual_x_dim,50.0,,0.0001,16384.0,,100,0.028567252326999394,0.0057993219105231366,0.011893411464636534,0.011953881452003965,0.9934541299806396,0.25,0.018734089829520746,0.0,0.0012838093649323128,0.001039660352786049,0.0020705976167895296,0.0010388720586874307,0.0015057414995433226,0.2161261814676544,20
mwu,dual_x_dim,50.0,,0.0001,16384.0,,500,0.03404220225140055,0.004311043626221299,0.008622088114041143,0.01631849618950709,0.996794379114827,0.3,0.018734089829520746,0.0,0.0025821624090578855,0.0020708541422248725,0.0041417085441666545,0.0021281579773814543,0.001148730283138488,0.3086473033978053,20
mwu,dual_x_dim,50.0,,0.001,16.0,,100,0.40250980098382144,0.09017087861117619,0.1843642997358404,0.15538582481622065,0.8961151149619486,3.45,0.612568314231966,0.0,0.024475993670491098,0.01920787102852438,0.03792840660485811,0.02081118948731411,0.008686581837851669,0.7659703168633817,20
mwu,dual_x_dim,50.0,,0.001,16.0,,500,0.4850868525086608,0.048972278353678275,0.09794460600649335,0.20197258670245036,0.9586317711485774,4.0,0.612568314231966,0.0,0.0362859155451689,0.016684784184493612,0.03336959613398725,0.030282596006465858,0.008654383917456238,1.0882143751650175,20
mwu,dual_x_dim,50.0,,0.001,24.0,,100,0.33641337518430203,0.06950665745500947,0.14228489995036644,0.12898395280350947,0.9117166436083961,3.2,0.48436866585001254,0.0,0.019681663889475044,0.013502731996621291,0.026653776592742703,0.014233112991268795,0.007654613013569977,0.6307889796454161,20
mwu,dual_x_dim,50.0,,0.001,24.0,,500,0.39166929825711144,0.04158397677343213,0.083168010144168,0.1671251982723998,0.9667391883975622,3.45,0.48436866585001254,0.0,0.02707634914599314,0.016799236984038835,0.033598509281110876,0.023682961787717744,0.007109138614404276,0.9074980063773955,20
mwu,dual_x_dim,50.0,,0.001,32.0,,100,0.30679120817532746,0.0663683820201304,0.13455575055671534,0.12481447038165068,0.9156860313634982,2.45,0.42987845624866206,0.0,0.01454511675111985,0.013043228877153238,0.025914677845053826,0.01446124956338829,0.00816167406159309,0.6976464192668012,20
mwu,dual_x_dim,50.0,,0.001,32.0,,500,0.35812898567487506,0.041494259329515046,0.08300080799571317,0.1607535161805623,0.9682403932168395,2.75,0.42987845624866206,0.0,0.023857507828305348,0.015969866151676927,0.031938103454492786,0.023591080406009126,0.00678359522267522,1.0659194202782478,20
mwu,dual_x_dim,50.0,,0.001,64.0,,100,0.27486667577776863,0.05985408526351571,0.12288752494329544,0.11785071049445181,0.9247776619551289,2.15,0.3037448800457848,0.0,0.014244423957262182,0.010684784000172613,0.021153402947302613,0.010871181874660199,0.007359550714925496,0.6892978883961334,20
mwu,dual_x_dim,50.0,,0.001,64.0,,500,0.3283097183726909,0.033895610993088014,0.06779493379577065,0.15034136491435174,0.9723452076650128,2.3,0.3037448800457848,0.0,0.0236865544689062,0.013757507277842848,0.027514537274928308,0.01935666883538606,0.005992862017838133,0.981674187562409,20
mwu,dual_x_dim,50.0,,0.001,128.0,,100,0.2736716107468068,0.05772784296048844,0.11834744841785685,0.1149086563354158,0.9303386803018615,1.8,0.21509703921459797,0.0,0.01343694652018948,0.009755959564198046,0.01929125659176739,0.010178747759384956,0.006839849894916721,0.6390782836488649,20
mwu,dual_x_dim,50.0,,0.001,128.0,,500,0.321380766014416,0.031366321920093296,0.06273505155730222,0.144650730440487,0.9746492205099798,2.15,0.21509703921459797,0.0,0.020824122979548578,0.01331832094347282,0.02663634735062071,0.018302733622086325,0.005466102281668302,0.9659328733351369,20
mwu,dual_x_dim,50.0,,0.001,256.0,,100,0.26929479819105767,0.057887493726245284,0.11820576363769933,0.11323109498328314,0.930874449311121,2.15,0.1550567335036368,0.0,0.012822876116132026,0.00976286085570585,0.019365337317239346,0.010810111248746255,0.006723533422867493,0.6659974711505647,20
mwu,dual_x_dim,50.0,,0.001,256.0,,500,0.3205380099625458,0.0336948831169553,0.0673923744143588,0.14416481064733133,0.974349421720462,2.4,0.1550567335036368,0.0,0.020913536248609345,0.013884946327729842,0.027769571797830336,0.01868426908704375,0.005920654800217158,1.0167026165631303,20
mwu,dual_x_dim,50.0,,0.001,512.0,,100,0.2650350391498939,0.057867330545410475,0.11850119636023619,0.11406272190710828,0.9323589885813744,2.0,0.11256930318829403,0.0,0.012196381977503104,0.009746191028578172,0.019351253787675753,0.010491929730205646,0.006854442026206438,0.6488856845230501,20
mwu,dual_x_dim,50.0,,0.001,512.0,,500,0.31716905864643113,0.03274876710121488,0.06550350320112394,0.1435337876044491,0.9749496213164411,2.3,0.11256930318829403,0.0,0.020198112536214775,0.013519978671352966,0.027039212465669187,0.01800822780939365,0.005772276021402356,1.0262348146193647,20
mwu,dual_x_dim,50.0,,0.001,1024.0,,100,0.2606996792002013,0.05697407761538237,0.1162338904541147,0.11213866256890748,0.9318742431680576,2.05,0.07631120382617425,0.0,0.012399921251599149,0.009731326854767214,0.01940916112758538,0.010044770754705785,0.006719436350029499,0.6260780176707422,20
mwu,dual_x_dim,50.0,,0.001,1024.0,,500,0.3144341557436393,0.03331757176653071,0.06663516463347263,0.1423871669205765,0.9748500221180445,2.45,0.07631120382617425,0.0,0.02066601322845112,0.013641456843232296,0.027282921861156585,0.0178143911101278,0.005870596020402807,1.0323070738577946,20
mwu,dual_x_dim,50.0,,0.001,4096.0,,100,0.2583621835025179,0.05714376297825974,0.11635133618438373,0.1120302674957903,0.9328896008262724,2.05,0.03922669294206142,0.0,0.012396452152126631,0.009790352285159754,0.01957519532586398,0.010137181653731314,0.006766432234028482,0.6133385773993967,20
mwu,dual_x_dim,50.0,,0.001,4096.0,,500,0.31364932972691995,0.03331517290443685,0.0666311795334947,0.14273838211855905,0.9750504237244701,2.45,0.03922669294206142,0.0,0.020657009630632946,0.013747595328330765,0.02749509436727707,0.017927311517973527,0.005954934460310202,1.006492084315358,20
mwu,dual_x_dim,50.0,,0.001,16384.0,,100,0.25795568753303133,0.05694097417453756,0.11599257591367192,0.11209197127504567,0.9333997018363733,2.0,0.018734089829520746,0.0,0.012614063448604896,0.00980481094667745,0.019614472049422366,0.01005168575414102,0.0068842839079138445,0.6069769786668839,20
mwu,dual_x_dim,50.0,,0.001,16384.0,,500,0.3130423400088543,0.03341320059079993,0.0668298924860444,0.14257028428177246,0.9751508245260734,2.4,0.018734089829520746,0.0,0.020815239536496128,0.013800954098801672,0.027601475061586094,0.017738195528992255,0.00597249227768388,1.0062959698554736,20
mwu,exact,,,,,,100,7.528144774227031e-14,0.0,0.0,0.0,1.0,0.0,0.0,0.0,1.7057532062714278e-15,0.0,0.0,0.0,0.0,0.0,20
mwu,exact,,,,,,500,7.805145418871007e-14,0.0,0.0,0.0,1.0,0.0,0.0,0.0,1.7313666533947515e-15,0.0,0.0,0.0,0.0,0.0,20
mwu,overlap,50.0,,,,0.0,100,4.782285678572862e-15,0.0,0.0,0.0,1.0,0.0,0.0,0.0,9.825671843192946e-17,0.0,0.0,0.0,0.0,0.0,20
mwu,overlap,50.0,,,,0.0,500,5.051514762044462e-15,0.0,0.0,0.0,1.0,0.0,0.0,0.0,1.280498315426828e-16,0.0,0.0,0.0,0.0,0.0,20
mwu,overlap,50.0,,,,0.01,100,0.6126187603112706,0.5528763983723715,1.1360682286509483,0.6133208589559423,0.8035024460893385,10.4,0.0075907383611550795,0.0,0.05520515457008036,0.06509695371108605,0.13405676632921637,0.05174331025612439,0.03217852638969792,3.174238408450791,20
mwu,overlap,50.0,,,,0.01,500,9.68569254735009e+21,0.6022122229032939,1.2066399264217638,0.7543981633664629,0.7389409288480722,73.85,0.0075907383611550795,0.0,5.556482348189958e+21,0.10313513259486529,0.20610422863848457,0.06568818595885265,0.046184540918131504,15.936927492297153,20
mwu,overlap,50.0,,,,0.03,100,456227.16513849853,0.6937571491810703,1.4118861757186285,0.7935808482263745,0.7025036606332631,17.8,0.02277221508346524,0.0,393534.065328381,0.06742144321674633,0.13850479460961354,0.03658921797178433,0.036929354943369304,3.8481711308921254,20
mwu,overlap,50.0,,,,0.03,500,1.7429842631044563e+97,0.7271985860547419,1.4543971721094837,0.8757431533393509,0.5643657889227179,134.75,0.02277221508346524,0.0,1.7429842630647993e+97,0.09702528119929664,0.19405056239859328,0.043563924535411844,0.026290067151466513,11.78019636151238,20
mwu,overlap,50.0,,,,0.1,100,9.497638158467667e+20,0.6813236265493909,1.3626472530987819,0.8057129467859193,0.5985803745428193,22.5,0.07590738361155079,0.0,8.079262288530698e+20,0.0717545658774585,0.143509131754917,0.037443797409403096,0.02207476322614182,3.261820608833436,20
mwu,overlap,50.0,,,,0.1,500,7.934023433783436e+128,0.6795685233611105,1.359137046722221,0.8649443560414423,0.5279644385325887,138.4,0.07590738361155079,0.0,7.934023390286396e+128,0.10156105306134747,0.20312210612269496,0.04240589526611946,0.0068686659190406694,9.195651146058118,20
mwu,overlap,50.0,,,,0.2,100,1.387139711467297e+24,0.7285347762514263,1.4570695525028525,0.8428421799452627,0.5353423887518144,25.15,0.15181476722310158,0.0,1.3718460311210498e+24,0.06801161525184075,0.1360232305036815,0.0308359730090382,0.013762713834857677,2.914821471467217,20
mwu,overlap,50.0,,,,0.2,500,3.0853763386808263e+142,0.7021358692367564,1.4102738540010737,0.8968637818877573,0.5261951003653327,139.4,0.15181476722310158,0.0,3.0853763386808263e+142,0.09615799223478827,0.19154681677070082,0.036302830439163256,0.01121392216643702,9.690038292249579,20
mwu,overlap,50.0,,,,0.3,100,5.29226512953199e+27,0.7474736900011267,1.4957479704674566,0.8502473681087256,0.5111219931271478,27.35,0.2277221508346524,0.0,5.292125065322994e+27,0.06943091787073294,0.13851789698415048,0.03404875009655836,0.012864036494696054,2.95872927916165,20
mwu,overlap,50.0,,,,0.3,500,3.2408765625891883e+127,0.7055610044825273,1.4171241248674216,0.8959891993602692,0.5143484372266063,143.6,0.2277221508346524,0.05,3.1413363044018227e+127,0.09579213707404073,0.19080081542144864,0.038105492520316135,0.006051882219933766,9.124980173013789,20
mwu,overlap,50.0,,,,0.5,100,9.460822897616525e+31,0.7523838787831307,1.5047677575662615,0.8602887007571625,0.5040564332574642,27.35,0.37953691805775397,0.0,9.460822757834877e+31,0.07139615256898278,0.14279230513796556,0.030005061214619856,0.014007635699452502,2.8314725571873836,20
mwu,overlap,50.0,,,,0.5,500,3.403114803073833e+132,0.767586760778958,1.535173521557916,0.9138516862216212,0.5147490392241174,141.4,0.37953691805775397,0.05,3.3169450482741606e+132,0.09148708443140485,0.1829741688628097,0.03348096017893226,0.006666063227990488,9.631199302267605,20
mwu,overlap_dual,50.0,,0.0,,0.0,100,4.782285678572862e-15,0.0,0.0,0.0,1.0,0.0,0.0,0.0,9.825671843192946e-17,0.0,0.0,0.0,0.0,0.0,20
mwu,overlap_dual,50.0,,0.0,,0.0,500,5.051514762044462e-15,0.0,0.0,0.0,1.0,0.0,0.0,0.0,1.280498315426828e-16,0.0,0.0,0.0,0.0,0.0,20
mwu,overlap_dual,50.0,,0.0,,0.01,100,4.782285678572862e-15,0.0,0.0,0.0,1.0,0.0,0.0075907383611550795,0.0,9.825671843192946e-17,0.0,0.0,0.0,0.0,0.0,20
mwu,overlap_dual,50.0,,0.0,,0.01,500,5.051514762044462e-15,0.0,0.0,0.0,1.0,0.0,0.0075907383611550795,0.0,1.280498315426828e-16,0.0,0.0,0.0,0.0,0.0,20
mwu,overlap_dual,50.0,,0.0,,0.03,100,4.782285678572862e-15,0.0,0.0,0.0,1.0,0.0,0.02277221508346524,0.0,9.825671843192946e-17,0.0,0.0,0.0,0.0,0.0,20
mwu,overlap_dual,50.0,,0.0,,0.03,500,5.051514762044462e-15,0.0,0.0,0.0,1.0,0.0,0.02277221508346524,0.0,1.280498315426828e-16,0.0,0.0,0.0,0.0,0.0,20
mwu,overlap_dual,50.0,,0.0,,0.1,100,4.782285678572862e-15,0.0,0.0,0.0,1.0,0.0,0.07590738361155079,0.0,9.825671843192946e-17,0.0,0.0,0.0,0.0,0.0,20
mwu,overlap_dual,50.0,,0.0,,0.1,500,5.051514762044462e-15,0.0,0.0,0.0,1.0,0.0,0.07590738361155079,0.0,1.280498315426828e-16,0.0,0.0,0.0,0.0,0.0,20
mwu,overlap_dual,50.0,,0.0,,0.2,100,4.782285678572862e-15,0.0,0.0,0.0,1.0,0.0,0.15181476722310158,0.0,9.825671843192945e-17,0.0,0.0,0.0,0.0,0.0,20
mwu,overlap_dual,50.0,,0.0,,0.2,500,5.051514762044462e-15,0.0,0.0,0.0,1.0,0.0,0.15181476722310158,0.0,1.2804983154268274e-16,0.0,0.0,0.0,0.0,0.0,20
mwu,overlap_dual,50.0,,0.0,,0.3,100,4.782285678572862e-15,0.0,0.0,0.0,1.0,0.0,0.2277221508346524,0.0,9.825671843192946e-17,0.0,0.0,0.0,0.0,0.0,20
mwu,overlap_dual,50.0,,0.0,,0.3,500,5.051514762044462e-15,0.0,0.0,0.0,1.0,0.0,0.2277221508346524,0.0,1.280498315426828e-16,0.0,0.0,0.0,0.0,0.0,20
mwu,overlap_dual,50.0,,0.0,,0.5,100,4.782285678572862e-15,0.0,0.0,0.0,1.0,0.0,0.37953691805775397,0.0,9.825671843192946e-17,0.0,0.0,0.0,0.0,0.0,20
mwu,overlap_dual,50.0,,0.0,,0.5,500,5.051514762044462e-15,0.0,0.0,0.0,1.0,0.0,0.37953691805775397,0.0,1.280498315426828e-16,0.0,0.0,0.0,0.0,0.0,20
mwu,overlap_dual,50.0,,1e-05,,0.0,100,0.0028669827964463964,0.0005769312759492187,0.0011858862887396536,0.0011979435777249303,0.9994999999999999,0.15,0.0,0.0,0.00012721012056571596,0.00010550239659489827,0.0002097764278625171,0.00010486490437797216,0.0004999999999999969,0.16662280124501821,20
mwu,overlap_dual,50.0,,1e-05,,0.0,500,0.0034308530622019925,0.0004470610027616925,0.0008941221223177698,0.0016499505825633989,0.9997999999999999,0.2,0.0,0.0,0.0002607631878108223,0.0002143853150513659,0.0004287706663548796,0.00021724601796496143,0.00013764944032233493,0.17167901505579047,20
mwu,overlap_dual,50.0,,1e-05,,0.01,100,0.0028648222753537207,0.0005775934401148284,0.0011857436097730569,0.001197460284052905,0.9994999999999999,0.15,0.0075907383611550795,0.0,0.00012672190092671205,0.00010578720374120153,0.00021050983749816928,0.00010520857307947755,0.0004999999999999969,0.16662280124501821,20
mwu,overlap_dual,50.0,,1e-05,,0.01,500,0.003429397508069548,0.0004478133154837303,0.0008956267422149927,0.0016491473739119091,0.9997999999999999,0.2,0.0075907383611550795,0.0,0.00026063072707293124,0.0002145903490026591,0.00042918073240286983,0.00021746444855170417,0.00013764944032233493,0.17167901505579047,20
mwu,overlap_dual,50.0,,1e-05,,0.03,100,0.002861142942514411,0.0005790486243600071,0.00118572507152114,0.0011967625470683558,0.9994999999999999,0.15,0.02277221508346524,0.0,0.0001258170455715308,0.00010640232261786519,0.00021209351506615816,0.000105944288738339,0.0004999999999999969,0.16662280124501821,20
mwu,overlap_dual,50.0,,1e-05,,0.03,500,0.0034272362137966863,0.00044942009495085503,0.000898840290073262,0.001649139717019557,0.9997999999999999,0.2,0.02277221508346524,0.0,0.00026046293678717706,0.00021505534887159334,0.0004301107284334886,0.0002178554214242536,0.00013764944032233493,0.17167901505579047,20
mwu,overlap_dual,50.0,,1e-05,,0.1,100,0.002855245973620857,0.0005855760579068076,0.0011953795278120461,0.0011977199647727073,0.9994999999999999,0.15,0.07590738361155079,0.0,0.00012331226572188106,0.00010904898499675365,0.00021769297956218914,0.00010885964975422919,0.0004999999999999969,0.16662280124501821,20
mwu,overlap_dual,50.0,,1e-05,,0.1,500,0.003427571624133792,0.0004570404851577816,0.0009140810316714024,0.0016530400989207383,0.9997,0.15,0.07590738361155079,0.0,0.00026090298737756516,0.00021717422839130122,0.00043434847445084947,0.00022000822168763998,0.00021884866196096787,0.16662280124501821,20
mwu,overlap_dual,50.0,,1e-05,,0.2,100,0.00287163173303131,0.0006059558817623267,0.0012491431725285876,0.0012115497110086332,1.0,0.2,0.15181476722310158,0.0,0.00011920644595213971,0.00011253398811436349,0.0002223880746412446,0.00011333197283368368,0.0,0.15559732104309984,20
mwu,overlap_dual,50.0,,1e-05,,0.2,500,0.003453929541654889,0.00047682370813692304,0.000953695383678432,0.0016696587601728013,0.9997999999999999,0.2,0.15181476722310158,0.0,0.0002657785763558752,0.0002212730478001128,0.0004425406664646495,0.00022532532054117362,0.00020000000000000166,0.15559732104309984,20
mwu,overlap_dual,50.0,,1e-05,,0.3,100,0.0029225448287789058,0.0006420447819984385,0.0013303344665222057,0.0012368204754757042,1.0,0.2,0.2277221508346524,0.0,0.00011539454491514175,0.00011582376471940093,0.0002281134173990687,0.00011975834952789895,0.0,0.15559732104309984,20
mwu,overlap_dual,50.0,,1e-05,,0.3,500,0.0035270421745069156,0.0005018423929193456,0.001003745291935884,0.0017075965267450617,0.9997999999999999,0.2,0.2277221508346524,0.0,0.0002725672071976467,0.0002276224900123438,0.0004552379929364497,0.00023409489912124874,0.00019999999999999668,0.15559732104309984,20
mwu,overlap_dual,50.0,,1e-05,,0.5,100,0.003168901771650473,0.0007662421225592224,0.0015774420239309445,0.0013433381456600182,1.0,0.15,0.37953691805775397,0.0,0.00010860737479650076,0.00012634500655732848,0.0002514899061551718,0.00013840714280091587,0.0,0.16662280124501821,20
mwu,overlap_dual,50.0,,1e-05,,0.5,500,0.0038747576530354143,0.0005760708764589912,0.001152173798622134,0.0018726109182042067,0.9997999999999999,0.15,0.37953691805775397,0.0,0.00029178064279617236,0.00025004471374337624,0.0005000856550897822,0.00026086987154109277,0.00019999999999999668,0.16662280124501821,20
mwu,overlap_dual,50.0,,0.0001,,0.0,100,0.02850785734270069,0.0057773921581595715,0.011856464057277487,0.011938694675431825,0.9934541299806396,0.25,0.0,0.0,0.0012840009536189121,0.0010463335467826317,0.002083280674870514,0.0010385387339407743,0.0015057414995433226,0.2161261814676544,20
mwu,overlap_dual,50.0,,0.0001,,0.0,500,0.0340356208688153,0.004340601965341867,0.00868120482330821,0.01634675487846405,0.996794379114827,0.3,0.0,0.0,0.0025897959421357503,0.002099012426262248,0.004198025124678031,0.0021562912389711496,0.001148730283138488,0.3086473033978053,20
mwu,overlap_dual,50.0,,0.0001,,0.01,100,0.028486112149326736,0.0057837671178930326,0.01185445621076844,0.011933513218123403,0.9934541299806396,0.25,0.0075907383611550795,0.0,0.0012790848644704097,0.0010492168922807393,0.0020907640682976823,0.0010419856388223364,0.0015057414995433226,0.2161261814676544,20
mwu,overlap_dual,50.0,,0.0001,,0.01,500,0.034021066461353396,0.004351244411302889,0.008702489659469077,0.016342555361690138,0.996794379114827,0.3,0.0075907383611550795,0.0,0.002588989931098358,0.0021006065487452676,0.004201213350839478,0.0021582836497934885,0.00114873028313849,0.3086473033978053,20
mwu,overlap_dual,50.0,,0.0001,,0.03,100,0.028448958943110846,0.005797826087218206,0.011853100359634512,0.011925809249314712,0.9939591804856901,0.2,0.02277221508346524,0.0,0.001269965995785971,0.0010554393316177845,0.002106903249900047,0.001049366787446574,0.0015275244068745435,0.22478059477960655,20
mwu,overlap_dual,50.0,,0.0001,,0.03,500,0.03399937849127095,0.0043798447855526125,0.008759690296604233,0.016342036802300862,0.9968945795156288,0.25,0.02277221508346524,0.0,0.0025883517417599373,0.00210362225090193,0.004207244717523979,0.0021626409497979317,0.0011585746795291876,0.31518582655817173,20
mwu,overlap_dual,50.0,,0.0001,,0.1,100,0.028385321008517518,0.005861172016701442,0.011976903859503531,0.011926838822459889,0.9939591804856901,0.2,0.07590738361155079,0.0,0.0012456011156933657,0.001082106205818691,0.002158385167532002,0.001080432095747423,0.0015275244068745461,0.22478059477960655,20
mwu,overlap_dual,50.0,,0.0001,,0.1,500,0.03400163350561525,0.004490783633253441,0.008981682140631808,0.016378635681157876,0.9968945795156288,0.25,0.07590738361155079,0.0,0.0025964456545528028,0.0021196988417401586,0.004239385020669634,0.002185693516372188,0.0011585746795291871,0.31518582655817173,20
mwu,overlap_dual,50.0,,0.0001,,0.2,100,0.028546632044235087,0.0060280961733823624,0.012448892997643563,0.012048378289602018,0.99445918048569,0.15,0.15181476722310158,0.0,0.0012072850082242787,0.0011246046300006465,0.0022238582209402136,0.0011285718444705383,0.001359645947967435,0.2086926725569141,20
mwu,overlap_dual,50.0,,0.0001,,0.2,500,0.03432331544765925,0.004683239536917521,0.009367064160301204,0.01654149345089436,0.9970945795156286,0.15,0.15181476722310158,0.0,0.002651693615807674,0.002158417901337634,0.004316769157836666,0.0022405417958454637,0.0011027663460737858,0.31013579368772604,20
mwu,overlap_dual,50.0,,0.0001,,0.3,100,0.02900663839025272,0.006399047666134809,0.013267741176836795,0.012296102671090867,0.99445918048569,0.25,0.2277221508346524,0.0,0.0011797138164018864,0.0011551516269241258,0.002279835979705058,0.001192324413350137,0.001359645947967435,0.2279773765322479,20
mwu,overlap_dual,50.0,,0.0001,,0.3,500,0.03500774504291972,0.004925492179349825,0.009851551910001097,0.016879615130039695,0.9970949811220544,0.15,0.2277221508346524,0.0,0.002732527259554379,0.0022184962273866754,0.004436926914979794,0.0023198810259570297,0.00109257658051812,0.3101357936877261,20
mwu,overlap_dual,50.0,,0.0001,,0.5,100,0.031466346750439425,0.007647365182456079,0.01575977701236341,0.01337831594964683,0.994454026909108,0.2,0.37953691805775397,0.0,0.0010936444137160152,0.0012589475058434347,0.0025111415498504075,0.0013697197139101232,0.0013605651338047355,0.2470883072485369,20
mwu,overlap_dual,50.0,,0.0001,,0.5,500,0.03845333944502102,0.005639578473143931,0.011279424923534773,0.01848582307353253,0.9970945787108061,0.2,0.37953691805775397,0.0,0.002934720349929291,0.002430314907707191,0.004860598557406781,0.002572930771548892,0.0011215063827491438,0.3371708921694098,20
mwu,overlap_dual,50.0,,0.001,,0.0,100,0.25750862503310745,0.05675947262734902,0.11562709500844211,0.11191343044694749,0.933909905918006,1.95,0.0,0.0,0.012562424182315273,0.009845134110953212,0.019698825421430335,0.010053768153558178,0.006884356714242654,0.591496763349244,20
mwu,overlap_dual,50.0,,0.001,,0.0,500,0.3124997745070041,0.03365022468872684,0.06730298165490689,0.14278158705235866,0.9752512261324989,2.35,0.0,0.0,0.020711487849354192,0.013918629702459339,0.02783694793803556,0.017802467892552576,0.00588812713231048,0.9901488458015316,20
mwu,overlap_dual,50.0,,0.001,,0.01,100,0.2572497524460081,0.056794524056528205,0.1157079704218122,0.11177074316674314,0.933909905918006,1.95,0.0075907383611550795,0.0,0.012537015269892073,0.009871532520677935,0.019746808157821184,0.01007545015737913,0.006884356714242654,0.591496763349244,20
mwu,overlap_dual,50.0,,0.001,,0.01,500,0.31233842395959416,0.03375564554394628,0.06751440466259691,0.14259982331344387,0.9751510257316974,2.3,0.0075907383611550795,0.0,0.020683363592264144,0.013935903643887596,0.027871421846977284,0.017836037664739627,0.005888352138877772,0.9896836283431825,20
mwu,overlap_dual,50.0,,0.001,,0.03,100,0.256783761934116,0.05687640425291353,0.11611160606085076,0.11150627660111039,0.9339048554129554,1.85,0.02277221508346524,0.0,0.01249069770872987,0.009929232843489871,0.019828238583239843,0.01012474970853769,0.006693862788483551,0.5725060330640515,20
mwu,overlap_dual,50.0,,0.001,,0.03,500,0.312070963932778,0.03397057401730678,0.06794542389144126,0.14226227569540967,0.9750506249300942,2.15,0.02277221508346524,0.0,0.020632473724140163,0.013972637673608766,0.02794474127919566,0.017907808780857813,0.005854455090919031,0.9438861438921428,20
mwu,overlap_dual,50.0,,0.001,,0.1,100,0.25583914304943356,0.05734678101546338,0.11807044507617023,0.11091159434251294,0.9338997018363735,1.85,0.07590738361155079,0.0,0.01233474944435512,0.010170850651687716,0.020183925152331077,0.010332583615624122,0.006974712620168116,0.5950453321961454,20
mwu,overlap_dual,50.0,,0.001,,0.1,500,0.31208133523180737,0.03477089526459357,0.06954624731011007,0.14134857614037766,0.97495042372447,2.2,0.07590738361155079,0.0,0.02046691063570541,0.014124584931437985,0.028248608446382023,0.01820838528755044,0.00587070371135547,0.9558683018733888,20
mwu,overlap_dual,50.0,,0.001,,0.2,100,0.2563511097365785,0.05896935151038109,0.12207405979702077,0.11106987050407476,0.9323792936731081,1.9,0.15181476722310158,0.0,0.012208571132934814,0.010552308195594634,0.020931706419143225,0.010707131494390001,0.00726036375036044,0.6194224814505167,20
mwu,overlap_dual,50.0,,0.001,,0.2,500,0.3145052950973788,0.036061693012549564,0.07212621738545853,0.14123884274545978,0.9744492189051929,2.45,0.15181476722310158,0.0,0.02032701810589961,0.014411022873726913,0.028821690687659444,0.018715422877912863,0.006194525888356022,0.9416530817216016,20
mwu,overlap_dual,50.0,,0.001,,0.3,100,0.26027440546164976,0.0618045339977724,0.12757587411558205,0.11289638897908724,0.9313847596520646,1.75,0.2277221508346524,0.0,0.012199826654467989,0.011030991369856013,0.02202124849023247,0.011192723656906378,0.0073843206811052735,0.648378544402963,20
mwu,overlap_dual,50.0,,0.001,,0.3,500,0.3198118500779835,0.03756968788063616,0.07514055531933027,0.14281923930865212,0.974049222129341,2.2,0.2277221508346524,0.0,0.02031262281569257,0.014793227790726478,0.02958631633570498,0.019371479072876202,0.0062193381615848016,0.9558683018733886,20
mwu,overlap_dual,50.0,,0.001,,0.5,100,0.2810076761638893,0.07159147207328614,0.1477063656643384,0.12409987956736916,0.9238238443768635,1.85,0.37953691805775397,0.0,0.012267915957204679,0.01249285881552505,0.025238660580348047,0.012044553332000284,0.008142153420885428,0.685469489512576,20
mwu,overlap_dual,50.0,,0.001,,0.5,500,0.344036389413859,0.04179793201415417,0.08359590208840148,0.15437336184507572,0.9711454112948206,2.6,0.37953691805775397,0.0,0.021723556675333835,0.015921596261083273,0.0318432094208397,0.02071711387133068,0.006554065750640048,1.0988031766666093,20
