construction,sweep,seed,max_cos,beta,beta_max,sigma,dim,rho,T,max_err,final_err,greedy_agree,select_agree,max_pred_err,w_linf,w_l1,max_w_linf,decision_agree,regret_diff
q,beta_route,16,0.0,1.0,,,,,100,1.3182500253431093,1.294643829558511,0.3184257602862254,0.4787234042553192,,,,,,
q,beta_route,16,0.0,1.0,,,,,500,4.102131114260985,4.102131114260985,0.3305170665765461,0.5607287449392713,,,,,,
q,beta_route,17,0.0,1.0,,,,,100,1.1990411362396107,1.1975415743481723,0.8326771653543307,0.1595744680851064,,,,,,
q,beta_route,17,0.0,1.0,,,,,500,3.5241822847546187,3.5241822847546187,0.8332187070151307,0.18016194331983806,,,,,,
q,beta_route,18,0.0,1.0,,,,,100,0.7252726421763567,0.7252726421763567,0.504424778761062,0.20430107526881722,,,,,,
q,beta_route,18,0.0,1.0,,,,,500,2.9875851489192677,2.9875851489192677,0.36593591905564926,0.31237322515212984,,,,,,
q,beta_route,19,0.0,1.0,,,,,100,1.0113400404709012,1.0113400404709012,0.8400702987697716,0.0,,,,,,
q,beta_route,19,0.0,1.0,,,,,500,3.264249654426149,3.2265790690376015,0.8346244526776693,0.0,,,,,,
q,beta_route,8,0.0,1.0,,,,,100,0.8408599184144989,0.8408599184144989,0.8286219081272085,0.34782608695652173,,,,,,
q,beta_route,8,0.0,1.0,,,,,500,2.2475018403636673,2.2143781587017086,0.832434254888739,0.3780487804878049,,,,,,
q,beta_route,9,0.0,1.0,,,,,100,0.8247649817978895,0.8247649817978895,0.3975481611208406,0.1935483870967742,,,,,,
q,beta_route,9,0.0,1.0,,,,,500,2.444181329502445,2.444181329502445,0.3456748569505217,0.25963488843813387,,,,,,
q,beta_route,10,0.0,1.0,,,,,100,0.7668138533177297,0.7668138533177297,0.3520140105078809,0.6276595744680851,,,,,,
q,beta_route,10,0.0,1.0,,,,,500,2.893567557895351,2.893567557895351,0.33692359474924266,0.5870445344129555,,,,,,
q,beta_route,11,0.0,1.0,,,,,100,1.1344444340698665,1.1344444340698665,0.5,0.08602150537634409,,,,,,
q,beta_route,11,0.0,1.0,,,,,500,3.014612213420889,2.9862968616822023,0.5,0.10344827586206896,,,,,,
q,beta_route,0,0.0,2.0,,,,,100,1.1639951391756052,1.1639951391756052,0.6890034364261168,0.3829787234042553,,,,,,
q,beta_route,0,0.0,2.0,,,,,500,2.965864654894948,2.965864654894948,0.6710261569416499,0.3562753036437247,,,,,,
q,beta_route,1,0.0,2.0,,,,,100,0.9715862488965988,0.9715862488965988,0.506398537477148,0.3225806451612903,,,,,,
q,beta_route,1,0.0,2.0,,,,,500,3.71561555957267,3.7139434585889792,0.501187648456057,0.3204868154158215,,,,,,
q,beta_route,2,0.0,2.0,,,,,100,1.0021787480874955,1.0021787480874955,0.6972318339100346,0.28421052631578947,,,,,,
q,beta_route,2,0.0,2.0,,,,,500,3.1479385790613477,3.1479385790613477,0.6725990597716588,0.30505050505050507,,,,,,
q,beta_route,3,0.0,2.0,,,,,100,0.8851561801429437,0.8851561801429437,0.38312829525483305,0.23655913978494625,,,,,,
q,beta_route,3,0.0,2.0,,,,,500,2.5519488890909785,2.5519488890909785,0.34287638935668574,0.2535496957403651,,,,,,
q,beta_route,8,0.0,2.0,,,,,100,0.8408599184144989,0.8408599184144989,0.8286219081272085,0.34782608695652173,,,,,,
q,beta_route,8,0.0,2.0,,,,,500,2.2475018403636673,2.2143781587017086,0.832434254888739,0.3780487804878049,,,,,,
q,beta_route,9,0.0,2.0,,,,,100,0.8247649817978895,0.8247649817978895,0.3975481611208406,0.1935483870967742,,,,,,
q,beta_route,9,0.0,2.0,,,,,500,2.444181329502445,2.444181329502445,0.3456748569505217,0.25963488843813387,,,,,,
q,beta_route,10,0.0,2.0,,,,,100,0.7668138533177297,0.7668138533177297,0.3520140105078809,0.6276595744680851,,,,,,
q,beta_route,10,0.0,2.0,,,,,500,2.893567557895351,2.893567557895351,0.33692359474924266,0.5870445344129555,,,,,,
q,beta_route,11,0.0,2.0,,,,,100,1.1344444340698665,1.1344444340698665,0.5,0.08602150537634409,,,,,,
q,beta_route,11,0.0,2.0,,,,,500,3.014612213420889,2.9862968616822023,0.5,0.10344827586206896,,,,,,
q,beta_route,4,0.0,2.0,,,,,100,1.2324099949129392,1.2164193329977695,0.8299445471349353,0.35789473684210527,,,,,,
q,beta_route,4,0.0,2.0,,,,,500,3.135146782984994,3.135146782984994,0.8327099625977559,0.32323232323232326,,,,,,
q,beta_route,5,0.0,2.0,,,,,100,1.153142785359946,1.153142785359946,0.7954545454545454,0.0,,,,,,
q,beta_route,5,0.0,2.0,,,,,500,3.299220059025816,3.2919643459774584,0.826043068640646,0.0,,,,,,
q,beta_route,6,0.0,2.0,,,,,100,1.3977101079235026,1.3977101079235026,0.8886894075403949,0.0,,,,,,
q,beta_route,6,0.0,2.0,,,,,500,3.6372504983265443,3.628083320158467,0.8437605681433886,0.0,,,,,,
q,beta_route,7,0.0,2.0,,,,,100,1.022392818504411,1.022392818504411,0.8280701754385965,0.0,,,,,,
q,beta_route,7,0.0,2.0,,,,,500,2.9907330828340015,2.9799678836697514,0.8323232323232324,0.0,,,,,,
q,beta_route,16,0.0,2.0,,,,,100,1.3182500253431093,1.294643829558511,0.3184257602862254,0.4787234042553192,,,,,,
q,beta_route,16,0.0,2.0,,,,,500,4.102131114260985,4.102131114260985,0.3305170665765461,0.5607287449392713,,,,,,
q,beta_route,17,0.0,2.0,,,,,100,1.1990411362396107,1.1975415743481723,0.8326771653543307,0.1595744680851064,,,,,,
q,beta_route,17,0.0,2.0,,,,,500,3.5241822847546187,3.5241822847546187,0.8332187070151307,0.18016194331983806,,,,,,
q,beta_route,18,0.0,2.0,,,,,100,0.7252726421763567,0.7252726421763567,0.504424778761062,0.20430107526881722,,,,,,
q,beta_route,18,0.0,2.0,,,,,500,2.9875851489192677,2.9875851489192677,0.36593591905564926,0.31237322515212984,,,,,,
q,beta_route,19,0.0,2.0,,,,,100,1.0113400404709012,1.0113400404709012,0.8400702987697716,0.0,,,,,,
q,beta_route,19,0.0,2.0,,,,,500,3.264249654426149,3.2265790690376015,0.8346244526776693,0.0,,,,,,
q,exact,16,0.0,,,,,,100,2.7977620220553945e-14,2.6201263381153694e-14,1.0,1.0,,,,,,
q,exact,16,0.0,,,,,,500,4.884981308350689e-14,4.618527782440651e-14,1.0,1.0,,,,,,
q,exact,17,0.0,,,,,,100,8.215650382226158e-15,8.215650382226158e-15,1.0,1.0,,,,,,
q,exact,17,0.0,,,,,,500,2.886579864025407e-14,2.842170943040401e-14,1.0,1.0,,,,,,
q,exact,18,0.0,,,,,,100,1.765254609153999e-14,1.587618925213974e-14,1.0,1.0,,,,,,
q,exact,18,0.0,,,,,,500,3.3306690738754696e-14,2.2648549702353193e-14,1.0,1.0,,,,,,
q,exact,19,0.0,,,,,,100,2.55351295663786e-14,2.55351295663786e-14,1.0,1.0,,,,,,
q,exact,19,0.0,,,,,,500,3.1530333899354446e-14,1.5987211554602254e-14,1.0,1.0,,,,,,
q,exact,12,0.0,,,,,,100,1.3988810110276972e-14,1.2989609388114332e-14,1.0,1.0,,,,,,
q,exact,12,0.0,,,,,,500,2.353672812205332e-14,1.9539925233402755e-14,1.0,1.0,,,,,,
q,exact,13,0.0,,,,,,100,2.6201263381153694e-14,2.6201263381153694e-14,1.0,1.0,,,,,,
q,exact,13,0.0,,,,,,500,6.217248937900877e-14,6.217248937900877e-14,1.0,1.0,,,,,,
q,exact,14,0.0,,,,,,100,1.0380585280245214e-14,1.0380585280245214e-14,1.0,1.0,,,,,,
q,exact,14,0.0,,,,,,500,3.064215547965432e-14,3.064215547965432e-14,1.0,1.0,,,,,,
q,exact,15,0.0,,,,,,100,1.3433698597964394e-14,1.3433698597964394e-14,1.0,1.0,,,,,,
q,exact,15,0.0,,,,,,500,2.90878432451791e-14,2.7977620220553945e-14,1.0,1.0,,,,,,
q,exact,8,0.0,,,,,,100,1.199040866595169e-14,1.1324274851176597e-14,1.0,1.0,,,,,,
q,exact,8,0.0,,,,,,500,2.930988785010413e-14,2.042810365310288e-14,1.0,1.0,,,,,,
q,exact,9,0.0,,,,,,100,1.9761969838327786e-14,1.9761969838327786e-14,1.0,1.0,,,,,,
q,exact,9,0.0,,,,,,500,5.3290705182007514e-14,5.284661597215745e-14,1.0,1.0,,,,,,
q,exact,10,0.0,,,,,,100,2.9531932455029164e-14,2.0095036745715333e-14,1.0,1.0,,,,,,
q,exact,10,0.0,,,,,,500,2.9531932455029164e-14,2.220446049250313e-14,1.0,1.0,,,,,,
q,exact,11,0.0,,,,,,100,3.197442310920451e-14,3.197442310920451e-14,1.0,1.0,,,,,,
q,exact,11,0.0,,,,,,500,5.81756864903582e-14,5.684341886080802e-14,1.0,1.0,,,,,,
q,exact,0,0.0,,,,,,100,1.7430501486614958e-14,1.7430501486614958e-14,1.0,1.0,,,,,,
q,exact,0,0.0,,,,,,500,4.3076653355456074e-14,4.1744385725905886e-14,1.0,1.0,,,,,,
q,exact,1,0.0,,,,,,100,1.6431300764452317e-14,1.6431300764452317e-14,1.0,1.0,,,,,,
q,exact,1,0.0,,,,,,500,5.1958437552457326e-14,5.062616992290714e-14,1.0,1.0,,,,,,
q,exact,2,0.0,,,,,,100,3.171837792415033e-13,1.6975310046518644e-13,1.0,1.0,,,,,,
q,exact,2,0.0,,,,,,500,3.171837792415033e-13,4.107825191113079e-14,1.0,1.0,,,,,,
q,exact,3,0.0,,,,,,100,3.6262270963760557e-11,1.2932654946951061e-11,1.0,1.0,,,,,,
q,exact,3,0.0,,,,,,500,3.6262270963760557e-11,3.6262104430306863e-12,1.0,1.0,,,,,,
q,beta_route,12,0.0,2.0,,,,,100,0.897275661241777,0.897275661241777,0.7130281690140845,0.0,,,,,,
q,beta_route,12,0.0,2.0,,,,,500,2.6438521138882045,2.6438521138882045,0.6755390835579514,0.0,,,,,,
q,beta_route,13,0.0,2.0,,,,,100,1.3763313157294355,1.3763313157294355,1.0,0.0,,,,,,
q,beta_route,13,0.0,2.0,,,,,500,3.754664017766418,3.754664017766418,1.0,0.0,,,,,,
q,beta_route,14,0.0,2.0,,,,,100,0.4174522684053931,0.4174522684053931,0.8250883392226148,0.0,,,,,,
q,beta_route,14,0.0,2.0,,,,,500,2.5279643683666406,2.5279643683666406,0.727242076871207,0.0,,,,,,
q,beta_route,15,0.0,2.0,,,,,100,0.7726799883701265,0.7726799883701265,1.0,0.0,,,,,,
q,beta_route,15,0.0,2.0,,,,,500,2.3186651720104856,2.3186651720104856,1.0,0.0,,,,,,
q,beta_route,0,0.0,1.0,,,,,100,1.1639951391756052,1.1639951391756052,0.6890034364261168,0.3829787234042553,,,,,,
q,beta_route,0,0.0,1.0,,,,,500,2.965864654894948,2.965864654894948,0.6710261569416499,0.3562753036437247,,,,,,
q,beta_route,1,0.0,1.0,,,,,100,0.9715862488965988,0.9715862488965988,0.506398537477148,0.3225806451612903,,,,,,
q,beta_route,1,0.0,1.0,,,,,500,3.71561555957267,3.7139434585889792,0.501187648456057,0.3204868154158215,,,,,,
q,beta_route,2,0.0,1.0,,,,,100,1.0021787480874955,1.0021787480874955,0.6972318339100346,0.28421052631578947,,,,,,
q,beta_route,2,0.0,1.0,,,,,500,3.1479385790613477,3.1479385790613477,0.6725990597716588,0.30505050505050507,,,,,,
q,beta_route,3,0.0,1.0,,,,,100,0.8851561801429437,0.8851561801429437,0.38312829525483305,0.23655913978494625,,,,,,
q,beta_route,3,0.0,1.0,,,,,500,2.5519488890909785,2.5519488890909785,0.34287638935668574,0.2535496957403651,,,,,,
q,exact,4,0.0,,,,,,100,2.398081733190338e-14,1.8540724511240114e-14,1.0,1.0,,,,,,
q,exact,4,0.0,,,,,,500,5.3290705182007514e-14,4.884981308350689e-14,1.0,1.0,,,,,,
q,exact,5,0.0,,,,,,100,4.724991786719812e-10,3.5781222429420723e-10,1.0,1.0,,,,,,
q,exact,5,0.0,,,,,,500,4.724991786719812e-10,1.589457454542753e-10,1.0,1.0,,,,,,
q,exact,6,0.0,,,,,,100,2.1316282072803006e-14,2.1316282072803006e-14,1.0,1.0,,,,,,
q,exact,6,0.0,,,,,,500,5.3290705182007514e-14,5.3290705182007514e-14,1.0,1.0,,,,,,
q,exact,7,0.0,,,,,,100,1.2989609388114332e-14,1.0880185641326534e-14,1.0,1.0,,,,,,
q,exact,7,0.0,,,,,,500,2.1538326677728037e-14,1.7319479184152442e-14,1.0,1.0,,,,,,
q,beta_route,0,0.0,5.0,,,,,100,1.1639951391756052,1.1639951391756052,0.6890034364261168,0.3829787234042553,,,,,,
q,beta_route,0,0.0,5.0,,,,,500,2.965864654894948,2.965864654894948,0.6710261569416499,0.3562753036437247,,,,,,
q,beta_route,1,0.0,5.0,,,,,100,0.9715862488965988,0.9715862488965988,0.506398537477148,0.3225806451612903,,,,,,
q,beta_route,1,0.0,5.0,,,,,500,3.71561555957267,3.7139434585889792,0.501187648456057,0.3204868154158215,,,,,,
q,beta_route,2,0.0,5.0,,,,,100,1.0021787480874955,1.0021787480874955,0.6972318339100346,0.28421052631578947,,,,,,
q,beta_route,2,0.0,5.0,,,,,500,3.1479385790613477,3.1479385790613477,0.6725990597716588,0.30505050505050507,,,,,,
q,beta_route,3,0.0,5.0,,,,,100,0.8851561801429437,0.8851561801429437,0.38312829525483305,0.23655913978494625,,,,,,
q,beta_route,3,0.0,5.0,,,,,500,2.5519488890909785,2.5519488890909785,0.34287638935668574,0.2535496957403651,,,,,,
q,beta_route,4,0.0,1.0,,,,,100,1.2324099949129392,1.2164193329977695,0.8299445471349353,0.35789473684210527,,,,,,
q,beta_route,4,0.0,1.0,,,,,500,3.135146782984994,3.135146782984994,0.8327099625977559,0.32323232323232326,,,,,,
q,beta_route,5,0.0,1.0,,,,,100,1.153142785359946,1.153142785359946,0.7954545454545454,0.0,,,,,,
q,beta_route,5,0.0,1.0,,,,,500,3.299220059025816,3.2919643459774584,0.826043068640646,0.0,,,,,,
q,beta_route,6,0.0,1.0,,,,,100,1.3977101079235026,1.3977101079235026,0.8886894075403949,0.0,,,,,,
q,beta_route,6,0.0,1.0,,,,,500,3.6372504983265443,3.628083320158467,0.8437605681433886,0.0,,,,,,
q,beta_route,7,0.0,1.0,,,,,100,1.022392818504411,1.022392818504411,0.8280701754385965,0.0,,,,,,
q,beta_route,7,0.0,1.0,,,,,500,2.9907330828340015,2.9799678836697514,0.8323232323232324,0.0,,,,,,
q,beta_route,12,0.0,1.0,,,,,100,0.897275661241777,0.897275661241777,0.7130281690140845,0.0,,,,,,
q,beta_route,12,0.0,1.0,,,,,500,2.6438521138882045,2.6438521138882045,0.6755390835579514,0.0,,,,,,
q,beta_route,13,0.0,1.0,,,,,100,1.3763313157294355,1.3763313157294355,1.0,0.0,,,,,,
q,beta_route,13,0.0,1.0,,,,,500,3.754664017766418,3.754664017766418,1.0,0.0,,,,,,
q,beta_route,14,0.0,1.0,,,,,100,0.4174522684053931,0.4174522684053931,0.8250883392226148,0.0,,,,,,
q,beta_route,14,0.0,1.0,,,,,500,2.5279643683666406,2.5279643683666406,0.727242076871207,0.0,,,,,,
q,beta_route,15,0.0,1.0,,,,,100,0.7726799883701265,0.7726799883701265,1.0,0.0,,,,,,
q,beta_route,15,0.0,1.0,,,,,500,2.3186651720104856,2.3186651720104856,1.0,0.0,,,,,,
q,beta_route,4,0.0,5.0,,,,,100,1.2324099949129392,1.2164193329977695,0.8299445471349353,0.35789473684210527,,,,,,
q,beta_route,4,0.0,5.0,,,,,500,3.135146782984994,3.135146782984994,0.8327099625977559,0.32323232323232326,,,,,,
q,beta_route,5,0.0,5.0,,,,,100,1.153142785359946,1.153142785359946,0.7954545454545454,0.0,,,,,,
q,beta_route,5,0.0,5.0,,,,,500,3.299220059025816,3.2919643459774584,0.826043068640646,0.0,,,,,,
q,beta_route,6,0.0,5.0,,,,,100,1.3977101079235026,1.3977101079235026,0.8886894075403949,0.0,,,,,,
q,beta_route,6,0.0,5.0,,,,,500,3.6372504983265443,3.628083320158467,0.8437605681433886,0.0,,,,,,
q,beta_route,7,0.0,5.0,,,,,100,1.022392818504411,1.022392818504411,0.8280701754385965,0.0,,,,,,
q,beta_route,7,0.0,5.0,,,,,500,2.9907330828340015,2.9799678836697514,0.8323232323232324,0.0,,,,,,
q,beta_route,8,0.0,5.0,,,,,100,0.8408599184144989,0.8408599184144989,0.8286219081272085,0.34782608695652173,,,,,,
q,beta_route,8,0.0,5.0,,,,,500,2.2475018403636673,2.2143781587017086,0.832434254888739,0.3780487804878049,,,,,,
q,beta_route,9,0.0,5.0,,,,,100,0.8247649817978895,0.8247649817978895,0.3975481611208406,0.1935483870967742,,,,,,
q,beta_route,9,0.0,5.0,,,,,500,2.444181329502445,2.444181329502445,0.3456748569505217,0.25963488843813387,,,,,,
q,beta_route,10,0.0,5.0,,,,,100,0.7668138533177297,0.7668138533177297,0.3520140105078809,0.6276595744680851,,,,,,
q,beta_route,10,0.0,5.0,,,,,500,2.893567557895351,2.893567557895351,0.33692359474924266,0.5870445344129555,,,,,,
q,beta_route,11,0.0,5.0,,,,,100,1.1344444340698665,1.1344444340698665,0.5,0.08602150537634409,,,,,,
q,beta_route,11,0.0,5.0,,,,,500,3.014612213420889,2.9862968616822023,0.5,0.10344827586206896,,,,,,
q,beta_route,0,0.0,10.0,,,,,100,1.1639951391756052,1.1639951391756052,0.6890034364261168,0.3829787234042553,,,,,,
q,beta_route,0,0.0,10.0,,,,,500,2.965864654894948,2.965864654894948,0.6710261569416499,0.3562753036437247,,,,,,
q,beta_route,1,0.0,10.0,,,,,100,0.9715862488965988,0.9715862488965988,0.506398537477148,0.3225806451612903,,,,,,
q,beta_route,1,0.0,10.0,,,,,500,3.71561555957267,3.7139434585889792,0.501187648456057,0.3204868154158215,,,,,,
q,beta_route,2,0.0,10.0,,,,,100,1.0021787480874955,1.0021787480874955,0.6972318339100346,0.28421052631578947,,,,,,
q,beta_route,2,0.0,10.0,,,,,500,3.1479385790613477,3.1479385790613477,0.6725990597716588,0.30505050505050507,,,,,,
q,beta_route,3,0.0,10.0,,,,,100,0.8851561801429437,0.8851561801429437,0.38312829525483305,0.23655913978494625,,,,,,
q,beta_route,3,0.0,10.0,,,,,500,2.5519488890909785,2.5519488890909785,0.34287638935668574,0.2535496957403651,,,,,,
q,beta_route,12,0.0,5.0,,,,,100,0.897275661241777,0.897275661241777,0.7130281690140845,0.0,,,,,,
q,beta_route,12,0.0,5.0,,,,,500,2.6438521138882045,2.6438521138882045,0.6755390835579514,0.0,,,,,,
q,beta_route,13,0.0,5.0,,,,,100,1.3763313157294355,1.3763313157294355,1.0,0.0,,,,,,
q,beta_route,13,0.0,5.0,,,,,500,3.754664017766418,3.754664017766418,1.0,0.0,,,,,,
q,beta_route,14,0.0,5.0,,,,,100,0.4174522684053931,0.4174522684053931,0.8250883392226148,0.0,,,,,,
q,beta_route,14,0.0,5.0,,,,,500,2.5279643683666406,2.5279643683666406,0.727242076871207,0.0,,,,,,
q,beta_route,15,0.0,5.0,,,,,100,0.7726799883701265,0.7726799883701265,1.0,0.0,,,,,,
q,beta_route,15,0.0,5.0,,,,,500,2.3186651720104856,2.3186651720104856,1.0,0.0,,,,,,
q,beta_route,4,0.0,10.0,,,,,100,1.2324099949129392,1.2164193329977695,0.8299445471349353,0.35789473684210527,,,,,,
q,beta_route,4,0.0,10.0,,,,,500,3.135146782984994,3.135146782984994,0.8327099625977559,0.32323232323232326,,,,,,
q,beta_route,5,0.0,10.0,,,,,100,1.153142785359946,1.153142785359946,0.7954545454545454,0.0,,,,,,
q,beta_route,5,0.0,10.0,,,,,500,3.299220059025816,3.2919643459774584,0.826043068640646,0.0,,,,,,
q,beta_route,6,0.0,10.0,,,,,100,1.3977101079235026,1.3977101079235026,0.8886894075403949,0.0,,,,,,
q,beta_route,6,0.0,10.0,,,,,500,3.6372504983265443,3.628083320158467,0.8437605681433886,0.0,,,,,,
q,beta_route,7,0.0,10.0,,,,,100,1.022392818504411,1.022392818504411,0.8280701754385965,0.0,,,,,,
q,beta_route,7,0.0,10.0,,,,,500,2.9907330828340015,2.9799678836697514,0.8323232323232324,0.0,,,,,,
q,beta_route,12,0.0,10.0,,,,,100,0.897275661241777,0.897275661241777,0.7130281690140845,0.0,,,,,,
q,beta_route,12,0.0,10.0,,,,,500,2.6438521138882045,2.6438521138882045,0.6755390835579514,0.0,,,,,,
q,beta_route,13,0.0,10.0,,,,,100,1.3763313157294355,1.3763313157294355,1.0,0.0,,,,,,
q,beta_route,13,0.0,10.0,,,,,500,3.754664017766418,3.754664017766418,1.0,0.0,,,,,,
q,beta_route,14,0.0,10.0,,,,,100,0.4174522684053931,0.4174522684053931,0.8250883392226148,0.0,,,,,,
q,beta_route,14,0.0,10.0,,,,,500,2.5279643683666406,2.5279643683666406,0.727242076871207,0.0,,,,,,
q,beta_route,15,0.0,10.0,,,,,100,0.7726799883701265,0.7726799883701265,1.0,0.0,,,,,,
q,beta_route,15,0.0,10.0,,,,,500,2.3186651720104856,2.3186651720104856,1.0,0.0,,,,,,
q,beta_route,8,0.0,10.0,,,,,100,0.8408599184144989,0.8408599184144989,0.8286219081272085,0.34782608695652173,,,,,,
q,beta_route,8,0.0,10.0,,,,,500,2.2475018403636673,2.2143781587017086,0.832434254888739,0.3780487804878049,,,,,,
q,beta_route,9,0.0,10.0,,,,,100,0.8247649817978895,0.8247649817978895,0.3975481611208406,0.1935483870967742,,,,,,
q,beta_route,9,0.0,10.0,,,,,500,2.444181329502445,2.444181329502445,0.3456748569505217,0.25963488843813387,,,,,,
q,beta_route,10,0.0,10.0,,,,,100,0.7668138533177297,0.7668138533177297,0.3520140105078809,0.6276595744680851,,,,,,
q,beta_route,10,0.0,10.0,,,,,500,2.893567557895351,2.893567557895351,0.33692359474924266,0.5870445344129555,,,,,,
q,beta_route,11,0.0,10.0,,,,,100,1.1344444340698665,1.1344444340698665,0.5,0.08602150537634409,,,,,,
q,beta_route,11,0.0,10.0,,,,,500,3.014612213420889,2.9862968616822023,0.5,0.10344827586206896,,,,,,
q,beta_route,4,0.0,20.0,,,,,100,0.013730195881623608,0.012058375200630578,1.0,1.0,,,,,,
q,beta_route,4,0.0,20.0,,,,,500,0.019379054493662506,0.01736175348381952,1.0,1.0,,,,,,
q,beta_route,5,0.0,20.0,,,,,100,0.012657998111642144,0.012657998111642144,1.0,1.0,,,,,,
q,beta_route,5,0.0,20.0,,,,,500,0.02395731384230504,0.02395731384230504,1.0,1.0,,,,,,
q,beta_route,6,0.0,20.0,,,,,100,0.012527948727176552,0.012122521572676792,1.0,1.0,,,,,,
q,beta_route,6,0.0,20.0,,,,,500,0.032633260417034404,0.032633260417034404,1.0,1.0,,,,,,
q,beta_route,7,0.0,20.0,,,,,100,0.013517238247514163,0.013402182271591734,1.0,1.0,,,,,,
q,beta_route,7,0.0,20.0,,,,,500,0.023086355529260416,0.019590483424966942,1.0,1.0,,,,,,
q,beta_route,0,0.0,20.0,,,,,100,0.01330354575741488,0.01330354575741488,1.0,1.0,,,,,,
q,beta_route,0,0.0,20.0,,,,,500,0.022916002147281844,0.018968802122985906,1.0,1.0,,,,,,
q,beta_route,1,0.0,20.0,,,,,100,0.011733813218057332,0.011640923822625826,1.0,1.0,,,,,,
q,beta_route,1,0.0,20.0,,,,,500,0.02420294991258176,0.023653711118270415,1.0,1.0,,,,,,
q,beta_route,2,0.0,20.0,,,,,100,0.012851655108053639,0.012851655108053639,1.0,1.0,,,,,,
q,beta_route,2,0.0,20.0,,,,,500,0.0247823771721829,0.02335060686206747,1.0,1.0,,,,,,
q,beta_route,3,0.0,20.0,,,,,100,0.014729971592591373,0.014729971592591373,1.0,1.0,,,,,,
q,beta_route,3,0.0,20.0,,,,,500,0.03245086010937426,0.030027022948226012,1.0,1.0,,,,,,
q,beta_route,8,0.0,20.0,,,,,100,0.018191288161845898,0.01814918483253658,1.0,1.0,,,,,,
q,beta_route,8,0.0,20.0,,,,,500,0.02842015793480046,0.023377281588899734,1.0,1.0,,,,,,
q,beta_route,9,0.0,20.0,,,,,100,0.012635320148597029,0.012635320148597029,1.0,1.0,,,,,,
q,beta_route,9,0.0,20.0,,,,,500,0.032738296027034375,0.031815531640062567,1.0,1.0,,,,,,
q,beta_route,10,0.0,20.0,,,,,100,0.014811406328783971,0.014811406328783971,1.0,1.0,,,,,,
q,beta_route,10,0.0,20.0,,,,,500,0.0267938197523101,0.026392251758116103,1.0,1.0,,,,,,
q,beta_route,11,0.0,20.0,,,,,100,0.012321162038078981,0.01156615685698792,1.0,1.0,,,,,,
q,beta_route,11,0.0,20.0,,,,,500,0.022767048441942883,0.022267297503394623,1.0,1.0,,,,,,
q,beta_route,16,0.0,5.0,,,,,100,1.3182500253431093,1.294643829558511,0.3184257602862254,0.4787234042553192,,,,,,
q,beta_route,16,0.0,5.0,,,,,500,4.102131114260985,4.102131114260985,0.3305170665765461,0.5607287449392713,,,,,,
q,beta_route,17,0.0,5.0,,,,,100,1.1990411362396107,1.1975415743481723,0.8326771653543307,0.1595744680851064,,,,,,
q,beta_route,17,0.0,5.0,,,,,500,3.5241822847546187,3.5241822847546187,0.8332187070151307,0.18016194331983806,,,,,,
q,beta_route,18,0.0,5.0,,,,,100,0.7252726421763567,0.7252726421763567,0.504424778761062,0.20430107526881722,,,,,,
q,beta_route,18,0.0,5.0,,,,,500,2.9875851489192677,2.9875851489192677,0.36593591905564926,0.31237322515212984,,,,,,
q,beta_route,19,0.0,5.0,,,,,100,1.0113400404709012,1.0113400404709012,0.8400702987697716,0.0,,,,,,
q,beta_route,19,0.0,5.0,,,,,500,3.264249654426149,3.2265790690376015,0.8346244526776693,0.0,,,,,,
q,beta_route,12,0.0,20.0,,,,,100,0.015255732132364752,0.015255732132364752,1.0,1.0,,,,,,
q,beta_route,12,0.0,20.0,,,,,500,0.02475729471774768,0.023110518979868377,1.0,1.0,,,,,,
q,beta_route,13,0.0,20.0,,,,,100,0.01519081994321092,0.014922908376766575,1.0,1.0,,,,,,
q,beta_route,13,0.0,20.0,,,,,500,0.016159055420092328,0.010481606186669712,1.0,1.0,,,,,,
q,beta_route,14,0.0,20.0,,,,,100,0.016693515065380693,0.016465745726277292,1.0,1.0,,,,,,
q,beta_route,14,0.0,20.0,,,,,500,0.02837384931891407,0.02687465442294723,1.0,1.0,,,,,,
q,beta_route,15,0.0,20.0,,,,,100,0.014827195076015043,0.014827195076015043,1.0,1.0,,,,,,
q,beta_route,15,0.0,20.0,,,,,500,0.02406131058193517,0.015457041883190747,1.0,1.0,,,,,,
q,beta_route,16,0.0,10.0,,,,,100,1.3182500253431093,1.294643829558511,0.3184257602862254,0.4787234042553192,,,,,,
q,beta_route,16,0.0,10.0,,,,,500,4.102131114260985,4.102131114260985,0.3305170665765461,0.5607287449392713,,,,,,
q,beta_route,17,0.0,10.0,,,,,100,1.1990411362396107,1.1975415743481723,0.8326771653543307,0.1595744680851064,,,,,,
q,beta_route,17,0.0,10.0,,,,,500,3.5241822847546187,3.5241822847546187,0.8332187070151307,0.18016194331983806,,,,,,
q,beta_route,18,0.0,10.0,,,,,100,0.7252726421763567,0.7252726421763567,0.504424778761062,0.20430107526881722,,,,,,
q,beta_route,18,0.0,10.0,,,,,500,2.9875851489192677,2.9875851489192677,0.36593591905564926,0.31237322515212984,,,,,,
q,beta_route,19,0.0,10.0,,,,,100,1.0113400404709012,1.0113400404709012,0.8400702987697716,0.0,,,,,,
q,beta_route,19,0.0,10.0,,,,,500,3.264249654426149,3.2265790690376015,0.8346244526776693,0.0,,,,,,
q,beta_route,16,0.0,20.0,,,,,100,0.015200561241868193,0.014954167015058806,1.0,1.0,,,,,,
q,beta_route,16,0.0,20.0,,,,,500,0.02338660985171348,0.017847040977273743,1.0,1.0,,,,,,
q,beta_route,17,0.0,20.0,,,,,100,0.014420926429891123,0.014259443508461755,1.0,1.0,,,,,,
q,beta_route,17,0.0,20.0,,,,,500,0.036531907886178105,0.036531907886178105,1.0,1.0,,,,,,
q,beta_route,18,0.0,20.0,,,,,100,0.011737598706484942,0.011711272417444685,1.0,1.0,,,,,,
q,beta_route,18,0.0,20.0,,,,,500,0.030046995004500143,0.027935169976432306,1.0,1.0,,,,,,
q,beta_route,19,0.0,20.0,,,,,100,0.01358274544215532,0.01220072017507945,1.0,1.0,,,,,,
q,beta_route,19,0.0,20.0,,,,,500,0.028285538882893535,0.028285538882893535,1.0,1.0,,,,,,
q,beta_route,4,0.0,50.0,,,,,100,4.192118874257744e-09,3.678338411639004e-09,1.0,1.0,,,,,,
q,beta_route,4,0.0,50.0,,,,,500,5.890675947028967e-09,5.3852324821690445e-09,1.0,1.0,,,,,,
q,beta_route,5,0.0,50.0,,,,,100,3.991383668022763e-09,3.991383668022763e-09,1.0,1.0,,,,,,
q,beta_route,5,0.0,50.0,,,,,500,7.391794953903741e-09,7.391794953903741e-09,1.0,1.0,,,,,,
q,beta_route,6,0.0,50.0,,,,,100,3.8237786270656215e-09,3.6929403979257813e-09,1.0,1.0,,,,,,
q,beta_route,6,0.0,50.0,,,,,500,1.0033745168058772e-08,1.0033745168058772e-08,1.0,1.0,,,,,,
q,beta_route,7,0.0,50.0,,,,,100,4.121680108326586e-09,4.0858860739234615e-09,1.0,1.0,,,,,,
q,beta_route,7,0.0,50.0,,,,,500,7.009790081724532e-09,6.0809044466481055e-09,1.0,1.0,,,,,,
q,beta_route,0,0.0,50.0,,,,,100,4.060933256333499e-09,4.060933256333499e-09,1.0,1.0,,,,,,
q,beta_route,0,0.0,50.0,,,,,500,6.951560216350572e-09,5.728563401419251e-09,1.0,1.0,,,,,,
q,beta_route,1,0.0,50.0,,,,,100,3.582399488166743e-09,3.553584093651807e-09,1.0,1.0,,,,,,
q,beta_route,1,0.0,50.0,,,,,500,7.348054609224164e-09,7.162106907543375e-09,1.0,1.0,,,,,,
q,beta_route,2,0.0,50.0,,,,,100,3.9222080028267214e-09,3.9222080028267214e-09,1.0,1.0,,,,,,
q,beta_route,2,0.0,50.0,,,,,500,7.426481651862105e-09,6.989155032499639e-09,1.0,1.0,,,,,,
q,beta_route,3,0.0,50.0,,,,,100,4.5095153167196145e-09,4.5095153167196145e-09,1.0,1.0,,,,,,
q,beta_route,3,0.0,50.0,,,,,500,9.848782678290036e-09,8.879053936539094e-09,1.0,1.0,,,,,,
q,beta_route,12,0.0,50.0,,,,,100,4.657112473438474e-09,4.657112473438474e-09,1.0,1.0,,,,,,
q,beta_route,12,0.0,50.0,,,,,500,7.439919347262958e-09,6.833380528092903e-09,1.0,1.0,,,,,,
q,beta_route,13,0.0,50.0,,,,,100,4.6322816693589175e-09,4.549292720312792e-09,1.0,1.0,,,,,,
q,beta_route,13,0.0,50.0,,,,,500,4.92625074066666e-09,3.2771723113000917e-09,1.0,1.0,,,,,,
q,beta_route,14,0.0,50.0,,,,,100,5.095108945862847e-09,5.0218408320645835e-09,1.0,1.0,,,,,,
q,beta_route,14,0.0,50.0,,,,,500,8.60959925574889e-09,8.132233997315552e-09,1.0,1.0,,,,,,
q,beta_route,15,0.0,50.0,,,,,100,4.5206279830622975e-09,4.5206279830622975e-09,1.0,1.0,,,,,,
q,beta_route,15,0.0,50.0,,,,,500,7.266085066959249e-09,4.660501540243445e-09,1.0,1.0,,,,,,
q,beta_route,8,0.0,50.0,,,,,100,5.204388253687853e-09,5.065021291272842e-09,1.0,1.0,,,,,,
q,beta_route,8,0.0,50.0,,,,,500,8.559178032996329e-09,7.016661918157752e-09,1.0,1.0,,,,,,
q,beta_route,9,0.0,50.0,,,,,100,3.857366204229606e-09,3.857366204229606e-09,1.0,1.0,,,,,,
q,beta_route,9,0.0,50.0,,,,,500,9.956324209525746e-09,9.667976641480891e-09,1.0,1.0,,,,,,
q,beta_route,10,0.0,50.0,,,,,100,4.519197016605858e-09,4.519197016605858e-09,1.0,1.0,,,,,,
q,beta_route,10,0.0,50.0,,,,,500,8.144614538352357e-09,8.021240782696282e-09,1.0,1.0,,,,,,
q,beta_route,11,0.0,50.0,,,,,100,3.761840616789414e-09,3.53069551373153e-09,1.0,1.0,,,,,,
q,beta_route,11,0.0,50.0,,,,,500,6.935317209411096e-09,6.745902947358218e-09,1.0,1.0,,,,,,
q,beta_route,4,0.0,100.0,,,,,100,2.398081733190338e-14,1.8540724511240114e-14,1.0,1.0,,,,,,
q,beta_route,4,0.0,100.0,,,,,500,5.3290705182007514e-14,4.884981308350689e-14,1.0,1.0,,,,,,
q,beta_route,5,0.0,100.0,,,,,100,4.724991786719812e-10,3.5781222429420723e-10,1.0,1.0,,,,,,
q,beta_route,5,0.0,100.0,,,,,500,4.724991786719812e-10,1.589457454542753e-10,1.0,1.0,,,,,,
q,beta_route,6,0.0,100.0,,,,,100,2.1316282072803006e-14,2.1316282072803006e-14,1.0,1.0,,,,,,
q,beta_route,6,0.0,100.0,,,,,500,5.3290705182007514e-14,5.3290705182007514e-14,1.0,1.0,,,,,,
q,beta_route,7,0.0,100.0,,,,,100,1.2989609388114332e-14,1.0880185641326534e-14,1.0,1.0,,,,,,
q,beta_route,7,0.0,100.0,,,,,500,2.1538326677728037e-14,1.7319479184152442e-14,1.0,1.0,,,,,,
q,beta_route,16,0.0,100.0,,,,,100,2.7977620220553945e-14,2.6201263381153694e-14,1.0,1.0,,,,,,
q,beta_route,16,0.0,100.0,,,,,500,4.884981308350689e-14,4.618527782440651e-14,1.0,1.0,,,,,,
q,beta_route,17,0.0,100.0,,,,,100,8.215650382226158e-15,8.215650382226158e-15,1.0,1.0,,,,,,
q,beta_route,17,0.0,100.0,,,,,500,2.886579864025407e-14,2.842170943040401e-14,1.0,1.0,,,,,,
q,beta_route,18,0.0,100.0,,,,,100,1.765254609153999e-14,1.587618925213974e-14,1.0,1.0,,,,,,
q,beta_route,18,0.0,100.0,,,,,500,3.3306690738754696e-14,2.2648549702353193e-14,1.0,1.0,,,,,,
q,beta_route,19,0.0,100.0,,,,,100,2.55351295663786e-14,2.55351295663786e-14,1.0,1.0,,,,,,
q,beta_route,19,0.0,100.0,,,,,500,3.1530333899354446e-14,1.5987211554602254e-14,1.0,1.0,,,,,,
q,beta_route,16,0.0,50.0,,,,,100,4.64093763419271e-09,4.564431721476581e-09,1.0,1.0,,,,,,
q,beta_route,16,0.0,50.0,,,,,500,7.144774993861347e-09,5.450514706240028e-09,1.0,1.0,,,,,,
q,beta_route,17,0.0,50.0,,,,,100,4.399640429753049e-09,4.349555160487739e-09,1.0,1.0,,,,,,
q,beta_route,17,0.0,50.0,,,,,500,1.1231034102721082e-08,1.1231034102721082e-08,1.0,1.0,,,,,,
q,beta_route,18,0.0,50.0,,,,,100,3.5834480938135016e-09,3.5751576143994157e-09,1.0,1.0,,,,,,
q,beta_route,18,0.0,50.0,,,,,500,9.149912383321634e-09,8.441491949895408e-09,1.0,1.0,,,,,,
q,beta_route,19,0.0,50.0,,,,,100,4.145236043306966e-09,3.71976405233454e-09,1.0,1.0,,,,,,
q,beta_route,19,0.0,50.0,,,,,500,8.706312448758524e-09,8.706312448758524e-09,1.0,1.0,,,,,,
q,beta_route,0,0.0,100.0,,,,,100,1.7430501486614958e-14,1.7430501486614958e-14,1.0,1.0,,,,,,
q,beta_route,0,0.0,100.0,,,,,500,4.3076653355456074e-14,4.1744385725905886e-14,1.0,1.0,,,,,,
q,beta_route,1,0.0,100.0,,,,,100,1.6431300764452317e-14,1.6431300764452317e-14,1.0,1.0,,,,,,
q,beta_route,1,0.0,100.0,,,,,500,5.1958437552457326e-14,5.062616992290714e-14,1.0,1.0,,,,,,
q,beta_route,2,0.0,100.0,,,,,100,3.171837792415033e-13,1.6975310046518644e-13,1.0,1.0,,,,,,
q,beta_route,2,0.0,100.0,,,,,500,3.171837792415033e-13,4.107825191113079e-14,1.0,1.0,,,,,,
q,beta_route,3,0.0,100.0,,,,,100,3.6262270963760557e-11,1.2932654946951061e-11,1.0,1.0,,,,,,
q,beta_route,3,0.0,100.0,,,,,500,3.6262270963760557e-11,3.6262104430306863e-12,1.0,1.0,,,,,,
q,beta_route,8,0.0,100.0,,,,,100,1.199040866595169e-14,1.1324274851176597e-14,1.0,1.0,,,,,,
q,beta_route,8,0.0,100.0,,,,,500,2.930988785010413e-14,2.042810365310288e-14,1.0,1.0,,,,,,
q,beta_route,9,0.0,100.0,,,,,100,1.9761969838327786e-14,1.9761969838327786e-14,1.0,1.0,,,,,,
q,beta_route,9,0.0,100.0,,,,,500,5.3290705182007514e-14,5.284661597215745e-14,1.0,1.0,,,,,,
q,beta_route,10,0.0,100.0,,,,,100,2.9531932455029164e-14,2.0095036745715333e-14,1.0,1.0,,,,,,
q,beta_route,10,0.0,100.0,,,,,500,2.9531932455029164e-14,2.220446049250313e-14,1.0,1.0,,,,,,
q,beta_route,11,0.0,100.0,,,,,100,3.197442310920451e-14,3.197442310920451e-14,1.0,1.0,,,,,,
q,beta_route,11,0.0,100.0,,,,,500,5.81756864903582e-14,5.684341886080802e-14,1.0,1.0,,,,,,
q,beta_route,0,0.0,1000.0,,,,,100,1.7430501486614958e-14,1.7430501486614958e-14,1.0,1.0,,,,,,
q,beta_route,0,0.0,1000.0,,,,,500,4.3076653355456074e-14,4.1744385725905886e-14,1.0,1.0,,,,,,
q,beta_route,1,0.0,1000.0,,,,,100,1.6431300764452317e-14,1.6431300764452317e-14,1.0,1.0,,,,,,
q,beta_route,1,0.0,1000.0,,,,,500,5.1958437552457326e-14,5.062616992290714e-14,1.0,1.0,,,,,,
q,beta_route,2,0.0,1000.0,,,,,100,3.171837792415033e-13,1.6975310046518644e-13,1.0,1.0,,,,,,
q,beta_route,2,0.0,1000.0,,,,,500,3.171837792415033e-13,4.107825191113079e-14,1.0,1.0,,,,,,
q,beta_route,3,0.0,1000.0,,,,,100,3.6262270963760557e-11,1.2932654946951061e-11,1.0,1.0,,,,,,
q,beta_route,3,0.0,1000.0,,,,,500,3.6262270963760557e-11,3.6262104430306863e-12,1.0,1.0,,,,,,
q,beta_route,4,0.0,1000.0,,,,,100,2.398081733190338e-14,1.8540724511240114e-14,1.0,1.0,,,,,,
q,beta_route,4,0.0,1000.0,,,,,500,5.3290705182007514e-14,4.884981308350689e-14,1.0,1.0,,,,,,
q,beta_route,5,0.0,1000.0,,,,,100,4.724991786719812e-10,3.5781222429420723e-10,1.0,1.0,,,,,,
q,beta_route,5,0.0,1000.0,,,,,500,4.724991786719812e-10,1.589457454542753e-10,1.0,1.0,,,,,,
q,beta_route,6,0.0,1000.0,,,,,100,2.1316282072803006e-14,2.1316282072803006e-14,1.0,1.0,,,,,,
q,beta_route,6,0.0,1000.0,,,,,500,5.3290705182007514e-14,5.3290705182007514e-14,1.0,1.0,,,,,,
q,beta_route,7,0.0,1000.0,,,,,100,1.2989609388114332e-14,1.0880185641326534e-14,1.0,1.0,,,,,,
q,beta_route,7,0.0,1000.0,,,,,500,2.1538326677728037e-14,1.7319479184152442e-14,1.0,1.0,,,,,,
q,beta_route,12,0.0,1000.0,,,,,100,1.3988810110276972e-14,1.2989609388114332e-14,1.0,1.0,,,,,,
q,beta_route,12,0.0,1000.0,,,,,500,2.353672812205332e-14,1.9539925233402755e-14,1.0,1.0,,,,,,
q,beta_route,13,0.0,1000.0,,,,,100,2.6201263381153694e-14,2.6201263381153694e-14,1.0,1.0,,,,,,
q,beta_route,13,0.0,1000.0,,,,,500,6.217248937900877e-14,6.217248937900877e-14,1.0,1.0,,,,,,
q,beta_route,14,0.0,1000.0,,,,,100,1.0380585280245214e-14,1.0380585280245214e-14,1.0,1.0,,,,,,
q,beta_route,14,0.0,1000.0,,,,,500,3.064215547965432e-14,3.064215547965432e-14,1.0,1.0,,,,,,
q,beta_route,15,0.0,1000.0,,,,,100,1.3433698597964394e-14,1.3433698597964394e-14,1.0,1.0,,,,,,
q,beta_route,15,0.0,1000.0,,,,,500,2.90878432451791e-14,2.7977620220553945e-14,1.0,1.0,,,,,,
q,beta_route,8,0.0,1000.0,,,,,100,1.199040866595169e-14,1.1324274851176597e-14,1.0,1.0,,,,,,
q,beta_route,8,0.0,1000.0,,,,,500,2.930988785010413e-14,2.042810365310288e-14,1.0,1.0,,,,,,
q,beta_route,9,0.0,1000.0,,,,,100,1.9761969838327786e-14,1.9761969838327786e-14,1.0,1.0,,,,,,
q,beta_route,9,0.0,1000.0,,,,,500,5.3290705182007514e-14,5.284661597215745e-14,1.0,1.0,,,,,,
q,beta_route,10,0.0,1000.0,,,,,100,2.9531932455029164e-14,2.0095036745715333e-14,1.0,1.0,,,,,,
q,beta_route,10,0.0,1000.0,,,,,500,2.9531932455029164e-14,2.220446049250313e-14,1.0,1.0,,,,,,
q,beta_route,11,0.0,1000.0,,,,,100,3.197442310920451e-14,3.197442310920451e-14,1.0,1.0,,,,,,
q,beta_route,11,0.0,1000.0,,,,,500,5.81756864903582e-14,5.684341886080802e-14,1.0,1.0,,,,,,
q,beta_route,12,0.0,100.0,,,,,100,1.3988810110276972e-14,1.2989609388114332e-14,1.0,1.0,,,,,,
q,beta_route,12,0.0,100.0,,,,,500,2.353672812205332e-14,1.9539925233402755e-14,1.0,1.0,,,,,,
q,beta_route,13,0.0,100.0,,,,,100,2.6201263381153694e-14,2.6201263381153694e-14,1.0,1.0,,,,,,
q,beta_route,13,0.0,100.0,,,,,500,6.217248937900877e-14,6.217248937900877e-14,1.0,1.0,,,,,,
q,beta_route,14,0.0,100.0,,,,,100,1.0380585280245214e-14,1.0380585280245214e-14,1.0,1.0,,,,,,
q,beta_route,14,0.0,100.0,,,,,500,3.064215547965432e-14,3.064215547965432e-14,1.0,1.0,,,,,,
q,beta_route,15,0.0,100.0,,,,,100,1.3433698597964394e-14,1.3433698597964394e-14,1.0,1.0,,,,,,
q,beta_route,15,0.0,100.0,,,,,500,2.90878432451791e-14,2.7977620220553945e-14,1.0,1.0,,,,,,
q,beta_route,16,0.0,1000.0,,,,,100,2.7977620220553945e-14,2.6201263381153694e-14,1.0,1.0,,,,,,
q,beta_route,16,0.0,1000.0,,,,,500,4.884981308350689e-14,4.618527782440651e-14,1.0,1.0,,,,,,
q,beta_route,17,0.0,1000.0,,,,,100,8.215650382226158e-15,8.215650382226158e-15,1.0,1.0,,,,,,
q,beta_route,17,0.0,1000.0,,,,,500,2.886579864025407e-14,2.842170943040401e-14,1.0,1.0,,,,,,
q,beta_route,18,0.0,1000.0,,,,,100,1.765254609153999e-14,1.587618925213974e-14,1.0,1.0,,,,,,
q,beta_route,18,0.0,1000.0,,,,,500,3.3306690738754696e-14,2.2648549702353193e-14,1.0,1.0,,,,,,
q,beta_route,19,0.0,1000.0,,,,,100,2.55351295663786e-14,2.55351295663786e-14,1.0,1.0,,,,,,
q,beta_route,19,0.0,1000.0,,,,,500,3.1530333899354446e-14,1.5987211554602254e-14,1.0,1.0,,,,,,
q,beta_route,0,0.0,10000.0,,,,,100,1.7430501486614958e-14,1.7430501486614958e-14,1.0,1.0,,,,,,
q,beta_route,0,0.0,10000.0,,,,,500,4.3076653355456074e-14,4.1744385725905886e-14,1.0,1.0,,,,,,
q,beta_route,1,0.0,10000.0,,,,,100,1.6431300764452317e-14,1.6431300764452317e-14,1.0,1.0,,,,,,
q,beta_route,1,0.0,10000.0,,,,,500,5.1958437552457326e-14,5.062616992290714e-14,1.0,1.0,,,,,,
q,beta_route,2,0.0,10000.0,,,,,100,3.171837792415033e-13,1.6975310046518644e-13,1.0,1.0,,,,,,
q,beta_route,2,0.0,10000.0,,,,,500,3.171837792415033e-13,4.107825191113079e-14,1.0,1.0,,,,,,
q,beta_route,3,0.0,10000.0,,,,,100,3.6262270963760557e-11,1.2932654946951061e-11,1.0,1.0,,,,,,
q,beta_route,3,0.0,10000.0,,,,,500,3.6262270963760557e-11,3.6262104430306863e-12,1.0,1.0,,,,,,
q,beta_route,8,0.0,10000.0,,,,,100,1.199040866595169e-14,1.1324274851176597e-14,1.0,1.0,,,,,,
q,beta_route,8,0.0,10000.0,,,,,500,2.930988785010413e-14,2.042810365310288e-14,1.0,1.0,,,,,,
q,beta_route,9,0.0,10000.0,,,,,100,1.9761969838327786e-14,1.9761969838327786e-14,1.0,1.0,,,,,,
q,beta_route,9,0.0,10000.0,,,,,500,5.3290705182007514e-14,5.284661597215745e-14,1.0,1.0,,,,,,
q,beta_route,10,0.0,10000.0,,,,,100,2.9531932455029164e-14,2.0095036745715333e-14,1.0,1.0,,,,,,
q,beta_route,10,0.0,10000.0,,,,,500,2.9531932455029164e-14,2.220446049250313e-14,1.0,1.0,,,,,,
q,beta_route,11,0.0,10000.0,,,,,100,3.197442310920451e-14,3.197442310920451e-14,1.0,1.0,,,,,,
q,beta_route,11,0.0,10000.0,,,,,500,5.81756864903582e-14,5.684341886080802e-14,1.0,1.0,,,,,,
q,beta_route,4,0.0,10000.0,,,,,100,2.398081733190338e-14,1.8540724511240114e-14,1.0,1.0,,,,,,
q,beta_route,4,0.0,10000.0,,,,,500,5.3290705182007514e-14,4.884981308350689e-14,1.0,1.0,,,,,,
q,beta_route,5,0.0,10000.0,,,,,100,4.724991786719812e-10,3.5781222429420723e-10,1.0,1.0,,,,,,
q,beta_route,5,0.0,10000.0,,,,,500,4.724991786719812e-10,1.589457454542753e-10,1.0,1.0,,,,,,
q,beta_route,6,0.0,10000.0,,,,,100,2.1316282072803006e-14,2.1316282072803006e-14,1.0,1.0,,,,,,
q,beta_route,6,0.0,10000.0,,,,,500,5.3290705182007514e-14,5.3290705182007514e-14,1.0,1.0,,,,,,
q,beta_route,7,0.0,10000.0,,,,,100,1.2989609388114332e-14,1.0880185641326534e-14,1.0,1.0,,,,,,
q,beta_route,7,0.0,10000.0,,,,,500,2.1538326677728037e-14,1.7319479184152442e-14,1.0,1.0,,,,,,
q,beta_route,12,0.0,10000.0,,,,,100,1.3988810110276972e-14,1.2989609388114332e-14,1.0,1.0,,,,,,
q,beta_route,12,0.0,10000.0,,,,,500,2.353672812205332e-14,1.9539925233402755e-14,1.0,1.0,,,,,,
q,beta_route,13,0.0,10000.0,,,,,100,2.6201263381153694e-14,2.6201263381153694e-14,1.0,1.0,,,,,,
q,beta_route,13,0.0,10000.0,,,,,500,6.217248937900877e-14,6.217248937900877e-14,1.0,1.0,,,,,,
q,beta_route,14,0.0,10000.0,,,,,100,1.0380585280245214e-14,1.0380585280245214e-14,1.0,1.0,,,,,,
q,beta_route,14,0.0,10000.0,,,,,500,3.064215547965432e-14,3.064215547965432e-14,1.0,1.0,,,,,,
q,beta_route,15,0.0,10000.0,,,,,100,1.3433698597964394e-14,1.3433698597964394e-14,1.0,1.0,,,,,,
q,beta_route,15,0.0,10000.0,,,,,500,2.90878432451791e-14,2.7977620220553945e-14,1.0,1.0,,,,,,
q,beta_route,16,0.0,10000.0,,,,,100,2.7977620220553945e-14,2.6201263381153694e-14,1.0,1.0,,,,,,
q,beta_route,16,0.0,10000.0,,,,,500,4.884981308350689e-14,4.618527782440651e-14,1.0,1.0,,,,,,
q,beta_route,17,0.0,10000.0,,,,,100,8.215650382226158e-15,8.215650382226158e-15,1.0,1.0,,,,,,
q,beta_route,17,0.0,10000.0,,,,,500,2.886579864025407e-14,2.842170943040401e-14,1.0,1.0,,,,,,
q,beta_route,18,0.0,10000.0,,,,,100,1.765254609153999e-14,1.587618925213974e-14,1.0,1.0,,,,,,
q,beta_route,18,0.0,10000.0,,,,,500,3.3306690738754696e-14,2.2648549702353193e-14,1.0,1.0,,,,,,
q,beta_route,19,0.0,10000.0,,,,,100,2.55351295663786e-14,2.55351295663786e-14,1.0,1.0,,,,,,
q,beta_route,19,0.0,10000.0,,,,,500,3.1530333899354446e-14,1.5987211554602254e-14,1.0,1.0,,,,,,
q,beta_route,0,0.0,1000000.0,,,,,100,1.7430501486614958e-14,1.7430501486614958e-14,1.0,1.0,,,,,,
q,beta_route,0,0.0,1000000.0,,,,,500,4.3076653355456074e-14,4.1744385725905886e-14,1.0,1.0,,,,,,
q,beta_route,1,0.0,1000000.0,,,,,100,1.6431300764452317e-14,1.6431300764452317e-14,1.0,1.0,,,,,,
q,beta_route,1,0.0,1000000.0,,,,,500,5.1958437552457326e-14,5.062616992290714e-14,1.0,1.0,,,,,,
q,beta_route,2,0.0,1000000.0,,,,,100,3.171837792415033e-13,1.6975310046518644e-13,1.0,1.0,,,,,,
q,beta_route,2,0.0,1000000.0,,,,,500,3.171837792415033e-13,4.107825191113079e-14,1.0,1.0,,,,,,
q,beta_route,3,0.0,1000000.0,,,,,100,3.6262270963760557e-11,1.2932654946951061e-11,1.0,1.0,,,,,,
q,beta_route,3,0.0,1000000.0,,,,,500,3.6262270963760557e-11,3.6262104430306863e-12,1.0,1.0,,,,,,
q,beta_route,4,0.0,1000000.0,,,,,100,2.398081733190338e-14,1.8540724511240114e-14,1.0,1.0,,,,,,
q,beta_route,4,0.0,1000000.0,,,,,500,5.3290705182007514e-14,4.884981308350689e-14,1.0,1.0,,,,,,
q,beta_route,5,0.0,1000000.0,,,,,100,4.724991786719812e-10,3.5781222429420723e-10,1.0,1.0,,,,,,
q,beta_route,5,0.0,1000000.0,,,,,500,4.724991786719812e-10,1.589457454542753e-10,1.0,1.0,,,,,,
q,beta_route,6,0.0,1000000.0,,,,,100,2.1316282072803006e-14,2.1316282072803006e-14,1.0,1.0,,,,,,
q,beta_route,6,0.0,1000000.0,,,,,500,5.3290705182007514e-14,5.3290705182007514e-14,1.0,1.0,,,,,,
q,beta_route,7,0.0,1000000.0,,,,,100,1.2989609388114332e-14,1.0880185641326534e-14,1.0,1.0,,,,,,
q,beta_route,7,0.0,1000000.0,,,,,500,2.1538326677728037e-14,1.7319479184152442e-14,1.0,1.0,,,,,,
q,beta_route,12,0.0,1000000.0,,,,,100,1.3988810110276972e-14,1.2989609388114332e-14,1.0,1.0,,,,,,
q,beta_route,12,0.0,1000000.0,,,,,500,2.353672812205332e-14,1.9539925233402755e-14,1.0,1.0,,,,,,
q,beta_route,13,0.0,1000000.0,,,,,100,2.6201263381153694e-14,2.6201263381153694e-14,1.0,1.0,,,,,,
q,beta_route,13,0.0,1000000.0,,,,,500,6.217248937900877e-14,6.217248937900877e-14,1.0,1.0,,,,,,
q,beta_route,14,0.0,1000000.0,,,,,100,1.0380585280245214e-14,1.0380585280245214e-14,1.0,1.0,,,,,,
q,beta_route,14,0.0,1000000.0,,,,,500,3.064215547965432e-14,3.064215547965432e-14,1.0,1.0,,,,,,
q,beta_route,15,0.0,1000000.0,,,,,100,1.3433698597964394e-14,1.3433698597964394e-14,1.0,1.0,,,,,,
q,beta_route,15,0.0,1000000.0,,,,,500,2.90878432451791e-14,2.7977620220553945e-14,1.0,1.0,,,,,,
q,beta_max,0,0.0,,1.0,,,,100,0.2506861497972901,0.2506861497972901,1.0,1.0,,,,,,
q,beta_max,0,0.0,,1.0,,,,500,1.2777711687595765,1.2777711687595765,1.0,1.0,,,,,,
q,beta_max,1,0.0,,1.0,,,,100,0.2181638658453109,0.2181638658453109,1.0,1.0,,,,,,
q,beta_max,1,0.0,,1.0,,,,500,1.6571171722781637,1.6571171722781637,1.0,1.0,,,,,,
q,beta_max,2,0.0,,1.0,,,,100,0.23929939122541855,0.23929939122541855,0.9965397923875432,0.9894736842105263,,,,,,
q,beta_max,2,0.0,,1.0,,,,500,1.4552208847217183,1.4552208847217183,0.9932840832773674,0.9919191919191919,,,,,,
q,beta_max,3,0.0,,1.0,,,,100,0.22689868958212223,0.22689868958212223,0.9894551845342706,0.978494623655914,,,,,,
q,beta_max,3,0.0,,1.0,,,,500,1.3036993506731727,1.3036993506731727,0.997979117547996,0.9959432048681541,,,,,,
q,beta_max,16,0.0,,1.0,,,,100,0.32888629209433784,0.32888629209433784,1.0,1.0,,,,,,
q,beta_max,16,0.0,,1.0,,,,500,1.937587487734742,1.937587487734742,1.0,1.0,,,,,,
q,beta_max,17,0.0,,1.0,,,,100,0.3847272521401177,0.3847272521401177,1.0,1.0,,,,,,
q,beta_max,17,0.0,,1.0,,,,500,1.689917220832307,1.689917220832307,1.0,1.0,,,,,,
q,beta_max,18,0.0,,1.0,,,,100,0.13151326090731086,0.13151326090731086,0.9964601769911504,0.989247311827957,,,,,,
q,beta_max,18,0.0,,1.0,,,,500,1.4559455326023203,1.4559455326023203,0.9993254637436763,0.9979716024340771,,,,,,
q,beta_max,19,0.0,,1.0,,,,100,0.30201414222473777,0.30201414222473777,1.0,1.0,,,,,,
q,beta_max,19,0.0,,1.0,,,,500,1.5686909262821653,1.5686909262821653,1.0,1.0,,,,,,
q,beta_max,4,0.0,,1.0,,,,100,0.3101077723828576,0.30644967306847404,1.0,1.0,,,,,,
q,beta_max,4,0.0,,1.0,,,,500,1.5141834237592788,1.5080859828523083,1.0,1.0,,,,,,
q,beta_max,5,0.0,,1.0,,,,100,0.26489846082294943,0.26489846082294943,1.0,1.0,,,,,,
q,beta_max,5,0.0,,1.0,,,,500,1.5597640773795014,1.5597640773795014,1.0,1.0,,,,,,
q,beta_max,6,0.0,,1.0,,,,100,0.30014625397944306,0.30014625397944306,0.9748653500897666,0.989247311827957,,,,,,
q,beta_max,6,0.0,,1.0,,,,500,1.7445382205623545,1.7445382205623545,0.9952654717619208,0.9979716024340771,,,,,,
q,beta_max,7,0.0,,1.0,,,,100,0.23221281986689946,0.23221281986689946,1.0,1.0,,,,,,
q,beta_max,7,0.0,,1.0,,,,500,1.4005468547746425,1.397772543840003,1.0,1.0,,,,,,
q,beta_max,8,0.0,,1.0,,,,100,0.3204460936222311,0.3204460936222311,1.0,1.0,,,,,,
q,beta_max,8,0.0,,1.0,,,,500,1.1824438144618936,1.1595689427940767,0.9635873229939312,0.9451219512195121,,,,,,
q,beta_max,9,0.0,,1.0,,,,100,0.13397463518880826,0.13397463518880826,1.0,1.0,,,,,,
q,beta_max,9,0.0,,1.0,,,,500,1.1839158761694049,1.1839158761694049,1.0,1.0,,,,,,
q,beta_max,10,0.0,,1.0,,,,100,0.27441675408017596,0.27441675408017596,1.0,1.0,,,,,,
q,beta_max,10,0.0,,1.0,,,,500,1.3155238391222928,1.3155238391222928,1.0,1.0,,,,,,
q,beta_max,11,0.0,,1.0,,,,100,0.3180677834975896,0.3180677834975896,1.0,1.0,,,,,,
q,beta_max,11,0.0,,1.0,,,,500,1.5481016368821154,1.5447381813355037,1.0,1.0,,,,,,
q,beta_max,4,0.0,,2.0,,,,100,0.2541729818636549,0.25330203202905777,1.0,1.0,,,,,,
q,beta_max,4,0.0,,2.0,,,,500,0.9726384479900405,0.9726384479900405,1.0,1.0,,,,,,
q,beta_max,5,0.0,,2.0,,,,100,0.2060204071274303,0.2060204071274303,1.0,1.0,,,,,,
q,beta_max,5,0.0,,2.0,,,,500,0.863128601699755,0.8593813401138002,1.0,1.0,,,,,,
q,beta_max,6,0.0,,2.0,,,,100,0.2224584488527519,0.2224584488527519,0.9748653500897666,0.989247311827957,,,,,,
q,beta_max,6,0.0,,2.0,,,,500,0.8219317041174654,0.8219317041174654,0.9952654717619208,0.9979716024340771,,,,,,
q,beta_max,7,0.0,,2.0,,,,100,0.18899712043673234,0.18899712043673234,1.0,1.0,,,,,,
q,beta_max,7,0.0,,2.0,,,,500,0.9005288837868264,0.896627671066025,1.0,1.0,,,,,,
q,beta_route,8,0.0,1000000.0,,,,,100,1.199040866595169e-14,1.1324274851176597e-14,1.0,1.0,,,,,,
q,beta_route,8,0.0,1000000.0,,,,,500,2.930988785010413e-14,2.042810365310288e-14,1.0,1.0,,,,,,
q,beta_route,9,0.0,1000000.0,,,,,100,1.9761969838327786e-14,1.9761969838327786e-14,1.0,1.0,,,,,,
q,beta_route,9,0.0,1000000.0,,,,,500,5.3290705182007514e-14,5.284661597215745e-14,1.0,1.0,,,,,,
q,beta_route,10,0.0,1000000.0,,,,,100,2.9531932455029164e-14,2.0095036745715333e-14,1.0,1.0,,,,,,
q,beta_route,10,0.0,1000000.0,,,,,500,2.9531932455029164e-14,2.220446049250313e-14,1.0,1.0,,,,,,
q,beta_route,11,0.0,1000000.0,,,,,100,3.197442310920451e-14,3.197442310920451e-14,1.0,1.0,,,,,,
q,beta_route,11,0.0,1000000.0,,,,,500,5.81756864903582e-14,5.684341886080802e-14,1.0,1.0,,,,,,
q,beta_route,16,0.0,1000000.0,,,,,100,2.7977620220553945e-14,2.6201263381153694e-14,1.0,1.0,,,,,,
q,beta_route,16,0.0,1000000.0,,,,,500,4.884981308350689e-14,4.618527782440651e-14,1.0,1.0,,,,,,
q,beta_route,17,0.0,1000000.0,,,,,100,8.215650382226158e-15,8.215650382226158e-15,1.0,1.0,,,,,,
q,beta_route,17,0.0,1000000.0,,,,,500,2.886579864025407e-14,2.842170943040401e-14,1.0,1.0,,,,,,
q,beta_route,18,0.0,1000000.0,,,,,100,1.765254609153999e-14,1.587618925213974e-14,1.0,1.0,,,,,,
q,beta_route,18,0.0,1000000.0,,,,,500,3.3306690738754696e-14,2.2648549702353193e-14,1.0,1.0,,,,,,
q,beta_route,19,0.0,1000000.0,,,,,100,2.55351295663786e-14,2.55351295663786e-14,1.0,1.0,,,,,,
q,beta_route,19,0.0,1000000.0,,,,,500,3.1530333899354446e-14,1.5987211554602254e-14,1.0,1.0,,,,,,
q,beta_max,12,0.0,,1.0,,,,100,0.2876793612168941,0.2876793612168941,1.0,1.0,,,,,,
q,beta_max,12,0.0,,1.0,,,,500,1.352752552995407,1.352752552995407,1.0,1.0,,,,,,
q,beta_max,13,0.0,,1.0,,,,100,0.3888945737000369,0.3888945737000369,1.0,1.0,,,,,,
q,beta_max,13,0.0,,1.0,,,,500,1.8065890194315757,1.8065890194315757,1.0,1.0,,,,,,
q,beta_max,14,0.0,,1.0,,,,100,0.12486275027622157,0.12486275027622157,1.0,1.0,,,,,,
q,beta_max,14,0.0,,1.0,,,,500,1.1497693769879596,1.1497693769879596,0.9318948078219824,0.9515151515151515,,,,,,
q,beta_max,15,0.0,,1.0,,,,100,0.21488585161801343,0.21488585161801343,0.986159169550173,0.968421052631579,,,,,,
q,beta_max,15,0.0,,1.0,,,,500,0.9992821529883629,0.9992821529883629,0.9069845533915379,0.907070707070707,,,,,,
q,beta_max,0,0.0,,2.0,,,,100,0.19387143128140938,0.19387143128140938,1.0,1.0,,,,,,
q,beta_max,0,0.0,,2.0,,,,500,0.8397503777380209,0.8397503777380209,1.0,1.0,,,,,,
q,beta_max,1,0.0,,2.0,,,,100,0.17516584758971931,0.17516584758971931,1.0,1.0,,,,,,
q,beta_max,1,0.0,,2.0,,,,500,0.8056389188185737,0.8056389188185737,1.0,1.0,,,,,,
q,beta_max,2,0.0,,2.0,,,,100,0.19680428787072957,0.19680428787072957,0.9965397923875432,0.9894736842105263,,,,,,
q,beta_max,2,0.0,,2.0,,,,500,0.8798269026758039,0.875597326417457,0.9993284083277367,0.997979797979798,,,,,,
q,beta_max,3,0.0,,2.0,,,,100,0.18653280615472745,0.18653280615472745,0.9894551845342706,0.978494623655914,,,,,,
q,beta_max,3,0.0,,2.0,,,,500,0.9544050313921568,0.9544050313921568,0.997979117547996,0.9959432048681541,,,,,,
q,beta_max,8,0.0,,2.0,,,,100,0.2805507703958774,0.2805507703958774,1.0,1.0,,,,,,
q,beta_max,8,0.0,,2.0,,,,500,0.9789945204111907,0.939917372176331,0.9959541469993257,0.9898373983739838,,,,,,
q,beta_max,9,0.0,,2.0,,,,100,0.12154566704934822,0.12154566704934822,1.0,1.0,,,,,,
q,beta_max,9,0.0,,2.0,,,,500,0.9068522825535092,0.8949138644664059,1.0,1.0,,,,,,
q,beta_max,10,0.0,,2.0,,,,100,0.23457747203766866,0.23457747203766866,1.0,1.0,,,,,,
q,beta_max,10,0.0,,2.0,,,,500,0.8666153990034156,0.8666153990034156,1.0,1.0,,,,,,
q,beta_max,11,0.0,,2.0,,,,100,0.24611807476285108,0.24611807476285108,1.0,1.0,,,,,,
q,beta_max,11,0.0,,2.0,,,,500,0.9620233488132861,0.9620233488132861,1.0,1.0,,,,,,
q,beta_max,12,0.0,,2.0,,,,100,0.2429929431740151,0.2429929431740151,1.0,1.0,,,,,,
q,beta_max,12,0.0,,2.0,,,,500,0.931267810083594,0.93009072606027,1.0,1.0,,,,,,
q,beta_max,13,0.0,,2.0,,,,100,0.2896601839560282,0.2896601839560282,1.0,1.0,,,,,,
q,beta_max,13,0.0,,2.0,,,,500,0.8349216608125487,0.8334625989664821,1.0,1.0,,,,,,
q,beta_max,14,0.0,,2.0,,,,100,0.1197357699415808,0.1197357699415808,1.0,1.0,,,,,,
q,beta_max,14,0.0,,2.0,,,,500,0.785038537110966,0.7841643387187687,0.9703304113283884,0.9717171717171718,,,,,,
q,beta_max,15,0.0,,2.0,,,,100,0.18392276610732528,0.18392276610732528,0.9896193771626297,0.9894736842105263,,,,,,
q,beta_max,15,0.0,,2.0,,,,500,0.7713439469044467,0.7713439469044467,0.9670920080591001,0.9595959595959596,,,,,,
q,beta_max,16,0.0,,2.0,,,,100,0.24547215182039883,0.24097862654365354,1.0,1.0,,,,,,
q,beta_max,16,0.0,,2.0,,,,500,0.6954011837525327,0.6804945603940404,1.0,1.0,,,,,,
q,beta_max,17,0.0,,2.0,,,,100,0.2751065722143349,0.2751065722143349,1.0,1.0,,,,,,
q,beta_max,17,0.0,,2.0,,,,500,0.8200604775918774,0.8074956398727093,1.0,1.0,,,,,,
q,beta_max,18,0.0,,2.0,,,,100,0.11385884419886505,0.11385884419886505,0.9964601769911504,0.989247311827957,,,,,,
q,beta_max,18,0.0,,2.0,,,,500,0.9580553003122452,0.9580553003122452,0.9993254637436763,0.9979716024340771,,,,,,
q,beta_max,19,0.0,,2.0,,,,100,0.2521500326503585,0.2521500326503585,1.0,1.0,,,,,,
q,beta_max,19,0.0,,2.0,,,,500,0.8682992108499406,0.8682992108499406,1.0,1.0,,,,,,
q,beta_max,0,0.0,,5.0,,,,100,0.09467489069887824,0.09467489069887824,1.0,1.0,,,,,,
q,beta_max,0,0.0,,5.0,,,,500,0.15365995291607248,0.1363692012968336,1.0,1.0,,,,,,
q,beta_max,1,0.0,,5.0,,,,100,0.07455334565900018,0.07455334565900018,1.0,1.0,,,,,,
q,beta_max,1,0.0,,5.0,,,,500,0.0983836379678733,0.07735873333378995,1.0,1.0,,,,,,
q,beta_max,2,0.0,,5.0,,,,100,0.08819969703965513,0.08819969703965513,0.9965397923875432,0.9894736842105263,,,,,,
q,beta_max,2,0.0,,5.0,,,,500,0.10976952350767344,0.09687408108424833,0.9993284083277367,0.997979797979798,,,,,,
q,beta_max,3,0.0,,5.0,,,,100,0.09216070631294293,0.09216070631294293,0.9929701230228472,0.989247311827957,,,,,,
q,beta_max,3,0.0,,5.0,,,,500,0.16416907487439736,0.13999751312203212,0.9986527450319973,0.9979716024340771,,,,,,
q,beta_max,8,0.0,,5.0,,,,100,0.14242497612325233,0.14242497612325233,1.0,1.0,,,,,,
q,beta_max,8,0.0,,5.0,,,,500,0.23077319328247548,0.21506581191025886,1.0,1.0,,,,,,
q,beta_max,9,0.0,,5.0,,,,100,0.08323025697389297,0.08323025697389297,1.0,1.0,,,,,,
q,beta_max,9,0.0,,5.0,,,,500,0.16732018328296894,0.14176077343098026,1.0,1.0,,,,,,
q,beta_max,10,0.0,,5.0,,,,100,0.12212413495491958,0.11905667382863905,1.0,1.0,,,,,,
q,beta_max,10,0.0,,5.0,,,,500,0.14908016172675698,0.13774232914135576,1.0,1.0,,,,,,
q,beta_max,11,0.0,,5.0,,,,100,0.08740763513514338,0.08740763513514338,1.0,1.0,,,,,,
q,beta_max,11,0.0,,5.0,,,,500,0.11543446404055224,0.09612840665083011,1.0,1.0,,,,,,
q,beta_max,4,0.0,,5.0,,,,100,0.10842137602519086,0.10842137602519086,1.0,1.0,,,,,,
q,beta_max,4,0.0,,5.0,,,,500,0.1317338346967638,0.0984925259207623,1.0,1.0,,,,,,
q,beta_max,5,0.0,,5.0,,,,100,0.08286386517386335,0.08264445945662513,1.0,1.0,,,,,,
q,beta_max,5,0.0,,5.0,,,,500,0.11918708520624932,0.0921736269030804,1.0,1.0,,,,,,
q,beta_max,6,0.0,,5.0,,,,100,0.08362447168497056,0.08362447168497056,1.0,1.0,,,,,,
q,beta_max,6,0.0,,5.0,,,,500,0.09612643401780119,0.06309945031543451,1.0,1.0,,,,,,
q,beta_max,7,0.0,,5.0,,,,100,0.1029557527835474,0.1029557527835474,1.0,1.0,,,,,,
q,beta_max,7,0.0,,5.0,,,,500,0.11993980732007681,0.10069149307262348,1.0,1.0,,,,,,
q,beta_max,12,0.0,,5.0,,,,100,0.11032697945209924,0.11032697945209924,1.0,1.0,,,,,,
q,beta_max,12,0.0,,5.0,,,,500,0.13891708939664915,0.12510778140196255,1.0,1.0,,,,,,
q,beta_max,13,0.0,,5.0,,,,100,0.09437742253510839,0.09437742253510839,1.0,1.0,,,,,,
q,beta_max,13,0.0,,5.0,,,,500,0.10042407907722861,0.0707651124187958,1.0,1.0,,,,,,
q,beta_max,14,0.0,,5.0,,,,100,0.10166335105304442,0.10166335105304442,1.0,1.0,,,,,,
q,beta_max,14,0.0,,5.0,,,,500,0.22152102323322342,0.21609329293216417,0.9895482130815914,0.9939393939393939,,,,,,
q,beta_max,15,0.0,,5.0,,,,100,0.10471300572660103,0.10471300572660103,0.9896193771626297,0.9894736842105263,,,,,,
q,beta_max,15,0.0,,5.0,,,,500,0.20890325873133087,0.2040137972310032,0.9946272666218939,0.9919191919191919,,,,,,
q,beta_max,16,0.0,,5.0,,,,100,0.09260416731587418,0.09260416731587418,1.0,1.0,,,,,,
q,beta_max,16,0.0,,5.0,,,,500,0.09534466372880046,0.06305770688715251,1.0,1.0,,,,,,
q,beta_max,17,0.0,,5.0,,,,100,0.08628447878581058,0.08628447878581058,1.0,1.0,,,,,,
q,beta_max,17,0.0,,5.0,,,,500,0.09980408972983246,0.06905070539521319,1.0,1.0,,,,,,
q,beta_max,18,0.0,,5.0,,,,100,0.07524031791848718,0.07524031791848718,1.0,1.0,,,,,,
q,beta_max,18,0.0,,5.0,,,,500,0.1535659670335381,0.11741747027353933,1.0,1.0,,,,,,
q,beta_max,19,0.0,,5.0,,,,100,0.11079130510051205,0.11079130510051205,1.0,1.0,,,,,,
q,beta_max,19,0.0,,5.0,,,,500,0.11618868621333722,0.091659499385353,1.0,1.0,,,,,,
q,beta_max,4,0.0,,10.0,,,,100,0.0291092905777941,0.02903742974670065,1.0,1.0,,,,,,
q,beta_max,4,0.0,,10.0,,,,500,0.0291092905777941,0.015854130615203577,1.0,1.0,,,,,,
q,beta_max,5,0.0,,10.0,,,,100,0.02791285635526508,0.02791285635526508,1.0,1.0,,,,,,
q,beta_max,5,0.0,,10.0,,,,500,0.028881186913934265,0.01790582559882825,1.0,1.0,,,,,,
q,beta_max,6,0.0,,10.0,,,,100,0.02743821273985869,0.025629662446144064,1.0,1.0,,,,,,
q,beta_max,6,0.0,,10.0,,,,500,0.02743821273985869,0.012086732976833492,1.0,1.0,,,,,,
q,beta_max,7,0.0,,10.0,,,,100,0.0373401202495256,0.03702803441595415,1.0,1.0,,,,,,
q,beta_max,7,0.0,,10.0,,,,500,0.03738823651100498,0.020198084966654317,1.0,1.0,,,,,,
q,beta_max,8,0.0,,10.0,,,,100,0.05658010716680195,0.055069699711930764,1.0,1.0,,,,,,
q,beta_max,8,0.0,,10.0,,,,500,0.06416656747471228,0.04073014046050538,1.0,1.0,,,,,,
q,beta_max,9,0.0,,10.0,,,,100,0.04056154149558133,0.04031341286978374,1.0,1.0,,,,,,
q,beta_max,9,0.0,,10.0,,,,500,0.04693222518244833,0.029540230596921457,1.0,1.0,,,,,,
q,beta_max,10,0.0,,10.0,,,,100,0.04565759067386621,0.03591092515045469,1.0,1.0,,,,,,
q,beta_max,10,0.0,,10.0,,,,500,0.04565759067386621,0.024269425887382123,1.0,1.0,,,,,,
q,beta_max,11,0.0,,10.0,,,,100,0.02958705669365269,0.02930331680476428,1.0,1.0,,,,,,
q,beta_max,11,0.0,,10.0,,,,500,0.030534547673289225,0.017184435981594026,1.0,1.0,,,,,,
q,beta_max,16,0.0,,10.0,,,,100,0.03308176743666069,0.028469420616317187,1.0,1.0,,,,,,
q,beta_max,16,0.0,,10.0,,,,500,0.03308176743666069,0.01587628721955281,1.0,1.0,,,,,,
q,beta_max,17,0.0,,10.0,,,,100,0.027801442571969592,0.026589168416470632,1.0,1.0,,,,,,
q,beta_max,17,0.0,,10.0,,,,500,0.027801442571969592,0.014038806426729167,1.0,1.0,,,,,,
q,beta_max,18,0.0,,10.0,,,,100,0.0342105325710077,0.0342105325710077,1.0,1.0,,,,,,
q,beta_max,18,0.0,,10.0,,,,500,0.03646812873693095,0.02322872582183655,1.0,1.0,,,,,,
q,beta_max,19,0.0,,10.0,,,,100,0.031488967825975434,0.029440762312570756,1.0,1.0,,,,,,
q,beta_max,19,0.0,,10.0,,,,500,0.031488967825975434,0.017450450849101795,1.0,1.0,,,,,,
q,beta_max,0,0.0,,10.0,,,,100,0.03614475946624174,0.03614475946624174,1.0,1.0,,,,,,
q,beta_max,0,0.0,,10.0,,,,500,0.03643489323222726,0.024283766911345595,1.0,1.0,,,,,,
q,beta_max,1,0.0,,10.0,,,,100,0.027745021581031204,0.02769022939396415,1.0,1.0,,,,,,
q,beta_max,1,0.0,,10.0,,,,500,0.027817697688439225,0.01822550864622907,1.0,1.0,,,,,,
q,beta_max,2,0.0,,10.0,,,,100,0.02693734840377837,0.026273398350670774,0.9965397923875432,0.9894736842105263,,,,,,
q,beta_max,2,0.0,,10.0,,,,500,0.02693734840377837,0.016505168968887762,0.9993284083277367,0.997979797979798,,,,,,
q,beta_max,3,0.0,,10.0,,,,100,0.03452770466622579,0.03452770466622579,1.0,1.0,,,,,,
q,beta_max,3,0.0,,10.0,,,,500,0.03727023359087567,0.02335608688132762,1.0,1.0,,,,,,
q,beta_max,12,0.0,,10.0,,,,100,0.03378504751575928,0.03378504751575928,1.0,1.0,,,,,,
q,beta_max,12,0.0,,10.0,,,,500,0.03378504751575928,0.02027035451087489,1.0,1.0,,,,,,
q,beta_max,13,0.0,,10.0,,,,100,0.02749507492199066,0.025551263581527817,1.0,1.0,,,,,,
q,beta_max,13,0.0,,10.0,,,,500,0.02749507492199066,0.015508202732944287,1.0,1.0,,,,,,
q,beta_max,14,0.0,,10.0,,,,100,0.06603947850854269,0.06603947850854269,1.0,1.0,,,,,,
q,beta_max,14,0.0,,10.0,,,,500,0.10202338978419606,0.08286381160580203,0.9939312204989885,0.997979797979798,,,,,,
q,beta_max,15,0.0,,10.0,,,,100,0.04803922143868389,0.04650398440019926,1.0,1.0,,,,,,
q,beta_max,15,0.0,,10.0,,,,500,0.055863353163688956,0.0440013061966984,0.9969778374748153,0.9939393939393939,,,,,,
q,beta_max,0,0.0,,20.0,,,,100,0.01024446277179833,0.009300383274177704,1.0,1.0,,,,,,
q,beta_max,0,0.0,,20.0,,,,500,0.01024446277179833,0.005431385514190534,1.0,1.0,,,,,,
q,beta_max,1,0.0,,20.0,,,,100,0.007812157592960056,0.0077346931240490635,1.0,1.0,,,,,,
q,beta_max,1,0.0,,20.0,,,,500,0.007812157592960056,0.0044521489752198384,1.0,1.0,,,,,,
q,beta_max,2,0.0,,20.0,,,,100,0.007591980761619599,0.006349719295518197,1.0,1.0,,,,,,
q,beta_max,2,0.0,,20.0,,,,500,0.007591980761619599,0.003855321391371458,1.0,1.0,,,,,,
q,beta_max,3,0.0,,20.0,,,,100,0.010485353525134355,0.009266697060930862,1.0,1.0,,,,,,
q,beta_max,3,0.0,,20.0,,,,500,0.010485353525134355,0.004919200478181729,1.0,1.0,,,,,,
q,beta_max,4,0.0,,20.0,,,,100,0.009156385066916295,0.007590570216821968,1.0,1.0,,,,,,
q,beta_max,4,0.0,,20.0,,,,500,0.009156385066916295,0.004384697133297255,1.0,1.0,,,,,,
q,beta_max,5,0.0,,20.0,,,,100,0.010274809976053678,0.010274809976053678,1.0,1.0,,,,,,
q,beta_max,5,0.0,,20.0,,,,500,0.010274809976053678,0.004702948173428645,1.0,1.0,,,,,,
q,beta_max,6,0.0,,20.0,,,,100,0.009883244569417249,0.007316954123820718,1.0,1.0,,,,,,
q,beta_max,6,0.0,,20.0,,,,500,0.009883244569417249,0.003535174043732936,1.0,1.0,,,,,,
q,beta_max,7,0.0,,20.0,,,,100,0.012378039843798372,0.010288576074430233,1.0,1.0,,,,,,
q,beta_max,7,0.0,,20.0,,,,500,0.012378039843798372,0.0051512145090977235,1.0,1.0,,,,,,
q,beta_max,8,0.0,,20.0,,,,100,0.01495558083232551,0.013472739745475804,1.0,1.0,,,,,,
q,beta_max,8,0.0,,20.0,,,,500,0.015738746300934525,0.0072343920730926214,1.0,1.0,,,,,,
q,beta_max,9,0.0,,20.0,,,,100,0.013316485882583329,0.01283564913776547,1.0,1.0,,,,,,
q,beta_max,9,0.0,,20.0,,,,500,0.013572006962410899,0.00769834476216813,1.0,1.0,,,,,,
q,beta_max,10,0.0,,20.0,,,,100,0.012215360858717939,0.008506416820116214,1.0,1.0,,,,,,
q,beta_max,10,0.0,,20.0,,,,500,0.012215360858717939,0.004940470999004187,1.0,1.0,,,,,,
q,beta_max,11,0.0,,20.0,,,,100,0.009688103987589347,0.009087221960992764,1.0,1.0,,,,,,
q,beta_max,11,0.0,,20.0,,,,500,0.009688103987589347,0.004242943726467052,1.0,1.0,,,,,,
q,beta_max,12,0.0,,20.0,,,,100,0.010369526817872954,0.010278334288957858,1.0,1.0,,,,,,
q,beta_max,12,0.0,,20.0,,,,500,0.010369526817872954,0.0051894128130572925,1.0,1.0,,,,,,
q,beta_max,13,0.0,,20.0,,,,100,0.006915543314508277,0.006081404219972719,1.0,1.0,,,,,,
q,beta_max,13,0.0,,20.0,,,,500,0.006915543314508277,0.0034810993921723377,1.0,1.0,,,,,,
q,beta_max,14,0.0,,20.0,,,,100,0.019185693650156266,0.01912874645877921,1.0,1.0,,,,,,
q,beta_max,14,0.0,,20.0,,,,500,0.022571781228518883,0.01640364991941934,1.0,1.0,,,,,,
q,beta_max,15,0.0,,20.0,,,,100,0.014903455665264409,0.012969565109013148,1.0,1.0,,,,,,
q,beta_max,15,0.0,,20.0,,,,500,0.014903455665264409,0.009403866561231045,1.0,1.0,,,,,,
q,beta_max,16,0.0,,20.0,,,,100,0.010452929416783996,0.008565395474554371,1.0,1.0,,,,,,
q,beta_max,16,0.0,,20.0,,,,500,0.010452929416783996,0.0047933709596617025,1.0,1.0,,,,,,
q,beta_max,17,0.0,,20.0,,,,100,0.007142313308890369,0.006381366812404754,1.0,1.0,,,,,,
q,beta_max,17,0.0,,20.0,,,,500,0.007142313308890369,0.0031542436635392246,1.0,1.0,,,,,,
q,beta_max,18,0.0,,20.0,,,,100,0.01195025162951907,0.01145745746175919,1.0,1.0,,,,,,
q,beta_max,18,0.0,,20.0,,,,500,0.01195025162951907,0.007707459588998433,1.0,1.0,,,,,,
q,beta_max,19,0.0,,20.0,,,,100,0.007834325060258607,0.006305287397846415,1.0,1.0,,,,,,
q,beta_max,19,0.0,,20.0,,,,500,0.007834325060258607,0.0034939112819194484,1.0,1.0,,,,,,
q,beta_max,0,0.0,,50.0,,,,100,0.0020894478007815465,0.0014312289986451177,1.0,1.0,,,,,,
q,beta_max,0,0.0,,50.0,,,,500,0.0020894478007815465,0.0010610117291576238,1.0,1.0,,,,,,
q,beta_max,1,0.0,,50.0,,,,100,0.0008105222630995224,0.0008024170404922204,1.0,1.0,,,,,,
q,beta_max,1,0.0,,50.0,,,,500,0.0008105222630995224,0.0004024140943577059,1.0,1.0,,,,,,
q,beta_max,2,0.0,,50.0,,,,100,0.0011886811959281873,0.0009477467329939149,1.0,1.0,,,,,,
q,beta_max,2,0.0,,50.0,,,,500,0.0013172996787846891,0.0007119431446460656,1.0,1.0,,,,,,
q,beta_max,3,0.0,,50.0,,,,100,0.0018128513243430566,0.001584346885485588,1.0,1.0,,,,,,
q,beta_max,3,0.0,,50.0,,,,500,0.0018128513243430566,0.0012083420474811035,1.0,1.0,,,,,,
q,beta_max,4,0.0,,50.0,,,,100,0.0016592743200017912,0.0013660712248177442,1.0,1.0,,,,,,
q,beta_max,4,0.0,,50.0,,,,500,0.0016592743200017912,0.0007740928109929435,1.0,1.0,,,,,,
q,beta_max,5,0.0,,50.0,,,,100,0.0016895108007083937,0.0013798359405901017,1.0,1.0,,,,,,
q,beta_max,5,0.0,,50.0,,,,500,0.0016895108007083937,0.0006034022139127515,1.0,1.0,,,,,,
q,beta_max,6,0.0,,50.0,,,,100,0.0012126080629294433,0.0007654835015364903,1.0,1.0,,,,,,
q,beta_max,6,0.0,,50.0,,,,500,0.0012126080629294433,0.0004544695931046894,1.0,1.0,,,,,,
q,beta_max,7,0.0,,50.0,,,,100,0.001842376306017246,0.0013501780024225418,1.0,1.0,,,,,,
q,beta_max,7,0.0,,50.0,,,,500,0.001842376306017246,0.000703295046772745,1.0,1.0,,,,,,
q,beta_max,12,0.0,,50.0,,,,100,0.0014373057501736869,0.0013446608990447806,1.0,1.0,,,,,,
q,beta_max,12,0.0,,50.0,,,,500,0.0014373057501736869,0.0009456770213357446,1.0,1.0,,,,,,
q,beta_max,13,0.0,,50.0,,,,100,0.0008427813588987032,0.0007702922812310442,1.0,1.0,,,,,,
q,beta_max,13,0.0,,50.0,,,,500,0.0008427813588987032,0.0006027032316395786,1.0,1.0,,,,,,
q,beta_max,14,0.0,,50.0,,,,100,0.003425275441797937,0.0025283702083084836,1.0,1.0,,,,,,
q,beta_max,14,0.0,,50.0,,,,500,0.003425275441797937,0.0015128503145842576,1.0,1.0,,,,,,
q,beta_max,15,0.0,,50.0,,,,100,0.0017170593745220036,0.0015012221116180724,1.0,1.0,,,,,,
q,beta_max,15,0.0,,50.0,,,,500,0.001817881110143027,0.0011223792224754892,1.0,1.0,,,,,,
q,beta_max,8,0.0,,50.0,,,,100,0.002533000861864393,0.0017733483408709505,1.0,1.0,,,,,,
q,beta_max,8,0.0,,50.0,,,,500,0.002533000861864393,0.0008463588695766799,1.0,1.0,,,,,,
q,beta_max,9,0.0,,50.0,,,,100,0.0029382912874021394,0.002415510847707081,1.0,1.0,,,,,,
q,beta_max,9,0.0,,50.0,,,,500,0.0029382912874021394,0.001190294920441537,1.0,1.0,,,,,,
q,beta_max,10,0.0,,50.0,,,,100,0.0018974450864855386,0.001686683038478659,1.0,1.0,,,,,,
q,beta_max,10,0.0,,50.0,,,,500,0.0018974450864855386,0.0007383804170739694,1.0,1.0,,,,,,
q,beta_max,11,0.0,,50.0,,,,100,0.0014268972199223962,0.001220147095860824,1.0,1.0,,,,,,
q,beta_max,11,0.0,,50.0,,,,500,0.0014268972199223962,0.0006632501668695223,1.0,1.0,,,,,,
q,beta_max,8,0.0,,100.0,,,,100,0.000643413879598681,0.00039735879767566207,1.0,1.0,,,,,,
q,beta_max,8,0.0,,100.0,,,,500,0.000643413879598681,0.00017487153756290397,1.0,1.0,,,,,,
q,beta_max,9,0.0,,100.0,,,,100,0.0006020861634958852,0.00047130371230141854,1.0,1.0,,,,,,
q,beta_max,9,0.0,,100.0,,,,500,0.0006020861634958852,0.00023940449878911974,1.0,1.0,,,,,,
q,beta_max,10,0.0,,100.0,,,,100,0.0005000848013015299,0.00039781488629855866,1.0,1.0,,,,,,
q,beta_max,10,0.0,,100.0,,,,500,0.0005000848013015299,0.0001449729064315619,1.0,1.0,,,,,,
q,beta_max,11,0.0,,100.0,,,,100,0.000343397285410503,0.00025350876518498433,1.0,1.0,,,,,,
q,beta_max,11,0.0,,100.0,,,,500,0.000343397285410503,9.997735113720374e-05,1.0,1.0,,,,,,
q,beta_max,0,0.0,,100.0,,,,100,0.0002562590441486656,0.00022575999260215918,1.0,1.0,,,,,,
q,beta_max,0,0.0,,100.0,,,,500,0.0002562590441486656,0.00016133741689250414,1.0,1.0,,,,,,
q,beta_max,1,0.0,,100.0,,,,100,0.0003551052372304797,0.00020252890776917276,1.0,1.0,,,,,,
q,beta_max,1,0.0,,100.0,,,,500,0.0003551052372304797,6.266146872402345e-05,1.0,1.0,,,,,,
q,beta_max,2,0.0,,100.0,,,,100,0.0003692419129858182,0.00029583464612781274,1.0,1.0,,,,,,
q,beta_max,2,0.0,,100.0,,,,500,0.0003692419129858182,0.0002085092594141802,1.0,1.0,,,,,,
q,beta_max,3,0.0,,100.0,,,,100,0.0006110423867937698,0.0003745132284078273,1.0,1.0,,,,,,
q,beta_max,3,0.0,,100.0,,,,500,0.0006110423867937698,0.0002595881551075152,1.0,1.0,,,,,,
q,beta_max,16,0.0,,50.0,,,,100,0.0019944229976698313,0.0015668041016215217,1.0,1.0,,,,,,
q,beta_max,16,0.0,,50.0,,,,500,0.0019944229976698313,0.0008327552786842052,1.0,1.0,,,,,,
q,beta_max,17,0.0,,50.0,,,,100,0.0010071707465050261,0.0005916890444869205,1.0,1.0,,,,,,
q,beta_max,17,0.0,,50.0,,,,500,0.0010071707465050261,0.0003808772365161417,1.0,1.0,,,,,,
q,beta_max,18,0.0,,50.0,,,,100,0.002820256794533349,0.0025543744228468668,1.0,1.0,,,,,,
q,beta_max,18,0.0,,50.0,,,,500,0.002820256794533349,0.0018645048499396077,1.0,1.0,,,,,,
q,beta_max,19,0.0,,50.0,,,,100,0.001382759885453666,0.0011215752665475476,1.0,1.0,,,,,,
q,beta_max,19,0.0,,50.0,,,,500,0.001382759885453666,0.00041689747263040644,1.0,1.0,,,,,,
q,beta_max,4,0.0,,100.0,,,,100,0.0003755324840805929,0.000251810085609927,1.0,1.0,,,,,,
q,beta_max,4,0.0,,100.0,,,,500,0.0003755324840805929,0.0001304141470872544,1.0,1.0,,,,,,
q,beta_max,5,0.0,,100.0,,,,100,0.00030622546535130635,0.00019711215567186358,1.0,1.0,,,,,,
q,beta_max,5,0.0,,100.0,,,,500,0.00030622546535130635,8.266097825870844e-05,1.0,1.0,,,,,,
q,beta_max,6,0.0,,100.0,,,,100,0.00015568603393789626,7.429459528296434e-05,1.0,1.0,,,,,,
q,beta_max,6,0.0,,100.0,,,,500,0.00015568603393789626,3.191160981630414e-05,1.0,1.0,,,,,,
q,beta_max,7,0.0,,100.0,,,,100,0.00042329129251850173,0.00027393007054543617,1.0,1.0,,,,,,
q,beta_max,7,0.0,,100.0,,,,500,0.00042329129251850173,9.777935016264117e-05,1.0,1.0,,,,,,
q,beta_max,12,0.0,,100.0,,,,100,0.00032338553681127147,0.00018969328572837618,1.0,1.0,,,,,,
q,beta_max,12,0.0,,100.0,,,,500,0.00032338553681127147,0.00010153940297741304,1.0,1.0,,,,,,
q,beta_max,13,0.0,,100.0,,,,100,0.00026277323360607285,0.00021376999236055738,1.0,1.0,,,,,,
q,beta_max,13,0.0,,100.0,,,,500,0.00026277323360607285,0.00015822497223605403,1.0,1.0,,,,,,
q,beta_max,14,0.0,,100.0,,,,100,0.001194794364204145,0.0006228873053221728,1.0,1.0,,,,,,
q,beta_max,14,0.0,,100.0,,,,500,0.001194794364204145,0.00031256886504249515,1.0,1.0,,,,,,
q,beta_max,15,0.0,,100.0,,,,100,0.0004525257817828976,0.00028663958832186864,1.0,1.0,,,,,,
q,beta_max,15,0.0,,100.0,,,,500,0.0005000151771721306,0.0002058620986347126,1.0,1.0,,,,,,
q,beta_max,4,0.0,,1000.0,,,,100,7.47429895753271e-13,3.963496197911809e-13,1.0,1.0,,,,,,
q,beta_max,4,0.0,,1000.0,,,,500,7.47429895753271e-13,7.460698725481052e-14,1.0,1.0,,,,,,
q,beta_max,5,0.0,,1000.0,,,,100,2.5044639420795933e-05,2.0021735793518403e-05,1.0,1.0,,,,,,
q,beta_max,5,0.0,,1000.0,,,,500,2.5044639420795933e-05,1.0121819994601822e-05,1.0,1.0,,,,,,
q,beta_max,6,0.0,,1000.0,,,,100,2.1316282072803006e-14,2.1316282072803006e-14,1.0,1.0,,,,,,
q,beta_max,6,0.0,,1000.0,,,,500,5.3290705182007514e-14,5.3290705182007514e-14,1.0,1.0,,,,,,
q,beta_max,7,0.0,,1000.0,,,,100,2.4248936192350357e-11,1.4779732993019934e-11,1.0,1.0,,,,,,
q,beta_max,7,0.0,,1000.0,,,,500,2.4248936192350357e-11,2.256639319853093e-12,1.0,1.0,,,,,,
q,beta_max,0,0.0,,1000.0,,,,100,1.7430501486614958e-14,1.7430501486614958e-14,1.0,1.0,,,,,,
q,beta_max,0,0.0,,1000.0,,,,500,4.3076653355456074e-14,4.1744385725905886e-14,1.0,1.0,,,,,,
q,beta_max,1,0.0,,1000.0,,,,100,3.0157775213757176e-06,1.0157591125992127e-06,1.0,1.0,,,,,,
q,beta_max,1,0.0,,1000.0,,,,500,3.0157775213757176e-06,3.0166236220097176e-07,1.0,1.0,,,,,,
q,beta_max,2,0.0,,1000.0,,,,100,2.1319117153521805e-05,1.3953509891639904e-05,1.0,1.0,,,,,,
q,beta_max,2,0.0,,1000.0,,,,500,2.1319117153521805e-05,6.2427030464995426e-06,1.0,1.0,,,,,,
q,beta_max,3,0.0,,1000.0,,,,100,2.8424173985630574e-05,1.1126514437687085e-05,1.0,1.0,,,,,,
q,beta_max,3,0.0,,1000.0,,,,500,2.8424173985630574e-05,3.05719535620419e-06,1.0,1.0,,,,,,
q,beta_max,16,0.0,,100.0,,,,100,0.0006202002003956597,0.0004398115812168091,1.0,1.0,,,,,,
q,beta_max,16,0.0,,100.0,,,,500,0.0006202002003956597,0.00017777612731717518,1.0,1.0,,,,,,
q,beta_max,17,0.0,,100.0,,,,100,0.00014667081294927886,6.531327571146495e-05,1.0,1.0,,,,,,
q,beta_max,17,0.0,,100.0,,,,500,0.00014667081294927886,3.318373680372133e-05,1.0,1.0,,,,,,
q,beta_max,18,0.0,,100.0,,,,100,0.0008912780624859978,0.0007835194278808799,1.0,1.0,,,,,,
q,beta_max,18,0.0,,100.0,,,,500,0.0008912780624859978,0.0005520070454979598,1.0,1.0,,,,,,
q,beta_max,19,0.0,,100.0,,,,100,0.00015484666651310874,0.0001227328203857736,1.0,1.0,,,,,,
q,beta_max,19,0.0,,100.0,,,,500,0.00015484666651310874,3.922236608877583e-05,1.0,1.0,,,,,,
q,beta_max,8,0.0,,1000.0,,,,100,5.653741363964571e-13,5.082878562490123e-13,1.0,1.0,,,,,,
q,beta_max,8,0.0,,1000.0,,,,500,5.653741363964571e-13,1.4166445794216997e-13,1.0,1.0,,,,,,
q,beta_max,9,0.0,,1000.0,,,,100,3.5513540400100574e-08,1.7260076701219873e-08,1.0,1.0,,,,,,
q,beta_max,9,0.0,,1000.0,,,,500,3.5513540400100574e-08,3.910102019943906e-09,1.0,1.0,,,,,,
q,beta_max,10,0.0,,1000.0,,,,100,2.6783232576210736e-10,8.252487582183221e-11,1.0,1.0,,,,,,
q,beta_max,10,0.0,,1000.0,,,,500,2.6783232576210736e-10,3.455880026592695e-11,1.0,1.0,,,,,,
q,beta_max,11,0.0,,1000.0,,,,100,1.9317651644978895e-11,7.182920924719838e-12,1.0,1.0,,,,,,
q,beta_max,11,0.0,,1000.0,,,,500,1.9317651644978895e-11,2.220224004645388e-12,1.0,1.0,,,,,,
q,beta_max,12,0.0,,1000.0,,,,100,1.3988810110276972e-14,1.2989609388114332e-14,1.0,1.0,,,,,,
q,beta_max,12,0.0,,1000.0,,,,500,2.353672812205332e-14,1.9539925233402755e-14,1.0,1.0,,,,,,
q,beta_max,13,0.0,,1000.0,,,,100,3.0031532816110484e-13,3.0031532816110484e-13,1.0,1.0,,,,,,
q,beta_max,13,0.0,,1000.0,,,,500,3.0031532816110484e-13,1.8030021919912542e-13,1.0,1.0,,,,,,
q,beta_max,14,0.0,,1000.0,,,,100,2.3798738812974563e-09,1.1931466370462829e-09,1.0,1.0,,,,,,
q,beta_max,14,0.0,,1000.0,,,,500,3.2432154328798646e-07,4.179972501461293e-08,1.0,1.0,,,,,,
q,beta_max,15,0.0,,1000.0,,,,100,3.0442963594168315e-06,9.937957685668408e-07,1.0,1.0,,,,,,
q,beta_max,15,0.0,,1000.0,,,,500,3.0442963594168315e-06,3.6230081623678245e-07,1.0,1.0,,,,,,
q,beta_max,16,0.0,,1000.0,,,,100,1.3724101785572707e-09,8.192631573145093e-10,1.0,1.0,,,,,,
q,beta_max,16,0.0,,1000.0,,,,500,1.3724101785572707e-09,2.735245363538752e-10,1.0,1.0,,,,,,
q,beta_max,17,0.0,,1000.0,,,,100,8.215650382226158e-15,8.215650382226158e-15,1.0,1.0,,,,,,
q,beta_max,17,0.0,,1000.0,,,,500,2.886579864025407e-14,2.842170943040401e-14,1.0,1.0,,,,,,
q,beta_max,18,0.0,,1000.0,,,,100,4.558743917082442e-09,2.9149309355158692e-09,1.0,1.0,,,,,,
q,beta_max,18,0.0,,1000.0,,,,500,4.558743917082442e-09,1.8184908023854973e-09,1.0,1.0,,,,,,
q,beta_max,19,0.0,,1000.0,,,,100,2.55351295663786e-14,2.55351295663786e-14,1.0,1.0,,,,,,
q,beta_max,19,0.0,,1000.0,,,,500,3.1530333899354446e-14,1.5987211554602254e-14,1.0,1.0,,,,,,
q,beta_max,0,0.0,,10000.0,,,,100,1.7430501486614958e-14,1.7430501486614958e-14,1.0,1.0,,,,,,
q,beta_max,0,0.0,,10000.0,,,,500,4.3076653355456074e-14,4.1744385725905886e-14,1.0,1.0,,,,,,
q,beta_max,1,0.0,,10000.0,,,,100,1.6431300764452317e-14,1.6431300764452317e-14,1.0,1.0,,,,,,
q,beta_max,1,0.0,,10000.0,,,,500,5.1958437552457326e-14,5.062616992290714e-14,1.0,1.0,,,,,,
q,beta_max,2,0.0,,10000.0,,,,100,3.171837792415033e-13,1.6975310046518644e-13,1.0,1.0,,,,,,
q,beta_max,2,0.0,,10000.0,,,,500,3.171837792415033e-13,4.107825191113079e-14,1.0,1.0,,,,,,
q,beta_max,3,0.0,,10000.0,,,,100,3.6262270963760557e-11,1.2932654946951061e-11,1.0,1.0,,,,,,
q,beta_max,3,0.0,,10000.0,,,,500,3.6262270963760557e-11,3.6262104430306863e-12,1.0,1.0,,,,,,
q,beta_max,4,0.0,,10000.0,,,,100,2.398081733190338e-14,1.8540724511240114e-14,1.0,1.0,,,,,,
q,beta_max,4,0.0,,10000.0,,,,500,5.3290705182007514e-14,4.884981308350689e-14,1.0,1.0,,,,,,
q,beta_max,5,0.0,,10000.0,,,,100,4.724991786719812e-10,3.5781222429420723e-10,1.0,1.0,,,,,,
q,beta_max,5,0.0,,10000.0,,,,500,4.724991786719812e-10,1.589457454542753e-10,1.0,1.0,,,,,,
q,beta_max,6,0.0,,10000.0,,,,100,2.1316282072803006e-14,2.1316282072803006e-14,1.0,1.0,,,,,,
q,beta_max,6,0.0,,10000.0,,,,500,5.3290705182007514e-14,5.3290705182007514e-14,1.0,1.0,,,,,,
q,beta_max,7,0.0,,10000.0,,,,100,1.2989609388114332e-14,1.0880185641326534e-14,1.0,1.0,,,,,,
q,beta_max,7,0.0,,10000.0,,,,500,2.1538326677728037e-14,1.7319479184152442e-14,1.0,1.0,,,,,,
q,beta_max,8,0.0,,10000.0,,,,100,1.199040866595169e-14,1.1324274851176597e-14,1.0,1.0,,,,,,
q,beta_max,8,0.0,,10000.0,,,,500,2.930988785010413e-14,2.042810365310288e-14,1.0,1.0,,,,,,
q,beta_max,9,0.0,,10000.0,,,,100,1.9761969838327786e-14,1.9761969838327786e-14,1.0,1.0,,,,,,
q,beta_max,9,0.0,,10000.0,,,,500,5.3290705182007514e-14,5.284661597215745e-14,1.0,1.0,,,,,,
q,beta_max,10,0.0,,10000.0,,,,100,2.9531932455029164e-14,2.0095036745715333e-14,1.0,1.0,,,,,,
q,beta_max,10,0.0,,10000.0,,,,500,2.9531932455029164e-14,2.220446049250313e-14,1.0,1.0,,,,,,
q,beta_max,11,0.0,,10000.0,,,,100,3.197442310920451e-14,3.197442310920451e-14,1.0,1.0,,,,,,
q,beta_max,11,0.0,,10000.0,,,,500,5.81756864903582e-14,5.684341886080802e-14,1.0,1.0,,,,,,
q,beta_max,12,0.0,,10000.0,,,,100,1.3988810110276972e-14,1.2989609388114332e-14,1.0,1.0,,,,,,
q,beta_max,12,0.0,,10000.0,,,,500,2.353672812205332e-14,1.9539925233402755e-14,1.0,1.0,,,,,,
q,beta_max,13,0.0,,10000.0,,,,100,2.6201263381153694e-14,2.6201263381153694e-14,1.0,1.0,,,,,,
q,beta_max,13,0.0,,10000.0,,,,500,6.217248937900877e-14,6.217248937900877e-14,1.0,1.0,,,,,,
q,beta_max,14,0.0,,10000.0,,,,100,1.0380585280245214e-14,1.0380585280245214e-14,1.0,1.0,,,,,,
q,beta_max,14,0.0,,10000.0,,,,500,3.064215547965432e-14,3.064215547965432e-14,1.0,1.0,,,,,,
q,beta_max,15,0.0,,10000.0,,,,100,1.3433698597964394e-14,1.3433698597964394e-14,1.0,1.0,,,,,,
q,beta_max,15,0.0,,10000.0,,,,500,2.90878432451791e-14,2.7977620220553945e-14,1.0,1.0,,,,,,
q,beta_max,16,0.0,,10000.0,,,,100,2.7977620220553945e-14,2.6201263381153694e-14,1.0,1.0,,,,,,
q,beta_max,16,0.0,,10000.0,,,,500,4.884981308350689e-14,4.618527782440651e-14,1.0,1.0,,,,,,
q,beta_max,17,0.0,,10000.0,,,,100,8.215650382226158e-15,8.215650382226158e-15,1.0,1.0,,,,,,
q,beta_max,17,0.0,,10000.0,,,,500,2.886579864025407e-14,2.842170943040401e-14,1.0,1.0,,,,,,
q,beta_max,18,0.0,,10000.0,,,,100,1.765254609153999e-14,1.587618925213974e-14,1.0,1.0,,,,,,
q,beta_max,18,0.0,,10000.0,,,,500,3.3306690738754696e-14,2.2648549702353193e-14,1.0,1.0,,,,,,
q,beta_max,19,0.0,,10000.0,,,,100,2.55351295663786e-14,2.55351295663786e-14,1.0,1.0,,,,,,
q,beta_max,19,0.0,,10000.0,,,,500,3.1530333899354446e-14,1.5987211554602254e-14,1.0,1.0,,,,,,
q,beta_max,0,0.0,,1000000.0,,,,100,1.7430501486614958e-14,1.7430501486614958e-14,1.0,1.0,,,,,,
q,beta_max,0,0.0,,1000000.0,,,,500,4.3076653355456074e-14,4.1744385725905886e-14,1.0,1.0,,,,,,
q,beta_max,1,0.0,,1000000.0,,,,100,1.6431300764452317e-14,1.6431300764452317e-14,1.0,1.0,,,,,,
q,beta_max,1,0.0,,1000000.0,,,,500,5.1958437552457326e-14,5.062616992290714e-14,1.0,1.0,,,,,,
q,beta_max,2,0.0,,1000000.0,,,,100,1.1546319456101628e-14,1.1213252548714081e-14,1.0,1.0,,,,,,
q,beta_max,2,0.0,,1000000.0,,,,500,3.4638958368304884e-14,2.531308496145357e-14,1.0,1.0,,,,,,
q,beta_max,3,0.0,,1000000.0,,,,100,1.6542323066914832e-14,1.6542323066914832e-14,1.0,1.0,,,,,,
q,beta_max,3,0.0,,1000000.0,,,,500,2.930988785010413e-14,2.708944180085382e-14,1.0,1.0,,,,,,
q,beta_x_noise,0,0.0,10.0,,0.0,,,100,1.1639951391756052,1.1639951391756052,0.6890034364261168,0.3829787234042553,,,,,,
q,beta_x_noise,0,0.0,10.0,,0.0,,,500,2.965864654894948,2.965864654894948,0.6710261569416499,0.3562753036437247,,,,,,
q,beta_x_noise,1,0.0,10.0,,0.0,,,100,0.9715862488965988,0.9715862488965988,0.506398537477148,0.3225806451612903,,,,,,
q,beta_x_noise,1,0.0,10.0,,0.0,,,500,3.71561555957267,3.7139434585889792,0.501187648456057,0.3204868154158215,,,,,,
q,beta_x_noise,2,0.0,10.0,,0.0,,,100,1.0021787480874955,1.0021787480874955,0.6972318339100346,0.28421052631578947,,,,,,
q,beta_x_noise,2,0.0,10.0,,0.0,,,500,3.1479385790613477,3.1479385790613477,0.6725990597716588,0.30505050505050507,,,,,,
q,beta_x_noise,3,0.0,10.0,,0.0,,,100,0.8851561801429437,0.8851561801429437,0.38312829525483305,0.23655913978494625,,,,,,
q,beta_x_noise,3,0.0,10.0,,0.0,,,500,2.5519488890909785,2.5519488890909785,0.34287638935668574,0.2535496957403651,,,,,,
q,beta_max,4,0.0,,1000000.0,,,,100,2.398081733190338e-14,1.8540724511240114e-14,1.0,1.0,,,,,,
q,beta_max,4,0.0,,1000000.0,,,,500,5.3290705182007514e-14,4.884981308350689e-14,1.0,1.0,,,,,,
q,beta_max,5,0.0,,1000000.0,,,,100,1.509903313490213e-14,1.509903313490213e-14,1.0,1.0,,,,,,
q,beta_max,5,0.0,,1000000.0,,,,500,5.3290705182007514e-14,5.3290705182007514e-14,1.0,1.0,,,,,,
q,beta_max,6,0.0,,1000000.0,,,,100,2.1316282072803006e-14,2.1316282072803006e-14,1.0,1.0,,,,,,
q,beta_max,6,0.0,,1000000.0,,,,500,5.3290705182007514e-14,5.3290705182007514e-14,1.0,1.0,,,,,,
q,beta_max,7,0.0,,1000000.0,,,,100,1.2989609388114332e-14,1.0880185641326534e-14,1.0,1.0,,,,,,
q,beta_max,7,0.0,,1000000.0,,,,500,2.1538326677728037e-14,1.7319479184152442e-14,1.0,1.0,,,,,,
q,beta_x_noise,4,0.0,10.0,,0.0,,,100,1.2324099949129392,1.2164193329977695,0.8299445471349353,0.35789473684210527,,,,,,
q,beta_x_noise,4,0.0,10.0,,0.0,,,500,3.135146782984994,3.135146782984994,0.8327099625977559,0.32323232323232326,,,,,,
q,beta_x_noise,5,0.0,10.0,,0.0,,,100,1.153142785359946,1.153142785359946,0.7954545454545454,0.0,,,,,,
q,beta_x_noise,5,0.0,10.0,,0.0,,,500,3.299220059025816,3.2919643459774584,0.826043068640646,0.0,,,,,,
q,beta_x_noise,6,0.0,10.0,,0.0,,,100,1.3977101079235026,1.3977101079235026,0.8886894075403949,0.0,,,,,,
q,beta_x_noise,6,0.0,10.0,,0.0,,,500,3.6372504983265443,3.628083320158467,0.8437605681433886,0.0,,,,,,
q,beta_x_noise,7,0.0,10.0,,0.0,,,100,1.022392818504411,1.022392818504411,0.8280701754385965,0.0,,,,,,
q,beta_x_noise,7,0.0,10.0,,0.0,,,500,2.9907330828340015,2.9799678836697514,0.8323232323232324,0.0,,,,,,
q,beta_max,8,0.0,,1000000.0,,,,100,1.199040866595169e-14,1.1324274851176597e-14,1.0,1.0,,,,,,
q,beta_max,8,0.0,,1000000.0,,,,500,2.930988785010413e-14,2.042810365310288e-14,1.0,1.0,,,,,,
q,beta_max,9,0.0,,1000000.0,,,,100,1.9761969838327786e-14,1.9761969838327786e-14,1.0,1.0,,,,,,
q,beta_max,9,0.0,,1000000.0,,,,500,5.3290705182007514e-14,5.284661597215745e-14,1.0,1.0,,,,,,
q,beta_max,10,0.0,,1000000.0,,,,100,2.9531932455029164e-14,2.0095036745715333e-14,1.0,1.0,,,,,,
q,beta_max,10,0.0,,1000000.0,,,,500,2.9531932455029164e-14,2.220446049250313e-14,1.0,1.0,,,,,,
q,beta_max,11,0.0,,1000000.0,,,,100,3.197442310920451e-14,3.197442310920451e-14,1.0,1.0,,,,,,
q,beta_max,11,0.0,,1000000.0,,,,500,5.81756864903582e-14,5.684341886080802e-14,1.0,1.0,,,,,,
q,beta_max,16,0.0,,1000000.0,,,,100,2.7977620220553945e-14,2.6201263381153694e-14,1.0,1.0,,,,,,
q,beta_max,16,0.0,,1000000.0,,,,500,4.884981308350689e-14,4.618527782440651e-14,1.0,1.0,,,,,,
q,beta_max,17,0.0,,1000000.0,,,,100,8.215650382226158e-15,8.215650382226158e-15,1.0,1.0,,,,,,
q,beta_max,17,0.0,,1000000.0,,,,500,2.886579864025407e-14,2.842170943040401e-14,1.0,1.0,,,,,,
q,beta_max,18,0.0,,1000000.0,,,,100,1.765254609153999e-14,1.587618925213974e-14,1.0,1.0,,,,,,
q,beta_max,18,0.0,,1000000.0,,,,500,3.3306690738754696e-14,2.2648549702353193e-14,1.0,1.0,,,,,,
q,beta_max,19,0.0,,1000000.0,,,,100,2.55351295663786e-14,2.55351295663786e-14,1.0,1.0,,,,,,
q,beta_max,19,0.0,,1000000.0,,,,500,3.1530333899354446e-14,1.5987211554602254e-14,1.0,1.0,,,,,,
q,beta_x_noise,8,0.0,10.0,,0.0,,,100,0.8408599184144989,0.8408599184144989,0.8286219081272085,0.34782608695652173,,,,,,
q,beta_x_noise,8,0.0,10.0,,0.0,,,500,2.2475018403636673,2.2143781587017086,0.832434254888739,0.3780487804878049,,,,,,
q,beta_x_noise,9,0.0,10.0,,0.0,,,100,0.8247649817978895,0.8247649817978895,0.3975481611208406,0.1935483870967742,,,,,,
q,beta_x_noise,9,0.0,10.0,,0.0,,,500,2.444181329502445,2.444181329502445,0.3456748569505217,0.25963488843813387,,,,,,
q,beta_x_noise,10,0.0,10.0,,0.0,,,100,0.7668138533177297,0.7668138533177297,0.3520140105078809,0.6276595744680851,,,,,,
q,beta_x_noise,10,0.0,10.0,,0.0,,,500,2.893567557895351,2.893567557895351,0.33692359474924266,0.5870445344129555,,,,,,
q,beta_x_noise,11,0.0,10.0,,0.0,,,100,1.1344444340698665,1.1344444340698665,0.5,0.08602150537634409,,,,,,
q,beta_x_noise,11,0.0,10.0,,0.0,,,500,3.014612213420889,2.9862968616822023,0.5,0.10344827586206896,,,,,,
q,beta_max,12,0.0,,1000000.0,,,,100,1.3988810110276972e-14,1.2989609388114332e-14,1.0,1.0,,,,,,
q,beta_max,12,0.0,,1000000.0,,,,500,2.353672812205332e-14,1.9539925233402755e-14,1.0,1.0,,,,,,
q,beta_max,13,0.0,,1000000.0,,,,100,2.6201263381153694e-14,2.6201263381153694e-14,1.0,1.0,,,,,,
q,beta_max,13,0.0,,1000000.0,,,,500,6.217248937900877e-14,6.217248937900877e-14,1.0,1.0,,,,,,
q,beta_max,14,0.0,,1000000.0,,,,100,1.0380585280245214e-14,1.0380585280245214e-14,1.0,1.0,,,,,,
q,beta_max,14,0.0,,1000000.0,,,,500,3.064215547965432e-14,3.064215547965432e-14,1.0,1.0,,,,,,
q,beta_max,15,0.0,,1000000.0,,,,100,1.3433698597964394e-14,1.3433698597964394e-14,1.0,1.0,,,,,,
q,beta_max,15,0.0,,1000000.0,,,,500,2.90878432451791e-14,2.7977620220553945e-14,1.0,1.0,,,,,,
q,beta_x_noise,12,0.0,10.0,,0.0,,,100,0.897275661241777,0.897275661241777,0.7130281690140845,0.0,,,,,,
q,beta_x_noise,12,0.0,10.0,,0.0,,,500,2.6438521138882045,2.6438521138882045,0.6755390835579514,0.0,,,,,,
q,beta_x_noise,13,0.0,10.0,,0.0,,,100,1.3763313157294355,1.3763313157294355,1.0,0.0,,,,,,
q,beta_x_noise,13,0.0,10.0,,0.0,,,500,3.754664017766418,3.754664017766418,1.0,0.0,,,,,,
q,beta_x_noise,14,0.0,10.0,,0.0,,,100,0.4174522684053931,0.4174522684053931,0.8250883392226148,0.0,,,,,,
q,beta_x_noise,14,0.0,10.0,,0.0,,,500,2.5279643683666406,2.5279643683666406,0.727242076871207,0.0,,,,,,
q,beta_x_noise,15,0.0,10.0,,0.0,,,100,0.7726799883701265,0.7726799883701265,1.0,0.0,,,,,,
q,beta_x_noise,15,0.0,10.0,,0.0,,,500,2.3186651720104856,2.3186651720104856,1.0,0.0,,,,,,
q,beta_x_noise,16,0.0,10.0,,0.0,,,100,1.3182500253431093,1.294643829558511,0.3184257602862254,0.4787234042553192,,,,,,
q,beta_x_noise,16,0.0,10.0,,0.0,,,500,4.102131114260985,4.102131114260985,0.3305170665765461,0.5607287449392713,,,,,,
q,beta_x_noise,17,0.0,10.0,,0.0,,,100,1.1990411362396107,1.1975415743481723,0.8326771653543307,0.1595744680851064,,,,,,
q,beta_x_noise,17,0.0,10.0,,0.0,,,500,3.5241822847546187,3.5241822847546187,0.8332187070151307,0.18016194331983806,,,,,,
q,beta_x_noise,18,0.0,10.0,,0.0,,,100,0.7252726421763567,0.7252726421763567,0.504424778761062,0.20430107526881722,,,,,,
q,beta_x_noise,18,0.0,10.0,,0.0,,,500,2.9875851489192677,2.9875851489192677,0.36593591905564926,0.31237322515212984,,,,,,
q,beta_x_noise,19,0.0,10.0,,0.0,,,100,1.0113400404709012,1.0113400404709012,0.8400702987697716,0.0,,,,,,
q,beta_x_noise,19,0.0,10.0,,0.0,,,500,3.264249654426149,3.2265790690376015,0.8346244526776693,0.0,,,,,,
q,beta_x_noise,0,0.0,10.0,,1e-05,,,100,1.1639811092955508,1.1639811092955508,0.20962199312714777,0.3829787234042553,,,,,,
q,beta_x_noise,0,0.0,10.0,,1e-05,,,500,2.9659213412919723,2.9659213412919723,0.35311871227364183,0.34615384615384615,,,,,,
q,beta_x_noise,1,0.0,10.0,,1e-05,,,100,0.971425884106642,0.971425884106642,0.4296160877513711,0.40860215053763443,,,,,,
q,beta_x_noise,1,0.0,10.0,,1e-05,,,500,3.7161224543551046,3.7144398915530417,0.38513742789277233,0.3691683569979716,,,,,,
q,beta_x_noise,2,0.0,10.0,,1e-05,,,100,1.0022070080888552,1.0022070080888552,0.48788927335640137,0.3157894736842105,,,,,,
q,beta_x_noise,2,0.0,10.0,,1e-05,,,500,3.147737613942549,3.1477199357838583,0.4748153122901276,0.3090909090909091,,,,,,
q,beta_x_noise,3,0.0,10.0,,1e-05,,,100,0.8852689176479116,0.8852579936615191,0.3233743409490334,0.27956989247311825,,,,,,
q,beta_x_noise,3,0.0,10.0,,1e-05,,,500,2.551978786271721,2.551978786271721,0.3974402155607949,0.30628803245436104,,,,,,
q,beta_x_noise,4,0.0,10.0,,1e-05,,,100,1.2323647718648163,1.2164012698701347,0.4029574861367837,0.37894736842105264,,,,,,
q,beta_x_noise,4,0.0,10.0,,1e-05,,,500,3.132824358875632,3.132791374363808,0.40768446106766404,0.35353535353535354,,,,,,
q,beta_x_noise,5,0.0,10.0,,1e-05,,,100,1.153336523359161,1.1533188834607768,0.3723776223776224,0.2872340425531915,,,,,,
q,beta_x_noise,5,0.0,10.0,,1e-05,,,500,3.2965457825956954,3.289128536678792,0.33815612382234184,0.32186234817813764,,,,,,
q,beta_x_noise,6,0.0,10.0,,1e-05,,,100,1.3974773210984721,1.3974310505550604,0.4793536804308797,0.23655913978494625,,,,,,
q,beta_x_noise,6,0.0,10.0,,1e-05,,,500,3.6403681953796996,3.63131943780604,0.39837673317551575,0.3022312373225152,,,,,,
q,beta_x_noise,7,0.0,10.0,,1e-05,,,100,1.0223649283958363,1.0223520610351162,0.35789473684210527,0.3404255319148936,,,,,,
q,beta_x_noise,7,0.0,10.0,,1e-05,,,500,2.990783164587684,2.9799766827321013,0.5242424242424243,0.3319838056680162,,,,,,
q,beta_x_noise,8,0.0,10.0,,1e-05,,,100,0.840810863472767,0.840810863472767,0.4028268551236749,0.30434782608695654,,,,,,
q,beta_x_noise,8,0.0,10.0,,1e-05,,,500,2.2466857021469693,2.2135296413371717,0.4487525286581254,0.3313008130081301,,,,,,
q,beta_x_noise,9,0.0,10.0,,1e-05,,,100,0.8248426705830273,0.824840260166828,0.45183887915936954,0.3010752688172043,,,,,,
q,beta_x_noise,9,0.0,10.0,,1e-05,,,500,2.444852935560273,2.444852935560273,0.3621676203298553,0.3204868154158215,,,,,,
q,beta_x_noise,10,0.0,10.0,,1e-05,,,100,0.7667928015628835,0.7667928015628835,0.47810858143607704,0.3723404255319149,,,,,,
q,beta_x_noise,10,0.0,10.0,,1e-05,,,500,2.891105720021988,2.890949577651801,0.49949511948838776,0.36639676113360325,,,,,,
q,beta_x_noise,11,0.0,10.0,,1e-05,,,100,1.1342763164645762,1.1342422290656193,0.4909090909090909,0.3655913978494624,,,,,,
q,beta_x_noise,11,0.0,10.0,,1e-05,,,500,3.0133563952230875,2.9849652815546444,0.316271186440678,0.332657200811359,,,,,,
q,beta_x_noise,0,0.0,10.0,,0.0001,,,100,1.1638548403750621,1.1638548403750621,0.20962199312714777,0.3829787234042553,,,,,,
q,beta_x_noise,0,0.0,10.0,,0.0001,,,500,2.9664315188651935,2.9664315188651935,0.35311871227364183,0.3522267206477733,,,,,,
q,beta_x_noise,1,0.0,10.0,,0.0001,,,100,0.9699826009970298,0.9699826009970298,0.4296160877513711,0.40860215053763443,,,,,,
q,beta_x_noise,1,0.0,10.0,,0.0001,,,500,3.7206845073970145,3.7189077882296018,0.38513742789277233,0.3691683569979716,,,,,,
q,beta_x_noise,2,0.0,10.0,,0.0001,,,100,1.002461348101093,1.002461348101093,0.48788927335640137,0.3157894736842105,,,,,,
q,beta_x_noise,2,0.0,10.0,,0.0001,,,500,3.14592892787336,3.1457521462864535,0.4748153122901276,0.32727272727272727,,,,,,
q,beta_x_noise,3,0.0,10.0,,0.0001,,,100,0.886283555192622,0.886174315328698,0.3233743409490334,0.27956989247311825,,,,,,
q,beta_x_noise,3,0.0,10.0,,0.0001,,,500,2.552247860898405,2.552247860898405,0.3974402155607949,0.3144016227180527,,,,,,
q,beta_x_noise,16,0.0,10.0,,1e-05,,,100,1.3180171033826042,1.2944273975586955,0.2146690518783542,0.30851063829787234,,,,,,
q,beta_x_noise,16,0.0,10.0,,1e-05,,,500,4.098482279614066,4.098431015481134,0.20986819871578236,0.3117408906882591,,,,,,
q,beta_x_noise,17,0.0,10.0,,1e-05,,,100,1.1992411292814373,1.197747996595691,0.5649606299212598,0.39361702127659576,,,,,,
q,beta_x_noise,17,0.0,10.0,,1e-05,,,500,3.523615437872998,3.5236046265651857,0.2469050894085282,0.3643724696356275,,,,,,
q,beta_x_noise,18,0.0,10.0,,1e-05,,,100,0.7254845948743404,0.7254608480637343,0.3274336283185841,0.40860215053763443,,,,,,
q,beta_x_noise,18,0.0,10.0,,1e-05,,,500,2.990764625728356,2.990764625728356,0.1075885328836425,0.31237322515212984,,,,,,
q,beta_x_noise,19,0.0,10.0,,1e-05,,,100,1.0112702938544598,1.0112702938544598,0.3585237258347979,0.3695652173913043,,,,,,
q,beta_x_noise,19,0.0,10.0,,1e-05,,,500,3.265123803146557,3.227423114570462,0.3078477601886157,0.3699186991869919,,,,,,
q,beta_x_noise,4,0.0,10.0,,0.0001,,,100,1.2319577644317088,1.2162387017214218,0.4029574861367837,0.37894736842105264,,,,,,
q,beta_x_noise,4,0.0,10.0,,0.0001,,,500,3.113374726926219,3.113374726926219,0.40768446106766404,0.37777777777777777,,,,,,
q,beta_x_noise,5,0.0,10.0,,0.0001,,,100,1.155080165352095,1.1549037663682533,0.3723776223776224,0.2872340425531915,,,,,,
q,beta_x_noise,5,0.0,10.0,,0.0001,,,500,3.2730378603708985,3.2730378603708985,0.33815612382234184,0.29959514170040485,,,,,,
q,beta_x_noise,6,0.0,10.0,,0.0001,,,100,1.3953822396731985,1.3949195342390805,0.4793536804308797,0.23655913978494625,,,,,,
q,beta_x_noise,6,0.0,10.0,,0.0001,,,500,3.6684274688580962,3.660444496634196,0.39837673317551575,0.25557809330628806,,,,,,
q,beta_x_noise,7,0.0,10.0,,0.0001,,,100,1.0221139174186624,1.0219852438114627,0.35789473684210527,0.3404255319148936,,,,,,
q,beta_x_noise,7,0.0,10.0,,0.0001,,,500,2.9912339003708235,2.9800558742932517,0.5242424242424243,0.3441295546558704,,,,,,
q,beta_x_noise,12,0.0,10.0,,0.001,,,100,0.9070232690360791,0.9070232690360791,0.5052816901408451,0.3157894736842105,,,,,,
q,beta_x_noise,12,0.0,10.0,,0.001,,,500,2.7336366449645544,2.7336366449645544,0.41543126684636117,0.3414141414141414,,,,,,
q,beta_x_noise,13,0.0,10.0,,0.001,,,100,1.2535203082424313,1.2511051667462336,0.6035714285714285,0.3617021276595745,,,,,,
q,beta_x_noise,13,0.0,10.0,,0.001,,,500,3.236300522044724,3.236300522044724,0.7391891891891892,0.5526315789473685,,,,,,
q,beta_x_noise,14,0.0,10.0,,0.001,,,100,0.43380331392997457,0.43380331392997457,0.15371024734982333,0.28421052631578947,,,,,,
q,beta_x_noise,14,0.0,10.0,,0.001,,,500,2.5365134191606926,2.53324703704857,0.32265677680377614,0.32323232323232326,,,,,,
q,beta_x_noise,15,0.0,10.0,,0.001,,,100,0.7332771952436721,0.7286038006171317,0.5622837370242214,0.3473684210526316,,,,,,
q,beta_x_noise,15,0.0,10.0,,0.001,,,500,2.008172948739153,2.008172948739153,0.6843519140362659,0.38181818181818183,,,,,,
q,beta_x_noise,12,0.0,10.0,,0.0001,,,100,0.8982504220212073,0.8982504220212073,0.3609154929577465,0.30526315789473685,,,,,,
q,beta_x_noise,12,0.0,10.0,,0.0001,,,500,2.649334207521148,2.649334207521148,0.20889487870619947,0.30707070707070705,,,,,,
q,beta_x_noise,13,0.0,10.0,,0.0001,,,100,1.375075842540654,1.3749045908666448,0.49464285714285716,0.30851063829787234,,,,,,
q,beta_x_noise,13,0.0,10.0,,0.0001,,,500,3.743431279781384,3.743431279781384,0.5847972972972973,0.35020242914979755,,,,,,
q,beta_x_noise,14,0.0,10.0,,0.0001,,,100,0.41908737295785126,0.41908737295785126,0.15371024734982333,0.29473684210526313,,,,,,
q,beta_x_noise,14,0.0,10.0,,0.0001,,,500,2.5422704894885135,2.5422704894885135,0.2673634524612272,0.3090909090909091,,,,,,
q,beta_x_noise,15,0.0,10.0,,0.0001,,,100,0.769409957190183,0.768946896718769,0.5622837370242214,0.3368421052631579,,,,,,
q,beta_x_noise,15,0.0,10.0,,0.0001,,,500,2.2684253570088324,2.2684253570088324,0.6843519140362659,0.34545454545454546,,,,,,
q,beta_x_noise,12,0.0,10.0,,1e-05,,,100,0.89737313731972,0.89737313731972,0.3609154929577465,0.30526315789473685,,,,,,
q,beta_x_noise,12,0.0,10.0,,1e-05,,,500,2.644400323251499,2.644400323251499,0.20889487870619947,0.30707070707070705,,,,,,
q,beta_x_noise,13,0.0,10.0,,1e-05,,,100,1.3762057684105573,1.3761886432431565,0.49464285714285716,0.30851063829787234,,,,,,
q,beta_x_noise,13,0.0,10.0,,1e-05,,,500,3.7535407439679145,3.7535407439679145,0.5847972972972973,0.33805668016194335,,,,,,
q,beta_x_noise,14,0.0,10.0,,1e-05,,,100,0.41761577886063894,0.41761577886063894,0.15371024734982333,0.29473684210526313,,,,,,
q,beta_x_noise,14,0.0,10.0,,1e-05,,,500,2.529394980478828,2.529394980478828,0.2673634524612272,0.31717171717171716,,,,,,
q,beta_x_noise,15,0.0,10.0,,1e-05,,,100,0.7723529852521321,0.7723066792049907,0.5622837370242214,0.3368421052631579,,,,,,
q,beta_x_noise,15,0.0,10.0,,1e-05,,,500,2.3136411905103205,2.3136411905103205,0.6843519140362659,0.3090909090909091,,,,,,
q,beta_x_noise,8,0.0,10.0,,0.0001,,,100,0.8403693689971803,0.8403693689971803,0.4028268551236749,0.30434782608695654,,,,,,
q,beta_x_noise,8,0.0,10.0,,0.0001,,,500,2.2393404581966876,2.205892985056339,0.4487525286581254,0.3333333333333333,,,,,,
q,beta_x_noise,9,0.0,10.0,,0.0001,,,100,0.8255418696492675,0.8255177654872747,0.45183887915936954,0.3010752688172043,,,,,,
q,beta_x_noise,9,0.0,10.0,,0.0001,,,500,2.450897390080726,2.450897390080726,0.3621676203298553,0.3144016227180527,,,,,,
q,beta_x_noise,10,0.0,10.0,,0.0001,,,100,0.766603335769269,0.766603335769269,0.47810858143607704,0.3723404255319149,,,,,,
q,beta_x_noise,10,0.0,10.0,,0.0001,,,500,2.868949179161722,2.867387755459852,0.49949511948838776,0.37449392712550605,,,,,,
q,beta_x_noise,11,0.0,10.0,,0.0001,,,100,1.1327632580169635,1.1324223840273953,0.4909090909090909,0.3655913978494624,,,,,,
q,beta_x_noise,11,0.0,10.0,,0.0001,,,500,3.002054031442874,2.9729810604066227,0.316271186440678,0.3367139959432049,,,,,,
q,beta_x_noise,4,0.0,10.0,,0.001,,,100,1.2278876901006353,1.2146130202342935,0.4029574861367837,0.3894736842105263,,,,,,
q,beta_x_noise,4,0.0,10.0,,0.001,,,500,3.1251033979435388,3.1251033979435388,0.5161509690581435,0.397979797979798,,,,,,
q,beta_x_noise,5,0.0,10.0,,0.001,,,100,1.1488198181398543,1.1467437461338124,0.40559440559440557,0.2872340425531915,,,,,,
q,beta_x_noise,5,0.0,10.0,,0.001,,,500,3.3601904350624774,3.3601904350624774,0.47442799461641993,0.32793522267206476,,,,,,
q,beta_x_noise,6,0.0,10.0,,0.001,,,100,1.3216689340794217,1.3167218780544099,0.5457809694793537,0.25806451612903225,,,,,,
q,beta_x_noise,6,0.0,10.0,,0.001,,,500,3.5432141265740946,3.470839797662312,0.5908014879945891,0.460446247464503,,,,,,
q,beta_x_noise,7,0.0,10.0,,0.001,,,100,1.0196038076469238,1.0183170715749277,0.35789473684210527,0.35106382978723405,,,,,,
q,beta_x_noise,7,0.0,10.0,,0.001,,,500,2.9132587191505794,2.8692167686931906,0.6676767676767676,0.4068825910931174,,,,,,
q,beta_x_noise,0,0.0,10.0,,0.001,,,100,1.1625921511701758,1.1625921511701758,0.20962199312714777,0.3829787234042553,,,,,,
q,beta_x_noise,0,0.0,10.0,,0.001,,,500,3.080393528905316,3.080393528905316,0.38497652582159625,0.340080971659919,,,,,,
q,beta_x_noise,1,0.0,10.0,,0.001,,,100,0.9555497699009089,0.9555497699009089,0.48628884826325414,0.40860215053763443,,,,,,
q,beta_x_noise,1,0.0,10.0,,0.001,,,500,3.6459424934762077,3.6396997447892683,0.49100780454699694,0.385395537525355,,,,,,
q,beta_x_noise,2,0.0,10.0,,0.001,,,100,0.9381806783453625,0.9381806783453625,0.5553633217993079,0.3684210526315789,,,,,,
q,beta_x_noise,2,0.0,10.0,,0.001,,,500,2.8422815538138604,2.841264933445846,0.5601074546675622,0.3434343434343434,,,,,,
q,beta_x_noise,3,0.0,10.0,,0.001,,,100,0.8964299306397266,0.8953375320004855,0.335676625659051,0.3118279569892473,,,,,,
q,beta_x_noise,3,0.0,10.0,,0.001,,,500,2.514312822504584,2.514312822504584,0.4614348265409229,0.34685598377281945,,,,,,
q,beta_x_noise,8,0.0,10.0,,0.001,,,100,0.8359544242413127,0.8359544242413127,0.4028268551236749,0.30434782608695654,,,,,,
q,beta_x_noise,8,0.0,10.0,,0.001,,,500,2.124411275687071,2.0862960914663473,0.44605529332434257,0.32926829268292684,,,,,,
q,beta_x_noise,9,0.0,10.0,,0.001,,,100,0.8320694954199109,0.8318251366681656,0.45183887915936954,0.3333333333333333,,,,,,
q,beta_x_noise,9,0.0,10.0,,0.001,,,500,2.5202937503268164,2.5202937503268164,0.3806799057556378,0.33468559837728196,,,,,,
q,beta_x_noise,10,0.0,10.0,,0.001,,,100,0.7684709326900406,0.7647086778331228,0.47810858143607704,0.39361702127659576,,,,,,
q,beta_x_noise,10,0.0,10.0,,0.001,,,500,2.6603190068131983,2.6569890075665725,0.5513295186805789,0.4331983805668016,,,,,,
q,beta_x_noise,11,0.0,10.0,,0.001,,,100,1.1019509303206652,1.0982275731751305,0.5418181818181819,0.3655913978494624,,,,,,
q,beta_x_noise,11,0.0,10.0,,0.001,,,500,2.791793444832015,2.791793444832015,0.4335593220338983,0.38336713995943206,,,,,,
q,beta_x_noise,16,0.0,10.0,,0.0001,,,100,1.3159208057380583,1.2924795095603565,0.2146690518783542,0.30851063829787234,,,,,,
q,beta_x_noise,16,0.0,10.0,,0.0001,,,500,4.065642767791794,4.065130126462483,0.20986819871578236,0.305668016194332,,,,,,
q,beta_x_noise,17,0.0,10.0,,0.0001,,,100,1.201041066657877,1.1996057968233593,0.5649606299212598,0.39361702127659576,,,,,,
q,beta_x_noise,17,0.0,10.0,,0.0001,,,500,3.5185138159384106,3.518405702860291,0.2469050894085282,0.3441295546558704,,,,,,
q,beta_x_noise,18,0.0,10.0,,0.0001,,,100,0.7273921691561933,0.7271547010501332,0.3274336283185841,0.40860215053763443,,,,,,
q,beta_x_noise,18,0.0,10.0,,0.0001,,,500,3.0193799170101534,3.0193799170101534,0.1075885328836425,0.3022312373225152,,,,,,
q,beta_x_noise,19,0.0,10.0,,0.0001,,,100,1.0106425743064873,1.0106425743064873,0.3585237258347979,0.3695652173913043,,,,,,
q,beta_x_noise,19,0.0,10.0,,0.0001,,,500,3.2729911416302295,3.235019524366205,0.3078477601886157,0.37601626016260165,,,,,,
q,beta_x_noise,16,0.0,10.0,,0.001,,,100,1.2640154840397284,1.2412092705975397,0.2898032200357782,0.2872340425531915,,,,,,
q,beta_x_noise,16,0.0,10.0,,0.001,,,500,3.647361117182791,3.647361117182791,0.3703954038526529,0.3259109311740891,,,,,,
q,beta_x_noise,17,0.0,10.0,,0.001,,,100,1.1484539172122255,1.1461306924839245,0.7362204724409449,0.39361702127659576,,,,,,
q,beta_x_noise,17,0.0,10.0,,0.001,,,500,3.5239121959717887,3.4950292591693874,0.548143053645117,0.4676113360323887,,,,,,
q,beta_x_noise,18,0.0,10.0,,0.001,,,100,0.7464679119747231,0.7440932309141222,0.3292035398230089,0.3870967741935484,,,,,,
q,beta_x_noise,18,0.0,10.0,,0.001,,,500,3.079266263513495,3.077196508015092,0.3352445193929174,0.3022312373225152,,,,,,
q,beta_x_noise,19,0.0,10.0,,0.001,,,100,1.0043653788267617,1.0043653788267617,0.437609841827768,0.391304347826087,,,,,,
q,beta_x_noise,19,0.0,10.0,,0.001,,,500,3.127453340451803,3.127453340451803,0.47457056247894913,0.4369918699186992,,,,,,
q,beta_x_noise,0,0.0,10.0,,0.01,,,100,0.380378316539052,0.3540940210427288,0.7920962199312714,0.44680851063829785,,,,,,
q,beta_x_noise,0,0.0,10.0,,0.01,,,500,8.927870794351826,8.927870794351826,0.8085177733065056,0.5182186234817814,,,,,,
q,beta_x_noise,1,0.0,10.0,,0.01,,,100,0.5826448277721982,0.5826448277721982,0.829981718464351,0.43010752688172044,,,,,,
q,beta_x_noise,1,0.0,10.0,,0.01,,,500,6.664933171793824,6.664933171793824,0.826942653545979,0.5111561866125761,,,,,,
q,beta_x_noise,2,0.0,10.0,,0.01,,,100,0.45368292204000316,0.45368292204000316,0.8754325259515571,0.3894736842105263,,,,,,
q,beta_x_noise,2,0.0,10.0,,0.01,,,500,6.43523653450668,6.43523653450668,0.9180658159838818,0.4808080808080808,,,,,,
q,beta_x_noise,3,0.0,10.0,,0.01,,,100,0.6335507054108318,0.5351395108747856,0.8418277680140598,0.3548387096774194,,,,,,
q,beta_x_noise,3,0.0,10.0,,0.01,,,500,2.977798636904529,2.977798636904529,0.8140788144156281,0.4056795131845842,,,,,,
q,beta_x_noise,4,0.0,10.0,,0.01,,,100,0.6043793691009441,0.5818400656472197,0.7597042513863216,0.4105263157894737,,,,,,
q,beta_x_noise,4,0.0,10.0,,0.01,,,500,12.260339411984123,12.260339411984123,0.8687521251275077,0.5494949494949495,,,,,,
q,beta_x_noise,5,0.0,10.0,,0.01,,,100,0.620546934276267,0.6043640716113734,0.5944055944055944,0.3404255319148936,,,,,,
q,beta_x_noise,5,0.0,10.0,,0.01,,,500,10.270107346317877,10.270107346317877,0.7779273216689099,0.5708502024291497,,,,,,
q,beta_x_noise,6,0.0,10.0,,0.01,,,100,0.6467510251586724,0.6401958971037607,0.6409335727109515,0.3010752688172043,,,,,,
q,beta_x_noise,6,0.0,10.0,,0.01,,,500,13.08971775300684,13.08971775300684,0.8112952316537031,0.5780933062880325,,,,,,
q,beta_x_noise,7,0.0,10.0,,0.01,,,100,0.5271345466716608,0.4341408034560741,0.8140350877192982,0.40425531914893614,,,,,,
q,beta_x_noise,7,0.0,10.0,,0.01,,,500,7.424404074165056,7.424404074165056,0.9191919191919192,0.6336032388663968,,,,,,
q,beta_x_noise,8,0.0,10.0,,0.01,,,100,0.416895680291008,0.416895680291008,0.6431095406360424,0.30434782608695654,,,,,,
q,beta_x_noise,8,0.0,10.0,,0.01,,,500,4.421946855918215,4.421946855918215,0.8226567768037761,0.4410569105691057,,,,,,
q,beta_x_noise,9,0.0,10.0,,0.01,,,100,0.462067452318387,0.4552050975421945,0.8756567425569177,0.40860215053763443,,,,,,
q,beta_x_noise,9,0.0,10.0,,0.01,,,500,3.9518831613317027,3.9518831613317027,0.7845843150454392,0.4279918864097363,,,,,,
q,beta_x_noise,10,0.0,10.0,,0.01,,,100,0.42564519043669174,0.3582743663382295,0.8598949211908932,0.425531914893617,,,,,,
q,beta_x_noise,10,0.0,10.0,,0.01,,,500,3.862021039169996,3.862021039169996,0.8051161225176708,0.4898785425101215,,,,,,
q,beta_x_noise,11,0.0,10.0,,0.01,,,100,0.6781181881887227,0.6315566395703541,0.6509090909090909,0.3870967741935484,,,,,,
q,beta_x_noise,11,0.0,10.0,,0.01,,,500,5.2788090209005905,5.2788090209005905,0.7020338983050848,0.4482758620689655,,,,,,
q,beta_x_noise,12,0.0,10.0,,0.01,,,100,0.6492886632930627,0.6492886632930627,0.8186619718309859,0.3473684210526316,,,,,,
q,beta_x_noise,12,0.0,10.0,,0.01,,,500,4.444410450233571,4.444410450233571,0.7388814016172507,0.42424242424242425,,,,,,
q,beta_x_noise,13,0.0,10.0,,0.01,,,100,0.6599624331988427,0.5937289118660416,0.7732142857142857,0.39361702127659576,,,,,,
q,beta_x_noise,13,0.0,10.0,,0.01,,,500,9.207916042742912,9.207916042742912,0.9402027027027027,0.7186234817813765,,,,,,
q,beta_x_noise,14,0.0,10.0,,0.01,,,100,0.43153638000606226,0.42610826173151495,0.588339222614841,0.3157894736842105,,,,,,
q,beta_x_noise,14,0.0,10.0,,0.01,,,500,3.0921361573358306,3.021999201334364,0.674645987862441,0.43636363636363634,,,,,,
q,beta_x_noise,15,0.0,10.0,,0.01,,,100,0.3724311288618902,0.23792535118451083,0.8442906574394463,0.4,,,,,,
q,beta_x_noise,15,0.0,10.0,,0.01,,,500,6.828036967536284,6.4731099125213465,0.9398925453324378,0.6121212121212121,,,,,,
q,beta_x_noise,4,0.0,10.0,,0.03,,,100,0.9864832247845114,0.8784793604771337,0.6617375231053605,0.3894736842105263,,,,,,
q,beta_x_noise,4,0.0,10.0,,0.03,,,500,8.451351239580505,8.451351239580505,0.8276096565793948,0.42828282828282827,,,,,,
q,beta_x_noise,5,0.0,10.0,,0.03,,,100,1.0250114789443687,0.9294649833488001,0.5437062937062938,0.2978723404255319,,,,,,
q,beta_x_noise,5,0.0,10.0,,0.03,,,500,8.656659164860617,8.656659164860617,0.7123149394347241,0.402834008097166,,,,,,
q,beta_x_noise,6,0.0,10.0,,0.03,,,100,1.3740532191588828,0.929860473851941,0.5457809694793537,0.25806451612903225,,,,,,
q,beta_x_noise,6,0.0,10.0,,0.03,,,500,10.947212468656554,10.947212468656554,0.6929320257017247,0.3752535496957404,,,,,,
q,beta_x_noise,7,0.0,10.0,,0.03,,,100,1.421233236087606,0.9779236128100661,0.6719298245614035,0.3723404255319149,,,,,,
q,beta_x_noise,7,0.0,10.0,,0.03,,,500,5.0133701227028205,5.0133701227028205,0.8683501683501683,0.4271255060728745,,,,,,
q,beta_x_noise,16,0.0,10.0,,0.01,,,100,0.9609671794106331,0.9609671794106331,0.8801431127012522,0.32978723404255317,,,,,,
q,beta_x_noise,16,0.0,10.0,,0.01,,,500,7.982231132711516,7.852694807856275,0.8837445082798243,0.5040485829959515,,,,,,
q,beta_x_noise,17,0.0,10.0,,0.01,,,100,0.5743397000122642,0.5743397000122642,0.9192913385826772,0.40425531914893614,,,,,,
q,beta_x_noise,17,0.0,10.0,,0.01,,,500,16.83412255582319,16.83412255582319,0.8545392022008254,0.5850202429149798,,,,,,
q,beta_x_noise,18,0.0,10.0,,0.01,,,100,0.8741939673820442,0.6082219620371196,0.631858407079646,0.43010752688172044,,,,,,
q,beta_x_noise,18,0.0,10.0,,0.01,,,500,3.3109289252354803,3.3109289252354803,0.6583473861720067,0.385395537525355,,,,,,
q,beta_x_noise,19,0.0,10.0,,0.01,,,100,0.4508715417483151,0.4122792735754365,0.8734622144112478,0.42391304347826086,,,,,,
q,beta_x_noise,19,0.0,10.0,,0.01,,,500,9.028810247484298,9.028810247484298,0.9171438194678343,0.6504065040650406,,,,,,
q,beta_x_noise,0,0.0,10.0,,0.03,,,100,1.072588530514477,0.926997539774256,0.5738831615120275,0.4148936170212766,,,,,,
q,beta_x_noise,0,0.0,10.0,,0.03,,,500,7.997366526123935,7.997366526123935,0.49295774647887325,0.38866396761133604,,,,,,
q,beta_x_noise,1,0.0,10.0,,0.03,,,100,0.9459303918672883,0.9459303918672883,0.659963436928702,0.3978494623655914,,,,,,
q,beta_x_noise,1,0.0,10.0,,0.03,,,500,7.682810407599607,7.682810407599607,0.6328469630132338,0.3975659229208925,,,,,,
q,beta_x_noise,2,0.0,10.0,,0.03,,,100,0.574441071868037,0.574441071868037,0.7993079584775087,0.3684210526315789,,,,,,
q,beta_x_noise,2,0.0,10.0,,0.03,,,500,7.129790875042932,7.129790875042932,0.7625923438549362,0.38181818181818183,,,,,,
q,beta_x_noise,3,0.0,10.0,,0.03,,,100,0.959637441394594,0.959637441394594,0.5782073813708261,0.3118279569892473,,,,,,
q,beta_x_noise,3,0.0,10.0,,0.03,,,500,2.8299792778103323,2.6518039167398553,0.6177164028292355,0.3367139959432049,,,,,,
q,beta_x_noise,16,0.0,10.0,,0.03,,,100,1.6394933146292623,1.6394933146292623,0.49731663685152055,0.3191489361702128,,,,,,
q,beta_x_noise,16,0.0,10.0,,0.03,,,500,11.169981082775601,11.169981082775601,0.6755660696181143,0.3603238866396761,,,,,,
q,beta_x_noise,17,0.0,10.0,,0.03,,,100,1.318118086491861,1.318118086491861,0.7716535433070866,0.39361702127659576,,,,,,
q,beta_x_noise,17,0.0,10.0,,0.03,,,500,22.301114488537305,22.301114488537305,0.7551581843191196,0.44129554655870445,,,,,,
q,beta_x_noise,18,0.0,10.0,,0.03,,,100,1.3587179949978658,1.071619343358542,0.44778761061946903,0.40860215053763443,,,,,,
q,beta_x_noise,18,0.0,10.0,,0.03,,,500,4.8634914315375255,4.843720684894009,0.32344013490725126,0.31237322515212984,,,,,,
q,beta_x_noise,19,0.0,10.0,,0.03,,,100,0.674920821122244,0.553643247721825,0.687170474516696,0.41304347826086957,,,,,,
q,beta_x_noise,19,0.0,10.0,,0.03,,,500,7.603307288205279,7.603307288205279,0.8632536207477265,0.491869918699187,,,,,,
q,beta_x_noise,12,0.0,10.0,,0.03,,,100,0.9890689333845133,0.9749798286529026,0.6496478873239436,0.30526315789473685,,,,,,
q,beta_x_noise,12,0.0,10.0,,0.03,,,500,5.138719875706488,5.134236039863114,0.4888814016172507,0.32525252525252524,,,,,,
q,beta_x_noise,13,0.0,10.0,,0.03,,,100,0.9511387170649126,0.7886701435272366,0.6946428571428571,0.35106382978723405,,,,,,
q,beta_x_noise,13,0.0,10.0,,0.03,,,500,5.273250484028934,5.273250484028934,0.875,0.4473684210526316,,,,,,
q,beta_x_noise,14,0.0,10.0,,0.03,,,100,0.7677794053235223,0.6906661170866082,0.35335689045936397,0.30526315789473685,,,,,,
q,beta_x_noise,14,0.0,10.0,,0.03,,,500,4.142985899757659,4.142985899757659,0.49527983816587995,0.3575757575757576,,,,,,
q,beta_x_noise,15,0.0,10.0,,0.03,,,100,1.1413446341557032,0.521501915301629,0.726643598615917,0.37894736842105264,,,,,,
q,beta_x_noise,15,0.0,10.0,,0.03,,,500,3.923610438230348,3.8500555887685297,0.8891873740765615,0.4101010101010101,,,,,,
q,beta_x_noise,8,0.0,10.0,,0.03,,,100,0.7340126470962819,0.6624119282773294,0.627208480565371,0.30434782608695654,,,,,,
q,beta_x_noise,8,0.0,10.0,,0.03,,,500,5.706083692498556,5.706083692498556,0.7697235333782873,0.3821138211382114,,,,,,
q,beta_x_noise,9,0.0,10.0,,0.03,,,100,1.270454016203796,1.261437183104115,0.7653239929947461,0.3548387096774194,,,,,,
q,beta_x_noise,9,0.0,10.0,,0.03,,,500,5.445128131722676,5.445128131722676,0.6159542241669471,0.3691683569979716,,,,,,
q,beta_x_noise,10,0.0,10.0,,0.03,,,100,0.8345037584360877,0.6510587648178905,0.6690017513134852,0.39361702127659576,,,,,,
q,beta_x_noise,10,0.0,10.0,,0.03,,,500,5.371656885861764,4.982287472824606,0.6859643217771794,0.4068825910931174,,,,,,
q,beta_x_noise,11,0.0,10.0,,0.03,,,100,0.9203150185866804,0.9203150185866804,0.5290909090909091,0.3763440860215054,,,,,,
q,beta_x_noise,11,0.0,10.0,,0.03,,,500,9.07481362687923,9.07481362687923,0.5674576271186441,0.3671399594320487,,,,,,
q,beta_x_noise,16,0.0,10.0,,0.1,,,100,5.1379754720322435,5.1379754720322435,0.3023255813953488,0.2872340425531915,,,,,,
q,beta_x_noise,16,0.0,10.0,,0.1,,,500,26.91585486871788,26.91585486871788,0.5187563366002028,0.32388663967611336,,,,,,
q,beta_x_noise,17,0.0,10.0,,0.1,,,100,3.6797437911092805,3.6797437911092805,0.594488188976378,0.3723404255319149,,,,,,
q,beta_x_noise,17,0.0,10.0,,0.1,,,500,44.11241402654669,44.11241402654669,0.5522696011004127,0.39878542510121456,,,,,,
q,beta_x_noise,18,0.0,10.0,,0.1,,,100,4.3672669311308745,3.5522884698012174,0.3185840707964602,0.3978494623655914,,,,,,
q,beta_x_noise,18,0.0,10.0,,0.1,,,500,14.723712236602026,14.723712236602026,0.22225969645868465,0.3002028397565923,,,,,,
q,beta_x_noise,19,0.0,10.0,,0.1,,,100,2.272858987106645,1.6216037782157842,0.4182776801405975,0.41304347826086957,,,,,,
q,beta_x_noise,19,0.0,10.0,,0.1,,,500,9.139820472158544,8.632207080984644,0.5651734590771303,0.4146341463414634,,,,,,
q,beta_x_noise,0,0.0,10.0,,0.1,,,100,4.415371041689744,3.9841874944392037,0.3642611683848797,0.3829787234042553,,,,,,
q,beta_x_noise,0,0.0,10.0,,0.1,,,500,16.39645122123018,16.39645122123018,0.3256203890006707,0.3684210526315789,,,,,,
q,beta_x_noise,1,0.0,10.0,,0.1,,,100,2.3388749324442615,2.308130111813042,0.45886654478976235,0.3978494623655914,,,,,,
q,beta_x_noise,1,0.0,10.0,,0.1,,,500,10.522300903965089,10.403892093636067,0.5174753987105531,0.3772819472616633,,,,,,
q,beta_x_noise,2,0.0,10.0,,0.1,,,100,2.8575649622601538,2.8432631658123104,0.6089965397923875,0.3473684210526316,,,,,,
q,beta_x_noise,2,0.0,10.0,,0.1,,,500,14.69547631438434,14.69547631438434,0.5809267965077233,0.32323232323232326,,,,,,
q,beta_x_noise,3,0.0,10.0,,0.1,,,100,2.835307353551595,2.835307353551595,0.39015817223198596,0.3118279569892473,,,,,,
q,beta_x_noise,3,0.0,10.0,,0.1,,,500,4.489147408987161,2.8796284533984715,0.465476591444931,0.3204868154158215,,,,,,
q,beta_x_noise,4,0.0,10.0,,0.1,,,100,3.0070079076599483,2.7481467331445213,0.4602587800369686,0.4,,,,,,
q,beta_x_noise,4,0.0,10.0,,0.1,,,500,12.710774707888902,10.655883694332395,0.44712682760965655,0.37777777777777777,,,,,,
q,beta_x_noise,5,0.0,10.0,,0.1,,,100,3.5172826397511354,3.162757958175282,0.42832167832167833,0.3191489361702128,,,,,,
q,beta_x_noise,5,0.0,10.0,,0.1,,,500,8.812146006323461,8.238620800374031,0.4979811574697174,0.3360323886639676,,,,,,
q,beta_x_noise,6,0.0,10.0,,0.1,,,100,4.5941201923252795,3.165699811131452,0.466786355475763,0.24731182795698925,,,,,,
q,beta_x_noise,6,0.0,10.0,,0.1,,,500,12.544316005521942,12.544316005521942,0.4061548867095029,0.3306288032454361,,,,,,
q,beta_x_noise,7,0.0,10.0,,0.1,,,100,4.932604846826591,2.8253106712710983,0.4789473684210526,0.35106382978723405,,,,,,
q,beta_x_noise,7,0.0,10.0,,0.1,,,500,11.313946528267715,11.313946528267715,0.6602693602693602,0.38461538461538464,,,,,,
q,beta_x_noise,8,0.0,10.0,,0.1,,,100,2.203851513219418,1.9154114045639044,0.4381625441696113,0.30434782608695654,,,,,,
q,beta_x_noise,8,0.0,10.0,,0.1,,,500,14.30185111673317,14.30185111673317,0.4534726904922454,0.3394308943089431,,,,,,
q,beta_x_noise,9,0.0,10.0,,0.1,,,100,4.099484690313575,4.083993133697891,0.553415061295972,0.34408602150537637,,,,,,
q,beta_x_noise,9,0.0,10.0,,0.1,,,500,22.947508228165802,22.947508228165802,0.4173678895994615,0.3488843813387424,,,,,,
q,beta_x_noise,10,0.0,10.0,,0.1,,,100,2.880375644321841,2.246674059397845,0.5131348511383538,0.3829787234042553,,,,,,
q,beta_x_noise,10,0.0,10.0,,0.1,,,500,11.409539428915812,8.615511922427835,0.5580612588354089,0.3785425101214575,,,,,,
q,beta_x_noise,11,0.0,10.0,,0.1,,,100,2.7236698711758676,2.616339041011109,0.40545454545454546,0.3655913978494624,,,,,,
q,beta_x_noise,11,0.0,10.0,,0.1,,,500,21.323652824148486,21.323652824148486,0.423728813559322,0.34279918864097364,,,,,,
q,beta_x_noise,12,0.0,10.0,,0.1,,,100,2.988236333411822,2.9303555244465356,0.38028169014084506,0.29473684210526313,,,,,,
q,beta_x_noise,12,0.0,10.0,,0.1,,,500,9.721310961001139,9.561631250681097,0.2931266846361186,0.30707070707070705,,,,,,
q,beta_x_noise,13,0.0,10.0,,0.1,,,100,2.895905552794482,2.0616332733974048,0.5321428571428571,0.32978723404255317,,,,,,
q,beta_x_noise,13,0.0,10.0,,0.1,,,500,9.589117235556241,9.10112638437153,0.5763513513513514,0.3724696356275304,,,,,,
q,beta_x_noise,14,0.0,10.0,,0.1,,,100,2.3530172033669468,2.2700201088923357,0.1872791519434629,0.28421052631578947,,,,,,
q,beta_x_noise,14,0.0,10.0,,0.1,,,500,6.962037401674976,6.703392213542527,0.377950101146325,0.32525252525252524,,,,,,
q,beta_x_noise,15,0.0,10.0,,0.1,,,100,3.8177036229245536,1.895537414684837,0.6211072664359861,0.3368421052631579,,,,,,
q,beta_x_noise,15,0.0,10.0,,0.1,,,500,8.198845144565691,6.8190763229317195,0.72632639355272,0.34545454545454546,,,,,,
q,beta_x_noise,0,0.0,10.0,,0.3,,,100,17.235204326136834,15.381394955108338,0.29553264604810997,0.39361702127659576,,,,,,
q,beta_x_noise,0,0.0,10.0,,0.3,,,500,9.86148477388243e+16,9.86148477388243e+16,0.3215962441314554,0.3785425101214575,,,,,,
q,beta_x_noise,1,0.0,10.0,,0.3,,,100,7.536680576560952,7.122072677764869,0.46617915904936014,0.3118279569892473,,,,,,
q,beta_x_noise,1,0.0,10.0,,0.3,,,500,26.608799702916496,26.608799702916496,0.4126230064472345,0.34685598377281945,,,,,,
q,beta_x_noise,2,0.0,10.0,,0.3,,,100,8.730890713078729,8.7163320430757,0.4532871972318339,0.35789473684210527,,,,,,
q,beta_x_noise,2,0.0,10.0,,0.3,,,500,31157.281272303382,31157.281272303382,0.544660846205507,0.3515151515151515,,,,,,
q,beta_x_noise,3,0.0,10.0,,0.3,,,100,7.895783789290117,7.895783789290117,0.31985940246045697,0.22580645161290322,,,,,,
q,beta_x_noise,3,0.0,10.0,,0.3,,,500,27.994928824224317,27.908950798972224,0.41428090266082856,0.31643002028397565,,,,,,
q,beta_x_noise,4,0.0,10.0,,0.3,,,100,7.4905122720081865,7.4905122720081865,0.4713493530499076,0.3157894736842105,,,,,,
q,beta_x_noise,4,0.0,10.0,,0.3,,,500,242.6592673199289,242.6592673199289,0.5066303978238694,0.3717171717171717,,,,,,
q,beta_x_noise,5,0.0,10.0,,0.3,,,100,16.12575178194578,13.69137193717138,0.3811188811188811,0.3404255319148936,,,,,,
q,beta_x_noise,5,0.0,10.0,,0.3,,,500,40.04827571391486,35.42595247377251,0.3243606998654105,0.34210526315789475,,,,,,
q,beta_x_noise,6,0.0,10.0,,0.3,,,100,15.703020701898376,9.977276357789965,0.4793536804308797,0.3333333333333333,,,,,,
q,beta_x_noise,6,0.0,10.0,,0.3,,,500,7591159.3760534115,7591159.3760534115,0.45992560027054447,0.39553752535496955,,,,,,
q,beta_x_noise,7,0.0,10.0,,0.3,,,100,13.913615692836306,7.946976521404688,0.44035087719298244,0.35106382978723405,,,,,,
q,beta_x_noise,7,0.0,10.0,,0.3,,,500,35.88449149034174,35.88449149034174,0.6060606060606061,0.3562753036437247,,,,,,
q,beta_x_noise,8,0.0,10.0,,0.3,,,100,9.35917845245386,9.35917845245386,0.42579505300353354,0.29347826086956524,,,,,,
q,beta_x_noise,8,0.0,10.0,,0.3,,,500,229.07469105790886,229.07469105790886,0.3408631153068105,0.34146341463414637,,,,,,
q,beta_x_noise,9,0.0,10.0,,0.3,,,100,12.2754410274339,12.232796549386608,0.4851138353765324,0.2903225806451613,,,,,,
q,beta_x_noise,9,0.0,10.0,,0.3,,,500,66.95150500060095,66.49433152768701,0.4490070683271626,0.3306288032454361,,,,,,
q,beta_x_noise,10,0.0,10.0,,0.3,,,100,9.657618980660004,9.657618980660004,0.5148861646234676,0.30851063829787234,,,,,,
q,beta_x_noise,10,0.0,10.0,,0.3,,,500,64.16323325846726,64.16323325846726,0.5469538875799395,0.32388663967611336,,,,,,
q,beta_x_noise,11,0.0,10.0,,0.3,,,100,8.03156238818759,7.665590644107157,0.5,0.3010752688172043,,,,,,
q,beta_x_noise,11,0.0,10.0,,0.3,,,500,30658063.826361123,30658063.826361123,0.39389830508474577,0.3265720081135903,,,,,,
q,beta_x_noise,12,0.0,10.0,,0.3,,,100,8.868023908998119,8.697886355122819,0.3415492957746479,0.2736842105263158,,,,,,
q,beta_x_noise,12,0.0,10.0,,0.3,,,500,56.150696637116155,56.150696637116155,0.26819407008086255,0.3333333333333333,,,,,,
q,beta_x_noise,13,0.0,10.0,,0.3,,,100,9.790143729504083,7.4243100666674495,0.5196428571428572,0.40425531914893614,,,,,,
q,beta_x_noise,13,0.0,10.0,,0.3,,,500,33.7326465382064,33.25084393807889,0.4685810810810811,0.34210526315789475,,,,,,
q,beta_x_noise,14,0.0,10.0,,0.3,,,100,7.774014073712614,6.45298148776433,0.19434628975265017,0.30526315789473685,,,,,,
q,beta_x_noise,14,0.0,10.0,,0.3,,,500,30958536284.15537,30958536284.15537,0.38941335131490223,0.3515151515151515,,,,,,
q,beta_x_noise,15,0.0,10.0,,0.3,,,100,12.164437596374762,9.078284822265044,0.6332179930795848,0.25263157894736843,,,,,,
q,beta_x_noise,15,0.0,10.0,,0.3,,,500,7.084128077311437e+23,7.084128077311437e+23,0.7820685023505709,0.296969696969697,,,,,,
q,beta_x_noise,0,0.0,20.0,,0.0,,,100,0.01330354575741488,0.01330354575741488,1.0,1.0,,,,,,
q,beta_x_noise,0,0.0,20.0,,0.0,,,500,0.022916002147281844,0.018968802122985906,1.0,1.0,,,,,,
q,beta_x_noise,1,0.0,20.0,,0.0,,,100,0.011733813218057332,0.011640923822625826,1.0,1.0,,,,,,
q,beta_x_noise,1,0.0,20.0,,0.0,,,500,0.02420294991258176,0.023653711118270415,1.0,1.0,,,,,,
q,beta_x_noise,2,0.0,20.0,,0.0,,,100,0.012851655108053639,0.012851655108053639,1.0,1.0,,,,,,
q,beta_x_noise,2,0.0,20.0,,0.0,,,500,0.0247823771721829,0.02335060686206747,1.0,1.0,,,,,,
q,beta_x_noise,3,0.0,20.0,,0.0,,,100,0.014729971592591373,0.014729971592591373,1.0,1.0,,,,,,
q,beta_x_noise,3,0.0,20.0,,0.0,,,500,0.03245086010937426,0.030027022948226012,1.0,1.0,,,,,,
q,beta_x_noise,4,0.0,20.0,,0.0,,,100,0.013730195881623608,0.012058375200630578,1.0,1.0,,,,,,
q,beta_x_noise,4,0.0,20.0,,0.0,,,500,0.019379054493662506,0.01736175348381952,1.0,1.0,,,,,,
q,beta_x_noise,5,0.0,20.0,,0.0,,,100,0.012657998111642144,0.012657998111642144,1.0,1.0,,,,,,
q,beta_x_noise,5,0.0,20.0,,0.0,,,500,0.02395731384230504,0.02395731384230504,1.0,1.0,,,,,,
q,beta_x_noise,6,0.0,20.0,,0.0,,,100,0.012527948727176552,0.012122521572676792,1.0,1.0,,,,,,
q,beta_x_noise,6,0.0,20.0,,0.0,,,500,0.032633260417034404,0.032633260417034404,1.0,1.0,,,,,,
q,beta_x_noise,7,0.0,20.0,,0.0,,,100,0.013517238247514163,0.013402182271591734,1.0,1.0,,,,,,
q,beta_x_noise,7,0.0,20.0,,0.0,,,500,0.023086355529260416,0.019590483424966942,1.0,1.0,,,,,,
q,beta_x_noise,8,0.0,20.0,,0.0,,,100,0.018191288161845898,0.01814918483253658,1.0,1.0,,,,,,
q,beta_x_noise,8,0.0,20.0,,0.0,,,500,0.02842015793480046,0.023377281588899734,1.0,1.0,,,,,,
q,beta_x_noise,9,0.0,20.0,,0.0,,,100,0.012635320148597029,0.012635320148597029,1.0,1.0,,,,,,
q,beta_x_noise,9,0.0,20.0,,0.0,,,500,0.032738296027034375,0.031815531640062567,1.0,1.0,,,,,,
q,beta_x_noise,10,0.0,20.0,,0.0,,,100,0.014811406328783971,0.014811406328783971,1.0,1.0,,,,,,
q,beta_x_noise,10,0.0,20.0,,0.0,,,500,0.0267938197523101,0.026392251758116103,1.0,1.0,,,,,,
q,beta_x_noise,11,0.0,20.0,,0.0,,,100,0.012321162038078981,0.01156615685698792,1.0,1.0,,,,,,
q,beta_x_noise,11,0.0,20.0,,0.0,,,500,0.022767048441942883,0.022267297503394623,1.0,1.0,,,,,,
q,beta_x_noise,12,0.0,20.0,,0.0,,,100,0.015255732132364752,0.015255732132364752,1.0,1.0,,,,,,
q,beta_x_noise,12,0.0,20.0,,0.0,,,500,0.02475729471774768,0.023110518979868377,1.0,1.0,,,,,,
q,beta_x_noise,13,0.0,20.0,,0.0,,,100,0.01519081994321092,0.014922908376766575,1.0,1.0,,,,,,
q,beta_x_noise,13,0.0,20.0,,0.0,,,500,0.016159055420092328,0.010481606186669712,1.0,1.0,,,,,,
q,beta_x_noise,14,0.0,20.0,,0.0,,,100,0.016693515065380693,0.016465745726277292,1.0,1.0,,,,,,
q,beta_x_noise,14,0.0,20.0,,0.0,,,500,0.02837384931891407,0.02687465442294723,1.0,1.0,,,,,,
q,beta_x_noise,15,0.0,20.0,,0.0,,,100,0.014827195076015043,0.014827195076015043,1.0,1.0,,,,,,
q,beta_x_noise,15,0.0,20.0,,0.0,,,500,0.02406131058193517,0.015457041883190747,1.0,1.0,,,,,,
q,beta_x_noise,16,0.0,20.0,,0.0,,,100,0.015200561241868193,0.014954167015058806,1.0,1.0,,,,,,
q,beta_x_noise,16,0.0,20.0,,0.0,,,500,0.02338660985171348,0.017847040977273743,1.0,1.0,,,,,,
q,beta_x_noise,17,0.0,20.0,,0.0,,,100,0.014420926429891123,0.014259443508461755,1.0,1.0,,,,,,
q,beta_x_noise,17,0.0,20.0,,0.0,,,500,0.036531907886178105,0.036531907886178105,1.0,1.0,,,,,,
q,beta_x_noise,18,0.0,20.0,,0.0,,,100,0.011737598706484942,0.011711272417444685,1.0,1.0,,,,,,
q,beta_x_noise,18,0.0,20.0,,0.0,,,500,0.030046995004500143,0.027935169976432306,1.0,1.0,,,,,,
q,beta_x_noise,19,0.0,20.0,,0.0,,,100,0.01358274544215532,0.01220072017507945,1.0,1.0,,,,,,
q,beta_x_noise,19,0.0,20.0,,0.0,,,500,0.028285538882893535,0.028285538882893535,1.0,1.0,,,,,,
q,beta_x_noise,16,0.0,10.0,,0.3,,,100,15.17276297214469,15.17276297214469,0.27906976744186046,0.24468085106382978,,,,,,
q,beta_x_noise,16,0.0,10.0,,0.3,,,500,52365385965.57304,52365385965.57304,0.3051706657654613,0.3259109311740891,,,,,,
q,beta_x_noise,17,0.0,10.0,,0.3,,,100,11.414509403896574,7.8796065607919585,0.5610236220472441,0.30851063829787234,,,,,,
q,beta_x_noise,17,0.0,10.0,,0.3,,,500,9.797810870897875e+21,9.797810870897875e+21,0.5288858321870702,0.37449392712550605,,,,,,
q,beta_x_noise,18,0.0,10.0,,0.3,,,100,13.198402179496481,10.677840057818486,0.3238938053097345,0.3763440860215054,,,,,,
q,beta_x_noise,18,0.0,10.0,,0.3,,,500,2845251.6626273827,2845251.6626273827,0.2387858347386172,0.3144016227180527,,,,,,
q,beta_x_noise,19,0.0,10.0,,0.3,,,100,7.594686703613451,5.341971240012347,0.37434094903339193,0.358695652173913,,,,,,
q,beta_x_noise,19,0.0,10.0,,0.3,,,500,34044.87974106456,34044.87974106456,0.4479622768608959,0.36585365853658536,,,,,,
q,beta_x_noise,0,0.0,20.0,,1e-05,,,100,0.01323398751562832,0.01320704016118257,1.0,1.0,,,,,,
q,beta_x_noise,0,0.0,20.0,,1e-05,,,500,0.022003600300421366,0.018786827209559043,1.0,1.0,,,,,,
q,beta_x_noise,1,0.0,20.0,,1e-05,,,100,0.010888218438040553,0.010762949129793697,1.0,1.0,,,,,,
q,beta_x_noise,1,0.0,20.0,,1e-05,,,500,0.02480720118375812,0.021448123163816835,1.0,1.0,,,,,,
q,beta_x_noise,2,0.0,20.0,,1e-05,,,100,0.012503426408040585,0.011951646651825354,1.0,0.9894736842105263,,,,,,
q,beta_x_noise,2,0.0,20.0,,1e-05,,,500,0.024043314237640168,0.021309788653195216,1.0,0.997979797979798,,,,,,
q,beta_x_noise,3,0.0,20.0,,1e-05,,,100,0.014832992714746251,0.014832992714746251,1.0,1.0,,,,,,
q,beta_x_noise,3,0.0,20.0,,1e-05,,,500,0.03175719379298969,0.030184845645873537,1.0,1.0,,,,,,
q,beta_x_noise,16,0.0,20.0,,1e-05,,,100,0.018593011345896526,0.018405188023883357,1.0,1.0,,,,,,
q,beta_x_noise,16,0.0,20.0,,1e-05,,,500,0.024438818243790017,0.01776266818869754,1.0,1.0,,,,,,
q,beta_x_noise,17,0.0,20.0,,1e-05,,,100,0.013927038772516775,0.013763954377812526,1.0,1.0,,,,,,
q,beta_x_noise,17,0.0,20.0,,1e-05,,,500,0.03677138269875324,0.03677138269875324,1.0,1.0,,,,,,
q,beta_x_noise,18,0.0,20.0,,1e-05,,,100,0.010831195476071143,0.01076428701081611,1.0,1.0,,,,,,
q,beta_x_noise,18,0.0,20.0,,1e-05,,,500,0.03009293834517024,0.029404391270970276,1.0,1.0,,,,,,
q,beta_x_noise,19,0.0,20.0,,1e-05,,,100,0.01413832837324025,0.01179353340300382,1.0,1.0,,,,,,
q,beta_x_noise,19,0.0,20.0,,1e-05,,,500,0.027097755895515552,0.027097755895515552,1.0,1.0,,,,,,
q,beta_x_noise,0,0.0,20.0,,0.0001,,,100,0.019190621296970745,0.0176880166038047,1.0,1.0,,,,,,
q,beta_x_noise,0,0.0,20.0,,0.0001,,,500,0.0329892034149557,0.02961742198625339,1.0,1.0,,,,,,
q,beta_x_noise,1,0.0,20.0,,0.0001,,,100,0.019698549219790695,0.016548561736343115,1.0,1.0,,,,,,
q,beta_x_noise,1,0.0,20.0,,0.0001,,,500,0.038176202455825425,0.03040257202942387,1.0,1.0,,,,,,
q,beta_x_noise,2,0.0,20.0,,0.0001,,,100,0.033048022525098864,0.0291564429848854,0.972318339100346,0.968421052631579,,,,,,
q,beta_x_noise,2,0.0,20.0,,0.0001,,,500,0.04012273385578258,0.029082544202446936,0.9946272666218939,0.9939393939393939,,,,,,
q,beta_x_noise,3,0.0,20.0,,0.0001,,,100,0.03759827963837681,0.02159487922819822,1.0,0.978494623655914,,,,,,
q,beta_x_noise,3,0.0,20.0,,0.0001,,,500,0.04196064341474082,0.03605224753894287,1.0,0.9959432048681541,,,,,,
q,beta_x_noise,4,0.0,20.0,,1e-05,,,100,0.01154467553538241,0.010935305911599857,1.0,1.0,,,,,,
q,beta_x_noise,4,0.0,20.0,,1e-05,,,500,0.019824381719804496,0.015689808021376095,1.0,1.0,,,,,,
q,beta_x_noise,5,0.0,20.0,,1e-05,,,100,0.014939977271329674,0.014939977271329674,1.0,0.9893617021276596,,,,,,
q,beta_x_noise,5,0.0,20.0,,1e-05,,,500,0.02454759084878755,0.02454759084878755,1.0,0.9979757085020243,,,,,,
q,beta_x_noise,6,0.0,20.0,,1e-05,,,100,0.012995285900970988,0.011259042648787854,1.0,1.0,,,,,,
q,beta_x_noise,6,0.0,20.0,,1e-05,,,500,0.03206985214827107,0.03206985214827107,1.0,1.0,,,,,,
q,beta_x_noise,7,0.0,20.0,,1e-05,,,100,0.01481329920616381,0.014686162666773805,1.0,1.0,,,,,,
q,beta_x_noise,7,0.0,20.0,,1e-05,,,500,0.025497091234763625,0.0194584972931926,1.0,1.0,,,,,,
q,beta_x_noise,4,0.0,20.0,,0.0001,,,100,0.027012540251702244,0.02418806677356583,1.0,1.0,,,,,,
q,beta_x_noise,4,0.0,20.0,,0.0001,,,500,0.046460333059208825,0.018141197346837723,1.0,1.0,,,,,,
q,beta_x_noise,5,0.0,20.0,,0.0001,,,100,0.03751023323035152,0.03544857487060871,1.0,0.9787234042553191,,,,,,
q,beta_x_noise,5,0.0,20.0,,0.0001,,,500,0.04670367065605885,0.030840948441032356,1.0,0.9959514170040485,,,,,,
q,beta_x_noise,6,0.0,20.0,,0.0001,,,100,0.03422695154151001,0.026341780654275615,1.0,1.0,,,,,,
q,beta_x_noise,6,0.0,20.0,,0.0001,,,500,0.03422695154151001,0.02730578369119141,1.0,1.0,,,,,,
q,beta_x_noise,7,0.0,20.0,,0.0001,,,100,0.02662224288898163,0.02638639579144475,1.0,0.9893617021276596,,,,,,
q,beta_x_noise,7,0.0,20.0,,0.0001,,,500,0.048924603173158276,0.018167952401275667,1.0,0.9979757085020243,,,,,,
q,beta_x_noise,8,0.0,20.0,,1e-05,,,100,0.021021701865010956,0.021021701865010956,1.0,1.0,,,,,,
q,beta_x_noise,8,0.0,20.0,,1e-05,,,500,0.027512645932190827,0.023264163844924246,1.0,1.0,,,,,,
q,beta_x_noise,9,0.0,20.0,,1e-05,,,100,0.012375842150064154,0.012375842150064154,1.0,1.0,,,,,,
q,beta_x_noise,9,0.0,20.0,,1e-05,,,500,0.03313375312109024,0.03153734803040242,1.0,1.0,,,,,,
q,beta_x_noise,10,0.0,20.0,,1e-05,,,100,0.01767630964267919,0.017479710958401506,1.0,1.0,,,,,,
q,beta_x_noise,10,0.0,20.0,,1e-05,,,500,0.030726036793714107,0.029619325693353238,1.0,1.0,,,,,,
q,beta_x_noise,11,0.0,20.0,,1e-05,,,100,0.013901063445614481,0.013170813740375653,1.0,1.0,,,,,,
q,beta_x_noise,11,0.0,20.0,,1e-05,,,500,0.022762612265462723,0.02194975040079461,1.0,1.0,,,,,,
q,beta_x_noise,8,0.0,20.0,,0.0001,,,100,0.04705306614860505,0.04705306614860505,1.0,0.9891304347826086,,,,,,
q,beta_x_noise,8,0.0,20.0,,0.0001,,,500,0.05110826332136198,0.0404947750021063,1.0,0.9979674796747967,,,,,,
q,beta_x_noise,9,0.0,20.0,,0.0001,,,100,0.014956130752572905,0.013802737153676081,0.9982486865148862,0.978494623655914,,,,,,
q,beta_x_noise,9,0.0,20.0,,0.0001,,,500,0.05382839382346072,0.04817937199458622,0.9996634129922585,0.9959432048681541,,,,,,
q,beta_x_noise,10,0.0,20.0,,0.0001,,,100,0.0489795910197961,0.041370110957555606,1.0,1.0,,,,,,
q,beta_x_noise,10,0.0,20.0,,0.0001,,,500,0.07438049102164257,0.0555434469889855,1.0,1.0,,,,,,
q,beta_x_noise,11,0.0,20.0,,0.0001,,,100,0.03584877025214195,0.03458674688776342,1.0,1.0,,,,,,
q,beta_x_noise,11,0.0,20.0,,0.0001,,,500,0.04379609851444677,0.021645567633147067,1.0,1.0,,,,,,
q,beta_x_noise,12,0.0,20.0,,1e-05,,,100,0.016558230645998706,0.016558230645998706,1.0,1.0,,,,,,
q,beta_x_noise,12,0.0,20.0,,1e-05,,,500,0.025349135783842458,0.02385372265081953,1.0,1.0,,,,,,
q,beta_x_noise,13,0.0,20.0,,1e-05,,,100,0.013851754606696964,0.013615926347552154,1.0,1.0,,,,,,
q,beta_x_noise,13,0.0,20.0,,1e-05,,,500,0.017224185497536126,0.01000003027067331,1.0,1.0,,,,,,
q,beta_x_noise,14,0.0,20.0,,1e-05,,,100,0.017083697127561248,0.016729935055987966,1.0,1.0,,,,,,
q,beta_x_noise,14,0.0,20.0,,1e-05,,,500,0.028928020720732306,0.02734878885903891,1.0,1.0,,,,,,
q,beta_x_noise,15,0.0,20.0,,1e-05,,,100,0.014985385522966244,0.014582786016606453,1.0,1.0,,,,,,
q,beta_x_noise,15,0.0,20.0,,1e-05,,,500,0.02566253105008509,0.015788089092681368,1.0,0.997979797979798,,,,,,
q,beta_x_noise,12,0.0,20.0,,0.0001,,,100,0.028898372210296452,0.02828012707468286,1.0,1.0,,,,,,
q,beta_x_noise,12,0.0,20.0,,0.0001,,,500,0.044988371891564904,0.029795220783156218,1.0,1.0,,,,,,
q,beta_x_noise,13,0.0,20.0,,0.0001,,,100,0.02567470489775081,0.02005939617293684,1.0,1.0,,,,,,
q,beta_x_noise,13,0.0,20.0,,0.0001,,,500,0.033700794261982914,0.017600567067715955,1.0,1.0,,,,,,
q,beta_x_noise,14,0.0,20.0,,0.0001,,,100,0.03148172250502829,0.03148172250502829,1.0,1.0,,,,,,
q,beta_x_noise,14,0.0,20.0,,0.0001,,,500,0.03902994476848942,0.028132367114682033,0.9986513823331086,1.0,,,,,,
q,beta_x_noise,15,0.0,20.0,,0.0001,,,100,0.02852343517270961,0.025235646231452025,1.0,0.9894736842105263,,,,,,
q,beta_x_noise,15,0.0,20.0,,0.0001,,,500,0.053760928854371004,0.029253062404153596,1.0,0.9959595959595959,,,,,,
q,beta_x_noise,16,0.0,20.0,,0.0001,,,100,0.049779508715507514,0.049779508715507514,1.0,0.9893617021276596,,,,,,
q,beta_x_noise,16,0.0,20.0,,0.0001,,,500,0.062070116146958565,0.03482709741555956,1.0,0.9979757085020243,,,,,,
q,beta_x_noise,17,0.0,20.0,,0.0001,,,100,0.019441360539747682,0.018713403914883603,1.0,1.0,,,,,,
q,beta_x_noise,17,0.0,20.0,,0.0001,,,500,0.04155936780436531,0.03922261803437377,1.0,1.0,,,,,,
q,beta_x_noise,18,0.0,20.0,,0.0001,,,100,0.027380144053639532,0.027380144053639532,1.0,0.978494623655914,,,,,,
q,beta_x_noise,18,0.0,20.0,,0.0001,,,500,0.05117715911642895,0.04991276253552579,1.0,0.9959432048681541,,,,,,
q,beta_x_noise,19,0.0,20.0,,0.0001,,,100,0.030064442401580682,0.010861284568277507,1.0,1.0,,,,,,
q,beta_x_noise,19,0.0,20.0,,0.0001,,,500,0.05301590433882275,0.03422901574697246,1.0,1.0,,,,,,
q,beta_x_noise,8,0.0,20.0,,0.001,,,100,0.1897679294213349,0.18646360064663514,0.9328621908127208,0.8152173913043478,,,,,,
q,beta_x_noise,8,0.0,20.0,,0.001,,,500,0.26369854644266355,0.19609243014140665,0.9871881321645314,0.9451219512195121,,,,,,
q,beta_x_noise,9,0.0,20.0,,0.001,,,100,0.12666700474340697,0.10343913125137111,0.9404553415061296,0.7204301075268817,,,,,,
q,beta_x_noise,9,0.0,20.0,,0.001,,,500,0.397660447319789,0.3824970373588247,0.988556041736789,0.9269776876267748,,,,,,
q,beta_x_noise,10,0.0,20.0,,0.001,,,100,0.21888215547431178,0.21674111086965697,0.9982486865148862,0.7553191489361702,,,,,,
q,beta_x_noise,10,0.0,20.0,,0.001,,,500,0.4185972560806581,0.24477809682967178,0.9996634129922585,0.9433198380566802,,,,,,
q,beta_x_noise,11,0.0,20.0,,0.001,,,100,0.2204682992467948,0.14899731190831955,0.9454545454545454,0.7741935483870968,,,,,,
q,beta_x_noise,11,0.0,20.0,,0.001,,,500,0.2665278471708825,0.18118622675083207,0.9898305084745763,0.9574036511156186,,,,,,
q,beta_x_noise,16,0.0,20.0,,0.001,,,100,0.3434017188198695,0.3434017188198695,0.9856887298747764,0.851063829787234,,,,,,
q,beta_x_noise,16,0.0,20.0,,0.001,,,500,0.4253200885667501,0.18371308856867552,0.9972963839134843,0.97165991902834,,,,,,
q,beta_x_noise,17,0.0,20.0,,0.001,,,100,0.12606235109648423,0.12250953526303687,0.9921259842519685,0.9148936170212766,,,,,,
q,beta_x_noise,17,0.0,20.0,,0.001,,,500,0.2673236671660355,0.2673236671660355,0.9986244841815681,0.9838056680161943,,,,,,
q,beta_x_noise,18,0.0,20.0,,0.001,,,100,0.2424777582439002,0.2424777582439002,0.9451327433628318,0.7419354838709677,,,,,,
q,beta_x_noise,18,0.0,20.0,,0.001,,,500,0.31600415232399937,0.3001090657130554,0.9895446880269815,0.947261663286004,,,,,,
q,beta_x_noise,19,0.0,20.0,,0.001,,,100,0.15532907629744105,0.10202307196070654,0.9964850615114236,0.8478260869565217,,,,,,
q,beta_x_noise,19,0.0,20.0,,0.001,,,500,0.2652165046439401,0.21259501381248352,0.9993263725159987,0.9715447154471545,,,,,,
q,beta_x_noise,0,0.0,20.0,,0.001,,,100,0.2686082666284597,0.2587921579583725,1.0,0.8936170212765957,,,,,,
q,beta_x_noise,0,0.0,20.0,,0.001,,,500,0.3262437946241299,0.20137198340370643,1.0,0.9696356275303644,,,,,,
q,beta_x_noise,1,0.0,20.0,,0.001,,,100,0.17160478325488082,0.17160478325488082,0.9616087751371115,0.8387096774193549,,,,,,
q,beta_x_noise,1,0.0,20.0,,0.001,,,500,0.24370700458286887,0.2376149385771451,0.9928741092636579,0.9695740365111561,,,,,,
q,beta_x_noise,2,0.0,20.0,,0.001,,,100,0.2042628153032952,0.13372124450547018,0.9636678200692042,0.8,,,,,,
q,beta_x_noise,2,0.0,20.0,,0.001,,,500,0.21584483913684327,0.20355665023693748,0.9929482874412358,0.9616161616161616,,,,,,
q,beta_x_noise,3,0.0,20.0,,0.001,,,100,0.1957470510354412,0.16606928599129467,0.9718804920913884,0.7526881720430108,,,,,,
q,beta_x_noise,3,0.0,20.0,,0.001,,,500,0.1957470510354412,0.11698854896532318,0.9946109801279892,0.9513184584178499,,,,,,
q,beta_x_noise,4,0.0,20.0,,0.001,,,100,0.1900123442518702,0.1827874741401566,0.9981515711645101,0.8842105263157894,,,,,,
q,beta_x_noise,4,0.0,20.0,,0.001,,,500,0.24295033654731069,0.1536019882145816,0.999659979598776,0.9777777777777777,,,,,,
q,beta_x_noise,5,0.0,20.0,,0.001,,,100,0.3009336319560777,0.27166562972716624,0.9405594405594405,0.7553191489361702,,,,,,
q,beta_x_noise,5,0.0,20.0,,0.001,,,500,0.32757770227026206,0.2272902309411281,0.9885598923283984,0.9493927125506073,,,,,,
q,beta_x_noise,6,0.0,20.0,,0.001,,,100,0.23099683385803937,0.17096691652733786,0.9533213644524237,0.8494623655913979,,,,,,
q,beta_x_noise,6,0.0,20.0,,0.001,,,500,0.3037154702106373,0.3037154702106373,0.9912073047007102,0.9716024340770791,,,,,,
q,beta_x_noise,7,0.0,20.0,,0.001,,,100,0.17957327084770303,0.1150170265077155,0.9894736842105263,0.7127659574468085,,,,,,
q,beta_x_noise,7,0.0,20.0,,0.001,,,500,0.28811412888606913,0.21051083703021178,0.997979797979798,0.9453441295546559,,,,,,
q,beta_x_noise,12,0.0,20.0,,0.001,,,100,0.22365262320351997,0.2113221450490771,0.9806338028169014,0.8315789473684211,,,,,,
q,beta_x_noise,12,0.0,20.0,,0.001,,,500,0.24672040384799954,0.17684635666718884,0.9962938005390836,0.9676767676767677,,,,,,
q,beta_x_noise,13,0.0,20.0,,0.001,,,100,0.18111002333097537,0.11337259664993904,0.875,0.8404255319148937,,,,,,
q,beta_x_noise,13,0.0,20.0,,0.001,,,500,0.2644280440633162,0.17037443118424256,0.970945945945946,0.9635627530364372,,,,,,
q,beta_x_noise,14,0.0,20.0,,0.001,,,100,0.17699425361250237,0.17699425361250237,1.0,0.6421052631578947,,,,,,
q,beta_x_noise,14,0.0,20.0,,0.001,,,500,0.25059228732820715,0.22169398819994757,0.9986513823331086,0.8828282828282829,,,,,,
q,beta_x_noise,15,0.0,20.0,,0.001,,,100,0.15255029883420287,0.11270353444683878,0.9653979238754326,0.6631578947368421,,,,,,
q,beta_x_noise,15,0.0,20.0,,0.001,,,500,0.29479879824648847,0.17504618837891428,0.9879113498992612,0.8848484848484849,,,,,,
q,beta_x_noise,0,0.0,20.0,,0.01,,,100,0.4656963211638619,0.4428544830059682,0.8195876288659794,0.46808510638297873,,,,,,
q,beta_x_noise,0,0.0,20.0,,0.01,,,500,1.5868388110926661,1.5598561715546535,0.8561368209255533,0.4777327935222672,,,,,,
q,beta_x_noise,1,0.0,20.0,,0.01,,,100,0.6132600500369585,0.6132600500369585,0.8610603290676416,0.45161290322580644,,,,,,
q,beta_x_noise,1,0.0,20.0,,0.01,,,500,1.85115563140251,1.725538004066991,0.9701391245334238,0.5233265720081136,,,,,,
q,beta_x_noise,2,0.0,20.0,,0.01,,,100,0.3920303355342334,0.3920303355342334,0.9377162629757786,0.4,,,,,,
q,beta_x_noise,2,0.0,20.0,,0.01,,,500,1.736745829980068,1.6881538153998417,0.9308260577568838,0.45454545454545453,,,,,,
q,beta_x_noise,3,0.0,20.0,,0.01,,,100,0.4572407436979887,0.4572407436979887,0.8699472759226714,0.3870967741935484,,,,,,
q,beta_x_noise,3,0.0,20.0,,0.01,,,500,1.366964356134345,1.3514643174844032,0.8962613674637925,0.4381338742393509,,,,,,
q,beta_x_noise,4,0.0,20.0,,0.01,,,100,0.4345555133299002,0.4039831585057276,0.9426987060998152,0.45263157894736844,,,,,,
q,beta_x_noise,4,0.0,20.0,,0.01,,,500,1.5842470929980035,1.4887477332318269,0.9649778986739205,0.5171717171717172,,,,,,
q,beta_x_noise,5,0.0,20.0,,0.01,,,100,0.6221145646171351,0.5836913350568428,0.6416083916083916,0.3404255319148936,,,,,,
q,beta_x_noise,5,0.0,20.0,,0.01,,,500,2.177821775439673,1.9963568898135309,0.9172274562584118,0.46963562753036436,,,,,,
q,beta_x_noise,6,0.0,20.0,,0.01,,,100,0.4934064041800895,0.4831201495360062,0.6624775583482945,0.3010752688172043,,,,,,
q,beta_x_noise,6,0.0,20.0,,0.01,,,500,2.056562111834667,1.9491608735910326,0.8965167399391275,0.4665314401622718,,,,,,
q,beta_x_noise,7,0.0,20.0,,0.01,,,100,0.35646077374621277,0.2099170880792781,0.8859649122807017,0.40425531914893614,,,,,,
q,beta_x_noise,7,0.0,20.0,,0.01,,,500,1.9667211319567404,1.7218630835097462,0.865993265993266,0.46963562753036436,,,,,,
q,beta_x_noise,8,0.0,20.0,,0.01,,,100,0.31746398357968497,0.31746398357968497,0.7826855123674912,0.32608695652173914,,,,,,
q,beta_x_noise,8,0.0,20.0,,0.01,,,500,1.4128767085847418,1.4128767085847418,0.8658125421443021,0.39227642276422764,,,,,,
q,beta_x_noise,9,0.0,20.0,,0.01,,,100,0.3833287138527057,0.3795357612888782,0.8774080560420315,0.43010752688172044,,,,,,
q,beta_x_noise,9,0.0,20.0,,0.01,,,500,1.48407083963343,1.4233986973364305,0.9138337260181757,0.4340770791075051,,,,,,
q,beta_x_noise,10,0.0,20.0,,0.01,,,100,0.36830026441603325,0.3241852302882185,0.9229422066549913,0.43617021276595747,,,,,,
q,beta_x_noise,10,0.0,20.0,,0.01,,,500,1.6506191697566441,1.3490904674587225,0.9660047122181084,0.4959514170040486,,,,,,
q,beta_x_noise,11,0.0,20.0,,0.01,,,100,0.5951806855995927,0.5487963329883654,0.7090909090909091,0.3870967741935484,,,,,,
q,beta_x_noise,11,0.0,20.0,,0.01,,,500,1.6939991502158789,1.6601217707208826,0.8661016949152542,0.4482758620689655,,,,,,
q,beta_x_noise,12,0.0,20.0,,0.01,,,100,0.6007884167861537,0.6007884167861537,0.8204225352112676,0.3684210526315789,,,,,,
q,beta_x_noise,12,0.0,20.0,,0.01,,,500,1.6583681500690517,1.6583681500690517,0.9393530997304582,0.4161616161616162,,,,,,
q,beta_x_noise,13,0.0,20.0,,0.01,,,100,0.5511165429904462,0.5290165818004555,0.7696428571428572,0.40425531914893614,,,,,,
q,beta_x_noise,13,0.0,20.0,,0.01,,,500,1.9256622235774135,1.8525722628231434,0.9192567567567568,0.5080971659919028,,,,,,
q,beta_x_noise,14,0.0,20.0,,0.01,,,100,0.2845247754228147,0.27403534669697155,0.6183745583038869,0.3157894736842105,,,,,,
q,beta_x_noise,14,0.0,20.0,,0.01,,,500,1.5279236018952749,1.350683154666297,0.7650033715441672,0.40404040404040403,,,,,,
q,beta_x_noise,15,0.0,20.0,,0.01,,,100,0.38857732637431086,0.23259794783313842,0.8529411764705882,0.3894736842105263,,,,,,
q,beta_x_noise,15,0.0,20.0,,0.01,,,500,1.1972696272702106,1.1722328023832143,0.8213566151779718,0.4,,,,,,
q,beta_x_noise,16,0.0,20.0,,0.01,,,100,0.7841732485528916,0.7841732485528916,0.855098389982111,0.3829787234042553,,,,,,
q,beta_x_noise,16,0.0,20.0,,0.01,,,500,2.1741523625646044,2.1335815697931366,0.9648529908752957,0.4716599190283401,,,,,,
q,beta_x_noise,17,0.0,20.0,,0.01,,,100,0.6208403619055061,0.6146650195673196,0.9389763779527559,0.4148936170212766,,,,,,
q,beta_x_noise,17,0.0,20.0,,0.01,,,500,2.074245555131724,2.0438380810108234,0.921251719394773,0.46356275303643724,,,,,,
q,beta_x_noise,18,0.0,20.0,,0.01,,,100,0.8452035500176673,0.5726131545104319,0.7132743362831858,0.43010752688172044,,,,,,
q,beta_x_noise,18,0.0,20.0,,0.01,,,500,2.1049714842468923,2.0501117740302828,0.8927487352445194,0.39553752535496955,,,,,,
q,beta_x_noise,19,0.0,20.0,,0.01,,,100,0.43787761412248594,0.3246577446811218,0.8998242530755711,0.45652173913043476,,,,,,
q,beta_x_noise,19,0.0,20.0,,0.01,,,500,1.5004469373342368,1.3316028317811894,0.9757494105759515,0.5487804878048781,,,,,,
q,beta_x_noise,0,0.0,20.0,,0.03,,,100,0.9021051996037098,0.729822889868167,0.5326460481099656,0.40425531914893614,,,,,,
q,beta_x_noise,0,0.0,20.0,,0.03,,,500,2.059072553162666,1.941355844570829,0.5110663983903421,0.3765182186234818,,,,,,
q,beta_x_noise,1,0.0,20.0,,0.03,,,100,0.9577655583455785,0.9577655583455785,0.7550274223034735,0.40860215053763443,,,,,,
q,beta_x_noise,1,0.0,20.0,,0.03,,,500,2.4539052832986936,2.3081847321955893,0.8055649813369529,0.3935091277890467,,,,,,
q,beta_x_noise,2,0.0,20.0,,0.03,,,100,0.6057298382160348,0.5251545613523485,0.7923875432525952,0.37894736842105264,,,,,,
q,beta_x_noise,2,0.0,20.0,,0.03,,,500,2.2181057177120906,2.0973336638701716,0.7730020147750168,0.34949494949494947,,,,,,
q,beta_x_noise,3,0.0,20.0,,0.03,,,100,0.9573678876063721,0.9573678876063721,0.6572934973637962,0.3225806451612903,,,,,,
q,beta_x_noise,3,0.0,20.0,,0.03,,,500,2.153998313449868,2.100320310636508,0.6571236106433143,0.3488843813387424,,,,,,
q,beta_x_noise,8,0.0,20.0,,0.03,,,100,0.7046507040680938,0.5732047088418486,0.6289752650176679,0.30434782608695654,,,,,,
q,beta_x_noise,8,0.0,20.0,,0.03,,,500,1.8999489962227731,1.7230648840829963,0.6729602157788267,0.3556910569105691,,,,,,
q,beta_x_noise,9,0.0,20.0,,0.03,,,100,1.2252336567789943,1.213947531800063,0.7530647985989493,0.3548387096774194,,,,,,
q,beta_x_noise,9,0.0,20.0,,0.03,,,500,2.181074888467574,1.8128736989452405,0.6772130595759004,0.36511156186612576,,,,,,
q,beta_x_noise,10,0.0,20.0,,0.03,,,100,0.8440699315881666,0.6211315123199457,0.6830122591943958,0.39361702127659576,,,,,,
q,beta_x_noise,10,0.0,20.0,,0.03,,,500,2.037849718992672,1.7430750383079965,0.7785257489060923,0.39878542510121456,,,,,,
q,beta_x_noise,11,0.0,20.0,,0.03,,,100,0.7300925932438302,0.7201201516839532,0.4909090909090909,0.3763440860215054,,,,,,
q,beta_x_noise,11,0.0,20.0,,0.03,,,500,2.536461549687348,2.4349701406933404,0.6027118644067797,0.3711967545638945,,,,,,
q,beta_x_noise,4,0.0,20.0,,0.03,,,100,0.8643883009686835,0.7735961543996457,0.7744916820702403,0.4,,,,,,
q,beta_x_noise,4,0.0,20.0,,0.03,,,500,2.757717999638122,1.9448085681363554,0.8626317579054743,0.402020202020202,,,,,,
q,beta_x_noise,5,0.0,20.0,,0.03,,,100,0.8638228089906057,0.6537036637749585,0.5524475524475524,0.30851063829787234,,,,,,
q,beta_x_noise,5,0.0,20.0,,0.03,,,500,3.0091960925084904,2.8508868514508063,0.6998654104979811,0.3623481781376518,,,,,,
q,beta_x_noise,6,0.0,20.0,,0.03,,,100,1.1360892998267584,0.7799198982711387,0.5727109515260324,0.25806451612903225,,,,,,
q,beta_x_noise,6,0.0,20.0,,0.03,,,500,2.997867903986658,2.34407001328928,0.6986810957051065,0.3448275862068966,,,,,,
q,beta_x_noise,7,0.0,20.0,,0.03,,,100,1.096364469722542,0.5446973537256041,0.6877192982456141,0.3617021276595745,,,,,,
q,beta_x_noise,7,0.0,20.0,,0.03,,,500,2.5396739481989425,2.4839055644586856,0.664983164983165,0.3765182186234818,,,,,,
q,beta_x_noise,12,0.0,20.0,,0.03,,,100,0.8783842889831304,0.8449156234873249,0.6742957746478874,0.3157894736842105,,,,,,
q,beta_x_noise,12,0.0,20.0,,0.03,,,500,2.1435165298216012,2.0322678834268655,0.5842318059299192,0.32727272727272727,,,,,,
q,beta_x_noise,13,0.0,20.0,,0.03,,,100,0.9582142811199973,0.891993156950443,0.6089285714285714,0.35106382978723405,,,,,,
q,beta_x_noise,13,0.0,20.0,,0.03,,,500,3.034156314332133,2.515993815713085,0.6827702702702703,0.38461538461538464,,,,,,
q,beta_x_noise,14,0.0,20.0,,0.03,,,100,0.6584364712621473,0.49446399829853105,0.38869257950530034,0.30526315789473685,,,,,,
q,beta_x_noise,14,0.0,20.0,,0.03,,,500,2.089883809152666,1.602502265922344,0.5236008091706001,0.34949494949494947,,,,,,
q,beta_x_noise,15,0.0,20.0,,0.03,,,100,0.894722672565132,0.43358752923068744,0.7041522491349481,0.37894736842105264,,,,,,
q,beta_x_noise,15,0.0,20.0,,0.03,,,500,2.0712999684641242,2.0098312426298035,0.6793149764942915,0.34545454545454546,,,,,,
q,beta_x_noise,4,0.0,20.0,,0.1,,,100,2.6337923393591915,2.3320850499016634,0.47689463955637706,0.4,,,,,,
q,beta_x_noise,4,0.0,20.0,,0.1,,,500,5.056581284361054,3.6198459417798494,0.5929955797347841,0.3797979797979798,,,,,,
q,beta_x_noise,5,0.0,20.0,,0.1,,,100,2.792945956901155,2.3169828990851027,0.3583916083916084,0.3191489361702128,,,,,,
q,beta_x_noise,5,0.0,20.0,,0.1,,,500,5.373485459856704,4.427290971403739,0.45423956931359355,0.33805668016194335,,,,,,
q,beta_x_noise,6,0.0,20.0,,0.1,,,100,3.7516999448047765,2.535138876640206,0.4793536804308797,0.24731182795698925,,,,,,
q,beta_x_noise,6,0.0,20.0,,0.1,,,500,6.240237847590986,4.173816471179324,0.4535001690902942,0.33468559837728196,,,,,,
q,beta_x_noise,7,0.0,20.0,,0.1,,,100,3.703146480930702,1.8183163415698624,0.48771929824561405,0.35106382978723405,,,,,,
q,beta_x_noise,7,0.0,20.0,,0.1,,,500,4.861074927376574,4.861074927376574,0.43265993265993263,0.3562753036437247,,,,,,
q,beta_x_noise,16,0.0,20.0,,0.03,,,100,1.2836850009595022,1.2836850009595022,0.5241502683363148,0.30851063829787234,,,,,,
q,beta_x_noise,16,0.0,20.0,,0.03,,,500,2.6954594857666896,2.3192063708611785,0.7637715444406894,0.3360323886639676,,,,,,
q,beta_x_noise,17,0.0,20.0,,0.03,,,100,0.8958451528571011,0.734005289848322,0.8248031496062992,0.39361702127659576,,,,,,
q,beta_x_noise,17,0.0,20.0,,0.03,,,500,2.7523284029655977,2.7118847237527097,0.6533700137551581,0.3967611336032389,,,,,,
q,beta_x_noise,18,0.0,20.0,,0.03,,,100,1.2485718460919046,0.9224434767515715,0.45309734513274336,0.41935483870967744,,,,,,
q,beta_x_noise,18,0.0,20.0,,0.03,,,500,2.667118204702203,2.3182121094361525,0.4084317032040472,0.32454361054766734,,,,,,
q,beta_x_noise,19,0.0,20.0,,0.03,,,100,0.6374045102164871,0.5389646918167941,0.7240773286467487,0.40217391304347827,,,,,,
q,beta_x_noise,19,0.0,20.0,,0.03,,,500,2.0741276842157834,1.6923896726405074,0.808016167059616,0.4166666666666667,,,,,,
q,beta_x_noise,0,0.0,20.0,,0.1,,,100,3.1177018397330998,2.6273867848695054,0.32646048109965636,0.3829787234042553,,,,,,
q,beta_x_noise,0,0.0,20.0,,0.1,,,500,6.154919633496435,5.140796306590634,0.323943661971831,0.340080971659919,,,,,,
q,beta_x_noise,1,0.0,20.0,,0.1,,,100,2.246544989881366,2.1629467758187464,0.4826325411334552,0.3978494623655914,,,,,,
q,beta_x_noise,1,0.0,20.0,,0.1,,,500,4.655802876267593,3.8633404289269233,0.496776382762131,0.3711967545638945,,,,,,
q,beta_x_noise,2,0.0,20.0,,0.1,,,100,2.4372052363531544,2.4014574326809153,0.6038062283737025,0.3473684210526316,,,,,,
q,beta_x_noise,2,0.0,20.0,,0.1,,,500,5.614119795918555,5.02048263681475,0.5476830087306918,0.32323232323232326,,,,,,
q,beta_x_noise,3,0.0,20.0,,0.1,,,100,2.7076344544769526,2.7076344544769526,0.38312829525483305,0.3118279569892473,,,,,,
q,beta_x_noise,3,0.0,20.0,,0.1,,,500,3.991443676135407,3.6188937515916733,0.4250589424048501,0.3204868154158215,,,,,,
q,beta_x_noise,8,0.0,20.0,,0.1,,,100,2.1430183923247603,1.4264719456995667,0.46996466431095407,0.30434782608695654,,,,,,
q,beta_x_noise,8,0.0,20.0,,0.1,,,500,4.68028121320511,4.254103003373912,0.45583277140930545,0.3394308943089431,,,,,,
q,beta_x_noise,9,0.0,20.0,,0.1,,,100,3.7897354531541954,3.7521975245285915,0.5901926444833625,0.34408602150537637,,,,,,
q,beta_x_noise,9,0.0,20.0,,0.1,,,500,6.147519027726439,4.78252833049705,0.4516997643890946,0.33874239350912777,,,,,,
q,beta_x_noise,10,0.0,20.0,,0.1,,,100,2.69319577527923,1.8989791482996248,0.5148861646234676,0.3829787234042553,,,,,,
q,beta_x_noise,10,0.0,20.0,,0.1,,,500,4.112976318472221,2.8696634634224036,0.5785930663076405,0.36639676113360325,,,,,,
q,beta_x_noise,11,0.0,20.0,,0.1,,,100,2.3095638606686753,2.150792777255259,0.4,0.3655913978494624,,,,,,
q,beta_x_noise,11,0.0,20.0,,0.1,,,500,4.7301185525536695,3.5290052583727327,0.39152542372881355,0.3407707910750507,,,,,,
q,beta_x_noise,12,0.0,20.0,,0.1,,,100,2.5857655254267793,2.506155551649706,0.4242957746478873,0.30526315789473685,,,,,,
q,beta_x_noise,12,0.0,20.0,,0.1,,,500,3.5121289438242855,2.889760917892528,0.37365229110512127,0.3151515151515151,,,,,,
q,beta_x_noise,13,0.0,20.0,,0.1,,,100,2.6111184589491834,1.9646275922903231,0.4589285714285714,0.32978723404255317,,,,,,
q,beta_x_noise,13,0.0,20.0,,0.1,,,500,6.10698347543355,3.2612249504902016,0.39797297297297296,0.3481781376518219,,,,,,
q,beta_x_noise,14,0.0,20.0,,0.1,,,100,2.046874770011338,1.510031661102131,0.254416961130742,0.28421052631578947,,,,,,
q,beta_x_noise,14,0.0,20.0,,0.1,,,500,5.01735289155478,4.69542157864004,0.3523263654753877,0.32323232323232326,,,,,,
q,beta_x_noise,15,0.0,20.0,,0.1,,,100,3.0059200942516138,1.3137021505326583,0.615916955017301,0.3263157894736842,,,,,,
q,beta_x_noise,15,0.0,20.0,,0.1,,,500,4.345580166708571,3.4519282195907697,0.44492948287441236,0.31717171717171716,,,,,,
q,beta_x_noise,0,0.0,20.0,,0.3,,,100,12.251724353708248,10.305628089977409,0.2766323024054983,0.40425531914893614,,,,,,
q,beta_x_noise,0,0.0,20.0,,0.3,,,500,25.424597670478217,22.806617655505853,0.2545271629778672,0.3582995951417004,,,,,,
q,beta_x_noise,1,0.0,20.0,,0.3,,,100,6.9104979789817795,6.442735550483822,0.4296160877513711,0.3118279569892473,,,,,,
q,beta_x_noise,1,0.0,20.0,,0.3,,,500,13.743593285730277,11.66871907336706,0.4000678656260604,0.33874239350912777,,,,,,
q,beta_x_noise,2,0.0,20.0,,0.3,,,100,7.867873729082537,7.799094048980607,0.4930795847750865,0.35789473684210527,,,,,,
q,beta_x_noise,2,0.0,20.0,,0.3,,,500,27.943781180986264,26.931818533069823,0.5218267293485561,0.3414141414141414,,,,,,
q,beta_x_noise,3,0.0,20.0,,0.3,,,100,7.494978079548928,7.494978079548928,0.3304042179261863,0.22580645161290322,,,,,,
q,beta_x_noise,3,0.0,20.0,,0.3,,,500,14.443640038677382,9.890368366325074,0.38901987201077803,0.332657200811359,,,,,,
q,beta_x_noise,16,0.0,20.0,,0.1,,,100,4.239179669993731,4.239179669993731,0.3148479427549195,0.2872340425531915,,,,,,
q,beta_x_noise,16,0.0,20.0,,0.1,,,500,5.544430378680517,2.8229291066273534,0.3534978033119297,0.29959514170040485,,,,,,
q,beta_x_noise,17,0.0,20.0,,0.1,,,100,2.984003261876996,2.4418781935562164,0.5846456692913385,0.3723404255319149,,,,,,
q,beta_x_noise,17,0.0,20.0,,0.1,,,500,7.415922047344003,7.415922047344003,0.4339752407152682,0.3522267206477733,,,,,,
q,beta_x_noise,18,0.0,20.0,,0.1,,,100,3.971296469712056,3.0135925441933513,0.3398230088495575,0.3978494623655914,,,,,,
q,beta_x_noise,18,0.0,20.0,,0.1,,,500,5.153983798553694,5.1093830120488155,0.26475548060708265,0.30425963488843816,,,,,,
q,beta_x_noise,19,0.0,20.0,,0.1,,,100,2.013968966295908,1.5497696705863193,0.4305799648506151,0.40217391304347827,,,,,,
q,beta_x_noise,19,0.0,20.0,,0.1,,,500,4.810938943925456,2.5826064571844,0.4954530144829909,0.3902439024390244,,,,,,
q,beta_x_noise,0,0.0,50.0,,0.0,,,100,4.060933256333499e-09,4.060933256333499e-09,1.0,1.0,,,,,,
q,beta_x_noise,0,0.0,50.0,,0.0,,,500,6.951560216350572e-09,5.728563401419251e-09,1.0,1.0,,,,,,
q,beta_x_noise,1,0.0,50.0,,0.0,,,100,3.582399488166743e-09,3.553584093651807e-09,1.0,1.0,,,,,,
q,beta_x_noise,1,0.0,50.0,,0.0,,,500,7.348054609224164e-09,7.162106907543375e-09,1.0,1.0,,,,,,
q,beta_x_noise,2,0.0,50.0,,0.0,,,100,3.9222080028267214e-09,3.9222080028267214e-09,1.0,1.0,,,,,,
q,beta_x_noise,2,0.0,50.0,,0.0,,,500,7.426481651862105e-09,6.989155032499639e-09,1.0,1.0,,,,,,
q,beta_x_noise,3,0.0,50.0,,0.0,,,100,4.5095153167196145e-09,4.5095153167196145e-09,1.0,1.0,,,,,,
q,beta_x_noise,3,0.0,50.0,,0.0,,,500,9.848782678290036e-09,8.879053936539094e-09,1.0,1.0,,,,,,
q,beta_x_noise,4,0.0,20.0,,0.3,,,100,7.025128735817627,7.025128735817627,0.4676524953789279,0.3157894736842105,,,,,,
q,beta_x_noise,4,0.0,20.0,,0.3,,,500,21.894677287602747,16.966078374655623,0.522951377082625,0.35555555555555557,,,,,,
q,beta_x_noise,5,0.0,20.0,,0.3,,,100,12.208542652338895,8.7180246622651,0.3409090909090909,0.32978723404255317,,,,,,
q,beta_x_noise,5,0.0,20.0,,0.3,,,500,15.445777941390524,11.308566737758113,0.36507402422611035,0.3441295546558704,,,,,,
q,beta_x_noise,6,0.0,20.0,,0.3,,,100,12.647970354643782,7.082581930238112,0.4631956912028725,0.3333333333333333,,,,,,
q,beta_x_noise,6,0.0,20.0,,0.3,,,500,20.40040381328911,18.1692330650697,0.43422387554954345,0.3772819472616633,,,,,,
q,beta_x_noise,7,0.0,20.0,,0.3,,,100,10.153392776669582,5.7122485434374575,0.3912280701754386,0.35106382978723405,,,,,,
q,beta_x_noise,7,0.0,20.0,,0.3,,,500,15.632705681301696,15.600284343126463,0.4845117845117845,0.35020242914979755,,,,,,
q,beta_x_noise,4,0.0,50.0,,0.0,,,100,4.192118874257744e-09,3.678338411639004e-09,1.0,1.0,,,,,,
q,beta_x_noise,4,0.0,50.0,,0.0,,,500,5.890675947028967e-09,5.3852324821690445e-09,1.0,1.0,,,,,,
q,beta_x_noise,5,0.0,50.0,,0.0,,,100,3.991383668022763e-09,3.991383668022763e-09,1.0,1.0,,,,,,
q,beta_x_noise,5,0.0,50.0,,0.0,,,500,7.391794953903741e-09,7.391794953903741e-09,1.0,1.0,,,,,,
q,beta_x_noise,6,0.0,50.0,,0.0,,,100,3.8237786270656215e-09,3.6929403979257813e-09,1.0,1.0,,,,,,
q,beta_x_noise,6,0.0,50.0,,0.0,,,500,1.0033745168058772e-08,1.0033745168058772e-08,1.0,1.0,,,,,,
q,beta_x_noise,7,0.0,50.0,,0.0,,,100,4.121680108326586e-09,4.0858860739234615e-09,1.0,1.0,,,,,,
q,beta_x_noise,7,0.0,50.0,,0.0,,,500,7.009790081724532e-09,6.0809044466481055e-09,1.0,1.0,,,,,,
q,beta_x_noise,8,0.0,50.0,,0.0,,,100,5.204388253687853e-09,5.065021291272842e-09,1.0,1.0,,,,,,
q,beta_x_noise,8,0.0,50.0,,0.0,,,500,8.559178032996329e-09,7.016661918157752e-09,1.0,1.0,,,,,,
q,beta_x_noise,9,0.0,50.0,,0.0,,,100,3.857366204229606e-09,3.857366204229606e-09,1.0,1.0,,,,,,
q,beta_x_noise,9,0.0,50.0,,0.0,,,500,9.956324209525746e-09,9.667976641480891e-09,1.0,1.0,,,,,,
q,beta_x_noise,10,0.0,50.0,,0.0,,,100,4.519197016605858e-09,4.519197016605858e-09,1.0,1.0,,,,,,
q,beta_x_noise,10,0.0,50.0,,0.0,,,500,8.144614538352357e-09,8.021240782696282e-09,1.0,1.0,,,,,,
q,beta_x_noise,11,0.0,50.0,,0.0,,,100,3.761840616789414e-09,3.53069551373153e-09,1.0,1.0,,,,,,
q,beta_x_noise,11,0.0,50.0,,0.0,,,500,6.935317209411096e-09,6.745902947358218e-09,1.0,1.0,,,,,,
q,beta_x_noise,12,0.0,50.0,,0.0,,,100,4.657112473438474e-09,4.657112473438474e-09,1.0,1.0,,,,,,
q,beta_x_noise,12,0.0,50.0,,0.0,,,500,7.439919347262958e-09,6.833380528092903e-09,1.0,1.0,,,,,,
q,beta_x_noise,13,0.0,50.0,,0.0,,,100,4.6322816693589175e-09,4.549292720312792e-09,1.0,1.0,,,,,,
q,beta_x_noise,13,0.0,50.0,,0.0,,,500,4.92625074066666e-09,3.2771723113000917e-09,1.0,1.0,,,,,,
q,beta_x_noise,14,0.0,50.0,,0.0,,,100,5.095108945862847e-09,5.0218408320645835e-09,1.0,1.0,,,,,,
q,beta_x_noise,14,0.0,50.0,,0.0,,,500,8.60959925574889e-09,8.132233997315552e-09,1.0,1.0,,,,,,
q,beta_x_noise,15,0.0,50.0,,0.0,,,100,4.5206279830622975e-09,4.5206279830622975e-09,1.0,1.0,,,,,,
q,beta_x_noise,15,0.0,50.0,,0.0,,,500,7.266085066959249e-09,4.660501540243445e-09,1.0,1.0,,,,,,
q,beta_x_noise,16,0.0,50.0,,0.0,,,100,4.64093763419271e-09,4.564431721476581e-09,1.0,1.0,,,,,,
q,beta_x_noise,16,0.0,50.0,,0.0,,,500,7.144774993861347e-09,5.450514706240028e-09,1.0,1.0,,,,,,
q,beta_x_noise,17,0.0,50.0,,0.0,,,100,4.399640429753049e-09,4.349555160487739e-09,1.0,1.0,,,,,,
q,beta_x_noise,17,0.0,50.0,,0.0,,,500,1.1231034102721082e-08,1.1231034102721082e-08,1.0,1.0,,,,,,
q,beta_x_noise,18,0.0,50.0,,0.0,,,100,3.5834480938135016e-09,3.5751576143994157e-09,1.0,1.0,,,,,,
q,beta_x_noise,18,0.0,50.0,,0.0,,,500,9.149912383321634e-09,8.441491949895408e-09,1.0,1.0,,,,,,
q,beta_x_noise,19,0.0,50.0,,0.0,,,100,4.145236043306966e-09,3.71976405233454e-09,1.0,1.0,,,,,,
q,beta_x_noise,19,0.0,50.0,,0.0,,,500,8.706312448758524e-09,8.706312448758524e-09,1.0,1.0,,,,,,
q,beta_x_noise,12,0.0,20.0,,0.3,,,100,7.928456837265155,7.689626420995409,0.3714788732394366,0.2631578947368421,,,,,,
q,beta_x_noise,12,0.0,20.0,,0.3,,,500,14.460686872810761,8.58298615860281,0.2688679245283019,0.3292929292929293,,,,,,
q,beta_x_noise,13,0.0,20.0,,0.3,,,100,8.66109638427548,7.03097170088459,0.5,0.40425531914893614,,,,,,
q,beta_x_noise,13,0.0,20.0,,0.3,,,500,13.154733144746869,8.607776152953221,0.4358108108108108,0.3340080971659919,,,,,,
q,beta_x_noise,14,0.0,20.0,,0.3,,,100,6.6074109600372415,4.409251095291299,0.21554770318021202,0.29473684210526313,,,,,,
q,beta_x_noise,14,0.0,20.0,,0.3,,,500,13.920065778165865,12.081665460242291,0.3550236008091706,0.3515151515151515,,,,,,
q,beta_x_noise,15,0.0,20.0,,0.3,,,100,9.984384257440853,5.535295558882978,0.5847750865051903,0.2631578947368421,,,,,,
q,beta_x_noise,15,0.0,20.0,,0.3,,,500,20.415657832466092,12.667333312713325,0.5157824042981867,0.30303030303030304,,,,,,
q,beta_x_noise,16,0.0,20.0,,0.3,,,100,12.999376805360066,12.999376805360066,0.27906976744186046,0.24468085106382978,,,,,,
q,beta_x_noise,16,0.0,20.0,,0.3,,,500,19.335706417667105,18.12501403671158,0.27813450490030417,0.2894736842105263,,,,,,
q,beta_x_noise,17,0.0,20.0,,0.3,,,100,9.879467898860618,5.77149140221249,0.5354330708661418,0.2978723404255319,,,,,,
q,beta_x_noise,17,0.0,20.0,,0.3,,,500,40.73300608611711,40.73300608611711,0.29470426409903716,0.35020242914979755,,,,,,
q,beta_x_noise,18,0.0,20.0,,0.3,,,100,12.033324851489235,9.159724516522436,0.3309734513274336,0.3763440860215054,,,,,,
q,beta_x_noise,18,0.0,20.0,,0.3,,,500,17.95927951637423,13.981431134596967,0.15177065767284992,0.29817444219066935,,,,,,
q,beta_x_noise,19,0.0,20.0,,0.3,,,100,6.988807958707848,4.568265792919971,0.4007029876977153,0.358695652173913,,,,,,
q,beta_x_noise,19,0.0,20.0,,0.3,,,500,20.618773187630204,6.8469753144302175,0.4011451667228023,0.3434959349593496,,,,,,
q,beta_x_noise,8,0.0,20.0,,0.3,,,100,8.248217641678982,8.248217641678982,0.4204946996466431,0.29347826086956524,,,,,,
q,beta_x_noise,8,0.0,20.0,,0.3,,,500,15.543347906345407,14.265077467961175,0.29669588671611596,0.34552845528455284,,,,,,
q,beta_x_noise,9,0.0,20.0,,0.3,,,100,11.133369595541952,11.020800789337367,0.4658493870402802,0.2903225806451613,,,,,,
q,beta_x_noise,9,0.0,20.0,,0.3,,,500,15.140015584289138,9.483716529212819,0.4042409962975429,0.3306288032454361,,,,,,
q,beta_x_noise,10,0.0,20.0,,0.3,,,100,8.63745453540794,7.86076895025199,0.5026269702276708,0.30851063829787234,,,,,,
q,beta_x_noise,10,0.0,20.0,,0.3,,,500,18.8629663705296,13.423824505984626,0.5260854930999663,0.31781376518218624,,,,,,
q,beta_x_noise,11,0.0,20.0,,0.3,,,100,6.997672202870106,6.585489934605258,0.5236363636363637,0.3010752688172043,,,,,,
q,beta_x_noise,11,0.0,20.0,,0.3,,,500,19.19687229201816,18.277293537054597,0.4152542372881356,0.2961460446247465,,,,,,
q,beta_x_noise,4,0.0,50.0,,1e-05,,,100,0.0029416274650977403,0.0027114176844638127,1.0,1.0,,,,,,
q,beta_x_noise,4,0.0,50.0,,1e-05,,,500,0.0032738583323830284,0.002143338056561639,1.0,1.0,,,,,,
q,beta_x_noise,5,0.0,50.0,,1e-05,,,100,0.0025499811999230015,0.002276812498582359,1.0,1.0,,,,,,
q,beta_x_noise,5,0.0,50.0,,1e-05,,,500,0.003181282014040665,0.0022173784616557057,1.0,1.0,,,,,,
q,beta_x_noise,6,0.0,50.0,,1e-05,,,100,0.0029953160932032485,0.002166452715927303,1.0,1.0,,,,,,
q,beta_x_noise,6,0.0,50.0,,1e-05,,,500,0.003465221385297923,0.00310650700176196,1.0,1.0,,,,,,
q,beta_x_noise,7,0.0,50.0,,1e-05,,,100,0.0017672321355848286,0.0012803277370956323,1.0,1.0,,,,,,
q,beta_x_noise,7,0.0,50.0,,1e-05,,,500,0.0036652388401863245,0.002677267451154597,1.0,1.0,,,,,,
q,beta_x_noise,8,0.0,50.0,,1e-05,,,100,0.0030110220818629907,0.0030110220818629907,1.0,1.0,,,,,,
q,beta_x_noise,8,0.0,50.0,,1e-05,,,500,0.0033440582973128796,0.001937813439376157,1.0,1.0,,,,,,
q,beta_x_noise,9,0.0,50.0,,1e-05,,,100,0.002352748250653125,0.002352748250653125,1.0,1.0,,,,,,
q,beta_x_noise,9,0.0,50.0,,1e-05,,,500,0.0034933344706211678,0.0033200087901024133,1.0,1.0,,,,,,
q,beta_x_noise,10,0.0,50.0,,1e-05,,,100,0.0034936618008033493,0.0026639847363112423,1.0,1.0,,,,,,
q,beta_x_noise,10,0.0,50.0,,1e-05,,,500,0.005448632442171419,0.00358310573823184,1.0,1.0,,,,,,
q,beta_x_noise,11,0.0,50.0,,1e-05,,,100,0.002752670549269476,0.0023768402367998487,1.0,1.0,,,,,,
q,beta_x_noise,11,0.0,50.0,,1e-05,,,500,0.003990389532699812,0.003990389532699812,1.0,1.0,,,,,,
q,beta_x_noise,0,0.0,50.0,,1e-05,,,100,0.002970552109121005,0.0029630113099008426,1.0,1.0,,,,,,
q,beta_x_noise,0,0.0,50.0,,1e-05,,,500,0.004656055481925492,0.0018799610329525152,1.0,1.0,,,,,,
q,beta_x_noise,1,0.0,50.0,,1e-05,,,100,0.0019756051954329945,0.0018787573229958054,1.0,1.0,,,,,,
q,beta_x_noise,1,0.0,50.0,,1e-05,,,500,0.003303580111468918,0.0029403428796577202,1.0,1.0,,,,,,
q,beta_x_noise,2,0.0,50.0,,1e-05,,,100,0.002559608107416955,0.0024111270517146455,1.0,1.0,,,,,,
q,beta_x_noise,2,0.0,50.0,,1e-05,,,500,0.003947572533028243,0.0022652976341155373,1.0,1.0,,,,,,
q,beta_x_noise,3,0.0,50.0,,1e-05,,,100,0.0030101632243967336,0.0017287503156950823,1.0,1.0,,,,,,
q,beta_x_noise,3,0.0,50.0,,1e-05,,,500,0.0030101632243967336,0.001531394848269585,1.0,1.0,,,,,,
q,beta_x_noise,12,0.0,50.0,,1e-05,,,100,0.0035738404802680424,0.002000749768582888,1.0,1.0,,,,,,
q,beta_x_noise,12,0.0,50.0,,1e-05,,,500,0.0035738404802680424,0.0020389325924745627,1.0,1.0,,,,,,
q,beta_x_noise,13,0.0,50.0,,1e-05,,,100,0.0017141479364106704,0.0013074387473217541,1.0,1.0,,,,,,
q,beta_x_noise,13,0.0,50.0,,1e-05,,,500,0.0025283556850643762,0.0014512558527617347,1.0,1.0,,,,,,
q,beta_x_noise,14,0.0,50.0,,1e-05,,,100,0.002953546685014574,0.002411882927600917,1.0,1.0,,,,,,
q,beta_x_noise,14,0.0,50.0,,1e-05,,,500,0.0036357768144857916,0.0017293135412865812,1.0,1.0,,,,,,
q,beta_x_noise,15,0.0,50.0,,1e-05,,,100,0.0017920063639892958,0.001451622146616649,1.0,1.0,,,,,,
q,beta_x_noise,15,0.0,50.0,,1e-05,,,500,0.0034781625501629776,0.001892695449546844,1.0,1.0,,,,,,
q,beta_x_noise,16,0.0,50.0,,1e-05,,,100,0.00344682462900181,0.00344682462900181,1.0,1.0,,,,,,
q,beta_x_noise,16,0.0,50.0,,1e-05,,,500,0.0039020577458401817,0.0021357495548122996,1.0,1.0,,,,,,
q,beta_x_noise,17,0.0,50.0,,1e-05,,,100,0.0016900237859114042,0.0016263684938685463,1.0,1.0,,,,,,
q,beta_x_noise,17,0.0,50.0,,1e-05,,,500,0.0032443388572138687,0.003138173013279344,1.0,1.0,,,,,,
q,beta_x_noise,18,0.0,50.0,,1e-05,,,100,0.0021764899458339426,0.0020294935881087772,1.0,1.0,,,,,,
q,beta_x_noise,18,0.0,50.0,,1e-05,,,500,0.004666955002654127,0.002425587469002899,1.0,1.0,,,,,,
q,beta_x_noise,19,0.0,50.0,,1e-05,,,100,0.0019654104411437334,0.0014364589707522857,1.0,1.0,,,,,,
q,beta_x_noise,19,0.0,50.0,,1e-05,,,500,0.003069461432903875,0.0024310872624440094,1.0,1.0,,,,,,
q,beta_x_noise,0,0.0,50.0,,0.0001,,,100,0.029705637417394293,0.029630229244941964,1.0,1.0,,,,,,
q,beta_x_noise,0,0.0,50.0,,0.0001,,,500,0.047848551405521356,0.025033686611728445,1.0,1.0,,,,,,
q,beta_x_noise,1,0.0,50.0,,0.0001,,,100,0.019755859943156984,0.01878753320115334,1.0,1.0,,,,,,
q,beta_x_noise,1,0.0,50.0,,0.0001,,,500,0.03303582773345415,0.02782107375114462,1.0,1.0,,,,,,
q,beta_x_noise,2,0.0,50.0,,0.0001,,,100,0.025595613787240956,0.024317106096319763,0.972318339100346,0.968421052631579,,,,,,
q,beta_x_noise,2,0.0,50.0,,0.0001,,,500,0.03575250367186422,0.022692752100452962,0.9946272666218939,0.9939393939393939,,,,,,
q,beta_x_noise,3,0.0,50.0,,0.0001,,,100,0.03113413628309125,0.017328980974020414,1.0,0.978494623655914,,,,,,
q,beta_x_noise,3,0.0,50.0,,0.0001,,,500,0.03113413628309125,0.015989583047983924,1.0,0.9959432048681541,,,,,,
q,beta_x_noise,8,0.0,50.0,,0.0001,,,100,0.02986267225822825,0.02986267225822825,1.0,0.9891304347826086,,,,,,
q,beta_x_noise,8,0.0,50.0,,0.0001,,,500,0.03320112735922198,0.01953967868570139,1.0,0.9979674796747967,,,,,,
q,beta_x_noise,9,0.0,50.0,,0.0001,,,100,0.023318984604290993,0.023318984604290993,0.9982486865148862,0.978494623655914,,,,,,
q,beta_x_noise,9,0.0,50.0,,0.0001,,,500,0.035347657638705066,0.03363008198990558,0.9996634129922585,0.9959432048681541,,,,,,
q,beta_x_noise,10,0.0,50.0,,0.0001,,,100,0.034210156947255266,0.026108632671417276,1.0,1.0,,,,,,
q,beta_x_noise,10,0.0,50.0,,0.0001,,,500,0.05247688446837717,0.03536135171331445,1.0,1.0,,,,,,
q,beta_x_noise,11,0.0,50.0,,0.0001,,,100,0.027526695909275867,0.02376838862384445,1.0,1.0,,,,,,
q,beta_x_noise,11,0.0,50.0,,0.0001,,,500,0.038402636057939254,0.038402636057939254,1.0,1.0,,,,,,
q,beta_x_noise,4,0.0,50.0,,0.0001,,,100,0.027461254660130052,0.026546350235485794,1.0,1.0,,,,,,
q,beta_x_noise,4,0.0,50.0,,0.0001,,,500,0.031220348463764314,0.017256035370635248,1.0,1.0,,,,,,
q,beta_x_noise,5,0.0,50.0,,0.0001,,,100,0.025500980352891056,0.02276944878372933,1.0,0.9787234042553191,,,,,,
q,beta_x_noise,5,0.0,50.0,,0.0001,,,500,0.031815412736379445,0.0217359287560126,1.0,0.9959514170040485,,,,,,
q,beta_x_noise,6,0.0,50.0,,0.0001,,,100,0.028910151805712436,0.020890920183050943,1.0,1.0,,,,,,
q,beta_x_noise,6,0.0,50.0,,0.0001,,,500,0.03526706985504324,0.03166280953481815,1.0,1.0,,,,,,
q,beta_x_noise,7,0.0,50.0,,0.0001,,,100,0.01767243213597558,0.012953957853858,1.0,0.9893617021276596,,,,,,
q,beta_x_noise,7,0.0,50.0,,0.0001,,,500,0.03645693869650746,0.0264499374787579,1.0,0.9979757085020243,,,,,,
q,beta_x_noise,12,0.0,50.0,,0.0001,,,100,0.035735896790274946,0.019998949615211148,1.0,1.0,,,,,,
q,beta_x_noise,12,0.0,50.0,,0.0001,,,500,0.035735896790274946,0.020318812846388035,1.0,1.0,,,,,,
q,beta_x_noise,13,0.0,50.0,,0.0001,,,100,0.017140590340797957,0.013073508851323856,1.0,1.0,,,,,,
q,beta_x_noise,13,0.0,50.0,,0.0001,,,500,0.022549724305990004,0.015401267153630771,1.0,1.0,,,,,,
q,beta_x_noise,14,0.0,50.0,,0.0001,,,100,0.029535800367294807,0.024118741934537613,1.0,1.0,,,,,,
q,beta_x_noise,14,0.0,50.0,,0.0001,,,500,0.0370817976167499,0.01863937142724159,0.9986513823331086,0.997979797979798,,,,,,
q,beta_x_noise,15,0.0,50.0,,0.0001,,,100,0.01801793194365975,0.013515173225306931,1.0,0.9894736842105263,,,,,,
q,beta_x_noise,15,0.0,50.0,,0.0001,,,500,0.03422158860022284,0.017916637638026423,1.0,0.9959595959595959,,,,,,
q,beta_x_noise,16,0.0,50.0,,0.0001,,,100,0.03480313292543835,0.03480313292543835,1.0,0.9893617021276596,,,,,,
q,beta_x_noise,16,0.0,50.0,,0.0001,,,500,0.04091075492648599,0.021266570362621834,1.0,0.9979757085020243,,,,,,
q,beta_x_noise,17,0.0,50.0,,0.0001,,,100,0.016902076525234205,0.016265523862290812,1.0,1.0,,,,,,
q,beta_x_noise,17,0.0,50.0,,0.0001,,,500,0.032776894397916756,0.031662626019751006,1.0,1.0,,,,,,
q,beta_x_noise,18,0.0,50.0,,0.0001,,,100,0.02079900287531755,0.020456631315772744,1.0,0.978494623655914,,,,,,
q,beta_x_noise,18,0.0,50.0,,0.0001,,,500,0.04660167984761321,0.02480911226460014,1.0,0.9959432048681541,,,,,,
q,beta_x_noise,19,0.0,50.0,,0.0001,,,100,0.019654920315978153,0.014364443455978204,1.0,1.0,,,,,,
q,beta_x_noise,19,0.0,50.0,,0.0001,,,500,0.029528576818791397,0.021625848676598336,1.0,1.0,,,,,,
q,beta_x_noise,0,0.0,50.0,,0.001,,,100,0.27884319534373603,0.2678061770826128,1.0,0.8936170212765957,,,,,,
q,beta_x_noise,0,0.0,50.0,,0.001,,,500,0.33369802591051956,0.20077182263502058,1.0,0.9696356275303644,,,,,,
q,beta_x_noise,1,0.0,50.0,,0.001,,,100,0.17958646413542,0.17958646413542,0.9616087751371115,0.8387096774193549,,,,,,
q,beta_x_noise,1,0.0,50.0,,0.001,,,500,0.25170456525296636,0.2441493068173366,0.9928741092636579,0.9695740365111561,,,,,,
q,beta_x_noise,2,0.0,50.0,,0.001,,,100,0.19918433253990364,0.14021074101949027,0.9636678200692042,0.8,,,,,,
q,beta_x_noise,2,0.0,50.0,,0.001,,,500,0.20684686850596168,0.19400991557549174,0.9929482874412358,0.9616161616161616,,,,,,
q,beta_x_noise,3,0.0,50.0,,0.001,,,100,0.18776851416773732,0.1638721133090378,0.9718804920913884,0.7526881720430108,,,,,,
q,beta_x_noise,3,0.0,50.0,,0.001,,,500,0.18776851416773732,0.1192758328138721,0.9946109801279892,0.9513184584178499,,,,,,
q,beta_x_noise,4,0.0,50.0,,0.001,,,100,0.20265782581184943,0.19282930197561032,0.9981515711645101,0.8842105263157894,,,,,,
q,beta_x_noise,4,0.0,50.0,,0.001,,,500,0.23372597253663252,0.17513058592432884,0.999659979598776,0.9777777777777777,,,,,,
q,beta_x_noise,5,0.0,50.0,,0.001,,,100,0.29116507252720014,0.2611949815488148,0.9440559440559441,0.7659574468085106,,,,,,
q,beta_x_noise,5,0.0,50.0,,0.001,,,500,0.316232018193807,0.22753402855094973,0.9892328398384926,0.9534412955465587,,,,,,
q,beta_x_noise,6,0.0,50.0,,0.001,,,100,0.22550175895132096,0.16463702860420892,0.9533213644524237,0.8494623655913979,,,,,,
q,beta_x_noise,6,0.0,50.0,,0.001,,,500,0.30353040899604644,0.30353040899604644,0.9912073047007102,0.9716024340770791,,,,,,
q,beta_x_noise,7,0.0,50.0,,0.001,,,100,0.17216889283245307,0.11428429512257596,0.9894736842105263,0.7127659574468085,,,,,,
q,beta_x_noise,7,0.0,50.0,,0.001,,,500,0.2790348754557832,0.21255702627192696,0.997979797979798,0.9453441295546559,,,,,,
q,beta_x_noise,8,0.0,50.0,,0.001,,,100,0.17850686446564978,0.17441305056117207,0.9381625441696113,0.8152173913043478,,,,,,
q,beta_x_noise,8,0.0,50.0,,0.001,,,500,0.2572878819822637,0.1982877761941717,0.9881995954146999,0.9451219512195121,,,,,,
q,beta_x_noise,9,0.0,50.0,,0.001,,,100,0.13267880937779253,0.10653275774623105,0.9404553415061296,0.7204301075268817,,,,,,
q,beta_x_noise,9,0.0,50.0,,0.001,,,500,0.39382831556903275,0.37907173853944587,0.988556041736789,0.9269776876267748,,,,,,
q,beta_x_noise,10,0.0,50.0,,0.001,,,100,0.2123295766267077,0.2094248619418082,0.9982486865148862,0.7553191489361702,,,,,,
q,beta_x_noise,10,0.0,50.0,,0.001,,,500,0.40860745180036306,0.23162877212205712,0.9996634129922585,0.9433198380566802,,,,,,
q,beta_x_noise,11,0.0,50.0,,0.001,,,100,0.21864706801681283,0.13922562967223462,0.9545454545454546,0.7849462365591398,,,,,,
q,beta_x_noise,11,0.0,50.0,,0.001,,,500,0.2538580924893872,0.1794258753981297,0.9915254237288136,0.9594320486815415,,,,,,
q,beta_x_noise,0,0.0,50.0,,0.01,,,100,0.46688772506266324,0.44406306529697664,0.8195876288659794,0.46808510638297873,,,,,,
q,beta_x_noise,0,0.0,50.0,,0.01,,,500,1.5929323343362836,1.5650124101614673,0.8531187122736419,0.4777327935222672,,,,,,
q,beta_x_noise,1,0.0,50.0,,0.01,,,100,0.6139586197979819,0.6139586197979819,0.8610603290676416,0.45161290322580644,,,,,,
q,beta_x_noise,1,0.0,50.0,,0.01,,,500,1.8681941168344474,1.7418727123042756,0.9714964370546318,0.5212981744421906,,,,,,
q,beta_x_noise,2,0.0,50.0,,0.01,,,100,0.3923115765446621,0.3923115765446621,0.9342560553633218,0.4,,,,,,
q,beta_x_noise,2,0.0,50.0,,0.01,,,500,1.7494941811159717,1.7001141595337717,0.9301544660846206,0.45454545454545453,,,,,,
q,beta_x_noise,3,0.0,50.0,,0.01,,,100,0.45763482847160036,0.45763482847160036,0.8699472759226714,0.3870967741935484,,,,,,
q,beta_x_noise,3,0.0,50.0,,0.01,,,500,1.3737690984794535,1.3578300088748894,0.8982822499157965,0.4381338742393509,,,,,,
q,beta_x_noise,12,0.0,50.0,,0.001,,,100,0.21072933477436162,0.1981967234941987,0.9806338028169014,0.8315789473684211,,,,,,
q,beta_x_noise,12,0.0,50.0,,0.001,,,500,0.2328580716576094,0.17839538896589768,0.9962938005390836,0.9676767676767677,,,,,,
q,beta_x_noise,13,0.0,50.0,,0.001,,,100,0.1741113437200994,0.11533793985036278,0.8785714285714286,0.8404255319148937,,,,,,
q,beta_x_noise,13,0.0,50.0,,0.001,,,500,0.26438206538986897,0.1698667431067289,0.9716216216216216,0.9635627530364372,,,,,,
q,beta_x_noise,14,0.0,50.0,,0.001,,,100,0.17204302089403503,0.17204302089403503,1.0,0.6526315789473685,,,,,,
q,beta_x_noise,14,0.0,50.0,,0.001,,,500,0.23771854473042398,0.2165417392925536,0.9986513823331086,0.8848484848484849,,,,,,
q,beta_x_noise,15,0.0,50.0,,0.001,,,100,0.1458340319488333,0.1051216982102679,0.967128027681661,0.6631578947368421,,,,,,
q,beta_x_noise,15,0.0,50.0,,0.001,,,500,0.28750207585203136,0.18089837045958723,0.9858965748824715,0.8828282828282829,,,,,,
q,beta_x_noise,16,0.0,50.0,,0.001,,,100,0.3331652197173862,0.3331652197173862,0.9856887298747764,0.8617021276595744,,,,,,
q,beta_x_noise,16,0.0,50.0,,0.001,,,500,0.41151298438495676,0.17622812575377322,0.9972963839134843,0.9736842105263158,,,,,,
q,beta_x_noise,17,0.0,50.0,,0.001,,,100,0.13162052298285454,0.1280139401332805,0.9921259842519685,0.9148936170212766,,,,,,
q,beta_x_noise,17,0.0,50.0,,0.001,,,500,0.2652223977287147,0.2652223977287147,0.9986244841815681,0.9838056680161943,,,,,,
q,beta_x_noise,18,0.0,50.0,,0.001,,,100,0.2378389041628571,0.2378389041628571,0.9539823008849557,0.7419354838709677,,,,,,
q,beta_x_noise,18,0.0,50.0,,0.001,,,500,0.3012242355586692,0.2849169511307621,0.9912310286677909,0.947261663286004,,,,,,
q,beta_x_noise,19,0.0,50.0,,0.001,,,100,0.15487621316358638,0.10538870950097412,0.9964850615114236,0.8478260869565217,,,,,,
q,beta_x_noise,19,0.0,50.0,,0.001,,,500,0.2519946255744907,0.21117950743470382,0.9993263725159987,0.9715447154471545,,,,,,
q,beta_x_noise,4,0.0,50.0,,0.01,,,100,0.43526350607799247,0.40507628703883636,0.9426987060998152,0.45263157894736844,,,,,,
q,beta_x_noise,4,0.0,50.0,,0.01,,,500,1.593880949962156,1.498034367587545,0.9642978578714723,0.5171717171717172,,,,,,
q,beta_x_noise,5,0.0,50.0,,0.01,,,100,0.6199510296639563,0.582242697796591,0.6451048951048951,0.3404255319148936,,,,,,
q,beta_x_noise,5,0.0,50.0,,0.01,,,500,2.186373859247958,2.0059176067356477,0.9185733512786003,0.46963562753036436,,,,,,
q,beta_x_noise,6,0.0,50.0,,0.01,,,100,0.4938758451256907,0.482908144795417,0.6624775583482945,0.3010752688172043,,,,,,
q,beta_x_noise,6,0.0,50.0,,0.01,,,500,2.065474376208986,1.9580936334938221,0.8961785593506932,0.4665314401622718,,,,,,
q,beta_x_noise,7,0.0,50.0,,0.01,,,100,0.3555600117215161,0.20875247324261315,0.8859649122807017,0.40425531914893614,,,,,,
q,beta_x_noise,7,0.0,50.0,,0.01,,,500,1.972362867106661,1.7289701995934892,0.865993265993266,0.4676113360323887,,,,,,
q,beta_x_noise,8,0.0,50.0,,0.01,,,100,0.31948778878494566,0.31948778878494566,0.784452296819788,0.32608695652173914,,,,,,
q,beta_x_noise,8,0.0,50.0,,0.01,,,500,1.4175024523552073,1.4175024523552073,0.8648010788941335,0.39227642276422764,,,,,,
q,beta_x_noise,9,0.0,50.0,,0.01,,,100,0.38360435745130084,0.3798391953525275,0.8774080560420315,0.43010752688172044,,,,,,
q,beta_x_noise,9,0.0,50.0,,0.01,,,500,1.486909592007565,1.4297887346196276,0.9145069000336588,0.4340770791075051,,,,,,
q,beta_x_noise,10,0.0,50.0,,0.01,,,100,0.3652528470656418,0.32494529430433444,0.9281961471103327,0.43617021276595747,,,,,,
q,beta_x_noise,10,0.0,50.0,,0.01,,,500,1.6540482700782353,1.3518542618269762,0.9676876472568159,0.4959514170040486,,,,,,
q,beta_x_noise,11,0.0,50.0,,0.01,,,100,0.5938204124273556,0.5479906638702398,0.7090909090909091,0.3870967741935484,,,,,,
q,beta_x_noise,11,0.0,50.0,,0.01,,,500,1.7009617425819892,1.6671671309196174,0.8664406779661017,0.4482758620689655,,,,,,
q,beta_x_noise,12,0.0,50.0,,0.01,,,100,0.6006388486396342,0.6006388486396342,0.8204225352112676,0.3684210526315789,,,,,,
q,beta_x_noise,12,0.0,50.0,,0.01,,,500,1.6649183827814429,1.6649183827814429,0.9400269541778976,0.4161616161616162,,,,,,
q,beta_x_noise,13,0.0,50.0,,0.01,,,100,0.5512227603393046,0.529157845670916,0.7696428571428572,0.40425531914893614,,,,,,
q,beta_x_noise,13,0.0,50.0,,0.01,,,500,1.9373659840344022,1.865099515193087,0.9175675675675675,0.5060728744939271,,,,,,
q,beta_x_noise,14,0.0,50.0,,0.01,,,100,0.2839174538653785,0.27341120081981285,0.6201413427561837,0.3157894736842105,,,,,,
q,beta_x_noise,14,0.0,50.0,,0.01,,,500,1.532479096539752,1.356212555160945,0.7666891436277815,0.40606060606060607,,,,,,
q,beta_x_noise,15,0.0,50.0,,0.01,,,100,0.38872443600444295,0.23367760634745227,0.8529411764705882,0.3894736842105263,,,,,,
q,beta_x_noise,15,0.0,50.0,,0.01,,,500,1.2040490181757366,1.1810502932157187,0.8173270651443922,0.4,,,,,,
q,beta_x_noise,16,0.0,50.0,,0.01,,,100,0.7844312295325636,0.7844312295325636,0.855098389982111,0.3829787234042553,,,,,,
q,beta_x_noise,16,0.0,50.0,,0.01,,,500,2.1810342993558436,2.1435298125510283,0.9648529908752957,0.46963562753036436,,,,,,
q,beta_x_noise,17,0.0,50.0,,0.01,,,100,0.6182314910988654,0.6120732004357841,0.9389763779527559,0.4148936170212766,,,,,,
q,beta_x_noise,17,0.0,50.0,,0.01,,,500,2.079660633030543,2.0536773222190767,0.9205639614855571,0.46153846153846156,,,,,,
q,beta_x_noise,18,0.0,50.0,,0.01,,,100,0.8451333676287136,0.5725919684407178,0.7150442477876107,0.43010752688172044,,,,,,
q,beta_x_noise,18,0.0,50.0,,0.01,,,500,2.1115998949961017,2.0570952939743914,0.8920741989881956,0.39553752535496955,,,,,,
q,beta_x_noise,19,0.0,50.0,,0.01,,,100,0.43849866764688195,0.3249350960932032,0.8998242530755711,0.45652173913043476,,,,,,
q,beta_x_noise,19,0.0,50.0,,0.01,,,500,1.5117409109237152,1.3393728220292358,0.9757494105759515,0.5487804878048781,,,,,,
q,beta_x_noise,0,0.0,50.0,,0.03,,,100,0.9014797947119908,0.729447838588492,0.5257731958762887,0.40425531914893614,,,,,,
q,beta_x_noise,0,0.0,50.0,,0.03,,,500,2.0259630504011317,1.9392097711147973,0.5087189805499664,0.37449392712550605,,,,,,
q,beta_x_noise,1,0.0,50.0,,0.03,,,100,0.9579887918746031,0.9579887918746031,0.7550274223034735,0.40860215053763443,,,,,,
q,beta_x_noise,1,0.0,50.0,,0.03,,,500,2.464783153330585,2.309051592326617,0.8116728876823889,0.3935091277890467,,,,,,
q,beta_x_noise,2,0.0,50.0,,0.03,,,100,0.6061649786909626,0.52586062138076,0.7923875432525952,0.37894736842105264,,,,,,
q,beta_x_noise,2,0.0,50.0,,0.03,,,500,2.2365989278530103,2.1064036147483924,0.7730020147750168,0.34949494949494947,,,,,,
q,beta_x_noise,3,0.0,50.0,,0.03,,,100,0.9574500307835403,0.9574500307835403,0.6695957820738138,0.3225806451612903,,,,,,
q,beta_x_noise,3,0.0,50.0,,0.03,,,500,2.158274177691557,2.1131405861614714,0.660491748063321,0.3488843813387424,,,,,,
q,beta_x_noise,4,0.0,50.0,,0.03,,,100,0.8639056289551523,0.7733439721187578,0.7744916820702403,0.4,,,,,,
q,beta_x_noise,4,0.0,50.0,,0.03,,,500,2.769930510302892,1.9528295472637427,0.8616116967018022,0.402020202020202,,,,,,
q,beta_x_noise,5,0.0,50.0,,0.03,,,100,0.8644599969653533,0.6519075770106183,0.5576923076923077,0.30851063829787234,,,,,,
q,beta_x_noise,5,0.0,50.0,,0.03,,,500,3.0122968783853983,2.8540809141543275,0.6998654104979811,0.3623481781376518,,,,,,
q,beta_x_noise,6,0.0,50.0,,0.03,,,100,1.135014452140671,0.779451532332453,0.5763016157989228,0.25806451612903225,,,,,,
q,beta_x_noise,6,0.0,50.0,,0.03,,,500,2.999244497190605,2.3467540558528563,0.6990192762935408,0.3448275862068966,,,,,,
q,beta_x_noise,7,0.0,50.0,,0.03,,,100,1.0942900252727794,0.5444237509693868,0.6877192982456141,0.3617021276595745,,,,,,
q,beta_x_noise,7,0.0,50.0,,0.03,,,500,2.545453122404244,2.488975418382921,0.6646464646464646,0.3765182186234818,,,,,,
q,beta_x_noise,16,0.0,50.0,,0.03,,,100,1.2856160266322973,1.2856160266322973,0.5223613595706619,0.30851063829787234,,,,,,
q,beta_x_noise,16,0.0,50.0,,0.03,,,500,2.70135869710211,2.324755301917018,0.7641094964515038,0.3360323886639676,,,,,,
q,beta_x_noise,17,0.0,50.0,,0.03,,,100,0.8940023644368995,0.7303505535097341,0.8248031496062992,0.39361702127659576,,,,,,
q,beta_x_noise,17,0.0,50.0,,0.03,,,500,2.755258507272841,2.717222646112666,0.6519944979367263,0.39473684210526316,,,,,,
q,beta_x_noise,18,0.0,50.0,,0.03,,,100,1.2481127688519118,0.9220492074374683,0.45309734513274336,0.41935483870967744,,,,,,
q,beta_x_noise,18,0.0,50.0,,0.03,,,500,2.6706718483193748,2.323678752156363,0.4094435075885329,0.32454361054766734,,,,,,
q,beta_x_noise,19,0.0,50.0,,0.03,,,100,0.6377518497512387,0.537152588235952,0.7240773286467487,0.40217391304347827,,,,,,
q,beta_x_noise,19,0.0,50.0,,0.03,,,500,2.0798040472904966,1.6955595436693944,0.8073425395756146,0.4166666666666667,,,,,,
q,beta_x_noise,8,0.0,50.0,,0.03,,,100,0.7045757549834002,0.5735894666226009,0.627208480565371,0.30434782608695654,,,,,,
q,beta_x_noise,8,0.0,50.0,,0.03,,,500,1.906704110187367,1.7269627306287316,0.6712744436952124,0.3556910569105691,,,,,,
q,beta_x_noise,9,0.0,50.0,,0.03,,,100,1.012171520631142,0.9702145456370544,0.7530647985989493,0.3548387096774194,,,,,,
q,beta_x_noise,9,0.0,50.0,,0.03,,,500,2.1806612458149583,1.8032241486086367,0.6782228205991249,0.3630831643002028,,,,,,
q,beta_x_noise,10,0.0,50.0,,0.03,,,100,0.8441436551467527,0.6209310247445108,0.6830122591943958,0.39361702127659576,,,,,,
q,beta_x_noise,10,0.0,50.0,,0.03,,,500,2.0421413357579596,1.7515781654871032,0.7778525748906092,0.39878542510121456,,,,,,
q,beta_x_noise,11,0.0,50.0,,0.03,,,100,0.730022998484359,0.7200053392500585,0.4909090909090909,0.3763440860215054,,,,,,
q,beta_x_noise,11,0.0,50.0,,0.03,,,500,2.538724708629098,2.437340873684524,0.6030508474576272,0.3711967545638945,,,,,,
q,beta_x_noise,12,0.0,50.0,,0.03,,,100,0.8781978548025868,0.8447266842786377,0.6742957746478874,0.3157894736842105,,,,,,
q,beta_x_noise,12,0.0,50.0,,0.03,,,500,2.148632685271712,2.0340682203712634,0.5842318059299192,0.32727272727272727,,,,,,
q,beta_x_noise,13,0.0,50.0,,0.03,,,100,0.9592656670283785,0.8930709230473752,0.6089285714285714,0.35106382978723405,,,,,,
q,beta_x_noise,13,0.0,50.0,,0.03,,,500,3.028932304387591,2.5213525486159547,0.6824324324324325,0.38461538461538464,,,,,,
q,beta_x_noise,14,0.0,50.0,,0.03,,,100,0.6584917063114697,0.4938768058197418,0.39045936395759717,0.30526315789473685,,,,,,
q,beta_x_noise,14,0.0,50.0,,0.03,,,500,2.091080266820086,1.6070115420794546,0.5249494268374916,0.34949494949494947,,,,,,
q,beta_x_noise,15,0.0,50.0,,0.03,,,100,0.892976524923955,0.43301809920612744,0.7041522491349481,0.37894736842105264,,,,,,
q,beta_x_noise,15,0.0,50.0,,0.03,,,500,2.0749601522994388,2.0136755733779608,0.6769644056413701,0.34545454545454546,,,,,,
q,beta_x_noise,0,0.0,50.0,,0.1,,,100,3.114519836553722,2.5165429517304716,0.3247422680412371,0.3829787234042553,,,,,,
q,beta_x_noise,0,0.0,50.0,,0.1,,,500,6.139298032403452,5.111504553504828,0.335010060362173,0.340080971659919,,,,,,
q,beta_x_noise,1,0.0,50.0,,0.1,,,100,2.245765154850793,2.2106046737636453,0.4826325411334552,0.3978494623655914,,,,,,
q,beta_x_noise,1,0.0,50.0,,0.1,,,500,4.672140789081756,3.8258392214515564,0.5022056328469631,0.3711967545638945,,,,,,
q,beta_x_noise,2,0.0,50.0,,0.1,,,100,2.0177525899237296,1.7713506764533862,0.6055363321799307,0.3473684210526316,,,,,,
q,beta_x_noise,2,0.0,50.0,,0.1,,,500,5.6077791995999995,4.9919753581085144,0.5486903962390867,0.3212121212121212,,,,,,
q,beta_x_noise,3,0.0,50.0,,0.1,,,100,2.7068032387946652,2.7068032387946652,0.39191564147627417,0.3118279569892473,,,,,,
q,beta_x_noise,3,0.0,50.0,,0.1,,,500,3.9683734323161497,3.6181837924738325,0.4139440889188279,0.3204868154158215,,,,,,
q,beta_x_noise,4,0.0,50.0,,0.1,,,100,2.353279433413071,2.0514072442280726,0.46950092421441775,0.4,,,,,,
q,beta_x_noise,4,0.0,50.0,,0.1,,,500,5.066043964056398,3.5928706548551634,0.5810948656919415,0.3797979797979798,,,,,,
q,beta_x_noise,5,0.0,50.0,,0.1,,,100,2.7525924450006976,2.27589912385379,0.34265734265734266,0.3191489361702128,,,,,,
q,beta_x_noise,5,0.0,50.0,,0.1,,,500,5.356107249233073,4.216608361032408,0.4488559892328398,0.3360323886639676,,,,,,
q,beta_x_noise,6,0.0,50.0,,0.1,,,100,3.2634724559080093,1.7304326049872458,0.4757630161579892,0.24731182795698925,,,,,,
q,beta_x_noise,6,0.0,50.0,,0.1,,,500,6.079720672176234,4.089713731951784,0.46127832262428137,0.3367139959432049,,,,,,
q,beta_x_noise,7,0.0,50.0,,0.1,,,100,3.679946244213147,1.8147458373890946,0.48771929824561405,0.35106382978723405,,,,,,
q,beta_x_noise,7,0.0,50.0,,0.1,,,500,4.856798855872391,4.856798855872391,0.42996632996632994,0.3562753036437247,,,,,,
q,beta_x_noise,8,0.0,50.0,,0.1,,,100,2.142238803754858,1.5600829380785388,0.43992932862190814,0.30434782608695654,,,,,,
q,beta_x_noise,8,0.0,50.0,,0.1,,,500,4.673721001719214,4.246652139892104,0.4423465947403911,0.33739837398373984,,,,,,
q,beta_x_noise,9,0.0,50.0,,0.1,,,100,3.7878013318829677,3.7501497110152036,0.5919439579684763,0.34408602150537637,,,,,,
q,beta_x_noise,9,0.0,50.0,,0.1,,,500,6.129652596054863,4.7489745231630645,0.4510265903736116,0.33874239350912777,,,,,,
q,beta_x_noise,10,0.0,50.0,,0.1,,,100,2.6918007822349077,1.8952142652637185,0.5148861646234676,0.3829787234042553,,,,,,
q,beta_x_noise,10,0.0,50.0,,0.1,,,500,4.105457462866957,2.795434837087617,0.5812857623695725,0.37044534412955465,,,,,,
q,beta_x_noise,11,0.0,50.0,,0.1,,,100,2.3072569405785712,2.1070655396597244,0.40545454545454546,0.3655913978494624,,,,,,
q,beta_x_noise,11,0.0,50.0,,0.1,,,500,4.685081782592379,3.5201508021684838,0.3928813559322034,0.34279918864097364,,,,,,
q,beta_x_noise,12,0.0,50.0,,0.1,,,100,2.5793702017677953,2.4996079055436367,0.426056338028169,0.30526315789473685,,,,,,
q,beta_x_noise,12,0.0,50.0,,0.1,,,500,3.512263171531154,2.8452198466474794,0.3894878706199461,0.3151515151515151,,,,,,
q,beta_x_noise,13,0.0,50.0,,0.1,,,100,2.6092844699317084,1.9591743742075252,0.45714285714285713,0.32978723404255317,,,,,,
q,beta_x_noise,13,0.0,50.0,,0.1,,,500,6.008583670636003,3.2339718240596427,0.40844594594594597,0.3481781376518219,,,,,,
q,beta_x_noise,14,0.0,50.0,,0.1,,,100,2.04520744716029,1.2913644876623338,0.24911660777385158,0.28421052631578947,,,,,,
q,beta_x_noise,14,0.0,50.0,,0.1,,,500,5.022501684980281,4.70037406206993,0.35670937289278487,0.32525252525252524,,,,,,
q,beta_x_noise,15,0.0,50.0,,0.1,,,100,2.9731066224752185,1.3142285677999943,0.6141868512110726,0.3368421052631579,,,,,,
q,beta_x_noise,15,0.0,50.0,,0.1,,,500,4.327966883158997,3.4282897573215916,0.43720617864338485,0.31717171717171716,,,,,,
q,beta_x_noise,16,0.0,50.0,,0.1,,,100,4.233201358351515,4.233201358351515,0.31305903398926654,0.2872340425531915,,,,,,
q,beta_x_noise,16,0.0,50.0,,0.1,,,500,5.5249905672073725,2.971237318041241,0.35113213923622844,0.29959514170040485,,,,,,
q,beta_x_noise,17,0.0,50.0,,0.1,,,100,2.9800078808275967,2.4345018436636487,0.5885826771653543,0.3723404255319149,,,,,,
q,beta_x_noise,17,0.0,50.0,,0.1,,,500,7.327060871235743,7.327060871235743,0.4305364511691884,0.354251012145749,,,,,,
q,beta_x_noise,18,0.0,50.0,,0.1,,,100,3.968475360005739,3.0099932747066775,0.3345132743362832,0.3978494623655914,,,,,,
q,beta_x_noise,18,0.0,50.0,,0.1,,,500,5.157364071272806,5.09913575817959,0.2711635750421585,0.30425963488843816,,,,,,
q,beta_x_noise,19,0.0,50.0,,0.1,,,100,1.9748970900688532,1.5493134024504265,0.46924428822495606,0.40217391304347827,,,,,,
q,beta_x_noise,19,0.0,50.0,,0.1,,,500,4.799137852558282,2.5806283544007336,0.5106096328730212,0.3902439024390244,,,,,,
q,beta_x_noise,0,0.0,50.0,,0.3,,,100,12.202947371371677,10.183261401541515,0.27491408934707906,0.40425531914893614,,,,,,
q,beta_x_noise,0,0.0,50.0,,0.3,,,500,25.306090032177114,22.676841911851476,0.2531857813547954,0.3562753036437247,,,,,,
q,beta_x_noise,1,0.0,50.0,,0.3,,,100,6.911478524460303,6.427809420206532,0.4296160877513711,0.3118279569892473,,,,,,
q,beta_x_noise,1,0.0,50.0,,0.3,,,500,13.739521615912794,11.65548488983189,0.40685442823210044,0.3407707910750507,,,,,,
q,beta_x_noise,2,0.0,50.0,,0.3,,,100,7.8260658559713745,7.756909493704115,0.4844290657439446,0.35789473684210527,,,,,,
q,beta_x_noise,2,0.0,50.0,,0.3,,,500,26.948070773287913,25.33996995149199,0.5201477501678979,0.3414141414141414,,,,,,
q,beta_x_noise,3,0.0,50.0,,0.3,,,100,7.518415667995338,7.518415667995338,0.3304042179261863,0.22580645161290322,,,,,,
q,beta_x_noise,3,0.0,50.0,,0.3,,,500,14.9549592671511,9.863909712764785,0.3587066352307174,0.3306288032454361,,,,,,
q,beta_x_noise,4,0.0,50.0,,0.3,,,100,7.131933265845222,7.131933265845222,0.4787430683918669,0.3157894736842105,,,,,,
q,beta_x_noise,4,0.0,50.0,,0.3,,,500,21.18848385991754,16.457380668907625,0.5222713362801769,0.35555555555555557,,,,,,
q,beta_x_noise,5,0.0,50.0,,0.3,,,100,12.686710402396626,9.004188586531571,0.34615384615384615,0.3191489361702128,,,,,,
q,beta_x_noise,5,0.0,50.0,,0.3,,,500,15.543707908128882,13.85261796490542,0.3633916554508748,0.340080971659919,,,,,,
q,beta_x_noise,6,0.0,50.0,,0.3,,,100,12.70123655963805,7.0708573897387375,0.45960502692998206,0.3333333333333333,,,,,,
q,beta_x_noise,6,0.0,50.0,,0.3,,,500,20.644113091526332,18.324428234771812,0.42712208319242473,0.3772819472616633,,,,,,
q,beta_x_noise,7,0.0,50.0,,0.3,,,100,10.155845743129747,5.705764907611028,0.37543859649122807,0.35106382978723405,,,,,,
q,beta_x_noise,7,0.0,50.0,,0.3,,,500,14.354765772481988,14.320298317520372,0.46936026936026937,0.35020242914979755,,,,,,
q,beta_x_noise,0,0.0,100.0,,0.0,,,100,1.7430501486614958e-14,1.7430501486614958e-14,1.0,1.0,,,,,,
q,beta_x_noise,0,0.0,100.0,,0.0,,,500,4.3076653355456074e-14,4.1744385725905886e-14,1.0,1.0,,,,,,
q,beta_x_noise,1,0.0,100.0,,0.0,,,100,1.6431300764452317e-14,1.6431300764452317e-14,1.0,1.0,,,,,,
q,beta_x_noise,1,0.0,100.0,,0.0,,,500,5.1958437552457326e-14,5.062616992290714e-14,1.0,1.0,,,,,,
q,beta_x_noise,2,0.0,100.0,,0.0,,,100,3.171837792415033e-13,1.6975310046518644e-13,1.0,1.0,,,,,,
q,beta_x_noise,2,0.0,100.0,,0.0,,,500,3.171837792415033e-13,4.107825191113079e-14,1.0,1.0,,,,,,
q,beta_x_noise,3,0.0,100.0,,0.0,,,100,3.6262270963760557e-11,1.2932654946951061e-11,1.0,1.0,,,,,,
q,beta_x_noise,3,0.0,100.0,,0.0,,,500,3.6262270963760557e-11,3.6262104430306863e-12,1.0,1.0,,,,,,
q,beta_x_noise,4,0.0,100.0,,0.0,,,100,2.398081733190338e-14,1.8540724511240114e-14,1.0,1.0,,,,,,
q,beta_x_noise,4,0.0,100.0,,0.0,,,500,5.3290705182007514e-14,4.884981308350689e-14,1.0,1.0,,,,,,
q,beta_x_noise,5,0.0,100.0,,0.0,,,100,4.724991786719812e-10,3.5781222429420723e-10,1.0,1.0,,,,,,
q,beta_x_noise,5,0.0,100.0,,0.0,,,500,4.724991786719812e-10,1.589457454542753e-10,1.0,1.0,,,,,,
q,beta_x_noise,6,0.0,100.0,,0.0,,,100,2.1316282072803006e-14,2.1316282072803006e-14,1.0,1.0,,,,,,
q,beta_x_noise,6,0.0,100.0,,0.0,,,500,5.3290705182007514e-14,5.3290705182007514e-14,1.0,1.0,,,,,,
q,beta_x_noise,7,0.0,100.0,,0.0,,,100,1.2989609388114332e-14,1.0880185641326534e-14,1.0,1.0,,,,,,
q,beta_x_noise,7,0.0,100.0,,0.0,,,500,2.1538326677728037e-14,1.7319479184152442e-14,1.0,1.0,,,,,,
q,beta_x_noise,8,0.0,100.0,,0.0,,,100,1.199040866595169e-14,1.1324274851176597e-14,1.0,1.0,,,,,,
q,beta_x_noise,8,0.0,100.0,,0.0,,,500,2.930988785010413e-14,2.042810365310288e-14,1.0,1.0,,,,,,
q,beta_x_noise,9,0.0,100.0,,0.0,,,100,1.9761969838327786e-14,1.9761969838327786e-14,1.0,1.0,,,,,,
q,beta_x_noise,9,0.0,100.0,,0.0,,,500,5.3290705182007514e-14,5.284661597215745e-14,1.0,1.0,,,,,,
q,beta_x_noise,10,0.0,100.0,,0.0,,,100,2.9531932455029164e-14,2.0095036745715333e-14,1.0,1.0,,,,,,
q,beta_x_noise,10,0.0,100.0,,0.0,,,500,2.9531932455029164e-14,2.220446049250313e-14,1.0,1.0,,,,,,
q,beta_x_noise,11,0.0,100.0,,0.0,,,100,3.197442310920451e-14,3.197442310920451e-14,1.0,1.0,,,,,,
q,beta_x_noise,11,0.0,100.0,,0.0,,,500,5.81756864903582e-14,5.684341886080802e-14,1.0,1.0,,,,,,
q,beta_x_noise,12,0.0,100.0,,0.0,,,100,1.3988810110276972e-14,1.2989609388114332e-14,1.0,1.0,,,,,,
q,beta_x_noise,12,0.0,100.0,,0.0,,,500,2.353672812205332e-14,1.9539925233402755e-14,1.0,1.0,,,,,,
q,beta_x_noise,13,0.0,100.0,,0.0,,,100,2.6201263381153694e-14,2.6201263381153694e-14,1.0,1.0,,,,,,
q,beta_x_noise,13,0.0,100.0,,0.0,,,500,6.217248937900877e-14,6.217248937900877e-14,1.0,1.0,,,,,,
q,beta_x_noise,14,0.0,100.0,,0.0,,,100,1.0380585280245214e-14,1.0380585280245214e-14,1.0,1.0,,,,,,
q,beta_x_noise,14,0.0,100.0,,0.0,,,500,3.064215547965432e-14,3.064215547965432e-14,1.0,1.0,,,,,,
q,beta_x_noise,15,0.0,100.0,,0.0,,,100,1.3433698597964394e-14,1.3433698597964394e-14,1.0,1.0,,,,,,
q,beta_x_noise,15,0.0,100.0,,0.0,,,500,2.90878432451791e-14,2.7977620220553945e-14,1.0,1.0,,,,,,
q,beta_x_noise,16,0.0,100.0,,0.0,,,100,2.7977620220553945e-14,2.6201263381153694e-14,1.0,1.0,,,,,,
q,beta_x_noise,16,0.0,100.0,,0.0,,,500,4.884981308350689e-14,4.618527782440651e-14,1.0,1.0,,,,,,
q,beta_x_noise,17,0.0,100.0,,0.0,,,100,8.215650382226158e-15,8.215650382226158e-15,1.0,1.0,,,,,,
q,beta_x_noise,17,0.0,100.0,,0.0,,,500,2.886579864025407e-14,2.842170943040401e-14,1.0,1.0,,,,,,
q,beta_x_noise,18,0.0,100.0,,0.0,,,100,1.765254609153999e-14,1.587618925213974e-14,1.0,1.0,,,,,,
q,beta_x_noise,18,0.0,100.0,,0.0,,,500,3.3306690738754696e-14,2.2648549702353193e-14,1.0,1.0,,,,,,
q,beta_x_noise,19,0.0,100.0,,0.0,,,100,2.55351295663786e-14,2.55351295663786e-14,1.0,1.0,,,,,,
q,beta_x_noise,19,0.0,100.0,,0.0,,,500,3.1530333899354446e-14,1.5987211554602254e-14,1.0,1.0,,,,,,
q,beta_x_noise,16,0.0,50.0,,0.3,,,100,12.984166318777683,12.984166318777683,0.27906976744186046,0.24468085106382978,,,,,,
q,beta_x_noise,16,0.0,50.0,,0.3,,,500,18.559324605313204,17.342565333334065,0.2784724569111186,0.2894736842105263,,,,,,
q,beta_x_noise,17,0.0,50.0,,0.3,,,100,9.85161054236742,6.05064649293636,0.515748031496063,0.2978723404255319,,,,,,
q,beta_x_noise,17,0.0,50.0,,0.3,,,500,42.99518710663993,42.99518710663993,0.281292984869326,0.3522267206477733,,,,,,
q,beta_x_noise,18,0.0,50.0,,0.3,,,100,11.80355872925434,8.928112473161256,0.3238938053097345,0.3870967741935484,,,,,,
q,beta_x_noise,18,0.0,50.0,,0.3,,,500,17.63711069986959,13.728562579372364,0.15042158516020235,0.30425963488843816,,,,,,
q,beta_x_noise,19,0.0,50.0,,0.3,,,100,7.016848796634205,4.520626607148912,0.3954305799648506,0.358695652173913,,,,,,
q,beta_x_noise,19,0.0,50.0,,0.3,,,500,19.62871453191639,5.602043017447693,0.3667901650387336,0.34146341463414637,,,,,,
q,beta_x_noise,8,0.0,50.0,,0.3,,,100,8.267508071951259,8.267508071951259,0.411660777385159,0.29347826086956524,,,,,,
q,beta_x_noise,8,0.0,50.0,,0.3,,,500,15.362686625834566,14.081480040467191,0.3138907619689818,0.34552845528455284,,,,,,
q,beta_x_noise,9,0.0,50.0,,0.3,,,100,11.127300370508431,11.014345507919227,0.45884413309982486,0.2903225806451613,,,,,,
q,beta_x_noise,9,0.0,50.0,,0.3,,,500,15.218465212627997,8.813018779717636,0.3766408616627398,0.3306288032454361,,,,,,
q,beta_x_noise,10,0.0,50.0,,0.3,,,100,8.46818397277254,7.293270645765175,0.500875656742557,0.30851063829787234,,,,,,
q,beta_x_noise,10,0.0,50.0,,0.3,,,500,18.905434326390136,13.441108668192202,0.5297879501851228,0.3157894736842105,,,,,,
q,beta_x_noise,11,0.0,50.0,,0.3,,,100,7.21173577408571,6.602593468317055,0.5036363636363637,0.3010752688172043,,,,,,
q,beta_x_noise,11,0.0,50.0,,0.3,,,500,19.0530208844053,18.13179911812401,0.40847457627118644,0.2961460446247465,,,,,,
q,beta_x_noise,12,0.0,50.0,,0.3,,,100,7.93134874742293,7.692061858752705,0.36971830985915494,0.2631578947368421,,,,,,
q,beta_x_noise,12,0.0,50.0,,0.3,,,500,14.279414996163728,8.438339224766464,0.2661725067385445,0.3292929292929293,,,,,,
q,beta_x_noise,13,0.0,50.0,,0.3,,,100,8.638666542976027,6.440473361788379,0.5017857142857143,0.40425531914893614,,,,,,
q,beta_x_noise,13,0.0,50.0,,0.3,,,500,13.664515924728585,8.643819571329898,0.4101351351351351,0.3360323886639676,,,,,,
q,beta_x_noise,14,0.0,50.0,,0.3,,,100,6.606200404439791,4.561316170983921,0.24911660777385158,0.29473684210526313,,,,,,
q,beta_x_noise,14,0.0,50.0,,0.3,,,500,13.653231715225882,11.796399538620813,0.3600809170600135,0.3515151515151515,,,,,,
q,beta_x_noise,15,0.0,50.0,,0.3,,,100,9.971080309970532,5.463249578983007,0.5813148788927336,0.2631578947368421,,,,,,
q,beta_x_noise,15,0.0,50.0,,0.3,,,500,21.896639766271925,13.368680609937476,0.4976494291470786,0.298989898989899,,,,,,
q,beta_x_noise,0,0.0,100.0,,1e-05,,,100,0.0029705557909618374,0.0029630149716650678,1.0,1.0,,,,,,
q,beta_x_noise,0,0.0,100.0,,1e-05,,,500,0.004656060655441774,0.0018799625568350908,1.0,1.0,,,,,,
q,beta_x_noise,1,0.0,100.0,,1e-05,,,100,0.0019756073199964086,0.0018787601866551151,1.0,1.0,,,,,,
q,beta_x_noise,1,0.0,100.0,,1e-05,,,500,0.003303586935545333,0.0029403480420731043,1.0,1.0,,,,,,
q,beta_x_noise,2,0.0,100.0,,1e-05,,,100,0.002559605783472252,0.002410837814530664,1.0,1.0,,,,,,
q,beta_x_noise,2,0.0,100.0,,1e-05,,,500,0.003947226575678586,0.0022651910164654954,1.0,1.0,,,,,,
q,beta_x_noise,3,0.0,100.0,,1e-05,,,100,0.0030101612462343774,0.0017287490357902058,1.0,1.0,,,,,,
q,beta_x_noise,3,0.0,100.0,,1e-05,,,500,0.0030101612462343774,0.001531403649669194,1.0,1.0,,,,,,
q,beta_x_noise,4,0.0,100.0,,1e-05,,,100,0.002941630716948529,0.002711421394107294,1.0,1.0,,,,,,
q,beta_x_noise,4,0.0,100.0,,1e-05,,,500,0.00327385512207945,0.0021433409009103954,1.0,1.0,,,,,,
q,beta_x_noise,5,0.0,100.0,,1e-05,,,100,0.002549977589603958,0.0022768086891480355,1.0,1.0,,,,,,
q,beta_x_noise,5,0.0,100.0,,1e-05,,,500,0.003181277586267184,0.0022173791247126484,1.0,1.0,,,,,,
q,beta_x_noise,6,0.0,100.0,,1e-05,,,100,0.002995319617361325,0.002166456150852092,1.0,1.0,,,,,,
q,beta_x_noise,6,0.0,100.0,,1e-05,,,500,0.0034652263156149665,0.00310650813289004,1.0,1.0,,,,,,
q,beta_x_noise,7,0.0,100.0,,1e-05,,,100,0.0017672301727433837,0.0012803237017060543,1.0,1.0,,,,,,
q,beta_x_noise,7,0.0,100.0,,1e-05,,,500,0.0036652440167681544,0.0026772706187674356,1.0,1.0,,,,,,
q,beta_x_noise,8,0.0,100.0,,1e-05,,,100,0.003011024976743326,0.003011024976743326,1.0,1.0,,,,,,
q,beta_x_noise,8,0.0,100.0,,1e-05,,,500,0.0033440612912986056,0.0019378071507691885,1.0,1.0,,,,,,
q,beta_x_noise,9,0.0,100.0,,1e-05,,,100,0.0023527515701467494,0.0023527515701467494,1.0,1.0,,,,,,
q,beta_x_noise,9,0.0,100.0,,1e-05,,,500,0.003493330018866647,0.003320004361057949,1.0,1.0,,,,,,
q,beta_x_noise,10,0.0,100.0,,1e-05,,,100,0.0034936576176879397,0.0026639803743728763,1.0,1.0,,,,,,
q,beta_x_noise,10,0.0,100.0,,1e-05,,,500,0.005448626144294533,0.003583099840473114,1.0,1.0,,,,,,
q,beta_x_noise,11,0.0,100.0,,1e-05,,,100,0.0027526690806639054,0.00237683694786317,1.0,1.0,,,,,,
q,beta_x_noise,11,0.0,100.0,,1e-05,,,500,0.003990394771310246,0.003990394771310246,1.0,1.0,,,,,,
q,beta_x_noise,0,0.0,100.0,,0.0001,,,100,0.029705641047377496,0.0296302328544098,1.0,1.0,,,,,,
q,beta_x_noise,0,0.0,100.0,,0.0001,,,500,0.047848556483919946,0.02503369131689759,1.0,1.0,,,,,,
q,beta_x_noise,1,0.0,100.0,,0.0001,,,100,0.019755862089853582,0.018787536067525035,1.0,1.0,,,,,,
q,beta_x_noise,1,0.0,100.0,,0.0001,,,500,0.03303583453997039,0.027821077770661784,1.0,1.0,,,,,,
q,beta_x_noise,2,0.0,100.0,,0.0001,,,100,0.025595611520436545,0.024317108959484357,0.972318339100346,0.968421052631579,,,,,,
q,beta_x_noise,2,0.0,100.0,,0.0001,,,500,0.035752508657462156,0.022692750567485653,0.9946272666218939,0.9939393939393939,,,,,,
q,beta_x_noise,3,0.0,100.0,,0.0001,,,100,0.03113413430123463,0.017328979659710225,1.0,0.978494623655914,,,,,,
q,beta_x_noise,3,0.0,100.0,,0.0001,,,500,0.03113413430123463,0.015989591790319668,1.0,0.9959432048681541,,,,,,
q,beta_x_noise,12,0.0,100.0,,1e-05,,,100,0.0035738424269606273,0.002000752602276723,1.0,1.0,,,,,,
q,beta_x_noise,12,0.0,100.0,,1e-05,,,500,0.0035738424269606273,0.0020389389445467643,1.0,1.0,,,,,,
q,beta_x_noise,13,0.0,100.0,,1e-05,,,100,0.001714152274382874,0.001307443210317727,1.0,1.0,,,,,,
q,beta_x_noise,13,0.0,100.0,,1e-05,,,500,0.0025283543023868482,0.0014512575499578961,1.0,1.0,,,,,,
q,beta_x_noise,14,0.0,100.0,,1e-05,,,100,0.0029535511592782004,0.002411880670230959,1.0,1.0,,,,,,
q,beta_x_noise,14,0.0,100.0,,1e-05,,,500,0.003635785136696601,0.0017293173857800825,1.0,1.0,,,,,,
q,beta_x_noise,15,0.0,100.0,,1e-05,,,100,0.0017920037620020035,0.0014516257568397695,1.0,1.0,,,,,,
q,beta_x_noise,15,0.0,100.0,,1e-05,,,500,0.0034781565600756625,0.0018927000660502458,1.0,1.0,,,,,,
q,beta_x_noise,16,0.0,100.0,,1e-05,,,100,0.003446820185482924,0.003446820185482924,1.0,1.0,,,,,,
q,beta_x_noise,16,0.0,100.0,,1e-05,,,500,0.0039020515780667786,0.0021357538628491712,1.0,1.0,,,,,,
q,beta_x_noise,17,0.0,100.0,,1e-05,,,100,0.0016900228081650759,0.0016263675447143189,1.0,1.0,,,,,,
q,beta_x_noise,17,0.0,100.0,,1e-05,,,500,0.003244341734426559,0.0031381736142259697,1.0,1.0,,,,,,
q,beta_x_noise,18,0.0,100.0,,1e-05,,,100,0.0021764918172660352,0.0020294914763695493,1.0,1.0,,,,,,
q,beta_x_noise,18,0.0,100.0,,1e-05,,,500,0.004666962884867454,0.0024255795212289044,1.0,1.0,,,,,,
q,beta_x_noise,19,0.0,100.0,,1e-05,,,100,0.0019654073678525563,0.0014364604615569876,1.0,1.0,,,,,,
q,beta_x_noise,19,0.0,100.0,,1e-05,,,500,0.0030694543402005614,0.002431085403019395,1.0,1.0,,,,,,
q,beta_x_noise,4,0.0,100.0,,0.0001,,,100,0.02746125824004908,0.02654635402336758,1.0,1.0,,,,,,
q,beta_x_noise,4,0.0,100.0,,0.0001,,,500,0.031220344130383104,0.01725604058748753,1.0,1.0,,,,,,
q,beta_x_noise,5,0.0,100.0,,0.0001,,,100,0.02550097668388862,0.02276944491275379,1.0,0.9787234042553191,,,,,,
q,beta_x_noise,5,0.0,100.0,,0.0001,,,500,0.03181540819214135,0.021735929298326795,1.0,0.9959514170040485,,,,,,
q,beta_x_noise,6,0.0,100.0,,0.0001,,,100,0.02891015495983762,0.020890923332085087,1.0,1.0,,,,,,
q,beta_x_noise,6,0.0,100.0,,0.0001,,,500,0.03526707467501833,0.03166281067799259,1.0,1.0,,,,,,
q,beta_x_noise,7,0.0,100.0,,0.0001,,,100,0.017672430146813634,0.012953953832969267,1.0,0.9893617021276596,,,,,,
q,beta_x_noise,7,0.0,100.0,,0.0001,,,500,0.03645694382081999,0.026449940570189012,1.0,0.9979757085020243,,,,,,
q,beta_x_noise,8,0.0,100.0,,0.0001,,,100,0.029862675152698137,0.029862675152698137,1.0,0.9891304347826086,,,,,,
q,beta_x_noise,8,0.0,100.0,,0.0001,,,500,0.03320113035350236,0.01953967236535714,1.0,0.9979674796747967,,,,,,
q,beta_x_noise,9,0.0,100.0,,0.0001,,,100,0.02331898789995196,0.02331898789995196,0.9982486865148862,0.978494623655914,,,,,,
q,beta_x_noise,9,0.0,100.0,,0.0001,,,500,0.03534765328323064,0.03363007765286463,0.9996634129922585,0.9959432048681541,,,,,,
q,beta_x_noise,10,0.0,100.0,,0.0001,,,100,0.034210153668688736,0.0261086294821804,1.0,1.0,,,,,,
q,beta_x_noise,10,0.0,100.0,,0.0001,,,500,0.0524768815762795,0.03536134919901546,1.0,1.0,,,,,,
q,beta_x_noise,11,0.0,100.0,,0.0001,,,100,0.0275266944366534,0.023768385325403596,1.0,1.0,,,,,,
q,beta_x_noise,11,0.0,100.0,,0.0001,,,500,0.03840264134750804,0.03840264134750804,1.0,1.0,,,,,,
q,beta_x_noise,12,0.0,100.0,,0.0001,,,100,0.03573589901212121,0.01999895238295557,1.0,1.0,,,,,,
q,beta_x_noise,12,0.0,100.0,,0.0001,,,500,0.03573589901212121,0.020318818963207086,1.0,1.0,,,,,,
q,beta_x_noise,13,0.0,100.0,,0.0001,,,100,0.01714059476927443,0.013073513408424775,1.0,1.0,,,,,,
q,beta_x_noise,13,0.0,100.0,,0.0001,,,500,0.022549721315317184,0.01540126887602189,1.0,1.0,,,,,,
q,beta_x_noise,14,0.0,100.0,,0.0001,,,100,0.029535804791890607,0.024118739685301094,1.0,1.0,,,,,,
q,beta_x_noise,14,0.0,100.0,,0.0001,,,500,0.037081805375184795,0.018639375052480145,0.9986513823331086,0.997979797979798,,,,,,
q,beta_x_noise,15,0.0,100.0,,0.0001,,,100,0.01801792873843755,0.013515169657770387,1.0,0.9894736842105263,,,,,,
q,beta_x_noise,15,0.0,100.0,,0.0001,,,500,0.03422158288462551,0.017916642095637814,1.0,0.9959595959595959,,,,,,
q,beta_x_noise,16,0.0,100.0,,0.0001,,,100,0.03480312834261978,0.03480312834261978,1.0,0.9893617021276596,,,,,,
q,beta_x_noise,16,0.0,100.0,,0.0001,,,500,0.040910748481092885,0.021266574273416772,1.0,0.9979757085020243,,,,,,
q,beta_x_noise,17,0.0,100.0,,0.0001,,,100,0.01690205951450309,0.016265506879995686,1.0,1.0,,,,,,
q,beta_x_noise,17,0.0,100.0,,0.0001,,,500,0.03277688089722908,0.031662618161974354,1.0,1.0,,,,,,
q,beta_x_noise,18,0.0,100.0,,0.0001,,,100,0.020799004723014325,0.020456629200706455,1.0,0.978494623655914,,,,,,
q,beta_x_noise,18,0.0,100.0,,0.0001,,,500,0.0466016876433033,0.024809104665887816,1.0,0.9959432048681541,,,,,,
q,beta_x_noise,19,0.0,100.0,,0.0001,,,100,0.019654918006314026,0.014364444710390833,1.0,1.0,,,,,,
q,beta_x_noise,19,0.0,100.0,,0.0001,,,500,0.02952856990930597,0.02162584701178294,1.0,1.0,,,,,,
q,beta_x_noise,4,0.0,100.0,,0.001,,,100,0.20265782275027022,0.19282928391778487,0.9981515711645101,0.8842105263157894,,,,,,
q,beta_x_noise,4,0.0,100.0,,0.001,,,500,0.23372597356006897,0.17513060386201773,0.999659979598776,0.9777777777777777,,,,,,
q,beta_x_noise,5,0.0,100.0,,0.001,,,100,0.2911650694669353,0.26119497830114713,0.9440559440559441,0.7659574468085106,,,,,,
q,beta_x_noise,5,0.0,100.0,,0.001,,,500,0.31623201469674833,0.22765508139813317,0.9892328398384926,0.9534412955465587,,,,,,
q,beta_x_noise,6,0.0,100.0,,0.001,,,100,0.2255017572951179,0.16463702662896706,0.9533213644524237,0.8494623655913979,,,,,,
q,beta_x_noise,6,0.0,100.0,,0.001,,,500,0.3035304090037305,0.3035304090037305,0.9912073047007102,0.9716024340770791,,,,,,
q,beta_x_noise,7,0.0,100.0,,0.001,,,100,0.17216889085238307,0.11428429491824935,0.9894736842105263,0.7127659574468085,,,,,,
q,beta_x_noise,7,0.0,100.0,,0.001,,,500,0.2790348729360781,0.21255702684463573,0.997979797979798,0.9453441295546559,,,,,,
q,beta_x_noise,0,0.0,100.0,,0.001,,,100,0.2788431984206916,0.26780617979077403,1.0,0.8936170212765957,,,,,,
q,beta_x_noise,0,0.0,100.0,,0.001,,,500,0.3336980280549917,0.2007718224352235,1.0,0.9696356275303644,,,,,,
q,beta_x_noise,1,0.0,100.0,,0.001,,,100,0.1795864665953827,0.1795864665953827,0.9616087751371115,0.8387096774193549,,,,,,
q,beta_x_noise,1,0.0,100.0,,0.001,,,500,0.25170456770766414,0.2441493088238733,0.9928741092636579,0.9695740365111561,,,,,,
q,beta_x_noise,2,0.0,100.0,,0.001,,,100,0.19918433104029665,0.14021074303166237,0.9636678200692042,0.8,,,,,,
q,beta_x_noise,2,0.0,100.0,,0.001,,,500,0.20684686569631705,0.1940099126290884,0.9929482874412358,0.9616161616161616,,,,,,
q,beta_x_noise,3,0.0,100.0,,0.001,,,100,0.18776851165478725,0.16387211253744072,0.9718804920913884,0.7526881720430108,,,,,,
q,beta_x_noise,3,0.0,100.0,,0.001,,,500,0.18776851165478725,0.11927583334099034,0.9946109801279892,0.9513184584178499,,,,,,
q,beta_x_noise,12,0.0,100.0,,0.001,,,100,0.21470132900462513,0.2018043442569667,0.9806338028169014,0.8315789473684211,,,,,,
q,beta_x_noise,12,0.0,100.0,,0.001,,,500,0.2364296159214212,0.17830720234151654,0.9962938005390836,0.9676767676767677,,,,,,
q,beta_x_noise,13,0.0,100.0,,0.001,,,100,0.1741113415228086,0.11533794041835188,0.8785714285714286,0.8404255319148937,,,,,,
q,beta_x_noise,13,0.0,100.0,,0.001,,,500,0.26438206524065144,0.1698667428526368,0.9716216216216216,0.9635627530364372,,,,,,
q,beta_x_noise,14,0.0,100.0,,0.001,,,100,0.17204301935366234,0.17204301935366234,1.0,0.6526315789473685,,,,,,
q,beta_x_noise,14,0.0,100.0,,0.001,,,500,0.23771854659482683,0.21654173842749447,0.9986513823331086,0.8848484848484849,,,,,,
q,beta_x_noise,15,0.0,100.0,,0.001,,,100,0.14583402986748528,0.10512169590743425,0.967128027681661,0.6631578947368421,,,,,,
q,beta_x_noise,15,0.0,100.0,,0.001,,,500,0.287502073531422,0.1809049509306011,0.9858965748824715,0.8828282828282829,,,,,,
q,beta_x_noise,8,0.0,100.0,,0.001,,,100,0.17850686313839492,0.17441304895851273,0.9381625441696113,0.8152173913043478,,,,,,
q,beta_x_noise,8,0.0,100.0,,0.001,,,500,0.25728788282310955,0.19828777854411928,0.9881995954146999,0.9451219512195121,,,,,,
q,beta_x_noise,9,0.0,100.0,,0.001,,,100,0.13267881123806113,0.10653275869543616,0.9404553415061296,0.7204301075268817,,,,,,
q,beta_x_noise,9,0.0,100.0,,0.001,,,500,0.39382831434629506,0.3790717373975563,0.988556041736789,0.9269776876267748,,,,,,
q,beta_x_noise,10,0.0,100.0,,0.001,,,100,0.21232957448041856,0.20942485959895418,0.9982486865148862,0.7553191489361702,,,,,,
q,beta_x_noise,10,0.0,100.0,,0.001,,,500,0.4086074488148326,0.23162876788235187,0.9996634129922585,0.9433198380566802,,,,,,
q,beta_x_noise,11,0.0,100.0,,0.001,,,100,0.21864706745896598,0.13922562671689187,0.9545454545454546,0.7849462365591398,,,,,,
q,beta_x_noise,11,0.0,100.0,,0.001,,,500,0.25385808871627447,0.17942587480330208,0.9915254237288136,0.9594320486815415,,,,,,
q,beta_x_noise,16,0.0,100.0,,0.001,,,100,0.3331652164940663,0.3331652164940663,0.9856887298747764,0.8617021276595744,,,,,,
q,beta_x_noise,16,0.0,100.0,,0.001,,,500,0.4115129801586739,0.17622812343724226,0.9972963839134843,0.9736842105263158,,,,,,
q,beta_x_noise,17,0.0,100.0,,0.001,,,100,0.1316205247200697,0.12801394185388604,0.9921259842519685,0.9148936170212766,,,,,,
q,beta_x_noise,17,0.0,100.0,,0.001,,,500,0.2652223971183463,0.2652223971183463,0.9986244841815681,0.9838056680161943,,,,,,
q,beta_x_noise,18,0.0,100.0,,0.001,,,100,0.2378389027072661,0.2378389027072661,0.9539823008849557,0.7419354838709677,,,,,,
q,beta_x_noise,18,0.0,100.0,,0.001,,,500,0.30122423111349605,0.2849169464228951,0.9912310286677909,0.947261663286004,,,,,,
q,beta_x_noise,19,0.0,100.0,,0.001,,,100,0.1548762128804774,0.10538871054717075,0.9964850615114236,0.8478260869565217,,,,,,
q,beta_x_noise,19,0.0,100.0,,0.001,,,500,0.2519946216109581,0.21117950709262745,0.9993263725159987,0.9715447154471545,,,,,,
q,beta_x_noise,0,0.0,100.0,,0.01,,,100,0.4668877251884633,0.44406306542816515,0.8195876288659794,0.46808510638297873,,,,,,
q,beta_x_noise,0,0.0,100.0,,0.01,,,500,1.5929323355674778,1.5650124063302726,0.8531187122736419,0.4777327935222672,,,,,,
q,beta_x_noise,1,0.0,100.0,,0.01,,,100,0.6139586200117819,0.6139586200117819,0.8610603290676416,0.45161290322580644,,,,,,
q,beta_x_noise,1,0.0,100.0,,0.01,,,500,1.8683148178930409,1.7419838561703567,0.9714964370546318,0.5212981744421906,,,,,,
q,beta_x_noise,2,0.0,100.0,,0.01,,,100,0.3923115765678712,0.3923115765678712,0.9342560553633218,0.4,,,,,,
q,beta_x_noise,2,0.0,100.0,,0.01,,,500,1.7494941843058067,1.7001141617443354,0.9301544660846206,0.45454545454545453,,,,,,
q,beta_x_noise,3,0.0,100.0,,0.01,,,100,0.4576348285921934,0.4576348285921934,0.8699472759226714,0.3870967741935484,,,,,,
q,beta_x_noise,3,0.0,100.0,,0.01,,,500,1.373769099065762,1.3578300087274202,0.8982822499157965,0.4381338742393509,,,,,,
q,beta_x_noise,4,0.0,100.0,,0.01,,,100,0.43526350616739423,0.40507628724621714,0.9426987060998152,0.45263157894736844,,,,,,
q,beta_x_noise,4,0.0,100.0,,0.01,,,500,1.5938809503928983,1.498034369869761,0.9642978578714723,0.5171717171717172,,,,,,
q,beta_x_noise,5,0.0,100.0,,0.01,,,100,0.6199510262762655,0.5822426951718853,0.6451048951048951,0.3404255319148936,,,,,,
q,beta_x_noise,5,0.0,100.0,,0.01,,,500,2.18637386107672,2.0059176086791686,0.9185733512786003,0.46963562753036436,,,,,,
q,beta_x_noise,6,0.0,100.0,,0.01,,,100,0.4938758452642902,0.48290814475571875,0.6624775583482945,0.3010752688172043,,,,,,
q,beta_x_noise,6,0.0,100.0,,0.01,,,500,2.06547437814206,1.9580936357391128,0.8961785593506932,0.4665314401622718,,,,,,
q,beta_x_noise,7,0.0,100.0,,0.01,,,100,0.3555600115630384,0.20875247341714243,0.8859649122807017,0.40425531914893614,,,,,,
q,beta_x_noise,7,0.0,100.0,,0.01,,,500,1.9723628687086316,1.7289702006326126,0.865993265993266,0.4676113360323887,,,,,,
q,beta_x_noise,8,0.0,100.0,,0.01,,,100,0.319487791123678,0.319487791123678,0.784452296819788,0.32608695652173914,,,,,,
q,beta_x_noise,8,0.0,100.0,,0.01,,,500,1.4175024540028438,1.4175024540028438,0.8648010788941335,0.39227642276422764,,,,,,
q,beta_x_noise,9,0.0,100.0,,0.01,,,100,0.38360435728427533,0.37983919519402787,0.8774080560420315,0.43010752688172044,,,,,,
q,beta_x_noise,9,0.0,100.0,,0.01,,,500,1.4869095896537763,1.4297887368302047,0.9145069000336588,0.4340770791075051,,,,,,
q,beta_x_noise,10,0.0,100.0,,0.01,,,100,0.36525284389244983,0.3249452942170948,0.9281961471103327,0.43617021276595747,,,,,,
q,beta_x_noise,10,0.0,100.0,,0.01,,,500,1.654048270848838,1.351854251793156,0.9676876472568159,0.4959514170040486,,,,,,
q,beta_x_noise,11,0.0,100.0,,0.01,,,100,0.5938204090875747,0.5479906612852209,0.7090909090909091,0.3870967741935484,,,,,,
q,beta_x_noise,11,0.0,100.0,,0.01,,,500,1.7009617439423423,1.667167132305035,0.8664406779661017,0.4482758620689655,,,,,,
q,beta_x_noise,12,0.0,100.0,,0.01,,,100,0.6006388486360867,0.6006388486360867,0.8204225352112676,0.3684210526315789,,,,,,
q,beta_x_noise,12,0.0,100.0,,0.01,,,500,1.664918382390855,1.664918382390855,0.9400269541778976,0.4161616161616162,,,,,,
q,beta_x_noise,13,0.0,100.0,,0.01,,,100,0.5512227601618109,0.5291578455041615,0.7696428571428572,0.40425531914893614,,,,,,
q,beta_x_noise,13,0.0,100.0,,0.01,,,500,1.9373659883330943,1.865099519742141,0.9175675675675675,0.5060728744939271,,,,,,
q,beta_x_noise,14,0.0,100.0,,0.01,,,100,0.28391745135909197,0.27341119830840127,0.6201413427561837,0.3157894736842105,,,,,,
q,beta_x_noise,14,0.0,100.0,,0.01,,,500,1.5324790972998916,1.356212556308954,0.7666891436277815,0.40606060606060607,,,,,,
q,beta_x_noise,15,0.0,100.0,,0.01,,,100,0.3887244360464559,0.2336776066807924,0.8529411764705882,0.3894736842105263,,,,,,
q,beta_x_noise,15,0.0,100.0,,0.01,,,500,1.2040490200406921,1.181050295721985,0.8173270651443922,0.4,,,,,,
q,beta_x_noise,16,0.0,100.0,,0.01,,,100,0.7844312295548221,0.7844312295548221,0.855098389982111,0.3829787234042553,,,,,,
q,beta_x_noise,16,0.0,100.0,,0.01,,,500,2.1810343010380477,2.143529814317465,0.9648529908752957,0.46963562753036436,,,,,,
q,beta_x_noise,17,0.0,100.0,,0.01,,,100,0.6182314854085432,0.6120731947507121,0.9389763779527559,0.4148936170212766,,,,,,
q,beta_x_noise,17,0.0,100.0,,0.01,,,500,2.079660632742707,2.0536773234842656,0.9205639614855571,0.46153846153846156,,,,,,
q,beta_x_noise,18,0.0,100.0,,0.01,,,100,0.8451333676078249,0.5725919684355538,0.7150442477876107,0.43010752688172044,,,,,,
q,beta_x_noise,18,0.0,100.0,,0.01,,,500,2.1115998962894267,2.057095295384729,0.8920741989881956,0.39553752535496955,,,,,,
q,beta_x_noise,19,0.0,100.0,,0.01,,,100,0.4384986678529099,0.3249350961366163,0.8998242530755711,0.45652173913043476,,,,,,
q,beta_x_noise,19,0.0,100.0,,0.01,,,500,1.5117409144880616,1.3393728241824234,0.9757494105759515,0.5487804878048781,,,,,,
q,beta_x_noise,0,0.0,100.0,,0.03,,,100,0.9014797945206634,0.7294478159742754,0.5257731958762887,0.40425531914893614,,,,,,
q,beta_x_noise,0,0.0,100.0,,0.03,,,500,2.025963055386491,1.9392083968984806,0.5087189805499664,0.37449392712550605,,,,,,
q,beta_x_noise,1,0.0,100.0,,0.03,,,100,0.9579887919426324,0.9579887919426324,0.7550274223034735,0.40860215053763443,,,,,,
q,beta_x_noise,1,0.0,100.0,,0.03,,,500,2.4647791723261485,2.3090473986267206,0.8116728876823889,0.3935091277890467,,,,,,
q,beta_x_noise,2,0.0,100.0,,0.03,,,100,0.6061632019721579,0.5258606215978345,0.7923875432525952,0.37894736842105264,,,,,,
q,beta_x_noise,2,0.0,100.0,,0.03,,,500,2.2366001780336333,2.1064036606744456,0.7730020147750168,0.34949494949494947,,,,,,
q,beta_x_noise,3,0.0,100.0,,0.03,,,100,0.9574500308086383,0.9574500308086383,0.6695957820738138,0.3225806451612903,,,,,,
q,beta_x_noise,3,0.0,100.0,,0.03,,,500,2.1582737557354683,2.113136366419177,0.660491748063321,0.3488843813387424,,,,,,
q,beta_x_noise,4,0.0,100.0,,0.03,,,100,0.8639056271780097,0.7733439704144784,0.7744916820702403,0.4,,,,,,
q,beta_x_noise,4,0.0,100.0,,0.03,,,500,2.769931297309992,1.9528298802721964,0.8616116967018022,0.402020202020202,,,,,,
q,beta_x_noise,5,0.0,100.0,,0.03,,,100,0.8644599969920317,0.6519075761777933,0.5576923076923077,0.30851063829787234,,,,,,
q,beta_x_noise,5,0.0,100.0,,0.03,,,500,3.0122969552757737,2.854081062343935,0.6998654104979811,0.3623481781376518,,,,,,
q,beta_x_noise,6,0.0,100.0,,0.03,,,100,1.13501451404709,0.7794512703941802,0.5763016157989228,0.25806451612903225,,,,,,
q,beta_x_noise,6,0.0,100.0,,0.03,,,500,2.9992433543104493,2.3467538442966562,0.6990192762935408,0.3448275862068966,,,,,,
q,beta_x_noise,7,0.0,100.0,,0.03,,,100,1.0942900251915226,0.5444237508859702,0.6877192982456141,0.3617021276595745,,,,,,
q,beta_x_noise,7,0.0,100.0,,0.03,,,500,2.5454532230848197,2.4889754733883063,0.6646464646464646,0.3765182186234818,,,,,,
q,beta_x_noise,12,0.0,100.0,,0.03,,,100,0.8781978516175549,0.8447266810928331,0.6742957746478874,0.3157894736842105,,,,,,
q,beta_x_noise,12,0.0,100.0,,0.03,,,500,2.1486252381908457,2.0340666216792713,0.5842318059299192,0.32727272727272727,,,,,,
q,beta_x_noise,13,0.0,100.0,,0.03,,,100,0.9592656477968279,0.8930709038238793,0.6089285714285714,0.35106382978723405,,,,,,
q,beta_x_noise,13,0.0,100.0,,0.03,,,500,3.028930556324271,2.5213536620005597,0.6824324324324325,0.38461538461538464,,,,,,
q,beta_x_noise,14,0.0,100.0,,0.03,,,100,0.6584916978129682,0.49387680399035466,0.39045936395759717,0.30526315789473685,,,,,,
q,beta_x_noise,14,0.0,100.0,,0.03,,,500,2.0910795094799903,1.6070115118036594,0.5249494268374916,0.34949494949494947,,,,,,
q,beta_x_noise,15,0.0,100.0,,0.03,,,100,0.8929765541065755,0.4330180995948185,0.7041522491349481,0.37894736842105264,,,,,,
q,beta_x_noise,15,0.0,100.0,,0.03,,,500,2.075165792993387,2.0138812141304756,0.6766286098052384,0.34545454545454546,,,,,,
q,beta_x_noise,8,0.0,100.0,,0.03,,,100,0.7045757541824372,0.5735894663484711,0.627208480565371,0.30434782608695654,,,,,,
q,beta_x_noise,8,0.0,100.0,,0.03,,,500,1.9067087892811965,1.726966163484141,0.6712744436952124,0.3556910569105691,,,,,,
q,beta_x_noise,9,0.0,100.0,,0.03,,,100,1.012171520335681,0.9701476022184098,0.7530647985989493,0.3548387096774194,,,,,,
q,beta_x_noise,9,0.0,100.0,,0.03,,,500,2.1806587100065995,1.80322164711589,0.6782228205991249,0.3630831643002028,,,,,,
q,beta_x_noise,10,0.0,100.0,,0.03,,,100,0.8441436551383907,0.620931024630937,0.6830122591943958,0.39361702127659576,,,,,,
q,beta_x_noise,10,0.0,100.0,,0.03,,,500,2.042141413272849,1.751578067871634,0.7778525748906092,0.39878542510121456,,,,,,
q,beta_x_noise,11,0.0,100.0,,0.03,,,100,0.7300229979753745,0.7200053353138841,0.4909090909090909,0.3763440860215054,,,,,,
q,beta_x_noise,11,0.0,100.0,,0.03,,,500,2.5387246221259896,2.4373407872140676,0.6030508474576272,0.3711967545638945,,,,,,
q,beta_x_noise,16,0.0,100.0,,0.03,,,100,1.2856160104633676,1.2856160104633676,0.5223613595706619,0.30851063829787234,,,,,,
q,beta_x_noise,16,0.0,100.0,,0.03,,,500,2.7013728259696754,2.3247579581128077,0.7641094964515038,0.3360323886639676,,,,,,
q,beta_x_noise,17,0.0,100.0,,0.03,,,100,0.8940023638732653,0.7303505523926012,0.8248031496062992,0.39361702127659576,,,,,,
q,beta_x_noise,17,0.0,100.0,,0.03,,,500,2.7552564277108837,2.7172202244701626,0.6519944979367263,0.39473684210526316,,,,,,
q,beta_x_noise,18,0.0,100.0,,0.03,,,100,1.2481127687122329,0.9220492069857756,0.45309734513274336,0.41935483870967744,,,,,,
q,beta_x_noise,18,0.0,100.0,,0.03,,,500,2.6706713035623415,2.3236781386548504,0.4094435075885329,0.32454361054766734,,,,,,
q,beta_x_noise,19,0.0,100.0,,0.03,,,100,0.6377518476014948,0.5371525816472974,0.7240773286467487,0.40217391304347827,,,,,,
q,beta_x_noise,19,0.0,100.0,,0.03,,,500,2.079806951196668,1.6955616690205093,0.8073425395756146,0.4166666666666667,,,,,,
q,beta_x_noise,0,0.0,100.0,,0.1,,,100,3.1145198355807726,2.4937410560488384,0.3247422680412371,0.3829787234042553,,,,,,
q,beta_x_noise,0,0.0,100.0,,0.1,,,500,6.138394457474461,5.110600974388243,0.3346747149564051,0.340080971659919,,,,,,
q,beta_x_noise,1,0.0,100.0,,0.1,,,100,2.2457651546136015,2.2198928312290636,0.4826325411334552,0.3978494623655914,,,,,,
q,beta_x_noise,1,0.0,100.0,,0.1,,,500,4.676010678709474,3.8669295898367144,0.497794367153037,0.3711967545638945,,,,,,
q,beta_x_noise,2,0.0,100.0,,0.1,,,100,2.0248612587548154,1.7019833887379243,0.6141868512110726,0.3473684210526316,,,,,,
q,beta_x_noise,2,0.0,100.0,,0.1,,,500,5.191736463792567,4.659140963711968,0.5463398253861652,0.3212121212121212,,,,,,
q,beta_x_noise,3,0.0,100.0,,0.1,,,100,2.7068032385661973,2.7068032385661973,0.39015817223198596,0.3118279569892473,,,,,,
q,beta_x_noise,3,0.0,100.0,,0.1,,,500,3.9684768828239525,3.6183887035498827,0.4166385988548333,0.3204868154158215,,,,,,
q,beta_x_noise,4,0.0,100.0,,0.1,,,100,2.3528768594949008,2.05100467028313,0.4713493530499076,0.4,,,,,,
q,beta_x_noise,4,0.0,100.0,,0.1,,,500,5.068611642198187,3.596106249602361,0.578714722883373,0.3797979797979798,,,,,,
q,beta_x_noise,5,0.0,100.0,,0.1,,,100,2.7466790844905917,2.2699857631224845,0.34265734265734266,0.3191489361702128,,,,,,
q,beta_x_noise,5,0.0,100.0,,0.1,,,500,5.356146539128508,4.2157865257109215,0.4488559892328398,0.3360323886639676,,,,,,
q,beta_x_noise,6,0.0,100.0,,0.1,,,100,3.263472394441634,1.7040790287465126,0.4757630161579892,0.24731182795698925,,,,,,
q,beta_x_noise,6,0.0,100.0,,0.1,,,500,6.076443707499839,4.060282259972989,0.4629692255664525,0.3367139959432049,,,,,,
q,beta_x_noise,7,0.0,100.0,,0.1,,,100,3.6773021316230445,1.8147458362865674,0.48771929824561405,0.35106382978723405,,,,,,
q,beta_x_noise,7,0.0,100.0,,0.1,,,500,4.856798854659454,4.856798854659454,0.43468013468013467,0.3562753036437247,,,,,,
q,beta_x_noise,12,0.0,100.0,,0.1,,,100,2.5793486529943195,2.4995863567236136,0.426056338028169,0.30526315789473685,,,,,,
q,beta_x_noise,12,0.0,100.0,,0.1,,,500,3.512263828703448,2.8453413095332474,0.3894878706199461,0.3151515151515151,,,,,,
q,beta_x_noise,13,0.0,100.0,,0.1,,,100,2.609284469374404,1.9575330636513062,0.45714285714285713,0.32978723404255317,,,,,,
q,beta_x_noise,13,0.0,100.0,,0.1,,,500,6.0357949328975105,3.23573109168367,0.40912162162162163,0.3481781376518219,,,,,,
q,beta_x_noise,14,0.0,100.0,,0.1,,,100,2.0452074466501244,1.2857503867874018,0.24911660777385158,0.28421052631578947,,,,,,
q,beta_x_noise,14,0.0,100.0,,0.1,,,500,5.023208404201697,4.701080781228146,0.3583951449763992,0.32525252525252524,,,,,,
q,beta_x_noise,15,0.0,100.0,,0.1,,,100,2.9680152183595307,1.3142917579131124,0.6141868512110726,0.3368421052631579,,,,,,
q,beta_x_noise,15,0.0,100.0,,0.1,,,500,4.4258845629337795,3.4243677895425133,0.42780389523169915,0.3151515151515151,,,,,,
q,beta_x_noise,8,0.0,100.0,,0.1,,,100,2.142237916427621,1.5603466542882662,0.43992932862190814,0.30434782608695654,,,,,,
q,beta_x_noise,8,0.0,100.0,,0.1,,,500,4.673718095164094,4.246649233064166,0.44369521240728255,0.33739837398373984,,,,,,
q,beta_x_noise,9,0.0,100.0,,0.1,,,100,3.787801331291687,3.7501497103892123,0.5919439579684763,0.34408602150537637,,,,,,
q,beta_x_noise,9,0.0,100.0,,0.1,,,500,6.129652591012056,4.7489745136159,0.4540558734432851,0.33874239350912777,,,,,,
q,beta_x_noise,10,0.0,100.0,,0.1,,,100,2.6918007818081335,1.8952138717326812,0.5148861646234676,0.3829787234042553,,,,,,
q,beta_x_noise,10,0.0,100.0,,0.1,,,500,4.1054574013908836,2.7960556675702306,0.5812857623695725,0.37044534412955465,,,,,,
q,beta_x_noise,11,0.0,100.0,,0.1,,,100,2.307256939872706,2.10471407008737,0.40545454545454546,0.3655913978494624,,,,,,
q,beta_x_noise,11,0.0,100.0,,0.1,,,500,5.08114772656724,3.518129557164059,0.3911864406779661,0.34279918864097364,,,,,,
q,beta_x_noise,16,0.0,100.0,,0.1,,,100,4.233201356544702,4.233201356544702,0.29159212880143115,0.2872340425531915,,,,,,
q,beta_x_noise,16,0.0,100.0,,0.1,,,500,5.524990561322371,2.984038138255004,0.34606285907401146,0.29959514170040485,,,,,,
q,beta_x_noise,17,0.0,100.0,,0.1,,,100,2.980007879577551,2.4345018413086708,0.5885826771653543,0.3723404255319149,,,,,,
q,beta_x_noise,17,0.0,100.0,,0.1,,,500,7.601075535588404,7.601075535588404,0.43191196698762035,0.354251012145749,,,,,,
q,beta_x_noise,18,0.0,100.0,,0.1,,,100,3.9684753591415087,3.0099932735982033,0.3345132743362832,0.3978494623655914,,,,,,
q,beta_x_noise,18,0.0,100.0,,0.1,,,500,5.157364099730677,5.099052136854162,0.27284991568296796,0.30425963488843816,,,,,,
q,beta_x_noise,19,0.0,100.0,,0.1,,,100,1.9651127274362472,1.5493134023114887,0.46924428822495606,0.40217391304347827,,,,,,
q,beta_x_noise,19,0.0,100.0,,0.1,,,500,4.799137848734279,2.580129148816865,0.5129673290670259,0.3902439024390244,,,,,,
q,beta_x_noise,8,0.0,100.0,,0.3,,,100,8.248625125487623,8.248625125487623,0.411660777385159,0.29347826086956524,,,,,,
q,beta_x_noise,8,0.0,100.0,,0.3,,,500,15.378028440425116,14.096821854125329,0.3074848280512475,0.34552845528455284,,,,,,
q,beta_x_noise,9,0.0,100.0,,0.3,,,100,11.299302041205635,11.186347178498211,0.46059544658493873,0.2903225806451613,,,,,,
q,beta_x_noise,9,0.0,100.0,,0.3,,,500,15.222149147630253,8.641598080063916,0.3749579266240323,0.3286004056795132,,,,,,
q,beta_x_noise,10,0.0,100.0,,0.3,,,100,8.468183970836307,7.293270642554009,0.500875656742557,0.30851063829787234,,,,,,
q,beta_x_noise,10,0.0,100.0,,0.3,,,500,19.303154945603204,13.826232566170999,0.5281050151464154,0.31781376518218624,,,,,,
q,beta_x_noise,11,0.0,100.0,,0.3,,,100,7.25497091353599,6.638519581703459,0.5036363636363637,0.3010752688172043,,,,,,
q,beta_x_noise,11,0.0,100.0,,0.3,,,500,18.72126182980888,17.80004006300505,0.40983050847457625,0.2961460446247465,,,,,,
q,beta_x_noise,0,0.0,100.0,,0.3,,,100,12.202124337478525,10.188561543441345,0.27491408934707906,0.40425531914893614,,,,,,
q,beta_x_noise,0,0.0,100.0,,0.3,,,500,26.10822353774149,23.47897541410768,0.2531857813547954,0.3562753036437247,,,,,,
q,beta_x_noise,1,0.0,100.0,,0.3,,,100,6.914836673271501,6.433785558756744,0.4296160877513711,0.3118279569892473,,,,,,
q,beta_x_noise,1,0.0,100.0,,0.3,,,500,13.785335585272136,11.65804120432974,0.3990498812351544,0.3407707910750507,,,,,,
q,beta_x_noise,2,0.0,100.0,,0.3,,,100,7.807656051549368,7.7384996891674165,0.47923875432525953,0.35789473684210527,,,,,,
q,beta_x_noise,2,0.0,100.0,,0.3,,,500,27.22082528300196,25.49525479329063,0.5235057085292142,0.3414141414141414,,,,,,
q,beta_x_noise,3,0.0,100.0,,0.3,,,100,7.519531065888135,7.519531065888135,0.3321616871704745,0.22580645161290322,,,,,,
q,beta_x_noise,3,0.0,100.0,,0.3,,,500,15.116572820164496,9.510000393952541,0.3614011451667228,0.3286004056795132,,,,,,
q,beta_x_noise,4,0.0,100.0,,0.3,,,100,7.1305787171792145,7.1305787171792145,0.4787430683918669,0.3157894736842105,,,,,,
q,beta_x_noise,4,0.0,100.0,,0.3,,,500,22.455743976268252,17.72464078228262,0.522951377082625,0.35555555555555557,,,,,,
q,beta_x_noise,5,0.0,100.0,,0.3,,,100,12.731654503011981,8.978334224579907,0.3339160839160839,0.3191489361702128,,,,,,
q,beta_x_noise,5,0.0,100.0,,0.3,,,500,15.534107247086148,14.067773756484955,0.35598923283983847,0.33805668016194335,,,,,,
q,beta_x_noise,6,0.0,100.0,,0.3,,,100,12.705771112213025,7.012783539923808,0.4578096947935368,0.3333333333333333,,,,,,
q,beta_x_noise,6,0.0,100.0,,0.3,,,500,21.400527287229192,18.761554111245168,0.43016570848833274,0.3813387423935091,,,,,,
q,beta_x_noise,7,0.0,100.0,,0.3,,,100,10.171941166654078,5.72756478676786,0.3736842105263158,0.3404255319148936,,,,,,
q,beta_x_noise,7,0.0,100.0,,0.3,,,500,14.281897165275138,14.24742970994268,0.46195286195286195,0.34615384615384615,,,,,,
q,beta_x_noise,0,0.0,1000.0,,0.0,,,100,1.7430501486614958e-14,1.7430501486614958e-14,1.0,1.0,,,,,,
q,beta_x_noise,0,0.0,1000.0,,0.0,,,500,4.3076653355456074e-14,4.1744385725905886e-14,1.0,1.0,,,,,,
q,beta_x_noise,1,0.0,1000.0,,0.0,,,100,1.6431300764452317e-14,1.6431300764452317e-14,1.0,1.0,,,,,,
q,beta_x_noise,1,0.0,1000.0,,0.0,,,500,5.1958437552457326e-14,5.062616992290714e-14,1.0,1.0,,,,,,
q,beta_x_noise,2,0.0,1000.0,,0.0,,,100,3.171837792415033e-13,1.6975310046518644e-13,1.0,1.0,,,,,,
q,beta_x_noise,2,0.0,1000.0,,0.0,,,500,3.171837792415033e-13,4.107825191113079e-14,1.0,1.0,,,,,,
q,beta_x_noise,3,0.0,1000.0,,0.0,,,100,3.6262270963760557e-11,1.2932654946951061e-11,1.0,1.0,,,,,,
q,beta_x_noise,3,0.0,1000.0,,0.0,,,500,3.6262270963760557e-11,3.6262104430306863e-12,1.0,1.0,,,,,,
q,beta_x_noise,12,0.0,100.0,,0.3,,,100,7.932030031954924,7.692743143142806,0.3714788732394366,0.2631578947368421,,,,,,
q,beta_x_noise,12,0.0,100.0,,0.3,,,500,14.320097320021043,8.558433667565946,0.2634770889487871,0.3292929292929293,,,,,,
q,beta_x_noise,13,0.0,100.0,,0.3,,,100,8.633971315410257,6.229439937793794,0.5017857142857143,0.40425531914893614,,,,,,
q,beta_x_noise,13,0.0,100.0,,0.3,,,500,13.842698974741088,8.712317403865427,0.40945945945945944,0.3360323886639676,,,,,,
q,beta_x_noise,14,0.0,100.0,,0.3,,,100,6.60781693651828,3.926110277453407,0.2420494699646643,0.29473684210526313,,,,,,
q,beta_x_noise,14,0.0,100.0,,0.3,,,500,13.9821307273488,12.017464161799028,0.36210384356035064,0.3515151515151515,,,,,,
q,beta_x_noise,15,0.0,100.0,,0.3,,,100,10.240403094205103,5.453133940608719,0.6055363321799307,0.2631578947368421,,,,,,
q,beta_x_noise,15,0.0,100.0,,0.3,,,500,21.935937565773617,13.610298579257005,0.5003357958361316,0.298989898989899,,,,,,
q,beta_x_noise,16,0.0,100.0,,0.3,,,100,12.984071905356483,12.984071905356483,0.27906976744186046,0.24468085106382978,,,,,,
q,beta_x_noise,16,0.0,100.0,,0.3,,,500,18.516485632272527,17.2997263586417,0.279486312943562,0.2874493927125506,,,,,,
q,beta_x_noise,17,0.0,100.0,,0.3,,,100,9.84546568092755,6.1687606262689165,0.5177165354330708,0.30851063829787234,,,,,,
q,beta_x_noise,17,0.0,100.0,,0.3,,,500,35.50867421835492,35.50867421835492,0.2833562585969739,0.354251012145749,,,,,,
q,beta_x_noise,18,0.0,100.0,,0.3,,,100,11.815471163163782,8.940024906533866,0.3238938053097345,0.3870967741935484,,,,,,
q,beta_x_noise,18,0.0,100.0,,0.3,,,500,17.65095695641056,13.489574419264232,0.1430016863406408,0.30425963488843816,,,,,,
q,beta_x_noise,19,0.0,100.0,,0.3,,,100,7.019062943735296,4.516872241723377,0.39718804920913886,0.358695652173913,,,,,,
q,beta_x_noise,19,0.0,100.0,,0.3,,,500,19.381255952431044,5.906776018775482,0.352980801616706,0.34146341463414637,,,,,,
q,beta_x_noise,4,0.0,1000.0,,0.0,,,100,2.398081733190338e-14,1.8540724511240114e-14,1.0,1.0,,,,,,
q,beta_x_noise,4,0.0,1000.0,,0.0,,,500,5.3290705182007514e-14,4.884981308350689e-14,1.0,1.0,,,,,,
q,beta_x_noise,5,0.0,1000.0,,0.0,,,100,4.724991786719812e-10,3.5781222429420723e-10,1.0,1.0,,,,,,
q,beta_x_noise,5,0.0,1000.0,,0.0,,,500,4.724991786719812e-10,1.589457454542753e-10,1.0,1.0,,,,,,
q,beta_x_noise,6,0.0,1000.0,,0.0,,,100,2.1316282072803006e-14,2.1316282072803006e-14,1.0,1.0,,,,,,
q,beta_x_noise,6,0.0,1000.0,,0.0,,,500,5.3290705182007514e-14,5.3290705182007514e-14,1.0,1.0,,,,,,
q,beta_x_noise,7,0.0,1000.0,,0.0,,,100,1.2989609388114332e-14,1.0880185641326534e-14,1.0,1.0,,,,,,
q,beta_x_noise,7,0.0,1000.0,,0.0,,,500,2.1538326677728037e-14,1.7319479184152442e-14,1.0,1.0,,,,,,
q,beta_x_noise,8,0.0,1000.0,,0.0,,,100,1.199040866595169e-14,1.1324274851176597e-14,1.0,1.0,,,,,,
q,beta_x_noise,8,0.0,1000.0,,0.0,,,500,2.930988785010413e-14,2.042810365310288e-14,1.0,1.0,,,,,,
q,beta_x_noise,9,0.0,1000.0,,0.0,,,100,1.9761969838327786e-14,1.9761969838327786e-14,1.0,1.0,,,,,,
q,beta_x_noise,9,0.0,1000.0,,0.0,,,500,5.3290705182007514e-14,5.284661597215745e-14,1.0,1.0,,,,,,
q,beta_x_noise,10,0.0,1000.0,,0.0,,,100,2.9531932455029164e-14,2.0095036745715333e-14,1.0,1.0,,,,,,
q,beta_x_noise,10,0.0,1000.0,,0.0,,,500,2.9531932455029164e-14,2.220446049250313e-14,1.0,1.0,,,,,,
q,beta_x_noise,11,0.0,1000.0,,0.0,,,100,3.197442310920451e-14,3.197442310920451e-14,1.0,1.0,,,,,,
q,beta_x_noise,11,0.0,1000.0,,0.0,,,500,5.81756864903582e-14,5.684341886080802e-14,1.0,1.0,,,,,,
q,beta_x_noise,12,0.0,1000.0,,0.0,,,100,1.3988810110276972e-14,1.2989609388114332e-14,1.0,1.0,,,,,,
q,beta_x_noise,12,0.0,1000.0,,0.0,,,500,2.353672812205332e-14,1.9539925233402755e-14,1.0,1.0,,,,,,
q,beta_x_noise,13,0.0,1000.0,,0.0,,,100,2.6201263381153694e-14,2.6201263381153694e-14,1.0,1.0,,,,,,
q,beta_x_noise,13,0.0,1000.0,,0.0,,,500,6.217248937900877e-14,6.217248937900877e-14,1.0,1.0,,,,,,
q,beta_x_noise,14,0.0,1000.0,,0.0,,,100,1.0380585280245214e-14,1.0380585280245214e-14,1.0,1.0,,,,,,
q,beta_x_noise,14,0.0,1000.0,,0.0,,,500,3.064215547965432e-14,3.064215547965432e-14,1.0,1.0,,,,,,
q,beta_x_noise,15,0.0,1000.0,,0.0,,,100,1.3433698597964394e-14,1.3433698597964394e-14,1.0,1.0,,,,,,
q,beta_x_noise,15,0.0,1000.0,,0.0,,,500,2.90878432451791e-14,2.7977620220553945e-14,1.0,1.0,,,,,,
q,beta_x_noise,16,0.0,1000.0,,0.0,,,100,2.7977620220553945e-14,2.6201263381153694e-14,1.0,1.0,,,,,,
q,beta_x_noise,16,0.0,1000.0,,0.0,,,500,4.884981308350689e-14,4.618527782440651e-14,1.0,1.0,,,,,,
q,beta_x_noise,17,0.0,1000.0,,0.0,,,100,8.215650382226158e-15,8.215650382226158e-15,1.0,1.0,,,,,,
q,beta_x_noise,17,0.0,1000.0,,0.0,,,500,2.886579864025407e-14,2.842170943040401e-14,1.0,1.0,,,,,,
q,beta_x_noise,18,0.0,1000.0,,0.0,,,100,1.765254609153999e-14,1.587618925213974e-14,1.0,1.0,,,,,,
q,beta_x_noise,18,0.0,1000.0,,0.0,,,500,3.3306690738754696e-14,2.2648549702353193e-14,1.0,1.0,,,,,,
q,beta_x_noise,19,0.0,1000.0,,0.0,,,100,2.55351295663786e-14,2.55351295663786e-14,1.0,1.0,,,,,,
q,beta_x_noise,19,0.0,1000.0,,0.0,,,500,3.1530333899354446e-14,1.5987211554602254e-14,1.0,1.0,,,,,,
q,beta_x_noise,0,0.0,1000.0,,1e-05,,,100,0.002970555868567315,0.0029630150492705454,1.0,1.0,,,,,,
q,beta_x_noise,0,0.0,1000.0,,1e-05,,,500,0.004656060777392224,0.001879962603748675,1.0,1.0,,,,,,
q,beta_x_noise,1,0.0,1000.0,,1e-05,,,100,0.00197560674586722,0.0018787600114992253,1.0,1.0,,,,,,
q,beta_x_noise,1,0.0,1000.0,,1e-05,,,500,0.0033035868477648833,0.002940347962513634,1.0,1.0,,,,,,
q,beta_x_noise,2,0.0,1000.0,,1e-05,,,100,0.0025596049842466773,0.002405516920074957,1.0,0.9894736842105263,,,,,,
q,beta_x_noise,2,0.0,1000.0,,1e-05,,,500,0.003940830460116063,0.00226327491040057,1.0,0.997979797979798,,,,,,
q,beta_x_noise,3,0.0,1000.0,,1e-05,,,100,0.003010161249950516,0.0017287490380177573,1.0,1.0,,,,,,
q,beta_x_noise,3,0.0,1000.0,,1e-05,,,500,0.003010161249950516,0.0015314036455658098,1.0,1.0,,,,,,
q,beta_x_noise,4,0.0,1000.0,,1e-05,,,100,0.0029416312490739838,0.002711421930535085,1.0,1.0,,,,,,
q,beta_x_noise,4,0.0,1000.0,,1e-05,,,500,0.0032738548916007026,0.00214334110761083,1.0,1.0,,,,,,
q,beta_x_noise,5,0.0,1000.0,,1e-05,,,100,0.002549978544544973,0.0022768097645615715,1.0,1.0,,,,,,
q,beta_x_noise,5,0.0,1000.0,,1e-05,,,500,0.0031812796788510678,0.0022173818306512327,1.0,1.0,,,,,,
q,beta_x_noise,6,0.0,1000.0,,1e-05,,,100,0.0029953157429032373,0.002166452916767092,1.0,1.0,,,,,,
q,beta_x_noise,6,0.0,1000.0,,1e-05,,,500,0.0034652242901489494,0.0031065062983184344,1.0,1.0,,,,,,
q,beta_x_noise,7,0.0,1000.0,,1e-05,,,100,0.0017672306147151762,0.0012803246325987505,1.0,1.0,,,,,,
q,beta_x_noise,7,0.0,1000.0,,1e-05,,,500,0.0036652426803580607,0.002677269992299669,1.0,1.0,,,,,,
q,beta_x_noise,8,0.0,1000.0,,1e-05,,,100,0.003011024812089258,0.003011024812089258,1.0,1.0,,,,,,
q,beta_x_noise,8,0.0,1000.0,,1e-05,,,500,0.003344061065441939,0.0019378072806208735,1.0,1.0,,,,,,
q,beta_x_noise,9,0.0,1000.0,,1e-05,,,100,0.002352751571489675,0.002352751571489675,1.0,1.0,,,,,,
q,beta_x_noise,9,0.0,1000.0,,1e-05,,,500,0.0034933300171720028,0.003320004359341988,1.0,1.0,,,,,,
q,beta_x_noise,10,0.0,1000.0,,1e-05,,,100,0.0034936602546541407,0.0026639832386132767,1.0,1.0,,,,,,
q,beta_x_noise,10,0.0,1000.0,,1e-05,,,500,0.005448631959916295,0.003583104928122527,1.0,1.0,,,,,,
q,beta_x_noise,11,0.0,1000.0,,1e-05,,,100,0.0027526690944235654,0.002376837007932453,1.0,1.0,,,,,,
q,beta_x_noise,11,0.0,1000.0,,1e-05,,,500,0.003990394752608761,0.003990394752608761,1.0,1.0,,,,,,
q,beta_x_noise,12,0.0,1000.0,,1e-05,,,100,0.0035738357177922953,0.0020007524329757054,1.0,1.0,,,,,,
q,beta_x_noise,12,0.0,1000.0,,1e-05,,,500,0.0035738357177922953,0.0020389386755637062,1.0,1.0,,,,,,
q,beta_x_noise,13,0.0,1000.0,,1e-05,,,100,0.001714150707373241,0.0013074416589791138,1.0,1.0,,,,,,
q,beta_x_noise,13,0.0,1000.0,,1e-05,,,500,0.0025283553450798912,0.0014512565907323083,1.0,1.0,,,,,,
q,beta_x_noise,14,0.0,1000.0,,1e-05,,,100,0.002953552048970076,0.0024118804667705995,1.0,1.0,,,,,,
q,beta_x_noise,14,0.0,1000.0,,1e-05,,,500,0.0036357856176416625,0.0017293180524112772,1.0,1.0,,,,,,
q,beta_x_noise,15,0.0,1000.0,,1e-05,,,100,0.00179200429178622,0.0014516247892155665,1.0,1.0,,,,,,
q,beta_x_noise,15,0.0,1000.0,,1e-05,,,500,0.0034781571372530795,0.0018926997269721468,1.0,1.0,,,,,,
q,beta_x_noise,16,0.0,1000.0,,1e-05,,,100,0.003446822383085024,0.003446822383085024,1.0,1.0,,,,,,
q,beta_x_noise,16,0.0,1000.0,,1e-05,,,500,0.0039020531218878496,0.0021357638701614834,1.0,1.0,,,,,,
q,beta_x_noise,17,0.0,1000.0,,1e-05,,,100,0.0016900191102129092,0.0016263638467621522,1.0,1.0,,,,,,
q,beta_x_noise,17,0.0,1000.0,,1e-05,,,500,0.0032443374955630766,0.003138171429399428,1.0,1.0,,,,,,
q,beta_x_noise,18,0.0,1000.0,,1e-05,,,100,0.002176491828226157,0.002029491448953258,1.0,1.0,,,,,,
q,beta_x_noise,18,0.0,1000.0,,1e-05,,,500,0.004666963093706622,0.0024255793635949985,1.0,1.0,,,,,,
q,beta_x_noise,19,0.0,1000.0,,1e-05,,,100,0.0019654083736400096,0.0014364602382511693,1.0,1.0,,,,,,
q,beta_x_noise,19,0.0,1000.0,,1e-05,,,500,0.0030694553599892593,0.0024310871649948496,1.0,1.0,,,,,,
q,beta_x_noise,0,0.0,1000.0,,0.0001,,,100,0.02970563862258291,0.029630230429615212,1.0,1.0,,,,,,
q,beta_x_noise,0,0.0,1000.0,,0.0001,,,500,0.04784855602597515,0.025033690939713082,1.0,1.0,,,,,,
q,beta_x_noise,1,0.0,1000.0,,0.0001,,,100,0.019755862089853582,0.018787536067525035,1.0,1.0,,,,,,
q,beta_x_noise,1,0.0,1000.0,,0.0001,,,500,0.03303583453997039,0.027821077770661784,1.0,1.0,,,,,,
q,beta_x_noise,2,0.0,1000.0,,0.0001,,,100,0.025595611520436545,0.024317108959484357,0.972318339100346,0.968421052631579,,,,,,
q,beta_x_noise,2,0.0,1000.0,,0.0001,,,500,0.035752508657462156,0.022692750567485653,0.9946272666218939,0.9939393939393939,,,,,,
q,beta_x_noise,3,0.0,1000.0,,0.0001,,,100,0.03113413430123463,0.017328979659710225,1.0,0.978494623655914,,,,,,
q,beta_x_noise,3,0.0,1000.0,,0.0001,,,500,0.03113413430123463,0.015989591790319668,1.0,0.9959432048681541,,,,,,
q,beta_x_noise,8,0.0,1000.0,,0.0001,,,100,0.029862675152698137,0.029862675152698137,1.0,0.9891304347826086,,,,,,
q,beta_x_noise,8,0.0,1000.0,,0.0001,,,500,0.03320113035350236,0.01953967236535714,1.0,0.9979674796747967,,,,,,
q,beta_x_noise,9,0.0,1000.0,,0.0001,,,100,0.02331898789995196,0.02331898789995196,0.9982486865148862,0.978494623655914,,,,,,
q,beta_x_noise,9,0.0,1000.0,,0.0001,,,500,0.03534765328323064,0.03363007765286463,0.9996634129922585,0.9959432048681541,,,,,,
q,beta_x_noise,10,0.0,1000.0,,0.0001,,,100,0.03421017439655616,0.02610865584520594,1.0,1.0,,,,,,
q,beta_x_noise,10,0.0,1000.0,,0.0001,,,500,0.05247695435669941,0.03536141561090478,1.0,1.0,,,,,,
q,beta_x_noise,11,0.0,1000.0,,0.0001,,,100,0.0275266944366534,0.023768385325403596,1.0,1.0,,,,,,
q,beta_x_noise,11,0.0,1000.0,,0.0001,,,500,0.03840264134750804,0.03840264134750804,1.0,1.0,,,,,,
q,beta_x_noise,4,0.0,1000.0,,0.0001,,,100,0.02746125824004908,0.02654635402336758,1.0,1.0,,,,,,
q,beta_x_noise,4,0.0,1000.0,,0.0001,,,500,0.031220344130383104,0.01725604058748753,1.0,1.0,,,,,,
q,beta_x_noise,5,0.0,1000.0,,0.0001,,,100,0.025500976683583088,0.02276944491245181,1.0,0.9787234042553191,,,,,,
q,beta_x_noise,5,0.0,1000.0,,0.0001,,,500,0.03181540819176831,0.02173592929806034,1.0,0.9959514170040485,,,,,,
q,beta_x_noise,6,0.0,1000.0,,0.0001,,,100,0.02891015288774934,0.020890921277550767,1.0,1.0,,,,,,
q,beta_x_noise,6,0.0,1000.0,,0.0001,,,500,0.0352670726695008,0.031662808400322984,1.0,1.0,,,,,,
q,beta_x_noise,7,0.0,1000.0,,0.0001,,,100,0.017672430147041007,0.012953954614004948,1.0,0.9893617021276596,,,,,,
q,beta_x_noise,7,0.0,1000.0,,0.0001,,,500,0.03645694280352174,0.02644994011309687,1.0,0.9979757085020243,,,,,,
q,beta_x_noise,12,0.0,1000.0,,0.0001,,,100,0.03573589772480962,0.019998951088996852,1.0,1.0,,,,,,
q,beta_x_noise,12,0.0,1000.0,,0.0001,,,500,0.03573589772480962,0.020318817136863565,1.0,1.0,,,,,,
q,beta_x_noise,13,0.0,1000.0,,0.0001,,,100,0.017140594765426842,0.013073513404612713,1.0,1.0,,,,,,
q,beta_x_noise,13,0.0,1000.0,,0.0001,,,500,0.022549721322372873,0.015401268873595386,1.0,1.0,,,,,,
q,beta_x_noise,14,0.0,1000.0,,0.0001,,,100,0.029535804791890607,0.024118739685301094,1.0,1.0,,,,,,
q,beta_x_noise,14,0.0,1000.0,,0.0001,,,500,0.037081805375184795,0.018639375052480145,0.9986513823331086,0.997979797979798,,,,,,
q,beta_x_noise,15,0.0,1000.0,,0.0001,,,100,0.01801792873843755,0.013515169657770387,1.0,0.9894736842105263,,,,,,
q,beta_x_noise,15,0.0,1000.0,,0.0001,,,500,0.03422158288462551,0.017916642095637814,1.0,0.9959595959595959,,,,,,
q,beta_x_noise,16,0.0,1000.0,,0.0001,,,100,0.034803128342676626,0.034803128342676626,1.0,0.9893617021276596,,,,,,
q,beta_x_noise,16,0.0,1000.0,,0.0001,,,500,0.04091074848112486,0.021266574273423877,1.0,0.9979757085020243,,,,,,
q,beta_x_noise,17,0.0,1000.0,,0.0001,,,100,0.016901756367317514,0.01626520373281011,1.0,1.0,,,,,,
q,beta_x_noise,17,0.0,1000.0,,0.0001,,,500,0.03277661372342955,0.03166247929726085,1.0,1.0,,,,,,
q,beta_x_noise,18,0.0,1000.0,,0.0001,,,100,0.020799004723014325,0.020456629200706455,1.0,0.978494623655914,,,,,,
q,beta_x_noise,18,0.0,1000.0,,0.0001,,,500,0.0466016876433033,0.024809104665887816,1.0,0.9959432048681541,,,,,,
q,beta_x_noise,19,0.0,1000.0,,0.0001,,,100,0.01965493214220293,0.014364440390354949,1.0,1.0,,,,,,
q,beta_x_noise,19,0.0,1000.0,,0.0001,,,500,0.0295285741361897,0.021625849940590358,1.0,1.0,,,,,,
q,beta_x_noise,0,0.0,1000.0,,0.001,,,100,0.2788431984206916,0.26780617979077403,1.0,0.8936170212765957,,,,,,
q,beta_x_noise,0,0.0,1000.0,,0.001,,,500,0.3336980280549917,0.2007718224352235,1.0,0.9696356275303644,,,,,,
q,beta_x_noise,1,0.0,1000.0,,0.001,,,100,0.1795864665953827,0.1795864665953827,0.9616087751371115,0.8387096774193549,,,,,,
q,beta_x_noise,1,0.0,1000.0,,0.001,,,500,0.25170456770766414,0.2441493088238733,0.9928741092636579,0.9695740365111561,,,,,,
q,beta_x_noise,2,0.0,1000.0,,0.001,,,100,0.19918433104029665,0.14021074303166237,0.9636678200692042,0.8,,,,,,
q,beta_x_noise,2,0.0,1000.0,,0.001,,,500,0.20684686569631705,0.1940099126290884,0.9929482874412358,0.9616161616161616,,,,,,
q,beta_x_noise,3,0.0,1000.0,,0.001,,,100,0.18776851165478725,0.16387211253744072,0.9718804920913884,0.7526881720430108,,,,,,
q,beta_x_noise,3,0.0,1000.0,,0.001,,,500,0.18776851165478725,0.11927583334099034,0.9946109801279892,0.9513184584178499,,,,,,
q,beta_x_noise,4,0.0,1000.0,,0.001,,,100,0.20265759557159257,0.19282904514446375,0.9981515711645101,0.8842105263157894,,,,,,
q,beta_x_noise,4,0.0,1000.0,,0.001,,,500,0.2337260584752301,0.17513135034655591,0.999659979598776,0.9777777777777777,,,,,,
q,beta_x_noise,5,0.0,1000.0,,0.001,,,100,0.2911650694669353,0.26119497830114713,0.9440559440559441,0.7659574468085106,,,,,,
q,beta_x_noise,5,0.0,1000.0,,0.001,,,500,0.31623201469674833,0.23060114369574347,0.9892328398384926,0.951417004048583,,,,,,
q,beta_x_noise,6,0.0,1000.0,,0.001,,,100,0.2255017572951179,0.16463702663159607,0.9533213644524237,0.8494623655913979,,,,,,
q,beta_x_noise,6,0.0,1000.0,,0.001,,,500,0.30353040900041584,0.30353040900041584,0.9912073047007102,0.9716024340770791,,,,,,
q,beta_x_noise,7,0.0,1000.0,,0.001,,,100,0.17216890658429662,0.11428429491824935,0.9894736842105263,0.7127659574468085,,,,,,
q,beta_x_noise,7,0.0,1000.0,,0.001,,,500,0.27903487903789936,0.21255702506760032,0.997979797979798,0.9453441295546559,,,,,,
q,beta_x_noise,8,0.0,1000.0,,0.001,,,100,0.17851532368388934,0.17442142489855028,0.9381625441696113,0.8152173913043478,,,,,,
q,beta_x_noise,8,0.0,1000.0,,0.001,,,500,0.2572984823210467,0.19829379701835026,0.9881995954146999,0.9451219512195121,,,,,,
q,beta_x_noise,9,0.0,1000.0,,0.001,,,100,0.13267881123806113,0.10653275869543616,0.9404553415061296,0.7204301075268817,,,,,,
q,beta_x_noise,9,0.0,1000.0,,0.001,,,500,0.39382831434629506,0.3790717373975563,0.988556041736789,0.9269776876267748,,,,,,
q,beta_x_noise,10,0.0,1000.0,,0.001,,,100,0.21232957448041856,0.20942485959895418,0.9982486865148862,0.7553191489361702,,,,,,
q,beta_x_noise,10,0.0,1000.0,,0.001,,,500,0.4086074488148326,0.23162876788235187,0.9996634129922585,0.9433198380566802,,,,,,
q,beta_x_noise,11,0.0,1000.0,,0.001,,,100,0.21864706745896598,0.13922562671689187,0.9545454545454546,0.7741935483870968,,,,,,
q,beta_x_noise,11,0.0,1000.0,,0.001,,,500,0.25385808871627447,0.17942587480330208,0.9915254237288136,0.9574036511156186,,,,,,
q,beta_x_noise,12,0.0,1000.0,,0.001,,,100,0.2152161237192436,0.20227191400192235,0.9806338028169014,0.8315789473684211,,,,,,
q,beta_x_noise,12,0.0,1000.0,,0.001,,,500,0.23689250996892985,0.1782945896711986,0.9962938005390836,0.9676767676767677,,,,,,
q,beta_x_noise,13,0.0,1000.0,,0.001,,,100,0.1741113415228086,0.11533794041835188,0.8785714285714286,0.8404255319148937,,,,,,
q,beta_x_noise,13,0.0,1000.0,,0.001,,,500,0.26438206524065144,0.1698667428526368,0.9716216216216216,0.9635627530364372,,,,,,
q,beta_x_noise,14,0.0,1000.0,,0.001,,,100,0.17204301935500527,0.17204301935500527,1.0,0.6526315789473685,,,,,,
q,beta_x_noise,14,0.0,1000.0,,0.001,,,500,0.2377185500720631,0.21654173895309003,0.9986513823331086,0.8848484848484849,,,,,,
q,beta_x_noise,15,0.0,1000.0,,0.001,,,100,0.14583402986748528,0.10512169590743425,0.967128027681661,0.6631578947368421,,,,,,
q,beta_x_noise,15,0.0,1000.0,,0.001,,,500,0.287502073531422,0.18092089029690794,0.9858965748824715,0.8828282828282829,,,,,,
q,beta_x_noise,16,0.0,1000.0,,0.001,,,100,0.3331652164940663,0.3331652164940663,0.9856887298747764,0.8617021276595744,,,,,,
q,beta_x_noise,16,0.0,1000.0,,0.001,,,500,0.4115129801586739,0.17622812343724226,0.9972963839134843,0.9736842105263158,,,,,,
q,beta_x_noise,17,0.0,1000.0,,0.001,,,100,0.1316205247200697,0.12801394185388604,0.9921259842519685,0.9148936170212766,,,,,,
q,beta_x_noise,17,0.0,1000.0,,0.001,,,500,0.2652223971070984,0.2652223971070984,0.9986244841815681,0.9838056680161943,,,,,,
q,beta_x_noise,18,0.0,1000.0,,0.001,,,100,0.2378389027072661,0.2378389027072661,0.9539823008849557,0.7419354838709677,,,,,,
q,beta_x_noise,18,0.0,1000.0,,0.001,,,500,0.30122423111349605,0.2849169464228951,0.9912310286677909,0.947261663286004,,,,,,
q,beta_x_noise,19,0.0,1000.0,,0.001,,,100,0.1548762128804774,0.10538871054717075,0.9964850615114236,0.8478260869565217,,,,,,
q,beta_x_noise,19,0.0,1000.0,,0.001,,,500,0.2519946216109581,0.21117950709262745,0.9993263725159987,0.9715447154471545,,,,,,
q,beta_x_noise,0,0.0,1000.0,,0.01,,,100,0.4668877251884633,0.44406306542816515,0.8195876288659794,0.46808510638297873,,,,,,
q,beta_x_noise,0,0.0,1000.0,,0.01,,,500,1.5929323355674778,1.5650124063302726,0.8531187122736419,0.4777327935222672,,,,,,
q,beta_x_noise,1,0.0,1000.0,,0.01,,,100,0.6139586200117819,0.6139586200117819,0.8610603290676416,0.45161290322580644,,,,,,
q,beta_x_noise,1,0.0,1000.0,,0.01,,,500,1.868319826464792,1.7419884681783375,0.9714964370546318,0.5192697768762677,,,,,,
q,beta_x_noise,2,0.0,1000.0,,0.01,,,100,0.3923115765678712,0.3923115765678712,0.9342560553633218,0.4,,,,,,
q,beta_x_noise,2,0.0,1000.0,,0.01,,,500,1.7494941843058067,1.7001141617443354,0.9301544660846206,0.45252525252525255,,,,,,
q,beta_x_noise,3,0.0,1000.0,,0.01,,,100,0.4576348285921934,0.4576348285921934,0.8699472759226714,0.3870967741935484,,,,,,
q,beta_x_noise,3,0.0,1000.0,,0.01,,,500,1.378871602190892,1.36428384723081,0.9093971034018188,0.4381338742393509,,,,,,
q,beta_x_noise,4,0.0,1000.0,,0.01,,,100,0.43526350616739423,0.40507628724621714,0.9426987060998152,0.45263157894736844,,,,,,
q,beta_x_noise,4,0.0,1000.0,,0.01,,,500,1.5938809503928983,1.5884649497453263,0.9642978578714723,0.5151515151515151,,,,,,
q,beta_x_noise,5,0.0,1000.0,,0.01,,,100,0.6199510262762655,0.5822426951718853,0.6451048951048951,0.3404255319148936,,,,,,
q,beta_x_noise,5,0.0,1000.0,,0.01,,,500,2.18637386107672,2.0059176086791686,0.9185733512786003,0.4676113360323887,,,,,,
q,beta_x_noise,6,0.0,1000.0,,0.01,,,100,0.4938758452642902,0.48290814475571875,0.6624775583482945,0.3010752688172043,,,,,,
q,beta_x_noise,6,0.0,1000.0,,0.01,,,500,2.0654748892507513,1.9580941471610185,0.8961785593506932,0.4645030425963489,,,,,,
q,beta_x_noise,7,0.0,1000.0,,0.01,,,100,0.3555600115630384,0.20875247341714243,0.8859649122807017,0.40425531914893614,,,,,,
q,beta_x_noise,7,0.0,1000.0,,0.01,,,500,1.9723628687086316,1.7289702006326126,0.865993265993266,0.4676113360323887,,,,,,
q,beta_x_noise,8,0.0,1000.0,,0.01,,,100,0.319487791123678,0.319487791123678,0.784452296819788,0.32608695652173914,,,,,,
q,beta_x_noise,8,0.0,1000.0,,0.01,,,500,1.4175024540028438,1.4175024540028438,0.8648010788941335,0.39227642276422764,,,,,,
q,beta_x_noise,9,0.0,1000.0,,0.01,,,100,0.38360435728427533,0.37983919519402787,0.8774080560420315,0.43010752688172044,,,,,,
q,beta_x_noise,9,0.0,1000.0,,0.01,,,500,1.4869381926175853,1.4298623755736988,0.9145069000336588,0.4340770791075051,,,,,,
q,beta_x_noise,10,0.0,1000.0,,0.01,,,100,0.36525284389244983,0.3249452942170948,0.9281961471103327,0.43617021276595747,,,,,,
q,beta_x_noise,10,0.0,1000.0,,0.01,,,500,1.654048270848838,1.351854251793156,0.9676876472568159,0.4959514170040486,,,,,,
q,beta_x_noise,11,0.0,1000.0,,0.01,,,100,0.5938204090875747,0.5479906612852209,0.7090909090909091,0.3870967741935484,,,,,,
q,beta_x_noise,11,0.0,1000.0,,0.01,,,500,1.7009617439423423,1.667167132305035,0.8664406779661017,0.4462474645030426,,,,,,
q,beta_x_noise,12,0.0,1000.0,,0.01,,,100,0.6006388486360867,0.6006388486360867,0.8204225352112676,0.3684210526315789,,,,,,
q,beta_x_noise,12,0.0,1000.0,,0.01,,,500,1.664918382390855,1.664918382390855,0.9400269541778976,0.4161616161616162,,,,,,
q,beta_x_noise,13,0.0,1000.0,,0.01,,,100,0.5512227601618109,0.5291578455041615,0.7696428571428572,0.40425531914893614,,,,,,
q,beta_x_noise,13,0.0,1000.0,,0.01,,,500,1.9373659883330943,1.865099519742141,0.9175675675675675,0.5060728744939271,,,,,,
q,beta_x_noise,14,0.0,1000.0,,0.01,,,100,0.28391745135909197,0.27341119830840127,0.6201413427561837,0.3157894736842105,,,,,,
q,beta_x_noise,14,0.0,1000.0,,0.01,,,500,1.5419460058988723,1.3700604147465614,0.7609575185434929,0.402020202020202,,,,,,
q,beta_x_noise,15,0.0,1000.0,,0.01,,,100,0.3887244360464559,0.2336776066807924,0.8529411764705882,0.3894736842105263,,,,,,
q,beta_x_noise,15,0.0,1000.0,,0.01,,,500,1.3395219888416436,1.3369193073530754,0.8132975151108126,0.397979797979798,,,,,,
q,beta_x_noise,16,0.0,1000.0,,0.01,,,100,0.7844312295548221,0.7844312295548221,0.855098389982111,0.3829787234042553,,,,,,
q,beta_x_noise,16,0.0,1000.0,,0.01,,,500,2.1810343010380477,2.143529814317465,0.9648529908752957,0.4676113360323887,,,,,,
q,beta_x_noise,17,0.0,1000.0,,0.01,,,100,0.6182314854085432,0.6120731947507121,0.9389763779527559,0.4148936170212766,,,,,,
q,beta_x_noise,17,0.0,1000.0,,0.01,,,500,2.079660632742707,2.0536773234842656,0.9205639614855571,0.46153846153846156,,,,,,
q,beta_x_noise,18,0.0,1000.0,,0.01,,,100,0.8451333676078249,0.5725919684355538,0.7150442477876107,0.43010752688172044,,,,,,
q,beta_x_noise,18,0.0,1000.0,,0.01,,,500,2.1972024677517443,2.1255773525545814,0.8920741989881956,0.3935091277890467,,,,,,
q,beta_x_noise,19,0.0,1000.0,,0.01,,,100,0.4384986678529099,0.3249350961366163,0.8998242530755711,0.45652173913043476,,,,,,
q,beta_x_noise,19,0.0,1000.0,,0.01,,,500,1.5117409144880616,1.3393728241824234,0.9757494105759515,0.5467479674796748,,,,,,
q,beta_x_noise,0,0.0,1000.0,,0.03,,,100,0.9014797945206634,0.7294478159742683,0.5257731958762887,0.40425531914893614,,,,,,
q,beta_x_noise,0,0.0,1000.0,,0.03,,,500,2.0259630553864874,1.939208396861145,0.5087189805499664,0.37449392712550605,,,,,,
q,beta_x_noise,1,0.0,1000.0,,0.03,,,100,0.9579887919426324,0.9579887919426324,0.7550274223034735,0.40860215053763443,,,,,,
q,beta_x_noise,1,0.0,1000.0,,0.03,,,500,2.464779172282294,2.3090473985792954,0.8116728876823889,0.3935091277890467,,,,,,
q,beta_x_noise,2,0.0,1000.0,,0.03,,,100,0.6061632013559966,0.5258606215978345,0.7923875432525952,0.37894736842105264,,,,,,
q,beta_x_noise,2,0.0,1000.0,,0.03,,,500,2.2366001779070785,2.106403660607818,0.7730020147750168,0.34949494949494947,,,,,,
q,beta_x_noise,3,0.0,1000.0,,0.03,,,100,0.9574500308086383,0.9574500308086383,0.6695957820738138,0.3225806451612903,,,,,,
q,beta_x_noise,3,0.0,1000.0,,0.03,,,500,2.158273755708322,2.1131363661923968,0.660491748063321,0.34685598377281945,,,,,,
q,beta_x_noise,4,0.0,1000.0,,0.03,,,100,0.8639056271780097,0.7733439704144784,0.7744916820702403,0.4,,,,,,
q,beta_x_noise,4,0.0,1000.0,,0.03,,,500,2.769931297309736,1.9528298802726014,0.8616116967018022,0.402020202020202,,,,,,
q,beta_x_noise,5,0.0,1000.0,,0.03,,,100,0.8644599969920317,0.6519075761777933,0.5576923076923077,0.30851063829787234,,,,,,
q,beta_x_noise,5,0.0,1000.0,,0.03,,,500,3.0122969552971894,2.8540810623648607,0.6998654104979811,0.3623481781376518,,,,,,
q,beta_x_noise,6,0.0,1000.0,,0.03,,,100,1.1350145140472179,0.7794512702721373,0.5763016157989228,0.25806451612903225,,,,,,
q,beta_x_noise,6,0.0,1000.0,,0.03,,,500,2.9995259945787307,2.346776358604049,0.6986810957051065,0.34279918864097364,,,,,,
q,beta_x_noise,7,0.0,1000.0,,0.03,,,100,1.0942900251915226,0.5444237508859702,0.6877192982456141,0.3617021276595745,,,,,,
q,beta_x_noise,7,0.0,1000.0,,0.03,,,500,2.5454532231186984,2.488975473430221,0.6646464646464646,0.37449392712550605,,,,,,
q,beta_x_noise,12,0.0,1000.0,,0.03,,,100,0.8781978516175549,0.8447266810928331,0.6742957746478874,0.3157894736842105,,,,,,
q,beta_x_noise,12,0.0,1000.0,,0.03,,,500,2.1486259958232345,2.0340705673732224,0.5842318059299192,0.3292929292929293,,,,,,
q,beta_x_noise,13,0.0,1000.0,,0.03,,,100,0.9592656477965863,0.8930709038236377,0.6089285714285714,0.35106382978723405,,,,,,
q,beta_x_noise,13,0.0,1000.0,,0.03,,,500,3.0289305563149203,2.521353662001533,0.6824324324324325,0.38461538461538464,,,,,,
q,beta_x_noise,14,0.0,1000.0,,0.03,,,100,0.6584916978129611,0.49387680399035466,0.39045936395759717,0.30526315789473685,,,,,,
q,beta_x_noise,14,0.0,1000.0,,0.03,,,500,2.0910795094795,1.6070115118033645,0.5249494268374916,0.34949494949494947,,,,,,
q,beta_x_noise,15,0.0,1000.0,,0.03,,,100,0.8929765541065755,0.4330180995948185,0.7041522491349481,0.37894736842105264,,,,,,
q,beta_x_noise,15,0.0,1000.0,,0.03,,,500,2.075165999345105,2.0138814204821935,0.6766286098052384,0.34545454545454546,,,,,,
q,beta_x_noise,8,0.0,1000.0,,0.03,,,100,0.7045757541824372,0.5735894663484711,0.627208480565371,0.30434782608695654,,,,,,
q,beta_x_noise,8,0.0,1000.0,,0.03,,,500,1.9067087893187202,1.726966163462782,0.6712744436952124,0.3556910569105691,,,,,,
q,beta_x_noise,9,0.0,1000.0,,0.03,,,100,1.012171520335681,0.9701475758766934,0.7530647985989493,0.3548387096774194,,,,,,
q,beta_x_noise,9,0.0,1000.0,,0.03,,,500,2.1806587090186538,1.803221647045525,0.6782228205991249,0.3630831643002028,,,,,,
q,beta_x_noise,10,0.0,1000.0,,0.03,,,100,0.8441436551383907,0.620931024630937,0.6830122591943958,0.39361702127659576,,,,,,
q,beta_x_noise,10,0.0,1000.0,,0.03,,,500,2.042141413343445,1.7515780679751138,0.7778525748906092,0.39878542510121456,,,,,,
q,beta_x_noise,11,0.0,1000.0,,0.03,,,100,0.7300229979753745,0.7200053353138841,0.4909090909090909,0.3763440860215054,,,,,,
q,beta_x_noise,11,0.0,1000.0,,0.03,,,500,2.5387246221101445,2.4373407871982224,0.6030508474576272,0.3691683569979716,,,,,,
q,beta_x_noise,16,0.0,1000.0,,0.03,,,100,1.2856160104633605,1.2856160104633605,0.5223613595706619,0.30851063829787234,,,,,,
q,beta_x_noise,16,0.0,1000.0,,0.03,,,500,2.70357263461271,2.3253915226540327,0.7637715444406894,0.33805668016194335,,,,,,
q,beta_x_noise,17,0.0,1000.0,,0.03,,,100,0.8940023638732653,0.7303505523926012,0.8248031496062992,0.39361702127659576,,,,,,
q,beta_x_noise,17,0.0,1000.0,,0.03,,,500,2.755256427650143,2.717350724192345,0.6519944979367263,0.39473684210526316,,,,,,
q,beta_x_noise,18,0.0,1000.0,,0.03,,,100,1.2481127687122329,0.9220492069857756,0.45309734513274336,0.41935483870967744,,,,,,
q,beta_x_noise,18,0.0,1000.0,,0.03,,,500,2.6706713035631267,2.323678138658158,0.4094435075885329,0.32454361054766734,,,,,,
q,beta_x_noise,19,0.0,1000.0,,0.03,,,100,0.6377518476014664,0.5371525816472974,0.7240773286467487,0.40217391304347827,,,,,,
q,beta_x_noise,19,0.0,1000.0,,0.03,,,500,2.0798069516358937,1.6955616693712154,0.8073425395756146,0.4166666666666667,,,,,,
q,beta_x_noise,0,0.0,1000.0,,0.1,,,100,3.1145198355807726,2.4949677311270886,0.3247422680412371,0.3829787234042553,,,,,,
q,beta_x_noise,0,0.0,1000.0,,0.1,,,500,6.138912629851165,5.111119146764947,0.3199195171026157,0.340080971659919,,,,,,
q,beta_x_noise,1,0.0,1000.0,,0.1,,,100,2.2457651546136015,2.2201184860493473,0.4826325411334552,0.3978494623655914,,,,,,
q,beta_x_noise,1,0.0,1000.0,,0.1,,,500,4.389147696437291,3.1408986985036,0.4886325076348829,0.3671399594320487,,,,,,
q,beta_x_noise,2,0.0,1000.0,,0.1,,,100,2.028927014991969,1.6113192276169408,0.615916955017301,0.3473684210526316,,,,,,
q,beta_x_noise,2,0.0,1000.0,,0.1,,,500,5.042434085698283,4.308650490878771,0.544660846205507,0.3212121212121212,,,,,,
q,beta_x_noise,3,0.0,1000.0,,0.1,,,100,2.7068032385661973,2.7068032385661973,0.4270650263620387,0.3118279569892473,,,,,,
q,beta_x_noise,3,0.0,1000.0,,0.1,,,500,3.9684776996263436,3.6183444349914424,0.42404850117884807,0.3204868154158215,,,,,,
q,beta_x_noise,4,0.0,1000.0,,0.1,,,100,2.35286245739359,2.0509902681818195,0.5064695009242144,0.4,,,,,,
q,beta_x_noise,4,0.0,1000.0,,0.1,,,500,5.055196542976072,3.532077571937638,0.6123767426045563,0.3797979797979798,,,,,,
q,beta_x_noise,5,0.0,1000.0,,0.1,,,100,2.7465502684221947,2.2698569470540875,0.34265734265734266,0.3191489361702128,,,,,,
q,beta_x_noise,5,0.0,1000.0,,0.1,,,500,5.3564411611306415,4.207638367016795,0.45121130551816957,0.3360323886639676,,,,,,
q,beta_x_noise,6,0.0,1000.0,,0.1,,,100,3.263472394441627,1.7034269476299781,0.473967684021544,0.24731182795698925,,,,,,
q,beta_x_noise,6,0.0,1000.0,,0.1,,,500,6.075687213988791,4.053883996513195,0.45519107203246534,0.3367139959432049,,,,,,
q,beta_x_noise,7,0.0,1000.0,,0.1,,,100,3.6753909409790357,1.8147458362865674,0.5,0.35106382978723405,,,,,,
q,beta_x_noise,7,0.0,1000.0,,0.1,,,500,4.856798854659454,4.856798854659454,0.43872053872053873,0.3562753036437247,,,,,,
q,beta_x_noise,8,0.0,1000.0,,0.1,,,100,2.142237916378018,1.5603481660703968,0.43992932862190814,0.30434782608695654,,,,,,
q,beta_x_noise,8,0.0,1000.0,,0.1,,,500,4.660123955369773,4.2330550932698445,0.43796358732299395,0.33739837398373984,,,,,,
q,beta_x_noise,9,0.0,1000.0,,0.1,,,100,3.787801331291687,3.7501497103892123,0.5779334500875657,0.34408602150537637,,,,,,
q,beta_x_noise,9,0.0,1000.0,,0.1,,,500,6.129652591012056,4.7489745136159,0.4503534163581286,0.3367139959432049,,,,,,
q,beta_x_noise,10,0.0,1000.0,,0.1,,,100,2.6918007818081335,1.8952138717323828,0.5148861646234676,0.3829787234042553,,,,,,
q,beta_x_noise,10,0.0,1000.0,,0.1,,,500,4.1054574013908764,2.7870235493685462,0.5829686974082801,0.37044534412955465,,,,,,
q,beta_x_noise,11,0.0,1000.0,,0.1,,,100,2.307256939872706,2.1047005675117223,0.40545454545454546,0.3655913978494624,,,,,,
q,beta_x_noise,11,0.0,1000.0,,0.1,,,500,5.094644997207167,3.517688019027574,0.4010169491525424,0.3448275862068966,,,,,,
q,beta_x_noise,12,0.0,1000.0,,0.1,,,100,2.579348648347896,2.49958635207719,0.426056338028169,0.30526315789473685,,,,,,
q,beta_x_noise,12,0.0,1000.0,,0.1,,,500,3.512263828712465,2.8476648706854357,0.3888140161725067,0.31313131313131315,,,,,,
q,beta_x_noise,13,0.0,1000.0,,0.1,,,100,2.609284469374404,1.9574212320899296,0.4589285714285714,0.32978723404255317,,,,,,
q,beta_x_noise,13,0.0,1000.0,,0.1,,,500,6.03523378745841,3.2395201910170943,0.4101351351351351,0.3481781376518219,,,,,,
q,beta_x_noise,14,0.0,1000.0,,0.1,,,100,2.0452074466501244,1.2860216373340196,0.22614840989399293,0.28421052631578947,,,,,,
q,beta_x_noise,14,0.0,1000.0,,0.1,,,500,5.023222665552262,4.701095042578711,0.36109238031018204,0.32525252525252524,,,,,,
q,beta_x_noise,15,0.0,1000.0,,0.1,,,100,2.9678612548735455,1.314292187368652,0.6141868512110726,0.3263157894736842,,,,,,
q,beta_x_noise,15,0.0,1000.0,,0.1,,,500,4.3364899911766654,3.4184111892662283,0.4264607118871726,0.31313131313131315,,,,,,
q,beta_x_noise,16,0.0,1000.0,,0.1,,,100,4.233201356544702,4.233201356544702,0.29159212880143115,0.2872340425531915,,,,,,
q,beta_x_noise,16,0.0,1000.0,,0.1,,,500,5.524990561322371,2.9851052469813,0.34673876309564045,0.29959514170040485,,,,,,
q,beta_x_noise,17,0.0,1000.0,,0.1,,,100,2.980007879577551,2.4345018413086708,0.5885826771653543,0.3723404255319149,,,,,,
q,beta_x_noise,17,0.0,1000.0,,0.1,,,500,7.556656955666583,7.556656955666583,0.4295048143053645,0.35020242914979755,,,,,,
q,beta_x_noise,18,0.0,1000.0,,0.1,,,100,3.9684753591415087,3.0099932735982033,0.3345132743362832,0.3978494623655914,,,,,,
q,beta_x_noise,18,0.0,1000.0,,0.1,,,500,5.157364099730734,5.0990513369092625,0.2718381112984823,0.30425963488843816,,,,,,
q,beta_x_noise,19,0.0,1000.0,,0.1,,,100,1.9643755268547571,1.5493134023114887,0.46924428822495606,0.40217391304347827,,,,,,
q,beta_x_noise,19,0.0,1000.0,,0.1,,,500,4.799137848734279,2.576560112256458,0.5139777702930279,0.3902439024390244,,,,,,
q,beta_x_noise,0,0.0,1000.0,,0.3,,,100,12.202120555281988,10.189052852813944,0.27491408934707906,0.40425531914893614,,,,,,
q,beta_x_noise,0,0.0,1000.0,,0.3,,,500,26.02151109999404,23.39226297636023,0.25385647216633134,0.3582995951417004,,,,,,
q,beta_x_noise,1,0.0,1000.0,,0.3,,,100,6.902891113705167,6.434782965633259,0.43144424131627057,0.3118279569892473,,,,,,
q,beta_x_noise,1,0.0,1000.0,,0.3,,,500,13.794677200762028,11.770226598380864,0.40889039701391244,0.3407707910750507,,,,,,
q,beta_x_noise,2,0.0,1000.0,,0.3,,,100,7.799073945600941,7.729917583218989,0.47750865051903113,0.35789473684210527,,,,,,
q,beta_x_noise,2,0.0,1000.0,,0.3,,,500,26.73031371351396,25.21485688580844,0.5261920752182673,0.3414141414141414,,,,,,
q,beta_x_noise,3,0.0,1000.0,,0.3,,,100,7.519535743047921,7.519535743047921,0.3339191564147627,0.22580645161290322,,,,,,
q,beta_x_noise,3,0.0,1000.0,,0.3,,,500,15.244215002535707,8.834507793073982,0.35095991916470193,0.3286004056795132,,,,,,
q,beta_x_noise,4,0.0,1000.0,,0.3,,,100,7.127493237214135,7.127493237214135,0.4787430683918669,0.3157894736842105,,,,,,
q,beta_x_noise,4,0.0,1000.0,,0.3,,,500,22.74609853611002,18.014995342124386,0.5195511730703842,0.3595959595959596,,,,,,
q,beta_x_noise,5,0.0,1000.0,,0.3,,,100,12.743015439422884,9.128842845289956,0.3339160839160839,0.3191489361702128,,,,,,
q,beta_x_noise,5,0.0,1000.0,,0.3,,,500,15.555718267543405,14.314618811466238,0.3805518169582773,0.340080971659919,,,,,,
q,beta_x_noise,6,0.0,1000.0,,0.3,,,100,12.674473733555882,6.98669163215097,0.45960502692998206,0.3333333333333333,,,,,,
q,beta_x_noise,6,0.0,1000.0,,0.3,,,500,23.663082954858737,22.50504919869722,0.41156577612445044,0.3813387423935091,,,,,,
q,beta_x_noise,7,0.0,1000.0,,0.3,,,100,10.173638177469845,5.79183428542382,0.3736842105263158,0.3404255319148936,,,,,,
q,beta_x_noise,7,0.0,1000.0,,0.3,,,500,14.205466519205737,14.170999063873278,0.4569023569023569,0.3481781376518219,,,,,,
q,beta_x_noise,0,0.0,1000000.0,,0.0,,,100,1.7430501486614958e-14,1.7430501486614958e-14,1.0,1.0,,,,,,
q,beta_x_noise,0,0.0,1000000.0,,0.0,,,500,4.3076653355456074e-14,4.1744385725905886e-14,1.0,1.0,,,,,,
q,beta_x_noise,1,0.0,1000000.0,,0.0,,,100,1.6431300764452317e-14,1.6431300764452317e-14,1.0,1.0,,,,,,
q,beta_x_noise,1,0.0,1000000.0,,0.0,,,500,5.1958437552457326e-14,5.062616992290714e-14,1.0,1.0,,,,,,
q,beta_x_noise,2,0.0,1000000.0,,0.0,,,100,3.171837792415033e-13,1.6975310046518644e-13,1.0,1.0,,,,,,
q,beta_x_noise,2,0.0,1000000.0,,0.0,,,500,3.171837792415033e-13,4.107825191113079e-14,1.0,1.0,,,,,,
q,beta_x_noise,3,0.0,1000000.0,,0.0,,,100,3.6262270963760557e-11,1.2932654946951061e-11,1.0,1.0,,,,,,
q,beta_x_noise,3,0.0,1000000.0,,0.0,,,500,3.6262270963760557e-11,3.6262104430306863e-12,1.0,1.0,,,,,,
q,beta_x_noise,8,0.0,1000.0,,0.3,,,100,8.23833686771284,8.23833686771284,0.4134275618374558,0.29347826086956524,,,,,,
q,beta_x_noise,8,0.0,1000.0,,0.3,,,500,15.417381779797115,14.136175193497328,0.31018206338503035,0.34552845528455284,,,,,,
q,beta_x_noise,9,0.0,1000.0,,0.3,,,100,11.360068572170483,11.24711370946306,0.45359019264448336,0.2903225806451613,,,,,,
q,beta_x_noise,9,0.0,1000.0,,0.3,,,500,15.25791235786208,7.468835881637359,0.35846516324469874,0.3286004056795132,,,,,,
q,beta_x_noise,10,0.0,1000.0,,0.3,,,100,8.468183970836307,7.293270642554009,0.5026269702276708,0.30851063829787234,,,,,,
q,beta_x_noise,10,0.0,1000.0,,0.3,,,500,19.586839690955593,14.101327146487964,0.5348367553012454,0.31983805668016196,,,,,,
q,beta_x_noise,11,0.0,1000.0,,0.3,,,100,7.53929128352115,6.893718065774085,0.4890909090909091,0.2903225806451613,,,,,,
q,beta_x_noise,11,0.0,1000.0,,0.3,,,500,18.74685122500925,17.82562945820542,0.40915254237288134,0.2920892494929006,,,,,,
q,beta_x_noise,12,0.0,1000.0,,0.3,,,100,7.942924451494613,7.703637562682495,0.3644366197183099,0.2631578947368421,,,,,,
q,beta_x_noise,12,0.0,1000.0,,0.3,,,500,14.399276836404892,8.677861675642813,0.2658355795148248,0.3292929292929293,,,,,,
q,beta_x_noise,13,0.0,1000.0,,0.3,,,100,8.633474689294783,6.229095523088619,0.5017857142857143,0.40425531914893614,,,,,,
q,beta_x_noise,13,0.0,1000.0,,0.3,,,500,13.789623584729023,8.009620603934884,0.4023648648648649,0.3340080971659919,,,,,,
q,beta_x_noise,14,0.0,1000.0,,0.3,,,100,6.607863339392741,3.997972770974872,0.23851590106007067,0.30526315789473685,,,,,,
q,beta_x_noise,14,0.0,1000.0,,0.3,,,500,13.59909452275599,11.799865957540531,0.3482805124747134,0.35353535353535354,,,,,,
q,beta_x_noise,15,0.0,1000.0,,0.3,,,100,10.247718427560617,5.289262104219969,0.6089965397923875,0.2631578947368421,,,,,,
q,beta_x_noise,15,0.0,1000.0,,0.3,,,500,21.86154903292881,13.665817802680497,0.5043653458697113,0.298989898989899,,,,,,
q,beta_x_noise,4,0.0,1000000.0,,0.0,,,100,2.398081733190338e-14,1.8540724511240114e-14,1.0,1.0,,,,,,
q,beta_x_noise,4,0.0,1000000.0,,0.0,,,500,5.3290705182007514e-14,4.884981308350689e-14,1.0,1.0,,,,,,
q,beta_x_noise,5,0.0,1000000.0,,0.0,,,100,4.724991786719812e-10,3.5781222429420723e-10,1.0,1.0,,,,,,
q,beta_x_noise,5,0.0,1000000.0,,0.0,,,500,4.724991786719812e-10,1.589457454542753e-10,1.0,1.0,,,,,,
q,beta_x_noise,6,0.0,1000000.0,,0.0,,,100,2.1316282072803006e-14,2.1316282072803006e-14,1.0,1.0,,,,,,
q,beta_x_noise,6,0.0,1000000.0,,0.0,,,500,5.3290705182007514e-14,5.3290705182007514e-14,1.0,1.0,,,,,,
q,beta_x_noise,7,0.0,1000000.0,,0.0,,,100,1.2989609388114332e-14,1.0880185641326534e-14,1.0,1.0,,,,,,
q,beta_x_noise,7,0.0,1000000.0,,0.0,,,500,2.1538326677728037e-14,1.7319479184152442e-14,1.0,1.0,,,,,,
q,beta_x_noise,12,0.0,1000000.0,,0.0,,,100,1.3988810110276972e-14,1.2989609388114332e-14,1.0,1.0,,,,,,
q,beta_x_noise,12,0.0,1000000.0,,0.0,,,500,2.353672812205332e-14,1.9539925233402755e-14,1.0,1.0,,,,,,
q,beta_x_noise,13,0.0,1000000.0,,0.0,,,100,2.6201263381153694e-14,2.6201263381153694e-14,1.0,1.0,,,,,,
q,beta_x_noise,13,0.0,1000000.0,,0.0,,,500,6.217248937900877e-14,6.217248937900877e-14,1.0,1.0,,,,,,
q,beta_x_noise,14,0.0,1000000.0,,0.0,,,100,1.0380585280245214e-14,1.0380585280245214e-14,1.0,1.0,,,,,,
q,beta_x_noise,14,0.0,1000000.0,,0.0,,,500,3.064215547965432e-14,3.064215547965432e-14,1.0,1.0,,,,,,
q,beta_x_noise,15,0.0,1000000.0,,0.0,,,100,1.3433698597964394e-14,1.3433698597964394e-14,1.0,1.0,,,,,,
q,beta_x_noise,15,0.0,1000000.0,,0.0,,,500,2.90878432451791e-14,2.7977620220553945e-14,1.0,1.0,,,,,,
q,beta_x_noise,16,0.0,1000.0,,0.3,,,100,12.984071219097832,12.984071219097832,0.2808586762075134,0.2553191489361702,,,,,,
q,beta_x_noise,16,0.0,1000.0,,0.3,,,500,18.331237379329586,17.11447810569876,0.2808381209868199,0.291497975708502,,,,,,
q,beta_x_noise,17,0.0,1000.0,,0.3,,,100,9.845310929158174,6.4145424089227205,0.5236220472440944,0.30851063829787234,,,,,,
q,beta_x_noise,17,0.0,1000.0,,0.3,,,500,35.4823876665033,35.4823876665033,0.28988995873452544,0.3562753036437247,,,,,,
q,beta_x_noise,18,0.0,1000.0,,0.3,,,100,11.851903857611926,8.97645760098201,0.3238938053097345,0.3870967741935484,,,,,,
q,beta_x_noise,18,0.0,1000.0,,0.3,,,500,17.69394681714713,13.60988793484798,0.14974704890387858,0.30628803245436104,,,,,,
q,beta_x_noise,19,0.0,1000.0,,0.3,,,100,7.029995912958615,4.512536689580372,0.40597539543058,0.358695652173913,,,,,,
q,beta_x_noise,19,0.0,1000.0,,0.3,,,500,19.05051118394221,6.46759383589325,0.3543280565847087,0.34146341463414637,,,,,,
q,beta_x_noise,8,0.0,1000000.0,,0.0,,,100,1.199040866595169e-14,1.1324274851176597e-14,1.0,1.0,,,,,,
q,beta_x_noise,8,0.0,1000000.0,,0.0,,,500,2.930988785010413e-14,2.042810365310288e-14,1.0,1.0,,,,,,
q,beta_x_noise,9,0.0,1000000.0,,0.0,,,100,1.9761969838327786e-14,1.9761969838327786e-14,1.0,1.0,,,,,,
q,beta_x_noise,9,0.0,1000000.0,,0.0,,,500,5.3290705182007514e-14,5.284661597215745e-14,1.0,1.0,,,,,,
q,beta_x_noise,10,0.0,1000000.0,,0.0,,,100,2.9531932455029164e-14,2.0095036745715333e-14,1.0,1.0,,,,,,
q,beta_x_noise,10,0.0,1000000.0,,0.0,,,500,2.9531932455029164e-14,2.220446049250313e-14,1.0,1.0,,,,,,
q,beta_x_noise,11,0.0,1000000.0,,0.0,,,100,3.197442310920451e-14,3.197442310920451e-14,1.0,1.0,,,,,,
q,beta_x_noise,11,0.0,1000000.0,,0.0,,,500,5.81756864903582e-14,5.684341886080802e-14,1.0,1.0,,,,,,
q,beta_x_noise,16,0.0,1000000.0,,0.0,,,100,2.7977620220553945e-14,2.6201263381153694e-14,1.0,1.0,,,,,,
q,beta_x_noise,16,0.0,1000000.0,,0.0,,,500,4.884981308350689e-14,4.618527782440651e-14,1.0,1.0,,,,,,
q,beta_x_noise,17,0.0,1000000.0,,0.0,,,100,8.215650382226158e-15,8.215650382226158e-15,1.0,1.0,,,,,,
q,beta_x_noise,17,0.0,1000000.0,,0.0,,,500,2.886579864025407e-14,2.842170943040401e-14,1.0,1.0,,,,,,
q,beta_x_noise,18,0.0,1000000.0,,0.0,,,100,1.765254609153999e-14,1.587618925213974e-14,1.0,1.0,,,,,,
q,beta_x_noise,18,0.0,1000000.0,,0.0,,,500,3.3306690738754696e-14,2.2648549702353193e-14,1.0,1.0,,,,,,
q,beta_x_noise,19,0.0,1000000.0,,0.0,,,100,2.55351295663786e-14,2.55351295663786e-14,1.0,1.0,,,,,,
q,beta_x_noise,19,0.0,1000000.0,,0.0,,,500,3.1530333899354446e-14,1.5987211554602254e-14,1.0,1.0,,,,,,
q,beta_x_noise,0,0.0,1000000.0,,1e-05,,,100,0.0029705641284241135,0.002963023309127344,1.0,1.0,,,,,,
q,beta_x_noise,0,0.0,1000000.0,,1e-05,,,500,0.004656073523914284,0.0018799675193046372,1.0,1.0,,,,,,
q,beta_x_noise,1,0.0,1000000.0,,1e-05,,,100,0.0019755862089865794,0.0018787536067416122,1.0,1.0,,,,,,
q,beta_x_noise,1,0.0,1000000.0,,1e-05,,,500,0.0033035834540138254,0.00294034487973871,1.0,1.0,,,,,,
q,beta_x_noise,2,0.0,1000000.0,,1e-05,,,100,0.0025595611520519146,0.00237719810557091,1.0,0.9789473684210527,,,,,,
q,beta_x_noise,2,0.0,1000000.0,,1e-05,,,500,0.0039046857031330706,0.0022505145502826895,1.0,0.9959595959595959,,,,,,
q,beta_x_noise,3,0.0,1000000.0,,1e-05,,,100,0.004844382826021058,0.004775770216383951,1.0,0.967741935483871,,,,,,
q,beta_x_noise,3,0.0,1000000.0,,1e-05,,,500,0.004844382826021058,0.0018679965355274941,1.0,0.9939148073022313,,,,,,
q,beta_x_noise,4,0.0,1000000.0,,1e-05,,,100,0.0029416505356338885,0.002711441360258693,1.0,1.0,,,,,,
q,beta_x_noise,4,0.0,1000000.0,,1e-05,,,500,0.0032738465147068574,0.0021433486166406723,1.0,1.0,,,,,,
q,beta_x_noise,5,0.0,1000000.0,,1e-05,,,100,0.0025546025002557426,0.002282008806668623,1.0,0.9787234042553191,,,,,,
q,beta_x_noise,5,0.0,1000000.0,,1e-05,,,500,0.0031911813000948808,0.0022299162216163904,1.0,0.9959514170040485,,,,,,
q,beta_x_noise,6,0.0,1000000.0,,1e-05,,,100,0.002995066261099133,0.002166219888972698,1.0,1.0,,,,,,
q,beta_x_noise,6,0.0,1000000.0,,1e-05,,,500,0.0034650256734169993,0.0031062903048624246,1.0,1.0,,,,,,
q,beta_x_noise,7,0.0,1000000.0,,1e-05,,,100,0.0017672430148334417,0.0012804183252008716,1.0,1.0,,,,,,
q,beta_x_noise,7,0.0,1000000.0,,1e-05,,,500,0.003665097121362093,0.002677206368999263,1.0,1.0,,,,,,
q,beta_x_noise,8,0.0,1000000.0,,1e-05,,,100,0.003114849076628512,0.0030606131303747564,1.0,0.9891304347826086,,,,,,
q,beta_x_noise,8,0.0,1000000.0,,1e-05,,,500,0.003395469177295274,0.002126760984952014,1.0,0.9979674796747967,,,,,,
q,beta_x_noise,9,0.0,1000000.0,,1e-05,,,100,0.004728950653182226,0.004728950653182226,1.0,0.978494623655914,,,,,,
q,beta_x_noise,9,0.0,1000000.0,,1e-05,,,500,0.005548462125984643,0.00397791973657835,1.0,0.9959432048681541,,,,,,
q,beta_x_noise,10,0.0,1000000.0,,1e-05,,,100,0.0036626480106346504,0.002835940900369316,1.0,0.9893617021276596,,,,,,
q,beta_x_noise,10,0.0,1000000.0,,1e-05,,,500,0.0056152018718740315,0.0037071424565309208,1.0,0.9979757085020243,,,,,,
q,beta_x_noise,11,0.0,1000000.0,,1e-05,,,100,0.002752669443669531,0.0023768385325368957,1.0,1.0,,,,,,
q,beta_x_noise,11,0.0,1000000.0,,1e-05,,,500,0.003990394277813447,0.003990394277813447,1.0,1.0,,,,,,
q,beta_x_noise,12,0.0,1000000.0,,1e-05,,,100,0.0035735582464450633,0.002000724794405162,1.0,1.0,,,,,,
q,beta_x_noise,12,0.0,1000000.0,,1e-05,,,500,0.0035735582464450633,0.0020388984491388484,1.0,1.0,,,,,,
q,beta_x_noise,13,0.0,1000000.0,,1e-05,,,100,0.0017140594747659943,0.0013073513386980817,1.0,1.0,,,,,,
q,beta_x_noise,13,0.0,1000000.0,,1e-05,,,500,0.002528415751000157,0.0014511996224142454,1.0,1.0,,,,,,
q,beta_x_noise,14,0.0,1000000.0,,1e-05,,,100,0.002953580479188256,0.002411873968533984,1.0,1.0,,,,,,
q,beta_x_noise,14,0.0,1000000.0,,1e-05,,,500,0.0036358009821619852,0.0017293393479810293,1.0,1.0,,,,,,
q,beta_x_noise,15,0.0,1000000.0,,1e-05,,,100,0.0028519443328380717,0.0017265380961828392,1.0,0.9894736842105263,,,,,,
q,beta_x_noise,15,0.0,1000000.0,,1e-05,,,500,0.00407055393310185,0.0017555033284386568,1.0,0.9959595959595959,,,,,,
q,beta_x_noise,16,0.0,1000000.0,,1e-05,,,100,0.003819277886071948,0.003819277886071948,1.0,0.9893617021276596,,,,,,
q,beta_x_noise,16,0.0,1000000.0,,1e-05,,,500,0.004058277196034243,0.002164720797516978,1.0,0.9979757085020243,,,,,,
q,beta_x_noise,17,0.0,1000000.0,,1e-05,,,100,0.0016895417100384058,0.0016258864465876488,1.0,1.0,,,,,,
q,beta_x_noise,17,0.0,1000000.0,,1e-05,,,500,0.0032440529547881347,0.0031380246736860684,1.0,1.0,,,,,,
q,beta_x_noise,18,0.0,1000000.0,,1e-05,,,100,0.0022007299778600276,0.0022007299778600276,1.0,0.978494623655914,,,,,,
q,beta_x_noise,18,0.0,1000000.0,,1e-05,,,500,0.0043252388727827995,0.0026337948906407505,1.0,0.9959432048681541,,,,,,
q,beta_x_noise,19,0.0,1000000.0,,1e-05,,,100,0.0019655036679973037,0.0014364408442785193,1.0,1.0,,,,,,
q,beta_x_noise,19,0.0,1000000.0,,1e-05,,,500,0.0030695268689178157,0.002431189596487471,1.0,1.0,,,,,,
q,beta_x_noise,0,0.0,1000000.0,,0.0001,,,100,0.049737437725873135,0.04785133577911449,1.0,0.8085106382978723,,,,,,
q,beta_x_noise,0,0.0,1000000.0,,0.0001,,,500,0.08292500568638506,0.03568397784008259,1.0,0.9574898785425101,,,,,,
q,beta_x_noise,1,0.0,1000000.0,,0.0001,,,100,0.0410838621231471,0.04070006605525725,1.0,0.8494623655913979,,,,,,
q,beta_x_noise,1,0.0,1000000.0,,0.0001,,,500,0.04861763661733498,0.02915983859312954,1.0,0.9716024340770791,,,,,,
q,beta_x_noise,2,0.0,1000000.0,,0.0001,,,100,0.08081478470201442,0.06424062115856644,0.972318339100346,0.7894736842105263,,,,,,
q,beta_x_noise,2,0.0,1000000.0,,0.0001,,,500,0.08081478470201442,0.028686597693763805,0.9946272666218939,0.9595959595959596,,,,,,
q,beta_x_noise,3,0.0,1000000.0,,0.0001,,,100,0.057324589334568854,0.04792293672192516,0.9894551845342706,0.7311827956989247,,,,,,
q,beta_x_noise,3,0.0,1000000.0,,0.0001,,,500,0.057324589334568854,0.0332453752373405,0.997979117547996,0.947261663286004,,,,,,
q,beta_x_noise,4,0.0,1000000.0,,0.0001,,,100,0.05408776569626439,0.04871771508405459,1.0,0.8842105263157894,,,,,,
q,beta_x_noise,4,0.0,1000000.0,,0.0001,,,500,0.05408776569626439,0.027735306962040296,1.0,0.9777777777777777,,,,,,
q,beta_x_noise,5,0.0,1000000.0,,0.0001,,,100,0.06945153778306035,0.05654018601327215,1.0,0.7978723404255319,,,,,,
q,beta_x_noise,5,0.0,1000000.0,,0.0001,,,500,0.10408810326244433,0.038700712989268915,1.0,0.9554655870445344,,,,,,
q,beta_x_noise,6,0.0,1000000.0,,0.0001,,,100,0.0450983475353125,0.030518768470388924,1.0,0.8709677419354839,,,,,,
q,beta_x_noise,6,0.0,1000000.0,,0.0001,,,500,0.0450983475353125,0.026755850697118166,1.0,0.9756592292089249,,,,,,
q,beta_x_noise,7,0.0,1000000.0,,0.0001,,,100,0.08831495581096516,0.07791529281237786,1.0,0.7021276595744681,,,,,,
q,beta_x_noise,7,0.0,1000000.0,,0.0001,,,500,0.1076120125077763,0.03417284124937181,1.0,0.9412955465587044,,,,,,
q,beta_x_noise,8,0.0,1000000.0,,0.0001,,,100,0.057832275423851276,0.057023078114762926,1.0,0.8152173913043478,,,,,,
q,beta_x_noise,8,0.0,1000000.0,,0.0001,,,500,0.0749630881183847,0.05962556718554657,1.0,0.9410569105691057,,,,,,
q,beta_x_noise,9,0.0,1000000.0,,0.0001,,,100,0.046623003451851,0.04487908971526028,1.0,0.6774193548387096,,,,,,
q,beta_x_noise,9,0.0,1000000.0,,0.0001,,,500,0.087286694891487,0.06435583378924514,1.0,0.9249492900608519,,,,,,
q,beta_x_noise,10,0.0,1000000.0,,0.0001,,,100,0.11043819776118824,0.10354487123867129,1.0,0.7659574468085106,,,,,,
q,beta_x_noise,10,0.0,1000000.0,,0.0001,,,500,0.11043819776118824,0.06908190394226343,1.0,0.9453441295546559,,,,,,
q,beta_x_noise,11,0.0,1000000.0,,0.0001,,,100,0.07268074131662694,0.06479000390924944,1.0,0.7849462365591398,,,,,,
q,beta_x_noise,11,0.0,1000000.0,,0.0001,,,500,0.07268074131662694,0.03279702956073838,1.0,0.9594320486815415,,,,,,
q,beta_x_noise,12,0.0,1000000.0,,0.0001,,,100,0.06658508975632743,0.05559296971896832,1.0,0.7684210526315789,,,,,,
q,beta_x_noise,12,0.0,1000000.0,,0.0001,,,500,0.06658508975632743,0.03225520116653291,1.0,0.9535353535353536,,,,,,
q,beta_x_noise,13,0.0,1000000.0,,0.0001,,,100,0.04988243267622949,0.03985359993756776,1.0,0.8404255319148937,,,,,,
q,beta_x_noise,13,0.0,1000000.0,,0.0001,,,500,0.05573209487788833,0.03504403246355303,1.0,0.9655870445344129,,,,,,
q,beta_x_noise,14,0.0,1000000.0,,0.0001,,,100,0.07411354369642789,0.06755652004119175,1.0,0.6947368421052632,,,,,,
q,beta_x_noise,14,0.0,1000000.0,,0.0001,,,500,0.1472994462021942,0.07905759599999196,1.0,0.8868686868686869,,,,,,
q,beta_x_noise,15,0.0,1000000.0,,0.0001,,,100,0.06424537894341353,0.05915068561050835,1.0,0.6631578947368421,,,,,,
q,beta_x_noise,15,0.0,1000000.0,,0.0001,,,500,0.12220883267488092,0.0866582305128003,0.9969778374748153,0.8929292929292929,,,,,,
q,beta_x_noise,16,0.0,1000000.0,,0.0001,,,100,0.059072152058184724,0.059072152058184724,1.0,0.8404255319148937,,,,,,
q,beta_x_noise,16,0.0,1000000.0,,0.0001,,,500,0.05924311364056911,0.031213210718096462,1.0,0.9696356275303644,,,,,,
q,beta_x_noise,17,0.0,1000000.0,,0.0001,,,100,0.03867314198921512,0.030729400434730547,1.0,0.8829787234042553,,,,,,
q,beta_x_noise,17,0.0,1000000.0,,0.0001,,,500,0.041994438656640876,0.02231251730143713,1.0,0.9777327935222672,,,,,,
q,beta_x_noise,18,0.0,1000000.0,,0.0001,,,100,0.12567274016930463,0.12067660593017271,1.0,0.6989247311827957,,,,,,
q,beta_x_noise,18,0.0,1000000.0,,0.0001,,,500,0.12567274016930463,0.06095236166273654,1.0,0.9391480730223124,,,,,,
q,beta_x_noise,19,0.0,1000000.0,,0.0001,,,100,0.06542511199820689,0.02972266699247833,1.0,0.8695652173913043,,,,,,
q,beta_x_noise,19,0.0,1000000.0,,0.0001,,,500,0.06542511199820689,0.03186135003912516,1.0,0.975609756097561,,,,,,
q,beta_x_noise,0,0.0,1000000.0,,0.001,,,100,0.2946431203557488,0.2946431203557488,1.0,0.4574468085106383,,,,,,
q,beta_x_noise,0,0.0,1000000.0,,0.001,,,500,1.301455240428389,1.2964761466615846,0.9839034205231388,0.49190283400809715,,,,,,
q,beta_x_noise,1,0.0,1000000.0,,0.001,,,100,0.2300477594795689,0.2114001147794874,0.9616087751371115,0.45161290322580644,,,,,,
q,beta_x_noise,1,0.0,1000000.0,,0.001,,,500,1.8087550296197126,1.7248813319965002,0.9928741092636579,0.5050709939148073,,,,,,
q,beta_x_noise,2,0.0,1000000.0,,0.001,,,100,0.25517839387031227,0.22500989939752136,0.9636678200692042,0.37894736842105264,,,,,,
q,beta_x_noise,2,0.0,1000000.0,,0.001,,,500,1.7855269912095149,1.6915182848540824,0.9852249832102082,0.4303030303030303,,,,,,
q,beta_x_noise,3,0.0,1000000.0,,0.001,,,100,0.29128158649361346,0.270139499124732,0.9648506151142355,0.3655913978494624,,,,,,
q,beta_x_noise,3,0.0,1000000.0,,0.001,,,500,1.3516047585002784,1.3516047585002784,0.9932637251599865,0.43204868154158216,,,,,,
q,beta_x_noise,12,0.0,1000000.0,,0.001,,,100,0.40871917629255283,0.40871917629255283,0.9524647887323944,0.3684210526315789,,,,,,
q,beta_x_noise,12,0.0,1000000.0,,0.001,,,500,1.5050491306429952,1.4686207417808441,0.9909029649595688,0.43232323232323233,,,,,,
q,beta_x_noise,13,0.0,1000000.0,,0.001,,,100,0.3468253354911991,0.3446188440254342,0.8678571428571429,0.3829787234042553,,,,,,
q,beta_x_noise,13,0.0,1000000.0,,0.001,,,500,2.179672216002356,2.179672216002356,0.9685810810810811,0.5080971659919028,,,,,,
q,beta_x_noise,14,0.0,1000000.0,,0.001,,,100,0.20247353224669967,0.20247353224669967,1.0,0.3368421052631579,,,,,,
q,beta_x_noise,14,0.0,1000000.0,,0.001,,,500,1.1809508135463194,1.1809508135463194,0.9339177343223196,0.402020202020202,,,,,,
q,beta_x_noise,15,0.0,1000000.0,,0.001,,,100,0.22016704489468186,0.21945537265024062,0.9619377162629758,0.37894736842105264,,,,,,
q,beta_x_noise,15,0.0,1000000.0,,0.001,,,500,1.0394061292255399,1.039145861076683,0.8572867696440564,0.4,,,,,,
q,beta_x_noise,4,0.0,1000000.0,,0.001,,,100,0.2786674947279365,0.2776387076203225,0.9981515711645101,0.43157894736842106,,,,,,
q,beta_x_noise,4,0.0,1000000.0,,0.001,,,500,1.6731330881614,1.6731330881614,0.9972798367902074,0.4727272727272727,,,,,,
q,beta_x_noise,5,0.0,1000000.0,,0.001,,,100,0.44908043586649943,0.4211689476411625,0.8618881118881119,0.3404255319148936,,,,,,
q,beta_x_noise,5,0.0,1000000.0,,0.001,,,500,1.8063748585567572,1.709597470513576,0.9734185733512786,0.4676113360323887,,,,,,
q,beta_x_noise,6,0.0,1000000.0,,0.001,,,100,0.4726498618244441,0.43464400618296506,0.829443447037702,0.2903225806451613,,,,,,
q,beta_x_noise,6,0.0,1000000.0,,0.001,,,500,1.7703089346358774,1.7279504274630957,0.9641528576259722,0.48073022312373226,,,,,,
q,beta_x_noise,7,0.0,1000000.0,,0.001,,,100,0.26420753536205477,0.1957099996682547,0.9894736842105263,0.39361702127659576,,,,,,
q,beta_x_noise,7,0.0,1000000.0,,0.001,,,500,1.5931638538023183,1.5931638538023183,0.98989898989899,0.4676113360323887,,,,,,
q,beta_x_noise,8,0.0,1000000.0,,0.001,,,100,0.3819745113173947,0.3819745113173947,0.9275618374558304,0.32608695652173914,,,,,,
q,beta_x_noise,8,0.0,1000000.0,,0.001,,,500,1.349123271786195,1.2124419030401856,0.9146999325691166,0.4105691056910569,,,,,,
q,beta_x_noise,9,0.0,1000000.0,,0.001,,,100,0.13851509672392415,0.13796539734169427,0.9404553415061296,0.3870967741935484,,,,,,
q,beta_x_noise,9,0.0,1000000.0,,0.001,,,500,1.3036213380741715,1.2186868098160035,0.988556041736789,0.4300202839756592,,,,,,
q,beta_x_noise,10,0.0,1000000.0,,0.001,,,100,0.30960286701621337,0.30960286701621337,0.9982486865148862,0.425531914893617,,,,,,
q,beta_x_noise,10,0.0,1000000.0,,0.001,,,500,1.3636443927635455,1.2255511549123823,0.9828340626051835,0.4716599190283401,,,,,,
q,beta_x_noise,11,0.0,1000000.0,,0.001,,,100,0.4694303895473809,0.46623338077360055,0.9527272727272728,0.3978494623655914,,,,,,
q,beta_x_noise,11,0.0,1000000.0,,0.001,,,500,1.778846399757378,1.6855674599136825,0.9911864406779661,0.45233265720081134,,,,,,
q,beta_x_noise,16,0.0,1000000.0,,0.001,,,100,0.5797323544648483,0.5797323544648483,0.9856887298747764,0.3723404255319149,,,,,,
q,beta_x_noise,16,0.0,1000000.0,,0.001,,,500,2.0872107742461736,2.0872107742461736,0.9972963839134843,0.4716599190283401,,,,,,
q,beta_x_noise,17,0.0,1000000.0,,0.001,,,100,0.48096522080083814,0.4803493917350551,0.9921259842519685,0.425531914893617,,,,,,
q,beta_x_noise,17,0.0,1000000.0,,0.001,,,500,1.9042318027016718,1.9042318027016718,0.9731774415405777,0.5060728744939271,,,,,,
q,beta_x_noise,18,0.0,1000000.0,,0.001,,,100,0.281797359528446,0.281797359528446,0.9504424778761061,0.43010752688172044,,,,,,
q,beta_x_noise,18,0.0,1000000.0,,0.001,,,500,1.8415592893071937,1.8415592893071937,0.9905564924114671,0.4259634888438134,,,,,,
q,beta_x_noise,19,0.0,1000000.0,,0.001,,,100,0.37877437658615964,0.2723707028391996,0.9964850615114236,0.43478260869565216,,,,,,
q,beta_x_noise,19,0.0,1000000.0,,0.001,,,500,1.6604528168901664,1.4950550998712604,0.9993263725159987,0.5203252032520326,,,,,,
q,beta_x_noise,0,0.0,1000000.0,,0.01,,,100,0.4668877251884633,0.44406306542816515,0.8195876288659794,0.39361702127659576,,,,,,
q,beta_x_noise,0,0.0,1000000.0,,0.01,,,500,1.9194331562406581,1.8952421947101792,0.8202548625083836,0.3441295546558704,,,,,,
q,beta_x_noise,1,0.0,1000000.0,,0.01,,,100,0.6139586200117819,0.6139586200117819,0.8610603290676416,0.40860215053763443,,,,,,
q,beta_x_noise,1,0.0,1000000.0,,0.01,,,500,2.352599743194329,2.352599743194329,0.9524940617577197,0.3772819472616633,,,,,,
q,beta_x_noise,2,0.0,1000000.0,,0.01,,,100,0.4478517313246968,0.4306407623450721,0.9186851211072664,0.3368421052631579,,,,,,
q,beta_x_noise,2,0.0,1000000.0,,0.01,,,500,2.1183602420663328,2.0910227190748403,0.9039623908663532,0.32323232323232326,,,,,,
q,beta_x_noise,3,0.0,1000000.0,,0.01,,,100,0.4576348285921934,0.4576348285921934,0.8787346221441125,0.2903225806451613,,,,,,
q,beta_x_noise,3,0.0,1000000.0,,0.01,,,500,1.7557409889513034,1.7534466310199917,0.8918827888177837,0.3103448275862069,,,,,,
q,beta_x_noise,4,0.0,1000000.0,,0.01,,,100,0.46431995772793677,0.4341327388067597,0.9426987060998152,0.37894736842105264,,,,,,
q,beta_x_noise,4,0.0,1000000.0,,0.01,,,500,2.185384861093695,1.853424618791195,0.9479768786127167,0.37373737373737376,,,,,,
q,beta_x_noise,5,0.0,1000000.0,,0.01,,,100,0.624697783647012,0.5860401010684839,0.6293706293706294,0.2872340425531915,,,,,,
q,beta_x_noise,5,0.0,1000000.0,,0.01,,,500,2.512430842694789,2.490022825209008,0.8469044414535666,0.32388663967611336,,,,,,
q,beta_x_noise,6,0.0,1000000.0,,0.01,,,100,0.5493273176345133,0.5112487712675211,0.6570915619389587,0.24731182795698925,,,,,,
q,beta_x_noise,6,0.0,1000000.0,,0.01,,,500,2.4823881517218247,2.3204563415127537,0.8745350016909029,0.3184584178498986,,,,,,
q,beta_x_noise,7,0.0,1000000.0,,0.01,,,100,0.3555600115630384,0.20808388096601504,0.8859649122807017,0.3404255319148936,,,,,,
q,beta_x_noise,7,0.0,1000000.0,,0.01,,,500,2.2203659024810447,2.089882637598851,0.8494949494949495,0.3441295546558704,,,,,,
q,beta_x_noise,8,0.0,1000000.0,,0.01,,,100,0.3762637565059965,0.3762637565059965,0.784452296819788,0.30434782608695654,,,,,,
q,beta_x_noise,8,0.0,1000000.0,,0.01,,,500,1.5320830406856882,1.5320830406856882,0.8621038435603506,0.33739837398373984,,,,,,
q,beta_x_noise,9,0.0,1000000.0,,0.01,,,100,0.38360435728427533,0.37983919519402787,0.8774080560420315,0.3225806451612903,,,,,,
q,beta_x_noise,9,0.0,1000000.0,,0.01,,,500,1.6181450716073136,1.5822771812780134,0.8879165264220801,0.332657200811359,,,,,,
q,beta_x_noise,10,0.0,1000000.0,,0.01,,,100,0.41997768386607665,0.3435816646035193,0.9246935201401051,0.40425531914893614,,,,,,
q,beta_x_noise,10,0.0,1000000.0,,0.01,,,500,1.8562146319569153,1.7469806796471334,0.9249410972736453,0.38866396761133604,,,,,,
q,beta_x_noise,11,0.0,1000000.0,,0.01,,,100,0.6200398027794923,0.568966176238755,0.7090909090909091,0.3763440860215054,,,,,,
q,beta_x_noise,11,0.0,1000000.0,,0.01,,,500,2.080260985008666,2.046466373371359,0.8342372881355932,0.3448275862068966,,,,,,
q,beta_x_noise,12,0.0,1000000.0,,0.01,,,100,0.6176658833900062,0.6176658833900062,0.8204225352112676,0.30526315789473685,,,,,,
q,beta_x_noise,12,0.0,1000000.0,,0.01,,,500,1.8689012447492352,1.8539402406962466,0.9225067385444744,0.3111111111111111,,,,,,
q,beta_x_noise,13,0.0,1000000.0,,0.01,,,100,0.5583084014815656,0.5362434868239161,0.7696428571428572,0.32978723404255317,,,,,,
q,beta_x_noise,13,0.0,1000000.0,,0.01,,,500,2.465486029351939,2.465486029351939,0.9162162162162162,0.3562753036437247,,,,,,
q,beta_x_noise,14,0.0,1000000.0,,0.01,,,100,0.3433958273620326,0.3270832226049826,0.6024734982332155,0.30526315789473685,,,,,,
q,beta_x_noise,14,0.0,1000000.0,,0.01,,,500,1.684586003766893,1.5110477284808086,0.6975724881995954,0.3292929292929293,,,,,,
q,beta_x_noise,15,0.0,1000000.0,,0.01,,,100,0.4080365329940244,0.4080365329940244,0.8373702422145328,0.3263157894736842,,,,,,
q,beta_x_noise,15,0.0,1000000.0,,0.01,,,500,1.5291029383234584,1.5221668065989042,0.7316991269308261,0.3090909090909091,,,,,,
q,beta_x_noise,16,0.0,1000000.0,,0.01,,,100,0.7844312295548221,0.7844312295548221,0.8568872987477638,0.3191489361702128,,,,,,
q,beta_x_noise,16,0.0,1000000.0,,0.01,,,500,2.5954511412102566,2.5954511412102566,0.953362622507604,0.32793522267206476,,,,,,
q,beta_x_noise,17,0.0,1000000.0,,0.01,,,100,0.619025711745273,0.6128674210874419,0.9389763779527559,0.40425531914893614,,,,,,
q,beta_x_noise,17,0.0,1000000.0,,0.01,,,500,2.4582467988621644,2.436851672336164,0.9391334250343879,0.3684210526315789,,,,,,
q,beta_x_noise,18,0.0,1000000.0,,0.01,,,100,0.8451333676078249,0.5746072613019997,0.7079646017699115,0.41935483870967744,,,,,,
q,beta_x_noise,18,0.0,1000000.0,,0.01,,,500,2.256088499008872,2.194173265368625,0.863406408094435,0.3144016227180527,,,,,,
q,beta_x_noise,19,0.0,1000000.0,,0.01,,,100,0.4384986678529099,0.3249350961366163,0.8998242530755711,0.391304347826087,,,,,,
q,beta_x_noise,19,0.0,1000000.0,,0.01,,,500,2.010469516737328,1.6816374306468636,0.9757494105759515,0.38414634146341464,,,,,,
q,beta_x_noise,0,0.0,1000000.0,,0.03,,,100,0.9014797945206634,0.7294478159742683,0.5257731958762887,0.3829787234042553,,,,,,
q,beta_x_noise,0,0.0,1000000.0,,0.03,,,500,2.227324142057094,2.0833704431471434,0.5,0.33805668016194335,,,,,,
q,beta_x_noise,1,0.0,1000000.0,,0.03,,,100,0.9579887919426324,0.9579887919426324,0.7495429616087751,0.40860215053763443,,,,,,
q,beta_x_noise,1,0.0,1000000.0,,0.03,,,500,2.9172655385051507,2.660050157740187,0.7733288089582626,0.36511156186612576,,,,,,
q,beta_x_noise,2,0.0,1000000.0,,0.03,,,100,0.773947459143478,0.5614174025797729,0.759515570934256,0.3263157894736842,,,,,,
q,beta_x_noise,2,0.0,1000000.0,,0.03,,,500,2.2955994068800836,2.121100326155915,0.7343854936198791,0.30707070707070705,,,,,,
q,beta_x_noise,3,0.0,1000000.0,,0.03,,,100,0.9574500308086383,0.9574500308086383,0.6695957820738138,0.27956989247311825,,,,,,
q,beta_x_noise,3,0.0,1000000.0,,0.03,,,500,2.3568334298431206,2.321413855903227,0.648029639609296,0.3002028397565923,,,,,,
q,beta_x_noise,4,0.0,1000000.0,,0.03,,,100,0.9510749818596336,0.8605133250961023,0.767097966728281,0.37894736842105264,,,,,,
q,beta_x_noise,4,0.0,1000000.0,,0.03,,,500,2.885081518457403,2.0607483349497357,0.8520911254675281,0.3656565656565657,,,,,,
q,beta_x_noise,5,0.0,1000000.0,,0.03,,,100,0.8644599969920317,0.6519075761777933,0.5576923076923077,0.2872340425531915,,,,,,
q,beta_x_noise,5,0.0,1000000.0,,0.03,,,500,3.154235955781531,3.040878846994802,0.6783310901749664,0.32388663967611336,,,,,,
q,beta_x_noise,6,0.0,1000000.0,,0.03,,,100,1.1891087844022017,0.8054165200425277,0.5763016157989228,0.24731182795698925,,,,,,
q,beta_x_noise,6,0.0,1000000.0,,0.03,,,500,3.077827858617914,2.4083064473545646,0.6909029421711194,0.31237322515212984,,,,,,
q,beta_x_noise,7,0.0,1000000.0,,0.03,,,100,1.0983146879307562,0.5444237508859702,0.6894736842105263,0.3404255319148936,,,,,,
q,beta_x_noise,7,0.0,1000000.0,,0.03,,,500,2.6076911937599716,2.5443854650867426,0.6484848484848484,0.3360323886639676,,,,,,
q,beta_x_noise,8,0.0,1000000.0,,0.03,,,100,0.7045757541824372,0.5735894663484711,0.627208480565371,0.30434782608695654,,,,,,
q,beta_x_noise,8,0.0,1000000.0,,0.03,,,500,1.9161486220211186,1.7591978452152173,0.6503708698583951,0.3353658536585366,,,,,,
q,beta_x_noise,9,0.0,1000000.0,,0.03,,,100,1.012171520335681,0.9701475758766934,0.7530647985989493,0.3118279569892473,,,,,,
q,beta_x_noise,9,0.0,1000000.0,,0.03,,,500,2.263960736921134,1.8082775004957266,0.6401884887243352,0.3265720081135903,,,,,,
q,beta_x_noise,10,0.0,1000000.0,,0.03,,,100,0.8441436551383907,0.620931024630937,0.6392294220665499,0.39361702127659576,,,,,,
q,beta_x_noise,10,0.0,1000000.0,,0.03,,,500,2.4399526951689645,2.181188291478408,0.713227869404241,0.3765182186234818,,,,,,
q,beta_x_noise,11,0.0,1000000.0,,0.03,,,100,0.746692505350667,0.7200053353138841,0.4909090909090909,0.3763440860215054,,,,,,
q,beta_x_noise,11,0.0,1000000.0,,0.03,,,500,2.579768308043,2.478384473131078,0.5816949152542373,0.3407707910750507,,,,,,
q,beta_x_noise,12,0.0,1000000.0,,0.03,,,100,0.8781978516175549,0.8447266810928331,0.6742957746478874,0.30526315789473685,,,,,,
q,beta_x_noise,12,0.0,1000000.0,,0.03,,,500,2.1966438296393176,2.0622553125524665,0.6074797843665768,0.3111111111111111,,,,,,
q,beta_x_noise,13,0.0,1000000.0,,0.03,,,100,1.0068691997035177,0.9406744557305693,0.6,0.3191489361702128,,,,,,
q,beta_x_noise,13,0.0,1000000.0,,0.03,,,500,3.1098799313541523,2.675258463808095,0.6408783783783784,0.3481781376518219,,,,,,
q,beta_x_noise,14,0.0,1000000.0,,0.03,,,100,0.6584916978129611,0.601273654880836,0.3657243816254417,0.30526315789473685,,,,,,
q,beta_x_noise,14,0.0,1000000.0,,0.03,,,500,2.164309001190447,1.6271306683453375,0.48381658799730276,0.32525252525252524,,,,,,
q,beta_x_noise,15,0.0,1000000.0,,0.03,,,100,0.8929765541065755,0.5046461174952195,0.6937716262975778,0.3157894736842105,,,,,,
q,beta_x_noise,15,0.0,1000000.0,,0.03,,,500,2.237137298717317,2.1758527198544053,0.619543317662861,0.30707070707070705,,,,,,
q,beta_x_noise,16,0.0,1000000.0,,0.03,,,100,1.2856160104633605,1.2856160104633605,0.5223613595706619,0.3191489361702128,,,,,,
q,beta_x_noise,16,0.0,1000000.0,,0.03,,,500,2.76127212329988,2.425147586374254,0.7306522473808719,0.32186234817813764,,,,,,
q,beta_x_noise,17,0.0,1000000.0,,0.03,,,100,0.8940023638732653,0.7303505523926012,0.8248031496062992,0.40425531914893614,,,,,,
q,beta_x_noise,17,0.0,1000000.0,,0.03,,,500,2.7644584196452695,2.7349386044054973,0.625171939477304,0.36639676113360325,,,,,,
q,beta_x_noise,18,0.0,1000000.0,,0.03,,,100,1.2481127687122329,0.9429749746351633,0.45309734513274336,0.41935483870967744,,,,,,
q,beta_x_noise,18,0.0,1000000.0,,0.03,,,500,2.7461340270828543,2.3762540439308695,0.3487352445193929,0.30425963488843816,,,,,,
q,beta_x_noise,19,0.0,1000000.0,,0.03,,,100,0.6377518476014664,0.5371525816472974,0.7240773286467487,0.391304347826087,,,,,,
q,beta_x_noise,19,0.0,1000000.0,,0.03,,,500,2.1190862061506293,1.8897285509001305,0.8002694509936006,0.3780487804878049,,,,,,
q,beta_x_noise,0,0.0,1000000.0,,0.1,,,100,3.1145198355807726,2.4949677311270886,0.3247422680412371,0.3829787234042553,,,,,,
q,beta_x_noise,0,0.0,1000000.0,,0.1,,,500,6.1331365987561695,5.105343115669951,0.2806841046277666,0.3319838056680162,,,,,,
q,beta_x_noise,1,0.0,1000000.0,,0.1,,,100,2.2457651546136015,2.2201184860493473,0.4789762340036563,0.40860215053763443,,,,,,
q,beta_x_noise,1,0.0,1000000.0,,0.1,,,500,4.458813371729079,3.2382537545579404,0.46521886664404477,0.359026369168357,,,,,,
q,beta_x_noise,2,0.0,1000000.0,,0.1,,,100,2.0007686086567817,1.5367407784317026,0.6038062283737025,0.3263157894736842,,,,,,
q,beta_x_noise,2,0.0,1000000.0,,0.1,,,500,4.99213505309254,4.276458965936757,0.515446608462055,0.3090909090909091,,,,,,
q,beta_x_noise,3,0.0,1000000.0,,0.1,,,100,2.7068032385661973,2.7068032385661973,0.4270650263620387,0.26881720430107525,,,,,,
q,beta_x_noise,3,0.0,1000000.0,,0.1,,,500,3.9684776996263436,3.8329830841327333,0.40282923543280563,0.3002028397565923,,,,,,
q,beta_x_noise,4,0.0,1000000.0,,0.1,,,100,2.6434269729989937,2.341554783787223,0.4879852125693161,0.3894736842105263,,,,,,
q,beta_x_noise,4,0.0,1000000.0,,0.1,,,500,5.211614706489231,3.6329650877130355,0.5797347840870453,0.3616161616161616,,,,,,
q,beta_x_noise,5,0.0,1000000.0,,0.1,,,100,2.7465502684221947,2.2698569470540875,0.34265734265734266,0.30851063829787234,,,,,,
q,beta_x_noise,5,0.0,1000000.0,,0.1,,,500,5.367259069866908,4.808810559981595,0.45827725437415884,0.32186234817813764,,,,,,
q,beta_x_noise,6,0.0,1000000.0,,0.1,,,100,3.3184186382690637,1.729801144902708,0.473967684021544,0.24731182795698925,,,,,,
q,beta_x_noise,6,0.0,1000000.0,,0.1,,,500,6.409637392877811,4.222747683400829,0.4548528914440311,0.3103448275862069,,,,,,
q,beta_x_noise,7,0.0,1000000.0,,0.1,,,100,3.6888064834127694,1.8147458362865674,0.5017543859649123,0.3404255319148936,,,,,,
q,beta_x_noise,7,0.0,1000000.0,,0.1,,,500,4.856798854659454,4.856798854659454,0.44545454545454544,0.3360323886639676,,,,,,
q,beta_x_noise,8,0.0,1000000.0,,0.1,,,100,2.142237916378018,1.5603481660703968,0.43992932862190814,0.30434782608695654,,,,,,
q,beta_x_noise,8,0.0,1000000.0,,0.1,,,500,4.660123955369773,4.265866116198511,0.41571139581928523,0.33739837398373984,,,,,,
q,beta_x_noise,9,0.0,1000000.0,,0.1,,,100,3.787801331291687,3.7501497103892123,0.5569176882661997,0.3225806451612903,,,,,,
q,beta_x_noise,9,0.0,1000000.0,,0.1,,,500,6.129652591012056,4.7489745136159,0.4274654998317065,0.3306288032454361,,,,,,
q,beta_x_noise,10,0.0,1000000.0,,0.1,,,100,2.6918007818081335,1.8952138717323828,0.4973730297723292,0.39361702127659576,,,,,,
q,beta_x_noise,10,0.0,1000000.0,,0.1,,,500,4.1054574013908764,2.8241187161692074,0.557388084819926,0.3684210526315789,,,,,,
q,beta_x_noise,11,0.0,1000000.0,,0.1,,,100,2.307256939872706,2.1047005675117223,0.4018181818181818,0.3870967741935484,,,,,,
q,beta_x_noise,11,0.0,1000000.0,,0.1,,,500,5.0856720655452445,3.5536388958135134,0.38440677966101694,0.34279918864097364,,,,,,
q,beta_x_noise,16,0.0,1000000.0,,0.1,,,100,4.233201356544702,4.233201356544702,0.2737030411449016,0.2978723404255319,,,,,,
q,beta_x_noise,16,0.0,1000000.0,,0.1,,,500,5.524990561322371,3.09172270630277,0.32544778641432914,0.3097165991902834,,,,,,
q,beta_x_noise,17,0.0,1000000.0,,0.1,,,100,2.980007879577551,2.4345018413086708,0.5885826771653543,0.39361702127659576,,,,,,
q,beta_x_noise,17,0.0,1000000.0,,0.1,,,500,7.55665689233453,7.55665689233453,0.41815680880330125,0.354251012145749,,,,,,
q,beta_x_noise,18,0.0,1000000.0,,0.1,,,100,3.9684753591415087,3.0099932735982033,0.3345132743362832,0.41935483870967744,,,,,,
q,beta_x_noise,18,0.0,1000000.0,,0.1,,,500,5.157364099730734,5.143633827989319,0.251602023608769,0.30425963488843816,,,,,,
q,beta_x_noise,19,0.0,1000000.0,,0.1,,,100,1.9643755268547571,1.5493134023114887,0.4446397188049209,0.391304347826087,,,,,,
q,beta_x_noise,19,0.0,1000000.0,,0.1,,,500,4.799137848734279,2.797212681355858,0.502526103065005,0.3821138211382114,,,,,,
q,beta_x_noise,12,0.0,1000000.0,,0.1,,,100,2.579348648347896,2.49958635207719,0.426056338028169,0.28421052631578947,,,,,,
q,beta_x_noise,12,0.0,1000000.0,,0.1,,,500,3.512263828712465,2.8490142929874915,0.38746630727762804,0.3111111111111111,,,,,,
q,beta_x_noise,13,0.0,1000000.0,,0.1,,,100,2.609284469374404,2.070465797044493,0.45357142857142857,0.30851063829787234,,,,,,
q,beta_x_noise,13,0.0,1000000.0,,0.1,,,500,6.036116707190701,3.2765430241862727,0.37905405405405407,0.35020242914979755,,,,,,
q,beta_x_noise,14,0.0,1000000.0,,0.1,,,100,2.0452074466501244,1.574144077560891,0.21554770318021202,0.29473684210526313,,,,,,
q,beta_x_noise,14,0.0,1000000.0,,0.1,,,500,5.030640396813731,4.70851277384018,0.3327714093054619,0.32323232323232326,,,,,,
q,beta_x_noise,15,0.0,1000000.0,,0.1,,,100,2.9678612548735455,1.2796523929497938,0.615916955017301,0.3263157894736842,,,,,,
q,beta_x_noise,15,0.0,1000000.0,,0.1,,,500,4.3105230755948005,3.69957983423617,0.41302887844190733,0.30707070707070705,,,,,,
q,beta_x_noise,4,0.0,1000000.0,,0.3,,,100,7.14164705774964,7.14164705774964,0.46395563770794823,0.3263157894736842,,,,,,
q,beta_x_noise,4,0.0,1000000.0,,0.3,,,500,18.353296667561665,13.324670918935514,0.5032301938116287,0.35353535353535354,,,,,,
q,beta_x_noise,5,0.0,1000000.0,,0.3,,,100,13.648390648344737,9.893715543949245,0.3339160839160839,0.3191489361702128,,,,,,
q,beta_x_noise,5,0.0,1000000.0,,0.3,,,500,16.026745535791513,14.07581088864521,0.35363391655450876,0.3319838056680162,,,,,,
q,beta_x_noise,6,0.0,1000000.0,,0.3,,,100,12.670162164866621,7.178947353305793,0.44703770197486536,0.3333333333333333,,,,,,
q,beta_x_noise,6,0.0,1000000.0,,0.3,,,500,20.599895888542942,18.722355368346317,0.39026039905309434,0.36105476673427994,,,,,,
q,beta_x_noise,7,0.0,1000000.0,,0.3,,,100,10.181710567237163,5.7345593707381,0.38421052631578945,0.35106382978723405,,,,,,
q,beta_x_noise,7,0.0,1000000.0,,0.3,,,500,14.208785009279895,14.174317553947436,0.428956228956229,0.3299595141700405,,,,,,
q,beta_x_noise,0,0.0,1000000.0,,0.3,,,100,12.202120555281988,10.760573240458214,0.27491408934707906,0.39361702127659576,,,,,,
q,beta_x_noise,0,0.0,1000000.0,,0.3,,,500,23.50804784889043,20.87879972525662,0.2414486921529175,0.354251012145749,,,,,,
q,beta_x_noise,1,0.0,1000000.0,,0.3,,,100,6.902891113705167,6.434782965633259,0.43144424131627057,0.27956989247311825,,,,,,
q,beta_x_noise,1,0.0,1000000.0,,0.3,,,500,13.81100253899206,11.25609463460309,0.40617577197149646,0.3265720081135903,,,,,,
q,beta_x_noise,2,0.0,1000000.0,,0.3,,,100,7.700731025508861,7.6315746631269095,0.43771626297577854,0.35789473684210527,,,,,,
q,beta_x_noise,2,0.0,1000000.0,,0.3,,,500,19.651120299681832,16.83386696727923,0.49966420416386836,0.3515151515151515,,,,,,
q,beta_x_noise,3,0.0,1000000.0,,0.3,,,100,7.519535743047921,7.519535743047921,0.3304042179261863,0.22580645161290322,,,,,,
q,beta_x_noise,3,0.0,1000000.0,,0.3,,,500,15.219873556351338,8.8291293735087,0.32637251599865275,0.3184584178498986,,,,,,
q,beta_x_dim,0,0.475488624112919,10.0,,,32.0,,100,8.877519958035819e+51,8.877519958035819e+51,0.36769759450171824,0.1702127659574468,,,,,,
q,beta_x_dim,0,0.475488624112919,10.0,,,32.0,,500,1.7941856197610178e+301,1.7941856197610178e+301,0.38363514419852446,0.1396761133603239,,,,,,
q,beta_x_dim,1,0.40812779004929994,10.0,,,32.0,,100,4.256968558057032e+49,4.256968558057032e+49,0.3436928702010969,0.3655913978494624,,,,,,
q,beta_x_dim,1,0.40812779004929994,10.0,,,32.0,,500,4.790077680354936e+263,4.790077680354936e+263,0.33831014591109604,0.37322515212981744,,,,,,
q,beta_x_dim,2,0.4730093470080129,10.0,,,32.0,,100,549.0736199669468,549.0736199669468,0.5934256055363322,0.24210526315789474,,,,,,
q,beta_x_dim,2,0.4730093470080129,10.0,,,32.0,,500,2.8059880477118702e+44,2.8059880477118702e+44,0.3079247817327065,0.296969696969697,,,,,,
q,beta_x_dim,3,0.4466934199958885,10.0,,,32.0,,100,1045.7226101953877,1045.7226101953877,0.5430579964850615,0.23655913978494625,,,,,,
q,beta_x_dim,3,0.4466934199958885,10.0,,,32.0,,500,7.056180525101025e+17,7.056180525101025e+17,0.4378578646008757,0.2535496957403651,,,,,,
q,beta_x_noise,8,0.0,1000000.0,,0.3,,,100,8.296367482233494,8.296367482233494,0.4134275618374558,0.29347826086956524,,,,,,
q,beta_x_noise,8,0.0,1000000.0,,0.3,,,500,15.755129767298804,14.04029247841658,0.2899527983816588,0.3475609756097561,,,,,,
q,beta_x_noise,9,0.0,1000000.0,,0.3,,,100,11.3600685721707,11.247113709463276,0.46935201401050786,0.24731182795698925,,,,,,
q,beta_x_noise,9,0.0,1000000.0,,0.3,,,500,15.829529246544224,8.43090702361261,0.3089868731066981,0.3103448275862069,,,,,,
q,beta_x_noise,10,0.0,1000000.0,,0.3,,,100,8.468183970836307,7.293270642554009,0.46234676007005254,0.32978723404255317,,,,,,
q,beta_x_noise,10,0.0,1000000.0,,0.3,,,500,18.482443080457926,14.487378210391322,0.5106024907438573,0.32388663967611336,,,,,,
q,beta_x_noise,11,0.0,1000000.0,,0.3,,,100,6.834441133747521,6.422010980881625,0.48727272727272725,0.3010752688172043,,,,,,
q,beta_x_noise,11,0.0,1000000.0,,0.3,,,500,18.16589564038233,17.2446738735785,0.36203389830508476,0.31237322515212984,,,,,,
q,beta_x_noise,12,0.0,1000000.0,,0.3,,,100,7.9319101620448516,7.6926232732327335,0.36619718309859156,0.28421052631578947,,,,,,
q,beta_x_noise,12,0.0,1000000.0,,0.3,,,500,15.131114933663225,8.644929179445942,0.25673854447439354,0.33131313131313134,,,,,,
q,beta_x_noise,13,0.0,1000000.0,,0.3,,,100,8.457034527194335,6.161221125077754,0.4982142857142857,0.39361702127659576,,,,,,
q,beta_x_noise,13,0.0,1000000.0,,0.3,,,500,13.291224364112887,8.04178075839129,0.4097972972972973,0.3360323886639676,,,,,,
q,beta_x_noise,14,0.0,1000000.0,,0.3,,,100,6.523622225833617,4.515935084140582,0.24028268551236748,0.30526315789473685,,,,,,
q,beta_x_noise,14,0.0,1000000.0,,0.3,,,500,13.806854222129086,11.847869034518572,0.3074848280512475,0.35353535353535354,,,,,,
q,beta_x_noise,15,0.0,1000000.0,,0.3,,,100,10.34220946386014,5.386281779037834,0.6176470588235294,0.25263157894736843,,,,,,
q,beta_x_noise,15,0.0,1000000.0,,0.3,,,500,18.741863815320364,13.248797514683478,0.4785090664875756,0.2808080808080808,,,,,,
q,beta_x_dim,4,0.5533154376476055,10.0,,,32.0,,100,263.2276538010655,263.2276538010655,0.26247689463955637,0.2,,,,,,
q,beta_x_dim,4,0.5533154376476055,10.0,,,32.0,,500,2368.5935386503347,2368.5935386503347,0.1995919755185311,0.3373737373737374,,,,,,
q,beta_x_dim,5,0.37342721982998295,10.0,,,32.0,,100,2.073885274968612,2.073885274968612,0.46153846153846156,0.9893617021276596,,,,,,
q,beta_x_dim,5,0.37342721982998295,10.0,,,32.0,,500,30.321781455883023,30.321781455883023,0.3936742934051144,0.8218623481781376,,,,,,
q,beta_x_dim,6,0.42978362336359666,10.0,,,32.0,,100,12284590.894584015,12284590.894584015,0.644524236983842,0.0,,,,,,
q,beta_x_dim,6,0.42978362336359666,10.0,,,32.0,,500,1.689735775564894e+56,1.689735775564894e+56,0.6716266486303686,0.0,,,,,,
q,beta_x_dim,7,0.44008905448805447,10.0,,,32.0,,100,1.6299733355151226e+37,1.6299733355151226e+37,0.49298245614035086,0.11702127659574468,,,,,,
q,beta_x_dim,7,0.44008905448805447,10.0,,,32.0,,500,4.103875903186131e+268,4.103875903186131e+268,0.5468013468013468,0.022267206477732792,,,,,,
q,beta_x_dim,8,0.43855644177086944,10.0,,,32.0,,100,3.434222115191767e+17,3.434222115191767e+17,0.41872791519434627,0.010869565217391304,,,,,,
q,beta_x_dim,8,0.43855644177086944,10.0,,,32.0,,500,4.437068942204943e+114,4.437068942204943e+114,0.33479433580579904,0.0020325203252032522,,,,,,
q,beta_x_dim,9,0.41686723547078175,10.0,,,32.0,,100,111.30597303924476,84.22219267386487,0.2574430823117338,0.13978494623655913,,,,,,
q,beta_x_dim,9,0.41686723547078175,10.0,,,32.0,,500,439652420.81281346,439652420.81281346,0.35139683608212724,0.25963488843813387,,,,,,
q,beta_x_dim,10,0.4462354434217582,10.0,,,32.0,,100,411645.93279928254,411645.93279928254,0.3450087565674256,0.3723404255319149,,,,,,
q,beta_x_dim,10,0.4462354434217582,10.0,,,32.0,,500,5.4037984831287594e+63,5.4037984831287594e+63,0.44496802423426457,0.5384615384615384,,,,,,
q,beta_x_dim,11,0.3453439906042841,10.0,,,32.0,,100,3.0676613283065745e+20,3.0676613283065745e+20,0.3890909090909091,0.3655913978494624,,,,,,
q,beta_x_dim,11,0.3453439906042841,10.0,,,32.0,,500,3.0222330775713108e+140,3.0222330775713108e+140,0.33661016949152545,0.3488843813387424,,,,,,
q,beta_x_noise,16,0.0,1000000.0,,0.3,,,100,13.037194635401153,13.037194635401153,0.27906976744186046,0.26595744680851063,,,,,,
q,beta_x_noise,16,0.0,1000000.0,,0.3,,,500,16.018982732269198,12.461688234199098,0.2727272727272727,0.29554655870445345,,,,,,
q,beta_x_noise,17,0.0,1000000.0,,0.3,,,100,9.845310929158174,6.41454240891111,0.5078740157480315,0.3404255319148936,,,,,,
q,beta_x_noise,17,0.0,1000000.0,,0.3,,,500,33.11018920779502,33.11018920779502,0.25825309491059145,0.3684210526315789,,,,,,
q,beta_x_noise,18,0.0,1000000.0,,0.3,,,100,12.295156971020209,9.419710714390293,0.3256637168141593,0.3870967741935484,,,,,,
q,beta_x_noise,18,0.0,1000000.0,,0.3,,,500,17.64743972007723,15.048044655173058,0.12984822934232715,0.3225152129817444,,,,,,
q,beta_x_noise,19,0.0,1000000.0,,0.3,,,100,7.030140502484674,4.5125366614817395,0.40597539543058,0.358695652173913,,,,,,
q,beta_x_noise,19,0.0,1000000.0,,0.3,,,500,17.853995426370886,8.026295973197435,0.3910407544627821,0.3333333333333333,,,,,,
q,beta_x_dim,12,0.5218634903299535,10.0,,,32.0,,100,2.6735157389134368e+42,2.6735157389134368e+42,0.44366197183098594,0.30526315789473685,,,,,,
q,beta_x_dim,12,0.5218634903299535,10.0,,,32.0,,500,inf,inf,,,,,,,,
q,beta_x_dim,13,0.42062264887055334,10.0,,,32.0,,100,5.54333626964899e+32,5.54333626964899e+32,0.5535714285714286,0.7021276595744681,,,,,,
q,beta_x_dim,13,0.42062264887055334,10.0,,,32.0,,500,1.491446463301089e+253,1.491446463301089e+253,0.7293918918918919,0.9412955465587044,,,,,,
q,beta_x_dim,14,0.4990514455594063,10.0,,,32.0,,100,6.205839872401647e+28,6.205839872401647e+28,0.4929328621908127,0.08421052631578947,,,,,,
q,beta_x_dim,14,0.4990514455594063,10.0,,,32.0,,500,1.9342363388666885e+143,1.9342363388666885e+143,0.3927848954821308,0.01616161616161616,,,,,,
q,beta_x_dim,15,0.47267108630892485,10.0,,,32.0,,100,443039736080.87335,443039736080.87335,0.47923875432525953,0.10526315789473684,,,,,,
q,beta_x_dim,15,0.47267108630892485,10.0,,,32.0,,500,2.209242578130838e+62,2.209242578130838e+62,0.4946272666218939,0.3373737373737374,,,,,,
q,beta_x_dim,16,0.45145873378777773,10.0,,,32.0,,100,6.88304188277369e+36,6.88304188277369e+36,0.25402504472271914,0.5212765957446809,,,,,,
q,beta_x_dim,16,0.45145873378777773,10.0,,,32.0,,500,1.5694344046660818e+219,1.5694344046660818e+219,0.2767826968570463,0.5789473684210527,,,,,,
q,beta_x_dim,17,0.4502359836938825,10.0,,,32.0,,100,9210.446227207223,9210.446227207223,0.4645669291338583,0.09574468085106383,,,,,,
q,beta_x_dim,17,0.4502359836938825,10.0,,,32.0,,500,1.0470738739182925e+37,1.0470738739182925e+37,0.3421595598349381,0.018218623481781375,,,,,,
q,beta_x_dim,18,0.5626601659757056,10.0,,,32.0,,100,8.307069643056677e+19,8.307069643056677e+19,0.36460176991150445,0.22580645161290322,,,,,,
q,beta_x_dim,18,0.5626601659757056,10.0,,,32.0,,500,2.980703935472034e+73,2.980703935472034e+73,0.33322091062394604,0.3103448275862069,,,,,,
q,beta_x_dim,19,0.41077051363789985,10.0,,,32.0,,100,229318915.34500054,229318915.34500054,0.4270650263620387,0.6086956521739131,,,,,,
q,beta_x_dim,19,0.41077051363789985,10.0,,,32.0,,500,5.478219245444731e+87,5.478219245444731e+87,0.4789491411249579,0.8191056910569106,,,,,,
q,beta_x_dim,0,0.3221759901052828,10.0,,,64.0,,100,1.3468703554446561e+29,1.3468703554446561e+29,0.38831615120274915,0.24468085106382978,,,,,,
q,beta_x_dim,0,0.3221759901052828,10.0,,,64.0,,500,4.880203255786714e+172,4.880203255786714e+172,0.37256874580818244,0.2165991902834008,,,,,,
q,beta_x_dim,1,0.29558078375967123,10.0,,,64.0,,100,3.067108086172351e+24,3.067108086172351e+24,0.3619744058500914,0.3655913978494624,,,,,,
q,beta_x_dim,1,0.29558078375967123,10.0,,,64.0,,500,6.502753492993643e+148,6.502753492993643e+148,0.34340006786562605,0.3286004056795132,,,,,,
q,beta_x_dim,2,0.3180382777636512,10.0,,,64.0,,100,5.874902807015207,4.391238409477125,0.27854671280276816,0.17894736842105263,,,,,,
q,beta_x_dim,2,0.3180382777636512,10.0,,,64.0,,500,634541454.1251441,634541454.1251441,0.32001343183344527,0.4303030303030303,,,,,,
q,beta_x_dim,3,0.36692874187724284,10.0,,,64.0,,100,21.38989079791415,19.0867103581906,0.31985940246045697,0.21505376344086022,,,,,,
q,beta_x_dim,3,0.36692874187724284,10.0,,,64.0,,500,4.5142155293199954e+58,4.5142155293199954e+58,0.3256988885146514,0.281947261663286,,,,,,
q,beta_x_dim,4,0.4116536270898129,10.0,,,64.0,,100,3.1938163016567187,3.0137371347077258,0.4269870609981516,0.4421052631578947,,,,,,
q,beta_x_dim,4,0.4116536270898129,10.0,,,64.0,,500,144.51922962013634,122.0641312328645,0.46004760285617136,0.43636363636363634,,,,,,
q,beta_x_dim,5,0.29343300693331814,10.0,,,64.0,,100,20.516123665151348,20.516123665151348,0.12412587412587413,0.0,,,,,,
q,beta_x_dim,5,0.29343300693331814,10.0,,,64.0,,500,5980.999894966698,5980.999894966698,0.14771197846567968,0.0,,,,,,
q,beta_x_dim,6,0.42163379283891284,10.0,,,64.0,,100,1220.0589298219859,1220.0589298219859,0.3877917414721723,0.021505376344086023,,,,,,
q,beta_x_dim,6,0.42163379283891284,10.0,,,64.0,,500,6.441174428560444e+95,6.441174428560444e+95,0.450118363205952,0.004056795131845842,,,,,,
q,beta_x_dim,7,0.34813570903299706,10.0,,,64.0,,100,40679489.529225186,40679489.529225186,0.6596491228070176,0.14893617021276595,,,,,,
q,beta_x_dim,7,0.34813570903299706,10.0,,,64.0,,500,3.8021191137799485e+108,3.8021191137799485e+108,0.6053872053872054,0.1396761133603239,,,,,,
q,beta_x_dim,8,0.31157596513111496,10.0,,,64.0,,100,13.179924721867259,13.179924721867259,0.4134275618374558,0.9456521739130435,,,,,,
q,beta_x_dim,8,0.31157596513111496,10.0,,,64.0,,500,2074.4093266400487,2074.4093266400487,0.27039784221173296,0.266260162601626,,,,,,
q,beta_x_dim,9,0.34561243486758075,10.0,,,64.0,,100,2866.7236485846015,2866.7236485846015,0.38003502626970226,0.2903225806451613,,,,,,
q,beta_x_dim,9,0.34561243486758075,10.0,,,64.0,,500,1.1711415327446036e+29,1.1711415327446036e+29,0.35274318411309324,0.28600405679513186,,,,,,
q,beta_x_dim,10,0.378879289575792,10.0,,,64.0,,100,11718532.344061118,11718532.344061118,0.36427320490367776,0.4148936170212766,,,,,,
q,beta_x_dim,10,0.378879289575792,10.0,,,64.0,,500,1.7934626443237831e+87,1.7934626443237831e+87,0.40525075732076743,0.5465587044534413,,,,,,
q,beta_x_dim,11,0.32740539883828845,10.0,,,64.0,,100,6265439.263994872,6265439.263994872,0.32181818181818184,0.3763440860215054,,,,,,
q,beta_x_dim,11,0.32740539883828845,10.0,,,64.0,,500,1.552312181266026e+114,1.552312181266026e+114,0.36745762711864405,0.3509127789046653,,,,,,
q,beta_x_dim,12,0.37647967684533196,10.0,,,64.0,,100,13.949997981883962,9.450631699143708,0.30809859154929575,0.3263157894736842,,,,,,
q,beta_x_dim,12,0.37647967684533196,10.0,,,64.0,,500,1.5320348311912046e+108,1.5320348311912046e+108,0.3753369272237197,0.4868686868686869,,,,,,
q,beta_x_dim,13,0.3272847901693679,10.0,,,64.0,,100,553725330761674.94,553725330761674.94,0.5964285714285714,0.3404255319148936,,,,,,
q,beta_x_dim,13,0.3272847901693679,10.0,,,64.0,,500,6.70167779868482e+188,6.70167779868482e+188,0.5530405405405405,0.8623481781376519,,,,,,
q,beta_x_dim,14,0.32643791641323355,10.0,,,64.0,,100,80.8065502917207,80.8065502917207,0.39752650176678445,0.29473684210526313,,,,,,
q,beta_x_dim,14,0.32643791641323355,10.0,,,64.0,,500,2.5689029178007193e+31,2.5689029178007193e+31,0.3944706675657451,0.35555555555555557,,,,,,
q,beta_x_dim,15,0.31240187704456923,10.0,,,64.0,,100,33.06474188252402,33.06474188252402,0.4757785467128028,0.010526315789473684,,,,,,
q,beta_x_dim,15,0.31240187704456923,10.0,,,64.0,,500,2.1136026611442637e+23,2.1136026611442637e+23,0.5402955003357959,0.8,,,,,,
q,beta_x_dim,16,0.3106442961881303,10.0,,,64.0,,100,9802876295.388699,9802876295.388699,0.2898032200357782,0.32978723404255317,,,,,,
q,beta_x_dim,16,0.3106442961881303,10.0,,,64.0,,500,2.8481435539220236e+72,2.8481435539220236e+72,0.29401824940858395,0.5242914979757085,,,,,,
q,beta_x_dim,17,0.33758709179713225,10.0,,,64.0,,100,7.168782620019576,4.43173351672685,0.28346456692913385,0.0,,,,,,
q,beta_x_dim,17,0.33758709179713225,10.0,,,64.0,,500,1.7421709553806748e+24,1.7421709553806748e+24,0.4621733149931224,0.006072874493927126,,,,,,
q,beta_x_dim,18,0.36277063351344463,10.0,,,64.0,,100,1346.67269873037,1346.67269873037,0.5150442477876106,0.21505376344086022,,,,,,
q,beta_x_dim,18,0.36277063351344463,10.0,,,64.0,,500,46868556032456.58,46868556032456.58,0.33962900505902194,0.3488843813387424,,,,,,
q,beta_x_dim,19,0.27197824426002815,10.0,,,64.0,,100,1583.4373644039629,1583.4373644039629,0.3374340949033392,0.17391304347826086,,,,,,
q,beta_x_dim,19,0.27197824426002815,10.0,,,64.0,,500,8.048615214896009e+27,8.048615214896009e+27,0.3640956551027282,0.6178861788617886,,,,,,
q,beta_x_dim,0,0.2769788139980297,10.0,,,128.0,,100,4.902787040874961e+20,4.902787040874961e+20,0.43986254295532645,0.5106382978723404,,,,,,
q,beta_x_dim,0,0.2769788139980297,10.0,,,128.0,,500,3.756400498709929e+134,3.756400498709929e+134,0.4057679409792086,0.3805668016194332,,,,,,
q,beta_x_dim,1,0.2437982963519862,10.0,,,128.0,,100,42.49111003808364,42.49111003808364,0.3053016453382084,0.1935483870967742,,,,,,
q,beta_x_dim,1,0.2437982963519862,10.0,,,128.0,,500,12357658039.938902,12357658039.938902,0.39328130302002035,0.2920892494929006,,,,,,
q,beta_x_dim,2,0.24339730327335968,10.0,,,128.0,,100,17.00839994268305,17.00839994268305,0.3719723183391003,0.28421052631578947,,,,,,
q,beta_x_dim,2,0.24339730327335968,10.0,,,128.0,,500,4087776.6141369105,4087776.6141369105,0.2955003357958361,0.09898989898989899,,,,,,
q,beta_x_dim,3,0.22659351652488344,10.0,,,128.0,,100,4.331166414015283,4.325373384580578,0.5448154657293497,0.13978494623655913,,,,,,
q,beta_x_dim,3,0.22659351652488344,10.0,,,128.0,,500,4.978946647813026e+23,4.978946647813026e+23,0.3772313910407545,0.2920892494929006,,,,,,
q,beta_x_dim,4,0.24637052301705475,10.0,,,128.0,,100,30.580051991031453,30.580051991031453,0.35489833641404805,0.21052631578947367,,,,,,
q,beta_x_dim,4,0.24637052301705475,10.0,,,128.0,,500,1484.124554429663,1484.124554429663,0.3199591975518531,0.5898989898989899,,,,,,
q,beta_x_dim,5,0.20071251771841217,10.0,,,128.0,,100,10.59388363543581,10.59388363543581,0.4755244755244755,0.0,,,,,,
q,beta_x_dim,5,0.20071251771841217,10.0,,,128.0,,500,370646469311469.25,370646469311469.25,0.5430686406460296,0.05060728744939271,,,,,,
q,beta_x_dim,6,0.2719857913570569,10.0,,,128.0,,100,15.120618573220113,9.719751632289112,0.4236983842010772,0.13978494623655913,,,,,,
q,beta_x_dim,6,0.2719857913570569,10.0,,,128.0,,500,1.7326442463670822e+57,1.7326442463670822e+57,0.4670273926276632,0.08519269776876268,,,,,,
q,beta_x_dim,7,0.2114275672740672,10.0,,,128.0,,100,364996.6709789246,364996.6709789246,0.6701754385964912,0.07446808510638298,,,,,,
q,beta_x_dim,7,0.2114275672740672,10.0,,,128.0,,500,3.9085397929029076e+82,3.9085397929029076e+82,0.4919191919191919,0.12550607287449392,,,,,,
q,beta_x_dim,8,0.21497418970360005,10.0,,,128.0,,100,37.132469979529596,37.132469979529596,0.4363957597173145,0.09782608695652174,,,,,,
q,beta_x_dim,8,0.21497418970360005,10.0,,,128.0,,500,347.3235325218412,347.3235325218412,0.471341874578557,0.17682926829268292,,,,,,
q,beta_x_dim,9,0.25677513532597473,10.0,,,128.0,,100,6.505081817533253,6.505081817533253,0.3432574430823117,0.1935483870967742,,,,,,
q,beta_x_dim,9,0.25677513532597473,10.0,,,128.0,,500,1005814201759618.6,1005814201759618.6,0.4045775833052844,0.3184584178498986,,,,,,
q,beta_x_dim,10,0.24864634171425817,10.0,,,128.0,,100,37.41931772602496,36.81669510864624,0.4413309982486865,0.2872340425531915,,,,,,
q,beta_x_dim,10,0.24864634171425817,10.0,,,128.0,,500,5.688168644954967e+36,5.688168644954967e+36,0.46583641871423764,0.5141700404858299,,,,,,
q,beta_x_dim,11,0.19742178677610114,10.0,,,128.0,,100,4.6828993310913205,4.6828993310913205,0.5763636363636364,0.08602150537634409,,,,,,
q,beta_x_dim,11,0.19742178677610114,10.0,,,128.0,,500,2.545063016620842e+77,2.545063016620842e+77,0.41728813559322037,0.11359026369168357,,,,,,
q,beta_x_dim,12,0.2230611143413504,10.0,,,128.0,,100,7.016009116759158,7.016009116759158,0.5669014084507042,0.3473684210526316,,,,,,
q,beta_x_dim,12,0.2230611143413504,10.0,,,128.0,,500,1.9219262096435953e+37,1.9219262096435953e+37,0.46495956873315364,0.5454545454545454,,,,,,
q,beta_x_dim,13,0.2868358576336272,10.0,,,128.0,,100,3550.2465284339523,3550.2465284339523,0.4232142857142857,0.0,,,,,,
q,beta_x_dim,13,0.2868358576336272,10.0,,,128.0,,500,5.953583562486049e+61,5.953583562486049e+61,0.6337837837837837,0.008097165991902834,,,,,,
q,beta_x_dim,14,0.260450112016454,10.0,,,128.0,,100,10.655267704693832,10.655267704693832,0.568904593639576,0.9157894736842105,,,,,,
q,beta_x_dim,14,0.260450112016454,10.0,,,128.0,,500,732.7323921452511,732.7323921452511,0.5040458530006743,0.5070707070707071,,,,,,
q,beta_x_dim,15,0.21082258344736124,10.0,,,128.0,,100,6.407075726321581,6.1878418172156175,0.4913494809688581,0.9894736842105263,,,,,,
q,beta_x_dim,15,0.21082258344736124,10.0,,,128.0,,500,318.7201217377978,318.7201217377978,0.4220953660174614,0.8303030303030303,,,,,,
q,beta_x_dim,16,0.23833394272384162,10.0,,,128.0,,100,142.5787877289781,142.5787877289781,0.37209302325581395,0.20212765957446807,,,,,,
q,beta_x_dim,16,0.23833394272384162,10.0,,,128.0,,500,4.99901544388082e+24,4.99901544388082e+24,0.32646164244677256,0.5,,,,,,
q,beta_x_dim,17,0.18109927793474564,10.0,,,128.0,,100,1.9080616006816982e+17,1.9080616006816982e+17,0.6535433070866141,0.10638297872340426,,,,,,
q,beta_x_dim,17,0.18109927793474564,10.0,,,128.0,,500,8.105503574943234e+141,8.105503574943234e+141,0.6052269601100413,0.020242914979757085,,,,,,
q,beta_x_dim,18,0.31053197415363676,10.0,,,128.0,,100,19.60621258041949,19.60621258041949,0.6867256637168142,0.20430107526881722,,,,,,
q,beta_x_dim,18,0.31053197415363676,10.0,,,128.0,,500,3087099.0485207117,3087099.0485207117,0.5490725126475549,0.31643002028397565,,,,,,
q,beta_x_dim,19,0.18282952887106366,10.0,,,128.0,,100,17.130720919714562,12.555923720553677,0.3251318101933216,0.05434782608695652,,,,,,
q,beta_x_dim,19,0.18282952887106366,10.0,,,128.0,,500,4564709.6953503415,4564709.6953503415,0.5156618390030313,0.5142276422764228,,,,,,
q,beta_x_dim,0,0.1561151590110898,10.0,,,256.0,,100,23.49231489628606,23.49231489628606,0.5463917525773195,0.5212765957446809,,,,,,
q,beta_x_dim,0,0.1561151590110898,10.0,,,256.0,,500,7.065360718267351e+36,7.065360718267351e+36,0.49798792756539234,0.42105263157894735,,,,,,
q,beta_x_dim,1,0.15445491624175076,10.0,,,256.0,,100,21.800139166957223,21.800139166957223,0.26691042047531993,0.3010752688172043,,,,,,
q,beta_x_dim,1,0.15445491624175076,10.0,,,256.0,,500,29999.04121654846,29999.04121654846,0.10281642348150662,0.4645030425963489,,,,,,
q,beta_x_dim,2,0.16114444286301777,10.0,,,256.0,,100,26.89090192287335,26.89090192287335,0.2508650519031142,0.25263157894736843,,,,,,
q,beta_x_dim,2,0.16114444286301777,10.0,,,256.0,,500,1.9787723392157363e+67,1.9787723392157363e+67,0.39120214909335127,0.048484848484848485,,,,,,
q,beta_x_dim,3,0.13866386499393055,10.0,,,256.0,,100,4.137844199084164,4.137844199084164,0.5676625659050967,0.23655913978494625,,,,,,
q,beta_x_dim,3,0.13866386499393055,10.0,,,256.0,,500,33.73290930042952,33.73290930042952,0.5537217918491074,0.2535496957403651,,,,,,
q,beta_x_dim,12,0.1576595918302586,10.0,,,256.0,,100,1.7654992939893077,1.7654992939893077,0.5334507042253521,0.3473684210526316,,,,,,
q,beta_x_dim,12,0.1576595918302586,10.0,,,256.0,,500,2844.25148366797,2844.25148366797,0.3089622641509434,0.3878787878787879,,,,,,
q,beta_x_dim,13,0.18253185970822572,10.0,,,256.0,,100,8.394038117740967,8.394038117740967,0.4303571428571429,0.0,,,,,,
q,beta_x_dim,13,0.18253185970822572,10.0,,,256.0,,500,2241.180343994299,2241.180343994299,0.5206081081081081,0.3765182186234818,,,,,,
q,beta_x_dim,14,0.13142538045178465,10.0,,,256.0,,100,3.899457948982118,3.899457948982118,0.6519434628975265,0.9157894736842105,,,,,,
q,beta_x_dim,14,0.13142538045178465,10.0,,,256.0,,500,5.073863615311189e+40,5.073863615311189e+40,0.4935940660822657,0.6828282828282828,,,,,,
q,beta_x_dim,15,0.14793046647697203,10.0,,,256.0,,100,8.011454911423318,7.176992334183399,0.45501730103806226,1.0,,,,,,
q,beta_x_dim,15,0.14793046647697203,10.0,,,256.0,,500,382.1315674623197,380.97272883255863,0.5399597044996642,0.8282828282828283,,,,,,
q,beta_x_dim,4,0.21990329369582884,10.0,,,256.0,,100,7.456653380103184,7.456653380103184,0.22735674676524953,0.2631578947368421,,,,,,
q,beta_x_dim,4,0.21990329369582884,10.0,,,256.0,,500,347.21790049486117,345.65783324706393,0.22475348520911254,0.3595959595959596,,,,,,
q,beta_x_dim,5,0.17067975290917176,10.0,,,256.0,,100,2.5486323098196872,2.2808207584761195,0.6293706293706294,0.0,,,,,,
q,beta_x_dim,5,0.17067975290917176,10.0,,,256.0,,500,1.1607199517911741e+20,1.1607199517911741e+20,0.48721399730820997,0.024291497975708502,,,,,,
q,beta_x_dim,6,0.18269616655706372,10.0,,,256.0,,100,21.140022248031,19.455047297344255,0.3303411131059246,0.0,,,,,,
q,beta_x_dim,6,0.18269616655706372,10.0,,,256.0,,500,2.9853685818225972e+32,2.9853685818225972e+32,0.4247548190733852,0.0,,,,,,
q,beta_x_dim,7,0.13826212996288562,10.0,,,256.0,,100,13.749642343017976,12.059875108682474,0.3333333333333333,0.1276595744680851,,,,,,
q,beta_x_dim,7,0.13826212996288562,10.0,,,256.0,,500,5.442878717614297e+43,5.442878717614297e+43,0.32760942760942763,0.6680161943319838,,,,,,
q,beta_x_dim,8,0.1738344351847317,10.0,,,256.0,,100,2.888312430818892,2.888312430818892,0.4028268551236749,0.0,,,,,,
q,beta_x_dim,8,0.1738344351847317,10.0,,,256.0,,500,221.67654367477286,221.67654367477286,0.46325016857720835,0.17479674796747968,,,,,,
q,beta_x_dim,9,0.2133657125731659,10.0,,,256.0,,100,3.2243472302465506,2.3709707424523887,0.404553415061296,0.1935483870967742,,,,,,
q,beta_x_dim,9,0.2133657125731659,10.0,,,256.0,,500,66.60806544302868,66.60806544302868,0.3975092561427129,0.3813387423935091,,,,,,
q,beta_x_dim,10,0.2254427509551922,10.0,,,256.0,,100,3.425231267509629,3.425231267509629,0.6339754816112084,0.07446808510638298,,,,,,
q,beta_x_dim,10,0.2254427509551922,10.0,,,256.0,,500,6.907858173607016e+22,6.907858173607016e+22,0.433860652978795,0.3340080971659919,,,,,,
q,beta_x_dim,11,0.18400491382186593,10.0,,,256.0,,100,2.363775321543957,2.363775321543957,0.37454545454545457,0.3763440860215054,,,,,,
q,beta_x_dim,11,0.18400491382186593,10.0,,,256.0,,500,1.0456612090442628e+41,1.0456612090442628e+41,0.3820338983050847,0.35699797160243407,,,,,,
q,beta_x_dim,16,0.18161749868678914,10.0,,,256.0,,100,10.834082169356025,10.834082169356025,0.5688729874776386,0.5,,,,,,
q,beta_x_dim,16,0.18161749868678914,10.0,,,256.0,,500,8.02292077658996e+19,8.02292077658996e+19,0.5508617776275769,0.4068825910931174,,,,,,
q,beta_x_dim,17,0.16047953125249814,10.0,,,256.0,,100,31302398.855912674,31302398.855912674,0.8484251968503937,0.4574468085106383,,,,,,
q,beta_x_dim,17,0.16047953125249814,10.0,,,256.0,,500,5.718881753202125e+98,5.718881753202125e+98,0.6464924346629987,0.7469635627530364,,,,,,
q,beta_x_dim,18,0.15352245847039855,10.0,,,256.0,,100,9.558581883470367,9.558581883470367,0.2991150442477876,0.5698924731182796,,,,,,
q,beta_x_dim,18,0.15352245847039855,10.0,,,256.0,,500,8.960087223598087e+43,8.960087223598087e+43,0.41854974704890385,0.385395537525355,,,,,,
q,beta_x_dim,19,0.16055016960496735,10.0,,,256.0,,100,4.795171112151041,4.795171112151041,0.19332161687170474,0.0,,,,,,
q,beta_x_dim,19,0.16055016960496735,10.0,,,256.0,,500,580.4878425371522,580.4878425371522,0.4061973728528124,0.18699186991869918,,,,,,
q,beta_x_dim,0,0.1030968424041055,10.0,,,512.0,,100,3.5149914226664327,3.5149914226664327,0.36254295532646047,0.6063829787234043,,,,,,
q,beta_x_dim,0,0.1030968424041055,10.0,,,512.0,,500,4.600271501028635e+43,4.600271501028635e+43,0.46177062374245476,0.6518218623481782,,,,,,
q,beta_x_dim,1,0.11402962694717797,10.0,,,512.0,,100,7.297137118518081,7.297137118518081,0.360146252285192,0.3010752688172043,,,,,,
q,beta_x_dim,1,0.11402962694717797,10.0,,,512.0,,500,625.4966979355199,625.4966979355199,0.4804886325076349,0.5030425963488844,,,,,,
q,beta_x_dim,2,0.09277918554637624,10.0,,,512.0,,100,8.714843339818968,8.714843339818968,0.7076124567474048,0.28421052631578947,,,,,,
q,beta_x_dim,2,0.09277918554637624,10.0,,,512.0,,500,6.2295078360871565e+38,6.2295078360871565e+38,0.4469442578912021,0.08282828282828283,,,,,,
q,beta_x_dim,3,0.11894049171114318,10.0,,,512.0,,100,2.078222899824984,2.078222899824984,0.48154657293497366,0.24731182795698925,,,,,,
q,beta_x_dim,3,0.11894049171114318,10.0,,,512.0,,500,25.45363637544432,25.45363637544432,0.388009430784776,0.3630831643002028,,,,,,
q,beta_x_dim,4,0.14268678140884683,10.0,,,512.0,,100,1.7686200721659422,1.7686200721659422,0.6506469500924215,0.3894736842105263,,,,,,
q,beta_x_dim,4,0.14268678140884683,10.0,,,512.0,,500,356.0250673274818,356.0250673274818,0.3944236654199252,0.4585858585858586,,,,,,
q,beta_x_dim,5,0.10644876296519895,10.0,,,512.0,,100,2.9927431210772317,2.9830006887214777,0.6800699300699301,0.0,,,,,,
q,beta_x_dim,5,0.10644876296519895,10.0,,,512.0,,500,277.06356989326406,276.43181858480517,0.4468371467025572,0.1902834008097166,,,,,,
q,beta_x_dim,6,0.12019731741215293,10.0,,,512.0,,100,4.806220258572955,4.806220258572955,0.7289048473967684,0.0,,,,,,
q,beta_x_dim,6,0.12019731741215293,10.0,,,512.0,,500,23.687120019957383,23.37672419716699,0.8654041258031789,0.02028397565922921,,,,,,
q,beta_x_dim,7,0.11257652452691455,10.0,,,512.0,,100,5.477963374189672,5.477963374189672,0.5964912280701754,0.1276595744680851,,,,,,
q,beta_x_dim,7,0.11257652452691455,10.0,,,512.0,,500,3.625373852615045e+52,3.625373852615045e+52,0.5,0.6740890688259109,,,,,,
q,beta_x_dim,8,0.14175730965559552,10.0,,,512.0,,100,8.346871791461151,8.346871791461151,0.508833922261484,0.34782608695652173,,,,,,
q,beta_x_dim,8,0.14175730965559552,10.0,,,512.0,,500,45.23358959760334,45.077448659804006,0.38199595414699933,0.22357723577235772,,,,,,
q,beta_x_dim,9,0.133041364360873,10.0,,,512.0,,100,1.1307769078339973,1.1307769078339973,0.5394045534150613,0.1935483870967742,,,,,,
q,beta_x_dim,9,0.133041364360873,10.0,,,512.0,,500,2538703.7156144157,2538703.7156144157,0.5678222820599125,0.28600405679513186,,,,,,
q,beta_x_dim,10,0.11696794879720462,10.0,,,512.0,,100,2.8244744688209527,2.8244744688209527,0.8388791593695272,0.07446808510638298,,,,,,
q,beta_x_dim,10,0.11696794879720462,10.0,,,512.0,,500,40.165809264636025,37.18675720668535,0.6156176371592057,0.1194331983805668,,,,,,
q,beta_x_dim,11,0.12460176632558295,10.0,,,512.0,,100,2.36545593650052,2.36545593650052,0.7290909090909091,0.3763440860215054,,,,,,
q,beta_x_dim,11,0.12460176632558295,10.0,,,512.0,,500,2.2114200354456606e+54,2.2114200354456606e+54,0.47016949152542376,0.3509127789046653,,,,,,
q,beta_x_dim,12,0.13827661620596518,10.0,,,512.0,,100,3.8240972040687566,3.8240972040687566,0.4876760563380282,0.3473684210526316,,,,,,
q,beta_x_dim,12,0.13827661620596518,10.0,,,512.0,,500,2.7597660131206426e+27,2.7597660131206426e+27,0.3588274932614555,0.509090909090909,,,,,,
q,beta_x_dim,13,0.11962817767956364,10.0,,,512.0,,100,4.103893938762574,4.103893938762574,0.44107142857142856,0.0,,,,,,
q,beta_x_dim,13,0.11962817767956364,10.0,,,512.0,,500,23.06362449763539,23.06362449763539,0.4243243243243243,0.20040485829959515,,,,,,
q,beta_x_dim,14,0.13408705931864914,10.0,,,512.0,,100,36.39838714066664,36.39838714066664,0.9681978798586572,0.9157894736842105,,,,,,
q,beta_x_dim,14,0.13408705931864914,10.0,,,512.0,,500,2.401825292568182e+57,2.401825292568182e+57,0.5809170600134862,0.18787878787878787,,,,,,
q,beta_x_dim,15,0.09673746703633918,10.0,,,512.0,,100,4.089117375993516,4.089117375993516,0.47923875432525953,1.0,,,,,,
q,beta_x_dim,15,0.09673746703633918,10.0,,,512.0,,500,107.18681206654503,106.07866557403356,0.4926124916051041,0.8202020202020202,,,,,,
q,beta_x_dim,16,0.11747950139268575,10.0,,,512.0,,100,1.5860912616212444,1.5860912616212444,0.518783542039356,0.0851063829787234,,,,,,
q,beta_x_dim,16,0.11747950139268575,10.0,,,512.0,,500,22.240293966351647,22.240293966351647,0.454883406556269,0.018218623481781375,,,,,,
q,beta_x_dim,17,0.14178263459597212,10.0,,,512.0,,100,26.965885305404328,26.965885305404328,0.8759842519685039,0.8404255319148937,,,,,,
q,beta_x_dim,17,0.14178263459597212,10.0,,,512.0,,500,1.1279344627264347e+67,1.1279344627264347e+67,0.5883768913342503,0.819838056680162,,,,,,
q,beta_x_dim,18,0.09076250392557922,10.0,,,512.0,,100,2.609668685124117,2.609668685124117,0.5911504424778761,0.22580645161290322,,,,,,
q,beta_x_dim,18,0.09076250392557922,10.0,,,512.0,,500,4.0813783528797215e+20,4.0813783528797215e+20,0.43946037099494095,0.30831643002028397,,,,,,
q,beta_x_dim,19,0.12331536105543583,10.0,,,512.0,,100,6.585334390938204,6.585334390938204,0.3022847100175747,0.0,,,,,,
q,beta_x_dim,19,0.12331536105543583,10.0,,,512.0,,500,184339510194.37738,184339510194.37738,0.34658134051869316,0.3678861788617886,,,,,,
q,beta_x_dim,0,0.08324559249809413,10.0,,,1024.0,,100,3.6136876804903624,3.6077919854642833,0.43127147766323026,0.6170212765957447,,,,,,
q,beta_x_dim,0,0.08324559249809413,10.0,,,1024.0,,500,1.30279133538767e+28,1.30279133538767e+28,0.4795439302481556,0.6740890688259109,,,,,,
q,beta_x_dim,1,0.09773989892106646,10.0,,,1024.0,,100,5.04832307289306,5.04832307289306,0.19378427787934185,0.4946236559139785,,,,,,
q,beta_x_dim,1,0.09773989892106646,10.0,,,1024.0,,500,334.4597553818773,334.4597553818773,0.4418052256532066,0.4300202839756592,,,,,,
q,beta_x_dim,2,0.09817623108532308,10.0,,,1024.0,,100,3.8643705088103983,3.8643705088103983,0.46539792387543255,0.28421052631578947,,,,,,
q,beta_x_dim,2,0.09817623108532308,10.0,,,1024.0,,500,8.485293746566246e+42,8.485293746566246e+42,0.4271323035594359,0.09696969696969697,,,,,,
q,beta_x_dim,3,0.12022087397697476,10.0,,,1024.0,,100,1.576770821434803,1.5582537135567276,0.7926186291739895,0.23655913978494625,,,,,,
q,beta_x_dim,3,0.12022087397697476,10.0,,,1024.0,,500,19.215306888555748,19.215306888555748,0.6463455708992927,0.4766734279918864,,,,,,
q,beta_x_dim,4,0.08582136460463576,10.0,,,1024.0,,100,1.7007682841062024,1.7007682841062024,0.5286506469500925,0.7263157894736842,,,,,,
q,beta_x_dim,4,0.08582136460463576,10.0,,,1024.0,,500,32.053764804611525,29.81998860164548,0.47602856171370284,0.597979797979798,,,,,,
q,beta_x_dim,5,0.09529049869152607,10.0,,,1024.0,,100,1.2793574078090328,1.2793574078090328,0.8374125874125874,0.0,,,,,,
q,beta_x_dim,5,0.09529049869152607,10.0,,,1024.0,,500,11.161420972721421,11.112916513203192,0.3825706594885599,0.0,,,,,,
q,beta_x_dim,6,0.08587568835618739,10.0,,,1024.0,,100,3.1699082769408977,3.1699082769408977,0.5727109515260324,0.0,,,,,,
q,beta_x_dim,6,0.08587568835618739,10.0,,,1024.0,,500,28.42320536386658,27.871549763545005,0.7632735880960433,0.04056795131845842,,,,,,
q,beta_x_dim,7,0.08448072310305692,10.0,,,1024.0,,100,10.118122414125274,9.801150423715715,0.5561403508771929,0.24468085106382978,,,,,,
q,beta_x_dim,7,0.08448072310305692,10.0,,,1024.0,,500,745.3654282699086,745.3654282699086,0.5107744107744108,0.41295546558704455,,,,,,
q,beta_x_dim,8,0.0855617921909968,10.0,,,1024.0,,100,2.0106079840348547,2.0106079840348547,0.8975265017667845,0.34782608695652173,,,,,,
q,beta_x_dim,8,0.0855617921909968,10.0,,,1024.0,,500,50.34584515878716,50.34584515878716,0.44908968307484826,0.3556910569105691,,,,,,
q,beta_x_dim,9,0.10035694822361248,10.0,,,1024.0,,100,1.3979836837968,1.3979836837968,0.649737302977233,0.1935483870967742,,,,,,
q,beta_x_dim,9,0.10035694822361248,10.0,,,1024.0,,500,35.75001323452628,35.75001323452628,0.5079097946819253,0.31237322515212984,,,,,,
q,beta_x_dim,10,0.09406626998612011,10.0,,,1024.0,,100,1.2489947076701338,1.2489947076701338,0.5359019264448336,0.07446808510638298,,,,,,
q,beta_x_dim,10,0.09406626998612011,10.0,,,1024.0,,500,58.69990796180645,58.69990796180645,0.43621676203298554,0.09919028340080972,,,,,,
q,beta_x_dim,11,0.09945804358707247,10.0,,,1024.0,,100,1.746666023820176,1.746666023820176,0.44181818181818183,0.3763440860215054,,,,,,
q,beta_x_dim,11,0.09945804358707247,10.0,,,1024.0,,500,19.553186543610604,17.419335845594837,0.3122033898305085,0.332657200811359,,,,,,
q,beta_x_dim,12,0.06626174638131117,10.0,,,1024.0,,100,1.9840279834910763,1.9840279834910763,0.4735915492957746,0.0,,,,,,
q,beta_x_dim,12,0.06626174638131117,10.0,,,1024.0,,500,2.674908835280791e+23,2.674908835280791e+23,0.3584905660377358,0.3717171717171717,,,,,,
q,beta_x_dim,13,0.08761840355965336,10.0,,,1024.0,,100,3.513478979711181,3.513478979711181,0.42678571428571427,1.0,,,,,,
q,beta_x_dim,13,0.08761840355965336,10.0,,,1024.0,,500,36.3085468456821,36.3085468456821,0.5094594594594595,0.8461538461538461,,,,,,
q,beta_x_dim,14,0.09758045951667538,10.0,,,1024.0,,100,0.8924731715189689,0.8924731715189689,0.2862190812720848,0.08421052631578947,,,,,,
q,beta_x_dim,14,0.09758045951667538,10.0,,,1024.0,,500,238.1523835731698,237.77823644395147,0.3674983142279164,0.13535353535353536,,,,,,
q,beta_x_dim,15,0.0830707630274445,10.0,,,1024.0,,100,0.8932396987159276,0.8695212334024288,0.5432525951557093,0.0,,,,,,
q,beta_x_dim,15,0.0830707630274445,10.0,,,1024.0,,500,8.178070088782597,8.125382728088034,0.5003357958361316,0.03838383838383838,,,,,,
q,beta_x_dim,16,0.08225942591702709,10.0,,,1024.0,,100,3.4872066724539676,3.4872066724539676,0.38998211091234347,0.0851063829787234,,,,,,
q,beta_x_dim,16,0.08225942591702709,10.0,,,1024.0,,500,58.11531918921882,58.11531918921882,0.4369719499831024,0.25303643724696356,,,,,,
q,beta_x_dim,17,0.10326707211743168,10.0,,,1024.0,,100,6.060190005084836,6.060190005084836,0.9330708661417323,0.09574468085106383,,,,,,
q,beta_x_dim,17,0.10326707211743168,10.0,,,1024.0,,500,1.0235870237814735e+49,1.0235870237814735e+49,0.6351444291609354,0.659919028340081,,,,,,
q,beta_x_dim,18,0.07596835511935024,10.0,,,1024.0,,100,1.3994902551967123,1.3994902551967123,0.6761061946902654,0.6021505376344086,,,,,,
q,beta_x_dim,18,0.07596835511935024,10.0,,,1024.0,,500,3975174.3273409936,3975174.3273409936,0.6263069139966273,0.4198782961460446,,,,,,
q,beta_x_dim,19,0.08491267679941217,10.0,,,1024.0,,100,5.3383660187358215,5.3383660187358215,0.3339191564147627,0.0,,,,,,
q,beta_x_dim,19,0.08491267679941217,10.0,,,1024.0,,500,1596.2914565350302,1596.2914565350302,0.4112495789828225,0.2886178861788618,,,,,,
q,beta_x_dim,0,0.059090624581029906,10.0,,,2048.0,,100,1.8575376884704613,1.8575376884704613,0.4965635738831615,0.3829787234042553,,,,,,
q,beta_x_dim,0,0.059090624581029906,10.0,,,2048.0,,500,384914.5838481413,384914.5838481413,0.47317236753856473,0.4251012145748988,,,,,,
q,beta_x_dim,1,0.08055266966973045,10.0,,,2048.0,,100,1.892228426319237,1.8031010586501734,0.1736745886654479,0.5161290322580645,,,,,,
q,beta_x_dim,1,0.08055266966973045,10.0,,,2048.0,,500,80.76117025891766,80.76117025891766,0.18696979979640313,0.3975659229208925,,,,,,
q,beta_x_dim,2,0.07384748219446115,10.0,,,2048.0,,100,0.7220642758958659,0.7220642758958659,0.9048442906574394,0.28421052631578947,,,,,,
q,beta_x_dim,2,0.07384748219446115,10.0,,,2048.0,,500,29.837569501090123,29.80163039128067,0.5822699798522498,0.30505050505050507,,,,,,
q,beta_x_dim,3,0.08073623483363201,10.0,,,2048.0,,100,1.1955332422344158,1.1955332422344158,0.8453427065026362,0.41935483870967744,,,,,,
q,beta_x_dim,3,0.08073623483363201,10.0,,,2048.0,,500,15.45231283718302,15.45231283718302,0.757494105759515,0.6450304259634888,,,,,,
q,beta_x_dim,4,0.05515853143171012,10.0,,,2048.0,,100,1.4988140001118633,1.4988140001118633,0.5656192236598891,0.3684210526315789,,,,,,
q,beta_x_dim,4,0.05515853143171012,10.0,,,2048.0,,500,131.8930754771869,131.8930754771869,0.5382522951377082,0.5494949494949495,,,,,,
q,beta_x_dim,5,0.0692130486304319,10.0,,,2048.0,,100,1.967567264550584,1.967567264550584,0.534965034965035,0.2553191489361702,,,,,,
q,beta_x_dim,5,0.0692130486304319,10.0,,,2048.0,,500,52.06808816473518,52.06808816473518,0.4165545087483176,0.17813765182186234,,,,,,
q,beta_x_dim,6,0.07173439740735219,10.0,,,2048.0,,100,1.7518675569263187,1.7518675569263187,0.49371633752244165,0.03225806451612903,,,,,,
q,beta_x_dim,6,0.07173439740735219,10.0,,,2048.0,,500,78.1607445104784,78.1607445104784,0.5661143050388908,0.3265720081135903,,,,,,
q,beta_x_dim,7,0.062214420133965206,10.0,,,2048.0,,100,3.130685409448275,3.130685409448275,0.6140350877192983,0.0,,,,,,
q,beta_x_dim,7,0.062214420133965206,10.0,,,2048.0,,500,27.38292461191059,27.29962694079098,0.43367003367003365,0.12955465587044535,,,,,,
q,beta_x_dim,8,0.07644644262105851,10.0,,,2048.0,,100,2.6174452819625666,2.6174452819625666,0.4381625441696113,0.34782608695652173,,,,,,
q,beta_x_dim,8,0.07644644262105851,10.0,,,2048.0,,500,31.478366893816332,30.467300788531777,0.1665542818610924,0.22154471544715448,,,,,,
q,beta_x_dim,9,0.061198522080877185,10.0,,,2048.0,,100,1.2762494045116908,1.2762494045116908,0.6865148861646234,0.4946236559139785,,,,,,
q,beta_x_dim,9,0.061198522080877185,10.0,,,2048.0,,500,2.292938157827884e+16,2.292938157827884e+16,0.5038707505890273,0.5436105476673428,,,,,,
q,beta_x_dim,10,0.06791061362301604,10.0,,,2048.0,,100,1.0868252327229608,1.0868252327229608,0.5464098073555166,0.07446808510638298,,,,,,
q,beta_x_dim,10,0.06791061362301604,10.0,,,2048.0,,500,5.867395353170036,5.811172823606446,0.37765062268596433,0.09919028340080972,,,,,,
q,beta_x_dim,11,0.0651762981409896,10.0,,,2048.0,,100,1.5462300574763708,1.5462300574763708,0.6672727272727272,0.3763440860215054,,,,,,
q,beta_x_dim,11,0.0651762981409896,10.0,,,2048.0,,500,24.35091343885924,23.113202979244313,0.37457627118644066,0.30628803245436104,,,,,,
q,beta_x_dim,0,0.05281229448753218,10.0,,,4096.0,,100,1.1234949638449339,1.1234949638449339,0.5859106529209622,0.6702127659574468,,,,,,
q,beta_x_dim,0,0.05281229448753218,10.0,,,4096.0,,500,478060274910682.7,478060274910682.7,0.3983903420523139,0.3785425101214575,,,,,,
q,beta_x_dim,1,0.03323375362264121,10.0,,,4096.0,,100,1.1179082235268871,1.1179082235268871,0.33455210237659966,0.5591397849462365,,,,,,
q,beta_x_dim,1,0.03323375362264121,10.0,,,4096.0,,500,9.76436203454411,9.76436203454411,0.33016627078384797,0.5273833671399595,,,,,,
q,beta_x_dim,2,0.04517439621719188,10.0,,,4096.0,,100,1.7971930164764287,1.7971930164764287,0.8200692041522492,0.28421052631578947,,,,,,
q,beta_x_dim,2,0.04517439621719188,10.0,,,4096.0,,500,36.14842583204007,36.14842583204007,0.674278038952317,0.301010101010101,,,,,,
q,beta_x_dim,3,0.0427116544627979,10.0,,,4096.0,,100,0.8449511669071755,0.8407738186109093,0.7065026362038664,0.23655913978494625,,,,,,
q,beta_x_dim,3,0.0427116544627979,10.0,,,4096.0,,500,5.405994170880138,5.405994170880138,0.7005725833614012,0.42190669371196754,,,,,,
q,beta_x_dim,12,0.05818847294540117,10.0,,,2048.0,,100,0.7202249418495299,0.7202249418495299,0.7922535211267606,0.29473684210526313,,,,,,
q,beta_x_dim,12,0.05818847294540117,10.0,,,2048.0,,500,462486651.51257217,462486651.51257217,0.5778301886792453,0.2868686868686869,,,,,,
q,beta_x_dim,13,0.04526185428337136,10.0,,,2048.0,,100,3.8636286836563416,3.8636286836563416,0.4303571428571429,1.0,,,,,,
q,beta_x_dim,13,0.04526185428337136,10.0,,,2048.0,,500,35.884135150936906,35.884135150936906,0.4114864864864865,0.8157894736842105,,,,,,
q,beta_x_dim,14,0.04418282118659875,10.0,,,2048.0,,100,1.0508498518936866,1.0508498518936866,0.7544169611307421,0.08421052631578947,,,,,,
q,beta_x_dim,14,0.04418282118659875,10.0,,,2048.0,,500,9.523486636586423,9.523486636586423,0.3604180714767363,0.30303030303030304,,,,,,
q,beta_x_dim,15,0.05860070471225593,10.0,,,2048.0,,100,1.0358008407178567,1.0358008407178567,0.5934256055363322,0.0,,,,,,
q,beta_x_dim,15,0.05860070471225593,10.0,,,2048.0,,500,10.439765448244888,10.174272602040482,0.46272666218938885,0.0,,,,,,
q,beta_x_dim,4,0.040015870266180115,10.0,,,4096.0,,100,1.5669051101725162,1.5669051101725162,0.3179297597042514,0.35789473684210527,,,,,,
q,beta_x_dim,4,0.040015870266180115,10.0,,,4096.0,,500,30.714709699909484,30.714709699909484,0.28221693301598094,0.4262626262626263,,,,,,
q,beta_x_dim,5,0.03709134647177847,10.0,,,4096.0,,100,2.228782967716802,2.228782967716802,0.4493006993006993,0.22340425531914893,,,,,,
q,beta_x_dim,5,0.03709134647177847,10.0,,,4096.0,,500,1132.7779306755629,1132.7779306755629,0.4165545087483176,0.27125506072874495,,,,,,
q,beta_x_dim,6,0.04794923215448047,10.0,,,4096.0,,100,2.877147126921685,2.877147126921685,0.6624775583482945,0.03225806451612903,,,,,,
q,beta_x_dim,6,0.04794923215448047,10.0,,,4096.0,,500,16.877999934866608,14.491522060329727,0.5823469732837335,0.4178498985801217,,,,,,
q,beta_x_dim,7,0.038538289652744306,10.0,,,4096.0,,100,1.6121694587052935,1.3026141870555672,0.6,0.8723404255319149,,,,,,
q,beta_x_dim,7,0.038538289652744306,10.0,,,4096.0,,500,9.748930156203748,9.748930156203748,0.3781144781144781,0.7894736842105263,,,,,,
q,beta_x_dim,16,0.06637721883856795,10.0,,,2048.0,,100,1.8321629680720353,1.8321629680720353,0.5831842576028623,0.48936170212765956,,,,,,
q,beta_x_dim,16,0.06637721883856795,10.0,,,2048.0,,500,22.694091430116412,22.212707233684142,0.4389996620479892,0.4190283400809717,,,,,,
q,beta_x_dim,17,0.05991551191793955,10.0,,,2048.0,,100,5.5961642850545905,5.5961642850545905,0.6791338582677166,0.8404255319148937,,,,,,
q,beta_x_dim,17,0.05991551191793955,10.0,,,2048.0,,500,5.348309595120187e+24,5.348309595120187e+24,0.6458046767537826,0.7692307692307693,,,,,,
q,beta_x_dim,18,0.052856994997082754,10.0,,,2048.0,,100,0.7466380076137147,0.7466380076137147,0.6548672566371682,0.6451612903225806,,,,,,
q,beta_x_dim,18,0.052856994997082754,10.0,,,2048.0,,500,40.38764242965635,40.38764242965635,0.651602023608769,0.5030425963488844,,,,,,
q,beta_x_dim,19,0.059753300342751677,10.0,,,2048.0,,100,1.9715241176419376,1.9715241176419376,0.5184534270650264,0.0,,,,,,
q,beta_x_dim,19,0.059753300342751677,10.0,,,2048.0,,500,126.38697465988996,126.38697465988996,0.16773324351633548,0.014227642276422764,,,,,,
q,beta_x_dim,16,0.04797270734396558,10.0,,,4096.0,,100,1.781258267829469,1.781258267829469,0.46332737030411447,0.6276595744680851,,,,,,
q,beta_x_dim,16,0.04797270734396558,10.0,,,4096.0,,500,13.402851221093313,13.402851221093313,0.2612369043595809,0.4716599190283401,,,,,,
q,beta_x_dim,17,0.0520924933809918,10.0,,,4096.0,,100,0.8837290384022282,0.8837290384022282,0.84251968503937,0.0,,,,,,
q,beta_x_dim,17,0.0520924933809918,10.0,,,4096.0,,500,505382263.9880624,505382263.9880624,0.7768225584594223,0.39473684210526316,,,,,,
q,beta_x_dim,18,0.04858823919892398,10.0,,,4096.0,,100,0.7395708523960559,0.7395708523960559,0.49557522123893805,0.22580645161290322,,,,,,
q,beta_x_dim,18,0.04858823919892398,10.0,,,4096.0,,500,5.010498812030086,5.010498812030086,0.48532883642495783,0.359026369168357,,,,,,
q,beta_x_dim,19,0.03839218641664325,10.0,,,4096.0,,100,1.8009445332264709,1.8009445332264709,0.5553602811950791,0.0,,,,,,
q,beta_x_dim,19,0.03839218641664325,10.0,,,4096.0,,500,35.37428520380055,35.37428520380055,0.45537217918491074,0.022357723577235773,,,,,,
q,beta_x_dim,12,0.037527120712285596,10.0,,,4096.0,,100,0.47719690429416894,0.47719690429416894,0.8714788732394366,0.3473684210526316,,,,,,
q,beta_x_dim,12,0.037527120712285596,10.0,,,4096.0,,500,5.045980786216424,5.045980786216424,0.7024932614555256,0.4121212121212121,,,,,,
q,beta_x_dim,13,0.03611361544770655,10.0,,,4096.0,,100,2.5427537337456068,2.5427537337456068,0.6553571428571429,0.3191489361702128,,,,,,
q,beta_x_dim,13,0.03611361544770655,10.0,,,4096.0,,500,13.039757775634806,13.039757775634806,0.4243243243243243,0.2793522267206478,,,,,,
q,beta_x_dim,14,0.046207983078083464,10.0,,,4096.0,,100,2.2076241180154086,2.2076241180154086,0.823321554770318,0.9157894736842105,,,,,,
q,beta_x_dim,14,0.046207983078083464,10.0,,,4096.0,,500,1731689136798.0317,1731689136798.0317,0.5296695886716116,0.705050505050505,,,,,,
q,beta_x_dim,15,0.041232563561755656,10.0,,,4096.0,,100,0.9398481210925567,0.9398481210925567,0.5380622837370242,0.010526315789473684,,,,,,
q,beta_x_dim,15,0.041232563561755656,10.0,,,4096.0,,500,14.177915285906774,12.860236869057305,0.5634654130288784,0.2767676767676768,,,,,,
q,beta_x_dim,8,0.054383597927018135,10.0,,,4096.0,,100,1.928608652596997,1.928608652596997,0.6466431095406361,0.34782608695652173,,,,,,
q,beta_x_dim,8,0.054383597927018135,10.0,,,4096.0,,500,19.30956461291861,19.20064729580634,0.299055967633176,0.3231707317073171,,,,,,
q,beta_x_dim,9,0.03765310937715849,10.0,,,4096.0,,100,0.7940786898624821,0.7404971095900104,0.6427320490367776,0.1935483870967742,,,,,,
q,beta_x_dim,9,0.03765310937715849,10.0,,,4096.0,,500,95821370.05807304,95821370.05807304,0.5691686300908785,0.4462474645030426,,,,,,
q,beta_x_dim,10,0.04683774768564616,10.0,,,4096.0,,100,1.4678264303308735,1.4678264303308735,0.35901926444833626,0.07446808510638298,,,,,,
q,beta_x_dim,10,0.04683774768564616,10.0,,,4096.0,,500,52.872266561638355,52.872266561638355,0.5264220801077079,0.15182186234817813,,,,,,
q,beta_x_dim,11,0.05217513828362287,10.0,,,4096.0,,100,1.174809668914845,1.174809668914845,0.6054545454545455,0.3763440860215054,,,,,,
q,beta_x_dim,11,0.05217513828362287,10.0,,,4096.0,,500,6.0610315171883915,6.0610315171883915,0.5589830508474576,0.39148073022312374,,,,,,
q,beta_x_dim,0,0.028866620553621138,10.0,,,8192.0,,100,1.3475338626755857,1.3475338626755857,0.5979381443298969,0.5957446808510638,,,,,,
q,beta_x_dim,0,0.028866620553621138,10.0,,,8192.0,,500,28.178809142848365,28.178809142848365,0.4010731052984574,0.46153846153846156,,,,,,
q,beta_x_dim,1,0.027164945974240972,10.0,,,8192.0,,100,1.085071194338764,1.085071194338764,0.5338208409506399,0.5591397849462365,,,,,,
q,beta_x_dim,1,0.027164945974240972,10.0,,,8192.0,,500,9.09020340415493,9.03888623126654,0.5242619613165932,0.5679513184584178,,,,,,
q,beta_x_dim,2,0.03716655524101822,10.0,,,8192.0,,100,0.8734095807291183,0.8734095807291183,0.8235294117647058,0.28421052631578947,,,,,,
q,beta_x_dim,2,0.03716655524101822,10.0,,,8192.0,,500,31.861044993959062,31.861044993959062,0.6417058428475487,0.298989898989899,,,,,,
q,beta_x_dim,3,0.02553517333602458,10.0,,,8192.0,,100,0.9959782143077855,0.9904336305440635,0.664323374340949,0.23655913978494625,,,,,,
q,beta_x_dim,3,0.02553517333602458,10.0,,,8192.0,,500,16.089384846377417,16.089384846377417,0.371505557426743,0.2434077079107505,,,,,,
q,beta_x_dim,4,0.03548757067847358,10.0,,,8192.0,,100,1.1897380203673291,1.1857936228422015,0.4824399260628466,0.35789473684210527,,,,,,
q,beta_x_dim,4,0.03548757067847358,10.0,,,8192.0,,500,22.68575679859554,22.68575679859554,0.49404964297857873,0.37373737373737376,,,,,,
q,beta_x_dim,5,0.02467790949675192,10.0,,,8192.0,,100,0.969161509517528,0.9637556421370368,0.8444055944055944,0.2553191489361702,,,,,,
q,beta_x_dim,5,0.02467790949675192,10.0,,,8192.0,,500,56930966.88066675,56930966.88066675,0.6611709286675639,0.5566801619433198,,,,,,
q,beta_x_dim,6,0.040807936685536825,10.0,,,8192.0,,100,2.4935060689604165,2.4935060689604165,0.6894075403949731,0.6774193548387096,,,,,,
q,beta_x_dim,6,0.040807936685536825,10.0,,,8192.0,,500,2048958733755.5671,2048958733755.5671,0.608725059181603,0.7748478701825557,,,,,,
q,beta_x_dim,7,0.03155187508608768,10.0,,,8192.0,,100,1.4554831004980668,1.4554831004980668,0.6859649122807018,0.8723404255319149,,,,,,
q,beta_x_dim,7,0.03155187508608768,10.0,,,8192.0,,500,13.074244795395256,13.074244795395256,0.45151515151515154,0.7773279352226721,,,,,,
q,beta_x_dim,8,0.03978782272341987,10.0,,,8192.0,,100,2.513353181784021,2.513353181784021,0.4840989399293286,0.8695652173913043,,,,,,
q,beta_x_dim,8,0.03978782272341987,10.0,,,8192.0,,500,33.36160364242451,31.197578861759165,0.46426163182737695,0.6605691056910569,,,,,,
q,beta_x_dim,9,0.026488447237678032,10.0,,,8192.0,,100,0.7262656602113086,0.7262656602113086,0.5026269702276708,0.1935483870967742,,,,,,
q,beta_x_dim,9,0.026488447237678032,10.0,,,8192.0,,500,23212.85020376541,23212.85020376541,0.3675530124537193,0.25760649087221094,,,,,,
q,beta_x_dim,10,0.03463519326633877,10.0,,,8192.0,,100,1.0849731325907737,1.0849731325907737,0.5884413309982487,0.2978723404255319,,,,,,
q,beta_x_dim,10,0.03463519326633877,10.0,,,8192.0,,500,11.3897464583102,11.3897464583102,0.5099293167283743,0.3643724696356275,,,,,,
q,beta_x_dim,11,0.026055525657738363,10.0,,,8192.0,,100,1.166707022683097,1.1622535543199437,0.5218181818181818,0.08602150537634409,,,,,,
q,beta_x_dim,11,0.026055525657738363,10.0,,,8192.0,,500,7.133619569257179,7.133619569257179,0.5416949152542373,0.21703853955375255,,,,,,
q,beta_x_dim,16,0.02684107057175928,10.0,,,8192.0,,100,2.0260782038165526,2.0260782038165526,0.776386404293381,0.43617021276595747,,,,,,
q,beta_x_dim,16,0.02684107057175928,10.0,,,8192.0,,500,25.43520778138989,25.43520778138989,0.393714092598851,0.3825910931174089,,,,,,
q,beta_x_dim,17,0.028838512097342273,10.0,,,8192.0,,100,1.5929057485158808,1.5929057485158808,0.6358267716535433,0.6808510638297872,,,,,,
q,beta_x_dim,17,0.028838512097342273,10.0,,,8192.0,,500,318.9282256521594,318.9282256521594,0.4938101788170564,0.6234817813765182,,,,,,
q,beta_x_dim,18,0.032469723871153267,10.0,,,8192.0,,100,0.6909878139799842,0.67776124409377,0.3805309734513274,0.1935483870967742,,,,,,
q,beta_x_dim,18,0.032469723871153267,10.0,,,8192.0,,500,8.407144589178499,8.165715992365028,0.6141652613827994,0.5233265720081136,,,,,,
q,beta_x_dim,19,0.032297817379372595,10.0,,,8192.0,,100,1.7142933720021971,1.7142933720021971,0.5166959578207382,0.0,,,,,,
q,beta_x_dim,19,0.032297817379372595,10.0,,,8192.0,,500,14.570342138441925,12.546328328142232,0.3489390367126979,0.018292682926829267,,,,,,
q,beta_x_dim,12,0.02891391267793012,10.0,,,8192.0,,100,0.9409619498157413,0.9409619498157413,0.8274647887323944,0.3473684210526316,,,,,,
q,beta_x_dim,12,0.02891391267793012,10.0,,,8192.0,,500,5.948426887793113,5.504558629062849,0.5400943396226415,0.4121212121212121,,,,,,
q,beta_x_dim,13,0.02820747812109664,10.0,,,8192.0,,100,2.8316078310786352,2.8316078310786352,0.8339285714285715,0.7659574468085106,,,,,,
q,beta_x_dim,13,0.02820747812109664,10.0,,,8192.0,,500,1820.6025617003295,1820.6025617003295,0.8172297297297297,0.8380566801619433,,,,,,
q,beta_x_dim,14,0.031186330221094197,10.0,,,8192.0,,100,1.4478310414501578,1.4478310414501578,0.7897526501766784,0.9157894736842105,,,,,,
q,beta_x_dim,14,0.031186330221094197,10.0,,,8192.0,,500,10.236971767269232,9.151031930894248,0.3331085637221848,0.8505050505050505,,,,,,
q,beta_x_dim,15,0.03410922937317396,10.0,,,8192.0,,100,0.7649498227284482,0.7646815984916334,0.842560553633218,0.0,,,,,,
q,beta_x_dim,15,0.03410922937317396,10.0,,,8192.0,,500,4.253734575681499,4.253734575681499,0.7713230355943587,0.0,,,,,,
q,beta_x_dim,0,0.020356989468909358,10.0,,,16384.0,,100,1.0472437109283443,1.0472437109283443,0.6288659793814433,0.648936170212766,,,,,,
q,beta_x_dim,0,0.020356989468909358,10.0,,,16384.0,,500,16.791431263028155,16.791431263028155,0.3890006706908115,0.4676113360323887,,,,,,
q,beta_x_dim,1,0.01807625432089983,10.0,,,16384.0,,100,1.0641598985784746,1.0641598985784746,0.6819012797074955,0.43010752688172044,,,,,,
q,beta_x_dim,1,0.01807625432089983,10.0,,,16384.0,,500,6.499210005282507,6.499210005282507,0.5961995249406176,0.4158215010141988,,,,,,
q,beta_x_dim,2,0.02140292876780509,10.0,,,16384.0,,100,1.2610515704264542,1.2610515704264542,0.7076124567474048,0.28421052631578947,,,,,,
q,beta_x_dim,2,0.02140292876780509,10.0,,,16384.0,,500,33.583370407707996,33.583370407707996,0.41537944929482873,0.2383838383838384,,,,,,
q,beta_x_dim,3,0.018745583527260273,10.0,,,16384.0,,100,0.7151432062933996,0.7151432062933996,0.9402460456942003,0.23655913978494625,,,,,,
q,beta_x_dim,3,0.018745583527260273,10.0,,,16384.0,,500,24.09336952963129,24.09336952963129,0.5089255641630178,0.2210953346855984,,,,,,
q,beta_x_dim,4,0.02302125399812299,10.0,,,16384.0,,100,1.1467062307253957,1.1467062307253957,0.4436229205175601,0.35789473684210527,,,,,,
q,beta_x_dim,4,0.02302125399812299,10.0,,,16384.0,,500,5.120581908430671,4.996726197584379,0.48894933696021764,0.3434343434343434,,,,,,
q,beta_x_dim,5,0.018059158472521004,10.0,,,16384.0,,100,0.8831145900287702,0.8831145900287702,0.6346153846153846,0.0,,,,,,
q,beta_x_dim,5,0.018059158472521004,10.0,,,16384.0,,500,46.021462868496656,46.021462868496656,0.7015477792732167,0.3441295546558704,,,,,,
q,beta_x_dim,6,0.02108045085739379,10.0,,,16384.0,,100,1.6991213369222942,1.6991213369222942,0.7235188509874326,0.2903225806451613,,,,,,
q,beta_x_dim,6,0.02108045085739379,10.0,,,16384.0,,500,12.359924170818786,12.359924170818786,0.4193439296584376,0.2616632860040568,,,,,,
q,beta_x_dim,7,0.021431309877788803,10.0,,,16384.0,,100,1.1434541711676436,1.1392958890449087,0.6526315789473685,0.8723404255319149,,,,,,
q,beta_x_dim,7,0.021431309877788803,10.0,,,16384.0,,500,20.788902876066476,20.788902876066476,0.6326599326599327,0.8259109311740891,,,,,,
q,beta_x_dim,8,0.021030588042434514,10.0,,,16384.0,,100,0.6932179034641608,0.6932179034641608,0.17667844522968199,0.6304347826086957,,,,,,
q,beta_x_dim,8,0.021030588042434514,10.0,,,16384.0,,500,14.216385689334777,13.570494928553735,0.26298044504383006,0.37601626016260165,,,,,,
q,beta_x_dim,9,0.019728356009054288,10.0,,,16384.0,,100,0.751287327656251,0.7500831811723202,0.6007005253940455,0.45161290322580644,,,,,,
q,beta_x_dim,9,0.019728356009054288,10.0,,,16384.0,,500,6.765391879329785,6.765391879329785,0.5812857623695725,0.4421906693711968,,,,,,
q,beta_x_dim,10,0.022361935486372143,10.0,,,16384.0,,100,1.1607537486272752,1.1607537486272752,0.6112084063047285,0.3191489361702128,,,,,,
q,beta_x_dim,10,0.022361935486372143,10.0,,,16384.0,,500,7.6585332134526904,7.250742757151053,0.2871087176035005,0.3562753036437247,,,,,,
q,beta_x_dim,11,0.02310508513733857,10.0,,,16384.0,,100,1.010010990148314,0.9844393844403869,0.4909090909090909,0.3763440860215054,,,,,,
q,beta_x_dim,11,0.02310508513733857,10.0,,,16384.0,,500,3.009752706155688,3.009752706155688,0.41491525423728814,0.359026369168357,,,,,,
q,beta_x_dim,4,0.5533154376476055,20.0,,,32.0,,100,290.5662906985391,290.5662906985391,0.3290203327171904,0.2,,,,,,
q,beta_x_dim,4,0.5533154376476055,20.0,,,32.0,,500,1050.5718711564975,978.1577555503748,0.33253995239714385,0.32323232323232326,,,,,,
q,beta_x_dim,5,0.37342721982998295,20.0,,,32.0,,100,1.4599431793471735,1.4599431793471735,0.46153846153846156,0.7446808510638298,,,,,,
q,beta_x_dim,5,0.37342721982998295,20.0,,,32.0,,500,12.277133695969987,6.288372921294348,0.3135935397039031,0.9008097165991903,,,,,,
q,beta_x_dim,6,0.42978362336359666,20.0,,,32.0,,100,4307633.233179544,4307633.233179544,0.6193895870736086,0.0,,,,,,
q,beta_x_dim,6,0.42978362336359666,20.0,,,32.0,,500,1.1265935062230074e+54,1.1265935062230074e+54,0.6574230639161313,0.0,,,,,,
q,beta_x_dim,7,0.44008905448805447,20.0,,,32.0,,100,8.410657596189122e+49,8.410657596189122e+49,0.5456140350877193,0.0425531914893617,,,,,,
q,beta_x_dim,7,0.44008905448805447,20.0,,,32.0,,500,2.5117036904039826e+279,2.5117036904039826e+279,0.5616161616161616,0.008097165991902834,,,,,,
q,beta_x_dim,0,0.475488624112919,20.0,,,32.0,,100,3.5125696944324024e+54,3.5125696944324024e+54,0.38316151202749144,0.1702127659574468,,,,,,
q,beta_x_dim,0,0.475488624112919,20.0,,,32.0,,500,inf,inf,,,,,,,,
q,beta_x_dim,1,0.40812779004929994,20.0,,,32.0,,100,2.1870310793136367e+48,2.1870310793136367e+48,0.33455210237659966,0.3870967741935484,,,,,,
q,beta_x_dim,1,0.40812779004929994,20.0,,,32.0,,500,2.153523387466906e+261,2.153523387466906e+261,0.332541567695962,0.3995943204868154,,,,,,
q,beta_x_dim,2,0.4730093470080129,20.0,,,32.0,,100,109.46732031889101,109.46732031889101,0.7802768166089965,0.25263157894736843,,,,,,
q,beta_x_dim,2,0.4730093470080129,20.0,,,32.0,,500,4.4267234034736346e+36,4.4267234034736346e+36,0.3381464069845534,0.298989898989899,,,,,,
q,beta_x_dim,3,0.4466934199958885,20.0,,,32.0,,100,39.86565630513272,39.86565630513272,0.4288224956063269,0.23655913978494625,,,,,,
q,beta_x_dim,3,0.4466934199958885,20.0,,,32.0,,500,7.93298322026281e+20,7.93298322026281e+20,0.35197036039070395,0.2535496957403651,,,,,,
q,beta_x_dim,12,0.02699076211395584,10.0,,,16384.0,,100,1.1354040432340953,1.0929639321146027,0.7535211267605634,0.3473684210526316,,,,,,
q,beta_x_dim,12,0.02699076211395584,10.0,,,16384.0,,500,16.00016785037351,16.00016785037351,0.4369946091644205,0.402020202020202,,,,,,
q,beta_x_dim,13,0.025830793140590433,10.0,,,16384.0,,100,1.6702229401007667,1.6702229401007667,0.8339285714285715,1.0,,,,,,
q,beta_x_dim,13,0.025830793140590433,10.0,,,16384.0,,500,111176.11641989944,111176.11641989944,0.7358108108108108,0.951417004048583,,,,,,
q,beta_x_dim,14,0.020659419161738583,10.0,,,16384.0,,100,1.0699323761023616,1.0699323761023616,0.6466431095406361,0.9157894736842105,,,,,,
q,beta_x_dim,14,0.020659419161738583,10.0,,,16384.0,,500,29.60787151348643,29.60787151348643,0.4959541469993257,0.6383838383838384,,,,,,
q,beta_x_dim,15,0.026925567045706686,10.0,,,16384.0,,100,0.978863013201926,0.978863013201926,0.6816608996539792,0.0,,,,,,
q,beta_x_dim,15,0.026925567045706686,10.0,,,16384.0,,500,9.257314119845555,9.257314119845555,0.5527199462726662,0.07272727272727272,,,,,,
q,beta_x_dim,16,0.01658465602098674,10.0,,,16384.0,,100,1.285495156316547,1.285495156316547,0.42397137745974955,0.43617021276595747,,,,,,
q,beta_x_dim,16,0.01658465602098674,10.0,,,16384.0,,500,16.88103195649169,16.88103195649169,0.20344711051030753,0.3340080971659919,,,,,,
q,beta_x_dim,17,0.019897017393780598,10.0,,,16384.0,,100,1.416723269735591,1.416723269735591,0.6594488188976378,0.02127659574468085,,,,,,
q,beta_x_dim,17,0.019897017393780598,10.0,,,16384.0,,500,24.654683272389597,24.654683272389597,0.5278541953232462,0.2773279352226721,,,,,,
q,beta_x_dim,18,0.020865285810528867,10.0,,,16384.0,,100,0.7001886964471229,0.7001886964471229,0.7539823008849558,0.5913978494623656,,,,,,
q,beta_x_dim,18,0.020865285810528867,10.0,,,16384.0,,500,15.319514377347364,15.319514377347364,0.6809443507588533,0.49898580121703856,,,,,,
q,beta_x_dim,19,0.021465321221595654,10.0,,,16384.0,,100,1.3365195135360102,1.3365195135360102,0.5887521968365553,0.5108695652173914,,,,,,
q,beta_x_dim,19,0.021465321221595654,10.0,,,16384.0,,500,27.980404891234485,27.980404891234485,0.6571236106433143,0.6504065040650406,,,,,,
q,beta_x_dim,8,0.43855644177086944,20.0,,,32.0,,100,2.8176855639038208e+17,2.8176855639038208e+17,0.41872791519434627,0.010869565217391304,,,,,,
q,beta_x_dim,8,0.43855644177086944,20.0,,,32.0,,500,3.804278652750202e+113,3.804278652750202e+113,0.3378287255563048,0.0020325203252032522,,,,,,
q,beta_x_dim,9,0.41686723547078175,20.0,,,32.0,,100,151.01526849593537,106.61017711691198,0.23117338003502627,0.1935483870967742,,,,,,
q,beta_x_dim,9,0.41686723547078175,20.0,,,32.0,,500,426126090.02010304,426126090.02010304,0.29754291484348705,0.2515212981744422,,,,,,
q,beta_x_dim,10,0.4462354434217582,20.0,,,32.0,,100,8080.703976021932,8080.703976021932,0.425569176882662,0.35106382978723405,,,,,,
q,beta_x_dim,10,0.4462354434217582,20.0,,,32.0,,500,1.1833394864375183e+58,1.1833394864375183e+58,0.46987546280713566,0.5344129554655871,,,,,,
q,beta_x_dim,11,0.3453439906042841,20.0,,,32.0,,100,4.1296512159870825e+20,4.1296512159870825e+20,0.35454545454545455,0.3655913978494624,,,,,,
q,beta_x_dim,11,0.3453439906042841,20.0,,,32.0,,500,7.900105513045964e+139,7.900105513045964e+139,0.3288135593220339,0.3488843813387424,,,,,,
q,beta_x_dim,12,0.5218634903299535,20.0,,,32.0,,100,1.386830791133944e+43,1.386830791133944e+43,0.44014084507042256,0.30526315789473685,,,,,,
q,beta_x_dim,12,0.5218634903299535,20.0,,,32.0,,500,inf,inf,,,,,,,,
q,beta_x_dim,13,0.42062264887055334,20.0,,,32.0,,100,3.415148907533897e+18,3.415148907533897e+18,0.4625,0.46808510638297873,,,,,,
q,beta_x_dim,13,0.42062264887055334,20.0,,,32.0,,500,1.4726105093019474e+234,1.4726105093019474e+234,0.7121621621621622,0.8987854251012146,,,,,,
q,beta_x_dim,14,0.4990514455594063,20.0,,,32.0,,100,3.4965735375638887e+28,3.4965735375638887e+28,0.4929328621908127,0.08421052631578947,,,,,,
q,beta_x_dim,14,0.4990514455594063,20.0,,,32.0,,500,1.4198154646589364e+145,1.4198154646589364e+145,0.37862440997977076,0.01616161616161616,,,,,,
q,beta_x_dim,15,0.47267108630892485,20.0,,,32.0,,100,3038485518042.886,3038485518042.886,0.4913494809688581,0.042105263157894736,,,,,,
q,beta_x_dim,15,0.47267108630892485,20.0,,,32.0,,500,2.039890541736791e+66,2.039890541736791e+66,0.5016789791806582,0.16767676767676767,,,,,,
q,beta_x_dim,16,0.45145873378777773,20.0,,,32.0,,100,3.755474594747782e+25,3.755474594747782e+25,0.21645796064400716,0.4787234042553192,,,,,,
q,beta_x_dim,16,0.45145873378777773,20.0,,,32.0,,500,4.442040450294569e+139,4.442040450294569e+139,0.2615748563703954,0.5364372469635628,,,,,,
q,beta_x_dim,17,0.4502359836938825,20.0,,,32.0,,100,11516.765722171725,11516.765722171725,0.44881889763779526,0.09574468085106383,,,,,,
q,beta_x_dim,17,0.4502359836938825,20.0,,,32.0,,500,1.6032401980756505e+36,1.6032401980756505e+36,0.34284731774415406,0.018218623481781375,,,,,,
q,beta_x_dim,18,0.5626601659757056,20.0,,,32.0,,100,5.957117333919624e+33,5.957117333919624e+33,0.3504424778761062,0.22580645161290322,,,,,,
q,beta_x_dim,18,0.5626601659757056,20.0,,,32.0,,500,3.877289535852613e+160,3.877289535852613e+160,0.33794266441821247,0.3144016227180527,,,,,,
q,beta_x_dim,19,0.41077051363789985,20.0,,,32.0,,100,2800487217972.9756,2800487217972.9756,0.4130052724077329,0.7934782608695652,,,,,,
q,beta_x_dim,19,0.41077051363789985,20.0,,,32.0,,500,5.326481367993269e+89,5.326481367993269e+89,0.4813068373189626,0.8536585365853658,,,,,,
q,beta_x_dim,0,0.3221759901052828,20.0,,,64.0,,100,2.7378070729599435e+29,2.7378070729599435e+29,0.41237113402061853,0.13829787234042554,,,,,,
q,beta_x_dim,0,0.3221759901052828,20.0,,,64.0,,500,5.816903116073262e+174,5.816903116073262e+174,0.380617035546613,0.038461538461538464,,,,,,
q,beta_x_dim,1,0.29558078375967123,20.0,,,64.0,,100,9.345966178828021e+21,9.345966178828021e+21,0.3491773308957952,0.40860215053763443,,,,,,
q,beta_x_dim,1,0.29558078375967123,20.0,,,64.0,,500,1.9765689136329415e+147,1.9765689136329415e+147,0.337631489650492,0.3367139959432049,,,,,,
q,beta_x_dim,2,0.3180382777636512,20.0,,,64.0,,100,3.9543900033587462,3.5041044558624233,0.41522491349480967,0.28421052631578947,,,,,,
q,beta_x_dim,2,0.3180382777636512,20.0,,,64.0,,500,4134.554352535744,4134.554352535744,0.27871054398925454,0.43232323232323233,,,,,,
q,beta_x_dim,3,0.36692874187724284,20.0,,,64.0,,100,4.355929979963522,4.355929979963522,0.3216168717047452,0.23655913978494625,,,,,,
q,beta_x_dim,3,0.36692874187724284,20.0,,,64.0,,500,5.111485021330103e+47,5.111485021330103e+47,0.35197036039070395,0.30831643002028397,,,,,,
q,beta_x_dim,4,0.4116536270898129,20.0,,,64.0,,100,3.0889654833095688,3.0866451281395495,0.43622920517560076,0.4,,,,,,
q,beta_x_dim,4,0.4116536270898129,20.0,,,64.0,,500,155.77909198032557,133.8079661107277,0.46446786807208434,0.4121212121212121,,,,,,
q,beta_x_dim,5,0.29343300693331814,20.0,,,64.0,,100,13.334684635772884,13.334684635772884,0.10664335664335664,0.0,,,,,,
q,beta_x_dim,5,0.29343300693331814,20.0,,,64.0,,500,6.339249718201697e+18,6.339249718201697e+18,0.19919246298788695,0.02631578947368421,,,,,,
q,beta_x_dim,6,0.42163379283891284,20.0,,,64.0,,100,19.250998286945357,19.169031742101517,0.40933572710951527,0.0,,,,,,
q,beta_x_dim,6,0.42163379283891284,20.0,,,64.0,,500,7.424084944907935e+75,7.424084944907935e+75,0.4230639161312141,0.0,,,,,,
q,beta_x_dim,7,0.34813570903299706,20.0,,,64.0,,100,410.7927414845296,410.7927414845296,0.5964912280701754,0.13829787234042554,,,,,,
q,beta_x_dim,7,0.34813570903299706,20.0,,,64.0,,500,2.4198618487080213e+100,2.4198618487080213e+100,0.5898989898989899,0.13765182186234817,,,,,,
q,beta_x_dim,8,0.31157596513111496,20.0,,,64.0,,100,7.925450705774088,7.925450705774088,0.48056537102473496,0.9565217391304348,,,,,,
q,beta_x_dim,8,0.31157596513111496,20.0,,,64.0,,500,698.8603476140651,698.8603476140651,0.2552258934592043,0.30691056910569103,,,,,,
q,beta_x_dim,9,0.34561243486758075,20.0,,,64.0,,100,43.891169432677,43.891169432677,0.329246935201401,0.1827956989247312,,,,,,
q,beta_x_dim,9,0.34561243486758075,20.0,,,64.0,,500,319630586655.99005,319630586655.99005,0.37765062268596433,0.2880324543610548,,,,,,
q,beta_x_dim,10,0.378879289575792,20.0,,,64.0,,100,1360151719.3997998,1360151719.3997998,0.3607705779334501,0.39361702127659576,,,,,,
q,beta_x_dim,10,0.378879289575792,20.0,,,64.0,,500,2.0348534238724806e+89,2.0348534238724806e+89,0.40659710535173343,0.5425101214574899,,,,,,
q,beta_x_dim,11,0.32740539883828845,20.0,,,64.0,,100,1213854.5166172506,1213854.5166172506,0.30727272727272725,0.3763440860215054,,,,,,
q,beta_x_dim,11,0.32740539883828845,20.0,,,64.0,,500,1.0912930240197866e+111,1.0912930240197866e+111,0.3644067796610169,0.3509127789046653,,,,,,
q,beta_x_dim,12,0.37647967684533196,20.0,,,64.0,,100,16.994075620584884,16.994075620584884,0.3045774647887324,0.3157894736842105,,,,,,
q,beta_x_dim,12,0.37647967684533196,20.0,,,64.0,,500,1.2376868420993367e+114,1.2376868420993367e+114,0.38544474393531,0.5131313131313131,,,,,,
q,beta_x_dim,13,0.3272847901693679,20.0,,,64.0,,100,437662221.6363962,437662221.6363962,0.6428571428571429,0.19148936170212766,,,,,,
q,beta_x_dim,13,0.3272847901693679,20.0,,,64.0,,500,6.746809402910097e+179,6.746809402910097e+179,0.6091216216216216,0.8340080971659919,,,,,,
q,beta_x_dim,14,0.32643791641323355,20.0,,,64.0,,100,4.532751189852426,4.532751189852426,0.3674911660777385,0.2736842105263158,,,,,,
q,beta_x_dim,14,0.32643791641323355,20.0,,,64.0,,500,199.9267567222361,199.9267567222361,0.49460552933243424,0.2222222222222222,,,,,,
q,beta_x_dim,15,0.31240187704456923,20.0,,,64.0,,100,22.580626289567025,22.580626289567025,0.4844290657439446,0.0,,,,,,
q,beta_x_dim,15,0.31240187704456923,20.0,,,64.0,,500,9.707546719927197e+21,9.707546719927197e+21,0.5396239086635326,0.793939393939394,,,,,,
q,beta_x_dim,0,0.2769788139980297,20.0,,,128.0,,100,2.537389352793289e+17,2.537389352793289e+17,0.4484536082474227,0.5106382978723404,,,,,,
q,beta_x_dim,0,0.2769788139980297,20.0,,,128.0,,500,3.106617753681515e+123,3.106617753681515e+123,0.4121395036887995,0.3805668016194332,,,,,,
q,beta_x_dim,1,0.2437982963519862,20.0,,,128.0,,100,10.672267024203618,10.672267024203618,0.25594149908592323,0.22580645161290322,,,,,,
q,beta_x_dim,1,0.2437982963519862,20.0,,,128.0,,500,5672.380992084303,5672.380992084303,0.3586698337292161,0.24746450304259635,,,,,,
q,beta_x_dim,2,0.24339730327335968,20.0,,,128.0,,100,4.356914293330347,4.155219186224267,0.4429065743944637,0.28421052631578947,,,,,,
q,beta_x_dim,2,0.24339730327335968,20.0,,,128.0,,500,27.11298009410955,24.975430450645714,0.41336467427803897,0.30505050505050507,,,,,,
q,beta_x_dim,3,0.22659351652488344,20.0,,,128.0,,100,3.795194229979737,3.6856035818637967,0.546572934973638,0.13978494623655913,,,,,,
q,beta_x_dim,3,0.22659351652488344,20.0,,,128.0,,500,7.83576394701601e+18,7.83576394701601e+18,0.3691478612327383,0.2961460446247465,,,,,,
q,beta_x_dim,16,0.3106442961881303,20.0,,,64.0,,100,13090.198164577792,13090.198164577792,0.24686940966010734,0.35106382978723405,,,,,,
q,beta_x_dim,16,0.3106442961881303,20.0,,,64.0,,500,718410452461.9144,718410452461.9144,0.28658330517066577,0.5263157894736842,,,,,,
q,beta_x_dim,17,0.33758709179713225,20.0,,,64.0,,100,7.995284521536733,4.819362889183157,0.29133858267716534,0.0,,,,,,
q,beta_x_dim,17,0.33758709179713225,20.0,,,64.0,,500,4.146181693703278e+24,4.146181693703278e+24,0.4597661623108666,0.010121457489878543,,,,,,
q,beta_x_dim,18,0.36277063351344463,20.0,,,64.0,,100,507.0389691318112,500.9946540184999,0.4831858407079646,0.20430107526881722,,,,,,
q,beta_x_dim,18,0.36277063351344463,20.0,,,64.0,,500,161389.0750809857,161389.0750809857,0.381787521079258,0.31237322515212984,,,,,,
q,beta_x_dim,19,0.27197824426002815,20.0,,,64.0,,100,1511.9798693157345,1511.9798693157345,0.3233743409490334,0.14130434782608695,,,,,,
q,beta_x_dim,19,0.27197824426002815,20.0,,,64.0,,500,12065.281506171033,12065.281506171033,0.33142472212866286,0.4878048780487805,,,,,,
q,beta_x_dim,4,0.24637052301705475,20.0,,,128.0,,100,5.885158609552933,5.885158609552933,0.39186691312384475,0.23157894736842105,,,,,,
q,beta_x_dim,4,0.24637052301705475,20.0,,,128.0,,500,911.123958716595,911.123958716595,0.347160829649779,0.5292929292929293,,,,,,
q,beta_x_dim,5,0.20071251771841217,20.0,,,128.0,,100,4.468752787369727,4.468752787369727,0.6433566433566433,0.0,,,,,,
q,beta_x_dim,5,0.20071251771841217,20.0,,,128.0,,500,13.119762077968591,11.007384788017816,0.5524899057873486,0.0,,,,,,
q,beta_x_dim,6,0.2719857913570569,20.0,,,128.0,,100,4356.985541100613,4356.985541100613,0.5062836624775583,0.34408602150537637,,,,,,
q,beta_x_dim,6,0.2719857913570569,20.0,,,128.0,,500,7.89790653964075e+64,7.89790653964075e+64,0.47784917145755834,0.06490872210953347,,,,,,
q,beta_x_dim,7,0.2114275672740672,20.0,,,128.0,,100,21.214680772582046,19.326078059936805,0.7280701754385965,0.010638297872340425,,,,,,
q,beta_x_dim,7,0.2114275672740672,20.0,,,128.0,,500,6.971511365345653e+62,6.971511365345653e+62,0.4861952861952862,0.11133603238866396,,,,,,
q,beta_x_dim,8,0.21497418970360005,20.0,,,128.0,,100,14.510687798213105,14.510687798213105,0.3321554770318021,0.07608695652173914,,,,,,
q,beta_x_dim,8,0.21497418970360005,20.0,,,128.0,,500,43.70955721605741,43.70955721605741,0.19993256911665544,0.022357723577235773,,,,,,
q,beta_x_dim,9,0.25677513532597473,20.0,,,128.0,,100,3.5350690859891603,3.5350690859891603,0.425569176882662,0.1935483870967742,,,,,,
q,beta_x_dim,9,0.25677513532597473,20.0,,,128.0,,500,5408988.206893446,5408988.206893446,0.4180410636149445,0.3448275862068966,,,,,,
q,beta_x_dim,10,0.24864634171425817,20.0,,,128.0,,100,31.08231510911253,27.80031173209203,0.28546409807355516,0.2765957446808511,,,,,,
q,beta_x_dim,10,0.24864634171425817,20.0,,,128.0,,500,3.9283062174894088e+28,3.9283062174894088e+28,0.5166610568832043,0.4817813765182186,,,,,,
q,beta_x_dim,11,0.19742178677610114,20.0,,,128.0,,100,1.6801022954087075,1.6801022954087075,0.6527272727272727,0.08602150537634409,,,,,,
q,beta_x_dim,11,0.19742178677610114,20.0,,,128.0,,500,1.247388504796463e+68,1.247388504796463e+68,0.48847457627118646,0.1257606490872211,,,,,,
q,beta_x_dim,0,0.1561151590110898,20.0,,,256.0,,100,20.28405679139904,20.28405679139904,0.5429553264604811,0.5425531914893617,,,,,,
q,beta_x_dim,0,0.1561151590110898,20.0,,,256.0,,500,1.067693972233952e+31,1.067693972233952e+31,0.4966465459423206,0.43724696356275305,,,,,,
q,beta_x_dim,1,0.15445491624175076,20.0,,,256.0,,100,11.77345147564756,11.77345147564756,0.2449725776965265,0.25806451612903225,,,,,,
q,beta_x_dim,1,0.15445491624175076,20.0,,,256.0,,500,1025.4300614713445,1025.4300614713445,0.3108245673566339,0.486815415821501,,,,,,
q,beta_x_dim,2,0.16114444286301777,20.0,,,256.0,,100,18.453793662531037,18.453793662531037,0.2975778546712803,0.28421052631578947,,,,,,
q,beta_x_dim,2,0.16114444286301777,20.0,,,256.0,,500,3.1054713410330854e+61,3.1054713410330854e+61,0.40631296171927467,0.06868686868686869,,,,,,
q,beta_x_dim,3,0.13866386499393055,20.0,,,256.0,,100,3.601660567920078,3.601660567920078,0.6748681898066784,0.23655913978494625,,,,,,
q,beta_x_dim,3,0.13866386499393055,20.0,,,256.0,,500,20.213492156934308,20.213492156934308,0.6345570899292691,0.20081135902636918,,,,,,
q,beta_x_dim,4,0.21990329369582884,20.0,,,256.0,,100,7.441370137320885,7.441370137320885,0.22735674676524953,0.25263157894736843,,,,,,
q,beta_x_dim,4,0.21990329369582884,20.0,,,256.0,,500,219.23752567782128,219.23752567782128,0.2512750765045903,0.16363636363636364,,,,,,
q,beta_x_dim,5,0.17067975290917176,20.0,,,256.0,,100,1.9714154667876662,1.8979570603178977,0.6293706293706294,0.0,,,,,,
q,beta_x_dim,5,0.17067975290917176,20.0,,,256.0,,500,4.114079652994687e+17,4.114079652994687e+17,0.4515477792732167,0.02631578947368421,,,,,,
q,beta_x_dim,6,0.18269616655706372,20.0,,,256.0,,100,18.50566188385861,17.030835405846403,0.33213644524236985,0.0,,,,,,
q,beta_x_dim,6,0.18269616655706372,20.0,,,256.0,,500,8.654012114619684e+27,8.654012114619684e+27,0.4247548190733852,0.0,,,,,,
q,beta_x_dim,7,0.13826212996288562,20.0,,,256.0,,100,7.259407048521091,6.281694797345216,0.3,0.1276595744680851,,,,,,
q,beta_x_dim,7,0.13826212996288562,20.0,,,256.0,,500,6.76435216792865e+26,6.76435216792865e+26,0.29528619528619526,0.6072874493927125,,,,,,
q,beta_x_dim,12,0.1576595918302586,20.0,,,256.0,,100,1.4633579804949775,1.4633579804949775,0.5387323943661971,0.3473684210526316,,,,,,
q,beta_x_dim,12,0.1576595918302586,20.0,,,256.0,,500,732.3813997522902,732.3813997522902,0.2799865229110512,0.39191919191919194,,,,,,
q,beta_x_dim,13,0.18253185970822572,20.0,,,256.0,,100,7.056351792341461,7.056351792341461,0.4732142857142857,0.0,,,,,,
q,beta_x_dim,13,0.18253185970822572,20.0,,,256.0,,500,11.89216793233075,10.309375507811284,0.39628378378378376,0.0,,,,,,
q,beta_x_dim,14,0.13142538045178465,20.0,,,256.0,,100,3.900350913549516,3.8340802597747783,0.6678445229681979,0.9157894736842105,,,,,,
q,beta_x_dim,14,0.13142538045178465,20.0,,,256.0,,500,176839684.22157934,176839684.22157934,0.2683749157113958,0.6808080808080809,,,,,,
q,beta_x_dim,15,0.14793046647697203,20.0,,,256.0,,100,6.900398229192418,6.277964534070845,0.4602076124567474,1.0,,,,,,
q,beta_x_dim,15,0.14793046647697203,20.0,,,256.0,,500,38.966215132342654,33.94336564090783,0.3999328408327737,0.8888888888888888,,,,,,
q,beta_x_dim,12,0.2230611143413504,20.0,,,128.0,,100,1.8886601845885271,1.6613039688763358,0.9225352112676056,0.3473684210526316,,,,,,
q,beta_x_dim,12,0.2230611143413504,20.0,,,128.0,,500,9.242366524756818,8.159671853507543,0.5539083557951483,0.4121212121212121,,,,,,
q,beta_x_dim,13,0.2868358576336272,20.0,,,128.0,,100,14.129100754623545,14.129100754623545,0.4857142857142857,0.0,,,,,,
q,beta_x_dim,13,0.2868358576336272,20.0,,,128.0,,500,7.378334578907304e+30,7.378334578907304e+30,0.5787162162162162,0.032388663967611336,,,,,,
q,beta_x_dim,14,0.260450112016454,20.0,,,128.0,,100,10.046549571882458,9.753931551802966,0.568904593639576,0.9157894736842105,,,,,,
q,beta_x_dim,14,0.260450112016454,20.0,,,128.0,,500,140.42272357242246,140.42272357242246,0.3792987188132165,0.6,,,,,,
q,beta_x_dim,15,0.21082258344736124,20.0,,,128.0,,100,4.904613864493837,4.7998655400001775,0.4930795847750865,0.9894736842105263,,,,,,
q,beta_x_dim,15,0.21082258344736124,20.0,,,128.0,,500,25.624627739312878,25.624627739312878,0.3834788448623237,0.8646464646464647,,,,,,
q,beta_x_dim,16,0.23833394272384162,20.0,,,128.0,,100,7.116940825496814,7.116940825496814,0.38998211091234347,0.0851063829787234,,,,,,
q,beta_x_dim,16,0.23833394272384162,20.0,,,128.0,,500,1178.7458674717684,1178.7458674717684,0.38695505238256167,0.08502024291497975,,,,,,
q,beta_x_dim,17,0.18109927793474564,20.0,,,128.0,,100,1.302327996534425e+17,1.302327996534425e+17,0.6535433070866141,0.10638297872340426,,,,,,
q,beta_x_dim,17,0.18109927793474564,20.0,,,128.0,,500,7.016018464412156e+140,7.016018464412156e+140,0.6045392022008254,0.020242914979757085,,,,,,
q,beta_x_dim,18,0.31053197415363676,20.0,,,128.0,,100,4.708954819509528,4.708954819509528,0.7610619469026548,0.20430107526881722,,,,,,
q,beta_x_dim,18,0.31053197415363676,20.0,,,128.0,,500,27.290977997795764,18.756310428517793,0.48128161888701515,0.31237322515212984,,,,,,
q,beta_x_dim,19,0.18282952887106366,20.0,,,128.0,,100,9.00566028952058,3.9300272023123233,0.4112478031634446,0.05434782608695652,,,,,,
q,beta_x_dim,19,0.18282952887106366,20.0,,,128.0,,500,164.83619759760407,164.83619759760407,0.35500168406871,0.1016260162601626,,,,,,
q,beta_x_dim,8,0.1738344351847317,20.0,,,256.0,,100,3.493196001008691,3.493196001008691,0.41872791519434627,0.0,,,,,,
q,beta_x_dim,8,0.1738344351847317,20.0,,,256.0,,500,34.5389914168438,30.844301293783236,0.27073499662845585,0.012195121951219513,,,,,,
q,beta_x_dim,9,0.2133657125731659,20.0,,,256.0,,100,2.335805316475492,1.6397349838230377,0.46935201401050786,0.1935483870967742,,,,,,
q,beta_x_dim,9,0.2133657125731659,20.0,,,256.0,,500,63.958424560998296,62.682318312450136,0.45338269942780207,0.3711967545638945,,,,,,
q,beta_x_dim,10,0.2254427509551922,20.0,,,256.0,,100,3.187050577058875,3.1792138928336184,0.6112084063047285,0.07446808510638298,,,,,,
q,beta_x_dim,10,0.2254427509551922,20.0,,,256.0,,500,5.783380360680704e+17,5.783380360680704e+17,0.38438236284079436,0.2834008097165992,,,,,,
q,beta_x_dim,11,0.18400491382186593,20.0,,,256.0,,100,2.268267688265549,2.268267688265549,0.37636363636363634,0.3763440860215054,,,,,,
q,beta_x_dim,11,0.18400491382186593,20.0,,,256.0,,500,2.4024775206003317e+36,2.4024775206003317e+36,0.3752542372881356,0.36511156186612576,,,,,,
q,beta_x_dim,0,0.1030968424041055,20.0,,,512.0,,100,3.139247863141897,3.139247863141897,0.4261168384879725,0.6276595744680851,,,,,,
q,beta_x_dim,0,0.1030968424041055,20.0,,,512.0,,500,1.3519757005398895e+43,1.3519757005398895e+43,0.4721663313212609,0.6639676113360324,,,,,,
q,beta_x_dim,1,0.11402962694717797,20.0,,,512.0,,100,5.8268271195054355,5.811505286861972,0.4040219378427788,0.27956989247311825,,,,,,
q,beta_x_dim,1,0.11402962694717797,20.0,,,512.0,,500,183.70221369499217,183.70221369499217,0.5480149304377333,0.5476673427991886,,,,,,
q,beta_x_dim,2,0.09277918554637624,20.0,,,512.0,,100,5.964464673598934,5.964464673598934,0.7439446366782007,0.28421052631578947,,,,,,
q,beta_x_dim,2,0.09277918554637624,20.0,,,512.0,,500,4.805155949170763e+32,4.805155949170763e+32,0.45936870382807254,0.10101010101010101,,,,,,
q,beta_x_dim,3,0.11894049171114318,20.0,,,512.0,,100,2.1736293238760775,2.1736293238760775,0.6449912126537786,0.24731182795698925,,,,,,
q,beta_x_dim,3,0.11894049171114318,20.0,,,512.0,,500,8.66867771775568,8.66867771775568,0.4496463455708993,0.33874239350912777,,,,,,
q,beta_x_dim,16,0.18161749868678914,20.0,,,256.0,,100,6.022290045343828,6.022290045343828,0.5652951699463328,0.5,,,,,,
q,beta_x_dim,16,0.18161749868678914,20.0,,,256.0,,500,80.74746403149854,80.74746403149854,0.5535653937140926,0.402834008097166,,,,,,
q,beta_x_dim,17,0.16047953125249814,20.0,,,256.0,,100,5407071.619471258,5407071.619471258,0.8641732283464567,0.44680851063829785,,,,,,
q,beta_x_dim,17,0.16047953125249814,20.0,,,256.0,,500,1.6277170074781353e+96,1.6277170074781353e+96,0.6519944979367263,0.7449392712550608,,,,,,
q,beta_x_dim,18,0.15352245847039855,20.0,,,256.0,,100,22.41760604106597,22.41760604106597,0.6247787610619469,0.5698924731182796,,,,,,
q,beta_x_dim,18,0.15352245847039855,20.0,,,256.0,,500,2.671880005167651e+56,2.671880005167651e+56,0.42259696458684654,0.3711967545638945,,,,,,
q,beta_x_dim,19,0.16055016960496735,20.0,,,256.0,,100,3.6116551699446697,3.6043166367075923,0.19507908611599298,0.0,,,,,,
q,beta_x_dim,19,0.16055016960496735,20.0,,,256.0,,500,146.38964438203675,146.38964438203675,0.3445604580666891,0.13008130081300814,,,,,,
q,beta_x_dim,4,0.14268678140884683,20.0,,,512.0,,100,1.5535851008546415,1.5535851008546415,0.6229205175600739,0.3894736842105263,,,,,,
q,beta_x_dim,4,0.14268678140884683,20.0,,,512.0,,500,271.93523617681444,271.93523617681444,0.4124447466848011,0.4707070707070707,,,,,,
q,beta_x_dim,5,0.10644876296519895,20.0,,,512.0,,100,2.6711820653375042,2.6224704085193347,0.6765734265734266,0.0,,,,,,
q,beta_x_dim,5,0.10644876296519895,20.0,,,512.0,,500,60.043535382955355,58.635906974103975,0.48553162853297444,0.032388663967611336,,,,,,
q,beta_x_dim,6,0.12019731741215293,20.0,,,512.0,,100,4.36080934916731,4.36080934916731,0.7307001795332136,0.0,,,,,,
q,beta_x_dim,6,0.12019731741215293,20.0,,,512.0,,500,17.15780638673557,17.086495526177387,0.8532296246195469,0.0,,,,,,
q,beta_x_dim,7,0.11257652452691455,20.0,,,512.0,,100,3.1410857009831834,3.1410857009831834,0.7526315789473684,0.1276595744680851,,,,,,
q,beta_x_dim,7,0.11257652452691455,20.0,,,512.0,,500,1.4641606270955605e+37,1.4641606270955605e+37,0.5158249158249159,0.5789473684210527,,,,,,
q,beta_x_dim,8,0.14175730965559552,20.0,,,512.0,,100,6.358741289055938,6.358741289055938,0.5512367491166078,0.34782608695652173,,,,,,
q,beta_x_dim,8,0.14175730965559552,20.0,,,512.0,,500,29.762359816010203,29.762359816010203,0.3186109238031018,0.3699186991869919,,,,,,
q,beta_x_dim,9,0.133041364360873,20.0,,,512.0,,100,0.8028606557130039,0.8028606557130039,0.5569176882661997,0.1935483870967742,,,,,,
q,beta_x_dim,9,0.133041364360873,20.0,,,512.0,,500,11.280852603085721,8.492811667678284,0.6105688320430831,0.25963488843813387,,,,,,
q,beta_x_dim,10,0.11696794879720462,20.0,,,512.0,,100,2.5863933058094974,2.5863933058094974,0.861646234676007,0.07446808510638298,,,,,,
q,beta_x_dim,10,0.11696794879720462,20.0,,,512.0,,500,19.50767759932525,19.196521996314267,0.7590037024570851,0.09919028340080972,,,,,,
q,beta_x_dim,11,0.12460176632558295,20.0,,,512.0,,100,2.4744454591860525,2.4744454591860525,0.8563636363636363,0.3763440860215054,,,,,,
q,beta_x_dim,11,0.12460176632558295,20.0,,,512.0,,500,4.943196700085144e+52,4.943196700085144e+52,0.483728813559322,0.3509127789046653,,,,,,
q,beta_x_dim,12,0.13827661620596518,20.0,,,512.0,,100,2.812988670043587,2.812988670043587,0.49119718309859156,0.3473684210526316,,,,,,
q,beta_x_dim,12,0.13827661620596518,20.0,,,512.0,,500,7.135476755681526e+25,7.135476755681526e+25,0.38712938005390835,0.5151515151515151,,,,,,
q,beta_x_dim,13,0.11962817767956364,20.0,,,512.0,,100,3.236235298681977,3.236235298681977,0.4660714285714286,0.0,,,,,,
q,beta_x_dim,13,0.11962817767956364,20.0,,,512.0,,500,13.761812930699358,13.761812930699358,0.4189189189189189,0.07894736842105263,,,,,,
q,beta_x_dim,14,0.13408705931864914,20.0,,,512.0,,100,24.707952816522912,24.707952816522912,0.9664310954063604,0.9157894736842105,,,,,,
q,beta_x_dim,14,0.13408705931864914,20.0,,,512.0,,500,3.338803935876712e+53,3.338803935876712e+53,0.5856372218476062,0.20404040404040405,,,,,,
q,beta_x_dim,15,0.09673746703633918,20.0,,,512.0,,100,3.3603477426354367,3.3603477426354367,0.47923875432525953,1.0,,,,,,
q,beta_x_dim,15,0.09673746703633918,20.0,,,512.0,,500,32.54600948256951,29.94410169291622,0.43955674949630624,0.9191919191919192,,,,,,
q,beta_x_dim,16,0.11747950139268575,20.0,,,512.0,,100,1.227929301932635,1.2233744510497213,0.7119856887298748,0.0851063829787234,,,,,,
q,beta_x_dim,16,0.11747950139268575,20.0,,,512.0,,500,7.852797231389399,7.852797231389399,0.5880364988171679,0.016194331983805668,,,,,,
q,beta_x_dim,17,0.14178263459597212,20.0,,,512.0,,100,15.845096866947443,15.845096866947443,0.889763779527559,0.8404255319148937,,,,,,
q,beta_x_dim,17,0.14178263459597212,20.0,,,512.0,,500,7.716516375074321e+60,7.716516375074321e+60,0.6062585969738652,0.819838056680162,,,,,,
q,beta_x_dim,18,0.09076250392557922,20.0,,,512.0,,100,1.5606775016595829,1.5606775016595829,0.6283185840707964,0.22580645161290322,,,,,,
q,beta_x_dim,18,0.09076250392557922,20.0,,,512.0,,500,176.94931197502711,176.94931197502711,0.4934232715008432,0.32454361054766734,,,,,,
q,beta_x_dim,19,0.12331536105543583,20.0,,,512.0,,100,3.1502058721423074,3.1502058721423074,0.30755711775043937,0.0,,,,,,
q,beta_x_dim,19,0.12331536105543583,20.0,,,512.0,,500,9.848270853894839,8.922985893768029,0.14819804648029639,0.0,,,,,,
q,beta_x_dim,0,0.08324559249809413,20.0,,,1024.0,,100,2.645300194727643,2.4975327790178743,0.44329896907216493,0.6595744680851063,,,,,,
q,beta_x_dim,0,0.08324559249809413,20.0,,,1024.0,,500,7.96980164570628e+25,7.96980164570628e+25,0.5016767270288397,0.694331983805668,,,,,,
q,beta_x_dim,1,0.09773989892106646,20.0,,,1024.0,,100,3.941772216014586,3.941772216014586,0.19012797074954296,0.5053763440860215,,,,,,
q,beta_x_dim,1,0.09773989892106646,20.0,,,1024.0,,500,32.24066972025442,32.06995174243655,0.2982694265354598,0.3691683569979716,,,,,,
q,beta_x_dim,2,0.09817623108532308,20.0,,,1024.0,,100,3.34624662558477,3.34624662558477,0.6453287197231834,0.28421052631578947,,,,,,
q,beta_x_dim,2,0.09817623108532308,20.0,,,1024.0,,500,5.914283767038767e+38,5.914283767038767e+38,0.4738079247817327,0.10101010101010101,,,,,,
q,beta_x_dim,3,0.12022087397697476,20.0,,,1024.0,,100,1.4375626924952907,1.3468142236424088,0.9367311072056239,0.3978494623655914,,,,,,
q,beta_x_dim,3,0.12022087397697476,20.0,,,1024.0,,500,7.178834056414607,6.820597499832027,0.8006062647356013,0.6490872210953347,,,,,,
q,beta_x_dim,4,0.08582136460463576,20.0,,,1024.0,,100,1.4603694219866794,1.4529823579652668,0.4824399260628466,0.7368421052631579,,,,,,
q,beta_x_dim,4,0.08582136460463576,20.0,,,1024.0,,500,54.24114537900128,54.24114537900128,0.45494729683781027,0.7737373737373737,,,,,,
q,beta_x_dim,5,0.09529049869152607,20.0,,,1024.0,,100,1.050611656875499,1.0477519470034278,0.8548951048951049,0.0,,,,,,
q,beta_x_dim,5,0.09529049869152607,20.0,,,1024.0,,500,5.990924596021412,5.978668166837116,0.3714670255720054,0.0,,,,,,
q,beta_x_dim,6,0.08587568835618739,20.0,,,1024.0,,100,2.676960628656713,2.676960628656713,0.5619389587073609,0.0,,,,,,
q,beta_x_dim,6,0.08587568835618739,20.0,,,1024.0,,500,10.022481605993217,9.95093550551777,0.7575245180926615,0.0,,,,,,
q,beta_x_dim,7,0.08448072310305692,20.0,,,1024.0,,100,6.807291385675055,6.621616356637652,0.5561403508771929,0.24468085106382978,,,,,,
q,beta_x_dim,7,0.08448072310305692,20.0,,,1024.0,,500,67.40728011490378,61.5724447101872,0.4740740740740741,0.21052631578947367,,,,,,
q,beta_x_dim,8,0.0855617921909968,20.0,,,1024.0,,100,1.1837607572164122,1.1837607572164122,0.9681978798586572,0.34782608695652173,,,,,,
q,beta_x_dim,8,0.0855617921909968,20.0,,,1024.0,,500,5.10270134225348,4.038880266814517,0.6574511126095752,0.3780487804878049,,,,,,
q,beta_x_dim,9,0.10035694822361248,20.0,,,1024.0,,100,1.2365740378892947,1.2365740378892947,0.6549912434325744,0.1935483870967742,,,,,,
q,beta_x_dim,9,0.10035694822361248,20.0,,,1024.0,,500,6.041810977960112,6.041810977960112,0.4516997643890946,0.26774847870182555,,,,,,
q,beta_x_dim,10,0.09406626998612011,20.0,,,1024.0,,100,0.8533364503192478,0.8533364503192478,0.6112084063047285,0.07446808510638298,,,,,,
q,beta_x_dim,10,0.09406626998612011,20.0,,,1024.0,,500,9.495293607689398,9.495293607689398,0.5631100639515315,0.09919028340080972,,,,,,
q,beta_x_dim,11,0.09945804358707247,20.0,,,1024.0,,100,1.7382727428989388,1.7382727428989388,0.7818181818181819,0.3763440860215054,,,,,,
q,beta_x_dim,11,0.09945804358707247,20.0,,,1024.0,,500,15.488693711096179,5.818105617700539,0.4406779661016949,0.3509127789046653,,,,,,
q,beta_x_dim,12,0.06626174638131117,20.0,,,1024.0,,100,1.7592446332216483,1.7592446332216483,0.47183098591549294,0.0,,,,,,
q,beta_x_dim,12,0.06626174638131117,20.0,,,1024.0,,500,1.80857158564946e+20,1.80857158564946e+20,0.36017520215633425,0.38181818181818183,,,,,,
q,beta_x_dim,13,0.08761840355965336,20.0,,,1024.0,,100,2.462016755761631,2.462016755761631,0.4303571428571429,1.0,,,,,,
q,beta_x_dim,13,0.08761840355965336,20.0,,,1024.0,,500,15.330589640688363,12.05388965763908,0.4912162162162162,0.9453441295546559,,,,,,
q,beta_x_dim,14,0.09758045951667538,20.0,,,1024.0,,100,0.6208078231927912,0.6208078231927912,0.303886925795053,0.08421052631578947,,,,,,
q,beta_x_dim,14,0.09758045951667538,20.0,,,1024.0,,500,29.04777037586165,29.04777037586165,0.25556304787592715,0.2686868686868687,,,,,,
q,beta_x_dim,15,0.0830707630274445,20.0,,,1024.0,,100,0.7878221648071542,0.7329644434071642,0.5397923875432526,0.0,,,,,,
q,beta_x_dim,15,0.0830707630274445,20.0,,,1024.0,,500,4.577738381152167,4.452364435801359,0.49697783747481533,0.0,,,,,,
q,beta_x_dim,16,0.08225942591702709,20.0,,,1024.0,,100,2.916506991964651,2.916506991964651,0.40250447227191416,0.0851063829787234,,,,,,
q,beta_x_dim,16,0.08225942591702709,20.0,,,1024.0,,500,34.297696405086924,34.297696405086924,0.4312267657992565,0.27125506072874495,,,,,,
q,beta_x_dim,17,0.10326707211743168,20.0,,,1024.0,,100,4.434723070636341,4.434723070636341,0.9330708661417323,0.09574468085106383,,,,,,
q,beta_x_dim,17,0.10326707211743168,20.0,,,1024.0,,500,3.5703700313954895e+42,3.5703700313954895e+42,0.6640302613480055,0.6720647773279352,,,,,,
q,beta_x_dim,18,0.07596835511935024,20.0,,,1024.0,,100,0.905499144845809,0.905499144845809,0.7168141592920354,0.6021505376344086,,,,,,
q,beta_x_dim,18,0.07596835511935024,20.0,,,1024.0,,500,43.9961443683678,43.9961443683678,0.6731871838111299,0.4158215010141988,,,,,,
q,beta_x_dim,19,0.08491267679941217,20.0,,,1024.0,,100,3.382923411617719,3.382923411617719,0.3884007029876977,0.0,,,,,,
q,beta_x_dim,19,0.08491267679941217,20.0,,,1024.0,,500,5.676049014169625,5.676049014169625,0.24991579656449983,0.0,,,,,,
q,beta_x_dim,0,0.059090624581029906,20.0,,,2048.0,,100,1.4634432492892586,1.4634432492892586,0.4948453608247423,0.3829787234042553,,,,,,
q,beta_x_dim,0,0.059090624581029906,20.0,,,2048.0,,500,11.150871163637937,11.150871163637937,0.4409792085848424,0.4149797570850202,,,,,,
q,beta_x_dim,1,0.08055266966973045,20.0,,,2048.0,,100,1.568644533313312,1.568644533313312,0.32541133455210236,0.6559139784946236,,,,,,
q,beta_x_dim,1,0.08055266966973045,20.0,,,2048.0,,500,15.990709506131056,15.990709506131056,0.35188327112317613,0.6754563894523327,,,,,,
q,beta_x_dim,2,0.07384748219446115,20.0,,,2048.0,,100,0.6652413609498431,0.6652413609498431,0.9134948096885813,0.28421052631578947,,,,,,
q,beta_x_dim,2,0.07384748219446115,20.0,,,2048.0,,500,13.73529378859146,13.73529378859146,0.7387508394895903,0.30505050505050507,,,,,,
q,beta_x_dim,3,0.08073623483363201,20.0,,,2048.0,,100,1.0437436687682289,1.036507419853725,0.875219683655536,0.3978494623655914,,,,,,
q,beta_x_dim,3,0.08073623483363201,20.0,,,2048.0,,500,5.047796796076598,5.047796796076598,0.6722802290333446,0.6369168356997972,,,,,,
q,beta_x_dim,12,0.05818847294540117,20.0,,,2048.0,,100,0.5494321111085724,0.5458791089501908,0.8116197183098591,0.3473684210526316,,,,,,
q,beta_x_dim,12,0.05818847294540117,20.0,,,2048.0,,500,25.645257995091345,25.645257995091345,0.6725067385444744,0.2606060606060606,,,,,,
q,beta_x_dim,13,0.04526185428337136,20.0,,,2048.0,,100,3.243323103962758,3.243323103962758,0.44285714285714284,1.0,,,,,,
q,beta_x_dim,13,0.04526185428337136,20.0,,,2048.0,,500,23.849624071207536,23.849624071207536,0.4155405405405405,0.9008097165991903,,,,,,
q,beta_x_dim,14,0.04418282118659875,20.0,,,2048.0,,100,0.8874640066158168,0.8874640066158168,0.7544169611307421,0.08421052631578947,,,,,,
q,beta_x_dim,14,0.04418282118659875,20.0,,,2048.0,,500,4.3407768975592385,4.3407768975592385,0.38401888064733647,0.25252525252525254,,,,,,
q,beta_x_dim,15,0.05860070471225593,20.0,,,2048.0,,100,0.9563586050328411,0.9563586050328411,0.5813148788927336,0.0,,,,,,
q,beta_x_dim,15,0.05860070471225593,20.0,,,2048.0,,500,6.308870200495697,6.176616249811991,0.45601074546675624,0.0,,,,,,
q,beta_x_dim,8,0.07644644262105851,20.0,,,2048.0,,100,2.2399782993450645,2.2399782993450645,0.6448763250883393,0.34782608695652173,,,,,,
q,beta_x_dim,8,0.07644644262105851,20.0,,,2048.0,,500,17.6303965582162,16.531806050554252,0.3047875927174646,0.3597560975609756,,,,,,
q,beta_x_dim,9,0.061198522080877185,20.0,,,2048.0,,100,0.7927850102100548,0.7927850102100548,0.6987740805604203,0.45161290322580644,,,,,,
q,beta_x_dim,9,0.061198522080877185,20.0,,,2048.0,,500,21.045479477004086,21.045479477004086,0.6004712218108381,0.5801217038539553,,,,,,
q,beta_x_dim,10,0.06791061362301604,20.0,,,2048.0,,100,0.5481529477848455,0.547047937413801,0.6147110332749562,0.07446808510638298,,,,,,
q,beta_x_dim,10,0.06791061362301604,20.0,,,2048.0,,500,3.8888188098435923,3.8888188098435923,0.41703130259171994,0.09919028340080972,,,,,,
q,beta_x_dim,11,0.0651762981409896,20.0,,,2048.0,,100,1.473868272135792,1.473868272135792,0.6672727272727272,0.3763440860215054,,,,,,
q,beta_x_dim,11,0.0651762981409896,20.0,,,2048.0,,500,17.484204833579604,15.704690054898663,0.39932203389830506,0.3184584178498986,,,,,,
q,beta_x_dim,16,0.06637721883856795,20.0,,,2048.0,,100,1.6742574527206142,1.6742574527206142,0.6046511627906976,0.48936170212765956,,,,,,
q,beta_x_dim,16,0.06637721883856795,20.0,,,2048.0,,500,8.444709727217347,8.444709727217347,0.5441027374112876,0.46153846153846156,,,,,,
q,beta_x_dim,17,0.05991551191793955,20.0,,,2048.0,,100,4.145014261955484,4.145014261955484,0.7224409448818898,0.8404255319148937,,,,,,
q,beta_x_dim,17,0.05991551191793955,20.0,,,2048.0,,500,302395569.9607283,302395569.9607283,0.6289546079779917,0.7145748987854251,,,,,,
q,beta_x_dim,18,0.052856994997082754,20.0,,,2048.0,,100,0.6468878127824388,0.6468878127824388,0.6513274336283186,0.6344086021505376,,,,,,
q,beta_x_dim,18,0.052856994997082754,20.0,,,2048.0,,500,10.62091729237293,10.62091729237293,0.7743676222596965,0.5578093306288032,,,,,,
q,beta_x_dim,19,0.059753300342751677,20.0,,,2048.0,,100,1.6987056339996451,1.6987056339996451,0.5202108963093146,0.0,,,,,,
q,beta_x_dim,19,0.059753300342751677,20.0,,,2048.0,,500,8.092146954665855,8.0300603280709,0.27484001347254966,0.0,,,,,,
q,beta_x_dim,4,0.05515853143171012,20.0,,,2048.0,,100,1.360136073524579,1.360136073524579,0.5822550831792976,0.35789473684210527,,,,,,
q,beta_x_dim,4,0.05515853143171012,20.0,,,2048.0,,500,45.635769251411865,44.82071027301048,0.48860931655899353,0.5393939393939394,,,,,,
q,beta_x_dim,5,0.0692130486304319,20.0,,,2048.0,,100,1.3798918109109966,1.3798918109109966,0.5192307692307693,0.2553191489361702,,,,,,
q,beta_x_dim,5,0.0692130486304319,20.0,,,2048.0,,500,7.629208438314242,7.629208438314242,0.4199192462987887,0.16396761133603238,,,,,,
q,beta_x_dim,6,0.07173439740735219,20.0,,,2048.0,,100,1.5874395850034104,1.5874395850034104,0.49371633752244165,0.03225806451612903,,,,,,
q,beta_x_dim,6,0.07173439740735219,20.0,,,2048.0,,500,8.200477099230756,8.200477099230756,0.5877578626986811,0.09939148073022312,,,,,,
q,beta_x_dim,7,0.062214420133965206,20.0,,,2048.0,,100,3.2013065478863094,3.2013065478863094,0.643859649122807,0.0,,,,,,
q,beta_x_dim,7,0.062214420133965206,20.0,,,2048.0,,500,10.8909364491782,10.840669803900076,0.4026936026936027,0.02834008097165992,,,,,,
q,beta_x_dim,0,0.05281229448753218,20.0,,,4096.0,,100,0.7905274875207094,0.7905274875207094,0.6752577319587629,0.6914893617021277,,,,,,
q,beta_x_dim,0,0.05281229448753218,20.0,,,4096.0,,500,6.052082813873421,6.052082813873421,0.48390342052313884,0.5668016194331984,,,,,,
q,beta_x_dim,1,0.03323375362264121,20.0,,,4096.0,,100,1.0646048452259644,1.0646048452259644,0.33455210237659966,0.5591397849462365,,,,,,
q,beta_x_dim,1,0.03323375362264121,20.0,,,4096.0,,500,4.520313129495735,4.520313129495735,0.333559552086868,0.5476673427991886,,,,,,
q,beta_x_dim,2,0.04517439621719188,20.0,,,4096.0,,100,1.3943425930369053,1.3943425930369053,0.8183391003460208,0.28421052631578947,,,,,,
q,beta_x_dim,2,0.04517439621719188,20.0,,,4096.0,,500,8.523125153211957,8.523125153211957,0.6561450638012088,0.30505050505050507,,,,,,
q,beta_x_dim,3,0.0427116544627979,20.0,,,4096.0,,100,0.7230869245642785,0.7224187300158768,0.9332161687170475,0.23655913978494625,,,,,,
q,beta_x_dim,3,0.0427116544627979,20.0,,,4096.0,,500,3.168241818382575,3.168241818382575,0.8420343550016841,0.37322515212981744,,,,,,
q,beta_x_dim,8,0.054383597927018135,20.0,,,4096.0,,100,1.6581459054719827,1.6581459054719827,0.6466431095406361,0.34782608695652173,,,,,,
q,beta_x_dim,8,0.054383597927018135,20.0,,,4096.0,,500,7.715315481535004,7.715315481535004,0.4133513149022252,0.37398373983739835,,,,,,
q,beta_x_dim,9,0.03765310937715849,20.0,,,4096.0,,100,0.6017044600697719,0.5472285231452505,0.6339754816112084,0.1935483870967742,,,,,,
q,beta_x_dim,9,0.03765310937715849,20.0,,,4096.0,,500,11.15964473384261,10.848414439074062,0.5792662403231236,0.5699797160243407,,,,,,
q,beta_x_dim,10,0.04683774768564616,20.0,,,4096.0,,100,1.2496356462058662,1.2496356462058662,0.425569176882662,0.07446808510638298,,,,,,
q,beta_x_dim,10,0.04683774768564616,20.0,,,4096.0,,500,6.847718146179452,6.847718146179452,0.5604173678895995,0.09919028340080972,,,,,,
q,beta_x_dim,11,0.05217513828362287,20.0,,,4096.0,,100,1.1929868641153838,1.1929868641153838,0.6618181818181819,0.3763440860215054,,,,,,
q,beta_x_dim,11,0.05217513828362287,20.0,,,4096.0,,500,4.548074867327382,4.548074867327382,0.6328813559322034,0.3509127789046653,,,,,,
q,beta_x_dim,4,0.040015870266180115,20.0,,,4096.0,,100,1.3423108088647453,1.3423108088647453,0.3179297597042514,0.35789473684210527,,,,,,
q,beta_x_dim,4,0.040015870266180115,20.0,,,4096.0,,500,8.703478111432904,8.675252506427615,0.2767766065963958,0.35555555555555557,,,,,,
q,beta_x_dim,5,0.03709134647177847,20.0,,,4096.0,,100,1.7837835090445107,1.7754122819163194,0.45104895104895104,0.22340425531914893,,,,,,
q,beta_x_dim,5,0.03709134647177847,20.0,,,4096.0,,500,5.399009631777361,5.336381836834072,0.3024899057873486,0.11538461538461539,,,,,,
q,beta_x_dim,6,0.04794923215448047,20.0,,,4096.0,,100,2.539632778430436,2.539632778430436,0.6696588868940754,0.03225806451612903,,,,,,
q,beta_x_dim,6,0.04794923215448047,20.0,,,4096.0,,500,8.41981667848815,8.084181000381653,0.596550557997971,0.31237322515212984,,,,,,
q,beta_x_dim,7,0.038538289652744306,20.0,,,4096.0,,100,1.4266942169700756,1.2201531292523151,0.743859649122807,0.8723404255319149,,,,,,
q,beta_x_dim,7,0.038538289652744306,20.0,,,4096.0,,500,5.564943943906225,5.514904168359095,0.4730639730639731,0.7935222672064778,,,,,,
q,beta_x_dim,12,0.037527120712285596,20.0,,,4096.0,,100,0.5036012909345133,0.5036012909345133,0.8626760563380281,0.3473684210526316,,,,,,
q,beta_x_dim,12,0.037527120712285596,20.0,,,4096.0,,500,2.3178411696050025,2.3178411696050025,0.6971024258760108,0.4121212121212121,,,,,,
q,beta_x_dim,13,0.03611361544770655,20.0,,,4096.0,,100,2.203908642054445,2.203908642054445,0.6553571428571429,0.3191489361702128,,,,,,
q,beta_x_dim,13,0.03611361544770655,20.0,,,4096.0,,500,6.39729544784676,6.39729544784676,0.5260135135135136,0.2773279352226721,,,,,,
q,beta_x_dim,14,0.046207983078083464,20.0,,,4096.0,,100,1.6711324716426945,1.6711324716426945,0.823321554770318,0.9157894736842105,,,,,,
q,beta_x_dim,14,0.046207983078083464,20.0,,,4096.0,,500,21.268802948664806,21.268802948664806,0.48954821308159135,0.7313131313131314,,,,,,
q,beta_x_dim,15,0.041232563561755656,20.0,,,4096.0,,100,0.8091829870736934,0.8091829870736934,0.5761245674740484,0.0,,,,,,
q,beta_x_dim,15,0.041232563561755656,20.0,,,4096.0,,500,4.259010923737468,3.769619142820484,0.599395567494963,0.05454545454545454,,,,,,
q,beta_x_dim,16,0.04797270734396558,20.0,,,4096.0,,100,1.583069708633706,1.583069708633706,0.46153846153846156,0.6170212765957447,,,,,,
q,beta_x_dim,16,0.04797270734396558,20.0,,,4096.0,,500,7.099110717658392,7.099110717658392,0.3514700912470429,0.7327935222672065,,,,,,
q,beta_x_dim,17,0.0520924933809918,20.0,,,4096.0,,100,0.8729330975100005,0.8728144779655717,0.84251968503937,0.0,,,,,,
q,beta_x_dim,17,0.0520924933809918,20.0,,,4096.0,,500,3.808836044538332,3.808836044538332,0.5488308115543329,0.0,,,,,,
q,beta_x_dim,18,0.04858823919892398,20.0,,,4096.0,,100,0.7159874617163611,0.7159874617163611,0.5026548672566372,0.22580645161290322,,,,,,
q,beta_x_dim,18,0.04858823919892398,20.0,,,4096.0,,500,4.274750263447068,4.274750263447068,0.527487352445194,0.359026369168357,,,,,,
q,beta_x_dim,19,0.03839218641664325,20.0,,,4096.0,,100,1.4684707511727686,1.4684707511727686,0.5518453427065027,0.0,,,,,,
q,beta_x_dim,19,0.03839218641664325,20.0,,,4096.0,,500,5.581238239885863,5.5195497576810695,0.30751094644661503,0.0,,,,,,
q,beta_x_dim,0,0.028866620553621138,20.0,,,8192.0,,100,1.119662609702036,1.119662609702036,0.6082474226804123,0.5957446808510638,,,,,,
q,beta_x_dim,0,0.028866620553621138,20.0,,,8192.0,,500,6.221732957615955,6.221732957615955,0.4862508383635144,0.5465587044534413,,,,,,
q,beta_x_dim,1,0.027164945974240972,20.0,,,8192.0,,100,0.9558998527005623,0.9558998527005623,0.5283363802559415,0.5591397849462365,,,,,,
q,beta_x_dim,1,0.027164945974240972,20.0,,,8192.0,,500,4.727714290399342,4.708712179302345,0.505259586019681,0.5476673427991886,,,,,,
q,beta_x_dim,2,0.03716655524101822,20.0,,,8192.0,,100,0.7918896572384964,0.7507529290051832,0.8235294117647058,0.28421052631578947,,,,,,
q,beta_x_dim,2,0.03716655524101822,20.0,,,8192.0,,500,4.614622451852674,4.614622451852674,0.6850235057085292,0.30505050505050507,,,,,,
q,beta_x_dim,3,0.02553517333602458,20.0,,,8192.0,,100,0.9804895515930081,0.9786112592070553,0.6994727592267135,0.23655913978494625,,,,,,
q,beta_x_dim,3,0.02553517333602458,20.0,,,8192.0,,500,3.1154411027178748,3.1154411027178748,0.4937689457729875,0.29411764705882354,,,,,,
q,beta_x_dim,4,0.03548757067847358,20.0,,,8192.0,,100,1.2549875960785952,1.2549875960785952,0.6247689463955638,0.35789473684210527,,,,,,
q,beta_x_dim,4,0.03548757067847358,20.0,,,8192.0,,500,7.8597867728057,7.8597867728057,0.6453587215232914,0.32323232323232326,,,,,,
q,beta_x_dim,5,0.02467790949675192,20.0,,,8192.0,,100,1.00192063927794,0.999242950887753,0.8391608391608392,0.2553191489361702,,,,,,
q,beta_x_dim,5,0.02467790949675192,20.0,,,8192.0,,500,16.91252125319255,16.91252125319255,0.7244279946164199,0.37044534412955465,,,,,,
q,beta_x_dim,6,0.040807936685536825,20.0,,,8192.0,,100,2.0401605878905755,2.0401605878905755,0.703770197486535,0.7096774193548387,,,,,,
q,beta_x_dim,6,0.040807936685536825,20.0,,,8192.0,,500,13.27800745376507,13.27800745376507,0.6567467027392627,0.7058823529411765,,,,,,
q,beta_x_dim,7,0.03155187508608768,20.0,,,8192.0,,100,1.0882697054523203,1.0882697054523203,0.6684210526315789,0.8723404255319149,,,,,,
q,beta_x_dim,7,0.03155187508608768,20.0,,,8192.0,,500,5.469066319466227,5.461873240994487,0.5713804713804714,0.8259109311740891,,,,,,
q,beta_x_dim,12,0.02891391267793012,20.0,,,8192.0,,100,0.9192929625257618,0.9192929625257618,0.8397887323943662,0.3473684210526316,,,,,,
q,beta_x_dim,12,0.02891391267793012,20.0,,,8192.0,,500,2.6837294697153142,2.6837294697153142,0.6145552560646901,0.4121212121212121,,,,,,
q,beta_x_dim,13,0.02820747812109664,20.0,,,8192.0,,100,2.609562960463756,2.609562960463756,0.8339285714285715,0.7659574468085106,,,,,,
q,beta_x_dim,13,0.02820747812109664,20.0,,,8192.0,,500,10.621424122387038,9.485994661824147,0.7807432432432433,0.6659919028340081,,,,,,
q,beta_x_dim,14,0.031186330221094197,20.0,,,8192.0,,100,1.1579095257255825,1.1579095257255825,0.7773851590106007,0.9157894736842105,,,,,,
q,beta_x_dim,14,0.031186330221094197,20.0,,,8192.0,,500,4.007172219711292,4.007172219711292,0.31591368846931894,0.705050505050505,,,,,,
q,beta_x_dim,15,0.03410922937317396,20.0,,,8192.0,,100,0.7187018275236484,0.718081451656485,0.8235294117647058,0.0,,,,,,
q,beta_x_dim,15,0.03410922937317396,20.0,,,8192.0,,500,2.984541504959707,2.984541504959707,0.6134989926124916,0.0,,,,,,
q,beta_x_dim,8,0.03978782272341987,20.0,,,8192.0,,100,2.0838121229983972,2.0838121229983972,0.4840989399293286,0.8695652173913043,,,,,,
q,beta_x_dim,8,0.03978782272341987,20.0,,,8192.0,,500,13.265595707179012,13.165164410307048,0.5350640593391773,0.9410569105691057,,,,,,
q,beta_x_dim,9,0.026488447237678032,20.0,,,8192.0,,100,0.7098377347225644,0.7098377347225644,0.4973730297723292,0.1935483870967742,,,,,,
q,beta_x_dim,9,0.026488447237678032,20.0,,,8192.0,,500,4.362901125476984,4.362901125476984,0.47694378996970715,0.25963488843813387,,,,,,
q,beta_x_dim,10,0.03463519326633877,20.0,,,8192.0,,100,0.9531555070190186,0.9531555070190186,0.7162872154115587,0.2978723404255319,,,,,,
q,beta_x_dim,10,0.03463519326633877,20.0,,,8192.0,,500,3.5688979884764387,3.5641126128967504,0.7627061595422416,0.3765182186234818,,,,,,
q,beta_x_dim,11,0.026055525657738363,20.0,,,8192.0,,100,1.1143607399494435,1.108038443246383,0.5236363636363637,0.08602150537634409,,,,,,
q,beta_x_dim,11,0.026055525657738363,20.0,,,8192.0,,500,4.568411612952664,4.568411612952664,0.5464406779661017,0.22515212981744423,,,,,,
q,beta_x_dim,8,0.021030588042434514,20.0,,,16384.0,,100,0.6886288648364388,0.6886288648364388,0.17491166077738515,0.6521739130434783,,,,,,
q,beta_x_dim,8,0.021030588042434514,20.0,,,16384.0,,500,3.7412267885917694,3.7412267885917694,0.27815239379635875,0.4024390243902439,,,,,,
q,beta_x_dim,9,0.019728356009054288,20.0,,,16384.0,,100,0.6562747202475911,0.6560479536648183,0.6182136602451839,0.45161290322580644,,,,,,
q,beta_x_dim,9,0.019728356009054288,20.0,,,16384.0,,500,2.2112811468673064,2.2112811468673064,0.7418377650622686,0.5740365111561866,,,,,,
q,beta_x_dim,10,0.022361935486372143,20.0,,,16384.0,,100,1.0273543271601009,1.0273543271601009,0.5989492119089317,0.2978723404255319,,,,,,
q,beta_x_dim,10,0.022361935486372143,20.0,,,16384.0,,500,3.6836903839344295,3.6836903839344295,0.4315045439246045,0.3866396761133603,,,,,,
q,beta_x_dim,11,0.02310508513733857,20.0,,,16384.0,,100,0.8761410224894606,0.8622215366723645,0.8345454545454546,0.3763440860215054,,,,,,
q,beta_x_dim,11,0.02310508513733857,20.0,,,16384.0,,500,3.05437025971651,3.05437025971651,0.6959322033898305,0.3509127789046653,,,,,,
q,beta_x_dim,4,0.02302125399812299,20.0,,,16384.0,,100,1.129652341467134,1.1144387581578572,0.4787430683918669,0.35789473684210527,,,,,,
q,beta_x_dim,4,0.02302125399812299,20.0,,,16384.0,,500,4.003184529044953,4.001955666389605,0.49608976538592314,0.3575757575757576,,,,,,
q,beta_x_dim,5,0.018059158472521004,20.0,,,16384.0,,100,0.9126367737046133,0.9126367737046133,0.708041958041958,0.07446808510638298,,,,,,
q,beta_x_dim,5,0.018059158472521004,20.0,,,16384.0,,500,4.201775207295187,4.171230226615068,0.6857335127860027,0.11133603238866396,,,,,,
q,beta_x_dim,6,0.02108045085739379,20.0,,,16384.0,,100,1.4129237629262905,1.4129237629262905,0.7091561938958707,0.27956989247311825,,,,,,
q,beta_x_dim,6,0.02108045085739379,20.0,,,16384.0,,500,5.961564358812478,5.908225154197922,0.47954007439972945,0.24949290060851928,,,,,,
q,beta_x_dim,7,0.021431309877788803,20.0,,,16384.0,,100,1.1172404611809665,1.1138529750716735,0.8140350877192982,0.8723404255319149,,,,,,
q,beta_x_dim,7,0.021431309877788803,20.0,,,16384.0,,500,3.8894190807435622,3.8894190807435622,0.6276094276094276,0.8603238866396761,,,,,,
q,beta_x_dim,16,0.01658465602098674,20.0,,,16384.0,,100,1.3581105621296399,1.3581105621296399,0.6601073345259392,0.4574468085106383,,,,,,
q,beta_x_dim,16,0.01658465602098674,20.0,,,16384.0,,500,5.959588088213448,5.959588088213448,0.6133828996282528,0.31983805668016196,,,,,,
q,beta_x_dim,17,0.019897017393780598,20.0,,,16384.0,,100,1.309531875347834,1.309531875347834,0.7086614173228346,0.0,,,,,,
q,beta_x_dim,17,0.019897017393780598,20.0,,,16384.0,,500,5.25865281765055,5.166440698000796,0.46698762035763414,0.0708502024291498,,,,,,
q,beta_x_dim,18,0.020865285810528867,20.0,,,16384.0,,100,0.6442125568700053,0.6442125568700053,0.7858407079646018,0.5913978494623656,,,,,,
q,beta_x_dim,18,0.020865285810528867,20.0,,,16384.0,,500,4.838736906575198,4.838736906575198,0.842495784148398,0.5943204868154158,,,,,,
q,beta_x_dim,19,0.021465321221595654,20.0,,,16384.0,,100,1.0342531844551708,1.0342531844551708,0.4956063268892794,0.40217391304347827,,,,,,
q,beta_x_dim,19,0.021465321221595654,20.0,,,16384.0,,500,5.598638232513587,5.595076571023589,0.47052879757494104,0.5609756097560976,,,,,,
q,beta_x_dim,0,0.475488624112919,50.0,,,32.0,,100,3.911957975259193e+54,3.911957975259193e+54,0.38316151202749144,0.1702127659574468,,,,,,
q,beta_x_dim,0,0.475488624112919,50.0,,,32.0,,500,inf,inf,,,,,,,,
q,beta_x_dim,1,0.40812779004929994,50.0,,,32.0,,100,8.896663547699052e+47,8.896663547699052e+47,0.3272394881170018,0.3870967741935484,,,,,,
q,beta_x_dim,1,0.40812779004929994,50.0,,,32.0,,500,1.4344441832152822e+259,1.4344441832152822e+259,0.3172718018323719,0.3995943204868154,,,,,,
q,beta_x_dim,2,0.4730093470080129,50.0,,,32.0,,100,76.87902946562558,76.87902946562558,0.6418685121107266,0.28421052631578947,,,,,,
q,beta_x_dim,2,0.4730093470080129,50.0,,,32.0,,500,1.0345112943414428e+33,1.0345112943414428e+33,0.3247145735392881,0.30303030303030304,,,,,,
q,beta_x_dim,3,0.4466934199958885,50.0,,,32.0,,100,30.19835700712407,30.19835700712407,0.44112478031634444,0.23655913978494625,,,,,,
q,beta_x_dim,3,0.4466934199958885,50.0,,,32.0,,500,3.294985090345498e+20,3.294985090345498e+20,0.34253957561468507,0.2535496957403651,,,,,,
q,beta_x_dim,16,0.02684107057175928,20.0,,,8192.0,,100,1.723315643068644,1.7225526496239563,0.778175313059034,0.43617021276595747,,,,,,
q,beta_x_dim,16,0.02684107057175928,20.0,,,8192.0,,500,5.52201474477273,5.52201474477273,0.40419060493409936,0.4230769230769231,,,,,,
q,beta_x_dim,17,0.028838512097342273,20.0,,,8192.0,,100,1.4476371492041944,1.4476371492041944,0.6358267716535433,0.6808510638297872,,,,,,
q,beta_x_dim,17,0.028838512097342273,20.0,,,8192.0,,500,7.308191948129183,7.058875406267793,0.5392022008253095,0.6255060728744939,,,,,,
q,beta_x_dim,18,0.032469723871153267,20.0,,,8192.0,,100,0.6372386374036613,0.6372386374036613,0.431858407079646,0.2903225806451613,,,,,,
q,beta_x_dim,18,0.032469723871153267,20.0,,,8192.0,,500,4.738688186653827,4.738688186653827,0.711973018549747,0.6470588235294118,,,,,,
q,beta_x_dim,19,0.032297817379372595,20.0,,,8192.0,,100,1.4730501477660727,1.4730501477660727,0.5131810193321616,0.0,,,,,,
q,beta_x_dim,19,0.032297817379372595,20.0,,,8192.0,,500,4.97439033306398,4.897015070396074,0.2515998652745032,0.0,,,,,,
q,beta_x_dim,0,0.020356989468909358,20.0,,,16384.0,,100,0.9420122056024307,0.9405728640033606,0.6202749140893471,0.648936170212766,,,,,,
q,beta_x_dim,0,0.020356989468909358,20.0,,,16384.0,,500,4.412068341565895,4.412068341565895,0.44835680751173707,0.7125506072874493,,,,,,
q,beta_x_dim,1,0.01807625432089983,20.0,,,16384.0,,100,0.9643990128249516,0.9643990128249516,0.6837294332723949,0.5053763440860215,,,,,,
q,beta_x_dim,1,0.01807625432089983,20.0,,,16384.0,,500,4.062697023830587,4.062697023830587,0.6314896504920258,0.385395537525355,,,,,,
q,beta_x_dim,2,0.02140292876780509,20.0,,,16384.0,,100,0.9533085251041093,0.9533085251041093,0.6885813148788927,0.28421052631578947,,,,,,
q,beta_x_dim,2,0.02140292876780509,20.0,,,16384.0,,500,4.525334627626122,4.525334627626122,0.42343854936198794,0.30505050505050507,,,,,,
q,beta_x_dim,3,0.018745583527260273,20.0,,,16384.0,,100,0.6574843434862233,0.6574843434862233,0.9261862917398945,0.23655913978494625,,,,,,
q,beta_x_dim,3,0.018745583527260273,20.0,,,16384.0,,500,3.757463351206744,3.757463351206744,0.6857527787133715,0.2738336713995943,,,,,,
q,beta_x_dim,12,0.02699076211395584,20.0,,,16384.0,,100,1.034787519364019,1.0308477187251164,0.7535211267605634,0.3473684210526316,,,,,,
q,beta_x_dim,12,0.02699076211395584,20.0,,,16384.0,,500,3.046890583917939,3.046890583917939,0.4925876010781671,0.4121212121212121,,,,,,
q,beta_x_dim,13,0.025830793140590433,20.0,,,16384.0,,100,1.1520576966452336,1.1520576966452336,0.8339285714285715,1.0,,,,,,
q,beta_x_dim,13,0.025830793140590433,20.0,,,16384.0,,500,3.012323362216873,2.7042689565334874,0.7702702702702703,0.9696356275303644,,,,,,
q,beta_x_dim,14,0.020659419161738583,20.0,,,16384.0,,100,0.8601165088904869,0.8601165088904869,0.6749116607773852,0.9157894736842105,,,,,,
q,beta_x_dim,14,0.020659419161738583,20.0,,,16384.0,,500,2.9954823936660944,2.9662151581729543,0.5124747134187457,0.6848484848484848,,,,,,
q,beta_x_dim,15,0.026925567045706686,20.0,,,16384.0,,100,0.9382973010123811,0.9382973010123811,0.6816608996539792,0.0,,,,,,
q,beta_x_dim,15,0.026925567045706686,20.0,,,16384.0,,500,3.5439311008926815,3.5439311008926815,0.5241773002014775,0.0,,,,,,
q,beta_x_dim,12,0.5218634903299535,50.0,,,32.0,,100,7.085324654548017e+37,7.085324654548017e+37,0.426056338028169,0.29473684210526313,,,,,,
q,beta_x_dim,12,0.5218634903299535,50.0,,,32.0,,500,inf,inf,,,,,,,,
q,beta_x_dim,13,0.42062264887055334,50.0,,,32.0,,100,58.64039353954098,58.64039353954098,0.2642857142857143,0.0851063829787234,,,,,,
q,beta_x_dim,13,0.42062264887055334,50.0,,,32.0,,500,1.2900277843081626e+209,1.2900277843081626e+209,0.6611486486486486,0.8036437246963563,,,,,,
q,beta_x_dim,14,0.4990514455594063,50.0,,,32.0,,100,5.805874370704884e+28,5.805874370704884e+28,0.49646643109540634,0.08421052631578947,,,,,,
q,beta_x_dim,14,0.4990514455594063,50.0,,,32.0,,500,1.191969839423877e+148,1.191969839423877e+148,0.37862440997977076,0.01616161616161616,,,,,,
q,beta_x_dim,15,0.47267108630892485,50.0,,,32.0,,100,1917922667460.0684,1917922667460.0684,0.49653979238754326,0.042105263157894736,,,,,,
q,beta_x_dim,15,0.47267108630892485,50.0,,,32.0,,500,2.1524033832750064e+64,2.1524033832750064e+64,0.503693754197448,0.2080808080808081,,,,,,
q,beta_x_dim,4,0.5533154376476055,50.0,,,32.0,,100,287.4375789149961,287.4375789149961,0.31608133086876156,0.2,,,,,,
q,beta_x_dim,4,0.5533154376476055,50.0,,,32.0,,500,6551.728785251462,6551.728785251462,0.28357701462087725,0.47474747474747475,,,,,,
q,beta_x_dim,5,0.37342721982998295,50.0,,,32.0,,100,1.1580362470193981,1.1580362470193981,0.4458041958041958,0.9893617021276596,,,,,,
q,beta_x_dim,5,0.37342721982998295,50.0,,,32.0,,500,3.3443851686806116,3.3443851686806116,0.21601615074024227,0.9979757085020243,,,,,,
q,beta_x_dim,6,0.42978362336359666,50.0,,,32.0,,100,73700.43586192955,73700.43586192955,0.6337522441651705,0.0,,,,,,
q,beta_x_dim,6,0.42978362336359666,50.0,,,32.0,,500,3.4820788333672673e+47,3.4820788333672673e+47,0.628339533310788,0.0,,,,,,
q,beta_x_dim,7,0.44008905448805447,50.0,,,32.0,,100,1.5948453560336877e+43,1.5948453560336877e+43,0.47192982456140353,0.06382978723404255,,,,,,
q,beta_x_dim,7,0.44008905448805447,50.0,,,32.0,,500,1.0435294158393999e+269,1.0435294158393999e+269,0.502020202020202,0.012145748987854251,,,,,,
q,beta_x_dim,8,0.43855644177086944,50.0,,,32.0,,100,2.129510997930405e+17,2.129510997930405e+17,0.42402826855123676,0.010869565217391304,,,,,,
q,beta_x_dim,8,0.43855644177086944,50.0,,,32.0,,500,1.6908605334999634e+113,1.6908605334999634e+113,0.33715441672285906,0.0020325203252032522,,,,,,
q,beta_x_dim,9,0.41686723547078175,50.0,,,32.0,,100,2133.3836684211756,2133.3836684211756,0.38353765323992994,0.24731182795698925,,,,,,
q,beta_x_dim,9,0.41686723547078175,50.0,,,32.0,,500,1622770621652.1287,1622770621652.1287,0.35610905419050826,0.2778904665314402,,,,,,
q,beta_x_dim,10,0.4462354434217582,50.0,,,32.0,,100,93858.34266388149,93858.34266388149,0.4168126094570928,0.3617021276595745,,,,,,
q,beta_x_dim,10,0.4462354434217582,50.0,,,32.0,,500,7.944812765624133e+57,7.944812765624133e+57,0.46516324469875464,0.5364372469635628,,,,,,
q,beta_x_dim,11,0.3453439906042841,50.0,,,32.0,,100,4.072998842853617e+20,4.072998842853617e+20,0.3563636363636364,0.3655913978494624,,,,,,
q,beta_x_dim,11,0.3453439906042841,50.0,,,32.0,,500,4.625271781921434e+139,4.625271781921434e+139,0.3264406779661017,0.3488843813387424,,,,,,
q,beta_x_dim,16,0.45145873378777773,50.0,,,32.0,,100,3.45408931153945e+22,3.45408931153945e+22,0.22182468694096602,0.4148936170212766,,,,,,
q,beta_x_dim,16,0.45145873378777773,50.0,,,32.0,,500,9.428227945438006e+135,9.428227945438006e+135,0.27137546468401486,0.520242914979757,,,,,,
q,beta_x_dim,17,0.4502359836938825,50.0,,,32.0,,100,12596.146225246806,12596.146225246806,0.44881889763779526,0.09574468085106383,,,,,,
q,beta_x_dim,17,0.4502359836938825,50.0,,,32.0,,500,6.992328462138489e+35,6.992328462138489e+35,0.3425034387895461,0.018218623481781375,,,,,,
q,beta_x_dim,18,0.5626601659757056,50.0,,,32.0,,100,2.341170297637195e+38,2.341170297637195e+38,0.3433628318584071,0.22580645161290322,,,,,,
q,beta_x_dim,18,0.5626601659757056,50.0,,,32.0,,500,7.41064466984648e+180,7.41064466984648e+180,0.3281618887015177,0.3184584178498986,,,,,,
q,beta_x_dim,19,0.41077051363789985,50.0,,,32.0,,100,31385064919091.605,31385064919091.605,0.40597539543058,0.8043478260869565,,,,,,
q,beta_x_dim,19,0.41077051363789985,50.0,,,32.0,,500,3.835204236071654e+90,3.835204236071654e+90,0.4813068373189626,0.8556910569105691,,,,,,
q,beta_x_dim,0,0.3221759901052828,50.0,,,64.0,,100,5.931538001334156e+28,5.931538001334156e+28,0.41237113402061853,0.14893617021276595,,,,,,
q,beta_x_dim,0,0.3221759901052828,50.0,,,64.0,,500,3.376189715025001e+174,3.376189715025001e+174,0.38329979879275655,0.04251012145748988,,,,,,
q,beta_x_dim,1,0.29558078375967123,50.0,,,64.0,,100,1.0373869422682216e+22,1.0373869422682216e+22,0.3473491773308958,0.3870967741935484,,,,,,
q,beta_x_dim,1,0.29558078375967123,50.0,,,64.0,,500,3.4485933400278788e+152,3.4485933400278788e+152,0.33220223956566,0.332657200811359,,,,,,
q,beta_x_dim,2,0.3180382777636512,50.0,,,64.0,,100,4.085261747231444,2.7373830655098694,0.47231833910034604,0.28421052631578947,,,,,,
q,beta_x_dim,2,0.3180382777636512,50.0,,,64.0,,500,2121.4226301693325,2121.4226301693325,0.3572867696440564,0.41818181818181815,,,,,,
q,beta_x_dim,3,0.36692874187724284,50.0,,,64.0,,100,4.197924510191274,4.197924510191274,0.3181019332161687,0.23655913978494625,,,,,,
q,beta_x_dim,3,0.36692874187724284,50.0,,,64.0,,500,3.0196688316181757e+48,3.0196688316181757e+48,0.3448972718086898,0.2961460446247465,,,,,,
q,beta_x_dim,4,0.4116536270898129,50.0,,,64.0,,100,3.7318599806068176,3.14397841232491,0.4436229205175601,0.4105263157894737,,,,,,
q,beta_x_dim,4,0.4116536270898129,50.0,,,64.0,,500,274.78498471339367,250.63648166429067,0.48588915334920096,0.402020202020202,,,,,,
q,beta_x_dim,5,0.29343300693331814,50.0,,,64.0,,100,10.224192839734833,10.12586749441624,0.09615384615384616,0.20212765957446807,,,,,,
q,beta_x_dim,5,0.29343300693331814,50.0,,,64.0,,500,12217752087.28258,12217752087.28258,0.16689098250336473,0.17813765182186234,,,,,,
q,beta_x_dim,6,0.42163379283891284,50.0,,,64.0,,100,13.81442422037911,12.881044084561989,0.39676840215439857,0.0,,,,,,
q,beta_x_dim,6,0.42163379283891284,50.0,,,64.0,,500,5.84312825273077e+64,5.84312825273077e+64,0.4041258031788975,0.0,,,,,,
q,beta_x_dim,7,0.34813570903299706,50.0,,,64.0,,100,369.8069215733775,369.8069215733775,0.5964912280701754,0.13829787234042554,,,,,,
q,beta_x_dim,7,0.34813570903299706,50.0,,,64.0,,500,1.5817003123532685e+100,1.5817003123532685e+100,0.5895622895622895,0.13765182186234817,,,,,,
q,beta_x_dim,12,0.37647967684533196,50.0,,,64.0,,100,16.50596707153382,16.50596707153382,0.31338028169014087,0.3263157894736842,,,,,,
q,beta_x_dim,12,0.37647967684533196,50.0,,,64.0,,500,3.367566784935198e+114,3.367566784935198e+114,0.38712938005390835,0.5111111111111111,,,,,,
q,beta_x_dim,13,0.3272847901693679,50.0,,,64.0,,100,332571461.8234883,332571461.8234883,0.6446428571428572,0.32978723404255317,,,,,,
q,beta_x_dim,13,0.3272847901693679,50.0,,,64.0,,500,6.728718942060849e+177,6.728718942060849e+177,0.6077702702702703,0.868421052631579,,,,,,
q,beta_x_dim,14,0.32643791641323355,50.0,,,64.0,,100,4.1484618521522085,4.1484618521522085,0.3674911660777385,0.2736842105263158,,,,,,
q,beta_x_dim,14,0.32643791641323355,50.0,,,64.0,,500,251.0280115592058,251.0280115592058,0.49696561024949426,0.26262626262626265,,,,,,
q,beta_x_dim,15,0.31240187704456923,50.0,,,64.0,,100,13.654909700235061,13.654909700235061,0.527681660899654,0.0,,,,,,
q,beta_x_dim,15,0.31240187704456923,50.0,,,64.0,,500,7.561594509230899e+21,7.561594509230899e+21,0.5443250503693754,0.7878787878787878,,,,,,
q,beta_x_dim,16,0.3106442961881303,50.0,,,64.0,,100,6874.216732370283,6874.216732370283,0.259391771019678,0.35106382978723405,,,,,,
q,beta_x_dim,16,0.3106442961881303,50.0,,,64.0,,500,155581.46267121477,155581.46267121477,0.31767489016559647,0.3562753036437247,,,,,,
q,beta_x_dim,17,0.33758709179713225,50.0,,,64.0,,100,8.081072705984761,4.639221428505357,0.2874015748031496,0.0,,,,,,
q,beta_x_dim,17,0.33758709179713225,50.0,,,64.0,,500,3.625230953809753e+24,3.625230953809753e+24,0.4580467675378267,0.010121457489878543,,,,,,
q,beta_x_dim,18,0.36277063351344463,50.0,,,64.0,,100,34.30696771400999,21.122445413157056,0.4247787610619469,0.20430107526881722,,,,,,
q,beta_x_dim,18,0.36277063351344463,50.0,,,64.0,,500,1.3199748014175085e+21,1.3199748014175085e+21,0.38684654300168636,0.31237322515212984,,,,,,
q,beta_x_dim,19,0.27197824426002815,50.0,,,64.0,,100,1511.1197207410667,1511.1197207410667,0.3216168717047452,0.14130434782608695,,,,,,
q,beta_x_dim,19,0.27197824426002815,50.0,,,64.0,,500,12037.461955759212,12037.461955759212,0.3310879083866622,0.47764227642276424,,,,,,
q,beta_x_dim,8,0.31157596513111496,50.0,,,64.0,,100,4.2205555679853495,4.2205555679853495,0.4204946996466431,1.0,,,,,,
q,beta_x_dim,8,0.31157596513111496,50.0,,,64.0,,500,601.483631682778,601.483631682778,0.28792987188132163,0.6483739837398373,,,,,,
q,beta_x_dim,9,0.34561243486758075,50.0,,,64.0,,100,38.386035134703455,38.386035134703455,0.3415061295971979,0.1827956989247312,,,,,,
q,beta_x_dim,9,0.34561243486758075,50.0,,,64.0,,500,16229.87255849506,16229.87255849506,0.36788959946146077,0.2697768762677485,,,,,,
q,beta_x_dim,10,0.378879289575792,50.0,,,64.0,,100,154951752.85288465,154951752.85288465,0.4746059544658494,0.39361702127659576,,,,,,
q,beta_x_dim,10,0.378879289575792,50.0,,,64.0,,500,1.617299289725403e+89,1.617299289725403e+89,0.425782564792999,0.5425101214574899,,,,,,
q,beta_x_dim,11,0.32740539883828845,50.0,,,64.0,,100,2759628.4359663045,2759628.4359663045,0.3054545454545455,0.3763440860215054,,,,,,
q,beta_x_dim,11,0.32740539883828845,50.0,,,64.0,,500,1.127870898399268e+111,1.127870898399268e+111,0.3630508474576271,0.3509127789046653,,,,,,
q,beta_x_dim,0,0.2769788139980297,50.0,,,128.0,,100,1.1272475870948704e+17,1.1272475870948704e+17,0.45017182130584193,0.5,,,,,,
q,beta_x_dim,0,0.2769788139980297,50.0,,,128.0,,500,1.4428989979511532e+122,1.4428989979511532e+122,0.4124748490945674,0.3785425101214575,,,,,,
q,beta_x_dim,1,0.2437982963519862,50.0,,,128.0,,100,9.582221319276874,9.582221319276874,0.25045703839122485,0.22580645161290322,,,,,,
q,beta_x_dim,1,0.2437982963519862,50.0,,,128.0,,500,1649.2903225935668,1649.2903225935668,0.3688496776382762,0.2799188640973631,,,,,,
q,beta_x_dim,2,0.24339730327335968,50.0,,,128.0,,100,4.480136956375639,4.288081135182919,0.4429065743944637,0.28421052631578947,,,,,,
q,beta_x_dim,2,0.24339730327335968,50.0,,,128.0,,500,22.718339697384067,21.476046904137583,0.41336467427803897,0.30505050505050507,,,,,,
q,beta_x_dim,3,0.22659351652488344,50.0,,,128.0,,100,3.7847549660680944,3.676659973743076,0.5536028119507909,0.13978494623655913,,,,,,
q,beta_x_dim,3,0.22659351652488344,50.0,,,128.0,,500,7.245189692601262e+18,7.245189692601262e+18,0.37116874368474234,0.29411764705882354,,,,,,
q,beta_x_dim,8,0.21497418970360005,50.0,,,128.0,,100,11.949026509787277,11.949026509787277,0.22968197879858657,0.08695652173913043,,,,,,
q,beta_x_dim,8,0.21497418970360005,50.0,,,128.0,,500,40.109090930213675,40.109090930213675,0.04383007417397168,0.02032520325203252,,,,,,
q,beta_x_dim,9,0.25677513532597473,50.0,,,128.0,,100,3.27997753393726,3.263358046382518,0.38879159369527144,0.1935483870967742,,,,,,
q,beta_x_dim,9,0.25677513532597473,50.0,,,128.0,,500,22589183.812254976,22589183.812254976,0.38370918882531135,0.34279918864097364,,,,,,
q,beta_x_dim,10,0.24864634171425817,50.0,,,128.0,,100,36.53155973872494,32.681963648177394,0.3134851138353765,0.26595744680851063,,,,,,
q,beta_x_dim,10,0.24864634171425817,50.0,,,128.0,,500,3.9478209163659584e+34,3.9478209163659584e+34,0.44867048131942106,0.5020242914979757,,,,,,
q,beta_x_dim,11,0.19742178677610114,50.0,,,128.0,,100,1.6786607644773428,1.6786607644773428,0.6527272727272727,0.08602150537634409,,,,,,
q,beta_x_dim,11,0.19742178677610114,50.0,,,128.0,,500,5.055215002920778e+66,5.055215002920778e+66,0.49457627118644065,0.1257606490872211,,,,,,
q,beta_x_dim,4,0.24637052301705475,50.0,,,128.0,,100,6.687351917396505,6.687351917396505,0.39371534195933455,0.24210526315789474,,,,,,
q,beta_x_dim,4,0.24637052301705475,50.0,,,128.0,,500,372.90658807564955,372.90658807564955,0.34614076844610675,0.4202020202020202,,,,,,
q,beta_x_dim,5,0.20071251771841217,50.0,,,128.0,,100,4.332457623480567,4.332457623480567,0.6503496503496503,0.0,,,,,,
q,beta_x_dim,5,0.20071251771841217,50.0,,,128.0,,500,11.859034752168277,8.605742963020171,0.5534993270524899,0.0,,,,,,
q,beta_x_dim,6,0.2719857913570569,50.0,,,128.0,,100,632.281218818922,632.281218818922,0.4955116696588869,0.43010752688172044,,,,,,
q,beta_x_dim,6,0.2719857913570569,50.0,,,128.0,,500,3.238388378058402e+57,3.238388378058402e+57,0.4802164355765979,0.08113590263691683,,,,,,
q,beta_x_dim,7,0.2114275672740672,50.0,,,128.0,,100,19.543875257666354,18.0532336288905,0.7298245614035088,0.0,,,,,,
q,beta_x_dim,7,0.2114275672740672,50.0,,,128.0,,500,7.571151877347048e+61,7.571151877347048e+61,0.48518518518518516,0.10931174089068826,,,,,,
q,beta_x_dim,16,0.23833394272384162,50.0,,,128.0,,100,7.048671236267707,7.048671236267707,0.38998211091234347,0.0851063829787234,,,,,,
q,beta_x_dim,16,0.23833394272384162,50.0,,,128.0,,500,706.1480779044052,706.1480779044052,0.36160865157147687,0.05465587044534413,,,,,,
q,beta_x_dim,17,0.18109927793474564,50.0,,,128.0,,100,1.2946072949350051e+17,1.2946072949350051e+17,0.6535433070866141,0.10638297872340426,,,,,,
q,beta_x_dim,17,0.18109927793474564,50.0,,,128.0,,500,6.695173938238125e+140,6.695173938238125e+140,0.6045392022008254,0.020242914979757085,,,,,,
q,beta_x_dim,18,0.31053197415363676,50.0,,,128.0,,100,4.421704598409208,4.421704598409208,0.7628318584070797,0.20430107526881722,,,,,,
q,beta_x_dim,18,0.31053197415363676,50.0,,,128.0,,500,24.757017493238873,18.18650339164166,0.48128161888701515,0.31237322515212984,,,,,,
q,beta_x_dim,19,0.18282952887106366,50.0,,,128.0,,100,8.876258548294647,3.7570780260987195,0.4112478031634446,0.05434782608695652,,,,,,
q,beta_x_dim,19,0.18282952887106366,50.0,,,128.0,,500,166.1297205828334,166.1297205828334,0.34961266419669923,0.10975609756097561,,,,,,
q,beta_x_dim,12,0.2230611143413504,50.0,,,128.0,,100,2.1569210410880157,1.7142598074271171,0.7623239436619719,0.3473684210526316,,,,,,
q,beta_x_dim,12,0.2230611143413504,50.0,,,128.0,,500,27.816282952927175,26.78979221508981,0.3945417789757412,0.397979797979798,,,,,,
q,beta_x_dim,13,0.2868358576336272,50.0,,,128.0,,100,3.6042656266561726,3.6042656266561726,0.4928571428571429,0.0,,,,,,
q,beta_x_dim,13,0.2868358576336272,50.0,,,128.0,,500,9.32431217491824,9.315838428095367,0.6195945945945946,0.0,,,,,,
q,beta_x_dim,14,0.260450112016454,50.0,,,128.0,,100,9.995750160039742,9.697958313624815,0.568904593639576,0.9157894736842105,,,,,,
q,beta_x_dim,14,0.260450112016454,50.0,,,128.0,,500,140.15316952654305,140.15316952654305,0.3830074173971679,0.6060606060606061,,,,,,
q,beta_x_dim,15,0.21082258344736124,50.0,,,128.0,,100,4.890982819103593,4.787196583890098,0.4930795847750865,0.9894736842105263,,,,,,
q,beta_x_dim,15,0.21082258344736124,50.0,,,128.0,,500,24.36187853564212,24.36187853564212,0.38415043653458697,0.8707070707070707,,,,,,
q,beta_x_dim,4,0.21990329369582884,50.0,,,256.0,,100,2.233523992107405,2.233523992107405,0.23475046210720887,0.2736842105263158,,,,,,
q,beta_x_dim,4,0.21990329369582884,50.0,,,256.0,,500,186.87432900007548,186.87432900007548,0.3213192791567494,0.30505050505050507,,,,,,
q,beta_x_dim,5,0.17067975290917176,50.0,,,256.0,,100,1.9630401879430641,1.8845798224475123,0.6293706293706294,0.0,,,,,,
q,beta_x_dim,5,0.17067975290917176,50.0,,,256.0,,500,1.1669625608624648e+22,1.1669625608624648e+22,0.45995962314939437,0.024291497975708502,,,,,,
q,beta_x_dim,6,0.18269616655706372,50.0,,,256.0,,100,18.490840194326204,17.016064949839336,0.33213644524236985,0.0,,,,,,
q,beta_x_dim,6,0.18269616655706372,50.0,,,256.0,,500,7.639295874857097e+27,7.639295874857097e+27,0.4250929996618194,0.0,,,,,,
q,beta_x_dim,7,0.13826212996288562,50.0,,,256.0,,100,7.176241909669385,6.214179873362564,0.3,0.1276595744680851,,,,,,
q,beta_x_dim,7,0.13826212996288562,50.0,,,256.0,,500,3.6920191486478556e+26,3.6920191486478556e+26,0.295959595959596,0.6072874493927125,,,,,,
q,beta_x_dim,0,0.1561151590110898,50.0,,,256.0,,100,21.83626977393463,21.83626977393463,0.5429553264604811,0.5425531914893617,,,,,,
q,beta_x_dim,0,0.1561151590110898,50.0,,,256.0,,500,9.450413409604793e+29,9.450413409604793e+29,0.4939637826961771,0.43724696356275305,,,,,,
q,beta_x_dim,1,0.15445491624175076,50.0,,,256.0,,100,10.78417975559924,10.752303433579115,0.2742230347349177,0.26881720430107525,,,,,,
q,beta_x_dim,1,0.15445491624175076,50.0,,,256.0,,500,873.9847665061106,873.9847665061106,0.37054631828978624,0.48884381338742394,,,,,,
q,beta_x_dim,2,0.16114444286301777,50.0,,,256.0,,100,18.178947255091447,18.178947255091447,0.2975778546712803,0.28421052631578947,,,,,,
q,beta_x_dim,2,0.16114444286301777,50.0,,,256.0,,500,2.691773041399704e+61,2.691773041399704e+61,0.40463398253861654,0.0707070707070707,,,,,,
q,beta_x_dim,3,0.13866386499393055,50.0,,,256.0,,100,3.5984827990194668,3.5984827990194668,0.6748681898066784,0.23655913978494625,,,,,,
q,beta_x_dim,3,0.13866386499393055,50.0,,,256.0,,500,20.14366573495017,20.14366573495017,0.6352307174132704,0.20081135902636918,,,,,,
q,beta_x_dim,8,0.1738344351847317,50.0,,,256.0,,100,4.349849036478971,4.349849036478971,0.4204946996466431,0.0,,,,,,
q,beta_x_dim,8,0.1738344351847317,50.0,,,256.0,,500,151.5663099845682,151.5663099845682,0.5016857720836143,0.3313008130081301,,,,,,
q,beta_x_dim,9,0.2133657125731659,50.0,,,256.0,,100,2.333800135744693,1.630482879385612,0.46935201401050786,0.1935483870967742,,,,,,
q,beta_x_dim,9,0.2133657125731659,50.0,,,256.0,,500,29.980549033798113,26.1144074581411,0.42376304274654997,0.34685598377281945,,,,,,
q,beta_x_dim,10,0.2254427509551922,50.0,,,256.0,,100,6.174211439535934,6.174211439535934,0.8371278458844134,0.07446808510638298,,,,,,
q,beta_x_dim,10,0.2254427509551922,50.0,,,256.0,,500,163.30965423795087,163.30965423795087,0.6287445304611242,0.10526315789473684,,,,,,
q,beta_x_dim,11,0.18400491382186593,50.0,,,256.0,,100,2.26299546796921,2.26299546796921,0.37636363636363634,0.3763440860215054,,,,,,
q,beta_x_dim,11,0.18400491382186593,50.0,,,256.0,,500,3.185456872349887e+36,3.185456872349887e+36,0.37559322033898307,0.3630831643002028,,,,,,
q,beta_x_dim,12,0.1576595918302586,50.0,,,256.0,,100,1.461025230368373,1.461025230368373,0.5387323943661971,0.3473684210526316,,,,,,
q,beta_x_dim,12,0.1576595918302586,50.0,,,256.0,,500,727.3916319460993,727.3916319460993,0.28672506738544473,0.39595959595959596,,,,,,
q,beta_x_dim,13,0.18253185970822572,50.0,,,256.0,,100,6.996202063624981,6.996202063624981,0.4732142857142857,0.0,,,,,,
q,beta_x_dim,13,0.18253185970822572,50.0,,,256.0,,500,11.936615727832482,10.31349011360536,0.3989864864864865,0.0,,,,,,
q,beta_x_dim,14,0.13142538045178465,50.0,,,256.0,,100,3.603999187287238,3.603999187287238,0.6784452296819788,0.9157894736842105,,,,,,
q,beta_x_dim,14,0.13142538045178465,50.0,,,256.0,,500,2.0568609841006992e+23,2.0568609841006992e+23,0.4190829399865138,0.6848484848484848,,,,,,
q,beta_x_dim,15,0.14793046647697203,50.0,,,256.0,,100,6.891009939725424,6.269927175861509,0.4602076124567474,1.0,,,,,,
q,beta_x_dim,15,0.14793046647697203,50.0,,,256.0,,500,38.19857675506772,33.428491540312656,0.3989254533243788,0.8848484848484849,,,,,,
q,beta_x_dim,16,0.18161749868678914,50.0,,,256.0,,100,5.932376024582435,5.932376024582435,0.5652951699463328,0.5,,,,,,
q,beta_x_dim,16,0.18161749868678914,50.0,,,256.0,,500,70.93493684694039,70.93493684694039,0.5549172017573505,0.4008097165991903,,,,,,
q,beta_x_dim,17,0.16047953125249814,50.0,,,256.0,,100,5351002.436320622,5351002.436320622,0.8641732283464567,0.44680851063829785,,,,,,
q,beta_x_dim,17,0.16047953125249814,50.0,,,256.0,,500,1.5532583226317393e+96,1.5532583226317393e+96,0.6519944979367263,0.7449392712550608,,,,,,
q,beta_x_dim,18,0.15352245847039855,50.0,,,256.0,,100,22.364845786396298,22.364845786396298,0.6247787610619469,0.5698924731182796,,,,,,
q,beta_x_dim,18,0.15352245847039855,50.0,,,256.0,,500,1.5485368821593958e+56,1.5485368821593958e+56,0.4219224283305228,0.3711967545638945,,,,,,
q,beta_x_dim,19,0.16055016960496735,50.0,,,256.0,,100,3.6010392350246123,3.593787235825973,0.19507908611599298,0.0,,,,,,
q,beta_x_dim,19,0.16055016960496735,50.0,,,256.0,,500,142.5724482267622,142.5724482267622,0.3445604580666891,0.12804878048780488,,,,,,
q,beta_x_dim,0,0.1030968424041055,50.0,,,512.0,,100,3.1372144379979083,3.1372144379979083,0.4261168384879725,0.6276595744680851,,,,,,
q,beta_x_dim,0,0.1030968424041055,50.0,,,512.0,,500,1.21687965962688e+43,1.21687965962688e+43,0.47149564050972503,0.6639676113360324,,,,,,
q,beta_x_dim,1,0.11402962694717797,50.0,,,512.0,,100,5.784468953531204,5.760000325256237,0.4424131627056673,0.27956989247311825,,,,,,
q,beta_x_dim,1,0.11402962694717797,50.0,,,512.0,,500,180.92505469672102,180.92505469672102,0.5551408211740754,0.5476673427991886,,,,,,
q,beta_x_dim,2,0.09277918554637624,50.0,,,512.0,,100,5.942809767647719,5.942809767647719,0.7439446366782007,0.28421052631578947,,,,,,
q,beta_x_dim,2,0.09277918554637624,50.0,,,512.0,,500,4.4379294003062356e+32,4.4379294003062356e+32,0.45936870382807254,0.10101010101010101,,,,,,
q,beta_x_dim,3,0.11894049171114318,50.0,,,512.0,,100,2.172049799406855,2.172049799406855,0.6449912126537786,0.24731182795698925,,,,,,
q,beta_x_dim,3,0.11894049171114318,50.0,,,512.0,,500,8.619358049265829,8.619358049265829,0.4506567867969013,0.33874239350912777,,,,,,
q,beta_x_dim,4,0.14268678140884683,50.0,,,512.0,,100,1.5107112663097726,1.5107112663097726,0.6210720887245841,0.3894736842105263,,,,,,
q,beta_x_dim,4,0.14268678140884683,50.0,,,512.0,,500,107.85161249838082,107.85161249838082,0.4552873172390343,0.501010101010101,,,,,,
q,beta_x_dim,5,0.10644876296519895,50.0,,,512.0,,100,2.664969679034818,2.6161111794072625,0.6765734265734266,0.0,,,,,,
q,beta_x_dim,5,0.10644876296519895,50.0,,,512.0,,500,56.888736824430424,55.13218826879077,0.4959623149394347,0.02834008097165992,,,,,,
q,beta_x_dim,6,0.12019731741215293,50.0,,,512.0,,100,4.359336183932681,4.359336183932681,0.7307001795332136,0.0,,,,,,
q,beta_x_dim,6,0.12019731741215293,50.0,,,512.0,,500,17.140355483741256,17.069085929476092,0.8532296246195469,0.0,,,,,,
q,beta_x_dim,7,0.11257652452691455,50.0,,,512.0,,100,3.1171583815550354,3.1171583815550354,0.7526315789473684,0.1276595744680851,,,,,,
q,beta_x_dim,7,0.11257652452691455,50.0,,,512.0,,500,9.713981536841147e+36,9.713981536841147e+36,0.5158249158249159,0.5769230769230769,,,,,,
q,beta_x_dim,8,0.14175730965559552,50.0,,,512.0,,100,6.348513281852531,6.348513281852531,0.5512367491166078,0.34782608695652173,,,,,,
q,beta_x_dim,8,0.14175730965559552,50.0,,,512.0,,500,29.72110002034717,29.72110002034717,0.3189480782198247,0.3699186991869919,,,,,,
q,beta_x_dim,9,0.133041364360873,50.0,,,512.0,,100,0.7984647767655256,0.7984647767655256,0.5604203152364273,0.1935483870967742,,,,,,
q,beta_x_dim,9,0.133041364360873,50.0,,,512.0,,500,11.333356174962178,8.507926512158017,0.6112420060585662,0.25963488843813387,,,,,,
q,beta_x_dim,10,0.11696794879720462,50.0,,,512.0,,100,2.5221046389075266,2.5221046389075266,0.6234676007005254,0.07446808510638298,,,,,,
q,beta_x_dim,10,0.11696794879720462,50.0,,,512.0,,500,15.046238037722585,15.046238037722585,0.5106024907438573,0.09919028340080972,,,,,,
q,beta_x_dim,11,0.12460176632558295,50.0,,,512.0,,100,2.476159695073763,2.476159695073763,0.8563636363636363,0.3763440860215054,,,,,,
q,beta_x_dim,11,0.12460176632558295,50.0,,,512.0,,500,4.832466263917014e+52,4.832466263917014e+52,0.483728813559322,0.3509127789046653,,,,,,
q,beta_x_dim,16,0.11747950139268575,50.0,,,512.0,,100,1.3069807812737073,1.302302749075954,0.7191413237924866,0.0851063829787234,,,,,,
q,beta_x_dim,16,0.11747950139268575,50.0,,,512.0,,500,8.049472952430515,8.049472952430515,0.6015545792497465,0.016194331983805668,,,,,,
q,beta_x_dim,17,0.14178263459597212,50.0,,,512.0,,100,15.740885089691293,15.740885089691293,0.889763779527559,0.8404255319148937,,,,,,
q,beta_x_dim,17,0.14178263459597212,50.0,,,512.0,,500,6.2150253206656735e+60,6.2150253206656735e+60,0.6066024759284732,0.819838056680162,,,,,,
q,beta_x_dim,18,0.09076250392557922,50.0,,,512.0,,100,1.5435503757297753,1.5435503757297753,0.6300884955752213,0.22580645161290322,,,,,,
q,beta_x_dim,18,0.09076250392557922,50.0,,,512.0,,500,126.02894401664055,126.02894401664055,0.4897133220910624,0.32454361054766734,,,,,,
q,beta_x_dim,19,0.12331536105543583,50.0,,,512.0,,100,3.0925623399077695,3.0849354547160712,0.30404217926186294,0.0,,,,,,
q,beta_x_dim,19,0.12331536105543583,50.0,,,512.0,,500,9.775354359400156,8.843618740965772,0.1505557426743011,0.0,,,,,,
q,beta_x_dim,12,0.13827661620596518,50.0,,,512.0,,100,2.8022288989807778,2.8022288989807778,0.49295774647887325,0.3473684210526316,,,,,,
q,beta_x_dim,12,0.13827661620596518,50.0,,,512.0,,500,6.858308912882936e+25,6.858308912882936e+25,0.38746630727762804,0.5151515151515151,,,,,,
q,beta_x_dim,13,0.11962817767956364,50.0,,,512.0,,100,3.231327251765678,3.231327251765678,0.4660714285714286,0.0,,,,,,
q,beta_x_dim,13,0.11962817767956364,50.0,,,512.0,,500,13.759324695107038,13.759324695107038,0.4206081081081081,0.08097165991902834,,,,,,
q,beta_x_dim,14,0.13408705931864914,50.0,,,512.0,,100,24.641862688829175,24.641862688829175,0.9664310954063604,0.9157894736842105,,,,,,
q,beta_x_dim,14,0.13408705931864914,50.0,,,512.0,,500,3.115889922550205e+53,3.115889922550205e+53,0.5856372218476062,0.20404040404040405,,,,,,
q,beta_x_dim,15,0.09673746703633918,50.0,,,512.0,,100,3.3564238424842987,3.3564238424842987,0.47923875432525953,1.0,,,,,,
q,beta_x_dim,15,0.09673746703633918,50.0,,,512.0,,500,32.15427594016903,29.856438131129085,0.43888515782404297,0.9212121212121213,,,,,,
q,beta_x_dim,0,0.08324559249809413,50.0,,,1024.0,,100,2.6295855098598784,2.481714035396014,0.44501718213058417,0.6595744680851063,,,,,,
q,beta_x_dim,0,0.08324559249809413,50.0,,,1024.0,,500,7.171893159798217e+25,7.171893159798217e+25,0.5016767270288397,0.694331983805668,,,,,,
q,beta_x_dim,1,0.09773989892106646,50.0,,,1024.0,,100,3.930769289328195,3.930769289328195,0.19012797074954296,0.5053763440860215,,,,,,
q,beta_x_dim,1,0.09773989892106646,50.0,,,1024.0,,500,31.722749547297113,31.528251111599033,0.29691211401425177,0.3691683569979716,,,,,,
q,beta_x_dim,2,0.09817623108532308,50.0,,,1024.0,,100,3.337080056655369,3.337080056655369,0.6453287197231834,0.28421052631578947,,,,,,
q,beta_x_dim,2,0.09817623108532308,50.0,,,1024.0,,500,5.536585373727464e+38,5.536585373727464e+38,0.4738079247817327,0.10101010101010101,,,,,,
q,beta_x_dim,3,0.12022087397697476,50.0,,,1024.0,,100,1.4363931237347,1.34538422614949,0.9349736379613357,0.3978494623655914,,,,,,
q,beta_x_dim,3,0.12022087397697476,50.0,,,1024.0,,500,7.136483875895321,6.779273703237275,0.8009430784776019,0.6490872210953347,,,,,,
q,beta_x_dim,4,0.08582136460463576,50.0,,,1024.0,,100,1.458611872090939,1.4499772043744823,0.4824399260628466,0.7368421052631579,,,,,,
q,beta_x_dim,4,0.08582136460463576,50.0,,,1024.0,,500,53.84928409062727,53.84928409062727,0.45358721523291395,0.7737373737373737,,,,,,
q,beta_x_dim,5,0.09529049869152607,50.0,,,1024.0,,100,1.0495116612937843,1.0475077729846203,0.8548951048951049,0.0,,,,,,
q,beta_x_dim,5,0.09529049869152607,50.0,,,1024.0,,500,5.978533076795866,5.966417217302871,0.3714670255720054,0.0,,,,,,
q,beta_x_dim,6,0.08587568835618739,50.0,,,1024.0,,100,2.6739187930169543,2.6739187930169543,0.5619389587073609,0.0,,,,,,
q,beta_x_dim,6,0.08587568835618739,50.0,,,1024.0,,500,9.96161559896736,9.891481158114727,0.7575245180926615,0.0,,,,,,
q,beta_x_dim,7,0.08448072310305692,50.0,,,1024.0,,100,6.781180860956579,6.59563964947077,0.5561403508771929,0.24468085106382978,,,,,,
q,beta_x_dim,7,0.08448072310305692,50.0,,,1024.0,,500,65.63457360265367,59.79999304981321,0.4734006734006734,0.2165991902834008,,,,,,
q,beta_x_dim,8,0.0855617921909968,50.0,,,1024.0,,100,1.180997165814357,1.180997165814357,0.9699646643109541,0.34782608695652173,,,,,,
q,beta_x_dim,8,0.0855617921909968,50.0,,,1024.0,,500,5.05037372548404,3.9759638092259255,0.6587997302764667,0.3780487804878049,,,,,,
q,beta_x_dim,9,0.10035694822361248,50.0,,,1024.0,,100,1.2352836048783133,1.2352836048783133,0.6549912434325744,0.1935483870967742,,,,,,
q,beta_x_dim,9,0.10035694822361248,50.0,,,1024.0,,500,5.985892232523682,5.985892232523682,0.4516997643890946,0.26774847870182555,,,,,,
q,beta_x_dim,10,0.09406626998612011,50.0,,,1024.0,,100,0.850511617751952,0.850511617751952,0.6112084063047285,0.07446808510638298,,,,,,
q,beta_x_dim,10,0.09406626998612011,50.0,,,1024.0,,500,9.40037778515266,9.40037778515266,0.5661393470212049,0.09919028340080972,,,,,,
q,beta_x_dim,11,0.09945804358707247,50.0,,,1024.0,,100,1.7376721332101022,1.7376721332101022,0.7818181818181819,0.3763440860215054,,,,,,
q,beta_x_dim,11,0.09945804358707247,50.0,,,1024.0,,500,15.407095555199295,5.735355747026746,0.44033898305084745,0.3509127789046653,,,,,,
q,beta_x_dim,12,0.06626174638131117,50.0,,,1024.0,,100,1.758131035489082,1.758131035489082,0.47183098591549294,0.0,,,,,,
q,beta_x_dim,12,0.06626174638131117,50.0,,,1024.0,,500,1.7564510430510442e+20,1.7564510430510442e+20,0.35983827493261455,0.38181818181818183,,,,,,
q,beta_x_dim,13,0.08761840355965336,50.0,,,1024.0,,100,2.455019001379896,2.455019001379896,0.4303571428571429,1.0,,,,,,
q,beta_x_dim,13,0.08761840355965336,50.0,,,1024.0,,500,15.244254044314163,12.014851553632507,0.4918918918918919,0.9453441295546559,,,,,,
q,beta_x_dim,14,0.09758045951667538,50.0,,,1024.0,,100,0.6179923405786647,0.6179923405786647,0.303886925795053,0.08421052631578947,,,,,,
q,beta_x_dim,14,0.09758045951667538,50.0,,,1024.0,,500,28.50051832093579,28.50051832093579,0.25623735670937287,0.27070707070707073,,,,,,
q,beta_x_dim,15,0.0830707630274445,50.0,,,1024.0,,100,0.7877194140904411,0.7328089839879616,0.5397923875432526,0.0,,,,,,
q,beta_x_dim,15,0.0830707630274445,50.0,,,1024.0,,500,4.56395191378176,4.331418205886012,0.49697783747481533,0.0,,,,,,
q,beta_x_dim,0,0.059090624581029906,50.0,,,2048.0,,100,1.4605185696279503,1.4605185696279503,0.4948453608247423,0.3829787234042553,,,,,,
q,beta_x_dim,0,0.059090624581029906,50.0,,,2048.0,,500,11.054393659289733,11.054393659289733,0.4416498993963783,0.4149797570850202,,,,,,
q,beta_x_dim,1,0.08055266966973045,50.0,,,2048.0,,100,1.5559797396057022,1.5559797396057022,0.32541133455210236,0.6559139784946236,,,,,,
q,beta_x_dim,1,0.08055266966973045,50.0,,,2048.0,,500,15.782066944223276,15.782066944223276,0.3522225992534781,0.6754563894523327,,,,,,
q,beta_x_dim,2,0.07384748219446115,50.0,,,2048.0,,100,0.6648886426570271,0.6648886426570271,0.9134948096885813,0.28421052631578947,,,,,,
q,beta_x_dim,2,0.07384748219446115,50.0,,,2048.0,,500,13.729279911908256,13.729279911908256,0.7397582269979852,0.30505050505050507,,,,,,
q,beta_x_dim,3,0.08073623483363201,50.0,,,2048.0,,100,1.0428208863294945,1.035453813619153,0.8769771528998243,0.3978494623655914,,,,,,
q,beta_x_dim,3,0.08073623483363201,50.0,,,2048.0,,500,5.033216531636625,5.033216531636625,0.6726170427753453,0.6348884381338742,,,,,,
q,beta_x_dim,16,0.08225942591702709,50.0,,,1024.0,,100,2.9121700014488736,2.9121700014488736,0.40250447227191416,0.0851063829787234,,,,,,
q,beta_x_dim,16,0.08225942591702709,50.0,,,1024.0,,500,34.227618783788635,34.227618783788635,0.430888813788442,0.27125506072874495,,,,,,
q,beta_x_dim,17,0.10326707211743168,50.0,,,1024.0,,100,4.424370572438446,4.424370572438446,0.9330708661417323,0.09574468085106383,,,,,,
q,beta_x_dim,17,0.10326707211743168,50.0,,,1024.0,,500,3.327524564021698e+42,3.327524564021698e+42,0.6640302613480055,0.6720647773279352,,,,,,
q,beta_x_dim,18,0.07596835511935024,50.0,,,1024.0,,100,0.9018775455672049,0.9018775455672049,0.7168141592920354,0.6021505376344086,,,,,,
q,beta_x_dim,18,0.07596835511935024,50.0,,,1024.0,,500,43.437081025369885,43.437081025369885,0.6728499156829679,0.41379310344827586,,,,,,
q,beta_x_dim,19,0.08491267679941217,50.0,,,1024.0,,100,3.357484782757057,3.357484782757057,0.3884007029876977,0.0,,,,,,
q,beta_x_dim,19,0.08491267679941217,50.0,,,1024.0,,500,5.676439335157175,5.676439335157175,0.2452004041764904,0.0,,,,,,
q,beta_x_dim,8,0.07644644262105851,50.0,,,2048.0,,100,2.2379242643341635,2.2379242643341635,0.6466431095406361,0.34782608695652173,,,,,,
q,beta_x_dim,8,0.07644644262105851,50.0,,,2048.0,,500,17.56025159919112,16.471801519027238,0.3057990559676332,0.3597560975609756,,,,,,
q,beta_x_dim,9,0.061198522080877185,50.0,,,2048.0,,100,0.7889040154848641,0.7889040154848641,0.6987740805604203,0.45161290322580644,,,,,,
q,beta_x_dim,9,0.061198522080877185,50.0,,,2048.0,,500,20.457347968201987,20.457347968201987,0.6038370918882531,0.5801217038539553,,,,,,
q,beta_x_dim,10,0.06791061362301604,50.0,,,2048.0,,100,0.5480023438781784,0.5468927753502514,0.6147110332749562,0.07446808510638298,,,,,,
q,beta_x_dim,10,0.06791061362301604,50.0,,,2048.0,,500,3.8530910697367804,3.8530910697367804,0.41770447660720295,0.09919028340080972,,,,,,
q,beta_x_dim,11,0.0651762981409896,50.0,,,2048.0,,100,1.4738112969493622,1.4738112969493622,0.6672727272727272,0.3763440860215054,,,,,,
q,beta_x_dim,11,0.0651762981409896,50.0,,,2048.0,,500,17.457941141316866,15.681225605886532,0.39932203389830506,0.3184584178498986,,,,,,
q,beta_x_dim,4,0.05515853143171012,50.0,,,2048.0,,100,1.3597986544805454,1.3597986544805454,0.5841035120147874,0.35789473684210527,,,,,,
q,beta_x_dim,4,0.05515853143171012,50.0,,,2048.0,,500,45.35407964567069,44.54888340626832,0.4892893573614417,0.5393939393939394,,,,,,
q,beta_x_dim,5,0.0692130486304319,50.0,,,2048.0,,100,1.3659671794543315,1.3659671794543315,0.527972027972028,0.2553191489361702,,,,,,
q,beta_x_dim,5,0.0692130486304319,50.0,,,2048.0,,500,7.6005844394873545,7.6005844394873545,0.42126514131897713,0.16396761133603238,,,,,,
q,beta_x_dim,6,0.07173439740735219,50.0,,,2048.0,,100,1.5877135080992846,1.5877135080992846,0.49371633752244165,0.03225806451612903,,,,,,
q,beta_x_dim,6,0.07173439740735219,50.0,,,2048.0,,500,8.172686862813055,8.172686862813055,0.5877578626986811,0.09939148073022312,,,,,,
q,beta_x_dim,7,0.062214420133965206,50.0,,,2048.0,,100,3.1990577570740024,3.1990577570740024,0.643859649122807,0.0,,,,,,
q,beta_x_dim,7,0.062214420133965206,50.0,,,2048.0,,500,10.855695479005504,10.80552094238221,0.4033670033670034,0.02631578947368421,,,,,,
q,beta_x_dim,12,0.05818847294540117,50.0,,,2048.0,,100,0.5497186217630927,0.5449404164004429,0.8116197183098591,0.3473684210526316,,,,,,
q,beta_x_dim,12,0.05818847294540117,50.0,,,2048.0,,500,24.945668562445366,24.945668562445366,0.6728436657681941,0.2585858585858586,,,,,,
q,beta_x_dim,13,0.04526185428337136,50.0,,,2048.0,,100,3.239709003226441,3.239709003226441,0.44285714285714284,1.0,,,,,,
q,beta_x_dim,13,0.04526185428337136,50.0,,,2048.0,,500,23.756900745131645,23.756900745131645,0.41621621621621624,0.9008097165991903,,,,,,
q,beta_x_dim,14,0.04418282118659875,50.0,,,2048.0,,100,0.8866483904320475,0.8866483904320475,0.7544169611307421,0.08421052631578947,,,,,,
q,beta_x_dim,14,0.04418282118659875,50.0,,,2048.0,,500,4.323131789663311,4.323131789663311,0.38401888064733647,0.25252525252525254,,,,,,
q,beta_x_dim,15,0.05860070471225593,50.0,,,2048.0,,100,0.9563724388271944,0.9563724388271944,0.5813148788927336,0.0,,,,,,
q,beta_x_dim,15,0.05860070471225593,50.0,,,2048.0,,500,6.294740118872614,6.162757248470545,0.45601074546675624,0.0,,,,,,
q,beta_x_dim,16,0.06637721883856795,50.0,,,2048.0,,100,1.6733035807313075,1.6733035807313075,0.6046511627906976,0.48936170212765956,,,,,,
q,beta_x_dim,16,0.06637721883856795,50.0,,,2048.0,,500,8.438676957117313,8.438676957117313,0.5441027374112876,0.46153846153846156,,,,,,
q,beta_x_dim,17,0.05991551191793955,50.0,,,2048.0,,100,4.137512340431194,4.137512340431194,0.7224409448818898,0.8404255319148937,,,,,,
q,beta_x_dim,17,0.05991551191793955,50.0,,,2048.0,,500,205487901.11637,205487901.11637,0.6258596973865199,0.7125506072874493,,,,,,
q,beta_x_dim,18,0.052856994997082754,50.0,,,2048.0,,100,0.6463548569706543,0.6463548569706543,0.6530973451327433,0.6344086021505376,,,,,,
q,beta_x_dim,18,0.052856994997082754,50.0,,,2048.0,,500,10.539392319146778,10.539392319146778,0.7750421585160202,0.5578093306288032,,,,,,
q,beta_x_dim,19,0.059753300342751677,50.0,,,2048.0,,100,1.692088482497204,1.692088482497204,0.5202108963093146,0.0,,,,,,
q,beta_x_dim,19,0.059753300342751677,50.0,,,2048.0,,500,7.946379936877211,7.891430127188021,0.274503199730549,0.0,,,,,,
q,beta_x_dim,0,0.05281229448753218,50.0,,,4096.0,,100,0.786406295658467,0.786406295658467,0.6752577319587629,0.6914893617021277,,,,,,
q,beta_x_dim,0,0.05281229448753218,50.0,,,4096.0,,500,5.945526464156025,5.945526464156025,0.49161636485580146,0.5668016194331984,,,,,,
q,beta_x_dim,1,0.03323375362264121,50.0,,,4096.0,,100,1.0643045545779335,1.0643045545779335,0.33455210237659966,0.5591397849462365,,,,,,
q,beta_x_dim,1,0.03323375362264121,50.0,,,4096.0,,500,4.509723351496565,4.509723351496565,0.333559552086868,0.5476673427991886,,,,,,
q,beta_x_dim,2,0.04517439621719188,50.0,,,4096.0,,100,1.3916176276385595,1.3916176276385595,0.8183391003460208,0.28421052631578947,,,,,,
q,beta_x_dim,2,0.04517439621719188,50.0,,,4096.0,,500,8.443280860577602,8.443280860577602,0.6564808596373405,0.30505050505050507,,,,,,
q,beta_x_dim,3,0.0427116544627979,50.0,,,4096.0,,100,0.722439004037909,0.7217482195470799,0.9332161687170475,0.23655913978494625,,,,,,
q,beta_x_dim,3,0.0427116544627979,50.0,,,4096.0,,500,3.1489719070661604,3.1489719070661604,0.8470865611316942,0.38742393509127787,,,,,,
q,beta_x_dim,4,0.040015870266180115,50.0,,,4096.0,,100,1.3411760734773102,1.3411760734773102,0.3179297597042514,0.35789473684210527,,,,,,
q,beta_x_dim,4,0.040015870266180115,50.0,,,4096.0,,500,8.654136914629301,8.626289006422486,0.277796667800068,0.35555555555555557,,,,,,
q,beta_x_dim,5,0.03709134647177847,50.0,,,4096.0,,100,1.7804135793757863,1.7716509645526288,0.45104895104895104,0.22340425531914893,,,,,,
q,beta_x_dim,5,0.03709134647177847,50.0,,,4096.0,,500,5.379684062148856,5.317194554995037,0.3024899057873486,0.11538461538461539,,,,,,
q,beta_x_dim,6,0.04794923215448047,50.0,,,4096.0,,100,2.5374948980425236,2.5374948980425236,0.6696588868940754,0.03225806451612903,,,,,,
q,beta_x_dim,6,0.04794923215448047,50.0,,,4096.0,,500,8.393976737263017,8.060858619473873,0.596550557997971,0.31237322515212984,,,,,,
q,beta_x_dim,7,0.038538289652744306,50.0,,,4096.0,,100,1.4267055609718793,1.22007112033755,0.743859649122807,0.8723404255319149,,,,,,
q,beta_x_dim,7,0.038538289652744306,50.0,,,4096.0,,500,5.55713948966502,5.507249395708247,0.4734006734006734,0.7935222672064778,,,,,,
q,beta_x_dim,8,0.054383597927018135,50.0,,,4096.0,,100,1.657544931273374,1.657544931273374,0.6466431095406361,0.34782608695652173,,,,,,
q,beta_x_dim,8,0.054383597927018135,50.0,,,4096.0,,500,7.702689725657249,7.702689725657249,0.4140256237356709,0.37398373983739835,,,,,,
q,beta_x_dim,9,0.03765310937715849,50.0,,,4096.0,,100,0.5993672672053854,0.5450222131822908,0.6339754816112084,0.1935483870967742,,,,,,
q,beta_x_dim,9,0.03765310937715849,50.0,,,4096.0,,500,10.935609742629444,10.717100487333848,0.5799394143386065,0.5699797160243407,,,,,,
q,beta_x_dim,10,0.04683774768564616,50.0,,,4096.0,,100,1.2480868985546858,1.2480868985546858,0.425569176882662,0.07446808510638298,,,,,,
q,beta_x_dim,10,0.04683774768564616,50.0,,,4096.0,,500,6.759214678834475,6.759214678834475,0.5617637159205655,0.09919028340080972,,,,,,
q,beta_x_dim,11,0.05217513828362287,50.0,,,4096.0,,100,1.1928667123957999,1.1928667123957999,0.6618181818181819,0.3763440860215054,,,,,,
q,beta_x_dim,11,0.05217513828362287,50.0,,,4096.0,,500,4.545234690971441,4.545234690971441,0.6328813559322034,0.3509127789046653,,,,,,
q,beta_x_dim,12,0.037527120712285596,50.0,,,4096.0,,100,0.5037204068393354,0.5037204068393354,0.8626760563380281,0.3473684210526316,,,,,,
q,beta_x_dim,12,0.037527120712285596,50.0,,,4096.0,,500,2.316778522192876,2.316778522192876,0.6977762803234502,0.4121212121212121,,,,,,
q,beta_x_dim,13,0.03611361544770655,50.0,,,4096.0,,100,2.2019033111065243,2.2019033111065243,0.6553571428571429,0.3191489361702128,,,,,,
q,beta_x_dim,13,0.03611361544770655,50.0,,,4096.0,,500,6.382673302434197,6.382673302434197,0.5266891891891892,0.2773279352226721,,,,,,
q,beta_x_dim,14,0.046207983078083464,50.0,,,4096.0,,100,1.6677648816571709,1.6677648816571709,0.823321554770318,0.9157894736842105,,,,,,
q,beta_x_dim,14,0.046207983078083464,50.0,,,4096.0,,500,21.011954333272342,21.011954333272342,0.48988536749831424,0.7313131313131314,,,,,,
q,beta_x_dim,15,0.041232563561755656,50.0,,,4096.0,,100,0.8085041207537069,0.8085041207537069,0.5761245674740484,0.0,,,,,,
q,beta_x_dim,15,0.041232563561755656,50.0,,,4096.0,,500,4.362822184023804,4.090433421112635,0.5987239758226998,0.050505050505050504,,,,,,
q,beta_x_dim,16,0.04797270734396558,50.0,,,4096.0,,100,1.5822707689723654,1.5822707689723654,0.46153846153846156,0.6170212765957447,,,,,,
q,beta_x_dim,16,0.04797270734396558,50.0,,,4096.0,,500,7.082652905572041,7.082652905572041,0.3514700912470429,0.7327935222672065,,,,,,
q,beta_x_dim,17,0.0520924933809918,50.0,,,4096.0,,100,0.8728808832063191,0.8727502493276884,0.84251968503937,0.0,,,,,,
q,beta_x_dim,17,0.0520924933809918,50.0,,,4096.0,,500,3.8026240104441955,3.8026240104441955,0.5484869325997249,0.0,,,,,,
q,beta_x_dim,18,0.04858823919892398,50.0,,,4096.0,,100,0.7158838719834445,0.7158838719834445,0.5026548672566372,0.22580645161290322,,,,,,
q,beta_x_dim,18,0.04858823919892398,50.0,,,4096.0,,500,4.272446132675232,4.272446132675232,0.527487352445194,0.359026369168357,,,,,,
q,beta_x_dim,19,0.03839218641664325,50.0,,,4096.0,,100,1.4649619908188996,1.4649619908188996,0.5518453427065027,0.0,,,,,,
q,beta_x_dim,19,0.03839218641664325,50.0,,,4096.0,,500,5.540314221464278,5.478845024304987,0.31121589760862245,0.0,,,,,,
q,beta_x_dim,0,0.028866620553621138,50.0,,,8192.0,,100,1.1176843022370282,1.1176843022370282,0.6082474226804123,0.5957446808510638,,,,,,
q,beta_x_dim,0,0.028866620553621138,50.0,,,8192.0,,500,6.158278994895198,6.158278994895198,0.4869215291750503,0.5465587044534413,,,,,,
q,beta_x_dim,1,0.027164945974240972,50.0,,,8192.0,,100,0.9550422399488571,0.9550422399488571,0.5283363802559415,0.5591397849462365,,,,,,
q,beta_x_dim,1,0.027164945974240972,50.0,,,8192.0,,500,4.7116401002691894,4.694038058578789,0.505259586019681,0.5476673427991886,,,,,,
q,beta_x_dim,2,0.03716655524101822,50.0,,,8192.0,,100,0.7904009902757794,0.749785718722235,0.8235294117647058,0.28421052631578947,,,,,,
q,beta_x_dim,2,0.03716655524101822,50.0,,,8192.0,,500,4.5487285718421395,4.5487285718421395,0.6809939556749496,0.30505050505050507,,,,,,
q,beta_x_dim,3,0.02553517333602458,50.0,,,8192.0,,100,0.9803815532944723,0.978527714212799,0.70298769771529,0.23655913978494625,,,,,,
q,beta_x_dim,3,0.02553517333602458,50.0,,,8192.0,,500,3.0944855345422164,3.0944855345422164,0.49444257325698887,0.29411764705882354,,,,,,
q,beta_x_dim,4,0.03548757067847358,50.0,,,8192.0,,100,1.2541877314557057,1.2541877314557057,0.6247689463955638,0.35789473684210527,,,,,,
q,beta_x_dim,4,0.03548757067847358,50.0,,,8192.0,,500,7.8271588178276925,7.8271588178276925,0.6446786807208432,0.32323232323232326,,,,,,
q,beta_x_dim,5,0.02467790949675192,50.0,,,8192.0,,100,1.0021484337901296,0.9994858069135564,0.8391608391608392,0.2553191489361702,,,,,,
q,beta_x_dim,5,0.02467790949675192,50.0,,,8192.0,,500,16.631094883006856,16.631094883006856,0.7244279946164199,0.3684210526315789,,,,,,
q,beta_x_dim,6,0.040807936685536825,50.0,,,8192.0,,100,2.0361209653744714,2.0361209653744714,0.703770197486535,0.7096774193548387,,,,,,
q,beta_x_dim,6,0.040807936685536825,50.0,,,8192.0,,500,12.872525991530352,12.872525991530352,0.6574230639161313,0.7038539553752535,,,,,,
q,beta_x_dim,7,0.03155187508608768,50.0,,,8192.0,,100,1.0875426081305848,1.0875426081305848,0.6701754385964912,0.8723404255319149,,,,,,
q,beta_x_dim,7,0.03155187508608768,50.0,,,8192.0,,500,5.448379750010145,5.441140875411524,0.5717171717171717,0.8259109311740891,,,,,,
q,beta_x_dim,12,0.02891391267793012,50.0,,,8192.0,,100,0.919199614886311,0.919199614886311,0.8397887323943662,0.3473684210526316,,,,,,
q,beta_x_dim,12,0.02891391267793012,50.0,,,8192.0,,500,2.678549953155333,2.678549953155333,0.6148921832884097,0.4121212121212121,,,,,,
q,beta_x_dim,13,0.02820747812109664,50.0,,,8192.0,,100,2.604474277024318,2.604474277024318,0.8339285714285715,0.7659574468085106,,,,,,
q,beta_x_dim,13,0.02820747812109664,50.0,,,8192.0,,500,10.57326099949131,9.432033599690076,0.7797297297297298,0.6639676113360324,,,,,,
q,beta_x_dim,14,0.031186330221094197,50.0,,,8192.0,,100,1.156013634014242,1.156013634014242,0.7773851590106007,0.9157894736842105,,,,,,
q,beta_x_dim,14,0.031186330221094197,50.0,,,8192.0,,500,3.969427319393475,3.969427319393475,0.31726230613621037,0.705050505050505,,,,,,
q,beta_x_dim,15,0.03410922937317396,50.0,,,8192.0,,100,0.7170243370260709,0.7164071434285838,0.8235294117647058,0.0,,,,,,
q,beta_x_dim,15,0.03410922937317396,50.0,,,8192.0,,500,2.977695928459216,2.977695928459216,0.609469442578912,0.0,,,,,,
q,beta_x_dim,8,0.03978782272341987,50.0,,,8192.0,,100,2.0823534447168566,2.0823534447168566,0.4840989399293286,0.8695652173913043,,,,,,
q,beta_x_dim,8,0.03978782272341987,50.0,,,8192.0,,500,13.203692722353415,13.109373981221879,0.5350640593391773,0.9369918699186992,,,,,,
q,beta_x_dim,9,0.026488447237678032,50.0,,,8192.0,,100,0.7097494493993057,0.7097494493993057,0.4973730297723292,0.1935483870967742,,,,,,
q,beta_x_dim,9,0.026488447237678032,50.0,,,8192.0,,500,4.2903853239942,4.2903853239942,0.47963648603163916,0.25963488843813387,,,,,,
q,beta_x_dim,10,0.03463519326633877,50.0,,,8192.0,,100,0.952585470059919,0.952585470059919,0.7162872154115587,0.2978723404255319,,,,,,
q,beta_x_dim,10,0.03463519326633877,50.0,,,8192.0,,500,3.5699520730589613,3.5651691651316657,0.7600134634803096,0.37044534412955465,,,,,,
q,beta_x_dim,11,0.026055525657738363,50.0,,,8192.0,,100,1.114170278692954,1.1078411897687357,0.5236363636363637,0.08602150537634409,,,,,,
q,beta_x_dim,11,0.026055525657738363,50.0,,,8192.0,,500,4.565793834716032,4.565793834716032,0.5464406779661017,0.22515212981744423,,,,,,
q,beta_x_dim,16,0.02684107057175928,50.0,,,8192.0,,100,1.7214026725539728,1.7205643084383264,0.778175313059034,0.43617021276595747,,,,,,
q,beta_x_dim,16,0.02684107057175928,50.0,,,8192.0,,500,5.508968463957837,5.508968463957837,0.4082460290638729,0.4230769230769231,,,,,,
q,beta_x_dim,17,0.028838512097342273,50.0,,,8192.0,,100,1.4466505683619137,1.4466505683619137,0.6358267716535433,0.6808510638297872,,,,,,
q,beta_x_dim,17,0.028838512097342273,50.0,,,8192.0,,500,7.272250053885316,7.025929968617341,0.5409215955983494,0.6255060728744939,,,,,,
q,beta_x_dim,18,0.032469723871153267,50.0,,,8192.0,,100,0.6358880325311094,0.6358880325311094,0.4353982300884956,0.2903225806451613,,,,,,
q,beta_x_dim,18,0.032469723871153267,50.0,,,8192.0,,500,4.729558256053725,4.729558256053725,0.7146711635750421,0.6470588235294118,,,,,,
q,beta_x_dim,19,0.032297817379372595,50.0,,,8192.0,,100,1.471044265138587,1.471044265138587,0.5131810193321616,0.0,,,,,,
q,beta_x_dim,19,0.032297817379372595,50.0,,,8192.0,,500,4.955209380099942,4.878247605206712,0.24789491411249578,0.0,,,,,,
q,beta_x_dim,0,0.020356989468909358,50.0,,,16384.0,,100,0.9412031749894674,0.9397453783107877,0.6202749140893471,0.648936170212766,,,,,,
q,beta_x_dim,0,0.020356989468909358,50.0,,,16384.0,,500,4.3771885218483995,4.3771885218483995,0.44701542588866533,0.7186234817813765,,,,,,
q,beta_x_dim,1,0.01807625432089983,50.0,,,16384.0,,100,0.9638092577497397,0.9638092577497397,0.6837294332723949,0.5053763440860215,,,,,,
q,beta_x_dim,1,0.01807625432089983,50.0,,,16384.0,,500,4.057624425274368,4.057624425274368,0.6328469630132338,0.385395537525355,,,,,,
q,beta_x_dim,2,0.02140292876780509,50.0,,,16384.0,,100,0.9517211822946897,0.9517211822946897,0.6885813148788927,0.28421052631578947,,,,,,
q,beta_x_dim,2,0.02140292876780509,50.0,,,16384.0,,500,4.492302484073867,4.492302484073867,0.4264607118871726,0.30505050505050507,,,,,,
q,beta_x_dim,3,0.018745583527260273,50.0,,,16384.0,,100,0.6567712156702182,0.6567712156702182,0.9261862917398945,0.23655913978494625,,,,,,
q,beta_x_dim,3,0.018745583527260273,50.0,,,16384.0,,500,3.7260465190122103,3.7260465190122103,0.6867632199393735,0.27586206896551724,,,,,,
q,beta_x_dim,4,0.02302125399812299,50.0,,,16384.0,,100,1.1297618798109474,1.1142334251253958,0.4787430683918669,0.35789473684210527,,,,,,
q,beta_x_dim,4,0.02302125399812299,50.0,,,16384.0,,500,3.9986408602683974,3.997316666368494,0.49608976538592314,0.3575757575757576,,,,,,
q,beta_x_dim,5,0.018059158472521004,50.0,,,16384.0,,100,0.9122467170954655,0.9122467170954655,0.708041958041958,0.07446808510638298,,,,,,
q,beta_x_dim,5,0.018059158472521004,50.0,,,16384.0,,500,4.1839188374327065,4.153054403150406,0.6857335127860027,0.11133603238866396,,,,,,
q,beta_x_dim,6,0.02108045085739379,50.0,,,16384.0,,100,1.4111503739116351,1.4111503739116351,0.7091561938958707,0.27956989247311825,,,,,,
q,beta_x_dim,6,0.02108045085739379,50.0,,,16384.0,,500,5.9290305877614475,5.875415677025769,0.47954007439972945,0.24949290060851928,,,,,,
q,beta_x_dim,7,0.021431309877788803,50.0,,,16384.0,,100,1.1170666836792404,1.11369557471419,0.8157894736842105,0.8723404255319149,,,,,,
q,beta_x_dim,7,0.021431309877788803,50.0,,,16384.0,,500,3.8726813312880326,3.8726813312880326,0.6279461279461279,0.8603238866396761,,,,,,
q,beta_x_dim,12,0.02699076211395584,50.0,,,16384.0,,100,1.0343061698811757,1.030469906609893,0.7535211267605634,0.3473684210526316,,,,,,
q,beta_x_dim,12,0.02699076211395584,50.0,,,16384.0,,500,3.0326546268642227,3.0326546268642227,0.4942722371967655,0.4121212121212121,,,,,,
q,beta_x_dim,13,0.025830793140590433,50.0,,,16384.0,,100,1.1493503891008183,1.1493503891008183,0.8339285714285715,1.0,,,,,,
q,beta_x_dim,13,0.025830793140590433,50.0,,,16384.0,,500,2.9562805457471955,2.7302491502192803,0.7706081081081081,0.9696356275303644,,,,,,
q,beta_x_dim,14,0.020659419161738583,50.0,,,16384.0,,100,0.8585721168596767,0.8585721168596767,0.6749116607773852,0.9157894736842105,,,,,,
q,beta_x_dim,14,0.020659419161738583,50.0,,,16384.0,,500,2.979489993218438,2.951063350843911,0.5134861766689144,0.6848484848484848,,,,,,
q,beta_x_dim,15,0.026925567045706686,50.0,,,16384.0,,100,0.9380580481995513,0.9380580481995513,0.6816608996539792,0.0,,,,,,
q,beta_x_dim,15,0.026925567045706686,50.0,,,16384.0,,500,3.530192173196647,3.530192173196647,0.5235057085292142,0.0,,,,,,
q,beta_x_dim,8,0.021030588042434514,50.0,,,16384.0,,100,0.6888676394016455,0.6888676394016455,0.17491166077738515,0.6521739130434783,,,,,,
q,beta_x_dim,8,0.021030588042434514,50.0,,,16384.0,,500,3.713183619358154,3.713183619358154,0.279838165879973,0.4024390243902439,,,,,,
q,beta_x_dim,9,0.019728356009054288,50.0,,,16384.0,,100,0.6544872081930002,0.6542842258044428,0.6182136602451839,0.45161290322580644,,,,,,
q,beta_x_dim,9,0.019728356009054288,50.0,,,16384.0,,500,2.2076675169462896,2.2076675169462896,0.7452036351396836,0.5760649087221096,,,,,,
q,beta_x_dim,10,0.022361935486372143,50.0,,,16384.0,,100,1.026503438742013,1.026503438742013,0.5971978984238179,0.2978723404255319,,,,,,
q,beta_x_dim,10,0.022361935486372143,50.0,,,16384.0,,500,3.673611343992003,3.673611343992003,0.43352406597105353,0.3866396761133603,,,,,,
q,beta_x_dim,11,0.02310508513733857,50.0,,,16384.0,,100,0.8377033715769864,0.8239218961203103,0.8345454545454546,0.3763440860215054,,,,,,
q,beta_x_dim,11,0.02310508513733857,50.0,,,16384.0,,500,3.062828859646035,3.062828859646035,0.6955932203389831,0.3509127789046653,,,,,,
q,beta_x_dim,0,0.475488624112919,100.0,,,32.0,,100,1.1351624857003435e+55,1.1351624857003435e+55,0.3848797250859107,0.1702127659574468,,,,,,
q,beta_x_dim,0,0.475488624112919,100.0,,,32.0,,500,inf,inf,,,,,,,,
q,beta_x_dim,1,0.40812779004929994,100.0,,,32.0,,100,1.0998333367154083e+48,1.0998333367154083e+48,0.33089579524680074,0.3978494623655914,,,,,,
q,beta_x_dim,1,0.40812779004929994,100.0,,,32.0,,500,1.2763485240342726e+258,1.2763485240342726e+258,0.3148965049202579,0.4117647058823529,,,,,,
q,beta_x_dim,2,0.4730093470080129,100.0,,,32.0,,100,103.8769438867161,89.85371082303624,0.6418685121107266,0.28421052631578947,,,,,,
q,beta_x_dim,2,0.4730093470080129,100.0,,,32.0,,500,6.344306687441763e+33,6.344306687441763e+33,0.31128274009402285,0.30505050505050507,,,,,,
q,beta_x_dim,3,0.4466934199958885,100.0,,,32.0,,100,33.78386403850689,33.78386403850689,0.437609841827768,0.23655913978494625,,,,,,
q,beta_x_dim,3,0.4466934199958885,100.0,,,32.0,,500,3.730071278029718e+20,3.730071278029718e+20,0.3378241832266756,0.2535496957403651,,,,,,
q,beta_x_dim,16,0.01658465602098674,50.0,,,16384.0,,100,1.357919815390329,1.357919815390329,0.6601073345259392,0.4574468085106383,,,,,,
q,beta_x_dim,16,0.01658465602098674,50.0,,,16384.0,,500,5.925309524382252,5.925309524382252,0.6133828996282528,0.31983805668016196,,,,,,
q,beta_x_dim,17,0.019897017393780598,50.0,,,16384.0,,100,1.3082217323343923,1.3082217323343923,0.7086614173228346,0.0,,,,,,
q,beta_x_dim,17,0.019897017393780598,50.0,,,16384.0,,500,5.233836953132361,5.141576491504205,0.46801925722145804,0.0708502024291498,,,,,,
q,beta_x_dim,18,0.020865285810528867,50.0,,,16384.0,,100,0.6439017811309586,0.6439017811309586,0.7858407079646018,0.5913978494623656,,,,,,
q,beta_x_dim,18,0.020865285810528867,50.0,,,16384.0,,500,4.808434731951796,4.808434731951796,0.8435075885328837,0.5943204868154158,,,,,,
q,beta_x_dim,19,0.021465321221595654,50.0,,,16384.0,,100,1.0324769357439587,1.0324769357439587,0.4956063268892794,0.40217391304347827,,,,,,
q,beta_x_dim,19,0.021465321221595654,50.0,,,16384.0,,500,5.524586173846727,5.520558292232241,0.4624452677669249,0.5609756097560976,,,,,,
q,beta_x_dim,4,0.5533154376476055,100.0,,,32.0,,100,286.3581034861055,286.3581034861055,0.31608133086876156,0.2,,,,,,
q,beta_x_dim,4,0.5533154376476055,100.0,,,32.0,,500,1.3903242988431432e+31,1.3903242988431432e+31,0.3444406664399864,0.49292929292929294,,,,,,
q,beta_x_dim,5,0.37342721982998295,100.0,,,32.0,,100,1.153146458428294,1.153146458428294,0.5052447552447552,0.9893617021276596,,,,,,
q,beta_x_dim,5,0.37342721982998295,100.0,,,32.0,,500,3.299249282045042,3.2919976001019826,0.23183041722745626,0.9979757085020243,,,,,,
q,beta_x_dim,6,0.42978362336359666,100.0,,,32.0,,100,53043.88412392741,53043.88412392741,0.6355475763016158,0.0,,,,,,
q,beta_x_dim,6,0.42978362336359666,100.0,,,32.0,,500,1.2741130493081713e+47,1.2741130493081713e+47,0.6276631721339195,0.0,,,,,,
q,beta_x_dim,7,0.44008905448805447,100.0,,,32.0,,100,4.3100581317823486e+40,4.3100581317823486e+40,0.4649122807017544,0.07446808510638298,,,,,,
q,beta_x_dim,7,0.44008905448805447,100.0,,,32.0,,500,7.423040757783619e+265,7.423040757783619e+265,0.4973063973063973,0.01417004048582996,,,,,,
q,beta_x_dim,8,0.43855644177086944,100.0,,,32.0,,100,1.687876330755184e+17,1.687876330755184e+17,0.42402826855123676,0.010869565217391304,,,,,,
q,beta_x_dim,8,0.43855644177086944,100.0,,,32.0,,500,6.679061259818813e+112,6.679061259818813e+112,0.3310856372218476,0.0020325203252032522,,,,,,
q,beta_x_dim,9,0.41686723547078175,100.0,,,32.0,,100,1718.116284656256,1718.116284656256,0.3397548161120841,0.24731182795698925,,,,,,
q,beta_x_dim,9,0.41686723547078175,100.0,,,32.0,,500,2312056470927.459,2312056470927.459,0.3463480309660047,0.28600405679513186,,,,,,
q,beta_x_dim,10,0.4462354434217582,100.0,,,32.0,,100,93980.52171195725,93980.52171195725,0.4168126094570928,0.3617021276595745,,,,,,
q,beta_x_dim,10,0.4462354434217582,100.0,,,32.0,,500,2.4235377949509168e+57,2.4235377949509168e+57,0.46381689666778864,0.5364372469635628,,,,,,
q,beta_x_dim,11,0.3453439906042841,100.0,,,32.0,,100,3.682625979223813e+20,3.682625979223813e+20,0.35454545454545455,0.3655913978494624,,,,,,
q,beta_x_dim,11,0.3453439906042841,100.0,,,32.0,,500,2.7823054369155215e+139,2.7823054369155215e+139,0.32372881355932204,0.3488843813387424,,,,,,
q,beta_x_dim,12,0.5218634903299535,100.0,,,32.0,,100,7.0809874816544345e+37,7.0809874816544345e+37,0.426056338028169,0.29473684210526313,,,,,,
q,beta_x_dim,12,0.5218634903299535,100.0,,,32.0,,500,inf,inf,,,,,,,,
q,beta_x_dim,13,0.42062264887055334,100.0,,,32.0,,100,55.13415207014211,55.13415207014211,0.26964285714285713,0.0851063829787234,,,,,,
q,beta_x_dim,13,0.42062264887055334,100.0,,,32.0,,500,8.400886022606491e+209,8.400886022606491e+209,0.6618243243243244,0.805668016194332,,,,,,
q,beta_x_dim,14,0.4990514455594063,100.0,,,32.0,,100,6.671208323560923e+28,6.671208323560923e+28,0.49646643109540634,0.08421052631578947,,,,,,
q,beta_x_dim,14,0.4990514455594063,100.0,,,32.0,,500,3.365813345931513e+148,3.365813345931513e+148,0.37862440997977076,0.01616161616161616,,,,,,
q,beta_x_dim,15,0.47267108630892485,100.0,,,32.0,,100,1019772746848.0311,1019772746848.0311,0.48961937716262977,0.12631578947368421,,,,,,
q,beta_x_dim,15,0.47267108630892485,100.0,,,32.0,,500,3.856930012635676e+62,3.856930012635676e+62,0.5010073875083949,0.32323232323232326,,,,,,
q,beta_x_dim,16,0.45145873378777773,100.0,,,32.0,,100,1.5782295391651299e+22,1.5782295391651299e+22,0.22003577817531306,0.4787234042553192,,,,,,
q,beta_x_dim,16,0.45145873378777773,100.0,,,32.0,,500,1.4174568440357945e+140,1.4174568440357945e+140,0.26326461642446775,0.5506072874493927,,,,,,
q,beta_x_dim,17,0.4502359836938825,100.0,,,32.0,,100,12707.49059506353,12707.49059506353,0.44881889763779526,0.09574468085106383,,,,,,
q,beta_x_dim,17,0.4502359836938825,100.0,,,32.0,,500,6.777833445760352e+35,6.777833445760352e+35,0.3425034387895461,0.018218623481781375,,,,,,
q,beta_x_dim,18,0.5626601659757056,100.0,,,32.0,,100,4.063786028503241e+38,4.063786028503241e+38,0.3398230088495575,0.22580645161290322,,,,,,
q,beta_x_dim,18,0.5626601659757056,100.0,,,32.0,,500,7.098605131171538e+180,7.098605131171538e+180,0.3254637436762226,0.3144016227180527,,,,,,
q,beta_x_dim,19,0.41077051363789985,100.0,,,32.0,,100,92673730230456.69,92673730230456.69,0.4077328646748682,0.8152173913043478,,,,,,
q,beta_x_dim,19,0.41077051363789985,100.0,,,32.0,,500,9.107378450312705e+90,9.107378450312705e+90,0.4826540922869653,0.8577235772357723,,,,,,
q,beta_x_dim,4,0.4116536270898129,100.0,,,64.0,,100,3.7711317513677467,3.1427492028690076,0.4510166358595194,0.4105263157894737,,,,,,
q,beta_x_dim,4,0.4116536270898129,100.0,,,64.0,,500,1041.0974096059324,1041.0974096059324,0.4291057463447807,0.47878787878787876,,,,,,
q,beta_x_dim,5,0.29343300693331814,100.0,,,64.0,,100,9.041478822900999,8.043953612654173,0.13986013986013987,0.23404255319148937,,,,,,
q,beta_x_dim,5,0.29343300693331814,100.0,,,64.0,,500,3897030218483.6006,3897030218483.6006,0.3246971736204576,0.2165991902834008,,,,,,
q,beta_x_dim,6,0.42163379283891284,100.0,,,64.0,,100,13.72233046209136,12.796597454015945,0.39676840215439857,0.0,,,,,,
q,beta_x_dim,6,0.42163379283891284,100.0,,,64.0,,500,5.92486657401067e+64,5.92486657401067e+64,0.4044639837673318,0.0,,,,,,
q,beta_x_dim,7,0.34813570903299706,100.0,,,64.0,,100,369.8262572710167,369.8262572710167,0.5964912280701754,0.13829787234042554,,,,,,
q,beta_x_dim,7,0.34813570903299706,100.0,,,64.0,,500,1.5817639587717832e+100,1.5817639587717832e+100,0.5895622895622895,0.13765182186234817,,,,,,
q,beta_x_dim,0,0.3221759901052828,100.0,,,64.0,,100,6.949253919737335e+28,6.949253919737335e+28,0.41237113402061853,0.14893617021276595,,,,,,
q,beta_x_dim,0,0.3221759901052828,100.0,,,64.0,,500,1.6881588299634505e+175,1.6881588299634505e+175,0.38095238095238093,0.04251012145748988,,,,,,
q,beta_x_dim,1,0.29558078375967123,100.0,,,64.0,,100,1.0411066158864692e+22,1.0411066158864692e+22,0.3473491773308958,0.3870967741935484,,,,,,
q,beta_x_dim,1,0.29558078375967123,100.0,,,64.0,,500,7.927381747824511e+153,7.927381747824511e+153,0.333220223956566,0.332657200811359,,,,,,
q,beta_x_dim,2,0.3180382777636512,100.0,,,64.0,,100,4.223678433878325,3.821279203793004,0.46366782006920415,0.28421052631578947,,,,,,
q,beta_x_dim,2,0.3180382777636512,100.0,,,64.0,,500,1984.039872955844,1984.039872955844,0.3562793821356615,0.41414141414141414,,,,,,
q,beta_x_dim,3,0.36692874187724284,100.0,,,64.0,,100,4.197923423724922,4.197923423724922,0.3304042179261863,0.23655913978494625,,,,,,
q,beta_x_dim,3,0.36692874187724284,100.0,,,64.0,,500,2.7529622594289324e+51,2.7529622594289324e+51,0.34253957561468507,0.3002028397565923,,,,,,
q,beta_x_dim,8,0.31157596513111496,100.0,,,64.0,,100,4.436912717800572,4.436912717800572,0.43992932862190814,1.0,,,,,,
q,beta_x_dim,8,0.31157596513111496,100.0,,,64.0,,500,111.3762039498516,111.3762039498516,0.4908968307484828,0.5650406504065041,,,,,,
q,beta_x_dim,9,0.34561243486758075,100.0,,,64.0,,100,39.842507066757015,39.842507066757015,0.3397548161120841,0.1827956989247312,,,,,,
q,beta_x_dim,9,0.34561243486758075,100.0,,,64.0,,500,17287.14402251063,17287.14402251063,0.36654325143049477,0.26369168356997974,,,,,,
q,beta_x_dim,10,0.378879289575792,100.0,,,64.0,,100,27236232.701600168,27236232.701600168,0.553415061295972,0.40425531914893614,,,,,,
q,beta_x_dim,10,0.378879289575792,100.0,,,64.0,,500,7.6487391287269e+88,7.6487391287269e+88,0.439246045102659,0.5445344129554656,,,,,,
q,beta_x_dim,11,0.32740539883828845,100.0,,,64.0,,100,2436122.429624694,2436122.429624694,0.34545454545454546,0.3763440860215054,,,,,,
q,beta_x_dim,11,0.32740539883828845,100.0,,,64.0,,500,1.0054170562397377e+111,1.0054170562397377e+111,0.3705084745762712,0.3509127789046653,,,,,,
q,beta_x_dim,0,0.2769788139980297,100.0,,,128.0,,100,1.126757933813858e+17,1.126757933813858e+17,0.45017182130584193,0.5,,,,,,
q,beta_x_dim,0,0.2769788139980297,100.0,,,128.0,,500,1.441349803062043e+122,1.441349803062043e+122,0.4124748490945674,0.3785425101214575,,,,,,
q,beta_x_dim,1,0.2437982963519862,100.0,,,128.0,,100,9.615434672618346,9.615434672618346,0.24862888482632542,0.22580645161290322,,,,,,
q,beta_x_dim,1,0.2437982963519862,100.0,,,128.0,,500,1601.2070294470675,1601.2070294470675,0.37393959959280626,0.2880324543610548,,,,,,
q,beta_x_dim,2,0.24339730327335968,100.0,,,128.0,,100,4.480138883647687,4.288083169643282,0.4429065743944637,0.28421052631578947,,,,,,
q,beta_x_dim,2,0.24339730327335968,100.0,,,128.0,,500,22.71819488687248,21.475915500811816,0.41336467427803897,0.30505050505050507,,,,,,
q,beta_x_dim,3,0.22659351652488344,100.0,,,128.0,,100,3.7845909246801632,3.6765541904956986,0.5536028119507909,0.13978494623655913,,,,,,
q,beta_x_dim,3,0.22659351652488344,100.0,,,128.0,,500,7.241964237786991e+18,7.241964237786991e+18,0.37116874368474234,0.29411764705882354,,,,,,
q,beta_x_dim,12,0.37647967684533196,100.0,,,64.0,,100,16.491734087382362,16.491734087382362,0.31338028169014087,0.3263157894736842,,,,,,
q,beta_x_dim,12,0.37647967684533196,100.0,,,64.0,,500,4.1679453057425166e+115,4.1679453057425166e+115,0.3918463611859838,0.5212121212121212,,,,,,
q,beta_x_dim,13,0.3272847901693679,100.0,,,64.0,,100,311131524.97910935,311131524.97910935,0.6446428571428572,0.32978723404255317,,,,,,
q,beta_x_dim,13,0.3272847901693679,100.0,,,64.0,,500,3.760962962009054e+177,3.760962962009054e+177,0.610472972972973,0.8663967611336032,,,,,,
q,beta_x_dim,14,0.32643791641323355,100.0,,,64.0,,100,4.1579625674785685,4.1579625674785685,0.3674911660777385,0.2736842105263158,,,,,,
q,beta_x_dim,14,0.32643791641323355,100.0,,,64.0,,500,287.7072674194873,287.7072674194873,0.49561699258260283,0.2545454545454545,,,,,,
q,beta_x_dim,15,0.31240187704456923,100.0,,,64.0,,100,13.073750114028053,13.073750114028053,0.527681660899654,0.0,,,,,,
q,beta_x_dim,15,0.31240187704456923,100.0,,,64.0,,500,5.887136965644075e+20,5.887136965644075e+20,0.5372733378106112,0.7191919191919192,,,,,,
q,beta_x_dim,16,0.3106442961881303,100.0,,,64.0,,100,7057.849949811219,7057.849949811219,0.2629695885509839,0.35106382978723405,,,,,,
q,beta_x_dim,16,0.3106442961881303,100.0,,,64.0,,500,137491.59767136458,137491.59767136458,0.3183507941872254,0.354251012145749,,,,,,
q,beta_x_dim,17,0.33758709179713225,100.0,,,64.0,,100,8.111559880018769,4.7480704961960765,0.29133858267716534,0.0,,,,,,
q,beta_x_dim,17,0.33758709179713225,100.0,,,64.0,,500,2.3258429617747104e+24,2.3258429617747104e+24,0.45839064649243466,0.010121457489878543,,,,,,
q,beta_x_dim,18,0.36277063351344463,100.0,,,64.0,,100,138.52210784703436,138.52210784703436,0.4584070796460177,0.20430107526881722,,,,,,
q,beta_x_dim,18,0.36277063351344463,100.0,,,64.0,,500,7.487772180162697e+23,7.487772180162697e+23,0.37200674536256323,0.31237322515212984,,,,,,
q,beta_x_dim,19,0.27197824426002815,100.0,,,64.0,,100,1511.1189648951101,1511.1189648951101,0.3216168717047452,0.14130434782608695,,,,,,
q,beta_x_dim,19,0.27197824426002815,100.0,,,64.0,,500,12037.618949645857,12037.618949645857,0.3310879083866622,0.47764227642276424,,,,,,
q,beta_x_dim,8,0.21497418970360005,100.0,,,128.0,,100,11.986085578777542,11.986085578777542,0.22614840989399293,0.08695652173913043,,,,,,
q,beta_x_dim,8,0.21497418970360005,100.0,,,128.0,,500,41.634375636530756,41.634375636530756,0.05428186109238031,0.02032520325203252,,,,,,
q,beta_x_dim,9,0.25677513532597473,100.0,,,128.0,,100,3.278489135898422,3.26071341120354,0.38879159369527144,0.1935483870967742,,,,,,
q,beta_x_dim,9,0.25677513532597473,100.0,,,128.0,,500,23393463.754114103,23393463.754114103,0.38438236284079436,0.34279918864097364,,,,,,
q,beta_x_dim,10,0.24864634171425817,100.0,,,128.0,,100,36.54679205745581,32.67757503929601,0.3134851138353765,0.26595744680851063,,,,,,
q,beta_x_dim,10,0.24864634171425817,100.0,,,128.0,,500,3.9433243010769504e+34,3.9433243010769504e+34,0.44867048131942106,0.5020242914979757,,,,,,
q,beta_x_dim,11,0.19742178677610114,100.0,,,128.0,,100,1.6786605272783235,1.6786605272783235,0.6527272727272727,0.08602150537634409,,,,,,
q,beta_x_dim,11,0.19742178677610114,100.0,,,128.0,,500,5.0539680601670606e+66,5.0539680601670606e+66,0.49457627118644065,0.1257606490872211,,,,,,
q,beta_x_dim,12,0.2230611143413504,100.0,,,128.0,,100,2.169744998037564,1.7201730241414992,0.7658450704225352,0.3473684210526316,,,,,,
q,beta_x_dim,12,0.2230611143413504,100.0,,,128.0,,500,29.151526802297997,28.960060393876137,0.39824797843665766,0.40404040404040403,,,,,,
q,beta_x_dim,13,0.2868358576336272,100.0,,,128.0,,100,3.4743033269945287,3.4743033269945287,0.4928571428571429,0.0,,,,,,
q,beta_x_dim,13,0.2868358576336272,100.0,,,128.0,,500,9.158022617271463,9.135608293421761,0.614527027027027,0.0,,,,,,
q,beta_x_dim,14,0.260450112016454,100.0,,,128.0,,100,9.995821901268968,9.698031124879579,0.568904593639576,0.9157894736842105,,,,,,
q,beta_x_dim,14,0.260450112016454,100.0,,,128.0,,500,140.15391302571928,140.15391302571928,0.3830074173971679,0.6060606060606061,,,,,,
q,beta_x_dim,15,0.21082258344736124,100.0,,,128.0,,100,4.890982418762503,4.7871962072497345,0.4930795847750865,0.9894736842105263,,,,,,
q,beta_x_dim,15,0.21082258344736124,100.0,,,128.0,,500,24.36195083359611,24.36195083359611,0.38415043653458697,0.8707070707070707,,,,,,
q,beta_x_dim,4,0.24637052301705475,100.0,,,128.0,,100,7.4498409451327605,7.4498409451327605,0.4048059149722736,0.25263157894736843,,,,,,
q,beta_x_dim,4,0.24637052301705475,100.0,,,128.0,,500,307.09349224172166,307.09349224172166,0.3447806868412105,0.37777777777777777,,,,,,
q,beta_x_dim,5,0.20071251771841217,100.0,,,128.0,,100,4.32230448355559,4.32230448355559,0.6503496503496503,0.0,,,,,,
q,beta_x_dim,5,0.20071251771841217,100.0,,,128.0,,500,11.696224664952798,8.240666960272376,0.5572005383580081,0.0,,,,,,
q,beta_x_dim,6,0.2719857913570569,100.0,,,128.0,,100,600.2634646427367,600.2634646427367,0.49371633752244165,0.43010752688172044,,,,,,
q,beta_x_dim,6,0.2719857913570569,100.0,,,128.0,,500,1.3737783373101138e+57,1.3737783373101138e+57,0.4802164355765979,0.08113590263691683,,,,,,
q,beta_x_dim,7,0.2114275672740672,100.0,,,128.0,,100,19.543571740994558,18.05295984572704,0.7298245614035088,0.0,,,,,,
q,beta_x_dim,7,0.2114275672740672,100.0,,,128.0,,500,7.568882314718716e+61,7.568882314718716e+61,0.48518518518518516,0.10931174089068826,,,,,,
q,beta_x_dim,16,0.23833394272384162,100.0,,,128.0,,100,7.048670893853204,7.048670893853204,0.38998211091234347,0.0851063829787234,,,,,,
q,beta_x_dim,16,0.23833394272384162,100.0,,,128.0,,500,706.1482550480773,706.1482550480773,0.36160865157147687,0.05465587044534413,,,,,,
q,beta_x_dim,17,0.18109927793474564,100.0,,,128.0,,100,1.295670977635391e+17,1.295670977635391e+17,0.6535433070866141,0.10638297872340426,,,,,,
q,beta_x_dim,17,0.18109927793474564,100.0,,,128.0,,500,6.7005406577426e+140,6.7005406577426e+140,0.6045392022008254,0.020242914979757085,,,,,,
q,beta_x_dim,18,0.31053197415363676,100.0,,,128.0,,100,4.42165822830753,4.42165822830753,0.7628318584070797,0.20430107526881722,,,,,,
q,beta_x_dim,18,0.31053197415363676,100.0,,,128.0,,500,24.756594815430187,18.186319573894156,0.48128161888701515,0.31237322515212984,,,,,,
q,beta_x_dim,19,0.18282952887106366,100.0,,,128.0,,100,8.876226028984295,3.7570378952993764,0.4112478031634446,0.05434782608695652,,,,,,
q,beta_x_dim,19,0.18282952887106366,100.0,,,128.0,,500,166.12784741380648,166.12784741380648,0.34961266419669923,0.10975609756097561,,,,,,
q,beta_x_dim,0,0.1561151590110898,100.0,,,256.0,,100,21.71332420838318,21.71332420838318,0.5429553264604811,0.5425531914893617,,,,,,
q,beta_x_dim,0,0.1561151590110898,100.0,,,256.0,,500,6.870343387531065e+29,6.870343387531065e+29,0.4939637826961771,0.43724696356275305,,,,,,
q,beta_x_dim,1,0.15445491624175076,100.0,,,256.0,,100,10.298111588239065,10.298111588239065,0.2595978062157221,0.3870967741935484,,,,,,
q,beta_x_dim,1,0.15445491624175076,100.0,,,256.0,,500,869.0519256447682,869.0519256447682,0.3668137088564642,0.513184584178499,,,,,,
q,beta_x_dim,2,0.16114444286301777,100.0,,,256.0,,100,18.178946338401037,18.178946338401037,0.2975778546712803,0.28421052631578947,,,,,,
q,beta_x_dim,2,0.16114444286301777,100.0,,,256.0,,500,2.691773609197577e+61,2.691773609197577e+61,0.40463398253861654,0.0707070707070707,,,,,,
q,beta_x_dim,3,0.13866386499393055,100.0,,,256.0,,100,3.5984827849217864,3.5984827849217864,0.6748681898066784,0.23655913978494625,,,,,,
q,beta_x_dim,3,0.13866386499393055,100.0,,,256.0,,500,20.143665514667127,20.143665514667127,0.6352307174132704,0.20081135902636918,,,,,,
q,beta_x_dim,4,0.21990329369582884,100.0,,,256.0,,100,3.6102503458316972,3.6102503458316972,0.2476894639556377,0.29473684210526313,,,,,,
q,beta_x_dim,4,0.21990329369582884,100.0,,,256.0,,500,192.8448458918711,192.8448458918711,0.32301938116286977,0.301010101010101,,,,,,
q,beta_x_dim,5,0.17067975290917176,100.0,,,256.0,,100,1.963040024746682,1.884580053165584,0.6293706293706294,0.0,,,,,,
q,beta_x_dim,5,0.17067975290917176,100.0,,,256.0,,500,1.2788477084224662e+22,1.2788477084224662e+22,0.46231493943472407,0.024291497975708502,,,,,,
q,beta_x_dim,6,0.18269616655706372,100.0,,,256.0,,100,18.490840060191836,17.016064816229132,0.33213644524236985,0.0,,,,,,
q,beta_x_dim,6,0.18269616655706372,100.0,,,256.0,,500,7.639286369400829e+27,7.639286369400829e+27,0.4250929996618194,0.0,,,,,,
q,beta_x_dim,7,0.13826212996288562,100.0,,,256.0,,100,7.176241247749037,6.214179367573471,0.3,0.1276595744680851,,,,,,
q,beta_x_dim,7,0.13826212996288562,100.0,,,256.0,,500,3.6919995458242786e+26,3.6919995458242786e+26,0.295959595959596,0.6072874493927125,,,,,,
q,beta_x_dim,8,0.1738344351847317,100.0,,,256.0,,100,4.513844267439155,4.513844267439155,0.41519434628975266,0.0,,,,,,
q,beta_x_dim,8,0.1738344351847317,100.0,,,256.0,,500,159.36692959102945,159.36692959102945,0.5006743088334458,0.3475609756097561,,,,,,
q,beta_x_dim,9,0.2133657125731659,100.0,,,256.0,,100,2.3337996412902577,1.6304811772537988,0.46935201401050786,0.1935483870967742,,,,,,
q,beta_x_dim,9,0.2133657125731659,100.0,,,256.0,,500,29.980531893355042,26.114391085384366,0.42376304274654997,0.34685598377281945,,,,,,
q,beta_x_dim,10,0.2254427509551922,100.0,,,256.0,,100,6.1663345398529845,6.1663345398529845,0.8844133099824869,0.07446808510638298,,,,,,
q,beta_x_dim,10,0.2254427509551922,100.0,,,256.0,,500,80.56178098939115,80.56178098939115,0.6226859643217771,0.11133603238866396,,,,,,
q,beta_x_dim,11,0.18400491382186593,100.0,,,256.0,,100,2.262994165537663,2.262994165537663,0.37636363636363634,0.3763440860215054,,,,,,
q,beta_x_dim,11,0.18400491382186593,100.0,,,256.0,,500,3.185437632336566e+36,3.185437632336566e+36,0.37559322033898307,0.3630831643002028,,,,,,
q,beta_x_dim,12,0.1576595918302586,100.0,,,256.0,,100,1.4610252292016859,1.4610252292016859,0.5387323943661971,0.3473684210526316,,,,,,
q,beta_x_dim,12,0.1576595918302586,100.0,,,256.0,,500,727.3916115791795,727.3916115791795,0.28672506738544473,0.39595959595959596,,,,,,
q,beta_x_dim,13,0.18253185970822572,100.0,,,256.0,,100,6.996218326709613,6.996218326709613,0.4732142857142857,0.0,,,,,,
q,beta_x_dim,13,0.18253185970822572,100.0,,,256.0,,500,11.936663783549783,10.31353129055035,0.39864864864864863,0.0,,,,,,
q,beta_x_dim,14,0.13142538045178465,100.0,,,256.0,,100,3.606183712688803,3.606183712688803,0.6784452296819788,0.9157894736842105,,,,,,
q,beta_x_dim,14,0.13142538045178465,100.0,,,256.0,,500,2.070733102439857e+23,2.070733102439857e+23,0.418745785569791,0.6848484848484848,,,,,,
q,beta_x_dim,15,0.14793046647697203,100.0,,,256.0,,100,6.891009547895522,6.26992677711906,0.4602076124567474,1.0,,,,,,
q,beta_x_dim,15,0.14793046647697203,100.0,,,256.0,,500,38.19842896785169,33.428309891043696,0.3989254533243788,0.8848484848484849,,,,,,
q,beta_x_dim,16,0.18161749868678914,100.0,,,256.0,,100,5.932374635259699,5.932374635259699,0.5652951699463328,0.5,,,,,,
q,beta_x_dim,16,0.18161749868678914,100.0,,,256.0,,500,70.93489298475382,70.93489298475382,0.5549172017573505,0.4008097165991903,,,,,,
q,beta_x_dim,17,0.16047953125249814,100.0,,,256.0,,100,5351002.3197888825,5351002.3197888825,0.8641732283464567,0.44680851063829785,,,,,,
q,beta_x_dim,17,0.16047953125249814,100.0,,,256.0,,500,1.5532582046766927e+96,1.5532582046766927e+96,0.6519944979367263,0.7449392712550608,,,,,,
q,beta_x_dim,18,0.15352245847039855,100.0,,,256.0,,100,22.364847555822152,22.364847555822152,0.6247787610619469,0.5698924731182796,,,,,,
q,beta_x_dim,18,0.15352245847039855,100.0,,,256.0,,500,1.5485338849771767e+56,1.5485338849771767e+56,0.4219224283305228,0.3711967545638945,,,,,,
q,beta_x_dim,19,0.16055016960496735,100.0,,,256.0,,100,3.6010390000620687,3.5937870074363136,0.19507908611599298,0.0,,,,,,
q,beta_x_dim,19,0.16055016960496735,100.0,,,256.0,,500,142.57220984829755,142.57220984829755,0.3445604580666891,0.12804878048780488,,,,,,
q,beta_x_dim,0,0.1030968424041055,100.0,,,512.0,,100,3.1372144486804094,3.1372144486804094,0.4261168384879725,0.6276595744680851,,,,,,
q,beta_x_dim,0,0.1030968424041055,100.0,,,512.0,,500,1.216872471918192e+43,1.216872471918192e+43,0.47149564050972503,0.6639676113360324,,,,,,
q,beta_x_dim,1,0.11402962694717797,100.0,,,512.0,,100,5.784469510414389,5.7600004750631815,0.4424131627056673,0.27956989247311825,,,,,,
q,beta_x_dim,1,0.11402962694717797,100.0,,,512.0,,500,180.9249692443558,180.9249692443558,0.5551408211740754,0.5476673427991886,,,,,,
q,beta_x_dim,2,0.09277918554637624,100.0,,,512.0,,100,5.942809754461074,5.942809754461074,0.7439446366782007,0.28421052631578947,,,,,,
q,beta_x_dim,2,0.09277918554637624,100.0,,,512.0,,500,4.437929179117873e+32,4.437929179117873e+32,0.45936870382807254,0.10101010101010101,,,,,,
q,beta_x_dim,3,0.11894049171114318,100.0,,,512.0,,100,2.1720497871426563,2.1720497871426563,0.6449912126537786,0.24731182795698925,,,,,,
q,beta_x_dim,3,0.11894049171114318,100.0,,,512.0,,500,8.619357656017732,8.619357656017732,0.4506567867969013,0.33874239350912777,,,,,,
q,beta_x_dim,4,0.14268678140884683,100.0,,,512.0,,100,1.4995601548806672,1.4995601548806672,0.6303142329020333,0.3894736842105263,,,,,,
q,beta_x_dim,4,0.14268678140884683,100.0,,,512.0,,500,91.60818734362499,91.60818734362499,0.46922815368922133,0.4868686868686869,,,,,,
q,beta_x_dim,5,0.10644876296519895,100.0,,,512.0,,100,2.6641778142634136,2.615603602224951,0.6765734265734266,0.0,,,,,,
q,beta_x_dim,5,0.10644876296519895,100.0,,,512.0,,500,56.75438431103285,54.98226378353349,0.4929340511440108,0.02834008097165992,,,,,,
q,beta_x_dim,6,0.12019731741215293,100.0,,,512.0,,100,4.359336180340469,4.359336180340469,0.7307001795332136,0.0,,,,,,
q,beta_x_dim,6,0.12019731741215293,100.0,,,512.0,,500,17.140355488985946,17.069085931644857,0.8532296246195469,0.0,,,,,,
q,beta_x_dim,7,0.11257652452691455,100.0,,,512.0,,100,3.1171584330701556,3.1171584330701556,0.7526315789473684,0.1276595744680851,,,,,,
q,beta_x_dim,7,0.11257652452691455,100.0,,,512.0,,500,9.71339433242643e+36,9.71339433242643e+36,0.5158249158249159,0.5769230769230769,,,,,,
q,beta_x_dim,8,0.14175730965559552,100.0,,,512.0,,100,6.348513237383714,6.348513237383714,0.5512367491166078,0.34782608695652173,,,,,,
q,beta_x_dim,8,0.14175730965559552,100.0,,,512.0,,500,29.72107550666847,29.72107550666847,0.3189480782198247,0.3699186991869919,,,,,,
q,beta_x_dim,9,0.133041364360873,100.0,,,512.0,,100,0.7984647542107884,0.7984647542107884,0.5604203152364273,0.1935483870967742,,,,,,
q,beta_x_dim,9,0.133041364360873,100.0,,,512.0,,500,11.333354736383317,8.507925471998844,0.6112420060585662,0.25963488843813387,,,,,,
q,beta_x_dim,10,0.11696794879720462,100.0,,,512.0,,100,2.521969218813512,2.521969218813512,0.6199649737302977,0.07446808510638298,,,,,,
q,beta_x_dim,10,0.11696794879720462,100.0,,,512.0,,500,14.92986706105526,14.92986706105526,0.5095927297206327,0.09919028340080972,,,,,,
q,beta_x_dim,11,0.12460176632558295,100.0,,,512.0,,100,2.476159412355213,2.476159412355213,0.8563636363636363,0.3763440860215054,,,,,,
q,beta_x_dim,11,0.12460176632558295,100.0,,,512.0,,500,4.832491703182933e+52,4.832491703182933e+52,0.483728813559322,0.3509127789046653,,,,,,
q,beta_x_dim,12,0.13827661620596518,100.0,,,512.0,,100,2.802228886295021,2.802228886295021,0.49295774647887325,0.3473684210526316,,,,,,
q,beta_x_dim,12,0.13827661620596518,100.0,,,512.0,,500,6.85830835977988e+25,6.85830835977988e+25,0.38746630727762804,0.5151515151515151,,,,,,
q,beta_x_dim,13,0.11962817767956364,100.0,,,512.0,,100,3.2313272452066704,3.2313272452066704,0.4660714285714286,0.0,,,,,,
q,beta_x_dim,13,0.11962817767956364,100.0,,,512.0,,500,13.759324648377978,13.759324648377978,0.4206081081081081,0.08097165991902834,,,,,,
q,beta_x_dim,14,0.13408705931864914,100.0,,,512.0,,100,24.641862762046742,24.641862762046742,0.9664310954063604,0.9157894736842105,,,,,,
q,beta_x_dim,14,0.13408705931864914,100.0,,,512.0,,500,3.1158897736461283e+53,3.1158897736461283e+53,0.5856372218476062,0.20404040404040405,,,,,,
q,beta_x_dim,15,0.09673746703633918,100.0,,,512.0,,100,3.3564238421459054,3.3564238421459054,0.47923875432525953,1.0,,,,,,
q,beta_x_dim,15,0.09673746703633918,100.0,,,512.0,,500,32.15427571076786,29.856437583068907,0.43888515782404297,0.9212121212121213,,,,,,
q,beta_x_dim,16,0.11747950139268575,100.0,,,512.0,,100,1.3069861567374186,1.3023083593399705,0.7191413237924866,0.0851063829787234,,,,,,
q,beta_x_dim,16,0.11747950139268575,100.0,,,512.0,,500,8.04912521454714,8.04912521454714,0.6015545792497465,0.016194331983805668,,,,,,
q,beta_x_dim,17,0.14178263459597212,100.0,,,512.0,,100,15.74088507438045,15.74088507438045,0.889763779527559,0.8404255319148937,,,,,,
q,beta_x_dim,17,0.14178263459597212,100.0,,,512.0,,500,6.2150222499020185e+60,6.2150222499020185e+60,0.6066024759284732,0.819838056680162,,,,,,
q,beta_x_dim,18,0.09076250392557922,100.0,,,512.0,,100,1.5435502294112005,1.5435502294112005,0.6300884955752213,0.22580645161290322,,,,,,
q,beta_x_dim,18,0.09076250392557922,100.0,,,512.0,,500,126.02887190911646,126.02887190911646,0.4897133220910624,0.32454361054766734,,,,,,
q,beta_x_dim,19,0.12331536105543583,100.0,,,512.0,,100,3.092561435717228,3.0849346468107472,0.30404217926186294,0.0,,,,,,
q,beta_x_dim,19,0.12331536105543583,100.0,,,512.0,,500,9.775351429420322,8.843610055103047,0.1505557426743011,0.0,,,,,,
q,beta_x_dim,0,0.08324559249809413,100.0,,,1024.0,,100,2.629585480770836,2.481714005755314,0.44501718213058417,0.6595744680851063,,,,,,
q,beta_x_dim,0,0.08324559249809413,100.0,,,1024.0,,500,7.1718924893359356e+25,7.1718924893359356e+25,0.5016767270288397,0.694331983805668,,,,,,
q,beta_x_dim,1,0.09773989892106646,100.0,,,1024.0,,100,3.930769232141987,3.930769232141987,0.19012797074954296,0.5053763440860215,,,,,,
q,beta_x_dim,1,0.09773989892106646,100.0,,,1024.0,,500,31.722751250005533,31.528252899498742,0.29691211401425177,0.3691683569979716,,,,,,
q,beta_x_dim,2,0.09817623108532308,100.0,,,1024.0,,100,3.337080054341538,3.337080054341538,0.6453287197231834,0.28421052631578947,,,,,,
q,beta_x_dim,2,0.09817623108532308,100.0,,,1024.0,,500,5.536585215898383e+38,5.536585215898383e+38,0.4738079247817327,0.10101010101010101,,,,,,
q,beta_x_dim,3,0.12022087397697476,100.0,,,1024.0,,100,1.4363931237662144,1.3453842257737927,0.9349736379613357,0.3978494623655914,,,,,,
q,beta_x_dim,3,0.12022087397697476,100.0,,,1024.0,,500,7.136483848649033,6.77927367681209,0.8009430784776019,0.6490872210953347,,,,,,
q,beta_x_dim,4,0.08582136460463576,100.0,,,1024.0,,100,1.4586093993097777,1.4499753365325012,0.4824399260628466,0.7368421052631579,,,,,,
q,beta_x_dim,4,0.08582136460463576,100.0,,,1024.0,,500,53.84942887021673,53.84942887021673,0.45358721523291395,0.7737373737373737,,,,,,
q,beta_x_dim,5,0.09529049869152607,100.0,,,1024.0,,100,1.0495116610766382,1.0475077729825373,0.8548951048951049,0.0,,,,,,
q,beta_x_dim,5,0.09529049869152607,100.0,,,1024.0,,500,5.978533076031072,5.966417216535715,0.3714670255720054,0.0,,,,,,
q,beta_x_dim,6,0.08587568835618739,100.0,,,1024.0,,100,2.6739187915523766,2.6739187915523766,0.5619389587073609,0.0,,,,,,
q,beta_x_dim,6,0.08587568835618739,100.0,,,1024.0,,500,9.96161556954359,9.891481129375418,0.7575245180926615,0.0,,,,,,
q,beta_x_dim,7,0.08448072310305692,100.0,,,1024.0,,100,6.781180342389496,6.595638652258508,0.5561403508771929,0.24468085106382978,,,,,,
q,beta_x_dim,7,0.08448072310305692,100.0,,,1024.0,,500,65.63446237060842,59.799887272532075,0.4734006734006734,0.2165991902834008,,,,,,
q,beta_x_dim,8,0.0855617921909968,100.0,,,1024.0,,100,1.1809971541735913,1.1809971541735913,0.9699646643109541,0.34782608695652173,,,,,,
q,beta_x_dim,8,0.0855617921909968,100.0,,,1024.0,,500,5.050373563454837,3.975963647061744,0.6587997302764667,0.3780487804878049,,,,,,
q,beta_x_dim,9,0.10035694822361248,100.0,,,1024.0,,100,1.2352836036071206,1.2352836036071206,0.6549912434325744,0.1935483870967742,,,,,,
q,beta_x_dim,9,0.10035694822361248,100.0,,,1024.0,,500,5.985892172221799,5.985892172221799,0.4516997643890946,0.26774847870182555,,,,,,
q,beta_x_dim,10,0.09406626998612011,100.0,,,1024.0,,100,0.8505116179632264,0.8505116179632264,0.6112084063047285,0.07446808510638298,,,,,,
q,beta_x_dim,10,0.09406626998612011,100.0,,,1024.0,,500,9.400377649899465,9.400377649899465,0.5661393470212049,0.09919028340080972,,,,,,
q,beta_x_dim,11,0.09945804358707247,100.0,,,1024.0,,100,1.737672131823896,1.737672131823896,0.7818181818181819,0.3763440860215054,,,,,,
q,beta_x_dim,11,0.09945804358707247,100.0,,,1024.0,,500,15.407095609853805,5.73535582111032,0.44033898305084745,0.3509127789046653,,,,,,
q,beta_x_dim,12,0.06626174638131117,100.0,,,1024.0,,100,1.75813103528144,1.75813103528144,0.47183098591549294,0.0,,,,,,
q,beta_x_dim,12,0.06626174638131117,100.0,,,1024.0,,500,1.697944620294903e+20,1.697944620294903e+20,0.35950134770889486,0.3838383838383838,,,,,,
q,beta_x_dim,13,0.08761840355965336,100.0,,,1024.0,,100,2.4550190023904213,2.4550190023904213,0.4303571428571429,1.0,,,,,,
q,beta_x_dim,13,0.08761840355965336,100.0,,,1024.0,,500,15.244253982057968,12.014851495454387,0.4918918918918919,0.9453441295546559,,,,,,
q,beta_x_dim,14,0.09758045951667538,100.0,,,1024.0,,100,0.6179923353653489,0.6179923353653489,0.303886925795053,0.08421052631578947,,,,,,
q,beta_x_dim,14,0.09758045951667538,100.0,,,1024.0,,500,28.500517573700673,28.500517573700673,0.25623735670937287,0.27070707070707073,,,,,,
q,beta_x_dim,15,0.0830707630274445,100.0,,,1024.0,,100,0.7877194168563697,0.732808988461105,0.5397923875432526,0.0,,,,,,
q,beta_x_dim,15,0.0830707630274445,100.0,,,1024.0,,500,4.563950772030414,4.331393087219401,0.49697783747481533,0.0,,,,,,
q,beta_x_dim,16,0.08225942591702709,100.0,,,1024.0,,100,2.912169999462986,2.912169999462986,0.40250447227191416,0.0851063829787234,,,,,,
q,beta_x_dim,16,0.08225942591702709,100.0,,,1024.0,,500,34.22788653086237,34.22788653086237,0.430888813788442,0.27125506072874495,,,,,,
q,beta_x_dim,17,0.10326707211743168,100.0,,,1024.0,,100,4.42437057845476,4.42437057845476,0.9330708661417323,0.09574468085106383,,,,,,
q,beta_x_dim,17,0.10326707211743168,100.0,,,1024.0,,500,3.3275244380847354e+42,3.3275244380847354e+42,0.6640302613480055,0.6720647773279352,,,,,,
q,beta_x_dim,18,0.07596835511935024,100.0,,,1024.0,,100,0.9018775427347345,0.9018775427347345,0.7168141592920354,0.6021505376344086,,,,,,
q,beta_x_dim,18,0.07596835511935024,100.0,,,1024.0,,500,43.43708045354631,43.43708045354631,0.6728499156829679,0.41379310344827586,,,,,,
q,beta_x_dim,19,0.08491267679941217,100.0,,,1024.0,,100,3.35748469933311,3.35748469933311,0.3884007029876977,0.0,,,,,,
q,beta_x_dim,19,0.08491267679941217,100.0,,,1024.0,,500,5.676439303305873,5.676439303305873,0.2452004041764904,0.0,,,,,,
q,beta_x_dim,0,0.059090624581029906,100.0,,,2048.0,,100,1.4605185678836254,1.4605185678836254,0.4948453608247423,0.3829787234042553,,,,,,
q,beta_x_dim,0,0.059090624581029906,100.0,,,2048.0,,500,11.05439357039073,11.05439357039073,0.4416498993963783,0.4149797570850202,,,,,,
q,beta_x_dim,1,0.08055266966973045,100.0,,,2048.0,,100,1.556603725742536,1.556603725742536,0.32541133455210236,0.6559139784946236,,,,,,
q,beta_x_dim,1,0.08055266966973045,100.0,,,2048.0,,500,15.782066551894058,15.782066551894058,0.35290125551408214,0.6754563894523327,,,,,,
q,beta_x_dim,2,0.07384748219446115,100.0,,,2048.0,,100,0.6648886424984994,0.6648886424984994,0.9134948096885813,0.28421052631578947,,,,,,
q,beta_x_dim,2,0.07384748219446115,100.0,,,2048.0,,500,13.729279917143694,13.729279917143694,0.7397582269979852,0.30505050505050507,,,,,,
q,beta_x_dim,3,0.08073623483363201,100.0,,,2048.0,,100,1.042820886023181,1.0354538132721856,0.8769771528998243,0.3978494623655914,,,,,,
q,beta_x_dim,3,0.08073623483363201,100.0,,,2048.0,,500,5.033216534495925,5.033216534495925,0.6726170427753453,0.6348884381338742,,,,,,
q,beta_x_dim,4,0.05515853143171012,100.0,,,2048.0,,100,1.3597986631636974,1.3597986631636974,0.5841035120147874,0.35789473684210527,,,,,,
q,beta_x_dim,4,0.05515853143171012,100.0,,,2048.0,,500,45.35404206571437,44.54884835399163,0.4892893573614417,0.5393939393939394,,,,,,
q,beta_x_dim,5,0.0692130486304319,100.0,,,2048.0,,100,1.3659671644170195,1.3659671644170195,0.527972027972028,0.2553191489361702,,,,,,
q,beta_x_dim,5,0.0692130486304319,100.0,,,2048.0,,500,7.600584445152773,7.600584445152773,0.42126514131897713,0.16396761133603238,,,,,,
q,beta_x_dim,6,0.07173439740735219,100.0,,,2048.0,,100,1.5877135111706355,1.5877135111706355,0.49371633752244165,0.03225806451612903,,,,,,
q,beta_x_dim,6,0.07173439740735219,100.0,,,2048.0,,500,8.172686865364572,8.172686865364572,0.5877578626986811,0.09939148073022312,,,,,,
q,beta_x_dim,7,0.062214420133965206,100.0,,,2048.0,,100,3.1990577561213405,3.1990577561213405,0.643859649122807,0.0,,,,,,
q,beta_x_dim,7,0.062214420133965206,100.0,,,2048.0,,500,10.855695395975928,10.805520862454642,0.4033670033670034,0.02631578947368421,,,,,,
q,beta_x_dim,8,0.07644644262105851,100.0,,,2048.0,,100,2.2379242638530688,2.2379242638530688,0.6466431095406361,0.34782608695652173,,,,,,
q,beta_x_dim,8,0.07644644262105851,100.0,,,2048.0,,500,17.56025154578212,16.471801477160124,0.3057990559676332,0.3597560975609756,,,,,,
q,beta_x_dim,9,0.061198522080877185,100.0,,,2048.0,,100,0.7889040126294073,0.7889040126294073,0.6987740805604203,0.45161290322580644,,,,,,
q,beta_x_dim,9,0.061198522080877185,100.0,,,2048.0,,500,20.457347566214974,20.457347566214974,0.6038370918882531,0.5801217038539553,,,,,,
q,beta_x_dim,10,0.06791061362301604,100.0,,,2048.0,,100,0.5480023438569844,0.5468927753274749,0.6147110332749562,0.07446808510638298,,,,,,
q,beta_x_dim,10,0.06791061362301604,100.0,,,2048.0,,500,3.8530910555795055,3.8530910555795055,0.41770447660720295,0.09919028340080972,,,,,,
q,beta_x_dim,11,0.0651762981409896,100.0,,,2048.0,,100,1.4738112974589748,1.4738112974589748,0.6672727272727272,0.3763440860215054,,,,,,
q,beta_x_dim,11,0.0651762981409896,100.0,,,2048.0,,500,17.457941129016717,15.681225600950354,0.39932203389830506,0.3184584178498986,,,,,,
q,beta_x_dim,12,0.05818847294540117,100.0,,,2048.0,,100,0.5497186218266368,0.5449404161916247,0.8116197183098591,0.3473684210526316,,,,,,
q,beta_x_dim,12,0.05818847294540117,100.0,,,2048.0,,500,24.94566840519705,24.94566840519705,0.6728436657681941,0.2585858585858586,,,,,,
q,beta_x_dim,13,0.04526185428337136,100.0,,,2048.0,,100,3.2397090024174044,3.2397090024174044,0.44285714285714284,1.0,,,,,,
q,beta_x_dim,13,0.04526185428337136,100.0,,,2048.0,,500,23.756900721795816,23.756900721795816,0.41621621621621624,0.9008097165991903,,,,,,
q,beta_x_dim,14,0.04418282118659875,100.0,,,2048.0,,100,0.886648390272073,0.886648390272073,0.7544169611307421,0.08421052631578947,,,,,,
q,beta_x_dim,14,0.04418282118659875,100.0,,,2048.0,,500,4.323131786634817,4.323131786634817,0.38401888064733647,0.25252525252525254,,,,,,
q,beta_x_dim,15,0.05860070471225593,100.0,,,2048.0,,100,0.9563724388336945,0.9563724388336945,0.5813148788927336,0.0,,,,,,
q,beta_x_dim,15,0.05860070471225593,100.0,,,2048.0,,500,6.2947401136812555,6.16275724293693,0.45601074546675624,0.0,,,,,,
q,beta_x_dim,16,0.06637721883856795,100.0,,,2048.0,,100,1.6733035805362104,1.6733035805362104,0.6046511627906976,0.48936170212765956,,,,,,
q,beta_x_dim,16,0.06637721883856795,100.0,,,2048.0,,500,8.438676953975731,8.438676953975731,0.5441027374112876,0.46153846153846156,,,,,,
q,beta_x_dim,17,0.05991551191793955,100.0,,,2048.0,,100,4.137512338504342,4.137512338504342,0.7224409448818898,0.8404255319148937,,,,,,
q,beta_x_dim,17,0.05991551191793955,100.0,,,2048.0,,500,205487895.82536152,205487895.82536152,0.6258596973865199,0.7125506072874493,,,,,,
q,beta_x_dim,18,0.052856994997082754,100.0,,,2048.0,,100,0.6463548568628968,0.6463548568628968,0.6530973451327433,0.6344086021505376,,,,,,
q,beta_x_dim,18,0.052856994997082754,100.0,,,2048.0,,500,10.539392289928362,10.539392289928362,0.7750421585160202,0.5578093306288032,,,,,,
q,beta_x_dim,19,0.059753300342751677,100.0,,,2048.0,,100,1.692088469536586,1.692088469536586,0.5202108963093146,0.0,,,,,,
q,beta_x_dim,19,0.059753300342751677,100.0,,,2048.0,,500,7.9463796364387465,7.891429841329402,0.274503199730549,0.0,,,,,,
q,beta_x_dim,0,0.05281229448753218,100.0,,,4096.0,,100,0.78640628429985,0.78640628429985,0.6752577319587629,0.6914893617021277,,,,,,
q,beta_x_dim,0,0.05281229448753218,100.0,,,4096.0,,500,5.945526450716475,5.945526450716475,0.49161636485580146,0.5668016194331984,,,,,,
q,beta_x_dim,1,0.03323375362264121,100.0,,,4096.0,,100,1.0643045545001864,1.0643045545001864,0.33455210237659966,0.5591397849462365,,,,,,
q,beta_x_dim,1,0.03323375362264121,100.0,,,4096.0,,500,4.509723348581289,4.509723348581289,0.333559552086868,0.5476673427991886,,,,,,
q,beta_x_dim,2,0.04517439621719188,100.0,,,4096.0,,100,1.3916176266470344,1.3916176266470344,0.8183391003460208,0.28421052631578947,,,,,,
q,beta_x_dim,2,0.04517439621719188,100.0,,,4096.0,,500,8.443280832028163,8.443280832028163,0.6564808596373405,0.30505050505050507,,,,,,
q,beta_x_dim,3,0.0427116544627979,100.0,,,4096.0,,100,0.7224390031116594,0.72174821841819,0.9332161687170475,0.23655913978494625,,,,,,
q,beta_x_dim,3,0.0427116544627979,100.0,,,4096.0,,500,3.1489719644571346,3.1489719644571346,0.8470865611316942,0.38742393509127787,,,,,,
q,beta_x_dim,4,0.040015870266180115,100.0,,,4096.0,,100,1.3411760733200593,1.3411760733200593,0.3179297597042514,0.35789473684210527,,,,,,
q,beta_x_dim,4,0.040015870266180115,100.0,,,4096.0,,500,8.654136927897415,8.62628902402085,0.277796667800068,0.35555555555555557,,,,,,
q,beta_x_dim,5,0.03709134647177847,100.0,,,4096.0,,100,1.7804135787848605,1.7716509638938442,0.45104895104895104,0.22340425531914893,,,,,,
q,beta_x_dim,5,0.03709134647177847,100.0,,,4096.0,,500,5.37972256983044,5.317226339982502,0.3024899057873486,0.11538461538461539,,,,,,
q,beta_x_dim,6,0.04794923215448047,100.0,,,4096.0,,100,2.5374948974296814,2.5374948974296814,0.6696588868940754,0.03225806451612903,,,,,,
q,beta_x_dim,6,0.04794923215448047,100.0,,,4096.0,,500,8.393976730213623,8.060858612963253,0.596550557997971,0.31237322515212984,,,,,,
q,beta_x_dim,7,0.038538289652744306,100.0,,,4096.0,,100,1.4267055619746976,1.2200711205993968,0.743859649122807,0.8723404255319149,,,,,,
q,beta_x_dim,7,0.038538289652744306,100.0,,,4096.0,,500,5.557139490078523,5.50724939594585,0.4734006734006734,0.7935222672064778,,,,,,
q,beta_x_dim,8,0.054383597927018135,100.0,,,4096.0,,100,1.6575449315362936,1.6575449315362936,0.6466431095406361,0.34782608695652173,,,,,,
q,beta_x_dim,8,0.054383597927018135,100.0,,,4096.0,,500,7.70268972785437,7.70268972785437,0.4140256237356709,0.37398373983739835,,,,,,
q,beta_x_dim,9,0.03765310937715849,100.0,,,4096.0,,100,0.5993672654418851,0.5450222115028778,0.6339754816112084,0.1935483870967742,,,,,,
q,beta_x_dim,9,0.03765310937715849,100.0,,,4096.0,,500,10.935609589303837,10.717100324646283,0.5799394143386065,0.5699797160243407,,,,,,
q,beta_x_dim,10,0.04683774768564616,100.0,,,4096.0,,100,1.2480868977506079,1.2480868977506079,0.425569176882662,0.07446808510638298,,,,,,
q,beta_x_dim,10,0.04683774768564616,100.0,,,4096.0,,500,6.759214635718195,6.759214635718195,0.5617637159205655,0.09919028340080972,,,,,,
q,beta_x_dim,11,0.05217513828362287,100.0,,,4096.0,,100,1.1928667125638541,1.1928667125638541,0.6618181818181819,0.3763440860215054,,,,,,
q,beta_x_dim,11,0.05217513828362287,100.0,,,4096.0,,500,4.5452346910231745,4.5452346910231745,0.6328813559322034,0.3509127789046653,,,,,,
q,beta_x_dim,16,0.04797270734396558,100.0,,,4096.0,,100,1.5822707688992153,1.5822707688992153,0.46153846153846156,0.6170212765957447,,,,,,
q,beta_x_dim,16,0.04797270734396558,100.0,,,4096.0,,500,7.0826529028259,7.0826529028259,0.3514700912470429,0.7327935222672065,,,,,,
q,beta_x_dim,17,0.0520924933809918,100.0,,,4096.0,,100,0.8728808831870795,0.8727502493040122,0.84251968503937,0.0,,,,,,
q,beta_x_dim,17,0.0520924933809918,100.0,,,4096.0,,500,3.802624007993611,3.802624007993611,0.5484869325997249,0.0,,,,,,
q,beta_x_dim,18,0.04858823919892398,100.0,,,4096.0,,100,0.7158838719763608,0.7158838719763608,0.5026548672566372,0.22580645161290322,,,,,,
q,beta_x_dim,18,0.04858823919892398,100.0,,,4096.0,,500,4.272446132416593,4.272446132416593,0.527487352445194,0.359026369168357,,,,,,
q,beta_x_dim,19,0.03839218641664325,100.0,,,4096.0,,100,1.4649619851732112,1.4649619851732112,0.5518453427065027,0.0,,,,,,
q,beta_x_dim,19,0.03839218641664325,100.0,,,4096.0,,500,5.540314158737243,5.478844961950022,0.31121589760862245,0.0,,,,,,
q,beta_x_dim,12,0.037527120712285596,100.0,,,4096.0,,100,0.503720406818392,0.503720406818392,0.8626760563380281,0.3473684210526316,,,,,,
q,beta_x_dim,12,0.037527120712285596,100.0,,,4096.0,,500,2.3167785221348587,2.3167785221348587,0.6977762803234502,0.4121212121212121,,,,,,
q,beta_x_dim,13,0.03611361544770655,100.0,,,4096.0,,100,2.201903310632786,2.201903310632786,0.6553571428571429,0.3191489361702128,,,,,,
q,beta_x_dim,13,0.03611361544770655,100.0,,,4096.0,,500,6.382673298391461,6.382673298391461,0.5266891891891892,0.2773279352226721,,,,,,
q,beta_x_dim,14,0.046207983078083464,100.0,,,4096.0,,100,1.6677648804495215,1.6677648804495215,0.823321554770318,0.9157894736842105,,,,,,
q,beta_x_dim,14,0.046207983078083464,100.0,,,4096.0,,500,21.011954252849936,21.011954252849936,0.48988536749831424,0.7313131313131314,,,,,,
q,beta_x_dim,15,0.041232563561755656,100.0,,,4096.0,,100,0.8085041206487218,0.8085041206487218,0.5761245674740484,0.0,,,,,,
q,beta_x_dim,15,0.041232563561755656,100.0,,,4096.0,,500,4.362223421159663,4.089874494539527,0.5990597716588314,0.050505050505050504,,,,,,
q,beta_x_dim,0,0.028866620553621138,100.0,,,8192.0,,100,1.1176843005849333,1.1176843005849333,0.6082474226804123,0.5957446808510638,,,,,,
q,beta_x_dim,0,0.028866620553621138,100.0,,,8192.0,,500,6.158278945179513,6.158278945179513,0.4869215291750503,0.5465587044534413,,,,,,
q,beta_x_dim,1,0.027164945974240972,100.0,,,8192.0,,100,0.9550422395896936,0.9550422395896936,0.5283363802559415,0.5591397849462365,,,,,,
q,beta_x_dim,1,0.027164945974240972,100.0,,,8192.0,,500,4.711640093088565,4.694038051957116,0.505259586019681,0.5476673427991886,,,,,,
q,beta_x_dim,2,0.03716655524101822,100.0,,,8192.0,,100,0.7904009894166404,0.7497857181281522,0.8235294117647058,0.28421052631578947,,,,,,
q,beta_x_dim,2,0.03716655524101822,100.0,,,8192.0,,500,4.548728533900359,4.548728533900359,0.6809939556749496,0.30505050505050507,,,,,,
q,beta_x_dim,3,0.02553517333602458,100.0,,,8192.0,,100,0.980381553236471,0.9785277141699029,0.70298769771529,0.23655913978494625,,,,,,
q,beta_x_dim,3,0.02553517333602458,100.0,,,8192.0,,500,3.0944855213967775,3.0944855213967775,0.49444257325698887,0.29411764705882354,,,,,,
q,beta_x_dim,4,0.03548757067847358,100.0,,,8192.0,,100,1.2541877314011238,1.2541877314011238,0.6247689463955638,0.35789473684210527,,,,,,
q,beta_x_dim,4,0.03548757067847358,100.0,,,8192.0,,500,7.82715881382719,7.82715881382719,0.6446786807208432,0.32323232323232326,,,,,,
q,beta_x_dim,5,0.02467790949675192,100.0,,,8192.0,,100,1.0021484338712554,0.9994858069999213,0.8391608391608392,0.2553191489361702,,,,,,
q,beta_x_dim,5,0.02467790949675192,100.0,,,8192.0,,500,16.631094795029263,16.631094795029263,0.7244279946164199,0.3684210526315789,,,,,,
q,beta_x_dim,6,0.040807936685536825,100.0,,,8192.0,,100,2.036120963536672,2.036120963536672,0.703770197486535,0.7096774193548387,,,,,,
q,beta_x_dim,6,0.040807936685536825,100.0,,,8192.0,,500,12.872525789990055,12.872525789990055,0.6574230639161313,0.7038539553752535,,,,,,
q,beta_x_dim,7,0.03155187508608768,100.0,,,8192.0,,100,1.087542607931213,1.087542607931213,0.6701754385964912,0.8723404255319149,,,,,,
q,beta_x_dim,7,0.03155187508608768,100.0,,,8192.0,,500,5.44837974483068,5.441140870220612,0.5717171717171717,0.8259109311740891,,,,,,
q,beta_x_dim,8,0.03978782272341987,100.0,,,8192.0,,100,2.0823534444705105,2.0823534444705105,0.4840989399293286,0.8695652173913043,,,,,,
q,beta_x_dim,8,0.03978782272341987,100.0,,,8192.0,,500,13.203692711939823,13.10937396891299,0.5350640593391773,0.9369918699186992,,,,,,
q,beta_x_dim,9,0.026488447237678032,100.0,,,8192.0,,100,0.7097494493675894,0.7097494493675894,0.4973730297723292,0.1935483870967742,,,,,,
q,beta_x_dim,9,0.026488447237678032,100.0,,,8192.0,,500,4.29038529792444,4.29038529792444,0.47963648603163916,0.25963488843813387,,,,,,
q,beta_x_dim,10,0.03463519326633877,100.0,,,8192.0,,100,0.9525854698065241,0.9525854698065241,0.7162872154115587,0.2978723404255319,,,,,,
q,beta_x_dim,10,0.03463519326633877,100.0,,,8192.0,,500,3.5699520687295334,3.5651691607647504,0.7600134634803096,0.37044534412955465,,,,,,
q,beta_x_dim,11,0.026055525657738363,100.0,,,8192.0,,100,1.1141702787160757,1.1078411897908436,0.5236363636363637,0.08602150537634409,,,,,,
q,beta_x_dim,11,0.026055525657738363,100.0,,,8192.0,,500,4.565793835770321,4.565793835770321,0.5464406779661017,0.22515212981744423,,,,,,
q,beta_x_dim,12,0.02891391267793012,100.0,,,8192.0,,100,0.919199614880317,0.919199614880317,0.8397887323943662,0.3473684210526316,,,,,,
q,beta_x_dim,12,0.02891391267793012,100.0,,,8192.0,,500,2.6785499523581793,2.6785499523581793,0.6148921832884097,0.4121212121212121,,,,,,
q,beta_x_dim,13,0.02820747812109664,100.0,,,8192.0,,100,2.6044742747842347,2.6044742747842347,0.8339285714285715,0.7659574468085106,,,,,,
q,beta_x_dim,13,0.02820747812109664,100.0,,,8192.0,,500,10.573260977850499,9.432033575938533,0.7797297297297298,0.6639676113360324,,,,,,
q,beta_x_dim,14,0.031186330221094197,100.0,,,8192.0,,100,1.1560136333484903,1.1560136333484903,0.7773851590106007,0.9157894736842105,,,,,,
q,beta_x_dim,14,0.031186330221094197,100.0,,,8192.0,,500,3.9694273073063906,3.9694273073063906,0.31726230613621037,0.705050505050505,,,,,,
q,beta_x_dim,15,0.03410922937317396,100.0,,,8192.0,,100,0.7170243367833291,0.7164071431861586,0.8235294117647058,0.0,,,,,,
q,beta_x_dim,15,0.03410922937317396,100.0,,,8192.0,,500,2.9776959270785057,2.9776959270785057,0.609469442578912,0.0,,,,,,
q,beta_x_dim,16,0.02684107057175928,100.0,,,8192.0,,100,1.7214026718388258,1.7205643076939139,0.778175313059034,0.43617021276595747,,,,,,
q,beta_x_dim,16,0.02684107057175928,100.0,,,8192.0,,500,5.508968459162477,5.508968459162477,0.4082460290638729,0.4230769230769231,,,,,,
q,beta_x_dim,17,0.028838512097342273,100.0,,,8192.0,,100,1.4466505681252264,1.4466505681252264,0.6358267716535433,0.6808510638297872,,,,,,
q,beta_x_dim,17,0.028838512097342273,100.0,,,8192.0,,500,7.2722500434751,7.0259299590295985,0.5409215955983494,0.6255060728744939,,,,,,
q,beta_x_dim,18,0.032469723871153267,100.0,,,8192.0,,100,0.6358880323622507,0.6358880323622507,0.4353982300884956,0.2903225806451613,,,,,,
q,beta_x_dim,18,0.032469723871153267,100.0,,,8192.0,,500,4.729558253997271,4.729558253997271,0.7146711635750421,0.6470588235294118,,,,,,
q,beta_x_dim,19,0.032297817379372595,100.0,,,8192.0,,100,1.4710442635717884,1.4710442635717884,0.5131810193321616,0.0,,,,,,
q,beta_x_dim,19,0.032297817379372595,100.0,,,8192.0,,500,4.9552093638457,4.878247589285956,0.24789491411249578,0.0,,,,,,
q,beta_x_dim,0,0.020356989468909358,100.0,,,16384.0,,100,0.9412031745799871,0.9397453778919164,0.6202749140893471,0.648936170212766,,,,,,
q,beta_x_dim,0,0.020356989468909358,100.0,,,16384.0,,500,4.377083953816025,4.377083953816025,0.44701542588866533,0.7186234817813765,,,,,,
q,beta_x_dim,1,0.01807625432089983,100.0,,,16384.0,,100,0.963809257595878,0.963809257595878,0.6837294332723949,0.5053763440860215,,,,,,
q,beta_x_dim,1,0.01807625432089983,100.0,,,16384.0,,500,4.057625351301796,4.057625351301796,0.6328469630132338,0.385395537525355,,,,,,
q,beta_x_dim,2,0.02140292876780509,100.0,,,16384.0,,100,0.9517211813380322,0.9517211813380322,0.6885813148788927,0.28421052631578947,,,,,,
q,beta_x_dim,2,0.02140292876780509,100.0,,,16384.0,,500,4.4923024643711384,4.4923024643711384,0.4264607118871726,0.30505050505050507,,,,,,
q,beta_x_dim,3,0.018745583527260273,100.0,,,16384.0,,100,0.6567712144551229,0.6567712144551229,0.9261862917398945,0.23655913978494625,,,,,,
q,beta_x_dim,3,0.018745583527260273,100.0,,,16384.0,,500,3.726046502327178,3.726046502327178,0.6867632199393735,0.27586206896551724,,,,,,
q,beta_x_dim,4,0.02302125399812299,100.0,,,16384.0,,100,1.1297618798198386,1.1142334251093264,0.4787430683918669,0.35789473684210527,,,,,,
q,beta_x_dim,4,0.02302125399812299,100.0,,,16384.0,,500,3.9986408597456182,3.997316665833862,0.49608976538592314,0.3575757575757576,,,,,,
q,beta_x_dim,5,0.018059158472521004,100.0,,,16384.0,,100,0.9122467169945107,0.9122467169945107,0.708041958041958,0.07446808510638298,,,,,,
q,beta_x_dim,5,0.018059158472521004,100.0,,,16384.0,,500,4.1840665743526415,4.153229241991116,0.6857335127860027,0.11133603238866396,,,,,,
q,beta_x_dim,6,0.02108045085739379,100.0,,,16384.0,,100,1.4111503733224904,1.4111503733224904,0.7091561938958707,0.27956989247311825,,,,,,
q,beta_x_dim,6,0.02108045085739379,100.0,,,16384.0,,500,5.929030576460862,5.875415665630673,0.47954007439972945,0.24949290060851928,,,,,,
q,beta_x_dim,7,0.021431309877788803,100.0,,,16384.0,,100,1.1170666836138632,1.1136955746539097,0.8157894736842105,0.8723404255319149,,,,,,
q,beta_x_dim,7,0.021431309877788803,100.0,,,16384.0,,500,3.872681325985326,3.872681325985326,0.6279461279461279,0.8603238866396761,,,,,,
q,beta_x_dim,12,0.02699076211395584,100.0,,,16384.0,,100,1.0343061697357396,1.0304699065004679,0.7535211267605634,0.3473684210526316,,,,,,
q,beta_x_dim,12,0.02699076211395584,100.0,,,16384.0,,500,3.032654622832737,3.032654622832737,0.4942722371967655,0.4121212121212121,,,,,,
q,beta_x_dim,13,0.025830793140590433,100.0,,,16384.0,,100,1.1493503887831023,1.1493503887831023,0.8339285714285715,1.0,,,,,,
q,beta_x_dim,13,0.025830793140590433,100.0,,,16384.0,,500,2.956280514561092,2.730249167629944,0.7706081081081081,0.9696356275303644,,,,,,
q,beta_x_dim,14,0.020659419161738583,100.0,,,16384.0,,100,0.8585721160566204,0.8585721160566204,0.6749116607773852,0.9157894736842105,,,,,,
q,beta_x_dim,14,0.020659419161738583,100.0,,,16384.0,,500,2.979489986756022,2.951063344824417,0.5134861766689144,0.6848484848484848,,,,,,
q,beta_x_dim,15,0.026925567045706686,100.0,,,16384.0,,100,0.9380580481603069,0.9380580481603069,0.6816608996539792,0.0,,,,,,
q,beta_x_dim,15,0.026925567045706686,100.0,,,16384.0,,500,3.530192170276636,3.530192170276636,0.5235057085292142,0.0,,,,,,
q,beta_x_dim,8,0.021030588042434514,100.0,,,16384.0,,100,0.6888676394420575,0.6888676394420575,0.17491166077738515,0.6521739130434783,,,,,,
q,beta_x_dim,8,0.021030588042434514,100.0,,,16384.0,,500,3.7131752318761446,3.7131752318761446,0.279838165879973,0.4024390243902439,,,,,,
q,beta_x_dim,9,0.019728356009054288,100.0,,,16384.0,,100,0.6544872078369535,0.6542842254566033,0.6182136602451839,0.45161290322580644,,,,,,
q,beta_x_dim,9,0.019728356009054288,100.0,,,16384.0,,500,2.2076675159318526,2.2076675159318526,0.7452036351396836,0.5760649087221096,,,,,,
q,beta_x_dim,10,0.022361935486372143,100.0,,,16384.0,,100,1.026503438422588,1.026503438422588,0.5971978984238179,0.2978723404255319,,,,,,
q,beta_x_dim,10,0.022361935486372143,100.0,,,16384.0,,500,3.67361134030447,3.67361134030447,0.43352406597105353,0.3866396761133603,,,,,,
q,beta_x_dim,11,0.02310508513733857,100.0,,,16384.0,,100,0.8377033286715896,0.8239218532890393,0.8345454545454546,0.3763440860215054,,,,,,
q,beta_x_dim,11,0.02310508513733857,100.0,,,16384.0,,500,3.062828871375216,3.062828871375216,0.6955932203389831,0.3509127789046653,,,,,,
q,beta_x_dim,16,0.01658465602098674,100.0,,,16384.0,,100,1.3579198151500507,1.3579198151500507,0.6601073345259392,0.4574468085106383,,,,,,
q,beta_x_dim,16,0.01658465602098674,100.0,,,16384.0,,500,5.92530950917444,5.92530950917444,0.6133828996282528,0.31983805668016196,,,,,,
q,beta_x_dim,17,0.019897017393780598,100.0,,,16384.0,,100,1.3082217318108658,1.3082217318108658,0.7086614173228346,0.0,,,,,,
q,beta_x_dim,17,0.019897017393780598,100.0,,,16384.0,,500,5.233836943243299,5.14157648158583,0.46801925722145804,0.0708502024291498,,,,,,
q,beta_x_dim,18,0.020865285810528867,100.0,,,16384.0,,100,0.6439017810320021,0.6439017810320021,0.7858407079646018,0.5913978494623656,,,,,,
q,beta_x_dim,18,0.020865285810528867,100.0,,,16384.0,,500,4.808434722035095,4.808434722035095,0.8435075885328837,0.5943204868154158,,,,,,
q,beta_x_dim,19,0.021465321221595654,100.0,,,16384.0,,100,1.0324769346186582,1.0324769346186582,0.4956063268892794,0.40217391304347827,,,,,,
q,beta_x_dim,19,0.021465321221595654,100.0,,,16384.0,,500,5.524585806275262,5.520557924284491,0.4624452677669249,0.5609756097560976,,,,,,
q,beta_x_dim,0,0.475488624112919,1000.0,,,32.0,,100,2.0088076564408736e+55,2.0088076564408736e+55,0.3848797250859107,0.1595744680851064,,,,,,
q,beta_x_dim,0,0.475488624112919,1000.0,,,32.0,,500,inf,inf,,,,,,,,
q,beta_x_dim,1,0.40812779004929994,1000.0,,,32.0,,100,5.728052966001672e+47,5.728052966001672e+47,0.3272394881170018,0.3978494623655914,,,,,,
q,beta_x_dim,1,0.40812779004929994,1000.0,,,32.0,,500,6.454482720297503e+256,6.454482720297503e+256,0.31014591109602985,0.4117647058823529,,,,,,
q,beta_x_dim,2,0.4730093470080129,1000.0,,,32.0,,100,105.25051990851347,91.04278262570044,0.6453287197231834,0.28421052631578947,,,,,,
q,beta_x_dim,2,0.4730093470080129,1000.0,,,32.0,,500,6.321865451344492e+33,6.321865451344492e+33,0.3119543317662861,0.30505050505050507,,,,,,
q,beta_x_dim,3,0.4466934199958885,1000.0,,,32.0,,100,33.82601768934117,33.82601768934117,0.437609841827768,0.23655913978494625,,,,,,
q,beta_x_dim,3,0.4466934199958885,1000.0,,,32.0,,500,3.701899560306733e+20,3.701899560306733e+20,0.3378241832266756,0.2535496957403651,,,,,,
q,beta_x_dim,4,0.5533154376476055,1000.0,,,32.0,,100,286.3279517467819,286.3279517467819,0.31608133086876156,0.2,,,,,,
q,beta_x_dim,4,0.5533154376476055,1000.0,,,32.0,,500,9.776064282652541e+30,9.776064282652541e+30,0.3454607276436586,0.494949494949495,,,,,,
q,beta_x_dim,5,0.37342721982998295,1000.0,,,32.0,,100,1.153142785359946,1.153142785359946,0.28846153846153844,0.9893617021276596,,,,,,
q,beta_x_dim,5,0.37342721982998295,1000.0,,,32.0,,500,3.299220059025816,3.2919643459774584,0.4316958277254374,0.9979757085020243,,,,,,
q,beta_x_dim,6,0.42978362336359666,1000.0,,,32.0,,100,8911.318417960903,8911.318417960903,0.6570915619389587,0.0,,,,,,
q,beta_x_dim,6,0.42978362336359666,1000.0,,,32.0,,500,2.1343183186978e+46,2.1343183186978e+46,0.6317213391951302,0.0,,,,,,
q,beta_x_dim,7,0.44008905448805447,1000.0,,,32.0,,100,1.268085059420963e+41,1.268085059420963e+41,0.46842105263157896,0.10638297872340426,,,,,,
q,beta_x_dim,7,0.44008905448805447,1000.0,,,32.0,,500,1.65903041866664e+268,1.65903041866664e+268,0.5057239057239057,0.020242914979757085,,,,,,
q,beta_x_dim,8,0.43855644177086944,1000.0,,,32.0,,100,11365668545.642735,11365668545.642735,0.3392226148409894,0.05434782608695652,,,,,,
q,beta_x_dim,8,0.43855644177086944,1000.0,,,32.0,,500,2.517044793410474e+105,2.517044793410474e+105,0.3074848280512475,0.01016260162601626,,,,,,
q,beta_x_dim,9,0.41686723547078175,1000.0,,,32.0,,100,155.14535764884926,155.14535764884926,0.24168126094570927,0.22580645161290322,,,,,,
q,beta_x_dim,9,0.41686723547078175,1000.0,,,32.0,,500,3126486.5135918534,3126486.5135918534,0.30292830696735107,0.23529411764705882,,,,,,
q,beta_x_dim,10,0.4462354434217582,1000.0,,,32.0,,100,93983.10416400422,93983.10416400422,0.4168126094570928,0.3617021276595745,,,,,,
q,beta_x_dim,10,0.4462354434217582,1000.0,,,32.0,,500,1.950394740164259e+57,1.950394740164259e+57,0.4628071356445641,0.5364372469635628,,,,,,
q,beta_x_dim,11,0.3453439906042841,1000.0,,,32.0,,100,3.6068018201692655e+20,3.6068018201692655e+20,0.35454545454545455,0.3655913978494624,,,,,,
q,beta_x_dim,11,0.3453439906042841,1000.0,,,32.0,,500,2.5116151087147506e+139,2.5116151087147506e+139,0.32305084745762713,0.3488843813387424,,,,,,
q,beta_x_dim,12,0.5218634903299535,1000.0,,,32.0,,100,7.080987417823708e+37,7.080987417823708e+37,0.426056338028169,0.29473684210526313,,,,,,
q,beta_x_dim,12,0.5218634903299535,1000.0,,,32.0,,500,inf,inf,,,,,,,,
q,beta_x_dim,13,0.42062264887055334,1000.0,,,32.0,,100,52.068615097380615,52.068615097380615,0.24464285714285713,0.0851063829787234,,,,,,
q,beta_x_dim,13,0.42062264887055334,1000.0,,,32.0,,500,1.4430684886027829e+209,1.4430684886027829e+209,0.6547297297297298,0.8016194331983806,,,,,,
q,beta_x_dim,14,0.4990514455594063,1000.0,,,32.0,,100,7.815286803648983e+28,7.815286803648983e+28,0.5,0.08421052631578947,,,,,,
q,beta_x_dim,14,0.4990514455594063,1000.0,,,32.0,,500,9.189577722932402e+148,9.189577722932402e+148,0.3806473364801079,0.01616161616161616,,,,,,
q,beta_x_dim,15,0.47267108630892485,1000.0,,,32.0,,100,490941325679.37854,490941325679.37854,0.49653979238754326,0.2631578947368421,,,,,,
q,beta_x_dim,15,0.47267108630892485,1000.0,,,32.0,,500,8.321201484324981e+60,8.321201484324981e+60,0.5023505708529215,0.4686868686868687,,,,,,
q,beta_x_dim,0,0.3221759901052828,1000.0,,,64.0,,100,7.101027977411734e+28,7.101027977411734e+28,0.41237113402061853,0.14893617021276595,,,,,,
q,beta_x_dim,0,0.3221759901052828,1000.0,,,64.0,,500,1.9699471705278378e+175,1.9699471705278378e+175,0.38095238095238093,0.04251012145748988,,,,,,
q,beta_x_dim,1,0.29558078375967123,1000.0,,,64.0,,100,9.783460886638383e+21,9.783460886638383e+21,0.34552102376599636,0.3870967741935484,,,,,,
q,beta_x_dim,1,0.29558078375967123,1000.0,,,64.0,,500,6.520891266280748e+154,6.520891266280748e+154,0.33423820834747203,0.332657200811359,,,,,,
q,beta_x_dim,2,0.3180382777636512,1000.0,,,64.0,,100,4.5495709909689195,4.143119507877405,0.47750865051903113,0.28421052631578947,,,,,,
q,beta_x_dim,2,0.3180382777636512,1000.0,,,64.0,,500,1778.8054503322273,1778.8054503322273,0.3757555406312962,0.39595959595959596,,,,,,
q,beta_x_dim,3,0.36692874187724284,1000.0,,,64.0,,100,4.296720186868555,4.296720186868555,0.36379613356766255,0.23655913978494625,,,,,,
q,beta_x_dim,3,0.36692874187724284,1000.0,,,64.0,,500,2.974062061864582e+53,2.974062061864582e+53,0.34658134051869316,0.2880324543610548,,,,,,
q,beta_x_dim,16,0.45145873378777773,1000.0,,,32.0,,100,2.786197890905415e+23,2.786197890905415e+23,0.23076923076923078,0.4787234042553192,,,,,,
q,beta_x_dim,16,0.45145873378777773,1000.0,,,32.0,,500,8.16459205890017e+145,8.16459205890017e+145,0.2669820885434268,0.5546558704453441,,,,,,
q,beta_x_dim,17,0.4502359836938825,1000.0,,,32.0,,100,12711.30706040002,12711.30706040002,0.44881889763779526,0.09574468085106383,,,,,,
q,beta_x_dim,17,0.4502359836938825,1000.0,,,32.0,,500,6.778764825337141e+35,6.778764825337141e+35,0.3425034387895461,0.018218623481781375,,,,,,
q,beta_x_dim,18,0.5626601659757056,1000.0,,,32.0,,100,4.1340730757668096e+38,4.1340730757668096e+38,0.3398230088495575,0.22580645161290322,,,,,,
q,beta_x_dim,18,0.5626601659757056,1000.0,,,32.0,,500,7.7507628199322e+180,7.7507628199322e+180,0.32613827993254635,0.3144016227180527,,,,,,
q,beta_x_dim,19,0.41077051363789985,1000.0,,,32.0,,100,92045111544939.95,92045111544939.95,0.4077328646748682,0.8152173913043478,,,,,,
q,beta_x_dim,19,0.41077051363789985,1000.0,,,32.0,,500,8.85448050212104e+90,8.85448050212104e+90,0.4826540922869653,0.8577235772357723,,,,,,
q,beta_x_dim,4,0.4116536270898129,1000.0,,,64.0,,100,3.7831237106790243,3.1422628778451998,0.4584103512014787,0.4105263157894737,,,,,,
q,beta_x_dim,4,0.4116536270898129,1000.0,,,64.0,,500,774.804141217339,774.1712071228152,0.43318599115946954,0.47474747474747475,,,,,,
q,beta_x_dim,5,0.29343300693331814,1000.0,,,64.0,,100,8.891809622202146,7.760790392290621,0.09090909090909091,0.4148936170212766,,,,,,
q,beta_x_dim,5,0.29343300693331814,1000.0,,,64.0,,500,1.6572774447382436e+19,1.6572774447382436e+19,0.3455585464333782,0.24493927125506074,,,,,,
q,beta_x_dim,6,0.42163379283891284,1000.0,,,64.0,,100,13.72045025697517,12.794933860949127,0.39676840215439857,0.0,,,,,,
q,beta_x_dim,6,0.42163379283891284,1000.0,,,64.0,,500,5.928972114149976e+64,5.928972114149976e+64,0.4044639837673318,0.0,,,,,,
q,beta_x_dim,7,0.34813570903299706,1000.0,,,64.0,,100,369.82625875763597,369.82625875763597,0.5964912280701754,0.13829787234042554,,,,,,
q,beta_x_dim,7,0.34813570903299706,1000.0,,,64.0,,500,1.5817639655296194e+100,1.5817639655296194e+100,0.5895622895622895,0.13765182186234817,,,,,,
q,beta_x_dim,8,0.31157596513111496,1000.0,,,64.0,,100,4.512135785664098,4.512135785664098,0.44346289752650175,1.0,,,,,,
q,beta_x_dim,8,0.31157596513111496,1000.0,,,64.0,,500,52.51154126299437,51.09169474048032,0.36345246122724206,0.5609756097560976,,,,,,
q,beta_x_dim,9,0.34561243486758075,1000.0,,,64.0,,100,40.062062389726194,40.062062389726194,0.3397548161120841,0.1827956989247312,,,,,,
q,beta_x_dim,9,0.34561243486758075,1000.0,,,64.0,,500,17347.04682370343,17347.04682370343,0.36654325143049477,0.26369168356997974,,,,,,
q,beta_x_dim,10,0.378879289575792,1000.0,,,64.0,,100,370295221.1519969,370295221.1519969,0.5306479859894921,0.3829787234042553,,,,,,
q,beta_x_dim,10,0.378879289575792,1000.0,,,64.0,,500,1.2825350018690536e+90,1.2825350018690536e+90,0.43621676203298554,0.5404858299595142,,,,,,
q,beta_x_dim,11,0.32740539883828845,1000.0,,,64.0,,100,2453233.992816863,2453233.992816863,0.34545454545454546,0.3763440860215054,,,,,,
q,beta_x_dim,11,0.32740539883828845,1000.0,,,64.0,,500,1.0282268365774834e+111,1.0282268365774834e+111,0.3705084745762712,0.3509127789046653,,,,,,
q,beta_x_dim,12,0.37647967684533196,1000.0,,,64.0,,100,16.495042020500204,16.495042020500204,0.31338028169014087,0.3263157894736842,,,,,,
q,beta_x_dim,12,0.37647967684533196,1000.0,,,64.0,,500,4.4959985704431545e+114,4.4959985704431545e+114,0.3867924528301887,0.5111111111111111,,,,,,
q,beta_x_dim,13,0.3272847901693679,1000.0,,,64.0,,100,162435107.6429207,162435107.6429207,0.6428571428571429,0.32978723404255317,,,,,,
q,beta_x_dim,13,0.3272847901693679,1000.0,,,64.0,,500,1.5161196531441442e+173,1.5161196531441442e+173,0.6077702702702703,0.8663967611336032,,,,,,
q,beta_x_dim,14,0.32643791641323355,1000.0,,,64.0,,100,4.158116328204491,4.158116328204491,0.3674911660777385,0.2736842105263158,,,,,,
q,beta_x_dim,14,0.32643791641323355,1000.0,,,64.0,,500,292.90339773521924,292.90339773521924,0.49561699258260283,0.25656565656565655,,,,,,
q,beta_x_dim,15,0.31240187704456923,1000.0,,,64.0,,100,12.380232285247516,12.380232285247516,0.5259515570934256,0.08421052631578947,,,,,,
q,beta_x_dim,15,0.31240187704456923,1000.0,,,64.0,,500,6.557671463941472e+20,6.557671463941472e+20,0.5362659503022162,0.7353535353535353,,,,,,
q,beta_x_dim,0,0.2769788139980297,1000.0,,,128.0,,100,1.1267575018327763e+17,1.1267575018327763e+17,0.45017182130584193,0.5,,,,,,
q,beta_x_dim,0,0.2769788139980297,1000.0,,,128.0,,500,1.4413492968998976e+122,1.4413492968998976e+122,0.4124748490945674,0.3785425101214575,,,,,,
q,beta_x_dim,1,0.2437982963519862,1000.0,,,128.0,,100,9.603470278271821,9.603470278271821,0.25045703839122485,0.22580645161290322,,,,,,
q,beta_x_dim,1,0.2437982963519862,1000.0,,,128.0,,500,1498.7286674626052,1498.7286674626052,0.3566338649474041,0.3022312373225152,,,,,,
q,beta_x_dim,2,0.24339730327335968,1000.0,,,128.0,,100,4.480138883647745,4.2880831696433415,0.4429065743944637,0.28421052631578947,,,,,,
q,beta_x_dim,2,0.24339730327335968,1000.0,,,128.0,,500,22.71819488661544,21.47591550058683,0.41336467427803897,0.30505050505050507,,,,,,
q,beta_x_dim,3,0.22659351652488344,1000.0,,,128.0,,100,3.784590663500431,3.676554021999516,0.5536028119507909,0.13978494623655913,,,,,,
q,beta_x_dim,3,0.22659351652488344,1000.0,,,128.0,,500,6.819063631695092e+18,6.819063631695092e+18,0.37083192994274167,0.29006085192697767,,,,,,
q,beta_x_dim,16,0.3106442961881303,1000.0,,,64.0,,100,7088.321766546057,7088.321766546057,0.26475849731663686,0.35106382978723405,,,,,,
q,beta_x_dim,16,0.3106442961881303,1000.0,,,64.0,,500,143374.6416499731,143374.6416499731,0.3186887461980399,0.3724696356275304,,,,,,
q,beta_x_dim,17,0.33758709179713225,1000.0,,,64.0,,100,8.139231038177817,4.834161922398962,0.29133858267716534,0.0,,,,,,
q,beta_x_dim,17,0.33758709179713225,1000.0,,,64.0,,500,1.769872238257128e+24,1.769872238257128e+24,0.4594222833562586,0.010121457489878543,,,,,,
q,beta_x_dim,18,0.36277063351344463,1000.0,,,64.0,,100,299.6851198795824,299.6851198795824,0.4389380530973451,0.20430107526881722,,,,,,
q,beta_x_dim,18,0.36277063351344463,1000.0,,,64.0,,500,7.175905924341376e+29,7.175905924341376e+29,0.35379426644182127,0.31237322515212984,,,,,,
q,beta_x_dim,19,0.27197824426002815,1000.0,,,64.0,,100,1511.1189648907555,1511.1189648907555,0.3216168717047452,0.14130434782608695,,,,,,
q,beta_x_dim,19,0.27197824426002815,1000.0,,,64.0,,500,12037.618949599466,12037.618949599466,0.3310879083866622,0.47764227642276424,,,,,,
q,beta_x_dim,4,0.24637052301705475,1000.0,,,128.0,,100,7.479775491992709,7.479775491992709,0.40850277264325324,0.23157894736842105,,,,,,
q,beta_x_dim,4,0.24637052301705475,1000.0,,,128.0,,500,289.1723148190227,289.1723148190227,0.3189391363481809,0.3656565656565657,,,,,,
q,beta_x_dim,5,0.20071251771841217,1000.0,,,128.0,,100,4.32074138076542,4.32074138076542,0.6503496503496503,0.0,,,,,,
q,beta_x_dim,5,0.20071251771841217,1000.0,,,128.0,,500,11.840095480065848,8.674796651231375,0.553835800807537,0.0,,,,,,
q,beta_x_dim,6,0.2719857913570569,1000.0,,,128.0,,100,600.1398343737936,600.1398343737936,0.49371633752244165,0.43010752688172044,,,,,,
q,beta_x_dim,6,0.2719857913570569,1000.0,,,128.0,,500,1.3694670048177041e+57,1.3694670048177041e+57,0.4802164355765979,0.08113590263691683,,,,,,
q,beta_x_dim,7,0.2114275672740672,1000.0,,,128.0,,100,19.54357174072757,18.052959845486306,0.7298245614035088,0.0,,,,,,
q,beta_x_dim,7,0.2114275672740672,1000.0,,,128.0,,500,7.56888231278667e+61,7.56888231278667e+61,0.48518518518518516,0.10931174089068826,,,,,,
q,beta_x_dim,8,0.21497418970360005,1000.0,,,128.0,,100,11.987145644422212,11.987145644422212,0.22614840989399293,0.08695652173913043,,,,,,
q,beta_x_dim,8,0.21497418970360005,1000.0,,,128.0,,500,41.62572736062459,41.62572736062459,0.049224544841537425,0.018292682926829267,,,,,,
q,beta_x_dim,9,0.25677513532597473,1000.0,,,128.0,,100,3.278488780573162,3.2607126729933738,0.38879159369527144,0.1935483870967742,,,,,,
q,beta_x_dim,9,0.25677513532597473,1000.0,,,128.0,,500,23396358.9274175,23396358.9274175,0.38438236284079436,0.34279918864097364,,,,,,
q,beta_x_dim,10,0.24864634171425817,1000.0,,,128.0,,100,36.54681247333928,32.677564368021905,0.3134851138353765,0.26595744680851063,,,,,,
q,beta_x_dim,10,0.24864634171425817,1000.0,,,128.0,,500,3.943333314747277e+34,3.943333314747277e+34,0.44867048131942106,0.5020242914979757,,,,,,
q,beta_x_dim,11,0.19742178677610114,1000.0,,,128.0,,100,1.6786605272780144,1.6786605272780144,0.6527272727272727,0.08602150537634409,,,,,,
q,beta_x_dim,11,0.19742178677610114,1000.0,,,128.0,,500,5.0539678183053645e+66,5.0539678183053645e+66,0.49457627118644065,0.1257606490872211,,,,,,
q,beta_x_dim,12,0.2230611143413504,1000.0,,,128.0,,100,2.172185400338001,1.7213043214908346,0.7658450704225352,0.3473684210526316,,,,,,
q,beta_x_dim,12,0.2230611143413504,1000.0,,,128.0,,500,29.64446604472071,29.582002186595282,0.3972371967654987,0.4080808080808081,,,,,,
q,beta_x_dim,13,0.2868358576336272,1000.0,,,128.0,,100,3.459736883547447,3.459736883547447,0.4928571428571429,0.0,,,,,,
q,beta_x_dim,13,0.2868358576336272,1000.0,,,128.0,,500,9.13445530600039,9.110513945990041,0.6138513513513514,0.0,,,,,,
q,beta_x_dim,14,0.260450112016454,1000.0,,,128.0,,100,9.995821901857276,9.698031125487928,0.568904593639576,0.9157894736842105,,,,,,
q,beta_x_dim,14,0.260450112016454,1000.0,,,128.0,,500,140.16723997424506,140.16723997424506,0.3813216453135536,0.6060606060606061,,,,,,
q,beta_x_dim,15,0.21082258344736124,1000.0,,,128.0,,100,4.890982418762449,4.78719620724969,0.4930795847750865,0.9894736842105263,,,,,,
q,beta_x_dim,15,0.21082258344736124,1000.0,,,128.0,,500,24.361950833796286,24.361950833796286,0.38415043653458697,0.8707070707070707,,,,,,
q,beta_x_dim,16,0.23833394272384162,1000.0,,,128.0,,100,7.0486708938531795,7.0486708938531795,0.38998211091234347,0.0851063829787234,,,,,,
q,beta_x_dim,16,0.23833394272384162,1000.0,,,128.0,,500,683.3826253185051,683.3826253185051,0.3612706995606624,0.05465587044534413,,,,,,
q,beta_x_dim,17,0.18109927793474564,1000.0,,,128.0,,100,1.2958047593452058e+17,1.2958047593452058e+17,0.6535433070866141,0.10638297872340426,,,,,,
q,beta_x_dim,17,0.18109927793474564,1000.0,,,128.0,,500,6.701232505970542e+140,6.701232505970542e+140,0.6045392022008254,0.020242914979757085,,,,,,
q,beta_x_dim,18,0.31053197415363676,1000.0,,,128.0,,100,4.421658218290031,4.421658218290031,0.7628318584070797,0.20430107526881722,,,,,,
q,beta_x_dim,18,0.31053197415363676,1000.0,,,128.0,,500,24.756594814108347,18.186319570142196,0.48128161888701515,0.31237322515212984,,,,,,
q,beta_x_dim,19,0.18282952887106366,1000.0,,,128.0,,100,8.876226028632702,3.7570378949008267,0.4112478031634446,0.05434782608695652,,,,,,
q,beta_x_dim,19,0.18282952887106366,1000.0,,,128.0,,500,166.12784740539655,166.12784740539655,0.34961266419669923,0.10975609756097561,,,,,,
q,beta_x_dim,4,0.21990329369582884,1000.0,,,256.0,,100,4.170064347054218,4.170064347054218,0.2532347504621072,0.29473684210526313,,,,,,
q,beta_x_dim,4,0.21990329369582884,1000.0,,,256.0,,500,190.69673801510163,190.69673801510163,0.32199931995919756,0.30707070707070705,,,,,,
q,beta_x_dim,5,0.17067975290917176,1000.0,,,256.0,,100,1.963040024746444,1.884580053166335,0.6293706293706294,0.0,,,,,,
q,beta_x_dim,5,0.17067975290917176,1000.0,,,256.0,,500,1.2793378014309739e+22,1.2793378014309739e+22,0.46231493943472407,0.024291497975708502,,,,,,
q,beta_x_dim,6,0.18269616655706372,1000.0,,,256.0,,100,18.490840060191836,17.016064816229132,0.33213644524236985,0.0,,,,,,
q,beta_x_dim,6,0.18269616655706372,1000.0,,,256.0,,500,7.639286369400834e+27,7.639286369400834e+27,0.4250929996618194,0.0,,,,,,
q,beta_x_dim,7,0.13826212996288562,1000.0,,,256.0,,100,7.176241247749029,6.214179367573464,0.3,0.1276595744680851,,,,,,
q,beta_x_dim,7,0.13826212996288562,1000.0,,,256.0,,500,3.0868542340446602e+26,3.0868542340446602e+26,0.295959595959596,0.6052631578947368,,,,,,
q,beta_x_dim,0,0.1561151590110898,1000.0,,,256.0,,100,21.91286168068431,21.91286168068431,0.5429553264604811,0.5425531914893617,,,,,,
q,beta_x_dim,0,0.1561151590110898,1000.0,,,256.0,,500,6.893090151959329e+29,6.893090151959329e+29,0.4939637826961771,0.43724696356275305,,,,,,
q,beta_x_dim,1,0.15445491624175076,1000.0,,,256.0,,100,11.031095383542706,11.031095383542706,0.27239488117001825,0.3548387096774194,,,,,,
q,beta_x_dim,1,0.15445491624175076,1000.0,,,256.0,,500,877.8176833257278,877.8176833257278,0.37360027146250424,0.5091277890466531,,,,,,
q,beta_x_dim,2,0.16114444286301777,1000.0,,,256.0,,100,18.178946338401037,18.178946338401037,0.2975778546712803,0.28421052631578947,,,,,,
q,beta_x_dim,2,0.16114444286301777,1000.0,,,256.0,,500,2.691773609197577e+61,2.691773609197577e+61,0.40463398253861654,0.0707070707070707,,,,,,
q,beta_x_dim,3,0.13866386499393055,1000.0,,,256.0,,100,3.5984827849217833,3.5984827849217833,0.6748681898066784,0.23655913978494625,,,,,,
q,beta_x_dim,3,0.13866386499393055,1000.0,,,256.0,,500,20.143665514667077,20.143665514667077,0.6352307174132704,0.20081135902636918,,,,,,
q,beta_x_dim,8,0.1738344351847317,1000.0,,,256.0,,100,4.748542424083928,4.748542424083928,0.41519434628975266,0.0,,,,,,
q,beta_x_dim,8,0.1738344351847317,1000.0,,,256.0,,500,122.30281140324904,122.30281140324904,0.5232636547538773,0.4451219512195122,,,,,,
q,beta_x_dim,9,0.2133657125731659,1000.0,,,256.0,,100,2.333799641271996,1.630481177147012,0.46935201401050786,0.1935483870967742,,,,,,
q,beta_x_dim,9,0.2133657125731659,1000.0,,,256.0,,500,27.81235104290625,24.6823064935608,0.4116459104678559,0.3286004056795132,,,,,,
q,beta_x_dim,10,0.2254427509551922,1000.0,,,256.0,,100,6.1658757486055515,6.1658757486055515,0.8844133099824869,0.07446808510638298,,,,,,
q,beta_x_dim,10,0.2254427509551922,1000.0,,,256.0,,500,65.72091209109585,65.72091209109585,0.6176371592056547,0.10728744939271255,,,,,,
q,beta_x_dim,11,0.18400491382186593,1000.0,,,256.0,,100,2.2629941655298627,2.2629941655298627,0.37636363636363634,0.3763440860215054,,,,,,
q,beta_x_dim,11,0.18400491382186593,1000.0,,,256.0,,500,3.185437632204199e+36,3.185437632204199e+36,0.37559322033898307,0.3630831643002028,,,,,,
q,beta_x_dim,16,0.18161749868678914,1000.0,,,256.0,,100,5.932374635259681,5.932374635259681,0.5652951699463328,0.5,,,,,,
q,beta_x_dim,16,0.18161749868678914,1000.0,,,256.0,,500,70.93489298475373,70.93489298475373,0.5549172017573505,0.4008097165991903,,,,,,
q,beta_x_dim,17,0.16047953125249814,1000.0,,,256.0,,100,5351002.31978888,5351002.31978888,0.8641732283464567,0.44680851063829785,,,,,,
q,beta_x_dim,17,0.16047953125249814,1000.0,,,256.0,,500,1.5532582046766915e+96,1.5532582046766915e+96,0.6519944979367263,0.7449392712550608,,,,,,
q,beta_x_dim,18,0.15352245847039855,1000.0,,,256.0,,100,22.364847555822195,22.364847555822195,0.6247787610619469,0.5698924731182796,,,,,,
q,beta_x_dim,18,0.15352245847039855,1000.0,,,256.0,,500,1.5485338849770922e+56,1.5485338849770922e+56,0.4219224283305228,0.3711967545638945,,,,,,
q,beta_x_dim,19,0.16055016960496735,1000.0,,,256.0,,100,3.6010390000612276,3.5937870074354903,0.19507908611599298,0.0,,,,,,
q,beta_x_dim,19,0.16055016960496735,1000.0,,,256.0,,500,140.71863710424392,140.71863710424392,0.34523408555069046,0.12398373983739837,,,,,,
q,beta_x_dim,12,0.1576595918302586,1000.0,,,256.0,,100,1.4610252292016859,1.4610252292016859,0.5387323943661971,0.3473684210526316,,,,,,
q,beta_x_dim,12,0.1576595918302586,1000.0,,,256.0,,500,717.533851213024,717.533851213024,0.2830188679245283,0.39191919191919194,,,,,,
q,beta_x_dim,13,0.18253185970822572,1000.0,,,256.0,,100,6.9962183275170595,6.9962183275170595,0.4732142857142857,0.0,,,,,,
q,beta_x_dim,13,0.18253185970822572,1000.0,,,256.0,,500,11.936663784868813,10.313531291747292,0.39864864864864863,0.0,,,,,,
q,beta_x_dim,14,0.13142538045178465,1000.0,,,256.0,,100,3.6061837843474813,3.6061837843474813,0.6784452296819788,0.9157894736842105,,,,,,
q,beta_x_dim,14,0.13142538045178465,1000.0,,,256.0,,500,2.0707333330461698e+23,2.0707333330461698e+23,0.418745785569791,0.6848484848484848,,,,,,
q,beta_x_dim,15,0.14793046647697203,1000.0,,,256.0,,100,6.8910095478945355,6.269926777118026,0.4602076124567474,1.0,,,,,,
q,beta_x_dim,15,0.14793046647697203,1000.0,,,256.0,,500,38.19842896737774,33.42830989044698,0.3989254533243788,0.8848484848484849,,,,,,
q,beta_x_dim,0,0.1030968424041055,1000.0,,,512.0,,100,3.2533406993348715,3.2533406993348715,0.42439862542955326,0.648936170212766,,,,,,
q,beta_x_dim,0,0.1030968424041055,1000.0,,,512.0,,500,5.369084034826982e+40,5.369084034826982e+40,0.4708249496981891,0.6558704453441295,,,,,,
q,beta_x_dim,1,0.11402962694717797,1000.0,,,512.0,,100,5.784469510414262,5.760000475063015,0.4424131627056673,0.27956989247311825,,,,,,
q,beta_x_dim,1,0.11402962694717797,1000.0,,,512.0,,500,180.924969244305,180.924969244305,0.5551408211740754,0.5476673427991886,,,,,,
q,beta_x_dim,2,0.09277918554637624,1000.0,,,512.0,,100,5.942809754461074,5.942809754461074,0.7439446366782007,0.28421052631578947,,,,,,
q,beta_x_dim,2,0.09277918554637624,1000.0,,,512.0,,500,4.437929179117873e+32,4.437929179117873e+32,0.45936870382807254,0.10101010101010101,,,,,,
q,beta_x_dim,3,0.11894049171114318,1000.0,,,512.0,,100,2.172049787142647,2.172049787142647,0.6449912126537786,0.24731182795698925,,,,,,
q,beta_x_dim,3,0.11894049171114318,1000.0,,,512.0,,500,8.619357656017357,8.619357656017357,0.4506567867969013,0.33874239350912777,,,,,,
q,beta_x_dim,4,0.14268678140884683,1000.0,,,512.0,,100,1.4988900842709696,1.4988900842709696,0.6303142329020333,0.3894736842105263,,,,,,
q,beta_x_dim,4,0.14268678140884683,1000.0,,,512.0,,500,80.92210535363596,80.92210535363596,0.4736484189051343,0.4868686868686869,,,,,,
q,beta_x_dim,5,0.10644876296519895,1000.0,,,512.0,,100,2.664177417541084,2.6156039816173298,0.6765734265734266,0.0,,,,,,
q,beta_x_dim,5,0.10644876296519895,1000.0,,,512.0,,500,56.75407169107922,54.981922005941136,0.4929340511440108,0.02834008097165992,,,,,,
q,beta_x_dim,6,0.12019731741215293,1000.0,,,512.0,,100,4.359336180340469,4.359336180340469,0.7307001795332136,0.0,,,,,,
q,beta_x_dim,6,0.12019731741215293,1000.0,,,512.0,,500,17.14035548898594,17.06908593164485,0.8532296246195469,0.0,,,,,,
q,beta_x_dim,7,0.11257652452691455,1000.0,,,512.0,,100,3.117158433070241,3.117158433070241,0.7526315789473684,0.1276595744680851,,,,,,
q,beta_x_dim,7,0.11257652452691455,1000.0,,,512.0,,500,9.713394329856649e+36,9.713394329856649e+36,0.5158249158249159,0.5769230769230769,,,,,,
q,beta_x_dim,8,0.14175730965559552,1000.0,,,512.0,,100,6.348513237383678,6.348513237383678,0.5512367491166078,0.34782608695652173,,,,,,
q,beta_x_dim,8,0.14175730965559552,1000.0,,,512.0,,500,29.599823479072818,29.599823479072818,0.3192852326365475,0.37398373983739835,,,,,,
q,beta_x_dim,9,0.133041364360873,1000.0,,,512.0,,100,0.7984647542107883,0.7984647542107883,0.5604203152364273,0.1935483870967742,,,,,,
q,beta_x_dim,9,0.133041364360873,1000.0,,,512.0,,500,11.333354736383308,8.507925471998831,0.6112420060585662,0.25963488843813387,,,,,,
q,beta_x_dim,10,0.11696794879720462,1000.0,,,512.0,,100,2.5219566299938716,2.5219566299938716,0.6199649737302977,0.07446808510638298,,,,,,
q,beta_x_dim,10,0.11696794879720462,1000.0,,,512.0,,500,14.910684487107575,14.910684487107575,0.5106024907438573,0.09919028340080972,,,,,,
q,beta_x_dim,11,0.12460176632558295,1000.0,,,512.0,,100,2.4761594123547592,2.4761594123547592,0.8563636363636363,0.3763440860215054,,,,,,
q,beta_x_dim,11,0.12460176632558295,1000.0,,,512.0,,500,4.83249170322245e+52,4.83249170322245e+52,0.483728813559322,0.3509127789046653,,,,,,
q,beta_x_dim,12,0.13827661620596518,1000.0,,,512.0,,100,2.802228886295021,2.802228886295021,0.49295774647887325,0.3473684210526316,,,,,,
q,beta_x_dim,12,0.13827661620596518,1000.0,,,512.0,,500,6.858308359779888e+25,6.858308359779888e+25,0.38746630727762804,0.5151515151515151,,,,,,
q,beta_x_dim,13,0.11962817767956364,1000.0,,,512.0,,100,3.2313272452066704,3.2313272452066704,0.4660714285714286,0.0,,,,,,
q,beta_x_dim,13,0.11962817767956364,1000.0,,,512.0,,500,13.768663180939136,13.768663180939136,0.41993243243243245,0.07894736842105263,,,,,,
q,beta_x_dim,14,0.13408705931864914,1000.0,,,512.0,,100,24.641862762046742,24.641862762046742,0.9664310954063604,0.9157894736842105,,,,,,
q,beta_x_dim,14,0.13408705931864914,1000.0,,,512.0,,500,3.1158897736461283e+53,3.1158897736461283e+53,0.5856372218476062,0.20404040404040405,,,,,,
q,beta_x_dim,15,0.09673746703633918,1000.0,,,512.0,,100,3.3564238421459054,3.3564238421459054,0.47923875432525953,1.0,,,,,,
q,beta_x_dim,15,0.09673746703633918,1000.0,,,512.0,,500,32.15427571076785,29.856437583068903,0.43888515782404297,0.9212121212121213,,,,,,
q,beta_x_dim,16,0.11747950139268575,1000.0,,,512.0,,100,1.3069861567546317,1.3023083594400482,0.7191413237924866,0.0851063829787234,,,,,,
q,beta_x_dim,16,0.11747950139268575,1000.0,,,512.0,,500,8.049125097890387,8.049125097890387,0.6015545792497465,0.016194331983805668,,,,,,
q,beta_x_dim,17,0.14178263459597212,1000.0,,,512.0,,100,15.74088507438045,15.74088507438045,0.889763779527559,0.8404255319148937,,,,,,
q,beta_x_dim,17,0.14178263459597212,1000.0,,,512.0,,500,6.2150222499020185e+60,6.2150222499020185e+60,0.6066024759284732,0.819838056680162,,,,,,
q,beta_x_dim,18,0.09076250392557922,1000.0,,,512.0,,100,1.5435502294111996,1.5435502294111996,0.6300884955752213,0.22580645161290322,,,,,,
q,beta_x_dim,18,0.09076250392557922,1000.0,,,512.0,,500,126.02887190911588,126.02887190911588,0.4897133220910624,0.32454361054766734,,,,,,
q,beta_x_dim,19,0.12331536105543583,1000.0,,,512.0,,100,3.092561435717219,3.084934646810737,0.30404217926186294,0.0,,,,,,
q,beta_x_dim,19,0.12331536105543583,1000.0,,,512.0,,500,9.364769489908433,8.298238164343164,0.14853486022229706,0.0,,,,,,
q,beta_x_dim,8,0.0855617921909968,1000.0,,,1024.0,,100,1.1809971541735913,1.1809971541735913,0.9699646643109541,0.34782608695652173,,,,,,
q,beta_x_dim,8,0.0855617921909968,1000.0,,,1024.0,,500,5.050373563454837,3.975963647061744,0.6587997302764667,0.3780487804878049,,,,,,
q,beta_x_dim,9,0.10035694822361248,1000.0,,,1024.0,,100,1.2352836036071206,1.2352836036071206,0.6549912434325744,0.1935483870967742,,,,,,
q,beta_x_dim,9,0.10035694822361248,1000.0,,,1024.0,,500,5.985892172221799,5.985892172221799,0.4516997643890946,0.26774847870182555,,,,,,
q,beta_x_dim,10,0.09406626998612011,1000.0,,,1024.0,,100,0.8505116179632266,0.8505116179632266,0.6112084063047285,0.07446808510638298,,,,,,
q,beta_x_dim,10,0.09406626998612011,1000.0,,,1024.0,,500,9.400377649899404,9.400377649899404,0.5661393470212049,0.09919028340080972,,,,,,
q,beta_x_dim,11,0.09945804358707247,1000.0,,,1024.0,,100,1.737672131823896,1.737672131823896,0.7818181818181819,0.3763440860215054,,,,,,
q,beta_x_dim,11,0.09945804358707247,1000.0,,,1024.0,,500,15.407095609853812,5.735355821110337,0.44033898305084745,0.3509127789046653,,,,,,
q,beta_x_dim,0,0.08324559249809413,1000.0,,,1024.0,,100,2.629585480770836,2.481714005755314,0.44501718213058417,0.6595744680851063,,,,,,
q,beta_x_dim,0,0.08324559249809413,1000.0,,,1024.0,,500,7.058884804314449e+25,7.058884804314449e+25,0.5020120724346077,0.6923076923076923,,,,,,
q,beta_x_dim,1,0.09773989892106646,1000.0,,,1024.0,,100,3.9307692321419863,3.9307692321419863,0.19012797074954296,0.5053763440860215,,,,,,
q,beta_x_dim,1,0.09773989892106646,1000.0,,,1024.0,,500,30.811580734491148,30.63481315629092,0.29555480149304375,0.3671399594320487,,,,,,
q,beta_x_dim,2,0.09817623108532308,1000.0,,,1024.0,,100,3.337080054341538,3.337080054341538,0.6453287197231834,0.28421052631578947,,,,,,
q,beta_x_dim,2,0.09817623108532308,1000.0,,,1024.0,,500,5.536585215898383e+38,5.536585215898383e+38,0.4738079247817327,0.10101010101010101,,,,,,
q,beta_x_dim,3,0.12022087397697476,1000.0,,,1024.0,,100,1.4363931237662144,1.3453842257737927,0.9349736379613357,0.3978494623655914,,,,,,
q,beta_x_dim,3,0.12022087397697476,1000.0,,,1024.0,,500,7.136483848649033,6.77927367681209,0.8009430784776019,0.6490872210953347,,,,,,
q,beta_x_dim,12,0.06626174638131117,1000.0,,,1024.0,,100,1.75813103528144,1.75813103528144,0.47183098591549294,0.0,,,,,,
q,beta_x_dim,12,0.06626174638131117,1000.0,,,1024.0,,500,1.660063626315245e+20,1.660063626315245e+20,0.35983827493261455,0.3838383838383838,,,,,,
q,beta_x_dim,13,0.08761840355965336,1000.0,,,1024.0,,100,2.4550190023904213,2.4550190023904213,0.4303571428571429,1.0,,,,,,
q,beta_x_dim,13,0.08761840355965336,1000.0,,,1024.0,,500,15.244253982057968,12.014851495454387,0.4918918918918919,0.9453441295546559,,,,,,
q,beta_x_dim,14,0.09758045951667538,1000.0,,,1024.0,,100,0.6179923353653489,0.6179923353653489,0.303886925795053,0.08421052631578947,,,,,,
q,beta_x_dim,14,0.09758045951667538,1000.0,,,1024.0,,500,28.500517573700673,28.500517573700673,0.25623735670937287,0.27070707070707073,,,,,,
q,beta_x_dim,15,0.0830707630274445,1000.0,,,1024.0,,100,0.7877194168563724,0.7328089884611108,0.5397923875432526,0.0,,,,,,
q,beta_x_dim,15,0.0830707630274445,1000.0,,,1024.0,,500,4.563950772029746,4.331393087200593,0.49697783747481533,0.0,,,,,,
q,beta_x_dim,4,0.08582136460463576,1000.0,,,1024.0,,100,1.552730223183828,1.552730223183828,0.49722735674676527,0.7263157894736842,,,,,,
q,beta_x_dim,4,0.08582136460463576,1000.0,,,1024.0,,500,54.4593361127057,54.4593361127057,0.4556273376402584,0.7636363636363637,,,,,,
q,beta_x_dim,5,0.09529049869152607,1000.0,,,1024.0,,100,1.0495116610766382,1.0475077729825373,0.8548951048951049,0.0,,,,,,
q,beta_x_dim,5,0.09529049869152607,1000.0,,,1024.0,,500,5.978533076031072,5.966417216535715,0.3714670255720054,0.0,,,,,,
q,beta_x_dim,6,0.08587568835618739,1000.0,,,1024.0,,100,2.6739187915523766,2.6739187915523766,0.5619389587073609,0.0,,,,,,
q,beta_x_dim,6,0.08587568835618739,1000.0,,,1024.0,,500,9.96161556954359,9.891481129375418,0.7575245180926615,0.0,,,,,,
q,beta_x_dim,7,0.08448072310305692,1000.0,,,1024.0,,100,6.790802619254814,6.6074562814513,0.5561403508771929,0.2127659574468085,,,,,,
q,beta_x_dim,7,0.08448072310305692,1000.0,,,1024.0,,500,65.97761801032937,60.15011825119923,0.47373737373737373,0.21052631578947367,,,,,,
q,beta_x_dim,16,0.08225942591702709,1000.0,,,1024.0,,100,2.912169999462986,2.912169999462986,0.40250447227191416,0.0851063829787234,,,,,,
q,beta_x_dim,16,0.08225942591702709,1000.0,,,1024.0,,500,34.25915607286925,34.25915607286925,0.4227779655288949,0.27125506072874495,,,,,,
q,beta_x_dim,17,0.10326707211743168,1000.0,,,1024.0,,100,4.42437057845476,4.42437057845476,0.9330708661417323,0.09574468085106383,,,,,,
q,beta_x_dim,17,0.10326707211743168,1000.0,,,1024.0,,500,3.3275244380847354e+42,3.3275244380847354e+42,0.6640302613480055,0.6720647773279352,,,,,,
q,beta_x_dim,18,0.07596835511935024,1000.0,,,1024.0,,100,0.9018775427347345,0.9018775427347345,0.7168141592920354,0.6021505376344086,,,,,,
q,beta_x_dim,18,0.07596835511935024,1000.0,,,1024.0,,500,43.43708045354631,43.43708045354631,0.6728499156829679,0.41379310344827586,,,,,,
q,beta_x_dim,19,0.08491267679941217,1000.0,,,1024.0,,100,3.35748469933311,3.35748469933311,0.3884007029876977,0.0,,,,,,
q,beta_x_dim,19,0.08491267679941217,1000.0,,,1024.0,,500,5.676439303305872,5.676439303305872,0.2452004041764904,0.0,,,,,,
q,beta_x_dim,0,0.059090624581029906,1000.0,,,2048.0,,100,1.4605185678836254,1.4605185678836254,0.4948453608247423,0.3829787234042553,,,,,,
q,beta_x_dim,0,0.059090624581029906,1000.0,,,2048.0,,500,10.920795693080692,10.920795693080692,0.4416498993963783,0.4089068825910931,,,,,,
q,beta_x_dim,1,0.08055266966973045,1000.0,,,2048.0,,100,1.5567232994483904,1.5567232994483904,0.32541133455210236,0.6559139784946236,,,,,,
q,beta_x_dim,1,0.08055266966973045,1000.0,,,2048.0,,500,15.782066551894058,15.782066551894058,0.35290125551408214,0.6754563894523327,,,,,,
q,beta_x_dim,2,0.07384748219446115,1000.0,,,2048.0,,100,0.6648886424984994,0.6648886424984994,0.9134948096885813,0.28421052631578947,,,,,,
q,beta_x_dim,2,0.07384748219446115,1000.0,,,2048.0,,500,13.729279917143694,13.729279917143694,0.7397582269979852,0.30505050505050507,,,,,,
q,beta_x_dim,3,0.08073623483363201,1000.0,,,2048.0,,100,1.0428208860231805,1.0354538132721856,0.8769771528998243,0.3978494623655914,,,,,,
q,beta_x_dim,3,0.08073623483363201,1000.0,,,2048.0,,500,5.033216534491863,5.033216534491863,0.6726170427753453,0.6348884381338742,,,,,,
q,beta_x_dim,8,0.07644644262105851,1000.0,,,2048.0,,100,2.2379242638530688,2.2379242638530688,0.6466431095406361,0.34782608695652173,,,,,,
q,beta_x_dim,8,0.07644644262105851,1000.0,,,2048.0,,500,17.56025154578212,16.471792441747557,0.3057990559676332,0.3597560975609756,,,,,,
q,beta_x_dim,9,0.061198522080877185,1000.0,,,2048.0,,100,0.7889040126294073,0.7889040126294073,0.6987740805604203,0.45161290322580644,,,,,,
q,beta_x_dim,9,0.061198522080877185,1000.0,,,2048.0,,500,20.457347566214974,20.457347566214974,0.6038370918882531,0.5801217038539553,,,,,,
q,beta_x_dim,10,0.06791061362301604,1000.0,,,2048.0,,100,0.5480023438569844,0.5468927753274749,0.6147110332749562,0.07446808510638298,,,,,,
q,beta_x_dim,10,0.06791061362301604,1000.0,,,2048.0,,500,3.8530910555795055,3.8530910555795055,0.41770447660720295,0.09919028340080972,,,,,,
q,beta_x_dim,11,0.0651762981409896,1000.0,,,2048.0,,100,1.4738112974589748,1.4738112974589748,0.6672727272727272,0.3763440860215054,,,,,,
q,beta_x_dim,11,0.0651762981409896,1000.0,,,2048.0,,500,17.457941129016717,15.681225600950354,0.39932203389830506,0.3184584178498986,,,,,,
q,beta_x_dim,4,0.05515853143171012,1000.0,,,2048.0,,100,1.359798663163701,1.359798663163701,0.5841035120147874,0.35789473684210527,,,,,,
q,beta_x_dim,4,0.05515853143171012,1000.0,,,2048.0,,500,45.354042065643604,44.548848353925194,0.4892893573614417,0.5393939393939394,,,,,,
q,beta_x_dim,5,0.0692130486304319,1000.0,,,2048.0,,100,1.3659671644170195,1.3659671644170195,0.527972027972028,0.2553191489361702,,,,,,
q,beta_x_dim,5,0.0692130486304319,1000.0,,,2048.0,,500,7.600584445152773,7.600584445152773,0.42126514131897713,0.16396761133603238,,,,,,
q,beta_x_dim,6,0.07173439740735219,1000.0,,,2048.0,,100,1.5877135111706355,1.5877135111706355,0.49371633752244165,0.03225806451612903,,,,,,
q,beta_x_dim,6,0.07173439740735219,1000.0,,,2048.0,,500,8.172686865364573,8.172686865364573,0.5877578626986811,0.09939148073022312,,,,,,
q,beta_x_dim,7,0.062214420133965206,1000.0,,,2048.0,,100,3.1990577561213405,3.1990577561213405,0.643859649122807,0.0,,,,,,
q,beta_x_dim,7,0.062214420133965206,1000.0,,,2048.0,,500,10.855695395975928,10.805520862454642,0.4033670033670034,0.02631578947368421,,,,,,
q,beta_x_dim,12,0.05818847294540117,1000.0,,,2048.0,,100,0.5497186218266368,0.5449404161916247,0.8133802816901409,0.3473684210526316,,,,,,
q,beta_x_dim,12,0.05818847294540117,1000.0,,,2048.0,,500,25.00633521087312,25.00633521087312,0.6741913746630728,0.2585858585858586,,,,,,
q,beta_x_dim,13,0.04526185428337136,1000.0,,,2048.0,,100,3.2397090024174044,3.2397090024174044,0.44285714285714284,1.0,,,,,,
q,beta_x_dim,13,0.04526185428337136,1000.0,,,2048.0,,500,23.756900721795816,23.756900721795816,0.41621621621621624,0.9008097165991903,,,,,,
q,beta_x_dim,14,0.04418282118659875,1000.0,,,2048.0,,100,0.886648390272073,0.886648390272073,0.7544169611307421,0.08421052631578947,,,,,,
q,beta_x_dim,14,0.04418282118659875,1000.0,,,2048.0,,500,4.323131786634817,4.323131786634817,0.38401888064733647,0.25252525252525254,,,,,,
q,beta_x_dim,15,0.05860070471225593,1000.0,,,2048.0,,100,0.9563724388336945,0.9563724388336945,0.5813148788927336,0.0,,,,,,
q,beta_x_dim,15,0.05860070471225593,1000.0,,,2048.0,,500,6.2947401136812555,6.16275724293693,0.45601074546675624,0.0,,,,,,
q,beta_x_dim,16,0.06637721883856795,1000.0,,,2048.0,,100,1.6733035805362104,1.6733035805362104,0.6046511627906976,0.48936170212765956,,,,,,
q,beta_x_dim,16,0.06637721883856795,1000.0,,,2048.0,,500,8.17143094453067,8.17143094453067,0.5403852652923284,0.45951417004048584,,,,,,
q,beta_x_dim,17,0.05991551191793955,1000.0,,,2048.0,,100,4.137512338504342,4.137512338504342,0.7224409448818898,0.8404255319148937,,,,,,
q,beta_x_dim,17,0.05991551191793955,1000.0,,,2048.0,,500,205487895.82536152,205487895.82536152,0.6258596973865199,0.7125506072874493,,,,,,
q,beta_x_dim,18,0.052856994997082754,1000.0,,,2048.0,,100,0.6463548568628968,0.6463548568628968,0.6530973451327433,0.6344086021505376,,,,,,
q,beta_x_dim,18,0.052856994997082754,1000.0,,,2048.0,,500,10.55564701096565,10.55564701096565,0.778752107925801,0.5598377281947262,,,,,,
q,beta_x_dim,19,0.059753300342751677,1000.0,,,2048.0,,100,1.692088469536586,1.692088469536586,0.5202108963093146,0.0,,,,,,
q,beta_x_dim,19,0.059753300342751677,1000.0,,,2048.0,,500,7.9463796364387465,7.891429841329402,0.274503199730549,0.0,,,,,,
q,beta_x_dim,0,0.05281229448753218,1000.0,,,4096.0,,100,0.78640628429985,0.78640628429985,0.6752577319587629,0.6914893617021277,,,,,,
q,beta_x_dim,0,0.05281229448753218,1000.0,,,4096.0,,500,5.945526450716473,5.945526450716473,0.49161636485580146,0.5668016194331984,,,,,,
q,beta_x_dim,1,0.03323375362264121,1000.0,,,4096.0,,100,1.0643045545001864,1.0643045545001864,0.33455210237659966,0.5591397849462365,,,,,,
q,beta_x_dim,1,0.03323375362264121,1000.0,,,4096.0,,500,4.509723348581289,4.509723348581289,0.333559552086868,0.5476673427991886,,,,,,
q,beta_x_dim,2,0.04517439621719188,1000.0,,,4096.0,,100,1.3916176266470344,1.3916176266470344,0.8183391003460208,0.28421052631578947,,,,,,
q,beta_x_dim,2,0.04517439621719188,1000.0,,,4096.0,,500,8.443280832028163,8.443280832028163,0.6564808596373405,0.30505050505050507,,,,,,
q,beta_x_dim,3,0.0427116544627979,1000.0,,,4096.0,,100,0.7224390031116594,0.72174821841819,0.9332161687170475,0.23655913978494625,,,,,,
q,beta_x_dim,3,0.0427116544627979,1000.0,,,4096.0,,500,3.1489719644571346,3.1489719644571346,0.8470865611316942,0.38742393509127787,,,,,,
q,beta_x_dim,8,0.054383597927018135,1000.0,,,4096.0,,100,1.657544931536206,1.657544931536206,0.6466431095406361,0.34782608695652173,,,,,,
q,beta_x_dim,8,0.054383597927018135,1000.0,,,4096.0,,500,7.70268972785421,7.70268972785421,0.4140256237356709,0.37398373983739835,,,,,,
q,beta_x_dim,9,0.03765310937715849,1000.0,,,4096.0,,100,0.5993672654418851,0.5450222115028778,0.6339754816112084,0.1935483870967742,,,,,,
q,beta_x_dim,9,0.03765310937715849,1000.0,,,4096.0,,500,10.929837440009718,10.711248217765537,0.5792662403231236,0.5699797160243407,,,,,,
q,beta_x_dim,10,0.04683774768564616,1000.0,,,4096.0,,100,1.2480868977506079,1.2480868977506079,0.425569176882662,0.07446808510638298,,,,,,
q,beta_x_dim,10,0.04683774768564616,1000.0,,,4096.0,,500,6.759214635718195,6.759214635718195,0.5617637159205655,0.09919028340080972,,,,,,
q,beta_x_dim,11,0.05217513828362287,1000.0,,,4096.0,,100,1.1928667125638541,1.1928667125638541,0.6618181818181819,0.3763440860215054,,,,,,
q,beta_x_dim,11,0.05217513828362287,1000.0,,,4096.0,,500,4.5452346910231745,4.5452346910231745,0.6328813559322034,0.3509127789046653,,,,,,
q,beta_x_dim,4,0.040015870266180115,1000.0,,,4096.0,,100,1.3411760733200593,1.3411760733200593,0.3179297597042514,0.35789473684210527,,,,,,
q,beta_x_dim,4,0.040015870266180115,1000.0,,,4096.0,,500,8.615231121714434,8.58788055431795,0.2764365861951717,0.35353535353535354,,,,,,
q,beta_x_dim,5,0.03709134647177847,1000.0,,,4096.0,,100,1.7804135787848605,1.7716509638938442,0.45104895104895104,0.22340425531914893,,,,,,
q,beta_x_dim,5,0.03709134647177847,1000.0,,,4096.0,,500,5.384139149520086,5.322828305659818,0.30450874831763125,0.11336032388663968,,,,,,
q,beta_x_dim,6,0.04794923215448047,1000.0,,,4096.0,,100,2.5374948974296814,2.5374948974296814,0.6696588868940754,0.03225806451612903,,,,,,
q,beta_x_dim,6,0.04794923215448047,1000.0,,,4096.0,,500,8.371278021849399,8.051642201296254,0.596550557997971,0.30831643002028397,,,,,,
q,beta_x_dim,7,0.038538289652744306,1000.0,,,4096.0,,100,1.4267055619746976,1.2200711205993968,0.743859649122807,0.8723404255319149,,,,,,
q,beta_x_dim,7,0.038538289652744306,1000.0,,,4096.0,,500,5.572356327621257,5.523199016792017,0.4703703703703704,0.7955465587044535,,,,,,
q,beta_x_dim,16,0.04797270734396558,1000.0,,,4096.0,,100,1.5822707688992153,1.5822707688992153,0.46153846153846156,0.6170212765957447,,,,,,
q,beta_x_dim,16,0.04797270734396558,1000.0,,,4096.0,,500,7.0826529028259,7.0826529028259,0.3514700912470429,0.7327935222672065,,,,,,
q,beta_x_dim,17,0.0520924933809918,1000.0,,,4096.0,,100,0.8728808831870795,0.8727502493040122,0.84251968503937,0.0,,,,,,
q,beta_x_dim,17,0.0520924933809918,1000.0,,,4096.0,,500,3.802624007993611,3.802624007993611,0.5484869325997249,0.0,,,,,,
q,beta_x_dim,18,0.04858823919892398,1000.0,,,4096.0,,100,0.7158838719763608,0.7158838719763608,0.5026548672566372,0.22580645161290322,,,,,,
q,beta_x_dim,18,0.04858823919892398,1000.0,,,4096.0,,500,4.272446132416593,4.272446132416593,0.527487352445194,0.359026369168357,,,,,,
q,beta_x_dim,19,0.03839218641664325,1000.0,,,4096.0,,100,1.4649619851732112,1.4649619851732112,0.5518453427065027,0.0,,,,,,
q,beta_x_dim,19,0.03839218641664325,1000.0,,,4096.0,,500,5.540314158737243,5.478844961950022,0.31121589760862245,0.0,,,,,,
q,beta_x_dim,12,0.037527120712285596,1000.0,,,4096.0,,100,0.503720406818392,0.503720406818392,0.8626760563380281,0.3473684210526316,,,,,,
q,beta_x_dim,12,0.037527120712285596,1000.0,,,4096.0,,500,2.3167785221348587,2.3167785221348587,0.6977762803234502,0.4121212121212121,,,,,,
q,beta_x_dim,13,0.03611361544770655,1000.0,,,4096.0,,100,2.201903310632786,2.201903310632786,0.6553571428571429,0.3191489361702128,,,,,,
q,beta_x_dim,13,0.03611361544770655,1000.0,,,4096.0,,500,6.382673298391461,6.382673298391461,0.5266891891891892,0.2773279352226721,,,,,,
q,beta_x_dim,14,0.046207983078083464,1000.0,,,4096.0,,100,1.6677648804495215,1.6677648804495215,0.823321554770318,0.9157894736842105,,,,,,
q,beta_x_dim,14,0.046207983078083464,1000.0,,,4096.0,,500,21.011954252849936,21.011954252849936,0.48988536749831424,0.7313131313131314,,,,,,
q,beta_x_dim,15,0.041232563561755656,1000.0,,,4096.0,,100,0.8085041206487218,0.8085041206487218,0.5761245674740484,0.0,,,,,,
q,beta_x_dim,15,0.041232563561755656,1000.0,,,4096.0,,500,4.215553306967526,3.7206508728014622,0.5926796507723304,0.05454545454545454,,,,,,
q,beta_x_dim,0,0.028866620553621138,1000.0,,,8192.0,,100,1.1176843005849333,1.1176843005849333,0.6082474226804123,0.5957446808510638,,,,,,
q,beta_x_dim,0,0.028866620553621138,1000.0,,,8192.0,,500,6.158278945179513,6.158278945179513,0.4869215291750503,0.5465587044534413,,,,,,
q,beta_x_dim,1,0.027164945974240972,1000.0,,,8192.0,,100,0.9550422395896936,0.9550422395896936,0.5283363802559415,0.5591397849462365,,,,,,
q,beta_x_dim,1,0.027164945974240972,1000.0,,,8192.0,,500,4.711640093088565,4.694038051957116,0.505259586019681,0.5476673427991886,,,,,,
q,beta_x_dim,2,0.03716655524101822,1000.0,,,8192.0,,100,0.7904009894166404,0.7497857181281522,0.8235294117647058,0.28421052631578947,,,,,,
q,beta_x_dim,2,0.03716655524101822,1000.0,,,8192.0,,500,4.548728533900359,4.548728533900359,0.6809939556749496,0.30505050505050507,,,,,,
q,beta_x_dim,3,0.02553517333602458,1000.0,,,8192.0,,100,0.980381553236471,0.9785277141699029,0.70298769771529,0.23655913978494625,,,,,,
q,beta_x_dim,3,0.02553517333602458,1000.0,,,8192.0,,500,3.0944855213966043,3.0944855213966043,0.49477938699898955,0.29411764705882354,,,,,,
q,beta_x_dim,4,0.03548757067847358,1000.0,,,8192.0,,100,1.2541877314011238,1.2541877314011238,0.6247689463955638,0.35789473684210527,,,,,,
q,beta_x_dim,4,0.03548757067847358,1000.0,,,8192.0,,500,7.82715881382719,7.82715881382719,0.6446786807208432,0.32323232323232326,,,,,,
q,beta_x_dim,5,0.02467790949675192,1000.0,,,8192.0,,100,1.0021484338712554,0.9994858069999213,0.8391608391608392,0.2553191489361702,,,,,,
q,beta_x_dim,5,0.02467790949675192,1000.0,,,8192.0,,500,16.631094795029263,16.631094795029263,0.7244279946164199,0.3684210526315789,,,,,,
q,beta_x_dim,6,0.040807936685536825,1000.0,,,8192.0,,100,2.036120963536672,2.036120963536672,0.703770197486535,0.7096774193548387,,,,,,
q,beta_x_dim,6,0.040807936685536825,1000.0,,,8192.0,,500,12.872525789989417,12.872525789989417,0.6574230639161313,0.7038539553752535,,,,,,
q,beta_x_dim,7,0.03155187508608768,1000.0,,,8192.0,,100,1.087542607931213,1.087542607931213,0.6701754385964912,0.8723404255319149,,,,,,
q,beta_x_dim,7,0.03155187508608768,1000.0,,,8192.0,,500,5.44837974483068,5.441140870220612,0.5717171717171717,0.8259109311740891,,,,,,
q,beta_x_dim,12,0.02891391267793012,1000.0,,,8192.0,,100,0.919199614880317,0.919199614880317,0.8397887323943662,0.3473684210526316,,,,,,
q,beta_x_dim,12,0.02891391267793012,1000.0,,,8192.0,,500,2.6785499523581793,2.6785499523581793,0.6148921832884097,0.4121212121212121,,,,,,
q,beta_x_dim,13,0.02820747812109664,1000.0,,,8192.0,,100,2.6044742747842347,2.6044742747842347,0.8339285714285715,0.7659574468085106,,,,,,
q,beta_x_dim,13,0.02820747812109664,1000.0,,,8192.0,,500,10.573260977850499,9.43203357593853,0.7797297297297298,0.6639676113360324,,,,,,
q,beta_x_dim,14,0.031186330221094197,1000.0,,,8192.0,,100,1.1560136333484903,1.1560136333484903,0.7773851590106007,0.9157894736842105,,,,,,
q,beta_x_dim,14,0.031186330221094197,1000.0,,,8192.0,,500,3.9694273073063906,3.9694273073063906,0.31490222521915034,0.6989898989898989,,,,,,
q,beta_x_dim,15,0.03410922937317396,1000.0,,,8192.0,,100,0.7170243367833291,0.7164071431861586,0.8235294117647058,0.0,,,,,,
q,beta_x_dim,15,0.03410922937317396,1000.0,,,8192.0,,500,2.9776959270785057,2.9776959270785057,0.609469442578912,0.0,,,,,,
q,beta_x_dim,8,0.03978782272341987,1000.0,,,8192.0,,100,2.0823534444705105,2.0823534444705105,0.4840989399293286,0.8695652173913043,,,,,,
q,beta_x_dim,8,0.03978782272341987,1000.0,,,8192.0,,500,13.132797682910551,13.046363624478916,0.5350640593391773,0.9512195121951219,,,,,,
q,beta_x_dim,9,0.026488447237678032,1000.0,,,8192.0,,100,0.7097494493675894,0.7097494493675894,0.4973730297723292,0.1935483870967742,,,,,,
q,beta_x_dim,9,0.026488447237678032,1000.0,,,8192.0,,500,4.29038529792444,4.29038529792444,0.47963648603163916,0.25963488843813387,,,,,,
q,beta_x_dim,10,0.03463519326633877,1000.0,,,8192.0,,100,0.9525854698065241,0.9525854698065241,0.7162872154115587,0.2978723404255319,,,,,,
q,beta_x_dim,10,0.03463519326633877,1000.0,,,8192.0,,500,3.56995206873058,3.5651691607658074,0.7600134634803096,0.37044534412955465,,,,,,
q,beta_x_dim,11,0.026055525657738363,1000.0,,,8192.0,,100,1.1141702787160757,1.1078411897908436,0.5236363636363637,0.08602150537634409,,,,,,
q,beta_x_dim,11,0.026055525657738363,1000.0,,,8192.0,,500,4.56580702284507,4.56580702284507,0.5464406779661017,0.22515212981744423,,,,,,
q,beta_x_dim,16,0.02684107057175928,1000.0,,,8192.0,,100,1.7214026718388258,1.7205643076939139,0.778175313059034,0.43617021276595747,,,,,,
q,beta_x_dim,16,0.02684107057175928,1000.0,,,8192.0,,500,5.508968459162477,5.508968459162477,0.4082460290638729,0.4230769230769231,,,,,,
q,beta_x_dim,17,0.028838512097342273,1000.0,,,8192.0,,100,1.4466505681252264,1.4466505681252264,0.6358267716535433,0.6808510638297872,,,,,,
q,beta_x_dim,17,0.028838512097342273,1000.0,,,8192.0,,500,7.2722500434751,7.0259299590295985,0.5409215955983494,0.6255060728744939,,,,,,
q,beta_x_dim,18,0.032469723871153267,1000.0,,,8192.0,,100,0.6358880323622507,0.6358880323622507,0.4353982300884956,0.2903225806451613,,,,,,
q,beta_x_dim,18,0.032469723871153267,1000.0,,,8192.0,,500,4.729558254222778,4.729558254222778,0.7146711635750421,0.6470588235294118,,,,,,
q,beta_x_dim,19,0.032297817379372595,1000.0,,,8192.0,,100,1.4710442635717884,1.4710442635717884,0.5131810193321616,0.0,,,,,,
q,beta_x_dim,19,0.032297817379372595,1000.0,,,8192.0,,500,4.9552093638457,4.878247589285956,0.24789491411249578,0.0,,,,,,
q,beta_x_dim,0,0.020356989468909358,1000.0,,,16384.0,,100,0.9412031745799871,0.9397453778919164,0.6202749140893471,0.648936170212766,,,,,,
q,beta_x_dim,0,0.020356989468909358,1000.0,,,16384.0,,500,4.344601540664027,4.344601540664027,0.43091884641180417,0.7206477732793523,,,,,,
q,beta_x_dim,1,0.01807625432089983,1000.0,,,16384.0,,100,0.9638092575935238,0.9638092575935238,0.6837294332723949,0.5053763440860215,,,,,,
q,beta_x_dim,1,0.01807625432089983,1000.0,,,16384.0,,500,4.057666403107601,4.057666403107601,0.6328469630132338,0.385395537525355,,,,,,
q,beta_x_dim,2,0.02140292876780509,1000.0,,,16384.0,,100,0.9517211813380322,0.9517211813380322,0.6885813148788927,0.28421052631578947,,,,,,
q,beta_x_dim,2,0.02140292876780509,1000.0,,,16384.0,,500,4.4923024643711384,4.4923024643711384,0.4264607118871726,0.30505050505050507,,,,,,
q,beta_x_dim,3,0.018745583527260273,1000.0,,,16384.0,,100,0.6505343454848397,0.6505343454848397,0.9367311072056239,0.23655913978494625,,,,,,
q,beta_x_dim,3,0.018745583527260273,1000.0,,,16384.0,,500,3.7207522778721502,3.7207522778721502,0.6918154260693836,0.27586206896551724,,,,,,
q,beta_x_dim,4,0.02302125399812299,1000.0,,,16384.0,,100,1.1297618798198386,1.1142334251093264,0.4787430683918669,0.35789473684210527,,,,,,
q,beta_x_dim,4,0.02302125399812299,1000.0,,,16384.0,,500,3.9986408597456182,3.997316665833862,0.49608976538592314,0.3575757575757576,,,,,,
q,beta_x_dim,5,0.018059158472521004,1000.0,,,16384.0,,100,0.9186166512352599,0.9186166512352599,0.708041958041958,0.05319148936170213,,,,,,
q,beta_x_dim,5,0.018059158472521004,1000.0,,,16384.0,,500,4.381720761166096,4.333757152228635,0.6857335127860027,0.09716599190283401,,,,,,
q,beta_x_dim,6,0.02108045085739379,1000.0,,,16384.0,,100,1.4111503503725746,1.4111503503725746,0.7091561938958707,0.27956989247311825,,,,,,
q,beta_x_dim,6,0.02108045085739379,1000.0,,,16384.0,,500,5.929030559229831,5.875415648600702,0.47954007439972945,0.24949290060851928,,,,,,
q,beta_x_dim,7,0.021431309877788803,1000.0,,,16384.0,,100,1.1170666836138632,1.1136955746539097,0.8157894736842105,0.8723404255319149,,,,,,
q,beta_x_dim,7,0.021431309877788803,1000.0,,,16384.0,,500,3.872681325985326,3.872681325985326,0.6279461279461279,0.8603238866396761,,,,,,
q,beta_x_dim,8,0.021030588042434514,1000.0,,,16384.0,,100,0.6888676394420575,0.6888676394420575,0.17491166077738515,0.6521739130434783,,,,,,
q,beta_x_dim,8,0.021030588042434514,1000.0,,,16384.0,,500,3.6934097473119234,3.6934097473119234,0.26803776129467294,0.40447154471544716,,,,,,
q,beta_x_dim,9,0.019728356009054288,1000.0,,,16384.0,,100,0.6544872078369535,0.6542842254566033,0.6182136602451839,0.45161290322580644,,,,,,
q,beta_x_dim,9,0.019728356009054288,1000.0,,,16384.0,,500,2.21611945081624,2.21611945081624,0.7630427465499832,0.5517241379310345,,,,,,
q,beta_x_dim,10,0.022361935486372143,1000.0,,,16384.0,,100,1.026503438422588,1.026503438422588,0.5971978984238179,0.2978723404255319,,,,,,
q,beta_x_dim,10,0.022361935486372143,1000.0,,,16384.0,,500,3.67361134030447,3.67361134030447,0.43352406597105353,0.3866396761133603,,,,,,
q,beta_x_dim,11,0.02310508513733857,1000.0,,,16384.0,,100,0.8377033286715896,0.8239218532890393,0.8345454545454546,0.3763440860215054,,,,,,
q,beta_x_dim,11,0.02310508513733857,1000.0,,,16384.0,,500,3.062828871375216,3.062828871375216,0.6955932203389831,0.3509127789046653,,,,,,
q,beta_x_dim,12,0.02699076211395584,1000.0,,,16384.0,,100,1.0343061697357396,1.0304699065004679,0.7535211267605634,0.3473684210526316,,,,,,
q,beta_x_dim,12,0.02699076211395584,1000.0,,,16384.0,,500,3.032654622832737,3.032654622832737,0.4942722371967655,0.4121212121212121,,,,,,
q,beta_x_dim,13,0.025830793140590433,1000.0,,,16384.0,,100,1.1493503887831023,1.1493503887831023,0.8339285714285715,1.0,,,,,,
q,beta_x_dim,13,0.025830793140590433,1000.0,,,16384.0,,500,2.956280514561092,2.730249167629944,0.7706081081081081,0.9696356275303644,,,,,,
q,beta_x_dim,14,0.020659419161738583,1000.0,,,16384.0,,100,0.8585721160566204,0.8585721160566204,0.6749116607773852,0.9157894736842105,,,,,,
q,beta_x_dim,14,0.020659419161738583,1000.0,,,16384.0,,500,2.979489986756022,2.951063344824417,0.5134861766689144,0.6848484848484848,,,,,,
q,beta_x_dim,15,0.026925567045706686,1000.0,,,16384.0,,100,0.9380580481603069,0.9380580481603069,0.6816608996539792,0.0,,,,,,
q,beta_x_dim,15,0.026925567045706686,1000.0,,,16384.0,,500,3.530192170276636,3.530192170276636,0.5235057085292142,0.0,,,,,,
q,beta_x_dim,16,0.01658465602098674,1000.0,,,16384.0,,100,1.3579198151500507,1.3579198151500507,0.6601073345259392,0.4574468085106383,,,,,,
q,beta_x_dim,16,0.01658465602098674,1000.0,,,16384.0,,500,5.92530950917444,5.92530950917444,0.6133828996282528,0.31983805668016196,,,,,,
q,beta_x_dim,17,0.019897017393780598,1000.0,,,16384.0,,100,1.3082217318108658,1.3082217318108658,0.7086614173228346,0.0,,,,,,
q,beta_x_dim,17,0.019897017393780598,1000.0,,,16384.0,,500,5.233836943243261,5.14157648158579,0.46801925722145804,0.0708502024291498,,,,,,
q,beta_x_dim,18,0.020865285810528867,1000.0,,,16384.0,,100,0.6439017810320021,0.6439017810320021,0.7858407079646018,0.5913978494623656,,,,,,
q,beta_x_dim,18,0.020865285810528867,1000.0,,,16384.0,,500,4.812039854584718,4.812039854584718,0.8435075885328837,0.592292089249493,,,,,,
q,beta_x_dim,19,0.021465321221595654,1000.0,,,16384.0,,100,1.0324769346186582,1.0324769346186582,0.4956063268892794,0.40217391304347827,,,,,,
q,beta_x_dim,19,0.021465321221595654,1000.0,,,16384.0,,500,5.5234401826333865,5.519416252998857,0.4624452677669249,0.5609756097560976,,,,,,
q,beta_x_dim,0,0.475488624112919,1000000.0,,,32.0,,100,3.522758811853809e+53,3.522758811853809e+53,0.38144329896907214,0.02127659574468085,,,,,,
q,beta_x_dim,0,0.475488624112919,1000000.0,,,32.0,,500,inf,inf,,,,,,,,
q,beta_x_dim,1,0.40812779004929994,1000000.0,,,32.0,,100,1.0075412554702234e+44,1.0075412554702234e+44,0.3180987202925046,0.41935483870967744,,,,,,
q,beta_x_dim,1,0.40812779004929994,1000000.0,,,32.0,,500,1.1129551949689198e+253,1.1129551949689198e+253,0.30844927044451986,0.48884381338742394,,,,,,
q,beta_x_dim,2,0.4730093470080129,1000000.0,,,32.0,,100,157.79443642755461,157.79443642755461,0.6764705882352942,0.28421052631578947,,,,,,
q,beta_x_dim,2,0.4730093470080129,1000000.0,,,32.0,,500,1.2590403105444429e+17,1.2590403105444429e+17,0.4150436534586971,0.3373737373737374,,,,,,
q,beta_x_dim,3,0.4466934199958885,1000000.0,,,32.0,,100,33.826017689341185,33.826017689341185,0.39718804920913886,0.23655913978494625,,,,,,
q,beta_x_dim,3,0.4466934199958885,1000000.0,,,32.0,,500,79844106093992.95,79844106093992.95,0.31121589760862245,0.2535496957403651,,,,,,
q,beta_x_dim,8,0.43855644177086944,1000000.0,,,32.0,,100,413.6486359228465,413.6486359228465,0.3286219081272085,0.0,,,,,,
q,beta_x_dim,8,0.43855644177086944,1000000.0,,,32.0,,500,1.0259848827978123e+93,1.0259848827978123e+93,0.3186109238031018,0.0,,,,,,
q,beta_x_dim,9,0.41686723547078175,1000000.0,,,32.0,,100,254.598417216712,245.81163168844418,0.276707530647986,0.21505376344086022,,,,,,
q,beta_x_dim,9,0.41686723547078175,1000000.0,,,32.0,,500,222030.8978484339,222030.8978484339,0.35644564119824973,0.23935091277890466,,,,,,
q,beta_x_dim,10,0.4462354434217582,1000000.0,,,32.0,,100,220057.88730418636,220057.88730418636,0.3555166374781086,0.4148936170212766,,,,,,
q,beta_x_dim,10,0.4462354434217582,1000000.0,,,32.0,,500,4.669863273402471e+57,4.669863273402471e+57,0.4510265903736116,0.5465587044534413,,,,,,
q,beta_x_dim,11,0.3453439906042841,1000000.0,,,32.0,,100,3.4171725504275644e+19,3.4171725504275644e+19,0.3563636363636364,0.3763440860215054,,,,,,
q,beta_x_dim,11,0.3453439906042841,1000000.0,,,32.0,,500,2.379565785606773e+138,2.379565785606773e+138,0.3233898305084746,0.3509127789046653,,,,,,
q,beta_x_dim,4,0.5533154376476055,1000000.0,,,32.0,,100,121.79782910498041,121.79782910498041,0.16820702402957485,0.17894736842105263,,,,,,
q,beta_x_dim,4,0.5533154376476055,1000000.0,,,32.0,,500,300.73816128188565,300.73816128188565,0.08738524311458687,0.13737373737373737,,,,,,
q,beta_x_dim,5,0.37342721982998295,1000000.0,,,32.0,,100,1.153142785359946,1.153142785359946,0.7954545454545454,0.24468085106382978,,,,,,
q,beta_x_dim,5,0.37342721982998295,1000000.0,,,32.0,,500,3.299220059025816,3.2919643459774584,0.826043068640646,0.18421052631578946,,,,,,
q,beta_x_dim,6,0.42978362336359666,1000000.0,,,32.0,,100,367.25164870259283,367.25164870259283,0.7019748653500898,0.0,,,,,,
q,beta_x_dim,6,0.42978362336359666,1000000.0,,,32.0,,500,1.3469962266986613e+37,1.3469962266986613e+37,0.6591139668583024,0.0,,,,,,
q,beta_x_dim,7,0.44008905448805447,1000000.0,,,32.0,,100,3.465325179652657e+45,3.465325179652657e+45,0.5719298245614035,0.1276595744680851,,,,,,
q,beta_x_dim,7,0.44008905448805447,1000000.0,,,32.0,,500,2.8162637854322943e+276,2.8162637854322943e+276,0.5885521885521886,0.024291497975708502,,,,,,
q,beta_x_dim,12,0.5218634903299535,1000000.0,,,32.0,,100,873290025.5910091,873290025.5910091,0.44366197183098594,0.37894736842105264,,,,,,
q,beta_x_dim,12,0.5218634903299535,1000000.0,,,32.0,,500,2.122524737283113e+283,2.122524737283113e+283,0.42149595687331537,0.4444444444444444,,,,,,
q,beta_x_dim,13,0.42062264887055334,1000000.0,,,32.0,,100,90.88392726476054,90.88392726476054,0.18571428571428572,0.11702127659574468,,,,,,
q,beta_x_dim,13,0.42062264887055334,1000000.0,,,32.0,,500,1.6778008990484507e+201,1.6778008990484507e+201,0.6253378378378378,0.7651821862348178,,,,,,
q,beta_x_dim,14,0.4990514455594063,1000000.0,,,32.0,,100,1.8728558737632047e+28,1.8728558737632047e+28,0.5,0.10526315789473684,,,,,,
q,beta_x_dim,14,0.4990514455594063,1000000.0,,,32.0,,500,2.2024404888569323e+148,2.2024404888569323e+148,0.3806473364801079,0.020202020202020204,,,,,,
q,beta_x_dim,15,0.47267108630892485,1000000.0,,,32.0,,100,4107.059917782203,4107.059917782203,0.39792387543252594,0.0,,,,,,
q,beta_x_dim,15,0.47267108630892485,1000000.0,,,32.0,,500,9.469995853706154e+49,9.469995853706154e+49,0.4761584956346541,0.39191919191919194,,,,,,
q,beta_x_dim,16,0.45145873378777773,1000000.0,,,32.0,,100,2.6117948287165425e+23,2.6117948287165425e+23,0.23076923076923078,0.46808510638297873,,,,,,
q,beta_x_dim,16,0.45145873378777773,1000000.0,,,32.0,,500,7.653932919303902e+145,7.653932919303902e+145,0.2669820885434268,0.5526315789473685,,,,,,
q,beta_x_dim,17,0.4502359836938825,1000000.0,,,32.0,,100,196.14171646241383,177.16659405839943,0.4566929133858268,0.0,,,,,,
q,beta_x_dim,17,0.4502359836938825,1000000.0,,,32.0,,500,641.1893337494612,636.5219419582816,0.4322558459422283,0.0,,,,,,
q,beta_x_dim,18,0.5626601659757056,1000000.0,,,32.0,,100,2.759495439576395e+38,2.759495439576395e+38,0.3380530973451327,0.22580645161290322,,,,,,
q,beta_x_dim,18,0.5626601659757056,1000000.0,,,32.0,,500,5.1736372797290365e+180,5.1736372797290365e+180,0.3258010118043845,0.3144016227180527,,,,,,
q,beta_x_dim,19,0.41077051363789985,1000000.0,,,32.0,,100,30212406506202.33,30212406506202.33,0.4077328646748682,0.8369565217391305,,,,,,
q,beta_x_dim,19,0.41077051363789985,1000000.0,,,32.0,,500,2.906348417940863e+90,2.906348417940863e+90,0.4826540922869653,0.8617886178861789,,,,,,
q,beta_x_dim,4,0.4116536270898129,1000000.0,,,64.0,,100,3.203144506485709,3.203144506485709,0.48613678373382624,0.35789473684210527,,,,,,
q,beta_x_dim,4,0.4116536270898129,1000000.0,,,64.0,,500,157.1848248680919,133.42745317108466,0.4151649098945937,0.43232323232323233,,,,,,
q,beta_x_dim,5,0.29343300693331814,1000000.0,,,64.0,,100,8.935784732051584,7.902466827991731,0.12937062937062938,0.0,,,,,,
q,beta_x_dim,5,0.29343300693331814,1000000.0,,,64.0,,500,282.59035619992693,282.59035619992693,0.319650067294751,0.06680161943319839,,,,,,
q,beta_x_dim,6,0.42163379283891284,1000000.0,,,64.0,,100,12.316424279984926,11.671008881174805,0.3500897666068223,0.0,,,,,,
q,beta_x_dim,6,0.42163379283891284,1000000.0,,,64.0,,500,1.539290473017418e+17,1.539290473017418e+17,0.37166046668921204,0.0,,,,,,
q,beta_x_dim,7,0.34813570903299706,1000000.0,,,64.0,,100,22.68073998013922,21.48247943597165,0.5614035087719298,0.1276595744680851,,,,,,
q,beta_x_dim,7,0.34813570903299706,1000000.0,,,64.0,,500,3.560949826595212e+88,3.560949826595212e+88,0.5895622895622895,0.13562753036437247,,,,,,
q,beta_x_dim,0,0.3221759901052828,1000000.0,,,64.0,,100,1.6061321185211879e+28,1.6061321185211879e+28,0.40034364261168387,0.18085106382978725,,,,,,
q,beta_x_dim,0,0.3221759901052828,1000000.0,,,64.0,,500,4.455686461790188e+174,4.455686461790188e+174,0.37860496311200537,0.048582995951417005,,,,,,
q,beta_x_dim,1,0.29558078375967123,1000000.0,,,64.0,,100,148221823.0869598,148221823.0869598,0.263254113345521,0.5376344086021505,,,,,,
q,beta_x_dim,1,0.29558078375967123,1000000.0,,,64.0,,500,9.879304940785125e+140,9.879304940785125e+140,0.3189684424838819,0.36105476673427994,,,,,,
q,beta_x_dim,2,0.3180382777636512,1000000.0,,,64.0,,100,3.594583073952161,2.6705809942151935,0.4757785467128028,0.28421052631578947,,,,,,
q,beta_x_dim,2,0.3180382777636512,1000000.0,,,64.0,,500,58.357814006677614,23.210560803307697,0.4180658159838818,0.30505050505050507,,,,,,
q,beta_x_dim,3,0.36692874187724284,1000000.0,,,64.0,,100,4.296720186868554,4.296720186868554,0.36379613356766255,0.23655913978494625,,,,,,
q,beta_x_dim,3,0.36692874187724284,1000000.0,,,64.0,,500,2.4315374410961572e+40,2.4315374410961572e+40,0.3459077130346918,0.31237322515212984,,,,,,
q,beta_x_dim,8,0.31157596513111496,1000000.0,,,64.0,,100,4.519052228520114,4.519052228520114,0.43109540636042404,0.6739130434782609,,,,,,
q,beta_x_dim,8,0.31157596513111496,1000000.0,,,64.0,,500,129.02297088811417,129.02297088811417,0.4184086311530681,0.790650406504065,,,,,,
q,beta_x_dim,9,0.34561243486758075,1000000.0,,,64.0,,100,25.74579919676581,11.779980105071417,0.3257443082311734,0.1935483870967742,,,,,,
q,beta_x_dim,9,0.34561243486758075,1000000.0,,,64.0,,500,181.89834253793902,156.9996519758462,0.47256815886906767,0.25963488843813387,,,,,,
q,beta_x_dim,10,0.378879289575792,1000000.0,,,64.0,,100,292.8433428528246,257.1384143093606,0.5288966725043783,0.19148936170212766,,,,,,
q,beta_x_dim,10,0.378879289575792,1000000.0,,,64.0,,500,7.436935910576761e+42,7.436935910576761e+42,0.38842140693369237,0.3582995951417004,,,,,,
q,beta_x_dim,11,0.32740539883828845,1000000.0,,,64.0,,100,494.75949286356564,494.75949286356564,0.24909090909090909,0.3763440860215054,,,,,,
q,beta_x_dim,11,0.32740539883828845,1000000.0,,,64.0,,500,2.0024228490520703e+107,2.0024228490520703e+107,0.3525423728813559,0.3509127789046653,,,,,,
q,beta_x_dim,12,0.37647967684533196,1000000.0,,,64.0,,100,25.250438485241173,25.250438485241173,0.3257042253521127,0.3473684210526316,,,,,,
q,beta_x_dim,12,0.37647967684533196,1000000.0,,,64.0,,500,1.4575414218647403e+71,1.4575414218647403e+71,0.3328840970350404,0.4383838383838384,,,,,,
q,beta_x_dim,13,0.3272847901693679,1000000.0,,,64.0,,100,9.44814170026722,9.10591932367468,0.6571428571428571,0.0,,,,,,
q,beta_x_dim,13,0.3272847901693679,1000000.0,,,64.0,,500,6.0079909940882395e+109,6.0079909940882395e+109,0.5996621621621622,0.5303643724696356,,,,,,
q,beta_x_dim,14,0.32643791641323355,1000000.0,,,64.0,,100,4.158116328204491,4.158116328204491,0.3674911660777385,0.2736842105263158,,,,,,
q,beta_x_dim,14,0.32643791641323355,1000000.0,,,64.0,,500,586.0941840696771,586.0941840696771,0.49527983816587995,0.22626262626262628,,,,,,
q,beta_x_dim,15,0.31240187704456923,1000000.0,,,64.0,,100,12.380232285247516,12.380232285247516,0.5259515570934256,0.08421052631578947,,,,,,
q,beta_x_dim,15,0.31240187704456923,1000000.0,,,64.0,,500,160.08554702846314,139.16239450096867,0.5476830087306918,0.08080808080808081,,,,,,
q,beta_x_dim,16,0.3106442961881303,1000000.0,,,64.0,,100,34.282867287059396,34.282867287059396,0.22898032200357782,0.11702127659574468,,,,,,
q,beta_x_dim,16,0.3106442961881303,1000000.0,,,64.0,,500,32570.245656384064,32570.245656384064,0.27441703278134505,0.20445344129554655,,,,,,
q,beta_x_dim,17,0.33758709179713225,1000000.0,,,64.0,,100,8.139231038177025,4.834161922399828,0.29133858267716534,0.0,,,,,,
q,beta_x_dim,17,0.33758709179713225,1000000.0,,,64.0,,500,432.09147477389627,427.5783877542099,0.44154057771664373,0.0,,,,,,
q,beta_x_dim,18,0.36277063351344463,1000000.0,,,64.0,,100,288.86408577483326,229.72441087981238,0.4690265486725664,0.20430107526881722,,,,,,
q,beta_x_dim,18,0.36277063351344463,1000000.0,,,64.0,,500,356019464498785.7,356019464498785.7,0.38617200674536256,0.31237322515212984,,,,,,
q,beta_x_dim,19,0.27197824426002815,1000000.0,,,64.0,,100,1607.979338167593,1607.979338167593,0.335676625659051,0.20652173913043478,,,,,,
q,beta_x_dim,19,0.27197824426002815,1000000.0,,,64.0,,500,14664.62928432022,14664.62928432022,0.3337824183226676,0.3699186991869919,,,,,,
q,beta_x_dim,0,0.2769788139980297,1000000.0,,,128.0,,100,42329448751620.46,42329448751620.46,0.3951890034364261,0.5638297872340425,,,,,,
q,beta_x_dim,0,0.2769788139980297,1000000.0,,,128.0,,500,5.414787218775573e+118,5.414787218775573e+118,0.4017437961099933,0.39068825910931176,,,,,,
q,beta_x_dim,1,0.2437982963519862,1000000.0,,,128.0,,100,6.782515475516865,6.782515475516865,0.2522851919561243,0.11827956989247312,,,,,,
q,beta_x_dim,1,0.2437982963519862,1000000.0,,,128.0,,500,137.91294306872894,137.24271453527984,0.2629793009840516,0.1460446247464503,,,,,,
q,beta_x_dim,2,0.24339730327335968,1000000.0,,,128.0,,100,4.480138883647745,4.2880831696433415,0.4429065743944637,0.28421052631578947,,,,,,
q,beta_x_dim,2,0.24339730327335968,1000000.0,,,128.0,,500,22.71819488661544,21.47591550058683,0.41336467427803897,0.30505050505050507,,,,,,
q,beta_x_dim,3,0.22659351652488344,1000000.0,,,128.0,,100,3.784590663500431,3.676554021999516,0.5536028119507909,0.13978494623655913,,,,,,
q,beta_x_dim,3,0.22659351652488344,1000000.0,,,128.0,,500,360376582049020.56,360376582049020.56,0.32906702593465814,0.2231237322515213,,,,,,
q,beta_x_dim,4,0.24637052301705475,1000000.0,,,128.0,,100,6.9996873588358755,6.9996873588358755,0.4048059149722736,0.35789473684210527,,,,,,
q,beta_x_dim,4,0.24637052301705475,1000000.0,,,128.0,,500,223.1720079940145,220.83621423200393,0.4233253995239714,0.4585858585858586,,,,,,
q,beta_x_dim,5,0.20071251771841217,1000000.0,,,128.0,,100,4.32074138076542,4.32074138076542,0.6503496503496503,0.0,,,,,,
q,beta_x_dim,5,0.20071251771841217,1000000.0,,,128.0,,500,11.84274678426791,8.682898393035028,0.553835800807537,0.0,,,,,,
q,beta_x_dim,6,0.2719857913570569,1000000.0,,,128.0,,100,12.405493532555628,11.85631653230965,0.5942549371633752,0.0,,,,,,
q,beta_x_dim,6,0.2719857913570569,1000000.0,,,128.0,,500,3571841970351.7974,3571841970351.7974,0.4913763949949273,0.006085192697768763,,,,,,
q,beta_x_dim,7,0.2114275672740672,1000000.0,,,128.0,,100,10.493171423390429,9.455708009726699,0.7210526315789474,0.0,,,,,,
q,beta_x_dim,7,0.2114275672740672,1000000.0,,,128.0,,500,9.86569713381396e+32,9.86569713381396e+32,0.4898989898989899,0.05668016194331984,,,,,,
q,beta_x_dim,8,0.21497418970360005,1000000.0,,,128.0,,100,11.987145644422212,11.987145644422212,0.22614840989399293,0.08695652173913043,,,,,,
q,beta_x_dim,8,0.21497418970360005,1000000.0,,,128.0,,500,132.74419630414852,130.9157148404602,0.20364126770060686,0.11382113821138211,,,,,,
q,beta_x_dim,9,0.25677513532597473,1000000.0,,,128.0,,100,3.278488780573162,3.2607126729933738,0.38879159369527144,0.1935483870967742,,,,,,
q,beta_x_dim,9,0.25677513532597473,1000000.0,,,128.0,,500,37.79338774719761,18.398399895176954,0.47761696398519016,0.25963488843813387,,,,,,
q,beta_x_dim,10,0.24864634171425817,1000000.0,,,128.0,,100,43.576259883909394,37.22839237816274,0.26444833625218916,0.2765957446808511,,,,,,
q,beta_x_dim,10,0.24864634171425817,1000000.0,,,128.0,,500,4232.183188692032,4232.183188692032,0.05116122517670818,0.3097165991902834,,,,,,
q,beta_x_dim,11,0.19742178677610114,1000000.0,,,128.0,,100,1.6786605272780144,1.6786605272780144,0.6527272727272727,0.08602150537634409,,,,,,
q,beta_x_dim,11,0.19742178677610114,1000000.0,,,128.0,,500,9.309307012093086e+69,9.309307012093086e+69,0.41423728813559324,0.1075050709939148,,,,,,
q,beta_x_dim,12,0.2230611143413504,1000000.0,,,128.0,,100,2.172185400338001,1.7213043214908346,0.7658450704225352,0.3473684210526316,,,,,,
q,beta_x_dim,12,0.2230611143413504,1000000.0,,,128.0,,500,34.03742996532323,34.03742996532323,0.3891509433962264,0.4121212121212121,,,,,,
q,beta_x_dim,13,0.2868358576336272,1000000.0,,,128.0,,100,3.4597368835474462,3.4597368835474462,0.4928571428571429,0.0,,,,,,
q,beta_x_dim,13,0.2868358576336272,1000000.0,,,128.0,,500,9.134455306000445,9.110513945990094,0.6138513513513514,0.0,,,,,,
q,beta_x_dim,14,0.260450112016454,1000000.0,,,128.0,,100,9.49604940958236,9.075020634842067,0.5724381625441696,0.9157894736842105,,,,,,
q,beta_x_dim,14,0.260450112016454,1000000.0,,,128.0,,500,93.64252949481399,93.64252949481399,0.25016857720836144,0.6848484848484848,,,,,,
q,beta_x_dim,15,0.21082258344736124,1000000.0,,,128.0,,100,5.040983836896687,4.910053803448695,0.5069204152249135,1.0,,,,,,
q,beta_x_dim,15,0.21082258344736124,1000000.0,,,128.0,,500,68.51444802511169,18.647076573657383,0.46809939556749497,1.0,,,,,,
q,beta_x_dim,16,0.23833394272384162,1000000.0,,,128.0,,100,7.0486708938531795,7.0486708938531795,0.38998211091234347,0.0851063829787234,,,,,,
q,beta_x_dim,16,0.23833394272384162,1000000.0,,,128.0,,500,375.31503822530226,375.31503822530226,0.3163230821223386,0.016194331983805668,,,,,,
q,beta_x_dim,17,0.18109927793474564,1000000.0,,,128.0,,100,283.7558441065204,283.7558441065204,0.5708661417322834,0.1595744680851064,,,,,,
q,beta_x_dim,17,0.18109927793474564,1000000.0,,,128.0,,500,1.626309124605907e+121,1.626309124605907e+121,0.578404401650619,0.04048582995951417,,,,,,
q,beta_x_dim,18,0.31053197415363676,1000000.0,,,128.0,,100,4.421658218290031,4.421658218290031,0.7628318584070797,0.20430107526881722,,,,,,
q,beta_x_dim,18,0.31053197415363676,1000000.0,,,128.0,,500,24.756594814108347,18.186319570142196,0.48128161888701515,0.31237322515212984,,,,,,
q,beta_x_dim,19,0.18282952887106366,1000000.0,,,128.0,,100,8.51690212959151,8.51690212959151,0.3427065026362039,0.0,,,,,,
q,beta_x_dim,19,0.18282952887106366,1000000.0,,,128.0,,500,32.27097354121018,32.0679520444309,0.37622094981475246,0.0,,,,,,
q,beta_x_dim,0,0.1561151590110898,1000000.0,,,256.0,,100,35.84770488853906,35.84770488853906,0.584192439862543,0.6170212765957447,,,,,,
q,beta_x_dim,0,0.1561151590110898,1000000.0,,,256.0,,500,1.8202662676782775e+28,1.8202662676782775e+28,0.4842387659289068,0.45951417004048584,,,,,,
q,beta_x_dim,1,0.15445491624175076,1000000.0,,,256.0,,100,4.925612864102739,4.925612864102739,0.3162705667276051,0.11827956989247312,,,,,,
q,beta_x_dim,1,0.15445491624175076,1000000.0,,,256.0,,500,26.43481067729448,24.06482678355516,0.13607058025110283,0.13184584178498987,,,,,,
q,beta_x_dim,2,0.16114444286301777,1000000.0,,,256.0,,100,19.944930520135994,19.944930520135994,0.2889273356401384,0.28421052631578947,,,,,,
q,beta_x_dim,2,0.16114444286301777,1000000.0,,,256.0,,500,5852862889914946.0,5852862889914946.0,0.4959704499664204,0.13333333333333333,,,,,,
q,beta_x_dim,3,0.13866386499393055,1000000.0,,,256.0,,100,3.5984827849217833,3.5984827849217833,0.6748681898066784,0.23655913978494625,,,,,,
q,beta_x_dim,3,0.13866386499393055,1000000.0,,,256.0,,500,21.35938828975016,21.223285720819497,0.45537217918491074,0.29411764705882354,,,,,,
q,beta_x_dim,4,0.21990329369582884,1000000.0,,,256.0,,100,3.4688574930018974,2.5452357018290623,0.35304990757855825,0.35789473684210527,,,,,,
q,beta_x_dim,4,0.21990329369582884,1000000.0,,,256.0,,500,94.37636675356627,92.9086847943372,0.35056103366201974,0.4121212121212121,,,,,,
q,beta_x_dim,5,0.17067975290917176,1000000.0,,,256.0,,100,1.963040024746444,1.884580053166335,0.6293706293706294,0.0,,,,,,
q,beta_x_dim,5,0.17067975290917176,1000000.0,,,256.0,,500,119.27488072826036,119.27488072826036,0.3435397039030956,0.0,,,,,,
q,beta_x_dim,6,0.18269616655706372,1000000.0,,,256.0,,100,18.490840060191836,17.016064816229132,0.33213644524236985,0.0,,,,,,
q,beta_x_dim,6,0.18269616655706372,1000000.0,,,256.0,,500,3.8547851493259424e+17,3.8547851493259424e+17,0.379100439634765,0.0,,,,,,
q,beta_x_dim,7,0.13826212996288562,1000000.0,,,256.0,,100,6.143574565459751,5.328833700927422,0.30701754385964913,0.1276595744680851,,,,,,
q,beta_x_dim,7,0.13826212996288562,1000000.0,,,256.0,,500,753.6774075127644,296.72560202869005,0.3400673400673401,0.1194331983805668,,,,,,
q,beta_x_dim,8,0.1738344351847317,1000000.0,,,256.0,,100,4.239736199298039,4.1963524271559445,0.40636042402826855,0.34782608695652173,,,,,,
q,beta_x_dim,8,0.1738344351847317,1000000.0,,,256.0,,500,25.826167720075546,25.271852846806382,0.22926500337154418,0.37398373983739835,,,,,,
q,beta_x_dim,9,0.2133657125731659,1000000.0,,,256.0,,100,2.333799641271996,1.630481177147012,0.46935201401050786,0.1935483870967742,,,,,,
q,beta_x_dim,9,0.2133657125731659,1000000.0,,,256.0,,500,46.603913370502305,24.279083833664327,0.35947492426792327,0.25963488843813387,,,,,,
q,beta_x_dim,10,0.2254427509551922,1000000.0,,,256.0,,100,6.1658757486055515,6.1658757486055515,0.8844133099824869,0.07446808510638298,,,,,,
q,beta_x_dim,10,0.2254427509551922,1000000.0,,,256.0,,500,50.502620511302304,27.297353475622927,0.6162908111746886,0.09919028340080972,,,,,,
q,beta_x_dim,11,0.18400491382186593,1000000.0,,,256.0,,100,2.2629941655298627,2.2629941655298627,0.37636363636363634,0.3763440860215054,,,,,,
q,beta_x_dim,11,0.18400491382186593,1000000.0,,,256.0,,500,1.8665638881596503e+27,1.8665638881596503e+27,0.35898305084745763,0.37322515212981744,,,,,,
q,beta_x_dim,12,0.1576595918302586,1000000.0,,,256.0,,100,1.4610252292016859,1.4610252292016859,0.5387323943661971,0.3473684210526316,,,,,,
q,beta_x_dim,12,0.1576595918302586,1000000.0,,,256.0,,500,1050.9922461403166,1050.9922461403166,0.2722371967654987,0.3333333333333333,,,,,,
q,beta_x_dim,13,0.18253185970822572,1000000.0,,,256.0,,100,6.9962183275170595,6.9962183275170595,0.4732142857142857,0.0,,,,,,
q,beta_x_dim,13,0.18253185970822572,1000000.0,,,256.0,,500,11.936663784868813,10.313531291747292,0.39864864864864863,0.0,,,,,,
q,beta_x_dim,14,0.13142538045178465,1000000.0,,,256.0,,100,3.6061837843474813,3.6061837843474813,0.6784452296819788,0.9157894736842105,,,,,,
q,beta_x_dim,14,0.13142538045178465,1000000.0,,,256.0,,500,4.931518258649337e+19,4.931518258649337e+19,0.37660148347943356,0.6828282828282828,,,,,,
q,beta_x_dim,15,0.14793046647697203,1000000.0,,,256.0,,100,6.8910095478945355,6.269926777118026,0.4602076124567474,1.0,,,,,,
q,beta_x_dim,15,0.14793046647697203,1000000.0,,,256.0,,500,29.231989976062685,19.70107225314677,0.3895231699126931,1.0,,,,,,
q,beta_x_dim,16,0.18161749868678914,1000000.0,,,256.0,,100,5.086190164249593,5.086190164249593,0.4865831842576029,0.43617021276595747,,,,,,
q,beta_x_dim,16,0.18161749868678914,1000000.0,,,256.0,,500,19.906696799477842,19.906696799477842,0.40993578911794526,0.41700404858299595,,,,,,
q,beta_x_dim,17,0.16047953125249814,1000000.0,,,256.0,,100,109.606856947075,109.606856947075,0.8681102362204725,0.20212765957446807,,,,,,
q,beta_x_dim,17,0.16047953125249814,1000000.0,,,256.0,,500,3.912244703255715e+90,3.912244703255715e+90,0.6533700137551581,0.6963562753036437,,,,,,
q,beta_x_dim,18,0.15352245847039855,1000000.0,,,256.0,,100,22.364847555822195,22.364847555822195,0.6247787610619469,0.5698924731182796,,,,,,
q,beta_x_dim,18,0.15352245847039855,1000000.0,,,256.0,,500,2.800119016304573e+49,2.800119016304573e+49,0.4219224283305228,0.385395537525355,,,,,,
q,beta_x_dim,19,0.16055016960496735,1000000.0,,,256.0,,100,3.6010390000612276,3.5937870074354903,0.19507908611599298,0.0,,,,,,
q,beta_x_dim,19,0.16055016960496735,1000000.0,,,256.0,,500,10.378870999164,7.933219453991709,0.31492084877062987,0.0,,,,,,
q,beta_x_dim,0,0.1030968424041055,1000000.0,,,512.0,,100,8.748060926431437,8.748060926431437,0.31099656357388317,0.6170212765957447,,,,,,
q,beta_x_dim,0,0.1030968424041055,1000000.0,,,512.0,,500,2.628487705283728e+31,2.628487705283728e+31,0.4232059020791415,0.5222672064777328,,,,,,
q,beta_x_dim,1,0.11402962694717797,1000000.0,,,512.0,,100,3.1081431293309505,3.1081431293309505,0.40219378427787933,0.11827956989247312,,,,,,
q,beta_x_dim,1,0.11402962694717797,1000000.0,,,512.0,,500,33.373209370902615,33.19853565500799,0.21920597217509333,0.13184584178498987,,,,,,
q,beta_x_dim,2,0.09277918554637624,1000000.0,,,512.0,,100,5.942809754461074,5.942809754461074,0.7439446366782007,0.28421052631578947,,,,,,
q,beta_x_dim,2,0.09277918554637624,1000000.0,,,512.0,,500,5.72794531829296e+27,5.72794531829296e+27,0.43619879113498994,0.13535353535353536,,,,,,
q,beta_x_dim,3,0.11894049171114318,1000000.0,,,512.0,,100,2.319308985104499,2.319308985104499,0.6449912126537786,0.23655913978494625,,,,,,
q,beta_x_dim,3,0.11894049171114318,1000000.0,,,512.0,,500,20.051432555795614,19.624076820992048,0.41832266756483666,0.2535496957403651,,,,,,
q,beta_x_dim,4,0.14268678140884683,1000000.0,,,512.0,,100,2.152856730658157,2.1455608970071127,0.6303142329020333,0.35789473684210527,,,,,,
q,beta_x_dim,4,0.14268678140884683,1000000.0,,,512.0,,500,23.331958770368075,13.135280825557995,0.7154029241754505,0.32323232323232326,,,,,,
q,beta_x_dim,5,0.10644876296519895,1000000.0,,,512.0,,100,2.664177417541084,2.6156039816173298,0.6765734265734266,0.0,,,,,,
q,beta_x_dim,5,0.10644876296519895,1000000.0,,,512.0,,500,16.839309645215756,15.321475452576106,0.44448183041722744,0.0,,,,,,
q,beta_x_dim,6,0.12019731741215293,1000000.0,,,512.0,,100,4.359336180340469,4.359336180340469,0.7307001795332136,0.0,,,,,,
q,beta_x_dim,6,0.12019731741215293,1000000.0,,,512.0,,500,17.14035548898594,17.06908593164485,0.8532296246195469,0.0,,,,,,
q,beta_x_dim,7,0.11257652452691455,1000000.0,,,512.0,,100,3.117158433070241,3.117158433070241,0.7526315789473684,0.1276595744680851,,,,,,
q,beta_x_dim,7,0.11257652452691455,1000000.0,,,512.0,,500,79.04936248211106,79.04936248211106,0.3053872053872054,0.13562753036437247,,,,,,
q,beta_x_dim,8,0.14175730965559552,1000000.0,,,512.0,,100,6.354461465031073,6.354461465031073,0.5300353356890459,0.34782608695652173,,,,,,
q,beta_x_dim,8,0.14175730965559552,1000000.0,,,512.0,,500,27.50338336035578,25.088237753907425,0.3122049898853675,0.3780487804878049,,,,,,
q,beta_x_dim,9,0.133041364360873,1000000.0,,,512.0,,100,0.7984647542107883,0.7984647542107883,0.5604203152364273,0.1935483870967742,,,,,,
q,beta_x_dim,9,0.133041364360873,1000000.0,,,512.0,,500,11.376256891211636,8.953032530050292,0.6132615281050151,0.25963488843813387,,,,,,
q,beta_x_dim,10,0.11696794879720462,1000000.0,,,512.0,,100,2.5219566299938716,2.5219566299938716,0.6199649737302977,0.07446808510638298,,,,,,
q,beta_x_dim,10,0.11696794879720462,1000000.0,,,512.0,,500,14.910684487107575,14.910684487107575,0.5106024907438573,0.09919028340080972,,,,,,
q,beta_x_dim,11,0.12460176632558295,1000000.0,,,512.0,,100,2.4761594123547592,2.4761594123547592,0.8563636363636363,0.3763440860215054,,,,,,
q,beta_x_dim,11,0.12460176632558295,1000000.0,,,512.0,,500,2.102750988365214e+51,2.102750988365214e+51,0.48542372881355933,0.3488843813387424,,,,,,
q,beta_x_dim,12,0.13827661620596518,1000000.0,,,512.0,,100,3.2740842696048342,3.2740842696048342,0.4630281690140845,0.3473684210526316,,,,,,
q,beta_x_dim,12,0.13827661620596518,1000000.0,,,512.0,,500,215.76393815541155,215.76393815541155,0.2783018867924528,0.30303030303030304,,,,,,
q,beta_x_dim,13,0.11962817767956364,1000000.0,,,512.0,,100,3.2313272452066704,3.2313272452066704,0.4660714285714286,0.0,,,,,,
q,beta_x_dim,13,0.11962817767956364,1000000.0,,,512.0,,500,17.521541621468618,17.521541621468618,0.4168918918918919,0.0,,,,,,
q,beta_x_dim,14,0.13408705931864914,1000000.0,,,512.0,,100,24.641862762046742,24.641862762046742,0.9664310954063604,0.9157894736842105,,,,,,
q,beta_x_dim,14,0.13408705931864914,1000000.0,,,512.0,,500,3.21587408940318e+52,3.21587408940318e+52,0.5829399865138233,0.24242424242424243,,,,,,
q,beta_x_dim,15,0.09673746703633918,1000000.0,,,512.0,,100,3.3564238421459054,3.3564238421459054,0.47923875432525953,1.0,,,,,,
q,beta_x_dim,15,0.09673746703633918,1000000.0,,,512.0,,500,15.0016590113253,11.821915817344717,0.3875083948959033,1.0,,,,,,
q,beta_x_dim,16,0.11747950139268575,1000000.0,,,512.0,,100,1.3069861567546317,1.3023083594400482,0.7191413237924866,0.0851063829787234,,,,,,
q,beta_x_dim,16,0.11747950139268575,1000000.0,,,512.0,,500,8.049125097890387,8.049125097890387,0.6015545792497465,0.016194331983805668,,,,,,
q,beta_x_dim,17,0.14178263459597212,1000000.0,,,512.0,,100,15.74088507438045,15.74088507438045,0.889763779527559,0.8404255319148937,,,,,,
q,beta_x_dim,17,0.14178263459597212,1000000.0,,,512.0,,500,1.146537876801754e+59,1.146537876801754e+59,0.6131361760660248,0.819838056680162,,,,,,
q,beta_x_dim,18,0.09076250392557922,1000000.0,,,512.0,,100,1.5435502294111996,1.5435502294111996,0.6300884955752213,0.22580645161290322,,,,,,
q,beta_x_dim,18,0.09076250392557922,1000000.0,,,512.0,,500,11.850321479090027,11.850321479090027,0.4397976391231029,0.3204868154158215,,,,,,
q,beta_x_dim,19,0.12331536105543583,1000000.0,,,512.0,,100,3.092561435717219,3.084934646810737,0.30404217926186294,0.0,,,,,,
q,beta_x_dim,19,0.12331536105543583,1000000.0,,,512.0,,500,8.134700302611492,7.281549080155316,0.15021892893230043,0.0,,,,,,
q,beta_x_dim,0,0.08324559249809413,1000000.0,,,1024.0,,100,4.666278713700739,4.517067619384398,0.3642611683848797,0.6170212765957447,,,,,,
q,beta_x_dim,0,0.08324559249809413,1000000.0,,,1024.0,,500,1578.114680770976,1578.114680770976,0.34641180415828304,0.46963562753036436,,,,,,
q,beta_x_dim,1,0.09773989892106646,1000000.0,,,1024.0,,100,3.927750219345021,3.927750219345021,0.19012797074954296,0.5591397849462365,,,,,,
q,beta_x_dim,1,0.09773989892106646,1000000.0,,,1024.0,,500,33.515065794962965,28.659168540934957,0.12792670512385476,0.5476673427991886,,,,,,
q,beta_x_dim,2,0.09817623108532308,1000000.0,,,1024.0,,100,3.337080054341538,3.337080054341538,0.6453287197231834,0.28421052631578947,,,,,,
q,beta_x_dim,2,0.09817623108532308,1000000.0,,,1024.0,,500,3.2591754592880547e+33,3.2591754592880547e+33,0.4684351914036266,0.13535353535353536,,,,,,
q,beta_x_dim,3,0.12022087397697476,1000000.0,,,1024.0,,100,1.400022310417628,1.3394147275866328,0.9367311072056239,0.23655913978494625,,,,,,
q,beta_x_dim,3,0.12022087397697476,1000000.0,,,1024.0,,500,5.541287893233646,5.348525755958355,0.7766924890535534,0.29411764705882354,,,,,,
q,beta_x_dim,8,0.0855617921909968,1000000.0,,,1024.0,,100,1.1809971541735913,1.1809971541735913,0.9699646643109541,0.34782608695652173,,,,,,
q,beta_x_dim,8,0.0855617921909968,1000000.0,,,1024.0,,500,5.039645476340214,4.408904599978006,0.657788267026298,0.3780487804878049,,,,,,
q,beta_x_dim,9,0.10035694822361248,1000000.0,,,1024.0,,100,1.2352836036071206,1.2352836036071206,0.6549912434325744,0.1935483870967742,,,,,,
q,beta_x_dim,9,0.10035694822361248,1000000.0,,,1024.0,,500,6.157086045001055,6.157086045001055,0.44530461124200604,0.25963488843813387,,,,,,
q,beta_x_dim,10,0.09406626998612011,1000000.0,,,1024.0,,100,0.8505116179632266,0.8505116179632266,0.6112084063047285,0.07446808510638298,,,,,,
q,beta_x_dim,10,0.09406626998612011,1000000.0,,,1024.0,,500,9.400377649899404,9.400377649899404,0.5661393470212049,0.09919028340080972,,,,,,
q,beta_x_dim,11,0.09945804358707247,1000000.0,,,1024.0,,100,1.737672131823896,1.737672131823896,0.7818181818181819,0.3763440860215054,,,,,,
q,beta_x_dim,11,0.09945804358707247,1000000.0,,,1024.0,,500,15.407095609853812,5.735355821110337,0.44033898305084745,0.3509127789046653,,,,,,
q,beta_x_dim,12,0.06626174638131117,1000000.0,,,1024.0,,100,1.75813103528144,1.75813103528144,0.47183098591549294,0.0,,,,,,
q,beta_x_dim,12,0.06626174638131117,1000000.0,,,1024.0,,500,10.46775898500715,10.261907082596728,0.36725067385444743,0.0,,,,,,
q,beta_x_dim,13,0.08761840355965336,1000000.0,,,1024.0,,100,2.4550190023904213,2.4550190023904213,0.4303571428571429,1.0,,,,,,
q,beta_x_dim,13,0.08761840355965336,1000000.0,,,1024.0,,500,268.32622245105625,268.32622245105625,0.41385135135135137,0.9089068825910931,,,,,,
q,beta_x_dim,14,0.09758045951667538,1000000.0,,,1024.0,,100,0.6179923353653489,0.6179923353653489,0.303886925795053,0.08421052631578947,,,,,,
q,beta_x_dim,14,0.09758045951667538,1000000.0,,,1024.0,,500,111.93560320910282,111.93560320910282,0.2289278489548213,0.2585858585858586,,,,,,
q,beta_x_dim,15,0.0830707630274445,1000000.0,,,1024.0,,100,0.7877194168563724,0.7328089884611108,0.5397923875432526,0.0,,,,,,
q,beta_x_dim,15,0.0830707630274445,1000000.0,,,1024.0,,500,4.563950772029746,4.331393087200593,0.49697783747481533,0.0,,,,,,
q,beta_x_dim,4,0.08582136460463576,1000000.0,,,1024.0,,100,2.1026140651234355,2.1026140651234355,0.4805914972273567,0.6421052631578947,,,,,,
q,beta_x_dim,4,0.08582136460463576,1000000.0,,,1024.0,,500,19.555904909171655,19.555904909171655,0.43590615436926217,0.6424242424242425,,,,,,
q,beta_x_dim,5,0.09529049869152607,1000000.0,,,1024.0,,100,1.0495116610766382,1.0475077729825373,0.8548951048951049,0.0,,,,,,
q,beta_x_dim,5,0.09529049869152607,1000000.0,,,1024.0,,500,5.978533076031072,5.966417216535715,0.3714670255720054,0.0,,,,,,
q,beta_x_dim,6,0.08587568835618739,1000000.0,,,1024.0,,100,2.6739187915523766,2.6739187915523766,0.5619389587073609,0.0,,,,,,
q,beta_x_dim,6,0.08587568835618739,1000000.0,,,1024.0,,500,9.96161556954359,9.891481129375418,0.7575245180926615,0.0,,,,,,
q,beta_x_dim,7,0.08448072310305692,1000000.0,,,1024.0,,100,6.046183775224555,5.912712183891338,0.5228070175438596,0.1276595744680851,,,,,,
q,beta_x_dim,7,0.08448072310305692,1000000.0,,,1024.0,,500,25.14469856618785,22.17485463775664,0.34814814814814815,0.13562753036437247,,,,,,
q,beta_x_dim,16,0.08225942591702709,1000000.0,,,1024.0,,100,2.912169999462986,2.912169999462986,0.40250447227191416,0.0851063829787234,,,,,,
q,beta_x_dim,16,0.08225942591702709,1000000.0,,,1024.0,,500,25.493136273806094,23.102415578439402,0.17472118959107807,0.016194331983805668,,,,,,
q,beta_x_dim,17,0.10326707211743168,1000000.0,,,1024.0,,100,2.5170311237457383,2.388901716674299,0.9980314960629921,0.0,,,,,,
q,beta_x_dim,17,0.10326707211743168,1000000.0,,,1024.0,,500,9.845573042842915,9.845573042842915,0.592503438789546,0.0,,,,,,
q,beta_x_dim,18,0.07596835511935024,1000000.0,,,1024.0,,100,0.876661685017545,0.7675408369942474,0.6407079646017699,0.5698924731182796,,,,,,
q,beta_x_dim,18,0.07596835511935024,1000000.0,,,1024.0,,500,7.435487413720723,6.4744923376999,0.4694772344013491,0.3671399594320487,,,,,,
q,beta_x_dim,19,0.08491267679941217,1000000.0,,,1024.0,,100,3.35748469933311,3.35748469933311,0.3884007029876977,0.0,,,,,,
q,beta_x_dim,19,0.08491267679941217,1000000.0,,,1024.0,,500,5.676439303305872,5.676439303305872,0.2452004041764904,0.0,,,,,,
q,beta_x_dim,0,0.059090624581029906,1000000.0,,,2048.0,,100,1.4605185678836254,1.4605185678836254,0.4948453608247423,0.3829787234042553,,,,,,
q,beta_x_dim,0,0.059090624581029906,1000000.0,,,2048.0,,500,9.313840059139675,9.313840059139675,0.36686787391012743,0.3562753036437247,,,,,,
q,beta_x_dim,1,0.08055266966973045,1000000.0,,,2048.0,,100,1.8179911963016409,1.8179911963016409,0.32541133455210236,0.5591397849462365,,,,,,
q,beta_x_dim,1,0.08055266966973045,1000000.0,,,2048.0,,500,5.825955920862958,5.549417620949204,0.2816423481506617,0.5517241379310345,,,,,,
q,beta_x_dim,2,0.07384748219446115,1000000.0,,,2048.0,,100,0.6648886424984994,0.6648886424984994,0.9134948096885813,0.28421052631578947,,,,,,
q,beta_x_dim,2,0.07384748219446115,1000000.0,,,2048.0,,500,13.729279917143694,13.729279917143694,0.7397582269979852,0.30505050505050507,,,,,,
q,beta_x_dim,3,0.08073623483363201,1000000.0,,,2048.0,,100,1.140647873418606,1.140647873418606,0.8558875219683656,0.23655913978494625,,,,,,
q,beta_x_dim,3,0.08073623483363201,1000000.0,,,2048.0,,500,5.332462368106163,5.306458929479412,0.6608285618053217,0.2535496957403651,,,,,,
q,beta_x_dim,4,0.05515853143171012,1000000.0,,,2048.0,,100,1.359798663163701,1.359798663163701,0.5841035120147874,0.35789473684210527,,,,,,
q,beta_x_dim,4,0.05515853143171012,1000000.0,,,2048.0,,500,13.321475475628365,12.928722744295705,0.5314518871132268,0.32323232323232326,,,,,,
q,beta_x_dim,5,0.0692130486304319,1000000.0,,,2048.0,,100,1.3659671644170195,1.3659671644170195,0.527972027972028,0.2553191489361702,,,,,,
q,beta_x_dim,5,0.0692130486304319,1000000.0,,,2048.0,,500,7.498905359193467,7.478651681515533,0.41722745625841184,0.1862348178137652,,,,,,
q,beta_x_dim,6,0.07173439740735219,1000000.0,,,2048.0,,100,1.5877135111706355,1.5877135111706355,0.49371633752244165,0.03225806451612903,,,,,,
q,beta_x_dim,6,0.07173439740735219,1000000.0,,,2048.0,,500,8.172686865364573,8.172686865364573,0.5877578626986811,0.09939148073022312,,,,,,
q,beta_x_dim,7,0.062214420133965206,1000000.0,,,2048.0,,100,3.1990577561213405,3.1990577561213405,0.643859649122807,0.0,,,,,,
q,beta_x_dim,7,0.062214420133965206,1000000.0,,,2048.0,,500,10.809009428086902,10.77473980818115,0.41784511784511785,0.0,,,,,,
q,beta_x_dim,8,0.07644644262105851,1000000.0,,,2048.0,,100,2.2379242638530688,2.2379242638530688,0.6466431095406361,0.34782608695652173,,,,,,
q,beta_x_dim,8,0.07644644262105851,1000000.0,,,2048.0,,500,5.462709652865959,3.201113078094233,0.631490222521915,0.3780487804878049,,,,,,
q,beta_x_dim,9,0.061198522080877185,1000000.0,,,2048.0,,100,0.7889040126294073,0.7889040126294073,0.6987740805604203,0.45161290322580644,,,,,,
q,beta_x_dim,9,0.061198522080877185,1000000.0,,,2048.0,,500,15.112079333975027,15.112079333975027,0.5960955907101986,0.4421906693711968,,,,,,
q,beta_x_dim,10,0.06791061362301604,1000000.0,,,2048.0,,100,0.5480023438569844,0.5468927753274749,0.6147110332749562,0.07446808510638298,,,,,,
q,beta_x_dim,10,0.06791061362301604,1000000.0,,,2048.0,,500,3.8530910555795055,3.8530910555795055,0.41770447660720295,0.09919028340080972,,,,,,
q,beta_x_dim,11,0.0651762981409896,1000000.0,,,2048.0,,100,1.4738112974589748,1.4738112974589748,0.6672727272727272,0.3763440860215054,,,,,,
q,beta_x_dim,11,0.0651762981409896,1000000.0,,,2048.0,,500,23.835683960607412,23.835683960607412,0.4023728813559322,0.3509127789046653,,,,,,
q,beta_x_dim,12,0.05818847294540117,1000000.0,,,2048.0,,100,0.563207418866009,0.5536470946511577,0.8644366197183099,0.3473684210526316,,,,,,
q,beta_x_dim,12,0.05818847294540117,1000000.0,,,2048.0,,500,2.3847754287362957,2.1154527974240964,0.5090970350404312,0.4121212121212121,,,,,,
q,beta_x_dim,13,0.04526185428337136,1000000.0,,,2048.0,,100,3.2397090024174044,3.2397090024174044,0.44285714285714284,1.0,,,,,,
q,beta_x_dim,13,0.04526185428337136,1000000.0,,,2048.0,,500,11.534270349074033,10.682024190668635,0.40844594594594597,1.0,,,,,,
q,beta_x_dim,14,0.04418282118659875,1000000.0,,,2048.0,,100,0.886648390272073,0.886648390272073,0.7544169611307421,0.08421052631578947,,,,,,
q,beta_x_dim,14,0.04418282118659875,1000000.0,,,2048.0,,500,4.1486604566711875,4.1486604566711875,0.3604180714767363,0.3151515151515151,,,,,,
q,beta_x_dim,15,0.05860070471225593,1000000.0,,,2048.0,,100,0.9563724388336945,0.9563724388336945,0.5813148788927336,0.0,,,,,,
q,beta_x_dim,15,0.05860070471225593,1000000.0,,,2048.0,,500,6.2947401136812555,6.16275724293693,0.45601074546675624,0.0,,,,,,
q,beta_x_dim,16,0.06637721883856795,1000000.0,,,2048.0,,100,1.3249842952529747,1.3249842952529747,0.5670840787119857,0.43617021276595747,,,,,,
q,beta_x_dim,16,0.06637721883856795,1000000.0,,,2048.0,,500,8.451326005213947,8.451326005213947,0.5947955390334573,0.4230769230769231,,,,,,
q,beta_x_dim,17,0.05991551191793955,1000000.0,,,2048.0,,100,4.137512338504342,4.137512338504342,0.7224409448818898,0.8404255319148937,,,,,,
q,beta_x_dim,17,0.05991551191793955,1000000.0,,,2048.0,,500,9.373806866227753,7.618736121570094,0.32427785419532323,0.819838056680162,,,,,,
q,beta_x_dim,18,0.052856994997082754,1000000.0,,,2048.0,,100,0.6463548568628968,0.6463548568628968,0.647787610619469,0.5698924731182796,,,,,,
q,beta_x_dim,18,0.052856994997082754,1000000.0,,,2048.0,,500,6.56057395881097,6.56057395881097,0.6050590219224283,0.3630831643002028,,,,,,
q,beta_x_dim,19,0.059753300342751677,1000000.0,,,2048.0,,100,1.692088469536586,1.692088469536586,0.5202108963093146,0.0,,,,,,
q,beta_x_dim,19,0.059753300342751677,1000000.0,,,2048.0,,500,7.9463796364387465,7.891429841329402,0.274503199730549,0.0,,,,,,
q,beta_x_dim,0,0.05281229448753218,1000000.0,,,4096.0,,100,0.7969800528735643,0.7969800528735643,0.6512027491408935,0.6170212765957447,,,,,,
q,beta_x_dim,0,0.05281229448753218,1000000.0,,,4096.0,,500,5.122406039187388,5.122406039187388,0.4044265593561368,0.6437246963562753,,,,,,
q,beta_x_dim,1,0.03323375362264121,1000000.0,,,4096.0,,100,1.0643045545001864,1.0643045545001864,0.33455210237659966,0.5591397849462365,,,,,,
q,beta_x_dim,1,0.03323375362264121,1000000.0,,,4096.0,,500,4.509723348581289,4.509723348581289,0.333559552086868,0.5476673427991886,,,,,,
q,beta_x_dim,2,0.04517439621719188,1000000.0,,,4096.0,,100,1.3916176266470344,1.3916176266470344,0.8183391003460208,0.28421052631578947,,,,,,
q,beta_x_dim,2,0.04517439621719188,1000000.0,,,4096.0,,500,8.443280832028163,8.443280832028163,0.6564808596373405,0.30505050505050507,,,,,,
q,beta_x_dim,3,0.0427116544627979,1000000.0,,,4096.0,,100,0.7224390031116594,0.72174821841819,0.9332161687170475,0.23655913978494625,,,,,,
q,beta_x_dim,3,0.0427116544627979,1000000.0,,,4096.0,,500,3.28046645700637,3.28046645700637,0.6951835634893904,0.2535496957403651,,,,,,
q,beta_x_dim,4,0.040015870266180115,1000000.0,,,4096.0,,100,1.3411760733200593,1.3411760733200593,0.3179297597042514,0.35789473684210527,,,,,,
q,beta_x_dim,4,0.040015870266180115,1000000.0,,,4096.0,,500,8.101616024602748,8.055106913798951,0.2628357701462088,0.32323232323232326,,,,,,
q,beta_x_dim,5,0.03709134647177847,1000000.0,,,4096.0,,100,1.6177182924900093,1.6177182924900093,0.5,0.0,,,,,,
q,beta_x_dim,5,0.03709134647177847,1000000.0,,,4096.0,,500,5.585993773265688,5.572007886675105,0.3189771197846568,0.0,,,,,,
q,beta_x_dim,6,0.04794923215448047,1000000.0,,,4096.0,,100,2.5374948974296814,2.5374948974296814,0.6696588868940754,0.03225806451612903,,,,,,
q,beta_x_dim,6,0.04794923215448047,1000000.0,,,4096.0,,500,6.217227547671557,6.1271982389004815,0.5448089279675347,0.09939148073022312,,,,,,
q,beta_x_dim,7,0.038538289652744306,1000000.0,,,4096.0,,100,1.4267055619746976,1.2200711205993968,0.743859649122807,0.8723404255319149,,,,,,
q,beta_x_dim,7,0.038538289652744306,1000000.0,,,4096.0,,500,6.442650977615844,6.3875136007004425,0.4171717171717172,0.8643724696356275,,,,,,
q,beta_x_dim,8,0.054383597927018135,1000000.0,,,4096.0,,100,1.5601924144220274,1.5601924144220274,0.5600706713780919,0.34782608695652173,,,,,,
q,beta_x_dim,8,0.054383597927018135,1000000.0,,,4096.0,,500,4.473613526411203,4.427740672154454,0.4079568442346595,0.3780487804878049,,,,,,
q,beta_x_dim,9,0.03765310937715849,1000000.0,,,4096.0,,100,0.5993672654418851,0.5450222115028778,0.6339754816112084,0.1935483870967742,,,,,,
q,beta_x_dim,9,0.03765310937715849,1000000.0,,,4096.0,,500,4.371677728928763,4.371677728928763,0.6691349713901044,0.25963488843813387,,,,,,
q,beta_x_dim,10,0.04683774768564616,1000000.0,,,4096.0,,100,1.2480868977506079,1.2480868977506079,0.425569176882662,0.07446808510638298,,,,,,
q,beta_x_dim,10,0.04683774768564616,1000000.0,,,4096.0,,500,4.532534512243772,4.4883204219368675,0.23796701447324134,0.09919028340080972,,,,,,
q,beta_x_dim,11,0.05217513828362287,1000000.0,,,4096.0,,100,1.1928667125638541,1.1928667125638541,0.6618181818181819,0.3763440860215054,,,,,,
q,beta_x_dim,11,0.05217513828362287,1000000.0,,,4096.0,,500,4.5452346910231745,4.5452346910231745,0.6328813559322034,0.3509127789046653,,,,,,
q,beta_x_dim,12,0.037527120712285596,1000000.0,,,4096.0,,100,0.503720406818392,0.503720406818392,0.8626760563380281,0.3473684210526316,,,,,,
q,beta_x_dim,12,0.037527120712285596,1000000.0,,,4096.0,,500,2.3167785221348587,2.3167785221348587,0.6977762803234502,0.4121212121212121,,,,,,
q,beta_x_dim,13,0.03611361544770655,1000000.0,,,4096.0,,100,2.219148237684251,2.219148237684251,0.6553571428571429,0.0,,,,,,
q,beta_x_dim,13,0.03611361544770655,1000000.0,,,4096.0,,500,6.224975773112092,6.224975773112092,0.46790540540540543,0.0,,,,,,
q,beta_x_dim,14,0.046207983078083464,1000000.0,,,4096.0,,100,1.6677648804495215,1.6677648804495215,0.823321554770318,0.9157894736842105,,,,,,
q,beta_x_dim,14,0.046207983078083464,1000000.0,,,4096.0,,500,4.926789966240753,4.926789966240753,0.4079568442346595,0.6848484848484848,,,,,,
q,beta_x_dim,15,0.041232563561755656,1000000.0,,,4096.0,,100,0.8528301842709662,0.8528301842709662,0.4273356401384083,0.0,,,,,,
q,beta_x_dim,15,0.041232563561755656,1000000.0,,,4096.0,,500,4.101615170569122,4.101615170569122,0.35157824042981867,0.0,,,,,,
q,beta_x_dim,16,0.04797270734396558,1000000.0,,,4096.0,,100,1.5541357901762094,1.5528420449906186,0.4186046511627907,0.43617021276595747,,,,,,
q,beta_x_dim,16,0.04797270734396558,1000000.0,,,4096.0,,500,7.785119026452291,7.785119026452291,0.32578573842514363,0.4230769230769231,,,,,,
q,beta_x_dim,17,0.0520924933809918,1000000.0,,,4096.0,,100,0.8728808831870795,0.8727502493040122,0.84251968503937,0.0,,,,,,
q,beta_x_dim,17,0.0520924933809918,1000000.0,,,4096.0,,500,3.802624007993611,3.802624007993611,0.5484869325997249,0.0,,,,,,
q,beta_x_dim,18,0.04858823919892398,1000000.0,,,4096.0,,100,0.7158838719763608,0.7158838719763608,0.5026548672566372,0.22580645161290322,,,,,,
q,beta_x_dim,18,0.04858823919892398,1000000.0,,,4096.0,,500,4.3267320332120525,4.3267320332120525,0.5170320404721753,0.3204868154158215,,,,,,
q,beta_x_dim,19,0.03839218641664325,1000000.0,,,4096.0,,100,1.4649619851732112,1.4649619851732112,0.5518453427065027,0.0,,,,,,
q,beta_x_dim,19,0.03839218641664325,1000000.0,,,4096.0,,500,5.540314158737243,5.478844961950022,0.31121589760862245,0.0,,,,,,
q,beta_x_dim,0,0.028866620553621138,1000000.0,,,8192.0,,100,1.0152606493434477,1.0152606493434477,0.5223367697594502,0.3829787234042553,,,,,,
q,beta_x_dim,0,0.028866620553621138,1000000.0,,,8192.0,,500,3.618115490224911,3.5337596405707785,0.31690140845070425,0.3562753036437247,,,,,,
q,beta_x_dim,1,0.027164945974240972,1000000.0,,,8192.0,,100,0.9550422395896936,0.9550422395896936,0.5283363802559415,0.5591397849462365,,,,,,
q,beta_x_dim,1,0.027164945974240972,1000000.0,,,8192.0,,500,4.711640093088565,4.694038051957116,0.505259586019681,0.5476673427991886,,,,,,
q,beta_x_dim,2,0.03716655524101822,1000000.0,,,8192.0,,100,0.7904009894166404,0.7497857181281522,0.8235294117647058,0.28421052631578947,,,,,,
q,beta_x_dim,2,0.03716655524101822,1000000.0,,,8192.0,,500,4.548728533900359,4.548728533900359,0.6809939556749496,0.30505050505050507,,,,,,
q,beta_x_dim,3,0.02553517333602458,1000000.0,,,8192.0,,100,0.980381553236471,0.9785277141699029,0.70298769771529,0.23655913978494625,,,,,,
q,beta_x_dim,3,0.02553517333602458,1000000.0,,,8192.0,,500,2.989473958503797,2.989473958503797,0.47423374873694846,0.29411764705882354,,,,,,
q,beta_x_dim,8,0.03978782272341987,1000000.0,,,8192.0,,100,1.9033673406271046,1.9033673406271046,0.31802120141342755,0.9130434782608695,,,,,,
q,beta_x_dim,8,0.03978782272341987,1000000.0,,,8192.0,,500,12.952423824429468,12.88672461317041,0.4939312204989885,0.983739837398374,,,,,,
q,beta_x_dim,9,0.026488447237678032,1000000.0,,,8192.0,,100,0.7097494493675894,0.7097494493675894,0.4973730297723292,0.1935483870967742,,,,,,
q,beta_x_dim,9,0.026488447237678032,1000000.0,,,8192.0,,500,4.29038529792444,4.29038529792444,0.47963648603163916,0.25963488843813387,,,,,,
q,beta_x_dim,10,0.03463519326633877,1000000.0,,,8192.0,,100,0.9648559653514175,0.9648559653514175,0.7162872154115587,0.2978723404255319,,,,,,
q,beta_x_dim,10,0.03463519326633877,1000000.0,,,8192.0,,500,4.076126507743698,4.076126507743698,0.6189835072366207,0.31376518218623484,,,,,,
q,beta_x_dim,11,0.026055525657738363,1000000.0,,,8192.0,,100,1.1141702787160757,1.1078411897908436,0.5236363636363637,0.08602150537634409,,,,,,
q,beta_x_dim,11,0.026055525657738363,1000000.0,,,8192.0,,500,4.636844921423856,4.636844921423856,0.5457627118644067,0.10344827586206896,,,,,,
q,beta_x_dim,12,0.02891391267793012,1000000.0,,,8192.0,,100,0.919199614880317,0.919199614880317,0.8397887323943662,0.3473684210526316,,,,,,
q,beta_x_dim,12,0.02891391267793012,1000000.0,,,8192.0,,500,2.6785499523581793,2.6785499523581793,0.6148921832884097,0.4121212121212121,,,,,,
q,beta_x_dim,13,0.02820747812109664,1000000.0,,,8192.0,,100,2.447161982677632,2.447161982677632,0.8285714285714286,1.0,,,,,,
q,beta_x_dim,13,0.02820747812109664,1000000.0,,,8192.0,,500,10.820199007516438,10.820199007516438,0.6935810810810811,0.8582995951417004,,,,,,
q,beta_x_dim,14,0.031186330221094197,1000000.0,,,8192.0,,100,1.1560136333484903,1.1560136333484903,0.7773851590106007,0.9157894736842105,,,,,,
q,beta_x_dim,14,0.031186330221094197,1000000.0,,,8192.0,,500,4.432499389911739,4.432499389911739,0.30377612946729604,0.6848484848484848,,,,,,
q,beta_x_dim,15,0.03410922937317396,1000000.0,,,8192.0,,100,0.7170243367833291,0.7164071431861586,0.8235294117647058,0.0,,,,,,
q,beta_x_dim,15,0.03410922937317396,1000000.0,,,8192.0,,500,2.9776959270785057,2.9776959270785057,0.609469442578912,0.0,,,,,,
q,beta_x_dim,16,0.02684107057175928,1000000.0,,,8192.0,,100,1.7214026718388258,1.7205643076939139,0.778175313059034,0.43617021276595747,,,,,,
q,beta_x_dim,16,0.02684107057175928,1000000.0,,,8192.0,,500,5.508968459162477,5.508968459162477,0.4082460290638729,0.4230769230769231,,,,,,
q,beta_x_dim,17,0.028838512097342273,1000000.0,,,8192.0,,100,1.4766585027729786,1.4766585027729786,0.6358267716535433,0.8404255319148937,,,,,,
q,beta_x_dim,17,0.028838512097342273,1000000.0,,,8192.0,,500,6.335237428104533,6.335237428104533,0.3844566712517194,0.819838056680162,,,,,,
q,beta_x_dim,18,0.032469723871153267,1000000.0,,,8192.0,,100,0.6761450619196554,0.6761450619196554,0.45132743362831856,0.20430107526881722,,,,,,
q,beta_x_dim,18,0.032469723871153267,1000000.0,,,8192.0,,500,3.2644896350837853,3.2442987595286783,0.6404721753794267,0.3711967545638945,,,,,,
q,beta_x_dim,19,0.032297817379372595,1000000.0,,,8192.0,,100,1.4710442635717884,1.4710442635717884,0.5131810193321616,0.0,,,,,,
q,beta_x_dim,19,0.032297817379372595,1000000.0,,,8192.0,,500,4.9552093638457,4.878247589285956,0.24789491411249578,0.0,,,,,,
q,beta_x_dim,4,0.03548757067847358,1000000.0,,,8192.0,,100,1.2541877314011238,1.2541877314011238,0.6247689463955638,0.35789473684210527,,,,,,
q,beta_x_dim,4,0.03548757067847358,1000000.0,,,8192.0,,500,7.82715881382719,7.82715881382719,0.6446786807208432,0.32323232323232326,,,,,,
q,beta_x_dim,5,0.02467790949675192,1000000.0,,,8192.0,,100,1.0021484338712554,0.9994858069999213,0.8391608391608392,0.2553191489361702,,,,,,
q,beta_x_dim,5,0.02467790949675192,1000000.0,,,8192.0,,500,6.651765414723437,6.651765414723437,0.6944818304172274,0.1862348178137652,,,,,,
q,beta_x_dim,6,0.040807936685536825,1000000.0,,,8192.0,,100,1.4623391895306241,1.4623391895306241,0.39676840215439857,0.0,,,,,,
q,beta_x_dim,6,0.040807936685536825,1000000.0,,,8192.0,,500,5.74736141878515,5.685501273973539,0.35035508961785594,0.0,,,,,,
q,beta_x_dim,7,0.03155187508608768,1000000.0,,,8192.0,,100,1.087542607931213,1.087542607931213,0.6701754385964912,0.8723404255319149,,,,,,
q,beta_x_dim,7,0.03155187508608768,1000000.0,,,8192.0,,500,5.503467092169695,5.495046884509856,0.5622895622895623,0.8643724696356275,,,,,,
q,beta_x_dim,4,0.02302125399812299,1000000.0,,,16384.0,,100,1.1297618798198386,1.1142334251093264,0.4787430683918669,0.35789473684210527,,,,,,
q,beta_x_dim,4,0.02302125399812299,1000000.0,,,16384.0,,500,4.417508279939031,4.417508279939031,0.4892893573614417,0.32323232323232326,,,,,,
q,beta_x_dim,5,0.018059158472521004,1000000.0,,,16384.0,,100,0.9224695232136066,0.9224695232136066,0.708041958041958,0.0,,,,,,
q,beta_x_dim,5,0.018059158472521004,1000000.0,,,16384.0,,500,4.815932647947408,4.815932647947408,0.7099596231493943,0.0,,,,,,
q,beta_x_dim,6,0.02108045085739379,1000000.0,,,16384.0,,100,1.4114101028892072,1.4114101028892072,0.6876122082585279,0.03225806451612903,,,,,,
q,beta_x_dim,6,0.02108045085739379,1000000.0,,,16384.0,,500,5.746810291789153,5.691354212117874,0.728102806898884,0.09939148073022312,,,,,,
q,beta_x_dim,7,0.021431309877788803,1000000.0,,,16384.0,,100,1.1170666836138632,1.1136955746539097,0.8157894736842105,0.8723404255319149,,,,,,
q,beta_x_dim,7,0.021431309877788803,1000000.0,,,16384.0,,500,3.866239780081578,3.866239780081578,0.6279461279461279,0.8643724696356275,,,,,,
q,beta_x_dim,0,0.020356989468909358,1000000.0,,,16384.0,,100,0.8288074152647342,0.828292517930957,0.5412371134020618,0.3829787234042553,,,,,,
q,beta_x_dim,0,0.020356989468909358,1000000.0,,,16384.0,,500,3.3183552065274204,3.3183552065274204,0.4107981220657277,0.3765182186234818,,,,,,
q,beta_x_dim,1,0.01807625432089983,1000000.0,,,16384.0,,100,0.963481672923679,0.963481672923679,0.6837294332723949,0.40860215053763443,,,,,,
q,beta_x_dim,1,0.01807625432089983,1000000.0,,,16384.0,,500,4.1869886929082085,4.1869886929082085,0.6175771971496437,0.26774847870182555,,,,,,
q,beta_x_dim,2,0.02140292876780509,1000000.0,,,16384.0,,100,0.9517211813380322,0.9517211813380322,0.6885813148788927,0.28421052631578947,,,,,,
q,beta_x_dim,2,0.02140292876780509,1000000.0,,,16384.0,,500,4.4923024643711384,4.4923024643711384,0.4264607118871726,0.30505050505050507,,,,,,
q,beta_x_dim,3,0.018745583527260273,1000000.0,,,16384.0,,100,0.6438037271364379,0.6438037271364379,0.9226713532513181,0.23655913978494625,,,,,,
q,beta_x_dim,3,0.018745583527260273,1000000.0,,,16384.0,,500,3.6486355137269584,3.6486355137269584,0.6908049848433816,0.2535496957403651,,,,,,
q,beta_x_dim,8,0.021030588042434514,1000000.0,,,16384.0,,100,0.6888676394420575,0.6888676394420575,0.17491166077738515,0.6521739130434783,,,,,,
q,beta_x_dim,8,0.021030588042434514,1000000.0,,,16384.0,,500,3.505664042978008,3.505664042978008,0.2801753202966959,0.6219512195121951,,,,,,
q,beta_x_dim,9,0.019728356009054288,1000000.0,,,16384.0,,100,0.6544872078369535,0.6542842254566033,0.6182136602451839,0.45161290322580644,,,,,,
q,beta_x_dim,9,0.019728356009054288,1000000.0,,,16384.0,,500,2.26815553483416,2.26815553483416,0.7492426792325816,0.4421906693711968,,,,,,
q,beta_x_dim,10,0.022361935486372143,1000000.0,,,16384.0,,100,1.014312568459062,1.014312568459062,0.500875656742557,0.2978723404255319,,,,,,
q,beta_x_dim,10,0.022361935486372143,1000000.0,,,16384.0,,500,3.908130526799505,3.908130526799505,0.33187478963312017,0.31376518218623484,,,,,,
q,beta_x_dim,11,0.02310508513733857,1000000.0,,,16384.0,,100,0.8377033286715896,0.8239218532890393,0.8345454545454546,0.3763440860215054,,,,,,
q,beta_x_dim,11,0.02310508513733857,1000000.0,,,16384.0,,500,3.062828871375216,3.062828871375216,0.6955932203389831,0.3509127789046653,,,,,,
q,beta_x_dim,12,0.02699076211395584,1000000.0,,,16384.0,,100,1.0343061697357396,1.0304699065004679,0.7535211267605634,0.3473684210526316,,,,,,
q,beta_x_dim,12,0.02699076211395584,1000000.0,,,16384.0,,500,3.032654622832737,3.032654622832737,0.4942722371967655,0.4121212121212121,,,,,,
q,beta_x_dim,13,0.025830793140590433,1000000.0,,,16384.0,,100,1.1493503887831023,1.1493503887831023,0.8339285714285715,1.0,,,,,,
q,beta_x_dim,13,0.025830793140590433,1000000.0,,,16384.0,,500,2.956280514561092,2.899986225634176,0.7712837837837838,1.0,,,,,,
q,beta_x_dim,14,0.020659419161738583,1000000.0,,,16384.0,,100,0.8585721160566204,0.8585721160566204,0.6749116607773852,0.9157894736842105,,,,,,
q,beta_x_dim,14,0.020659419161738583,1000000.0,,,16384.0,,500,2.979489986756022,2.951063344824417,0.5134861766689144,0.6848484848484848,,,,,,
q,beta_x_dim,15,0.026925567045706686,1000000.0,,,16384.0,,100,0.9380580481603069,0.9380580481603069,0.6816608996539792,0.0,,,,,,
q,beta_x_dim,15,0.026925567045706686,1000000.0,,,16384.0,,500,3.530192170276636,3.530192170276636,0.5235057085292142,0.0,,,,,,
q,beta_x_dim,16,0.01658465602098674,1000000.0,,,16384.0,,100,1.3141480054354417,1.3141480054354417,0.6601073345259392,0.43617021276595747,,,,,,
q,beta_x_dim,16,0.01658465602098674,1000000.0,,,16384.0,,500,5.116315999120731,5.116315999120731,0.5099695843190267,0.4230769230769231,,,,,,
q,beta_x_dim,17,0.019897017393780598,1000000.0,,,16384.0,,100,1.3082217318108658,1.3082217318108658,0.7086614173228346,0.0,,,,,,
q,beta_x_dim,17,0.019897017393780598,1000000.0,,,16384.0,,500,5.25808288757807,5.25808288757807,0.547455295735901,0.0,,,,,,
q,beta_x_dim,18,0.020865285810528867,1000000.0,,,16384.0,,100,0.6384018667792597,0.6384018667792597,0.7858407079646018,0.5698924731182796,,,,,,
q,beta_x_dim,18,0.020865285810528867,1000000.0,,,16384.0,,500,3.4870044235210154,3.4870044235210154,0.8269814502529511,0.3671399594320487,,,,,,
q,beta_x_dim,19,0.021465321221595654,1000000.0,,,16384.0,,100,0.8769553682079801,0.875416939072753,0.5448154657293497,0.0,,,,,,
q,beta_x_dim,19,0.021465321221595654,1000000.0,,,16384.0,,500,3.5952832027370647,3.5952832027370647,0.36072751768272143,0.0,,,,,,
q,overlap,0,0.0,50.0,,,,0.0,100,4.060933256333499e-09,4.060933256333499e-09,1.0,1.0,,,,,,
q,overlap,0,0.0,50.0,,,,0.0,500,6.951560216350572e-09,5.728563401419251e-09,1.0,1.0,,,,,,
q,overlap,1,0.0,50.0,,,,0.0,100,3.582399488166743e-09,3.553584093651807e-09,1.0,1.0,,,,,,
q,overlap,1,0.0,50.0,,,,0.0,500,7.348054609224164e-09,7.162106907543375e-09,1.0,1.0,,,,,,
q,overlap,2,0.0,50.0,,,,0.0,100,3.9222080028267214e-09,3.9222080028267214e-09,1.0,1.0,,,,,,
q,overlap,2,0.0,50.0,,,,0.0,500,7.426481651862105e-09,6.989155032499639e-09,1.0,1.0,,,,,,
q,overlap,3,0.0,50.0,,,,0.0,100,4.5095153167196145e-09,4.5095153167196145e-09,1.0,1.0,,,,,,
q,overlap,3,0.0,50.0,,,,0.0,500,9.848782678290036e-09,8.879053936539094e-09,1.0,1.0,,,,,,
q,overlap,4,0.0,50.0,,,,0.0,100,4.192118874257744e-09,3.678338411639004e-09,1.0,1.0,,,,,,
q,overlap,4,0.0,50.0,,,,0.0,500,5.890675947028967e-09,5.3852324821690445e-09,1.0,1.0,,,,,,
q,overlap,5,0.0,50.0,,,,0.0,100,3.991383668022763e-09,3.991383668022763e-09,1.0,1.0,,,,,,
q,overlap,5,0.0,50.0,,,,0.0,500,7.391794953903741e-09,7.391794953903741e-09,1.0,1.0,,,,,,
q,overlap,6,0.0,50.0,,,,0.0,100,3.8237786270656215e-09,3.6929403979257813e-09,1.0,1.0,,,,,,
q,overlap,6,0.0,50.0,,,,0.0,500,1.0033745168058772e-08,1.0033745168058772e-08,1.0,1.0,,,,,,
q,overlap,7,0.0,50.0,,,,0.0,100,4.121680108326586e-09,4.0858860739234615e-09,1.0,1.0,,,,,,
q,overlap,7,0.0,50.0,,,,0.0,500,7.009790081724532e-09,6.0809044466481055e-09,1.0,1.0,,,,,,
q,overlap,8,0.0,50.0,,,,0.0,100,5.204388253687853e-09,5.065021291272842e-09,1.0,1.0,,,,,,
q,overlap,8,0.0,50.0,,,,0.0,500,8.559178032996329e-09,7.016661918157752e-09,1.0,1.0,,,,,,
q,overlap,9,0.0,50.0,,,,0.0,100,3.857366204229606e-09,3.857366204229606e-09,1.0,1.0,,,,,,
q,overlap,9,0.0,50.0,,,,0.0,500,9.956324209525746e-09,9.667976641480891e-09,1.0,1.0,,,,,,
q,overlap,10,0.0,50.0,,,,0.0,100,4.519197016605858e-09,4.519197016605858e-09,1.0,1.0,,,,,,
q,overlap,10,0.0,50.0,,,,0.0,500,8.144614538352357e-09,8.021240782696282e-09,1.0,1.0,,,,,,
q,overlap,11,0.0,50.0,,,,0.0,100,3.761840616789414e-09,3.53069551373153e-09,1.0,1.0,,,,,,
q,overlap,11,0.0,50.0,,,,0.0,500,6.935317209411096e-09,6.745902947358218e-09,1.0,1.0,,,,,,
q,overlap,12,0.0,50.0,,,,0.0,100,4.657112473438474e-09,4.657112473438474e-09,1.0,1.0,,,,,,
q,overlap,12,0.0,50.0,,,,0.0,500,7.439919347262958e-09,6.833380528092903e-09,1.0,1.0,,,,,,
q,overlap,13,0.0,50.0,,,,0.0,100,4.6322816693589175e-09,4.549292720312792e-09,1.0,1.0,,,,,,
q,overlap,13,0.0,50.0,,,,0.0,500,4.92625074066666e-09,3.2771723113000917e-09,1.0,1.0,,,,,,
q,overlap,14,0.0,50.0,,,,0.0,100,5.095108945862847e-09,5.0218408320645835e-09,1.0,1.0,,,,,,
q,overlap,14,0.0,50.0,,,,0.0,500,8.60959925574889e-09,8.132233997315552e-09,1.0,1.0,,,,,,
q,overlap,15,0.0,50.0,,,,0.0,100,4.5206279830622975e-09,4.5206279830622975e-09,1.0,1.0,,,,,,
q,overlap,15,0.0,50.0,,,,0.0,500,7.266085066959249e-09,4.660501540243445e-09,1.0,1.0,,,,,,
q,overlap,16,0.0,50.0,,,,0.0,100,4.64093763419271e-09,4.564431721476581e-09,1.0,1.0,,,,,,
q,overlap,16,0.0,50.0,,,,0.0,500,7.144774993861347e-09,5.450514706240028e-09,1.0,1.0,,,,,,
q,overlap,17,0.0,50.0,,,,0.0,100,4.399640429753049e-09,4.349555160487739e-09,1.0,1.0,,,,,,
q,overlap,17,0.0,50.0,,,,0.0,500,1.1231034102721082e-08,1.1231034102721082e-08,1.0,1.0,,,,,,
q,overlap,18,0.0,50.0,,,,0.0,100,3.5834480938135016e-09,3.5751576143994157e-09,1.0,1.0,,,,,,
q,overlap,18,0.0,50.0,,,,0.0,500,9.149912383321634e-09,8.441491949895408e-09,1.0,1.0,,,,,,
q,overlap,19,0.0,50.0,,,,0.0,100,4.145236043306966e-09,3.71976405233454e-09,1.0,1.0,,,,,,
q,overlap,19,0.0,50.0,,,,0.0,500,8.706312448758524e-09,8.706312448758524e-09,1.0,1.0,,,,,,
q,overlap,0,0.007149915929460159,50.0,,,,0.01,100,0.7003441568074535,0.6964025927996529,1.0,0.6170212765957447,,,,,,
q,overlap,0,0.007149915929460159,50.0,,,,0.01,500,2.1601952175517143,2.1516802211891233,0.920523138832998,0.6356275303643725,,,,,,
q,overlap,1,0.0076474998535643384,50.0,,,,0.01,100,1.3095875557191587,1.3095875557191587,0.8208409506398537,0.4838709677419355,,,,,,
q,overlap,1,0.0076474998535643384,50.0,,,,0.01,500,5.427318907431404,5.427318907431404,0.7899558873430608,0.5496957403651116,,,,,,
q,overlap,2,0.007243030366964207,50.0,,,,0.01,100,1.1064560607204563,1.1064560607204563,0.6539792387543253,0.5473684210526316,,,,,,
q,overlap,2,0.007243030366964207,50.0,,,,0.01,500,3.5959726479041256,3.5959726479041256,0.5490261920752183,0.5777777777777777,,,,,,
q,overlap,3,0.00763898647642627,50.0,,,,0.01,100,0.32241038547331186,0.2856785641424658,0.9964850615114236,0.7849462365591398,,,,,,
q,overlap,3,0.00763898647642627,50.0,,,,0.01,500,1.6306346352935672,1.6306346352935672,0.9993263725159987,0.8377281947261663,,,,,,
q,overlap,4,0.007420251554478778,50.0,,,,0.01,100,0.9546075943230234,0.9546075943230234,0.8096118299445472,0.6526315789473685,,,,,,
q,overlap,4,0.007420251554478778,50.0,,,,0.01,500,2.7690891716194503,1.450447525961701,0.8514110846650799,0.806060606060606,,,,,,
q,overlap,5,0.007303373985310291,50.0,,,,0.01,100,0.8935268566424168,0.8935268566424168,0.7744755244755245,0.5638297872340425,,,,,,
q,overlap,5,0.007303373985310291,50.0,,,,0.01,500,3.8734020376163816,3.8237968563000093,0.7927321668909825,0.708502024291498,,,,,,
q,overlap,6,0.007258440292289803,50.0,,,,0.01,100,0.744452544188419,0.7314637473604925,0.829443447037702,0.5376344086021505,,,,,,
q,overlap,6,0.007258440292289803,50.0,,,,0.01,500,1.2437776910353648,1.2414346077411942,0.9377747717281028,0.7768762677484787,,,,,,
q,overlap,7,0.007451542135550962,50.0,,,,0.01,100,0.6580134017351879,0.6580134017351879,0.6614035087719298,0.574468085106383,,,,,,
q,overlap,7,0.007451542135550962,50.0,,,,0.01,500,3.297227494377066,3.297227494377066,0.8131313131313131,0.5688259109311741,,,,,,
q,overlap,8,0.007917832930711764,50.0,,,,0.01,100,0.5066087981676725,0.4404990671095624,0.8763250883392226,0.5978260869565217,,,,,,
q,overlap,8,0.007917832930711764,50.0,,,,0.01,500,1.42336809062248,1.390350979940463,0.9716790289952798,0.9227642276422764,,,,,,
q,overlap,9,0.007748440082154424,50.0,,,,0.01,100,0.7028701348200974,0.6960726598346348,0.44658493870402804,0.45161290322580644,,,,,,
q,overlap,9,0.007748440082154424,50.0,,,,0.01,500,2.9548592958292983,2.9548592958292983,0.6331201615617638,0.4340770791075051,,,,,,
q,overlap,10,0.008158001770411698,50.0,,,,0.01,100,0.4505199618346567,0.44785604966114434,0.8704028021015762,0.8404255319148937,,,,,,
q,overlap,10,0.008158001770411698,50.0,,,,0.01,500,1.5332183420550651,1.5332183420550651,0.8421406933692359,0.8259109311740891,,,,,,
q,overlap,11,0.007860618311547392,50.0,,,,0.01,100,0.9131020426124039,0.9131020426124039,0.5327272727272727,0.08602150537634409,,,,,,
q,overlap,11,0.007860618311547392,50.0,,,,0.01,500,3.1749131732742972,3.1749131732742972,0.6159322033898305,0.10344827586206896,,,,,,
q,overlap,12,0.0076018995832860484,50.0,,,,0.01,100,0.4532434182395664,0.4532434182395664,0.8609154929577465,0.35789473684210527,,,,,,
q,overlap,12,0.0076018995832860484,50.0,,,,0.01,500,1.3277613580475096,1.3236263312376022,0.8729784366576819,0.4262626262626263,,,,,,
q,overlap,13,0.008298214379709878,50.0,,,,0.01,100,1.3054520831294292,1.2762120055981998,0.6482142857142857,0.5319148936170213,,,,,,
q,overlap,13,0.008298214379709878,50.0,,,,0.01,500,1.7564881700958668,1.54062869964433,0.8668918918918919,0.840080971659919,,,,,,
q,overlap,14,0.006645760656060303,50.0,,,,0.01,100,0.6855089272551924,0.6855089272551924,0.5653710247349824,0.08421052631578947,,,,,,
q,overlap,14,0.006645760656060303,50.0,,,,0.01,500,2.1724391039969353,2.1724391039969353,0.6803776129467296,0.49292929292929294,,,,,,
q,overlap,15,0.007479560646208507,50.0,,,,0.01,100,0.8699779923369036,0.8699779923369036,0.7474048442906575,0.8315789473684211,,,,,,
q,overlap,15,0.007479560646208507,50.0,,,,0.01,500,3.9137092588342615,3.9137092588342615,0.603089321692411,0.6484848484848484,,,,,,
q,overlap,16,0.006471129177796499,50.0,,,,0.01,100,1.176217347151875,1.176217347151875,0.6225402504472272,0.46808510638297873,,,,,,
q,overlap,16,0.006471129177796499,50.0,,,,0.01,500,2.506428761263411,2.443961963348504,0.7732342007434945,0.7975708502024291,,,,,,
q,overlap,17,0.0068023885942039685,50.0,,,,0.01,100,0.8768514537991967,0.8768514537991967,0.8720472440944882,0.9893617021276596,,,,,,
q,overlap,17,0.0068023885942039685,50.0,,,,0.01,500,2.843557461610142,2.652897978023013,0.9776478679504814,0.9979757085020243,,,,,,
q,overlap,18,0.0073061725894156,50.0,,,,0.01,100,0.8725835819479163,0.8725835819479163,0.8495575221238938,0.3010752688172043,,,,,,
q,overlap,18,0.0073061725894156,50.0,,,,0.01,500,3.778675895652568,3.778675895652568,0.7858347386172007,0.6328600405679513,,,,,,
q,overlap,19,0.0074312270844230505,50.0,,,,0.01,100,0.7204833065361881,0.7188778222222024,0.7750439367311072,0.5434782608695652,,,,,,
q,overlap,19,0.0074312270844230505,50.0,,,,0.01,500,3.247169816455255,3.247169816455255,0.6995621421353991,0.4065040650406504,,,,,,
q,overlap,0,0.021449747788380477,50.0,,,,0.03,100,1.095275678404245,1.095275678404245,0.8230240549828178,0.2127659574468085,,,,,,
q,overlap,0,0.021449747788380477,50.0,,,,0.03,500,3.5090318998562715,3.5090318998562715,0.7712944332662642,0.3522267206477733,,,,,,
q,overlap,1,0.02294249956069301,50.0,,,,0.03,100,1.8519511222267315,1.8519511222267315,0.6892138939670932,0.23655913978494625,,,,,,
q,overlap,1,0.02294249956069301,50.0,,,,0.03,500,10.076432772852087,10.076432772852087,0.4458771632168307,0.23935091277890466,,,,,,
q,overlap,2,0.02172909110089262,50.0,,,,0.03,100,1.4325736907637991,1.4325736907637991,0.6660899653979239,0.6736842105263158,,,,,,
q,overlap,2,0.02172909110089262,50.0,,,,0.03,500,5.235308865471223,5.235308865471223,0.3770987239758227,0.5717171717171717,,,,,,
q,overlap,3,0.022916959429278815,50.0,,,,0.03,100,0.36541016643938273,0.36541016643938273,0.9173989455184535,0.6129032258064516,,,,,,
q,overlap,3,0.022916959429278815,50.0,,,,0.03,500,2.064661577979755,1.9361432503799931,0.7605254294375211,0.5963488843813387,,,,,,
q,overlap,4,0.022260754663436334,50.0,,,,0.03,100,1.8694965071431793,1.8694965071431793,0.7504621072088724,0.4421052631578947,,,,,,
q,overlap,4,0.022260754663436334,50.0,,,,0.03,500,9.328484259018662,9.328484259018662,0.6562393743624617,0.40404040404040403,,,,,,
q,overlap,5,0.02191012195593087,50.0,,,,0.03,100,1.4027414130891618,1.4027414130891618,0.6398601398601399,0.48936170212765956,,,,,,
q,overlap,5,0.02191012195593087,50.0,,,,0.03,500,8.37348750914333,8.37348750914333,0.5635935397039031,0.3299595141700405,,,,,,
q,overlap,6,0.021775320876869408,50.0,,,,0.03,100,1.5713696520240004,1.5713696520240004,0.7109515260323159,0.1935483870967742,,,,,,
q,overlap,6,0.021775320876869408,50.0,,,,0.03,500,7.633916118106738,7.63038622853359,0.7210010145417654,0.5679513184584178,,,,,,
q,overlap,7,0.02235462640665288,50.0,,,,0.03,100,1.7814430616466717,1.7814430616466717,0.6456140350877193,0.43617021276595747,,,,,,
q,overlap,7,0.02235462640665288,50.0,,,,0.03,500,10.113753063059946,10.113753063059946,0.7084175084175084,0.5161943319838057,,,,,,
q,overlap,8,0.023753498792135293,50.0,,,,0.03,100,1.1306685235503233,1.1306685235503233,0.6696113074204947,0.29347826086956524,,,,,,
q,overlap,8,0.023753498792135293,50.0,,,,0.03,500,4.8947137468833954,4.8947137468833954,0.7451112609575186,0.5934959349593496,,,,,,
q,overlap,9,0.02324532024646327,50.0,,,,0.03,100,1.4153595733074498,1.4153595733074498,0.404553415061296,0.45161290322580644,,,,,,
q,overlap,9,0.02324532024646327,50.0,,,,0.03,500,6.6091533040047405,6.6091533040047405,0.39481656008078087,0.4178498985801217,,,,,,
q,overlap,10,0.024474005311235093,50.0,,,,0.03,100,1.0739767350466458,1.0739767350466458,0.9387040280210157,0.8085106382978723,,,,,,
q,overlap,10,0.024474005311235093,50.0,,,,0.03,500,2.227401305593303,1.845391009823873,0.9511948838774823,0.7348178137651822,,,,,,
q,overlap,11,0.023581854934642175,50.0,,,,0.03,100,1.2097446983923268,1.2097446983923268,0.4581818181818182,0.08602150537634409,,,,,,
q,overlap,11,0.023581854934642175,50.0,,,,0.03,500,4.074131647508169,4.074131647508169,0.3925423728813559,0.10344827586206896,,,,,,
q,overlap,12,0.022805698749858144,50.0,,,,0.03,100,0.6617776964813679,0.6617776964813679,0.9278169014084507,0.0,,,,,,
q,overlap,12,0.022805698749858144,50.0,,,,0.03,500,4.756114722430328,4.756114722430328,0.7267520215633423,0.32323232323232326,,,,,,
q,overlap,13,0.024894643139129636,50.0,,,,0.03,100,2.5090606278710657,2.5090606278710657,0.4732142857142857,0.0,,,,,,
q,overlap,13,0.024894643139129636,50.0,,,,0.03,500,10.863291656405375,10.863291656405375,0.37736486486486487,0.0,,,,,,
q,overlap,14,0.019937281968180908,50.0,,,,0.03,100,1.26671329609957,1.26671329609957,0.6130742049469965,0.10526315789473684,,,,,,
q,overlap,14,0.019937281968180908,50.0,,,,0.03,500,5.333571778227429,5.333571778227429,0.4396493594066082,0.3898989898989899,,,,,,
q,overlap,15,0.022438681938625523,50.0,,,,0.03,100,1.810451714600875,1.810451714600875,0.7525951557093425,0.8947368421052632,,,,,,
q,overlap,15,0.022438681938625523,50.0,,,,0.03,500,9.49243292039016,9.49243292039016,0.5651443922095366,0.8909090909090909,,,,,,
q,overlap,16,0.019413387533389493,50.0,,,,0.03,100,1.833766996232917,1.8296802505909198,0.39713774597495527,0.4574468085106383,,,,,,
q,overlap,16,0.019413387533389493,50.0,,,,0.03,500,5.900411036144501,5.900411036144501,0.3338965866846908,0.5668016194331984,,,,,,
q,overlap,17,0.0204071657826119,50.0,,,,0.03,100,2.671072808424867,2.671072808424867,0.8405511811023622,0.8723404255319149,,,,,,
q,overlap,17,0.0204071657826119,50.0,,,,0.03,500,10.468705976387053,9.711165630157527,0.9642365887207703,0.902834008097166,,,,,,
q,overlap,18,0.021918517768246798,50.0,,,,0.03,100,1.1672008327901673,1.1672008327901673,0.7327433628318584,0.21505376344086022,,,,,,
q,overlap,18,0.021918517768246798,50.0,,,,0.03,500,5.426145467676328,5.426145467676328,0.49881956155143337,0.23123732251521298,,,,,,
q,overlap,19,0.022293681253269144,50.0,,,,0.03,100,1.0854310388360942,1.049837150420493,0.6309314586994728,0.20652173913043478,,,,,,
q,overlap,19,0.022293681253269144,50.0,,,,0.03,500,4.2584847643386325,4.2584847643386325,0.6658807679353318,0.20934959349593496,,,,,,
q,overlap,0,0.0714991592946016,50.0,,,,0.1,100,3.590876007441093,3.590876007441093,0.38316151202749144,0.14893617021276595,,,,,,
q,overlap,0,0.0714991592946016,50.0,,,,0.1,500,13127249182396.592,13127249182396.592,0.15492957746478872,0.451417004048583,,,,,,
q,overlap,1,0.07647499853564337,50.0,,,,0.1,100,5.413617910322644,5.413617910322644,0.3619744058500914,0.3010752688172043,,,,,,
q,overlap,1,0.07647499853564337,50.0,,,,0.1,500,27941059839218.137,27941059839218.12,0.19036308109942315,0.3225152129817444,,,,,,
q,overlap,2,0.07243030366964208,50.0,,,,0.1,100,3.543582215612626,3.543582215612626,0.5034602076124568,0.7157894736842105,,,,,,
q,overlap,2,0.07243030366964208,50.0,,,,0.1,500,7.976489129059644e+59,7.976489129059644e+59,0.4432505036937542,0.694949494949495,,,,,,
q,overlap,3,0.0763898647642627,50.0,,,,0.1,100,1.6660001310050654,1.6660001310050654,0.4288224956063269,0.5161290322580645,,,,,,
q,overlap,3,0.0763898647642627,50.0,,,,0.1,500,17.00485388761594,17.00485388761594,0.4163017851128326,0.460446247464503,,,,,,
q,overlap,4,0.0742025155447878,50.0,,,,0.1,100,6.144233858201889,6.144233858201889,0.5619223659889094,0.43157894736842106,,,,,,
q,overlap,4,0.0742025155447878,50.0,,,,0.1,500,2.2921658436500747e+76,2.2921658436500747e+76,0.47092825569534175,0.3797979797979798,,,,,,
q,overlap,5,0.07303373985310291,50.0,,,,0.1,100,4.975468693824279,4.975468693824279,0.4737762237762238,0.26595744680851063,,,,,,
q,overlap,5,0.07303373985310291,50.0,,,,0.1,500,7.08426105438888e+37,7.08426105438888e+37,0.3946837146702557,0.1720647773279352,,,,,,
q,overlap,6,0.07258440292289806,50.0,,,,0.1,100,5.5142719118735695,5.489095907461669,0.6947935368043088,0.40860215053763443,,,,,,
q,overlap,6,0.07258440292289806,50.0,,,,0.1,500,5.665128981530222e+75,5.665128981530222e+75,0.7037538045316198,0.26774847870182555,,,,,,
q,overlap,7,0.07451542135550963,50.0,,,,0.1,100,5.459717543019003,5.459717543019003,0.32456140350877194,0.7021276595744681,,,,,,
q,overlap,7,0.07451542135550963,50.0,,,,0.1,500,1.3236035646096703e+49,1.3236035646096703e+49,0.3228956228956229,0.45951417004048584,,,,,,
q,overlap,8,0.07917832930711764,50.0,,,,0.1,100,6.682716180272129,6.682716180272129,0.3498233215547703,0.32608695652173914,,,,,,
q,overlap,8,0.07917832930711764,50.0,,,,0.1,500,2.2416627108056175e+34,2.2416627108056175e+34,0.31490222521915034,0.40853658536585363,,,,,,
q,overlap,9,0.07748440082154424,50.0,,,,0.1,100,3.826237239267722,3.826237239267722,0.2504378283712785,0.45161290322580644,,,,,,
q,overlap,9,0.07748440082154424,50.0,,,,0.1,500,35.36479077778893,35.36479077778893,0.33894311679569167,0.4259634888438134,,,,,,
q,overlap,10,0.08158001770411699,50.0,,,,0.1,100,3.0717640062353504,3.0717640062353504,0.8003502626970228,0.5212765957446809,,,,,,
q,overlap,10,0.08158001770411699,50.0,,,,0.1,500,4.209075370303145e+24,4.209075370303145e+24,0.6173005721979131,0.4271255060728745,,,,,,
q,overlap,11,0.07860618311547392,50.0,,,,0.1,100,3.3632779120478387,3.3632779120478387,0.06,0.08602150537634409,,,,,,
q,overlap,11,0.07860618311547392,50.0,,,,0.1,500,12.526577298713843,12.526577298713843,0.09118644067796611,0.25760649087221094,,,,,,
q,overlap,12,0.0760189958328605,50.0,,,,0.1,100,3.3139991357392242,3.2415969332338097,0.8415492957746479,0.08421052631578947,,,,,,
q,overlap,12,0.0760189958328605,50.0,,,,0.1,500,8.777806651715988e+21,8.777806651715988e+21,0.5919811320754716,0.2828282828282828,,,,,,
q,overlap,13,0.0829821437970988,50.0,,,,0.1,100,6.414188199065482,6.414188199065482,0.34285714285714286,0.0,,,,,,
q,overlap,13,0.0829821437970988,50.0,,,,0.1,500,3.7251486571981506e+63,3.7251486571981506e+63,0.34966216216216217,0.4089068825910931,,,,,,
q,overlap,14,0.06645760656060302,50.0,,,,0.1,100,4.855426491974593,4.855426491974593,0.4540636042402827,0.28421052631578947,,,,,,
q,overlap,14,0.06645760656060302,50.0,,,,0.1,500,36924399.27859642,36924399.27859642,0.3594066082265678,0.48282828282828283,,,,,,
q,overlap,15,0.07479560646208509,50.0,,,,0.1,100,9.88713207430617,9.88713207430617,0.6418685121107266,1.0,,,,,,
q,overlap,15,0.07479560646208509,50.0,,,,0.1,500,3.033851045113534e+97,3.033851045113534e+97,0.47548690396239085,1.0,,,,,,
q,overlap,16,0.06471129177796499,50.0,,,,0.1,100,3.4053661981166132,3.4053661981166132,0.2558139534883721,0.3829787234042553,,,,,,
q,overlap,16,0.06471129177796499,50.0,,,,0.1,500,199025225152.95926,199025225152.95926,0.18992903007772896,0.5161943319838057,,,,,,
q,overlap,17,0.06802388594203969,50.0,,,,0.1,100,10.61469375477126,10.61469375477126,0.7224409448818898,0.8404255319148937,,,,,,
q,overlap,17,0.06802388594203969,50.0,,,,0.1,500,5.88813545164805e+80,5.88813545164805e+80,0.5140990371389271,0.6214574898785425,,,,,,
q,overlap,18,0.073061725894156,50.0,,,,0.1,100,2.964576554315306,2.964576554315306,0.3752212389380531,0.053763440860215055,,,,,,
q,overlap,18,0.073061725894156,50.0,,,,0.1,500,1.418398597740038e+19,1.418398597740038e+19,0.28499156829679595,0.1724137931034483,,,,,,
q,overlap,19,0.0743122708442305,50.0,,,,0.1,100,2.264235979412085,2.017271458825176,0.5641476274165202,0.14130434782608695,,,,,,
q,overlap,19,0.0743122708442305,50.0,,,,0.1,500,15.265917878211123,15.265917878211123,0.4941057595149882,0.22357723577235772,,,,,,
q,overlap,0,0.1429983185892032,50.0,,,,0.2,100,59938.996937412136,59938.996937412136,0.3402061855670103,0.24468085106382978,,,,,,
q,overlap,0,0.1429983185892032,50.0,,,,0.2,500,6.147526276452829e+107,6.147526276452829e+107,0.19785378940308518,0.0465587044534413,,,,,,
q,overlap,1,0.15294999707128673,50.0,,,,0.2,100,3552933.8511739722,3552933.8511739722,0.2797074954296161,0.4946236559139785,,,,,,
q,overlap,1,0.15294999707128673,50.0,,,,0.2,500,13834184.189300014,13834165.200979233,0.32304038004750596,0.20892494929006086,,,,,,
q,overlap,2,0.14486060733928416,50.0,,,,0.2,100,9374735.111078234,9374735.111078234,0.4930795847750865,0.7157894736842105,,,,,,
q,overlap,2,0.14486060733928416,50.0,,,,0.2,500,1.977850522788525e+78,1.977850522788525e+78,0.522834116856951,0.694949494949495,,,,,,
q,overlap,3,0.1527797295285254,50.0,,,,0.2,100,6.741670384346077,6.741670384346077,0.27065026362038663,0.4946236559139785,,,,,,
q,overlap,3,0.1527797295285254,50.0,,,,0.2,500,4.641521915000045e+28,4.641521915000045e+28,0.38464129336476927,0.40973630831643004,,,,,,
q,overlap,4,0.1484050310895756,50.0,,,,0.2,100,4819898653165753.0,4819898653165753.0,0.48613678373382624,0.5473684210526316,,,,,,
q,overlap,4,0.1484050310895756,50.0,,,,0.2,500,2.2826372244874984e+114,2.2826372244874984e+114,0.4597075824549473,0.43232323232323233,,,,,,
q,overlap,5,0.14606747970620582,50.0,,,,0.2,100,9.99826673044811,9.99826673044811,0.3776223776223776,0.20212765957446807,,,,,,
q,overlap,5,0.14606747970620582,50.0,,,,0.2,500,1.1390844606801471e+23,1.1390844606801471e+23,0.1641991924629879,0.12753036437246965,,,,,,
q,overlap,6,0.1451688058457961,50.0,,,,0.2,100,9.430728708292053e+16,9.430728708292053e+16,0.651705565529623,0.3655913978494624,,,,,,
q,overlap,6,0.1451688058457961,50.0,,,,0.2,500,4.329827354189553e+68,4.329827354189553e+68,0.5563070679742983,0.12981744421906694,,,,,,
q,overlap,7,0.14903084271101927,50.0,,,,0.2,100,8.020196849002046,8.020196849002046,0.41228070175438597,0.2553191489361702,,,,,,
q,overlap,7,0.14903084271101927,50.0,,,,0.2,500,3.9320993626776893e+95,3.9320993626776893e+95,0.398989898989899,0.4109311740890688,,,,,,
q,overlap,12,0.152037991665721,50.0,,,,0.2,100,14.881041261683928,14.881041261683928,0.6971830985915493,0.031578947368421054,,,,,,
q,overlap,12,0.152037991665721,50.0,,,,0.2,500,1.1969014357686895e+52,1.1969014357686895e+52,0.28099730458221023,0.34545454545454546,,,,,,
q,overlap,13,0.1659642875941976,50.0,,,,0.2,100,3696367557.6978292,3696367557.6978292,0.28035714285714286,0.18085106382978725,,,,,,
q,overlap,13,0.1659642875941976,50.0,,,,0.2,500,4.27446569548213e+119,4.27446569548213e+119,0.28952702702702704,0.06477732793522267,,,,,,
q,overlap,14,0.13291521312120605,50.0,,,,0.2,100,6837088257.718163,6837088257.718163,0.3957597173144876,0.17894736842105263,,,,,,
q,overlap,14,0.13291521312120605,50.0,,,,0.2,500,2.9544845604680868e+113,2.9544845604680868e+113,0.24983142279163856,0.03434343434343434,,,,,,
q,overlap,15,0.14959121292417019,50.0,,,,0.2,100,4.251276353937274e+19,4.251276353937274e+19,0.5034602076124568,0.7157894736842105,,,,,,
q,overlap,15,0.14959121292417019,50.0,,,,0.2,500,6.01408966303465e+130,6.01408966303465e+130,0.5164539959704499,0.7878787878787878,,,,,,
q,overlap,8,0.15835665861423528,50.0,,,,0.2,100,1379749239035.401,1379749239035.401,0.3462897526501767,0.4891304347826087,,,,,,
q,overlap,8,0.15835665861423528,50.0,,,,0.2,500,1.1032834096646394e+42,1.1032834096646394e+42,0.40289952798381656,0.5995934959349594,,,,,,
q,overlap,9,0.1549688016430885,50.0,,,,0.2,100,13.614090106091318,13.614090106091318,0.26444833625218916,0.3978494623655914,,,,,,
q,overlap,9,0.1549688016430885,50.0,,,,0.2,500,2.4171765265683287e+18,2.4171765265683287e+18,0.36250420733759675,0.39553752535496955,,,,,,
q,overlap,10,0.16316003540823398,50.0,,,,0.2,100,11.526768418508896,11.526768418508896,0.6795096322241682,0.46808510638297873,,,,,,
q,overlap,10,0.16316003540823398,50.0,,,,0.2,500,1.5031034061446503e+45,1.5031034061446503e+45,0.5425782564792999,0.31781376518218624,,,,,,
q,overlap,11,0.15721236623094784,50.0,,,,0.2,100,7.603466772558717,7.603466772558717,0.02,0.08602150537634409,,,,,,
q,overlap,11,0.15721236623094784,50.0,,,,0.2,500,2.7214886603319383e+84,2.7214886603319383e+84,0.2488135593220339,0.10953346855983773,,,,,,
q,overlap,16,0.12942258355592998,50.0,,,,0.2,100,5.95101667746471,5.95101667746471,0.20572450805008943,0.23404255319148937,,,,,,
q,overlap,16,0.12942258355592998,50.0,,,,0.2,500,7.864702148364583e+84,7.864702148364583e+84,0.2010814464346063,0.24493927125506074,,,,,,
q,overlap,17,0.13604777188407938,50.0,,,,0.2,100,6535796491019987.0,6535796491019987.0,0.4566929133858268,0.32978723404255317,,,,,,
q,overlap,17,0.13604777188407938,50.0,,,,0.2,500,5.865351134512323e+112,5.865351134512323e+112,0.5980055020632737,0.7226720647773279,,,,,,
q,overlap,18,0.146123451788312,50.0,,,,0.2,100,15.616516904412489,15.616516904412489,0.2088495575221239,0.21505376344086022,,,,,,
q,overlap,18,0.146123451788312,50.0,,,,0.2,500,2.100212670328669e+93,2.100212670328669e+93,0.3045531197301855,0.3144016227180527,,,,,,
q,overlap,19,0.148624541688461,50.0,,,,0.2,100,10.45066552222135,10.45066552222135,0.5606326889279437,0.33695652173913043,,,,,,
q,overlap,19,0.148624541688461,50.0,,,,0.2,500,5.939544250649762e+37,5.939544250649762e+37,0.6177164028292355,0.15853658536585366,,,,,,
q,overlap,4,0.22260754663436333,50.0,,,,0.3,100,2.3064021154073534e+19,2.3064021154073534e+19,0.5157116451016636,0.5368421052631579,,,,,,
q,overlap,4,0.22260754663436333,50.0,,,,0.3,500,1.4700063970332323e+122,1.4700063970332323e+122,0.47908874532471946,0.5111111111111111,,,,,,
q,overlap,5,0.21910121955930872,50.0,,,,0.3,100,98459.55279705251,98459.55279705251,0.32342657342657344,0.1595744680851064,,,,,,
q,overlap,5,0.21910121955930872,50.0,,,,0.3,500,3.1775286413296253e+34,3.1775286413296253e+34,0.17294751009421266,0.2611336032388664,,,,,,
q,overlap,6,0.2177532087686941,50.0,,,,0.3,100,8.500783970140927e+21,8.500783970140927e+21,0.6983842010771992,0.16129032258064516,,,,,,
q,overlap,6,0.2177532087686941,50.0,,,,0.3,500,1.0239892739253726e+22,1.0239892739253726e+22,0.6726411903956713,0.034482758620689655,,,,,,
q,overlap,7,0.22354626406652878,50.0,,,,0.3,100,296050005803843.1,296050005803843.1,0.443859649122807,0.26595744680851063,,,,,,
q,overlap,7,0.22354626406652878,50.0,,,,0.3,500,9.612217550319827e+118,9.612217550319827e+118,0.38552188552188554,0.26720647773279355,,,,,,
q,overlap,0,0.21449747788380477,50.0,,,,0.3,100,1.992552812382795e+19,1.992552812382795e+19,0.22508591065292097,0.11702127659574468,,,,,,
q,overlap,0,0.21449747788380477,50.0,,,,0.3,500,3.8160594626630785e+130,3.8160594626630785e+130,0.17538564721663313,0.022267206477732792,,,,,,
q,overlap,1,0.22942499560693014,50.0,,,,0.3,100,113559542498134.64,113559542498134.64,0.34552102376599636,0.5268817204301075,,,,,,
q,overlap,1,0.22942499560693014,50.0,,,,0.3,500,350272889967267.75,350272889967233.94,0.46929080420766883,0.2210953346855984,,,,,,
q,overlap,2,0.21729091100892622,50.0,,,,0.3,100,245180774868070.0,245180774868070.0,0.5553633217993079,0.7368421052631579,,,,,,
q,overlap,2,0.21729091100892622,50.0,,,,0.3,500,9.776814711120874e+100,9.776814711120874e+100,0.5319006044325051,0.6989898989898989,,,,,,
q,overlap,3,0.2291695942927881,50.0,,,,0.3,100,253.4099546509694,253.332947175879,0.1968365553602812,0.3655913978494624,,,,,,
q,overlap,3,0.2291695942927881,50.0,,,,0.3,500,385.28990823032285,381.7711517079839,0.25058942404850115,0.42190669371196754,,,,,,
q,overlap,8,0.23753498792135286,50.0,,,,0.3,100,64657.853358554814,64644.78149379565,0.4469964664310954,0.1956521739130435,,,,,,
q,overlap,8,0.23753498792135286,50.0,,,,0.3,500,175430.430310835,175388.50705658173,0.40492245448415376,0.10569105691056911,,,,,,
q,overlap,9,0.2324532024646327,50.0,,,,0.3,100,262623768818.66757,262623768818.66757,0.2626970227670753,0.3225806451612903,,,,,,
q,overlap,9,0.2324532024646327,50.0,,,,0.3,500,3.215713942758565e+121,3.215713942758565e+121,0.30663076405250755,0.27586206896551724,,,,,,
q,overlap,10,0.24474005311235095,50.0,,,,0.3,100,2170.4256569888407,2170.4256569888407,0.574430823117338,0.3404255319148936,,,,,,
q,overlap,10,0.24474005311235095,50.0,,,,0.3,500,4.4014192350770925e+17,4.4014192350770925e+17,0.6028273308650286,0.32186234817813764,,,,,,
q,overlap,11,0.23581854934642174,50.0,,,,0.3,100,741792690219497.1,741792690219497.1,0.2381818181818182,0.2903225806451613,,,,,,
q,overlap,11,0.23581854934642174,50.0,,,,0.3,500,1.5655036637169918e+146,1.5655036637169918e+146,0.411864406779661,0.49898580121703856,,,,,,
q,overlap,12,0.22805698749858141,50.0,,,,0.3,100,24965771468.66586,24965771468.66586,0.28169014084507044,0.29473684210526313,,,,,,
q,overlap,12,0.22805698749858141,50.0,,,,0.3,500,3.39520728254212e+72,3.39520728254212e+72,0.15566037735849056,0.402020202020202,,,,,,
q,overlap,13,0.24894643139129632,50.0,,,,0.3,100,2.3736853161809755e+22,2.3736853161809755e+22,0.18571428571428572,0.11702127659574468,,,,,,
q,overlap,13,0.24894643139129632,50.0,,,,0.3,500,1.3725581749967989e+141,1.3725581749967989e+141,0.15405405405405406,0.022267206477732792,,,,,,
q,overlap,14,0.19937281968180906,50.0,,,,0.3,100,2.6692967716575516e+24,2.6692967716575516e+24,0.29328621908127206,0.042105263157894736,,,,,,
q,overlap,14,0.19937281968180906,50.0,,,,0.3,500,4.09330065780103e+135,4.09330065780103e+135,0.23196223870532703,0.00808080808080808,,,,,,
q,overlap,15,0.2243868193862552,50.0,,,,0.3,100,8.646111049418965e+27,8.646111049418965e+27,0.5467128027681661,1.0,,,,,,
q,overlap,15,0.2243868193862552,50.0,,,,0.3,500,2.081745511246179e+153,2.081745511246179e+153,0.5486903962390867,1.0,,,,,,
q,overlap,0,0.35749579647300794,50.0,,,,0.5,100,3.803731029174293e+26,3.803731029174293e+26,0.1718213058419244,0.06382978723404255,,,,,,
q,overlap,0,0.35749579647300794,50.0,,,,0.5,500,1.2379456510272142e+146,1.2379456510272142e+146,0.16498993963782696,0.012145748987854251,,,,,,
q,overlap,1,0.38237499267821684,50.0,,,,0.5,100,8643997.246248731,8643997.246248731,0.2595978062157221,0.23655913978494625,,,,,,
q,overlap,1,0.38237499267821684,50.0,,,,0.5,500,917568942.18417,917568898.6957167,0.5649813369528334,0.15821501014198783,,,,,,
q,overlap,2,0.36215151834821036,50.0,,,,0.5,100,2.6574937348940865e+28,2.6574937348940865e+28,0.5034602076124568,0.7052631578947368,,,,,,
q,overlap,2,0.36215151834821036,50.0,,,,0.5,500,inf,inf,,,,,,,,
q,overlap,3,0.38194932382131347,50.0,,,,0.5,100,199.24908768056773,197.59720689609725,0.3409490333919156,0.26881720430107525,,,,,,
q,overlap,3,0.38194932382131347,50.0,,,,0.5,500,305.7214122566802,301.66032631357155,0.27888177837655775,0.2718052738336714,,,,,,
q,overlap,12,0.38009497916430235,50.0,,,,0.5,100,1.9276483317909976e+29,1.9276483317909976e+29,0.44366197183098594,0.1368421052631579,,,,,,
q,overlap,12,0.38009497916430235,50.0,,,,0.5,500,inf,inf,,,,,,,,
q,overlap,13,0.41491071898549386,50.0,,,,0.5,100,4.4154397990189954e+32,4.4154397990189954e+32,0.10714285714285714,0.0,,,,,,
q,overlap,13,0.41491071898549386,50.0,,,,0.5,500,inf,inf,,,,,,,,
q,overlap,14,0.33228803280301505,50.0,,,,0.5,100,7621576302.97822,7621576302.97822,0.4169611307420495,0.7368421052631579,,,,,,
q,overlap,14,0.33228803280301505,50.0,,,,0.5,500,3.1457122141530786e+73,3.1457122141530786e+73,0.4002022926500337,0.5474747474747474,,,,,,
q,overlap,15,0.3739780323104254,50.0,,,,0.5,100,3.8753603463182905e+39,3.8753603463182905e+39,0.43771626297577854,1.0,,,,,,
q,overlap,15,0.3739780323104254,50.0,,,,0.5,500,inf,inf,,,,,,,,
q,overlap,16,0.1941338753338949,50.0,,,,0.3,100,677.0272566607619,677.0272566607619,0.24686940966010734,0.30851063829787234,,,,,,
q,overlap,16,0.1941338753338949,50.0,,,,0.3,500,5.8471706804465656e+38,5.8471706804465656e+38,0.4335924298749578,0.52834008097166,,,,,,
q,overlap,17,0.204071657826119,50.0,,,,0.3,100,3.8496963421709486e+24,3.8496963421709486e+24,0.4921259842519685,0.6170212765957447,,,,,,
q,overlap,17,0.204071657826119,50.0,,,,0.3,500,7.478065485415793e+147,7.478065485415793e+147,0.5006877579092159,0.7773279352226721,,,,,,
q,overlap,18,0.21918517768246798,50.0,,,,0.3,100,7.181302437361792e+17,7.181302437361792e+17,0.26548672566371684,0.25806451612903225,,,,,,
q,overlap,18,0.21918517768246798,50.0,,,,0.3,500,1.0044332043537816e+103,1.0044332043537816e+103,0.2924114671163575,0.3103448275862069,,,,,,
q,overlap,19,0.2229368125326915,50.0,,,,0.3,100,5.382200115005735e+22,5.382200115005735e+22,0.3585237258347979,0.14130434782608695,,,,,,
q,overlap,19,0.2229368125326915,50.0,,,,0.3,500,6.382128896104426e+133,6.382128896104426e+133,0.42135399124284273,0.13414634146341464,,,,,,
q,overlap,4,0.37101257772393886,50.0,,,,0.5,100,3.5557952354662428e+28,3.5557952354662428e+28,0.4565619223659889,0.5789473684210527,,,,,,
q,overlap,4,0.37101257772393886,50.0,,,,0.5,500,1.880321259752692e+148,1.880321259752692e+148,0.4624277456647399,0.6080808080808081,,,,,,
q,overlap,5,0.3651686992655145,50.0,,,,0.5,100,1192412345.72723,1192412345.72723,0.3041958041958042,0.05319148936170213,,,,,,
q,overlap,5,0.3651686992655145,50.0,,,,0.5,500,9.880849241093642e+61,9.880849241093642e+61,0.2890309555854643,0.044534412955465584,,,,,,
q,overlap,6,0.3629220146144902,50.0,,,,0.5,100,1.8426883330093525e+54,1.8426883330093525e+54,0.7414721723518851,0.010752688172043012,,,,,,
q,overlap,6,0.3629220146144902,50.0,,,,0.5,500,inf,inf,,,,,,,,
q,overlap,7,0.37257710677754813,50.0,,,,0.5,100,1.5269340711207139e+26,1.5269340711207139e+26,0.44035087719298244,0.031914893617021274,,,,,,
q,overlap,7,0.37257710677754813,50.0,,,,0.5,500,1.682789822121937e+150,1.682789822121937e+150,0.4033670033670034,0.10121457489878542,,,,,,
q,overlap,8,0.39589164653558817,50.0,,,,0.5,100,4.643972378860644e+18,4.20945102221167e+18,0.4734982332155477,0.41304347826086957,,,,,,
q,overlap,8,0.39589164653558817,50.0,,,,0.5,500,3.5468440631808183e+37,3.5468440631808183e+37,0.38907619689817935,0.41260162601626016,,,,,,
q,overlap,9,0.3874220041077212,50.0,,,,0.5,100,1.4315804365556578e+29,1.4315804365556578e+29,0.29422066549912435,0.27956989247311825,,,,,,
q,overlap,9,0.3874220041077212,50.0,,,,0.5,500,inf,inf,,,,,,,,
q,overlap,10,0.4079000885205849,50.0,,,,0.5,100,1500742.4645005208,1500742.4645005208,0.4273204903677758,0.3404255319148936,,,,,,
q,overlap,10,0.4079000885205849,50.0,,,,0.5,500,5.0324910493467955e+17,5.0324910493467955e+17,0.4688657017839111,0.33805668016194335,,,,,,
q,overlap,11,0.3930309155773696,50.0,,,,0.5,100,1.3234523683499989e+26,1.3234523683499989e+26,0.3181818181818182,0.40860215053763443,,,,,,
q,overlap,11,0.3930309155773696,50.0,,,,0.5,500,inf,inf,,,,,,,,
q,overlap,16,0.3235564588898249,50.0,,,,0.5,100,4.6665821392744944e+22,4.6665821392744944e+22,0.2075134168157424,0.19148936170212766,,,,,,
q,overlap,16,0.3235564588898249,50.0,,,,0.5,500,1.253485570731397e+132,1.253485570731397e+132,0.18452179790469753,0.06275303643724696,,,,,,
q,overlap,17,0.34011942971019843,50.0,,,,0.5,100,3.728482752142951e+33,3.728482752142951e+33,0.4763779527559055,0.776595744680851,,,,,,
q,overlap,17,0.34011942971019843,50.0,,,,0.5,500,inf,inf,,,,,,,,
q,overlap,18,0.36530862947077997,50.0,,,,0.5,100,5.862312810867645e+30,5.862312810867645e+30,0.3008849557522124,0.25806451612903225,,,,,,
q,overlap,18,0.36530862947077997,50.0,,,,0.5,500,inf,inf,,,,,,,,
q,overlap,19,0.3715613542211524,50.0,,,,0.5,100,7.046774416095576e+36,7.046774416095576e+36,0.3866432337434095,0.14130434782608695,,,,,,
q,overlap,19,0.3715613542211524,50.0,,,,0.5,500,inf,inf,,,,,,,,
q,overlap_dual,0,0.0,50.0,,0.0,,0.0,100,4.060933256333499e-09,4.060933256333499e-09,1.0,1.0,,,,,,
q,overlap_dual,0,0.0,50.0,,0.0,,0.0,500,6.951560216350572e-09,5.728563401419251e-09,1.0,1.0,,,,,,
q,overlap_dual,1,0.0,50.0,,0.0,,0.0,100,3.582399488166743e-09,3.553584093651807e-09,1.0,1.0,,,,,,
q,overlap_dual,1,0.0,50.0,,0.0,,0.0,500,7.348054609224164e-09,7.162106907543375e-09,1.0,1.0,,,,,,
q,overlap_dual,2,0.0,50.0,,0.0,,0.0,100,3.9222080028267214e-09,3.9222080028267214e-09,1.0,1.0,,,,,,
q,overlap_dual,2,0.0,50.0,,0.0,,0.0,500,7.426481651862105e-09,6.989155032499639e-09,1.0,1.0,,,,,,
q,overlap_dual,3,0.0,50.0,,0.0,,0.0,100,4.5095153167196145e-09,4.5095153167196145e-09,1.0,1.0,,,,,,
q,overlap_dual,3,0.0,50.0,,0.0,,0.0,500,9.848782678290036e-09,8.879053936539094e-09,1.0,1.0,,,,,,
q,overlap_dual,4,0.0,50.0,,0.0,,0.0,100,4.192118874257744e-09,3.678338411639004e-09,1.0,1.0,,,,,,
q,overlap_dual,4,0.0,50.0,,0.0,,0.0,500,5.890675947028967e-09,5.3852324821690445e-09,1.0,1.0,,,,,,
q,overlap_dual,5,0.0,50.0,,0.0,,0.0,100,3.991383668022763e-09,3.991383668022763e-09,1.0,1.0,,,,,,
q,overlap_dual,5,0.0,50.0,,0.0,,0.0,500,7.391794953903741e-09,7.391794953903741e-09,1.0,1.0,,,,,,
q,overlap_dual,6,0.0,50.0,,0.0,,0.0,100,3.8237786270656215e-09,3.6929403979257813e-09,1.0,1.0,,,,,,
q,overlap_dual,6,0.0,50.0,,0.0,,0.0,500,1.0033745168058772e-08,1.0033745168058772e-08,1.0,1.0,,,,,,
q,overlap_dual,7,0.0,50.0,,0.0,,0.0,100,4.121680108326586e-09,4.0858860739234615e-09,1.0,1.0,,,,,,
q,overlap_dual,7,0.0,50.0,,0.0,,0.0,500,7.009790081724532e-09,6.0809044466481055e-09,1.0,1.0,,,,,,
q,overlap_dual,8,0.0,50.0,,0.0,,0.0,100,5.204388253687853e-09,5.065021291272842e-09,1.0,1.0,,,,,,
q,overlap_dual,8,0.0,50.0,,0.0,,0.0,500,8.559178032996329e-09,7.016661918157752e-09,1.0,1.0,,,,,,
q,overlap_dual,9,0.0,50.0,,0.0,,0.0,100,3.857366204229606e-09,3.857366204229606e-09,1.0,1.0,,,,,,
q,overlap_dual,9,0.0,50.0,,0.0,,0.0,500,9.956324209525746e-09,9.667976641480891e-09,1.0,1.0,,,,,,
q,overlap_dual,10,0.0,50.0,,0.0,,0.0,100,4.519197016605858e-09,4.519197016605858e-09,1.0,1.0,,,,,,
q,overlap_dual,10,0.0,50.0,,0.0,,0.0,500,8.144614538352357e-09,8.021240782696282e-09,1.0,1.0,,,,,,
q,overlap_dual,11,0.0,50.0,,0.0,,0.0,100,3.761840616789414e-09,3.53069551373153e-09,1.0,1.0,,,,,,
q,overlap_dual,11,0.0,50.0,,0.0,,0.0,500,6.935317209411096e-09,6.745902947358218e-09,1.0,1.0,,,,,,
q,overlap_dual,16,0.0,50.0,,0.0,,0.0,100,4.64093763419271e-09,4.564431721476581e-09,1.0,1.0,,,,,,
q,overlap_dual,16,0.0,50.0,,0.0,,0.0,500,7.144774993861347e-09,5.450514706240028e-09,1.0,1.0,,,,,,
q,overlap_dual,17,0.0,50.0,,0.0,,0.0,100,4.399640429753049e-09,4.349555160487739e-09,1.0,1.0,,,,,,
q,overlap_dual,17,0.0,50.0,,0.0,,0.0,500,1.1231034102721082e-08,1.1231034102721082e-08,1.0,1.0,,,,,,
q,overlap_dual,18,0.0,50.0,,0.0,,0.0,100,3.5834480938135016e-09,3.5751576143994157e-09,1.0,1.0,,,,,,
q,overlap_dual,18,0.0,50.0,,0.0,,0.0,500,9.149912383321634e-09,8.441491949895408e-09,1.0,1.0,,,,,,
q,overlap_dual,19,0.0,50.0,,0.0,,0.0,100,4.145236043306966e-09,3.71976405233454e-09,1.0,1.0,,,,,,
q,overlap_dual,19,0.0,50.0,,0.0,,0.0,500,8.706312448758524e-09,8.706312448758524e-09,1.0,1.0,,,,,,
q,overlap_dual,12,0.0,50.0,,0.0,,0.0,100,4.657112473438474e-09,4.657112473438474e-09,1.0,1.0,,,,,,
q,overlap_dual,12,0.0,50.0,,0.0,,0.0,500,7.439919347262958e-09,6.833380528092903e-09,1.0,1.0,,,,,,
q,overlap_dual,13,0.0,50.0,,0.0,,0.0,100,4.6322816693589175e-09,4.549292720312792e-09,1.0,1.0,,,,,,
q,overlap_dual,13,0.0,50.0,,0.0,,0.0,500,4.92625074066666e-09,3.2771723113000917e-09,1.0,1.0,,,,,,
q,overlap_dual,14,0.0,50.0,,0.0,,0.0,100,5.095108945862847e-09,5.0218408320645835e-09,1.0,1.0,,,,,,
q,overlap_dual,14,0.0,50.0,,0.0,,0.0,500,8.60959925574889e-09,8.132233997315552e-09,1.0,1.0,,,,,,
q,overlap_dual,15,0.0,50.0,,0.0,,0.0,100,4.5206279830622975e-09,4.5206279830622975e-09,1.0,1.0,,,,,,
q,overlap_dual,15,0.0,50.0,,0.0,,0.0,500,7.266085066959249e-09,4.660501540243445e-09,1.0,1.0,,,,,,
q,overlap_dual,0,0.007149915929460159,50.0,,0.0,,0.01,100,4.060933256333499e-09,4.060933256333499e-09,1.0,1.0,,,,,,
q,overlap_dual,0,0.007149915929460159,50.0,,0.0,,0.01,500,6.951560216350572e-09,5.728563401419251e-09,1.0,1.0,,,,,,
q,overlap_dual,1,0.0076474998535643384,50.0,,0.0,,0.01,100,3.582399488166743e-09,3.553584093651807e-09,1.0,1.0,,,,,,
q,overlap_dual,1,0.0076474998535643384,50.0,,0.0,,0.01,500,7.348054609224164e-09,7.162106907543375e-09,1.0,1.0,,,,,,
q,overlap_dual,2,0.007243030366964207,50.0,,0.0,,0.01,100,3.9222080028267214e-09,3.9222080028267214e-09,1.0,1.0,,,,,,
q,overlap_dual,2,0.007243030366964207,50.0,,0.0,,0.01,500,7.426481651862105e-09,6.989155032499639e-09,1.0,1.0,,,,,,
q,overlap_dual,3,0.00763898647642627,50.0,,0.0,,0.01,100,4.5095153167196145e-09,4.5095153167196145e-09,1.0,1.0,,,,,,
q,overlap_dual,3,0.00763898647642627,50.0,,0.0,,0.01,500,9.848782678290036e-09,8.879053936539094e-09,1.0,1.0,,,,,,
q,overlap_dual,4,0.007420251554478778,50.0,,0.0,,0.01,100,4.192118874257744e-09,3.678338411639004e-09,1.0,1.0,,,,,,
q,overlap_dual,4,0.007420251554478778,50.0,,0.0,,0.01,500,5.890675947028967e-09,5.3852324821690445e-09,1.0,1.0,,,,,,
q,overlap_dual,5,0.007303373985310291,50.0,,0.0,,0.01,100,3.991383668022763e-09,3.991383668022763e-09,1.0,1.0,,,,,,
q,overlap_dual,5,0.007303373985310291,50.0,,0.0,,0.01,500,7.391794953903741e-09,7.391794953903741e-09,1.0,1.0,,,,,,
q,overlap_dual,6,0.007258440292289803,50.0,,0.0,,0.01,100,3.8237786270656215e-09,3.6929403979257813e-09,1.0,1.0,,,,,,
q,overlap_dual,6,0.007258440292289803,50.0,,0.0,,0.01,500,1.0033745168058772e-08,1.0033745168058772e-08,1.0,1.0,,,,,,
q,overlap_dual,7,0.007451542135550962,50.0,,0.0,,0.01,100,4.121680108326586e-09,4.0858860739234615e-09,1.0,1.0,,,,,,
q,overlap_dual,7,0.007451542135550962,50.0,,0.0,,0.01,500,7.009790081724532e-09,6.0809044466481055e-09,1.0,1.0,,,,,,
q,overlap_dual,8,0.007917832930711764,50.0,,0.0,,0.01,100,5.204388253687853e-09,5.065021291272842e-09,1.0,1.0,,,,,,
q,overlap_dual,8,0.007917832930711764,50.0,,0.0,,0.01,500,8.559178032996329e-09,7.016661918157752e-09,1.0,1.0,,,,,,
q,overlap_dual,9,0.007748440082154424,50.0,,0.0,,0.01,100,3.857366204229606e-09,3.857366204229606e-09,1.0,1.0,,,,,,
q,overlap_dual,9,0.007748440082154424,50.0,,0.0,,0.01,500,9.956324209525746e-09,9.667976641480891e-09,1.0,1.0,,,,,,
q,overlap_dual,10,0.008158001770411698,50.0,,0.0,,0.01,100,4.519197016605858e-09,4.519197016605858e-09,1.0,1.0,,,,,,
q,overlap_dual,10,0.008158001770411698,50.0,,0.0,,0.01,500,8.144614538352357e-09,8.021240782696282e-09,1.0,1.0,,,,,,
q,overlap_dual,11,0.007860618311547392,50.0,,0.0,,0.01,100,3.761840616789414e-09,3.53069551373153e-09,1.0,1.0,,,,,,
q,overlap_dual,11,0.007860618311547392,50.0,,0.0,,0.01,500,6.935317209411096e-09,6.745902947358218e-09,1.0,1.0,,,,,,
q,overlap_dual,12,0.0076018995832860484,50.0,,0.0,,0.01,100,4.657112473438474e-09,4.657112473438474e-09,1.0,1.0,,,,,,
q,overlap_dual,12,0.0076018995832860484,50.0,,0.0,,0.01,500,7.439919347262958e-09,6.833380528092903e-09,1.0,1.0,,,,,,
q,overlap_dual,13,0.008298214379709878,50.0,,0.0,,0.01,100,4.6322816693589175e-09,4.549292720312792e-09,1.0,1.0,,,,,,
q,overlap_dual,13,0.008298214379709878,50.0,,0.0,,0.01,500,4.92625074066666e-09,3.2771723113000917e-09,1.0,1.0,,,,,,
q,overlap_dual,14,0.006645760656060303,50.0,,0.0,,0.01,100,5.095108945862847e-09,5.0218408320645835e-09,1.0,1.0,,,,,,
q,overlap_dual,14,0.006645760656060303,50.0,,0.0,,0.01,500,8.60959925574889e-09,8.132233997315552e-09,1.0,1.0,,,,,,
q,overlap_dual,15,0.007479560646208507,50.0,,0.0,,0.01,100,4.5206279830622975e-09,4.5206279830622975e-09,1.0,1.0,,,,,,
q,overlap_dual,15,0.007479560646208507,50.0,,0.0,,0.01,500,7.266085066959249e-09,4.660501540243445e-09,1.0,1.0,,,,,,
q,overlap_dual,16,0.006471129177796499,50.0,,0.0,,0.01,100,4.64093763419271e-09,4.564431721476581e-09,1.0,1.0,,,,,,
q,overlap_dual,16,0.006471129177796499,50.0,,0.0,,0.01,500,7.144774993861347e-09,5.450514706240028e-09,1.0,1.0,,,,,,
q,overlap_dual,17,0.0068023885942039685,50.0,,0.0,,0.01,100,4.399640429753049e-09,4.349555160487739e-09,1.0,1.0,,,,,,
q,overlap_dual,17,0.0068023885942039685,50.0,,0.0,,0.01,500,1.1231034102721082e-08,1.1231034102721082e-08,1.0,1.0,,,,,,
q,overlap_dual,18,0.0073061725894156,50.0,,0.0,,0.01,100,3.5834480938135016e-09,3.5751576143994157e-09,1.0,1.0,,,,,,
q,overlap_dual,18,0.0073061725894156,50.0,,0.0,,0.01,500,9.149912383321634e-09,8.441491949895408e-09,1.0,1.0,,,,,,
q,overlap_dual,19,0.0074312270844230505,50.0,,0.0,,0.01,100,4.145236043306966e-09,3.71976405233454e-09,1.0,1.0,,,,,,
q,overlap_dual,19,0.0074312270844230505,50.0,,0.0,,0.01,500,8.706312448758524e-09,8.706312448758524e-09,1.0,1.0,,,,,,
q,overlap_dual,8,0.023753498792135293,50.0,,0.0,,0.03,100,5.204388253687853e-09,5.065021291272842e-09,1.0,1.0,,,,,,
q,overlap_dual,8,0.023753498792135293,50.0,,0.0,,0.03,500,8.559178032996329e-09,7.016661918157752e-09,1.0,1.0,,,,,,
q,overlap_dual,9,0.02324532024646327,50.0,,0.0,,0.03,100,3.857366204229606e-09,3.857366204229606e-09,1.0,1.0,,,,,,
q,overlap_dual,9,0.02324532024646327,50.0,,0.0,,0.03,500,9.956324209525746e-09,9.667976641480891e-09,1.0,1.0,,,,,,
q,overlap_dual,10,0.024474005311235093,50.0,,0.0,,0.03,100,4.519197016605858e-09,4.519197016605858e-09,1.0,1.0,,,,,,
q,overlap_dual,10,0.024474005311235093,50.0,,0.0,,0.03,500,8.144614538352357e-09,8.021240782696282e-09,1.0,1.0,,,,,,
q,overlap_dual,11,0.023581854934642175,50.0,,0.0,,0.03,100,3.761840616789414e-09,3.53069551373153e-09,1.0,1.0,,,,,,
q,overlap_dual,11,0.023581854934642175,50.0,,0.0,,0.03,500,6.935317209411096e-09,6.745902947358218e-09,1.0,1.0,,,,,,
q,overlap_dual,4,0.022260754663436334,50.0,,0.0,,0.03,100,4.192118874257744e-09,3.678338411639004e-09,1.0,1.0,,,,,,
q,overlap_dual,4,0.022260754663436334,50.0,,0.0,,0.03,500,5.890675947028967e-09,5.3852324821690445e-09,1.0,1.0,,,,,,
q,overlap_dual,5,0.02191012195593087,50.0,,0.0,,0.03,100,3.991383668022763e-09,3.991383668022763e-09,1.0,1.0,,,,,,
q,overlap_dual,5,0.02191012195593087,50.0,,0.0,,0.03,500,7.391794953903741e-09,7.391794953903741e-09,1.0,1.0,,,,,,
q,overlap_dual,6,0.021775320876869408,50.0,,0.0,,0.03,100,3.8237786270656215e-09,3.6929403979257813e-09,1.0,1.0,,,,,,
q,overlap_dual,6,0.021775320876869408,50.0,,0.0,,0.03,500,1.0033745168058772e-08,1.0033745168058772e-08,1.0,1.0,,,,,,
q,overlap_dual,7,0.02235462640665288,50.0,,0.0,,0.03,100,4.121680108326586e-09,4.0858860739234615e-09,1.0,1.0,,,,,,
q,overlap_dual,7,0.02235462640665288,50.0,,0.0,,0.03,500,7.009790081724532e-09,6.0809044466481055e-09,1.0,1.0,,,,,,
q,overlap_dual,12,0.022805698749858144,50.0,,0.0,,0.03,100,4.657112473438474e-09,4.657112473438474e-09,1.0,1.0,,,,,,
q,overlap_dual,12,0.022805698749858144,50.0,,0.0,,0.03,500,7.439919347262958e-09,6.833380528092903e-09,1.0,1.0,,,,,,
q,overlap_dual,13,0.024894643139129636,50.0,,0.0,,0.03,100,4.6322816693589175e-09,4.549292720312792e-09,1.0,1.0,,,,,,
q,overlap_dual,13,0.024894643139129636,50.0,,0.0,,0.03,500,4.92625074066666e-09,3.2771723113000917e-09,1.0,1.0,,,,,,
q,overlap_dual,14,0.019937281968180908,50.0,,0.0,,0.03,100,5.095108945862847e-09,5.0218408320645835e-09,1.0,1.0,,,,,,
q,overlap_dual,14,0.019937281968180908,50.0,,0.0,,0.03,500,8.60959925574889e-09,8.132233997315552e-09,1.0,1.0,,,,,,
q,overlap_dual,15,0.022438681938625523,50.0,,0.0,,0.03,100,4.5206279830622975e-09,4.5206279830622975e-09,1.0,1.0,,,,,,
q,overlap_dual,15,0.022438681938625523,50.0,,0.0,,0.03,500,7.266085066959249e-09,4.660501540243445e-09,1.0,1.0,,,,,,
q,overlap_dual,0,0.021449747788380477,50.0,,0.0,,0.03,100,4.060933256333499e-09,4.060933256333499e-09,1.0,1.0,,,,,,
q,overlap_dual,0,0.021449747788380477,50.0,,0.0,,0.03,500,6.951560216350572e-09,5.728563401419251e-09,1.0,1.0,,,,,,
q,overlap_dual,1,0.02294249956069301,50.0,,0.0,,0.03,100,3.582399488166743e-09,3.553584093651807e-09,1.0,1.0,,,,,,
q,overlap_dual,1,0.02294249956069301,50.0,,0.0,,0.03,500,7.348054609224164e-09,7.162106907543375e-09,1.0,1.0,,,,,,
q,overlap_dual,2,0.02172909110089262,50.0,,0.0,,0.03,100,3.9222080028267214e-09,3.9222080028267214e-09,1.0,1.0,,,,,,
q,overlap_dual,2,0.02172909110089262,50.0,,0.0,,0.03,500,7.426481651862105e-09,6.989155032499639e-09,1.0,1.0,,,,,,
q,overlap_dual,3,0.022916959429278815,50.0,,0.0,,0.03,100,4.5095153167196145e-09,4.5095153167196145e-09,1.0,1.0,,,,,,
q,overlap_dual,3,0.022916959429278815,50.0,,0.0,,0.03,500,9.848782678290036e-09,8.879053936539094e-09,1.0,1.0,,,,,,
q,overlap_dual,16,0.019413387533389493,50.0,,0.0,,0.03,100,4.64093763419271e-09,4.564431721476581e-09,1.0,1.0,,,,,,
q,overlap_dual,16,0.019413387533389493,50.0,,0.0,,0.03,500,7.144774993861347e-09,5.450514706240028e-09,1.0,1.0,,,,,,
q,overlap_dual,17,0.0204071657826119,50.0,,0.0,,0.03,100,4.399640429753049e-09,4.349555160487739e-09,1.0,1.0,,,,,,
q,overlap_dual,17,0.0204071657826119,50.0,,0.0,,0.03,500,1.1231034102721082e-08,1.1231034102721082e-08,1.0,1.0,,,,,,
q,overlap_dual,18,0.021918517768246798,50.0,,0.0,,0.03,100,3.5834480938135016e-09,3.5751576143994157e-09,1.0,1.0,,,,,,
q,overlap_dual,18,0.021918517768246798,50.0,,0.0,,0.03,500,9.149912383321634e-09,8.441491949895408e-09,1.0,1.0,,,,,,
q,overlap_dual,19,0.022293681253269144,50.0,,0.0,,0.03,100,4.145236043306966e-09,3.71976405233454e-09,1.0,1.0,,,,,,
q,overlap_dual,19,0.022293681253269144,50.0,,0.0,,0.03,500,8.706312448758524e-09,8.706312448758524e-09,1.0,1.0,,,,,,
q,overlap_dual,0,0.0714991592946016,50.0,,0.0,,0.1,100,4.060933256333499e-09,4.060933256333499e-09,1.0,1.0,,,,,,
q,overlap_dual,0,0.0714991592946016,50.0,,0.0,,0.1,500,6.951560216350572e-09,5.728563401419251e-09,1.0,1.0,,,,,,
q,overlap_dual,1,0.07647499853564337,50.0,,0.0,,0.1,100,3.582399488166743e-09,3.553584093651807e-09,1.0,1.0,,,,,,
q,overlap_dual,1,0.07647499853564337,50.0,,0.0,,0.1,500,7.348054609224164e-09,7.162106907543375e-09,1.0,1.0,,,,,,
q,overlap_dual,2,0.07243030366964208,50.0,,0.0,,0.1,100,3.9222080028267214e-09,3.9222080028267214e-09,1.0,1.0,,,,,,
q,overlap_dual,2,0.07243030366964208,50.0,,0.0,,0.1,500,7.426481651862105e-09,6.989155032499639e-09,1.0,1.0,,,,,,
q,overlap_dual,3,0.0763898647642627,50.0,,0.0,,0.1,100,4.5095153167196145e-09,4.5095153167196145e-09,1.0,1.0,,,,,,
q,overlap_dual,3,0.0763898647642627,50.0,,0.0,,0.1,500,9.848782678290036e-09,8.879053936539094e-09,1.0,1.0,,,,,,
q,overlap_dual,4,0.0742025155447878,50.0,,0.0,,0.1,100,4.192118874257744e-09,3.678338411639004e-09,1.0,1.0,,,,,,
q,overlap_dual,4,0.0742025155447878,50.0,,0.0,,0.1,500,5.890675947028967e-09,5.3852324821690445e-09,1.0,1.0,,,,,,
q,overlap_dual,5,0.07303373985310291,50.0,,0.0,,0.1,100,3.991383668022763e-09,3.991383668022763e-09,1.0,1.0,,,,,,
q,overlap_dual,5,0.07303373985310291,50.0,,0.0,,0.1,500,7.391794953903741e-09,7.391794953903741e-09,1.0,1.0,,,,,,
q,overlap_dual,6,0.07258440292289806,50.0,,0.0,,0.1,100,3.8237786270656215e-09,3.6929403979257813e-09,1.0,1.0,,,,,,
q,overlap_dual,6,0.07258440292289806,50.0,,0.0,,0.1,500,1.0033745168058772e-08,1.0033745168058772e-08,1.0,1.0,,,,,,
q,overlap_dual,7,0.07451542135550963,50.0,,0.0,,0.1,100,4.121680108326586e-09,4.0858860739234615e-09,1.0,1.0,,,,,,
q,overlap_dual,7,0.07451542135550963,50.0,,0.0,,0.1,500,7.009790081724532e-09,6.0809044466481055e-09,1.0,1.0,,,,,,
q,overlap_dual,12,0.0760189958328605,50.0,,0.0,,0.1,100,4.657112473438474e-09,4.657112473438474e-09,1.0,1.0,,,,,,
q,overlap_dual,12,0.0760189958328605,50.0,,0.0,,0.1,500,7.439919347262958e-09,6.833380528092903e-09,1.0,1.0,,,,,,
q,overlap_dual,13,0.0829821437970988,50.0,,0.0,,0.1,100,4.6322816693589175e-09,4.549292720312792e-09,1.0,1.0,,,,,,
q,overlap_dual,13,0.0829821437970988,50.0,,0.0,,0.1,500,4.92625074066666e-09,3.2771723113000917e-09,1.0,1.0,,,,,,
q,overlap_dual,14,0.06645760656060302,50.0,,0.0,,0.1,100,5.095108945862847e-09,5.0218408320645835e-09,1.0,1.0,,,,,,
q,overlap_dual,14,0.06645760656060302,50.0,,0.0,,0.1,500,8.60959925574889e-09,8.132233997315552e-09,1.0,1.0,,,,,,
q,overlap_dual,15,0.07479560646208509,50.0,,0.0,,0.1,100,4.5206279830622975e-09,4.5206279830622975e-09,1.0,1.0,,,,,,
q,overlap_dual,15,0.07479560646208509,50.0,,0.0,,0.1,500,7.266085066959249e-09,4.660501540243445e-09,1.0,1.0,,,,,,
q,overlap_dual,16,0.06471129177796499,50.0,,0.0,,0.1,100,4.64093763419271e-09,4.564431721476581e-09,1.0,1.0,,,,,,
q,overlap_dual,16,0.06471129177796499,50.0,,0.0,,0.1,500,7.144774993861347e-09,5.450514706240028e-09,1.0,1.0,,,,,,
q,overlap_dual,17,0.06802388594203969,50.0,,0.0,,0.1,100,4.399640429753049e-09,4.349555160487739e-09,1.0,1.0,,,,,,
q,overlap_dual,17,0.06802388594203969,50.0,,0.0,,0.1,500,1.1231034102721082e-08,1.1231034102721082e-08,1.0,1.0,,,,,,
q,overlap_dual,18,0.073061725894156,50.0,,0.0,,0.1,100,3.5834480938135016e-09,3.5751576143994157e-09,1.0,1.0,,,,,,
q,overlap_dual,18,0.073061725894156,50.0,,0.0,,0.1,500,9.149912383321634e-09,8.441491949895408e-09,1.0,1.0,,,,,,
q,overlap_dual,19,0.0743122708442305,50.0,,0.0,,0.1,100,4.145236043306966e-09,3.71976405233454e-09,1.0,1.0,,,,,,
q,overlap_dual,19,0.0743122708442305,50.0,,0.0,,0.1,500,8.706312448758524e-09,8.706312448758524e-09,1.0,1.0,,,,,,
q,overlap_dual,8,0.07917832930711764,50.0,,0.0,,0.1,100,5.204388253687853e-09,5.065021291272842e-09,1.0,1.0,,,,,,
q,overlap_dual,8,0.07917832930711764,50.0,,0.0,,0.1,500,8.559178032996329e-09,7.016661918157752e-09,1.0,1.0,,,,,,
q,overlap_dual,9,0.07748440082154424,50.0,,0.0,,0.1,100,3.857366204229606e-09,3.857366204229606e-09,1.0,1.0,,,,,,
q,overlap_dual,9,0.07748440082154424,50.0,,0.0,,0.1,500,9.956324209525746e-09,9.667976641480891e-09,1.0,1.0,,,,,,
q,overlap_dual,10,0.08158001770411699,50.0,,0.0,,0.1,100,4.519197016605858e-09,4.519197016605858e-09,1.0,1.0,,,,,,
q,overlap_dual,10,0.08158001770411699,50.0,,0.0,,0.1,500,8.144614538352357e-09,8.021240782696282e-09,1.0,1.0,,,,,,
q,overlap_dual,11,0.07860618311547392,50.0,,0.0,,0.1,100,3.761840616789414e-09,3.53069551373153e-09,1.0,1.0,,,,,,
q,overlap_dual,11,0.07860618311547392,50.0,,0.0,,0.1,500,6.935317209411096e-09,6.745902947358218e-09,1.0,1.0,,,,,,
q,overlap_dual,0,0.1429983185892032,50.0,,0.0,,0.2,100,4.060933256333499e-09,4.060933256333499e-09,1.0,1.0,,,,,,
q,overlap_dual,0,0.1429983185892032,50.0,,0.0,,0.2,500,6.951560216350572e-09,5.728563401419251e-09,1.0,1.0,,,,,,
q,overlap_dual,1,0.15294999707128673,50.0,,0.0,,0.2,100,3.582399488166743e-09,3.553584093651807e-09,1.0,1.0,,,,,,
q,overlap_dual,1,0.15294999707128673,50.0,,0.0,,0.2,500,7.348054609224164e-09,7.162106907543375e-09,1.0,1.0,,,,,,
q,overlap_dual,2,0.14486060733928416,50.0,,0.0,,0.2,100,3.9222080028267214e-09,3.9222080028267214e-09,1.0,1.0,,,,,,
q,overlap_dual,2,0.14486060733928416,50.0,,0.0,,0.2,500,7.426481651862105e-09,6.989155032499639e-09,1.0,1.0,,,,,,
q,overlap_dual,3,0.1527797295285254,50.0,,0.0,,0.2,100,4.5095153167196145e-09,4.5095153167196145e-09,1.0,1.0,,,,,,
q,overlap_dual,3,0.1527797295285254,50.0,,0.0,,0.2,500,9.848782678290036e-09,8.879053936539094e-09,1.0,1.0,,,,,,
q,overlap_dual,4,0.1484050310895756,50.0,,0.0,,0.2,100,4.192118874257744e-09,3.678338411639004e-09,1.0,1.0,,,,,,
q,overlap_dual,4,0.1484050310895756,50.0,,0.0,,0.2,500,5.890675947028967e-09,5.3852324821690445e-09,1.0,1.0,,,,,,
q,overlap_dual,5,0.14606747970620582,50.0,,0.0,,0.2,100,3.991383668022763e-09,3.991383668022763e-09,1.0,1.0,,,,,,
q,overlap_dual,5,0.14606747970620582,50.0,,0.0,,0.2,500,7.391794953903741e-09,7.391794953903741e-09,1.0,1.0,,,,,,
q,overlap_dual,6,0.1451688058457961,50.0,,0.0,,0.2,100,3.8237786270656215e-09,3.6929403979257813e-09,1.0,1.0,,,,,,
q,overlap_dual,6,0.1451688058457961,50.0,,0.0,,0.2,500,1.0033745168058772e-08,1.0033745168058772e-08,1.0,1.0,,,,,,
q,overlap_dual,7,0.14903084271101927,50.0,,0.0,,0.2,100,4.121680108326586e-09,4.0858860739234615e-09,1.0,1.0,,,,,,
q,overlap_dual,7,0.14903084271101927,50.0,,0.0,,0.2,500,7.009790081724532e-09,6.0809044466481055e-09,1.0,1.0,,,,,,
q,overlap_dual,8,0.15835665861423528,50.0,,0.0,,0.2,100,5.204388253687853e-09,5.065021291272842e-09,1.0,1.0,,,,,,
q,overlap_dual,8,0.15835665861423528,50.0,,0.0,,0.2,500,8.559178032996329e-09,7.016661918157752e-09,1.0,1.0,,,,,,
q,overlap_dual,9,0.1549688016430885,50.0,,0.0,,0.2,100,3.857366204229606e-09,3.857366204229606e-09,1.0,1.0,,,,,,
q,overlap_dual,9,0.1549688016430885,50.0,,0.0,,0.2,500,9.956324209525746e-09,9.667976641480891e-09,1.0,1.0,,,,,,
q,overlap_dual,10,0.16316003540823398,50.0,,0.0,,0.2,100,4.519197016605858e-09,4.519197016605858e-09,1.0,1.0,,,,,,
q,overlap_dual,10,0.16316003540823398,50.0,,0.0,,0.2,500,8.144614538352357e-09,8.021240782696282e-09,1.0,1.0,,,,,,
q,overlap_dual,11,0.15721236623094784,50.0,,0.0,,0.2,100,3.761840616789414e-09,3.53069551373153e-09,1.0,1.0,,,,,,
q,overlap_dual,11,0.15721236623094784,50.0,,0.0,,0.2,500,6.935317209411096e-09,6.745902947358218e-09,1.0,1.0,,,,,,
q,overlap_dual,16,0.12942258355592998,50.0,,0.0,,0.2,100,4.64093763419271e-09,4.564431721476581e-09,1.0,1.0,,,,,,
q,overlap_dual,16,0.12942258355592998,50.0,,0.0,,0.2,500,7.144774993861347e-09,5.450514706240028e-09,1.0,1.0,,,,,,
q,overlap_dual,17,0.13604777188407938,50.0,,0.0,,0.2,100,4.399640429753049e-09,4.349555160487739e-09,1.0,1.0,,,,,,
q,overlap_dual,17,0.13604777188407938,50.0,,0.0,,0.2,500,1.1231034102721082e-08,1.1231034102721082e-08,1.0,1.0,,,,,,
q,overlap_dual,18,0.146123451788312,50.0,,0.0,,0.2,100,3.5834480938135016e-09,3.5751576143994157e-09,1.0,1.0,,,,,,
q,overlap_dual,18,0.146123451788312,50.0,,0.0,,0.2,500,9.149912383321634e-09,8.441491949895408e-09,1.0,1.0,,,,,,
q,overlap_dual,19,0.148624541688461,50.0,,0.0,,0.2,100,4.145236043306966e-09,3.71976405233454e-09,1.0,1.0,,,,,,
q,overlap_dual,19,0.148624541688461,50.0,,0.0,,0.2,500,8.706312448758524e-09,8.706312448758524e-09,1.0,1.0,,,,,,
q,overlap_dual,12,0.152037991665721,50.0,,0.0,,0.2,100,4.657112473438474e-09,4.657112473438474e-09,1.0,1.0,,,,,,
q,overlap_dual,12,0.152037991665721,50.0,,0.0,,0.2,500,7.439919347262958e-09,6.833380528092903e-09,1.0,1.0,,,,,,
q,overlap_dual,13,0.1659642875941976,50.0,,0.0,,0.2,100,4.6322816693589175e-09,4.549292720312792e-09,1.0,1.0,,,,,,
q,overlap_dual,13,0.1659642875941976,50.0,,0.0,,0.2,500,4.92625074066666e-09,3.2771723113000917e-09,1.0,1.0,,,,,,
q,overlap_dual,14,0.13291521312120605,50.0,,0.0,,0.2,100,5.095108945862847e-09,5.0218408320645835e-09,1.0,1.0,,,,,,
q,overlap_dual,14,0.13291521312120605,50.0,,0.0,,0.2,500,8.60959925574889e-09,8.132233997315552e-09,1.0,1.0,,,,,,
q,overlap_dual,15,0.14959121292417019,50.0,,0.0,,0.2,100,4.5206279830622975e-09,4.5206279830622975e-09,1.0,1.0,,,,,,
q,overlap_dual,15,0.14959121292417019,50.0,,0.0,,0.2,500,7.266085066959249e-09,4.660501540243445e-09,1.0,1.0,,,,,,
q,overlap_dual,0,0.21449747788380477,50.0,,0.0,,0.3,100,4.060933256333499e-09,4.060933256333499e-09,1.0,1.0,,,,,,
q,overlap_dual,0,0.21449747788380477,50.0,,0.0,,0.3,500,6.951560216350572e-09,5.728563401419251e-09,1.0,1.0,,,,,,
q,overlap_dual,1,0.22942499560693014,50.0,,0.0,,0.3,100,3.582399488166743e-09,3.553584093651807e-09,1.0,1.0,,,,,,
q,overlap_dual,1,0.22942499560693014,50.0,,0.0,,0.3,500,7.348054609224164e-09,7.162106907543375e-09,1.0,1.0,,,,,,
q,overlap_dual,2,0.21729091100892622,50.0,,0.0,,0.3,100,3.9222080028267214e-09,3.9222080028267214e-09,1.0,1.0,,,,,,
q,overlap_dual,2,0.21729091100892622,50.0,,0.0,,0.3,500,7.426481651862105e-09,6.989155032499639e-09,1.0,1.0,,,,,,
q,overlap_dual,3,0.2291695942927881,50.0,,0.0,,0.3,100,4.5095153167196145e-09,4.5095153167196145e-09,1.0,1.0,,,,,,
q,overlap_dual,3,0.2291695942927881,50.0,,0.0,,0.3,500,9.848782678290036e-09,8.879053936539094e-09,1.0,1.0,,,,,,
q,overlap_dual,4,0.22260754663436333,50.0,,0.0,,0.3,100,4.192118874257744e-09,3.678338411639004e-09,1.0,1.0,,,,,,
q,overlap_dual,4,0.22260754663436333,50.0,,0.0,,0.3,500,5.890675947028967e-09,5.3852324821690445e-09,1.0,1.0,,,,,,
q,overlap_dual,5,0.21910121955930872,50.0,,0.0,,0.3,100,3.991383668022763e-09,3.991383668022763e-09,1.0,1.0,,,,,,
q,overlap_dual,5,0.21910121955930872,50.0,,0.0,,0.3,500,7.391794953903741e-09,7.391794953903741e-09,1.0,1.0,,,,,,
q,overlap_dual,6,0.2177532087686941,50.0,,0.0,,0.3,100,3.8237786270656215e-09,3.6929403979257813e-09,1.0,1.0,,,,,,
q,overlap_dual,6,0.2177532087686941,50.0,,0.0,,0.3,500,1.0033745168058772e-08,1.0033745168058772e-08,1.0,1.0,,,,,,
q,overlap_dual,7,0.22354626406652878,50.0,,0.0,,0.3,100,4.121680108326586e-09,4.0858860739234615e-09,1.0,1.0,,,,,,
q,overlap_dual,7,0.22354626406652878,50.0,,0.0,,0.3,500,7.009790081724532e-09,6.0809044466481055e-09,1.0,1.0,,,,,,
q,overlap_dual,16,0.1941338753338949,50.0,,0.0,,0.3,100,4.64093763419271e-09,4.564431721476581e-09,1.0,1.0,,,,,,
q,overlap_dual,16,0.1941338753338949,50.0,,0.0,,0.3,500,7.144774993861347e-09,5.450514706240028e-09,1.0,1.0,,,,,,
q,overlap_dual,17,0.204071657826119,50.0,,0.0,,0.3,100,4.399640429753049e-09,4.349555160487739e-09,1.0,1.0,,,,,,
q,overlap_dual,17,0.204071657826119,50.0,,0.0,,0.3,500,1.1231034102721082e-08,1.1231034102721082e-08,1.0,1.0,,,,,,
q,overlap_dual,18,0.21918517768246798,50.0,,0.0,,0.3,100,3.5834480938135016e-09,3.5751576143994157e-09,1.0,1.0,,,,,,
q,overlap_dual,18,0.21918517768246798,50.0,,0.0,,0.3,500,9.149912383321634e-09,8.441491949895408e-09,1.0,1.0,,,,,,
q,overlap_dual,19,0.2229368125326915,50.0,,0.0,,0.3,100,4.145236043306966e-09,3.71976405233454e-09,1.0,1.0,,,,,,
q,overlap_dual,19,0.2229368125326915,50.0,,0.0,,0.3,500,8.706312448758524e-09,8.706312448758524e-09,1.0,1.0,,,,,,
q,overlap_dual,12,0.22805698749858141,50.0,,0.0,,0.3,100,4.657112473438474e-09,4.657112473438474e-09,1.0,1.0,,,,,,
q,overlap_dual,12,0.22805698749858141,50.0,,0.0,,0.3,500,7.439919347262958e-09,6.833380528092903e-09,1.0,1.0,,,,,,
q,overlap_dual,13,0.24894643139129632,50.0,,0.0,,0.3,100,4.6322816693589175e-09,4.549292720312792e-09,1.0,1.0,,,,,,
q,overlap_dual,13,0.24894643139129632,50.0,,0.0,,0.3,500,4.92625074066666e-09,3.2771723113000917e-09,1.0,1.0,,,,,,
q,overlap_dual,14,0.19937281968180906,50.0,,0.0,,0.3,100,5.095108945862847e-09,5.0218408320645835e-09,1.0,1.0,,,,,,
q,overlap_dual,14,0.19937281968180906,50.0,,0.0,,0.3,500,8.60959925574889e-09,8.132233997315552e-09,1.0,1.0,,,,,,
q,overlap_dual,15,0.2243868193862552,50.0,,0.0,,0.3,100,4.5206279830622975e-09,4.5206279830622975e-09,1.0,1.0,,,,,,
q,overlap_dual,15,0.2243868193862552,50.0,,0.0,,0.3,500,7.266085066959249e-09,4.660501540243445e-09,1.0,1.0,,,,,,
q,overlap_dual,8,0.23753498792135286,50.0,,0.0,,0.3,100,5.204388253687853e-09,5.065021291272842e-09,1.0,1.0,,,,,,
q,overlap_dual,8,0.23753498792135286,50.0,,0.0,,0.3,500,8.559178032996329e-09,7.016661918157752e-09,1.0,1.0,,,,,,
q,overlap_dual,9,0.2324532024646327,50.0,,0.0,,0.3,100,3.857366204229606e-09,3.857366204229606e-09,1.0,1.0,,,,,,
q,overlap_dual,9,0.2324532024646327,50.0,,0.0,,0.3,500,9.956324209525746e-09,9.667976641480891e-09,1.0,1.0,,,,,,
q,overlap_dual,10,0.24474005311235095,50.0,,0.0,,0.3,100,4.519197016605858e-09,4.519197016605858e-09,1.0,1.0,,,,,,
q,overlap_dual,10,0.24474005311235095,50.0,,0.0,,0.3,500,8.144614538352357e-09,8.021240782696282e-09,1.0,1.0,,,,,,
q,overlap_dual,11,0.23581854934642174,50.0,,0.0,,0.3,100,3.761840616789414e-09,3.53069551373153e-09,1.0,1.0,,,,,,
q,overlap_dual,11,0.23581854934642174,50.0,,0.0,,0.3,500,6.935317209411096e-09,6.745902947358218e-09,1.0,1.0,,,,,,
q,overlap_dual,0,0.35749579647300794,50.0,,0.0,,0.5,100,4.060933256333499e-09,4.060933256333499e-09,1.0,1.0,,,,,,
q,overlap_dual,0,0.35749579647300794,50.0,,0.0,,0.5,500,6.951560216350572e-09,5.728563401419251e-09,1.0,1.0,,,,,,
q,overlap_dual,1,0.38237499267821684,50.0,,0.0,,0.5,100,3.582399488166743e-09,3.553584093651807e-09,1.0,1.0,,,,,,
q,overlap_dual,1,0.38237499267821684,50.0,,0.0,,0.5,500,7.348054609224164e-09,7.162106907543375e-09,1.0,1.0,,,,,,
q,overlap_dual,2,0.36215151834821036,50.0,,0.0,,0.5,100,3.9222080028267214e-09,3.9222080028267214e-09,1.0,1.0,,,,,,
q,overlap_dual,2,0.36215151834821036,50.0,,0.0,,0.5,500,7.426481651862105e-09,6.989155032499639e-09,1.0,1.0,,,,,,
q,overlap_dual,3,0.38194932382131347,50.0,,0.0,,0.5,100,4.5095153167196145e-09,4.5095153167196145e-09,1.0,1.0,,,,,,
q,overlap_dual,3,0.38194932382131347,50.0,,0.0,,0.5,500,9.848782678290036e-09,8.879053936539094e-09,1.0,1.0,,,,,,
q,overlap_dual,4,0.37101257772393886,50.0,,0.0,,0.5,100,4.192118874257744e-09,3.678338411639004e-09,1.0,1.0,,,,,,
q,overlap_dual,4,0.37101257772393886,50.0,,0.0,,0.5,500,5.890675947028967e-09,5.3852324821690445e-09,1.0,1.0,,,,,,
q,overlap_dual,5,0.3651686992655145,50.0,,0.0,,0.5,100,3.991383668022763e-09,3.991383668022763e-09,1.0,1.0,,,,,,
q,overlap_dual,5,0.3651686992655145,50.0,,0.0,,0.5,500,7.391794953903741e-09,7.391794953903741e-09,1.0,1.0,,,,,,
q,overlap_dual,6,0.3629220146144902,50.0,,0.0,,0.5,100,3.8237786270656215e-09,3.6929403979257813e-09,1.0,1.0,,,,,,
q,overlap_dual,6,0.3629220146144902,50.0,,0.0,,0.5,500,1.0033745168058772e-08,1.0033745168058772e-08,1.0,1.0,,,,,,
q,overlap_dual,7,0.37257710677754813,50.0,,0.0,,0.5,100,4.121680108326586e-09,4.0858860739234615e-09,1.0,1.0,,,,,,
q,overlap_dual,7,0.37257710677754813,50.0,,0.0,,0.5,500,7.009790081724532e-09,6.0809044466481055e-09,1.0,1.0,,,,,,
q,overlap_dual,8,0.39589164653558817,50.0,,0.0,,0.5,100,5.204388253687853e-09,5.065021291272842e-09,1.0,1.0,,,,,,
q,overlap_dual,8,0.39589164653558817,50.0,,0.0,,0.5,500,8.559178032996329e-09,7.016661918157752e-09,1.0,1.0,,,,,,
q,overlap_dual,9,0.3874220041077212,50.0,,0.0,,0.5,100,3.857366204229606e-09,3.857366204229606e-09,1.0,1.0,,,,,,
q,overlap_dual,9,0.3874220041077212,50.0,,0.0,,0.5,500,9.956324209525746e-09,9.667976641480891e-09,1.0,1.0,,,,,,
q,overlap_dual,10,0.4079000885205849,50.0,,0.0,,0.5,100,4.519197016605858e-09,4.519197016605858e-09,1.0,1.0,,,,,,
q,overlap_dual,10,0.4079000885205849,50.0,,0.0,,0.5,500,8.144614538352357e-09,8.021240782696282e-09,1.0,1.0,,,,,,
q,overlap_dual,11,0.3930309155773696,50.0,,0.0,,0.5,100,3.761840616789414e-09,3.53069551373153e-09,1.0,1.0,,,,,,
q,overlap_dual,11,0.3930309155773696,50.0,,0.0,,0.5,500,6.935317209411096e-09,6.745902947358218e-09,1.0,1.0,,,,,,
q,overlap_dual,12,0.38009497916430235,50.0,,0.0,,0.5,100,4.657112473438474e-09,4.657112473438474e-09,1.0,1.0,,,,,,
q,overlap_dual,12,0.38009497916430235,50.0,,0.0,,0.5,500,7.439919347262958e-09,6.833380528092903e-09,1.0,1.0,,,,,,
q,overlap_dual,13,0.41491071898549386,50.0,,0.0,,0.5,100,4.6322816693589175e-09,4.549292720312792e-09,1.0,1.0,,,,,,
q,overlap_dual,13,0.41491071898549386,50.0,,0.0,,0.5,500,4.92625074066666e-09,3.2771723113000917e-09,1.0,1.0,,,,,,
q,overlap_dual,14,0.33228803280301505,50.0,,0.0,,0.5,100,5.095108945862847e-09,5.0218408320645835e-09,1.0,1.0,,,,,,
q,overlap_dual,14,0.33228803280301505,50.0,,0.0,,0.5,500,8.60959925574889e-09,8.132233997315552e-09,1.0,1.0,,,,,,
q,overlap_dual,15,0.3739780323104254,50.0,,0.0,,0.5,100,4.5206279830622975e-09,4.5206279830622975e-09,1.0,1.0,,,,,,
q,overlap_dual,15,0.3739780323104254,50.0,,0.0,,0.5,500,7.266085066959249e-09,4.660501540243445e-09,1.0,1.0,,,,,,
q,overlap_dual,16,0.3235564588898249,50.0,,0.0,,0.5,100,4.64093763419271e-09,4.564431721476581e-09,1.0,1.0,,,,,,
q,overlap_dual,16,0.3235564588898249,50.0,,0.0,,0.5,500,7.144774993861347e-09,5.450514706240028e-09,1.0,1.0,,,,,,
q,overlap_dual,17,0.34011942971019843,50.0,,0.0,,0.5,100,4.399640429753049e-09,4.349555160487739e-09,1.0,1.0,,,,,,
q,overlap_dual,17,0.34011942971019843,50.0,,0.0,,0.5,500,1.1231034102721082e-08,1.1231034102721082e-08,1.0,1.0,,,,,,
q,overlap_dual,18,0.36530862947077997,50.0,,0.0,,0.5,100,3.5834480938135016e-09,3.5751576143994157e-09,1.0,1.0,,,,,,
q,overlap_dual,18,0.36530862947077997,50.0,,0.0,,0.5,500,9.149912383321634e-09,8.441491949895408e-09,1.0,1.0,,,,,,
q,overlap_dual,19,0.3715613542211524,50.0,,0.0,,0.5,100,4.145236043306966e-09,3.71976405233454e-09,1.0,1.0,,,,,,
q,overlap_dual,19,0.3715613542211524,50.0,,0.0,,0.5,500,8.706312448758524e-09,8.706312448758524e-09,1.0,1.0,,,,,,
q,overlap_dual,0,0.0,50.0,,1e-05,,0.0,100,0.002970552109121005,0.0029630113099008426,1.0,1.0,,,,,,
q,overlap_dual,0,0.0,50.0,,1e-05,,0.0,500,0.004656055481925492,0.0018799610329525152,1.0,1.0,,,,,,
q,overlap_dual,1,0.0,50.0,,1e-05,,0.0,100,0.0019756051954329945,0.0018787573229958054,1.0,1.0,,,,,,
q,overlap_dual,1,0.0,50.0,,1e-05,,0.0,500,0.003303580111468918,0.0029403428796577202,1.0,1.0,,,,,,
q,overlap_dual,2,0.0,50.0,,1e-05,,0.0,100,0.002559608107416955,0.0024111270517146455,1.0,1.0,,,,,,
q,overlap_dual,2,0.0,50.0,,1e-05,,0.0,500,0.003947572533028243,0.0022652976341155373,1.0,1.0,,,,,,
q,overlap_dual,3,0.0,50.0,,1e-05,,0.0,100,0.0030101632243967336,0.0017287503156950823,1.0,1.0,,,,,,
q,overlap_dual,3,0.0,50.0,,1e-05,,0.0,500,0.0030101632243967336,0.001531394848269585,1.0,1.0,,,,,,
q,overlap_dual,4,0.0,50.0,,1e-05,,0.0,100,0.0029416274650977403,0.0027114176844638127,1.0,1.0,,,,,,
q,overlap_dual,4,0.0,50.0,,1e-05,,0.0,500,0.0032738583323830284,0.002143338056561639,1.0,1.0,,,,,,
q,overlap_dual,5,0.0,50.0,,1e-05,,0.0,100,0.0025499811999230015,0.002276812498582359,1.0,1.0,,,,,,
q,overlap_dual,5,0.0,50.0,,1e-05,,0.0,500,0.003181282014040665,0.0022173784616557057,1.0,1.0,,,,,,
q,overlap_dual,6,0.0,50.0,,1e-05,,0.0,100,0.0029953160932032485,0.002166452715927303,1.0,1.0,,,,,,
q,overlap_dual,6,0.0,50.0,,1e-05,,0.0,500,0.003465221385297923,0.00310650700176196,1.0,1.0,,,,,,
q,overlap_dual,7,0.0,50.0,,1e-05,,0.0,100,0.0017672321355848286,0.0012803277370956323,1.0,1.0,,,,,,
q,overlap_dual,7,0.0,50.0,,1e-05,,0.0,500,0.0036652388401863245,0.002677267451154597,1.0,1.0,,,,,,
q,overlap_dual,8,0.0,50.0,,1e-05,,0.0,100,0.0030110220818629907,0.0030110220818629907,1.0,1.0,,,,,,
q,overlap_dual,8,0.0,50.0,,1e-05,,0.0,500,0.0033440582973128796,0.001937813439376157,1.0,1.0,,,,,,
q,overlap_dual,9,0.0,50.0,,1e-05,,0.0,100,0.002352748250653125,0.002352748250653125,1.0,1.0,,,,,,
q,overlap_dual,9,0.0,50.0,,1e-05,,0.0,500,0.0034933344706211678,0.0033200087901024133,1.0,1.0,,,,,,
q,overlap_dual,10,0.0,50.0,,1e-05,,0.0,100,0.0034936618008033493,0.0026639847363112423,1.0,1.0,,,,,,
q,overlap_dual,10,0.0,50.0,,1e-05,,0.0,500,0.005448632442171419,0.00358310573823184,1.0,1.0,,,,,,
q,overlap_dual,11,0.0,50.0,,1e-05,,0.0,100,0.002752670549269476,0.0023768402367998487,1.0,1.0,,,,,,
q,overlap_dual,11,0.0,50.0,,1e-05,,0.0,500,0.003990389532699812,0.003990389532699812,1.0,1.0,,,,,,
q,overlap_dual,12,0.0,50.0,,1e-05,,0.0,100,0.0035738404802680424,0.002000749768582888,1.0,1.0,,,,,,
q,overlap_dual,12,0.0,50.0,,1e-05,,0.0,500,0.0035738404802680424,0.0020389325924745627,1.0,1.0,,,,,,
q,overlap_dual,13,0.0,50.0,,1e-05,,0.0,100,0.0017141479364106704,0.0013074387473217541,1.0,1.0,,,,,,
q,overlap_dual,13,0.0,50.0,,1e-05,,0.0,500,0.0025283556850643762,0.0014512558527617347,1.0,1.0,,,,,,
q,overlap_dual,14,0.0,50.0,,1e-05,,0.0,100,0.002953546685014574,0.002411882927600917,1.0,1.0,,,,,,
q,overlap_dual,14,0.0,50.0,,1e-05,,0.0,500,0.0036357768144857916,0.0017293135412865812,1.0,1.0,,,,,,
q,overlap_dual,15,0.0,50.0,,1e-05,,0.0,100,0.0017920063639892958,0.001451622146616649,1.0,1.0,,,,,,
q,overlap_dual,15,0.0,50.0,,1e-05,,0.0,500,0.0034781625501629776,0.001892695449546844,1.0,1.0,,,,,,
q,overlap_dual,16,0.0,50.0,,1e-05,,0.0,100,0.00344682462900181,0.00344682462900181,1.0,1.0,,,,,,
q,overlap_dual,16,0.0,50.0,,1e-05,,0.0,500,0.0039020577458401817,0.0021357495548122996,1.0,1.0,,,,,,
q,overlap_dual,17,0.0,50.0,,1e-05,,0.0,100,0.0016900237859114042,0.0016263684938685463,1.0,1.0,,,,,,
q,overlap_dual,17,0.0,50.0,,1e-05,,0.0,500,0.0032443388572138687,0.003138173013279344,1.0,1.0,,,,,,
q,overlap_dual,18,0.0,50.0,,1e-05,,0.0,100,0.0021764899458339426,0.0020294935881087772,1.0,1.0,,,,,,
q,overlap_dual,18,0.0,50.0,,1e-05,,0.0,500,0.004666955002654127,0.002425587469002899,1.0,1.0,,,,,,
q,overlap_dual,19,0.0,50.0,,1e-05,,0.0,100,0.0019654104411437334,0.0014364589707522857,1.0,1.0,,,,,,
q,overlap_dual,19,0.0,50.0,,1e-05,,0.0,500,0.003069461432903875,0.0024310872624440094,1.0,1.0,,,,,,
q,overlap_dual,4,0.007420251554478778,50.0,,1e-05,,0.01,100,0.002941590366889013,0.0027220350203960297,1.0,1.0,,,,,,
q,overlap_dual,4,0.007420251554478778,50.0,,1e-05,,0.01,500,0.0032816832719242406,0.0021418222058162684,1.0,1.0,,,,,,
q,overlap_dual,5,0.007303373985310291,50.0,,1e-05,,0.01,100,0.0025417007812592596,0.002264163123600449,1.0,1.0,,,,,,
q,overlap_dual,5,0.007303373985310291,50.0,,1e-05,,0.01,500,0.0031619639254754084,0.0022201253283260503,1.0,1.0,,,,,,
q,overlap_dual,6,0.007258440292289803,50.0,,1e-05,,0.01,100,0.003007598860199634,0.0021725864656181315,1.0,1.0,,,,,,
q,overlap_dual,6,0.007258440292289803,50.0,,1e-05,,0.01,500,0.0034745368623050332,0.003109400806510898,1.0,1.0,,,,,,
q,overlap_dual,7,0.007451542135550962,50.0,,1e-05,,0.01,100,0.0017647918814863162,0.001281577545729995,1.0,1.0,,,,,,
q,overlap_dual,7,0.007451542135550962,50.0,,1e-05,,0.01,500,0.0036562659622396687,0.0026777527897492437,1.0,1.0,,,,,,
q,overlap_dual,0,0.007149915929460159,50.0,,1e-05,,0.01,100,0.0029853527153744785,0.0029779761695067908,1.0,1.0,,,,,,
q,overlap_dual,0,0.007149915929460159,50.0,,1e-05,,0.01,500,0.004658091893451566,0.0018723533527226222,1.0,1.0,,,,,,
q,overlap_dual,1,0.0076474998535643384,50.0,,1e-05,,0.01,100,0.001980147157422618,0.0018960318022765987,1.0,1.0,,,,,,
q,overlap_dual,1,0.0076474998535643384,50.0,,1e-05,,0.01,500,0.0032938984318855447,0.0029300818947852747,1.0,1.0,,,,,,
q,overlap_dual,2,0.007243030366964207,50.0,,1e-05,,0.01,100,0.0025570156998223625,0.0024203274760693505,1.0,1.0,,,,,,
q,overlap_dual,2,0.007243030366964207,50.0,,1e-05,,0.01,500,0.003953683284745102,0.0022631086511681886,1.0,1.0,,,,,,
q,overlap_dual,3,0.00763898647642627,50.0,,1e-05,,0.01,100,0.0030146268995382974,0.0017230342562558343,1.0,1.0,,,,,,
q,overlap_dual,3,0.00763898647642627,50.0,,1e-05,,0.01,500,0.0030146268995382974,0.0015372407557951995,1.0,1.0,,,,,,
q,overlap_dual,8,0.007917832930711764,50.0,,1e-05,,0.01,100,0.003009995144913735,0.003009995144913735,1.0,1.0,,,,,,
q,overlap_dual,8,0.007917832930711764,50.0,,1e-05,,0.01,500,0.0033466236839581054,0.0019376003840143596,1.0,1.0,,,,,,
q,overlap_dual,9,0.007748440082154424,50.0,,1e-05,,0.01,100,0.0023706846721013863,0.0023706846721013863,1.0,1.0,,,,,,
q,overlap_dual,9,0.007748440082154424,50.0,,1e-05,,0.01,500,0.003482502450206759,0.003302800305382547,1.0,1.0,,,,,,
q,overlap_dual,10,0.008158001770411698,50.0,,1e-05,,0.01,100,0.003494866570358246,0.0026571900081473476,1.0,1.0,,,,,,
q,overlap_dual,10,0.008158001770411698,50.0,,1e-05,,0.01,500,0.00544571826502982,0.0035753316909055144,1.0,1.0,,,,,,
q,overlap_dual,11,0.007860618311547392,50.0,,1e-05,,0.01,100,0.002749094236474958,0.0023862013312383468,1.0,1.0,,,,,,
q,overlap_dual,11,0.007860618311547392,50.0,,1e-05,,0.01,500,0.004006193297680483,0.004006193297680483,1.0,1.0,,,,,,
q,overlap_dual,0,0.021449747788380477,50.0,,1e-05,,0.03,100,0.0030156520227890837,0.0030085939366093495,1.0,1.0,,,,,,
q,overlap_dual,0,0.021449747788380477,50.0,,1e-05,,0.03,500,0.004664126569745353,0.0018582757563810892,1.0,1.0,,,,,,
q,overlap_dual,1,0.02294249956069301,50.0,,1e-05,,0.03,100,0.0019899128061517946,0.001930697795889058,1.0,1.0,,,,,,
q,overlap_dual,1,0.02294249956069301,50.0,,1e-05,,0.03,500,0.0032786169169503054,0.0029112204265491215,1.0,1.0,,,,,,
q,overlap_dual,2,0.02172909110089262,50.0,,1e-05,,0.03,100,0.0025530667670771168,0.0024391603263321793,1.0,1.0,,,,,,
q,overlap_dual,2,0.02172909110089262,50.0,,1e-05,,0.03,500,0.003967087595698304,0.0022597252395673006,1.0,1.0,,,,,,
q,overlap_dual,3,0.022916959429278815,50.0,,1e-05,,0.03,100,0.0030246935210161974,0.0017125958952355913,1.0,1.0,,,,,,
q,overlap_dual,3,0.022916959429278815,50.0,,1e-05,,0.03,500,0.0030246935210161974,0.0015492601112239157,1.0,1.0,,,,,,
q,overlap_dual,16,0.006471129177796499,50.0,,1e-05,,0.01,100,0.0034528490582312887,0.0034528490582312887,1.0,1.0,,,,,,
q,overlap_dual,16,0.006471129177796499,50.0,,1e-05,,0.01,500,0.00389284149555591,0.0021431597096662758,1.0,1.0,,,,,,
q,overlap_dual,17,0.0068023885942039685,50.0,,1e-05,,0.01,100,0.0016883845672533426,0.001624840335007427,1.0,1.0,,,,,,
q,overlap_dual,17,0.0068023885942039685,50.0,,1e-05,,0.01,500,0.0032419362482483116,0.003136567449730565,1.0,1.0,,,,,,
q,overlap_dual,18,0.0073061725894156,50.0,,1e-05,,0.01,100,0.0021874551964073397,0.002036360542680582,1.0,1.0,,,,,,
q,overlap_dual,18,0.0073061725894156,50.0,,1e-05,,0.01,500,0.004689889248887802,0.0024122175943714907,1.0,1.0,,,,,,
q,overlap_dual,19,0.0074312270844230505,50.0,,1e-05,,0.01,100,0.0019508875055931352,0.0014476120779893797,1.0,1.0,,,,,,
q,overlap_dual,19,0.0074312270844230505,50.0,,1e-05,,0.01,500,0.0030632760296822603,0.0024256273678615603,1.0,1.0,,,,,,
q,overlap_dual,12,0.0076018995832860484,50.0,,1e-05,,0.01,100,0.0035647671928490943,0.001991342355719905,1.0,1.0,,,,,,
q,overlap_dual,12,0.0076018995832860484,50.0,,1e-05,,0.01,500,0.0035647671928490943,0.0020333780930408274,1.0,1.0,,,,,,
q,overlap_dual,13,0.008298214379709878,50.0,,1e-05,,0.01,100,0.0017257832923944783,0.0013179074151101755,1.0,1.0,,,,,,
q,overlap_dual,13,0.008298214379709878,50.0,,1e-05,,0.01,500,0.0025255740617056155,0.0014475324248461874,1.0,1.0,,,,,,
q,overlap_dual,14,0.006645760656060303,50.0,,1e-05,,0.01,100,0.0029664330104168246,0.002411857048668975,1.0,1.0,,,,,,
q,overlap_dual,14,0.006645760656060303,50.0,,1e-05,,0.01,500,0.0036344724728771816,0.0017303596958790912,1.0,1.0,,,,,,
q,overlap_dual,15,0.007479560646208507,50.0,,1e-05,,0.01,100,0.0017994090851791156,0.0014528491854380876,1.0,1.0,,,,,,
q,overlap_dual,15,0.007479560646208507,50.0,,1e-05,,0.01,500,0.003476157636917332,0.0018991585251360021,1.0,1.0,,,,,,
q,overlap_dual,4,0.022260754663436334,50.0,,1e-05,,0.03,100,0.0029428098992649865,0.0027440254529389474,1.0,1.0,,,,,,
q,overlap_dual,4,0.022260754663436334,50.0,,1e-05,,0.03,500,0.003298450432247968,0.0021396597864278277,1.0,1.0,,,,,,
q,overlap_dual,5,0.02191012195593087,50.0,,1e-05,,0.03,100,0.002526599927239581,0.002240383510456967,1.0,1.0,,,,,,
q,overlap_dual,5,0.02191012195593087,50.0,,1e-05,,0.03,500,0.0031255178032096875,0.002226481011377901,1.0,1.0,,,,,,
q,overlap_dual,6,0.021775320876869408,50.0,,1e-05,,0.03,100,0.0030330467009591633,0.0021856079496529457,1.0,1.0,,,,,,
q,overlap_dual,6,0.021775320876869408,50.0,,1e-05,,0.03,500,0.0034943841780021856,0.003116479512595749,1.0,1.0,,,,,,
q,overlap_dual,7,0.02235462640665288,50.0,,1e-05,,0.03,100,0.001760782525215221,0.0012845818451747704,1.0,1.0,,,,,,
q,overlap_dual,7,0.02235462640665288,50.0,,1e-05,,0.03,500,0.0036403063441921013,0.0026798837377717266,1.0,1.0,,,,,,
q,overlap_dual,8,0.023753498792135293,50.0,,1e-05,,0.03,100,0.0030092950915194816,0.0030092950915194816,1.0,1.0,,,,,,
q,overlap_dual,8,0.023753498792135293,50.0,,1e-05,,0.03,500,0.0033531083350751834,0.0019380358159044597,1.0,1.0,,,,,,
q,overlap_dual,9,0.02324532024646327,50.0,,1e-05,,0.03,100,0.002406855609075109,0.002406855609075109,1.0,1.0,,,,,,
q,overlap_dual,9,0.02324532024646327,50.0,,1e-05,,0.03,500,0.0034628170612209797,0.0032705472908749478,1.0,1.0,,,,,,
q,overlap_dual,10,0.024474005311235093,50.0,,1e-05,,0.03,100,0.0034987534675979814,0.0026450421485234576,1.0,1.0,,,,,,
q,overlap_dual,10,0.024474005311235093,50.0,,1e-05,,0.03,500,0.005442397247805264,0.003561672877269828,1.0,1.0,,,,,,
q,overlap_dual,11,0.023581854934642175,50.0,,1e-05,,0.03,100,0.002743297427686142,0.002405583827407076,1.0,1.0,,,,,,
q,overlap_dual,11,0.023581854934642175,50.0,,1e-05,,0.03,500,0.004038894881239763,0.004038894881239763,1.0,1.0,,,,,,
q,overlap_dual,12,0.022805698749858144,50.0,,1e-05,,0.03,100,0.0035485851949156877,0.001973793434807025,1.0,1.0,,,,,,
q,overlap_dual,12,0.022805698749858144,50.0,,1e-05,,0.03,500,0.0035485851949156877,0.002023394014958324,1.0,1.0,,,,,,
q,overlap_dual,13,0.024894643139129636,50.0,,1e-05,,0.03,100,0.0017493307137610437,0.0013389906306500166,1.0,1.0,,,,,,
q,overlap_dual,13,0.024894643139129636,50.0,,1e-05,,0.03,500,0.002521234973638986,0.001440876184565676,1.0,1.0,,,,,,
q,overlap_dual,14,0.019937281968180908,50.0,,1e-05,,0.03,100,0.002992974445458818,0.0024128658920126167,1.0,1.0,,,,,,
q,overlap_dual,14,0.019937281968180908,50.0,,1e-05,,0.03,500,0.0036335142239425355,0.0017331705078246218,1.0,1.0,,,,,,
q,overlap_dual,15,0.022438681938625523,50.0,,1e-05,,0.03,100,0.0018146981933898076,0.0014558906490514945,1.0,1.0,,,,,,
q,overlap_dual,15,0.022438681938625523,50.0,,1e-05,,0.03,500,0.0034737432668447976,0.001912670399368821,1.0,1.0,,,,,,
q,overlap_dual,16,0.019413387533389493,50.0,,1e-05,,0.03,100,0.003466164009822137,0.003466164009822137,1.0,1.0,,,,,,
q,overlap_dual,16,0.019413387533389493,50.0,,1e-05,,0.03,500,0.0038765001129066334,0.00215861408884932,1.0,1.0,,,,,,
q,overlap_dual,17,0.0204071657826119,50.0,,1e-05,,0.03,100,0.001685915746426403,0.0016225611181147903,1.0,1.0,,,,,,
q,overlap_dual,17,0.0204071657826119,50.0,,1e-05,,0.03,500,0.0032386541593427687,0.003134800362663226,1.0,1.0,,,,,,
q,overlap_dual,18,0.021918517768246798,50.0,,1e-05,,0.03,100,0.0022098921733197663,0.0020507044440368216,1.0,1.0,,,,,,
q,overlap_dual,18,0.021918517768246798,50.0,,1e-05,,0.03,500,0.004736867187791205,0.0023871079057919964,1.0,1.0,,,,,,
q,overlap_dual,19,0.022293681253269144,50.0,,1e-05,,0.03,100,0.0019233001983364195,0.0014700921013336976,1.0,1.0,,,,,,
q,overlap_dual,19,0.022293681253269144,50.0,,1e-05,,0.03,500,0.0030525066885154217,0.002415998287122356,1.0,1.0,,,,,,
q,overlap_dual,0,0.0714991592946016,50.0,,1e-05,,0.1,100,0.0031296655686543495,0.003123634967141742,1.0,1.0,,,,,,
q,overlap_dual,0,0.0714991592946016,50.0,,1e-05,,0.1,500,0.004704746042889507,0.0018196703688949656,1.0,1.0,,,,,,
q,overlap_dual,1,0.07647499853564337,50.0,,1e-05,,0.1,100,0.002054451962559156,0.002054451962559156,1.0,1.0,,,,,,
q,overlap_dual,1,0.07647499853564337,50.0,,1e-05,,0.1,500,0.0032939734961456857,0.002860843862738882,1.0,1.0,,,,,,
q,overlap_dual,2,0.07243030366964208,50.0,,1e-05,,0.1,100,0.00255127447951653,0.002509982930234411,1.0,0.9894736842105263,,,,,,
q,overlap_dual,2,0.07243030366964208,50.0,,1e-05,,0.1,500,0.004026087741431317,0.0022575278818497413,1.0,0.997979797979798,,,,,,
q,overlap_dual,3,0.0763898647642627,50.0,,1e-05,,0.1,100,0.003071500973827135,0.001685452165436807,1.0,1.0,,,,,,
q,overlap_dual,3,0.0763898647642627,50.0,,1e-05,,0.1,500,0.003071500973827135,0.0016498730829677122,1.0,1.0,,,,,,
q,overlap_dual,8,0.07917832930711764,50.0,,1e-05,,0.1,100,0.003020228500134281,0.003020228500134281,1.0,1.0,,,,,,
q,overlap_dual,8,0.07917832930711764,50.0,,1e-05,,0.1,500,0.0033894475900848597,0.0019479981522851908,1.0,1.0,,,,,,
q,overlap_dual,9,0.07748440082154424,50.0,,1e-05,,0.1,100,0.0025389813566210617,0.0025376931111897316,1.0,1.0,,,,,,
q,overlap_dual,9,0.07748440082154424,50.0,,1e-05,,0.1,500,0.0034126812355517178,0.003177786315161635,1.0,1.0,,,,,,
q,overlap_dual,10,0.08158001770411699,50.0,,1e-05,,0.1,100,0.0035269626161218426,0.002616194117824655,1.0,1.0,,,,,,
q,overlap_dual,10,0.08158001770411699,50.0,,1e-05,,0.1,500,0.005455251725846377,0.003603815002793276,1.0,1.0,,,,,,
q,overlap_dual,11,0.07860618311547392,50.0,,1e-05,,0.1,100,0.0027361303693225203,0.002480628164163834,1.0,1.0,,,,,,
q,overlap_dual,11,0.07860618311547392,50.0,,1e-05,,0.1,500,0.004165310765323671,0.004165310765323671,1.0,1.0,,,,,,
q,overlap_dual,12,0.0760189958328605,50.0,,1e-05,,0.1,100,0.0035107416335727892,0.0019241819003307237,1.0,1.0,,,,,,
q,overlap_dual,12,0.0760189958328605,50.0,,1e-05,,0.1,500,0.0035107416335727892,0.0019991520472526503,1.0,1.0,,,,,,
q,overlap_dual,13,0.0829821437970988,50.0,,1e-05,,0.1,100,0.0018353469252712085,0.0014150048165830764,1.0,1.0,,,,,,
q,overlap_dual,13,0.0829821437970988,50.0,,1e-05,,0.1,500,0.0025178695810952334,0.0014349714830901306,1.0,1.0,,,,,,
q,overlap_dual,14,0.06645760656060302,50.0,,1e-05,,0.1,100,0.003094404253109917,0.0024268650333233444,1.0,1.0,,,,,,
q,overlap_dual,14,0.06645760656060302,50.0,,1e-05,,0.1,500,0.0036463570695023373,0.0017501777291608622,1.0,1.0,,,,,,
q,overlap_dual,15,0.07479560646208509,50.0,,1e-05,,0.1,100,0.0018735122584980224,0.0014724484226792955,1.0,1.0,,,,,,
q,overlap_dual,15,0.07479560646208509,50.0,,1e-05,,0.1,500,0.003480874732257222,0.001966233458068123,1.0,1.0,,,,,,
q,overlap_dual,0,0.1429983185892032,50.0,,1e-05,,0.2,100,0.0033181034482345773,0.003313378882257023,1.0,1.0,,,,,,
q,overlap_dual,0,0.1429983185892032,50.0,,1e-05,,0.2,500,0.004812992580390141,0.0017888417270619517,1.0,1.0,,,,,,
q,overlap_dual,1,0.15294999707128673,50.0,,1e-05,,0.2,100,0.002243631920693989,0.002243631920693989,1.0,1.0,,,,,,
q,overlap_dual,1,0.15294999707128673,50.0,,1e-05,,0.2,500,0.0033522831571572986,0.0028248606400906873,1.0,1.0,,,,,,
q,overlap_dual,2,0.14486060733928416,50.0,,1e-05,,0.2,100,0.0026287857596746234,0.0026287857596746234,1.0,0.9894736842105263,,,,,,
q,overlap_dual,2,0.14486060733928416,50.0,,1e-05,,0.2,500,0.004145481551594665,0.0022787469118263903,1.0,0.997979797979798,,,,,,
q,overlap_dual,3,0.1527797295285254,50.0,,1e-05,,0.2,100,0.003168638528715517,0.001668401814372139,1.0,1.0,,,,,,
q,overlap_dual,3,0.1527797295285254,50.0,,1e-05,,0.2,500,0.003168638528715517,0.0018711911917561608,1.0,1.0,,,,,,
q,overlap_dual,4,0.0742025155447878,50.0,,1e-05,,0.1,100,0.002959846890533413,0.002829232006544946,1.0,1.0,,,,,,
q,overlap_dual,4,0.0742025155447878,50.0,,1e-05,,0.1,500,0.003368739460023029,0.0021405613596625628,1.0,1.0,,,,,,
q,overlap_dual,5,0.07303373985310291,50.0,,1e-05,,0.1,100,0.002487552173756291,0.002171223441319814,1.0,1.0,,,,,,
q,overlap_dual,5,0.07303373985310291,50.0,,1e-05,,0.1,500,0.0030181592850184735,0.002257438365022013,1.0,1.0,,,,,,
q,overlap_dual,6,0.07258440292289806,50.0,,1e-05,,0.1,100,0.0031317473815357655,0.0022390931725555507,1.0,1.0,,,,,,
q,overlap_dual,6,0.07258440292289806,50.0,,1e-05,,0.1,500,0.003576548557338466,0.0031542173373435567,1.0,1.0,,,,,,
q,overlap_dual,7,0.07451542135550963,50.0,,1e-05,,0.1,100,0.0017551776119111295,0.0013001796964524637,1.0,1.0,,,,,,
q,overlap_dual,7,0.07451542135550963,50.0,,1e-05,,0.1,500,0.0036033844425051864,0.0026988233383113958,1.0,1.0,,,,,,
q,overlap_dual,16,0.06471129177796499,50.0,,1e-05,,0.1,100,0.0035257083162667513,0.0035257083162667513,1.0,1.0,,,,,,
q,overlap_dual,16,0.06471129177796499,50.0,,1e-05,,0.1,500,0.003839272633515911,0.0022195090909181703,1.0,1.0,,,,,,
q,overlap_dual,17,0.06802388594203969,50.0,,1e-05,,0.1,100,0.0016851469500911709,0.0016221431015005505,1.0,1.0,,,,,,
q,overlap_dual,17,0.06802388594203969,50.0,,1e-05,,0.1,500,0.0032420242100466012,0.003142457309643687,1.0,1.0,,,,,,
q,overlap_dual,18,0.073061725894156,50.0,,1e-05,,0.1,100,0.0023750488191767727,0.002107433757057464,1.0,1.0,,,,,,
q,overlap_dual,18,0.073061725894156,50.0,,1e-05,,0.1,500,0.004913926661779255,0.002314333389060952,1.0,1.0,,,,,,
q,overlap_dual,19,0.0743122708442305,50.0,,1e-05,,0.1,100,0.0018400745773885507,0.0015513074969490392,1.0,1.0,,,,,,
q,overlap_dual,19,0.0743122708442305,50.0,,1e-05,,0.1,500,0.003030168435991243,0.0023946366841292033,1.0,1.0,,,,,,
q,overlap_dual,4,0.1484050310895756,50.0,,1e-05,,0.2,100,0.003016580407493308,0.00297570496781141,1.0,1.0,,,,,,
q,overlap_dual,4,0.1484050310895756,50.0,,1e-05,,0.2,500,0.0035014317031514253,0.0021627996275550565,1.0,1.0,,,,,,
q,overlap_dual,5,0.14606747970620582,50.0,,1e-05,,0.2,100,0.002463824326278008,0.0021035693683522094,1.0,1.0,,,,,,
q,overlap_dual,5,0.14606747970620582,50.0,,1e-05,,0.2,500,0.002926913713455992,0.0023241476639275227,1.0,1.0,,,,,,
q,overlap_dual,6,0.1451688058457961,50.0,,1e-05,,0.2,100,0.003299238237222779,0.0023358422382204758,1.0,1.0,,,,,,
q,overlap_dual,6,0.1451688058457961,50.0,,1e-05,,0.2,500,0.0037286703474364025,0.0032415565972014893,1.0,1.0,,,,,,
q,overlap_dual,7,0.14903084271101927,50.0,,1e-05,,0.2,100,0.0017677925338482336,0.0013359180910081925,1.0,1.0,,,,,,
q,overlap_dual,7,0.14903084271101927,50.0,,1e-05,,0.2,500,0.0035953633017193898,0.002755096193897355,1.0,1.0,,,,,,
q,overlap_dual,8,0.15835665861423528,50.0,,1e-05,,0.2,100,0.00306948808821339,0.00306948808821339,1.0,1.0,,,,,,
q,overlap_dual,8,0.15835665861423528,50.0,,1e-05,,0.2,500,0.0034769584326775904,0.001983538323315326,1.0,1.0,,,,,,
q,overlap_dual,9,0.1549688016430885,50.0,,1e-05,,0.2,100,0.002745228787379983,0.00274186982729413,0.9982486865148862,1.0,,,,,,
q,overlap_dual,9,0.1549688016430885,50.0,,1e-05,,0.2,500,0.003384734823223212,0.003090098744776393,0.9996634129922585,1.0,,,,,,
q,overlap_dual,10,0.16316003540823398,50.0,,1e-05,,0.2,100,0.003604938546680869,0.002607386672440204,1.0,1.0,,,,,,
q,overlap_dual,10,0.16316003540823398,50.0,,1e-05,,0.2,500,0.005534872661214774,0.0038600132022887923,1.0,1.0,,,,,,
q,overlap_dual,11,0.15721236623094784,50.0,,1e-05,,0.2,100,0.0027578736835975337,0.002609369283619545,1.0,1.0,,,,,,
q,overlap_dual,11,0.15721236623094784,50.0,,1e-05,,0.2,500,0.004382012887520048,0.004382012887520048,1.0,1.0,,,,,,
q,overlap_dual,12,0.152037991665721,50.0,,1e-05,,0.2,100,0.003500987697089397,0.001879878409164315,1.0,1.0,,,,,,
q,overlap_dual,12,0.152037991665721,50.0,,1e-05,,0.2,500,0.003500987697089397,0.0019896689135414647,1.0,1.0,,,,,,
q,overlap_dual,13,0.1659642875941976,50.0,,1e-05,,0.2,100,0.001971586803916514,0.001533038664745634,1.0,1.0,,,,,,
q,overlap_dual,13,0.1659642875941976,50.0,,1e-05,,0.2,500,0.0026326196837103133,0.0014661009612197962,1.0,1.0,,,,,,
q,overlap_dual,14,0.13291521312120605,50.0,,1e-05,,0.2,100,0.0032656287093459357,0.0024734193756071887,1.0,1.0,,,,,,
q,overlap_dual,14,0.13291521312120605,50.0,,1e-05,,0.2,500,0.0037053530836899107,0.0017930593483946877,1.0,1.0,,,,,,
q,overlap_dual,15,0.14959121292417019,50.0,,1e-05,,0.2,100,0.0019728886121819222,0.0015115256093813367,1.0,1.0,,,,,,
q,overlap_dual,15,0.14959121292417019,50.0,,1e-05,,0.2,500,0.0035298809561907785,0.0020610087882058092,1.0,1.0,,,,,,
q,overlap_dual,16,0.12942258355592998,50.0,,1e-05,,0.2,100,0.0036457884699943044,0.0036457884699943044,1.0,1.0,,,,,,
q,overlap_dual,16,0.12942258355592998,50.0,,1e-05,,0.2,500,0.003833481551768436,0.0023264580554714087,1.0,1.0,,,,,,
q,overlap_dual,17,0.13604777188407938,50.0,,1e-05,,0.2,100,0.0017034399280820844,0.0016401832957894658,1.0,1.0,,,,,,
q,overlap_dual,17,0.13604777188407938,50.0,,1e-05,,0.2,500,0.003283597734389243,0.0031885736656520614,1.0,1.0,,,,,,
q,overlap_dual,18,0.146123451788312,50.0,,1e-05,,0.2,100,0.002629665954907656,0.002207320387869527,1.0,1.0,,,,,,
q,overlap_dual,18,0.146123451788312,50.0,,1e-05,,0.2,500,0.005207424895487867,0.0022437302225442046,1.0,1.0,,,,,,
q,overlap_dual,19,0.148624541688461,50.0,,1e-05,,0.2,100,0.0019169709225750897,0.001677789057470458,1.0,1.0,,,,,,
q,overlap_dual,19,0.148624541688461,50.0,,1e-05,,0.2,500,0.003034999344359246,0.0023934728103942593,1.0,1.0,,,,,,
q,overlap_dual,0,0.21449747788380477,50.0,,1e-05,,0.3,100,0.003545909857966878,0.0035423930358562394,1.0,1.0,,,,,,
q,overlap_dual,0,0.21449747788380477,50.0,,1e-05,,0.3,500,0.004982773023522569,0.0018208506112882272,1.0,1.0,,,,,,
q,overlap_dual,1,0.22942499560693014,50.0,,1e-05,,0.3,100,0.00245776847638679,0.00245776847638679,1.0,1.0,,,,,,
q,overlap_dual,1,0.22942499560693014,50.0,,1e-05,,0.3,500,0.003571005599874999,0.002898633091075631,1.0,1.0,,,,,,
q,overlap_dual,2,0.21729091100892622,50.0,,1e-05,,0.3,100,0.0027825113306279015,0.0027825113306279015,1.0,0.9894736842105263,,,,,,
q,overlap_dual,2,0.21729091100892622,50.0,,1e-05,,0.3,500,0.00432069220549236,0.0023309661487729283,1.0,0.997979797979798,,,,,,
q,overlap_dual,3,0.2291695942927881,50.0,,1e-05,,0.3,100,0.0033057143958933333,0.0016741859251680757,1.0,1.0,,,,,,
q,overlap_dual,3,0.2291695942927881,50.0,,1e-05,,0.3,500,0.0033057143958933333,0.0021123782580110273,1.0,1.0,,,,,,
q,overlap_dual,4,0.22260754663436333,50.0,,1e-05,,0.3,100,0.003189920159386239,0.0031580864798326225,1.0,1.0,,,,,,
q,overlap_dual,4,0.22260754663436333,50.0,,1e-05,,0.3,500,0.0036774436950941514,0.0022093001014353852,1.0,1.0,,,,,,
q,overlap_dual,5,0.21910121955930872,50.0,,1e-05,,0.3,100,0.0024737889916379707,0.002065972126670035,1.0,1.0,,,,,,
q,overlap_dual,5,0.21910121955930872,50.0,,1e-05,,0.3,500,0.003021761180650895,0.00242017295278818,1.0,1.0,,,,,,
q,overlap_dual,6,0.2177532087686941,50.0,,1e-05,,0.3,100,0.0035070467298219388,0.0024609365319130383,1.0,1.0,,,,,,
q,overlap_dual,6,0.2177532087686941,50.0,,1e-05,,0.3,500,0.003929096838481971,0.003370802526926342,1.0,1.0,,,,,,
q,overlap_dual,7,0.22354626406652878,50.0,,1e-05,,0.3,100,0.0018037381394916951,0.0013886302576568976,1.0,1.0,,,,,,
q,overlap_dual,7,0.22354626406652878,50.0,,1e-05,,0.3,500,0.003635592202603233,0.002846647071615971,1.0,1.0,,,,,,
q,overlap_dual,8,0.23753498792135286,50.0,,1e-05,,0.3,100,0.0031585245925247474,0.0031585245925247474,1.0,1.0,,,,,,
q,overlap_dual,8,0.23753498792135286,50.0,,1e-05,,0.3,500,0.0036114506332503016,0.0020445442536511926,1.0,1.0,,,,,,
q,overlap_dual,9,0.2324532024646327,50.0,,1e-05,,0.3,100,0.0029827012427297017,0.002977282149012994,0.9982486865148862,1.0,,,,,,
q,overlap_dual,9,0.2324532024646327,50.0,,1e-05,,0.3,500,0.0034028486941792835,0.0030461294105186276,0.9996634129922585,1.0,,,,,,
q,overlap_dual,10,0.24474005311235095,50.0,,1e-05,,0.3,100,0.0037295228095145516,0.0026341477783240475,1.0,1.0,,,,,,
q,overlap_dual,10,0.24474005311235095,50.0,,1e-05,,0.3,500,0.005687013157527954,0.004161459424691705,1.0,1.0,,,,,,
q,overlap_dual,11,0.23581854934642174,50.0,,1e-05,,0.3,100,0.002855675423154791,0.002769516553222884,1.0,1.0,,,,,,
q,overlap_dual,11,0.23581854934642174,50.0,,1e-05,,0.3,500,0.004651262059490069,0.004651262059490069,1.0,1.0,,,,,,
q,overlap_dual,12,0.22805698749858141,50.0,,1e-05,,0.3,100,0.003537861074185411,0.001861905970178046,1.0,1.0,,,,,,
q,overlap_dual,12,0.22805698749858141,50.0,,1e-05,,0.3,500,0.003537861074185411,0.002007028786362053,1.0,1.0,,,,,,
q,overlap_dual,13,0.24894643139129632,50.0,,1e-05,,0.3,100,0.002130669447163225,0.001668531273472107,1.0,1.0,,,,,,
q,overlap_dual,13,0.24894643139129632,50.0,,1e-05,,0.3,500,0.002823423326359986,0.0015160720028295493,1.0,1.0,,,,,,
q,overlap_dual,14,0.19937281968180906,50.0,,1e-05,,0.3,100,0.003476018848034168,0.002551811902106571,1.0,1.0,,,,,,
q,overlap_dual,14,0.19937281968180906,50.0,,1e-05,,0.3,500,0.003812436859868651,0.0019137923054453054,1.0,1.0,,,,,,
q,overlap_dual,15,0.2243868193862552,50.0,,1e-05,,0.3,100,0.0020968132254360894,0.0015696547518008752,1.0,1.0,,,,,,
q,overlap_dual,15,0.2243868193862552,50.0,,1e-05,,0.3,500,0.0036245354016113396,0.0021813155677292695,1.0,1.0,,,,,,
q,overlap_dual,16,0.1941338753338949,50.0,,1e-05,,0.3,100,0.0038114868370660027,0.0038114868370660027,1.0,1.0,,,,,,
q,overlap_dual,16,0.1941338753338949,50.0,,1e-05,,0.3,500,0.0038792735494066477,0.0024617089091265587,1.0,1.0,,,,,,
q,overlap_dual,17,0.204071657826119,50.0,,1e-05,,0.3,100,0.0017440477495736795,0.0016796982171373709,1.0,1.0,,,,,,
q,overlap_dual,17,0.204071657826119,50.0,,1e-05,,0.3,500,0.0033680080261588863,0.0032761256197029187,1.0,1.0,,,,,,
q,overlap_dual,18,0.21918517768246798,50.0,,1e-05,,0.3,100,0.002912884233422286,0.0023339056022690374,1.0,1.0,,,,,,
q,overlap_dual,18,0.21918517768246798,50.0,,1e-05,,0.3,500,0.005562921250211739,0.002205425090779478,1.0,1.0,,,,,,
q,overlap_dual,19,0.2229368125326915,50.0,,1e-05,,0.3,100,0.002052528255677255,0.001823340684239505,1.0,1.0,,,,,,
q,overlap_dual,19,0.2229368125326915,50.0,,1e-05,,0.3,500,0.0030803238658090315,0.0024243575212075097,1.0,1.0,,,,,,
q,overlap_dual,0,0.35749579647300794,50.0,,1e-05,,0.5,100,0.0041929654241852354,0.0041919051787358,1.0,1.0,,,,,,
q,overlap_dual,0,0.35749579647300794,50.0,,1e-05,,0.5,500,0.005708136040750933,0.0020450620289822474,1.0,1.0,,,,,,
q,overlap_dual,1,0.38237499267821684,50.0,,1e-05,,0.5,100,0.0030278110135625314,0.0030278110135625314,1.0,1.0,,,,,,
q,overlap_dual,1,0.38237499267821684,50.0,,1e-05,,0.5,500,0.004217610438915109,0.0031889665228463926,1.0,1.0,,,,,,
q,overlap_dual,2,0.36215151834821036,50.0,,1e-05,,0.5,100,0.003256874716332736,0.003256874716332736,1.0,0.9894736842105263,,,,,,
q,overlap_dual,2,0.36215151834821036,50.0,,1e-05,,0.5,500,0.004912824661204018,0.0025530174267913708,1.0,0.997979797979798,,,,,,
q,overlap_dual,3,0.38194932382131347,50.0,,1e-05,,0.5,100,0.003747833313724247,0.0018731676830223698,1.0,1.0,,,,,,
q,overlap_dual,3,0.38194932382131347,50.0,,1e-05,,0.5,500,0.003747833313724247,0.0027329411591860975,1.0,1.0,,,,,,
q,overlap_dual,4,0.37101257772393886,50.0,,1e-05,,0.5,100,0.0037305011538898425,0.0036898665847803214,1.0,1.0,,,,,,
q,overlap_dual,4,0.37101257772393886,50.0,,1e-05,,0.5,500,0.004218541925291586,0.0023825813634710258,1.0,1.0,,,,,,
q,overlap_dual,5,0.3651686992655145,50.0,,1e-05,,0.5,100,0.002605456297410824,0.0022865133226008805,1.0,0.9893617021276596,,,,,,
q,overlap_dual,5,0.3651686992655145,50.0,,1e-05,,0.5,500,0.003744868195717288,0.0027391320204155356,1.0,0.9979757085020243,,,,,,
q,overlap_dual,6,0.3629220146144902,50.0,,1e-05,,0.5,100,0.00410912875632552,0.0028386230345536223,1.0,1.0,,,,,,
q,overlap_dual,6,0.3629220146144902,50.0,,1e-05,,0.5,500,0.004540034991597164,0.003800248176297094,1.0,1.0,,,,,,
q,overlap_dual,7,0.37257710677754813,50.0,,1e-05,,0.5,100,0.0021145112808611533,0.0015631452820070724,1.0,1.0,,,,,,
q,overlap_dual,7,0.37257710677754813,50.0,,1e-05,,0.5,500,0.0038811878862030635,0.0031685363349163165,1.0,1.0,,,,,,
q,overlap_dual,8,0.39589164653558817,50.0,,1e-05,,0.5,100,0.0034887964210367217,0.0034887964210367217,1.0,1.0,,,,,,
q,overlap_dual,8,0.39589164653558817,50.0,,1e-05,,0.5,500,0.0040615455932899724,0.002265209487424258,1.0,1.0,,,,,,
q,overlap_dual,9,0.3874220041077212,50.0,,1e-05,,0.5,100,0.00362614583534443,0.0036160381025139854,0.9982486865148862,1.0,,,,,,
q,overlap_dual,9,0.3874220041077212,50.0,,1e-05,,0.5,500,0.00362614583534443,0.0030839407558349574,0.9996634129922585,1.0,,,,,,
q,overlap_dual,10,0.4079000885205849,50.0,,1e-05,,0.5,100,0.004162262624846869,0.002807810432803537,1.0,1.0,,,,,,
q,overlap_dual,10,0.4079000885205849,50.0,,1e-05,,0.5,500,0.006265047965960946,0.0049955045188403435,1.0,1.0,,,,,,
q,overlap_dual,11,0.3930309155773696,50.0,,1e-05,,0.5,100,0.003293102870816522,0.003236605266586201,1.0,1.0,,,,,,
q,overlap_dual,11,0.3930309155773696,50.0,,1e-05,,0.5,500,0.005435088748932948,0.005435088748932948,1.0,1.0,,,,,,
q,overlap_dual,12,0.38009497916430235,50.0,,1e-05,,0.5,100,0.0037694209561582315,0.0019041143716842512,1.0,1.0,,,,,,
q,overlap_dual,12,0.38009497916430235,50.0,,1e-05,,0.5,500,0.0037694209561582315,0.002274649209698998,1.0,1.0,,,,,,
q,overlap_dual,13,0.41491071898549386,50.0,,1e-05,,0.5,100,0.002567947897695877,0.0020346565981166354,1.0,1.0,,,,,,
q,overlap_dual,13,0.41491071898549386,50.0,,1e-05,,0.5,500,0.003358852416372571,0.0019343585123507978,1.0,1.0,,,,,,
q,overlap_dual,14,0.33228803280301505,50.0,,1e-05,,0.5,100,0.004082108035870113,0.0029360697258678514,1.0,1.0,,,,,,
q,overlap_dual,14,0.33228803280301505,50.0,,1e-05,,0.5,500,0.00421655919191849,0.002358119820685012,1.0,1.0,,,,,,
q,overlap_dual,15,0.3739780323104254,50.0,,1e-05,,0.5,100,0.0024561289428193245,0.001763781786382479,1.0,1.0,,,,,,
q,overlap_dual,15,0.3739780323104254,50.0,,1e-05,,0.5,500,0.003985815986498276,0.0025384208364886973,1.0,1.0,,,,,,
q,overlap_dual,16,0.3235564588898249,50.0,,1e-05,,0.5,100,0.004336040608039049,0.004336040608039049,1.0,1.0,,,,,,
q,overlap_dual,16,0.3235564588898249,50.0,,1e-05,,0.5,500,0.004367222258414127,0.002861533055368376,1.0,1.0,,,,,,
q,overlap_dual,17,0.34011942971019843,50.0,,1e-05,,0.5,100,0.0019079374612776534,0.001838417847881857,1.0,1.0,,,,,,
q,overlap_dual,17,0.34011942971019843,50.0,,1e-05,,0.5,500,0.0038330657437686266,0.0036083475728596603,1.0,1.0,,,,,,
q,overlap_dual,18,0.36530862947077997,50.0,,1e-05,,0.5,100,0.003652051524265898,0.002906725063702875,1.0,1.0,,,,,,
q,overlap_dual,18,0.36530862947077997,50.0,,1e-05,,0.5,500,0.006573954972525664,0.00222048079763848,1.0,1.0,,,,,,
q,overlap_dual,19,0.3715613542211524,50.0,,1e-05,,0.5,100,0.002435051803904409,0.00221795658614099,1.0,1.0,,,,,,
q,overlap_dual,19,0.3715613542211524,50.0,,1e-05,,0.5,500,0.0033126785089234723,0.0025968474282578313,1.0,1.0,,,,,,
q,overlap_dual,0,0.0,50.0,,0.0001,,0.0,100,0.029705637417394293,0.029630229244941964,1.0,1.0,,,,,,
q,overlap_dual,0,0.0,50.0,,0.0001,,0.0,500,0.047848551405521356,0.025033686611728445,1.0,1.0,,,,,,
q,overlap_dual,1,0.0,50.0,,0.0001,,0.0,100,0.019755859943156984,0.01878753320115334,1.0,1.0,,,,,,
q,overlap_dual,1,0.0,50.0,,0.0001,,0.0,500,0.03303582773345415,0.02782107375114462,1.0,1.0,,,,,,
q,overlap_dual,2,0.0,50.0,,0.0001,,0.0,100,0.025595613787240956,0.024317106096319763,0.972318339100346,0.968421052631579,,,,,,
q,overlap_dual,2,0.0,50.0,,0.0001,,0.0,500,0.03575250367186422,0.022692752100452962,0.9946272666218939,0.9939393939393939,,,,,,
q,overlap_dual,3,0.0,50.0,,0.0001,,0.0,100,0.03113413628309125,0.017328980974020414,1.0,0.978494623655914,,,,,,
q,overlap_dual,3,0.0,50.0,,0.0001,,0.0,500,0.03113413628309125,0.015989583047983924,1.0,0.9959432048681541,,,,,,
q,overlap_dual,8,0.0,50.0,,0.0001,,0.0,100,0.02986267225822825,0.02986267225822825,1.0,0.9891304347826086,,,,,,
q,overlap_dual,8,0.0,50.0,,0.0001,,0.0,500,0.03320112735922198,0.01953967868570139,1.0,0.9979674796747967,,,,,,
q,overlap_dual,9,0.0,50.0,,0.0001,,0.0,100,0.023318984604290993,0.023318984604290993,0.9982486865148862,0.978494623655914,,,,,,
q,overlap_dual,9,0.0,50.0,,0.0001,,0.0,500,0.035347657638705066,0.03363008198990558,0.9996634129922585,0.9959432048681541,,,,,,
q,overlap_dual,10,0.0,50.0,,0.0001,,0.0,100,0.034210156947255266,0.026108632671417276,1.0,1.0,,,,,,
q,overlap_dual,10,0.0,50.0,,0.0001,,0.0,500,0.05247688446837717,0.03536135171331445,1.0,1.0,,,,,,
q,overlap_dual,11,0.0,50.0,,0.0001,,0.0,100,0.027526695909275867,0.02376838862384445,1.0,1.0,,,,,,
q,overlap_dual,11,0.0,50.0,,0.0001,,0.0,500,0.038402636057939254,0.038402636057939254,1.0,1.0,,,,,,
q,overlap_dual,4,0.0,50.0,,0.0001,,0.0,100,0.027461254660130052,0.026546350235485794,1.0,1.0,,,,,,
q,overlap_dual,4,0.0,50.0,,0.0001,,0.0,500,0.031220348463764314,0.017256035370635248,1.0,1.0,,,,,,
q,overlap_dual,5,0.0,50.0,,0.0001,,0.0,100,0.025500980352891056,0.02276944878372933,1.0,0.9787234042553191,,,,,,
q,overlap_dual,5,0.0,50.0,,0.0001,,0.0,500,0.031815412736379445,0.0217359287560126,1.0,0.9959514170040485,,,,,,
q,overlap_dual,6,0.0,50.0,,0.0001,,0.0,100,0.028910151805712436,0.020890920183050943,1.0,1.0,,,,,,
q,overlap_dual,6,0.0,50.0,,0.0001,,0.0,500,0.03526706985504324,0.03166280953481815,1.0,1.0,,,,,,
q,overlap_dual,7,0.0,50.0,,0.0001,,0.0,100,0.01767243213597558,0.012953957853858,1.0,0.9893617021276596,,,,,,
q,overlap_dual,7,0.0,50.0,,0.0001,,0.0,500,0.03645693869650746,0.0264499374787579,1.0,0.9979757085020243,,,,,,
q,overlap_dual,12,0.0,50.0,,0.0001,,0.0,100,0.035735896790274946,0.019998949615211148,1.0,1.0,,,,,,
q,overlap_dual,12,0.0,50.0,,0.0001,,0.0,500,0.035735896790274946,0.020318812846388035,1.0,1.0,,,,,,
q,overlap_dual,13,0.0,50.0,,0.0001,,0.0,100,0.017140590340797957,0.013073508851323856,1.0,1.0,,,,,,
q,overlap_dual,13,0.0,50.0,,0.0001,,0.0,500,0.022549724305990004,0.015401267153630771,1.0,1.0,,,,,,
q,overlap_dual,14,0.0,50.0,,0.0001,,0.0,100,0.029535800367294807,0.024118741934537613,1.0,1.0,,,,,,
q,overlap_dual,14,0.0,50.0,,0.0001,,0.0,500,0.0370817976167499,0.01863937142724159,0.9986513823331086,0.997979797979798,,,,,,
q,overlap_dual,15,0.0,50.0,,0.0001,,0.0,100,0.01801793194365975,0.013515173225306931,1.0,0.9894736842105263,,,,,,
q,overlap_dual,15,0.0,50.0,,0.0001,,0.0,500,0.03422158860022284,0.017916637638026423,1.0,0.9959595959595959,,,,,,
q,overlap_dual,16,0.0,50.0,,0.0001,,0.0,100,0.03480313292543835,0.03480313292543835,1.0,0.9893617021276596,,,,,,
q,overlap_dual,16,0.0,50.0,,0.0001,,0.0,500,0.04091075492648599,0.021266570362621834,1.0,0.9979757085020243,,,,,,
q,overlap_dual,17,0.0,50.0,,0.0001,,0.0,100,0.016902076525234205,0.016265523862290812,1.0,1.0,,,,,,
q,overlap_dual,17,0.0,50.0,,0.0001,,0.0,500,0.032776894397916756,0.031662626019751006,1.0,1.0,,,,,,
q,overlap_dual,18,0.0,50.0,,0.0001,,0.0,100,0.02079900287531755,0.020456631315772744,1.0,0.978494623655914,,,,,,
q,overlap_dual,18,0.0,50.0,,0.0001,,0.0,500,0.04660167984761321,0.02480911226460014,1.0,0.9959432048681541,,,,,,
q,overlap_dual,19,0.0,50.0,,0.0001,,0.0,100,0.019654920315978153,0.014364443455978204,1.0,1.0,,,,,,
q,overlap_dual,19,0.0,50.0,,0.0001,,0.0,500,0.029528576818791397,0.021625848676598336,1.0,1.0,,,,,,
q,overlap_dual,4,0.007420251554478778,50.0,,0.0001,,0.01,100,0.027488212100542198,0.026660462449480837,1.0,1.0,,,,,,
q,overlap_dual,4,0.007420251554478778,50.0,,0.0001,,0.01,500,0.031118096263713202,0.017254775812452383,1.0,1.0,,,,,,
q,overlap_dual,5,0.007303373985310291,50.0,,0.0001,,0.01,100,0.025418087883003704,0.022642856788995802,1.0,0.9787234042553191,,,,,,
q,overlap_dual,5,0.007303373985310291,50.0,,0.0001,,0.01,500,0.031622050588173245,0.02176392479104261,1.0,0.9959514170040485,,,,,,
q,overlap_dual,6,0.007258440292289803,50.0,,0.0001,,0.01,100,0.029025187364608795,0.020946470219346258,1.0,1.0,,,,,,
q,overlap_dual,6,0.007258440292289803,50.0,,0.0001,,0.01,500,0.035352620869873785,0.03167755037450659,1.0,1.0,,,,,,
q,overlap_dual,7,0.007451542135550962,50.0,,0.0001,,0.01,100,0.01764801774865138,0.01296612835778288,1.0,0.9893617021276596,,,,,,
q,overlap_dual,7,0.007451542135550962,50.0,,0.0001,,0.01,500,0.03636772681270495,0.026465210056187072,1.0,0.9979757085020243,,,,,,
q,overlap_dual,0,0.007149915929460159,50.0,,0.0001,,0.01,100,0.029853648044859682,0.02977988240593188,1.0,1.0,,,,,,
q,overlap_dual,0,0.007149915929460159,50.0,,0.0001,,0.01,500,0.047861377926332604,0.02500787570832852,1.0,1.0,,,,,,
q,overlap_dual,1,0.0076474998535643384,50.0,,0.0001,,0.01,100,0.019801268199140187,0.018960274683559653,1.0,1.0,,,,,,
q,overlap_dual,1,0.0076474998535643384,50.0,,0.0001,,0.01,500,0.03293900934037319,0.027804253736707807,1.0,1.0,,,,,,
q,overlap_dual,2,0.007243030366964207,50.0,,0.0001,,0.01,100,0.02556959739143061,0.02441238552572178,0.972318339100346,0.968421052631579,,,,,,
q,overlap_dual,2,0.007243030366964207,50.0,,0.0001,,0.01,500,0.03578719573862421,0.02267061119443703,0.9946272666218939,0.9939393939393939,,,,,,
q,overlap_dual,3,0.00763898647642627,50.0,,0.0001,,0.01,100,0.031173191157299662,0.017271701829497943,1.0,0.978494623655914,,,,,,
q,overlap_dual,3,0.00763898647642627,50.0,,0.0001,,0.01,500,0.031173191157299662,0.01603425977605255,1.0,0.9959432048681541,,,,,,
q,overlap_dual,8,0.007917832930711764,50.0,,0.0001,,0.01,100,0.029852274701433812,0.029852274701433812,1.0,0.9891304347826086,,,,,,
q,overlap_dual,8,0.007917832930711764,50.0,,0.0001,,0.01,500,0.03322669935759226,0.0195399824102358,1.0,0.9979674796747967,,,,,,
q,overlap_dual,9,0.007748440082154424,50.0,,0.0001,,0.01,100,0.023499263499421386,0.023499263499421386,0.9982486865148862,0.978494623655914,,,,,,
q,overlap_dual,9,0.007748440082154424,50.0,,0.0001,,0.01,500,0.035250503533849065,0.03346956713093863,0.9996634129922585,0.9959432048681541,,,,,,
q,overlap_dual,10,0.008158001770411698,50.0,,0.0001,,0.01,100,0.034217573723749006,0.026037321866844376,1.0,1.0,,,,,,
q,overlap_dual,10,0.008158001770411698,50.0,,0.0001,,0.01,500,0.05243481111520176,0.03528162206709906,1.0,1.0,,,,,,
q,overlap_dual,11,0.007860618311547392,50.0,,0.0001,,0.01,100,0.027490932509306176,0.023861998381181415,1.0,1.0,,,,,,
q,overlap_dual,11,0.007860618311547392,50.0,,0.0001,,0.01,500,0.03859586136904758,0.03859586136904758,1.0,1.0,,,,,,
q,overlap_dual,16,0.006471129177796499,50.0,,0.0001,,0.01,100,0.03486352201341747,0.03486352201341747,1.0,0.9893617021276596,,,,,,
q,overlap_dual,16,0.006471129177796499,50.0,,0.0001,,0.01,500,0.04083138132424402,0.02134644218590462,1.0,0.9979757085020243,,,,,,
q,overlap_dual,17,0.0068023885942039685,50.0,,0.0001,,0.01,100,0.016885721886797406,0.016250279821823477,1.0,1.0,,,,,,
q,overlap_dual,17,0.0068023885942039685,50.0,,0.0001,,0.01,500,0.03275430327403095,0.03164783630976742,1.0,1.0,,,,,,
q,overlap_dual,18,0.0073061725894156,50.0,,0.0001,,0.01,100,0.020931520854632846,0.020525898523507002,1.0,0.978494623655914,,,,,,
q,overlap_dual,18,0.0073061725894156,50.0,,0.0001,,0.01,500,0.04682934205680822,0.02469005690676429,1.0,0.9959432048681541,,,,,,
q,overlap_dual,19,0.0074312270844230505,50.0,,0.0001,,0.01,100,0.01950954836973462,0.014476011651719245,1.0,1.0,,,,,,
q,overlap_dual,19,0.0074312270844230505,50.0,,0.0001,,0.01,500,0.029476956621536043,0.021611234112134836,1.0,1.0,,,,,,
q,overlap_dual,12,0.0076018995832860484,50.0,,0.0001,,0.01,100,0.035644716822906986,0.019904617930083635,1.0,1.0,,,,,,
q,overlap_dual,12,0.0076018995832860484,50.0,,0.0001,,0.01,500,0.035644716822906986,0.020277951891891632,1.0,1.0,,,,,,
q,overlap_dual,13,0.008298214379709878,50.0,,0.0001,,0.01,100,0.01725689002692876,0.013178142194151699,1.0,1.0,,,,,,
q,overlap_dual,13,0.008298214379709878,50.0,,0.0001,,0.01,500,0.022517193859366458,0.015372196275446282,1.0,1.0,,,,,,
q,overlap_dual,14,0.006645760656060303,50.0,,0.0001,,0.01,100,0.02966468162406749,0.024118479042182117,1.0,1.0,,,,,,
q,overlap_dual,14,0.006645760656060303,50.0,,0.0001,,0.01,500,0.03706466545856868,0.018638988909701726,0.9986513823331086,0.997979797979798,,,,,,
q,overlap_dual,15,0.007479560646208507,50.0,,0.0001,,0.01,100,0.018065795473881485,0.013481430940952943,1.0,0.9894736842105263,,,,,,
q,overlap_dual,15,0.007479560646208507,50.0,,0.0001,,0.01,500,0.0341846328308959,0.01797758679721717,1.0,0.9959595959595959,,,,,,
q,overlap_dual,0,0.021449747788380477,50.0,,0.0001,,0.03,100,0.030156649624637266,0.030086068582590997,1.0,1.0,,,,,,
q,overlap_dual,0,0.021449747788380477,50.0,,0.0001,,0.03,500,0.04790904143634567,0.024954752413765657,1.0,1.0,,,,,,
q,overlap_dual,1,0.02294249956069301,50.0,,0.0001,,0.03,100,0.01989890117273818,0.01930692797675393,1.0,1.0,,,,,,
q,overlap_dual,1,0.02294249956069301,50.0,,0.0001,,0.03,500,0.032786176427952896,0.0277835244232425,1.0,1.0,,,,,,
q,overlap_dual,2,0.02172909110089262,50.0,,0.0001,,0.03,100,0.02552987478504276,0.024609746329429805,0.972318339100346,0.968421052631579,,,,,,
q,overlap_dual,2,0.02172909110089262,50.0,,0.0001,,0.03,500,0.03587064502824577,0.02263713193839778,0.9946272666218939,0.9939393939393939,,,,,,
q,overlap_dual,3,0.022916959429278815,50.0,,0.0001,,0.03,100,0.03126321467992571,0.01716709345083564,1.0,0.978494623655914,,,,,,
q,overlap_dual,3,0.022916959429278815,50.0,,0.0001,,0.03,500,0.03126321467992571,0.01643368329485151,1.0,0.9959432048681541,,,,,,
q,overlap_dual,4,0.022260754663436334,50.0,,0.0001,,0.03,100,0.027552493883547857,0.026895497647565048,1.0,1.0,,,,,,
q,overlap_dual,4,0.022260754663436334,50.0,,0.0001,,0.03,500,0.03093079195310633,0.017259455770917143,1.0,1.0,,,,,,
q,overlap_dual,5,0.02191012195593087,50.0,,0.0001,,0.03,100,0.02526690149885591,0.02240486290833421,1.0,0.9787234042553191,,,,,,
q,overlap_dual,5,0.02191012195593087,50.0,,0.0001,,0.03,500,0.0312572255003285,0.021828372547000985,1.0,0.9959514170040485,,,,,,
q,overlap_dual,6,0.021775320876869408,50.0,,0.0001,,0.03,100,0.029261684675747857,0.021063321021106862,1.0,1.0,,,,,,
q,overlap_dual,6,0.021775320876869408,50.0,,0.0001,,0.03,500,0.035535056975707136,0.03172026497446523,1.0,1.0,,,,,,
q,overlap_dual,7,0.02235462640665288,50.0,,0.0001,,0.03,100,0.017607905250687728,0.012995513968806716,1.0,0.9893617021276596,,,,,,
q,overlap_dual,7,0.02235462640665288,50.0,,0.0001,,0.03,500,0.036209164471706856,0.026506511330548266,1.0,0.9979757085020243,,,,,,
q,overlap_dual,8,0.023753498792135293,50.0,,0.0001,,0.03,100,0.029845007898635423,0.029845007898635423,1.0,0.9891304347826086,,,,,,
q,overlap_dual,8,0.023753498792135293,50.0,,0.0001,,0.03,500,0.033291368107177366,0.0195488537190589,1.0,0.9979674796747967,,,,,,
q,overlap_dual,9,0.02324532024646327,50.0,,0.0001,,0.03,100,0.02386281636316273,0.02386281636316273,0.9982486865148862,0.978494623655914,,,,,,
q,overlap_dual,9,0.02324532024646327,50.0,,0.0001,,0.03,500,0.035075639494459354,0.03316983465445644,0.9996634129922585,0.9959432048681541,,,,,,
q,overlap_dual,10,0.024474005311235093,50.0,,0.0001,,0.03,100,0.034247189507412346,0.025909213152354615,1.0,1.0,,,,,,
q,overlap_dual,10,0.024474005311235093,50.0,,0.0001,,0.03,500,0.052375710389767516,0.03513461001373308,1.0,1.0,,,,,,
q,overlap_dual,11,0.023581854934642175,50.0,,0.0001,,0.03,100,0.027432963805019084,0.024055820651852633,1.0,1.0,,,,,,
q,overlap_dual,11,0.023581854934642175,50.0,,0.0001,,0.03,500,0.03898928763731613,0.03898928763731613,1.0,1.0,,,,,,
q,overlap_dual,12,0.022805698749858144,50.0,,0.0001,,0.03,100,0.03548179143466723,0.019728584745395072,1.0,1.0,,,,,,
q,overlap_dual,12,0.022805698749858144,50.0,,0.0001,,0.03,500,0.03548179143466723,0.020207317191670793,1.0,1.0,,,,,,
q,overlap_dual,13,0.024894643139129636,50.0,,0.0001,,0.03,100,0.017492250517305408,0.01338886176355314,1.0,1.0,,,,,,
q,overlap_dual,13,0.024894643139129636,50.0,,0.0001,,0.03,500,0.02255994202874545,0.015322453262475166,1.0,1.0,,,,,,
q,overlap_dual,14,0.019937281968180908,50.0,,0.0001,,0.03,100,0.029930134209907477,0.02412855877511455,1.0,1.0,,,,,,
q,overlap_dual,14,0.019937281968180908,50.0,,0.0001,,0.03,500,0.037045788177537675,0.01864612693216272,0.9986513823331086,0.997979797979798,,,,,,
q,overlap_dual,15,0.022438681938625523,50.0,,0.0001,,0.03,100,0.018218675907383464,0.013421204711888901,1.0,0.9894736842105263,,,,,,
q,overlap_dual,15,0.022438681938625523,50.0,,0.0001,,0.03,500,0.03412526361277868,0.01810515069527252,1.0,0.9959595959595959,,,,,,
q,overlap_dual,16,0.019413387533389493,50.0,,0.0001,,0.03,100,0.034996886701677665,0.034996886701677665,1.0,0.9893617021276596,,,,,,
q,overlap_dual,16,0.019413387533389493,50.0,,0.0001,,0.03,500,0.04069518484203094,0.021507108646055456,1.0,0.9979757085020243,,,,,,
q,overlap_dual,17,0.0204071657826119,50.0,,0.0001,,0.03,100,0.016861108442928915,0.016227562417297905,1.0,1.0,,,,,,
q,overlap_dual,17,0.0204071657826119,50.0,,0.0001,,0.03,500,0.032725192729270436,0.0316330416826196,1.0,1.0,,,,,,
q,overlap_dual,18,0.021918517768246798,50.0,,0.0001,,0.03,100,0.021412392734207586,0.020670503306314203,1.0,0.978494623655914,,,,,,
q,overlap_dual,18,0.021918517768246798,50.0,,0.0001,,0.03,500,0.04729617723023072,0.024466970002479105,1.0,0.9959432048681541,,,,,,
q,overlap_dual,19,0.022293681253269144,50.0,,0.0001,,0.03,100,0.019233420267020906,0.01470087700415118,1.0,1.0,,,,,,
q,overlap_dual,19,0.022293681253269144,50.0,,0.0001,,0.03,500,0.029388380054154783,0.021589602655485818,1.0,1.0,,,,,,
q,overlap_dual,0,0.0714991592946016,50.0,,0.0001,,0.1,100,0.03129679764408411,0.031236491448707326,1.0,1.0,,,,,,
q,overlap_dual,0,0.0714991592946016,50.0,,0.0001,,0.1,500,0.04828232510370878,0.024679857344916734,1.0,1.0,,,,,,
q,overlap_dual,1,0.07647499853564337,50.0,,0.0001,,0.1,100,0.020544448264925075,0.020544448264925075,1.0,1.0,,,,,,
q,overlap_dual,1,0.07647499853564337,50.0,,0.0001,,0.1,500,0.032939735160364414,0.027837188555604353,1.0,1.0,,,,,,
q,overlap_dual,2,0.07243030366964208,50.0,,0.0001,,0.1,100,0.025510459560212917,0.025374650526581943,0.972318339100346,0.968421052631579,,,,,,
q,overlap_dual,2,0.07243030366964208,50.0,,0.0001,,0.1,500,0.036304111972515374,0.022616694968607742,0.9946272666218939,0.9939393939393939,,,,,,
q,overlap_dual,3,0.0763898647642627,50.0,,0.0001,,0.1,100,0.031698773826934645,0.01689498249244545,1.0,0.978494623655914,,,,,,
q,overlap_dual,3,0.0763898647642627,50.0,,0.0001,,0.1,500,0.031698773826934645,0.017835612088746622,1.0,0.9959432048681541,,,,,,
q,overlap_dual,8,0.07917832930711764,50.0,,0.0001,,0.1,100,0.029953252717492718,0.029953252717492718,1.0,0.9891304347826086,,,,,,
q,overlap_dual,8,0.07917832930711764,50.0,,0.0001,,0.1,500,0.03365394414492762,0.019661035285565287,1.0,0.9979674796747967,,,,,,
q,overlap_dual,9,0.07748440082154424,50.0,,0.0001,,0.1,100,0.025190732800051074,0.025177850276459912,0.9982486865148862,0.978494623655914,,,,,,
q,overlap_dual,9,0.07748440082154424,50.0,,0.0001,,0.1,500,0.03464868175082825,0.03231948261646789,0.9996634129922585,0.9959432048681541,,,,,,
q,overlap_dual,10,0.08158001770411699,50.0,,0.0001,,0.1,100,0.03449596877944183,0.025597153100482273,1.0,1.0,,,,,,
q,overlap_dual,10,0.08158001770411699,50.0,,0.0001,,0.1,500,0.05240829230786237,0.034732780083438275,1.0,1.0,,,,,,
q,overlap_dual,11,0.07860618311547392,50.0,,0.0001,,0.1,100,0.027361290258724746,0.024806251086238795,1.0,1.0,,,,,,
q,overlap_dual,11,0.07860618311547392,50.0,,0.0001,,0.1,500,0.04026807132374266,0.04026807132374266,1.0,1.0,,,,,,
q,overlap_dual,4,0.0742025155447878,50.0,,0.0001,,0.1,100,0.02804644007553525,0.027793731831122215,1.0,1.0,,,,,,
q,overlap_dual,4,0.0742025155447878,50.0,,0.0001,,0.1,500,0.030911712262027713,0.017347220923913165,1.0,1.0,,,,,,
q,overlap_dual,5,0.07303373985310291,50.0,,0.0001,,0.1,100,0.02487603251552173,0.021712798201535266,1.0,0.9787234042553191,,,,,,
q,overlap_dual,5,0.07303373985310291,50.0,,0.0001,,0.1,500,0.030182642198764542,0.02213968922274434,1.0,0.9959514170040485,,,,,,
q,overlap_dual,6,0.07258440292289806,50.0,,0.0001,,0.1,100,0.0301754754042991,0.02154405281514693,1.0,1.0,,,,,,
q,overlap_dual,6,0.07258440292289806,50.0,,0.0001,,0.1,500,0.03614454280376389,0.032011775679287924,1.0,1.0,,,,,,
q,overlap_dual,7,0.07451542135550963,50.0,,0.0001,,0.1,100,0.017551816702784773,0.013149120453061824,1.0,0.9893617021276596,,,,,,
q,overlap_dual,7,0.07451542135550963,50.0,,0.0001,,0.1,500,0.03584363297276494,0.026758308023729915,1.0,0.9979757085020243,,,,,,
q,overlap_dual,12,0.0760189958328605,50.0,,0.0001,,0.1,100,0.03509670626050876,0.019230219807596538,1.0,1.0,,,,,,
q,overlap_dual,12,0.0760189958328605,50.0,,0.0001,,0.1,500,0.03509670626050876,0.02008140178076223,1.0,1.0,,,,,,
q,overlap_dual,13,0.0829821437970988,50.0,,0.0001,,0.1,100,0.018351949586424388,0.014148545207324004,1.0,1.0,,,,,,
q,overlap_dual,13,0.0829821437970988,50.0,,0.0001,,0.1,500,0.023444555599591244,0.01522956981429524,1.0,1.0,,,,,,
q,overlap_dual,14,0.06645760656060302,50.0,,0.0001,,0.1,100,0.03094459367048874,0.024268513638163347,1.0,1.0,,,,,,
q,overlap_dual,14,0.06645760656060302,50.0,,0.0001,,0.1,500,0.03716350028657556,0.018777553071191888,0.9986513823331086,0.997979797979798,,,,,,
q,overlap_dual,15,0.07479560646208509,50.0,,0.0001,,0.1,100,0.018806772096079838,0.013279329161238917,1.0,0.9894736842105263,,,,,,
q,overlap_dual,15,0.07479560646208509,50.0,,0.0001,,0.1,500,0.03405815040689886,0.01861303104057188,1.0,0.9959595959595959,,,,,,
q,overlap_dual,16,0.06471129177796499,50.0,,0.0001,,0.1,100,0.03559234431648628,0.03559234431648628,1.0,0.9893617021276596,,,,,,
q,overlap_dual,16,0.06471129177796499,50.0,,0.0001,,0.1,500,0.04043528357195347,0.022084413807115733,1.0,0.9979757085020243,,,,,,
q,overlap_dual,17,0.06802388594203969,50.0,,0.0001,,0.1,100,0.016853666960517308,0.0162236287320964,1.0,1.0,,,,,,
q,overlap_dual,17,0.06802388594203969,50.0,,0.0001,,0.1,500,0.03290490836033788,0.03174016863584139,1.0,1.0,,,,,,
q,overlap_dual,18,0.073061725894156,50.0,,0.0001,,0.1,100,0.023109256844648984,0.021241629988956956,1.0,0.978494623655914,,,,,,
q,overlap_dual,18,0.073061725894156,50.0,,0.0001,,0.1,500,0.04906044388894948,0.023825737670102765,1.0,0.9959432048681541,,,,,,
q,overlap_dual,19,0.0743122708442305,50.0,,0.0001,,0.1,100,0.0184010661623647,0.01551301625648227,1.0,1.0,,,,,,
q,overlap_dual,19,0.0743122708442305,50.0,,0.0001,,0.1,500,0.02921947454796303,0.0215879217002779,1.0,1.0,,,,,,
q,overlap_dual,8,0.15835665861423528,50.0,,0.0001,,0.2,100,0.03044382263095291,0.03044382263095291,1.0,0.9891304347826086,,,,,,
q,overlap_dual,8,0.15835665861423528,50.0,,0.0001,,0.2,500,0.03452733713701195,0.020075440696893487,1.0,0.9979674796747967,,,,,,
q,overlap_dual,9,0.1549688016430885,50.0,,0.0001,,0.2,100,0.02726357474452945,0.027229985074393004,0.9982486865148862,0.978494623655914,,,,,,
q,overlap_dual,9,0.1549688016430885,50.0,,0.0001,,0.2,500,0.034473035408297825,0.03155072833305361,0.9996634129922585,0.9959432048681541,,,,,,
q,overlap_dual,10,0.16316003540823398,50.0,,0.0001,,0.2,100,0.03521095503829219,0.025460746179025606,1.0,1.0,,,,,,
q,overlap_dual,10,0.16316003540823398,50.0,,0.0001,,0.2,500,0.05304222690930627,0.03442636252450293,1.0,1.0,,,,,,
q,overlap_dual,11,0.15721236623094784,50.0,,0.0001,,0.2,100,0.0275787165166676,0.026093632225465457,1.0,1.0,,,,,,
q,overlap_dual,11,0.15721236623094784,50.0,,0.0001,,0.2,500,0.04241598089164267,0.04241598089164267,1.0,1.0,,,,,,
q,overlap_dual,0,0.1429983185892032,50.0,,0.0001,,0.2,100,0.03318106304987123,0.03313381720984654,1.0,1.0,,,,,,
q,overlap_dual,0,0.1429983185892032,50.0,,0.0001,,0.2,500,0.04939656488603417,0.024626019392050225,1.0,1.0,,,,,,
q,overlap_dual,1,0.15294999707128673,50.0,,0.0001,,0.2,100,0.022436242859121047,0.022436242859121047,1.0,1.0,,,,,,
q,overlap_dual,1,0.15294999707128673,50.0,,0.0001,,0.2,500,0.03352286957918782,0.028228131147047808,1.0,1.0,,,,,,
q,overlap_dual,2,0.14486060733928416,50.0,,0.0001,,0.2,100,0.02669027533206958,0.02669027533206958,0.972318339100346,0.968421052631579,,,,,,
q,overlap_dual,2,0.14486060733928416,50.0,,0.0001,,0.2,500,0.03729473469283673,0.02283435319860594,0.9946272666218939,0.9939393939393939,,,,,,
q,overlap_dual,3,0.1527797295285254,50.0,,0.0001,,0.2,100,0.03263375414078673,0.01672376203340059,1.0,0.978494623655914,,,,,,
q,overlap_dual,3,0.1527797295285254,50.0,,0.0001,,0.2,500,0.03263375414078673,0.019941198441871588,1.0,0.9959432048681541,,,,,,
q,overlap_dual,4,0.1484050310895756,50.0,,0.0001,,0.2,100,0.029594097520789453,0.029310055690541237,1.0,1.0,,,,,,
q,overlap_dual,4,0.1484050310895756,50.0,,0.0001,,0.2,500,0.031794948220357,0.017652648197483245,1.0,1.0,,,,,,
q,overlap_dual,5,0.14606747970620582,50.0,,0.0001,,0.2,100,0.024637784826373688,0.021035166326696997,1.0,0.9893617021276596,,,,,,
q,overlap_dual,5,0.14606747970620582,50.0,,0.0001,,0.2,500,0.02909003595890347,0.02280496833260348,1.0,0.9979757085020243,,,,,,
q,overlap_dual,6,0.1451688058457961,50.0,,0.0001,,0.2,100,0.03168191737099768,0.022386513601950764,1.0,1.0,,,,,,
q,overlap_dual,6,0.1451688058457961,50.0,,0.0001,,0.2,500,0.0371015115740434,0.03276215907356628,1.0,1.0,,,,,,
q,overlap_dual,7,0.14903084271101927,50.0,,0.0001,,0.2,100,0.01767793479695562,0.01350269837150253,1.0,0.9893617021276596,,,,,,
q,overlap_dual,7,0.14903084271101927,50.0,,0.0001,,0.2,500,0.03576925602302605,0.027394821523030854,1.0,0.9979757085020243,,,,,,
q,overlap_dual,16,0.12942258355592998,50.0,,0.0001,,0.2,100,0.0367875296426623,0.0367875296426623,1.0,0.9893617021276596,,,,,,
q,overlap_dual,16,0.12942258355592998,50.0,,0.0001,,0.2,500,0.040582909904157916,0.023088355026691154,1.0,0.9979757085020243,,,,,,
q,overlap_dual,17,0.13604777188407938,50.0,,0.0001,,0.2,100,0.01703692804408992,0.016404361978648696,1.0,1.0,,,,,,
q,overlap_dual,17,0.13604777188407938,50.0,,0.0001,,0.2,500,0.033514932420688925,0.0322416247651931,1.0,1.0,,,,,,
q,overlap_dual,18,0.146123451788312,50.0,,0.0001,,0.2,100,0.025658434113588036,0.022245568173904717,1.0,0.978494623655914,,,,,,
q,overlap_dual,18,0.146123451788312,50.0,,0.0001,,0.2,500,0.05199583074710912,0.02321937594570267,1.0,0.9959432048681541,,,,,,
q,overlap_dual,19,0.148624541688461,50.0,,0.0001,,0.2,100,0.019169687462368412,0.01677777810600828,1.0,1.0,,,,,,
q,overlap_dual,19,0.148624541688461,50.0,,0.0001,,0.2,500,0.029317151637646255,0.021752313432857218,1.0,1.0,,,,,,
q,overlap_dual,12,0.152037991665721,50.0,,0.0001,,0.2,100,0.03502720669946502,0.018785387423097155,1.0,1.0,,,,,,
q,overlap_dual,12,0.152037991665721,50.0,,0.0001,,0.2,500,0.03502720669946502,0.02015622463190425,1.0,1.0,,,,,,
q,overlap_dual,13,0.1659642875941976,50.0,,0.0001,,0.2,100,0.019715617011129227,0.01533013964087715,1.0,1.0,,,,,,
q,overlap_dual,13,0.1659642875941976,50.0,,0.0001,,0.2,500,0.024875988572222507,0.015293962049811372,1.0,1.0,,,,,,
q,overlap_dual,14,0.13291521312120605,50.0,,0.0001,,0.2,100,0.032657183887956076,0.024733979746551893,1.0,1.0,,,,,,
q,overlap_dual,14,0.13291521312120605,50.0,,0.0001,,0.2,500,0.037669801953902016,0.01915054435038177,0.9986513823331086,0.997979797979798,,,,,,
q,overlap_dual,15,0.14959121292417019,50.0,,0.0001,,0.2,100,0.019800445125615684,0.013233987219970988,1.0,0.9894736842105263,,,,,,
q,overlap_dual,15,0.14959121292417019,50.0,,0.0001,,0.2,500,0.034304994303419045,0.01953838743989933,1.0,0.9959595959595959,,,,,,
q,overlap_dual,0,0.21449747788380477,50.0,,0.0001,,0.3,100,0.03467236988467337,0.03463720148330607,1.0,0.9893617021276596,,,,,,
q,overlap_dual,0,0.21449747788380477,50.0,,0.0001,,0.3,500,0.05105390967068102,0.024837822362401063,1.0,0.9979757085020243,,,,,,
q,overlap_dual,1,0.22942499560693014,50.0,,0.0001,,0.3,100,0.024577668488741766,0.024577668488741766,1.0,1.0,,,,,,
q,overlap_dual,1,0.22942499560693014,50.0,,0.0001,,0.3,500,0.035710189581843244,0.028999891028209657,1.0,1.0,,,,,,
q,overlap_dual,2,0.21729091100892622,50.0,,0.0001,,0.3,100,0.028330330494000577,0.028330330494000577,0.972318339100346,0.968421052631579,,,,,,
q,overlap_dual,2,0.21729091100892622,50.0,,0.0001,,0.3,500,0.03875388002015545,0.023347818392345898,0.9946272666218939,0.9939393939393939,,,,,,
q,overlap_dual,3,0.2291695942927881,50.0,,0.0001,,0.3,100,0.0339768744692282,0.01678111021453088,1.0,0.978494623655914,,,,,,
q,overlap_dual,3,0.2291695942927881,50.0,,0.0001,,0.3,500,0.0339768744692282,0.02226874957985503,1.0,0.9959432048681541,,,,,,
q,overlap_dual,4,0.22260754663436333,50.0,,0.0001,,0.3,100,0.03149121805943944,0.031172880405052172,1.0,1.0,,,,,,
q,overlap_dual,4,0.22260754663436333,50.0,,0.0001,,0.3,500,0.03336644204429229,0.018173155622380754,1.0,1.0,,,,,,
q,overlap_dual,5,0.21910121955930872,50.0,,0.0001,,0.3,100,0.024735658641298786,0.020657202551528586,1.0,0.9893617021276596,,,,,,
q,overlap_dual,5,0.21910121955930872,50.0,,0.0001,,0.3,500,0.028983353506053744,0.023758706443222533,1.0,0.9979757085020243,,,,,,
q,overlap_dual,6,0.2177532087686941,50.0,,0.0001,,0.3,100,0.03352980061156541,0.023466796657841682,1.0,1.0,,,,,,
q,overlap_dual,6,0.2177532087686941,50.0,,0.0001,,0.3,500,0.03848883060510566,0.03393292190756325,1.0,1.0,,,,,,
q,overlap_dual,7,0.22354626406652878,50.0,,0.0001,,0.3,100,0.01803737842164993,0.014025509557489713,1.0,0.9893617021276596,,,,,,
q,overlap_dual,7,0.22354626406652878,50.0,,0.0001,,0.3,500,0.03617795274664393,0.028371606813675676,1.0,0.9979757085020243,,,,,,
q,overlap_dual,8,0.23753498792135286,50.0,,0.0001,,0.3,100,0.031273883324477336,0.031273883324477336,1.0,0.9891304347826086,,,,,,
q,overlap_dual,8,0.23753498792135286,50.0,,0.0001,,0.3,500,0.03581616943567967,0.020806209120427077,1.0,0.9979674796747967,,,,,,
q,overlap_dual,9,0.2324532024646327,50.0,,0.0001,,0.3,100,0.02965022740037615,0.029596036393931602,0.9982486865148862,0.978494623655914,,,,,,
q,overlap_dual,9,0.2324532024646327,50.0,,0.0001,,0.3,500,0.03476155692631777,0.031223224061455834,0.9996634129922585,0.9959432048681541,,,,,,
q,overlap_dual,10,0.24474005311235095,50.0,,0.0001,,0.3,100,0.036386317185259975,0.02567709202822932,1.0,1.0,,,,,,
q,overlap_dual,10,0.24474005311235095,50.0,,0.0001,,0.3,500,0.0546782511661148,0.03675440745883285,1.0,0.9979757085020243,,,,,,
q,overlap_dual,11,0.23581854934642174,50.0,,0.0001,,0.3,100,0.028556638992490058,0.02769505052776533,1.0,1.0,,,,,,
q,overlap_dual,11,0.23581854934642174,50.0,,0.0001,,0.3,500,0.0449809078318979,0.0449809078318979,1.0,1.0,,,,,,
q,overlap_dual,12,0.22805698749858141,50.0,,0.0001,,0.3,100,0.03538542380560855,0.01860106895028163,1.0,1.0,,,,,,
q,overlap_dual,12,0.22805698749858141,50.0,,0.0001,,0.3,500,0.03538542380560855,0.020487389423422986,1.0,1.0,,,,,,
q,overlap_dual,13,0.24894643139129632,50.0,,0.0001,,0.3,100,0.021305574624953305,0.01668420559767947,1.0,1.0,,,,,,
q,overlap_dual,13,0.24894643139129632,50.0,,0.0001,,0.3,500,0.02657479814478414,0.015580211416199807,1.0,1.0,,,,,,
q,overlap_dual,14,0.19937281968180906,50.0,,0.0001,,0.3,100,0.03476173361946672,0.02567937604851489,1.0,1.0,,,,,,
q,overlap_dual,14,0.19937281968180906,50.0,,0.0001,,0.3,500,0.03865835844242216,0.01991682772978376,0.9986513823331086,0.997979797979798,,,,,,
q,overlap_dual,15,0.2243868193862552,50.0,,0.0001,,0.3,100,0.021039599660660768,0.013371028400920415,1.0,0.9894736842105263,,,,,,
q,overlap_dual,15,0.2243868193862552,50.0,,0.0001,,0.3,500,0.034945821836700475,0.020709414239868718,1.0,0.9959595959595959,,,,,,
q,overlap_dual,0,0.35749579647300794,50.0,,0.0001,,0.5,100,0.04038919674210839,0.04037859410734268,1.0,0.9893617021276596,,,,,,
q,overlap_dual,0,0.35749579647300794,50.0,,0.0001,,0.5,500,0.05656490383823787,0.026589930246288418,1.0,0.9979757085020243,,,,,,
q,overlap_dual,1,0.38237499267821684,50.0,,0.0001,,0.5,100,0.03027835914418242,0.03027835914418242,1.0,1.0,,,,,,
q,overlap_dual,1,0.38237499267821684,50.0,,0.0001,,0.5,500,0.042176337973200084,0.03213039053048483,1.0,1.0,,,,,,
q,overlap_dual,2,0.36215151834821036,50.0,,0.0001,,0.5,100,0.0331029991239592,0.0331029991239592,0.972318339100346,0.968421052631579,,,,,,
q,overlap_dual,2,0.36215151834821036,50.0,,0.0001,,0.5,500,0.04346785046206758,0.025406046795493742,0.9946272666218939,0.9939393939393939,,,,,,
q,overlap_dual,3,0.38194932382131347,50.0,,0.0001,,0.5,100,0.03836238136588166,0.01866971166139375,1.0,0.978494623655914,,,,,,
q,overlap_dual,3,0.38194932382131347,50.0,,0.0001,,0.5,500,0.03836238136588166,0.028287841416327897,1.0,0.9959432048681541,,,,,,
q,overlap_dual,16,0.1941338753338949,50.0,,0.0001,,0.3,100,0.0384395550811083,0.0384395550811083,1.0,0.9893617021276596,,,,,,
q,overlap_dual,16,0.1941338753338949,50.0,,0.0001,,0.3,500,0.04131371260450489,0.02442718538976818,1.0,0.9979757085020243,,,,,,
q,overlap_dual,17,0.204071657826119,50.0,,0.0001,,0.3,100,0.017443340589325604,0.0167998455224478,1.0,1.0,,,,,,
q,overlap_dual,17,0.204071657826119,50.0,,0.0001,,0.3,500,0.03454005037762542,0.033154382376786806,1.0,1.0,,,,,,
q,overlap_dual,18,0.21918517768246798,50.0,,0.0001,,0.3,100,0.028489983289238296,0.023517860353863163,1.0,0.978494623655914,,,,,,
q,overlap_dual,18,0.21918517768246798,50.0,,0.0001,,0.3,500,0.05555809530334632,0.022919097062282567,1.0,0.9959432048681541,,,,,,
q,overlap_dual,19,0.2229368125326915,50.0,,0.0001,,0.3,100,0.020525258113300304,0.018233478647699086,1.0,1.0,,,,,,
q,overlap_dual,19,0.2229368125326915,50.0,,0.0001,,0.3,500,0.029789818573660032,0.022110191305910742,1.0,1.0,,,,,,
q,overlap_dual,4,0.37101257772393886,50.0,,0.0001,,0.5,100,0.03597565812804715,0.03556931157802212,1.0,0.9894736842105263,,,,,,
q,overlap_dual,4,0.37101257772393886,50.0,,0.0001,,0.5,500,0.03867942526225532,0.02029244911106698,1.0,0.997979797979798,,,,,,
q,overlap_dual,5,0.3651686992655145,50.0,,0.0001,,0.5,100,0.026026414598396053,0.02271077832880386,1.0,0.9893617021276596,,,,,,
q,overlap_dual,5,0.3651686992655145,50.0,,0.0001,,0.5,500,0.03302450134282209,0.026834886496634347,1.0,0.9979757085020243,,,,,,
q,overlap_dual,6,0.3629220146144902,50.0,,0.0001,,0.5,100,0.03881279961612827,0.026775299974535205,1.0,1.0,,,,,,
q,overlap_dual,6,0.3629220146144902,50.0,,0.0001,,0.5,500,0.04410455418446535,0.03796521403204167,1.0,1.0,,,,,,
q,overlap_dual,7,0.37257710677754813,50.0,,0.0001,,0.5,100,0.02122866247222066,0.015928451476690197,1.0,0.9787234042553191,,,,,,
q,overlap_dual,7,0.37257710677754813,50.0,,0.0001,,0.5,500,0.03835297296958773,0.031446648044125336,1.0,0.9959514170040485,,,,,,
q,overlap_dual,8,0.39589164653558817,50.0,,0.0001,,0.5,100,0.034321156502775674,0.034321156502775674,1.0,0.9891304347826086,,,,,,
q,overlap_dual,8,0.39589164653558817,50.0,,0.0001,,0.5,500,0.04007900424092459,0.023451558933829997,1.0,0.9979674796747967,,,,,,
q,overlap_dual,9,0.3874220041077212,50.0,,0.0001,,0.5,100,0.03611696463880021,0.03601588724121907,0.9982486865148862,0.978494623655914,,,,,,
q,overlap_dual,9,0.3874220041077212,50.0,,0.0001,,0.5,500,0.03678576756984109,0.03178046822744096,0.9996634129922585,0.9959432048681541,,,,,,
q,overlap_dual,10,0.4079000885205849,50.0,,0.0001,,0.5,100,0.040512048489800834,0.027267333420781248,1.0,1.0,,,,,,
q,overlap_dual,10,0.4079000885205849,50.0,,0.0001,,0.5,500,0.059925408846039474,0.04321239869227278,1.0,0.9979757085020243,,,,,,
q,overlap_dual,11,0.3930309155773696,50.0,,0.0001,,0.5,100,0.03293038546479021,0.032365409791818234,1.0,1.0,,,,,,
q,overlap_dual,11,0.3930309155773696,50.0,,0.0001,,0.5,500,0.05231471687602429,0.05231471687602429,1.0,1.0,,,,,,
q,overlap_dual,16,0.3235564588898249,50.0,,0.0001,,0.5,100,0.04390502344180924,0.04390502344180924,0.9928443649373881,0.9787234042553191,,,,,,
q,overlap_dual,16,0.3235564588898249,50.0,,0.0001,,0.5,500,0.04500770877047966,0.02854048968290046,0.9986481919567421,0.9959514170040485,,,,,,
q,overlap_dual,17,0.34011942971019843,50.0,,0.0001,,0.5,100,0.01908300410952367,0.018387808233051153,1.0,1.0,,,,,,
q,overlap_dual,17,0.34011942971019843,50.0,,0.0001,,0.5,500,0.03874171964263651,0.03656824883872889,1.0,1.0,,,,,,
q,overlap_dual,18,0.36530862947077997,50.0,,0.0001,,0.5,100,0.035664384158093254,0.028177082782324836,1.0,0.956989247311828,,,,,,
q,overlap_dual,18,0.36530862947077997,50.0,,0.0001,,0.5,500,0.06555121933637564,0.02338284459649964,1.0,0.9918864097363083,,,,,,
q,overlap_dual,19,0.3715613542211524,50.0,,0.0001,,0.5,100,0.024350502075508984,0.022179653743191197,1.0,1.0,,,,,,
q,overlap_dual,19,0.3715613542211524,50.0,,0.0001,,0.5,500,0.03202516865194527,0.023567738848233155,1.0,1.0,,,,,,
q,overlap_dual,12,0.38009497916430235,50.0,,0.0001,,0.5,100,0.037694876093667395,0.019011184766927147,1.0,1.0,,,,,,
q,overlap_dual,12,0.38009497916430235,50.0,,0.0001,,0.5,500,0.037694876093667395,0.022780148267838474,1.0,1.0,,,,,,
q,overlap_dual,13,0.41491071898549386,50.0,,0.0001,,0.5,100,0.025680620529464404,0.0203476976292829,1.0,0.9893617021276596,,,,,,
q,overlap_dual,13,0.41491071898549386,50.0,,0.0001,,0.5,500,0.03156199434299811,0.016787904163675593,1.0,0.9979757085020243,,,,,,
q,overlap_dual,14,0.33228803280301505,50.0,,0.0001,,0.5,100,0.04077563775093085,0.031700127210548434,1.0,1.0,,,,,,
q,overlap_dual,14,0.33228803280301505,50.0,,0.0001,,0.5,500,0.04424829426361554,0.02436887916251218,0.9986513823331086,0.997979797979798,,,,,,
q,overlap_dual,15,0.3739780323104254,50.0,,0.0001,,0.5,100,0.02493789083410719,0.014687527765933212,1.0,0.9789473684210527,,,,,,
q,overlap_dual,15,0.3739780323104254,50.0,,0.0001,,0.5,500,0.037846210427244564,0.02401666629296706,1.0,0.9939393939393939,,,,,,
q,overlap_dual,0,0.0,50.0,,0.001,,0.0,100,0.27884319534373603,0.2678061770826128,1.0,0.8936170212765957,,,,,,
q,overlap_dual,0,0.0,50.0,,0.001,,0.0,500,0.33369802591051956,0.20077182263502058,1.0,0.9696356275303644,,,,,,
q,overlap_dual,1,0.0,50.0,,0.001,,0.0,100,0.17958646413542,0.17958646413542,0.9616087751371115,0.8387096774193549,,,,,,
q,overlap_dual,1,0.0,50.0,,0.001,,0.0,500,0.25170456525296636,0.2441493068173366,0.9928741092636579,0.9695740365111561,,,,,,
q,overlap_dual,2,0.0,50.0,,0.001,,0.0,100,0.19918433253990364,0.14021074101949027,0.9636678200692042,0.8,,,,,,
q,overlap_dual,2,0.0,50.0,,0.001,,0.0,500,0.20684686850596168,0.19400991557549174,0.9929482874412358,0.9616161616161616,,,,,,
q,overlap_dual,3,0.0,50.0,,0.001,,0.0,100,0.18776851416773732,0.1638721133090378,0.9718804920913884,0.7526881720430108,,,,,,
q,overlap_dual,3,0.0,50.0,,0.001,,0.0,500,0.18776851416773732,0.1192758328138721,0.9946109801279892,0.9513184584178499,,,,,,
q,overlap_dual,8,0.0,50.0,,0.001,,0.0,100,0.17850686446564978,0.17441305056117207,0.9381625441696113,0.8152173913043478,,,,,,
q,overlap_dual,8,0.0,50.0,,0.001,,0.0,500,0.2572878819822637,0.1982877761941717,0.9881995954146999,0.9451219512195121,,,,,,
q,overlap_dual,9,0.0,50.0,,0.001,,0.0,100,0.13267880937779253,0.10653275774623105,0.9404553415061296,0.7204301075268817,,,,,,
q,overlap_dual,9,0.0,50.0,,0.001,,0.0,500,0.39382831556903275,0.37907173853944587,0.988556041736789,0.9269776876267748,,,,,,
q,overlap_dual,10,0.0,50.0,,0.001,,0.0,100,0.2123295766267077,0.2094248619418082,0.9982486865148862,0.7553191489361702,,,,,,
q,overlap_dual,10,0.0,50.0,,0.001,,0.0,500,0.40860745180036306,0.23162877212205712,0.9996634129922585,0.9433198380566802,,,,,,
q,overlap_dual,11,0.0,50.0,,0.001,,0.0,100,0.21864706801681283,0.13922562967223462,0.9545454545454546,0.7849462365591398,,,,,,
q,overlap_dual,11,0.0,50.0,,0.001,,0.0,500,0.2538580924893872,0.1794258753981297,0.9915254237288136,0.9594320486815415,,,,,,
q,overlap_dual,4,0.0,50.0,,0.001,,0.0,100,0.20265782581184943,0.19282930197561032,0.9981515711645101,0.8842105263157894,,,,,,
q,overlap_dual,4,0.0,50.0,,0.001,,0.0,500,0.23372597253663252,0.17513058592432884,0.999659979598776,0.9777777777777777,,,,,,
q,overlap_dual,5,0.0,50.0,,0.001,,0.0,100,0.29116507252720014,0.2611949815488148,0.9440559440559441,0.7659574468085106,,,,,,
q,overlap_dual,5,0.0,50.0,,0.001,,0.0,500,0.316232018193807,0.22753402855094973,0.9892328398384926,0.9534412955465587,,,,,,
q,overlap_dual,6,0.0,50.0,,0.001,,0.0,100,0.22550175895132096,0.16463702860420892,0.9533213644524237,0.8494623655913979,,,,,,
q,overlap_dual,6,0.0,50.0,,0.001,,0.0,500,0.30353040899604644,0.30353040899604644,0.9912073047007102,0.9716024340770791,,,,,,
q,overlap_dual,7,0.0,50.0,,0.001,,0.0,100,0.17216889283245307,0.11428429512257596,0.9894736842105263,0.7127659574468085,,,,,,
q,overlap_dual,7,0.0,50.0,,0.001,,0.0,500,0.2790348754557832,0.21255702627192696,0.997979797979798,0.9453441295546559,,,,,,
q,overlap_dual,12,0.0,50.0,,0.001,,0.0,100,0.21072933477436162,0.1981967234941987,0.9806338028169014,0.8315789473684211,,,,,,
q,overlap_dual,12,0.0,50.0,,0.001,,0.0,500,0.2328580716576094,0.17839538896589768,0.9962938005390836,0.9676767676767677,,,,,,
q,overlap_dual,13,0.0,50.0,,0.001,,0.0,100,0.1741113437200994,0.11533793985036278,0.8785714285714286,0.8404255319148937,,,,,,
q,overlap_dual,13,0.0,50.0,,0.001,,0.0,500,0.26438206538986897,0.1698667431067289,0.9716216216216216,0.9635627530364372,,,,,,
q,overlap_dual,14,0.0,50.0,,0.001,,0.0,100,0.17204302089403503,0.17204302089403503,1.0,0.6526315789473685,,,,,,
q,overlap_dual,14,0.0,50.0,,0.001,,0.0,500,0.23771854473042398,0.2165417392925536,0.9986513823331086,0.8848484848484849,,,,,,
q,overlap_dual,15,0.0,50.0,,0.001,,0.0,100,0.1458340319488333,0.1051216982102679,0.967128027681661,0.6631578947368421,,,,,,
q,overlap_dual,15,0.0,50.0,,0.001,,0.0,500,0.28750207585203136,0.18089837045958723,0.9858965748824715,0.8828282828282829,,,,,,
q,overlap_dual,16,0.0,50.0,,0.001,,0.0,100,0.3331652197173862,0.3331652197173862,0.9856887298747764,0.8617021276595744,,,,,,
q,overlap_dual,16,0.0,50.0,,0.001,,0.0,500,0.41151298438495676,0.17622812575377322,0.9972963839134843,0.9736842105263158,,,,,,
q,overlap_dual,17,0.0,50.0,,0.001,,0.0,100,0.13162052298285454,0.1280139401332805,0.9921259842519685,0.9148936170212766,,,,,,
q,overlap_dual,17,0.0,50.0,,0.001,,0.0,500,0.2652223977287147,0.2652223977287147,0.9986244841815681,0.9838056680161943,,,,,,
q,overlap_dual,18,0.0,50.0,,0.001,,0.0,100,0.2378389041628571,0.2378389041628571,0.9539823008849557,0.7419354838709677,,,,,,
q,overlap_dual,18,0.0,50.0,,0.001,,0.0,500,0.3012242355586692,0.2849169511307621,0.9912310286677909,0.947261663286004,,,,,,
q,overlap_dual,19,0.0,50.0,,0.001,,0.0,100,0.15487621316358638,0.10538870950097412,0.9964850615114236,0.8478260869565217,,,,,,
q,overlap_dual,19,0.0,50.0,,0.001,,0.0,500,0.2519946255744907,0.21117950743470382,0.9993263725159987,0.9715447154471545,,,,,,
q,overlap_dual,0,0.007149915929460159,50.0,,0.001,,0.01,100,0.28034116536934484,0.2689555394887597,1.0,0.8936170212765957,,,,,,
q,overlap_dual,0,0.007149915929460159,50.0,,0.001,,0.01,500,0.33479388754648687,0.201073792525563,1.0,0.9696356275303644,,,,,,
q,overlap_dual,1,0.0076474998535643384,50.0,,0.001,,0.01,100,0.18100411163461239,0.18100411163461239,0.9616087751371115,0.8387096774193549,,,,,,
q,overlap_dual,1,0.0076474998535643384,50.0,,0.001,,0.01,500,0.25092559659603264,0.2434062076750303,0.9928741092636579,0.9695740365111561,,,,,,
q,overlap_dual,2,0.007243030366964207,50.0,,0.001,,0.01,100,0.19899319042165853,0.14058816024451382,0.9636678200692042,0.8,,,,,,
q,overlap_dual,2,0.007243030366964207,50.0,,0.001,,0.01,500,0.20714210011492495,0.193778942645902,0.9929482874412358,0.9616161616161616,,,,,,
q,overlap_dual,3,0.00763898647642627,50.0,,0.001,,0.01,100,0.18728029489631748,0.16389387120806703,0.9718804920913884,0.7526881720430108,,,,,,
q,overlap_dual,3,0.00763898647642627,50.0,,0.001,,0.01,500,0.18728029489631748,0.11908918456675266,0.9946109801279892,0.9513184584178499,,,,,,
q,overlap_dual,4,0.007420251554478778,50.0,,0.001,,0.01,100,0.20362323560035467,0.1942462682790259,0.9981515711645101,0.8842105263157894,,,,,,
q,overlap_dual,4,0.007420251554478778,50.0,,0.001,,0.01,500,0.23253472185135582,0.1746197258429112,0.999659979598776,0.9777777777777777,,,,,,
q,overlap_dual,5,0.007303373985310291,50.0,,0.001,,0.01,100,0.2905746530880917,0.2601737612316841,0.9440559440559441,0.7659574468085106,,,,,,
q,overlap_dual,5,0.007303373985310291,50.0,,0.001,,0.01,500,0.31531381947093196,0.2277314636600336,0.9892328398384926,0.9534412955465587,,,,,,
q,overlap_dual,6,0.007258440292289803,50.0,,0.001,,0.01,100,0.22555907993486968,0.16373162389275997,0.9533213644524237,0.8494623655913979,,,,,,
q,overlap_dual,6,0.007258440292289803,50.0,,0.001,,0.01,500,0.3035210471739893,0.3035210471739893,0.9912073047007102,0.9716024340770791,,,,,,
q,overlap_dual,7,0.007451542135550962,50.0,,0.001,,0.01,100,0.1731979916589349,0.11430398482780847,0.9894736842105263,0.7127659574468085,,,,,,
q,overlap_dual,7,0.007451542135550962,50.0,,0.001,,0.01,500,0.27905197901043666,0.21281147753877572,0.997979797979798,0.9453441295546559,,,,,,
q,overlap_dual,8,0.007917832930711764,50.0,,0.001,,0.01,100,0.17801236310563084,0.17341485699525294,0.9399293286219081,0.8152173913043478,,,,,,
q,overlap_dual,8,0.007917832930711764,50.0,,0.001,,0.01,500,0.2550386074619475,0.19820390132066068,0.9885367498314228,0.9451219512195121,,,,,,
q,overlap_dual,9,0.007748440082154424,50.0,,0.001,,0.01,100,0.1342615610178448,0.10726308507881727,0.9404553415061296,0.7204301075268817,,,,,,
q,overlap_dual,9,0.007748440082154424,50.0,,0.001,,0.01,500,0.3931600676135618,0.37778900752400035,0.988556041736789,0.9269776876267748,,,,,,
q,overlap_dual,10,0.008158001770411698,50.0,,0.001,,0.01,100,0.2121772759297369,0.20910506198561318,0.9982486865148862,0.7553191489361702,,,,,,
q,overlap_dual,10,0.008158001770411698,50.0,,0.001,,0.01,500,0.40853837314470653,0.23320010838203964,0.9996634129922585,0.9433198380566802,,,,,,
q,overlap_dual,11,0.007860618311547392,50.0,,0.001,,0.01,100,0.2186642908330882,0.14030540407667558,0.9545454545454546,0.7741935483870968,,,,,,
q,overlap_dual,11,0.007860618311547392,50.0,,0.001,,0.01,500,0.2526770729897274,0.17938192508781214,0.9915254237288136,0.9574036511156186,,,,,,
q,overlap_dual,12,0.0076018995832860484,50.0,,0.001,,0.01,100,0.14929924152835727,0.14204979708738663,0.9806338028169014,0.8421052631578947,,,,,,
q,overlap_dual,12,0.0076018995832860484,50.0,,0.001,,0.01,500,0.18864075083126752,0.1801782244359198,0.9962938005390836,0.9696969696969697,,,,,,
q,overlap_dual,13,0.008298214379709878,50.0,,0.001,,0.01,100,0.17384002430389434,0.11538311475661678,0.8803571428571428,0.8404255319148937,,,,,,
q,overlap_dual,13,0.008298214379709878,50.0,,0.001,,0.01,500,0.2640317653674984,0.1700400126915298,0.9719594594594595,0.9635627530364372,,,,,,
q,overlap_dual,14,0.006645760656060303,50.0,,0.001,,0.01,100,0.1716921961283748,0.1716921961283748,1.0,0.6526315789473685,,,,,,
q,overlap_dual,14,0.006645760656060303,50.0,,0.001,,0.01,500,0.2372553495915417,0.2166390770173976,0.9986513823331086,0.8848484848484849,,,,,,
q,overlap_dual,15,0.007479560646208507,50.0,,0.001,,0.01,100,0.14582646805546143,0.10463966209426395,0.9653979238754326,0.6631578947368421,,,,,,
q,overlap_dual,15,0.007479560646208507,50.0,,0.001,,0.01,500,0.2866890673385756,0.1751535920738907,0.9852249832102082,0.8848484848484849,,,,,,
q,overlap_dual,16,0.006471129177796499,50.0,,0.001,,0.01,100,0.334099012016441,0.334099012016441,0.9856887298747764,0.8617021276595744,,,,,,
q,overlap_dual,16,0.006471129177796499,50.0,,0.001,,0.01,500,0.41096287467206327,0.1765642277495565,0.9972963839134843,0.9736842105263158,,,,,,
q,overlap_dual,17,0.0068023885942039685,50.0,,0.001,,0.01,100,0.13161980404670193,0.1280126446111446,0.9921259842519685,0.9148936170212766,,,,,,
q,overlap_dual,17,0.0068023885942039685,50.0,,0.001,,0.01,500,0.26557513409003075,0.26557513409003075,0.9986244841815681,0.9838056680161943,,,,,,
q,overlap_dual,18,0.0073061725894156,50.0,,0.001,,0.01,100,0.2387128253300486,0.2387128253300486,0.9575221238938053,0.7419354838709677,,,,,,
q,overlap_dual,18,0.0073061725894156,50.0,,0.001,,0.01,500,0.30143543164165476,0.2846485747860177,0.9919055649241146,0.947261663286004,,,,,,
q,overlap_dual,19,0.0074312270844230505,50.0,,0.001,,0.01,100,0.1552661106407468,0.10644884841730645,0.9964850615114236,0.8478260869565217,,,,,,
q,overlap_dual,19,0.0074312270844230505,50.0,,0.001,,0.01,500,0.25008822688579135,0.20996409329445753,0.9993263725159987,0.9715447154471545,,,,,,
q,overlap_dual,0,0.021449747788380477,50.0,,0.001,,0.03,100,0.28339484150272076,0.27130387410285306,1.0,0.8936170212765957,,,,,,
q,overlap_dual,0,0.021449747788380477,50.0,,0.001,,0.03,500,0.3365995929026653,0.20100366395266756,1.0,0.9696356275303644,,,,,,
q,overlap_dual,1,0.02294249956069301,50.0,,0.001,,0.03,100,0.18387591195264108,0.18387591195264108,0.9616087751371115,0.8494623655913979,,,,,,
q,overlap_dual,1,0.02294249956069301,50.0,,0.001,,0.03,500,0.2494671576192653,0.24201471821641274,0.9928741092636579,0.9716024340770791,,,,,,
q,overlap_dual,2,0.02172909110089262,50.0,,0.001,,0.03,100,0.19862363199611177,0.14133957304811062,0.9636678200692042,0.8,,,,,,
q,overlap_dual,2,0.02172909110089262,50.0,,0.001,,0.03,500,0.2077938592387064,0.19342080906505954,0.9929482874412358,0.9616161616161616,,,,,,
q,overlap_dual,3,0.022916959429278815,50.0,,0.001,,0.03,100,0.1887274495221044,0.16427113442458072,0.9718804920913884,0.7419354838709677,,,,,,
q,overlap_dual,3,0.022916959429278815,50.0,,0.001,,0.03,500,0.1887274495221044,0.11905400044313785,0.9946109801279892,0.949290060851927,,,,,,
q,overlap_dual,4,0.022260754663436334,50.0,,0.001,,0.03,100,0.20531501892336101,0.1961303279174872,0.9981515711645101,0.8842105263157894,,,,,,
q,overlap_dual,4,0.022260754663436334,50.0,,0.001,,0.03,500,0.23042716179753864,0.17389074098429558,0.999659979598776,0.9777777777777777,,,,,,
q,overlap_dual,5,0.02191012195593087,50.0,,0.001,,0.03,100,0.2894722597076199,0.25821991323849114,0.9405594405594405,0.7553191489361702,,,,,,
q,overlap_dual,5,0.02191012195593087,50.0,,0.001,,0.03,500,0.31356569359453057,0.2282478406531091,0.9885598923283984,0.951417004048583,,,,,,
q,overlap_dual,6,0.021775320876869408,50.0,,0.001,,0.03,100,0.22570729973292014,0.16200741561808452,0.9533213644524237,0.8494623655913979,,,,,,
q,overlap_dual,6,0.021775320876869408,50.0,,0.001,,0.03,500,0.3037755294975415,0.3037755294975415,0.9912073047007102,0.9716024340770791,,,,,,
q,overlap_dual,7,0.02235462640665288,50.0,,0.001,,0.03,100,0.17508280319620784,0.11435208631716451,0.9894736842105263,0.7127659574468085,,,,,,
q,overlap_dual,7,0.02235462640665288,50.0,,0.001,,0.03,500,0.279054374023437,0.21337687400971772,0.997979797979798,0.9453441295546559,,,,,,
q,overlap_dual,8,0.023753498792135293,50.0,,0.001,,0.03,100,0.17707266075910055,0.17148711762787894,0.941696113074205,0.8152173913043478,,,,,,
q,overlap_dual,8,0.023753498792135293,50.0,,0.001,,0.03,500,0.2507756689394731,0.19813677373069094,0.9888739042481457,0.9451219512195121,,,,,,
q,overlap_dual,9,0.02324532024646327,50.0,,0.001,,0.03,100,0.1374232808360063,0.10873043058060011,0.9404553415061296,0.7204301075268817,,,,,,
q,overlap_dual,9,0.02324532024646327,50.0,,0.001,,0.03,500,0.3920028695071026,0.3754262600851037,0.988556041736789,0.9269776876267748,,,,,,
q,overlap_dual,10,0.024474005311235093,50.0,,0.001,,0.03,100,0.21188700016282735,0.20849257421033196,0.9982486865148862,0.7553191489361702,,,,,,
q,overlap_dual,10,0.024474005311235093,50.0,,0.001,,0.03,500,0.40844135007198323,0.2362783108539943,0.9996634129922585,0.9433198380566802,,,,,,
q,overlap_dual,11,0.023581854934642175,50.0,,0.001,,0.03,100,0.21871592345873725,0.14242039800228445,0.9545454545454546,0.7741935483870968,,,,,,
q,overlap_dual,11,0.023581854934642175,50.0,,0.001,,0.03,500,0.2503910140573662,0.1793712169648216,0.9915254237288136,0.9574036511156186,,,,,,
q,overlap_dual,12,0.022805698749858144,50.0,,0.001,,0.03,100,0.14786182524461,0.13839239772542666,0.9806338028169014,0.8421052631578947,,,,,,
q,overlap_dual,12,0.022805698749858144,50.0,,0.001,,0.03,500,0.18970374032434745,0.1811532822442674,0.9962938005390836,0.9696969696969697,,,,,,
q,overlap_dual,13,0.024894643139129636,50.0,,0.001,,0.03,100,0.1733348731941371,0.11550252436122771,0.8839285714285714,0.8404255319148937,,,,,,
q,overlap_dual,13,0.024894643139129636,50.0,,0.001,,0.03,500,0.26339283078272757,0.17042179230888266,0.9726351351351351,0.9635627530364372,,,,,,
q,overlap_dual,14,0.019937281968180908,50.0,,0.001,,0.03,100,0.1710576233278248,0.1710576233278248,1.0,0.6526315789473685,,,,,,
q,overlap_dual,14,0.019937281968180908,50.0,,0.001,,0.03,500,0.23654399383311464,0.2169489143002512,0.9986513823331086,0.8848484848484849,,,,,,
q,overlap_dual,15,0.022438681938625523,50.0,,0.001,,0.03,100,0.14584713674241379,0.1037139319275373,0.9653979238754326,0.6631578947368421,,,,,,
q,overlap_dual,15,0.022438681938625523,50.0,,0.001,,0.03,500,0.2851707146215886,0.1739774748975329,0.9848891873740766,0.8848484848484849,,,,,,
q,overlap_dual,16,0.019413387533389493,50.0,,0.001,,0.03,100,0.336016128291309,0.336016128291309,0.9856887298747764,0.8617021276595744,,,,,,
q,overlap_dual,16,0.019413387533389493,50.0,,0.001,,0.03,500,0.4099740785308663,0.17719965382086666,0.9972963839134843,0.9736842105263158,,,,,,
q,overlap_dual,17,0.0204071657826119,50.0,,0.001,,0.03,100,0.13168514386387953,0.12807527061826474,0.9921259842519685,0.9148936170212766,,,,,,
q,overlap_dual,17,0.0204071657826119,50.0,,0.001,,0.03,500,0.2664458289377998,0.2664458289377998,0.9986244841815681,0.9838056680161943,,,,,,
q,overlap_dual,18,0.021918517768246798,50.0,,0.001,,0.03,100,0.2404679206442349,0.2404679206442349,0.9610619469026549,0.7419354838709677,,,,,,
q,overlap_dual,18,0.021918517768246798,50.0,,0.001,,0.03,500,0.30195531451003976,0.2842627996899121,0.9925801011804385,0.947261663286004,,,,,,
q,overlap_dual,19,0.022293681253269144,50.0,,0.001,,0.03,100,0.15543408450289062,0.10897117744695844,0.9964850615114236,0.8478260869565217,,,,,,
q,overlap_dual,19,0.022293681253269144,50.0,,0.001,,0.03,500,0.2455603883887778,0.2073901082991746,0.9993263725159987,0.9715447154471545,,,,,,
q,overlap_dual,0,0.0714991592946016,50.0,,0.001,,0.1,100,0.2987116678760493,0.2845137734567611,1.0,0.9148936170212766,,,,,,
q,overlap_dual,0,0.0714991592946016,50.0,,0.001,,0.1,500,0.3451952520201167,0.2042990069266959,1.0,0.9736842105263158,,,,,,
q,overlap_dual,1,0.07647499853564337,50.0,,0.001,,0.1,100,0.19434634263981532,0.19434634263981532,0.9616087751371115,0.8494623655913979,,,,,,
q,overlap_dual,1,0.07647499853564337,50.0,,0.001,,0.1,500,0.2525217991161133,0.23793268536595713,0.9928741092636579,0.9716024340770791,,,,,,
q,overlap_dual,2,0.07243030366964208,50.0,,0.001,,0.1,100,0.19744177230970528,0.14390488150275782,0.9636678200692042,0.8105263157894737,,,,,,
q,overlap_dual,2,0.07243030366964208,50.0,,0.001,,0.1,500,0.21068375580964338,0.19332599317760701,0.9929482874412358,0.9636363636363636,,,,,,
q,overlap_dual,3,0.0763898647642627,50.0,,0.001,,0.1,100,0.18706222294942054,0.1649901336542982,0.9718804920913884,0.7526881720430108,,,,,,
q,overlap_dual,3,0.0763898647642627,50.0,,0.001,,0.1,500,0.18870065377880035,0.11866893455180139,0.9946109801279892,0.9513184584178499,,,,,,
q,overlap_dual,4,0.0742025155447878,50.0,,0.001,,0.1,100,0.20834787983016256,0.20128451989230933,0.9981515711645101,0.8842105263157894,,,,,,
q,overlap_dual,4,0.0742025155447878,50.0,,0.001,,0.1,500,0.22758671054556068,0.17112163202738007,0.999659979598776,0.9777777777777777,,,,,,
q,overlap_dual,5,0.07303373985310291,50.0,,0.001,,0.1,100,0.29115314901706246,0.25717067886347744,0.9230769230769231,0.7446808510638298,,,,,,
q,overlap_dual,5,0.07303373985310291,50.0,,0.001,,0.1,500,0.31295159254552796,0.232324084486769,0.9851951547779273,0.9493927125506073,,,,,,
q,overlap_dual,6,0.07258440292289806,50.0,,0.001,,0.1,100,0.22441894258909023,0.1564455757949582,0.9533213644524237,0.8494623655913979,,,,,,
q,overlap_dual,6,0.07258440292289806,50.0,,0.001,,0.1,500,0.30674419056571867,0.30674419056571867,0.9912073047007102,0.9716024340770791,,,,,,
q,overlap_dual,7,0.07451542135550963,50.0,,0.001,,0.1,100,0.18107513015422771,0.11460798915261111,0.9771929824561404,0.7127659574468085,,,,,,
q,overlap_dual,7,0.07451542135550963,50.0,,0.001,,0.1,500,0.28003340049998915,0.21557527977582525,0.9956228956228956,0.9453441295546559,,,,,,
q,overlap_dual,8,0.07917832930711764,50.0,,0.001,,0.1,100,0.1700328055671303,0.16965609007868743,0.9469964664310954,0.8152173913043478,,,,,,
q,overlap_dual,8,0.07917832930711764,50.0,,0.001,,0.1,500,0.23974731338341426,0.1984572772206672,0.9898853674983142,0.9451219512195121,,,,,,
q,overlap_dual,9,0.07748440082154424,50.0,,0.001,,0.1,100,0.1485441122172393,0.11397828276136374,0.9422066549912435,0.7204301075268817,,,,,,
q,overlap_dual,9,0.07748440082154424,50.0,,0.001,,0.1,500,0.39471500019125283,0.3742706563230356,0.9888926287445304,0.9249492900608519,,,,,,
q,overlap_dual,10,0.08158001770411699,50.0,,0.001,,0.1,100,0.21134175950033796,0.2069030807605874,0.9982486865148862,0.776595744680851,,,,,,
q,overlap_dual,10,0.08158001770411699,50.0,,0.001,,0.1,500,0.4075057941522273,0.24695139889025408,0.9996634129922585,0.9473684210526315,,,,,,
q,overlap_dual,11,0.07860618311547392,50.0,,0.001,,0.1,100,0.21906756776091968,0.14946230556197748,0.9363636363636364,0.7741935483870968,,,,,,
q,overlap_dual,11,0.07860618311547392,50.0,,0.001,,0.1,500,0.24367790323571703,0.1799922544483089,0.988135593220339,0.9574036511156186,,,,,,
q,overlap_dual,16,0.06471129177796499,50.0,,0.001,,0.1,100,0.3450721079451211,0.3450721079451211,0.9856887298747764,0.8297872340425532,,,,,,
q,overlap_dual,16,0.06471129177796499,50.0,,0.001,,0.1,500,0.4087155719053617,0.17946961488673363,0.9972963839134843,0.9676113360323887,,,,,,
q,overlap_dual,17,0.06802388594203969,50.0,,0.001,,0.1,100,0.13257299359023278,0.12893817344310543,0.9921259842519685,0.9042553191489362,,,,,,
q,overlap_dual,17,0.06802388594203969,50.0,,0.001,,0.1,500,0.2738670388577962,0.26997221290162,0.9986244841815681,0.9817813765182186,,,,,,
q,overlap_dual,18,0.073061725894156,50.0,,0.001,,0.1,100,0.24578667384154182,0.24578667384154182,0.9663716814159292,0.7311827956989247,,,,,,
q,overlap_dual,18,0.073061725894156,50.0,,0.001,,0.1,500,0.30834222623490515,0.2844290188693148,0.9935919055649242,0.9452332657200812,,,,,,
q,overlap_dual,19,0.0743122708442305,50.0,,0.001,,0.1,100,0.1556604224453122,0.11642394420283808,0.9964850615114236,0.8478260869565217,,,,,,
q,overlap_dual,19,0.0743122708442305,50.0,,0.001,,0.1,500,0.23279812585770232,0.20032966741363634,0.9993263725159987,0.9715447154471545,,,,,,
q,overlap_dual,12,0.0760189958328605,50.0,,0.001,,0.1,100,0.14309338508650904,0.12649623632597107,0.9806338028169014,0.8421052631578947,,,,,,
q,overlap_dual,12,0.0760189958328605,50.0,,0.001,,0.1,500,0.19276711102233746,0.18388662864296013,0.9962938005390836,0.9676767676767677,,,,,,
q,overlap_dual,13,0.0829821437970988,50.0,,0.001,,0.1,100,0.17132208889858158,0.11621064537977416,0.8928571428571429,0.8404255319148937,,,,,,
q,overlap_dual,13,0.0829821437970988,50.0,,0.001,,0.1,500,0.2625426152052155,0.172493570656717,0.9743243243243244,0.9635627530364372,,,,,,
q,overlap_dual,14,0.06645760656060302,50.0,,0.001,,0.1,100,0.1694748090058154,0.1694748090058154,1.0,0.6631578947368421,,,,,,
q,overlap_dual,14,0.06645760656060302,50.0,,0.001,,0.1,500,0.23228184432659083,0.2180331903181516,0.9979770734996628,0.8868686868686869,,,,,,
q,overlap_dual,15,0.07479560646208509,50.0,,0.001,,0.1,100,0.14627189063485405,0.1008163354207775,0.9636678200692042,0.6631578947368421,,,,,,
q,overlap_dual,15,0.07479560646208509,50.0,,0.001,,0.1,500,0.2803658580972509,0.16976171667695517,0.9858965748824715,0.8848484848484849,,,,,,
q,overlap_dual,0,0.1429983185892032,50.0,,0.001,,0.2,100,0.3174892658645736,0.29937294410972437,1.0,0.925531914893617,,,,,,
q,overlap_dual,0,0.1429983185892032,50.0,,0.001,,0.2,500,0.35579778054714417,0.2043567851767465,1.0,0.9757085020242915,,,,,,
q,overlap_dual,1,0.15294999707128673,50.0,,0.001,,0.2,100,0.2111137086690228,0.2111137086690228,0.9616087751371115,0.8602150537634409,,,,,,
q,overlap_dual,1,0.15294999707128673,50.0,,0.001,,0.2,500,0.2619956166921886,0.23506192630484035,0.9928741092636579,0.973630831643002,,,,,,
q,overlap_dual,2,0.14486060733928416,50.0,,0.001,,0.2,100,0.19618873617466182,0.14736954035313765,0.9636678200692042,0.8105263157894737,,,,,,
q,overlap_dual,2,0.14486060733928416,50.0,,0.001,,0.2,500,0.21848681577311024,0.1960292058285733,0.9929482874412358,0.9636363636363636,,,,,,
q,overlap_dual,3,0.1527797295285254,50.0,,0.001,,0.2,100,0.18685934371544166,0.16687947863442293,0.9718804920913884,0.7526881720430108,,,,,,
q,overlap_dual,3,0.1527797295285254,50.0,,0.001,,0.2,500,0.19140189932791876,0.1194488976100585,0.9946109801279892,0.9513184584178499,,,,,,
q,overlap_dual,4,0.1484050310895756,50.0,,0.001,,0.2,100,0.21615674241158134,0.210629046003464,0.9981515711645101,0.8842105263157894,,,,,,
q,overlap_dual,4,0.1484050310895756,50.0,,0.001,,0.2,500,0.2328923155799767,0.1723263201874523,0.999659979598776,0.9777777777777777,,,,,,
q,overlap_dual,5,0.14606747970620582,50.0,,0.001,,0.2,100,0.27278852318272684,0.23580473008694003,0.9195804195804196,0.7553191489361702,,,,,,
q,overlap_dual,5,0.14606747970620582,50.0,,0.001,,0.2,500,0.29420197602483245,0.23737297537565938,0.9845222072678331,0.951417004048583,,,,,,
q,overlap_dual,6,0.1451688058457961,50.0,,0.001,,0.2,100,0.21737095492445613,0.16307568274500817,0.9551166965888689,0.8602150537634409,,,,,,
q,overlap_dual,6,0.1451688058457961,50.0,,0.001,,0.2,500,0.3152016025104232,0.3152016025104232,0.9915454852891444,0.973630831643002,,,,,,
q,overlap_dual,7,0.14903084271101927,50.0,,0.001,,0.2,100,0.19668184684712275,0.11523163068783168,0.9508771929824561,0.7021276595744681,,,,,,
q,overlap_dual,7,0.14903084271101927,50.0,,0.001,,0.2,500,0.2878205373457541,0.21995354058470284,0.9905723905723905,0.9433198380566802,,,,,,
q,overlap_dual,8,0.15835665861423528,50.0,,0.001,,0.2,100,0.1884757522679923,0.17490158351066987,0.950530035335689,0.8043478260869565,,,,,,
q,overlap_dual,8,0.15835665861423528,50.0,,0.001,,0.2,500,0.2410243491611468,0.20936420856373594,0.9905596763317599,0.943089430894309,,,,,,
q,overlap_dual,9,0.1549688016430885,50.0,,0.001,,0.2,100,0.16323641912365083,0.12175542338168738,0.9316987740805605,0.7096774193548387,,,,,,
q,overlap_dual,9,0.1549688016430885,50.0,,0.001,,0.2,500,0.3967324084113879,0.37066592656111996,0.9868731066980815,0.920892494929006,,,,,,
q,overlap_dual,10,0.16316003540823398,50.0,,0.001,,0.2,100,0.21501823005114473,0.20894975970175445,0.9982486865148862,0.7659574468085106,,,,,,
q,overlap_dual,10,0.16316003540823398,50.0,,0.001,,0.2,500,0.40552306530401117,0.2638470402458295,0.9996634129922585,0.9453441295546559,,,,,,
q,overlap_dual,11,0.15721236623094784,50.0,,0.001,,0.2,100,0.22000973551214364,0.15898724017482724,0.9236363636363636,0.7849462365591398,,,,,,
q,overlap_dual,11,0.15721236623094784,50.0,,0.001,,0.2,500,0.23306917105597535,0.1828306014751223,0.9857627118644068,0.9594320486815415,,,,,,
q,overlap_dual,12,0.152037991665721,50.0,,0.001,,0.2,100,0.13743778069811563,0.11177814486161308,0.9806338028169014,0.8315789473684211,,,,,,
q,overlap_dual,12,0.152037991665721,50.0,,0.001,,0.2,500,0.1977828129082847,0.18835882735163223,0.9962938005390836,0.9656565656565657,,,,,,
q,overlap_dual,13,0.1659642875941976,50.0,,0.001,,0.2,100,0.1673405707427722,0.12167272526198203,0.8946428571428572,0.8191489361702128,,,,,,
q,overlap_dual,13,0.1659642875941976,50.0,,0.001,,0.2,500,0.2659575701989696,0.1795604493838765,0.9746621621621622,0.9595141700404858,,,,,,
q,overlap_dual,14,0.13291521312120605,50.0,,0.001,,0.2,100,0.16839984744668557,0.16839984744668557,1.0,0.6736842105263158,,,,,,
q,overlap_dual,14,0.13291521312120605,50.0,,0.001,,0.2,500,0.23357476542025735,0.22303168843590604,0.9979770734996628,0.8888888888888888,,,,,,
q,overlap_dual,15,0.14959121292417019,50.0,,0.001,,0.2,100,0.14777142944662042,0.0976152116918323,0.967128027681661,0.6526315789473685,,,,,,
q,overlap_dual,15,0.14959121292417019,50.0,,0.001,,0.2,500,0.2805054913171,0.167324329470667,0.9872397582269979,0.8888888888888888,,,,,,
q,overlap_dual,4,0.22260754663436333,50.0,,0.001,,0.3,100,0.2258213310896915,0.2216798383400448,0.9981515711645101,0.8842105263157894,,,,,,
q,overlap_dual,4,0.22260754663436333,50.0,,0.001,,0.3,500,0.2397027915945853,0.17611988958728952,0.999659979598776,0.9777777777777777,,,,,,
q,overlap_dual,5,0.21910121955930872,50.0,,0.001,,0.3,100,0.2642931759928029,0.22348660858291447,0.9195804195804196,0.776595744680851,,,,,,
q,overlap_dual,5,0.21910121955930872,50.0,,0.001,,0.3,500,0.284693659587163,0.24793396532974243,0.9845222072678331,0.9554655870445344,,,,,,
q,overlap_dual,6,0.2177532087686941,50.0,,0.001,,0.3,100,0.21298101458895058,0.17544354421988273,0.9551166965888689,0.8817204301075269,,,,,,
q,overlap_dual,6,0.2177532087686941,50.0,,0.001,,0.3,500,0.33210887531015065,0.33210887531015065,0.9915454852891444,0.9776876267748479,,,,,,
q,overlap_dual,7,0.22354626406652878,50.0,,0.001,,0.3,100,0.19693544935589702,0.11624701546744684,0.9438596491228071,0.7127659574468085,,,,,,
q,overlap_dual,7,0.22354626406652878,50.0,,0.001,,0.3,500,0.28672732656828304,0.23037292364252138,0.9892255892255892,0.9453441295546559,,,,,,
q,overlap_dual,8,0.23753498792135286,50.0,,0.001,,0.3,100,0.18333617508378797,0.16673774747730474,0.9540636042402827,0.8152173913043478,,,,,,
q,overlap_dual,8,0.23753498792135286,50.0,,0.001,,0.3,500,0.2342399362332328,0.2151184725589752,0.9912339851652057,0.9451219512195121,,,,,,
q,overlap_dual,9,0.2324532024646327,50.0,,0.001,,0.3,100,0.18045839355903837,0.12060355861156785,0.9194395796847635,0.6774193548387096,,,,,,
q,overlap_dual,9,0.2324532024646327,50.0,,0.001,,0.3,500,0.4108960394931438,0.37911271342181196,0.984516997643891,0.9006085192697769,,,,,,
q,overlap_dual,10,0.24474005311235095,50.0,,0.001,,0.3,100,0.21324689625351867,0.2062271661405064,0.9982486865148862,0.7446808510638298,,,,,,
q,overlap_dual,10,0.24474005311235095,50.0,,0.001,,0.3,500,0.4245207949628669,0.28503379513578353,0.9996634129922585,0.9352226720647774,,,,,,
q,overlap_dual,11,0.23581854934642174,50.0,,0.001,,0.3,100,0.2214900812229682,0.168830919965957,0.9163636363636364,0.7849462365591398,,,,,,
q,overlap_dual,11,0.23581854934642174,50.0,,0.001,,0.3,500,0.22735218559933745,0.18414895391099373,0.984406779661017,0.9594320486815415,,,,,,
q,overlap_dual,16,0.12942258355592998,50.0,,0.001,,0.2,100,0.3556398769839677,0.3556398769839677,0.9856887298747764,0.8297872340425532,,,,,,
q,overlap_dual,16,0.12942258355592998,50.0,,0.001,,0.2,500,0.40733923275203443,0.18133574182013534,0.9972963839134843,0.9676113360323887,,,,,,
q,overlap_dual,17,0.13604777188407938,50.0,,0.001,,0.2,100,0.13551505067004765,0.13180517321698648,0.9921259842519685,0.9042553191489362,,,,,,
q,overlap_dual,17,0.13604777188407938,50.0,,0.001,,0.2,500,0.2882562270962934,0.27772816077370677,0.9986244841815681,0.9817813765182186,,,,,,
q,overlap_dual,18,0.146123451788312,50.0,,0.001,,0.2,100,0.25158642224578587,0.25158642224578587,0.9663716814159292,0.7311827956989247,,,,,,
q,overlap_dual,18,0.146123451788312,50.0,,0.001,,0.2,500,0.3210841584308548,0.28681240463296254,0.9935919055649242,0.9452332657200812,,,,,,
q,overlap_dual,19,0.148624541688461,50.0,,0.001,,0.2,100,0.15595631714044922,0.12924577622691996,0.9964850615114236,0.8586956521739131,,,,,,
q,overlap_dual,19,0.148624541688461,50.0,,0.001,,0.2,500,0.21944298643889593,0.19101746968376587,0.9993263725159987,0.9735772357723578,,,,,,
q,overlap_dual,0,0.21449747788380477,50.0,,0.001,,0.3,100,0.3398148048866425,0.3053215285673143,1.0,0.9042553191489362,,,,,,
q,overlap_dual,0,0.21449747788380477,50.0,,0.001,,0.3,500,0.3616500918869967,0.1981746336797401,1.0,0.97165991902834,,,,,,
q,overlap_dual,1,0.22942499560693014,50.0,,0.001,,0.3,100,0.22964709240945058,0.22964709240945058,0.9616087751371115,0.8494623655913979,,,,,,
q,overlap_dual,1,0.22942499560693014,50.0,,0.001,,0.3,500,0.27258764856083917,0.23398220571554917,0.9928741092636579,0.9716024340770791,,,,,,
q,overlap_dual,2,0.21729091100892622,50.0,,0.001,,0.3,100,0.19505432975746267,0.1511590765311268,0.9636678200692042,0.8105263157894737,,,,,,
q,overlap_dual,2,0.21729091100892622,50.0,,0.001,,0.3,500,0.23433828717349348,0.2017223792153442,0.9929482874412358,0.9636363636363636,,,,,,
q,overlap_dual,3,0.2291695942927881,50.0,,0.001,,0.3,100,0.1879414023550402,0.16943516082338533,0.9718804920913884,0.7634408602150538,,,,,,
q,overlap_dual,3,0.2291695942927881,50.0,,0.001,,0.3,500,0.19510756443268587,0.12167334894166948,0.9946109801279892,0.9513184584178499,,,,,,
q,overlap_dual,16,0.1941338753338949,50.0,,0.001,,0.3,100,0.39880569304844915,0.39880569304844915,0.9856887298747764,0.7978723404255319,,,,,,
q,overlap_dual,16,0.1941338753338949,50.0,,0.001,,0.3,500,0.4189401718954455,0.1935742376139875,0.9972963839134843,0.9615384615384616,,,,,,
q,overlap_dual,17,0.204071657826119,50.0,,0.001,,0.3,100,0.13696007191501303,0.1331274818196242,0.9921259842519685,0.9042553191489362,,,,,,
q,overlap_dual,17,0.204071657826119,50.0,,0.001,,0.3,500,0.3033814987412229,0.28674621467320716,0.9986244841815681,0.9817813765182186,,,,,,
q,overlap_dual,18,0.21918517768246798,50.0,,0.001,,0.3,100,0.2589309479683517,0.2589309479683517,0.9663716814159292,0.7204301075268817,,,,,,
q,overlap_dual,18,0.21918517768246798,50.0,,0.001,,0.3,500,0.33450984672606965,0.2911390626569128,0.9935919055649242,0.9432048681541582,,,,,,
q,overlap_dual,19,0.2229368125326915,50.0,,0.001,,0.3,100,0.15624002225882877,0.14056152387328702,0.9964850615114236,0.8586956521739131,,,,,,
q,overlap_dual,19,0.2229368125326915,50.0,,0.001,,0.3,500,0.22454688802389688,0.185587744386624,0.9993263725159987,0.9735772357723578,,,,,,
q,overlap_dual,12,0.22805698749858141,50.0,,0.001,,0.3,100,0.1842546276310063,0.1658794559623319,0.9806338028169014,0.7894736842105263,,,,,,
q,overlap_dual,12,0.22805698749858141,50.0,,0.001,,0.3,500,0.20953624360724143,0.19220800653873182,0.9962938005390836,0.9575757575757575,,,,,,
q,overlap_dual,13,0.24894643139129632,50.0,,0.001,,0.3,100,0.16523091636259524,0.13019868229701065,0.8946428571428572,0.8085106382978723,,,,,,
q,overlap_dual,13,0.24894643139129632,50.0,,0.001,,0.3,500,0.2725447184924912,0.1894443203406062,0.9746621621621622,0.9574898785425101,,,,,,
q,overlap_dual,14,0.19937281968180906,50.0,,0.001,,0.3,100,0.1697196860023526,0.1697196860023526,0.9946996466431095,0.6526315789473685,,,,,,
q,overlap_dual,14,0.19937281968180906,50.0,,0.001,,0.3,500,0.2374420108999853,0.23109222126490048,0.9969656102494943,0.8828282828282829,,,,,,
q,overlap_dual,15,0.2243868193862552,50.0,,0.001,,0.3,100,0.1533741770555801,0.09551816099787336,0.9636678200692042,0.6526315789473685,,,,,,
q,overlap_dual,15,0.2243868193862552,50.0,,0.001,,0.3,500,0.292347350592738,0.16339330678567676,0.9865681665547347,0.8828282828282829,,,,,,
q,overlap_dual,0,0.35749579647300794,50.0,,0.001,,0.5,100,0.3942841236220631,0.3477018870272284,1.0,0.8829787234042553,,,,,,
q,overlap_dual,0,0.35749579647300794,50.0,,0.001,,0.5,500,0.4032094361431935,0.20571027205519288,1.0,0.9655870445344129,,,,,,
q,overlap_dual,1,0.38237499267821684,50.0,,0.001,,0.5,100,0.26795453663243307,0.26795453663243307,0.9561243144424132,0.8602150537634409,,,,,,
q,overlap_dual,1,0.38237499267821684,50.0,,0.001,,0.5,500,0.29744559287860484,0.24221763464095858,0.991856124872752,0.973630831643002,,,,,,
q,overlap_dual,2,0.36215151834821036,50.0,,0.001,,0.5,100,0.1929082175307919,0.1563692530233327,0.9653979238754326,0.8105263157894737,,,,,,
q,overlap_dual,2,0.36215151834821036,50.0,,0.001,,0.5,500,0.27841505292880153,0.22286945495996036,0.9932840832773674,0.9636363636363636,,,,,,
q,overlap_dual,3,0.38194932382131347,50.0,,0.001,,0.5,100,0.1909344858123574,0.17769363687401496,0.968365553602812,0.7419354838709677,,,,,,
q,overlap_dual,3,0.38194932382131347,50.0,,0.001,,0.5,500,0.21308909443179946,0.13269305902964224,0.9939373526439879,0.9452332657200812,,,,,,
q,overlap_dual,8,0.39589164653558817,50.0,,0.001,,0.5,100,0.18654082838246022,0.15930326302093256,0.9575971731448764,0.7934782608695652,,,,,,
q,overlap_dual,8,0.39589164653558817,50.0,,0.001,,0.5,500,0.23822444341967497,0.23672967023175695,0.9919082939986514,0.9329268292682927,,,,,,
q,overlap_dual,9,0.3874220041077212,50.0,,0.001,,0.5,100,0.21263145295939312,0.14365952529042425,0.9089316987740805,0.6344086021505376,,,,,,
q,overlap_dual,9,0.3874220041077212,50.0,,0.001,,0.5,500,0.4222365196372715,0.37748494098102436,0.9824974755974419,0.8884381338742393,,,,,,
q,overlap_dual,10,0.4079000885205849,50.0,,0.001,,0.5,100,0.21330685286967843,0.2088390237908745,0.9982486865148862,0.723404255319149,,,,,,
q,overlap_dual,10,0.4079000885205849,50.0,,0.001,,0.5,500,0.46998255672656897,0.32701050743947535,0.9996634129922585,0.9311740890688259,,,,,,
q,overlap_dual,11,0.3930309155773696,50.0,,0.001,,0.5,100,0.222440531850139,0.1956460393986975,0.9145454545454546,0.7849462365591398,,,,,,
q,overlap_dual,11,0.3930309155773696,50.0,,0.001,,0.5,500,0.2471437619018001,0.19406085121732808,0.9840677966101695,0.9594320486815415,,,,,,
q,overlap_dual,4,0.37101257772393886,50.0,,0.001,,0.5,100,0.2481742570282892,0.24168008742276526,0.9704251386321626,0.8631578947368421,,,,,,
q,overlap_dual,4,0.37101257772393886,50.0,,0.001,,0.5,500,0.2553470358108261,0.18301892785155305,0.9945596735804149,0.9737373737373738,,,,,,
q,overlap_dual,5,0.3651686992655145,50.0,,0.001,,0.5,100,0.2757148981247743,0.23289498702867262,0.9073426573426573,0.7553191489361702,,,,,,
q,overlap_dual,5,0.3651686992655145,50.0,,0.001,,0.5,500,0.33757522518844696,0.288967197825597,0.9821668909825033,0.9473684210526315,,,,,,
q,overlap_dual,6,0.3629220146144902,50.0,,0.001,,0.5,100,0.2480699221062559,0.16836616996611697,0.9497307001795332,0.8279569892473119,,,,,,
q,overlap_dual,6,0.3629220146144902,50.0,,0.001,,0.5,500,0.3549289819450612,0.3549289819450612,0.9905309435238417,0.9675456389452333,,,,,,
q,overlap_dual,7,0.37257710677754813,50.0,,0.001,,0.5,100,0.19895786442198948,0.11921706789330694,0.9438596491228071,0.6914893617021277,,,,,,
q,overlap_dual,7,0.37257710677754813,50.0,,0.001,,0.5,500,0.29563438645442996,0.2536068564276488,0.9892255892255892,0.9412955465587044,,,,,,
q,dual_x_dim,4,0.6300742150314218,50.0,,0.0,16.0,,100,4.192118874257744e-09,3.678338411639004e-09,1.0,1.0,,,,,,
q,dual_x_dim,4,0.6300742150314218,50.0,,0.0,16.0,,500,5.890675947028967e-09,5.3852324821690445e-09,1.0,1.0,,,,,,
q,dual_x_dim,5,0.6298305822462573,50.0,,0.0,16.0,,100,3.991383668022763e-09,3.991383668022763e-09,1.0,1.0,,,,,,
q,dual_x_dim,5,0.6298305822462573,50.0,,0.0,16.0,,500,7.391794953903741e-09,7.391794953903741e-09,1.0,1.0,,,,,,
q,dual_x_dim,6,0.5379516056751762,50.0,,0.0,16.0,,100,3.8237786270656215e-09,3.6929403979257813e-09,1.0,1.0,,,,,,
q,dual_x_dim,6,0.5379516056751762,50.0,,0.0,16.0,,500,1.0033745168058772e-08,1.0033745168058772e-08,1.0,1.0,,,,,,
q,dual_x_dim,7,0.5504159944126669,50.0,,0.0,16.0,,100,4.121680108326586e-09,4.0858860739234615e-09,1.0,1.0,,,,,,
q,dual_x_dim,7,0.5504159944126669,50.0,,0.0,16.0,,500,7.009790081724532e-09,6.0809044466481055e-09,1.0,1.0,,,,,,
q,dual_x_dim,0,0.5824868497238714,50.0,,0.0,16.0,,100,4.060933256333499e-09,4.060933256333499e-09,1.0,1.0,,,,,,
q,dual_x_dim,0,0.5824868497238714,50.0,,0.0,16.0,,500,6.951560216350572e-09,5.728563401419251e-09,1.0,1.0,,,,,,
q,dual_x_dim,1,0.7171173891637045,50.0,,0.0,16.0,,100,3.582399488166743e-09,3.553584093651807e-09,1.0,1.0,,,,,,
q,dual_x_dim,1,0.7171173891637045,50.0,,0.0,16.0,,500,7.348054609224164e-09,7.162106907543375e-09,1.0,1.0,,,,,,
q,dual_x_dim,2,0.5337551337145325,50.0,,0.0,16.0,,100,3.9222080028267214e-09,3.9222080028267214e-09,1.0,1.0,,,,,,
q,dual_x_dim,2,0.5337551337145325,50.0,,0.0,16.0,,500,7.426481651862105e-09,6.989155032499639e-09,1.0,1.0,,,,,,
q,dual_x_dim,3,0.6316069804967541,50.0,,0.0,16.0,,100,4.5095153167196145e-09,4.5095153167196145e-09,1.0,1.0,,,,,,
q,dual_x_dim,3,0.6316069804967541,50.0,,0.0,16.0,,500,9.848782678290036e-09,8.879053936539094e-09,1.0,1.0,,,,,,
q,dual_x_dim,8,0.5503838769727527,50.0,,0.0,16.0,,100,5.204388253687853e-09,5.065021291272842e-09,1.0,1.0,,,,,,
q,dual_x_dim,8,0.5503838769727527,50.0,,0.0,16.0,,500,8.559178032996329e-09,7.016661918157752e-09,1.0,1.0,,,,,,
q,dual_x_dim,9,0.5859552892639311,50.0,,0.0,16.0,,100,3.857366204229606e-09,3.857366204229606e-09,1.0,1.0,,,,,,
q,dual_x_dim,9,0.5859552892639311,50.0,,0.0,16.0,,500,9.956324209525746e-09,9.667976641480891e-09,1.0,1.0,,,,,,
q,dual_x_dim,10,0.6786980429492779,50.0,,0.0,16.0,,100,4.519197016605858e-09,4.519197016605858e-09,1.0,1.0,,,,,,
q,dual_x_dim,10,0.6786980429492779,50.0,,0.0,16.0,,500,8.144614538352357e-09,8.021240782696282e-09,1.0,1.0,,,,,,
q,dual_x_dim,11,0.6685670290921756,50.0,,0.0,16.0,,100,3.761840616789414e-09,3.53069551373153e-09,1.0,1.0,,,,,,
q,dual_x_dim,11,0.6685670290921756,50.0,,0.0,16.0,,500,6.935317209411096e-09,6.745902947358218e-09,1.0,1.0,,,,,,
q,dual_x_dim,12,0.5855076028423207,50.0,,0.0,16.0,,100,4.657112473438474e-09,4.657112473438474e-09,1.0,1.0,,,,,,
q,dual_x_dim,12,0.5855076028423207,50.0,,0.0,16.0,,500,7.439919347262958e-09,6.833380528092903e-09,1.0,1.0,,,,,,
q,dual_x_dim,13,0.7023461508614937,50.0,,0.0,16.0,,100,4.6322816693589175e-09,4.549292720312792e-09,1.0,1.0,,,,,,
q,dual_x_dim,13,0.7023461508614937,50.0,,0.0,16.0,,500,4.92625074066666e-09,3.2771723113000917e-09,1.0,1.0,,,,,,
q,dual_x_dim,14,0.6812192772386215,50.0,,0.0,16.0,,100,5.095108945862847e-09,5.0218408320645835e-09,1.0,1.0,,,,,,
q,dual_x_dim,14,0.6812192772386215,50.0,,0.0,16.0,,500,8.60959925574889e-09,8.132233997315552e-09,1.0,1.0,,,,,,
q,dual_x_dim,15,0.7863103197713137,50.0,,0.0,16.0,,100,4.5206279830622975e-09,4.5206279830622975e-09,1.0,1.0,,,,,,
q,dual_x_dim,15,0.7863103197713137,50.0,,0.0,16.0,,500,7.266085066959249e-09,4.660501540243445e-09,1.0,1.0,,,,,,
q,dual_x_dim,16,0.597152494276281,50.0,,0.0,16.0,,100,4.64093763419271e-09,4.564431721476581e-09,1.0,1.0,,,,,,
q,dual_x_dim,16,0.597152494276281,50.0,,0.0,16.0,,500,7.144774993861347e-09,5.450514706240028e-09,1.0,1.0,,,,,,
q,dual_x_dim,17,0.7668002575527149,50.0,,0.0,16.0,,100,4.399640429753049e-09,4.349555160487739e-09,1.0,1.0,,,,,,
q,dual_x_dim,17,0.7668002575527149,50.0,,0.0,16.0,,500,1.1231034102721082e-08,1.1231034102721082e-08,1.0,1.0,,,,,,
q,dual_x_dim,18,0.6186314551596767,50.0,,0.0,16.0,,100,3.5834480938135016e-09,3.5751576143994157e-09,1.0,1.0,,,,,,
q,dual_x_dim,18,0.6186314551596767,50.0,,0.0,16.0,,500,9.149912383321634e-09,8.441491949895408e-09,1.0,1.0,,,,,,
q,dual_x_dim,19,0.6570521997836933,50.0,,0.0,16.0,,100,4.145236043306966e-09,3.71976405233454e-09,1.0,1.0,,,,,,
q,dual_x_dim,19,0.6570521997836933,50.0,,0.0,16.0,,500,8.706312448758524e-09,8.706312448758524e-09,1.0,1.0,,,,,,
q,overlap_dual,16,0.3235564588898249,50.0,,0.001,,0.5,100,0.442472606617091,0.442472606617091,0.9785330948121646,0.776595744680851,,,,,,
q,overlap_dual,16,0.3235564588898249,50.0,,0.001,,0.5,500,0.44559077363886745,0.22347155928121332,0.9959445758702264,0.9534412955465587,,,,,,
q,overlap_dual,17,0.34011942971019843,50.0,,0.001,,0.5,100,0.13653262491955864,0.13226758633371738,0.9921259842519685,0.8723404255319149,,,,,,
q,overlap_dual,17,0.34011942971019843,50.0,,0.001,,0.5,500,0.3268229434296228,0.299848940960608,0.9986244841815681,0.9757085020242915,,,,,,
q,overlap_dual,18,0.36530862947077997,50.0,,0.001,,0.5,100,0.27576283083956554,0.27576283083956554,0.9716814159292035,0.6666666666666666,,,,,,
q,overlap_dual,18,0.36530862947077997,50.0,,0.001,,0.5,500,0.36776295269817805,0.3079678403240451,0.9946037099494098,0.9330628803245437,,,,,,
q,overlap_dual,19,0.3715613542211524,50.0,,0.001,,0.5,100,0.168885150602967,0.16714148994855804,0.9947275922671354,0.8152173913043478,,,,,,
q,overlap_dual,19,0.3715613542211524,50.0,,0.001,,0.5,500,0.2490096865179876,0.18348415801940382,0.998989558773998,0.9654471544715447,,,,,,
q,overlap_dual,12,0.38009497916430235,50.0,,0.001,,0.5,100,0.19221583419257993,0.1674345356278073,0.9806338028169014,0.7473684210526316,,,,,,
q,overlap_dual,12,0.38009497916430235,50.0,,0.001,,0.5,500,0.22709404949821754,0.21515939788626448,0.9962938005390836,0.9474747474747475,,,,,,
q,overlap_dual,13,0.41491071898549386,50.0,,0.001,,0.5,100,0.16178603527144642,0.14112891099394365,0.8946428571428572,0.8085106382978723,,,,,,
q,overlap_dual,13,0.41491071898549386,50.0,,0.001,,0.5,500,0.3083386895195219,0.2167721053654772,0.9746621621621622,0.9574898785425101,,,,,,
q,overlap_dual,14,0.33228803280301505,50.0,,0.001,,0.5,100,0.1767967040767941,0.1767967040767941,0.9876325088339223,0.6526315789473685,,,,,,
q,overlap_dual,14,0.33228803280301505,50.0,,0.001,,0.5,500,0.26504425580664925,0.2617659726643218,0.9956169925826028,0.8626262626262626,,,,,,
q,overlap_dual,15,0.3739780323104254,50.0,,0.001,,0.5,100,0.16445885269318514,0.09589619043623057,0.9602076124567474,0.6526315789473685,,,,,,
q,overlap_dual,15,0.3739780323104254,50.0,,0.001,,0.5,500,0.29525219334214037,0.17722902399673157,0.9858965748824715,0.8646464646464647,,,,,,
q,dual_x_dim,0,0.5421668878304189,50.0,,0.0,24.0,,100,4.060933256333499e-09,4.060933256333499e-09,1.0,1.0,,,,,,
q,dual_x_dim,0,0.5421668878304189,50.0,,0.0,24.0,,500,6.951560216350572e-09,5.728563401419251e-09,1.0,1.0,,,,,,
q,dual_x_dim,1,0.5678731396400899,50.0,,0.0,24.0,,100,3.582399488166743e-09,3.553584093651807e-09,1.0,1.0,,,,,,
q,dual_x_dim,1,0.5678731396400899,50.0,,0.0,24.0,,500,7.348054609224164e-09,7.162106907543375e-09,1.0,1.0,,,,,,
q,dual_x_dim,2,0.5162001740529778,50.0,,0.0,24.0,,100,3.9222080028267214e-09,3.9222080028267214e-09,1.0,1.0,,,,,,
q,dual_x_dim,2,0.5162001740529778,50.0,,0.0,24.0,,500,7.426481651862105e-09,6.989155032499639e-09,1.0,1.0,,,,,,
q,dual_x_dim,3,0.6063246315124409,50.0,,0.0,24.0,,100,4.5095153167196145e-09,4.5095153167196145e-09,1.0,1.0,,,,,,
q,dual_x_dim,3,0.6063246315124409,50.0,,0.0,24.0,,500,9.848782678290036e-09,8.879053936539094e-09,1.0,1.0,,,,,,
q,dual_x_dim,4,0.5650160744942002,50.0,,0.0,24.0,,100,4.192118874257744e-09,3.678338411639004e-09,1.0,1.0,,,,,,
q,dual_x_dim,4,0.5650160744942002,50.0,,0.0,24.0,,500,5.890675947028967e-09,5.3852324821690445e-09,1.0,1.0,,,,,,
q,dual_x_dim,5,0.44867717946593005,50.0,,0.0,24.0,,100,3.991383668022763e-09,3.991383668022763e-09,1.0,1.0,,,,,,
q,dual_x_dim,5,0.44867717946593005,50.0,,0.0,24.0,,500,7.391794953903741e-09,7.391794953903741e-09,1.0,1.0,,,,,,
q,dual_x_dim,6,0.4733353937396358,50.0,,0.0,24.0,,100,3.8237786270656215e-09,3.6929403979257813e-09,1.0,1.0,,,,,,
q,dual_x_dim,6,0.4733353937396358,50.0,,0.0,24.0,,500,1.0033745168058772e-08,1.0033745168058772e-08,1.0,1.0,,,,,,
q,dual_x_dim,7,0.4848911240174937,50.0,,0.0,24.0,,100,4.121680108326586e-09,4.0858860739234615e-09,1.0,1.0,,,,,,
q,dual_x_dim,7,0.4848911240174937,50.0,,0.0,24.0,,500,7.009790081724532e-09,6.0809044466481055e-09,1.0,1.0,,,,,,
q,dual_x_dim,8,0.49594634213790467,50.0,,0.0,24.0,,100,5.204388253687853e-09,5.065021291272842e-09,1.0,1.0,,,,,,
q,dual_x_dim,8,0.49594634213790467,50.0,,0.0,24.0,,500,8.559178032996329e-09,7.016661918157752e-09,1.0,1.0,,,,,,
q,dual_x_dim,9,0.5641386095086601,50.0,,0.0,24.0,,100,3.857366204229606e-09,3.857366204229606e-09,1.0,1.0,,,,,,
q,dual_x_dim,9,0.5641386095086601,50.0,,0.0,24.0,,500,9.956324209525746e-09,9.667976641480891e-09,1.0,1.0,,,,,,
q,dual_x_dim,10,0.5394950538589948,50.0,,0.0,24.0,,100,4.519197016605858e-09,4.519197016605858e-09,1.0,1.0,,,,,,
q,dual_x_dim,10,0.5394950538589948,50.0,,0.0,24.0,,500,8.144614538352357e-09,8.021240782696282e-09,1.0,1.0,,,,,,
q,dual_x_dim,11,0.4323375414471957,50.0,,0.0,24.0,,100,3.761840616789414e-09,3.53069551373153e-09,1.0,1.0,,,,,,
q,dual_x_dim,11,0.4323375414471957,50.0,,0.0,24.0,,500,6.935317209411096e-09,6.745902947358218e-09,1.0,1.0,,,,,,
q,dual_x_dim,12,0.6063071845964549,50.0,,0.0,24.0,,100,4.657112473438474e-09,4.657112473438474e-09,1.0,1.0,,,,,,
q,dual_x_dim,12,0.6063071845964549,50.0,,0.0,24.0,,500,7.439919347262958e-09,6.833380528092903e-09,1.0,1.0,,,,,,
q,dual_x_dim,13,0.6143260030494101,50.0,,0.0,24.0,,100,4.6322816693589175e-09,4.549292720312792e-09,1.0,1.0,,,,,,
q,dual_x_dim,13,0.6143260030494101,50.0,,0.0,24.0,,500,4.92625074066666e-09,3.2771723113000917e-09,1.0,1.0,,,,,,
q,dual_x_dim,14,0.6899588145802447,50.0,,0.0,24.0,,100,5.095108945862847e-09,5.0218408320645835e-09,1.0,1.0,,,,,,
q,dual_x_dim,14,0.6899588145802447,50.0,,0.0,24.0,,500,8.60959925574889e-09,8.132233997315552e-09,1.0,1.0,,,,,,
q,dual_x_dim,15,0.640572464930069,50.0,,0.0,24.0,,100,4.5206279830622975e-09,4.5206279830622975e-09,1.0,1.0,,,,,,
q,dual_x_dim,15,0.640572464930069,50.0,,0.0,24.0,,500,7.266085066959249e-09,4.660501540243445e-09,1.0,1.0,,,,,,
q,dual_x_dim,0,0.475488624112919,50.0,,0.0,32.0,,100,4.060933256333499e-09,4.060933256333499e-09,1.0,1.0,,,,,,
q,dual_x_dim,0,0.475488624112919,50.0,,0.0,32.0,,500,6.951560216350572e-09,5.728563401419251e-09,1.0,1.0,,,,,,
q,dual_x_dim,1,0.40812779004929994,50.0,,0.0,32.0,,100,3.582399488166743e-09,3.553584093651807e-09,1.0,1.0,,,,,,
q,dual_x_dim,1,0.40812779004929994,50.0,,0.0,32.0,,500,7.348054609224164e-09,7.162106907543375e-09,1.0,1.0,,,,,,
q,dual_x_dim,2,0.4730093470080129,50.0,,0.0,32.0,,100,3.9222080028267214e-09,3.9222080028267214e-09,1.0,1.0,,,,,,
q,dual_x_dim,2,0.4730093470080129,50.0,,0.0,32.0,,500,7.426481651862105e-09,6.989155032499639e-09,1.0,1.0,,,,,,
q,dual_x_dim,3,0.4466934199958885,50.0,,0.0,32.0,,100,4.5095153167196145e-09,4.5095153167196145e-09,1.0,1.0,,,,,,
q,dual_x_dim,3,0.4466934199958885,50.0,,0.0,32.0,,500,9.848782678290036e-09,8.879053936539094e-09,1.0,1.0,,,,,,
q,dual_x_dim,16,0.5596173010815712,50.0,,0.0,24.0,,100,4.64093763419271e-09,4.564431721476581e-09,1.0,1.0,,,,,,
q,dual_x_dim,16,0.5596173010815712,50.0,,0.0,24.0,,500,7.144774993861347e-09,5.450514706240028e-09,1.0,1.0,,,,,,
q,dual_x_dim,17,0.5485645062802906,50.0,,0.0,24.0,,100,4.399640429753049e-09,4.349555160487739e-09,1.0,1.0,,,,,,
q,dual_x_dim,17,0.5485645062802906,50.0,,0.0,24.0,,500,1.1231034102721082e-08,1.1231034102721082e-08,1.0,1.0,,,,,,
q,dual_x_dim,18,0.4947893552771776,50.0,,0.0,24.0,,100,3.5834480938135016e-09,3.5751576143994157e-09,1.0,1.0,,,,,,
q,dual_x_dim,18,0.4947893552771776,50.0,,0.0,24.0,,500,9.149912383321634e-09,8.441491949895408e-09,1.0,1.0,,,,,,
q,dual_x_dim,19,0.4921353463804619,50.0,,0.0,24.0,,100,4.145236043306966e-09,3.71976405233454e-09,1.0,1.0,,,,,,
q,dual_x_dim,19,0.4921353463804619,50.0,,0.0,24.0,,500,8.706312448758524e-09,8.706312448758524e-09,1.0,1.0,,,,,,
q,dual_x_dim,8,0.43855644177086944,50.0,,0.0,32.0,,100,5.204388253687853e-09,5.065021291272842e-09,1.0,1.0,,,,,,
q,dual_x_dim,8,0.43855644177086944,50.0,,0.0,32.0,,500,8.559178032996329e-09,7.016661918157752e-09,1.0,1.0,,,,,,
q,dual_x_dim,9,0.41686723547078175,50.0,,0.0,32.0,,100,3.857366204229606e-09,3.857366204229606e-09,1.0,1.0,,,,,,
q,dual_x_dim,9,0.41686723547078175,50.0,,0.0,32.0,,500,9.956324209525746e-09,9.667976641480891e-09,1.0,1.0,,,,,,
q,dual_x_dim,10,0.4462354434217582,50.0,,0.0,32.0,,100,4.519197016605858e-09,4.519197016605858e-09,1.0,1.0,,,,,,
q,dual_x_dim,10,0.4462354434217582,50.0,,0.0,32.0,,500,8.144614538352357e-09,8.021240782696282e-09,1.0,1.0,,,,,,
q,dual_x_dim,11,0.3453439906042841,50.0,,0.0,32.0,,100,3.761840616789414e-09,3.53069551373153e-09,1.0,1.0,,,,,,
q,dual_x_dim,11,0.3453439906042841,50.0,,0.0,32.0,,500,6.935317209411096e-09,6.745902947358218e-09,1.0,1.0,,,,,,
q,dual_x_dim,4,0.5533154376476055,50.0,,0.0,32.0,,100,4.192118874257744e-09,3.678338411639004e-09,1.0,1.0,,,,,,
q,dual_x_dim,4,0.5533154376476055,50.0,,0.0,32.0,,500,5.890675947028967e-09,5.3852324821690445e-09,1.0,1.0,,,,,,
q,dual_x_dim,5,0.37342721982998295,50.0,,0.0,32.0,,100,3.991383668022763e-09,3.991383668022763e-09,1.0,1.0,,,,,,
q,dual_x_dim,5,0.37342721982998295,50.0,,0.0,32.0,,500,7.391794953903741e-09,7.391794953903741e-09,1.0,1.0,,,,,,
q,dual_x_dim,6,0.42978362336359666,50.0,,0.0,32.0,,100,3.8237786270656215e-09,3.6929403979257813e-09,1.0,1.0,,,,,,
q,dual_x_dim,6,0.42978362336359666,50.0,,0.0,32.0,,500,1.0033745168058772e-08,1.0033745168058772e-08,1.0,1.0,,,,,,
q,dual_x_dim,7,0.44008905448805447,50.0,,0.0,32.0,,100,4.121680108326586e-09,4.0858860739234615e-09,1.0,1.0,,,,,,
q,dual_x_dim,7,0.44008905448805447,50.0,,0.0,32.0,,500,7.009790081724532e-09,6.0809044466481055e-09,1.0,1.0,,,,,,
q,dual_x_dim,12,0.5218634903299535,50.0,,0.0,32.0,,100,4.657112473438474e-09,4.657112473438474e-09,1.0,1.0,,,,,,
q,dual_x_dim,12,0.5218634903299535,50.0,,0.0,32.0,,500,7.439919347262958e-09,6.833380528092903e-09,1.0,1.0,,,,,,
q,dual_x_dim,13,0.42062264887055334,50.0,,0.0,32.0,,100,4.6322816693589175e-09,4.549292720312792e-09,1.0,1.0,,,,,,
q,dual_x_dim,13,0.42062264887055334,50.0,,0.0,32.0,,500,4.92625074066666e-09,3.2771723113000917e-09,1.0,1.0,,,,,,
q,dual_x_dim,14,0.4990514455594063,50.0,,0.0,32.0,,100,5.095108945862847e-09,5.0218408320645835e-09,1.0,1.0,,,,,,
q,dual_x_dim,14,0.4990514455594063,50.0,,0.0,32.0,,500,8.60959925574889e-09,8.132233997315552e-09,1.0,1.0,,,,,,
q,dual_x_dim,15,0.47267108630892485,50.0,,0.0,32.0,,100,4.5206279830622975e-09,4.5206279830622975e-09,1.0,1.0,,,,,,
q,dual_x_dim,15,0.47267108630892485,50.0,,0.0,32.0,,500,7.266085066959249e-09,4.660501540243445e-09,1.0,1.0,,,,,,
q,dual_x_dim,16,0.45145873378777773,50.0,,0.0,32.0,,100,4.64093763419271e-09,4.564431721476581e-09,1.0,1.0,,,,,,
q,dual_x_dim,16,0.45145873378777773,50.0,,0.0,32.0,,500,7.144774993861347e-09,5.450514706240028e-09,1.0,1.0,,,,,,
q,dual_x_dim,17,0.4502359836938825,50.0,,0.0,32.0,,100,4.399640429753049e-09,4.349555160487739e-09,1.0,1.0,,,,,,
q,dual_x_dim,17,0.4502359836938825,50.0,,0.0,32.0,,500,1.1231034102721082e-08,1.1231034102721082e-08,1.0,1.0,,,,,,
q,dual_x_dim,18,0.5626601659757056,50.0,,0.0,32.0,,100,3.5834480938135016e-09,3.5751576143994157e-09,1.0,1.0,,,,,,
q,dual_x_dim,18,0.5626601659757056,50.0,,0.0,32.0,,500,9.149912383321634e-09,8.441491949895408e-09,1.0,1.0,,,,,,
q,dual_x_dim,19,0.41077051363789985,50.0,,0.0,32.0,,100,4.145236043306966e-09,3.71976405233454e-09,1.0,1.0,,,,,,
q,dual_x_dim,19,0.41077051363789985,50.0,,0.0,32.0,,500,8.706312448758524e-09,8.706312448758524e-09,1.0,1.0,,,,,,
q,dual_x_dim,0,0.3221759901052828,50.0,,0.0,64.0,,100,4.060933256333499e-09,4.060933256333499e-09,1.0,1.0,,,,,,
q,dual_x_dim,0,0.3221759901052828,50.0,,0.0,64.0,,500,6.951560216350572e-09,5.728563401419251e-09,1.0,1.0,,,,,,
q,dual_x_dim,1,0.29558078375967123,50.0,,0.0,64.0,,100,3.582399488166743e-09,3.553584093651807e-09,1.0,1.0,,,,,,
q,dual_x_dim,1,0.29558078375967123,50.0,,0.0,64.0,,500,7.348054609224164e-09,7.162106907543375e-09,1.0,1.0,,,,,,
q,dual_x_dim,2,0.3180382777636512,50.0,,0.0,64.0,,100,3.9222080028267214e-09,3.9222080028267214e-09,1.0,1.0,,,,,,
q,dual_x_dim,2,0.3180382777636512,50.0,,0.0,64.0,,500,7.426481651862105e-09,6.989155032499639e-09,1.0,1.0,,,,,,
q,dual_x_dim,3,0.36692874187724284,50.0,,0.0,64.0,,100,4.5095153167196145e-09,4.5095153167196145e-09,1.0,1.0,,,,,,
q,dual_x_dim,3,0.36692874187724284,50.0,,0.0,64.0,,500,9.848782678290036e-09,8.879053936539094e-09,1.0,1.0,,,,,,
q,dual_x_dim,4,0.4116536270898129,50.0,,0.0,64.0,,100,4.192118874257744e-09,3.678338411639004e-09,1.0,1.0,,,,,,
q,dual_x_dim,4,0.4116536270898129,50.0,,0.0,64.0,,500,5.890675947028967e-09,5.3852324821690445e-09,1.0,1.0,,,,,,
q,dual_x_dim,5,0.29343300693331814,50.0,,0.0,64.0,,100,3.991383668022763e-09,3.991383668022763e-09,1.0,1.0,,,,,,
q,dual_x_dim,5,0.29343300693331814,50.0,,0.0,64.0,,500,7.391794953903741e-09,7.391794953903741e-09,1.0,1.0,,,,,,
q,dual_x_dim,6,0.42163379283891284,50.0,,0.0,64.0,,100,3.8237786270656215e-09,3.6929403979257813e-09,1.0,1.0,,,,,,
q,dual_x_dim,6,0.42163379283891284,50.0,,0.0,64.0,,500,1.0033745168058772e-08,1.0033745168058772e-08,1.0,1.0,,,,,,
q,dual_x_dim,7,0.34813570903299706,50.0,,0.0,64.0,,100,4.121680108326586e-09,4.0858860739234615e-09,1.0,1.0,,,,,,
q,dual_x_dim,7,0.34813570903299706,50.0,,0.0,64.0,,500,7.009790081724532e-09,6.0809044466481055e-09,1.0,1.0,,,,,,
q,dual_x_dim,8,0.31157596513111496,50.0,,0.0,64.0,,100,5.204388253687853e-09,5.065021291272842e-09,1.0,1.0,,,,,,
q,dual_x_dim,8,0.31157596513111496,50.0,,0.0,64.0,,500,8.559178032996329e-09,7.016661918157752e-09,1.0,1.0,,,,,,
q,dual_x_dim,9,0.34561243486758075,50.0,,0.0,64.0,,100,3.857366204229606e-09,3.857366204229606e-09,1.0,1.0,,,,,,
q,dual_x_dim,9,0.34561243486758075,50.0,,0.0,64.0,,500,9.956324209525746e-09,9.667976641480891e-09,1.0,1.0,,,,,,
q,dual_x_dim,10,0.378879289575792,50.0,,0.0,64.0,,100,4.519197016605858e-09,4.519197016605858e-09,1.0,1.0,,,,,,
q,dual_x_dim,10,0.378879289575792,50.0,,0.0,64.0,,500,8.144614538352357e-09,8.021240782696282e-09,1.0,1.0,,,,,,
q,dual_x_dim,11,0.32740539883828845,50.0,,0.0,64.0,,100,3.761840616789414e-09,3.53069551373153e-09,1.0,1.0,,,,,,
q,dual_x_dim,11,0.32740539883828845,50.0,,0.0,64.0,,500,6.935317209411096e-09,6.745902947358218e-09,1.0,1.0,,,,,,
q,dual_x_dim,12,0.37647967684533196,50.0,,0.0,64.0,,100,4.657112473438474e-09,4.657112473438474e-09,1.0,1.0,,,,,,
q,dual_x_dim,12,0.37647967684533196,50.0,,0.0,64.0,,500,7.439919347262958e-09,6.833380528092903e-09,1.0,1.0,,,,,,
q,dual_x_dim,13,0.3272847901693679,50.0,,0.0,64.0,,100,4.6322816693589175e-09,4.549292720312792e-09,1.0,1.0,,,,,,
q,dual_x_dim,13,0.3272847901693679,50.0,,0.0,64.0,,500,4.92625074066666e-09,3.2771723113000917e-09,1.0,1.0,,,,,,
q,dual_x_dim,14,0.32643791641323355,50.0,,0.0,64.0,,100,5.095108945862847e-09,5.0218408320645835e-09,1.0,1.0,,,,,,
q,dual_x_dim,14,0.32643791641323355,50.0,,0.0,64.0,,500,8.60959925574889e-09,8.132233997315552e-09,1.0,1.0,,,,,,
q,dual_x_dim,15,0.31240187704456923,50.0,,0.0,64.0,,100,4.5206279830622975e-09,4.5206279830622975e-09,1.0,1.0,,,,,,
q,dual_x_dim,15,0.31240187704456923,50.0,,0.0,64.0,,500,7.266085066959249e-09,4.660501540243445e-09,1.0,1.0,,,,,,
q,dual_x_dim,16,0.3106442961881303,50.0,,0.0,64.0,,100,4.64093763419271e-09,4.564431721476581e-09,1.0,1.0,,,,,,
q,dual_x_dim,16,0.3106442961881303,50.0,,0.0,64.0,,500,7.144774993861347e-09,5.450514706240028e-09,1.0,1.0,,,,,,
q,dual_x_dim,17,0.33758709179713225,50.0,,0.0,64.0,,100,4.399640429753049e-09,4.349555160487739e-09,1.0,1.0,,,,,,
q,dual_x_dim,17,0.33758709179713225,50.0,,0.0,64.0,,500,1.1231034102721082e-08,1.1231034102721082e-08,1.0,1.0,,,,,,
q,dual_x_dim,18,0.36277063351344463,50.0,,0.0,64.0,,100,3.5834480938135016e-09,3.5751576143994157e-09,1.0,1.0,,,,,,
q,dual_x_dim,18,0.36277063351344463,50.0,,0.0,64.0,,500,9.149912383321634e-09,8.441491949895408e-09,1.0,1.0,,,,,,
q,dual_x_dim,19,0.27197824426002815,50.0,,0.0,64.0,,100,4.145236043306966e-09,3.71976405233454e-09,1.0,1.0,,,,,,
q,dual_x_dim,19,0.27197824426002815,50.0,,0.0,64.0,,500,8.706312448758524e-09,8.706312448758524e-09,1.0,1.0,,,,,,
q,dual_x_dim,0,0.2769788139980297,50.0,,0.0,128.0,,100,4.060933256333499e-09,4.060933256333499e-09,1.0,1.0,,,,,,
q,dual_x_dim,0,0.2769788139980297,50.0,,0.0,128.0,,500,6.951560216350572e-09,5.728563401419251e-09,1.0,1.0,,,,,,
q,dual_x_dim,1,0.2437982963519862,50.0,,0.0,128.0,,100,3.582399488166743e-09,3.553584093651807e-09,1.0,1.0,,,,,,
q,dual_x_dim,1,0.2437982963519862,50.0,,0.0,128.0,,500,7.348054609224164e-09,7.162106907543375e-09,1.0,1.0,,,,,,
q,dual_x_dim,2,0.24339730327335968,50.0,,0.0,128.0,,100,3.9222080028267214e-09,3.9222080028267214e-09,1.0,1.0,,,,,,
q,dual_x_dim,2,0.24339730327335968,50.0,,0.0,128.0,,500,7.426481651862105e-09,6.989155032499639e-09,1.0,1.0,,,,,,
q,dual_x_dim,3,0.22659351652488344,50.0,,0.0,128.0,,100,4.5095153167196145e-09,4.5095153167196145e-09,1.0,1.0,,,,,,
q,dual_x_dim,3,0.22659351652488344,50.0,,0.0,128.0,,500,9.848782678290036e-09,8.879053936539094e-09,1.0,1.0,,,,,,
q,dual_x_dim,4,0.24637052301705475,50.0,,0.0,128.0,,100,4.192118874257744e-09,3.678338411639004e-09,1.0,1.0,,,,,,
q,dual_x_dim,4,0.24637052301705475,50.0,,0.0,128.0,,500,5.890675947028967e-09,5.3852324821690445e-09,1.0,1.0,,,,,,
q,dual_x_dim,5,0.20071251771841217,50.0,,0.0,128.0,,100,3.991383668022763e-09,3.991383668022763e-09,1.0,1.0,,,,,,
q,dual_x_dim,5,0.20071251771841217,50.0,,0.0,128.0,,500,7.391794953903741e-09,7.391794953903741e-09,1.0,1.0,,,,,,
q,dual_x_dim,6,0.2719857913570569,50.0,,0.0,128.0,,100,3.8237786270656215e-09,3.6929403979257813e-09,1.0,1.0,,,,,,
q,dual_x_dim,6,0.2719857913570569,50.0,,0.0,128.0,,500,1.0033745168058772e-08,1.0033745168058772e-08,1.0,1.0,,,,,,
q,dual_x_dim,7,0.2114275672740672,50.0,,0.0,128.0,,100,4.121680108326586e-09,4.0858860739234615e-09,1.0,1.0,,,,,,
q,dual_x_dim,7,0.2114275672740672,50.0,,0.0,128.0,,500,7.009790081724532e-09,6.0809044466481055e-09,1.0,1.0,,,,,,
q,dual_x_dim,8,0.21497418970360005,50.0,,0.0,128.0,,100,5.204388253687853e-09,5.065021291272842e-09,1.0,1.0,,,,,,
q,dual_x_dim,8,0.21497418970360005,50.0,,0.0,128.0,,500,8.559178032996329e-09,7.016661918157752e-09,1.0,1.0,,,,,,
q,dual_x_dim,9,0.25677513532597473,50.0,,0.0,128.0,,100,3.857366204229606e-09,3.857366204229606e-09,1.0,1.0,,,,,,
q,dual_x_dim,9,0.25677513532597473,50.0,,0.0,128.0,,500,9.956324209525746e-09,9.667976641480891e-09,1.0,1.0,,,,,,
q,dual_x_dim,10,0.24864634171425817,50.0,,0.0,128.0,,100,4.519197016605858e-09,4.519197016605858e-09,1.0,1.0,,,,,,
q,dual_x_dim,10,0.24864634171425817,50.0,,0.0,128.0,,500,8.144614538352357e-09,8.021240782696282e-09,1.0,1.0,,,,,,
q,dual_x_dim,11,0.19742178677610114,50.0,,0.0,128.0,,100,3.761840616789414e-09,3.53069551373153e-09,1.0,1.0,,,,,,
q,dual_x_dim,11,0.19742178677610114,50.0,,0.0,128.0,,500,6.935317209411096e-09,6.745902947358218e-09,1.0,1.0,,,,,,
q,dual_x_dim,12,0.2230611143413504,50.0,,0.0,128.0,,100,4.657112473438474e-09,4.657112473438474e-09,1.0,1.0,,,,,,
q,dual_x_dim,12,0.2230611143413504,50.0,,0.0,128.0,,500,7.439919347262958e-09,6.833380528092903e-09,1.0,1.0,,,,,,
q,dual_x_dim,13,0.2868358576336272,50.0,,0.0,128.0,,100,4.6322816693589175e-09,4.549292720312792e-09,1.0,1.0,,,,,,
q,dual_x_dim,13,0.2868358576336272,50.0,,0.0,128.0,,500,4.92625074066666e-09,3.2771723113000917e-09,1.0,1.0,,,,,,
q,dual_x_dim,14,0.260450112016454,50.0,,0.0,128.0,,100,5.095108945862847e-09,5.0218408320645835e-09,1.0,1.0,,,,,,
q,dual_x_dim,14,0.260450112016454,50.0,,0.0,128.0,,500,8.60959925574889e-09,8.132233997315552e-09,1.0,1.0,,,,,,
q,dual_x_dim,15,0.21082258344736124,50.0,,0.0,128.0,,100,4.5206279830622975e-09,4.5206279830622975e-09,1.0,1.0,,,,,,
q,dual_x_dim,15,0.21082258344736124,50.0,,0.0,128.0,,500,7.266085066959249e-09,4.660501540243445e-09,1.0,1.0,,,,,,
q,dual_x_dim,16,0.23833394272384162,50.0,,0.0,128.0,,100,4.64093763419271e-09,4.564431721476581e-09,1.0,1.0,,,,,,
q,dual_x_dim,16,0.23833394272384162,50.0,,0.0,128.0,,500,7.144774993861347e-09,5.450514706240028e-09,1.0,1.0,,,,,,
q,dual_x_dim,17,0.18109927793474564,50.0,,0.0,128.0,,100,4.399640429753049e-09,4.349555160487739e-09,1.0,1.0,,,,,,
q,dual_x_dim,17,0.18109927793474564,50.0,,0.0,128.0,,500,1.1231034102721082e-08,1.1231034102721082e-08,1.0,1.0,,,,,,
q,dual_x_dim,18,0.31053197415363676,50.0,,0.0,128.0,,100,3.5834480938135016e-09,3.5751576143994157e-09,1.0,1.0,,,,,,
q,dual_x_dim,18,0.31053197415363676,50.0,,0.0,128.0,,500,9.149912383321634e-09,8.441491949895408e-09,1.0,1.0,,,,,,
q,dual_x_dim,19,0.18282952887106366,50.0,,0.0,128.0,,100,4.145236043306966e-09,3.71976405233454e-09,1.0,1.0,,,,,,
q,dual_x_dim,19,0.18282952887106366,50.0,,0.0,128.0,,500,8.706312448758524e-09,8.706312448758524e-09,1.0,1.0,,,,,,
q,dual_x_dim,0,0.1561151590110898,50.0,,0.0,256.0,,100,4.060933256333499e-09,4.060933256333499e-09,1.0,1.0,,,,,,
q,dual_x_dim,0,0.1561151590110898,50.0,,0.0,256.0,,500,6.951560216350572e-09,5.728563401419251e-09,1.0,1.0,,,,,,
q,dual_x_dim,1,0.15445491624175076,50.0,,0.0,256.0,,100,3.582399488166743e-09,3.553584093651807e-09,1.0,1.0,,,,,,
q,dual_x_dim,1,0.15445491624175076,50.0,,0.0,256.0,,500,7.348054609224164e-09,7.162106907543375e-09,1.0,1.0,,,,,,
q,dual_x_dim,2,0.16114444286301777,50.0,,0.0,256.0,,100,3.9222080028267214e-09,3.9222080028267214e-09,1.0,1.0,,,,,,
q,dual_x_dim,2,0.16114444286301777,50.0,,0.0,256.0,,500,7.426481651862105e-09,6.989155032499639e-09,1.0,1.0,,,,,,
q,dual_x_dim,3,0.13866386499393055,50.0,,0.0,256.0,,100,4.5095153167196145e-09,4.5095153167196145e-09,1.0,1.0,,,,,,
q,dual_x_dim,3,0.13866386499393055,50.0,,0.0,256.0,,500,9.848782678290036e-09,8.879053936539094e-09,1.0,1.0,,,,,,
q,dual_x_dim,4,0.21990329369582884,50.0,,0.0,256.0,,100,4.192118874257744e-09,3.678338411639004e-09,1.0,1.0,,,,,,
q,dual_x_dim,4,0.21990329369582884,50.0,,0.0,256.0,,500,5.890675947028967e-09,5.3852324821690445e-09,1.0,1.0,,,,,,
q,dual_x_dim,5,0.17067975290917176,50.0,,0.0,256.0,,100,3.991383668022763e-09,3.991383668022763e-09,1.0,1.0,,,,,,
q,dual_x_dim,5,0.17067975290917176,50.0,,0.0,256.0,,500,7.391794953903741e-09,7.391794953903741e-09,1.0,1.0,,,,,,
q,dual_x_dim,6,0.18269616655706372,50.0,,0.0,256.0,,100,3.8237786270656215e-09,3.6929403979257813e-09,1.0,1.0,,,,,,
q,dual_x_dim,6,0.18269616655706372,50.0,,0.0,256.0,,500,1.0033745168058772e-08,1.0033745168058772e-08,1.0,1.0,,,,,,
q,dual_x_dim,7,0.13826212996288562,50.0,,0.0,256.0,,100,4.121680108326586e-09,4.0858860739234615e-09,1.0,1.0,,,,,,
q,dual_x_dim,7,0.13826212996288562,50.0,,0.0,256.0,,500,7.009790081724532e-09,6.0809044466481055e-09,1.0,1.0,,,,,,
q,dual_x_dim,12,0.1576595918302586,50.0,,0.0,256.0,,100,4.657112473438474e-09,4.657112473438474e-09,1.0,1.0,,,,,,
q,dual_x_dim,12,0.1576595918302586,50.0,,0.0,256.0,,500,7.439919347262958e-09,6.833380528092903e-09,1.0,1.0,,,,,,
q,dual_x_dim,13,0.18253185970822572,50.0,,0.0,256.0,,100,4.6322816693589175e-09,4.549292720312792e-09,1.0,1.0,,,,,,
q,dual_x_dim,13,0.18253185970822572,50.0,,0.0,256.0,,500,4.92625074066666e-09,3.2771723113000917e-09,1.0,1.0,,,,,,
q,dual_x_dim,14,0.13142538045178465,50.0,,0.0,256.0,,100,5.095108945862847e-09,5.0218408320645835e-09,1.0,1.0,,,,,,
q,dual_x_dim,14,0.13142538045178465,50.0,,0.0,256.0,,500,8.60959925574889e-09,8.132233997315552e-09,1.0,1.0,,,,,,
q,dual_x_dim,15,0.14793046647697203,50.0,,0.0,256.0,,100,4.5206279830622975e-09,4.5206279830622975e-09,1.0,1.0,,,,,,
q,dual_x_dim,15,0.14793046647697203,50.0,,0.0,256.0,,500,7.266085066959249e-09,4.660501540243445e-09,1.0,1.0,,,,,,
q,dual_x_dim,8,0.1738344351847317,50.0,,0.0,256.0,,100,5.204388253687853e-09,5.065021291272842e-09,1.0,1.0,,,,,,
q,dual_x_dim,8,0.1738344351847317,50.0,,0.0,256.0,,500,8.559178032996329e-09,7.016661918157752e-09,1.0,1.0,,,,,,
q,dual_x_dim,9,0.2133657125731659,50.0,,0.0,256.0,,100,3.857366204229606e-09,3.857366204229606e-09,1.0,1.0,,,,,,
q,dual_x_dim,9,0.2133657125731659,50.0,,0.0,256.0,,500,9.956324209525746e-09,9.667976641480891e-09,1.0,1.0,,,,,,
q,dual_x_dim,10,0.2254427509551922,50.0,,0.0,256.0,,100,4.519197016605858e-09,4.519197016605858e-09,1.0,1.0,,,,,,
q,dual_x_dim,10,0.2254427509551922,50.0,,0.0,256.0,,500,8.144614538352357e-09,8.021240782696282e-09,1.0,1.0,,,,,,
q,dual_x_dim,11,0.18400491382186593,50.0,,0.0,256.0,,100,3.761840616789414e-09,3.53069551373153e-09,1.0,1.0,,,,,,
q,dual_x_dim,11,0.18400491382186593,50.0,,0.0,256.0,,500,6.935317209411096e-09,6.745902947358218e-09,1.0,1.0,,,,,,
q,dual_x_dim,16,0.18161749868678914,50.0,,0.0,256.0,,100,4.64093763419271e-09,4.564431721476581e-09,1.0,1.0,,,,,,
q,dual_x_dim,16,0.18161749868678914,50.0,,0.0,256.0,,500,7.144774993861347e-09,5.450514706240028e-09,1.0,1.0,,,,,,
q,dual_x_dim,17,0.16047953125249814,50.0,,0.0,256.0,,100,4.399640429753049e-09,4.349555160487739e-09,1.0,1.0,,,,,,
q,dual_x_dim,17,0.16047953125249814,50.0,,0.0,256.0,,500,1.1231034102721082e-08,1.1231034102721082e-08,1.0,1.0,,,,,,
q,dual_x_dim,18,0.15352245847039855,50.0,,0.0,256.0,,100,3.5834480938135016e-09,3.5751576143994157e-09,1.0,1.0,,,,,,
q,dual_x_dim,18,0.15352245847039855,50.0,,0.0,256.0,,500,9.149912383321634e-09,8.441491949895408e-09,1.0,1.0,,,,,,
q,dual_x_dim,19,0.16055016960496735,50.0,,0.0,256.0,,100,4.145236043306966e-09,3.71976405233454e-09,1.0,1.0,,,,,,
q,dual_x_dim,19,0.16055016960496735,50.0,,0.0,256.0,,500,8.706312448758524e-09,8.706312448758524e-09,1.0,1.0,,,,,,
q,dual_x_dim,0,0.1030968424041055,50.0,,0.0,512.0,,100,4.060933256333499e-09,4.060933256333499e-09,1.0,1.0,,,,,,
q,dual_x_dim,0,0.1030968424041055,50.0,,0.0,512.0,,500,6.951560216350572e-09,5.728563401419251e-09,1.0,1.0,,,,,,
q,dual_x_dim,1,0.11402962694717797,50.0,,0.0,512.0,,100,3.582399488166743e-09,3.553584093651807e-09,1.0,1.0,,,,,,
q,dual_x_dim,1,0.11402962694717797,50.0,,0.0,512.0,,500,7.348054609224164e-09,7.162106907543375e-09,1.0,1.0,,,,,,
q,dual_x_dim,2,0.09277918554637624,50.0,,0.0,512.0,,100,3.9222080028267214e-09,3.9222080028267214e-09,1.0,1.0,,,,,,
q,dual_x_dim,2,0.09277918554637624,50.0,,0.0,512.0,,500,7.426481651862105e-09,6.989155032499639e-09,1.0,1.0,,,,,,
q,dual_x_dim,3,0.11894049171114318,50.0,,0.0,512.0,,100,4.5095153167196145e-09,4.5095153167196145e-09,1.0,1.0,,,,,,
q,dual_x_dim,3,0.11894049171114318,50.0,,0.0,512.0,,500,9.848782678290036e-09,8.879053936539094e-09,1.0,1.0,,,,,,
q,dual_x_dim,4,0.14268678140884683,50.0,,0.0,512.0,,100,4.192118874257744e-09,3.678338411639004e-09,1.0,1.0,,,,,,
q,dual_x_dim,4,0.14268678140884683,50.0,,0.0,512.0,,500,5.890675947028967e-09,5.3852324821690445e-09,1.0,1.0,,,,,,
q,dual_x_dim,5,0.10644876296519895,50.0,,0.0,512.0,,100,3.991383668022763e-09,3.991383668022763e-09,1.0,1.0,,,,,,
q,dual_x_dim,5,0.10644876296519895,50.0,,0.0,512.0,,500,7.391794953903741e-09,7.391794953903741e-09,1.0,1.0,,,,,,
q,dual_x_dim,6,0.12019731741215293,50.0,,0.0,512.0,,100,3.8237786270656215e-09,3.6929403979257813e-09,1.0,1.0,,,,,,
q,dual_x_dim,6,0.12019731741215293,50.0,,0.0,512.0,,500,1.0033745168058772e-08,1.0033745168058772e-08,1.0,1.0,,,,,,
q,dual_x_dim,7,0.11257652452691455,50.0,,0.0,512.0,,100,4.121680108326586e-09,4.0858860739234615e-09,1.0,1.0,,,,,,
q,dual_x_dim,7,0.11257652452691455,50.0,,0.0,512.0,,500,7.009790081724532e-09,6.0809044466481055e-09,1.0,1.0,,,,,,
q,dual_x_dim,8,0.14175730965559552,50.0,,0.0,512.0,,100,5.204388253687853e-09,5.065021291272842e-09,1.0,1.0,,,,,,
q,dual_x_dim,8,0.14175730965559552,50.0,,0.0,512.0,,500,8.559178032996329e-09,7.016661918157752e-09,1.0,1.0,,,,,,
q,dual_x_dim,9,0.133041364360873,50.0,,0.0,512.0,,100,3.857366204229606e-09,3.857366204229606e-09,1.0,1.0,,,,,,
q,dual_x_dim,9,0.133041364360873,50.0,,0.0,512.0,,500,9.956324209525746e-09,9.667976641480891e-09,1.0,1.0,,,,,,
q,dual_x_dim,10,0.11696794879720462,50.0,,0.0,512.0,,100,4.519197016605858e-09,4.519197016605858e-09,1.0,1.0,,,,,,
q,dual_x_dim,10,0.11696794879720462,50.0,,0.0,512.0,,500,8.144614538352357e-09,8.021240782696282e-09,1.0,1.0,,,,,,
q,dual_x_dim,11,0.12460176632558295,50.0,,0.0,512.0,,100,3.761840616789414e-09,3.53069551373153e-09,1.0,1.0,,,,,,
q,dual_x_dim,11,0.12460176632558295,50.0,,0.0,512.0,,500,6.935317209411096e-09,6.745902947358218e-09,1.0,1.0,,,,,,
q,dual_x_dim,16,0.11747950139268575,50.0,,0.0,512.0,,100,4.64093763419271e-09,4.564431721476581e-09,1.0,1.0,,,,,,
q,dual_x_dim,16,0.11747950139268575,50.0,,0.0,512.0,,500,7.144774993861347e-09,5.450514706240028e-09,1.0,1.0,,,,,,
q,dual_x_dim,17,0.14178263459597212,50.0,,0.0,512.0,,100,4.399640429753049e-09,4.349555160487739e-09,1.0,1.0,,,,,,
q,dual_x_dim,17,0.14178263459597212,50.0,,0.0,512.0,,500,1.1231034102721082e-08,1.1231034102721082e-08,1.0,1.0,,,,,,
q,dual_x_dim,18,0.09076250392557922,50.0,,0.0,512.0,,100,3.5834480938135016e-09,3.5751576143994157e-09,1.0,1.0,,,,,,
q,dual_x_dim,18,0.09076250392557922,50.0,,0.0,512.0,,500,9.149912383321634e-09,8.441491949895408e-09,1.0,1.0,,,,,,
q,dual_x_dim,19,0.12331536105543583,50.0,,0.0,512.0,,100,4.145236043306966e-09,3.71976405233454e-09,1.0,1.0,,,,,,
q,dual_x_dim,19,0.12331536105543583,50.0,,0.0,512.0,,500,8.706312448758524e-09,8.706312448758524e-09,1.0,1.0,,,,,,
q,dual_x_dim,12,0.13827661620596518,50.0,,0.0,512.0,,100,4.657112473438474e-09,4.657112473438474e-09,1.0,1.0,,,,,,
q,dual_x_dim,12,0.13827661620596518,50.0,,0.0,512.0,,500,7.439919347262958e-09,6.833380528092903e-09,1.0,1.0,,,,,,
q,dual_x_dim,13,0.11962817767956364,50.0,,0.0,512.0,,100,4.6322816693589175e-09,4.549292720312792e-09,1.0,1.0,,,,,,
q,dual_x_dim,13,0.11962817767956364,50.0,,0.0,512.0,,500,4.92625074066666e-09,3.2771723113000917e-09,1.0,1.0,,,,,,
q,dual_x_dim,14,0.13408705931864914,50.0,,0.0,512.0,,100,5.095108945862847e-09,5.0218408320645835e-09,1.0,1.0,,,,,,
q,dual_x_dim,14,0.13408705931864914,50.0,,0.0,512.0,,500,8.60959925574889e-09,8.132233997315552e-09,1.0,1.0,,,,,,
q,dual_x_dim,15,0.09673746703633918,50.0,,0.0,512.0,,100,4.5206279830622975e-09,4.5206279830622975e-09,1.0,1.0,,,,,,
q,dual_x_dim,15,0.09673746703633918,50.0,,0.0,512.0,,500,7.266085066959249e-09,4.660501540243445e-09,1.0,1.0,,,,,,
q,dual_x_dim,4,0.08582136460463576,50.0,,0.0,1024.0,,100,4.192118874257744e-09,3.678338411639004e-09,1.0,1.0,,,,,,
q,dual_x_dim,4,0.08582136460463576,50.0,,0.0,1024.0,,500,5.890675947028967e-09,5.3852324821690445e-09,1.0,1.0,,,,,,
q,dual_x_dim,5,0.09529049869152607,50.0,,0.0,1024.0,,100,3.991383668022763e-09,3.991383668022763e-09,1.0,1.0,,,,,,
q,dual_x_dim,5,0.09529049869152607,50.0,,0.0,1024.0,,500,7.391794953903741e-09,7.391794953903741e-09,1.0,1.0,,,,,,
q,dual_x_dim,6,0.08587568835618739,50.0,,0.0,1024.0,,100,3.8237786270656215e-09,3.6929403979257813e-09,1.0,1.0,,,,,,
q,dual_x_dim,6,0.08587568835618739,50.0,,0.0,1024.0,,500,1.0033745168058772e-08,1.0033745168058772e-08,1.0,1.0,,,,,,
q,dual_x_dim,7,0.08448072310305692,50.0,,0.0,1024.0,,100,4.121680108326586e-09,4.0858860739234615e-09,1.0,1.0,,,,,,
q,dual_x_dim,7,0.08448072310305692,50.0,,0.0,1024.0,,500,7.009790081724532e-09,6.0809044466481055e-09,1.0,1.0,,,,,,
q,dual_x_dim,0,0.08324559249809413,50.0,,0.0,1024.0,,100,4.060933256333499e-09,4.060933256333499e-09,1.0,1.0,,,,,,
q,dual_x_dim,0,0.08324559249809413,50.0,,0.0,1024.0,,500,6.951560216350572e-09,5.728563401419251e-09,1.0,1.0,,,,,,
q,dual_x_dim,1,0.09773989892106646,50.0,,0.0,1024.0,,100,3.582399488166743e-09,3.553584093651807e-09,1.0,1.0,,,,,,
q,dual_x_dim,1,0.09773989892106646,50.0,,0.0,1024.0,,500,7.348054609224164e-09,7.162106907543375e-09,1.0,1.0,,,,,,
q,dual_x_dim,2,0.09817623108532308,50.0,,0.0,1024.0,,100,3.9222080028267214e-09,3.9222080028267214e-09,1.0,1.0,,,,,,
q,dual_x_dim,2,0.09817623108532308,50.0,,0.0,1024.0,,500,7.426481651862105e-09,6.989155032499639e-09,1.0,1.0,,,,,,
q,dual_x_dim,3,0.12022087397697476,50.0,,0.0,1024.0,,100,4.5095153167196145e-09,4.5095153167196145e-09,1.0,1.0,,,,,,
q,dual_x_dim,3,0.12022087397697476,50.0,,0.0,1024.0,,500,9.848782678290036e-09,8.879053936539094e-09,1.0,1.0,,,,,,
q,dual_x_dim,8,0.0855617921909968,50.0,,0.0,1024.0,,100,5.204388253687853e-09,5.065021291272842e-09,1.0,1.0,,,,,,
q,dual_x_dim,8,0.0855617921909968,50.0,,0.0,1024.0,,500,8.559178032996329e-09,7.016661918157752e-09,1.0,1.0,,,,,,
q,dual_x_dim,9,0.10035694822361248,50.0,,0.0,1024.0,,100,3.857366204229606e-09,3.857366204229606e-09,1.0,1.0,,,,,,
q,dual_x_dim,9,0.10035694822361248,50.0,,0.0,1024.0,,500,9.956324209525746e-09,9.667976641480891e-09,1.0,1.0,,,,,,
q,dual_x_dim,10,0.09406626998612011,50.0,,0.0,1024.0,,100,4.519197016605858e-09,4.519197016605858e-09,1.0,1.0,,,,,,
q,dual_x_dim,10,0.09406626998612011,50.0,,0.0,1024.0,,500,8.144614538352357e-09,8.021240782696282e-09,1.0,1.0,,,,,,
q,dual_x_dim,11,0.09945804358707247,50.0,,0.0,1024.0,,100,3.761840616789414e-09,3.53069551373153e-09,1.0,1.0,,,,,,
q,dual_x_dim,11,0.09945804358707247,50.0,,0.0,1024.0,,500,6.935317209411096e-09,6.745902947358218e-09,1.0,1.0,,,,,,
q,dual_x_dim,12,0.06626174638131117,50.0,,0.0,1024.0,,100,4.657112473438474e-09,4.657112473438474e-09,1.0,1.0,,,,,,
q,dual_x_dim,12,0.06626174638131117,50.0,,0.0,1024.0,,500,7.439919347262958e-09,6.833380528092903e-09,1.0,1.0,,,,,,
q,dual_x_dim,13,0.08761840355965336,50.0,,0.0,1024.0,,100,4.6322816693589175e-09,4.549292720312792e-09,1.0,1.0,,,,,,
q,dual_x_dim,13,0.08761840355965336,50.0,,0.0,1024.0,,500,4.92625074066666e-09,3.2771723113000917e-09,1.0,1.0,,,,,,
q,dual_x_dim,14,0.09758045951667538,50.0,,0.0,1024.0,,100,5.095108945862847e-09,5.0218408320645835e-09,1.0,1.0,,,,,,
q,dual_x_dim,14,0.09758045951667538,50.0,,0.0,1024.0,,500,8.60959925574889e-09,8.132233997315552e-09,1.0,1.0,,,,,,
q,dual_x_dim,15,0.0830707630274445,50.0,,0.0,1024.0,,100,4.5206279830622975e-09,4.5206279830622975e-09,1.0,1.0,,,,,,
q,dual_x_dim,15,0.0830707630274445,50.0,,0.0,1024.0,,500,7.266085066959249e-09,4.660501540243445e-09,1.0,1.0,,,,,,
q,dual_x_dim,16,0.08225942591702709,50.0,,0.0,1024.0,,100,4.64093763419271e-09,4.564431721476581e-09,1.0,1.0,,,,,,
q,dual_x_dim,16,0.08225942591702709,50.0,,0.0,1024.0,,500,7.144774993861347e-09,5.450514706240028e-09,1.0,1.0,,,,,,
q,dual_x_dim,17,0.10326707211743168,50.0,,0.0,1024.0,,100,4.399640429753049e-09,4.349555160487739e-09,1.0,1.0,,,,,,
q,dual_x_dim,17,0.10326707211743168,50.0,,0.0,1024.0,,500,1.1231034102721082e-08,1.1231034102721082e-08,1.0,1.0,,,,,,
q,dual_x_dim,18,0.07596835511935024,50.0,,0.0,1024.0,,100,3.5834480938135016e-09,3.5751576143994157e-09,1.0,1.0,,,,,,
q,dual_x_dim,18,0.07596835511935024,50.0,,0.0,1024.0,,500,9.149912383321634e-09,8.441491949895408e-09,1.0,1.0,,,,,,
q,dual_x_dim,19,0.08491267679941217,50.0,,0.0,1024.0,,100,4.145236043306966e-09,3.71976405233454e-09,1.0,1.0,,,,,,
q,dual_x_dim,19,0.08491267679941217,50.0,,0.0,1024.0,,500,8.706312448758524e-09,8.706312448758524e-09,1.0,1.0,,,,,,
q,dual_x_dim,0,0.05281229448753218,50.0,,0.0,4096.0,,100,4.060933256333499e-09,4.060933256333499e-09,1.0,1.0,,,,,,
q,dual_x_dim,0,0.05281229448753218,50.0,,0.0,4096.0,,500,6.951560216350572e-09,5.728563401419251e-09,1.0,1.0,,,,,,
q,dual_x_dim,1,0.03323375362264121,50.0,,0.0,4096.0,,100,3.582399488166743e-09,3.553584093651807e-09,1.0,1.0,,,,,,
q,dual_x_dim,1,0.03323375362264121,50.0,,0.0,4096.0,,500,7.348054609224164e-09,7.162106907543375e-09,1.0,1.0,,,,,,
q,dual_x_dim,2,0.04517439621719188,50.0,,0.0,4096.0,,100,3.9222080028267214e-09,3.9222080028267214e-09,1.0,1.0,,,,,,
q,dual_x_dim,2,0.04517439621719188,50.0,,0.0,4096.0,,500,7.426481651862105e-09,6.989155032499639e-09,1.0,1.0,,,,,,
q,dual_x_dim,3,0.0427116544627979,50.0,,0.0,4096.0,,100,4.5095153167196145e-09,4.5095153167196145e-09,1.0,1.0,,,,,,
q,dual_x_dim,3,0.0427116544627979,50.0,,0.0,4096.0,,500,9.848782678290036e-09,8.879053936539094e-09,1.0,1.0,,,,,,
q,dual_x_dim,4,0.040015870266180115,50.0,,0.0,4096.0,,100,4.192118874257744e-09,3.678338411639004e-09,1.0,1.0,,,,,,
q,dual_x_dim,4,0.040015870266180115,50.0,,0.0,4096.0,,500,5.890675947028967e-09,5.3852324821690445e-09,1.0,1.0,,,,,,
q,dual_x_dim,5,0.03709134647177847,50.0,,0.0,4096.0,,100,3.991383668022763e-09,3.991383668022763e-09,1.0,1.0,,,,,,
q,dual_x_dim,5,0.03709134647177847,50.0,,0.0,4096.0,,500,7.391794953903741e-09,7.391794953903741e-09,1.0,1.0,,,,,,
q,dual_x_dim,6,0.04794923215448047,50.0,,0.0,4096.0,,100,3.8237786270656215e-09,3.6929403979257813e-09,1.0,1.0,,,,,,
q,dual_x_dim,6,0.04794923215448047,50.0,,0.0,4096.0,,500,1.0033745168058772e-08,1.0033745168058772e-08,1.0,1.0,,,,,,
q,dual_x_dim,7,0.038538289652744306,50.0,,0.0,4096.0,,100,4.121680108326586e-09,4.0858860739234615e-09,1.0,1.0,,,,,,
q,dual_x_dim,7,0.038538289652744306,50.0,,0.0,4096.0,,500,7.009790081724532e-09,6.0809044466481055e-09,1.0,1.0,,,,,,
q,dual_x_dim,8,0.054383597927018135,50.0,,0.0,4096.0,,100,5.204388253687853e-09,5.065021291272842e-09,1.0,1.0,,,,,,
q,dual_x_dim,8,0.054383597927018135,50.0,,0.0,4096.0,,500,8.559178032996329e-09,7.016661918157752e-09,1.0,1.0,,,,,,
q,dual_x_dim,9,0.03765310937715849,50.0,,0.0,4096.0,,100,3.857366204229606e-09,3.857366204229606e-09,1.0,1.0,,,,,,
q,dual_x_dim,9,0.03765310937715849,50.0,,0.0,4096.0,,500,9.956324209525746e-09,9.667976641480891e-09,1.0,1.0,,,,,,
q,dual_x_dim,10,0.04683774768564616,50.0,,0.0,4096.0,,100,4.519197016605858e-09,4.519197016605858e-09,1.0,1.0,,,,,,
q,dual_x_dim,10,0.04683774768564616,50.0,,0.0,4096.0,,500,8.144614538352357e-09,8.021240782696282e-09,1.0,1.0,,,,,,
q,dual_x_dim,11,0.05217513828362287,50.0,,0.0,4096.0,,100,3.761840616789414e-09,3.53069551373153e-09,1.0,1.0,,,,,,
q,dual_x_dim,11,0.05217513828362287,50.0,,0.0,4096.0,,500,6.935317209411096e-09,6.745902947358218e-09,1.0,1.0,,,,,,
q,dual_x_dim,12,0.037527120712285596,50.0,,0.0,4096.0,,100,4.657112473438474e-09,4.657112473438474e-09,1.0,1.0,,,,,,
q,dual_x_dim,12,0.037527120712285596,50.0,,0.0,4096.0,,500,7.439919347262958e-09,6.833380528092903e-09,1.0,1.0,,,,,,
q,dual_x_dim,13,0.03611361544770655,50.0,,0.0,4096.0,,100,4.6322816693589175e-09,4.549292720312792e-09,1.0,1.0,,,,,,
q,dual_x_dim,13,0.03611361544770655,50.0,,0.0,4096.0,,500,4.92625074066666e-09,3.2771723113000917e-09,1.0,1.0,,,,,,
q,dual_x_dim,14,0.046207983078083464,50.0,,0.0,4096.0,,100,5.095108945862847e-09,5.0218408320645835e-09,1.0,1.0,,,,,,
q,dual_x_dim,14,0.046207983078083464,50.0,,0.0,4096.0,,500,8.60959925574889e-09,8.132233997315552e-09,1.0,1.0,,,,,,
q,dual_x_dim,15,0.041232563561755656,50.0,,0.0,4096.0,,100,4.5206279830622975e-09,4.5206279830622975e-09,1.0,1.0,,,,,,
q,dual_x_dim,15,0.041232563561755656,50.0,,0.0,4096.0,,500,7.266085066959249e-09,4.660501540243445e-09,1.0,1.0,,,,,,
q,dual_x_dim,16,0.04797270734396558,50.0,,0.0,4096.0,,100,4.64093763419271e-09,4.564431721476581e-09,1.0,1.0,,,,,,
q,dual_x_dim,16,0.04797270734396558,50.0,,0.0,4096.0,,500,7.144774993861347e-09,5.450514706240028e-09,1.0,1.0,,,,,,
q,dual_x_dim,17,0.0520924933809918,50.0,,0.0,4096.0,,100,4.399640429753049e-09,4.349555160487739e-09,1.0,1.0,,,,,,
q,dual_x_dim,17,0.0520924933809918,50.0,,0.0,4096.0,,500,1.1231034102721082e-08,1.1231034102721082e-08,1.0,1.0,,,,,,
q,dual_x_dim,18,0.04858823919892398,50.0,,0.0,4096.0,,100,3.5834480938135016e-09,3.5751576143994157e-09,1.0,1.0,,,,,,
q,dual_x_dim,18,0.04858823919892398,50.0,,0.0,4096.0,,500,9.149912383321634e-09,8.441491949895408e-09,1.0,1.0,,,,,,
q,dual_x_dim,19,0.03839218641664325,50.0,,0.0,4096.0,,100,4.145236043306966e-09,3.71976405233454e-09,1.0,1.0,,,,,,
q,dual_x_dim,19,0.03839218641664325,50.0,,0.0,4096.0,,500,8.706312448758524e-09,8.706312448758524e-09,1.0,1.0,,,,,,
q,dual_x_dim,0,0.020356989468909358,50.0,,0.0,16384.0,,100,4.060933256333499e-09,4.060933256333499e-09,1.0,1.0,,,,,,
q,dual_x_dim,0,0.020356989468909358,50.0,,0.0,16384.0,,500,6.951560216350572e-09,5.728563401419251e-09,1.0,1.0,,,,,,
q,dual_x_dim,1,0.01807625432089983,50.0,,0.0,16384.0,,100,3.582399488166743e-09,3.553584093651807e-09,1.0,1.0,,,,,,
q,dual_x_dim,1,0.01807625432089983,50.0,,0.0,16384.0,,500,7.348054609224164e-09,7.162106907543375e-09,1.0,1.0,,,,,,
q,dual_x_dim,2,0.02140292876780509,50.0,,0.0,16384.0,,100,3.9222080028267214e-09,3.9222080028267214e-09,1.0,1.0,,,,,,
q,dual_x_dim,2,0.02140292876780509,50.0,,0.0,16384.0,,500,7.426481651862105e-09,6.989155032499639e-09,1.0,1.0,,,,,,
q,dual_x_dim,3,0.018745583527260273,50.0,,0.0,16384.0,,100,4.5095153167196145e-09,4.5095153167196145e-09,1.0,1.0,,,,,,
q,dual_x_dim,3,0.018745583527260273,50.0,,0.0,16384.0,,500,9.848782678290036e-09,8.879053936539094e-09,1.0,1.0,,,,,,
q,dual_x_dim,4,0.02302125399812299,50.0,,0.0,16384.0,,100,4.192118874257744e-09,3.678338411639004e-09,1.0,1.0,,,,,,
q,dual_x_dim,4,0.02302125399812299,50.0,,0.0,16384.0,,500,5.890675947028967e-09,5.3852324821690445e-09,1.0,1.0,,,,,,
q,dual_x_dim,5,0.018059158472521004,50.0,,0.0,16384.0,,100,3.991383668022763e-09,3.991383668022763e-09,1.0,1.0,,,,,,
q,dual_x_dim,5,0.018059158472521004,50.0,,0.0,16384.0,,500,7.391794953903741e-09,7.391794953903741e-09,1.0,1.0,,,,,,
q,dual_x_dim,6,0.02108045085739379,50.0,,0.0,16384.0,,100,3.8237786270656215e-09,3.6929403979257813e-09,1.0,1.0,,,,,,
q,dual_x_dim,6,0.02108045085739379,50.0,,0.0,16384.0,,500,1.0033745168058772e-08,1.0033745168058772e-08,1.0,1.0,,,,,,
q,dual_x_dim,7,0.021431309877788803,50.0,,0.0,16384.0,,100,4.121680108326586e-09,4.0858860739234615e-09,1.0,1.0,,,,,,
q,dual_x_dim,7,0.021431309877788803,50.0,,0.0,16384.0,,500,7.009790081724532e-09,6.0809044466481055e-09,1.0,1.0,,,,,,
q,dual_x_dim,8,0.021030588042434514,50.0,,0.0,16384.0,,100,5.204388253687853e-09,5.065021291272842e-09,1.0,1.0,,,,,,
q,dual_x_dim,8,0.021030588042434514,50.0,,0.0,16384.0,,500,8.559178032996329e-09,7.016661918157752e-09,1.0,1.0,,,,,,
q,dual_x_dim,9,0.019728356009054288,50.0,,0.0,16384.0,,100,3.857366204229606e-09,3.857366204229606e-09,1.0,1.0,,,,,,
q,dual_x_dim,9,0.019728356009054288,50.0,,0.0,16384.0,,500,9.956324209525746e-09,9.667976641480891e-09,1.0,1.0,,,,,,
q,dual_x_dim,10,0.022361935486372143,50.0,,0.0,16384.0,,100,4.519197016605858e-09,4.519197016605858e-09,1.0,1.0,,,,,,
q,dual_x_dim,10,0.022361935486372143,50.0,,0.0,16384.0,,500,8.144614538352357e-09,8.021240782696282e-09,1.0,1.0,,,,,,
q,dual_x_dim,11,0.02310508513733857,50.0,,0.0,16384.0,,100,3.761840616789414e-09,3.53069551373153e-09,1.0,1.0,,,,,,
q,dual_x_dim,11,0.02310508513733857,50.0,,0.0,16384.0,,500,6.935317209411096e-09,6.745902947358218e-09,1.0,1.0,,,,,,
q,dual_x_dim,12,0.02699076211395584,50.0,,0.0,16384.0,,100,4.657112473438474e-09,4.657112473438474e-09,1.0,1.0,,,,,,
q,dual_x_dim,12,0.02699076211395584,50.0,,0.0,16384.0,,500,7.439919347262958e-09,6.833380528092903e-09,1.0,1.0,,,,,,
q,dual_x_dim,13,0.025830793140590433,50.0,,0.0,16384.0,,100,4.6322816693589175e-09,4.549292720312792e-09,1.0,1.0,,,,,,
q,dual_x_dim,13,0.025830793140590433,50.0,,0.0,16384.0,,500,4.92625074066666e-09,3.2771723113000917e-09,1.0,1.0,,,,,,
q,dual_x_dim,14,0.020659419161738583,50.0,,0.0,16384.0,,100,5.095108945862847e-09,5.0218408320645835e-09,1.0,1.0,,,,,,
q,dual_x_dim,14,0.020659419161738583,50.0,,0.0,16384.0,,500,8.60959925574889e-09,8.132233997315552e-09,1.0,1.0,,,,,,
q,dual_x_dim,15,0.026925567045706686,50.0,,0.0,16384.0,,100,4.5206279830622975e-09,4.5206279830622975e-09,1.0,1.0,,,,,,
q,dual_x_dim,15,0.026925567045706686,50.0,,0.0,16384.0,,500,7.266085066959249e-09,4.660501540243445e-09,1.0,1.0,,,,,,
q,dual_x_dim,16,0.01658465602098674,50.0,,0.0,16384.0,,100,4.64093763419271e-09,4.564431721476581e-09,1.0,1.0,,,,,,
q,dual_x_dim,16,0.01658465602098674,50.0,,0.0,16384.0,,500,7.144774993861347e-09,5.450514706240028e-09,1.0,1.0,,,,,,
q,dual_x_dim,17,0.019897017393780598,50.0,,0.0,16384.0,,100,4.399640429753049e-09,4.349555160487739e-09,1.0,1.0,,,,,,
q,dual_x_dim,17,0.019897017393780598,50.0,,0.0,16384.0,,500,1.1231034102721082e-08,1.1231034102721082e-08,1.0,1.0,,,,,,
q,dual_x_dim,18,0.020865285810528867,50.0,,0.0,16384.0,,100,3.5834480938135016e-09,3.5751576143994157e-09,1.0,1.0,,,,,,
q,dual_x_dim,18,0.020865285810528867,50.0,,0.0,16384.0,,500,9.149912383321634e-09,8.441491949895408e-09,1.0,1.0,,,,,,
q,dual_x_dim,19,0.021465321221595654,50.0,,0.0,16384.0,,100,4.145236043306966e-09,3.71976405233454e-09,1.0,1.0,,,,,,
q,dual_x_dim,19,0.021465321221595654,50.0,,0.0,16384.0,,500,8.706312448758524e-09,8.706312448758524e-09,1.0,1.0,,,,,,
q,dual_x_dim,0,0.5824868497238714,50.0,,1e-05,16.0,,100,0.024314346072460413,0.01380457611465713,1.0,1.0,,,,,,
q,dual_x_dim,0,0.5824868497238714,50.0,,1e-05,16.0,,500,0.03137662205419334,0.01757671022405649,1.0,1.0,,,,,,
q,dual_x_dim,1,0.7171173891637045,50.0,,1e-05,16.0,,100,0.005759728491780025,0.004359790270248104,1.0,1.0,,,,,,
q,dual_x_dim,1,0.7171173891637045,50.0,,1e-05,16.0,,500,0.007735208294167517,0.006008809604270748,1.0,1.0,,,,,,
q,dual_x_dim,2,0.5337551337145325,50.0,,1e-05,16.0,,100,0.006440532592922321,0.005611080867470197,1.0,0.9789473684210527,,,,,,
q,dual_x_dim,2,0.5337551337145325,50.0,,1e-05,16.0,,500,0.00850078030791579,0.00760224658833053,1.0,0.9959595959595959,,,,,,
q,dual_x_dim,3,0.6316069804967541,50.0,,1e-05,16.0,,100,0.009575955567798666,0.009180956397957685,0.9929701230228472,1.0,,,,,,
q,dual_x_dim,3,0.6316069804967541,50.0,,1e-05,16.0,,500,0.0254010365451407,0.019252250101071233,0.9986527450319973,1.0,,,,,,
q,dual_x_dim,4,0.6300742150314218,50.0,,1e-05,16.0,,100,0.02590457433694049,0.02590457433694049,1.0,1.0,,,,,,
q,dual_x_dim,4,0.6300742150314218,50.0,,1e-05,16.0,,500,0.03344292077245514,0.02032818114749424,1.0,1.0,,,,,,
q,dual_x_dim,5,0.6298305822462573,50.0,,1e-05,16.0,,100,0.016320584026499718,0.0158572037567421,0.9597902097902098,0.9787234042553191,,,,,,
q,dual_x_dim,5,0.6298305822462573,50.0,,1e-05,16.0,,500,0.028992373535726257,0.020883356278909915,0.9922611036339165,0.9959514170040485,,,,,,
q,dual_x_dim,6,0.5379516056751762,50.0,,1e-05,16.0,,100,0.010158655119048898,0.006731824253203622,1.0,1.0,,,,,,
q,dual_x_dim,6,0.5379516056751762,50.0,,1e-05,16.0,,500,0.012481401022842675,0.00799601127998395,1.0,1.0,,,,,,
q,dual_x_dim,7,0.5504159944126669,50.0,,1e-05,16.0,,100,0.00832190081695583,0.005219842113898698,1.0,1.0,,,,,,
q,dual_x_dim,7,0.5504159944126669,50.0,,1e-05,16.0,,500,0.01856257564535846,0.008262005694691377,1.0,1.0,,,,,,
q,dual_x_dim,8,0.5503838769727527,50.0,,1e-05,16.0,,100,0.007681814975663254,0.007122035117246128,1.0,1.0,,,,,,
q,dual_x_dim,8,0.5503838769727527,50.0,,1e-05,16.0,,500,0.011107481898693372,0.008820883751743835,1.0,1.0,,,,,,
q,dual_x_dim,9,0.5859552892639311,50.0,,1e-05,16.0,,100,0.015498962845903269,0.012315249462462763,0.9982486865148862,1.0,,,,,,
q,dual_x_dim,9,0.5859552892639311,50.0,,1e-05,16.0,,500,0.02593281992360108,0.01863418065761646,0.9996634129922585,1.0,,,,,,
q,dual_x_dim,10,0.6786980429492779,50.0,,1e-05,16.0,,100,0.0071451242738452825,0.006553730003201252,1.0,1.0,,,,,,
q,dual_x_dim,10,0.6786980429492779,50.0,,1e-05,16.0,,500,0.010118191668301968,0.0065365105396837375,1.0,1.0,,,,,,
q,dual_x_dim,11,0.6685670290921756,50.0,,1e-05,16.0,,100,0.00735022643701666,0.006289817855313462,1.0,1.0,,,,,,
q,dual_x_dim,11,0.6685670290921756,50.0,,1e-05,16.0,,500,0.011397827574728736,0.010426926595224817,1.0,1.0,,,,,,
q,dual_x_dim,12,0.5855076028423207,50.0,,1e-05,16.0,,100,0.014587670387281704,0.011679354272674747,1.0,1.0,,,,,,
q,dual_x_dim,12,0.5855076028423207,50.0,,1e-05,16.0,,500,0.017735961110704412,0.011193221915051899,1.0,1.0,,,,,,
q,dual_x_dim,13,0.7023461508614937,50.0,,1e-05,16.0,,100,0.011761667563216172,0.011761667563216172,1.0,1.0,,,,,,
q,dual_x_dim,13,0.7023461508614937,50.0,,1e-05,16.0,,500,0.022383772794566603,0.010052404310309404,1.0,1.0,,,,,,
q,dual_x_dim,14,0.6812192772386215,50.0,,1e-05,16.0,,100,0.00907965923640014,0.00573207394858366,1.0,1.0,,,,,,
q,dual_x_dim,14,0.6812192772386215,50.0,,1e-05,16.0,,500,0.01236698219023824,0.007702855159853694,0.9986513823331086,0.997979797979798,,,,,,
q,dual_x_dim,15,0.7863103197713137,50.0,,1e-05,16.0,,100,0.018558214069097745,0.018558214069097745,1.0,1.0,,,,,,
q,dual_x_dim,15,0.7863103197713137,50.0,,1e-05,16.0,,500,0.01911651109788548,0.0114016165879669,1.0,0.997979797979798,,,,,,
q,dual_x_dim,16,0.597152494276281,50.0,,1e-05,16.0,,100,0.016257695096480562,0.011213186628116656,1.0,1.0,,,,,,
q,dual_x_dim,16,0.597152494276281,50.0,,1e-05,16.0,,500,0.02366784646348119,0.015198594865271975,1.0,1.0,,,,,,
q,dual_x_dim,17,0.7668002575527149,50.0,,1e-05,16.0,,100,0.0061935098593235705,0.004961726217666329,1.0,1.0,,,,,,
q,dual_x_dim,17,0.7668002575527149,50.0,,1e-05,16.0,,500,0.01586174541601304,0.01586174541601304,1.0,1.0,,,,,,
q,dual_x_dim,18,0.6186314551596767,50.0,,1e-05,16.0,,100,0.021368621617198963,0.01521764490947497,1.0,0.989247311827957,,,,,,
q,dual_x_dim,18,0.6186314551596767,50.0,,1e-05,16.0,,500,0.03886877509098463,0.03886877509098463,1.0,0.9979716024340771,,,,,,
q,dual_x_dim,19,0.6570521997836933,50.0,,1e-05,16.0,,100,0.021137363631001937,0.013654083203252898,1.0,0.9891304347826086,,,,,,
q,dual_x_dim,19,0.6570521997836933,50.0,,1e-05,16.0,,500,0.022948366977479928,0.019542445363513572,1.0,0.9979674796747967,,,,,,
q,dual_x_dim,12,0.6063071845964549,50.0,,1e-05,24.0,,100,0.004465687862619971,0.002441701931467699,1.0,1.0,,,,,,
q,dual_x_dim,12,0.6063071845964549,50.0,,1e-05,24.0,,500,0.004465687862619971,0.0024151893828183724,1.0,1.0,,,,,,
q,dual_x_dim,13,0.6143260030494101,50.0,,1e-05,24.0,,100,0.004130278381204278,0.002732137936297563,1.0,1.0,,,,,,
q,dual_x_dim,13,0.6143260030494101,50.0,,1e-05,24.0,,500,0.00686897614605142,0.0036469665102292215,1.0,1.0,,,,,,
q,dual_x_dim,14,0.6899588145802447,50.0,,1e-05,24.0,,100,0.005945943563363809,0.005016920372188205,1.0,1.0,,,,,,
q,dual_x_dim,14,0.6899588145802447,50.0,,1e-05,24.0,,500,0.007507980821177096,0.003812154173126303,1.0,1.0,,,,,,
q,dual_x_dim,15,0.640572464930069,50.0,,1e-05,24.0,,100,0.0035054405392093146,0.0035054405392093146,1.0,1.0,,,,,,
q,dual_x_dim,15,0.640572464930069,50.0,,1e-05,24.0,,500,0.005856740305712593,0.003815255150517949,1.0,1.0,,,,,,
q,dual_x_dim,8,0.49594634213790467,50.0,,1e-05,24.0,,100,0.004238793097673832,0.004238793097673832,1.0,1.0,,,,,,
q,dual_x_dim,8,0.49594634213790467,50.0,,1e-05,24.0,,500,0.005028368875260925,0.002592562943294352,1.0,1.0,,,,,,
q,dual_x_dim,9,0.5641386095086601,50.0,,1e-05,24.0,,100,0.0029614699537161004,0.0029467386181030175,1.0,1.0,,,,,,
q,dual_x_dim,9,0.5641386095086601,50.0,,1e-05,24.0,,500,0.006015794896204296,0.006009952559793197,1.0,1.0,,,,,,
q,dual_x_dim,10,0.5394950538589948,50.0,,1e-05,24.0,,100,0.004766436992989953,0.004378152244711164,1.0,1.0,,,,,,
q,dual_x_dim,10,0.5394950538589948,50.0,,1e-05,24.0,,500,0.00852568706251855,0.0055783451879698465,1.0,1.0,,,,,,
q,dual_x_dim,11,0.4323375414471957,50.0,,1e-05,24.0,,100,0.004464209630419436,0.0025773722354336392,1.0,1.0,,,,,,
q,dual_x_dim,11,0.4323375414471957,50.0,,1e-05,24.0,,500,0.004598718686345871,0.0031121768400734773,1.0,1.0,,,,,,
q,dual_x_dim,0,0.5421668878304189,50.0,,1e-05,24.0,,100,0.006060656925363339,0.003647226063179687,1.0,1.0,,,,,,
q,dual_x_dim,0,0.5421668878304189,50.0,,1e-05,24.0,,500,0.006060656925363339,0.0031237576146203594,1.0,1.0,,,,,,
q,dual_x_dim,1,0.5678731396400899,50.0,,1e-05,24.0,,100,0.0034617478047461736,0.0021836253217268897,1.0,1.0,,,,,,
q,dual_x_dim,1,0.5678731396400899,50.0,,1e-05,24.0,,500,0.004850337294240337,0.004685726726239459,1.0,1.0,,,,,,
q,dual_x_dim,2,0.5162001740529778,50.0,,1e-05,24.0,,100,0.005781907461298141,0.004016626566773596,1.0,0.9894736842105263,,,,,,
q,dual_x_dim,2,0.5162001740529778,50.0,,1e-05,24.0,,500,0.008750874215261106,0.006972766955038789,1.0,0.997979797979798,,,,,,
q,dual_x_dim,3,0.6063246315124409,50.0,,1e-05,24.0,,100,0.005126050505969648,0.0036246323579973427,1.0,1.0,,,,,,
q,dual_x_dim,3,0.6063246315124409,50.0,,1e-05,24.0,,500,0.006964014913312777,0.005095372877663262,1.0,1.0,,,,,,
q,dual_x_dim,4,0.5650160744942002,50.0,,1e-05,24.0,,100,0.004609123008854743,0.004323619464856598,1.0,1.0,,,,,,
q,dual_x_dim,4,0.5650160744942002,50.0,,1e-05,24.0,,500,0.00519276024794002,0.0029536295760528297,1.0,1.0,,,,,,
q,dual_x_dim,5,0.44867717946593005,50.0,,1e-05,24.0,,100,0.0034446746615192925,0.0033527963981094255,1.0,0.9893617021276596,,,,,,
q,dual_x_dim,5,0.44867717946593005,50.0,,1e-05,24.0,,500,0.004310772115321715,0.0034019141666279396,1.0,0.9979757085020243,,,,,,
q,dual_x_dim,6,0.4733353937396358,50.0,,1e-05,24.0,,100,0.005872605586738189,0.0025550860509329087,1.0,1.0,,,,,,
q,dual_x_dim,6,0.4733353937396358,50.0,,1e-05,24.0,,500,0.005872605586738189,0.003527754371875691,1.0,1.0,,,,,,
q,dual_x_dim,7,0.4848911240174937,50.0,,1e-05,24.0,,100,0.0033223252301486372,0.0015457263172808933,1.0,1.0,,,,,,
q,dual_x_dim,7,0.4848911240174937,50.0,,1e-05,24.0,,500,0.008852534876755414,0.0041432143126940435,1.0,1.0,,,,,,
q,dual_x_dim,16,0.5596173010815712,50.0,,1e-05,24.0,,100,0.005908130321216065,0.005908130321216065,1.0,1.0,,,,,,
q,dual_x_dim,16,0.5596173010815712,50.0,,1e-05,24.0,,500,0.005918378194180285,0.0036964030068769027,1.0,1.0,,,,,,
q,dual_x_dim,17,0.5485645062802906,50.0,,1e-05,24.0,,100,0.003248757430438176,0.003199710835526559,1.0,1.0,,,,,,
q,dual_x_dim,17,0.5485645062802906,50.0,,1e-05,24.0,,500,0.006888181220456646,0.006888181220456646,1.0,1.0,,,,,,
q,dual_x_dim,18,0.4947893552771776,50.0,,1e-05,24.0,,100,0.003056254285155935,0.0030084950325633963,1.0,1.0,,,,,,
q,dual_x_dim,18,0.4947893552771776,50.0,,1e-05,24.0,,500,0.006903078785649441,0.006795168542036212,1.0,1.0,,,,,,
q,dual_x_dim,19,0.4921353463804619,50.0,,1e-05,24.0,,100,0.005625659120720883,0.002834774990040978,1.0,1.0,,,,,,
q,dual_x_dim,19,0.4921353463804619,50.0,,1e-05,24.0,,500,0.005774300801905552,0.0047954283653031116,1.0,1.0,,,,,,
q,dual_x_dim,0,0.475488624112919,50.0,,1e-05,32.0,,100,0.003453523935279812,0.0029208618730700575,1.0,1.0,,,,,,
q,dual_x_dim,0,0.475488624112919,50.0,,1e-05,32.0,,500,0.005453934290292617,0.0027811668677255597,1.0,1.0,,,,,,
q,dual_x_dim,1,0.40812779004929994,50.0,,1e-05,32.0,,100,0.002805409454658181,0.00218691631584933,1.0,1.0,,,,,,
q,dual_x_dim,1,0.40812779004929994,50.0,,1e-05,32.0,,500,0.004328855384982067,0.00422589048091071,1.0,1.0,,,,,,
q,dual_x_dim,2,0.4730093470080129,50.0,,1e-05,32.0,,100,0.0045904193457924625,0.002850534428526341,1.0,0.9894736842105263,,,,,,
q,dual_x_dim,2,0.4730093470080129,50.0,,1e-05,32.0,,500,0.006471677404987108,0.004629976593808038,1.0,0.997979797979798,,,,,,
q,dual_x_dim,3,0.4466934199958885,50.0,,1e-05,32.0,,100,0.0035364689926760118,0.002899114211768805,1.0,1.0,,,,,,
q,dual_x_dim,3,0.4466934199958885,50.0,,1e-05,32.0,,500,0.005120133435746466,0.0035572543603952234,1.0,1.0,,,,,,
q,dual_x_dim,4,0.5533154376476055,50.0,,1e-05,32.0,,100,0.004768366139654701,0.0044571815860299235,1.0,1.0,,,,,,
q,dual_x_dim,4,0.5533154376476055,50.0,,1e-05,32.0,,500,0.005185632028008369,0.0024955883235566745,1.0,1.0,,,,,,
q,dual_x_dim,5,0.37342721982998295,50.0,,1e-05,32.0,,100,0.002613335091407487,0.002613335091407487,1.0,1.0,,,,,,
q,dual_x_dim,5,0.37342721982998295,50.0,,1e-05,32.0,,500,0.0038804210326151,0.0025142934637985004,1.0,1.0,,,,,,
q,dual_x_dim,6,0.42978362336359666,50.0,,1e-05,32.0,,100,0.004858420907075889,0.0025999782906009905,1.0,1.0,,,,,,
q,dual_x_dim,6,0.42978362336359666,50.0,,1e-05,32.0,,500,0.004858420907075889,0.0036016096612083714,1.0,1.0,,,,,,
q,dual_x_dim,7,0.44008905448805447,50.0,,1e-05,32.0,,100,0.001942950136765098,0.0011937044413183884,1.0,1.0,,,,,,
q,dual_x_dim,7,0.44008905448805447,50.0,,1e-05,32.0,,500,0.006186320438173576,0.003930277229135193,1.0,1.0,,,,,,
q,dual_x_dim,8,0.43855644177086944,50.0,,1e-05,32.0,,100,0.003924035989166685,0.003924035989166685,1.0,1.0,,,,,,
q,dual_x_dim,8,0.43855644177086944,50.0,,1e-05,32.0,,500,0.004433643048211922,0.002492632095173253,1.0,1.0,,,,,,
q,dual_x_dim,9,0.41686723547078175,50.0,,1e-05,32.0,,100,0.003230540192329101,0.003230540192329101,1.0,1.0,,,,,,
q,dual_x_dim,9,0.41686723547078175,50.0,,1e-05,32.0,,500,0.0048358303833684335,0.0048358303833684335,1.0,1.0,,,,,,
q,dual_x_dim,10,0.4462354434217582,50.0,,1e-05,32.0,,100,0.004151007795313411,0.003685525178804494,1.0,1.0,,,,,,
q,dual_x_dim,10,0.4462354434217582,50.0,,1e-05,32.0,,500,0.007698077774411338,0.004682057832210429,1.0,1.0,,,,,,
q,dual_x_dim,11,0.3453439906042841,50.0,,1e-05,32.0,,100,0.004015132642575192,0.0026197801655347686,1.0,1.0,,,,,,
q,dual_x_dim,11,0.3453439906042841,50.0,,1e-05,32.0,,500,0.004131717888228081,0.004131717888228081,1.0,1.0,,,,,,
q,dual_x_dim,12,0.5218634903299535,50.0,,1e-05,32.0,,100,0.004791615655056647,0.0026984462857385094,1.0,1.0,,,,,,
q,dual_x_dim,12,0.5218634903299535,50.0,,1e-05,32.0,,500,0.004791615655056647,0.002303053664151622,1.0,1.0,,,,,,
q,dual_x_dim,13,0.42062264887055334,50.0,,1e-05,32.0,,100,0.0032478607862559405,0.001964260482873126,1.0,1.0,,,,,,
q,dual_x_dim,13,0.42062264887055334,50.0,,1e-05,32.0,,500,0.005099367337733529,0.002770292436450106,1.0,1.0,,,,,,
q,dual_x_dim,14,0.4990514455594063,50.0,,1e-05,32.0,,100,0.004557177885661012,0.003511843277903437,1.0,1.0,,,,,,
q,dual_x_dim,14,0.4990514455594063,50.0,,1e-05,32.0,,500,0.005429325173150534,0.0030426365116330567,1.0,1.0,,,,,,
q,dual_x_dim,15,0.47267108630892485,50.0,,1e-05,32.0,,100,0.0018507456919031329,0.0018507456919031329,1.0,1.0,,,,,,
q,dual_x_dim,15,0.47267108630892485,50.0,,1e-05,32.0,,500,0.0037826826674489666,0.0019933947672325925,1.0,1.0,,,,,,
q,dual_x_dim,0,0.3221759901052828,50.0,,1e-05,64.0,,100,0.002841105837042557,0.002657896986142827,1.0,1.0,,,,,,
q,dual_x_dim,0,0.3221759901052828,50.0,,1e-05,64.0,,500,0.005235766033131473,0.0023748668181070576,1.0,1.0,,,,,,
q,dual_x_dim,1,0.29558078375967123,50.0,,1e-05,64.0,,100,0.0021129038721490745,0.001756256799102962,1.0,1.0,,,,,,
q,dual_x_dim,1,0.29558078375967123,50.0,,1e-05,64.0,,500,0.003419887301190805,0.003340959997971016,1.0,1.0,,,,,,
q,dual_x_dim,2,0.3180382777636512,50.0,,1e-05,64.0,,100,0.0030738350721067342,0.002900611663307906,1.0,0.9894736842105263,,,,,,
q,dual_x_dim,2,0.3180382777636512,50.0,,1e-05,64.0,,500,0.003843330389636357,0.002925495600402339,1.0,0.997979797979798,,,,,,
q,dual_x_dim,3,0.36692874187724284,50.0,,1e-05,64.0,,100,0.0031664574738546336,0.002230887125229286,1.0,1.0,,,,,,
q,dual_x_dim,3,0.36692874187724284,50.0,,1e-05,64.0,,500,0.0031664574738546336,0.0020559877920658387,1.0,1.0,,,,,,
q,dual_x_dim,16,0.45145873378777773,50.0,,1e-05,32.0,,100,0.004929661357699899,0.004929661357699899,1.0,1.0,,,,,,
q,dual_x_dim,16,0.45145873378777773,50.0,,1e-05,32.0,,500,0.00494069041725087,0.002566096968665943,1.0,1.0,,,,,,
q,dual_x_dim,17,0.4502359836938825,50.0,,1e-05,32.0,,100,0.0023200949011125127,0.0016399222416599302,1.0,1.0,,,,,,
q,dual_x_dim,17,0.4502359836938825,50.0,,1e-05,32.0,,500,0.005419793838389975,0.005419793838389975,1.0,1.0,,,,,,
q,dual_x_dim,18,0.5626601659757056,50.0,,1e-05,32.0,,100,0.003052235568496986,0.002407929306861012,1.0,1.0,,,,,,
q,dual_x_dim,18,0.5626601659757056,50.0,,1e-05,32.0,,500,0.005321457030252663,0.005260731716906442,1.0,1.0,,,,,,
q,dual_x_dim,19,0.41077051363789985,50.0,,1e-05,32.0,,100,0.0045055240510798455,0.0021940564116252337,1.0,1.0,,,,,,
q,dual_x_dim,19,0.41077051363789985,50.0,,1e-05,32.0,,500,0.0051394018636758965,0.004034706303042146,1.0,1.0,,,,,,
q,dual_x_dim,4,0.4116536270898129,50.0,,1e-05,64.0,,100,0.003284080649126775,0.0027481772725750364,1.0,1.0,,,,,,
q,dual_x_dim,4,0.4116536270898129,50.0,,1e-05,64.0,,500,0.0038638995579365343,0.0021333635606874957,1.0,1.0,,,,,,
q,dual_x_dim,5,0.29343300693331814,50.0,,1e-05,64.0,,100,0.002809181530267768,0.0026576572857901493,1.0,1.0,,,,,,
q,dual_x_dim,5,0.29343300693331814,50.0,,1e-05,64.0,,500,0.003584973116850243,0.0021808770305251635,1.0,1.0,,,,,,
q,dual_x_dim,6,0.42163379283891284,50.0,,1e-05,64.0,,100,0.004208006819850008,0.0024816907433011792,1.0,1.0,,,,,,
q,dual_x_dim,6,0.42163379283891284,50.0,,1e-05,64.0,,500,0.004208006819850008,0.0032266318205929068,1.0,1.0,,,,,,
q,dual_x_dim,7,0.34813570903299706,50.0,,1e-05,64.0,,100,0.0015216262405693404,0.0012533577418218922,1.0,1.0,,,,,,
q,dual_x_dim,7,0.34813570903299706,50.0,,1e-05,64.0,,500,0.003906757332796662,0.0029442447246623704,1.0,1.0,,,,,,
q,dual_x_dim,8,0.31157596513111496,50.0,,1e-05,64.0,,100,0.0033430742372438926,0.0033430742372438926,1.0,1.0,,,,,,
q,dual_x_dim,8,0.31157596513111496,50.0,,1e-05,64.0,,500,0.003953855825362673,0.002288767710874051,1.0,1.0,,,,,,
q,dual_x_dim,9,0.34561243486758075,50.0,,1e-05,64.0,,100,0.002585329584449958,0.002585329584449958,1.0,1.0,,,,,,
q,dual_x_dim,9,0.34561243486758075,50.0,,1e-05,64.0,,500,0.003801615850887785,0.003776572790125776,1.0,1.0,,,,,,
q,dual_x_dim,10,0.378879289575792,50.0,,1e-05,64.0,,100,0.004093517873824837,0.0029836298907860437,1.0,1.0,,,,,,
q,dual_x_dim,10,0.378879289575792,50.0,,1e-05,64.0,,500,0.005884246054244979,0.004282560897514998,1.0,1.0,,,,,,
q,dual_x_dim,11,0.32740539883828845,50.0,,1e-05,64.0,,100,0.0030701713670927,0.00269104875045012,1.0,1.0,,,,,,
q,dual_x_dim,11,0.32740539883828845,50.0,,1e-05,64.0,,500,0.004042298238883024,0.004042298238883024,1.0,1.0,,,,,,
q,dual_x_dim,12,0.37647967684533196,50.0,,1e-05,64.0,,100,0.0034800022950804976,0.001974008178794673,1.0,1.0,,,,,,
q,dual_x_dim,12,0.37647967684533196,50.0,,1e-05,64.0,,500,0.0034800022950804976,0.00208142806981626,1.0,1.0,,,,,,
q,dual_x_dim,13,0.3272847901693679,50.0,,1e-05,64.0,,100,0.001876157446671134,0.0013501259005382904,1.0,1.0,,,,,,
q,dual_x_dim,13,0.3272847901693679,50.0,,1e-05,64.0,,500,0.003256994661505086,0.0023124260347644476,1.0,1.0,,,,,,
q,dual_x_dim,14,0.32643791641323355,50.0,,1e-05,64.0,,100,0.0032926533308855754,0.002598238696243982,1.0,1.0,,,,,,
q,dual_x_dim,14,0.32643791641323355,50.0,,1e-05,64.0,,500,0.003668252887800705,0.0019399902034822336,1.0,1.0,,,,,,
q,dual_x_dim,15,0.31240187704456923,50.0,,1e-05,64.0,,100,0.001943226333452508,0.00152688131050005,1.0,1.0,,,,,,
q,dual_x_dim,15,0.31240187704456923,50.0,,1e-05,64.0,,500,0.003659101414475119,0.0016586435288119539,1.0,1.0,,,,,,
q,dual_x_dim,16,0.3106442961881303,50.0,,1e-05,64.0,,100,0.004173712003146868,0.004173712003146868,1.0,1.0,,,,,,
q,dual_x_dim,16,0.3106442961881303,50.0,,1e-05,64.0,,500,0.004741230751563741,0.0023104665510230715,1.0,1.0,,,,,,
q,dual_x_dim,17,0.33758709179713225,50.0,,1e-05,64.0,,100,0.0024785958001508623,0.0017361991725587111,1.0,1.0,,,,,,
q,dual_x_dim,17,0.33758709179713225,50.0,,1e-05,64.0,,500,0.004084677513225277,0.003955246242184796,1.0,1.0,,,,,,
q,dual_x_dim,18,0.36277063351344463,50.0,,1e-05,64.0,,100,0.0026990780946199444,0.0026990780946199444,1.0,1.0,,,,,,
q,dual_x_dim,18,0.36277063351344463,50.0,,1e-05,64.0,,500,0.004581285880053132,0.003565969225749477,1.0,1.0,,,,,,
q,dual_x_dim,19,0.27197824426002815,50.0,,1e-05,64.0,,100,0.0029290912024877436,0.0014314683495137426,1.0,1.0,,,,,,
q,dual_x_dim,19,0.27197824426002815,50.0,,1e-05,64.0,,500,0.0037902695426641486,0.003004861469205533,1.0,1.0,,,,,,
q,dual_x_dim,0,0.2769788139980297,50.0,,1e-05,128.0,,100,0.002975763007440513,0.002915012398259753,1.0,1.0,,,,,,
q,dual_x_dim,0,0.2769788139980297,50.0,,1e-05,128.0,,500,0.005213987771248707,0.0023818242170093873,1.0,1.0,,,,,,
q,dual_x_dim,1,0.2437982963519862,50.0,,1e-05,128.0,,100,0.0019698089947675634,0.0019218953975577158,1.0,1.0,,,,,,
q,dual_x_dim,1,0.2437982963519862,50.0,,1e-05,128.0,,500,0.003400109688215913,0.00294296838598207,1.0,1.0,,,,,,
q,dual_x_dim,2,0.24339730327335968,50.0,,1e-05,128.0,,100,0.002897262497951858,0.0025032687059060033,1.0,0.9894736842105263,,,,,,
q,dual_x_dim,2,0.24339730327335968,50.0,,1e-05,128.0,,500,0.003907472390171307,0.0025124888706651305,1.0,0.997979797979798,,,,,,
q,dual_x_dim,3,0.22659351652488344,50.0,,1e-05,128.0,,100,0.003290577918049209,0.0019013567799191222,1.0,1.0,,,,,,
q,dual_x_dim,3,0.22659351652488344,50.0,,1e-05,128.0,,500,0.003290577918049209,0.0018736209450835872,1.0,1.0,,,,,,
q,dual_x_dim,8,0.21497418970360005,50.0,,1e-05,128.0,,100,0.003158099446680329,0.003158099446680329,1.0,1.0,,,,,,
q,dual_x_dim,8,0.21497418970360005,50.0,,1e-05,128.0,,500,0.0036177784976344496,0.0017203382737118744,1.0,1.0,,,,,,
q,dual_x_dim,9,0.25677513532597473,50.0,,1e-05,128.0,,100,0.0024077164011008234,0.0024077164011008234,1.0,1.0,,,,,,
q,dual_x_dim,9,0.25677513532597473,50.0,,1e-05,128.0,,500,0.003591948875510731,0.00339124623168785,1.0,1.0,,,,,,
q,dual_x_dim,10,0.24864634171425817,50.0,,1e-05,128.0,,100,0.004133780533720488,0.002864979138199164,1.0,1.0,,,,,,
q,dual_x_dim,10,0.24864634171425817,50.0,,1e-05,128.0,,500,0.005313145348380566,0.004016062824306665,1.0,1.0,,,,,,
q,dual_x_dim,11,0.19742178677610114,50.0,,1e-05,128.0,,100,0.002765483303385996,0.0021816135392962455,1.0,1.0,,,,,,
q,dual_x_dim,11,0.19742178677610114,50.0,,1e-05,128.0,,500,0.004093235507394155,0.004093235507394155,1.0,1.0,,,,,,
q,dual_x_dim,4,0.24637052301705475,50.0,,1e-05,128.0,,100,0.0030658589548320236,0.002756036838474918,1.0,1.0,,,,,,
q,dual_x_dim,4,0.24637052301705475,50.0,,1e-05,128.0,,500,0.003389004708576726,0.0021175147253438276,1.0,1.0,,,,,,
q,dual_x_dim,5,0.20071251771841217,50.0,,1e-05,128.0,,100,0.002863153203110591,0.0026729245823298164,1.0,1.0,,,,,,
q,dual_x_dim,5,0.20071251771841217,50.0,,1e-05,128.0,,500,0.0034274132785092615,0.002303292398678991,1.0,1.0,,,,,,
q,dual_x_dim,6,0.2719857913570569,50.0,,1e-05,128.0,,100,0.003576671663181541,0.002356704262545195,1.0,1.0,,,,,,
q,dual_x_dim,6,0.2719857913570569,50.0,,1e-05,128.0,,500,0.003576671663181541,0.0031451446905703673,1.0,1.0,,,,,,
q,dual_x_dim,7,0.2114275672740672,50.0,,1e-05,128.0,,100,0.0017339534881895546,0.0013985895505008727,1.0,1.0,,,,,,
q,dual_x_dim,7,0.2114275672740672,50.0,,1e-05,128.0,,500,0.003967224385183377,0.0029348044606143375,1.0,1.0,,,,,,
q,dual_x_dim,12,0.2230611143413504,50.0,,1e-05,128.0,,100,0.0033933636424579583,0.0021268641174554404,1.0,1.0,,,,,,
q,dual_x_dim,12,0.2230611143413504,50.0,,1e-05,128.0,,500,0.0033933636424579583,0.0018131682500546198,1.0,1.0,,,,,,
q,dual_x_dim,13,0.2868358576336272,50.0,,1e-05,128.0,,100,0.0017319677902188912,0.0014494646658499977,1.0,1.0,,,,,,
q,dual_x_dim,13,0.2868358576336272,50.0,,1e-05,128.0,,500,0.002783996202073258,0.0019110734684475439,1.0,1.0,,,,,,
q,dual_x_dim,14,0.260450112016454,50.0,,1e-05,128.0,,100,0.00290848276371497,0.0025662796474065774,1.0,1.0,,,,,,
q,dual_x_dim,14,0.260450112016454,50.0,,1e-05,128.0,,500,0.0035332648173094228,0.001605105580853028,1.0,1.0,,,,,,
q,dual_x_dim,15,0.21082258344736124,50.0,,1e-05,128.0,,100,0.001942391896960105,0.0014888241201669872,1.0,1.0,,,,,,
q,dual_x_dim,15,0.21082258344736124,50.0,,1e-05,128.0,,500,0.003656278631135379,0.001687781883568995,1.0,1.0,,,,,,
q,dual_x_dim,16,0.23833394272384162,50.0,,1e-05,128.0,,100,0.003971693941120291,0.003971693941120291,1.0,1.0,,,,,,
q,dual_x_dim,16,0.23833394272384162,50.0,,1e-05,128.0,,500,0.003983674194413034,0.0023347237026993817,1.0,1.0,,,,,,
q,dual_x_dim,17,0.18109927793474564,50.0,,1e-05,128.0,,100,0.0018744118672128218,0.0018009435456257938,1.0,1.0,,,,,,
q,dual_x_dim,17,0.18109927793474564,50.0,,1e-05,128.0,,500,0.0035026001997051637,0.003255914486350431,1.0,1.0,,,,,,
q,dual_x_dim,18,0.31053197415363676,50.0,,1e-05,128.0,,100,0.0024648884099999213,0.0024648884099999213,1.0,1.0,,,,,,
q,dual_x_dim,18,0.31053197415363676,50.0,,1e-05,128.0,,500,0.004498013026852377,0.0031083127273840994,1.0,1.0,,,,,,
q,dual_x_dim,19,0.18282952887106366,50.0,,1e-05,128.0,,100,0.0023864823076595876,0.0014250004470091615,1.0,1.0,,,,,,
q,dual_x_dim,19,0.18282952887106366,50.0,,1e-05,128.0,,500,0.00341121679237677,0.0025454325838212277,1.0,1.0,,,,,,
q,dual_x_dim,0,0.1561151590110898,50.0,,1e-05,256.0,,100,0.00296074082401776,0.0029551030197190187,1.0,1.0,,,,,,
q,dual_x_dim,0,0.1561151590110898,50.0,,1e-05,256.0,,500,0.0050513441765254186,0.002181346218162239,1.0,1.0,,,,,,
q,dual_x_dim,1,0.15445491624175076,50.0,,1e-05,256.0,,100,0.0019759311848118744,0.0019759311848118744,1.0,1.0,,,,,,
q,dual_x_dim,1,0.15445491624175076,50.0,,1e-05,256.0,,500,0.0033866286041117633,0.003017621467238385,1.0,1.0,,,,,,
q,dual_x_dim,2,0.16114444286301777,50.0,,1e-05,256.0,,100,0.002677251337654174,0.0023300291724042133,1.0,0.9894736842105263,,,,,,
q,dual_x_dim,2,0.16114444286301777,50.0,,1e-05,256.0,,500,0.0038275068877196006,0.002321678929854576,1.0,0.997979797979798,,,,,,
q,dual_x_dim,3,0.13866386499393055,50.0,,1e-05,256.0,,100,0.003080562861642877,0.0017258383671245048,1.0,1.0,,,,,,
q,dual_x_dim,3,0.13866386499393055,50.0,,1e-05,256.0,,500,0.003080562861642877,0.0019537427818132613,1.0,1.0,,,,,,
q,dual_x_dim,4,0.21990329369582884,50.0,,1e-05,256.0,,100,0.0030424695920401312,0.002675571610962324,1.0,1.0,,,,,,
q,dual_x_dim,4,0.21990329369582884,50.0,,1e-05,256.0,,500,0.0033381787156234743,0.002172520523259003,1.0,1.0,,,,,,
q,dual_x_dim,5,0.17067975290917176,50.0,,1e-05,256.0,,100,0.0026187496097659357,0.002451750915221984,1.0,1.0,,,,,,
q,dual_x_dim,5,0.17067975290917176,50.0,,1e-05,256.0,,500,0.0031872110797921405,0.0022536002234720964,1.0,1.0,,,,,,
q,dual_x_dim,6,0.18269616655706372,50.0,,1e-05,256.0,,100,0.0031396789489051002,0.002110919695945901,1.0,1.0,,,,,,
q,dual_x_dim,6,0.18269616655706372,50.0,,1e-05,256.0,,500,0.003442200632796766,0.003061979007263238,1.0,1.0,,,,,,
q,dual_x_dim,7,0.13826212996288562,50.0,,1e-05,256.0,,100,0.0018036924293966528,0.0011915677846376926,1.0,1.0,,,,,,
q,dual_x_dim,7,0.13826212996288562,50.0,,1e-05,256.0,,500,0.003998881189704484,0.0026050568213829006,1.0,1.0,,,,,,
q,dual_x_dim,8,0.1738344351847317,50.0,,1e-05,256.0,,100,0.0032007997965768364,0.0032007997965768364,1.0,1.0,,,,,,
q,dual_x_dim,8,0.1738344351847317,50.0,,1e-05,256.0,,500,0.0036337442679418297,0.0016237097120206379,1.0,1.0,,,,,,
q,dual_x_dim,9,0.2133657125731659,50.0,,1e-05,256.0,,100,0.002418483148861894,0.002418483148861894,1.0,1.0,,,,,,
q,dual_x_dim,9,0.2133657125731659,50.0,,1e-05,256.0,,500,0.0034594503843676794,0.0033344030119599744,1.0,1.0,,,,,,
q,dual_x_dim,10,0.2254427509551922,50.0,,1e-05,256.0,,100,0.003865177660543395,0.0029059593650375692,1.0,1.0,,,,,,
q,dual_x_dim,10,0.2254427509551922,50.0,,1e-05,256.0,,500,0.005434693586646722,0.0038885253612646054,1.0,1.0,,,,,,
q,dual_x_dim,11,0.18400491382186593,50.0,,1e-05,256.0,,100,0.002732974368021057,0.002148805687742561,1.0,1.0,,,,,,
q,dual_x_dim,11,0.18400491382186593,50.0,,1e-05,256.0,,500,0.004065945226350731,0.004065945226350731,1.0,1.0,,,,,,
q,dual_x_dim,12,0.1576595918302586,50.0,,1e-05,256.0,,100,0.003500653699311629,0.0019258047523553201,1.0,1.0,,,,,,
q,dual_x_dim,12,0.1576595918302586,50.0,,1e-05,256.0,,500,0.003500653699311629,0.0020398488718269547,1.0,1.0,,,,,,
q,dual_x_dim,13,0.18253185970822572,50.0,,1e-05,256.0,,100,0.0016165891367001528,0.0014356746340479787,1.0,1.0,,,,,,
q,dual_x_dim,13,0.18253185970822572,50.0,,1e-05,256.0,,500,0.002611427249696874,0.0016646627084542232,1.0,1.0,,,,,,
q,dual_x_dim,14,0.13142538045178465,50.0,,1e-05,256.0,,100,0.0029555715150497153,0.0024246046914256913,1.0,1.0,,,,,,
q,dual_x_dim,14,0.13142538045178465,50.0,,1e-05,256.0,,500,0.0035572024255354773,0.0016796292507835764,1.0,1.0,,,,,,
q,dual_x_dim,15,0.14793046647697203,50.0,,1e-05,256.0,,100,0.001972429208323967,0.0015316429785100505,1.0,1.0,,,,,,
q,dual_x_dim,15,0.14793046647697203,50.0,,1e-05,256.0,,500,0.00357995356235441,0.001964864199563765,1.0,1.0,,,,,,
q,dual_x_dim,16,0.18161749868678914,50.0,,1e-05,256.0,,100,0.003681932008527511,0.003681932008527511,1.0,1.0,,,,,,
q,dual_x_dim,16,0.18161749868678914,50.0,,1e-05,256.0,,500,0.004003748754976666,0.002348793426378143,1.0,1.0,,,,,,
q,dual_x_dim,17,0.16047953125249814,50.0,,1e-05,256.0,,100,0.0017897038211559524,0.0017217228001274176,1.0,1.0,,,,,,
q,dual_x_dim,17,0.16047953125249814,50.0,,1e-05,256.0,,500,0.003360664083156273,0.0031342117736246067,1.0,1.0,,,,,,
q,dual_x_dim,18,0.15352245847039855,50.0,,1e-05,256.0,,100,0.002395691886941942,0.0021387310656502123,1.0,1.0,,,,,,
q,dual_x_dim,18,0.15352245847039855,50.0,,1e-05,256.0,,500,0.0045959396636019445,0.0024290215663249626,1.0,1.0,,,,,,
q,dual_x_dim,19,0.16055016960496735,50.0,,1e-05,256.0,,100,0.0020125173975075183,0.001510074826629404,1.0,1.0,,,,,,
q,dual_x_dim,19,0.16055016960496735,50.0,,1e-05,256.0,,500,0.003255712389574672,0.0025352905662625602,1.0,1.0,,,,,,
q,dual_x_dim,0,0.1030968424041055,50.0,,1e-05,512.0,,100,0.0029586671489050254,0.0029539717995590298,1.0,1.0,,,,,,
q,dual_x_dim,0,0.1030968424041055,50.0,,1e-05,512.0,,500,0.00478499102240626,0.0020006970856136785,1.0,1.0,,,,,,
q,dual_x_dim,1,0.11402962694717797,50.0,,1e-05,512.0,,100,0.0019716948245480093,0.00192313867486138,1.0,1.0,,,,,,
q,dual_x_dim,1,0.11402962694717797,50.0,,1e-05,512.0,,500,0.0033020255354636596,0.0030461948761191238,1.0,1.0,,,,,,
q,dual_x_dim,2,0.09277918554637624,50.0,,1e-05,512.0,,100,0.0026987650610041936,0.0024204186116754123,1.0,0.9894736842105263,,,,,,
q,dual_x_dim,2,0.09277918554637624,50.0,,1e-05,512.0,,500,0.0038036656769986354,0.002289166318845348,1.0,0.997979797979798,,,,,,
q,dual_x_dim,3,0.11894049171114318,50.0,,1e-05,512.0,,100,0.0030572983177997726,0.0017465865381856294,1.0,1.0,,,,,,
q,dual_x_dim,3,0.11894049171114318,50.0,,1e-05,512.0,,500,0.0030572983177997726,0.0018035432299186027,1.0,1.0,,,,,,
q,dual_x_dim,4,0.14268678140884683,50.0,,1e-05,512.0,,100,0.0029008627229500927,0.0026402807229706227,1.0,1.0,,,,,,
q,dual_x_dim,4,0.14268678140884683,50.0,,1e-05,512.0,,500,0.003192678534538862,0.002147492842676346,1.0,1.0,,,,,,
q,dual_x_dim,5,0.10644876296519895,50.0,,1e-05,512.0,,100,0.002595545856537651,0.002380109426306065,1.0,1.0,,,,,,
q,dual_x_dim,5,0.10644876296519895,50.0,,1e-05,512.0,,500,0.003124972332814613,0.0023131178026480903,1.0,1.0,,,,,,
q,dual_x_dim,6,0.12019731741215293,50.0,,1e-05,512.0,,100,0.00302029020998007,0.0022280340997198333,1.0,1.0,,,,,,
q,dual_x_dim,6,0.12019731741215293,50.0,,1e-05,512.0,,500,0.0034871243182696965,0.0030732181196346797,1.0,1.0,,,,,,
q,dual_x_dim,7,0.11257652452691455,50.0,,1e-05,512.0,,100,0.0016847184364999768,0.0011749707123225317,1.0,1.0,,,,,,
q,dual_x_dim,7,0.11257652452691455,50.0,,1e-05,512.0,,500,0.0038496268180550075,0.0025708943880182744,1.0,1.0,,,,,,
q,dual_x_dim,12,0.13827661620596518,50.0,,1e-05,512.0,,100,0.003470021934043388,0.001956017682016087,1.0,1.0,,,,,,
q,dual_x_dim,12,0.13827661620596518,50.0,,1e-05,512.0,,500,0.003470021934043388,0.0019547322620865337,1.0,1.0,,,,,,
q,dual_x_dim,13,0.11962817767956364,50.0,,1e-05,512.0,,100,0.0015399641810286413,0.0012954958000473416,1.0,1.0,,,,,,
q,dual_x_dim,13,0.11962817767956364,50.0,,1e-05,512.0,,500,0.002534637523881944,0.0014284436576257331,1.0,1.0,,,,,,
q,dual_x_dim,14,0.13408705931864914,50.0,,1e-05,512.0,,100,0.002863492962630554,0.00241252240135742,1.0,1.0,,,,,,
q,dual_x_dim,14,0.13408705931864914,50.0,,1e-05,512.0,,500,0.003556054212210058,0.0016776691378519448,1.0,1.0,,,,,,
q,dual_x_dim,15,0.09673746703633918,50.0,,1e-05,512.0,,100,0.0018946350196760164,0.001483881139309251,1.0,1.0,,,,,,
q,dual_x_dim,15,0.09673746703633918,50.0,,1e-05,512.0,,500,0.0035107400314147164,0.0019225201419028615,1.0,1.0,,,,,,
q,dual_x_dim,8,0.14175730965559552,50.0,,1e-05,512.0,,100,0.0030429854499410824,0.0030429854499410824,1.0,1.0,,,,,,
q,dual_x_dim,8,0.14175730965559552,50.0,,1e-05,512.0,,500,0.0034850540806491415,0.0017520791817222658,1.0,1.0,,,,,,
q,dual_x_dim,9,0.133041364360873,50.0,,1e-05,512.0,,100,0.002356758935649461,0.002356758935649461,1.0,1.0,,,,,,
q,dual_x_dim,9,0.133041364360873,50.0,,1e-05,512.0,,500,0.0034655074690801424,0.0033381752553272026,1.0,1.0,,,,,,
q,dual_x_dim,10,0.11696794879720462,50.0,,1e-05,512.0,,100,0.003685834895303275,0.002751056883399383,1.0,1.0,,,,,,
q,dual_x_dim,10,0.11696794879720462,50.0,,1e-05,512.0,,500,0.005443279918290411,0.0036742329940095964,1.0,1.0,,,,,,
q,dual_x_dim,11,0.12460176632558295,50.0,,1e-05,512.0,,100,0.002770460513251749,0.0023855873775993075,1.0,1.0,,,,,,
q,dual_x_dim,11,0.12460176632558295,50.0,,1e-05,512.0,,500,0.004055140802083912,0.004055140802083912,1.0,1.0,,,,,,
q,dual_x_dim,16,0.11747950139268575,50.0,,1e-05,512.0,,100,0.003513259167152727,0.003513259167152727,1.0,1.0,,,,,,
q,dual_x_dim,16,0.11747950139268575,50.0,,1e-05,512.0,,500,0.0039642627300446875,0.0022235216223407683,1.0,1.0,,,,,,
q,dual_x_dim,17,0.14178263459597212,50.0,,1e-05,512.0,,100,0.0016853548598252388,0.0016219120059077774,1.0,1.0,,,,,,
q,dual_x_dim,17,0.14178263459597212,50.0,,1e-05,512.0,,500,0.003301703247626353,0.0031973350112544097,1.0,1.0,,,,,,
q,dual_x_dim,18,0.09076250392557922,50.0,,1e-05,512.0,,100,0.0022541877861486648,0.002211332602387095,1.0,1.0,,,,,,
q,dual_x_dim,18,0.09076250392557922,50.0,,1e-05,512.0,,500,0.004577214555541387,0.002392888433135454,1.0,1.0,,,,,,
q,dual_x_dim,19,0.12331536105543583,50.0,,1e-05,512.0,,100,0.0019596797558852908,0.0014917301150114692,1.0,1.0,,,,,,
q,dual_x_dim,19,0.12331536105543583,50.0,,1e-05,512.0,,500,0.003048263774373172,0.0023781288377444643,1.0,1.0,,,,,,
q,dual_x_dim,0,0.08324559249809413,50.0,,1e-05,1024.0,,100,0.002902677127955,0.002896199546932099,1.0,1.0,,,,,,
q,dual_x_dim,0,0.08324559249809413,50.0,,1e-05,1024.0,,500,0.004616371632093497,0.0018980734478286632,1.0,1.0,,,,,,
q,dual_x_dim,1,0.09773989892106646,50.0,,1e-05,1024.0,,100,0.002000370237968674,0.0019012041778377897,1.0,1.0,,,,,,
q,dual_x_dim,1,0.09773989892106646,50.0,,1e-05,1024.0,,500,0.0032458491405935597,0.002985313543581558,1.0,1.0,,,,,,
q,dual_x_dim,2,0.09817623108532308,50.0,,1e-05,1024.0,,100,0.002531954202413589,0.0023860842625373913,1.0,1.0,,,,,,
q,dual_x_dim,2,0.09817623108532308,50.0,,1e-05,1024.0,,500,0.0039544380417231295,0.002241242907890628,1.0,1.0,,,,,,
q,dual_x_dim,3,0.12022087397697476,50.0,,1e-05,1024.0,,100,0.002988353421767731,0.0017338876300226347,1.0,1.0,,,,,,
q,dual_x_dim,3,0.12022087397697476,50.0,,1e-05,1024.0,,500,0.002988353421767731,0.0016751341337712944,1.0,1.0,,,,,,
q,dual_x_dim,4,0.08582136460463576,50.0,,1e-05,1024.0,,100,0.002805633079784986,0.002601344529744032,1.0,1.0,,,,,,
q,dual_x_dim,4,0.08582136460463576,50.0,,1e-05,1024.0,,500,0.003211799977216323,0.002242364130803587,1.0,1.0,,,,,,
q,dual_x_dim,5,0.09529049869152607,50.0,,1e-05,1024.0,,100,0.0026993205835884604,0.0024416414027621514,1.0,1.0,,,,,,
q,dual_x_dim,5,0.09529049869152607,50.0,,1e-05,1024.0,,500,0.0032634111583218495,0.002313560923399738,1.0,1.0,,,,,,
q,dual_x_dim,6,0.08587568835618739,50.0,,1e-05,1024.0,,100,0.002983653200747005,0.0021521409970575167,1.0,1.0,,,,,,
q,dual_x_dim,6,0.08587568835618739,50.0,,1e-05,1024.0,,500,0.0034503531014520306,0.003105570924625267,1.0,1.0,,,,,,
q,dual_x_dim,7,0.08448072310305692,50.0,,1e-05,1024.0,,100,0.0017294811648900232,0.0012152412736721185,1.0,1.0,,,,,,
q,dual_x_dim,7,0.08448072310305692,50.0,,1e-05,1024.0,,500,0.0038157885747789333,0.002599694367272809,1.0,1.0,,,,,,
q,dual_x_dim,8,0.0855617921909968,50.0,,1e-05,1024.0,,100,0.0030566524964490416,0.0030566524964490416,1.0,1.0,,,,,,
q,dual_x_dim,8,0.0855617921909968,50.0,,1e-05,1024.0,,500,0.0034453285444869808,0.001747806226219062,1.0,1.0,,,,,,
q,dual_x_dim,9,0.10035694822361248,50.0,,1e-05,1024.0,,100,0.002420869672209669,0.002420869672209669,1.0,1.0,,,,,,
q,dual_x_dim,9,0.10035694822361248,50.0,,1e-05,1024.0,,500,0.0035382050863848047,0.0033867799173050717,1.0,1.0,,,,,,
q,dual_x_dim,10,0.09406626998612011,50.0,,1e-05,1024.0,,100,0.0035697754003536364,0.002740650316248261,1.0,1.0,,,,,,
q,dual_x_dim,10,0.09406626998612011,50.0,,1e-05,1024.0,,500,0.005433175553679392,0.0036190824001942623,1.0,1.0,,,,,,
q,dual_x_dim,11,0.09945804358707247,50.0,,1e-05,1024.0,,100,0.002780007892917824,0.00229561106220344,1.0,1.0,,,,,,
q,dual_x_dim,11,0.09945804358707247,50.0,,1e-05,1024.0,,500,0.003983313150174972,0.003983313150174972,1.0,1.0,,,,,,
q,dual_x_dim,12,0.06626174638131117,50.0,,1e-05,1024.0,,100,0.0035278281820843582,0.0020002406170004927,1.0,1.0,,,,,,
q,dual_x_dim,12,0.06626174638131117,50.0,,1e-05,1024.0,,500,0.0035278281820843582,0.002129884289257422,1.0,1.0,,,,,,
q,dual_x_dim,13,0.08761840355965336,50.0,,1e-05,1024.0,,100,0.001669519309020151,0.0013074912565683439,1.0,1.0,,,,,,
q,dual_x_dim,13,0.08761840355965336,50.0,,1e-05,1024.0,,500,0.00250623598114208,0.0014470699690469768,1.0,1.0,,,,,,
q,dual_x_dim,14,0.09758045951667538,50.0,,1e-05,1024.0,,100,0.0028887829009889843,0.0023862370058816973,1.0,1.0,,,,,,
q,dual_x_dim,14,0.09758045951667538,50.0,,1e-05,1024.0,,500,0.0036200448691950937,0.0017273876292128731,1.0,1.0,,,,,,
q,dual_x_dim,15,0.0830707630274445,50.0,,1e-05,1024.0,,100,0.0018418602994092481,0.0015070528875091305,1.0,1.0,,,,,,
q,dual_x_dim,15,0.0830707630274445,50.0,,1e-05,1024.0,,500,0.0035233758113215607,0.0019311541849895697,1.0,1.0,,,,,,
q,dual_x_dim,16,0.08225942591702709,50.0,,1e-05,1024.0,,100,0.0034930253522595933,0.0034930253522595933,1.0,1.0,,,,,,
q,dual_x_dim,16,0.08225942591702709,50.0,,1e-05,1024.0,,500,0.003914535212362402,0.002183391852680433,1.0,1.0,,,,,,
q,dual_x_dim,17,0.10326707211743168,50.0,,1e-05,1024.0,,100,0.0016995928661960036,0.0016357125400736916,1.0,1.0,,,,,,
q,dual_x_dim,17,0.10326707211743168,50.0,,1e-05,1024.0,,500,0.0031882865692409723,0.0030828540926424175,1.0,1.0,,,,,,
q,dual_x_dim,18,0.07596835511935024,50.0,,1e-05,1024.0,,100,0.002218729004968223,0.002121280696621597,1.0,1.0,,,,,,
q,dual_x_dim,18,0.07596835511935024,50.0,,1e-05,1024.0,,500,0.00452157474147441,0.0024592711773157028,1.0,1.0,,,,,,
q,dual_x_dim,19,0.08491267679941217,50.0,,1e-05,1024.0,,100,0.0019779046825697533,0.0014499923800564418,1.0,1.0,,,,,,
q,dual_x_dim,19,0.08491267679941217,50.0,,1e-05,1024.0,,500,0.0031072465920600756,0.0023621799769082408,1.0,1.0,,,,,,
q,dual_x_dim,0,0.05281229448753218,50.0,,1e-05,4096.0,,100,0.0030132428490281526,0.003006887572313044,1.0,1.0,,,,,,
q,dual_x_dim,0,0.05281229448753218,50.0,,1e-05,4096.0,,500,0.004628073901055352,0.0018978569525530675,1.0,1.0,,,,,,
q,dual_x_dim,1,0.03323375362264121,50.0,,1e-05,4096.0,,100,0.001980430476595907,0.0018524918774407428,1.0,1.0,,,,,,
q,dual_x_dim,1,0.03323375362264121,50.0,,1e-05,4096.0,,500,0.003330853069452022,0.002972015432683328,1.0,1.0,,,,,,
q,dual_x_dim,2,0.04517439621719188,50.0,,1e-05,4096.0,,100,0.002536365897764181,0.0024254416712264915,1.0,1.0,,,,,,
q,dual_x_dim,2,0.04517439621719188,50.0,,1e-05,4096.0,,500,0.004000111486468061,0.0023029281581556926,1.0,1.0,,,,,,
q,dual_x_dim,3,0.0427116544627979,50.0,,1e-05,4096.0,,100,0.0030123435327218395,0.0017128925742941337,1.0,1.0,,,,,,
q,dual_x_dim,3,0.0427116544627979,50.0,,1e-05,4096.0,,500,0.0030123435327218395,0.0015231196940397318,1.0,1.0,,,,,,
q,dual_x_dim,4,0.040015870266180115,50.0,,1e-05,4096.0,,100,0.0029481101149178013,0.0026878271607847504,1.0,1.0,,,,,,
q,dual_x_dim,4,0.040015870266180115,50.0,,1e-05,4096.0,,500,0.003251120608400715,0.00217298648133335,1.0,1.0,,,,,,
q,dual_x_dim,5,0.03709134647177847,50.0,,1e-05,4096.0,,100,0.002619776195943002,0.0023666399840311936,1.0,1.0,,,,,,
q,dual_x_dim,5,0.03709134647177847,50.0,,1e-05,4096.0,,500,0.0032291225245977273,0.002262720765404236,1.0,1.0,,,,,,
q,dual_x_dim,6,0.04794923215448047,50.0,,1e-05,4096.0,,100,0.002999684412030801,0.00219504935721182,1.0,1.0,,,,,,
q,dual_x_dim,6,0.04794923215448047,50.0,,1e-05,4096.0,,500,0.0034534315991225917,0.0031298026190758055,1.0,1.0,,,,,,
q,dual_x_dim,7,0.038538289652744306,50.0,,1e-05,4096.0,,100,0.001791047485434405,0.0012903838584565896,1.0,1.0,,,,,,
q,dual_x_dim,7,0.038538289652744306,50.0,,1e-05,4096.0,,500,0.0037039784505048523,0.0026596468829127584,1.0,1.0,,,,,,
q,dual_x_dim,8,0.054383597927018135,50.0,,1e-05,4096.0,,100,0.0030372861724033973,0.0030372861724033973,1.0,1.0,,,,,,
q,dual_x_dim,8,0.054383597927018135,50.0,,1e-05,4096.0,,500,0.003374937358586849,0.0018864864672605286,1.0,1.0,,,,,,
q,dual_x_dim,9,0.03765310937715849,50.0,,1e-05,4096.0,,100,0.0023383867084691423,0.0023383867084691423,1.0,1.0,,,,,,
q,dual_x_dim,9,0.03765310937715849,50.0,,1e-05,4096.0,,500,0.0035394163923421207,0.0033623725268403515,1.0,1.0,,,,,,
q,dual_x_dim,10,0.04683774768564616,50.0,,1e-05,4096.0,,100,0.003488091738991894,0.0026423162699367175,1.0,1.0,,,,,,
q,dual_x_dim,10,0.04683774768564616,50.0,,1e-05,4096.0,,500,0.005426089450003779,0.0036272181076246746,1.0,1.0,,,,,,
q,dual_x_dim,11,0.05217513828362287,50.0,,1e-05,4096.0,,100,0.0027814312009848963,0.0023534165434815346,1.0,1.0,,,,,,
q,dual_x_dim,11,0.05217513828362287,50.0,,1e-05,4096.0,,500,0.004035968898234987,0.004035968898234987,1.0,1.0,,,,,,
q,dual_x_dim,12,0.037527120712285596,50.0,,1e-05,4096.0,,100,0.0035698753681555617,0.0020235928339834564,1.0,1.0,,,,,,
q,dual_x_dim,12,0.037527120712285596,50.0,,1e-05,4096.0,,500,0.0035698753681555617,0.002134571772642868,1.0,1.0,,,,,,
q,dual_x_dim,13,0.03611361544770655,50.0,,1e-05,4096.0,,100,0.001725068225301607,0.0013304524058375122,1.0,1.0,,,,,,
q,dual_x_dim,13,0.03611361544770655,50.0,,1e-05,4096.0,,500,0.0025084200181493266,0.0014727051042078276,1.0,1.0,,,,,,
q,dual_x_dim,14,0.046207983078083464,50.0,,1e-05,4096.0,,100,0.002924167188705473,0.002421383172623859,1.0,1.0,,,,,,
q,dual_x_dim,14,0.046207983078083464,50.0,,1e-05,4096.0,,500,0.0035757518298377144,0.001735258457009281,1.0,1.0,,,,,,
q,dual_x_dim,15,0.041232563561755656,50.0,,1e-05,4096.0,,100,0.001835732167573545,0.001455680506647683,1.0,1.0,,,,,,
q,dual_x_dim,15,0.041232563561755656,50.0,,1e-05,4096.0,,500,0.0034743449673382276,0.0018951093440027211,1.0,1.0,,,,,,
q,dual_x_dim,16,0.04797270734396558,50.0,,1e-05,4096.0,,100,0.003493254327419981,0.003493254327419981,1.0,1.0,,,,,,
q,dual_x_dim,16,0.04797270734396558,50.0,,1e-05,4096.0,,500,0.0039057553924020105,0.0021545693489501694,1.0,1.0,,,,,,
q,dual_x_dim,17,0.0520924933809918,50.0,,1e-05,4096.0,,100,0.0016872266642839195,0.0016237825421758778,1.0,1.0,,,,,,
q,dual_x_dim,17,0.0520924933809918,50.0,,1e-05,4096.0,,500,0.0033070342926078133,0.0031637439651301946,1.0,1.0,,,,,,
q,dual_x_dim,18,0.04858823919892398,50.0,,1e-05,4096.0,,100,0.002198295831330188,0.0019885021806182457,1.0,1.0,,,,,,
q,dual_x_dim,18,0.04858823919892398,50.0,,1e-05,4096.0,,500,0.004653565165877227,0.0024194959078895906,1.0,1.0,,,,,,
q,dual_x_dim,19,0.03839218641664325,50.0,,1e-05,4096.0,,100,0.0019613839104203334,0.0014212322072661432,1.0,1.0,,,,,,
q,dual_x_dim,19,0.03839218641664325,50.0,,1e-05,4096.0,,500,0.00299766176513927,0.0024025708586730143,1.0,1.0,,,,,,
q,dual_x_dim,0,0.020356989468909358,50.0,,1e-05,16384.0,,100,0.002997634004702432,0.0029903185092479134,1.0,1.0,,,,,,
q,dual_x_dim,0,0.020356989468909358,50.0,,1e-05,16384.0,,500,0.004628962906949141,0.0018792780179544,1.0,1.0,,,,,,
q,dual_x_dim,1,0.01807625432089983,50.0,,1e-05,16384.0,,100,0.0019888264826650737,0.0018672971683458828,1.0,1.0,,,,,,
q,dual_x_dim,1,0.01807625432089983,50.0,,1e-05,16384.0,,500,0.0033321376595241148,0.002945323205207462,1.0,1.0,,,,,,
q,dual_x_dim,2,0.02140292876780509,50.0,,1e-05,16384.0,,100,0.002534801900884176,0.002412820619195899,1.0,1.0,,,,,,
q,dual_x_dim,2,0.02140292876780509,50.0,,1e-05,16384.0,,500,0.003982133920245268,0.002278560606112645,1.0,1.0,,,,,,
q,dual_x_dim,3,0.018745583527260273,50.0,,1e-05,16384.0,,100,0.003013178014987794,0.0017166776673437911,1.0,1.0,,,,,,
q,dual_x_dim,3,0.018745583527260273,50.0,,1e-05,16384.0,,500,0.003013178014987794,0.0015159140721991982,1.0,1.0,,,,,,
q,dual_x_dim,4,0.02302125399812299,50.0,,1e-05,16384.0,,100,0.0029613714669165514,0.0026967354095951412,1.0,1.0,,,,,,
q,dual_x_dim,4,0.02302125399812299,50.0,,1e-05,16384.0,,500,0.003268927364957319,0.0021392640644988248,1.0,1.0,,,,,,
q,dual_x_dim,5,0.018059158472521004,50.0,,1e-05,16384.0,,100,0.0025574796991015836,0.0022853584451356657,1.0,1.0,,,,,,
q,dual_x_dim,5,0.018059158472521004,50.0,,1e-05,16384.0,,500,0.003164924424309712,0.0022423368699411306,1.0,1.0,,,,,,
q,dual_x_dim,6,0.02108045085739379,50.0,,1e-05,16384.0,,100,0.002983300734866301,0.00214337402441811,1.0,1.0,,,,,,
q,dual_x_dim,6,0.02108045085739379,50.0,,1e-05,16384.0,,500,0.0034472979707094176,0.0031200028137841063,1.0,1.0,,,,,,
q,dual_x_dim,7,0.021431309877788803,50.0,,1e-05,16384.0,,100,0.001767733093235413,0.0012827140793181258,1.0,1.0,,,,,,
q,dual_x_dim,7,0.021431309877788803,50.0,,1e-05,16384.0,,500,0.003663963106554702,0.0026651171223370795,1.0,1.0,,,,,,
q,dual_x_dim,8,0.021030588042434514,50.0,,1e-05,16384.0,,100,0.003011725592864334,0.003011725592864334,1.0,1.0,,,,,,
q,dual_x_dim,8,0.021030588042434514,50.0,,1e-05,16384.0,,500,0.0033477062312785577,0.0019248571941501424,1.0,1.0,,,,,,
q,dual_x_dim,9,0.019728356009054288,50.0,,1e-05,16384.0,,100,0.002352900644474465,0.002352900644474465,1.0,1.0,,,,,,
q,dual_x_dim,9,0.019728356009054288,50.0,,1e-05,16384.0,,500,0.0035135576359131004,0.003339867907816929,1.0,1.0,,,,,,
q,dual_x_dim,10,0.022361935486372143,50.0,,1e-05,16384.0,,100,0.0034782529027311826,0.0026498855981119673,1.0,1.0,,,,,,
q,dual_x_dim,10,0.022361935486372143,50.0,,1e-05,16384.0,,500,0.005443629370156966,0.003598501371670171,1.0,1.0,,,,,,
q,dual_x_dim,11,0.02310508513733857,50.0,,1e-05,16384.0,,100,0.002756228624423429,0.002372273074972231,1.0,1.0,,,,,,
q,dual_x_dim,11,0.02310508513733857,50.0,,1e-05,16384.0,,500,0.004004030217717336,0.004004030217717336,1.0,1.0,,,,,,
q,dual_x_dim,12,0.02699076211395584,50.0,,1e-05,16384.0,,100,0.003580603105255098,0.002020570530396504,1.0,1.0,,,,,,
q,dual_x_dim,12,0.02699076211395584,50.0,,1e-05,16384.0,,500,0.003580603105255098,0.0020444915517754403,1.0,1.0,,,,,,
q,dual_x_dim,13,0.025830793140590433,50.0,,1e-05,16384.0,,100,0.0017346219865215229,0.0013189977716605572,1.0,1.0,,,,,,
q,dual_x_dim,13,0.025830793140590433,50.0,,1e-05,16384.0,,500,0.0025502796113623383,0.0014575819335522766,1.0,1.0,,,,,,
q,dual_x_dim,14,0.020659419161738583,50.0,,1e-05,16384.0,,100,0.0029877349015592913,0.0024195927216477675,1.0,1.0,,,,,,
q,dual_x_dim,14,0.020659419161738583,50.0,,1e-05,16384.0,,500,0.0036386870361911905,0.0017511830845511334,1.0,1.0,,,,,,
q,dual_x_dim,15,0.026925567045706686,50.0,,1e-05,16384.0,,100,0.00180359275477171,0.0014432055769981744,1.0,1.0,,,,,,
q,dual_x_dim,15,0.026925567045706686,50.0,,1e-05,16384.0,,500,0.003472979931746112,0.0019087169373144253,1.0,1.0,,,,,,
q,dual_x_dim,16,0.01658465602098674,50.0,,1e-05,16384.0,,100,0.0034425159310047526,0.0034425159310047526,1.0,1.0,,,,,,
q,dual_x_dim,16,0.01658465602098674,50.0,,1e-05,16384.0,,500,0.003918241797832955,0.0021476076152062984,1.0,1.0,,,,,,
q,dual_x_dim,17,0.019897017393780598,50.0,,1e-05,16384.0,,100,0.0016946887207340278,0.001631026985251055,1.0,1.0,,,,,,
q,dual_x_dim,17,0.019897017393780598,50.0,,1e-05,16384.0,,500,0.0032642035932659574,0.0031360439664338546,1.0,1.0,,,,,,
q,dual_x_dim,18,0.020865285810528867,50.0,,1e-05,16384.0,,100,0.0021863470271498153,0.0020179935655026404,1.0,1.0,,,,,,
q,dual_x_dim,18,0.020865285810528867,50.0,,1e-05,16384.0,,500,0.004675714603598946,0.0024173351943703736,1.0,1.0,,,,,,
q,dual_x_dim,19,0.021465321221595654,50.0,,1e-05,16384.0,,100,0.0019675964879179997,0.0014267888248610805,1.0,1.0,,,,,,
q,dual_x_dim,19,0.021465321221595654,50.0,,1e-05,16384.0,,500,0.0030385787908300266,0.0024136964752197176,1.0,1.0,,,,,,
q,dual_x_dim,0,0.5824868497238714,50.0,,0.0001,16.0,,100,0.18201595029605194,0.12611389505950588,0.979381443298969,0.6914893617021277,,,,,,
q,dual_x_dim,0,0.5824868497238714,50.0,,0.0001,16.0,,500,0.23125335015522053,0.1214617496248489,0.9959758551307847,0.9129554655870445,,,,,,
q,dual_x_dim,1,0.7171173891637045,50.0,,0.0001,16.0,,100,0.05759750494601448,0.04359756895143918,0.9981718464351006,1.0,,,,,,
q,dual_x_dim,1,0.7171173891637045,50.0,,0.0001,16.0,,500,0.07634836474838158,0.060846237584747165,0.999660671869698,1.0,,,,,,
q,dual_x_dim,2,0.5337551337145325,50.0,,0.0001,16.0,,100,0.059455794067894474,0.05856709293104545,0.9480968858131488,0.9578947368421052,,,,,,
q,dual_x_dim,2,0.5337551337145325,50.0,,0.0001,16.0,,500,0.08312533551385037,0.07585373927552741,0.989926124916051,0.9919191919191919,,,,,,
q,dual_x_dim,3,0.6316069804967541,50.0,,0.0001,16.0,,100,0.07464962198474223,0.07291523612576878,0.9806678383128296,0.8924731182795699,,,,,,
q,dual_x_dim,3,0.6316069804967541,50.0,,0.0001,16.0,,500,0.1806852625358557,0.14867076758359632,0.9962950488379926,0.9797160243407708,,,,,,
q,dual_x_dim,4,0.6300742150314218,50.0,,0.0001,16.0,,100,0.19678760827194297,0.19678760827194297,1.0,0.9263157894736842,,,,,,
q,dual_x_dim,4,0.6300742150314218,50.0,,0.0001,16.0,,500,0.2152826847171927,0.20993732075052784,1.0,0.9858585858585859,,,,,,
q,dual_x_dim,5,0.6298305822462573,50.0,,0.0001,16.0,,100,0.13170127116207803,0.12706746932170088,0.9370629370629371,0.9361702127659575,,,,,,
q,dual_x_dim,5,0.6298305822462573,50.0,,0.0001,16.0,,500,0.2609553542288283,0.18215679882867364,0.9878869448183042,0.9878542510121457,,,,,,
q,dual_x_dim,6,0.5379516056751762,50.0,,0.0001,16.0,,100,0.10344543127690242,0.07916109508343172,0.9748653500897666,0.956989247311828,,,,,,
q,dual_x_dim,6,0.5379516056751762,50.0,,0.0001,16.0,,500,0.14167599864674107,0.08264381574432966,0.9952654717619208,0.9898580121703854,,,,,,
q,dual_x_dim,7,0.5504159944126669,50.0,,0.0001,16.0,,100,0.059479811430157126,0.050756622096480575,1.0,0.9468085106382979,,,,,,
q,dual_x_dim,7,0.5504159944126669,50.0,,0.0001,16.0,,500,0.16209272989522305,0.0865149225879458,1.0,0.9898785425101214,,,,,,
q,dual_x_dim,8,0.5503838769727527,50.0,,0.0001,16.0,,100,0.07687011487375629,0.07127231643836734,1.0,0.967391304347826,,,,,,
q,dual_x_dim,8,0.5503838769727527,50.0,,0.0001,16.0,,500,0.10112275905738038,0.0655280740383315,1.0,0.9939024390243902,,,,,,
q,dual_x_dim,9,0.5859552892639311,50.0,,0.0001,16.0,,100,0.09170668388893238,0.08061434174988402,0.9964973730297724,0.6989247311827957,,,,,,
q,dual_x_dim,9,0.5859552892639311,50.0,,0.0001,16.0,,500,0.215540672741372,0.1347964979262679,0.999326825984517,0.9411764705882353,,,,,,
q,dual_x_dim,10,0.6786980429492779,50.0,,0.0001,16.0,,100,0.07088354959801169,0.06794255322427245,1.0,0.9787234042553191,,,,,,
q,dual_x_dim,10,0.6786980429492779,50.0,,0.0001,16.0,,500,0.08861657548661706,0.06157000259006584,1.0,0.9959514170040485,,,,,,
q,dual_x_dim,11,0.6685670290921756,50.0,,0.0001,16.0,,100,0.07485236191693923,0.06554776168312815,0.9981818181818182,1.0,,,,,,
q,dual_x_dim,11,0.6685670290921756,50.0,,0.0001,16.0,,500,0.11140370633385477,0.0761762886724604,0.9996610169491525,1.0,,,,,,
q,dual_x_dim,12,0.5855076028423207,50.0,,0.0001,16.0,,100,0.140682720025466,0.09621104315489626,1.0,0.9473684210526315,,,,,,
q,dual_x_dim,12,0.5855076028423207,50.0,,0.0001,16.0,,500,0.17116468939242901,0.11620581903450322,1.0,0.98989898989899,,,,,,
q,dual_x_dim,13,0.7023461508614937,50.0,,0.0001,16.0,,100,0.1136160790785592,0.1136160790785592,1.0,0.9468085106382979,,,,,,
q,dual_x_dim,13,0.7023461508614937,50.0,,0.0001,16.0,,500,0.18538398720436744,0.1053616456238442,1.0,0.9898785425101214,,,,,,
q,dual_x_dim,14,0.6812192772386215,50.0,,0.0001,16.0,,100,0.0733032387779387,0.05913217823744504,1.0,0.9263157894736842,,,,,,
q,dual_x_dim,14,0.6812192772386215,50.0,,0.0001,16.0,,500,0.09540119679273018,0.07086203802021629,0.9986513823331086,0.9838383838383838,,,,,,
q,dual_x_dim,15,0.7863103197713137,50.0,,0.0001,16.0,,100,0.1564690723233032,0.1564690723233032,0.9636678200692042,0.8526315789473684,,,,,,
q,dual_x_dim,15,0.7863103197713137,50.0,,0.0001,16.0,,500,0.17565492644866454,0.1167485090936684,0.9919408999328408,0.9535353535353536,,,,,,
q,dual_x_dim,16,0.597152494276281,50.0,,0.0001,16.0,,100,0.0954610676959568,0.08392349575670122,0.9928443649373881,0.925531914893617,,,,,,
q,dual_x_dim,16,0.597152494276281,50.0,,0.0001,16.0,,500,0.1991202582511562,0.147763649731262,0.9986481919567421,0.9858299595141701,,,,,,
q,dual_x_dim,17,0.7668002575527149,50.0,,0.0001,16.0,,100,0.06193559674321433,0.04260850701321406,1.0,1.0,,,,,,
q,dual_x_dim,17,0.7668002575527149,50.0,,0.0001,16.0,,500,0.16153927894917386,0.16153927894917386,1.0,1.0,,,,,,
q,dual_x_dim,18,0.6186314551596767,50.0,,0.0001,16.0,,100,0.15102373230939398,0.15102373230939398,0.9982300884955753,0.8494623655913979,,,,,,
q,dual_x_dim,18,0.6186314551596767,50.0,,0.0001,16.0,,500,0.323493834072627,0.323493834072627,0.9996627318718381,0.9716024340770791,,,,,,
q,dual_x_dim,19,0.6570521997836933,50.0,,0.0001,16.0,,100,0.2628746207795003,0.06161711735814135,1.0,0.7608695652173914,,,,,,
q,dual_x_dim,19,0.6570521997836933,50.0,,0.0001,16.0,,500,0.2628746207795003,0.18730630821959676,1.0,0.9532520325203252,,,,,,
q,dual_x_dim,0,0.5421668878304189,50.0,,0.0001,24.0,,100,0.060593326893113864,0.035483024509066485,1.0,0.9787234042553191,,,,,,
q,dual_x_dim,0,0.5421668878304189,50.0,,0.0001,24.0,,500,0.06407332409592481,0.03505111925576454,1.0,0.9959514170040485,,,,,,
q,dual_x_dim,1,0.5678731396400899,50.0,,0.0001,24.0,,100,0.0346212432356251,0.0218384360099263,1.0,1.0,,,,,,
q,dual_x_dim,1,0.5678731396400899,50.0,,0.0001,24.0,,500,0.04838111515042476,0.04673500558940358,1.0,1.0,,,,,,
q,dual_x_dim,2,0.5162001740529778,50.0,,0.0001,24.0,,100,0.04682871438125635,0.03914656544578898,0.9550173010380623,0.968421052631579,,,,,,
q,dual_x_dim,2,0.5162001740529778,50.0,,0.0001,24.0,,500,0.08934374470271678,0.0644764799837434,0.9912693082605776,0.9939393939393939,,,,,,
q,dual_x_dim,3,0.6063246315124409,50.0,,0.0001,24.0,,100,0.05126038291563079,0.036305509479712395,0.9929701230228472,0.967741935483871,,,,,,
q,dual_x_dim,3,0.6063246315124409,50.0,,0.0001,24.0,,500,0.06836264033257766,0.050711467488831374,0.9986527450319973,0.9939148073022313,,,,,,
q,dual_x_dim,4,0.5650160744942002,50.0,,0.0001,24.0,,100,0.04398461780439811,0.041337734196750464,1.0,1.0,,,,,,
q,dual_x_dim,4,0.5650160744942002,50.0,,0.0001,24.0,,500,0.05206116976268982,0.021375583058829584,1.0,1.0,,,,,,
q,dual_x_dim,5,0.44867717946593005,50.0,,0.0001,24.0,,100,0.03444671062725915,0.03352792885558012,0.9527972027972028,0.9787234042553191,,,,,,
q,dual_x_dim,5,0.44867717946593005,50.0,,0.0001,24.0,,500,0.04159479378168007,0.03175619897589255,0.9909152086137282,0.9959514170040485,,,,,,
q,dual_x_dim,6,0.4733353937396358,50.0,,0.0001,24.0,,100,0.05288403399519348,0.02824907504589702,1.0,0.989247311827957,,,,,,
q,dual_x_dim,6,0.4733353937396358,50.0,,0.0001,24.0,,500,0.056759843302267576,0.0362685072995137,1.0,0.9979716024340771,,,,,,
q,dual_x_dim,7,0.4848911240174937,50.0,,0.0001,24.0,,100,0.030492816481283658,0.013123701002525356,1.0,0.9574468085106383,,,,,,
q,dual_x_dim,7,0.4848911240174937,50.0,,0.0001,24.0,,500,0.08715693677876679,0.04015544250351133,1.0,0.9919028340080972,,,,,,
q,dual_x_dim,8,0.49594634213790467,50.0,,0.0001,24.0,,100,0.0414012180170813,0.0414012180170813,1.0,0.9782608695652174,,,,,,
q,dual_x_dim,8,0.49594634213790467,50.0,,0.0001,24.0,,500,0.049355630735076206,0.02806289683556651,1.0,0.9959349593495935,,,,,,
q,dual_x_dim,9,0.5641386095086601,50.0,,0.0001,24.0,,100,0.02792844840525649,0.027781134979826316,0.9982486865148862,0.956989247311828,,,,,,
q,dual_x_dim,9,0.5641386095086601,50.0,,0.0001,24.0,,500,0.0606559007958003,0.06059747800302384,0.9996634129922585,0.9918864097363083,,,,,,
q,dual_x_dim,10,0.5394950538589948,50.0,,0.0001,24.0,,100,0.04535206109080814,0.042096514667566254,1.0,1.0,,,,,,
q,dual_x_dim,10,0.5394950538589948,50.0,,0.0001,24.0,,500,0.08086510411659775,0.05482240447851083,1.0,1.0,,,,,,
q,dual_x_dim,11,0.4323375414471957,50.0,,0.0001,24.0,,100,0.04464208329873176,0.02577369273011465,1.0,1.0,,,,,,
q,dual_x_dim,11,0.4323375414471957,50.0,,0.0001,24.0,,500,0.04464208329873176,0.030727808615963137,1.0,1.0,,,,,,
q,dual_x_dim,12,0.6063071845964549,50.0,,0.0001,24.0,,100,0.04465690023770025,0.02412110842475801,1.0,0.9789473684210527,,,,,,
q,dual_x_dim,12,0.6063071845964549,50.0,,0.0001,24.0,,500,0.04465690023770025,0.023209766851545632,1.0,0.9959595959595959,,,,,,
q,dual_x_dim,13,0.6143260030494101,50.0,,0.0001,24.0,,100,0.042307065115614995,0.028244345544493843,0.9946428571428572,0.9893617021276596,,,,,,
q,dual_x_dim,13,0.6143260030494101,50.0,,0.0001,24.0,,500,0.06351529358679286,0.036395350672621785,0.9989864864864865,0.9979757085020243,,,,,,
q,dual_x_dim,14,0.6899588145802447,50.0,,0.0001,24.0,,100,0.06097357504131323,0.05207801374726795,1.0,0.9894736842105263,,,,,,
q,dual_x_dim,14,0.6899588145802447,50.0,,0.0001,24.0,,500,0.07445433247634081,0.03957290299242244,0.9986513823331086,0.9959595959595959,,,,,,
q,dual_x_dim,15,0.640572464930069,50.0,,0.0001,24.0,,100,0.034096744443279925,0.034096744443279925,0.9913494809688581,0.9789473684210527,,,,,,
q,dual_x_dim,15,0.640572464930069,50.0,,0.0001,24.0,,500,0.05572238939172336,0.036014896461071366,0.9983210208193418,0.9939393939393939,,,,,,
q,dual_x_dim,16,0.5596173010815712,50.0,,0.0001,24.0,,100,0.05932690379291494,0.05932690379291494,0.9910554561717353,0.9893617021276596,,,,,,
q,dual_x_dim,16,0.5596173010815712,50.0,,0.0001,24.0,,500,0.05942938270287179,0.03282551827974123,0.9983102399459277,0.9979757085020243,,,,,,
q,dual_x_dim,17,0.5485645062802906,50.0,,0.0001,24.0,,100,0.032487592263226894,0.031997126200165316,1.0,1.0,,,,,,
q,dual_x_dim,17,0.5485645062802906,50.0,,0.0001,24.0,,500,0.06907771946830477,0.06907771946830477,1.0,1.0,,,,,,
q,dual_x_dim,18,0.4947893552771776,50.0,,0.0001,24.0,,100,0.03093831147726761,0.030590426313197305,1.0,0.956989247311828,,,,,,
q,dual_x_dim,18,0.4947893552771776,50.0,,0.0001,24.0,,500,0.06728083524595085,0.06620173505653781,1.0,0.9918864097363083,,,,,,
q,dual_x_dim,19,0.4921353463804619,50.0,,0.0001,24.0,,100,0.05996355059143088,0.02893375957009464,1.0,0.9782608695652174,,,,,,
q,dual_x_dim,19,0.4921353463804619,50.0,,0.0001,24.0,,500,0.05996355059143088,0.03711405599481532,1.0,0.9959349593495935,,,,,,
q,dual_x_dim,0,0.475488624112919,50.0,,0.0001,32.0,,100,0.034535196134060475,0.028063982100885676,1.0,0.9893617021276596,,,,,,
q,dual_x_dim,0,0.475488624112919,50.0,,0.0001,32.0,,500,0.055643269318983446,0.030229050333743013,1.0,0.9979757085020243,,,,,,
q,dual_x_dim,1,0.40812779004929994,50.0,,0.0001,32.0,,100,0.028051420628944057,0.021868331520640827,1.0,1.0,,,,,,
q,dual_x_dim,1,0.40812779004929994,50.0,,0.0001,32.0,,500,0.043727207395646506,0.0426975544741337,1.0,1.0,,,,,,
q,dual_x_dim,2,0.4730093470080129,50.0,,0.0001,32.0,,100,0.04059282639628198,0.02879723351749841,0.9550173010380623,0.968421052631579,,,,,,
q,dual_x_dim,2,0.4730093470080129,50.0,,0.0001,32.0,,500,0.06883287605558985,0.04680749283465557,0.9912693082605776,0.9939393939393939,,,,,,
q,dual_x_dim,3,0.4466934199958885,50.0,,0.0001,32.0,,100,0.03536468285271718,0.028882471506279095,1.0,0.978494623655914,,,,,,
q,dual_x_dim,3,0.4466934199958885,50.0,,0.0001,32.0,,500,0.045374640501083974,0.03409223790863569,1.0,0.9959432048681541,,,,,,
q,dual_x_dim,8,0.43855644177086944,50.0,,0.0001,32.0,,100,0.038663093733562914,0.038663093733562914,1.0,0.9782608695652174,,,,,,
q,dual_x_dim,8,0.43855644177086944,50.0,,0.0001,32.0,,500,0.04378435216518495,0.026608906843927915,1.0,0.9959349593495935,,,,,,
q,dual_x_dim,9,0.41686723547078175,50.0,,0.0001,32.0,,100,0.030596733768515183,0.030596733768515183,0.9982486865148862,0.956989247311828,,,,,,
q,dual_x_dim,9,0.41686723547078175,50.0,,0.0001,32.0,,500,0.04935055780965225,0.04935055780965225,0.9996634129922585,0.9918864097363083,,,,,,
q,dual_x_dim,10,0.4462354434217582,50.0,,0.0001,32.0,,100,0.04081887132527262,0.03634966818002572,1.0,1.0,,,,,,
q,dual_x_dim,10,0.4462354434217582,50.0,,0.0001,32.0,,500,0.07551816074302842,0.04743035604935519,1.0,1.0,,,,,,
q,dual_x_dim,11,0.3453439906042841,50.0,,0.0001,32.0,,100,0.040151313420313306,0.0261977720305413,1.0,1.0,,,,,,
q,dual_x_dim,11,0.3453439906042841,50.0,,0.0001,32.0,,500,0.040174458440715544,0.040174458440715544,1.0,1.0,,,,,,
q,dual_x_dim,4,0.5533154376476055,50.0,,0.0001,32.0,,100,0.045110766071122965,0.04225315595099688,1.0,1.0,,,,,,
q,dual_x_dim,4,0.5533154376476055,50.0,,0.0001,32.0,,500,0.04956084918353376,0.018041455803070594,1.0,1.0,,,,,,
q,dual_x_dim,5,0.37342721982998295,50.0,,0.0001,32.0,,100,0.026113010499271505,0.026113010499271505,0.9597902097902098,0.9787234042553191,,,,,,
q,dual_x_dim,5,0.37342721982998295,50.0,,0.0001,32.0,,500,0.03769708628229651,0.023449615259302226,0.9922611036339165,0.9959514170040485,,,,,,
q,dual_x_dim,6,0.42978362336359666,50.0,,0.0001,32.0,,100,0.04421132303249875,0.027211215489503893,1.0,1.0,,,,,,
q,dual_x_dim,6,0.42978362336359666,50.0,,0.0001,32.0,,500,0.0465788601727275,0.03689714191842963,1.0,1.0,,,,,,
q,dual_x_dim,7,0.44008905448805447,50.0,,0.0001,32.0,,100,0.01942939069083066,0.01208556623189283,1.0,0.9893617021276596,,,,,,
q,dual_x_dim,7,0.44008905448805447,50.0,,0.0001,32.0,,500,0.061769631063749,0.03899090983918607,1.0,0.9979757085020243,,,,,,
q,dual_x_dim,12,0.5218634903299535,50.0,,0.0001,32.0,,100,0.04791617680925209,0.02690727378583918,1.0,1.0,,,,,,
q,dual_x_dim,12,0.5218634903299535,50.0,,0.0001,32.0,,500,0.04791617680925209,0.0226796570310821,1.0,1.0,,,,,,
q,dual_x_dim,13,0.42062264887055334,50.0,,0.0001,32.0,,100,0.03418345040960191,0.02120954728387625,0.9946428571428572,0.9893617021276596,,,,,,
q,dual_x_dim,13,0.42062264887055334,50.0,,0.0001,32.0,,500,0.04424477172647201,0.02662687638421235,0.9989864864864865,0.9979757085020243,,,,,,
q,dual_x_dim,14,0.4990514455594063,50.0,,0.0001,32.0,,100,0.04641180852553067,0.03650693765275004,1.0,1.0,,,,,,
q,dual_x_dim,14,0.4990514455594063,50.0,,0.0001,32.0,,500,0.05563607259169345,0.032030659436989795,0.9986513823331086,0.997979797979798,,,,,,
q,dual_x_dim,15,0.47267108630892485,50.0,,0.0001,32.0,,100,0.018258380754470727,0.018258380754470727,1.0,0.9894736842105263,,,,,,
q,dual_x_dim,15,0.47267108630892485,50.0,,0.0001,32.0,,500,0.037569513041930236,0.01904930980137065,1.0,0.9959595959595959,,,,,,
q,dual_x_dim,16,0.45145873378777773,50.0,,0.0001,32.0,,100,0.04961490169996141,0.04961490169996141,1.0,0.9893617021276596,,,,,,
q,dual_x_dim,16,0.45145873378777773,50.0,,0.0001,32.0,,500,0.04972519247578577,0.026007885619799498,1.0,0.9979757085020243,,,,,,
q,dual_x_dim,17,0.4502359836938825,50.0,,0.0001,32.0,,100,0.023193865684062343,0.016399513509959093,1.0,1.0,,,,,,
q,dual_x_dim,17,0.4502359836938825,50.0,,0.0001,32.0,,500,0.05438272669362121,0.05438272669362121,1.0,1.0,,,,,,
q,dual_x_dim,18,0.5626601659757056,50.0,,0.0001,32.0,,100,0.02956521821528446,0.024269855037958366,1.0,0.967741935483871,,,,,,
q,dual_x_dim,18,0.5626601659757056,50.0,,0.0001,32.0,,500,0.051969623852548,0.051362372965822356,1.0,0.9939148073022313,,,,,,
q,dual_x_dim,19,0.41077051363789985,50.0,,0.0001,32.0,,100,0.045052853709899976,0.021940173630595222,1.0,1.0,,,,,,
q,dual_x_dim,19,0.41077051363789985,50.0,,0.0001,32.0,,500,0.0504656310528242,0.031351500746680694,1.0,1.0,,,,,,
q,dual_x_dim,8,0.31157596513111496,50.0,,0.0001,64.0,,100,0.033491475112101265,0.03318518293643824,1.0,0.9782608695652174,,,,,,
q,dual_x_dim,8,0.31157596513111496,50.0,,0.0001,64.0,,500,0.03929555366960369,0.02399500065499649,1.0,0.9959349593495935,,,,,,
q,dual_x_dim,9,0.34561243486758075,50.0,,0.0001,64.0,,100,0.025674196860132947,0.025674196860132947,0.9982486865148862,0.978494623655914,,,,,,
q,dual_x_dim,9,0.34561243486758075,50.0,,0.0001,64.0,,500,0.03833557383348585,0.03810321281025297,0.9996634129922585,0.9959432048681541,,,,,,
q,dual_x_dim,10,0.378879289575792,50.0,,0.0001,64.0,,100,0.04036758540944341,0.02948152765231493,1.0,0.9893617021276596,,,,,,
q,dual_x_dim,10,0.378879289575792,50.0,,0.0001,64.0,,500,0.05982431613493455,0.04395793332619968,1.0,0.9979757085020243,,,,,,
q,dual_x_dim,11,0.32740539883828845,50.0,,0.0001,64.0,,100,0.030701795965788536,0.026910874847025035,1.0,1.0,,,,,,
q,dual_x_dim,11,0.32740539883828845,50.0,,0.0001,64.0,,500,0.037993813520977415,0.037993813520977415,1.0,1.0,,,,,,
q,dual_x_dim,4,0.4116536270898129,50.0,,0.0001,64.0,,100,0.030610161131378932,0.02547154114632666,1.0,1.0,,,,,,
q,dual_x_dim,4,0.4116536270898129,50.0,,0.0001,64.0,,500,0.038613557777762875,0.01608042243563257,1.0,1.0,,,,,,
q,dual_x_dim,5,0.29343300693331814,50.0,,0.0001,64.0,,100,0.028087927254490053,0.02657219888005269,1.0,0.9893617021276596,,,,,,
q,dual_x_dim,5,0.29343300693331814,50.0,,0.0001,64.0,,500,0.03463386833376525,0.021407229358334945,1.0,0.9979757085020243,,,,,,
q,dual_x_dim,6,0.42163379283891284,50.0,,0.0001,64.0,,100,0.038717686930549444,0.02540488467451807,1.0,1.0,,,,,,
q,dual_x_dim,6,0.42163379283891284,50.0,,0.0001,64.0,,500,0.040380412045166736,0.03306690132951662,1.0,1.0,,,,,,
q,dual_x_dim,7,0.34813570903299706,50.0,,0.0001,64.0,,100,0.015216278665248661,0.012704100925747808,1.0,0.9893617021276596,,,,,,
q,dual_x_dim,7,0.34813570903299706,50.0,,0.0001,64.0,,500,0.038960263047570276,0.029175228638971262,1.0,0.9979757085020243,,,,,,
q,dual_x_dim,0,0.3221759901052828,50.0,,0.0001,64.0,,100,0.02841088061280095,0.025440562240706788,1.0,0.9893617021276596,,,,,,
q,dual_x_dim,0,0.3221759901052828,50.0,,0.0001,64.0,,500,0.053161517730298424,0.024019330227943336,1.0,0.9979757085020243,,,,,,
q,dual_x_dim,1,0.29558078375967123,50.0,,0.0001,64.0,,100,0.021128377628916173,0.01756237845129227,1.0,1.0,,,,,,
q,dual_x_dim,1,0.29558078375967123,50.0,,0.0001,64.0,,500,0.034148542680487726,0.03335926576738091,1.0,1.0,,,,,,
q,dual_x_dim,2,0.3180382777636512,50.0,,0.0001,64.0,,100,0.030181152740886785,0.029524242371729015,0.972318339100346,0.968421052631579,,,,,,
q,dual_x_dim,2,0.3180382777636512,50.0,,0.0001,64.0,,500,0.0361019079040501,0.029521449302137626,0.9946272666218939,0.9939393939393939,,,,,,
q,dual_x_dim,3,0.36692874187724284,50.0,,0.0001,64.0,,100,0.03269570646187431,0.02209435841598939,0.9929701230228472,0.978494623655914,,,,,,
q,dual_x_dim,3,0.36692874187724284,50.0,,0.0001,64.0,,500,0.03269570646187431,0.022253382627869023,0.9986527450319973,0.9959432048681541,,,,,,
q,dual_x_dim,12,0.37647967684533196,50.0,,0.0001,64.0,,100,0.03479926961478297,0.01971558090566322,1.0,1.0,,,,,,
q,dual_x_dim,12,0.37647967684533196,50.0,,0.0001,64.0,,500,0.03479926961478297,0.020420183920940693,1.0,1.0,,,,,,
q,dual_x_dim,13,0.3272847901693679,50.0,,0.0001,64.0,,100,0.01876388123269168,0.013503451138911382,1.0,1.0,,,,,,
q,dual_x_dim,13,0.3272847901693679,50.0,,0.0001,64.0,,500,0.03227262656443197,0.02216910672985306,1.0,1.0,,,,,,
q,dual_x_dim,14,0.32643791641323355,50.0,,0.0001,64.0,,100,0.032927202371569986,0.02598222267299566,1.0,1.0,,,,,,
q,dual_x_dim,14,0.32643791641323355,50.0,,0.0001,64.0,,500,0.036774330522254206,0.020690093948729005,0.9986513823331086,1.0,,,,,,
q,dual_x_dim,15,0.31240187704456923,50.0,,0.0001,64.0,,100,0.01954134290597781,0.015213382870906678,1.0,0.9894736842105263,,,,,,
q,dual_x_dim,15,0.31240187704456923,50.0,,0.0001,64.0,,500,0.03634094687972178,0.015667689556775777,1.0,0.9959595959595959,,,,,,
q,dual_x_dim,16,0.3106442961881303,50.0,,0.0001,64.0,,100,0.04206641283765622,0.04206641283765622,1.0,0.9893617021276596,,,,,,
q,dual_x_dim,16,0.3106442961881303,50.0,,0.0001,64.0,,500,0.049298377818800976,0.023479463907021603,1.0,0.9979757085020243,,,,,,
q,dual_x_dim,17,0.33758709179713225,50.0,,0.0001,64.0,,100,0.02478671136098609,0.017363397007543302,1.0,1.0,,,,,,
q,dual_x_dim,17,0.33758709179713225,50.0,,0.0001,64.0,,500,0.041190635872701,0.03990548430806817,1.0,1.0,,,,,,
q,dual_x_dim,18,0.36277063351344463,50.0,,0.0001,64.0,,100,0.027164951496298828,0.027164951496298828,1.0,0.978494623655914,,,,,,
q,dual_x_dim,18,0.36277063351344463,50.0,,0.0001,64.0,,500,0.045473869881060835,0.03561930925548085,1.0,0.9959432048681541,,,,,,
q,dual_x_dim,19,0.27197824426002815,50.0,,0.0001,64.0,,100,0.029291044996578752,0.014314704888583718,1.0,1.0,,,,,,
q,dual_x_dim,19,0.27197824426002815,50.0,,0.0001,64.0,,500,0.0364124970660038,0.025826266427638966,1.0,1.0,,,,,,
q,dual_x_dim,0,0.2769788139980297,50.0,,0.0001,128.0,,100,0.02851082315636655,0.027843819001946768,1.0,0.9893617021276596,,,,,,
q,dual_x_dim,0,0.2769788139980297,50.0,,0.0001,128.0,,500,0.05430129070767409,0.024049545985888487,1.0,0.9979757085020243,,,,,,
q,dual_x_dim,1,0.2437982963519862,50.0,,0.0001,128.0,,100,0.019698089237089378,0.019218974027936264,1.0,1.0,,,,,,
q,dual_x_dim,1,0.2437982963519862,50.0,,0.0001,128.0,,500,0.03384755711522569,0.029371292372456725,1.0,1.0,,,,,,
q,dual_x_dim,2,0.24339730327335968,50.0,,0.0001,128.0,,100,0.02897257481381632,0.02557321121955103,0.972318339100346,0.968421052631579,,,,,,
q,dual_x_dim,2,0.24339730327335968,50.0,,0.0001,128.0,,500,0.036073407860149675,0.0255384921121542,0.9946272666218939,0.9939393939393939,,,,,,
q,dual_x_dim,3,0.22659351652488344,50.0,,0.0001,128.0,,100,0.03384232142858967,0.019083332829411687,1.0,0.967741935483871,,,,,,
q,dual_x_dim,3,0.22659351652488344,50.0,,0.0001,128.0,,500,0.03384232142858967,0.019707464273966746,1.0,0.9939148073022313,,,,,,
q,dual_x_dim,4,0.24637052301705475,50.0,,0.0001,128.0,,100,0.029314327709042187,0.026348935093580828,1.0,1.0,,,,,,
q,dual_x_dim,4,0.24637052301705475,50.0,,0.0001,128.0,,500,0.03280930553164474,0.014585648840022447,1.0,1.0,,,,,,
q,dual_x_dim,5,0.20071251771841217,50.0,,0.0001,128.0,,100,0.028629751091323485,0.026727235439863217,1.0,0.9893617021276596,,,,,,
q,dual_x_dim,5,0.20071251771841217,50.0,,0.0001,128.0,,500,0.034270385262142655,0.022621918467996327,1.0,0.9979757085020243,,,,,,
q,dual_x_dim,6,0.2719857913570569,50.0,,0.0001,128.0,,100,0.03487833448227806,0.023579839502946953,1.0,1.0,,,,,,
q,dual_x_dim,6,0.2719857913570569,50.0,,0.0001,128.0,,500,0.03614599652246531,0.03235912097199334,1.0,1.0,,,,,,
q,dual_x_dim,7,0.2114275672740672,50.0,,0.0001,128.0,,100,0.01734090369965885,0.013987585683171044,1.0,1.0,,,,,,
q,dual_x_dim,7,0.2114275672740672,50.0,,0.0001,128.0,,500,0.039675742837739225,0.029133374716130644,1.0,1.0,,,,,,
q,dual_x_dim,8,0.21497418970360005,50.0,,0.0001,128.0,,100,0.031333224886819,0.031333224886819,1.0,0.9782608695652174,,,,,,
q,dual_x_dim,8,0.21497418970360005,50.0,,0.0001,128.0,,500,0.035932497500823946,0.01709704505358589,1.0,0.9959349593495935,,,,,,
q,dual_x_dim,9,0.25677513532597473,50.0,,0.0001,128.0,,100,0.023895221558644042,0.023895221558644042,0.9982486865148862,0.978494623655914,,,,,,
q,dual_x_dim,9,0.25677513532597473,50.0,,0.0001,128.0,,500,0.036226454760196036,0.0342379811125435,0.9996634129922585,0.9959432048681541,,,,,,
q,dual_x_dim,10,0.24864634171425817,50.0,,0.0001,128.0,,100,0.04070307679874274,0.02821252053207035,1.0,1.0,,,,,,
q,dual_x_dim,10,0.24864634171425817,50.0,,0.0001,128.0,,500,0.05162296902095331,0.037687513846352605,1.0,1.0,,,,,,
q,dual_x_dim,11,0.19742178677610114,50.0,,0.0001,128.0,,100,0.027655032366187937,0.021817033652280715,1.0,1.0,,,,,,
q,dual_x_dim,11,0.19742178677610114,50.0,,0.0001,128.0,,500,0.03870133178353763,0.03870133178353763,1.0,1.0,,,,,,
q,dual_x_dim,12,0.2230611143413504,50.0,,0.0001,128.0,,100,0.03393349680237151,0.021238925920291363,1.0,1.0,,,,,,
q,dual_x_dim,12,0.2230611143413504,50.0,,0.0001,128.0,,500,0.03393349680237151,0.018087619063626104,1.0,1.0,,,,,,
q,dual_x_dim,13,0.2868358576336272,50.0,,0.0001,128.0,,100,0.01731968359060987,0.014494641391818969,1.0,1.0,,,,,,
q,dual_x_dim,13,0.2868358576336272,50.0,,0.0001,128.0,,500,0.02656717644474682,0.018041872125063252,1.0,1.0,,,,,,
q,dual_x_dim,14,0.260450112016454,50.0,,0.0001,128.0,,100,0.029084875736553828,0.025662774394025423,1.0,1.0,,,,,,
q,dual_x_dim,14,0.260450112016454,50.0,,0.0001,128.0,,500,0.035736970337229335,0.017293078158620134,0.9986513823331086,0.997979797979798,,,,,,
q,dual_x_dim,15,0.21082258344736124,50.0,,0.0001,128.0,,100,0.019536429841227776,0.015023451541456345,1.0,0.9894736842105263,,,,,,
q,dual_x_dim,15,0.21082258344736124,50.0,,0.0001,128.0,,500,0.0355607985259232,0.01589670943444932,1.0,0.9959595959595959,,,,,,
q,dual_x_dim,16,0.23833394272384162,50.0,,0.0001,128.0,,100,0.04005299821335351,0.04005299821335351,0.9946332737030411,0.9893617021276596,,,,,,
q,dual_x_dim,16,0.23833394272384162,50.0,,0.0001,128.0,,500,0.04062685231616481,0.025008288619745134,0.9989861439675566,0.9979757085020243,,,,,,
q,dual_x_dim,17,0.18109927793474564,50.0,,0.0001,128.0,,100,0.018744461070471008,0.0180113245711348,1.0,1.0,,,,,,
q,dual_x_dim,17,0.18109927793474564,50.0,,0.0001,128.0,,500,0.03567994273143782,0.032949625827004114,1.0,1.0,,,,,,
q,dual_x_dim,18,0.31053197415363676,50.0,,0.0001,128.0,,100,0.02481805693005895,0.02481805693005895,1.0,0.978494623655914,,,,,,
q,dual_x_dim,18,0.31053197415363676,50.0,,0.0001,128.0,,500,0.044715782182259245,0.03174914493774361,1.0,0.9959432048681541,,,,,,
q,dual_x_dim,19,0.18282952887106366,50.0,,0.0001,128.0,,100,0.02386652124552535,0.014249749523665811,1.0,1.0,,,,,,
q,dual_x_dim,19,0.18282952887106366,50.0,,0.0001,128.0,,500,0.03263956040119842,0.02245477002220353,1.0,1.0,,,,,,
q,dual_x_dim,0,0.1561151590110898,50.0,,0.0001,256.0,,100,0.028289814848536432,0.02823343662528166,1.0,0.9893617021276596,,,,,,
q,dual_x_dim,0,0.1561151590110898,50.0,,0.0001,256.0,,500,0.05176388411121424,0.024225383522618493,1.0,0.9979757085020243,,,,,,
q,dual_x_dim,1,0.15445491624175076,50.0,,0.0001,256.0,,100,0.019759325257079907,0.019759325257079907,1.0,1.0,,,,,,
q,dual_x_dim,1,0.15445491624175076,50.0,,0.0001,256.0,,500,0.03386634130132293,0.028886868634192986,1.0,1.0,,,,,,
q,dual_x_dim,2,0.16114444286301777,50.0,,0.0001,256.0,,100,0.026772118754684993,0.023603937835529276,0.972318339100346,0.968421052631579,,,,,,
q,dual_x_dim,2,0.16114444286301777,50.0,,0.0001,256.0,,500,0.035088134403893134,0.023338448443794624,0.9946272666218939,0.9939393939393939,,,,,,
q,dual_x_dim,3,0.13866386499393055,50.0,,0.0001,256.0,,100,0.031891265956958015,0.017332090305806236,1.0,0.967741935483871,,,,,,
q,dual_x_dim,3,0.13866386499393055,50.0,,0.0001,256.0,,500,0.031891265956958015,0.02053585430013971,1.0,0.9939148073022313,,,,,,
q,dual_x_dim,4,0.21990329369582884,50.0,,0.0001,256.0,,100,0.02853125663311107,0.025310118764303335,1.0,1.0,,,,,,
q,dual_x_dim,4,0.21990329369582884,50.0,,0.0001,256.0,,500,0.031692507311163354,0.01469581079926785,1.0,1.0,,,,,,
q,dual_x_dim,5,0.17067975290917176,50.0,,0.0001,256.0,,100,0.0261861475949261,0.024515976922473426,1.0,0.9787234042553191,,,,,,
q,dual_x_dim,5,0.17067975290917176,50.0,,0.0001,256.0,,500,0.03186925838943222,0.022138133927552373,1.0,0.9959514170040485,,,,,,
q,dual_x_dim,6,0.18269616655706372,50.0,,0.0001,256.0,,100,0.030432281131389294,0.02039423042755084,1.0,1.0,,,,,,
q,dual_x_dim,6,0.18269616655706372,50.0,,0.0001,256.0,,500,0.035494759679083554,0.031337567843840786,1.0,1.0,,,,,,
q,dual_x_dim,7,0.13826212996288562,50.0,,0.0001,256.0,,100,0.018037043684283993,0.01191581058177138,1.0,1.0,,,,,,
q,dual_x_dim,7,0.13826212996288562,50.0,,0.0001,256.0,,500,0.039990750376504014,0.0258592845055039,1.0,1.0,,,,,,
q,dual_x_dim,8,0.1738344351847317,50.0,,0.0001,256.0,,100,0.03208895223970809,0.03176453791281608,1.0,0.9891304347826086,,,,,,
q,dual_x_dim,8,0.1738344351847317,50.0,,0.0001,256.0,,500,0.03609629722572483,0.016345571808504822,1.0,0.9979674796747967,,,,,,
q,dual_x_dim,9,0.2133657125731659,50.0,,0.0001,256.0,,100,0.02399485594177858,0.02399485594177858,0.9982486865148862,0.978494623655914,,,,,,
q,dual_x_dim,9,0.2133657125731659,50.0,,0.0001,256.0,,500,0.03511303581430303,0.033881143421523596,0.9996634129922585,0.9959432048681541,,,,,,
q,dual_x_dim,10,0.2254427509551922,50.0,,0.0001,256.0,,100,0.03792376894056482,0.02852778441707904,1.0,1.0,,,,,,
q,dual_x_dim,10,0.2254427509551922,50.0,,0.0001,256.0,,500,0.05233359697583717,0.03693659105357172,1.0,1.0,,,,,,
q,dual_x_dim,11,0.18400491382186593,50.0,,0.0001,256.0,,100,0.027329789566532647,0.021488285281869857,1.0,1.0,,,,,,
q,dual_x_dim,11,0.18400491382186593,50.0,,0.0001,256.0,,500,0.039095373654990606,0.039095373654990606,1.0,1.0,,,,,,
q,dual_x_dim,12,0.1576595918302586,50.0,,0.0001,256.0,,100,0.03500648369268344,0.01923216365962105,1.0,1.0,,,,,,
q,dual_x_dim,12,0.1576595918302586,50.0,,0.0001,256.0,,500,0.03500648369268344,0.02059046398938502,1.0,1.0,,,,,,
q,dual_x_dim,13,0.18253185970822572,50.0,,0.0001,256.0,,100,0.016166372392869777,0.01435671638439659,1.0,1.0,,,,,,
q,dual_x_dim,13,0.18253185970822572,50.0,,0.0001,256.0,,500,0.023622721906007005,0.01570734626192194,1.0,1.0,,,,,,
q,dual_x_dim,14,0.13142538045178465,50.0,,0.0001,256.0,,100,0.02955579920191065,0.024246016601193632,1.0,1.0,,,,,,
q,dual_x_dim,14,0.13142538045178465,50.0,,0.0001,256.0,,500,0.03698994806457667,0.0176007518825414,0.9986513823331086,0.997979797979798,,,,,,
q,dual_x_dim,15,0.14793046647697203,50.0,,0.0001,256.0,,100,0.01979625739521912,0.015451317561239186,1.0,0.9894736842105263,,,,,,
q,dual_x_dim,15,0.14793046647697203,50.0,,0.0001,256.0,,500,0.03481657297628038,0.018632611206619076,1.0,0.9959595959595959,,,,,,
q,dual_x_dim,16,0.18161749868678914,50.0,,0.0001,256.0,,100,0.03715401909437821,0.03715401909437821,1.0,0.9893617021276596,,,,,,
q,dual_x_dim,16,0.18161749868678914,50.0,,0.0001,256.0,,500,0.042017784477970554,0.023137038826934853,1.0,0.9979757085020243,,,,,,
q,dual_x_dim,17,0.16047953125249814,50.0,,0.0001,256.0,,100,0.01789538315119371,0.01721557319839341,1.0,1.0,,,,,,
q,dual_x_dim,17,0.16047953125249814,50.0,,0.0001,256.0,,500,0.03398283392660639,0.03164426667955644,1.0,1.0,,,,,,
q,dual_x_dim,18,0.15352245847039855,50.0,,0.0001,256.0,,100,0.02325131175101547,0.021563260723989952,1.0,0.967741935483871,,,,,,
q,dual_x_dim,18,0.15352245847039855,50.0,,0.0001,256.0,,500,0.0456959652840514,0.02483220969106892,1.0,0.9939148073022313,,,,,,
q,dual_x_dim,19,0.16055016960496735,50.0,,0.0001,256.0,,100,0.020126119840903844,0.015100755282441924,1.0,1.0,,,,,,
q,dual_x_dim,19,0.16055016960496735,50.0,,0.0001,256.0,,500,0.03128860013755608,0.022747768099893095,1.0,1.0,,,,,,
q,dual_x_dim,0,0.1030968424041055,50.0,,0.0001,512.0,,100,0.02836983712775809,0.028322883454031667,1.0,0.9893617021276596,,,,,,
q,dual_x_dim,0,0.1030968424041055,50.0,,0.0001,512.0,,500,0.049196409249934625,0.023443705044739804,1.0,0.9979757085020243,,,,,,
q,dual_x_dim,1,0.11402962694717797,50.0,,0.0001,512.0,,100,0.019716903252064766,0.019231396271453094,1.0,1.0,,,,,,
q,dual_x_dim,1,0.11402962694717797,50.0,,0.0001,512.0,,500,0.03302031039239006,0.028162759995213005,1.0,1.0,,,,,,
q,dual_x_dim,2,0.09277918554637624,50.0,,0.0001,512.0,,100,0.026985429297642693,0.024455242198424654,0.972318339100346,0.968421052631579,,,,,,
q,dual_x_dim,2,0.09277918554637624,50.0,,0.0001,512.0,,500,0.03462779196182009,0.022968409351408647,0.9946272666218939,0.9939393939393939,,,,,,
q,dual_x_dim,3,0.11894049171114318,50.0,,0.0001,512.0,,100,0.03157272989897403,0.01750680119273834,1.0,0.978494623655914,,,,,,
q,dual_x_dim,3,0.11894049171114318,50.0,,0.0001,512.0,,500,0.03157272989897403,0.01891799601760491,1.0,0.9959432048681541,,,,,,
q,dual_x_dim,4,0.14268678140884683,50.0,,0.0001,512.0,,100,0.02699300707165664,0.02581734589357232,1.0,1.0,,,,,,
q,dual_x_dim,4,0.14268678140884683,50.0,,0.0001,512.0,,500,0.031961911454300385,0.015554184155801787,1.0,1.0,,,,,,
q,dual_x_dim,5,0.10644876296519895,50.0,,0.0001,512.0,,100,0.02595557511014912,0.023801235734836945,1.0,0.9787234042553191,,,,,,
q,dual_x_dim,5,0.10644876296519895,50.0,,0.0001,512.0,,500,0.031250152317608304,0.022706278737988805,1.0,0.9959514170040485,,,,,,
q,dual_x_dim,6,0.12019731741215293,50.0,,0.0001,512.0,,100,0.02968637296855481,0.021897433739720418,1.0,1.0,,,,,,
q,dual_x_dim,6,0.12019731741215293,50.0,,0.0001,512.0,,500,0.03572928706423362,0.031441633888869225,1.0,1.0,,,,,,
q,dual_x_dim,7,0.11257652452691455,50.0,,0.0001,512.0,,100,0.016847614566174507,0.011755861063256878,1.0,1.0,,,,,,
q,dual_x_dim,7,0.11257652452691455,50.0,,0.0001,512.0,,500,0.038493195855151985,0.02551588178695141,1.0,1.0,,,,,,
q,dual_x_dim,8,0.14175730965559552,50.0,,0.0001,512.0,,100,0.030213306982230903,0.03018602847503138,1.0,0.9891304347826086,,,,,,
q,dual_x_dim,8,0.14175730965559552,50.0,,0.0001,512.0,,500,0.034609213039129894,0.01762975596609806,1.0,0.9979674796747967,,,,,,
q,dual_x_dim,9,0.133041364360873,50.0,,0.0001,512.0,,100,0.0233678469407122,0.0233678469407122,0.9982486865148862,0.978494623655914,,,,,,
q,dual_x_dim,9,0.133041364360873,50.0,,0.0001,512.0,,500,0.035068982808915905,0.03381132885758853,0.9996634129922585,0.9959432048681541,,,,,,
q,dual_x_dim,10,0.11696794879720462,50.0,,0.0001,512.0,,100,0.0361085507197374,0.02696228700274894,1.0,1.0,,,,,,
q,dual_x_dim,10,0.11696794879720462,50.0,,0.0001,512.0,,500,0.05237761506969796,0.036323676851862885,1.0,1.0,,,,,,
q,dual_x_dim,11,0.12460176632558295,50.0,,0.0001,512.0,,100,0.02770460323736229,0.02385589359442908,1.0,1.0,,,,,,
q,dual_x_dim,11,0.12460176632558295,50.0,,0.0001,512.0,,500,0.038739106522757805,0.038739106522757805,1.0,1.0,,,,,,
q,dual_x_dim,12,0.13827661620596518,50.0,,0.0001,512.0,,100,0.03469997507595257,0.019543443530695925,1.0,1.0,,,,,,
q,dual_x_dim,12,0.13827661620596518,50.0,,0.0001,512.0,,500,0.03469997507595257,0.019673271948406956,1.0,1.0,,,,,,
q,dual_x_dim,13,0.11962817767956364,50.0,,0.0001,512.0,,100,0.015401763351916897,0.012954803876937315,1.0,1.0,,,,,,
q,dual_x_dim,13,0.11962817767956364,50.0,,0.0001,512.0,,500,0.023302887277485418,0.015163996777805,1.0,1.0,,,,,,
q,dual_x_dim,14,0.13408705931864914,50.0,,0.0001,512.0,,100,0.028636358366545434,0.024124886221715047,1.0,1.0,,,,,,
q,dual_x_dim,14,0.13408705931864914,50.0,,0.0001,512.0,,500,0.037067529188555604,0.018307781794789202,0.9986513823331086,0.997979797979798,,,,,,
q,dual_x_dim,15,0.09673746703633918,50.0,,0.0001,512.0,,100,0.019017305611956914,0.014466917549591563,1.0,0.9894736842105263,,,,,,
q,dual_x_dim,15,0.09673746703633918,50.0,,0.0001,512.0,,500,0.03428886676883902,0.018171058802595175,1.0,0.9959595959595959,,,,,,
q,dual_x_dim,16,0.11747950139268575,50.0,,0.0001,512.0,,100,0.03546601186031362,0.03546601186031362,1.0,0.9893617021276596,,,,,,
q,dual_x_dim,16,0.11747950139268575,50.0,,0.0001,512.0,,500,0.041332626904892145,0.022091245243289315,1.0,0.9979757085020243,,,,,,
q,dual_x_dim,17,0.14178263459597212,50.0,,0.0001,512.0,,100,0.016849983339415522,0.016215555057725983,1.0,1.0,,,,,,
q,dual_x_dim,17,0.14178263459597212,50.0,,0.0001,512.0,,500,0.03321332874658367,0.032218891988206044,1.0,1.0,,,,,,
q,dual_x_dim,18,0.09076250392557922,50.0,,0.0001,512.0,,100,0.022274799598492656,0.022274799598492656,1.0,0.978494623655914,,,,,,
q,dual_x_dim,18,0.09076250392557922,50.0,,0.0001,512.0,,500,0.04561303648975845,0.024662991511489984,1.0,0.9959432048681541,,,,,,
q,dual_x_dim,19,0.12331536105543583,50.0,,0.0001,512.0,,100,0.019595381042131876,0.014917529226720072,1.0,1.0,,,,,,
q,dual_x_dim,19,0.12331536105543583,50.0,,0.0001,512.0,,500,0.02950393973501253,0.02108218933781414,1.0,1.0,,,,,,
q,dual_x_dim,0,0.08324559249809413,50.0,,0.0001,1024.0,,100,0.027644427533309424,0.027579651542811057,1.0,0.9893617021276596,,,,,,
q,dual_x_dim,0,0.08324559249809413,50.0,,0.0001,1024.0,,500,0.04737770309279021,0.02403221754780649,1.0,0.9979757085020243,,,,,,
q,dual_x_dim,1,0.09773989892106646,50.0,,0.0001,1024.0,,100,0.020003575082345737,0.019012023387144805,1.0,1.0,,,,,,
q,dual_x_dim,1,0.09773989892106646,50.0,,0.0001,1024.0,,500,0.03245853011625366,0.02796803735228659,1.0,1.0,,,,,,
q,dual_x_dim,2,0.09817623108532308,50.0,,0.0001,1024.0,,100,0.02531718706542574,0.024076635292733295,0.972318339100346,0.968421052631579,,,,,,
q,dual_x_dim,2,0.09817623108532308,50.0,,0.0001,1024.0,,500,0.03604364662019499,0.022467040607947464,0.9946272666218939,0.9939393939393939,,,,,,
q,dual_x_dim,3,0.12022087397697476,50.0,,0.0001,1024.0,,100,0.030929684638710042,0.017380809593922963,1.0,0.978494623655914,,,,,,
q,dual_x_dim,3,0.12022087397697476,50.0,,0.0001,1024.0,,500,0.030929684638710042,0.017399187707130004,1.0,0.9959432048681541,,,,,,
q,dual_x_dim,4,0.08582136460463576,50.0,,0.0001,1024.0,,100,0.025883004770798967,0.025382237964761467,1.0,1.0,,,,,,
q,dual_x_dim,4,0.08582136460463576,50.0,,0.0001,1024.0,,500,0.03155047435051905,0.01671347004914625,1.0,1.0,,,,,,
q,dual_x_dim,5,0.09529049869152607,50.0,,0.0001,1024.0,,100,0.02699348340816543,0.024416732388923612,1.0,0.9787234042553191,,,,,,
q,dual_x_dim,5,0.09529049869152607,50.0,,0.0001,1024.0,,500,0.03263477862351016,0.022720505938811142,1.0,0.9959514170040485,,,,,,
q,dual_x_dim,6,0.08587568835618739,50.0,,0.0001,1024.0,,100,0.029115711411178857,0.02098702196154445,1.0,1.0,,,,,,
q,dual_x_dim,6,0.08587568835618739,50.0,,0.0001,1024.0,,500,0.03517217781101367,0.031713443651608,1.0,1.0,,,,,,
q,dual_x_dim,7,0.08448072310305692,50.0,,0.0001,1024.0,,100,0.017294929798052416,0.012305157050617632,1.0,0.9893617021276596,,,,,,
q,dual_x_dim,7,0.08448072310305692,50.0,,0.0001,1024.0,,500,0.0379641328681215,0.025711538232554787,1.0,0.9979757085020243,,,,,,
q,dual_x_dim,8,0.0855617921909968,50.0,,0.0001,1024.0,,100,0.030321746941848637,0.030321746941848637,1.0,0.9891304347826086,,,,,,
q,dual_x_dim,8,0.0855617921909968,50.0,,0.0001,1024.0,,500,0.03421108070301748,0.017595639390936224,1.0,0.9979674796747967,,,,,,
q,dual_x_dim,9,0.10035694822361248,50.0,,0.0001,1024.0,,100,0.024004946341616262,0.024004946341616262,0.9982486865148862,0.978494623655914,,,,,,
q,dual_x_dim,9,0.10035694822361248,50.0,,0.0001,1024.0,,500,0.035821087620278025,0.03432689811784684,0.9996634129922585,0.9959432048681541,,,,,,
q,dual_x_dim,10,0.09406626998612011,50.0,,0.0001,1024.0,,100,0.034947760910397196,0.026858233193639225,1.0,1.0,,,,,,
q,dual_x_dim,10,0.09406626998612011,50.0,,0.0001,1024.0,,500,0.05227331517510869,0.03590489771896044,1.0,1.0,,,,,,
q,dual_x_dim,11,0.09945804358707247,50.0,,0.0001,1024.0,,100,0.027800071406592464,0.022956105874778476,1.0,1.0,,,,,,
q,dual_x_dim,11,0.09945804358707247,50.0,,0.0001,1024.0,,500,0.038303267447759914,0.038303267447759914,1.0,1.0,,,,,,
q,dual_x_dim,12,0.06626174638131117,50.0,,0.0001,1024.0,,100,0.03527710138645507,0.019992191475473486,1.0,1.0,,,,,,
q,dual_x_dim,12,0.06626174638131117,50.0,,0.0001,1024.0,,500,0.03527710138645507,0.021165821973470944,1.0,1.0,,,,,,
q,dual_x_dim,13,0.08761840355965336,50.0,,0.0001,1024.0,,100,0.016694809914343578,0.013074854728177071,1.0,1.0,,,,,,
q,dual_x_dim,13,0.08761840355965336,50.0,,0.0001,1024.0,,500,0.02299578739372521,0.01528474127013113,1.0,1.0,,,,,,
q,dual_x_dim,14,0.09758045951667538,50.0,,0.0001,1024.0,,100,0.028888251737025528,0.02386226222720428,1.0,1.0,,,,,,
q,dual_x_dim,14,0.09758045951667538,50.0,,0.0001,1024.0,,500,0.03726858842387171,0.01869832913532088,0.9986513823331086,0.997979797979798,,,,,,
q,dual_x_dim,15,0.0830707630274445,50.0,,0.0001,1024.0,,100,0.018490186053106816,0.013809452886847096,1.0,0.9894736842105263,,,,,,
q,dual_x_dim,15,0.0830707630274445,50.0,,0.0001,1024.0,,500,0.0345475680313998,0.018291974824012458,1.0,0.9959595959595959,,,,,,
q,dual_x_dim,16,0.08225942591702709,50.0,,0.0001,1024.0,,100,0.03526423041905846,0.03526423041905846,1.0,0.9893617021276596,,,,,,
q,dual_x_dim,16,0.08225942591702709,50.0,,0.0001,1024.0,,500,0.040841348746194495,0.021536009973033204,1.0,0.9979757085020243,,,,,,
q,dual_x_dim,17,0.10326707211743168,50.0,,0.0001,1024.0,,100,0.01699764396416842,0.01635884096043018,1.0,1.0,,,,,,
q,dual_x_dim,17,0.10326707211743168,50.0,,0.0001,1024.0,,500,0.03205337861312563,0.0310631262612433,1.0,1.0,,,,,,
q,dual_x_dim,18,0.07596835511935024,50.0,,0.0001,1024.0,,100,0.0215563568965792,0.021371241123638807,1.0,0.978494623655914,,,,,,
q,dual_x_dim,18,0.07596835511935024,50.0,,0.0001,1024.0,,500,0.04511218479223622,0.02539604105478066,1.0,0.9959432048681541,,,,,,
q,dual_x_dim,19,0.08491267679941217,50.0,,0.0001,1024.0,,100,0.01977712468006354,0.014500244735213719,1.0,1.0,,,,,,
q,dual_x_dim,19,0.08491267679941217,50.0,,0.0001,1024.0,,500,0.02991828584227285,0.020947821612306017,1.0,1.0,,,,,,
q,dual_x_dim,0,0.05281229448753218,50.0,,0.0001,4096.0,,100,0.030132379611529814,0.030068826664128245,1.0,1.0,,,,,,
q,dual_x_dim,0,0.05281229448753218,50.0,,0.0001,4096.0,,500,0.04768361631922291,0.024811715774339493,1.0,1.0,,,,,,
q,dual_x_dim,1,0.03323375362264121,50.0,,0.0001,4096.0,,100,0.019804156048550903,0.018524891959097567,1.0,1.0,,,,,,
q,dual_x_dim,1,0.03323375362264121,50.0,,0.0001,4096.0,,500,0.033308564171854904,0.02808773871592729,1.0,1.0,,,,,,
q,dual_x_dim,2,0.04517439621719188,50.0,,0.0001,4096.0,,100,0.025363015769094277,0.024402576799046893,0.972318339100346,0.968421052631579,,,,,,
q,dual_x_dim,2,0.04517439621719188,50.0,,0.0001,4096.0,,500,0.03643553786835563,0.023059706121243417,0.9946272666218939,0.9939393939393939,,,,,,
q,dual_x_dim,3,0.0427116544627979,50.0,,0.0001,4096.0,,100,0.031114618583102327,0.017169380556367964,1.0,0.978494623655914,,,,,,
q,dual_x_dim,3,0.0427116544627979,50.0,,0.0001,4096.0,,500,0.031114618583102327,0.015876683859000984,1.0,0.9959432048681541,,,,,,
q,dual_x_dim,8,0.054383597927018135,50.0,,0.0001,4096.0,,100,0.03012778789342485,0.03012778789342485,1.0,0.9891304347826086,,,,,,
q,dual_x_dim,8,0.054383597927018135,50.0,,0.0001,4096.0,,500,0.03350853618618321,0.019016738954810375,1.0,0.9979674796747967,,,,,,
q,dual_x_dim,9,0.03765310937715849,50.0,,0.0001,4096.0,,100,0.023178351313832612,0.023178351313832612,0.9982486865148862,0.978494623655914,,,,,,
q,dual_x_dim,9,0.03765310937715849,50.0,,0.0001,4096.0,,500,0.03577619867781334,0.03402000880665379,0.9996634129922585,0.9959432048681541,,,,,,
q,dual_x_dim,10,0.04683774768564616,50.0,,0.0001,4096.0,,100,0.03416204342440732,0.025897448234683984,1.0,1.0,,,,,,
q,dual_x_dim,10,0.04683774768564616,50.0,,0.0001,4096.0,,500,0.052289987696062745,0.03576324246492524,1.0,1.0,,,,,,
q,dual_x_dim,11,0.05217513828362287,50.0,,0.0001,4096.0,,100,0.02781430219745412,0.023534150691159716,1.0,1.0,,,,,,
q,dual_x_dim,11,0.05217513828362287,50.0,,0.0001,4096.0,,500,0.03882724202589971,0.03882724202589971,1.0,1.0,,,,,,
q,dual_x_dim,4,0.040015870266180115,50.0,,0.0001,4096.0,,100,0.027512783595049495,0.0263067291363549,1.0,1.0,,,,,,
q,dual_x_dim,4,0.040015870266180115,50.0,,0.0001,4096.0,,500,0.03143988854566082,0.01733859168470997,1.0,1.0,,,,,,
q,dual_x_dim,5,0.03709134647177847,50.0,,0.0001,4096.0,,100,0.026198161800981445,0.023666863696503282,1.0,0.9787234042553191,,,,,,
q,dual_x_dim,5,0.03709134647177847,50.0,,0.0001,4096.0,,500,0.03229220805281474,0.022184716674644278,1.0,0.9959514170040485,,,,,,
q,dual_x_dim,6,0.04794923215448047,50.0,,0.0001,4096.0,,100,0.02894022167701249,0.021166820765939454,1.0,1.0,,,,,,
q,dual_x_dim,6,0.04794923215448047,50.0,,0.0001,4096.0,,500,0.035128145796501364,0.03188027826014239,1.0,1.0,,,,,,
q,dual_x_dim,7,0.038538289652744306,50.0,,0.0001,4096.0,,100,0.01791060102226527,0.013055817645123424,1.0,0.9893617021276596,,,,,,
q,dual_x_dim,7,0.038538289652744306,50.0,,0.0001,4096.0,,500,0.036843512304420845,0.026264347132988197,1.0,0.9979757085020243,,,,,,
q,dual_x_dim,12,0.037527120712285596,50.0,,0.0001,4096.0,,100,0.03569704695672826,0.0202245202516127,1.0,1.0,,,,,,
q,dual_x_dim,12,0.037527120712285596,50.0,,0.0001,4096.0,,500,0.03569704695672826,0.02129103987173453,1.0,1.0,,,,,,
q,dual_x_dim,13,0.03611361544770655,50.0,,0.0001,4096.0,,100,0.017249981167792194,0.013303831495155016,1.0,1.0,,,,,,
q,dual_x_dim,13,0.03611361544770655,50.0,,0.0001,4096.0,,500,0.02253353558692406,0.015672748341404974,1.0,1.0,,,,,,
q,dual_x_dim,14,0.046207983078083464,50.0,,0.0001,4096.0,,100,0.029241985541273996,0.024213748910160593,1.0,1.0,,,,,,
q,dual_x_dim,14,0.046207983078083464,50.0,,0.0001,4096.0,,500,0.03673516966825363,0.018811137167856984,0.9986513823331086,0.997979797979798,,,,,,
q,dual_x_dim,15,0.041232563561755656,50.0,,0.0001,4096.0,,100,0.01842942678345505,0.013753976202551532,1.0,0.9894736842105263,,,,,,
q,dual_x_dim,15,0.041232563561755656,50.0,,0.0001,4096.0,,500,0.03412201701643158,0.017909026742119583,1.0,0.9959595959595959,,,,,,
q,dual_x_dim,16,0.04797270734396558,50.0,,0.0001,4096.0,,100,0.03526761301283399,0.03526761301283399,1.0,0.9893617021276596,,,,,,
q,dual_x_dim,16,0.04797270734396558,50.0,,0.0001,4096.0,,500,0.0410153777316804,0.021522919062399115,1.0,0.9979757085020243,,,,,,
q,dual_x_dim,17,0.0520924933809918,50.0,,0.0001,4096.0,,100,0.016873394459442692,0.01623895349584742,1.0,1.0,,,,,,
q,dual_x_dim,17,0.0520924933809918,50.0,,0.0001,4096.0,,500,0.03334136520576969,0.031892149953586024,1.0,1.0,,,,,,
q,dual_x_dim,18,0.04858823919892398,50.0,,0.0001,4096.0,,100,0.021173884832557555,0.02004503309430611,1.0,0.978494623655914,,,,,,
q,dual_x_dim,18,0.04858823919892398,50.0,,0.0001,4096.0,,500,0.04644596446006899,0.024800050608490665,1.0,0.9959432048681541,,,,,,
q,dual_x_dim,19,0.03839218641664325,50.0,,0.0001,4096.0,,100,0.01961512910672958,0.014212145988724667,1.0,1.0,,,,,,
q,dual_x_dim,19,0.03839218641664325,50.0,,0.0001,4096.0,,500,0.028781576220598293,0.021287543859425773,1.0,1.0,,,,,,
q,dual_x_dim,0,0.020356989468909358,50.0,,0.0001,16384.0,,100,0.029976442585862184,0.02990328745106674,1.0,1.0,,,,,,
q,dual_x_dim,0,0.020356989468909358,50.0,,0.0001,16384.0,,500,0.04756378014498264,0.02479762060662649,1.0,1.0,,,,,,
q,dual_x_dim,1,0.01807625432089983,50.0,,0.0001,16384.0,,100,0.019887867611978804,0.018672866360824658,1.0,1.0,,,,,,
q,dual_x_dim,1,0.01807625432089983,50.0,,0.0001,16384.0,,500,0.03332136731412261,0.027940093725215664,1.0,1.0,,,,,,
q,dual_x_dim,2,0.02140292876780509,50.0,,0.0001,16384.0,,100,0.025347309541558616,0.024304699075135217,0.972318339100346,0.968421052631579,,,,,,
q,dual_x_dim,2,0.02140292876780509,50.0,,0.0001,16384.0,,500,0.03612990682440298,0.022818054141115818,0.9946272666218939,0.9939393939393939,,,,,,
q,dual_x_dim,3,0.018745583527260273,50.0,,0.0001,16384.0,,100,0.03114408550357961,0.017207718296163715,1.0,0.978494623655914,,,,,,
q,dual_x_dim,3,0.018745583527260273,50.0,,0.0001,16384.0,,500,0.03114408550357961,0.015925703004612046,1.0,0.9959432048681541,,,,,,
q,dual_x_dim,4,0.02302125399812299,50.0,,0.0001,16384.0,,100,0.027639869679702223,0.026394147453729255,1.0,1.0,,,,,,
q,dual_x_dim,4,0.02302125399812299,50.0,,0.0001,16384.0,,500,0.031248553032132698,0.017190988873837076,1.0,1.0,,,,,,
q,dual_x_dim,5,0.018059158472521004,50.0,,0.0001,16384.0,,100,0.02557595885615216,0.022854899434521014,1.0,0.9787234042553191,,,,,,
q,dual_x_dim,5,0.018059158472521004,50.0,,0.0001,16384.0,,500,0.03165181242412074,0.02198209357908376,1.0,0.9959514170040485,,,,,,
q,dual_x_dim,6,0.02108045085739379,50.0,,0.0001,16384.0,,100,0.028786983859686588,0.02065797044880968,1.0,1.0,,,,,,
q,dual_x_dim,6,0.02108045085739379,50.0,,0.0001,16384.0,,500,0.03506273236836854,0.03177236840186537,1.0,1.0,,,,,,
q,dual_x_dim,7,0.021431309877788803,50.0,,0.0001,16384.0,,100,0.017677442600287196,0.012977597125681362,1.0,0.9893617021276596,,,,,,
q,dual_x_dim,7,0.021431309877788803,50.0,,0.0001,16384.0,,500,0.036444522867403295,0.02632587902789285,1.0,0.9979757085020243,,,,,,
q,dual_x_dim,8,0.021030588042434514,50.0,,0.0001,16384.0,,100,0.029870308129401946,0.029870308129401946,1.0,0.9891304347826086,,,,,,
q,dual_x_dim,8,0.021030588042434514,50.0,,0.0001,16384.0,,500,0.033237096280252065,0.019401957990540453,1.0,0.9979674796747967,,,,,,
q,dual_x_dim,9,0.019728356009054288,50.0,,0.0001,16384.0,,100,0.023319932488562123,0.023319932488562123,0.9982486865148862,0.978494623655914,,,,,,
q,dual_x_dim,9,0.019728356009054288,50.0,,0.0001,16384.0,,500,0.03552668046734753,0.03380413044368957,0.9996634129922585,0.9959432048681541,,,,,,
q,dual_x_dim,10,0.022361935486372143,50.0,,0.0001,16384.0,,100,0.03406994304474176,0.025977865416590862,1.0,1.0,,,,,,
q,dual_x_dim,10,0.022361935486372143,50.0,,0.0001,16384.0,,500,0.05246604599300886,0.03550035435874088,1.0,1.0,,,,,,
q,dual_x_dim,11,0.02310508513733857,50.0,,0.0001,16384.0,,100,0.027562276657059848,0.023722716989308612,1.0,1.0,,,,,,
q,dual_x_dim,11,0.02310508513733857,50.0,,0.0001,16384.0,,500,0.03861219491402368,0.03861219491402368,1.0,1.0,,,,,,
q,dual_x_dim,0,0.5824868497238714,50.0,,0.001,16.0,,100,0.44181409576638075,0.4227089587104571,0.9621993127147767,0.4148936170212766,,,,,,
q,dual_x_dim,0,0.5824868497238714,50.0,,0.001,16.0,,500,1.7392407092824098,1.6384374763269727,0.9738430583501007,0.38866396761133604,,,,,,
q,dual_x_dim,1,0.7171173891637045,50.0,,0.001,16.0,,100,0.31387697969952855,0.28523266021600613,0.8921389396709324,0.6021505376344086,,,,,,
q,dual_x_dim,1,0.7171173891637045,50.0,,0.001,16.0,,500,0.5100514487061845,0.40014919926075493,0.9799796403121819,0.9066937119675457,,,,,,
q,dual_x_dim,2,0.5337551337145325,50.0,,0.001,16.0,,100,0.4200258868417889,0.4111388762331659,0.884083044982699,0.5368421052631579,,,,,,
q,dual_x_dim,2,0.5337551337145325,50.0,,0.001,16.0,,500,0.9329720011620841,0.7910650335166194,0.9775016789791806,0.7757575757575758,,,,,,
q,dual_x_dim,3,0.6316069804967541,50.0,,0.001,16.0,,100,0.29376557296868044,0.28522503765908624,0.9736379613356766,0.3870967741935484,,,,,,
q,dual_x_dim,3,0.6316069804967541,50.0,,0.001,16.0,,500,0.6441008212166595,0.5833213821773533,0.9949477938699899,0.7139959432048681,,,,,,
q,dual_x_dim,12,0.02699076211395584,50.0,,0.0001,16384.0,,100,0.035803659821100675,0.020196216020889335,1.0,1.0,,,,,,
q,dual_x_dim,12,0.02699076211395584,50.0,,0.0001,16384.0,,500,0.035803659821100675,0.020414324611973456,1.0,1.0,,,,,,
q,dual_x_dim,13,0.025830793140590433,50.0,,0.0001,16384.0,,100,0.01734564168368191,0.013189406828044925,1.0,1.0,,,,,,
q,dual_x_dim,13,0.025830793140590433,50.0,,0.0001,16384.0,,500,0.022706339383316898,0.015460924903059725,1.0,1.0,,,,,,
q,dual_x_dim,14,0.020659419161738583,50.0,,0.0001,16384.0,,100,0.029877618023864738,0.024195854615911283,1.0,1.0,,,,,,
q,dual_x_dim,14,0.020659419161738583,50.0,,0.0001,16384.0,,500,0.03721745963472045,0.018886168172725704,0.9986513823331086,0.997979797979798,,,,,,
q,dual_x_dim,15,0.026925567045706686,50.0,,0.0001,16384.0,,100,0.018107921809768557,0.01360352597949438,1.0,0.9894736842105263,,,,,,
q,dual_x_dim,15,0.026925567045706686,50.0,,0.0001,16384.0,,500,0.03413688345525445,0.01806211589128437,1.0,0.9959595959595959,,,,,,
q,dual_x_dim,8,0.5503838769727527,50.0,,0.001,16.0,,100,0.33306623105033173,0.33306623105033173,0.8498233215547704,0.5217391304347826,,,,,,
q,dual_x_dim,8,0.5503838769727527,50.0,,0.001,16.0,,500,0.5246652495499162,0.48672721189832124,0.9369521240728254,0.8028455284552846,,,,,,
q,dual_x_dim,9,0.5859552892639311,50.0,,0.001,16.0,,100,0.2873678256876425,0.2873678256876425,0.9404553415061296,0.27956989247311825,,,,,,
q,dual_x_dim,9,0.5859552892639311,50.0,,0.001,16.0,,500,1.4294206333863126,1.3480624093995148,0.9239313362504208,0.43204868154158216,,,,,,
q,dual_x_dim,10,0.6786980429492779,50.0,,0.001,16.0,,100,0.3052258010180972,0.29252736604174095,0.989492119089317,0.5212765957446809,,,,,,
q,dual_x_dim,10,0.6786980429492779,50.0,,0.001,16.0,,500,0.6617832639354015,0.6382765099723,0.9848535846516324,0.8016194331983806,,,,,,
q,dual_x_dim,11,0.6685670290921756,50.0,,0.001,16.0,,100,0.33360894810787867,0.2754024846581964,0.9018181818181819,0.6451612903225806,,,,,,
q,dual_x_dim,11,0.6685670290921756,50.0,,0.001,16.0,,500,0.5214583392942576,0.39814971631203855,0.9786440677966102,0.9026369168356998,,,,,,
q,dual_x_dim,4,0.6300742150314218,50.0,,0.001,16.0,,100,0.40024641306244196,0.3035160164305839,0.8650646950092421,0.5052631578947369,,,,,,
q,dual_x_dim,4,0.6300742150314218,50.0,,0.001,16.0,,500,1.3537929214351978,1.2755250328614796,0.9653179190751445,0.6747474747474748,,,,,,
q,dual_x_dim,5,0.6298305822462573,50.0,,0.001,16.0,,100,0.42875950145409136,0.4088382603627126,0.7395104895104895,0.6382978723404256,,,,,,
q,dual_x_dim,5,0.6298305822462573,50.0,,0.001,16.0,,500,0.725721500619911,0.725721500619911,0.9219380888290714,0.8421052631578947,,,,,,
q,dual_x_dim,6,0.5379516056751762,50.0,,0.001,16.0,,100,0.3525505063624418,0.34978748445140667,0.8240574506283662,0.6559139784946236,,,,,,
q,dual_x_dim,6,0.5379516056751762,50.0,,0.001,16.0,,500,0.6282582755184722,0.5219205783465624,0.9655055799797092,0.8823529411764706,,,,,,
q,dual_x_dim,7,0.5504159944126669,50.0,,0.001,16.0,,100,0.203166706415554,0.19098126547322491,0.9824561403508771,0.5425531914893617,,,,,,
q,dual_x_dim,7,0.5504159944126669,50.0,,0.001,16.0,,500,0.6864496180952653,0.5104269029276503,0.9966329966329966,0.8319838056680162,,,,,,
q,dual_x_dim,16,0.01658465602098674,50.0,,0.0001,16384.0,,100,0.03475946028076815,0.03475946028076815,1.0,0.9893617021276596,,,,,,
q,dual_x_dim,16,0.01658465602098674,50.0,,0.0001,16384.0,,500,0.04104067757791441,0.02135945589943339,1.0,0.9979757085020243,,,,,,
q,dual_x_dim,17,0.019897017393780598,50.0,,0.0001,16384.0,,100,0.016949414978350452,0.01631279788100587,1.0,1.0,,,,,,
q,dual_x_dim,17,0.019897017393780598,50.0,,0.0001,16384.0,,500,0.03295569840697832,0.03163078118465523,1.0,1.0,,,,,,
q,dual_x_dim,18,0.020865285810528867,50.0,,0.0001,16384.0,,100,0.021069605263449642,0.020341613425633842,1.0,0.978494623655914,,,,,,
q,dual_x_dim,18,0.020865285810528867,50.0,,0.0001,16384.0,,500,0.04668431753815594,0.024741286264685414,1.0,0.9959432048681541,,,,,,
q,dual_x_dim,19,0.021465321221595654,50.0,,0.0001,16384.0,,100,0.019676908874666,0.014267760396911078,1.0,1.0,,,,,,
q,dual_x_dim,19,0.021465321221595654,50.0,,0.0001,16384.0,,500,0.029217181101751866,0.021463850819029462,1.0,1.0,,,,,,
q,dual_x_dim,12,0.5855076028423207,50.0,,0.001,16.0,,100,0.4145480780916941,0.28941883885972397,0.9119718309859155,0.4421052631578947,,,,,,
q,dual_x_dim,12,0.5855076028423207,50.0,,0.001,16.0,,500,1.2890576319434508,1.1506294369838437,0.9831536388140162,0.593939393939394,,,,,,
q,dual_x_dim,13,0.7023461508614937,50.0,,0.001,16.0,,100,0.41668133284884723,0.40980233708528524,0.8053571428571429,0.5212765957446809,,,,,,
q,dual_x_dim,13,0.7023461508614937,50.0,,0.001,16.0,,500,1.1771246091845091,1.0358290646494868,0.9577702702702703,0.7854251012145749,,,,,,
q,dual_x_dim,14,0.6812192772386215,50.0,,0.001,16.0,,100,0.18509491844540077,0.15293629885738066,0.9823321554770318,0.4105263157894737,,,,,,
q,dual_x_dim,14,0.6812192772386215,50.0,,0.001,16.0,,500,0.5120217290298761,0.34695828649427507,0.9821308159136884,0.6585858585858586,,,,,,
q,dual_x_dim,15,0.7863103197713137,50.0,,0.001,16.0,,100,0.34055027906895524,0.34055027906895524,0.8806228373702422,0.35789473684210527,,,,,,
q,dual_x_dim,15,0.7863103197713137,50.0,,0.001,16.0,,500,1.2044206788342817,1.0882772636624378,0.7813969106783076,0.397979797979798,,,,,,
q,dual_x_dim,16,0.597152494276281,50.0,,0.001,16.0,,100,0.42531209030406114,0.3722292324401213,0.9731663685152058,0.46808510638297873,,,,,,
q,dual_x_dim,16,0.597152494276281,50.0,,0.001,16.0,,500,0.9791761657398133,0.6113250873013696,0.994930719837783,0.8117408906882592,,,,,,
q,dual_x_dim,17,0.7668002575527149,50.0,,0.001,16.0,,100,0.2348147924222893,0.2265836430467274,0.9881889763779528,0.7872340425531915,,,,,,
q,dual_x_dim,17,0.7668002575527149,50.0,,0.001,16.0,,500,0.40082162210358585,0.35010582039113913,0.9979367262723521,0.951417004048583,,,,,,
q,dual_x_dim,18,0.6186314551596767,50.0,,0.001,16.0,,100,0.4131465884778831,0.4131465884778831,0.9079646017699115,0.45161290322580644,,,,,,
q,dual_x_dim,18,0.6186314551596767,50.0,,0.001,16.0,,500,1.6100433381134274,1.5472383888136365,0.93929173693086,0.513184584178499,,,,,,
q,dual_x_dim,19,0.6570521997836933,50.0,,0.001,16.0,,100,0.4870468298370213,0.4870468298370213,0.9595782073813708,0.3804347826086957,,,,,,
q,dual_x_dim,19,0.6570521997836933,50.0,,0.001,16.0,,500,1.8659370869904142,1.5987995216721373,0.9056921522398114,0.46747967479674796,,,,,,
q,dual_x_dim,0,0.5421668878304189,50.0,,0.001,24.0,,100,0.32381344233793175,0.2201769052193716,1.0,0.7978723404255319,,,,,,
q,dual_x_dim,0,0.5421668878304189,50.0,,0.001,24.0,,500,0.32381344233793175,0.2509313057888487,1.0,0.9251012145748988,,,,,,
q,dual_x_dim,1,0.5678731396400899,50.0,,0.001,24.0,,100,0.28440224435736233,0.1934760095603987,0.9542961608775137,0.7849462365591398,,,,,,
q,dual_x_dim,1,0.5678731396400899,50.0,,0.001,24.0,,500,0.34647058196814573,0.3300094824638222,0.99151679674245,0.9594320486815415,,,,,,
q,dual_x_dim,2,0.5162001740529778,50.0,,0.001,24.0,,100,0.2874600478549719,0.2804248295372559,0.9515570934256056,0.6421052631578947,,,,,,
q,dual_x_dim,2,0.5162001740529778,50.0,,0.001,24.0,,500,0.32481519023004934,0.2824846656140503,0.9905977165883143,0.9151515151515152,,,,,,
q,dual_x_dim,3,0.6063246315124409,50.0,,0.001,24.0,,100,0.2456424781275508,0.23607787479524628,0.984182776801406,0.6666666666666666,,,,,,
q,dual_x_dim,3,0.6063246315124409,50.0,,0.001,24.0,,500,0.2630364679613608,0.16931137663717877,0.9969686763219939,0.9330628803245437,,,,,,
q,dual_x_dim,4,0.5650160744942002,50.0,,0.001,24.0,,100,0.2516476172158264,0.24636712626666935,0.9981515711645101,0.7789473684210526,,,,,,
q,dual_x_dim,4,0.5650160744942002,50.0,,0.001,24.0,,500,0.41014797635364864,0.19001409568655214,0.999659979598776,0.9555555555555556,,,,,,
q,dual_x_dim,5,0.44867717946593005,50.0,,0.001,24.0,,100,0.2900188410391873,0.2900188410391873,0.8496503496503497,0.6702127659574468,,,,,,
q,dual_x_dim,5,0.44867717946593005,50.0,,0.001,24.0,,500,0.35257610787257554,0.3152101195232824,0.9710632570659489,0.917004048582996,,,,,,
q,dual_x_dim,6,0.4733353937396358,50.0,,0.001,24.0,,100,0.21256448859790433,0.17985331506583646,0.8671454219030521,0.7741935483870968,,,,,,
q,dual_x_dim,6,0.4733353937396358,50.0,,0.001,24.0,,500,0.3197602233154653,0.31869667640999144,0.9749746364558675,0.947261663286004,,,,,,
q,dual_x_dim,7,0.4848911240174937,50.0,,0.001,24.0,,100,0.15516458681866085,0.12514147031570905,0.9842105263157894,0.5957446808510638,,,,,,
q,dual_x_dim,7,0.4848911240174937,50.0,,0.001,24.0,,500,0.4166081318196262,0.29959264678823216,0.996969696969697,0.9008097165991903,,,,,,
q,dual_x_dim,8,0.49594634213790467,50.0,,0.001,24.0,,100,0.1825093221107983,0.1574212980701284,0.9381625441696113,0.7282608695652174,,,,,,
q,dual_x_dim,8,0.49594634213790467,50.0,,0.001,24.0,,500,0.2948824387120357,0.2646987810468946,0.9848280512474713,0.926829268292683,,,,,,
q,dual_x_dim,9,0.5641386095086601,50.0,,0.001,24.0,,100,0.16510974958894553,0.15219167337094072,0.9702276707530648,0.6129032258064516,,,,,,
q,dual_x_dim,9,0.5641386095086601,50.0,,0.001,24.0,,500,0.5703422236737448,0.5697579963171994,0.9942780208683945,0.8782961460446247,,,,,,
q,dual_x_dim,10,0.5394950538589948,50.0,,0.001,24.0,,100,0.2485923761144092,0.23811963289141946,0.9964973730297724,0.6914893617021277,,,,,,
q,dual_x_dim,10,0.5394950538589948,50.0,,0.001,24.0,,500,0.5114816408926879,0.5088445506827317,0.999326825984517,0.917004048582996,,,,,,
q,dual_x_dim,11,0.4323375414471957,50.0,,0.001,24.0,,100,0.25762618315752367,0.18613341714398968,0.8763636363636363,0.7311827956989247,,,,,,
q,dual_x_dim,11,0.4323375414471957,50.0,,0.001,24.0,,500,0.3100154514997566,0.17235414422573792,0.9769491525423729,0.9432048681541582,,,,,,
q,dual_x_dim,12,0.6063071845964549,50.0,,0.001,24.0,,100,0.2758940456613842,0.2336791100607658,0.9524647887323944,0.6631578947368421,,,,,,
q,dual_x_dim,12,0.6063071845964549,50.0,,0.001,24.0,,500,0.3408827759020776,0.293582423273394,0.9909029649595688,0.896969696969697,,,,,,
q,dual_x_dim,13,0.6143260030494101,50.0,,0.001,24.0,,100,0.21402231360378393,0.21402231360378393,0.8535714285714285,0.7659574468085106,,,,,,
q,dual_x_dim,13,0.6143260030494101,50.0,,0.001,24.0,,500,0.3775865841875665,0.3775865841875665,0.9668918918918918,0.9493927125506073,,,,,,
q,dual_x_dim,14,0.6899588145802447,50.0,,0.001,24.0,,100,0.22028209825171563,0.1622117078111224,0.9611307420494699,0.45263157894736844,,,,,,
q,dual_x_dim,14,0.6899588145802447,50.0,,0.001,24.0,,500,0.3014951903776957,0.25205860716608597,0.9868509777478085,0.7676767676767676,,,,,,
q,dual_x_dim,15,0.640572464930069,50.0,,0.001,24.0,,100,0.14323963461417488,0.14323963461417488,0.9705882352941176,0.6421052631578947,,,,,,
q,dual_x_dim,15,0.640572464930069,50.0,,0.001,24.0,,500,0.39142851820019176,0.32105818764619354,0.9805238415043653,0.7818181818181819,,,,,,
q,dual_x_dim,16,0.5596173010815712,50.0,,0.001,24.0,,100,0.5690103981962222,0.5690103981962222,0.9355992844364938,0.6702127659574468,,,,,,
q,dual_x_dim,16,0.5596173010815712,50.0,,0.001,24.0,,500,0.5700351874781224,0.2682347527471988,0.9878337276106793,0.9311740890688259,,,,,,
q,dual_x_dim,17,0.5485645062802906,50.0,,0.001,24.0,,100,0.19888554389624902,0.1939808831481885,0.9881889763779528,0.8297872340425532,,,,,,
q,dual_x_dim,17,0.5485645062802906,50.0,,0.001,24.0,,500,0.4602753193627884,0.4602753193627884,0.9979367262723521,0.9676113360323887,,,,,,
q,dual_x_dim,18,0.4947893552771776,50.0,,0.001,24.0,,100,0.29429883655533173,0.29429883655533173,0.9238938053097345,0.6774193548387096,,,,,,
q,dual_x_dim,18,0.4947893552771776,50.0,,0.001,24.0,,500,0.5605304245074789,0.5497394248415239,0.9854974704890388,0.922920892494929,,,,,,
q,dual_x_dim,19,0.4921353463804619,50.0,,0.001,24.0,,100,0.2836398452208153,0.20030865541263912,0.9964850615114236,0.6521739130434783,,,,,,
q,dual_x_dim,19,0.4921353463804619,50.0,,0.001,24.0,,500,0.4529062446731773,0.38198731074360937,0.9993263725159987,0.8983739837398373,,,,,,
q,dual_x_dim,0,0.475488624112919,50.0,,0.001,32.0,,100,0.27544258492559326,0.1904395178266287,0.9810996563573883,0.8404255319148937,,,,,,
q,dual_x_dim,0,0.475488624112919,50.0,,0.001,32.0,,500,0.33053915877223305,0.21611119026738868,0.9963112005365526,0.9554655870445344,,,,,,
q,dual_x_dim,1,0.40812779004929994,50.0,,0.001,32.0,,100,0.2692666293451886,0.2290586929359073,0.9542961608775137,0.7526881720430108,,,,,,
q,dual_x_dim,1,0.40812779004929994,50.0,,0.001,32.0,,500,0.3655681346926314,0.3552716015858799,0.99151679674245,0.9533468559837728,,,,,,
q,dual_x_dim,2,0.4730093470080129,50.0,,0.001,32.0,,100,0.20014451314897586,0.15113541379983375,0.9515570934256056,0.7684210526315789,,,,,,
q,dual_x_dim,2,0.4730093470080129,50.0,,0.001,32.0,,500,0.3152372627662403,0.28691885339269385,0.9905977165883143,0.9494949494949495,,,,,,
q,dual_x_dim,3,0.4466934199958885,50.0,,0.001,32.0,,100,0.22713069579839684,0.1497504829870581,0.9859402460456942,0.6989247311827957,,,,,,
q,dual_x_dim,3,0.4466934199958885,50.0,,0.001,32.0,,500,0.2491934153438306,0.16747050270742836,0.9973054900639946,0.9371196754563894,,,,,,
q,dual_x_dim,4,0.5533154376476055,50.0,,0.001,32.0,,100,0.24955783239222984,0.2416658460519343,0.9963031423290203,0.8210526315789474,,,,,,
q,dual_x_dim,4,0.5533154376476055,50.0,,0.001,32.0,,500,0.40196111625822106,0.19931330199004238,0.9993199591975519,0.9656565656565657,,,,,,
q,dual_x_dim,5,0.37342721982998295,50.0,,0.001,32.0,,100,0.30664341806614726,0.30664341806614726,0.8758741258741258,0.6702127659574468,,,,,,
q,dual_x_dim,5,0.37342721982998295,50.0,,0.001,32.0,,500,0.3424191734287678,0.25870727933036797,0.9761103633916555,0.9251012145748988,,,,,,
q,dual_x_dim,6,0.42978362336359666,50.0,,0.001,32.0,,100,0.22661632377065533,0.18002297547680612,0.9299820466786356,0.7849462365591398,,,,,,
q,dual_x_dim,6,0.42978362336359666,50.0,,0.001,32.0,,500,0.33213259387643057,0.33213259387643057,0.9868109570510653,0.9533468559837728,,,,,,
q,dual_x_dim,7,0.44008905448805447,50.0,,0.001,32.0,,100,0.18931010994079178,0.10997472755799856,0.9508771929824561,0.7021276595744681,,,,,,
q,dual_x_dim,7,0.44008905448805447,50.0,,0.001,32.0,,500,0.39264843938943494,0.3128612518846894,0.9905723905723905,0.9412955465587044,,,,,,
q,dual_x_dim,8,0.43855644177086944,50.0,,0.001,32.0,,100,0.16266972552911219,0.15334898778691403,0.9558303886925795,0.7391304347826086,,,,,,
q,dual_x_dim,8,0.43855644177086944,50.0,,0.001,32.0,,500,0.2440176266528704,0.20627412130363743,0.9915711395819286,0.9146341463414634,,,,,,
q,dual_x_dim,9,0.41686723547078175,50.0,,0.001,32.0,,100,0.14193462218335906,0.09085382242169926,0.957968476357268,0.6021505376344086,,,,,,
q,dual_x_dim,9,0.41686723547078175,50.0,,0.001,32.0,,500,0.4962724100963698,0.4962724100963698,0.991921911814204,0.8985801217038539,,,,,,
q,dual_x_dim,10,0.4462354434217582,50.0,,0.001,32.0,,100,0.2539917621214609,0.24831054792023244,0.9964973730297724,0.723404255319149,,,,,,
q,dual_x_dim,10,0.4462354434217582,50.0,,0.001,32.0,,500,0.4659681807351683,0.4430662845524267,0.999326825984517,0.9190283400809717,,,,,,
q,dual_x_dim,11,0.3453439906042841,50.0,,0.001,32.0,,100,0.24764818050940396,0.15299998754154842,0.9109090909090909,0.7526881720430108,,,,,,
q,dual_x_dim,11,0.3453439906042841,50.0,,0.001,32.0,,500,0.3195472800623467,0.1888920251092827,0.9833898305084746,0.949290060851927,,,,,,
q,dual_x_dim,12,0.5218634903299535,50.0,,0.001,32.0,,100,0.23931227010653655,0.21194411801005109,0.9524647887323944,0.7263157894736842,,,,,,
q,dual_x_dim,12,0.5218634903299535,50.0,,0.001,32.0,,500,0.2909711272553588,0.22517456498276478,0.9909029649595688,0.9292929292929293,,,,,,
q,dual_x_dim,13,0.42062264887055334,50.0,,0.001,32.0,,100,0.2008762781052531,0.16370166549266263,0.8928571428571429,0.776595744680851,,,,,,
q,dual_x_dim,13,0.42062264887055334,50.0,,0.001,32.0,,500,0.3351626255098834,0.28480967138730917,0.9743243243243244,0.951417004048583,,,,,,
q,dual_x_dim,14,0.4990514455594063,50.0,,0.001,32.0,,100,0.1924691237224612,0.1924691237224612,0.9169611307420494,0.5473684210526316,,,,,,
q,dual_x_dim,14,0.4990514455594063,50.0,,0.001,32.0,,500,0.26271711158706923,0.24663942570182895,0.973701955495617,0.8121212121212121,,,,,,
q,dual_x_dim,15,0.47267108630892485,50.0,,0.001,32.0,,100,0.13058083219379155,0.07626881295071727,0.9446366782006921,0.6526315789473685,,,,,,
q,dual_x_dim,15,0.47267108630892485,50.0,,0.001,32.0,,500,0.35183358837234957,0.28520608722056906,0.9697783747481531,0.806060606060606,,,,,,
q,dual_x_dim,4,0.4116536270898129,50.0,,0.001,64.0,,100,0.1984149679398125,0.19687260134892648,0.9926062846580407,0.9052631578947369,,,,,,
q,dual_x_dim,4,0.4116536270898129,50.0,,0.001,64.0,,500,0.3278249780782574,0.18444386228543785,0.9986399183951037,0.9818181818181818,,,,,,
q,dual_x_dim,5,0.29343300693331814,50.0,,0.001,64.0,,100,0.3179132654875205,0.3006592166942009,0.9038461538461539,0.7340425531914894,,,,,,
q,dual_x_dim,5,0.29343300693331814,50.0,,0.001,64.0,,500,0.3348799757852644,0.22709552926497145,0.9814939434724091,0.937246963562753,,,,,,
q,dual_x_dim,6,0.42163379283891284,50.0,,0.001,64.0,,100,0.22876969486054144,0.18319436418587465,0.9299820466786356,0.7849462365591398,,,,,,
q,dual_x_dim,6,0.42163379283891284,50.0,,0.001,64.0,,500,0.3050127716765447,0.3050127716765447,0.9868109570510653,0.9574036511156186,,,,,,
q,dual_x_dim,7,0.34813570903299706,50.0,,0.001,64.0,,100,0.17483393426341154,0.1271578629229856,0.9508771929824561,0.7446808510638298,,,,,,
q,dual_x_dim,7,0.34813570903299706,50.0,,0.001,64.0,,500,0.2876783465994699,0.23933824732143072,0.9905723905723905,0.951417004048583,,,,,,
q,dual_x_dim,16,0.45145873378777773,50.0,,0.001,32.0,,100,0.470308669282715,0.470308669282715,0.9749552772808586,0.7340425531914894,,,,,,
q,dual_x_dim,16,0.45145873378777773,50.0,,0.001,32.0,,500,0.4714115772225971,0.22215428259849207,0.9952686718485975,0.9493927125506073,,,,,,
q,dual_x_dim,17,0.4502359836938825,50.0,,0.001,32.0,,100,0.13360231827895985,0.1091182191660019,0.9921259842519685,0.8404255319148937,,,,,,
q,dual_x_dim,17,0.4502359836938825,50.0,,0.001,32.0,,500,0.4615585228779331,0.4615585228779331,0.9986244841815681,0.9696356275303644,,,,,,
q,dual_x_dim,18,0.5626601659757056,50.0,,0.001,32.0,,100,0.24272908954877126,0.24272908954877126,0.9557522123893806,0.6666666666666666,,,,,,
q,dual_x_dim,18,0.5626601659757056,50.0,,0.001,32.0,,500,0.455845634531701,0.44977312789898694,0.9915682967959528,0.9310344827586207,,,,,,
q,dual_x_dim,19,0.41077051363789985,50.0,,0.001,32.0,,100,0.2585674448372685,0.2003572563003363,0.9718804920913884,0.717391304347826,,,,,,
q,dual_x_dim,19,0.41077051363789985,50.0,,0.001,32.0,,500,0.3314270739306078,0.2607225842720384,0.9946109801279892,0.9288617886178862,,,,,,
q,dual_x_dim,0,0.3221759901052828,50.0,,0.001,64.0,,100,0.2628479000744728,0.1929827125219239,1.0,0.8191489361702128,,,,,,
q,dual_x_dim,0,0.3221759901052828,50.0,,0.001,64.0,,500,0.3721078265791795,0.20753405684150705,1.0,0.9534412955465587,,,,,,
q,dual_x_dim,1,0.29558078375967123,50.0,,0.001,64.0,,100,0.20278286454396355,0.16483569464476444,0.9616087751371115,0.8172043010752689,,,,,,
q,dual_x_dim,1,0.29558078375967123,50.0,,0.001,64.0,,500,0.2931345373673966,0.285241764346448,0.9928741092636579,0.9655172413793104,,,,,,
q,dual_x_dim,2,0.3180382777636512,50.0,,0.001,64.0,,100,0.2013419238173313,0.15969320948177368,0.9636678200692042,0.7894736842105263,,,,,,
q,dual_x_dim,2,0.3180382777636512,50.0,,0.001,64.0,,500,0.2702970574801573,0.25005754159371163,0.9929482874412358,0.9535353535353536,,,,,,
q,dual_x_dim,3,0.36692874187724284,50.0,,0.001,64.0,,100,0.21294923004417132,0.1637036448509046,0.9648506151142355,0.7634408602150538,,,,,,
q,dual_x_dim,3,0.36692874187724284,50.0,,0.001,64.0,,500,0.21294923004417132,0.14038760144377038,0.9932637251599865,0.9513184584178499,,,,,,
q,dual_x_dim,8,0.31157596513111496,50.0,,0.001,64.0,,100,0.18178317143449063,0.16012159718034713,0.9558303886925795,0.8152173913043478,,,,,,
q,dual_x_dim,8,0.31157596513111496,50.0,,0.001,64.0,,500,0.2432418181981395,0.20362668715897758,0.9915711395819286,0.9471544715447154,,,,,,
q,dual_x_dim,9,0.34561243486758075,50.0,,0.001,64.0,,100,0.10580306009708779,0.08069818007966867,0.9614711033274956,0.7096774193548387,,,,,,
q,dual_x_dim,9,0.34561243486758075,50.0,,0.001,64.0,,500,0.4188528979424061,0.4188528979424061,0.992595085829687,0.9330628803245437,,,,,,
q,dual_x_dim,10,0.378879289575792,50.0,,0.001,64.0,,100,0.1982355567526234,0.1946874311832728,0.9982486865148862,0.7446808510638298,,,,,,
q,dual_x_dim,10,0.378879289575792,50.0,,0.001,64.0,,500,0.41406502587943983,0.3005152421360422,0.9996634129922585,0.9311740890688259,,,,,,
q,dual_x_dim,11,0.32740539883828845,50.0,,0.001,64.0,,100,0.22580721712315188,0.1509908250385672,0.9290909090909091,0.7741935483870968,,,,,,
q,dual_x_dim,11,0.32740539883828845,50.0,,0.001,64.0,,500,0.30479542095658907,0.19044552949171856,0.9867796610169491,0.9574036511156186,,,,,,
q,dual_x_dim,16,0.3106442961881303,50.0,,0.001,64.0,,100,0.40270063862810723,0.40270063862810723,0.9803220035778175,0.7978723404255319,,,,,,
q,dual_x_dim,16,0.3106442961881303,50.0,,0.001,64.0,,500,0.4524214919505347,0.20790769743577714,0.9962825278810409,0.9595141700404858,,,,,,
q,dual_x_dim,17,0.33758709179713225,50.0,,0.001,64.0,,100,0.16010907846337175,0.12082400445233332,0.9921259842519685,0.925531914893617,,,,,,
q,dual_x_dim,17,0.33758709179713225,50.0,,0.001,64.0,,500,0.33859288871786464,0.33859288871786464,0.9986244841815681,0.9858299595141701,,,,,,
q,dual_x_dim,18,0.36277063351344463,50.0,,0.001,64.0,,100,0.2635137839280103,0.2635137839280103,0.9557522123893806,0.7204301075268817,,,,,,
q,dual_x_dim,18,0.36277063351344463,50.0,,0.001,64.0,,500,0.3630149881062008,0.32298945729424977,0.9915682967959528,0.9432048681541582,,,,,,
q,dual_x_dim,19,0.27197824426002815,50.0,,0.001,64.0,,100,0.17029130800716002,0.11110167421420092,0.9912126537785588,0.8152173913043478,,,,,,
q,dual_x_dim,19,0.27197824426002815,50.0,,0.001,64.0,,500,0.255331057515912,0.22528993053624963,0.9983159312899966,0.9654471544715447,,,,,,
q,dual_x_dim,12,0.37647967684533196,50.0,,0.001,64.0,,100,0.13042194407079477,0.11491408301125561,0.9806338028169014,0.8105263157894737,,,,,,
q,dual_x_dim,12,0.37647967684533196,50.0,,0.001,64.0,,500,0.21109768904842008,0.20086953059204526,0.9962938005390836,0.9616161616161616,,,,,,
q,dual_x_dim,13,0.3272847901693679,50.0,,0.001,64.0,,100,0.17460429942707312,0.1362546070901441,0.8892857142857142,0.8085106382978723,,,,,,
q,dual_x_dim,13,0.3272847901693679,50.0,,0.001,64.0,,500,0.3008792214384035,0.2520298627340134,0.9736486486486486,0.9574898785425101,,,,,,
q,dual_x_dim,14,0.32643791641323355,50.0,,0.001,64.0,,100,0.19224540477880497,0.19224540477880497,0.9628975265017667,0.631578947368421,,,,,,
q,dual_x_dim,14,0.32643791641323355,50.0,,0.001,64.0,,500,0.24313915933518115,0.230615956338734,0.9824679703304113,0.8747474747474747,,,,,,
q,dual_x_dim,15,0.31240187704456923,50.0,,0.001,64.0,,100,0.16468940684914188,0.1296811201763769,0.9567474048442907,0.6842105263157895,,,,,,
q,dual_x_dim,15,0.31240187704456923,50.0,,0.001,64.0,,500,0.3303127946915405,0.20940754543636575,0.9731363331094695,0.8646464646464647,,,,,,
q,dual_x_dim,0,0.2769788139980297,50.0,,0.001,128.0,,100,0.28046274495525814,0.2585777248147574,1.0,0.8829787234042553,,,,,,
q,dual_x_dim,0,0.2769788139980297,50.0,,0.001,128.0,,500,0.3598094159963714,0.20943605454817626,1.0,0.9655870445344129,,,,,,
q,dual_x_dim,1,0.2437982963519862,50.0,,0.001,128.0,,100,0.1803341598106426,0.1803341598106426,0.9616087751371115,0.8494623655913979,,,,,,
q,dual_x_dim,1,0.2437982963519862,50.0,,0.001,128.0,,500,0.26311751226483926,0.25606824734324896,0.9928741092636579,0.9716024340770791,,,,,,
q,dual_x_dim,2,0.24339730327335968,50.0,,0.001,128.0,,100,0.22384814304868417,0.13937431436406567,0.9636678200692042,0.7789473684210526,,,,,,
q,dual_x_dim,2,0.24339730327335968,50.0,,0.001,128.0,,500,0.25205035941295106,0.21195584880708118,0.9929482874412358,0.9575757575757575,,,,,,
q,dual_x_dim,3,0.22659351652488344,50.0,,0.001,128.0,,100,0.19299046923491558,0.17400334526234068,0.9718804920913884,0.7419354838709677,,,,,,
q,dual_x_dim,3,0.22659351652488344,50.0,,0.001,128.0,,500,0.2027998052206403,0.1462942450441106,0.9946109801279892,0.947261663286004,,,,,,
q,dual_x_dim,4,0.24637052301705475,50.0,,0.001,128.0,,100,0.224406843961106,0.20230866827703076,0.9981515711645101,0.8947368421052632,,,,,,
q,dual_x_dim,4,0.24637052301705475,50.0,,0.001,128.0,,500,0.2574055373030122,0.15744601764554722,0.999659979598776,0.9797979797979798,,,,,,
q,dual_x_dim,5,0.20071251771841217,50.0,,0.001,128.0,,100,0.3062453064048962,0.28620352647431635,0.9213286713286714,0.7446808510638298,,,,,,
q,dual_x_dim,5,0.20071251771841217,50.0,,0.001,128.0,,500,0.32546232454725876,0.23634176027177578,0.9848586810228802,0.9453441295546559,,,,,,
q,dual_x_dim,6,0.2719857913570569,50.0,,0.001,128.0,,100,0.21360835008991164,0.17916459582688915,0.9317773788150808,0.7956989247311828,,,,,,
q,dual_x_dim,6,0.2719857913570569,50.0,,0.001,128.0,,500,0.31437860366794834,0.31437860366794834,0.9871491376394995,0.9614604462474645,,,,,,
q,dual_x_dim,7,0.2114275672740672,50.0,,0.001,128.0,,100,0.17798205185819493,0.11970419824353144,0.9894736842105263,0.6914893617021277,,,,,,
q,dual_x_dim,7,0.2114275672740672,50.0,,0.001,128.0,,500,0.2874449898553355,0.23841209467939928,0.997979797979798,0.9412955465587044,,,,,,
q,dual_x_dim,8,0.21497418970360005,50.0,,0.001,128.0,,100,0.20274427645423854,0.19314515971904234,0.9399293286219081,0.782608695652174,,,,,,
q,dual_x_dim,8,0.21497418970360005,50.0,,0.001,128.0,,500,0.256284882059133,0.20186832928062892,0.9885367498314228,0.9410569105691057,,,,,,
q,dual_x_dim,9,0.25677513532597473,50.0,,0.001,128.0,,100,0.0995870915501369,0.09133784982931825,0.957968476357268,0.6989247311827957,,,,,,
q,dual_x_dim,9,0.25677513532597473,50.0,,0.001,128.0,,500,0.40970126237181004,0.3920354261723169,0.991921911814204,0.9269776876267748,,,,,,
q,dual_x_dim,10,0.24864634171425817,50.0,,0.001,128.0,,100,0.22752430635330234,0.2224512810585335,0.9982486865148862,0.7553191489361702,,,,,,
q,dual_x_dim,10,0.24864634171425817,50.0,,0.001,128.0,,500,0.38667041703738336,0.26295439901760487,0.9962975429148435,0.9412955465587044,,,,,,
q,dual_x_dim,11,0.19742178677610114,50.0,,0.001,128.0,,100,0.21930246980409446,0.12018256892135981,0.9672727272727273,0.7849462365591398,,,,,,
q,dual_x_dim,11,0.19742178677610114,50.0,,0.001,128.0,,500,0.2588446477250639,0.17663138878707307,0.9938983050847457,0.9594320486815415,,,,,,
q,dual_x_dim,16,0.23833394272384162,50.0,,0.001,128.0,,100,0.3905372615825443,0.3905372615825443,0.9803220035778175,0.8085106382978723,,,,,,
q,dual_x_dim,16,0.23833394272384162,50.0,,0.001,128.0,,500,0.41865915366800843,0.20766561677156448,0.9962825278810409,0.9615384615384616,,,,,,
q,dual_x_dim,17,0.18109927793474564,50.0,,0.001,128.0,,100,0.14776712307835294,0.14461020628662447,0.9921259842519685,0.925531914893617,,,,,,
q,dual_x_dim,17,0.18109927793474564,50.0,,0.001,128.0,,500,0.28008097566664314,0.28008097566664314,0.9986244841815681,0.9858299595141701,,,,,,
q,dual_x_dim,18,0.31053197415363676,50.0,,0.001,128.0,,100,0.2673656533244809,0.2673656533244809,0.9539823008849557,0.7096774193548387,,,,,,
q,dual_x_dim,18,0.31053197415363676,50.0,,0.001,128.0,,500,0.35483606269645307,0.3260578129011784,0.9912310286677909,0.9411764705882353,,,,,,
q,dual_x_dim,19,0.18282952887106366,50.0,,0.001,128.0,,100,0.15640618300529952,0.10334460490309844,0.9912126537785588,0.8260869565217391,,,,,,
q,dual_x_dim,19,0.18282952887106366,50.0,,0.001,128.0,,500,0.26675099838649574,0.19781331562068943,0.9983159312899966,0.967479674796748,,,,,,
q,dual_x_dim,12,0.2230611143413504,50.0,,0.001,128.0,,100,0.16591233859466215,0.11309441762274652,0.9806338028169014,0.8631578947368421,,,,,,
q,dual_x_dim,12,0.2230611143413504,50.0,,0.001,128.0,,500,0.1890325181339565,0.1798619992678233,0.9962938005390836,0.9737373737373738,,,,,,
q,dual_x_dim,13,0.2868358576336272,50.0,,0.001,128.0,,100,0.15888150288114467,0.15280444560113582,0.8875,0.8191489361702128,,,,,,
q,dual_x_dim,13,0.2868358576336272,50.0,,0.001,128.0,,500,0.2744532637577839,0.2122102999281319,0.9733108108108108,0.9595141700404858,,,,,,
q,dual_x_dim,14,0.260450112016454,50.0,,0.001,128.0,,100,0.19261999664471807,0.19261999664471807,0.9964664310954063,0.6631578947368421,,,,,,
q,dual_x_dim,14,0.260450112016454,50.0,,0.001,128.0,,500,0.25871583087271177,0.20592680135121078,0.9973027646662171,0.8868686868686869,,,,,,
q,dual_x_dim,15,0.21082258344736124,50.0,,0.001,128.0,,100,0.16000252216071498,0.12183574689148502,0.9550173010380623,0.6526315789473685,,,,,,
q,dual_x_dim,15,0.21082258344736124,50.0,,0.001,128.0,,500,0.3087280937057767,0.1957833548531307,0.9795164539959704,0.8606060606060606,,,,,,
q,dual_x_dim,0,0.1561151590110898,50.0,,0.001,256.0,,100,0.2820070604872804,0.27209553160499755,1.0,0.8936170212765957,,,,,,
q,dual_x_dim,0,0.1561151590110898,50.0,,0.001,256.0,,500,0.3470561650314763,0.19405947401734114,1.0,0.9696356275303644,,,,,,
q,dual_x_dim,1,0.15445491624175076,50.0,,0.001,256.0,,100,0.18866624264962628,0.18866624264962628,0.9616087751371115,0.8387096774193549,,,,,,
q,dual_x_dim,1,0.15445491624175076,50.0,,0.001,256.0,,500,0.2666463291463792,0.25953908796773906,0.9928741092636579,0.9695740365111561,,,,,,
q,dual_x_dim,2,0.16114444286301777,50.0,,0.001,256.0,,100,0.2096533984681927,0.14270029455794087,0.9636678200692042,0.8,,,,,,
q,dual_x_dim,2,0.16114444286301777,50.0,,0.001,256.0,,500,0.21096870740680762,0.20240035681056856,0.9929482874412358,0.9616161616161616,,,,,,
q,dual_x_dim,3,0.13866386499393055,50.0,,0.001,256.0,,100,0.17986080094906565,0.16005809996090983,0.9718804920913884,0.7741935483870968,,,,,,
q,dual_x_dim,3,0.13866386499393055,50.0,,0.001,256.0,,500,0.18627929767418813,0.13569966149938528,0.9946109801279892,0.9553752535496958,,,,,,
q,dual_x_dim,8,0.1738344351847317,50.0,,0.001,256.0,,100,0.22215108232920655,0.20640064581161854,0.9522968197879859,0.8043478260869565,,,,,,
q,dual_x_dim,8,0.1738344351847317,50.0,,0.001,256.0,,500,0.2574297160890131,0.1970602176445131,0.9908968307484828,0.9451219512195121,,,,,,
q,dual_x_dim,9,0.2133657125731659,50.0,,0.001,256.0,,100,0.11561239693277575,0.11561239693277575,0.9527145359019265,0.6881720430107527,,,,,,
q,dual_x_dim,9,0.2133657125731659,50.0,,0.001,256.0,,500,0.3952506943748255,0.3848299702620481,0.9909121507909795,0.9188640973630832,,,,,,
q,dual_x_dim,10,0.2254427509551922,50.0,,0.001,256.0,,100,0.22425707292521457,0.22292181129279187,0.9982486865148862,0.7446808510638298,,,,,,
q,dual_x_dim,10,0.2254427509551922,50.0,,0.001,256.0,,500,0.40831366409488457,0.26114065611519344,0.9996634129922585,0.9412955465587044,,,,,,
q,dual_x_dim,11,0.18400491382186593,50.0,,0.001,256.0,,100,0.21459941181349954,0.13931729353973132,0.9618181818181818,0.7741935483870968,,,,,,
q,dual_x_dim,11,0.18400491382186593,50.0,,0.001,256.0,,500,0.2633401677531435,0.18477033409054178,0.9928813559322034,0.9574036511156186,,,,,,
q,dual_x_dim,12,0.1576595918302586,50.0,,0.001,256.0,,100,0.16127981842345984,0.14727526744048647,0.9806338028169014,0.8421052631578947,,,,,,
q,dual_x_dim,12,0.1576595918302586,50.0,,0.001,256.0,,500,0.1852683625725582,0.17599827776294263,0.9962938005390836,0.9696969696969697,,,,,,
q,dual_x_dim,13,0.18253185970822572,50.0,,0.001,256.0,,100,0.1648232228150579,0.1264833555306002,0.8910714285714286,0.8404255319148937,,,,,,
q,dual_x_dim,13,0.18253185970822572,50.0,,0.001,256.0,,500,0.2678211263947392,0.190405888389936,0.9773648648648648,0.9635627530364372,,,,,,
q,dual_x_dim,14,0.13142538045178465,50.0,,0.001,256.0,,100,0.170522686702644,0.170522686702644,1.0,0.6526315789473685,,,,,,
q,dual_x_dim,14,0.13142538045178465,50.0,,0.001,256.0,,500,0.2419857366221092,0.2244148253639826,0.9983142279163857,0.8808080808080808,,,,,,
q,dual_x_dim,15,0.14793046647697203,50.0,,0.001,256.0,,100,0.14992224114230265,0.1152701101489873,0.9653979238754326,0.6842105263157895,,,,,,
q,dual_x_dim,15,0.14793046647697203,50.0,,0.001,256.0,,500,0.3099286390798488,0.19407182098709175,0.9855607790463399,0.8727272727272727,,,,,,
q,dual_x_dim,4,0.21990329369582884,50.0,,0.001,256.0,,100,0.2126797581396278,0.18818005339149602,0.9981515711645101,0.9052631578947369,,,,,,
q,dual_x_dim,4,0.21990329369582884,50.0,,0.001,256.0,,500,0.2318380872594561,0.15375041143733204,0.999659979598776,0.9818181818181818,,,,,,
q,dual_x_dim,5,0.17067975290917176,50.0,,0.001,256.0,,100,0.29541311407490756,0.2768865921481575,0.9265734265734266,0.7340425531914894,,,,,,
q,dual_x_dim,5,0.17067975290917176,50.0,,0.001,256.0,,500,0.3231717557207896,0.2349711475996069,0.9858681022880216,0.9473684210526315,,,,,,
q,dual_x_dim,6,0.18269616655706372,50.0,,0.001,256.0,,100,0.22065752499846591,0.17435327280814183,0.933572710951526,0.8387096774193549,,,,,,
q,dual_x_dim,6,0.18269616655706372,50.0,,0.001,256.0,,500,0.30224141897920886,0.30224141897920886,0.9874873182279337,0.9695740365111561,,,,,,
q,dual_x_dim,7,0.13826212996288562,50.0,,0.001,256.0,,100,0.1643513259610654,0.11815032500025258,0.9894736842105263,0.7340425531914894,,,,,,
q,dual_x_dim,7,0.13826212996288562,50.0,,0.001,256.0,,500,0.27644630799206493,0.20627988445604428,0.997979797979798,0.9493927125506073,,,,,,
q,dual_x_dim,16,0.18161749868678914,50.0,,0.001,256.0,,100,0.3727910275417555,0.3727910275417555,0.9821109123434705,0.8191489361702128,,,,,,
q,dual_x_dim,16,0.18161749868678914,50.0,,0.001,256.0,,500,0.4240220957594869,0.185354962568975,0.9966204798918553,0.9655870445344129,,,,,,
q,dual_x_dim,17,0.16047953125249814,50.0,,0.001,256.0,,100,0.149699354922466,0.14632045706147834,0.9921259842519685,0.9148936170212766,,,,,,
q,dual_x_dim,17,0.16047953125249814,50.0,,0.001,256.0,,500,0.27237933907821965,0.26644486916279675,0.9986244841815681,0.9838056680161943,,,,,,
q,dual_x_dim,18,0.15352245847039855,50.0,,0.001,256.0,,100,0.24468042759609435,0.24468042759609435,0.9433628318584071,0.7419354838709677,,,,,,
q,dual_x_dim,18,0.15352245847039855,50.0,,0.001,256.0,,500,0.30215617949717366,0.2854664740221984,0.9892074198988196,0.947261663286004,,,,,,
q,dual_x_dim,19,0.16055016960496735,50.0,,0.001,256.0,,100,0.15505429908384555,0.11018058754938187,0.9964850615114236,0.8369565217391305,,,,,,
q,dual_x_dim,19,0.16055016960496735,50.0,,0.001,256.0,,500,0.25929709466802997,0.2026733447424987,0.9993263725159987,0.9695121951219512,,,,,,
q,dual_x_dim,0,0.1030968424041055,50.0,,0.001,512.0,,100,0.27293162240991964,0.2640844524326933,1.0,0.9042553191489362,,,,,,
q,dual_x_dim,0,0.1030968424041055,50.0,,0.001,512.0,,500,0.33313786717956395,0.17966398348566726,1.0,0.97165991902834,,,,,,
q,dual_x_dim,1,0.11402962694717797,50.0,,0.001,512.0,,100,0.18663241196870317,0.18663241196870317,0.9616087751371115,0.8387096774193549,,,,,,
q,dual_x_dim,1,0.11402962694717797,50.0,,0.001,512.0,,500,0.25623208109545326,0.2487735038136405,0.9928741092636579,0.9695740365111561,,,,,,
q,dual_x_dim,2,0.09277918554637624,50.0,,0.001,512.0,,100,0.20642307918658587,0.1434570650947452,0.9636678200692042,0.8,,,,,,
q,dual_x_dim,2,0.09277918554637624,50.0,,0.001,512.0,,500,0.20786560524620268,0.19892976662157769,0.9929482874412358,0.9616161616161616,,,,,,
q,dual_x_dim,3,0.11894049171114318,50.0,,0.001,512.0,,100,0.18957638710566638,0.16259885209079458,0.9718804920913884,0.7634408602150538,,,,,,
q,dual_x_dim,3,0.11894049171114318,50.0,,0.001,512.0,,500,0.18957638710566638,0.12473950189793159,0.9946109801279892,0.9533468559837728,,,,,,
q,dual_x_dim,8,0.14175730965559552,50.0,,0.001,512.0,,100,0.18721323414505242,0.17351002845015773,0.9522968197879859,0.8043478260869565,,,,,,
q,dual_x_dim,8,0.14175730965559552,50.0,,0.001,512.0,,500,0.2673806942287662,0.20161009879063885,0.9908968307484828,0.9369918699186992,,,,,,
q,dual_x_dim,9,0.133041364360873,50.0,,0.001,512.0,,100,0.11996543281418093,0.1069702196548794,0.9544658493870403,0.7096774193548387,,,,,,
q,dual_x_dim,9,0.133041364360873,50.0,,0.001,512.0,,500,0.39280917787338443,0.3818164854335018,0.991248737798721,0.9269776876267748,,,,,,
q,dual_x_dim,10,0.11696794879720462,50.0,,0.001,512.0,,100,0.2194021303815873,0.215328001046169,0.9982486865148862,0.7553191489361702,,,,,,
q,dual_x_dim,10,0.11696794879720462,50.0,,0.001,512.0,,500,0.40608809056755657,0.2410279593528024,0.9996634129922585,0.9433198380566802,,,,,,
q,dual_x_dim,11,0.12460176632558295,50.0,,0.001,512.0,,100,0.21899272171788844,0.14431011739055488,0.9545454545454546,0.7741935483870968,,,,,,
q,dual_x_dim,11,0.12460176632558295,50.0,,0.001,512.0,,500,0.25613202751762465,0.17792273790036817,0.9915254237288136,0.9574036511156186,,,,,,
q,dual_x_dim,4,0.14268678140884683,50.0,,0.001,512.0,,100,0.1939528893879796,0.18906985586176128,0.9981515711645101,0.9052631578947369,,,,,,
q,dual_x_dim,4,0.14268678140884683,50.0,,0.001,512.0,,500,0.22705062692992084,0.16041577866832313,0.999659979598776,0.9818181818181818,,,,,,
q,dual_x_dim,5,0.10644876296519895,50.0,,0.001,512.0,,100,0.2955849447781548,0.27202539917976776,0.9265734265734266,0.7340425531914894,,,,,,
q,dual_x_dim,5,0.10644876296519895,50.0,,0.001,512.0,,500,0.32070787545452195,0.24490353182354396,0.9858681022880216,0.9453441295546559,,,,,,
q,dual_x_dim,6,0.12019731741215293,50.0,,0.001,512.0,,100,0.2188137064729304,0.16786809260252977,0.9425493716337523,0.8494623655913979,,,,,,
q,dual_x_dim,6,0.12019731741215293,50.0,,0.001,512.0,,500,0.30242715510755125,0.30242715510755125,0.9891782211701048,0.9716024340770791,,,,,,
q,dual_x_dim,7,0.11257652452691455,50.0,,0.001,512.0,,100,0.16179607602872503,0.11663319318349669,0.9894736842105263,0.723404255319149,,,,,,
q,dual_x_dim,7,0.11257652452691455,50.0,,0.001,512.0,,500,0.2793723413600204,0.20265615818659732,0.997979797979798,0.9473684210526315,,,,,,
q,dual_x_dim,12,0.13827661620596518,50.0,,0.001,512.0,,100,0.16693403960292386,0.15456135344707,0.9806338028169014,0.8421052631578947,,,,,,
q,dual_x_dim,12,0.13827661620596518,50.0,,0.001,512.0,,500,0.19075911583914917,0.1787571993867394,0.9962938005390836,0.9696969696969697,,,,,,
q,dual_x_dim,13,0.11962817767956364,50.0,,0.001,512.0,,100,0.1895157340692839,0.11582972967218252,0.875,0.8404255319148937,,,,,,
q,dual_x_dim,13,0.11962817767956364,50.0,,0.001,512.0,,500,0.2581963314327509,0.1636452660851866,0.970945945945946,0.9635627530364372,,,,,,
q,dual_x_dim,14,0.13408705931864914,50.0,,0.001,512.0,,100,0.17427069814187668,0.17427069814187668,1.0,0.6526315789473685,,,,,,
q,dual_x_dim,14,0.13408705931864914,50.0,,0.001,512.0,,500,0.2451020727201152,0.22070422275507418,0.9983142279163857,0.8848484848484849,,,,,,
q,dual_x_dim,15,0.09673746703633918,50.0,,0.001,512.0,,100,0.1544682586197475,0.1154349531407367,0.9740484429065744,0.6526315789473685,,,,,,
q,dual_x_dim,15,0.09673746703633918,50.0,,0.001,512.0,,500,0.31415694841095676,0.19544567317211903,0.9882471457353929,0.8686868686868687,,,,,,
q,dual_x_dim,16,0.11747950139268575,50.0,,0.001,512.0,,100,0.3376829211447284,0.3376829211447284,0.9838998211091234,0.851063829787234,,,,,,
q,dual_x_dim,16,0.11747950139268575,50.0,,0.001,512.0,,500,0.4113375614912367,0.18439573563558964,0.9969584319026699,0.97165991902834,,,,,,
q,dual_x_dim,17,0.14178263459597212,50.0,,0.001,512.0,,100,0.1412682076079962,0.13754479570293587,0.9921259842519685,0.925531914893617,,,,,,
q,dual_x_dim,17,0.14178263459597212,50.0,,0.001,512.0,,500,0.2698072126080162,0.2698072126080162,0.9986244841815681,0.9858299595141701,,,,,,
q,dual_x_dim,18,0.09076250392557922,50.0,,0.001,512.0,,100,0.25277660139039826,0.25277660139039826,0.9327433628318584,0.7419354838709677,,,,,,
q,dual_x_dim,18,0.09076250392557922,50.0,,0.001,512.0,,500,0.314666614610013,0.2857217633489175,0.9871838111298482,0.947261663286004,,,,,,
q,dual_x_dim,19,0.12331536105543583,50.0,,0.001,512.0,,100,0.15542329334078395,0.111990872941436,0.9964850615114236,0.8260869565217391,,,,,,
q,dual_x_dim,19,0.12331536105543583,50.0,,0.001,512.0,,500,0.24811990698685848,0.19652659294633174,0.9993263725159987,0.967479674796748,,,,,,
q,dual_x_dim,4,0.08582136460463576,50.0,,0.001,1024.0,,100,0.1858874325231471,0.1836835421890105,0.9981515711645101,0.8947368421052632,,,,,,
q,dual_x_dim,4,0.08582136460463576,50.0,,0.001,1024.0,,500,0.2267450852001176,0.17331714321208547,0.999659979598776,0.9797979797979798,,,,,,
q,dual_x_dim,5,0.09529049869152607,50.0,,0.001,1024.0,,100,0.3012443044519717,0.27373132555068547,0.9353146853146853,0.7340425531914894,,,,,,
q,dual_x_dim,5,0.09529049869152607,50.0,,0.001,1024.0,,500,0.32528426916906117,0.24440336510285032,0.9875504710632571,0.9453441295546559,,,,,,
q,dual_x_dim,6,0.08587568835618739,50.0,,0.001,1024.0,,100,0.2210861115932029,0.16695658836586957,0.9497307001795332,0.8602150537634409,,,,,,
q,dual_x_dim,6,0.08587568835618739,50.0,,0.001,1024.0,,500,0.3053082421551008,0.3053082421551008,0.9905309435238417,0.973630831643002,,,,,,
q,dual_x_dim,7,0.08448072310305692,50.0,,0.001,1024.0,,100,0.17007905829442616,0.1182743501559346,0.9859649122807017,0.7127659574468085,,,,,,
q,dual_x_dim,7,0.08448072310305692,50.0,,0.001,1024.0,,500,0.2813892894545522,0.20385260981125075,0.9973063973063973,0.9453441295546559,,,,,,
q,dual_x_dim,8,0.0855617921909968,50.0,,0.001,1024.0,,100,0.1770132401429102,0.16892113249961804,0.9434628975265018,0.8152173913043478,,,,,,
q,dual_x_dim,8,0.0855617921909968,50.0,,0.001,1024.0,,500,0.2633819369439756,0.2058515404946848,0.9892110586648685,0.9390243902439024,,,,,,
q,dual_x_dim,9,0.10035694822361248,50.0,,0.001,1024.0,,100,0.11187919601866736,0.10274432570392694,0.9422066549912435,0.6989247311827957,,,,,,
q,dual_x_dim,9,0.10035694822361248,50.0,,0.001,1024.0,,500,0.40018314945368216,0.38736443475648896,0.9888926287445304,0.922920892494929,,,,,,
q,dual_x_dim,10,0.09406626998612011,50.0,,0.001,1024.0,,100,0.21708578768003417,0.21515653369725252,0.9982486865148862,0.7553191489361702,,,,,,
q,dual_x_dim,10,0.09406626998612011,50.0,,0.001,1024.0,,500,0.40440676925566943,0.2291133108157648,0.9996634129922585,0.9433198380566802,,,,,,
q,dual_x_dim,11,0.09945804358707247,50.0,,0.001,1024.0,,100,0.21939758937848824,0.1361074707061557,0.9472727272727273,0.7741935483870968,,,,,,
q,dual_x_dim,11,0.09945804358707247,50.0,,0.001,1024.0,,500,0.24864095625200533,0.18165816276637836,0.9901694915254238,0.9574036511156186,,,,,,
q,dual_x_dim,0,0.08324559249809413,50.0,,0.001,1024.0,,100,0.26957478788351397,0.2602796107639296,1.0,0.8936170212765957,,,,,,
q,dual_x_dim,0,0.08324559249809413,50.0,,0.001,1024.0,,500,0.3312151012169009,0.1816415766674142,1.0,0.9696356275303644,,,,,,
q,dual_x_dim,1,0.09773989892106646,50.0,,0.001,1024.0,,100,0.18356800496028147,0.18356800496028147,0.9616087751371115,0.8494623655913979,,,,,,
q,dual_x_dim,1,0.09773989892106646,50.0,,0.001,1024.0,,500,0.2547897095112468,0.24730637565795055,0.9928741092636579,0.9716024340770791,,,,,,
q,dual_x_dim,2,0.09817623108532308,50.0,,0.001,1024.0,,100,0.1976576710099716,0.1386874137070555,0.9636678200692042,0.8,,,,,,
q,dual_x_dim,2,0.09817623108532308,50.0,,0.001,1024.0,,500,0.20197317420362326,0.19232837946563386,0.9929482874412358,0.9616161616161616,,,,,,
q,dual_x_dim,3,0.12022087397697476,50.0,,0.001,1024.0,,100,0.18800263331647793,0.16228916100408464,0.9718804920913884,0.7741935483870968,,,,,,
q,dual_x_dim,3,0.12022087397697476,50.0,,0.001,1024.0,,500,0.18800263331647793,0.12064243560339083,0.9946109801279892,0.9553752535496958,,,,,,
q,dual_x_dim,12,0.06626174638131117,50.0,,0.001,1024.0,,100,0.15513385110265554,0.15042317996911747,0.9806338028169014,0.8315789473684211,,,,,,
q,dual_x_dim,12,0.06626174638131117,50.0,,0.001,1024.0,,500,0.1898172585651967,0.1811842801888065,0.9962938005390836,0.9676767676767677,,,,,,
q,dual_x_dim,13,0.08761840355965336,50.0,,0.001,1024.0,,100,0.17077209057584508,0.11916669659155377,0.8696428571428572,0.8404255319148937,,,,,,
q,dual_x_dim,13,0.08761840355965336,50.0,,0.001,1024.0,,500,0.258774471468576,0.16972167126463344,0.9699324324324324,0.9635627530364372,,,,,,
q,dual_x_dim,14,0.09758045951667538,50.0,,0.001,1024.0,,100,0.1699531375777712,0.1699531375777712,1.0,0.6421052631578947,,,,,,
q,dual_x_dim,14,0.09758045951667538,50.0,,0.001,1024.0,,500,0.24514082199631337,0.22449103742678922,0.9979770734996628,0.8868686868686869,,,,,,
q,dual_x_dim,15,0.0830707630274445,50.0,,0.001,1024.0,,100,0.1500632185041854,0.10874677463467713,0.9636678200692042,0.6631578947368421,,,,,,
q,dual_x_dim,15,0.0830707630274445,50.0,,0.001,1024.0,,500,0.30099884603627514,0.19220552512492728,0.9852249832102082,0.8707070707070707,,,,,,
q,dual_x_dim,16,0.08225942591702709,50.0,,0.001,1024.0,,100,0.3389056596609117,0.3389056596609117,0.9856887298747764,0.8617021276595744,,,,,,
q,dual_x_dim,16,0.08225942591702709,50.0,,0.001,1024.0,,500,0.41200266153305964,0.17441160354559626,0.9972963839134843,0.9736842105263158,,,,,,
q,dual_x_dim,17,0.10326707211743168,50.0,,0.001,1024.0,,100,0.13957093800061215,0.1358577178172976,0.9921259842519685,0.9148936170212766,,,,,,
q,dual_x_dim,17,0.10326707211743168,50.0,,0.001,1024.0,,500,0.2613400622221409,0.2613400622221409,0.9986244841815681,0.9838056680161943,,,,,,
q,dual_x_dim,18,0.07596835511935024,50.0,,0.001,1024.0,,100,0.24342776597443003,0.24342776597443003,0.9557522123893806,0.7419354838709677,,,,,,
q,dual_x_dim,18,0.07596835511935024,50.0,,0.001,1024.0,,500,0.3068062040383197,0.2896392569933042,0.9915682967959528,0.947261663286004,,,,,,
q,dual_x_dim,19,0.08491267679941217,50.0,,0.001,1024.0,,100,0.15563883594593866,0.10716141957542846,0.9964850615114236,0.8369565217391305,,,,,,
q,dual_x_dim,19,0.08491267679941217,50.0,,0.001,1024.0,,500,0.2489785484434166,0.20493314903050774,0.9993263725159987,0.9695121951219512,,,,,,
q,dual_x_dim,0,0.05281229448753218,50.0,,0.001,4096.0,,100,0.28140304182789255,0.2692667619884883,1.0,0.9042553191489362,,,,,,
q,dual_x_dim,0,0.05281229448753218,50.0,,0.001,4096.0,,500,0.3289501812984925,0.19412840172325385,1.0,0.97165991902834,,,,,,
q,dual_x_dim,1,0.03323375362264121,50.0,,0.001,4096.0,,100,0.1788155149824553,0.1788155149824553,0.9616087751371115,0.8387096774193549,,,,,,
q,dual_x_dim,1,0.03323375362264121,50.0,,0.001,4096.0,,500,0.253879078750872,0.24637127971872808,0.9928741092636579,0.9695740365111561,,,,,,
q,dual_x_dim,2,0.04517439621719188,50.0,,0.001,4096.0,,100,0.19734287459181293,0.14031830015300129,0.9636678200692042,0.8,,,,,,
q,dual_x_dim,2,0.04517439621719188,50.0,,0.001,4096.0,,500,0.20713589366785579,0.1973275833645154,0.9929482874412358,0.9616161616161616,,,,,,
q,dual_x_dim,3,0.0427116544627979,50.0,,0.001,4096.0,,100,0.1843987132757373,0.1605920944843555,0.9718804920913884,0.7634408602150538,,,,,,
q,dual_x_dim,3,0.0427116544627979,50.0,,0.001,4096.0,,500,0.1843987132757373,0.11847471678282628,0.9946109801279892,0.9533468559837728,,,,,,
q,dual_x_dim,4,0.040015870266180115,50.0,,0.001,4096.0,,100,0.19874761891000636,0.18999634490650064,0.9981515711645101,0.8736842105263158,,,,,,
q,dual_x_dim,4,0.040015870266180115,50.0,,0.001,4096.0,,500,0.2348885949911108,0.1767946247474843,0.999659979598776,0.9757575757575757,,,,,,
q,dual_x_dim,5,0.03709134647177847,50.0,,0.001,4096.0,,100,0.29629983394432235,0.2686507859404791,0.9300699300699301,0.7446808510638298,,,,,,
q,dual_x_dim,5,0.03709134647177847,50.0,,0.001,4096.0,,500,0.3237842820495036,0.23924648298749396,0.9865410497981157,0.9473684210526315,,,,,,
q,dual_x_dim,6,0.04794923215448047,50.0,,0.001,4096.0,,100,0.2235608115333948,0.16402664715993065,0.9515260323159784,0.8494623655913979,,,,,,
q,dual_x_dim,6,0.04794923215448047,50.0,,0.001,4096.0,,500,0.30628648075591847,0.30628648075591847,0.9908691241122759,0.9716024340770791,,,,,,
q,dual_x_dim,7,0.038538289652744306,50.0,,0.001,4096.0,,100,0.17556984038160162,0.11485243175459223,0.9894736842105263,0.7127659574468085,,,,,,
q,dual_x_dim,7,0.038538289652744306,50.0,,0.001,4096.0,,500,0.2782381610717226,0.21020461679411917,0.997979797979798,0.9453441295546559,,,,,,
q,dual_x_dim,12,0.037527120712285596,50.0,,0.001,4096.0,,100,0.15064509626107592,0.14269409735672411,0.9806338028169014,0.8315789473684211,,,,,,
q,dual_x_dim,12,0.037527120712285596,50.0,,0.001,4096.0,,500,0.18795154413916393,0.1795587625069014,0.9962938005390836,0.9676767676767677,,,,,,
q,dual_x_dim,13,0.03611361544770655,50.0,,0.001,4096.0,,100,0.1736457377848467,0.11495856885549488,0.8803571428571428,0.8404255319148937,,,,,,
q,dual_x_dim,13,0.03611361544770655,50.0,,0.001,4096.0,,500,0.2626134682193926,0.1668792722961283,0.9719594594594595,0.9635627530364372,,,,,,
q,dual_x_dim,14,0.046207983078083464,50.0,,0.001,4096.0,,100,0.16998494621694524,0.16998494621694524,1.0,0.6631578947368421,,,,,,
q,dual_x_dim,14,0.046207983078083464,50.0,,0.001,4096.0,,500,0.23737107937880242,0.21953775057094183,0.9983142279163857,0.8868686868686869,,,,,,
q,dual_x_dim,15,0.041232563561755656,50.0,,0.001,4096.0,,100,0.14755977640942777,0.10634589611061124,0.9653979238754326,0.6736842105263158,,,,,,
q,dual_x_dim,15,0.041232563561755656,50.0,,0.001,4096.0,,500,0.28440535968990577,0.1910959402914305,0.9879113498992612,0.8828282828282829,,,,,,
q,dual_x_dim,8,0.054383597927018135,50.0,,0.001,4096.0,,100,0.18681877186339646,0.18391433020987114,0.9399293286219081,0.8043478260869565,,,,,,
q,dual_x_dim,8,0.054383597927018135,50.0,,0.001,4096.0,,500,0.26483133976630513,0.19616514894702486,0.9885367498314228,0.943089430894309,,,,,,
q,dual_x_dim,9,0.03765310937715849,50.0,,0.001,4096.0,,100,0.1210760319357741,0.10233643016510147,0.9404553415061296,0.7096774193548387,,,,,,
q,dual_x_dim,9,0.03765310937715849,50.0,,0.001,4096.0,,500,0.4007020820156689,0.3853510938835524,0.988556041736789,0.9249492900608519,,,,,,
q,dual_x_dim,10,0.04683774768564616,50.0,,0.001,4096.0,,100,0.21341734243384514,0.21103230214153912,0.9982486865148862,0.7553191489361702,,,,,,
q,dual_x_dim,10,0.04683774768564616,50.0,,0.001,4096.0,,500,0.4070714850281767,0.2370758480635491,0.9996634129922585,0.9433198380566802,,,,,,
q,dual_x_dim,11,0.05217513828362287,50.0,,0.001,4096.0,,100,0.21843434722735974,0.14118875547337406,0.9472727272727273,0.7741935483870968,,,,,,
q,dual_x_dim,11,0.05217513828362287,50.0,,0.001,4096.0,,500,0.257188427692953,0.17909210892106264,0.9901694915254238,0.9574036511156186,,,,,,
q,dual_x_dim,16,0.04797270734396558,50.0,,0.001,4096.0,,100,0.3367264761799992,0.3367264761799992,0.9856887298747764,0.8617021276595744,,,,,,
q,dual_x_dim,16,0.04797270734396558,50.0,,0.001,4096.0,,500,0.41344351631260734,0.1792790715238608,0.9972963839134843,0.9736842105263158,,,,,,
q,dual_x_dim,17,0.0520924933809918,50.0,,0.001,4096.0,,100,0.13371469208176434,0.1301471523951967,0.9921259842519685,0.9148936170212766,,,,,,
q,dual_x_dim,17,0.0520924933809918,50.0,,0.001,4096.0,,500,0.2671981681522957,0.2671981681522957,0.9986244841815681,0.9838056680161943,,,,,,
q,dual_x_dim,18,0.04858823919892398,50.0,,0.001,4096.0,,100,0.23372040421832252,0.23372040421832252,0.952212389380531,0.7419354838709677,,,,,,
q,dual_x_dim,18,0.04858823919892398,50.0,,0.001,4096.0,,500,0.30151330027956935,0.28556050299944724,0.990893760539629,0.947261663286004,,,,,,
q,dual_x_dim,19,0.03839218641664325,50.0,,0.001,4096.0,,100,0.1547191433334223,0.10560837502037645,0.9964850615114236,0.8478260869565217,,,,,,
q,dual_x_dim,19,0.03839218641664325,50.0,,0.001,4096.0,,500,0.2470393068440382,0.20802713955689472,0.9993263725159987,0.9715447154471545,,,,,,
q,dual_x_dim,0,0.020356989468909358,50.0,,0.001,16384.0,,100,0.28022546560993455,0.26856344657323716,1.0,0.8936170212765957,,,,,,
q,dual_x_dim,0,0.020356989468909358,50.0,,0.001,16384.0,,500,0.33324643340017257,0.19579467894489033,1.0,0.9696356275303644,,,,,,
q,dual_x_dim,1,0.01807625432089983,50.0,,0.001,16384.0,,100,0.17830772843735698,0.17830772843735698,0.9616087751371115,0.8279569892473119,,,,,,
q,dual_x_dim,1,0.01807625432089983,50.0,,0.001,16384.0,,500,0.2513218897400882,0.24372632762162105,0.9928741092636579,0.9675456389452333,,,,,,
q,dual_x_dim,2,0.02140292876780509,50.0,,0.001,16384.0,,100,0.19614105196472004,0.1392042677236176,0.9636678200692042,0.8,,,,,,
q,dual_x_dim,2,0.02140292876780509,50.0,,0.001,16384.0,,500,0.20616377592679203,0.19496579472326725,0.9929482874412358,0.9616161616161616,,,,,,
q,dual_x_dim,3,0.018745583527260273,50.0,,0.001,16384.0,,100,0.18646121362129864,0.16237022373660112,0.9718804920913884,0.7634408602150538,,,,,,
q,dual_x_dim,3,0.018745583527260273,50.0,,0.001,16384.0,,500,0.18646121362129864,0.11963996654372022,0.9946109801279892,0.9533468559837728,,,,,,
q,dual_x_dim,8,0.021030588042434514,50.0,,0.001,16384.0,,100,0.1766410106578159,0.17289499479390147,0.9363957597173145,0.8152173913043478,,,,,,
q,dual_x_dim,8,0.021030588042434514,50.0,,0.001,16384.0,,500,0.2570882104125347,0.1974107498323765,0.987862440997977,0.9451219512195121,,,,,,
q,dual_x_dim,9,0.019728356009054288,50.0,,0.001,16384.0,,100,0.13160400968890185,0.10551750460167564,0.9404553415061296,0.7204301075268817,,,,,,
q,dual_x_dim,9,0.019728356009054288,50.0,,0.001,16384.0,,500,0.39455430718765316,0.3795782676895093,0.988556041736789,0.9269776876267748,,,,,,
q,dual_x_dim,10,0.022361935486372143,50.0,,0.001,16384.0,,100,0.21148660260541463,0.20851826262587714,0.9982486865148862,0.7553191489361702,,,,,,
q,dual_x_dim,10,0.022361935486372143,50.0,,0.001,16384.0,,500,0.4081468577127365,0.2327412290877784,0.9996634129922585,0.9433198380566802,,,,,,
q,dual_x_dim,11,0.02310508513733857,50.0,,0.001,16384.0,,100,0.21923601297227352,0.14113567612567368,0.9545454545454546,0.7849462365591398,,,,,,
q,dual_x_dim,11,0.02310508513733857,50.0,,0.001,16384.0,,500,0.2569291882116005,0.17774692929915492,0.9915254237288136,0.9594320486815415,,,,,,
q,dual_x_dim,12,0.02699076211395584,50.0,,0.001,16384.0,,100,0.15489038824570478,0.1472084079680318,0.9806338028169014,0.8315789473684211,,,,,,
q,dual_x_dim,12,0.02699076211395584,50.0,,0.001,16384.0,,500,0.18631723677384293,0.17787099848305865,0.9962938005390836,0.9676767676767677,,,,,,
q,dual_x_dim,13,0.025830793140590433,50.0,,0.001,16384.0,,100,0.17116952174519218,0.11595142833882977,0.8785714285714286,0.8404255319148937,,,,,,
q,dual_x_dim,13,0.025830793140590433,50.0,,0.001,16384.0,,500,0.2668474650442101,0.16761590088516432,0.9716216216216216,0.9635627530364372,,,,,,
q,dual_x_dim,14,0.020659419161738583,50.0,,0.001,16384.0,,100,0.1717614900609061,0.1717614900609061,1.0,0.6526315789473685,,,,,,
q,dual_x_dim,14,0.020659419161738583,50.0,,0.001,16384.0,,500,0.2386442372774178,0.21774368774675124,0.9986513823331086,0.8868686868686869,,,,,,
q,dual_x_dim,15,0.026925567045706686,50.0,,0.001,16384.0,,100,0.14680939809948185,0.10627051578363256,0.9688581314878892,0.6631578947368421,,,,,,
q,dual_x_dim,15,0.026925567045706686,50.0,,0.001,16384.0,,500,0.28712386065590756,0.17601944003905,0.986232370718603,0.8868686868686869,,,,,,
q,dual_x_dim,4,0.02302125399812299,50.0,,0.001,16384.0,,100,0.20346424404149355,0.1920919745450208,0.9981515711645101,0.8842105263157894,,,,,,
q,dual_x_dim,4,0.02302125399812299,50.0,,0.001,16384.0,,500,0.2323594125940205,0.17217696981704678,0.999659979598776,0.9777777777777777,,,,,,
q,dual_x_dim,5,0.018059158472521004,50.0,,0.001,16384.0,,100,0.291276126367944,0.261439549491683,0.9423076923076923,0.7659574468085106,,,,,,
q,dual_x_dim,5,0.018059158472521004,50.0,,0.001,16384.0,,500,0.3149059379095459,0.23093517795419105,0.9888963660834454,0.9534412955465587,,,,,,
q,dual_x_dim,6,0.02108045085739379,50.0,,0.001,16384.0,,100,0.22623025164661925,0.16395721723633738,0.9551166965888689,0.8494623655913979,,,,,,
q,dual_x_dim,6,0.02108045085739379,50.0,,0.001,16384.0,,500,0.3045066303136743,0.3045066303136743,0.9915454852891444,0.9716024340770791,,,,,,
q,dual_x_dim,7,0.021431309877788803,50.0,,0.001,16384.0,,100,0.17269913454619157,0.11464341308932195,0.9894736842105263,0.7127659574468085,,,,,,
q,dual_x_dim,7,0.021431309877788803,50.0,,0.001,16384.0,,500,0.27786635398435267,0.2116250911091606,0.997979797979798,0.9453441295546559,,,,,,
q,dual_x_dim,16,0.01658465602098674,50.0,,0.001,16384.0,,100,0.33333177809581893,0.33333177809581893,0.9856887298747764,0.8617021276595744,,,,,,
q,dual_x_dim,16,0.01658465602098674,50.0,,0.001,16384.0,,500,0.4121456954081255,0.17319647678879058,0.9972963839134843,0.9736842105263158,,,,,,
q,dual_x_dim,17,0.019897017393780598,50.0,,0.001,16384.0,,100,0.13174481655694692,0.12816198415839752,0.9921259842519685,0.9148936170212766,,,,,,
q,dual_x_dim,17,0.019897017393780598,50.0,,0.001,16384.0,,500,0.2647894681506193,0.2647894681506193,0.9986244841815681,0.9838056680161943,,,,,,
q,dual_x_dim,18,0.020865285810528867,50.0,,0.001,16384.0,,100,0.23660563031021895,0.23660563031021895,0.9539823008849557,0.7419354838709677,,,,,,
q,dual_x_dim,18,0.020865285810528867,50.0,,0.001,16384.0,,500,0.29857854749012147,0.2844209462430811,0.9912310286677909,0.947261663286004,,,,,,
q,dual_x_dim,19,0.021465321221595654,50.0,,0.001,16384.0,,100,0.15418092370006717,0.10477811394639414,0.9964850615114236,0.8478260869565217,,,,,,
q,dual_x_dim,19,0.021465321221595654,50.0,,0.001,16384.0,,500,0.2536030181777251,0.21000160961519015,0.9993263725159987,0.9715447154471545,,,,,,
