[2026-04-13 02:39:14] START ds_mw_name cases_000 (200 steps)
[2026-04-13 02:39:48] ds_mw_name cases_000  steps   1-  9: 34.1s  total: 34.1s  (10/200)
[2026-04-13 02:40:21] ds_mw_name cases_000  steps  11- 19: 32.9s  total: 67.0s  (20/200)
[2026-04-13 02:40:56] ds_mw_name cases_000  steps  21- 29: 35.0s  total: 102.0s  (30/200)
[2026-04-13 02:41:31] ds_mw_name cases_000  steps  31- 39: 35.0s  total: 137.0s  (40/200)
[2026-04-13 02:42:00] START gemini3_flash_mw_name cases_000 (200 steps)
[2026-04-13 02:42:05] ds_mw_name cases_000  steps  41- 49: 33.7s  total: 170.8s  (50/200)
[2026-04-13 02:42:40] ds_mw_name cases_000  steps  51- 59: 35.2s  total: 206.0s  (60/200)
[2026-04-13 02:43:15] ds_mw_name cases_000  steps  61- 69: 35.4s  total: 241.4s  (70/200)
[2026-04-13 02:43:49] ds_mw_name cases_000  steps  71- 79: 33.8s  total: 275.2s  (80/200)
[2026-04-13 02:44:22] ds_mw_name cases_000  steps  81- 89: 32.8s  total: 308.0s  (90/200)
[2026-04-13 02:44:55] ds_mw_name cases_000  steps  91- 99: 33.0s  total: 341.0s  (100/200)
[2026-04-13 02:45:32] ds_mw_name cases_000  steps 101-109: 37.4s  total: 378.4s  (110/200)
[2026-04-13 02:46:07] ds_mw_name cases_000  steps 111-119: 34.5s  total: 412.9s  (120/200)
[2026-04-13 02:46:45] ds_mw_name cases_000  steps 121-129: 38.2s  total: 451.1s  (130/200)
[2026-04-13 02:47:20] ds_mw_name cases_000  steps 131-139: 34.7s  total: 485.8s  (140/200)
[2026-04-13 02:47:55] ds_mw_name cases_000  steps 141-149: 35.3s  total: 521.1s  (150/200)
[2026-04-13 02:48:31] ds_mw_name cases_000  steps 151-159: 36.2s  total: 557.3s  (160/200)
[2026-04-13 02:49:06] ds_mw_name cases_000  steps 161-169: 34.6s  total: 591.9s  (170/200)
[2026-04-13 02:49:40] ds_mw_name cases_000  steps 171-179: 34.1s  total: 626.0s  (180/200)
[2026-04-13 02:50:17] ds_mw_name cases_000  steps 181-189: 37.1s  total: 663.1s  (190/200)
[2026-04-13 02:50:53] ds_mw_name cases_000  steps 191-199: 36.4s  total: 699.5s  (200/200)
[2026-04-13 02:50:57] DONE ds_mw_name cases_000  total: 703.3s  (3.52s/step)
[2026-04-13 02:50:57] START ds_mw_name cases_001 (200 steps)
[2026-04-13 02:51:29] ds_mw_name cases_001  steps   1-  9: 31.8s  total: 31.8s  (10/200)
[2026-04-13 02:52:01] ds_mw_name cases_001  steps  11- 19: 32.1s  total: 64.0s  (20/200)
[2026-04-13 02:52:33] ds_mw_name cases_001  steps  21- 29: 31.9s  total: 95.8s  (30/200)
[2026-04-13 02:53:05] ds_mw_name cases_001  steps  31- 39: 32.0s  total: 127.9s  (40/200)
[2026-04-13 02:53:37] ds_mw_name cases_001  steps  41- 49: 32.0s  total: 159.9s  (50/200)
[2026-04-13 02:54:11] ds_mw_name cases_001  steps  51- 59: 33.7s  total: 193.5s  (60/200)
[2026-04-13 02:54:44] ds_mw_name cases_001  steps  61- 69: 33.5s  total: 227.0s  (70/200)
[2026-04-13 02:55:18] ds_mw_name cases_001  steps  71- 79: 33.2s  total: 260.2s  (80/200)
[2026-04-13 02:55:54] ds_mw_name cases_001  steps  81- 89: 36.0s  total: 296.2s  (90/200)
[2026-04-13 02:56:27] ds_mw_name cases_001  steps  91- 99: 33.4s  total: 329.6s  (100/200)
[2026-04-13 02:56:59] ds_mw_name cases_001  steps 101-109: 32.3s  total: 362.0s  (110/200)
[2026-04-13 02:57:32] ds_mw_name cases_001  steps 111-119: 32.9s  total: 394.8s  (120/200)
[2026-04-13 02:58:06] ds_mw_name cases_001  steps 121-129: 33.9s  total: 428.8s  (130/200)
[2026-04-13 02:58:40] ds_mw_name cases_001  steps 131-139: 34.0s  total: 462.8s  (140/200)
[2026-04-13 02:59:14] ds_mw_name cases_001  steps 141-149: 33.9s  total: 496.7s  (150/200)
[2026-04-13 02:59:50] ds_mw_name cases_001  steps 151-159: 35.6s  total: 532.3s  (160/200)
[2026-04-13 03:00:35] ds_mw_name cases_001  steps 161-169: 45.3s  total: 577.6s  (170/200)
[2026-04-13 03:01:12] ds_mw_name cases_001  steps 171-179: 37.0s  total: 614.6s  (180/200)
[2026-04-13 03:01:54] ds_mw_name cases_001  steps 181-189: 42.1s  total: 656.7s  (190/200)
[2026-04-13 03:02:37] ds_mw_name cases_001  steps 191-199: 42.7s  total: 699.4s  (200/200)
[2026-04-13 03:02:40] DONE ds_mw_name cases_001  total: 703.1s  (3.52s/step)
[2026-04-13 03:02:40] START ds_mw_name cases_002 (200 steps)
[2026-04-13 03:03:14] ds_mw_name cases_002  steps   1-  9: 33.7s  total: 33.7s  (10/200)
[2026-04-13 03:03:48] ds_mw_name cases_002  steps  11- 19: 34.1s  total: 67.8s  (20/200)
[2026-04-13 03:04:21] ds_mw_name cases_002  steps  21- 29: 33.0s  total: 100.8s  (30/200)
[2026-04-13 03:04:55] ds_mw_name cases_002  steps  31- 39: 33.8s  total: 134.6s  (40/200)
[2026-04-13 03:05:31] ds_mw_name cases_002  steps  41- 49: 35.7s  total: 170.3s  (50/200)
[2026-04-13 03:06:07] ds_mw_name cases_002  steps  51- 59: 35.9s  total: 206.3s  (60/200)
[2026-04-13 03:06:44] ds_mw_name cases_002  steps  61- 69: 37.4s  total: 243.7s  (70/200)
[2026-04-13 03:07:20] ds_mw_name cases_002  steps  71- 79: 36.2s  total: 279.9s  (80/200)
[2026-04-13 03:07:55] ds_mw_name cases_002  steps  81- 89: 34.6s  total: 314.5s  (90/200)
[2026-04-13 03:08:30] ds_mw_name cases_002  steps  91- 99: 35.5s  total: 350.0s  (100/200)
[2026-04-13 03:09:06] ds_mw_name cases_002  steps 101-109: 35.9s  total: 385.9s  (110/200)
[2026-04-13 03:09:42] ds_mw_name cases_002  steps 111-119: 35.7s  total: 421.6s  (120/200)
[2026-04-13 03:10:19] ds_mw_name cases_002  steps 121-129: 36.8s  total: 458.4s  (130/200)
[2026-04-13 03:10:54] ds_mw_name cases_002  steps 131-139: 34.9s  total: 493.4s  (140/200)
[2026-04-13 03:11:27] ds_mw_name cases_002  steps 141-149: 33.7s  total: 527.0s  (150/200)
[2026-04-13 03:12:00] ds_mw_name cases_002  steps 151-159: 32.8s  total: 559.8s  (160/200)
[2026-04-13 03:12:36] ds_mw_name cases_002  steps 161-169: 35.5s  total: 595.3s  (170/200)
[2026-04-13 03:13:10] ds_mw_name cases_002  steps 171-179: 34.5s  total: 629.8s  (180/200)
[2026-04-13 03:13:46] ds_mw_name cases_002  steps 181-189: 35.7s  total: 665.5s  (190/200)
[2026-04-13 03:14:20] ds_mw_name cases_002  steps 191-199: 33.9s  total: 699.4s  (200/200)
[2026-04-13 03:14:23] DONE ds_mw_name cases_002  total: 702.2s  (3.51s/step)
[2026-04-13 03:14:23] START ds_mw_name cases_003 (200 steps)
[2026-04-13 03:14:52] ds_mw_name cases_003  steps   1-  9: 29.0s  total: 29.0s  (10/200)
[2026-04-13 03:14:53] gemini3_flash_mw_name cases_000  steps   1-  9: 1973.3s  total: 1973.3s  (10/200)
[2026-04-13 03:15:23] ds_mw_name cases_003  steps  11- 19: 31.0s  total: 60.0s  (20/200)
[2026-04-13 03:15:54] ds_mw_name cases_003  steps  21- 29: 31.1s  total: 91.1s  (30/200)
[2026-04-13 03:16:25] ds_mw_name cases_003  steps  31- 39: 30.8s  total: 121.8s  (40/200)
[2026-04-13 03:16:55] ds_mw_name cases_003  steps  41- 49: 30.3s  total: 152.1s  (50/200)
[2026-04-13 03:17:26] ds_mw_name cases_003  steps  51- 59: 31.4s  total: 183.5s  (60/200)
[2026-04-13 03:17:38] gemini3_flash_mw_name cases_000  steps  11- 19: 165.6s  total: 2138.9s  (20/200)
[2026-04-13 03:18:02] ds_mw_name cases_003  steps  61- 69: 35.3s  total: 218.8s  (70/200)
[2026-04-13 03:18:35] ds_mw_name cases_003  steps  71- 79: 33.3s  total: 252.2s  (80/200)
[2026-04-13 03:19:07] ds_mw_name cases_003  steps  81- 89: 32.5s  total: 284.6s  (90/200)
[2026-04-13 03:19:40] ds_mw_name cases_003  steps  91- 99: 32.9s  total: 317.5s  (100/200)
[2026-04-13 03:20:12] ds_mw_name cases_003  steps 101-109: 31.8s  total: 349.3s  (110/200)
[2026-04-13 03:20:46] ds_mw_name cases_003  steps 111-119: 34.5s  total: 383.7s  (120/200)
[2026-04-13 03:21:20] ds_mw_name cases_003  steps 121-129: 33.8s  total: 417.5s  (130/200)
[2026-04-13 03:21:53] ds_mw_name cases_003  steps 131-139: 33.1s  total: 450.6s  (140/200)
[2026-04-13 03:22:28] ds_mw_name cases_003  steps 141-149: 34.4s  total: 485.0s  (150/200)
[2026-04-13 03:23:00] ds_mw_name cases_003  steps 151-159: 32.1s  total: 517.1s  (160/200)
[2026-04-13 03:23:33] ds_mw_name cases_003  steps 161-169: 32.8s  total: 549.9s  (170/200)
[2026-04-13 03:24:07] ds_mw_name cases_003  steps 171-179: 34.6s  total: 584.5s  (180/200)
[2026-04-13 03:24:45] ds_mw_name cases_003  steps 181-189: 37.6s  total: 622.0s  (190/200)
[2026-04-13 03:25:20] ds_mw_name cases_003  steps 191-199: 34.8s  total: 656.9s  (200/200)
[2026-04-13 03:25:23] DONE ds_mw_name cases_003  total: 659.8s  (3.30s/step)
[2026-04-13 03:25:23] START ds_mw_name cases_004 (200 steps)
[2026-04-13 03:25:52] ds_mw_name cases_004  steps   1-  9: 29.2s  total: 29.2s  (10/200)
[2026-04-13 03:26:21] ds_mw_name cases_004  steps  11- 19: 29.7s  total: 58.9s  (20/200)
[2026-04-13 03:26:52] ds_mw_name cases_004  steps  21- 29: 30.8s  total: 89.6s  (30/200)
[2026-04-13 03:27:24] ds_mw_name cases_004  steps  31- 39: 31.3s  total: 121.0s  (40/200)
[2026-04-13 03:27:57] ds_mw_name cases_004  steps  41- 49: 33.6s  total: 154.6s  (50/200)
[2026-04-13 03:28:31] ds_mw_name cases_004  steps  51- 59: 34.2s  total: 188.8s  (60/200)
[2026-04-13 03:28:59] gemini3_flash_mw_name cases_000  steps  21- 29: 680.4s  total: 2819.3s  (30/200)
[2026-04-13 03:29:09] ds_mw_name cases_004  steps  61- 69: 38.0s  total: 226.8s  (70/200)
[2026-04-13 03:29:46] ds_mw_name cases_004  steps  71- 79: 36.9s  total: 263.7s  (80/200)
[2026-04-13 03:30:30] ds_mw_name cases_004  steps  81- 89: 43.2s  total: 306.9s  (90/200)
[2026-04-13 03:31:09] ds_mw_name cases_004  steps  91- 99: 39.7s  total: 346.7s  (100/200)
[2026-04-13 03:31:46] ds_mw_name cases_004  steps 101-109: 36.7s  total: 383.3s  (110/200)
[2026-04-13 03:32:24] ds_mw_name cases_004  steps 111-119: 38.5s  total: 421.8s  (120/200)
[2026-04-13 03:33:00] ds_mw_name cases_004  steps 121-129: 36.0s  total: 457.8s  (130/200)
[2026-04-13 03:33:36] ds_mw_name cases_004  steps 131-139: 35.2s  total: 493.0s  (140/200)
[2026-04-13 03:34:12] ds_mw_name cases_004  steps 141-149: 36.6s  total: 529.6s  (150/200)
[2026-04-13 03:34:50] ds_mw_name cases_004  steps 151-159: 37.9s  total: 567.5s  (160/200)
[2026-04-13 03:35:30] ds_mw_name cases_004  steps 161-169: 39.9s  total: 607.3s  (170/200)
[2026-04-13 03:36:10] ds_mw_name cases_004  steps 171-179: 39.6s  total: 647.0s  (180/200)
[2026-04-13 03:36:25] gemini3_flash_mw_name cases_000  steps  31- 39: 446.1s  total: 3265.4s  (40/200)
[2026-04-13 03:36:50] ds_mw_name cases_004  steps 181-189: 40.6s  total: 687.5s  (190/200)
[2026-04-13 03:36:55] gemini3_flash_mw_name cases_000  steps  41- 49: 30.3s  total: 3295.7s  (50/200)
[2026-04-13 03:37:14] gemini3_flash_mw_name cases_000  steps  51- 59: 19.1s  total: 3314.7s  (60/200)
[2026-04-13 03:37:30] ds_mw_name cases_004  steps 191-199: 39.4s  total: 726.9s  (200/200)
[2026-04-13 03:37:32] gemini3_flash_mw_name cases_000  steps  61- 69: 17.6s  total: 3332.4s  (70/200)
[2026-04-13 03:37:33] DONE ds_mw_name cases_004  total: 730.8s  (3.65s/step)
[2026-04-13 03:37:33] START ds_mw_name cases_005 (200 steps)
[2026-04-13 03:37:50] gemini3_flash_mw_name cases_000  steps  71- 79: 18.5s  total: 3350.8s  (80/200)
[2026-04-13 03:38:06] ds_mw_name cases_005  steps   1-  9: 32.2s  total: 32.2s  (10/200)
[2026-04-13 03:38:10] gemini3_flash_mw_name cases_000  steps  81- 89: 19.5s  total: 3370.4s  (90/200)
[2026-04-13 03:38:28] gemini3_flash_mw_name cases_000  steps  91- 99: 18.5s  total: 3388.8s  (100/200)
[2026-04-13 03:38:38] ds_mw_name cases_005  steps  11- 19: 32.8s  total: 64.9s  (20/200)
[2026-04-13 03:39:11] gemini3_flash_mw_name cases_000  steps 101-109: 42.2s  total: 3431.0s  (110/200)
[2026-04-13 03:39:11] ds_mw_name cases_005  steps  21- 29: 32.7s  total: 97.7s  (30/200)
[2026-04-13 03:39:29] gemini3_flash_mw_name cases_000  steps 111-119: 18.5s  total: 3449.5s  (120/200)
[2026-04-13 03:39:44] ds_mw_name cases_005  steps  31- 39: 33.4s  total: 131.1s  (40/200)
[2026-04-13 03:39:53] gemini3_flash_mw_name cases_000  steps 121-129: 24.2s  total: 3473.7s  (130/200)
[2026-04-13 03:40:14] gemini3_flash_mw_name cases_000  steps 131-139: 20.4s  total: 3494.1s  (140/200)
[2026-04-13 03:40:19] ds_mw_name cases_005  steps  41- 49: 34.2s  total: 165.3s  (50/200)
[2026-04-13 03:40:33] gemini3_flash_mw_name cases_000  steps 141-149: 19.1s  total: 3513.2s  (150/200)
[2026-04-13 03:40:52] ds_mw_name cases_005  steps  51- 59: 33.5s  total: 198.8s  (60/200)
[2026-04-13 03:40:58] gemini3_flash_mw_name cases_000  steps 151-159: 25.6s  total: 3538.9s  (160/200)
[2026-04-13 03:41:17] gemini3_flash_mw_name cases_000  steps 161-169: 18.4s  total: 3557.2s  (170/200)
[2026-04-13 03:41:29] ds_mw_name cases_005  steps  61- 69: 37.3s  total: 236.1s  (70/200)
[2026-04-13 03:41:35] gemini3_flash_mw_name cases_000  steps 171-179: 18.7s  total: 3575.9s  (180/200)
[2026-04-13 03:41:54] gemini3_flash_mw_name cases_000  steps 181-189: 18.1s  total: 3594.0s  (190/200)
[2026-04-13 03:42:07] ds_mw_name cases_005  steps  71- 79: 37.0s  total: 273.1s  (80/200)
[2026-04-13 03:42:13] gemini3_flash_mw_name cases_000  steps 191-199: 19.6s  total: 3613.7s  (200/200)
[2026-04-13 03:42:41] ds_mw_name cases_005  steps  81- 89: 34.6s  total: 307.7s  (90/200)
[2026-04-13 03:43:20] ds_mw_name cases_005  steps  91- 99: 38.8s  total: 346.5s  (100/200)
[2026-04-13 03:43:58] ds_mw_name cases_005  steps 101-109: 38.1s  total: 384.5s  (110/200)
[2026-04-13 03:44:01] START gemini3_flash_mw_name cases_001 (200 steps)
[2026-04-13 03:44:34] ds_mw_name cases_005  steps 111-119: 36.3s  total: 420.8s  (120/200)
[2026-04-13 03:45:09] ds_mw_name cases_005  steps 121-129: 35.3s  total: 456.1s  (130/200)
[2026-04-13 03:45:47] ds_mw_name cases_005  steps 131-139: 37.1s  total: 493.2s  (140/200)
[2026-04-13 03:46:26] ds_mw_name cases_005  steps 141-149: 38.9s  total: 532.1s  (150/200)
[2026-04-13 03:47:02] ds_mw_name cases_005  steps 151-159: 36.6s  total: 568.6s  (160/200)
[2026-04-13 03:47:40] ds_mw_name cases_005  steps 161-169: 37.6s  total: 606.3s  (170/200)
[2026-04-13 03:48:17] ds_mw_name cases_005  steps 171-179: 37.4s  total: 643.7s  (180/200)
[2026-04-13 03:48:55] ds_mw_name cases_005  steps 181-189: 38.2s  total: 681.8s  (190/200)
[2026-04-13 03:49:36] ds_mw_name cases_005  steps 191-199: 40.8s  total: 722.6s  (200/200)
[2026-04-13 03:49:41] DONE ds_mw_name cases_005  total: 727.1s  (3.64s/step)
[2026-04-13 03:49:41] START ds_mw_name cases_006 (200 steps)
[2026-04-13 03:50:14] ds_mw_name cases_006  steps   1-  9: 33.6s  total: 33.6s  (10/200)
[2026-04-13 03:50:46] ds_mw_name cases_006  steps  11- 19: 32.0s  total: 65.5s  (20/200)
[2026-04-13 03:51:19] ds_mw_name cases_006  steps  21- 29: 33.2s  total: 98.7s  (30/200)
[2026-04-13 03:51:50] ds_mw_name cases_006  steps  31- 39: 31.0s  total: 129.7s  (40/200)
[2026-04-13 03:52:24] ds_mw_name cases_006  steps  41- 49: 33.8s  total: 163.5s  (50/200)
[2026-04-13 03:52:58] ds_mw_name cases_006  steps  51- 59: 33.8s  total: 197.3s  (60/200)
[2026-04-13 03:53:32] ds_mw_name cases_006  steps  61- 69: 34.4s  total: 231.7s  (70/200)
[2026-04-13 03:54:09] ds_mw_name cases_006  steps  71- 79: 36.3s  total: 268.0s  (80/200)
[2026-04-13 03:54:47] ds_mw_name cases_006  steps  81- 89: 38.8s  total: 306.8s  (90/200)
[2026-04-13 03:55:25] ds_mw_name cases_006  steps  91- 99: 37.8s  total: 344.6s  (100/200)
[2026-04-13 03:56:04] ds_mw_name cases_006  steps 101-109: 39.2s  total: 383.7s  (110/200)
[2026-04-13 03:56:44] ds_mw_name cases_006  steps 111-119: 39.6s  total: 423.4s  (120/200)
[2026-04-13 03:57:23] ds_mw_name cases_006  steps 121-129: 39.5s  total: 462.8s  (130/200)
[2026-04-13 03:58:04] ds_mw_name cases_006  steps 131-139: 40.2s  total: 503.1s  (140/200)
[2026-04-13 03:58:43] ds_mw_name cases_006  steps 141-149: 39.4s  total: 542.4s  (150/200)
[2026-04-13 03:59:22] ds_mw_name cases_006  steps 151-159: 39.2s  total: 581.6s  (160/200)
[2026-04-13 04:00:00] ds_mw_name cases_006  steps 161-169: 38.2s  total: 619.8s  (170/200)
[2026-04-13 04:00:51] ds_mw_name cases_006  steps 171-179: 50.5s  total: 670.3s  (180/200)
[2026-04-13 04:01:33] ds_mw_name cases_006  steps 181-189: 42.4s  total: 712.7s  (190/200)
[2026-04-13 04:02:15] ds_mw_name cases_006  steps 191-199: 41.6s  total: 754.3s  (200/200)
[2026-04-13 04:02:18] DONE ds_mw_name cases_006  total: 757.7s  (3.79s/step)
[2026-04-13 04:02:18] START ds_mw_name cases_007 (200 steps)
[2026-04-13 04:02:54] ds_mw_name cases_007  steps   1-  9: 36.0s  total: 36.0s  (10/200)
[2026-04-13 04:03:31] ds_mw_name cases_007  steps  11- 19: 36.3s  total: 72.3s  (20/200)
[2026-04-13 04:04:06] ds_mw_name cases_007  steps  21- 29: 34.9s  total: 107.2s  (30/200)
[2026-04-13 04:04:24] gemini3_flash_mw_name cases_001  steps   1-  9: 1223.3s  total: 1223.3s  (10/200)
[2026-04-13 04:04:39] ds_mw_name cases_007  steps  31- 39: 33.5s  total: 140.7s  (40/200)
[2026-04-13 04:05:15] ds_mw_name cases_007  steps  41- 49: 35.8s  total: 176.5s  (50/200)
[2026-04-13 04:05:50] ds_mw_name cases_007  steps  51- 59: 35.4s  total: 211.9s  (60/200)
[2026-04-13 04:06:27] ds_mw_name cases_007  steps  61- 69: 36.3s  total: 248.2s  (70/200)
[2026-04-13 04:07:01] ds_mw_name cases_007  steps  71- 79: 34.5s  total: 282.7s  (80/200)
[2026-04-13 04:07:36] ds_mw_name cases_007  steps  81- 89: 35.2s  total: 317.9s  (90/200)
[2026-04-13 04:08:11] ds_mw_name cases_007  steps  91- 99: 34.8s  total: 352.7s  (100/200)
[2026-04-13 04:08:46] ds_mw_name cases_007  steps 101-109: 35.2s  total: 387.9s  (110/200)
[2026-04-13 04:09:22] ds_mw_name cases_007  steps 111-119: 36.2s  total: 424.1s  (120/200)
[2026-04-13 04:09:59] ds_mw_name cases_007  steps 121-129: 36.2s  total: 460.3s  (130/200)
[2026-04-13 04:10:36] ds_mw_name cases_007  steps 131-139: 36.9s  total: 497.2s  (140/200)
[2026-04-13 04:11:12] ds_mw_name cases_007  steps 141-149: 36.0s  total: 533.2s  (150/200)
[2026-04-13 04:11:47] ds_mw_name cases_007  steps 151-159: 35.1s  total: 568.3s  (160/200)
[2026-04-13 04:12:22] ds_mw_name cases_007  steps 161-169: 35.1s  total: 603.5s  (170/200)
[2026-04-13 04:13:00] ds_mw_name cases_007  steps 171-179: 38.2s  total: 641.6s  (180/200)
[2026-04-13 04:13:35] ds_mw_name cases_007  steps 181-189: 35.4s  total: 677.1s  (190/200)
[2026-04-13 04:14:13] ds_mw_name cases_007  steps 191-199: 37.8s  total: 714.8s  (200/200)
[2026-04-13 04:14:17] DONE ds_mw_name cases_007  total: 718.3s  (3.59s/step)
[2026-04-13 04:14:17] START ds_mw_name cases_008 (200 steps)
[2026-04-13 04:14:51] ds_mw_name cases_008  steps   1-  9: 34.3s  total: 34.3s  (10/200)
[2026-04-13 04:15:31] ds_mw_name cases_008  steps  11- 19: 39.8s  total: 74.2s  (20/200)
[2026-04-13 04:16:10] ds_mw_name cases_008  steps  21- 29: 39.6s  total: 113.8s  (30/200)
[2026-04-13 04:16:51] ds_mw_name cases_008  steps  31- 39: 40.8s  total: 154.6s  (40/200)
[2026-04-13 04:17:34] ds_mw_name cases_008  steps  41- 49: 42.3s  total: 196.9s  (50/200)
[2026-04-13 04:18:18] ds_mw_name cases_008  steps  51- 59: 44.3s  total: 241.2s  (60/200)
[2026-04-13 04:18:59] ds_mw_name cases_008  steps  61- 69: 41.3s  total: 282.4s  (70/200)
[2026-04-13 04:19:40] ds_mw_name cases_008  steps  71- 79: 41.3s  total: 323.7s  (80/200)
[2026-04-13 04:20:21] ds_mw_name cases_008  steps  81- 89: 40.2s  total: 363.9s  (90/200)
[2026-04-13 04:21:01] ds_mw_name cases_008  steps  91- 99: 40.4s  total: 404.2s  (100/200)
[2026-04-13 04:21:43] ds_mw_name cases_008  steps 101-109: 41.9s  total: 446.1s  (110/200)
[2026-04-13 04:22:26] ds_mw_name cases_008  steps 111-119: 42.8s  total: 489.0s  (120/200)
[2026-04-13 04:23:10] ds_mw_name cases_008  steps 121-129: 43.9s  total: 532.9s  (130/200)
[2026-04-13 04:23:54] ds_mw_name cases_008  steps 131-139: 44.3s  total: 577.2s  (140/200)
[2026-04-13 04:24:37] ds_mw_name cases_008  steps 141-149: 43.1s  total: 620.3s  (150/200)
[2026-04-13 04:25:25] ds_mw_name cases_008  steps 151-159: 48.0s  total: 668.3s  (160/200)
[2026-04-13 04:26:08] ds_mw_name cases_008  steps 161-169: 43.3s  total: 711.7s  (170/200)
[2026-04-13 04:26:54] ds_mw_name cases_008  steps 171-179: 45.5s  total: 757.2s  (180/200)
[2026-04-13 04:27:42] ds_mw_name cases_008  steps 181-189: 48.0s  total: 805.2s  (190/200)
[2026-04-13 04:28:25] ds_mw_name cases_008  steps 191-199: 43.1s  total: 848.3s  (200/200)
[2026-04-13 04:28:29] DONE ds_mw_name cases_008  total: 852.5s  (4.26s/step)
[2026-04-13 04:28:29] START ds_mw_name cases_009 (200 steps)
[2026-04-13 04:29:01] ds_mw_name cases_009  steps   1-  9: 31.9s  total: 31.9s  (10/200)
[2026-04-13 04:29:34] ds_mw_name cases_009  steps  11- 19: 32.7s  total: 64.6s  (20/200)
[2026-04-13 04:30:07] ds_mw_name cases_009  steps  21- 29: 33.0s  total: 97.6s  (30/200)
[2026-04-13 04:30:43] ds_mw_name cases_009  steps  31- 39: 35.9s  total: 133.5s  (40/200)
[2026-04-13 04:31:21] ds_mw_name cases_009  steps  41- 49: 38.1s  total: 171.6s  (50/200)
[2026-04-13 04:31:57] ds_mw_name cases_009  steps  51- 59: 35.9s  total: 207.5s  (60/200)
[2026-04-13 04:32:32] ds_mw_name cases_009  steps  61- 69: 35.0s  total: 242.5s  (70/200)
[2026-04-13 04:33:01] gemini3_flash_mw_name cases_001  steps  11- 19: 1717.1s  total: 2940.4s  (20/200)
[2026-04-13 04:33:06] ds_mw_name cases_009  steps  71- 79: 34.6s  total: 277.1s  (80/200)
[2026-04-13 04:33:44] ds_mw_name cases_009  steps  81- 89: 37.1s  total: 314.2s  (90/200)
[2026-04-13 04:34:21] ds_mw_name cases_009  steps  91- 99: 38.0s  total: 352.2s  (100/200)
[2026-04-13 04:35:01] ds_mw_name cases_009  steps 101-109: 39.3s  total: 391.5s  (110/200)
[2026-04-13 04:35:39] ds_mw_name cases_009  steps 111-119: 38.4s  total: 429.9s  (120/200)
[2026-04-13 04:36:19] ds_mw_name cases_009  steps 121-129: 39.9s  total: 469.8s  (130/200)
[2026-04-13 04:37:09] ds_mw_name cases_009  steps 131-139: 50.0s  total: 519.8s  (140/200)
[2026-04-13 04:37:48] ds_mw_name cases_009  steps 141-149: 38.9s  total: 558.8s  (150/200)
[2026-04-13 04:38:46] ds_mw_name cases_009  steps 151-159: 57.8s  total: 616.6s  (160/200)
[2026-04-13 04:39:32] ds_mw_name cases_009  steps 161-169: 46.3s  total: 662.8s  (170/200)
[2026-04-13 04:40:41] ds_mw_name cases_009  steps 171-179: 68.7s  total: 731.5s  (180/200)
[2026-04-13 04:41:26] ds_mw_name cases_009  steps 181-189: 45.3s  total: 776.9s  (190/200)
[2026-04-13 04:42:07] ds_mw_name cases_009  steps 191-199: 40.9s  total: 817.7s  (200/200)
[2026-04-13 04:42:11] DONE ds_mw_name cases_009  total: 821.6s  (4.11s/step)
[2026-04-13 04:42:11] START ds_mw_name cases_010 (200 steps)
[2026-04-13 04:42:47] ds_mw_name cases_010  steps   1-  9: 36.0s  total: 36.0s  (10/200)
[2026-04-13 04:43:24] ds_mw_name cases_010  steps  11- 19: 37.2s  total: 73.2s  (20/200)
[2026-04-13 04:44:01] ds_mw_name cases_010  steps  21- 29: 36.5s  total: 109.7s  (30/200)
[2026-04-13 04:44:36] ds_mw_name cases_010  steps  31- 39: 35.0s  total: 144.7s  (40/200)
[2026-04-13 04:45:12] ds_mw_name cases_010  steps  41- 49: 36.1s  total: 180.8s  (50/200)
[2026-04-13 04:45:48] ds_mw_name cases_010  steps  51- 59: 36.7s  total: 217.5s  (60/200)
[2026-04-13 04:46:27] ds_mw_name cases_010  steps  61- 69: 38.3s  total: 255.8s  (70/200)
[2026-04-13 04:47:04] ds_mw_name cases_010  steps  71- 79: 37.1s  total: 292.9s  (80/200)
[2026-04-13 04:47:40] ds_mw_name cases_010  steps  81- 89: 35.8s  total: 328.7s  (90/200)
[2026-04-13 04:48:14] ds_mw_name cases_010  steps  91- 99: 34.7s  total: 363.4s  (100/200)
[2026-04-13 04:48:51] ds_mw_name cases_010  steps 101-109: 36.6s  total: 400.0s  (110/200)
[2026-04-13 04:49:28] ds_mw_name cases_010  steps 111-119: 37.4s  total: 437.4s  (120/200)
[2026-04-13 04:50:06] ds_mw_name cases_010  steps 121-129: 37.5s  total: 474.9s  (130/200)
[2026-04-13 04:50:41] ds_mw_name cases_010  steps 131-139: 35.3s  total: 510.2s  (140/200)
[2026-04-13 04:51:17] ds_mw_name cases_010  steps 141-149: 35.7s  total: 545.9s  (150/200)
[2026-04-13 04:51:52] ds_mw_name cases_010  steps 151-159: 35.6s  total: 581.5s  (160/200)
[2026-04-13 04:52:28] ds_mw_name cases_010  steps 161-169: 35.1s  total: 616.6s  (170/200)
[2026-04-13 04:53:02] ds_mw_name cases_010  steps 171-179: 34.3s  total: 650.9s  (180/200)
[2026-04-13 04:53:44] ds_mw_name cases_010  steps 181-189: 42.2s  total: 693.1s  (190/200)
[2026-04-13 04:54:32] ds_mw_name cases_010  steps 191-199: 48.1s  total: 741.2s  (200/200)
[2026-04-13 04:54:36] DONE ds_mw_name cases_010  total: 744.8s  (3.72s/step)
[2026-04-13 04:54:36] START ds_mw_name cases_011 (200 steps)
[2026-04-13 04:55:13] ds_mw_name cases_011  steps   1-  9: 37.3s  total: 37.3s  (10/200)
[2026-04-13 04:55:57] ds_mw_name cases_011  steps  11- 19: 44.3s  total: 81.6s  (20/200)
[2026-04-13 04:56:35] ds_mw_name cases_011  steps  21- 29: 38.0s  total: 119.6s  (30/200)
[2026-04-13 04:57:13] ds_mw_name cases_011  steps  31- 39: 37.9s  total: 157.4s  (40/200)
[2026-04-13 04:57:54] ds_mw_name cases_011  steps  41- 49: 41.1s  total: 198.5s  (50/200)
[2026-04-13 04:58:48] ds_mw_name cases_011  steps  51- 59: 53.9s  total: 252.4s  (60/200)
[2026-04-13 04:59:31] ds_mw_name cases_011  steps  61- 69: 43.3s  total: 295.7s  (70/200)
[2026-04-13 05:00:20] ds_mw_name cases_011  steps  71- 79: 48.1s  total: 343.8s  (80/200)
[2026-04-13 05:01:15] ds_mw_name cases_011  steps  81- 89: 55.6s  total: 399.3s  (90/200)
[2026-04-13 05:02:05] ds_mw_name cases_011  steps  91- 99: 50.0s  total: 449.3s  (100/200)
[2026-04-13 05:02:52] ds_mw_name cases_011  steps 101-109: 46.4s  total: 495.8s  (110/200)
[2026-04-13 05:03:30] gemini3_flash_mw_name cases_001  steps  21- 29: 1828.5s  total: 4768.9s  (30/200)
[2026-04-13 05:03:39] ds_mw_name cases_011  steps 111-119: 47.3s  total: 543.1s  (120/200)
[2026-04-13 05:04:27] ds_mw_name cases_011  steps 121-129: 48.0s  total: 591.1s  (130/200)
[2026-04-13 05:05:15] ds_mw_name cases_011  steps 131-139: 48.3s  total: 639.3s  (140/200)
[2026-04-13 05:05:29] gemini3_flash_mw_name cases_001  steps  31- 39: 119.3s  total: 4888.3s  (40/200)
[2026-04-13 05:06:01] ds_mw_name cases_011  steps 141-149: 46.3s  total: 685.6s  (150/200)
[2026-04-13 05:06:50] ds_mw_name cases_011  steps 151-159: 48.4s  total: 734.0s  (160/200)
[2026-04-13 05:07:12] gemini3_flash_mw_name cases_001  steps  41- 49: 102.9s  total: 4991.2s  (50/200)
[2026-04-13 05:07:37] ds_mw_name cases_011  steps 161-169: 47.0s  total: 781.0s  (170/200)
[2026-04-13 05:08:25] ds_mw_name cases_011  steps 171-179: 48.1s  total: 829.1s  (180/200)
[2026-04-13 05:09:15] ds_mw_name cases_011  steps 181-189: 49.8s  total: 878.9s  (190/200)
[2026-04-13 05:10:06] ds_mw_name cases_011  steps 191-199: 51.7s  total: 930.7s  (200/200)
[2026-04-13 05:10:10] DONE ds_mw_name cases_011  total: 934.5s  (4.67s/step)
[2026-04-13 05:10:10] START ds_mw_name cases_012 (200 steps)
[2026-04-13 05:10:52] ds_mw_name cases_012  steps   1-  9: 41.6s  total: 41.6s  (10/200)
[2026-04-13 05:11:36] ds_mw_name cases_012  steps  11- 19: 44.0s  total: 85.6s  (20/200)
[2026-04-13 05:12:18] ds_mw_name cases_012  steps  21- 29: 42.0s  total: 127.6s  (30/200)
[2026-04-13 05:12:58] ds_mw_name cases_012  steps  31- 39: 40.1s  total: 167.7s  (40/200)
[2026-04-13 05:13:40] ds_mw_name cases_012  steps  41- 49: 42.0s  total: 209.7s  (50/200)
[2026-04-13 05:14:20] ds_mw_name cases_012  steps  51- 59: 39.5s  total: 249.2s  (60/200)
[2026-04-13 05:15:00] ds_mw_name cases_012  steps  61- 69: 40.8s  total: 290.0s  (70/200)
[2026-04-13 05:15:42] ds_mw_name cases_012  steps  71- 79: 41.8s  total: 331.8s  (80/200)
[2026-04-13 05:16:24] ds_mw_name cases_012  steps  81- 89: 41.5s  total: 373.2s  (90/200)
[2026-04-13 05:17:05] ds_mw_name cases_012  steps  91- 99: 41.6s  total: 414.9s  (100/200)
[2026-04-13 05:17:47] ds_mw_name cases_012  steps 101-109: 42.0s  total: 456.8s  (110/200)
[2026-04-13 05:18:29] ds_mw_name cases_012  steps 111-119: 42.1s  total: 498.9s  (120/200)
[2026-04-13 05:19:13] ds_mw_name cases_012  steps 121-129: 43.7s  total: 542.6s  (130/200)
[2026-04-13 05:19:55] ds_mw_name cases_012  steps 131-139: 42.3s  total: 584.9s  (140/200)
[2026-04-13 05:20:39] ds_mw_name cases_012  steps 141-149: 44.1s  total: 629.0s  (150/200)
[2026-04-13 05:21:22] ds_mw_name cases_012  steps 151-159: 43.0s  total: 671.9s  (160/200)
[2026-04-13 05:22:07] ds_mw_name cases_012  steps 161-169: 44.8s  total: 716.8s  (170/200)
[2026-04-13 05:22:54] ds_mw_name cases_012  steps 171-179: 46.5s  total: 763.3s  (180/200)
[2026-04-13 05:23:39] ds_mw_name cases_012  steps 181-189: 45.2s  total: 808.4s  (190/200)
[2026-04-13 05:24:20] gemini3_flash_mw_name cases_001  steps  51- 59: 1027.6s  total: 6018.8s  (60/200)
[2026-04-13 05:24:26] ds_mw_name cases_012  steps 191-199: 47.2s  total: 855.6s  (200/200)
[2026-04-13 05:24:30] DONE ds_mw_name cases_012  total: 859.9s  (4.30s/step)
[2026-04-13 05:24:30] START ds_mw_name cases_013 (200 steps)
[2026-04-13 05:24:40] gemini3_flash_mw_name cases_001  steps  61- 69: 19.9s  total: 6038.7s  (70/200)
[2026-04-13 05:24:58] gemini3_flash_mw_name cases_001  steps  71- 79: 18.4s  total: 6057.1s  (80/200)
[2026-04-13 05:25:07] ds_mw_name cases_013  steps   1-  9: 36.4s  total: 36.4s  (10/200)
[2026-04-13 05:25:16] gemini3_flash_mw_name cases_001  steps  81- 89: 17.9s  total: 6074.9s  (90/200)
[2026-04-13 05:25:40] ds_mw_name cases_013  steps  11- 19: 32.8s  total: 69.2s  (20/200)
[2026-04-13 05:26:13] ds_mw_name cases_013  steps  21- 29: 33.2s  total: 102.4s  (30/200)
[2026-04-13 05:26:44] gemini3_flash_mw_name cases_001  steps  91- 99: 88.4s  total: 6163.3s  (100/200)
[2026-04-13 05:26:47] ds_mw_name cases_013  steps  31- 39: 34.2s  total: 136.7s  (40/200)
[2026-04-13 05:27:21] ds_mw_name cases_013  steps  41- 49: 34.0s  total: 170.6s  (50/200)
[2026-04-13 05:27:55] ds_mw_name cases_013  steps  51- 59: 33.7s  total: 204.3s  (60/200)
[2026-04-13 05:28:30] ds_mw_name cases_013  steps  61- 69: 35.6s  total: 239.9s  (70/200)
[2026-04-13 05:29:07] ds_mw_name cases_013  steps  71- 79: 36.4s  total: 276.3s  (80/200)
[2026-04-13 05:29:45] ds_mw_name cases_013  steps  81- 89: 38.1s  total: 314.4s  (90/200)
[2026-04-13 05:30:24] ds_mw_name cases_013  steps  91- 99: 38.8s  total: 353.2s  (100/200)
[2026-04-13 05:31:02] ds_mw_name cases_013  steps 101-109: 38.3s  total: 391.6s  (110/200)
[2026-04-13 05:31:42] ds_mw_name cases_013  steps 111-119: 40.0s  total: 431.5s  (120/200)
[2026-04-13 05:32:18] ds_mw_name cases_013  steps 121-129: 36.2s  total: 467.7s  (130/200)
[2026-04-13 05:32:55] ds_mw_name cases_013  steps 131-139: 36.7s  total: 504.4s  (140/200)
[2026-04-13 05:33:34] ds_mw_name cases_013  steps 141-149: 39.2s  total: 543.6s  (150/200)
[2026-04-13 05:34:12] ds_mw_name cases_013  steps 151-159: 37.9s  total: 581.6s  (160/200)
[2026-04-13 05:34:36] gemini3_flash_mw_name cases_001  steps 101-109: 471.6s  total: 6635.0s  (110/200)
[2026-04-13 05:34:50] ds_mw_name cases_013  steps 161-169: 37.7s  total: 619.3s  (170/200)
[2026-04-13 05:35:26] ds_mw_name cases_013  steps 171-179: 35.9s  total: 655.2s  (180/200)
[2026-04-13 05:35:49] gemini3_flash_mw_name cases_001  steps 111-119: 73.2s  total: 6708.2s  (120/200)
[2026-04-13 05:36:06] ds_mw_name cases_013  steps 181-189: 40.3s  total: 695.5s  (190/200)
[2026-04-13 05:36:45] ds_mw_name cases_013  steps 191-199: 39.2s  total: 734.7s  (200/200)
[2026-04-13 05:36:48] DONE ds_mw_name cases_013  total: 738.1s  (3.69s/step)
[2026-04-13 05:36:49] START ds_mw_name cases_014 (200 steps)
[2026-04-13 05:37:27] ds_mw_name cases_014  steps   1-  9: 38.1s  total: 38.1s  (10/200)
[2026-04-13 05:38:05] ds_mw_name cases_014  steps  11- 19: 37.8s  total: 76.0s  (20/200)
[2026-04-13 05:38:43] ds_mw_name cases_014  steps  21- 29: 38.3s  total: 114.3s  (30/200)
[2026-04-13 05:39:23] ds_mw_name cases_014  steps  31- 39: 40.5s  total: 154.8s  (40/200)
[2026-04-13 05:40:02] ds_mw_name cases_014  steps  41- 49: 38.7s  total: 193.5s  (50/200)
[2026-04-13 05:40:43] ds_mw_name cases_014  steps  51- 59: 40.7s  total: 234.2s  (60/200)
[2026-04-13 05:41:22] ds_mw_name cases_014  steps  61- 69: 39.7s  total: 273.9s  (70/200)
[2026-04-13 05:41:25] gemini3_flash_mw_name cases_001  steps 121-129: 335.8s  total: 7044.0s  (130/200)
[2026-04-13 05:42:03] ds_mw_name cases_014  steps  71- 79: 40.7s  total: 314.6s  (80/200)
[2026-04-13 05:42:26] gemini3_flash_mw_name cases_001  steps 131-139: 61.5s  total: 7105.4s  (140/200)
[2026-04-13 05:42:44] ds_mw_name cases_014  steps  81- 89: 41.4s  total: 356.0s  (90/200)
[2026-04-13 05:43:24] ds_mw_name cases_014  steps  91- 99: 39.8s  total: 395.7s  (100/200)
[2026-04-13 05:43:44] gemini3_flash_mw_name cases_001  steps 141-149: 77.3s  total: 7182.8s  (150/200)
[2026-04-13 05:44:05] ds_mw_name cases_014  steps 101-109: 40.5s  total: 436.3s  (110/200)
[2026-04-13 05:44:47] ds_mw_name cases_014  steps 111-119: 42.5s  total: 478.8s  (120/200)
[2026-04-13 05:44:50] gemini3_flash_mw_name cases_001  steps 151-159: 66.0s  total: 7248.7s  (160/200)
[2026-04-13 05:45:08] gemini3_flash_mw_name cases_001  steps 161-169: 18.8s  total: 7267.5s  (170/200)
[2026-04-13 05:45:28] ds_mw_name cases_014  steps 121-129: 40.9s  total: 519.7s  (130/200)
[2026-04-13 05:45:49] gemini3_flash_mw_name cases_001  steps 171-179: 40.7s  total: 7308.2s  (180/200)
[2026-04-13 05:46:09] ds_mw_name cases_014  steps 131-139: 41.2s  total: 560.9s  (140/200)
[2026-04-13 05:46:11] gemini3_flash_mw_name cases_001  steps 181-189: 21.4s  total: 7329.6s  (190/200)
[2026-04-13 05:46:51] ds_mw_name cases_014  steps 141-149: 41.2s  total: 602.1s  (150/200)
[2026-04-13 05:47:31] ds_mw_name cases_014  steps 151-159: 40.8s  total: 642.9s  (160/200)
[2026-04-13 05:48:15] ds_mw_name cases_014  steps 161-169: 43.4s  total: 686.2s  (170/200)
[2026-04-13 05:48:57] ds_mw_name cases_014  steps 171-179: 41.8s  total: 728.0s  (180/200)
[2026-04-13 05:49:40] ds_mw_name cases_014  steps 181-189: 43.3s  total: 771.3s  (190/200)
[2026-04-13 05:50:22] ds_mw_name cases_014  steps 191-199: 42.1s  total: 813.5s  (200/200)
[2026-04-13 05:50:26] DONE ds_mw_name cases_014  total: 817.2s  (4.09s/step)
[2026-04-13 05:50:26] START ds_mw_name cases_015 (200 steps)
[2026-04-13 05:50:55] ds_mw_name cases_015  steps   1-  9: 28.9s  total: 28.9s  (10/200)
[2026-04-13 05:51:23] ds_mw_name cases_015  steps  11- 19: 27.8s  total: 56.7s  (20/200)
[2026-04-13 05:51:51] ds_mw_name cases_015  steps  21- 29: 28.3s  total: 85.1s  (30/200)
[2026-04-13 05:52:21] ds_mw_name cases_015  steps  31- 39: 30.2s  total: 115.3s  (40/200)
[2026-04-13 05:52:52] ds_mw_name cases_015  steps  41- 49: 30.8s  total: 146.1s  (50/200)
[2026-04-13 05:53:24] ds_mw_name cases_015  steps  51- 59: 32.0s  total: 178.1s  (60/200)
[2026-04-13 05:53:56] ds_mw_name cases_015  steps  61- 69: 32.2s  total: 210.3s  (70/200)
[2026-04-13 05:54:27] ds_mw_name cases_015  steps  71- 79: 30.7s  total: 241.0s  (80/200)
[2026-04-13 05:54:58] ds_mw_name cases_015  steps  81- 89: 31.0s  total: 272.0s  (90/200)
[2026-04-13 05:55:10] START gemini3_flash_mw_name cases_001 (200 steps)
[2026-04-13 05:55:30] ds_mw_name cases_015  steps  91- 99: 32.5s  total: 304.5s  (100/200)
[2026-04-13 05:56:03] ds_mw_name cases_015  steps 101-109: 32.9s  total: 337.4s  (110/200)
[2026-04-13 05:56:35] ds_mw_name cases_015  steps 111-119: 31.8s  total: 369.1s  (120/200)
[2026-04-13 05:57:07] ds_mw_name cases_015  steps 121-129: 31.8s  total: 400.9s  (130/200)
[2026-04-13 05:57:41] ds_mw_name cases_015  steps 131-139: 34.3s  total: 435.2s  (140/200)
[2026-04-13 05:58:19] ds_mw_name cases_015  steps 141-149: 38.1s  total: 473.3s  (150/200)
[2026-04-13 05:58:53] ds_mw_name cases_015  steps 151-159: 34.0s  total: 507.3s  (160/200)
[2026-04-13 05:59:29] ds_mw_name cases_015  steps 161-169: 35.9s  total: 543.2s  (170/200)
[2026-04-13 06:00:02] ds_mw_name cases_015  steps 171-179: 32.5s  total: 575.7s  (180/200)
[2026-04-13 06:00:51] ds_mw_name cases_015  steps 181-189: 49.5s  total: 625.2s  (190/200)
[2026-04-13 06:01:28] ds_mw_name cases_015  steps 191-199: 36.9s  total: 662.1s  (200/200)
[2026-04-13 06:01:31] DONE ds_mw_name cases_015  total: 664.9s  (3.32s/step)
[2026-04-13 06:01:31] START ds_mw_name cases_016 (200 steps)
[2026-04-13 06:02:04] ds_mw_name cases_016  steps   1-  9: 33.3s  total: 33.3s  (10/200)
[2026-04-13 06:02:36] ds_mw_name cases_016  steps  11- 19: 31.6s  total: 64.9s  (20/200)
[2026-04-13 06:03:06] ds_mw_name cases_016  steps  21- 29: 30.5s  total: 95.4s  (30/200)
[2026-04-13 06:03:37] ds_mw_name cases_016  steps  31- 39: 30.3s  total: 125.7s  (40/200)
[2026-04-13 06:04:09] ds_mw_name cases_016  steps  41- 49: 32.4s  total: 158.0s  (50/200)
[2026-04-13 06:04:40] ds_mw_name cases_016  steps  51- 59: 30.9s  total: 189.0s  (60/200)
[2026-04-13 06:05:11] ds_mw_name cases_016  steps  61- 69: 31.6s  total: 220.6s  (70/200)
[2026-04-13 06:05:44] ds_mw_name cases_016  steps  71- 79: 32.3s  total: 252.9s  (80/200)
[2026-04-13 06:06:16] ds_mw_name cases_016  steps  81- 89: 31.9s  total: 284.8s  (90/200)
[2026-04-13 06:06:48] ds_mw_name cases_016  steps  91- 99: 32.3s  total: 317.0s  (100/200)
[2026-04-13 06:07:21] ds_mw_name cases_016  steps 101-109: 33.0s  total: 350.0s  (110/200)
[2026-04-13 06:07:52] ds_mw_name cases_016  steps 111-119: 31.0s  total: 381.1s  (120/200)
[2026-04-13 06:08:23] ds_mw_name cases_016  steps 121-129: 30.8s  total: 411.8s  (130/200)
[2026-04-13 06:08:56] ds_mw_name cases_016  steps 131-139: 33.1s  total: 444.9s  (140/200)
[2026-04-13 06:09:28] ds_mw_name cases_016  steps 141-149: 32.4s  total: 477.3s  (150/200)
[2026-04-13 06:10:01] ds_mw_name cases_016  steps 151-159: 32.6s  total: 509.9s  (160/200)
[2026-04-13 06:10:34] ds_mw_name cases_016  steps 161-169: 32.7s  total: 542.7s  (170/200)
[2026-04-13 06:11:07] ds_mw_name cases_016  steps 171-179: 33.8s  total: 576.5s  (180/200)
[2026-04-13 06:11:40] ds_mw_name cases_016  steps 181-189: 32.8s  total: 609.3s  (190/200)
[2026-04-13 06:12:14] ds_mw_name cases_016  steps 191-199: 34.1s  total: 643.4s  (200/200)
[2026-04-13 06:12:17] DONE ds_mw_name cases_016  total: 646.1s  (3.23s/step)
[2026-04-13 06:12:17] START ds_mw_name cases_017 (200 steps)
[2026-04-13 06:12:47] ds_mw_name cases_017  steps   1-  9: 29.7s  total: 29.7s  (10/200)
[2026-04-13 06:13:18] ds_mw_name cases_017  steps  11- 19: 31.5s  total: 61.3s  (20/200)
[2026-04-13 06:13:49] ds_mw_name cases_017  steps  21- 29: 30.5s  total: 91.7s  (30/200)
[2026-04-13 06:14:22] ds_mw_name cases_017  steps  31- 39: 33.1s  total: 124.8s  (40/200)
[2026-04-13 06:14:54] ds_mw_name cases_017  steps  41- 49: 31.9s  total: 156.7s  (50/200)
[2026-04-13 06:15:27] ds_mw_name cases_017  steps  51- 59: 32.9s  total: 189.6s  (60/200)
[2026-04-13 06:15:59] ds_mw_name cases_017  steps  61- 69: 32.8s  total: 222.4s  (70/200)
[2026-04-13 06:16:33] ds_mw_name cases_017  steps  71- 79: 33.7s  total: 256.1s  (80/200)
[2026-04-13 06:17:08] ds_mw_name cases_017  steps  81- 89: 34.5s  total: 290.6s  (90/200)
[2026-04-13 06:17:42] ds_mw_name cases_017  steps  91- 99: 34.4s  total: 324.9s  (100/200)
[2026-04-13 06:18:18] ds_mw_name cases_017  steps 101-109: 36.3s  total: 361.3s  (110/200)
[2026-04-13 06:18:57] ds_mw_name cases_017  steps 111-119: 39.0s  total: 400.3s  (120/200)
[2026-04-13 06:19:34] ds_mw_name cases_017  steps 121-129: 36.3s  total: 436.6s  (130/200)
[2026-04-13 06:20:09] ds_mw_name cases_017  steps 131-139: 35.4s  total: 472.0s  (140/200)
[2026-04-13 06:20:47] ds_mw_name cases_017  steps 141-149: 37.8s  total: 509.8s  (150/200)
[2026-04-13 06:21:24] ds_mw_name cases_017  steps 151-159: 37.3s  total: 547.1s  (160/200)
[2026-04-13 06:22:00] ds_mw_name cases_017  steps 161-169: 36.1s  total: 583.2s  (170/200)
[2026-04-13 06:22:41] ds_mw_name cases_017  steps 171-179: 40.3s  total: 623.5s  (180/200)
[2026-04-13 06:23:19] ds_mw_name cases_017  steps 181-189: 38.0s  total: 661.5s  (190/200)
[2026-04-13 06:23:57] ds_mw_name cases_017  steps 191-199: 38.3s  total: 699.8s  (200/200)
[2026-04-13 14:42:23] START gemini3_flash_mw_name cases_000 (200 steps)
[2026-04-13 15:22:47] START ds_online cases_000 (5 steps)
[2026-04-13 15:22:55] DONE ds_online cases_000  total: 6.5s  (1.30s/step)
[2026-04-13 15:22:55]   tokens: 1,135 in + 50 out (reasoning: 0)  cost: $0.0004
[2026-04-13 15:25:23] START ds_online cases_000 (5 steps)
[2026-04-13 15:25:30] DONE ds_online cases_000  total: 6.7s  (1.34s/step)
[2026-04-13 15:25:30]   tokens: 1,135 in + 50 out (reasoning: 0)  cost: $0.0004
[2026-04-13 15:28:34] START ds_online cases_000 (5 steps)
[2026-04-13 15:33:34] START ds_online cases_000 (5 steps)
[2026-04-13 15:33:42] DONE ds_online cases_000  total: 7.5s  (1.50s/step)
[2026-04-13 15:33:42]   tokens: 1,135 in + 50 out (reasoning: 0)  cost: $0.0004
[2026-04-13 15:33:42] START ds_mw_name cases_000 (5 steps)
[2026-04-13 15:33:55] DONE ds_mw_name cases_000  total: 12.6s  (2.52s/step)
[2026-04-13 15:33:55]   tokens: 2,352 in + 273 out (reasoning: 0)  cost: $0.0009
[2026-04-13 15:36:57] START ds_online cases_000 (5 steps)
[2026-04-13 15:37:04] DONE ds_online cases_000  total: 6.7s  (1.35s/step)
[2026-04-13 15:37:04]   tokens: 1,135 in + 50 out (reasoning: 0)  cost: $0.0004
[2026-04-13 21:03:09] START ds_online cases_000 (5 steps)
[2026-04-13 21:03:17] DONE ds_online cases_000  total: 7.4s  (1.48s/step)
[2026-04-13 21:03:17]   tokens: 1,135 in + 50 out (reasoning: 0)  cost: $0.0004
[2026-04-13 21:03:30] START ds_online cases_000 (5 steps)
[2026-04-13 21:03:39] DONE ds_online cases_000  total: 8.0s  (1.59s/step)
[2026-04-13 21:03:39]   tokens: 1,135 in + 50 out (reasoning: 0)  cost: $0.0004
[2026-04-13 21:04:07] START ds_online cases_000 (3 steps)
[2026-04-13 21:04:12] DONE ds_online cases_000  total: 4.5s  (1.51s/step)
[2026-04-13 21:04:12]   tokens: 558 in + 30 out (reasoning: 0)  cost: $0.0002
[2026-04-13 21:19:26] START ds_online cases_000 (100 steps)
[2026-04-13 21:19:40] ds_online cases_000  steps   1-  9: 14.4s  total: 14.4s  (10/100)
[2026-04-13 21:19:54] ds_online cases_000  steps  11- 19: 13.4s  total: 27.8s  (20/100)
[2026-04-13 21:20:08] ds_online cases_000  steps  21- 29: 14.7s  total: 42.5s  (30/100)
[2026-04-13 21:20:24] ds_online cases_000  steps  31- 39: 16.2s  total: 58.7s  (40/100)
[2026-04-13 21:20:41] ds_online cases_000  steps  41- 49: 16.1s  total: 74.8s  (50/100)
[2026-04-13 21:20:56] ds_online cases_000  steps  51- 59: 15.9s  total: 90.7s  (60/100)
[2026-04-13 21:21:13] ds_online cases_000  steps  61- 69: 17.0s  total: 107.7s  (70/100)
[2026-04-13 21:21:30] ds_online cases_000  steps  71- 79: 16.6s  total: 124.3s  (80/100)
[2026-04-13 21:21:46] ds_online cases_000  steps  81- 89: 15.9s  total: 140.3s  (90/100)
[2026-04-13 21:22:03] ds_online cases_000  steps  91- 99: 16.7s  total: 157.0s  (100/100)
[2026-04-13 21:22:03] DONE ds_online cases_000  total: 157.0s  (1.57s/step)
[2026-04-13 21:22:03]   tokens: 217,450 in + 1,000 out (reasoning: 0)  cost: $0.0598
[2026-04-13 21:22:04] START ds_online cases_001 (100 steps)
[2026-04-13 21:22:18] ds_online cases_001  steps   1-  9: 14.4s  total: 14.4s  (10/100)
[2026-04-13 21:22:33] ds_online cases_001  steps  11- 19: 14.9s  total: 29.3s  (20/100)
[2026-04-13 21:22:38] START gemini3_flash_online cases_000 (100 steps)
[2026-04-13 21:22:47] ds_online cases_001  steps  21- 29: 14.4s  total: 43.7s  (30/100)
[2026-04-13 21:23:03] ds_online cases_001  steps  31- 39: 16.0s  total: 59.7s  (40/100)
[2026-04-13 21:23:19] ds_online cases_001  steps  41- 49: 15.6s  total: 75.2s  (50/100)
[2026-04-13 21:23:35] ds_online cases_001  steps  51- 59: 15.8s  total: 91.0s  (60/100)
[2026-04-13 21:23:51] ds_online cases_001  steps  61- 69: 16.2s  total: 107.2s  (70/100)
[2026-04-13 21:24:07] ds_online cases_001  steps  71- 79: 15.7s  total: 122.9s  (80/100)
[2026-04-13 21:24:22] ds_online cases_001  steps  81- 89: 16.0s  total: 138.9s  (90/100)
[2026-04-13 21:24:39] ds_online cases_001  steps  91- 99: 16.3s  total: 155.2s  (100/100)
[2026-04-13 21:24:39] DONE ds_online cases_001  total: 155.2s  (1.55s/step)
[2026-04-13 21:24:39]   tokens: 217,450 in + 1,000 out (reasoning: 0)  cost: $0.0598
[2026-04-13 21:24:39] START ds_online cases_002 (100 steps)
[2026-04-13 21:24:55] ds_online cases_002  steps   1-  9: 15.6s  total: 15.6s  (10/100)
[2026-04-13 21:25:10] ds_online cases_002  steps  11- 19: 14.6s  total: 30.2s  (20/100)
[2026-04-13 21:25:25] ds_online cases_002  steps  21- 29: 15.8s  total: 46.0s  (30/100)
[2026-04-13 21:25:41] ds_online cases_002  steps  31- 39: 15.9s  total: 61.9s  (40/100)
[2026-04-13 21:25:57] ds_online cases_002  steps  41- 49: 16.0s  total: 77.9s  (50/100)
[2026-04-13 21:26:12] ds_online cases_002  steps  51- 59: 14.8s  total: 92.7s  (60/100)
[2026-04-13 21:26:27] ds_online cases_002  steps  61- 69: 14.8s  total: 107.5s  (70/100)
[2026-04-13 21:26:44] ds_online cases_002  steps  71- 79: 16.7s  total: 124.2s  (80/100)
[2026-04-13 21:27:00] ds_online cases_002  steps  81- 89: 16.1s  total: 140.4s  (90/100)
[2026-04-13 21:27:17] ds_online cases_002  steps  91- 99: 17.3s  total: 157.6s  (100/100)
[2026-04-13 21:27:17] DONE ds_online cases_002  total: 157.6s  (1.58s/step)
[2026-04-13 21:27:17]   tokens: 217,450 in + 1,000 out (reasoning: 0)  cost: $0.0598
[2026-04-13 21:27:17] START ds_online cases_003 (100 steps)
[2026-04-13 21:27:33] ds_online cases_003  steps   1-  9: 15.7s  total: 15.7s  (10/100)
[2026-04-13 21:27:49] ds_online cases_003  steps  11- 19: 16.0s  total: 31.7s  (20/100)
[2026-04-13 21:28:04] ds_online cases_003  steps  21- 29: 15.0s  total: 46.7s  (30/100)
[2026-04-13 21:28:19] ds_online cases_003  steps  31- 39: 15.3s  total: 62.0s  (40/100)
[2026-04-13 21:28:24] gemini3_flash_online cases_000  steps   1-  9: 346.1s  total: 346.1s  (10/100)
[2026-04-13 21:28:35] ds_online cases_003  steps  41- 49: 15.5s  total: 77.5s  (50/100)
[2026-04-13 21:28:49] ds_online cases_003  steps  51- 59: 14.4s  total: 91.9s  (60/100)
[2026-04-13 21:29:04] ds_online cases_003  steps  61- 69: 15.2s  total: 107.1s  (70/100)
[2026-04-13 21:29:21] ds_online cases_003  steps  71- 79: 16.3s  total: 123.4s  (80/100)
[2026-04-13 21:29:37] ds_online cases_003  steps  81- 89: 15.7s  total: 139.1s  (90/100)
[2026-04-13 21:29:54] ds_online cases_003  steps  91- 99: 17.8s  total: 156.9s  (100/100)
[2026-04-13 21:29:55] DONE ds_online cases_003  total: 156.9s  (1.57s/step)
[2026-04-13 21:29:55]   tokens: 217,450 in + 1,000 out (reasoning: 0)  cost: $0.0598
[2026-04-13 21:29:55] START ds_online cases_004 (100 steps)
[2026-04-13 21:30:14] ds_online cases_004  steps   1-  9: 19.0s  total: 19.0s  (10/100)
[2026-04-13 21:30:31] ds_online cases_004  steps  11- 19: 16.7s  total: 35.7s  (20/100)
[2026-04-13 21:30:45] ds_online cases_004  steps  21- 29: 15.0s  total: 50.7s  (30/100)
[2026-04-13 21:31:02] ds_online cases_004  steps  31- 39: 16.3s  total: 67.0s  (40/100)
[2026-04-13 21:31:19] ds_online cases_004  steps  41- 49: 17.2s  total: 84.2s  (50/100)
[2026-04-13 21:31:35] ds_online cases_004  steps  51- 59: 16.2s  total: 100.4s  (60/100)
[2026-04-13 21:31:51] ds_online cases_004  steps  61- 69: 16.2s  total: 116.5s  (70/100)
[2026-04-13 21:32:07] ds_online cases_004  steps  71- 79: 15.2s  total: 131.7s  (80/100)
[2026-04-13 21:32:22] ds_online cases_004  steps  81- 89: 15.4s  total: 147.1s  (90/100)
[2026-04-13 21:32:38] ds_online cases_004  steps  91- 99: 16.4s  total: 163.5s  (100/100)
[2026-04-13 21:32:39] DONE ds_online cases_004  total: 163.5s  (1.64s/step)
[2026-04-13 21:32:39]   tokens: 217,450 in + 1,000 out (reasoning: 0)  cost: $0.0598
[2026-04-13 21:32:39] START ds_online cases_005 (100 steps)
[2026-04-13 21:32:54] ds_online cases_005  steps   1-  9: 15.1s  total: 15.1s  (10/100)
[2026-04-13 21:33:10] ds_online cases_005  steps  11- 19: 16.0s  total: 31.0s  (20/100)
[2026-04-13 21:33:25] ds_online cases_005  steps  21- 29: 15.4s  total: 46.5s  (30/100)
[2026-04-13 21:33:40] ds_online cases_005  steps  31- 39: 15.2s  total: 61.7s  (40/100)
[2026-04-13 21:33:55] ds_online cases_005  steps  41- 49: 15.0s  total: 76.7s  (50/100)
[2026-04-13 21:34:11] ds_online cases_005  steps  51- 59: 16.0s  total: 92.7s  (60/100)
[2026-04-13 21:34:28] ds_online cases_005  steps  61- 69: 16.3s  total: 109.0s  (70/100)
[2026-04-13 21:34:43] ds_online cases_005  steps  71- 79: 15.5s  total: 124.5s  (80/100)
[2026-04-13 21:35:00] ds_online cases_005  steps  81- 89: 16.6s  total: 141.1s  (90/100)
[2026-04-13 21:35:17] ds_online cases_005  steps  91- 99: 17.5s  total: 158.6s  (100/100)
[2026-04-13 21:35:18] DONE ds_online cases_005  total: 158.6s  (1.59s/step)
[2026-04-13 21:35:18]   tokens: 217,450 in + 1,000 out (reasoning: 0)  cost: $0.0598
[2026-04-13 21:35:18] START ds_online cases_006 (100 steps)
[2026-04-13 21:35:34] ds_online cases_006  steps   1-  9: 15.8s  total: 15.8s  (10/100)
[2026-04-13 21:35:49] ds_online cases_006  steps  11- 19: 15.4s  total: 31.2s  (20/100)
[2026-04-13 21:36:06] ds_online cases_006  steps  21- 29: 17.2s  total: 48.4s  (30/100)
[2026-04-13 21:36:23] ds_online cases_006  steps  31- 39: 16.3s  total: 64.7s  (40/100)
[2026-04-13 21:36:39] ds_online cases_006  steps  41- 49: 16.4s  total: 81.1s  (50/100)
[2026-04-13 21:36:55] ds_online cases_006  steps  51- 59: 15.5s  total: 96.6s  (60/100)
[2026-04-13 21:37:13] ds_online cases_006  steps  61- 69: 18.2s  total: 114.9s  (70/100)
[2026-04-13 21:37:29] ds_online cases_006  steps  71- 79: 16.3s  total: 131.1s  (80/100)
[2026-04-13 21:37:45] ds_online cases_006  steps  81- 89: 16.2s  total: 147.3s  (90/100)
[2026-04-13 21:38:03] ds_online cases_006  steps  91- 99: 17.9s  total: 165.2s  (100/100)
[2026-04-13 21:38:03] DONE ds_online cases_006  total: 165.2s  (1.65s/step)
[2026-04-13 21:38:03]   tokens: 217,450 in + 1,000 out (reasoning: 0)  cost: $0.0598
[2026-04-13 21:38:04] START ds_online cases_007 (100 steps)
[2026-04-13 21:38:20] ds_online cases_007  steps   1-  9: 16.2s  total: 16.2s  (10/100)
[2026-04-13 21:38:35] ds_online cases_007  steps  11- 19: 14.9s  total: 31.1s  (20/100)
[2026-04-13 21:38:50] ds_online cases_007  steps  21- 29: 15.5s  total: 46.5s  (30/100)
[2026-04-13 21:39:07] ds_online cases_007  steps  31- 39: 16.5s  total: 63.0s  (40/100)
[2026-04-13 21:39:23] ds_online cases_007  steps  41- 49: 16.5s  total: 79.5s  (50/100)
[2026-04-13 21:39:39] ds_online cases_007  steps  51- 59: 15.9s  total: 95.4s  (60/100)
[2026-04-13 21:39:55] ds_online cases_007  steps  61- 69: 16.4s  total: 111.8s  (70/100)
[2026-04-13 21:40:12] ds_online cases_007  steps  71- 79: 16.8s  total: 128.5s  (80/100)
[2026-04-13 21:40:28] ds_online cases_007  steps  81- 89: 16.4s  total: 144.9s  (90/100)
[2026-04-13 21:40:44] ds_online cases_007  steps  91- 99: 16.0s  total: 161.0s  (100/100)
[2026-04-13 21:40:45] DONE ds_online cases_007  total: 161.0s  (1.61s/step)
[2026-04-13 21:40:45]   tokens: 217,450 in + 1,000 out (reasoning: 0)  cost: $0.0598
[2026-04-13 21:40:45] START ds_online cases_008 (100 steps)
[2026-04-13 21:41:01] ds_online cases_008  steps   1-  9: 16.0s  total: 16.0s  (10/100)
[2026-04-13 21:41:16] ds_online cases_008  steps  11- 19: 15.4s  total: 31.3s  (20/100)
[2026-04-13 21:41:32] ds_online cases_008  steps  21- 29: 15.9s  total: 47.2s  (30/100)
[2026-04-13 21:41:49] ds_online cases_008  steps  31- 39: 16.6s  total: 63.8s  (40/100)
[2026-04-13 21:42:04] ds_online cases_008  steps  41- 49: 15.5s  total: 79.3s  (50/100)
[2026-04-13 21:42:22] ds_online cases_008  steps  51- 59: 17.8s  total: 97.1s  (60/100)
[2026-04-13 21:42:39] ds_online cases_008  steps  61- 69: 17.1s  total: 114.1s  (70/100)
[2026-04-13 21:42:55] ds_online cases_008  steps  71- 79: 16.3s  total: 130.4s  (80/100)
[2026-04-13 21:43:12] ds_online cases_008  steps  81- 89: 16.3s  total: 146.7s  (90/100)
[2026-04-13 21:43:29] ds_online cases_008  steps  91- 99: 17.3s  total: 164.0s  (100/100)
[2026-04-13 21:43:29] DONE ds_online cases_008  total: 164.0s  (1.64s/step)
[2026-04-13 21:43:29]   tokens: 217,450 in + 1,000 out (reasoning: 0)  cost: $0.0598
[2026-04-13 21:43:29] START ds_online cases_009 (100 steps)
[2026-04-13 21:43:44] ds_online cases_009  steps   1-  9: 14.5s  total: 14.5s  (10/100)
[2026-04-13 21:44:02] ds_online cases_009  steps  11- 19: 17.6s  total: 32.2s  (20/100)
[2026-04-13 21:44:17] ds_online cases_009  steps  21- 29: 15.6s  total: 47.8s  (30/100)
[2026-04-13 21:44:33] ds_online cases_009  steps  31- 39: 15.5s  total: 63.2s  (40/100)
[2026-04-13 21:44:53] ds_online cases_009  steps  41- 49: 20.2s  total: 83.4s  (50/100)
[2026-04-13 21:45:10] ds_online cases_009  steps  51- 59: 16.8s  total: 100.2s  (60/100)
[2026-04-13 21:45:33] ds_online cases_009  steps  61- 69: 23.3s  total: 123.5s  (70/100)
[2026-04-13 21:45:49] ds_online cases_009  steps  71- 79: 16.0s  total: 139.6s  (80/100)
[2026-04-13 21:46:10] ds_online cases_009  steps  81- 89: 21.1s  total: 160.7s  (90/100)
[2026-04-13 21:46:27] ds_online cases_009  steps  91- 99: 17.1s  total: 177.8s  (100/100)
[2026-04-13 21:46:28] DONE ds_online cases_009  total: 177.8s  (1.78s/step)
[2026-04-13 21:46:28]   tokens: 217,450 in + 1,000 out (reasoning: 0)  cost: $0.0598
[2026-04-13 21:46:28] START ds_weather cases_000 (100 steps)
[2026-04-13 21:46:44] ds_weather cases_000  steps   1-  9: 15.8s  total: 15.8s  (10/100)
[2026-04-13 21:46:58] ds_weather cases_000  steps  11- 19: 14.5s  total: 30.4s  (20/100)
[2026-04-13 21:47:13] ds_weather cases_000  steps  21- 29: 15.3s  total: 45.6s  (30/100)
[2026-04-13 21:47:32] ds_weather cases_000  steps  31- 39: 18.7s  total: 64.3s  (40/100)
[2026-04-13 21:47:47] ds_weather cases_000  steps  41- 49: 14.9s  total: 79.2s  (50/100)
[2026-04-13 21:48:00] API ERROR at step 19: Rate limit exceeded after 10 retries
[2026-04-13 21:48:04] ds_weather cases_000  steps  51- 59: 17.0s  total: 96.2s  (60/100)
[2026-04-13 21:48:23] ds_weather cases_000  steps  61- 69: 18.9s  total: 115.1s  (70/100)
[2026-04-13 21:48:40] ds_weather cases_000  steps  71- 79: 17.2s  total: 132.4s  (80/100)
[2026-04-13 21:49:03] ds_weather cases_000  steps  81- 89: 22.9s  total: 155.3s  (90/100)
[2026-04-13 21:49:19] ds_weather cases_000  steps  91- 99: 16.3s  total: 171.6s  (100/100)
[2026-04-13 21:49:20] DONE ds_weather cases_000  total: 171.6s  (1.72s/step)
[2026-04-13 21:49:20]   tokens: 223,200 in + 1,100 out (reasoning: 0)  cost: $0.0615
[2026-04-13 21:49:20] START ds_weather cases_001 (100 steps)
[2026-04-13 21:49:35] ds_weather cases_001  steps   1-  9: 14.7s  total: 14.7s  (10/100)
[2026-04-13 21:49:49] ds_weather cases_001  steps  11- 19: 14.9s  total: 29.6s  (20/100)
[2026-04-13 21:50:05] ds_weather cases_001  steps  21- 29: 16.0s  total: 45.7s  (30/100)
[2026-04-13 21:50:22] ds_weather cases_001  steps  31- 39: 16.6s  total: 62.3s  (40/100)
[2026-04-13 21:50:38] ds_weather cases_001  steps  41- 49: 16.1s  total: 78.4s  (50/100)
[2026-04-13 21:50:54] ds_weather cases_001  steps  51- 59: 15.6s  total: 94.0s  (60/100)
[2026-04-13 21:51:10] ds_weather cases_001  steps  61- 69: 15.8s  total: 109.8s  (70/100)
[2026-04-13 21:51:26] ds_weather cases_001  steps  71- 79: 16.5s  total: 126.3s  (80/100)
[2026-04-13 21:51:45] ds_weather cases_001  steps  81- 89: 18.7s  total: 145.0s  (90/100)
[2026-04-13 21:52:01] ds_weather cases_001  steps  91- 99: 16.2s  total: 161.2s  (100/100)
[2026-04-13 21:52:01] DONE ds_weather cases_001  total: 161.2s  (1.61s/step)
[2026-04-13 21:52:01]   tokens: 223,200 in + 1,100 out (reasoning: 0)  cost: $0.0615
[2026-04-13 21:52:02] START ds_weather cases_002 (100 steps)
[2026-04-13 21:52:17] ds_weather cases_002  steps   1-  9: 15.3s  total: 15.3s  (10/100)
[2026-04-13 21:52:31] ds_weather cases_002  steps  11- 19: 14.4s  total: 29.6s  (20/100)
[2026-04-13 21:52:47] ds_weather cases_002  steps  21- 29: 15.5s  total: 45.1s  (30/100)
[2026-04-13 21:53:02] ds_weather cases_002  steps  31- 39: 15.6s  total: 60.7s  (40/100)
[2026-04-13 21:53:19] ds_weather cases_002  steps  41- 49: 16.6s  total: 77.3s  (50/100)
[2026-04-13 21:53:35] ds_weather cases_002  steps  51- 59: 16.4s  total: 93.7s  (60/100)
[2026-04-13 21:53:52] ds_weather cases_002  steps  61- 69: 16.9s  total: 110.6s  (70/100)
[2026-04-13 21:54:09] ds_weather cases_002  steps  71- 79: 17.2s  total: 127.8s  (80/100)
[2026-04-13 21:54:28] ds_weather cases_002  steps  81- 89: 18.9s  total: 146.7s  (90/100)
[2026-04-13 21:54:45] ds_weather cases_002  steps  91- 99: 17.2s  total: 164.0s  (100/100)
[2026-04-13 21:54:46] DONE ds_weather cases_002  total: 164.0s  (1.64s/step)
[2026-04-13 21:54:46]   tokens: 223,200 in + 1,100 out (reasoning: 0)  cost: $0.0615
[2026-04-13 21:54:46] START ds_weather cases_003 (100 steps)
[2026-04-13 21:55:02] ds_weather cases_003  steps   1-  9: 15.9s  total: 15.9s  (10/100)
[2026-04-13 21:55:17] ds_weather cases_003  steps  11- 19: 15.2s  total: 31.0s  (20/100)
[2026-04-13 21:55:33] ds_weather cases_003  steps  21- 29: 16.3s  total: 47.3s  (30/100)
[2026-04-13 21:55:49] ds_weather cases_003  steps  31- 39: 16.2s  total: 63.5s  (40/100)
[2026-04-13 21:56:04] ds_weather cases_003  steps  41- 49: 15.0s  total: 78.4s  (50/100)
[2026-04-13 21:56:21] ds_weather cases_003  steps  51- 59: 16.7s  total: 95.1s  (60/100)
[2026-04-13 21:56:37] ds_weather cases_003  steps  61- 69: 15.9s  total: 111.0s  (70/100)
[2026-04-13 21:56:53] ds_weather cases_003  steps  71- 79: 15.8s  total: 126.9s  (80/100)
[2026-04-13 21:57:09] ds_weather cases_003  steps  81- 89: 16.3s  total: 143.2s  (90/100)
[2026-04-13 21:57:26] ds_weather cases_003  steps  91- 99: 16.9s  total: 160.1s  (100/100)
[2026-04-13 21:57:26] DONE ds_weather cases_003  total: 160.1s  (1.60s/step)
[2026-04-13 21:57:26]   tokens: 223,200 in + 1,100 out (reasoning: 0)  cost: $0.0615
[2026-04-13 21:57:27] START ds_weather cases_004 (100 steps)
[2026-04-13 21:57:42] ds_weather cases_004  steps   1-  9: 15.4s  total: 15.4s  (10/100)
[2026-04-13 21:57:57] ds_weather cases_004  steps  11- 19: 14.7s  total: 30.1s  (20/100)
[2026-04-13 21:58:12] ds_weather cases_004  steps  21- 29: 15.4s  total: 45.5s  (30/100)
[2026-04-13 21:58:29] ds_weather cases_004  steps  31- 39: 16.7s  total: 62.3s  (40/100)
[2026-04-13 21:58:44] ds_weather cases_004  steps  41- 49: 15.0s  total: 77.3s  (50/100)
[2026-04-13 21:59:00] ds_weather cases_004  steps  51- 59: 16.0s  total: 93.3s  (60/100)
[2026-04-13 21:59:16] ds_weather cases_004  steps  61- 69: 16.0s  total: 109.3s  (70/100)
[2026-04-13 21:59:33] ds_weather cases_004  steps  71- 79: 17.2s  total: 126.6s  (80/100)
[2026-04-13 21:59:51] ds_weather cases_004  steps  81- 89: 18.3s  total: 144.9s  (90/100)
[2026-04-13 22:00:11] ds_weather cases_004  steps  91- 99: 19.8s  total: 164.6s  (100/100)
[2026-04-13 22:00:12] DONE ds_weather cases_004  total: 164.6s  (1.65s/step)
[2026-04-13 22:00:12]   tokens: 223,200 in + 1,100 out (reasoning: 0)  cost: $0.0615
[2026-04-13 22:00:12] START ds_weather cases_005 (100 steps)
[2026-04-13 22:00:30] ds_weather cases_005  steps   1-  9: 18.5s  total: 18.5s  (10/100)
[2026-04-13 22:00:48] ds_weather cases_005  steps  11- 19: 17.8s  total: 36.3s  (20/100)
[2026-04-13 22:01:04] ds_weather cases_005  steps  21- 29: 16.6s  total: 52.8s  (30/100)
[2026-04-13 22:01:21] ds_weather cases_005  steps  31- 39: 16.8s  total: 69.6s  (40/100)
[2026-04-13 22:01:39] ds_weather cases_005  steps  41- 49: 17.3s  total: 87.0s  (50/100)
[2026-04-13 22:01:56] ds_weather cases_005  steps  51- 59: 17.1s  total: 104.1s  (60/100)
[2026-04-13 22:02:12] ds_weather cases_005  steps  61- 69: 16.8s  total: 120.8s  (70/100)
[2026-04-13 22:02:29] ds_weather cases_005  steps  71- 79: 16.7s  total: 137.5s  (80/100)
[2026-04-13 22:02:47] ds_weather cases_005  steps  81- 89: 17.6s  total: 155.1s  (90/100)
[2026-04-13 22:03:05] ds_weather cases_005  steps  91- 99: 17.9s  total: 173.0s  (100/100)
[2026-04-13 22:03:05] DONE ds_weather cases_005  total: 173.0s  (1.73s/step)
[2026-04-13 22:03:05]   tokens: 223,200 in + 1,100 out (reasoning: 0)  cost: $0.0615
[2026-04-13 22:03:05] START ds_weather cases_006 (100 steps)
[2026-04-13 22:03:21] ds_weather cases_006  steps   1-  9: 16.5s  total: 16.5s  (10/100)
[2026-04-13 22:03:38] ds_weather cases_006  steps  11- 19: 17.0s  total: 33.4s  (20/100)
[2026-04-13 22:03:55] ds_weather cases_006  steps  21- 29: 16.8s  total: 50.2s  (30/100)
[2026-04-13 22:04:11] ds_weather cases_006  steps  31- 39: 16.1s  total: 66.3s  (40/100)
[2026-04-13 22:04:28] ds_weather cases_006  steps  41- 49: 16.4s  total: 82.7s  (50/100)
[2026-04-13 22:04:44] ds_weather cases_006  steps  51- 59: 16.7s  total: 99.4s  (60/100)
[2026-04-13 22:05:01] ds_weather cases_006  steps  61- 69: 17.1s  total: 116.5s  (70/100)
[2026-04-13 22:05:19] ds_weather cases_006  steps  71- 79: 17.1s  total: 133.6s  (80/100)
[2026-04-13 22:05:36] ds_weather cases_006  steps  81- 89: 17.0s  total: 150.6s  (90/100)
[2026-04-13 22:05:53] ds_weather cases_006  steps  91- 99: 17.5s  total: 168.1s  (100/100)
[2026-04-13 22:05:54] DONE ds_weather cases_006  total: 168.1s  (1.68s/step)
[2026-04-13 22:05:54]   tokens: 223,200 in + 1,100 out (reasoning: 0)  cost: $0.0615
[2026-04-13 22:05:54] START ds_weather cases_007 (100 steps)
[2026-04-13 22:06:09] ds_weather cases_007  steps   1-  9: 15.4s  total: 15.4s  (10/100)
[2026-04-13 22:06:25] ds_weather cases_007  steps  11- 19: 16.4s  total: 31.8s  (20/100)
[2026-04-13 22:06:42] ds_weather cases_007  steps  21- 29: 16.7s  total: 48.5s  (30/100)
[2026-04-13 22:06:59] ds_weather cases_007  steps  31- 39: 17.3s  total: 65.9s  (40/100)
[2026-04-13 22:07:15] ds_weather cases_007  steps  41- 49: 16.0s  total: 81.9s  (50/100)
[2026-04-13 22:07:32] ds_weather cases_007  steps  51- 59: 16.5s  total: 98.4s  (60/100)
[2026-04-13 22:07:48] ds_weather cases_007  steps  61- 69: 15.9s  total: 114.4s  (70/100)
[2026-04-13 22:08:05] ds_weather cases_007  steps  71- 79: 17.2s  total: 131.6s  (80/100)
[2026-04-13 22:08:23] ds_weather cases_007  steps  81- 89: 17.4s  total: 149.1s  (90/100)
[2026-04-13 22:08:41] ds_weather cases_007  steps  91- 99: 17.9s  total: 166.9s  (100/100)
[2026-04-13 22:08:41] DONE ds_weather cases_007  total: 166.9s  (1.67s/step)
[2026-04-13 22:08:41]   tokens: 223,200 in + 1,100 out (reasoning: 0)  cost: $0.0615
[2026-04-13 22:08:41] START ds_weather cases_008 (100 steps)
[2026-04-13 22:08:56] ds_weather cases_008  steps   1-  9: 14.8s  total: 14.8s  (10/100)
[2026-04-13 22:09:12] ds_weather cases_008  steps  11- 19: 16.0s  total: 30.8s  (20/100)
[2026-04-13 22:09:28] ds_weather cases_008  steps  21- 29: 16.0s  total: 46.7s  (30/100)
[2026-04-13 22:09:44] ds_weather cases_008  steps  31- 39: 16.5s  total: 63.2s  (40/100)
[2026-04-13 22:10:00] ds_weather cases_008  steps  41- 49: 15.7s  total: 78.8s  (50/100)
[2026-04-13 22:10:17] ds_weather cases_008  steps  51- 59: 17.0s  total: 95.8s  (60/100)
[2026-04-13 22:10:33] ds_weather cases_008  steps  61- 69: 16.4s  total: 112.3s  (70/100)
[2026-04-13 22:10:51] ds_weather cases_008  steps  71- 79: 17.2s  total: 129.5s  (80/100)
[2026-04-13 22:11:09] ds_weather cases_008  steps  81- 89: 18.9s  total: 148.4s  (90/100)
[2026-04-13 22:11:27] ds_weather cases_008  steps  91- 99: 17.2s  total: 165.6s  (100/100)
[2026-04-13 22:11:27] DONE ds_weather cases_008  total: 165.6s  (1.66s/step)
[2026-04-13 22:11:27]   tokens: 223,200 in + 1,100 out (reasoning: 0)  cost: $0.0615
[2026-04-13 22:11:27] START ds_weather cases_009 (100 steps)
[2026-04-13 22:11:27] START gpt4o_online cases_001 (100 steps)
[2026-04-13 22:11:35] gpt4o_online cases_001  steps   1-  9: 7.8s  total: 7.8s  (10/100)
[2026-04-13 22:11:40] gpt4o_online cases_001  steps  11- 19: 5.1s  total: 12.9s  (20/100)
[2026-04-13 22:11:41] ds_weather cases_009  steps   1-  9: 14.3s  total: 14.3s  (10/100)
[2026-04-13 22:11:47] gpt4o_online cases_001  steps  21- 29: 7.0s  total: 19.9s  (30/100)
[2026-04-13 22:11:53] gpt4o_online cases_001  steps  31- 39: 6.2s  total: 26.1s  (40/100)
[2026-04-13 22:11:57] ds_weather cases_009  steps  11- 19: 15.8s  total: 30.1s  (20/100)
[2026-04-13 22:12:15] ds_weather cases_009  steps  21- 29: 17.4s  total: 47.5s  (30/100)
[2026-04-13 22:12:32] ds_weather cases_009  steps  31- 39: 17.4s  total: 64.9s  (40/100)
[2026-04-13 22:12:38] gpt4o_online cases_001  steps  41- 49: 44.1s  total: 70.2s  (50/100)
[2026-04-13 22:12:47] ds_weather cases_009  steps  41- 49: 14.8s  total: 79.7s  (50/100)
[2026-04-13 22:13:04] ds_weather cases_009  steps  51- 59: 16.7s  total: 96.5s  (60/100)
[2026-04-13 22:13:20] ds_weather cases_009  steps  61- 69: 16.8s  total: 113.2s  (70/100)
[2026-04-13 22:13:30] gpt4o_online cases_001  steps  51- 59: 52.5s  total: 122.7s  (60/100)
[2026-04-13 22:13:38] ds_weather cases_009  steps  71- 79: 17.3s  total: 130.5s  (80/100)
[2026-04-13 22:13:56] ds_weather cases_009  steps  81- 89: 18.5s  total: 149.0s  (90/100)
[2026-04-13 22:14:15] ds_weather cases_009  steps  91- 99: 18.5s  total: 167.5s  (100/100)
[2026-04-13 22:14:15] DONE ds_weather cases_009  total: 167.5s  (1.68s/step)
[2026-04-13 22:14:15]   tokens: 223,200 in + 1,100 out (reasoning: 0)  cost: $0.0615
[2026-04-13 22:14:15] START ds_mw_name cases_000 (100 steps)
[2026-04-13 22:14:32] gpt4o_online cases_001  steps  61- 69: 62.2s  total: 184.9s  (70/100)
[2026-04-13 22:14:45] ds_mw_name cases_000  steps   1-  9: 30.4s  total: 30.4s  (10/100)
[2026-04-13 22:15:17] ds_mw_name cases_000  steps  11- 19: 31.6s  total: 62.0s  (20/100)
[2026-04-13 22:15:43] gpt4o_online cases_001  steps  71- 79: 70.8s  total: 255.8s  (80/100)
[2026-04-13 22:15:50] ds_mw_name cases_000  steps  21- 29: 32.9s  total: 94.9s  (30/100)
[2026-04-13 22:16:23] ds_mw_name cases_000  steps  31- 39: 33.0s  total: 127.9s  (40/100)
[2026-04-13 22:16:57] ds_mw_name cases_000  steps  41- 49: 33.6s  total: 161.6s  (50/100)
[2026-04-13 22:17:05] gpt4o_online cases_001  steps  81- 89: 81.5s  total: 337.3s  (90/100)
[2026-04-13 22:17:31] ds_mw_name cases_000  steps  51- 59: 34.5s  total: 196.1s  (60/100)
[2026-04-13 22:18:05] ds_mw_name cases_000  steps  61- 69: 34.0s  total: 230.1s  (70/100)
[2026-04-13 22:18:27] gpt4o_online cases_001  steps  91- 99: 82.3s  total: 419.6s  (100/100)
[2026-04-13 22:18:28] DONE gpt4o_online cases_001  total: 419.6s  (4.20s/step)
[2026-04-13 22:18:28]   tokens: 242,200 in + 1,300 out (reasoning: 0)  cost: $0.6185
[2026-04-13 22:18:28] START gpt4o_online cases_002 (100 steps)
[2026-04-13 22:18:38] ds_mw_name cases_000  steps  71- 79: 33.2s  total: 263.3s  (80/100)
[2026-04-13 22:18:45] gpt4o_online cases_002  steps   1-  9: 17.2s  total: 17.2s  (10/100)
[2026-04-13 22:19:01] gpt4o_online cases_002  steps  11- 19: 16.1s  total: 33.3s  (20/100)
[2026-04-13 22:19:13] ds_mw_name cases_000  steps  81- 89: 34.1s  total: 297.4s  (90/100)
[2026-04-13 22:19:24] gpt4o_online cases_002  steps  21- 29: 22.6s  total: 55.9s  (30/100)
[2026-04-13 22:19:46] ds_mw_name cases_000  steps  91- 99: 33.7s  total: 331.1s  (100/100)
[2026-04-13 22:19:49] DONE ds_mw_name cases_000  total: 333.8s  (3.34s/step)
[2026-04-13 22:19:49]   tokens: 494,011 in + 6,348 out (reasoning: 0)  cost: $0.1404
[2026-04-13 22:19:50] START ds_explicit_update cases_000 (100 steps)
[2026-04-13 22:20:01] gpt4o_online cases_002  steps  31- 39: 37.2s  total: 93.1s  (40/100)
[2026-04-13 22:20:16] ds_explicit_update cases_000  steps   1-  9: 26.8s  total: 26.8s  (10/100)
[2026-04-13 22:20:42] gpt4o_online cases_002  steps  41- 49: 41.6s  total: 134.7s  (50/100)
[2026-04-13 22:20:43] ds_explicit_update cases_000  steps  11- 19: 26.8s  total: 53.7s  (20/100)
[2026-04-13 22:21:11] ds_explicit_update cases_000  steps  21- 29: 27.9s  total: 81.6s  (30/100)
[2026-04-13 22:21:39] ds_explicit_update cases_000  steps  31- 39: 27.9s  total: 109.5s  (40/100)
[2026-04-13 22:21:39] gpt4o_online cases_002  steps  51- 59: 57.0s  total: 191.7s  (60/100)
[2026-04-13 22:22:07] ds_explicit_update cases_000  steps  41- 49: 28.5s  total: 138.0s  (50/100)
[2026-04-13 22:22:35] ds_explicit_update cases_000  steps  51- 59: 27.1s  total: 165.1s  (60/100)
[2026-04-13 22:22:35] gpt4o_online cases_002  steps  61- 69: 55.5s  total: 247.1s  (70/100)
[2026-04-13 22:23:03] ds_explicit_update cases_000  steps  61- 69: 28.8s  total: 193.9s  (70/100)
[2026-04-13 22:23:37] ds_explicit_update cases_000  steps  71- 79: 33.4s  total: 227.3s  (80/100)
[2026-04-13 22:23:44] gpt4o_online cases_002  steps  71- 79: 68.7s  total: 315.8s  (80/100)
[2026-04-13 22:24:10] ds_explicit_update cases_000  steps  81- 89: 33.1s  total: 260.4s  (90/100)
[2026-04-13 22:24:38] ds_explicit_update cases_000  steps  91- 99: 28.0s  total: 288.5s  (100/100)
[2026-04-13 22:24:40] DONE ds_explicit_update cases_000  total: 290.6s  (2.91s/step)
[2026-04-13 22:24:40]   tokens: 422,476 in + 4,623 out (reasoning: 0)  cost: $0.1192
[2026-04-13 22:24:41] START ds_explicit_update cases_001 (100 steps)
[2026-04-13 22:25:08] ds_explicit_update cases_001  steps   1-  9: 27.8s  total: 27.8s  (10/100)
[2026-04-13 22:25:12] gpt4o_online cases_002  steps  81- 89: 88.5s  total: 404.3s  (90/100)
[2026-04-13 22:25:36] ds_explicit_update cases_001  steps  11- 19: 27.7s  total: 55.5s  (20/100)
[2026-04-13 22:26:04] ds_explicit_update cases_001  steps  21- 29: 28.0s  total: 83.5s  (30/100)
[2026-04-13 22:26:30] ds_explicit_update cases_001  steps  31- 39: 26.3s  total: 109.8s  (40/100)
[2026-04-13 22:26:40] gpt4o_online cases_002  steps  91- 99: 88.2s  total: 492.5s  (100/100)
[2026-04-13 22:26:41] DONE gpt4o_online cases_002  total: 492.5s  (4.93s/step)
[2026-04-13 22:26:41]   tokens: 242,200 in + 1,300 out (reasoning: 0)  cost: $0.6185
[2026-04-13 22:26:41] START gpt4o_online cases_003 (100 steps)
[2026-04-13 22:26:51] gpt4o_online cases_003  steps   1-  9: 10.4s  total: 10.4s  (10/100)
[2026-04-13 22:26:57] ds_explicit_update cases_001  steps  41- 49: 27.2s  total: 136.9s  (50/100)
[2026-04-13 22:27:13] gpt4o_online cases_003  steps  11- 19: 22.0s  total: 32.4s  (20/100)
[2026-04-13 22:27:25] ds_explicit_update cases_001  steps  51- 59: 27.9s  total: 164.8s  (60/100)
[2026-04-13 22:27:33] gpt4o_online cases_003  steps  21- 29: 20.3s  total: 52.7s  (30/100)
[2026-04-13 22:27:54] ds_explicit_update cases_001  steps  61- 69: 28.2s  total: 193.0s  (70/100)
[2026-04-13 22:28:08] gpt4o_online cases_003  steps  31- 39: 34.1s  total: 86.8s  (40/100)
[2026-04-13 22:28:22] ds_explicit_update cases_001  steps  71- 79: 28.4s  total: 221.4s  (80/100)
[2026-04-13 22:28:47] gpt4o_online cases_003  steps  41- 49: 39.2s  total: 126.0s  (50/100)
[2026-04-13 22:28:50] ds_explicit_update cases_001  steps  81- 89: 28.5s  total: 250.0s  (90/100)
[2026-04-13 22:29:20] ds_explicit_update cases_001  steps  91- 99: 29.1s  total: 279.0s  (100/100)
[2026-04-13 22:29:22] DONE ds_explicit_update cases_001  total: 281.2s  (2.81s/step)
[2026-04-13 22:29:22]   tokens: 447,184 in + 5,117 out (reasoning: 0)  cost: $0.1264
[2026-04-13 22:29:22] START ds_explicit_update cases_002 (100 steps)
[2026-04-13 22:29:40] gpt4o_online cases_003  steps  51- 59: 52.8s  total: 178.8s  (60/100)
[2026-04-13 22:29:48] ds_explicit_update cases_002  steps   1-  9: 26.1s  total: 26.1s  (10/100)
[2026-04-13 22:30:15] ds_explicit_update cases_002  steps  11- 19: 26.5s  total: 52.6s  (20/100)
[2026-04-13 22:30:42] ds_explicit_update cases_002  steps  21- 29: 26.8s  total: 79.5s  (30/100)
[2026-04-13 22:30:48] gpt4o_online cases_003  steps  61- 69: 68.8s  total: 247.6s  (70/100)
[2026-04-13 22:31:08] ds_explicit_update cases_002  steps  31- 39: 25.9s  total: 105.4s  (40/100)
[2026-04-13 22:31:35] ds_explicit_update cases_002  steps  41- 49: 27.4s  total: 132.8s  (50/100)
[2026-04-13 22:31:58] gpt4o_online cases_003  steps  71- 79: 69.9s  total: 317.5s  (80/100)
[2026-04-13 22:32:03] ds_explicit_update cases_002  steps  51- 59: 28.0s  total: 160.8s  (60/100)
[2026-04-13 22:32:31] ds_explicit_update cases_002  steps  61- 69: 28.0s  total: 188.8s  (70/100)
[2026-04-13 22:33:08] ds_explicit_update cases_002  steps  71- 79: 36.5s  total: 225.3s  (80/100)
[2026-04-13 22:33:18] gpt4o_online cases_003  steps  81- 89: 80.2s  total: 397.6s  (90/100)
[2026-04-13 22:33:43] ds_explicit_update cases_002  steps  81- 89: 35.7s  total: 261.0s  (90/100)
[2026-04-13 22:34:16] ds_explicit_update cases_002  steps  91- 99: 32.9s  total: 293.9s  (100/100)
[2026-04-13 22:34:22] DONE ds_explicit_update cases_002  total: 299.5s  (2.99s/step)
[2026-04-13 22:34:22]   tokens: 422,476 in + 4,623 out (reasoning: 0)  cost: $0.1192
[2026-04-13 22:34:22] START ds_explicit_update cases_003 (100 steps)
[2026-04-13 22:34:51] gpt4o_online cases_003  steps  91- 99: 92.6s  total: 490.3s  (100/100)
[2026-04-13 22:34:51] DONE gpt4o_online cases_003  total: 490.3s  (4.90s/step)
[2026-04-13 22:34:51]   tokens: 242,200 in + 1,300 out (reasoning: 0)  cost: $0.6185
[2026-04-13 22:34:51] START gpt4o_online cases_004 (100 steps)
[2026-04-13 22:34:56] ds_explicit_update cases_003  steps   1-  9: 33.4s  total: 33.4s  (10/100)
[2026-04-13 22:34:59] gpt4o_online cases_004  steps   1-  9: 7.1s  total: 7.1s  (10/100)
[2026-04-13 22:35:14] gpt4o_online cases_004  steps  11- 19: 15.5s  total: 22.6s  (20/100)
[2026-04-13 22:35:29] ds_explicit_update cases_003  steps  11- 19: 33.3s  total: 66.7s  (20/100)
[2026-04-13 22:35:41] gpt4o_online cases_004  steps  21- 29: 26.8s  total: 49.5s  (30/100)
[2026-04-13 22:36:01] ds_explicit_update cases_003  steps  21- 29: 31.6s  total: 98.3s  (30/100)
[2026-04-13 22:36:11] gpt4o_online cases_004  steps  31- 39: 30.2s  total: 79.6s  (40/100)
[2026-04-13 22:36:33] ds_explicit_update cases_003  steps  31- 39: 32.9s  total: 131.2s  (40/100)
[2026-04-13 22:36:59] gpt4o_online cases_004  steps  41- 49: 47.5s  total: 127.2s  (50/100)
[2026-04-13 22:37:06] ds_explicit_update cases_003  steps  41- 49: 32.8s  total: 164.1s  (50/100)
[2026-04-13 22:37:42] ds_explicit_update cases_003  steps  51- 59: 35.6s  total: 199.6s  (60/100)
[2026-04-13 22:37:51] gpt4o_online cases_004  steps  51- 59: 52.8s  total: 180.0s  (60/100)
[2026-04-13 22:38:16] ds_explicit_update cases_003  steps  61- 69: 34.6s  total: 234.2s  (70/100)
[2026-04-13 22:38:51] gpt4o_online cases_004  steps  61- 69: 59.3s  total: 239.3s  (70/100)
[2026-04-13 22:38:53] ds_explicit_update cases_003  steps  71- 79: 36.7s  total: 270.9s  (80/100)
[2026-04-13 22:39:28] ds_explicit_update cases_003  steps  81- 89: 35.0s  total: 305.9s  (90/100)
[2026-04-13 22:40:03] ds_explicit_update cases_003  steps  91- 99: 34.8s  total: 340.7s  (100/100)
[2026-04-13 22:40:05] gpt4o_online cases_004  steps  71- 79: 73.7s  total: 313.1s  (80/100)
[2026-04-13 22:40:06] DONE ds_explicit_update cases_003  total: 343.3s  (3.43s/step)
[2026-04-13 22:40:06]   tokens: 507,501 in + 6,298 out (reasoning: 0)  cost: $0.1440
[2026-04-13 22:40:06] START ds_explicit_update cases_004 (100 steps)
[2026-04-13 22:40:40] ds_explicit_update cases_004  steps   1-  9: 33.7s  total: 33.7s  (10/100)
[2026-04-13 22:41:15] ds_explicit_update cases_004  steps  11- 19: 35.5s  total: 69.2s  (20/100)
[2026-04-13 22:41:27] gpt4o_online cases_004  steps  81- 89: 82.5s  total: 395.5s  (90/100)
[2026-04-13 22:41:50] ds_explicit_update cases_004  steps  21- 29: 34.9s  total: 104.1s  (30/100)
[2026-04-13 22:42:26] ds_explicit_update cases_004  steps  31- 39: 36.2s  total: 140.3s  (40/100)
[2026-04-13 22:42:55] gpt4o_online cases_004  steps  91- 99: 87.5s  total: 483.0s  (100/100)
[2026-04-13 22:42:55] DONE gpt4o_online cases_004  total: 483.0s  (4.83s/step)
[2026-04-13 22:42:55]   tokens: 242,200 in + 1,300 out (reasoning: 0)  cost: $0.6185
[2026-04-13 22:42:55] START gpt4o_online cases_005 (100 steps)
[2026-04-13 22:43:04] ds_explicit_update cases_004  steps  41- 49: 37.4s  total: 177.7s  (50/100)
[2026-04-13 22:43:04] gpt4o_online cases_005  steps   1-  9: 9.1s  total: 9.1s  (10/100)
[2026-04-13 22:43:22] gpt4o_online cases_005  steps  11- 19: 17.7s  total: 26.8s  (20/100)
[2026-04-13 22:43:41] ds_explicit_update cases_004  steps  51- 59: 36.8s  total: 214.5s  (60/100)
[2026-04-13 22:43:45] gpt4o_online cases_005  steps  21- 29: 22.8s  total: 49.6s  (30/100)
[2026-04-13 22:44:16] ds_explicit_update cases_004  steps  61- 69: 35.6s  total: 250.1s  (70/100)
[2026-04-13 22:44:18] gpt4o_online cases_005  steps  31- 39: 33.5s  total: 83.1s  (40/100)
[2026-04-13 22:44:52] ds_explicit_update cases_004  steps  71- 79: 35.5s  total: 285.7s  (80/100)
[2026-04-13 22:45:00] gpt4o_online cases_005  steps  41- 49: 41.7s  total: 124.7s  (50/100)
[2026-04-13 22:45:27] ds_explicit_update cases_004  steps  81- 89: 35.7s  total: 321.4s  (90/100)
[2026-04-13 22:45:53] gpt4o_online cases_005  steps  51- 59: 53.0s  total: 177.8s  (60/100)
[2026-04-13 22:46:02] ds_explicit_update cases_004  steps  91- 99: 34.8s  total: 356.2s  (100/100)
[2026-04-13 22:46:06] DONE ds_explicit_update cases_004  total: 359.3s  (3.59s/step)
[2026-04-13 22:46:06]   tokens: 542,616 in + 7,038 out (reasoning: 0)  cost: $0.1542
[2026-04-13 22:46:06] START ds_explicit_update cases_005 (100 steps)
[2026-04-13 22:46:39] ds_explicit_update cases_005  steps   1-  9: 33.0s  total: 33.0s  (10/100)
[2026-04-13 22:47:02] gpt4o_online cases_005  steps  61- 69: 69.4s  total: 247.1s  (70/100)
[2026-04-13 22:47:12] ds_explicit_update cases_005  steps  11- 19: 32.9s  total: 65.9s  (20/100)
[2026-04-13 22:47:47] ds_explicit_update cases_005  steps  21- 29: 35.4s  total: 101.3s  (30/100)
[2026-04-13 22:48:12] gpt4o_online cases_005  steps  71- 79: 69.5s  total: 316.7s  (80/100)
[2026-04-13 22:48:20] ds_explicit_update cases_005  steps  31- 39: 32.6s  total: 134.0s  (40/100)
[2026-04-13 22:48:54] ds_explicit_update cases_005  steps  41- 49: 34.5s  total: 168.5s  (50/100)
[2026-04-13 22:49:27] ds_explicit_update cases_005  steps  51- 59: 32.4s  total: 200.9s  (60/100)
[2026-04-13 22:49:32] gpt4o_online cases_005  steps  81- 89: 80.5s  total: 397.2s  (90/100)
[2026-04-13 22:50:00] ds_explicit_update cases_005  steps  61- 69: 32.9s  total: 233.9s  (70/100)
[2026-04-13 22:50:34] ds_explicit_update cases_005  steps  71- 79: 34.2s  total: 268.1s  (80/100)
[2026-04-13 22:50:53] gpt4o_online cases_005  steps  91- 99: 80.6s  total: 477.8s  (100/100)
[2026-04-13 22:50:53] DONE gpt4o_online cases_005  total: 477.8s  (4.78s/step)
[2026-04-13 22:50:53]   tokens: 242,200 in + 1,300 out (reasoning: 0)  cost: $0.6185
[2026-04-13 22:50:53] START gpt4o_online cases_006 (100 steps)
[2026-04-13 22:51:09] ds_explicit_update cases_005  steps  81- 89: 35.0s  total: 303.1s  (90/100)
[2026-04-13 22:51:12] gpt4o_online cases_006  steps   1-  9: 19.0s  total: 19.0s  (10/100)
[2026-04-13 22:51:30] gpt4o_online cases_006  steps  11- 19: 17.5s  total: 36.5s  (20/100)
[2026-04-13 22:51:43] ds_explicit_update cases_005  steps  91- 99: 33.8s  total: 336.9s  (100/100)
[2026-04-13 22:51:46] DONE ds_explicit_update cases_005  total: 339.8s  (3.40s/step)
[2026-04-13 22:51:46]   tokens: 545,856 in + 7,098 out (reasoning: 0)  cost: $0.1552
[2026-04-13 22:51:46] START ds_explicit_update cases_006 (100 steps)
[2026-04-13 22:51:50] gpt4o_online cases_006  steps  21- 29: 20.3s  total: 56.8s  (30/100)
[2026-04-13 22:52:13] ds_explicit_update cases_006  steps   1-  9: 26.5s  total: 26.5s  (10/100)
[2026-04-13 22:52:29] gpt4o_online cases_006  steps  31- 39: 39.3s  total: 96.2s  (40/100)
[2026-04-13 22:52:38] ds_explicit_update cases_006  steps  11- 19: 25.1s  total: 51.6s  (20/100)
[2026-04-13 22:53:03] ds_explicit_update cases_006  steps  21- 29: 24.9s  total: 76.5s  (30/100)
[2026-04-13 22:53:13] gpt4o_online cases_006  steps  41- 49: 43.1s  total: 139.2s  (50/100)
[2026-04-13 22:53:30] ds_explicit_update cases_006  steps  31- 39: 27.1s  total: 103.6s  (40/100)
[2026-04-13 22:53:56] ds_explicit_update cases_006  steps  41- 49: 26.3s  total: 129.9s  (50/100)
[2026-04-13 22:54:03] gpt4o_online cases_006  steps  51- 59: 50.1s  total: 189.4s  (60/100)
[2026-04-13 22:54:23] ds_explicit_update cases_006  steps  51- 59: 26.8s  total: 156.7s  (60/100)
[2026-04-13 22:54:50] ds_explicit_update cases_006  steps  61- 69: 27.2s  total: 183.9s  (70/100)
[2026-04-13 22:55:07] gpt4o_online cases_006  steps  61- 69: 64.4s  total: 253.8s  (70/100)
[2026-04-13 22:55:17] ds_explicit_update cases_006  steps  71- 79: 26.8s  total: 210.8s  (80/100)
[2026-04-13 22:55:46] ds_explicit_update cases_006  steps  81- 89: 28.8s  total: 239.6s  (90/100)
[2026-04-13 22:56:12] ds_explicit_update cases_006  steps  91- 99: 26.3s  total: 265.9s  (100/100)
[2026-04-13 22:56:13] gpt4o_online cases_006  steps  71- 79: 66.1s  total: 319.8s  (80/100)
[2026-04-13 22:56:15] DONE ds_explicit_update cases_006  total: 267.9s  (2.68s/step)
[2026-04-13 22:56:15]   tokens: 422,476 in + 4,623 out (reasoning: 0)  cost: $0.1192
[2026-04-13 22:56:15] START ds_explicit_update cases_007 (100 steps)
[2026-04-13 22:56:41] ds_explicit_update cases_007  steps   1-  9: 26.2s  total: 26.2s  (10/100)
[2026-04-13 22:57:06] ds_explicit_update cases_007  steps  11- 19: 25.3s  total: 51.5s  (20/100)
[2026-04-13 22:57:30] ds_explicit_update cases_007  steps  21- 29: 24.1s  total: 75.5s  (30/100)
[2026-04-13 22:57:39] gpt4o_online cases_006  steps  81- 89: 86.2s  total: 406.0s  (90/100)
[2026-04-13 22:57:55] ds_explicit_update cases_007  steps  31- 39: 24.8s  total: 100.3s  (40/100)
[2026-04-13 22:58:19] ds_explicit_update cases_007  steps  41- 49: 24.0s  total: 124.3s  (50/100)
[2026-04-13 22:58:46] ds_explicit_update cases_007  steps  51- 59: 27.1s  total: 151.4s  (60/100)
[2026-04-13 22:59:09] gpt4o_online cases_006  steps  91- 99: 89.3s  total: 495.3s  (100/100)
[2026-04-13 22:59:09] DONE gpt4o_online cases_006  total: 495.3s  (4.95s/step)
[2026-04-13 22:59:09]   tokens: 242,200 in + 1,300 out (reasoning: 0)  cost: $0.6185
[2026-04-13 22:59:09] START gpt4o_online cases_007 (100 steps)
[2026-04-13 22:59:13] ds_explicit_update cases_007  steps  61- 69: 26.6s  total: 178.0s  (70/100)
[2026-04-13 22:59:19] gpt4o_online cases_007  steps   1-  9: 9.7s  total: 9.7s  (10/100)
[2026-04-13 22:59:36] gpt4o_online cases_007  steps  11- 19: 17.4s  total: 27.1s  (20/100)
[2026-04-13 22:59:40] ds_explicit_update cases_007  steps  71- 79: 27.7s  total: 205.8s  (80/100)
[2026-04-13 22:59:57] gpt4o_online cases_007  steps  21- 29: 20.6s  total: 47.7s  (30/100)
[2026-04-13 23:00:13] ds_explicit_update cases_007  steps  81- 89: 32.7s  total: 238.4s  (90/100)
[2026-04-13 23:00:33] gpt4o_online cases_007  steps  31- 39: 35.9s  total: 83.6s  (40/100)
[2026-04-13 23:00:46] ds_explicit_update cases_007  steps  91- 99: 32.7s  total: 271.1s  (100/100)
[2026-04-13 23:00:49] DONE ds_explicit_update cases_007  total: 273.6s  (2.74s/step)
[2026-04-13 23:00:49]   tokens: 422,476 in + 4,623 out (reasoning: 0)  cost: $0.1192
[2026-04-13 23:00:49] START ds_explicit_update cases_008 (100 steps)
[2026-04-13 23:01:17] ds_explicit_update cases_008  steps   1-  9: 28.2s  total: 28.2s  (10/100)
[2026-04-13 23:01:20] gpt4o_online cases_007  steps  41- 49: 47.1s  total: 130.7s  (50/100)
[2026-04-13 23:01:45] ds_explicit_update cases_008  steps  11- 19: 27.9s  total: 56.0s  (20/100)
[2026-04-13 23:02:12] gpt4o_online cases_007  steps  51- 59: 52.6s  total: 183.3s  (60/100)
[2026-04-13 23:02:13] ds_explicit_update cases_008  steps  21- 29: 28.3s  total: 84.4s  (30/100)
[2026-04-13 23:02:44] ds_explicit_update cases_008  steps  31- 39: 30.5s  total: 114.9s  (40/100)
[2026-04-13 23:03:08] gpt4o_online cases_007  steps  61- 69: 56.0s  total: 239.4s  (70/100)
[2026-04-13 23:03:14] ds_explicit_update cases_008  steps  41- 49: 30.1s  total: 145.0s  (50/100)
[2026-04-13 23:03:43] ds_explicit_update cases_008  steps  51- 59: 29.7s  total: 174.7s  (60/100)
[2026-04-13 23:04:14] ds_explicit_update cases_008  steps  61- 69: 30.3s  total: 204.9s  (70/100)
[2026-04-13 23:04:17] gpt4o_online cases_007  steps  71- 79: 68.9s  total: 308.3s  (80/100)
[2026-04-13 23:04:45] ds_explicit_update cases_008  steps  71- 79: 31.6s  total: 236.5s  (80/100)
[2026-04-13 23:05:16] ds_explicit_update cases_008  steps  81- 89: 30.6s  total: 267.1s  (90/100)
[2026-04-13 23:05:39] gpt4o_online cases_007  steps  81- 89: 81.4s  total: 389.7s  (90/100)
[2026-04-13 23:05:48] ds_explicit_update cases_008  steps  91- 99: 32.1s  total: 299.2s  (100/100)
[2026-04-13 23:05:51] DONE ds_explicit_update cases_008  total: 301.6s  (3.02s/step)
[2026-04-13 23:05:51]   tokens: 422,476 in + 4,623 out (reasoning: 0)  cost: $0.1192
[2026-04-13 23:05:51] START ds_explicit_update cases_009 (100 steps)
[2026-04-13 23:06:19] ds_explicit_update cases_009  steps   1-  9: 28.7s  total: 28.7s  (10/100)
[2026-04-13 23:06:47] ds_explicit_update cases_009  steps  11- 19: 27.5s  total: 56.2s  (20/100)
[2026-04-13 23:07:15] ds_explicit_update cases_009  steps  21- 29: 27.9s  total: 84.1s  (30/100)
[2026-04-13 23:07:16] gpt4o_online cases_007  steps  91- 99: 97.1s  total: 486.7s  (100/100)
[2026-04-13 23:07:16] DONE gpt4o_online cases_007  total: 486.7s  (4.87s/step)
[2026-04-13 23:07:16]   tokens: 242,200 in + 1,300 out (reasoning: 0)  cost: $0.6185
[2026-04-13 23:07:16] START gpt4o_online cases_008 (100 steps)
[2026-04-13 23:07:27] gpt4o_online cases_008  steps   1-  9: 10.5s  total: 10.5s  (10/100)
[2026-04-13 23:07:41] gpt4o_online cases_008  steps  11- 19: 14.6s  total: 25.2s  (20/100)
[2026-04-13 23:07:43] ds_explicit_update cases_009  steps  31- 39: 28.1s  total: 112.2s  (40/100)
[2026-04-13 23:08:07] gpt4o_online cases_008  steps  21- 29: 25.6s  total: 50.8s  (30/100)
[2026-04-13 23:08:11] ds_explicit_update cases_009  steps  41- 49: 28.4s  total: 140.6s  (50/100)
[2026-04-13 23:08:41] ds_explicit_update cases_009  steps  51- 59: 29.4s  total: 170.0s  (60/100)
[2026-04-13 23:08:43] gpt4o_online cases_008  steps  31- 39: 35.5s  total: 86.3s  (40/100)
[2026-04-13 23:09:10] ds_explicit_update cases_009  steps  61- 69: 29.1s  total: 199.1s  (70/100)
[2026-04-13 23:09:26] gpt4o_online cases_008  steps  41- 49: 43.8s  total: 130.1s  (50/100)
[2026-04-13 23:09:38] ds_explicit_update cases_009  steps  71- 79: 28.2s  total: 227.4s  (80/100)
[2026-04-13 23:10:08] ds_explicit_update cases_009  steps  81- 89: 29.5s  total: 256.8s  (90/100)
[2026-04-13 23:10:14] gpt4o_online cases_008  steps  51- 59: 47.3s  total: 177.4s  (60/100)
[2026-04-13 23:10:39] ds_explicit_update cases_009  steps  91- 99: 31.2s  total: 288.0s  (100/100)
[2026-04-13 23:10:42] DONE ds_explicit_update cases_009  total: 290.8s  (2.91s/step)
[2026-04-13 23:10:42]   tokens: 422,476 in + 4,626 out (reasoning: 0)  cost: $0.1192
[2026-04-13 23:11:19] gpt4o_online cases_008  steps  61- 69: 64.9s  total: 242.3s  (70/100)
[2026-04-13 23:12:33] gpt4o_online cases_008  steps  71- 79: 74.1s  total: 316.4s  (80/100)
[2026-04-13 23:13:45] gpt4o_online cases_008  steps  81- 89: 72.7s  total: 389.1s  (90/100)
[2026-04-13 23:15:13] gpt4o_online cases_008  steps  91- 99: 88.1s  total: 477.2s  (100/100)
[2026-04-13 23:15:14] DONE gpt4o_online cases_008  total: 477.2s  (4.77s/step)
[2026-04-13 23:15:14]   tokens: 242,200 in + 1,300 out (reasoning: 0)  cost: $0.6185
[2026-04-13 23:15:14] START gpt4o_online cases_009 (100 steps)
[2026-04-13 23:15:35] gpt4o_online cases_009  steps   1-  9: 21.3s  total: 21.3s  (10/100)
[2026-04-13 23:15:50] gpt4o_online cases_009  steps  11- 19: 14.5s  total: 35.8s  (20/100)
[2026-04-13 23:16:15] gpt4o_online cases_009  steps  21- 29: 25.4s  total: 61.2s  (30/100)
[2026-04-13 23:16:50] gpt4o_online cases_009  steps  31- 39: 34.4s  total: 95.6s  (40/100)
[2026-04-13 23:17:29] gpt4o_online cases_009  steps  41- 49: 39.2s  total: 134.8s  (50/100)
[2026-04-13 23:18:26] gpt4o_online cases_009  steps  51- 59: 57.6s  total: 192.5s  (60/100)
[2026-04-13 23:19:30] gpt4o_online cases_009  steps  61- 69: 63.5s  total: 256.0s  (70/100)
[2026-04-13 23:20:32] gpt4o_online cases_009  steps  71- 79: 62.3s  total: 318.3s  (80/100)
[2026-04-13 23:22:02] gpt4o_online cases_009  steps  81- 89: 89.8s  total: 408.2s  (90/100)
[2026-04-13 23:23:22] gpt4o_online cases_009  steps  91- 99: 79.6s  total: 487.8s  (100/100)
[2026-04-13 23:23:22] DONE gpt4o_online cases_009  total: 487.8s  (4.88s/step)
[2026-04-13 23:23:22]   tokens: 242,200 in + 1,300 out (reasoning: 0)  cost: $0.6185
[2026-04-13 23:23:22] START gpt4o_online cases_010 (100 steps)
[2026-04-13 23:23:40] gpt4o_online cases_010  steps   1-  9: 17.4s  total: 17.4s  (10/100)
[2026-04-13 23:23:57] gpt4o_online cases_010  steps  11- 19: 17.7s  total: 35.2s  (20/100)
[2026-04-13 23:24:22] gpt4o_online cases_010  steps  21- 29: 24.7s  total: 59.9s  (30/100)
[2026-04-13 23:24:55] gpt4o_online cases_010  steps  31- 39: 32.3s  total: 92.2s  (40/100)
[2026-04-13 23:25:40] gpt4o_online cases_010  steps  41- 49: 45.6s  total: 137.8s  (50/100)
[2026-04-13 23:26:33] gpt4o_online cases_010  steps  51- 59: 53.4s  total: 191.2s  (60/100)
[2026-04-13 23:27:37] gpt4o_online cases_010  steps  61- 69: 63.7s  total: 254.9s  (70/100)
[2026-04-13 23:28:39] gpt4o_online cases_010  steps  71- 79: 62.2s  total: 317.2s  (80/100)
[2026-04-13 23:29:59] gpt4o_online cases_010  steps  81- 89: 79.5s  total: 396.6s  (90/100)
[2026-04-13 23:31:38] gpt4o_online cases_010  steps  91- 99: 99.5s  total: 496.1s  (100/100)
[2026-04-13 23:31:39] DONE gpt4o_online cases_010  total: 496.1s  (4.96s/step)
[2026-04-13 23:31:39]   tokens: 242,200 in + 1,300 out (reasoning: 0)  cost: $0.6185
[2026-04-13 23:31:39] START gpt4o_online cases_011 (100 steps)
[2026-04-13 23:31:48] gpt4o_online cases_011  steps   1-  9: 8.9s  total: 8.9s  (10/100)
[2026-04-13 23:32:04] gpt4o_online cases_011  steps  11- 19: 15.9s  total: 24.8s  (20/100)
[2026-04-13 23:32:29] gpt4o_online cases_011  steps  21- 29: 25.3s  total: 50.1s  (30/100)
[2026-04-13 23:33:04] gpt4o_online cases_011  steps  31- 39: 34.5s  total: 84.6s  (40/100)
[2026-04-13 23:33:43] gpt4o_online cases_011  steps  41- 49: 39.3s  total: 123.9s  (50/100)
[2026-04-13 23:34:33] gpt4o_online cases_011  steps  51- 59: 50.2s  total: 174.2s  (60/100)
[2026-04-13 23:35:42] gpt4o_online cases_011  steps  61- 69: 69.4s  total: 243.6s  (70/100)
[2026-04-13 23:36:54] gpt4o_online cases_011  steps  71- 79: 71.4s  total: 315.0s  (80/100)
[2026-04-13 23:38:17] gpt4o_online cases_011  steps  81- 89: 82.9s  total: 397.8s  (90/100)
[2026-04-13 23:39:44] gpt4o_online cases_011  steps  91- 99: 87.1s  total: 484.9s  (100/100)
[2026-04-13 23:39:44] DONE gpt4o_online cases_011  total: 484.9s  (4.85s/step)
[2026-04-13 23:39:44]   tokens: 242,200 in + 1,300 out (reasoning: 0)  cost: $0.6185
[2026-04-13 23:39:44] START gpt4o_online cases_012 (100 steps)
[2026-04-13 23:39:55] gpt4o_online cases_012  steps   1-  9: 10.7s  total: 10.7s  (10/100)
[2026-04-13 23:40:08] gpt4o_online cases_012  steps  11- 19: 12.7s  total: 23.4s  (20/100)
[2026-04-13 23:40:37] gpt4o_online cases_012  steps  21- 29: 29.0s  total: 52.4s  (30/100)
[2026-04-13 23:41:11] gpt4o_online cases_012  steps  31- 39: 34.4s  total: 86.8s  (40/100)
[2026-04-13 23:41:48] gpt4o_online cases_012  steps  41- 49: 36.5s  total: 123.3s  (50/100)
[2026-04-13 23:42:42] gpt4o_online cases_012  steps  51- 59: 54.0s  total: 177.3s  (60/100)
[2026-04-13 23:43:46] gpt4o_online cases_012  steps  61- 69: 64.2s  total: 241.6s  (70/100)
[2026-04-13 23:45:01] gpt4o_online cases_012  steps  71- 79: 75.0s  total: 316.5s  (80/100)
[2026-04-13 23:46:21] gpt4o_online cases_012  steps  81- 89: 80.2s  total: 396.7s  (90/100)
[2026-04-13 23:47:51] gpt4o_online cases_012  steps  91- 99: 90.0s  total: 486.7s  (100/100)
[2026-04-13 23:47:51] DONE gpt4o_online cases_012  total: 486.7s  (4.87s/step)
[2026-04-13 23:47:51]   tokens: 242,200 in + 1,300 out (reasoning: 0)  cost: $0.6185
[2026-04-13 23:47:51] START gpt4o_online cases_013 (100 steps)
[2026-04-13 23:48:00] gpt4o_online cases_013  steps   1-  9: 8.3s  total: 8.3s  (10/100)
[2026-04-13 23:48:14] gpt4o_online cases_013  steps  11- 19: 14.2s  total: 22.5s  (20/100)
[2026-04-13 23:48:43] gpt4o_online cases_013  steps  21- 29: 29.0s  total: 51.5s  (30/100)
[2026-04-13 23:49:08] gpt4o_online cases_013  steps  31- 39: 24.6s  total: 76.1s  (40/100)
[2026-04-13 23:50:01] gpt4o_online cases_013  steps  41- 49: 53.7s  total: 129.8s  (50/100)
[2026-04-13 23:50:54] gpt4o_online cases_013  steps  51- 59: 52.8s  total: 182.7s  (60/100)
[2026-04-13 23:51:53] gpt4o_online cases_013  steps  61- 69: 58.8s  total: 241.4s  (70/100)
[2026-04-13 23:53:02] gpt4o_online cases_013  steps  71- 79: 69.0s  total: 310.4s  (80/100)
[2026-04-13 23:54:26] gpt4o_online cases_013  steps  81- 89: 84.2s  total: 394.6s  (90/100)
[2026-04-13 23:55:49] gpt4o_online cases_013  steps  91- 99: 82.6s  total: 477.2s  (100/100)
[2026-04-13 23:55:49] DONE gpt4o_online cases_013  total: 477.2s  (4.77s/step)
[2026-04-13 23:55:49]   tokens: 242,200 in + 1,300 out (reasoning: 0)  cost: $0.6185
[2026-04-13 23:55:49] START gpt4o_online cases_014 (100 steps)
[2026-04-13 23:56:10] gpt4o_online cases_014  steps   1-  9: 20.9s  total: 20.9s  (10/100)
[2026-04-13 23:56:23] gpt4o_online cases_014  steps  11- 19: 13.2s  total: 34.1s  (20/100)
[2026-04-13 23:56:48] gpt4o_online cases_014  steps  21- 29: 24.3s  total: 58.4s  (30/100)
[2026-04-13 23:57:27] gpt4o_online cases_014  steps  31- 39: 39.2s  total: 97.6s  (40/100)
[2026-04-13 23:58:08] gpt4o_online cases_014  steps  41- 49: 41.4s  total: 139.0s  (50/100)
[2026-04-13 23:59:04] gpt4o_online cases_014  steps  51- 59: 55.8s  total: 194.9s  (60/100)
[2026-04-13 23:59:57] gpt4o_online cases_014  steps  61- 69: 53.0s  total: 247.8s  (70/100)
[2026-04-14 00:01:08] gpt4o_online cases_014  steps  71- 79: 71.2s  total: 319.0s  (80/100)
[2026-04-14 00:02:35] gpt4o_online cases_014  steps  81- 89: 87.0s  total: 406.0s  (90/100)
[2026-04-14 00:03:56] gpt4o_online cases_014  steps  91- 99: 80.6s  total: 486.6s  (100/100)
[2026-04-14 00:03:56] DONE gpt4o_online cases_014  total: 486.6s  (4.87s/step)
[2026-04-14 00:03:56]   tokens: 242,200 in + 1,300 out (reasoning: 0)  cost: $0.6185
[2026-04-14 00:03:56] START gpt4o_online cases_015 (100 steps)
[2026-04-14 00:04:17] gpt4o_online cases_015  steps   1-  9: 20.3s  total: 20.3s  (10/100)
[2026-04-14 00:04:29] gpt4o_online cases_015  steps  11- 19: 12.4s  total: 32.7s  (20/100)
[2026-04-14 00:04:55] gpt4o_online cases_015  steps  21- 29: 26.1s  total: 58.8s  (30/100)
[2026-04-14 00:05:28] gpt4o_online cases_015  steps  31- 39: 33.0s  total: 91.8s  (40/100)
[2026-04-14 00:06:13] gpt4o_online cases_015  steps  41- 49: 44.7s  total: 136.5s  (50/100)
[2026-04-14 00:07:03] gpt4o_online cases_015  steps  51- 59: 50.1s  total: 186.6s  (60/100)
[2026-04-14 00:08:05] gpt4o_online cases_015  steps  61- 69: 62.4s  total: 249.0s  (70/100)
[2026-04-14 00:09:05] START ds_online cases_010 (100 steps)
[2026-04-14 00:09:10] START gpt4o_online cases_015 (100 steps)
[2026-04-14 00:09:15] gpt4o_online cases_015  steps   1-  9: 4.2s  total: 4.2s  (10/100)
[2026-04-14 00:09:19] gpt4o_online cases_015  steps  11- 19: 4.1s  total: 8.3s  (20/100)
[2026-04-14 00:09:21] ds_online cases_010  steps   1-  9: 15.8s  total: 15.8s  (10/100)
[2026-04-14 00:09:36] ds_online cases_010  steps  11- 19: 15.5s  total: 31.3s  (20/100)
[2026-04-14 00:09:43] gpt4o_online cases_015  steps  21- 29: 24.7s  total: 33.0s  (30/100)
[2026-04-14 00:09:52] ds_online cases_010  steps  21- 29: 16.0s  total: 47.3s  (30/100)
[2026-04-14 00:10:11] ds_online cases_010  steps  31- 39: 18.8s  total: 66.1s  (40/100)
[2026-04-14 00:10:19] gpt4o_online cases_015  steps  31- 39: 35.0s  total: 68.0s  (40/100)
[2026-04-14 00:10:28] ds_online cases_010  steps  41- 49: 17.2s  total: 83.2s  (50/100)
[2026-04-14 00:10:45] ds_online cases_010  steps  51- 59: 17.1s  total: 100.3s  (60/100)
[2026-04-14 00:10:58] gpt4o_online cases_015  steps  41- 49: 39.3s  total: 107.3s  (50/100)
[2026-04-14 00:11:02] ds_online cases_010  steps  61- 69: 16.7s  total: 117.0s  (70/100)
[2026-04-14 00:11:19] ds_online cases_010  steps  71- 79: 17.5s  total: 134.5s  (80/100)
[2026-04-14 00:11:36] ds_online cases_010  steps  81- 89: 16.9s  total: 151.4s  (90/100)
[2026-04-14 00:11:54] ds_online cases_010  steps  91- 99: 17.5s  total: 168.9s  (100/100)
[2026-04-14 00:11:54] gpt4o_online cases_015  steps  51- 59: 56.6s  total: 163.9s  (60/100)
[2026-04-14 00:11:54] DONE ds_online cases_010  total: 168.9s  (1.69s/step)
[2026-04-14 00:11:54]   tokens: 217,450 in + 1,000 out (reasoning: 0)  cost: $0.0598
[2026-04-14 00:11:55] START ds_online cases_011 (100 steps)
[2026-04-14 00:12:11] ds_online cases_011  steps   1-  9: 16.6s  total: 16.6s  (10/100)
[2026-04-14 00:12:28] ds_online cases_011  steps  11- 19: 16.9s  total: 33.5s  (20/100)
[2026-04-14 00:12:45] ds_online cases_011  steps  21- 29: 17.3s  total: 50.8s  (30/100)
[2026-04-14 00:12:56] gpt4o_online cases_015  steps  61- 69: 62.0s  total: 226.0s  (70/100)
[2026-04-14 00:13:03] ds_online cases_011  steps  31- 39: 17.6s  total: 68.4s  (40/100)
[2026-04-14 00:13:21] ds_online cases_011  steps  41- 49: 17.8s  total: 86.2s  (50/100)
[2026-04-14 00:13:38] ds_online cases_011  steps  51- 59: 17.4s  total: 103.6s  (60/100)
[2026-04-14 00:13:55] ds_online cases_011  steps  61- 69: 17.2s  total: 120.7s  (70/100)
[2026-04-14 00:14:01] gpt4o_online cases_015  steps  71- 79: 64.2s  total: 290.2s  (80/100)
[2026-04-14 00:14:12] ds_online cases_011  steps  71- 79: 17.2s  total: 137.9s  (80/100)
[2026-04-14 00:14:29] ds_online cases_011  steps  81- 89: 16.4s  total: 154.4s  (90/100)
[2026-04-14 00:14:49] ds_online cases_011  steps  91- 99: 20.3s  total: 174.6s  (100/100)
[2026-04-14 00:14:50] DONE ds_online cases_011  total: 174.6s  (1.75s/step)
[2026-04-14 00:14:50]   tokens: 217,450 in + 1,000 out (reasoning: 0)  cost: $0.0598
[2026-04-14 00:14:50] START ds_online cases_012 (100 steps)
[2026-04-14 00:15:06] ds_online cases_012  steps   1-  9: 15.9s  total: 15.9s  (10/100)
[2026-04-14 00:15:22] ds_online cases_012  steps  11- 19: 16.4s  total: 32.4s  (20/100)
[2026-04-14 00:15:29] gpt4o_online cases_015  steps  81- 89: 88.0s  total: 378.2s  (90/100)
[2026-04-14 00:15:40] ds_online cases_012  steps  21- 29: 17.6s  total: 50.0s  (30/100)
[2026-04-14 00:15:59] ds_online cases_012  steps  31- 39: 19.1s  total: 69.1s  (40/100)
[2026-04-14 00:16:17] ds_online cases_012  steps  41- 49: 18.2s  total: 87.3s  (50/100)
[2026-04-14 00:16:34] ds_online cases_012  steps  51- 59: 17.0s  total: 104.3s  (60/100)
[2026-04-14 00:16:50] ds_online cases_012  steps  61- 69: 16.5s  total: 120.8s  (70/100)
[2026-04-14 00:16:58] gpt4o_online cases_015  steps  91- 99: 89.7s  total: 467.9s  (100/100)
[2026-04-14 00:16:59] DONE gpt4o_online cases_015  total: 467.9s  (4.68s/step)
[2026-04-14 00:16:59]   tokens: 242,200 in + 1,300 out (reasoning: 0)  cost: $0.6185
[2026-04-14 00:16:59] START gpt4o_online cases_016 (100 steps)
[2026-04-14 00:17:08] ds_online cases_012  steps  71- 79: 17.6s  total: 138.4s  (80/100)
[2026-04-14 00:17:09] gpt4o_online cases_016  steps   1-  9: 9.7s  total: 9.7s  (10/100)
[2026-04-14 00:17:25] ds_online cases_012  steps  81- 89: 17.1s  total: 155.6s  (90/100)
[2026-04-14 00:17:25] gpt4o_online cases_016  steps  11- 19: 16.5s  total: 26.3s  (20/100)
[2026-04-14 00:17:43] ds_online cases_012  steps  91- 99: 17.6s  total: 173.1s  (100/100)
[2026-04-14 00:17:43] DONE ds_online cases_012  total: 173.1s  (1.73s/step)
[2026-04-14 00:17:43]   tokens: 217,450 in + 1,000 out (reasoning: 0)  cost: $0.0598
[2026-04-14 00:17:43] START ds_online cases_013 (100 steps)
[2026-04-14 00:17:50] gpt4o_online cases_016  steps  21- 29: 24.4s  total: 50.6s  (30/100)
[2026-04-14 00:17:59] ds_online cases_013  steps   1-  9: 15.3s  total: 15.3s  (10/100)
[2026-04-14 00:18:14] ds_online cases_013  steps  11- 19: 15.3s  total: 30.6s  (20/100)
[2026-04-14 00:18:21] gpt4o_online cases_016  steps  31- 39: 31.5s  total: 82.1s  (40/100)
[2026-04-14 00:18:30] ds_online cases_013  steps  21- 29: 16.3s  total: 47.0s  (30/100)
[2026-04-14 00:18:45] ds_online cases_013  steps  31- 39: 14.9s  total: 61.9s  (40/100)
[2026-04-14 00:19:01] ds_online cases_013  steps  41- 49: 16.0s  total: 77.9s  (50/100)
[2026-04-14 00:19:07] gpt4o_online cases_016  steps  41- 49: 45.6s  total: 127.7s  (50/100)
[2026-04-14 00:19:18] ds_online cases_013  steps  51- 59: 16.8s  total: 94.7s  (60/100)
[2026-04-14 00:19:34] ds_online cases_013  steps  61- 69: 16.4s  total: 111.1s  (70/100)
[2026-04-14 00:19:51] ds_online cases_013  steps  71- 79: 16.1s  total: 127.3s  (80/100)
[2026-04-14 00:19:56] gpt4o_online cases_016  steps  51- 59: 49.1s  total: 176.8s  (60/100)
[2026-04-14 00:20:06] ds_online cases_013  steps  81- 89: 15.6s  total: 142.8s  (90/100)
[2026-04-14 00:20:25] ds_online cases_013  steps  91- 99: 18.7s  total: 161.6s  (100/100)
[2026-04-14 00:20:25] DONE ds_online cases_013  total: 161.6s  (1.62s/step)
[2026-04-14 00:20:25]   tokens: 217,450 in + 1,000 out (reasoning: 0)  cost: $0.0598
[2026-04-14 00:20:25] START ds_online cases_014 (100 steps)
[2026-04-14 00:20:40] ds_online cases_014  steps   1-  9: 15.1s  total: 15.1s  (10/100)
[2026-04-14 00:20:55] ds_online cases_014  steps  11- 19: 15.0s  total: 30.1s  (20/100)
[2026-04-14 00:21:03] gpt4o_online cases_016  steps  61- 69: 67.3s  total: 244.1s  (70/100)
[2026-04-14 00:21:10] ds_online cases_014  steps  21- 29: 14.5s  total: 44.6s  (30/100)
[2026-04-14 00:21:26] ds_online cases_014  steps  31- 39: 15.6s  total: 60.2s  (40/100)
[2026-04-14 00:21:41] ds_online cases_014  steps  41- 49: 15.2s  total: 75.4s  (50/100)
[2026-04-14 00:21:57] ds_online cases_014  steps  51- 59: 16.6s  total: 92.0s  (60/100)
[2026-04-14 00:22:14] ds_online cases_014  steps  61- 69: 17.0s  total: 109.0s  (70/100)
[2026-04-14 00:22:15] gpt4o_online cases_016  steps  71- 79: 71.8s  total: 315.8s  (80/100)
[2026-04-14 00:22:30] ds_online cases_014  steps  71- 79: 15.4s  total: 124.4s  (80/100)
[2026-04-14 00:22:45] ds_online cases_014  steps  81- 89: 15.4s  total: 139.8s  (90/100)
[2026-04-14 00:23:03] ds_online cases_014  steps  91- 99: 17.7s  total: 157.4s  (100/100)
[2026-04-14 00:23:03] DONE ds_online cases_014  total: 157.4s  (1.57s/step)
[2026-04-14 00:23:03]   tokens: 217,450 in + 1,000 out (reasoning: 0)  cost: $0.0598
[2026-04-14 00:23:03] START ds_online cases_015 (100 steps)
[2026-04-14 00:23:19] ds_online cases_015  steps   1-  9: 15.6s  total: 15.6s  (10/100)
[2026-04-14 00:23:28] gpt4o_online cases_016  steps  81- 89: 72.8s  total: 388.6s  (90/100)
[2026-04-14 00:23:37] ds_online cases_015  steps  11- 19: 18.0s  total: 33.6s  (20/100)
[2026-04-14 00:23:52] ds_online cases_015  steps  21- 29: 15.4s  total: 49.0s  (30/100)
[2026-04-14 00:24:10] ds_online cases_015  steps  31- 39: 17.4s  total: 66.4s  (40/100)
[2026-04-14 00:24:25] ds_online cases_015  steps  41- 49: 15.8s  total: 82.2s  (50/100)
[2026-04-14 00:24:44] ds_online cases_015  steps  51- 59: 18.2s  total: 100.5s  (60/100)
[2026-04-14 00:24:56] gpt4o_online cases_016  steps  91- 99: 88.3s  total: 476.9s  (100/100)
[2026-04-14 00:24:57] DONE gpt4o_online cases_016  total: 476.9s  (4.77s/step)
[2026-04-14 00:24:57]   tokens: 242,200 in + 1,300 out (reasoning: 0)  cost: $0.6185
[2026-04-14 00:24:57] START gpt4o_online cases_017 (100 steps)
[2026-04-14 00:25:01] ds_online cases_015  steps  61- 69: 17.1s  total: 117.5s  (70/100)
[2026-04-14 00:25:16] gpt4o_online cases_017  steps   1-  9: 19.1s  total: 19.1s  (10/100)
[2026-04-14 00:25:18] ds_online cases_015  steps  71- 79: 17.1s  total: 134.6s  (80/100)
[2026-04-14 00:25:30] gpt4o_online cases_017  steps  11- 19: 14.6s  total: 33.7s  (20/100)
[2026-04-14 00:25:35] ds_online cases_015  steps  81- 89: 16.9s  total: 151.5s  (90/100)
[2026-04-14 00:25:53] ds_online cases_015  steps  91- 99: 18.3s  total: 169.8s  (100/100)
[2026-04-14 00:25:53] DONE ds_online cases_015  total: 169.8s  (1.70s/step)
[2026-04-14 00:25:53]   tokens: 217,450 in + 1,000 out (reasoning: 0)  cost: $0.0598
[2026-04-14 00:25:53] START ds_online cases_016 (100 steps)
[2026-04-14 00:25:58] gpt4o_online cases_017  steps  21- 29: 27.5s  total: 61.2s  (30/100)
[2026-04-14 00:26:09] ds_online cases_016  steps   1-  9: 16.0s  total: 16.0s  (10/100)
[2026-04-14 00:26:25] ds_online cases_016  steps  11- 19: 15.5s  total: 31.5s  (20/100)
[2026-04-14 00:26:28] gpt4o_online cases_017  steps  31- 39: 30.6s  total: 91.8s  (40/100)
[2026-04-14 00:26:40] ds_online cases_016  steps  21- 29: 15.2s  total: 46.6s  (30/100)
[2026-04-14 00:26:56] ds_online cases_016  steps  31- 39: 16.3s  total: 62.9s  (40/100)
[2026-04-14 00:27:11] gpt4o_online cases_017  steps  41- 49: 43.0s  total: 134.8s  (50/100)
[2026-04-14 00:27:13] ds_online cases_016  steps  41- 49: 16.4s  total: 79.3s  (50/100)
[2026-04-14 00:27:29] ds_online cases_016  steps  51- 59: 16.7s  total: 96.0s  (60/100)
[2026-04-14 00:27:47] ds_online cases_016  steps  61- 69: 17.4s  total: 113.4s  (70/100)
[2026-04-14 00:28:02] ds_online cases_016  steps  71- 79: 15.2s  total: 128.6s  (80/100)
[2026-04-14 00:28:03] gpt4o_online cases_017  steps  51- 59: 52.1s  total: 186.9s  (60/100)
[2026-04-14 00:28:19] ds_online cases_016  steps  81- 89: 17.1s  total: 145.7s  (90/100)
[2026-04-14 00:28:36] ds_online cases_016  steps  91- 99: 16.7s  total: 162.4s  (100/100)
[2026-04-14 00:28:36] DONE ds_online cases_016  total: 162.4s  (1.62s/step)
[2026-04-14 00:28:36]   tokens: 217,450 in + 1,000 out (reasoning: 0)  cost: $0.0598
[2026-04-14 00:28:36] START ds_online cases_017 (100 steps)
[2026-04-14 00:28:52] ds_online cases_017  steps   1-  9: 15.6s  total: 15.6s  (10/100)
[2026-04-14 00:29:05] gpt4o_online cases_017  steps  61- 69: 61.5s  total: 248.4s  (70/100)
[2026-04-14 00:29:08] ds_online cases_017  steps  11- 19: 16.2s  total: 31.9s  (20/100)
[2026-04-14 00:29:24] ds_online cases_017  steps  21- 29: 16.0s  total: 47.9s  (30/100)
[2026-04-14 00:29:40] ds_online cases_017  steps  31- 39: 16.1s  total: 64.0s  (40/100)
[2026-04-14 00:29:56] ds_online cases_017  steps  41- 49: 15.9s  total: 79.9s  (50/100)
[2026-04-14 00:30:15] ds_online cases_017  steps  51- 59: 19.2s  total: 99.2s  (60/100)
[2026-04-14 00:30:22] gpt4o_online cases_017  steps  71- 79: 77.3s  total: 325.7s  (80/100)
[2026-04-14 00:30:33] ds_online cases_017  steps  61- 69: 17.3s  total: 116.5s  (70/100)
[2026-04-14 00:30:51] ds_online cases_017  steps  71- 79: 17.9s  total: 134.4s  (80/100)
[2026-04-14 00:31:10] ds_online cases_017  steps  81- 89: 19.2s  total: 153.6s  (90/100)
[2026-04-14 00:31:28] ds_online cases_017  steps  91- 99: 17.8s  total: 171.4s  (100/100)
[2026-04-14 00:31:28] DONE ds_online cases_017  total: 171.4s  (1.71s/step)
[2026-04-14 00:31:28]   tokens: 217,450 in + 1,000 out (reasoning: 0)  cost: $0.0598
[2026-04-14 00:31:28] START ds_online cases_018 (100 steps)
[2026-04-14 00:31:29] gpt4o_online cases_017  steps  81- 89: 66.3s  total: 392.0s  (90/100)
[2026-04-14 00:31:44] ds_online cases_018  steps   1-  9: 16.2s  total: 16.2s  (10/100)
[2026-04-14 00:32:00] ds_online cases_018  steps  11- 19: 15.5s  total: 31.7s  (20/100)
[2026-04-14 00:32:16] ds_online cases_018  steps  21- 29: 16.0s  total: 47.7s  (30/100)
[2026-04-14 00:32:34] ds_online cases_018  steps  31- 39: 18.5s  total: 66.2s  (40/100)
[2026-04-14 00:32:52] ds_online cases_018  steps  41- 49: 17.5s  total: 83.6s  (50/100)
[2026-04-14 00:33:09] ds_online cases_018  steps  51- 59: 17.1s  total: 100.8s  (60/100)
[2026-04-14 00:33:12] gpt4o_online cases_017  steps  91- 99: 103.6s  total: 495.6s  (100/100)
[2026-04-14 00:33:13] DONE gpt4o_online cases_017  total: 495.6s  (4.96s/step)
[2026-04-14 00:33:13]   tokens: 242,200 in + 1,300 out (reasoning: 0)  cost: $0.6185
[2026-04-14 00:33:13] START gpt4o_online cases_018 (100 steps)
[2026-04-14 00:33:25] gpt4o_online cases_018  steps   1-  9: 12.1s  total: 12.1s  (10/100)
[2026-04-14 00:33:26] ds_online cases_018  steps  61- 69: 16.7s  total: 117.5s  (70/100)
[2026-04-14 00:33:37] gpt4o_online cases_018  steps  11- 19: 12.4s  total: 24.6s  (20/100)
[2026-04-14 00:33:42] ds_online cases_018  steps  71- 79: 16.0s  total: 133.5s  (80/100)
[2026-04-14 00:33:58] ds_online cases_018  steps  81- 89: 16.4s  total: 149.9s  (90/100)
[2026-04-14 00:34:03] gpt4o_online cases_018  steps  21- 29: 25.9s  total: 50.5s  (30/100)
[2026-04-14 00:34:16] ds_online cases_018  steps  91- 99: 18.3s  total: 168.2s  (100/100)
[2026-04-14 00:34:17] DONE ds_online cases_018  total: 168.2s  (1.68s/step)
[2026-04-14 00:34:17]   tokens: 217,450 in + 1,000 out (reasoning: 0)  cost: $0.0598
[2026-04-14 00:34:17] START ds_online cases_019 (100 steps)
[2026-04-14 00:34:35] ds_online cases_019  steps   1-  9: 17.9s  total: 17.9s  (10/100)
[2026-04-14 00:34:37] gpt4o_online cases_018  steps  31- 39: 34.0s  total: 84.5s  (40/100)
[2026-04-14 00:34:51] ds_online cases_019  steps  11- 19: 16.2s  total: 34.1s  (20/100)
[2026-04-14 00:35:07] ds_online cases_019  steps  21- 29: 16.3s  total: 50.4s  (30/100)
[2026-04-14 00:35:21] gpt4o_online cases_018  steps  41- 49: 44.0s  total: 128.5s  (50/100)
[2026-04-14 00:35:25] ds_online cases_019  steps  31- 39: 17.6s  total: 68.0s  (40/100)
[2026-04-14 00:35:42] ds_online cases_019  steps  41- 49: 17.3s  total: 85.2s  (50/100)
[2026-04-14 00:35:59] ds_online cases_019  steps  51- 59: 17.2s  total: 102.4s  (60/100)
[2026-04-14 00:36:12] gpt4o_online cases_018  steps  51- 59: 51.3s  total: 179.7s  (60/100)
[2026-04-14 00:36:17] ds_online cases_019  steps  61- 69: 17.3s  total: 119.7s  (70/100)
[2026-04-14 00:36:34] ds_online cases_019  steps  71- 79: 16.9s  total: 136.6s  (80/100)
[2026-04-14 00:36:51] ds_online cases_019  steps  81- 89: 17.5s  total: 154.1s  (90/100)
[2026-04-14 00:37:10] ds_online cases_019  steps  91- 99: 19.3s  total: 173.3s  (100/100)
[2026-04-14 00:37:11] DONE ds_online cases_019  total: 173.3s  (1.73s/step)
[2026-04-14 00:37:11]   tokens: 217,450 in + 1,000 out (reasoning: 0)  cost: $0.0598
[2026-04-14 00:37:11] START ds_weather cases_010 (100 steps)
[2026-04-14 00:37:20] gpt4o_online cases_018  steps  61- 69: 67.6s  total: 247.3s  (70/100)
[2026-04-14 00:37:26] ds_weather cases_010  steps   1-  9: 14.8s  total: 14.8s  (10/100)
[2026-04-14 00:37:42] ds_weather cases_010  steps  11- 19: 16.4s  total: 31.2s  (20/100)
[2026-04-14 00:37:58] ds_weather cases_010  steps  21- 29: 15.5s  total: 46.7s  (30/100)
[2026-04-14 00:38:13] ds_weather cases_010  steps  31- 39: 15.4s  total: 62.2s  (40/100)
[2026-04-14 00:38:29] gpt4o_online cases_018  steps  71- 79: 68.6s  total: 315.9s  (80/100)
[2026-04-14 00:38:29] ds_weather cases_010  steps  41- 49: 16.3s  total: 78.4s  (50/100)
[2026-04-14 00:38:45] ds_weather cases_010  steps  51- 59: 15.6s  total: 94.0s  (60/100)
[2026-04-14 00:39:01] ds_weather cases_010  steps  61- 69: 16.7s  total: 110.6s  (70/100)
[2026-04-14 00:39:20] ds_weather cases_010  steps  71- 79: 18.2s  total: 128.9s  (80/100)
[2026-04-14 00:39:37] ds_weather cases_010  steps  81- 89: 16.9s  total: 145.8s  (90/100)
[2026-04-14 00:39:49] gpt4o_online cases_018  steps  81- 89: 80.6s  total: 396.5s  (90/100)
[2026-04-14 00:39:53] ds_weather cases_010  steps  91- 99: 16.6s  total: 162.4s  (100/100)
[2026-04-14 00:39:54] DONE ds_weather cases_010  total: 162.4s  (1.62s/step)
[2026-04-14 00:39:54]   tokens: 223,200 in + 1,100 out (reasoning: 0)  cost: $0.0615
[2026-04-14 00:39:54] START ds_weather cases_011 (100 steps)
[2026-04-14 00:40:08] ds_weather cases_011  steps   1-  9: 14.5s  total: 14.5s  (10/100)
[2026-04-14 00:40:24] ds_weather cases_011  steps  11- 19: 16.0s  total: 30.5s  (20/100)
[2026-04-14 00:40:39] ds_weather cases_011  steps  21- 29: 15.0s  total: 45.5s  (30/100)
[2026-04-14 00:40:55] ds_weather cases_011  steps  31- 39: 15.4s  total: 60.9s  (40/100)
[2026-04-14 00:41:10] ds_weather cases_011  steps  41- 49: 15.2s  total: 76.1s  (50/100)
[2026-04-14 00:41:19] gpt4o_online cases_018  steps  91- 99: 90.0s  total: 486.5s  (100/100)
[2026-04-14 00:41:20] DONE gpt4o_online cases_018  total: 486.5s  (4.87s/step)
[2026-04-14 00:41:20]   tokens: 242,200 in + 1,300 out (reasoning: 0)  cost: $0.6185
[2026-04-14 00:41:20] START gpt4o_online cases_019 (100 steps)
[2026-04-14 00:41:27] ds_weather cases_011  steps  51- 59: 17.0s  total: 93.1s  (60/100)
[2026-04-14 00:41:31] gpt4o_online cases_019  steps   1-  9: 11.3s  total: 11.3s  (10/100)
[2026-04-14 00:41:43] ds_weather cases_011  steps  61- 69: 16.6s  total: 109.8s  (70/100)
[2026-04-14 00:41:46] gpt4o_online cases_019  steps  11- 19: 15.4s  total: 26.8s  (20/100)
[2026-04-14 00:41:59] ds_weather cases_011  steps  71- 79: 16.0s  total: 125.8s  (80/100)
[2026-04-14 00:42:11] gpt4o_online cases_019  steps  21- 29: 24.8s  total: 51.6s  (30/100)
[2026-04-14 00:42:16] ds_weather cases_011  steps  81- 89: 16.6s  total: 142.4s  (90/100)
[2026-04-14 00:42:32] ds_weather cases_011  steps  91- 99: 16.3s  total: 158.7s  (100/100)
[2026-04-14 00:42:33] DONE ds_weather cases_011  total: 158.7s  (1.59s/step)
[2026-04-14 00:42:33]   tokens: 223,200 in + 1,100 out (reasoning: 0)  cost: $0.0615
[2026-04-14 00:42:33] START ds_weather cases_012 (100 steps)
[2026-04-14 00:42:46] gpt4o_online cases_019  steps  31- 39: 35.1s  total: 86.7s  (40/100)
[2026-04-14 00:42:48] ds_weather cases_012  steps   1-  9: 15.0s  total: 15.0s  (10/100)
[2026-04-14 00:43:04] ds_weather cases_012  steps  11- 19: 16.3s  total: 31.3s  (20/100)
[2026-04-14 00:43:21] ds_weather cases_012  steps  21- 29: 17.0s  total: 48.3s  (30/100)
[2026-04-14 00:43:25] gpt4o_online cases_019  steps  41- 49: 39.0s  total: 125.8s  (50/100)
[2026-04-14 00:43:38] ds_weather cases_012  steps  31- 39: 16.4s  total: 64.8s  (40/100)
[2026-04-14 00:43:54] ds_weather cases_012  steps  41- 49: 16.3s  total: 81.1s  (50/100)
[2026-04-14 00:44:09] ds_weather cases_012  steps  51- 59: 15.5s  total: 96.6s  (60/100)
[2026-04-14 00:44:17] gpt4o_online cases_019  steps  51- 59: 51.8s  total: 177.5s  (60/100)
[2026-04-14 00:44:25] ds_weather cases_012  steps  61- 69: 15.5s  total: 112.1s  (70/100)
[2026-04-14 00:44:42] ds_weather cases_012  steps  71- 79: 16.7s  total: 128.8s  (80/100)
[2026-04-14 00:44:59] ds_weather cases_012  steps  81- 89: 17.1s  total: 145.9s  (90/100)
[2026-04-14 00:45:17] ds_weather cases_012  steps  91- 99: 17.9s  total: 163.8s  (100/100)
[2026-04-14 00:45:17] DONE ds_weather cases_012  total: 163.8s  (1.64s/step)
[2026-04-14 00:45:17]   tokens: 223,200 in + 1,100 out (reasoning: 0)  cost: $0.0615
[2026-04-14 00:45:17] START ds_weather cases_013 (100 steps)
[2026-04-14 00:45:20] gpt4o_online cases_019  steps  61- 69: 62.5s  total: 240.1s  (70/100)
[2026-04-14 00:45:33] ds_weather cases_013  steps   1-  9: 16.3s  total: 16.3s  (10/100)
[2026-04-14 00:45:49] ds_weather cases_013  steps  11- 19: 15.2s  total: 31.5s  (20/100)
[2026-04-14 00:46:05] ds_weather cases_013  steps  21- 29: 16.1s  total: 47.6s  (30/100)
[2026-04-14 00:46:20] ds_weather cases_013  steps  31- 39: 15.2s  total: 62.8s  (40/100)
[2026-04-14 00:46:35] gpt4o_online cases_019  steps  71- 79: 75.8s  total: 315.9s  (80/100)
[2026-04-14 00:46:35] ds_weather cases_013  steps  41- 49: 15.7s  total: 78.4s  (50/100)
[2026-04-14 00:46:51] ds_weather cases_013  steps  51- 59: 15.9s  total: 94.3s  (60/100)
[2026-04-14 00:47:06] ds_weather cases_013  steps  61- 69: 15.0s  total: 109.3s  (70/100)
[2026-04-14 00:47:24] ds_weather cases_013  steps  71- 79: 17.2s  total: 126.6s  (80/100)
[2026-04-14 00:47:41] ds_weather cases_013  steps  81- 89: 17.8s  total: 144.3s  (90/100)
[2026-04-14 00:47:49] gpt4o_online cases_019  steps  81- 89: 73.1s  total: 389.0s  (90/100)
[2026-04-14 00:47:58] ds_weather cases_013  steps  91- 99: 16.2s  total: 160.5s  (100/100)
[2026-04-14 00:47:58] DONE ds_weather cases_013  total: 160.5s  (1.60s/step)
[2026-04-14 00:47:58]   tokens: 223,200 in + 1,100 out (reasoning: 0)  cost: $0.0615
[2026-04-14 00:47:58] START ds_weather cases_014 (100 steps)
[2026-04-14 00:48:13] ds_weather cases_014  steps   1-  9: 14.7s  total: 14.7s  (10/100)
[2026-04-14 00:48:28] ds_weather cases_014  steps  11- 19: 15.0s  total: 29.8s  (20/100)
[2026-04-14 00:48:44] ds_weather cases_014  steps  21- 29: 15.9s  total: 45.7s  (30/100)
[2026-04-14 00:49:01] ds_weather cases_014  steps  31- 39: 17.1s  total: 62.8s  (40/100)
[2026-04-14 00:49:18] ds_weather cases_014  steps  41- 49: 17.2s  total: 80.1s  (50/100)
[2026-04-14 00:49:26] gpt4o_online cases_019  steps  91- 99: 97.3s  total: 486.2s  (100/100)
[2026-04-14 00:49:26] DONE gpt4o_online cases_019  total: 486.2s  (4.86s/step)
[2026-04-14 00:49:26]   tokens: 242,200 in + 1,300 out (reasoning: 0)  cost: $0.6185
[2026-04-14 00:49:26] START gpt4o_weather cases_001 (100 steps)
[2026-04-14 00:49:34] ds_weather cases_014  steps  51- 59: 16.1s  total: 96.2s  (60/100)
[2026-04-14 00:49:37] gpt4o_weather cases_001  steps   1-  9: 11.1s  total: 11.1s  (10/100)
[2026-04-14 00:49:50] ds_weather cases_014  steps  61- 69: 15.5s  total: 111.6s  (70/100)
[2026-04-14 00:49:53] gpt4o_weather cases_001  steps  11- 19: 15.6s  total: 26.7s  (20/100)
[2026-04-14 00:50:05] ds_weather cases_014  steps  71- 79: 15.7s  total: 127.3s  (80/100)
[2026-04-14 00:50:19] gpt4o_weather cases_001  steps  21- 29: 25.8s  total: 52.4s  (30/100)
[2026-04-14 00:50:22] ds_weather cases_014  steps  81- 89: 17.0s  total: 144.4s  (90/100)
[2026-04-14 00:50:41] ds_weather cases_014  steps  91- 99: 18.5s  total: 162.9s  (100/100)
[2026-04-14 00:50:41] DONE ds_weather cases_014  total: 162.9s  (1.63s/step)
[2026-04-14 00:50:41]   tokens: 223,200 in + 1,100 out (reasoning: 0)  cost: $0.0615
[2026-04-14 00:50:41] START ds_weather cases_015 (100 steps)
[2026-04-14 00:50:56] gpt4o_weather cases_001  steps  31- 39: 37.0s  total: 89.5s  (40/100)
[2026-04-14 00:50:57] ds_weather cases_015  steps   1-  9: 15.3s  total: 15.3s  (10/100)
[2026-04-14 00:51:13] ds_weather cases_015  steps  11- 19: 16.6s  total: 31.9s  (20/100)
[2026-04-14 00:51:29] ds_weather cases_015  steps  21- 29: 15.5s  total: 47.4s  (30/100)
[2026-04-14 00:51:43] gpt4o_weather cases_001  steps  41- 49: 47.6s  total: 137.1s  (50/100)
[2026-04-14 00:51:45] ds_weather cases_015  steps  31- 39: 16.5s  total: 63.8s  (40/100)
[2026-04-14 00:52:01] ds_weather cases_015  steps  41- 49: 16.2s  total: 80.0s  (50/100)
[2026-04-14 00:52:18] ds_weather cases_015  steps  51- 59: 16.6s  total: 96.6s  (60/100)
[2026-04-14 00:52:35] ds_weather cases_015  steps  61- 69: 16.6s  total: 113.2s  (70/100)
[2026-04-14 00:52:45] gpt4o_weather cases_001  steps  51- 59: 61.5s  total: 198.6s  (60/100)
[2026-04-14 00:52:52] ds_weather cases_015  steps  71- 79: 17.2s  total: 130.4s  (80/100)
[2026-04-14 00:53:10] ds_weather cases_015  steps  81- 89: 17.8s  total: 148.3s  (90/100)
[2026-04-14 00:53:26] ds_weather cases_015  steps  91- 99: 16.8s  total: 165.0s  (100/100)
[2026-04-14 00:53:27] DONE ds_weather cases_015  total: 165.0s  (1.65s/step)
[2026-04-14 00:53:27]   tokens: 223,200 in + 1,100 out (reasoning: 0)  cost: $0.0615
[2026-04-14 00:53:27] START ds_weather cases_016 (100 steps)
[2026-04-14 00:53:43] ds_weather cases_016  steps   1-  9: 16.2s  total: 16.2s  (10/100)
[2026-04-14 00:53:43] gpt4o_weather cases_001  steps  61- 69: 58.3s  total: 256.9s  (70/100)
[2026-04-14 00:53:58] ds_weather cases_016  steps  11- 19: 15.2s  total: 31.4s  (20/100)
[2026-04-14 00:54:14] ds_weather cases_016  steps  21- 29: 15.9s  total: 47.3s  (30/100)
[2026-04-14 00:54:31] ds_weather cases_016  steps  31- 39: 16.5s  total: 63.8s  (40/100)
[2026-04-14 00:54:48] ds_weather cases_016  steps  41- 49: 17.6s  total: 81.3s  (50/100)
[2026-04-14 00:55:04] gpt4o_weather cases_001  steps  71- 79: 81.0s  total: 337.9s  (80/100)
[2026-04-14 00:55:05] ds_weather cases_016  steps  51- 59: 16.4s  total: 97.8s  (60/100)
[2026-04-14 00:55:21] ds_weather cases_016  steps  61- 69: 15.9s  total: 113.7s  (70/100)
[2026-04-14 00:55:38] ds_weather cases_016  steps  71- 79: 17.6s  total: 131.2s  (80/100)
[2026-04-14 00:55:57] ds_weather cases_016  steps  81- 89: 18.7s  total: 150.0s  (90/100)
[2026-04-14 00:56:15] ds_weather cases_016  steps  91- 99: 18.6s  total: 168.6s  (100/100)
[2026-04-14 00:56:16] DONE ds_weather cases_016  total: 168.6s  (1.69s/step)
[2026-04-14 00:56:16]   tokens: 223,200 in + 1,100 out (reasoning: 0)  cost: $0.0615
[2026-04-14 00:56:16] START ds_weather cases_017 (100 steps)
[2026-04-14 00:56:23] gpt4o_weather cases_001  steps  81- 89: 79.0s  total: 417.0s  (90/100)
[2026-04-14 00:56:31] ds_weather cases_017  steps   1-  9: 15.2s  total: 15.2s  (10/100)
[2026-04-14 00:56:48] ds_weather cases_017  steps  11- 19: 17.1s  total: 32.3s  (20/100)
[2026-04-14 00:57:05] ds_weather cases_017  steps  21- 29: 16.5s  total: 48.8s  (30/100)
[2026-04-14 00:57:22] ds_weather cases_017  steps  31- 39: 17.7s  total: 66.5s  (40/100)
[2026-04-14 00:57:40] ds_weather cases_017  steps  41- 49: 17.2s  total: 83.7s  (50/100)
[2026-04-14 00:57:56] ds_weather cases_017  steps  51- 59: 16.6s  total: 100.3s  (60/100)
[2026-04-14 00:58:05] gpt4o_weather cases_001  steps  91- 99: 102.1s  total: 519.0s  (100/100)
[2026-04-14 00:58:06] DONE gpt4o_weather cases_001  total: 519.0s  (5.19s/step)
[2026-04-14 00:58:06]   tokens: 258,050 in + 1,400 out (reasoning: 0)  cost: $0.6591
[2026-04-14 00:58:06] START gpt4o_weather cases_002 (100 steps)
[2026-04-14 00:58:13] ds_weather cases_017  steps  61- 69: 16.9s  total: 117.2s  (70/100)
[2026-04-14 00:58:16] gpt4o_weather cases_002  steps   1-  9: 10.3s  total: 10.3s  (10/100)
[2026-04-14 00:58:31] ds_weather cases_017  steps  71- 79: 17.4s  total: 134.6s  (80/100)
[2026-04-14 00:58:32] gpt4o_weather cases_002  steps  11- 19: 15.6s  total: 25.9s  (20/100)
[2026-04-14 00:58:49] ds_weather cases_017  steps  81- 89: 18.9s  total: 153.5s  (90/100)
[2026-04-14 00:58:55] gpt4o_weather cases_002  steps  21- 29: 23.1s  total: 49.1s  (30/100)
[2026-04-14 00:59:08] ds_weather cases_017  steps  91- 99: 19.0s  total: 172.4s  (100/100)
[2026-04-14 00:59:09] DONE ds_weather cases_017  total: 172.4s  (1.72s/step)
[2026-04-14 00:59:09]   tokens: 223,200 in + 1,100 out (reasoning: 0)  cost: $0.0615
[2026-04-14 00:59:09] START ds_weather cases_018 (100 steps)
[2026-04-14 00:59:25] ds_weather cases_018  steps   1-  9: 15.7s  total: 15.7s  (10/100)
[2026-04-14 00:59:37] gpt4o_weather cases_002  steps  31- 39: 42.5s  total: 91.5s  (40/100)
[2026-04-14 00:59:40] ds_weather cases_018  steps  11- 19: 15.8s  total: 31.5s  (20/100)
[2026-04-14 00:59:56] ds_weather cases_018  steps  21- 29: 15.6s  total: 47.1s  (30/100)
[2026-04-14 01:00:14] ds_weather cases_018  steps  31- 39: 17.7s  total: 64.8s  (40/100)
[2026-04-14 01:00:26] gpt4o_weather cases_002  steps  41- 49: 48.9s  total: 140.4s  (50/100)
[2026-04-14 01:00:34] ds_weather cases_018  steps  41- 49: 20.2s  total: 85.1s  (50/100)
[2026-04-14 01:00:52] ds_weather cases_018  steps  51- 59: 17.8s  total: 102.8s  (60/100)
[2026-04-14 01:01:09] ds_weather cases_018  steps  61- 69: 17.8s  total: 120.6s  (70/100)
[2026-04-14 01:01:15] gpt4o_weather cases_002  steps  51- 59: 49.2s  total: 189.6s  (60/100)
[2026-04-14 01:01:28] ds_weather cases_018  steps  71- 79: 18.3s  total: 138.9s  (80/100)
[2026-04-14 01:01:45] ds_weather cases_018  steps  81- 89: 17.4s  total: 156.2s  (90/100)
[2026-04-14 01:02:03] ds_weather cases_018  steps  91- 99: 18.0s  total: 174.2s  (100/100)
[2026-04-14 01:02:04] DONE ds_weather cases_018  total: 174.2s  (1.74s/step)
[2026-04-14 01:02:04]   tokens: 223,200 in + 1,100 out (reasoning: 0)  cost: $0.0615
[2026-04-14 01:02:04] START ds_weather cases_019 (100 steps)
[2026-04-14 01:02:19] ds_weather cases_019  steps   1-  9: 15.9s  total: 15.9s  (10/100)
[2026-04-14 01:02:22] gpt4o_weather cases_002  steps  61- 69: 66.9s  total: 256.5s  (70/100)
[2026-04-14 01:02:35] ds_weather cases_019  steps  11- 19: 15.8s  total: 31.7s  (20/100)
[2026-04-14 01:02:50] ds_weather cases_019  steps  21- 29: 14.8s  total: 46.5s  (30/100)
[2026-04-14 01:03:05] ds_weather cases_019  steps  31- 39: 15.1s  total: 61.6s  (40/100)
[2026-04-14 01:03:21] ds_weather cases_019  steps  41- 49: 15.8s  total: 77.4s  (50/100)
[2026-04-14 01:03:37] ds_weather cases_019  steps  51- 59: 15.9s  total: 93.3s  (60/100)
[2026-04-14 01:03:43] gpt4o_weather cases_002  steps  71- 79: 80.4s  total: 336.9s  (80/100)
[2026-04-14 01:03:54] ds_weather cases_019  steps  61- 69: 17.6s  total: 110.9s  (70/100)
[2026-04-14 01:04:10] ds_weather cases_019  steps  71- 79: 15.9s  total: 126.8s  (80/100)
[2026-04-14 01:04:28] ds_weather cases_019  steps  81- 89: 17.4s  total: 144.2s  (90/100)
[2026-04-14 01:04:45] ds_weather cases_019  steps  91- 99: 17.0s  total: 161.2s  (100/100)
[2026-04-14 01:04:45] DONE ds_weather cases_019  total: 161.2s  (1.61s/step)
[2026-04-14 01:04:45]   tokens: 223,200 in + 1,100 out (reasoning: 0)  cost: $0.0615
[2026-04-14 01:04:45] START ds_mw_name cases_017 (100 steps)
[2026-04-14 01:05:02] gpt4o_weather cases_002  steps  81- 89: 79.4s  total: 416.3s  (90/100)
[2026-04-14 01:05:13] ds_mw_name cases_017  steps   1-  9: 28.1s  total: 28.1s  (10/100)
[2026-04-14 01:05:42] ds_mw_name cases_017  steps  11- 19: 28.3s  total: 56.4s  (20/100)
[2026-04-14 01:06:12] ds_mw_name cases_017  steps  21- 29: 30.0s  total: 86.4s  (30/100)
[2026-04-14 01:06:42] ds_mw_name cases_017  steps  31- 39: 29.9s  total: 116.2s  (40/100)
[2026-04-14 01:06:44] gpt4o_weather cases_002  steps  91- 99: 102.0s  total: 518.3s  (100/100)
[2026-04-14 01:06:45] DONE gpt4o_weather cases_002  total: 518.4s  (5.18s/step)
[2026-04-14 01:06:45]   tokens: 258,050 in + 1,400 out (reasoning: 0)  cost: $0.6591
[2026-04-14 01:06:45] START gpt4o_weather cases_003 (100 steps)
[2026-04-14 01:06:56] gpt4o_weather cases_003  steps   1-  9: 11.6s  total: 11.6s  (10/100)
[2026-04-14 01:07:11] gpt4o_weather cases_003  steps  11- 19: 14.9s  total: 26.4s  (20/100)
[2026-04-14 01:07:12] ds_mw_name cases_017  steps  41- 49: 30.2s  total: 146.5s  (50/100)
[2026-04-14 01:07:38] gpt4o_weather cases_003  steps  21- 29: 26.8s  total: 53.3s  (30/100)
[2026-04-14 01:07:42] ds_mw_name cases_017  steps  51- 59: 29.9s  total: 176.4s  (60/100)
[2026-04-14 01:08:12] ds_mw_name cases_017  steps  61- 69: 30.8s  total: 207.2s  (70/100)
[2026-04-14 01:08:17] gpt4o_weather cases_003  steps  31- 39: 38.7s  total: 92.0s  (40/100)
[2026-04-14 01:08:43] ds_mw_name cases_017  steps  71- 79: 30.5s  total: 237.6s  (80/100)
[2026-04-14 01:09:04] gpt4o_weather cases_003  steps  41- 49: 47.4s  total: 139.4s  (50/100)
[2026-04-14 01:09:14] ds_mw_name cases_017  steps  81- 89: 31.2s  total: 268.9s  (90/100)
[2026-04-14 01:09:44] ds_mw_name cases_017  steps  91- 99: 30.1s  total: 299.0s  (100/100)
[2026-04-14 01:10:02] gpt4o_weather cases_003  steps  51- 59: 57.6s  total: 197.0s  (60/100)
[2026-04-14 01:10:19] START ds_mw_name cases_017 (100 steps)
[2026-04-14 01:10:44] ds_mw_name cases_017  steps   1-  9: 24.9s  total: 24.9s  (10/100)
[2026-04-14 01:11:05] gpt4o_weather cases_003  steps  61- 69: 63.8s  total: 260.8s  (70/100)
[2026-04-14 01:11:10] ds_mw_name cases_017  steps  11- 19: 26.1s  total: 51.0s  (20/100)
[2026-04-14 01:11:36] ds_mw_name cases_017  steps  21- 29: 26.2s  total: 77.2s  (30/100)
[2026-04-14 01:12:04] ds_mw_name cases_017  steps  31- 39: 27.2s  total: 104.4s  (40/100)
[2026-04-14 01:12:22] gpt4o_weather cases_003  steps  71- 79: 76.2s  total: 337.0s  (80/100)
[2026-04-14 01:12:32] ds_mw_name cases_017  steps  41- 49: 28.3s  total: 132.7s  (50/100)
[2026-04-14 01:13:02] ds_mw_name cases_017  steps  51- 59: 29.5s  total: 162.2s  (60/100)
[2026-04-14 01:13:28] ds_mw_name cases_017  steps  61- 69: 26.9s  total: 189.1s  (70/100)
[2026-04-14 01:13:39] gpt4o_weather cases_003  steps  81- 89: 77.7s  total: 414.7s  (90/100)
[2026-04-14 01:13:58] ds_mw_name cases_017  steps  71- 79: 29.1s  total: 218.2s  (80/100)
[2026-04-14 01:14:26] ds_mw_name cases_017  steps  81- 89: 28.8s  total: 247.0s  (90/100)
[2026-04-14 01:14:56] ds_mw_name cases_017  steps  91- 99: 29.2s  total: 276.2s  (100/100)
[2026-04-14 01:14:58] DONE ds_mw_name cases_017  total: 278.4s  (2.78s/step)
[2026-04-14 01:14:58]   tokens: 408,841 in + 4,623 out (reasoning: 0)  cost: $0.1155
[2026-04-14 01:14:59] START ds_mw_name cases_018 (100 steps)
[2026-04-14 01:15:24] gpt4o_weather cases_003  steps  91- 99: 104.3s  total: 519.0s  (100/100)
[2026-04-14 01:15:24] DONE gpt4o_weather cases_003  total: 519.0s  (5.19s/step)
[2026-04-14 01:15:24]   tokens: 258,050 in + 1,400 out (reasoning: 0)  cost: $0.6591
[2026-04-14 01:15:24] START gpt4o_weather cases_004 (100 steps)
[2026-04-14 01:15:27] ds_mw_name cases_018  steps   1-  9: 28.3s  total: 28.3s  (10/100)
[2026-04-14 01:15:35] gpt4o_weather cases_004  steps   1-  9: 10.5s  total: 10.5s  (10/100)
[2026-04-14 01:15:51] gpt4o_weather cases_004  steps  11- 19: 16.1s  total: 26.5s  (20/100)
[2026-04-14 01:15:55] ds_mw_name cases_018  steps  11- 19: 28.0s  total: 56.2s  (20/100)
[2026-04-14 01:16:16] gpt4o_weather cases_004  steps  21- 29: 25.7s  total: 52.2s  (30/100)
[2026-04-14 01:16:23] ds_mw_name cases_018  steps  21- 29: 28.6s  total: 84.9s  (30/100)
[2026-04-14 01:16:52] gpt4o_weather cases_004  steps  31- 39: 35.4s  total: 87.7s  (40/100)
[2026-04-14 01:16:54] ds_mw_name cases_018  steps  31- 39: 30.6s  total: 115.5s  (40/100)
[2026-04-14 01:17:24] ds_mw_name cases_018  steps  41- 49: 29.9s  total: 145.4s  (50/100)
[2026-04-14 01:17:42] gpt4o_weather cases_004  steps  41- 49: 50.2s  total: 137.9s  (50/100)
[2026-04-14 01:17:53] ds_mw_name cases_018  steps  51- 59: 29.2s  total: 174.6s  (60/100)
[2026-04-14 01:18:24] ds_mw_name cases_018  steps  61- 69: 30.6s  total: 205.2s  (70/100)
[2026-04-14 01:18:27] gpt4o_weather cases_004  steps  51- 59: 45.1s  total: 183.0s  (60/100)
[2026-04-14 01:18:56] ds_mw_name cases_018  steps  71- 79: 31.9s  total: 237.1s  (80/100)
[2026-04-14 01:19:26] ds_mw_name cases_018  steps  81- 89: 30.0s  total: 267.2s  (90/100)
[2026-04-14 01:19:39] gpt4o_weather cases_004  steps  61- 69: 72.2s  total: 255.2s  (70/100)
[2026-04-14 01:19:54] ds_mw_name cases_018  steps  91- 99: 28.6s  total: 295.8s  (100/100)
[2026-04-14 01:19:57] DONE ds_mw_name cases_018  total: 298.0s  (2.98s/step)
[2026-04-14 01:19:57]   tokens: 408,740 in + 4,626 out (reasoning: 0)  cost: $0.1154
[2026-04-14 01:19:57] START ds_mw_name cases_019 (100 steps)
[2026-04-14 01:20:24] ds_mw_name cases_019  steps   1-  9: 26.8s  total: 26.8s  (10/100)
[2026-04-14 01:20:50] ds_mw_name cases_019  steps  11- 19: 25.7s  total: 52.5s  (20/100)
[2026-04-14 01:20:51] gpt4o_weather cases_004  steps  71- 79: 72.0s  total: 327.2s  (80/100)
[2026-04-14 01:21:14] ds_mw_name cases_019  steps  21- 29: 24.6s  total: 77.1s  (30/100)
[2026-04-14 01:21:39] ds_mw_name cases_019  steps  31- 39: 25.2s  total: 102.3s  (40/100)
[2026-04-14 01:22:04] ds_mw_name cases_019  steps  41- 49: 24.6s  total: 126.9s  (50/100)
[2026-04-14 01:22:19] gpt4o_weather cases_004  steps  81- 89: 87.1s  total: 414.4s  (90/100)
[2026-04-14 01:22:28] ds_mw_name cases_019  steps  51- 59: 24.2s  total: 151.2s  (60/100)
[2026-04-14 01:22:55] ds_mw_name cases_019  steps  61- 69: 26.9s  total: 178.0s  (70/100)
[2026-04-14 01:23:21] ds_mw_name cases_019  steps  71- 79: 25.4s  total: 203.5s  (80/100)
[2026-04-14 01:23:47] ds_mw_name cases_019  steps  81- 89: 26.0s  total: 229.4s  (90/100)
[2026-04-14 01:24:02] gpt4o_weather cases_004  steps  91- 99: 103.7s  total: 518.0s  (100/100)
[2026-04-14 01:24:03] DONE gpt4o_weather cases_004  total: 518.0s  (5.18s/step)
[2026-04-14 01:24:03]   tokens: 258,050 in + 1,400 out (reasoning: 0)  cost: $0.6591
[2026-04-14 01:24:03] START gpt4o_weather cases_005 (100 steps)
[2026-04-14 01:24:12] gpt4o_weather cases_005  steps   1-  9: 9.1s  total: 9.1s  (10/100)
[2026-04-14 01:24:13] ds_mw_name cases_019  steps  91- 99: 26.1s  total: 255.5s  (100/100)
[2026-04-14 01:24:15] DONE ds_mw_name cases_019  total: 257.5s  (2.57s/step)
[2026-04-14 01:24:15]   tokens: 408,841 in + 4,623 out (reasoning: 0)  cost: $0.1155
[2026-04-14 01:24:15] START ds_explicit_update cases_010 (100 steps)
[2026-04-14 01:24:29] gpt4o_weather cases_005  steps  11- 19: 17.0s  total: 26.2s  (20/100)
[2026-04-14 01:24:45] ds_explicit_update cases_010  steps   1-  9: 29.5s  total: 29.5s  (10/100)
[2026-04-14 01:24:56] gpt4o_weather cases_005  steps  21- 29: 27.2s  total: 53.4s  (30/100)
[2026-04-14 01:25:15] ds_explicit_update cases_010  steps  11- 19: 30.5s  total: 60.0s  (20/100)
[2026-04-14 01:25:31] gpt4o_weather cases_005  steps  31- 39: 34.8s  total: 88.2s  (40/100)
[2026-04-14 01:25:47] ds_explicit_update cases_010  steps  21- 29: 31.4s  total: 91.4s  (30/100)
[2026-04-14 01:26:12] gpt4o_weather cases_005  steps  41- 49: 41.2s  total: 129.4s  (50/100)
[2026-04-14 01:26:21] ds_explicit_update cases_010  steps  31- 39: 34.3s  total: 125.7s  (40/100)
[2026-04-14 01:26:57] ds_explicit_update cases_010  steps  41- 49: 36.0s  total: 161.8s  (50/100)
[2026-04-14 01:27:17] gpt4o_weather cases_005  steps  51- 59: 65.0s  total: 194.5s  (60/100)
[2026-04-14 01:27:32] ds_explicit_update cases_010  steps  51- 59: 34.9s  total: 196.7s  (60/100)
[2026-04-14 01:28:08] ds_explicit_update cases_010  steps  61- 69: 35.8s  total: 232.4s  (70/100)
[2026-04-14 01:28:23] gpt4o_weather cases_005  steps  61- 69: 66.1s  total: 260.6s  (70/100)
[2026-04-14 01:28:44] ds_explicit_update cases_010  steps  71- 79: 36.4s  total: 268.9s  (80/100)
[2026-04-14 01:29:21] ds_explicit_update cases_010  steps  81- 89: 36.6s  total: 305.5s  (90/100)
[2026-04-14 01:29:39] gpt4o_weather cases_005  steps  71- 79: 76.0s  total: 336.6s  (80/100)
[2026-04-14 01:29:54] ds_explicit_update cases_010  steps  91- 99: 33.1s  total: 338.6s  (100/100)
[2026-04-14 01:29:57] DONE ds_explicit_update cases_010  total: 341.3s  (3.41s/step)
[2026-04-14 01:29:57]   tokens: 554,134 in + 7,469 out (reasoning: 0)  cost: $0.1578
[2026-04-14 01:29:57] START ds_explicit_update cases_011 (100 steps)
[2026-04-14 01:30:25] ds_explicit_update cases_011  steps   1-  9: 27.8s  total: 27.8s  (10/100)
[2026-04-14 01:30:49] ds_explicit_update cases_011  steps  11- 19: 24.7s  total: 52.5s  (20/100)
[2026-04-14 01:30:57] gpt4o_weather cases_005  steps  81- 89: 77.4s  total: 414.0s  (90/100)
[2026-04-14 01:31:15] ds_explicit_update cases_011  steps  21- 29: 25.6s  total: 78.1s  (30/100)
[2026-04-14 01:31:42] ds_explicit_update cases_011  steps  31- 39: 26.8s  total: 104.9s  (40/100)
[2026-04-14 01:32:07] ds_explicit_update cases_011  steps  41- 49: 25.2s  total: 130.1s  (50/100)
[2026-04-14 01:32:33] ds_explicit_update cases_011  steps  51- 59: 26.1s  total: 156.2s  (60/100)
[2026-04-14 01:32:40] gpt4o_weather cases_005  steps  91- 99: 103.2s  total: 517.2s  (100/100)
[2026-04-14 01:32:40] DONE gpt4o_weather cases_005  total: 517.2s  (5.17s/step)
[2026-04-14 01:32:40]   tokens: 258,050 in + 1,400 out (reasoning: 0)  cost: $0.6591
[2026-04-14 01:32:40] START gpt4o_weather cases_006 (100 steps)
[2026-04-14 01:32:53] gpt4o_weather cases_006  steps   1-  9: 12.4s  total: 12.4s  (10/100)
[2026-04-14 01:33:03] ds_explicit_update cases_011  steps  61- 69: 30.2s  total: 186.4s  (70/100)
[2026-04-14 01:33:07] gpt4o_weather cases_006  steps  11- 19: 14.2s  total: 26.6s  (20/100)
[2026-04-14 01:33:37] gpt4o_weather cases_006  steps  21- 29: 29.8s  total: 56.3s  (30/100)
[2026-04-14 01:33:37] ds_explicit_update cases_011  steps  71- 79: 34.1s  total: 220.5s  (80/100)
[2026-04-14 01:34:09] ds_explicit_update cases_011  steps  81- 89: 32.0s  total: 252.5s  (90/100)
[2026-04-14 01:34:13] gpt4o_weather cases_006  steps  31- 39: 36.8s  total: 93.1s  (40/100)
[2026-04-14 01:34:38] ds_explicit_update cases_011  steps  91- 99: 28.4s  total: 280.9s  (100/100)
[2026-04-14 01:34:40] DONE ds_explicit_update cases_011  total: 283.1s  (2.83s/step)
[2026-04-14 01:34:40]   tokens: 422,476 in + 4,623 out (reasoning: 0)  cost: $0.1192
[2026-04-14 01:34:40] START ds_explicit_update cases_012 (100 steps)
[2026-04-14 01:35:00] gpt4o_weather cases_006  steps  41- 49: 46.6s  total: 139.7s  (50/100)
[2026-04-14 01:35:11] ds_explicit_update cases_012  steps   1-  9: 30.9s  total: 30.9s  (10/100)
[2026-04-14 01:35:47] ds_explicit_update cases_012  steps  11- 19: 35.7s  total: 66.6s  (20/100)
[2026-04-14 01:35:51] gpt4o_weather cases_006  steps  51- 59: 50.8s  total: 190.5s  (60/100)
[2026-04-14 01:36:27] ds_explicit_update cases_012  steps  21- 29: 39.6s  total: 106.2s  (30/100)
[2026-04-14 01:37:02] gpt4o_weather cases_006  steps  61- 69: 71.3s  total: 261.8s  (70/100)
[2026-04-14 01:37:07] ds_explicit_update cases_012  steps  31- 39: 40.1s  total: 146.3s  (40/100)
[2026-04-14 01:37:44] ds_explicit_update cases_012  steps  41- 49: 37.3s  total: 183.6s  (50/100)
[2026-04-14 01:38:19] gpt4o_weather cases_006  steps  71- 79: 76.7s  total: 338.5s  (80/100)
[2026-04-14 01:38:23] ds_explicit_update cases_012  steps  51- 59: 39.3s  total: 222.9s  (60/100)
[2026-04-14 01:39:03] ds_explicit_update cases_012  steps  61- 69: 39.6s  total: 262.5s  (70/100)
[2026-04-14 01:39:42] ds_explicit_update cases_012  steps  71- 79: 38.9s  total: 301.4s  (80/100)
[2026-04-14 01:39:46] gpt4o_weather cases_006  steps  81- 89: 87.3s  total: 425.8s  (90/100)
[2026-04-14 01:40:22] ds_explicit_update cases_012  steps  81- 89: 40.3s  total: 341.7s  (90/100)
[2026-04-14 01:41:03] ds_explicit_update cases_012  steps  91- 99: 40.5s  total: 382.2s  (100/100)
[2026-04-14 01:41:06] DONE ds_explicit_update cases_012  total: 385.6s  (3.86s/step)
[2026-04-14 01:41:06]   tokens: 554,340 in + 7,423 out (reasoning: 0)  cost: $0.1578
[2026-04-14 01:41:07] START ds_explicit_update cases_013 (100 steps)
[2026-04-14 01:41:13] gpt4o_weather cases_006  steps  91- 99: 86.8s  total: 512.6s  (100/100)
[2026-04-14 01:41:13] DONE gpt4o_weather cases_006  total: 512.6s  (5.13s/step)
[2026-04-14 01:41:13]   tokens: 258,050 in + 1,400 out (reasoning: 0)  cost: $0.6591
[2026-04-14 01:41:13] START gpt4o_weather cases_007 (100 steps)
[2026-04-14 01:41:29] gpt4o_weather cases_007  steps   1-  9: 16.1s  total: 16.1s  (10/100)
[2026-04-14 01:41:36] ds_explicit_update cases_013  steps   1-  9: 29.1s  total: 29.1s  (10/100)
[2026-04-14 01:41:46] gpt4o_weather cases_007  steps  11- 19: 16.5s  total: 32.5s  (20/100)
[2026-04-14 01:42:07] ds_explicit_update cases_013  steps  11- 19: 31.0s  total: 60.0s  (20/100)
[2026-04-14 01:42:09] gpt4o_weather cases_007  steps  21- 29: 22.9s  total: 55.4s  (30/100)
[2026-04-14 01:42:37] ds_explicit_update cases_013  steps  21- 29: 30.2s  total: 90.2s  (30/100)
[2026-04-14 01:42:48] gpt4o_weather cases_007  steps  31- 39: 39.1s  total: 94.5s  (40/100)
[2026-04-14 01:43:07] ds_explicit_update cases_013  steps  31- 39: 29.8s  total: 120.0s  (40/100)
[2026-04-14 01:43:35] gpt4o_weather cases_007  steps  41- 49: 46.7s  total: 141.2s  (50/100)
[2026-04-14 01:43:38] ds_explicit_update cases_013  steps  41- 49: 31.2s  total: 151.2s  (50/100)
[2026-04-14 01:44:07] ds_explicit_update cases_013  steps  51- 59: 29.3s  total: 180.6s  (60/100)
[2026-04-14 01:44:29] gpt4o_weather cases_007  steps  51- 59: 54.7s  total: 195.9s  (60/100)
[2026-04-14 01:44:36] ds_explicit_update cases_013  steps  61- 69: 29.3s  total: 209.9s  (70/100)
[2026-04-14 01:45:07] ds_explicit_update cases_013  steps  71- 79: 30.5s  total: 240.4s  (80/100)
[2026-04-14 01:45:40] ds_explicit_update cases_013  steps  81- 89: 33.0s  total: 273.4s  (90/100)
[2026-04-14 01:45:42] gpt4o_weather cases_007  steps  61- 69: 72.2s  total: 268.1s  (70/100)
[2026-04-14 01:46:10] ds_explicit_update cases_013  steps  91- 99: 30.3s  total: 303.7s  (100/100)
[2026-04-14 01:46:13] DONE ds_explicit_update cases_013  total: 306.2s  (3.06s/step)
[2026-04-14 01:46:13]   tokens: 446,423 in + 5,111 out (reasoning: 0)  cost: $0.1262
[2026-04-14 01:46:13] START ds_explicit_update cases_014 (100 steps)
[2026-04-14 01:46:41] ds_explicit_update cases_014  steps   1-  9: 27.5s  total: 27.5s  (10/100)
[2026-04-14 01:46:50] gpt4o_weather cases_007  steps  71- 79: 68.1s  total: 336.2s  (80/100)
[2026-04-14 01:47:08] ds_explicit_update cases_014  steps  11- 19: 27.6s  total: 55.1s  (20/100)
[2026-04-14 01:47:40] ds_explicit_update cases_014  steps  21- 29: 31.8s  total: 86.9s  (30/100)
[2026-04-14 01:48:12] ds_explicit_update cases_014  steps  31- 39: 31.7s  total: 118.7s  (40/100)
[2026-04-14 01:48:23] gpt4o_weather cases_007  steps  81- 89: 93.6s  total: 429.8s  (90/100)
[2026-04-14 01:48:46] ds_explicit_update cases_014  steps  41- 49: 34.1s  total: 152.7s  (50/100)
[2026-04-14 01:49:20] ds_explicit_update cases_014  steps  51- 59: 34.5s  total: 187.3s  (60/100)
[2026-04-14 01:49:43] gpt4o_weather cases_007  steps  91- 99: 80.0s  total: 509.8s  (100/100)
[2026-04-14 01:49:44] DONE gpt4o_weather cases_007  total: 509.8s  (5.10s/step)
[2026-04-14 01:49:44]   tokens: 258,050 in + 1,400 out (reasoning: 0)  cost: $0.6591
[2026-04-14 01:49:44] START gpt4o_weather cases_008 (100 steps)
[2026-04-14 01:49:55] ds_explicit_update cases_014  steps  61- 69: 34.6s  total: 221.8s  (70/100)
[2026-04-14 01:50:02] gpt4o_weather cases_008  steps   1-  9: 18.4s  total: 18.4s  (10/100)
[2026-04-14 01:50:27] gpt4o_weather cases_008  steps  11- 19: 24.6s  total: 43.0s  (20/100)
[2026-04-14 01:50:31] ds_explicit_update cases_014  steps  71- 79: 35.6s  total: 257.4s  (80/100)
[2026-04-14 01:50:46] gpt4o_weather cases_008  steps  21- 29: 19.5s  total: 62.5s  (30/100)
[2026-04-14 01:51:07] ds_explicit_update cases_014  steps  81- 89: 36.1s  total: 293.6s  (90/100)
[2026-04-14 01:51:17] gpt4o_weather cases_008  steps  31- 39: 30.6s  total: 93.1s  (40/100)
[2026-04-14 01:51:44] ds_explicit_update cases_014  steps  91- 99: 37.0s  total: 330.6s  (100/100)
[2026-04-14 01:51:47] DONE ds_explicit_update cases_014  total: 333.6s  (3.34s/step)
[2026-04-14 01:51:47]   tokens: 491,601 in + 6,393 out (reasoning: 0)  cost: $0.1398
[2026-04-14 01:51:47] START ds_explicit_update cases_015 (100 steps)
[2026-04-14 01:52:05] gpt4o_weather cases_008  steps  41- 49: 48.3s  total: 141.4s  (50/100)
[2026-04-14 01:52:20] ds_explicit_update cases_015  steps   1-  9: 32.2s  total: 32.2s  (10/100)
[2026-04-14 01:52:51] ds_explicit_update cases_015  steps  11- 19: 31.8s  total: 64.1s  (20/100)
[2026-04-14 01:53:00] gpt4o_weather cases_008  steps  51- 59: 54.6s  total: 196.0s  (60/100)
[2026-04-14 01:53:20] ds_explicit_update cases_015  steps  21- 29: 29.0s  total: 93.0s  (30/100)
[2026-04-14 01:53:50] ds_explicit_update cases_015  steps  31- 39: 29.5s  total: 122.5s  (40/100)
[2026-04-14 01:54:22] ds_explicit_update cases_015  steps  41- 49: 32.4s  total: 154.9s  (50/100)
[2026-04-14 01:54:23] gpt4o_weather cases_008  steps  61- 69: 83.4s  total: 279.4s  (70/100)
[2026-04-14 01:54:55] ds_explicit_update cases_015  steps  51- 59: 33.2s  total: 188.1s  (60/100)
[2026-04-14 01:55:31] ds_explicit_update cases_015  steps  61- 69: 36.0s  total: 224.1s  (70/100)
[2026-04-14 01:55:37] gpt4o_weather cases_008  steps  71- 79: 73.5s  total: 352.9s  (80/100)
[2026-04-14 01:56:05] ds_explicit_update cases_015  steps  71- 79: 33.9s  total: 257.9s  (80/100)
[2026-04-14 01:56:37] ds_explicit_update cases_015  steps  81- 89: 32.0s  total: 290.0s  (90/100)
[2026-04-14 01:56:56] gpt4o_weather cases_008  steps  81- 89: 79.3s  total: 432.2s  (90/100)
[2026-04-14 01:57:10] ds_explicit_update cases_015  steps  91- 99: 32.7s  total: 322.7s  (100/100)
[2026-04-14 01:57:13] DONE ds_explicit_update cases_015  total: 325.5s  (3.25s/step)
[2026-04-14 01:57:13]   tokens: 481,306 in + 5,778 out (reasoning: 0)  cost: $0.1363
[2026-04-14 01:57:13] START ds_explicit_update cases_016 (100 steps)
[2026-04-14 01:57:40] ds_explicit_update cases_016  steps   1-  9: 26.9s  total: 26.9s  (10/100)
[2026-04-14 01:58:07] ds_explicit_update cases_016  steps  11- 19: 26.5s  total: 53.4s  (20/100)
[2026-04-14 01:58:29] gpt4o_weather cases_008  steps  91- 99: 93.1s  total: 525.3s  (100/100)
[2026-04-14 01:58:29] DONE gpt4o_weather cases_008  total: 525.3s  (5.25s/step)
[2026-04-14 01:58:29]   tokens: 258,050 in + 1,400 out (reasoning: 0)  cost: $0.6591
[2026-04-14 01:58:29] START gpt4o_weather cases_009 (100 steps)
[2026-04-14 01:58:35] ds_explicit_update cases_016  steps  21- 29: 28.8s  total: 82.1s  (30/100)
[2026-04-14 01:58:47] gpt4o_weather cases_009  steps   1-  9: 17.5s  total: 17.5s  (10/100)
[2026-04-14 01:59:04] ds_explicit_update cases_016  steps  31- 39: 28.6s  total: 110.7s  (40/100)
[2026-04-14 01:59:05] gpt4o_weather cases_009  steps  11- 19: 17.8s  total: 35.3s  (20/100)
[2026-04-14 01:59:25] gpt4o_weather cases_009  steps  21- 29: 20.4s  total: 55.8s  (30/100)
[2026-04-14 01:59:32] ds_explicit_update cases_016  steps  41- 49: 28.4s  total: 139.1s  (50/100)
[2026-04-14 02:00:01] ds_explicit_update cases_016  steps  51- 59: 28.6s  total: 167.7s  (60/100)
[2026-04-14 02:00:04] gpt4o_weather cases_009  steps  31- 39: 39.1s  total: 94.8s  (40/100)
[2026-04-14 02:00:39] ds_explicit_update cases_016  steps  61- 69: 37.8s  total: 205.5s  (70/100)
[2026-04-14 02:00:56] gpt4o_weather cases_009  steps  41- 49: 52.2s  total: 147.0s  (50/100)
[2026-04-14 02:01:11] ds_explicit_update cases_016  steps  71- 79: 32.2s  total: 237.7s  (80/100)
[2026-04-14 02:01:45] ds_explicit_update cases_016  steps  81- 89: 34.4s  total: 272.1s  (90/100)
[2026-04-14 02:01:47] gpt4o_weather cases_009  steps  51- 59: 50.6s  total: 197.6s  (60/100)
[2026-04-14 02:02:18] ds_explicit_update cases_016  steps  91- 99: 32.9s  total: 305.0s  (100/100)
[2026-04-14 02:02:21] DONE ds_explicit_update cases_016  total: 307.5s  (3.08s/step)
[2026-04-14 02:02:21]   tokens: 422,476 in + 4,623 out (reasoning: 0)  cost: $0.1192
[2026-04-14 02:02:21] START ds_explicit_update cases_017 (100 steps)
[2026-04-14 02:02:43] gpt4o_weather cases_009  steps  61- 69: 56.1s  total: 253.7s  (70/100)
[2026-04-14 02:02:50] ds_explicit_update cases_017  steps   1-  9: 28.9s  total: 28.9s  (10/100)
[2026-04-14 02:03:23] ds_explicit_update cases_017  steps  11- 19: 32.4s  total: 61.3s  (20/100)
[2026-04-14 02:03:50] ds_explicit_update cases_017  steps  21- 29: 27.2s  total: 88.5s  (30/100)
[2026-04-14 02:04:06] gpt4o_weather cases_009  steps  71- 79: 82.7s  total: 336.4s  (80/100)
[2026-04-14 02:04:18] ds_explicit_update cases_017  steps  31- 39: 27.9s  total: 116.5s  (40/100)
[2026-04-14 02:04:48] ds_explicit_update cases_017  steps  41- 49: 30.2s  total: 146.7s  (50/100)
[2026-04-14 02:05:17] ds_explicit_update cases_017  steps  51- 59: 29.2s  total: 175.9s  (60/100)
[2026-04-14 02:05:43] gpt4o_weather cases_009  steps  81- 89: 96.9s  total: 433.3s  (90/100)
[2026-04-14 02:05:45] ds_explicit_update cases_017  steps  61- 69: 28.3s  total: 204.1s  (70/100)
[2026-04-14 02:06:13] ds_explicit_update cases_017  steps  71- 79: 27.5s  total: 231.6s  (80/100)
[2026-04-14 02:06:41] ds_explicit_update cases_017  steps  81- 89: 27.9s  total: 259.5s  (90/100)
[2026-04-14 02:07:07] gpt4o_weather cases_009  steps  91- 99: 84.8s  total: 518.0s  (100/100)
[2026-04-14 02:07:08] DONE gpt4o_weather cases_009  total: 518.0s  (5.18s/step)
[2026-04-14 02:07:08]   tokens: 258,050 in + 1,400 out (reasoning: 0)  cost: $0.6591
[2026-04-14 02:07:08] START gpt4o_weather cases_010 (100 steps)
[2026-04-14 02:07:12] ds_explicit_update cases_017  steps  91- 99: 30.9s  total: 290.4s  (100/100)
[2026-04-14 02:07:14] DONE ds_explicit_update cases_017  total: 292.5s  (2.92s/step)
[2026-04-14 02:07:14]   tokens: 422,476 in + 4,623 out (reasoning: 0)  cost: $0.1192
[2026-04-14 02:07:14] START ds_explicit_update cases_018 (100 steps)
[2026-04-14 02:07:29] gpt4o_weather cases_010  steps   1-  9: 20.8s  total: 20.8s  (10/100)
[2026-04-14 02:07:44] gpt4o_weather cases_010  steps  11- 19: 15.2s  total: 36.0s  (20/100)
[2026-04-14 02:07:46] ds_explicit_update cases_018  steps   1-  9: 31.9s  total: 31.9s  (10/100)
[2026-04-14 02:08:10] gpt4o_weather cases_010  steps  21- 29: 26.3s  total: 62.3s  (30/100)
[2026-04-14 02:08:19] ds_explicit_update cases_018  steps  11- 19: 33.2s  total: 65.1s  (20/100)
[2026-04-14 02:08:42] gpt4o_weather cases_010  steps  31- 39: 31.8s  total: 94.1s  (40/100)
[2026-04-14 02:08:53] ds_explicit_update cases_018  steps  21- 29: 33.9s  total: 99.0s  (30/100)
[2026-04-14 02:09:28] ds_explicit_update cases_018  steps  31- 39: 35.1s  total: 134.1s  (40/100)
[2026-04-14 02:09:29] gpt4o_weather cases_010  steps  41- 49: 46.6s  total: 140.7s  (50/100)
[2026-04-14 02:10:03] ds_explicit_update cases_018  steps  41- 49: 34.7s  total: 168.8s  (50/100)
[2026-04-14 02:10:34] gpt4o_weather cases_010  steps  51- 59: 65.0s  total: 205.7s  (60/100)
[2026-04-14 02:10:39] ds_explicit_update cases_018  steps  51- 59: 35.5s  total: 204.4s  (60/100)
[2026-04-14 02:11:16] ds_explicit_update cases_018  steps  61- 69: 37.0s  total: 241.4s  (70/100)
[2026-04-14 02:11:36] gpt4o_weather cases_010  steps  61- 69: 61.9s  total: 267.6s  (70/100)
[2026-04-14 02:11:54] ds_explicit_update cases_018  steps  71- 79: 38.7s  total: 280.1s  (80/100)
[2026-04-14 02:12:32] ds_explicit_update cases_018  steps  81- 89: 37.8s  total: 317.9s  (90/100)
[2026-04-14 02:12:54] gpt4o_weather cases_010  steps  71- 79: 78.5s  total: 346.1s  (80/100)
[2026-04-14 02:13:10] ds_explicit_update cases_018  steps  91- 99: 38.1s  total: 356.0s  (100/100)
[2026-04-14 02:13:14] DONE ds_explicit_update cases_018  total: 359.4s  (3.59s/step)
[2026-04-14 02:13:14]   tokens: 540,850 in + 7,018 out (reasoning: 0)  cost: $0.1537
[2026-04-14 02:13:14] START ds_explicit_update cases_019 (100 steps)
[2026-04-14 02:13:45] ds_explicit_update cases_019  steps   1-  9: 30.5s  total: 30.5s  (10/100)
[2026-04-14 02:14:16] ds_explicit_update cases_019  steps  11- 19: 31.2s  total: 61.7s  (20/100)
[2026-04-14 02:14:20] gpt4o_weather cases_010  steps  81- 89: 86.0s  total: 432.1s  (90/100)
[2026-04-14 02:14:46] ds_explicit_update cases_019  steps  21- 29: 30.1s  total: 91.8s  (30/100)
[2026-04-14 02:15:16] ds_explicit_update cases_019  steps  31- 39: 30.2s  total: 122.0s  (40/100)
[2026-04-14 02:15:35] gpt4o_weather cases_010  steps  91- 99: 75.3s  total: 507.5s  (100/100)
[2026-04-14 02:15:36] DONE gpt4o_weather cases_010  total: 507.5s  (5.07s/step)
[2026-04-14 02:15:36]   tokens: 258,050 in + 1,400 out (reasoning: 0)  cost: $0.6591
[2026-04-14 02:15:36] START gpt4o_weather cases_011 (100 steps)
[2026-04-14 02:15:48] ds_explicit_update cases_019  steps  41- 49: 31.8s  total: 153.8s  (50/100)
[2026-04-14 02:16:00] gpt4o_weather cases_011  steps   1-  9: 24.1s  total: 24.1s  (10/100)
[2026-04-14 02:16:19] gpt4o_weather cases_011  steps  11- 19: 18.8s  total: 43.0s  (20/100)
[2026-04-14 02:16:20] ds_explicit_update cases_019  steps  51- 59: 31.5s  total: 185.3s  (60/100)
[2026-04-14 02:16:44] gpt4o_weather cases_011  steps  21- 29: 24.8s  total: 67.8s  (30/100)
[2026-04-14 02:16:51] ds_explicit_update cases_019  steps  61- 69: 31.6s  total: 216.9s  (70/100)
[2026-04-14 02:17:13] gpt4o_weather cases_011  steps  31- 39: 29.3s  total: 97.1s  (40/100)
[2026-04-14 02:17:24] ds_explicit_update cases_019  steps  71- 79: 32.8s  total: 249.7s  (80/100)
[2026-04-14 02:17:54] gpt4o_weather cases_011  steps  41- 49: 41.0s  total: 138.1s  (50/100)
[2026-04-14 02:17:58] ds_explicit_update cases_019  steps  81- 89: 33.8s  total: 283.5s  (90/100)
[2026-04-14 02:18:29] ds_explicit_update cases_019  steps  91- 99: 31.5s  total: 315.0s  (100/100)
[2026-04-14 02:18:33] DONE ds_explicit_update cases_019  total: 318.3s  (3.18s/step)
[2026-04-14 02:18:33]   tokens: 444,522 in + 5,069 out (reasoning: 0)  cost: $0.1256
[2026-04-14 02:18:57] gpt4o_weather cases_011  steps  51- 59: 63.1s  total: 201.2s  (60/100)
[2026-04-14 02:20:14] gpt4o_weather cases_011  steps  61- 69: 76.4s  total: 277.6s  (70/100)
[2026-04-14 02:21:26] gpt4o_weather cases_011  steps  71- 79: 71.9s  total: 349.6s  (80/100)
[2026-04-14 02:22:50] gpt4o_weather cases_011  steps  81- 89: 85.0s  total: 434.6s  (90/100)
[2026-04-14 02:24:30] gpt4o_weather cases_011  steps  91- 99: 99.3s  total: 533.8s  (100/100)
[2026-04-14 02:24:30] DONE gpt4o_weather cases_011  total: 533.8s  (5.34s/step)
[2026-04-14 02:24:30]   tokens: 258,050 in + 1,400 out (reasoning: 0)  cost: $0.6591
[2026-04-14 02:24:30] START gpt4o_weather cases_012 (100 steps)
[2026-04-14 02:24:41] gpt4o_weather cases_012  steps   1-  9: 10.8s  total: 10.8s  (10/100)
[2026-04-14 02:25:00] gpt4o_weather cases_012  steps  11- 19: 19.4s  total: 30.2s  (20/100)
[2026-04-14 02:25:30] gpt4o_weather cases_012  steps  21- 29: 29.2s  total: 59.4s  (30/100)
[2026-04-14 02:25:52] gpt4o_weather cases_012  steps  31- 39: 22.6s  total: 82.0s  (40/100)
[2026-04-14 02:26:45] gpt4o_weather cases_012  steps  41- 49: 52.6s  total: 134.6s  (50/100)
[2026-04-14 02:27:33] gpt4o_weather cases_012  steps  51- 59: 47.9s  total: 182.5s  (60/100)
[2026-04-14 02:28:56] gpt4o_weather cases_012  steps  61- 69: 83.5s  total: 266.1s  (70/100)
[2026-04-14 02:29:57] gpt4o_weather cases_012  steps  71- 79: 60.2s  total: 326.3s  (80/100)
[2026-04-14 02:31:31] gpt4o_weather cases_012  steps  81- 89: 94.6s  total: 420.9s  (90/100)
[2026-04-14 02:33:04] gpt4o_weather cases_012  steps  91- 99: 92.4s  total: 513.3s  (100/100)
[2026-04-14 02:33:04] DONE gpt4o_weather cases_012  total: 513.3s  (5.13s/step)
[2026-04-14 02:33:04]   tokens: 258,050 in + 1,400 out (reasoning: 0)  cost: $0.6591
[2026-04-14 02:33:04] START gpt4o_weather cases_013 (100 steps)
[2026-04-14 02:33:19] gpt4o_weather cases_013  steps   1-  9: 15.0s  total: 15.0s  (10/100)
[2026-04-14 02:33:42] gpt4o_weather cases_013  steps  11- 19: 23.1s  total: 38.2s  (20/100)
[2026-04-14 02:34:06] gpt4o_weather cases_013  steps  21- 29: 23.6s  total: 61.8s  (30/100)
[2026-04-14 02:34:44] gpt4o_weather cases_013  steps  31- 39: 38.0s  total: 99.8s  (40/100)
[2026-04-14 02:35:24] gpt4o_weather cases_013  steps  41- 49: 40.4s  total: 140.1s  (50/100)
[2026-04-14 02:36:04] gpt4o_weather cases_013  steps  51- 59: 39.5s  total: 179.6s  (60/100)
[2026-04-14 02:37:23] gpt4o_weather cases_013  steps  61- 69: 79.4s  total: 259.1s  (70/100)
[2026-04-14 02:38:48] gpt4o_weather cases_013  steps  71- 79: 84.7s  total: 343.8s  (80/100)
[2026-04-14 02:39:58] gpt4o_weather cases_013  steps  81- 89: 70.3s  total: 414.1s  (90/100)
[2026-04-14 02:41:26] gpt4o_weather cases_013  steps  91- 99: 87.6s  total: 501.7s  (100/100)
[2026-04-14 02:41:26] DONE gpt4o_weather cases_013  total: 501.7s  (5.02s/step)
[2026-04-14 02:41:26]   tokens: 258,050 in + 1,400 out (reasoning: 0)  cost: $0.6591
[2026-04-14 02:41:26] START gpt4o_weather cases_014 (100 steps)
[2026-04-14 02:42:05] gpt4o_weather cases_014  steps   1-  9: 38.6s  total: 38.6s  (10/100)
[2026-04-14 02:42:16] gpt4o_weather cases_014  steps  11- 19: 11.4s  total: 49.9s  (20/100)
[2026-04-14 02:42:42] gpt4o_weather cases_014  steps  21- 29: 25.3s  total: 75.3s  (30/100)
[2026-04-14 02:43:15] gpt4o_weather cases_014  steps  31- 39: 33.1s  total: 108.3s  (40/100)
[2026-04-14 02:43:56] gpt4o_weather cases_014  steps  41- 49: 41.1s  total: 149.4s  (50/100)
[2026-04-14 02:45:07] gpt4o_weather cases_014  steps  51- 59: 71.5s  total: 220.9s  (60/100)
[2026-04-14 02:45:57] gpt4o_weather cases_014  steps  61- 69: 49.5s  total: 270.4s  (70/100)
[2026-04-14 02:47:30] gpt4o_weather cases_014  steps  71- 79: 92.9s  total: 363.4s  (80/100)
[2026-04-14 02:48:38] gpt4o_weather cases_014  steps  81- 89: 68.0s  total: 431.4s  (90/100)
[2026-04-14 02:50:13] gpt4o_weather cases_014  steps  91- 99: 95.3s  total: 526.7s  (100/100)
[2026-04-14 02:50:13] DONE gpt4o_weather cases_014  total: 526.7s  (5.27s/step)
[2026-04-14 02:50:13]   tokens: 258,050 in + 1,400 out (reasoning: 0)  cost: $0.6591
[2026-04-14 02:50:13] START gpt4o_weather cases_015 (100 steps)
[2026-04-14 02:50:27] gpt4o_weather cases_015  steps   1-  9: 14.0s  total: 14.0s  (10/100)
[2026-04-14 02:50:52] gpt4o_weather cases_015  steps  11- 19: 25.0s  total: 39.0s  (20/100)
[2026-04-14 02:51:21] gpt4o_weather cases_015  steps  21- 29: 28.8s  total: 67.8s  (30/100)
[2026-04-14 02:51:57] gpt4o_weather cases_015  steps  31- 39: 36.2s  total: 104.0s  (40/100)
[2026-04-14 02:52:48] gpt4o_weather cases_015  steps  41- 49: 50.8s  total: 154.8s  (50/100)
[2026-04-14 02:53:46] gpt4o_weather cases_015  steps  51- 59: 58.1s  total: 212.9s  (60/100)
[2026-04-14 02:54:37] gpt4o_weather cases_015  steps  61- 69: 50.5s  total: 263.4s  (70/100)
[2026-04-14 02:55:58] gpt4o_weather cases_015  steps  71- 79: 81.0s  total: 344.4s  (80/100)
[2026-04-14 02:57:21] gpt4o_weather cases_015  steps  81- 89: 82.9s  total: 427.3s  (90/100)
[2026-04-14 02:59:11] gpt4o_weather cases_015  steps  91- 99: 109.8s  total: 537.1s  (100/100)
[2026-04-14 02:59:11] DONE gpt4o_weather cases_015  total: 537.1s  (5.37s/step)
[2026-04-14 02:59:11]   tokens: 258,050 in + 1,400 out (reasoning: 0)  cost: $0.6591
[2026-04-14 02:59:11] START gpt4o_weather cases_016 (100 steps)
[2026-04-14 02:59:20] gpt4o_weather cases_016  steps   1-  9: 8.6s  total: 8.6s  (10/100)
[2026-04-14 02:59:35] gpt4o_weather cases_016  steps  11- 19: 15.1s  total: 23.6s  (20/100)
[2026-04-14 02:59:59] gpt4o_weather cases_016  steps  21- 29: 24.6s  total: 48.2s  (30/100)
[2026-04-14 03:00:36] gpt4o_weather cases_016  steps  31- 39: 37.1s  total: 85.2s  (40/100)
[2026-04-14 03:01:27] gpt4o_weather cases_016  steps  41- 49: 50.7s  total: 135.9s  (50/100)
[2026-04-14 03:02:10] gpt4o_weather cases_016  steps  51- 59: 43.5s  total: 179.5s  (60/100)
[2026-04-14 03:03:25] gpt4o_weather cases_016  steps  61- 69: 74.1s  total: 253.6s  (70/100)
[2026-04-14 03:04:39] gpt4o_weather cases_016  steps  71- 79: 74.9s  total: 328.5s  (80/100)
[2026-04-14 03:06:11] gpt4o_weather cases_016  steps  81- 89: 91.8s  total: 420.2s  (90/100)
[2026-04-14 03:07:34] gpt4o_weather cases_016  steps  91- 99: 82.8s  total: 503.0s  (100/100)
[2026-04-14 03:07:34] DONE gpt4o_weather cases_016  total: 503.0s  (5.03s/step)
[2026-04-14 03:07:34]   tokens: 258,050 in + 1,400 out (reasoning: 0)  cost: $0.6591
[2026-04-14 03:07:34] START gpt4o_weather cases_017 (100 steps)
[2026-04-14 03:08:00] gpt4o_weather cases_017  steps   1-  9: 25.2s  total: 25.2s  (10/100)
[2026-04-14 03:08:10] gpt4o_weather cases_017  steps  11- 19: 10.7s  total: 35.9s  (20/100)
[2026-04-14 03:08:37] gpt4o_weather cases_017  steps  21- 29: 26.4s  total: 62.3s  (30/100)
[2026-04-14 03:09:10] gpt4o_weather cases_017  steps  31- 39: 33.6s  total: 95.9s  (40/100)
[2026-04-14 03:09:54] gpt4o_weather cases_017  steps  41- 49: 43.5s  total: 139.3s  (50/100)
[2026-04-14 03:10:56] gpt4o_weather cases_017  steps  51- 59: 62.5s  total: 201.9s  (60/100)
[2026-04-14 03:12:08] gpt4o_weather cases_017  steps  61- 69: 71.2s  total: 273.1s  (70/100)
[2026-04-14 03:13:08] gpt4o_weather cases_017  steps  71- 79: 60.9s  total: 334.0s  (80/100)
[2026-04-14 03:14:41] gpt4o_weather cases_017  steps  81- 89: 92.1s  total: 426.1s  (90/100)
[2026-04-14 03:16:28] gpt4o_weather cases_017  steps  91- 99: 107.2s  total: 533.3s  (100/100)
[2026-04-14 03:16:28] DONE gpt4o_weather cases_017  total: 533.3s  (5.33s/step)
[2026-04-14 03:16:28]   tokens: 258,050 in + 1,400 out (reasoning: 0)  cost: $0.6591
[2026-04-14 03:16:28] START gpt4o_weather cases_018 (100 steps)
[2026-04-14 03:16:41] gpt4o_weather cases_018  steps   1-  9: 13.2s  total: 13.2s  (10/100)
[2026-04-14 03:16:52] gpt4o_weather cases_018  steps  11- 19: 10.3s  total: 23.4s  (20/100)
[2026-04-14 03:17:17] gpt4o_weather cases_018  steps  21- 29: 25.6s  total: 49.0s  (30/100)
[2026-04-14 03:17:40] gpt4o_weather cases_018  steps  31- 39: 22.9s  total: 72.0s  (40/100)
[2026-04-14 03:18:45] gpt4o_weather cases_018  steps  41- 49: 64.6s  total: 136.5s  (50/100)
[2026-04-14 03:19:31] gpt4o_weather cases_018  steps  51- 59: 45.8s  total: 182.3s  (60/100)
[2026-04-14 03:20:30] gpt4o_weather cases_018  steps  61- 69: 59.3s  total: 241.6s  (70/100)
[2026-04-14 03:22:03] gpt4o_weather cases_018  steps  71- 79: 93.3s  total: 334.9s  (80/100)
[2026-04-14 03:23:18] gpt4o_weather cases_018  steps  81- 89: 74.6s  total: 409.5s  (90/100)
[2026-04-14 03:24:42] gpt4o_weather cases_018  steps  91- 99: 84.2s  total: 493.6s  (100/100)
[2026-04-14 03:24:42] DONE gpt4o_weather cases_018  total: 493.6s  (4.94s/step)
[2026-04-14 03:24:42]   tokens: 258,050 in + 1,400 out (reasoning: 0)  cost: $0.6591
[2026-04-14 03:24:42] START gpt4o_weather cases_019 (100 steps)
[2026-04-14 03:25:17] gpt4o_weather cases_019  steps   1-  9: 34.3s  total: 34.3s  (10/100)
[2026-04-14 03:25:33] gpt4o_weather cases_019  steps  11- 19: 16.6s  total: 51.0s  (20/100)
[2026-04-14 03:25:58] gpt4o_weather cases_019  steps  21- 29: 25.0s  total: 76.0s  (30/100)
[2026-04-14 03:26:31] gpt4o_weather cases_019  steps  31- 39: 32.8s  total: 108.8s  (40/100)
[2026-04-14 03:27:21] gpt4o_weather cases_019  steps  41- 49: 49.8s  total: 158.5s  (50/100)
[2026-04-14 03:28:07] gpt4o_weather cases_019  steps  51- 59: 45.8s  total: 204.4s  (60/100)
[2026-04-14 03:29:17] gpt4o_weather cases_019  steps  61- 69: 70.0s  total: 274.4s  (70/100)
[2026-04-14 03:30:39] gpt4o_weather cases_019  steps  71- 79: 81.7s  total: 356.1s  (80/100)
[2026-04-14 03:32:06] gpt4o_weather cases_019  steps  81- 89: 87.5s  total: 443.6s  (90/100)
[2026-04-14 03:33:30] gpt4o_weather cases_019  steps  91- 99: 84.1s  total: 527.7s  (100/100)
[2026-04-14 03:33:31] DONE gpt4o_weather cases_019  total: 527.7s  (5.28s/step)
[2026-04-14 03:33:31]   tokens: 258,050 in + 1,400 out (reasoning: 0)  cost: $0.6591
[2026-04-14 03:33:31] START gpt4o_mw_name cases_000 (100 steps)
[2026-04-14 03:34:03] gpt4o_mw_name cases_000  steps   1-  9: 32.4s  total: 32.4s  (10/100)
[2026-04-14 03:34:32] gpt4o_mw_name cases_000  steps  11- 19: 28.8s  total: 61.1s  (20/100)
[2026-04-14 03:35:18] gpt4o_mw_name cases_000  steps  21- 29: 46.3s  total: 107.4s  (30/100)
[2026-04-14 03:36:38] gpt4o_mw_name cases_000  steps  31- 39: 80.4s  total: 187.8s  (40/100)
[2026-04-14 03:37:48] gpt4o_mw_name cases_000  steps  41- 49: 69.6s  total: 257.4s  (50/100)
[2026-04-14 03:40:01] gpt4o_mw_name cases_000  steps  51- 59: 133.0s  total: 390.4s  (60/100)
[2026-04-14 03:42:22] gpt4o_mw_name cases_000  steps  61- 69: 140.8s  total: 531.2s  (70/100)
[2026-04-14 03:44:44] gpt4o_mw_name cases_000  steps  71- 79: 142.3s  total: 673.4s  (80/100)
[2026-04-14 03:47:59] gpt4o_mw_name cases_000  steps  81- 89: 194.8s  total: 868.2s  (90/100)
[2026-04-14 03:51:15] gpt4o_mw_name cases_000  steps  91- 99: 196.3s  total: 1064.4s  (100/100)
[2026-04-14 03:51:26] DONE gpt4o_mw_name cases_000  total: 1074.7s  (10.75s/step)
[2026-04-14 03:51:26]   tokens: 546,015 in + 7,271 out (reasoning: 0)  cost: $1.4377
[2026-04-14 03:51:26] START gpt4o_mw_name cases_001 (100 steps)
[2026-04-14 03:51:52] gpt4o_mw_name cases_001  steps   1-  9: 26.2s  total: 26.2s  (10/100)
[2026-04-14 03:52:29] gpt4o_mw_name cases_001  steps  11- 19: 36.6s  total: 62.8s  (20/100)
[2026-04-14 03:53:18] gpt4o_mw_name cases_001  steps  21- 29: 49.0s  total: 111.8s  (30/100)
[2026-04-14 03:54:15] gpt4o_mw_name cases_001  steps  31- 39: 56.9s  total: 168.7s  (40/100)
[2026-04-14 03:55:53] gpt4o_mw_name cases_001  steps  41- 49: 98.9s  total: 267.7s  (50/100)
[2026-04-14 03:57:51] gpt4o_mw_name cases_001  steps  51- 59: 118.0s  total: 385.7s  (60/100)
[2026-04-14 04:00:09] gpt4o_mw_name cases_001  steps  61- 69: 137.9s  total: 523.6s  (70/100)
[2026-04-14 04:03:02] gpt4o_mw_name cases_001  steps  71- 79: 172.5s  total: 696.1s  (80/100)
[2026-04-14 04:05:52] gpt4o_mw_name cases_001  steps  81- 89: 169.9s  total: 866.0s  (90/100)
[2026-04-14 04:09:14] gpt4o_mw_name cases_001  steps  91- 99: 202.6s  total: 1068.6s  (100/100)
[2026-04-14 04:09:41] DONE gpt4o_mw_name cases_001  total: 1094.7s  (10.95s/step)
[2026-04-14 04:09:41]   tokens: 548,749 in + 7,252 out (reasoning: 0)  cost: $1.4444
[2026-04-14 04:09:41] START gpt4o_mw_name cases_002 (100 steps)
[2026-04-14 04:10:07] gpt4o_mw_name cases_002  steps   1-  9: 26.2s  total: 26.2s  (10/100)
[2026-04-14 04:10:41] gpt4o_mw_name cases_002  steps  11- 19: 34.0s  total: 60.2s  (20/100)
[2026-04-14 04:11:53] gpt4o_mw_name cases_002  steps  21- 29: 71.4s  total: 131.6s  (30/100)
[2026-04-14 04:12:37] gpt4o_mw_name cases_002  steps  31- 39: 44.4s  total: 176.0s  (40/100)
[2026-04-14 04:14:38] gpt4o_mw_name cases_002  steps  41- 49: 120.7s  total: 296.7s  (50/100)
[2026-04-14 04:16:34] gpt4o_mw_name cases_002  steps  51- 59: 116.1s  total: 412.8s  (60/100)
[2026-04-14 04:18:16] gpt4o_mw_name cases_002  steps  61- 69: 102.5s  total: 515.4s  (70/100)
[2026-04-14 04:20:55] gpt4o_mw_name cases_002  steps  71- 79: 158.7s  total: 674.1s  (80/100)
[2026-04-14 04:24:02] gpt4o_mw_name cases_002  steps  81- 89: 186.8s  total: 860.9s  (90/100)
[2026-04-14 04:26:09] gpt4o_mw_name cases_002  steps  91- 99: 126.9s  total: 987.8s  (100/100)
[2026-04-14 04:26:11] DONE gpt4o_mw_name cases_002  total: 989.4s  (9.89s/step)
[2026-04-14 04:26:11]   tokens: 517,430 in + 6,309 out (reasoning: 0)  cost: $1.3567
[2026-04-14 04:26:11] START gpt4o_mw_name cases_003 (100 steps)
[2026-04-14 04:26:24] gpt4o_mw_name cases_003  steps   1-  9: 12.9s  total: 12.9s  (10/100)
[2026-04-14 04:26:39] gpt4o_mw_name cases_003  steps  11- 19: 14.7s  total: 27.6s  (20/100)
[2026-04-14 04:27:18] gpt4o_mw_name cases_003  steps  21- 29: 39.0s  total: 66.6s  (30/100)
[2026-04-14 04:27:45] gpt4o_mw_name cases_003  steps  31- 39: 27.9s  total: 94.5s  (40/100)
[2026-04-14 04:27:59] gpt4o_mw_name cases_003  steps  41- 49: 13.7s  total: 108.2s  (50/100)
[2026-04-14 04:28:48] gpt4o_mw_name cases_003  steps  51- 59: 49.3s  total: 157.4s  (60/100)
[2026-04-14 04:29:00] gpt4o_mw_name cases_003  steps  61- 69: 12.1s  total: 169.5s  (70/100)
[2026-04-14 04:29:45] gpt4o_mw_name cases_003  steps  71- 79: 44.8s  total: 214.3s  (80/100)
[2026-04-14 04:30:11] gpt4o_mw_name cases_003  steps  81- 89: 25.7s  total: 240.1s  (90/100)
[2026-04-14 04:30:57] gpt4o_mw_name cases_003  steps  91- 99: 45.7s  total: 285.8s  (100/100)
[2026-04-14 04:31:00] DONE gpt4o_mw_name cases_003  total: 288.6s  (2.89s/step)
[2026-04-14 04:31:00]   tokens: 550,543 in + 7,271 out (reasoning: 0)  cost: $1.4491
[2026-04-14 04:31:00] START gpt4o_mw_name cases_004 (100 steps)
[2026-04-14 04:31:13] gpt4o_mw_name cases_004  steps   1-  9: 12.8s  total: 12.8s  (10/100)
[2026-04-14 04:31:26] gpt4o_mw_name cases_004  steps  11- 19: 13.2s  total: 25.9s  (20/100)
[2026-04-14 04:31:38] gpt4o_mw_name cases_004  steps  21- 29: 12.5s  total: 38.5s  (30/100)
[2026-04-14 04:31:50] gpt4o_mw_name cases_004  steps  31- 39: 11.5s  total: 49.9s  (40/100)
[2026-04-14 04:32:03] gpt4o_mw_name cases_004  steps  41- 49: 12.8s  total: 62.8s  (50/100)
[2026-04-14 04:32:20] gpt4o_mw_name cases_004  steps  51- 59: 16.9s  total: 79.6s  (60/100)
[2026-04-14 04:32:45] gpt4o_mw_name cases_004  steps  61- 69: 25.2s  total: 104.8s  (70/100)
[2026-04-14 04:33:21] gpt4o_mw_name cases_004  steps  71- 79: 36.6s  total: 141.4s  (80/100)
[2026-04-14 04:33:46] gpt4o_mw_name cases_004  steps  81- 89: 24.5s  total: 165.9s  (90/100)
[2026-04-14 04:34:01] gpt4o_mw_name cases_004  steps  91- 99: 15.2s  total: 181.1s  (100/100)
[2026-04-14 04:34:03] DONE gpt4o_mw_name cases_004  total: 182.9s  (1.83s/step)
[2026-04-14 04:34:03]   tokens: 536,067 in + 7,169 out (reasoning: 0)  cost: $1.4119
[2026-04-14 04:34:03] START gpt4o_mw_name cases_005 (100 steps)
[2026-04-14 04:34:13] gpt4o_mw_name cases_005  steps   1-  9: 9.7s  total: 9.7s  (10/100)
[2026-04-14 04:34:25] gpt4o_mw_name cases_005  steps  11- 19: 11.6s  total: 21.2s  (20/100)
[2026-04-14 04:34:38] gpt4o_mw_name cases_005  steps  21- 29: 13.6s  total: 34.8s  (30/100)
[2026-04-14 04:34:52] gpt4o_mw_name cases_005  steps  31- 39: 13.9s  total: 48.7s  (40/100)
[2026-04-14 04:35:05] gpt4o_mw_name cases_005  steps  41- 49: 13.0s  total: 61.7s  (50/100)
[2026-04-14 04:35:17] gpt4o_mw_name cases_005  steps  51- 59: 11.9s  total: 73.6s  (60/100)
[2026-04-14 04:35:38] gpt4o_mw_name cases_005  steps  61- 69: 21.5s  total: 95.0s  (70/100)
[2026-04-14 04:35:53] gpt4o_mw_name cases_005  steps  71- 79: 14.1s  total: 109.1s  (80/100)
[2026-04-14 04:36:09] gpt4o_mw_name cases_005  steps  81- 89: 16.9s  total: 126.0s  (90/100)
[2026-04-14 04:36:22] gpt4o_mw_name cases_005  steps  91- 99: 12.7s  total: 138.7s  (100/100)
[2026-04-14 04:36:24] DONE gpt4o_mw_name cases_005  total: 139.8s  (1.40s/step)
[2026-04-14 04:36:24]   tokens: 540,254 in + 7,193 out (reasoning: 0)  cost: $1.4226
[2026-04-14 04:36:24] START gpt4o_mw_name cases_006 (100 steps)
[2026-04-14 04:36:36] gpt4o_mw_name cases_006  steps   1-  9: 12.5s  total: 12.5s  (10/100)
[2026-04-14 04:36:49] gpt4o_mw_name cases_006  steps  11- 19: 12.7s  total: 25.2s  (20/100)
[2026-04-14 04:36:59] gpt4o_mw_name cases_006  steps  21- 29: 10.5s  total: 35.7s  (30/100)
[2026-04-14 04:37:11] gpt4o_mw_name cases_006  steps  31- 39: 11.3s  total: 47.1s  (40/100)
[2026-04-14 04:37:21] gpt4o_mw_name cases_006  steps  41- 49: 10.2s  total: 57.2s  (50/100)
[2026-04-14 04:37:37] gpt4o_mw_name cases_006  steps  51- 59: 16.4s  total: 73.6s  (60/100)
[2026-04-14 04:37:56] gpt4o_mw_name cases_006  steps  61- 69: 18.4s  total: 92.0s  (70/100)
[2026-04-14 04:38:05] gpt4o_mw_name cases_006  steps  71- 79: 9.5s  total: 101.5s  (80/100)
[2026-04-14 04:38:19] gpt4o_mw_name cases_006  steps  81- 89: 13.5s  total: 115.0s  (90/100)
[2026-04-14 04:38:29] gpt4o_mw_name cases_006  steps  91- 99: 10.8s  total: 125.8s  (100/100)
[2026-04-14 04:38:31] DONE gpt4o_mw_name cases_006  total: 126.6s  (1.27s/step)
[2026-04-14 04:38:31]   tokens: 529,148 in + 6,713 out (reasoning: 0)  cost: $1.3900
[2026-04-14 04:38:31] START gpt4o_mw_name cases_007 (100 steps)
[2026-04-14 04:38:45] gpt4o_mw_name cases_007  steps   1-  9: 14.7s  total: 14.7s  (10/100)
[2026-04-14 04:39:01] gpt4o_mw_name cases_007  steps  11- 19: 15.3s  total: 30.1s  (20/100)
[2026-04-14 04:39:16] gpt4o_mw_name cases_007  steps  21- 29: 15.3s  total: 45.4s  (30/100)
[2026-04-14 04:39:29] gpt4o_mw_name cases_007  steps  31- 39: 13.2s  total: 58.6s  (40/100)
[2026-04-14 04:39:43] gpt4o_mw_name cases_007  steps  41- 49: 13.5s  total: 72.0s  (50/100)
[2026-04-14 04:39:59] gpt4o_mw_name cases_007  steps  51- 59: 16.0s  total: 88.0s  (60/100)
[2026-04-14 04:40:13] gpt4o_mw_name cases_007  steps  61- 69: 14.2s  total: 102.2s  (70/100)
[2026-04-14 04:40:27] gpt4o_mw_name cases_007  steps  71- 79: 14.4s  total: 116.6s  (80/100)
[2026-04-14 04:40:42] gpt4o_mw_name cases_007  steps  81- 89: 14.8s  total: 131.4s  (90/100)
[2026-04-14 04:40:58] gpt4o_mw_name cases_007  steps  91- 99: 15.7s  total: 147.1s  (100/100)
[2026-04-14 04:41:00] DONE gpt4o_mw_name cases_007  total: 148.5s  (1.49s/step)
[2026-04-14 04:41:00]   tokens: 563,573 in + 7,776 out (reasoning: 0)  cost: $1.4867
[2026-04-14 04:41:00] START gpt4o_mw_name cases_008 (100 steps)
[2026-04-14 04:41:13] gpt4o_mw_name cases_008  steps   1-  9: 13.4s  total: 13.4s  (10/100)
[2026-04-14 04:41:27] gpt4o_mw_name cases_008  steps  11- 19: 13.4s  total: 26.8s  (20/100)
[2026-04-14 04:41:37] gpt4o_mw_name cases_008  steps  21- 29: 10.0s  total: 36.8s  (30/100)
[2026-04-14 04:41:54] gpt4o_mw_name cases_008  steps  31- 39: 17.6s  total: 54.4s  (40/100)
[2026-04-14 04:42:06] gpt4o_mw_name cases_008  steps  41- 49: 11.7s  total: 66.1s  (50/100)
[2026-04-14 04:42:18] gpt4o_mw_name cases_008  steps  51- 59: 12.2s  total: 78.2s  (60/100)
[2026-04-14 04:42:30] gpt4o_mw_name cases_008  steps  61- 69: 12.5s  total: 90.8s  (70/100)
[2026-04-14 04:42:43] gpt4o_mw_name cases_008  steps  71- 79: 12.8s  total: 103.6s  (80/100)
[2026-04-14 04:42:55] gpt4o_mw_name cases_008  steps  81- 89: 11.9s  total: 115.5s  (90/100)
[2026-04-14 04:43:11] gpt4o_mw_name cases_008  steps  91- 99: 15.9s  total: 131.4s  (100/100)
[2026-04-14 04:43:13] DONE gpt4o_mw_name cases_008  total: 132.6s  (1.33s/step)
[2026-04-14 04:43:13]   tokens: 548,529 in + 7,324 out (reasoning: 0)  cost: $1.4446
[2026-04-14 04:43:13] START gpt4o_mw_name cases_009 (100 steps)
[2026-04-14 04:43:25] gpt4o_mw_name cases_009  steps   1-  9: 12.0s  total: 12.0s  (10/100)
[2026-04-14 04:43:35] gpt4o_mw_name cases_009  steps  11- 19: 10.2s  total: 22.2s  (20/100)
[2026-04-14 04:43:46] gpt4o_mw_name cases_009  steps  21- 29: 11.1s  total: 33.3s  (30/100)
[2026-04-14 04:43:58] gpt4o_mw_name cases_009  steps  31- 39: 11.8s  total: 45.1s  (40/100)
[2026-04-14 04:44:09] gpt4o_mw_name cases_009  steps  41- 49: 11.1s  total: 56.2s  (50/100)
[2026-04-14 04:44:25] gpt4o_mw_name cases_009  steps  51- 59: 15.9s  total: 72.0s  (60/100)
[2026-04-14 04:44:39] gpt4o_mw_name cases_009  steps  61- 69: 13.9s  total: 85.9s  (70/100)
[2026-04-14 04:44:53] gpt4o_mw_name cases_009  steps  71- 79: 14.7s  total: 100.6s  (80/100)
[2026-04-14 04:45:10] gpt4o_mw_name cases_009  steps  81- 89: 16.7s  total: 117.3s  (90/100)
[2026-04-14 04:45:29] gpt4o_mw_name cases_009  steps  91- 99: 19.2s  total: 136.4s  (100/100)
[2026-04-14 04:45:31] DONE gpt4o_mw_name cases_009  total: 137.7s  (1.38s/step)
[2026-04-14 04:45:31]   tokens: 553,225 in + 7,344 out (reasoning: 0)  cost: $1.4565
[2026-04-14 04:45:31] START gpt4o_mw_name cases_010 (100 steps)
[2026-04-14 04:45:43] gpt4o_mw_name cases_010  steps   1-  9: 11.7s  total: 11.7s  (10/100)
[2026-04-14 04:45:58] gpt4o_mw_name cases_010  steps  11- 19: 15.4s  total: 27.1s  (20/100)
[2026-04-14 04:46:10] gpt4o_mw_name cases_010  steps  21- 29: 12.5s  total: 39.5s  (30/100)
[2026-04-14 04:46:22] gpt4o_mw_name cases_010  steps  31- 39: 11.3s  total: 50.8s  (40/100)
[2026-04-14 04:46:34] gpt4o_mw_name cases_010  steps  41- 49: 12.6s  total: 63.4s  (50/100)
[2026-04-14 04:46:47] gpt4o_mw_name cases_010  steps  51- 59: 12.4s  total: 75.7s  (60/100)
[2026-04-14 04:46:59] gpt4o_mw_name cases_010  steps  61- 69: 12.0s  total: 87.8s  (70/100)
[2026-04-14 04:47:17] gpt4o_mw_name cases_010  steps  71- 79: 17.9s  total: 105.7s  (80/100)
[2026-04-14 04:47:31] gpt4o_mw_name cases_010  steps  81- 89: 14.6s  total: 120.2s  (90/100)
[2026-04-14 04:47:47] gpt4o_mw_name cases_010  steps  91- 99: 16.2s  total: 136.5s  (100/100)
[2026-04-14 04:47:49] DONE gpt4o_mw_name cases_010  total: 137.8s  (1.38s/step)
[2026-04-14 04:47:49]   tokens: 580,468 in + 8,327 out (reasoning: 0)  cost: $1.5344
[2026-04-14 04:47:49] START gpt4o_mw_name cases_011 (100 steps)
[2026-04-14 04:48:00] gpt4o_mw_name cases_011  steps   1-  9: 10.7s  total: 10.7s  (10/100)
[2026-04-14 04:48:09] gpt4o_mw_name cases_011  steps  11- 19: 9.6s  total: 20.3s  (20/100)
[2026-04-14 04:48:23] gpt4o_mw_name cases_011  steps  21- 29: 13.3s  total: 33.5s  (30/100)
[2026-04-14 04:48:37] gpt4o_mw_name cases_011  steps  31- 39: 14.4s  total: 47.9s  (40/100)
[2026-04-14 04:48:50] gpt4o_mw_name cases_011  steps  41- 49: 13.1s  total: 60.9s  (50/100)
[2026-04-14 04:49:04] gpt4o_mw_name cases_011  steps  51- 59: 14.3s  total: 75.2s  (60/100)
[2026-04-14 04:49:17] gpt4o_mw_name cases_011  steps  61- 69: 12.8s  total: 87.9s  (70/100)
[2026-04-14 04:49:32] gpt4o_mw_name cases_011  steps  71- 79: 14.8s  total: 102.8s  (80/100)
[2026-04-14 04:49:45] gpt4o_mw_name cases_011  steps  81- 89: 12.7s  total: 115.4s  (90/100)
[2026-04-14 04:49:58] gpt4o_mw_name cases_011  steps  91- 99: 13.7s  total: 129.1s  (100/100)
[2026-04-14 04:50:00] DONE gpt4o_mw_name cases_011  total: 130.7s  (1.31s/step)
[2026-04-14 04:50:00]   tokens: 525,961 in + 6,819 out (reasoning: 0)  cost: $1.3831
[2026-04-14 04:50:00] START gpt4o_mw_name cases_012 (100 steps)
[2026-04-14 04:50:10] gpt4o_mw_name cases_012  steps   1-  9: 10.1s  total: 10.1s  (10/100)
[2026-04-14 04:50:22] gpt4o_mw_name cases_012  steps  11- 19: 12.0s  total: 22.2s  (20/100)
[2026-04-14 04:50:33] gpt4o_mw_name cases_012  steps  21- 29: 10.7s  total: 32.9s  (30/100)
[2026-04-14 04:50:43] gpt4o_mw_name cases_012  steps  31- 39: 9.6s  total: 42.5s  (40/100)
[2026-04-14 04:50:54] gpt4o_mw_name cases_012  steps  41- 49: 11.6s  total: 54.1s  (50/100)
[2026-04-14 04:51:07] gpt4o_mw_name cases_012  steps  51- 59: 12.2s  total: 66.4s  (60/100)
[2026-04-14 04:51:19] gpt4o_mw_name cases_012  steps  61- 69: 12.2s  total: 78.6s  (70/100)
[2026-04-14 04:51:35] gpt4o_mw_name cases_012  steps  71- 79: 15.7s  total: 94.2s  (80/100)
[2026-04-14 04:51:50] gpt4o_mw_name cases_012  steps  81- 89: 15.5s  total: 109.7s  (90/100)
[2026-04-14 04:52:04] gpt4o_mw_name cases_012  steps  91- 99: 14.0s  total: 123.7s  (100/100)
[2026-04-14 04:52:06] DONE gpt4o_mw_name cases_012  total: 125.3s  (1.25s/step)
[2026-04-14 04:52:06]   tokens: 569,598 in + 7,920 out (reasoning: 0)  cost: $1.5032
[2026-04-14 04:52:06] START gpt4o_mw_name cases_013 (100 steps)
[2026-04-14 04:52:13] gpt4o_mw_name cases_013  steps   1-  9: 7.3s  total: 7.3s  (10/100)
[2026-04-14 04:52:21] gpt4o_mw_name cases_013  steps  11- 19: 7.9s  total: 15.2s  (20/100)
[2026-04-14 04:52:29] gpt4o_mw_name cases_013  steps  21- 29: 8.0s  total: 23.2s  (30/100)
[2026-04-14 04:52:39] gpt4o_mw_name cases_013  steps  31- 39: 10.1s  total: 33.3s  (40/100)
[2026-04-14 04:52:48] gpt4o_mw_name cases_013  steps  41- 49: 8.6s  total: 41.9s  (50/100)
[2026-04-14 04:52:56] gpt4o_mw_name cases_013  steps  51- 59: 7.9s  total: 49.8s  (60/100)
[2026-04-14 04:53:05] gpt4o_mw_name cases_013  steps  61- 69: 8.8s  total: 58.6s  (70/100)
[2026-04-14 04:53:15] gpt4o_mw_name cases_013  steps  71- 79: 9.9s  total: 68.5s  (80/100)
[2026-04-14 04:53:25] gpt4o_mw_name cases_013  steps  81- 89: 10.3s  total: 78.8s  (90/100)
[2026-04-14 04:53:34] gpt4o_mw_name cases_013  steps  91- 99: 9.2s  total: 88.0s  (100/100)
[2026-04-14 04:53:35] DONE gpt4o_mw_name cases_013  total: 88.7s  (0.89s/step)
[2026-04-14 04:53:35]   tokens: 429,043 in + 4,830 out (reasoning: 0)  cost: $1.1209
[2026-04-14 04:53:35] START gpt4o_mw_name cases_014 (100 steps)
[2026-04-14 04:53:49] gpt4o_mw_name cases_014  steps   1-  9: 13.6s  total: 13.6s  (10/100)
[2026-04-14 04:54:02] gpt4o_mw_name cases_014  steps  11- 19: 13.4s  total: 27.0s  (20/100)
[2026-04-14 04:54:13] gpt4o_mw_name cases_014  steps  21- 29: 10.2s  total: 37.3s  (30/100)
[2026-04-14 04:54:32] gpt4o_mw_name cases_014  steps  31- 39: 19.6s  total: 56.8s  (40/100)
[2026-04-14 04:54:43] gpt4o_mw_name cases_014  steps  41- 49: 10.6s  total: 67.5s  (50/100)
[2026-04-14 04:54:57] gpt4o_mw_name cases_014  steps  51- 59: 13.7s  total: 81.2s  (60/100)
[2026-04-14 04:55:14] gpt4o_mw_name cases_014  steps  61- 69: 17.3s  total: 98.5s  (70/100)
[2026-04-14 04:55:28] gpt4o_mw_name cases_014  steps  71- 79: 14.3s  total: 112.8s  (80/100)
[2026-04-14 04:55:43] gpt4o_mw_name cases_014  steps  81- 89: 15.2s  total: 128.1s  (90/100)
[2026-04-14 04:56:01] gpt4o_mw_name cases_014  steps  91- 99: 17.6s  total: 145.7s  (100/100)
[2026-04-14 04:56:03] DONE gpt4o_mw_name cases_014  total: 147.4s  (1.47s/step)
[2026-04-14 04:56:03]   tokens: 547,626 in + 7,548 out (reasoning: 0)  cost: $1.4445
[2026-04-14 04:56:03] START gpt4o_mw_name cases_015 (100 steps)
[2026-04-14 04:56:13] gpt4o_mw_name cases_015  steps   1-  9: 9.4s  total: 9.4s  (10/100)
[2026-04-14 04:56:23] gpt4o_mw_name cases_015  steps  11- 19: 10.2s  total: 19.6s  (20/100)
[2026-04-14 04:56:34] gpt4o_mw_name cases_015  steps  21- 29: 11.2s  total: 30.7s  (30/100)
[2026-04-14 04:56:45] gpt4o_mw_name cases_015  steps  31- 39: 10.7s  total: 41.4s  (40/100)
[2026-04-14 04:56:56] gpt4o_mw_name cases_015  steps  41- 49: 11.6s  total: 53.0s  (50/100)
[2026-04-14 04:57:08] gpt4o_mw_name cases_015  steps  51- 59: 12.1s  total: 65.2s  (60/100)
[2026-04-14 04:57:20] gpt4o_mw_name cases_015  steps  61- 69: 11.4s  total: 76.6s  (70/100)
[2026-04-14 04:57:33] gpt4o_mw_name cases_015  steps  71- 79: 12.7s  total: 89.3s  (80/100)
[2026-04-14 04:57:46] gpt4o_mw_name cases_015  steps  81- 89: 13.1s  total: 102.4s  (90/100)
[2026-04-14 04:58:01] gpt4o_mw_name cases_015  steps  91- 99: 15.0s  total: 117.4s  (100/100)
[2026-04-14 04:58:02] DONE gpt4o_mw_name cases_015  total: 118.5s  (1.19s/step)
[2026-04-14 04:58:02]   tokens: 558,541 in + 7,576 out (reasoning: 0)  cost: $1.4721
[2026-04-14 04:58:02] START gpt4o_mw_name cases_016 (100 steps)
[2026-04-14 04:58:13] gpt4o_mw_name cases_016  steps   1-  9: 10.4s  total: 10.4s  (10/100)
[2026-04-14 04:58:25] gpt4o_mw_name cases_016  steps  11- 19: 12.1s  total: 22.5s  (20/100)
[2026-04-14 04:58:35] gpt4o_mw_name cases_016  steps  21- 29: 10.4s  total: 32.9s  (30/100)
[2026-04-14 04:58:55] gpt4o_mw_name cases_016  steps  31- 39: 20.0s  total: 52.9s  (40/100)
[2026-04-14 04:59:06] gpt4o_mw_name cases_016  steps  41- 49: 11.1s  total: 63.9s  (50/100)
[2026-04-14 04:59:18] gpt4o_mw_name cases_016  steps  51- 59: 11.8s  total: 75.7s  (60/100)
[2026-04-14 04:59:29] gpt4o_mw_name cases_016  steps  61- 69: 10.7s  total: 86.4s  (70/100)
[2026-04-14 04:59:40] gpt4o_mw_name cases_016  steps  71- 79: 11.3s  total: 97.7s  (80/100)
[2026-04-14 04:59:53] gpt4o_mw_name cases_016  steps  81- 89: 13.4s  total: 111.1s  (90/100)
[2026-04-14 05:00:06] gpt4o_mw_name cases_016  steps  91- 99: 12.4s  total: 123.5s  (100/100)
[2026-04-14 05:00:07] DONE gpt4o_mw_name cases_016  total: 124.6s  (1.25s/step)
[2026-04-14 05:00:07]   tokens: 549,937 in + 7,287 out (reasoning: 0)  cost: $1.4477
[2026-04-14 05:00:07] START gpt4o_mw_name cases_017 (100 steps)
[2026-04-14 05:00:19] gpt4o_mw_name cases_017  steps   1-  9: 11.3s  total: 11.3s  (10/100)
[2026-04-14 05:00:32] gpt4o_mw_name cases_017  steps  11- 19: 13.6s  total: 24.9s  (20/100)
[2026-04-14 05:00:45] gpt4o_mw_name cases_017  steps  21- 29: 12.5s  total: 37.4s  (30/100)
[2026-04-14 05:00:58] gpt4o_mw_name cases_017  steps  31- 39: 13.2s  total: 50.6s  (40/100)
[2026-04-14 05:01:16] gpt4o_mw_name cases_017  steps  41- 49: 18.4s  total: 69.0s  (50/100)
[2026-04-14 05:01:31] gpt4o_mw_name cases_017  steps  51- 59: 14.3s  total: 83.3s  (60/100)
[2026-04-14 05:01:52] gpt4o_mw_name cases_017  steps  61- 69: 21.2s  total: 104.5s  (70/100)
[2026-04-14 05:02:06] gpt4o_mw_name cases_017  steps  71- 79: 14.5s  total: 119.0s  (80/100)
[2026-04-14 05:02:19] gpt4o_mw_name cases_017  steps  81- 89: 12.6s  total: 131.6s  (90/100)
[2026-04-14 05:02:34] gpt4o_mw_name cases_017  steps  91- 99: 15.0s  total: 146.7s  (100/100)
[2026-04-14 05:02:35] DONE gpt4o_mw_name cases_017  total: 147.7s  (1.48s/step)
[2026-04-14 05:02:35]   tokens: 548,762 in + 7,264 out (reasoning: 0)  cost: $1.4445
[2026-04-14 05:02:36] START gpt4o_mw_name cases_018 (100 steps)
[2026-04-14 05:02:44] gpt4o_mw_name cases_018  steps   1-  9: 8.5s  total: 8.5s  (10/100)
[2026-04-14 05:02:52] gpt4o_mw_name cases_018  steps  11- 19: 8.4s  total: 16.9s  (20/100)
[2026-04-14 05:03:02] gpt4o_mw_name cases_018  steps  21- 29: 9.4s  total: 26.3s  (30/100)
[2026-04-14 05:03:13] gpt4o_mw_name cases_018  steps  31- 39: 10.9s  total: 37.3s  (40/100)
[2026-04-14 05:03:25] gpt4o_mw_name cases_018  steps  41- 49: 12.6s  total: 49.9s  (50/100)
[2026-04-14 05:03:37] gpt4o_mw_name cases_018  steps  51- 59: 12.1s  total: 62.0s  (60/100)
[2026-04-14 05:03:52] gpt4o_mw_name cases_018  steps  61- 69: 14.7s  total: 76.7s  (70/100)
[2026-04-14 05:04:05] gpt4o_mw_name cases_018  steps  71- 79: 12.3s  total: 89.0s  (80/100)
[2026-04-14 05:04:16] gpt4o_mw_name cases_018  steps  81- 89: 11.3s  total: 100.4s  (90/100)
[2026-04-14 05:04:27] gpt4o_mw_name cases_018  steps  91- 99: 11.4s  total: 111.7s  (100/100)
[2026-04-14 05:04:28] DONE gpt4o_mw_name cases_018  total: 112.5s  (1.12s/step)
[2026-04-14 05:04:28]   tokens: 428,942 in + 4,830 out (reasoning: 0)  cost: $1.1207
[2026-04-14 05:04:28] START gpt4o_mw_name cases_019 (100 steps)
[2026-04-14 05:04:42] gpt4o_mw_name cases_019  steps   1-  9: 13.4s  total: 13.4s  (10/100)
[2026-04-14 05:04:53] gpt4o_mw_name cases_019  steps  11- 19: 10.8s  total: 24.2s  (20/100)
[2026-04-14 05:05:06] gpt4o_mw_name cases_019  steps  21- 29: 13.6s  total: 37.8s  (30/100)
[2026-04-14 05:05:18] gpt4o_mw_name cases_019  steps  31- 39: 11.5s  total: 49.2s  (40/100)
[2026-04-14 05:05:33] gpt4o_mw_name cases_019  steps  41- 49: 15.6s  total: 64.9s  (50/100)
[2026-04-14 05:05:47] gpt4o_mw_name cases_019  steps  51- 59: 13.4s  total: 78.2s  (60/100)
[2026-04-14 05:05:58] gpt4o_mw_name cases_019  steps  61- 69: 11.3s  total: 89.6s  (70/100)
[2026-04-14 05:06:14] gpt4o_mw_name cases_019  steps  71- 79: 16.3s  total: 105.9s  (80/100)
[2026-04-14 05:06:26] gpt4o_mw_name cases_019  steps  81- 89: 11.7s  total: 117.6s  (90/100)
[2026-04-14 05:06:38] gpt4o_mw_name cases_019  steps  91- 99: 12.3s  total: 129.9s  (100/100)
[2026-04-14 05:06:40] DONE gpt4o_mw_name cases_019  total: 131.0s  (1.31s/step)
[2026-04-14 05:06:40]   tokens: 548,155 in + 7,305 out (reasoning: 0)  cost: $1.4434
[2026-04-14 05:06:40] START gpt4o_explicit_update cases_001 (100 steps)
[2026-04-14 05:06:53] gpt4o_explicit_update cases_001  steps   1-  9: 12.8s  total: 12.8s  (10/100)
[2026-04-14 05:07:07] gpt4o_explicit_update cases_001  steps  11- 19: 13.9s  total: 26.7s  (20/100)
[2026-04-14 05:07:22] gpt4o_explicit_update cases_001  steps  21- 29: 15.6s  total: 42.3s  (30/100)
[2026-04-14 05:07:36] gpt4o_explicit_update cases_001  steps  31- 39: 13.6s  total: 56.0s  (40/100)
[2026-04-14 05:07:54] gpt4o_explicit_update cases_001  steps  41- 49: 18.4s  total: 74.3s  (50/100)
[2026-04-14 05:08:07] gpt4o_explicit_update cases_001  steps  51- 59: 12.9s  total: 87.2s  (60/100)
[2026-04-14 05:08:21] gpt4o_explicit_update cases_001  steps  61- 69: 13.8s  total: 101.0s  (70/100)
[2026-04-14 05:08:36] gpt4o_explicit_update cases_001  steps  71- 79: 14.7s  total: 115.7s  (80/100)
[2026-04-14 05:08:50] gpt4o_explicit_update cases_001  steps  81- 89: 14.6s  total: 130.3s  (90/100)
[2026-04-14 05:09:04] gpt4o_explicit_update cases_001  steps  91- 99: 13.4s  total: 143.7s  (100/100)
[2026-04-14 05:09:05] DONE gpt4o_explicit_update cases_001  total: 144.5s  (1.45s/step)
[2026-04-14 05:09:05]   tokens: 557,022 in + 7,182 out (reasoning: 0)  cost: $1.4644
[2026-04-14 05:09:05] START gpt4o_explicit_update cases_002 (100 steps)
[2026-04-14 05:09:15] gpt4o_explicit_update cases_002  steps   1-  9: 10.3s  total: 10.3s  (10/100)
[2026-04-14 05:09:27] gpt4o_explicit_update cases_002  steps  11- 19: 11.9s  total: 22.1s  (20/100)
[2026-04-14 05:09:39] gpt4o_explicit_update cases_002  steps  21- 29: 11.7s  total: 33.9s  (30/100)
[2026-04-14 05:09:52] gpt4o_explicit_update cases_002  steps  31- 39: 13.5s  total: 47.4s  (40/100)
[2026-04-14 05:10:05] gpt4o_explicit_update cases_002  steps  41- 49: 12.9s  total: 60.3s  (50/100)
[2026-04-14 05:10:21] gpt4o_explicit_update cases_002  steps  51- 59: 16.0s  total: 76.3s  (60/100)
[2026-04-14 05:10:32] gpt4o_explicit_update cases_002  steps  61- 69: 10.6s  total: 87.0s  (70/100)
[2026-04-14 05:10:44] gpt4o_explicit_update cases_002  steps  71- 79: 12.2s  total: 99.2s  (80/100)
[2026-04-14 05:11:01] gpt4o_explicit_update cases_002  steps  81- 89: 16.4s  total: 115.6s  (90/100)
[2026-04-14 05:11:16] gpt4o_explicit_update cases_002  steps  91- 99: 15.3s  total: 130.9s  (100/100)
[2026-04-14 05:11:17] DONE gpt4o_explicit_update cases_002  total: 132.0s  (1.32s/step)
[2026-04-14 05:11:17]   tokens: 556,000 in + 7,207 out (reasoning: 0)  cost: $1.4621
[2026-04-14 05:11:17] START gpt4o_explicit_update cases_003 (100 steps)
[2026-04-14 05:11:28] gpt4o_explicit_update cases_003  steps   1-  9: 10.2s  total: 10.2s  (10/100)
[2026-04-14 05:11:40] gpt4o_explicit_update cases_003  steps  11- 19: 12.8s  total: 23.0s  (20/100)
[2026-04-14 05:11:55] gpt4o_explicit_update cases_003  steps  21- 29: 14.7s  total: 37.8s  (30/100)
[2026-04-14 05:12:10] gpt4o_explicit_update cases_003  steps  31- 39: 15.2s  total: 52.9s  (40/100)
[2026-04-14 05:12:22] gpt4o_explicit_update cases_003  steps  41- 49: 11.7s  total: 64.6s  (50/100)
[2026-04-14 05:12:38] gpt4o_explicit_update cases_003  steps  51- 59: 16.3s  total: 80.9s  (60/100)
[2026-04-14 05:12:53] gpt4o_explicit_update cases_003  steps  61- 69: 14.4s  total: 95.3s  (70/100)
[2026-04-14 05:13:06] gpt4o_explicit_update cases_003  steps  71- 79: 13.6s  total: 108.9s  (80/100)
[2026-04-14 05:13:24] gpt4o_explicit_update cases_003  steps  81- 89: 17.5s  total: 126.4s  (90/100)
[2026-04-14 05:13:37] gpt4o_explicit_update cases_003  steps  91- 99: 13.4s  total: 139.8s  (100/100)
[2026-04-14 05:13:39] DONE gpt4o_explicit_update cases_003  total: 140.9s  (1.41s/step)
[2026-04-14 05:13:39]   tokens: 562,126 in + 7,250 out (reasoning: 0)  cost: $1.4778
[2026-04-14 05:13:39] START gpt4o_explicit_update cases_004 (100 steps)
[2026-04-14 05:13:53] gpt4o_explicit_update cases_004  steps   1-  9: 14.5s  total: 14.5s  (10/100)
[2026-04-14 05:14:08] gpt4o_explicit_update cases_004  steps  11- 19: 14.7s  total: 29.2s  (20/100)
[2026-04-14 05:14:22] gpt4o_explicit_update cases_004  steps  21- 29: 14.1s  total: 43.3s  (30/100)
[2026-04-14 05:14:40] gpt4o_explicit_update cases_004  steps  31- 39: 18.3s  total: 61.6s  (40/100)
[2026-04-14 05:14:59] gpt4o_explicit_update cases_004  steps  41- 49: 18.2s  total: 79.8s  (50/100)
[2026-04-14 05:15:12] gpt4o_explicit_update cases_004  steps  51- 59: 13.8s  total: 93.5s  (60/100)
[2026-04-14 05:15:25] gpt4o_explicit_update cases_004  steps  61- 69: 13.0s  total: 106.5s  (70/100)
[2026-04-14 05:15:42] gpt4o_explicit_update cases_004  steps  71- 79: 16.5s  total: 123.1s  (80/100)
[2026-04-14 05:15:59] gpt4o_explicit_update cases_004  steps  81- 89: 16.7s  total: 139.8s  (90/100)
[2026-04-14 05:16:13] gpt4o_explicit_update cases_004  steps  91- 99: 14.3s  total: 154.1s  (100/100)
[2026-04-14 05:16:15] DONE gpt4o_explicit_update cases_004  total: 155.7s  (1.56s/step)
[2026-04-14 05:16:15]   tokens: 565,111 in + 7,329 out (reasoning: 0)  cost: $1.4861
[2026-04-14 05:16:15] START gpt4o_explicit_update cases_005 (100 steps)
[2026-04-14 05:16:28] gpt4o_explicit_update cases_005  steps   1-  9: 12.5s  total: 12.5s  (10/100)
[2026-04-14 05:16:41] gpt4o_explicit_update cases_005  steps  11- 19: 13.4s  total: 25.9s  (20/100)
[2026-04-14 05:16:57] gpt4o_explicit_update cases_005  steps  21- 29: 15.6s  total: 41.5s  (30/100)
[2026-04-14 05:17:08] gpt4o_explicit_update cases_005  steps  31- 39: 11.9s  total: 53.4s  (40/100)
[2026-04-14 05:17:21] gpt4o_explicit_update cases_005  steps  41- 49: 12.9s  total: 66.4s  (50/100)
[2026-04-14 05:17:35] gpt4o_explicit_update cases_005  steps  51- 59: 13.2s  total: 79.6s  (60/100)
[2026-04-14 05:17:51] gpt4o_explicit_update cases_005  steps  61- 69: 16.2s  total: 95.8s  (70/100)
[2026-04-14 05:18:08] gpt4o_explicit_update cases_005  steps  71- 79: 16.9s  total: 112.7s  (80/100)
[2026-04-14 05:18:23] gpt4o_explicit_update cases_005  steps  81- 89: 15.7s  total: 128.5s  (90/100)
[2026-04-14 05:18:40] gpt4o_explicit_update cases_005  steps  91- 99: 16.3s  total: 144.7s  (100/100)
[2026-04-14 05:18:41] DONE gpt4o_explicit_update cases_005  total: 145.8s  (1.46s/step)
[2026-04-14 05:18:41]   tokens: 562,708 in + 7,252 out (reasoning: 0)  cost: $1.4793
[2026-04-14 05:18:41] START gpt4o_explicit_update cases_006 (100 steps)
[2026-04-14 05:18:51] gpt4o_explicit_update cases_006  steps   1-  9: 9.7s  total: 9.7s  (10/100)
[2026-04-14 05:19:03] gpt4o_explicit_update cases_006  steps  11- 19: 12.6s  total: 22.2s  (20/100)
[2026-04-14 05:19:15] gpt4o_explicit_update cases_006  steps  21- 29: 11.7s  total: 33.9s  (30/100)
[2026-04-14 05:19:30] gpt4o_explicit_update cases_006  steps  31- 39: 15.3s  total: 49.3s  (40/100)
[2026-04-14 05:19:45] gpt4o_explicit_update cases_006  steps  41- 49: 14.8s  total: 64.1s  (50/100)
[2026-04-14 05:19:58] gpt4o_explicit_update cases_006  steps  51- 59: 12.5s  total: 76.6s  (60/100)
[2026-04-14 05:20:11] gpt4o_explicit_update cases_006  steps  61- 69: 12.7s  total: 89.3s  (70/100)
[2026-04-14 05:20:44] gpt4o_explicit_update cases_006  steps  71- 79: 33.8s  total: 123.1s  (80/100)
[2026-04-14 05:21:09] gpt4o_explicit_update cases_006  steps  81- 89: 25.1s  total: 148.3s  (90/100)
[2026-04-14 05:21:21] gpt4o_explicit_update cases_006  steps  91- 99: 11.6s  total: 159.9s  (100/100)
[2026-04-14 05:21:23] DONE gpt4o_explicit_update cases_006  total: 161.1s  (1.61s/step)
[2026-04-14 05:21:23]   tokens: 586,150 in + 7,992 out (reasoning: 0)  cost: $1.5453
[2026-04-14 05:21:23] START gpt4o_explicit_update cases_007 (100 steps)
[2026-04-14 05:21:36] gpt4o_explicit_update cases_007  steps   1-  9: 12.7s  total: 12.7s  (10/100)
[2026-04-14 05:21:46] gpt4o_explicit_update cases_007  steps  11- 19: 10.4s  total: 23.1s  (20/100)
[2026-04-14 05:21:58] gpt4o_explicit_update cases_007  steps  21- 29: 11.8s  total: 34.8s  (30/100)
[2026-04-14 05:22:10] gpt4o_explicit_update cases_007  steps  31- 39: 11.9s  total: 46.7s  (40/100)
[2026-04-14 05:22:22] gpt4o_explicit_update cases_007  steps  41- 49: 12.2s  total: 58.9s  (50/100)
[2026-04-14 05:22:38] gpt4o_explicit_update cases_007  steps  51- 59: 15.8s  total: 74.7s  (60/100)
[2026-04-14 05:22:55] gpt4o_explicit_update cases_007  steps  61- 69: 17.7s  total: 92.5s  (70/100)
[2026-04-14 05:23:14] gpt4o_explicit_update cases_007  steps  71- 79: 18.5s  total: 111.0s  (80/100)
[2026-04-14 05:23:28] gpt4o_explicit_update cases_007  steps  81- 89: 14.3s  total: 125.3s  (90/100)
[2026-04-14 05:23:44] gpt4o_explicit_update cases_007  steps  91- 99: 15.4s  total: 140.7s  (100/100)
[2026-04-14 05:23:45] DONE gpt4o_explicit_update cases_007  total: 141.8s  (1.42s/step)
[2026-04-14 05:23:45]   tokens: 568,489 in + 7,473 out (reasoning: 0)  cost: $1.4960
[2026-04-14 05:23:45] START gpt4o_explicit_update cases_008 (100 steps)
[2026-04-14 05:23:58] gpt4o_explicit_update cases_008  steps   1-  9: 12.9s  total: 12.9s  (10/100)
[2026-04-14 05:24:10] gpt4o_explicit_update cases_008  steps  11- 19: 11.6s  total: 24.5s  (20/100)
[2026-04-14 05:24:21] gpt4o_explicit_update cases_008  steps  21- 29: 11.2s  total: 35.7s  (30/100)
[2026-04-14 05:24:32] gpt4o_explicit_update cases_008  steps  31- 39: 11.2s  total: 46.9s  (40/100)
[2026-04-14 05:24:44] gpt4o_explicit_update cases_008  steps  41- 49: 12.3s  total: 59.2s  (50/100)
[2026-04-14 05:24:55] gpt4o_explicit_update cases_008  steps  51- 59: 11.1s  total: 70.3s  (60/100)
[2026-04-14 05:25:07] gpt4o_explicit_update cases_008  steps  61- 69: 11.3s  total: 81.6s  (70/100)
[2026-04-14 05:25:19] gpt4o_explicit_update cases_008  steps  71- 79: 11.9s  total: 93.5s  (80/100)
[2026-04-14 05:25:31] gpt4o_explicit_update cases_008  steps  81- 89: 12.5s  total: 106.0s  (90/100)
[2026-04-14 05:25:42] gpt4o_explicit_update cases_008  steps  91- 99: 10.9s  total: 116.9s  (100/100)
[2026-04-14 05:25:44] DONE gpt4o_explicit_update cases_008  total: 118.1s  (1.18s/step)
[2026-04-14 05:25:44]   tokens: 556,676 in + 7,150 out (reasoning: 0)  cost: $1.4632
[2026-04-14 05:25:44] START gpt4o_explicit_update cases_009 (100 steps)
[2026-04-14 05:25:53] gpt4o_explicit_update cases_009  steps   1-  9: 9.1s  total: 9.1s  (10/100)
[2026-04-14 05:26:01] gpt4o_explicit_update cases_009  steps  11- 19: 8.6s  total: 17.7s  (20/100)
[2026-04-14 05:26:12] gpt4o_explicit_update cases_009  steps  21- 29: 10.6s  total: 28.2s  (30/100)
[2026-04-14 05:26:28] gpt4o_explicit_update cases_009  steps  31- 39: 16.0s  total: 44.2s  (40/100)
[2026-04-14 05:26:42] gpt4o_explicit_update cases_009  steps  41- 49: 14.3s  total: 58.5s  (50/100)
[2026-04-14 05:26:53] gpt4o_explicit_update cases_009  steps  51- 59: 11.0s  total: 69.5s  (60/100)
[2026-04-14 05:27:05] gpt4o_explicit_update cases_009  steps  61- 69: 12.1s  total: 81.6s  (70/100)
[2026-04-14 05:27:16] gpt4o_explicit_update cases_009  steps  71- 79: 10.2s  total: 91.8s  (80/100)
[2026-04-14 05:27:27] gpt4o_explicit_update cases_009  steps  81- 89: 11.3s  total: 103.1s  (90/100)
[2026-04-14 05:27:37] gpt4o_explicit_update cases_009  steps  91- 99: 10.5s  total: 113.6s  (100/100)
[2026-04-14 05:27:39] DONE gpt4o_explicit_update cases_009  total: 114.5s  (1.15s/step)
[2026-04-14 05:27:39]   tokens: 441,971 in + 4,830 out (reasoning: 0)  cost: $1.1532
[2026-04-14 05:27:39] START gpt4o_explicit_update cases_010 (100 steps)
[2026-04-14 05:27:52] gpt4o_explicit_update cases_010  steps   1-  9: 12.9s  total: 12.9s  (10/100)
[2026-04-14 05:28:03] gpt4o_explicit_update cases_010  steps  11- 19: 11.5s  total: 24.5s  (20/100)
[2026-04-14 05:28:18] gpt4o_explicit_update cases_010  steps  21- 29: 14.4s  total: 38.9s  (30/100)
[2026-04-14 05:28:31] gpt4o_explicit_update cases_010  steps  31- 39: 13.1s  total: 52.0s  (40/100)
[2026-04-14 05:28:43] gpt4o_explicit_update cases_010  steps  41- 49: 12.6s  total: 64.6s  (50/100)
[2026-04-14 05:28:55] gpt4o_explicit_update cases_010  steps  51- 59: 11.9s  total: 76.5s  (60/100)
[2026-04-14 05:29:10] gpt4o_explicit_update cases_010  steps  61- 69: 14.4s  total: 90.9s  (70/100)
[2026-04-14 05:29:22] gpt4o_explicit_update cases_010  steps  71- 79: 12.7s  total: 103.6s  (80/100)
[2026-04-14 05:29:35] gpt4o_explicit_update cases_010  steps  81- 89: 12.4s  total: 116.0s  (90/100)
[2026-04-14 05:29:49] gpt4o_explicit_update cases_010  steps  91- 99: 14.7s  total: 130.7s  (100/100)
[2026-04-14 05:29:51] DONE gpt4o_explicit_update cases_010  total: 131.6s  (1.32s/step)
[2026-04-14 05:29:51]   tokens: 561,858 in + 7,269 out (reasoning: 0)  cost: $1.4773
[2026-04-14 05:29:51] START gpt4o_explicit_update cases_011 (100 steps)
[2026-04-14 05:30:02] gpt4o_explicit_update cases_011  steps   1-  9: 11.1s  total: 11.1s  (10/100)
[2026-04-14 05:30:13] gpt4o_explicit_update cases_011  steps  11- 19: 11.3s  total: 22.4s  (20/100)
[2026-04-14 05:30:25] gpt4o_explicit_update cases_011  steps  21- 29: 11.3s  total: 33.7s  (30/100)
[2026-04-14 05:30:37] gpt4o_explicit_update cases_011  steps  31- 39: 12.0s  total: 45.7s  (40/100)
[2026-04-14 05:30:50] gpt4o_explicit_update cases_011  steps  41- 49: 13.3s  total: 58.9s  (50/100)
[2026-04-14 05:31:01] gpt4o_explicit_update cases_011  steps  51- 59: 11.4s  total: 70.4s  (60/100)
[2026-04-14 05:31:18] gpt4o_explicit_update cases_011  steps  61- 69: 17.3s  total: 87.7s  (70/100)
[2026-04-14 05:31:34] gpt4o_explicit_update cases_011  steps  71- 79: 15.4s  total: 103.1s  (80/100)
[2026-04-14 05:31:45] gpt4o_explicit_update cases_011  steps  81- 89: 11.1s  total: 114.1s  (90/100)
[2026-04-14 05:31:59] gpt4o_explicit_update cases_011  steps  91- 99: 13.8s  total: 127.9s  (100/100)
[2026-04-14 05:32:01] DONE gpt4o_explicit_update cases_011  total: 129.2s  (1.29s/step)
[2026-04-14 05:32:01]   tokens: 555,399 in + 7,120 out (reasoning: 0)  cost: $1.4597
[2026-04-14 05:32:01] START gpt4o_explicit_update cases_012 (100 steps)
[2026-04-14 05:32:11] gpt4o_explicit_update cases_012  steps   1-  9: 10.5s  total: 10.5s  (10/100)
[2026-04-14 05:32:26] gpt4o_explicit_update cases_012  steps  11- 19: 14.5s  total: 25.0s  (20/100)
[2026-04-14 05:32:42] gpt4o_explicit_update cases_012  steps  21- 29: 16.5s  total: 41.5s  (30/100)
[2026-04-14 05:32:56] gpt4o_explicit_update cases_012  steps  31- 39: 14.4s  total: 55.9s  (40/100)
[2026-04-14 05:33:12] gpt4o_explicit_update cases_012  steps  41- 49: 15.7s  total: 71.6s  (50/100)
[2026-04-14 05:33:25] gpt4o_explicit_update cases_012  steps  51- 59: 12.4s  total: 84.1s  (60/100)
[2026-04-14 05:33:37] gpt4o_explicit_update cases_012  steps  61- 69: 12.2s  total: 96.2s  (70/100)
[2026-04-14 05:33:49] gpt4o_explicit_update cases_012  steps  71- 79: 11.7s  total: 107.9s  (80/100)
[2026-04-14 05:34:00] gpt4o_explicit_update cases_012  steps  81- 89: 11.8s  total: 119.7s  (90/100)
[2026-04-14 05:34:12] gpt4o_explicit_update cases_012  steps  91- 99: 11.6s  total: 131.3s  (100/100)
[2026-04-14 05:34:13] DONE gpt4o_explicit_update cases_012  total: 132.3s  (1.32s/step)
[2026-04-14 05:34:13]   tokens: 556,991 in + 7,185 out (reasoning: 0)  cost: $1.4643
[2026-04-14 05:34:13] START gpt4o_explicit_update cases_013 (100 steps)
[2026-04-14 05:34:22] gpt4o_explicit_update cases_013  steps   1-  9: 8.2s  total: 8.2s  (10/100)
[2026-04-14 05:34:30] gpt4o_explicit_update cases_013  steps  11- 19: 8.6s  total: 16.8s  (20/100)
[2026-04-14 05:34:39] gpt4o_explicit_update cases_013  steps  21- 29: 9.1s  total: 25.9s  (30/100)
[2026-04-14 05:34:51] gpt4o_explicit_update cases_013  steps  31- 39: 11.8s  total: 37.7s  (40/100)
[2026-04-14 05:35:01] gpt4o_explicit_update cases_013  steps  41- 49: 9.6s  total: 47.2s  (50/100)
[2026-04-14 05:35:10] gpt4o_explicit_update cases_013  steps  51- 59: 9.0s  total: 56.2s  (60/100)
[2026-04-14 05:35:20] gpt4o_explicit_update cases_013  steps  61- 69: 10.8s  total: 67.0s  (70/100)
[2026-04-14 05:35:31] gpt4o_explicit_update cases_013  steps  71- 79: 11.1s  total: 78.1s  (80/100)
[2026-04-14 05:35:45] gpt4o_explicit_update cases_013  steps  81- 89: 13.4s  total: 91.4s  (90/100)
[2026-04-14 05:35:59] gpt4o_explicit_update cases_013  steps  91- 99: 14.6s  total: 106.0s  (100/100)
[2026-04-14 05:36:01] DONE gpt4o_explicit_update cases_013  total: 106.9s  (1.07s/step)
[2026-04-14 05:36:01]   tokens: 441,971 in + 4,830 out (reasoning: 0)  cost: $1.1532
[2026-04-14 05:36:01] START gpt4o_explicit_update cases_014 (100 steps)
[2026-04-14 05:36:10] gpt4o_explicit_update cases_014  steps   1-  9: 8.8s  total: 8.8s  (10/100)
[2026-04-14 05:36:24] gpt4o_explicit_update cases_014  steps  11- 19: 14.9s  total: 23.7s  (20/100)
[2026-04-14 05:36:35] gpt4o_explicit_update cases_014  steps  21- 29: 10.4s  total: 34.1s  (30/100)
[2026-04-14 05:36:47] gpt4o_explicit_update cases_014  steps  31- 39: 12.3s  total: 46.4s  (40/100)
[2026-04-14 05:37:00] gpt4o_explicit_update cases_014  steps  41- 49: 12.6s  total: 58.9s  (50/100)
[2026-04-14 05:37:14] gpt4o_explicit_update cases_014  steps  51- 59: 14.1s  total: 73.0s  (60/100)
[2026-04-14 05:37:30] gpt4o_explicit_update cases_014  steps  61- 69: 15.7s  total: 88.7s  (70/100)
[2026-04-14 05:37:44] gpt4o_explicit_update cases_014  steps  71- 79: 14.4s  total: 103.1s  (80/100)
[2026-04-14 05:38:01] gpt4o_explicit_update cases_014  steps  81- 89: 16.8s  total: 119.9s  (90/100)
[2026-04-14 05:38:21] gpt4o_explicit_update cases_014  steps  91- 99: 20.0s  total: 139.9s  (100/100)
[2026-04-14 05:38:23] DONE gpt4o_explicit_update cases_014  total: 141.6s  (1.42s/step)
[2026-04-14 05:38:23]   tokens: 564,846 in + 7,669 out (reasoning: 0)  cost: $1.4888
[2026-04-14 05:38:23] START gpt4o_explicit_update cases_015 (100 steps)
[2026-04-14 05:38:36] gpt4o_explicit_update cases_015  steps   1-  9: 13.3s  total: 13.3s  (10/100)
[2026-04-14 05:38:47] gpt4o_explicit_update cases_015  steps  11- 19: 11.1s  total: 24.3s  (20/100)
[2026-04-14 05:38:59] gpt4o_explicit_update cases_015  steps  21- 29: 11.4s  total: 35.7s  (30/100)
[2026-04-14 05:39:11] gpt4o_explicit_update cases_015  steps  31- 39: 12.1s  total: 47.8s  (40/100)
[2026-04-14 05:39:24] gpt4o_explicit_update cases_015  steps  41- 49: 13.4s  total: 61.2s  (50/100)
[2026-04-14 05:39:41] gpt4o_explicit_update cases_015  steps  51- 59: 17.3s  total: 78.5s  (60/100)
[2026-04-14 05:39:58] gpt4o_explicit_update cases_015  steps  61- 69: 16.6s  total: 95.0s  (70/100)
[2026-04-14 05:40:10] gpt4o_explicit_update cases_015  steps  71- 79: 12.0s  total: 107.0s  (80/100)
[2026-04-14 05:40:25] gpt4o_explicit_update cases_015  steps  81- 89: 15.3s  total: 122.3s  (90/100)
[2026-04-14 05:40:42] gpt4o_explicit_update cases_015  steps  91- 99: 16.9s  total: 139.3s  (100/100)
[2026-04-14 05:40:43] DONE gpt4o_explicit_update cases_015  total: 140.1s  (1.40s/step)
[2026-04-14 05:40:43]   tokens: 553,686 in + 7,123 out (reasoning: 0)  cost: $1.4554
[2026-04-14 05:40:44] START gpt4o_explicit_update cases_016 (100 steps)
[2026-04-14 05:40:54] gpt4o_explicit_update cases_016  steps   1-  9: 10.7s  total: 10.7s  (10/100)
[2026-04-14 05:41:05] gpt4o_explicit_update cases_016  steps  11- 19: 10.5s  total: 21.2s  (20/100)
[2026-04-14 05:41:17] gpt4o_explicit_update cases_016  steps  21- 29: 12.3s  total: 33.5s  (30/100)
[2026-04-14 05:41:27] gpt4o_explicit_update cases_016  steps  31- 39: 9.9s  total: 43.4s  (40/100)
[2026-04-14 05:41:39] gpt4o_explicit_update cases_016  steps  41- 49: 12.4s  total: 55.8s  (50/100)
[2026-04-14 05:41:55] gpt4o_explicit_update cases_016  steps  51- 59: 15.8s  total: 71.6s  (60/100)
[2026-04-14 05:42:09] gpt4o_explicit_update cases_016  steps  61- 69: 13.7s  total: 85.3s  (70/100)
[2026-04-14 05:42:22] gpt4o_explicit_update cases_016  steps  71- 79: 13.4s  total: 98.7s  (80/100)
[2026-04-14 05:42:35] gpt4o_explicit_update cases_016  steps  81- 89: 12.7s  total: 111.4s  (90/100)
[2026-04-14 05:42:47] gpt4o_explicit_update cases_016  steps  91- 99: 12.1s  total: 123.5s  (100/100)
[2026-04-14 05:42:49] DONE gpt4o_explicit_update cases_016  total: 124.6s  (1.25s/step)
[2026-04-14 05:42:49]   tokens: 566,128 in + 7,425 out (reasoning: 0)  cost: $1.4896
[2026-04-14 05:42:49] START gpt4o_explicit_update cases_017 (100 steps)
[2026-04-14 05:43:01] gpt4o_explicit_update cases_017  steps   1-  9: 11.9s  total: 11.9s  (10/100)
[2026-04-14 05:43:15] gpt4o_explicit_update cases_017  steps  11- 19: 14.8s  total: 26.7s  (20/100)
[2026-04-14 05:43:30] gpt4o_explicit_update cases_017  steps  21- 29: 14.6s  total: 41.3s  (30/100)
[2026-04-14 05:43:44] gpt4o_explicit_update cases_017  steps  31- 39: 14.4s  total: 55.7s  (40/100)
[2026-04-14 05:44:01] gpt4o_explicit_update cases_017  steps  41- 49: 17.1s  total: 72.8s  (50/100)
[2026-04-14 05:44:12] gpt4o_explicit_update cases_017  steps  51- 59: 10.8s  total: 83.6s  (60/100)
[2026-04-14 05:44:22] gpt4o_explicit_update cases_017  steps  61- 69: 9.7s  total: 93.3s  (70/100)
[2026-04-14 05:44:33] gpt4o_explicit_update cases_017  steps  71- 79: 10.9s  total: 104.2s  (80/100)
[2026-04-14 05:44:47] gpt4o_explicit_update cases_017  steps  81- 89: 14.1s  total: 118.3s  (90/100)
[2026-04-14 05:44:58] gpt4o_explicit_update cases_017  steps  91- 99: 11.3s  total: 129.6s  (100/100)
[2026-04-14 05:45:00] DONE gpt4o_explicit_update cases_017  total: 130.5s  (1.30s/step)
[2026-04-14 05:45:00]   tokens: 539,160 in + 6,803 out (reasoning: 0)  cost: $1.4159
[2026-04-14 05:45:00] START gpt4o_explicit_update cases_018 (100 steps)
[2026-04-14 05:45:15] gpt4o_explicit_update cases_018  steps   1-  9: 15.2s  total: 15.2s  (10/100)
[2026-04-14 05:45:28] gpt4o_explicit_update cases_018  steps  11- 19: 12.9s  total: 28.1s  (20/100)
[2026-04-14 05:45:42] gpt4o_explicit_update cases_018  steps  21- 29: 13.9s  total: 42.1s  (30/100)
[2026-04-14 05:45:54] gpt4o_explicit_update cases_018  steps  31- 39: 12.8s  total: 54.9s  (40/100)
[2026-04-14 05:46:12] gpt4o_explicit_update cases_018  steps  41- 49: 17.2s  total: 72.1s  (50/100)
[2026-04-14 05:46:25] gpt4o_explicit_update cases_018  steps  51- 59: 13.5s  total: 85.6s  (60/100)
[2026-04-14 05:46:38] gpt4o_explicit_update cases_018  steps  61- 69: 12.8s  total: 98.4s  (70/100)
[2026-04-14 05:46:53] gpt4o_explicit_update cases_018  steps  71- 79: 15.2s  total: 113.7s  (80/100)
[2026-04-14 05:47:07] gpt4o_explicit_update cases_018  steps  81- 89: 13.3s  total: 127.0s  (90/100)
[2026-04-14 05:47:20] gpt4o_explicit_update cases_018  steps  91- 99: 13.0s  total: 140.0s  (100/100)
[2026-04-14 05:47:21] DONE gpt4o_explicit_update cases_018  total: 141.0s  (1.41s/step)
[2026-04-14 05:47:21]   tokens: 547,562 in + 6,523 out (reasoning: 0)  cost: $1.4341
[2026-04-14 05:47:21] START gpt4o_explicit_update cases_019 (100 steps)
[2026-04-14 05:47:32] gpt4o_explicit_update cases_019  steps   1-  9: 11.0s  total: 11.0s  (10/100)
[2026-04-14 05:47:43] gpt4o_explicit_update cases_019  steps  11- 19: 10.5s  total: 21.5s  (20/100)
[2026-04-14 05:47:53] gpt4o_explicit_update cases_019  steps  21- 29: 10.4s  total: 31.8s  (30/100)
[2026-04-14 05:48:03] gpt4o_explicit_update cases_019  steps  31- 39: 10.3s  total: 42.1s  (40/100)
[2026-04-14 05:48:14] gpt4o_explicit_update cases_019  steps  41- 49: 10.9s  total: 53.0s  (50/100)
[2026-04-14 05:48:26] gpt4o_explicit_update cases_019  steps  51- 59: 11.9s  total: 64.9s  (60/100)
[2026-04-14 05:48:38] gpt4o_explicit_update cases_019  steps  61- 69: 12.3s  total: 77.1s  (70/100)
[2026-04-14 05:48:51] gpt4o_explicit_update cases_019  steps  71- 79: 13.0s  total: 90.1s  (80/100)
[2026-04-14 05:49:02] gpt4o_explicit_update cases_019  steps  81- 89: 10.4s  total: 100.5s  (90/100)
[2026-04-14 05:49:16] gpt4o_explicit_update cases_019  steps  91- 99: 13.9s  total: 114.4s  (100/100)
[2026-04-14 05:49:17] DONE gpt4o_explicit_update cases_019  total: 115.3s  (1.15s/step)
[2026-04-14 05:49:17]   tokens: 563,016 in + 7,280 out (reasoning: 0)  cost: $1.4803
[2026-04-14 11:14:10] START ds_think_online cases_000 (100 steps)
[2026-04-14 11:26:31] ds_think_online cases_000  steps   1-  9: 741.1s  total: 741.1s  (10/100)
[2026-04-14 11:34:49] START o4_mini_online cases_000 (5 steps)
[2026-04-14 11:35:22] DONE o4_mini_online cases_000  total: 32.0s  (6.39s/step)
[2026-04-14 11:35:22]   tokens: 1,120 in + 3,507 out (reasoning: 3,392)  cost: $0.0083
[2026-04-14 11:38:12] START gpt54_nano_online cases_000 (5 steps)
[2026-04-14 11:38:20] DONE gpt54_nano_online cases_000  total: 6.8s  (1.35s/step)
[2026-04-14 11:38:20]   tokens: 1,160 in + 60 out (reasoning: 0)  cost: $0.0003
[2026-04-14 11:47:32] START gpt54_mini_online cases_000 (5 steps)
[2026-04-14 11:47:38] DONE gpt54_mini_online cases_000  total: 4.8s  (0.95s/step)
[2026-04-14 11:47:38]   tokens: 1,120 in + 46 out (reasoning: 0)  cost: $0.0010
[2026-04-14 11:49:37] START gpt54_mini_online cases_000 (100 steps)
[2026-04-14 11:49:43] gpt54_mini_online cases_000  steps   1-  9: 6.4s  total: 6.4s  (10/100)
[2026-04-14 11:49:53] gpt54_mini_online cases_000  steps  11- 19: 9.6s  total: 16.1s  (20/100)
[2026-04-14 11:50:06] gpt54_mini_online cases_000  steps  21- 29: 12.9s  total: 28.9s  (30/100)
[2026-04-14 11:50:14] gpt54_mini_online cases_000  steps  31- 39: 8.5s  total: 37.4s  (40/100)
[2026-04-14 11:50:21] gpt54_mini_online cases_000  steps  41- 49: 7.0s  total: 44.5s  (50/100)
[2026-04-14 11:50:33] gpt54_mini_online cases_000  steps  51- 59: 12.3s  total: 56.7s  (60/100)
[2026-04-14 11:50:44] gpt54_mini_online cases_000  steps  61- 69: 10.2s  total: 66.9s  (70/100)
[2026-04-14 11:50:54] gpt54_mini_online cases_000  steps  71- 79: 10.5s  total: 77.5s  (80/100)
[2026-04-14 11:51:02] gpt54_mini_online cases_000  steps  81- 89: 8.3s  total: 85.7s  (90/100)
[2026-04-14 11:51:11] gpt54_mini_online cases_000  steps  91- 99: 8.2s  total: 93.9s  (100/100)
[2026-04-14 11:51:11] DONE gpt54_mini_online cases_000  total: 93.9s  (0.94s/step)
[2026-04-14 11:51:11]   tokens: 212,400 in + 800 out (reasoning: 0)  cost: $0.1629
[2026-04-14 11:51:11] START gpt54_mini_online cases_001 (100 steps)
[2026-04-14 11:51:23] gpt54_mini_online cases_001  steps   1-  9: 11.9s  total: 11.9s  (10/100)
[2026-04-14 11:51:29] gpt54_mini_online cases_001  steps  11- 19: 6.0s  total: 17.9s  (20/100)
[2026-04-14 11:51:38] gpt54_mini_online cases_001  steps  21- 29: 8.8s  total: 26.7s  (30/100)
[2026-04-14 11:51:48] gpt54_mini_online cases_001  steps  31- 39: 9.9s  total: 36.6s  (40/100)
[2026-04-14 11:51:58] gpt54_mini_online cases_001  steps  41- 49: 10.0s  total: 46.6s  (50/100)
[2026-04-14 11:52:05] gpt54_mini_online cases_001  steps  51- 59: 7.4s  total: 54.0s  (60/100)
[2026-04-14 11:52:15] gpt54_mini_online cases_001  steps  61- 69: 9.7s  total: 63.7s  (70/100)
[2026-04-14 11:52:25] gpt54_mini_online cases_001  steps  71- 79: 9.4s  total: 73.1s  (80/100)
[2026-04-14 11:52:33] gpt54_mini_online cases_001  steps  81- 89: 8.5s  total: 81.5s  (90/100)
[2026-04-14 11:52:44] gpt54_mini_online cases_001  steps  91- 99: 11.1s  total: 92.6s  (100/100)
[2026-04-14 11:52:45] DONE gpt54_mini_online cases_001  total: 92.6s  (0.93s/step)
[2026-04-14 11:52:45]   tokens: 217,350 in + 906 out (reasoning: 0)  cost: $0.1671
[2026-04-14 11:52:45] START gpt54_mini_online cases_002 (100 steps)
[2026-04-14 11:52:53] gpt54_mini_online cases_002  steps   1-  9: 8.8s  total: 8.8s  (10/100)
[2026-04-14 11:52:59] gpt54_mini_online cases_002  steps  11- 19: 5.5s  total: 14.3s  (20/100)
[2026-04-14 11:53:05] gpt54_mini_online cases_002  steps  21- 29: 5.7s  total: 20.1s  (30/100)
[2026-04-14 11:53:13] gpt54_mini_online cases_002  steps  31- 39: 8.5s  total: 28.5s  (40/100)
[2026-04-14 11:53:24] gpt54_mini_online cases_002  steps  41- 49: 11.1s  total: 39.6s  (50/100)
[2026-04-14 11:53:32] gpt54_mini_online cases_002  steps  51- 59: 7.5s  total: 47.2s  (60/100)
[2026-04-14 11:53:43] gpt54_mini_online cases_002  steps  61- 69: 11.6s  total: 58.8s  (70/100)
[2026-04-14 11:53:51] gpt54_mini_online cases_002  steps  71- 79: 8.0s  total: 66.8s  (80/100)
[2026-04-14 11:54:01] gpt54_mini_online cases_002  steps  81- 89: 9.2s  total: 76.0s  (90/100)
[2026-04-14 11:54:08] gpt54_mini_online cases_002  steps  91- 99: 7.3s  total: 83.3s  (100/100)
[2026-04-14 11:54:08] DONE gpt54_mini_online cases_002  total: 83.3s  (0.83s/step)
[2026-04-14 11:54:08]   tokens: 212,400 in + 806 out (reasoning: 0)  cost: $0.1629
[2026-04-14 11:54:08] START gpt54_mini_online cases_003 (100 steps)
[2026-04-14 11:54:18] gpt54_mini_online cases_003  steps   1-  9: 9.2s  total: 9.2s  (10/100)
[2026-04-14 11:54:27] gpt54_mini_online cases_003  steps  11- 19: 9.7s  total: 19.0s  (20/100)
[2026-04-14 11:54:34] gpt54_mini_online cases_003  steps  21- 29: 6.6s  total: 25.6s  (30/100)
[2026-04-14 11:54:41] gpt54_mini_online cases_003  steps  31- 39: 6.7s  total: 32.3s  (40/100)
[2026-04-14 11:54:50] gpt54_mini_online cases_003  steps  41- 49: 9.7s  total: 41.9s  (50/100)
[2026-04-14 11:54:57] gpt54_mini_online cases_003  steps  51- 59: 6.6s  total: 48.5s  (60/100)
[2026-04-14 11:55:06] gpt54_mini_online cases_003  steps  61- 69: 8.8s  total: 57.3s  (70/100)
[2026-04-14 11:55:15] gpt54_mini_online cases_003  steps  71- 79: 9.7s  total: 67.1s  (80/100)
[2026-04-14 11:55:29] gpt54_mini_online cases_003  steps  81- 89: 13.4s  total: 80.4s  (90/100)
[2026-04-14 11:55:37] gpt54_mini_online cases_003  steps  91- 99: 8.0s  total: 88.4s  (100/100)
[2026-04-14 11:55:37] DONE gpt54_mini_online cases_003  total: 88.4s  (0.88s/step)
[2026-04-14 11:55:37]   tokens: 212,400 in + 800 out (reasoning: 0)  cost: $0.1629
[2026-04-14 11:55:37] START gpt54_mini_online cases_004 (100 steps)
[2026-04-14 11:55:43] gpt54_mini_online cases_004  steps   1-  9: 5.5s  total: 5.5s  (10/100)
[2026-04-14 11:55:51] gpt54_mini_online cases_004  steps  11- 19: 7.8s  total: 13.3s  (20/100)
[2026-04-14 11:55:59] gpt54_mini_online cases_004  steps  21- 29: 8.9s  total: 22.2s  (30/100)
[2026-04-14 11:56:05] gpt54_mini_online cases_004  steps  31- 39: 6.0s  total: 28.3s  (40/100)
[2026-04-14 11:56:16] gpt54_mini_online cases_004  steps  41- 49: 10.3s  total: 38.5s  (50/100)
[2026-04-14 11:56:22] gpt54_mini_online cases_004  steps  51- 59: 6.4s  total: 45.0s  (60/100)
[2026-04-14 11:56:32] gpt54_mini_online cases_004  steps  61- 69: 9.4s  total: 54.3s  (70/100)
[2026-04-14 11:56:40] gpt54_mini_online cases_004  steps  71- 79: 8.4s  total: 62.7s  (80/100)
[2026-04-14 11:56:47] gpt54_mini_online cases_004  steps  81- 89: 7.2s  total: 69.9s  (90/100)
[2026-04-14 11:56:48] START gpt54_mini_reason_online cases_000 (5 steps)
[2026-04-14 11:56:58] gpt54_mini_online cases_004  steps  91- 99: 11.1s  total: 81.0s  (100/100)
[2026-04-14 11:56:59] DONE gpt54_mini_online cases_004  total: 81.0s  (0.81s/step)
[2026-04-14 11:56:59]   tokens: 212,400 in + 806 out (reasoning: 0)  cost: $0.1629
[2026-04-14 11:56:59] START gpt54_mini_online cases_005 (100 steps)
[2026-04-14 11:57:05] gpt54_mini_online cases_005  steps   1-  9: 5.9s  total: 5.9s  (10/100)
[2026-04-14 11:57:06] DONE gpt54_mini_reason_online cases_000  total: 17.1s  (3.42s/step)
[2026-04-14 11:57:06]   tokens: 1,120 in + 1,893 out (reasoning: 1,808)  cost: $0.0094
[2026-04-14 11:57:13] gpt54_mini_online cases_005  steps  11- 19: 8.5s  total: 14.4s  (20/100)
[2026-04-14 11:57:19] ds_think_online cases_000  steps  11- 19: 1847.9s  total: 2589.0s  (20/100)
[2026-04-14 11:57:20] gpt54_mini_online cases_005  steps  21- 29: 6.6s  total: 21.0s  (30/100)
[2026-04-14 11:57:26] gpt54_mini_online cases_005  steps  31- 39: 6.1s  total: 27.2s  (40/100)
[2026-04-14 11:57:32] gpt54_mini_online cases_005  steps  41- 49: 6.2s  total: 33.4s  (50/100)
[2026-04-14 11:57:39] gpt54_mini_online cases_005  steps  51- 59: 6.9s  total: 40.3s  (60/100)
[2026-04-14 11:57:46] gpt54_mini_online cases_005  steps  61- 69: 7.1s  total: 47.4s  (70/100)
[2026-04-14 11:57:53] gpt54_mini_online cases_005  steps  71- 79: 7.0s  total: 54.4s  (80/100)
[2026-04-14 11:58:01] gpt54_mini_online cases_005  steps  81- 89: 8.1s  total: 62.5s  (90/100)
[2026-04-14 11:58:09] gpt54_mini_online cases_005  steps  91- 99: 7.6s  total: 70.1s  (100/100)
[2026-04-14 11:58:09] DONE gpt54_mini_online cases_005  total: 70.1s  (0.70s/step)
[2026-04-14 11:58:09]   tokens: 212,400 in + 800 out (reasoning: 0)  cost: $0.1629
[2026-04-14 11:58:09] START gpt54_mini_online cases_006 (100 steps)
[2026-04-14 11:58:18] gpt54_mini_online cases_006  steps   1-  9: 9.0s  total: 9.0s  (10/100)
[2026-04-14 11:58:27] gpt54_mini_online cases_006  steps  11- 19: 8.7s  total: 17.7s  (20/100)
[2026-04-14 11:58:34] gpt54_mini_online cases_006  steps  21- 29: 6.8s  total: 24.5s  (30/100)
[2026-04-14 11:58:43] gpt54_mini_online cases_006  steps  31- 39: 9.2s  total: 33.7s  (40/100)
[2026-04-14 11:58:54] gpt54_mini_online cases_006  steps  41- 49: 11.1s  total: 44.9s  (50/100)
[2026-04-14 11:59:01] gpt54_mini_online cases_006  steps  51- 59: 6.7s  total: 51.6s  (60/100)
[2026-04-14 11:59:10] gpt54_mini_online cases_006  steps  61- 69: 9.4s  total: 61.0s  (70/100)
[2026-04-14 11:59:18] gpt54_mini_online cases_006  steps  71- 79: 7.9s  total: 68.9s  (80/100)
[2026-04-14 11:59:27] gpt54_mini_online cases_006  steps  81- 89: 9.0s  total: 77.9s  (90/100)
[2026-04-14 11:59:36] gpt54_mini_online cases_006  steps  91- 99: 9.1s  total: 87.0s  (100/100)
[2026-04-14 11:59:37] DONE gpt54_mini_online cases_006  total: 87.0s  (0.87s/step)
[2026-04-14 11:59:37]   tokens: 212,400 in + 800 out (reasoning: 0)  cost: $0.1629
[2026-04-14 11:59:37] START gpt54_mini_online cases_007 (100 steps)
[2026-04-14 11:59:43] gpt54_mini_online cases_007  steps   1-  9: 6.4s  total: 6.4s  (10/100)
[2026-04-14 11:59:57] gpt54_mini_online cases_007  steps  11- 19: 13.6s  total: 20.0s  (20/100)
[2026-04-14 12:00:03] gpt54_mini_online cases_007  steps  21- 29: 6.1s  total: 26.1s  (30/100)
[2026-04-14 12:00:11] gpt54_mini_online cases_007  steps  31- 39: 8.1s  total: 34.2s  (40/100)
[2026-04-14 12:00:23] gpt54_mini_online cases_007  steps  41- 49: 12.0s  total: 46.2s  (50/100)
[2026-04-14 12:00:35] gpt54_mini_online cases_007  steps  51- 59: 11.9s  total: 58.1s  (60/100)
[2026-04-14 12:00:45] gpt54_mini_online cases_007  steps  61- 69: 10.3s  total: 68.4s  (70/100)
[2026-04-14 12:00:56] gpt54_mini_online cases_007  steps  71- 79: 10.5s  total: 78.9s  (80/100)
[2026-04-14 12:01:05] gpt54_mini_online cases_007  steps  81- 89: 9.8s  total: 88.7s  (90/100)
[2026-04-14 12:01:13] gpt54_mini_online cases_007  steps  91- 99: 8.0s  total: 96.7s  (100/100)
[2026-04-14 12:01:14] DONE gpt54_mini_online cases_007  total: 96.7s  (0.97s/step)
[2026-04-14 12:01:14]   tokens: 217,350 in + 912 out (reasoning: 0)  cost: $0.1671
[2026-04-14 12:01:14] START gpt54_mini_online cases_008 (100 steps)
[2026-04-14 12:01:20] gpt54_mini_online cases_008  steps   1-  9: 5.9s  total: 5.9s  (10/100)
[2026-04-14 12:01:26] gpt54_mini_online cases_008  steps  11- 19: 6.7s  total: 12.6s  (20/100)
[2026-04-14 12:01:35] gpt54_mini_online cases_008  steps  21- 29: 8.7s  total: 21.3s  (30/100)
[2026-04-14 12:01:42] gpt54_mini_online cases_008  steps  31- 39: 6.7s  total: 28.0s  (40/100)
[2026-04-14 12:01:52] gpt54_mini_online cases_008  steps  41- 49: 10.1s  total: 38.1s  (50/100)
[2026-04-14 12:02:00] gpt54_mini_online cases_008  steps  51- 59: 8.5s  total: 46.6s  (60/100)
[2026-04-14 12:02:10] gpt54_mini_online cases_008  steps  61- 69: 9.2s  total: 55.9s  (70/100)
[2026-04-14 12:02:17] gpt54_mini_online cases_008  steps  71- 79: 7.6s  total: 63.5s  (80/100)
[2026-04-14 12:02:28] gpt54_mini_online cases_008  steps  81- 89: 10.7s  total: 74.2s  (90/100)
[2026-04-14 12:02:35] gpt54_mini_online cases_008  steps  91- 99: 7.1s  total: 81.3s  (100/100)
[2026-04-14 12:02:36] DONE gpt54_mini_online cases_008  total: 81.3s  (0.81s/step)
[2026-04-14 12:02:36]   tokens: 217,350 in + 906 out (reasoning: 0)  cost: $0.1671
[2026-04-14 12:02:36] START gpt54_mini_online cases_009 (100 steps)
[2026-04-14 12:02:41] gpt54_mini_online cases_009  steps   1-  9: 5.6s  total: 5.6s  (10/100)
[2026-04-14 12:02:47] gpt54_mini_online cases_009  steps  11- 19: 6.0s  total: 11.5s  (20/100)
[2026-04-14 12:02:56] gpt54_mini_online cases_009  steps  21- 29: 9.2s  total: 20.7s  (30/100)
[2026-04-14 12:03:04] gpt54_mini_online cases_009  steps  31- 39: 8.0s  total: 28.7s  (40/100)
[2026-04-14 12:03:11] gpt54_mini_online cases_009  steps  41- 49: 7.2s  total: 35.9s  (50/100)
[2026-04-14 12:03:18] gpt54_mini_online cases_009  steps  51- 59: 6.4s  total: 42.3s  (60/100)
[2026-04-14 12:03:28] gpt54_mini_online cases_009  steps  61- 69: 10.0s  total: 52.3s  (70/100)
[2026-04-14 12:03:38] gpt54_mini_online cases_009  steps  71- 79: 9.7s  total: 62.0s  (80/100)
[2026-04-14 12:03:46] gpt54_mini_online cases_009  steps  81- 89: 8.7s  total: 70.7s  (90/100)
[2026-04-14 12:03:55] gpt54_mini_online cases_009  steps  91- 99: 8.4s  total: 79.1s  (100/100)
[2026-04-14 12:03:55] DONE gpt54_mini_online cases_009  total: 79.1s  (0.79s/step)
[2026-04-14 12:03:55]   tokens: 212,400 in + 800 out (reasoning: 0)  cost: $0.1629
[2026-04-14 12:03:55] START gpt54_mini_online cases_010 (100 steps)
[2026-04-14 12:04:06] gpt54_mini_online cases_010  steps   1-  9: 11.0s  total: 11.0s  (10/100)
[2026-04-14 12:04:15] gpt54_mini_online cases_010  steps  11- 19: 8.4s  total: 19.4s  (20/100)
[2026-04-14 12:04:21] gpt54_mini_online cases_010  steps  21- 29: 6.1s  total: 25.5s  (30/100)
[2026-04-14 12:04:31] gpt54_mini_online cases_010  steps  31- 39: 10.6s  total: 36.1s  (40/100)
[2026-04-14 12:04:44] gpt54_mini_online cases_010  steps  41- 49: 12.7s  total: 48.8s  (50/100)
[2026-04-14 12:04:52] gpt54_mini_online cases_010  steps  51- 59: 7.5s  total: 56.4s  (60/100)
[2026-04-14 12:05:02] gpt54_mini_online cases_010  steps  61- 69: 10.7s  total: 67.0s  (70/100)
[2026-04-14 12:05:10] gpt54_mini_online cases_010  steps  71- 79: 7.8s  total: 74.8s  (80/100)
[2026-04-14 12:05:17] gpt54_mini_online cases_010  steps  81- 89: 7.3s  total: 82.2s  (90/100)
[2026-04-14 12:05:30] gpt54_mini_online cases_010  steps  91- 99: 12.7s  total: 94.8s  (100/100)
[2026-04-14 12:05:30] DONE gpt54_mini_online cases_010  total: 94.8s  (0.95s/step)
[2026-04-14 12:05:30]   tokens: 212,400 in + 812 out (reasoning: 0)  cost: $0.1630
[2026-04-14 12:05:31] START gpt54_mini_online cases_011 (100 steps)
[2026-04-14 12:05:41] gpt54_mini_online cases_011  steps   1-  9: 10.5s  total: 10.5s  (10/100)
[2026-04-14 12:05:52] gpt54_mini_online cases_011  steps  11- 19: 10.8s  total: 21.3s  (20/100)
[2026-04-14 12:05:59] gpt54_mini_online cases_011  steps  21- 29: 7.1s  total: 28.4s  (30/100)
[2026-04-14 12:06:06] gpt54_mini_online cases_011  steps  31- 39: 7.1s  total: 35.5s  (40/100)
[2026-04-14 12:06:14] gpt54_mini_online cases_011  steps  41- 49: 8.2s  total: 43.7s  (50/100)
[2026-04-14 12:06:25] gpt54_mini_online cases_011  steps  51- 59: 10.4s  total: 54.2s  (60/100)
[2026-04-14 12:06:33] gpt54_mini_online cases_011  steps  61- 69: 8.2s  total: 62.4s  (70/100)
[2026-04-14 12:06:48] gpt54_mini_online cases_011  steps  71- 79: 14.9s  total: 77.3s  (80/100)
[2026-04-14 12:06:56] gpt54_mini_online cases_011  steps  81- 89: 7.9s  total: 85.2s  (90/100)
[2026-04-14 12:07:03] gpt54_mini_online cases_011  steps  91- 99: 7.5s  total: 92.7s  (100/100)
[2026-04-14 12:07:04] DONE gpt54_mini_online cases_011  total: 92.7s  (0.93s/step)
[2026-04-14 12:07:04]   tokens: 212,400 in + 812 out (reasoning: 0)  cost: $0.1630
[2026-04-14 12:07:04] START gpt54_mini_online cases_012 (100 steps)
[2026-04-14 12:07:09] gpt54_mini_online cases_012  steps   1-  9: 5.0s  total: 5.0s  (10/100)
[2026-04-14 12:07:16] gpt54_mini_online cases_012  steps  11- 19: 7.6s  total: 12.7s  (20/100)
[2026-04-14 12:07:30] gpt54_mini_online cases_012  steps  21- 29: 13.2s  total: 25.9s  (30/100)
[2026-04-14 12:07:41] gpt54_mini_online cases_012  steps  31- 39: 11.2s  total: 37.0s  (40/100)
[2026-04-14 12:07:47] gpt54_mini_online cases_012  steps  41- 49: 6.6s  total: 43.6s  (50/100)
[2026-04-14 12:07:56] gpt54_mini_online cases_012  steps  51- 59: 8.8s  total: 52.5s  (60/100)
[2026-04-14 12:08:04] gpt54_mini_online cases_012  steps  61- 69: 7.6s  total: 60.1s  (70/100)
[2026-04-14 12:08:15] gpt54_mini_online cases_012  steps  71- 79: 10.8s  total: 70.9s  (80/100)
[2026-04-14 12:08:25] gpt54_mini_online cases_012  steps  81- 89: 10.7s  total: 81.6s  (90/100)
[2026-04-14 12:08:36] gpt54_mini_online cases_012  steps  91- 99: 10.6s  total: 92.3s  (100/100)
[2026-04-14 12:08:36] DONE gpt54_mini_online cases_012  total: 92.3s  (0.92s/step)
[2026-04-14 12:08:36]   tokens: 212,400 in + 800 out (reasoning: 0)  cost: $0.1629
[2026-04-14 12:08:36] START gpt54_mini_online cases_013 (100 steps)
[2026-04-14 12:08:46] gpt54_mini_online cases_013  steps   1-  9: 9.6s  total: 9.6s  (10/100)
[2026-04-14 12:08:54] gpt54_mini_online cases_013  steps  11- 19: 8.1s  total: 17.6s  (20/100)
[2026-04-14 12:09:03] gpt54_mini_online cases_013  steps  21- 29: 9.4s  total: 27.0s  (30/100)
[2026-04-14 12:09:10] gpt54_mini_online cases_013  steps  31- 39: 6.3s  total: 33.3s  (40/100)
[2026-04-14 12:09:19] gpt54_mini_online cases_013  steps  41- 49: 9.0s  total: 42.3s  (50/100)
[2026-04-14 12:09:27] gpt54_mini_online cases_013  steps  51- 59: 8.7s  total: 51.0s  (60/100)
[2026-04-14 12:09:41] gpt54_mini_online cases_013  steps  61- 69: 13.6s  total: 64.6s  (70/100)
[2026-04-14 12:09:50] gpt54_mini_online cases_013  steps  71- 79: 9.3s  total: 73.9s  (80/100)
[2026-04-14 12:09:59] gpt54_mini_online cases_013  steps  81- 89: 8.8s  total: 82.7s  (90/100)
[2026-04-14 12:10:10] gpt54_mini_online cases_013  steps  91- 99: 10.6s  total: 93.3s  (100/100)
[2026-04-14 12:10:10] DONE gpt54_mini_online cases_013  total: 93.3s  (0.93s/step)
[2026-04-14 12:10:10]   tokens: 212,400 in + 806 out (reasoning: 0)  cost: $0.1629
[2026-04-14 12:10:10] START gpt54_mini_online cases_014 (100 steps)
[2026-04-14 12:10:18] gpt54_mini_online cases_014  steps   1-  9: 8.1s  total: 8.1s  (10/100)
[2026-04-14 12:10:24] gpt54_mini_online cases_014  steps  11- 19: 6.0s  total: 14.2s  (20/100)
[2026-04-14 12:10:32] gpt54_mini_online cases_014  steps  21- 29: 7.7s  total: 21.9s  (30/100)
[2026-04-14 12:10:40] gpt54_mini_online cases_014  steps  31- 39: 8.4s  total: 30.3s  (40/100)
[2026-04-14 12:10:48] gpt54_mini_online cases_014  steps  41- 49: 7.1s  total: 37.5s  (50/100)
[2026-04-14 12:10:55] gpt54_mini_online cases_014  steps  51- 59: 7.3s  total: 44.8s  (60/100)
[2026-04-14 12:11:02] gpt54_mini_online cases_014  steps  61- 69: 7.3s  total: 52.1s  (70/100)
[2026-04-14 12:11:17] gpt54_mini_online cases_014  steps  71- 79: 14.7s  total: 66.8s  (80/100)
[2026-04-14 12:11:24] gpt54_mini_online cases_014  steps  81- 89: 7.5s  total: 74.4s  (90/100)
[2026-04-14 12:11:36] gpt54_mini_online cases_014  steps  91- 99: 11.5s  total: 85.8s  (100/100)
[2026-04-14 12:11:36] DONE gpt54_mini_online cases_014  total: 85.8s  (0.86s/step)
[2026-04-14 12:11:36]   tokens: 212,400 in + 806 out (reasoning: 0)  cost: $0.1629
[2026-04-14 12:11:36] START gpt54_mini_online cases_015 (100 steps)
[2026-04-14 12:11:42] gpt54_mini_online cases_015  steps   1-  9: 5.4s  total: 5.4s  (10/100)
[2026-04-14 12:11:51] gpt54_mini_online cases_015  steps  11- 19: 9.3s  total: 14.7s  (20/100)
[2026-04-14 12:12:06] gpt54_mini_online cases_015  steps  21- 29: 14.9s  total: 29.6s  (30/100)
[2026-04-14 12:12:13] gpt54_mini_online cases_015  steps  31- 39: 7.1s  total: 36.7s  (40/100)
[2026-04-14 12:12:24] gpt54_mini_online cases_015  steps  41- 49: 10.5s  total: 47.2s  (50/100)
[2026-04-14 12:12:36] gpt54_mini_online cases_015  steps  51- 59: 12.0s  total: 59.2s  (60/100)
[2026-04-14 12:12:42] gpt54_mini_online cases_015  steps  61- 69: 6.7s  total: 65.9s  (70/100)
[2026-04-14 12:12:50] gpt54_mini_online cases_015  steps  71- 79: 7.6s  total: 73.5s  (80/100)
[2026-04-14 12:13:03] gpt54_mini_online cases_015  steps  81- 89: 13.4s  total: 86.8s  (90/100)
[2026-04-14 12:13:21] gpt54_mini_online cases_015  steps  91- 99: 18.2s  total: 105.0s  (100/100)
[2026-04-14 12:13:22] DONE gpt54_mini_online cases_015  total: 105.0s  (1.05s/step)
[2026-04-14 12:13:22]   tokens: 212,400 in + 800 out (reasoning: 0)  cost: $0.1629
[2026-04-14 12:13:22] START gpt54_mini_online cases_016 (100 steps)
[2026-04-14 12:13:42] gpt54_mini_online cases_016  steps   1-  9: 20.3s  total: 20.3s  (10/100)
[2026-04-14 12:13:48] gpt54_mini_online cases_016  steps  11- 19: 5.6s  total: 25.9s  (20/100)
[2026-04-14 12:14:18] gpt54_mini_online cases_016  steps  21- 29: 30.4s  total: 56.4s  (30/100)
[2026-04-14 12:14:48] gpt54_mini_online cases_016  steps  31- 39: 29.5s  total: 85.9s  (40/100)
[2026-04-14 12:14:54] gpt54_mini_online cases_016  steps  41- 49: 6.5s  total: 92.4s  (50/100)
[2026-04-14 12:15:07] gpt54_mini_online cases_016  steps  51- 59: 12.5s  total: 104.9s  (60/100)
[2026-04-14 12:15:16] gpt54_mini_online cases_016  steps  61- 69: 8.8s  total: 113.7s  (70/100)
[2026-04-14 12:15:28] gpt54_mini_online cases_016  steps  71- 79: 12.6s  total: 126.3s  (80/100)
[2026-04-14 12:15:41] gpt54_mini_online cases_016  steps  81- 89: 12.8s  total: 139.1s  (90/100)
[2026-04-14 12:15:49] gpt54_mini_online cases_016  steps  91- 99: 8.3s  total: 147.4s  (100/100)
[2026-04-14 12:15:50] DONE gpt54_mini_online cases_016  total: 147.4s  (1.47s/step)
[2026-04-14 12:15:50]   tokens: 212,400 in + 800 out (reasoning: 0)  cost: $0.1629
[2026-04-14 12:15:50] START gpt54_mini_online cases_017 (100 steps)
[2026-04-14 12:15:55] gpt54_mini_online cases_017  steps   1-  9: 5.5s  total: 5.5s  (10/100)
[2026-04-14 12:16:02] gpt54_mini_online cases_017  steps  11- 19: 6.5s  total: 12.0s  (20/100)
[2026-04-14 12:16:10] gpt54_mini_online cases_017  steps  21- 29: 8.3s  total: 20.4s  (30/100)
[2026-04-14 12:16:17] gpt54_mini_online cases_017  steps  31- 39: 6.9s  total: 27.3s  (40/100)
[2026-04-14 12:16:35] gpt54_mini_online cases_017  steps  41- 49: 17.7s  total: 45.0s  (50/100)
[2026-04-14 12:16:47] gpt54_mini_online cases_017  steps  51- 59: 12.8s  total: 57.8s  (60/100)
[2026-04-14 12:16:58] gpt54_mini_online cases_017  steps  61- 69: 10.9s  total: 68.7s  (70/100)
[2026-04-14 12:17:07] gpt54_mini_online cases_017  steps  71- 79: 8.8s  total: 77.5s  (80/100)
[2026-04-14 12:17:17] gpt54_mini_online cases_017  steps  81- 89: 10.2s  total: 87.7s  (90/100)
[2026-04-14 12:17:28] gpt54_mini_online cases_017  steps  91- 99: 10.7s  total: 98.4s  (100/100)
[2026-04-14 12:17:29] DONE gpt54_mini_online cases_017  total: 98.4s  (0.98s/step)
[2026-04-14 12:17:29]   tokens: 212,400 in + 806 out (reasoning: 0)  cost: $0.1629
[2026-04-14 12:17:29] START gpt54_mini_online cases_018 (100 steps)
[2026-04-14 12:17:39] gpt54_mini_online cases_018  steps   1-  9: 10.1s  total: 10.1s  (10/100)
[2026-04-14 12:17:45] gpt54_mini_online cases_018  steps  11- 19: 6.3s  total: 16.4s  (20/100)
[2026-04-14 12:17:55] gpt54_mini_online cases_018  steps  21- 29: 10.4s  total: 26.7s  (30/100)
[2026-04-14 12:18:05] gpt54_mini_online cases_018  steps  31- 39: 9.4s  total: 36.1s  (40/100)
[2026-04-14 12:18:11] gpt54_mini_online cases_018  steps  41- 49: 6.7s  total: 42.8s  (50/100)
[2026-04-14 12:18:19] gpt54_mini_online cases_018  steps  51- 59: 7.6s  total: 50.4s  (60/100)
[2026-04-14 12:18:31] gpt54_mini_online cases_018  steps  61- 69: 11.6s  total: 62.0s  (70/100)
[2026-04-14 12:18:43] gpt54_mini_online cases_018  steps  71- 79: 12.0s  total: 74.0s  (80/100)
[2026-04-14 12:18:53] gpt54_mini_online cases_018  steps  81- 89: 10.1s  total: 84.2s  (90/100)
[2026-04-14 12:19:03] gpt54_mini_online cases_018  steps  91- 99: 10.7s  total: 94.8s  (100/100)
[2026-04-14 12:19:04] DONE gpt54_mini_online cases_018  total: 94.8s  (0.95s/step)
[2026-04-14 12:19:04]   tokens: 212,400 in + 806 out (reasoning: 0)  cost: $0.1629
[2026-04-14 12:19:04] START gpt54_mini_online cases_019 (100 steps)
[2026-04-14 12:19:34] gpt54_mini_online cases_019  steps   1-  9: 29.9s  total: 29.9s  (10/100)
[2026-04-14 12:19:59] gpt54_mini_online cases_019  steps  11- 19: 25.6s  total: 55.4s  (20/100)
[2026-04-14 12:20:06] gpt54_mini_online cases_019  steps  21- 29: 6.5s  total: 61.9s  (30/100)
[2026-04-14 12:20:18] gpt54_mini_online cases_019  steps  31- 39: 12.1s  total: 74.0s  (40/100)
[2026-04-14 12:20:27] gpt54_mini_online cases_019  steps  41- 49: 8.8s  total: 82.9s  (50/100)
[2026-04-14 12:20:36] gpt54_mini_online cases_019  steps  51- 59: 8.9s  total: 91.7s  (60/100)
[2026-04-14 12:20:45] gpt54_mini_online cases_019  steps  61- 69: 9.6s  total: 101.4s  (70/100)
[2026-04-14 12:20:55] gpt54_mini_online cases_019  steps  71- 79: 9.7s  total: 111.1s  (80/100)
[2026-04-14 12:21:05] gpt54_mini_online cases_019  steps  81- 89: 10.4s  total: 121.5s  (90/100)
[2026-04-14 12:21:17] gpt54_mini_online cases_019  steps  91- 99: 11.2s  total: 132.7s  (100/100)
[2026-04-14 12:21:17] DONE gpt54_mini_online cases_019  total: 132.7s  (1.33s/step)
[2026-04-14 12:21:17]   tokens: 212,400 in + 806 out (reasoning: 0)  cost: $0.1629
[2026-04-14 12:21:17] START gpt54_mini_weather cases_000 (100 steps)
[2026-04-14 12:21:32] gpt54_mini_weather cases_000  steps   1-  9: 14.6s  total: 14.6s  (10/100)
[2026-04-14 12:21:53] gpt54_mini_weather cases_000  steps  11- 19: 21.6s  total: 36.2s  (20/100)
[2026-04-14 12:22:15] gpt54_mini_weather cases_000  steps  21- 29: 21.7s  total: 57.9s  (30/100)
[2026-04-14 12:22:31] gpt54_mini_weather cases_000  steps  31- 39: 15.6s  total: 73.5s  (40/100)
[2026-04-14 12:22:42] gpt54_mini_weather cases_000  steps  41- 49: 11.8s  total: 85.3s  (50/100)
[2026-04-14 12:22:51] gpt54_mini_weather cases_000  steps  51- 59: 8.4s  total: 93.7s  (60/100)
[2026-04-14 12:23:00] gpt54_mini_weather cases_000  steps  61- 69: 8.9s  total: 102.6s  (70/100)
[2026-04-14 12:23:12] gpt54_mini_weather cases_000  steps  71- 79: 12.8s  total: 115.4s  (80/100)
[2026-04-14 12:23:29] gpt54_mini_weather cases_000  steps  81- 89: 16.5s  total: 131.9s  (90/100)
[2026-04-14 12:23:38] gpt54_mini_weather cases_000  steps  91- 99: 8.9s  total: 140.7s  (100/100)
[2026-04-14 12:23:38] DONE gpt54_mini_weather cases_000  total: 140.7s  (1.41s/step)
[2026-04-14 12:23:38]   tokens: 228,250 in + 900 out (reasoning: 0)  cost: $0.1752
[2026-04-14 12:23:38] START gpt54_mini_weather cases_001 (100 steps)
[2026-04-14 12:23:51] gpt54_mini_weather cases_001  steps   1-  9: 12.4s  total: 12.4s  (10/100)
[2026-04-14 12:24:03] gpt54_mini_weather cases_001  steps  11- 19: 12.4s  total: 24.8s  (20/100)
[2026-04-14 12:24:11] gpt54_mini_weather cases_001  steps  21- 29: 8.3s  total: 33.2s  (30/100)
[2026-04-14 12:24:18] gpt54_mini_weather cases_001  steps  31- 39: 6.5s  total: 39.7s  (40/100)
[2026-04-14 12:24:27] gpt54_mini_weather cases_001  steps  41- 49: 8.8s  total: 48.5s  (50/100)
[2026-04-14 12:24:34] gpt54_mini_weather cases_001  steps  51- 59: 7.3s  total: 55.8s  (60/100)
[2026-04-14 12:24:46] gpt54_mini_weather cases_001  steps  61- 69: 11.5s  total: 67.3s  (70/100)
[2026-04-14 12:24:53] gpt54_mini_weather cases_001  steps  71- 79: 7.1s  total: 74.4s  (80/100)
[2026-04-14 12:25:05] gpt54_mini_weather cases_001  steps  81- 89: 12.3s  total: 86.7s  (90/100)
[2026-04-14 12:25:14] gpt54_mini_weather cases_001  steps  91- 99: 9.2s  total: 96.0s  (100/100)
[2026-04-14 12:25:15] DONE gpt54_mini_weather cases_001  total: 96.0s  (0.96s/step)
[2026-04-14 12:25:15]   tokens: 228,250 in + 906 out (reasoning: 0)  cost: $0.1753
[2026-04-14 12:25:15] START gpt54_mini_weather cases_002 (100 steps)
[2026-04-14 12:25:30] gpt54_mini_weather cases_002  steps   1-  9: 15.1s  total: 15.1s  (10/100)
[2026-04-14 12:25:38] gpt54_mini_weather cases_002  steps  11- 19: 8.4s  total: 23.5s  (20/100)
[2026-04-14 12:25:46] gpt54_mini_weather cases_002  steps  21- 29: 7.8s  total: 31.3s  (30/100)
[2026-04-14 12:25:52] gpt54_mini_weather cases_002  steps  31- 39: 6.4s  total: 37.7s  (40/100)
[2026-04-14 12:26:04] gpt54_mini_weather cases_002  steps  41- 49: 11.7s  total: 49.3s  (50/100)
[2026-04-14 12:26:12] gpt54_mini_weather cases_002  steps  51- 59: 7.5s  total: 56.9s  (60/100)
[2026-04-14 12:26:19] gpt54_mini_weather cases_002  steps  61- 69: 7.5s  total: 64.4s  (70/100)
[2026-04-14 12:26:29] gpt54_mini_weather cases_002  steps  71- 79: 10.3s  total: 74.7s  (80/100)
[2026-04-14 12:26:39] gpt54_mini_weather cases_002  steps  81- 89: 9.3s  total: 84.0s  (90/100)
[2026-04-14 12:26:51] gpt54_mini_weather cases_002  steps  91- 99: 12.2s  total: 96.2s  (100/100)
[2026-04-14 12:26:51] DONE gpt54_mini_weather cases_002  total: 96.2s  (0.96s/step)
[2026-04-14 12:26:51]   tokens: 228,250 in + 912 out (reasoning: 0)  cost: $0.1753
[2026-04-14 12:26:51] START gpt54_mini_weather cases_003 (100 steps)
[2026-04-14 12:26:57] gpt54_mini_weather cases_003  steps   1-  9: 5.9s  total: 5.9s  (10/100)
[2026-04-14 12:27:05] gpt54_mini_weather cases_003  steps  11- 19: 7.6s  total: 13.5s  (20/100)
[2026-04-14 12:27:15] gpt54_mini_weather cases_003  steps  21- 29: 10.2s  total: 23.8s  (30/100)
[2026-04-14 12:27:22] gpt54_mini_weather cases_003  steps  31- 39: 7.0s  total: 30.7s  (40/100)
[2026-04-14 12:27:33] gpt54_mini_weather cases_003  steps  41- 49: 11.0s  total: 41.8s  (50/100)
[2026-04-14 12:27:41] gpt54_mini_weather cases_003  steps  51- 59: 7.9s  total: 49.7s  (60/100)
[2026-04-14 12:27:53] gpt54_mini_weather cases_003  steps  61- 69: 12.0s  total: 61.7s  (70/100)
[2026-04-14 12:28:00] gpt54_mini_weather cases_003  steps  71- 79: 7.3s  total: 69.0s  (80/100)
[2026-04-14 12:28:08] gpt54_mini_weather cases_003  steps  81- 89: 7.6s  total: 76.6s  (90/100)
[2026-04-14 12:28:20] gpt54_mini_weather cases_003  steps  91- 99: 12.0s  total: 88.6s  (100/100)
[2026-04-14 12:28:20] DONE gpt54_mini_weather cases_003  total: 88.7s  (0.89s/step)
[2026-04-14 12:28:20]   tokens: 228,250 in + 906 out (reasoning: 0)  cost: $0.1753
[2026-04-14 12:28:20] START gpt54_mini_weather cases_004 (100 steps)
[2026-04-14 12:28:29] gpt54_mini_weather cases_004  steps   1-  9: 8.3s  total: 8.3s  (10/100)
[2026-04-14 12:28:35] gpt54_mini_weather cases_004  steps  11- 19: 6.2s  total: 14.4s  (20/100)
[2026-04-14 12:28:41] gpt54_mini_weather cases_004  steps  21- 29: 6.5s  total: 20.9s  (30/100)
[2026-04-14 12:28:51] gpt54_mini_weather cases_004  steps  31- 39: 9.5s  total: 30.4s  (40/100)
[2026-04-14 12:28:59] gpt54_mini_weather cases_004  steps  41- 49: 8.5s  total: 38.9s  (50/100)
[2026-04-14 12:29:07] gpt54_mini_weather cases_004  steps  51- 59: 7.9s  total: 46.8s  (60/100)
[2026-04-14 12:29:31] gpt54_mini_weather cases_004  steps  61- 69: 23.5s  total: 70.2s  (70/100)
[2026-04-14 12:29:43] gpt54_mini_weather cases_004  steps  71- 79: 12.3s  total: 82.5s  (80/100)
[2026-04-14 12:29:54] gpt54_mini_weather cases_004  steps  81- 89: 11.3s  total: 93.8s  (90/100)
[2026-04-14 12:30:04] gpt54_mini_weather cases_004  steps  91- 99: 10.2s  total: 104.1s  (100/100)
[2026-04-14 12:30:05] DONE gpt54_mini_weather cases_004  total: 104.1s  (1.04s/step)
[2026-04-14 12:30:05]   tokens: 228,250 in + 900 out (reasoning: 0)  cost: $0.1752
[2026-04-14 12:30:05] START gpt54_mini_weather cases_005 (100 steps)
[2026-04-14 12:30:15] gpt54_mini_weather cases_005  steps   1-  9: 10.3s  total: 10.3s  (10/100)
[2026-04-14 12:30:24] gpt54_mini_weather cases_005  steps  11- 19: 9.1s  total: 19.4s  (20/100)
[2026-04-14 12:30:33] gpt54_mini_weather cases_005  steps  21- 29: 8.3s  total: 27.7s  (30/100)
[2026-04-14 12:30:44] gpt54_mini_weather cases_005  steps  31- 39: 11.6s  total: 39.3s  (40/100)
[2026-04-14 12:30:54] gpt54_mini_weather cases_005  steps  41- 49: 10.1s  total: 49.4s  (50/100)
[2026-04-14 12:31:02] gpt54_mini_weather cases_005  steps  51- 59: 7.3s  total: 56.7s  (60/100)
[2026-04-14 12:31:11] gpt54_mini_weather cases_005  steps  61- 69: 9.0s  total: 65.7s  (70/100)
[2026-04-14 12:31:20] gpt54_mini_weather cases_005  steps  71- 79: 9.1s  total: 74.7s  (80/100)
[2026-04-14 12:31:30] gpt54_mini_weather cases_005  steps  81- 89: 9.9s  total: 84.6s  (90/100)
[2026-04-14 12:31:38] gpt54_mini_weather cases_005  steps  91- 99: 8.9s  total: 93.5s  (100/100)
[2026-04-14 12:31:39] DONE gpt54_mini_weather cases_005  total: 93.5s  (0.93s/step)
[2026-04-14 12:31:39]   tokens: 228,250 in + 912 out (reasoning: 0)  cost: $0.1753
[2026-04-14 12:31:39] START gpt54_mini_weather cases_006 (100 steps)
[2026-04-14 12:31:48] gpt54_mini_weather cases_006  steps   1-  9: 9.4s  total: 9.4s  (10/100)
[2026-04-14 12:31:57] gpt54_mini_weather cases_006  steps  11- 19: 8.3s  total: 17.7s  (20/100)
[2026-04-14 12:32:07] gpt54_mini_weather cases_006  steps  21- 29: 10.1s  total: 27.8s  (30/100)
[2026-04-14 12:32:13] gpt54_mini_weather cases_006  steps  31- 39: 6.8s  total: 34.5s  (40/100)
[2026-04-14 12:32:24] gpt54_mini_weather cases_006  steps  41- 49: 11.0s  total: 45.6s  (50/100)
[2026-04-14 12:32:38] gpt54_mini_weather cases_006  steps  51- 59: 13.5s  total: 59.1s  (60/100)
[2026-04-14 12:32:49] gpt54_mini_weather cases_006  steps  61- 69: 10.8s  total: 69.9s  (70/100)
[2026-04-14 12:32:59] gpt54_mini_weather cases_006  steps  71- 79: 10.6s  total: 80.5s  (80/100)
[2026-04-14 12:33:08] gpt54_mini_weather cases_006  steps  81- 89: 8.8s  total: 89.3s  (90/100)
[2026-04-14 12:33:19] gpt54_mini_weather cases_006  steps  91- 99: 10.9s  total: 100.2s  (100/100)
[2026-04-14 12:33:20] DONE gpt54_mini_weather cases_006  total: 100.2s  (1.00s/step)
[2026-04-14 12:33:20]   tokens: 228,250 in + 900 out (reasoning: 0)  cost: $0.1752
[2026-04-14 12:33:20] START gpt54_mini_weather cases_007 (100 steps)
[2026-04-14 12:33:29] gpt54_mini_weather cases_007  steps   1-  9: 9.4s  total: 9.4s  (10/100)
[2026-04-14 12:33:38] gpt54_mini_weather cases_007  steps  11- 19: 8.6s  total: 18.0s  (20/100)
[2026-04-14 12:33:48] gpt54_mini_weather cases_007  steps  21- 29: 10.4s  total: 28.5s  (30/100)
[2026-04-14 12:33:58] gpt54_mini_weather cases_007  steps  31- 39: 9.8s  total: 38.3s  (40/100)
[2026-04-14 12:34:20] gpt54_mini_weather cases_007  steps  41- 49: 22.0s  total: 60.3s  (50/100)
[2026-04-14 12:34:32] gpt54_mini_weather cases_007  steps  51- 59: 12.3s  total: 72.6s  (60/100)
[2026-04-14 12:34:41] gpt54_mini_weather cases_007  steps  61- 69: 9.3s  total: 81.9s  (70/100)
[2026-04-14 12:34:52] gpt54_mini_weather cases_007  steps  71- 79: 11.0s  total: 92.9s  (80/100)
[2026-04-14 12:35:03] gpt54_mini_weather cases_007  steps  81- 89: 11.0s  total: 103.9s  (90/100)
[2026-04-14 12:35:13] gpt54_mini_weather cases_007  steps  91- 99: 9.6s  total: 113.5s  (100/100)
[2026-04-14 12:35:13] DONE gpt54_mini_weather cases_007  total: 113.5s  (1.13s/step)
[2026-04-14 12:35:13]   tokens: 228,250 in + 906 out (reasoning: 0)  cost: $0.1753
[2026-04-14 12:35:13] START gpt54_mini_weather cases_008 (100 steps)
[2026-04-14 12:35:20] gpt54_mini_weather cases_008  steps   1-  9: 6.4s  total: 6.4s  (10/100)
[2026-04-14 12:35:30] gpt54_mini_weather cases_008  steps  11- 19: 9.8s  total: 16.2s  (20/100)
[2026-04-14 12:35:37] gpt54_mini_weather cases_008  steps  21- 29: 7.6s  total: 23.7s  (30/100)
[2026-04-14 12:35:49] gpt54_mini_weather cases_008  steps  31- 39: 11.5s  total: 35.3s  (40/100)
[2026-04-14 12:35:57] gpt54_mini_weather cases_008  steps  41- 49: 8.0s  total: 43.3s  (50/100)
[2026-04-14 12:36:05] gpt54_mini_weather cases_008  steps  51- 59: 8.4s  total: 51.7s  (60/100)
[2026-04-14 12:36:16] gpt54_mini_weather cases_008  steps  61- 69: 10.5s  total: 62.2s  (70/100)
[2026-04-14 12:36:30] gpt54_mini_weather cases_008  steps  71- 79: 14.6s  total: 76.9s  (80/100)
[2026-04-14 12:36:38] gpt54_mini_weather cases_008  steps  81- 89: 7.2s  total: 84.1s  (90/100)
[2026-04-14 12:36:53] gpt54_mini_weather cases_008  steps  91- 99: 15.2s  total: 99.2s  (100/100)
[2026-04-14 12:36:53] DONE gpt54_mini_weather cases_008  total: 99.2s  (0.99s/step)
[2026-04-14 12:36:53]   tokens: 228,250 in + 906 out (reasoning: 0)  cost: $0.1753
[2026-04-14 12:36:53] START gpt54_mini_weather cases_009 (100 steps)
[2026-04-14 12:36:59] gpt54_mini_weather cases_009  steps   1-  9: 6.3s  total: 6.3s  (10/100)
[2026-04-14 12:37:07] gpt54_mini_weather cases_009  steps  11- 19: 7.9s  total: 14.2s  (20/100)
[2026-04-14 12:37:15] gpt54_mini_weather cases_009  steps  21- 29: 8.1s  total: 22.3s  (30/100)
[2026-04-14 12:37:23] gpt54_mini_weather cases_009  steps  31- 39: 8.0s  total: 30.3s  (40/100)
[2026-04-14 12:37:33] gpt54_mini_weather cases_009  steps  41- 49: 9.8s  total: 40.1s  (50/100)
[2026-04-14 12:37:40] gpt54_mini_weather cases_009  steps  51- 59: 6.4s  total: 46.5s  (60/100)
[2026-04-14 12:37:47] gpt54_mini_weather cases_009  steps  61- 69: 7.8s  total: 54.2s  (70/100)
[2026-04-14 12:37:56] gpt54_mini_weather cases_009  steps  71- 79: 8.3s  total: 62.5s  (80/100)
[2026-04-14 12:38:04] gpt54_mini_weather cases_009  steps  81- 89: 8.7s  total: 71.2s  (90/100)
[2026-04-14 12:38:14] gpt54_mini_weather cases_009  steps  91- 99: 9.7s  total: 80.9s  (100/100)
[2026-04-14 12:38:14] DONE gpt54_mini_weather cases_009  total: 80.9s  (0.81s/step)
[2026-04-14 12:38:14]   tokens: 228,250 in + 900 out (reasoning: 0)  cost: $0.1752
[2026-04-14 12:38:15] START gpt54_mini_weather cases_010 (100 steps)
[2026-04-14 12:38:20] gpt54_mini_weather cases_010  steps   1-  9: 5.6s  total: 5.6s  (10/100)
[2026-04-14 12:38:32] gpt54_mini_weather cases_010  steps  11- 19: 11.8s  total: 17.4s  (20/100)
[2026-04-14 12:38:38] gpt54_mini_weather cases_010  steps  21- 29: 5.8s  total: 23.3s  (30/100)
[2026-04-14 12:38:47] gpt54_mini_weather cases_010  steps  31- 39: 9.6s  total: 32.9s  (40/100)
[2026-04-14 12:38:55] gpt54_mini_weather cases_010  steps  41- 49: 8.0s  total: 40.9s  (50/100)
[2026-04-14 12:39:06] gpt54_mini_weather cases_010  steps  51- 59: 10.3s  total: 51.2s  (60/100)
[2026-04-14 12:39:15] gpt54_mini_weather cases_010  steps  61- 69: 9.5s  total: 60.7s  (70/100)
[2026-04-14 12:39:29] gpt54_mini_weather cases_010  steps  71- 79: 13.6s  total: 74.3s  (80/100)
[2026-04-14 12:39:38] gpt54_mini_weather cases_010  steps  81- 89: 9.0s  total: 83.3s  (90/100)
[2026-04-14 12:39:46] gpt54_mini_weather cases_010  steps  91- 99: 7.9s  total: 91.2s  (100/100)
[2026-04-14 12:39:46] DONE gpt54_mini_weather cases_010  total: 91.2s  (0.91s/step)
[2026-04-14 12:39:46]   tokens: 228,250 in + 918 out (reasoning: 0)  cost: $0.1753
[2026-04-14 12:39:46] START gpt54_mini_weather cases_011 (100 steps)
[2026-04-14 12:39:54] gpt54_mini_weather cases_011  steps   1-  9: 8.2s  total: 8.2s  (10/100)
[2026-04-14 12:40:00] gpt54_mini_weather cases_011  steps  11- 19: 6.0s  total: 14.2s  (20/100)
[2026-04-14 12:40:11] gpt54_mini_weather cases_011  steps  21- 29: 10.9s  total: 25.1s  (30/100)
[2026-04-14 12:40:20] gpt54_mini_weather cases_011  steps  31- 39: 8.6s  total: 33.7s  (40/100)
[2026-04-14 12:40:28] gpt54_mini_weather cases_011  steps  41- 49: 7.7s  total: 41.4s  (50/100)
[2026-04-14 12:40:35] gpt54_mini_weather cases_011  steps  51- 59: 7.8s  total: 49.2s  (60/100)
[2026-04-14 12:40:45] gpt54_mini_weather cases_011  steps  61- 69: 9.6s  total: 58.8s  (70/100)
[2026-04-14 12:40:56] gpt54_mini_weather cases_011  steps  71- 79: 11.1s  total: 69.9s  (80/100)
[2026-04-14 12:41:06] gpt54_mini_weather cases_011  steps  81- 89: 10.3s  total: 80.2s  (90/100)
[2026-04-14 12:41:20] gpt54_mini_weather cases_011  steps  91- 99: 13.3s  total: 93.5s  (100/100)
[2026-04-14 12:41:20] DONE gpt54_mini_weather cases_011  total: 93.5s  (0.94s/step)
[2026-04-14 12:41:20]   tokens: 228,250 in + 942 out (reasoning: 0)  cost: $0.1754
[2026-04-14 12:41:20] START gpt54_mini_weather cases_012 (100 steps)
[2026-04-14 12:41:27] gpt54_mini_weather cases_012  steps   1-  9: 7.3s  total: 7.3s  (10/100)
[2026-04-14 12:41:34] gpt54_mini_weather cases_012  steps  11- 19: 6.9s  total: 14.2s  (20/100)
[2026-04-14 12:41:50] gpt54_mini_weather cases_012  steps  21- 29: 15.5s  total: 29.7s  (30/100)
[2026-04-14 12:41:58] gpt54_mini_weather cases_012  steps  31- 39: 7.7s  total: 37.4s  (40/100)
[2026-04-14 12:42:05] gpt54_mini_weather cases_012  steps  41- 49: 7.6s  total: 45.0s  (50/100)
[2026-04-14 12:42:13] gpt54_mini_weather cases_012  steps  51- 59: 8.1s  total: 53.2s  (60/100)
[2026-04-14 12:42:20] gpt54_mini_weather cases_012  steps  61- 69: 6.9s  total: 60.1s  (70/100)
[2026-04-14 12:42:29] gpt54_mini_weather cases_012  steps  71- 79: 9.0s  total: 69.1s  (80/100)
[2026-04-14 12:42:37] gpt54_mini_weather cases_012  steps  81- 89: 8.1s  total: 77.2s  (90/100)
[2026-04-14 12:42:48] gpt54_mini_weather cases_012  steps  91- 99: 10.3s  total: 87.5s  (100/100)
[2026-04-14 12:42:48] DONE gpt54_mini_weather cases_012  total: 87.5s  (0.87s/step)
[2026-04-14 12:42:48]   tokens: 228,250 in + 924 out (reasoning: 0)  cost: $0.1753
[2026-04-14 12:42:48] START gpt54_mini_weather cases_013 (100 steps)
[2026-04-14 12:42:57] gpt54_mini_weather cases_013  steps   1-  9: 8.7s  total: 8.7s  (10/100)
[2026-04-14 12:43:04] gpt54_mini_weather cases_013  steps  11- 19: 7.1s  total: 15.7s  (20/100)
[2026-04-14 12:43:11] gpt54_mini_weather cases_013  steps  21- 29: 7.7s  total: 23.4s  (30/100)
[2026-04-14 12:43:19] gpt54_mini_weather cases_013  steps  31- 39: 7.1s  total: 30.5s  (40/100)
[2026-04-14 12:43:27] gpt54_mini_weather cases_013  steps  41- 49: 8.2s  total: 38.7s  (50/100)
[2026-04-14 12:43:38] gpt54_mini_weather cases_013  steps  51- 59: 11.3s  total: 50.0s  (60/100)
[2026-04-14 12:43:47] gpt54_mini_weather cases_013  steps  61- 69: 9.1s  total: 59.1s  (70/100)
[2026-04-14 12:43:56] gpt54_mini_weather cases_013  steps  71- 79: 8.3s  total: 67.5s  (80/100)
[2026-04-14 12:44:08] gpt54_mini_weather cases_013  steps  81- 89: 12.4s  total: 79.9s  (90/100)
[2026-04-14 12:44:18] gpt54_mini_weather cases_013  steps  91- 99: 10.5s  total: 90.4s  (100/100)
[2026-04-14 12:44:19] DONE gpt54_mini_weather cases_013  total: 90.4s  (0.90s/step)
[2026-04-14 12:44:19]   tokens: 228,250 in + 906 out (reasoning: 0)  cost: $0.1753
[2026-04-14 12:44:19] START gpt54_mini_weather cases_014 (100 steps)
[2026-04-14 12:44:25] gpt54_mini_weather cases_014  steps   1-  9: 6.0s  total: 6.0s  (10/100)
[2026-04-14 12:44:31] gpt54_mini_weather cases_014  steps  11- 19: 5.9s  total: 11.9s  (20/100)
[2026-04-14 12:44:44] gpt54_mini_weather cases_014  steps  21- 29: 12.8s  total: 24.7s  (30/100)
[2026-04-14 12:44:50] gpt54_mini_weather cases_014  steps  31- 39: 6.4s  total: 31.0s  (40/100)
[2026-04-14 12:44:57] gpt54_mini_weather cases_014  steps  41- 49: 6.6s  total: 37.6s  (50/100)
[2026-04-14 12:45:05] gpt54_mini_weather cases_014  steps  51- 59: 8.2s  total: 45.8s  (60/100)
[2026-04-14 12:45:15] gpt54_mini_weather cases_014  steps  61- 69: 10.1s  total: 56.0s  (70/100)
[2026-04-14 12:45:48] gpt54_mini_weather cases_014  steps  71- 79: 32.7s  total: 88.6s  (80/100)
[2026-04-14 12:45:58] gpt54_mini_weather cases_014  steps  81- 89: 10.3s  total: 98.9s  (90/100)
[2026-04-14 12:46:08] gpt54_mini_weather cases_014  steps  91- 99: 10.5s  total: 109.4s  (100/100)
[2026-04-14 12:46:09] DONE gpt54_mini_weather cases_014  total: 109.4s  (1.09s/step)
[2026-04-14 12:46:09]   tokens: 228,250 in + 906 out (reasoning: 0)  cost: $0.1753
[2026-04-14 12:46:09] START gpt54_mini_weather cases_015 (100 steps)
[2026-04-14 12:46:21] gpt54_mini_weather cases_015  steps   1-  9: 11.6s  total: 11.6s  (10/100)
[2026-04-14 12:46:28] gpt54_mini_weather cases_015  steps  11- 19: 7.8s  total: 19.4s  (20/100)
[2026-04-14 12:46:35] gpt54_mini_weather cases_015  steps  21- 29: 6.4s  total: 25.9s  (30/100)
[2026-04-14 12:46:45] gpt54_mini_weather cases_015  steps  31- 39: 10.3s  total: 36.2s  (40/100)
[2026-04-14 12:46:54] gpt54_mini_weather cases_015  steps  41- 49: 9.0s  total: 45.2s  (50/100)
[2026-04-14 12:47:05] gpt54_mini_weather cases_015  steps  51- 59: 10.9s  total: 56.1s  (60/100)
[2026-04-14 12:47:15] gpt54_mini_weather cases_015  steps  61- 69: 9.5s  total: 65.6s  (70/100)
[2026-04-14 12:47:22] gpt54_mini_weather cases_015  steps  71- 79: 7.7s  total: 73.3s  (80/100)
[2026-04-14 12:47:31] gpt54_mini_weather cases_015  steps  81- 89: 9.2s  total: 82.5s  (90/100)
[2026-04-14 12:47:41] gpt54_mini_weather cases_015  steps  91- 99: 9.5s  total: 92.0s  (100/100)
[2026-04-14 12:47:41] DONE gpt54_mini_weather cases_015  total: 92.0s  (0.92s/step)
[2026-04-14 12:47:41]   tokens: 228,250 in + 918 out (reasoning: 0)  cost: $0.1753
[2026-04-14 12:47:41] START gpt54_mini_weather cases_016 (100 steps)
[2026-04-14 12:47:47] gpt54_mini_weather cases_016  steps   1-  9: 5.6s  total: 5.6s  (10/100)
[2026-04-14 12:47:56] gpt54_mini_weather cases_016  steps  11- 19: 8.8s  total: 14.4s  (20/100)
[2026-04-14 12:48:08] gpt54_mini_weather cases_016  steps  21- 29: 12.5s  total: 26.9s  (30/100)
[2026-04-14 12:48:17] gpt54_mini_weather cases_016  steps  31- 39: 9.1s  total: 36.0s  (40/100)
[2026-04-14 12:48:27] gpt54_mini_weather cases_016  steps  41- 49: 9.2s  total: 45.2s  (50/100)
[2026-04-14 12:48:36] gpt54_mini_weather cases_016  steps  51- 59: 9.0s  total: 54.1s  (60/100)
[2026-04-14 12:48:48] gpt54_mini_weather cases_016  steps  61- 69: 12.1s  total: 66.2s  (70/100)
[2026-04-14 12:48:56] gpt54_mini_weather cases_016  steps  71- 79: 8.5s  total: 74.7s  (80/100)
[2026-04-14 12:49:07] gpt54_mini_weather cases_016  steps  81- 89: 11.1s  total: 85.7s  (90/100)
[2026-04-14 12:49:18] gpt54_mini_weather cases_016  steps  91- 99: 10.7s  total: 96.4s  (100/100)
[2026-04-14 12:49:18] DONE gpt54_mini_weather cases_016  total: 96.4s  (0.96s/step)
[2026-04-14 12:49:18]   tokens: 228,250 in + 900 out (reasoning: 0)  cost: $0.1752
[2026-04-14 12:49:18] START gpt54_mini_weather cases_017 (100 steps)
[2026-04-14 12:49:28] gpt54_mini_weather cases_017  steps   1-  9: 9.8s  total: 9.8s  (10/100)
[2026-04-14 12:49:37] gpt54_mini_weather cases_017  steps  11- 19: 9.2s  total: 19.0s  (20/100)
[2026-04-14 12:49:48] gpt54_mini_weather cases_017  steps  21- 29: 10.3s  total: 29.4s  (30/100)
[2026-04-14 12:49:58] gpt54_mini_weather cases_017  steps  31- 39: 9.9s  total: 39.3s  (40/100)
[2026-04-14 12:50:04] gpt54_mini_weather cases_017  steps  41- 49: 6.6s  total: 45.8s  (50/100)
[2026-04-14 12:50:15] gpt54_mini_weather cases_017  steps  51- 59: 10.9s  total: 56.7s  (60/100)
[2026-04-14 12:50:23] gpt54_mini_weather cases_017  steps  61- 69: 8.3s  total: 65.1s  (70/100)
[2026-04-14 12:50:34] gpt54_mini_weather cases_017  steps  71- 79: 10.4s  total: 75.4s  (80/100)
[2026-04-14 12:50:42] gpt54_mini_weather cases_017  steps  81- 89: 7.9s  total: 83.4s  (90/100)
[2026-04-14 12:50:53] gpt54_mini_weather cases_017  steps  91- 99: 11.4s  total: 94.8s  (100/100)
[2026-04-14 12:50:54] DONE gpt54_mini_weather cases_017  total: 94.8s  (0.95s/step)
[2026-04-14 12:50:54]   tokens: 228,250 in + 900 out (reasoning: 0)  cost: $0.1752
[2026-04-14 12:50:54] START gpt54_mini_weather cases_018 (100 steps)
[2026-04-14 12:51:02] gpt54_mini_weather cases_018  steps   1-  9: 8.5s  total: 8.5s  (10/100)
[2026-04-14 12:51:09] gpt54_mini_weather cases_018  steps  11- 19: 6.8s  total: 15.4s  (20/100)
[2026-04-14 12:51:15] gpt54_mini_weather cases_018  steps  21- 29: 6.1s  total: 21.5s  (30/100)
[2026-04-14 12:51:26] gpt54_mini_weather cases_018  steps  31- 39: 10.5s  total: 32.0s  (40/100)
[2026-04-14 12:51:34] gpt54_mini_weather cases_018  steps  41- 49: 8.1s  total: 40.1s  (50/100)
[2026-04-14 12:51:43] gpt54_mini_weather cases_018  steps  51- 59: 9.0s  total: 49.1s  (60/100)
[2026-04-14 12:51:53] gpt54_mini_weather cases_018  steps  61- 69: 10.2s  total: 59.3s  (70/100)
[2026-04-14 12:52:02] gpt54_mini_weather cases_018  steps  71- 79: 8.7s  total: 68.1s  (80/100)
[2026-04-14 12:52:10] gpt54_mini_weather cases_018  steps  81- 89: 7.9s  total: 75.9s  (90/100)
[2026-04-14 12:52:19] gpt54_mini_weather cases_018  steps  91- 99: 9.8s  total: 85.8s  (100/100)
[2026-04-14 12:52:20] DONE gpt54_mini_weather cases_018  total: 85.8s  (0.86s/step)
[2026-04-14 12:52:20]   tokens: 228,250 in + 906 out (reasoning: 0)  cost: $0.1753
[2026-04-14 12:52:20] START gpt54_mini_weather cases_019 (100 steps)
[2026-04-14 12:52:26] gpt54_mini_weather cases_019  steps   1-  9: 6.0s  total: 6.0s  (10/100)
[2026-04-14 12:52:32] gpt54_mini_weather cases_019  steps  11- 19: 6.0s  total: 12.0s  (20/100)
[2026-04-14 12:52:40] gpt54_mini_weather cases_019  steps  21- 29: 7.9s  total: 19.9s  (30/100)
[2026-04-14 12:52:44] ds_think_online cases_000  steps  21- 29: 3324.2s  total: 5913.2s  (30/100)
[2026-04-14 12:52:52] gpt54_mini_weather cases_019  steps  31- 39: 12.4s  total: 32.3s  (40/100)
[2026-04-14 12:52:58] gpt54_mini_weather cases_019  steps  41- 49: 6.0s  total: 38.3s  (50/100)
[2026-04-14 12:53:07] gpt54_mini_weather cases_019  steps  51- 59: 9.2s  total: 47.5s  (60/100)
[2026-04-14 12:53:17] gpt54_mini_weather cases_019  steps  61- 69: 9.3s  total: 56.8s  (70/100)
[2026-04-14 12:53:27] gpt54_mini_weather cases_019  steps  71- 79: 10.3s  total: 67.1s  (80/100)
[2026-04-14 12:53:36] gpt54_mini_weather cases_019  steps  81- 89: 8.9s  total: 76.0s  (90/100)
[2026-04-14 12:53:46] gpt54_mini_weather cases_019  steps  91- 99: 10.6s  total: 86.6s  (100/100)
[2026-04-14 12:53:47] DONE gpt54_mini_weather cases_019  total: 86.6s  (0.87s/step)
[2026-04-14 12:53:47]   tokens: 228,250 in + 900 out (reasoning: 0)  cost: $0.1752
[2026-04-14 12:53:47] START gpt54_mini_mw_name cases_000 (100 steps)
[2026-04-14 12:53:57] gpt54_mini_mw_name cases_000  steps   1-  9: 9.7s  total: 9.7s  (10/100)
[2026-04-14 12:54:04] gpt54_mini_mw_name cases_000  steps  11- 19: 7.4s  total: 17.2s  (20/100)
[2026-04-14 12:54:12] gpt54_mini_mw_name cases_000  steps  21- 29: 7.4s  total: 24.6s  (30/100)
[2026-04-14 12:54:19] gpt54_mini_mw_name cases_000  steps  31- 39: 7.3s  total: 31.9s  (40/100)
[2026-04-14 12:54:31] gpt54_mini_mw_name cases_000  steps  41- 49: 12.0s  total: 43.9s  (50/100)
[2026-04-14 12:54:42] gpt54_mini_mw_name cases_000  steps  51- 59: 11.4s  total: 55.3s  (60/100)
[2026-04-14 12:54:52] gpt54_mini_mw_name cases_000  steps  61- 69: 9.3s  total: 64.6s  (70/100)
[2026-04-14 12:55:03] gpt54_mini_mw_name cases_000  steps  71- 79: 11.2s  total: 75.8s  (80/100)
[2026-04-14 12:55:12] gpt54_mini_mw_name cases_000  steps  81- 89: 9.6s  total: 85.4s  (90/100)
[2026-04-14 12:55:28] gpt54_mini_mw_name cases_000  steps  91- 99: 15.5s  total: 100.9s  (100/100)
[2026-04-14 12:55:29] DONE gpt54_mini_mw_name cases_000  total: 102.0s  (1.02s/step)
[2026-04-14 12:55:29]   tokens: 353,192 in + 3,452 out (reasoning: 0)  cost: $0.2804
[2026-04-14 12:55:29] START gpt54_mini_mw_name cases_001 (100 steps)
[2026-04-14 12:55:36] gpt54_mini_mw_name cases_001  steps   1-  9: 6.9s  total: 6.9s  (10/100)
[2026-04-14 12:55:52] gpt54_mini_mw_name cases_001  steps  11- 19: 15.3s  total: 22.2s  (20/100)
[2026-04-14 12:56:00] gpt54_mini_mw_name cases_001  steps  21- 29: 8.1s  total: 30.3s  (30/100)
[2026-04-14 12:56:08] gpt54_mini_mw_name cases_001  steps  31- 39: 8.2s  total: 38.5s  (40/100)
[2026-04-14 12:56:16] gpt54_mini_mw_name cases_001  steps  41- 49: 7.7s  total: 46.1s  (50/100)
[2026-04-14 12:56:26] gpt54_mini_mw_name cases_001  steps  51- 59: 10.0s  total: 56.1s  (60/100)
[2026-04-14 12:56:37] gpt54_mini_mw_name cases_001  steps  61- 69: 11.2s  total: 67.3s  (70/100)
[2026-04-14 12:56:46] gpt54_mini_mw_name cases_001  steps  71- 79: 8.7s  total: 76.1s  (80/100)
[2026-04-14 12:56:59] gpt54_mini_mw_name cases_001  steps  81- 89: 13.7s  total: 89.8s  (90/100)
[2026-04-14 12:57:09] gpt54_mini_mw_name cases_001  steps  91- 99: 10.1s  total: 99.8s  (100/100)
[2026-04-14 12:57:10] DONE gpt54_mini_mw_name cases_001  total: 100.5s  (1.01s/step)
[2026-04-14 12:57:10]   tokens: 353,192 in + 3,446 out (reasoning: 0)  cost: $0.2804
[2026-04-14 12:57:10] START gpt54_mini_mw_name cases_002 (100 steps)
[2026-04-14 12:57:21] gpt54_mini_mw_name cases_002  steps   1-  9: 10.8s  total: 10.8s  (10/100)
[2026-04-14 12:57:28] gpt54_mini_mw_name cases_002  steps  11- 19: 7.1s  total: 17.9s  (20/100)
[2026-04-14 12:57:36] gpt54_mini_mw_name cases_002  steps  21- 29: 8.2s  total: 26.0s  (30/100)
[2026-04-14 12:57:50] gpt54_mini_mw_name cases_002  steps  31- 39: 13.8s  total: 39.8s  (40/100)
[2026-04-14 12:58:01] gpt54_mini_mw_name cases_002  steps  41- 49: 10.6s  total: 50.3s  (50/100)
[2026-04-14 12:58:15] gpt54_mini_mw_name cases_002  steps  51- 59: 13.8s  total: 64.1s  (60/100)
[2026-04-14 12:58:26] gpt54_mini_mw_name cases_002  steps  61- 69: 11.3s  total: 75.4s  (70/100)
[2026-04-14 12:58:38] gpt54_mini_mw_name cases_002  steps  71- 79: 12.1s  total: 87.6s  (80/100)
[2026-04-14 12:58:50] gpt54_mini_mw_name cases_002  steps  81- 89: 12.5s  total: 100.1s  (90/100)
[2026-04-14 12:58:59] gpt54_mini_mw_name cases_002  steps  91- 99: 8.2s  total: 108.3s  (100/100)
[2026-04-14 12:59:00] DONE gpt54_mini_mw_name cases_002  total: 109.1s  (1.09s/step)
[2026-04-14 12:59:00]   tokens: 353,192 in + 3,440 out (reasoning: 0)  cost: $0.2804
[2026-04-14 12:59:00] START gpt54_mini_mw_name cases_003 (100 steps)
[2026-04-14 12:59:08] gpt54_mini_mw_name cases_003  steps   1-  9: 8.4s  total: 8.4s  (10/100)
[2026-04-14 12:59:17] gpt54_mini_mw_name cases_003  steps  11- 19: 8.5s  total: 16.9s  (20/100)
[2026-04-14 12:59:40] gpt54_mini_mw_name cases_003  steps  21- 29: 23.3s  total: 40.2s  (30/100)
[2026-04-14 12:59:48] gpt54_mini_mw_name cases_003  steps  31- 39: 8.0s  total: 48.1s  (40/100)
[2026-04-14 12:59:56] gpt54_mini_mw_name cases_003  steps  41- 49: 7.6s  total: 55.7s  (50/100)
[2026-04-14 13:00:07] gpt54_mini_mw_name cases_003  steps  51- 59: 10.8s  total: 66.6s  (60/100)
[2026-04-14 13:00:23] gpt54_mini_mw_name cases_003  steps  61- 69: 16.1s  total: 82.7s  (70/100)
[2026-04-14 13:00:34] gpt54_mini_mw_name cases_003  steps  71- 79: 11.6s  total: 94.3s  (80/100)
[2026-04-14 13:00:46] gpt54_mini_mw_name cases_003  steps  81- 89: 12.2s  total: 106.5s  (90/100)
[2026-04-14 13:01:01] gpt54_mini_mw_name cases_003  steps  91- 99: 14.3s  total: 120.8s  (100/100)
[2026-04-14 13:01:02] DONE gpt54_mini_mw_name cases_003  total: 121.6s  (1.22s/step)
[2026-04-14 13:01:02]   tokens: 353,192 in + 3,434 out (reasoning: 0)  cost: $0.2803
[2026-04-14 13:01:02] START gpt54_mini_mw_name cases_004 (100 steps)
[2026-04-14 13:01:26] gpt54_mini_mw_name cases_004  steps   1-  9: 24.3s  total: 24.3s  (10/100)
[2026-04-14 13:01:38] gpt54_mini_mw_name cases_004  steps  11- 19: 11.7s  total: 36.1s  (20/100)
[2026-04-14 13:01:48] gpt54_mini_mw_name cases_004  steps  21- 29: 9.9s  total: 46.0s  (30/100)
[2026-04-14 13:02:00] gpt54_mini_mw_name cases_004  steps  31- 39: 11.7s  total: 57.7s  (40/100)
[2026-04-14 13:02:12] gpt54_mini_mw_name cases_004  steps  41- 49: 12.6s  total: 70.4s  (50/100)
[2026-04-14 13:02:24] gpt54_mini_mw_name cases_004  steps  51- 59: 11.9s  total: 82.3s  (60/100)
[2026-04-14 13:02:38] gpt54_mini_mw_name cases_004  steps  61- 69: 13.1s  total: 95.4s  (70/100)
[2026-04-14 13:02:51] gpt54_mini_mw_name cases_004  steps  71- 79: 13.9s  total: 109.3s  (80/100)
[2026-04-14 13:03:03] gpt54_mini_mw_name cases_004  steps  81- 89: 11.3s  total: 120.7s  (90/100)
[2026-04-14 13:03:14] gpt54_mini_mw_name cases_004  steps  91- 99: 11.4s  total: 132.1s  (100/100)
[2026-04-14 13:03:15] DONE gpt54_mini_mw_name cases_004  total: 132.9s  (1.33s/step)
[2026-04-14 13:03:15]   tokens: 351,748 in + 3,450 out (reasoning: 0)  cost: $0.2793
[2026-04-14 13:03:15] START gpt54_mini_mw_name cases_005 (100 steps)
[2026-04-14 13:03:23] gpt54_mini_mw_name cases_005  steps   1-  9: 7.5s  total: 7.5s  (10/100)
[2026-04-14 13:03:31] gpt54_mini_mw_name cases_005  steps  11- 19: 8.4s  total: 15.9s  (20/100)
[2026-04-14 13:03:44] gpt54_mini_mw_name cases_005  steps  21- 29: 12.3s  total: 28.2s  (30/100)
[2026-04-14 13:03:55] gpt54_mini_mw_name cases_005  steps  31- 39: 11.3s  total: 39.5s  (40/100)
[2026-04-14 13:04:10] gpt54_mini_mw_name cases_005  steps  41- 49: 15.3s  total: 54.8s  (50/100)
[2026-04-14 13:04:20] gpt54_mini_mw_name cases_005  steps  51- 59: 9.9s  total: 64.7s  (60/100)
[2026-04-14 13:04:33] gpt54_mini_mw_name cases_005  steps  61- 69: 13.1s  total: 77.8s  (70/100)
[2026-04-14 13:04:42] gpt54_mini_mw_name cases_005  steps  71- 79: 9.1s  total: 86.9s  (80/100)
[2026-04-14 13:04:54] gpt54_mini_mw_name cases_005  steps  81- 89: 11.6s  total: 98.5s  (90/100)
[2026-04-14 13:05:03] gpt54_mini_mw_name cases_005  steps  91- 99: 9.3s  total: 107.8s  (100/100)
[2026-04-14 13:05:05] DONE gpt54_mini_mw_name cases_005  total: 108.7s  (1.09s/step)
[2026-04-14 13:05:05]   tokens: 353,044 in + 3,462 out (reasoning: 0)  cost: $0.2804
[2026-04-14 13:05:05] START gpt54_mini_mw_name cases_006 (100 steps)
[2026-04-14 13:05:16] gpt54_mini_mw_name cases_006  steps   1-  9: 10.9s  total: 10.9s  (10/100)
[2026-04-14 13:05:22] gpt54_mini_mw_name cases_006  steps  11- 19: 6.7s  total: 17.7s  (20/100)
[2026-04-14 13:05:32] gpt54_mini_mw_name cases_006  steps  21- 29: 9.4s  total: 27.1s  (30/100)
[2026-04-14 13:05:39] gpt54_mini_mw_name cases_006  steps  31- 39: 7.4s  total: 34.5s  (40/100)
[2026-04-14 13:05:48] gpt54_mini_mw_name cases_006  steps  41- 49: 9.0s  total: 43.5s  (50/100)
[2026-04-14 13:05:59] gpt54_mini_mw_name cases_006  steps  51- 59: 10.8s  total: 54.3s  (60/100)
[2026-04-14 13:06:08] gpt54_mini_mw_name cases_006  steps  61- 69: 8.6s  total: 62.9s  (70/100)
[2026-04-14 13:06:20] gpt54_mini_mw_name cases_006  steps  71- 79: 12.9s  total: 75.7s  (80/100)
[2026-04-14 13:06:31] gpt54_mini_mw_name cases_006  steps  81- 89: 10.5s  total: 86.3s  (90/100)
[2026-04-14 13:06:43] gpt54_mini_mw_name cases_006  steps  91- 99: 11.9s  total: 98.2s  (100/100)
[2026-04-14 13:06:44] DONE gpt54_mini_mw_name cases_006  total: 99.2s  (0.99s/step)
[2026-04-14 13:06:44]   tokens: 353,192 in + 3,446 out (reasoning: 0)  cost: $0.2804
[2026-04-14 13:06:44] START gpt54_mini_mw_name cases_007 (100 steps)
[2026-04-14 13:06:54] gpt54_mini_mw_name cases_007  steps   1-  9: 9.7s  total: 9.7s  (10/100)
[2026-04-14 13:07:07] gpt54_mini_mw_name cases_007  steps  11- 19: 12.7s  total: 22.4s  (20/100)
[2026-04-14 13:07:15] gpt54_mini_mw_name cases_007  steps  21- 29: 8.2s  total: 30.6s  (30/100)
[2026-04-14 13:07:24] gpt54_mini_mw_name cases_007  steps  31- 39: 9.5s  total: 40.1s  (40/100)
[2026-04-14 13:07:34] gpt54_mini_mw_name cases_007  steps  41- 49: 9.9s  total: 50.0s  (50/100)
[2026-04-14 13:07:46] gpt54_mini_mw_name cases_007  steps  51- 59: 11.9s  total: 61.9s  (60/100)
[2026-04-14 13:08:03] gpt54_mini_mw_name cases_007  steps  61- 69: 16.7s  total: 78.5s  (70/100)
[2026-04-14 13:08:14] gpt54_mini_mw_name cases_007  steps  71- 79: 11.6s  total: 90.1s  (80/100)
[2026-04-14 13:08:27] gpt54_mini_mw_name cases_007  steps  81- 89: 12.5s  total: 102.6s  (90/100)
[2026-04-14 13:08:37] gpt54_mini_mw_name cases_007  steps  91- 99: 10.5s  total: 113.0s  (100/100)
[2026-04-14 13:08:39] DONE gpt54_mini_mw_name cases_007  total: 114.2s  (1.14s/step)
[2026-04-14 13:08:39]   tokens: 351,372 in + 3,410 out (reasoning: 0)  cost: $0.2789
[2026-04-14 13:08:39] START gpt54_mini_mw_name cases_008 (100 steps)
[2026-04-14 13:08:50] gpt54_mini_mw_name cases_008  steps   1-  9: 11.3s  total: 11.3s  (10/100)
[2026-04-14 13:08:59] gpt54_mini_mw_name cases_008  steps  11- 19: 8.5s  total: 19.8s  (20/100)
[2026-04-14 13:09:10] gpt54_mini_mw_name cases_008  steps  21- 29: 11.1s  total: 30.9s  (30/100)
[2026-04-14 13:09:18] gpt54_mini_mw_name cases_008  steps  31- 39: 8.2s  total: 39.0s  (40/100)
[2026-04-14 13:09:28] gpt54_mini_mw_name cases_008  steps  41- 49: 9.6s  total: 48.6s  (50/100)
[2026-04-14 13:09:40] gpt54_mini_mw_name cases_008  steps  51- 59: 12.3s  total: 60.9s  (60/100)
[2026-04-14 13:09:50] gpt54_mini_mw_name cases_008  steps  61- 69: 10.3s  total: 71.2s  (70/100)
[2026-04-14 13:10:05] gpt54_mini_mw_name cases_008  steps  71- 79: 14.6s  total: 85.8s  (80/100)
[2026-04-14 13:10:25] gpt54_mini_mw_name cases_008  steps  81- 89: 19.9s  total: 105.7s  (90/100)
[2026-04-14 13:10:40] gpt54_mini_mw_name cases_008  steps  91- 99: 15.2s  total: 120.9s  (100/100)
[2026-04-14 13:10:41] DONE gpt54_mini_mw_name cases_008  total: 121.9s  (1.22s/step)
[2026-04-14 13:10:41]   tokens: 442,208 in + 5,218 out (reasoning: 0)  cost: $0.3551
[2026-04-14 13:10:41] START gpt54_mini_mw_name cases_009 (100 steps)
[2026-04-14 13:10:49] gpt54_mini_mw_name cases_009  steps   1-  9: 7.5s  total: 7.5s  (10/100)
[2026-04-14 13:10:59] gpt54_mini_mw_name cases_009  steps  11- 19: 10.4s  total: 17.9s  (20/100)
[2026-04-14 13:11:09] gpt54_mini_mw_name cases_009  steps  21- 29: 10.2s  total: 28.1s  (30/100)
[2026-04-14 13:11:18] gpt54_mini_mw_name cases_009  steps  31- 39: 9.0s  total: 37.1s  (40/100)
[2026-04-14 13:11:29] gpt54_mini_mw_name cases_009  steps  41- 49: 10.5s  total: 47.7s  (50/100)
[2026-04-14 13:11:38] gpt54_mini_mw_name cases_009  steps  51- 59: 9.5s  total: 57.2s  (60/100)
[2026-04-14 13:11:47] gpt54_mini_mw_name cases_009  steps  61- 69: 8.9s  total: 66.1s  (70/100)
[2026-04-14 13:11:58] gpt54_mini_mw_name cases_009  steps  71- 79: 10.8s  total: 76.9s  (80/100)
[2026-04-14 13:12:13] gpt54_mini_mw_name cases_009  steps  81- 89: 14.4s  total: 91.4s  (90/100)
[2026-04-14 13:12:25] gpt54_mini_mw_name cases_009  steps  91- 99: 12.1s  total: 103.5s  (100/100)
[2026-04-14 13:12:28] DONE gpt54_mini_mw_name cases_009  total: 106.7s  (1.07s/step)
[2026-04-14 13:12:28]   tokens: 397,814 in + 4,340 out (reasoning: 0)  cost: $0.3179
[2026-04-14 13:12:28] START gpt54_mini_mw_name cases_010 (100 steps)
[2026-04-14 13:12:37] gpt54_mini_mw_name cases_010  steps   1-  9: 9.0s  total: 9.0s  (10/100)
[2026-04-14 13:12:45] gpt54_mini_mw_name cases_010  steps  11- 19: 7.7s  total: 16.7s  (20/100)
[2026-04-14 13:12:55] gpt54_mini_mw_name cases_010  steps  21- 29: 9.7s  total: 26.3s  (30/100)
[2026-04-14 13:13:03] gpt54_mini_mw_name cases_010  steps  31- 39: 8.1s  total: 34.4s  (40/100)
[2026-04-14 13:13:10] gpt54_mini_mw_name cases_010  steps  41- 49: 7.5s  total: 41.8s  (50/100)
[2026-04-14 13:13:23] gpt54_mini_mw_name cases_010  steps  51- 59: 13.1s  total: 54.9s  (60/100)
[2026-04-14 13:13:33] gpt54_mini_mw_name cases_010  steps  61- 69: 9.8s  total: 64.8s  (70/100)
[2026-04-14 13:13:43] gpt54_mini_mw_name cases_010  steps  71- 79: 9.5s  total: 74.3s  (80/100)
[2026-04-14 13:13:51] gpt54_mini_mw_name cases_010  steps  81- 89: 8.1s  total: 82.4s  (90/100)
[2026-04-14 13:14:00] gpt54_mini_mw_name cases_010  steps  91- 99: 8.9s  total: 91.3s  (100/100)
[2026-04-14 13:14:01] DONE gpt54_mini_mw_name cases_010  total: 92.0s  (0.92s/step)
[2026-04-14 13:14:01]   tokens: 353,192 in + 3,452 out (reasoning: 0)  cost: $0.2804
[2026-04-14 13:14:01] START gpt54_mini_mw_name cases_011 (100 steps)
[2026-04-14 13:14:08] gpt54_mini_mw_name cases_011  steps   1-  9: 6.7s  total: 6.7s  (10/100)
[2026-04-14 13:14:17] gpt54_mini_mw_name cases_011  steps  11- 19: 9.1s  total: 15.8s  (20/100)
[2026-04-14 13:14:30] gpt54_mini_mw_name cases_011  steps  21- 29: 13.1s  total: 28.9s  (30/100)
[2026-04-14 13:14:42] gpt54_mini_mw_name cases_011  steps  31- 39: 11.7s  total: 40.6s  (40/100)
[2026-04-14 13:14:54] gpt54_mini_mw_name cases_011  steps  41- 49: 12.0s  total: 52.6s  (50/100)
[2026-04-14 13:15:02] gpt54_mini_mw_name cases_011  steps  51- 59: 8.7s  total: 61.3s  (60/100)
[2026-04-14 13:15:11] gpt54_mini_mw_name cases_011  steps  61- 69: 9.0s  total: 70.3s  (70/100)
[2026-04-14 13:15:22] gpt54_mini_mw_name cases_011  steps  71- 79: 11.0s  total: 81.4s  (80/100)
[2026-04-14 13:15:35] gpt54_mini_mw_name cases_011  steps  81- 89: 12.8s  total: 94.1s  (90/100)
[2026-04-14 13:15:47] gpt54_mini_mw_name cases_011  steps  91- 99: 11.4s  total: 105.5s  (100/100)
[2026-04-14 13:15:48] DONE gpt54_mini_mw_name cases_011  total: 106.3s  (1.06s/step)
[2026-04-14 13:15:48]   tokens: 353,192 in + 3,470 out (reasoning: 0)  cost: $0.2805
[2026-04-14 13:15:48] START gpt54_mini_mw_name cases_012 (100 steps)
[2026-04-14 13:15:56] gpt54_mini_mw_name cases_012  steps   1-  9: 8.3s  total: 8.3s  (10/100)
[2026-04-14 13:16:04] gpt54_mini_mw_name cases_012  steps  11- 19: 8.2s  total: 16.5s  (20/100)
[2026-04-14 13:16:32] gpt54_mini_mw_name cases_012  steps  21- 29: 27.3s  total: 43.9s  (30/100)
[2026-04-14 13:16:43] gpt54_mini_mw_name cases_012  steps  31- 39: 11.9s  total: 55.7s  (40/100)
[2026-04-14 13:16:55] gpt54_mini_mw_name cases_012  steps  41- 49: 11.2s  total: 66.9s  (50/100)
[2026-04-14 13:17:03] gpt54_mini_mw_name cases_012  steps  51- 59: 8.6s  total: 75.6s  (60/100)
[2026-04-14 13:17:16] gpt54_mini_mw_name cases_012  steps  61- 69: 12.9s  total: 88.5s  (70/100)
[2026-04-14 13:17:30] gpt54_mini_mw_name cases_012  steps  71- 79: 13.7s  total: 102.3s  (80/100)
[2026-04-14 13:17:42] gpt54_mini_mw_name cases_012  steps  81- 89: 12.2s  total: 114.5s  (90/100)
[2026-04-14 13:17:54] gpt54_mini_mw_name cases_012  steps  91- 99: 11.8s  total: 126.3s  (100/100)
[2026-04-14 13:17:55] DONE gpt54_mini_mw_name cases_012  total: 127.2s  (1.27s/step)
[2026-04-14 13:17:55]   tokens: 461,382 in + 5,639 out (reasoning: 0)  cost: $0.3714
[2026-04-14 13:17:55] START gpt54_mini_mw_name cases_013 (100 steps)
[2026-04-14 13:18:06] gpt54_mini_mw_name cases_013  steps   1-  9: 10.5s  total: 10.5s  (10/100)
[2026-04-14 13:18:16] gpt54_mini_mw_name cases_013  steps  11- 19: 10.1s  total: 20.6s  (20/100)
[2026-04-14 13:18:24] gpt54_mini_mw_name cases_013  steps  21- 29: 8.0s  total: 28.5s  (30/100)
[2026-04-14 13:18:32] gpt54_mini_mw_name cases_013  steps  31- 39: 8.1s  total: 36.7s  (40/100)
[2026-04-14 13:18:42] gpt54_mini_mw_name cases_013  steps  41- 49: 10.3s  total: 46.9s  (50/100)
[2026-04-14 13:18:58] gpt54_mini_mw_name cases_013  steps  51- 59: 16.1s  total: 63.0s  (60/100)
[2026-04-14 13:19:09] gpt54_mini_mw_name cases_013  steps  61- 69: 10.6s  total: 73.6s  (70/100)
[2026-04-14 13:19:21] gpt54_mini_mw_name cases_013  steps  71- 79: 12.4s  total: 86.0s  (80/100)
[2026-04-14 13:19:37] gpt54_mini_mw_name cases_013  steps  81- 89: 15.5s  total: 101.6s  (90/100)
[2026-04-14 13:19:54] gpt54_mini_mw_name cases_013  steps  91- 99: 16.7s  total: 118.2s  (100/100)
[2026-04-14 13:19:55] DONE gpt54_mini_mw_name cases_013  total: 119.1s  (1.19s/step)
[2026-04-14 13:19:55]   tokens: 374,444 in + 3,898 out (reasoning: 0)  cost: $0.2984
[2026-04-14 13:19:55] START gpt54_mini_mw_name cases_014 (100 steps)
[2026-04-14 13:20:03] gpt54_mini_mw_name cases_014  steps   1-  9: 8.1s  total: 8.1s  (10/100)
[2026-04-14 13:20:13] gpt54_mini_mw_name cases_014  steps  11- 19: 9.7s  total: 17.8s  (20/100)
[2026-04-14 13:20:20] gpt54_mini_mw_name cases_014  steps  21- 29: 7.7s  total: 25.4s  (30/100)
[2026-04-14 13:20:31] gpt54_mini_mw_name cases_014  steps  31- 39: 10.7s  total: 36.2s  (40/100)
[2026-04-14 13:20:42] gpt54_mini_mw_name cases_014  steps  41- 49: 10.9s  total: 47.0s  (50/100)
[2026-04-14 13:20:52] gpt54_mini_mw_name cases_014  steps  51- 59: 10.0s  total: 57.0s  (60/100)
[2026-04-14 13:21:04] gpt54_mini_mw_name cases_014  steps  61- 69: 12.3s  total: 69.3s  (70/100)
[2026-04-14 13:21:14] gpt54_mini_mw_name cases_014  steps  71- 79: 10.2s  total: 79.5s  (80/100)
[2026-04-14 13:21:30] gpt54_mini_mw_name cases_014  steps  81- 89: 15.1s  total: 94.7s  (90/100)
[2026-04-14 13:21:40] gpt54_mini_mw_name cases_014  steps  91- 99: 10.0s  total: 104.7s  (100/100)
[2026-04-14 13:21:41] DONE gpt54_mini_mw_name cases_014  total: 105.7s  (1.06s/step)
[2026-04-14 13:21:41]   tokens: 353,192 in + 3,482 out (reasoning: 0)  cost: $0.2806
[2026-04-14 13:21:41] START gpt54_mini_mw_name cases_015 (100 steps)
[2026-04-14 13:21:50] gpt54_mini_mw_name cases_015  steps   1-  9: 8.7s  total: 8.7s  (10/100)
[2026-04-14 13:22:01] gpt54_mini_mw_name cases_015  steps  11- 19: 11.0s  total: 19.7s  (20/100)
[2026-04-14 13:22:11] gpt54_mini_mw_name cases_015  steps  21- 29: 10.6s  total: 30.2s  (30/100)
[2026-04-14 13:22:22] gpt54_mini_mw_name cases_015  steps  31- 39: 10.8s  total: 41.0s  (40/100)
[2026-04-14 13:22:33] gpt54_mini_mw_name cases_015  steps  41- 49: 10.8s  total: 51.9s  (50/100)
[2026-04-14 13:22:44] gpt54_mini_mw_name cases_015  steps  51- 59: 10.8s  total: 62.7s  (60/100)
[2026-04-14 13:22:56] gpt54_mini_mw_name cases_015  steps  61- 69: 12.5s  total: 75.2s  (70/100)
[2026-04-14 13:23:07] gpt54_mini_mw_name cases_015  steps  71- 79: 10.7s  total: 85.9s  (80/100)
[2026-04-14 13:23:17] gpt54_mini_mw_name cases_015  steps  81- 89: 9.7s  total: 95.6s  (90/100)
[2026-04-14 13:23:28] gpt54_mini_mw_name cases_015  steps  91- 99: 11.7s  total: 107.3s  (100/100)
[2026-04-14 13:23:33] DONE gpt54_mini_mw_name cases_015  total: 111.1s  (1.11s/step)
[2026-04-14 13:23:33]   tokens: 353,192 in + 3,446 out (reasoning: 0)  cost: $0.2804
[2026-04-14 13:23:33] START gpt54_mini_mw_name cases_016 (100 steps)
[2026-04-14 13:23:42] gpt54_mini_mw_name cases_016  steps   1-  9: 9.6s  total: 9.6s  (10/100)
[2026-04-14 13:23:51] gpt54_mini_mw_name cases_016  steps  11- 19: 8.3s  total: 17.9s  (20/100)
[2026-04-14 13:24:00] gpt54_mini_mw_name cases_016  steps  21- 29: 9.6s  total: 27.5s  (30/100)
[2026-04-14 13:24:09] gpt54_mini_mw_name cases_016  steps  31- 39: 8.7s  total: 36.2s  (40/100)
[2026-04-14 13:24:19] gpt54_mini_mw_name cases_016  steps  41- 49: 10.0s  total: 46.2s  (50/100)
[2026-04-14 13:24:27] gpt54_mini_mw_name cases_016  steps  51- 59: 7.7s  total: 53.9s  (60/100)
[2026-04-14 13:24:37] gpt54_mini_mw_name cases_016  steps  61- 69: 9.9s  total: 63.8s  (70/100)
[2026-04-14 13:24:47] gpt54_mini_mw_name cases_016  steps  71- 79: 10.5s  total: 74.3s  (80/100)
[2026-04-14 13:24:59] gpt54_mini_mw_name cases_016  steps  81- 89: 11.9s  total: 86.2s  (90/100)
[2026-04-14 13:25:09] gpt54_mini_mw_name cases_016  steps  91- 99: 10.4s  total: 96.6s  (100/100)
[2026-04-14 13:25:12] DONE gpt54_mini_mw_name cases_016  total: 98.8s  (0.99s/step)
[2026-04-14 13:25:12]   tokens: 353,192 in + 3,464 out (reasoning: 0)  cost: $0.2805
[2026-04-14 13:25:12] START gpt54_mini_mw_name cases_017 (100 steps)
[2026-04-14 13:25:20] gpt54_mini_mw_name cases_017  steps   1-  9: 8.1s  total: 8.1s  (10/100)
[2026-04-14 13:25:29] gpt54_mini_mw_name cases_017  steps  11- 19: 8.8s  total: 16.9s  (20/100)
[2026-04-14 13:25:39] gpt54_mini_mw_name cases_017  steps  21- 29: 10.1s  total: 27.0s  (30/100)
[2026-04-14 13:25:47] gpt54_mini_mw_name cases_017  steps  31- 39: 7.5s  total: 34.5s  (40/100)
[2026-04-14 13:25:56] gpt54_mini_mw_name cases_017  steps  41- 49: 9.2s  total: 43.7s  (50/100)
[2026-04-14 13:26:10] gpt54_mini_mw_name cases_017  steps  51- 59: 14.3s  total: 58.0s  (60/100)
[2026-04-14 13:26:22] gpt54_mini_mw_name cases_017  steps  61- 69: 11.5s  total: 69.6s  (70/100)
[2026-04-14 13:26:31] gpt54_mini_mw_name cases_017  steps  71- 79: 8.9s  total: 78.4s  (80/100)
[2026-04-14 13:26:45] gpt54_mini_mw_name cases_017  steps  81- 89: 14.5s  total: 92.9s  (90/100)
[2026-04-14 13:26:54] gpt54_mini_mw_name cases_017  steps  91- 99: 8.7s  total: 101.6s  (100/100)
[2026-04-14 13:26:55] DONE gpt54_mini_mw_name cases_017  total: 102.6s  (1.03s/step)
[2026-04-14 13:26:55]   tokens: 353,192 in + 3,440 out (reasoning: 0)  cost: $0.2804
[2026-04-14 13:26:55] START gpt54_mini_mw_name cases_018 (100 steps)
[2026-04-14 13:27:06] gpt54_mini_mw_name cases_018  steps   1-  9: 10.6s  total: 10.6s  (10/100)
[2026-04-14 13:27:15] gpt54_mini_mw_name cases_018  steps  11- 19: 9.4s  total: 20.0s  (20/100)
[2026-04-14 13:27:23] gpt54_mini_mw_name cases_018  steps  21- 29: 8.1s  total: 28.2s  (30/100)
[2026-04-14 13:27:32] gpt54_mini_mw_name cases_018  steps  31- 39: 8.9s  total: 37.1s  (40/100)
[2026-04-14 13:27:40] gpt54_mini_mw_name cases_018  steps  41- 49: 7.6s  total: 44.7s  (50/100)
[2026-04-14 13:27:49] gpt54_mini_mw_name cases_018  steps  51- 59: 9.3s  total: 53.9s  (60/100)
[2026-04-14 13:27:58] gpt54_mini_mw_name cases_018  steps  61- 69: 8.6s  total: 62.5s  (70/100)
[2026-04-14 13:28:09] gpt54_mini_mw_name cases_018  steps  71- 79: 10.8s  total: 73.3s  (80/100)
[2026-04-14 13:28:17] gpt54_mini_mw_name cases_018  steps  81- 89: 8.9s  total: 82.2s  (90/100)
[2026-04-14 13:28:28] gpt54_mini_mw_name cases_018  steps  91- 99: 11.1s  total: 93.3s  (100/100)
[2026-04-14 13:28:30] DONE gpt54_mini_mw_name cases_018  total: 94.2s  (0.94s/step)
[2026-04-14 13:28:30]   tokens: 353,091 in + 3,494 out (reasoning: 0)  cost: $0.2805
[2026-04-14 13:28:30] START gpt54_mini_mw_name cases_019 (100 steps)
[2026-04-14 13:28:43] gpt54_mini_mw_name cases_019  steps   1-  9: 13.0s  total: 13.0s  (10/100)
[2026-04-14 13:28:51] gpt54_mini_mw_name cases_019  steps  11- 19: 8.0s  total: 21.1s  (20/100)
[2026-04-14 13:29:01] gpt54_mini_mw_name cases_019  steps  21- 29: 9.7s  total: 30.8s  (30/100)
[2026-04-14 13:29:12] gpt54_mini_mw_name cases_019  steps  31- 39: 11.1s  total: 41.9s  (40/100)
[2026-04-14 13:29:22] gpt54_mini_mw_name cases_019  steps  41- 49: 9.8s  total: 51.6s  (50/100)
[2026-04-14 13:29:33] gpt54_mini_mw_name cases_019  steps  51- 59: 11.6s  total: 63.2s  (60/100)
[2026-04-14 13:29:44] gpt54_mini_mw_name cases_019  steps  61- 69: 11.0s  total: 74.2s  (70/100)
[2026-04-14 13:29:54] gpt54_mini_mw_name cases_019  steps  71- 79: 9.5s  total: 83.7s  (80/100)
[2026-04-14 13:30:04] gpt54_mini_mw_name cases_019  steps  81- 89: 10.6s  total: 94.3s  (90/100)
[2026-04-14 13:30:16] gpt54_mini_mw_name cases_019  steps  91- 99: 11.5s  total: 105.9s  (100/100)
[2026-04-14 13:30:17] DONE gpt54_mini_mw_name cases_019  total: 106.7s  (1.07s/step)
[2026-04-14 13:30:17]   tokens: 467,672 in + 5,628 out (reasoning: 0)  cost: $0.3761
[2026-04-14 13:30:17] START gpt54_mini_explicit_update cases_000 (100 steps)
[2026-04-14 13:30:29] gpt54_mini_explicit_update cases_000  steps   1-  9: 12.1s  total: 12.1s  (10/100)
[2026-04-14 13:30:40] gpt54_mini_explicit_update cases_000  steps  11- 19: 11.0s  total: 23.1s  (20/100)
[2026-04-14 13:30:51] gpt54_mini_explicit_update cases_000  steps  21- 29: 10.5s  total: 33.5s  (30/100)
[2026-04-14 13:31:01] gpt54_mini_explicit_update cases_000  steps  31- 39: 10.5s  total: 44.1s  (40/100)
[2026-04-14 13:31:11] gpt54_mini_explicit_update cases_000  steps  41- 49: 10.0s  total: 54.1s  (50/100)
[2026-04-14 13:31:21] gpt54_mini_explicit_update cases_000  steps  51- 59: 9.3s  total: 63.4s  (60/100)
[2026-04-14 13:31:34] gpt54_mini_explicit_update cases_000  steps  61- 69: 13.2s  total: 76.6s  (70/100)
[2026-04-14 13:31:45] gpt54_mini_explicit_update cases_000  steps  71- 79: 11.5s  total: 88.1s  (80/100)
[2026-04-14 13:32:00] gpt54_mini_explicit_update cases_000  steps  81- 89: 14.7s  total: 102.7s  (90/100)
[2026-04-14 13:32:12] gpt54_mini_explicit_update cases_000  steps  91- 99: 12.1s  total: 114.8s  (100/100)
[2026-04-14 13:32:56] START gpt54_mini_explicit_update cases_001 (100 steps)
[2026-04-14 13:33:06] gpt54_mini_explicit_update cases_001  steps   1-  9: 9.4s  total: 9.4s  (10/100)
[2026-04-14 13:33:15] gpt54_mini_explicit_update cases_001  steps  11- 19: 8.8s  total: 18.2s  (20/100)
[2026-04-14 13:33:25] gpt54_mini_explicit_update cases_001  steps  21- 29: 10.9s  total: 29.1s  (30/100)
[2026-04-14 13:33:36] gpt54_mini_explicit_update cases_001  steps  31- 39: 10.1s  total: 39.2s  (40/100)
[2026-04-14 13:33:47] gpt54_mini_explicit_update cases_001  steps  41- 49: 11.9s  total: 51.0s  (50/100)
[2026-04-14 13:34:05] gpt54_mini_explicit_update cases_001  steps  51- 59: 17.2s  total: 68.2s  (60/100)
[2026-04-14 13:34:17] gpt54_mini_explicit_update cases_001  steps  61- 69: 12.3s  total: 80.5s  (70/100)
[2026-04-14 13:34:29] gpt54_mini_explicit_update cases_001  steps  71- 79: 12.4s  total: 92.9s  (80/100)
[2026-04-14 13:34:39] gpt54_mini_explicit_update cases_001  steps  81- 89: 9.6s  total: 102.5s  (90/100)
[2026-04-14 13:34:53] gpt54_mini_explicit_update cases_001  steps  91- 99: 13.9s  total: 116.5s  (100/100)
[2026-04-14 13:34:57] DONE gpt54_mini_explicit_update cases_001  total: 119.7s  (1.20s/step)
[2026-04-14 13:34:57]   tokens: 449,115 in + 5,137 out (reasoning: 0)  cost: $0.3600
[2026-04-14 13:34:57] START gpt54_mini_explicit_update cases_002 (100 steps)
[2026-04-14 13:35:04] gpt54_mini_explicit_update cases_002  steps   1-  9: 7.2s  total: 7.2s  (10/100)
[2026-04-14 13:35:12] gpt54_mini_explicit_update cases_002  steps  11- 19: 8.1s  total: 15.3s  (20/100)
[2026-04-14 13:35:19] gpt54_mini_explicit_update cases_002  steps  21- 29: 7.0s  total: 22.4s  (30/100)
[2026-04-14 13:35:29] gpt54_mini_explicit_update cases_002  steps  31- 39: 9.7s  total: 32.1s  (40/100)
[2026-04-14 13:35:36] gpt54_mini_explicit_update cases_002  steps  41- 49: 7.4s  total: 39.6s  (50/100)
[2026-04-14 13:35:55] gpt54_mini_explicit_update cases_002  steps  51- 59: 18.8s  total: 58.4s  (60/100)
[2026-04-14 13:36:06] gpt54_mini_explicit_update cases_002  steps  61- 69: 11.1s  total: 69.5s  (70/100)
[2026-04-14 13:36:15] gpt54_mini_explicit_update cases_002  steps  71- 79: 8.9s  total: 78.4s  (80/100)
[2026-04-14 13:36:24] gpt54_mini_explicit_update cases_002  steps  81- 89: 8.6s  total: 87.0s  (90/100)
[2026-04-14 13:36:36] gpt54_mini_explicit_update cases_002  steps  91- 99: 12.6s  total: 99.6s  (100/100)
[2026-04-14 13:36:38] DONE gpt54_mini_explicit_update cases_002  total: 100.5s  (1.01s/step)
[2026-04-14 13:36:38]   tokens: 366,120 in + 3,464 out (reasoning: 0)  cost: $0.2902
[2026-04-14 13:36:38] START gpt54_mini_explicit_update cases_003 (100 steps)
[2026-04-14 13:36:47] gpt54_mini_explicit_update cases_003  steps   1-  9: 9.5s  total: 9.5s  (10/100)
[2026-04-14 13:36:58] gpt54_mini_explicit_update cases_003  steps  11- 19: 10.7s  total: 20.2s  (20/100)
[2026-04-14 13:37:06] gpt54_mini_explicit_update cases_003  steps  21- 29: 7.9s  total: 28.1s  (30/100)
[2026-04-14 13:37:14] gpt54_mini_explicit_update cases_003  steps  31- 39: 7.7s  total: 35.8s  (40/100)
[2026-04-14 13:37:23] gpt54_mini_explicit_update cases_003  steps  41- 49: 9.8s  total: 45.6s  (50/100)
[2026-04-14 13:37:33] gpt54_mini_explicit_update cases_003  steps  51- 59: 9.1s  total: 54.7s  (60/100)
[2026-04-14 13:37:44] gpt54_mini_explicit_update cases_003  steps  61- 69: 11.4s  total: 66.1s  (70/100)
[2026-04-14 13:37:54] gpt54_mini_explicit_update cases_003  steps  71- 79: 9.8s  total: 75.9s  (80/100)
[2026-04-14 13:38:03] gpt54_mini_explicit_update cases_003  steps  81- 89: 9.3s  total: 85.3s  (90/100)
[2026-04-14 13:38:15] gpt54_mini_explicit_update cases_003  steps  91- 99: 12.2s  total: 97.4s  (100/100)
[2026-04-14 13:38:17] DONE gpt54_mini_explicit_update cases_003  total: 98.3s  (0.98s/step)
[2026-04-14 13:38:17]   tokens: 479,395 in + 5,662 out (reasoning: 0)  cost: $0.3850
[2026-04-14 13:38:17] START gpt54_mini_explicit_update cases_004 (100 steps)
[2026-04-14 13:38:25] gpt54_mini_explicit_update cases_004  steps   1-  9: 8.2s  total: 8.2s  (10/100)
[2026-04-14 13:38:33] gpt54_mini_explicit_update cases_004  steps  11- 19: 8.2s  total: 16.4s  (20/100)
[2026-04-14 13:38:43] gpt54_mini_explicit_update cases_004  steps  21- 29: 10.3s  total: 26.6s  (30/100)
[2026-04-14 13:38:54] gpt54_mini_explicit_update cases_004  steps  31- 39: 10.9s  total: 37.6s  (40/100)
[2026-04-14 13:39:05] gpt54_mini_explicit_update cases_004  steps  41- 49: 10.7s  total: 48.3s  (50/100)
[2026-04-14 13:39:14] gpt54_mini_explicit_update cases_004  steps  51- 59: 9.2s  total: 57.5s  (60/100)
[2026-04-14 13:39:26] gpt54_mini_explicit_update cases_004  steps  61- 69: 11.8s  total: 69.3s  (70/100)
[2026-04-14 13:39:36] gpt54_mini_explicit_update cases_004  steps  71- 79: 9.7s  total: 79.0s  (80/100)
[2026-04-14 13:39:46] gpt54_mini_explicit_update cases_004  steps  81- 89: 10.4s  total: 89.4s  (90/100)
[2026-04-14 13:39:59] gpt54_mini_explicit_update cases_004  steps  91- 99: 12.8s  total: 102.2s  (100/100)
[2026-04-14 13:40:03] DONE gpt54_mini_explicit_update cases_004  total: 106.1s  (1.06s/step)
[2026-04-14 13:40:03]   tokens: 481,460 in + 5,782 out (reasoning: 0)  cost: $0.3871
[2026-04-14 13:40:03] START gpt54_mini_explicit_update cases_005 (100 steps)
[2026-04-14 13:40:11] gpt54_mini_explicit_update cases_005  steps   1-  9: 7.9s  total: 7.9s  (10/100)
[2026-04-14 13:40:20] gpt54_mini_explicit_update cases_005  steps  11- 19: 8.7s  total: 16.6s  (20/100)
[2026-04-14 13:40:28] gpt54_mini_explicit_update cases_005  steps  21- 29: 8.3s  total: 24.9s  (30/100)
[2026-04-14 13:40:39] gpt54_mini_explicit_update cases_005  steps  31- 39: 11.2s  total: 36.1s  (40/100)
[2026-04-14 13:40:49] gpt54_mini_explicit_update cases_005  steps  41- 49: 9.5s  total: 45.6s  (50/100)
[2026-04-14 13:40:57] gpt54_mini_explicit_update cases_005  steps  51- 59: 8.3s  total: 53.8s  (60/100)
[2026-04-14 13:41:08] gpt54_mini_explicit_update cases_005  steps  61- 69: 10.5s  total: 64.3s  (70/100)
[2026-04-14 13:41:16] gpt54_mini_explicit_update cases_005  steps  71- 79: 8.3s  total: 72.6s  (80/100)
[2026-04-14 13:41:26] gpt54_mini_explicit_update cases_005  steps  81- 89: 10.2s  total: 82.8s  (90/100)
[2026-04-14 13:41:36] gpt54_mini_explicit_update cases_005  steps  91- 99: 10.3s  total: 93.1s  (100/100)
[2026-04-14 13:41:38] DONE gpt54_mini_explicit_update cases_005  total: 94.1s  (0.94s/step)
[2026-04-14 13:41:38]   tokens: 366,120 in + 3,452 out (reasoning: 0)  cost: $0.2901
[2026-04-14 13:41:38] START gpt54_mini_explicit_update cases_006 (100 steps)
[2026-04-14 13:41:47] gpt54_mini_explicit_update cases_006  steps   1-  9: 9.7s  total: 9.7s  (10/100)
[2026-04-14 13:41:57] gpt54_mini_explicit_update cases_006  steps  11- 19: 9.4s  total: 19.1s  (20/100)
[2026-04-14 13:42:06] gpt54_mini_explicit_update cases_006  steps  21- 29: 9.4s  total: 28.5s  (30/100)
[2026-04-14 13:42:15] gpt54_mini_explicit_update cases_006  steps  31- 39: 8.6s  total: 37.0s  (40/100)
[2026-04-14 13:42:28] gpt54_mini_explicit_update cases_006  steps  41- 49: 12.8s  total: 49.8s  (50/100)
[2026-04-14 13:42:39] gpt54_mini_explicit_update cases_006  steps  51- 59: 11.7s  total: 61.5s  (60/100)
[2026-04-14 13:42:49] gpt54_mini_explicit_update cases_006  steps  61- 69: 9.7s  total: 71.3s  (70/100)
[2026-04-14 13:43:01] gpt54_mini_explicit_update cases_006  steps  71- 79: 12.4s  total: 83.7s  (80/100)
[2026-04-14 13:43:14] gpt54_mini_explicit_update cases_006  steps  81- 89: 12.1s  total: 95.7s  (90/100)
[2026-04-14 13:43:26] gpt54_mini_explicit_update cases_006  steps  91- 99: 12.0s  total: 107.7s  (100/100)
[2026-04-14 13:43:27] DONE gpt54_mini_explicit_update cases_006  total: 108.5s  (1.08s/step)
[2026-04-14 13:43:27]   tokens: 368,080 in + 3,490 out (reasoning: 0)  cost: $0.2918
[2026-04-14 13:43:27] START gpt54_mini_explicit_update cases_007 (100 steps)
[2026-04-14 13:43:35] gpt54_mini_explicit_update cases_007  steps   1-  9: 8.5s  total: 8.5s  (10/100)
[2026-04-14 13:43:49] gpt54_mini_explicit_update cases_007  steps  11- 19: 13.7s  total: 22.2s  (20/100)
[2026-04-14 13:43:59] gpt54_mini_explicit_update cases_007  steps  21- 29: 9.8s  total: 31.9s  (30/100)
[2026-04-14 13:44:08] gpt54_mini_explicit_update cases_007  steps  31- 39: 9.8s  total: 41.7s  (40/100)
[2026-04-14 13:44:19] gpt54_mini_explicit_update cases_007  steps  41- 49: 10.3s  total: 52.0s  (50/100)
[2026-04-14 13:44:29] gpt54_mini_explicit_update cases_007  steps  51- 59: 9.8s  total: 61.8s  (60/100)
[2026-04-14 13:44:40] gpt54_mini_explicit_update cases_007  steps  61- 69: 11.2s  total: 73.1s  (70/100)
[2026-04-14 13:44:52] gpt54_mini_explicit_update cases_007  steps  71- 79: 12.4s  total: 85.4s  (80/100)
[2026-04-14 13:45:04] gpt54_mini_explicit_update cases_007  steps  81- 89: 11.4s  total: 96.8s  (90/100)
[2026-04-14 13:45:16] gpt54_mini_explicit_update cases_007  steps  91- 99: 12.1s  total: 108.9s  (100/100)
[2026-04-14 13:45:17] DONE gpt54_mini_explicit_update cases_007  total: 110.0s  (1.10s/step)
[2026-04-14 13:45:17]   tokens: 368,595 in + 3,501 out (reasoning: 0)  cost: $0.2922
[2026-04-14 13:45:17] START gpt54_mini_explicit_update cases_008 (100 steps)
[2026-04-14 13:45:24] ds_think_online cases_000  steps  31- 39: 3160.2s  total: 9073.4s  (40/100)
[2026-04-14 13:45:26] gpt54_mini_explicit_update cases_008  steps   1-  9: 8.5s  total: 8.5s  (10/100)
[2026-04-14 13:45:34] gpt54_mini_explicit_update cases_008  steps  11- 19: 8.7s  total: 17.2s  (20/100)
[2026-04-14 13:45:43] gpt54_mini_explicit_update cases_008  steps  21- 29: 8.7s  total: 25.9s  (30/100)
[2026-04-14 13:45:53] gpt54_mini_explicit_update cases_008  steps  31- 39: 9.4s  total: 35.3s  (40/100)
[2026-04-14 13:46:04] gpt54_mini_explicit_update cases_008  steps  41- 49: 10.9s  total: 46.2s  (50/100)
[2026-04-14 13:46:16] gpt54_mini_explicit_update cases_008  steps  51- 59: 12.8s  total: 59.0s  (60/100)
[2026-04-14 13:46:26] gpt54_mini_explicit_update cases_008  steps  61- 69: 9.4s  total: 68.4s  (70/100)
[2026-04-14 13:46:39] gpt54_mini_explicit_update cases_008  steps  71- 79: 13.8s  total: 82.2s  (80/100)
[2026-04-14 13:46:49] gpt54_mini_explicit_update cases_008  steps  81- 89: 9.5s  total: 91.7s  (90/100)
[2026-04-14 13:47:01] gpt54_mini_explicit_update cases_008  steps  91- 99: 11.7s  total: 103.4s  (100/100)
[2026-04-14 13:47:06] DONE gpt54_mini_explicit_update cases_008  total: 108.7s  (1.09s/step)
[2026-04-14 13:47:06]   tokens: 478,401 in + 5,680 out (reasoning: 0)  cost: $0.3844
[2026-04-14 13:47:06] START gpt54_mini_explicit_update cases_009 (100 steps)
[2026-04-14 13:47:15] gpt54_mini_explicit_update cases_009  steps   1-  9: 8.8s  total: 8.8s  (10/100)
[2026-04-14 13:47:26] gpt54_mini_explicit_update cases_009  steps  11- 19: 11.0s  total: 19.8s  (20/100)
[2026-04-14 13:47:35] gpt54_mini_explicit_update cases_009  steps  21- 29: 8.9s  total: 28.6s  (30/100)
[2026-04-14 13:47:43] gpt54_mini_explicit_update cases_009  steps  31- 39: 8.1s  total: 36.7s  (40/100)
[2026-04-14 13:47:53] gpt54_mini_explicit_update cases_009  steps  41- 49: 9.6s  total: 46.3s  (50/100)
[2026-04-14 13:48:03] gpt54_mini_explicit_update cases_009  steps  51- 59: 10.2s  total: 56.5s  (60/100)
[2026-04-14 13:48:14] gpt54_mini_explicit_update cases_009  steps  61- 69: 11.4s  total: 67.9s  (70/100)
[2026-04-14 13:48:25] gpt54_mini_explicit_update cases_009  steps  71- 79: 10.4s  total: 78.3s  (80/100)
[2026-04-14 13:48:35] gpt54_mini_explicit_update cases_009  steps  81- 89: 10.5s  total: 88.8s  (90/100)
[2026-04-14 13:48:44] gpt54_mini_explicit_update cases_009  steps  91- 99: 9.1s  total: 97.9s  (100/100)
[2026-04-14 13:48:48] DONE gpt54_mini_explicit_update cases_009  total: 101.0s  (1.01s/step)
[2026-04-14 13:48:48]   tokens: 380,692 in + 3,798 out (reasoning: 0)  cost: $0.3026
[2026-04-14 13:48:48] START gpt54_mini_explicit_update cases_010 (100 steps)
[2026-04-14 13:48:58] gpt54_mini_explicit_update cases_010  steps   1-  9: 10.0s  total: 10.0s  (10/100)
[2026-04-14 13:49:06] gpt54_mini_explicit_update cases_010  steps  11- 19: 7.6s  total: 17.6s  (20/100)
[2026-04-14 13:49:13] gpt54_mini_explicit_update cases_010  steps  21- 29: 7.5s  total: 25.1s  (30/100)
[2026-04-14 13:49:26] gpt54_mini_explicit_update cases_010  steps  31- 39: 13.1s  total: 38.2s  (40/100)
[2026-04-14 13:49:34] gpt54_mini_explicit_update cases_010  steps  41- 49: 8.1s  total: 46.3s  (50/100)
[2026-04-14 13:49:43] gpt54_mini_explicit_update cases_010  steps  51- 59: 9.0s  total: 55.3s  (60/100)
[2026-04-14 13:50:01] gpt54_mini_explicit_update cases_010  steps  61- 69: 17.5s  total: 72.9s  (70/100)
[2026-04-14 13:50:10] gpt54_mini_explicit_update cases_010  steps  71- 79: 9.2s  total: 82.0s  (80/100)
[2026-04-14 13:50:21] gpt54_mini_explicit_update cases_010  steps  81- 89: 11.1s  total: 93.1s  (90/100)
[2026-04-14 13:50:31] gpt54_mini_explicit_update cases_010  steps  91- 99: 10.4s  total: 103.5s  (100/100)
[2026-04-14 13:50:34] DONE gpt54_mini_explicit_update cases_010  total: 105.4s  (1.05s/step)
[2026-04-14 13:50:34]   tokens: 428,512 in + 4,571 out (reasoning: 0)  cost: $0.3420
[2026-04-14 13:50:34] START gpt54_mini_explicit_update cases_011 (100 steps)
[2026-04-14 13:50:42] gpt54_mini_explicit_update cases_011  steps   1-  9: 8.3s  total: 8.3s  (10/100)
[2026-04-14 13:50:51] gpt54_mini_explicit_update cases_011  steps  11- 19: 8.9s  total: 17.2s  (20/100)
[2026-04-14 13:51:01] gpt54_mini_explicit_update cases_011  steps  21- 29: 9.7s  total: 26.9s  (30/100)
[2026-04-14 13:51:11] gpt54_mini_explicit_update cases_011  steps  31- 39: 10.0s  total: 36.9s  (40/100)
[2026-04-14 13:51:19] gpt54_mini_explicit_update cases_011  steps  41- 49: 8.1s  total: 45.0s  (50/100)
[2026-04-14 13:51:29] gpt54_mini_explicit_update cases_011  steps  51- 59: 10.3s  total: 55.3s  (60/100)
[2026-04-14 13:51:39] gpt54_mini_explicit_update cases_011  steps  61- 69: 9.8s  total: 65.0s  (70/100)
[2026-04-14 13:51:49] gpt54_mini_explicit_update cases_011  steps  71- 79: 10.0s  total: 75.1s  (80/100)
[2026-04-14 13:51:58] gpt54_mini_explicit_update cases_011  steps  81- 89: 9.4s  total: 84.5s  (90/100)
[2026-04-14 13:52:12] gpt54_mini_explicit_update cases_011  steps  91- 99: 13.2s  total: 97.8s  (100/100)
[2026-04-14 13:52:14] DONE gpt54_mini_explicit_update cases_011  total: 99.9s  (1.00s/step)
[2026-04-14 13:52:14]   tokens: 415,860 in + 4,409 out (reasoning: 0)  cost: $0.3317
[2026-04-14 13:52:14] START gpt54_mini_explicit_update cases_012 (100 steps)
[2026-04-14 13:52:27] gpt54_mini_explicit_update cases_012  steps   1-  9: 12.9s  total: 12.9s  (10/100)
[2026-04-14 13:52:37] gpt54_mini_explicit_update cases_012  steps  11- 19: 9.9s  total: 22.8s  (20/100)
[2026-04-14 13:52:49] gpt54_mini_explicit_update cases_012  steps  21- 29: 11.8s  total: 34.6s  (30/100)
[2026-04-14 13:52:59] gpt54_mini_explicit_update cases_012  steps  31- 39: 10.3s  total: 44.9s  (40/100)
[2026-04-14 13:53:11] gpt54_mini_explicit_update cases_012  steps  41- 49: 11.3s  total: 56.2s  (50/100)
[2026-04-14 13:53:22] gpt54_mini_explicit_update cases_012  steps  51- 59: 11.6s  total: 67.8s  (60/100)
[2026-04-14 13:53:34] gpt54_mini_explicit_update cases_012  steps  61- 69: 11.8s  total: 79.6s  (70/100)
[2026-04-14 13:53:44] gpt54_mini_explicit_update cases_012  steps  71- 79: 10.0s  total: 89.5s  (80/100)
[2026-04-14 13:54:00] gpt54_mini_explicit_update cases_012  steps  81- 89: 15.8s  total: 105.4s  (90/100)
[2026-04-14 13:54:15] gpt54_mini_explicit_update cases_012  steps  91- 99: 15.1s  total: 120.4s  (100/100)
[2026-04-14 13:54:16] DONE gpt54_mini_explicit_update cases_012  total: 121.2s  (1.21s/step)
[2026-04-14 13:54:16]   tokens: 474,310 in + 5,627 out (reasoning: 0)  cost: $0.3811
[2026-04-14 13:54:16] START gpt54_mini_explicit_update cases_013 (100 steps)
[2026-04-14 13:54:23] gpt54_mini_explicit_update cases_013  steps   1-  9: 7.4s  total: 7.4s  (10/100)
[2026-04-14 13:54:34] gpt54_mini_explicit_update cases_013  steps  11- 19: 11.0s  total: 18.3s  (20/100)
[2026-04-14 13:54:43] gpt54_mini_explicit_update cases_013  steps  21- 29: 8.4s  total: 26.7s  (30/100)
[2026-04-14 13:54:53] gpt54_mini_explicit_update cases_013  steps  31- 39: 10.8s  total: 37.5s  (40/100)
[2026-04-14 13:55:11] gpt54_mini_explicit_update cases_013  steps  41- 49: 18.0s  total: 55.5s  (50/100)
[2026-04-14 13:55:22] gpt54_mini_explicit_update cases_013  steps  51- 59: 10.4s  total: 65.9s  (60/100)
[2026-04-14 13:55:32] gpt54_mini_explicit_update cases_013  steps  61- 69: 10.0s  total: 75.8s  (70/100)
[2026-04-14 13:55:46] gpt54_mini_explicit_update cases_013  steps  71- 79: 13.9s  total: 89.7s  (80/100)
[2026-04-14 13:55:55] gpt54_mini_explicit_update cases_013  steps  81- 89: 9.0s  total: 98.8s  (90/100)
[2026-04-14 13:56:10] gpt54_mini_explicit_update cases_013  steps  91- 99: 15.4s  total: 114.1s  (100/100)
[2026-04-14 13:56:11] DONE gpt54_mini_explicit_update cases_013  total: 114.9s  (1.15s/step)
[2026-04-14 13:56:11]   tokens: 382,030 in + 3,680 out (reasoning: 0)  cost: $0.3031
[2026-04-14 13:56:11] START gpt54_mini_explicit_update cases_014 (100 steps)
[2026-04-14 13:56:18] gpt54_mini_explicit_update cases_014  steps   1-  9: 6.7s  total: 6.7s  (10/100)
[2026-04-14 13:56:28] gpt54_mini_explicit_update cases_014  steps  11- 19: 10.1s  total: 16.8s  (20/100)
[2026-04-14 13:56:39] gpt54_mini_explicit_update cases_014  steps  21- 29: 10.7s  total: 27.5s  (30/100)
[2026-04-14 13:56:52] gpt54_mini_explicit_update cases_014  steps  31- 39: 12.8s  total: 40.4s  (40/100)
[2026-04-14 13:57:04] gpt54_mini_explicit_update cases_014  steps  41- 49: 12.1s  total: 52.5s  (50/100)
[2026-04-14 13:57:12] gpt54_mini_explicit_update cases_014  steps  51- 59: 8.1s  total: 60.6s  (60/100)
[2026-04-14 13:57:21] gpt54_mini_explicit_update cases_014  steps  61- 69: 9.5s  total: 70.1s  (70/100)
[2026-04-14 13:57:34] gpt54_mini_explicit_update cases_014  steps  71- 79: 12.7s  total: 82.8s  (80/100)
[2026-04-14 13:57:44] gpt54_mini_explicit_update cases_014  steps  81- 89: 10.0s  total: 92.8s  (90/100)
[2026-04-14 13:57:56] gpt54_mini_explicit_update cases_014  steps  91- 99: 11.7s  total: 104.5s  (100/100)
[2026-04-14 13:57:57] DONE gpt54_mini_explicit_update cases_014  total: 105.4s  (1.05s/step)
[2026-04-14 13:57:57]   tokens: 366,120 in + 3,482 out (reasoning: 0)  cost: $0.2903
[2026-04-14 13:57:57] START gpt54_mini_explicit_update cases_015 (100 steps)
[2026-04-14 13:58:08] gpt54_mini_explicit_update cases_015  steps   1-  9: 10.6s  total: 10.6s  (10/100)
[2026-04-14 13:58:15] gpt54_mini_explicit_update cases_015  steps  11- 19: 7.3s  total: 17.9s  (20/100)
[2026-04-14 13:58:24] gpt54_mini_explicit_update cases_015  steps  21- 29: 8.3s  total: 26.3s  (30/100)
[2026-04-14 13:58:41] gpt54_mini_explicit_update cases_015  steps  31- 39: 17.6s  total: 43.8s  (40/100)
[2026-04-14 13:58:49] gpt54_mini_explicit_update cases_015  steps  41- 49: 8.4s  total: 52.2s  (50/100)
[2026-04-14 13:59:00] gpt54_mini_explicit_update cases_015  steps  51- 59: 10.4s  total: 62.6s  (60/100)
[2026-04-14 13:59:09] gpt54_mini_explicit_update cases_015  steps  61- 69: 9.1s  total: 71.7s  (70/100)
[2026-04-14 13:59:22] gpt54_mini_explicit_update cases_015  steps  71- 79: 13.3s  total: 85.1s  (80/100)
[2026-04-14 13:59:35] gpt54_mini_explicit_update cases_015  steps  81- 89: 12.4s  total: 97.5s  (90/100)
[2026-04-14 13:59:49] gpt54_mini_explicit_update cases_015  steps  91- 99: 13.7s  total: 111.2s  (100/100)
[2026-04-14 13:59:52] DONE gpt54_mini_explicit_update cases_015  total: 114.6s  (1.15s/step)
[2026-04-14 13:59:52]   tokens: 433,463 in + 4,823 out (reasoning: 0)  cost: $0.3468
[2026-04-14 13:59:52] START gpt54_mini_explicit_update cases_016 (100 steps)
[2026-04-14 14:00:01] gpt54_mini_explicit_update cases_016  steps   1-  9: 9.1s  total: 9.1s  (10/100)
[2026-04-14 14:00:12] gpt54_mini_explicit_update cases_016  steps  11- 19: 10.7s  total: 19.8s  (20/100)
[2026-04-14 14:00:24] gpt54_mini_explicit_update cases_016  steps  21- 29: 11.6s  total: 31.4s  (30/100)
[2026-04-14 14:00:34] gpt54_mini_explicit_update cases_016  steps  31- 39: 9.8s  total: 41.2s  (40/100)
[2026-04-14 14:00:45] gpt54_mini_explicit_update cases_016  steps  41- 49: 11.2s  total: 52.4s  (50/100)
[2026-04-14 14:00:59] gpt54_mini_explicit_update cases_016  steps  51- 59: 13.9s  total: 66.3s  (60/100)
[2026-04-14 14:01:10] gpt54_mini_explicit_update cases_016  steps  61- 69: 11.8s  total: 78.1s  (70/100)
[2026-04-14 14:01:20] gpt54_mini_explicit_update cases_016  steps  71- 79: 10.0s  total: 88.1s  (80/100)
[2026-04-14 14:01:33] gpt54_mini_explicit_update cases_016  steps  81- 89: 12.4s  total: 100.5s  (90/100)
[2026-04-14 14:01:45] gpt54_mini_explicit_update cases_016  steps  91- 99: 11.8s  total: 112.2s  (100/100)
[2026-04-14 14:01:46] DONE gpt54_mini_explicit_update cases_016  total: 113.1s  (1.13s/step)
[2026-04-14 14:01:46]   tokens: 485,074 in + 5,852 out (reasoning: 0)  cost: $0.3901
[2026-04-14 14:01:46] START gpt54_mini_explicit_update cases_017 (100 steps)
[2026-04-14 14:01:54] gpt54_mini_explicit_update cases_017  steps   1-  9: 8.4s  total: 8.4s  (10/100)
[2026-04-14 14:02:03] gpt54_mini_explicit_update cases_017  steps  11- 19: 9.1s  total: 17.5s  (20/100)
[2026-04-14 14:02:16] gpt54_mini_explicit_update cases_017  steps  21- 29: 12.2s  total: 29.7s  (30/100)
[2026-04-14 14:02:23] gpt54_mini_explicit_update cases_017  steps  31- 39: 7.8s  total: 37.5s  (40/100)
[2026-04-14 14:02:31] gpt54_mini_explicit_update cases_017  steps  41- 49: 7.6s  total: 45.0s  (50/100)
[2026-04-14 14:02:42] gpt54_mini_explicit_update cases_017  steps  51- 59: 10.7s  total: 55.7s  (60/100)
[2026-04-14 14:02:52] gpt54_mini_explicit_update cases_017  steps  61- 69: 10.1s  total: 65.8s  (70/100)
[2026-04-14 14:03:03] gpt54_mini_explicit_update cases_017  steps  71- 79: 11.5s  total: 77.3s  (80/100)
[2026-04-14 14:03:16] gpt54_mini_explicit_update cases_017  steps  81- 89: 12.6s  total: 89.9s  (90/100)
[2026-04-14 14:03:24] gpt54_mini_explicit_update cases_017  steps  91- 99: 8.5s  total: 98.4s  (100/100)
[2026-04-14 14:03:28] DONE gpt54_mini_explicit_update cases_017  total: 101.3s  (1.01s/step)
[2026-04-14 14:03:28]   tokens: 366,120 in + 3,458 out (reasoning: 0)  cost: $0.2902
[2026-04-14 14:03:28] START gpt54_mini_explicit_update cases_018 (100 steps)
[2026-04-14 14:03:37] gpt54_mini_explicit_update cases_018  steps   1-  9: 9.8s  total: 9.8s  (10/100)
[2026-04-14 14:03:46] gpt54_mini_explicit_update cases_018  steps  11- 19: 8.4s  total: 18.2s  (20/100)
[2026-04-14 14:03:54] gpt54_mini_explicit_update cases_018  steps  21- 29: 7.8s  total: 26.0s  (30/100)
[2026-04-14 14:04:03] gpt54_mini_explicit_update cases_018  steps  31- 39: 9.4s  total: 35.4s  (40/100)
[2026-04-14 14:04:11] gpt54_mini_explicit_update cases_018  steps  41- 49: 8.2s  total: 43.7s  (50/100)
[2026-04-14 14:04:23] gpt54_mini_explicit_update cases_018  steps  51- 59: 11.2s  total: 54.9s  (60/100)
[2026-04-14 14:04:32] gpt54_mini_explicit_update cases_018  steps  61- 69: 9.8s  total: 64.6s  (70/100)
[2026-04-14 14:04:44] gpt54_mini_explicit_update cases_018  steps  71- 79: 11.2s  total: 75.9s  (80/100)
[2026-04-14 14:04:53] gpt54_mini_explicit_update cases_018  steps  81- 89: 9.5s  total: 85.3s  (90/100)
[2026-04-14 14:05:07] gpt54_mini_explicit_update cases_018  steps  91- 99: 14.3s  total: 99.7s  (100/100)
[2026-04-14 14:05:11] DONE gpt54_mini_explicit_update cases_018  total: 102.8s  (1.03s/step)
[2026-04-14 14:05:11]   tokens: 427,364 in + 4,959 out (reasoning: 0)  cost: $0.3428
[2026-04-14 14:05:11] START gpt54_mini_explicit_update cases_019 (100 steps)
[2026-04-14 14:05:21] gpt54_mini_explicit_update cases_019  steps   1-  9: 10.0s  total: 10.0s  (10/100)
[2026-04-14 14:05:31] gpt54_mini_explicit_update cases_019  steps  11- 19: 9.8s  total: 19.8s  (20/100)
[2026-04-14 14:05:41] gpt54_mini_explicit_update cases_019  steps  21- 29: 10.5s  total: 30.3s  (30/100)
[2026-04-14 14:05:52] gpt54_mini_explicit_update cases_019  steps  31- 39: 10.9s  total: 41.3s  (40/100)
[2026-04-14 14:06:08] gpt54_mini_explicit_update cases_019  steps  41- 49: 15.6s  total: 56.9s  (50/100)
[2026-04-14 14:06:18] gpt54_mini_explicit_update cases_019  steps  51- 59: 10.3s  total: 67.3s  (60/100)
[2026-04-14 14:06:31] gpt54_mini_explicit_update cases_019  steps  61- 69: 13.1s  total: 80.4s  (70/100)
[2026-04-14 14:06:45] gpt54_mini_explicit_update cases_019  steps  71- 79: 13.6s  total: 93.9s  (80/100)
[2026-04-14 14:06:56] gpt54_mini_explicit_update cases_019  steps  81- 89: 11.2s  total: 105.2s  (90/100)
[2026-04-14 14:07:09] gpt54_mini_explicit_update cases_019  steps  91- 99: 12.4s  total: 117.5s  (100/100)
[2026-04-14 14:07:10] DONE gpt54_mini_explicit_update cases_019  total: 118.4s  (1.18s/step)
[2026-04-14 14:07:10]   tokens: 470,619 in + 5,585 out (reasoning: 0)  cost: $0.3781
[2026-04-14 14:43:35] ds_think_online cases_000  steps  41- 49: 3491.7s  total: 12565.1s  (50/100)
[2026-04-14 15:49:17] ds_think_online cases_000  steps  51- 59: 3942.0s  total: 16507.0s  (60/100)
[2026-04-14 16:58:36] ds_think_online cases_000  steps  61- 69: 4158.5s  total: 20665.5s  (70/100)
[2026-04-14 18:04:54] ds_think_online cases_000  steps  71- 79: 3978.1s  total: 24643.7s  (80/100)
[2026-04-14 19:09:52] ds_think_online cases_000  steps  81- 89: 3897.6s  total: 28541.3s  (90/100)
[2026-04-14 20:10:49] ds_think_online cases_000  steps  91- 99: 3657.1s  total: 32198.4s  (100/100)
[2026-04-14 20:10:49] DONE ds_think_online cases_000  total: 32198.4s  (321.98s/step)
[2026-04-14 20:10:49]   tokens: 216,690 in + 1,224,750 out (reasoning: 1,223,683)  cost: $2.8014
