[2026-04-21 18:12:03] START qwen3_14b_nothink_weather cases_000 (5 steps, two-turn)
[2026-04-21 18:12:08] DONE qwen3_14b_nothink_weather cases_000  total: 4.5s  (0.89s/step)
[2026-04-21 18:12:08]   tokens: 4,868 in + 160 out (reasoning: 0)  cost: $0.0000
[2026-04-21 18:16:35] START qwen3_14b_think1024_weather cases_000 (20 steps, two-turn)
[2026-04-21 18:18:34] qwen3_14b_think1024_weather cases_000  steps   1-  9: 119.6s  total: 119.6s  (10/20)
[2026-04-21 18:20:33] qwen3_14b_think1024_weather cases_000  steps  11- 19: 118.2s  total: 237.7s  (20/20)
[2026-04-21 18:20:33] DONE qwen3_14b_think1024_weather cases_000  total: 237.7s  (11.89s/step)
[2026-04-21 18:20:33]   tokens: 19,372 in + 9,613 out (reasoning: 0)  cost: $0.0000
[2026-04-21 18:30:23] START qwen3_14b_think1024_weather cases_000 (20 steps, two-turn)
[2026-04-21 18:34:57] qwen3_14b_think1024_weather cases_000  steps   1-  9: 274.5s  total: 274.5s  (10/20)
[2026-04-21 18:39:36] qwen3_14b_think1024_weather cases_000  steps  11- 19: 279.3s  total: 553.8s  (20/20)
[2026-04-21 18:39:37] DONE qwen3_14b_think1024_weather cases_000  total: 553.8s  (27.69s/step)
[2026-04-21 18:39:37]   tokens: 20,870 in + 22,358 out (reasoning: 0)  cost: $0.0000
[2026-04-21 18:42:03] START qwen3_14b_nothink_weather cases_000 (20 steps, two-turn)
[2026-04-21 18:42:12] qwen3_14b_nothink_weather cases_000  steps   1-  9: 8.8s  total: 8.8s  (10/20)
[2026-04-21 18:42:21] qwen3_14b_nothink_weather cases_000  steps  11- 19: 9.6s  total: 18.4s  (20/20)
[2026-04-21 18:42:22] DONE qwen3_14b_nothink_weather cases_000  total: 18.4s  (0.92s/step)
[2026-04-21 18:42:22]   tokens: 20,496 in + 693 out (reasoning: 0)  cost: $0.0000
[2026-04-21 18:47:54] START qwen3_14b_nothink_weather cases_000 (20 steps, two-turn)
[2026-04-21 18:48:02] qwen3_14b_nothink_weather cases_000  steps   1-  9: 8.7s  total: 8.7s  (10/20)
[2026-04-21 18:48:11] qwen3_14b_nothink_weather cases_000  steps  11- 19: 8.5s  total: 17.2s  (20/20)
[2026-04-21 18:48:12] DONE qwen3_14b_nothink_weather cases_000  total: 17.2s  (0.86s/step)
[2026-04-21 18:48:12]   tokens: 22,980 in + 643 out (reasoning: 0)  cost: $0.0000
[2026-04-21 18:48:12] START qwen3_14b_think1024_weather cases_000 (20 steps, two-turn)
[2026-04-21 18:52:09] qwen3_14b_think1024_weather cases_000  steps   1-  9: 237.6s  total: 237.6s  (10/20)
[2026-04-21 18:56:41] qwen3_14b_think1024_weather cases_000  steps  11- 19: 272.1s  total: 509.7s  (20/20)
[2026-04-21 18:56:42] DONE qwen3_14b_think1024_weather cases_000  total: 509.7s  (25.49s/step)
[2026-04-21 18:56:42]   tokens: 22,688 in + 20,576 out (reasoning: 0)  cost: $0.0000
[2026-04-21 20:32:06] START qwen3_14b_nothink_weather cases_000 (100 steps, two-turn)
[2026-04-21 20:32:15] qwen3_14b_nothink_weather cases_000  steps   1-  9: 8.5s  total: 8.5s  (10/100)
[2026-04-21 20:32:23] qwen3_14b_nothink_weather cases_000  steps  11- 19: 8.5s  total: 17.0s  (20/100)
[2026-04-21 20:32:33] qwen3_14b_nothink_weather cases_000  steps  21- 29: 9.4s  total: 26.5s  (30/100)
[2026-04-21 20:32:49] qwen3_14b_nothink_weather cases_000  steps  31- 39: 16.6s  total: 43.1s  (40/100)
[2026-04-21 20:33:15] qwen3_14b_nothink_weather cases_000  steps  41- 49: 25.5s  total: 68.6s  (50/100)
[2026-04-21 20:33:24] qwen3_14b_nothink_weather cases_000  steps  51- 59: 9.7s  total: 78.3s  (60/100)
[2026-04-21 20:33:34] qwen3_14b_nothink_weather cases_000  steps  61- 69: 9.2s  total: 87.5s  (70/100)
[2026-04-21 20:33:43] qwen3_14b_nothink_weather cases_000  steps  71- 79: 9.2s  total: 96.7s  (80/100)
[2026-04-21 20:33:52] qwen3_14b_nothink_weather cases_000  steps  81- 89: 9.1s  total: 105.8s  (90/100)
[2026-04-21 20:34:01] qwen3_14b_nothink_weather cases_000  steps  91- 99: 9.2s  total: 115.0s  (100/100)
[2026-04-21 20:34:02] DONE qwen3_14b_nothink_weather cases_000  total: 115.0s  (1.15s/step)
[2026-04-21 20:34:02]   tokens: 117,476 in + 4,450 out (reasoning: 0)  cost: $0.0000
[2026-04-21 20:34:02] START qwen3_14b_nothink_weather cases_001 (100 steps, two-turn)
[2026-04-21 20:34:11] qwen3_14b_nothink_weather cases_001  steps   1-  9: 9.0s  total: 9.0s  (10/100)
[2026-04-21 20:34:22] qwen3_14b_nothink_weather cases_001  steps  11- 19: 11.3s  total: 20.3s  (20/100)
[2026-04-21 20:34:33] qwen3_14b_nothink_weather cases_001  steps  21- 29: 11.0s  total: 31.3s  (30/100)
[2026-04-21 20:34:46] qwen3_14b_nothink_weather cases_001  steps  31- 39: 13.0s  total: 44.3s  (40/100)
[2026-04-21 20:35:00] qwen3_14b_nothink_weather cases_001  steps  41- 49: 14.0s  total: 58.3s  (50/100)
[2026-04-21 20:35:13] qwen3_14b_nothink_weather cases_001  steps  51- 59: 12.5s  total: 70.8s  (60/100)
[2026-04-21 20:35:26] qwen3_14b_nothink_weather cases_001  steps  61- 69: 13.6s  total: 84.4s  (70/100)
[2026-04-21 20:35:39] qwen3_14b_nothink_weather cases_001  steps  71- 79: 12.3s  total: 96.7s  (80/100)
[2026-04-21 20:35:51] qwen3_14b_nothink_weather cases_001  steps  81- 89: 12.3s  total: 109.0s  (90/100)
[2026-04-21 20:36:03] qwen3_14b_nothink_weather cases_001  steps  91- 99: 12.4s  total: 121.4s  (100/100)
[2026-04-21 20:36:04] DONE qwen3_14b_nothink_weather cases_001  total: 121.4s  (1.21s/step)
[2026-04-21 20:36:04]   tokens: 117,864 in + 4,648 out (reasoning: 0)  cost: $0.0000
[2026-04-21 20:36:04] START qwen3_14b_nothink_weather cases_002 (100 steps, two-turn)
[2026-04-21 20:36:13] qwen3_14b_nothink_weather cases_002  steps   1-  9: 9.4s  total: 9.4s  (10/100)
[2026-04-21 20:36:23] qwen3_14b_nothink_weather cases_002  steps  11- 19: 9.5s  total: 18.8s  (20/100)
[2026-04-21 20:36:32] qwen3_14b_nothink_weather cases_002  steps  21- 29: 9.5s  total: 28.3s  (30/100)
[2026-04-21 20:36:41] qwen3_14b_nothink_weather cases_002  steps  31- 39: 9.4s  total: 37.7s  (40/100)
[2026-04-21 20:36:51] qwen3_14b_nothink_weather cases_002  steps  41- 49: 9.4s  total: 47.2s  (50/100)
[2026-04-21 20:37:00] qwen3_14b_nothink_weather cases_002  steps  51- 59: 9.5s  total: 56.6s  (60/100)
[2026-04-21 20:37:10] qwen3_14b_nothink_weather cases_002  steps  61- 69: 9.4s  total: 66.1s  (70/100)
[2026-04-21 20:37:19] qwen3_14b_nothink_weather cases_002  steps  71- 79: 9.5s  total: 75.5s  (80/100)
[2026-04-21 20:37:29] qwen3_14b_nothink_weather cases_002  steps  81- 89: 9.5s  total: 85.0s  (90/100)
[2026-04-21 20:37:38] qwen3_14b_nothink_weather cases_002  steps  91- 99: 9.5s  total: 94.5s  (100/100)
[2026-04-21 20:37:39] DONE qwen3_14b_nothink_weather cases_002  total: 94.5s  (0.94s/step)
[2026-04-21 20:37:39]   tokens: 115,752 in + 3,594 out (reasoning: 0)  cost: $0.0000
[2026-04-21 20:37:39] START qwen3_14b_nothink_weather cases_003 (100 steps, two-turn)
[2026-04-21 20:37:48] qwen3_14b_nothink_weather cases_003  steps   1-  9: 9.7s  total: 9.7s  (10/100)
[2026-04-21 20:37:59] qwen3_14b_nothink_weather cases_003  steps  11- 19: 10.6s  total: 20.3s  (20/100)
[2026-04-21 20:38:09] qwen3_14b_nothink_weather cases_003  steps  21- 29: 10.3s  total: 30.6s  (30/100)
[2026-04-21 20:38:23] qwen3_14b_nothink_weather cases_003  steps  31- 39: 13.8s  total: 44.4s  (40/100)
[2026-04-21 20:38:34] qwen3_14b_nothink_weather cases_003  steps  41- 49: 10.9s  total: 55.3s  (50/100)
[2026-04-21 20:38:43] qwen3_14b_nothink_weather cases_003  steps  51- 59: 8.8s  total: 64.1s  (60/100)
[2026-04-21 20:38:52] qwen3_14b_nothink_weather cases_003  steps  61- 69: 9.6s  total: 73.7s  (70/100)
[2026-04-21 20:39:02] qwen3_14b_nothink_weather cases_003  steps  71- 79: 9.3s  total: 82.9s  (80/100)
[2026-04-21 20:39:12] qwen3_14b_nothink_weather cases_003  steps  81- 89: 10.6s  total: 93.5s  (90/100)
[2026-04-21 20:39:22] qwen3_14b_nothink_weather cases_003  steps  91- 99: 10.1s  total: 103.7s  (100/100)
[2026-04-21 20:39:23] DONE qwen3_14b_nothink_weather cases_003  total: 103.7s  (1.04s/step)
[2026-04-21 20:39:23]   tokens: 116,450 in + 3,928 out (reasoning: 0)  cost: $0.0000
[2026-04-21 20:39:23] START qwen3_14b_nothink_weather cases_004 (100 steps, two-turn)
[2026-04-21 20:39:32] qwen3_14b_nothink_weather cases_004  steps   1-  9: 9.2s  total: 9.2s  (10/100)
[2026-04-21 20:39:42] qwen3_14b_nothink_weather cases_004  steps  11- 19: 9.9s  total: 19.1s  (20/100)
[2026-04-21 20:39:52] qwen3_14b_nothink_weather cases_004  steps  21- 29: 10.1s  total: 29.2s  (30/100)
[2026-04-21 20:40:04] qwen3_14b_nothink_weather cases_004  steps  31- 39: 12.0s  total: 41.2s  (40/100)
[2026-04-21 20:40:16] qwen3_14b_nothink_weather cases_004  steps  41- 49: 11.9s  total: 53.1s  (50/100)
[2026-04-21 20:40:30] qwen3_14b_nothink_weather cases_004  steps  51- 59: 13.7s  total: 66.8s  (60/100)
[2026-04-21 20:40:42] qwen3_14b_nothink_weather cases_004  steps  61- 69: 12.1s  total: 78.8s  (70/100)
[2026-04-21 20:40:55] qwen3_14b_nothink_weather cases_004  steps  71- 79: 13.4s  total: 92.3s  (80/100)
[2026-04-21 20:41:09] qwen3_14b_nothink_weather cases_004  steps  81- 89: 13.6s  total: 105.9s  (90/100)
[2026-04-21 20:41:24] qwen3_14b_nothink_weather cases_004  steps  91- 99: 15.2s  total: 121.1s  (100/100)
[2026-04-21 20:41:24] DONE qwen3_14b_nothink_weather cases_004  total: 121.1s  (1.21s/step)
[2026-04-21 20:41:24]   tokens: 117,822 in + 4,643 out (reasoning: 0)  cost: $0.0000
[2026-04-21 20:41:24] START qwen3_14b_nothink_weather cases_005 (100 steps, two-turn)
[2026-04-21 20:41:33] qwen3_14b_nothink_weather cases_005  steps   1-  9: 9.0s  total: 9.0s  (10/100)
[2026-04-21 20:41:43] qwen3_14b_nothink_weather cases_005  steps  11- 19: 9.7s  total: 18.6s  (20/100)
[2026-04-21 20:41:55] qwen3_14b_nothink_weather cases_005  steps  21- 29: 11.9s  total: 30.6s  (30/100)
[2026-04-21 20:42:07] qwen3_14b_nothink_weather cases_005  steps  31- 39: 12.5s  total: 43.1s  (40/100)
[2026-04-21 20:42:20] qwen3_14b_nothink_weather cases_005  steps  41- 49: 12.7s  total: 55.8s  (50/100)
[2026-04-21 20:42:33] qwen3_14b_nothink_weather cases_005  steps  51- 59: 12.9s  total: 68.7s  (60/100)
[2026-04-21 20:42:46] qwen3_14b_nothink_weather cases_005  steps  61- 69: 13.0s  total: 81.7s  (70/100)
[2026-04-21 20:42:56] qwen3_14b_nothink_weather cases_005  steps  71- 79: 10.1s  total: 91.8s  (80/100)
[2026-04-21 20:43:07] qwen3_14b_nothink_weather cases_005  steps  81- 89: 10.6s  total: 102.4s  (90/100)
[2026-04-21 20:43:22] qwen3_14b_nothink_weather cases_005  steps  91- 99: 15.3s  total: 117.7s  (100/100)
[2026-04-21 20:43:23] DONE qwen3_14b_nothink_weather cases_005  total: 117.7s  (1.18s/step)
[2026-04-21 20:43:23]   tokens: 117,544 in + 4,506 out (reasoning: 0)  cost: $0.0000
[2026-04-21 20:43:23] START qwen3_14b_nothink_weather cases_006 (100 steps, two-turn)
[2026-04-21 20:43:31] qwen3_14b_nothink_weather cases_006  steps   1-  9: 8.3s  total: 8.3s  (10/100)
[2026-04-21 20:43:43] qwen3_14b_nothink_weather cases_006  steps  11- 19: 12.0s  total: 20.3s  (20/100)
[2026-04-21 20:43:52] qwen3_14b_nothink_weather cases_006  steps  21- 29: 9.5s  total: 29.8s  (30/100)
[2026-04-21 20:44:02] qwen3_14b_nothink_weather cases_006  steps  31- 39: 9.7s  total: 39.4s  (40/100)
[2026-04-21 20:44:13] qwen3_14b_nothink_weather cases_006  steps  41- 49: 11.4s  total: 50.8s  (50/100)
[2026-04-21 20:44:25] qwen3_14b_nothink_weather cases_006  steps  51- 59: 11.3s  total: 62.1s  (60/100)
[2026-04-21 20:44:35] qwen3_14b_nothink_weather cases_006  steps  61- 69: 9.8s  total: 71.9s  (70/100)
[2026-04-21 20:44:45] qwen3_14b_nothink_weather cases_006  steps  71- 79: 10.9s  total: 82.9s  (80/100)
[2026-04-21 20:44:58] qwen3_14b_nothink_weather cases_006  steps  81- 89: 12.1s  total: 95.0s  (90/100)
[2026-04-21 20:45:09] qwen3_14b_nothink_weather cases_006  steps  91- 99: 11.7s  total: 106.7s  (100/100)
[2026-04-21 20:45:10] DONE qwen3_14b_nothink_weather cases_006  total: 106.7s  (1.07s/step)
[2026-04-21 20:45:10]   tokens: 116,678 in + 4,055 out (reasoning: 0)  cost: $0.0000
[2026-04-21 20:45:10] START qwen3_14b_nothink_weather cases_007 (100 steps, two-turn)
[2026-04-21 20:45:19] qwen3_14b_nothink_weather cases_007  steps   1-  9: 9.5s  total: 9.5s  (10/100)
[2026-04-21 20:45:29] qwen3_14b_nothink_weather cases_007  steps  11- 19: 9.9s  total: 19.4s  (20/100)
[2026-04-21 20:45:39] qwen3_14b_nothink_weather cases_007  steps  21- 29: 9.8s  total: 29.2s  (30/100)
[2026-04-21 20:45:52] qwen3_14b_nothink_weather cases_007  steps  31- 39: 13.3s  total: 42.5s  (40/100)
[2026-04-21 20:46:07] qwen3_14b_nothink_weather cases_007  steps  41- 49: 14.6s  total: 57.1s  (50/100)
[2026-04-21 20:46:17] qwen3_14b_nothink_weather cases_007  steps  51- 59: 10.1s  total: 67.2s  (60/100)
[2026-04-21 20:46:30] qwen3_14b_nothink_weather cases_007  steps  61- 69: 12.6s  total: 79.9s  (70/100)
[2026-04-21 20:46:40] qwen3_14b_nothink_weather cases_007  steps  71- 79: 10.3s  total: 90.1s  (80/100)
[2026-04-21 20:46:50] qwen3_14b_nothink_weather cases_007  steps  81- 89: 9.8s  total: 100.0s  (90/100)
[2026-04-21 20:46:59] qwen3_14b_nothink_weather cases_007  steps  91- 99: 9.3s  total: 109.3s  (100/100)
[2026-04-21 20:46:59] DONE qwen3_14b_nothink_weather cases_007  total: 109.3s  (1.09s/step)
[2026-04-21 20:46:59]   tokens: 116,900 in + 4,171 out (reasoning: 0)  cost: $0.0000
[2026-04-21 20:47:00] START qwen3_14b_nothink_weather cases_008 (100 steps, two-turn)
[2026-04-21 20:47:10] qwen3_14b_nothink_weather cases_008  steps   1-  9: 10.4s  total: 10.4s  (10/100)
[2026-04-21 20:47:20] qwen3_14b_nothink_weather cases_008  steps  11- 19: 10.2s  total: 20.7s  (20/100)
[2026-04-21 20:47:30] qwen3_14b_nothink_weather cases_008  steps  21- 29: 10.2s  total: 30.9s  (30/100)
[2026-04-21 20:47:41] qwen3_14b_nothink_weather cases_008  steps  31- 39: 11.0s  total: 41.9s  (40/100)
[2026-04-21 20:47:52] qwen3_14b_nothink_weather cases_008  steps  41- 49: 10.1s  total: 52.0s  (50/100)
[2026-04-21 20:48:04] qwen3_14b_nothink_weather cases_008  steps  51- 59: 12.0s  total: 64.0s  (60/100)
[2026-04-21 20:48:14] qwen3_14b_nothink_weather cases_008  steps  61- 69: 10.8s  total: 74.8s  (70/100)
[2026-04-21 20:48:25] qwen3_14b_nothink_weather cases_008  steps  71- 79: 10.5s  total: 85.3s  (80/100)
[2026-04-21 20:48:33] qwen3_14b_nothink_weather cases_008  steps  81- 89: 8.6s  total: 93.9s  (90/100)
[2026-04-21 20:48:42] qwen3_14b_nothink_weather cases_008  steps  91- 99: 8.6s  total: 102.5s  (100/100)
[2026-04-21 20:48:42] DONE qwen3_14b_nothink_weather cases_008  total: 102.5s  (1.02s/step)
[2026-04-21 20:48:42]   tokens: 116,378 in + 3,894 out (reasoning: 0)  cost: $0.0000
[2026-04-21 20:48:42] START qwen3_14b_nothink_weather cases_009 (100 steps, two-turn)
[2026-04-21 20:48:55] qwen3_14b_nothink_weather cases_009  steps   1-  9: 12.1s  total: 12.1s  (10/100)
[2026-04-21 20:49:11] qwen3_14b_nothink_weather cases_009  steps  11- 19: 15.9s  total: 28.1s  (20/100)
[2026-04-21 20:49:21] qwen3_14b_nothink_weather cases_009  steps  21- 29: 10.8s  total: 38.8s  (30/100)
[2026-04-21 20:49:32] qwen3_14b_nothink_weather cases_009  steps  31- 39: 10.9s  total: 49.7s  (40/100)
[2026-04-21 20:49:44] qwen3_14b_nothink_weather cases_009  steps  41- 49: 11.7s  total: 61.4s  (50/100)
[2026-04-21 20:49:56] qwen3_14b_nothink_weather cases_009  steps  51- 59: 12.2s  total: 73.6s  (60/100)
[2026-04-21 20:50:08] qwen3_14b_nothink_weather cases_009  steps  61- 69: 11.7s  total: 85.3s  (70/100)
[2026-04-21 20:50:18] qwen3_14b_nothink_weather cases_009  steps  71- 79: 10.6s  total: 95.9s  (80/100)
[2026-04-21 20:50:27] qwen3_14b_nothink_weather cases_009  steps  81- 89: 8.3s  total: 104.3s  (90/100)
[2026-04-21 20:50:36] qwen3_14b_nothink_weather cases_009  steps  91- 99: 8.8s  total: 113.1s  (100/100)
[2026-04-21 20:50:36] DONE qwen3_14b_nothink_weather cases_009  total: 113.1s  (1.13s/step)
[2026-04-21 20:50:36]   tokens: 117,226 in + 4,323 out (reasoning: 0)  cost: $0.0000
[2026-04-21 20:50:36] START qwen3_14b_think1024_weather cases_000 (100 steps, two-turn)
[2026-04-21 20:54:26] qwen3_14b_think1024_weather cases_000  steps   1-  9: 229.7s  total: 229.7s  (10/100)
[2026-04-21 20:59:20] qwen3_14b_think1024_weather cases_000  steps  11- 19: 294.4s  total: 524.1s  (20/100)
[2026-04-21 21:03:44] qwen3_14b_think1024_weather cases_000  steps  21- 29: 264.2s  total: 788.3s  (30/100)
[2026-04-21 21:07:55] qwen3_14b_think1024_weather cases_000  steps  31- 39: 250.2s  total: 1038.5s  (40/100)
[2026-04-21 21:12:14] qwen3_14b_think1024_weather cases_000  steps  41- 49: 259.1s  total: 1297.6s  (50/100)
[2026-04-21 21:15:44] qwen3_14b_think1024_weather cases_000  steps  51- 59: 209.8s  total: 1507.5s  (60/100)
[2026-04-21 21:18:37] START qwen3_14b_nothink_online cases_000 (10 steps, two-turn)
[2026-04-21 21:18:45] qwen3_14b_nothink_online cases_000  steps   1-  9: 8.2s  total: 8.2s  (10/10)
[2026-04-21 21:18:46] DONE qwen3_14b_nothink_online cases_000  total: 8.2s  (0.82s/step)
[2026-04-21 21:18:46]   tokens: 10,040 in + 271 out (reasoning: 0)  cost: $0.0000
[2026-04-21 21:19:14] qwen3_14b_think1024_weather cases_000  steps  61- 69: 210.0s  total: 1717.5s  (70/100)
[2026-04-21 21:22:16] qwen3_14b_think1024_weather cases_000  steps  71- 79: 182.9s  total: 1900.5s  (80/100)
[2026-04-21 21:25:44] qwen3_14b_think1024_weather cases_000  steps  81- 89: 207.5s  total: 2108.0s  (90/100)
[2026-04-21 21:30:17] qwen3_14b_think1024_weather cases_000  steps  91- 99: 273.2s  total: 2381.2s  (100/100)
[2026-04-21 21:30:18] DONE qwen3_14b_think1024_weather cases_000  total: 2381.2s  (23.81s/step)
[2026-04-21 21:30:18]   tokens: 113,936 in + 96,270 out (reasoning: 0)  cost: $0.0000
[2026-04-21 21:30:18] START qwen3_14b_think1024_weather cases_001 (100 steps, two-turn)
[2026-04-21 21:34:16] qwen3_14b_think1024_weather cases_001  steps   1-  9: 238.6s  total: 238.6s  (10/100)
[2026-04-21 21:37:54] qwen3_14b_think1024_weather cases_001  steps  11- 19: 218.1s  total: 456.7s  (20/100)
[2026-04-21 21:38:56] START qwen3_14b_nothink_online cases_000 (100 steps, two-turn)
[2026-04-21 21:39:08] qwen3_14b_nothink_online cases_000  steps   1-  9: 12.1s  total: 12.1s  (10/100)
[2026-04-21 21:39:19] qwen3_14b_nothink_online cases_000  steps  11- 19: 11.3s  total: 23.4s  (20/100)
[2026-04-21 21:39:25] START qwen3_14b_nothink_online cases_000 (100 steps, two-turn)
[2026-04-21 21:39:34] qwen3_14b_nothink_online cases_000  steps   1-  9: 8.8s  total: 8.8s  (10/100)
[2026-04-21 21:39:42] qwen3_14b_nothink_online cases_000  steps  11- 19: 8.6s  total: 17.4s  (20/100)
[2026-04-21 21:39:53] qwen3_14b_nothink_online cases_000  steps  21- 29: 10.3s  total: 27.7s  (30/100)
[2026-04-21 21:40:03] qwen3_14b_nothink_online cases_000  steps  31- 39: 10.7s  total: 38.5s  (40/100)
[2026-04-21 21:40:15] qwen3_14b_nothink_online cases_000  steps  41- 49: 11.3s  total: 49.8s  (50/100)
[2026-04-21 21:40:23] qwen3_14b_nothink_online cases_000  steps  51- 59: 8.4s  total: 58.2s  (60/100)
[2026-04-21 21:40:32] qwen3_14b_nothink_online cases_000  steps  61- 69: 9.0s  total: 67.2s  (70/100)
[2026-04-21 21:40:40] qwen3_14b_nothink_online cases_000  steps  71- 79: 8.3s  total: 75.6s  (80/100)
[2026-04-21 21:40:48] qwen3_14b_nothink_online cases_000  steps  81- 89: 7.9s  total: 83.4s  (90/100)
[2026-04-21 21:40:58] qwen3_14b_nothink_online cases_000  steps  91- 99: 9.4s  total: 92.8s  (100/100)
[2026-04-21 21:40:58] DONE qwen3_14b_nothink_online cases_000  total: 92.8s  (0.93s/step)
[2026-04-21 21:40:58]   tokens: 102,080 in + 3,499 out (reasoning: 0)  cost: $0.0000
[2026-04-21 21:40:58] START qwen3_14b_nothink_online cases_001 (100 steps, two-turn)
[2026-04-21 21:41:05] qwen3_14b_nothink_online cases_001  steps   1-  9: 6.4s  total: 6.4s  (10/100)
[2026-04-21 21:41:13] qwen3_14b_nothink_online cases_001  steps  11- 19: 7.7s  total: 14.1s  (20/100)
[2026-04-21 21:41:25] qwen3_14b_nothink_online cases_001  steps  21- 29: 12.8s  total: 26.9s  (30/100)
[2026-04-21 21:41:38] qwen3_14b_nothink_online cases_001  steps  31- 39: 12.2s  total: 39.1s  (40/100)
[2026-04-21 21:41:47] qwen3_14b_nothink_online cases_001  steps  41- 49: 9.4s  total: 48.5s  (50/100)
[2026-04-21 21:41:57] qwen3_14b_nothink_online cases_001  steps  51- 59: 9.7s  total: 58.2s  (60/100)
[2026-04-21 21:42:08] qwen3_14b_nothink_online cases_001  steps  61- 69: 11.6s  total: 69.8s  (70/100)
[2026-04-21 21:42:20] qwen3_14b_nothink_online cases_001  steps  71- 79: 12.0s  total: 81.8s  (80/100)
[2026-04-21 21:42:33] qwen3_14b_nothink_online cases_001  steps  81- 89: 12.3s  total: 94.2s  (90/100)
[2026-04-21 21:42:45] qwen3_14b_nothink_online cases_001  steps  91- 99: 12.0s  total: 106.2s  (100/100)
[2026-04-21 21:42:45] DONE qwen3_14b_nothink_online cases_001  total: 106.2s  (1.06s/step)
[2026-04-21 21:42:45]   tokens: 103,306 in + 4,064 out (reasoning: 0)  cost: $0.0000
[2026-04-21 21:42:45] START qwen3_14b_nothink_online cases_002 (100 steps, two-turn)
[2026-04-21 21:42:57] qwen3_14b_nothink_online cases_002  steps   1-  9: 12.4s  total: 12.4s  (10/100)
[2026-04-21 21:43:09] qwen3_14b_nothink_online cases_002  steps  11- 19: 12.0s  total: 24.4s  (20/100)
[2026-04-21 21:43:21] qwen3_14b_nothink_online cases_002  steps  21- 29: 11.9s  total: 36.3s  (30/100)
[2026-04-21 21:43:33] qwen3_14b_nothink_online cases_002  steps  31- 39: 11.9s  total: 48.2s  (40/100)
[2026-04-21 21:43:47] qwen3_14b_nothink_online cases_002  steps  41- 49: 13.3s  total: 61.5s  (50/100)
[2026-04-21 21:43:58] qwen3_14b_nothink_online cases_002  steps  51- 59: 11.6s  total: 73.1s  (60/100)
[2026-04-21 21:44:08] qwen3_14b_nothink_online cases_002  steps  61- 69: 9.7s  total: 82.8s  (70/100)
[2026-04-21 21:44:20] qwen3_14b_nothink_online cases_002  steps  71- 79: 12.0s  total: 94.8s  (80/100)
[2026-04-21 21:44:32] qwen3_14b_nothink_online cases_002  steps  81- 89: 12.5s  total: 107.3s  (90/100)
[2026-04-21 21:44:45] qwen3_14b_nothink_online cases_002  steps  91- 99: 12.5s  total: 119.9s  (100/100)
[2026-04-21 21:44:45] DONE qwen3_14b_nothink_online cases_002  total: 119.9s  (1.20s/step)
[2026-04-21 21:44:45]   tokens: 104,356 in + 4,603 out (reasoning: 0)  cost: $0.0000
[2026-04-21 21:44:45] START qwen3_14b_nothink_online cases_003 (100 steps, two-turn)
[2026-04-21 21:44:51] qwen3_14b_nothink_online cases_003  steps   1-  9: 5.8s  total: 5.8s  (10/100)
[2026-04-21 21:44:59] qwen3_14b_nothink_online cases_003  steps  11- 19: 8.2s  total: 14.0s  (20/100)
[2026-04-21 21:45:10] qwen3_14b_nothink_online cases_003  steps  21- 29: 10.3s  total: 24.3s  (30/100)
[2026-04-21 21:45:20] qwen3_14b_nothink_online cases_003  steps  31- 39: 10.1s  total: 34.4s  (40/100)
[2026-04-21 21:45:27] qwen3_14b_nothink_online cases_003  steps  41- 49: 7.4s  total: 41.8s  (50/100)
[2026-04-21 21:45:35] qwen3_14b_nothink_online cases_003  steps  51- 59: 7.7s  total: 49.6s  (60/100)
[2026-04-21 21:45:43] qwen3_14b_nothink_online cases_003  steps  61- 69: 8.0s  total: 57.6s  (70/100)
[2026-04-21 21:45:51] qwen3_14b_nothink_online cases_003  steps  71- 79: 7.9s  total: 65.5s  (80/100)
[2026-04-21 21:45:59] qwen3_14b_nothink_online cases_003  steps  81- 89: 8.2s  total: 73.7s  (90/100)
[2026-04-21 21:46:07] qwen3_14b_nothink_online cases_003  steps  91- 99: 8.0s  total: 81.7s  (100/100)
[2026-04-21 21:46:08] DONE qwen3_14b_nothink_online cases_003  total: 81.7s  (0.82s/step)
[2026-04-21 21:46:08]   tokens: 101,222 in + 3,066 out (reasoning: 0)  cost: $0.0000
[2026-04-21 21:46:08] START qwen3_14b_nothink_online cases_004 (100 steps, two-turn)
[2026-04-21 21:46:15] qwen3_14b_nothink_online cases_004  steps   1-  9: 7.5s  total: 7.5s  (10/100)
[2026-04-21 21:46:23] qwen3_14b_nothink_online cases_004  steps  11- 19: 7.6s  total: 15.1s  (20/100)
[2026-04-21 21:46:30] qwen3_14b_nothink_online cases_004  steps  21- 29: 7.5s  total: 22.7s  (30/100)
[2026-04-21 21:46:38] qwen3_14b_nothink_online cases_004  steps  31- 39: 8.0s  total: 30.6s  (40/100)
[2026-04-21 21:46:48] qwen3_14b_nothink_online cases_004  steps  41- 49: 9.5s  total: 40.1s  (50/100)
[2026-04-21 21:46:58] qwen3_14b_nothink_online cases_004  steps  51- 59: 10.0s  total: 50.1s  (60/100)
[2026-04-21 21:47:09] qwen3_14b_nothink_online cases_004  steps  61- 69: 11.1s  total: 61.2s  (70/100)
[2026-04-21 21:47:17] qwen3_14b_nothink_online cases_004  steps  71- 79: 8.0s  total: 69.2s  (80/100)
[2026-04-21 21:47:24] qwen3_14b_nothink_online cases_004  steps  81- 89: 7.6s  total: 76.8s  (90/100)
[2026-04-21 21:47:32] qwen3_14b_nothink_online cases_004  steps  91- 99: 7.9s  total: 84.7s  (100/100)
[2026-04-21 21:47:33] DONE qwen3_14b_nothink_online cases_004  total: 84.7s  (0.85s/step)
[2026-04-21 21:47:33]   tokens: 101,544 in + 3,181 out (reasoning: 0)  cost: $0.0000
[2026-04-21 21:47:33] START qwen3_14b_nothink_online cases_005 (100 steps, two-turn)
[2026-04-21 21:47:42] qwen3_14b_nothink_online cases_005  steps   1-  9: 8.9s  total: 8.9s  (10/100)
[2026-04-21 21:47:49] qwen3_14b_nothink_online cases_005  steps  11- 19: 7.5s  total: 16.3s  (20/100)
[2026-04-21 21:47:57] qwen3_14b_nothink_online cases_005  steps  21- 29: 8.1s  total: 24.4s  (30/100)
[2026-04-21 21:48:05] qwen3_14b_nothink_online cases_005  steps  31- 39: 8.2s  total: 32.7s  (40/100)
[2026-04-21 21:48:14] qwen3_14b_nothink_online cases_005  steps  41- 49: 8.4s  total: 41.1s  (50/100)
[2026-04-21 21:48:22] qwen3_14b_nothink_online cases_005  steps  51- 59: 8.3s  total: 49.4s  (60/100)
[2026-04-21 21:48:31] qwen3_14b_nothink_online cases_005  steps  61- 69: 8.4s  total: 57.8s  (70/100)
[2026-04-21 21:48:39] qwen3_14b_nothink_online cases_005  steps  71- 79: 8.4s  total: 66.2s  (80/100)
[2026-04-21 21:48:47] qwen3_14b_nothink_online cases_005  steps  81- 89: 8.4s  total: 74.6s  (90/100)
[2026-04-21 21:48:56] qwen3_14b_nothink_online cases_005  steps  91- 99: 8.4s  total: 83.0s  (100/100)
[2026-04-21 21:48:56] DONE qwen3_14b_nothink_online cases_005  total: 83.0s  (0.83s/step)
[2026-04-21 21:48:56]   tokens: 101,284 in + 3,123 out (reasoning: 0)  cost: $0.0000
[2026-04-21 21:48:56] START qwen3_14b_nothink_online cases_006 (100 steps, two-turn)
[2026-04-21 21:49:05] qwen3_14b_nothink_online cases_006  steps   1-  9: 8.4s  total: 8.4s  (10/100)
[2026-04-21 21:49:14] qwen3_14b_nothink_online cases_006  steps  11- 19: 8.9s  total: 17.3s  (20/100)
[2026-04-21 21:49:22] qwen3_14b_nothink_online cases_006  steps  21- 29: 8.8s  total: 26.1s  (30/100)
[2026-04-21 21:49:31] qwen3_14b_nothink_online cases_006  steps  31- 39: 8.9s  total: 35.0s  (40/100)
[2026-04-21 21:49:40] qwen3_14b_nothink_online cases_006  steps  41- 49: 8.8s  total: 43.8s  (50/100)
[2026-04-21 21:49:49] qwen3_14b_nothink_online cases_006  steps  51- 59: 8.8s  total: 52.6s  (60/100)
[2026-04-21 21:49:58] qwen3_14b_nothink_online cases_006  steps  61- 69: 8.9s  total: 61.5s  (70/100)
[2026-04-21 21:50:07] qwen3_14b_nothink_online cases_006  steps  71- 79: 8.9s  total: 70.4s  (80/100)
[2026-04-21 21:50:16] qwen3_14b_nothink_online cases_006  steps  81- 89: 8.9s  total: 79.4s  (90/100)
[2026-04-21 21:50:25] qwen3_14b_nothink_online cases_006  steps  91- 99: 8.9s  total: 88.3s  (100/100)
[2026-04-21 21:50:25] DONE qwen3_14b_nothink_online cases_006  total: 88.3s  (0.88s/step)
[2026-04-21 21:50:25]   tokens: 101,620 in + 3,350 out (reasoning: 0)  cost: $0.0000
[2026-04-21 21:50:25] START qwen3_14b_nothink_online cases_007 (100 steps, two-turn)
[2026-04-21 21:50:32] qwen3_14b_nothink_online cases_007  steps   1-  9: 6.6s  total: 6.6s  (10/100)
[2026-04-21 21:50:38] qwen3_14b_nothink_online cases_007  steps  11- 19: 6.8s  total: 13.4s  (20/100)
[2026-04-21 21:50:47] qwen3_14b_nothink_online cases_007  steps  21- 29: 8.3s  total: 21.7s  (30/100)
[2026-04-21 21:50:55] qwen3_14b_nothink_online cases_007  steps  31- 39: 8.4s  total: 30.1s  (40/100)
[2026-04-21 21:51:03] qwen3_14b_nothink_online cases_007  steps  41- 49: 8.3s  total: 38.3s  (50/100)
[2026-04-21 21:51:12] qwen3_14b_nothink_online cases_007  steps  51- 59: 8.5s  total: 46.8s  (60/100)
[2026-04-21 21:51:20] qwen3_14b_nothink_online cases_007  steps  61- 69: 8.4s  total: 55.2s  (70/100)
[2026-04-21 21:51:29] qwen3_14b_nothink_online cases_007  steps  71- 79: 8.4s  total: 63.6s  (80/100)
[2026-04-21 21:51:37] qwen3_14b_nothink_online cases_007  steps  81- 89: 8.5s  total: 72.0s  (90/100)
[2026-04-21 21:51:45] qwen3_14b_nothink_online cases_007  steps  91- 99: 8.5s  total: 80.5s  (100/100)
[2026-04-21 21:51:46] DONE qwen3_14b_nothink_online cases_007  total: 80.5s  (0.80s/step)
[2026-04-21 21:51:46]   tokens: 101,174 in + 3,027 out (reasoning: 0)  cost: $0.0000
[2026-04-21 21:51:46] START qwen3_14b_nothink_online cases_008 (100 steps, two-turn)
[2026-04-21 21:51:53] qwen3_14b_nothink_online cases_008  steps   1-  9: 7.5s  total: 7.5s  (10/100)
[2026-04-21 21:52:02] qwen3_14b_nothink_online cases_008  steps  11- 19: 8.8s  total: 16.3s  (20/100)
[2026-04-21 21:52:11] qwen3_14b_nothink_online cases_008  steps  21- 29: 8.5s  total: 24.8s  (30/100)
[2026-04-21 21:52:19] qwen3_14b_nothink_online cases_008  steps  31- 39: 8.7s  total: 33.5s  (40/100)
[2026-04-21 21:52:28] qwen3_14b_nothink_online cases_008  steps  41- 49: 8.6s  total: 42.1s  (50/100)
[2026-04-21 21:52:37] qwen3_14b_nothink_online cases_008  steps  51- 59: 8.6s  total: 50.7s  (60/100)
[2026-04-21 21:52:45] qwen3_14b_nothink_online cases_008  steps  61- 69: 8.6s  total: 59.3s  (70/100)
[2026-04-21 21:52:54] qwen3_14b_nothink_online cases_008  steps  71- 79: 8.7s  total: 68.0s  (80/100)
[2026-04-21 21:53:03] qwen3_14b_nothink_online cases_008  steps  81- 89: 8.6s  total: 76.6s  (90/100)
[2026-04-21 21:53:11] qwen3_14b_nothink_online cases_008  steps  91- 99: 8.6s  total: 85.3s  (100/100)
[2026-04-21 21:53:12] DONE qwen3_14b_nothink_online cases_008  total: 85.3s  (0.85s/step)
[2026-04-21 21:53:12]   tokens: 101,358 in + 3,212 out (reasoning: 0)  cost: $0.0000
[2026-04-21 21:53:12] START qwen3_14b_nothink_online cases_009 (100 steps, two-turn)
[2026-04-21 21:53:19] qwen3_14b_nothink_online cases_009  steps   1-  9: 6.8s  total: 6.8s  (10/100)
[2026-04-21 21:53:27] qwen3_14b_nothink_online cases_009  steps  11- 19: 8.0s  total: 14.8s  (20/100)
[2026-04-21 21:53:35] qwen3_14b_nothink_online cases_009  steps  21- 29: 8.1s  total: 22.9s  (30/100)
[2026-04-21 21:53:45] qwen3_14b_nothink_online cases_009  steps  31- 39: 10.5s  total: 33.4s  (40/100)
[2026-04-21 21:53:58] qwen3_14b_nothink_online cases_009  steps  41- 49: 13.2s  total: 46.6s  (50/100)
[2026-04-21 21:54:11] qwen3_14b_nothink_online cases_009  steps  51- 59: 12.3s  total: 58.9s  (60/100)
[2026-04-21 21:54:17] qwen3_14b_nothink_online cases_009  steps  61- 69: 6.6s  total: 65.5s  (70/100)
[2026-04-21 21:54:26] qwen3_14b_nothink_online cases_009  steps  71- 79: 9.1s  total: 74.6s  (80/100)
[2026-04-21 21:54:35] qwen3_14b_nothink_online cases_009  steps  81- 89: 8.2s  total: 82.8s  (90/100)
[2026-04-21 21:54:42] qwen3_14b_nothink_online cases_009  steps  91- 99: 7.3s  total: 90.1s  (100/100)
[2026-04-21 21:54:42] DONE qwen3_14b_nothink_online cases_009  total: 90.1s  (0.90s/step)
[2026-04-21 21:54:42]   tokens: 101,934 in + 3,388 out (reasoning: 0)  cost: $0.0000
[2026-04-21 21:54:42] START qwen3_14b_nothink_weather cases_000 (100 steps, two-turn)
[2026-04-21 21:54:51] qwen3_14b_nothink_weather cases_000  steps   1-  9: 8.3s  total: 8.3s  (10/100)
[2026-04-21 21:54:59] qwen3_14b_nothink_weather cases_000  steps  11- 19: 8.2s  total: 16.4s  (20/100)
[2026-04-21 21:55:08] qwen3_14b_nothink_weather cases_000  steps  21- 29: 9.5s  total: 26.0s  (30/100)
[2026-04-21 21:55:25] qwen3_14b_nothink_weather cases_000  steps  31- 39: 16.8s  total: 42.8s  (40/100)
[2026-04-21 21:55:50] qwen3_14b_nothink_weather cases_000  steps  41- 49: 25.1s  total: 67.8s  (50/100)
[2026-04-21 21:55:59] qwen3_14b_nothink_weather cases_000  steps  51- 59: 9.2s  total: 77.0s  (60/100)
[2026-04-21 21:56:10] qwen3_14b_nothink_weather cases_000  steps  61- 69: 10.2s  total: 87.2s  (70/100)
[2026-04-21 21:56:17] qwen3_14b_nothink_weather cases_000  steps  71- 79: 7.5s  total: 94.7s  (80/100)
[2026-04-21 21:56:26] qwen3_14b_nothink_weather cases_000  steps  81- 89: 8.8s  total: 103.5s  (90/100)
[2026-04-21 21:56:37] qwen3_14b_nothink_weather cases_000  steps  91- 99: 11.3s  total: 114.8s  (100/100)
[2026-04-21 21:56:38] DONE qwen3_14b_nothink_weather cases_000  total: 114.8s  (1.15s/step)
[2026-04-21 21:56:38]   tokens: 117,370 in + 4,393 out (reasoning: 0)  cost: $0.0000
[2026-04-21 21:56:38] START qwen3_14b_nothink_weather cases_001 (100 steps, two-turn)
[2026-04-21 21:56:47] qwen3_14b_nothink_weather cases_001  steps   1-  9: 9.0s  total: 9.0s  (10/100)
[2026-04-21 21:56:58] qwen3_14b_nothink_weather cases_001  steps  11- 19: 11.2s  total: 20.2s  (20/100)
[2026-04-21 21:57:09] qwen3_14b_nothink_weather cases_001  steps  21- 29: 11.2s  total: 31.4s  (30/100)
[2026-04-21 21:57:20] qwen3_14b_nothink_weather cases_001  steps  31- 39: 11.4s  total: 42.7s  (40/100)
[2026-04-21 21:57:31] qwen3_14b_nothink_weather cases_001  steps  41- 49: 10.9s  total: 53.6s  (50/100)
[2026-04-21 21:57:41] qwen3_14b_nothink_weather cases_001  steps  51- 59: 10.2s  total: 63.8s  (60/100)
[2026-04-21 21:57:52] qwen3_14b_nothink_weather cases_001  steps  61- 69: 10.7s  total: 74.5s  (70/100)
[2026-04-21 21:58:02] qwen3_14b_nothink_weather cases_001  steps  71- 79: 9.6s  total: 84.1s  (80/100)
[2026-04-21 21:58:12] qwen3_14b_nothink_weather cases_001  steps  81- 89: 9.9s  total: 94.0s  (90/100)
[2026-04-21 21:58:21] qwen3_14b_nothink_weather cases_001  steps  91- 99: 9.9s  total: 103.8s  (100/100)
[2026-04-21 21:58:22] DONE qwen3_14b_nothink_weather cases_001  total: 103.8s  (1.04s/step)
[2026-04-21 21:58:22]   tokens: 116,510 in + 3,953 out (reasoning: 0)  cost: $0.0000
[2026-04-21 21:58:22] START qwen3_14b_nothink_weather cases_002 (100 steps, two-turn)
[2026-04-21 21:58:32] qwen3_14b_nothink_weather cases_002  steps   1-  9: 9.9s  total: 9.9s  (10/100)
[2026-04-21 21:58:44] qwen3_14b_nothink_weather cases_002  steps  11- 19: 12.4s  total: 22.3s  (20/100)
[2026-04-21 21:58:59] qwen3_14b_nothink_weather cases_002  steps  21- 29: 14.9s  total: 37.1s  (30/100)
[2026-04-21 21:59:13] qwen3_14b_nothink_weather cases_002  steps  31- 39: 14.0s  total: 51.1s  (40/100)
[2026-04-21 21:59:27] qwen3_14b_nothink_weather cases_002  steps  41- 49: 14.3s  total: 65.4s  (50/100)
[2026-04-21 21:59:38] qwen3_14b_nothink_weather cases_002  steps  51- 59: 10.7s  total: 76.1s  (60/100)
[2026-04-21 21:59:51] qwen3_14b_nothink_weather cases_002  steps  61- 69: 13.3s  total: 89.4s  (70/100)
[2026-04-21 22:00:05] qwen3_14b_nothink_weather cases_002  steps  71- 79: 13.2s  total: 102.6s  (80/100)
[2026-04-21 22:00:19] qwen3_14b_nothink_weather cases_002  steps  81- 89: 14.3s  total: 117.0s  (90/100)
[2026-04-21 22:00:31] qwen3_14b_nothink_weather cases_002  steps  91- 99: 12.5s  total: 129.5s  (100/100)
[2026-04-21 22:00:32] DONE qwen3_14b_nothink_weather cases_002  total: 129.5s  (1.29s/step)
[2026-04-21 22:00:32]   tokens: 118,532 in + 4,982 out (reasoning: 0)  cost: $0.0000
[2026-04-21 22:00:32] START qwen3_14b_nothink_weather cases_003 (100 steps, two-turn)
[2026-04-21 22:00:43] qwen3_14b_nothink_weather cases_003  steps   1-  9: 11.0s  total: 11.0s  (10/100)
[2026-04-21 22:00:54] qwen3_14b_nothink_weather cases_003  steps  11- 19: 11.0s  total: 22.0s  (20/100)
[2026-04-21 22:01:05] qwen3_14b_nothink_weather cases_003  steps  21- 29: 11.5s  total: 33.5s  (30/100)
[2026-04-21 22:01:17] qwen3_14b_nothink_weather cases_003  steps  31- 39: 11.2s  total: 44.7s  (40/100)
[2026-04-21 22:01:27] qwen3_14b_nothink_weather cases_003  steps  41- 49: 10.6s  total: 55.3s  (50/100)
[2026-04-21 22:01:39] qwen3_14b_nothink_weather cases_003  steps  51- 59: 11.6s  total: 66.9s  (60/100)
[2026-04-21 22:01:51] qwen3_14b_nothink_weather cases_003  steps  61- 69: 11.7s  total: 78.6s  (70/100)
[2026-04-21 22:02:01] qwen3_14b_nothink_weather cases_003  steps  71- 79: 10.5s  total: 89.1s  (80/100)
[2026-04-21 22:02:10] qwen3_14b_nothink_weather cases_003  steps  81- 89: 9.5s  total: 98.6s  (90/100)
[2026-04-21 22:02:20] qwen3_14b_nothink_weather cases_003  steps  91- 99: 9.4s  total: 108.0s  (100/100)
[2026-04-21 22:02:20] DONE qwen3_14b_nothink_weather cases_003  total: 108.0s  (1.08s/step)
[2026-04-21 22:02:20]   tokens: 116,820 in + 4,128 out (reasoning: 0)  cost: $0.0000
[2026-04-21 22:02:20] START qwen3_14b_nothink_weather cases_004 (100 steps, two-turn)
[2026-04-21 22:02:30] qwen3_14b_nothink_weather cases_004  steps   1-  9: 9.1s  total: 9.1s  (10/100)
[2026-04-21 22:02:38] qwen3_14b_nothink_weather cases_004  steps  11- 19: 8.5s  total: 17.7s  (20/100)
[2026-04-21 22:02:46] qwen3_14b_nothink_weather cases_004  steps  21- 29: 7.7s  total: 25.4s  (30/100)
[2026-04-21 22:02:54] qwen3_14b_nothink_weather cases_004  steps  31- 39: 8.7s  total: 34.0s  (40/100)
[2026-04-21 22:03:05] qwen3_14b_nothink_weather cases_004  steps  41- 49: 10.6s  total: 44.6s  (50/100)
[2026-04-21 22:03:17] qwen3_14b_nothink_weather cases_004  steps  51- 59: 12.4s  total: 57.0s  (60/100)
[2026-04-21 22:03:29] qwen3_14b_nothink_weather cases_004  steps  61- 69: 11.8s  total: 68.9s  (70/100)
[2026-04-21 22:03:39] qwen3_14b_nothink_weather cases_004  steps  71- 79: 9.4s  total: 78.2s  (80/100)
[2026-04-21 22:03:51] qwen3_14b_nothink_weather cases_004  steps  81- 89: 12.5s  total: 90.7s  (90/100)
[2026-04-21 22:04:03] qwen3_14b_nothink_weather cases_004  steps  91- 99: 12.2s  total: 102.9s  (100/100)
[2026-04-21 22:04:04] DONE qwen3_14b_nothink_weather cases_004  total: 102.9s  (1.03s/step)
[2026-04-21 22:04:04]   tokens: 116,346 in + 3,907 out (reasoning: 0)  cost: $0.0000
[2026-04-21 22:04:04] START qwen3_14b_nothink_weather cases_005 (100 steps, two-turn)
[2026-04-21 22:04:12] qwen3_14b_nothink_weather cases_005  steps   1-  9: 8.7s  total: 8.7s  (10/100)
[2026-04-21 22:04:22] qwen3_14b_nothink_weather cases_005  steps  11- 19: 9.9s  total: 18.5s  (20/100)
[2026-04-21 22:04:32] qwen3_14b_nothink_weather cases_005  steps  21- 29: 9.7s  total: 28.2s  (30/100)
[2026-04-21 22:04:42] qwen3_14b_nothink_weather cases_005  steps  31- 39: 9.9s  total: 38.1s  (40/100)
[2026-04-21 22:04:52] qwen3_14b_nothink_weather cases_005  steps  41- 49: 9.9s  total: 48.0s  (50/100)
[2026-04-21 22:05:02] qwen3_14b_nothink_weather cases_005  steps  51- 59: 10.5s  total: 58.5s  (60/100)
[2026-04-21 22:05:12] qwen3_14b_nothink_weather cases_005  steps  61- 69: 10.0s  total: 68.5s  (70/100)
[2026-04-21 22:05:23] qwen3_14b_nothink_weather cases_005  steps  71- 79: 10.8s  total: 79.3s  (80/100)
[2026-04-21 22:05:34] qwen3_14b_nothink_weather cases_005  steps  81- 89: 11.2s  total: 90.5s  (90/100)
[2026-04-21 22:05:46] qwen3_14b_nothink_weather cases_005  steps  91- 99: 11.7s  total: 102.2s  (100/100)
[2026-04-21 22:05:46] DONE qwen3_14b_nothink_weather cases_005  total: 102.2s  (1.02s/step)
[2026-04-21 22:05:46]   tokens: 116,338 in + 3,885 out (reasoning: 0)  cost: $0.0000
[2026-04-21 22:05:46] START qwen3_14b_nothink_weather cases_006 (100 steps, two-turn)
[2026-04-21 22:05:56] qwen3_14b_nothink_weather cases_006  steps   1-  9: 9.4s  total: 9.4s  (10/100)
[2026-04-21 22:06:06] qwen3_14b_nothink_weather cases_006  steps  11- 19: 10.4s  total: 19.8s  (20/100)
[2026-04-21 22:06:15] qwen3_14b_nothink_weather cases_006  steps  21- 29: 9.3s  total: 29.1s  (30/100)
[2026-04-21 22:06:27] qwen3_14b_nothink_weather cases_006  steps  31- 39: 11.6s  total: 40.6s  (40/100)
[2026-04-21 22:06:38] qwen3_14b_nothink_weather cases_006  steps  41- 49: 11.3s  total: 51.9s  (50/100)
[2026-04-21 22:06:51] qwen3_14b_nothink_weather cases_006  steps  51- 59: 12.9s  total: 64.8s  (60/100)
[2026-04-21 22:07:06] qwen3_14b_nothink_weather cases_006  steps  61- 69: 14.8s  total: 79.6s  (70/100)
[2026-04-21 22:07:15] qwen3_14b_nothink_weather cases_006  steps  71- 79: 8.9s  total: 88.5s  (80/100)
[2026-04-21 22:07:26] qwen3_14b_nothink_weather cases_006  steps  81- 89: 11.0s  total: 99.5s  (90/100)
[2026-04-21 22:07:35] qwen3_14b_nothink_weather cases_006  steps  91- 99: 8.8s  total: 108.3s  (100/100)
[2026-04-21 22:07:35] DONE qwen3_14b_nothink_weather cases_006  total: 108.3s  (1.08s/step)
[2026-04-21 22:07:35]   tokens: 116,846 in + 4,127 out (reasoning: 0)  cost: $0.0000
[2026-04-21 22:07:35] START qwen3_14b_nothink_weather cases_007 (100 steps, two-turn)
[2026-04-21 22:07:46] qwen3_14b_nothink_weather cases_007  steps   1-  9: 10.7s  total: 10.7s  (10/100)
[2026-04-21 22:07:57] qwen3_14b_nothink_weather cases_007  steps  11- 19: 11.2s  total: 21.9s  (20/100)
[2026-04-21 22:08:05] qwen3_14b_nothink_weather cases_007  steps  21- 29: 8.1s  total: 30.0s  (30/100)
[2026-04-21 22:08:15] qwen3_14b_nothink_weather cases_007  steps  31- 39: 9.9s  total: 40.0s  (40/100)
[2026-04-21 22:08:26] qwen3_14b_nothink_weather cases_007  steps  41- 49: 10.5s  total: 50.4s  (50/100)
[2026-04-21 22:08:37] qwen3_14b_nothink_weather cases_007  steps  51- 59: 11.0s  total: 61.4s  (60/100)
[2026-04-21 22:08:45] qwen3_14b_nothink_weather cases_007  steps  61- 69: 8.2s  total: 69.6s  (70/100)
[2026-04-21 22:08:52] qwen3_14b_nothink_weather cases_007  steps  71- 79: 6.8s  total: 76.5s  (80/100)
[2026-04-21 22:09:01] qwen3_14b_nothink_weather cases_007  steps  81- 89: 9.3s  total: 85.7s  (90/100)
[2026-04-21 22:09:11] qwen3_14b_nothink_weather cases_007  steps  91- 99: 9.8s  total: 95.6s  (100/100)
[2026-04-21 22:09:11] DONE qwen3_14b_nothink_weather cases_007  total: 95.6s  (0.96s/step)
[2026-04-21 22:09:11]   tokens: 115,796 in + 3,616 out (reasoning: 0)  cost: $0.0000
[2026-04-21 22:09:11] START qwen3_14b_nothink_weather cases_008 (100 steps, two-turn)
[2026-04-21 22:09:23] qwen3_14b_nothink_weather cases_008  steps   1-  9: 11.4s  total: 11.4s  (10/100)
[2026-04-21 22:09:34] qwen3_14b_nothink_weather cases_008  steps  11- 19: 11.1s  total: 22.4s  (20/100)
[2026-04-21 22:09:44] qwen3_14b_nothink_weather cases_008  steps  21- 29: 10.3s  total: 32.8s  (30/100)
[2026-04-21 22:09:54] qwen3_14b_nothink_weather cases_008  steps  31- 39: 9.9s  total: 42.7s  (40/100)
[2026-04-21 22:10:05] qwen3_14b_nothink_weather cases_008  steps  41- 49: 10.8s  total: 53.5s  (50/100)
[2026-04-21 22:10:17] qwen3_14b_nothink_weather cases_008  steps  51- 59: 12.0s  total: 65.4s  (60/100)
[2026-04-21 22:10:27] qwen3_14b_nothink_weather cases_008  steps  61- 69: 10.7s  total: 76.2s  (70/100)
[2026-04-21 22:10:38] qwen3_14b_nothink_weather cases_008  steps  71- 79: 10.4s  total: 86.6s  (80/100)
[2026-04-21 22:10:47] qwen3_14b_nothink_weather cases_008  steps  81- 89: 8.9s  total: 95.5s  (90/100)
[2026-04-21 22:11:00] qwen3_14b_nothink_weather cases_008  steps  91- 99: 12.8s  total: 108.4s  (100/100)
[2026-04-21 22:11:00] DONE qwen3_14b_nothink_weather cases_008  total: 108.4s  (1.08s/step)
[2026-04-21 22:11:00]   tokens: 116,824 in + 4,136 out (reasoning: 0)  cost: $0.0000
[2026-04-21 22:11:00] START qwen3_14b_nothink_weather cases_009 (100 steps, two-turn)
[2026-04-21 22:11:12] qwen3_14b_nothink_weather cases_009  steps   1-  9: 12.1s  total: 12.1s  (10/100)
[2026-04-21 22:11:28] qwen3_14b_nothink_weather cases_009  steps  11- 19: 15.9s  total: 28.1s  (20/100)
[2026-04-21 22:11:38] qwen3_14b_nothink_weather cases_009  steps  21- 29: 9.6s  total: 37.7s  (30/100)
[2026-04-21 22:11:50] qwen3_14b_nothink_weather cases_009  steps  31- 39: 11.9s  total: 49.6s  (40/100)
[2026-04-21 22:12:02] qwen3_14b_nothink_weather cases_009  steps  41- 49: 12.5s  total: 62.1s  (50/100)
[2026-04-21 22:12:12] qwen3_14b_nothink_weather cases_009  steps  51- 59: 10.2s  total: 72.3s  (60/100)
[2026-04-21 22:12:22] qwen3_14b_nothink_weather cases_009  steps  61- 69: 10.0s  total: 82.2s  (70/100)
[2026-04-21 22:12:32] qwen3_14b_nothink_weather cases_009  steps  71- 79: 9.4s  total: 91.7s  (80/100)
[2026-04-21 22:12:41] qwen3_14b_nothink_weather cases_009  steps  81- 89: 9.0s  total: 100.7s  (90/100)
[2026-04-21 22:12:50] qwen3_14b_nothink_weather cases_009  steps  91- 99: 9.3s  total: 110.0s  (100/100)
[2026-04-21 22:12:51] DONE qwen3_14b_nothink_weather cases_009  total: 110.0s  (1.10s/step)
[2026-04-21 22:12:51]   tokens: 116,952 in + 4,197 out (reasoning: 0)  cost: $0.0000
[2026-04-21 22:12:51] START qwen3_14b_think1024_online cases_000 (100 steps, two-turn)
[2026-04-21 22:17:27] qwen3_14b_think1024_online cases_000  steps   1-  9: 275.2s  total: 275.2s  (10/100)
[2026-04-21 22:22:42] qwen3_14b_think1024_online cases_000  steps  11- 19: 315.1s  total: 590.3s  (20/100)
[2026-04-21 22:27:40] qwen3_14b_think1024_online cases_000  steps  21- 29: 298.7s  total: 889.0s  (30/100)
[2026-04-21 22:32:33] qwen3_14b_think1024_online cases_000  steps  31- 39: 292.4s  total: 1181.5s  (40/100)
[2026-04-21 22:37:07] qwen3_14b_think1024_online cases_000  steps  41- 49: 273.7s  total: 1455.1s  (50/100)
[2026-04-21 22:41:38] qwen3_14b_think1024_online cases_000  steps  51- 59: 271.8s  total: 1726.9s  (60/100)
[2026-04-21 22:46:00] qwen3_14b_think1024_online cases_000  steps  61- 69: 261.3s  total: 1988.2s  (70/100)
[2026-04-21 22:50:31] qwen3_14b_think1024_online cases_000  steps  71- 79: 271.1s  total: 2259.3s  (80/100)
[2026-04-21 22:55:53] qwen3_14b_think1024_online cases_000  steps  81- 89: 322.5s  total: 2581.8s  (90/100)
[2026-04-21 23:01:19] qwen3_14b_think1024_online cases_000  steps  91- 99: 325.6s  total: 2907.4s  (100/100)
[2026-04-21 23:01:20] DONE qwen3_14b_think1024_online cases_000  total: 2907.4s  (29.07s/step)
[2026-04-21 23:01:20]   tokens: 99,424 in + 117,725 out (reasoning: 0)  cost: $0.0000
[2026-04-21 23:01:20] START qwen3_14b_think1024_online cases_001 (100 steps, two-turn)
[2026-04-21 23:06:01] qwen3_14b_think1024_online cases_001  steps   1-  9: 281.4s  total: 281.4s  (10/100)
[2026-04-21 23:12:57] qwen3_14b_think1024_online cases_001  steps  11- 19: 415.8s  total: 697.1s  (20/100)
[2026-04-21 23:18:43] qwen3_14b_think1024_online cases_001  steps  21- 29: 346.2s  total: 1043.3s  (30/100)
[2026-04-21 23:22:54] qwen3_14b_think1024_online cases_001  steps  31- 39: 251.5s  total: 1294.8s  (40/100)
[2026-04-21 23:27:03] qwen3_14b_think1024_online cases_001  steps  41- 49: 248.1s  total: 1542.9s  (50/100)
[2026-04-21 23:32:27] qwen3_14b_think1024_online cases_001  steps  51- 59: 324.1s  total: 1867.1s  (60/100)
[2026-04-21 23:37:52] qwen3_14b_think1024_online cases_001  steps  61- 69: 325.0s  total: 2192.1s  (70/100)
[2026-04-21 23:42:11] qwen3_14b_think1024_online cases_001  steps  71- 79: 259.1s  total: 2451.2s  (80/100)
[2026-04-21 23:47:55] qwen3_14b_think1024_online cases_001  steps  81- 89: 344.0s  total: 2795.2s  (90/100)
[2026-04-21 23:53:33] qwen3_14b_think1024_online cases_001  steps  91- 99: 338.0s  total: 3133.2s  (100/100)
[2026-04-21 23:53:33] DONE qwen3_14b_think1024_online cases_001  total: 3133.2s  (31.33s/step)
[2026-04-21 23:53:33]   tokens: 101,364 in + 126,811 out (reasoning: 0)  cost: $0.0000
[2026-04-21 23:53:33] START qwen3_14b_think1024_online cases_002 (100 steps, two-turn)
[2026-04-21 23:57:11] qwen3_14b_think1024_online cases_002  steps   1-  9: 217.8s  total: 217.8s  (10/100)
[2026-04-22 00:01:42] qwen3_14b_think1024_online cases_002  steps  11- 19: 270.7s  total: 488.5s  (20/100)
[2026-04-22 00:06:34] qwen3_14b_think1024_online cases_002  steps  21- 29: 292.5s  total: 781.0s  (30/100)
[2026-04-22 00:11:17] qwen3_14b_think1024_online cases_002  steps  31- 39: 282.5s  total: 1063.5s  (40/100)
[2026-04-22 00:16:09] qwen3_14b_think1024_online cases_002  steps  41- 49: 292.5s  total: 1356.0s  (50/100)
[2026-04-22 00:21:10] qwen3_14b_think1024_online cases_002  steps  51- 59: 300.8s  total: 1656.7s  (60/100)
[2026-04-22 00:26:13] qwen3_14b_think1024_online cases_002  steps  61- 69: 303.1s  total: 1959.8s  (70/100)
[2026-04-22 00:29:56] qwen3_14b_think1024_online cases_002  steps  71- 79: 222.7s  total: 2182.5s  (80/100)
[2026-04-22 00:33:30] qwen3_14b_think1024_online cases_002  steps  81- 89: 213.9s  total: 2396.4s  (90/100)
[2026-04-22 00:37:46] qwen3_14b_think1024_online cases_002  steps  91- 99: 256.0s  total: 2652.4s  (100/100)
[2026-04-22 00:37:46] DONE qwen3_14b_think1024_online cases_002  total: 2652.4s  (26.52s/step)
[2026-04-22 00:37:46]   tokens: 101,150 in + 107,355 out (reasoning: 0)  cost: $0.0000
[2026-04-22 00:37:46] START qwen3_14b_think1024_online cases_003 (100 steps, two-turn)
[2026-04-22 00:42:24] qwen3_14b_think1024_online cases_003  steps   1-  9: 277.7s  total: 277.7s  (10/100)
[2026-04-22 00:46:46] qwen3_14b_think1024_online cases_003  steps  11- 19: 261.8s  total: 539.4s  (20/100)
[2026-04-22 00:51:23] qwen3_14b_think1024_online cases_003  steps  21- 29: 277.0s  total: 816.4s  (30/100)
[2026-04-22 00:56:02] qwen3_14b_think1024_online cases_003  steps  31- 39: 279.3s  total: 1095.8s  (40/100)
[2026-04-22 00:59:17] qwen3_14b_think1024_online cases_003  steps  41- 49: 195.3s  total: 1291.1s  (50/100)
[2026-04-22 01:04:01] qwen3_14b_think1024_online cases_003  steps  51- 59: 283.6s  total: 1574.7s  (60/100)
[2026-04-22 01:07:55] qwen3_14b_think1024_online cases_003  steps  61- 69: 233.9s  total: 1808.6s  (70/100)
[2026-04-22 01:11:36] qwen3_14b_think1024_online cases_003  steps  71- 79: 221.5s  total: 2030.1s  (80/100)
[2026-04-22 01:15:54] qwen3_14b_think1024_online cases_003  steps  81- 89: 257.4s  total: 2287.6s  (90/100)
[2026-04-22 01:20:34] qwen3_14b_think1024_online cases_003  steps  91- 99: 279.9s  total: 2567.4s  (100/100)
[2026-04-22 01:20:34] DONE qwen3_14b_think1024_online cases_003  total: 2567.4s  (25.67s/step)
[2026-04-22 01:20:34]   tokens: 99,666 in + 103,948 out (reasoning: 0)  cost: $0.0000
[2026-04-22 01:20:34] START qwen3_14b_think1024_online cases_004 (100 steps, two-turn)
[2026-04-22 01:24:31] qwen3_14b_think1024_online cases_004  steps   1-  9: 236.7s  total: 236.7s  (10/100)
[2026-04-22 01:29:41] qwen3_14b_think1024_online cases_004  steps  11- 19: 310.5s  total: 547.1s  (20/100)
[2026-04-22 01:34:00] qwen3_14b_think1024_online cases_004  steps  21- 29: 259.3s  total: 806.4s  (30/100)
[2026-04-22 01:39:05] qwen3_14b_think1024_online cases_004  steps  31- 39: 304.2s  total: 1110.6s  (40/100)
[2026-04-22 01:44:32] qwen3_14b_think1024_online cases_004  steps  41- 49: 327.0s  total: 1437.6s  (50/100)
[2026-04-22 01:49:39] qwen3_14b_think1024_online cases_004  steps  51- 59: 307.9s  total: 1745.4s  (60/100)
[2026-04-22 01:55:27] qwen3_14b_think1024_online cases_004  steps  61- 69: 348.0s  total: 2093.4s  (70/100)
[2026-04-22 02:00:46] qwen3_14b_think1024_online cases_004  steps  71- 79: 318.7s  total: 2412.1s  (80/100)
[2026-04-22 02:06:08] qwen3_14b_think1024_online cases_004  steps  81- 89: 321.3s  total: 2733.5s  (90/100)
[2026-04-22 02:10:56] qwen3_14b_think1024_online cases_004  steps  91- 99: 288.1s  total: 3021.5s  (100/100)
[2026-04-22 02:10:56] DONE qwen3_14b_think1024_online cases_004  total: 3021.5s  (30.22s/step)
[2026-04-22 02:10:56]   tokens: 100,314 in + 122,238 out (reasoning: 0)  cost: $0.0000
[2026-04-22 02:10:56] START qwen3_14b_think1024_online cases_005 (100 steps, two-turn)
[2026-04-22 02:14:47] qwen3_14b_think1024_online cases_005  steps   1-  9: 231.4s  total: 231.4s  (10/100)
[2026-04-22 02:20:04] qwen3_14b_think1024_online cases_005  steps  11- 19: 316.2s  total: 547.6s  (20/100)
[2026-04-22 02:25:32] qwen3_14b_think1024_online cases_005  steps  21- 29: 328.0s  total: 875.7s  (30/100)
[2026-04-22 02:30:49] qwen3_14b_think1024_online cases_005  steps  31- 39: 317.1s  total: 1192.8s  (40/100)
[2026-04-22 02:36:10] qwen3_14b_think1024_online cases_005  steps  41- 49: 321.5s  total: 1514.3s  (50/100)
[2026-04-22 02:40:30] qwen3_14b_think1024_online cases_005  steps  51- 59: 260.0s  total: 1774.3s  (60/100)
[2026-04-22 02:43:57] qwen3_14b_think1024_online cases_005  steps  61- 69: 207.0s  total: 1981.3s  (70/100)
[2026-04-22 02:47:11] qwen3_14b_think1024_online cases_005  steps  71- 79: 194.2s  total: 2175.5s  (80/100)
[2026-04-22 02:50:04] qwen3_14b_think1024_online cases_005  steps  81- 89: 172.6s  total: 2348.1s  (90/100)
[2026-04-22 02:53:06] qwen3_14b_think1024_online cases_005  steps  91- 99: 181.5s  total: 2529.6s  (100/100)
[2026-04-22 02:53:06] DONE qwen3_14b_think1024_online cases_005  total: 2529.6s  (25.30s/step)
[2026-04-22 02:53:06]   tokens: 100,226 in + 102,291 out (reasoning: 0)  cost: $0.0000
[2026-04-22 02:53:06] START qwen3_14b_think1024_online cases_006 (100 steps, two-turn)
[2026-04-22 02:57:41] qwen3_14b_think1024_online cases_006  steps   1-  9: 274.7s  total: 274.7s  (10/100)
[2026-04-22 03:02:17] qwen3_14b_think1024_online cases_006  steps  11- 19: 276.1s  total: 550.8s  (20/100)
[2026-04-22 03:05:57] qwen3_14b_think1024_online cases_006  steps  21- 29: 220.4s  total: 771.2s  (30/100)
[2026-04-22 03:11:56] qwen3_14b_think1024_online cases_006  steps  31- 39: 358.5s  total: 1129.7s  (40/100)
[2026-04-22 03:17:31] qwen3_14b_think1024_online cases_006  steps  41- 49: 334.7s  total: 1464.4s  (50/100)
[2026-04-22 03:23:23] qwen3_14b_think1024_online cases_006  steps  51- 59: 351.9s  total: 1816.4s  (60/100)
[2026-04-22 03:27:50] qwen3_14b_think1024_online cases_006  steps  61- 69: 267.5s  total: 2083.9s  (70/100)
[2026-04-22 03:33:08] qwen3_14b_think1024_online cases_006  steps  71- 79: 318.0s  total: 2402.0s  (80/100)
[2026-04-22 03:38:21] qwen3_14b_think1024_online cases_006  steps  81- 89: 312.7s  total: 2714.7s  (90/100)
[2026-04-22 03:43:24] qwen3_14b_think1024_online cases_006  steps  91- 99: 303.1s  total: 3017.8s  (100/100)
[2026-04-22 03:43:24] DONE qwen3_14b_think1024_online cases_006  total: 3017.8s  (30.18s/step)
[2026-04-22 03:43:24]   tokens: 99,842 in + 122,137 out (reasoning: 0)  cost: $0.0000
[2026-04-22 03:43:24] START qwen3_14b_think1024_online cases_007 (100 steps, two-turn)
[2026-04-22 03:49:07] qwen3_14b_think1024_online cases_007  steps   1-  9: 342.3s  total: 342.3s  (10/100)
[2026-04-22 03:55:59] qwen3_14b_think1024_online cases_007  steps  11- 19: 411.9s  total: 754.3s  (20/100)
[2026-04-22 04:02:27] qwen3_14b_think1024_online cases_007  steps  21- 29: 388.8s  total: 1143.1s  (30/100)
[2026-04-22 04:09:01] qwen3_14b_think1024_online cases_007  steps  31- 39: 393.4s  total: 1536.4s  (40/100)
[2026-04-22 04:14:39] qwen3_14b_think1024_online cases_007  steps  41- 49: 337.9s  total: 1874.3s  (50/100)
[2026-04-22 04:20:49] qwen3_14b_think1024_online cases_007  steps  51- 59: 370.0s  total: 2244.4s  (60/100)
[2026-04-22 04:27:37] qwen3_14b_think1024_online cases_007  steps  61- 69: 408.2s  total: 2652.6s  (70/100)
[2026-04-22 04:32:56] qwen3_14b_think1024_online cases_007  steps  71- 79: 319.1s  total: 2971.7s  (80/100)
[2026-04-22 04:39:32] qwen3_14b_think1024_online cases_007  steps  81- 89: 395.7s  total: 3367.4s  (90/100)
[2026-04-22 04:44:37] qwen3_14b_think1024_online cases_007  steps  91- 99: 305.3s  total: 3672.7s  (100/100)
[2026-04-22 04:44:37] DONE qwen3_14b_think1024_online cases_007  total: 3672.7s  (36.73s/step)
[2026-04-22 04:44:37]   tokens: 100,888 in + 148,717 out (reasoning: 0)  cost: $0.0000
[2026-04-22 04:44:38] START qwen3_14b_think1024_online cases_008 (100 steps, two-turn)
[2026-04-22 04:48:11] qwen3_14b_think1024_online cases_008  steps   1-  9: 213.8s  total: 213.8s  (10/100)
[2026-04-22 04:52:10] qwen3_14b_think1024_online cases_008  steps  11- 19: 238.5s  total: 452.2s  (20/100)
[2026-04-22 04:56:01] qwen3_14b_think1024_online cases_008  steps  21- 29: 231.5s  total: 683.8s  (30/100)
[2026-04-22 04:59:54] qwen3_14b_think1024_online cases_008  steps  31- 39: 232.3s  total: 916.0s  (40/100)
[2026-04-22 05:03:53] qwen3_14b_think1024_online cases_008  steps  41- 49: 239.0s  total: 1155.1s  (50/100)
[2026-04-22 05:07:32] qwen3_14b_think1024_online cases_008  steps  51- 59: 219.7s  total: 1374.7s  (60/100)
[2026-04-22 05:11:12] qwen3_14b_think1024_online cases_008  steps  61- 69: 219.7s  total: 1594.4s  (70/100)
[2026-04-22 05:14:31] qwen3_14b_think1024_online cases_008  steps  71- 79: 198.8s  total: 1793.2s  (80/100)
[2026-04-22 05:18:29] qwen3_14b_think1024_online cases_008  steps  81- 89: 238.0s  total: 2031.2s  (90/100)
[2026-04-22 05:22:24] qwen3_14b_think1024_online cases_008  steps  91- 99: 234.8s  total: 2266.0s  (100/100)
[2026-04-22 05:22:24] DONE qwen3_14b_think1024_online cases_008  total: 2266.0s  (22.66s/step)
[2026-04-22 05:22:24]   tokens: 103,344 in + 91,624 out (reasoning: 0)  cost: $0.0000
[2026-04-22 05:22:24] START qwen3_14b_think1024_online cases_009 (100 steps, two-turn)
[2026-04-22 05:27:10] qwen3_14b_think1024_online cases_009  steps   1-  9: 286.2s  total: 286.2s  (10/100)
[2026-04-22 05:34:01] qwen3_14b_think1024_online cases_009  steps  11- 19: 410.5s  total: 696.7s  (20/100)
[2026-04-22 05:40:26] qwen3_14b_think1024_online cases_009  steps  21- 29: 385.4s  total: 1082.1s  (30/100)
[2026-04-22 05:45:39] qwen3_14b_think1024_online cases_009  steps  31- 39: 313.1s  total: 1395.3s  (40/100)
[2026-04-22 05:49:33] qwen3_14b_think1024_online cases_009  steps  41- 49: 233.9s  total: 1629.2s  (50/100)
[2026-04-22 05:53:04] qwen3_14b_think1024_online cases_009  steps  51- 59: 210.6s  total: 1839.8s  (60/100)
[2026-04-22 05:57:28] qwen3_14b_think1024_online cases_009  steps  61- 69: 264.0s  total: 2103.8s  (70/100)
[2026-04-22 06:01:51] qwen3_14b_think1024_online cases_009  steps  71- 79: 262.9s  total: 2366.8s  (80/100)
[2026-04-22 06:06:29] qwen3_14b_think1024_online cases_009  steps  81- 89: 278.4s  total: 2645.2s  (90/100)
[2026-04-22 06:12:06] qwen3_14b_think1024_online cases_009  steps  91- 99: 337.1s  total: 2982.3s  (100/100)
[2026-04-22 06:12:07] DONE qwen3_14b_think1024_online cases_009  total: 2982.3s  (29.82s/step)
[2026-04-22 06:12:07]   tokens: 99,870 in + 120,674 out (reasoning: 0)  cost: $0.0000
[2026-04-22 06:12:07] START qwen3_14b_think1024_weather cases_000 (100 steps, two-turn)
[2026-04-22 06:17:00] qwen3_14b_think1024_weather cases_000  steps   1-  9: 293.4s  total: 293.4s  (10/100)
[2026-04-22 06:21:30] qwen3_14b_think1024_weather cases_000  steps  11- 19: 269.5s  total: 562.9s  (20/100)
[2026-04-22 06:25:51] qwen3_14b_think1024_weather cases_000  steps  21- 29: 261.7s  total: 824.6s  (30/100)
[2026-04-22 06:30:20] qwen3_14b_think1024_weather cases_000  steps  31- 39: 268.3s  total: 1092.9s  (40/100)
[2026-04-22 06:34:26] qwen3_14b_think1024_weather cases_000  steps  41- 49: 245.8s  total: 1338.7s  (50/100)
[2026-04-22 06:39:07] qwen3_14b_think1024_weather cases_000  steps  51- 59: 281.8s  total: 1620.5s  (60/100)
[2026-04-22 06:43:56] qwen3_14b_think1024_weather cases_000  steps  61- 69: 288.7s  total: 1909.2s  (70/100)
[2026-04-22 06:47:41] qwen3_14b_think1024_weather cases_000  steps  71- 79: 225.0s  total: 2134.2s  (80/100)
[2026-04-22 06:52:10] qwen3_14b_think1024_weather cases_000  steps  81- 89: 268.7s  total: 2402.9s  (90/100)
[2026-04-22 06:56:10] qwen3_14b_think1024_weather cases_000  steps  91- 99: 240.5s  total: 2643.4s  (100/100)
[2026-04-22 06:56:11] DONE qwen3_14b_think1024_weather cases_000  total: 2643.4s  (26.43s/step)
[2026-04-22 06:56:11]   tokens: 115,052 in + 106,883 out (reasoning: 0)  cost: $0.0000
[2026-04-22 06:56:11] START qwen3_14b_think1024_weather cases_001 (100 steps, two-turn)
[2026-04-22 06:58:33] qwen3_14b_think1024_weather cases_001  steps   1-  9: 142.1s  total: 142.1s  (10/100)
[2026-04-22 07:01:29] qwen3_14b_think1024_weather cases_001  steps  11- 19: 176.3s  total: 318.4s  (20/100)
[2026-04-22 07:04:12] qwen3_14b_think1024_weather cases_001  steps  21- 29: 162.6s  total: 481.0s  (30/100)
[2026-04-22 07:07:31] qwen3_14b_think1024_weather cases_001  steps  31- 39: 199.4s  total: 680.4s  (40/100)
[2026-04-22 07:10:38] qwen3_14b_think1024_weather cases_001  steps  41- 49: 187.4s  total: 867.8s  (50/100)
[2026-04-22 07:13:59] qwen3_14b_think1024_weather cases_001  steps  51- 59: 200.3s  total: 1068.2s  (60/100)
[2026-04-22 07:17:48] qwen3_14b_think1024_weather cases_001  steps  61- 69: 229.4s  total: 1297.6s  (70/100)
[2026-04-22 07:20:47] qwen3_14b_think1024_weather cases_001  steps  71- 79: 179.3s  total: 1476.8s  (80/100)
[2026-04-22 07:25:22] qwen3_14b_think1024_weather cases_001  steps  81- 89: 274.7s  total: 1751.5s  (90/100)
[2026-04-22 07:29:49] qwen3_14b_think1024_weather cases_001  steps  91- 99: 267.2s  total: 2018.7s  (100/100)
[2026-04-22 07:29:50] DONE qwen3_14b_think1024_weather cases_001  total: 2018.7s  (20.19s/step)
[2026-04-22 07:29:50]   tokens: 115,256 in + 81,695 out (reasoning: 0)  cost: $0.0000
[2026-04-22 07:29:50] START qwen3_14b_think1024_weather cases_002 (100 steps, two-turn)
[2026-04-22 07:34:00] qwen3_14b_think1024_weather cases_002  steps   1-  9: 250.7s  total: 250.7s  (10/100)
[2026-04-22 07:38:10] qwen3_14b_think1024_weather cases_002  steps  11- 19: 249.6s  total: 500.3s  (20/100)
[2026-04-22 07:42:40] qwen3_14b_think1024_weather cases_002  steps  21- 29: 269.9s  total: 770.2s  (30/100)
[2026-04-22 07:45:26] qwen3_14b_think1024_weather cases_002  steps  31- 39: 165.7s  total: 935.8s  (40/100)
[2026-04-22 07:47:01] qwen3_14b_think1024_weather cases_002  steps  41- 49: 95.2s  total: 1031.0s  (50/100)
[2026-04-22 07:51:23] qwen3_14b_think1024_weather cases_002  steps  51- 59: 261.7s  total: 1292.7s  (60/100)
[2026-04-22 07:56:57] qwen3_14b_think1024_weather cases_002  steps  61- 69: 334.5s  total: 1627.2s  (70/100)
[2026-04-22 08:01:53] qwen3_14b_think1024_weather cases_002  steps  71- 79: 296.3s  total: 1923.5s  (80/100)
[2026-04-22 08:05:31] qwen3_14b_think1024_weather cases_002  steps  81- 89: 217.9s  total: 2141.4s  (90/100)
[2026-04-22 08:09:17] qwen3_14b_think1024_weather cases_002  steps  91- 99: 225.4s  total: 2366.8s  (100/100)
[2026-04-22 08:09:17] DONE qwen3_14b_think1024_weather cases_002  total: 2366.8s  (23.67s/step)
[2026-04-22 08:09:17]   tokens: 114,234 in + 95,734 out (reasoning: 0)  cost: $0.0000
[2026-04-22 08:09:17] START qwen3_14b_think1024_weather cases_003 (100 steps, two-turn)
[2026-04-22 08:14:09] qwen3_14b_think1024_weather cases_003  steps   1-  9: 291.6s  total: 291.6s  (10/100)
[2026-04-22 08:18:16] qwen3_14b_think1024_weather cases_003  steps  11- 19: 247.2s  total: 538.8s  (20/100)
[2026-04-22 08:23:05] qwen3_14b_think1024_weather cases_003  steps  21- 29: 289.2s  total: 828.0s  (30/100)
[2026-04-22 08:27:08] qwen3_14b_think1024_weather cases_003  steps  31- 39: 243.3s  total: 1071.3s  (40/100)
[2026-04-22 08:31:07] qwen3_14b_think1024_weather cases_003  steps  41- 49: 238.5s  total: 1309.8s  (50/100)
[2026-04-22 08:35:00] qwen3_14b_think1024_weather cases_003  steps  51- 59: 233.2s  total: 1543.0s  (60/100)
[2026-04-22 08:39:33] qwen3_14b_think1024_weather cases_003  steps  61- 69: 272.8s  total: 1815.8s  (70/100)
[2026-04-22 08:44:42] qwen3_14b_think1024_weather cases_003  steps  71- 79: 309.0s  total: 2124.8s  (80/100)
[2026-04-22 08:49:40] qwen3_14b_think1024_weather cases_003  steps  81- 89: 297.8s  total: 2422.6s  (90/100)
[2026-04-22 08:54:19] qwen3_14b_think1024_weather cases_003  steps  91- 99: 279.8s  total: 2702.4s  (100/100)
[2026-04-22 08:54:20] DONE qwen3_14b_think1024_weather cases_003  total: 2702.4s  (27.02s/step)
[2026-04-22 08:54:20]   tokens: 116,408 in + 109,338 out (reasoning: 0)  cost: $0.0000
[2026-04-22 08:54:20] START qwen3_14b_think1024_weather cases_004 (100 steps, two-turn)
[2026-04-22 08:59:07] qwen3_14b_think1024_weather cases_004  steps   1-  9: 286.9s  total: 286.9s  (10/100)
[2026-04-22 09:03:13] qwen3_14b_think1024_weather cases_004  steps  11- 19: 246.4s  total: 533.3s  (20/100)
[2026-04-22 09:05:28] qwen3_14b_think1024_weather cases_004  steps  21- 29: 134.9s  total: 668.2s  (30/100)
[2026-04-22 09:10:01] qwen3_14b_think1024_weather cases_004  steps  31- 39: 272.9s  total: 941.0s  (40/100)
[2026-04-22 09:14:07] qwen3_14b_think1024_weather cases_004  steps  41- 49: 246.4s  total: 1187.5s  (50/100)
[2026-04-22 09:17:50] qwen3_14b_think1024_weather cases_004  steps  51- 59: 222.4s  total: 1409.8s  (60/100)
[2026-04-22 09:22:01] qwen3_14b_think1024_weather cases_004  steps  61- 69: 251.4s  total: 1661.2s  (70/100)
[2026-04-22 09:26:36] qwen3_14b_think1024_weather cases_004  steps  71- 79: 274.5s  total: 1935.7s  (80/100)
[2026-04-22 09:30:40] qwen3_14b_think1024_weather cases_004  steps  81- 89: 244.5s  total: 2180.2s  (90/100)
[2026-04-22 09:36:12] qwen3_14b_think1024_weather cases_004  steps  91- 99: 331.6s  total: 2511.8s  (100/100)
[2026-04-22 09:36:12] DONE qwen3_14b_think1024_weather cases_004  total: 2511.8s  (25.12s/step)
[2026-04-22 09:36:12]   tokens: 113,940 in + 101,557 out (reasoning: 0)  cost: $0.0000
[2026-04-22 09:36:12] START qwen3_14b_think1024_weather cases_005 (100 steps, two-turn)
[2026-04-22 09:38:25] qwen3_14b_think1024_weather cases_005  steps   1-  9: 133.0s  total: 133.0s  (10/100)
[2026-04-22 09:40:46] qwen3_14b_think1024_weather cases_005  steps  11- 19: 140.8s  total: 273.8s  (20/100)
[2026-04-22 09:44:00] qwen3_14b_think1024_weather cases_005  steps  21- 29: 194.1s  total: 467.9s  (30/100)
[2026-04-22 09:46:33] qwen3_14b_think1024_weather cases_005  steps  31- 39: 152.6s  total: 620.5s  (40/100)
[2026-04-22 09:49:53] qwen3_14b_think1024_weather cases_005  steps  41- 49: 200.0s  total: 820.6s  (50/100)
[2026-04-22 09:53:07] qwen3_14b_think1024_weather cases_005  steps  51- 59: 194.5s  total: 1015.1s  (60/100)
[2026-04-22 09:56:06] qwen3_14b_think1024_weather cases_005  steps  61- 69: 178.6s  total: 1193.7s  (70/100)
[2026-04-22 10:00:43] qwen3_14b_think1024_weather cases_005  steps  71- 79: 276.7s  total: 1470.3s  (80/100)
[2026-04-22 10:05:46] qwen3_14b_think1024_weather cases_005  steps  81- 89: 303.0s  total: 1773.4s  (90/100)
[2026-04-22 10:09:58] qwen3_14b_think1024_weather cases_005  steps  91- 99: 252.2s  total: 2025.5s  (100/100)
[2026-04-22 10:09:58] DONE qwen3_14b_think1024_weather cases_005  total: 2025.5s  (20.26s/step)
[2026-04-22 10:09:58]   tokens: 115,262 in + 81,885 out (reasoning: 0)  cost: $0.0000
[2026-04-22 10:09:58] START qwen3_14b_think1024_weather cases_006 (100 steps, two-turn)
[2026-04-22 10:13:57] qwen3_14b_think1024_weather cases_006  steps   1-  9: 238.5s  total: 238.5s  (10/100)
[2026-04-22 10:18:45] qwen3_14b_think1024_weather cases_006  steps  11- 19: 288.1s  total: 526.7s  (20/100)
[2026-04-22 10:23:33] qwen3_14b_think1024_weather cases_006  steps  21- 29: 288.6s  total: 815.2s  (30/100)
[2026-04-22 10:29:03] qwen3_14b_think1024_weather cases_006  steps  31- 39: 329.6s  total: 1144.8s  (40/100)
[2026-04-22 10:33:12] qwen3_14b_think1024_weather cases_006  steps  41- 49: 249.4s  total: 1394.2s  (50/100)
[2026-04-22 10:38:25] qwen3_14b_think1024_weather cases_006  steps  51- 59: 312.1s  total: 1706.3s  (60/100)
[2026-04-22 10:42:29] qwen3_14b_think1024_weather cases_006  steps  61- 69: 244.5s  total: 1950.8s  (70/100)
[2026-04-22 10:47:09] qwen3_14b_think1024_weather cases_006  steps  71- 79: 280.3s  total: 2231.1s  (80/100)
[2026-04-22 10:51:39] qwen3_14b_think1024_weather cases_006  steps  81- 89: 270.2s  total: 2501.3s  (90/100)
[2026-04-22 10:56:22] qwen3_14b_think1024_weather cases_006  steps  91- 99: 282.4s  total: 2783.7s  (100/100)
[2026-04-22 10:56:22] DONE qwen3_14b_think1024_weather cases_006  total: 2783.7s  (27.84s/step)
[2026-04-22 10:56:22]   tokens: 114,524 in + 112,574 out (reasoning: 0)  cost: $0.0000
[2026-04-22 10:56:22] START qwen3_14b_think1024_weather cases_007 (100 steps, two-turn)
[2026-04-22 11:00:01] qwen3_14b_think1024_weather cases_007  steps   1-  9: 218.4s  total: 218.4s  (10/100)
[2026-04-22 11:04:44] qwen3_14b_think1024_weather cases_007  steps  11- 19: 283.3s  total: 501.7s  (20/100)
[2026-04-22 11:09:29] qwen3_14b_think1024_weather cases_007  steps  21- 29: 284.5s  total: 786.2s  (30/100)
[2026-04-22 11:13:18] qwen3_14b_think1024_weather cases_007  steps  31- 39: 229.4s  total: 1015.6s  (40/100)
[2026-04-22 11:16:43] qwen3_14b_think1024_weather cases_007  steps  41- 49: 204.6s  total: 1220.2s  (50/100)
[2026-04-22 11:21:13] qwen3_14b_think1024_weather cases_007  steps  51- 59: 270.8s  total: 1490.9s  (60/100)
[2026-04-22 11:25:16] qwen3_14b_think1024_weather cases_007  steps  61- 69: 242.6s  total: 1733.6s  (70/100)
[2026-04-22 11:27:58] qwen3_14b_think1024_weather cases_007  steps  71- 79: 161.9s  total: 1895.4s  (80/100)
[2026-04-22 11:33:37] qwen3_14b_think1024_weather cases_007  steps  81- 89: 338.8s  total: 2234.2s  (90/100)
[2026-04-22 11:37:59] qwen3_14b_think1024_weather cases_007  steps  91- 99: 262.4s  total: 2496.6s  (100/100)
[2026-04-22 11:37:59] DONE qwen3_14b_think1024_weather cases_007  total: 2496.6s  (24.97s/step)
[2026-04-22 11:37:59]   tokens: 113,548 in + 100,984 out (reasoning: 0)  cost: $0.0000
[2026-04-22 11:37:59] START qwen3_14b_think1024_weather cases_008 (100 steps, two-turn)
[2026-04-22 11:41:53] qwen3_14b_think1024_weather cases_008  steps   1-  9: 234.0s  total: 234.0s  (10/100)
[2026-04-22 11:48:06] qwen3_14b_think1024_weather cases_008  steps  11- 19: 372.6s  total: 606.6s  (20/100)
[2026-04-22 11:53:03] qwen3_14b_think1024_weather cases_008  steps  21- 29: 297.1s  total: 903.7s  (30/100)
[2026-04-22 11:57:51] qwen3_14b_think1024_weather cases_008  steps  31- 39: 288.4s  total: 1192.0s  (40/100)
[2026-04-22 12:02:15] qwen3_14b_think1024_weather cases_008  steps  41- 49: 263.3s  total: 1455.3s  (50/100)
[2026-04-22 12:07:13] qwen3_14b_think1024_weather cases_008  steps  51- 59: 298.2s  total: 1753.5s  (60/100)
[2026-04-22 12:10:46] qwen3_14b_think1024_weather cases_008  steps  61- 69: 212.9s  total: 1966.4s  (70/100)
[2026-04-22 12:14:57] qwen3_14b_think1024_weather cases_008  steps  71- 79: 250.7s  total: 2217.1s  (80/100)
[2026-04-22 12:19:24] qwen3_14b_think1024_weather cases_008  steps  81- 89: 267.4s  total: 2484.5s  (90/100)
[2026-04-22 12:22:08] qwen3_14b_think1024_weather cases_008  steps  91- 99: 164.3s  total: 2648.9s  (100/100)
[2026-04-22 12:22:09] DONE qwen3_14b_think1024_weather cases_008  total: 2648.9s  (26.49s/step)
[2026-04-22 12:22:09]   tokens: 113,530 in + 107,027 out (reasoning: 0)  cost: $0.0000
[2026-04-22 12:22:09] START qwen3_14b_think1024_weather cases_009 (100 steps, two-turn)
[2026-04-22 12:26:52] qwen3_14b_think1024_weather cases_009  steps   1-  9: 283.1s  total: 283.1s  (10/100)
[2026-04-22 12:31:36] qwen3_14b_think1024_weather cases_009  steps  11- 19: 284.2s  total: 567.2s  (20/100)
[2026-04-22 12:36:32] qwen3_14b_think1024_weather cases_009  steps  21- 29: 296.1s  total: 863.3s  (30/100)
[2026-04-22 12:41:46] qwen3_14b_think1024_weather cases_009  steps  31- 39: 313.9s  total: 1177.2s  (40/100)
[2026-04-22 12:46:41] qwen3_14b_think1024_weather cases_009  steps  41- 49: 295.5s  total: 1472.7s  (50/100)
[2026-04-22 12:51:02] qwen3_14b_think1024_weather cases_009  steps  51- 59: 261.0s  total: 1733.7s  (60/100)
[2026-04-22 12:54:50] qwen3_14b_think1024_weather cases_009  steps  61- 69: 227.3s  total: 1961.0s  (70/100)
[2026-04-22 12:59:33] qwen3_14b_think1024_weather cases_009  steps  71- 79: 282.7s  total: 2243.8s  (80/100)
[2026-04-22 13:04:54] qwen3_14b_think1024_weather cases_009  steps  81- 89: 321.5s  total: 2565.3s  (90/100)
[2026-04-22 13:10:07] qwen3_14b_think1024_weather cases_009  steps  91- 99: 312.5s  total: 2877.8s  (100/100)
[2026-04-22 13:10:07] DONE qwen3_14b_think1024_weather cases_009  total: 2877.8s  (28.78s/step)
[2026-04-22 13:10:07]   tokens: 114,962 in + 116,335 out (reasoning: 0)  cost: $0.0000
[2026-04-23 13:45:27] START ds_online cases_000 (100 steps, two-turn)
[2026-04-23 13:45:45] ds_online cases_000  steps   1-  9: 18.1s  total: 18.1s  (10/100)
[2026-04-23 13:46:03] ds_online cases_000  steps  11- 19: 17.9s  total: 36.0s  (20/100)
[2026-04-23 13:46:21] ds_online cases_000  steps  21- 29: 18.6s  total: 54.7s  (30/100)
[2026-04-23 13:46:40] ds_online cases_000  steps  31- 39: 18.6s  total: 73.2s  (40/100)
[2026-04-23 13:46:59] ds_online cases_000  steps  41- 49: 18.8s  total: 92.1s  (50/100)
[2026-04-23 13:47:17] ds_online cases_000  steps  51- 59: 18.1s  total: 110.1s  (60/100)
[2026-04-23 13:47:36] ds_online cases_000  steps  61- 69: 19.2s  total: 129.3s  (70/100)
[2026-04-23 13:47:55] ds_online cases_000  steps  71- 79: 18.8s  total: 148.1s  (80/100)
[2026-04-23 13:48:15] ds_online cases_000  steps  81- 89: 20.0s  total: 168.2s  (90/100)
[2026-04-23 13:48:34] ds_online cases_000  steps  91- 99: 18.9s  total: 187.0s  (100/100)
[2026-04-23 13:48:35] DONE ds_online cases_000  total: 187.0s  (1.87s/step)
[2026-04-23 13:48:35]   tokens: 102,416 in + 4,242 out (reasoning: 0)  cost: $0.0323
[2026-04-23 13:48:35] START ds_online cases_001 (100 steps, two-turn)
[2026-04-23 13:48:52] ds_online cases_001  steps   1-  9: 17.3s  total: 17.3s  (10/100)
[2026-04-23 13:49:10] ds_online cases_001  steps  11- 19: 17.7s  total: 35.0s  (20/100)
[2026-04-23 13:49:31] ds_online cases_001  steps  21- 29: 21.4s  total: 56.4s  (30/100)
[2026-04-23 13:49:48] ds_online cases_001  steps  31- 39: 17.2s  total: 73.5s  (40/100)
[2026-04-23 13:50:05] ds_online cases_001  steps  41- 49: 16.5s  total: 90.0s  (50/100)
[2026-04-23 13:50:21] ds_online cases_001  steps  51- 59: 16.3s  total: 106.3s  (60/100)
[2026-04-23 13:50:38] ds_online cases_001  steps  61- 69: 16.9s  total: 123.2s  (70/100)
[2026-04-23 13:50:55] ds_online cases_001  steps  71- 79: 17.1s  total: 140.3s  (80/100)
[2026-04-23 13:51:12] ds_online cases_001  steps  81- 89: 17.2s  total: 157.5s  (90/100)
[2026-04-23 13:51:29] ds_online cases_001  steps  91- 99: 16.7s  total: 174.3s  (100/100)
[2026-04-23 13:51:30] DONE ds_online cases_001  total: 174.3s  (1.74s/step)
[2026-04-23 13:51:30]   tokens: 99,712 in + 2,975 out (reasoning: 0)  cost: $0.0302
[2026-04-23 13:51:30] START ds_online cases_002 (100 steps, two-turn)
[2026-04-23 13:51:49] ds_online cases_002  steps   1-  9: 19.7s  total: 19.7s  (10/100)
[2026-04-23 13:52:16] ds_online cases_002  steps  11- 19: 26.4s  total: 46.1s  (20/100)
[2026-04-23 13:52:35] ds_online cases_002  steps  21- 29: 18.9s  total: 65.0s  (30/100)
[2026-04-23 13:52:59] ds_online cases_002  steps  31- 39: 24.0s  total: 88.9s  (40/100)
[2026-04-23 13:53:18] ds_online cases_002  steps  41- 49: 19.9s  total: 108.8s  (50/100)
[2026-04-23 13:53:35] ds_online cases_002  steps  51- 59: 17.1s  total: 125.9s  (60/100)
[2026-04-23 13:53:59] ds_online cases_002  steps  61- 69: 23.2s  total: 149.1s  (70/100)
[2026-04-23 13:54:16] ds_online cases_002  steps  71- 79: 17.1s  total: 166.2s  (80/100)
[2026-04-23 13:54:33] ds_online cases_002  steps  81- 89: 17.3s  total: 183.5s  (90/100)
[2026-04-23 13:54:50] ds_online cases_002  steps  91- 99: 17.4s  total: 200.9s  (100/100)
[2026-04-23 13:54:51] DONE ds_online cases_002  total: 200.9s  (2.01s/step)
[2026-04-23 13:54:51]   tokens: 105,600 in + 5,825 out (reasoning: 0)  cost: $0.0349
[2026-04-23 13:54:51] START ds_online cases_003 (100 steps, two-turn)
[2026-04-23 13:55:12] ds_online cases_003  steps   1-  9: 20.7s  total: 20.7s  (10/100)
[2026-04-23 13:55:36] ds_online cases_003  steps  11- 19: 23.9s  total: 44.6s  (20/100)
[2026-04-23 13:55:55] ds_online cases_003  steps  21- 29: 19.4s  total: 64.1s  (30/100)
[2026-04-23 13:56:13] ds_online cases_003  steps  31- 39: 18.3s  total: 82.3s  (40/100)
[2026-04-23 13:56:31] ds_online cases_003  steps  41- 49: 17.3s  total: 99.7s  (50/100)
[2026-04-23 13:56:49] ds_online cases_003  steps  51- 59: 18.0s  total: 117.6s  (60/100)
[2026-04-23 13:57:06] ds_online cases_003  steps  61- 69: 17.7s  total: 135.4s  (70/100)
[2026-04-23 13:57:24] ds_online cases_003  steps  71- 79: 17.8s  total: 153.1s  (80/100)
[2026-04-23 13:57:42] ds_online cases_003  steps  81- 89: 18.1s  total: 171.2s  (90/100)
[2026-04-23 13:58:00] ds_online cases_003  steps  91- 99: 18.0s  total: 189.2s  (100/100)
[2026-04-23 13:58:01] DONE ds_online cases_003  total: 189.2s  (1.89s/step)
[2026-04-23 13:58:01]   tokens: 103,570 in + 4,926 out (reasoning: 0)  cost: $0.0334
[2026-04-23 13:58:01] START ds_online cases_004 (100 steps, two-turn)
[2026-04-23 13:58:17] ds_online cases_004  steps   1-  9: 16.0s  total: 16.0s  (10/100)
[2026-04-23 13:58:32] ds_online cases_004  steps  11- 19: 15.0s  total: 31.0s  (20/100)
[2026-04-23 13:58:48] ds_online cases_004  steps  21- 29: 15.8s  total: 46.8s  (30/100)
[2026-04-23 13:59:03] ds_online cases_004  steps  31- 39: 15.7s  total: 62.5s  (40/100)
[2026-04-23 13:59:20] ds_online cases_004  steps  41- 49: 16.4s  total: 78.9s  (50/100)
[2026-04-23 13:59:36] ds_online cases_004  steps  51- 59: 16.3s  total: 95.2s  (60/100)
[2026-04-23 13:59:52] ds_online cases_004  steps  61- 69: 15.7s  total: 110.9s  (70/100)
[2026-04-23 14:00:08] ds_online cases_004  steps  71- 79: 16.4s  total: 127.3s  (80/100)
[2026-04-23 14:00:25] ds_online cases_004  steps  81- 89: 16.5s  total: 143.8s  (90/100)
[2026-04-23 14:00:41] ds_online cases_004  steps  91- 99: 16.6s  total: 160.5s  (100/100)
[2026-04-23 14:00:42] DONE ds_online cases_004  total: 160.5s  (1.60s/step)
[2026-04-23 14:00:42]   tokens: 98,390 in + 2,308 out (reasoning: 0)  cost: $0.0291
[2026-04-23 14:00:42] START ds_online cases_005 (100 steps, two-turn)
[2026-04-23 14:00:58] ds_online cases_005  steps   1-  9: 16.0s  total: 16.0s  (10/100)
[2026-04-23 14:01:14] ds_online cases_005  steps  11- 19: 16.0s  total: 32.0s  (20/100)
[2026-04-23 14:01:30] ds_online cases_005  steps  21- 29: 16.4s  total: 48.5s  (30/100)
[2026-04-23 14:01:47] ds_online cases_005  steps  31- 39: 16.2s  total: 64.7s  (40/100)
[2026-04-23 14:02:03] ds_online cases_005  steps  41- 49: 16.3s  total: 81.0s  (50/100)
[2026-04-23 14:02:19] ds_online cases_005  steps  51- 59: 15.9s  total: 96.9s  (60/100)
[2026-04-23 14:02:35] ds_online cases_005  steps  61- 69: 16.6s  total: 113.5s  (70/100)
[2026-04-23 14:02:51] ds_online cases_005  steps  71- 79: 16.1s  total: 129.6s  (80/100)
[2026-04-23 14:03:08] ds_online cases_005  steps  81- 89: 16.6s  total: 146.1s  (90/100)
[2026-04-23 14:03:24] ds_online cases_005  steps  91- 99: 15.9s  total: 162.0s  (100/100)
[2026-04-23 14:03:24] DONE ds_online cases_005  total: 162.0s  (1.62s/step)
[2026-04-23 14:03:24]   tokens: 98,270 in + 2,247 out (reasoning: 0)  cost: $0.0290
[2026-04-23 14:03:24] START ds_online cases_006 (100 steps, two-turn)
[2026-04-23 14:03:41] ds_online cases_006  steps   1-  9: 16.7s  total: 16.7s  (10/100)
[2026-04-23 14:03:58] ds_online cases_006  steps  11- 19: 16.9s  total: 33.7s  (20/100)
[2026-04-23 14:04:16] ds_online cases_006  steps  21- 29: 17.5s  total: 51.2s  (30/100)
[2026-04-23 14:04:34] ds_online cases_006  steps  31- 39: 18.5s  total: 69.7s  (40/100)
[2026-04-23 14:04:51] ds_online cases_006  steps  41- 49: 17.2s  total: 86.9s  (50/100)
[2026-04-23 14:05:17] ds_online cases_006  steps  51- 59: 25.6s  total: 112.4s  (60/100)
[2026-04-23 14:06:04] ds_online cases_006  steps  61- 69: 47.0s  total: 159.5s  (70/100)
[2026-04-23 14:06:25] ds_online cases_006  steps  71- 79: 21.3s  total: 180.8s  (80/100)
[2026-04-23 14:06:43] ds_online cases_006  steps  81- 89: 17.3s  total: 198.1s  (90/100)
[2026-04-23 14:07:00] ds_online cases_006  steps  91- 99: 17.8s  total: 215.9s  (100/100)
[2026-04-23 14:07:01] DONE ds_online cases_006  total: 215.9s  (2.16s/step)
[2026-04-23 14:07:01]   tokens: 107,760 in + 6,954 out (reasoning: 0)  cost: $0.0367
[2026-04-23 14:07:01] START ds_online cases_007 (100 steps, two-turn)
[2026-04-23 14:07:18] ds_online cases_007  steps   1-  9: 17.3s  total: 17.3s  (10/100)
[2026-04-23 14:07:36] ds_online cases_007  steps  11- 19: 17.9s  total: 35.2s  (20/100)
[2026-04-23 14:07:54] ds_online cases_007  steps  21- 29: 17.5s  total: 52.7s  (30/100)
[2026-04-23 14:08:12] ds_online cases_007  steps  31- 39: 18.3s  total: 71.0s  (40/100)
[2026-04-23 14:08:30] ds_online cases_007  steps  41- 49: 18.0s  total: 89.0s  (50/100)
[2026-04-23 14:08:47] ds_online cases_007  steps  51- 59: 17.6s  total: 106.6s  (60/100)
[2026-04-23 14:09:07] ds_online cases_007  steps  61- 69: 19.2s  total: 125.8s  (70/100)
[2026-04-23 14:09:25] ds_online cases_007  steps  71- 79: 18.1s  total: 143.9s  (80/100)
[2026-04-23 14:09:43] ds_online cases_007  steps  81- 89: 18.4s  total: 162.3s  (90/100)
[2026-04-23 14:10:01] ds_online cases_007  steps  91- 99: 17.9s  total: 180.2s  (100/100)
[2026-04-23 14:10:02] DONE ds_online cases_007  total: 180.2s  (1.80s/step)
[2026-04-23 14:10:02]   tokens: 100,952 in + 3,504 out (reasoning: 0)  cost: $0.0311
[2026-04-23 14:10:02] START ds_online cases_008 (100 steps, two-turn)
[2026-04-23 14:10:24] ds_online cases_008  steps   1-  9: 21.9s  total: 21.9s  (10/100)
[2026-04-23 14:10:53] ds_online cases_008  steps  11- 19: 29.8s  total: 51.7s  (20/100)
[2026-04-23 14:11:14] ds_online cases_008  steps  21- 29: 20.2s  total: 71.9s  (30/100)
[2026-04-23 14:11:32] ds_online cases_008  steps  31- 39: 18.8s  total: 90.7s  (40/100)
[2026-04-23 14:11:52] ds_online cases_008  steps  41- 49: 19.5s  total: 110.2s  (50/100)
[2026-04-23 14:12:12] ds_online cases_008  steps  51- 59: 19.7s  total: 130.0s  (60/100)
[2026-04-23 14:12:38] ds_online cases_008  steps  61- 69: 26.0s  total: 156.0s  (70/100)
[2026-04-23 14:12:57] ds_online cases_008  steps  71- 79: 19.6s  total: 175.6s  (80/100)
[2026-04-23 14:13:19] ds_online cases_008  steps  81- 89: 21.6s  total: 197.2s  (90/100)
[2026-04-23 14:13:43] ds_online cases_008  steps  91- 99: 23.8s  total: 220.9s  (100/100)
[2026-04-23 14:13:43] DONE ds_online cases_008  total: 220.9s  (2.21s/step)
[2026-04-23 14:13:43]   tokens: 109,074 in + 7,565 out (reasoning: 0)  cost: $0.0378
[2026-04-23 14:13:43] START ds_online cases_009 (100 steps, two-turn)
[2026-04-23 14:14:00] ds_online cases_009  steps   1-  9: 16.8s  total: 16.8s  (10/100)
[2026-04-23 14:14:18] ds_online cases_009  steps  11- 19: 18.3s  total: 35.2s  (20/100)
[2026-04-23 14:14:36] ds_online cases_009  steps  21- 29: 17.8s  total: 52.9s  (30/100)
[2026-04-23 14:14:54] ds_online cases_009  steps  31- 39: 18.3s  total: 71.2s  (40/100)
[2026-04-23 14:15:13] ds_online cases_009  steps  41- 49: 18.1s  total: 89.3s  (50/100)
[2026-04-23 14:15:31] ds_online cases_009  steps  51- 59: 18.0s  total: 107.3s  (60/100)
[2026-04-23 14:15:49] ds_online cases_009  steps  61- 69: 18.6s  total: 125.9s  (70/100)
[2026-04-23 14:16:07] ds_online cases_009  steps  71- 79: 17.9s  total: 143.9s  (80/100)
[2026-04-23 14:16:25] ds_online cases_009  steps  81- 89: 18.1s  total: 162.0s  (90/100)
[2026-04-23 14:16:44] ds_online cases_009  steps  91- 99: 18.7s  total: 180.7s  (100/100)
[2026-04-23 14:16:44] DONE ds_online cases_009  total: 180.7s  (1.81s/step)
[2026-04-23 14:16:44]   tokens: 101,448 in + 3,760 out (reasoning: 0)  cost: $0.0315
[2026-04-23 14:16:44] START ds_weather cases_000 (100 steps, two-turn)
[2026-04-23 14:17:03] ds_weather cases_000  steps   1-  9: 18.3s  total: 18.3s  (10/100)
[2026-04-23 14:17:21] ds_weather cases_000  steps  11- 19: 17.9s  total: 36.2s  (20/100)
[2026-04-23 14:17:39] ds_weather cases_000  steps  21- 29: 18.3s  total: 54.5s  (30/100)
[2026-04-23 14:17:57] ds_weather cases_000  steps  31- 39: 18.1s  total: 72.6s  (40/100)
[2026-04-23 14:18:15] ds_weather cases_000  steps  41- 49: 17.6s  total: 90.2s  (50/100)
[2026-04-23 14:18:32] ds_weather cases_000  steps  51- 59: 17.8s  total: 108.0s  (60/100)
[2026-04-23 14:18:50] ds_weather cases_000  steps  61- 69: 17.8s  total: 125.7s  (70/100)
[2026-04-23 14:19:08] ds_weather cases_000  steps  71- 79: 17.3s  total: 143.1s  (80/100)
[2026-04-23 14:19:26] ds_weather cases_000  steps  81- 89: 18.1s  total: 161.2s  (90/100)
[2026-04-23 14:19:44] ds_weather cases_000  steps  91- 99: 18.1s  total: 179.3s  (100/100)
[2026-04-23 14:19:44] DONE ds_weather cases_000  total: 179.3s  (1.79s/step)
[2026-04-23 14:19:44]   tokens: 115,352 in + 3,600 out (reasoning: 0)  cost: $0.0351
[2026-04-23 14:19:44] START ds_weather cases_001 (100 steps, two-turn)
[2026-04-23 14:20:02] ds_weather cases_001  steps   1-  9: 18.0s  total: 18.0s  (10/100)
[2026-04-23 14:20:20] ds_weather cases_001  steps  11- 19: 17.9s  total: 35.9s  (20/100)
[2026-04-23 14:20:39] ds_weather cases_001  steps  21- 29: 18.2s  total: 54.1s  (30/100)
[2026-04-23 14:20:56] ds_weather cases_001  steps  31- 39: 17.5s  total: 71.6s  (40/100)
[2026-04-23 14:21:14] ds_weather cases_001  steps  41- 49: 18.1s  total: 89.7s  (50/100)
[2026-04-23 14:21:32] ds_weather cases_001  steps  51- 59: 17.9s  total: 107.6s  (60/100)
[2026-04-23 14:21:50] ds_weather cases_001  steps  61- 69: 17.5s  total: 125.1s  (70/100)
[2026-04-23 14:22:07] ds_weather cases_001  steps  71- 79: 17.7s  total: 142.9s  (80/100)
[2026-04-23 14:22:25] ds_weather cases_001  steps  81- 89: 18.0s  total: 160.9s  (90/100)
[2026-04-23 14:22:43] ds_weather cases_001  steps  91- 99: 17.5s  total: 178.5s  (100/100)
[2026-04-23 14:22:43] DONE ds_weather cases_001  total: 178.5s  (1.78s/step)
[2026-04-23 14:22:43]   tokens: 115,352 in + 3,600 out (reasoning: 0)  cost: $0.0351
[2026-04-23 14:22:43] START ds_weather cases_002 (100 steps, two-turn)
[2026-04-23 14:23:03] ds_weather cases_002  steps   1-  9: 19.1s  total: 19.1s  (10/100)
[2026-04-23 14:23:24] ds_weather cases_002  steps  11- 19: 21.2s  total: 40.3s  (20/100)
[2026-04-23 14:23:46] ds_weather cases_002  steps  21- 29: 21.9s  total: 62.2s  (30/100)
[2026-04-23 14:24:07] ds_weather cases_002  steps  31- 39: 21.3s  total: 83.6s  (40/100)
[2026-04-23 14:24:29] ds_weather cases_002  steps  41- 49: 22.2s  total: 105.7s  (50/100)
[2026-04-23 14:24:50] ds_weather cases_002  steps  51- 59: 21.3s  total: 127.1s  (60/100)
[2026-04-23 14:25:12] ds_weather cases_002  steps  61- 69: 21.9s  total: 148.9s  (70/100)
[2026-04-23 14:25:34] ds_weather cases_002  steps  71- 79: 21.8s  total: 170.8s  (80/100)
[2026-04-23 14:25:55] ds_weather cases_002  steps  81- 89: 20.7s  total: 191.4s  (90/100)
[2026-04-23 14:26:14] ds_weather cases_002  steps  91- 99: 19.5s  total: 210.9s  (100/100)
[2026-04-23 14:26:15] DONE ds_weather cases_002  total: 210.9s  (2.11s/step)
[2026-04-23 14:26:15]   tokens: 121,664 in + 6,868 out (reasoning: 0)  cost: $0.0404
[2026-04-23 14:26:15] START ds_weather cases_003 (100 steps, two-turn)
[2026-04-23 14:26:32] ds_weather cases_003  steps   1-  9: 17.1s  total: 17.1s  (10/100)
[2026-04-23 14:26:50] ds_weather cases_003  steps  11- 19: 17.5s  total: 34.7s  (20/100)
[2026-04-23 14:27:07] ds_weather cases_003  steps  21- 29: 17.2s  total: 51.9s  (30/100)
[2026-04-23 14:27:25] ds_weather cases_003  steps  31- 39: 17.9s  total: 69.8s  (40/100)
[2026-04-23 14:27:42] ds_weather cases_003  steps  41- 49: 17.0s  total: 86.8s  (50/100)
[2026-04-23 14:27:59] ds_weather cases_003  steps  51- 59: 17.2s  total: 104.0s  (60/100)
[2026-04-23 14:28:17] ds_weather cases_003  steps  61- 69: 17.8s  total: 121.8s  (70/100)
[2026-04-23 14:28:35] ds_weather cases_003  steps  71- 79: 18.0s  total: 139.8s  (80/100)
[2026-04-23 14:28:52] ds_weather cases_003  steps  81- 89: 17.6s  total: 157.4s  (90/100)
[2026-04-23 14:29:10] ds_weather cases_003  steps  91- 99: 17.5s  total: 174.9s  (100/100)
[2026-04-23 14:29:10] DONE ds_weather cases_003  total: 174.9s  (1.75s/step)
[2026-04-23 14:29:10]   tokens: 116,342 in + 3,483 out (reasoning: 0)  cost: $0.0352
[2026-04-23 14:29:10] START ds_weather cases_004 (100 steps, two-turn)
[2026-04-23 14:29:28] ds_weather cases_004  steps   1-  9: 17.6s  total: 17.6s  (10/100)
[2026-04-23 14:29:46] ds_weather cases_004  steps  11- 19: 18.1s  total: 35.8s  (20/100)
[2026-04-23 14:30:04] ds_weather cases_004  steps  21- 29: 18.2s  total: 54.0s  (30/100)
[2026-04-23 14:30:22] ds_weather cases_004  steps  31- 39: 18.1s  total: 72.1s  (40/100)
[2026-04-23 14:30:40] ds_weather cases_004  steps  41- 49: 17.7s  total: 89.8s  (50/100)
[2026-04-23 14:30:58] ds_weather cases_004  steps  51- 59: 17.8s  total: 107.6s  (60/100)
[2026-04-23 14:31:16] ds_weather cases_004  steps  61- 69: 17.9s  total: 125.6s  (70/100)
[2026-04-23 14:31:34] ds_weather cases_004  steps  71- 79: 17.7s  total: 143.3s  (80/100)
[2026-04-23 14:31:52] ds_weather cases_004  steps  81- 89: 18.0s  total: 161.3s  (90/100)
[2026-04-23 14:32:10] ds_weather cases_004  steps  91- 99: 18.1s  total: 179.3s  (100/100)
[2026-04-23 14:32:10] DONE ds_weather cases_004  total: 179.3s  (1.79s/step)
[2026-04-23 14:32:10]   tokens: 115,352 in + 3,600 out (reasoning: 0)  cost: $0.0351
[2026-04-23 14:32:10] START ds_weather cases_005 (100 steps, two-turn)
[2026-04-23 14:32:27] ds_weather cases_005  steps   1-  9: 17.3s  total: 17.3s  (10/100)
[2026-04-23 14:32:46] ds_weather cases_005  steps  11- 19: 18.2s  total: 35.5s  (20/100)
[2026-04-23 14:33:03] ds_weather cases_005  steps  21- 29: 17.8s  total: 53.2s  (30/100)
[2026-04-23 14:33:21] ds_weather cases_005  steps  31- 39: 17.4s  total: 70.6s  (40/100)
[2026-04-23 14:33:38] ds_weather cases_005  steps  41- 49: 17.3s  total: 87.9s  (50/100)
[2026-04-23 14:33:56] ds_weather cases_005  steps  51- 59: 18.0s  total: 105.9s  (60/100)
[2026-04-23 14:34:14] ds_weather cases_005  steps  61- 69: 17.9s  total: 123.9s  (70/100)
[2026-04-23 14:34:32] ds_weather cases_005  steps  71- 79: 17.6s  total: 141.5s  (80/100)
[2026-04-23 14:34:50] ds_weather cases_005  steps  81- 89: 18.0s  total: 159.5s  (90/100)
[2026-04-23 14:35:07] ds_weather cases_005  steps  91- 99: 17.4s  total: 176.9s  (100/100)
[2026-04-23 14:35:08] DONE ds_weather cases_005  total: 176.9s  (1.77s/step)
[2026-04-23 14:35:08]   tokens: 115,352 in + 3,600 out (reasoning: 0)  cost: $0.0351
[2026-04-23 14:35:08] START ds_weather cases_006 (100 steps, two-turn)
[2026-04-23 14:35:25] ds_weather cases_006  steps   1-  9: 17.7s  total: 17.7s  (10/100)
[2026-04-23 14:35:43] ds_weather cases_006  steps  11- 19: 18.0s  total: 35.7s  (20/100)
[2026-04-23 14:36:01] ds_weather cases_006  steps  21- 29: 17.4s  total: 53.2s  (30/100)
[2026-04-23 14:36:18] ds_weather cases_006  steps  31- 39: 17.1s  total: 70.3s  (40/100)
[2026-04-23 14:36:36] ds_weather cases_006  steps  41- 49: 17.8s  total: 88.1s  (50/100)
[2026-04-23 14:36:53] ds_weather cases_006  steps  51- 59: 17.3s  total: 105.4s  (60/100)
[2026-04-23 14:37:10] ds_weather cases_006  steps  61- 69: 17.3s  total: 122.7s  (70/100)
[2026-04-23 14:37:28] ds_weather cases_006  steps  71- 79: 17.5s  total: 140.2s  (80/100)
[2026-04-23 14:37:45] ds_weather cases_006  steps  81- 89: 17.4s  total: 157.5s  (90/100)
[2026-04-23 14:38:03] ds_weather cases_006  steps  91- 99: 17.8s  total: 175.4s  (100/100)
[2026-04-23 14:38:04] DONE ds_weather cases_006  total: 175.4s  (1.75s/step)
[2026-04-23 14:38:04]   tokens: 115,352 in + 3,600 out (reasoning: 0)  cost: $0.0351
[2026-04-23 14:38:04] START ds_weather cases_007 (100 steps, two-turn)
[2026-04-23 14:38:21] ds_weather cases_007  steps   1-  9: 17.4s  total: 17.4s  (10/100)
[2026-04-23 14:38:38] ds_weather cases_007  steps  11- 19: 17.3s  total: 34.7s  (20/100)
[2026-04-23 14:38:56] ds_weather cases_007  steps  21- 29: 17.5s  total: 52.2s  (30/100)
[2026-04-23 14:39:13] ds_weather cases_007  steps  31- 39: 17.4s  total: 69.6s  (40/100)
[2026-04-23 14:39:31] ds_weather cases_007  steps  41- 49: 17.7s  total: 87.3s  (50/100)
[2026-04-23 14:39:49] ds_weather cases_007  steps  51- 59: 17.6s  total: 104.9s  (60/100)
[2026-04-23 14:40:07] ds_weather cases_007  steps  61- 69: 18.0s  total: 122.9s  (70/100)
[2026-04-23 14:40:24] ds_weather cases_007  steps  71- 79: 17.5s  total: 140.5s  (80/100)
[2026-04-23 14:40:43] ds_weather cases_007  steps  81- 89: 18.5s  total: 158.9s  (90/100)
[2026-04-23 14:41:00] ds_weather cases_007  steps  91- 99: 17.4s  total: 176.3s  (100/100)
[2026-04-23 14:41:01] DONE ds_weather cases_007  total: 176.3s  (1.76s/step)
[2026-04-23 14:41:01]   tokens: 115,352 in + 3,600 out (reasoning: 0)  cost: $0.0351
[2026-04-23 14:41:01] START ds_weather cases_008 (100 steps, two-turn)
[2026-04-23 14:41:18] ds_weather cases_008  steps   1-  9: 17.3s  total: 17.3s  (10/100)
[2026-04-23 14:41:36] ds_weather cases_008  steps  11- 19: 17.6s  total: 34.9s  (20/100)
[2026-04-23 14:41:53] ds_weather cases_008  steps  21- 29: 17.9s  total: 52.8s  (30/100)
[2026-04-23 14:42:11] ds_weather cases_008  steps  31- 39: 17.6s  total: 70.4s  (40/100)
[2026-04-23 14:42:29] ds_weather cases_008  steps  41- 49: 17.9s  total: 88.3s  (50/100)
[2026-04-23 14:42:46] ds_weather cases_008  steps  51- 59: 17.2s  total: 105.5s  (60/100)
[2026-04-23 14:43:05] ds_weather cases_008  steps  61- 69: 18.9s  total: 124.4s  (70/100)
[2026-04-23 14:43:24] ds_weather cases_008  steps  71- 79: 19.3s  total: 143.7s  (80/100)
[2026-04-23 14:43:43] ds_weather cases_008  steps  81- 89: 18.5s  total: 162.2s  (90/100)
[2026-04-23 14:44:00] ds_weather cases_008  steps  91- 99: 17.7s  total: 179.9s  (100/100)
[2026-04-23 14:44:01] DONE ds_weather cases_008  total: 179.9s  (1.80s/step)
[2026-04-23 14:44:01]   tokens: 115,352 in + 3,600 out (reasoning: 0)  cost: $0.0351
[2026-04-23 14:44:01] START ds_weather cases_009 (100 steps, two-turn)
[2026-04-23 14:44:19] ds_weather cases_009  steps   1-  9: 17.3s  total: 17.3s  (10/100)
[2026-04-23 14:44:36] ds_weather cases_009  steps  11- 19: 17.7s  total: 35.0s  (20/100)
[2026-04-23 14:44:55] ds_weather cases_009  steps  21- 29: 18.5s  total: 53.5s  (30/100)
[2026-04-23 14:45:12] ds_weather cases_009  steps  31- 39: 17.0s  total: 70.5s  (40/100)
[2026-04-23 14:45:29] ds_weather cases_009  steps  41- 49: 17.3s  total: 87.8s  (50/100)
[2026-04-23 14:45:47] ds_weather cases_009  steps  51- 59: 18.3s  total: 106.1s  (60/100)
[2026-04-23 14:46:05] ds_weather cases_009  steps  61- 69: 18.1s  total: 124.1s  (70/100)
[2026-04-23 14:46:23] ds_weather cases_009  steps  71- 79: 17.7s  total: 141.8s  (80/100)
[2026-04-23 14:46:41] ds_weather cases_009  steps  81- 89: 17.6s  total: 159.4s  (90/100)
[2026-04-23 14:46:59] ds_weather cases_009  steps  91- 99: 17.9s  total: 177.3s  (100/100)
[2026-04-23 14:46:59] DONE ds_weather cases_009  total: 177.3s  (1.77s/step)
[2026-04-23 14:46:59]   tokens: 112,964 in + 2,494 out (reasoning: 0)  cost: $0.0332
[2026-04-26 23:40:44] START ds_weather_no_morereliable cases_000 (100 steps, two-turn)
[2026-04-26 23:41:09] ds_weather_no_morereliable cases_000  steps   1-  9: 24.4s  total: 24.4s  (10/100)
[2026-04-26 23:41:31] ds_weather_no_morereliable cases_000  steps  11- 19: 22.4s  total: 46.8s  (20/100)
[2026-04-26 23:41:53] ds_weather_no_morereliable cases_000  steps  21- 29: 21.8s  total: 68.6s  (30/100)
[2026-04-26 23:42:15] ds_weather_no_morereliable cases_000  steps  31- 39: 21.9s  total: 90.5s  (40/100)
[2026-04-26 23:42:39] ds_weather_no_morereliable cases_000  steps  41- 49: 24.6s  total: 115.1s  (50/100)
[2026-04-26 23:43:03] ds_weather_no_morereliable cases_000  steps  51- 59: 23.4s  total: 138.5s  (60/100)
[2026-04-26 23:43:28] ds_weather_no_morereliable cases_000  steps  61- 69: 25.1s  total: 163.6s  (70/100)
[2026-04-26 23:43:54] ds_weather_no_morereliable cases_000  steps  71- 79: 26.1s  total: 189.7s  (80/100)
[2026-04-26 23:44:18] ds_weather_no_morereliable cases_000  steps  81- 89: 23.5s  total: 213.2s  (90/100)
[2026-04-26 23:44:45] ds_weather_no_morereliable cases_000  steps  91- 99: 27.1s  total: 240.4s  (100/100)
[2026-04-26 23:44:45] DONE ds_weather_no_morereliable cases_000  total: 240.4s  (2.40s/step)
[2026-04-26 23:44:45]   tokens: 111,432 in + 3,540 out (reasoning: 0)  cost: $0.0340
[2026-04-26 23:44:45] START ds_weather_no_morereliable cases_001 (100 steps, two-turn)
[2026-04-26 23:45:07] ds_weather_no_morereliable cases_001  steps   1-  9: 21.1s  total: 21.1s  (10/100)
[2026-04-26 23:45:29] ds_weather_no_morereliable cases_001  steps  11- 19: 22.1s  total: 43.2s  (20/100)
[2026-04-26 23:45:51] ds_weather_no_morereliable cases_001  steps  21- 29: 22.8s  total: 66.0s  (30/100)
[2026-04-26 23:46:11] ds_weather_no_morereliable cases_001  steps  31- 39: 19.3s  total: 85.3s  (40/100)
[2026-04-26 23:46:33] ds_weather_no_morereliable cases_001  steps  41- 49: 22.7s  total: 108.0s  (50/100)
[2026-04-26 23:46:56] ds_weather_no_morereliable cases_001  steps  51- 59: 22.3s  total: 130.3s  (60/100)
[2026-04-26 23:47:15] ds_weather_no_morereliable cases_001  steps  61- 69: 19.3s  total: 149.7s  (70/100)
[2026-04-26 23:47:36] ds_weather_no_morereliable cases_001  steps  71- 79: 20.4s  total: 170.1s  (80/100)
[2026-04-26 23:47:55] ds_weather_no_morereliable cases_001  steps  81- 89: 20.0s  total: 190.0s  (90/100)
[2026-04-26 23:48:17] ds_weather_no_morereliable cases_001  steps  91- 99: 21.2s  total: 211.2s  (100/100)
[2026-04-26 23:48:17] DONE ds_weather_no_morereliable cases_001  total: 211.2s  (2.11s/step)
[2026-04-26 23:48:17]   tokens: 109,080 in + 2,452 out (reasoning: 0)  cost: $0.0321
[2026-04-26 23:48:17] START ds_weather_no_morereliable cases_002 (100 steps, two-turn)
[2026-04-26 23:48:40] ds_weather_no_morereliable cases_002  steps   1-  9: 23.1s  total: 23.1s  (10/100)
[2026-04-26 23:49:03] ds_weather_no_morereliable cases_002  steps  11- 19: 23.0s  total: 46.1s  (20/100)
[2026-04-26 23:49:25] ds_weather_no_morereliable cases_002  steps  21- 29: 21.6s  total: 67.7s  (30/100)
[2026-04-26 23:49:50] ds_weather_no_morereliable cases_002  steps  31- 39: 24.7s  total: 92.5s  (40/100)
[2026-04-26 23:50:12] ds_weather_no_morereliable cases_002  steps  41- 49: 22.9s  total: 115.4s  (50/100)
[2026-04-26 23:50:34] ds_weather_no_morereliable cases_002  steps  51- 59: 21.9s  total: 137.2s  (60/100)
[2026-04-26 23:50:56] ds_weather_no_morereliable cases_002  steps  61- 69: 21.2s  total: 158.4s  (70/100)
[2026-04-26 23:51:16] ds_weather_no_morereliable cases_002  steps  71- 79: 20.2s  total: 178.6s  (80/100)
[2026-04-26 23:51:36] ds_weather_no_morereliable cases_002  steps  81- 89: 20.0s  total: 198.6s  (90/100)
[2026-04-26 23:51:55] ds_weather_no_morereliable cases_002  steps  91- 99: 19.1s  total: 217.6s  (100/100)
[2026-04-26 23:51:55] DONE ds_weather_no_morereliable cases_002  total: 217.6s  (2.18s/step)
[2026-04-26 23:51:55]   tokens: 108,742 in + 2,266 out (reasoning: 0)  cost: $0.0319
[2026-04-26 23:51:55] START ds_weather_no_morereliable cases_003 (100 steps, two-turn)
[2026-04-26 23:52:25] ds_weather_no_morereliable cases_003  steps   1-  9: 29.6s  total: 29.6s  (10/100)
[2026-04-26 23:52:50] ds_weather_no_morereliable cases_003  steps  11- 19: 25.2s  total: 54.7s  (20/100)
[2026-04-26 23:53:18] ds_weather_no_morereliable cases_003  steps  21- 29: 27.6s  total: 82.3s  (30/100)
[2026-04-26 23:53:44] ds_weather_no_morereliable cases_003  steps  31- 39: 26.7s  total: 109.0s  (40/100)
[2026-04-26 23:54:11] ds_weather_no_morereliable cases_003  steps  41- 49: 26.9s  total: 135.9s  (50/100)
[2026-04-26 23:54:40] ds_weather_no_morereliable cases_003  steps  51- 59: 28.8s  total: 164.7s  (60/100)
[2026-04-26 23:55:06] ds_weather_no_morereliable cases_003  steps  61- 69: 25.6s  total: 190.4s  (70/100)
[2026-04-26 23:55:32] ds_weather_no_morereliable cases_003  steps  71- 79: 26.7s  total: 217.1s  (80/100)
[2026-04-26 23:55:59] ds_weather_no_morereliable cases_003  steps  81- 89: 26.5s  total: 243.6s  (90/100)
[2026-04-26 23:56:27] ds_weather_no_morereliable cases_003  steps  91- 99: 28.5s  total: 272.1s  (100/100)
[2026-04-26 23:56:28] DONE ds_weather_no_morereliable cases_003  total: 272.1s  (2.72s/step)
[2026-04-26 23:56:28]   tokens: 112,328 in + 3,992 out (reasoning: 0)  cost: $0.0347
[2026-04-26 23:56:28] START ds_weather_no_morereliable cases_004 (100 steps, two-turn)
[2026-04-26 23:56:51] ds_weather_no_morereliable cases_004  steps   1-  9: 23.2s  total: 23.2s  (10/100)
[2026-04-26 23:57:11] ds_weather_no_morereliable cases_004  steps  11- 19: 20.3s  total: 43.4s  (20/100)
[2026-04-26 23:57:31] ds_weather_no_morereliable cases_004  steps  21- 29: 20.1s  total: 63.5s  (30/100)
[2026-04-26 23:57:52] ds_weather_no_morereliable cases_004  steps  31- 39: 20.5s  total: 84.0s  (40/100)
[2026-04-26 23:58:10] ds_weather_no_morereliable cases_004  steps  41- 49: 18.6s  total: 102.6s  (50/100)
[2026-04-26 23:58:30] ds_weather_no_morereliable cases_004  steps  51- 59: 19.5s  total: 122.0s  (60/100)
[2026-04-26 23:58:48] ds_weather_no_morereliable cases_004  steps  61- 69: 17.8s  total: 139.8s  (70/100)
[2026-04-26 23:59:05] ds_weather_no_morereliable cases_004  steps  71- 79: 17.5s  total: 157.3s  (80/100)
[2026-04-26 23:59:25] ds_weather_no_morereliable cases_004  steps  81- 89: 19.5s  total: 176.9s  (90/100)
[2026-04-26 23:59:43] ds_weather_no_morereliable cases_004  steps  91- 99: 18.1s  total: 195.0s  (100/100)
[2026-04-26 23:59:43] DONE ds_weather_no_morereliable cases_004  total: 195.0s  (1.95s/step)
[2026-04-26 23:59:43]   tokens: 108,836 in + 2,330 out (reasoning: 0)  cost: $0.0319
[2026-04-26 23:59:43] START ds_weather_no_morereliable cases_005 (100 steps, two-turn)
[2026-04-27 00:00:03] ds_weather_no_morereliable cases_005  steps   1-  9: 19.4s  total: 19.4s  (10/100)
[2026-04-27 00:00:25] ds_weather_no_morereliable cases_005  steps  11- 19: 22.0s  total: 41.4s  (20/100)
[2026-04-27 00:00:45] ds_weather_no_morereliable cases_005  steps  21- 29: 20.4s  total: 61.8s  (30/100)
[2026-04-27 00:01:05] ds_weather_no_morereliable cases_005  steps  31- 39: 19.9s  total: 81.8s  (40/100)
[2026-04-27 00:01:26] ds_weather_no_morereliable cases_005  steps  41- 49: 21.0s  total: 102.8s  (50/100)
[2026-04-27 00:01:49] ds_weather_no_morereliable cases_005  steps  51- 59: 23.1s  total: 125.9s  (60/100)
[2026-04-27 00:02:09] ds_weather_no_morereliable cases_005  steps  61- 69: 20.0s  total: 145.9s  (70/100)
[2026-04-27 00:02:27] ds_weather_no_morereliable cases_005  steps  71- 79: 17.9s  total: 163.8s  (80/100)
[2026-04-27 00:02:48] ds_weather_no_morereliable cases_005  steps  81- 89: 20.8s  total: 184.6s  (90/100)
[2026-04-27 00:03:07] ds_weather_no_morereliable cases_005  steps  91- 99: 19.5s  total: 204.2s  (100/100)
[2026-04-27 00:03:08] DONE ds_weather_no_morereliable cases_005  total: 204.2s  (2.04s/step)
[2026-04-27 00:03:08]   tokens: 109,050 in + 2,437 out (reasoning: 0)  cost: $0.0321
[2026-04-27 00:03:08] START ds_weather_no_morereliable cases_006 (100 steps, two-turn)
[2026-04-27 00:03:30] ds_weather_no_morereliable cases_006  steps   1-  9: 21.5s  total: 21.5s  (10/100)
[2026-04-27 00:03:54] ds_weather_no_morereliable cases_006  steps  11- 19: 24.3s  total: 45.8s  (20/100)
[2026-04-27 00:04:19] ds_weather_no_morereliable cases_006  steps  21- 29: 24.9s  total: 70.6s  (30/100)
[2026-04-27 00:04:43] ds_weather_no_morereliable cases_006  steps  31- 39: 24.0s  total: 94.7s  (40/100)
[2026-04-27 00:05:08] ds_weather_no_morereliable cases_006  steps  41- 49: 25.3s  total: 119.9s  (50/100)
[2026-04-27 00:05:32] ds_weather_no_morereliable cases_006  steps  51- 59: 23.8s  total: 143.7s  (60/100)
[2026-04-27 00:05:55] ds_weather_no_morereliable cases_006  steps  61- 69: 23.7s  total: 167.4s  (70/100)
[2026-04-27 00:06:20] ds_weather_no_morereliable cases_006  steps  71- 79: 24.9s  total: 192.3s  (80/100)
[2026-04-27 00:06:44] ds_weather_no_morereliable cases_006  steps  81- 89: 24.0s  total: 216.2s  (90/100)
[2026-04-27 00:07:09] ds_weather_no_morereliable cases_006  steps  91- 99: 24.6s  total: 240.9s  (100/100)
[2026-04-27 00:07:09] DONE ds_weather_no_morereliable cases_006  total: 240.9s  (2.41s/step)
[2026-04-27 00:07:09]   tokens: 111,492 in + 3,570 out (reasoning: 0)  cost: $0.0340
[2026-04-27 00:07:09] START ds_weather_no_morereliable cases_007 (100 steps, two-turn)
[2026-04-27 00:07:31] ds_weather_no_morereliable cases_007  steps   1-  9: 22.0s  total: 22.0s  (10/100)
[2026-04-27 00:07:52] ds_weather_no_morereliable cases_007  steps  11- 19: 20.5s  total: 42.5s  (20/100)
[2026-04-27 00:08:13] ds_weather_no_morereliable cases_007  steps  21- 29: 20.8s  total: 63.3s  (30/100)
[2026-04-27 00:08:40] ds_weather_no_morereliable cases_007  steps  31- 39: 27.2s  total: 90.5s  (40/100)
[2026-04-27 00:09:07] ds_weather_no_morereliable cases_007  steps  41- 49: 27.4s  total: 118.0s  (50/100)
[2026-04-27 00:09:34] ds_weather_no_morereliable cases_007  steps  51- 59: 27.1s  total: 145.0s  (60/100)
[2026-04-27 00:10:01] ds_weather_no_morereliable cases_007  steps  61- 69: 27.0s  total: 172.1s  (70/100)
[2026-04-27 00:10:26] ds_weather_no_morereliable cases_007  steps  71- 79: 24.9s  total: 197.0s  (80/100)
[2026-04-27 00:10:53] ds_weather_no_morereliable cases_007  steps  81- 89: 26.9s  total: 223.9s  (90/100)
[2026-04-27 00:11:19] ds_weather_no_morereliable cases_007  steps  91- 99: 26.2s  total: 250.1s  (100/100)
[2026-04-27 00:11:20] DONE ds_weather_no_morereliable cases_007  total: 250.1s  (2.50s/step)
[2026-04-27 00:11:20]   tokens: 113,590 in + 4,635 out (reasoning: 0)  cost: $0.0358
[2026-04-27 00:11:20] START ds_weather_no_morereliable cases_008 (100 steps, two-turn)
[2026-04-27 00:11:44] ds_weather_no_morereliable cases_008  steps   1-  9: 24.1s  total: 24.1s  (10/100)
[2026-04-27 00:12:09] ds_weather_no_morereliable cases_008  steps  11- 19: 25.3s  total: 49.5s  (20/100)
[2026-04-27 00:12:36] ds_weather_no_morereliable cases_008  steps  21- 29: 26.6s  total: 76.1s  (30/100)
[2026-04-27 00:13:02] ds_weather_no_morereliable cases_008  steps  31- 39: 26.3s  total: 102.4s  (40/100)
[2026-04-27 00:13:29] ds_weather_no_morereliable cases_008  steps  41- 49: 26.4s  total: 128.7s  (50/100)
[2026-04-27 00:13:55] ds_weather_no_morereliable cases_008  steps  51- 59: 26.0s  total: 154.7s  (60/100)
[2026-04-27 00:14:21] ds_weather_no_morereliable cases_008  steps  61- 69: 26.3s  total: 181.1s  (70/100)
[2026-04-27 00:14:48] ds_weather_no_morereliable cases_008  steps  71- 79: 26.8s  total: 207.9s  (80/100)
[2026-04-27 00:15:15] ds_weather_no_morereliable cases_008  steps  81- 89: 27.3s  total: 235.2s  (90/100)
[2026-04-27 00:15:41] ds_weather_no_morereliable cases_008  steps  91- 99: 25.8s  total: 261.0s  (100/100)
[2026-04-27 00:15:41] DONE ds_weather_no_morereliable cases_008  total: 261.0s  (2.61s/step)
[2026-04-27 00:15:41]   tokens: 113,880 in + 4,876 out (reasoning: 0)  cost: $0.0361
[2026-04-27 00:15:42] START ds_weather_no_morereliable cases_009 (100 steps, two-turn)
[2026-04-27 00:16:00] ds_weather_no_morereliable cases_009  steps   1-  9: 18.6s  total: 18.6s  (10/100)
[2026-04-27 00:16:19] ds_weather_no_morereliable cases_009  steps  11- 19: 19.0s  total: 37.6s  (20/100)
[2026-04-27 00:16:40] ds_weather_no_morereliable cases_009  steps  21- 29: 20.7s  total: 58.3s  (30/100)
[2026-04-27 00:16:59] ds_weather_no_morereliable cases_009  steps  31- 39: 19.0s  total: 77.3s  (40/100)
[2026-04-27 00:17:18] ds_weather_no_morereliable cases_009  steps  41- 49: 19.6s  total: 96.9s  (50/100)
[2026-04-27 00:17:36] ds_weather_no_morereliable cases_009  steps  51- 59: 17.7s  total: 114.6s  (60/100)
[2026-04-27 00:17:55] ds_weather_no_morereliable cases_009  steps  61- 69: 18.8s  total: 133.4s  (70/100)
[2026-04-27 00:18:13] ds_weather_no_morereliable cases_009  steps  71- 79: 18.6s  total: 152.0s  (80/100)
[2026-04-27 00:18:32] ds_weather_no_morereliable cases_009  steps  81- 89: 18.9s  total: 170.9s  (90/100)
[2026-04-27 00:18:50] ds_weather_no_morereliable cases_009  steps  91- 99: 18.1s  total: 189.0s  (100/100)
[2026-04-27 00:18:51] DONE ds_weather_no_morereliable cases_009  total: 189.0s  (1.89s/step)
[2026-04-27 00:18:51]   tokens: 108,622 in + 2,219 out (reasoning: 0)  cost: $0.0318
[2026-04-27 00:18:52] START ds_online_acc cases_000 (100 steps, two-turn)
[2026-04-27 00:19:12] ds_online_acc cases_000  steps   1-  9: 20.7s  total: 20.7s  (10/100)
[2026-04-27 00:19:33] ds_online_acc cases_000  steps  11- 19: 20.2s  total: 41.0s  (20/100)
[2026-04-27 00:19:54] ds_online_acc cases_000  steps  21- 29: 20.9s  total: 61.8s  (30/100)
[2026-04-27 00:20:14] ds_online_acc cases_000  steps  31- 39: 20.0s  total: 81.9s  (40/100)
[2026-04-27 00:20:34] ds_online_acc cases_000  steps  41- 49: 20.6s  total: 102.4s  (50/100)
[2026-04-27 00:20:54] ds_online_acc cases_000  steps  51- 59: 19.4s  total: 121.9s  (60/100)
[2026-04-27 00:21:14] ds_online_acc cases_000  steps  61- 69: 19.9s  total: 141.8s  (70/100)
[2026-04-27 00:21:34] ds_online_acc cases_000  steps  71- 79: 20.0s  total: 161.7s  (80/100)
[2026-04-27 00:21:53] ds_online_acc cases_000  steps  81- 89: 19.6s  total: 181.4s  (90/100)
[2026-04-27 00:22:12] ds_online_acc cases_000  steps  91- 99: 19.1s  total: 200.5s  (100/100)
[2026-04-27 00:22:13] DONE ds_online_acc cases_000  total: 200.5s  (2.00s/step)
[2026-04-27 00:22:13]   tokens: 100,160 in + 3,104 out (reasoning: 0)  cost: $0.0305
[2026-04-27 00:22:13] START ds_online_acc cases_001 (100 steps, two-turn)
[2026-04-27 00:22:31] ds_online_acc cases_001  steps   1-  9: 17.6s  total: 17.6s  (10/100)
[2026-04-27 00:22:48] ds_online_acc cases_001  steps  11- 19: 17.1s  total: 34.7s  (20/100)
[2026-04-27 00:23:05] ds_online_acc cases_001  steps  21- 29: 17.1s  total: 51.8s  (30/100)
[2026-04-27 00:23:22] ds_online_acc cases_001  steps  31- 39: 17.0s  total: 68.9s  (40/100)
[2026-04-27 00:23:39] ds_online_acc cases_001  steps  41- 49: 17.0s  total: 85.8s  (50/100)
[2026-04-27 00:23:57] ds_online_acc cases_001  steps  51- 59: 18.0s  total: 103.8s  (60/100)
[2026-04-27 00:24:15] ds_online_acc cases_001  steps  61- 69: 17.9s  total: 121.7s  (70/100)
[2026-04-27 00:24:34] ds_online_acc cases_001  steps  71- 79: 18.9s  total: 140.6s  (80/100)
[2026-04-27 00:24:54] ds_online_acc cases_001  steps  81- 89: 20.4s  total: 160.9s  (90/100)
[2026-04-27 00:25:12] ds_online_acc cases_001  steps  91- 99: 18.2s  total: 179.1s  (100/100)
[2026-04-27 00:25:13] DONE ds_online_acc cases_001  total: 179.1s  (1.79s/step)
[2026-04-27 00:25:13]   tokens: 98,302 in + 2,263 out (reasoning: 0)  cost: $0.0290
[2026-04-27 00:25:13] START ds_online_acc cases_002 (100 steps, two-turn)
[2026-04-27 00:25:35] ds_online_acc cases_002  steps   1-  9: 22.4s  total: 22.4s  (10/100)
[2026-04-27 00:25:57] ds_online_acc cases_002  steps  11- 19: 21.3s  total: 43.8s  (20/100)
[2026-04-27 00:26:24] ds_online_acc cases_002  steps  21- 29: 27.5s  total: 71.3s  (30/100)
[2026-04-27 00:26:51] ds_online_acc cases_002  steps  31- 39: 27.1s  total: 98.4s  (40/100)
[2026-04-27 00:27:13] ds_online_acc cases_002  steps  41- 49: 21.6s  total: 120.0s  (50/100)
[2026-04-27 00:27:36] ds_online_acc cases_002  steps  51- 59: 23.4s  total: 143.3s  (60/100)
[2026-04-27 00:28:02] ds_online_acc cases_002  steps  61- 69: 26.3s  total: 169.6s  (70/100)
[2026-04-27 00:28:22] ds_online_acc cases_002  steps  71- 79: 19.8s  total: 189.4s  (80/100)
[2026-04-27 00:28:41] ds_online_acc cases_002  steps  81- 89: 19.2s  total: 208.6s  (90/100)
[2026-04-27 00:29:01] ds_online_acc cases_002  steps  91- 99: 19.8s  total: 228.4s  (100/100)
[2026-04-27 00:29:02] DONE ds_online_acc cases_002  total: 228.4s  (2.28s/step)
[2026-04-27 00:29:02]   tokens: 105,902 in + 5,975 out (reasoning: 0)  cost: $0.0352
[2026-04-27 00:29:02] START ds_online_acc cases_003 (100 steps, two-turn)
[2026-04-27 00:29:27] ds_online_acc cases_003  steps   1-  9: 25.4s  total: 25.4s  (10/100)
[2026-04-27 00:29:55] ds_online_acc cases_003  steps  11- 19: 27.6s  total: 53.0s  (20/100)
[2026-04-27 00:30:18] ds_online_acc cases_003  steps  21- 29: 22.9s  total: 76.0s  (30/100)
[2026-04-27 00:30:45] ds_online_acc cases_003  steps  31- 39: 27.7s  total: 103.6s  (40/100)
[2026-04-27 00:31:07] ds_online_acc cases_003  steps  41- 49: 21.4s  total: 125.0s  (50/100)
[2026-04-27 00:31:26] ds_online_acc cases_003  steps  51- 59: 19.3s  total: 144.3s  (60/100)
[2026-04-27 00:31:46] ds_online_acc cases_003  steps  61- 69: 20.0s  total: 164.4s  (70/100)
[2026-04-27 00:32:06] ds_online_acc cases_003  steps  71- 79: 20.4s  total: 184.8s  (80/100)
[2026-04-27 00:32:27] ds_online_acc cases_003  steps  81- 89: 20.3s  total: 205.1s  (90/100)
[2026-04-27 00:32:47] ds_online_acc cases_003  steps  91- 99: 19.9s  total: 225.1s  (100/100)
[2026-04-27 00:32:47] DONE ds_online_acc cases_003  total: 225.1s  (2.25s/step)
[2026-04-27 00:32:47]   tokens: 103,708 in + 4,875 out (reasoning: 0)  cost: $0.0334
[2026-04-27 00:32:47] START ds_online_acc cases_004 (100 steps, two-turn)
[2026-04-27 00:33:05] ds_online_acc cases_004  steps   1-  9: 18.3s  total: 18.3s  (10/100)
[2026-04-27 00:33:25] ds_online_acc cases_004  steps  11- 19: 19.5s  total: 37.7s  (20/100)
[2026-04-27 00:33:45] ds_online_acc cases_004  steps  21- 29: 20.0s  total: 57.7s  (30/100)
[2026-04-27 00:34:05] ds_online_acc cases_004  steps  31- 39: 20.4s  total: 78.1s  (40/100)
[2026-04-27 00:34:26] ds_online_acc cases_004  steps  41- 49: 20.6s  total: 98.7s  (50/100)
[2026-04-27 00:34:49] ds_online_acc cases_004  steps  51- 59: 22.9s  total: 121.6s  (60/100)
[2026-04-27 00:35:09] ds_online_acc cases_004  steps  61- 69: 20.4s  total: 141.9s  (70/100)
[2026-04-27 00:35:30] ds_online_acc cases_004  steps  71- 79: 20.5s  total: 162.5s  (80/100)
[2026-04-27 00:35:49] ds_online_acc cases_004  steps  81- 89: 19.6s  total: 182.1s  (90/100)
[2026-04-27 00:36:10] ds_online_acc cases_004  steps  91- 99: 20.3s  total: 202.4s  (100/100)
[2026-04-27 00:36:10] DONE ds_online_acc cases_004  total: 202.4s  (2.02s/step)
[2026-04-27 00:36:10]   tokens: 101,072 in + 3,586 out (reasoning: 0)  cost: $0.0312
[2026-04-27 00:36:10] START ds_online_acc cases_005 (100 steps, two-turn)
[2026-04-27 00:36:29] ds_online_acc cases_005  steps   1-  9: 18.5s  total: 18.5s  (10/100)
[2026-04-27 00:36:46] ds_online_acc cases_005  steps  11- 19: 17.4s  total: 35.9s  (20/100)
[2026-04-27 00:37:04] ds_online_acc cases_005  steps  21- 29: 18.0s  total: 53.9s  (30/100)
[2026-04-27 00:37:22] ds_online_acc cases_005  steps  31- 39: 18.1s  total: 72.0s  (40/100)
[2026-04-27 00:37:40] ds_online_acc cases_005  steps  41- 49: 17.8s  total: 89.8s  (50/100)
[2026-04-27 00:37:57] ds_online_acc cases_005  steps  51- 59: 17.0s  total: 106.7s  (60/100)
[2026-04-27 00:38:15] ds_online_acc cases_005  steps  61- 69: 18.2s  total: 124.9s  (70/100)
[2026-04-27 00:38:33] ds_online_acc cases_005  steps  71- 79: 18.1s  total: 143.0s  (80/100)
[2026-04-27 00:38:50] ds_online_acc cases_005  steps  81- 89: 17.1s  total: 160.1s  (90/100)
[2026-04-27 00:39:07] ds_online_acc cases_005  steps  91- 99: 17.1s  total: 177.2s  (100/100)
[2026-04-27 00:39:08] DONE ds_online_acc cases_005  total: 177.2s  (1.77s/step)
[2026-04-27 00:39:08]   tokens: 98,110 in + 2,163 out (reasoning: 0)  cost: $0.0289
[2026-04-27 00:39:08] START ds_online_acc cases_006 (100 steps, two-turn)
[2026-04-27 00:39:28] ds_online_acc cases_006  steps   1-  9: 20.1s  total: 20.1s  (10/100)
[2026-04-27 00:39:46] ds_online_acc cases_006  steps  11- 19: 18.7s  total: 38.8s  (20/100)
[2026-04-27 00:40:06] ds_online_acc cases_006  steps  21- 29: 19.6s  total: 58.4s  (30/100)
[2026-04-27 00:40:25] ds_online_acc cases_006  steps  31- 39: 18.7s  total: 77.1s  (40/100)
[2026-04-27 00:40:44] ds_online_acc cases_006  steps  41- 49: 18.8s  total: 95.9s  (50/100)
[2026-04-27 00:41:02] ds_online_acc cases_006  steps  51- 59: 18.2s  total: 114.0s  (60/100)
[2026-04-27 00:41:21] ds_online_acc cases_006  steps  61- 69: 19.1s  total: 133.2s  (70/100)
[2026-04-27 00:41:39] ds_online_acc cases_006  steps  71- 79: 18.2s  total: 151.4s  (80/100)
[2026-04-27 00:41:58] ds_online_acc cases_006  steps  81- 89: 19.3s  total: 170.7s  (90/100)
[2026-04-27 00:42:17] ds_online_acc cases_006  steps  91- 99: 18.6s  total: 189.3s  (100/100)
[2026-04-27 00:42:17] DONE ds_online_acc cases_006  total: 189.3s  (1.89s/step)
[2026-04-27 00:42:17]   tokens: 100,172 in + 3,108 out (reasoning: 0)  cost: $0.0305
[2026-04-27 00:42:18] START ds_online_acc cases_007 (100 steps, two-turn)
[2026-04-27 00:42:37] ds_online_acc cases_007  steps   1-  9: 19.9s  total: 19.9s  (10/100)
[2026-04-27 00:42:57] ds_online_acc cases_007  steps  11- 19: 19.6s  total: 39.4s  (20/100)
[2026-04-27 00:43:17] ds_online_acc cases_007  steps  21- 29: 19.9s  total: 59.4s  (30/100)
[2026-04-27 00:43:36] ds_online_acc cases_007  steps  31- 39: 18.9s  total: 78.3s  (40/100)
[2026-04-27 00:43:55] ds_online_acc cases_007  steps  41- 49: 19.6s  total: 97.9s  (50/100)
[2026-04-27 00:44:15] ds_online_acc cases_007  steps  51- 59: 19.3s  total: 117.2s  (60/100)
[2026-04-27 00:44:34] ds_online_acc cases_007  steps  61- 69: 19.1s  total: 136.3s  (70/100)
[2026-04-27 00:44:53] ds_online_acc cases_007  steps  71- 79: 19.6s  total: 155.9s  (80/100)
[2026-04-27 00:45:13] ds_online_acc cases_007  steps  81- 89: 19.7s  total: 175.6s  (90/100)
[2026-04-27 00:45:32] ds_online_acc cases_007  steps  91- 99: 19.1s  total: 194.7s  (100/100)
[2026-04-27 00:45:33] DONE ds_online_acc cases_007  total: 194.7s  (1.95s/step)
[2026-04-27 00:45:33]   tokens: 100,952 in + 3,508 out (reasoning: 0)  cost: $0.0311
[2026-04-27 00:45:33] START ds_online_acc cases_008 (100 steps, two-turn)
[2026-04-27 00:45:58] ds_online_acc cases_008  steps   1-  9: 25.4s  total: 25.4s  (10/100)
[2026-04-27 00:46:21] ds_online_acc cases_008  steps  11- 19: 23.0s  total: 48.3s  (20/100)
[2026-04-27 00:46:47] ds_online_acc cases_008  steps  21- 29: 26.1s  total: 74.5s  (30/100)
[2026-04-27 00:47:10] ds_online_acc cases_008  steps  31- 39: 22.5s  total: 96.9s  (40/100)
[2026-04-27 00:47:35] ds_online_acc cases_008  steps  41- 49: 25.4s  total: 122.3s  (50/100)
[2026-04-27 00:47:58] ds_online_acc cases_008  steps  51- 59: 22.9s  total: 145.2s  (60/100)
[2026-04-27 00:48:22] ds_online_acc cases_008  steps  61- 69: 23.9s  total: 169.2s  (70/100)
[2026-04-27 00:48:44] ds_online_acc cases_008  steps  71- 79: 22.5s  total: 191.7s  (80/100)
[2026-04-27 00:49:07] ds_online_acc cases_008  steps  81- 89: 22.4s  total: 214.1s  (90/100)
[2026-04-27 00:49:27] ds_online_acc cases_008  steps  91- 99: 20.6s  total: 234.6s  (100/100)
[2026-04-27 00:49:28] DONE ds_online_acc cases_008  total: 234.6s  (2.35s/step)
[2026-04-27 00:49:28]   tokens: 107,338 in + 6,817 out (reasoning: 0)  cost: $0.0365
[2026-04-27 00:49:28] START ds_online_acc cases_009 (100 steps, two-turn)
[2026-04-27 00:49:45] ds_online_acc cases_009  steps   1-  9: 17.2s  total: 17.2s  (10/100)
[2026-04-27 00:50:04] ds_online_acc cases_009  steps  11- 19: 19.3s  total: 36.5s  (20/100)
[2026-04-27 00:50:24] ds_online_acc cases_009  steps  21- 29: 19.5s  total: 56.0s  (30/100)
[2026-04-27 00:50:44] ds_online_acc cases_009  steps  31- 39: 19.8s  total: 75.7s  (40/100)
[2026-04-27 00:51:03] ds_online_acc cases_009  steps  41- 49: 19.8s  total: 95.5s  (50/100)
[2026-04-27 00:51:23] ds_online_acc cases_009  steps  51- 59: 20.1s  total: 115.6s  (60/100)
[2026-04-27 00:51:43] ds_online_acc cases_009  steps  61- 69: 19.3s  total: 134.9s  (70/100)
[2026-04-27 00:52:02] ds_online_acc cases_009  steps  71- 79: 19.7s  total: 154.6s  (80/100)
[2026-04-27 00:52:22] ds_online_acc cases_009  steps  81- 89: 19.9s  total: 174.5s  (90/100)
[2026-04-27 00:52:42] ds_online_acc cases_009  steps  91- 99: 19.2s  total: 193.8s  (100/100)
[2026-04-27 00:52:42] DONE ds_online_acc cases_009  total: 193.8s  (1.94s/step)
[2026-04-27 00:52:42]   tokens: 101,448 in + 3,762 out (reasoning: 0)  cost: $0.0315
[2026-04-27 00:52:43] START ds_weather cases_010 (100 steps, two-turn)
[2026-04-27 00:53:05] ds_weather cases_010  steps   1-  9: 22.1s  total: 22.1s  (10/100)
[2026-04-27 00:53:30] ds_weather cases_010  steps  11- 19: 24.9s  total: 47.0s  (20/100)
[2026-04-27 00:53:56] ds_weather cases_010  steps  21- 29: 26.3s  total: 73.4s  (30/100)
[2026-04-27 00:54:22] ds_weather cases_010  steps  31- 39: 25.7s  total: 99.0s  (40/100)
[2026-04-27 00:54:48] ds_weather cases_010  steps  41- 49: 26.0s  total: 125.0s  (50/100)
[2026-04-27 00:55:15] ds_weather cases_010  steps  51- 59: 27.3s  total: 152.3s  (60/100)
[2026-04-27 00:55:42] ds_weather cases_010  steps  61- 69: 26.6s  total: 178.9s  (70/100)
[2026-04-27 00:56:07] ds_weather cases_010  steps  71- 79: 25.4s  total: 204.3s  (80/100)
[2026-04-27 00:56:30] ds_weather cases_010  steps  81- 89: 22.7s  total: 227.0s  (90/100)
[2026-04-27 00:56:51] ds_weather cases_010  steps  91- 99: 20.7s  total: 247.7s  (100/100)
[2026-04-27 00:56:51] DONE ds_weather cases_010  total: 247.7s  (2.48s/step)
[2026-04-27 00:56:51]   tokens: 123,294 in + 7,587 out (reasoning: 0)  cost: $0.0416
[2026-04-27 00:56:51] START ds_weather cases_011 (100 steps, two-turn)
[2026-04-27 00:57:11] ds_weather cases_011  steps   1-  9: 19.8s  total: 19.8s  (10/100)
[2026-04-27 00:57:31] ds_weather cases_011  steps  11- 19: 19.3s  total: 39.1s  (20/100)
[2026-04-27 00:57:50] ds_weather cases_011  steps  21- 29: 19.0s  total: 58.1s  (30/100)
[2026-04-27 00:58:09] ds_weather cases_011  steps  31- 39: 19.4s  total: 77.5s  (40/100)
[2026-04-27 00:58:28] ds_weather cases_011  steps  41- 49: 19.2s  total: 96.7s  (50/100)
[2026-04-27 00:58:48] ds_weather cases_011  steps  51- 59: 19.8s  total: 116.5s  (60/100)
[2026-04-27 00:59:08] ds_weather cases_011  steps  61- 69: 19.6s  total: 136.1s  (70/100)
[2026-04-27 00:59:28] ds_weather cases_011  steps  71- 79: 20.1s  total: 156.2s  (80/100)
[2026-04-27 00:59:47] ds_weather cases_011  steps  81- 89: 19.3s  total: 175.5s  (90/100)
[2026-04-27 01:00:08] ds_weather cases_011  steps  91- 99: 20.6s  total: 196.1s  (100/100)
[2026-04-27 01:00:08] DONE ds_weather cases_011  total: 196.1s  (1.96s/step)
[2026-04-27 01:00:08]   tokens: 115,256 in + 3,552 out (reasoning: 0)  cost: $0.0350
[2026-04-27 01:00:08] START ds_weather cases_012 (100 steps, two-turn)
[2026-04-27 01:00:29] ds_weather cases_012  steps   1-  9: 20.6s  total: 20.6s  (10/100)
[2026-04-27 01:00:49] ds_weather cases_012  steps  11- 19: 20.1s  total: 40.7s  (20/100)
[2026-04-27 01:01:08] ds_weather cases_012  steps  21- 29: 19.5s  total: 60.2s  (30/100)
[2026-04-27 01:01:29] ds_weather cases_012  steps  31- 39: 20.6s  total: 80.9s  (40/100)
[2026-04-27 01:01:48] ds_weather cases_012  steps  41- 49: 19.6s  total: 100.4s  (50/100)
[2026-04-27 01:02:08] ds_weather cases_012  steps  51- 59: 19.9s  total: 120.4s  (60/100)
[2026-04-27 01:02:28] ds_weather cases_012  steps  61- 69: 19.4s  total: 139.8s  (70/100)
[2026-04-27 01:02:47] ds_weather cases_012  steps  71- 79: 19.4s  total: 159.2s  (80/100)
[2026-04-27 01:03:07] ds_weather cases_012  steps  81- 89: 20.1s  total: 179.3s  (90/100)
[2026-04-27 01:03:27] ds_weather cases_012  steps  91- 99: 19.2s  total: 198.5s  (100/100)
[2026-04-27 01:03:27] DONE ds_weather cases_012  total: 198.5s  (1.98s/step)
[2026-04-27 01:03:27]   tokens: 115,352 in + 3,600 out (reasoning: 0)  cost: $0.0351
[2026-04-27 01:03:27] START ds_weather cases_013 (100 steps, two-turn)
[2026-04-27 01:03:47] ds_weather cases_013  steps   1-  9: 19.6s  total: 19.6s  (10/100)
[2026-04-27 01:04:07] ds_weather cases_013  steps  11- 19: 20.6s  total: 40.2s  (20/100)
[2026-04-27 01:04:28] ds_weather cases_013  steps  21- 29: 21.2s  total: 61.4s  (30/100)
[2026-04-27 01:04:49] ds_weather cases_013  steps  31- 39: 20.6s  total: 82.0s  (40/100)
[2026-04-27 01:05:10] ds_weather cases_013  steps  41- 49: 20.6s  total: 102.7s  (50/100)
[2026-04-27 01:05:31] ds_weather cases_013  steps  51- 59: 21.4s  total: 124.0s  (60/100)
[2026-04-27 01:05:52] ds_weather cases_013  steps  61- 69: 20.5s  total: 144.5s  (70/100)
[2026-04-27 01:06:12] ds_weather cases_013  steps  71- 79: 20.4s  total: 164.9s  (80/100)
[2026-04-27 01:06:32] ds_weather cases_013  steps  81- 89: 20.2s  total: 185.1s  (90/100)
[2026-04-27 01:06:53] ds_weather cases_013  steps  91- 99: 21.2s  total: 206.3s  (100/100)
[2026-04-27 01:06:54] DONE ds_weather cases_013  total: 206.3s  (2.06s/step)
[2026-04-27 01:06:54]   tokens: 117,046 in + 4,384 out (reasoning: 0)  cost: $0.0364
[2026-04-27 01:06:54] START ds_weather cases_014 (100 steps, two-turn)
[2026-04-27 01:07:12] ds_weather cases_014  steps   1-  9: 18.1s  total: 18.1s  (10/100)
[2026-04-27 01:07:30] ds_weather cases_014  steps  11- 19: 17.9s  total: 36.0s  (20/100)
[2026-04-27 01:07:49] ds_weather cases_014  steps  21- 29: 18.8s  total: 54.8s  (30/100)
[2026-04-27 01:08:07] ds_weather cases_014  steps  31- 39: 18.3s  total: 73.1s  (40/100)
[2026-04-27 01:08:25] ds_weather cases_014  steps  41- 49: 18.1s  total: 91.2s  (50/100)
[2026-04-27 01:08:45] ds_weather cases_014  steps  51- 59: 20.5s  total: 111.7s  (60/100)
[2026-04-27 01:09:04] ds_weather cases_014  steps  61- 69: 18.7s  total: 130.3s  (70/100)
[2026-04-27 01:09:25] ds_weather cases_014  steps  71- 79: 20.7s  total: 151.1s  (80/100)
[2026-04-27 01:09:46] ds_weather cases_014  steps  81- 89: 21.4s  total: 172.5s  (90/100)
[2026-04-27 01:10:07] ds_weather cases_014  steps  91- 99: 20.9s  total: 193.4s  (100/100)
[2026-04-27 01:10:08] DONE ds_weather cases_014  total: 193.4s  (1.93s/step)
[2026-04-27 01:10:08]   tokens: 113,924 in + 2,958 out (reasoning: 0)  cost: $0.0340
[2026-04-27 01:10:08] START ds_weather cases_015 (100 steps, two-turn)
[2026-04-27 01:10:29] ds_weather cases_015  steps   1-  9: 21.2s  total: 21.2s  (10/100)
[2026-04-27 01:10:49] ds_weather cases_015  steps  11- 19: 19.6s  total: 40.8s  (20/100)
[2026-04-27 01:11:09] ds_weather cases_015  steps  21- 29: 20.1s  total: 60.9s  (30/100)
[2026-04-27 01:11:28] ds_weather cases_015  steps  31- 39: 19.3s  total: 80.2s  (40/100)
[2026-04-27 01:11:48] ds_weather cases_015  steps  41- 49: 20.3s  total: 100.5s  (50/100)
[2026-04-27 01:12:08] ds_weather cases_015  steps  51- 59: 19.4s  total: 119.9s  (60/100)
[2026-04-27 01:12:27] ds_weather cases_015  steps  61- 69: 19.8s  total: 139.8s  (70/100)
[2026-04-27 01:12:48] ds_weather cases_015  steps  71- 79: 20.3s  total: 160.0s  (80/100)
[2026-04-27 01:13:08] ds_weather cases_015  steps  81- 89: 20.1s  total: 180.1s  (90/100)
[2026-04-27 01:13:28] ds_weather cases_015  steps  91- 99: 20.5s  total: 200.6s  (100/100)
[2026-04-27 01:13:29] DONE ds_weather cases_015  total: 200.6s  (2.01s/step)
[2026-04-27 01:13:29]   tokens: 115,352 in + 3,600 out (reasoning: 0)  cost: $0.0351
[2026-04-27 01:13:29] START ds_weather cases_016 (100 steps, two-turn)
[2026-04-27 01:13:50] ds_weather cases_016  steps   1-  9: 20.8s  total: 20.8s  (10/100)
[2026-04-27 01:14:10] ds_weather cases_016  steps  11- 19: 20.4s  total: 41.1s  (20/100)
[2026-04-27 01:14:30] ds_weather cases_016  steps  21- 29: 20.4s  total: 61.6s  (30/100)
[2026-04-27 01:14:51] ds_weather cases_016  steps  31- 39: 20.4s  total: 82.0s  (40/100)
[2026-04-27 01:15:11] ds_weather cases_016  steps  41- 49: 19.8s  total: 101.8s  (50/100)
[2026-04-27 01:15:31] ds_weather cases_016  steps  51- 59: 20.7s  total: 122.5s  (60/100)
[2026-04-27 01:15:52] ds_weather cases_016  steps  61- 69: 20.8s  total: 143.2s  (70/100)
[2026-04-27 01:16:13] ds_weather cases_016  steps  71- 79: 21.3s  total: 164.5s  (80/100)
[2026-04-27 01:16:34] ds_weather cases_016  steps  81- 89: 20.6s  total: 185.1s  (90/100)
[2026-04-27 01:16:54] ds_weather cases_016  steps  91- 99: 19.8s  total: 204.9s  (100/100)
[2026-04-27 01:16:54] DONE ds_weather cases_016  total: 204.9s  (2.05s/step)
[2026-04-27 01:16:54]   tokens: 115,352 in + 3,600 out (reasoning: 0)  cost: $0.0351
[2026-04-27 01:16:54] START ds_weather cases_017 (100 steps, two-turn)
[2026-04-27 01:17:14] ds_weather cases_017  steps   1-  9: 19.5s  total: 19.5s  (10/100)
[2026-04-27 01:17:33] ds_weather cases_017  steps  11- 19: 19.6s  total: 39.1s  (20/100)
[2026-04-27 01:17:53] ds_weather cases_017  steps  21- 29: 19.6s  total: 58.6s  (30/100)
[2026-04-27 01:18:12] ds_weather cases_017  steps  31- 39: 19.5s  total: 78.2s  (40/100)
[2026-04-27 01:18:32] ds_weather cases_017  steps  41- 49: 19.8s  total: 98.0s  (50/100)
[2026-04-27 01:18:52] ds_weather cases_017  steps  51- 59: 19.6s  total: 117.6s  (60/100)
[2026-04-27 01:19:12] ds_weather cases_017  steps  61- 69: 20.6s  total: 138.2s  (70/100)
[2026-04-27 01:19:31] ds_weather cases_017  steps  71- 79: 19.0s  total: 157.2s  (80/100)
[2026-04-27 01:19:51] ds_weather cases_017  steps  81- 89: 19.3s  total: 176.5s  (90/100)
[2026-04-27 01:20:10] ds_weather cases_017  steps  91- 99: 19.6s  total: 196.1s  (100/100)
[2026-04-27 01:20:11] DONE ds_weather cases_017  total: 196.1s  (1.96s/step)
[2026-04-27 01:20:11]   tokens: 115,320 in + 3,584 out (reasoning: 0)  cost: $0.0351
[2026-04-27 01:20:11] START ds_weather cases_018 (100 steps, two-turn)
[2026-04-27 01:20:30] ds_weather cases_018  steps   1-  9: 19.4s  total: 19.4s  (10/100)
[2026-04-27 01:20:51] ds_weather cases_018  steps  11- 19: 20.6s  total: 40.0s  (20/100)
[2026-04-27 01:21:10] ds_weather cases_018  steps  21- 29: 19.6s  total: 59.6s  (30/100)
[2026-04-27 01:21:30] ds_weather cases_018  steps  31- 39: 19.3s  total: 78.9s  (40/100)
[2026-04-27 01:21:50] ds_weather cases_018  steps  41- 49: 20.2s  total: 99.1s  (50/100)
[2026-04-27 01:22:10] ds_weather cases_018  steps  51- 59: 20.0s  total: 119.1s  (60/100)
[2026-04-27 01:22:29] ds_weather cases_018  steps  61- 69: 19.5s  total: 138.5s  (70/100)
[2026-04-27 01:22:49] ds_weather cases_018  steps  71- 79: 20.0s  total: 158.5s  (80/100)
[2026-04-27 01:23:10] ds_weather cases_018  steps  81- 89: 20.5s  total: 179.0s  (90/100)
[2026-04-27 01:23:30] ds_weather cases_018  steps  91- 99: 20.0s  total: 199.0s  (100/100)
[2026-04-27 01:23:30] DONE ds_weather cases_018  total: 199.0s  (1.99s/step)
[2026-04-27 01:23:30]   tokens: 115,352 in + 3,600 out (reasoning: 0)  cost: $0.0351
[2026-04-27 01:23:30] START ds_weather cases_019 (100 steps, two-turn)
[2026-04-27 01:23:50] ds_weather cases_019  steps   1-  9: 19.9s  total: 19.9s  (10/100)
[2026-04-27 01:24:12] ds_weather cases_019  steps  11- 19: 21.6s  total: 41.5s  (20/100)
[2026-04-27 01:24:32] ds_weather cases_019  steps  21- 29: 20.6s  total: 62.1s  (30/100)
[2026-04-27 01:24:52] ds_weather cases_019  steps  31- 39: 19.9s  total: 82.0s  (40/100)
[2026-04-27 01:25:12] ds_weather cases_019  steps  41- 49: 20.0s  total: 101.9s  (50/100)
[2026-04-27 01:25:33] ds_weather cases_019  steps  51- 59: 20.7s  total: 122.6s  (60/100)
[2026-04-27 01:25:54] ds_weather cases_019  steps  61- 69: 20.9s  total: 143.6s  (70/100)
[2026-04-27 01:26:14] ds_weather cases_019  steps  71- 79: 20.4s  total: 164.0s  (80/100)
[2026-04-27 01:26:35] ds_weather cases_019  steps  81- 89: 20.5s  total: 184.4s  (90/100)
[2026-04-27 01:26:55] ds_weather cases_019  steps  91- 99: 20.2s  total: 204.6s  (100/100)
[2026-04-27 01:26:55] DONE ds_weather cases_019  total: 204.6s  (2.05s/step)
[2026-04-27 01:26:55]   tokens: 116,212 in + 4,034 out (reasoning: 0)  cost: $0.0358
[2026-04-27 01:26:55] START ds_weather_no_morereliable cases_010 (100 steps, two-turn)
[2026-04-27 01:27:18] ds_weather_no_morereliable cases_010  steps   1-  9: 22.3s  total: 22.3s  (10/100)
[2026-04-27 01:27:41] ds_weather_no_morereliable cases_010  steps  11- 19: 23.2s  total: 45.5s  (20/100)
[2026-04-27 01:28:05] ds_weather_no_morereliable cases_010  steps  21- 29: 23.8s  total: 69.3s  (30/100)
[2026-04-27 01:28:29] ds_weather_no_morereliable cases_010  steps  31- 39: 24.7s  total: 94.0s  (40/100)
[2026-04-27 01:28:54] ds_weather_no_morereliable cases_010  steps  41- 49: 24.0s  total: 118.0s  (50/100)
[2026-04-27 01:29:18] ds_weather_no_morereliable cases_010  steps  51- 59: 24.1s  total: 142.1s  (60/100)
[2026-04-27 01:29:42] ds_weather_no_morereliable cases_010  steps  61- 69: 24.3s  total: 166.4s  (70/100)
[2026-04-27 01:30:07] ds_weather_no_morereliable cases_010  steps  71- 79: 25.6s  total: 192.0s  (80/100)
[2026-04-27 01:30:33] ds_weather_no_morereliable cases_010  steps  81- 89: 25.8s  total: 217.7s  (90/100)
[2026-04-27 01:30:57] ds_weather_no_morereliable cases_010  steps  91- 99: 23.6s  total: 241.3s  (100/100)
[2026-04-27 01:30:57] DONE ds_weather_no_morereliable cases_010  total: 241.3s  (2.41s/step)
[2026-04-27 01:30:57]   tokens: 111,552 in + 3,600 out (reasoning: 0)  cost: $0.0341
[2026-04-27 01:30:57] START ds_weather_no_morereliable cases_011 (100 steps, two-turn)
[2026-04-27 01:31:21] ds_weather_no_morereliable cases_011  steps   1-  9: 23.3s  total: 23.3s  (10/100)
[2026-04-27 01:31:41] ds_weather_no_morereliable cases_011  steps  11- 19: 20.3s  total: 43.6s  (20/100)
[2026-04-27 01:32:00] ds_weather_no_morereliable cases_011  steps  21- 29: 19.4s  total: 63.0s  (30/100)
[2026-04-27 01:32:19] ds_weather_no_morereliable cases_011  steps  31- 39: 19.1s  total: 82.2s  (40/100)
[2026-04-27 01:32:38] ds_weather_no_morereliable cases_011  steps  41- 49: 18.8s  total: 101.0s  (50/100)
[2026-04-27 01:32:58] ds_weather_no_morereliable cases_011  steps  51- 59: 20.0s  total: 121.0s  (60/100)
[2026-04-27 01:33:17] ds_weather_no_morereliable cases_011  steps  61- 69: 18.7s  total: 139.7s  (70/100)
[2026-04-27 01:33:36] ds_weather_no_morereliable cases_011  steps  71- 79: 18.8s  total: 158.5s  (80/100)
[2026-04-27 01:33:56] ds_weather_no_morereliable cases_011  steps  81- 89: 19.9s  total: 178.4s  (90/100)
[2026-04-27 01:34:15] ds_weather_no_morereliable cases_011  steps  91- 99: 19.5s  total: 197.9s  (100/100)
[2026-04-27 01:34:16] DONE ds_weather_no_morereliable cases_011  total: 197.9s  (1.98s/step)
[2026-04-27 01:34:16]   tokens: 109,968 in + 2,800 out (reasoning: 0)  cost: $0.0328
[2026-04-27 01:34:16] START ds_weather_no_morereliable cases_012 (100 steps, two-turn)
[2026-04-27 01:34:39] ds_weather_no_morereliable cases_012  steps   1-  9: 23.3s  total: 23.3s  (10/100)
[2026-04-27 01:35:05] ds_weather_no_morereliable cases_012  steps  11- 19: 25.7s  total: 49.0s  (20/100)
[2026-04-27 01:35:30] ds_weather_no_morereliable cases_012  steps  21- 29: 25.4s  total: 74.4s  (30/100)
[2026-04-27 01:35:54] ds_weather_no_morereliable cases_012  steps  31- 39: 23.7s  total: 98.1s  (40/100)
[2026-04-27 01:36:17] ds_weather_no_morereliable cases_012  steps  41- 49: 23.6s  total: 121.7s  (50/100)
[2026-04-27 01:36:42] ds_weather_no_morereliable cases_012  steps  51- 59: 24.9s  total: 146.6s  (60/100)
[2026-04-27 01:37:08] ds_weather_no_morereliable cases_012  steps  61- 69: 26.2s  total: 172.8s  (70/100)
[2026-04-27 01:37:34] ds_weather_no_morereliable cases_012  steps  71- 79: 25.7s  total: 198.5s  (80/100)
[2026-04-27 01:37:57] ds_weather_no_morereliable cases_012  steps  81- 89: 23.1s  total: 221.6s  (90/100)
[2026-04-27 01:38:21] ds_weather_no_morereliable cases_012  steps  91- 99: 23.9s  total: 245.5s  (100/100)
[2026-04-27 01:38:22] DONE ds_weather_no_morereliable cases_012  total: 245.5s  (2.46s/step)
[2026-04-27 01:38:22]   tokens: 113,040 in + 4,352 out (reasoning: 0)  cost: $0.0353
[2026-04-27 01:38:22] START ds_weather_no_morereliable cases_013 (100 steps, two-turn)
[2026-04-27 01:38:45] ds_weather_no_morereliable cases_013  steps   1-  9: 23.2s  total: 23.2s  (10/100)
[2026-04-27 01:39:08] ds_weather_no_morereliable cases_013  steps  11- 19: 23.3s  total: 46.5s  (20/100)
[2026-04-27 01:39:32] ds_weather_no_morereliable cases_013  steps  21- 29: 24.3s  total: 70.8s  (30/100)
[2026-04-27 01:39:56] ds_weather_no_morereliable cases_013  steps  31- 39: 23.7s  total: 94.5s  (40/100)
[2026-04-27 01:40:21] ds_weather_no_morereliable cases_013  steps  41- 49: 24.5s  total: 119.0s  (50/100)
[2026-04-27 01:40:46] ds_weather_no_morereliable cases_013  steps  51- 59: 25.8s  total: 144.8s  (60/100)
[2026-04-27 01:41:11] ds_weather_no_morereliable cases_013  steps  61- 69: 24.7s  total: 169.5s  (70/100)
[2026-04-27 01:41:36] ds_weather_no_morereliable cases_013  steps  71- 79: 24.7s  total: 194.2s  (80/100)
[2026-04-27 01:42:03] ds_weather_no_morereliable cases_013  steps  81- 89: 26.7s  total: 220.9s  (90/100)
[2026-04-27 01:42:26] ds_weather_no_morereliable cases_013  steps  91- 99: 23.7s  total: 244.6s  (100/100)
[2026-04-27 01:42:27] DONE ds_weather_no_morereliable cases_013  total: 244.6s  (2.45s/step)
[2026-04-27 01:42:27]   tokens: 112,328 in + 3,992 out (reasoning: 0)  cost: $0.0347
[2026-04-27 01:42:27] START ds_weather_no_morereliable cases_014 (100 steps, two-turn)
[2026-04-27 01:42:45] ds_weather_no_morereliable cases_014  steps   1-  9: 18.3s  total: 18.3s  (10/100)
[2026-04-27 01:43:04] ds_weather_no_morereliable cases_014  steps  11- 19: 19.0s  total: 37.3s  (20/100)
[2026-04-27 01:43:22] ds_weather_no_morereliable cases_014  steps  21- 29: 18.1s  total: 55.4s  (30/100)
[2026-04-27 01:43:41] ds_weather_no_morereliable cases_014  steps  31- 39: 19.1s  total: 74.5s  (40/100)
[2026-04-27 01:44:01] ds_weather_no_morereliable cases_014  steps  41- 49: 19.5s  total: 94.0s  (50/100)
[2026-04-27 01:44:20] ds_weather_no_morereliable cases_014  steps  51- 59: 19.2s  total: 113.2s  (60/100)
[2026-04-27 01:44:38] ds_weather_no_morereliable cases_014  steps  61- 69: 18.5s  total: 131.7s  (70/100)
[2026-04-27 01:44:58] ds_weather_no_morereliable cases_014  steps  71- 79: 19.9s  total: 151.6s  (80/100)
[2026-04-27 01:45:20] ds_weather_no_morereliable cases_014  steps  81- 89: 21.3s  total: 172.8s  (90/100)
[2026-04-27 01:45:39] ds_weather_no_morereliable cases_014  steps  91- 99: 19.2s  total: 192.0s  (100/100)
[2026-04-27 01:45:39] DONE ds_weather_no_morereliable cases_014  total: 192.0s  (1.92s/step)
[2026-04-27 01:45:39]   tokens: 108,620 in + 2,222 out (reasoning: 0)  cost: $0.0318
[2026-04-27 01:45:39] START ds_weather_no_morereliable cases_015 (100 steps, two-turn)
[2026-04-27 01:46:00] ds_weather_no_morereliable cases_015  steps   1-  9: 20.6s  total: 20.6s  (10/100)
[2026-04-27 01:46:19] ds_weather_no_morereliable cases_015  steps  11- 19: 19.7s  total: 40.3s  (20/100)
[2026-04-27 01:46:38] ds_weather_no_morereliable cases_015  steps  21- 29: 18.6s  total: 58.9s  (30/100)
[2026-04-27 01:46:58] ds_weather_no_morereliable cases_015  steps  31- 39: 19.8s  total: 78.7s  (40/100)
[2026-04-27 01:47:18] ds_weather_no_morereliable cases_015  steps  41- 49: 19.8s  total: 98.4s  (50/100)
[2026-04-27 01:47:38] ds_weather_no_morereliable cases_015  steps  51- 59: 19.9s  total: 118.3s  (60/100)
[2026-04-27 01:48:09] ds_weather_no_morereliable cases_015  steps  61- 69: 31.4s  total: 149.6s  (70/100)
[2026-04-27 01:48:29] ds_weather_no_morereliable cases_015  steps  71- 79: 20.5s  total: 170.1s  (80/100)
[2026-04-27 01:48:50] ds_weather_no_morereliable cases_015  steps  81- 89: 20.9s  total: 191.1s  (90/100)
[2026-04-27 01:49:11] ds_weather_no_morereliable cases_015  steps  91- 99: 20.3s  total: 211.4s  (100/100)
[2026-04-27 01:49:11] DONE ds_weather_no_morereliable cases_015  total: 211.4s  (2.11s/step)
[2026-04-27 01:49:11]   tokens: 109,018 in + 2,415 out (reasoning: 0)  cost: $0.0321
[2026-04-27 01:49:11] START ds_weather_no_morereliable cases_016 (100 steps, two-turn)
[2026-04-27 01:49:34] ds_weather_no_morereliable cases_016  steps   1-  9: 23.4s  total: 23.4s  (10/100)
[2026-04-27 01:49:57] ds_weather_no_morereliable cases_016  steps  11- 19: 22.5s  total: 45.9s  (20/100)
[2026-04-27 01:50:18] ds_weather_no_morereliable cases_016  steps  21- 29: 20.8s  total: 66.7s  (30/100)
[2026-04-27 01:50:39] ds_weather_no_morereliable cases_016  steps  31- 39: 20.8s  total: 87.5s  (40/100)
[2026-04-27 01:51:05] ds_weather_no_morereliable cases_016  steps  41- 49: 26.6s  total: 114.1s  (50/100)
[2026-04-27 01:51:25] ds_weather_no_morereliable cases_016  steps  51- 59: 20.3s  total: 134.3s  (60/100)
[2026-04-27 01:51:48] ds_weather_no_morereliable cases_016  steps  61- 69: 22.3s  total: 156.6s  (70/100)
[2026-04-27 01:52:09] ds_weather_no_morereliable cases_016  steps  71- 79: 21.1s  total: 177.7s  (80/100)
[2026-04-27 01:52:31] ds_weather_no_morereliable cases_016  steps  81- 89: 22.6s  total: 200.3s  (90/100)
[2026-04-27 01:52:52] ds_weather_no_morereliable cases_016  steps  91- 99: 21.0s  total: 221.4s  (100/100)
[2026-04-27 01:52:53] DONE ds_weather_no_morereliable cases_016  total: 221.4s  (2.21s/step)
[2026-04-27 01:52:53]   tokens: 109,110 in + 2,467 out (reasoning: 0)  cost: $0.0322
[2026-04-27 01:52:53] START ds_weather_no_morereliable cases_017 (100 steps, two-turn)
[2026-04-27 01:53:14] ds_weather_no_morereliable cases_017  steps   1-  9: 20.9s  total: 20.9s  (10/100)
[2026-04-27 01:53:38] ds_weather_no_morereliable cases_017  steps  11- 19: 24.3s  total: 45.2s  (20/100)
[2026-04-27 01:53:59] ds_weather_no_morereliable cases_017  steps  21- 29: 20.7s  total: 65.9s  (30/100)
[2026-04-27 01:54:19] ds_weather_no_morereliable cases_017  steps  31- 39: 20.2s  total: 86.1s  (40/100)
[2026-04-27 01:54:39] ds_weather_no_morereliable cases_017  steps  41- 49: 20.2s  total: 106.3s  (50/100)
[2026-04-27 01:55:00] ds_weather_no_morereliable cases_017  steps  51- 59: 20.3s  total: 126.6s  (60/100)
[2026-04-27 01:55:26] ds_weather_no_morereliable cases_017  steps  61- 69: 26.6s  total: 153.2s  (70/100)
[2026-04-27 01:55:52] ds_weather_no_morereliable cases_017  steps  71- 79: 26.3s  total: 179.5s  (80/100)
[2026-04-27 01:56:18] ds_weather_no_morereliable cases_017  steps  81- 89: 25.2s  total: 204.7s  (90/100)
[2026-04-27 01:56:44] ds_weather_no_morereliable cases_017  steps  91- 99: 26.1s  total: 230.7s  (100/100)
[2026-04-27 01:56:44] DONE ds_weather_no_morereliable cases_017  total: 230.7s  (2.31s/step)
[2026-04-27 01:56:44]   tokens: 110,768 in + 3,212 out (reasoning: 0)  cost: $0.0334
[2026-04-27 01:56:44] START ds_weather_no_morereliable cases_018 (100 steps, two-turn)
[2026-04-27 01:57:12] ds_weather_no_morereliable cases_018  steps   1-  9: 27.4s  total: 27.4s  (10/100)
[2026-04-27 01:57:37] ds_weather_no_morereliable cases_018  steps  11- 19: 25.8s  total: 53.2s  (20/100)
[2026-04-27 01:58:02] ds_weather_no_morereliable cases_018  steps  21- 29: 24.7s  total: 77.9s  (30/100)
[2026-04-27 01:58:28] ds_weather_no_morereliable cases_018  steps  31- 39: 25.8s  total: 103.7s  (40/100)
[2026-04-27 01:58:55] ds_weather_no_morereliable cases_018  steps  41- 49: 26.9s  total: 130.7s  (50/100)
[2026-04-27 01:59:21] ds_weather_no_morereliable cases_018  steps  51- 59: 26.0s  total: 156.7s  (60/100)
[2026-04-27 01:59:47] ds_weather_no_morereliable cases_018  steps  61- 69: 26.3s  total: 183.0s  (70/100)
[2026-04-27 02:00:17] ds_weather_no_morereliable cases_018  steps  71- 79: 29.8s  total: 212.7s  (80/100)
[2026-04-27 02:00:47] ds_weather_no_morereliable cases_018  steps  81- 89: 29.7s  total: 242.5s  (90/100)
[2026-04-27 02:01:16] ds_weather_no_morereliable cases_018  steps  91- 99: 29.2s  total: 271.7s  (100/100)
[2026-04-27 02:01:16] DONE ds_weather_no_morereliable cases_018  total: 271.7s  (2.72s/step)
[2026-04-27 02:01:16]   tokens: 111,552 in + 3,600 out (reasoning: 0)  cost: $0.0341
[2026-04-27 02:01:16] START ds_weather_no_morereliable cases_019 (100 steps, two-turn)
[2026-04-27 02:01:39] ds_weather_no_morereliable cases_019  steps   1-  9: 22.5s  total: 22.5s  (10/100)
[2026-04-27 02:02:00] ds_weather_no_morereliable cases_019  steps  11- 19: 21.4s  total: 43.9s  (20/100)
[2026-04-27 02:02:22] ds_weather_no_morereliable cases_019  steps  21- 29: 21.5s  total: 65.4s  (30/100)
[2026-04-27 02:02:42] ds_weather_no_morereliable cases_019  steps  31- 39: 20.3s  total: 85.7s  (40/100)
[2026-04-27 02:03:02] ds_weather_no_morereliable cases_019  steps  41- 49: 19.7s  total: 105.4s  (50/100)
[2026-04-27 02:03:23] ds_weather_no_morereliable cases_019  steps  51- 59: 20.9s  total: 126.3s  (60/100)
[2026-04-27 02:03:43] ds_weather_no_morereliable cases_019  steps  61- 69: 20.6s  total: 146.9s  (70/100)
[2026-04-27 02:04:04] ds_weather_no_morereliable cases_019  steps  71- 79: 20.6s  total: 167.5s  (80/100)
[2026-04-27 02:04:23] ds_weather_no_morereliable cases_019  steps  81- 89: 19.2s  total: 186.6s  (90/100)
[2026-04-27 02:04:43] ds_weather_no_morereliable cases_019  steps  91- 99: 20.3s  total: 207.0s  (100/100)
[2026-04-27 02:04:44] DONE ds_weather_no_morereliable cases_019  total: 207.0s  (2.07s/step)
[2026-04-27 02:04:44]   tokens: 109,968 in + 2,800 out (reasoning: 0)  cost: $0.0328
[2026-04-27 02:04:44] START ds_online cases_010 (100 steps, two-turn)
[2026-04-27 02:05:06] ds_online cases_010  steps   1-  9: 21.6s  total: 21.6s  (10/100)
[2026-04-27 02:05:29] ds_online cases_010  steps  11- 19: 23.2s  total: 44.7s  (20/100)
[2026-04-27 02:05:50] ds_online cases_010  steps  21- 29: 21.7s  total: 66.4s  (30/100)
[2026-04-27 02:06:13] ds_online cases_010  steps  31- 39: 22.6s  total: 89.1s  (40/100)
[2026-04-27 02:06:36] ds_online cases_010  steps  41- 49: 22.7s  total: 111.7s  (50/100)
[2026-04-27 02:06:57] ds_online cases_010  steps  51- 59: 21.6s  total: 133.3s  (60/100)
[2026-04-27 02:07:20] ds_online cases_010  steps  61- 69: 22.8s  total: 156.1s  (70/100)
[2026-04-27 02:07:42] ds_online cases_010  steps  71- 79: 22.1s  total: 178.2s  (80/100)
[2026-04-27 02:08:03] ds_online cases_010  steps  81- 89: 21.3s  total: 199.5s  (90/100)
[2026-04-27 02:08:26] ds_online cases_010  steps  91- 99: 22.4s  total: 221.9s  (100/100)
[2026-04-27 02:08:26] DONE ds_online cases_010  total: 221.9s  (2.22s/step)
[2026-04-27 02:08:26]   tokens: 102,482 in + 4,281 out (reasoning: 0)  cost: $0.0324
[2026-04-27 02:08:26] START ds_online cases_011 (100 steps, two-turn)
[2026-04-27 02:08:46] ds_online cases_011  steps   1-  9: 19.5s  total: 19.5s  (10/100)
[2026-04-27 02:09:06] ds_online cases_011  steps  11- 19: 20.6s  total: 40.1s  (20/100)
[2026-04-27 02:09:27] ds_online cases_011  steps  21- 29: 20.2s  total: 60.3s  (30/100)
[2026-04-27 02:09:47] ds_online cases_011  steps  31- 39: 20.4s  total: 80.7s  (40/100)
[2026-04-27 02:10:06] ds_online cases_011  steps  41- 49: 19.0s  total: 99.7s  (50/100)
[2026-04-27 02:10:26] ds_online cases_011  steps  51- 59: 20.4s  total: 120.1s  (60/100)
[2026-04-27 02:10:45] ds_online cases_011  steps  61- 69: 18.7s  total: 138.9s  (70/100)
[2026-04-27 02:11:03] ds_online cases_011  steps  71- 79: 18.0s  total: 156.8s  (80/100)
[2026-04-27 02:11:23] ds_online cases_011  steps  81- 89: 19.8s  total: 176.7s  (90/100)
[2026-04-27 02:11:43] ds_online cases_011  steps  91- 99: 19.8s  total: 196.5s  (100/100)
[2026-04-27 02:11:43] DONE ds_online cases_011  total: 196.5s  (1.96s/step)
[2026-04-27 02:11:43]   tokens: 98,104 in + 2,162 out (reasoning: 0)  cost: $0.0289
[2026-04-27 02:11:43] START ds_online cases_012 (100 steps, two-turn)
[2026-04-27 02:12:08] ds_online cases_012  steps   1-  9: 25.1s  total: 25.1s  (10/100)
[2026-04-27 02:12:34] ds_online cases_012  steps  11- 19: 25.3s  total: 50.4s  (20/100)
[2026-04-27 02:12:57] ds_online cases_012  steps  21- 29: 23.4s  total: 73.9s  (30/100)
[2026-04-27 02:13:27] ds_online cases_012  steps  31- 39: 30.1s  total: 104.0s  (40/100)
[2026-04-27 02:13:49] ds_online cases_012  steps  41- 49: 21.8s  total: 125.7s  (50/100)
[2026-04-27 02:14:15] ds_online cases_012  steps  51- 59: 26.0s  total: 151.8s  (60/100)
[2026-04-27 02:14:37] ds_online cases_012  steps  61- 69: 22.3s  total: 174.1s  (70/100)
[2026-04-27 02:15:03] ds_online cases_012  steps  71- 79: 25.6s  total: 199.6s  (80/100)
[2026-04-27 02:15:29] ds_online cases_012  steps  81- 89: 26.4s  total: 226.0s  (90/100)
[2026-04-27 02:15:55] ds_online cases_012  steps  91- 99: 26.0s  total: 252.0s  (100/100)
[2026-04-27 02:15:56] DONE ds_online cases_012  total: 252.0s  (2.52s/step)
[2026-04-27 02:15:56]   tokens: 105,898 in + 6,009 out (reasoning: 0)  cost: $0.0352
[2026-04-27 02:15:56] START ds_online cases_013 (100 steps, two-turn)
[2026-04-27 02:16:17] ds_online cases_013  steps   1-  9: 21.6s  total: 21.6s  (10/100)
[2026-04-27 02:16:48] ds_online cases_013  steps  11- 19: 30.6s  total: 52.2s  (20/100)
[2026-04-27 02:17:16] ds_online cases_013  steps  21- 29: 27.7s  total: 79.9s  (30/100)
[2026-04-27 02:17:40] ds_online cases_013  steps  31- 39: 24.3s  total: 104.2s  (40/100)
[2026-04-27 02:18:12] ds_online cases_013  steps  41- 49: 32.2s  total: 136.4s  (50/100)
[2026-04-27 02:18:33] ds_online cases_013  steps  51- 59: 21.0s  total: 157.4s  (60/100)
[2026-04-27 02:18:54] ds_online cases_013  steps  61- 69: 21.0s  total: 178.4s  (70/100)
[2026-04-27 02:19:17] ds_online cases_013  steps  71- 79: 22.7s  total: 201.1s  (80/100)
[2026-04-27 02:19:38] ds_online cases_013  steps  81- 89: 20.7s  total: 221.8s  (90/100)
[2026-04-27 02:19:59] ds_online cases_013  steps  91- 99: 21.1s  total: 242.9s  (100/100)
[2026-04-27 02:19:59] DONE ds_online cases_013  total: 242.9s  (2.43s/step)
[2026-04-27 02:19:59]   tokens: 104,520 in + 5,287 out (reasoning: 0)  cost: $0.0340
[2026-04-27 02:19:59] START ds_online cases_014 (100 steps, two-turn)
[2026-04-27 02:20:18] ds_online cases_014  steps   1-  9: 18.6s  total: 18.6s  (10/100)
[2026-04-27 02:20:38] ds_online cases_014  steps  11- 19: 20.0s  total: 38.7s  (20/100)
[2026-04-27 02:20:58] ds_online cases_014  steps  21- 29: 20.5s  total: 59.2s  (30/100)
[2026-04-27 02:21:20] ds_online cases_014  steps  31- 39: 21.4s  total: 80.5s  (40/100)
[2026-04-27 02:21:39] ds_online cases_014  steps  41- 49: 19.3s  total: 99.8s  (50/100)
[2026-04-27 02:22:03] ds_online cases_014  steps  51- 59: 24.1s  total: 124.0s  (60/100)
[2026-04-27 02:22:27] ds_online cases_014  steps  61- 69: 23.7s  total: 147.6s  (70/100)
[2026-04-27 02:22:48] ds_online cases_014  steps  71- 79: 21.5s  total: 169.2s  (80/100)
[2026-04-27 02:23:10] ds_online cases_014  steps  81- 89: 21.4s  total: 190.6s  (90/100)
[2026-04-27 02:23:31] ds_online cases_014  steps  91- 99: 21.5s  total: 212.1s  (100/100)
[2026-04-27 02:23:32] DONE ds_online cases_014  total: 212.1s  (2.12s/step)
[2026-04-27 02:23:32]   tokens: 99,712 in + 2,983 out (reasoning: 0)  cost: $0.0302
[2026-04-27 02:23:32] START ds_online cases_015 (100 steps, two-turn)
[2026-04-27 02:23:50] ds_online cases_015  steps   1-  9: 18.4s  total: 18.4s  (10/100)
[2026-04-27 02:24:10] ds_online cases_015  steps  11- 19: 19.9s  total: 38.3s  (20/100)
[2026-04-27 02:24:30] ds_online cases_015  steps  21- 29: 20.0s  total: 58.4s  (30/100)
[2026-04-27 02:24:49] ds_online cases_015  steps  31- 39: 19.1s  total: 77.5s  (40/100)
[2026-04-27 02:25:09] ds_online cases_015  steps  41- 49: 20.0s  total: 97.5s  (50/100)
[2026-04-27 02:25:28] ds_online cases_015  steps  51- 59: 18.9s  total: 116.4s  (60/100)
[2026-04-27 02:25:48] ds_online cases_015  steps  61- 69: 20.2s  total: 136.7s  (70/100)
[2026-04-27 02:26:09] ds_online cases_015  steps  71- 79: 20.3s  total: 157.0s  (80/100)
[2026-04-27 02:26:29] ds_online cases_015  steps  81- 89: 20.2s  total: 177.2s  (90/100)
[2026-04-27 02:26:49] ds_online cases_015  steps  91- 99: 20.0s  total: 197.3s  (100/100)
[2026-04-27 02:26:49] DONE ds_online cases_015  total: 197.3s  (1.97s/step)
[2026-04-27 02:26:49]   tokens: 98,018 in + 2,119 out (reasoning: 0)  cost: $0.0288
[2026-04-27 02:26:49] START ds_online cases_016 (100 steps, two-turn)
[2026-04-27 02:27:10] ds_online cases_016  steps   1-  9: 20.7s  total: 20.7s  (10/100)
[2026-04-27 02:27:31] ds_online cases_016  steps  11- 19: 20.7s  total: 41.4s  (20/100)
[2026-04-27 02:27:51] ds_online cases_016  steps  21- 29: 20.0s  total: 61.3s  (30/100)
[2026-04-27 02:28:12] ds_online cases_016  steps  31- 39: 20.8s  total: 82.2s  (40/100)
[2026-04-27 02:28:31] ds_online cases_016  steps  41- 49: 19.7s  total: 101.8s  (50/100)
[2026-04-27 02:28:52] ds_online cases_016  steps  51- 59: 20.2s  total: 122.1s  (60/100)
[2026-04-27 02:29:12] ds_online cases_016  steps  61- 69: 20.3s  total: 142.4s  (70/100)
[2026-04-27 02:29:32] ds_online cases_016  steps  71- 79: 20.5s  total: 162.9s  (80/100)
[2026-04-27 02:29:52] ds_online cases_016  steps  81- 89: 20.1s  total: 183.0s  (90/100)
[2026-04-27 02:30:15] ds_online cases_016  steps  91- 99: 22.9s  total: 205.9s  (100/100)
[2026-04-27 02:30:16] DONE ds_online cases_016  total: 205.9s  (2.06s/step)
[2026-04-27 02:30:16]   tokens: 98,298 in + 2,257 out (reasoning: 0)  cost: $0.0290
[2026-04-27 02:30:16] START ds_online cases_017 (100 steps, two-turn)
[2026-04-27 02:30:41] ds_online cases_017  steps   1-  9: 24.8s  total: 24.8s  (10/100)
[2026-04-27 02:31:09] ds_online cases_017  steps  11- 19: 28.8s  total: 53.6s  (20/100)
[2026-04-27 02:31:40] ds_online cases_017  steps  21- 29: 31.0s  total: 84.6s  (30/100)
[2026-04-27 02:32:07] ds_online cases_017  steps  31- 39: 26.7s  total: 111.3s  (40/100)
[2026-04-27 02:32:33] ds_online cases_017  steps  41- 49: 25.8s  total: 137.0s  (50/100)
[2026-04-27 02:32:59] ds_online cases_017  steps  51- 59: 25.8s  total: 162.9s  (60/100)
[2026-04-27 02:33:27] ds_online cases_017  steps  61- 69: 28.1s  total: 190.9s  (70/100)
[2026-04-27 02:33:53] ds_online cases_017  steps  71- 79: 26.8s  total: 217.7s  (80/100)
[2026-04-27 02:34:22] ds_online cases_017  steps  81- 89: 28.5s  total: 246.2s  (90/100)
[2026-04-27 02:34:46] ds_online cases_017  steps  91- 99: 24.3s  total: 270.5s  (100/100)
[2026-04-27 02:34:47] DONE ds_online cases_017  total: 270.5s  (2.71s/step)
[2026-04-27 02:34:47]   tokens: 106,218 in + 6,238 out (reasoning: 0)  cost: $0.0355
[2026-04-27 02:34:47] START ds_online cases_018 (100 steps, two-turn)
[2026-04-27 02:35:09] ds_online cases_018  steps   1-  9: 21.7s  total: 21.7s  (10/100)
[2026-04-27 02:35:30] ds_online cases_018  steps  11- 19: 21.0s  total: 42.7s  (20/100)
[2026-04-27 02:35:50] ds_online cases_018  steps  21- 29: 20.9s  total: 63.6s  (30/100)
[2026-04-27 02:36:10] ds_online cases_018  steps  31- 39: 19.8s  total: 83.4s  (40/100)
[2026-04-27 02:36:29] ds_online cases_018  steps  41- 49: 18.7s  total: 102.1s  (50/100)
[2026-04-27 02:36:53] ds_online cases_018  steps  51- 59: 23.6s  total: 125.7s  (60/100)
[2026-04-27 02:37:14] ds_online cases_018  steps  61- 69: 21.6s  total: 147.3s  (70/100)
[2026-04-27 02:37:36] ds_online cases_018  steps  71- 79: 21.9s  total: 169.2s  (80/100)
[2026-04-27 02:37:57] ds_online cases_018  steps  81- 89: 21.4s  total: 190.6s  (90/100)
[2026-04-27 02:38:20] ds_online cases_018  steps  91- 99: 22.8s  total: 213.4s  (100/100)
[2026-04-27 02:38:21] DONE ds_online cases_018  total: 213.4s  (2.13s/step)
[2026-04-27 02:38:21]   tokens: 100,936 in + 3,498 out (reasoning: 0)  cost: $0.0311
[2026-04-27 02:38:21] START ds_online cases_019 (100 steps, two-turn)
[2026-04-27 02:38:43] ds_online cases_019  steps   1-  9: 22.3s  total: 22.3s  (10/100)
[2026-04-27 02:39:11] ds_online cases_019  steps  11- 19: 27.9s  total: 50.2s  (20/100)
[2026-04-27 02:39:33] ds_online cases_019  steps  21- 29: 22.0s  total: 72.3s  (30/100)
[2026-04-27 02:39:53] ds_online cases_019  steps  31- 39: 20.1s  total: 92.3s  (40/100)
[2026-04-27 02:40:18] ds_online cases_019  steps  41- 49: 25.2s  total: 117.5s  (50/100)
[2026-04-27 02:40:48] ds_online cases_019  steps  51- 59: 30.1s  total: 147.5s  (60/100)
[2026-04-27 02:41:10] ds_online cases_019  steps  61- 69: 21.3s  total: 168.9s  (70/100)
[2026-04-27 02:41:37] ds_online cases_019  steps  71- 79: 27.7s  total: 196.6s  (80/100)
[2026-04-27 02:42:01] ds_online cases_019  steps  81- 89: 23.2s  total: 219.8s  (90/100)
[2026-04-27 02:42:25] ds_online cases_019  steps  91- 99: 24.2s  total: 244.0s  (100/100)
[2026-04-27 02:42:25] DONE ds_online cases_019  total: 244.0s  (2.44s/step)
[2026-04-27 02:42:25]   tokens: 104,580 in + 5,362 out (reasoning: 0)  cost: $0.0341
[2026-04-27 02:42:25] START ds_online_acc cases_010 (100 steps, two-turn)
[2026-04-27 02:42:44] ds_online_acc cases_010  steps   1-  9: 19.2s  total: 19.2s  (10/100)
[2026-04-27 02:43:04] ds_online_acc cases_010  steps  11- 19: 19.7s  total: 38.9s  (20/100)
[2026-04-27 02:43:25] ds_online_acc cases_010  steps  21- 29: 20.5s  total: 59.3s  (30/100)
[2026-04-27 02:43:45] ds_online_acc cases_010  steps  31- 39: 20.2s  total: 79.5s  (40/100)
[2026-04-27 02:44:04] ds_online_acc cases_010  steps  41- 49: 19.4s  total: 98.9s  (50/100)
[2026-04-27 02:44:24] ds_online_acc cases_010  steps  51- 59: 19.9s  total: 118.8s  (60/100)
[2026-04-27 02:44:45] ds_online_acc cases_010  steps  61- 69: 20.7s  total: 139.5s  (70/100)
[2026-04-27 02:45:04] ds_online_acc cases_010  steps  71- 79: 19.2s  total: 158.7s  (80/100)
[2026-04-27 02:45:22] ds_online_acc cases_010  steps  81- 89: 18.4s  total: 177.0s  (90/100)
[2026-04-27 02:45:42] ds_online_acc cases_010  steps  91- 99: 19.5s  total: 196.5s  (100/100)
[2026-04-27 02:45:42] DONE ds_online_acc cases_010  total: 196.6s  (1.97s/step)
[2026-04-27 02:45:42]   tokens: 100,160 in + 3,108 out (reasoning: 0)  cost: $0.0305
[2026-04-27 02:45:42] START ds_online_acc cases_011 (100 steps, two-turn)
[2026-04-27 02:46:05] ds_online_acc cases_011  steps   1-  9: 22.3s  total: 22.3s  (10/100)
[2026-04-27 02:46:26] ds_online_acc cases_011  steps  11- 19: 21.2s  total: 43.4s  (20/100)
[2026-04-27 02:46:45] ds_online_acc cases_011  steps  21- 29: 19.4s  total: 62.8s  (30/100)
[2026-04-27 02:47:05] ds_online_acc cases_011  steps  31- 39: 20.2s  total: 83.0s  (40/100)
[2026-04-27 02:47:26] ds_online_acc cases_011  steps  41- 49: 20.3s  total: 103.3s  (50/100)
[2026-04-27 02:47:47] ds_online_acc cases_011  steps  51- 59: 21.4s  total: 124.7s  (60/100)
[2026-04-27 02:48:09] ds_online_acc cases_011  steps  61- 69: 21.5s  total: 146.3s  (70/100)
[2026-04-27 02:48:30] ds_online_acc cases_011  steps  71- 79: 21.0s  total: 167.3s  (80/100)
[2026-04-27 02:48:53] ds_online_acc cases_011  steps  81- 89: 23.6s  total: 190.8s  (90/100)
[2026-04-27 02:49:16] ds_online_acc cases_011  steps  91- 99: 22.5s  total: 213.4s  (100/100)
[2026-04-27 02:49:16] DONE ds_online_acc cases_011  total: 213.4s  (2.13s/step)
[2026-04-27 02:49:16]   tokens: 100,288 in + 3,178 out (reasoning: 0)  cost: $0.0306
[2026-04-27 02:49:16] START ds_online_acc cases_012 (100 steps, two-turn)
[2026-04-27 02:49:40] ds_online_acc cases_012  steps   1-  9: 24.3s  total: 24.3s  (10/100)
[2026-04-27 02:50:07] ds_online_acc cases_012  steps  11- 19: 26.5s  total: 50.8s  (20/100)
[2026-04-27 02:50:32] ds_online_acc cases_012  steps  21- 29: 24.7s  total: 75.5s  (30/100)
[2026-04-27 02:50:56] ds_online_acc cases_012  steps  31- 39: 24.6s  total: 100.1s  (40/100)
[2026-04-27 02:51:18] ds_online_acc cases_012  steps  41- 49: 21.9s  total: 122.0s  (50/100)
[2026-04-27 02:51:42] ds_online_acc cases_012  steps  51- 59: 24.3s  total: 146.3s  (60/100)
[2026-04-27 02:52:16] ds_online_acc cases_012  steps  61- 69: 33.5s  total: 179.7s  (70/100)
[2026-04-27 02:52:59] ds_online_acc cases_012  steps  71- 79: 42.6s  total: 222.4s  (80/100)
[2026-04-27 02:53:26] ds_online_acc cases_012  steps  81- 89: 27.5s  total: 249.9s  (90/100)
[2026-04-27 02:54:02] ds_online_acc cases_012  steps  91- 99: 35.6s  total: 285.5s  (100/100)
[2026-04-27 02:54:02] DONE ds_online_acc cases_012  total: 285.5s  (2.85s/step)
[2026-04-27 02:54:02]   tokens: 113,376 in + 9,838 out (reasoning: 0)  cost: $0.0414
[2026-04-27 02:54:02] START ds_online_acc cases_013 (100 steps, two-turn)
[2026-04-27 02:54:23] ds_online_acc cases_013  steps   1-  9: 20.6s  total: 20.6s  (10/100)
[2026-04-27 02:54:48] ds_online_acc cases_013  steps  11- 19: 25.3s  total: 45.9s  (20/100)
[2026-04-27 02:55:15] ds_online_acc cases_013  steps  21- 29: 27.0s  total: 73.0s  (30/100)
[2026-04-27 02:55:36] ds_online_acc cases_013  steps  31- 39: 20.6s  total: 93.6s  (40/100)
[2026-04-27 02:55:56] ds_online_acc cases_013  steps  41- 49: 20.0s  total: 113.6s  (50/100)
[2026-04-27 02:56:15] ds_online_acc cases_013  steps  51- 59: 19.7s  total: 133.3s  (60/100)
[2026-04-27 02:56:37] ds_online_acc cases_013  steps  61- 69: 21.3s  total: 154.6s  (70/100)
[2026-04-27 02:56:56] ds_online_acc cases_013  steps  71- 79: 19.6s  total: 174.3s  (80/100)
[2026-04-27 02:57:17] ds_online_acc cases_013  steps  81- 89: 21.0s  total: 195.2s  (90/100)
[2026-04-27 02:57:38] ds_online_acc cases_013  steps  91- 99: 20.4s  total: 215.7s  (100/100)
[2026-04-27 02:57:38] DONE ds_online_acc cases_013  total: 215.7s  (2.16s/step)
[2026-04-27 02:57:38]   tokens: 103,544 in + 4,806 out (reasoning: 0)  cost: $0.0332
[2026-04-27 02:57:38] START ds_online_acc cases_014 (100 steps, two-turn)
[2026-04-27 02:57:57] ds_online_acc cases_014  steps   1-  9: 18.6s  total: 18.6s  (10/100)
[2026-04-27 02:58:16] ds_online_acc cases_014  steps  11- 19: 18.8s  total: 37.4s  (20/100)
[2026-04-27 02:58:35] ds_online_acc cases_014  steps  21- 29: 19.8s  total: 57.2s  (30/100)
[2026-04-27 02:58:54] ds_online_acc cases_014  steps  31- 39: 18.2s  total: 75.4s  (40/100)
[2026-04-27 02:59:13] ds_online_acc cases_014  steps  41- 49: 19.5s  total: 94.9s  (50/100)
[2026-04-27 02:59:32] ds_online_acc cases_014  steps  51- 59: 18.9s  total: 113.8s  (60/100)
[2026-04-27 02:59:52] ds_online_acc cases_014  steps  61- 69: 19.6s  total: 133.3s  (70/100)
[2026-04-27 03:00:10] ds_online_acc cases_014  steps  71- 79: 18.0s  total: 151.3s  (80/100)
[2026-04-27 03:00:28] ds_online_acc cases_014  steps  81- 89: 18.8s  total: 170.2s  (90/100)
[2026-04-27 03:00:48] ds_online_acc cases_014  steps  91- 99: 19.3s  total: 189.5s  (100/100)
[2026-04-27 03:00:48] DONE ds_online_acc cases_014  total: 189.5s  (1.90s/step)
[2026-04-27 03:00:48]   tokens: 98,482 in + 2,353 out (reasoning: 0)  cost: $0.0292
[2026-04-27 03:00:48] START ds_online_acc cases_015 (100 steps, two-turn)
[2026-04-27 03:01:06] ds_online_acc cases_015  steps   1-  9: 17.7s  total: 17.7s  (10/100)
[2026-04-27 03:01:26] ds_online_acc cases_015  steps  11- 19: 19.7s  total: 37.4s  (20/100)
[2026-04-27 03:01:47] ds_online_acc cases_015  steps  21- 29: 21.8s  total: 59.2s  (30/100)
[2026-04-27 03:02:07] ds_online_acc cases_015  steps  31- 39: 19.8s  total: 79.0s  (40/100)
[2026-04-27 03:02:27] ds_online_acc cases_015  steps  41- 49: 20.0s  total: 99.0s  (50/100)
[2026-04-27 03:02:46] ds_online_acc cases_015  steps  51- 59: 18.9s  total: 117.9s  (60/100)
[2026-04-27 03:03:06] ds_online_acc cases_015  steps  61- 69: 19.5s  total: 137.4s  (70/100)
[2026-04-27 03:03:25] ds_online_acc cases_015  steps  71- 79: 19.5s  total: 156.9s  (80/100)
[2026-04-27 03:03:45] ds_online_acc cases_015  steps  81- 89: 20.0s  total: 176.9s  (90/100)
[2026-04-27 03:04:05] ds_online_acc cases_015  steps  91- 99: 20.3s  total: 197.2s  (100/100)
[2026-04-27 03:04:06] DONE ds_online_acc cases_015  total: 197.2s  (1.97s/step)
[2026-04-27 03:04:06]   tokens: 100,432 in + 3,342 out (reasoning: 0)  cost: $0.0308
[2026-04-27 03:04:06] START ds_online_acc cases_016 (100 steps, two-turn)
[2026-04-27 03:04:26] ds_online_acc cases_016  steps   1-  9: 19.9s  total: 19.9s  (10/100)
[2026-04-27 03:04:46] ds_online_acc cases_016  steps  11- 19: 20.4s  total: 40.2s  (20/100)
[2026-04-27 03:05:05] ds_online_acc cases_016  steps  21- 29: 18.6s  total: 58.8s  (30/100)
[2026-04-27 03:05:25] ds_online_acc cases_016  steps  31- 39: 20.6s  total: 79.4s  (40/100)
[2026-04-27 03:05:43] ds_online_acc cases_016  steps  41- 49: 17.9s  total: 97.3s  (50/100)
[2026-04-27 03:06:01] ds_online_acc cases_016  steps  51- 59: 18.0s  total: 115.4s  (60/100)
[2026-04-27 03:06:19] ds_online_acc cases_016  steps  61- 69: 17.5s  total: 132.9s  (70/100)
[2026-04-27 03:06:37] ds_online_acc cases_016  steps  71- 79: 18.4s  total: 151.3s  (80/100)
[2026-04-27 03:06:56] ds_online_acc cases_016  steps  81- 89: 18.7s  total: 170.0s  (90/100)
[2026-04-27 03:07:15] ds_online_acc cases_016  steps  91- 99: 18.7s  total: 188.7s  (100/100)
[2026-04-27 03:07:15] DONE ds_online_acc cases_016  total: 188.7s  (1.89s/step)
[2026-04-27 03:07:15]   tokens: 98,256 in + 2,236 out (reasoning: 0)  cost: $0.0290
[2026-04-27 03:07:15] START ds_online_acc cases_017 (100 steps, two-turn)
[2026-04-27 03:07:36] ds_online_acc cases_017  steps   1-  9: 20.7s  total: 20.7s  (10/100)
[2026-04-27 03:08:01] ds_online_acc cases_017  steps  11- 19: 25.0s  total: 45.7s  (20/100)
[2026-04-27 03:08:23] ds_online_acc cases_017  steps  21- 29: 22.6s  total: 68.3s  (30/100)
[2026-04-27 03:08:46] ds_online_acc cases_017  steps  31- 39: 22.8s  total: 91.1s  (40/100)
[2026-04-27 03:09:07] ds_online_acc cases_017  steps  41- 49: 20.7s  total: 111.8s  (50/100)
[2026-04-27 03:09:31] ds_online_acc cases_017  steps  51- 59: 24.1s  total: 135.9s  (60/100)
[2026-04-27 03:09:54] ds_online_acc cases_017  steps  61- 69: 23.4s  total: 159.3s  (70/100)
[2026-04-27 03:10:18] ds_online_acc cases_017  steps  71- 79: 23.7s  total: 183.0s  (80/100)
[2026-04-27 03:10:45] ds_online_acc cases_017  steps  81- 89: 27.1s  total: 210.1s  (90/100)
[2026-04-27 03:11:12] ds_online_acc cases_017  steps  91- 99: 27.0s  total: 237.1s  (100/100)
[2026-04-27 03:11:13] DONE ds_online_acc cases_017  total: 237.1s  (2.37s/step)
[2026-04-27 03:11:13]   tokens: 107,350 in + 6,797 out (reasoning: 0)  cost: $0.0365
[2026-04-27 03:11:13] START ds_online_acc cases_018 (100 steps, two-turn)
[2026-04-27 03:11:37] ds_online_acc cases_018  steps   1-  9: 24.2s  total: 24.2s  (10/100)
[2026-04-27 03:11:58] ds_online_acc cases_018  steps  11- 19: 20.8s  total: 45.0s  (20/100)
[2026-04-27 03:12:21] ds_online_acc cases_018  steps  21- 29: 23.3s  total: 68.3s  (30/100)
[2026-04-27 03:12:43] ds_online_acc cases_018  steps  31- 39: 22.2s  total: 90.5s  (40/100)
[2026-04-27 03:13:05] ds_online_acc cases_018  steps  41- 49: 22.1s  total: 112.6s  (50/100)
[2026-04-27 03:13:28] ds_online_acc cases_018  steps  51- 59: 22.3s  total: 135.0s  (60/100)
[2026-04-27 03:13:50] ds_online_acc cases_018  steps  61- 69: 21.9s  total: 156.8s  (70/100)
[2026-04-27 03:14:17] ds_online_acc cases_018  steps  71- 79: 27.7s  total: 184.5s  (80/100)
[2026-04-27 03:14:39] ds_online_acc cases_018  steps  81- 89: 22.0s  total: 206.6s  (90/100)
[2026-04-27 03:15:01] ds_online_acc cases_018  steps  91- 99: 21.7s  total: 228.3s  (100/100)
[2026-04-27 03:15:01] DONE ds_online_acc cases_018  total: 228.3s  (2.28s/step)
[2026-04-27 03:15:01]   tokens: 104,228 in + 5,254 out (reasoning: 0)  cost: $0.0339
[2026-04-27 03:15:02] START ds_online_acc cases_019 (100 steps, two-turn)
[2026-04-27 03:15:21] ds_online_acc cases_019  steps   1-  9: 19.1s  total: 19.1s  (10/100)
[2026-04-27 03:15:48] ds_online_acc cases_019  steps  11- 19: 27.1s  total: 46.2s  (20/100)
[2026-04-27 03:16:11] ds_online_acc cases_019  steps  21- 29: 22.9s  total: 69.0s  (30/100)
[2026-04-27 03:16:31] ds_online_acc cases_019  steps  31- 39: 20.1s  total: 89.2s  (40/100)
[2026-04-27 03:16:51] ds_online_acc cases_019  steps  41- 49: 19.9s  total: 109.1s  (50/100)
[2026-04-27 03:17:13] ds_online_acc cases_019  steps  51- 59: 22.2s  total: 131.3s  (60/100)
[2026-04-27 03:17:33] ds_online_acc cases_019  steps  61- 69: 20.4s  total: 151.8s  (70/100)
[2026-04-27 03:17:52] ds_online_acc cases_019  steps  71- 79: 19.1s  total: 170.9s  (80/100)
[2026-04-27 03:18:13] ds_online_acc cases_019  steps  81- 89: 20.9s  total: 191.8s  (90/100)
[2026-04-27 03:18:34] ds_online_acc cases_019  steps  91- 99: 21.0s  total: 212.8s  (100/100)
[2026-04-27 03:18:35] DONE ds_online_acc cases_019  total: 212.8s  (2.13s/step)
[2026-04-27 03:18:35]   tokens: 102,944 in + 4,510 out (reasoning: 0)  cost: $0.0328
[2026-04-27 15:36:05] START ds_online_acc cases_000 (100 steps, two-turn)
[2026-04-27 15:36:25] ds_online_acc cases_000  steps   1-  9: 20.8s  total: 20.8s  (10/100)
[2026-04-27 15:36:45] ds_online_acc cases_000  steps  11- 19: 19.4s  total: 40.3s  (20/100)
[2026-04-27 15:37:04] ds_online_acc cases_000  steps  21- 29: 19.5s  total: 59.8s  (30/100)
[2026-04-27 15:37:24] ds_online_acc cases_000  steps  31- 39: 19.9s  total: 79.7s  (40/100)
[2026-04-27 15:37:42] START ds_online_acc_nohint cases_000 (100 steps, two-turn)
[2026-04-27 15:37:42] ds_online_acc cases_000  steps  41- 49: 18.1s  total: 97.8s  (50/100)
[2026-04-27 15:38:00] ds_online_acc cases_000  steps  51- 59: 17.8s  total: 115.6s  (60/100)
[2026-04-27 15:38:01] ds_online_acc_nohint cases_000  steps   1-  9: 19.3s  total: 19.3s  (10/100)
[2026-04-27 15:38:20] ds_online_acc cases_000  steps  61- 69: 19.6s  total: 135.2s  (70/100)
[2026-04-27 15:38:21] ds_online_acc_nohint cases_000  steps  11- 19: 19.7s  total: 39.0s  (20/100)
[2026-04-27 15:38:38] ds_online_acc cases_000  steps  71- 79: 18.0s  total: 153.3s  (80/100)
[2026-04-27 15:38:41] ds_online_acc_nohint cases_000  steps  21- 29: 19.5s  total: 58.5s  (30/100)
[2026-04-27 15:38:56] ds_online_acc cases_000  steps  81- 89: 18.2s  total: 171.5s  (90/100)
[2026-04-27 15:39:00] ds_online_acc_nohint cases_000  steps  31- 39: 19.7s  total: 78.3s  (40/100)
[2026-04-27 15:39:14] ds_online_acc cases_000  steps  91- 99: 17.8s  total: 189.3s  (100/100)
[2026-04-27 15:39:15] DONE ds_online_acc cases_000  total: 189.3s  (1.89s/step)
[2026-04-27 15:39:15]   tokens: 98,202 in + 2,717 out (reasoning: 0)  cost: $0.0295
[2026-04-27 15:39:15] START ds_online_acc cases_001 (100 steps, two-turn)
[2026-04-27 15:39:18] ds_online_acc_nohint cases_000  steps  41- 49: 17.6s  total: 95.9s  (50/100)
[2026-04-27 15:39:33] ds_online_acc cases_001  steps   1-  9: 18.1s  total: 18.1s  (10/100)
[2026-04-27 15:39:40] ds_online_acc_nohint cases_000  steps  51- 59: 21.5s  total: 117.4s  (60/100)
[2026-04-27 15:39:50] ds_online_acc cases_001  steps  11- 19: 17.1s  total: 35.2s  (20/100)
[2026-04-27 15:40:04] ds_online_acc_nohint cases_000  steps  61- 69: 24.4s  total: 141.8s  (70/100)
[2026-04-27 15:40:07] ds_online_acc cases_001  steps  21- 29: 17.0s  total: 52.2s  (30/100)
[2026-04-27 15:40:24] ds_online_acc cases_001  steps  31- 39: 17.3s  total: 69.5s  (40/100)
[2026-04-27 15:40:30] ds_online_acc_nohint cases_000  steps  71- 79: 26.5s  total: 168.3s  (80/100)
[2026-04-27 15:40:42] ds_online_acc cases_001  steps  41- 49: 17.4s  total: 86.9s  (50/100)
[2026-04-27 15:40:51] ds_online_acc_nohint cases_000  steps  81- 89: 20.8s  total: 189.1s  (90/100)
[2026-04-27 15:40:58] ds_online_acc cases_001  steps  51- 59: 16.9s  total: 103.8s  (60/100)
[2026-04-27 15:41:13] ds_online_acc_nohint cases_000  steps  91- 99: 21.4s  total: 210.5s  (100/100)
[2026-04-27 15:41:13] DONE ds_online_acc_nohint cases_000  total: 210.5s  (2.11s/step)
[2026-04-27 15:41:13]   tokens: 101,324 in + 5,301 out (reasoning: 0)  cost: $0.0332
[2026-04-27 15:41:14] START ds_online_acc_nohint cases_001 (100 steps, two-turn)
[2026-04-27 15:41:16] ds_online_acc cases_001  steps  61- 69: 17.2s  total: 120.9s  (70/100)
[2026-04-27 15:41:33] ds_online_acc cases_001  steps  71- 79: 17.3s  total: 138.2s  (80/100)
[2026-04-27 15:41:34] ds_online_acc_nohint cases_001  steps   1-  9: 20.3s  total: 20.3s  (10/100)
[2026-04-27 15:41:51] ds_online_acc cases_001  steps  81- 89: 18.1s  total: 156.3s  (90/100)
[2026-04-27 15:41:55] ds_online_acc_nohint cases_001  steps  11- 19: 20.7s  total: 41.0s  (20/100)
[2026-04-27 15:42:10] ds_online_acc cases_001  steps  91- 99: 18.9s  total: 175.1s  (100/100)
[2026-04-27 15:42:10] DONE ds_online_acc cases_001  total: 175.1s  (1.75s/step)
[2026-04-27 15:42:10]   tokens: 97,762 in + 2,508 out (reasoning: 0)  cost: $0.0292
[2026-04-27 15:42:10] START ds_online_acc cases_002 (100 steps, two-turn)
[2026-04-27 15:42:17] ds_online_acc_nohint cases_001  steps  21- 29: 22.4s  total: 63.4s  (30/100)
[2026-04-27 15:42:32] ds_online_acc cases_002  steps   1-  9: 21.8s  total: 21.8s  (10/100)
[2026-04-27 15:42:38] ds_online_acc_nohint cases_001  steps  31- 39: 21.4s  total: 84.9s  (40/100)
[2026-04-27 15:42:53] ds_online_acc cases_002  steps  11- 19: 21.4s  total: 43.2s  (20/100)
[2026-04-27 15:43:00] ds_online_acc_nohint cases_001  steps  41- 49: 21.4s  total: 106.3s  (50/100)
[2026-04-27 15:43:13] ds_online_acc cases_002  steps  21- 29: 19.9s  total: 63.1s  (30/100)
[2026-04-27 15:43:21] ds_online_acc_nohint cases_001  steps  51- 59: 21.2s  total: 127.5s  (60/100)
[2026-04-27 15:43:33] ds_online_acc cases_002  steps  31- 39: 19.8s  total: 82.9s  (40/100)
[2026-04-27 15:43:43] ds_online_acc_nohint cases_001  steps  61- 69: 22.4s  total: 149.9s  (70/100)
[2026-04-27 15:43:53] ds_online_acc cases_002  steps  41- 49: 20.3s  total: 103.2s  (50/100)
[2026-04-27 15:44:07] ds_online_acc_nohint cases_001  steps  71- 79: 23.5s  total: 173.4s  (80/100)
[2026-04-27 15:44:14] ds_online_acc cases_002  steps  51- 59: 20.4s  total: 123.6s  (60/100)
[2026-04-27 15:44:32] ds_online_acc_nohint cases_001  steps  81- 89: 25.0s  total: 198.4s  (90/100)
[2026-04-27 15:44:34] ds_online_acc cases_002  steps  61- 69: 20.6s  total: 144.2s  (70/100)
[2026-04-27 15:44:55] ds_online_acc cases_002  steps  71- 79: 20.3s  total: 164.5s  (80/100)
[2026-04-27 15:45:10] ds_online_acc_nohint cases_001  steps  91- 99: 37.9s  total: 236.3s  (100/100)
[2026-04-27 15:45:10] DONE ds_online_acc_nohint cases_001  total: 236.3s  (2.36s/step)
[2026-04-27 15:45:10]   tokens: 105,466 in + 7,459 out (reasoning: 0)  cost: $0.0367
[2026-04-27 15:45:10] START ds_online_acc_nohint cases_002 (100 steps, two-turn)
[2026-04-27 15:45:15] ds_online_acc cases_002  steps  81- 89: 20.1s  total: 184.6s  (90/100)
[2026-04-27 15:45:28] ds_online_acc_nohint cases_002  steps   1-  9: 18.0s  total: 18.0s  (10/100)
[2026-04-27 15:45:35] ds_online_acc cases_002  steps  91- 99: 20.1s  total: 204.7s  (100/100)
[2026-04-27 15:45:35] DONE ds_online_acc cases_002  total: 204.7s  (2.05s/step)
[2026-04-27 15:45:35]   tokens: 102,074 in + 4,671 out (reasoning: 0)  cost: $0.0327
[2026-04-27 15:45:35] START ds_online_acc cases_003 (100 steps, two-turn)
[2026-04-27 15:45:48] ds_online_acc_nohint cases_002  steps  11- 19: 19.3s  total: 37.4s  (20/100)
[2026-04-27 15:45:59] ds_online_acc cases_003  steps   1-  9: 24.0s  total: 24.0s  (10/100)
[2026-04-27 15:46:06] ds_online_acc_nohint cases_002  steps  21- 29: 18.5s  total: 55.9s  (30/100)
[2026-04-27 15:46:25] ds_online_acc cases_003  steps  11- 19: 25.3s  total: 49.4s  (20/100)
[2026-04-27 15:46:26] ds_online_acc_nohint cases_002  steps  31- 39: 19.4s  total: 75.3s  (40/100)
[2026-04-27 15:46:45] ds_online_acc_nohint cases_002  steps  41- 49: 19.2s  total: 94.5s  (50/100)
[2026-04-27 15:46:47] ds_online_acc cases_003  steps  21- 29: 21.7s  total: 71.1s  (30/100)
[2026-04-27 15:47:03] ds_online_acc_nohint cases_002  steps  51- 59: 18.5s  total: 113.0s  (60/100)
[2026-04-27 15:47:06] ds_online_acc cases_003  steps  31- 39: 20.0s  total: 91.1s  (40/100)
[2026-04-27 15:47:22] ds_online_acc_nohint cases_002  steps  61- 69: 19.1s  total: 132.1s  (70/100)
[2026-04-27 15:47:28] ds_online_acc cases_003  steps  41- 49: 21.4s  total: 112.5s  (50/100)
[2026-04-27 15:47:41] ds_online_acc_nohint cases_002  steps  71- 79: 18.5s  total: 150.6s  (80/100)
[2026-04-27 15:47:48] ds_online_acc cases_003  steps  51- 59: 20.5s  total: 133.0s  (60/100)
[2026-04-27 15:48:05] ds_online_acc_nohint cases_002  steps  81- 89: 23.7s  total: 174.4s  (90/100)
[2026-04-27 15:48:09] ds_online_acc cases_003  steps  61- 69: 20.4s  total: 153.4s  (70/100)
[2026-04-27 15:48:28] ds_online_acc_nohint cases_002  steps  91- 99: 23.0s  total: 197.4s  (100/100)
[2026-04-27 15:48:28] DONE ds_online_acc_nohint cases_002  total: 197.4s  (1.97s/step)
[2026-04-27 15:48:28]   tokens: 97,694 in + 3,494 out (reasoning: 0)  cost: $0.0302
[2026-04-27 15:48:28] START ds_online_acc_nohint cases_003 (100 steps, two-turn)
[2026-04-27 15:48:30] ds_online_acc cases_003  steps  71- 79: 20.8s  total: 174.1s  (80/100)
[2026-04-27 15:48:46] ds_online_acc_nohint cases_003  steps   1-  9: 17.9s  total: 17.9s  (10/100)
[2026-04-27 15:48:49] ds_online_acc cases_003  steps  81- 89: 19.7s  total: 193.9s  (90/100)
[2026-04-27 15:49:06] ds_online_acc_nohint cases_003  steps  11- 19: 19.4s  total: 37.3s  (20/100)
[2026-04-27 15:49:09] ds_online_acc cases_003  steps  91- 99: 20.1s  total: 213.9s  (100/100)
[2026-04-27 15:49:10] DONE ds_online_acc cases_003  total: 213.9s  (2.14s/step)
[2026-04-27 15:49:10]   tokens: 103,224 in + 5,249 out (reasoning: 0)  cost: $0.0336
[2026-04-27 15:49:10] START ds_online_acc cases_004 (100 steps, two-turn)
[2026-04-27 15:49:25] ds_online_acc_nohint cases_003  steps  21- 29: 19.8s  total: 57.2s  (30/100)
[2026-04-27 15:49:30] ds_online_acc cases_004  steps   1-  9: 20.4s  total: 20.4s  (10/100)
[2026-04-27 15:49:45] ds_online_acc_nohint cases_003  steps  31- 39: 20.0s  total: 77.1s  (40/100)
[2026-04-27 15:50:01] ds_online_acc cases_004  steps  11- 19: 30.4s  total: 50.9s  (20/100)
[2026-04-27 15:50:04] ds_online_acc_nohint cases_003  steps  41- 49: 18.9s  total: 96.1s  (50/100)
[2026-04-27 15:50:26] ds_online_acc_nohint cases_003  steps  51- 59: 21.5s  total: 117.6s  (60/100)
[2026-04-27 15:50:34] ds_online_acc cases_004  steps  21- 29: 33.0s  total: 83.9s  (30/100)
[2026-04-27 15:50:46] ds_online_acc_nohint cases_003  steps  61- 69: 20.3s  total: 137.9s  (70/100)
[2026-04-27 15:50:55] ds_online_acc cases_004  steps  31- 39: 20.9s  total: 104.8s  (40/100)
[2026-04-27 15:51:06] ds_online_acc_nohint cases_003  steps  71- 79: 20.3s  total: 158.2s  (80/100)
[2026-04-27 15:51:17] ds_online_acc cases_004  steps  41- 49: 22.6s  total: 127.3s  (50/100)
[2026-04-27 15:51:27] ds_online_acc_nohint cases_003  steps  81- 89: 21.0s  total: 179.3s  (90/100)
[2026-04-27 15:51:38] ds_online_acc cases_004  steps  51- 59: 21.0s  total: 148.4s  (60/100)
[2026-04-27 15:51:47] ds_online_acc_nohint cases_003  steps  91- 99: 20.0s  total: 199.2s  (100/100)
[2026-04-27 15:51:48] DONE ds_online_acc_nohint cases_003  total: 199.2s  (1.99s/step)
[2026-04-27 15:51:48]   tokens: 98,514 in + 3,903 out (reasoning: 0)  cost: $0.0309
[2026-04-27 15:51:48] START ds_online_acc_nohint cases_004 (100 steps, two-turn)
[2026-04-27 15:51:57] ds_online_acc cases_004  steps  61- 69: 19.3s  total: 167.6s  (70/100)
[2026-04-27 15:52:08] ds_online_acc_nohint cases_004  steps   1-  9: 19.7s  total: 19.7s  (10/100)
[2026-04-27 15:52:23] ds_online_acc cases_004  steps  71- 79: 25.4s  total: 193.1s  (80/100)
[2026-04-27 15:52:27] ds_online_acc_nohint cases_004  steps  11- 19: 19.1s  total: 38.8s  (20/100)
[2026-04-27 15:52:44] ds_online_acc cases_004  steps  81- 89: 21.0s  total: 214.1s  (90/100)
[2026-04-27 15:52:46] ds_online_acc_nohint cases_004  steps  21- 29: 19.1s  total: 57.9s  (30/100)
[2026-04-27 15:53:04] ds_online_acc_nohint cases_004  steps  31- 39: 18.1s  total: 76.1s  (40/100)
[2026-04-27 15:53:06] ds_online_acc cases_004  steps  91- 99: 22.2s  total: 236.2s  (100/100)
[2026-04-27 15:53:07] DONE ds_online_acc cases_004  total: 236.2s  (2.36s/step)
[2026-04-27 15:53:07]   tokens: 107,952 in + 7,631 out (reasoning: 0)  cost: $0.0375
[2026-04-27 15:53:07] START ds_online_acc cases_005 (100 steps, two-turn)
[2026-04-27 15:53:21] ds_online_acc_nohint cases_004  steps  41- 49: 17.2s  total: 93.3s  (50/100)
[2026-04-27 15:53:26] ds_online_acc cases_005  steps   1-  9: 19.0s  total: 19.0s  (10/100)
[2026-04-27 15:53:39] ds_online_acc_nohint cases_004  steps  51- 59: 17.8s  total: 111.0s  (60/100)
[2026-04-27 15:53:46] ds_online_acc cases_005  steps  11- 19: 20.5s  total: 39.5s  (20/100)
[2026-04-27 15:53:58] ds_online_acc_nohint cases_004  steps  61- 69: 19.0s  total: 130.0s  (70/100)
[2026-04-27 15:54:05] ds_online_acc cases_005  steps  21- 29: 19.1s  total: 58.6s  (30/100)
[2026-04-27 15:54:17] ds_online_acc_nohint cases_004  steps  71- 79: 19.5s  total: 149.6s  (80/100)
[2026-04-27 15:54:24] ds_online_acc cases_005  steps  31- 39: 18.6s  total: 77.2s  (40/100)
[2026-04-27 15:54:36] ds_online_acc_nohint cases_004  steps  81- 89: 18.7s  total: 168.3s  (90/100)
[2026-04-27 15:54:42] ds_online_acc cases_005  steps  41- 49: 18.3s  total: 95.5s  (50/100)
[2026-04-27 15:54:54] ds_online_acc_nohint cases_004  steps  91- 99: 17.7s  total: 186.0s  (100/100)
[2026-04-27 15:54:54] DONE ds_online_acc_nohint cases_004  total: 186.0s  (1.86s/step)
[2026-04-27 15:54:54]   tokens: 96,646 in + 2,950 out (reasoning: 0)  cost: $0.0293
[2026-04-27 15:54:54] START ds_online_acc_nohint cases_005 (100 steps, two-turn)
[2026-04-27 15:54:59] ds_online_acc cases_005  steps  51- 59: 17.3s  total: 112.8s  (60/100)
[2026-04-27 15:55:14] ds_online_acc_nohint cases_005  steps   1-  9: 19.2s  total: 19.2s  (10/100)
[2026-04-27 15:55:17] ds_online_acc cases_005  steps  61- 69: 18.0s  total: 130.7s  (70/100)
[2026-04-27 15:55:35] ds_online_acc cases_005  steps  71- 79: 17.3s  total: 148.0s  (80/100)
[2026-04-27 15:55:35] ds_online_acc_nohint cases_005  steps  11- 19: 21.8s  total: 41.0s  (20/100)
[2026-04-27 15:55:51] ds_online_acc cases_005  steps  81- 89: 16.8s  total: 164.8s  (90/100)
[2026-04-27 15:55:56] ds_online_acc_nohint cases_005  steps  21- 29: 20.2s  total: 61.2s  (30/100)
[2026-04-27 15:56:11] ds_online_acc cases_005  steps  91- 99: 19.2s  total: 184.1s  (100/100)
[2026-04-27 15:56:11] DONE ds_online_acc cases_005  total: 184.1s  (1.84s/step)
[2026-04-27 15:56:11]   tokens: 97,790 in + 2,519 out (reasoning: 0)  cost: $0.0292
[2026-04-27 15:56:11] START ds_online_acc cases_006 (100 steps, two-turn)
[2026-04-27 15:56:17] ds_online_acc_nohint cases_005  steps  31- 39: 21.4s  total: 82.7s  (40/100)
[2026-04-27 15:56:29] ds_online_acc cases_006  steps   1-  9: 17.8s  total: 17.8s  (10/100)
[2026-04-27 15:56:38] ds_online_acc_nohint cases_005  steps  41- 49: 20.4s  total: 103.1s  (50/100)
[2026-04-27 15:56:47] ds_online_acc cases_006  steps  11- 19: 18.6s  total: 36.4s  (20/100)
[2026-04-27 15:56:59] ds_online_acc_nohint cases_005  steps  51- 59: 21.9s  total: 125.0s  (60/100)
[2026-04-27 15:57:05] ds_online_acc cases_006  steps  21- 29: 17.8s  total: 54.2s  (30/100)
[2026-04-27 15:57:23] ds_online_acc_nohint cases_005  steps  61- 69: 23.2s  total: 148.2s  (70/100)
[2026-04-27 15:57:24] ds_online_acc cases_006  steps  31- 39: 18.8s  total: 73.0s  (40/100)
[2026-04-27 15:57:43] ds_online_acc_nohint cases_005  steps  71- 79: 20.3s  total: 168.5s  (80/100)
[2026-04-27 15:57:45] ds_online_acc cases_006  steps  41- 49: 20.4s  total: 93.4s  (50/100)
[2026-04-27 15:58:02] ds_online_acc_nohint cases_005  steps  81- 89: 19.4s  total: 188.0s  (90/100)
[2026-04-27 15:58:03] ds_online_acc cases_006  steps  51- 59: 18.9s  total: 112.3s  (60/100)
[2026-04-27 15:58:22] ds_online_acc_nohint cases_005  steps  91- 99: 19.5s  total: 207.4s  (100/100)
[2026-04-27 15:58:22] DONE ds_online_acc_nohint cases_005  total: 207.4s  (2.07s/step)
[2026-04-27 15:58:22]   tokens: 99,682 in + 4,487 out (reasoning: 0)  cost: $0.0318
[2026-04-27 15:58:22] START ds_online_acc_nohint cases_006 (100 steps, two-turn)
[2026-04-27 15:58:24] ds_online_acc cases_006  steps  61- 69: 20.7s  total: 133.1s  (70/100)
[2026-04-27 15:58:44] ds_online_acc_nohint cases_006  steps   1-  9: 21.3s  total: 21.3s  (10/100)
[2026-04-27 15:58:45] ds_online_acc cases_006  steps  71- 79: 20.4s  total: 153.4s  (80/100)
[2026-04-27 15:59:05] ds_online_acc cases_006  steps  81- 89: 20.2s  total: 173.6s  (90/100)
[2026-04-27 15:59:05] ds_online_acc_nohint cases_006  steps  11- 19: 21.7s  total: 43.0s  (20/100)
[2026-04-27 15:59:25] ds_online_acc cases_006  steps  91- 99: 20.2s  total: 193.8s  (100/100)
[2026-04-27 15:59:25] DONE ds_online_acc cases_006  total: 193.8s  (1.94s/step)
[2026-04-27 15:59:25]   tokens: 99,512 in + 3,365 out (reasoning: 0)  cost: $0.0306
[2026-04-27 15:59:25] START ds_online_acc cases_007 (100 steps, two-turn)
[2026-04-27 15:59:28] ds_online_acc_nohint cases_006  steps  21- 29: 22.2s  total: 65.2s  (30/100)
[2026-04-27 15:59:42] ds_online_acc cases_007  steps   1-  9: 17.0s  total: 17.0s  (10/100)
[2026-04-27 15:59:48] ds_online_acc_nohint cases_006  steps  31- 39: 20.8s  total: 86.0s  (40/100)
[2026-04-27 16:00:02] ds_online_acc cases_007  steps  11- 19: 19.6s  total: 36.5s  (20/100)
[2026-04-27 16:00:11] ds_online_acc_nohint cases_006  steps  41- 49: 22.9s  total: 108.9s  (50/100)
[2026-04-27 16:00:20] ds_online_acc cases_007  steps  21- 29: 17.9s  total: 54.5s  (30/100)
[2026-04-27 16:00:35] ds_online_acc_nohint cases_006  steps  51- 59: 23.7s  total: 132.6s  (60/100)
[2026-04-27 16:00:41] ds_online_acc cases_007  steps  31- 39: 21.1s  total: 75.6s  (40/100)
[2026-04-27 16:00:58] ds_online_acc_nohint cases_006  steps  61- 69: 23.1s  total: 155.7s  (70/100)
[2026-04-27 16:01:01] ds_online_acc cases_007  steps  41- 49: 20.4s  total: 96.0s  (50/100)
[2026-04-27 16:01:20] ds_online_acc_nohint cases_006  steps  71- 79: 22.4s  total: 178.1s  (80/100)
[2026-04-27 16:01:22] ds_online_acc cases_007  steps  51- 59: 20.6s  total: 116.6s  (60/100)
[2026-04-27 16:01:40] ds_online_acc cases_007  steps  61- 69: 18.0s  total: 134.6s  (70/100)
[2026-04-27 16:01:42] ds_online_acc_nohint cases_006  steps  81- 89: 21.4s  total: 199.5s  (90/100)
[2026-04-27 16:01:59] ds_online_acc cases_007  steps  71- 79: 18.7s  total: 153.3s  (80/100)
[2026-04-27 16:02:03] ds_online_acc_nohint cases_006  steps  91- 99: 21.6s  total: 221.1s  (100/100)
[2026-04-27 16:02:04] DONE ds_online_acc_nohint cases_006  total: 221.1s  (2.21s/step)
[2026-04-27 16:02:04]   tokens: 101,034 in + 5,174 out (reasoning: 0)  cost: $0.0330
[2026-04-27 16:02:04] START ds_online_acc_nohint cases_007 (100 steps, two-turn)
[2026-04-27 16:02:17] ds_online_acc cases_007  steps  81- 89: 18.6s  total: 171.9s  (90/100)
[2026-04-27 16:02:28] ds_online_acc_nohint cases_007  steps   1-  9: 24.2s  total: 24.2s  (10/100)
[2026-04-27 16:02:37] ds_online_acc cases_007  steps  91- 99: 19.3s  total: 191.2s  (100/100)
[2026-04-27 16:02:37] DONE ds_online_acc cases_007  total: 191.2s  (1.91s/step)
[2026-04-27 16:02:37]   tokens: 97,424 in + 2,325 out (reasoning: 0)  cost: $0.0289
[2026-04-27 16:02:37] START ds_online_acc cases_008 (100 steps, two-turn)
[2026-04-27 16:02:51] ds_online_acc_nohint cases_007  steps  11- 19: 23.0s  total: 47.2s  (20/100)
[2026-04-27 16:02:57] ds_online_acc cases_008  steps   1-  9: 20.3s  total: 20.3s  (10/100)
[2026-04-27 16:03:12] ds_online_acc_nohint cases_007  steps  21- 29: 20.7s  total: 67.8s  (30/100)
[2026-04-27 16:03:18] ds_online_acc cases_008  steps  11- 19: 20.8s  total: 41.1s  (20/100)
[2026-04-27 16:03:31] ds_online_acc_nohint cases_007  steps  31- 39: 19.6s  total: 87.4s  (40/100)
[2026-04-27 16:03:39] ds_online_acc cases_008  steps  21- 29: 20.8s  total: 61.9s  (30/100)
[2026-04-27 16:03:51] ds_online_acc_nohint cases_007  steps  41- 49: 20.1s  total: 107.5s  (50/100)
[2026-04-27 16:03:58] ds_online_acc cases_008  steps  31- 39: 19.3s  total: 81.3s  (40/100)
[2026-04-27 16:04:12] ds_online_acc_nohint cases_007  steps  51- 59: 20.5s  total: 128.0s  (60/100)
[2026-04-27 16:04:18] ds_online_acc cases_008  steps  41- 49: 19.2s  total: 100.5s  (50/100)
[2026-04-27 16:04:31] ds_online_acc_nohint cases_007  steps  61- 69: 19.3s  total: 147.3s  (70/100)
[2026-04-27 16:04:38] ds_online_acc cases_008  steps  51- 59: 20.8s  total: 121.3s  (60/100)
[2026-04-27 16:04:51] ds_online_acc_nohint cases_007  steps  71- 79: 19.3s  total: 166.7s  (80/100)
[2026-04-27 16:04:59] ds_online_acc cases_008  steps  61- 69: 20.2s  total: 141.5s  (70/100)
[2026-04-27 16:05:12] ds_online_acc_nohint cases_007  steps  81- 89: 21.7s  total: 188.4s  (90/100)
[2026-04-27 16:05:18] ds_online_acc cases_008  steps  71- 79: 19.9s  total: 161.4s  (80/100)
[2026-04-27 16:05:39] ds_online_acc cases_008  steps  81- 89: 20.3s  total: 181.7s  (90/100)
[2026-04-27 16:05:39] ds_online_acc_nohint cases_007  steps  91- 99: 27.2s  total: 215.6s  (100/100)
[2026-04-27 16:05:40] DONE ds_online_acc_nohint cases_007  total: 215.6s  (2.16s/step)
[2026-04-27 16:05:40]   tokens: 100,280 in + 4,804 out (reasoning: 0)  cost: $0.0324
[2026-04-27 16:05:40] START ds_online_acc_nohint cases_008 (100 steps, two-turn)
[2026-04-27 16:05:59] ds_online_acc cases_008  steps  91- 99: 20.5s  total: 202.2s  (100/100)
[2026-04-27 16:06:00] DONE ds_online_acc cases_008  total: 202.2s  (2.02s/step)
[2026-04-27 16:06:00]   tokens: 100,746 in + 4,001 out (reasoning: 0)  cost: $0.0316
[2026-04-27 16:06:00] START ds_online_acc cases_009 (100 steps, two-turn)
[2026-04-27 16:06:01] ds_online_acc_nohint cases_008  steps   1-  9: 20.9s  total: 20.9s  (10/100)
[2026-04-27 16:06:19] ds_online_acc cases_009  steps   1-  9: 19.2s  total: 19.2s  (10/100)
[2026-04-27 16:06:27] ds_online_acc_nohint cases_008  steps  11- 19: 26.4s  total: 47.3s  (20/100)
[2026-04-27 16:06:39] ds_online_acc cases_009  steps  11- 19: 19.6s  total: 38.8s  (20/100)
[2026-04-27 16:06:47] ds_online_acc_nohint cases_008  steps  21- 29: 20.1s  total: 67.4s  (30/100)
[2026-04-27 16:06:58] ds_online_acc cases_009  steps  21- 29: 19.4s  total: 58.2s  (30/100)
[2026-04-27 16:07:07] ds_online_acc_nohint cases_008  steps  31- 39: 19.6s  total: 87.0s  (40/100)
[2026-04-27 16:07:18] ds_online_acc cases_009  steps  31- 39: 20.2s  total: 78.4s  (40/100)
[2026-04-27 16:07:27] ds_online_acc_nohint cases_008  steps  41- 49: 19.7s  total: 106.7s  (50/100)
[2026-04-27 16:07:38] ds_online_acc cases_009  steps  41- 49: 20.0s  total: 98.4s  (50/100)
[2026-04-27 16:07:45] ds_online_acc_nohint cases_008  steps  51- 59: 18.3s  total: 125.0s  (60/100)
[2026-04-27 16:07:57] ds_online_acc cases_009  steps  51- 59: 18.3s  total: 116.7s  (60/100)
[2026-04-27 16:08:06] ds_online_acc_nohint cases_008  steps  61- 69: 20.6s  total: 145.6s  (70/100)
[2026-04-27 16:08:14] ds_online_acc cases_009  steps  61- 69: 17.9s  total: 134.6s  (70/100)
[2026-04-27 16:08:28] ds_online_acc_nohint cases_008  steps  71- 79: 22.0s  total: 167.6s  (80/100)
[2026-04-27 16:08:33] ds_online_acc cases_009  steps  71- 79: 18.9s  total: 153.5s  (80/100)
[2026-04-27 16:08:49] ds_online_acc_nohint cases_008  steps  81- 89: 21.4s  total: 189.1s  (90/100)
[2026-04-27 16:08:51] ds_online_acc cases_009  steps  81- 89: 18.1s  total: 171.7s  (90/100)
[2026-04-27 16:09:12] ds_online_acc cases_009  steps  91- 99: 20.2s  total: 191.9s  (100/100)
[2026-04-27 16:09:12] DONE ds_online_acc cases_009  total: 191.9s  (1.92s/step)
[2026-04-27 16:09:12]   tokens: 98,960 in + 3,126 out (reasoning: 0)  cost: $0.0302
[2026-04-27 16:09:12] START ds_online_acc cases_010 (100 steps, two-turn)
[2026-04-27 16:09:14] ds_online_acc_nohint cases_008  steps  91- 99: 25.1s  total: 214.1s  (100/100)
[2026-04-27 16:09:15] DONE ds_online_acc_nohint cases_008  total: 214.1s  (2.14s/step)
[2026-04-27 16:09:15]   tokens: 100,018 in + 4,779 out (reasoning: 0)  cost: $0.0323
[2026-04-27 16:09:15] START ds_online_acc_nohint cases_009 (100 steps, two-turn)
[2026-04-27 16:09:32] ds_online_acc cases_010  steps   1-  9: 19.5s  total: 19.5s  (10/100)
[2026-04-27 16:09:35] ds_online_acc_nohint cases_009  steps   1-  9: 20.3s  total: 20.3s  (10/100)
[2026-04-27 16:09:52] ds_online_acc cases_010  steps  11- 19: 19.9s  total: 39.4s  (20/100)
[2026-04-27 16:09:55] ds_online_acc_nohint cases_009  steps  11- 19: 20.0s  total: 40.2s  (20/100)
[2026-04-27 16:10:10] ds_online_acc cases_010  steps  21- 29: 18.4s  total: 57.8s  (30/100)
[2026-04-27 16:10:14] ds_online_acc_nohint cases_009  steps  21- 29: 19.1s  total: 59.3s  (30/100)
[2026-04-27 16:10:29] ds_online_acc cases_010  steps  31- 39: 19.4s  total: 77.2s  (40/100)
[2026-04-27 16:10:36] ds_online_acc_nohint cases_009  steps  31- 39: 21.7s  total: 81.0s  (40/100)
[2026-04-27 16:10:48] ds_online_acc cases_010  steps  41- 49: 18.7s  total: 95.9s  (50/100)
[2026-04-27 16:10:55] ds_online_acc_nohint cases_009  steps  41- 49: 19.6s  total: 100.6s  (50/100)
[2026-04-27 16:11:08] ds_online_acc cases_010  steps  51- 59: 19.9s  total: 115.8s  (60/100)
[2026-04-27 16:11:16] ds_online_acc_nohint cases_009  steps  51- 59: 21.1s  total: 121.7s  (60/100)
[2026-04-27 16:11:28] ds_online_acc cases_010  steps  61- 69: 20.0s  total: 135.8s  (70/100)
[2026-04-27 16:11:36] ds_online_acc_nohint cases_009  steps  61- 69: 19.4s  total: 141.1s  (70/100)
[2026-04-27 16:11:49] ds_online_acc cases_010  steps  71- 79: 20.8s  total: 156.6s  (80/100)
[2026-04-27 16:11:56] ds_online_acc_nohint cases_009  steps  71- 79: 20.0s  total: 161.1s  (80/100)
[2026-04-27 16:12:08] ds_online_acc cases_010  steps  81- 89: 19.6s  total: 176.2s  (90/100)
[2026-04-27 16:12:16] ds_online_acc_nohint cases_009  steps  81- 89: 19.8s  total: 180.9s  (90/100)
[2026-04-27 16:12:29] ds_online_acc cases_010  steps  91- 99: 20.9s  total: 197.1s  (100/100)
[2026-04-27 16:12:30] DONE ds_online_acc cases_010  total: 197.1s  (1.97s/step)
[2026-04-27 16:12:30]   tokens: 98,798 in + 3,038 out (reasoning: 0)  cost: $0.0300
[2026-04-27 16:12:30] START ds_online_acc cases_011 (100 steps, two-turn)
[2026-04-27 16:12:36] ds_online_acc_nohint cases_009  steps  91- 99: 20.6s  total: 201.5s  (100/100)
[2026-04-27 16:12:37] DONE ds_online_acc_nohint cases_009  total: 201.5s  (2.02s/step)
[2026-04-27 16:12:37]   tokens: 98,090 in + 3,679 out (reasoning: 0)  cost: $0.0305
[2026-04-27 16:12:37] START ds_online_acc_nohint cases_010 (100 steps, two-turn)
[2026-04-27 16:12:53] ds_online_acc cases_011  steps   1-  9: 22.8s  total: 22.8s  (10/100)
[2026-04-27 16:12:56] ds_online_acc_nohint cases_010  steps   1-  9: 19.9s  total: 19.9s  (10/100)
[2026-04-27 16:13:17] ds_online_acc cases_011  steps  11- 19: 24.3s  total: 47.1s  (20/100)
[2026-04-27 16:13:18] ds_online_acc_nohint cases_010  steps  11- 19: 21.2s  total: 41.0s  (20/100)
[2026-04-27 16:13:37] ds_online_acc_nohint cases_010  steps  21- 29: 19.5s  total: 60.5s  (30/100)
[2026-04-27 16:13:40] ds_online_acc cases_011  steps  21- 29: 22.9s  total: 70.0s  (30/100)
[2026-04-27 16:13:58] ds_online_acc_nohint cases_010  steps  31- 39: 20.7s  total: 81.2s  (40/100)
[2026-04-27 16:14:03] ds_online_acc cases_011  steps  31- 39: 23.0s  total: 93.0s  (40/100)
[2026-04-27 16:14:18] ds_online_acc_nohint cases_010  steps  41- 49: 20.2s  total: 101.3s  (50/100)
[2026-04-27 16:14:26] ds_online_acc cases_011  steps  41- 49: 23.5s  total: 116.5s  (50/100)
[2026-04-27 16:14:37] ds_online_acc_nohint cases_010  steps  51- 59: 19.2s  total: 120.5s  (60/100)
[2026-04-27 16:14:48] ds_online_acc cases_011  steps  51- 59: 22.2s  total: 138.6s  (60/100)
[2026-04-27 16:14:58] ds_online_acc_nohint cases_010  steps  61- 69: 21.0s  total: 141.6s  (70/100)
[2026-04-27 16:15:13] ds_online_acc cases_011  steps  61- 69: 24.4s  total: 163.1s  (70/100)
[2026-04-27 16:15:19] ds_online_acc_nohint cases_010  steps  71- 79: 21.3s  total: 162.8s  (80/100)
[2026-04-27 16:15:35] ds_online_acc cases_011  steps  71- 79: 22.1s  total: 185.2s  (80/100)
[2026-04-27 16:15:38] ds_online_acc_nohint cases_010  steps  81- 89: 18.4s  total: 181.2s  (90/100)
[2026-04-27 16:15:59] ds_online_acc cases_011  steps  81- 89: 24.2s  total: 209.4s  (90/100)
[2026-04-27 16:16:00] ds_online_acc_nohint cases_010  steps  91- 99: 22.0s  total: 203.2s  (100/100)
[2026-04-27 16:16:00] DONE ds_online_acc_nohint cases_010  total: 203.2s  (2.03s/step)
[2026-04-27 16:16:00]   tokens: 97,410 in + 3,350 out (reasoning: 0)  cost: $0.0300
[2026-04-27 16:16:00] START ds_online_acc_nohint cases_011 (100 steps, two-turn)
[2026-04-27 16:16:19] ds_online_acc cases_011  steps  91- 99: 19.9s  total: 229.4s  (100/100)
[2026-04-27 16:16:20] DONE ds_online_acc cases_011  total: 229.4s  (2.29s/step)
[2026-04-27 16:16:20]   tokens: 104,200 in + 5,752 out (reasoning: 0)  cost: $0.0345
[2026-04-27 16:16:20] START ds_online_acc cases_012 (100 steps, two-turn)
[2026-04-27 16:16:20] ds_online_acc_nohint cases_011  steps   1-  9: 19.4s  total: 19.4s  (10/100)
[2026-04-27 16:16:43] ds_online_acc_nohint cases_011  steps  11- 19: 22.9s  total: 42.3s  (20/100)
[2026-04-27 16:16:43] ds_online_acc cases_012  steps   1-  9: 23.4s  total: 23.4s  (10/100)
[2026-04-27 16:17:01] ds_online_acc_nohint cases_011  steps  21- 29: 18.8s  total: 61.1s  (30/100)
[2026-04-27 16:17:10] ds_online_acc cases_012  steps  11- 19: 26.8s  total: 50.2s  (20/100)
[2026-04-27 16:17:26] ds_online_acc_nohint cases_011  steps  31- 39: 25.0s  total: 86.1s  (40/100)
[2026-04-27 16:17:43] ds_online_acc cases_012  steps  21- 29: 33.3s  total: 83.5s  (30/100)
[2026-04-27 16:17:46] ds_online_acc_nohint cases_011  steps  41- 49: 19.5s  total: 105.6s  (50/100)
[2026-04-27 16:18:09] ds_online_acc_nohint cases_011  steps  51- 59: 22.8s  total: 128.4s  (60/100)
[2026-04-27 16:18:29] ds_online_acc_nohint cases_011  steps  61- 69: 19.8s  total: 148.2s  (70/100)
[2026-04-27 16:18:33] ds_online_acc cases_012  steps  31- 39: 50.3s  total: 133.8s  (40/100)
[2026-04-27 16:18:51] ds_online_acc_nohint cases_011  steps  71- 79: 22.4s  total: 170.5s  (80/100)
[2026-04-27 16:19:11] ds_online_acc_nohint cases_011  steps  81- 89: 19.9s  total: 190.4s  (90/100)
[2026-04-27 16:19:17] ds_online_acc cases_012  steps  41- 49: 43.9s  total: 177.8s  (50/100)
[2026-04-27 16:19:34] ds_online_acc_nohint cases_011  steps  91- 99: 23.1s  total: 213.5s  (100/100)
[2026-04-27 16:19:34] DONE ds_online_acc_nohint cases_011  total: 213.5s  (2.14s/step)
[2026-04-27 16:19:34]   tokens: 98,306 in + 3,831 out (reasoning: 0)  cost: $0.0308
[2026-04-27 16:19:34] START ds_online_acc_nohint cases_012 (100 steps, two-turn)
[2026-04-27 16:19:47] ds_online_acc cases_012  steps  51- 59: 29.7s  total: 207.4s  (60/100)
[2026-04-27 16:19:54] ds_online_acc_nohint cases_012  steps   1-  9: 19.6s  total: 19.6s  (10/100)
[2026-04-27 16:20:15] ds_online_acc cases_012  steps  61- 69: 27.5s  total: 235.0s  (70/100)
[2026-04-27 16:20:17] ds_online_acc_nohint cases_012  steps  11- 19: 22.8s  total: 42.3s  (20/100)
[2026-04-27 16:20:40] ds_online_acc_nohint cases_012  steps  21- 29: 23.3s  total: 65.6s  (30/100)
[2026-04-27 16:20:47] ds_online_acc cases_012  steps  71- 79: 32.2s  total: 267.2s  (80/100)
[2026-04-27 16:21:20] ds_online_acc cases_012  steps  81- 89: 32.7s  total: 299.9s  (90/100)
[2026-04-27 16:21:25] ds_online_acc_nohint cases_012  steps  31- 39: 44.6s  total: 110.2s  (40/100)
[2026-04-27 16:21:52] ds_online_acc_nohint cases_012  steps  41- 49: 27.3s  total: 137.5s  (50/100)
[2026-04-27 16:22:08] ds_online_acc cases_012  steps  91- 99: 48.9s  total: 348.8s  (100/100)
[2026-04-27 16:22:09] DONE ds_online_acc cases_012  total: 348.8s  (3.49s/step)
[2026-04-27 16:22:09]   tokens: 123,272 in + 15,443 out (reasoning: 0)  cost: $0.0503
[2026-04-27 16:22:09] START ds_online_acc cases_013 (100 steps, two-turn)
[2026-04-27 16:22:14] ds_online_acc_nohint cases_012  steps  51- 59: 22.7s  total: 160.1s  (60/100)
[2026-04-27 16:22:29] ds_online_acc cases_013  steps   1-  9: 19.9s  total: 19.9s  (10/100)
[2026-04-27 16:22:45] ds_online_acc_nohint cases_012  steps  61- 69: 30.6s  total: 190.8s  (70/100)
[2026-04-27 16:22:59] ds_online_acc cases_013  steps  11- 19: 29.7s  total: 49.6s  (20/100)
[2026-04-27 16:23:15] ds_online_acc_nohint cases_012  steps  71- 79: 30.1s  total: 220.9s  (80/100)
[2026-04-27 16:23:24] ds_online_acc cases_013  steps  21- 29: 25.5s  total: 75.1s  (30/100)
[2026-04-27 16:23:44] ds_online_acc_nohint cases_012  steps  81- 89: 28.6s  total: 249.5s  (90/100)
[2026-04-27 16:23:57] ds_online_acc cases_013  steps  31- 39: 33.1s  total: 108.3s  (40/100)
[2026-04-27 16:24:04] ds_online_acc_nohint cases_012  steps  91- 99: 20.3s  total: 269.8s  (100/100)
[2026-04-27 16:24:05] DONE ds_online_acc_nohint cases_012  total: 269.8s  (2.70s/step)
[2026-04-27 16:24:05]   tokens: 109,002 in + 9,141 out (reasoning: 0)  cost: $0.0395
[2026-04-27 16:24:05] START ds_online_acc_nohint cases_013 (100 steps, two-turn)
[2026-04-27 16:24:24] ds_online_acc cases_013  steps  41- 49: 27.0s  total: 135.3s  (50/100)
[2026-04-27 16:24:25] ds_online_acc_nohint cases_013  steps   1-  9: 19.9s  total: 19.9s  (10/100)
[2026-04-27 16:24:42] ds_online_acc_nohint cases_013  steps  11- 19: 17.6s  total: 37.5s  (20/100)
[2026-04-27 16:24:45] ds_online_acc cases_013  steps  51- 59: 20.6s  total: 155.9s  (60/100)
[2026-04-27 16:25:02] ds_online_acc_nohint cases_013  steps  21- 29: 19.3s  total: 56.9s  (30/100)
[2026-04-27 16:25:07] ds_online_acc cases_013  steps  61- 69: 22.1s  total: 178.0s  (70/100)
[2026-04-27 16:25:29] ds_online_acc_nohint cases_013  steps  31- 39: 27.7s  total: 84.5s  (40/100)
[2026-04-27 16:25:32] ds_online_acc cases_013  steps  71- 79: 25.0s  total: 203.0s  (80/100)
[2026-04-27 16:25:49] ds_online_acc_nohint cases_013  steps  41- 49: 19.7s  total: 104.3s  (50/100)
[2026-04-27 16:25:58] ds_online_acc cases_013  steps  81- 89: 26.0s  total: 229.0s  (90/100)
[2026-04-27 16:26:08] ds_online_acc_nohint cases_013  steps  51- 59: 19.2s  total: 123.5s  (60/100)
[2026-04-27 16:26:28] ds_online_acc_nohint cases_013  steps  61- 69: 20.2s  total: 143.7s  (70/100)
[2026-04-27 16:26:35] ds_online_acc cases_013  steps  91- 99: 37.4s  total: 266.4s  (100/100)
[2026-04-27 16:26:36] DONE ds_online_acc cases_013  total: 266.4s  (2.66s/step)
[2026-04-27 16:26:36]   tokens: 110,306 in + 9,011 out (reasoning: 0)  cost: $0.0397
[2026-04-27 16:26:36] START ds_online_acc cases_014 (100 steps, two-turn)
[2026-04-27 16:26:51] ds_online_acc_nohint cases_013  steps  71- 79: 22.3s  total: 166.0s  (80/100)
[2026-04-27 16:26:55] ds_online_acc cases_014  steps   1-  9: 19.3s  total: 19.3s  (10/100)
[2026-04-27 16:27:16] ds_online_acc_nohint cases_013  steps  81- 89: 25.8s  total: 191.8s  (90/100)
[2026-04-27 16:27:42] ds_online_acc_nohint cases_013  steps  91- 99: 25.1s  total: 216.8s  (100/100)
[2026-04-27 16:27:42] DONE ds_online_acc_nohint cases_013  total: 216.8s  (2.17s/step)
[2026-04-27 16:27:42]   tokens: 99,974 in + 4,622 out (reasoning: 0)  cost: $0.0321
[2026-04-27 16:27:42] START ds_online_acc_nohint cases_014 (100 steps, two-turn)
[2026-04-27 16:28:05] ds_online_acc_nohint cases_014  steps   1-  9: 23.0s  total: 23.0s  (10/100)
[2026-04-27 16:28:24] ds_online_acc_nohint cases_014  steps  11- 19: 19.4s  total: 42.4s  (20/100)
[2026-04-27 16:28:48] ds_online_acc_nohint cases_014  steps  21- 29: 23.4s  total: 65.8s  (30/100)
[2026-04-27 16:28:56] ds_online_acc cases_014  steps  11- 19: 120.6s  total: 139.9s  (20/100)
[2026-04-27 16:29:10] ds_online_acc_nohint cases_014  steps  31- 39: 21.9s  total: 87.7s  (40/100)
[2026-04-27 16:29:18] ds_online_acc cases_014  steps  21- 29: 22.4s  total: 162.3s  (30/100)
[2026-04-27 16:29:33] ds_online_acc_nohint cases_014  steps  41- 49: 23.0s  total: 110.7s  (50/100)
[2026-04-27 16:29:38] ds_online_acc cases_014  steps  31- 39: 20.3s  total: 182.5s  (40/100)
[2026-04-27 16:29:54] ds_online_acc_nohint cases_014  steps  51- 59: 21.6s  total: 132.3s  (60/100)
[2026-04-27 16:29:58] ds_online_acc cases_014  steps  41- 49: 20.0s  total: 202.6s  (50/100)
[2026-04-27 16:30:17] ds_online_acc_nohint cases_014  steps  61- 69: 23.2s  total: 155.4s  (70/100)
[2026-04-27 16:30:22] ds_online_acc cases_014  steps  51- 59: 23.5s  total: 226.1s  (60/100)
[2026-04-27 16:30:41] ds_online_acc_nohint cases_014  steps  71- 79: 23.2s  total: 178.7s  (80/100)
[2026-04-27 16:30:55] ds_online_acc cases_014  steps  61- 69: 32.7s  total: 258.7s  (70/100)
[2026-04-27 16:31:03] ds_online_acc_nohint cases_014  steps  81- 89: 21.9s  total: 200.6s  (90/100)
[2026-04-27 16:31:15] ds_online_acc cases_014  steps  71- 79: 20.8s  total: 279.6s  (80/100)
[2026-04-27 16:31:24] ds_online_acc_nohint cases_014  steps  91- 99: 21.0s  total: 221.6s  (100/100)
[2026-04-27 16:31:24] DONE ds_online_acc_nohint cases_014  total: 221.6s  (2.22s/step)
[2026-04-27 16:31:24]   tokens: 100,318 in + 4,811 out (reasoning: 0)  cost: $0.0324
[2026-04-27 16:31:24] START ds_online_acc_nohint cases_015 (100 steps, two-turn)
[2026-04-27 16:31:38] ds_online_acc cases_014  steps  81- 89: 23.0s  total: 302.6s  (90/100)
[2026-04-27 16:31:49] ds_online_acc_nohint cases_015  steps   1-  9: 24.5s  total: 24.5s  (10/100)
[2026-04-27 16:31:58] ds_online_acc cases_014  steps  91- 99: 19.4s  total: 322.0s  (100/100)
[2026-04-27 16:31:58] DONE ds_online_acc cases_014  total: 322.0s  (3.22s/step)
[2026-04-27 16:31:58]   tokens: 103,372 in + 13,462 out (reasoning: 0)  cost: $0.0427
[2026-04-27 16:31:58] START ds_online_acc cases_015 (100 steps, two-turn)
[2026-04-27 16:32:10] ds_online_acc_nohint cases_015  steps  11- 19: 21.3s  total: 45.9s  (20/100)
[2026-04-27 16:32:18] ds_online_acc cases_015  steps   1-  9: 19.9s  total: 19.9s  (10/100)
[2026-04-27 16:32:36] ds_online_acc_nohint cases_015  steps  21- 29: 25.7s  total: 71.5s  (30/100)
[2026-04-27 16:32:41] ds_online_acc cases_015  steps  11- 19: 22.7s  total: 42.6s  (20/100)
[2026-04-27 16:32:57] ds_online_acc_nohint cases_015  steps  31- 39: 21.4s  total: 93.0s  (40/100)
[2026-04-27 16:33:00] ds_online_acc cases_015  steps  21- 29: 18.8s  total: 61.4s  (30/100)
[2026-04-27 16:33:21] ds_online_acc cases_015  steps  31- 39: 21.7s  total: 83.1s  (40/100)
[2026-04-27 16:33:22] ds_online_acc_nohint cases_015  steps  41- 49: 24.9s  total: 117.8s  (50/100)
[2026-04-27 16:33:40] ds_online_acc cases_015  steps  41- 49: 18.4s  total: 101.5s  (50/100)
[2026-04-27 16:33:44] ds_online_acc_nohint cases_015  steps  51- 59: 22.1s  total: 139.9s  (60/100)
[2026-04-27 16:34:00] ds_online_acc cases_015  steps  51- 59: 20.6s  total: 122.1s  (60/100)
[2026-04-27 16:34:06] ds_online_acc_nohint cases_015  steps  61- 69: 22.3s  total: 162.2s  (70/100)
[2026-04-27 16:34:20] ds_online_acc cases_015  steps  61- 69: 20.0s  total: 142.2s  (70/100)
[2026-04-27 16:34:28] ds_online_acc_nohint cases_015  steps  71- 79: 21.7s  total: 183.9s  (80/100)
[2026-04-27 16:34:39] ds_online_acc cases_015  steps  71- 79: 18.8s  total: 161.0s  (80/100)
[2026-04-27 16:34:52] ds_online_acc_nohint cases_015  steps  81- 89: 23.8s  total: 207.7s  (90/100)
[2026-04-27 16:34:59] ds_online_acc cases_015  steps  81- 89: 20.1s  total: 181.1s  (90/100)
[2026-04-27 16:35:15] ds_online_acc_nohint cases_015  steps  91- 99: 23.3s  total: 231.0s  (100/100)
[2026-04-27 16:35:16] DONE ds_online_acc_nohint cases_015  total: 231.0s  (2.31s/step)
[2026-04-27 16:35:16]   tokens: 100,802 in + 5,020 out (reasoning: 0)  cost: $0.0327
[2026-04-27 16:35:16] START ds_online_acc_nohint cases_016 (100 steps, two-turn)
[2026-04-27 16:35:19] ds_online_acc cases_015  steps  91- 99: 20.0s  total: 201.1s  (100/100)
[2026-04-27 16:35:20] DONE ds_online_acc cases_015  total: 201.1s  (2.01s/step)
[2026-04-27 16:35:20]   tokens: 98,520 in + 2,895 out (reasoning: 0)  cost: $0.0298
[2026-04-27 16:35:20] START ds_online_acc cases_016 (100 steps, two-turn)
[2026-04-27 16:35:34] ds_online_acc_nohint cases_016  steps   1-  9: 17.9s  total: 17.9s  (10/100)
[2026-04-27 16:35:39] ds_online_acc cases_016  steps   1-  9: 19.6s  total: 19.6s  (10/100)
[2026-04-27 16:35:53] ds_online_acc_nohint cases_016  steps  11- 19: 19.8s  total: 37.7s  (20/100)
[2026-04-27 16:36:01] ds_online_acc cases_016  steps  11- 19: 21.2s  total: 40.7s  (20/100)
[2026-04-27 16:36:11] ds_online_acc_nohint cases_016  steps  21- 29: 17.5s  total: 55.2s  (30/100)
[2026-04-27 16:36:21] ds_online_acc cases_016  steps  21- 29: 20.1s  total: 60.8s  (30/100)
[2026-04-27 16:36:29] ds_online_acc_nohint cases_016  steps  31- 39: 17.8s  total: 73.0s  (40/100)
[2026-04-27 16:36:42] ds_online_acc cases_016  steps  31- 39: 21.2s  total: 82.0s  (40/100)
[2026-04-27 16:36:48] ds_online_acc_nohint cases_016  steps  41- 49: 19.4s  total: 92.4s  (50/100)
[2026-04-27 16:37:04] ds_online_acc cases_016  steps  41- 49: 22.0s  total: 104.0s  (50/100)
[2026-04-27 16:37:07] ds_online_acc_nohint cases_016  steps  51- 59: 19.0s  total: 111.4s  (60/100)
[2026-04-27 16:37:24] ds_online_acc cases_016  steps  51- 59: 20.2s  total: 124.2s  (60/100)
[2026-04-27 16:37:25] ds_online_acc_nohint cases_016  steps  61- 69: 18.4s  total: 129.9s  (70/100)
[2026-04-27 16:37:45] ds_online_acc_nohint cases_016  steps  71- 79: 19.9s  total: 149.8s  (80/100)
[2026-04-27 16:37:47] ds_online_acc cases_016  steps  61- 69: 22.9s  total: 147.1s  (70/100)
[2026-04-27 16:38:04] ds_online_acc_nohint cases_016  steps  81- 89: 18.7s  total: 168.5s  (90/100)
[2026-04-27 16:38:06] ds_online_acc cases_016  steps  71- 79: 19.5s  total: 166.6s  (80/100)
[2026-04-27 16:38:23] ds_online_acc_nohint cases_016  steps  91- 99: 19.4s  total: 187.9s  (100/100)
[2026-04-27 16:38:24] DONE ds_online_acc_nohint cases_016  total: 187.9s  (1.88s/step)
[2026-04-27 16:38:24]   tokens: 94,884 in + 2,054 out (reasoning: 0)  cost: $0.0279
[2026-04-27 16:38:24] START ds_online_acc_nohint cases_017 (100 steps, two-turn)
[2026-04-27 16:38:27] ds_online_acc cases_016  steps  81- 89: 20.8s  total: 187.3s  (90/100)
[2026-04-27 16:38:43] ds_online_acc_nohint cases_017  steps   1-  9: 19.1s  total: 19.1s  (10/100)
[2026-04-27 16:38:48] ds_online_acc cases_016  steps  91- 99: 20.4s  total: 207.7s  (100/100)
[2026-04-27 16:38:48] DONE ds_online_acc cases_016  total: 207.7s  (2.08s/step)
[2026-04-27 16:38:48]   tokens: 100,504 in + 3,888 out (reasoning: 0)  cost: $0.0314
[2026-04-27 16:38:48] START ds_online_acc cases_017 (100 steps, two-turn)
[2026-04-27 16:39:03] ds_online_acc_nohint cases_017  steps  11- 19: 20.3s  total: 39.4s  (20/100)
[2026-04-27 16:39:11] ds_online_acc cases_017  steps   1-  9: 23.4s  total: 23.4s  (10/100)
[2026-04-27 16:39:25] ds_online_acc_nohint cases_017  steps  21- 29: 21.4s  total: 60.8s  (30/100)
[2026-04-27 16:39:33] ds_online_acc cases_017  steps  11- 19: 21.7s  total: 45.1s  (20/100)
[2026-04-27 16:39:48] ds_online_acc_nohint cases_017  steps  31- 39: 23.0s  total: 83.9s  (40/100)
[2026-04-27 16:39:54] ds_online_acc cases_017  steps  21- 29: 20.4s  total: 65.5s  (30/100)
[2026-04-27 16:40:09] ds_online_acc_nohint cases_017  steps  41- 49: 21.1s  total: 104.9s  (50/100)
[2026-04-27 16:40:13] ds_online_acc cases_017  steps  31- 39: 19.8s  total: 85.3s  (40/100)
[2026-04-27 16:40:29] ds_online_acc_nohint cases_017  steps  51- 59: 20.4s  total: 125.3s  (60/100)
[2026-04-27 16:40:32] ds_online_acc cases_017  steps  41- 49: 19.1s  total: 104.4s  (50/100)
[2026-04-27 16:40:51] ds_online_acc_nohint cases_017  steps  61- 69: 21.7s  total: 147.0s  (70/100)
[2026-04-27 16:40:54] ds_online_acc cases_017  steps  51- 59: 21.7s  total: 126.1s  (60/100)
[2026-04-27 16:41:17] ds_online_acc cases_017  steps  61- 69: 22.9s  total: 149.0s  (70/100)
[2026-04-27 16:41:18] ds_online_acc_nohint cases_017  steps  71- 79: 26.9s  total: 173.8s  (80/100)
[2026-04-27 16:41:39] ds_online_acc cases_017  steps  71- 79: 21.7s  total: 170.7s  (80/100)
[2026-04-27 16:41:39] ds_online_acc_nohint cases_017  steps  81- 89: 21.2s  total: 195.0s  (90/100)
[2026-04-27 16:42:00] ds_online_acc cases_017  steps  81- 89: 21.0s  total: 191.7s  (90/100)
[2026-04-27 16:42:02] ds_online_acc_nohint cases_017  steps  91- 99: 22.7s  total: 217.7s  (100/100)
[2026-04-27 16:42:02] DONE ds_online_acc_nohint cases_017  total: 217.7s  (2.18s/step)
[2026-04-27 16:42:02]   tokens: 99,618 in + 4,483 out (reasoning: 0)  cost: $0.0318
[2026-04-27 16:42:02] START ds_online_acc_nohint cases_018 (100 steps, two-turn)
[2026-04-27 16:42:21] ds_online_acc_nohint cases_018  steps   1-  9: 19.2s  total: 19.2s  (10/100)
[2026-04-27 16:42:24] ds_online_acc cases_017  steps  91- 99: 23.8s  total: 215.6s  (100/100)
[2026-04-27 16:42:24] DONE ds_online_acc cases_017  total: 215.6s  (2.16s/step)
[2026-04-27 16:42:24]   tokens: 100,652 in + 3,937 out (reasoning: 0)  cost: $0.0315
[2026-04-27 16:42:24] START ds_online_acc cases_018 (100 steps, two-turn)
[2026-04-27 16:42:45] ds_online_acc_nohint cases_018  steps  11- 19: 23.8s  total: 43.0s  (20/100)
[2026-04-27 16:42:47] ds_online_acc cases_018  steps   1-  9: 23.2s  total: 23.2s  (10/100)
[2026-04-27 16:43:05] ds_online_acc_nohint cases_018  steps  21- 29: 19.5s  total: 62.5s  (30/100)
[2026-04-27 16:43:07] ds_online_acc cases_018  steps  11- 19: 19.8s  total: 43.0s  (20/100)
[2026-04-27 16:43:26] ds_online_acc_nohint cases_018  steps  31- 39: 21.6s  total: 84.2s  (40/100)
[2026-04-27 16:43:29] ds_online_acc cases_018  steps  21- 29: 21.8s  total: 64.8s  (30/100)
[2026-04-27 16:43:47] ds_online_acc_nohint cases_018  steps  41- 49: 20.3s  total: 104.5s  (50/100)
[2026-04-27 16:43:49] ds_online_acc cases_018  steps  31- 39: 20.4s  total: 85.1s  (40/100)
[2026-04-27 16:44:07] ds_online_acc_nohint cases_018  steps  51- 59: 20.0s  total: 124.5s  (60/100)
[2026-04-27 16:44:09] ds_online_acc cases_018  steps  41- 49: 19.4s  total: 104.6s  (50/100)
[2026-04-27 16:44:27] ds_online_acc_nohint cases_018  steps  61- 69: 20.7s  total: 145.2s  (70/100)
[2026-04-27 16:44:29] ds_online_acc cases_018  steps  51- 59: 20.7s  total: 125.3s  (60/100)
[2026-04-27 16:44:48] ds_online_acc_nohint cases_018  steps  71- 79: 20.6s  total: 165.8s  (80/100)
[2026-04-27 16:44:48] ds_online_acc cases_018  steps  61- 69: 18.9s  total: 144.2s  (70/100)
[2026-04-27 16:45:12] ds_online_acc_nohint cases_018  steps  81- 89: 24.0s  total: 189.8s  (90/100)
[2026-04-27 16:45:13] ds_online_acc cases_018  steps  71- 79: 24.5s  total: 168.7s  (80/100)
[2026-04-27 16:45:33] ds_online_acc cases_018  steps  81- 89: 20.1s  total: 188.8s  (90/100)
[2026-04-27 16:45:33] ds_online_acc_nohint cases_018  steps  91- 99: 21.2s  total: 210.9s  (100/100)
[2026-04-27 16:45:34] DONE ds_online_acc_nohint cases_018  total: 210.9s  (2.11s/step)
[2026-04-27 16:45:34]   tokens: 98,220 in + 3,775 out (reasoning: 0)  cost: $0.0307
[2026-04-27 16:45:34] START ds_online_acc_nohint cases_019 (100 steps, two-turn)
[2026-04-27 16:45:54] ds_online_acc cases_018  steps  91- 99: 20.8s  total: 209.6s  (100/100)
[2026-04-27 16:45:54] DONE ds_online_acc cases_018  total: 209.6s  (2.10s/step)
[2026-04-27 16:45:54]   tokens: 99,496 in + 3,376 out (reasoning: 0)  cost: $0.0306
[2026-04-27 16:45:54] START ds_online_acc cases_019 (100 steps, two-turn)
[2026-04-27 16:45:56] ds_online_acc_nohint cases_019  steps   1-  9: 22.4s  total: 22.4s  (10/100)
[2026-04-27 16:46:16] ds_online_acc cases_019  steps   1-  9: 21.2s  total: 21.2s  (10/100)
[2026-04-27 16:46:20] ds_online_acc_nohint cases_019  steps  11- 19: 23.8s  total: 46.3s  (20/100)
[2026-04-27 16:46:36] ds_online_acc cases_019  steps  11- 19: 20.5s  total: 41.7s  (20/100)
[2026-04-27 16:46:42] ds_online_acc_nohint cases_019  steps  21- 29: 21.8s  total: 68.0s  (30/100)
[2026-04-27 16:46:55] ds_online_acc cases_019  steps  21- 29: 19.1s  total: 60.8s  (30/100)
[2026-04-27 16:47:04] ds_online_acc_nohint cases_019  steps  31- 39: 22.8s  total: 90.9s  (40/100)
[2026-04-27 16:47:16] ds_online_acc cases_019  steps  31- 39: 21.0s  total: 81.8s  (40/100)
[2026-04-27 16:47:27] ds_online_acc_nohint cases_019  steps  41- 49: 22.6s  total: 113.5s  (50/100)
[2026-04-27 16:47:35] ds_online_acc cases_019  steps  41- 49: 19.2s  total: 101.0s  (50/100)
[2026-04-27 16:47:50] ds_online_acc_nohint cases_019  steps  51- 59: 23.3s  total: 136.8s  (60/100)
[2026-04-27 16:47:57] ds_online_acc cases_019  steps  51- 59: 21.5s  total: 122.5s  (60/100)
[2026-04-27 16:48:12] ds_online_acc_nohint cases_019  steps  61- 69: 21.9s  total: 158.7s  (70/100)
[2026-04-27 16:48:17] ds_online_acc cases_019  steps  61- 69: 20.1s  total: 142.7s  (70/100)
[2026-04-27 16:48:33] ds_online_acc_nohint cases_019  steps  71- 79: 21.0s  total: 179.6s  (80/100)
[2026-04-27 16:48:37] ds_online_acc cases_019  steps  71- 79: 20.0s  total: 162.7s  (80/100)
[2026-04-27 16:48:57] ds_online_acc_nohint cases_019  steps  81- 89: 23.7s  total: 203.4s  (90/100)
[2026-04-27 16:48:58] ds_online_acc cases_019  steps  81- 89: 21.1s  total: 183.8s  (90/100)
[2026-04-27 16:49:18] ds_online_acc cases_019  steps  91- 99: 20.3s  total: 204.0s  (100/100)
[2026-04-27 16:49:19] DONE ds_online_acc cases_019  total: 204.0s  (2.04s/step)
[2026-04-27 16:49:19]   tokens: 98,894 in + 3,092 out (reasoning: 0)  cost: $0.0301
[2026-04-27 16:49:20] ds_online_acc_nohint cases_019  steps  91- 99: 23.4s  total: 226.8s  (100/100)
[2026-04-27 16:49:21] DONE ds_online_acc_nohint cases_019  total: 226.8s  (2.27s/step)
[2026-04-27 16:49:21]   tokens: 101,450 in + 5,304 out (reasoning: 0)  cost: $0.0332
